NR_ZONA,NR_LOCAL_VOTACAO,NM_LOCAL_VOTACAO,DS_LOCAL_VOTACAO_ENDERECO,NM_BAIRRO,NR_LATITUDE,NR_LONGITUDE,ID_BAIRRO,FL_TRANSITO,QT_ELEITORES,QT_VOTOS_TOTAL,QT_VOTOS_BRANCOS,QT_VOTOS_NULOS,QT_VOTOS_ANULADOS,LEG_10,LEG_11,LEG_12,LEG_13,LEG_14,LEG_15,LEG_18,LEG_20,LEG_22,LEG_23,LEG_25,LEG_29,LEG_30,LEG_35,LEG_40,LEG_43,LEG_44,LEG_45,LEG_50,LEG_55,LEG_65,LEG_77,LEG_80,CAND_1000,CAND_1001,CAND_1004,CAND_1007,CAND_1010,CAND_1011,CAND_1020,CAND_1022,CAND_1023,CAND_1025,CAND_1026,CAND_1033,CAND_1043,CAND_1044,CAND_1045,CAND_1051,CAND_1055,CAND_1060,CAND_1066,CAND_1077,CAND_1080,CAND_1088,CAND_1099,CAND_1100,CAND_1101,CAND_1103,CAND_1110,CAND_1111,CAND_1120,CAND_1121,CAND_1122,CAND_1123,CAND_1133,CAND_1144,CAND_1151,CAND_1155,CAND_1177,CAND_1190,CAND_1199,CAND_1200,CAND_1201,CAND_1207,CAND_1208,CAND_1210,CAND_1211,CAND_1212,CAND_1213,CAND_1219,CAND_1220,CAND_1221,CAND_1222,CAND_1223,CAND_1225,CAND_1226,CAND_1230,CAND_1231,CAND_1233,CAND_1234,CAND_1236,CAND_1244,CAND_1251,CAND_1255,CAND_1256,CAND_1266,CAND_1269,CAND_1274,CAND_1277,CAND_1288,CAND_1290,CAND_1299,CAND_1300,CAND_1303,CAND_1310,CAND_1311,CAND_1312,CAND_1313,CAND_1315,CAND_1321,CAND_1322,CAND_1323,CAND_1324,CAND_1326,CAND_1330,CAND_1331,CAND_1333,CAND_1340,CAND_1341,CAND_1345,CAND_1363,CAND_1365,CAND_1367,CAND_1399,CAND_1400,CAND_1401,CAND_1404,CAND_1406,CAND_1407,CAND_1410,CAND_1411,CAND_1412,CAND_1414,CAND_1415,CAND_1416,CAND_1419,CAND_1420,CAND_1422,CAND_1426,CAND_1430,CAND_1438,CAND_1439,CAND_1441,CAND_1442,CAND_1443,CAND_1444,CAND_1445,CAND_1446,CAND_1450,CAND_1456,CAND_1457,CAND_1477,CAND_1489,CAND_1497,CAND_1499,CAND_1500,CAND_1501,CAND_1505,CAND_1506,CAND_1511,CAND_1512,CAND_1515,CAND_1516,CAND_1517,CAND_1519,CAND_1520,CAND_1522,CAND_1523,CAND_1525,CAND_1526,CAND_1530,CAND_1533,CAND_1540,CAND_1543,CAND_1545,CAND_1550,CAND_1551,CAND_1555,CAND_1566,CAND_1567,CAND_1570,CAND_1577,CAND_1588,CAND_1590,CAND_1599,CAND_1800,CAND_1810,CAND_1813,CAND_1819,CAND_1822,CAND_1890,CAND_2000,CAND_2001,CAND_2002,CAND_2007,CAND_2008,CAND_2009,CAND_2010,CAND_2011,CAND_2012,CAND_2018,CAND_2020,CAND_2021,CAND_2022,CAND_2025,CAND_2026,CAND_2027,CAND_2030,CAND_2033,CAND_2038,CAND_2050,CAND_2055,CAND_2060,CAND_2070,CAND_2077,CAND_2080,CAND_2088,CAND_2090,CAND_2098,CAND_2099,CAND_2200,CAND_2202,CAND_2207,CAND_2208,CAND_2210,CAND_2211,CAND_2212,CAND_2216,CAND_2217,CAND_2219,CAND_2220,CAND_2221,CAND_2222,CAND_2223,CAND_2225,CAND_2226,CAND_2233,CAND_2234,CAND_2240,CAND_2242,CAND_2244,CAND_2251,CAND_2255,CAND_2262,CAND_2266,CAND_2267,CAND_2277,CAND_2288,CAND_2290,CAND_2294,CAND_2299,CAND_2300,CAND_2301,CAND_2303,CAND_2311,CAND_2322,CAND_2323,CAND_2333,CAND_2343,CAND_2345,CAND_2369,CAND_2399,CAND_2500,CAND_2502,CAND_2511,CAND_2522,CAND_2526,CAND_2530,CAND_2533,CAND_2559,CAND_2577,CAND_2929,CAND_2999,CAND_3000,CAND_3001,CAND_3002,CAND_3003,CAND_3004,CAND_3005,CAND_3007,CAND_3009,CAND_3010,CAND_3011,CAND_3012,CAND_3020,CAND_3022,CAND_3023,CAND_3026,CAND_3030,CAND_3033,CAND_3035,CAND_3040,CAND_3041,CAND_3043,CAND_3044,CAND_3050,CAND_3051,CAND_3055,CAND_3060,CAND_3069,CAND_3070,CAND_3074,CAND_3080,CAND_3090,CAND_3500,CAND_3507,CAND_3522,CAND_3525,CAND_3535,CAND_3560,CAND_3590,CAND_3593,CAND_4000,CAND_4001,CAND_4002,CAND_4004,CAND_4008,CAND_4010,CAND_4011,CAND_4012,CAND_4015,CAND_4020,CAND_4022,CAND_4023,CAND_4025,CAND_4030,CAND_4033,CAND_4035,CAND_4040,CAND_4041,CAND_4042,CAND_4043,CAND_4044,CAND_4045,CAND_4050,CAND_4055,CAND_4060,CAND_4066,CAND_4070,CAND_4077,CAND_4080,CAND_4088,CAND_4099,CAND_4300,CAND_4343,CAND_4400,CAND_4401,CAND_4411,CAND_4412,CAND_4422,CAND_4433,CAND_4440,CAND_4444,CAND_4450,CAND_4456,CAND_4467,CAND_4477,CAND_4488,CAND_4500,CAND_4501,CAND_4505,CAND_4510,CAND_4512,CAND_4515,CAND_4518,CAND_4522,CAND_4523,CAND_4525,CAND_4533,CAND_4540,CAND_4544,CAND_4545,CAND_4554,CAND_4555,CAND_4566,CAND_4567,CAND_4578,CAND_4588,CAND_5000,CAND_5005,CAND_5007,CAND_5010,CAND_5015,CAND_5022,CAND_5044,CAND_5047,CAND_5050,CAND_5055,CAND_5060,CAND_5064,CAND_5077,CAND_5500,CAND_5501,CAND_5503,CAND_5505,CAND_5506,CAND_5508,CAND_5510,CAND_5511,CAND_5512,CAND_5514,CAND_5515,CAND_5516,CAND_5520,CAND_5521,CAND_5522,CAND_5523,CAND_5525,CAND_5530,CAND_5533,CAND_5544,CAND_5550,CAND_5555,CAND_5556,CAND_5563,CAND_5567,CAND_5569,CAND_5575,CAND_5580,CAND_5588,CAND_5590,CAND_5599,CAND_6500,CAND_6565,CAND_7700,CAND_7704,CAND_7707,CAND_7708,CAND_7710,CAND_7722,CAND_7733,CAND_7755,CAND_7766,CAND_7777,CAND_7788,CAND_8000,CAND_8080
1,1244,COLEGIO ESTADUAL ANGELO TREVISAN,R CARLOS RAZERA   445,VISTA ALEGRE,-25.41149479,-49.29358008,31,0,5026,4029,165,130,0,5,2,3,37,3,0,1,2,30,0,0,0,33,0,0,1,2,0,1,7,2,0,1,35,1,0,1,33,39,16,5,22,1,0,0,0,0,0,1,0,1,4,5,1,1,0,1,0,12,0,8,0,1,0,5,0,2,10,3,0,4,4,0,1,0,0,0,0,47,1,0,1,1,0,1,0,1,1,4,1,53,1,0,0,0,0,0,0,0,0,3,0,0,13,3,13,0,5,192,0,0,10,4,8,3,24,74,153,0,0,2,164,0,0,2,6,1,1,12,0,0,0,0,54,1,0,2,0,0,1,0,0,0,1,4,1,0,0,0,0,2,0,0,0,0,0,25,0,1,0,10,5,49,0,0,0,2,1,1,0,0,42,0,0,3,0,0,0,0,0,1,1,0,2,0,2,0,0,0,0,0,0,25,3,1,38,0,0,0,2,0,0,110,1,37,0,5,19,0,0,15,2,0,0,0,4,0,0,0,0,0,4,27,0,0,39,41,3,1,41,11,0,2,115,0,1,1,8,0,4,0,36,0,6,0,1,0,71,0,90,0,0,1,1,0,0,1,0,0,0,0,0,0,0,0,0,0,0,1,0,2,0,0,1,444,0,4,63,0,0,0,7,0,8,0,67,2,0,0,382,13,1,0,9,6,1,9,0,0,9,0,0,10,0,0,0,0,0,0,0,0,0,0,25,0,0,0,0,1,7,0,0,0,0,0,0,4,0,1,47,0,0,0,8,0,0,0,0,0,2,0,0,0,0,2,1,2,1,2,4,1,8,0,117,0,1,0,1,18,3,6,4,1,1,0,0,0,2,1,0,0,3,44,0,1,4,0,0,0,1,9,0,0,2,0,0,0,1,0,0,0,0,30,88,0,0,0,3,0,4,1,0,8,0,4,0,5,2,0,0,3,0,6,8,0,1,8,0,0,31,0,1,0,1,12,0,0,2,0,2,0,0,1,2,5,0,1,0
1,1252,ESCOLA ESTADUAL DONA CAROLA,R SOLIMOES  290,SÃO FRANCISCO,-25.41958047,-49.27991765,2,0,1659,1317,43,39,0,1,0,1,15,2,0,0,0,14,0,0,0,7,0,1,0,1,0,2,2,0,0,0,14,0,0,0,6,13,2,3,1,0,0,1,0,0,0,0,0,0,1,0,1,0,0,1,0,2,1,1,0,0,0,1,0,0,7,0,0,2,3,0,0,0,2,0,0,34,2,0,0,0,0,0,0,0,0,0,0,36,0,0,0,0,0,0,0,0,0,0,0,0,3,0,0,0,1,67,0,0,11,3,3,0,8,31,59,1,0,2,62,0,0,0,3,2,0,0,0,0,0,0,8,2,0,0,0,0,0,0,0,2,0,0,0,1,0,0,0,1,0,0,0,0,0,8,1,0,0,9,0,6,1,0,0,2,0,0,0,0,14,0,0,0,0,0,0,0,0,0,0,0,0,0,0,0,0,0,0,0,0,11,0,0,17,0,1,1,0,0,0,38,1,3,0,0,10,0,0,4,0,0,0,0,2,0,0,0,0,0,1,9,0,1,20,16,2,0,16,3,0,0,33,0,0,0,5,0,0,1,6,0,2,0,0,0,18,0,32,0,0,2,2,0,0,0,0,0,1,0,0,0,0,0,0,0,0,0,0,2,0,0,0,147,0,0,11,0,0,0,1,0,0,0,42,0,0,0,110,1,0,0,3,0,0,5,0,0,0,0,0,1,0,0,0,0,0,0,0,0,0,0,3,0,1,0,0,1,0,0,0,0,0,2,0,4,0,0,9,0,3,0,4,0,0,0,0,0,0,0,0,0,0,1,1,0,0,0,5,0,0,0,37,0,0,0,0,8,0,1,1,2,0,0,0,0,2,1,0,0,0,13,0,1,0,0,0,0,0,0,0,0,0,0,0,0,0,1,0,0,0,6,20,0,0,0,4,0,1,0,1,0,0,4,0,3,0,0,0,0,0,0,2,0,2,3,1,0,7,0,0,0,0,5,0,0,0,0,0,0,0,2,0,0,0,1,0
1,1260,ESCOLA MUNICIPAL MIRAZINHA BRAGA,R CORONEL JOAO GUILHERME GUIMARAES 1500,BOM RETIRO,-25.40885668,-49.28136751,13,0,2089,1734,47,61,0,3,0,1,21,5,0,1,0,18,0,0,0,8,0,0,2,1,0,3,1,0,1,1,12,0,0,0,13,15,0,0,3,0,0,0,0,0,0,0,0,0,1,9,0,0,0,1,0,7,1,4,0,2,0,2,0,0,5,1,0,1,0,0,0,0,0,0,0,22,0,0,2,0,1,2,0,0,0,0,0,31,0,0,0,0,0,0,0,0,0,0,1,0,7,2,5,1,0,78,0,0,4,0,2,4,6,34,71,1,0,0,95,0,0,0,8,1,1,0,0,0,0,0,13,2,0,2,0,0,0,0,1,0,0,0,0,1,0,0,0,0,0,1,0,0,0,7,0,0,0,9,3,13,1,0,0,0,0,0,0,0,15,0,0,0,0,0,0,0,0,0,0,0,0,0,1,0,0,0,0,0,0,10,1,0,18,0,0,0,0,2,0,45,0,11,0,1,6,0,0,6,0,0,0,0,3,0,0,0,0,0,1,8,0,0,24,22,1,0,18,2,0,0,56,0,0,0,2,0,0,0,8,0,6,0,0,1,31,0,31,0,0,5,0,0,0,0,0,0,0,0,0,0,0,0,0,0,0,1,1,6,0,2,1,198,0,0,19,0,1,0,1,0,2,0,56,3,0,0,140,0,0,0,1,1,0,8,0,0,4,1,0,2,0,1,0,0,0,0,4,0,0,0,7,0,0,0,0,1,3,1,0,0,0,0,0,0,0,0,17,0,1,0,6,0,0,0,0,0,0,2,0,0,0,3,4,2,2,0,4,1,1,0,44,0,0,0,0,13,0,3,2,1,0,0,3,0,0,0,0,0,0,20,0,0,0,0,0,0,0,4,0,0,1,0,0,1,0,0,0,0,0,13,39,0,1,0,0,0,3,0,0,0,0,1,0,3,1,0,0,0,0,5,4,0,4,10,0,0,21,0,0,0,0,7,0,0,0,0,0,0,0,2,1,0,0,1,0
1,1279,ESCOLA MUNICIPAL NYMPHA MARIA DA ROCHA PEPLOW,R BATISTA PESSINE 1029,VISTA ALEGRE,-25.41214346,-49.30378369,31,0,1508,1230,57,28,0,2,1,1,9,0,1,0,0,5,0,0,0,3,0,1,0,0,1,1,2,1,0,0,5,0,0,0,29,12,1,0,10,0,0,1,0,0,0,0,0,1,2,0,0,0,0,0,0,4,1,5,1,0,1,6,0,0,2,0,0,2,1,0,1,0,0,0,0,21,1,0,2,0,0,1,0,0,0,1,0,14,0,0,0,0,0,0,0,0,0,0,0,0,6,0,5,0,3,51,0,0,4,1,0,1,2,19,48,0,0,1,43,0,0,0,5,0,0,12,0,0,0,0,7,1,0,1,0,0,0,0,0,0,0,0,0,0,0,0,0,8,0,1,0,0,0,16,0,0,0,1,1,11,0,1,0,0,0,0,0,0,7,0,0,0,0,0,0,0,0,0,0,0,0,0,0,0,0,0,0,0,0,6,1,0,9,0,0,0,0,0,0,53,0,5,0,0,3,1,0,2,0,0,0,0,1,0,0,0,0,0,2,8,0,0,5,19,1,0,10,6,1,0,23,2,0,0,1,0,0,1,15,0,0,0,0,0,21,0,31,0,0,1,0,0,0,0,0,0,0,0,0,0,0,0,0,0,0,0,0,3,0,0,0,136,0,1,19,1,0,0,3,0,1,0,38,0,0,0,120,3,0,0,2,1,0,4,0,0,0,0,0,3,0,0,0,0,0,0,0,0,0,0,10,0,0,0,0,1,0,0,0,0,0,0,0,1,0,0,26,0,0,0,0,0,0,0,0,1,0,0,0,0,0,0,2,2,2,0,0,1,0,0,31,0,0,0,0,2,1,1,1,0,0,0,0,0,4,0,0,1,3,9,0,2,0,0,0,0,0,0,0,0,0,0,0,0,0,0,0,0,0,8,29,0,0,0,9,0,0,1,0,2,0,1,0,1,0,0,0,0,0,1,3,1,0,1,1,0,5,0,2,0,1,2,0,0,0,0,0,0,0,0,0,4,0,0,0
1,1317,COLÉGIO ADVENTISTA BOM RETIRO (PARTICULAR),R LYSIMACO FERREIRA DA COSTA 980,BOM RETIRO,-25.41612053,-49.27517221,13,0,3789,2978,94,72,0,0,2,3,38,4,0,1,0,23,2,1,0,19,0,0,0,0,0,2,6,0,0,0,24,0,0,0,12,20,5,10,14,0,1,2,0,0,0,1,0,0,1,4,0,0,0,0,1,12,0,5,3,0,1,2,0,0,4,2,0,1,6,0,0,0,5,0,1,45,1,0,0,1,0,1,0,0,2,1,0,45,1,0,0,0,0,1,0,0,2,0,0,0,18,4,7,1,1,158,0,0,13,3,6,1,10,67,135,2,0,2,160,1,2,2,5,1,3,0,0,0,2,0,30,0,0,0,0,0,1,0,0,1,0,0,0,3,0,0,0,0,0,1,0,0,0,28,0,0,1,16,5,27,0,0,0,4,0,0,0,1,45,0,0,0,0,0,0,1,0,0,2,0,0,0,0,0,0,0,0,0,0,17,0,0,21,0,0,0,0,1,0,82,0,16,0,0,14,1,0,3,0,0,0,0,0,0,0,0,0,0,3,16,0,1,35,34,2,0,26,6,4,1,60,0,0,1,10,0,1,1,25,0,8,0,0,0,39,1,68,0,0,3,1,0,1,0,0,0,0,0,0,1,1,0,0,0,0,0,0,1,0,0,0,377,0,0,54,0,0,0,6,0,5,0,56,0,0,0,272,2,1,0,2,3,0,10,0,1,2,1,0,5,0,0,0,0,0,0,0,0,0,0,16,0,0,0,0,2,1,1,0,0,0,3,0,5,1,3,29,0,6,0,6,0,0,1,0,1,2,0,0,0,0,1,4,2,0,0,6,2,8,0,91,0,0,0,0,6,6,0,5,5,0,0,0,0,2,2,0,0,0,5,0,1,0,0,0,0,1,7,0,0,0,0,0,0,0,1,1,0,0,23,66,0,0,0,0,1,2,1,0,1,1,2,0,4,0,0,0,4,0,5,3,0,3,9,0,0,25,0,0,2,0,11,0,0,0,0,0,0,0,0,0,2,0,4,0
1,1325,COLÉGIO CATÓLICA DE CURITIBA,NILO PECANHA  1635,BOM RETIRO,-25.406049,-49.2759618,13,0,4517,3644,101,81,0,5,1,6,29,8,1,0,0,28,1,0,0,15,0,1,3,1,2,3,2,0,0,1,27,0,0,0,12,33,2,7,19,0,0,0,0,0,0,0,0,1,1,16,0,0,0,3,0,12,1,10,0,1,2,5,1,0,10,3,1,5,12,2,0,0,5,0,0,56,0,1,3,0,0,0,0,1,1,1,0,70,1,0,0,0,0,1,0,0,0,0,0,0,18,2,9,1,0,171,0,0,9,2,4,1,8,78,153,1,0,2,189,0,3,1,10,0,2,0,0,0,0,0,38,3,0,4,0,0,0,0,0,3,0,0,0,1,0,0,0,0,0,1,0,0,0,30,1,2,0,19,6,42,0,1,0,1,0,0,0,0,46,0,0,0,0,2,0,0,0,0,0,0,0,0,1,0,0,0,0,0,0,16,1,0,35,0,0,0,1,1,0,88,1,19,0,0,26,0,0,22,0,0,0,0,5,0,0,1,0,1,13,17,4,0,56,48,0,1,49,11,1,0,105,1,5,0,4,0,0,2,12,0,2,0,0,0,38,0,70,0,0,5,2,0,0,0,0,0,0,0,0,1,0,0,0,0,0,0,1,3,0,0,0,446,0,0,70,1,0,0,4,10,4,0,106,3,0,0,332,4,0,0,4,3,0,8,0,0,4,0,0,13,0,1,0,0,0,0,0,0,0,0,35,0,0,0,0,2,2,0,0,0,0,0,0,5,0,0,34,0,6,0,6,0,0,0,0,1,0,0,0,0,0,2,10,6,2,0,8,3,11,0,79,0,0,0,0,13,3,7,3,2,0,0,0,0,0,0,1,0,3,22,0,0,0,0,0,0,0,9,0,0,2,0,0,0,0,0,0,0,0,20,88,0,0,0,0,1,3,1,0,7,0,9,0,10,8,0,0,2,0,9,2,0,0,10,0,0,20,0,0,2,0,7,0,0,0,0,0,0,0,1,1,4,0,1,0
1,1422,COLEGIO ESTADUAL BENTO MUNHOZ DA ROCHA NETO,R ELVIRA B POLAK  67,PILARZINHO,-25.39678581,-49.28933367,32,0,3939,3114,167,112,0,1,0,5,25,7,0,0,0,15,0,0,0,10,1,1,0,0,0,4,3,0,0,0,20,0,1,0,40,54,5,11,9,0,0,3,0,0,1,0,0,1,1,8,1,4,0,5,0,6,1,7,1,0,1,2,4,0,9,3,0,10,1,1,1,0,3,0,1,53,0,0,5,0,3,0,0,0,1,1,0,34,0,0,0,0,0,1,0,0,0,0,0,0,5,0,8,0,2,177,1,0,9,1,5,3,19,57,140,0,1,2,142,0,0,0,9,0,5,2,0,0,1,0,34,1,0,7,0,1,0,0,0,3,1,0,0,3,0,0,0,3,0,0,0,0,0,38,0,0,1,6,11,18,0,0,0,0,1,0,0,0,26,0,0,1,0,2,0,0,1,0,1,0,0,0,2,0,0,0,0,0,0,20,1,2,32,0,3,0,1,1,0,162,0,33,0,3,16,0,1,9,1,1,0,0,5,0,0,0,0,0,6,23,0,0,24,36,7,2,14,9,1,0,78,0,4,0,8,0,0,1,28,0,6,0,0,0,60,0,85,1,0,0,0,0,0,2,0,0,0,1,0,0,0,0,0,0,0,0,0,15,0,0,0,259,0,0,20,0,0,0,1,1,4,0,43,0,0,0,209,1,0,0,1,0,0,3,0,0,0,1,0,1,0,3,0,0,0,0,0,0,0,0,23,0,0,1,0,1,0,2,1,0,0,4,0,2,0,5,18,0,3,0,11,0,1,0,0,0,0,0,0,0,0,3,10,3,1,0,8,0,3,0,147,0,0,0,2,13,1,0,3,0,0,1,1,0,0,0,0,0,2,25,0,0,0,0,0,0,0,3,0,1,0,0,0,2,1,0,0,0,0,13,44,0,0,0,5,0,2,0,0,6,0,2,0,6,5,0,0,2,0,2,7,0,2,1,0,0,28,0,4,2,0,7,0,0,0,0,0,0,0,2,0,7,0,2,0
1,1430,ESCOLA MUNICIPAL HERLEY MEHL,RUA SATURNINO ARRUDA DOS SANTOS 80,PILARZINHO,-25.38869683,-49.28458932,32,0,4599,3692,222,165,0,4,2,5,33,6,2,0,1,42,0,2,1,13,0,0,0,3,0,6,10,1,0,0,22,0,0,0,38,83,8,15,22,0,0,3,0,0,0,0,0,0,4,3,0,1,0,0,1,8,1,19,1,1,0,3,0,0,7,1,1,9,8,6,1,1,1,0,0,64,1,1,2,0,1,1,0,1,0,2,2,30,0,0,0,0,0,0,0,0,0,0,0,1,16,4,10,0,5,197,0,0,12,3,3,4,23,74,156,0,0,2,113,0,3,4,15,0,1,5,1,0,2,0,30,2,0,14,0,1,1,0,0,9,0,0,0,3,0,0,0,1,0,0,0,0,0,25,1,1,0,5,10,26,0,3,0,7,0,0,1,0,52,0,0,0,0,2,0,0,0,0,0,1,2,0,8,0,1,0,2,0,0,31,0,0,25,1,0,0,0,1,1,166,1,24,0,7,5,1,1,12,0,0,0,0,6,0,1,0,0,0,6,19,0,0,28,43,5,1,20,6,1,2,93,0,2,0,11,0,1,0,42,0,8,0,0,0,83,2,88,1,0,2,0,0,0,0,0,1,0,0,0,0,0,0,0,0,0,0,0,15,0,0,0,325,0,0,29,1,0,0,5,1,5,0,46,3,0,0,230,7,0,0,0,1,0,3,0,0,1,0,0,3,0,1,0,0,0,0,0,0,1,0,23,0,1,0,0,5,0,0,11,0,1,0,0,4,0,7,33,2,2,0,21,1,0,0,0,0,1,0,0,0,0,0,7,5,4,0,13,1,8,0,118,0,1,0,0,10,2,1,0,0,0,0,0,0,0,6,0,0,1,26,0,0,0,0,0,0,0,1,0,0,0,0,1,0,1,0,0,0,0,24,55,0,0,0,0,2,4,1,0,4,0,2,0,5,3,0,1,4,0,0,9,0,0,7,4,0,42,0,4,1,0,8,0,0,0,1,1,0,0,1,0,10,1,2,0
1,1457,ESCOLA ESTADUAL PROFESSORA MARIA HELOISA CASSELI,RUA CATHARINA POTINA DE MAURO 80,PILARZINHO,-25.39274258,-49.30096661,32,0,2081,1678,95,58,0,4,2,1,11,4,2,0,0,21,2,0,0,4,1,0,0,1,0,0,5,1,0,1,9,0,0,0,24,43,5,20,8,0,0,0,0,0,0,1,0,1,2,2,0,0,0,2,0,2,0,1,0,1,0,1,3,1,6,1,0,5,1,0,0,0,2,0,0,32,0,0,0,0,0,0,0,0,0,1,0,7,0,0,0,0,1,0,0,0,0,0,0,0,5,1,4,0,0,68,0,0,5,3,0,0,7,37,68,0,0,0,47,0,0,3,2,0,1,0,0,0,0,0,13,0,0,0,0,0,1,0,0,0,0,0,0,1,0,0,1,1,0,0,0,0,0,21,0,1,0,2,7,5,0,1,0,0,0,0,0,0,22,0,0,0,0,0,0,1,0,0,1,0,0,0,1,0,1,0,0,0,0,7,0,0,14,0,0,0,1,0,0,102,0,19,2,3,7,0,0,8,0,0,0,0,4,0,0,0,0,0,3,11,0,0,0,11,1,2,9,3,0,1,34,1,1,0,1,1,0,0,28,1,0,0,0,0,48,0,39,0,0,0,0,0,0,0,0,0,1,1,0,0,0,0,0,0,0,2,0,15,0,0,0,160,0,0,7,0,0,0,1,0,2,0,35,2,0,0,123,4,0,0,2,0,0,0,0,0,0,0,0,3,0,1,0,0,0,0,1,0,0,0,8,0,0,0,0,4,0,4,0,0,0,0,0,1,0,0,14,0,0,0,9,0,0,0,0,0,0,0,0,0,0,1,2,6,0,0,1,0,2,0,68,0,1,0,4,7,1,1,0,0,0,0,0,0,0,1,1,0,0,15,1,0,0,0,0,0,0,2,0,0,1,0,0,0,0,0,0,0,0,2,24,0,0,0,6,1,2,2,0,1,0,1,0,2,1,0,0,1,0,0,2,0,0,5,0,0,7,0,0,0,0,2,0,0,0,0,0,0,0,10,0,5,0,1,0
1,1465,ESCOLA MUNICIPAL PILARZINHO,R ANTÔNIO PETRUZZIELLO 85,PILARZINHO,-25.38910219,-49.29454348,32,0,2223,1739,150,80,0,7,1,2,35,1,1,0,1,21,2,0,0,4,1,0,0,1,1,1,4,0,0,0,11,0,0,0,40,11,1,18,15,0,0,0,0,0,0,1,0,0,2,2,0,1,1,0,0,5,2,6,0,0,0,1,0,0,3,3,0,6,1,2,0,0,0,0,0,22,0,0,2,0,0,0,0,0,0,0,1,9,0,0,0,0,0,0,0,0,0,0,0,0,10,0,7,1,1,92,0,0,9,0,3,2,11,29,75,4,0,3,42,0,2,5,4,0,0,1,0,0,0,0,6,0,0,0,0,0,0,0,0,0,0,1,0,4,0,0,2,0,0,0,0,0,0,14,0,1,0,0,4,8,0,0,0,1,0,0,0,0,15,0,0,0,0,0,0,2,0,0,0,0,0,0,0,0,0,0,0,0,0,8,0,1,14,0,1,0,0,0,1,104,0,16,0,3,7,0,0,4,0,0,0,0,0,0,0,0,0,0,3,14,0,0,6,20,4,0,12,4,0,0,33,0,1,1,9,0,0,0,18,0,0,0,0,0,63,2,56,1,0,0,0,0,0,0,0,0,0,0,0,0,0,0,0,0,0,0,0,3,0,0,0,133,0,0,8,0,0,0,1,0,1,0,12,1,0,0,113,3,0,0,0,0,0,1,0,0,0,0,0,0,0,2,0,0,0,0,0,0,0,0,0,0,0,0,0,1,1,0,1,0,0,0,1,0,0,2,17,0,0,0,6,1,0,0,0,0,0,0,0,0,0,0,2,2,0,0,8,0,0,0,69,0,0,0,0,5,2,2,0,1,0,0,0,0,0,1,0,0,0,14,1,0,0,0,0,0,0,0,0,1,1,0,0,0,0,0,0,0,0,5,22,0,0,0,1,0,0,0,0,2,0,2,0,1,1,0,0,0,0,0,1,0,0,1,0,0,23,0,2,0,0,5,0,0,0,0,1,0,0,1,0,9,0,1,0
1,1716,ESCOLA MUNICIPAL ANA HELLA,RUA JOSE HELLA  93,VISTA ALEGRE,-25.39926059,-49.29778979,31,0,1749,1449,75,42,0,3,0,4,13,0,1,0,0,8,0,0,1,5,0,0,0,1,0,0,3,0,0,0,17,0,0,0,12,20,6,3,7,0,1,0,0,0,0,3,0,0,4,2,0,0,0,0,0,3,0,1,1,2,0,2,0,0,4,2,0,3,0,0,0,0,1,0,0,14,0,1,1,0,1,0,0,0,0,2,1,14,0,0,0,0,0,1,0,0,0,0,0,0,1,2,1,1,1,62,0,0,4,3,7,0,4,23,62,0,0,0,49,0,0,0,2,0,0,0,0,0,1,0,13,2,0,1,0,0,0,1,0,1,1,0,0,1,0,0,1,0,0,0,0,0,0,4,0,0,0,0,0,5,0,0,0,1,0,2,0,0,17,0,0,0,0,0,0,0,0,0,0,0,0,0,1,0,0,0,0,0,0,16,0,1,18,0,0,0,0,0,0,73,0,23,0,4,0,0,0,2,0,1,0,0,1,0,0,0,0,0,2,10,1,0,17,11,3,0,12,2,0,1,41,3,0,0,6,0,0,1,12,0,0,0,0,0,36,0,46,0,0,1,0,0,0,0,0,0,0,0,0,0,0,0,0,0,0,0,0,9,0,0,0,127,0,1,15,0,1,0,1,0,4,1,40,1,1,0,146,2,0,0,0,0,0,3,0,1,0,0,0,0,0,0,0,0,0,0,0,0,0,0,7,0,0,0,0,1,0,1,0,0,0,2,0,0,0,0,27,0,0,0,1,0,0,0,0,0,0,0,0,0,0,0,1,5,0,0,4,2,2,0,51,0,0,0,0,3,0,2,0,0,0,0,0,0,0,2,0,0,0,10,0,0,0,0,0,0,0,1,0,0,0,0,0,0,0,0,0,0,0,3,24,0,0,0,2,0,5,0,0,1,0,2,0,0,2,0,0,0,0,6,4,1,1,7,0,0,10,0,1,0,0,1,0,0,0,0,0,0,0,0,0,0,0,1,0
1,1732,ESCOLA MUNICIPAL CEI PROFESSOR LAURO ESMANHOTO,RUA AFFONSO BARONI  175,PILARZINHO,-25.38022836,-49.29552678,32,0,2111,1721,105,54,0,0,1,8,13,0,3,0,1,17,0,0,0,6,0,0,1,0,0,1,4,0,0,0,6,0,0,0,33,40,2,12,5,0,0,0,0,0,1,0,0,0,0,0,0,0,0,0,0,2,0,2,1,2,0,1,0,0,3,2,0,8,1,1,0,0,0,0,0,28,1,1,1,0,2,0,0,0,0,0,1,7,0,0,0,0,0,0,0,0,0,0,0,0,10,1,12,2,0,104,0,0,3,1,1,0,15,28,98,1,0,0,58,0,0,0,6,0,0,1,0,0,0,0,10,0,0,3,0,0,0,0,0,1,0,0,0,0,0,0,0,0,0,0,0,0,0,14,1,0,0,2,2,5,0,2,0,0,0,1,0,0,23,0,0,0,0,0,0,0,0,0,1,0,0,0,0,0,0,0,0,0,0,11,0,0,17,0,0,0,0,1,0,89,0,9,0,1,4,0,1,6,0,1,0,0,2,0,0,0,0,0,2,11,1,0,4,7,4,0,1,2,0,0,34,0,2,0,8,0,2,0,17,0,0,0,0,0,60,1,41,0,1,0,0,1,0,0,0,0,0,0,0,0,0,0,0,0,0,0,0,3,1,0,0,145,0,0,12,2,0,0,0,1,1,0,19,0,0,0,109,0,0,0,4,5,0,2,0,0,0,0,0,1,0,1,0,0,0,0,0,0,0,0,16,0,0,0,0,3,0,3,6,0,0,0,0,0,0,0,12,0,0,0,26,0,0,0,0,0,2,0,0,0,0,0,3,6,1,0,8,5,2,2,78,0,0,0,2,0,0,4,0,1,0,0,0,0,0,2,0,0,0,12,0,0,0,0,1,0,0,0,0,0,0,0,0,0,0,0,0,0,0,3,29,0,0,0,1,0,4,2,0,1,5,1,0,0,2,0,0,1,0,0,4,0,2,0,0,0,20,0,0,0,1,10,0,0,0,0,0,0,0,4,1,3,0,2,0
1,1740,COLEGIO VICENTINO SAO JOSE (PARTICULAR),R PADRE JOSE JOAQUIM GORAL  182,ABRANCHES,-25.3823401,-49.27253978,50,0,3259,2769,118,76,0,3,1,5,38,8,2,0,0,30,1,0,0,7,0,0,0,3,0,1,4,0,0,0,13,0,0,0,26,34,2,2,8,0,0,1,0,0,0,0,0,0,1,7,0,0,0,0,0,14,1,3,1,0,0,5,0,0,2,5,1,2,8,1,0,0,2,2,0,51,1,0,1,2,0,0,0,0,0,0,0,34,1,0,0,1,1,0,0,0,0,0,0,0,14,1,8,0,2,168,0,1,6,4,0,4,17,41,97,1,0,4,97,1,0,1,5,0,1,0,0,0,0,1,29,2,0,1,0,0,0,0,1,4,1,0,0,1,0,0,0,0,0,0,0,1,0,62,0,0,0,15,7,19,0,1,0,3,0,0,0,1,43,0,0,0,0,1,0,0,0,0,1,0,1,0,0,0,0,0,0,0,0,25,0,0,18,0,4,0,0,0,0,102,0,23,0,1,10,0,0,7,0,0,0,0,3,0,0,0,0,0,3,17,2,0,10,27,4,0,18,6,0,0,94,0,0,0,8,0,0,0,25,0,5,0,0,0,37,0,91,0,0,1,0,0,0,2,0,0,0,0,0,0,0,0,0,0,0,0,1,6,0,0,0,278,0,0,35,0,0,0,1,3,3,0,44,1,0,0,198,12,0,0,7,0,0,8,0,0,0,0,1,0,0,0,0,0,0,0,0,0,0,0,33,0,1,0,0,3,2,0,1,0,0,0,0,0,0,0,31,0,1,0,7,0,0,0,0,0,0,0,0,1,0,3,2,2,0,0,26,3,1,0,100,0,0,0,0,9,3,4,5,3,0,0,1,0,1,0,0,0,2,14,0,0,0,0,0,0,0,6,0,0,0,0,1,0,0,0,0,0,0,16,69,1,0,0,0,0,6,1,0,0,0,2,0,1,1,0,0,2,0,0,7,0,0,17,0,0,20,0,10,0,0,7,0,0,0,0,0,0,0,3,0,1,0,0,0
1,1759,PAROQUIA SANT'ANA DE ABRANCHES,RUA VITORIO JOAO BRUNOR 688,ABRANCHES,-25.38173497,-49.27189896,50,0,1556,1249,47,37,0,1,1,3,11,2,0,0,0,10,0,0,0,10,1,0,0,2,0,1,3,0,0,0,10,0,0,0,6,26,6,2,3,0,0,0,0,0,0,0,0,0,1,3,0,0,0,0,0,8,0,2,0,0,0,0,1,0,3,1,0,5,4,1,0,0,2,0,0,26,0,0,0,0,0,0,0,0,0,0,1,11,0,0,0,0,0,0,0,0,1,0,0,0,2,1,4,0,0,63,0,0,3,0,2,0,4,29,30,3,0,0,33,0,2,1,10,0,0,0,0,0,0,0,8,0,0,1,0,0,0,0,0,0,0,0,1,0,0,0,0,0,0,0,0,0,0,33,0,0,0,3,3,7,0,0,0,1,0,0,0,0,23,0,0,0,0,0,0,0,0,0,1,0,2,0,0,0,0,0,0,0,0,10,0,0,18,0,0,0,0,0,0,46,0,16,0,4,4,0,0,5,0,0,0,0,2,0,0,0,0,0,1,11,0,0,13,12,1,0,10,1,1,0,40,1,1,0,9,0,0,0,7,0,0,0,0,0,33,0,33,0,0,0,0,0,0,1,0,0,0,0,0,0,0,0,0,0,0,1,0,1,0,0,0,116,0,1,4,0,0,0,0,0,1,2,25,0,0,0,87,4,0,0,2,0,0,3,0,0,0,0,0,1,0,0,0,0,0,0,0,0,0,0,10,0,0,0,0,0,0,0,0,0,0,0,0,0,0,0,12,0,0,0,1,0,0,0,0,0,3,0,0,0,0,1,0,2,1,0,7,0,0,0,60,0,0,0,0,2,1,0,1,0,0,0,0,0,0,0,0,0,0,12,0,0,0,0,0,0,0,2,0,0,0,0,0,0,0,0,0,0,0,6,31,0,1,0,0,0,1,2,0,4,0,3,0,1,2,0,0,2,0,0,4,0,0,7,0,0,7,0,12,0,0,0,0,0,0,0,0,0,0,1,0,0,0,0,0
1,1767,COLEGIO ESTADUAL PROFESSOR LOUREIRO FERNANDES,R MARECHAL MALLET    540,AHÚ,-25.40759083,-49.2607406,14,0,4289,3590,75,69,0,3,2,4,35,6,1,1,2,19,0,0,0,31,0,0,0,0,0,2,10,0,0,0,30,0,4,0,8,33,5,4,8,0,0,1,0,0,1,0,0,4,0,6,0,0,0,0,0,7,3,4,2,1,0,7,1,0,9,6,0,0,15,0,0,0,6,1,0,33,0,0,3,2,1,0,0,0,1,0,0,69,0,0,0,0,0,0,0,0,0,0,0,0,10,4,10,0,4,213,1,1,22,6,3,2,16,77,143,3,0,0,211,0,5,4,12,3,2,0,0,0,0,0,51,3,0,2,0,0,0,0,0,10,0,1,0,0,0,0,0,0,0,0,0,0,0,28,2,1,2,11,2,41,0,0,0,2,1,0,0,0,33,0,0,4,0,1,0,0,0,0,0,0,1,0,2,0,0,0,0,0,0,18,0,1,30,0,0,0,0,0,0,48,0,51,0,1,20,1,0,19,0,0,0,0,3,0,0,0,0,0,13,21,3,0,42,50,0,1,37,3,2,0,105,1,0,0,20,0,0,1,22,0,9,0,0,0,27,0,50,0,2,23,0,0,0,0,0,0,0,0,0,1,0,0,0,0,0,0,0,3,0,0,0,451,0,2,68,0,0,0,10,1,9,1,94,1,1,0,361,10,0,0,3,3,0,19,0,0,0,0,1,12,0,0,1,0,0,0,1,0,0,1,32,0,0,0,0,2,1,0,0,0,0,0,0,2,0,0,38,0,0,0,4,0,0,0,0,0,1,0,1,0,0,3,4,8,6,0,11,3,4,0,61,0,0,0,0,9,1,8,1,3,0,0,3,0,1,0,0,0,2,12,0,0,0,0,0,1,0,12,0,1,0,0,0,0,1,0,0,0,0,23,69,1,0,0,0,0,8,0,0,4,0,4,0,6,0,0,0,4,0,4,9,0,3,10,0,0,26,0,1,0,0,9,0,0,0,0,0,0,0,1,1,2,0,5,1
1,1775,ESCOLA ESTADUAL ALINE PICHETH,R EURIPEDES GARCEZ DO NASCIMENTO    921,AHÚ,-25.40413701,-49.26540599,14,0,3155,2579,71,65,0,3,0,2,26,7,2,0,0,17,1,0,0,10,0,1,0,0,1,1,7,1,0,0,20,0,0,0,10,20,5,3,8,0,0,1,0,0,0,1,0,0,1,8,0,0,0,0,0,9,3,8,1,2,2,4,0,0,9,0,0,0,9,4,0,0,8,0,0,38,0,0,0,1,0,1,0,0,0,1,0,46,0,0,0,0,0,0,0,0,0,0,0,0,4,1,1,0,0,142,0,0,16,2,1,0,7,60,105,1,2,0,131,0,0,0,4,0,0,0,0,0,0,0,27,7,0,0,0,1,0,0,0,0,0,0,0,3,0,0,1,4,0,0,0,1,0,25,0,1,5,6,4,20,0,0,0,3,0,0,0,0,18,0,0,0,0,0,0,0,0,0,0,1,2,1,0,0,1,1,0,0,0,17,2,0,21,0,0,0,0,0,0,54,2,16,0,0,15,0,0,16,0,0,0,0,8,0,0,0,0,0,1,18,0,0,28,40,3,1,38,6,1,0,54,0,0,1,19,0,1,0,28,0,5,0,0,2,31,1,30,0,0,5,0,0,0,11,0,0,0,0,0,2,0,0,0,0,0,0,0,1,0,0,0,331,0,1,47,1,0,1,1,1,5,0,66,1,2,0,236,6,1,0,1,2,0,13,0,0,6,0,0,0,0,1,0,0,0,0,0,0,0,0,18,1,0,0,0,3,0,0,0,0,0,0,0,3,0,0,28,0,4,0,0,0,2,0,0,0,0,0,0,0,0,2,3,2,5,0,4,3,2,0,58,0,0,0,0,8,5,5,3,0,0,0,0,0,0,0,0,0,4,21,0,0,0,0,0,0,0,2,0,0,1,0,0,0,0,0,0,0,0,13,51,0,0,0,1,0,2,0,0,2,0,10,0,9,0,1,0,0,1,2,7,0,0,9,1,0,22,0,0,1,0,8,0,0,0,0,0,0,0,1,0,1,0,2,0
1,1830,ESCOLA MUNICIPAL PROFESSOR BRANDAO,AV JOAO GUALBERTO  953,ALTO DA GLÓRIA,-25.41836088,-49.26361423,4,0,4434,3513,94,81,0,2,2,4,34,5,1,0,0,18,0,1,0,17,0,0,1,1,0,6,6,0,1,0,28,1,0,0,10,21,10,6,4,0,0,0,0,0,0,0,0,3,0,5,0,5,0,0,0,9,3,7,1,3,4,5,1,1,12,1,1,0,10,2,2,0,1,1,0,57,1,0,1,0,1,0,0,0,2,1,1,75,0,0,0,0,0,4,0,0,0,0,0,0,20,1,14,0,1,214,0,0,20,8,10,5,21,84,201,1,0,1,177,0,0,2,5,4,0,1,0,0,0,0,39,4,0,0,0,2,0,1,0,0,0,2,0,0,0,0,1,0,0,0,0,0,0,40,0,0,0,12,5,30,0,1,1,8,0,0,0,1,27,0,0,0,0,0,0,0,0,0,0,0,1,0,0,0,0,0,0,0,0,28,0,1,26,0,0,0,0,1,0,49,0,24,0,6,19,0,0,10,0,0,0,0,4,0,0,2,0,0,4,12,0,0,54,43,3,1,27,5,3,0,91,1,1,0,14,0,0,0,25,0,8,3,0,0,36,2,61,0,2,8,0,0,0,0,0,0,0,0,0,0,0,0,0,0,0,0,0,0,0,0,0,444,1,0,65,0,1,0,7,1,4,0,95,0,0,1,263,1,0,0,11,2,0,15,0,0,1,0,0,10,0,0,0,0,0,0,0,0,0,0,26,0,0,0,0,5,2,0,0,0,0,1,0,7,0,0,33,0,3,0,1,0,0,0,0,0,0,0,0,0,0,2,8,7,2,0,6,4,10,2,76,0,2,1,0,17,1,2,1,1,1,0,1,0,3,2,0,0,7,34,0,0,0,0,0,0,0,8,0,0,1,0,0,2,1,0,0,0,0,23,77,0,0,0,5,0,1,0,2,2,1,0,0,8,0,0,0,2,0,4,6,0,1,17,0,0,37,0,0,0,0,5,0,0,1,0,0,0,0,2,0,2,0,2,0
1,1848,COLEGIO ESTADUAL SANTA GEMMA GALGANI,R ASSIS BRASIL    983,ABRANCHES,-25.37190675,-49.26778731,50,0,3256,2705,148,116,0,5,3,5,27,7,1,0,2,31,1,0,0,5,0,1,0,1,2,4,5,0,0,0,4,0,1,0,29,23,14,18,8,0,0,3,0,0,0,0,0,0,2,3,0,1,0,0,0,1,1,5,0,2,0,2,0,1,10,4,0,6,5,0,0,0,1,0,0,39,0,0,0,0,0,0,0,0,1,1,3,20,0,0,0,0,0,0,0,0,4,0,1,0,16,0,5,0,0,123,0,0,7,2,0,1,6,33,115,0,0,0,106,0,0,0,11,1,1,0,0,0,1,0,28,0,0,0,0,0,0,0,0,6,0,0,0,2,0,0,0,1,0,0,0,0,0,37,0,2,0,16,7,8,0,0,0,1,0,0,0,1,25,0,0,0,0,0,0,0,0,0,0,0,1,0,0,0,0,0,0,0,0,18,1,0,24,0,0,0,0,0,0,154,0,14,0,1,7,0,0,9,0,0,0,0,2,0,0,0,0,0,4,31,0,0,7,12,1,0,9,3,0,1,70,1,1,0,11,0,0,0,46,0,5,0,0,0,84,0,76,0,1,0,0,0,0,1,0,0,0,0,0,0,0,0,0,1,0,7,0,3,0,0,0,247,0,0,9,0,0,0,1,1,2,1,36,1,0,0,177,26,0,0,0,0,0,1,0,0,0,1,0,1,0,0,0,0,0,0,0,0,0,0,20,5,1,0,1,4,0,0,0,0,0,0,0,0,0,0,22,0,2,0,28,0,0,0,0,0,0,1,0,0,0,0,0,2,1,0,81,2,3,0,89,0,0,0,0,9,0,2,3,0,0,0,0,0,0,0,0,0,1,12,0,0,0,0,0,0,0,2,0,0,0,0,0,0,0,0,0,0,0,15,31,0,0,0,0,0,6,1,0,0,0,1,0,0,0,0,0,0,0,0,5,0,0,5,0,0,25,0,65,0,0,5,0,0,0,0,0,0,0,3,0,2,1,0,0
1,1856,COLEGIO ESTADUAL GELVIRA CORREA PACHECO,R CARMELINA CAVASSIN  385,BARREIRINHA,-25.36678148,-49.26462534,52,0,5082,4173,226,149,0,6,0,7,31,3,1,0,1,32,1,1,1,8,0,0,0,3,2,3,5,0,1,0,9,0,0,0,36,35,5,26,20,0,0,3,0,0,0,0,1,0,2,7,0,0,0,0,0,5,0,7,0,0,3,6,0,0,10,5,0,20,10,0,0,0,0,0,0,61,0,0,0,1,1,0,0,0,1,0,0,37,0,0,0,1,0,0,0,0,8,0,0,0,20,1,11,0,3,226,1,0,6,7,8,2,12,56,158,2,0,5,131,3,1,5,8,1,3,1,0,0,0,1,45,0,0,2,0,0,3,0,0,3,0,0,0,1,0,0,0,2,0,0,0,0,0,74,1,3,0,14,6,22,0,1,0,1,0,0,0,2,42,0,0,0,0,2,0,0,0,0,1,0,1,0,3,0,0,0,0,0,0,42,1,0,28,2,6,0,2,1,0,236,0,49,0,2,9,0,0,13,0,0,0,0,8,0,1,0,0,0,8,34,0,1,23,27,2,1,18,8,1,0,88,2,1,0,25,1,1,3,60,0,7,1,0,0,94,2,113,1,0,5,1,0,0,4,0,0,1,0,0,0,1,0,0,0,0,1,1,8,0,0,0,371,2,1,23,0,1,1,4,0,10,0,46,0,1,1,265,18,2,0,5,2,0,2,0,0,0,1,0,2,0,0,0,0,0,0,3,0,0,0,26,0,0,0,0,3,0,0,0,0,0,0,0,1,0,3,52,0,1,0,30,0,0,0,0,0,6,1,0,1,0,2,6,7,1,2,107,1,2,0,168,0,0,0,1,15,0,4,3,1,0,0,1,0,2,1,0,0,3,51,0,1,0,0,0,1,0,5,0,0,0,0,0,0,2,0,0,0,0,23,75,0,1,0,0,1,7,1,1,0,0,2,0,2,0,0,0,6,0,1,8,0,1,5,0,0,52,0,55,0,0,8,0,0,0,0,0,0,0,0,0,4,0,2,0
1,1864,ESCOLA MUNICIPAL JULIA AMARAL DI LENNA,RUA JOAO MACHADO DE CAMARGO 25,BARREIRINHA,-25.3767799,-49.25781793,52,0,4873,3974,187,177,0,6,1,8,35,10,2,0,0,38,1,3,0,7,0,0,0,0,1,7,7,0,0,1,16,2,0,0,43,34,3,7,26,0,0,0,0,0,0,0,0,0,4,2,0,1,1,1,0,23,0,21,2,0,0,2,0,1,4,9,0,27,6,1,1,0,2,0,0,63,1,1,2,1,2,1,0,0,0,0,2,25,1,0,0,1,0,0,0,0,0,0,0,0,6,0,5,4,4,184,0,0,13,2,3,3,11,73,167,0,1,0,96,1,2,5,11,0,2,1,0,0,0,0,32,1,0,0,0,0,0,1,0,1,0,0,0,1,1,0,0,4,0,0,0,0,0,22,1,9,0,9,2,11,0,2,0,4,0,0,0,1,43,0,0,0,0,0,0,0,0,0,2,0,0,0,1,0,0,0,0,0,0,33,0,0,21,1,4,0,0,0,0,223,0,45,0,1,9,0,0,30,0,0,0,0,1,0,0,0,0,1,10,27,0,0,11,43,5,1,23,13,0,2,99,0,0,0,7,0,0,0,77,0,4,0,0,0,88,0,119,0,1,1,1,0,0,0,0,0,0,0,0,0,0,0,0,0,0,1,0,4,0,0,0,382,0,0,26,1,0,0,3,0,9,0,48,6,0,2,283,8,0,0,3,0,0,0,0,0,1,1,1,4,0,0,0,0,0,0,0,0,0,0,25,0,1,0,0,3,0,0,0,0,0,2,0,1,0,2,51,0,3,0,25,0,0,0,0,0,3,0,2,0,0,1,2,7,3,0,120,1,3,0,195,0,0,0,0,12,1,2,1,2,0,0,1,0,0,1,0,0,1,34,0,0,0,0,0,0,1,0,0,1,0,0,0,0,0,0,0,0,0,22,59,0,0,0,2,0,8,0,0,2,0,3,0,2,0,1,0,2,3,4,9,0,0,12,0,0,42,0,26,0,0,4,0,0,0,0,0,0,0,0,0,9,0,1,0
1,1872,ESCOLA ESTADUAL MARIA PEREIRA MARTINS,AV ANITA GARIBALDI  5340,BARREIRINHA,-25.36693686,-49.25984971,52,0,3074,2477,124,69,0,3,0,3,26,8,0,0,0,25,0,1,0,14,0,0,0,1,2,2,6,0,0,0,10,0,0,0,22,15,8,11,10,0,0,1,0,0,0,1,0,1,2,5,1,1,0,1,0,5,4,1,0,2,2,0,0,0,1,2,0,2,4,0,0,0,1,1,0,40,1,0,6,0,1,0,0,0,1,0,2,27,0,0,0,0,0,0,0,1,3,0,0,0,12,1,9,1,3,145,1,0,8,1,1,1,9,51,119,0,0,1,86,0,0,2,8,1,1,0,0,0,0,0,22,3,0,0,0,0,1,1,0,3,1,0,0,2,0,0,0,1,0,0,0,0,0,27,0,1,0,2,5,16,0,0,0,3,0,0,1,1,35,0,0,0,0,0,0,0,0,0,0,1,2,0,2,0,0,0,0,0,0,16,2,0,28,0,0,0,0,0,2,93,1,22,0,2,3,0,0,15,0,0,0,0,2,0,0,0,0,0,5,15,1,0,17,21,0,5,10,4,0,0,66,0,1,0,21,0,0,0,23,0,1,0,0,1,48,0,57,0,0,0,1,0,0,2,0,0,0,0,0,0,0,0,0,0,0,1,0,5,0,0,0,223,0,1,20,0,0,0,4,0,1,0,31,2,2,2,189,9,0,0,1,1,0,0,0,0,0,0,0,0,0,1,0,0,0,0,0,0,0,0,14,0,0,0,0,1,1,0,0,0,1,1,0,0,0,0,39,0,4,0,2,0,0,1,0,0,0,3,0,0,0,1,5,4,3,1,64,1,2,0,82,0,1,0,0,5,5,1,4,1,0,0,2,0,0,2,0,0,0,14,0,2,0,0,0,0,0,1,1,0,0,0,0,0,0,0,0,0,0,16,53,0,0,0,0,0,1,1,0,0,0,6,0,2,0,0,0,1,0,3,10,0,0,7,0,0,34,0,10,0,1,2,0,0,0,0,0,0,0,2,2,7,0,1,0
1,1910,ESCOLA MUNICIPAL CEI ROMARIO MARTINS,"R DAVID BODZIAK, 828",CACHOEIRA,-25.35283297,-49.25518343,51,0,3793,3005,229,88,0,3,1,6,34,1,1,0,1,22,0,0,0,11,0,0,1,1,0,1,6,0,0,0,7,0,0,0,32,22,19,22,19,0,2,5,0,0,2,0,2,0,1,5,0,1,1,0,2,4,3,11,1,0,0,2,2,0,3,6,0,12,11,0,0,0,2,2,0,61,0,0,3,0,0,2,0,0,0,0,1,9,0,0,0,0,0,0,0,0,0,0,0,0,10,0,11,0,3,159,5,1,13,3,3,3,11,35,123,0,1,5,67,0,0,2,8,3,2,0,0,0,0,0,18,1,0,1,0,0,0,1,0,1,0,1,0,2,0,0,0,3,0,0,0,0,0,55,0,1,0,6,13,11,0,0,0,1,0,0,0,1,28,1,0,0,0,1,0,0,0,0,4,0,4,0,1,0,0,0,0,0,0,13,0,3,16,0,7,1,0,0,0,166,0,28,1,5,6,0,0,13,0,0,0,0,7,0,1,0,0,0,9,12,1,0,12,24,4,3,26,19,1,1,78,0,6,1,3,0,0,0,37,0,1,0,0,0,65,3,87,0,2,2,0,0,0,2,0,0,0,0,0,0,3,0,0,0,0,0,0,5,0,0,0,246,0,0,7,1,1,0,5,0,3,1,15,1,0,0,195,12,0,0,0,0,0,1,0,0,0,0,1,1,0,2,0,0,0,0,3,0,0,0,11,0,1,0,0,2,0,0,0,0,0,1,0,0,0,3,57,0,8,0,24,0,0,0,0,0,1,0,1,1,0,0,3,7,1,0,85,0,2,0,108,0,0,0,0,11,0,0,2,0,0,0,0,0,0,0,0,0,3,43,0,0,1,0,0,0,0,4,0,0,0,0,0,1,1,0,0,0,0,26,33,0,0,0,3,0,1,3,0,0,0,1,0,0,1,0,0,2,0,6,7,1,0,7,0,0,32,0,15,0,0,5,0,0,0,0,0,0,0,0,0,5,0,0,0
1,1929,CLUBE CURITIBANO SEDE CONCORDIA,"PRESIDENTE CARLOS CAVALCANTI,  815",SÃO FRANCISCO,-25.4256255,-49.27282461,2,0,2268,1744,49,36,0,0,0,2,25,6,0,0,0,14,1,1,0,10,0,1,0,0,0,1,1,0,0,0,11,0,0,0,4,3,4,5,5,0,0,0,1,0,0,0,0,2,2,2,0,1,0,0,0,8,0,3,0,0,0,1,0,0,3,1,0,0,4,2,0,0,4,0,2,28,0,0,1,0,1,0,0,0,3,0,1,43,0,0,0,0,0,0,0,0,0,0,1,0,16,0,8,1,1,129,0,0,17,6,12,0,14,43,105,0,0,0,187,0,0,1,6,0,1,2,0,0,1,0,18,0,0,2,0,0,0,0,0,1,1,1,0,1,0,0,0,0,0,0,0,0,0,11,0,0,0,5,0,10,0,0,1,1,0,0,0,0,5,0,0,0,0,1,0,0,0,0,0,0,0,0,1,0,1,0,0,0,0,11,0,0,12,0,0,0,0,0,0,33,0,5,0,2,13,0,0,4,0,0,2,0,3,0,0,0,0,0,3,8,0,0,20,19,0,1,7,6,0,0,44,0,0,0,5,0,0,0,8,0,4,1,0,0,22,0,28,0,0,3,0,0,0,0,0,0,0,0,0,0,0,0,0,0,0,0,1,0,0,0,0,155,0,0,15,0,1,0,5,0,2,0,29,1,0,0,116,3,0,0,1,0,0,2,0,0,1,0,0,5,0,0,0,0,0,0,0,0,0,0,19,0,0,0,0,10,0,0,0,1,0,0,0,4,0,0,7,0,0,0,2,0,0,0,0,0,0,0,0,0,0,1,6,3,3,0,9,2,2,1,42,0,0,0,0,5,0,2,1,0,0,0,1,0,2,0,0,0,2,17,0,3,0,0,0,0,1,9,0,0,0,0,0,0,1,0,0,0,0,10,14,1,0,0,1,1,3,0,0,4,1,4,0,0,0,0,0,2,0,1,12,1,0,3,0,0,11,0,0,0,0,12,0,0,0,0,0,0,0,0,0,0,1,2,0
1,1937,FUNDACAO DE ESTUDOS SOCIAIS DO PARANA - FESP,R GENERAL CARNEIRO   216,ALTO DA GLÓRIA,-25.42511006,-49.26323943,1,0,1964,1599,37,29,0,1,0,0,20,4,1,2,0,10,0,1,0,12,0,1,0,0,0,2,4,0,0,1,13,0,1,0,8,7,2,4,4,0,0,0,0,1,0,0,1,0,0,3,1,1,0,1,0,4,1,0,0,0,6,5,0,2,6,1,0,1,4,0,0,0,2,0,0,35,0,0,0,0,0,0,0,0,1,0,0,28,0,0,0,0,0,1,0,0,0,0,0,0,5,0,1,1,0,93,1,0,8,0,3,4,5,45,73,0,0,0,88,0,0,1,3,0,1,0,0,0,0,0,11,3,0,0,0,1,0,0,0,0,0,0,0,0,0,0,0,0,0,0,0,0,0,6,0,0,0,6,6,13,0,0,0,3,0,0,0,0,16,0,0,0,0,0,0,0,0,0,1,0,0,0,0,0,0,0,0,0,0,17,1,0,9,0,0,0,0,0,0,23,0,13,0,1,2,0,0,5,0,0,0,0,2,0,0,0,0,0,3,8,0,0,32,24,3,1,21,2,1,0,65,0,2,0,7,0,0,0,7,1,0,1,1,0,4,0,24,0,0,0,0,0,0,0,0,0,0,0,0,0,0,0,0,0,0,1,0,1,0,0,0,217,0,1,27,0,1,0,2,2,2,0,42,0,0,0,124,3,0,0,0,1,0,5,0,1,1,0,0,9,0,0,0,0,0,0,0,0,0,0,13,0,1,0,0,4,0,0,0,0,0,0,0,2,0,0,10,0,0,0,1,0,0,0,1,1,0,0,1,0,0,0,3,1,1,0,2,3,5,0,30,0,0,0,0,8,1,2,3,3,1,0,0,0,2,0,0,0,1,9,0,1,0,0,0,0,0,3,0,0,1,0,0,0,1,0,0,0,0,8,27,0,0,0,0,0,3,0,0,1,0,2,0,1,1,0,0,1,0,1,3,0,0,8,0,0,25,0,0,0,0,10,0,0,0,0,0,0,0,2,1,2,0,1,0
1,1945,ESCOLA MUNICIPAL  DUILIO CALDERARI,RUA JOSE SPERANCETTA   66,SÃO LOURENÇO,-25.38660019,-49.26212578,33,0,2307,1893,91,61,0,2,1,2,26,3,0,0,1,18,0,1,0,4,0,0,0,1,1,0,5,1,0,0,10,0,0,2,15,21,4,4,10,0,0,1,0,0,1,0,0,0,0,1,0,2,0,0,0,6,1,4,0,0,0,4,0,0,1,1,0,2,7,0,0,0,5,0,0,28,0,0,2,1,0,0,0,0,0,0,0,13,0,0,0,0,1,0,0,0,0,0,0,0,9,1,3,1,2,66,3,0,5,1,2,0,9,42,63,3,0,1,45,0,0,0,3,0,1,0,0,0,0,0,11,0,0,0,0,0,1,0,0,1,0,0,0,1,0,0,0,0,1,0,0,0,0,23,0,1,0,7,0,9,0,0,0,2,0,0,0,1,23,0,0,0,0,1,0,0,0,0,1,0,3,0,1,0,0,0,0,0,0,15,0,0,13,0,0,0,0,2,0,76,0,14,0,1,9,0,0,10,0,0,0,0,0,0,0,0,1,0,1,8,0,0,23,19,2,0,18,3,0,0,64,3,0,1,2,0,0,0,24,0,4,0,0,0,45,1,52,0,1,2,1,0,0,0,0,0,0,0,0,0,0,0,0,0,0,1,0,0,0,0,0,203,0,1,19,7,0,0,1,0,4,0,41,5,0,1,143,7,2,0,5,0,0,4,0,0,0,0,0,3,0,0,0,0,0,0,0,0,0,0,17,1,0,0,0,1,4,2,0,0,0,0,0,0,0,1,29,0,0,0,7,0,0,0,0,0,0,0,1,0,0,1,2,5,1,0,28,2,0,0,65,0,0,0,0,2,0,0,1,0,0,0,0,0,0,0,0,0,1,17,0,0,1,0,0,0,0,0,0,0,0,0,0,0,2,0,0,0,0,12,51,0,0,0,0,0,1,1,0,0,0,6,1,2,0,1,0,2,3,0,5,1,1,4,0,0,25,0,6,1,0,1,0,0,0,0,0,0,0,1,0,3,0,0,0
1,1953,ESCOLA ESTADUAL ERNANI VIDAL,R MATEUS LEME  3291,SÃO LOURENÇO,-25.39837175,-49.27155922,33,0,2630,2131,67,59,0,4,0,7,17,6,0,0,0,15,0,0,0,6,0,0,0,1,0,2,4,0,0,0,9,2,0,0,5,24,4,8,7,0,0,0,0,0,0,0,0,0,0,3,0,0,0,0,0,5,0,0,0,0,0,4,0,0,5,2,0,2,7,2,0,0,6,3,0,32,1,0,0,1,0,0,0,0,1,0,0,37,0,0,0,0,0,0,0,0,2,0,0,0,10,0,8,0,0,119,1,0,9,6,3,3,17,41,93,0,0,1,111,0,2,0,6,0,0,0,0,0,0,0,17,1,0,0,0,0,0,0,0,0,0,0,0,0,0,0,0,0,0,0,0,0,0,22,0,0,0,4,6,12,0,0,0,0,0,0,0,0,17,0,0,0,0,0,0,0,0,0,0,1,1,0,0,1,0,0,0,0,0,12,0,1,27,0,3,0,0,0,0,61,0,12,0,0,5,0,0,7,0,0,0,0,2,0,0,0,0,0,6,9,0,0,24,22,0,0,25,1,2,0,68,0,0,1,6,0,1,0,10,0,4,0,0,0,33,4,62,2,0,0,0,0,1,0,0,0,0,0,0,0,0,0,0,0,0,1,0,4,0,0,0,271,0,0,22,0,0,0,3,0,2,0,49,0,0,0,167,7,0,0,4,0,0,5,0,0,0,0,0,0,0,0,0,0,0,0,0,0,0,0,17,2,0,0,0,3,1,0,0,0,0,0,0,1,0,3,16,0,3,0,3,0,1,0,0,0,3,0,0,0,0,3,3,4,1,0,5,2,4,0,78,0,0,0,0,6,6,5,1,1,0,0,0,0,0,0,0,0,1,23,0,0,0,0,0,1,0,6,0,0,1,0,0,0,0,0,0,0,0,12,35,0,0,0,0,1,2,0,0,0,0,0,0,5,0,1,0,2,3,3,5,0,2,8,4,0,11,1,1,1,0,4,0,0,0,0,0,0,0,2,0,3,1,1,1
1,1961,COLEGIO MARTINUS (PARTICULAR),"RUA PRESIDENTE CARLOS CAVALCANTI, 999",SÃO FRANCISCO,-25.42515703,-49.27490012,2,0,2162,1698,44,43,0,1,0,2,17,3,0,0,1,11,0,0,0,8,0,0,1,0,0,3,4,0,0,0,14,0,0,0,8,8,6,5,10,0,0,1,0,0,0,1,0,1,0,6,1,2,0,0,0,0,1,1,0,0,0,3,0,0,6,1,0,2,4,0,0,0,3,0,0,29,0,0,0,1,0,0,0,0,1,2,0,39,0,0,0,0,0,0,0,0,0,0,1,1,8,0,7,0,0,112,0,0,17,1,8,1,16,44,103,3,0,1,125,0,6,0,2,0,0,0,0,0,1,0,18,1,0,2,0,0,1,0,0,0,0,0,0,1,0,0,0,0,0,0,0,0,0,22,0,0,0,6,1,22,0,2,0,0,0,0,0,0,10,1,0,0,0,2,0,0,0,0,0,0,2,0,1,0,0,0,0,0,0,9,0,0,8,0,0,0,0,0,0,30,0,9,0,1,6,0,0,7,0,0,1,0,2,0,0,0,0,0,0,4,0,1,20,18,0,0,10,1,1,1,45,0,0,0,1,0,0,0,9,0,1,0,1,0,19,0,23,1,0,2,0,0,2,2,0,0,0,1,0,0,0,0,0,0,0,2,0,0,0,0,0,194,0,0,20,0,0,0,5,1,0,0,26,0,0,0,130,3,1,0,2,1,0,4,0,0,1,0,0,2,0,0,0,0,0,0,0,0,0,0,20,0,0,0,0,5,0,0,0,0,0,0,0,0,0,1,15,0,0,0,3,0,0,0,1,0,0,0,0,0,0,3,4,2,1,0,1,1,3,0,34,0,0,0,0,4,0,2,4,1,0,1,1,0,4,1,0,0,1,15,0,1,0,1,0,0,0,6,0,0,0,0,0,0,0,0,0,0,0,4,31,0,0,0,0,2,1,0,0,1,0,0,1,0,0,0,0,0,0,2,3,0,3,8,2,0,21,0,0,0,0,7,0,0,0,0,0,0,0,2,0,1,0,2,0
1,1970,COLEGIO ESTADUAL SEBASTIAO SAPORSKI,RUA MARIA DE LOURDES MICKOSZ 350,TABOÃO,-25.37499232,-49.27813341,49,0,1355,1126,63,36,0,4,0,4,14,1,0,0,0,14,0,0,0,5,0,0,0,0,0,1,3,0,0,0,8,0,0,0,4,17,0,11,4,0,0,0,0,0,0,0,0,0,0,0,0,0,0,0,0,5,0,1,0,0,1,1,0,0,2,3,0,3,3,2,0,0,1,1,0,14,0,0,3,0,0,0,0,0,0,1,0,10,0,0,0,0,0,0,0,0,0,0,0,0,3,2,7,1,0,57,1,0,2,1,1,1,5,10,28,0,0,1,40,0,0,1,1,0,1,0,0,0,0,0,21,0,0,0,0,0,0,0,0,1,1,1,0,4,0,0,0,1,1,0,0,0,0,21,0,0,0,7,1,3,0,0,0,0,0,0,1,2,8,0,0,0,0,1,0,0,0,0,0,0,1,0,0,0,0,0,1,0,0,2,3,0,16,0,0,0,0,0,0,67,0,8,0,0,3,0,0,3,0,0,0,0,0,0,0,0,0,0,0,4,0,1,0,7,1,0,9,3,0,0,29,0,1,0,6,0,0,1,13,0,1,0,0,0,40,0,31,0,1,1,0,0,0,0,0,0,0,0,0,0,1,1,0,0,0,2,0,8,0,0,0,86,0,0,7,0,0,0,2,0,3,0,18,0,0,0,66,5,0,0,2,0,0,6,0,0,0,0,1,2,0,0,0,0,0,0,0,0,0,0,9,0,1,0,0,1,0,0,0,0,0,0,0,0,0,0,14,0,1,0,5,0,0,0,0,0,0,0,0,0,0,2,0,6,1,0,11,0,0,0,46,0,0,0,0,1,0,1,2,0,0,0,0,0,2,0,0,0,4,10,0,0,0,0,0,0,0,1,0,0,0,0,0,0,0,0,1,0,0,4,20,0,0,0,0,0,6,2,0,0,0,0,0,3,3,0,0,0,0,2,4,0,0,2,0,0,6,0,10,0,0,2,0,0,0,0,0,0,0,0,0,3,0,0,0
1,1988,COLEGIO INTEGRAL (PARTICULAR),"RUA ALBERTO FOLLONI, 220",JUVEVÊ,-25.41347846,-49.26359958,15,0,2667,2207,51,35,0,0,1,2,27,5,0,0,0,9,0,0,0,17,0,1,2,0,2,1,3,0,0,1,27,0,0,0,10,16,3,2,4,0,0,0,0,0,0,0,0,1,0,3,0,0,2,1,0,3,1,3,1,1,0,7,1,0,7,3,2,1,3,1,0,0,5,0,1,28,0,0,0,0,0,1,0,0,1,0,1,55,0,0,0,0,0,0,0,0,0,0,0,0,9,0,6,3,0,141,0,0,16,8,5,4,16,46,115,0,0,6,156,0,1,0,5,0,4,0,0,0,0,0,21,0,0,0,0,0,1,0,0,1,0,0,0,1,0,0,0,0,0,0,0,1,0,16,2,1,0,8,4,15,0,0,0,4,0,0,0,0,19,0,0,3,0,0,0,0,0,0,0,0,1,0,1,0,0,0,0,0,0,12,0,1,23,0,0,0,0,1,1,29,0,19,0,1,13,0,0,4,0,0,0,0,2,0,0,0,0,0,4,11,0,0,27,25,1,0,14,1,1,0,60,1,0,0,12,0,0,0,31,0,3,0,0,0,16,0,30,0,0,10,0,0,0,1,0,0,0,0,0,0,0,0,0,0,0,0,1,0,0,0,0,276,0,0,49,0,0,0,9,1,5,0,64,1,1,0,167,7,0,0,3,1,0,10,0,0,0,2,1,9,0,0,0,0,0,0,0,0,0,0,21,1,0,0,0,3,0,0,0,0,0,0,0,4,0,2,19,0,3,0,0,0,0,0,0,0,0,0,0,0,0,4,2,0,0,1,1,0,3,0,55,0,1,0,0,6,2,5,1,2,0,0,1,0,1,0,0,0,3,19,0,0,1,0,0,0,0,3,0,0,0,0,0,1,0,0,0,0,0,15,29,0,0,0,1,0,1,1,0,2,1,3,0,3,1,0,0,2,0,6,1,0,2,8,0,0,6,0,0,0,1,1,0,0,0,0,0,0,0,0,3,1,0,1,0
1,1996,COLEGIO BOM JESUS DIVINA PROVIDENCIA (PARTICULAR),LEONIDAS VICENTE DE CASTRO 81,AHÚ,-25.40153844,-49.26761273,14,0,4931,4099,96,88,0,4,0,5,35,16,0,1,0,32,0,0,0,26,0,3,0,1,1,1,2,0,0,0,49,0,0,0,11,19,7,6,19,0,0,0,0,0,0,0,0,3,1,4,1,2,0,3,1,10,2,0,1,0,3,8,0,0,12,2,0,3,11,3,0,0,1,1,0,51,0,0,2,0,0,0,0,0,0,0,0,74,0,0,0,1,0,0,0,0,0,0,0,0,15,0,7,0,1,244,1,0,17,12,3,6,8,71,135,3,1,8,218,0,0,1,16,1,5,0,0,0,0,0,47,4,0,5,0,0,2,0,0,3,2,0,2,1,0,0,0,0,0,0,0,0,0,33,0,0,1,13,8,44,0,2,0,2,0,0,0,1,60,0,0,3,0,1,0,0,0,0,0,0,1,0,0,1,1,0,0,0,0,18,0,0,35,0,0,1,1,4,0,75,0,60,0,2,27,0,0,24,0,0,0,0,5,0,0,2,0,0,7,10,1,0,47,50,1,0,28,3,2,1,126,1,1,0,29,0,0,0,21,0,3,0,0,2,29,0,66,0,0,8,0,0,0,0,0,0,0,0,2,0,0,0,0,0,0,0,2,0,0,1,0,525,0,0,118,1,1,0,17,2,5,1,91,6,0,1,384,16,3,0,1,3,0,19,0,2,4,0,0,12,0,2,0,1,0,0,1,0,0,0,36,0,0,1,0,1,1,0,0,0,2,0,0,3,0,0,33,0,4,0,4,0,0,0,0,0,1,0,0,0,0,2,4,4,1,1,9,1,10,1,98,0,0,0,0,19,7,9,4,2,0,0,3,0,2,2,0,0,3,34,0,3,0,0,0,0,0,5,0,0,2,0,1,0,0,1,0,0,1,31,80,0,0,0,1,0,2,1,0,2,2,10,0,8,4,1,0,2,2,1,9,2,4,16,0,0,50,0,1,0,1,7,0,0,0,0,1,0,0,0,1,1,0,1,0
1,2020,ESCOLA MUNICIPAL CEI ULYSSES SILVEIRA GUIMARAES,"RUA PEDRO DE SIQUEIRA CORTES, 323",ABRANCHES,-25.36413711,-49.2749189,50,0,1087,883,76,34,0,2,2,2,2,1,0,0,0,6,1,0,0,1,0,0,0,0,2,0,0,0,0,0,0,1,0,0,7,15,4,20,5,1,0,0,0,0,0,0,0,0,2,0,0,0,0,0,0,3,0,0,0,0,1,0,0,0,3,0,0,6,2,0,0,0,0,0,0,16,1,0,0,0,0,1,0,0,0,0,0,10,1,0,0,0,0,0,0,0,0,0,0,0,2,0,1,0,0,29,0,0,0,1,5,0,5,2,25,0,1,1,15,0,1,0,2,2,1,0,0,0,0,0,8,1,0,0,0,0,0,0,0,2,0,0,0,0,0,0,3,0,0,0,0,0,0,15,0,0,0,3,0,2,0,0,0,1,0,0,0,0,3,0,0,0,0,0,0,0,0,0,0,0,0,0,0,0,0,0,0,0,0,6,0,0,3,0,0,0,0,1,0,69,0,8,0,0,4,2,0,0,0,0,0,0,0,0,0,0,0,0,0,4,0,0,1,10,0,0,2,6,0,0,21,0,1,0,2,0,0,0,4,0,0,0,0,0,28,0,22,0,0,0,0,0,0,0,0,0,0,0,0,0,0,0,0,0,0,2,0,2,0,0,0,73,0,0,5,0,0,1,0,1,3,0,6,0,0,0,69,10,0,0,1,2,0,0,0,0,0,0,0,0,0,0,0,0,0,0,0,0,0,0,4,0,0,0,0,0,0,0,0,0,0,0,0,0,0,0,9,0,0,0,9,0,0,0,0,0,1,0,0,0,0,0,1,0,1,0,31,0,0,0,31,0,0,0,0,0,1,0,0,0,0,0,1,0,0,0,0,0,0,12,0,0,0,0,0,0,0,0,0,0,0,0,0,0,0,0,0,0,0,3,9,0,0,0,0,0,0,0,0,0,0,0,0,1,1,0,0,4,2,2,3,0,1,6,0,0,5,0,10,0,0,1,0,0,0,0,0,0,0,0,0,4,0,0,2
1,2038,ESCOLA MUNICIPAL CEI PROFESSOR  JOSE WANDERLEY DIAS,"RUA DOS IPES, 122",BARREIRINHA,-25.37475477,-49.25295774,52,0,2063,1707,71,60,0,5,2,9,13,3,2,0,2,20,0,1,0,7,0,0,1,1,0,1,3,1,1,0,6,1,0,0,6,9,0,8,7,0,0,2,0,0,0,0,1,2,2,1,0,0,0,1,0,5,0,3,0,1,0,2,0,1,0,6,0,6,1,0,0,0,0,0,0,22,0,0,0,2,0,0,0,0,0,1,0,10,0,0,0,0,0,0,0,0,0,0,0,0,2,0,5,2,1,80,0,1,5,1,1,1,11,20,71,0,0,1,60,0,0,3,3,1,3,0,0,0,0,0,22,1,0,1,0,1,0,0,0,0,0,0,0,1,0,0,0,0,0,0,0,0,0,17,0,2,0,5,4,13,0,0,0,9,1,0,0,0,25,0,0,0,0,0,0,0,0,0,1,0,0,0,1,0,0,0,0,0,0,8,0,2,14,0,0,0,1,0,0,88,0,14,0,4,0,0,0,28,0,0,0,0,2,0,0,1,0,0,3,7,0,0,13,16,1,0,12,9,2,0,43,0,2,0,3,0,0,0,27,0,1,0,0,0,45,0,57,0,0,1,0,0,0,0,1,0,0,0,0,0,0,0,0,0,0,0,0,1,0,0,1,181,0,0,12,0,0,0,1,0,1,0,22,2,0,1,84,6,0,0,0,1,0,3,0,0,0,0,0,3,0,1,0,0,0,0,0,0,0,0,12,0,0,0,0,0,0,0,0,0,0,1,0,0,0,0,16,0,0,0,10,0,0,0,0,0,0,1,1,0,0,0,0,2,1,0,39,1,1,0,84,0,0,0,0,8,0,0,1,1,0,0,0,0,0,1,0,0,0,19,0,0,0,0,0,0,0,1,0,0,0,0,0,0,0,0,0,0,0,6,39,0,0,0,1,0,4,2,0,2,0,2,0,0,0,1,0,3,2,0,2,0,1,8,0,0,17,0,2,0,0,2,0,0,0,0,0,0,0,0,0,3,0,0,0
1,2232,COLEGIO MARISTA SANTA MARIA (PARTICULAR),"RUA PROFESSOR JOAQUIM DE MATTOS BARRETO, 98",SÃO LOURENÇO,-25.38985747,-49.26867258,33,0,4081,3378,88,71,0,1,1,3,33,7,1,0,0,32,0,0,0,18,0,5,0,3,1,5,4,0,0,1,39,0,0,0,11,20,1,0,10,0,0,0,0,0,0,0,0,6,2,4,0,1,3,0,0,12,3,5,1,5,0,4,0,0,12,1,0,6,9,0,0,0,5,1,0,35,0,0,6,0,0,1,0,0,2,0,0,90,0,0,0,0,0,0,0,0,0,0,0,0,24,4,1,0,0,257,1,0,20,6,6,2,8,58,153,3,0,2,223,0,3,3,15,1,1,1,0,0,0,0,46,3,1,4,0,0,0,0,0,0,0,0,0,4,0,0,1,1,0,0,0,0,1,43,0,3,1,16,3,35,0,1,0,6,0,0,0,0,34,0,0,2,0,0,0,1,0,0,3,0,0,0,0,1,0,0,0,0,0,20,0,0,24,1,0,1,0,1,0,61,0,22,0,1,20,0,0,13,0,0,0,0,2,0,0,0,0,0,7,13,0,1,62,40,3,0,20,4,2,0,94,0,0,0,10,0,0,0,7,0,1,0,0,0,31,1,64,0,0,6,0,0,0,2,0,0,0,0,0,0,0,0,0,0,0,0,0,1,0,0,0,317,0,1,73,0,0,0,3,0,5,0,73,2,1,0,333,10,3,0,4,1,0,12,0,0,2,2,0,6,0,0,0,0,0,0,0,0,0,0,39,1,0,1,0,4,0,0,0,0,0,4,0,0,0,0,34,0,2,0,4,0,0,0,0,1,0,1,0,0,0,1,10,6,0,1,8,1,6,3,64,0,1,0,0,13,3,1,5,1,0,0,2,0,1,0,0,0,1,17,0,1,0,0,0,1,0,7,0,0,0,0,0,0,0,0,0,0,0,21,60,1,0,0,0,1,1,1,0,0,0,5,0,4,5,2,0,4,3,4,6,1,7,9,1,0,23,0,2,0,0,9,0,0,0,0,0,0,0,6,0,2,0,1,0
1,2240,FACULDADE INSPIRAR,"RUA JOÃO TSCHANNERL, 880",PILARZINHO,-25.4046383,-49.2891437,31,0,1941,1625,56,56,0,2,0,2,15,4,2,0,1,14,0,0,0,4,0,0,0,0,1,1,2,0,0,0,8,0,0,0,7,17,6,4,8,0,3,2,0,0,0,0,0,0,3,3,1,0,0,0,1,3,0,2,3,0,0,4,0,1,6,4,0,3,3,0,1,0,0,0,0,17,0,0,0,0,2,0,0,0,1,1,0,20,0,0,0,0,0,0,0,0,0,0,0,0,3,1,8,1,1,88,0,0,4,3,2,5,4,29,71,0,0,1,56,0,1,1,7,1,0,0,0,0,0,0,20,0,0,4,1,0,0,0,0,0,0,1,0,1,0,0,1,0,0,0,0,0,0,20,0,1,0,6,1,18,0,1,0,1,0,0,0,0,14,0,0,0,0,0,0,0,0,0,0,0,1,0,0,0,0,0,0,0,0,21,0,0,13,0,1,0,0,0,0,43,0,18,0,0,10,0,0,6,0,0,0,0,0,0,0,0,0,1,0,10,0,0,10,22,0,2,10,2,0,0,48,0,0,0,5,0,0,0,9,0,1,0,0,0,28,2,36,0,0,0,0,0,0,2,0,0,0,0,0,0,0,0,0,0,0,0,0,1,0,0,0,155,0,0,32,0,0,0,2,0,1,0,33,0,0,0,171,3,0,0,1,0,0,7,0,0,0,0,0,1,0,0,0,0,0,0,0,0,0,0,8,2,0,0,0,1,1,0,0,0,0,1,0,1,0,0,21,0,1,0,9,0,0,0,0,0,0,0,0,0,0,1,4,6,1,0,2,0,3,0,48,0,0,0,0,8,2,7,1,2,0,0,0,0,1,0,0,0,1,13,0,0,0,0,0,0,0,1,0,0,0,0,0,0,0,0,0,0,0,6,45,0,0,0,1,0,3,0,0,0,0,1,0,3,4,0,0,0,0,0,3,1,0,4,0,0,14,0,4,1,0,4,0,0,0,0,0,0,0,1,2,1,0,2,0
1,2259,ESCOLA MUNICIPAL TANIRA REGINA SCHMIDT,"RUA VICTOR KOTOVIS, 162",ABRANCHES,-25.35568909,-49.27415003,50,0,2057,1694,144,66,0,4,0,0,18,3,3,0,1,20,1,0,0,2,0,1,0,0,0,0,4,0,0,0,8,1,1,0,18,28,4,5,4,0,1,0,0,0,1,1,1,0,3,2,0,0,0,0,0,4,1,3,0,0,2,1,0,0,4,3,1,7,4,0,0,0,0,0,1,25,2,0,0,0,0,1,0,0,0,0,0,12,0,0,0,0,0,0,0,0,0,0,0,0,6,0,1,1,0,73,4,1,1,1,6,2,7,15,53,0,1,2,51,0,1,0,1,2,1,0,1,0,1,0,20,0,0,0,0,0,0,0,0,1,0,0,0,1,0,0,0,0,0,0,0,1,0,29,0,1,0,2,2,2,0,0,0,6,1,1,0,2,8,0,0,0,0,0,0,0,0,0,2,0,0,0,6,0,0,0,0,0,0,14,0,0,13,0,3,0,0,0,0,105,0,4,0,3,4,1,0,1,0,0,0,0,0,0,0,0,0,0,4,9,0,0,3,24,2,0,10,2,0,0,40,5,1,0,7,0,0,1,23,0,1,0,0,0,49,0,50,0,0,0,0,0,0,1,0,0,0,0,0,0,0,0,0,0,0,57,0,9,0,0,0,128,0,0,9,0,0,0,1,0,2,0,4,3,0,0,94,7,0,0,0,0,0,0,0,0,0,0,0,0,1,0,0,0,0,0,0,0,0,0,9,0,0,0,0,1,0,2,0,0,0,0,0,0,0,1,19,0,0,0,13,0,0,0,0,1,0,1,0,0,0,0,3,2,0,0,25,0,2,0,64,0,0,0,0,2,0,0,0,1,0,0,0,0,0,0,0,0,0,38,0,0,0,0,0,0,0,3,0,0,0,0,0,0,0,0,0,0,0,0,31,0,0,0,0,0,3,4,0,0,0,0,0,1,0,0,0,1,0,0,5,0,1,1,0,0,19,0,11,0,0,0,0,0,0,0,0,0,0,0,0,2,0,0,0
1,2330,CURSO DE COMUNICACÃO SOCIAL DA UFPR,R BOM JESUS     650,JUVEVÊ,-25.41376315,-49.25244683,15,0,3257,2719,40,51,0,2,2,4,29,5,0,0,0,14,0,0,0,15,0,0,0,0,1,4,5,0,0,0,37,0,0,0,7,11,13,7,5,0,0,0,0,0,0,0,0,5,0,7,0,0,0,3,0,3,2,2,1,0,1,1,0,0,6,2,0,2,17,1,0,0,10,0,0,31,0,0,0,1,0,0,0,0,2,1,0,64,1,0,0,0,0,0,0,0,0,0,0,2,4,1,11,0,0,182,0,1,16,4,3,7,7,61,146,1,0,1,183,0,0,1,7,0,0,0,0,0,0,0,20,2,0,1,0,0,1,0,0,2,0,2,0,0,0,0,0,1,1,0,0,0,0,30,0,3,0,9,2,34,1,0,0,1,0,0,0,0,21,0,0,0,0,1,0,0,0,0,0,0,3,0,2,2,0,0,0,0,0,24,0,0,16,0,0,0,0,0,0,22,0,22,0,5,14,0,0,5,2,0,0,0,4,0,0,0,0,0,9,11,0,0,51,39,0,0,28,1,2,1,72,1,3,0,3,0,0,0,6,0,0,0,0,0,13,0,39,0,0,3,1,0,2,5,0,0,0,0,0,0,0,0,0,0,0,0,1,0,0,0,1,369,0,1,71,1,0,0,5,7,6,0,76,0,0,0,213,5,1,0,5,5,0,16,0,0,1,0,0,8,0,0,0,0,0,0,0,0,0,0,29,0,0,0,0,3,0,1,0,0,0,0,0,1,0,0,25,0,4,0,5,0,0,0,0,0,1,0,0,0,0,1,3,2,1,0,6,2,4,0,49,0,1,0,0,8,2,2,3,4,1,0,1,0,2,2,0,0,2,26,0,0,0,0,0,0,0,8,0,0,1,0,0,0,1,0,0,0,0,21,43,0,0,0,0,0,3,1,0,1,0,2,0,7,0,1,0,2,0,3,1,0,0,7,0,0,26,0,1,0,0,2,0,0,0,0,1,0,0,0,1,0,0,7,0
1,2348,COLEGIO POSITIVO JUNIOR,R MARCELINO CHAMPAGNAT  733,MERCÊS,-25.4289114,-49.29418016,12,0,4234,3511,80,62,0,4,0,1,18,9,2,0,0,29,0,1,0,34,0,0,0,1,0,4,3,0,0,0,70,0,0,0,5,47,14,2,9,0,0,0,0,0,0,0,0,9,2,3,0,1,0,1,0,24,0,6,2,0,1,14,0,0,17,4,0,2,11,1,0,1,3,0,0,54,0,1,1,0,0,0,0,0,0,0,0,84,0,0,0,0,0,0,0,0,0,0,0,0,7,1,5,0,1,132,1,0,21,1,3,1,7,54,104,0,0,1,118,0,0,1,8,0,2,0,0,0,0,0,43,0,0,0,0,0,0,0,0,0,0,0,0,3,0,0,0,2,0,0,0,0,0,14,0,0,0,8,6,47,1,4,0,1,0,0,0,2,22,0,0,0,0,1,0,2,0,0,0,1,0,0,0,0,0,0,0,0,0,15,1,0,33,0,0,0,0,1,0,49,0,20,0,1,26,0,0,11,0,0,2,0,0,0,0,0,0,0,3,15,0,0,84,73,1,1,27,6,0,1,131,1,1,1,11,0,0,0,6,0,5,0,0,0,24,5,40,0,1,7,0,0,0,2,0,0,0,0,1,1,0,0,0,0,0,0,3,2,0,0,0,433,1,0,117,0,1,0,12,0,3,0,131,0,2,0,453,1,1,0,6,1,1,9,0,0,3,0,0,21,0,0,0,0,0,0,0,0,0,0,20,0,0,0,0,3,0,0,0,0,0,2,0,0,0,0,29,0,2,0,2,0,1,1,1,0,1,0,0,0,0,2,3,4,11,0,4,0,5,2,88,0,0,1,2,21,0,2,1,1,0,0,7,0,3,0,0,0,4,40,0,2,0,0,0,0,2,3,0,0,0,0,0,0,0,0,0,0,0,12,59,0,0,0,4,0,6,0,0,5,0,3,0,11,2,0,0,1,1,6,15,0,6,2,0,0,22,0,1,1,0,2,0,0,1,0,0,0,0,5,0,1,0,4,1
1,2356,COLEGIO DOM BOSCO,RUA PAULO MARTINS  314,MERCÊS,-25.41777304,-49.2964639,12,0,2550,2031,72,69,0,2,1,3,18,6,2,0,0,18,0,0,0,8,0,0,0,0,1,2,1,0,0,1,16,0,0,0,6,23,25,2,11,0,0,0,1,0,0,1,0,3,2,3,0,0,0,0,0,7,3,0,0,0,1,10,0,0,12,4,0,5,4,0,0,0,1,0,1,30,0,0,1,0,0,0,0,0,0,4,0,31,0,0,0,0,0,0,0,0,0,0,0,0,6,0,9,0,0,110,0,0,3,2,6,2,3,29,80,2,1,0,85,0,0,0,7,0,5,0,0,0,0,0,25,0,0,0,0,0,1,0,0,1,0,0,0,2,0,0,1,0,0,0,0,0,0,17,0,0,0,4,5,15,0,0,0,1,0,0,0,0,13,0,0,2,0,0,0,0,0,0,0,0,1,0,0,0,0,0,0,0,0,12,1,2,23,0,0,0,0,2,0,71,0,8,0,1,15,0,2,5,0,0,0,0,4,0,0,0,0,0,4,18,0,1,21,18,0,1,18,2,0,0,59,0,1,0,3,0,0,1,10,0,5,0,0,0,24,0,39,0,0,4,0,0,0,0,0,0,0,0,0,0,0,0,0,0,0,0,0,0,0,0,0,192,0,3,33,0,0,0,1,0,2,0,42,2,1,0,239,5,0,0,5,1,0,10,0,0,0,0,0,6,0,0,0,0,0,0,0,0,0,0,16,0,0,0,0,3,0,0,0,0,0,1,0,1,0,0,18,0,0,0,1,0,0,0,0,0,0,0,0,1,0,4,2,2,4,0,2,0,12,0,51,0,0,0,2,11,2,5,2,2,0,0,1,0,1,0,0,0,1,19,0,0,0,0,0,0,0,4,0,0,0,0,0,0,1,0,0,0,0,8,39,0,0,0,0,0,5,0,0,1,0,4,0,5,2,0,0,2,0,0,6,0,0,4,0,0,11,0,0,0,0,2,0,0,0,0,0,0,0,2,0,3,0,2,0
1,2364,COLEGIO ESTADUAL SENADOR MANOEL ALENCAR GUIMARAES,AV CANDIDO HARTMANN  1650,MERCÊS,-25.42513962,-49.30041889,12,0,2045,1672,56,61,0,1,0,7,18,3,0,0,0,17,0,0,0,11,0,0,0,1,1,1,2,1,1,0,8,0,0,0,10,27,14,2,6,0,0,0,0,0,0,0,0,2,2,3,1,0,0,1,0,2,0,2,0,0,0,7,0,0,2,3,0,5,2,0,0,0,1,1,0,27,0,0,1,0,0,0,0,0,0,0,1,32,0,0,0,0,0,1,0,0,0,0,2,0,5,0,7,0,3,88,3,0,3,3,3,0,5,32,80,0,0,0,49,0,0,1,3,0,0,0,0,0,0,0,11,0,0,0,0,0,0,1,0,0,0,0,0,2,0,0,0,0,0,1,0,0,1,5,0,0,0,1,0,21,0,2,0,1,0,0,0,0,25,0,0,2,0,0,0,2,0,0,1,0,0,0,0,0,0,0,2,0,0,9,0,0,19,0,0,0,0,2,0,55,0,18,0,3,6,0,0,4,0,0,0,0,4,0,0,1,0,0,2,4,0,0,14,18,1,0,15,4,0,0,56,0,0,0,7,0,0,1,6,0,0,0,0,0,24,0,45,0,0,0,0,0,0,1,0,0,0,0,0,0,0,0,0,0,1,0,0,0,0,0,0,188,0,0,13,0,1,0,3,0,3,0,41,1,0,0,147,0,0,0,0,3,0,7,0,0,1,1,0,1,1,0,0,0,0,0,0,0,0,0,7,0,0,0,0,2,0,0,0,0,0,1,0,1,0,0,31,0,1,1,2,0,0,0,0,0,1,0,0,0,0,4,3,3,3,0,0,1,2,1,47,0,0,0,1,7,1,4,1,1,0,0,0,0,1,0,0,0,2,17,0,0,0,0,0,0,0,1,0,0,0,0,0,0,0,0,0,0,0,2,41,0,0,0,3,0,3,0,0,0,0,0,0,5,1,0,0,0,0,2,5,0,1,5,1,0,11,0,0,0,0,2,0,0,0,0,0,0,0,0,1,2,0,0,0
1,2372,SETOR DE CIENCIAS AGRARIAS,R DOS FUNCIONARIOS 1540,JUVEVÊ,-25.41013795,-49.24888101,16,0,3993,3262,74,78,0,0,0,3,30,3,1,0,2,30,0,0,3,16,0,1,2,1,0,1,7,0,3,0,43,0,3,0,7,25,7,2,8,0,0,3,0,0,0,1,0,3,2,8,2,0,0,0,0,6,1,6,1,0,1,13,1,0,8,3,1,2,5,0,0,0,4,1,1,34,1,0,1,1,1,0,0,0,0,2,0,61,0,0,0,0,0,0,0,0,0,0,0,0,11,2,10,1,0,165,0,0,17,3,5,1,6,77,130,5,0,0,161,0,4,0,2,0,0,0,0,0,1,0,28,5,0,0,0,0,3,0,0,0,0,1,0,1,0,0,0,0,0,0,0,0,0,25,0,0,1,16,2,35,0,2,0,2,0,0,0,0,34,0,0,1,0,0,0,0,0,0,1,0,2,1,1,0,1,0,0,0,0,21,1,0,25,0,0,0,0,0,0,51,0,46,0,0,21,1,0,4,0,0,2,0,3,0,0,2,0,0,3,17,0,0,99,38,0,3,31,2,3,0,96,0,2,0,10,0,0,1,11,0,4,0,0,0,13,1,50,0,0,8,1,0,0,2,0,0,0,0,0,0,0,1,0,0,0,0,0,0,0,0,0,440,0,0,82,0,0,0,6,3,9,0,98,1,0,0,281,2,0,0,6,2,0,18,0,1,1,0,0,11,0,0,0,0,0,0,0,0,0,0,35,0,1,0,0,3,0,1,0,0,0,0,0,8,0,2,24,0,1,0,2,0,0,0,0,0,1,0,0,0,0,5,6,4,2,0,7,5,7,0,76,0,0,0,0,4,2,4,3,3,0,0,3,0,2,1,0,0,1,17,0,1,0,0,0,0,1,10,0,0,0,0,0,0,2,0,0,0,0,11,69,0,0,0,0,0,4,0,0,1,0,7,0,16,0,0,0,1,0,3,4,0,3,19,0,0,46,0,1,0,3,9,0,0,0,0,0,0,0,0,0,0,0,0,0
1,2380,ASSOCIAÇÃO EDUCATIVA STELLA MARIS,R ROCHA POMBO 792,JUVEVÊ,-25.41258457,-49.26139874,15,0,5444,4438,113,76,0,3,0,6,35,9,0,0,2,27,2,1,1,31,0,1,1,0,1,4,5,0,1,0,37,1,1,0,8,26,5,3,8,1,1,0,0,0,0,0,0,12,2,2,0,0,0,3,0,22,1,6,7,1,1,5,0,0,6,5,1,0,8,0,0,0,8,1,0,38,0,0,0,0,2,1,0,0,2,1,0,104,0,0,0,0,0,1,0,0,0,0,0,0,12,1,12,0,4,239,0,1,21,11,7,2,14,94,179,0,0,3,275,0,4,1,11,0,4,0,0,0,0,0,43,3,0,0,0,0,1,0,0,2,0,2,0,4,0,0,0,0,0,0,0,2,0,29,0,2,0,29,8,50,0,1,0,3,0,0,0,0,23,0,0,2,0,0,0,0,1,0,0,0,1,2,4,1,0,0,0,0,0,15,1,0,41,0,0,1,0,1,0,57,0,33,0,1,20,0,1,14,0,0,1,0,5,0,0,0,0,0,5,20,1,0,87,55,2,0,33,1,2,0,161,0,2,0,13,0,0,0,38,0,9,0,0,0,37,1,82,0,0,17,0,0,0,1,0,0,0,0,0,0,0,0,0,0,0,0,0,0,0,0,0,561,0,0,111,1,4,1,5,1,6,0,126,1,0,0,422,12,1,0,4,6,0,44,0,1,1,1,1,12,0,0,0,0,0,0,4,0,0,0,36,2,0,0,0,3,2,0,0,0,0,0,0,1,0,1,41,0,7,0,3,0,0,0,0,0,1,1,0,0,0,3,9,7,4,0,2,1,12,4,100,0,0,0,0,22,1,16,6,6,0,0,4,0,2,0,0,0,9,37,0,2,0,0,0,0,0,10,0,0,0,0,0,0,3,1,0,0,0,44,72,0,0,0,1,0,5,1,0,2,2,4,0,8,0,0,0,5,2,7,3,1,4,20,2,0,29,0,0,0,0,9,0,0,0,0,0,0,0,7,3,2,0,4,0
1,2399,CENTRO REDENTORISTA SANTO AFONSO,"R UBALDINO DO AMARAL, 204",ALTO DA RUA XV,-25.4231795,-49.2606732,4,0,3006,2375,65,55,0,0,1,5,29,2,1,0,0,20,0,2,0,12,0,0,0,1,0,4,2,0,0,0,24,0,0,0,8,8,5,3,6,0,0,0,0,0,0,0,0,2,0,6,0,0,0,0,0,7,1,3,0,1,0,6,0,0,5,4,0,2,3,0,0,0,0,0,1,36,0,4,0,1,1,0,0,0,2,0,1,41,0,0,0,0,0,0,0,0,0,0,0,0,5,1,10,1,0,164,1,0,12,4,5,0,10,58,139,1,0,5,149,0,2,2,4,1,1,0,0,1,0,0,18,4,0,0,0,0,1,0,0,0,0,1,0,1,0,0,0,0,1,0,0,0,0,22,0,0,0,4,2,23,0,1,0,0,0,0,0,1,19,0,0,1,0,0,0,0,0,0,0,0,0,0,0,0,0,0,0,0,0,13,2,0,27,1,0,0,1,1,0,42,0,28,0,1,11,0,1,2,0,0,0,0,3,0,0,0,0,0,2,15,2,0,36,19,2,0,16,4,0,1,81,0,0,0,10,0,2,0,11,0,5,0,0,0,17,0,54,0,0,3,0,0,0,0,0,1,0,0,0,0,0,0,0,0,0,0,1,0,0,0,0,297,0,0,43,0,0,0,6,0,3,0,59,2,0,0,190,2,0,0,0,1,0,7,0,0,0,0,0,4,0,0,0,0,0,0,0,0,0,0,16,0,1,0,0,2,0,0,0,0,0,0,0,1,0,0,23,0,1,0,6,0,0,0,0,2,0,0,0,0,0,2,6,5,4,0,4,1,4,0,55,0,0,0,0,7,0,2,2,0,0,1,0,0,0,1,0,1,2,13,0,0,0,0,0,0,2,2,0,0,1,0,0,0,0,0,0,0,0,17,28,1,0,0,1,1,1,1,0,0,1,1,0,4,0,0,0,1,0,8,11,0,1,8,1,0,28,0,0,0,2,4,0,0,0,0,0,0,0,0,0,0,0,3,1
1,2402,ESCOLA MADRE ANATOLIA,RUA MARTIN AFONSO  575,MERCÊS,-25.42779906,-49.28285509,12,0,1755,1420,43,21,0,1,1,0,10,0,0,0,1,12,0,0,0,5,0,0,0,1,0,2,5,0,0,0,17,0,0,0,0,11,6,0,5,0,0,0,0,0,0,0,0,1,1,3,0,0,0,2,0,5,2,3,1,0,0,3,0,1,11,0,0,1,4,0,0,0,4,1,0,27,0,0,0,0,0,0,0,0,1,0,0,29,0,0,0,0,0,0,0,0,0,0,2,0,4,0,3,0,3,90,0,1,11,4,4,0,9,20,68,0,0,2,86,0,0,0,2,0,0,1,0,0,0,0,10,0,0,2,0,0,0,1,0,0,0,0,0,0,0,0,0,0,0,0,0,0,0,5,1,1,0,3,3,22,0,1,0,1,0,0,0,0,11,0,0,0,0,0,0,0,1,0,1,0,1,0,0,0,0,0,0,0,0,6,0,0,11,0,0,0,0,0,0,20,0,13,0,2,8,0,0,5,0,0,0,0,6,0,0,0,0,0,1,11,1,1,17,23,0,3,14,4,3,0,44,2,1,0,2,0,0,0,4,0,3,0,0,0,10,1,16,0,0,1,0,0,0,0,0,0,0,0,0,1,0,0,0,0,0,0,0,0,0,0,0,159,1,1,22,0,1,0,3,0,0,0,48,3,1,2,129,1,0,0,0,0,0,6,0,0,0,0,0,4,0,0,0,0,0,0,0,0,0,0,19,0,0,0,0,1,0,0,0,0,0,4,0,0,0,0,14,0,3,0,0,0,0,0,0,0,0,1,0,0,0,3,4,0,0,0,2,0,6,0,38,0,0,0,0,3,0,1,2,2,0,0,1,0,1,0,0,0,0,6,0,0,0,0,0,0,0,7,0,0,0,0,0,0,0,0,0,0,0,13,25,0,0,0,3,0,1,0,0,0,0,3,0,2,0,0,0,0,0,0,6,0,4,3,0,0,9,0,0,1,0,1,0,0,0,0,0,0,0,1,0,0,0,0,0
1,2410,COLEGIO ESTADUAL PROFESSOR GUIDO STRAUBE,R JACAREZINHO   1680,MERCÊS,-25.41535155,-49.2898898,12,0,2335,1883,64,56,0,2,0,3,22,3,1,1,0,17,1,1,0,17,0,0,0,1,1,0,3,0,0,0,7,0,0,0,14,28,6,3,2,0,0,0,0,0,0,0,0,0,0,1,0,0,0,4,0,5,0,3,0,2,0,1,0,0,5,1,1,3,2,0,0,0,7,1,0,28,0,0,1,0,1,1,0,0,1,0,0,22,0,0,0,0,0,1,0,0,0,0,0,0,7,1,4,0,3,89,1,0,10,0,2,3,10,42,79,0,0,3,82,2,1,0,6,0,4,1,0,0,0,0,20,0,0,0,0,0,0,0,0,1,0,0,0,2,0,0,1,0,0,0,0,0,0,10,0,0,0,7,1,19,0,2,0,0,0,0,0,0,35,0,0,0,0,0,0,0,0,0,0,0,0,0,0,0,0,0,0,0,0,9,0,3,15,0,0,0,0,0,0,57,0,14,0,1,12,0,1,4,0,0,0,0,1,0,0,0,0,0,2,4,0,0,20,29,1,1,16,4,0,0,37,1,2,0,5,0,0,0,8,0,2,0,1,0,20,1,43,2,0,0,0,0,1,0,0,0,0,0,0,0,0,0,0,0,0,1,1,1,0,0,0,208,0,0,34,0,0,0,6,0,4,0,35,3,0,0,164,6,0,0,0,1,0,14,0,0,2,0,0,4,0,0,0,0,0,0,0,0,0,0,10,0,0,0,0,5,1,0,2,0,0,0,0,0,0,0,31,0,0,0,3,0,0,0,0,0,0,0,0,0,1,1,2,1,3,0,4,4,4,1,56,0,1,0,0,2,2,6,0,2,0,0,0,0,0,1,0,0,0,21,0,0,0,0,0,0,1,7,0,0,0,0,0,0,1,0,0,0,0,6,51,0,0,0,0,0,1,0,1,1,0,5,0,4,4,0,0,0,0,3,7,0,5,4,1,0,15,0,0,0,0,4,0,0,0,0,0,0,0,1,0,1,1,2,0
1,2429,ESCOLA ESTADUAL PROFESSOR CLETO,RUA VISCONDE DE NACAR   544,MERCÊS,-25.42753994,-49.28036107,2,0,1628,1275,34,24,0,0,0,4,14,3,0,0,0,11,0,0,1,10,0,0,0,0,0,0,3,0,0,0,18,0,0,0,10,9,1,3,6,0,0,0,0,0,0,0,0,0,0,1,1,0,0,1,0,5,1,2,1,0,0,2,0,0,6,2,0,3,3,1,1,0,0,0,0,21,0,0,0,0,1,0,0,0,1,0,0,26,0,0,0,0,0,0,0,0,0,0,0,0,2,1,2,1,2,85,0,0,7,1,2,3,9,25,92,0,0,1,96,0,0,1,3,0,1,0,0,0,0,0,12,0,0,0,0,0,0,0,0,1,0,0,0,1,0,0,0,0,0,0,0,0,0,14,0,0,0,2,3,11,0,0,0,2,0,0,0,0,11,0,0,0,0,0,0,0,0,0,0,0,0,0,0,0,0,0,0,0,0,3,0,0,5,0,0,0,2,0,0,40,0,8,0,0,5,1,0,2,0,0,0,0,0,0,0,0,0,0,1,3,0,0,16,11,0,0,11,1,0,1,30,1,0,1,3,0,0,0,6,0,3,0,0,0,18,0,15,0,0,0,0,0,0,0,0,0,0,0,0,0,2,0,0,0,0,0,0,0,0,0,0,134,0,0,12,0,0,0,4,0,2,0,34,0,0,0,105,4,1,0,1,3,0,7,0,1,0,0,0,1,0,0,0,0,0,0,0,0,0,0,15,0,0,0,0,5,0,0,0,0,0,1,0,0,0,0,8,0,0,0,6,0,0,0,0,0,4,0,0,0,0,1,2,1,0,0,2,0,5,0,23,0,0,0,0,4,0,1,1,1,0,0,0,0,1,0,0,0,1,10,0,0,0,0,0,0,0,1,0,0,0,0,0,0,0,0,0,0,0,4,24,0,0,0,1,0,1,1,0,1,0,5,0,6,0,0,0,2,0,2,1,0,0,2,0,0,9,0,0,0,0,3,0,0,0,0,0,0,0,0,1,0,0,0,0
1,2437,ESCOLA VICENTINA NOSSA SENHORA DAS MERCES,"AV MANOEL RIBAS, 1154",MERCÊS,-25.42279077,-49.29029039,12,0,2374,1919,52,39,0,2,1,1,16,4,0,0,0,12,0,0,0,4,0,0,0,0,0,2,3,0,0,0,14,0,0,0,12,28,9,1,8,0,0,0,0,0,0,0,0,0,3,3,0,0,0,4,0,9,0,4,3,0,1,3,0,2,14,2,1,3,3,0,2,0,3,0,0,43,0,0,0,0,1,0,0,0,1,0,0,21,0,0,0,1,0,0,0,0,0,0,0,1,9,0,7,0,5,102,3,0,8,6,2,0,5,54,96,1,0,2,111,0,0,0,1,0,2,0,0,0,0,0,14,1,0,0,0,0,0,0,0,1,0,0,0,0,0,0,0,1,0,0,0,1,0,11,0,0,0,4,6,21,0,0,0,0,0,0,0,0,18,0,0,1,0,0,0,0,0,0,0,0,0,0,0,0,0,0,0,0,0,10,0,0,16,2,0,0,1,0,0,39,0,10,0,0,8,0,0,3,0,0,0,0,6,0,0,0,0,0,8,14,0,1,23,20,1,1,14,3,0,1,56,1,1,0,3,0,0,0,4,0,4,0,0,0,18,0,36,1,0,3,0,0,1,0,0,0,0,0,0,0,0,0,0,0,0,0,1,0,0,0,0,237,0,1,34,0,0,0,4,1,5,0,57,1,0,1,159,2,2,0,1,0,1,10,1,0,2,0,0,2,0,0,0,0,0,0,0,0,0,0,12,0,0,0,0,1,0,1,0,0,1,1,0,1,0,0,24,0,1,0,1,0,0,0,0,0,0,0,0,0,1,1,1,5,0,0,5,1,2,1,41,0,0,0,0,7,3,4,4,4,0,0,0,0,3,0,0,0,0,14,0,0,1,0,0,0,0,8,0,0,0,0,0,0,0,0,0,0,0,12,44,0,0,0,1,0,0,0,0,1,0,3,0,8,0,0,0,0,0,1,2,1,1,3,0,1,25,1,0,0,0,3,0,0,0,0,0,0,0,1,1,0,0,1,0
1,2445,HOSPITAL DE CLÍNICAS,"RUA GENERAL CARNEIRO, 181",ALTO DA GLÓRIA,-25.4248837,-49.2620917,4,0,279,231,6,5,0,0,0,0,2,0,0,0,0,0,0,0,0,1,0,0,0,0,0,0,0,0,0,0,0,1,0,0,1,0,0,0,0,0,0,1,0,0,0,0,0,0,0,0,0,0,0,0,0,0,0,0,1,0,1,0,0,0,1,0,0,0,0,0,0,0,0,0,0,3,0,0,0,0,0,0,0,0,0,0,1,4,0,0,0,0,0,0,0,0,0,0,0,0,0,0,0,0,1,39,0,0,0,1,2,0,6,2,21,0,0,0,30,0,0,1,2,1,1,0,0,0,0,0,2,0,0,0,0,0,0,0,0,0,0,0,0,0,0,0,0,0,0,0,0,0,0,1,0,0,0,0,0,2,0,0,0,0,0,0,0,0,1,0,0,1,0,0,0,0,0,0,0,0,0,0,0,0,0,0,0,0,0,1,0,0,2,0,0,0,0,0,0,2,0,1,0,0,0,0,0,0,0,0,0,0,0,0,0,0,0,0,1,1,0,0,1,2,0,0,0,0,0,0,4,0,0,0,0,0,0,0,0,0,2,0,0,0,3,0,3,0,0,0,0,0,0,0,0,0,0,0,0,1,0,0,0,0,0,0,0,0,0,0,0,11,0,0,5,0,0,0,0,0,0,0,3,0,0,0,15,0,0,0,0,0,0,0,0,0,0,0,0,0,0,0,0,0,0,0,0,0,0,0,4,0,0,0,0,2,0,0,0,0,0,0,0,1,0,0,2,0,0,0,0,0,0,0,0,0,0,0,0,0,0,1,2,0,0,0,0,0,0,0,6,0,0,0,0,0,0,0,0,0,0,0,0,0,0,0,0,0,0,0,0,1,0,0,0,0,0,2,0,0,0,0,0,0,0,0,0,0,0,0,5,0,0,0,0,0,1,0,0,0,0,0,0,0,0,0,0,0,0,0,0,0,0,0,0,0,1,0,0,0,0,3,0,0,0,0,0,0,0,0,0,0,0,0,0
2,1112,ESCOLA MUNICIPAL ANISIO TEIXEIRA,R JOAO BATISTA SCUCATO 80 CJTO HABITACIONAL N ESPERANCA,ATUBA,-25.3841754,-49.2009685,55,0,3555,2861,188,92,0,4,2,10,31,3,1,0,2,30,0,1,0,9,0,0,0,3,0,1,6,0,0,0,6,0,0,0,38,10,2,53,46,0,2,41,0,0,0,0,2,0,0,3,2,3,0,0,0,19,1,4,0,0,0,4,1,0,12,4,1,17,2,1,1,2,1,0,0,80,0,0,3,0,0,0,0,0,0,2,1,10,0,0,0,1,0,2,1,0,0,0,0,0,26,0,7,0,3,121,0,0,5,0,0,4,8,40,111,0,0,1,84,0,2,3,1,0,3,2,0,0,0,0,21,0,0,2,0,0,0,0,0,1,0,0,0,2,0,0,0,0,1,0,0,2,0,22,1,0,0,5,2,5,0,0,0,2,0,0,0,0,20,0,0,1,0,0,0,0,0,0,0,0,2,0,0,0,0,0,1,0,0,27,0,1,15,0,0,0,0,0,1,142,0,23,0,3,3,0,0,22,0,0,0,0,10,0,0,0,0,0,6,7,0,0,9,37,1,0,13,15,0,0,80,1,1,0,11,0,1,0,43,0,1,1,0,0,49,0,94,0,0,0,0,0,0,0,0,0,0,0,0,0,1,0,0,0,0,0,1,3,0,0,0,206,0,0,18,1,1,0,3,0,2,0,28,7,0,0,205,6,0,0,1,1,0,0,0,0,0,0,1,2,0,1,0,0,0,0,0,0,0,0,11,1,0,1,0,3,1,0,0,0,0,1,0,0,1,1,57,0,0,0,7,0,0,1,2,0,1,0,2,2,0,3,2,1,2,0,14,0,2,1,114,0,0,0,0,12,2,0,0,3,0,0,1,0,0,0,0,0,1,41,0,0,0,0,0,0,0,9,0,0,0,0,1,0,0,0,0,0,0,8,36,0,0,0,4,0,1,8,0,0,1,2,0,0,0,0,0,2,0,0,12,0,0,1,0,0,92,0,0,0,1,4,0,0,0,0,0,0,0,0,0,10,0,1,0
2,1120,COLEGIO ESTADUAL LEONCIO CORREIA,R COSTA RICA   223,BACACHERI,-25.4014264,-49.2440502,35,0,6169,4895,161,120,0,2,1,12,37,12,0,0,1,46,0,0,1,17,0,0,0,1,0,3,14,0,0,1,13,0,2,0,31,21,17,15,13,0,1,4,0,0,0,0,0,3,0,7,1,1,0,1,0,15,1,5,2,0,1,3,0,1,6,5,1,9,7,1,1,0,1,2,0,66,0,0,1,0,3,0,0,0,4,0,3,84,0,0,0,0,0,0,0,0,0,0,1,0,15,2,14,0,3,337,2,0,21,3,11,3,25,85,233,8,0,1,245,0,1,2,17,1,3,2,0,0,2,0,58,6,0,0,0,0,0,0,0,1,1,3,0,4,0,0,1,1,0,0,0,1,1,43,0,0,2,26,4,27,0,0,0,3,1,0,0,0,50,0,0,0,0,0,0,0,0,0,6,0,2,0,0,0,0,1,1,0,0,30,3,2,29,2,0,1,1,1,0,145,2,56,0,3,17,1,0,38,0,0,5,0,1,0,0,0,0,0,5,28,1,1,51,66,2,0,35,17,2,0,146,0,4,2,16,0,0,0,47,0,10,0,0,0,58,2,123,0,2,1,1,0,1,2,0,0,0,0,2,0,1,0,0,0,0,0,0,1,0,0,0,645,0,0,56,0,1,2,6,0,6,0,98,13,1,0,389,10,0,0,1,3,0,5,0,1,1,1,0,9,0,2,0,0,0,0,0,0,0,0,33,0,0,0,0,5,0,1,0,0,0,0,0,1,0,1,38,0,3,0,7,0,0,0,0,0,0,2,0,0,0,5,9,8,4,0,14,0,8,0,132,0,0,0,0,13,4,10,3,2,0,0,1,0,1,0,0,0,3,33,0,1,0,0,0,0,1,12,0,0,0,0,0,0,2,0,0,0,0,32,72,0,0,0,4,0,5,2,1,0,0,2,0,7,1,1,0,6,0,8,18,1,1,4,2,0,71,0,2,2,0,9,0,0,0,0,0,0,0,2,2,2,0,5,1
2,1139,ESCOLA MUNICIPAL ENY CALDEIRA,R GUILHERME IHLENFELDT   51,BACACHERI,-25.3887871,-49.2256153,35,0,5525,4515,162,119,0,2,1,5,33,7,1,0,1,37,0,0,0,19,1,0,0,2,0,3,9,0,0,0,9,0,1,0,34,27,5,9,25,0,0,7,0,0,0,0,0,1,1,6,1,0,1,0,0,19,0,3,0,1,1,9,0,4,7,6,1,5,11,1,0,0,4,0,0,61,2,0,1,2,1,0,0,0,2,0,0,48,1,0,0,0,0,0,1,0,0,0,0,0,13,2,11,1,0,265,2,1,6,5,4,5,20,69,174,0,0,0,184,0,6,5,13,1,6,1,0,0,1,0,51,0,0,0,0,0,0,0,1,2,0,0,0,1,0,0,0,1,0,0,0,0,0,40,0,1,0,7,5,40,0,0,1,2,0,0,0,0,58,0,1,5,0,1,0,0,0,0,1,0,1,0,6,0,0,0,0,0,0,39,2,2,47,0,0,1,0,1,0,135,1,48,0,2,18,0,2,58,1,1,1,0,7,0,0,0,0,0,5,29,0,1,72,61,2,1,32,11,2,1,115,1,3,1,14,0,2,0,52,2,4,1,0,0,63,1,137,0,2,6,0,0,0,1,0,1,0,0,0,1,1,0,0,0,0,0,3,0,0,1,0,541,0,2,57,1,1,1,5,1,6,2,70,19,0,0,381,17,2,0,0,1,0,1,0,2,1,3,0,8,0,4,0,0,0,0,1,0,1,0,35,1,2,0,0,2,1,0,0,0,0,0,0,2,0,10,38,0,2,0,16,0,0,1,0,0,1,0,0,2,0,1,4,17,5,2,16,2,3,0,170,0,0,0,4,6,0,4,3,1,0,0,2,0,1,1,0,0,4,21,0,0,0,0,1,1,0,8,0,0,0,0,0,0,1,0,0,0,0,20,92,0,0,0,0,0,0,4,0,1,0,3,0,2,1,0,0,3,0,3,7,1,0,10,0,0,84,1,0,0,1,10,0,0,0,0,0,0,0,2,4,9,0,3,0
2,1147,ESCOLA MUNICIPAL JAGUARIAIVA,"RUA JOSÉ MAZEPA, 51",BACACHERI,-25.3964717,-49.2173825,35,0,2985,2456,58,55,0,4,0,4,42,4,0,0,0,21,1,1,0,16,0,0,0,0,0,3,3,1,0,0,5,1,0,0,8,7,6,1,16,0,1,1,0,0,0,1,0,0,0,5,0,1,0,0,0,10,1,0,1,0,2,2,0,0,6,1,0,3,4,1,1,0,1,1,0,31,0,2,0,0,0,0,0,0,1,0,1,18,0,0,0,0,0,1,0,0,0,0,0,0,2,0,12,0,0,141,0,0,5,1,8,0,4,65,102,0,0,4,91,0,0,0,5,0,2,0,0,0,0,0,21,1,0,1,0,0,0,1,0,0,0,0,0,2,0,0,0,3,0,1,0,0,0,16,0,1,0,5,0,12,0,0,0,1,0,0,0,1,28,0,0,0,0,0,0,1,0,0,0,0,1,0,2,0,0,0,0,0,0,25,0,0,26,0,0,0,0,0,0,83,0,43,0,0,3,1,0,23,0,0,0,0,0,0,0,0,0,0,2,20,0,0,39,36,1,1,33,7,2,2,70,1,3,0,7,0,0,0,42,0,4,0,0,0,41,0,59,0,1,1,0,0,0,0,0,0,0,1,0,0,0,0,0,0,0,0,0,1,0,0,0,349,0,0,31,0,0,1,1,0,1,0,47,5,0,0,201,3,0,0,2,2,0,3,0,0,1,1,0,4,0,1,0,0,0,0,0,0,0,0,17,0,0,0,0,3,0,0,0,0,0,4,1,0,0,2,16,0,2,0,5,0,0,0,0,1,3,0,1,0,0,0,4,2,1,0,7,7,3,0,83,0,0,0,1,3,0,6,4,1,0,0,0,0,0,0,0,0,0,14,0,0,0,0,0,1,2,4,0,0,0,0,0,0,0,0,0,0,0,5,44,0,0,0,0,0,0,0,0,0,0,3,0,3,2,0,0,0,0,0,4,0,0,0,0,0,61,0,0,1,0,2,0,0,0,0,0,0,0,3,1,3,0,1,0
2,1155,FACULDADE DE ARTES DO PARANÁ,RUA DOS FUNCIONÁRIOS 1357,CABRAL,-25.4098354,-49.2486351,16,0,2457,1923,40,37,0,2,0,0,17,2,0,0,1,12,0,0,0,13,0,0,0,1,0,2,2,0,0,0,23,0,0,0,8,11,3,0,5,0,0,1,0,0,0,0,0,0,0,6,0,1,0,1,0,5,1,1,0,0,0,4,0,0,3,1,1,5,6,1,1,0,4,0,0,23,0,0,0,0,0,1,0,0,0,0,0,45,0,0,0,0,0,0,0,0,0,0,0,0,2,2,7,0,1,112,1,0,5,7,2,3,4,34,82,0,1,0,107,0,0,1,5,0,2,0,0,0,2,0,17,4,0,1,0,0,1,0,0,0,0,1,0,3,0,0,0,1,0,0,1,0,0,19,0,3,0,5,3,18,0,1,0,5,0,0,0,0,19,0,0,0,0,0,0,0,0,0,1,0,1,0,0,0,0,0,0,0,0,16,2,0,16,0,0,0,0,0,0,23,0,18,0,0,20,0,0,13,0,0,2,0,4,0,0,0,0,0,4,10,0,0,46,24,0,1,19,2,1,3,66,0,1,0,14,0,0,0,8,0,6,0,0,2,10,0,31,0,0,6,0,0,0,1,0,0,0,0,0,1,0,0,0,1,0,0,1,0,0,0,0,249,0,0,45,0,0,0,3,2,5,0,52,2,0,0,178,6,1,0,3,0,0,5,0,1,1,0,0,3,0,0,0,0,0,0,0,0,0,0,15,0,0,0,0,0,0,0,0,0,0,1,0,0,0,0,20,0,0,0,2,0,0,0,0,1,0,1,0,0,0,3,1,2,2,0,1,0,4,0,28,0,0,0,0,8,0,1,2,1,0,0,1,0,1,0,0,0,0,18,0,0,0,0,0,0,0,4,0,0,0,0,0,0,1,0,0,1,0,12,30,0,0,0,0,0,3,0,0,0,0,2,0,2,1,0,0,0,0,4,5,0,6,4,1,0,24,0,0,1,1,2,0,0,0,0,0,0,0,0,0,1,0,3,0
2,1163,SOCIEDADE BENEFICENTE DUQUE DE CAXIAS,R COSTA RICA  1173,BACACHERI,-25.3966206,-49.2378728,35,0,5127,4263,117,112,0,2,0,9,53,13,0,0,0,28,0,0,0,26,0,0,0,0,0,3,6,0,1,0,28,0,0,0,12,20,2,9,15,0,0,3,0,0,0,0,1,3,2,10,0,2,0,0,1,27,7,4,1,0,2,4,0,0,10,3,0,5,3,1,1,0,4,0,0,32,0,0,0,1,0,1,0,0,2,2,1,47,0,0,0,0,0,0,0,0,0,0,0,0,14,3,9,2,5,214,0,1,13,6,4,2,10,73,158,0,0,3,190,0,0,1,14,1,3,0,0,0,0,0,42,8,0,0,0,0,6,0,0,0,0,1,0,2,0,0,2,0,0,0,0,0,0,31,0,2,0,19,2,35,0,3,0,1,0,0,0,0,49,0,0,0,0,0,0,0,0,0,0,0,0,0,0,0,0,1,0,0,0,21,2,0,34,0,0,0,0,0,0,102,0,66,0,0,10,1,0,33,3,0,3,0,8,0,1,0,0,0,7,30,0,0,49,52,2,3,38,2,3,0,189,0,2,0,21,0,0,0,20,0,8,0,0,0,43,2,97,1,0,5,0,0,0,2,0,0,0,0,0,0,0,0,0,0,0,0,0,1,0,0,0,639,0,0,92,0,0,0,9,1,4,0,101,15,1,0,419,4,0,0,6,2,1,12,0,0,1,0,0,13,0,0,0,0,0,0,0,0,2,0,24,0,0,0,0,1,0,0,0,0,0,1,0,6,0,0,36,0,3,1,5,0,0,0,0,1,0,1,0,1,0,0,4,9,5,0,12,6,11,0,101,0,0,1,0,12,3,3,5,2,0,0,2,0,1,0,0,0,4,25,0,0,0,0,0,2,0,8,0,1,0,1,0,0,3,0,0,0,0,15,80,0,0,0,0,0,3,3,0,0,0,5,0,5,1,0,0,1,0,3,4,0,2,12,0,0,69,0,0,1,1,3,1,0,0,0,0,0,0,2,1,0,0,1,0
2,1180,COLÉGIO MADALENA SOFIA,"R SANTA MADALENA SOFIA BARAT, 809",BAIRRO ALTO,-25.4126775,-49.2153728,36,0,7477,6095,230,176,0,7,3,5,58,9,0,0,1,65,0,3,2,30,1,1,0,2,2,6,9,1,2,0,22,0,1,0,53,22,7,9,29,0,0,1,0,0,1,0,0,14,4,14,1,1,0,0,0,7,1,3,0,0,3,5,1,0,13,19,0,9,4,2,2,3,1,1,1,50,5,0,1,1,1,2,0,0,0,0,0,60,2,1,0,0,1,3,0,0,0,0,0,2,9,1,18,1,7,349,1,0,14,4,3,2,31,96,222,2,0,2,204,0,3,4,22,2,6,4,0,0,1,1,63,1,0,1,0,0,4,0,1,1,0,0,1,4,0,0,2,2,0,0,0,1,0,31,0,2,0,11,5,56,0,2,0,4,0,0,0,0,50,0,0,1,0,3,1,0,0,0,2,1,24,0,9,1,0,0,0,0,0,49,2,0,47,0,0,0,0,3,0,186,4,160,0,5,19,0,0,34,0,0,0,0,11,0,0,2,0,0,5,29,3,0,31,72,2,8,36,19,4,0,178,3,2,0,26,0,0,0,57,0,14,0,0,0,79,5,176,0,0,3,0,0,0,5,0,1,0,0,0,0,1,0,0,0,0,0,1,6,0,0,0,617,3,1,50,0,0,0,10,0,8,0,94,12,1,0,552,8,0,0,5,1,0,12,1,0,10,1,2,11,0,2,0,0,0,0,0,0,1,0,48,0,1,0,0,5,0,0,0,0,0,0,0,2,0,7,32,0,1,0,17,0,0,2,0,2,1,0,0,1,0,1,10,5,12,0,81,9,21,0,189,0,2,0,0,17,6,2,6,2,0,1,5,2,0,1,0,0,0,22,0,4,0,2,0,0,3,10,0,0,2,1,0,0,6,0,0,0,0,19,89,0,0,0,2,0,5,3,0,1,1,3,0,4,0,0,1,1,0,10,17,0,2,24,0,0,359,0,0,1,0,10,0,0,0,0,0,0,0,6,3,10,0,4,0
2,1198,ESCOLA MUNICIPAL ARAUCARIA,R RIO IRIRI  355,BAIRRO ALTO,-25.4038335,-49.2074306,36,0,3447,2804,152,99,0,2,1,3,15,2,0,0,1,33,0,1,0,6,0,0,0,3,1,3,6,0,1,0,5,0,0,0,29,18,5,24,31,0,0,0,0,0,0,0,0,3,0,0,0,0,1,0,1,6,0,6,0,0,0,3,0,0,6,4,0,3,2,0,0,0,0,0,0,38,0,0,1,0,3,0,0,0,0,0,2,12,0,0,0,0,1,1,0,0,0,0,0,0,10,2,10,0,2,167,2,0,8,1,4,1,14,40,101,0,0,1,92,0,1,6,6,0,1,0,0,0,2,0,29,2,0,1,0,0,4,0,0,3,0,0,0,1,0,0,0,0,0,1,0,0,0,5,0,0,0,1,1,10,0,1,0,1,0,0,0,0,35,0,0,0,0,0,0,0,0,0,4,0,9,0,3,0,0,0,0,0,0,29,0,1,17,1,0,0,1,0,0,106,0,74,0,2,3,0,0,12,0,0,1,0,1,0,0,0,0,0,6,14,0,0,21,25,2,0,19,3,0,0,83,0,0,0,5,0,0,1,39,1,4,0,0,0,53,2,100,0,0,0,0,0,0,1,0,0,0,0,0,0,0,1,1,0,0,0,0,0,0,0,0,288,0,1,19,0,0,0,0,0,5,1,26,8,1,0,216,0,0,0,2,0,0,0,0,0,1,0,0,5,0,1,0,0,0,0,0,0,0,0,10,1,0,1,0,1,0,0,0,0,0,1,0,2,0,0,22,0,1,0,11,0,0,0,0,4,1,0,0,1,0,1,1,4,4,0,35,5,4,1,63,0,0,1,0,3,2,1,0,0,0,0,0,0,0,0,0,0,1,24,3,0,0,0,0,1,0,0,0,0,0,0,0,0,1,0,0,0,0,5,33,0,1,0,3,0,4,3,0,1,2,0,0,4,0,1,0,2,0,2,5,0,2,2,0,0,186,2,2,0,0,1,0,0,0,0,0,0,0,1,4,4,0,4,0
2,1201,ESCOLA DUNAMYS ENSINO FUNDAMENTAL (PARTICULAR),"RUA RIO IRIRI, 1125",BAIRRO ALTO,-25.401165,-49.2011525,36,0,4798,3901,234,143,0,8,2,6,38,2,0,0,1,29,0,2,0,8,0,0,1,4,2,3,2,0,2,0,15,1,2,0,45,15,5,19,61,0,0,5,0,0,0,2,0,0,0,1,0,0,0,0,0,2,1,5,0,0,0,7,1,0,13,2,1,7,3,1,0,0,0,0,0,47,0,2,1,0,1,0,0,0,0,0,0,16,0,0,0,0,1,0,0,0,0,0,0,0,13,5,14,1,3,169,0,0,8,2,5,2,17,51,128,0,0,3,113,0,3,4,6,0,1,0,1,0,0,0,37,0,0,0,0,1,3,1,0,0,1,0,0,1,0,0,0,1,0,2,0,1,0,14,0,1,0,4,6,19,0,0,0,2,0,0,0,0,34,0,0,5,0,0,0,0,1,0,0,0,2,0,2,1,0,0,0,0,0,22,0,1,28,0,1,0,1,0,0,143,0,79,1,1,6,1,1,24,0,0,0,0,4,0,0,0,0,0,3,17,0,0,37,38,3,2,25,14,5,0,93,1,2,0,10,0,0,0,70,0,3,0,0,0,77,3,134,0,0,1,0,0,0,0,0,0,0,0,0,0,1,0,0,0,0,0,0,3,0,0,0,365,0,0,30,0,0,0,3,1,4,0,37,10,0,0,314,13,1,0,1,2,0,0,0,0,2,0,0,2,0,8,0,1,0,0,0,0,0,0,26,0,0,0,0,2,1,3,0,0,0,0,0,0,0,0,51,0,0,0,9,0,1,0,0,1,1,0,1,2,0,0,3,17,0,0,36,6,2,1,116,0,0,0,0,7,6,8,3,1,0,0,0,0,0,0,0,0,2,40,0,0,0,2,0,0,0,8,0,0,0,0,0,0,3,0,0,0,0,8,63,0,0,0,0,2,7,3,1,2,0,1,0,1,2,0,0,1,0,1,11,0,0,10,1,0,287,2,6,0,0,9,0,0,0,0,0,2,0,0,1,12,0,2,1
2,1279,COLEGIO NOSSA SENHORA DO ROSARIO,R EDUARDO GERONASSO  1266,BACACHERI,-25.3906541,-49.2345239,35,0,5548,4617,141,118,0,1,2,3,48,8,2,0,3,46,0,1,0,16,0,0,0,2,0,3,15,0,0,0,26,0,3,0,31,24,3,16,8,0,0,0,0,0,0,0,0,1,3,16,0,1,0,1,1,18,0,17,2,4,1,3,1,1,6,1,0,4,13,1,1,1,4,0,0,41,0,0,0,2,0,1,0,1,0,3,1,81,0,0,0,0,0,0,0,0,0,0,0,0,14,1,15,0,2,301,1,0,7,7,10,5,18,118,193,2,0,2,255,1,1,0,9,1,4,1,0,0,0,0,54,3,0,1,0,0,1,1,0,5,0,0,0,4,0,0,3,0,0,0,0,0,0,33,1,0,0,13,4,41,0,0,0,2,1,0,0,0,64,0,0,3,0,0,0,0,0,0,1,0,4,0,1,0,0,0,0,0,0,25,3,0,43,1,0,0,0,0,0,122,1,48,0,2,17,0,0,41,0,0,3,0,4,0,0,1,0,0,7,18,1,0,40,61,5,0,44,4,0,1,145,0,3,0,13,0,0,0,31,1,6,0,0,0,40,4,119,0,0,4,0,0,0,1,0,0,0,0,0,0,0,0,0,0,0,0,0,2,0,0,0,589,0,0,55,3,0,1,5,0,5,0,91,9,1,0,428,6,4,0,10,6,0,2,0,2,1,1,0,4,0,0,0,0,0,0,0,0,0,0,47,0,1,0,0,4,0,0,0,0,0,0,0,1,0,1,30,0,1,0,2,0,0,0,0,0,0,1,0,0,0,5,7,13,5,0,16,4,14,0,142,0,0,1,2,5,4,4,3,1,0,0,0,0,4,1,0,0,5,26,0,0,3,0,0,0,0,7,0,0,1,2,0,0,2,0,0,0,0,14,92,0,0,0,0,0,4,0,0,0,0,2,0,2,2,1,2,0,1,3,9,1,1,9,0,0,54,1,1,1,0,3,0,0,0,0,0,0,0,1,2,2,0,1,0
2,1295,ESCOLA MUNICIPAL CARAMURU,TRAV RODOLPHO ROSENAU 157,CABRAL,-25.398051,-49.2553943,16,0,1572,1283,38,26,0,1,0,3,22,3,2,0,0,5,0,1,0,6,0,2,0,0,0,2,1,0,0,0,2,0,0,0,5,8,0,3,3,0,0,0,0,0,1,1,0,0,1,3,0,0,0,0,0,3,0,4,0,0,0,3,0,0,3,2,0,0,5,0,0,0,0,1,0,33,0,0,0,0,0,3,0,0,1,0,0,25,0,0,0,0,0,0,0,0,0,0,0,0,8,0,4,0,0,96,0,0,6,0,9,4,10,31,58,0,1,0,68,0,1,0,3,0,0,0,0,0,0,0,12,0,0,0,0,0,0,0,0,1,0,0,0,1,0,0,0,0,0,1,1,0,0,17,1,0,0,6,0,9,0,0,0,1,0,0,0,1,18,0,0,0,0,0,0,0,0,0,0,0,0,0,0,0,0,0,0,0,0,3,2,0,16,0,0,1,0,0,0,28,0,7,0,0,3,1,0,9,0,0,0,0,2,0,0,1,0,0,2,3,1,0,12,13,1,1,13,1,2,0,34,0,0,0,3,0,0,0,12,0,2,0,0,0,8,0,21,0,0,2,1,0,0,0,0,0,0,0,0,0,0,0,0,0,0,0,0,0,0,0,0,147,0,0,20,0,2,0,1,0,3,0,48,0,0,0,102,5,0,0,1,0,0,0,0,0,0,0,1,4,0,0,0,0,0,0,0,0,0,0,15,0,0,0,0,0,0,0,1,0,0,0,0,2,0,1,7,0,3,0,2,0,0,1,0,1,0,0,0,0,0,1,3,1,1,0,4,0,3,0,19,0,0,0,0,4,0,3,1,3,0,0,0,0,0,1,0,0,3,10,0,0,0,0,0,0,0,3,0,0,0,0,0,0,0,0,0,0,0,6,15,0,0,0,1,0,1,0,0,1,0,5,0,3,1,1,0,1,0,0,3,0,0,2,0,0,16,0,0,0,0,1,0,0,0,0,0,0,0,0,2,1,0,1,0
2,1384,COLÉGIO ESTILLO,"RUA DOUTOR LUIZ FERNANDO VAN DER BROOCKE, 174",BACACHERI,-25.4094569,-49.2277087,35,0,3845,3201,94,65,0,2,1,1,34,11,2,1,1,34,0,0,0,18,0,1,0,0,1,2,3,0,0,0,14,0,0,0,17,20,10,2,17,0,0,5,0,0,0,0,0,2,2,5,0,0,1,1,0,11,0,4,0,1,2,4,0,2,8,3,0,1,7,0,0,0,5,0,0,39,0,0,0,1,0,0,0,1,1,0,0,35,0,0,0,0,1,1,0,0,0,0,0,0,3,0,10,0,1,143,0,0,9,4,7,5,6,87,126,1,1,0,112,0,3,3,10,0,2,1,0,0,0,0,34,0,0,0,0,0,0,0,0,1,0,0,0,1,0,0,1,0,1,0,0,3,0,25,0,1,0,15,6,27,0,1,0,1,0,0,0,0,43,0,0,1,0,0,0,0,0,0,2,0,2,0,0,0,0,0,0,0,0,28,0,1,26,0,0,0,0,0,0,63,0,39,0,6,13,1,1,7,1,0,1,0,3,0,0,0,0,0,4,27,2,1,67,27,1,1,30,8,2,0,112,0,2,0,4,0,0,1,20,0,6,0,0,1,31,0,86,0,0,7,1,0,1,6,0,0,0,0,0,0,0,0,0,0,0,0,0,2,0,0,0,434,0,0,53,0,0,1,7,5,5,0,75,1,0,2,287,6,1,0,5,1,0,17,0,0,0,0,0,2,0,1,0,0,0,0,0,0,0,0,19,1,0,0,0,3,1,1,0,0,0,1,0,0,0,0,29,0,1,0,3,0,0,0,0,0,2,0,0,1,0,3,3,2,2,1,40,0,3,0,89,0,2,0,0,9,2,7,0,1,0,0,0,0,5,1,0,0,0,21,0,0,0,0,0,0,2,5,0,0,0,0,0,0,1,0,0,0,0,17,62,0,0,0,1,0,2,1,0,1,0,0,0,10,0,0,0,0,0,4,14,0,2,12,0,2,61,0,0,0,0,3,1,0,0,0,0,0,0,2,3,4,0,1,1
2,1414,ESCOLA ESTADUAL NOSSA SENHORA DA SALETE (ANTIGO COLÉGIO AMANCIO MORO),AVENIDA WASHINGTON LUIZ  620,JARDIM SOCIAL,-25.4192836,-49.2302746,18,0,5729,4748,108,105,0,3,2,6,48,3,3,0,1,37,1,0,1,24,1,0,4,1,0,2,7,1,0,0,60,0,1,0,8,36,8,4,15,0,0,0,0,0,0,0,0,3,2,4,1,0,0,2,1,36,1,6,1,0,1,9,0,1,11,9,0,3,10,2,0,0,4,1,1,40,0,0,2,1,0,2,0,0,1,0,0,77,0,1,0,1,1,0,0,0,0,0,1,2,13,1,14,1,1,239,0,1,16,5,12,2,14,92,161,2,1,0,198,2,4,0,19,1,0,2,0,0,1,0,51,2,0,2,0,0,4,0,0,2,2,0,0,3,0,0,1,0,0,0,0,1,0,25,0,1,0,12,0,36,0,1,0,2,0,0,0,0,55,0,0,0,0,1,0,1,0,0,0,0,2,0,1,0,0,0,0,0,0,32,1,0,38,0,1,0,0,0,0,84,0,78,0,1,32,0,0,10,0,0,0,0,3,0,0,0,0,0,4,25,1,1,162,60,1,0,49,8,5,4,146,0,1,0,14,0,0,1,21,0,10,1,0,0,60,2,130,0,1,6,2,0,1,4,0,1,0,0,0,1,0,0,0,0,0,0,0,1,0,0,0,684,0,2,106,1,1,0,14,1,4,0,136,9,0,0,392,3,0,0,10,5,0,23,0,1,1,0,0,9,0,2,0,0,0,0,0,0,0,0,37,0,0,0,0,1,0,4,0,1,0,1,0,3,0,0,34,0,2,0,4,1,0,1,0,1,0,2,0,0,0,11,6,4,3,4,11,2,4,0,109,0,0,0,0,7,2,7,14,5,0,0,2,0,0,0,0,0,3,35,0,1,0,0,0,0,2,13,0,0,0,1,1,0,3,1,0,0,0,15,63,0,0,1,4,0,2,2,0,3,0,7,0,13,0,1,0,3,0,4,12,0,3,25,0,1,82,0,0,2,1,9,2,0,0,0,0,0,0,3,0,0,0,4,1
2,1449,ESCOLA MUNICIPAL AUGUSTO CESAR SANDINO,R MOBRAL  413,SANTA CANDIDA,-25.363922,-49.23238,53,0,3250,2549,180,98,0,4,1,4,20,1,2,0,1,33,0,2,1,11,1,0,0,1,1,0,8,0,0,0,6,2,0,0,48,28,8,25,67,0,0,4,0,0,2,0,0,0,1,0,1,0,0,0,0,5,1,3,0,0,0,1,0,2,8,3,0,6,4,0,0,0,1,0,0,49,0,0,1,0,0,0,0,0,0,1,0,9,0,0,0,0,1,0,0,0,1,0,0,1,11,1,9,1,2,139,0,0,5,2,0,2,10,27,84,0,0,0,74,0,0,1,9,0,2,0,0,0,0,0,21,1,0,1,0,0,5,1,0,0,0,0,0,0,0,0,0,0,0,0,0,0,0,30,0,1,0,4,7,13,0,1,0,1,0,0,0,0,20,0,0,0,0,0,0,0,0,0,3,0,3,0,0,0,0,0,0,0,0,14,0,0,20,0,0,0,0,0,0,143,0,25,0,1,1,0,0,8,0,0,0,0,0,0,0,0,0,0,2,19,1,0,9,22,2,2,7,5,0,1,69,2,4,0,7,0,0,0,52,0,5,0,0,0,69,1,73,0,0,0,2,0,0,4,0,0,0,0,0,0,0,0,0,0,0,1,0,0,0,0,0,225,0,1,5,0,1,0,1,0,0,0,40,3,0,0,167,5,0,0,0,1,0,2,0,0,0,0,0,2,0,1,0,0,0,0,0,0,0,1,16,0,0,1,0,2,0,0,0,0,0,2,1,0,0,1,36,0,0,0,10,0,0,0,0,0,1,0,1,1,0,6,2,0,2,1,16,1,0,1,92,0,0,0,3,6,1,1,2,0,0,0,0,0,0,0,0,0,0,22,0,0,0,0,0,1,0,0,0,0,1,0,0,0,3,0,0,0,1,10,38,0,0,0,3,1,5,1,0,3,0,1,0,1,0,0,0,0,2,0,12,0,1,4,0,0,45,0,1,0,1,4,0,0,0,0,0,0,0,0,0,6,0,1,0
2,1457,ESCOLA MUNICIPAL RAUL GELBECK,RUA ODACIR SCHILIPAK 359,SANTA CANDIDA,-25.3735804,-49.2416555,53,0,3140,2478,142,93,0,5,1,8,29,1,5,0,0,21,0,0,0,7,0,0,0,6,2,1,7,0,0,0,6,0,0,0,40,19,1,24,18,0,2,2,0,0,1,0,0,0,1,1,0,0,0,3,0,10,0,4,0,0,0,0,1,3,4,6,0,7,0,0,0,0,0,0,0,41,0,0,2,0,0,0,0,0,0,0,0,16,0,1,0,0,0,2,0,0,0,0,0,0,4,1,8,0,3,114,2,1,1,5,2,4,9,37,106,0,0,1,64,0,2,1,1,0,4,0,0,0,0,0,31,1,0,0,0,0,0,0,0,0,0,0,0,1,0,0,0,0,0,0,0,2,0,14,0,2,0,6,5,12,0,1,0,0,2,0,0,0,33,0,0,0,0,0,0,0,1,0,1,1,2,0,0,0,0,0,0,0,0,13,1,2,20,0,0,0,0,1,0,102,1,26,0,3,5,0,0,15,0,0,0,0,4,0,0,1,0,0,4,9,2,0,8,19,2,2,9,7,3,0,70,1,1,0,14,0,0,0,46,1,2,0,0,0,49,0,57,0,0,0,0,0,0,2,0,0,0,1,0,0,0,0,0,0,0,0,0,7,0,0,0,260,0,2,8,0,0,1,0,3,3,1,39,7,0,0,167,0,0,0,0,0,0,2,0,0,0,1,0,0,0,1,1,0,0,0,1,0,0,0,24,0,0,0,0,1,0,2,0,0,1,0,0,0,0,2,16,0,4,0,27,0,0,0,0,0,3,0,1,0,0,2,3,3,0,1,16,4,3,0,132,0,1,0,0,6,0,0,0,0,0,0,0,0,0,0,0,0,0,30,0,0,0,0,0,1,0,2,0,0,1,0,0,0,0,0,0,0,0,17,36,0,0,0,0,2,0,0,1,0,1,1,1,5,1,0,0,2,0,1,21,0,3,2,0,0,46,0,4,1,1,5,0,0,0,0,0,0,0,3,0,3,0,0,0
2,1465,ESCOLA ESTADUAL SANTA CANDIDA,RUA THEODORO MAKIOLKA  155,SANTA CANDIDA,-25.3742177,-49.224207,53,0,7200,5778,302,173,0,6,1,12,71,14,1,0,3,59,2,0,0,27,0,0,1,2,0,9,15,0,1,0,24,0,0,0,72,42,6,32,64,1,1,13,0,0,3,0,3,1,4,4,0,2,0,0,0,17,1,20,0,0,0,1,0,1,12,12,0,14,3,2,0,0,0,2,1,87,1,0,2,1,1,0,0,0,1,2,1,35,0,3,0,0,1,0,0,0,2,0,0,0,24,0,15,0,8,317,13,0,16,3,6,3,24,92,248,0,0,2,150,1,0,4,16,1,1,0,0,0,2,0,31,3,0,2,0,0,0,0,1,3,3,1,0,5,0,0,1,3,0,0,0,0,0,48,0,1,0,14,6,29,0,7,0,3,1,0,0,2,71,1,0,6,0,1,1,0,0,0,1,1,12,0,5,0,1,0,0,0,0,30,0,1,43,0,0,0,1,0,0,231,0,38,0,8,12,0,0,71,1,2,0,0,3,0,0,0,0,0,14,19,1,0,44,57,7,1,24,22,5,2,179,0,0,0,18,0,0,1,109,0,5,0,0,0,118,0,246,0,0,1,2,0,0,4,0,0,0,0,0,0,0,0,0,0,0,1,0,3,0,0,0,552,1,3,46,0,1,0,4,1,11,1,70,4,1,0,416,14,0,0,5,1,0,7,0,1,1,0,0,5,0,7,0,0,0,0,0,0,0,0,27,0,1,0,0,5,0,7,0,0,0,2,0,1,0,0,70,0,2,2,20,0,0,3,1,0,5,0,2,3,0,1,12,6,4,0,41,5,5,1,222,0,0,0,1,16,3,4,6,1,0,0,1,0,1,0,0,3,1,53,0,0,0,0,0,1,0,9,1,0,0,0,0,0,2,0,0,0,0,22,110,1,1,0,2,1,8,8,0,1,0,1,0,6,0,2,0,6,2,0,16,0,1,8,0,0,116,0,1,0,0,6,0,0,1,0,0,0,0,6,3,18,0,0,0
2,1503,COLEGIO ESTADUAL CECILIA MEIRELES,RUA PEDRO ELOY DE SOUZA  1700,BAIRRO ALTO,-25.4247001,-49.2030637,36,0,8479,6731,305,225,0,7,0,9,61,10,5,1,3,67,1,0,1,17,2,2,2,1,3,5,14,1,0,1,13,0,0,0,78,55,15,12,40,0,1,3,0,0,0,2,0,8,3,3,1,1,4,4,1,7,1,5,0,1,1,1,1,1,23,18,0,20,1,1,3,0,1,1,1,70,0,0,3,0,1,1,1,0,0,0,0,38,2,0,0,0,0,0,0,0,0,0,3,0,15,0,23,1,5,350,1,1,13,9,8,8,34,128,288,1,0,3,186,1,4,7,15,0,4,0,1,0,1,0,51,0,0,2,0,0,0,0,2,1,0,0,0,2,0,0,0,1,0,0,0,2,0,32,0,0,0,8,12,30,0,1,0,9,1,0,0,0,52,0,1,0,0,1,0,2,1,0,1,0,82,0,13,0,0,0,0,0,0,38,1,1,49,1,0,0,1,1,0,287,0,243,0,2,14,1,1,22,0,1,0,0,3,0,0,1,0,1,3,31,0,2,27,72,4,2,18,30,0,0,150,3,3,0,20,0,3,0,86,1,7,0,0,0,148,1,171,0,1,1,0,0,0,12,0,0,0,0,0,0,7,0,0,0,0,0,0,1,0,0,0,656,0,2,37,0,0,1,2,1,9,1,95,10,2,0,411,6,2,0,6,0,0,3,0,0,0,2,0,5,0,4,0,0,0,0,0,0,0,0,48,0,0,0,0,2,2,1,0,1,0,0,1,0,1,3,44,0,1,0,12,0,1,0,0,6,3,1,0,2,0,2,7,8,2,0,52,4,8,0,170,0,0,0,0,14,3,1,3,3,0,2,3,0,0,1,0,0,1,54,3,0,2,0,0,3,3,8,0,0,1,0,0,0,1,0,0,0,0,24,70,0,0,0,0,1,5,6,0,1,0,2,0,7,3,0,0,1,0,4,18,0,1,12,1,0,713,0,3,0,0,13,0,0,0,0,1,0,0,2,3,9,0,9,0
2,1511,ESCOLA ESTADUAL DONA BRANCA DO NASCIMENTO MIRANDA,R JORGE BONN 460 VILA TINGUI,TINGUI,-25.3922229,-49.2194124,54,0,3643,2971,98,81,0,2,1,4,34,7,1,0,0,26,1,0,0,11,0,1,0,0,0,7,5,0,1,0,17,0,0,0,20,14,3,11,45,0,0,4,0,0,0,0,1,0,0,4,1,1,0,1,0,11,2,7,0,1,1,2,0,0,3,5,0,5,10,4,0,0,2,0,0,42,0,0,0,0,0,1,0,0,0,0,1,36,0,0,0,0,0,0,0,0,0,0,0,0,10,1,11,0,2,158,0,0,9,1,5,3,11,43,91,0,0,1,102,0,1,1,8,2,1,0,0,0,0,0,27,1,1,0,0,0,0,0,0,0,0,0,0,2,0,0,1,1,0,0,0,0,0,32,0,1,0,4,2,21,0,1,0,1,0,0,0,0,18,0,0,0,0,2,0,0,0,0,1,0,0,0,2,0,0,0,0,0,0,29,0,0,24,0,0,0,0,1,0,96,0,41,0,0,12,0,0,39,0,0,1,0,3,0,1,0,0,0,5,18,1,0,68,23,1,0,27,8,0,0,80,1,2,0,11,0,0,1,23,0,2,0,0,0,54,0,79,0,0,2,0,0,0,2,0,0,0,0,0,0,1,0,1,0,0,0,0,0,0,0,0,348,0,0,39,1,0,0,3,0,7,1,60,1,0,0,259,7,2,0,5,2,0,1,0,0,1,1,0,2,0,6,0,0,0,0,0,0,0,0,33,0,1,0,0,3,0,0,0,1,0,1,0,2,0,11,27,0,1,0,11,0,0,0,0,1,1,0,1,1,0,3,5,11,7,0,6,1,1,0,102,0,0,0,0,2,0,2,0,3,0,0,0,0,0,0,0,0,2,19,0,0,0,0,0,0,0,5,0,0,1,0,0,0,0,0,0,0,0,11,56,0,0,0,0,1,2,3,0,1,0,1,0,3,0,0,0,1,0,2,7,4,0,8,0,0,70,0,1,0,1,3,0,0,0,0,0,0,0,3,4,3,0,4,0
2,1520,ESCOLA ESTADUAL MARIA MONTESSORI,R GUILHERME IHLENFELDT 980  VILA TINGUI,TINGUI,-25.3836275,-49.2296665,54,0,5160,4129,181,121,0,1,0,7,48,3,1,1,2,42,1,0,0,21,0,0,0,2,1,1,7,1,0,1,11,2,0,0,37,26,10,11,35,0,0,3,0,0,1,0,1,0,1,2,0,0,1,4,1,20,1,11,1,2,1,4,0,0,5,3,0,9,2,0,0,0,1,2,1,44,0,0,4,0,0,0,0,0,1,0,0,52,1,0,0,0,0,0,0,0,0,0,0,0,15,4,18,2,3,247,3,0,12,3,6,6,17,82,155,6,0,0,168,0,2,5,9,2,1,0,0,0,0,1,31,0,0,3,0,2,1,0,0,4,0,2,0,2,0,0,1,1,0,0,0,0,0,32,0,1,0,9,3,26,0,0,0,0,1,0,0,0,46,1,0,1,0,2,0,0,0,0,1,0,2,0,0,0,0,0,0,0,0,33,0,0,33,2,0,0,1,2,1,151,0,26,0,2,8,1,0,49,6,0,0,0,6,0,0,0,0,1,10,19,1,3,45,49,3,1,25,6,2,1,108,1,1,0,18,0,0,1,82,0,5,0,0,0,82,2,104,0,0,1,0,0,0,2,0,0,0,0,0,1,0,0,0,1,0,1,1,1,0,0,0,458,1,1,53,0,1,0,4,1,9,1,54,2,0,1,336,11,1,0,1,2,0,2,0,0,1,1,0,2,0,2,0,0,0,0,0,0,0,0,23,0,0,0,0,3,3,1,0,0,0,0,0,0,0,5,35,0,2,0,17,0,0,4,0,1,3,0,1,2,0,1,12,5,0,0,11,3,3,2,157,0,0,0,4,9,0,3,3,1,0,0,2,0,0,3,2,0,2,33,0,0,1,0,0,1,1,7,0,0,0,0,0,0,2,0,0,0,0,14,71,0,1,0,0,1,6,3,2,3,0,7,1,1,0,0,0,0,1,5,9,0,7,2,1,0,64,5,1,0,1,6,1,0,0,1,0,0,0,4,2,3,0,2,0
2,1538,SALAO DA IGREJA DE SANTA CANDIDA,RUA PADRE JOAO WILINSKI 755,SANTA CANDIDA,-25.3738646,-49.2239123,53,0,4047,3294,157,118,0,5,3,9,43,3,1,0,1,36,3,0,0,16,1,0,0,2,1,3,11,1,1,1,14,0,0,0,51,18,8,11,35,0,2,5,0,0,1,2,0,1,1,7,0,0,0,0,0,11,0,6,0,0,1,2,0,5,8,5,0,1,1,0,2,0,1,0,0,42,0,0,0,0,0,0,0,0,0,0,2,39,0,0,0,0,0,0,0,0,0,0,0,0,14,2,7,0,2,194,1,0,3,2,6,1,18,48,128,1,0,4,100,0,0,1,5,0,1,0,1,0,0,0,24,3,0,1,0,0,1,0,1,1,0,0,0,4,0,0,0,2,0,0,0,2,0,35,0,0,0,1,3,15,0,3,1,7,0,0,0,0,30,0,0,0,0,0,0,0,0,0,0,2,5,0,4,0,0,0,0,0,0,22,1,0,29,0,0,1,1,3,0,133,0,18,0,1,6,0,1,42,0,0,0,0,4,0,0,1,0,0,5,13,0,0,20,40,6,4,21,11,2,0,115,1,1,0,8,0,2,1,41,0,3,0,0,0,57,0,130,1,0,3,2,0,0,1,1,0,1,0,0,0,0,0,0,0,0,0,0,5,0,0,0,311,0,0,28,0,0,1,1,1,4,0,58,5,0,0,221,7,0,0,5,0,0,7,0,0,0,0,0,0,0,2,0,0,0,0,0,0,0,0,22,0,0,0,0,2,3,2,0,0,0,0,0,1,0,1,26,0,2,0,12,0,0,0,1,0,5,0,0,1,0,2,9,3,1,0,26,7,1,0,129,0,0,0,3,12,2,1,0,0,0,0,4,0,1,0,0,1,0,31,0,1,0,0,0,3,0,6,0,0,0,0,0,0,0,0,0,0,0,15,61,0,2,0,1,0,1,4,0,1,0,0,0,1,0,1,1,4,0,2,8,0,1,9,0,0,55,0,2,0,0,2,0,0,0,0,0,0,0,1,1,7,0,2,0
2,1546,GRUPO DE ESCOTEIROS SAO LUIZ DE GONZAGA,RUA OSORIO DUQUE ESTRADA 560,JARDIM SOCIAL,-25.415419,-49.2339029,18,0,1184,987,22,13,0,0,0,1,10,1,0,0,0,7,0,0,0,5,0,0,0,0,1,1,1,0,0,0,15,0,0,0,3,9,5,1,5,0,0,0,0,0,0,0,0,3,0,1,0,0,0,2,0,5,0,0,0,1,0,2,0,0,2,2,0,0,2,0,0,0,1,0,0,6,0,0,0,0,0,0,0,0,0,0,0,28,0,0,0,0,0,0,0,0,0,0,0,1,0,1,1,0,0,58,0,0,5,0,1,0,0,29,29,0,0,0,37,0,0,0,2,0,0,0,0,0,0,0,16,1,0,0,0,0,0,0,0,1,0,0,0,0,0,0,0,0,0,0,0,0,0,7,0,0,0,1,5,13,0,0,0,1,0,0,0,0,4,0,0,0,0,0,0,0,0,0,0,0,0,0,0,1,0,0,0,0,0,3,0,0,12,0,0,0,0,0,0,14,0,15,0,0,10,0,0,6,0,0,0,0,0,0,0,0,0,0,1,3,0,0,28,16,1,1,5,1,0,0,24,0,1,0,2,0,0,0,0,0,1,0,0,0,2,1,10,0,0,0,0,0,1,1,0,1,0,0,0,0,0,0,0,0,0,0,0,1,0,0,0,123,0,1,31,0,0,0,2,1,2,0,35,3,0,0,115,1,1,0,0,1,0,3,0,0,0,0,0,3,0,0,0,0,0,0,0,0,0,0,12,1,0,0,0,1,0,0,0,0,0,1,0,0,0,0,3,0,0,0,0,0,0,0,0,0,2,1,0,0,0,0,2,3,1,0,4,0,0,1,23,0,0,0,0,0,1,0,3,2,0,0,0,0,0,0,0,0,1,4,0,0,0,0,0,0,0,1,0,0,1,0,0,0,1,0,0,0,0,6,21,0,0,0,0,0,1,1,0,0,0,0,0,1,0,0,0,0,0,5,4,0,1,3,0,0,14,0,0,0,0,0,0,0,0,0,0,0,0,7,0,0,1,1,0
2,1570,CEI CURITIBA ANO 300,RUA JORNALISTA ALCEU CHICHORRO 180,BAIRRO ALTO,-25.4142628,-49.2063695,36,0,2404,1955,90,73,0,4,1,4,24,3,0,0,0,17,0,0,0,8,0,0,0,0,0,0,4,1,0,1,6,0,1,0,29,12,6,7,9,0,0,0,0,0,0,1,1,5,0,4,0,1,0,0,0,1,0,0,0,0,0,2,1,0,4,1,1,10,0,0,1,0,0,0,0,21,0,0,1,0,0,0,0,0,1,0,1,18,0,0,0,0,0,0,0,0,0,0,0,0,13,2,10,1,1,100,0,0,8,3,0,2,4,23,96,0,0,1,68,0,0,0,7,0,0,0,0,0,0,0,14,0,0,1,0,0,1,0,1,0,1,1,1,2,0,0,0,0,0,0,0,1,2,9,0,0,2,1,1,7,0,0,0,4,0,0,0,0,12,0,0,2,0,1,0,0,0,0,1,0,5,0,0,0,0,0,0,0,0,30,0,1,15,1,0,0,0,1,0,70,1,44,0,0,8,0,1,10,0,0,0,0,3,0,0,0,0,0,3,6,0,0,7,26,2,2,5,5,0,1,46,1,0,2,1,0,0,0,19,0,2,0,0,0,30,0,50,0,0,2,0,0,0,0,0,0,0,0,0,0,2,1,0,0,0,0,0,1,0,0,0,204,1,0,13,0,0,0,0,2,5,0,15,1,0,0,138,3,0,0,1,0,0,0,0,0,2,0,0,0,1,0,0,0,0,0,0,0,0,0,17,0,0,0,0,3,0,0,0,0,0,0,0,0,0,2,11,0,0,0,3,0,0,0,0,2,3,0,0,0,0,3,3,3,3,1,11,1,5,0,60,0,0,0,0,4,0,3,0,0,0,1,5,0,0,1,0,0,0,10,0,0,0,1,0,1,0,6,0,0,0,0,0,0,1,0,0,0,0,10,16,1,0,0,1,0,2,0,0,0,1,4,0,0,1,0,0,0,0,1,3,0,0,4,1,0,161,0,0,0,0,6,0,0,0,0,0,0,0,0,2,5,0,3,0
2,1589,ESCOLA MUNICIPAL ERASMO PILOTTO,RUA RIO JAPURA 648,ATUBA,-25.3943274,-49.2037059,55,0,4410,3626,167,110,0,7,1,5,30,2,2,1,1,30,0,0,1,8,1,0,1,4,0,2,11,1,1,0,17,0,0,0,36,30,10,10,75,0,0,13,0,0,0,2,2,1,2,6,1,0,0,3,0,7,0,5,0,0,1,1,0,2,6,6,0,10,4,0,1,0,0,1,0,44,0,0,5,0,2,0,1,0,0,0,1,30,0,0,0,1,1,1,0,0,0,0,0,0,5,0,9,0,4,159,1,1,8,2,5,1,21,44,122,0,0,1,86,0,5,3,5,0,2,0,0,0,0,0,38,1,0,0,0,0,1,0,0,1,0,0,1,3,0,0,0,1,1,0,0,0,0,10,0,0,3,6,0,14,0,0,0,3,0,0,0,0,19,0,0,3,0,0,0,0,0,0,0,0,4,0,4,0,0,0,0,0,0,27,0,0,20,0,0,0,0,0,0,146,0,60,0,3,6,0,0,26,0,0,0,0,6,0,0,0,0,0,9,24,1,3,17,34,3,0,28,14,0,0,85,5,4,0,6,0,0,0,98,1,9,0,0,0,66,1,105,0,1,0,2,0,0,1,0,0,0,0,0,0,2,0,0,0,0,0,0,0,0,0,0,391,0,1,14,1,0,0,3,0,0,0,42,10,2,0,303,5,0,0,1,0,0,2,0,0,0,1,0,1,0,9,0,0,0,0,2,0,0,0,19,0,0,0,0,1,0,1,0,0,2,0,0,1,0,0,55,0,1,0,13,0,0,0,0,0,0,0,0,8,0,4,4,8,2,0,17,13,1,0,134,0,0,1,2,8,4,1,0,1,0,0,1,0,0,1,0,0,5,37,0,0,0,0,0,0,0,0,0,0,1,0,0,0,0,0,0,0,0,19,53,0,1,0,1,0,3,2,0,0,1,2,0,2,0,0,0,8,1,3,7,0,0,8,0,0,225,2,1,0,0,10,0,0,0,0,0,0,0,6,0,3,0,0,0
2,1791,ESCOLA MUNICIPAL SANTA AGUEDA,"RUA JOSE ANTONIO LEPREVOST, 496",SANTA CANDIDA,-25.3766015,-49.231214,53,0,2799,2311,123,100,0,0,2,0,20,4,1,0,0,26,0,0,0,8,1,0,0,3,0,1,3,0,0,0,7,3,0,0,33,18,4,11,23,0,0,2,0,0,1,0,1,0,0,2,1,0,0,0,0,5,0,5,0,0,1,0,0,1,4,7,0,10,1,1,0,0,3,0,0,24,0,0,2,1,0,1,0,0,0,0,0,18,0,0,0,0,0,0,1,0,0,0,0,0,7,0,18,0,2,113,1,0,3,3,4,0,17,43,106,1,0,0,75,0,0,1,11,1,1,0,0,0,1,0,12,0,0,0,0,1,0,0,0,0,0,0,0,2,0,0,0,0,0,0,0,0,0,24,0,1,0,6,2,11,0,0,1,1,0,0,0,0,22,0,0,1,0,0,0,0,0,0,1,0,3,0,0,0,0,0,0,0,0,13,0,1,8,0,0,0,1,1,0,100,0,22,0,0,3,0,0,23,0,0,0,0,0,0,0,0,0,0,8,10,0,2,15,21,4,1,14,3,0,2,75,0,0,0,4,0,0,0,29,0,2,0,0,0,38,1,74,0,0,0,0,1,0,1,0,0,0,0,2,0,0,0,0,0,0,0,0,2,0,0,0,241,0,2,13,1,0,0,0,1,3,0,29,2,0,0,182,1,0,0,4,3,0,2,0,0,0,0,0,1,0,0,0,0,0,0,0,0,0,0,12,2,0,1,0,1,0,0,0,1,0,0,0,0,0,2,22,0,1,1,11,0,0,0,0,0,1,0,0,1,0,3,1,6,2,0,14,2,3,0,84,0,0,0,1,16,4,4,1,1,0,0,1,0,0,0,0,0,2,17,0,0,0,0,0,0,1,4,0,0,0,0,0,0,1,0,0,0,0,11,46,0,0,0,0,0,1,0,0,0,0,0,0,1,0,0,0,0,0,4,10,0,3,10,0,0,42,0,1,1,1,1,0,0,0,0,0,0,0,3,2,2,1,2,0
2,1805,COLÉGIO PASSIONISTA N. S. MENINA,"RUA BOM JESUS, 881 - A",CABRAL,-25.4150247,-49.2511487,16,0,4960,4102,78,68,0,2,0,4,39,6,1,0,1,24,0,0,0,17,0,3,1,1,1,3,7,1,0,0,61,0,1,0,17,42,8,5,14,0,0,2,0,0,0,1,0,16,1,4,1,0,0,3,0,6,1,6,1,1,1,16,0,0,10,3,1,3,14,1,0,0,7,0,1,47,0,0,2,1,2,0,0,0,1,1,0,100,0,0,0,0,0,0,0,1,0,0,0,0,8,0,16,2,1,231,0,0,16,7,5,3,11,72,158,4,1,0,252,0,3,1,9,1,3,1,0,0,0,0,49,2,0,0,0,0,1,0,0,1,1,7,0,1,0,0,0,1,0,0,0,1,0,23,0,1,0,15,2,39,1,2,0,3,0,0,0,1,37,0,0,1,0,0,0,1,0,0,1,0,2,0,0,1,0,0,0,0,0,23,1,0,28,0,0,0,0,1,1,62,0,45,0,1,23,1,0,11,0,0,0,0,7,1,0,2,0,0,14,19,1,0,111,56,0,4,34,5,2,0,112,2,2,0,20,0,0,1,17,0,4,0,0,0,18,0,51,0,0,9,2,0,0,0,0,0,0,0,1,0,0,0,0,0,0,0,0,0,0,0,0,513,0,1,107,0,1,0,5,5,13,0,107,1,2,0,415,7,1,0,1,1,0,22,1,0,1,0,0,15,0,0,0,0,0,0,0,0,0,0,35,0,0,0,0,5,0,0,0,0,0,3,0,2,0,0,37,0,1,0,2,0,0,0,1,0,2,0,0,0,0,2,11,8,2,0,5,6,9,0,70,0,0,0,0,11,2,7,4,6,0,0,3,0,3,0,0,0,7,26,0,1,0,0,0,0,0,9,0,0,0,0,0,0,0,0,0,0,0,35,81,0,1,0,1,0,1,1,0,1,0,15,0,8,4,0,0,7,0,3,11,2,5,8,1,0,46,0,2,1,0,6,0,0,0,0,0,0,0,5,2,3,0,2,0
2,1880,ESCOLA ESTADUAL CRUZEIRO DO SUL,RUA BUDA 8,SANTA CANDIDA,-25.3673535,-49.2105694,53,0,2756,2183,152,59,0,5,1,2,26,1,1,1,0,20,1,0,0,2,0,0,0,3,0,5,5,0,0,0,4,0,0,0,34,16,9,26,9,0,0,0,0,0,0,0,1,0,0,7,0,0,0,0,0,12,0,5,0,0,0,1,0,0,1,3,0,4,0,0,0,0,0,0,0,28,3,0,5,0,2,1,0,0,0,1,0,14,0,0,0,0,1,0,0,0,0,0,0,0,4,2,7,2,6,144,2,0,7,4,4,1,6,21,101,0,0,0,70,0,0,1,4,2,0,0,0,0,0,0,23,0,0,1,0,0,1,0,0,0,1,0,0,4,0,0,0,0,0,0,0,0,0,16,0,0,0,2,1,9,0,0,0,0,0,0,0,0,28,0,0,0,0,0,0,0,0,0,1,0,2,0,4,0,0,0,0,0,0,10,0,0,13,0,0,0,0,3,0,112,0,19,0,0,5,0,0,24,0,0,0,0,0,0,0,0,0,1,4,8,0,0,10,23,0,0,11,6,1,0,48,0,3,0,8,0,1,0,33,0,2,0,0,0,51,0,79,0,0,1,1,0,0,1,0,0,0,0,0,0,1,0,0,0,0,0,0,4,0,2,0,184,0,1,14,0,0,1,0,0,11,0,19,1,0,0,152,5,0,0,3,1,0,3,0,0,1,0,0,1,0,0,0,0,0,0,0,0,0,0,12,0,0,0,0,0,1,0,0,0,0,0,0,1,0,0,16,0,4,0,13,0,0,0,0,0,2,0,1,1,0,1,6,7,4,0,0,2,0,0,103,0,0,1,0,6,2,1,0,1,0,0,1,0,1,0,0,0,4,42,0,2,0,1,0,0,0,2,0,0,1,0,0,1,0,0,0,0,0,5,24,0,1,0,0,0,1,6,0,0,0,0,0,0,0,0,0,0,2,1,7,1,0,5,0,0,49,0,1,1,0,0,0,0,0,0,0,0,0,0,0,3,0,2,0
2,1899,COLEGIO ESTADUAL PROFESSOR ALGACYR MUNHOZ MAEDER,"RUA SEBASTIAO ALVES FERREIRA, 1164",BAIRRO ALTO,-25.4042142,-49.2064066,36,0,7077,5635,289,185,0,7,0,8,56,10,3,0,1,48,0,0,0,20,0,1,0,4,4,7,11,0,0,0,3,2,0,1,83,25,6,29,49,0,1,4,0,0,0,0,2,3,3,5,0,3,0,0,0,11,1,10,0,0,0,8,0,0,7,9,0,20,6,0,0,0,2,0,1,55,1,1,2,0,2,0,0,0,3,1,0,26,0,1,0,0,1,1,0,1,0,0,0,0,19,5,23,3,6,264,3,0,5,2,8,3,27,67,188,2,0,2,148,1,1,3,27,2,5,1,0,0,0,0,59,1,0,1,1,1,1,0,0,2,0,0,0,6,0,0,2,0,0,1,0,0,0,27,0,0,0,9,3,26,0,0,0,5,0,0,0,0,48,0,0,0,2,1,0,0,0,0,2,0,28,0,2,0,0,1,0,0,0,45,4,2,29,0,0,1,1,2,0,268,0,126,0,3,13,0,1,30,0,0,0,0,4,0,0,3,0,0,9,29,1,1,42,47,3,1,29,14,6,0,165,1,3,0,10,0,2,1,95,1,1,0,0,2,121,2,175,0,0,1,0,0,0,3,1,1,0,0,0,0,1,0,0,0,0,0,1,2,0,0,0,576,0,0,29,0,1,0,3,2,4,1,53,11,1,0,460,5,0,0,7,0,0,7,1,1,3,2,0,3,0,2,2,1,0,0,0,0,0,1,31,0,0,0,0,8,0,2,0,0,0,0,0,2,0,3,33,0,3,0,13,0,0,1,0,2,2,0,0,0,0,5,6,11,1,0,44,4,6,1,226,0,0,0,0,12,3,1,1,1,0,1,2,0,1,0,0,0,0,35,0,0,0,0,0,0,0,3,0,0,0,0,0,0,1,0,0,0,0,23,77,0,0,0,0,1,6,4,0,0,4,2,0,1,0,0,0,5,3,8,25,2,2,8,0,1,393,1,2,4,0,9,0,0,0,0,1,0,0,4,2,13,0,3,0
2,1988,COLEGIO ESTADUAL  ERMELINO DE LEAO,AV NOSSA SENHORA DE NAZARE  900,BOA VISTA,-25.3921421,-49.2474383,34,0,5544,4351,128,104,0,5,1,5,53,8,5,0,3,28,0,3,0,25,0,2,0,6,1,6,5,1,0,0,9,0,1,0,51,22,14,13,22,0,2,5,0,0,0,2,1,0,4,9,0,2,0,4,1,17,0,6,0,4,0,1,1,0,7,2,0,1,7,0,0,1,3,0,0,85,0,0,3,0,0,2,0,0,1,2,0,46,0,0,0,1,0,1,0,0,0,0,0,0,9,1,11,3,2,235,1,0,21,9,9,4,27,62,192,2,2,1,192,1,1,1,12,3,2,1,0,0,0,0,40,2,0,3,0,1,0,1,0,2,0,0,0,0,0,0,0,1,1,0,0,0,0,62,0,0,0,22,8,37,0,1,0,1,0,0,0,0,58,0,0,1,0,2,0,2,0,0,2,0,3,1,0,0,0,0,0,0,0,26,0,0,41,0,0,0,0,3,0,113,0,35,0,1,18,0,0,45,0,1,2,0,6,0,1,2,0,0,8,18,0,0,52,66,2,0,43,9,1,0,134,0,8,0,10,0,0,0,52,0,7,0,0,0,78,1,98,0,0,2,2,0,1,1,0,0,0,0,0,0,0,0,0,0,0,0,0,0,0,1,1,543,1,1,46,1,0,1,7,0,2,1,90,5,2,1,314,6,3,0,5,0,0,12,1,2,0,1,0,4,1,0,0,1,0,0,0,0,0,0,33,0,1,0,0,4,1,1,0,0,0,1,0,2,0,7,36,0,4,0,2,0,0,0,0,0,4,0,0,1,0,2,6,4,3,0,16,3,10,0,165,0,0,0,0,11,6,6,4,1,0,3,1,0,2,1,0,0,1,29,0,0,0,0,0,0,0,12,0,0,0,0,0,0,0,0,2,0,0,26,71,1,0,0,1,0,3,4,0,3,0,4,0,2,1,0,1,1,2,2,11,0,3,12,0,0,59,0,4,2,0,4,2,0,0,0,0,0,0,0,0,5,1,4,0
2,1996,ESCOLA MUNICIPAL PROFESSOR RICARDO KRIEGER,"RUA MARIA GERONASSO DO ROSARIO, 346",BOA VISTA,-25.3840746,-49.2379243,34,0,2480,2032,93,77,0,4,0,4,20,2,2,0,0,23,1,0,0,9,0,0,1,0,1,2,3,0,0,1,9,0,0,0,37,11,1,9,6,0,0,7,0,0,0,0,0,1,0,8,0,1,0,0,0,3,0,1,0,0,2,2,0,2,1,5,0,3,2,0,0,0,2,0,2,33,0,0,0,0,1,0,0,0,1,0,0,15,0,0,0,0,1,1,0,0,0,0,0,0,15,0,6,2,1,125,0,0,12,5,1,3,15,35,93,1,0,4,96,0,0,0,2,0,0,0,0,0,1,0,22,0,0,0,0,0,0,0,0,2,0,0,0,0,0,0,0,1,0,0,0,0,0,16,0,0,0,7,1,17,0,1,0,3,0,0,0,0,18,0,0,0,0,1,0,0,0,0,2,0,0,0,1,0,0,0,0,0,0,14,0,1,16,0,0,0,0,0,0,82,0,13,0,0,6,1,0,24,0,0,0,0,2,0,0,0,0,0,1,4,0,0,18,18,1,1,13,5,0,0,42,0,2,0,4,0,1,0,25,0,2,1,0,0,33,0,66,0,0,1,2,0,0,0,0,0,0,0,0,0,0,0,0,0,0,0,0,0,0,0,0,217,0,0,19,2,1,0,3,0,1,0,32,0,0,0,165,2,1,0,2,1,0,1,0,0,0,0,1,2,0,1,0,0,0,0,0,0,0,0,14,0,0,0,0,1,0,2,1,0,0,1,1,0,0,0,9,0,2,0,8,0,0,0,0,0,0,0,0,0,0,1,3,2,0,0,10,6,2,0,62,0,0,0,0,4,1,8,0,0,0,0,1,0,0,0,0,0,0,13,0,0,0,0,0,0,0,5,0,2,0,0,0,0,0,0,0,0,0,10,19,0,0,0,0,0,0,3,0,0,1,2,0,4,3,1,0,1,1,0,6,0,0,6,0,0,34,0,2,1,0,6,0,0,0,0,0,0,0,0,0,2,0,2,0
2,2003,COLEGIO ESTADUAL PAPA JOAO PAULO I,R MARIA GERONASSO DO ROSARIO  259,BOA VISTA,-25.3841657,-49.2380332,34,0,4329,3415,179,114,0,4,0,8,40,7,2,1,2,32,0,1,1,11,0,0,0,1,0,2,7,0,0,1,4,0,0,0,53,10,8,9,28,0,0,1,0,0,0,1,3,1,0,5,0,0,0,1,0,10,0,5,1,4,0,3,0,1,6,9,0,11,4,1,0,0,3,0,0,44,2,0,0,0,0,2,0,0,2,1,0,27,1,0,0,1,0,0,0,0,0,0,0,0,10,2,17,0,2,182,0,0,18,3,11,1,21,56,173,1,1,8,159,1,1,3,8,2,1,0,0,0,0,0,36,0,0,0,1,0,0,0,1,0,0,0,1,0,0,0,0,0,0,0,0,2,0,21,1,2,0,15,1,20,0,3,0,3,2,0,0,0,39,0,0,0,0,0,0,1,0,0,0,0,1,0,1,0,0,0,0,0,0,33,0,0,23,0,0,0,0,0,0,151,0,34,0,0,7,0,2,43,0,0,1,0,3,0,2,0,0,0,3,14,0,0,13,37,2,3,19,6,0,2,99,0,1,0,11,0,0,0,43,0,7,1,0,0,49,0,96,0,0,2,1,0,0,3,0,0,0,0,0,0,0,0,0,0,0,0,0,0,0,0,0,378,0,0,28,2,1,0,1,0,4,0,42,1,1,0,259,2,1,0,1,2,0,7,0,0,0,2,0,5,0,1,0,0,0,0,0,0,0,0,25,1,0,0,0,1,1,1,0,0,0,0,0,1,0,2,24,0,2,0,5,0,0,1,0,0,0,0,1,0,0,1,2,7,0,0,15,2,4,1,121,0,0,0,0,8,0,6,2,0,0,0,1,0,1,0,0,0,2,21,0,0,0,0,0,0,1,1,0,0,0,0,0,1,1,0,1,1,0,16,55,0,0,0,1,1,4,4,0,0,2,2,1,1,0,0,0,2,1,3,19,0,1,10,0,0,49,1,1,0,0,7,1,0,0,0,0,0,0,1,0,7,0,4,0
2,2011,COLEGIO ESTADUAL ANGELO GUSSO,"RUA JULIO PEDROSO DE MORAIS, 10",BOA VISTA,-25.3884856,-49.259789,34,0,3542,2832,118,81,0,3,0,3,23,6,0,1,2,21,0,0,0,10,0,0,1,3,1,1,3,0,0,0,16,0,0,0,18,12,4,5,12,0,0,3,0,0,0,0,0,2,3,2,1,0,0,1,0,6,2,4,0,0,0,3,0,0,4,4,0,7,5,2,1,0,4,0,1,37,0,0,1,0,0,0,0,1,0,0,0,32,0,0,0,0,1,0,0,0,1,0,0,0,7,1,7,1,1,154,0,0,11,2,5,4,9,46,146,0,0,2,158,0,1,4,6,0,3,0,0,0,2,0,44,3,0,5,0,0,0,2,0,1,1,1,0,0,0,0,0,0,0,0,0,0,0,24,0,0,0,3,6,20,0,1,0,6,0,0,0,0,28,0,0,0,0,1,0,0,0,0,0,0,1,0,3,0,0,0,0,0,0,18,0,0,24,0,1,0,0,1,0,133,0,29,0,2,23,1,0,15,0,0,2,0,3,0,0,0,0,0,4,15,0,0,24,30,2,1,24,7,2,0,89,2,3,0,14,0,0,0,38,0,2,0,0,1,46,0,65,0,0,0,0,0,0,1,0,0,0,0,0,0,0,0,0,0,0,0,1,0,0,0,1,315,0,0,21,2,0,0,0,0,4,0,44,6,1,0,222,10,1,0,3,1,3,7,0,0,0,1,0,2,0,1,0,0,0,0,1,0,0,0,14,0,0,0,0,2,0,0,0,0,0,0,0,1,0,0,23,0,0,0,11,0,1,1,0,0,1,1,0,0,0,1,3,0,11,0,31,2,7,3,96,0,0,0,0,9,0,2,2,0,0,0,3,0,0,2,0,0,0,11,0,0,1,0,0,1,0,1,0,0,1,0,0,0,0,0,0,0,0,14,26,0,0,0,0,0,6,3,0,0,0,1,0,0,0,0,0,2,1,6,9,0,0,2,0,0,38,0,5,1,0,5,0,0,0,0,0,0,0,2,1,6,0,1,0
2,2020,COLEGIO POSITIVO BOA VISTA,"RUA CARLOS DE CAMPOS, 1090",BOA VISTA,-25.392294,-49.242949,34,0,7073,5853,177,161,0,5,0,8,60,13,2,0,2,54,1,1,0,27,0,1,0,2,1,11,14,1,0,1,23,0,0,0,35,41,11,24,31,0,1,3,0,0,0,0,1,1,4,9,3,1,0,3,1,24,0,8,0,1,1,3,0,0,13,6,0,13,10,2,0,3,5,0,0,81,1,0,3,0,0,1,0,0,2,0,0,68,0,0,0,0,0,1,0,0,0,0,0,0,17,2,12,2,3,321,0,0,23,8,6,13,23,108,228,0,0,2,254,0,2,2,4,2,3,0,0,0,0,0,80,9,0,1,0,1,0,0,1,2,0,0,2,1,0,0,1,0,1,0,0,2,0,62,0,0,0,16,6,53,0,0,0,2,0,0,0,1,61,0,0,0,0,0,0,0,0,0,4,1,3,0,1,1,0,0,0,0,0,52,6,2,62,0,0,1,1,1,1,183,0,77,0,1,22,3,0,61,0,2,1,0,8,1,2,1,0,1,11,23,1,1,53,57,2,0,47,13,1,1,203,0,1,0,19,0,0,0,51,0,6,0,0,0,89,1,110,0,0,7,3,0,0,4,0,0,0,0,0,0,0,0,0,0,0,0,0,2,0,0,0,666,3,0,81,2,0,2,8,0,12,0,121,9,0,0,536,14,1,0,4,5,0,12,0,0,3,1,0,4,0,1,0,0,0,0,0,0,0,1,62,2,0,0,0,7,1,0,0,0,0,1,0,2,0,3,51,0,5,0,11,0,0,0,1,1,0,4,0,0,0,2,8,15,1,0,15,3,12,4,204,0,0,0,0,20,6,7,4,3,0,0,4,0,1,1,0,0,7,39,0,0,0,2,0,0,2,9,0,0,0,0,0,0,0,1,0,0,0,42,126,0,0,0,0,1,4,3,0,2,0,5,0,10,2,0,1,0,2,4,17,1,2,9,0,0,77,0,1,0,0,3,0,0,0,0,0,0,1,3,0,4,2,2,0
2,2038,COLÉGIO ADVENTISTA UNIDADE BOA VISTA,"RUA FERNANDO DE NORONHA, 470",SANTA CANDIDA,-25.3815951,-49.2356858,53,0,2785,2137,105,69,0,0,0,4,21,1,1,0,0,18,1,0,0,7,0,0,0,1,1,4,1,0,0,1,8,0,0,0,31,13,1,11,12,0,1,0,0,0,0,0,0,0,0,7,1,0,1,0,0,3,0,2,0,0,0,1,0,1,5,1,0,4,0,0,0,0,1,1,0,20,0,0,3,1,0,0,0,0,0,0,0,32,0,0,0,0,0,0,0,0,0,0,0,0,5,5,6,1,2,169,2,0,10,6,7,1,7,17,94,0,0,0,141,0,0,2,11,1,3,0,0,0,0,0,43,0,0,1,0,0,4,0,1,1,0,0,1,4,0,0,0,0,0,0,0,0,0,14,0,0,0,3,1,11,0,0,0,0,0,0,0,0,22,0,0,0,0,0,0,1,0,0,0,0,1,0,1,0,0,0,0,0,0,14,0,1,15,0,0,0,1,0,0,103,0,18,0,4,6,0,0,20,0,0,1,0,1,0,0,0,0,0,2,9,0,0,10,20,1,0,8,3,2,0,52,0,2,0,11,0,0,0,18,1,4,0,0,0,20,0,64,0,0,2,2,0,0,0,0,0,0,0,0,0,0,0,0,0,0,0,2,0,0,0,0,180,0,0,19,1,1,0,0,0,3,0,28,3,1,1,195,3,0,0,1,0,0,0,0,0,0,1,0,1,0,0,0,0,0,0,0,0,0,0,24,0,0,0,1,2,0,1,0,0,0,0,0,0,0,1,2,0,4,0,9,0,0,0,1,0,0,1,0,0,0,0,4,1,1,0,6,0,6,1,72,0,0,1,0,5,0,2,5,3,0,0,1,0,0,0,0,0,2,12,0,0,0,0,0,0,0,7,0,0,0,0,1,0,2,0,0,0,0,12,38,0,0,0,1,0,1,2,0,1,1,4,0,0,0,0,0,0,1,3,7,1,0,0,0,0,25,0,2,0,1,2,0,0,0,0,0,0,0,2,0,2,0,3,0
2,2054,ESCOLA INTERATIVA,RUA JOSÉ ANTÔNIO LEPREVOST. 331,SANTA CANDIDA,-25.377812,-49.230313,53,0,791,625,35,13,0,2,0,1,5,1,0,0,0,4,0,1,0,0,0,0,0,0,0,4,0,0,0,0,0,0,0,0,11,2,1,3,1,0,0,2,0,0,0,0,0,0,0,1,0,0,1,0,0,2,0,0,0,0,0,0,0,0,3,0,0,1,0,0,0,0,1,0,0,6,0,0,1,0,0,0,0,0,1,0,0,14,1,0,0,0,0,0,0,0,0,0,0,0,4,1,3,0,0,52,1,0,2,0,0,1,2,7,31,0,0,0,31,0,0,0,3,0,0,0,0,0,0,0,7,1,0,3,0,0,0,0,0,0,0,0,0,1,0,0,1,2,0,0,0,0,0,7,0,0,0,0,1,6,0,0,0,0,0,0,0,0,5,0,0,0,0,0,0,0,0,0,0,0,0,0,0,0,0,0,0,0,0,4,0,0,6,0,0,2,0,0,0,28,0,7,0,1,1,0,0,3,0,0,0,0,0,0,0,1,0,0,2,0,0,1,2,10,0,0,1,0,0,0,15,0,1,0,0,0,1,0,8,0,4,0,0,0,13,0,16,0,0,0,0,0,0,0,0,0,0,0,0,0,0,0,0,0,0,0,0,0,0,0,0,65,0,0,3,0,1,0,0,0,0,0,6,0,0,0,66,1,0,0,0,0,0,1,0,0,0,0,0,1,0,0,0,0,0,0,0,0,0,0,4,0,0,0,0,0,0,0,0,0,0,0,0,0,0,0,4,0,1,0,1,0,0,0,0,0,0,0,0,0,0,1,2,1,0,0,1,1,0,0,16,0,0,0,0,1,0,1,0,1,0,0,0,0,0,0,0,0,0,3,1,0,0,0,0,0,0,0,0,0,0,0,0,0,0,0,0,0,0,0,9,0,0,0,0,0,0,0,0,0,0,2,0,0,0,0,0,0,0,2,2,0,1,0,0,0,4,0,0,0,1,1,0,0,0,0,0,0,0,0,0,0,0,2,1
2,2062,ESCOLA MUNICIPAL KO YAMAWAKI,"RUA EPAMINONDAS SANTOS, 2816",BAIRRO ALTO,-25.419938,-49.200563,36,0,722,612,22,19,0,0,1,0,6,2,0,0,1,3,0,0,0,0,0,0,0,0,0,0,0,0,0,0,1,0,0,0,11,3,0,1,7,0,1,0,0,0,0,0,0,0,0,0,0,0,0,0,0,1,0,1,0,1,0,0,0,0,2,0,0,0,0,0,0,0,0,0,0,2,0,0,0,0,0,0,0,1,1,0,0,5,0,0,0,1,0,0,0,0,0,0,0,0,1,3,2,0,0,51,0,0,2,0,1,0,4,9,22,0,0,0,23,0,0,0,3,0,0,0,0,0,0,0,4,0,0,0,0,0,0,0,0,0,0,0,0,0,0,0,0,0,0,1,0,1,0,7,0,0,0,3,1,6,0,0,0,0,0,0,0,0,3,0,0,0,0,0,0,0,0,0,0,0,13,0,0,0,0,0,0,0,0,4,0,0,3,0,0,0,0,0,0,19,0,10,0,0,0,0,0,0,0,0,0,0,0,0,0,0,0,0,0,7,0,0,2,7,0,0,3,1,0,1,25,0,0,0,0,0,0,0,7,0,2,0,0,0,8,0,18,0,0,0,0,0,0,2,0,0,0,0,0,0,1,0,0,0,0,0,0,0,0,0,0,62,0,0,9,0,0,0,2,0,0,0,7,6,0,0,47,1,0,0,0,0,0,0,0,0,0,0,0,0,0,0,0,0,0,0,0,0,0,0,2,0,0,0,0,0,0,0,0,0,0,0,0,0,0,1,1,0,0,0,1,0,0,0,0,0,2,0,0,0,0,0,1,0,1,0,2,1,0,0,16,0,0,0,0,0,1,2,0,0,0,0,0,0,0,0,0,0,0,2,0,0,0,0,0,0,1,2,0,0,0,0,0,0,0,0,0,0,1,3,6,0,0,0,0,0,0,0,0,0,0,0,0,0,0,0,0,0,0,0,2,0,0,1,0,0,51,0,0,0,0,2,0,0,0,0,0,0,0,0,0,0,0,1,2
2,2070,ESCOLA MUNICIPAL THEODORO DE BONA,"ESTRADA DAS OLARIAS, 1081",SANTA CANDIDA,-25.374112,-49.213234,53,0,401,335,29,15,0,0,0,0,3,0,0,0,0,1,0,0,0,0,0,0,0,0,0,1,0,0,0,0,0,0,0,0,10,2,1,1,2,0,0,0,0,0,0,0,0,0,1,0,0,0,0,0,0,0,0,1,0,1,0,0,0,0,2,3,0,0,2,0,0,0,0,0,0,3,0,0,0,0,0,0,0,0,0,0,0,0,0,0,0,0,0,0,0,0,0,0,0,0,0,0,0,0,0,23,0,0,1,0,2,1,4,1,13,0,0,0,18,0,0,0,1,0,0,0,0,0,1,0,3,1,0,0,0,0,0,0,0,0,0,0,0,0,0,0,0,0,0,0,0,0,0,1,0,0,0,0,0,3,0,0,0,0,0,0,0,0,2,0,0,0,0,0,0,0,0,0,0,1,0,0,0,0,0,0,0,0,0,0,0,0,3,0,0,0,0,0,0,10,0,1,0,0,0,0,0,2,0,0,0,0,1,0,0,0,0,0,0,0,0,0,1,4,1,0,1,3,0,0,6,0,0,0,0,0,0,0,5,0,0,0,0,0,3,0,10,0,0,0,0,0,0,0,0,0,0,0,0,0,0,0,0,0,0,1,0,0,0,0,0,30,0,0,6,0,0,0,0,0,0,0,2,0,0,0,36,1,0,0,0,1,0,0,0,0,0,0,0,0,0,0,0,0,0,0,0,0,2,0,9,0,0,0,0,0,0,0,0,0,0,0,0,0,0,0,3,0,0,0,1,0,0,0,0,0,0,0,0,0,0,0,0,0,0,0,0,0,0,0,22,0,0,0,0,0,0,0,0,0,0,0,0,0,0,0,0,0,0,2,0,0,0,0,0,0,0,0,0,0,0,0,0,0,0,0,0,0,0,0,2,0,0,0,0,0,0,0,0,0,0,0,0,0,0,0,0,0,0,0,1,0,0,0,0,0,8,0,0,0,0,3,0,0,0,0,0,0,0,0,0,0,0,0,0
2,2089,COLEGIO FENIX,"RUA HOLANDA, 881",BOA VISTA,-25.3974018,-49.2486295,34,0,3008,2460,66,57,0,1,0,0,27,4,2,0,1,24,0,0,0,14,0,0,1,0,0,3,3,0,0,0,6,0,0,0,13,12,5,8,5,0,0,1,0,0,0,0,0,0,1,7,1,0,0,0,0,6,1,4,1,1,0,4,0,1,3,3,0,10,6,0,0,0,2,0,0,26,1,1,0,0,0,0,0,0,0,0,0,40,0,0,0,0,0,0,0,0,0,0,0,0,3,1,8,1,2,182,0,0,5,1,4,2,9,51,97,3,0,2,161,0,2,3,7,1,0,0,1,0,0,0,36,2,0,1,0,0,0,0,0,0,0,0,0,2,0,0,1,0,0,0,0,1,0,18,1,0,0,12,1,21,0,1,0,2,1,0,0,0,18,0,0,1,0,0,0,0,0,0,2,0,2,0,3,0,0,0,0,0,0,12,0,0,11,2,0,0,0,0,1,56,0,38,0,0,6,0,0,24,0,1,2,0,1,0,0,0,0,0,2,14,1,0,21,31,0,0,19,2,1,1,67,3,2,0,7,0,0,0,20,0,7,0,0,0,26,0,70,0,1,2,0,0,0,2,0,0,0,0,1,0,0,0,0,0,0,0,1,1,0,0,0,332,0,1,26,1,1,0,0,1,1,1,50,4,0,2,208,4,0,0,3,0,0,2,0,1,0,0,0,4,0,1,0,0,0,0,0,0,0,0,20,0,0,0,0,3,0,0,0,0,0,0,0,1,0,1,22,0,4,0,3,0,0,0,0,0,2,1,0,0,0,0,0,5,0,0,12,3,4,1,79,0,0,0,0,1,1,3,4,1,0,0,0,0,0,0,0,0,0,9,1,0,0,0,0,0,0,5,0,0,0,0,0,0,2,0,0,0,0,10,49,0,1,0,0,1,1,0,0,0,1,6,0,4,2,0,0,0,1,2,6,1,1,2,0,0,31,0,1,0,0,2,0,0,0,0,0,0,0,1,1,2,0,3,0
3,1023,ESCOLA ESTADUAL REPÚBLICA ORIENTAL DO URUGUAI,"AV PRES. AFFONSO CAMARGO, N. 3407, CAPAO DA IMBUIA",CAPAO DA IMBUIA,-25.4383133,-49.2280033,20,0,4253,3550,139,101,0,4,0,5,31,6,3,0,0,29,2,1,0,14,0,1,0,0,1,3,8,0,0,0,16,0,3,0,46,26,12,7,17,0,3,3,0,0,0,0,0,0,3,3,0,0,2,4,0,11,0,8,0,1,0,2,0,0,7,15,2,10,1,0,0,0,2,0,0,36,0,1,2,0,0,0,0,0,0,0,1,37,0,0,0,0,0,0,0,0,0,1,0,0,8,1,7,1,0,188,1,0,6,1,6,4,10,79,149,1,0,0,129,0,1,3,16,2,2,0,0,0,1,0,30,1,0,1,0,0,2,0,0,1,0,0,0,1,0,0,0,0,2,0,0,0,0,9,0,1,0,6,0,24,0,0,0,10,1,0,0,1,20,0,0,1,0,0,0,0,0,0,0,0,2,0,22,2,0,1,0,0,0,14,0,0,21,0,0,0,1,1,0,163,0,113,0,1,11,1,2,5,0,2,0,0,16,1,0,1,0,0,7,20,0,0,22,36,3,3,32,12,1,6,94,0,0,0,20,0,2,1,50,0,1,0,0,0,54,0,77,0,1,1,0,0,0,1,0,0,0,1,0,0,1,0,0,0,0,0,0,1,0,0,0,407,0,0,21,0,0,0,6,0,1,0,49,0,0,0,270,5,0,0,7,3,0,2,0,0,0,0,0,3,0,1,0,0,0,0,0,0,0,0,16,0,1,0,0,3,0,1,0,0,1,0,2,1,0,0,33,0,3,0,4,0,0,0,0,1,0,2,0,0,0,1,3,1,3,0,10,1,1,1,109,0,0,0,0,19,1,4,0,2,1,0,0,0,1,0,0,1,4,22,2,1,1,0,0,0,0,10,0,0,1,0,1,0,0,0,0,0,0,17,57,0,0,0,0,0,1,0,0,1,0,7,0,8,0,0,0,4,0,4,3,0,1,45,0,0,154,0,1,0,0,6,0,0,0,0,0,0,0,1,0,9,0,3,0
3,1058,ESCOLA MUNICIPAL IRATI,"AV JORN ADERBAL GAERTNER STRESSER, N. 775, CONJUNTO MERCÚRIO",CAJURU,-25.4702183,-49.2027633,21,0,4532,3771,207,107,0,3,3,7,24,7,1,0,0,31,0,0,0,7,0,0,0,2,3,4,16,0,2,0,13,0,0,0,45,17,32,24,13,0,2,2,0,0,0,0,0,0,1,4,0,1,0,1,0,5,5,21,0,0,2,0,0,0,6,17,0,18,1,0,2,0,0,0,0,40,0,0,1,0,1,0,0,0,0,2,0,24,1,1,0,0,1,0,0,0,0,0,0,0,7,0,6,0,3,138,0,0,3,4,3,2,12,64,104,0,0,7,86,0,0,1,10,3,1,0,0,0,0,0,25,1,0,0,0,0,0,0,1,1,2,1,2,2,0,0,0,8,1,0,0,0,0,5,0,0,0,3,3,15,0,1,2,3,1,1,0,0,18,0,0,0,0,0,0,0,0,0,0,0,0,0,154,0,0,0,0,0,0,30,0,0,22,1,0,0,0,0,0,162,0,77,0,2,5,0,0,11,0,1,0,0,17,0,0,0,0,0,2,11,0,0,12,38,3,0,13,30,1,0,86,0,1,0,7,0,0,0,32,0,5,0,0,0,62,0,78,0,0,3,1,0,0,2,0,0,0,0,0,0,0,0,0,0,0,0,0,2,0,0,0,332,0,0,12,1,0,0,7,0,4,0,27,0,0,0,252,8,0,0,9,0,0,3,0,1,0,0,0,9,0,1,0,0,0,0,0,0,3,0,26,0,1,0,2,3,4,1,0,0,0,0,0,0,0,0,12,0,0,0,18,0,0,1,0,1,1,1,1,0,0,1,6,4,3,0,5,1,1,0,87,0,0,1,0,6,1,2,2,0,0,0,2,0,1,2,0,0,0,17,0,0,0,1,0,1,0,8,1,0,0,0,0,0,0,1,0,0,1,11,22,0,1,2,1,1,2,0,1,0,0,3,0,2,2,1,0,2,0,4,15,2,0,535,0,0,101,0,2,0,0,3,1,0,0,0,0,0,0,1,1,4,0,6,1
3,1066,ESCOLA MUNICIPAL AYRTON SENNA DA SILVA,"RUA ANTÔNIO MOREIRA LOPES, N. 1301, JARDIM ACRÓPOLE",CAJURU,-25.4711491,-49.1921663,21,0,4214,3385,261,103,0,6,4,8,42,2,5,1,1,29,0,0,0,7,0,0,0,1,0,1,14,0,0,0,8,0,0,0,49,6,13,14,19,0,0,0,0,0,1,0,0,0,0,3,0,0,0,0,0,11,0,5,0,0,2,0,0,0,10,13,0,16,0,0,0,0,0,3,1,38,0,0,1,0,2,0,0,0,1,0,0,13,1,1,0,0,2,0,0,0,0,0,0,0,19,1,7,1,5,143,4,0,4,2,1,1,16,122,95,0,0,26,65,1,0,3,8,1,2,0,0,0,0,0,18,1,0,1,0,0,0,0,0,0,0,0,0,1,0,0,0,33,0,0,0,0,0,5,0,0,0,12,0,18,0,0,0,2,0,0,0,0,11,0,0,0,0,0,0,1,0,1,0,1,0,0,186,0,0,0,0,1,0,17,0,0,13,0,0,0,1,2,0,127,0,66,0,1,2,3,0,6,0,0,0,0,5,0,1,1,0,0,7,8,0,0,24,23,7,1,8,21,1,0,53,0,2,0,10,0,1,0,59,1,2,0,1,0,70,1,83,1,0,0,0,0,0,1,0,0,0,2,0,0,0,0,0,0,0,0,0,3,0,0,0,233,0,1,7,0,0,0,0,0,1,0,39,2,1,0,188,5,0,0,1,2,3,1,0,0,0,0,0,1,0,0,0,0,0,0,1,0,3,0,8,0,0,0,0,1,1,2,0,0,0,0,0,1,0,0,18,0,0,0,6,1,0,0,0,2,0,1,0,0,0,4,3,3,2,0,7,1,0,0,66,0,0,0,0,4,4,0,0,1,0,0,0,0,0,0,0,0,0,22,0,0,0,0,0,0,0,4,0,0,0,0,0,0,0,0,0,0,0,20,30,0,2,0,1,0,2,0,0,1,0,0,0,2,2,0,0,2,0,1,24,1,2,268,0,0,190,1,2,0,0,2,0,0,1,0,0,0,0,0,0,7,0,1,0
3,1074,COLEGIO ESTADUAL MÁXIMO ATÍLIO ASINELLI,"RUA JÚLIO WISCHRAL, N. 650, UBERABA DE CIMA",UBERABA,-25.4745658,-49.2230638,37,0,3165,2574,100,64,0,1,4,3,18,4,0,0,0,26,0,0,0,10,2,0,1,0,0,1,4,0,0,1,7,0,0,0,25,18,12,1,7,0,0,1,0,0,1,0,0,0,1,2,0,0,0,2,0,3,0,4,0,0,0,2,0,0,7,5,0,2,6,0,0,0,4,0,0,29,0,0,1,1,1,0,0,0,0,0,0,29,1,0,0,0,2,0,0,0,0,0,0,0,3,3,7,0,0,132,1,1,4,0,1,4,10,36,98,1,0,7,114,0,0,5,8,2,1,0,0,0,0,1,35,1,0,0,0,0,1,0,0,0,0,0,0,1,1,0,0,5,0,0,0,0,0,5,0,1,0,3,2,29,0,0,0,4,0,0,0,0,17,0,0,0,0,0,0,0,0,0,2,0,1,0,3,0,0,0,0,0,0,21,0,0,25,2,0,0,0,0,0,78,0,33,0,2,5,0,0,6,0,0,0,0,9,0,0,0,0,0,10,15,0,0,22,27,4,1,20,16,1,0,70,0,1,0,2,1,0,0,10,0,4,0,0,0,41,1,69,0,0,2,0,0,0,1,0,0,1,0,0,0,0,0,0,0,0,0,0,4,0,0,0,304,0,1,38,1,0,0,6,0,3,0,35,2,0,0,270,7,0,0,2,4,0,2,0,0,0,1,0,8,0,1,2,0,0,0,0,0,0,0,23,1,0,0,0,4,0,2,0,0,0,0,1,1,0,0,15,0,4,0,6,0,0,1,0,3,1,1,0,0,0,1,3,4,6,0,3,2,4,0,75,0,0,0,0,1,1,2,0,2,0,0,1,0,1,0,0,0,3,13,0,0,0,0,0,0,0,2,0,0,2,0,0,0,1,0,0,0,0,8,43,0,0,0,3,0,3,0,0,2,0,4,0,0,0,0,0,1,0,5,2,0,2,100,1,0,42,0,2,0,0,3,0,0,0,0,0,0,0,3,2,3,0,1,0
3,1082,ESCOLA MUNICIPAL MARUMBI,"RUA FRANCISCO LICNERSKI, 50,  PRÓXIMO À SANEPAR DA BR 277",UBERABA,-25.4795245,-49.2027126,37,0,3720,3080,189,92,0,5,0,8,16,4,2,0,0,22,1,2,0,10,0,1,0,1,1,8,13,0,0,0,9,0,0,0,53,13,18,19,8,0,0,0,0,0,1,0,0,0,0,4,0,2,0,2,0,0,0,5,0,0,1,2,2,0,3,25,0,14,1,0,0,0,1,0,0,57,0,0,4,1,0,1,0,0,1,0,0,19,0,1,0,0,1,0,0,0,0,0,0,0,11,1,18,0,1,147,0,0,6,1,9,2,10,57,89,1,0,23,67,0,1,1,9,1,1,1,0,0,1,0,24,0,1,0,0,0,1,0,0,0,0,0,0,4,0,0,0,5,0,0,1,0,0,13,0,0,0,8,0,20,0,3,0,3,0,0,0,0,19,0,0,0,0,0,0,0,1,0,0,0,0,0,47,0,1,0,0,0,0,36,0,0,14,1,0,0,0,5,0,128,0,34,0,5,6,0,0,7,0,0,0,0,17,0,0,0,0,0,9,13,0,1,25,22,13,1,13,21,0,3,54,4,0,0,7,0,0,2,50,0,2,0,0,1,54,0,86,0,1,1,0,0,0,3,0,0,0,0,0,0,0,0,0,0,0,0,0,5,0,0,0,304,0,0,14,0,0,0,6,0,9,1,31,0,1,0,180,2,0,0,1,0,0,1,0,0,0,4,0,5,1,0,3,0,0,0,0,0,1,0,10,0,0,0,0,2,0,1,0,0,0,0,0,1,0,2,33,0,0,0,6,0,0,0,0,4,0,0,0,0,0,2,0,12,6,0,8,7,2,1,71,0,0,0,0,7,1,2,2,0,0,1,0,0,0,0,0,0,0,39,0,0,3,0,0,0,0,2,0,0,0,0,0,2,0,1,0,0,0,8,23,0,0,0,1,1,4,0,0,0,0,3,0,3,1,0,0,1,0,2,9,2,0,214,1,0,98,0,2,0,0,3,0,0,0,1,0,0,0,0,2,11,0,2,0
3,1090,ESCOLA MUNICIPAL CORONEL DURIVAL BRITTO E SILVA,"RUA EMÍLIO BERTOLINI, N. 44, VILAS OFICINAS",CAJURU,-25.4481703,-49.2159031,21,0,4068,3347,200,133,0,10,2,2,26,4,2,2,2,19,0,1,0,14,1,0,0,0,0,4,8,1,0,0,14,0,0,0,37,32,9,24,9,0,1,1,0,0,0,1,1,0,0,2,2,1,0,0,0,1,0,10,0,0,0,0,0,2,7,36,1,19,9,0,2,0,1,0,0,44,0,0,6,0,0,1,0,0,1,2,2,16,0,0,0,0,0,0,1,0,0,0,0,0,20,2,13,0,3,173,1,0,4,3,4,4,7,55,105,1,0,3,95,0,0,0,5,2,0,0,0,0,0,0,34,0,0,0,0,0,0,0,3,0,0,0,0,3,1,1,0,7,5,0,0,0,0,8,0,1,0,5,1,16,0,3,0,4,0,0,0,1,31,0,0,0,0,1,0,0,0,0,1,1,0,0,42,0,0,0,0,0,0,34,1,1,24,0,0,0,0,2,0,171,0,82,0,4,9,0,0,8,0,0,0,0,11,0,0,1,0,0,6,22,0,1,17,25,4,5,9,21,1,3,55,1,1,0,10,0,0,0,38,0,1,0,0,0,65,1,88,0,0,2,0,0,0,1,0,0,0,0,0,0,0,0,0,0,0,0,0,0,0,0,0,311,0,0,11,0,4,0,2,1,2,0,22,3,1,0,229,5,1,0,2,0,0,1,0,0,2,1,0,4,1,0,1,0,0,0,0,0,0,0,31,0,0,0,0,3,2,1,0,1,0,1,1,1,0,0,19,0,2,0,25,0,0,1,0,2,1,0,0,1,0,2,0,4,2,0,16,5,1,0,94,0,0,1,0,7,0,1,0,0,0,0,1,0,5,2,0,1,1,49,0,1,0,0,0,1,0,3,0,0,3,0,0,0,2,0,1,0,0,20,29,0,0,0,3,1,3,0,0,0,0,5,0,4,1,1,0,2,0,1,8,5,0,101,4,0,119,0,0,0,0,2,0,0,0,0,0,0,0,4,0,14,0,1,0
3,1104,ESCOLA MUNICIPAL PREFEITO LINNEU FERREIRA DO AMARAL,"RUA RORAIMA, N. 1570, VILAS OFICINAS",CAJURU,-25.4523694,-49.208151,21,0,5081,4082,279,119,0,5,3,11,41,4,5,0,0,31,1,1,0,15,0,0,0,1,2,0,14,0,0,0,7,1,0,0,34,102,19,23,13,1,0,0,0,1,1,0,1,0,6,2,0,0,0,0,1,4,0,9,0,0,0,1,0,0,5,20,0,13,2,1,1,0,3,1,0,64,1,0,1,0,1,0,0,0,0,1,2,22,0,0,0,0,1,1,0,0,0,0,0,0,13,2,15,0,1,166,7,0,5,3,6,0,8,93,134,1,0,5,92,1,0,1,5,1,1,0,0,0,0,0,29,2,0,0,0,0,0,0,0,3,0,0,0,1,0,0,0,22,0,3,0,1,1,5,0,0,0,8,3,18,0,1,0,3,3,0,0,0,41,0,0,2,0,0,0,0,0,0,2,0,0,0,124,0,0,0,0,0,0,31,1,0,13,0,0,1,1,1,0,165,4,98,0,3,1,0,0,16,1,0,0,0,10,0,1,0,0,0,3,15,1,0,18,43,4,3,11,21,6,0,99,0,1,0,16,0,1,2,66,0,2,0,0,0,70,1,95,0,0,1,0,0,0,0,0,1,0,1,0,0,0,0,0,0,0,0,0,2,0,0,0,339,0,2,18,0,0,0,4,0,6,0,35,2,0,0,265,17,0,0,3,1,0,1,0,0,0,1,0,3,0,4,0,1,0,0,0,0,0,3,21,0,0,2,0,4,2,1,0,0,0,0,0,0,0,0,37,0,1,0,11,0,0,1,2,2,0,0,0,0,0,1,3,0,4,0,9,0,4,0,135,0,0,0,0,2,2,1,2,0,0,0,0,0,5,2,0,0,0,57,1,0,1,0,0,2,0,2,0,0,0,0,0,0,1,0,0,0,0,25,46,0,0,0,1,0,0,1,0,0,0,6,0,2,1,0,0,0,0,1,13,1,2,186,0,0,192,1,0,1,0,5,0,0,0,0,0,0,0,6,1,6,0,2,0
3,1112,COLÉGIO ESTADUAL NATÁLIA REGINATO,"RUA GOIÂNIA,  679, VILAS OFICINAS",CAJURU,-25.4548246,-49.220086,21,0,2767,2140,106,67,0,4,0,3,25,4,3,0,1,19,0,0,0,4,0,1,0,1,2,0,6,1,0,0,5,0,0,0,29,23,3,12,8,0,1,1,0,0,0,0,0,1,1,1,2,0,0,3,0,4,0,6,0,0,0,0,0,0,7,30,0,6,2,0,0,0,1,0,0,31,1,0,2,0,0,1,0,0,0,0,0,12,0,1,0,0,0,0,0,1,0,0,0,0,16,1,9,3,0,124,0,1,5,1,2,0,6,38,56,1,0,4,73,0,2,1,7,1,3,1,0,0,0,0,21,1,0,0,0,1,2,0,3,0,0,0,0,1,0,0,1,3,0,0,0,0,0,9,0,0,0,3,0,7,0,3,0,3,0,0,1,0,20,0,0,0,0,0,0,0,0,0,0,0,1,0,41,1,0,0,0,0,1,19,3,2,18,0,0,0,1,1,0,84,0,34,0,2,1,0,0,4,0,0,0,0,10,0,0,0,0,0,2,12,0,0,9,22,3,0,10,17,4,1,42,0,3,0,7,0,0,0,23,1,3,0,1,1,48,1,50,0,0,0,0,0,0,2,0,0,0,0,0,0,0,0,0,0,0,0,0,0,0,0,0,231,0,1,7,0,1,0,5,0,0,0,15,5,1,0,128,3,0,0,0,0,0,0,0,0,0,1,0,0,1,1,0,0,0,0,0,0,0,0,12,1,0,1,0,0,3,2,0,0,0,1,0,1,0,0,11,0,0,0,2,0,0,0,0,4,0,3,0,0,0,0,2,5,0,0,5,3,0,1,45,0,2,0,0,4,1,4,2,0,0,0,0,0,1,2,0,0,0,23,1,0,0,0,0,1,0,2,0,0,0,0,1,0,1,0,0,0,0,5,32,0,0,0,1,0,3,0,0,1,1,3,0,0,1,0,0,2,1,1,3,0,0,91,0,0,74,0,1,1,0,2,0,0,0,0,0,0,0,2,0,6,0,1,0
3,1120,ESCOLA ESTADUAL PROFESSOR NILO BRANDÃO,"AV JORN. ADERBAL GAERTNER STRESSER, 748",CAJURU,-25.4706267,-49.2041933,21,0,4851,3869,165,122,0,3,0,6,40,7,3,1,0,24,0,0,0,12,0,0,0,1,0,2,15,1,0,0,7,0,0,0,24,17,13,18,7,0,0,1,0,0,0,0,0,0,1,4,0,0,0,1,0,3,0,8,0,0,0,1,1,0,9,16,0,15,0,0,0,0,0,1,0,50,0,0,1,0,0,0,0,0,0,0,0,25,0,0,0,0,2,1,0,0,0,0,0,0,12,0,9,3,1,178,2,1,6,5,6,6,15,100,120,0,0,13,103,0,0,2,11,0,3,0,0,0,0,0,31,1,1,0,0,0,1,0,2,2,0,0,0,2,0,0,1,10,0,0,0,0,0,12,0,2,0,6,2,24,0,1,0,2,1,2,0,0,26,0,0,0,0,0,0,0,0,0,0,0,2,0,91,0,0,0,0,0,0,20,2,1,26,0,0,0,0,0,0,122,0,57,0,5,4,0,1,9,0,1,0,0,16,0,0,0,0,0,4,13,0,0,12,25,5,0,25,28,1,1,65,1,0,1,10,0,0,0,35,0,4,0,0,0,51,0,97,1,0,1,1,0,0,1,0,0,0,0,0,1,0,0,0,0,0,0,0,4,0,1,0,368,1,0,19,0,0,0,1,0,1,0,20,3,0,0,280,2,0,0,6,2,0,1,0,0,0,0,0,3,0,3,0,0,0,0,0,0,1,0,24,0,0,0,0,2,3,0,0,0,1,0,0,0,0,1,22,0,1,0,12,0,0,0,1,4,0,0,1,0,0,3,5,5,2,0,14,3,3,2,94,0,0,0,2,5,0,3,0,0,0,0,1,0,2,3,1,1,0,18,0,1,0,0,0,1,1,3,0,0,0,0,0,0,1,1,0,0,0,10,31,0,1,0,1,0,3,1,0,1,0,6,0,2,2,0,0,0,0,5,3,2,0,639,1,0,96,1,0,0,0,0,0,0,0,0,0,0,0,2,2,2,1,1,0
3,1139,COLÉGIO ESTADUAL DEPUTADO OLÍVIO BELICH,"RUA ENGENHEIRO COSTA BARROS, N. 1600, CAJURU ",CAJURU,-25.4600831,-49.2121757,21,0,5783,4565,236,134,0,6,1,3,42,10,1,0,3,28,1,0,0,16,0,1,0,1,2,1,12,1,0,0,7,0,0,0,63,46,17,14,11,0,1,0,0,1,1,0,1,0,2,1,0,5,0,4,0,1,2,13,0,0,1,1,0,0,50,15,0,20,1,0,0,0,2,1,0,57,1,0,4,0,2,2,0,0,0,0,1,31,0,1,0,0,0,0,0,0,0,0,0,0,22,0,18,0,3,211,1,0,7,7,7,3,10,98,161,0,0,5,116,0,0,5,9,1,5,0,0,0,0,0,42,1,2,4,0,0,0,0,1,0,0,0,0,6,0,0,0,10,0,2,0,1,0,12,0,3,0,7,1,16,0,1,0,4,0,0,0,0,25,0,0,1,0,0,1,1,0,0,1,0,1,0,124,0,1,1,0,0,0,34,1,0,21,0,3,0,0,1,0,201,0,81,0,3,9,0,0,12,0,3,0,0,10,0,0,2,0,0,9,15,0,0,24,42,4,2,24,26,0,0,86,1,0,0,11,0,0,0,50,1,13,0,0,1,84,1,96,0,0,0,0,0,1,1,0,0,0,0,0,0,0,0,0,0,0,0,0,1,0,0,0,440,0,0,21,0,0,0,1,0,6,0,40,4,0,1,276,19,1,0,1,0,0,3,0,0,0,0,0,0,0,3,0,0,0,0,0,0,2,0,23,0,0,1,0,4,1,2,0,0,0,0,0,0,0,1,24,0,2,0,12,0,0,2,0,1,0,0,0,0,0,4,1,4,4,0,7,3,2,1,126,0,0,1,0,9,6,5,1,0,0,1,0,0,2,1,0,1,3,31,0,0,1,0,0,0,0,3,0,0,1,0,0,0,1,0,0,0,0,11,38,0,0,0,4,0,4,0,0,0,0,2,1,5,0,0,1,1,1,3,15,3,0,530,2,0,107,1,0,0,0,3,0,0,2,0,0,0,0,1,0,8,0,1,0
3,1147,ESCOLA MUNICIPAL PREFEITO OMAR SABBAG,"RUA PEDRO BOCCHINO, N. 140, VILAS OFICINAS",CAJURU,-25.4505223,-49.2184143,21,0,7603,5921,332,212,0,12,1,12,61,5,3,1,5,46,0,1,0,20,0,0,0,3,1,4,13,0,0,0,7,0,1,0,73,64,15,25,23,0,1,0,0,0,1,3,1,2,1,3,1,1,0,0,0,14,1,28,0,0,2,4,0,0,10,72,0,29,4,0,0,0,0,0,0,97,2,0,3,0,1,0,0,0,0,0,2,29,1,3,0,0,0,0,0,0,0,0,0,0,38,5,15,4,7,241,3,1,10,2,6,0,14,126,243,2,0,14,180,0,1,2,9,2,0,0,0,0,0,0,42,0,0,0,0,0,1,1,1,2,2,0,1,2,0,0,0,10,1,1,0,0,0,19,0,3,0,21,4,21,0,1,0,4,2,0,1,0,57,1,0,0,0,0,0,0,2,1,3,2,1,0,98,0,0,0,0,0,0,55,1,0,42,0,0,1,0,2,0,243,1,93,0,2,14,1,1,17,0,2,0,0,21,0,1,1,0,0,12,24,2,0,43,49,6,1,31,27,0,6,128,0,7,0,34,0,1,0,66,0,11,1,0,0,121,0,155,0,0,4,0,4,1,3,0,0,0,0,0,0,1,1,0,0,0,0,0,1,0,0,0,551,0,0,17,0,3,0,1,0,3,0,62,10,1,0,371,10,0,0,3,1,0,0,0,0,0,2,0,8,0,4,0,0,0,0,0,0,0,0,31,0,0,0,1,4,4,0,0,0,0,0,0,1,0,1,65,0,4,0,24,0,0,3,0,4,1,0,1,0,0,2,5,3,7,5,29,2,2,0,156,0,0,1,0,10,4,5,6,2,0,0,0,0,6,1,1,0,1,82,1,0,3,0,0,2,0,5,0,0,7,0,0,0,1,0,0,0,0,33,69,0,0,0,2,0,5,1,0,0,1,3,0,2,4,1,0,1,0,1,10,0,1,276,0,0,218,2,1,0,0,6,0,0,0,0,1,0,0,4,1,10,0,4,0
3,1155,ESCOLA ESTADUAL SANTA ROSA,"RUA AMÍLTON PORTUGAL PEREIRA, 515, SOLITUDE",CAJURU,-25.4759288,-49.1950276,21,0,3787,2932,221,95,0,5,2,3,25,9,2,0,0,24,2,1,0,8,0,0,0,1,2,3,8,1,1,0,6,1,0,0,49,9,15,16,10,0,1,1,0,0,0,0,0,0,1,4,0,1,0,0,1,4,1,6,0,0,0,4,0,0,20,15,0,11,0,1,0,0,0,1,0,31,1,0,2,0,0,0,0,0,0,0,0,15,1,0,0,0,1,0,0,0,0,0,0,0,14,1,7,0,0,124,0,1,7,1,4,1,11,69,93,0,1,11,78,0,0,2,6,0,3,0,0,0,0,0,17,2,0,1,0,1,0,0,0,0,0,0,0,2,0,0,2,6,0,0,0,0,0,6,0,0,0,5,1,4,0,0,0,1,3,0,0,0,6,0,0,0,0,0,0,0,0,0,1,0,0,0,109,0,0,1,0,0,0,24,0,0,13,0,0,0,0,0,0,123,0,57,0,4,1,2,0,2,0,0,0,0,7,0,0,1,0,0,0,9,0,0,21,22,9,1,11,27,1,2,63,1,3,0,14,0,1,0,45,1,4,0,0,0,45,0,71,0,0,2,1,0,0,0,1,0,0,1,0,0,1,0,0,0,0,0,0,0,0,0,0,264,0,1,9,0,0,0,3,0,0,0,21,4,0,0,177,9,0,0,1,0,1,1,0,0,0,0,0,1,0,2,1,2,0,0,1,0,0,0,15,0,0,0,0,1,19,0,0,0,0,0,1,1,0,0,10,1,0,0,15,0,1,0,0,3,1,0,0,0,0,0,2,2,2,0,5,1,1,0,60,0,0,0,0,6,0,1,0,0,0,0,0,1,0,2,1,0,0,27,0,0,0,0,0,1,0,2,1,0,0,0,0,1,0,0,0,0,0,24,20,0,0,0,2,0,1,0,0,0,0,6,0,3,1,0,0,0,0,4,15,0,0,238,0,0,93,1,0,0,0,3,0,0,2,0,0,0,0,0,0,2,0,0,0
3,1163,COLÉGIO ESTADUAL SENHORINHA DE MORAES SARMENTO,"RUA CATULO DA PAIXÃO CEARENSE, N. 1000, CENTENÁRIO",CAJURU,-25.4647166,-49.2047695,21,0,9245,7144,455,202,0,15,4,14,60,5,10,0,1,67,5,2,0,34,2,0,0,4,0,5,27,0,0,1,9,1,0,0,82,35,43,32,23,0,0,0,0,0,0,0,1,0,6,2,0,0,0,5,0,8,0,16,1,1,1,5,2,2,16,26,0,32,2,1,0,0,0,1,0,82,0,0,5,1,0,0,0,0,2,0,2,26,1,0,0,0,1,2,0,0,4,0,0,2,39,3,18,3,3,279,5,2,9,2,10,3,15,144,201,0,0,19,172,3,0,5,14,3,4,0,0,0,1,0,51,2,0,0,0,1,1,0,0,3,1,0,0,4,0,0,1,33,0,0,0,1,1,9,0,1,0,14,5,14,0,3,2,5,0,0,0,0,30,0,0,1,0,0,0,0,0,2,1,0,4,1,475,0,0,2,0,0,0,51,1,0,35,0,0,1,3,3,0,266,0,190,0,4,5,0,0,11,0,1,1,0,13,0,0,0,0,0,10,20,1,0,28,61,12,3,15,30,2,2,98,1,0,0,21,0,1,0,96,0,16,1,0,0,116,1,154,0,1,1,0,0,0,0,0,0,0,0,0,0,0,0,0,0,0,0,1,5,1,0,0,534,0,0,18,1,1,0,3,0,4,1,58,3,1,0,477,13,1,0,7,0,0,2,0,0,0,2,0,5,0,2,0,0,0,0,0,0,4,0,48,1,1,0,0,2,8,2,0,0,0,0,1,0,0,2,41,0,3,0,14,0,0,4,0,7,0,1,0,2,0,1,2,2,5,0,20,4,3,0,170,0,0,0,0,12,3,7,3,1,0,0,1,0,4,2,0,0,1,34,0,2,0,0,0,0,3,3,0,0,1,0,0,1,3,0,2,0,0,17,54,0,2,0,0,0,5,1,0,0,0,2,0,4,2,0,0,2,0,1,22,3,1,911,2,0,219,0,0,2,1,7,0,0,1,0,0,1,0,1,1,14,0,2,0
3,1198,ESCOLA MUNICIPAL PROFESSOR ENÉAS MARQUES DOS SANTOS,"RUA OSMÁRIO DE LIMA, N. 100",CAPAO DA IMBUIA,-25.433934,-49.2188575,20,0,3957,3160,112,92,0,3,1,4,29,0,0,0,1,19,0,0,0,5,0,0,1,1,1,2,6,0,0,1,7,0,2,0,30,43,4,4,11,0,0,2,0,0,0,0,0,2,1,4,0,1,1,1,0,15,1,2,4,0,0,6,0,0,1,12,0,6,1,0,1,0,1,0,0,45,0,0,1,0,0,0,0,0,0,2,0,21,0,0,0,0,0,0,0,0,0,0,0,0,8,1,17,0,2,160,1,2,7,1,6,1,6,81,131,0,0,6,94,0,1,2,7,2,2,0,0,0,0,0,36,0,0,0,0,0,1,0,0,1,0,0,0,1,0,0,0,0,0,0,0,0,0,10,0,3,0,8,6,12,2,2,0,0,0,0,0,1,39,0,0,0,0,0,0,0,0,0,3,0,3,0,30,0,0,0,0,0,0,24,0,1,27,0,0,3,0,0,0,119,0,118,0,1,8,0,0,2,1,0,1,0,8,0,0,0,0,2,6,16,0,0,34,43,5,0,20,13,1,0,81,0,1,0,24,0,2,0,30,0,2,0,0,0,64,0,106,0,0,0,0,0,0,1,0,0,0,1,0,0,0,0,2,0,0,0,0,1,0,0,1,339,2,0,14,0,0,0,1,0,1,0,34,2,1,0,168,4,0,0,0,2,0,1,0,1,0,1,0,7,0,0,0,0,0,0,0,0,1,0,18,0,0,0,0,2,2,1,0,0,0,0,1,0,0,1,25,0,0,0,2,0,0,0,0,4,1,1,0,2,0,2,4,2,4,0,9,4,5,0,94,0,0,1,0,7,0,3,5,1,0,0,0,0,1,2,0,0,1,29,0,0,0,0,0,1,1,9,0,0,1,0,0,0,1,0,0,0,0,20,53,0,0,0,2,0,2,0,0,1,0,4,0,2,0,1,0,0,0,2,6,0,0,27,0,0,227,0,0,1,0,1,1,0,0,0,0,0,0,1,1,6,0,1,0
3,1201,ESCOLA MUNICIPAL C.E.I. EVA DA SILVA,"RUA FREDERICO STADLER JÚNIOR, N. 1670",CAPAO DA IMBUIA,-25.4414498,-49.2050921,20,0,5084,4035,210,127,0,8,1,9,41,2,3,0,2,28,1,2,1,14,0,0,1,0,1,8,10,0,0,0,5,0,0,0,64,112,13,9,22,0,3,3,1,0,0,0,0,2,5,2,0,0,0,0,2,9,0,11,0,0,1,0,0,3,3,11,0,16,6,0,0,0,1,1,2,63,1,0,4,0,2,1,0,1,0,1,2,19,0,0,0,0,1,0,0,0,0,0,0,0,7,2,12,1,3,172,0,0,4,1,10,1,15,60,138,1,0,12,94,1,2,3,15,2,2,1,0,0,0,0,45,1,0,0,0,0,0,1,0,0,0,0,0,4,0,0,0,10,0,2,0,0,0,12,0,4,0,14,2,19,0,1,2,1,0,0,0,1,32,0,0,1,0,0,0,0,0,0,1,0,3,0,40,1,0,0,0,0,0,19,0,0,27,0,0,1,1,0,0,163,0,173,0,1,8,0,0,16,0,0,0,0,6,0,0,0,0,0,1,25,2,0,25,26,10,0,21,13,1,1,99,0,1,0,25,0,0,1,60,1,5,0,0,0,89,0,93,0,1,0,0,0,0,2,0,0,0,0,0,0,1,0,0,0,0,0,1,1,0,0,0,366,0,2,11,0,0,0,4,0,1,0,52,7,2,0,244,15,0,0,0,0,0,1,0,0,0,2,0,5,0,2,0,0,0,0,0,0,1,0,16,0,1,0,0,4,2,3,0,0,0,0,1,0,0,2,17,0,1,0,22,0,0,0,0,6,0,4,0,0,0,4,3,3,4,0,6,0,2,0,111,0,0,1,0,18,2,4,2,0,0,0,1,0,0,4,0,0,0,37,0,0,0,0,1,0,1,0,0,0,0,0,1,0,0,0,0,0,1,18,34,0,0,0,2,0,3,1,0,0,0,5,0,6,0,2,0,2,0,1,6,0,0,47,0,0,340,0,0,0,0,1,0,0,0,0,0,0,0,3,3,7,1,5,1
3,1210,COLÉGIO ESTADUAL PROFESSORA MARIA AGUIAR TEIXEIRA,"AV PRESIDENTE AFFONSO CAMARGO, N. 3463",CAPAO DA IMBUIA,-25.4396467,-49.2278063,20,0,6659,5153,235,152,0,3,4,7,58,4,1,0,1,31,1,0,0,14,0,0,0,1,3,3,9,1,0,0,7,1,0,0,37,44,10,9,18,0,0,0,0,0,0,0,0,0,2,2,1,1,0,1,0,10,4,9,2,2,2,4,0,0,7,16,0,9,2,0,4,1,2,0,0,59,1,0,0,0,1,1,0,0,0,1,0,47,1,3,0,0,0,0,0,0,0,0,0,0,19,1,10,0,5,294,1,0,11,2,10,0,18,98,206,1,1,5,218,0,3,3,16,0,7,2,0,0,0,0,67,2,0,1,0,0,1,0,2,1,0,0,0,1,0,0,2,3,0,0,0,1,0,20,0,0,0,13,3,30,0,2,0,6,3,0,0,0,43,0,0,0,0,2,0,1,0,0,4,0,1,1,28,0,0,0,0,0,0,34,0,0,50,7,0,0,0,3,0,169,0,115,0,1,8,1,0,9,0,0,0,0,14,0,0,0,0,0,3,28,1,1,35,49,9,2,34,20,0,3,126,2,1,0,30,0,0,0,67,0,7,0,0,0,87,0,116,0,1,1,2,0,0,0,0,0,0,2,0,0,0,0,0,0,0,0,0,13,0,0,0,598,0,1,26,0,1,0,5,0,6,0,84,3,3,0,360,5,1,0,2,0,0,7,0,0,0,1,1,2,0,0,0,0,0,0,2,0,0,0,45,0,2,0,1,4,2,1,0,0,1,2,3,1,0,1,40,0,5,0,3,0,0,1,0,4,1,1,1,0,0,3,10,9,4,1,22,6,0,5,163,0,0,0,0,26,1,3,1,1,0,0,2,0,0,0,0,0,3,32,0,2,2,0,0,1,5,10,0,0,1,0,1,0,2,0,0,0,0,16,70,0,0,0,1,0,4,1,0,1,0,6,0,10,0,3,0,8,0,5,9,1,1,78,1,0,296,1,1,2,0,5,0,0,0,0,0,0,0,5,3,9,1,3,0
3,1228,ESCOLA MUNICIPAL GUILHERME LACERDA BRAGA SOBRINHO,"RUA SIMÃO BRANTE, N. 1735",UBERABA,-25.491962,-49.2233689,37,0,1972,1610,81,55,0,2,0,4,18,3,0,0,0,17,0,1,0,3,0,0,0,1,0,1,2,0,1,0,8,0,0,0,14,7,7,4,8,0,0,0,0,0,0,3,0,0,0,1,0,0,0,2,0,4,2,8,0,0,0,2,1,0,5,4,1,16,0,0,1,0,0,0,0,15,0,0,1,0,1,0,0,0,0,0,1,19,1,0,0,0,0,0,0,0,0,0,0,0,9,0,2,0,2,74,0,0,3,2,2,0,8,22,53,0,0,0,46,2,1,1,5,0,0,0,0,0,0,0,11,0,0,0,0,0,0,0,0,1,0,0,0,2,0,0,1,7,0,0,0,0,0,3,1,0,0,4,0,11,0,2,0,2,0,0,0,0,15,0,0,0,0,0,0,0,0,0,0,0,0,0,2,0,0,0,0,0,0,9,0,0,23,1,0,0,0,3,0,80,0,23,0,1,3,0,0,2,0,0,0,0,6,0,1,0,0,0,3,9,2,0,7,19,3,1,16,15,2,0,40,0,0,1,20,0,0,0,14,0,5,0,0,0,40,0,48,0,0,0,1,0,0,1,0,1,0,0,0,1,0,0,0,0,0,0,0,4,0,0,0,172,0,0,6,0,0,0,3,1,4,0,23,0,0,0,117,3,0,0,3,0,0,1,0,0,0,1,0,1,0,3,0,0,0,0,0,0,0,0,9,1,0,0,0,5,2,1,0,0,0,0,0,0,1,0,16,0,0,0,8,0,1,2,0,1,0,0,0,0,2,0,0,0,0,0,2,1,0,3,53,0,0,0,0,6,0,4,0,0,0,0,0,0,0,0,0,0,0,17,0,2,0,0,0,0,1,1,0,0,3,0,0,0,0,0,0,0,0,14,28,0,1,0,0,0,1,1,0,0,0,1,0,7,0,0,0,0,0,3,4,1,0,2,0,0,23,0,0,1,0,0,0,0,0,0,0,0,0,4,1,14,0,0,0
3,1465,COLÉGIO ESTADUAL ALFREDO PARODI,"RUA ESPIRIDIÃO KALLUF, 125, JARDIM CENTAURO",UBERABA,-25.4939998,-49.2102627,37,0,5589,4350,216,130,0,4,1,3,50,4,3,0,0,42,1,4,0,23,0,0,0,2,3,9,2,0,0,0,19,0,0,0,48,20,14,23,13,0,3,1,0,0,0,1,0,1,1,8,0,2,5,2,2,6,1,7,1,1,2,7,1,0,7,83,0,22,6,1,0,0,1,0,0,53,0,0,2,0,1,3,0,0,1,1,1,33,0,1,0,0,0,3,0,0,0,0,0,0,13,0,23,1,6,219,1,0,14,4,11,1,10,88,178,0,1,21,144,0,1,5,10,3,4,1,1,0,2,0,57,1,0,5,0,0,1,0,1,1,1,0,1,4,0,0,0,12,0,0,0,0,0,16,0,1,0,9,5,22,0,4,0,8,1,0,0,0,28,0,0,0,0,0,0,0,0,0,0,0,0,0,11,0,0,0,0,0,0,42,0,0,26,6,0,0,1,1,0,191,1,36,0,3,18,1,1,28,0,1,0,0,12,0,0,0,0,0,11,16,1,1,32,34,4,1,17,48,3,1,128,1,0,0,10,0,0,0,51,0,5,0,0,0,59,2,103,1,0,4,0,0,0,0,0,0,0,0,0,0,0,0,0,0,0,0,0,1,0,0,0,440,1,0,28,1,1,0,2,1,4,1,51,2,1,0,407,4,2,1,6,0,0,1,0,0,1,1,0,8,1,0,0,0,0,0,0,0,0,0,32,0,0,0,0,4,1,2,0,1,0,2,0,2,0,0,34,1,0,0,10,0,0,2,0,2,0,0,0,1,0,1,9,3,8,0,5,6,3,0,122,0,0,0,1,1,3,4,0,0,0,0,1,0,0,2,0,0,3,45,0,0,0,0,0,3,0,5,0,1,4,0,1,0,0,0,0,0,0,13,67,0,0,1,2,2,4,2,1,1,0,2,0,7,4,0,0,1,1,2,15,1,1,77,0,0,59,0,0,0,0,5,0,0,0,0,0,0,0,6,5,17,0,5,1
3,1473,COLÉGIO ESTADUAL CONSELHEIRO CARRÃO,"RUA DOUTOR SIMÃO KOSSUBUDSKI, N. 165",UBERABA,-25.4968967,-49.2186733,37,0,4570,3553,251,103,0,3,3,8,40,2,0,0,2,37,0,1,1,8,0,0,0,5,5,2,6,0,1,0,14,0,0,0,56,30,17,21,17,0,0,0,0,0,0,2,0,0,3,4,1,0,8,0,0,7,0,13,0,0,1,4,0,0,5,25,0,20,6,2,0,2,1,0,0,63,2,0,4,3,2,0,0,1,1,0,0,18,3,0,0,1,2,1,0,0,0,0,0,0,25,5,16,3,2,147,1,1,8,1,3,2,8,71,103,1,0,5,122,0,0,6,8,3,1,0,0,0,0,0,28,1,0,1,0,0,1,0,1,0,0,0,0,0,0,0,0,9,0,2,0,0,0,10,0,0,0,3,2,15,0,1,0,3,0,0,0,0,44,1,0,1,0,0,0,0,0,0,0,0,1,1,17,0,0,3,0,0,0,35,0,0,27,6,0,0,2,2,0,156,0,34,0,3,6,1,0,13,0,1,0,0,11,0,0,0,0,0,10,12,0,0,33,42,16,0,15,35,3,0,101,1,2,0,30,0,0,0,43,1,5,0,0,0,110,0,109,0,0,1,0,0,0,0,0,0,0,0,0,0,0,0,0,0,0,1,0,8,2,0,0,339,0,0,13,0,0,0,2,0,2,0,39,1,1,0,258,8,0,0,2,0,0,0,0,0,0,1,0,0,0,1,0,0,0,0,0,0,0,0,18,0,0,0,0,3,0,3,0,0,0,0,4,0,0,2,43,0,0,0,8,0,0,0,0,1,1,0,1,0,0,0,1,1,1,0,3,6,0,1,101,0,0,0,0,2,0,3,0,1,0,1,0,0,0,0,0,0,3,47,0,1,0,0,0,0,0,2,0,0,0,0,0,0,0,0,0,0,0,13,51,0,0,0,2,1,4,1,0,0,1,3,0,4,6,0,0,0,0,1,11,1,0,28,1,0,54,0,0,0,0,4,0,0,0,0,0,0,0,3,4,32,0,0,1
3,1481,ESCOLA MUNICIPAL DONA LULA,"RUA ELIAS MOYSES SCHELELA, N. 570",UBERABA,-25.4862494,-49.2263934,37,0,2074,1715,103,57,0,1,2,2,15,3,0,0,1,13,0,3,0,2,0,0,1,0,0,2,5,0,0,0,4,0,0,0,14,2,1,3,9,0,0,2,0,0,0,0,0,0,1,1,1,8,0,0,0,3,0,4,0,0,0,7,0,0,4,12,0,14,0,1,0,0,0,1,1,17,1,0,2,0,1,0,0,0,0,0,0,9,0,0,0,0,1,0,0,0,0,0,0,0,4,1,1,0,3,68,0,0,7,0,3,4,1,37,74,2,0,1,71,0,0,0,3,0,0,0,0,0,0,0,17,0,0,0,0,0,0,0,2,0,0,1,0,2,0,0,0,10,0,1,0,0,0,6,0,0,0,3,1,11,0,0,0,2,1,1,0,0,27,0,0,0,0,0,0,0,0,0,0,0,0,0,2,0,0,0,0,0,0,17,0,0,20,0,0,0,0,0,0,80,0,21,0,1,5,1,0,11,0,0,0,0,9,0,0,2,0,0,1,7,0,0,3,21,4,1,12,14,0,0,44,0,0,0,8,0,0,0,23,0,1,0,0,0,27,0,55,0,1,0,0,0,0,5,0,0,0,0,0,0,0,0,0,0,0,0,1,2,0,0,0,179,0,0,18,0,0,0,1,4,2,0,23,2,0,1,160,1,0,0,0,0,0,1,0,0,0,2,0,13,0,1,0,0,0,0,0,0,1,0,17,0,0,0,0,1,0,0,0,0,0,2,0,0,0,0,14,0,0,0,7,0,0,1,0,0,2,0,1,0,0,0,0,3,9,0,0,1,1,0,38,0,0,0,0,1,0,1,0,0,0,0,0,0,0,5,0,0,0,12,0,1,0,0,0,0,0,3,0,0,0,0,0,0,0,0,0,0,1,2,28,0,0,0,0,0,1,1,0,2,0,0,0,5,0,0,0,3,0,0,2,0,0,5,0,0,17,0,0,0,0,2,0,0,0,0,0,0,0,2,0,15,0,2,0
3,1490,ESCOLA MUNICIPAL PROFESSORA DONATILA CARON DOS ANJOS,"RUA ALVORADA, N. 460, CANAL BELEM",UBERABA,-25.4784883,-49.2392383,37,0,2278,1841,127,78,0,7,0,0,13,2,1,0,0,26,0,0,0,8,0,0,0,0,2,2,3,0,0,0,11,0,0,0,17,7,9,7,15,0,0,0,0,0,0,0,0,1,3,2,0,2,3,0,0,8,0,3,1,0,2,1,0,0,3,6,0,9,0,0,0,1,1,1,0,22,0,0,1,0,1,1,0,0,0,0,1,14,0,0,0,0,3,1,0,0,0,0,0,0,9,0,7,0,2,83,1,0,7,1,3,1,5,31,73,0,0,6,60,0,0,3,5,0,1,0,0,0,0,0,21,1,0,0,0,0,0,0,0,0,2,0,0,2,0,0,0,5,1,0,0,0,0,8,0,0,0,1,1,9,0,2,1,1,0,0,1,0,36,0,0,1,1,0,0,0,0,0,0,0,0,0,1,0,0,1,0,0,0,20,0,1,17,3,0,0,0,1,0,98,0,18,0,3,4,0,0,2,0,0,1,0,4,0,0,0,0,0,7,5,0,0,7,14,1,4,8,16,1,1,47,0,1,0,3,0,0,0,27,0,1,0,0,0,41,0,67,0,0,1,0,0,0,2,0,0,0,0,0,0,0,0,0,0,0,0,0,6,0,0,0,159,0,0,5,0,2,0,0,0,2,0,14,1,0,0,138,0,0,0,7,1,0,0,0,0,0,1,0,2,0,0,0,0,0,0,0,0,0,0,10,0,0,0,0,1,2,1,0,0,0,0,0,1,0,0,20,0,1,0,1,0,0,0,0,0,0,0,0,0,0,0,2,4,1,0,0,0,2,0,62,0,0,0,0,1,1,3,0,0,0,0,0,0,1,3,0,0,2,17,0,0,0,0,0,1,0,7,0,0,0,0,0,0,1,0,0,0,0,3,24,0,0,0,0,0,1,3,0,0,0,4,0,5,0,2,0,1,1,0,4,0,1,16,2,0,29,0,0,0,4,1,0,0,0,0,0,0,0,2,0,9,0,0,0
3,1503,ESCOLA MUNICIPAL C.E.I. ISSA NACLI,"RUA CAPITÃO LEÔNIDAS MARQUES, N. 2147, UBERABA DE CIMA",UBERABA,-25.4818283,-49.2133917,37,0,5518,4473,210,118,0,3,3,3,42,4,2,0,4,38,0,0,0,10,2,2,0,0,0,3,11,1,0,0,10,1,0,0,42,30,20,7,6,0,0,1,1,0,2,1,0,2,1,6,1,6,1,1,2,7,1,17,0,0,3,6,0,1,10,27,0,9,6,1,0,0,2,0,0,46,0,0,5,0,4,3,0,0,3,0,1,29,0,2,0,0,1,1,0,0,0,0,0,0,9,2,22,2,3,218,2,0,12,6,14,0,16,110,151,3,0,12,142,0,1,5,9,5,5,0,0,0,1,0,35,3,0,1,0,0,0,0,0,2,0,0,0,4,0,0,0,6,0,1,0,0,0,13,0,3,0,5,9,34,0,1,1,4,0,0,0,1,35,0,0,0,0,0,0,1,0,1,0,0,2,0,16,0,0,0,0,0,0,45,0,0,29,0,0,0,1,3,2,143,0,41,0,2,19,0,0,17,0,0,0,0,18,0,0,1,0,0,12,19,1,2,11,46,11,7,38,37,3,4,129,0,3,0,14,0,0,1,44,1,7,0,0,0,79,0,120,0,0,1,0,1,0,0,0,0,0,0,0,0,1,0,0,0,0,0,0,0,0,1,0,507,0,0,37,2,0,0,6,0,6,1,66,2,1,0,417,7,4,0,10,3,0,2,0,0,1,0,0,6,0,0,0,0,0,0,0,0,1,0,24,2,1,2,0,4,1,1,1,0,0,2,0,0,0,0,35,0,1,0,16,0,0,0,0,26,1,0,0,0,0,3,4,2,0,1,25,2,1,0,125,0,0,0,0,10,3,3,0,0,0,0,1,0,0,1,0,0,0,23,0,0,0,0,0,0,1,2,0,0,1,0,0,0,2,0,0,0,0,18,61,0,1,0,6,0,3,1,0,1,0,8,0,10,0,0,0,4,0,1,11,5,0,230,0,0,59,0,0,0,0,5,0,0,0,0,0,0,0,4,6,6,0,3,0
3,1511,ESCOLA MUNICIPAL PROFESSOR JOÃO  MACEDO FILHO,"RUA ULISSES JOSÉ RIBEIRO, N. 410",UBERABA,-25.4718629,-49.2275497,22,0,2329,1926,86,49,0,1,1,4,18,2,0,0,0,13,1,0,0,7,0,2,0,0,0,3,3,0,0,0,7,0,2,0,11,15,7,0,4,0,0,0,0,0,0,2,0,1,3,0,0,0,1,0,0,1,0,3,0,0,0,2,0,1,7,7,0,7,4,0,0,0,0,0,0,30,0,0,0,1,2,0,0,0,0,0,0,22,0,0,0,0,0,0,0,0,0,1,0,0,6,1,6,0,1,89,0,0,3,0,1,4,2,33,56,0,0,1,65,0,0,1,7,0,2,0,0,0,0,0,19,0,0,0,0,0,0,0,1,0,0,0,0,1,0,0,2,3,0,0,0,1,0,7,2,0,0,2,5,22,0,2,0,0,0,0,0,0,23,1,0,0,0,0,0,0,0,0,0,0,1,0,3,0,0,0,0,0,0,24,0,0,14,0,0,0,1,0,0,48,0,10,0,2,3,0,0,4,0,0,0,0,7,0,0,0,0,0,2,7,0,1,12,21,2,3,14,8,1,0,63,0,1,0,6,0,1,0,14,0,1,0,0,0,47,0,66,0,0,0,0,0,0,3,0,0,0,0,0,0,0,0,0,0,0,0,0,0,0,0,0,246,0,1,27,0,0,0,2,0,3,0,41,0,0,0,183,7,0,0,0,0,1,6,0,0,0,0,0,7,0,0,0,0,0,0,0,0,0,0,10,0,0,0,0,1,3,0,0,0,0,0,1,1,0,0,20,0,0,0,4,0,0,2,0,0,0,0,0,0,0,7,1,0,1,0,3,0,5,0,67,0,0,0,0,6,0,5,0,0,0,0,0,0,0,0,0,0,4,11,0,0,0,0,0,1,0,4,0,0,4,0,0,1,0,0,0,0,0,5,38,0,0,0,0,2,2,0,1,3,0,0,0,6,0,0,0,2,0,3,1,0,2,44,0,0,30,0,0,0,0,1,0,0,0,0,0,0,0,3,0,7,0,0,0
3,1546,ESCOLA ESTADUAL SÃO PAULO APÓSTOLO,"RUA CORONEL JOSÉ CARVALHO DE OLIVEIRA, N. 1275",UBERABA,-25.481771,-49.226886,37,0,6294,5114,244,186,0,4,2,8,30,6,1,1,2,51,2,1,2,30,1,1,1,0,0,3,16,0,1,0,11,0,0,1,47,27,27,18,12,1,0,1,0,0,2,3,0,0,3,19,0,1,9,2,0,11,1,14,0,1,0,5,0,0,8,22,1,30,3,0,0,0,4,0,2,76,1,0,4,0,0,1,0,0,0,1,0,37,0,0,0,0,1,0,0,0,0,0,0,0,18,4,12,2,4,261,2,0,8,5,7,2,15,122,183,0,1,4,213,0,0,5,16,2,11,0,0,0,0,2,47,0,1,0,0,0,0,0,0,0,0,0,1,2,0,1,0,5,0,1,0,2,0,16,0,1,0,13,5,42,0,0,1,1,0,0,0,0,55,2,0,0,0,1,0,1,0,0,0,0,0,0,7,0,0,0,0,0,0,45,0,1,38,2,0,0,1,0,0,245,0,51,0,6,9,1,2,22,0,0,0,0,28,0,0,1,0,0,20,29,0,0,47,57,6,3,31,49,3,1,144,1,2,0,14,0,0,0,23,0,4,0,0,0,82,1,145,0,2,4,0,0,0,11,0,0,0,0,0,0,0,0,0,0,0,0,1,4,1,0,0,546,2,1,35,0,1,0,2,2,11,1,74,3,0,7,482,11,2,0,4,2,0,3,0,0,0,1,0,16,0,0,0,0,0,0,0,0,1,0,37,0,2,0,0,6,2,0,0,0,0,0,1,1,0,0,46,0,2,0,17,0,0,4,0,4,1,0,3,0,0,2,0,6,6,0,10,2,6,3,130,0,0,0,0,20,0,6,1,0,0,1,0,0,0,1,0,0,4,33,1,2,0,0,0,1,0,3,0,0,0,0,1,1,0,0,0,1,0,25,74,0,0,0,0,7,1,1,0,0,0,4,0,7,1,0,0,2,0,6,15,3,0,49,1,0,45,0,0,0,0,8,0,0,0,0,0,0,0,10,5,28,0,7,0
3,1562,CRECHE MUNICIPAL TRINDADE,"RUA DA TRINDADE, N. 368, VILA TRINDADE",CAJURU,-25.4468603,-49.2058718,21,0,2010,1584,106,43,0,1,1,2,23,0,0,0,2,10,0,0,0,9,0,0,1,2,0,0,3,0,0,0,5,0,0,0,27,45,5,14,6,0,0,0,0,0,0,0,0,2,1,2,0,0,0,1,0,4,0,6,0,0,1,1,0,0,5,13,0,1,5,1,0,0,1,0,0,26,0,0,2,0,0,0,0,0,1,2,0,6,0,1,0,0,1,0,0,0,0,0,0,0,7,1,11,0,0,68,2,0,2,2,4,0,3,34,42,1,0,3,52,2,1,0,2,2,1,0,0,0,0,0,12,0,0,0,0,0,0,0,0,0,0,0,0,2,0,0,0,16,0,0,0,2,0,4,0,0,0,3,2,10,0,0,0,4,0,0,0,0,12,0,0,0,0,0,1,1,0,0,0,0,2,0,33,0,0,0,0,0,0,9,0,0,8,0,0,0,0,0,0,63,0,25,0,1,4,1,0,1,0,0,0,0,1,0,0,0,0,0,1,8,0,0,3,8,2,0,12,2,3,0,36,0,1,0,14,0,1,0,23,0,1,1,0,0,42,0,25,0,0,0,0,1,0,1,0,0,0,0,0,0,0,0,0,0,0,0,0,2,0,0,0,162,0,0,3,0,0,0,1,0,1,0,11,1,0,0,93,7,0,0,2,2,0,0,0,0,0,0,0,0,0,0,0,0,0,0,0,0,0,0,6,0,0,0,0,1,1,2,0,0,0,0,0,0,0,0,4,0,0,0,3,0,0,0,0,5,0,0,0,0,0,2,2,2,1,1,2,3,0,0,38,0,0,0,0,1,0,1,2,0,0,0,0,0,2,1,0,0,0,17,0,0,0,0,0,0,0,2,0,0,0,0,0,0,0,0,0,0,0,10,19,0,0,0,0,0,1,0,0,0,0,0,0,1,0,0,0,0,0,0,2,0,1,39,0,0,83,0,0,1,0,4,0,0,0,0,0,0,0,3,0,6,0,0,0
3,1589,ESCOLA MUNICIPAL ELZA LERNER,"RUA LUIZ FRANÇA, 2873, VILA CAMARGO",CAJURU,-25.4620287,-49.2149374,21,0,4246,3543,166,112,0,2,0,5,37,5,1,1,1,35,1,0,0,9,0,0,0,0,0,10,13,1,0,0,10,0,0,0,50,13,12,13,6,0,0,5,0,0,0,0,0,0,3,2,0,1,0,1,0,8,0,3,0,0,0,1,0,0,10,31,0,13,1,0,0,0,0,0,0,38,0,0,1,2,1,0,0,0,0,1,0,13,0,0,0,0,1,0,0,0,0,0,0,0,25,0,12,2,1,162,3,0,2,4,2,0,13,57,96,2,0,2,110,0,0,1,7,2,0,0,0,0,1,0,30,0,0,1,0,1,0,0,0,0,0,0,0,1,0,0,1,2,0,0,0,1,0,11,1,1,0,4,2,21,0,2,0,0,1,0,0,0,12,0,0,0,0,0,0,1,0,0,2,0,2,0,70,0,2,0,0,0,0,32,0,0,13,1,2,0,0,0,0,134,0,69,0,1,5,0,0,20,0,0,0,0,17,0,0,0,0,0,7,15,1,0,12,41,0,0,18,16,0,5,102,2,3,0,11,0,0,1,30,0,1,0,0,0,46,0,75,0,0,0,1,1,0,2,0,0,0,0,0,0,1,0,0,0,0,0,0,1,0,0,0,365,0,0,17,0,2,1,4,0,2,1,33,13,0,0,228,4,0,0,0,2,0,2,0,1,0,1,0,5,0,0,0,0,0,0,0,0,3,0,26,0,0,0,0,2,1,1,0,0,0,0,0,0,0,1,15,0,1,0,17,0,0,0,0,14,3,0,0,0,0,2,2,6,3,0,4,7,5,1,100,0,0,0,0,6,6,4,3,0,0,0,0,0,1,2,0,1,0,21,0,1,3,0,0,6,0,1,0,1,1,0,0,0,2,0,0,0,0,8,36,0,0,0,2,4,5,2,0,0,0,7,0,4,0,0,0,1,0,1,7,1,4,416,0,0,76,1,0,1,0,5,0,0,0,0,0,0,0,5,1,3,0,1,0
3,1597,ESCOLA MUNICIPAL C.E.I.  RITTA ANNA DE CÁSSIA,"RUA FORTALEZA, N. 1343, VILA CAMARGO",CAJURU,-25.4583125,-49.2045366,21,0,3371,2691,182,101,0,3,1,6,27,3,2,0,0,24,0,0,1,10,0,0,0,1,0,1,5,2,0,0,4,0,0,0,29,19,16,10,14,0,0,1,0,0,1,0,0,0,2,3,0,0,0,0,1,0,0,5,0,0,1,1,1,0,4,12,0,18,1,1,0,0,0,0,0,39,0,0,0,0,0,0,0,0,0,1,0,8,0,0,0,0,0,0,0,0,0,0,0,0,20,0,8,4,5,104,2,0,7,3,3,0,3,40,72,2,0,4,66,0,1,0,6,4,4,0,0,0,0,0,14,1,1,0,0,0,0,0,1,0,0,0,0,3,0,0,0,10,0,0,0,0,0,8,0,0,0,5,0,17,0,0,1,1,1,0,0,0,10,0,0,0,0,0,0,0,1,1,1,0,1,0,184,0,0,0,0,0,0,18,0,0,10,0,0,0,0,1,0,112,0,80,0,2,3,0,0,9,0,0,2,0,2,0,0,0,0,0,1,8,0,0,21,31,3,0,10,10,0,0,46,0,3,0,12,2,0,1,36,0,0,1,0,0,51,0,48,0,0,4,0,0,0,0,0,0,0,0,0,1,0,0,0,0,0,0,0,4,0,0,0,216,0,0,3,1,0,0,0,1,1,0,18,2,0,0,160,10,0,0,1,0,0,1,0,0,0,1,0,2,0,1,0,0,0,0,0,0,0,0,12,0,0,0,0,0,6,2,0,0,0,0,0,0,0,0,14,0,1,0,8,0,0,4,0,6,0,0,0,0,0,0,0,0,1,0,0,0,5,1,61,1,0,0,0,11,2,3,0,0,0,0,1,0,0,1,0,0,1,40,0,1,0,0,0,0,0,1,0,2,0,0,0,0,2,0,0,2,0,7,24,0,0,0,0,0,1,0,0,0,0,0,0,2,0,1,0,2,0,0,3,0,0,227,0,0,98,0,1,0,0,0,0,0,0,0,0,0,0,1,0,4,0,0,1
3,1600,ESCOLA BANDEIRANTES,"RUA CUIABÁ, N. 1284, VILAS OFICINAS",CAJURU,-25.4546388,-49.2098731,21,0,2826,2342,118,68,0,1,1,1,13,1,3,0,1,20,1,0,1,4,1,0,1,0,0,0,5,0,0,0,4,0,0,0,15,32,4,14,9,0,0,0,0,0,0,0,0,1,1,1,0,0,0,0,0,3,0,7,0,0,0,0,0,0,3,8,0,7,2,1,1,0,2,1,0,19,0,0,2,0,1,0,0,0,0,0,0,19,0,1,0,0,0,0,0,0,0,0,0,0,4,0,7,0,0,117,1,0,2,0,2,1,5,30,67,1,0,4,87,0,0,1,8,0,0,0,0,0,0,0,21,0,0,0,0,0,0,1,0,0,0,1,0,1,0,0,1,6,0,0,0,0,0,8,0,3,0,2,2,10,0,0,0,2,0,0,0,0,23,1,0,1,0,4,0,0,0,0,1,0,1,1,68,0,0,0,0,0,0,17,0,1,14,0,0,0,0,0,0,112,0,50,0,3,4,0,0,7,1,0,0,0,9,0,0,0,0,0,2,10,0,0,14,10,3,0,9,9,0,1,61,1,1,0,11,0,0,1,24,2,0,1,0,0,35,1,56,0,0,1,1,1,0,0,0,0,0,0,0,0,0,0,0,0,0,0,1,0,0,0,0,218,0,0,8,0,0,0,2,0,1,0,18,1,0,0,197,6,1,0,7,1,0,1,0,1,0,2,0,3,0,0,0,0,0,0,0,0,3,1,10,0,0,1,0,1,1,0,0,0,0,0,0,0,0,0,12,0,0,0,6,0,0,0,0,0,0,0,0,0,0,0,0,2,7,0,4,1,0,0,74,0,0,0,0,4,0,1,0,1,0,0,0,0,2,1,0,0,0,15,0,1,0,0,0,0,0,1,0,0,0,1,0,0,1,0,0,0,0,9,27,0,0,0,0,1,1,3,1,0,0,1,1,1,0,0,0,1,0,4,6,0,0,180,0,0,108,0,0,0,0,3,0,0,0,0,0,0,0,4,0,5,0,0,1
3,1643,COLÉGIO ESTADUAL ANÍBAL KHURY NETO,"RUA AVELINO MONTOVANI, N. 430",UBERABA,-25.485648,-49.2040755,37,0,4480,3439,306,124,0,3,0,4,36,2,3,1,1,28,1,0,1,11,0,0,0,2,0,2,13,1,1,1,11,0,0,0,57,20,5,22,13,0,0,2,0,0,0,0,1,1,1,3,1,0,1,0,0,0,1,12,0,0,0,7,0,0,12,31,0,13,5,0,0,0,0,0,0,60,1,0,0,0,0,2,1,0,0,0,0,18,0,0,0,0,3,0,0,0,0,0,0,0,13,1,12,1,4,174,0,0,4,2,1,0,17,76,123,0,0,30,79,1,0,2,10,3,2,1,0,0,0,0,32,0,0,0,0,0,3,0,1,0,0,0,0,1,0,0,0,15,0,1,0,0,1,11,0,0,0,9,2,9,0,0,0,6,0,0,0,0,31,0,0,0,0,0,0,0,0,0,1,0,0,0,26,0,1,0,0,0,0,39,1,2,13,3,0,0,1,1,0,155,0,32,0,3,3,2,1,9,0,0,0,0,4,0,1,0,0,0,3,10,1,1,55,22,12,3,11,35,0,2,79,1,2,0,5,0,0,0,39,2,7,1,0,0,66,1,100,0,0,0,1,0,0,1,0,0,0,0,0,0,0,0,0,0,0,0,0,2,0,0,0,289,0,0,12,0,0,0,5,0,1,0,27,2,1,1,220,3,0,0,6,1,0,3,0,0,1,3,0,1,0,0,3,0,0,0,0,0,0,0,17,0,0,2,0,4,1,1,0,0,0,0,0,0,0,1,35,0,2,0,4,0,0,0,0,3,0,1,0,1,0,0,4,11,4,0,10,3,1,0,102,0,0,0,0,3,2,2,1,0,1,0,0,0,2,0,0,0,3,62,0,2,0,1,0,1,1,2,0,0,0,0,0,0,1,0,0,0,0,4,31,0,0,0,2,1,0,0,0,0,0,2,0,3,0,0,0,3,0,2,11,1,2,83,1,0,109,1,1,0,1,2,0,0,0,0,0,0,0,3,0,21,0,2,0
3,2054,ESCOLA MUNICIPAL MICHEL KHURY,"RUA ADHMAR VIEIRA DE ARAÚJO, N. 457",UBERABA,-25.4894074,-49.2024472,37,0,2641,2053,195,75,0,8,2,8,23,2,0,1,1,20,0,0,0,3,0,1,0,0,0,0,6,0,0,0,5,0,0,0,49,12,5,18,11,0,0,1,0,0,0,1,1,0,1,7,0,1,0,0,0,2,1,10,0,0,1,1,0,0,6,22,0,5,0,0,0,0,0,0,0,34,0,0,0,0,0,3,0,0,0,0,1,6,1,2,0,0,2,0,0,0,0,0,0,0,4,2,20,1,4,51,0,1,7,2,1,2,5,56,73,0,2,24,45,0,0,1,4,0,0,0,0,0,1,0,10,0,0,1,0,0,0,0,0,0,0,0,0,1,0,0,0,14,0,0,0,0,0,13,1,0,0,3,0,5,0,1,0,2,1,0,0,0,23,0,0,0,0,0,0,0,0,0,3,0,0,0,21,0,0,1,0,0,0,36,1,0,6,0,0,0,0,0,0,93,0,12,0,6,1,0,0,10,0,1,0,0,4,0,0,0,0,0,5,5,0,0,21,16,8,2,11,21,2,1,38,2,2,0,8,0,0,0,30,0,0,0,0,0,39,2,43,0,0,1,0,0,0,0,0,0,0,0,0,0,0,0,0,0,0,0,0,4,0,0,0,152,0,1,11,0,0,0,1,0,3,0,15,0,0,0,133,3,0,0,2,1,0,1,0,0,0,0,0,1,0,0,0,0,0,0,0,0,1,0,14,0,2,0,0,1,5,0,0,0,0,0,1,0,0,0,19,0,0,0,9,0,0,0,0,3,0,1,0,0,0,0,0,4,2,1,4,5,0,0,52,0,0,0,0,2,1,1,2,1,0,0,0,0,0,1,0,0,0,59,0,2,2,0,0,0,0,1,0,0,0,0,0,0,0,0,0,0,0,9,16,0,0,0,0,1,2,0,0,0,0,0,0,1,0,1,0,0,0,0,8,1,2,35,1,0,50,0,0,0,0,0,0,0,0,0,0,0,0,0,0,14,0,1,0
3,2062,ESCOLA MUNICIPAL RACHEL MADER GONÇALVES,"RUA GUSTAVO BARROZO GONÇALVES, 26",UBERABA,-25.4867833,-49.200175,37,0,1592,1277,140,47,0,3,1,2,8,3,2,1,0,9,0,0,0,7,0,1,0,0,1,1,1,0,0,0,1,0,0,0,15,12,1,2,9,0,1,0,0,0,0,0,0,0,1,2,0,0,0,2,0,0,0,3,2,0,1,0,0,0,5,15,0,7,1,0,0,0,0,0,1,22,2,0,0,0,0,0,0,0,0,1,1,2,0,0,0,0,0,0,0,0,0,0,0,0,6,0,14,0,0,58,0,0,1,2,3,1,0,30,51,0,0,21,25,0,0,1,3,1,4,0,0,0,0,0,6,0,0,0,0,0,1,0,0,0,0,0,0,1,0,0,1,7,0,0,0,0,0,4,0,0,0,0,0,1,0,0,0,3,0,0,0,0,13,3,0,0,0,0,0,0,0,0,0,0,0,0,11,0,0,1,0,0,0,20,0,0,2,0,0,0,0,0,0,68,0,8,0,1,0,0,1,5,0,0,0,0,10,0,0,0,0,0,3,1,0,0,16,16,3,0,5,7,0,0,29,1,0,0,2,0,0,0,29,0,2,0,0,0,23,3,31,0,0,0,0,0,0,1,0,0,1,0,0,0,0,0,0,0,0,0,0,0,0,0,0,72,0,0,5,0,0,0,2,0,0,0,4,0,0,0,75,5,0,0,0,0,0,0,0,0,0,0,0,0,0,0,0,0,0,0,0,1,0,0,5,0,0,0,0,1,1,4,0,0,0,0,0,0,0,0,9,0,0,1,3,0,0,0,0,0,0,0,0,0,0,0,0,2,0,1,4,2,0,0,32,0,0,0,0,1,1,0,0,0,0,0,0,0,0,0,0,0,2,22,0,0,1,0,0,3,0,0,0,1,0,0,0,0,0,0,0,0,0,5,16,0,0,0,0,0,0,0,0,0,0,1,0,0,0,2,0,0,0,0,3,2,0,26,0,0,60,0,0,0,0,0,0,0,0,0,0,0,0,0,0,4,0,1,0
3,2070,ESCOLA MUNICIPAL PROFESSORA MARIA DE LOURDES LAMAS PEGORARO,"RUA JOÃO ALVES DE ARAÚJO, N. 273, SOLITUDE",CAJURU,-25.4749438,-49.1961333,21,0,1520,1256,102,41,0,1,3,1,12,2,2,0,0,12,0,0,0,3,1,0,0,1,0,1,3,0,0,0,2,0,0,0,17,12,5,10,3,0,0,1,0,0,0,0,0,0,0,0,0,0,0,0,0,6,0,9,0,0,1,0,0,0,3,2,0,3,0,0,0,0,0,0,0,18,0,0,2,0,0,1,0,0,1,0,0,5,0,0,0,0,0,2,0,0,0,0,0,0,3,0,1,0,4,47,0,0,4,1,0,0,3,25,30,0,0,2,24,0,0,1,3,0,1,0,0,0,0,0,11,0,0,0,0,0,0,1,0,0,0,0,0,1,0,0,0,3,0,0,0,0,0,1,0,0,0,4,0,0,0,0,0,0,0,0,0,0,5,0,0,0,0,0,0,0,0,0,0,0,0,0,39,0,0,0,0,0,0,10,0,0,2,0,0,1,0,0,0,48,0,37,0,2,0,1,0,1,0,0,0,0,2,0,0,0,0,0,3,5,0,0,8,14,4,0,5,16,1,0,24,1,1,0,5,0,0,0,22,0,0,0,0,0,24,0,28,0,0,0,0,0,0,0,0,0,0,0,0,0,0,0,0,0,0,0,0,1,0,0,0,114,0,0,8,0,0,1,0,0,2,0,13,0,1,0,73,1,0,0,2,0,0,1,0,0,0,0,0,0,0,0,0,0,0,0,0,0,0,0,6,0,0,0,0,2,4,1,0,0,0,0,0,0,0,0,6,0,0,0,12,0,0,0,0,0,1,0,2,0,0,0,3,1,0,0,2,0,0,0,44,0,0,0,0,2,0,0,1,1,0,0,0,0,0,0,0,0,0,6,0,0,0,0,0,1,0,1,0,0,0,0,0,0,0,0,0,0,0,2,10,0,0,0,0,0,1,0,0,0,0,0,0,0,5,0,0,1,0,1,4,0,0,89,1,0,49,1,0,0,0,2,0,0,2,0,0,0,0,2,0,4,0,2,0
3,2089,ESCOLA MUNICIPAL PROFESSORA MARIA MARLI PIOVEZAN,"RUA VELCY BOLÍVAR GRANDÓ, 105",UBERABA,-25.4953626,-49.208345,37,0,2802,2200,168,78,0,3,1,4,37,1,0,0,0,20,0,2,0,6,0,0,1,2,1,0,4,0,1,0,3,1,2,0,49,7,15,9,8,0,0,1,0,0,0,0,0,0,1,10,0,0,0,0,0,1,0,8,0,0,1,1,0,0,5,25,0,7,0,0,0,0,0,1,0,35,2,0,1,0,0,0,0,0,1,2,0,11,0,0,0,0,1,0,1,0,0,0,0,0,2,1,20,1,2,124,0,0,5,2,4,0,12,69,75,2,1,45,42,0,0,0,5,0,0,0,0,0,0,0,23,0,0,0,0,0,2,0,1,0,0,0,0,0,0,0,3,6,1,0,0,0,0,6,1,0,0,1,0,3,0,1,0,7,0,1,0,0,17,0,0,0,1,0,0,0,0,0,0,0,0,0,20,0,0,0,0,0,0,43,1,0,7,0,0,0,3,1,0,85,0,15,1,14,2,0,0,7,0,0,0,0,3,0,0,1,0,0,6,8,0,0,22,19,8,4,12,28,0,2,42,0,2,0,2,0,0,0,22,0,1,0,0,0,59,0,47,0,0,0,2,0,0,0,0,0,0,0,0,0,0,0,0,0,0,0,0,0,0,0,0,166,0,0,5,0,0,0,2,0,1,0,17,1,0,0,165,2,0,0,2,0,0,0,0,0,0,0,0,0,0,0,0,0,0,0,0,0,1,0,6,0,2,0,0,4,0,2,0,0,0,0,0,0,0,0,22,0,0,1,3,0,0,0,0,1,0,0,0,0,0,0,2,4,4,0,5,2,1,0,56,0,0,0,0,5,3,2,0,0,0,0,0,0,0,0,0,0,0,58,0,0,1,0,0,0,0,1,0,0,0,0,0,0,0,0,0,0,0,5,25,0,0,0,2,0,2,0,0,0,0,0,0,0,0,0,1,0,0,1,10,0,5,36,1,0,32,1,0,2,0,2,0,0,0,0,0,0,0,1,1,12,0,1,0
3,2178,PARÓQUIA SÃO PAULO APÓSTOLO,"RUA PADRE JULIO SAAVEDRA, 170",UBERABA,-25.4763531,-49.2297063,37,0,3591,2989,125,96,0,4,3,3,21,7,4,0,0,28,0,1,0,14,0,0,0,1,0,1,6,0,0,0,14,1,0,0,19,16,21,4,15,0,0,4,0,0,0,1,0,2,1,5,0,0,4,3,1,10,0,3,0,0,0,3,1,0,3,6,0,9,3,0,0,0,0,0,0,26,0,0,1,0,0,0,0,0,0,0,0,23,0,0,0,0,0,0,0,0,0,0,0,0,7,1,7,1,1,120,1,0,9,2,4,2,8,49,113,1,0,2,90,0,1,2,10,0,0,0,0,0,0,0,16,1,0,0,0,0,1,0,0,0,1,0,0,1,0,0,0,0,0,0,0,0,0,12,0,2,0,10,7,27,0,0,1,1,0,0,0,0,26,0,1,0,0,0,0,0,0,0,1,0,1,0,6,0,0,0,0,0,0,37,0,0,41,1,0,0,0,2,0,114,0,31,0,2,14,0,0,21,1,0,2,0,16,0,0,2,0,1,7,6,0,0,30,45,5,2,21,35,1,0,121,0,0,0,18,0,0,0,20,1,3,0,0,0,83,0,72,0,0,4,0,1,0,8,0,0,0,0,0,0,0,0,0,0,0,0,0,0,0,0,0,363,0,0,16,0,0,0,2,2,5,0,48,1,1,0,272,4,0,0,1,0,0,5,0,0,0,0,0,21,0,1,0,0,0,0,0,0,1,0,11,0,0,0,1,3,0,2,0,0,1,0,0,0,0,0,43,0,2,0,6,0,0,7,0,0,2,0,0,0,0,2,0,2,4,0,7,1,2,1,77,0,0,0,0,16,0,1,3,0,0,0,0,0,1,1,0,0,2,18,0,0,1,0,0,0,1,5,0,0,3,0,0,2,1,0,0,0,0,13,60,1,2,0,2,2,3,2,0,0,1,2,0,7,1,0,0,4,0,3,4,0,3,38,1,0,26,0,0,2,0,4,0,0,0,0,0,0,0,1,1,7,0,0,0
3,2186,ESCOLA MUNICIPAL SENADOR ENEAS FARIA,"RUA MILENA BLEY RIBEIRO BONFIM, 48",CAJURU,-25.454437,-49.196813,21,0,179,144,8,4,0,0,0,0,1,0,1,0,1,1,0,0,0,0,0,0,0,0,0,0,0,0,0,0,0,0,0,0,5,2,0,0,0,0,0,0,0,0,0,0,0,0,0,0,0,0,0,0,0,0,0,0,0,0,0,0,0,0,0,1,0,1,1,0,0,0,0,0,0,2,0,0,0,0,0,0,0,0,0,0,0,1,0,0,0,0,0,0,0,0,0,0,0,0,0,1,1,0,0,8,0,0,1,0,0,0,0,4,8,0,0,0,8,0,0,0,0,0,0,0,0,0,0,0,0,0,0,0,0,0,0,0,0,0,0,0,0,0,0,0,0,1,0,0,0,0,0,0,0,0,0,0,0,0,0,0,0,1,0,0,0,0,0,0,0,0,0,0,0,0,0,0,1,0,0,0,12,0,0,0,0,0,0,0,1,0,0,0,0,0,0,0,0,7,0,2,0,0,0,0,0,2,0,0,0,0,0,0,0,0,0,0,0,0,0,0,1,0,0,0,0,0,0,0,1,0,0,0,1,0,0,0,2,0,0,0,0,0,2,0,4,0,0,0,0,0,0,0,0,0,0,0,0,0,0,0,0,0,0,0,0,0,0,0,0,5,0,0,0,0,0,0,0,0,1,0,0,0,0,0,9,0,0,0,0,0,0,0,0,0,0,0,0,0,0,0,0,0,0,0,0,0,0,0,3,0,0,0,0,0,0,0,0,0,0,0,0,0,0,0,2,0,0,0,0,0,0,0,0,0,0,0,0,0,0,0,0,0,0,0,0,0,0,0,4,0,0,0,0,0,0,0,0,1,0,0,0,0,0,0,0,0,0,1,0,0,0,0,0,0,0,0,0,0,0,0,0,0,0,0,0,0,0,1,1,0,0,1,0,0,0,0,0,0,0,0,0,0,0,0,0,0,0,0,0,0,0,7,0,0,9,0,0,0,0,0,0,0,0,0,0,0,0,1,0,0,0,0,0
4,1104,ESCOLA MUNICIPAL SIDONIO MURALHA,"RUA LUDOVICO KAMINSKI, 3460 - CJ CAIUA",CIDADE INDUSTRIAL,-25.4853944,-49.349545,75,0,4656,3758,280,183,0,5,1,8,33,5,4,1,2,37,1,1,1,12,0,1,1,3,0,5,5,0,0,0,7,1,0,0,58,52,49,29,53,0,0,0,0,0,1,0,0,1,5,3,0,1,0,1,0,6,1,16,0,0,0,4,0,0,19,9,0,4,2,0,2,0,0,1,0,83,1,0,8,2,1,1,0,0,0,1,2,17,0,0,0,0,0,1,0,2,0,0,1,0,31,1,16,0,5,152,3,0,3,3,1,3,23,32,97,0,2,9,94,0,0,1,7,0,1,0,0,0,0,0,38,0,0,0,0,0,0,1,1,0,0,1,0,2,0,0,0,2,0,0,0,1,0,5,0,0,0,7,3,24,0,0,0,1,0,0,0,1,62,0,0,0,0,0,0,0,0,0,7,0,1,0,1,0,0,1,0,0,0,39,0,0,25,0,0,4,0,8,0,303,0,20,0,5,12,0,1,6,0,0,0,0,5,0,0,0,0,0,9,15,2,0,23,58,13,1,10,27,1,0,86,1,1,0,21,1,3,0,59,0,3,0,1,0,81,0,95,0,0,0,0,0,0,0,0,0,0,0,0,0,0,0,0,0,0,0,0,1,0,0,0,268,0,0,10,0,1,0,1,1,3,0,36,1,0,0,276,10,0,0,1,0,0,1,0,0,0,0,0,1,0,0,0,0,0,0,0,0,0,0,27,0,0,0,0,2,2,2,0,0,0,0,0,0,0,0,40,0,0,0,16,0,0,0,1,3,5,2,1,0,0,4,5,8,2,0,19,1,5,1,125,1,0,0,0,12,1,1,3,0,0,0,0,0,1,0,0,0,2,99,0,1,0,0,0,0,0,1,0,0,0,0,0,0,1,0,0,0,0,1,54,0,0,0,3,0,5,1,0,0,0,1,0,3,0,0,0,1,0,3,8,1,0,7,2,0,14,0,0,0,0,17,0,0,0,0,0,0,0,1,0,13,0,2,0
4,1392,COLEGIO ESTADUAL PAULA GOMES,RUA CURUPIS  903,SANTA QUITERIA,-25.4597975,-49.3075591,43,0,7529,6152,305,177,0,4,1,10,66,7,4,0,1,66,2,1,1,39,1,3,0,2,9,7,20,1,1,1,51,1,0,0,74,110,27,13,21,0,0,0,0,0,0,0,1,4,3,9,2,1,1,2,0,16,2,22,1,0,3,4,0,0,14,3,0,14,4,0,0,1,1,1,1,101,0,0,5,1,1,2,0,0,1,0,0,76,0,0,0,0,0,3,0,0,0,0,0,0,21,2,32,1,7,305,4,1,13,7,5,11,26,76,250,1,0,4,207,0,1,3,22,4,2,1,0,0,0,0,62,2,0,1,0,0,2,1,0,2,0,0,0,7,0,0,1,1,1,0,0,0,0,33,1,3,0,18,5,62,0,4,0,7,0,0,1,0,90,0,0,1,0,0,0,0,0,0,1,1,1,0,4,0,0,0,0,1,0,32,3,0,47,3,0,0,0,2,3,252,1,54,0,10,23,0,0,14,0,2,0,0,8,0,1,0,1,0,23,30,4,0,75,52,3,1,38,13,2,2,155,2,3,0,27,1,0,1,51,1,5,0,1,0,115,3,177,0,1,5,1,0,0,4,0,0,0,0,0,0,0,1,0,0,0,0,1,3,0,0,0,645,0,1,58,0,1,0,10,0,5,0,92,3,2,0,537,11,0,0,4,4,0,14,0,0,9,2,0,5,1,0,0,0,0,0,1,0,0,0,40,0,0,0,0,5,0,1,1,0,0,5,0,4,0,0,69,0,4,0,17,0,3,0,1,0,0,1,0,0,0,5,15,13,6,1,11,3,8,2,187,2,6,0,0,23,4,16,9,1,0,1,3,0,1,2,0,0,2,87,0,0,0,1,0,0,0,6,0,0,0,0,0,0,3,0,0,0,0,15,100,0,0,0,3,1,3,0,0,1,0,10,0,6,5,0,0,4,5,3,15,0,2,11,1,0,52,0,1,1,0,13,1,0,0,0,0,0,0,3,1,15,1,3,0
4,1414,CENTRO MUNICIPAL DE EDUCAÇÃO INFANTIL NICE BRAGA,"RUA BOCAIUVA,  351",SANTA QUITERIA,-25.4627476,-49.3050906,43,0,3911,3141,121,119,0,3,0,6,33,3,5,0,0,18,0,1,0,14,0,1,0,1,2,3,8,0,0,0,24,0,0,0,17,44,23,7,12,0,0,1,0,0,0,0,1,1,2,4,0,1,1,3,0,10,5,10,0,1,0,2,0,0,8,5,1,5,1,0,0,0,2,1,0,43,0,0,2,0,0,0,0,0,0,2,3,49,1,0,0,0,0,1,0,0,0,0,0,0,10,6,4,0,5,167,1,0,11,3,3,5,13,52,112,1,0,0,92,0,0,0,18,1,0,0,0,0,0,0,34,0,0,0,0,0,1,0,0,0,0,0,0,0,0,0,0,1,0,0,0,0,0,7,0,2,0,7,3,30,0,4,0,3,0,0,0,0,49,0,0,0,0,0,0,1,0,0,0,1,1,1,0,2,0,0,0,0,0,23,1,0,14,0,0,0,0,2,0,121,1,22,0,6,27,0,1,12,0,0,0,0,4,0,0,0,0,0,5,21,1,0,29,52,3,0,40,10,1,2,80,0,0,0,6,0,3,0,18,0,5,0,0,0,58,0,62,0,1,4,0,0,0,0,1,0,0,0,0,0,0,0,0,0,0,0,0,1,0,1,0,358,0,0,43,1,0,0,8,0,1,0,70,6,0,0,299,3,0,1,7,1,0,4,0,1,2,2,0,4,0,0,0,0,0,0,0,0,0,0,29,1,0,0,0,2,0,0,1,0,0,6,0,0,0,0,30,0,1,0,6,0,0,1,0,0,0,0,0,0,0,0,5,7,3,0,5,0,6,1,75,0,1,0,0,12,2,4,4,2,0,0,1,0,1,0,0,0,4,36,0,1,0,0,0,0,0,3,0,0,0,0,0,0,1,0,0,0,0,13,67,0,1,0,1,0,6,1,0,1,1,3,0,11,1,0,0,1,0,2,14,0,0,4,0,0,13,1,0,0,0,10,0,0,0,0,0,0,0,4,0,2,1,1,0
4,1430,COLEGIO (PARTICULAR) PADRE JOAO BAGOZZI,"RUA CALIXTO RAZZOLINI, 14",PORTÃO,-25.475938,-49.301063,27,0,6269,4933,189,113,0,2,2,8,48,11,1,0,1,50,0,0,0,23,0,0,1,4,3,8,4,1,0,0,18,0,0,0,27,52,20,7,10,0,0,1,0,0,2,0,0,0,3,9,2,0,0,1,0,7,2,11,1,3,1,9,0,1,11,11,4,9,4,0,0,0,4,0,0,65,0,1,2,1,2,1,2,1,4,1,0,73,0,0,0,0,3,1,0,0,0,0,0,0,12,0,13,0,4,315,4,0,8,5,7,7,15,102,201,0,1,0,267,0,0,3,21,5,1,1,0,0,0,0,64,2,0,2,0,0,1,0,0,5,1,2,0,1,0,0,0,0,1,1,0,0,0,25,0,0,0,7,2,57,0,3,0,6,0,0,0,1,63,1,0,0,0,2,0,5,0,0,0,0,3,0,1,1,0,0,0,0,0,33,2,0,40,1,1,1,0,4,1,176,0,32,0,7,25,0,2,9,0,0,0,0,15,0,0,0,0,0,14,24,0,0,25,56,8,1,22,41,1,1,122,0,3,0,13,0,3,2,29,0,9,3,0,0,68,0,124,0,1,2,0,0,0,0,0,0,0,0,0,0,0,0,0,0,0,0,1,0,0,0,0,536,3,1,65,0,0,1,11,0,4,0,93,15,2,0,482,5,0,0,11,1,0,12,0,0,4,0,0,8,1,0,0,0,0,0,0,0,0,0,53,0,0,0,0,5,1,1,0,0,0,0,0,3,0,0,29,0,11,0,2,0,0,0,2,0,1,0,2,0,0,5,7,11,2,0,15,3,12,0,144,0,0,0,0,13,5,23,3,0,0,0,0,0,2,1,0,0,1,39,2,0,0,0,0,0,0,7,0,0,0,0,0,0,3,0,0,0,0,24,89,0,4,0,2,0,5,0,0,4,0,7,0,7,3,1,0,3,5,9,12,0,2,14,0,0,29,0,0,1,0,6,0,0,0,0,0,0,0,7,0,4,0,5,0
4,1449,COLEGIO ESTADUAL PEDRO MACEDO,"AVENIDA REPUBLICA ARGENTINA,   2376",PORTÃO,-25.4655774,-49.2929402,27,0,8682,7000,230,183,0,4,1,7,72,13,2,1,2,53,1,0,2,36,0,3,0,0,0,15,10,0,0,2,50,1,0,0,60,61,29,6,17,0,0,1,0,0,1,1,1,4,5,5,0,0,2,3,0,9,2,19,3,5,4,9,1,4,15,9,0,4,7,1,0,0,4,0,0,93,0,1,2,1,1,1,3,0,1,0,2,131,1,0,0,0,3,7,0,0,0,0,0,0,30,4,34,2,4,486,0,0,27,7,13,4,37,130,308,1,0,3,387,0,0,9,25,8,6,0,0,0,1,1,81,4,2,3,0,0,3,0,0,4,1,1,0,4,0,0,1,1,0,0,0,2,0,31,0,0,0,21,3,79,0,3,2,9,1,0,0,0,64,0,1,0,0,0,3,3,0,0,1,0,1,0,1,0,0,0,0,0,0,32,2,0,49,0,0,0,0,2,0,186,0,42,1,6,18,2,0,31,1,2,0,0,7,0,1,3,0,0,8,50,1,2,36,60,5,8,43,55,1,3,188,3,3,1,20,0,1,0,43,0,10,4,1,0,83,5,159,2,1,2,2,0,0,0,0,2,0,0,0,2,0,0,0,0,0,0,2,0,0,0,0,759,0,0,76,3,2,1,14,3,6,0,138,10,1,0,749,15,1,0,2,2,0,12,0,1,3,1,1,9,0,0,0,0,0,0,2,0,0,0,88,0,0,1,1,10,0,0,0,1,0,1,2,1,1,1,54,1,5,0,13,0,0,0,0,4,3,1,0,0,0,6,12,15,1,0,9,1,15,2,192,0,0,0,0,12,5,22,1,2,1,0,1,0,2,1,0,0,4,47,0,2,1,1,0,0,1,21,0,0,0,0,0,0,2,0,0,0,0,29,126,0,6,0,0,1,6,0,0,2,0,11,0,11,0,1,0,8,4,13,19,3,4,18,1,0,45,1,0,0,0,23,0,0,0,0,0,0,0,5,3,5,0,1,1
4,1457,ESCOLA MUNICIPAL PAPA JOAO XXIII,"RUA ITACOLOMI,  700 - VILA LEAO",PORTÃO,-25.4793294,-49.299285,27,0,5013,4063,185,139,0,7,2,5,36,13,0,0,0,22,0,0,0,16,1,0,1,1,1,5,11,1,0,1,20,2,0,0,36,32,23,11,14,0,0,1,0,0,1,1,1,3,7,6,0,0,0,1,1,8,1,17,0,1,0,5,0,0,10,2,0,6,6,0,0,0,1,0,1,60,0,0,2,0,2,0,2,0,4,0,2,39,0,0,0,0,0,3,0,0,0,0,0,0,10,3,14,1,1,201,0,2,4,5,4,3,13,63,142,1,0,9,161,2,0,1,11,0,6,0,0,0,0,0,33,4,0,3,0,0,3,0,1,0,0,3,0,2,0,0,0,2,0,0,0,0,0,15,0,2,0,13,2,50,0,2,0,6,1,0,0,0,62,0,0,0,0,0,1,0,0,0,4,0,3,0,1,0,0,1,0,0,0,36,2,0,47,0,0,0,0,1,0,170,0,26,0,3,9,0,0,15,0,0,0,0,12,0,0,0,0,0,9,15,0,0,31,68,3,2,34,35,0,6,102,0,1,0,15,0,1,0,39,1,9,0,0,0,86,0,89,0,0,2,0,0,1,0,0,0,0,0,0,1,1,0,0,0,0,0,0,4,0,0,0,454,0,1,30,0,0,1,7,1,5,0,87,2,0,0,390,8,0,0,1,2,0,1,0,0,0,0,0,6,1,1,0,0,0,0,0,0,0,0,43,0,1,1,0,4,0,1,0,0,0,0,0,2,0,0,38,0,2,0,3,0,0,1,0,3,0,0,2,0,0,3,4,4,4,0,8,1,7,4,129,0,0,2,3,6,1,6,2,4,0,0,1,0,6,4,0,0,1,31,0,0,1,0,2,0,0,7,0,0,1,0,0,0,1,0,0,0,0,22,85,0,0,0,1,1,6,1,0,0,0,5,0,6,0,1,0,5,1,6,6,2,1,8,2,0,21,0,0,0,0,5,0,0,0,0,0,0,0,3,0,5,0,2,0
4,1490,ESCOLA ESTADUAL MARECHAL CANDIDO RONDON,"RUA RICARDO NEGRAO FILHO, 287",PORTÃO,-25.4744792,-49.3108149,27,0,3802,3086,169,110,0,5,2,4,22,3,1,0,1,33,0,0,0,11,0,1,0,2,0,3,8,1,0,0,8,0,0,0,26,45,23,12,6,0,0,0,0,0,0,0,0,0,0,16,0,0,1,2,0,6,2,19,1,0,0,2,0,1,9,4,0,10,6,0,1,0,0,0,0,42,1,0,3,0,1,0,0,0,0,0,0,26,0,0,0,0,1,0,0,0,0,0,0,0,12,4,6,2,1,156,0,0,5,4,5,3,9,48,102,0,0,2,79,0,1,0,2,0,2,0,0,0,0,0,28,0,0,1,0,0,0,0,0,1,0,0,0,0,0,0,0,1,0,0,0,0,0,11,1,1,0,6,1,23,0,0,0,0,0,0,0,0,39,1,0,0,0,0,0,0,0,0,1,0,0,0,0,0,0,0,0,0,0,29,0,2,34,0,0,0,0,1,0,159,0,15,0,0,18,0,0,12,0,2,0,0,7,0,0,0,1,1,5,15,0,1,28,30,1,0,26,20,0,1,88,2,3,1,9,0,1,0,12,0,3,1,0,0,63,0,83,0,0,1,0,0,1,2,0,0,0,0,0,1,0,0,0,0,0,0,1,0,0,0,0,367,0,1,24,0,3,0,3,0,4,0,48,1,0,0,271,6,0,0,2,1,0,8,0,0,0,0,0,5,0,1,0,0,0,0,0,0,0,0,30,0,0,0,0,1,1,3,0,0,0,1,0,1,0,0,35,0,0,0,7,0,0,2,0,0,1,0,0,0,0,11,2,3,6,0,4,8,3,0,106,0,1,0,1,4,4,9,6,1,0,1,2,0,0,4,0,0,2,25,0,0,0,0,0,2,0,3,0,0,0,0,1,0,1,0,0,0,0,10,64,1,1,0,2,0,2,1,0,4,0,2,0,6,0,0,0,2,0,2,8,0,0,5,0,0,28,1,1,0,0,1,0,0,0,2,0,0,0,4,1,10,1,2,0
4,1503,ESCOLA MUNICIPAL PROFESSOR FRANCISCO KLENTZ,"RUA FRANCISCO TISSOT, 119 - VILA ROSINHA",PORTÃO,-25.4723644,-49.3159315,27,0,2588,2097,119,96,0,2,2,4,20,1,0,0,0,24,1,0,0,6,0,1,1,2,0,3,2,0,0,1,11,0,0,0,9,40,14,11,6,0,0,3,0,0,0,0,0,0,3,0,1,0,0,0,0,9,1,6,0,0,0,1,0,0,10,2,0,6,3,0,0,0,1,1,0,33,0,0,4,1,0,1,0,0,0,0,1,25,0,0,0,0,0,1,0,0,0,0,1,0,5,1,4,0,4,82,0,1,8,0,1,2,9,29,67,0,1,1,68,0,0,1,5,0,0,0,0,0,0,0,14,3,0,0,0,0,0,0,0,0,0,0,0,0,0,0,0,1,1,0,0,0,0,7,0,1,0,3,0,13,0,0,0,2,0,0,0,0,24,0,0,0,0,1,0,0,0,0,2,0,0,0,0,0,0,0,0,0,0,17,3,0,18,0,0,0,1,4,0,151,0,10,0,4,7,0,0,5,1,1,0,0,0,0,1,0,0,0,2,13,0,0,10,30,2,1,18,17,0,2,65,1,1,0,19,0,0,0,13,0,1,0,0,0,49,0,46,0,0,2,0,0,0,0,1,0,0,2,0,0,0,0,0,0,0,0,0,1,0,0,0,183,0,0,13,1,1,0,0,0,2,0,22,0,0,0,185,4,0,0,3,0,0,0,0,0,0,0,0,2,0,0,0,0,0,0,0,0,0,0,25,0,1,0,0,3,0,2,0,0,0,0,0,0,0,0,21,0,0,0,10,0,1,0,0,0,0,0,0,0,0,4,1,8,0,0,3,2,2,0,71,0,0,0,0,9,0,3,1,1,0,0,0,1,0,1,0,0,0,32,0,0,0,0,0,0,0,4,0,0,0,0,1,0,0,0,0,0,0,15,40,0,1,0,0,0,0,0,0,0,0,0,0,2,0,2,0,0,1,1,4,0,0,4,0,0,24,0,1,0,0,2,0,0,0,0,0,0,0,5,0,2,0,0,0
4,1554,ESCOLA MUNICIPAL SAO MIGUEL,"RUA RAUL ZANON, 175 - SANTA HELENA",CIDADE INDUSTRIAL,-25.4788752,-49.3405533,75,0,5308,4140,264,171,0,7,0,5,36,7,2,1,1,24,1,0,0,12,0,3,0,2,4,3,10,0,2,0,13,1,0,0,47,30,48,41,25,0,0,0,0,0,1,0,0,0,3,3,0,0,0,1,0,7,0,14,0,0,0,0,1,0,17,2,0,9,3,0,0,0,0,0,1,87,0,0,1,3,1,1,0,0,1,2,1,23,0,0,0,0,0,2,0,0,0,0,0,0,32,2,15,1,3,190,1,2,0,4,5,3,9,71,127,0,0,6,121,0,0,6,18,3,3,0,0,0,0,0,35,0,0,0,0,1,1,0,0,0,1,0,0,1,0,0,2,1,0,2,0,1,0,8,0,3,0,3,3,30,0,2,1,0,1,0,0,0,43,0,0,0,0,0,0,0,0,0,0,0,0,0,0,1,0,0,0,0,0,40,1,4,18,1,0,1,0,5,3,290,1,18,0,4,18,1,0,15,0,0,0,0,6,0,1,1,0,0,9,12,0,3,23,58,4,0,16,28,2,2,94,2,0,0,20,0,1,1,82,0,2,0,0,0,85,0,115,0,0,2,0,0,1,1,0,0,0,0,0,1,1,0,0,0,0,0,0,0,0,1,1,385,0,1,9,0,1,0,0,1,4,0,38,11,0,0,326,10,2,0,1,3,0,0,0,1,1,2,0,3,0,0,0,0,0,0,0,0,0,0,28,0,0,0,0,5,0,1,0,0,0,0,1,0,0,3,24,1,0,0,10,0,0,0,0,0,1,0,1,0,0,4,3,8,0,5,54,2,1,0,144,0,0,0,0,12,3,5,6,1,0,0,0,0,0,0,0,0,2,95,0,4,1,0,0,0,1,4,0,0,0,0,0,0,2,0,0,0,0,12,81,0,0,0,0,1,3,0,0,1,0,4,0,3,6,0,0,7,3,3,15,1,0,11,2,0,39,0,0,0,0,2,0,0,0,0,0,0,0,0,2,10,0,2,0
4,1562,ESCOLA MUNICIPAL PROFESSORA MARIA DO CARMO MARTINS,"RUA JOAO DEMBINSKI, 1377",CIDADE INDUSTRIAL,-25.4603077,-49.3450301,75,0,4911,3918,272,157,0,6,1,12,47,3,0,0,1,33,1,1,0,11,0,0,1,5,3,1,6,0,0,0,12,0,0,0,74,101,40,16,13,0,2,2,0,0,0,1,0,0,7,5,1,0,0,2,0,3,2,9,0,1,0,3,0,1,63,3,0,7,5,0,0,0,0,1,0,75,4,0,4,0,2,0,0,0,0,1,0,28,0,0,0,0,0,0,0,0,0,0,0,0,40,3,12,1,4,180,2,1,7,2,5,3,17,76,139,1,0,5,111,2,0,2,15,2,1,0,0,0,0,0,38,1,0,0,0,0,1,1,0,6,0,0,0,4,0,0,0,1,1,5,0,0,0,14,0,1,0,5,4,20,0,0,0,0,0,0,0,0,54,1,0,0,0,1,1,0,0,0,1,1,0,0,0,0,0,0,0,1,0,16,0,2,22,2,0,0,0,0,0,262,0,41,0,9,8,1,2,23,0,1,0,0,5,0,0,1,0,0,4,17,2,2,23,33,5,0,22,9,2,0,91,1,2,0,17,2,0,0,44,3,5,0,0,0,79,1,97,0,1,0,0,0,0,0,0,0,0,0,0,0,0,0,0,0,0,0,1,3,0,0,0,314,1,1,36,0,1,0,0,0,2,0,55,0,1,0,263,10,5,0,1,3,1,3,0,0,1,1,1,2,0,0,0,0,0,0,0,0,0,0,32,0,0,0,0,1,0,0,0,0,0,2,0,0,0,1,35,0,2,0,5,0,0,0,0,0,0,0,0,1,1,4,1,7,2,0,8,1,4,2,112,0,0,1,0,6,4,0,3,0,0,0,0,0,1,5,0,0,2,94,0,5,0,0,0,0,1,1,0,0,0,0,1,0,0,1,0,0,0,10,49,0,0,0,3,0,8,1,1,1,1,3,1,2,0,0,0,6,0,2,7,4,1,5,1,0,21,1,9,0,0,12,0,0,0,1,0,0,0,2,0,15,0,0,0
4,1570,ESCOLA MUNICIPAL HEITOR ALENCAR FURTADO,"RUA ROBERT REDZINSKI,  150",CIDADE INDUSTRIAL,-25.4571247,-49.3494422,75,0,3719,3045,200,121,0,5,2,8,39,1,3,0,0,30,1,1,1,10,0,0,0,0,0,5,3,0,0,0,10,0,0,0,38,95,38,16,15,0,0,0,0,1,1,1,0,0,5,0,2,1,1,1,0,4,0,14,0,1,1,2,0,0,60,5,0,6,0,0,0,0,0,0,0,63,1,0,0,0,1,2,0,0,0,3,2,17,0,0,0,0,0,0,0,0,0,0,0,0,10,3,14,5,1,157,0,0,8,5,1,1,7,53,102,0,0,2,70,1,0,3,6,0,2,1,0,0,0,0,20,0,0,0,0,1,1,3,1,2,0,0,0,2,0,0,0,1,0,0,0,0,0,10,0,2,0,5,1,13,0,0,0,3,0,0,0,0,31,0,0,1,1,1,0,0,1,0,0,1,0,0,0,0,0,0,1,0,0,15,0,2,31,0,0,0,1,1,0,208,0,17,0,3,7,0,0,13,0,0,0,0,3,0,0,0,0,0,7,5,0,1,12,39,3,0,15,20,0,0,79,0,3,0,16,0,0,0,45,2,6,0,0,0,64,1,85,2,0,2,0,0,0,0,0,0,0,0,0,0,0,0,0,0,0,0,0,3,0,0,0,263,0,1,17,0,0,0,0,0,1,1,21,1,0,2,224,6,1,0,4,0,0,1,0,0,0,0,0,1,0,0,0,0,0,0,0,0,0,0,9,0,0,0,0,6,0,0,0,0,0,1,0,0,0,1,34,0,0,0,9,0,0,0,0,0,1,0,0,0,0,4,5,1,0,0,4,0,4,1,84,0,1,0,0,4,0,3,2,0,0,0,1,0,0,2,0,0,3,49,0,11,0,0,0,0,1,3,0,0,0,0,0,0,0,0,0,0,0,14,45,0,0,0,2,0,7,1,0,1,0,4,0,0,0,0,1,4,0,0,9,2,3,3,1,0,34,0,5,1,0,6,0,0,0,1,0,0,0,5,1,4,0,1,0
4,1589,ESCOLA MUNICIPAL JARDIM SANTOS ANDRADE,"RUA LUIZ ZILLI, 405",CAMPO COMPRIDO,-25.4566787,-49.3258769,44,0,2663,2131,114,72,0,3,2,2,26,3,0,0,1,14,0,0,1,11,0,0,0,0,0,1,5,0,0,1,8,0,0,0,21,57,7,3,9,0,0,0,0,0,0,0,0,1,1,6,0,0,0,4,1,3,0,9,1,0,1,0,1,0,10,5,0,3,6,0,0,0,0,1,0,31,0,0,0,0,0,1,0,0,0,1,1,21,0,0,0,0,0,0,0,0,0,0,0,0,5,2,5,2,1,102,2,0,6,5,2,0,6,48,86,0,0,1,74,0,0,1,4,0,0,1,0,0,0,0,20,1,0,0,0,0,1,0,0,0,0,0,1,1,0,0,0,0,0,1,0,0,0,6,0,1,0,3,1,14,0,1,0,5,0,0,1,0,30,0,0,0,0,1,0,1,0,0,0,0,0,0,2,0,0,0,0,0,0,13,0,0,25,0,0,0,0,1,0,123,0,8,1,1,10,0,2,8,0,0,0,0,6,0,0,0,0,0,5,6,1,0,14,23,3,1,3,8,0,1,51,0,0,0,14,0,0,2,15,0,5,0,0,0,44,1,55,0,0,3,0,0,1,0,0,0,0,0,0,0,0,0,0,0,0,0,0,0,0,0,0,210,0,0,25,0,0,0,3,0,1,0,24,0,0,0,173,6,0,0,0,0,0,0,0,0,0,0,0,0,0,0,0,1,0,0,0,0,0,0,16,1,0,0,0,4,0,6,0,0,0,0,0,2,0,1,14,0,0,0,5,0,0,0,0,1,1,1,0,0,0,0,2,7,3,2,3,0,1,1,54,0,0,0,0,1,0,4,2,1,0,0,0,0,1,2,2,0,0,109,1,1,0,0,0,0,0,4,0,0,0,0,0,0,0,0,0,0,0,6,23,0,0,0,0,0,3,0,0,0,0,0,0,0,0,0,0,2,1,1,4,0,0,4,0,0,8,1,0,0,0,4,1,0,0,0,0,0,0,1,1,8,0,0,0
4,1597,FUNDACAO DE AÇÃO SOCIAL DO CAMPO COMPRIDO - FAS (MUNICIPAL),"RUA EDUARDO SPRADA, 4520",CIDADE INDUSTRIAL,-25.4457744,-49.3495257,75,0,2901,2347,107,94,0,4,2,4,17,5,1,0,0,19,1,0,1,1,0,1,0,0,0,0,4,0,0,0,18,0,0,0,22,71,14,4,14,0,0,0,0,0,0,0,0,1,2,3,0,0,0,0,1,12,2,7,0,0,1,1,0,1,16,4,0,3,3,0,0,0,0,0,0,31,0,0,1,0,0,0,0,0,0,0,0,30,1,0,0,1,0,1,0,0,1,0,0,0,7,4,11,0,1,119,0,0,2,1,0,0,8,43,95,0,0,6,88,0,0,4,12,0,0,1,0,0,0,0,24,0,0,0,0,0,1,1,1,0,0,0,0,2,0,0,0,2,0,0,0,0,0,10,0,0,0,5,2,10,0,0,0,0,0,0,0,0,42,0,0,0,0,2,0,1,0,0,0,0,0,0,0,0,0,0,0,0,0,14,0,0,20,0,0,0,3,0,0,111,0,19,0,3,8,0,0,9,0,0,0,0,9,0,0,0,0,0,5,8,0,0,25,20,0,0,10,3,0,1,68,1,0,0,12,0,1,0,31,1,6,0,0,0,36,0,56,2,0,0,0,0,0,0,0,1,0,0,0,0,0,0,0,0,0,0,0,0,1,0,0,221,0,2,35,0,0,1,2,0,5,0,45,1,0,0,201,1,0,1,3,0,0,9,0,0,1,0,0,4,0,0,0,0,0,0,0,0,0,0,21,0,0,0,0,0,0,1,0,0,0,0,0,2,0,0,23,0,0,0,4,0,0,1,0,0,0,2,0,0,0,3,4,5,2,0,3,0,8,0,69,0,0,0,0,3,0,4,3,0,0,0,3,0,6,0,0,0,0,27,0,3,0,0,0,0,0,4,0,0,0,0,0,0,0,0,0,0,0,3,42,0,0,0,1,0,3,0,0,0,0,5,0,3,1,0,0,2,0,0,9,0,0,8,0,0,15,0,2,0,0,2,0,0,0,0,0,0,0,0,0,2,0,0,0
4,1600,ESCOLA MUNICIPAL MORADIAS DO RIBEIRAO,"RUA JOAO DEMBINSKI, 3030",CIDADE INDUSTRIAL,-25.4745024,-49.3394608,75,0,3316,2722,158,115,0,0,2,6,35,9,0,2,2,25,0,0,0,8,0,0,0,1,1,4,9,0,0,0,6,1,0,1,39,39,18,18,12,0,0,2,0,0,1,0,1,0,5,3,3,0,0,0,0,11,1,22,1,1,0,2,0,1,8,4,0,8,4,0,0,0,0,1,0,41,0,0,3,1,1,0,1,0,0,0,1,12,0,0,0,0,0,0,0,1,0,0,0,0,13,2,8,1,5,126,0,1,4,2,0,2,10,67,109,0,0,4,70,0,0,4,7,1,4,1,0,0,0,0,18,4,0,0,0,0,0,0,0,0,0,0,0,0,0,0,1,1,0,1,0,0,0,6,0,1,0,9,3,16,0,1,0,1,1,0,1,0,28,1,0,0,0,0,0,0,0,0,0,1,1,0,0,0,0,0,0,0,0,22,2,1,18,2,0,0,0,2,0,175,0,14,2,3,7,2,0,14,0,0,0,0,2,0,0,0,0,0,5,3,0,2,11,39,4,0,7,13,0,3,62,0,2,0,17,1,0,1,55,0,5,0,0,0,49,0,66,0,0,2,0,0,0,0,0,0,0,1,0,0,2,0,0,0,0,0,0,1,0,1,0,253,0,2,16,0,0,0,2,0,0,0,25,2,0,1,207,2,0,0,1,0,0,1,0,1,0,0,0,4,0,0,0,0,0,0,0,0,0,0,22,0,0,0,0,2,0,4,0,0,0,0,2,1,0,3,33,1,0,0,12,0,0,0,1,0,0,1,0,0,0,2,4,9,0,1,17,2,0,0,85,0,0,0,1,11,0,0,2,0,0,0,0,0,1,2,0,0,2,54,1,2,0,0,0,0,0,4,0,0,0,0,0,0,0,0,0,0,1,9,43,0,0,0,1,0,2,1,0,0,0,0,0,2,0,0,0,3,0,1,9,0,0,6,0,0,26,0,1,0,0,2,0,0,0,0,0,0,0,0,0,8,1,1,1
4,1619,ESCOLA ESTADUAL JOSE FRESSATO,"RUA NOVA LONDRINA, 30",AUGUSTA,-25.4570923,-49.3776661,68,0,1824,1461,134,48,0,7,0,1,14,1,2,0,2,6,2,1,0,2,0,0,0,1,2,3,4,1,0,0,4,0,0,0,15,25,15,10,3,0,0,0,0,0,0,0,0,0,0,0,1,0,0,0,0,0,2,1,0,0,0,0,0,0,70,8,0,9,1,0,0,0,0,0,0,15,0,0,1,0,0,1,0,0,1,0,0,4,0,0,0,0,0,0,0,0,0,0,0,0,5,1,3,0,1,39,0,0,3,0,1,1,8,4,47,1,0,1,29,0,0,0,0,0,0,0,0,0,0,0,7,0,0,1,0,0,2,0,0,0,0,0,0,0,0,0,0,1,0,0,0,0,0,0,0,0,0,4,2,4,0,0,0,1,0,0,0,0,19,0,0,1,0,0,0,0,0,0,0,0,1,1,0,0,0,0,0,0,0,8,0,0,4,0,0,0,0,2,0,130,0,2,0,1,2,0,0,5,0,0,0,0,7,0,0,0,0,0,4,6,0,0,5,28,0,0,7,2,0,0,40,0,2,0,8,0,0,0,27,1,1,0,0,0,63,0,59,0,0,0,0,0,0,0,0,0,0,0,0,0,0,0,0,0,0,0,0,0,0,0,0,126,0,1,8,0,0,0,1,0,3,0,16,2,0,0,93,2,0,0,0,0,0,0,0,0,0,0,0,2,0,0,0,0,0,0,0,0,0,0,5,0,1,0,0,0,0,0,0,0,0,0,0,1,0,0,6,0,0,0,6,0,0,0,0,0,0,2,0,0,0,0,0,2,4,1,5,1,1,0,35,0,0,0,0,3,0,1,0,0,0,0,0,0,0,0,0,0,0,32,0,0,0,0,0,0,0,2,0,0,0,2,0,0,0,0,0,0,0,3,16,0,1,0,3,0,12,2,0,0,0,0,0,2,0,0,0,0,0,1,4,0,0,0,0,0,10,0,5,0,0,11,0,0,0,1,0,0,0,0,0,7,0,0,0
4,1627,CEI - CENTRO DE EDUCAÇÃO INFANTIL OLIVIO SOARES SABOIA (MUNICIPAL),"R JOAO ALEXANDRE KOPP, 505",CIDADE INDUSTRIAL,-25.48065,-49.3475683,75,0,3488,2811,174,123,0,4,4,11,22,2,1,0,1,29,0,0,0,9,0,2,0,2,2,1,2,0,0,0,8,0,0,0,24,25,37,9,15,0,0,0,0,0,0,1,0,0,3,5,0,0,0,0,0,2,1,7,0,0,0,1,0,0,15,5,0,7,2,0,0,0,0,3,0,57,2,0,4,0,1,0,0,0,1,0,2,9,0,0,0,0,2,3,2,0,0,0,0,0,20,1,15,4,1,134,1,0,2,1,3,2,5,34,107,0,0,2,80,0,1,1,6,0,2,3,0,0,0,1,28,0,0,1,0,0,1,0,0,0,0,0,0,0,0,0,0,1,0,1,0,1,0,13,0,1,0,2,6,13,0,1,1,0,2,0,0,1,31,0,0,0,0,1,0,0,0,0,2,0,0,0,0,0,1,0,0,0,0,32,0,0,13,0,0,0,0,3,0,227,0,10,0,2,8,0,0,8,0,0,0,0,1,0,0,1,0,0,3,10,0,0,10,34,2,2,8,13,0,1,58,1,2,0,12,1,0,0,51,0,2,0,1,0,66,0,60,0,0,1,0,0,0,0,0,0,0,1,0,0,0,0,0,0,0,0,0,1,0,0,0,258,0,0,20,0,0,2,2,0,2,0,26,2,0,0,256,6,0,0,0,0,0,0,0,0,0,1,0,1,0,0,0,0,0,0,0,0,0,0,19,1,0,0,0,1,0,1,0,0,0,0,0,0,0,0,25,0,3,0,6,0,0,0,0,0,1,0,0,1,0,0,2,2,1,0,55,0,1,0,97,0,0,0,0,5,4,1,2,0,1,0,0,0,1,1,0,0,0,55,0,1,0,0,0,0,0,2,0,0,0,0,1,0,1,0,0,0,0,4,51,0,0,0,2,0,5,1,0,0,0,0,0,3,0,2,0,2,0,0,9,0,0,2,0,0,20,0,1,0,0,5,0,0,0,1,0,0,0,3,0,9,1,2,0
4,1643,COLÉGIO ESTADUAL PROFESSORA HILDEGARD SONDAHL - EFM,"RUA JOAQUIM DE SIQUEIRA CORTES, 62",CIDADE INDUSTRIAL,-25.487178,-49.3528876,75,0,3128,2507,173,130,0,3,1,3,22,2,1,0,0,18,1,1,0,9,0,0,0,1,3,2,4,0,0,0,7,1,0,0,27,17,52,24,25,0,0,3,0,0,1,0,1,0,2,0,0,1,0,1,0,4,0,6,0,0,0,1,1,0,8,13,0,8,2,0,0,0,1,0,0,34,1,0,2,1,1,1,0,0,0,0,1,9,0,0,0,0,0,0,0,0,0,0,0,0,13,3,11,1,2,105,0,0,3,1,6,2,11,23,83,1,1,3,81,0,0,1,5,1,1,0,0,0,0,0,25,0,0,0,0,0,0,2,0,3,0,0,0,0,0,0,0,0,0,0,0,0,0,6,0,1,0,3,1,15,0,0,0,2,0,0,0,0,24,0,0,0,1,0,1,1,0,0,0,0,1,0,3,0,1,1,1,0,0,27,0,0,22,0,0,0,1,2,0,258,0,8,0,3,14,0,1,10,0,0,0,0,3,0,0,1,0,0,3,6,0,0,8,49,1,0,7,18,0,3,55,0,1,0,8,0,1,1,29,0,0,0,0,0,52,0,75,1,0,0,0,0,0,0,0,0,0,0,0,0,0,0,0,0,0,0,0,0,0,0,0,196,0,1,8,0,0,0,3,0,1,1,27,1,0,0,200,5,0,0,0,0,0,0,0,0,0,3,1,2,0,0,0,0,0,0,0,0,0,0,20,0,0,0,0,4,0,0,0,0,0,0,1,0,0,0,18,0,0,0,4,0,0,0,0,0,0,0,1,0,0,0,0,2,1,1,10,1,3,0,75,0,1,0,0,6,0,0,2,0,0,0,0,0,1,0,0,0,3,63,0,0,1,0,0,0,0,4,0,0,0,0,0,0,2,0,0,0,0,1,29,0,1,0,4,2,4,1,0,1,0,1,0,2,0,0,0,0,0,4,6,0,1,3,0,0,9,0,0,0,0,10,0,0,0,0,0,1,0,1,0,5,0,0,0
4,1651,ESCOLA ESTADUAL MONSENHOR IVO ZANLORENZI,"R EDUARDO SPRADA, 4114",CAMPO COMPRIDO,-25.4448129,-49.3454022,44,0,4336,3445,162,125,0,1,1,4,42,5,1,0,0,39,0,0,0,14,1,1,0,0,1,1,6,0,1,0,22,0,0,0,13,91,10,8,14,0,0,1,0,0,0,0,0,2,3,6,3,0,0,2,0,7,7,4,0,0,3,2,0,0,21,9,0,6,5,0,0,1,2,1,0,42,0,0,1,0,1,1,0,0,0,5,1,55,0,0,0,0,0,0,0,0,0,0,1,0,13,2,15,2,4,153,1,0,13,3,5,6,6,49,133,0,0,5,122,0,1,2,8,0,1,0,2,0,1,0,33,1,0,0,0,0,1,1,0,1,0,0,0,0,0,0,0,1,0,2,0,0,0,23,0,2,0,10,1,29,0,3,0,1,0,0,0,2,35,2,0,0,0,1,0,2,0,0,1,0,0,0,1,0,0,0,0,0,0,29,1,0,30,0,0,1,0,1,0,119,0,25,0,3,15,0,0,11,0,0,0,0,3,0,0,1,0,0,12,12,0,0,34,47,2,3,30,9,1,2,91,0,2,0,10,0,0,1,34,0,5,0,0,0,63,2,105,0,0,2,0,0,3,0,0,0,0,0,0,0,0,0,0,0,0,0,0,3,0,0,0,342,1,0,54,0,1,0,10,0,2,0,78,1,0,0,304,0,1,0,9,1,0,13,0,0,1,1,0,4,0,4,0,0,0,0,0,0,0,0,23,1,0,0,0,4,0,1,0,0,0,4,0,1,0,0,28,0,1,0,3,0,0,2,0,0,0,0,0,0,0,1,1,9,2,0,6,2,9,1,120,0,1,0,0,11,0,7,2,1,0,0,2,0,3,1,0,1,0,26,0,0,0,0,0,0,0,5,0,0,0,0,0,0,0,0,0,0,0,11,80,0,0,0,3,1,5,0,0,1,0,1,0,4,0,0,0,2,1,3,11,2,1,7,0,0,26,0,1,1,0,0,0,0,0,0,0,0,0,4,0,5,1,1,0
4,1694,ESCOLA MUNICIPAL PROFESSOR ULISSES FALCAO VIEIRA,"RUA EDUARDO SPRADA,  5062",CIDADE INDUSTRIAL,-25.4497278,-49.3523978,75,0,4082,3296,160,134,0,4,2,6,30,5,4,0,0,28,2,0,1,27,0,0,0,2,2,4,6,2,0,0,14,0,0,0,33,88,33,6,25,0,1,3,0,0,2,0,4,2,3,3,0,0,0,1,0,9,2,5,0,0,0,0,0,1,20,4,0,5,2,0,0,0,2,1,0,45,0,0,3,0,0,1,0,0,1,0,0,37,0,0,0,0,0,1,0,0,0,0,0,0,11,0,9,0,3,141,3,2,6,3,6,6,19,50,130,1,1,4,114,0,1,3,14,0,1,0,0,0,1,0,31,0,0,0,0,1,1,1,0,0,3,1,0,4,0,0,0,0,0,0,0,1,0,11,0,1,0,7,11,13,0,0,0,1,0,0,0,0,53,0,0,0,0,0,0,0,0,0,0,0,0,0,0,0,0,0,0,0,0,6,1,0,18,0,0,1,0,0,1,174,0,15,0,2,14,0,2,12,0,0,0,0,1,0,0,0,0,0,7,20,0,0,15,42,2,3,26,10,3,4,68,0,1,0,17,1,0,1,68,0,10,0,0,0,61,1,95,0,0,2,0,0,0,3,0,1,0,0,0,0,0,0,0,0,0,0,1,1,0,0,0,315,0,1,27,0,1,1,5,1,6,0,48,0,0,0,288,4,0,0,9,0,0,0,0,0,0,1,0,4,0,1,0,0,0,0,1,0,0,0,40,0,0,0,0,5,1,4,0,0,0,1,0,1,0,0,33,0,0,0,12,0,0,0,0,0,0,0,0,1,0,1,5,9,0,0,7,1,7,1,83,0,0,0,0,5,1,5,1,1,1,0,0,0,2,3,0,0,1,27,0,1,0,0,0,1,1,1,0,0,0,0,0,0,0,0,0,0,0,10,53,0,1,0,1,2,7,0,1,1,0,1,2,3,1,0,0,0,0,2,7,0,0,10,1,0,28,0,1,1,0,2,0,0,0,0,0,0,0,4,2,18,1,5,0
4,1708,COLEGIO ESTADUAL TEOTONIO VILELA,"RUA ROBERT REDZIMSKI, 1000",CIDADE INDUSTRIAL,-25.4573618,-49.3490497,75,0,5899,4694,346,200,0,8,2,4,45,10,2,0,1,40,0,1,0,16,0,1,0,3,3,8,6,1,0,0,13,1,0,0,70,99,50,30,18,0,0,1,0,1,0,0,2,0,1,6,3,0,2,3,0,6,0,14,0,0,0,0,0,3,59,6,0,4,4,0,2,0,0,3,3,74,1,0,2,2,0,1,0,0,2,2,0,21,2,0,0,0,1,0,0,0,0,0,0,0,17,1,22,0,14,274,0,1,11,6,10,2,17,67,216,0,0,7,134,0,0,1,13,1,4,1,0,0,0,0,60,0,0,0,0,0,1,1,2,0,0,0,2,3,0,0,0,1,0,1,0,0,0,13,0,1,0,7,8,23,2,1,0,0,0,0,0,0,32,0,0,0,1,1,0,0,3,0,2,1,0,0,0,0,0,0,0,0,0,33,1,0,32,0,1,0,1,2,0,303,0,35,0,6,13,2,1,22,2,0,0,0,3,0,0,0,0,0,8,9,0,0,26,58,1,0,17,20,0,3,91,2,1,0,21,0,0,3,76,0,5,0,0,0,110,1,105,0,0,0,0,0,0,0,0,0,0,1,0,0,0,0,0,1,0,0,0,3,0,0,0,404,0,0,43,0,0,0,1,1,9,1,56,4,0,0,364,7,1,0,2,4,0,3,0,0,0,2,0,3,0,0,0,0,0,0,0,0,0,0,21,0,0,0,0,3,2,3,0,0,0,0,0,0,0,0,45,0,0,0,3,0,0,0,0,0,0,0,1,0,0,5,5,10,1,0,15,1,7,0,152,0,0,0,1,11,0,0,1,1,1,0,1,0,1,3,0,0,1,92,0,14,0,0,0,0,0,0,0,0,0,0,0,0,0,0,0,0,0,6,60,0,0,0,0,0,5,0,1,3,0,3,0,3,0,2,0,1,0,1,19,0,3,4,1,0,33,1,3,3,0,8,0,0,0,0,0,0,0,3,0,10,0,2,0
4,1716,COLEGIO (PARTICULAR) MARTINUS PORTÃO,"RUA ARTHUR MOHR,144",PORTÃO,-25.4727523,-49.2993613,27,0,2336,1894,53,31,0,2,0,2,27,3,1,0,0,23,0,0,0,9,0,0,0,0,1,3,4,1,0,0,10,0,0,0,11,12,9,2,5,0,0,0,0,0,0,2,0,1,0,1,0,0,0,1,0,2,1,4,1,1,1,1,0,0,4,6,0,1,2,0,0,0,2,0,0,23,0,0,0,0,1,0,0,0,1,0,0,41,0,0,0,0,1,0,0,0,0,0,0,0,8,1,4,0,3,106,0,0,1,3,6,1,1,30,77,0,0,0,90,0,1,0,7,0,1,0,0,0,0,0,20,0,0,0,0,0,0,0,0,0,0,2,0,1,0,0,0,0,0,0,0,0,0,4,2,1,0,2,4,17,0,4,0,3,0,0,0,0,28,0,0,0,0,0,0,1,1,0,2,0,0,0,0,0,0,0,0,0,0,10,0,1,23,1,0,0,0,1,0,40,0,25,0,3,10,0,0,8,0,0,0,0,2,0,0,1,0,0,4,7,0,0,17,9,1,3,11,5,1,2,56,0,0,0,7,0,0,0,12,0,2,0,0,0,23,0,43,0,0,2,1,0,2,0,0,0,0,0,0,2,0,0,0,0,0,0,0,1,0,0,0,244,0,2,33,0,0,0,4,0,0,0,32,1,0,0,235,0,0,0,3,0,0,2,0,1,1,1,0,5,0,1,0,0,0,0,0,0,0,0,17,0,0,2,0,1,0,0,0,0,1,2,0,1,0,0,13,0,1,0,2,0,0,0,0,0,0,0,0,0,0,2,3,2,4,0,2,1,2,0,50,0,0,0,0,8,1,9,1,0,0,0,1,0,1,1,0,0,1,9,0,0,0,0,0,1,0,4,0,0,0,0,0,0,0,0,0,0,0,12,50,0,0,0,3,1,0,0,0,2,0,3,1,2,0,0,0,1,1,4,4,1,5,8,0,0,3,0,0,0,0,1,0,0,0,0,0,0,0,1,0,5,0,3,0
4,1724,COLEGIO ESTADUAL PROTASIO DE CARVALHO,"RUA CIDADE GAUCHA, 120",CIDADE INDUSTRIAL,-25.47279,-49.3474133,75,0,5540,4404,281,197,0,7,1,3,41,2,5,0,1,41,1,2,0,12,1,1,0,1,0,7,9,0,0,0,13,0,0,0,69,67,52,51,27,0,2,0,0,0,1,1,0,0,4,4,2,0,1,1,0,5,4,37,2,0,0,0,0,0,15,10,0,14,1,0,0,0,0,1,0,68,2,0,3,0,1,0,1,0,1,2,2,29,0,0,0,0,2,3,0,0,0,0,1,0,26,1,26,0,3,201,1,0,3,1,6,2,15,50,185,0,1,3,141,1,1,4,17,0,5,1,0,0,0,0,32,4,0,1,0,0,0,3,1,0,1,0,0,1,0,0,0,1,0,0,0,0,0,14,0,0,0,8,1,24,0,0,0,1,1,1,0,0,53,0,0,0,0,0,0,1,0,0,2,0,1,0,1,0,0,1,0,0,0,63,1,3,27,0,0,2,0,3,0,363,0,21,0,11,7,0,0,24,0,1,0,0,3,0,0,0,0,0,7,18,1,1,7,68,5,5,20,25,1,3,90,2,3,0,16,0,4,0,79,0,6,1,0,0,103,2,112,0,1,1,0,0,1,1,0,1,0,5,0,0,0,0,0,0,0,0,0,2,0,0,0,345,0,2,24,1,0,1,3,0,5,2,55,2,0,0,316,5,1,0,0,2,0,2,0,0,0,1,0,3,0,0,0,0,0,0,0,0,0,0,38,1,0,0,0,1,0,3,0,1,0,0,0,0,0,3,45,0,1,0,8,0,0,0,0,1,1,0,2,0,0,5,3,3,1,0,49,0,2,0,127,1,1,0,0,10,3,3,7,2,0,1,0,0,0,0,0,0,1,52,1,2,0,0,0,0,0,7,0,0,1,0,0,0,1,0,0,0,0,12,56,0,0,0,2,1,4,2,0,0,0,3,0,1,0,3,0,3,0,0,16,2,0,3,1,0,28,1,3,1,0,5,0,0,0,0,0,0,0,4,1,13,1,1,0
4,1740,ASPP - ASSOCIACAO DOS SERVIDORES PUBLICOS DO PARANA,"RUA PROFESSOR ULISSES VIEIRA, 2303",SANTA QUITERIA,-25.4628823,-49.3119998,43,0,6292,5030,231,152,0,3,2,6,48,11,3,0,1,40,0,0,0,19,0,0,1,3,2,11,14,3,0,1,52,0,0,0,52,76,24,5,19,0,0,3,0,0,0,0,1,2,4,8,1,0,1,1,1,15,1,16,1,0,0,10,0,0,10,10,0,5,7,0,2,1,1,0,0,81,1,0,2,2,0,3,0,0,1,1,0,61,0,0,0,0,1,2,0,0,0,0,1,1,19,2,17,0,4,283,2,1,9,5,14,4,27,99,220,3,0,3,187,1,3,3,25,0,3,0,0,0,1,0,54,3,0,0,0,0,1,1,0,1,0,0,0,0,0,0,0,0,0,1,0,1,0,24,1,0,0,13,7,44,0,7,0,7,0,0,0,0,62,1,0,0,0,0,0,0,0,0,3,0,1,0,0,0,0,0,0,0,0,44,1,1,34,1,0,0,0,4,0,191,0,31,0,5,23,0,3,11,0,3,0,0,9,0,2,0,0,0,13,17,0,0,42,61,1,1,29,21,3,0,121,2,0,0,31,0,0,0,36,0,5,0,0,0,102,0,137,0,0,7,0,0,0,1,0,0,0,0,0,0,0,0,0,0,0,0,0,0,0,0,0,570,2,0,55,1,0,0,4,0,6,0,69,6,0,0,423,6,2,0,7,1,0,6,0,1,2,1,0,6,0,0,1,0,0,0,0,0,0,0,49,0,2,0,0,4,0,0,1,1,1,5,0,3,0,2,45,0,2,0,10,0,0,0,0,1,3,0,0,0,0,4,4,10,3,0,10,3,10,0,141,0,2,0,0,22,9,4,6,2,0,0,1,0,5,1,0,0,3,53,0,2,2,0,0,0,0,3,0,0,0,0,1,0,4,0,0,0,0,21,90,0,0,0,1,1,3,0,0,1,0,7,0,5,2,1,0,0,1,1,16,3,2,18,0,0,31,0,0,0,1,5,0,0,0,0,0,0,0,6,0,8,0,5,1
4,1937,ESCOLA PAULA AMARAL,"RUA LUIZ RONALDO CANALLI, 2901",CAMPO COMPRIDO,-25.4613305,-49.3314914,44,0,1834,1488,62,47,0,4,1,1,18,1,0,0,1,7,0,0,0,4,0,0,0,0,0,1,2,0,1,0,4,0,0,0,13,18,9,1,4,0,0,0,0,0,1,1,0,3,1,2,0,1,0,0,0,3,2,3,0,0,0,0,0,0,3,4,0,1,0,0,1,0,0,0,0,24,0,0,0,0,1,6,0,0,0,2,0,19,0,0,0,0,0,0,0,0,0,0,0,0,12,1,4,0,5,83,0,1,3,1,4,0,5,31,68,0,1,0,79,0,0,0,5,4,3,0,0,0,2,0,17,0,0,1,0,0,0,1,1,0,0,0,0,0,0,0,0,0,0,0,0,0,0,3,0,0,0,3,3,9,0,0,0,0,0,0,0,0,18,0,0,0,0,0,0,1,0,0,2,0,1,0,0,1,0,0,0,0,0,6,0,0,23,1,1,0,0,3,0,70,0,8,0,1,0,0,0,9,0,0,0,0,2,0,0,2,0,0,4,7,0,0,7,20,3,0,11,2,0,0,28,0,0,0,12,0,1,0,13,2,5,0,0,0,28,0,35,0,0,3,0,0,0,1,0,0,0,0,0,0,0,0,0,0,0,0,0,0,0,0,0,142,0,0,23,0,0,0,2,0,2,1,19,1,1,0,140,0,0,0,2,2,0,1,0,0,2,0,0,1,0,1,0,0,0,0,0,0,0,0,10,0,0,0,0,0,0,2,0,0,1,0,0,0,0,0,8,0,0,1,4,0,1,0,0,1,0,0,0,0,0,0,4,3,2,0,5,1,1,0,52,0,3,0,0,5,2,2,2,1,0,0,0,0,0,1,0,0,0,16,0,2,0,0,0,0,1,0,0,0,0,0,0,0,0,0,0,0,0,8,18,0,0,0,1,0,2,0,0,0,0,2,0,0,1,0,0,2,0,0,4,0,1,4,0,0,7,0,1,0,0,3,0,0,0,0,0,0,0,1,0,3,0,1,0
4,1945,UNIVERSIDADE POSITIVO,"RUA PROFESSOR PEDRO VIRIATO PARIGOT DE SOUZA, 5300",CIDADE INDUSTRIAL,-25.44629,-49.3588549,75,0,6288,5087,176,135,0,5,0,10,32,9,1,0,3,25,1,0,1,29,0,1,1,1,1,3,8,1,0,0,53,0,0,0,30,51,14,12,22,0,1,1,0,0,1,0,0,1,4,8,4,1,1,2,0,11,5,3,5,0,3,14,0,1,27,5,0,9,25,1,0,0,3,0,0,48,1,0,0,0,0,1,0,0,0,3,1,83,0,0,0,0,5,0,1,0,0,0,0,0,17,0,11,0,1,255,0,0,6,3,4,8,17,39,160,1,1,2,204,0,2,0,19,4,3,1,0,0,0,0,60,1,0,0,0,0,0,1,1,0,2,1,0,4,0,0,1,0,1,0,1,2,0,23,1,3,0,9,1,55,0,1,1,0,1,0,0,0,73,0,0,0,0,1,0,0,0,0,2,1,1,0,0,0,0,2,0,0,0,28,2,1,36,1,0,0,2,1,0,155,2,38,0,3,33,0,0,13,1,0,0,0,8,0,0,0,0,0,11,15,0,1,69,60,4,2,27,21,2,0,150,2,0,0,18,0,1,1,39,0,3,1,0,1,62,1,103,2,0,3,0,0,3,1,0,0,0,1,0,1,0,0,0,0,0,0,0,0,0,2,0,584,0,2,113,0,0,0,9,1,4,0,153,0,0,0,661,9,0,0,4,5,0,15,0,2,0,2,0,11,0,0,0,0,0,0,0,0,0,0,50,0,0,1,0,4,0,0,0,0,0,0,0,1,0,0,32,0,0,0,13,0,0,2,0,2,2,4,1,0,1,2,4,9,0,0,10,3,15,1,144,0,0,2,1,24,2,22,5,0,0,0,4,0,2,2,0,0,4,64,0,3,1,0,0,0,0,5,0,0,0,0,0,0,3,0,0,0,0,25,86,0,0,0,2,0,3,0,0,3,0,6,0,12,0,0,0,4,1,3,11,2,6,10,0,0,27,0,1,0,0,10,0,0,1,0,0,0,0,7,2,0,0,2,0
4,1953,ESCOLA MUNICIPAL PRESIDENTE TANCREDO DE ALMEIDA NEVES,"RUA DESEMBARGADOR CID CAMPELO, 7588",CIDADE INDUSTRIAL,-25.4844267,-49.338395,75,0,1257,1014,72,48,0,0,0,2,21,2,1,0,1,12,0,0,0,2,0,0,0,0,0,0,2,0,0,0,3,1,0,0,12,10,4,13,0,0,0,2,0,0,0,0,0,0,2,1,0,0,0,0,0,2,0,6,0,2,0,1,0,0,2,0,0,3,0,0,0,0,0,0,0,17,0,0,0,0,0,0,0,0,0,0,0,3,0,0,0,0,0,0,1,0,0,0,0,0,10,0,4,1,1,49,0,0,2,1,1,0,6,11,42,0,0,1,33,0,0,0,3,0,0,0,0,0,0,0,5,0,0,0,0,0,0,1,3,0,0,0,0,1,0,0,1,0,0,0,0,1,0,2,0,0,0,2,0,3,0,0,0,2,0,0,0,0,9,1,0,0,0,1,0,0,0,0,0,1,0,0,0,0,0,0,0,0,0,11,2,0,6,0,1,0,0,1,0,91,0,4,0,3,4,0,0,2,0,0,0,0,0,0,0,0,0,0,2,4,0,0,7,7,2,2,0,6,1,0,25,0,0,0,4,0,0,0,9,0,1,0,0,0,24,0,23,1,0,0,0,0,0,0,0,0,0,0,0,0,0,0,0,0,0,0,0,0,0,0,0,66,0,0,6,0,0,0,0,0,0,0,9,2,0,0,82,0,0,0,1,0,0,0,0,0,0,0,0,3,0,0,0,0,0,0,2,0,0,0,6,0,0,0,0,2,0,0,0,0,0,0,1,0,0,0,14,0,1,0,2,0,0,0,0,2,0,0,1,0,0,0,0,3,0,1,6,0,7,0,23,0,1,0,0,3,0,0,0,0,0,0,0,0,1,1,0,0,0,29,0,1,0,0,0,0,0,0,0,0,0,0,0,1,0,0,0,0,0,6,12,0,0,0,0,0,3,0,0,0,0,0,0,0,0,0,0,0,0,1,1,1,0,2,0,0,6,0,0,0,0,4,0,0,0,0,0,0,0,2,2,8,0,0,0
4,1961,FACULDADE PADRE JOÃO BAGOZZI (PARTICULAR),"RUA CAETANO MARCHESINI, 952",PORTÃO,-25.476062,-49.302937,27,0,6719,5514,176,132,0,4,0,4,41,12,0,0,1,47,0,0,0,18,0,0,0,0,0,5,13,0,0,1,29,0,0,0,34,34,30,3,22,0,2,0,0,0,0,1,0,0,1,5,2,0,0,4,2,15,1,14,3,1,1,13,1,1,6,8,0,8,4,2,1,1,3,1,0,54,0,0,1,1,0,3,0,0,0,0,1,80,0,0,0,0,2,0,0,0,0,0,0,0,12,1,21,0,2,279,1,1,6,9,8,8,18,114,210,0,0,0,249,1,2,1,9,2,2,0,0,0,0,0,69,0,0,2,0,0,0,0,1,1,0,2,0,3,0,0,0,1,0,2,0,1,0,18,3,0,0,5,5,65,0,1,0,2,0,0,0,0,84,0,0,0,0,0,1,2,0,0,2,0,3,0,2,0,0,0,1,0,0,28,3,0,41,1,0,0,0,1,0,178,1,50,4,4,36,0,0,27,0,0,0,0,12,0,0,0,0,0,9,34,3,0,38,93,3,1,43,36,0,5,173,0,2,0,19,2,1,0,31,0,4,0,1,0,76,4,116,0,1,4,1,1,0,0,0,0,0,1,0,0,0,0,0,0,0,0,0,4,1,0,0,666,1,1,79,0,0,0,3,1,5,0,111,5,2,0,625,8,0,0,4,1,0,15,1,0,2,0,2,20,0,0,0,0,0,0,1,0,0,0,46,0,0,0,0,3,1,1,0,0,1,0,0,7,0,1,52,0,4,0,3,0,0,0,0,0,0,2,1,0,0,8,13,8,7,0,13,1,8,0,144,0,2,1,0,20,0,11,5,2,0,0,2,0,0,5,1,0,5,47,1,0,0,0,0,3,4,8,0,0,1,0,0,0,1,0,0,0,0,31,145,0,1,0,1,0,7,3,0,1,0,5,0,17,0,1,0,3,3,7,11,1,1,20,0,0,46,1,1,0,3,11,0,2,0,0,1,0,0,6,2,8,0,3,2
4,1970,UEI INTEGRADA CIC,RUA SYNVAL STOCCHERO  S/N,AUGUSTA,-25.4797339,-49.3575999,68,0,1145,923,76,31,0,2,1,2,14,0,1,1,0,8,1,0,0,2,0,0,0,2,1,0,4,0,0,0,5,0,0,0,12,15,15,4,12,0,0,1,0,0,0,0,1,0,0,0,0,0,0,0,0,0,0,4,0,0,0,3,0,0,4,2,0,5,1,1,0,0,0,1,0,14,2,0,0,0,0,0,0,0,0,0,0,8,0,0,0,0,0,0,0,0,0,0,0,0,6,1,8,0,0,52,0,0,1,1,2,0,2,17,28,0,0,2,21,0,0,0,6,0,0,0,0,0,0,0,6,0,0,0,0,0,0,0,2,2,0,0,0,0,0,0,0,0,1,0,0,0,1,5,0,2,0,0,1,4,0,0,0,0,0,0,0,0,3,0,0,0,0,1,0,0,0,1,1,0,0,0,0,0,0,0,0,0,0,7,0,0,5,0,0,0,0,0,0,81,0,5,0,1,14,0,0,2,0,0,0,0,3,0,3,0,0,0,2,2,0,0,5,12,2,0,3,7,0,0,15,0,0,0,1,0,0,0,17,0,0,0,0,0,17,0,19,0,0,0,0,0,0,0,0,0,0,0,0,0,0,0,0,0,1,0,0,0,0,0,0,66,0,1,0,0,0,0,0,0,1,0,8,0,0,0,42,2,0,0,0,0,0,0,0,0,0,0,0,0,1,0,0,2,0,0,0,0,0,0,3,0,0,1,0,0,0,0,0,1,0,0,1,0,0,0,11,0,0,0,3,0,0,0,0,0,0,0,0,0,0,4,0,3,0,0,5,0,0,1,40,1,0,0,1,2,0,1,0,0,0,0,0,0,0,0,0,0,0,30,0,0,0,0,0,0,0,0,0,1,0,0,0,0,0,0,0,0,0,2,15,0,0,0,0,1,1,1,0,1,0,0,0,0,0,0,0,0,0,0,1,0,0,3,0,0,3,0,0,0,0,4,0,0,1,0,0,0,0,0,0,1,0,0,0
4,1988,ESCOLA MUNICIPAL PADRE JOÃO CRUCIANI,"RUA JOSÉ GONÇALVES JUNIOR, 259",CAMPO COMPRIDO,-25.466675,-49.3273115,44,0,1201,969,45,32,0,1,1,0,13,1,0,0,0,17,0,0,0,2,0,1,0,0,0,0,1,0,0,0,9,0,0,0,7,14,8,4,4,0,0,0,0,0,0,0,0,0,0,0,0,0,0,0,3,2,0,8,0,0,0,0,0,0,3,1,0,1,0,0,1,0,0,2,1,11,0,0,0,0,1,0,0,0,0,0,0,14,0,0,0,0,0,0,0,0,0,0,0,0,5,0,9,1,2,54,0,0,3,1,1,0,4,16,35,0,0,1,44,1,0,1,2,1,0,1,0,0,0,0,15,1,0,0,0,0,0,1,0,3,0,0,0,1,0,0,0,0,0,0,0,0,0,7,0,0,0,2,1,1,0,0,0,1,0,0,1,0,8,0,0,0,0,0,0,0,0,0,0,0,0,0,0,0,0,0,0,0,0,11,0,0,5,0,0,0,0,3,0,46,0,8,0,5,0,0,0,9,0,0,0,0,1,0,0,0,0,0,4,3,0,0,11,9,0,0,7,2,0,3,9,0,0,0,5,0,0,0,8,0,3,0,0,0,20,0,35,0,0,0,0,0,0,0,0,0,0,0,0,0,0,1,0,0,0,0,0,0,0,0,0,106,0,0,19,0,0,0,3,0,1,0,14,1,0,0,69,3,1,0,0,0,0,0,0,0,0,0,0,1,0,0,0,0,0,0,0,0,0,0,6,0,0,1,0,1,0,0,0,0,0,0,0,1,0,0,4,0,0,0,5,0,0,0,0,0,0,0,0,0,0,1,0,3,0,0,3,0,0,1,26,0,4,0,0,2,1,3,0,0,0,0,0,0,0,1,0,0,0,7,1,0,0,0,0,0,0,2,0,0,0,0,0,0,1,0,0,0,0,6,12,0,0,0,0,0,0,0,0,0,0,4,0,0,0,0,0,0,0,1,2,0,0,1,0,0,5,0,0,0,0,1,1,0,0,0,0,0,0,0,0,3,0,1,0
4,1996,COLÉGIO EFETIVO (PARTICULAR),"RUA JOÃO ALENCAR GUIMARÃES, 2883",CAMPO COMPRIDO,-25.4614453,-49.3252616,44,0,1504,1192,39,37,0,1,0,0,12,3,1,0,0,11,0,0,0,10,0,0,0,0,1,0,1,0,0,0,9,0,0,0,12,18,6,2,4,0,0,0,0,0,1,1,0,2,2,3,0,0,0,0,0,1,2,4,0,0,0,0,0,0,6,2,1,0,0,0,0,0,1,0,0,13,1,0,1,0,1,1,0,0,0,1,0,13,0,0,0,0,0,2,0,0,0,0,0,0,3,1,3,0,0,76,0,0,3,1,1,0,3,21,55,0,0,1,33,0,0,0,10,0,0,2,0,0,0,0,20,0,0,0,0,0,1,0,0,0,0,0,0,1,0,0,0,0,0,0,0,0,0,6,0,0,0,3,0,11,0,0,1,1,0,0,0,2,12,0,0,0,0,0,0,0,0,0,0,0,0,0,0,0,0,0,0,0,0,8,0,0,16,0,0,0,0,0,0,57,0,8,0,0,2,0,0,4,0,0,0,0,1,0,1,2,0,0,0,5,0,0,7,17,3,0,4,7,0,0,21,1,0,0,6,0,1,0,5,0,3,0,0,0,22,0,25,0,1,1,0,0,0,1,0,0,0,0,0,0,0,0,0,0,0,0,0,0,1,0,0,116,0,0,28,0,0,0,0,0,1,0,16,2,0,0,145,3,0,0,0,1,0,0,0,0,0,0,0,1,0,0,0,0,0,0,0,0,0,0,16,0,0,0,0,0,0,0,0,0,0,0,0,0,0,0,5,0,1,0,5,0,0,0,0,0,0,1,0,0,0,0,3,2,0,0,1,1,0,0,37,0,1,0,0,5,0,3,2,0,0,0,1,0,0,0,0,0,0,22,0,0,1,0,0,0,0,2,0,0,0,0,0,0,3,0,0,0,0,4,15,0,0,0,5,0,1,0,0,0,0,1,0,1,0,0,0,1,0,0,1,1,0,2,0,0,5,0,0,0,0,1,0,0,0,0,0,0,0,0,0,2,0,0,0
4,2100,ESCOLA MUNICIPAL GRACILIANO RAMOS,RUA ALCIR MARTINS BASTOS 560,FAZENDINHA,-25.487283,-49.3263946,42,0,3469,2796,160,111,0,6,0,4,27,5,2,0,0,28,0,0,0,10,0,0,1,1,2,2,5,0,0,0,7,0,0,0,59,35,15,14,7,0,0,3,0,0,0,0,0,0,1,2,0,0,0,2,0,6,1,6,1,0,1,0,0,0,2,4,0,5,1,0,0,0,0,0,0,48,0,0,0,1,1,0,1,0,0,0,0,16,1,0,0,0,0,0,0,1,0,0,0,0,7,1,15,1,1,157,1,0,6,2,1,2,6,50,120,0,0,3,80,0,0,4,4,1,0,0,0,0,1,0,23,0,0,0,1,0,0,0,0,2,0,0,0,0,0,0,2,2,0,1,0,0,0,5,0,0,0,2,5,13,0,0,0,5,1,1,0,0,35,1,0,0,0,0,1,0,0,0,1,0,0,0,2,0,0,0,0,0,0,32,1,0,15,1,0,0,0,3,0,180,0,20,0,4,13,0,0,6,0,0,0,0,0,1,0,0,0,0,5,7,0,0,13,45,1,1,28,12,1,0,83,1,0,0,3,0,0,0,22,1,4,0,0,0,46,0,64,0,0,0,0,0,0,0,0,0,0,3,0,0,1,0,0,0,0,0,0,1,1,0,0,298,0,0,14,0,1,0,4,0,0,0,28,2,0,0,242,6,0,0,1,0,0,2,0,0,0,2,0,1,0,0,0,1,0,0,0,0,0,0,25,0,1,0,0,2,0,1,0,0,0,1,0,1,0,0,26,0,1,0,6,0,0,0,0,0,0,0,0,0,0,5,4,1,1,1,10,5,7,1,116,1,1,0,0,2,3,5,3,0,1,0,0,0,0,3,1,0,4,29,0,0,0,0,0,1,1,3,0,0,0,0,3,1,1,0,0,0,0,4,57,0,0,0,5,0,2,0,0,2,0,2,2,0,1,2,0,0,0,2,3,0,1,1,0,0,27,0,1,0,1,4,0,0,0,0,0,0,0,4,0,4,1,0,0
4,2119,REDE MARISTA DE SOLIDARIEDADE,"RUA RAUL POMPEIA, 188",CIDADE INDUSTRIAL,-25.4775533,-49.3331917,75,0,1509,1185,62,51,0,5,1,0,10,0,0,0,1,12,0,1,0,4,0,0,0,0,0,0,7,0,0,0,7,0,0,0,18,20,17,8,3,0,0,0,0,0,0,0,0,1,0,3,0,0,0,0,0,7,0,4,0,0,0,0,1,0,6,0,0,0,4,0,0,0,0,0,1,32,0,0,0,0,1,0,0,0,0,0,0,6,0,0,0,0,0,1,0,0,0,0,0,0,5,0,2,0,0,53,0,0,4,3,4,2,3,25,49,0,0,2,30,0,0,1,7,1,0,0,0,0,0,0,3,0,0,0,0,0,0,0,0,0,0,0,0,0,0,0,1,0,1,0,0,0,0,6,0,0,0,0,2,7,0,0,0,1,0,0,0,1,20,0,0,0,0,1,0,0,0,0,1,0,1,0,0,0,0,0,0,0,0,14,0,0,3,0,0,0,0,0,0,62,0,6,0,1,7,1,0,7,0,0,0,0,0,0,0,1,0,0,6,5,1,1,9,24,1,1,4,6,2,1,17,1,0,0,4,0,0,0,13,0,1,0,0,0,26,1,27,0,0,0,0,0,0,2,0,0,0,0,0,0,0,0,0,0,0,0,0,0,0,0,0,118,0,0,2,0,1,1,0,0,0,0,14,0,1,0,94,5,0,0,1,1,0,2,0,0,0,0,0,1,0,0,0,0,0,0,0,0,1,0,4,0,0,0,0,2,0,0,0,0,0,0,0,0,0,0,7,0,0,0,0,0,0,0,0,0,0,0,0,0,0,1,0,2,1,0,1,4,3,0,48,0,0,0,0,5,0,1,1,0,0,1,0,0,0,0,0,0,1,18,0,1,0,0,0,0,0,0,0,0,0,0,0,0,1,0,0,0,0,3,22,0,0,0,1,0,0,0,0,0,0,1,0,0,0,0,0,0,3,0,4,0,0,2,0,0,15,0,0,0,0,1,0,0,0,0,1,0,0,0,1,1,1,0,0
4,2127,ESCOLA MUNICIPAL NOVA ESPERANCA,"RUA HENRIQUE MATTIOLI, 410",FAZENDINHA,-25.4835705,-49.3309081,42,0,2082,1693,100,73,0,3,2,6,20,1,0,1,0,24,0,1,0,3,0,0,0,1,2,1,2,0,1,0,7,0,0,0,25,22,15,5,2,0,0,0,0,0,0,0,0,0,3,3,0,0,1,0,1,0,1,6,0,0,0,2,0,0,4,2,0,6,1,0,1,0,1,0,0,24,0,0,3,0,0,0,0,0,0,0,0,10,0,0,0,0,0,0,0,0,0,0,0,0,7,1,6,0,1,64,0,0,1,1,2,2,2,26,68,1,0,3,34,0,0,0,2,1,0,1,0,0,0,0,17,0,0,0,0,0,0,0,0,1,1,0,0,1,0,0,0,0,0,0,0,0,0,5,0,0,0,2,2,8,0,1,0,3,0,0,0,0,19,0,0,0,0,0,0,0,0,0,0,0,0,0,0,0,0,0,1,0,0,15,1,0,6,0,0,0,0,0,0,118,0,14,0,0,11,1,0,11,0,0,0,0,1,0,0,0,0,0,1,7,1,0,7,27,0,1,10,13,2,0,53,1,2,1,11,0,0,0,12,0,0,0,0,0,41,0,53,0,0,0,0,0,0,0,0,1,0,0,0,0,4,0,0,0,0,0,0,0,0,0,0,180,0,1,6,0,0,0,1,0,0,0,22,3,0,0,138,1,0,0,0,0,0,0,0,0,0,0,0,3,0,0,0,0,0,0,1,0,0,0,14,0,0,0,0,2,3,0,0,0,0,0,0,0,0,0,24,0,0,0,6,0,0,0,0,0,2,0,1,0,0,3,4,0,2,0,3,1,4,0,58,0,1,0,2,5,2,1,0,0,1,0,0,0,0,0,0,1,0,19,0,2,0,0,0,0,0,0,0,0,0,0,2,0,0,0,0,0,0,4,37,0,0,0,2,0,1,0,0,0,0,2,0,0,0,0,0,1,0,0,4,2,0,0,0,1,14,0,1,0,1,1,0,0,0,0,0,0,0,0,0,7,0,0,0
4,2135,CMEI SANTA AMÉLIA,"RUA FERNANDO DE SOUZA COSTA, 375",FAZENDINHA,-25.4858024,-49.3253909,42,0,1097,837,61,37,0,0,0,3,5,2,1,0,1,6,0,1,1,0,0,0,1,1,0,1,0,0,0,1,1,0,0,0,8,6,11,5,3,0,0,1,0,0,0,0,0,0,0,0,0,0,1,0,0,2,1,2,0,0,0,0,0,0,1,0,0,2,1,0,0,0,0,0,1,6,0,0,2,1,0,0,0,0,0,0,0,7,0,0,0,0,0,0,0,0,0,0,0,0,4,1,4,0,2,45,1,0,4,1,4,1,4,9,29,0,0,1,24,0,0,0,5,1,2,0,0,0,0,0,11,0,0,0,0,0,0,0,1,0,0,0,0,0,0,0,1,0,0,0,0,0,0,2,0,0,0,0,0,8,0,0,0,0,0,0,0,0,4,0,0,0,0,0,0,0,0,0,0,0,0,0,0,0,0,0,0,0,0,3,2,1,4,0,0,0,0,0,0,65,0,2,1,0,6,0,0,2,0,0,0,0,1,0,0,0,0,0,3,2,0,0,1,12,2,0,2,7,2,0,13,1,0,0,2,0,0,0,5,0,0,0,0,0,18,0,19,0,0,1,0,0,0,0,0,0,0,1,0,0,0,0,0,0,0,0,0,0,0,0,0,93,0,0,4,0,0,0,0,0,0,0,8,0,0,0,75,1,0,0,0,1,0,1,0,0,0,1,0,2,0,0,0,0,0,0,0,0,0,0,14,0,0,0,0,0,0,2,0,0,0,0,0,0,0,0,6,0,0,0,4,0,0,0,0,1,0,0,0,0,0,2,1,0,0,0,1,0,0,0,37,0,0,0,0,2,0,0,1,0,0,0,0,0,1,0,0,0,1,12,0,1,0,0,0,0,0,2,0,0,0,0,0,0,1,0,0,0,0,2,6,0,0,0,0,0,4,0,0,2,0,1,0,0,0,0,0,0,0,0,4,0,0,0,0,0,4,0,0,0,0,2,0,0,0,0,0,0,0,2,0,3,0,1,0
4,2143,PARÓQUIA SANTA AMÉLIA - PAVILHÃO PAROQUIAL,"AVENIDA ALCIR MARTINS BASTOS, 510",FAZENDINHA,-25.4859684,-49.3257949,42,0,1558,1251,81,49,0,1,1,2,17,0,0,0,0,6,1,0,0,1,0,0,0,1,2,1,2,0,0,0,8,0,0,0,18,12,3,7,2,0,0,2,0,0,1,0,0,0,0,2,0,1,0,0,0,2,0,5,0,0,0,0,0,0,4,2,0,1,2,1,0,0,0,0,0,14,0,0,1,0,0,1,0,0,0,0,0,7,0,0,0,0,0,0,0,0,0,0,0,0,7,1,3,0,0,78,0,0,0,2,3,0,4,19,44,0,0,2,42,0,0,0,3,0,1,1,0,1,0,0,11,0,0,0,0,0,1,0,0,1,0,0,0,1,0,0,0,0,0,0,0,0,0,5,0,0,0,3,2,11,0,0,0,0,0,0,0,0,13,0,0,0,0,0,0,0,0,0,0,0,0,0,1,0,0,0,0,0,0,11,0,0,13,0,0,0,0,0,0,75,0,15,0,2,6,0,2,4,0,0,0,0,1,0,1,0,1,0,2,3,0,0,10,15,2,0,9,3,0,4,36,1,1,1,6,0,1,0,6,0,1,0,0,0,38,0,31,0,0,0,0,0,0,0,0,0,0,0,0,0,0,0,0,0,0,0,0,0,0,0,0,114,0,1,10,0,0,0,0,0,0,0,12,0,0,0,109,2,0,0,0,0,0,2,0,0,0,0,0,0,0,0,0,0,0,0,1,0,0,0,21,0,0,0,0,2,0,0,0,1,0,0,0,0,0,0,8,0,0,0,4,0,0,0,0,1,0,0,0,0,0,0,1,1,1,0,5,2,1,3,50,0,0,0,0,0,0,1,2,0,0,0,0,0,0,1,0,0,0,14,1,0,0,0,0,1,0,1,0,0,0,0,0,0,0,0,0,0,0,1,19,0,2,0,0,0,0,2,0,1,1,1,0,2,0,0,0,1,1,0,5,0,0,0,0,0,9,0,0,0,0,3,0,0,0,0,0,0,0,2,0,6,0,0,0
4,2151,CEI - PROFESSOR ADRIANO GUSTAVO CARLOS ROBINE,"RUA VEREADOR ELIAS KARAM, 480",FAZENDINHA,-25.4802717,-49.331215,42,0,2347,1858,123,58,0,4,4,6,15,4,2,0,0,15,0,1,0,9,0,1,0,1,0,3,8,0,0,0,5,0,0,0,31,24,17,10,6,0,1,1,0,0,0,1,0,0,1,5,0,0,0,0,0,5,0,4,0,1,0,2,1,0,7,1,0,2,1,0,0,0,0,0,0,17,0,0,1,0,2,1,0,0,0,0,1,13,1,0,0,0,0,1,0,0,0,0,1,0,7,1,12,0,3,89,0,1,6,1,4,2,7,24,72,1,0,0,62,0,0,0,4,1,0,2,0,0,0,0,26,0,0,0,0,0,0,1,0,0,0,0,0,0,0,0,3,0,0,0,0,0,0,8,0,1,0,2,1,13,0,1,0,1,0,0,0,0,25,0,0,0,0,0,0,1,0,0,1,0,0,0,0,0,0,0,0,0,0,13,2,0,17,0,0,0,0,2,0,121,0,11,0,2,8,0,1,6,0,2,0,0,2,0,0,0,0,0,5,9,0,0,12,24,3,2,6,14,1,4,48,0,3,0,9,0,1,0,21,0,4,0,0,0,34,0,62,0,0,0,0,0,0,1,0,0,0,1,0,0,0,0,0,0,0,0,0,0,0,0,1,156,0,0,13,0,0,0,2,0,1,0,17,0,0,0,159,2,0,0,1,1,0,1,1,0,0,0,0,2,0,0,0,0,0,0,0,0,0,0,17,0,0,0,0,1,0,2,0,0,0,0,0,0,0,0,13,0,0,0,7,0,0,0,0,0,3,1,0,0,0,1,1,1,0,1,7,0,2,0,67,0,0,0,0,6,0,1,2,2,0,1,0,0,0,2,0,0,0,29,0,1,0,0,0,0,1,1,0,0,0,0,0,0,1,0,0,0,0,3,31,0,0,0,0,0,2,0,0,0,0,0,0,2,1,0,0,2,1,1,8,0,0,3,1,0,12,0,1,0,1,0,0,0,0,0,0,0,0,3,0,5,0,1,0
4,2160,COLEGIO ESTADUAL AVELINO ANTONIO VIEIRA,RUA JULIO MESQUITA 12,FAZENDINHA,-25.4868502,-49.3269626,42,0,5189,4134,231,176,0,14,2,8,52,7,0,0,0,29,1,1,2,12,1,1,0,3,0,6,10,1,0,0,8,1,0,0,54,34,41,15,23,0,1,2,0,0,0,0,1,0,1,3,1,0,1,2,0,8,2,21,2,1,0,6,1,1,9,5,0,10,1,0,0,0,2,1,0,60,1,0,3,1,0,1,2,0,0,1,1,28,0,0,0,0,0,2,0,0,0,0,0,1,17,0,21,2,2,195,2,1,7,3,4,5,11,57,135,0,1,2,108,0,0,3,8,1,0,0,0,0,0,0,40,0,0,0,2,1,1,0,0,1,1,0,0,0,0,0,2,1,0,0,0,2,0,9,3,0,0,2,6,20,0,0,0,2,1,1,0,0,40,0,0,0,0,0,0,1,0,0,0,0,1,0,0,0,0,0,0,0,0,43,0,2,32,0,0,0,0,3,0,290,0,34,0,9,10,0,1,13,0,1,1,0,2,0,1,0,0,0,17,18,1,0,20,63,4,0,16,32,0,1,116,2,1,1,12,0,0,0,33,1,7,1,0,1,104,0,140,0,1,2,0,0,0,1,0,0,0,0,0,0,1,1,1,0,0,0,0,2,0,0,2,400,0,1,25,0,0,0,3,0,3,0,59,2,0,0,359,9,0,0,5,2,0,2,0,0,2,0,0,4,0,1,0,0,0,0,0,0,0,0,28,0,0,0,0,1,2,1,0,0,0,0,0,1,0,1,53,0,0,0,10,0,0,0,0,2,1,1,0,0,0,7,4,7,0,0,23,3,5,1,148,0,0,0,0,6,5,6,4,3,0,0,0,0,1,2,0,0,5,68,0,0,0,0,0,0,0,1,0,1,0,0,0,0,1,0,0,0,0,6,69,1,2,0,2,0,3,0,0,0,0,1,0,0,0,2,0,3,0,1,8,1,0,4,0,0,39,0,2,0,2,7,0,0,0,0,0,0,0,7,0,11,0,2,0
4,2178,CENTRO MUNICIPAL DE EDUCAÇÃO INFANTIL FAZENDINHA,"RUA ELOI MICHELETI, 09",FAZENDINHA,-25.4796317,-49.3278333,42,0,338,244,16,13,0,0,0,0,2,1,0,0,0,1,0,0,0,0,0,0,0,0,0,2,0,0,0,0,3,0,0,0,1,1,2,1,2,0,0,0,0,0,0,0,0,0,0,0,0,0,0,0,0,0,0,0,0,0,0,0,0,0,1,0,0,0,0,0,0,0,0,0,0,5,1,0,0,0,0,0,0,0,0,0,0,5,0,0,0,0,0,0,0,0,0,0,0,0,1,0,0,0,1,20,0,0,1,0,0,0,0,0,20,0,0,0,12,0,0,0,1,0,1,0,0,0,0,0,5,0,0,0,0,0,1,0,0,0,0,0,0,0,0,0,0,2,0,0,0,0,0,0,0,0,0,0,0,0,0,0,0,0,0,0,0,0,2,0,0,0,0,0,0,0,0,0,0,0,0,0,0,0,0,0,0,0,0,0,0,0,4,0,0,0,0,0,0,15,0,0,0,0,0,0,0,3,0,0,0,0,0,0,0,1,0,0,2,2,0,0,2,1,1,0,0,2,0,0,2,0,0,0,0,0,0,0,1,0,0,0,0,0,1,0,4,0,0,0,0,0,0,0,0,0,0,0,0,0,0,0,0,0,0,0,0,0,0,0,0,22,0,0,0,0,0,0,0,0,0,0,0,0,0,0,22,0,0,0,0,0,0,0,0,0,0,0,0,0,0,1,0,0,0,0,0,0,0,0,4,0,0,0,0,1,0,0,0,1,1,0,0,0,0,0,2,0,0,0,0,0,0,0,0,0,0,0,0,0,0,0,0,0,0,0,0,0,1,0,11,0,0,0,0,0,1,0,1,0,0,0,0,0,0,0,0,0,0,3,0,0,0,0,0,0,1,0,0,0,0,0,0,0,0,0,0,0,0,0,1,0,0,0,0,0,0,0,0,0,0,0,0,0,0,0,0,2,0,0,0,0,0,0,0,0,0,0,0,0,0,1,0,0,0,0,0,0,0,0,0,2,0,0,1
4,2186,ESCOLA MUNICIPAL PADRE JOSE DE ANCHIETA,R DANIEL MIKOVSKI  191,FAZENDINHA,-25.4807117,-49.32161,42,0,2527,2099,133,72,0,3,1,3,23,5,4,0,1,22,0,0,0,1,0,0,0,1,0,1,4,0,0,0,20,0,0,1,36,23,18,9,8,0,0,0,0,0,0,0,0,0,0,3,1,2,0,1,0,9,0,7,0,0,1,2,0,0,6,3,0,5,1,0,1,0,0,0,1,28,0,1,0,1,0,0,0,0,1,0,0,6,0,0,0,0,0,1,0,0,0,0,0,0,6,1,6,0,0,121,0,0,9,2,5,1,5,34,93,0,2,1,70,0,1,0,8,0,1,0,0,0,0,0,18,2,0,0,0,0,0,1,0,0,0,0,0,0,0,0,0,2,0,1,0,0,0,12,0,0,0,3,2,7,0,0,0,0,0,0,0,0,27,1,0,0,0,0,0,0,0,0,0,0,0,0,0,0,0,0,0,0,0,13,0,1,18,0,1,0,0,2,0,151,0,12,0,1,10,0,1,11,0,0,0,0,5,0,1,0,0,0,3,7,0,0,10,43,3,0,10,15,0,0,53,1,1,0,10,0,0,0,15,0,2,1,0,0,57,0,49,0,1,1,0,0,0,0,0,0,0,0,0,0,0,0,0,0,0,0,0,0,0,0,0,186,0,0,7,0,0,0,1,0,1,0,33,2,0,0,173,8,0,0,0,1,0,2,0,0,1,1,0,4,0,0,0,0,0,0,0,0,0,0,9,0,0,0,0,2,0,0,0,0,0,0,0,0,0,0,18,0,0,0,2,0,0,0,0,0,3,1,0,0,0,3,4,4,0,0,5,3,4,0,63,0,0,0,0,2,0,2,1,1,0,0,0,0,0,1,0,0,2,23,3,1,0,0,0,1,1,1,0,0,1,0,0,0,0,0,0,0,0,6,44,0,0,0,1,1,1,0,0,1,0,0,0,0,0,0,0,2,0,2,6,0,0,2,0,0,19,0,0,0,0,3,0,0,0,0,0,0,0,0,0,8,0,0,1
145,1503,ESCOLA MUNICIPAL PAULO ROGERIO GUIMARAES ESMANHOTO,"RUA PEROLA DO OESTE, 285",SITIO CERCADO,-25.552825,-49.2751436,65,0,1350,1106,95,63,0,2,0,1,9,2,0,0,0,11,1,0,0,0,0,2,0,0,0,1,0,0,0,0,10,0,0,0,6,8,17,3,1,1,0,0,0,0,1,0,0,0,2,3,1,0,0,0,0,1,0,3,0,0,0,0,0,0,2,4,1,3,0,0,0,0,0,0,0,16,1,0,0,0,0,0,0,0,1,1,0,16,0,0,0,0,2,3,0,0,0,0,0,0,9,0,2,0,1,47,0,0,1,3,0,1,6,22,27,0,0,0,31,0,0,1,1,0,1,0,0,0,0,0,13,0,0,0,0,1,0,0,2,0,0,0,0,1,0,0,0,0,0,1,0,0,0,0,0,0,0,4,3,5,0,1,0,0,0,0,0,0,6,0,0,0,0,0,0,0,0,0,0,0,0,0,1,0,0,0,0,0,0,17,0,0,4,1,0,0,0,5,0,48,0,12,0,2,4,0,0,2,0,0,0,0,2,0,0,0,0,0,0,7,0,0,7,7,3,0,4,13,0,2,28,1,0,0,2,0,0,0,15,0,1,0,0,0,40,1,38,0,0,0,0,0,0,0,0,0,0,0,0,0,0,0,0,0,0,0,0,1,0,0,0,83,0,0,5,0,0,0,0,1,1,0,5,1,0,0,79,5,0,0,1,0,0,1,0,0,0,0,0,0,0,0,0,0,0,0,0,0,1,0,7,0,0,0,0,2,0,1,0,0,0,0,0,0,0,0,30,0,0,0,4,0,0,0,0,0,0,0,0,0,0,1,2,4,0,0,0,1,3,0,35,0,0,0,0,4,0,0,0,0,0,0,0,0,0,3,0,0,4,22,0,0,0,0,0,0,0,0,0,0,0,0,0,0,0,0,0,0,0,2,18,0,0,0,0,0,3,0,0,1,0,0,0,1,1,0,0,0,0,0,4,1,3,0,0,0,10,0,0,0,0,0,0,0,0,0,0,0,0,0,0,4,0,0,0
145,1511,ESCOLA MUNICIPAL BAIRRO NOVO CAIC,"RUA PASTOR WALDOMIRO BILESKI, 71, SÍTIO CERCADO",SITIO CERCADO,-25.5428695,-49.2615865,65,0,6060,4798,332,185,0,7,4,11,34,5,0,0,1,38,1,1,2,17,1,1,0,4,4,1,10,0,1,0,7,0,1,0,82,30,42,45,18,0,3,1,0,0,1,1,0,0,4,24,2,1,0,1,0,2,2,15,0,0,0,0,0,0,9,13,0,23,2,0,0,0,0,1,0,71,0,0,4,0,0,1,0,1,0,2,2,63,1,0,0,0,3,1,0,1,0,0,0,0,31,2,20,0,8,204,0,2,10,6,4,0,24,106,153,1,2,8,99,1,1,3,11,0,2,0,0,0,0,0,35,1,0,0,2,0,0,0,2,0,1,1,0,4,0,0,0,1,0,1,0,0,0,9,0,1,0,9,6,8,0,3,0,3,1,0,0,1,55,0,0,0,0,1,1,2,0,0,4,0,0,0,1,0,0,0,0,0,0,94,2,2,25,0,0,0,1,19,1,276,1,16,0,8,6,5,0,12,1,0,0,0,10,0,0,1,0,0,11,19,1,0,29,64,13,1,24,55,1,0,125,4,4,1,14,0,0,0,51,0,9,5,0,1,135,0,175,0,1,1,0,0,0,1,1,0,0,0,0,3,0,0,0,0,0,0,0,4,1,0,0,445,0,2,17,0,1,1,1,1,1,0,30,1,0,0,393,5,0,0,4,0,0,1,0,0,0,0,0,2,0,0,0,2,0,0,1,0,1,0,37,0,0,0,0,2,0,12,0,0,0,0,1,1,0,1,98,1,1,0,6,0,0,0,0,0,0,2,5,0,0,8,6,8,1,0,7,3,0,0,133,0,1,0,1,6,0,2,3,1,0,0,1,0,0,8,0,0,1,108,2,2,1,0,0,0,0,1,0,0,0,0,0,0,1,0,0,0,0,6,66,1,1,0,4,0,8,1,0,0,0,4,1,6,1,1,0,4,0,0,8,0,1,4,1,0,45,0,0,2,0,4,0,0,0,0,0,0,0,5,0,16,0,2,0
145,1520,COLEGIO ESTADUAL LA SALLE,"RUA DILERMANDO PEREIRA DE ALMEIDA, 120",PINHEIRINHO,-25.5322315,-49.2916831,66,0,4446,3475,261,142,0,9,1,6,42,5,1,1,2,38,0,1,0,12,0,1,1,2,2,2,5,1,0,0,13,1,0,0,38,28,49,12,14,0,0,0,0,0,0,1,0,0,0,10,0,1,0,1,0,1,0,28,0,0,1,0,2,0,14,7,0,13,0,0,0,0,0,2,0,46,0,0,0,2,0,0,0,0,2,1,1,28,1,0,0,0,20,1,0,0,0,0,0,0,40,1,9,2,4,167,0,0,5,5,4,3,15,53,116,1,1,14,99,0,2,1,8,0,1,0,0,0,0,0,34,0,0,1,0,0,0,0,2,2,1,2,0,2,0,0,2,1,0,1,0,0,0,8,0,0,0,10,1,13,0,2,0,2,0,0,0,1,33,0,0,0,0,0,0,3,0,0,2,0,0,0,0,0,0,0,0,1,0,26,1,8,20,0,1,0,1,9,0,208,0,20,0,6,7,6,0,7,0,0,1,0,10,0,0,0,0,0,11,26,1,0,19,34,4,5,15,56,2,4,97,2,2,0,8,0,0,0,37,0,6,0,0,0,103,2,98,0,0,1,0,0,0,0,0,0,0,0,0,0,0,0,0,0,0,0,0,1,0,0,0,284,1,0,14,1,0,0,2,0,4,0,44,1,1,0,231,8,0,0,1,0,1,3,0,0,0,0,0,7,0,0,0,3,0,0,0,0,0,0,39,0,0,0,0,0,0,2,0,0,0,0,0,0,0,0,66,0,0,0,5,0,0,0,0,0,1,0,1,0,0,5,1,8,0,0,2,6,4,0,103,0,0,0,0,13,0,3,2,1,0,0,3,0,0,10,0,0,3,38,1,1,0,0,0,0,0,2,0,0,0,0,0,0,1,0,0,0,0,7,55,2,1,0,1,0,2,2,0,3,0,2,0,1,0,0,0,1,0,0,12,1,4,6,1,0,14,0,1,0,0,5,0,0,0,0,0,0,0,4,1,8,1,0,0
145,1538,CEI FRANCISCO FRISCHMANN,"RUA PAULO ENGEL, 89 - PINHEIRINHO",PINHEIRINHO,-25.5268396,-49.2692047,66,0,4003,3066,205,105,0,6,4,7,44,3,0,0,1,45,2,0,0,4,2,1,0,2,4,1,4,0,0,0,7,0,0,0,49,19,39,21,13,0,0,0,0,0,0,0,0,0,1,5,1,3,0,1,0,5,0,50,1,1,0,0,1,1,5,8,0,11,4,0,0,0,0,1,0,63,0,0,0,0,0,0,0,0,1,1,0,10,0,1,0,0,3,0,0,0,0,0,0,0,31,0,16,3,9,133,0,1,6,1,1,0,10,89,86,0,0,14,79,0,0,2,9,0,1,0,0,0,0,0,16,1,0,0,0,0,1,0,5,1,0,0,1,0,0,0,1,0,2,1,0,0,1,18,0,2,0,8,1,12,0,3,0,3,0,0,0,1,26,1,0,1,1,0,0,8,0,0,0,0,1,0,3,0,0,0,0,0,0,29,1,1,24,0,0,0,1,13,0,164,0,16,0,2,3,1,0,7,0,0,0,0,0,0,1,2,0,0,10,7,0,1,14,27,4,3,10,64,0,9,74,0,3,1,9,1,0,0,25,0,2,3,0,0,78,0,96,0,1,0,0,0,0,0,0,0,0,0,0,0,0,0,0,0,0,0,0,3,1,0,0,305,2,0,13,0,1,0,1,0,2,0,32,0,1,0,247,2,0,0,0,0,0,0,0,0,0,1,1,2,0,2,0,2,0,0,0,0,0,0,23,0,0,0,0,2,0,2,0,1,0,0,0,0,0,0,52,0,1,0,7,0,0,0,0,2,0,0,0,0,0,4,0,3,1,0,9,4,1,0,80,0,0,0,0,3,0,2,1,0,0,0,0,0,0,7,0,0,4,43,0,1,0,2,0,1,0,1,0,0,0,0,0,0,0,0,0,0,0,7,46,0,0,0,1,1,2,1,0,1,1,1,0,1,0,0,0,1,0,0,6,0,1,4,0,0,17,0,1,1,0,4,0,0,0,0,0,0,0,2,0,7,0,2,0
145,1546,ESCOLA MUNICIPAL MARINGA,"RUA BRASÍLIO PERY MOREIRA, 17  PINHEIRINHO",PINHEIRINHO,-25.5346747,-49.2966074,66,0,2608,2120,150,75,0,4,3,2,24,4,1,2,1,26,0,0,0,9,2,1,0,0,1,3,6,0,0,1,6,0,1,0,38,13,44,8,6,0,1,0,0,0,0,2,1,0,1,11,0,1,0,0,0,6,0,9,0,0,0,0,1,0,18,8,0,8,1,0,0,0,0,1,0,31,0,0,1,1,0,0,0,0,0,0,2,13,0,0,0,0,5,1,0,0,0,0,1,0,24,2,3,3,8,73,2,0,4,0,3,2,3,37,81,0,0,14,45,0,0,2,1,0,2,0,0,0,0,0,10,1,0,0,0,0,0,0,0,1,0,1,0,3,0,0,0,0,0,2,0,0,0,5,0,0,0,0,3,5,0,2,0,1,0,0,0,0,34,0,0,0,0,0,0,3,0,0,0,0,0,0,1,0,0,0,0,0,0,21,0,0,11,0,0,0,1,1,0,98,0,14,0,2,2,1,0,5,0,0,0,0,10,0,0,0,0,0,2,8,0,1,10,22,0,2,7,42,1,4,55,0,1,0,13,0,0,0,21,0,1,0,0,0,101,0,57,0,0,0,0,0,0,0,0,0,0,0,0,0,0,0,0,0,0,0,0,2,0,0,0,164,0,0,3,2,0,1,0,0,0,0,40,0,0,0,167,2,0,0,4,1,0,0,0,0,0,0,0,2,0,0,0,0,0,0,2,0,0,0,11,0,0,0,0,2,0,0,0,0,0,0,0,0,0,0,37,0,0,0,5,0,0,0,0,1,0,0,0,0,0,0,0,4,0,0,2,3,3,1,55,0,0,0,0,8,1,1,1,0,0,0,0,0,0,3,0,0,2,26,1,1,0,0,0,0,0,1,0,0,0,0,0,0,0,0,0,0,0,5,54,0,1,0,3,0,2,0,0,0,0,1,0,0,0,0,0,2,0,1,7,0,0,2,0,0,15,0,0,0,0,1,2,0,0,0,0,0,0,2,1,11,0,1,0
145,1554,ESCOLA MUNICIPAL PROFESSORA JURANDYR BAGGIO MOCKELL,"RUA BRIGADEIRO EDUARDO GOMES, 270",PINHEIRINHO,-25.5194851,-49.2862154,66,0,2588,2121,137,69,0,1,2,2,23,4,2,0,0,21,0,0,0,4,0,0,0,3,1,1,1,0,0,0,1,0,0,0,42,8,36,12,6,0,0,1,0,0,0,0,0,0,1,5,0,0,0,1,1,1,0,16,0,0,0,0,0,0,6,8,1,9,0,0,1,0,0,0,0,47,0,0,0,0,0,0,1,0,0,2,0,10,0,0,0,0,1,3,0,0,0,0,0,0,14,1,8,0,1,97,3,0,4,1,4,2,5,28,62,0,2,23,63,0,0,1,7,0,1,0,0,0,0,0,18,0,0,1,0,0,0,0,3,1,0,0,0,1,0,0,0,0,0,0,0,0,0,7,0,1,0,4,4,10,0,0,0,3,1,0,0,0,25,0,0,0,0,0,0,3,0,0,0,0,0,0,2,0,0,0,0,0,0,22,0,1,18,0,0,0,0,1,0,116,0,7,0,5,3,1,2,2,0,0,0,0,1,0,0,0,0,0,3,5,0,1,6,30,2,4,14,63,1,1,41,1,1,0,4,0,0,5,12,0,2,1,0,0,86,2,62,0,0,0,0,0,0,0,0,0,0,0,0,0,0,0,0,0,0,0,0,0,0,0,0,169,1,0,12,0,0,0,0,0,0,0,20,5,1,0,169,3,0,0,1,0,0,1,0,0,2,0,0,1,0,0,0,0,0,0,0,0,0,0,24,0,0,0,0,6,0,6,0,0,0,0,0,0,0,0,37,0,0,0,0,0,0,0,1,0,0,0,0,1,0,0,11,7,0,0,1,1,0,0,84,1,1,0,0,4,3,1,2,0,0,0,1,0,1,1,0,0,2,13,4,0,0,0,0,1,1,0,0,0,0,0,0,0,0,0,0,0,0,7,32,0,0,0,2,0,1,1,0,0,0,2,0,0,0,1,0,0,0,2,7,0,8,0,0,0,14,0,2,0,0,2,0,0,0,0,0,0,0,0,0,11,1,0,0
145,1562,ESCOLA MUNICIPAL PIRATINI,"RUA JOÃO MALTA DE ALBUQUERQUE MARANHÃO, 104  PINHEIRINHO",PINHEIRINHO,-25.5233199,-49.2872304,66,0,3865,3072,196,108,0,4,2,1,30,4,1,0,0,41,2,0,1,14,0,1,1,0,0,1,4,0,0,0,8,0,0,0,30,15,39,11,16,0,0,0,0,0,0,3,1,0,4,6,0,0,1,0,0,0,0,20,0,1,0,0,0,0,8,10,0,14,0,0,0,0,0,0,0,45,0,0,0,0,0,0,0,0,0,1,1,21,0,1,0,0,4,1,0,0,0,0,0,0,31,1,12,1,2,165,1,0,6,2,4,1,10,62,90,0,2,30,75,0,0,3,10,1,3,1,0,0,0,0,22,2,0,0,0,0,0,0,1,0,0,1,0,5,0,1,0,2,0,0,0,0,0,6,0,0,0,9,4,16,0,0,0,0,0,1,1,0,39,0,0,1,0,2,1,5,0,0,3,0,0,0,2,0,0,0,0,0,0,48,0,0,22,0,0,0,0,7,0,179,0,14,0,4,6,4,0,7,0,0,0,0,13,0,1,1,0,0,6,8,0,2,14,35,1,0,22,94,2,2,108,1,2,1,4,0,0,0,27,0,7,2,1,0,76,0,117,0,0,0,0,0,0,1,0,0,0,0,0,0,0,0,0,0,0,0,0,2,0,0,0,242,0,0,5,0,0,0,1,0,0,1,18,4,0,1,198,6,0,0,3,0,0,0,0,0,0,1,1,10,0,2,0,0,0,0,2,0,0,0,27,0,0,1,0,4,0,2,0,1,0,0,0,1,0,2,57,0,0,0,2,0,0,0,0,0,0,0,0,1,0,2,2,6,0,0,4,2,7,1,111,2,0,0,0,8,1,1,1,0,0,0,0,5,2,9,0,0,1,36,3,1,0,0,0,0,1,1,0,0,0,0,0,0,0,0,0,0,0,3,55,0,0,0,0,0,6,0,0,0,1,2,0,0,0,0,0,0,0,0,11,0,1,6,0,0,21,0,0,0,0,1,0,0,0,0,0,0,0,0,0,10,0,4,1
145,1570,COLÉGIO ESTADUAL PROFESSORA ISABEL LOPES SANTOS SOUZA,"RUA ROSA TORTATO, 400 - PINHEIRINHO",PINHEIRINHO,-25.531695,-49.2883117,66,0,2974,2377,163,94,0,6,0,2,29,1,2,0,0,22,0,0,0,7,0,0,0,1,2,1,7,1,0,0,2,0,0,1,35,10,41,16,8,0,0,2,0,1,0,1,0,0,0,4,1,0,0,0,0,1,1,19,0,0,0,1,0,0,4,6,0,10,0,0,0,0,0,0,2,30,1,0,0,0,0,0,0,0,0,0,2,9,0,0,0,5,19,0,0,0,0,0,0,0,22,2,7,2,3,105,1,1,3,2,4,1,10,32,61,0,0,10,41,0,0,4,7,0,0,0,0,0,0,0,10,0,0,0,0,0,1,0,5,0,0,0,0,0,0,0,2,1,2,4,0,0,0,10,0,2,0,4,11,0,0,0,0,0,1,0,0,0,29,0,0,1,0,0,0,0,0,0,1,1,2,0,0,0,0,0,0,0,0,29,0,3,16,0,0,0,0,4,0,142,1,11,0,0,4,0,0,3,0,0,0,0,4,0,0,0,0,0,6,6,0,0,17,23,4,3,5,37,1,2,69,0,1,0,9,0,0,0,20,0,7,0,0,0,76,1,73,0,0,0,0,0,0,0,0,0,0,0,0,0,1,0,0,0,0,0,0,0,1,0,0,230,1,2,10,0,1,0,0,0,2,0,23,3,1,0,187,5,0,0,2,0,0,4,0,0,0,0,0,3,0,0,1,0,0,0,2,0,2,0,13,0,0,1,0,0,0,5,0,0,0,0,0,1,0,0,81,0,0,0,8,0,0,0,0,1,1,0,0,0,0,0,1,2,3,0,6,4,2,0,66,0,0,0,0,3,0,2,1,0,0,0,0,0,1,15,0,0,0,40,0,1,0,0,0,1,0,0,0,0,0,0,0,0,0,0,0,0,0,3,24,0,0,0,1,0,4,1,0,3,0,2,1,0,4,0,0,1,0,0,5,0,2,5,0,0,13,0,0,0,0,1,1,0,1,0,0,0,0,0,0,13,0,0,0
145,1589,ESCOLA MUNICIPAL DE EDUCAÇÃO ESPECIAL TOMAZ EDISON ANDRADE VIEIRA,"RUA LEON NÍCOLAS, S/N, CAPÃO RASO",PINHEIRINHO,-25.5151667,-49.2943721,58,0,4847,3850,229,130,0,4,2,7,41,4,2,0,1,47,0,0,0,6,0,0,0,4,3,2,7,2,0,1,10,0,0,1,49,24,48,16,13,0,0,1,0,0,1,1,0,0,0,6,0,1,0,0,0,4,1,25,0,0,0,0,0,0,11,6,0,11,2,0,0,0,0,0,0,67,0,0,1,0,0,0,0,0,0,0,1,24,0,0,0,0,5,3,0,0,0,0,0,0,26,4,11,0,5,181,1,0,9,8,10,1,7,81,142,4,0,9,83,0,0,4,6,0,11,0,0,0,0,0,21,0,0,0,0,0,0,0,7,0,0,1,0,1,0,0,0,0,0,2,0,0,0,9,0,4,0,5,1,23,0,2,0,1,1,0,0,0,46,0,0,0,0,0,0,0,0,0,0,0,0,0,1,0,0,0,0,0,0,45,4,2,26,0,0,0,0,2,0,238,0,19,0,6,9,8,0,10,0,0,0,0,5,0,0,0,0,0,3,12,0,0,15,54,1,2,18,95,0,3,118,0,0,0,14,0,1,0,45,0,4,1,0,0,88,1,119,0,0,1,0,0,0,0,0,0,0,0,1,0,0,0,0,0,0,0,0,3,0,0,0,342,0,0,17,0,2,0,7,0,5,0,47,4,0,0,345,10,0,0,0,7,0,4,0,0,0,0,0,2,0,0,0,0,0,0,0,0,0,0,40,0,0,0,1,5,3,2,0,0,0,0,0,0,1,0,63,0,0,0,8,1,1,0,0,3,2,1,3,1,0,3,5,5,2,0,5,2,6,2,120,0,0,0,0,12,5,1,3,3,0,0,0,0,0,3,0,0,5,33,4,1,0,0,0,0,0,5,0,0,0,0,1,0,2,0,1,0,0,16,69,0,0,0,0,0,4,2,0,1,0,1,0,3,0,1,1,2,1,2,9,2,3,2,0,0,33,0,2,0,0,4,0,0,0,0,0,0,0,0,2,8,0,1,0
145,1597,ESCOLA MUNICIPAL SAO MATEUS DO SUL,"RUA ORESTES CODEGA, 165",PINHEIRINHO,-25.5235867,-49.2975817,66,0,2280,1864,108,60,0,5,0,5,21,2,3,0,1,25,1,0,0,5,0,0,0,1,0,2,8,0,0,0,6,0,0,0,13,7,23,10,6,0,1,0,0,0,0,0,0,1,1,6,0,0,0,4,0,3,0,14,0,1,1,0,0,0,4,4,0,9,1,0,0,0,0,1,0,39,0,0,2,0,0,0,0,0,0,0,0,5,0,0,0,0,0,0,0,0,0,0,0,0,7,4,6,0,3,71,0,0,7,0,0,1,0,37,46,0,1,1,36,0,0,3,6,0,1,0,0,0,0,0,17,0,0,0,0,0,0,0,2,1,0,0,0,1,0,0,1,0,0,0,0,0,0,8,0,0,0,3,4,10,0,3,0,1,0,0,0,0,23,0,0,0,0,0,0,0,0,0,0,0,0,0,0,0,0,0,0,1,0,15,4,0,10,0,0,0,0,8,0,97,1,14,0,3,9,3,0,6,0,0,0,0,7,0,0,0,0,0,4,11,0,1,6,35,2,0,10,34,0,1,60,0,0,0,22,0,0,0,21,0,5,0,0,2,47,1,59,0,0,0,0,0,0,0,0,0,0,0,0,0,0,0,0,0,0,0,0,1,0,0,0,181,0,0,7,0,1,0,3,0,0,0,30,0,0,0,160,3,0,0,1,0,0,0,0,2,0,0,0,0,0,1,0,0,0,0,0,0,0,0,29,0,0,0,0,1,0,1,0,0,0,0,0,0,0,0,27,0,0,0,5,0,0,0,0,0,1,0,2,0,0,0,1,1,1,0,5,3,2,0,55,0,0,0,0,5,0,0,1,2,2,0,0,0,2,3,0,0,2,16,1,1,1,0,0,0,0,2,0,0,0,0,0,0,0,0,0,0,0,8,43,0,0,0,1,1,2,0,0,2,0,2,0,1,0,0,0,1,1,1,6,0,3,1,0,0,11,0,0,0,0,0,0,0,0,1,0,0,0,0,0,2,0,2,1
145,1600,ESCOLA MUNICIPAL COLOMBO,"RUA IZAAC FERREIRA DA CRUZ, 2591, SÍTIO CERCADO",SITIO CERCADO,-25.5375803,-49.2775753,65,0,2990,2380,163,80,0,5,0,1,29,3,1,0,1,21,0,1,0,4,2,0,0,0,0,1,7,0,1,0,10,0,0,0,31,16,30,19,7,0,0,0,0,0,0,0,0,0,2,7,1,0,2,1,0,2,1,23,2,0,0,0,0,0,6,6,0,7,4,0,1,0,1,0,0,43,0,0,3,1,1,0,0,0,0,0,0,18,0,0,0,0,6,2,0,0,0,0,0,0,11,0,9,0,5,88,0,0,2,5,1,0,10,64,77,0,0,9,56,0,0,1,4,0,1,1,0,0,1,0,17,0,0,0,0,0,0,0,4,0,0,0,0,1,0,0,2,0,0,1,0,0,1,6,1,2,0,4,2,10,0,2,0,0,0,0,1,1,36,0,0,1,0,0,0,0,0,0,0,1,3,0,0,0,0,0,0,0,0,22,2,1,15,0,0,0,0,16,0,128,0,9,0,4,0,0,0,5,0,0,0,0,7,0,0,1,0,0,7,10,1,0,8,29,0,3,9,33,2,0,70,0,0,1,9,0,0,0,33,0,4,0,0,0,79,0,85,0,0,2,0,1,0,0,0,0,0,0,0,0,0,0,0,0,0,0,1,1,0,0,0,200,0,1,4,0,0,0,4,0,3,0,26,3,0,0,167,7,0,0,1,1,0,0,0,0,0,1,0,1,0,0,0,0,0,0,0,0,0,0,17,0,0,0,0,1,2,1,0,0,1,0,0,0,0,0,37,0,0,0,15,0,0,0,0,1,0,0,0,2,0,4,1,4,0,0,4,1,1,0,71,1,0,0,0,7,2,5,1,0,0,0,1,0,0,27,0,1,2,41,2,1,2,1,0,0,0,2,0,0,0,0,2,0,0,0,0,0,0,5,29,0,0,0,2,0,2,1,1,0,1,1,0,1,2,1,0,1,0,1,7,0,0,1,0,1,16,0,0,0,1,1,0,0,0,0,0,0,0,3,0,10,0,0,0
145,1619,COLEGIO ESTADUAL HASDRUBAL BELLEGARD,"RUA IZZAC FERREIRA DA CRUZ, 3009, SÍTIO CERCADO",SITIO CERCADO,-25.5370783,-49.274305,65,0,5766,4325,332,180,0,4,2,5,48,7,1,0,0,52,0,0,0,16,1,0,0,5,0,2,8,0,1,0,14,1,0,1,62,19,53,39,12,0,1,1,0,0,1,0,0,0,0,11,1,0,0,0,1,4,2,21,0,0,0,1,0,3,10,16,0,22,3,0,1,0,0,1,0,87,1,1,1,1,0,0,0,0,0,0,0,20,1,0,0,0,7,0,0,0,0,0,0,0,26,2,29,0,10,197,2,1,6,2,2,3,14,80,140,0,0,12,112,0,0,1,8,0,2,0,0,0,0,0,39,0,0,2,0,3,1,1,1,3,1,0,0,3,1,0,0,5,0,2,0,0,0,11,0,0,0,2,3,13,0,1,1,1,0,0,0,0,55,3,0,0,0,1,0,7,0,0,2,0,0,0,6,0,0,1,0,0,0,61,0,3,23,0,1,4,1,35,0,238,0,26,0,6,12,1,0,10,0,0,0,0,3,0,0,1,0,0,14,22,0,1,17,46,11,2,18,59,1,2,124,1,3,0,11,0,1,2,38,0,8,0,0,0,127,0,134,0,0,0,0,1,0,3,0,0,0,1,0,0,0,0,0,0,0,0,0,4,0,0,0,359,0,1,12,1,1,0,1,1,5,1,25,6,0,0,302,7,0,0,1,2,0,2,1,0,0,0,0,6,0,0,0,0,0,0,0,0,0,0,23,0,0,0,1,6,0,3,0,0,0,0,1,0,1,0,64,0,2,0,8,0,0,1,0,2,1,0,3,0,0,6,3,7,1,0,9,6,6,1,119,0,0,0,0,13,4,2,5,0,0,0,0,2,4,43,0,0,8,83,0,6,1,2,0,0,0,2,0,0,0,0,0,0,1,0,0,0,0,11,44,0,0,0,2,0,10,2,0,1,1,3,0,2,1,0,1,2,0,1,11,2,2,5,0,0,25,0,1,0,0,2,0,0,0,2,0,0,0,2,0,27,0,2,1
145,1627,CEI PROFESSOR JOSE CAVALLIN,"RUA CALIFÓRNIA, 954  SÍTIO CERCADO",SITIO CERCADO,-25.54415,-49.2761133,65,0,2687,2104,163,106,0,2,3,2,24,1,1,1,0,25,1,0,0,2,0,0,0,0,0,2,4,0,0,0,7,0,0,0,32,9,14,12,4,0,1,2,0,0,0,0,0,0,0,3,0,0,0,2,0,2,0,13,0,0,0,0,0,1,3,5,0,8,3,0,1,0,1,0,0,39,0,0,3,1,0,1,0,0,0,0,0,9,0,0,0,1,0,2,0,0,0,0,0,0,15,2,3,3,3,103,1,0,5,0,0,0,7,52,66,0,1,2,56,0,0,1,4,1,1,0,0,0,0,0,19,1,0,0,0,0,1,0,0,0,0,0,0,0,0,0,0,3,1,0,0,0,0,4,0,2,0,1,3,8,0,0,0,1,1,0,0,1,22,0,0,0,0,0,0,2,0,0,0,0,0,0,0,0,0,0,0,0,0,34,0,1,14,0,0,0,0,16,0,134,0,16,0,2,9,1,0,7,0,0,0,0,5,0,0,0,0,0,5,6,0,0,17,20,5,4,3,19,1,0,60,3,0,0,4,0,0,1,26,0,5,1,0,1,48,2,68,0,0,1,0,0,0,2,0,0,0,0,0,0,0,0,0,0,0,0,0,4,0,0,0,170,1,0,7,1,2,0,2,0,0,1,24,0,0,0,141,3,0,0,0,0,0,0,0,0,0,1,0,0,0,0,0,0,0,0,0,0,0,0,14,0,0,1,0,1,1,0,0,0,0,0,0,0,0,0,32,0,0,0,3,0,0,0,0,0,2,0,0,2,0,0,3,0,1,0,3,5,3,1,70,0,0,0,1,4,0,0,0,0,0,0,0,0,0,8,0,1,0,38,1,0,2,0,0,0,0,3,0,0,0,0,0,0,0,0,0,0,0,5,34,0,0,0,1,0,2,0,0,1,1,1,0,4,1,0,0,1,0,1,5,0,0,2,0,0,21,0,0,0,0,3,0,0,0,0,0,0,0,1,0,7,0,3,0
145,1635,ESCOLA MUNICIPAL PROFESSOR PEDRO VIRIATO PARIGOT DE SOUZA,"R PROF. DELMINDA SANTOS FERNANDES, 80",SITIO CERCADO,-25.5292486,-49.2694461,65,0,4170,3365,206,145,0,6,1,10,31,2,4,0,2,35,1,0,0,11,1,0,0,2,2,0,4,1,0,0,4,0,0,0,48,7,51,18,18,0,0,0,0,0,2,3,0,0,0,6,0,4,0,1,0,7,0,12,0,0,1,2,0,0,4,5,0,12,4,0,0,0,1,0,1,61,0,0,2,2,0,0,0,0,0,1,0,10,0,0,0,0,2,1,0,0,0,0,0,0,26,2,3,3,10,161,1,0,10,1,5,4,14,93,87,3,0,5,78,0,0,2,11,1,1,0,1,0,0,0,21,0,0,0,0,0,0,0,5,1,1,0,0,1,1,0,0,0,0,8,0,0,0,9,1,3,1,3,4,14,0,2,0,2,0,1,0,0,50,0,0,0,0,0,0,14,0,0,0,0,0,0,2,1,0,1,0,0,0,61,0,2,23,0,0,2,0,41,0,187,1,13,0,1,6,0,0,15,0,0,0,0,11,0,0,0,0,0,9,9,0,1,27,33,3,5,15,45,0,0,94,2,0,0,12,0,1,0,21,3,8,2,0,0,95,1,105,1,0,0,0,0,0,0,0,0,0,0,0,0,0,1,0,0,0,0,0,3,0,0,0,272,0,0,16,0,0,0,1,0,7,0,28,2,2,0,272,3,0,0,2,0,0,0,0,0,0,0,0,1,0,5,0,0,0,0,0,0,0,0,23,0,2,0,0,0,0,3,0,0,0,1,0,0,0,0,53,0,0,0,13,1,0,0,0,1,4,0,0,0,0,4,1,12,0,2,12,5,4,0,109,0,0,0,0,5,4,1,0,0,0,0,0,0,2,6,0,0,2,59,1,0,0,0,0,0,0,4,0,0,0,0,1,0,2,0,0,0,0,11,44,0,0,0,2,0,1,0,1,2,0,1,0,1,0,1,0,4,0,1,11,0,1,3,0,0,22,0,1,2,0,11,0,0,0,0,0,0,0,2,0,14,0,0,0
145,1643,ESCOLA MUNICIPAL PROFESSORA AUGUSTA GLUCK RIBAS,"RUA IZAAC FERREIRA DA CRUZ, 3560",SITIO CERCADO,-25.534745,-49.2685717,65,0,1822,1429,103,60,0,0,1,4,12,1,1,0,1,13,0,0,0,5,0,0,1,1,0,0,2,0,1,1,5,1,0,0,27,10,17,21,2,0,0,0,0,0,0,0,0,0,0,5,0,0,0,1,0,1,0,9,0,0,1,0,0,1,4,1,0,4,3,0,0,0,1,0,1,27,1,1,1,0,0,0,0,0,1,0,0,10,0,0,0,0,4,0,0,0,0,0,0,0,7,2,8,0,6,63,0,1,4,1,2,0,6,32,36,0,0,3,31,0,0,3,2,0,0,0,0,0,0,0,12,0,0,1,0,0,0,1,1,0,1,0,0,0,0,0,0,0,0,0,0,0,0,6,0,1,0,4,0,5,0,0,1,1,0,0,0,1,19,0,0,0,0,0,0,1,0,0,1,0,0,0,1,0,0,0,0,0,0,18,1,0,5,0,0,0,0,14,0,73,0,4,0,1,0,0,0,6,0,0,0,0,3,0,0,0,0,0,7,8,1,0,14,20,2,1,8,17,0,0,43,2,1,0,3,0,0,0,18,0,7,0,0,0,54,1,44,0,0,0,0,0,0,0,0,0,0,0,0,0,0,0,0,0,0,0,0,0,0,0,0,96,0,2,5,0,0,1,2,0,0,0,10,1,0,0,93,3,0,0,2,0,0,0,0,0,0,0,1,0,0,0,0,0,0,0,0,0,0,0,11,0,0,0,0,1,0,0,0,0,0,0,0,0,1,0,26,0,0,0,1,0,0,0,0,0,1,0,0,0,0,1,0,6,0,0,6,5,0,0,42,0,0,0,0,2,0,1,1,0,0,0,0,0,1,14,0,0,3,32,2,0,0,0,0,0,0,3,0,0,1,0,0,0,1,0,0,0,0,4,15,0,0,0,0,0,1,0,0,1,1,0,0,0,0,0,0,0,0,0,2,0,0,0,0,0,5,0,0,0,0,0,0,0,0,0,0,0,0,2,0,12,0,1,0
145,1651,ESCOLA MUNICIPAL RIO NEGRO,"RUA CELESTE TORTATO GABARDO, 1090  SÍTIO CERCADO",SITIO CERCADO,-25.5445611,-49.2836163,65,0,4202,3241,230,150,0,7,2,6,37,3,1,1,1,25,2,0,0,9,0,0,1,2,3,2,4,0,0,0,5,0,0,0,42,18,51,24,16,0,1,0,0,0,0,0,0,0,2,1,0,0,1,0,1,5,1,23,1,0,2,2,2,0,14,18,0,6,0,0,0,4,0,0,0,53,0,0,1,0,2,0,0,0,0,1,2,25,0,0,0,0,3,3,0,0,0,0,0,0,9,1,21,0,5,138,0,1,12,2,4,3,12,72,93,1,3,11,76,0,1,1,11,0,4,0,0,0,0,0,16,0,0,0,0,0,0,0,0,0,0,0,0,0,0,0,1,0,2,2,0,2,0,6,1,0,0,5,5,12,0,2,0,0,0,0,0,0,49,0,0,0,0,0,0,0,1,0,0,0,0,0,8,0,0,2,0,0,0,36,0,5,27,0,0,0,0,15,3,188,1,15,0,7,3,0,0,5,0,0,0,0,19,0,1,1,0,0,11,13,1,0,21,39,3,3,8,56,0,1,93,4,2,0,12,2,0,0,27,1,6,1,0,1,86,0,109,0,1,0,1,0,0,1,0,1,0,0,0,0,0,0,0,0,0,0,0,2,0,0,0,268,1,1,15,1,0,0,0,0,2,0,21,5,2,2,248,8,1,0,2,1,0,0,0,0,0,1,0,5,1,0,0,0,0,0,0,0,0,0,12,0,0,0,0,5,0,5,0,0,0,0,0,0,0,1,61,0,1,0,7,0,0,0,0,0,0,2,0,0,0,3,2,5,2,0,2,2,1,0,101,0,0,0,0,3,1,2,2,0,1,0,0,0,1,3,0,0,0,52,3,0,2,0,0,0,1,2,0,1,1,0,0,0,1,0,0,0,0,8,53,0,0,0,1,0,2,1,0,0,0,1,0,2,1,1,0,1,0,0,14,0,1,1,1,0,19,0,0,0,0,2,0,0,0,0,0,0,0,3,0,11,0,2,0
145,1686,COLEGIO ESTADUAL PADRE CLAUDIO MORELLI,"RUA LUIZ NICHELLE, 08",UMBARA,-25.5686911,-49.2857289,73,0,3913,3235,220,138,0,4,2,3,22,0,0,0,2,31,0,0,0,9,0,2,0,2,0,3,6,0,0,0,11,0,0,0,22,29,63,14,14,0,2,0,0,0,0,1,0,0,2,10,0,1,0,0,1,4,0,20,0,0,0,2,0,0,32,19,0,7,0,2,0,3,0,0,0,41,0,0,2,0,1,1,0,1,0,0,2,28,0,0,0,0,5,1,0,0,0,0,0,0,45,3,9,1,0,114,1,0,3,5,1,2,7,35,65,0,0,0,48,0,3,1,8,0,2,0,0,0,1,0,31,2,0,1,0,0,1,0,1,0,1,0,0,0,0,0,1,0,0,1,0,2,0,12,0,0,0,3,1,25,0,0,0,3,0,0,0,0,48,0,0,0,0,0,1,3,0,0,2,0,0,0,1,0,0,0,0,0,0,43,1,5,17,2,0,0,0,9,0,181,0,16,0,8,12,2,0,12,0,1,0,0,16,0,0,2,0,0,8,11,2,0,30,38,3,10,18,52,0,0,93,2,5,0,13,0,0,0,23,1,6,0,0,1,126,1,120,1,0,3,0,0,0,0,0,0,0,0,0,0,0,0,0,0,0,0,0,2,0,0,0,252,1,0,14,0,1,0,1,0,5,0,37,5,0,0,298,6,0,0,0,1,0,3,0,0,0,0,0,17,0,1,0,0,0,0,0,0,0,0,13,0,0,0,0,1,0,2,0,0,0,0,0,0,0,0,67,1,2,0,5,0,0,0,0,0,1,0,1,1,0,6,2,1,1,0,3,0,1,1,95,0,0,0,0,23,0,2,3,0,0,0,0,0,0,1,0,0,4,52,4,0,0,0,0,0,0,2,0,0,0,0,0,0,1,0,0,0,0,4,55,0,0,0,0,0,7,0,0,2,0,0,0,0,1,0,0,1,0,4,12,0,0,5,0,0,21,0,0,0,0,1,0,0,0,0,0,0,0,1,0,5,0,2,1
145,1694,CAPELA SAO SEBASTIAO,"RUA NICOLA PELANDA, 8065",UMBARA,-25.5928037,-49.2762211,73,0,2438,1989,158,60,0,4,4,2,11,1,1,0,0,16,2,0,0,5,0,1,0,1,1,1,5,0,0,0,0,0,0,0,26,19,64,7,3,0,0,0,0,0,0,0,0,0,1,4,0,2,0,1,0,4,0,9,0,0,0,0,0,0,86,15,0,9,0,0,0,0,0,0,0,29,0,1,1,0,0,0,0,0,0,0,2,12,0,0,0,1,0,0,0,0,0,0,0,0,11,0,5,3,1,57,0,0,2,0,1,3,7,24,37,0,0,3,19,0,1,1,4,0,1,0,0,0,0,0,9,0,0,0,0,0,0,0,1,0,0,0,0,1,0,0,0,0,0,3,0,0,0,2,0,0,0,5,1,10,0,0,0,0,0,0,0,1,21,0,0,0,0,0,0,0,0,0,2,0,0,0,0,0,0,1,0,1,0,19,0,5,14,0,0,0,0,2,0,97,0,9,0,3,1,0,0,4,0,0,0,0,11,0,0,0,0,0,6,12,0,0,21,22,3,6,10,29,0,0,50,0,0,0,4,0,1,0,15,0,5,0,0,0,74,1,81,0,0,4,0,0,0,1,1,0,0,0,0,0,0,0,0,0,0,0,0,0,0,0,0,170,0,0,3,0,0,0,1,0,1,0,18,0,0,0,177,2,0,0,3,0,0,1,0,0,0,0,0,1,0,0,0,0,0,0,0,0,0,0,8,0,0,0,0,1,0,4,0,1,0,0,0,0,0,0,52,0,0,0,1,0,0,0,0,0,0,0,2,0,0,1,0,2,3,0,3,2,2,0,59,1,0,0,0,37,0,0,0,0,0,0,0,0,1,2,0,0,2,40,0,0,0,0,0,0,0,0,0,0,0,0,0,0,0,0,0,0,0,7,26,0,0,0,0,0,11,1,0,1,0,0,0,0,0,0,0,0,0,0,6,0,0,5,0,0,4,0,0,0,0,3,0,0,0,0,0,0,0,1,1,4,0,0,0
145,1783,CEI CARLOS DRUMMOND DE ANDRADE,RUA JANDAIA DO SUL 50,SITIO CERCADO,-25.5548767,-49.253395,65,0,3718,2964,251,135,0,5,1,13,32,1,2,0,1,21,1,1,0,3,0,0,1,1,2,9,6,0,0,0,7,0,0,0,52,11,24,18,15,0,1,2,0,0,1,0,0,0,1,3,0,0,1,0,0,2,1,18,0,0,1,1,0,0,6,10,0,11,2,0,0,0,0,1,1,66,0,1,2,1,0,0,0,0,0,0,3,10,0,0,0,0,2,5,0,0,0,0,0,0,37,1,11,2,6,94,1,0,5,1,6,0,22,81,93,0,0,7,59,0,3,8,3,0,1,0,0,0,2,0,17,2,0,0,0,0,1,0,5,0,0,0,0,5,0,0,0,0,0,0,0,1,0,6,0,1,0,5,6,10,0,0,0,0,0,0,0,0,18,0,0,0,0,0,0,1,0,0,1,0,0,0,1,1,0,0,0,0,0,49,0,1,12,0,0,0,0,12,0,190,0,18,0,6,4,0,0,5,0,1,0,0,4,0,0,0,0,0,7,9,1,0,67,21,4,2,9,31,1,1,84,0,2,0,6,0,1,0,35,0,7,0,0,0,78,3,96,0,1,1,0,0,0,0,0,0,0,0,0,0,0,0,0,0,0,0,0,0,1,0,0,208,2,0,10,0,0,0,0,0,3,0,32,1,1,0,170,5,0,0,0,1,0,0,0,0,0,2,0,1,0,1,0,1,0,0,0,0,0,0,20,0,0,0,0,1,0,1,0,1,0,0,1,0,0,1,75,0,0,0,20,0,0,1,0,1,0,0,0,1,1,1,3,7,2,0,4,7,3,1,84,1,6,0,0,10,1,1,0,0,0,1,1,0,1,5,0,0,0,122,0,0,0,0,0,0,1,3,0,0,0,0,0,0,0,0,0,0,0,5,16,0,1,0,1,1,6,1,0,1,0,1,0,1,0,1,0,0,0,0,8,0,0,4,2,0,17,0,1,0,0,2,0,0,0,0,0,0,0,1,0,7,0,0,0
145,1791,ESCOLA MUNICIPAL PROFESSORA REJANE MARIA SILVEIRA SACHETTE,"RUA NOVA AURORA, 1000",SITIO CERCADO,-25.5490865,-49.2708116,65,0,2728,2239,153,99,0,0,0,7,28,3,1,0,0,19,0,0,0,3,0,0,0,1,1,0,5,1,0,0,17,0,0,0,28,14,29,14,7,0,0,0,0,0,0,0,0,0,0,4,0,0,1,1,0,2,1,20,0,0,0,3,0,0,4,3,0,11,0,1,0,0,0,1,0,47,0,0,1,0,0,1,0,0,0,0,0,37,1,0,0,0,1,0,0,0,0,0,0,0,20,0,10,0,3,82,1,0,3,1,1,0,13,41,81,0,0,3,52,0,0,1,5,0,1,0,0,0,1,0,11,0,0,0,0,0,0,0,0,1,0,0,0,2,0,0,0,1,0,0,0,0,0,10,0,0,0,5,5,5,0,1,0,0,0,0,0,0,16,0,0,0,0,0,0,1,0,0,0,0,0,0,0,0,0,0,0,0,0,41,2,3,8,0,0,0,0,6,0,123,0,7,0,2,3,0,0,5,0,2,0,0,10,0,0,2,0,0,4,12,0,0,17,34,4,2,10,24,0,0,60,0,1,0,5,0,0,0,35,0,4,0,0,0,67,1,66,0,1,1,0,1,0,0,0,0,0,0,0,0,0,0,0,0,0,0,0,0,1,0,0,225,0,1,9,0,0,0,0,0,4,0,16,0,1,0,145,6,1,0,1,1,0,1,0,0,0,0,0,2,1,0,0,0,0,0,0,0,0,0,14,0,0,0,0,4,0,4,0,0,0,0,1,0,0,2,57,0,0,0,8,1,0,1,0,0,2,0,1,0,0,2,1,3,1,0,2,0,4,0,56,0,0,0,2,7,0,1,0,1,0,0,0,0,1,2,0,0,0,39,1,1,0,0,0,0,0,0,0,0,0,0,0,0,0,1,0,0,0,6,37,2,0,0,3,0,2,2,0,0,0,0,0,0,0,0,0,1,0,1,6,1,4,2,0,0,18,0,1,0,0,0,0,0,0,0,0,0,0,1,0,4,0,2,1
145,1805,ESCOLA MUNICIPAL SADY SOUSA,"RUA CORONEL VICTOR AGNER KENDRICK, 440  SÍTIO CERCADO",SITIO CERCADO,-25.5336753,-49.2614834,65,0,2694,2211,157,84,0,5,2,5,27,1,1,0,0,27,0,1,0,9,0,2,0,0,0,2,7,1,0,0,6,0,0,0,21,9,19,10,5,0,0,1,0,0,0,1,2,0,0,3,0,0,0,0,0,7,0,34,0,0,0,1,0,0,4,3,1,6,1,1,0,0,0,0,0,32,1,0,3,1,0,0,0,0,1,1,2,14,1,0,0,0,1,0,0,0,0,0,0,0,5,4,7,2,4,94,0,0,3,2,1,3,6,55,54,0,0,1,49,1,1,3,4,0,2,0,0,0,0,0,9,0,0,0,0,0,1,0,0,1,0,0,1,0,0,0,1,0,0,1,0,0,0,2,0,0,0,8,5,9,0,1,0,0,0,0,0,0,26,0,0,0,0,0,0,5,0,0,1,0,0,0,2,0,0,2,0,0,0,26,0,4,11,0,0,0,0,25,0,116,0,10,0,3,5,0,0,11,0,0,0,0,5,0,0,0,0,0,6,7,0,0,9,23,3,4,12,51,0,1,59,0,2,0,7,0,1,0,35,0,4,0,0,0,74,1,74,0,0,0,1,3,0,0,0,0,0,0,0,0,0,1,0,0,1,0,0,2,0,0,0,185,0,1,16,0,0,0,0,0,7,0,26,4,0,0,135,4,0,0,2,0,0,2,0,0,0,0,0,5,0,0,0,0,0,0,0,0,0,0,16,0,0,0,0,2,0,5,0,0,0,0,0,0,0,0,55,0,0,0,12,0,0,0,0,0,1,0,0,1,0,3,3,1,0,0,8,2,0,1,54,0,0,0,0,3,1,2,1,1,0,0,0,0,0,6,0,0,2,44,1,0,0,0,0,0,0,1,0,0,0,0,0,0,1,0,0,0,0,7,35,0,0,0,0,1,2,0,0,0,0,0,0,2,0,0,0,0,0,0,5,0,0,6,0,0,19,0,0,0,0,1,0,0,0,0,0,0,0,1,0,20,0,2,0
145,1813,COLEGIO ESTADUAL BENEDICTO JOAO CORDEIRO,"RUA EURICO ZYTKIEVITZ, 143  SÍTIO CERCADO",SITIO CERCADO,-25.5424182,-49.2728909,65,0,5447,4375,315,180,0,8,2,14,49,7,2,1,2,46,1,1,0,9,0,0,0,0,0,2,7,0,0,0,9,0,0,0,65,23,47,47,9,0,3,1,0,0,1,0,0,0,1,9,0,1,0,2,0,10,1,25,0,0,5,3,1,0,10,12,0,23,5,0,0,0,0,0,0,76,2,0,2,1,0,1,0,0,1,0,1,32,0,0,0,0,2,0,0,0,1,0,0,0,25,2,15,1,7,188,2,0,7,4,6,0,9,92,134,1,2,9,101,2,0,2,8,1,4,1,0,0,1,0,31,0,0,0,0,1,1,0,0,0,1,1,0,3,0,0,1,0,0,2,0,0,2,13,1,1,1,15,9,16,0,0,1,2,0,1,0,0,50,1,0,0,0,1,0,3,0,0,0,0,1,0,1,0,0,0,0,0,0,69,1,3,32,0,0,0,0,24,0,249,0,20,0,6,5,3,0,15,0,1,0,0,10,0,0,0,0,0,13,20,1,0,35,38,7,3,10,68,3,0,108,1,2,0,11,0,3,0,47,0,8,0,1,0,116,2,126,0,0,0,1,0,0,0,0,0,0,0,0,0,0,0,0,0,0,0,0,2,0,0,0,388,1,2,23,0,0,0,1,0,0,2,38,2,0,0,384,5,0,1,0,1,0,2,0,0,2,1,0,3,0,1,0,3,0,0,0,0,0,0,29,0,1,0,1,1,0,0,0,0,0,0,1,1,0,4,88,0,0,0,16,0,0,0,0,0,1,1,0,1,0,7,5,11,3,0,7,10,1,2,96,1,0,0,0,9,1,5,2,1,0,0,0,2,0,13,0,0,5,76,2,1,0,0,0,0,0,3,0,0,0,0,1,0,1,1,0,0,0,16,53,0,0,0,3,0,8,0,0,1,1,3,0,5,0,0,0,1,0,0,8,0,1,3,1,0,25,1,1,0,0,9,0,0,0,1,0,0,0,10,1,21,0,5,0
145,1821,COLEGIO ESTADUAL LUIZ CARLOS PAULA E SOUZA,"RUA ALBERTO SABIM, 300",UMBARA,-25.5576968,-49.2804527,73,0,4233,3296,282,131,0,5,1,10,40,3,0,0,0,34,2,0,0,9,0,0,0,0,3,1,10,0,0,0,8,0,1,0,33,12,85,27,8,1,0,1,0,0,0,0,0,0,3,2,0,0,0,0,2,7,1,15,1,0,2,5,0,0,8,10,0,7,0,1,0,0,0,0,1,49,2,0,0,0,1,0,0,0,0,1,1,11,0,0,1,0,3,0,0,0,0,0,0,0,80,2,20,1,2,131,1,0,10,1,9,1,17,27,100,0,1,9,81,0,0,3,12,2,2,0,0,0,0,1,22,0,0,0,0,0,0,0,0,1,0,1,0,1,0,0,0,1,0,2,0,0,1,12,0,0,0,7,1,10,0,0,0,0,0,0,0,0,23,0,0,0,0,0,0,1,0,0,2,1,0,0,1,0,0,0,2,0,0,84,0,3,13,0,0,0,0,16,0,233,0,13,0,7,4,1,0,4,1,0,0,0,10,0,0,0,0,0,9,12,0,0,21,35,5,3,14,58,2,2,83,2,1,0,12,0,1,3,43,2,5,0,0,1,85,0,96,0,0,0,0,0,0,0,0,0,0,0,0,0,0,1,0,0,0,0,0,0,0,1,0,245,0,1,14,1,0,1,0,0,2,0,29,3,0,0,246,6,0,0,1,1,0,0,0,0,0,1,1,2,0,1,0,0,0,0,0,0,0,0,28,0,0,0,0,0,0,2,0,0,0,0,0,0,0,0,46,0,1,0,10,0,0,0,0,0,1,0,3,0,0,2,1,1,0,0,11,2,8,0,91,0,0,0,0,3,0,3,0,0,0,0,1,0,0,0,0,0,0,60,3,0,1,0,0,0,0,2,0,0,0,0,0,0,3,0,1,0,0,1,31,1,4,0,1,1,8,0,0,1,0,0,0,2,1,0,0,0,0,3,15,0,3,7,1,0,15,0,3,0,0,5,0,0,0,0,0,0,0,1,0,22,0,1,1
145,1848,COLEGIO ESTADUAL PROFESSOR TEOBALDO LEONARDO KLETEMBERG,"RUA MARIO GASPARIN, 950",SITIO CERCADO,-25.5437241,-49.252425,65,0,3925,3130,275,133,0,6,1,5,29,6,3,0,0,27,2,1,0,6,0,0,0,1,2,5,5,0,0,0,14,0,0,1,43,14,39,22,11,0,3,0,0,0,1,0,0,1,2,15,0,0,0,0,0,3,1,16,0,0,0,3,0,0,3,15,1,8,3,2,0,0,0,0,0,68,0,0,1,0,0,0,0,0,2,0,1,27,0,0,0,0,1,0,0,0,0,0,0,0,18,1,16,1,2,129,2,1,3,2,2,0,13,53,87,0,0,4,60,1,1,1,10,1,3,0,0,0,0,0,28,1,0,0,0,0,0,0,3,1,1,0,0,3,0,0,0,0,0,1,0,0,0,5,2,0,0,26,4,7,0,1,0,2,0,0,0,1,22,0,0,0,0,0,0,1,0,0,0,0,0,0,1,0,0,0,0,0,0,55,1,1,11,0,1,0,0,9,0,214,0,9,0,6,6,0,0,6,1,1,0,0,1,0,0,0,0,0,6,12,1,0,16,29,6,2,19,43,2,1,81,2,3,0,2,0,0,0,27,2,8,2,0,0,90,1,93,0,0,0,0,0,0,1,1,0,0,0,0,0,2,0,0,0,0,0,0,0,0,0,0,250,0,0,12,2,0,0,0,0,1,0,29,1,0,0,243,3,0,0,0,0,1,1,0,0,0,0,2,4,0,0,0,2,0,0,0,0,0,0,16,0,0,0,0,4,1,2,0,0,1,0,0,0,0,0,87,1,0,0,7,0,0,0,0,1,0,0,1,3,0,0,3,4,3,0,6,3,2,1,94,0,0,0,0,5,0,1,1,0,0,0,0,0,0,6,0,0,4,51,7,0,1,0,0,0,0,1,0,0,0,0,0,0,1,0,0,0,0,0,49,0,2,0,0,0,9,0,0,0,0,2,0,0,0,1,0,5,0,0,9,0,5,3,0,0,32,0,0,1,0,1,0,0,0,1,0,0,0,4,0,14,0,0,0
145,1864,CEI JOSE LAMARTINE CORREA DE OLIVEIRA LYRA,"RUA CAROLINA DOS ANJOS, 94",PINHEIRINHO,-25.5194917,-49.30568,66,0,2522,2053,123,82,0,1,3,2,23,3,2,0,2,18,0,3,1,5,0,0,0,0,1,3,7,0,0,0,2,0,0,0,13,13,25,7,9,0,0,0,0,0,0,0,1,1,2,3,0,1,0,0,0,4,1,19,1,0,0,0,1,0,1,2,0,6,1,0,0,0,0,0,1,24,0,0,1,0,0,0,0,0,0,0,1,10,0,0,0,0,1,2,0,0,0,0,0,0,14,1,13,0,0,90,1,1,3,0,5,0,1,38,59,0,0,3,57,0,0,0,10,0,17,2,0,0,1,0,22,1,0,0,0,0,1,0,0,1,0,1,1,1,1,0,0,0,0,2,0,0,0,4,0,0,0,2,5,12,0,0,0,1,0,0,0,0,26,0,0,0,0,0,0,0,1,0,0,0,0,0,0,0,0,0,0,0,0,29,0,0,8,0,0,0,0,1,0,88,0,14,0,0,3,4,0,9,0,0,0,0,7,0,0,0,0,0,3,6,0,0,14,32,0,0,8,48,0,2,67,1,0,0,9,0,1,0,26,0,2,0,0,1,67,0,68,0,0,0,0,0,0,0,0,0,0,0,0,0,0,0,0,0,0,0,0,0,0,0,0,186,0,0,17,0,0,0,1,0,2,0,26,0,0,0,190,7,0,0,1,0,0,0,1,1,1,0,0,1,0,0,0,0,0,0,0,0,0,0,22,0,0,0,0,5,0,0,0,0,1,0,0,0,0,0,23,0,3,0,3,0,0,0,0,2,0,0,3,0,0,1,0,0,0,0,3,4,1,1,52,0,0,0,0,2,0,2,2,0,0,0,0,0,0,5,0,0,0,12,1,0,0,0,0,0,0,3,0,0,0,0,0,0,0,0,0,0,0,11,61,0,1,0,0,0,0,3,0,1,0,1,0,3,0,0,0,1,0,1,8,0,3,3,1,0,13,0,0,1,0,0,0,0,0,0,0,1,0,0,0,6,0,1,0
145,1872,COLEGIO ESTADUAL PROFESSORA IARA BERGMANN,"RUA REINALDO DE CARVALHO-BOLA, 101  GANCHINHO",SITIO CERCADO,-25.5537784,-49.2468779,72,0,3339,2599,233,115,0,6,0,5,31,2,4,0,0,28,2,0,0,5,1,0,0,1,1,2,3,0,0,0,4,0,0,1,38,16,20,21,17,0,0,2,0,0,0,0,1,0,2,2,0,0,0,0,0,2,0,17,0,0,0,3,0,0,6,9,0,12,2,0,0,0,1,0,0,62,2,0,4,0,1,0,0,0,0,0,2,5,1,0,0,0,3,5,0,0,0,0,1,0,43,2,23,3,2,113,0,0,4,4,3,4,25,78,60,0,1,4,64,1,0,3,7,0,0,0,0,0,0,0,10,1,0,0,0,0,2,0,5,0,0,0,0,3,0,0,0,2,2,1,0,0,0,8,0,1,0,3,0,4,0,0,0,0,0,0,0,0,16,0,0,0,0,0,0,0,0,0,1,0,0,0,1,0,0,0,0,0,0,37,0,0,12,0,1,0,1,7,0,144,0,7,0,2,1,2,0,8,0,0,0,0,4,0,1,1,0,0,2,6,0,0,61,35,2,1,9,19,0,2,66,2,2,0,12,0,1,0,34,0,4,0,0,0,79,1,88,1,0,0,0,0,0,3,0,0,0,0,0,0,0,0,0,0,0,0,0,0,0,0,0,166,0,0,5,0,2,0,0,0,1,0,26,2,1,0,152,14,0,0,0,0,0,3,0,0,0,1,0,3,0,2,0,0,0,0,0,0,0,0,8,0,0,0,0,2,0,2,0,0,0,0,0,0,0,0,45,1,0,0,12,0,0,0,0,0,1,0,2,0,0,3,1,4,1,0,3,1,2,0,62,0,2,0,0,3,1,0,1,0,0,0,0,0,1,5,0,0,2,82,5,2,0,0,0,2,0,0,0,0,0,0,0,0,2,0,0,0,0,7,26,0,0,0,0,2,3,2,0,1,0,2,0,1,0,0,0,2,0,0,7,0,0,2,6,0,15,0,0,0,1,4,0,0,0,0,0,0,0,0,0,17,0,2,0
145,1880,ESCOLA MUNICIPAL PROFESSORA MIRACY RODRIGUES DE ARAUJO,"RUA JOSE BASSA, 1175",SITIO CERCADO,-25.5441466,-49.256883,65,0,3439,2867,188,127,0,5,4,7,27,1,2,0,0,28,1,1,0,8,0,0,0,0,1,2,3,0,1,0,9,0,0,0,64,9,38,22,3,0,0,2,0,0,0,1,0,0,4,10,0,1,0,0,0,5,1,20,0,0,0,3,0,2,8,3,0,8,2,0,0,1,0,1,0,47,1,0,1,0,1,0,0,0,0,0,0,31,0,0,0,1,5,1,0,0,0,0,0,0,19,0,17,1,1,121,0,1,6,1,3,2,14,69,107,1,0,3,79,0,1,8,5,1,4,0,0,0,0,0,21,0,0,0,1,0,0,0,1,0,0,0,0,1,0,0,1,0,0,1,0,0,0,10,0,0,0,10,7,12,0,2,0,0,1,0,0,0,22,0,0,0,0,1,1,0,0,0,2,0,0,0,3,0,0,1,0,0,0,60,1,2,17,1,0,1,0,8,0,212,0,10,0,5,8,1,0,4,0,0,0,0,4,0,0,1,0,0,8,6,0,0,12,34,3,0,15,31,1,0,75,2,2,0,10,0,0,0,30,0,3,0,0,0,91,4,74,0,0,0,0,0,0,3,0,0,0,0,0,0,0,1,0,0,0,0,0,0,0,0,0,204,1,1,10,1,0,2,1,0,0,0,15,0,0,0,196,2,0,0,1,1,0,2,0,1,0,1,1,1,0,0,0,0,0,0,0,0,0,0,17,0,0,1,2,1,0,2,0,0,0,0,0,0,0,0,65,0,0,0,8,0,0,0,0,0,0,0,1,0,0,0,4,6,1,0,3,0,0,1,75,0,0,0,0,9,0,3,2,0,0,0,1,3,0,12,0,0,2,76,4,0,0,0,0,0,0,1,0,0,0,0,0,0,1,0,0,0,0,10,39,0,1,0,0,0,4,1,0,0,0,0,0,6,0,0,0,1,0,0,8,0,0,1,1,0,27,0,0,1,0,3,0,0,0,0,0,0,0,1,0,6,0,1,1
145,1899,COLEGIO ESTADUAL PROFESSORA ETELVINA CORDEIRO RIBAS,"RUA MIGUEL RAICOSKI SOBRINHO, S/N",PINHEIRINHO,-25.5273167,-49.2748244,66,0,3120,2467,212,82,0,3,1,5,25,4,5,2,0,23,0,0,1,9,0,0,0,1,1,1,5,1,0,0,11,1,0,0,44,11,50,18,6,0,0,1,0,0,0,0,1,0,0,1,0,0,0,1,0,3,0,18,2,0,2,1,0,0,8,17,0,10,2,0,0,2,0,0,0,40,0,0,2,3,0,0,0,0,1,0,0,17,0,0,0,0,4,0,0,0,0,0,0,0,20,0,13,2,6,130,0,0,3,2,4,1,2,56,85,1,0,5,51,0,0,0,7,0,0,0,0,0,0,0,15,0,0,0,0,0,0,2,6,0,0,1,0,0,0,0,0,1,0,4,0,0,0,7,0,1,0,0,1,4,0,0,0,0,0,0,0,0,29,0,0,0,0,0,0,2,0,0,0,0,0,0,1,0,0,1,0,1,0,23,0,1,7,0,1,2,0,19,0,163,0,9,0,2,5,2,0,9,0,0,0,0,3,0,1,2,0,0,2,9,0,0,9,23,5,1,6,35,2,1,58,0,0,1,18,0,0,1,19,0,3,0,0,0,71,1,89,0,2,0,0,0,0,0,0,0,0,1,0,0,0,0,0,0,0,0,0,4,0,0,0,188,0,0,7,0,0,0,3,0,0,2,21,0,0,0,206,1,0,0,1,1,0,1,0,0,0,0,0,2,0,0,0,0,0,0,0,0,0,0,17,0,0,0,0,1,1,0,0,0,0,0,0,0,0,0,42,0,0,0,6,0,0,1,0,0,3,0,0,0,0,1,2,4,0,0,6,3,3,0,79,0,0,0,0,2,0,0,3,1,0,0,1,0,0,5,0,0,2,38,0,0,2,0,0,0,0,4,0,0,0,0,0,0,0,0,0,0,0,5,19,0,0,0,3,0,4,0,0,1,3,0,0,3,0,0,2,0,0,2,3,0,1,1,0,0,14,0,1,0,1,2,0,0,1,0,0,0,0,0,0,9,0,0,0
145,1910,ESCOLA MUNICIPAL MADRE TERESA DE CALCUTA,"RUA DES. VATEL GONÇALVES PEREIRA, 60, SÍTIO CERCADO",SITIO CERCADO,-25.5371018,-49.2545578,65,0,2990,2520,168,100,0,2,1,3,34,3,1,0,5,27,1,1,0,2,0,0,0,0,2,3,10,0,0,0,8,0,0,0,22,14,17,12,4,0,0,2,0,0,2,2,0,0,0,7,0,1,1,0,0,3,1,17,0,0,0,0,0,0,7,7,2,9,2,0,0,0,1,0,0,36,0,0,3,0,0,0,0,0,2,0,0,27,0,0,0,0,7,1,0,0,0,0,0,0,13,6,11,0,7,92,1,0,1,0,8,1,15,43,94,0,0,7,55,0,2,3,8,0,4,0,0,0,0,0,23,1,1,0,0,0,1,0,1,0,1,0,0,1,0,0,0,0,1,0,0,1,0,7,0,0,0,10,3,7,0,0,0,3,0,0,0,0,34,0,0,1,0,0,0,0,0,0,0,0,0,0,0,0,0,0,0,0,0,32,0,2,6,1,0,0,0,3,0,131,0,12,0,7,5,0,0,13,0,1,0,0,4,0,0,0,0,0,6,9,0,0,12,22,2,5,18,39,2,1,81,1,2,0,7,0,2,1,23,0,3,0,0,0,66,1,84,0,0,0,0,0,0,1,0,0,0,0,0,0,0,0,0,0,0,0,0,0,1,0,0,213,0,1,6,0,0,0,0,0,1,0,21,3,1,0,236,1,0,0,0,2,0,0,0,0,0,0,0,3,0,0,0,0,0,0,0,0,0,0,14,0,0,1,0,1,0,3,1,0,0,1,0,0,0,1,42,0,0,0,7,0,0,0,0,0,0,0,0,1,0,2,0,8,1,0,1,8,2,0,102,0,2,0,0,6,0,5,1,0,0,0,0,0,0,5,0,2,2,44,5,0,0,0,0,0,0,1,1,0,0,0,0,0,1,0,0,0,0,1,44,0,0,0,2,0,5,1,0,1,2,3,0,0,0,0,0,0,0,0,6,1,1,1,0,0,26,0,1,0,0,2,0,0,0,0,0,0,0,1,2,8,0,0,0
145,1929,ESCOLA MUNICIPAL VEREADORA LAIS PERETTI,"RUA IZABEL RAKSA VOLUZ, 271, PINHEIRINHO",PINHEIRINHO,-25.530075,-49.2824783,66,0,1355,1125,87,28,0,3,1,4,12,1,0,1,1,16,0,0,0,4,0,0,0,1,0,1,4,1,0,0,2,0,0,0,34,9,15,8,0,0,0,0,0,0,0,2,0,0,0,5,0,0,1,0,0,1,0,6,0,0,0,3,0,0,4,4,0,3,0,0,0,0,0,0,0,16,0,0,0,0,0,0,0,0,1,0,1,6,0,1,0,0,54,0,0,0,0,0,0,0,1,0,6,0,2,40,0,1,1,0,1,0,2,27,28,0,0,6,33,0,0,1,1,0,0,1,0,0,0,0,6,1,0,0,0,0,0,0,1,0,0,0,0,0,0,0,0,0,0,0,0,0,0,6,0,0,0,1,0,3,0,0,0,0,0,0,0,0,17,0,0,0,0,0,0,0,0,0,0,0,0,0,0,0,0,0,0,0,0,9,0,1,11,0,0,0,0,10,0,44,0,0,0,0,3,1,0,0,0,0,0,0,3,0,0,0,0,0,4,6,0,0,6,15,7,0,4,23,0,0,25,0,0,0,1,0,0,0,16,0,3,0,0,0,33,1,33,0,0,0,1,0,0,0,0,0,0,0,0,0,0,0,0,0,0,0,0,0,0,0,0,94,0,0,4,1,0,0,0,0,0,0,9,0,0,0,70,1,0,0,0,0,0,3,0,0,0,3,0,0,0,0,0,0,0,0,0,0,0,0,7,0,0,0,0,0,0,0,0,0,0,0,0,0,0,0,26,0,0,0,4,0,0,0,0,1,0,0,0,0,0,2,3,3,0,0,0,0,0,2,28,0,0,0,1,0,2,0,0,0,0,0,0,0,0,0,0,0,1,22,1,1,1,0,0,0,0,0,0,0,0,0,0,0,0,0,0,0,0,4,11,0,0,0,2,0,2,0,0,0,1,0,0,0,0,0,0,0,0,0,3,0,0,5,0,0,6,0,0,0,0,0,0,0,0,0,0,0,0,0,0,13,0,1,0
145,1937,ESCOLA MUNICIPAL PAULO FREIRE,"RUA OLÍVIO DOMINGOS LEONARDI, 162, SÍTIO CERCADO",SITIO CERCADO,-25.5468428,-49.2676633,65,0,2970,2393,168,101,0,0,1,4,36,1,1,0,4,25,0,0,0,11,0,0,0,2,0,5,5,1,1,1,12,0,0,0,44,9,28,13,7,0,0,0,0,0,0,0,0,0,1,9,0,0,1,0,1,4,0,16,0,0,0,1,0,0,7,5,0,11,4,1,0,0,0,0,0,41,2,0,5,0,2,1,0,0,1,1,1,39,0,0,0,0,1,0,0,0,0,0,0,0,20,0,19,1,3,96,1,0,4,2,1,0,10,53,79,0,0,6,67,0,0,0,2,0,2,0,0,1,0,0,17,0,0,0,0,0,1,0,0,0,0,0,0,2,0,0,0,0,0,0,0,0,0,5,0,0,0,8,1,6,0,1,0,0,0,0,0,0,24,0,0,0,0,1,0,0,0,0,0,0,0,0,0,0,0,0,0,0,0,45,1,2,6,0,0,0,1,10,0,130,0,7,0,6,2,0,0,5,0,1,0,1,1,0,0,0,0,0,4,11,0,0,17,35,3,2,8,28,2,2,53,0,3,0,1,0,0,0,33,0,2,1,0,0,68,0,72,0,0,0,0,0,1,0,0,0,0,0,0,0,0,0,0,0,0,0,0,0,0,0,0,216,0,0,15,0,0,0,0,0,1,0,19,1,0,0,139,0,0,0,2,0,1,1,0,0,0,1,0,3,0,1,0,0,0,0,0,0,0,0,9,0,0,0,0,0,0,1,0,0,0,0,0,0,0,1,64,0,1,0,11,0,0,0,0,0,1,0,0,0,0,1,1,10,2,0,0,10,6,4,65,0,0,0,0,3,0,4,4,1,2,0,0,0,0,5,0,0,2,51,2,2,1,0,0,0,0,1,0,0,1,0,0,0,1,0,0,0,0,8,28,1,1,0,1,1,1,0,0,0,0,1,0,3,1,0,0,2,0,3,10,0,5,4,0,0,14,0,0,0,0,3,0,0,0,0,0,0,0,1,0,6,0,0,0
145,1945,COLEGIO NOSSA SENHORA DO SAGRADO CORAÇÃO,"RUA NICOLA PELLANDA, 699  PINHEIRINHO",PINHEIRINHO,-25.5345778,-49.295633,66,0,2760,2247,152,91,0,2,1,7,14,6,0,1,0,40,1,1,0,7,0,0,0,2,2,0,3,0,0,0,11,0,0,1,18,11,29,10,7,0,1,0,0,0,0,0,0,0,0,2,0,0,0,1,0,2,0,15,0,0,0,2,0,0,11,12,1,7,5,1,0,0,0,0,0,33,0,0,0,0,0,2,1,0,1,1,0,12,1,0,0,0,8,0,0,0,0,0,0,0,17,0,14,1,3,92,0,0,4,3,3,2,5,25,51,0,0,0,52,0,3,1,5,0,0,0,0,0,0,0,19,1,0,0,0,0,1,0,2,1,0,0,0,1,0,1,3,1,0,2,0,0,0,8,0,1,0,4,3,7,0,2,0,2,0,0,0,0,27,0,1,0,0,0,0,1,0,0,1,0,0,0,2,0,0,0,0,0,0,18,4,1,14,0,0,1,0,3,0,124,0,11,0,5,3,0,0,7,1,1,0,0,7,0,0,2,0,0,9,11,1,0,19,38,6,3,13,47,2,1,77,1,0,0,1,0,0,0,16,0,2,0,0,0,60,0,64,0,0,1,0,0,0,0,0,0,0,0,1,0,0,0,0,0,0,0,0,1,0,0,0,213,0,0,8,0,0,0,2,0,2,0,28,1,0,0,226,2,0,0,0,0,0,3,0,1,0,0,0,1,0,0,0,0,0,0,1,0,0,0,14,0,0,0,0,3,1,1,0,0,0,1,1,0,0,0,35,0,1,0,5,0,0,0,1,0,1,0,0,0,0,3,0,9,3,0,6,0,3,0,56,0,0,0,0,4,1,1,4,1,0,0,0,0,0,5,0,0,2,18,0,0,1,0,0,0,0,3,0,1,0,0,0,0,0,0,0,0,0,6,27,0,0,0,2,1,7,1,0,1,0,3,0,3,0,1,0,0,0,1,5,0,1,2,0,0,11,0,2,0,0,1,0,0,0,0,0,0,0,4,1,7,0,3,0
145,2178,COLEGIO ESTADUAL FLAVIO FERREIRA DA LUZ,"RUA JOÃO CISLINSKI, 51  SÍTIO CERCADO",SITIO CERCADO,-25.5450599,-49.2714966,65,0,4031,3189,238,116,0,4,1,3,30,2,3,0,2,26,1,1,0,5,0,0,0,0,1,3,7,1,0,0,21,0,0,0,40,12,31,26,6,0,3,0,0,0,0,2,0,0,0,11,0,0,0,3,0,0,2,21,0,2,1,5,0,0,8,11,0,27,3,0,0,0,0,1,0,44,0,0,5,0,0,0,0,0,0,1,0,33,1,0,0,0,3,2,0,1,0,0,0,0,22,1,15,0,3,138,0,2,4,0,6,6,11,54,102,0,0,5,86,0,0,2,8,1,1,1,0,0,0,0,27,0,0,0,0,1,1,0,2,0,0,0,0,2,0,0,0,0,1,0,0,0,1,2,0,0,0,6,4,4,1,0,0,2,0,0,2,0,17,0,0,0,0,0,0,1,0,0,1,0,0,0,1,0,0,1,0,0,0,52,3,3,16,0,0,0,0,7,0,256,0,20,0,7,4,0,2,8,1,1,0,0,1,0,0,1,0,0,7,10,1,1,27,22,6,2,14,45,0,3,84,0,2,0,3,1,0,0,40,1,9,0,0,1,79,2,123,0,0,0,0,0,0,1,1,0,0,4,1,0,0,0,0,0,0,0,2,0,0,1,0,274,0,0,10,0,1,0,0,0,2,0,23,0,0,0,277,7,0,0,2,0,0,2,0,0,1,2,0,1,0,2,0,1,0,0,0,0,0,0,23,0,0,0,0,4,0,2,0,0,0,0,1,0,0,2,55,0,0,0,7,0,0,0,0,0,0,0,0,0,0,1,1,5,2,0,6,3,2,0,89,0,0,0,0,5,1,2,4,2,0,0,0,0,1,13,0,0,1,53,0,1,0,0,0,0,0,3,0,0,0,0,0,0,3,0,0,0,0,6,28,0,1,0,1,0,6,2,0,0,1,6,0,1,0,2,0,1,1,1,4,0,0,1,1,0,19,0,0,0,0,0,0,1,0,1,0,0,0,3,0,10,1,4,0
145,2186,COLEGIO ESTADUAL INEZ VICENTE BOROCZ,"RUA IGNEZ DE LOURDES GOMES DE MACEDO, 331, SÍTIO CERCADO",SITIO CERCADO,-25.537895,-49.2559233,65,0,3116,2468,209,106,0,0,1,3,24,3,0,0,0,29,1,2,0,5,0,2,0,3,0,2,4,0,0,0,9,0,0,3,37,17,11,16,9,0,1,1,0,0,1,1,0,0,0,8,0,0,0,0,0,0,0,15,0,0,0,0,1,0,5,3,1,8,1,0,0,1,0,1,0,28,1,0,3,2,1,0,0,0,0,0,0,24,0,0,0,0,2,0,1,0,0,0,0,0,15,2,4,2,6,130,0,1,2,0,4,3,17,35,85,0,0,2,62,0,0,2,12,2,1,1,0,0,0,0,29,1,0,1,0,0,0,0,4,1,2,0,0,1,0,0,0,1,0,0,0,0,0,4,0,1,0,11,2,4,0,0,1,2,0,0,0,0,18,0,0,0,0,0,0,0,0,0,2,0,0,0,0,0,0,2,0,0,0,43,0,7,9,0,0,2,0,4,0,148,0,11,0,2,7,0,1,8,0,1,0,0,3,0,0,0,0,0,4,13,0,0,11,18,2,2,10,34,0,1,68,0,1,0,8,0,0,0,22,0,2,0,0,0,68,1,61,0,0,0,0,0,0,2,0,0,0,0,0,0,0,0,0,0,0,0,0,1,0,0,0,213,0,0,8,0,0,0,2,0,2,1,16,1,0,0,211,1,1,0,0,1,0,1,0,0,0,0,0,6,0,0,0,1,0,0,0,0,0,0,14,0,0,0,0,2,0,0,0,0,0,1,2,0,0,0,48,0,0,0,8,0,0,0,0,1,1,0,0,0,0,5,1,4,1,0,9,4,4,2,78,0,0,0,2,4,1,0,2,0,0,0,0,1,0,4,0,1,1,46,5,0,1,0,0,0,0,3,0,0,0,0,1,0,0,0,0,0,0,3,31,0,0,0,0,0,4,1,1,0,0,2,0,1,4,1,0,0,0,1,3,0,1,2,1,0,21,0,1,0,0,1,0,0,0,0,0,0,0,4,0,5,0,1,1
145,2194,COLEGIO ENERGIA ATIVA,"RUA IZAAC FERREIRA DA CRUZ, 1905  SÍTIO CERCADO",SITIO CERCADO,-25.5355525,-49.283092,65,0,3130,2516,145,108,0,3,0,2,18,5,3,0,0,21,0,0,0,5,0,0,0,1,1,0,3,0,1,0,11,0,0,0,40,11,35,13,6,0,2,0,0,0,0,0,0,0,0,2,0,0,1,0,0,2,1,11,1,0,1,1,0,0,7,3,0,15,5,0,0,0,0,0,0,29,0,0,1,1,0,0,0,0,0,0,0,21,1,0,0,1,6,0,0,0,0,0,0,0,16,3,13,3,4,123,2,1,4,3,6,3,12,40,74,0,0,7,79,0,0,1,7,1,2,0,0,0,1,0,21,0,0,0,0,0,2,0,1,0,0,0,0,1,0,0,1,0,0,1,0,0,0,14,0,0,0,6,4,15,0,0,0,0,0,0,0,1,30,0,0,0,0,0,0,2,0,0,3,0,0,0,0,0,0,0,0,0,0,39,2,0,19,0,0,0,0,9,0,172,0,17,0,3,2,0,1,9,0,0,0,0,9,0,0,0,0,0,6,10,0,1,20,21,4,2,9,39,2,0,59,0,2,1,4,0,0,0,27,0,4,0,0,0,69,1,88,0,0,0,0,0,0,0,0,0,0,0,0,0,0,0,0,0,0,0,0,0,0,0,0,207,0,2,7,1,2,1,1,0,4,0,23,1,0,1,230,1,0,0,0,0,0,1,0,0,0,0,0,3,0,0,0,0,0,0,0,0,0,0,28,0,0,0,0,2,0,1,0,0,0,0,0,0,0,0,34,0,0,0,4,0,0,0,0,1,1,0,0,0,0,2,2,2,0,0,7,4,4,0,78,0,1,0,0,5,0,1,4,1,0,0,1,0,0,9,0,0,2,39,0,1,0,0,0,1,0,1,0,0,0,0,0,0,0,0,0,0,0,6,27,0,0,0,2,0,3,0,0,0,1,0,0,2,0,1,0,3,0,1,4,0,1,2,0,0,22,0,0,0,0,3,0,0,0,0,0,0,0,7,3,5,0,0,0
145,2232,ESCOLA MUNICIPAL DONA LULU,"RUA MILTON MIRAMIR VISINONI, 45, SÍTIO CERCADO",SITIO CERCADO,-25.5401782,-49.25157,65,0,2314,1872,135,90,0,2,1,5,24,3,0,0,1,20,1,0,0,4,0,0,0,2,3,1,2,0,0,1,7,1,0,0,39,13,30,19,8,0,0,0,0,0,0,0,0,0,0,11,0,0,0,0,0,1,0,7,0,0,2,0,0,0,4,2,0,5,0,0,0,0,0,0,0,34,1,0,2,0,0,0,0,0,0,1,0,21,0,0,0,0,1,0,0,1,0,0,0,0,10,1,10,0,3,92,1,0,4,1,2,1,6,45,60,0,0,5,49,0,0,0,3,0,2,0,0,0,0,0,9,1,0,0,0,0,1,0,0,0,0,0,0,0,0,0,0,0,0,3,0,0,1,2,0,0,0,12,3,2,0,1,0,2,0,0,0,0,14,0,0,0,0,0,0,2,0,0,1,0,1,0,3,0,0,0,0,0,0,32,1,1,10,0,0,0,0,4,0,111,0,2,0,4,0,0,0,4,2,0,0,0,0,0,0,0,0,0,3,8,0,2,11,19,1,2,12,16,0,1,59,0,2,0,4,0,0,0,17,1,3,0,0,0,54,2,62,0,0,0,0,0,0,0,0,0,0,0,0,0,0,0,0,0,0,0,0,1,0,0,0,126,0,1,2,1,0,0,1,0,1,0,17,1,0,0,127,2,0,0,0,0,0,0,0,0,0,0,0,2,0,1,0,0,0,0,2,0,1,0,14,0,0,0,0,0,0,2,0,0,0,0,2,0,0,0,53,0,0,0,5,0,0,0,0,1,0,0,0,0,0,1,3,7,2,0,5,2,2,0,60,0,0,0,1,1,2,1,0,0,0,0,0,0,0,5,0,0,0,32,13,0,0,0,0,0,0,2,0,0,0,0,0,0,0,0,0,0,0,0,16,0,0,0,0,0,2,1,0,0,0,2,0,1,0,0,0,1,0,0,7,0,0,1,0,0,18,0,0,0,0,0,0,0,0,0,0,0,0,1,0,9,1,2,0
145,2240,COLEGIO ESTADUAL PROFESSOR GUIDO ARZUA,"RUA MANDIRITUBA, 2100, SÍTIO CERCADO",SITIO CERCADO,-25.5503699,-49.2686535,65,0,3145,2397,198,106,0,3,0,4,30,4,2,0,3,17,2,0,0,3,0,0,0,2,2,2,3,0,0,0,23,0,0,0,27,16,33,19,8,0,0,0,0,0,0,0,0,0,1,4,0,0,0,0,1,3,1,11,0,0,0,2,0,0,1,2,0,17,3,0,0,0,0,1,1,45,1,0,4,0,1,0,1,0,2,0,0,21,1,0,0,0,1,1,0,0,0,0,0,0,25,0,6,0,2,108,1,0,2,0,3,0,17,40,82,0,0,4,66,0,0,4,10,0,2,0,0,0,1,0,24,0,0,2,0,0,0,3,1,0,1,0,0,3,0,0,3,0,0,0,0,0,0,4,0,0,0,5,5,3,0,0,0,1,0,0,0,1,16,2,0,0,1,0,0,3,0,0,0,0,0,0,4,0,0,0,0,0,0,32,0,2,7,0,0,0,0,5,0,150,0,13,0,1,5,1,1,8,0,0,0,0,1,0,0,0,0,0,5,13,1,0,20,27,3,2,17,22,3,0,58,1,3,0,10,0,1,0,23,1,3,0,0,0,69,2,83,0,0,0,0,0,0,0,0,0,0,1,0,1,0,0,0,0,0,0,0,0,0,0,0,177,0,0,10,0,1,0,2,0,4,0,20,0,0,0,161,5,0,0,0,0,0,1,0,0,0,1,0,0,0,2,0,0,0,0,0,0,0,0,9,0,0,0,0,0,0,2,0,0,0,0,0,0,0,0,42,0,0,0,8,0,0,0,0,0,0,0,0,0,0,4,3,6,0,0,3,2,4,2,84,0,1,0,0,11,1,0,0,0,0,0,0,0,0,2,0,0,0,53,0,2,0,0,0,0,1,3,0,0,0,0,0,0,0,0,0,0,0,13,17,0,0,0,3,1,2,5,0,1,0,3,0,0,0,0,0,5,0,1,6,0,2,0,0,0,18,1,2,0,0,0,0,0,0,0,1,0,0,1,0,5,0,0,0
145,2259,ESCOLA MUNICIPAL PROFESSORA NATHÁLIA DE CONTO COSTA,"RUA EDUARDO PINTO DA ROCHA, 6077 - UMBARÁ",UMBARA,-25.5661091,-49.2784695,73,0,3157,2652,173,99,0,7,0,6,17,3,0,0,1,14,2,0,0,8,0,0,0,0,1,3,4,1,0,0,3,0,0,0,20,10,53,8,5,0,0,0,0,0,0,0,0,0,0,6,0,0,0,0,0,6,0,18,0,0,0,0,1,0,19,8,1,10,1,3,0,1,1,0,0,51,1,0,1,0,1,0,0,0,0,0,0,11,0,0,0,0,0,0,0,0,0,0,0,0,21,3,11,1,0,119,1,0,2,4,1,5,8,26,63,0,1,4,61,0,1,4,4,2,3,1,0,0,0,0,25,1,0,0,0,0,0,1,1,0,0,0,0,0,0,0,0,0,0,5,0,2,0,13,0,0,0,1,1,12,0,0,1,2,0,0,0,0,45,1,0,0,0,0,0,0,0,0,0,0,0,0,1,0,0,0,0,0,0,41,1,2,20,0,0,0,1,6,0,172,0,11,0,8,9,1,0,8,0,0,0,3,15,0,0,0,0,0,2,9,1,0,16,40,1,11,6,49,0,2,65,0,2,0,19,0,0,0,12,0,2,1,0,0,101,5,92,0,3,1,0,0,0,0,0,0,0,0,0,0,0,0,0,0,0,0,0,0,0,0,0,226,0,0,16,0,0,1,1,0,1,1,36,2,0,0,221,5,0,0,0,0,0,3,0,0,0,0,0,4,0,0,0,1,0,0,0,0,0,0,19,0,0,0,0,0,0,0,0,1,0,0,0,0,0,0,50,0,0,0,6,0,0,2,0,1,1,0,0,0,0,1,2,5,1,0,9,4,5,1,83,1,0,0,0,17,1,1,2,1,0,0,0,0,1,3,0,0,2,31,1,0,0,0,0,1,0,2,0,0,0,0,0,0,0,0,0,0,0,4,40,0,0,0,0,0,2,1,0,1,0,1,0,0,0,2,0,1,0,3,12,1,2,9,0,0,15,1,0,0,0,2,0,0,0,0,0,0,0,2,0,5,0,0,1
145,2267,ESCOLA MUNICIPAL HERACLITO FONTOURA SOBRAL PINTO,"RUA LUCIO DE OLIVEIRA LARA, 75",SITIO CERCADO,-25.5576533,-49.2571067,65,0,1914,1523,126,47,0,6,0,3,22,1,1,0,0,8,3,0,1,6,0,2,1,2,2,1,0,0,0,0,1,0,0,0,27,7,28,9,5,0,0,3,0,0,0,0,1,0,0,0,0,0,0,0,0,1,0,11,0,0,0,0,0,0,3,6,0,3,0,0,0,0,0,0,0,37,1,0,2,0,3,0,0,0,0,0,1,9,0,0,0,0,0,2,0,0,0,0,0,0,15,0,9,1,1,51,2,1,5,1,3,1,19,27,50,0,0,3,42,0,0,3,8,0,0,0,0,0,0,0,9,2,0,0,0,0,0,0,0,1,0,0,0,0,0,0,0,0,0,0,0,0,0,6,0,1,0,4,0,1,0,2,0,0,0,0,0,0,20,0,0,0,0,0,0,1,0,0,0,0,0,0,0,0,0,0,0,0,0,29,0,2,7,0,1,0,0,7,0,84,0,3,0,0,1,0,0,6,0,0,0,0,4,0,0,0,0,0,11,5,0,0,36,10,4,1,2,21,0,0,31,0,1,0,3,0,1,0,16,0,5,2,0,1,37,0,53,0,0,1,1,0,0,2,0,0,0,0,0,0,0,0,0,0,0,0,0,1,1,0,0,127,0,0,10,0,0,0,0,0,0,0,4,2,0,0,98,4,0,0,0,0,0,0,0,0,0,0,1,0,0,1,0,0,0,0,0,0,0,0,5,0,0,0,1,1,0,0,0,0,0,0,1,0,0,0,29,0,0,0,10,0,0,0,0,1,0,0,0,0,0,0,0,2,0,0,3,3,3,2,45,0,0,0,0,9,1,0,0,0,0,0,0,1,2,4,0,0,0,25,1,0,0,0,0,0,0,0,0,0,1,0,0,0,1,0,0,0,0,3,11,1,0,0,0,0,2,0,0,0,0,4,0,0,0,0,0,2,0,1,6,1,1,0,0,0,8,0,0,0,0,3,0,0,0,0,0,0,0,1,1,8,0,1,0
145,2283,COLEGIO NOVO EDEN,"RUA MANDIRITUBA, 1327  SÍTIO CERCADO",SITIO CERCADO,-25.5449817,-49.2725063,65,0,3550,2822,194,105,0,5,0,4,29,4,1,0,1,25,1,0,0,10,0,0,0,0,2,1,2,0,0,0,12,1,0,0,25,16,32,19,11,0,0,1,0,0,0,0,1,0,0,13,0,1,0,1,0,5,1,19,0,0,0,2,1,0,9,5,0,5,3,0,1,0,0,1,0,44,0,0,2,0,0,1,0,0,0,1,0,25,0,0,0,0,2,1,0,0,0,0,1,0,10,1,4,1,4,129,1,0,5,1,3,6,6,51,97,1,1,5,82,0,1,4,4,0,0,0,0,0,0,0,24,0,0,1,0,0,1,0,2,1,0,1,0,2,0,0,0,1,0,0,0,0,0,11,0,0,0,3,4,12,0,0,0,1,0,0,1,0,27,0,0,2,0,0,0,0,0,0,1,0,0,0,1,0,0,2,0,0,0,36,0,3,24,1,0,0,0,9,0,180,0,8,0,2,5,1,0,6,0,0,0,0,4,0,0,0,0,0,10,12,0,1,26,35,5,6,12,36,3,1,76,0,1,0,3,0,0,0,28,0,4,0,0,0,76,1,94,0,0,0,0,0,0,0,0,0,0,0,0,0,0,0,0,0,0,0,0,3,0,2,0,270,0,1,8,0,0,0,2,1,0,0,24,3,0,1,239,10,0,0,0,0,0,1,0,0,0,2,0,5,0,1,0,1,0,0,0,0,0,0,30,0,0,0,0,2,0,1,0,0,0,0,0,0,0,0,51,0,1,0,9,0,0,0,0,0,0,2,1,0,0,2,3,6,2,0,9,4,7,3,66,0,3,0,0,7,2,0,2,1,0,0,1,0,0,7,0,0,5,43,2,0,0,0,0,0,0,3,0,0,0,0,0,0,1,0,0,0,0,7,33,1,1,0,0,0,3,0,0,0,0,3,0,2,0,0,0,2,0,0,7,0,2,5,0,0,21,0,0,0,1,3,0,0,0,0,0,0,0,4,0,4,0,3,0
145,2372,UNIFACEAR - CAMPUS SÍTIO CERCADO,"RUA MERCÚRIO, 463",SITIO CERCADO,-25.5321684,-49.2665969,65,0,1749,1395,90,55,0,1,1,1,9,0,1,0,1,7,1,0,0,5,0,0,0,0,1,0,1,1,0,1,6,0,0,0,37,6,11,12,4,0,0,1,0,0,0,0,0,0,0,5,0,0,0,0,1,3,1,14,0,0,0,1,0,0,8,4,0,4,1,0,0,0,0,1,0,22,2,0,0,1,0,1,0,0,0,0,0,6,0,0,0,0,5,1,0,0,0,0,0,0,5,1,7,0,2,83,1,0,4,0,2,1,8,36,33,0,0,2,46,0,0,0,4,0,0,0,0,0,0,0,16,0,0,0,0,0,0,0,1,0,0,0,0,0,0,0,0,0,0,5,0,0,0,1,0,0,0,4,3,1,0,0,0,1,0,0,0,0,25,0,0,0,0,0,0,2,0,0,0,0,0,0,1,0,0,1,0,1,0,16,0,0,6,0,0,0,0,10,0,82,0,2,0,1,0,1,1,7,0,0,0,0,3,0,0,0,0,0,4,6,0,0,8,16,3,0,3,14,0,1,27,0,0,0,1,0,0,0,13,0,4,0,0,0,39,1,44,0,0,1,0,0,0,0,0,0,0,0,0,0,0,0,0,0,0,0,0,0,0,0,0,113,0,1,7,0,0,0,0,0,3,0,12,0,0,0,111,3,0,0,4,0,0,1,0,0,0,0,0,0,0,0,0,1,0,0,0,0,0,0,17,0,0,0,0,0,0,0,0,0,0,0,0,0,1,0,18,0,0,0,6,0,0,0,0,0,2,1,0,0,0,2,5,0,1,0,4,0,0,1,39,0,2,0,0,1,0,1,0,0,0,0,1,0,0,8,0,0,0,40,0,0,0,0,0,0,1,1,0,0,0,0,0,0,1,0,0,0,0,6,8,0,0,0,0,0,3,0,0,0,1,0,0,1,0,0,0,1,0,0,5,0,0,2,0,0,6,0,1,0,0,0,0,0,0,0,0,0,0,0,0,6,0,1,0
145,2380,CMEI JAYME CANET JUNIOR,"RUA EDVALD RIBAS BORBA, 45",SITIO CERCADO,-25.5318783,-49.2632667,65,0,1424,1142,79,44,0,2,1,2,9,0,0,0,2,14,2,0,0,3,0,0,0,1,1,2,5,0,0,0,2,1,0,0,19,7,14,7,6,0,0,0,0,0,0,0,0,0,0,1,0,0,0,0,0,3,0,10,0,0,0,0,0,0,2,1,0,6,0,0,0,0,0,0,0,22,0,0,1,1,0,0,0,0,1,0,0,6,0,0,0,0,1,0,0,0,0,0,0,0,5,2,2,0,3,44,0,0,2,1,2,0,6,23,25,0,0,1,29,0,0,1,5,0,1,0,0,0,0,0,9,1,1,0,0,0,0,0,0,0,0,0,0,0,0,0,0,0,0,1,0,0,0,2,0,0,0,2,2,2,0,0,0,1,0,0,0,0,20,1,0,0,0,0,0,2,0,0,0,0,0,0,0,0,0,0,0,0,0,9,0,1,7,0,0,0,1,6,0,64,0,5,0,1,1,0,0,6,0,0,0,0,4,0,0,0,0,0,1,4,0,0,7,13,3,3,2,24,2,3,26,0,2,0,4,1,0,0,19,0,1,0,0,0,23,1,40,0,0,0,1,2,0,0,0,0,0,0,0,0,1,0,0,0,0,0,0,0,0,0,0,93,0,0,12,0,0,0,1,0,2,0,6,2,0,0,87,0,0,0,1,0,0,0,0,0,0,0,0,2,0,0,0,0,0,0,0,0,0,0,12,0,0,0,0,0,0,1,0,0,0,0,0,0,0,0,27,0,0,0,3,0,0,0,0,1,0,0,0,0,0,4,2,1,0,0,1,2,0,1,38,0,0,0,0,1,1,1,0,0,0,0,0,0,0,2,0,0,1,36,0,0,0,0,0,0,0,2,0,0,0,0,0,0,0,0,0,0,0,3,7,0,0,0,0,1,1,0,0,0,0,1,0,0,1,1,0,0,0,0,3,0,1,3,0,0,7,0,0,1,0,0,0,0,0,0,0,0,0,1,1,5,0,0,0
145,2399,PARÓQUIA NOSSA SENHORA DO SAGRADO CORAÇÃO,"RUA NICOLA PELLANDA, 545",PINHEIRINHO,-25.5333283,-49.2956333,66,0,1930,1543,110,59,0,1,0,2,14,2,2,0,1,20,0,0,0,2,0,1,0,1,1,1,3,0,0,0,2,0,0,0,13,11,19,6,2,0,0,0,0,0,0,0,0,0,0,6,1,0,0,0,0,2,1,10,0,0,0,0,0,0,7,7,0,7,2,1,0,0,0,0,0,14,0,0,2,1,0,1,0,0,0,0,1,17,0,0,0,0,7,2,0,0,0,0,0,0,15,1,3,0,1,83,0,0,4,1,3,3,5,20,58,0,1,7,28,0,0,1,5,0,0,1,0,0,0,0,7,0,0,0,0,0,0,0,1,0,0,2,0,2,0,0,1,0,0,0,0,0,0,2,1,0,0,2,0,7,0,0,0,0,0,0,0,0,18,0,0,0,0,0,0,1,0,0,0,0,0,0,1,0,0,1,0,0,0,11,0,0,7,0,0,0,0,7,0,95,0,5,0,3,6,0,0,1,0,0,0,0,4,0,0,0,0,0,2,6,0,0,13,14,0,2,4,25,0,1,43,1,1,0,9,0,0,0,11,0,4,0,0,0,41,1,59,0,0,0,0,0,0,0,0,0,0,0,0,0,0,0,0,0,0,0,0,1,0,0,0,145,0,0,4,0,0,0,2,0,4,0,12,2,0,1,121,4,1,0,0,0,0,0,0,0,0,0,0,3,0,0,0,0,0,0,0,0,0,0,13,0,0,0,0,3,0,0,0,0,0,0,0,0,0,0,33,0,0,0,4,0,0,0,0,1,0,0,1,0,0,2,2,1,1,0,3,2,0,0,50,0,0,0,0,4,0,0,2,2,0,0,0,0,0,10,0,0,1,9,2,0,1,0,0,0,0,2,0,0,0,0,1,0,0,0,0,0,0,1,26,0,0,0,1,0,2,0,0,0,0,1,0,2,0,0,0,0,0,0,8,1,0,2,1,0,15,0,0,0,1,1,0,0,0,0,0,0,0,2,1,4,0,0,0
145,2402,PARÓQUIA SÃO JOSÉ DAS FAMÍLIAS,"RUA DR. LEVY BUQUERA, 150",SITIO CERCADO,-25.52897,-49.2687717,65,0,1660,1325,108,46,0,0,0,0,16,2,0,0,1,18,1,0,0,2,0,0,0,0,1,0,6,0,1,0,4,0,0,0,28,5,11,12,3,0,0,0,0,0,0,1,0,0,0,0,0,2,1,0,0,3,0,18,0,0,0,1,0,0,4,3,0,5,1,0,0,0,0,0,0,22,0,0,1,0,0,0,1,0,0,0,0,6,0,0,0,0,2,1,0,0,0,0,0,0,12,2,3,0,1,61,0,0,1,3,2,0,7,25,47,0,0,4,31,0,0,3,3,2,2,0,0,0,0,0,22,0,0,0,0,0,0,0,2,0,0,0,0,1,0,0,0,1,1,2,0,0,0,1,0,1,0,4,2,2,0,1,1,0,1,0,0,0,12,0,0,0,0,0,0,2,0,0,0,0,0,0,2,0,0,0,0,0,0,13,0,1,9,1,0,0,0,7,0,82,0,5,0,1,2,0,0,6,0,0,0,0,1,0,0,0,0,0,5,2,0,0,5,18,3,0,4,29,1,2,29,0,0,0,1,0,0,0,7,0,2,1,1,0,28,0,39,0,0,0,0,0,0,0,0,0,0,0,0,0,0,0,0,0,0,0,0,0,0,0,0,138,1,0,4,0,0,0,2,0,0,0,7,1,1,0,112,6,0,0,0,0,0,0,0,0,0,0,1,0,0,1,0,0,0,0,0,0,0,0,9,0,0,0,0,2,0,1,0,0,0,0,0,0,0,0,17,0,0,0,5,0,0,0,0,1,2,0,0,0,0,1,1,2,0,0,4,0,0,0,34,0,0,0,0,2,3,0,0,0,0,0,0,0,0,5,0,0,0,11,1,0,0,0,0,0,0,0,0,0,0,0,0,0,0,0,0,0,0,1,11,0,0,0,1,0,0,0,0,0,0,0,0,1,0,0,0,0,0,0,2,0,1,0,0,0,11,1,0,0,0,3,0,0,0,0,0,0,0,2,0,6,1,0,0
174,1015,COLÉGIO ESTADUAL GOTTLIEB MUELLER,R BOM JESUS DE IGUAPE   3333,BOQUEIRAO,-25.493599,-49.2387471,56,0,2007,1578,83,48,0,4,2,4,16,1,0,0,0,22,0,0,1,4,0,2,0,1,0,0,3,1,0,0,2,0,0,0,21,12,24,16,9,0,0,0,0,0,0,3,0,0,2,1,0,0,2,1,0,2,1,5,0,0,0,1,1,0,3,8,0,9,5,0,0,0,0,0,0,20,0,0,1,0,0,0,0,0,0,0,0,6,0,0,0,0,0,0,0,0,0,0,0,0,15,2,4,1,0,62,0,0,1,1,2,4,8,29,76,0,0,1,28,0,0,1,2,2,2,2,0,0,0,0,7,1,0,1,0,0,0,0,2,0,1,0,0,1,0,0,0,1,0,0,0,0,0,6,0,0,0,3,0,5,0,1,0,0,0,0,0,0,23,0,0,0,0,0,0,0,0,0,0,0,0,0,6,0,0,0,0,0,0,16,1,0,11,1,0,0,0,2,0,99,0,9,0,1,4,0,1,7,0,0,0,0,0,0,0,0,0,0,2,6,0,0,18,12,5,2,10,18,3,0,58,1,1,0,11,0,0,0,23,0,1,0,0,0,28,1,50,0,0,1,0,0,0,0,0,0,0,0,0,0,0,1,0,0,0,0,1,1,0,0,0,188,0,1,9,0,0,0,6,0,3,0,25,0,0,0,117,3,0,0,0,0,1,4,0,0,0,3,0,0,0,1,0,0,0,0,0,0,0,0,11,0,0,0,0,3,0,1,0,0,0,0,1,0,0,4,16,0,0,0,1,0,0,0,0,0,0,0,0,0,0,2,0,1,3,0,1,2,0,0,32,0,0,0,0,1,0,1,2,0,0,0,0,0,2,0,0,0,2,12,0,0,0,0,0,2,0,2,0,0,0,0,1,0,0,0,0,0,0,1,18,0,3,0,1,0,2,0,0,0,0,1,0,1,0,0,0,2,0,0,0,0,1,3,0,0,15,0,0,0,0,4,0,0,0,0,0,0,0,2,0,6,0,0,0
174,1023,ESCOLA  MUNICIPAL LAPA,"R DIOGO MUGGIATTI, 1292",BOQUEIRAO,-25.5106019,-49.2284863,56,0,2893,2308,133,74,0,8,2,3,17,3,5,1,3,31,0,3,0,8,1,0,1,0,0,0,4,0,0,0,4,0,0,0,20,8,77,10,15,0,3,1,0,0,0,1,0,0,0,3,0,0,1,0,0,1,0,14,0,0,0,1,0,0,1,15,0,15,5,0,0,0,0,0,0,34,0,0,2,0,1,0,0,0,0,4,0,9,0,0,0,0,0,0,0,0,0,0,0,0,18,0,8,3,2,71,2,0,1,0,1,2,6,50,71,1,0,1,64,0,0,3,1,0,1,0,0,0,0,0,9,0,0,1,0,0,0,0,0,0,0,0,0,1,0,0,0,0,0,0,0,0,0,6,0,0,0,5,4,15,0,4,1,2,0,0,0,0,25,0,1,0,0,0,0,0,0,0,0,0,2,0,3,0,0,0,0,0,0,31,0,4,11,0,0,0,0,3,0,100,0,24,0,4,9,0,0,7,0,0,0,0,7,0,0,0,0,0,2,6,2,0,21,19,6,5,9,37,1,2,89,0,2,0,9,1,0,1,25,0,2,1,0,0,102,0,91,0,0,0,0,0,0,0,0,0,0,0,0,0,0,0,0,0,1,0,0,9,0,0,0,254,0,0,7,0,0,0,1,0,0,0,28,4,0,0,167,1,0,0,2,0,0,0,0,0,0,1,0,0,0,0,0,0,0,0,0,0,0,0,14,0,1,0,0,2,0,0,0,0,0,0,0,1,0,0,35,0,1,0,13,0,1,0,0,1,0,0,0,0,0,0,1,2,1,0,7,4,1,2,54,0,0,0,0,5,1,1,2,5,0,0,2,0,0,0,0,0,1,20,0,1,0,0,0,0,2,4,0,0,0,0,0,0,2,0,0,0,0,2,32,1,1,0,1,1,3,0,0,0,0,2,0,3,0,0,0,1,0,2,2,0,0,1,0,0,18,0,0,3,0,0,0,0,0,0,0,0,0,4,1,8,0,0,0
174,1031,COLÉGIO ESTADUAL PROFESSORA LUIZA ROSS,"R MAESTRO CARLOS FRANK, 616",BOQUEIRAO,-25.5157323,-49.2248042,56,0,4394,3434,228,110,0,9,2,4,23,3,1,1,1,41,1,1,0,11,0,0,1,2,1,4,6,0,1,0,11,2,0,0,21,17,79,12,18,0,0,4,0,0,1,0,2,0,1,5,0,0,4,0,0,4,2,10,0,0,0,1,1,0,9,22,1,43,2,0,0,0,0,0,0,46,1,0,1,0,1,0,0,0,0,0,1,14,0,0,0,0,0,1,0,0,0,1,1,0,18,0,6,2,2,156,0,0,8,1,4,4,8,89,88,1,0,1,108,0,1,4,8,0,3,0,0,0,0,1,19,0,0,0,0,0,1,0,1,0,1,0,0,1,0,0,1,8,0,4,0,0,1,6,0,0,0,4,1,26,0,3,0,4,1,0,0,0,45,1,0,0,0,0,0,0,0,0,2,1,0,0,3,0,0,0,0,0,0,38,1,2,20,0,0,0,0,2,0,178,0,20,0,1,10,0,0,4,0,0,0,0,4,0,0,1,0,0,6,8,2,0,57,33,4,15,13,33,1,1,116,5,0,0,14,0,1,0,29,0,3,1,0,0,135,0,90,0,0,4,0,0,0,2,0,0,0,0,0,0,0,1,0,0,0,0,0,7,1,0,0,319,0,0,9,0,0,0,3,1,5,0,23,1,0,0,286,4,3,0,5,4,0,0,0,0,1,5,0,4,0,1,0,0,0,0,0,0,0,0,21,0,0,0,0,5,2,1,0,0,0,2,0,0,0,0,39,0,0,0,4,0,0,0,0,4,0,0,0,0,0,1,2,12,1,0,8,4,4,0,120,0,0,1,0,4,3,2,2,2,0,0,2,0,1,1,0,0,0,53,0,0,2,0,0,0,0,0,0,0,1,0,0,0,3,0,0,0,0,13,40,0,0,0,0,2,3,3,0,0,0,4,0,3,1,0,0,1,0,5,4,0,1,10,0,0,33,0,2,0,0,1,0,0,0,0,2,0,0,2,4,14,1,3,1
174,1040,ESCOLA MUNICIPAL PROFESSOR GERMANO PARCIORNIK,"R JOAQUIM CARDOSO DA SILVEIRA, 187",BOQUEIRAO,-25.506847,-49.2216816,56,0,2631,2105,154,79,0,10,2,5,15,0,0,0,0,19,0,0,0,7,0,0,1,1,0,0,7,0,0,1,6,0,0,1,43,9,78,10,22,0,0,0,0,0,2,0,0,0,2,0,0,0,4,0,0,0,0,2,0,0,1,2,0,0,1,11,0,14,0,0,0,0,0,1,0,45,0,0,2,0,1,0,1,0,0,0,0,6,0,0,0,0,1,0,1,0,0,0,0,0,18,1,9,0,1,81,0,2,3,4,1,0,8,47,49,1,0,1,54,0,0,1,7,0,2,0,0,0,0,0,6,0,0,0,0,1,0,0,0,1,0,1,0,0,0,0,0,15,0,2,0,0,0,5,0,0,0,4,0,11,0,2,0,4,0,0,0,0,37,0,0,1,1,0,2,1,0,0,0,0,0,0,0,0,0,0,0,0,0,21,0,0,15,0,0,0,0,2,0,111,2,21,0,1,0,1,0,7,0,0,0,0,2,0,0,0,0,0,8,11,0,1,19,23,5,3,5,17,2,0,62,1,0,1,18,0,0,1,30,0,1,0,0,0,83,1,61,0,0,2,0,0,0,0,0,0,0,0,0,0,0,0,0,0,0,0,1,5,0,0,0,160,0,2,3,0,1,0,0,0,2,1,23,0,0,0,155,2,0,0,0,0,0,0,0,0,0,0,0,0,0,1,0,0,0,0,0,0,0,0,7,0,1,0,0,4,0,0,0,0,0,0,2,0,0,0,31,0,0,0,9,0,0,0,0,0,0,0,0,0,0,0,0,2,1,0,8,1,0,0,83,0,1,0,0,3,0,2,1,0,0,0,0,0,0,0,0,0,0,15,0,0,0,0,0,0,0,4,0,0,0,0,0,0,0,0,0,0,0,3,17,0,0,0,1,0,2,0,0,0,0,0,0,0,1,0,0,0,0,0,2,0,1,9,1,0,20,0,1,0,0,2,0,0,0,0,0,0,0,6,6,11,1,1,0
174,1058,ESCOLA MUNICIPAL NOSSA SENHORA DO CARMO,"RUA CARLOS DE LAET, 4130",BOQUEIRAO,-25.4982755,-49.2354496,56,0,1411,1142,66,31,0,2,1,3,6,0,0,0,0,17,1,0,0,4,0,0,0,0,1,1,1,1,0,0,2,0,0,0,17,8,14,4,8,0,1,2,0,0,0,0,0,0,0,1,0,0,10,0,0,3,0,8,0,0,0,0,0,0,4,4,0,8,0,0,0,0,0,0,0,13,0,0,0,0,0,0,0,0,0,1,1,4,0,0,0,0,1,0,1,0,0,0,0,0,7,0,1,0,1,45,0,0,3,0,1,0,5,30,33,1,0,0,21,0,0,1,7,2,0,0,0,0,0,0,9,0,0,0,0,0,0,0,0,0,0,0,0,0,0,0,0,1,0,1,0,0,0,4,0,0,0,1,0,5,0,1,1,0,0,0,0,0,16,0,0,0,0,0,0,0,0,0,1,0,0,0,2,0,0,0,0,0,0,14,0,0,10,0,0,0,0,1,0,55,0,14,0,0,6,2,0,5,0,0,0,0,2,0,0,0,0,0,2,5,1,0,8,15,2,0,7,11,1,0,39,0,0,0,5,0,0,0,8,0,0,0,0,0,40,0,37,0,0,0,0,0,0,0,0,0,0,0,0,0,0,0,0,0,0,0,0,1,0,0,0,122,0,1,6,0,0,0,0,0,1,0,11,1,0,0,111,1,0,0,3,0,0,1,0,0,0,0,0,2,0,3,0,0,0,0,0,0,0,0,4,0,0,0,0,3,0,0,0,0,0,0,0,0,0,1,21,0,0,0,3,0,0,0,1,0,0,0,0,0,0,0,1,3,0,1,0,1,0,0,27,0,0,0,0,4,0,0,0,0,0,0,1,0,1,2,0,0,0,9,0,0,0,0,0,0,0,2,0,0,0,0,0,0,0,0,0,0,0,2,18,0,0,0,0,0,0,0,0,0,0,0,0,0,0,0,0,0,0,2,3,0,4,2,0,0,12,0,0,0,0,1,0,0,0,0,0,0,0,4,1,4,0,0,0
174,1066,COLEGIO PROFESSOR VICTOR DO AMARAL,RUA BOM JESUS DE IGUAPE 4065,BOQUEIRAO,-25.4998085,-49.2355829,56,0,4541,3501,219,138,0,7,2,6,30,3,2,0,0,40,0,0,0,10,0,0,0,0,1,4,5,1,0,0,8,0,0,0,39,13,45,14,24,0,0,0,0,0,0,1,0,0,0,1,1,0,18,0,1,3,0,12,0,0,0,0,0,0,13,23,0,20,2,0,0,0,0,0,0,57,0,0,1,0,1,1,0,0,0,0,0,18,0,0,0,0,0,4,0,0,0,0,0,0,15,0,7,1,2,131,2,1,12,3,2,1,16,49,119,1,0,0,75,0,2,7,10,0,2,0,0,0,0,0,28,1,0,0,0,0,1,1,2,1,0,1,0,3,0,0,1,4,0,0,0,0,0,18,0,2,0,4,0,8,0,1,0,2,1,0,1,2,52,0,0,0,0,0,0,1,0,0,2,0,2,1,1,0,0,0,0,0,0,39,0,5,32,2,0,2,0,0,0,203,0,22,0,3,7,0,0,7,0,0,0,0,3,0,1,0,0,0,8,22,0,0,27,65,8,2,25,55,0,2,123,2,1,0,15,0,0,0,30,1,1,0,0,2,90,1,124,0,0,0,0,0,0,2,1,0,0,0,0,0,0,0,0,0,0,0,0,8,0,0,0,366,0,2,17,0,0,0,2,0,5,0,42,4,0,0,271,2,0,0,4,0,0,2,0,0,0,1,1,3,0,2,0,0,0,0,0,0,0,0,19,0,0,0,0,6,1,0,0,0,0,0,0,0,1,2,41,0,0,0,5,0,0,1,0,1,0,0,0,0,0,1,2,5,2,1,9,0,0,0,126,0,0,0,1,12,0,1,4,1,0,0,1,0,1,3,0,0,2,39,2,2,0,0,0,0,0,1,0,1,0,0,1,3,0,0,0,0,0,7,44,0,2,0,0,0,3,1,0,2,1,1,0,5,2,0,0,1,0,2,11,2,1,7,0,0,32,0,2,1,0,3,0,0,0,0,0,0,0,5,3,13,0,0,0
174,1074,ESCOLA MUNICIPAL WENCESLAU BRAZ,"RUA O BRASIL PARA CRISTO, 2090",BOQUEIRAO,-25.5024866,-49.2275987,56,0,2170,1745,126,75,0,5,0,2,15,1,0,0,0,25,0,0,0,4,0,2,0,1,0,0,2,0,1,0,7,0,0,0,28,6,12,5,12,0,2,0,0,1,1,0,0,0,0,8,0,0,4,0,0,5,0,1,0,0,0,0,0,0,2,9,0,9,0,0,0,1,0,0,0,29,1,0,0,0,0,0,0,0,0,0,0,12,0,0,0,0,0,0,0,0,0,0,0,0,12,0,4,0,1,89,0,0,2,1,3,0,4,47,54,0,0,2,40,0,0,0,1,1,3,0,0,0,0,0,14,0,0,0,0,0,3,0,0,0,0,0,0,1,0,0,0,12,0,0,0,0,0,4,2,1,0,2,3,5,0,0,0,1,0,0,0,0,19,0,0,0,0,0,0,0,0,0,0,0,1,0,1,0,0,0,0,0,0,13,0,0,4,0,0,1,0,1,0,97,0,22,1,4,5,1,0,6,0,0,0,0,1,0,0,0,0,0,1,13,0,1,10,20,3,3,9,24,2,0,45,1,1,0,15,0,0,0,21,0,3,0,0,0,77,0,51,0,0,0,0,0,0,0,0,0,0,0,0,0,0,0,0,0,0,0,0,1,0,0,0,155,0,1,3,0,0,0,1,0,0,0,24,1,0,0,134,3,0,0,1,0,0,3,0,0,0,0,0,1,0,1,0,0,0,0,0,0,0,0,15,0,0,0,0,1,0,0,0,0,0,0,0,0,0,1,21,0,0,0,5,0,0,0,0,0,0,0,0,0,0,0,3,6,0,0,0,3,0,0,61,0,0,0,0,0,2,3,0,0,1,0,2,0,0,1,0,0,0,15,1,1,0,0,0,0,0,1,0,0,0,0,0,0,0,0,0,0,0,1,16,0,0,0,0,0,2,0,0,0,0,1,0,0,0,1,0,1,0,0,9,0,1,6,0,0,17,0,0,0,0,2,0,0,0,0,0,0,0,4,0,7,1,1,0
174,1090,COLÉGIO ESTADUAL PAULINA PACIFICO BORSARI,"RUA DR. JOAQUIM SILVEIRA DA MOTTA, 484",GUABIROTUBA,-25.4635573,-49.2375085,23,0,2409,2008,64,64,0,0,0,1,22,4,0,0,0,18,0,0,0,5,0,0,0,0,0,1,6,0,0,0,5,0,0,0,17,9,6,0,6,0,1,1,0,0,0,0,0,0,0,7,1,3,0,0,0,4,0,9,0,0,0,2,0,0,11,13,0,8,0,1,0,0,0,0,0,25,0,0,0,0,0,0,0,0,1,0,0,24,0,0,0,0,0,1,0,1,0,0,0,0,3,1,3,0,0,128,0,0,7,0,3,2,5,59,70,0,0,3,76,0,1,1,5,0,1,2,0,0,0,0,12,0,0,0,0,1,0,0,0,1,0,0,0,0,0,0,0,2,0,1,0,0,0,9,0,0,0,2,1,12,0,0,0,0,0,0,0,0,35,0,0,0,1,1,0,0,0,0,0,0,0,0,1,0,1,0,0,1,0,15,0,1,13,0,0,0,0,0,0,53,0,30,0,0,1,1,0,10,1,0,0,0,4,0,1,1,0,0,2,8,0,4,7,23,1,0,24,17,1,0,80,0,1,0,4,0,0,0,8,0,1,0,0,0,39,0,59,0,0,0,0,0,0,1,0,0,0,0,0,0,0,0,0,0,0,0,0,0,0,0,1,282,0,0,11,0,0,0,1,0,4,0,23,1,0,0,193,1,0,0,5,0,0,2,0,0,5,0,0,4,0,0,0,0,0,0,0,0,0,0,12,0,0,0,0,2,1,0,0,0,0,0,0,1,0,0,10,0,2,0,2,0,0,1,0,4,0,0,0,0,0,1,0,13,4,0,0,0,0,0,67,0,0,0,0,6,0,3,0,0,0,0,1,0,0,1,0,0,0,23,0,2,0,0,0,0,0,4,0,0,6,0,0,0,0,0,0,0,0,3,31,0,0,0,1,0,3,2,0,0,1,2,0,2,0,0,1,2,0,1,5,0,1,17,0,0,16,0,0,0,0,3,0,0,0,0,0,0,0,10,2,2,0,1,0
174,1104,COLÉGIO ESTADUAL ISOLDA SCHMID,"R ANNE FRANK, 1553",HAUER,-25.4802349,-49.2465677,38,0,4389,3483,180,96,0,12,2,6,27,3,3,1,2,37,1,0,0,10,0,0,0,0,2,4,9,1,0,0,13,0,0,1,35,30,26,24,19,0,1,1,0,0,0,3,1,0,2,7,0,0,9,1,0,5,0,11,0,0,0,4,0,0,11,12,0,13,1,2,0,0,0,0,0,43,0,0,0,0,0,0,0,0,1,0,0,20,0,0,0,0,1,1,0,0,0,0,0,0,12,0,8,2,3,179,2,0,13,1,6,0,19,70,123,1,0,3,109,0,1,2,6,0,2,0,0,0,0,0,42,0,0,0,0,0,0,0,2,1,0,0,0,1,0,0,0,1,0,0,0,0,0,16,1,3,0,7,3,15,0,0,0,2,0,1,0,0,55,0,0,0,0,0,0,1,0,0,1,0,1,1,7,0,0,1,0,0,0,52,0,0,34,2,0,1,0,0,1,177,0,25,0,5,12,0,0,29,1,0,0,0,2,0,0,2,0,0,6,16,0,1,20,55,4,9,19,29,0,0,104,0,4,0,9,0,0,4,43,0,6,0,0,0,69,0,71,0,3,3,1,0,0,2,0,0,0,0,0,0,0,0,0,0,0,0,0,19,2,0,0,365,1,0,16,0,1,0,4,0,4,0,34,4,1,0,287,6,0,0,7,1,0,3,0,1,0,4,0,8,0,0,0,0,0,0,0,0,0,0,26,0,0,0,0,0,0,0,0,0,0,0,0,0,0,0,27,0,0,0,6,0,0,0,0,0,1,2,0,1,0,1,1,3,1,0,6,3,6,1,121,0,0,0,0,4,1,10,1,2,1,0,0,0,0,2,0,0,11,53,0,0,0,3,0,1,2,2,0,0,0,0,0,0,1,0,0,0,0,4,66,0,0,0,1,0,1,1,0,1,0,3,1,3,2,0,0,0,0,1,6,1,7,13,1,0,39,1,1,0,1,8,0,0,0,0,0,0,0,2,0,11,0,1,0
174,1112,COLEGIO ESTADUAL PROFESSOR JOSE GUIMARAES,"R PRESIDENTE PADUA FLEURY, 418",HAUER,-25.4756717,-49.24802,38,0,3069,2470,118,94,0,8,2,3,21,4,2,0,2,34,0,0,0,6,0,0,0,1,0,0,5,0,0,0,12,1,0,0,21,14,14,10,12,0,0,0,0,0,0,0,0,0,0,2,0,1,5,0,0,3,0,7,0,0,0,2,0,0,3,9,0,12,3,0,0,0,1,0,0,21,0,0,3,0,0,0,0,0,0,1,0,18,0,0,0,0,0,0,0,0,0,1,0,0,8,0,5,0,4,121,0,1,5,1,8,3,6,31,69,1,0,2,79,0,0,1,11,1,2,0,0,0,0,0,36,0,0,0,0,0,1,1,1,0,1,0,0,1,0,0,0,2,0,0,0,0,0,10,0,1,0,1,5,22,0,6,0,0,0,2,0,0,34,0,0,1,0,2,0,0,0,0,2,0,0,0,5,0,0,0,0,0,0,22,1,5,22,0,0,0,0,5,1,183,0,22,2,7,9,0,0,17,0,0,0,0,6,0,0,2,0,0,3,10,0,1,10,23,1,23,9,30,0,3,81,0,3,0,4,1,0,0,38,0,1,0,0,0,58,1,85,0,1,1,0,0,1,1,0,0,0,0,0,0,0,0,0,0,0,0,0,2,0,0,0,253,1,1,16,1,0,0,1,0,6,0,32,3,1,0,182,1,0,0,6,0,0,2,0,0,0,4,0,1,0,0,0,0,0,0,0,0,0,0,12,0,0,0,0,2,2,0,0,0,0,0,0,0,0,0,22,0,0,0,5,0,0,0,0,1,0,0,0,0,0,1,2,5,4,0,1,0,2,1,73,0,0,0,0,2,3,3,1,0,0,0,2,0,1,4,0,0,7,19,0,0,0,0,0,1,1,5,0,0,1,0,1,0,2,0,0,0,0,10,29,0,0,0,0,0,0,1,0,0,0,0,0,1,2,1,0,1,0,0,4,1,1,12,1,0,26,2,1,0,1,1,0,0,0,0,0,0,0,2,0,11,0,1,0
174,1120,CEI ERICO VERISSIMO,"RUA CAMPINA DA LAGOA, 418",ALTO BOQUEIRAO,-25.5315779,-49.2549249,64,0,4634,3547,232,112,0,8,2,6,42,2,3,0,1,45,0,0,1,7,0,0,0,3,1,1,10,0,0,0,7,0,0,0,44,19,25,36,18,0,1,1,0,0,0,6,0,0,3,2,0,0,0,4,0,3,0,11,0,0,0,3,1,0,2,14,0,16,7,0,0,0,0,0,0,48,0,0,3,0,0,1,0,0,2,0,2,19,0,0,0,1,0,4,0,1,0,0,0,0,35,3,12,0,5,148,0,1,8,2,2,5,11,67,133,0,0,7,74,1,1,2,2,0,2,0,0,0,0,0,37,0,0,2,0,0,0,0,2,1,0,1,0,2,0,0,0,3,1,2,0,0,1,16,0,0,0,12,1,11,0,0,0,3,0,0,1,0,51,1,0,0,0,0,0,0,0,0,0,0,0,1,1,0,0,1,0,2,0,62,1,2,15,0,1,0,0,7,0,190,0,21,1,4,10,0,0,11,0,0,0,0,2,0,0,1,0,0,7,7,1,0,35,50,2,8,13,73,1,0,109,3,0,0,15,0,0,0,38,0,1,2,1,0,92,1,116,0,0,3,0,0,0,5,0,0,0,0,0,0,3,0,0,0,0,0,0,2,0,0,0,317,0,0,13,0,1,0,2,0,6,0,39,1,2,0,288,12,0,0,2,0,0,0,0,0,0,0,0,4,0,0,0,1,0,0,1,0,0,0,16,0,0,0,0,1,0,0,0,0,0,0,0,0,0,2,63,0,0,0,18,0,0,1,0,1,0,0,0,0,0,4,7,7,1,0,6,1,4,0,89,0,0,0,0,16,0,0,1,0,1,0,0,0,0,21,0,1,11,60,1,0,0,0,0,0,0,2,0,0,0,0,0,0,1,0,0,0,0,5,50,1,0,0,0,0,4,0,0,1,0,1,0,2,0,1,1,0,1,0,13,1,1,5,0,0,26,1,1,0,1,9,0,9,0,0,0,0,0,4,1,9,1,2,1
174,1139,ESCOLA MUNICIPAL PROFESSOR FRANCISCO HUBERT,"RUA FRANCISCO DEROSSO, 5249",ALTO BOQUEIRAO,-25.5293962,-49.2463085,64,0,5612,4431,288,162,0,11,0,8,45,5,4,1,0,43,1,2,0,22,0,1,1,1,3,4,5,1,0,0,9,0,0,0,48,19,32,28,19,0,0,2,0,0,0,7,0,0,1,3,0,0,0,0,0,3,2,16,2,0,1,1,0,0,11,23,0,27,13,0,1,0,0,0,0,82,0,0,2,0,0,0,0,0,0,0,2,30,0,0,0,0,1,3,0,5,0,0,0,0,27,1,16,1,5,189,3,0,7,7,7,3,23,89,147,3,0,3,143,0,2,1,14,3,1,0,0,0,0,0,32,1,0,0,0,0,0,0,3,0,0,0,0,2,0,0,1,5,0,1,0,0,1,19,0,1,0,5,1,16,0,3,0,4,0,1,0,0,58,1,0,2,0,0,0,2,0,0,0,0,2,0,2,0,0,0,0,0,0,81,3,0,31,0,0,0,1,9,0,246,0,25,0,5,10,0,2,17,0,1,0,0,9,0,0,1,0,1,4,21,3,0,55,37,7,23,38,69,3,0,125,1,2,0,16,0,1,0,22,0,4,0,0,0,141,2,117,0,0,1,2,0,0,1,0,0,0,0,0,0,0,0,0,0,0,0,0,3,0,0,0,432,1,3,13,0,1,0,0,1,5,0,58,5,0,0,330,3,1,0,1,1,0,2,0,0,0,0,0,11,1,0,0,0,0,0,0,0,0,0,31,0,1,1,0,4,0,0,0,1,0,0,0,0,1,0,39,1,0,0,9,0,0,1,1,1,0,0,0,0,0,2,1,3,2,1,3,1,7,0,153,1,0,0,0,16,0,1,1,0,0,0,0,0,2,11,0,2,13,49,2,0,0,0,0,2,0,9,0,0,0,0,1,0,0,0,0,0,0,9,70,0,0,0,1,0,5,1,0,1,2,5,0,0,0,0,0,4,1,0,15,1,3,8,1,0,41,0,0,0,0,6,0,0,0,0,0,0,0,4,0,11,0,0,0
174,1147,CEI MAESTRO BENTO MOSSURUNGA,"RUA CAPITAO ROBERTO LOPES QUINTAS, 198",ALTO BOQUEIRAO,-25.5373316,-49.2382961,64,0,1902,1498,117,35,0,4,1,5,15,1,0,0,0,17,1,0,0,4,0,0,0,1,0,1,2,0,2,0,5,0,0,0,9,6,12,16,5,0,1,0,0,0,0,1,0,0,0,1,0,0,0,0,0,1,0,4,0,0,1,0,0,0,2,8,0,13,0,0,0,0,0,0,0,21,0,0,3,0,1,0,0,0,0,0,0,8,0,0,0,0,0,1,0,1,0,0,0,0,8,2,0,0,2,66,0,1,3,2,1,0,13,29,36,0,1,4,43,0,0,1,2,0,0,1,0,0,0,0,16,0,0,0,0,0,0,0,2,0,0,0,0,1,0,0,0,0,0,0,0,0,1,5,0,0,0,0,1,7,0,0,0,2,0,0,0,0,9,0,0,0,0,0,0,0,0,0,1,0,1,0,0,0,1,0,0,2,0,7,0,0,11,2,0,0,0,1,0,98,0,19,0,0,2,0,0,3,0,0,0,0,5,0,0,0,0,0,1,10,6,0,47,8,2,2,7,23,0,0,48,0,3,0,3,0,0,0,21,0,0,1,0,0,56,0,60,0,0,0,0,0,0,0,0,0,0,0,0,0,0,0,0,0,0,0,0,2,0,0,0,136,0,0,2,0,0,0,0,0,0,0,20,0,0,0,114,2,1,0,0,0,0,1,0,1,1,1,0,1,0,1,0,0,0,0,0,0,0,0,12,0,0,0,0,1,0,0,0,0,0,0,0,0,0,0,19,0,0,0,6,0,0,0,0,0,1,0,0,0,0,0,0,1,1,0,3,0,1,0,32,0,0,0,0,3,0,6,1,0,0,0,0,0,0,5,0,0,1,17,0,3,0,0,0,0,0,0,0,0,0,0,0,0,2,0,0,0,0,0,16,0,0,0,0,0,6,0,0,0,0,0,0,0,0,0,0,0,0,2,4,0,2,3,0,0,15,1,0,0,1,0,0,0,0,0,0,0,0,2,2,10,0,0,0
174,1155,COLÉGIO ESTADUAL LUCIA BASTOS,"RUA CORONEL AMERICO WALGER, 12",ALTO BOQUEIRAO,-25.535869,-49.2391191,64,0,3950,3094,218,123,0,6,1,5,44,3,1,0,2,31,1,0,1,8,1,0,0,1,2,1,8,0,0,1,7,0,1,0,21,18,30,18,12,0,1,1,0,3,1,13,1,0,2,2,0,0,1,0,0,3,1,12,0,0,0,3,2,1,10,13,0,12,7,2,0,0,0,0,0,61,1,0,3,0,3,0,0,0,0,1,1,14,0,0,0,1,1,0,0,3,0,0,1,0,31,0,13,1,4,145,1,1,8,1,2,1,25,66,105,0,0,6,77,3,0,2,6,1,0,0,0,0,0,0,20,0,1,1,0,0,0,0,1,0,0,3,1,1,0,0,0,3,1,0,0,0,1,18,0,0,0,7,3,9,0,0,0,1,0,0,0,0,35,0,0,0,0,0,0,3,0,0,0,1,1,0,1,1,1,0,0,2,0,22,0,5,19,0,0,0,0,7,0,137,0,18,0,4,6,0,0,7,0,0,0,0,1,0,1,0,0,0,4,8,6,0,103,23,3,7,12,52,1,1,88,1,1,0,10,0,0,0,46,0,3,2,0,0,99,0,88,0,2,0,0,0,0,1,0,0,0,0,2,0,2,0,0,0,0,0,0,1,0,1,1,268,0,2,6,0,0,1,3,0,3,0,26,2,0,0,211,4,0,0,0,0,1,3,0,0,0,2,0,2,0,2,0,1,0,0,0,0,1,0,11,0,0,0,0,4,0,2,0,0,0,0,0,1,0,0,42,1,0,0,8,0,0,0,0,0,3,0,2,0,0,1,0,2,1,0,14,1,7,0,99,0,0,0,0,12,1,4,3,0,0,0,0,0,1,2,0,0,3,43,0,1,0,0,0,0,0,2,0,0,0,0,0,0,0,0,0,0,0,15,41,0,0,0,2,0,2,0,0,0,0,2,0,1,0,0,0,2,0,0,6,0,8,2,0,0,33,0,1,1,0,0,0,0,0,1,0,0,0,2,0,8,0,2,0
174,1163,COLEGIO ESTADUAL ROBERTO LANGER JUNIOR,"RUA ALBINO FREDERICO FOERSTER, 04",ALTO BOQUEIRAO,-25.529548,-49.2402975,64,0,5410,4284,286,160,0,11,2,8,35,5,4,0,1,51,0,2,1,17,0,0,0,2,2,5,7,0,1,0,6,0,0,1,32,23,37,25,16,0,1,0,0,1,0,4,0,0,0,2,0,1,2,0,1,8,1,15,2,0,2,2,3,0,12,25,0,32,8,0,0,0,1,1,1,66,1,0,1,1,0,0,0,0,1,0,1,25,0,1,0,0,1,0,0,7,0,1,0,0,26,1,13,1,3,239,0,2,7,5,4,1,24,69,147,0,0,3,109,0,0,2,15,0,1,0,0,0,0,0,40,1,0,0,0,0,1,2,5,3,2,0,0,1,1,0,0,5,0,2,0,0,1,20,0,0,0,6,0,18,0,1,0,3,0,0,0,1,58,0,0,1,0,0,0,4,0,0,4,1,0,0,3,0,0,0,0,2,0,62,3,1,25,0,0,0,0,6,0,267,0,19,0,1,10,1,0,16,0,0,0,0,6,0,1,0,0,0,1,10,0,0,42,53,7,14,36,64,1,3,103,0,4,0,10,0,0,0,33,0,4,2,0,0,139,1,141,0,0,1,0,0,0,0,0,0,0,0,1,0,0,0,0,0,0,0,0,3,0,0,0,390,0,0,16,1,0,0,1,2,1,1,37,3,0,0,353,11,0,0,1,0,0,0,0,0,0,2,0,1,0,1,1,1,0,0,0,0,1,0,28,0,0,1,0,7,1,1,0,0,0,0,0,1,0,0,45,0,0,0,6,0,0,0,0,5,1,0,0,0,0,3,4,9,1,0,3,1,5,0,124,0,0,2,2,7,6,6,6,0,0,0,0,0,1,15,0,0,8,49,2,0,0,0,0,0,1,6,0,0,0,0,0,1,1,0,0,0,1,18,37,0,2,0,2,4,7,0,0,3,0,2,0,4,1,1,0,5,1,3,3,0,2,8,0,0,48,0,0,0,3,5,0,0,1,0,1,0,3,2,0,10,1,3,0
174,1171,COLEGIO ERASTO GAERTNER,RUA PASTOR DAVID KOOP 189,BOQUEIRAO,-25.5083489,-49.252579,56,0,5136,4260,110,72,0,4,2,0,28,3,0,0,1,46,0,1,0,17,0,0,0,1,1,3,7,0,0,0,17,0,0,0,17,16,47,21,21,0,0,1,0,0,0,2,0,1,0,2,0,1,1,1,0,1,0,9,0,0,1,0,1,1,5,17,0,9,3,1,0,0,4,0,0,45,0,0,1,4,0,0,0,0,0,0,1,47,0,0,0,0,1,0,0,0,0,0,0,1,10,1,13,1,2,193,0,0,5,1,3,2,6,75,121,0,0,1,129,0,2,0,15,1,1,0,1,0,0,0,55,1,0,0,0,0,0,0,0,5,0,0,0,2,0,0,0,0,1,1,0,1,0,21,0,1,0,5,7,40,0,6,0,3,0,0,0,0,59,0,2,1,0,0,0,2,0,0,1,0,0,0,1,0,0,0,0,0,0,62,1,0,19,0,0,1,1,3,0,195,0,35,0,3,19,0,4,43,0,0,0,0,5,0,0,0,0,0,4,10,0,0,60,74,1,9,30,47,2,3,135,0,3,0,10,0,0,0,40,0,4,0,0,0,67,0,94,0,0,1,0,0,0,1,0,0,0,0,0,0,0,0,0,0,0,0,0,0,0,0,0,541,0,1,37,0,0,0,2,0,1,0,95,6,0,0,672,5,0,0,2,0,0,11,0,0,0,0,0,4,0,0,0,0,0,0,0,0,0,0,33,0,0,0,0,4,0,2,0,0,0,0,0,2,0,1,39,0,4,0,9,0,0,2,0,2,0,0,0,0,0,0,2,3,4,1,4,7,2,0,100,0,1,0,0,10,0,10,3,1,0,0,1,0,0,4,0,0,22,20,0,0,0,0,0,0,0,4,1,0,0,0,0,0,0,0,0,0,0,14,79,0,0,0,1,1,4,0,0,4,0,3,0,0,1,0,0,0,0,2,11,2,2,24,2,0,39,0,0,0,0,1,0,0,0,0,1,0,0,5,1,7,1,0,0
174,1180,COLÉGIO ESTADUAL EUZEBIO DA MOTTA,"RUA CLARA TEDESCO,  2773",BOQUEIRAO,-25.5032279,-49.2535823,56,0,4538,3730,171,100,0,8,3,3,39,8,0,0,0,32,0,0,1,8,0,1,0,2,1,5,5,0,0,0,5,1,0,0,31,17,36,17,24,0,0,0,0,0,0,0,0,0,2,1,0,0,3,3,0,4,1,9,1,0,3,0,0,0,18,15,0,13,4,0,0,1,0,0,1,57,0,0,1,0,0,4,0,0,0,0,0,30,0,0,0,0,2,0,0,0,0,0,0,0,21,1,5,2,3,166,0,1,7,0,4,3,10,94,131,0,0,3,96,0,2,0,22,0,0,0,0,0,1,0,45,2,0,0,0,0,0,0,2,0,0,0,0,2,0,0,1,0,0,1,0,0,0,8,0,1,0,3,3,27,0,0,0,4,0,0,0,0,62,0,0,0,0,0,0,2,0,0,0,0,0,0,6,0,0,0,0,0,0,41,0,1,27,0,0,0,0,2,1,268,0,31,0,3,9,1,1,29,1,0,0,0,6,0,0,2,0,0,10,25,0,1,35,24,2,6,18,46,1,1,139,0,2,1,16,0,1,0,30,2,4,0,0,0,72,1,105,0,0,4,0,0,0,2,0,0,0,0,0,0,0,0,0,0,0,0,1,0,0,0,0,412,1,1,16,0,1,1,0,0,3,0,39,1,0,0,322,4,0,0,3,0,0,0,0,1,4,1,0,2,0,0,0,0,0,0,0,0,0,0,30,0,0,1,0,3,2,0,0,0,0,0,0,1,0,0,46,0,2,0,10,0,0,2,0,0,1,1,1,1,1,1,2,7,1,1,4,2,4,1,136,0,0,0,0,11,0,10,1,0,0,0,0,0,1,6,0,0,10,33,0,1,1,0,0,1,0,4,0,0,0,0,0,0,1,0,0,0,0,4,60,0,1,0,0,0,5,1,0,0,0,2,0,0,0,0,0,1,0,5,12,0,1,11,2,0,44,0,0,0,0,3,0,0,5,1,0,0,0,5,1,8,0,1,0
174,1198,COLEGIO ADVENTISTA DO BOQUEIRAO,"RUA PROF CLETO DA SILVA, 2260",BOQUEIRAO,-25.488975,-49.2457005,56,0,4456,3525,131,81,0,8,0,2,33,8,2,0,0,36,0,0,0,25,0,0,2,0,0,5,6,0,1,0,9,0,0,0,27,16,25,8,28,0,0,2,0,0,0,0,1,1,0,3,0,0,2,1,0,2,0,9,2,0,1,3,0,0,8,7,1,9,4,0,0,1,1,0,1,46,0,0,1,1,0,1,0,2,0,0,2,41,0,0,0,0,0,0,0,0,0,0,0,0,18,1,11,0,2,181,1,0,4,2,7,2,14,51,113,1,0,0,107,0,1,3,22,2,5,2,0,0,0,0,50,0,0,0,0,0,1,0,3,3,0,0,1,2,0,0,0,1,0,0,0,1,0,11,0,1,0,5,3,18,0,0,1,5,0,0,1,1,45,0,0,1,0,0,0,1,0,0,2,0,0,0,1,0,0,0,0,0,0,36,0,2,26,3,0,0,0,1,0,215,0,19,4,8,7,0,0,13,0,0,0,0,5,0,0,0,0,0,8,17,1,2,21,37,8,3,18,41,1,1,92,0,2,0,16,1,2,0,33,0,6,1,0,1,65,0,94,0,0,0,3,0,0,1,0,0,0,0,0,1,0,0,0,0,0,0,0,0,0,0,0,439,1,1,33,0,0,0,3,0,0,0,52,1,0,1,361,4,0,0,1,3,0,6,0,0,0,2,0,8,0,0,0,0,0,0,0,0,0,0,38,0,0,0,0,0,0,0,0,0,0,0,0,0,0,0,29,1,3,0,3,0,0,1,0,0,0,0,3,0,0,3,1,5,3,0,5,2,10,2,108,0,0,0,0,16,2,6,3,1,0,0,0,0,0,4,0,0,2,15,1,2,0,0,0,4,1,3,0,0,0,0,0,0,0,0,0,0,0,7,85,0,0,1,0,0,10,1,0,0,0,11,0,5,1,0,0,0,0,6,4,2,0,11,0,0,42,0,0,0,0,5,0,0,0,0,0,0,0,4,4,3,0,1,0
174,1201,ESCOLA MUNICIPAL LEONOR CASTELLANO,"RUA MAESTRO CARLOS FRANK, 2114",BOQUEIRAO,-25.5211511,-49.2381588,56,0,3956,3248,147,110,0,6,1,3,32,8,2,0,1,34,1,0,0,11,1,0,0,2,1,0,7,1,0,0,8,0,0,1,23,26,31,20,21,1,2,0,0,0,0,2,0,1,1,1,0,0,2,1,0,3,0,11,0,1,0,0,1,1,8,20,1,14,6,1,0,0,0,0,0,43,0,0,2,0,1,1,0,0,1,0,0,23,0,0,1,0,3,2,0,0,0,0,0,0,23,1,6,3,0,156,0,0,8,2,4,2,9,61,94,0,0,2,98,0,0,3,11,0,0,0,0,0,0,1,33,2,0,0,0,0,0,0,0,0,1,0,1,0,0,0,0,0,0,1,0,1,1,12,0,2,0,3,6,25,0,5,1,4,0,0,0,0,64,0,0,0,0,0,0,3,0,0,0,0,0,0,1,1,0,0,0,0,0,29,6,0,39,0,0,0,0,2,0,158,0,20,0,2,11,0,2,20,0,1,0,0,10,0,1,1,0,0,2,21,0,0,28,50,5,3,17,29,6,0,108,0,2,1,6,0,0,0,29,0,4,0,0,0,65,3,112,0,0,0,0,0,0,1,0,0,0,0,1,0,0,0,0,0,0,0,0,2,1,0,1,341,0,0,15,0,1,0,8,0,5,0,56,5,0,0,291,3,1,0,4,0,0,0,0,0,0,0,0,5,0,1,0,0,0,0,0,0,0,0,18,0,0,0,0,0,0,1,0,0,0,2,0,1,0,0,43,0,0,0,1,0,0,0,0,0,2,0,1,0,0,2,3,7,1,0,6,0,2,0,91,0,0,1,0,6,2,5,5,0,0,0,0,0,1,5,0,0,5,33,0,0,1,0,0,1,0,0,0,0,0,0,0,0,0,0,0,0,0,11,76,0,0,0,0,0,2,0,0,1,0,4,1,6,0,0,0,1,0,2,7,0,4,8,1,0,23,0,0,0,0,2,0,0,0,1,0,0,0,9,1,1,0,2,0
174,1210,ESCOLA MUNICIPAL NIVALDO BRAGA,"RUA PROF JOAO SOARES BARCELOS,  3400",BOQUEIRAO,-25.4786874,-49.2395031,37,0,3253,2679,97,95,0,5,0,4,19,5,1,0,0,15,0,0,0,6,0,0,0,1,0,1,6,0,0,0,10,1,0,0,16,20,19,24,29,0,0,0,0,0,1,0,0,0,0,8,0,2,2,2,0,3,1,9,1,1,4,0,0,0,6,10,0,9,3,2,1,0,0,0,0,42,1,0,0,0,2,1,0,0,1,1,0,17,0,0,0,0,0,1,0,0,0,0,0,0,7,0,6,0,3,127,0,1,7,2,2,0,9,42,84,1,0,2,78,0,1,4,4,0,2,1,0,0,1,1,21,0,0,0,0,0,0,0,1,1,0,0,0,1,0,0,0,2,0,0,0,0,0,15,0,1,0,7,3,19,0,2,0,7,0,0,0,0,41,0,0,0,0,1,0,4,1,0,0,0,0,0,2,0,0,0,0,0,0,41,1,1,16,2,0,0,0,2,0,98,0,20,0,1,16,0,0,15,1,0,0,1,4,0,1,2,0,0,4,3,2,1,21,46,4,5,16,36,0,0,98,1,1,0,12,2,0,1,21,1,3,0,0,0,66,2,73,1,0,1,0,0,0,1,0,0,0,0,0,1,0,0,0,0,0,0,0,0,0,0,0,313,0,0,17,0,0,0,5,0,2,0,41,1,0,0,261,0,2,0,1,0,0,6,0,0,0,0,0,4,0,1,0,3,0,0,0,0,0,0,19,0,0,1,0,0,1,0,0,0,0,1,0,2,0,0,24,0,0,0,8,0,0,0,0,1,1,0,2,1,0,3,0,2,1,1,5,1,0,0,91,0,0,0,0,9,0,5,3,0,0,0,0,0,0,4,0,0,2,26,2,3,0,0,0,0,2,6,0,0,0,0,0,0,0,1,0,0,0,10,48,0,0,0,0,4,1,2,0,0,0,2,0,0,2,0,0,0,0,3,4,0,3,17,3,0,24,0,1,0,0,1,0,0,0,0,0,0,0,1,1,3,0,0,0
174,1228,COLÉGIO ESTADUAL POLIVALENTE DE CURITIBA,"RUA FREDERICO MAURER, 3302",BOQUEIRAO,-25.4983023,-49.2417549,56,0,3365,2729,107,87,0,1,0,3,14,3,0,0,1,18,0,0,0,7,0,0,0,3,0,2,9,0,0,0,19,0,0,0,14,19,18,14,11,0,0,0,0,0,0,0,0,0,1,6,1,0,0,0,1,0,1,2,0,0,0,2,0,0,8,7,0,13,2,0,0,1,0,0,0,35,0,1,0,1,0,0,0,0,0,0,1,16,0,0,0,0,0,0,0,0,0,0,0,0,13,1,7,0,2,134,0,0,6,2,2,0,13,52,88,0,0,3,98,0,1,1,10,0,1,1,0,0,0,0,35,1,0,0,0,0,0,0,2,1,0,0,0,1,0,0,1,1,1,0,0,0,0,9,1,3,0,5,0,26,0,0,0,5,0,0,0,0,49,0,0,0,0,0,1,1,0,0,0,0,0,0,2,1,0,0,0,0,0,22,0,1,21,4,0,0,0,0,0,167,0,23,2,5,8,0,0,8,0,0,0,0,3,0,1,1,0,0,6,21,0,1,22,42,4,6,17,33,0,0,105,0,0,0,12,0,1,0,22,0,2,0,0,0,60,0,94,2,0,2,0,0,0,0,0,0,0,0,0,1,0,0,0,0,0,0,0,0,0,0,0,280,0,1,14,1,0,0,0,1,0,0,33,4,0,0,245,3,1,0,0,0,0,3,0,0,0,1,0,2,0,0,0,0,0,0,0,0,0,0,22,0,0,0,0,2,0,0,0,0,0,2,1,0,0,1,42,0,1,0,4,0,0,0,0,0,1,2,3,0,0,1,2,2,4,0,5,2,6,0,96,0,0,0,0,13,0,3,1,0,0,0,1,0,2,9,0,0,4,21,0,0,0,0,0,1,2,4,0,0,0,0,0,0,0,0,0,0,0,7,38,0,0,0,0,0,0,0,0,0,0,6,1,3,0,1,0,2,0,4,7,0,0,14,0,0,29,0,0,0,0,2,0,0,1,0,0,0,0,4,5,5,0,2,0
174,1236,ESCOLA MUNICIPAL ROLANDIA,RUA DESEMBARGADOR ANTONIO DE PAULA 3451,BOQUEIRAO,-25.5169046,-49.2492765,56,0,3870,3156,155,93,0,6,1,3,22,3,1,1,0,28,1,1,0,11,1,1,0,3,0,3,2,0,0,0,7,0,0,0,16,17,34,19,18,0,0,0,0,0,0,1,0,0,1,5,0,1,3,0,0,6,0,15,0,0,1,0,0,0,6,12,0,7,8,1,0,0,0,1,0,36,0,1,2,1,1,1,0,2,0,3,0,33,0,0,0,0,0,2,0,0,0,0,0,0,8,0,5,2,0,152,0,0,5,4,5,5,17,56,108,0,1,1,87,0,0,1,6,0,2,0,0,0,0,0,24,1,0,0,0,0,0,0,0,1,0,2,0,1,0,0,0,0,0,0,0,0,0,16,0,0,0,13,2,29,0,3,1,1,0,0,0,0,61,0,0,0,0,2,0,0,0,0,0,1,0,0,4,0,0,1,0,0,0,40,1,1,30,0,0,0,0,3,0,141,1,16,0,0,8,0,1,9,0,0,0,0,9,0,0,0,0,0,2,14,1,1,17,44,5,8,19,38,0,0,83,1,9,0,13,0,4,0,43,0,8,0,0,0,73,0,103,0,0,2,0,0,0,4,0,0,0,0,0,0,0,0,0,0,0,0,0,1,0,0,0,372,0,0,15,2,0,0,1,0,2,1,54,1,0,0,276,1,0,0,5,5,0,1,0,0,0,2,1,3,0,0,0,0,0,0,0,0,0,0,22,0,0,0,0,1,0,0,0,0,0,0,0,0,0,0,50,0,0,1,10,0,1,1,0,1,0,0,1,0,0,6,2,1,1,0,3,0,3,1,103,1,0,2,2,11,4,3,2,0,0,0,1,0,1,8,0,0,6,29,1,0,0,0,0,0,0,1,0,0,1,0,0,0,1,0,0,0,0,10,54,0,0,1,4,2,0,1,0,0,0,3,0,2,0,0,2,1,1,0,4,0,2,12,0,0,31,0,0,0,0,4,0,0,0,0,0,0,0,5,5,8,0,1,1
174,1244,CEI PROFESSORA TEREZA MATSUMOTO,"RUA CHANCELER OSWALDO ARANHA, 965",HAUER,-25.4919799,-49.2616805,56,0,2472,2034,101,68,0,2,2,2,23,1,1,1,1,26,0,1,0,9,0,0,0,0,0,1,5,1,0,3,10,0,1,0,19,11,14,8,8,0,0,0,0,0,0,3,0,0,1,4,0,0,1,0,0,0,0,5,0,0,0,4,0,0,6,23,0,11,0,0,1,0,0,0,0,33,0,0,2,1,1,0,1,0,1,0,1,15,0,0,0,0,0,0,0,0,0,0,0,0,7,1,8,0,0,81,0,0,3,3,3,3,7,48,46,0,0,1,70,0,0,0,3,0,1,0,0,0,0,0,22,0,0,0,0,0,0,0,0,0,0,1,0,1,0,0,0,2,0,1,0,0,1,4,0,0,0,2,1,16,0,4,0,1,0,0,0,0,34,0,0,2,0,0,0,0,0,0,0,0,0,0,3,0,0,0,0,0,0,25,0,0,21,0,0,0,0,2,0,118,0,18,0,0,5,0,0,7,0,0,0,0,3,0,0,1,0,0,4,7,0,0,6,26,3,2,8,28,0,1,61,0,0,0,12,0,0,0,27,0,2,0,0,0,27,0,51,0,0,0,0,0,0,0,0,0,0,0,0,0,0,0,0,0,0,0,0,2,0,0,0,207,0,0,12,1,0,1,3,1,3,0,22,1,0,2,176,0,0,0,2,0,0,10,0,0,0,0,0,1,0,0,0,0,0,0,0,0,0,0,12,0,1,0,0,3,0,3,0,0,0,0,0,0,0,0,24,0,0,0,1,0,0,0,0,3,1,1,0,0,0,5,4,6,0,0,2,0,4,2,59,0,0,0,0,8,2,4,1,0,0,0,0,0,1,16,0,0,28,31,0,2,0,0,0,0,0,1,0,0,1,0,0,0,2,0,0,0,0,5,40,0,0,0,0,0,3,0,0,0,0,0,0,1,1,0,0,2,0,4,3,0,0,3,0,0,11,0,1,1,0,3,0,0,0,0,0,0,0,0,0,6,0,0,0
174,1252,CEEP CENTRO ESTADUAL DE EDUCAÇÃO PROFISSIONAL DE CURITIBA,R FREDERICO MAURER  3015,BOQUEIRAO,-25.495496,-49.242995,56,0,3433,2762,130,95,0,1,1,3,26,4,0,0,0,25,0,0,1,11,1,2,1,2,2,5,5,1,1,0,8,0,0,0,17,16,23,5,20,0,0,1,0,0,1,0,0,2,0,6,0,0,0,1,0,3,1,5,0,0,1,0,0,0,3,6,0,8,9,1,1,0,3,0,0,39,0,0,0,0,0,0,0,0,1,0,0,35,0,0,0,0,0,0,0,0,1,0,0,0,10,1,6,0,0,176,0,0,4,2,4,2,6,56,126,0,0,4,114,1,2,3,7,1,1,0,0,0,1,0,40,1,0,1,0,0,1,0,1,0,0,0,0,1,0,0,0,2,0,0,0,1,0,14,0,4,0,1,2,23,0,6,0,3,0,0,0,0,32,0,0,0,0,0,0,1,0,0,1,0,0,0,0,0,0,0,0,0,0,24,0,0,23,6,0,0,1,0,0,157,0,13,0,4,9,0,0,4,0,0,0,0,0,0,2,0,0,0,5,11,0,3,21,31,1,15,14,27,1,4,77,0,0,0,7,0,0,0,30,0,6,0,0,0,45,0,76,0,0,1,0,0,0,1,0,0,0,0,0,2,0,0,0,0,0,0,0,4,0,1,0,277,0,1,20,0,0,0,7,0,0,0,30,1,0,0,238,3,0,0,1,1,0,2,0,0,1,0,0,2,0,2,0,0,0,0,0,0,0,0,27,0,0,0,1,1,0,0,0,0,0,0,1,0,0,1,19,0,1,0,10,0,0,0,0,0,0,1,0,0,4,1,2,5,1,0,4,1,1,0,85,0,0,0,0,5,1,6,0,1,0,0,1,0,0,6,0,0,2,24,0,0,0,0,0,1,1,6,0,0,0,0,0,0,0,0,0,0,0,6,43,0,0,1,2,0,1,2,0,1,0,2,0,5,0,0,0,1,1,0,8,1,2,3,0,0,29,0,1,0,0,8,0,0,0,0,1,0,0,8,0,2,0,5,1
174,1260,ESCOLA MUNICIPAL PROF CARMEN SALOMAO TEIXEIRA,RUA PEDRINA ACCORDES COSTA  200,GANCHINHO,-25.5722117,-49.2597333,72,0,1734,1278,111,42,0,1,3,1,10,0,1,0,0,14,0,0,0,2,0,0,0,0,0,2,2,0,0,0,5,0,0,0,7,12,25,13,3,0,1,1,0,0,1,0,0,0,0,1,0,0,0,0,0,0,2,4,0,1,0,0,1,0,18,4,0,4,0,0,0,0,0,0,0,20,0,0,0,0,1,0,0,0,0,1,0,2,0,1,0,0,0,0,0,0,0,0,0,0,8,0,1,1,3,50,0,0,1,1,1,1,4,21,36,0,0,2,25,1,0,4,7,2,1,0,0,0,0,0,8,0,0,0,0,0,0,0,5,0,0,0,0,1,0,0,1,1,0,0,0,1,0,8,0,0,0,2,0,2,0,3,0,1,0,0,0,0,9,1,0,0,0,1,0,0,0,0,0,0,0,0,0,0,0,0,0,0,0,17,1,0,6,0,0,0,0,3,0,71,0,7,0,5,0,0,0,1,0,0,0,0,3,0,0,0,0,0,5,3,0,2,21,14,3,0,1,19,1,0,33,2,0,0,2,1,0,0,12,0,2,0,0,0,69,0,54,0,1,0,0,0,0,1,0,0,0,0,0,0,0,0,0,0,0,0,0,0,3,0,0,87,0,0,3,0,0,0,0,0,1,0,17,1,0,1,105,4,2,0,0,0,0,1,0,0,0,0,1,0,0,0,0,0,0,0,0,0,0,0,14,0,0,0,0,0,0,0,0,0,0,0,0,0,0,1,22,0,1,0,1,0,0,0,0,1,0,0,0,0,1,0,0,2,0,0,1,0,0,0,36,0,0,0,0,3,1,0,1,0,0,0,0,0,0,1,0,0,1,25,2,0,0,0,0,0,0,1,0,0,0,0,0,0,0,0,0,0,0,1,17,0,0,0,0,0,2,1,0,0,0,1,0,1,0,0,0,2,0,0,5,0,1,5,0,0,8,0,0,0,0,0,0,0,0,0,0,0,0,0,0,2,0,0,0
174,1279,ESCOLA SEBASTIAO PARANA,"RUA MAJOR FABRICIANO REGO BARROS, 1152",HAUER,-25.4762437,-49.2560063,38,0,1413,1188,41,35,0,2,0,1,11,2,1,0,0,16,0,0,0,12,0,1,0,1,0,1,1,0,0,0,5,0,0,0,10,13,4,4,5,0,1,0,0,0,0,0,0,1,0,0,0,0,0,1,0,6,1,3,0,0,0,0,0,2,2,2,0,5,7,1,0,1,0,0,0,11,1,0,0,0,0,0,0,0,0,0,2,9,0,0,0,0,0,0,1,0,0,0,0,0,2,0,3,0,0,36,0,0,0,0,3,1,3,30,37,0,0,1,41,0,0,0,5,0,0,0,1,0,0,0,9,1,0,0,0,0,0,0,0,0,0,0,0,0,0,0,0,0,0,0,0,0,0,7,0,0,0,2,1,13,0,0,0,0,0,0,0,0,21,0,0,0,0,0,0,0,0,0,1,0,2,0,0,2,0,0,0,0,0,10,1,0,15,0,0,0,0,1,0,72,1,9,0,1,6,0,0,5,0,0,0,0,1,0,0,0,0,0,4,4,0,0,7,20,2,0,4,9,1,0,35,0,2,0,0,0,0,1,7,0,1,0,0,0,30,0,34,0,0,2,0,0,0,0,0,0,0,0,0,0,0,0,0,0,0,0,0,0,0,0,0,141,0,0,15,0,0,1,0,0,2,0,20,1,0,0,95,2,0,0,3,0,0,2,0,0,0,0,0,4,0,1,0,0,0,0,0,0,0,0,10,0,0,0,0,3,1,0,0,0,0,0,0,0,0,0,10,0,0,0,0,0,0,0,0,0,1,0,0,0,0,0,1,0,0,0,0,0,0,0,58,0,0,0,0,0,0,5,1,0,0,0,0,0,0,2,0,0,1,9,0,0,0,0,0,0,1,5,0,0,1,0,0,0,1,0,0,0,0,6,30,0,0,0,0,0,1,0,0,0,0,0,0,1,0,0,0,0,0,1,0,0,0,4,0,0,13,0,0,1,0,1,0,0,1,0,0,0,0,1,0,1,0,0,0
174,1287,COLEGIO ESTADUAL SEGISMUNDO FALARZ,"RUA ISAIAS REGIS DE MIRANDA, 848",HAUER,-25.4805787,-49.2539181,38,0,3644,2964,125,86,0,8,2,1,33,3,1,2,1,33,0,0,1,8,2,0,0,2,0,4,7,0,0,0,12,0,0,0,30,16,9,8,15,0,0,1,0,0,0,1,0,0,0,2,0,0,0,3,0,2,2,8,0,1,0,3,0,0,3,7,0,7,1,0,0,0,2,0,0,51,1,0,1,0,1,0,0,0,0,0,1,27,0,0,0,0,0,0,1,0,0,0,0,0,6,2,10,0,2,131,1,1,5,3,5,5,6,79,86,0,2,0,97,1,1,0,13,2,1,0,1,0,1,0,28,0,0,1,0,0,0,0,1,1,0,0,0,1,0,0,0,0,1,0,0,0,0,10,1,0,0,4,2,16,1,0,0,1,0,1,0,0,60,0,0,0,0,0,0,0,0,0,0,0,1,0,0,1,0,0,0,0,0,27,2,0,16,0,0,0,0,1,0,244,0,17,0,0,7,0,1,18,0,0,0,0,6,0,1,0,0,0,2,16,0,0,17,49,4,5,24,23,1,2,118,0,1,0,10,0,0,0,7,0,2,1,0,0,50,2,75,0,0,1,1,0,0,4,0,0,0,0,0,0,0,0,1,0,0,0,0,2,0,0,0,362,0,1,17,0,0,0,2,0,7,0,32,4,0,0,242,5,2,0,6,2,0,5,0,0,0,1,0,6,0,1,0,0,0,0,0,0,0,0,23,0,2,0,0,2,0,2,0,0,0,0,0,0,0,0,31,0,1,0,3,0,0,1,0,0,0,0,0,0,0,1,2,4,1,0,6,0,3,1,104,0,0,0,1,5,4,5,1,0,0,0,1,0,0,3,0,0,6,25,0,0,0,0,0,3,0,2,0,0,0,0,0,1,0,0,0,0,0,4,52,0,0,0,3,0,2,1,0,0,0,8,0,8,0,1,0,4,0,1,9,0,1,3,2,0,20,0,0,0,0,1,0,0,0,0,1,1,0,1,2,12,0,3,0
174,1295,ESCOLA MUNICIPAL PROFESSOR GUILHERME BUTLER,RUA IRMA FLAVIA BORLET 1189,HAUER,-25.4895641,-49.2575593,56,0,1560,1287,43,51,0,3,0,3,3,2,0,1,0,10,0,0,0,4,0,0,0,1,0,1,2,0,0,0,6,0,0,0,14,9,3,4,13,0,0,0,0,0,2,0,1,0,0,5,0,0,1,0,0,0,0,6,0,0,0,1,0,0,3,3,0,5,2,0,0,0,1,1,0,18,0,0,0,0,0,0,0,0,1,1,0,10,0,0,0,0,0,0,0,0,0,0,0,0,7,1,2,0,0,64,0,0,4,0,5,2,5,32,32,0,0,2,50,1,0,0,3,0,0,0,0,0,0,0,16,1,0,1,0,0,0,0,0,0,0,1,0,0,0,0,0,0,0,0,0,0,0,11,0,0,0,4,1,11,0,1,0,0,0,0,0,0,17,0,0,0,0,0,0,0,0,0,2,0,0,0,2,0,0,0,0,0,0,10,0,0,11,0,0,0,0,0,0,97,0,10,0,2,3,0,0,2,1,0,0,0,3,0,0,0,0,0,3,4,0,0,4,23,1,2,11,14,0,0,34,0,0,0,4,0,1,1,12,0,0,0,0,0,22,0,31,0,0,1,0,0,0,0,0,0,0,0,0,0,0,0,0,0,0,0,0,1,0,0,0,151,0,0,14,0,0,0,2,0,1,0,18,0,0,0,110,0,0,0,2,1,0,1,0,0,0,0,0,1,0,0,0,0,0,0,0,0,0,0,11,0,0,0,0,0,0,1,0,0,0,0,0,1,0,0,21,0,0,0,1,0,0,0,0,0,1,0,0,0,0,0,2,0,0,0,2,0,1,0,35,0,0,0,0,2,1,3,0,1,0,0,0,0,0,2,0,0,8,12,0,0,0,0,0,4,0,2,0,0,0,0,0,0,1,0,0,0,0,6,19,0,0,0,2,0,0,0,0,1,0,0,0,3,0,0,0,0,0,0,2,0,2,2,3,0,6,1,0,0,0,2,0,0,0,0,0,0,0,0,0,3,0,2,0
174,1309,COLÉGIO ESTADUAL MILTON CARNEIRO,"RUA NELSO JOSÉ LAUTHART, 301",ALTO BOQUEIRAO,-25.5370061,-49.2381601,64,0,4398,3445,294,160,0,2,2,6,30,2,2,1,1,44,0,0,0,9,0,1,0,2,2,1,4,0,0,0,6,1,1,1,38,14,43,20,7,0,0,7,0,0,1,8,0,0,1,9,0,0,1,0,0,8,1,7,0,0,0,1,1,0,6,14,1,13,4,0,1,0,0,0,0,51,1,1,0,0,2,0,0,0,0,0,0,25,0,0,0,1,0,0,0,2,0,0,0,0,27,1,15,0,4,163,0,2,6,4,4,1,13,38,99,0,0,6,61,0,0,7,6,0,4,0,0,0,0,0,23,0,0,1,0,0,0,0,2,1,0,0,1,1,0,0,0,2,1,0,0,0,2,21,0,1,0,4,2,11,0,0,1,0,1,0,1,0,32,0,0,0,0,1,0,1,0,0,2,0,0,0,1,0,1,0,0,1,0,39,0,3,18,3,0,0,0,6,0,222,1,12,0,0,3,0,0,12,0,0,0,0,7,0,1,0,0,0,9,9,2,0,97,35,3,6,12,64,0,3,92,4,2,1,5,0,0,0,43,0,4,3,1,0,165,1,99,0,9,1,2,0,0,0,0,0,0,0,0,0,0,0,0,0,0,0,0,1,0,0,0,272,0,0,4,0,1,0,1,0,0,0,33,1,0,0,263,8,2,0,1,0,0,1,0,0,1,1,0,0,0,0,0,1,0,0,0,0,1,0,19,0,0,0,0,3,0,4,0,0,0,0,0,0,0,0,38,0,2,0,12,0,0,0,0,1,1,0,0,0,0,0,1,5,1,1,11,0,2,0,108,0,0,0,0,12,5,2,0,1,0,0,1,0,2,2,0,0,2,67,0,0,1,0,0,0,0,4,0,0,0,0,0,0,1,0,0,0,0,8,27,0,0,0,0,1,6,2,0,0,0,1,0,1,0,0,0,0,0,2,3,1,5,1,0,0,28,0,1,1,0,1,0,0,0,0,0,0,0,3,0,15,0,1,0
174,1317,CEI PROFESSORA MARIA AUGUSTA JOUVE,"RUA PASTOR ANTONIO POLITO, 1145",ALTO BOQUEIRAO,-25.5239983,-49.2338217,64,0,3935,3076,196,113,0,5,1,4,36,1,0,0,2,22,0,1,0,6,0,0,0,3,1,0,4,0,0,1,4,0,0,1,52,10,31,14,8,0,0,2,0,0,0,0,0,0,2,2,1,0,3,2,0,2,0,24,0,1,0,3,0,0,3,11,0,15,3,2,0,0,0,1,0,47,1,0,0,1,0,0,1,0,0,1,2,18,0,1,0,0,4,1,1,0,0,0,0,0,42,0,12,3,3,163,0,0,9,3,9,1,8,55,115,1,1,5,115,0,0,0,17,1,2,1,0,0,1,0,26,0,0,1,0,0,1,0,2,2,0,0,0,1,0,0,0,2,0,0,0,0,2,8,0,0,0,7,1,13,0,1,1,2,1,1,0,0,47,0,0,0,0,0,0,2,0,0,1,0,0,0,5,0,0,0,0,0,0,40,0,5,24,0,0,0,0,2,0,163,0,21,0,1,5,0,0,10,0,0,0,0,4,0,0,0,0,0,2,16,0,0,28,29,10,9,10,43,1,0,81,0,1,0,6,0,3,0,21,0,2,0,0,0,103,1,79,0,0,2,0,0,1,0,0,0,0,0,0,0,0,0,0,0,0,0,1,2,0,0,0,294,1,0,11,1,0,0,3,1,3,1,37,1,0,0,212,2,0,0,1,0,0,1,1,0,0,1,0,0,0,2,0,1,0,0,0,0,0,0,21,0,0,0,1,1,0,2,0,0,0,1,0,1,0,3,45,0,2,0,9,0,0,2,0,2,1,0,0,0,0,3,3,3,1,0,8,3,3,1,98,0,2,0,0,8,2,6,1,0,0,0,1,0,2,12,0,0,2,28,0,0,0,0,0,2,0,2,0,0,0,0,2,1,0,0,0,0,0,9,48,0,0,0,3,1,6,1,0,0,0,0,0,1,0,0,0,1,0,1,3,0,0,1,0,0,22,0,0,0,0,4,0,0,0,0,0,0,0,3,2,19,1,0,0
174,1333,COLEGIO ESTADUAL SANTO AGOSTINHO,"RUA CASCAVEL, 1610",BOQUEIRAO,-25.5147875,-49.2462816,56,0,3789,3120,142,110,0,4,1,2,32,3,2,0,2,22,0,0,0,4,0,0,0,0,0,0,8,0,0,0,3,0,0,0,27,12,30,13,8,0,1,4,0,0,0,2,0,0,2,4,0,0,2,1,0,6,0,2,0,0,2,2,1,0,8,16,0,12,8,1,0,0,0,0,0,47,1,0,2,0,2,1,0,0,0,0,1,25,0,0,0,0,1,2,2,0,0,0,0,0,15,2,10,0,1,145,0,1,8,1,5,3,11,57,126,0,0,3,102,0,0,0,6,2,1,0,0,0,0,0,40,1,0,1,0,0,0,0,0,0,0,1,1,2,0,0,0,1,0,0,0,0,1,14,0,1,0,4,1,27,0,0,1,2,0,0,0,0,60,0,0,0,0,0,0,1,0,0,2,0,0,0,2,0,0,0,0,0,0,35,1,1,23,0,1,1,0,8,0,194,0,30,0,8,9,1,1,9,0,0,0,0,10,0,0,1,0,0,3,15,1,0,20,49,1,8,18,36,2,1,85,0,0,1,21,0,1,1,37,0,6,0,0,0,81,0,92,0,0,1,1,0,0,1,0,0,0,0,0,0,0,0,0,0,0,0,0,1,0,0,0,322,0,0,11,0,0,2,7,0,4,0,40,1,0,0,270,0,0,0,2,1,0,3,0,0,0,0,0,8,0,1,0,0,0,0,0,0,1,0,23,0,0,0,0,2,2,0,0,0,0,1,0,3,0,1,35,1,0,0,3,0,0,1,0,0,0,1,0,0,0,1,4,6,1,0,5,2,4,0,94,0,0,0,0,7,1,2,7,0,0,0,0,0,0,4,0,0,5,11,1,1,0,0,0,0,1,4,0,1,0,0,0,0,0,0,0,0,0,7,50,0,0,0,1,0,2,0,1,1,0,1,1,2,1,0,1,1,0,0,3,6,7,23,0,0,30,0,1,0,0,1,0,0,0,0,0,0,0,5,1,3,0,2,0
174,1341,COLÉGIO NOSSA SENHORA DA ASSUNCAO,"RUA DR. ALCIDES VIEIRA ARCOVERDE, 620",GUABIROTUBA,-25.4606924,-49.2416397,23,0,4360,3691,101,96,0,4,0,6,41,6,0,1,2,36,0,0,0,31,0,0,0,0,0,6,12,1,0,0,21,0,0,0,16,26,9,4,25,2,0,0,0,0,0,0,0,3,3,5,2,2,0,1,0,7,0,6,0,1,2,2,0,0,7,10,0,7,5,1,1,0,0,0,0,47,1,0,1,0,3,1,0,0,1,1,1,53,0,0,0,0,0,2,0,0,0,0,0,0,9,2,14,1,1,217,0,0,11,4,5,4,6,74,140,0,0,2,120,0,1,2,12,0,2,1,0,0,0,0,55,0,0,0,0,0,1,0,0,2,1,1,0,1,0,0,1,1,1,0,0,1,0,22,0,0,0,2,7,49,1,1,0,5,0,0,0,0,57,0,0,1,0,0,0,0,0,0,0,0,0,0,1,0,0,0,0,0,0,45,0,0,28,1,0,0,0,2,0,97,0,52,0,1,11,0,1,13,1,0,0,0,11,0,1,0,0,0,6,10,0,0,34,36,2,4,22,24,3,0,112,0,0,0,6,0,0,0,18,1,4,0,0,0,40,0,60,0,0,0,0,3,0,0,1,0,0,0,0,0,0,0,0,0,0,3,0,0,0,0,0,500,1,0,50,0,1,0,4,0,3,0,87,0,0,1,394,4,0,0,5,0,0,9,0,0,1,1,0,14,0,0,0,0,0,0,0,0,0,0,28,0,0,0,0,2,0,0,0,0,0,0,0,1,0,0,36,0,3,0,3,0,0,1,0,0,4,1,0,0,0,0,4,4,1,0,5,4,3,0,111,0,0,0,0,9,1,3,0,0,0,0,0,0,0,0,0,0,7,22,0,1,1,0,0,1,0,5,0,0,1,0,0,0,0,0,0,0,0,11,76,0,0,0,0,1,8,1,0,2,0,4,0,8,5,0,0,2,2,0,7,1,2,27,1,0,55,0,1,0,1,5,0,0,0,0,0,0,0,5,4,5,0,3,3
174,1350,CMEI CONJUNTO ARAUCARIA,"RUA ROBERTO BARBOSA DE ALMEIDA, 152",ALTO BOQUEIRAO,-25.5278154,-49.253522,64,0,1090,916,40,28,0,5,1,2,8,3,0,0,0,21,0,0,0,2,0,0,0,0,0,0,2,0,0,0,0,0,1,0,11,4,10,8,0,0,0,0,0,0,0,0,0,0,0,4,0,1,0,0,0,0,1,3,0,0,0,0,0,0,5,8,0,8,3,0,0,0,0,0,0,11,0,0,0,0,0,0,0,1,1,0,0,5,0,0,0,0,0,0,0,0,0,0,0,0,7,0,0,1,0,32,0,0,0,0,2,6,9,23,24,0,0,1,17,0,0,0,1,0,0,0,0,0,0,0,2,2,0,0,0,0,0,0,0,0,0,0,0,0,0,0,0,2,0,0,0,0,0,7,0,0,0,1,0,0,0,0,0,0,1,0,0,0,16,0,0,0,0,0,0,0,0,0,0,0,0,0,1,0,0,0,0,0,0,15,1,1,7,0,0,0,0,2,0,47,0,5,0,0,5,0,1,5,0,0,0,0,1,0,1,0,0,0,2,3,0,0,14,11,2,13,7,11,0,0,39,0,0,0,3,0,0,0,8,1,1,0,0,0,38,0,24,0,0,0,0,0,0,0,0,0,0,0,0,0,0,0,0,0,0,0,0,0,0,0,0,75,0,0,0,0,0,0,0,0,0,0,11,0,0,0,77,2,0,0,0,0,0,0,0,0,0,1,0,0,0,0,0,0,0,0,1,0,0,0,4,0,0,0,0,0,0,0,0,0,0,0,0,0,0,0,7,2,0,0,2,0,0,0,0,0,0,0,0,0,0,0,2,0,0,0,1,1,2,0,23,0,0,0,0,2,0,0,0,0,0,0,0,0,0,8,0,0,3,15,0,0,0,0,0,1,0,0,0,0,0,0,0,0,0,0,0,0,0,0,17,0,0,0,0,0,1,0,0,0,0,1,0,3,3,0,0,1,0,2,3,0,0,2,0,0,10,0,0,1,0,1,0,1,0,0,0,0,0,2,0,7,0,1,0
174,1368,CENTRO DE EDUCACAO INFANTIL COLMEIA'S,"RUA JULIO CESAR RIBEIRO DE SOUZA, 1332",HAUER,-25.4822147,-49.2535334,38,0,1797,1438,47,46,0,5,0,0,16,2,0,0,1,17,0,0,1,3,0,0,1,0,0,3,7,0,0,0,8,2,0,0,6,8,3,3,3,0,0,1,0,0,0,0,0,0,0,2,1,0,0,1,0,0,0,1,0,0,0,1,0,3,2,5,0,4,0,0,0,1,0,0,0,8,1,0,1,0,0,0,0,0,1,0,0,18,0,0,0,0,0,0,0,0,0,0,0,0,3,2,4,1,1,91,0,1,4,3,3,2,0,31,45,0,0,1,74,0,1,0,5,1,0,0,0,0,0,0,19,0,0,0,0,0,0,0,1,1,0,0,0,0,0,1,1,0,0,0,0,0,0,7,0,0,0,1,2,7,0,2,0,2,0,0,0,0,23,0,0,0,0,0,0,0,0,0,1,0,1,0,1,0,0,0,0,0,0,11,0,0,17,3,0,1,1,1,0,79,0,7,0,1,8,0,0,2,0,0,0,0,2,0,0,0,0,0,4,5,0,0,15,20,1,1,16,9,0,0,48,0,0,0,4,0,0,0,10,0,5,0,0,0,18,2,40,0,0,1,0,0,0,0,0,0,0,0,0,0,0,0,0,0,0,0,0,3,0,0,0,145,1,1,12,0,0,0,1,1,1,0,27,1,1,0,135,2,0,0,3,0,0,1,0,0,0,2,0,2,0,0,0,0,0,0,0,0,0,0,21,0,1,0,0,3,0,1,0,0,0,0,0,0,0,0,13,0,0,0,0,0,1,0,0,2,0,0,0,0,0,0,7,3,3,0,2,0,4,0,50,0,0,0,0,2,1,0,4,0,0,0,2,0,0,1,0,0,0,9,0,0,1,0,0,0,1,0,0,0,0,0,0,0,0,0,0,0,0,3,26,0,0,0,0,0,0,0,0,1,0,1,0,1,0,0,0,0,0,0,3,0,0,6,0,0,9,0,0,0,0,2,0,0,1,0,1,0,0,0,0,4,0,0,1
174,1724,SESI BOQUEIRÃO,"RUA DR. HELENO DA SILVEIRA, 351",BOQUEIRAO,-25.5151812,-49.2348543,56,0,3264,2616,113,96,0,2,1,2,19,3,2,0,1,24,0,0,0,6,0,0,0,0,0,2,1,0,0,0,2,0,0,0,14,11,27,9,6,0,0,0,0,0,0,0,0,0,3,6,0,1,3,0,0,0,0,10,0,3,0,1,1,0,8,15,0,13,4,0,0,0,0,0,0,28,0,0,1,0,0,1,0,1,0,1,1,24,2,0,0,0,0,0,0,0,0,0,0,0,11,0,4,0,2,111,0,0,4,7,6,0,8,37,75,0,1,0,113,1,0,0,10,1,4,0,1,0,0,0,24,2,0,0,0,0,0,0,3,1,0,1,0,0,0,0,0,0,0,1,0,0,0,18,0,1,0,3,5,23,0,1,0,0,0,0,0,0,33,0,0,0,0,0,0,0,0,0,0,0,0,0,4,0,0,0,0,0,0,36,3,2,23,0,0,0,0,2,1,165,0,15,1,7,9,0,0,4,0,0,0,0,7,0,0,0,0,0,3,8,1,0,32,36,4,1,17,28,0,0,89,1,1,0,10,0,3,0,18,2,0,0,0,0,63,1,86,0,0,1,0,0,0,0,0,0,0,0,0,0,0,0,0,0,0,0,2,0,0,0,0,261,0,0,24,2,1,0,2,0,1,0,36,6,0,0,249,1,0,0,1,0,0,3,0,0,1,1,0,2,0,0,0,0,0,0,0,0,0,0,27,0,0,1,1,2,0,0,0,0,0,0,0,0,0,2,37,0,1,0,6,0,0,0,0,2,3,0,0,0,0,3,0,3,0,1,1,3,5,1,79,0,0,0,1,9,1,8,3,0,1,0,0,0,0,4,0,0,1,14,0,0,5,0,0,0,0,1,0,0,1,0,0,1,3,0,0,0,0,6,43,2,0,0,0,1,1,0,0,0,0,1,0,8,3,0,2,1,0,1,5,0,1,14,0,0,34,0,0,0,0,0,0,0,0,0,0,0,0,0,0,2,0,3,0
174,1732,COLÉGIO ADVENTISTA DO ALTO BOQUEIRÃO,"RUA BOM PASTOR, 606",ALTO BOQUEIRAO,-25.5234765,-49.2484931,64,0,3344,2749,134,90,0,3,1,3,18,6,1,0,0,28,2,0,0,4,0,0,0,2,2,3,3,0,0,0,13,0,0,0,17,12,22,10,17,1,1,1,0,0,0,0,0,0,0,3,0,0,1,0,0,2,0,10,1,0,2,0,0,0,4,17,0,6,5,0,1,0,2,0,1,37,2,0,2,0,0,0,0,1,0,0,0,33,0,0,0,1,0,0,0,0,0,0,0,0,7,1,12,0,1,140,0,0,1,5,3,3,12,37,116,1,0,1,99,0,0,0,9,0,0,1,0,0,2,0,32,1,0,1,0,0,0,0,2,1,2,0,0,0,0,0,0,5,1,1,0,0,0,4,0,1,0,3,3,14,0,1,0,4,0,0,0,0,27,0,0,0,0,0,0,0,0,0,0,0,0,0,7,0,0,0,0,0,0,16,3,0,25,2,0,0,0,3,0,142,1,25,0,4,12,0,0,10,0,0,0,0,8,0,0,2,0,0,5,3,0,0,16,27,2,7,8,48,0,2,76,2,0,0,6,0,0,0,25,0,2,1,0,0,74,0,80,0,0,0,0,1,0,0,0,0,0,1,0,0,0,0,0,0,0,0,0,0,1,0,0,292,0,0,17,1,0,0,2,0,2,1,38,1,1,0,289,1,0,1,1,2,1,2,0,0,0,0,0,2,0,1,0,0,0,0,0,0,0,0,35,0,0,2,0,5,1,0,3,0,0,0,1,3,0,0,26,0,0,2,7,0,0,0,0,0,0,0,0,0,0,3,0,4,1,2,5,2,3,0,90,0,0,0,0,7,1,6,4,1,0,0,0,0,3,7,0,1,1,18,0,0,2,0,0,0,0,2,0,0,0,0,0,0,0,0,0,0,0,11,42,0,0,0,2,1,2,0,0,0,1,0,0,2,1,0,0,2,1,3,2,2,0,10,0,0,25,1,0,2,0,1,0,1,0,0,0,0,0,4,2,2,0,0,0
174,1740,ESCOLA MUNICIPAL PROFESSORA SOPHIA GAERTNER ROSLINDO - EF,"RUA EXPEDICIONÁRIO ESTANISLAU WOJCIK, 82",ALTO BOQUEIRAO,-25.5358192,-49.2433767,64,0,1374,1132,82,55,0,2,0,0,5,0,1,0,0,10,0,0,0,1,0,0,0,0,0,1,1,0,0,0,0,0,0,0,9,10,14,6,8,0,1,1,0,0,1,6,0,0,1,0,0,0,0,1,0,2,0,5,0,0,0,0,2,0,3,3,0,6,2,0,0,0,0,0,0,23,0,0,0,0,0,0,0,0,0,0,0,14,1,0,0,0,0,0,0,0,0,0,0,0,8,0,5,0,2,47,2,1,5,1,0,0,8,30,26,0,0,0,21,0,0,1,5,0,1,1,0,0,0,0,9,0,0,1,0,0,1,0,0,0,0,0,0,0,0,0,0,2,0,0,0,0,0,9,0,1,0,3,2,2,0,1,0,1,0,0,0,0,14,0,0,0,0,0,0,0,0,0,0,0,2,0,3,0,0,0,0,0,0,24,0,1,9,0,0,0,0,0,0,68,0,12,0,0,3,0,0,6,0,0,0,2,5,0,0,0,0,0,1,6,0,0,36,12,2,1,9,7,0,0,31,0,1,0,3,0,0,0,15,4,1,0,0,0,27,0,20,0,1,2,0,0,0,0,0,0,0,0,0,0,0,0,0,0,0,0,0,2,0,0,0,97,0,0,6,0,0,0,0,0,1,0,13,0,0,0,74,2,0,1,0,0,1,0,0,0,0,0,0,0,0,0,0,0,0,0,0,0,0,0,10,0,0,0,0,1,0,0,0,0,0,0,1,0,0,0,9,0,0,0,3,0,0,0,0,0,0,0,0,0,0,1,1,1,0,0,2,0,1,0,36,0,0,0,0,5,0,0,1,0,0,0,0,0,0,2,0,0,2,12,0,0,0,0,0,0,0,4,0,0,0,0,0,0,2,0,0,0,0,2,11,0,0,0,0,0,0,0,0,1,0,1,0,1,0,0,0,1,0,2,3,1,2,2,0,0,9,0,0,0,0,0,0,0,0,0,0,0,0,3,0,0,0,0,1
174,1830,UFPR - CENTRO POLITÉCNICO,"RUA EVARISTO F.F. DA COSTA, 346",JARDIM DAS AMERICAS,-25.4536835,-49.2329563,22,0,9460,7820,213,164,0,4,1,7,87,14,4,0,1,65,2,2,1,54,0,1,2,0,1,7,19,1,2,1,28,2,16,0,35,39,22,13,35,0,0,0,0,0,5,0,0,11,2,9,0,1,1,4,1,15,0,16,3,1,2,5,0,0,19,23,0,14,10,4,0,0,2,2,0,69,0,0,1,1,0,0,0,1,5,0,4,137,0,0,0,1,0,1,0,0,0,0,0,0,29,3,34,1,2,515,1,0,26,8,11,8,21,170,322,1,0,8,392,0,3,6,24,4,7,0,0,0,1,1,99,1,0,1,0,0,2,0,0,1,1,3,0,6,0,0,4,10,1,1,0,1,0,35,1,2,0,15,8,83,1,4,1,7,0,0,0,0,69,0,0,0,0,0,0,0,1,0,1,0,1,0,17,0,0,0,0,0,0,43,4,2,79,1,0,0,0,2,0,192,0,109,1,3,34,1,1,31,0,0,5,0,21,0,0,1,0,0,17,36,2,0,64,74,4,4,41,44,3,3,209,0,2,0,13,0,0,0,33,0,21,0,0,0,99,2,197,0,0,4,0,0,1,8,0,0,0,0,0,2,0,1,0,0,0,0,0,1,0,0,0,892,0,1,141,2,1,0,16,0,6,0,153,5,1,0,704,17,2,1,10,4,0,22,1,0,7,0,0,33,0,0,0,0,0,0,0,0,1,0,58,0,13,0,0,10,0,2,0,0,1,1,0,2,0,0,64,0,2,0,3,0,1,1,1,4,2,3,1,0,0,6,11,13,9,0,20,3,14,1,164,0,0,0,0,26,1,11,10,3,0,0,1,0,2,1,1,0,6,33,0,0,0,0,0,2,1,10,0,0,17,2,1,0,2,0,0,0,0,32,180,0,0,0,3,1,6,1,0,1,1,6,0,37,7,3,1,5,1,11,21,1,1,191,0,1,113,0,0,0,0,8,0,0,0,0,0,0,0,12,1,4,0,8,0
174,1848,COLÉGIO ESTADUAL PROFESSOR JÚLIO MESQUITA,"TRAVESSA MARIA TEODORA PAULA COSTA, N. 49",JARDIM DAS AMERICAS,-25.4562459,-49.2286475,22,0,2537,2011,69,39,0,4,0,0,16,3,1,0,0,14,0,1,0,9,0,0,1,0,1,0,2,0,0,0,8,0,5,0,13,6,6,6,7,0,0,0,0,0,0,0,0,1,0,3,0,0,0,1,0,7,0,8,0,0,0,0,0,1,3,7,0,4,1,1,0,0,0,0,0,28,0,1,0,0,0,0,0,1,0,0,1,15,0,0,0,1,0,0,1,0,0,0,0,0,3,1,9,0,2,74,1,0,3,4,4,1,6,48,80,0,0,4,74,0,0,2,2,0,1,0,0,0,1,0,13,1,0,0,0,0,0,0,0,0,0,0,0,0,0,0,1,1,0,0,0,0,0,9,0,0,0,1,3,20,0,0,0,9,0,0,0,0,21,0,0,0,0,0,0,1,0,0,2,0,0,0,5,0,0,0,0,0,0,19,0,0,19,1,0,0,0,1,0,44,0,18,0,2,9,0,0,14,0,0,0,0,7,0,0,0,0,0,1,8,1,0,19,22,1,1,17,6,0,2,62,1,0,0,4,0,1,0,17,0,5,0,0,0,28,0,47,0,0,2,1,0,0,1,0,0,0,1,0,0,0,0,0,0,0,0,0,2,0,0,0,319,0,0,17,1,0,0,8,0,2,0,37,3,0,0,171,3,0,0,2,1,0,3,0,0,1,0,0,7,0,1,0,0,0,0,0,0,0,0,14,0,2,0,0,0,0,0,0,1,0,0,1,1,0,0,20,0,0,0,0,0,0,0,2,2,0,0,0,0,1,0,4,2,2,1,5,9,4,1,41,0,0,0,0,3,0,0,0,1,0,0,0,0,1,1,0,0,1,12,0,0,0,0,0,0,2,1,0,0,7,0,0,0,1,0,0,0,0,8,53,0,1,0,0,1,1,0,0,0,0,1,0,14,2,0,0,0,0,2,4,0,2,81,0,0,28,0,1,0,0,1,0,0,0,0,0,0,0,3,1,0,1,0,0
174,1856,ESCOLA JORNALISTA ARNALDO ALVES DA CRUZ - EF,"RUA MARIA MARQUES DE CAMARGO, 330 - VILA PANTANAL",ALTO BOQUEIRAO,-25.5370033,-49.2327117,64,0,355,267,35,6,0,2,1,1,6,0,0,0,0,4,0,1,0,0,0,0,1,0,0,1,0,0,0,0,2,0,0,0,4,0,6,2,0,0,0,0,0,0,0,0,0,0,0,0,0,0,0,0,0,0,0,4,0,0,0,1,0,0,0,0,0,3,1,0,0,0,0,0,1,5,0,0,0,0,0,0,0,0,0,0,0,4,0,0,0,0,0,0,0,0,0,0,0,0,6,0,1,0,1,33,0,0,0,0,1,0,6,3,10,0,0,4,1,0,0,3,0,0,0,0,0,0,0,0,3,0,0,0,0,0,0,0,1,0,0,0,0,1,0,0,0,3,0,0,0,0,1,1,0,0,0,0,0,2,0,0,0,0,0,0,0,0,1,0,0,0,1,0,0,0,0,0,0,0,0,0,1,0,0,0,0,0,0,3,0,0,1,0,0,0,0,0,0,12,0,0,0,0,0,0,0,0,0,0,0,0,0,0,0,0,0,0,0,1,0,0,0,3,1,0,0,3,0,0,3,0,0,0,1,0,0,0,5,0,1,0,0,0,5,0,2,0,1,0,0,0,0,0,0,0,0,0,0,0,0,0,0,0,0,0,0,0,0,0,0,10,0,0,0,0,0,0,0,0,0,0,2,0,0,0,8,0,0,0,0,0,0,0,0,0,0,0,0,0,0,0,0,0,0,0,0,0,0,0,1,0,0,0,0,0,0,0,0,0,0,0,0,0,0,0,5,0,0,0,0,0,0,0,0,0,0,0,0,0,0,0,0,0,0,0,0,0,0,0,1,0,0,0,0,5,0,0,0,0,0,0,0,0,0,0,0,0,0,10,0,0,0,0,0,0,0,0,0,0,0,0,0,0,0,0,0,0,0,1,0,0,0,0,0,0,1,0,0,0,0,0,0,0,0,0,0,0,0,0,0,0,0,0,0,0,5,0,0,0,0,0,0,0,0,0,0,0,0,0,1,0,0,0,0
174,1864,HOSPITAL ERASTO GAERTNER,"RUA DR. OVANDE DO AMARAL, 201",JARDIM DAS AMERICAS,-25.4531439,-49.2400976,22,0,268,211,8,7,0,0,0,0,1,0,0,0,0,0,0,0,0,1,0,0,0,0,0,1,0,0,0,0,1,0,0,0,5,1,0,1,1,0,0,0,0,0,0,0,0,0,0,0,0,0,0,0,0,0,0,1,0,0,0,0,0,0,0,2,0,1,0,0,1,0,1,0,0,0,0,0,1,0,0,0,0,0,0,0,0,6,0,0,0,0,0,0,0,0,0,0,0,0,0,0,1,0,0,13,0,0,0,0,0,0,2,4,4,0,0,0,9,0,0,0,0,0,0,0,0,0,0,0,3,0,0,0,0,0,1,0,0,0,0,0,0,0,0,0,0,0,0,0,0,0,0,1,0,0,0,0,0,2,0,0,0,0,0,0,0,0,0,0,0,1,0,0,0,0,0,0,0,0,0,0,0,0,0,0,0,0,0,0,0,0,2,0,0,0,0,0,0,9,0,0,0,0,0,0,0,1,0,0,0,0,0,0,0,0,0,0,0,1,0,0,1,0,0,0,0,5,0,0,3,0,0,0,1,0,0,0,0,0,0,0,0,0,7,0,5,0,0,0,0,0,0,0,0,0,0,0,0,0,0,0,0,0,0,0,0,0,0,0,0,26,0,0,1,0,0,0,0,0,0,0,4,0,0,0,21,0,0,0,0,0,0,0,0,0,0,0,0,0,0,0,0,0,0,0,0,0,0,0,3,0,0,0,0,0,0,0,0,0,0,0,0,0,0,0,2,0,0,0,0,0,0,0,0,0,0,0,0,0,0,0,5,0,2,0,1,0,0,0,7,0,0,0,0,0,0,0,0,0,0,0,0,0,0,0,0,0,1,2,0,0,0,0,0,0,0,0,0,0,0,0,0,0,0,0,0,0,0,1,1,0,0,0,0,0,0,0,0,0,0,0,0,1,1,0,0,0,0,0,0,0,0,8,0,0,3,0,0,0,0,1,0,0,0,0,0,0,0,1,0,2,0,1,0
174,1880,CMEI MAESTRINA ESMERALDA ROVANI,"RUA ANTÔNIO JOSÉ BONATO, 1761",GANCHINHO,-25.5618383,-49.2551783,72,0,940,707,75,23,0,1,1,2,9,2,1,0,0,0,0,0,0,0,0,0,1,1,0,1,1,0,0,0,1,0,0,0,16,1,15,6,0,0,4,0,0,0,0,0,0,0,1,1,0,1,1,0,0,0,0,7,0,0,0,0,0,0,0,3,0,2,0,0,0,0,0,0,0,7,0,0,0,0,0,0,0,0,0,0,0,2,0,0,0,0,0,1,0,0,0,0,0,0,9,0,5,1,1,43,1,0,2,0,1,0,7,17,27,0,0,3,17,0,0,1,6,0,1,0,0,0,0,0,4,0,0,0,0,0,0,1,2,0,0,0,0,1,0,0,0,6,0,0,0,0,0,1,0,0,0,3,0,0,0,0,0,1,0,0,0,0,9,0,0,0,0,0,0,0,0,0,0,0,0,0,0,0,0,0,0,0,0,10,1,0,1,0,0,0,0,1,0,30,0,4,0,1,0,0,0,2,0,0,0,0,0,0,0,0,0,0,4,1,0,0,12,9,0,1,0,5,0,0,15,0,1,0,2,0,0,0,9,0,1,1,0,0,15,0,18,0,0,0,0,0,0,0,0,0,0,0,0,0,0,0,0,0,0,0,0,0,0,0,0,42,0,1,1,0,0,0,0,0,2,0,7,0,0,0,40,0,0,0,0,0,0,0,0,0,0,1,0,1,0,0,0,0,0,0,0,0,0,0,10,0,0,0,0,0,0,0,0,0,0,0,0,0,0,0,13,0,0,0,0,0,0,0,0,0,0,0,0,0,0,0,0,1,0,0,3,0,2,0,20,0,1,0,0,2,0,0,1,0,0,0,0,0,0,0,0,1,1,24,0,0,0,0,0,0,0,3,0,0,0,0,0,0,0,0,0,0,0,1,11,0,0,0,0,0,1,0,0,0,0,0,0,1,0,0,0,0,0,0,4,0,0,0,1,0,3,0,0,0,0,0,0,0,0,0,0,0,0,1,0,5,0,1,0
174,1899,PARÓQUIA IMACULADA CONCEIÇÃO,"R. DR. ALCIDES VIEIRA ARCOVERDE, 244",GUABIROTUBA,-25.4624245,-49.2442459,23,0,1676,1126,45,40,0,1,0,2,6,2,0,1,0,16,0,0,0,2,0,0,0,1,0,0,1,0,0,0,3,0,0,3,9,3,0,1,9,0,0,0,0,0,0,0,0,0,0,6,0,0,0,1,0,5,0,5,1,0,0,0,1,0,0,3,0,4,0,2,0,1,0,1,0,7,0,0,0,0,0,0,0,0,1,0,1,5,0,0,0,0,0,0,0,0,0,0,0,0,6,0,4,0,1,42,0,0,1,0,1,0,2,24,29,0,0,1,31,1,0,0,2,0,2,0,0,0,0,0,8,0,0,0,0,1,0,0,0,0,0,0,0,1,0,0,0,0,0,0,0,1,0,5,0,1,0,0,1,7,0,1,0,1,1,0,0,0,10,0,0,0,0,0,0,0,0,0,0,0,0,0,2,0,0,1,0,0,0,17,0,0,9,0,0,0,0,0,0,35,0,12,0,0,6,0,3,6,0,1,0,1,4,0,0,0,0,0,1,1,1,0,8,8,1,3,15,13,1,3,35,0,1,0,3,0,0,0,15,0,2,0,0,0,35,0,43,0,0,0,0,1,0,0,0,1,0,0,0,3,0,0,0,0,0,0,0,1,2,0,0,144,0,2,10,1,0,0,0,0,1,0,20,0,0,0,117,1,0,0,1,2,0,4,0,0,1,1,0,2,0,0,0,0,0,0,0,0,0,0,4,0,0,0,0,1,0,0,0,0,0,1,0,0,0,2,10,0,0,0,3,0,0,0,0,0,0,0,0,1,0,0,1,1,1,0,1,4,1,0,28,0,0,0,0,1,0,2,2,0,0,0,0,0,0,0,0,0,3,11,0,0,0,1,0,0,0,0,0,0,2,0,0,0,0,0,0,0,0,8,19,0,0,0,0,0,0,0,0,0,0,1,0,3,0,1,0,1,0,2,3,1,0,5,0,0,16,0,0,0,1,4,0,0,0,0,0,0,0,0,0,5,0,0,0
174,1902,PARÓQUIA SÃO CARLOS BORROMEU,"R. HEITOR DE ANDRADE, 219",JARDIM DAS AMERICAS,-25.4566261,-49.2281542,22,0,2493,1978,56,55,0,3,2,3,22,2,2,0,0,17,0,1,0,8,0,0,0,0,0,1,5,0,0,0,6,0,7,0,8,12,6,4,2,0,0,0,0,0,1,0,0,1,2,1,0,0,0,0,0,8,1,5,2,0,0,2,0,0,3,7,0,4,1,0,3,0,0,0,0,16,0,0,0,0,0,0,0,0,1,0,0,18,0,0,0,0,0,0,0,0,0,0,0,0,6,0,3,0,1,86,0,0,1,2,3,2,4,56,64,1,0,2,68,1,2,0,4,0,0,0,0,0,1,0,32,1,0,1,0,0,0,0,0,0,1,0,0,1,0,0,0,0,0,0,0,0,0,5,0,0,0,1,1,13,0,0,0,1,0,0,0,0,22,0,0,1,0,0,0,1,0,0,2,0,2,0,6,0,0,0,0,0,0,12,1,0,16,1,0,0,0,3,0,53,0,22,0,2,7,0,0,4,0,0,1,0,8,0,0,0,0,0,1,15,0,0,26,28,3,0,18,4,0,0,67,0,2,0,7,0,0,0,11,0,4,0,0,0,22,0,41,0,0,1,0,0,0,3,0,0,0,0,0,1,0,1,0,0,0,0,0,0,0,0,0,278,0,0,29,1,0,0,13,0,0,1,30,5,1,0,184,2,0,0,1,0,0,3,0,0,1,0,0,6,0,0,0,0,0,0,0,0,0,0,16,0,0,0,0,2,0,0,0,0,0,1,1,0,0,0,22,0,3,0,3,0,0,0,0,0,1,0,0,0,0,1,3,3,0,0,5,3,2,0,45,0,0,0,0,2,0,3,0,1,1,0,0,0,1,1,0,0,2,13,0,0,0,0,0,0,1,3,0,0,4,1,0,0,0,0,0,0,0,4,38,0,1,0,0,0,1,0,0,2,0,0,0,21,1,0,0,1,0,2,3,0,3,69,0,1,38,0,1,1,0,5,0,0,0,0,0,0,0,2,1,3,0,0,0
175,1015,ESCOLA MUNICIPAL PRO-MORAR BARIGUI-I,"RUA ARTHUR MARTINS FRANCO, 1803 - VILA BARIGUI - CIC",CIDADE INDUSTRIAL,-25.4951839,-49.3354546,75,0,3340,2703,246,115,0,5,2,5,38,1,2,0,0,23,1,0,1,9,0,0,1,2,5,0,3,0,1,1,5,0,0,1,43,21,33,20,9,0,0,1,0,0,4,0,0,0,4,0,0,0,1,2,0,0,0,25,0,0,1,1,3,1,6,3,0,1,2,2,1,0,0,2,0,81,0,1,2,1,0,0,0,1,2,0,0,6,0,0,0,0,1,0,0,0,0,0,0,0,38,1,13,2,5,94,0,2,6,2,2,0,8,69,115,0,0,47,41,3,0,1,6,0,2,0,0,0,0,0,6,0,0,0,0,0,1,0,0,0,0,0,0,1,0,0,0,0,0,0,0,0,0,3,0,0,0,5,3,5,0,0,0,1,0,0,0,0,31,1,0,0,0,0,0,0,0,0,1,0,1,0,0,0,0,2,2,0,0,15,0,1,8,1,0,0,0,3,0,222,0,13,0,2,5,0,0,8,0,0,0,0,2,0,0,0,0,0,7,11,0,0,12,23,7,0,7,29,2,2,50,2,0,0,25,0,2,0,26,0,1,0,1,0,48,0,77,0,0,1,0,0,0,0,0,0,0,0,0,0,1,0,1,0,0,0,0,0,0,0,0,194,0,0,12,0,0,0,1,0,0,0,16,3,0,0,156,9,0,0,0,0,0,1,0,0,0,0,0,0,0,0,0,0,0,0,0,0,0,0,7,0,0,2,0,1,0,1,0,0,0,0,0,1,0,0,70,0,0,0,4,0,0,0,0,0,1,0,0,1,0,5,2,1,2,1,9,0,10,0,84,7,0,0,0,1,0,4,2,0,2,0,0,0,1,1,1,0,4,83,0,2,0,0,0,3,1,2,0,0,0,0,0,0,2,0,0,0,0,4,36,0,1,0,0,1,0,1,0,2,0,0,0,4,2,0,0,4,1,3,9,3,0,4,0,0,15,1,3,0,0,1,0,0,0,4,1,0,0,1,0,7,0,2,0
175,1023,ESCOLA MUNICIPAL MANSUR GUÉRIOS,"ESTRADA VELHA DO BARIGUI, 3200 - MORADIAS SABARÁ -  VILA CONQUISTA",CIDADE INDUSTRIAL,-25.5014117,-49.3483796,75,0,4286,3404,308,123,0,7,2,6,37,4,2,2,2,28,1,1,0,10,0,0,1,2,6,2,5,0,0,1,6,1,0,0,55,16,60,40,4,0,0,2,0,0,0,0,1,0,0,6,1,1,0,1,0,2,0,14,0,1,1,4,0,0,26,1,0,8,0,0,0,0,0,1,0,88,0,0,4,3,0,0,0,0,1,2,0,7,1,0,0,0,0,0,0,0,0,0,0,0,60,1,18,4,1,172,1,3,9,4,5,0,21,96,86,0,0,23,48,0,0,7,7,1,1,0,0,0,0,0,16,0,0,0,0,0,0,1,1,0,0,0,0,2,0,0,0,0,0,2,0,0,0,13,1,1,0,1,1,9,0,1,0,2,2,0,0,1,25,0,0,0,0,0,0,1,0,0,0,0,1,0,0,0,0,0,0,0,0,24,0,1,12,0,0,2,0,1,0,357,0,27,0,2,2,1,0,7,0,0,0,0,1,0,0,1,0,0,5,12,0,1,13,36,3,1,7,37,5,1,66,4,2,0,18,0,0,0,37,0,4,0,0,1,66,0,87,0,1,0,0,0,0,0,0,0,0,0,0,0,0,0,0,0,0,0,0,0,0,0,0,254,1,0,1,0,0,1,0,0,3,1,22,1,0,0,197,3,0,0,0,0,0,0,0,0,0,0,0,1,0,1,0,0,0,0,1,0,0,0,25,0,0,4,0,2,0,2,0,0,1,0,0,0,3,1,45,0,1,0,4,0,0,0,0,5,0,0,0,0,0,3,5,8,0,3,9,1,8,2,96,0,1,1,0,3,2,0,2,0,0,0,0,0,1,0,0,0,3,176,7,3,0,0,1,0,0,3,0,0,0,0,0,0,3,0,0,0,0,8,37,0,0,0,1,1,0,2,0,1,0,2,0,0,0,0,0,1,0,2,4,1,0,1,0,0,6,1,0,0,0,1,0,0,0,0,0,0,0,3,0,8,0,0,1
175,1031,ESCOLA MUNICIPAL ALBERT SCHWEITZER,RUA DÉCIO BARRETO 153  -  VILA NSA SRA DA LUZ,CIDADE INDUSTRIAL,-25.5036674,-49.3236525,75,0,3975,3276,278,138,0,2,2,5,36,2,1,0,1,29,0,1,0,7,1,0,0,2,1,1,6,0,0,1,5,0,0,1,22,52,38,12,23,0,1,1,0,0,1,0,1,0,2,4,0,0,0,0,0,11,1,12,0,0,1,0,0,0,10,3,0,8,2,0,0,0,2,1,0,92,1,0,3,3,0,1,0,0,1,0,0,14,0,0,1,2,1,3,0,0,0,0,0,0,31,1,17,0,3,161,0,0,5,2,2,5,13,44,153,0,0,3,83,2,0,4,11,1,2,0,0,0,0,0,24,1,0,0,0,0,0,0,1,1,0,0,0,1,0,0,0,0,0,0,0,1,0,10,0,1,0,2,0,15,0,0,0,1,1,0,1,0,42,0,0,0,0,1,0,0,0,0,0,0,0,0,0,0,0,2,1,0,0,42,0,1,12,0,0,0,0,3,0,299,0,17,0,2,1,0,0,4,0,1,0,0,1,0,0,0,0,0,8,6,2,0,17,29,2,0,56,25,3,3,67,2,3,0,9,0,0,0,25,0,1,1,0,0,72,0,89,1,0,1,0,0,0,1,0,0,0,0,0,0,0,0,0,0,0,0,0,5,1,0,0,211,0,0,10,0,0,1,1,0,1,0,17,2,0,0,200,4,0,0,1,1,0,1,0,0,0,0,0,2,0,0,3,0,0,0,0,0,0,0,23,0,0,0,0,2,0,0,1,0,0,0,0,0,0,1,33,0,0,0,3,0,0,0,0,0,0,0,0,0,0,7,0,4,1,0,15,1,7,0,151,3,0,0,0,33,4,0,1,0,0,0,0,0,1,7,0,0,2,64,0,1,0,0,0,0,1,4,0,0,0,0,0,0,0,0,0,0,1,8,30,0,0,0,0,0,8,2,0,0,0,1,0,4,1,0,1,3,0,0,11,1,0,2,0,0,45,0,0,0,1,5,0,0,0,0,0,0,0,2,0,9,0,5,0
175,1040,COLÉGIO ESTADUAL PROFESSOR ALCYONE MORAES DE CASTRO VELLOZO,R GOVERNADOR CARLOS LACERDA- S/N - CJ OSWALDO CRUZ II - CIC -SUL,CIDADE INDUSTRIAL,-25.5130185,-49.3243603,75,0,4380,3411,251,132,0,3,0,15,35,3,3,3,2,40,2,1,1,6,0,1,1,1,0,3,7,0,1,0,12,0,0,0,34,45,31,16,12,0,0,0,0,0,0,0,0,0,3,18,0,2,0,2,0,1,5,17,0,0,0,0,1,0,9,3,2,11,2,0,0,0,2,0,0,94,1,0,7,3,1,1,0,0,1,0,1,15,0,0,0,0,0,0,0,0,0,0,0,0,39,0,25,1,6,201,0,0,4,3,2,1,10,65,132,0,0,45,72,1,0,1,2,2,4,0,0,0,0,0,27,0,0,0,0,1,0,0,0,0,0,0,0,1,0,0,0,0,1,0,0,1,0,7,1,0,0,3,2,20,0,0,0,3,0,0,0,0,44,0,0,0,0,1,1,1,0,0,1,0,3,0,0,0,1,1,0,0,0,40,1,0,19,0,2,0,0,1,0,247,0,7,0,7,2,0,0,9,1,1,0,0,3,0,0,0,0,0,6,16,1,2,29,37,8,5,15,33,2,3,80,2,4,0,22,0,3,0,23,0,10,0,0,0,63,1,89,0,0,0,0,0,0,0,0,0,0,0,0,0,0,0,0,0,0,0,0,5,0,1,0,245,0,1,2,0,0,0,1,0,5,1,36,3,1,0,210,3,1,0,1,0,0,0,0,0,0,1,1,3,0,0,0,1,0,0,0,0,0,0,34,0,0,0,0,1,0,2,0,1,0,0,2,0,0,0,58,0,0,0,2,0,0,1,0,0,6,0,1,0,0,5,0,6,2,0,13,5,2,1,128,1,0,0,0,9,0,0,2,0,0,0,0,0,1,1,0,1,0,62,0,1,0,1,1,0,0,1,0,0,0,0,0,0,1,0,0,0,1,12,46,0,1,0,1,0,13,0,0,0,0,2,0,2,1,0,0,0,0,0,11,1,1,1,0,0,25,1,4,0,0,5,0,0,0,0,1,0,0,1,1,13,0,0,0
175,1058,COLÉGIO ESTADUAL PROFESSOR BRASILIO VICENTE DE CASTRO,R SANTA  ÂNGELA FOLIGNO 45 - CJ OSWALDO CRUZ I - CIC-SUL,CIDADE INDUSTRIAL,-25.5114486,-49.3201112,75,0,4790,3886,233,147,0,3,3,2,39,4,3,0,3,41,0,1,0,5,0,1,0,0,0,4,4,0,1,0,13,0,0,0,34,33,34,17,22,1,2,0,0,0,0,0,0,0,0,14,0,0,0,1,0,9,1,15,0,0,0,1,0,0,10,5,0,19,1,0,0,0,0,1,0,49,0,0,2,3,1,0,0,0,0,0,2,16,0,0,0,0,1,2,0,0,0,0,1,0,17,3,14,3,4,207,0,1,6,6,4,2,1,56,151,0,0,13,111,1,0,3,18,0,1,0,0,0,2,0,37,1,0,0,0,0,0,0,0,2,0,0,0,3,0,0,2,1,1,0,0,4,0,24,0,0,0,4,2,20,0,0,1,4,0,0,0,0,52,0,0,0,0,0,0,1,0,0,1,0,0,0,0,0,0,1,1,1,0,30,0,4,22,0,0,0,0,4,0,389,0,21,0,8,11,1,0,8,0,0,0,1,6,0,0,2,0,0,8,9,1,0,24,51,3,3,18,39,0,5,78,1,2,0,25,0,0,0,32,0,6,0,0,0,67,1,99,0,0,1,0,0,0,1,0,0,0,0,0,0,0,0,0,0,0,0,0,2,0,0,0,362,0,1,13,0,0,0,2,0,2,0,46,5,0,0,325,5,0,0,6,0,0,2,0,0,1,0,0,0,0,0,0,0,0,0,0,0,0,0,36,0,0,0,0,3,1,4,1,0,0,0,0,2,0,0,51,0,3,0,3,0,0,1,0,0,1,0,0,0,0,6,4,7,3,0,15,1,13,4,131,0,0,0,0,9,4,2,1,1,0,0,0,0,3,1,0,0,0,61,2,1,0,0,0,0,0,5,0,0,0,0,0,0,0,0,0,0,0,11,76,1,0,0,2,1,6,2,0,1,0,0,0,3,0,3,0,0,0,2,7,0,0,3,0,0,19,1,0,0,0,8,0,0,0,0,0,0,0,5,0,6,1,3,1
175,1066,COLÉGIO ESTADUAL PROFESSORA DIRCE CELESTINO DO AMARAL,R PEDRO GUSSO 2020 - CJ OSWALDO CRUZ I -  CIC-SUL,CIDADE INDUSTRIAL,-25.506362,-49.3205035,75,0,3310,2643,156,83,0,2,3,6,25,3,2,1,1,18,0,1,0,8,0,1,1,0,0,2,9,2,0,0,7,0,0,0,28,22,28,22,8,1,0,1,0,0,0,0,0,1,3,4,1,0,1,2,1,6,0,13,0,0,0,0,0,1,5,7,0,4,3,0,0,0,0,0,0,71,0,0,1,0,0,0,0,0,0,0,1,5,0,0,0,0,0,0,0,0,0,0,1,0,17,1,16,0,0,141,0,0,2,3,8,2,6,45,90,0,0,11,57,0,0,0,11,0,2,1,0,0,0,0,16,2,0,1,0,0,0,0,1,0,0,1,0,1,0,0,0,0,0,0,0,2,0,10,0,1,0,7,1,16,0,0,0,1,0,0,0,0,26,1,0,0,0,0,0,0,0,0,0,0,0,0,1,0,0,0,0,0,0,31,0,0,20,0,0,1,0,2,0,181,0,14,0,0,5,0,0,14,0,0,0,0,3,0,0,0,0,0,6,14,1,1,12,28,1,1,20,26,2,6,72,1,2,0,5,0,0,1,31,1,4,2,1,0,67,0,74,0,1,1,0,0,1,0,0,0,0,0,0,0,0,0,0,0,0,1,0,1,0,0,1,254,0,0,8,0,0,0,1,0,0,0,21,1,0,0,224,9,0,0,3,0,0,2,0,0,0,2,1,1,0,2,1,1,0,0,0,0,0,0,19,0,0,0,0,2,0,0,0,0,0,0,0,2,1,0,25,0,0,0,3,0,0,0,1,0,0,0,1,0,0,4,3,5,8,0,10,2,3,0,98,1,0,0,0,12,0,0,2,3,0,0,0,1,0,0,0,0,1,31,0,1,1,0,0,0,1,1,0,0,0,0,0,0,1,0,0,0,0,10,54,0,0,0,1,0,2,1,0,3,2,1,0,6,0,1,0,2,0,1,3,0,0,4,0,0,25,0,0,2,0,12,0,0,0,0,0,0,0,0,0,8,0,2,0
175,1074,ESCOLA MUNICIPAL DOM BOSCO,"R NOSSA SENHORADA CABEÇA, 1181 - CONJ MAUÁ - CONJ RONDON CIC-SUL",CIDADE INDUSTRIAL,-25.495799,-49.315535,75,0,2032,1700,80,74,0,1,2,3,20,4,1,0,0,17,0,0,0,4,0,0,0,0,1,0,3,0,0,1,12,0,0,0,25,16,13,10,7,0,0,1,0,0,0,0,0,0,2,5,1,0,0,3,0,4,1,8,0,0,0,0,0,0,7,2,0,4,6,0,0,0,1,0,0,25,1,1,0,0,0,0,0,0,0,0,0,8,0,0,0,0,0,2,0,0,0,0,0,0,3,1,5,0,1,103,0,0,2,5,5,1,5,24,65,0,1,3,22,1,0,0,5,1,0,0,0,0,0,0,14,0,0,0,0,0,0,0,0,0,1,0,0,0,0,0,0,0,0,0,0,0,0,5,0,0,0,4,4,8,0,0,0,2,0,0,0,0,31,0,0,0,0,0,0,3,0,0,0,0,0,0,0,0,0,0,1,0,0,19,0,2,8,0,0,0,0,0,0,119,0,15,0,3,2,0,0,8,0,0,0,0,5,0,0,0,0,0,6,8,0,0,6,23,0,1,14,9,1,0,58,0,0,0,7,0,0,0,21,0,1,0,0,0,28,0,51,0,0,0,0,0,0,0,0,0,0,0,0,0,1,0,0,0,0,0,0,2,0,0,0,166,0,0,12,0,1,0,1,0,0,0,15,0,0,0,136,2,0,0,1,0,0,3,0,0,0,0,0,2,0,0,0,0,0,0,0,0,0,0,21,0,0,0,0,0,1,1,0,0,0,0,0,0,0,0,12,0,0,0,3,0,0,0,0,0,1,0,0,0,0,1,5,3,12,0,5,3,0,0,44,0,0,0,0,4,0,0,5,0,0,0,0,0,0,1,0,0,0,27,0,0,1,0,0,0,0,1,0,0,0,0,0,0,1,0,0,0,0,7,33,0,4,0,1,0,1,1,1,4,0,0,0,2,1,1,0,3,0,2,3,0,0,6,0,0,13,0,0,0,0,2,0,0,0,0,0,0,0,0,0,4,0,0,0
175,1082,COLÉGIO ESTADUAL IVO LEAO,R NSA SRA DA CABECA 1183 -CJ VISC MAUA/CJ RONDON CIC SUL,CIDADE INDUSTRIAL,-25.4959634,-49.3165537,75,0,5118,4091,245,144,0,7,1,2,43,7,3,1,1,44,0,1,0,7,1,1,1,4,4,0,6,0,0,1,15,0,0,0,53,54,34,24,6,0,1,3,0,0,0,0,3,0,3,5,0,0,0,2,1,5,0,19,0,0,0,1,2,1,23,10,1,12,6,1,0,0,1,0,0,67,0,0,4,0,2,0,0,0,0,0,0,25,0,0,0,0,0,2,0,0,0,1,0,0,18,3,20,0,5,234,1,0,9,12,3,5,10,73,118,0,0,3,121,1,0,2,15,1,3,0,0,0,0,0,37,0,0,3,0,0,0,0,0,1,0,0,1,3,0,0,0,1,0,1,0,1,0,9,0,3,0,3,5,23,0,1,0,2,0,0,0,0,39,0,0,0,0,0,0,1,0,0,2,0,0,0,2,0,0,0,0,0,0,45,0,1,25,0,0,0,0,3,0,277,0,20,0,8,14,1,2,21,0,1,0,0,6,0,0,1,0,0,9,19,1,1,8,52,4,0,25,43,0,2,106,3,4,0,16,0,0,0,42,0,6,1,0,1,87,1,104,0,0,0,0,0,0,0,0,0,0,0,0,2,0,0,0,0,0,0,0,1,0,0,0,391,0,0,29,0,3,0,2,0,1,0,54,5,0,0,376,5,0,0,8,1,0,0,0,0,0,0,1,10,0,0,0,0,0,0,0,0,0,0,42,0,0,0,0,2,2,5,0,1,0,0,0,0,0,1,23,0,0,0,11,0,0,0,0,1,1,0,0,0,0,5,5,9,3,0,10,5,5,0,146,0,0,0,0,13,1,2,5,0,0,0,0,0,3,2,0,0,4,47,0,0,0,0,0,0,0,2,0,0,0,0,0,1,3,0,0,0,0,16,63,1,0,0,1,1,7,1,0,3,0,5,0,0,1,1,0,4,4,2,11,1,0,10,3,0,18,0,2,0,2,9,0,0,0,0,0,0,0,0,1,7,0,2,0
175,1090,ESCOLA MUNICIPAL JOAQUIM TAVORA,"R ANGELINA TURESSO CAVALIM,  90 -CJ OSWALDO CRUZ II CIC-SUL",CIDADE INDUSTRIAL,-25.5152795,-49.3264875,75,0,3476,2868,217,106,0,4,0,15,41,4,3,1,0,25,0,0,0,6,0,0,0,2,4,0,4,1,0,0,6,0,0,0,31,43,52,17,10,0,0,0,0,0,2,0,0,0,5,11,0,0,0,1,0,0,0,12,0,0,0,0,0,0,2,4,0,6,8,0,0,0,0,2,0,92,0,0,0,1,1,0,0,0,0,0,0,13,0,0,0,0,0,0,0,0,0,0,0,0,34,1,40,1,7,159,1,0,10,3,0,1,12,39,117,5,0,64,59,0,0,3,6,0,0,0,0,0,1,0,28,0,2,0,0,0,1,0,0,0,0,0,0,0,0,0,0,0,0,1,0,0,0,6,0,0,0,1,3,18,0,0,2,1,0,1,0,0,34,0,0,0,0,0,0,1,0,0,0,0,0,0,0,0,0,1,0,0,0,25,1,0,20,0,1,0,0,2,0,224,1,7,0,2,3,0,0,12,0,0,1,0,2,0,0,0,0,0,7,15,1,0,24,35,4,2,12,24,0,2,65,0,1,0,19,0,0,0,20,0,5,0,0,0,80,1,72,0,0,1,2,0,0,0,0,0,0,0,0,0,0,0,0,0,0,0,0,1,0,0,0,155,0,0,5,0,0,2,0,0,1,0,20,0,1,0,171,6,0,0,3,1,0,0,0,0,0,2,0,2,0,0,0,0,0,0,0,0,0,0,23,0,0,0,0,0,0,0,0,0,0,0,0,0,0,2,33,0,0,0,5,0,0,0,0,0,0,0,0,0,0,6,6,5,9,0,19,3,3,0,104,3,1,0,0,11,2,3,3,0,0,0,0,0,0,1,0,0,1,40,1,1,0,0,0,0,0,1,0,0,0,0,1,0,2,0,0,0,0,7,32,1,0,0,0,0,8,2,0,0,0,1,0,2,0,0,0,0,0,1,8,0,0,2,0,0,20,1,1,0,0,4,0,0,0,0,0,0,0,2,1,8,0,0,0
175,1104,ESCOLA MUNICIPAL CEI MONTEIRO LOBATO,"R GUILHERME FUGMANN, 501 VL NOSSA  SRA DA LUZ  DOS PINHAIS - CIC",CIDADE INDUSTRIAL,-25.5013104,-49.3204583,75,0,2404,1861,152,69,0,4,0,4,27,2,3,0,2,20,0,0,0,4,0,0,0,0,0,0,2,1,0,0,2,0,0,0,18,29,19,7,4,0,1,1,0,0,1,0,0,0,1,2,0,0,0,10,0,6,0,4,0,0,0,3,0,0,6,3,0,12,1,0,0,0,0,0,0,51,0,2,0,0,0,2,0,0,0,1,1,11,2,0,0,0,0,0,0,0,0,0,0,0,18,0,13,1,4,105,0,0,4,0,4,6,9,15,62,0,2,1,49,0,0,1,3,0,0,1,0,0,0,0,11,2,0,0,0,0,0,0,1,0,0,0,0,0,0,0,0,0,0,0,0,0,0,2,0,0,0,1,0,6,0,3,1,0,0,0,0,0,23,0,0,0,0,0,0,0,1,0,2,0,0,0,2,0,1,1,1,1,0,23,0,0,13,0,0,0,2,1,0,129,0,7,0,1,3,0,0,2,1,1,0,0,2,0,0,0,0,0,5,3,0,0,20,19,4,0,36,17,0,2,49,1,0,0,2,0,0,0,16,0,3,0,0,0,41,0,45,0,1,0,0,0,0,0,0,0,0,0,0,0,0,0,0,0,0,0,0,0,0,0,0,151,0,1,4,0,0,0,1,0,2,0,12,1,0,0,119,3,0,0,1,0,0,0,0,0,0,0,0,2,1,2,0,0,0,0,0,0,0,0,19,0,0,0,0,0,0,1,0,1,0,0,0,0,0,0,27,0,0,0,2,0,0,0,0,0,0,1,0,0,0,2,5,3,0,0,6,2,3,0,84,0,0,0,0,4,2,0,1,0,0,0,0,0,1,0,0,0,0,27,0,0,0,0,0,0,0,2,0,1,0,0,0,0,2,0,0,0,0,8,12,0,1,0,1,0,7,2,0,0,0,0,0,0,0,0,0,1,1,1,7,0,0,3,0,0,16,0,1,1,0,0,0,0,0,0,0,0,0,2,0,4,0,1,0
175,1112,ESCOLA MUNICIPAL NOSSA SENHORA DA LUZ DOS PINHAIS - CIC,"RUA DAVI XAVIER DA SILVA, 841   VL N. S. DA LUZ DOS PINHAIS - CIC-SUL",CIDADE INDUSTRIAL,-25.5081359,-49.3254334,75,0,2311,1801,136,85,0,4,1,6,22,2,1,1,1,15,2,0,2,5,0,2,0,1,0,0,6,0,0,1,6,0,0,0,29,11,21,6,8,0,0,0,0,0,0,0,0,0,0,1,0,0,0,0,0,3,1,10,1,0,0,4,0,0,7,2,0,3,3,0,0,0,0,1,0,56,1,0,0,0,0,0,0,0,1,0,0,8,0,0,0,0,0,1,0,0,0,0,0,0,37,0,9,4,2,66,0,0,5,1,1,2,5,17,95,1,0,12,35,0,0,0,3,0,0,0,0,0,0,0,7,0,0,0,0,0,0,0,0,0,0,0,0,1,0,0,0,0,0,2,0,0,0,5,0,1,0,0,1,7,0,0,1,1,0,0,0,0,24,0,0,0,0,2,0,1,0,0,0,0,0,0,0,0,0,0,1,0,0,28,0,0,8,0,0,0,0,1,0,115,0,0,0,2,0,2,0,2,0,1,0,0,2,0,0,0,0,0,2,4,0,0,7,21,1,0,25,18,0,2,46,1,0,0,9,0,0,0,27,0,0,0,0,0,45,0,38,0,0,0,0,0,4,0,0,0,1,0,0,0,0,0,0,0,0,0,0,0,0,0,0,134,2,0,1,0,0,0,0,0,0,0,8,0,0,0,82,6,0,0,0,0,0,0,0,0,0,0,0,3,0,0,3,0,0,0,0,0,0,0,7,0,0,0,0,1,0,0,0,0,0,0,0,1,0,0,40,0,0,0,3,0,0,0,0,0,0,0,0,0,0,2,0,4,2,0,12,2,2,0,84,1,0,0,0,9,2,0,3,0,1,0,0,0,0,1,0,0,1,37,0,0,0,0,0,0,0,0,0,0,0,0,0,0,1,0,0,0,0,14,25,0,0,0,1,1,3,0,0,0,0,0,0,2,1,0,0,1,0,1,12,0,0,2,1,0,35,0,0,1,0,3,0,0,0,0,0,0,0,0,0,5,0,0,0
175,1198,ESCOLA MUNICIPAL PROFESSORA JOANA RAKSA,"RUA FRANCISCA BERALDE PAOLINI, 99 - CAXIMBA",CAXIMBA,-25.618904,-49.3485668,70,0,2911,2232,239,72,0,8,2,10,26,1,0,0,2,23,0,1,1,4,0,0,0,0,2,2,9,1,1,0,4,0,0,0,30,28,192,16,9,0,0,1,0,0,0,0,0,0,2,1,0,0,0,0,0,0,1,18,0,0,2,0,0,2,8,0,1,4,3,1,2,1,0,1,1,41,0,0,2,7,1,0,0,0,0,0,1,10,0,0,0,0,0,0,0,0,0,0,0,0,3,0,14,2,6,80,0,0,6,1,2,0,2,34,73,0,1,8,25,0,0,4,2,0,0,0,0,0,0,0,9,0,1,3,0,1,0,0,0,0,0,0,0,1,0,0,0,0,0,4,0,0,0,8,0,0,0,4,0,4,0,0,0,0,0,1,0,1,12,1,0,0,1,1,0,0,0,0,1,0,2,0,2,0,0,0,0,0,0,21,0,0,10,0,0,0,0,1,0,94,0,9,0,6,0,0,0,0,0,0,0,0,6,0,0,0,0,0,8,12,0,2,20,13,2,2,2,59,4,2,48,0,1,0,17,0,1,0,26,0,2,0,0,0,76,0,80,0,0,0,0,0,0,0,0,1,0,0,0,0,0,0,0,0,0,0,0,0,0,0,0,125,0,0,1,0,0,0,1,0,0,1,16,1,0,0,108,3,0,0,0,0,0,0,0,0,0,0,0,1,0,0,0,0,0,0,0,0,0,0,9,0,0,0,0,2,0,1,1,0,0,1,0,0,0,0,61,0,0,0,2,0,0,0,0,0,0,0,0,0,0,13,1,2,1,0,19,0,0,1,68,0,0,0,0,4,0,0,9,0,0,0,0,1,1,0,0,0,2,42,3,2,0,1,0,0,0,0,0,2,0,0,0,0,2,0,0,0,0,3,33,0,1,0,0,0,1,1,0,0,0,1,0,0,2,0,0,0,0,0,10,0,0,2,0,0,9,2,0,0,0,1,0,1,0,0,0,0,0,0,0,16,1,1,0
175,1201,COLÉGIO ESTADUAL GUILHERME PEREIRA NETO,"RUA DELEGADO BRUNO DE ALMEIDA, 4386 - CAMPO DE SANTANA",CAMPO DE SANTANA,-25.594745,-49.3223303,71,0,2641,2075,190,89,0,1,2,4,14,1,2,0,0,21,0,0,0,6,0,0,0,1,2,3,5,0,0,0,2,0,0,0,25,26,62,13,7,0,1,0,0,0,1,0,0,0,2,2,0,1,0,0,0,2,4,20,0,0,0,2,0,0,4,7,0,6,0,0,0,0,4,0,0,50,0,0,3,1,2,0,0,0,0,2,0,7,0,0,0,0,0,0,0,0,0,0,0,0,20,0,15,1,3,97,0,1,9,5,3,0,3,25,52,0,0,3,40,0,0,2,9,0,1,0,0,0,0,0,13,0,0,0,1,0,0,0,0,0,0,0,0,1,0,0,0,1,0,7,0,1,0,7,0,0,0,0,1,3,0,0,0,3,0,0,0,0,22,0,0,0,0,0,1,1,0,0,1,0,0,0,0,0,0,0,0,0,0,21,1,0,13,0,0,0,0,1,0,102,0,8,0,6,5,0,2,7,0,0,0,0,0,0,0,0,0,0,2,8,0,0,11,17,2,5,5,33,0,0,37,0,1,0,15,0,0,0,39,0,4,0,0,0,68,1,63,0,0,0,0,0,2,1,0,0,0,0,0,0,0,0,0,0,0,0,0,0,0,0,0,139,0,3,6,0,0,0,0,0,1,0,14,0,0,0,134,2,0,0,1,0,0,0,0,0,0,0,0,1,0,0,0,6,0,0,0,0,0,0,15,0,0,0,0,0,0,7,0,0,0,0,1,0,0,0,76,0,0,0,2,0,0,0,0,0,1,0,0,0,0,0,6,9,3,0,5,0,2,0,76,0,0,0,0,3,4,0,4,1,0,1,0,0,0,2,0,0,2,44,0,3,1,0,0,0,0,3,0,1,0,0,1,0,0,0,0,0,0,2,20,1,0,0,0,0,3,0,0,2,0,0,0,0,0,0,0,0,1,2,6,0,3,5,0,0,6,1,1,1,0,2,0,0,0,0,0,0,0,0,0,9,0,1,0
175,1210,ESCOLA MUNICIPAL CEI PROFESSOR ANTÔNIO PIETRUZA,"RUA JOÃO AMADEU PEDRO BOM, 135 - VILA PALMEIRA - TATUQUARA",TATUQUARA,-25.5508818,-49.2946267,74,0,3353,2675,259,110,0,8,3,4,39,8,0,0,3,27,1,0,0,11,0,0,0,0,1,5,6,1,0,0,8,0,0,1,58,13,315,10,4,0,0,0,0,0,0,2,0,0,1,0,0,0,0,0,0,1,0,11,0,0,0,2,0,0,15,11,0,9,0,0,0,0,0,0,0,45,1,1,1,1,0,2,0,0,0,2,2,12,0,0,0,0,2,0,0,0,0,0,0,0,16,3,7,5,1,82,2,1,3,0,3,2,7,30,70,0,0,14,48,1,0,4,4,0,6,1,0,0,0,1,12,1,0,1,0,0,1,0,0,0,0,0,0,2,0,0,0,0,0,4,0,0,0,9,0,0,0,1,1,17,0,1,0,1,0,0,0,0,24,0,0,0,0,1,0,1,0,0,1,0,0,0,0,0,0,0,0,0,0,40,0,1,12,0,0,0,0,3,0,107,0,10,0,3,7,4,0,9,0,0,2,0,11,0,0,0,0,0,3,12,0,0,16,36,2,1,10,51,1,0,54,1,2,0,21,0,0,0,21,0,1,0,0,0,79,3,63,0,0,1,0,0,0,0,0,0,0,0,0,0,0,0,0,0,0,0,0,0,0,2,0,183,0,1,3,0,0,0,2,0,0,1,20,3,1,0,166,3,0,0,1,0,0,1,0,0,0,1,0,1,1,0,0,0,0,0,0,0,0,0,11,0,0,0,0,2,0,1,0,0,0,0,0,0,0,3,45,0,0,0,5,0,0,0,0,0,0,0,0,0,0,1,2,5,0,0,6,0,4,0,71,1,0,0,0,4,1,0,2,0,0,0,0,0,3,1,0,1,2,40,0,1,0,0,0,0,0,3,0,0,0,0,0,0,0,0,0,0,0,4,30,0,0,0,0,0,8,0,0,0,0,1,0,2,0,0,0,1,0,2,4,0,1,5,2,0,5,0,1,0,0,5,0,0,0,0,0,0,0,1,0,5,0,1,0
175,1236,ESCOLA MUNICIPAL PROFESSORA AMÉRICA DA COSTA SABOIA,"RUA EMILIO ROMANI, 2480 - VILA VERDE - CIC SUL",CIDADE INDUSTRIAL,-25.5312208,-49.3349273,75,0,3422,2672,258,109,0,5,4,12,29,2,2,0,1,24,1,1,0,10,0,0,0,3,8,4,3,0,0,0,3,0,0,0,38,7,49,15,10,0,0,1,0,0,1,0,0,0,0,1,0,0,0,0,1,1,0,9,0,0,1,0,3,0,20,3,0,4,1,1,0,0,0,0,0,89,0,0,2,1,0,0,1,0,2,0,1,2,0,0,0,0,1,0,0,0,0,0,0,0,84,1,10,0,5,117,2,1,3,5,3,2,5,26,85,0,0,20,46,4,0,1,8,0,1,0,0,0,0,0,7,0,0,2,0,0,2,1,0,0,0,0,0,0,0,0,0,2,1,0,0,0,0,8,0,0,0,3,0,8,0,1,0,0,0,0,0,1,18,0,1,0,0,0,0,0,0,0,1,0,0,0,0,0,0,0,1,0,0,12,1,1,19,1,1,0,0,0,0,204,0,2,1,6,0,0,0,0,0,0,0,0,0,0,0,0,0,0,2,8,1,1,5,32,5,0,12,15,1,0,63,2,2,0,4,1,0,0,9,0,3,0,0,1,62,0,79,0,0,0,0,0,0,0,0,0,0,0,0,0,0,0,0,0,0,0,0,4,0,0,0,191,0,1,4,0,0,0,1,0,3,0,17,2,1,0,136,3,0,0,2,0,0,0,0,0,0,0,0,0,0,0,0,0,0,0,0,0,0,0,13,0,0,0,0,3,0,0,0,1,0,0,1,0,0,0,41,0,0,0,4,0,0,0,0,0,0,0,0,0,0,0,0,5,0,1,8,0,3,2,203,22,0,0,0,2,4,2,2,1,0,0,0,0,0,0,0,0,0,78,13,1,1,0,0,0,0,1,0,0,2,0,0,0,0,1,0,0,0,0,39,0,0,0,0,0,3,0,0,2,0,2,0,4,0,5,0,2,1,0,6,0,0,2,1,0,13,0,1,0,0,7,0,0,1,0,0,0,0,0,0,17,0,0,0
175,1244,ESCOLA MUNICIPAL DONA POMPÍLIA,"RUA JOVENILSON AMÉRICO DE OLIVEIRA, 240 - JARDIM DA ORDEM - TATUQUARA",TATUQUARA,-25.5593434,-49.3314121,74,0,4575,3609,346,135,0,8,5,13,59,3,2,3,4,22,2,0,0,7,1,0,0,3,4,2,9,0,0,0,9,1,0,1,72,26,198,18,71,0,0,2,0,0,1,0,1,0,4,5,1,0,0,0,0,4,1,22,0,0,0,1,0,1,30,5,2,13,22,0,0,0,1,1,0,82,1,0,3,0,1,0,0,0,1,0,2,12,1,0,0,0,0,0,0,2,0,0,0,0,69,0,40,2,4,167,0,1,3,0,3,1,7,45,133,1,1,10,60,0,0,2,9,0,6,0,0,0,0,0,20,0,0,0,0,1,0,0,2,1,0,0,0,1,0,0,0,2,0,2,0,0,0,27,0,2,0,8,7,5,0,0,0,0,0,0,0,1,32,0,0,0,0,0,0,0,0,1,1,0,0,0,1,1,0,0,1,0,0,35,0,0,10,0,0,1,0,1,0,168,0,3,0,9,4,0,0,5,0,0,0,0,8,0,1,0,0,0,11,9,1,0,13,37,9,6,3,58,3,2,60,0,1,1,16,0,0,2,49,0,2,0,0,0,112,0,106,0,0,0,0,0,0,0,0,1,0,0,0,0,3,0,0,0,0,0,1,1,0,0,0,244,0,1,3,0,0,0,3,0,2,1,23,1,1,3,168,1,0,0,0,1,0,0,0,0,0,0,0,3,0,0,0,1,0,0,0,0,0,0,11,0,0,0,0,3,0,5,0,0,0,0,0,0,0,0,54,0,0,0,13,0,0,0,0,0,1,0,0,0,0,9,4,5,6,0,5,0,2,2,126,0,0,0,0,8,1,0,6,2,0,0,2,0,0,0,0,0,0,82,2,0,0,0,0,0,0,1,0,0,0,0,0,0,0,0,0,0,0,6,40,0,0,0,1,1,7,1,0,0,0,2,0,3,1,2,0,2,0,3,7,1,2,6,0,0,16,1,1,0,0,3,0,0,0,0,0,0,0,0,0,17,0,2,0
175,1260,ESCOLA MUNICIPAL PROFESSOR DARIO PERSIANO DE CASTRO VELLOZO,"RUA DESEMBARGADOR CID CAMPELLO, 4630  CIC SUL",CIDADE INDUSTRIAL,-25.5095036,-49.3353435,75,0,3528,2730,273,111,0,3,2,11,37,2,1,3,1,19,0,0,0,4,0,1,0,4,2,4,9,0,1,0,5,2,0,0,30,33,53,20,8,0,0,0,0,0,0,1,0,0,2,6,1,0,2,1,0,0,2,21,0,0,1,3,0,3,6,0,0,11,0,0,0,0,0,0,0,60,2,0,0,3,1,0,0,0,1,0,1,6,0,0,0,0,0,0,0,0,0,0,0,0,32,0,22,2,2,117,0,2,8,3,1,0,9,47,77,0,0,25,57,0,1,2,2,1,1,0,0,0,0,0,10,0,0,0,0,0,0,0,0,1,0,0,0,1,0,0,0,0,0,0,0,0,0,4,0,0,0,0,1,5,0,1,1,0,0,0,0,0,28,0,0,0,0,0,0,0,0,0,1,0,0,0,4,0,0,2,0,0,0,19,0,0,11,0,1,0,1,2,0,269,0,7,0,1,4,0,0,6,0,0,0,1,1,0,1,2,0,0,11,28,1,1,6,26,3,0,19,15,1,1,71,1,0,0,19,0,0,0,18,0,7,0,0,0,78,1,88,0,1,1,0,0,0,0,0,2,0,0,0,0,0,0,1,0,0,0,0,2,0,0,0,167,0,0,9,1,0,1,2,0,0,1,24,3,0,0,181,3,0,0,1,0,0,0,0,1,0,0,0,2,0,2,0,0,0,0,1,0,0,0,10,0,0,1,0,0,1,4,0,0,0,0,0,1,0,0,29,0,0,0,6,0,0,0,0,2,1,0,1,0,0,5,4,3,2,0,2,1,1,1,74,2,0,0,1,6,4,0,1,0,0,0,0,0,0,0,0,0,0,69,2,2,0,0,0,0,0,0,0,0,8,0,0,0,0,0,0,0,1,7,37,0,2,0,1,0,15,1,0,0,0,1,0,1,0,1,0,1,1,4,8,0,0,2,0,0,12,0,1,0,0,2,0,0,0,1,0,0,0,1,0,16,0,0,0
175,1279,COLÉGIO ESTADUAL RODOLPHO ZANINELLI,"RUA ANTÔNIA MOLINA BELLA, 610 - VILA VERDE - CIC",CIDADE INDUSTRIAL,-25.5273212,-49.3344031,75,0,5336,4115,430,190,0,4,2,9,44,3,2,1,2,29,2,1,0,14,0,2,1,5,4,2,6,0,1,0,17,0,0,0,26,24,48,15,6,0,0,1,0,0,1,0,0,0,0,5,0,0,0,1,0,3,0,17,1,0,2,4,1,0,35,3,0,7,4,2,1,0,0,0,0,96,1,0,3,1,2,1,0,0,1,0,2,13,0,0,0,0,2,0,0,0,0,0,0,0,118,6,10,2,7,210,0,5,4,4,8,1,10,31,124,0,0,35,85,0,0,5,5,2,6,0,0,1,0,0,31,0,0,0,0,0,2,8,1,1,0,0,0,1,1,0,0,1,0,0,0,0,0,18,0,0,0,5,1,8,0,1,1,8,1,0,0,0,16,0,0,0,1,1,0,2,0,0,3,0,0,0,1,0,0,1,2,0,1,25,0,2,22,0,0,0,0,1,1,355,0,7,0,1,4,1,0,7,1,0,0,0,2,0,0,0,0,0,10,18,0,0,3,55,12,1,9,48,1,0,68,0,1,0,11,0,0,0,25,0,5,0,0,0,95,1,105,0,0,1,0,0,0,0,0,0,0,0,0,0,0,0,0,0,0,0,0,1,0,0,0,268,0,1,6,0,0,0,0,0,1,0,27,4,0,0,267,3,0,0,0,2,0,0,0,0,0,0,0,6,0,1,0,0,0,0,0,0,0,0,13,0,0,0,0,3,1,2,0,0,0,0,0,0,2,0,80,0,0,0,2,0,0,0,0,1,0,0,0,0,0,2,2,7,0,0,3,0,3,0,320,23,0,0,1,5,5,0,5,0,0,0,0,0,0,0,0,0,0,90,20,1,1,0,0,0,0,3,0,0,0,0,0,0,0,0,0,0,0,1,51,0,0,0,4,0,4,0,0,0,0,1,0,1,0,2,0,1,2,0,8,0,2,13,1,0,15,0,0,1,0,14,0,0,0,0,0,0,0,0,0,16,0,2,0
175,1287,COLÉGIO ESTADUAL ARLINDO CARVALHO DE AMORIM,"RUA DESEMBARGADOR CID CAMPELLO,  6301 - CIC SUL",CIDADE INDUSTRIAL,-25.4956875,-49.338106,75,0,4646,3564,375,156,0,8,3,11,38,5,4,1,4,35,0,0,0,2,0,0,0,3,2,3,6,2,1,0,3,1,0,1,59,16,38,24,7,0,0,0,0,0,0,0,0,0,0,7,1,0,1,3,0,5,0,61,1,0,2,0,0,0,13,12,0,14,3,3,0,0,0,0,0,62,2,0,2,1,0,3,1,0,0,0,3,14,1,0,0,0,1,0,0,0,0,0,0,0,43,7,23,1,6,124,0,0,5,3,5,1,12,65,100,1,0,14,63,0,0,4,6,1,9,2,0,0,0,1,22,2,1,0,0,0,1,0,0,0,2,0,0,0,0,0,3,0,0,0,0,0,0,7,0,0,0,0,0,14,0,0,0,7,0,0,0,0,21,0,0,2,0,0,0,1,0,0,3,0,0,0,3,0,0,3,0,0,0,11,0,2,16,1,0,3,2,1,0,411,0,17,0,3,6,1,0,20,0,0,0,0,5,0,0,0,0,0,9,25,1,0,17,42,12,0,9,35,2,2,69,0,0,0,22,0,0,0,34,1,5,0,0,0,83,0,84,0,0,1,0,0,0,0,0,1,0,1,0,0,0,0,0,0,0,0,0,2,0,0,0,237,0,0,11,0,0,0,2,0,1,0,27,2,0,0,229,4,0,0,0,0,0,0,0,0,1,0,1,1,0,2,1,0,0,0,0,0,0,0,18,1,0,4,0,4,1,0,0,3,0,0,0,0,2,1,63,0,0,0,6,0,0,0,0,1,7,0,0,0,0,7,0,7,1,1,5,1,12,0,97,2,1,0,0,3,0,0,8,0,0,0,0,0,1,1,0,0,0,107,3,2,0,0,0,0,0,1,0,3,0,0,0,0,0,0,0,0,0,5,32,1,0,0,1,1,6,0,0,1,0,0,0,7,0,0,0,1,2,2,6,0,0,5,0,0,10,1,0,0,0,4,0,0,0,0,0,0,0,0,0,17,0,1,0
175,1295,ESCOLA MUNICIPAL SANTA ANA MESTRA,"RUA JOÃO PEREIRA TRINDADE, 265 - MORADIAS JAMAICA - CAMPO DO SANTANA",CAMPO DE SANTANA,-25.5848078,-49.3236081,71,0,4352,3423,324,128,0,2,1,14,40,6,3,0,1,32,2,0,0,12,0,0,0,3,1,4,2,1,2,0,1,0,1,0,68,23,103,35,15,0,0,3,0,0,0,0,0,0,4,0,0,0,1,0,0,9,0,26,0,0,1,3,1,0,15,1,0,11,5,1,0,0,0,0,0,48,1,0,5,1,0,1,1,0,0,0,0,11,0,0,0,0,0,1,0,0,0,0,1,0,19,1,11,1,13,164,0,2,4,1,2,4,14,46,81,0,0,10,79,0,0,3,1,1,7,0,0,0,1,1,19,0,0,3,5,0,0,0,0,5,0,0,0,1,0,0,0,0,0,38,0,1,0,26,0,1,0,1,2,11,0,1,1,7,0,0,0,0,41,0,0,2,0,2,0,1,0,0,1,0,0,0,0,0,0,0,0,0,0,45,0,2,10,0,0,0,0,9,0,183,1,6,0,3,0,1,0,17,0,0,0,0,3,0,0,0,0,0,6,16,0,2,9,49,6,1,16,61,1,11,90,0,3,1,7,1,1,0,43,0,2,0,0,0,106,0,101,0,0,1,0,0,0,0,0,0,0,0,0,0,0,0,0,0,0,0,0,2,0,0,0,238,0,1,7,0,0,0,0,0,2,0,26,1,0,0,242,4,0,0,0,0,0,0,0,0,0,1,0,0,0,0,0,2,0,0,0,0,0,0,9,0,0,0,0,2,0,4,0,0,0,3,0,0,0,0,67,0,0,0,6,0,0,0,0,1,0,0,0,0,0,6,3,4,2,1,8,3,3,0,128,1,0,0,1,5,12,2,2,0,0,0,0,0,0,0,0,1,0,42,0,2,0,0,0,0,2,1,0,2,0,0,0,0,2,0,0,0,0,12,49,0,0,0,2,2,3,0,0,4,0,3,0,2,1,7,0,3,0,1,11,1,1,4,0,0,18,0,1,1,0,3,0,0,0,0,0,0,0,2,0,17,0,0,0
175,1309,ESCOLA MUNICIPAL PROFESSOR DARCY RIBEIRO,"RUA  ENETTE DUBARD, 90 - MORADIAS SANTA RITA - TATUQUARA",TATUQUARA,-25.5602553,-49.3389675,74,0,4934,3971,339,139,0,7,3,6,42,9,7,5,0,39,1,0,0,12,0,1,2,2,2,3,12,1,0,0,2,0,0,0,87,30,158,19,30,0,0,1,0,0,0,1,0,0,2,6,2,4,1,1,0,5,1,81,0,0,1,1,0,0,38,9,0,20,17,0,0,0,0,1,0,87,0,0,3,4,5,0,0,0,5,0,0,14,1,0,0,0,0,1,0,1,0,0,0,0,81,2,35,1,10,180,0,1,10,1,6,2,5,51,114,0,1,6,74,0,0,7,11,0,3,1,0,0,0,0,11,0,0,1,0,0,1,0,6,2,1,0,0,3,0,0,0,0,0,0,0,0,0,30,0,0,0,7,1,15,0,0,1,1,1,0,0,0,47,0,0,0,0,0,0,1,0,0,4,0,0,0,2,3,0,0,1,0,0,45,0,0,16,0,0,0,0,8,0,241,0,15,0,12,3,2,0,4,0,0,0,0,10,1,0,2,0,0,22,17,0,0,19,54,3,4,20,61,2,5,97,0,2,1,23,1,0,0,38,1,4,0,0,0,126,0,111,0,0,0,0,0,0,0,0,1,0,1,0,0,1,0,0,0,0,0,0,2,0,0,0,236,0,0,5,0,0,0,1,0,1,0,18,2,1,0,187,7,0,0,0,1,0,1,0,0,0,0,0,1,0,0,0,0,0,0,0,0,0,0,13,0,0,0,0,2,0,1,0,0,0,0,0,0,0,1,66,0,2,0,6,0,0,0,0,0,1,0,0,1,0,8,5,17,2,0,1,0,2,0,116,1,2,0,1,10,1,0,8,0,1,0,0,0,0,2,0,1,0,73,4,1,1,0,0,1,0,0,0,1,0,0,1,0,1,0,0,0,0,11,75,0,0,0,1,1,10,1,0,1,0,3,0,1,1,0,0,3,0,0,11,2,1,2,1,1,12,1,0,1,0,2,0,0,0,0,0,0,0,2,0,20,0,5,0
175,1430,ESCOLA MUNICIPAL MARGARIDA ORSO DALLAGASSA,"RUA SARGENTO FRANCISCO DA SILVA COTRIN, 100 - VILA POMPÉIA - TATUQUARA",TATUQUARA,-25.5595213,-49.3155177,74,0,5014,3864,360,154,0,15,2,11,57,3,0,1,4,36,1,1,0,8,1,0,0,0,3,2,11,0,0,0,7,0,0,2,72,23,175,26,20,0,0,3,0,0,0,0,0,2,3,3,0,0,0,1,0,1,1,40,0,0,0,1,1,0,19,8,0,17,1,1,2,0,1,1,1,65,0,0,4,0,3,0,0,0,0,4,0,14,1,0,0,0,1,0,0,0,0,0,0,0,27,3,23,3,1,210,0,4,10,4,1,2,30,64,103,0,1,36,61,1,3,3,5,1,6,0,0,0,0,0,30,0,0,0,0,0,1,0,5,2,0,0,0,2,0,0,0,0,0,5,0,0,1,36,0,0,0,2,2,12,0,1,1,4,0,1,0,0,25,0,0,3,0,0,0,0,0,0,3,0,1,3,3,1,0,0,0,0,0,61,0,2,21,0,0,2,0,1,0,194,0,7,0,10,4,0,0,4,0,3,0,0,0,0,0,0,0,0,4,16,0,1,25,56,18,10,12,73,2,4,75,2,3,1,25,1,0,0,80,0,4,0,1,0,90,0,116,0,0,1,0,2,0,0,0,0,0,0,0,0,0,0,0,0,0,0,0,13,0,0,0,226,0,0,7,0,0,0,1,0,3,0,33,1,0,0,195,6,0,0,0,1,0,3,0,0,0,0,0,0,0,1,0,0,0,0,1,0,1,0,19,0,0,0,0,3,0,3,0,0,0,0,0,1,0,2,81,0,0,0,3,0,0,0,0,0,4,0,0,1,0,3,2,5,0,0,6,7,1,0,127,0,0,0,1,6,5,0,3,0,0,0,0,1,0,0,2,1,1,66,1,2,0,0,0,0,2,1,0,0,0,0,1,0,1,0,0,0,0,17,32,0,0,1,1,0,3,0,0,0,0,3,0,3,2,4,0,1,12,1,6,0,0,7,0,0,17,1,0,0,1,3,1,0,1,0,0,0,0,3,0,19,0,0,0
175,1449,ESCOLA MUNICIPAL DO CAIC CÂNDIDO PORTINARI,"R. ANTÔNIO GEROSLAU FERREIRA, 497 - CJ.DIADEMA II - CIC-SUL",CIDADE INDUSTRIAL,-25.496124,-49.3498836,75,0,5032,4067,347,152,0,5,2,8,44,5,5,2,0,29,0,1,0,4,2,0,0,4,3,4,8,0,0,1,6,0,0,0,54,31,35,29,22,0,0,0,0,0,2,0,0,0,5,4,0,0,0,2,1,6,3,15,1,0,0,1,1,2,22,3,0,14,2,0,0,0,1,0,0,64,1,1,2,0,1,2,0,0,2,1,3,10,0,0,0,1,0,1,0,0,0,0,0,0,34,3,18,2,8,216,4,0,16,1,3,6,25,75,113,0,0,7,92,0,0,4,7,1,5,1,0,0,0,2,27,0,0,0,1,0,2,1,0,0,0,0,1,2,0,0,0,1,0,4,0,0,1,16,0,0,0,2,2,11,0,1,0,5,1,0,0,0,33,0,0,0,0,0,2,0,0,0,0,0,1,0,2,0,0,0,0,0,0,20,0,0,16,0,0,0,0,3,0,474,0,23,0,4,9,1,0,9,0,1,0,0,1,0,0,0,0,0,3,15,1,0,21,67,5,2,5,28,0,1,74,4,4,0,14,0,0,0,73,0,6,1,0,0,93,1,139,0,0,0,0,0,0,2,0,0,0,0,0,0,0,0,0,0,0,0,1,3,0,0,0,284,0,1,5,0,0,0,6,0,3,0,34,3,0,0,259,4,0,0,2,0,0,2,0,0,0,1,0,0,0,1,0,0,0,0,0,0,0,0,28,0,0,8,0,2,1,5,0,0,0,1,0,3,0,1,61,0,1,0,16,0,1,1,0,1,4,1,2,0,0,3,1,8,1,0,9,3,9,0,126,0,0,0,2,5,2,2,3,0,0,0,0,0,0,0,0,0,0,163,4,0,0,0,0,0,0,1,0,0,0,0,0,0,3,0,0,0,0,5,56,0,0,0,2,1,1,2,0,0,2,1,0,4,0,0,1,0,0,3,5,0,1,1,0,0,14,0,0,0,0,8,0,0,0,1,0,0,0,1,0,9,0,2,0
175,1457,ESCOLA MUNICIPAL PROFESSOR OSVALDO ARNS,"R. ODIR GOMES DA ROCHA, 546 - VILA EVANGÉLICA - TATUQUARA",TATUQUARA,-25.5726263,-49.3372512,74,0,3745,3026,277,138,0,4,5,13,38,6,3,1,2,29,1,0,0,5,0,0,0,0,2,0,5,0,0,0,0,1,0,1,62,15,60,33,14,0,0,0,0,0,0,0,0,0,3,7,0,0,0,0,0,10,2,36,0,0,0,3,1,0,32,0,1,12,5,0,0,0,0,0,0,72,1,0,2,4,0,1,0,0,0,0,0,14,0,0,0,0,1,1,0,0,0,0,0,0,35,5,26,0,7,173,1,0,4,2,4,2,10,56,112,2,3,19,69,0,0,3,4,1,0,1,0,0,0,0,20,0,0,0,0,0,0,0,1,0,0,0,0,1,0,0,1,3,0,3,0,0,0,15,0,0,0,4,8,8,0,0,0,0,0,0,0,0,40,1,1,0,0,0,0,3,0,0,1,0,1,0,0,0,0,0,0,0,0,53,0,5,20,0,0,0,0,3,0,177,0,0,0,4,4,2,0,9,0,0,0,0,4,0,0,2,0,0,8,13,0,0,9,33,1,0,3,43,0,2,64,1,2,0,24,0,0,0,34,1,9,1,0,0,95,0,85,0,0,1,0,0,0,0,0,0,0,0,0,0,1,0,0,0,0,0,0,0,2,0,0,191,0,0,8,0,2,1,0,0,0,0,16,2,0,0,133,3,2,0,0,1,0,2,0,0,2,0,0,2,0,1,0,1,0,0,0,0,0,0,20,0,0,0,0,1,1,4,0,0,0,0,0,0,0,0,42,0,0,0,5,0,0,0,0,2,0,0,0,0,0,3,0,4,2,0,5,3,4,0,98,2,0,0,0,6,0,0,5,0,0,0,1,0,0,1,0,0,5,45,3,0,0,0,0,0,0,1,0,1,0,0,0,0,2,0,0,0,0,2,38,0,0,0,0,1,12,0,0,0,0,1,0,5,1,0,0,3,0,0,11,1,0,2,0,0,7,0,0,2,0,0,0,0,0,1,0,0,0,0,0,18,0,0,0
175,1481,ESCOLA MUNICIPAL NEWTON BORGES DOS REIS,"RUA ADRIANA CERES ZAGO BUENO, 1350 - MORADIAS SANTA RITA - TATUQUARA",TATUQUARA,-25.5657962,-49.3341148,74,0,3792,3041,280,124,0,6,0,6,29,2,2,2,2,26,0,0,0,3,1,1,0,2,3,3,4,0,0,0,2,0,0,0,52,9,125,37,32,1,0,0,0,1,2,0,0,0,3,5,0,4,0,0,0,2,3,23,0,0,0,2,0,0,23,4,0,17,8,0,0,0,0,0,0,48,1,0,1,2,0,1,0,0,2,0,1,7,0,0,0,0,0,0,0,2,0,0,0,0,45,3,18,1,4,133,0,1,10,1,3,1,6,36,64,1,2,4,56,0,0,0,5,1,4,0,0,0,0,0,14,1,0,0,0,0,0,0,0,0,0,0,0,2,0,0,1,0,0,2,0,0,0,21,0,1,0,4,5,7,0,0,0,5,0,0,2,1,18,0,0,0,0,0,0,0,0,0,0,0,0,0,1,0,0,2,0,0,0,47,1,3,8,0,0,0,0,2,0,214,0,5,0,13,1,4,0,9,0,0,0,0,5,0,0,1,0,0,5,16,0,0,24,35,4,0,13,41,0,1,65,1,1,1,32,0,1,0,32,0,7,0,0,0,104,0,101,0,0,2,0,0,0,0,0,0,0,0,0,0,0,0,0,0,0,0,0,0,0,0,0,202,0,0,6,0,0,0,0,0,0,0,17,1,4,0,192,5,0,0,0,0,0,3,1,0,0,1,2,3,0,0,0,0,0,0,0,0,0,0,18,0,0,0,0,2,0,2,0,0,0,0,0,0,0,0,53,0,0,0,7,1,0,0,0,0,1,0,0,0,0,1,1,12,1,0,5,3,2,0,69,0,0,0,0,11,2,3,1,0,1,0,0,4,2,0,0,0,0,58,0,0,0,0,0,0,0,0,0,0,1,0,0,0,0,0,1,0,0,4,49,0,0,0,0,0,4,4,0,1,0,2,0,5,0,0,0,0,0,0,10,3,3,4,0,0,20,1,1,0,0,4,0,0,0,0,0,0,1,0,0,23,0,2,0
175,1490,COLÉGIO ESTADUAL DESEMBARGADOR GUILHERME DE ALBUQUERQUE MARANHÃO,"RUA JOSÉ ANGELO MARTINS, 101 - MORADIAS DA ORDEM - TATUQUARA",TATUQUARA,-25.5579346,-49.3324577,74,0,3700,2780,283,122,0,8,1,5,33,8,0,1,1,19,0,0,0,6,0,0,0,2,0,1,0,0,0,1,5,0,0,0,42,12,126,10,33,0,1,0,0,0,1,0,0,0,1,1,0,2,0,0,0,3,0,16,0,0,0,3,1,1,35,5,0,10,10,0,0,0,0,0,0,56,0,1,1,0,1,0,0,0,3,3,0,10,0,0,0,0,0,0,0,0,0,0,0,0,36,0,15,2,2,125,1,1,3,1,4,3,6,19,82,0,0,5,75,0,1,2,6,0,1,0,0,0,0,0,23,0,0,0,0,0,1,0,4,2,1,0,0,1,1,0,2,1,1,3,0,0,1,22,0,0,0,2,4,2,0,1,1,2,0,0,0,0,24,0,0,0,0,0,0,0,0,0,1,0,0,0,1,0,0,0,0,0,0,24,0,1,8,0,0,0,1,2,0,231,0,4,0,7,4,0,1,6,0,1,0,0,2,0,0,0,0,0,6,6,0,0,8,23,6,4,6,45,0,2,52,0,3,0,11,1,0,0,32,0,1,0,0,0,108,2,79,0,0,0,0,0,0,1,0,0,0,2,0,0,0,1,0,0,0,0,0,1,0,0,0,176,0,0,2,0,1,0,2,0,2,0,18,0,3,0,165,3,0,0,1,0,0,0,0,1,0,2,0,2,0,0,0,0,0,0,0,0,0,0,7,0,0,0,0,4,0,1,0,1,0,0,0,0,0,1,35,0,0,0,3,0,0,0,0,0,0,0,1,0,0,10,9,6,3,0,4,0,0,0,81,0,0,0,0,7,0,4,2,2,0,0,1,0,0,1,0,0,0,58,1,0,0,1,0,1,1,2,0,0,0,0,0,0,0,1,0,0,0,2,27,0,0,0,1,0,3,0,0,0,0,1,0,4,1,1,0,0,0,1,8,0,0,3,0,0,12,2,1,0,0,4,0,0,0,0,0,0,0,0,0,14,0,2,0
175,1503,COLÉGIO ESTADUAL MORADIAS MONTEIRO LOBATO,RUA OLÍVIO JOSÉ ROSSETI 430 - TATUAQUARA,TATUQUARA,-25.5735977,-49.3347115,74,0,5356,4043,410,187,0,13,2,13,51,4,2,3,5,40,0,2,0,11,0,1,0,2,2,2,8,0,0,0,12,0,0,0,69,20,122,24,18,0,0,1,0,0,0,1,0,0,3,3,0,0,0,0,1,3,3,60,0,0,1,4,1,1,42,10,0,17,4,0,1,0,0,0,0,67,0,0,0,2,2,0,0,0,2,2,3,11,1,0,0,0,0,0,0,0,0,0,0,0,58,5,24,2,16,199,2,0,14,7,7,1,20,33,125,0,2,24,83,1,1,6,11,0,1,0,0,0,0,0,38,0,0,3,0,0,0,2,3,1,0,0,0,3,0,0,2,4,1,7,0,0,0,15,0,0,0,2,4,11,0,0,3,3,0,1,0,0,48,0,0,0,0,0,0,0,0,0,0,0,3,1,0,1,0,0,0,0,0,86,0,3,18,0,0,0,0,6,0,258,0,7,0,6,2,0,0,11,2,0,0,0,1,0,0,0,0,0,10,11,1,0,17,47,7,3,4,54,3,4,79,2,1,2,20,0,0,1,50,1,2,0,1,0,113,0,106,1,0,0,0,0,0,0,1,0,0,1,0,0,0,0,0,0,0,0,0,1,0,2,0,268,0,1,15,0,1,0,0,0,6,2,27,2,0,0,234,9,1,0,3,0,0,0,0,0,0,1,0,4,0,0,0,1,0,0,1,0,0,0,20,0,0,0,0,2,0,0,0,0,0,1,0,0,0,0,51,0,0,0,8,0,0,1,0,1,3,0,0,0,0,4,1,4,4,0,4,0,5,1,117,1,1,0,0,10,1,0,5,0,0,0,0,0,0,1,0,0,2,82,1,0,0,0,0,0,0,4,0,0,0,0,0,0,1,0,0,0,0,7,51,0,0,0,1,0,12,1,0,0,0,2,0,1,1,0,0,1,0,0,8,2,1,3,0,0,12,2,0,1,0,1,0,0,0,1,0,0,0,0,0,11,0,0,0
175,1511,COLÉGIO ESTADUAL EURIDES BRANDÃO,"RUA JAIR COELHO, 260 - DIADEMA II - CIC",CIDADE INDUSTRIAL,-25.4940799,-49.3491066,75,0,4759,3727,286,162,0,9,0,9,28,7,2,1,2,25,1,0,0,7,0,2,0,2,1,6,5,1,0,0,7,0,1,0,78,20,46,22,10,0,0,1,0,0,0,0,0,0,2,5,0,0,1,0,0,9,3,7,1,0,0,3,0,0,11,8,0,13,1,1,0,0,0,0,1,58,0,0,2,1,1,0,0,0,1,0,0,13,0,0,0,0,0,0,0,0,0,0,0,0,21,1,5,2,2,172,2,0,9,1,3,2,12,40,106,1,2,6,113,0,1,1,13,0,1,0,0,0,0,0,35,1,0,1,0,0,0,0,1,0,0,0,0,2,0,0,2,2,0,0,0,0,1,10,0,2,0,8,4,19,0,0,0,5,1,0,0,0,30,0,0,0,0,0,0,0,0,0,3,0,1,0,2,0,0,2,0,0,0,19,3,0,18,1,0,0,1,4,0,458,0,14,0,3,3,2,0,14,0,0,0,0,5,0,0,2,0,0,4,16,0,0,19,42,3,0,9,27,0,0,83,0,3,0,14,0,0,1,67,0,4,0,0,0,83,0,98,2,1,0,0,0,0,0,0,0,0,0,1,0,0,1,0,0,0,0,0,2,0,0,0,256,0,1,9,0,0,0,2,0,3,0,28,3,0,0,272,5,1,0,0,0,0,0,0,1,0,3,0,0,1,2,0,1,0,0,1,0,0,0,34,1,0,0,0,1,0,0,0,0,0,0,1,2,0,0,84,0,1,0,14,1,0,1,1,1,0,0,0,0,0,4,2,9,1,0,15,1,6,1,127,0,1,0,2,7,4,2,5,0,0,0,0,0,0,3,0,0,0,79,3,1,0,0,0,0,0,3,0,0,0,0,0,0,1,0,0,0,0,5,52,1,0,0,2,1,2,2,0,2,0,2,0,3,2,2,1,4,0,1,12,0,3,5,0,0,33,0,2,1,1,5,0,0,0,1,0,0,0,0,1,15,0,0,0
175,1520,ESCOLA MUNICIPAL ÁLVARO BORGES,"RUA OSVALDO BAGGIO, N. 290 - CONJ. VITÓRIA RÉGIA - CIC",CIDADE INDUSTRIAL,-25.5452582,-49.3396101,75,0,3761,3163,244,151,0,5,3,5,41,4,3,1,3,27,2,0,1,7,0,0,0,0,6,3,8,0,1,1,6,0,0,0,35,23,32,22,12,0,0,0,0,0,0,0,1,0,0,43,0,0,0,0,1,2,0,15,0,0,0,3,0,0,6,2,0,6,4,0,0,0,0,0,0,72,0,0,4,1,0,2,0,0,0,1,0,10,2,0,0,0,0,0,0,0,0,0,0,0,14,2,12,0,2,138,0,0,4,7,4,4,13,55,100,0,0,13,58,0,1,2,7,0,0,0,0,0,0,0,20,0,0,0,0,0,0,0,2,0,0,0,2,2,0,0,1,0,1,0,0,0,0,13,0,0,0,3,1,8,0,2,0,1,0,0,0,0,35,0,1,1,0,0,0,1,0,0,0,0,0,0,1,0,0,0,6,0,1,27,1,0,23,0,0,0,1,2,0,220,0,9,0,2,1,0,0,7,0,0,0,0,0,0,0,0,1,0,4,9,1,0,13,32,3,1,12,36,2,6,68,3,3,1,18,0,0,1,47,0,4,0,0,0,82,0,103,0,0,0,0,0,0,0,1,0,0,0,0,0,0,0,0,0,0,0,0,2,0,0,0,239,0,0,5,0,1,0,0,0,1,1,41,0,0,0,239,4,0,0,4,0,0,2,0,0,0,1,0,3,0,0,0,0,0,0,0,0,0,0,5,0,0,1,0,1,0,2,0,0,0,0,0,1,2,1,65,0,0,0,7,0,0,0,0,2,1,0,1,0,0,13,0,10,4,0,9,1,4,0,164,3,0,0,0,0,0,1,6,0,0,0,0,0,1,1,0,0,1,55,1,0,0,0,0,0,1,5,0,1,0,0,0,0,2,0,0,0,0,9,64,0,1,0,3,0,4,1,0,0,0,3,0,1,1,1,0,6,0,1,5,0,0,1,0,0,16,0,0,0,0,12,0,0,1,0,0,0,0,1,0,13,1,0,0
175,1538,CMEI ITACOLOMI SABARÁ - CIC,"RUA SÃO VALÉRIO, 70 CIC",CIDADE INDUSTRIAL,-25.4991957,-49.3444519,75,0,1152,849,68,35,0,1,0,4,8,2,0,0,0,2,0,0,0,5,0,0,0,1,0,0,4,0,0,0,0,0,0,0,12,1,5,3,2,0,1,0,0,0,0,0,0,0,1,0,0,0,0,0,0,0,0,2,0,0,0,0,0,0,5,0,1,2,1,0,0,0,0,0,0,12,1,0,1,1,0,0,0,0,0,0,0,2,1,0,0,0,0,0,0,0,0,0,0,0,9,0,3,0,3,65,0,0,7,0,1,0,1,15,23,0,0,2,26,0,0,1,2,0,0,0,0,0,0,0,10,0,0,0,0,1,1,0,0,0,0,0,0,0,0,0,0,1,0,0,0,0,0,3,0,0,0,1,2,1,0,0,0,0,0,0,0,0,7,0,0,3,0,0,0,0,0,0,0,0,0,0,0,0,0,0,0,0,0,3,0,0,2,0,0,0,0,0,0,79,0,4,0,1,0,0,0,5,0,0,0,0,1,0,1,0,0,0,1,3,0,0,4,9,4,1,3,10,0,0,13,0,0,0,4,0,1,0,11,0,1,0,0,0,14,0,26,0,0,0,0,0,0,0,0,0,0,0,0,0,0,0,0,0,0,0,0,0,0,0,0,61,0,0,1,0,0,0,1,0,0,0,2,0,0,0,65,2,0,0,0,0,0,2,0,0,0,1,0,0,1,1,0,0,0,0,0,0,0,0,12,0,0,1,0,1,0,0,0,0,0,0,0,0,0,1,14,0,1,0,2,1,0,1,0,0,0,0,0,1,0,1,3,1,0,1,0,2,2,0,26,0,0,0,0,2,1,0,1,0,0,0,0,0,0,0,0,0,0,47,0,0,0,0,0,0,1,0,0,0,0,0,0,0,0,0,0,0,0,0,4,0,0,0,0,0,1,0,0,1,0,0,0,0,0,0,0,0,0,0,0,0,0,0,0,0,3,0,0,0,0,3,0,0,0,0,0,0,0,2,0,1,0,1,0
175,1546,COLÉGIO ESTADUAL NIRLEI MEDEIROS,"RUA ANTÔNIO BERTOLDI, 409 - MORADIAS RIO BONITO - CAMPO DE SANTANA",CAMPO DE SANTANA,-25.58635,-49.3376326,71,0,4130,3270,360,170,0,5,4,7,38,4,1,2,3,32,1,2,1,8,0,1,0,0,6,1,8,0,1,0,15,1,0,0,57,24,83,16,13,0,0,0,0,0,0,0,0,0,2,2,0,0,5,0,0,3,1,21,0,1,0,0,0,0,16,8,1,5,10,0,1,0,0,0,0,44,0,0,0,0,1,0,0,0,0,0,0,10,1,0,0,1,2,1,0,0,0,0,0,0,30,2,11,1,17,165,1,0,8,4,5,3,20,49,105,0,3,2,73,0,1,3,9,0,2,0,0,0,0,0,31,1,0,0,0,1,0,0,2,2,0,0,0,2,0,0,0,0,0,2,0,1,0,8,0,0,0,4,4,3,0,0,0,0,4,1,0,0,31,0,0,0,0,0,0,1,0,0,1,2,0,0,0,0,0,2,0,0,0,59,0,4,12,0,0,0,0,1,0,161,0,11,1,11,5,0,1,8,0,0,0,0,1,0,0,1,0,0,9,11,1,0,17,35,4,2,7,69,0,0,82,0,4,1,25,1,0,0,43,0,2,1,0,0,101,0,99,0,0,1,1,0,0,1,0,0,0,0,0,0,0,0,0,0,0,1,0,0,0,0,0,228,0,0,4,0,0,0,0,0,0,0,17,0,0,0,200,3,0,0,5,0,0,4,0,0,1,0,0,3,0,0,0,3,0,0,0,0,0,0,9,0,0,0,0,5,1,2,0,1,0,0,0,0,0,0,71,0,0,0,7,1,0,0,0,1,0,1,0,0,0,4,3,8,2,0,6,2,5,1,71,0,0,1,0,3,3,2,0,0,0,1,0,0,0,1,0,0,1,56,0,1,0,0,0,0,0,2,0,0,0,0,0,0,1,0,0,0,0,9,47,0,2,0,1,0,7,0,0,2,0,2,1,1,0,0,0,3,0,0,6,0,2,2,0,1,14,0,0,0,0,5,0,0,0,0,0,0,0,1,0,11,1,0,0
175,1554,ESCOLA MUNICIPAL PROFESSORA ÉRICA PLEWKA MLYNARCZYK,"RUA JAIME JOSÉ VOJCIECHOVSKI,  162 - TATUQUARA",TATUQUARA,-25.5604391,-49.313236,74,0,1287,1061,81,36,0,7,0,1,18,3,1,0,2,10,0,0,0,1,0,0,0,0,0,0,7,0,0,1,2,0,0,0,18,4,55,12,5,0,0,0,0,0,0,0,0,0,1,0,1,0,0,0,1,0,0,7,0,0,0,1,0,0,0,1,0,6,2,0,0,0,0,0,0,14,0,1,0,1,1,0,0,0,0,0,0,1,0,0,0,0,3,0,0,0,0,0,0,0,6,0,4,0,1,50,0,0,1,0,0,0,7,16,14,0,0,7,13,0,0,1,4,1,3,0,0,0,0,0,9,0,0,0,0,0,0,0,4,1,0,0,0,2,0,0,0,0,0,6,0,3,0,20,0,0,0,1,0,4,0,0,0,0,0,0,0,0,8,0,0,1,0,0,0,0,0,0,0,1,0,0,0,1,0,0,0,0,0,7,0,1,4,0,0,0,0,0,0,65,0,5,0,3,3,0,0,3,0,0,0,0,0,0,1,0,0,0,5,4,0,0,2,10,0,0,2,22,0,0,27,0,0,0,3,0,0,0,13,0,0,0,0,0,22,0,38,0,1,0,0,0,0,0,0,0,0,1,0,0,0,0,0,0,0,0,1,7,0,0,1,76,1,0,9,0,0,0,0,0,0,0,8,0,0,0,86,2,0,0,0,1,0,0,0,0,0,0,0,0,0,0,0,0,0,0,0,0,0,0,6,0,0,0,0,0,0,0,0,0,0,0,0,0,0,1,18,0,0,0,5,0,0,0,0,0,0,1,0,0,0,2,3,1,1,0,3,1,2,0,40,0,0,0,0,0,0,0,1,0,0,0,0,1,0,1,0,0,1,14,0,0,0,1,0,0,0,1,0,0,0,0,0,0,0,0,0,0,0,2,10,0,0,0,0,0,0,0,0,0,0,0,0,1,0,4,0,0,2,0,4,0,0,1,0,0,3,0,0,0,0,0,1,0,0,0,0,0,0,0,0,1,0,0,0
175,1562,ESCOLA MUNICIPAL JOÃO AMAZONAS,"RUA PALMYRA CRIVELLARO BERTOLDE, 813",CAMPO DE SANTANA,-25.5906834,-49.3412209,71,0,3168,2550,251,121,0,4,1,6,18,4,0,0,3,22,0,1,0,2,1,1,1,2,1,5,3,0,0,0,8,0,0,0,43,10,51,11,7,0,1,0,0,1,1,1,0,0,3,8,0,0,0,1,0,4,0,15,1,0,2,1,0,0,8,2,0,4,5,1,0,0,0,0,0,37,0,0,0,3,1,0,0,0,3,1,0,6,1,0,0,0,1,0,0,1,0,0,0,0,30,3,12,2,11,167,2,1,2,2,7,2,7,28,91,1,1,7,73,1,5,1,5,3,2,2,0,0,1,1,37,0,0,1,0,3,0,0,3,1,0,0,0,1,0,0,1,3,0,3,0,0,0,12,0,0,0,4,2,0,0,0,0,2,0,0,0,0,16,1,0,1,0,0,0,0,0,0,0,2,0,0,0,1,0,0,0,0,0,80,0,1,16,0,0,1,0,1,0,152,0,15,0,8,5,2,1,5,0,0,0,0,0,0,0,0,0,0,4,8,0,0,9,29,3,3,7,26,1,0,53,0,1,1,12,0,2,0,29,3,5,0,0,0,63,2,82,0,0,1,0,0,0,0,0,0,0,0,0,0,0,0,0,0,0,0,0,0,0,0,0,159,0,0,0,0,0,0,0,0,2,0,18,0,1,0,167,4,0,0,1,0,0,0,0,0,0,1,0,4,0,3,0,1,0,0,0,0,0,0,19,0,0,0,0,1,1,3,0,0,0,0,0,0,0,0,45,0,1,0,4,1,0,0,0,0,3,1,2,2,0,8,2,12,1,0,2,0,2,0,77,0,0,0,0,2,3,1,1,0,0,0,1,0,2,0,0,0,0,27,0,1,0,0,0,0,0,3,0,0,0,0,0,0,0,0,0,0,0,5,31,0,0,0,0,1,6,0,0,0,0,0,0,0,0,0,0,1,2,1,5,0,1,0,0,0,6,0,0,0,0,3,0,0,2,0,0,0,0,2,0,9,0,0,1
175,1570,ESCOLA MUNICIPAL RIO BONITO,"RUA LUCAS CARVALHO,  1486  - CAMPO DE SANTANA",CAMPO DE SANTANA,-25.5905403,-49.3357064,71,0,3069,2431,224,102,0,3,0,6,30,1,2,3,2,24,0,3,0,8,0,0,1,2,0,2,5,0,0,0,3,0,0,0,38,12,55,12,8,0,0,0,0,0,1,1,0,0,1,2,0,0,3,0,0,0,0,23,0,0,0,2,0,0,14,3,1,9,9,1,0,0,0,0,0,43,1,0,2,1,0,1,0,0,0,0,0,8,0,0,0,0,2,1,0,0,0,0,0,0,17,1,12,0,10,117,0,1,2,2,2,1,3,37,86,0,0,4,58,1,0,0,8,0,1,0,0,0,0,1,19,1,0,1,2,0,0,0,0,2,0,0,0,2,0,0,4,1,0,5,0,0,1,14,0,0,0,5,4,9,0,2,0,0,0,0,0,1,18,0,0,0,0,0,0,0,0,0,1,1,0,0,3,0,0,0,0,0,0,47,0,1,9,0,0,0,1,3,0,136,1,4,0,7,8,1,0,3,0,0,0,0,3,0,0,0,0,0,2,10,0,0,9,28,4,11,11,46,0,2,51,3,2,0,15,1,0,0,38,0,2,1,0,0,66,0,72,0,0,0,0,0,0,0,1,1,0,0,0,0,0,0,0,0,0,0,0,0,0,0,0,184,0,0,2,0,1,0,0,0,1,0,11,1,0,0,153,2,0,0,0,0,0,0,0,0,0,0,0,0,0,0,0,1,0,0,0,0,0,0,13,0,0,0,0,1,3,0,0,1,0,0,0,0,0,0,32,0,0,0,5,0,0,0,0,0,0,0,1,0,0,5,1,7,1,0,5,0,0,0,89,1,0,0,1,3,1,1,3,0,0,0,4,0,0,2,0,1,1,55,0,1,0,0,0,1,0,5,0,0,0,0,0,0,0,0,0,0,0,10,31,1,0,0,2,0,9,0,0,0,1,3,0,0,0,1,0,1,0,1,6,1,3,3,0,0,10,0,0,0,0,5,0,0,0,0,0,0,0,1,1,5,0,1,0
175,1589,ESCOLA MUNICIPAL GOVERNADOR LEONEL DE MOURA BRIZOLA,"RUA ANTONIO ZANON, 1371  - TATUQUARA",TATUQUARA,-25.5659479,-49.3258068,74,0,1545,1209,129,45,0,0,1,2,14,5,2,0,1,12,0,1,0,2,0,0,0,1,0,2,1,0,0,0,2,0,0,0,24,6,63,6,6,0,0,0,0,0,0,0,0,0,1,2,0,0,0,0,0,0,1,9,0,0,1,0,0,0,6,2,0,4,1,0,0,0,0,0,0,31,0,0,0,0,1,0,0,0,0,1,0,4,0,0,0,0,0,0,0,0,0,0,0,0,10,1,5,0,1,69,0,0,3,0,1,1,7,13,34,0,0,5,31,0,0,2,3,0,1,0,0,0,0,0,13,0,0,0,0,0,0,0,1,2,0,0,0,0,0,0,0,0,0,1,1,1,0,11,0,0,0,1,2,1,0,0,0,2,0,0,0,1,10,0,0,0,0,0,0,0,0,0,1,0,0,0,0,0,0,1,0,0,0,6,0,0,3,0,0,0,0,0,0,74,1,5,0,4,1,0,1,6,0,0,0,0,1,0,0,3,0,0,0,3,0,0,4,12,7,0,2,25,1,0,23,0,0,0,4,0,0,0,10,0,0,0,0,0,50,0,36,0,0,0,0,0,0,0,0,0,0,0,0,0,0,0,0,0,0,0,0,0,0,0,0,74,0,0,1,0,0,0,2,0,3,0,5,1,0,0,86,1,0,0,0,0,0,0,0,0,0,0,0,0,0,0,0,0,0,0,0,0,0,0,2,0,0,0,0,0,0,3,0,0,0,0,0,0,0,1,7,0,1,0,0,0,0,0,0,0,0,1,0,0,0,0,0,0,0,0,5,0,1,0,42,0,0,0,0,0,0,0,0,0,0,0,0,0,3,1,0,0,0,26,0,1,0,0,0,0,0,0,0,0,0,0,0,0,1,0,0,0,0,1,12,0,0,0,0,0,2,0,0,0,0,0,0,0,0,1,0,0,0,0,6,0,0,3,0,0,3,0,0,0,0,0,0,0,0,0,0,0,0,1,0,5,0,0,0
175,1597,COLÉGIO ESTADUAL PROFA. MARLI QUEIROZ AZEVEDO,"RUA CYRO CORREIA PEREIRA, 3506 - VITÓRIA RÉGIA - TATUQUARA",CIDADE INDUSTRIAL,-25.543838,-49.3379567,75,0,3128,2512,200,109,0,0,0,3,19,4,1,1,1,15,0,0,0,2,0,0,1,0,1,2,1,0,1,1,5,1,0,0,31,13,26,16,4,0,0,1,0,1,1,0,0,0,0,21,2,0,0,0,0,1,2,12,0,0,1,2,0,0,7,3,0,10,2,1,0,0,0,0,1,40,0,0,4,1,0,2,0,0,0,0,0,8,0,0,0,0,1,0,0,0,0,0,3,0,9,1,6,0,0,189,1,1,3,1,3,1,5,32,80,0,0,4,76,0,0,3,13,0,5,0,0,0,0,0,32,3,0,0,0,0,0,2,1,0,0,0,0,1,0,0,1,0,0,2,0,0,0,11,0,0,0,0,2,7,0,0,0,1,0,2,0,0,17,0,0,0,0,0,0,0,0,0,0,0,0,0,1,0,0,0,3,0,0,21,0,2,22,0,0,0,1,1,0,236,0,10,0,3,4,1,0,8,0,0,0,0,2,0,0,0,0,0,5,12,0,1,9,21,3,3,3,31,3,4,56,0,0,0,3,0,0,0,20,0,3,0,0,0,54,0,84,0,1,0,0,0,0,1,0,0,0,0,1,0,0,0,0,0,0,0,0,2,0,0,0,176,0,0,3,0,0,0,2,0,1,1,23,0,0,0,208,4,0,0,0,0,0,0,0,0,0,0,0,6,0,0,0,0,0,0,0,0,0,0,18,0,1,0,0,4,0,0,0,0,0,0,0,0,0,0,30,0,0,0,9,0,0,0,0,0,0,0,2,0,0,6,4,9,2,0,3,0,1,1,127,2,0,0,0,6,2,1,5,0,0,0,2,0,0,3,0,0,0,37,2,0,0,0,0,0,0,4,0,0,0,0,0,0,0,0,0,0,0,1,32,0,0,0,0,0,5,1,0,0,0,2,0,0,0,1,0,0,1,0,3,0,2,2,0,0,11,0,2,0,0,2,0,0,1,0,0,0,0,0,0,3,0,2,1
175,1600,ESCOLA MUNICIPAL HELENA KOLODY,"RUA HUMBERTO BERTOLDI,  281 - RIO BONITO - CAMPO DE SANTANA",CAMPO DE SANTANA,-25.58545643,-49.33707829,71,0,2226,1712,187,83,0,4,2,1,21,1,0,0,2,10,0,0,0,6,0,0,0,2,1,2,0,0,1,0,8,0,0,0,27,11,36,12,6,0,0,0,0,0,0,0,0,0,0,1,0,0,0,0,0,0,0,10,0,0,0,1,1,0,5,3,4,7,0,1,0,0,0,1,0,25,0,0,2,1,0,1,0,0,0,0,0,4,0,1,0,0,0,0,0,0,0,0,0,0,12,0,16,0,2,95,0,0,1,1,4,4,2,11,46,0,2,0,57,0,0,1,4,1,2,0,0,0,0,0,28,2,0,0,0,0,0,0,0,0,0,0,0,0,0,0,1,2,0,5,0,0,0,14,0,0,0,2,4,2,0,0,0,0,0,0,0,0,10,0,0,0,0,0,0,0,0,1,0,0,0,0,0,0,1,0,0,0,0,32,0,1,9,0,0,0,0,1,0,118,0,9,0,2,1,0,0,5,0,0,0,0,2,0,0,0,0,0,2,5,0,0,5,11,0,6,5,30,1,2,33,0,1,0,19,0,0,0,28,0,1,1,0,0,47,0,58,0,0,1,0,0,0,0,0,0,0,1,0,0,0,0,0,0,0,0,0,0,0,0,0,109,0,1,1,0,0,0,0,0,3,1,8,0,0,0,119,3,1,0,0,2,0,0,0,0,0,0,1,1,0,0,0,7,0,0,0,0,0,0,4,0,0,0,0,1,1,0,0,1,0,0,0,0,0,0,33,0,0,0,2,0,0,0,0,1,0,0,0,0,0,1,2,6,0,0,2,0,2,0,55,0,0,0,0,3,3,1,2,0,0,0,0,0,0,1,0,0,1,23,0,0,0,0,0,0,0,0,0,0,0,0,0,0,0,0,0,0,0,6,15,0,0,0,0,0,0,0,0,1,0,2,0,3,0,1,0,0,1,0,4,0,1,0,0,0,9,0,0,0,0,0,0,0,0,0,0,0,0,0,0,6,0,0,0
175,1619,COLÉGIO ESTADUAL TATUQUARA,"ESTRADA DELEGADO BRUNO DE ALMEIDA, 3339  CAMPO DE SANTANA",CAMPO DE SANTANA,-25.5877563,-49.3182343,71,0,1946,1451,135,66,0,0,1,1,14,1,0,1,0,7,0,0,0,3,0,0,0,1,0,5,2,0,0,1,5,0,0,0,12,12,35,7,4,0,1,0,0,0,0,0,0,0,1,0,0,0,1,0,0,1,0,11,0,0,0,3,0,1,5,3,0,4,3,0,0,0,1,0,0,22,0,1,0,0,0,0,0,0,0,0,0,5,1,0,0,0,0,0,0,0,0,0,0,0,5,0,3,1,3,95,0,0,6,0,1,1,6,11,58,0,0,2,48,1,1,1,6,0,5,1,0,0,0,0,21,1,0,1,0,0,0,0,2,0,0,1,0,1,0,0,0,2,0,6,0,1,0,8,1,0,0,0,1,14,0,0,0,0,0,0,0,0,9,0,0,0,0,0,0,2,0,0,2,0,1,0,2,0,0,0,0,0,0,12,0,3,3,0,1,1,0,0,1,86,0,2,0,3,2,0,0,2,0,0,0,0,3,0,0,0,0,0,3,1,0,0,8,11,0,3,5,44,0,0,26,1,0,0,5,0,0,0,12,0,2,0,0,0,54,0,45,0,0,0,0,0,0,0,0,0,0,1,0,0,0,0,0,0,0,0,0,0,0,0,0,89,0,0,2,0,0,0,2,0,0,0,10,0,0,0,104,1,0,0,0,2,0,0,0,0,0,1,0,2,0,0,0,1,0,0,0,0,0,0,14,0,0,0,0,4,1,3,0,0,0,0,0,0,0,1,15,0,0,1,3,0,0,0,0,1,0,0,0,0,0,4,5,2,1,0,1,0,5,0,52,0,1,0,1,1,1,1,3,0,0,2,0,0,0,0,0,0,0,14,0,0,0,0,0,0,0,4,0,0,0,0,0,0,0,0,0,0,0,1,9,0,0,0,1,0,3,1,0,0,0,2,0,2,0,1,0,0,0,0,1,0,1,4,0,0,5,1,1,1,0,3,0,0,0,0,0,0,0,1,0,7,0,3,0
175,1724,ESCOLA MUNICIPAL PROFESSORA MARIA IENKOT ZEGLIN,"RUA PRESIDENTE JOÃO GOULART, N 1605 - TATUQUARA",TATUQUARA,-25.5773808,-49.3321367,74,0,1070,848,82,26,0,1,1,0,11,1,0,0,0,10,0,1,0,2,0,0,0,1,3,1,1,0,0,0,4,0,0,0,25,4,22,2,2,0,0,1,0,0,1,0,0,0,0,1,0,0,0,0,0,0,3,6,0,0,0,2,0,0,7,3,0,3,2,0,0,0,0,0,0,15,0,0,0,0,0,0,0,0,0,0,0,3,0,0,0,0,0,0,0,0,0,0,0,0,7,1,8,0,1,43,0,0,2,2,2,0,3,5,34,0,0,1,22,0,0,4,1,0,0,0,0,0,0,0,3,0,0,0,0,0,0,0,0,1,0,0,0,2,0,1,1,0,0,2,0,0,0,5,0,0,0,0,0,3,0,0,0,0,0,0,0,0,6,1,0,0,0,0,0,0,0,0,1,0,0,0,0,0,0,0,0,0,0,8,0,2,3,0,0,0,0,0,0,49,0,0,0,0,0,0,0,6,0,0,0,0,0,0,0,0,0,0,1,2,0,0,2,11,1,1,1,4,2,0,18,0,4,0,13,0,0,0,13,0,0,0,0,0,36,0,32,0,0,0,0,0,0,0,0,0,0,0,0,0,0,0,0,0,0,0,0,0,0,0,0,55,0,0,3,0,0,0,0,0,0,0,5,0,0,0,53,0,0,0,0,1,0,0,0,0,0,0,0,0,0,1,0,0,0,0,0,0,0,0,2,0,0,0,0,1,1,2,0,0,0,0,0,0,0,0,6,0,0,0,0,0,0,0,0,0,0,0,1,0,0,0,1,0,0,0,0,1,0,0,37,0,0,0,0,2,0,0,0,0,0,0,0,0,0,0,0,0,0,26,0,0,0,0,0,1,1,0,0,0,0,0,1,0,0,0,0,0,0,0,12,0,0,0,0,1,0,1,0,0,0,0,0,0,0,0,0,1,0,0,2,0,1,0,0,0,7,0,1,0,0,0,0,0,0,0,0,0,0,1,0,2,0,0,0
175,1732,ESCOLA MUNICIPAL DOUTOR HAMILTON CALDERARI LEAL,"RUA VICTOR GRYCAJUCK, 121 - TATUQUARA",SAO MIGUEL,-25.507433,-49.3545369,67,0,365,262,15,4,0,1,1,1,4,1,0,0,0,1,0,0,0,1,0,0,0,0,0,0,1,0,0,0,0,0,0,0,2,0,9,1,0,0,0,0,0,0,0,0,0,0,0,0,0,0,0,0,0,0,0,1,0,0,0,0,0,0,2,0,0,0,0,0,0,0,0,0,0,10,1,0,0,0,0,0,0,0,0,0,0,0,0,0,0,0,0,0,0,0,0,0,0,0,2,0,2,0,0,19,0,0,2,0,2,0,3,5,14,0,0,20,3,0,0,0,1,0,0,0,0,0,0,0,2,0,0,0,0,0,0,0,0,0,0,0,0,1,0,0,0,0,0,0,0,0,0,0,0,0,0,1,0,1,0,0,0,3,2,0,0,0,0,0,0,0,1,0,0,0,0,0,0,0,0,0,0,0,0,0,0,0,0,0,0,0,2,0,0,3,0,1,0,17,0,0,0,0,0,0,0,0,0,0,0,0,0,0,0,0,0,0,1,0,0,0,1,0,1,0,0,2,0,0,2,0,0,0,0,0,0,0,1,0,0,0,0,0,8,0,10,0,0,0,0,0,0,0,0,0,0,0,0,0,0,0,0,0,0,0,0,0,0,0,0,11,0,0,4,0,0,0,0,0,0,0,5,0,0,0,11,0,0,0,0,0,0,0,0,0,0,0,0,0,0,0,0,0,0,0,0,0,0,0,5,0,0,0,0,0,0,0,0,0,0,0,0,0,0,0,4,0,0,0,0,0,0,0,0,0,0,0,0,0,0,1,0,1,0,0,1,0,0,0,7,0,0,0,0,0,0,0,0,0,0,0,0,0,0,0,0,0,0,15,0,0,1,0,0,0,1,0,0,0,0,0,0,0,0,0,0,0,0,0,0,0,0,0,0,0,0,0,0,0,0,0,0,0,0,0,0,0,0,0,0,0,1,0,0,0,2,0,0,0,0,0,0,0,0,0,0,0,0,1,0,2,0,0,0
176,1120,COLÉGIO ESTADUAL JOÃO DE OLIVEIRA FRANCO,"RUA PADRE MANUEL DA NOBREGA, 1489",VILA  FANNY,-25.4880979,-49.2778472,39,0,3181,2616,140,89,0,3,1,2,20,6,1,0,0,22,0,0,1,5,0,0,1,0,0,2,4,0,0,0,10,0,0,0,23,25,13,7,3,0,1,0,0,0,0,1,0,0,1,7,2,1,1,2,0,3,1,4,0,1,1,5,0,0,5,1,0,8,3,0,0,1,0,0,0,23,0,0,0,0,0,0,0,1,2,0,0,27,0,0,0,1,0,0,0,2,0,0,0,0,6,1,11,1,3,140,0,0,9,2,5,0,5,35,104,2,0,2,92,0,1,3,17,1,4,0,0,0,0,0,32,2,0,0,0,0,1,0,0,1,0,1,0,2,0,0,0,1,1,3,0,0,0,9,0,0,1,1,1,24,0,2,1,3,0,0,0,0,35,0,0,0,0,0,1,0,0,0,0,0,0,0,0,0,0,0,0,0,0,23,0,0,21,0,0,0,0,2,0,127,1,21,0,4,12,0,0,3,0,0,0,0,2,0,1,0,0,0,5,15,0,1,15,47,1,1,11,36,1,0,65,1,0,0,7,0,1,0,12,0,5,0,0,0,49,1,79,0,0,0,0,0,0,0,0,0,0,0,0,2,0,0,0,0,0,0,0,0,0,0,0,274,0,0,18,0,0,0,8,0,6,0,33,2,0,0,286,5,0,0,5,0,0,4,0,0,0,0,1,4,0,0,0,0,0,0,0,0,0,0,23,0,0,0,0,1,1,0,2,0,0,1,1,0,0,0,20,0,0,0,12,0,0,0,0,0,0,0,0,0,0,1,4,5,1,0,7,1,5,0,77,0,0,0,1,12,2,3,3,1,0,0,0,0,1,3,0,0,4,17,0,0,0,0,0,1,0,6,0,0,0,1,0,0,0,0,0,0,0,7,45,0,0,0,1,1,0,1,0,2,0,4,0,7,0,0,0,1,3,4,6,2,3,14,0,1,15,0,1,0,1,4,0,0,0,0,0,0,0,0,0,7,0,2,0
176,1139,COLÉGIO ESTADUAL JOSÉ BUSNARDO,"RUA MAJOR VICENTE DE CASTRO, 1154",VILA  FANNY,-25.4797292,-49.2663609,39,0,2577,2069,100,60,0,2,2,5,20,2,1,0,1,20,0,0,0,7,0,0,0,1,4,3,2,0,0,0,8,0,0,0,13,17,23,8,4,0,1,0,0,0,0,1,0,0,0,0,1,0,1,1,0,1,0,4,0,0,1,0,0,2,1,0,1,21,2,1,0,1,0,0,0,26,0,0,1,0,0,0,0,0,0,0,0,14,0,0,1,0,0,0,0,0,0,0,0,1,4,0,7,1,2,90,0,0,6,2,2,0,7,41,75,0,0,2,68,0,0,1,17,0,1,1,0,0,0,1,25,1,1,0,0,0,0,0,0,0,0,0,1,1,0,0,0,0,1,0,0,0,0,5,0,0,0,3,2,9,0,1,0,4,0,0,0,0,24,0,0,0,0,0,0,0,0,0,0,0,0,0,2,0,1,0,0,0,0,30,0,0,16,0,0,0,0,0,0,104,0,24,0,3,6,0,0,4,0,0,0,2,2,0,0,1,0,0,6,6,0,0,7,22,4,1,8,27,0,0,61,0,0,0,8,0,1,0,25,0,4,0,0,0,57,0,62,0,0,0,0,0,0,0,0,0,0,0,0,1,0,0,0,0,0,0,0,0,0,0,0,204,0,1,15,1,1,0,1,0,2,0,35,2,0,0,175,1,0,0,1,1,0,1,0,0,3,0,0,3,0,0,0,0,0,0,0,0,0,0,20,2,0,0,0,0,0,0,0,0,0,0,0,0,0,1,24,0,1,0,3,0,0,0,0,0,0,0,0,0,0,2,0,3,0,0,23,1,1,0,71,0,0,0,0,4,1,3,3,0,0,0,0,0,0,5,0,0,1,22,1,0,1,0,0,0,1,5,0,0,0,0,0,0,1,0,0,0,0,3,37,0,4,0,2,0,0,0,0,1,0,1,0,0,0,0,0,1,0,2,8,3,3,40,0,0,15,0,0,0,0,3,0,0,2,0,0,0,0,0,0,4,0,6,0
176,1147,ESCOLA MUNICIPAL ELEVIR DIONÍSIO,"RUA CAPITÃO JOSÉ MARIA SOBRINHO, 1336",VILA  FANNY,-25.4838823,-49.2729048,39,0,2150,1801,74,60,0,0,0,2,10,3,1,1,0,20,1,0,0,3,0,0,0,1,0,2,2,0,0,0,5,0,0,0,6,19,14,5,2,0,0,1,0,0,0,1,0,1,0,1,0,0,1,2,0,3,1,7,0,1,0,0,0,0,4,2,0,6,4,1,0,0,0,0,0,22,0,0,1,2,1,1,0,0,0,1,0,21,0,0,0,0,6,0,0,0,0,0,0,0,3,0,3,0,0,79,1,0,2,1,2,0,5,35,49,0,0,2,67,0,0,2,7,3,1,0,0,0,0,0,26,1,0,0,0,0,1,1,0,0,1,0,0,1,0,0,0,1,0,0,0,0,0,12,0,0,0,1,0,16,0,1,0,1,0,0,0,0,21,0,0,0,0,2,0,0,0,0,0,0,0,0,0,0,0,0,0,0,0,19,2,0,17,0,0,0,0,0,0,106,0,20,0,4,15,3,0,4,0,0,0,0,2,0,0,0,0,0,5,4,0,0,4,26,0,0,15,17,0,4,54,0,0,0,4,0,0,0,12,0,6,0,0,0,46,0,44,0,0,0,0,0,0,0,0,0,0,0,0,1,0,0,0,0,0,0,0,0,0,0,0,215,0,0,13,0,0,0,2,0,3,0,23,3,0,0,170,6,0,0,3,0,0,2,0,0,0,0,0,0,0,0,0,0,0,0,0,0,0,0,23,0,0,0,0,5,0,0,0,0,0,0,0,0,0,0,10,0,2,0,2,0,0,0,0,0,2,0,0,0,0,1,1,3,0,0,9,1,0,0,63,0,0,0,0,3,2,6,0,0,0,0,0,0,0,3,0,1,3,12,0,2,0,1,0,0,0,4,0,0,0,0,0,0,0,0,1,0,0,4,27,0,1,0,0,0,0,0,0,0,0,2,0,3,0,0,0,1,0,4,5,1,0,12,0,0,19,0,1,1,0,5,0,0,0,0,0,0,0,0,0,9,0,2,0
176,1155,COLÉGIO ESTADUAL NEWTON FERREIRA DA COSTA,"RUA AMÉRICO VESPÚCIO, 745",LINDÓIA,-25.4818559,-49.2769398,40,0,3856,3121,148,104,0,2,0,4,18,6,1,0,0,26,0,0,0,5,0,0,0,3,2,5,7,0,0,1,11,0,0,0,19,30,24,25,6,0,0,0,0,0,0,1,0,0,3,3,0,0,4,1,0,3,0,13,0,0,0,2,0,0,11,7,3,6,2,0,0,0,1,1,1,23,0,1,1,1,1,0,0,0,0,0,0,24,1,0,0,1,17,2,0,0,0,0,0,0,12,0,7,1,1,159,0,1,4,1,5,3,10,41,120,0,1,6,103,0,1,2,8,1,4,1,0,0,0,0,41,3,0,0,0,0,2,0,0,0,0,0,0,3,0,0,0,1,0,3,0,1,0,3,1,0,0,6,0,27,0,1,0,1,1,0,0,1,38,0,0,0,0,0,0,0,0,0,1,0,0,0,2,0,0,0,0,0,0,32,2,0,28,0,0,0,1,0,0,201,0,33,0,10,5,3,0,10,0,0,0,0,3,0,1,0,0,0,13,20,2,0,14,44,4,0,24,46,1,0,59,0,1,0,7,0,1,0,26,0,2,0,1,0,79,3,75,1,0,2,1,0,0,0,0,0,0,0,1,0,0,0,0,0,0,0,0,0,0,0,0,290,0,0,23,0,1,0,4,0,2,0,40,1,0,2,252,7,0,0,1,4,0,5,0,0,0,1,0,7,0,2,0,0,0,0,0,0,0,0,48,0,0,0,0,6,0,0,0,0,0,0,0,1,0,1,30,0,0,0,12,0,0,0,0,0,0,0,0,0,0,3,1,2,2,0,38,0,3,0,116,0,0,0,0,4,1,4,0,6,0,1,0,1,2,4,0,0,2,57,0,1,0,0,0,2,0,2,0,0,0,0,0,0,1,0,0,0,0,7,63,0,0,0,0,0,3,1,0,0,0,3,0,2,0,0,0,4,0,13,8,0,3,6,1,0,33,0,1,2,0,4,0,0,0,0,0,0,0,1,0,5,1,2,0
176,1163,COLÉGIO ESTADUAL DOM ÁTTICO EUSÉBIO DA ROCHA,"AVENIDA PRESIDENTE WENCESLAU BRAZ, 2779",LINDÓIA,-25.4770538,-49.2815091,40,0,3182,2533,122,107,0,2,2,5,27,6,0,0,2,39,1,0,0,11,0,1,0,1,3,2,9,1,0,1,13,0,0,0,10,32,9,1,4,0,1,1,0,0,2,1,0,0,0,6,1,0,0,0,0,7,0,6,0,2,0,0,1,2,5,5,2,5,5,1,0,0,2,1,0,33,1,0,0,0,0,0,0,0,2,1,0,10,0,0,0,0,4,1,0,0,0,0,0,0,13,2,3,0,0,103,0,2,3,1,6,0,11,65,81,0,0,3,73,0,3,2,8,0,1,0,0,0,0,1,17,0,0,0,0,0,0,0,1,1,0,0,0,1,0,0,0,1,0,0,0,0,0,2,0,1,0,8,1,10,0,1,1,0,1,0,0,2,29,0,0,0,0,0,0,0,0,0,3,0,1,0,2,0,0,0,0,0,0,28,2,1,22,0,0,1,0,2,0,92,0,23,0,10,3,0,0,18,0,0,0,0,2,0,1,0,0,0,1,13,2,0,10,39,1,3,39,24,3,0,72,0,0,1,13,0,0,0,32,0,5,0,0,0,59,6,62,0,1,1,0,0,0,0,0,0,0,0,0,2,0,0,0,1,0,0,0,0,0,0,0,272,0,2,19,0,0,0,4,0,2,0,31,8,0,0,199,8,2,0,2,1,0,2,0,0,1,1,0,4,1,0,0,0,0,0,0,0,0,0,20,0,1,0,0,0,2,1,0,0,0,1,0,1,0,0,16,0,2,0,3,0,0,1,0,0,1,0,0,0,0,2,3,2,0,0,36,2,3,0,99,0,1,0,0,8,2,3,0,3,0,1,2,0,2,0,0,0,4,24,0,0,0,0,0,2,0,1,0,0,0,0,0,0,0,0,0,0,0,10,67,1,0,0,1,0,3,0,0,0,1,0,0,4,1,0,0,0,0,4,12,1,1,2,1,0,24,0,0,1,0,2,0,0,0,0,1,0,0,0,0,10,0,0,0
176,1180,CEEBJA DR. FRANCISCO RIBEIRO DE AZEVEDO MACEDO,"TRAVESSA AUGUSTO MARACH, 224",NOVO MUNDO,-25.4889456,-49.2928583,41,0,3290,2629,102,87,0,3,1,3,22,1,0,0,0,27,2,2,0,6,0,0,0,2,0,1,1,0,0,0,18,0,0,1,20,17,17,2,12,0,1,0,0,0,0,0,0,0,0,3,1,0,3,1,0,5,1,6,0,0,0,1,0,0,2,8,1,11,2,1,1,1,3,0,0,53,0,0,0,1,0,0,0,0,0,0,1,17,0,0,0,0,1,0,0,0,0,0,0,0,12,1,5,1,2,108,0,1,6,2,0,2,7,52,87,0,2,6,70,0,0,5,9,0,2,0,0,0,0,1,25,1,1,0,0,0,1,0,1,0,0,0,0,4,0,0,1,2,6,0,0,0,0,12,0,0,0,1,3,19,0,0,0,5,0,0,0,0,29,0,0,0,0,1,0,1,0,0,0,1,0,0,1,0,0,0,0,0,0,33,0,1,18,1,0,0,0,0,1,89,0,24,0,1,5,1,2,13,1,0,0,0,10,0,0,0,2,0,8,8,0,0,25,49,2,2,16,29,0,1,87,0,0,0,4,1,1,0,28,0,5,0,0,0,67,2,62,0,0,0,0,0,0,0,0,0,0,0,0,0,0,0,0,1,0,0,0,0,0,1,0,327,1,0,15,0,0,0,2,0,6,0,51,1,0,0,241,12,0,0,0,1,0,1,0,0,1,1,0,2,0,0,0,0,0,0,0,0,0,0,49,0,0,0,0,2,1,0,0,0,0,0,0,0,0,0,33,0,1,0,2,0,0,0,0,0,1,0,0,0,1,3,2,6,1,0,9,0,6,0,76,0,0,0,0,9,4,1,3,1,0,0,3,0,2,4,0,0,2,31,0,3,0,2,0,0,0,1,0,0,0,0,0,0,1,0,0,0,0,5,55,0,1,0,3,0,2,0,0,3,0,1,0,1,0,1,0,4,0,1,9,1,1,3,0,0,37,0,0,0,0,4,0,0,0,0,0,1,0,3,0,2,0,0,0
176,1198,ESCOLA MUNICIPAL ARAPONGAS,"RUA JOSÉ CASEMIRO STENZOWSKI, 153",NOVO MUNDO,-25.4833132,-49.2870705,41,0,1867,1512,51,69,0,2,0,3,14,5,1,0,0,17,0,2,0,5,0,0,0,0,2,5,3,0,0,0,6,0,0,0,14,18,12,2,6,0,0,0,0,0,0,0,0,1,1,1,0,0,0,1,0,4,1,0,0,0,0,0,0,0,1,1,0,2,2,1,0,0,1,0,0,15,0,0,0,0,0,0,0,0,1,0,0,15,0,0,0,0,1,0,0,0,0,0,0,0,6,1,5,0,0,85,1,0,3,3,0,1,10,42,59,0,0,1,59,0,0,1,5,0,1,0,0,0,0,0,13,0,0,0,0,0,0,0,0,1,0,0,1,1,0,0,0,0,0,1,0,1,0,6,0,2,0,6,0,6,0,0,2,0,0,0,0,0,23,0,0,0,0,0,0,0,0,0,1,0,0,0,0,1,0,0,0,0,0,15,3,0,10,0,0,0,0,2,0,58,0,8,0,1,4,0,2,5,0,0,0,0,2,0,0,0,0,0,4,7,0,1,14,22,1,0,22,14,0,2,32,0,0,0,3,0,0,0,16,0,2,0,0,0,36,0,38,0,0,0,0,0,0,0,0,0,0,0,0,0,0,0,0,0,0,0,0,0,0,0,0,170,0,0,12,0,0,0,4,0,0,0,20,3,0,0,118,2,0,0,0,0,0,1,1,0,0,0,0,5,0,0,0,0,0,0,0,0,0,0,22,0,0,0,0,1,0,1,0,0,0,0,0,1,0,0,23,0,0,0,1,0,0,0,0,0,0,0,0,0,0,2,1,3,4,0,2,0,2,0,54,0,0,1,0,4,0,0,0,0,0,0,0,0,0,0,0,0,1,10,1,2,0,0,0,0,0,1,1,0,0,0,0,0,0,0,0,0,0,3,37,0,0,0,0,0,1,1,0,0,0,1,0,3,0,0,0,0,0,3,7,0,1,6,0,0,9,0,0,0,0,1,0,0,0,0,0,0,0,1,0,6,0,0,0
176,1201,ESCOLA MUNICIPAL DR. OSVALDO CRUZ,"RUA JOSÉ ALCIDES DE LIMA, 126",NOVO MUNDO,-25.4874317,-49.3066064,41,0,2132,1731,95,84,0,3,1,5,12,1,2,1,1,18,1,0,0,8,0,0,0,0,0,2,1,1,0,0,6,0,0,0,20,13,36,6,4,0,0,0,0,0,0,0,0,0,0,7,0,0,0,0,0,1,0,4,0,0,0,0,0,0,4,4,0,8,2,0,0,0,1,0,0,42,1,0,1,0,0,1,0,0,0,0,2,12,0,0,0,0,0,0,0,0,0,0,0,0,4,0,4,3,1,88,0,1,1,3,1,1,3,31,45,0,0,15,34,0,0,2,6,0,0,0,0,0,0,0,15,2,1,0,0,0,0,0,0,0,0,0,0,1,0,0,0,0,0,0,0,0,0,5,0,1,0,6,0,10,0,0,0,2,0,0,1,0,29,0,0,0,0,0,0,0,0,0,1,1,0,0,0,0,0,0,0,0,0,15,1,0,11,0,0,0,0,0,0,105,0,1,0,4,4,0,0,5,0,5,0,0,1,0,0,0,0,0,9,1,0,0,13,40,3,1,5,37,0,1,28,0,1,0,8,0,1,0,21,0,2,0,0,0,48,0,49,0,0,0,1,0,0,1,0,0,0,0,0,0,0,0,0,0,0,1,0,1,0,0,0,165,0,0,16,0,0,0,2,0,0,0,12,1,0,0,143,3,0,0,0,1,0,0,0,0,0,0,0,0,0,2,0,0,0,0,0,0,0,0,12,1,0,0,0,2,1,1,0,0,0,0,0,0,0,0,18,0,0,0,1,0,0,0,0,0,0,0,0,0,0,4,1,3,1,0,10,0,2,0,53,0,0,0,0,2,2,1,1,0,0,0,1,0,11,0,0,0,0,24,1,0,1,0,0,0,0,1,0,0,2,0,0,0,0,0,0,0,0,0,29,0,0,0,0,0,0,0,0,2,0,3,0,0,2,0,0,0,0,2,10,0,0,4,0,0,14,0,0,0,0,3,0,0,0,0,0,0,0,0,0,7,0,0,0
176,1210,COLÉGIO ESTADUAL CÍVICO MILITAR YVONE PIMENTEL,"RUA SEBASTIÃO MALUCELLI, 1312",NOVO MUNDO,-25.4954281,-49.299928,41,0,4598,3659,173,137,0,1,1,6,37,4,2,0,0,25,0,1,0,9,0,0,0,2,1,6,7,1,0,0,13,0,0,0,39,31,43,17,17,0,1,0,0,0,0,0,0,0,2,6,0,0,2,1,0,3,2,13,2,0,0,0,0,0,21,6,3,23,3,1,0,0,0,1,0,40,0,1,1,2,0,0,0,0,0,0,0,34,0,0,0,0,0,2,0,0,0,0,0,0,11,1,4,2,3,231,0,0,7,21,3,2,14,50,130,0,1,8,145,0,3,2,9,1,1,0,0,0,0,0,47,2,0,1,0,0,0,0,1,1,1,0,0,2,0,0,1,1,3,1,0,0,0,13,0,0,0,4,1,27,1,0,1,2,0,0,1,0,41,0,0,1,0,0,0,1,0,0,1,0,0,0,2,0,0,0,0,0,0,26,0,1,34,0,0,0,0,3,0,219,1,26,0,6,8,3,0,13,0,1,0,0,1,0,0,2,0,0,26,7,0,1,15,34,4,1,17,34,4,2,82,1,5,1,12,0,1,0,33,0,6,1,0,0,75,1,96,0,0,0,0,0,0,1,0,0,0,1,0,0,0,0,0,0,0,0,1,0,0,0,0,368,0,1,22,0,0,0,9,0,5,0,43,2,0,0,367,8,0,0,2,1,0,3,0,0,0,0,0,7,0,0,0,0,0,0,0,0,0,0,52,0,0,0,0,0,0,1,0,2,0,0,0,1,2,2,24,0,1,0,16,0,0,0,1,2,2,1,0,0,0,4,3,5,2,0,11,4,4,2,106,0,0,1,0,11,1,3,1,4,0,0,0,0,6,4,1,0,0,21,1,0,0,0,0,0,0,5,0,0,0,0,0,0,0,0,0,0,0,7,58,0,1,0,3,0,3,1,0,2,0,3,0,6,0,0,0,2,0,3,8,1,1,2,0,0,36,0,0,0,0,9,0,0,0,2,0,0,0,1,2,4,0,2,2
176,1228,COLÉGIO ESTADUAL JOÃO BETTEGA,"RUA VISCONDE DO SERRO FRIO, 1020",NOVO MUNDO,-25.4860846,-49.3041488,41,0,3362,2656,193,96,0,4,0,6,26,3,3,1,1,19,0,0,0,9,0,0,0,4,3,0,1,0,0,0,7,0,0,0,51,17,29,9,7,0,0,0,0,0,1,1,0,0,1,6,0,0,0,1,0,3,0,8,0,0,2,1,0,0,9,8,0,9,1,0,0,0,0,0,0,52,0,0,2,0,0,0,0,0,0,3,0,9,0,0,0,0,0,0,0,0,0,0,0,0,12,0,10,1,1,182,0,0,8,6,3,2,16,33,103,2,1,20,74,0,0,3,5,0,1,0,0,0,0,0,17,0,1,1,0,0,2,0,1,1,0,0,0,0,0,0,0,0,1,0,0,3,0,11,0,0,0,1,6,9,0,1,0,1,0,0,2,0,22,0,0,0,0,0,0,0,0,0,1,0,1,0,0,0,0,0,0,0,0,26,0,2,18,0,0,1,0,3,0,142,0,11,0,5,8,0,0,12,0,5,0,0,3,0,0,0,0,0,14,16,0,0,14,39,2,1,8,31,0,2,54,1,0,0,8,0,0,0,34,0,1,0,0,0,64,0,83,0,0,1,0,0,0,2,0,0,0,0,0,0,0,0,0,0,0,0,0,1,0,0,0,249,0,0,16,0,0,0,2,0,0,0,32,4,0,0,208,15,0,0,3,0,0,1,0,0,0,1,0,3,0,0,0,0,0,0,0,0,0,0,14,0,0,0,0,2,2,1,0,0,0,0,0,0,0,0,28,0,0,0,5,0,0,0,0,1,2,0,1,0,0,1,1,4,4,0,2,0,4,0,74,0,0,0,0,9,1,1,2,0,0,0,1,0,0,1,0,1,0,46,3,1,0,0,0,0,0,8,0,0,0,0,0,0,1,1,0,0,0,17,35,0,0,0,0,0,3,3,0,5,1,1,0,0,1,0,0,1,0,1,5,2,0,2,0,0,24,0,1,0,0,4,0,0,0,0,0,0,0,2,0,9,0,0,0
176,1236,ESCOLA MUNICIPAL MADRE MARIA DOS ANJOS,"RUA SANTA MARIA, 540",NOVO MUNDO,-25.488844,-49.280006,41,0,2409,2007,79,66,0,2,1,1,14,2,0,0,1,31,0,1,0,12,0,0,0,2,0,1,5,0,0,0,18,1,0,0,11,31,24,4,8,0,0,1,0,0,0,0,0,1,2,1,0,1,1,1,0,4,2,8,0,0,0,3,0,0,7,4,1,2,1,0,0,0,2,0,0,18,0,0,0,0,0,0,0,0,0,0,0,13,0,0,0,0,0,1,0,0,0,0,0,0,6,1,5,0,4,99,0,0,3,1,3,4,4,25,75,0,0,1,70,0,0,0,5,1,0,1,0,0,0,0,11,0,0,0,0,0,0,0,2,0,0,0,1,2,0,0,0,0,0,0,0,0,0,13,0,0,0,5,0,15,0,0,0,1,0,0,0,0,41,0,0,0,0,0,0,0,0,0,0,0,0,0,0,0,0,0,0,0,0,24,0,1,23,0,0,0,0,0,0,83,0,13,0,2,9,0,0,11,0,1,0,0,2,0,0,0,0,0,8,7,0,0,7,25,1,4,10,44,1,0,39,0,0,0,10,0,0,1,13,1,3,0,1,0,34,0,64,0,0,1,0,0,0,0,0,0,0,0,0,0,0,0,0,0,0,0,0,1,0,0,0,234,0,0,9,0,0,0,0,0,1,0,30,2,0,0,178,6,0,0,2,0,0,2,0,0,0,0,0,9,0,0,0,0,0,0,1,0,0,0,23,0,0,0,0,0,0,0,0,0,0,0,0,1,0,2,13,1,1,0,5,0,0,0,0,1,0,0,0,0,0,1,1,4,0,0,11,0,5,0,76,0,0,0,0,4,1,3,0,1,0,0,0,0,0,5,1,0,2,24,1,0,0,0,0,0,0,4,0,0,0,0,1,0,0,0,0,0,0,6,38,0,0,0,0,1,10,0,0,2,0,2,0,3,0,0,0,0,0,3,2,2,0,10,0,0,17,0,0,1,0,0,0,0,0,0,0,0,0,4,0,5,0,3,0
176,1244,ESCOLA MUNICIPAL MARIA CLARA BRANDÃO TESSEROLLI,"RUA JOÃO RIBEIRO LEMOS, 380",NOVO MUNDO,-25.4878567,-49.2879756,41,0,4177,3441,181,141,0,4,1,4,33,6,0,0,1,34,0,0,0,7,0,1,0,1,4,1,8,1,0,0,21,0,0,2,31,31,30,10,14,0,3,0,0,0,0,1,1,2,4,7,3,0,0,0,0,5,2,5,0,0,3,0,1,0,5,8,0,10,0,1,0,0,0,0,0,40,0,0,3,0,0,0,0,0,0,0,5,28,0,0,0,0,1,0,0,0,0,0,0,0,8,3,7,0,1,235,1,1,4,1,6,1,10,57,98,2,1,2,124,0,0,0,12,0,5,2,0,0,1,0,38,0,0,0,0,0,1,0,2,0,0,3,3,1,0,0,0,0,1,0,0,1,0,14,1,0,0,5,2,23,0,0,0,2,0,0,1,0,43,0,0,1,0,2,0,5,0,0,1,0,0,0,6,0,0,0,0,0,0,36,0,1,20,0,2,0,0,0,0,172,0,28,0,5,7,5,0,10,0,0,0,0,12,0,0,0,0,0,12,7,0,0,21,32,3,3,13,37,2,4,105,1,4,0,3,0,0,0,46,0,7,0,0,0,81,2,88,0,0,0,1,0,0,0,0,0,0,1,0,1,0,0,0,0,0,0,0,0,0,0,0,330,0,0,18,0,1,0,7,0,11,0,49,5,1,0,266,6,1,0,4,2,0,7,0,0,1,1,0,5,0,0,0,0,0,0,0,0,0,0,56,0,0,0,0,5,0,0,0,0,0,2,0,1,0,1,40,0,0,0,4,0,0,0,0,0,0,0,0,0,0,2,1,1,0,0,23,0,2,0,114,0,0,0,0,16,4,4,4,0,0,0,3,0,1,0,0,0,6,31,2,0,0,1,0,1,0,2,0,0,0,0,4,0,1,0,0,0,1,3,64,0,0,1,2,0,2,0,0,3,1,6,0,4,0,0,0,3,0,6,3,1,0,10,0,0,52,0,0,0,0,0,0,0,0,0,1,0,0,9,0,3,0,4,0
176,1252,ESCOLA MUNICIPAL PROFESSORA NAIR DE MACEDO,"RUA FIORAVANTE SLAVIERO, 753",NOVO MUNDO,-25.4904661,-49.3102075,41,0,3481,2863,165,111,0,5,2,5,23,3,1,0,0,22,0,0,0,9,0,0,0,2,1,1,5,0,0,0,16,1,0,0,33,17,13,17,2,0,0,0,0,0,0,0,0,0,1,4,0,0,0,0,0,2,0,12,0,0,0,1,0,0,9,2,0,7,4,1,0,0,3,0,0,53,0,1,1,0,0,1,0,1,0,1,0,21,0,0,0,1,0,0,0,0,0,0,1,0,13,4,9,3,2,204,0,2,3,11,3,2,10,39,66,0,0,7,86,0,0,1,7,0,1,0,0,0,0,0,23,0,0,1,0,0,0,0,0,0,0,0,0,0,0,0,0,1,0,0,0,0,0,9,0,0,0,8,0,20,0,1,0,3,0,0,0,0,31,0,0,0,0,0,0,0,0,0,0,0,0,0,1,0,0,0,0,0,0,25,0,0,36,1,0,0,0,2,0,203,1,17,0,3,5,2,0,11,1,1,0,0,4,0,0,0,0,0,10,8,0,0,7,48,6,0,13,30,2,5,60,1,2,0,4,0,1,0,40,0,4,1,0,0,76,0,95,0,0,2,0,0,0,0,0,0,0,0,0,0,0,0,0,0,0,0,0,1,0,0,0,279,0,0,14,0,3,1,4,0,4,0,34,3,1,0,232,18,1,0,9,1,0,0,0,0,0,0,0,6,0,1,0,0,0,0,0,0,0,1,21,0,0,0,0,2,1,1,0,0,0,0,0,1,0,0,30,0,2,0,10,0,0,1,0,1,1,4,1,0,0,3,2,3,4,0,17,9,1,0,88,0,0,0,0,5,1,1,8,0,0,0,0,0,2,1,0,0,0,36,0,0,0,1,0,0,0,2,0,0,0,0,0,0,1,0,1,0,0,10,43,0,0,0,0,0,1,0,0,3,0,1,0,1,0,0,0,2,0,2,3,3,2,3,0,0,28,0,0,0,0,0,0,0,0,0,0,0,0,0,0,6,1,0,0
176,1295,ESCOLA MUNICIPAL BELMIRO CESAR,"RUA PADRE MANUEL DA NOBREGA, 327",VILA  FANNY,-25.479689,-49.2710655,39,0,2109,1712,91,74,0,1,3,1,11,2,0,0,1,20,0,0,1,4,0,0,0,0,0,1,6,1,0,0,12,0,0,0,9,10,12,1,1,0,1,1,0,0,0,0,0,0,1,0,0,0,3,1,0,1,0,9,0,1,2,2,0,0,3,5,4,12,1,0,0,0,2,1,1,8,0,0,2,0,1,1,0,0,0,0,0,23,0,0,0,1,5,0,0,0,0,0,0,0,4,2,2,0,2,88,2,1,0,1,3,3,11,30,68,1,0,1,62,0,2,3,4,0,1,0,0,0,0,0,17,1,0,0,0,0,1,0,0,0,0,0,0,0,0,0,0,1,0,2,0,1,0,4,0,0,0,3,1,10,0,0,0,4,0,0,0,1,20,0,0,0,0,0,0,0,0,0,0,0,0,0,2,0,0,0,0,0,0,10,0,0,16,0,0,0,1,1,0,79,0,15,0,2,8,1,0,6,0,0,0,0,2,0,0,0,0,0,7,6,0,0,5,13,2,0,19,21,2,0,49,0,3,0,6,0,0,0,27,0,2,0,0,0,33,0,55,0,0,0,0,0,0,0,0,0,0,0,0,0,0,0,0,0,0,0,0,0,0,0,0,175,0,0,8,0,0,0,2,0,3,0,23,2,0,0,147,10,0,0,2,1,0,0,0,1,0,0,0,2,0,0,0,0,0,0,0,0,0,0,14,1,0,1,0,1,0,4,0,0,0,0,0,0,0,0,13,0,0,0,9,0,0,0,0,0,0,0,0,0,0,0,0,4,1,0,8,0,3,0,43,0,0,0,0,3,1,4,0,0,0,0,0,0,2,3,0,0,4,18,0,0,0,0,0,1,0,4,0,0,0,0,0,0,0,0,0,0,0,6,34,0,0,0,0,2,1,0,0,1,0,1,0,4,0,0,0,1,0,1,2,2,0,12,0,0,12,0,0,0,0,1,0,0,0,0,0,1,0,0,1,7,0,1,0
176,1317,COLÉGIO GRACE,"RUA PEDRO BONAT, 103",NOVO MUNDO,-25.4942151,-49.2936416,41,0,4749,3891,154,115,0,2,1,7,30,7,1,1,1,26,1,0,0,8,0,1,0,1,1,4,5,1,0,0,16,0,0,0,33,34,24,6,5,0,0,1,0,0,0,0,0,1,6,15,0,0,0,1,0,1,1,14,0,1,1,1,0,0,13,8,1,7,6,1,0,1,1,0,1,45,0,1,2,1,0,0,0,0,1,0,0,53,0,1,0,0,0,0,0,2,0,0,0,0,11,4,10,2,2,219,0,1,4,5,4,7,17,62,149,0,0,3,188,0,2,1,13,1,4,1,0,0,1,1,54,0,0,1,0,0,0,0,2,1,1,1,1,2,0,0,1,1,0,1,0,0,0,21,0,1,0,12,2,43,0,0,0,3,1,0,0,0,57,0,0,0,0,4,0,0,0,0,2,1,4,0,2,0,0,0,0,0,0,42,2,1,28,0,0,2,0,1,0,181,0,33,0,3,19,1,0,21,0,0,0,0,8,0,1,0,0,0,11,23,0,2,19,50,4,2,18,42,2,1,74,0,3,0,9,0,1,0,52,1,9,0,0,0,64,0,98,0,0,0,2,0,1,0,0,0,0,0,0,0,0,0,0,0,0,0,2,1,0,0,0,367,0,1,31,1,0,0,3,0,2,0,76,3,0,1,430,9,0,0,7,0,0,0,0,0,0,4,0,4,1,0,0,0,0,0,1,0,0,0,65,0,0,0,0,7,0,1,0,0,1,0,0,0,0,0,27,0,0,0,6,0,0,1,1,0,0,0,1,0,0,6,2,16,2,0,5,2,6,1,115,0,0,0,0,9,0,5,3,0,0,1,0,0,2,5,0,0,7,24,0,2,0,1,0,0,0,2,0,0,0,0,0,0,0,0,0,0,0,14,75,0,1,0,2,0,7,0,0,2,1,1,0,4,2,0,0,2,1,7,6,0,2,2,0,1,28,0,0,2,0,6,1,0,0,0,1,0,1,3,1,11,0,2,0
176,1333,UNISANTA CRUZ - CAMPUS SEDE,"RUA AFFIFE MANSUR, 565",NOVO MUNDO,-25.495802,-49.3032708,41,0,3431,2838,147,88,0,3,1,5,30,5,1,0,1,22,0,1,0,8,0,0,0,1,0,2,2,0,0,0,11,0,0,0,22,22,28,10,3,0,0,0,0,0,0,0,0,1,0,8,0,0,1,0,0,1,1,6,2,0,0,3,0,0,14,7,0,8,7,0,0,0,0,0,0,43,0,0,0,1,1,0,0,0,0,0,0,24,0,0,0,0,2,1,0,0,0,0,0,0,7,0,5,1,1,137,2,0,4,1,3,5,11,42,64,0,1,3,96,0,0,4,6,1,0,1,0,0,0,0,30,0,0,0,0,0,0,0,0,1,0,0,0,1,0,0,1,1,2,0,0,1,0,14,1,0,0,4,0,17,0,0,0,2,0,0,0,1,26,0,0,0,0,1,0,0,0,0,0,0,3,0,0,0,0,1,0,0,0,16,1,1,31,1,0,0,0,0,0,150,0,20,0,1,9,3,1,18,0,0,0,0,5,0,0,1,0,0,17,8,1,0,21,36,3,1,23,43,0,1,84,0,2,0,12,0,0,0,21,0,2,0,0,0,68,0,64,0,2,1,0,0,1,1,0,0,0,0,0,1,0,1,0,0,0,0,0,0,0,0,0,293,0,0,32,0,0,0,2,0,3,1,47,5,1,1,325,6,0,0,3,1,1,1,0,0,0,0,0,3,0,0,0,0,0,0,0,0,0,0,34,0,0,0,0,3,1,0,1,0,0,0,0,2,0,0,18,0,0,0,7,0,0,0,0,0,1,2,3,0,0,2,3,4,1,0,8,4,4,0,96,0,0,0,0,6,0,2,1,3,0,0,0,0,2,6,0,0,3,25,0,3,0,0,1,0,0,5,0,0,1,0,0,0,0,0,0,0,0,10,52,0,0,0,0,0,2,1,0,1,0,2,0,0,0,0,0,0,0,0,8,1,0,5,3,0,31,0,0,0,0,8,1,0,0,0,0,0,0,4,0,12,1,1,0
176,1341,CMEI VILA LEÃO,"RUA PRIMO LOURENÇO TOSIN, 21",NOVO MUNDO,-25.4851504,-49.3022762,41,0,1775,1399,76,45,0,1,0,2,7,1,0,0,1,6,0,0,0,10,0,0,0,1,0,2,1,0,1,0,5,0,0,0,25,13,15,8,5,0,0,0,0,0,0,0,0,0,1,3,0,0,0,1,0,4,0,5,0,1,0,0,0,0,7,4,0,6,1,0,0,0,0,0,0,25,0,0,0,0,1,1,0,0,0,0,0,13,0,0,1,0,1,0,0,0,0,0,0,0,6,0,7,1,0,105,3,0,5,0,5,1,4,10,56,0,0,10,74,1,0,0,8,0,0,0,0,0,1,0,14,0,0,0,1,0,0,1,0,0,0,0,0,1,0,0,0,0,0,1,0,0,0,1,0,0,0,2,2,9,0,0,0,0,0,0,1,0,8,0,0,0,0,0,0,0,0,0,1,0,0,0,0,0,0,0,0,0,0,9,0,2,8,0,0,0,0,0,0,84,0,3,0,1,4,0,0,6,0,0,0,0,2,0,0,0,0,0,2,3,0,1,9,14,1,0,5,10,0,0,37,0,0,0,3,0,0,0,20,0,4,1,0,0,23,1,33,0,0,1,0,0,0,0,0,0,0,0,0,0,0,0,0,0,0,0,0,1,0,0,0,133,0,0,10,0,0,0,0,0,0,0,20,0,0,0,141,8,0,0,0,0,0,1,0,0,0,1,0,2,0,0,0,0,0,0,0,0,0,0,13,0,0,1,0,1,0,0,0,0,0,0,0,1,0,0,10,0,0,0,3,0,0,0,0,1,0,0,0,0,0,2,1,2,1,0,1,2,5,0,38,0,0,0,0,3,1,1,0,0,0,0,0,0,0,0,0,0,0,13,0,2,0,0,0,0,0,3,0,0,1,0,0,0,0,0,0,0,0,2,20,0,0,0,0,0,1,0,0,0,0,2,0,1,0,0,0,0,0,1,0,1,0,2,0,0,7,0,0,0,0,3,0,0,0,0,0,0,0,1,0,5,1,3,0
176,1457,COLÉGIO CEC,"RUA PROFESSOR WALDIR DE JESUS, 99",CAPÃO RASO,-25.5059847,-49.2966571,58,0,2640,2168,80,55,0,0,0,1,21,7,1,0,1,14,0,0,1,6,0,0,0,2,0,2,6,0,0,0,5,0,0,0,28,10,24,3,4,0,0,1,0,0,0,1,0,0,0,2,0,0,1,0,0,2,3,9,1,0,0,0,0,1,10,4,0,6,3,0,0,0,0,0,0,16,0,0,1,0,1,1,0,1,0,0,1,22,0,0,0,0,1,2,0,0,0,0,0,0,10,0,8,0,2,131,0,0,3,7,1,3,2,30,76,1,0,0,86,0,0,0,4,0,2,0,0,0,0,0,27,3,0,1,0,1,0,0,1,1,0,0,0,1,0,0,0,0,0,1,0,0,0,7,0,0,0,2,0,12,0,0,0,0,0,0,0,0,25,0,0,0,0,0,0,1,0,0,0,0,0,1,0,0,0,0,0,0,0,19,0,0,24,0,0,0,0,0,0,120,0,8,0,0,3,2,0,11,0,0,0,1,4,0,1,2,0,0,4,5,1,0,9,22,2,5,13,32,0,1,51,0,1,0,11,0,0,0,23,0,3,0,0,0,41,1,75,0,0,0,2,1,0,2,0,0,0,0,0,0,0,0,0,0,0,0,0,0,0,0,0,219,0,0,20,0,0,0,0,0,1,0,47,3,0,0,222,1,0,0,4,3,0,6,0,0,0,0,0,7,0,0,0,1,0,0,0,0,0,0,43,0,0,2,0,2,0,2,0,0,0,0,0,0,0,0,24,0,0,0,7,0,0,0,0,0,2,0,0,0,0,5,2,2,1,0,1,0,3,0,56,0,0,0,1,11,0,0,4,0,1,0,0,0,1,5,0,0,3,16,0,2,1,0,0,0,1,5,0,0,0,0,1,0,1,0,0,0,0,8,52,0,1,0,2,0,5,0,0,1,0,2,0,3,0,1,0,1,0,0,3,0,1,4,0,0,19,0,0,0,0,5,0,0,0,0,0,0,0,2,4,1,0,3,0
176,1465,COLÉGIO STELLA MARIS XAXIM,"RUA PROFESSOR NARCISO MENDES, 484",XAXIM,-25.5037474,-49.2697099,57,0,3825,3149,117,94,0,2,1,2,23,1,1,1,1,23,0,1,1,14,0,0,0,0,2,2,6,0,0,0,19,0,0,0,17,25,20,7,9,0,0,0,0,0,0,0,1,0,0,4,0,0,0,0,0,7,1,15,2,0,3,3,0,0,6,16,0,7,4,0,0,4,1,1,0,28,0,0,2,0,0,2,0,0,0,0,0,17,0,0,0,0,3,3,1,0,0,0,0,0,7,1,6,2,4,160,0,0,2,2,6,3,6,33,90,0,0,0,112,0,2,2,3,1,1,0,0,0,2,0,38,1,0,0,0,0,0,0,1,1,0,0,0,1,0,0,0,1,0,0,0,1,0,11,0,0,0,6,1,26,0,4,1,3,0,0,0,0,49,2,0,0,0,0,0,1,0,0,3,0,1,0,0,0,0,1,0,0,0,43,2,0,29,0,0,0,0,1,0,194,0,18,1,5,10,1,1,23,0,0,0,2,6,0,2,1,0,0,6,18,0,0,30,42,2,3,30,65,3,1,93,0,1,0,12,0,0,0,21,0,9,0,0,0,46,2,106,0,0,1,0,0,0,0,0,0,0,0,0,0,0,0,0,0,0,0,0,0,0,0,0,349,1,0,30,1,1,1,4,0,2,0,48,2,0,0,341,5,0,0,2,0,0,4,0,0,0,0,0,7,0,1,1,0,0,0,1,0,0,0,41,0,0,1,0,2,0,1,0,0,1,0,0,0,0,0,19,0,0,0,4,0,0,0,0,0,2,0,0,0,0,0,3,4,2,0,4,5,5,2,71,0,0,0,0,6,3,5,1,0,0,0,0,0,3,52,0,0,16,23,0,0,0,0,0,1,0,3,0,0,0,0,0,0,2,0,0,0,0,5,44,0,1,0,1,0,7,0,0,1,2,3,0,4,0,1,0,0,0,1,9,1,1,6,0,0,22,0,1,0,0,3,0,0,0,0,0,0,0,2,0,2,0,1,0
176,1473,COLÉGIO SENHORA DE FÁTIMA,"RUA GABRIEL FRECCEIRO DE MIRANDA, 1118",XAXIM,-25.5064246,-49.2740041,57,0,5016,4148,180,108,0,3,0,6,31,6,0,1,0,41,0,2,0,7,0,0,0,2,2,5,5,1,0,0,15,0,0,0,15,22,43,12,11,0,2,1,0,0,0,0,0,2,1,4,0,0,0,0,0,2,0,13,0,0,1,5,1,0,11,7,0,5,3,0,0,0,0,1,0,39,2,0,0,0,0,1,0,0,2,0,0,38,1,1,0,0,1,1,0,0,0,0,0,0,14,1,10,0,2,218,3,1,5,4,5,4,14,75,143,2,0,1,151,0,1,0,23,3,2,1,0,0,1,0,62,1,0,1,0,1,1,0,11,4,0,3,0,2,0,0,0,4,0,0,0,2,0,13,0,0,0,8,9,26,0,1,0,3,0,0,0,0,62,0,0,0,0,0,0,2,0,0,0,0,0,0,3,0,0,0,0,0,0,52,0,1,29,2,0,0,0,1,0,218,0,24,0,2,19,1,2,18,0,1,0,0,7,0,0,0,0,0,4,16,0,0,22,45,0,6,28,89,0,6,110,0,1,0,8,0,0,1,25,0,6,2,1,0,66,1,132,0,0,2,2,0,0,3,0,1,0,0,0,0,0,0,0,0,0,0,0,0,0,0,0,420,0,0,30,0,0,0,8,1,1,0,47,1,0,0,512,8,0,0,3,0,0,5,0,0,0,0,0,2,0,0,0,0,0,0,0,0,0,0,50,0,1,4,0,4,1,0,1,0,0,2,0,4,0,0,35,0,1,0,5,0,0,0,0,0,1,4,0,0,0,4,2,1,5,0,10,2,5,0,115,0,0,1,1,8,3,14,0,3,0,0,0,0,1,64,0,0,15,38,2,2,0,1,0,0,0,3,0,0,0,0,0,0,2,0,0,0,0,9,63,0,0,0,1,1,7,0,0,2,0,4,0,7,0,0,0,1,2,6,12,0,2,9,0,0,29,0,2,0,0,0,0,0,1,0,0,1,0,6,2,3,0,5,0
176,1481,COLÉGIO ESTADUAL JAYME CANET,"RUA ANA APARECIDA LOPOS CANET, 133",XAXIM,-25.4998938,-49.265887,57,0,7085,5758,255,185,0,9,3,7,62,10,3,1,1,47,2,1,0,16,0,1,0,2,1,7,8,1,0,0,15,0,0,0,30,29,38,18,29,0,0,1,0,0,1,0,2,2,2,4,0,2,1,6,0,11,0,13,1,0,1,0,1,2,17,17,0,17,2,2,0,0,1,0,0,61,1,1,2,0,1,0,0,1,0,2,0,64,1,0,0,2,0,0,0,0,0,0,0,0,13,0,20,1,3,241,2,1,9,9,10,3,18,115,193,1,0,1,180,0,0,3,20,0,2,1,0,0,1,0,59,0,0,2,0,0,0,0,2,2,0,0,1,2,0,0,0,0,0,2,0,0,2,19,0,1,0,4,9,44,0,0,2,5,0,0,0,0,81,0,0,0,0,2,0,0,0,0,2,1,0,0,3,0,0,1,0,0,0,92,0,1,48,0,0,0,0,3,0,302,0,38,0,4,22,1,3,45,0,0,0,0,13,0,3,2,0,0,8,18,0,1,42,73,0,11,34,140,2,2,165,1,4,0,30,0,0,2,75,0,2,1,1,0,121,3,137,0,1,2,0,0,0,0,0,0,0,0,0,1,0,0,0,0,0,1,0,5,0,0,0,584,0,0,24,0,0,0,4,2,4,0,86,6,0,2,554,3,0,0,3,3,1,4,0,0,0,1,0,7,0,1,0,1,1,0,0,0,0,0,48,0,0,0,0,3,0,3,0,0,0,0,1,0,0,0,54,0,0,0,6,0,0,1,0,0,5,0,0,0,0,2,3,8,5,3,12,5,3,0,142,0,2,0,0,13,2,7,4,0,0,0,1,0,4,158,0,0,65,55,0,1,2,0,0,3,2,2,0,0,1,0,0,0,0,0,0,0,0,17,112,1,0,0,5,0,4,3,0,0,0,3,0,5,0,0,0,1,3,0,11,2,5,13,0,0,54,0,0,0,0,5,0,0,0,0,0,0,0,6,3,7,1,4,0
176,1490,COLÉGIO ESTADUAL JOÃO PAULO II,"RUA JOÃO BARBOSA DE ALMEIDA, 545",XAXIM,-25.516242600000002,-49.2696043,57,0,3782,2990,208,105,0,8,1,7,29,5,0,0,1,33,0,0,0,10,0,0,0,0,1,4,6,0,0,0,9,1,0,0,35,14,44,19,30,0,0,2,0,0,2,2,0,0,1,7,0,0,0,1,0,4,0,23,0,0,0,1,0,0,2,5,1,10,0,0,0,0,0,0,0,42,0,0,3,1,0,1,0,0,0,1,0,20,0,0,0,0,2,3,0,0,0,0,0,0,28,1,8,1,0,124,0,0,3,3,3,3,16,61,77,0,0,4,83,0,0,4,6,0,0,2,0,0,0,1,16,1,0,0,0,0,2,0,10,0,0,2,0,2,0,0,0,0,0,2,0,0,0,8,0,0,0,2,14,17,0,2,1,3,0,0,0,0,43,4,0,0,0,0,0,1,0,0,1,0,0,0,2,0,0,0,0,0,0,29,1,4,18,0,0,0,0,12,0,158,0,10,0,1,9,1,2,10,0,0,0,0,3,0,0,0,0,0,5,11,0,1,19,31,5,5,21,82,1,1,96,0,3,0,4,0,0,2,34,0,4,0,0,0,74,2,106,0,0,1,0,0,0,0,0,0,0,0,0,0,0,0,0,0,0,0,0,0,0,0,0,275,1,0,10,1,0,0,2,0,3,0,40,1,0,0,221,3,1,0,1,0,0,3,1,1,0,0,0,4,0,1,0,0,0,0,0,0,0,0,22,0,0,1,0,3,0,3,0,0,0,0,1,0,0,0,41,0,0,0,9,0,0,2,0,1,0,0,0,0,0,0,0,3,1,0,12,2,1,0,82,0,0,0,0,5,1,1,0,1,0,0,0,1,1,25,0,0,11,25,0,1,0,0,0,3,0,3,0,0,0,0,1,0,1,0,0,0,0,8,52,0,1,0,1,0,4,0,0,1,0,1,0,2,0,0,0,5,0,1,7,0,3,5,0,0,16,0,1,2,0,2,0,0,1,1,0,0,0,1,0,10,0,1,0
176,1503,ESCOLA MUNICIPAL DAVID CARNEIRO,"RUA JOÃO BATISTA ZAGONEL PASSOS, 1197",XAXIM,-25.522987,-49.2669537,57,0,3808,3081,194,116,0,5,2,10,26,7,1,0,1,23,1,0,0,7,0,1,0,1,2,4,6,0,0,1,4,0,0,0,36,5,36,14,15,1,0,0,0,0,0,2,0,0,1,4,0,0,0,0,0,6,2,26,0,0,0,4,0,3,5,14,1,11,2,1,0,0,0,0,0,48,3,1,2,0,0,0,0,0,2,0,0,26,0,0,0,0,0,1,0,0,0,0,0,0,30,2,12,1,2,150,2,0,4,6,8,2,11,64,108,0,0,4,85,0,1,2,6,1,2,0,0,1,0,0,37,3,0,0,0,0,0,0,11,0,0,1,0,1,0,0,0,2,0,0,0,0,0,11,0,1,0,7,7,8,0,0,1,0,0,0,1,0,37,0,0,0,0,1,0,2,0,0,0,0,0,0,2,0,0,0,0,0,0,31,2,1,25,1,0,0,0,10,0,164,0,18,0,4,3,0,0,11,1,0,0,0,8,0,4,0,0,0,7,6,0,0,25,41,2,10,17,83,0,5,87,2,3,1,6,0,0,1,22,0,7,0,0,0,63,0,100,0,1,1,0,0,0,3,0,0,0,0,0,0,0,0,0,0,0,0,0,1,0,0,0,304,0,0,11,0,0,0,2,0,2,0,43,3,0,0,230,3,0,0,4,2,1,2,0,0,0,0,0,2,0,0,0,1,0,0,0,0,0,0,23,0,0,0,0,3,0,0,0,0,0,0,1,0,0,0,39,0,0,0,12,0,0,0,0,0,0,0,0,0,0,0,3,4,3,0,8,4,5,0,70,0,0,0,0,7,2,1,2,0,0,0,0,0,0,24,0,0,4,26,1,6,1,1,0,0,0,2,0,0,0,0,0,0,0,0,0,0,0,3,50,0,0,0,0,0,6,0,0,0,0,3,0,0,0,0,0,3,1,2,10,1,1,7,0,0,20,0,1,0,0,0,0,0,0,0,0,0,0,3,0,9,0,1,0
176,1511,ESCOLA MUNICIPAL FRANCISCO DEROSSO,"RUA FRANCISCO DEROSSO, 905",XAXIM,-25.4985296,-49.2676587,57,0,2658,2175,120,50,0,5,0,1,18,1,1,0,1,24,0,0,0,7,0,0,0,0,2,1,3,0,0,0,7,0,0,0,26,13,19,5,16,0,0,4,0,0,1,2,1,0,0,2,1,1,0,0,0,4,0,7,0,0,0,0,0,0,5,4,0,7,3,0,0,0,0,0,0,25,0,1,0,0,0,0,0,0,0,1,0,19,0,0,0,0,0,0,0,0,0,0,0,0,4,0,4,0,1,110,0,0,3,0,1,6,3,45,62,0,0,0,90,0,2,0,8,0,1,0,0,0,0,0,20,1,0,1,0,1,0,0,3,1,0,0,1,0,0,0,0,0,1,0,0,1,0,6,0,0,0,4,0,8,0,3,0,2,0,0,0,0,23,0,0,0,0,0,0,0,0,0,0,0,1,0,1,0,0,0,0,0,0,32,2,0,11,0,0,0,0,0,0,124,0,17,0,4,5,0,0,10,0,0,0,0,3,0,0,0,0,0,3,10,0,0,11,16,3,2,14,43,1,0,77,1,0,0,9,0,0,0,18,0,0,0,0,0,48,0,67,0,0,1,0,0,0,1,0,0,0,0,0,1,0,0,0,0,0,0,0,1,0,0,0,218,0,0,15,1,0,0,3,0,2,0,16,2,0,0,247,7,0,0,4,1,0,6,0,0,0,1,0,4,0,1,0,0,0,0,0,0,1,0,28,0,0,0,0,0,0,1,0,0,1,1,0,0,0,0,24,0,0,0,0,0,0,0,0,1,0,0,0,0,0,0,3,5,0,1,2,2,3,1,40,0,0,0,0,6,1,5,3,1,1,0,0,0,0,36,0,0,17,22,0,0,0,0,0,0,1,0,0,0,1,0,0,0,1,0,0,0,0,6,28,0,0,0,0,1,2,0,0,0,0,0,0,1,0,0,0,2,0,2,6,1,1,5,0,0,17,0,0,0,0,1,0,0,0,0,0,0,0,1,1,0,1,0,1
176,1520,ESCOLA MUNICIPAL UMUARAMA,"RUA FREI TEÓFILO, 730",CAPÃO RASO,-25.5024482,-49.303343,58,0,2868,2350,129,102,0,0,3,3,17,1,0,0,0,19,1,0,0,7,1,0,0,1,1,4,3,0,0,0,5,0,0,0,25,26,22,10,3,0,1,0,0,0,0,0,0,0,0,1,0,0,2,1,0,7,0,13,0,0,0,5,0,1,7,4,0,7,0,0,0,0,0,0,0,30,1,1,2,0,1,1,0,0,0,1,0,12,0,0,0,0,2,4,0,0,0,0,0,0,9,1,2,1,3,143,1,0,1,4,4,3,9,29,71,0,0,1,76,0,0,0,4,0,9,1,0,0,0,1,21,2,0,0,1,0,0,0,0,0,0,0,0,0,0,0,1,0,0,0,0,0,0,10,0,0,0,1,1,11,0,3,0,3,0,0,0,1,27,0,0,0,0,0,0,0,0,0,0,0,0,0,2,0,0,1,0,0,1,24,1,0,18,1,0,1,0,1,0,151,2,10,0,2,8,3,0,13,0,0,1,0,7,0,0,0,0,0,5,13,1,0,8,41,2,2,4,27,0,0,57,0,3,0,3,0,0,0,22,0,1,1,0,0,54,1,62,0,1,0,1,0,0,2,0,1,0,0,0,0,0,0,0,0,0,0,0,0,0,0,0,220,0,0,10,0,0,0,1,0,1,0,24,0,0,0,229,7,0,0,3,0,1,3,0,0,2,0,0,5,0,0,0,5,0,0,0,0,0,0,35,0,1,1,0,1,1,2,0,0,0,0,1,1,0,0,34,0,0,0,3,0,0,0,0,0,3,2,2,0,0,2,1,3,1,0,13,5,1,0,67,0,1,0,1,6,1,1,3,2,0,0,0,0,0,5,0,0,0,23,0,0,0,0,0,0,0,3,0,0,0,0,0,0,2,0,0,0,0,6,35,0,0,0,0,0,2,6,1,3,0,6,0,1,0,0,0,4,0,1,3,0,0,0,1,0,24,0,0,0,0,3,0,0,0,0,0,0,0,1,0,12,0,1,0
176,1538,ESCOLA MUNICIPAL IVAIPORÃ,"RUA VEREADOR ADEODATO VOLPI, 550",CAPÃO RASO,-25.4958865,-49.2905653,58,0,1739,1450,60,55,0,3,0,3,12,2,1,0,1,11,0,0,0,4,0,0,0,0,0,0,4,0,0,0,4,0,0,0,13,5,23,1,5,0,2,1,0,0,0,1,0,0,0,2,0,0,0,0,1,3,1,6,0,0,0,2,0,0,3,0,0,1,2,0,0,0,0,1,0,19,0,0,0,0,0,0,0,0,1,0,0,14,0,0,0,0,0,1,0,0,0,0,0,0,6,1,1,0,1,57,0,0,1,0,2,1,4,35,36,0,5,0,46,0,1,1,2,0,0,1,0,0,0,0,8,0,0,0,0,0,0,0,1,0,0,0,0,0,0,0,0,0,0,1,0,0,0,4,0,0,0,3,3,5,0,0,0,0,0,0,0,0,23,0,0,0,0,0,0,1,0,0,1,0,1,0,0,0,0,0,0,0,0,7,1,1,12,0,0,0,0,0,0,56,0,5,0,4,4,0,0,5,0,3,0,0,2,0,0,0,0,0,6,10,0,0,1,24,1,0,10,23,0,1,39,0,1,0,3,0,1,0,14,0,0,0,0,0,25,2,56,0,1,0,0,0,0,0,0,0,0,0,0,0,0,0,0,0,0,0,0,0,0,0,0,167,0,0,7,0,0,1,4,0,2,0,20,1,0,0,141,2,0,0,4,0,0,1,0,0,0,0,0,0,0,0,0,0,0,0,0,0,0,1,17,0,0,0,0,0,0,1,0,0,0,0,0,1,0,0,32,0,0,0,7,0,0,0,2,0,1,2,0,0,0,1,2,7,0,0,1,0,2,0,45,0,0,0,0,1,1,0,0,0,0,0,0,0,0,2,0,0,4,18,0,0,0,0,0,0,2,3,0,0,0,0,0,0,2,0,0,0,0,14,44,0,0,0,1,0,1,0,0,5,0,2,0,2,1,0,0,1,0,1,4,0,0,3,0,0,22,0,1,0,0,0,0,0,0,0,0,0,0,1,0,4,0,0,0
176,1546,ESCOLA MUNICIPAL PROFESSOR LEONEL MORO,"RUA JOSÉ OSIRES BAGLIOLI, 408",XAXIM,-25.5178768,-49.2767185,66,0,2019,1665,112,72,0,1,2,3,19,2,0,0,1,19,0,0,0,3,0,1,0,0,1,1,3,0,0,0,3,0,0,0,22,15,11,15,8,1,0,1,0,0,0,0,0,0,2,1,0,0,1,0,0,3,0,10,0,0,0,0,0,0,3,8,0,9,1,1,0,0,0,0,0,26,1,0,1,0,0,1,0,1,1,0,0,4,1,0,0,0,1,0,1,0,0,0,0,0,5,1,8,1,3,58,0,0,3,4,1,0,7,29,53,0,0,5,33,0,0,2,2,0,0,0,0,0,0,0,8,0,0,2,0,0,0,0,1,0,0,0,0,4,0,0,0,0,0,1,0,0,0,5,0,0,0,2,0,3,0,0,0,0,0,0,0,0,18,0,0,0,0,0,0,1,0,0,0,0,0,0,0,0,0,0,0,0,0,14,0,0,17,1,0,0,0,0,0,89,0,15,0,2,3,0,1,2,0,3,0,0,2,0,0,1,0,0,1,6,0,0,5,20,1,1,9,45,0,3,51,1,1,1,6,0,0,0,13,0,0,0,0,0,57,0,54,0,0,0,0,0,0,0,0,0,0,0,0,0,0,0,0,0,0,0,0,1,0,0,0,160,0,0,7,0,0,1,1,0,1,1,25,1,0,0,160,0,0,0,0,0,0,0,0,0,0,1,0,3,0,0,0,0,0,0,0,0,1,0,7,0,0,0,0,0,1,0,0,0,0,0,0,0,0,3,26,0,0,0,8,0,0,0,0,4,0,0,0,0,0,1,0,0,1,0,2,1,0,0,48,0,0,0,0,5,1,0,1,1,0,0,0,0,1,2,0,0,3,22,0,0,0,0,0,0,0,0,0,0,0,0,0,0,0,0,0,0,0,2,29,0,0,0,0,0,2,2,0,0,0,0,0,4,0,0,0,0,0,0,7,0,2,3,0,0,25,0,0,0,0,2,0,0,0,0,0,0,0,1,1,4,0,2,0
176,1562,ESCOLA MUNICIPAL CASTRO,"RUA AYRTON PIZZATTO GUSI, 241",XAXIM,-25.525,-49.2562986,57,0,2027,1649,96,61,0,4,1,3,19,4,1,0,0,25,0,1,0,7,0,0,0,1,1,0,4,0,0,0,4,0,0,0,16,12,7,10,13,0,0,0,0,0,0,3,1,0,0,1,0,1,1,0,0,0,2,8,0,1,0,2,1,0,6,4,0,7,0,0,0,1,0,0,0,20,0,0,2,0,1,0,0,0,0,0,0,9,0,0,0,0,0,0,0,1,0,0,1,0,11,0,3,0,3,109,0,0,3,1,2,2,8,25,53,0,0,5,37,0,0,0,4,0,0,0,0,0,0,0,14,0,0,1,0,0,0,0,1,2,0,0,0,1,0,0,0,1,0,2,0,0,0,8,0,2,0,0,1,3,0,0,0,1,0,0,0,0,17,0,0,0,0,0,1,0,0,0,0,0,0,0,4,0,0,0,0,0,0,13,0,0,4,0,0,0,0,3,0,81,0,9,0,2,1,0,0,10,0,0,0,0,0,0,0,0,0,0,0,7,0,1,11,13,2,4,4,37,0,0,49,1,0,0,1,0,1,0,23,0,1,1,0,0,42,0,52,0,0,0,0,0,0,2,0,0,0,0,0,0,0,0,0,0,0,0,0,0,0,0,0,154,0,0,6,0,0,0,1,0,2,0,17,0,0,0,163,0,0,0,2,0,0,0,0,0,0,0,0,1,0,0,0,0,0,0,0,0,0,0,15,0,0,0,0,1,0,1,0,0,0,0,0,0,0,0,13,0,0,0,4,0,0,0,0,0,0,0,0,0,0,0,0,3,0,1,2,2,1,0,58,0,0,1,0,5,1,1,3,1,0,0,0,0,0,8,1,0,7,22,0,0,0,0,0,0,0,1,0,0,0,0,0,0,1,0,0,0,1,9,33,0,0,1,0,0,1,1,0,0,0,0,0,0,0,1,0,1,0,1,6,1,0,3,2,0,11,0,0,0,0,2,0,0,0,0,2,0,0,3,1,7,0,0,0
176,1570,COLÉGIO SOCIAL MADRE CLELIA,"RUA PROFESSOR WALDIR DE JESUS, 90",CAPÃO RASO,-25.5059072,-49.2967975,58,0,5830,4768,229,170,0,6,2,7,42,9,3,1,0,40,2,0,1,18,1,0,0,0,0,2,8,0,0,2,21,0,0,0,46,49,66,7,18,0,1,1,0,1,0,0,1,2,2,18,0,0,1,3,0,6,0,27,1,0,2,6,0,1,10,17,0,21,3,0,0,0,2,1,0,57,0,0,4,0,0,0,0,0,0,1,0,37,0,0,0,1,3,1,0,0,0,0,2,0,14,2,12,1,6,262,1,1,9,1,4,2,26,69,149,0,0,4,177,0,2,4,11,2,5,1,0,0,0,0,42,1,0,0,0,0,0,0,0,4,0,0,0,0,0,0,2,0,0,2,0,1,0,17,0,0,0,9,1,42,0,0,1,8,2,0,0,1,71,1,0,0,0,0,0,1,0,0,1,0,0,1,2,0,0,0,0,0,0,58,8,1,37,1,0,1,0,2,0,217,0,20,0,3,14,6,0,18,0,0,0,0,16,0,0,1,0,0,9,22,1,0,33,50,3,1,24,56,1,5,142,0,2,0,14,0,1,0,34,0,5,0,0,0,100,0,124,0,0,0,1,0,0,1,0,0,0,0,0,0,0,0,0,0,0,1,0,0,0,0,0,474,0,0,35,0,0,3,8,0,2,1,65,2,0,0,439,8,0,0,0,4,0,4,0,0,0,2,0,16,0,1,0,0,0,0,0,0,0,0,117,0,0,0,0,4,0,0,0,1,0,0,0,2,1,0,55,0,1,0,17,0,0,0,0,0,3,0,0,0,0,7,2,6,3,0,3,1,9,0,128,0,0,0,0,22,1,3,3,1,0,0,0,0,3,10,0,1,4,45,1,2,1,0,0,0,2,13,0,0,0,1,0,0,0,0,0,0,0,15,100,0,0,0,5,1,2,0,0,2,1,1,1,5,1,1,0,2,0,2,19,1,3,10,2,0,43,0,0,0,1,7,0,0,1,0,0,0,0,0,2,6,0,4,2
176,1589,COLÉGIO ESTADUAL NOSSA SENHORA APARECIDA,"RUA JOSÉ OSIRES BAGLIOLI, 150",XAXIM,-25.5170363,-49.2761692,57,0,2359,1832,114,73,0,2,0,3,15,2,1,0,0,22,2,0,0,5,0,0,0,0,1,2,4,0,0,0,6,0,0,0,29,11,26,6,10,0,0,0,0,0,1,0,0,0,0,3,1,0,0,0,0,0,0,8,1,1,0,0,0,0,2,7,0,5,2,0,1,0,0,1,0,25,0,1,2,0,0,1,0,0,0,0,0,4,0,0,0,0,0,3,0,0,0,0,0,0,11,2,7,1,0,77,2,1,4,3,4,1,6,35,65,0,0,5,52,0,0,1,4,0,0,0,0,0,0,1,15,1,0,0,0,0,0,0,1,0,0,0,0,2,0,0,0,3,0,0,0,0,0,9,0,0,0,1,0,10,0,1,0,1,0,1,0,0,14,0,0,0,0,0,0,2,1,0,0,0,0,0,3,0,0,0,0,0,0,20,1,2,10,0,0,0,0,3,0,84,0,8,0,3,5,2,0,4,0,0,0,0,1,0,0,0,0,0,3,9,0,0,7,25,5,1,7,59,1,3,53,1,0,0,6,0,0,0,17,0,3,0,0,0,52,0,64,0,0,0,0,0,0,0,0,0,0,1,0,0,0,0,0,0,0,0,0,0,0,0,0,159,0,2,2,0,1,0,1,0,0,0,22,0,0,0,166,4,0,0,1,2,0,0,0,0,0,1,0,1,0,0,0,1,0,0,0,0,0,0,8,0,0,0,0,1,0,2,0,0,0,0,1,0,0,2,21,0,0,0,3,0,0,2,0,0,0,1,1,0,0,3,1,3,0,0,1,1,4,0,71,0,0,0,1,3,4,1,1,0,0,0,0,0,0,4,0,0,3,25,0,0,0,0,0,0,0,2,0,1,1,0,0,0,1,0,0,0,0,2,20,1,0,0,2,0,2,0,2,1,0,1,0,1,1,0,0,4,1,2,10,0,5,2,0,0,22,0,0,0,0,1,0,0,0,0,0,0,0,0,0,6,0,0,0
176,1597,ESCOLA MUNICIPAL PARANAVAÍ,"RUA PEDRO SIEMENS, 691",XAXIM,-25.512542,-49.2673237,57,0,3856,3164,176,109,0,2,1,8,45,5,1,0,3,44,3,1,0,6,0,1,0,0,2,4,7,2,0,0,8,0,0,0,34,13,21,20,22,1,0,0,0,0,0,0,0,1,1,4,0,0,1,1,0,3,1,9,0,0,0,1,0,0,3,3,1,16,3,1,0,0,0,0,0,33,0,0,0,2,0,0,0,0,0,0,1,25,0,0,0,0,0,3,0,0,0,0,0,0,30,1,9,2,1,108,0,0,5,0,5,2,12,75,88,0,0,7,96,0,0,1,3,0,1,3,0,0,0,1,14,1,0,2,0,0,0,0,17,0,0,0,0,2,0,0,1,0,0,0,0,0,0,8,0,1,0,2,13,21,0,0,0,2,0,0,1,1,57,3,0,0,0,0,1,1,0,0,0,0,0,0,0,0,0,0,0,0,0,50,1,1,11,2,0,0,0,1,0,160,0,17,0,1,5,0,0,14,0,0,0,0,2,0,0,1,0,0,10,16,0,0,19,42,3,2,19,88,1,0,94,2,1,0,8,0,0,0,31,0,2,0,0,0,99,4,96,0,0,1,0,0,0,0,0,0,0,0,0,2,0,0,0,0,0,0,0,4,0,0,0,288,0,0,14,0,0,0,0,0,2,0,29,5,0,1,350,5,0,0,2,0,0,2,0,0,1,1,0,4,0,0,0,0,0,0,0,0,0,0,31,1,0,0,0,1,0,3,2,0,0,0,0,0,0,0,33,0,1,0,3,0,0,0,0,1,1,1,0,0,0,2,3,5,2,2,2,3,2,0,94,0,0,0,0,3,1,1,0,3,0,0,0,0,2,21,0,0,18,27,0,2,1,0,0,0,0,3,0,0,0,0,0,0,0,0,0,0,0,8,46,0,0,0,1,0,10,2,0,1,0,0,0,5,1,0,0,2,1,1,7,0,1,4,0,0,20,0,0,0,0,3,0,0,1,0,0,0,0,2,0,7,0,1,1
176,1600,COLÉGIO ESTADUAL HOMERO BAPTISTA DE BARROS,"RUA FERNANDES VIEIRA, 17",CAPÃO RASO,-25.4963493,-49.2810464,58,0,4049,3294,134,92,0,1,1,2,27,6,0,0,1,29,1,0,0,9,0,0,0,3,0,0,6,1,0,0,5,0,0,0,33,33,25,6,17,0,1,0,0,0,1,1,0,2,1,10,0,0,0,0,0,4,0,12,0,0,1,2,0,0,7,3,0,14,3,0,1,4,0,0,0,38,2,0,0,0,0,0,0,0,1,0,2,21,0,0,0,0,0,0,0,1,0,0,0,0,21,1,4,1,9,159,0,1,10,2,5,2,9,60,108,0,0,0,111,0,0,3,11,1,5,0,0,0,1,0,30,0,0,1,0,0,0,0,2,0,0,1,0,3,0,0,1,0,1,4,0,0,0,9,0,1,0,12,4,28,0,2,0,5,0,0,0,0,40,1,0,0,0,0,0,1,0,0,0,0,1,0,1,4,0,0,0,0,0,28,1,1,29,0,0,0,1,1,0,178,0,22,0,1,10,0,1,5,0,0,0,0,7,0,0,1,0,0,5,17,0,0,26,44,6,2,17,67,1,6,87,4,7,0,14,0,0,2,27,0,5,1,0,0,77,0,108,0,0,1,0,0,0,0,0,0,0,0,1,0,0,1,0,0,0,0,0,0,0,0,0,352,0,0,18,0,0,0,5,0,1,0,47,3,0,0,302,5,0,0,2,1,0,2,0,0,0,0,0,5,0,0,0,0,0,0,1,0,0,1,39,0,0,0,0,7,3,1,0,0,0,2,0,2,0,0,31,0,0,0,11,0,0,0,0,0,0,0,0,1,0,3,5,4,5,0,13,6,7,0,114,0,1,1,0,13,5,2,1,3,0,1,2,0,1,7,1,0,20,41,2,0,0,0,0,1,0,2,0,0,0,0,0,0,0,0,0,0,0,3,62,0,0,0,1,0,0,0,0,4,0,0,0,2,0,3,0,1,0,9,7,0,0,3,1,0,25,0,0,0,0,7,0,0,0,0,0,0,0,1,1,7,0,2,0
176,1619,ESCOLA MUNICIPAL JORNALISTA CLAUDIO ABRAMO,"RUA OURO VERDE, 655",CAPÃO RASO,-25.5077183,-49.3019131,58,0,3653,2947,184,117,0,0,2,3,28,3,0,0,2,35,1,0,0,10,0,0,2,1,2,2,8,0,0,0,5,0,0,0,49,21,25,8,7,0,1,0,0,0,0,0,0,0,2,3,0,0,1,1,0,3,0,16,0,0,1,3,0,0,3,7,0,14,1,0,0,0,1,0,0,45,0,1,2,2,1,0,0,0,0,2,1,31,0,0,0,0,4,7,0,1,0,0,0,0,17,4,7,0,2,145,3,0,5,2,4,3,8,53,99,1,0,7,104,0,0,2,9,0,8,0,0,0,0,0,19,1,0,0,0,0,1,0,5,1,0,0,0,2,0,0,0,0,1,0,0,0,0,13,0,1,0,5,1,19,0,1,0,2,0,0,0,0,34,0,0,1,0,0,0,0,0,0,5,0,0,0,2,0,0,0,0,0,0,30,2,0,35,0,0,1,0,2,0,168,0,17,0,3,5,10,0,14,0,0,0,0,12,0,0,0,0,0,9,12,0,0,8,49,2,0,16,56,0,6,93,0,1,0,13,0,0,0,26,1,6,0,1,0,52,1,64,0,0,0,0,0,0,0,0,0,0,0,0,0,0,0,0,0,0,0,0,0,0,0,0,258,0,1,1,0,4,0,1,0,1,1,39,4,1,1,254,1,0,0,7,3,0,0,0,0,0,0,0,2,0,0,0,1,0,0,0,0,0,0,35,0,2,0,0,2,2,0,0,0,1,0,0,1,0,0,27,0,0,0,6,0,0,0,0,2,1,0,2,0,0,1,4,8,2,0,7,2,2,0,84,0,0,0,0,3,3,0,6,0,0,0,0,0,2,7,0,0,1,26,2,0,0,0,0,0,1,8,0,0,0,0,0,2,3,0,0,0,0,3,58,5,0,0,0,0,2,0,0,1,0,1,0,3,0,1,0,4,0,2,12,0,0,2,1,1,20,0,1,0,0,4,0,0,1,0,1,0,0,0,0,8,0,0,0
176,1627,COLÉGIO ESTADUAL JOÃO MAZZAROTTO,"RUA SANTA REGINA, 664",CAPÃO RASO,-25.502199,-49.2897235,58,0,4324,3414,209,107,0,2,3,7,40,5,2,0,2,45,1,1,0,10,2,0,0,2,0,4,8,1,0,0,8,0,0,0,39,36,26,7,12,0,0,4,0,0,1,2,0,0,1,9,1,2,0,1,1,3,0,16,0,0,1,2,0,0,10,7,0,13,2,0,0,0,0,0,0,56,1,0,6,1,0,1,0,0,0,1,0,18,1,0,0,0,0,1,0,0,1,0,0,0,10,0,13,0,0,159,1,1,9,10,0,0,17,47,143,0,0,4,89,1,0,3,16,0,3,1,0,0,0,0,29,1,0,0,0,1,0,0,2,0,0,1,0,2,0,0,0,0,2,0,0,0,0,6,0,0,0,6,3,11,0,0,0,4,0,0,0,0,48,0,0,0,0,0,0,0,0,0,1,0,2,0,0,0,0,1,0,0,0,32,2,8,22,0,0,0,1,3,0,192,1,21,0,2,20,2,0,16,0,0,0,0,5,0,0,0,1,0,8,12,0,0,18,48,4,0,24,85,4,4,99,0,3,0,9,0,0,0,24,0,3,0,0,1,74,0,124,0,0,1,1,0,0,0,0,0,0,0,0,0,0,0,0,1,0,0,2,2,0,0,0,311,1,0,15,3,0,0,9,0,1,0,45,3,0,0,255,6,0,0,5,1,1,2,0,1,2,2,0,2,0,2,0,0,0,0,0,0,0,0,40,0,0,0,0,3,0,2,0,0,0,3,0,2,0,4,21,0,1,0,4,0,0,1,2,0,1,0,0,0,0,3,1,2,3,0,3,3,1,0,96,0,0,0,1,3,2,3,1,1,2,0,1,0,2,3,0,0,3,39,0,1,0,3,0,0,1,4,0,0,0,0,0,0,0,0,0,0,0,8,74,0,0,0,1,0,3,0,0,12,4,3,0,5,0,0,0,2,0,7,11,1,0,4,0,0,62,3,0,0,1,0,0,0,0,1,0,0,0,2,0,5,0,4,0
176,1635,COLÉGIO ESTADUAL EMÍLIO DE MENEZES,"RUA JOSÉ ZALESKI, 450",CAPÃO RASO,-25.5014967,-49.3012847,58,0,4344,3536,205,140,0,5,2,7,34,3,3,0,0,43,0,1,0,9,1,0,0,0,0,1,8,0,0,0,12,0,0,0,30,26,48,11,28,0,1,0,0,0,2,1,1,0,3,11,0,0,0,0,0,2,0,36,0,0,1,2,0,0,9,7,0,11,6,0,0,0,1,0,0,67,0,0,2,3,0,0,0,0,0,0,0,30,0,0,0,0,1,0,0,0,0,0,0,0,15,1,3,1,5,165,0,0,2,0,3,0,12,59,86,0,0,1,116,0,0,1,8,0,4,0,0,0,0,0,27,2,0,1,0,0,0,0,0,1,0,0,0,1,0,0,0,0,1,1,0,0,0,12,1,0,0,4,0,24,1,2,0,3,0,0,0,0,40,0,0,0,0,0,0,0,0,0,0,0,0,0,3,0,0,0,0,0,0,39,0,3,28,1,0,0,0,2,0,218,0,24,0,2,11,7,0,16,0,0,0,0,8,0,0,0,0,0,9,16,0,0,15,38,3,2,15,54,1,5,110,0,1,0,18,0,2,0,25,0,7,0,0,1,81,0,101,0,0,1,1,0,0,2,0,0,0,0,1,0,0,0,0,0,0,0,0,3,0,1,1,336,0,0,16,1,1,0,3,0,2,0,56,1,2,0,320,3,2,0,1,1,0,2,0,1,0,0,0,4,0,3,0,0,0,0,0,0,0,0,37,0,0,0,0,3,0,1,0,0,0,0,0,1,0,0,32,0,1,0,2,0,0,1,0,2,1,0,1,0,0,4,2,6,2,0,10,1,6,0,131,0,0,0,2,12,1,1,2,0,0,0,0,0,0,7,0,1,6,25,3,1,0,1,0,0,0,9,0,0,0,0,0,0,0,0,0,0,0,15,56,1,0,0,7,0,4,2,0,6,0,2,0,4,3,3,0,0,0,0,14,0,0,3,0,0,26,0,2,1,0,5,0,0,0,0,0,0,0,4,0,10,3,2,0
176,1651,COLÉGIO ESTADUAL SÃO PEDRO APÓSTOLO,"RUA PRIMEIRO DE MAIO, 1160",XAXIM,-25.5152439,-49.276152,57,0,5912,4713,309,186,0,6,4,6,43,5,3,0,5,65,0,0,0,19,0,1,0,2,6,2,11,2,0,0,6,0,0,0,65,27,59,28,35,0,3,0,0,0,1,0,0,0,1,4,0,0,3,0,0,7,2,23,2,0,2,2,0,0,10,7,2,15,6,0,0,0,0,1,0,80,0,0,3,0,1,0,0,0,2,1,3,23,0,0,0,3,2,4,0,0,0,0,0,0,58,1,14,0,4,153,0,1,13,8,4,3,31,143,136,0,0,18,92,0,2,2,7,0,1,0,0,0,0,0,27,3,0,0,0,1,0,1,2,0,0,2,0,1,0,0,0,1,0,2,0,0,0,15,0,0,0,11,2,26,0,2,2,2,0,0,1,0,58,1,0,0,0,0,1,5,0,1,2,0,0,0,5,0,0,2,0,0,0,75,2,3,33,0,0,0,1,12,0,235,0,20,0,1,8,1,2,17,0,0,0,1,6,0,0,0,0,0,12,16,0,0,26,74,4,2,32,117,3,4,170,0,5,0,14,0,0,0,45,0,9,0,2,0,120,5,146,0,1,0,0,0,0,1,0,0,0,0,0,0,0,0,0,0,0,0,0,3,0,0,1,420,0,3,27,0,0,0,2,0,0,0,37,1,0,0,374,7,0,0,1,1,0,2,0,0,1,2,0,10,0,1,0,0,0,0,0,0,0,0,37,0,0,0,1,3,0,2,0,1,0,0,1,0,0,0,57,0,0,1,13,0,0,0,0,0,0,0,0,0,0,5,9,9,5,0,26,2,2,1,129,0,0,0,1,5,2,1,2,1,0,0,2,0,0,18,0,0,7,51,4,1,0,0,0,1,0,6,0,0,0,1,0,0,3,0,0,0,0,10,89,2,0,0,3,1,7,0,0,2,0,1,0,5,0,0,0,8,0,2,10,0,1,6,0,1,40,0,0,0,0,0,0,0,0,0,2,0,0,3,2,15,0,0,0
176,1660,COLÉGIO ESTADUAL PROFESSOR NARCISO MENDES,"RUA PROFESSOR NARCISO MENDES, 283",XAXIM,-25.5229724,-49.2666456,57,0,3764,3093,138,102,0,3,0,7,21,3,1,0,2,44,0,3,1,7,1,1,0,1,0,2,12,1,0,0,12,0,0,1,28,25,51,7,13,0,0,0,0,0,0,0,0,2,1,3,1,1,0,0,0,5,0,10,0,0,0,0,1,0,4,16,0,18,1,2,0,1,0,0,2,44,0,0,0,0,0,1,0,0,1,0,0,23,0,0,0,0,0,0,0,0,0,0,0,0,14,2,8,0,3,115,1,0,0,1,3,0,6,53,97,0,0,3,89,0,0,3,10,0,2,0,0,0,0,0,21,0,0,0,0,0,0,0,0,0,0,0,0,1,0,0,1,2,0,3,0,2,0,10,0,0,0,2,1,19,0,2,0,4,0,0,0,0,43,0,0,1,0,0,0,1,0,0,0,0,0,0,2,0,0,0,0,0,0,45,0,3,20,0,0,0,0,2,0,181,0,10,0,3,7,2,2,22,0,0,0,0,1,0,0,0,0,0,4,9,0,0,17,45,6,5,19,67,0,1,98,0,1,0,9,2,0,0,28,0,5,0,0,0,63,0,100,0,0,0,0,0,1,3,0,0,0,0,0,0,0,0,0,0,0,0,0,1,0,0,1,310,0,1,11,0,0,0,2,0,3,0,50,4,0,0,278,2,0,0,2,0,0,3,0,0,0,1,0,4,0,0,0,2,0,0,0,0,0,0,21,0,1,2,0,1,0,1,0,0,0,1,0,0,0,0,45,0,0,0,8,0,0,0,0,1,0,0,0,1,0,1,3,3,1,0,6,3,3,1,84,0,1,0,0,14,1,2,2,0,0,0,0,0,1,91,0,0,20,47,0,1,0,0,1,0,1,1,0,0,0,0,0,0,1,0,0,0,0,4,49,0,0,0,1,0,3,0,0,0,0,1,0,1,1,0,0,0,0,5,12,0,1,14,0,1,17,0,0,1,0,2,0,0,0,0,0,0,0,0,2,2,0,0,0
176,1678,ESCOLA MUNICIPAL JARDIM EUROPA,"RUA HERMENEGILDO BONAT, 26",XAXIM,-25.5054027,-49.2795408,57,0,2407,2014,119,56,0,6,1,1,20,3,0,0,0,30,1,0,0,7,0,1,0,0,1,1,9,0,0,0,3,0,0,0,13,18,17,6,12,0,2,1,0,0,0,0,0,0,0,4,0,0,0,1,0,0,0,11,0,0,0,2,0,0,3,5,0,5,1,0,0,0,0,0,0,41,0,1,0,0,0,0,0,0,0,0,0,9,0,0,0,1,1,2,0,0,0,0,0,0,10,0,4,0,0,71,0,0,2,3,1,0,4,46,45,0,1,2,39,0,0,1,6,0,0,0,0,0,1,0,16,1,0,0,0,0,0,0,2,0,0,0,0,0,0,0,0,0,0,0,0,0,0,9,1,1,0,3,0,8,0,0,0,3,0,0,1,0,30,0,0,0,0,0,0,3,0,0,0,0,1,0,0,0,0,2,0,0,0,20,0,1,13,0,0,0,0,6,0,111,0,7,0,6,0,0,0,10,0,0,0,0,0,0,0,1,0,0,4,13,0,0,17,17,2,3,15,69,1,3,78,1,3,0,2,0,0,0,11,0,3,0,0,0,59,0,65,0,0,0,0,0,0,1,0,1,0,0,0,0,3,0,0,0,0,0,0,2,0,0,0,227,0,0,19,0,0,0,1,0,2,1,24,2,0,0,202,7,1,0,2,0,0,1,0,0,0,0,2,1,0,0,0,0,0,0,0,0,0,0,14,0,0,0,0,0,0,1,0,0,0,0,0,0,0,0,26,0,0,0,6,0,0,0,0,0,0,0,0,2,0,1,1,1,4,0,2,3,0,0,53,0,0,0,1,3,0,1,3,1,0,0,0,0,0,13,0,0,3,27,1,0,0,1,0,0,0,0,0,0,0,0,1,0,0,0,0,0,0,3,26,0,1,0,0,0,2,0,0,0,0,1,0,1,1,0,2,1,0,0,2,1,0,6,0,0,13,0,0,0,0,0,0,0,0,0,0,0,0,1,1,8,2,1,0
177,1260,UTFPR - UNIVERSIDADE TECNOLÓGICA DO PARANA,"AVENIDA SETE DE SETEMBRO, 3165 -",REBOUÇAS,-25.4384344,-49.2686689,1,0,4493,3435,116,75,0,1,2,2,46,7,1,1,1,22,0,0,0,11,0,2,0,1,1,4,8,0,0,1,22,0,0,0,94,17,7,2,7,0,2,1,0,0,0,1,0,1,2,3,0,0,0,1,0,3,0,6,4,1,0,5,0,1,6,6,0,2,6,0,0,0,3,1,1,40,1,0,0,1,1,0,0,0,0,0,2,129,0,0,0,0,0,0,0,0,0,0,0,0,10,7,12,0,2,354,0,0,12,3,14,4,26,78,186,1,0,2,333,1,1,1,8,0,3,0,0,0,0,0,47,0,0,1,0,0,1,0,1,3,0,0,0,1,0,0,1,2,0,0,0,0,0,16,0,0,0,12,8,30,0,1,0,3,0,0,0,0,28,1,0,0,0,0,0,1,0,0,3,0,0,0,0,1,0,0,0,0,0,20,2,0,16,0,0,0,1,0,0,60,1,11,0,0,9,0,0,7,0,0,0,0,3,0,2,0,0,0,1,24,0,0,28,27,3,2,25,10,0,1,95,1,1,1,3,0,0,0,11,0,5,0,0,0,47,1,54,0,0,2,0,0,0,2,0,0,0,0,1,0,0,0,0,0,0,0,0,0,0,0,0,280,1,0,38,1,0,1,4,2,3,1,42,1,0,0,205,4,0,0,3,5,0,8,0,0,1,0,0,7,1,0,0,0,0,0,0,0,0,0,42,0,0,0,0,18,1,0,0,0,0,0,0,8,0,1,17,0,0,0,7,0,0,0,0,2,1,0,0,0,0,4,17,2,1,0,5,0,6,0,69,0,0,0,1,15,0,5,4,2,0,1,1,0,1,2,0,0,0,16,0,0,0,0,0,0,0,15,0,1,1,0,0,1,1,0,0,0,0,11,61,0,0,0,2,0,4,1,0,0,1,4,0,14,0,0,0,1,0,1,5,1,9,11,0,0,33,0,1,1,0,7,0,0,0,0,1,0,0,5,0,4,0,3,1
177,1279,ESCOLA ESTADUAL LAMENHA LINS,RUA LAMENHA LINS  2185,REBOUÇAS,-25.45492419,-49.26838457,8,0,2048,1602,56,40,0,0,0,1,18,2,1,0,0,12,0,0,0,6,0,0,0,0,0,1,2,0,0,1,14,1,2,0,15,11,7,1,2,0,0,0,0,0,0,0,0,0,0,2,1,0,0,3,0,2,0,4,1,0,0,1,0,0,4,0,0,2,4,0,0,0,0,0,2,19,0,0,0,0,0,0,0,0,0,1,2,13,0,0,0,0,0,0,0,0,1,0,0,0,6,3,6,0,0,96,1,0,5,3,0,5,8,44,74,0,0,2,77,0,0,1,3,0,2,0,0,0,0,0,14,0,0,0,0,0,0,0,0,1,0,0,0,0,0,0,1,0,0,0,0,1,0,9,0,0,0,1,1,8,0,2,0,3,0,0,0,1,11,0,0,0,0,0,0,0,0,0,2,0,0,0,2,0,0,0,0,0,0,7,0,0,12,0,0,0,0,0,0,63,0,12,0,3,11,0,0,7,0,0,0,0,0,0,0,0,0,0,5,20,1,0,14,16,1,0,13,2,1,1,35,1,0,1,3,0,1,0,8,0,6,0,0,0,37,3,39,0,0,0,0,0,0,0,0,0,0,0,0,0,0,0,0,0,0,0,0,0,0,0,0,196,0,2,16,4,0,0,2,2,4,0,18,0,1,0,153,4,0,0,0,0,0,3,0,0,0,0,0,3,0,0,0,0,0,0,0,0,0,0,17,0,2,0,0,1,0,0,0,0,0,0,0,1,0,1,13,0,0,0,5,0,0,1,1,1,1,0,0,1,2,2,0,0,4,0,2,2,0,0,46,0,0,0,0,9,0,2,0,0,0,0,1,0,0,0,0,0,1,19,0,0,0,0,0,0,0,1,0,0,0,0,0,0,1,0,0,0,0,9,37,0,0,0,1,0,1,0,0,1,0,1,0,6,3,0,0,0,0,0,3,1,0,4,0,0,15,0,0,0,0,0,1,0,0,0,0,0,0,2,0,0,0,1,0
177,1287,OPET - ORGANIZACAO PARANAENSE DE ENSINO TECNICO,"AVENIDA GETULIO VARGAS, 902",REBOUÇAS,-25.4437482,-49.2688906,8,0,2792,2225,55,61,0,1,1,4,24,1,0,0,0,15,0,0,0,12,0,1,0,0,1,1,6,0,0,0,23,1,0,0,63,11,6,7,3,0,0,0,0,0,0,0,0,2,0,7,1,0,0,1,0,6,0,7,1,0,0,4,0,0,5,2,0,3,8,0,1,0,2,1,0,27,0,0,0,0,0,2,0,0,1,0,0,36,0,0,0,0,0,0,0,1,0,0,1,0,6,1,7,0,2,109,0,0,8,2,1,1,7,50,86,2,0,1,121,0,0,1,7,0,1,0,0,0,0,0,17,1,0,0,0,0,2,0,0,0,0,0,0,2,0,2,0,0,2,0,0,0,0,15,0,0,0,1,1,24,0,3,0,1,0,0,0,0,23,0,0,0,0,2,0,0,0,0,0,0,0,4,5,0,0,0,0,0,0,11,0,1,22,0,0,0,0,0,0,52,0,11,0,1,18,0,0,9,0,0,0,0,3,0,0,0,0,0,7,9,0,0,15,22,0,0,12,5,0,0,69,2,0,0,3,0,4,0,10,0,0,0,0,0,30,2,52,0,0,3,1,0,0,2,0,0,0,0,0,0,0,0,0,0,0,0,0,0,0,0,0,266,0,0,28,0,0,0,3,0,2,0,56,0,1,0,241,7,1,0,4,1,0,8,0,0,1,1,0,3,0,0,0,0,0,0,0,0,0,0,20,0,1,0,0,1,0,0,0,0,0,0,0,2,0,0,18,0,1,0,1,0,0,0,0,0,0,0,0,0,0,2,5,2,2,1,8,0,2,0,47,0,1,0,0,5,1,1,2,1,0,0,0,0,2,0,0,0,3,19,0,1,0,0,0,1,0,4,0,0,0,0,0,0,0,0,0,0,0,18,52,0,0,0,0,0,1,0,0,0,2,4,0,7,0,0,0,4,1,4,6,0,2,10,0,0,19,0,0,0,0,2,0,0,0,0,0,0,0,1,0,3,0,2,0
177,1309,ESCOLA ESTADUAL GUAIRA,RUA LAMENHA LINS 1962,REBOUÇAS,-25.4532148,-49.2694271,8,0,1645,1304,52,45,0,0,2,1,15,1,0,0,1,12,0,0,0,2,0,0,1,0,2,0,4,0,0,0,9,0,0,0,9,11,10,6,1,0,0,0,0,0,0,0,0,1,0,0,0,2,0,0,0,4,1,6,0,1,0,2,0,0,2,0,0,2,3,0,0,0,0,1,0,22,0,0,2,0,0,0,0,0,0,1,0,21,0,0,0,0,0,0,0,0,0,0,0,0,4,1,4,1,0,94,1,0,3,2,2,0,3,36,53,0,0,0,54,0,0,0,2,0,0,0,0,0,0,0,4,0,0,0,0,0,0,0,0,0,0,0,0,0,0,0,0,0,0,0,0,0,0,4,1,0,0,2,3,15,0,0,0,0,0,0,0,0,8,0,0,0,0,0,0,0,0,0,0,0,0,0,0,0,0,0,1,0,0,6,1,0,10,0,0,0,0,1,0,37,0,16,0,1,4,0,0,3,0,0,0,0,1,0,0,0,0,0,0,6,0,0,8,15,0,0,5,7,0,0,46,0,1,0,7,0,0,0,18,0,4,0,0,0,28,3,25,0,0,2,0,0,0,1,0,0,0,0,0,0,0,0,0,0,0,0,0,1,0,0,0,174,0,0,7,0,0,0,3,1,2,0,29,1,0,0,115,0,0,0,2,0,0,0,0,0,0,0,0,4,0,0,0,0,0,0,0,0,0,0,11,0,0,0,0,1,0,0,0,0,0,0,0,0,0,0,15,0,2,0,5,0,1,0,0,0,0,0,1,0,0,1,0,0,1,0,3,0,1,0,38,0,0,0,0,4,1,0,0,0,0,0,0,0,0,0,0,0,0,18,0,0,0,0,0,0,0,4,0,0,2,0,0,0,0,0,0,0,0,7,9,0,0,0,0,1,0,1,0,0,0,3,0,1,0,0,1,0,0,0,2,1,0,7,0,0,10,1,0,0,0,1,0,0,0,0,0,0,0,1,0,1,0,0,0
177,1317,UNICURITIBA (CENTRO UNIVERSITÁRIO CURITIBA),"RUA CHILE, 1678",REBOUÇAS,-25.44985803,-49.2650672,8,0,3584,2824,100,77,0,1,0,7,34,3,3,1,0,23,0,0,0,11,1,0,0,0,3,1,6,0,0,0,17,0,0,0,27,10,7,7,4,1,0,0,0,0,1,0,0,2,3,6,0,1,0,0,0,10,1,8,0,2,0,3,0,0,5,7,0,6,8,0,0,0,1,0,1,38,0,0,1,1,1,0,0,0,0,0,0,34,0,0,0,0,1,0,0,0,0,0,0,0,10,0,4,0,4,181,1,1,6,2,19,1,5,41,128,1,0,2,125,1,1,2,6,0,2,0,0,0,0,0,31,0,0,0,0,0,0,0,0,1,0,0,0,2,0,0,1,1,0,1,0,0,0,22,2,1,0,7,0,45,0,1,0,8,0,0,0,0,27,0,0,0,0,0,0,1,0,0,3,0,2,0,1,0,0,0,0,1,0,24,7,0,29,2,0,0,0,1,1,87,0,32,0,2,17,0,0,11,0,0,0,0,6,0,0,0,1,0,6,12,2,0,23,34,1,0,22,11,3,0,82,0,1,0,2,0,1,0,16,0,6,0,0,0,58,1,68,0,0,5,1,0,0,0,0,0,0,0,0,0,0,0,0,0,0,0,1,0,0,0,0,303,0,1,36,0,0,0,11,1,4,0,75,3,0,0,240,3,2,0,0,6,0,4,0,2,0,0,0,6,0,0,0,0,0,0,0,0,0,0,27,0,0,0,0,3,0,0,0,0,0,0,0,0,0,0,26,0,0,0,3,0,2,1,0,0,2,0,0,0,0,1,8,0,3,0,12,2,4,0,66,0,0,2,1,10,1,5,3,2,0,0,2,0,5,1,0,0,2,16,0,1,0,0,0,0,1,7,0,0,0,1,0,0,0,0,0,0,0,9,65,0,0,0,0,0,0,0,0,0,0,2,0,6,0,2,0,4,0,0,3,0,0,10,0,0,28,0,0,1,0,5,0,0,0,0,0,0,0,3,0,5,1,1,0
177,1333,ESCOLA MUNICIPAL DESEMBARGADOR MARCAL JUSTEN,RUA SANTA CATARINA  710,ÁGUA VERDE,-25.4633357,-49.2830254,9,0,3459,2815,73,66,0,3,1,0,30,3,0,0,1,20,0,0,0,20,0,0,1,0,0,0,11,1,0,0,19,0,1,0,20,13,5,4,5,0,0,0,0,0,0,0,0,1,2,1,0,0,0,3,0,5,0,8,0,0,0,1,0,0,6,1,0,2,3,0,0,0,1,2,0,36,0,0,0,0,1,1,0,0,1,0,0,66,0,0,0,0,1,0,0,0,0,0,2,0,4,2,12,2,6,156,0,0,7,3,2,1,18,55,132,0,0,0,142,0,0,3,13,1,2,1,0,0,1,0,23,0,0,0,0,0,0,0,1,0,1,0,0,0,0,0,0,0,0,0,0,0,0,9,0,0,0,10,4,48,1,0,0,0,0,0,0,0,32,0,0,0,0,0,0,2,0,0,1,0,0,0,0,0,0,0,0,0,0,20,8,0,33,0,0,0,1,1,0,76,1,18,0,3,13,0,0,1,0,0,0,0,4,0,0,0,0,0,2,21,0,1,17,28,1,2,33,12,2,1,107,0,1,0,6,0,1,0,19,0,4,0,0,1,37,0,50,0,0,6,0,0,0,0,0,0,0,0,0,0,0,0,0,0,0,0,0,0,0,0,0,339,1,0,45,0,0,0,1,0,6,0,73,3,1,0,303,5,0,0,2,1,0,6,0,1,0,0,0,7,0,0,0,0,0,0,0,0,0,0,19,0,0,0,0,3,0,0,0,0,0,0,0,0,0,0,22,0,5,0,3,0,0,0,0,0,1,1,2,0,0,2,6,6,1,0,2,0,6,1,76,0,0,0,0,5,0,7,0,3,0,0,0,1,1,0,0,0,1,23,0,1,0,0,0,0,0,9,0,0,0,0,1,1,0,0,0,0,0,10,68,0,0,0,0,0,2,1,0,2,0,0,0,7,0,0,0,2,0,2,3,0,1,13,1,0,17,0,0,2,0,10,0,0,0,0,0,0,0,2,1,0,0,1,0
177,1341,COLÉGIO STELLA MARIS (AGUA VERDE),"RUA PARÁ, 186",ÁGUA VERDE,-25.4624883,-49.2785666,9,0,1940,1608,57,38,0,1,1,3,14,3,1,0,0,14,0,0,1,6,0,0,0,0,0,2,3,0,0,0,11,0,0,0,12,9,4,6,4,0,0,0,0,0,0,0,0,2,0,0,0,0,0,1,1,2,0,3,1,0,1,2,0,0,6,1,0,1,4,0,0,0,0,0,0,14,0,1,0,0,1,0,0,0,0,0,2,30,0,0,0,0,0,0,0,0,0,0,0,0,10,4,7,0,3,100,0,0,4,3,0,1,4,25,76,0,0,0,93,0,0,0,8,1,1,0,0,0,1,0,22,1,0,0,0,0,2,0,0,1,0,0,0,0,0,0,0,0,1,0,0,0,0,5,2,0,0,5,2,16,1,0,0,0,0,0,0,0,20,0,0,0,0,2,0,0,0,0,0,0,0,0,0,0,0,0,0,0,0,8,0,0,12,0,0,0,0,0,0,44,0,8,0,0,10,0,0,8,0,0,0,0,1,0,0,0,0,0,2,8,0,1,17,19,0,0,11,4,0,0,47,0,0,0,5,0,0,0,8,0,2,0,0,0,25,0,36,0,0,0,0,0,0,0,0,0,0,0,0,0,0,0,0,0,0,1,0,0,0,0,0,178,0,0,24,0,0,0,6,1,1,1,48,0,0,0,182,2,1,0,1,0,0,5,0,0,0,0,0,3,0,1,0,0,0,0,0,0,0,0,6,0,0,0,0,1,0,0,0,0,0,0,0,2,0,0,14,0,0,0,0,0,0,0,0,0,0,2,0,0,0,3,7,2,4,0,3,0,3,0,22,0,0,1,1,5,0,4,0,0,0,0,0,0,0,0,0,0,1,21,0,0,0,0,1,0,0,3,0,0,0,0,0,0,0,0,0,0,0,5,37,0,0,0,1,1,0,0,0,0,0,2,0,6,0,0,0,0,0,1,5,0,0,9,0,0,13,0,0,0,0,6,0,0,0,0,0,0,0,1,0,0,0,0,0
177,1350,ESCOLA ESTADUAL PROFESSOR LYSIMACO FERREIRA DA COSTA,AVENIDA IGUACU    3012,ÁGUA VERDE,-25.4499647,-49.2906823,9,0,5485,4526,107,88,0,0,1,2,38,11,1,0,0,34,0,0,0,26,0,1,0,4,0,5,8,0,0,0,70,0,2,0,13,51,11,2,9,0,0,0,0,0,1,2,0,4,1,3,2,0,0,8,0,14,1,9,4,1,2,5,0,3,15,3,0,2,13,0,0,0,2,0,0,51,1,1,0,0,1,0,0,0,0,0,0,75,0,0,0,0,1,0,0,0,0,0,1,0,12,2,12,0,1,224,0,0,16,7,9,2,15,70,159,0,1,0,182,0,3,1,8,1,5,0,0,0,0,0,47,0,0,0,0,0,0,0,0,3,0,2,0,2,0,0,0,1,0,0,0,0,0,23,1,0,1,6,9,54,0,0,0,5,0,0,0,0,36,0,0,0,0,1,0,1,0,0,1,0,0,1,1,0,0,0,0,0,0,23,4,0,31,0,0,0,0,2,0,67,0,19,0,4,32,1,0,5,0,0,1,0,3,0,0,1,0,0,9,28,0,0,105,62,2,2,37,6,2,1,162,0,2,0,20,0,1,0,8,0,7,0,0,0,35,1,78,0,0,3,3,0,1,2,0,0,0,0,0,4,0,0,0,0,1,0,2,0,0,0,0,543,2,1,103,0,0,1,16,2,1,0,163,1,1,0,625,4,5,0,1,2,1,22,0,0,0,0,0,18,0,1,0,0,0,1,3,0,1,0,28,0,0,0,0,7,1,0,0,0,0,0,0,3,0,0,37,0,5,0,2,0,0,0,0,2,1,2,0,0,1,6,13,6,4,0,7,1,5,1,92,0,0,0,0,13,2,13,4,3,1,0,1,0,2,1,0,0,13,46,0,1,0,0,0,0,1,9,0,1,0,0,0,1,1,0,1,0,1,33,115,0,0,0,6,1,3,0,0,1,1,7,0,7,2,0,0,0,0,2,10,1,2,15,0,1,31,0,0,0,1,14,0,0,0,0,0,0,0,0,0,2,0,2,0
177,1368,COLEGIO SAGRADO CORACAO DE JESUS,AVENIDA IGUACU  1550,ÁGUA VERDE,-25.4445345,-49.2770842,9,0,6581,5275,107,87,0,2,0,4,51,15,0,1,0,34,0,0,0,31,0,3,3,2,4,4,7,1,0,0,72,0,0,0,16,59,8,2,9,0,0,3,0,0,0,0,0,6,2,4,0,0,0,9,1,13,0,9,1,3,2,16,0,0,25,4,1,3,7,0,0,0,6,3,2,54,0,0,0,0,0,0,0,0,3,0,2,116,0,0,0,0,0,0,0,0,0,0,0,0,14,4,7,0,4,296,1,0,35,6,7,3,16,78,196,1,0,3,246,1,1,4,18,2,2,0,1,0,1,0,58,3,0,0,0,0,1,0,0,3,1,2,0,1,0,0,0,1,0,1,0,2,1,28,0,1,1,19,5,72,0,1,0,16,1,0,0,0,43,0,0,0,0,4,0,1,0,0,0,0,1,0,2,0,0,0,0,0,0,28,1,2,38,0,0,0,0,1,0,80,0,37,0,1,32,0,0,12,0,0,0,0,6,0,0,3,0,0,26,34,0,0,79,73,3,4,30,11,4,6,188,0,4,0,7,1,0,2,26,0,6,1,0,1,57,3,77,0,0,9,0,0,1,3,0,0,0,0,0,0,0,0,0,0,0,0,0,0,0,0,0,639,0,0,115,0,1,1,13,3,7,0,171,4,1,0,630,6,2,0,4,1,0,24,0,0,4,0,0,30,0,0,0,0,0,0,0,0,0,0,44,3,1,0,0,6,1,0,0,0,0,7,0,7,0,1,37,0,1,0,3,0,0,1,0,1,0,1,0,0,0,2,4,9,7,0,12,0,14,3,115,0,0,1,2,24,4,15,9,4,0,0,0,0,4,2,0,0,8,41,0,1,0,0,0,1,0,10,0,0,0,0,0,0,1,0,0,0,0,37,105,0,0,0,4,1,6,1,0,5,1,6,0,14,1,0,0,3,0,5,16,1,2,16,0,0,38,0,0,0,0,7,0,0,0,0,0,0,0,8,1,1,1,2,0
177,1384,ESCOLA ESTADUAL BARAO DO RIO BRANCO,RUA BRIGADEIRO FRANCO   2532,ÁGUA VERDE,-25.442562,-49.2760247,9,0,2454,1943,52,44,0,0,0,5,26,5,0,0,0,7,1,0,0,10,0,0,0,1,1,1,2,0,0,0,33,0,0,0,12,10,6,4,6,0,0,2,0,0,0,0,0,0,0,1,0,0,0,0,1,5,0,3,0,0,1,6,1,3,5,4,0,0,4,0,0,0,3,0,0,25,0,0,0,0,0,0,0,0,1,0,0,49,0,0,0,0,0,0,0,0,0,0,0,0,8,1,8,0,0,105,2,0,6,2,5,1,11,35,74,0,0,0,112,0,1,1,4,1,2,1,0,0,0,0,15,1,0,1,0,0,1,0,0,1,0,0,0,0,0,0,1,0,0,0,0,0,0,8,0,0,0,0,6,29,0,2,0,2,0,0,0,0,12,0,0,0,0,0,1,1,0,0,0,0,0,0,0,0,0,0,0,0,0,6,3,0,15,0,0,0,0,0,0,37,0,6,0,1,10,0,0,10,0,0,1,0,0,0,0,0,0,0,3,11,2,0,29,20,1,0,24,4,0,1,57,0,0,0,4,0,0,2,3,0,5,0,0,0,26,0,24,1,0,6,0,0,1,1,0,0,0,0,2,0,0,0,0,0,0,0,1,0,0,0,0,253,0,0,33,0,0,0,5,0,2,1,58,0,0,0,202,0,0,0,1,0,0,5,0,0,2,2,0,12,0,0,2,0,0,0,0,0,0,0,12,0,0,0,0,4,0,0,0,0,0,0,0,0,0,0,8,0,0,0,1,0,0,0,0,0,0,0,4,1,0,1,3,1,3,0,3,1,4,0,48,0,0,0,0,4,1,6,6,0,0,0,0,0,3,1,0,0,3,14,0,0,0,0,0,0,1,1,2,0,0,0,0,2,0,0,0,0,0,12,52,0,2,0,1,1,0,0,0,1,0,1,0,10,0,0,0,1,0,1,10,1,0,5,0,0,8,0,0,1,0,0,0,0,1,0,0,0,0,1,0,0,0,0,0
177,1406,COLÉGIO ESTADUAL CÍVICO-MILITAR JOÃO TURIN,"RUA ALMEDA GONÇALVES, 2880 - ÁGUA VERDE, CURITIBA - PR",ÁGUA VERDE,-25.45221683,-49.27891237,9,0,3109,2536,74,56,0,2,0,1,23,5,1,0,0,26,1,1,0,12,0,1,0,1,0,2,5,0,0,0,14,1,0,0,10,22,7,2,2,0,0,1,0,0,1,0,0,2,1,1,2,0,0,0,0,6,2,9,0,1,0,4,0,2,8,4,0,8,3,1,1,0,3,0,0,32,0,0,0,0,0,0,0,0,0,0,0,32,0,0,0,0,2,4,0,0,0,1,0,0,10,1,11,0,1,145,1,0,12,0,3,9,9,46,99,1,0,2,113,0,1,0,7,5,0,0,0,0,0,0,18,0,0,0,0,0,0,1,0,0,0,0,0,0,0,0,1,0,0,1,0,0,0,13,0,1,0,6,1,29,0,0,0,10,0,0,0,0,27,0,0,0,0,0,1,1,0,0,0,0,0,0,0,0,0,0,0,0,0,16,0,0,23,0,0,0,0,0,1,91,0,21,0,2,10,1,2,7,0,0,0,0,3,1,1,0,0,0,7,18,0,2,31,21,2,0,27,10,0,0,75,0,0,0,6,0,0,0,42,0,4,0,0,0,31,1,52,1,0,2,0,0,0,0,0,0,0,0,0,0,0,2,0,0,0,0,1,0,0,0,0,279,0,0,38,0,0,0,4,0,4,0,55,1,0,0,271,6,1,0,5,6,0,16,0,1,0,0,0,3,0,0,0,0,0,0,0,0,0,0,18,0,1,0,0,1,1,1,0,0,0,0,0,4,0,0,21,0,0,0,3,0,0,0,0,2,1,1,0,0,0,7,3,6,1,0,7,1,5,0,62,0,0,0,0,5,0,3,3,1,0,0,1,0,3,0,0,0,0,23,0,0,0,0,0,0,0,3,0,0,0,0,0,0,1,0,0,0,0,19,72,0,2,0,0,0,1,1,0,0,0,4,0,2,0,0,0,2,0,2,8,0,1,7,1,0,26,0,0,0,0,4,0,0,0,0,0,0,0,3,0,0,0,2,0
177,1430,COLÉGIO POSITIVO (ÁGUA VERDE),"RUA PEDRO MENA BARRETO MONCLARO, 411",ÁGUA VERDE,-25.4498242,-49.2744554,9,0,3656,3024,88,60,0,1,0,2,27,7,2,0,0,27,0,0,0,14,0,1,0,1,0,1,9,0,0,0,30,0,0,0,8,19,4,3,5,0,1,1,0,0,0,0,0,3,1,2,0,0,0,3,0,5,2,5,1,0,0,5,0,0,5,5,0,7,6,0,0,1,1,1,0,21,1,1,1,1,1,0,0,0,2,0,2,52,0,0,0,0,0,0,0,0,0,0,0,0,5,3,15,0,0,152,1,1,19,5,3,1,6,48,128,1,0,2,147,0,2,0,10,0,3,1,0,0,1,0,36,0,0,1,0,0,0,1,0,2,0,0,1,1,0,0,1,0,0,1,0,1,0,15,0,3,0,5,5,44,0,0,1,8,0,0,0,0,17,0,0,5,0,0,0,1,0,0,1,0,0,0,0,0,0,0,0,1,0,15,1,0,22,0,0,0,1,0,0,64,0,21,0,1,27,0,4,6,0,0,0,0,1,0,0,1,0,0,6,12,0,0,39,45,2,0,14,7,1,1,70,2,0,0,7,0,0,0,23,0,5,0,0,0,44,2,54,0,0,4,3,0,0,1,0,0,0,0,0,0,0,0,0,0,0,0,0,1,0,0,0,395,0,1,74,0,0,1,7,0,5,0,73,3,1,0,352,4,2,0,3,1,0,7,0,0,1,0,0,14,0,0,0,0,0,0,0,0,0,0,33,0,0,1,0,3,0,0,0,0,0,0,0,1,0,1,34,0,3,0,2,0,0,0,0,0,1,0,1,0,0,2,4,9,3,0,6,1,10,0,65,0,0,0,0,18,0,11,4,1,0,0,1,0,0,0,0,0,2,27,0,0,0,0,1,1,0,4,0,0,0,0,0,0,0,0,0,0,0,16,79,0,1,0,1,0,1,0,0,0,0,2,0,5,0,0,0,3,1,2,10,0,1,12,0,0,26,0,0,0,0,6,0,0,0,0,0,0,0,2,0,2,0,2,0
177,1686,CLUBE CURITIBANO (SEDE ADMINISTRATIVA),"RUA PETIT CARNEIRO, 970 (GINÁSIO DE ESPORTES)",ÁGUA VERDE,-25.45185345,-49.28600279,9,0,8081,6408,158,136,0,5,0,8,66,17,2,0,1,36,0,0,0,45,0,2,0,2,3,8,16,0,0,1,85,0,0,0,29,74,14,1,14,1,0,0,0,0,0,1,0,14,3,9,0,0,0,4,3,14,2,9,2,4,6,19,1,2,24,3,2,2,10,1,0,0,3,1,0,69,0,0,0,1,0,0,0,0,0,0,0,129,0,0,0,0,0,2,0,0,0,0,2,0,17,1,16,0,2,342,2,0,16,10,12,4,33,112,221,0,1,3,329,0,4,6,24,3,4,0,0,0,1,0,80,2,0,0,0,0,3,1,0,1,1,1,0,1,0,0,0,1,0,0,0,0,0,35,1,1,0,11,7,113,0,3,0,8,0,1,0,0,62,0,0,0,0,0,0,4,0,0,3,0,0,0,0,0,0,0,0,1,0,40,1,2,60,2,0,1,0,1,1,113,0,44,0,5,37,0,1,20,0,0,0,1,5,0,0,3,0,0,11,33,0,0,103,92,0,2,55,13,2,2,219,2,3,0,8,0,0,1,26,0,4,2,1,1,81,3,100,2,0,8,1,2,1,0,0,1,0,0,0,0,0,0,0,0,0,0,0,0,0,1,0,684,2,0,147,0,0,0,17,1,14,2,190,4,0,0,755,7,1,0,1,3,0,36,0,2,2,0,0,21,0,0,0,0,0,0,0,0,0,0,80,1,0,0,1,7,0,1,1,0,0,3,0,3,0,0,56,0,2,0,7,0,0,0,0,0,1,4,0,0,0,9,11,12,5,0,6,3,15,3,144,0,1,0,0,21,2,16,15,2,0,2,0,0,6,2,0,0,12,46,0,1,0,0,1,0,0,14,0,0,0,1,0,0,1,0,0,0,0,37,124,0,0,0,4,0,2,0,0,5,0,11,0,7,0,1,0,4,0,7,13,1,4,29,1,0,45,1,0,0,0,4,0,0,0,0,0,0,0,6,1,0,0,6,1
177,1740,ESCOLA MUNICIPAL MIGUEL KRUG,"RUA MORRETES, 1115",GUAIRA,-25.4748952,-49.2863403,27,0,1615,1333,61,38,0,1,0,0,9,4,1,0,1,9,0,0,0,4,0,0,0,1,0,1,5,0,0,0,5,0,0,0,11,8,4,2,1,0,0,0,0,0,0,0,0,0,0,7,0,0,0,0,0,1,0,6,0,0,0,0,0,0,2,5,1,3,0,0,0,0,2,0,0,12,0,0,0,0,0,3,0,0,0,1,0,11,0,0,0,0,3,0,0,0,0,0,0,0,3,0,7,0,0,75,0,0,2,1,0,0,4,32,40,2,0,0,53,0,0,0,6,3,1,0,0,0,0,0,16,0,0,1,0,0,0,0,0,0,0,2,0,1,0,0,1,0,0,1,0,0,0,6,0,0,0,5,0,10,0,0,0,2,5,0,0,0,17,0,0,0,0,0,0,0,0,0,1,0,0,0,2,0,0,0,0,0,0,8,1,0,13,0,0,0,1,0,0,48,0,19,0,1,5,0,0,4,0,0,0,0,0,0,0,1,0,0,4,8,0,0,2,19,2,0,14,21,2,2,43,0,0,0,1,0,1,0,13,0,2,0,0,0,46,0,47,0,0,0,0,0,0,0,0,0,0,0,0,0,0,0,0,0,0,0,0,0,0,0,0,136,1,0,13,0,0,0,3,0,0,0,18,0,1,0,134,2,0,0,10,0,0,0,0,0,0,0,0,0,0,0,0,0,0,0,0,0,0,0,15,0,0,1,0,1,0,0,0,0,2,0,0,4,0,0,7,0,0,0,2,0,0,0,0,0,0,0,0,0,0,2,2,4,0,0,5,4,3,0,36,0,1,0,0,4,0,1,2,0,0,0,0,0,0,0,0,0,0,12,0,0,0,0,0,1,1,2,0,0,0,0,0,0,0,0,0,0,0,5,21,0,0,0,0,0,2,0,0,0,0,0,0,1,0,0,0,0,0,4,2,1,0,2,0,0,10,0,0,0,0,2,0,0,0,0,0,0,0,0,0,1,0,1,1
177,1759,COLÉGIO ESTADUAL HILDEBRANDO DE ARAÚJO,"AV PREFEITO OMAR SABBAG, N. 721",JARDIM BOTANICO,-25.4410709,-49.2493226,7,0,3113,2389,90,66,0,1,0,4,29,3,1,0,3,21,0,0,0,10,0,1,0,4,0,2,5,2,0,0,22,0,0,0,22,18,21,3,8,0,0,0,0,0,0,0,0,2,2,2,0,0,0,4,0,5,3,12,0,0,0,2,1,0,4,10,0,2,2,1,0,0,0,1,0,25,0,0,0,0,0,2,0,0,0,2,0,29,0,0,0,0,0,0,0,0,0,0,1,0,11,2,8,0,1,134,0,1,5,3,3,2,22,56,88,1,1,4,97,0,5,1,12,0,1,0,0,0,0,0,15,3,0,0,0,0,0,0,0,1,0,0,0,2,0,0,0,1,1,0,0,0,0,20,0,0,0,8,0,32,0,1,0,3,0,0,0,0,16,0,0,2,0,0,0,0,0,0,1,0,0,0,6,0,0,1,0,1,0,15,0,0,28,0,0,0,0,0,0,68,0,27,0,1,7,1,0,9,0,0,0,0,2,0,0,1,0,0,11,18,0,1,28,37,1,0,27,13,1,1,62,0,1,0,4,0,0,0,9,0,2,0,0,0,42,0,41,0,0,1,0,0,0,0,1,0,0,0,0,0,0,0,0,0,0,0,0,4,0,0,0,245,1,1,32,0,0,3,0,0,2,0,44,5,0,0,171,6,0,0,3,3,0,4,0,0,0,0,0,11,0,0,0,0,0,0,0,0,0,0,11,0,0,1,0,5,0,1,0,0,0,0,0,1,0,0,35,0,0,0,3,0,0,1,0,1,0,0,0,0,0,1,1,2,2,0,29,2,2,0,40,0,0,0,0,2,1,6,2,1,0,0,1,0,0,1,0,0,7,16,1,0,1,1,0,0,0,3,0,0,0,0,1,0,0,0,0,0,0,18,38,0,0,0,0,1,2,1,0,0,0,2,0,11,0,3,0,2,0,8,11,0,1,30,0,0,42,0,0,0,0,11,0,0,0,0,0,0,0,0,2,6,0,3,0
177,1767,COLÉGIO POSITIVO - JARDIM AMBIENTAL,RUA ITUPAVA 985,ALTO DA RUA XV,-25.42233888,-49.25047789,17,0,3938,3193,86,58,0,3,0,3,38,15,1,0,1,12,0,0,1,9,0,1,0,2,1,1,2,0,0,0,37,0,0,0,15,20,6,3,7,0,0,1,0,0,0,0,0,0,0,1,2,1,1,3,0,2,0,2,2,0,2,2,0,0,7,2,0,2,5,1,0,0,11,0,0,26,0,1,0,0,0,0,0,0,2,1,0,61,0,0,0,1,0,0,0,0,0,0,1,0,12,0,14,0,1,218,0,1,12,6,8,5,11,77,163,2,1,6,234,0,2,3,8,0,1,0,0,0,0,0,36,0,0,0,0,0,1,0,0,0,0,0,1,1,0,0,0,1,0,0,0,1,0,33,0,0,0,7,2,46,0,0,0,5,0,0,0,2,20,0,0,1,0,0,0,1,1,0,2,0,0,0,1,0,0,0,0,0,0,10,1,0,21,0,0,0,0,1,0,71,0,35,0,1,13,1,0,8,1,0,0,0,7,0,3,2,0,0,2,24,1,0,50,23,1,1,35,5,2,1,112,0,0,0,5,0,2,2,14,0,3,1,0,0,44,0,54,0,1,4,2,0,0,2,1,1,0,0,0,1,1,0,0,0,0,0,0,1,0,0,0,414,1,1,39,0,0,0,4,3,8,0,71,2,1,0,267,6,0,0,0,4,0,13,2,0,1,0,0,9,0,1,0,0,0,0,0,0,0,0,26,0,0,0,0,5,0,0,0,0,1,1,0,4,0,0,17,0,2,0,1,0,0,2,0,3,0,0,0,0,0,1,5,2,4,0,4,2,5,1,69,0,0,0,0,5,2,2,2,7,0,0,0,0,0,1,0,0,2,20,0,2,0,0,1,0,0,4,0,0,2,0,0,1,0,1,0,0,0,13,42,0,0,0,2,0,3,1,0,2,0,0,0,10,0,1,0,0,0,4,4,0,2,16,0,0,40,0,0,0,0,9,0,0,0,0,0,0,0,2,1,5,0,1,1
177,1783,COLEGIO DECISIVO (CENTRO),"RUA COMENDADOR ARAUJO, 327",CENTRO,-25.4356933,-49.2789244,1,0,1803,1337,63,23,0,0,0,3,19,2,0,0,0,8,0,0,0,8,0,1,0,0,0,2,2,0,0,1,9,0,0,0,8,7,5,0,2,0,0,0,0,0,0,0,0,3,0,0,0,1,1,2,0,4,2,6,1,0,1,2,0,1,3,3,0,1,0,1,0,0,3,0,0,12,0,0,0,1,0,1,0,0,0,0,0,28,0,0,0,0,0,1,0,0,0,0,0,0,8,0,8,2,2,103,0,0,11,2,10,3,5,18,82,0,0,0,129,0,0,3,3,0,0,0,0,0,0,0,17,0,0,0,0,0,0,0,1,0,0,0,0,0,0,0,0,0,0,0,0,0,0,6,0,0,0,0,1,18,0,0,0,0,1,0,0,0,9,0,0,0,0,0,0,0,0,0,0,0,0,0,0,0,0,0,0,0,0,7,0,0,7,1,1,0,0,0,0,23,0,7,0,0,7,1,0,4,0,0,0,0,1,0,0,0,0,0,1,6,0,0,14,13,3,0,15,1,1,1,34,0,0,0,0,0,0,0,4,0,1,0,0,0,4,1,21,0,1,0,0,0,1,0,0,0,0,0,0,0,0,0,0,0,0,0,0,1,0,0,1,131,1,1,33,0,0,0,3,0,4,0,25,0,0,0,125,3,0,0,1,0,0,4,0,0,0,0,0,3,0,0,0,0,0,0,0,0,1,0,17,0,0,1,0,6,0,0,0,0,0,0,0,0,0,0,16,0,2,0,0,0,0,0,0,0,0,0,0,0,0,1,0,0,2,0,0,0,1,2,22,0,0,0,0,2,0,2,1,2,0,0,3,0,0,0,0,0,0,9,0,0,0,0,0,0,0,2,0,0,0,0,0,0,0,0,0,0,0,1,14,0,0,0,0,0,0,0,0,0,0,1,0,1,0,0,0,2,0,0,2,1,2,2,0,0,13,0,0,0,0,1,0,0,0,0,2,0,0,0,0,1,0,1,1
177,1791,UFPR -  SETOR DE CIÊNCIAS SOCIAIS APLICADAS,"AVENIDA PREFEITO LOTHÁRIO MEISSNER, 632",JARDIM BOTANICO,-25.4448374,-49.238656400000004,7,0,1959,1499,43,39,0,0,1,1,23,2,2,0,0,6,1,0,0,5,0,1,0,0,1,3,3,0,1,0,6,0,0,0,20,5,8,4,3,0,0,0,0,0,1,0,0,1,0,3,1,0,0,1,0,3,0,1,2,0,0,6,1,0,1,1,0,1,2,0,1,0,1,0,0,25,1,0,0,0,0,0,0,0,1,0,0,43,1,0,0,0,1,1,0,0,1,0,0,0,5,1,6,0,0,127,0,0,8,2,10,0,6,33,56,1,0,1,83,0,3,1,5,0,2,1,0,0,0,0,16,0,0,0,0,1,0,0,0,1,0,1,0,0,0,0,0,0,1,0,0,0,0,11,0,0,0,1,0,17,0,0,0,1,0,0,0,0,19,0,0,1,0,0,0,0,0,0,0,0,0,0,0,1,0,0,0,0,0,10,1,0,13,0,0,0,0,0,0,42,0,14,0,2,6,0,0,7,0,0,0,0,2,0,0,0,0,0,5,7,1,0,11,10,4,4,14,9,0,0,34,1,0,0,2,0,0,0,5,0,4,0,0,0,21,0,25,0,0,0,0,0,0,4,0,0,0,0,0,0,0,0,0,0,0,0,0,0,0,0,0,151,0,0,19,0,0,0,1,0,0,0,22,1,0,0,116,0,1,0,1,0,0,4,0,1,0,0,0,4,0,0,0,0,0,0,1,0,2,0,14,0,1,0,0,4,0,0,0,0,0,0,1,0,0,0,11,0,1,0,0,0,0,0,0,0,0,0,0,0,0,1,6,3,0,0,1,0,8,0,41,0,0,0,0,2,0,0,4,0,0,0,1,0,0,0,0,0,0,8,0,1,0,0,1,0,1,4,1,0,0,0,0,0,1,0,0,0,0,13,22,0,0,0,0,0,2,0,0,0,0,2,0,0,0,1,0,0,0,3,3,0,0,13,0,0,37,0,0,0,0,3,0,0,0,0,0,0,0,0,0,1,0,0,0
177,1805,SOCIEDADE THALIA,R COMENDADOR ARAUJO 338,CENTRO,-25.43584214,-49.27910983,1,0,1547,1264,23,33,0,1,0,0,15,0,0,0,0,8,0,0,0,6,0,0,2,0,0,0,0,0,0,0,13,0,0,0,10,8,0,1,4,0,0,0,0,0,0,0,0,0,3,1,0,0,1,0,0,5,0,5,1,0,1,4,0,0,2,2,0,0,4,0,0,0,2,0,0,32,0,0,0,1,0,1,0,0,1,0,0,22,0,0,0,0,0,0,0,0,0,0,0,0,1,1,7,0,0,90,0,0,1,7,4,0,9,27,81,0,0,0,70,0,0,3,2,0,0,0,0,0,0,0,19,0,0,0,0,0,1,0,0,0,0,1,0,0,0,0,0,0,0,0,0,1,0,12,0,1,0,3,1,26,0,0,0,1,0,0,0,0,15,0,0,0,0,2,0,0,0,0,0,0,0,0,0,0,0,0,0,0,0,4,0,0,9,0,0,0,0,0,0,21,0,9,0,0,7,0,0,1,1,0,0,0,2,0,0,0,0,0,4,12,0,0,19,19,2,0,13,0,1,0,38,0,0,0,2,0,0,0,3,0,0,1,1,0,11,0,13,0,0,1,0,0,0,0,0,0,0,0,0,0,0,0,0,0,0,0,0,2,0,0,0,134,0,0,17,0,0,0,1,0,1,0,43,0,0,0,91,2,0,0,0,0,0,2,0,0,0,0,0,0,0,0,0,0,0,0,0,0,0,0,17,0,0,0,0,4,0,0,0,0,0,0,0,0,0,0,7,0,1,0,0,0,0,0,0,0,0,1,0,0,0,2,0,0,2,0,0,1,4,0,34,0,0,0,0,3,0,1,0,1,0,0,1,0,1,0,0,0,0,20,0,1,0,0,1,0,0,4,0,0,0,0,0,0,0,0,0,0,0,6,32,0,0,0,1,0,0,0,0,0,0,1,0,8,2,0,0,2,0,0,3,1,0,6,0,0,8,0,0,0,0,3,0,0,0,0,0,0,0,0,0,0,0,0,0
177,1821,SENAC - SERVICO NACIONAL DE APRENDIZAGEM COMERCIAL,"RUA ANDRE DE BARROS, 750",CENTRO,-25.43361091,-49.26579573,1,0,2064,1566,65,40,0,0,0,4,15,9,0,0,0,6,0,0,0,4,0,0,0,1,2,0,1,0,0,0,10,0,0,0,38,10,5,1,1,0,0,0,0,0,1,0,0,1,0,1,0,0,0,1,0,7,0,4,1,0,0,2,0,0,4,3,0,1,3,2,0,0,1,1,0,29,0,0,4,2,1,1,0,0,0,0,2,28,0,0,0,0,0,1,0,0,0,0,0,0,2,1,10,1,1,118,0,0,5,1,7,3,4,28,90,2,0,1,112,0,0,5,6,0,2,0,0,0,0,0,10,2,0,1,0,0,0,0,0,1,0,0,1,0,0,0,1,0,0,0,0,0,0,15,0,3,0,0,2,7,1,1,0,0,0,0,2,0,18,0,0,1,0,0,0,0,0,0,3,0,0,0,1,0,0,0,0,0,0,6,0,0,9,0,0,0,0,0,0,32,0,9,0,1,14,0,0,2,0,0,0,0,0,0,0,0,0,0,1,10,0,0,19,25,1,1,11,3,2,0,38,0,1,0,9,0,0,0,14,0,4,0,0,0,21,1,33,0,0,0,0,0,0,0,1,0,0,0,0,0,0,0,0,0,0,0,0,0,0,2,1,140,0,1,11,0,1,1,2,0,1,0,31,1,0,0,101,2,0,0,0,2,0,4,0,0,0,1,0,2,0,1,0,0,0,0,0,0,0,0,6,0,0,0,0,10,0,0,0,0,0,0,0,4,0,0,7,0,0,0,5,1,0,0,0,2,0,0,0,0,0,0,2,0,3,1,4,0,2,0,36,0,0,0,0,1,6,0,1,2,0,0,0,0,0,0,0,0,0,17,0,0,0,0,0,0,0,3,0,0,1,0,0,0,1,0,0,0,0,10,26,0,0,0,1,0,1,1,0,0,0,1,0,1,0,0,0,0,2,1,6,0,0,6,1,0,29,0,0,1,0,1,0,0,0,0,0,0,0,1,0,3,0,4,0
177,1830,INSTITUTO SALESIANO,"RUA SANTA CATARINA,  1805 (GINÁSIO DE ESPORTES)",GUAIRA,-25.4722481,-49.2794471,26,0,1919,1551,85,48,0,2,1,1,15,1,0,0,0,12,0,0,0,8,0,0,0,1,0,1,2,0,0,0,6,0,0,0,16,8,7,4,7,0,1,0,0,0,0,0,0,0,0,3,0,1,0,2,0,3,1,5,0,1,0,2,0,1,5,2,1,1,3,0,0,0,0,0,0,29,0,0,0,0,1,0,0,0,0,0,0,22,0,0,0,0,0,1,0,0,0,0,0,0,5,0,3,2,2,80,0,0,3,2,1,1,3,37,43,0,0,2,60,0,0,2,4,0,1,0,0,1,1,0,10,1,0,0,0,0,0,0,0,0,0,0,0,0,0,0,0,0,0,0,0,0,0,3,0,0,0,3,1,9,0,0,0,0,0,1,0,0,14,0,0,1,0,1,0,0,0,0,0,0,0,0,0,0,0,0,0,0,0,5,1,0,9,0,0,0,0,2,0,74,0,7,0,4,5,0,0,11,0,0,0,0,3,0,0,0,0,0,2,9,2,0,10,17,0,2,25,11,2,1,44,0,0,0,6,0,0,0,11,0,2,0,0,0,52,0,46,0,0,1,1,0,0,1,0,0,0,0,0,0,0,0,0,0,0,0,0,0,0,0,0,145,0,0,11,0,2,0,4,0,1,0,26,2,0,0,138,2,0,0,3,1,0,1,0,0,1,0,0,1,0,0,0,0,0,0,0,0,0,0,12,0,1,0,0,0,0,0,0,0,0,0,0,1,0,0,13,0,2,0,2,0,0,0,0,0,0,5,0,0,0,2,2,1,0,0,7,0,0,0,48,0,0,0,0,1,0,2,0,0,0,0,0,0,0,1,0,0,1,58,0,0,0,0,0,0,0,0,0,0,0,0,0,0,1,0,0,0,0,1,39,0,0,0,1,1,2,0,0,0,0,0,0,1,1,0,0,0,0,3,6,0,0,8,0,0,11,0,0,0,0,0,0,0,0,0,0,0,0,1,3,2,0,0,0
177,1848,ESCOLA ESTADUAL DORACY CEZARINO,RUA EUGENIO PAROLIN  588,PAROLIN,-25.46232048,-49.26336051,25,0,2943,2229,146,75,0,2,1,5,25,2,3,0,0,24,0,0,0,3,0,0,0,3,16,3,3,0,0,0,5,0,0,0,28,21,58,4,3,0,0,1,0,0,0,0,0,0,0,3,0,0,0,3,0,4,1,6,0,0,0,1,0,0,5,4,0,8,4,0,0,0,1,0,0,43,0,0,0,0,0,0,0,0,0,0,0,10,1,0,0,0,0,0,0,0,0,0,0,0,25,1,8,1,1,77,0,0,7,4,3,1,12,26,78,0,0,10,53,0,0,2,4,1,2,0,0,0,0,0,17,2,0,0,0,0,2,2,0,1,0,0,0,0,0,0,0,2,0,0,0,0,1,9,0,0,0,4,1,5,0,1,0,2,1,0,0,0,23,0,0,0,0,0,0,0,0,0,0,0,0,0,5,0,1,0,0,0,0,14,0,0,20,0,0,0,0,0,0,97,0,6,0,2,8,0,0,5,0,0,0,0,0,0,0,0,0,0,2,3,1,0,13,29,0,1,11,19,0,0,67,1,2,0,8,0,0,1,14,0,2,0,0,0,91,1,34,0,0,1,0,0,0,1,0,0,2,0,0,0,0,0,0,0,0,0,0,0,0,0,0,202,0,0,8,1,0,0,1,0,2,0,27,0,1,0,118,1,0,0,2,0,0,1,0,0,0,1,0,0,0,1,0,0,0,0,0,0,0,0,10,0,0,0,0,1,1,1,0,0,0,1,0,1,0,0,19,0,0,0,4,0,0,0,0,0,1,0,0,0,0,0,2,0,2,0,4,0,3,0,62,0,0,0,0,8,3,1,0,0,0,0,0,0,0,1,0,0,1,253,0,2,0,0,0,0,1,2,0,0,0,1,0,0,2,0,0,0,0,5,37,0,0,0,0,0,4,0,0,0,0,3,0,5,0,0,0,0,0,0,11,0,1,11,1,0,13,0,0,2,0,2,0,0,0,0,0,0,0,1,0,3,1,0,0
177,1856,SOCIEDADE BENEFICENTE MORGENAU,"AV SENADOR SOUZA NAVES, N. 945",CRISTO REI,-25.4312921,-49.2484226,6,0,1186,945,22,16,0,1,0,1,5,1,0,0,0,8,0,1,1,4,1,0,0,1,0,1,1,0,0,0,5,1,0,0,2,6,7,0,2,0,0,0,0,0,0,0,0,0,1,3,0,0,0,0,0,1,0,1,0,0,0,2,0,0,2,3,0,0,1,0,0,0,1,0,0,16,0,0,0,0,0,0,0,0,0,1,0,16,0,0,0,0,0,0,0,0,0,0,0,0,2,1,6,0,0,41,0,0,4,0,1,1,2,21,42,0,0,1,27,0,0,0,6,0,0,0,0,0,1,0,2,0,0,1,0,0,0,0,0,0,0,0,0,1,0,0,0,0,0,0,0,0,0,10,0,1,0,7,1,15,0,1,0,0,1,0,0,0,11,0,0,0,0,0,0,0,0,0,0,0,0,0,0,0,0,0,0,0,0,8,0,0,8,0,0,0,0,0,0,17,0,14,0,0,3,0,0,1,0,0,0,0,2,0,0,0,0,0,2,6,0,0,20,19,0,1,14,2,0,1,21,0,0,0,4,0,1,0,0,0,0,1,0,0,10,1,23,0,2,0,0,0,0,0,0,0,0,0,0,0,0,0,0,0,0,0,0,0,0,0,0,153,0,0,8,1,0,0,0,0,1,0,26,1,0,0,82,1,0,0,2,0,0,2,0,0,0,0,0,1,0,0,0,0,0,0,1,0,0,0,4,0,0,0,0,2,0,0,0,0,0,2,1,0,0,0,4,0,0,0,0,0,0,0,0,0,0,0,0,0,0,0,0,1,1,0,3,1,2,0,21,0,0,0,0,2,1,0,1,1,0,0,0,0,0,1,0,0,4,7,0,0,0,0,0,0,0,2,0,0,0,0,0,0,0,0,0,0,0,9,19,0,0,0,0,0,1,1,0,0,0,2,0,3,1,1,0,0,0,1,3,0,0,14,0,0,22,0,0,0,0,2,0,0,0,0,0,0,0,1,0,1,0,1,0
177,1864,COLEGIO BOM JESUS (CENTRO),R 24 DE MAIO   135,CENTRO,-25.438114,-49.2735524,1,0,5696,4195,163,110,0,2,0,7,42,7,2,1,1,30,0,1,0,17,0,1,0,0,4,10,10,1,0,2,23,0,2,0,54,29,14,7,9,0,0,0,0,0,0,0,0,0,0,5,0,0,0,3,0,13,0,2,0,4,0,11,0,1,10,8,0,0,9,0,0,0,0,1,1,42,0,0,0,2,0,1,0,0,2,1,0,116,0,0,0,1,0,1,1,1,0,0,0,1,15,0,25,0,4,352,1,1,23,10,14,4,32,72,227,2,0,0,334,1,0,1,16,1,1,0,0,0,1,0,55,2,1,0,0,0,1,0,0,3,0,0,0,1,0,0,0,2,1,0,0,0,0,17,0,1,0,5,3,52,0,1,0,1,0,0,0,0,24,0,0,0,0,3,0,2,0,0,2,0,0,0,0,0,1,0,0,0,0,26,3,0,38,0,0,0,1,1,0,91,0,21,0,5,27,0,0,16,0,0,1,0,6,1,0,0,1,0,10,10,3,0,22,32,1,0,32,8,1,0,95,0,3,0,7,0,2,0,15,1,5,0,0,0,46,1,67,1,0,3,1,2,0,0,1,1,0,1,0,1,1,0,0,1,0,0,2,0,0,1,0,409,0,1,60,1,0,0,10,1,5,0,70,4,1,0,324,4,2,0,3,2,0,9,1,0,0,1,0,16,0,0,0,0,0,0,1,0,0,0,60,0,0,0,0,18,0,0,0,0,0,0,1,1,0,0,32,0,2,0,3,0,0,0,0,0,0,0,0,0,0,2,13,5,1,0,6,0,7,1,94,0,1,1,0,8,1,2,9,2,0,0,0,0,1,1,1,0,2,38,0,2,0,0,0,1,0,16,0,0,0,0,0,0,0,0,0,0,0,21,67,0,2,0,4,0,7,0,0,1,1,5,0,12,0,1,0,1,2,1,7,1,4,15,1,0,39,0,1,0,2,12,0,0,0,0,0,0,0,3,0,6,1,5,0
177,1872,FACULDADE UNINTER (DIVINA PROVIDÊNCIA),"RUA DO ROSÁRIO, 147",CENTRO,-25.42839041,-49.27354896,2,0,386,282,13,12,0,0,1,0,4,0,0,0,0,1,0,0,0,0,0,0,0,0,0,0,0,0,0,0,1,0,0,0,4,6,1,0,0,0,0,0,0,0,0,0,0,0,0,0,0,1,0,0,0,1,1,0,0,0,0,0,0,0,0,0,0,0,1,0,0,0,0,0,0,8,0,0,1,0,0,0,0,0,0,0,0,2,0,0,0,0,0,0,0,0,0,0,0,0,3,0,0,0,1,20,0,0,2,0,4,0,1,6,25,2,0,0,22,0,1,0,0,0,0,0,0,0,0,0,2,0,0,0,0,0,0,0,0,0,0,0,0,0,0,0,0,0,0,0,0,0,0,1,0,0,0,0,0,4,0,0,0,0,0,0,0,0,4,0,0,0,0,0,0,0,0,0,0,0,0,0,0,0,0,0,0,0,0,3,0,0,4,0,0,0,0,0,0,10,0,0,0,0,0,0,0,0,0,0,0,0,1,0,0,0,0,0,0,0,0,0,4,2,0,0,0,0,0,0,6,0,0,0,0,0,0,0,2,0,2,0,0,0,5,0,8,0,0,0,0,0,0,0,0,0,0,0,0,0,0,0,0,0,0,0,0,0,0,0,0,19,0,0,2,0,0,0,0,0,0,0,7,0,0,0,17,1,1,0,0,0,0,1,0,2,1,0,0,0,0,0,0,0,0,0,0,0,0,0,2,0,0,0,0,1,0,0,0,0,0,0,0,0,0,0,1,0,0,0,0,0,0,0,0,0,0,0,0,0,0,0,0,0,0,0,0,0,1,0,7,0,0,0,0,0,0,0,0,0,0,0,0,0,0,0,0,0,2,2,0,0,0,0,0,0,0,2,0,0,0,0,0,0,0,0,0,0,0,2,3,0,0,0,0,0,0,0,0,0,0,0,0,0,0,0,0,0,0,0,1,0,0,0,0,0,3,0,0,0,0,0,0,0,0,0,0,0,0,0,0,0,0,1,0
177,1880,ESCOLA MUNICIPAL BATEL (ESCOLA ESTADUAL DEZENOVE DE DEZEMBRO),RUA DESEMBARGADOR MOTTA  2082,CENTRO,-25.43633419,-49.281815280000004,1,0,2322,1861,48,47,0,1,0,1,12,6,1,0,0,8,0,0,0,9,0,0,0,0,0,3,2,0,0,0,23,0,3,0,4,12,7,1,1,0,0,0,0,0,0,0,0,1,1,5,0,0,0,2,0,8,1,1,4,0,1,3,0,1,7,0,0,2,4,0,0,0,2,0,0,15,1,0,0,0,0,0,0,0,2,0,0,48,0,0,0,0,0,2,0,0,0,0,0,0,3,2,9,0,2,160,1,0,13,11,9,1,18,18,89,1,0,1,145,2,0,2,15,1,3,0,0,0,0,0,25,2,0,0,0,0,0,0,0,0,0,0,0,1,0,0,0,0,0,0,0,0,0,12,0,1,0,0,2,27,0,1,0,0,0,0,0,0,8,0,0,0,0,0,0,0,0,0,0,0,0,0,0,0,0,0,0,0,0,14,3,0,11,2,0,0,0,0,0,35,0,11,0,1,13,0,0,8,0,0,0,0,0,0,0,0,0,1,3,11,0,0,27,16,1,0,17,1,2,0,57,0,2,0,3,0,0,0,4,0,5,0,2,0,23,0,39,0,0,3,0,0,0,0,0,0,0,0,0,0,0,0,0,0,0,0,0,3,0,0,0,169,2,0,25,0,1,0,4,0,0,0,31,0,1,0,183,0,0,0,3,2,0,5,0,0,0,0,0,6,0,0,0,0,0,0,0,0,0,0,30,0,0,0,0,2,2,0,0,0,0,0,0,1,0,0,16,0,1,0,0,0,0,0,0,1,0,0,2,0,0,0,4,4,1,0,5,0,5,2,25,0,0,0,0,9,0,6,1,0,2,0,1,0,0,0,0,1,3,15,0,1,0,0,0,0,1,7,0,2,1,0,0,0,1,0,0,0,0,11,17,0,0,0,3,0,3,0,0,1,0,2,0,1,0,0,1,0,1,1,0,0,4,6,0,0,10,0,0,0,0,7,0,0,1,0,0,0,0,1,2,1,0,1,0
177,1899,COLEGIO BOM JESUS (ÁGUA VERDE),"RUA NESTOR VICTOR, 910",ÁGUA VERDE,-25.457055,-49.2726139,9,0,4620,3789,123,92,0,1,3,3,33,2,2,0,1,30,0,0,0,14,1,1,0,0,4,3,4,0,1,0,22,1,0,0,19,24,16,5,4,1,0,0,0,0,0,0,0,0,5,5,0,0,0,3,0,7,1,11,2,0,0,8,0,1,8,3,0,2,8,0,0,0,1,0,0,32,0,0,0,0,0,1,1,0,4,1,3,56,0,0,0,0,0,0,0,0,0,0,0,0,7,1,14,1,4,303,3,0,15,9,11,3,21,44,158,0,0,4,191,0,2,2,29,1,3,0,0,0,0,0,61,4,0,0,0,0,1,0,0,2,0,1,1,0,0,0,0,1,1,0,0,0,0,15,0,0,0,11,5,51,0,1,0,2,0,0,0,0,35,0,0,2,0,1,1,0,0,0,2,0,2,0,0,0,0,0,0,0,0,20,1,0,38,0,0,0,0,1,0,119,0,23,0,3,16,0,0,19,0,0,0,0,5,0,1,0,0,2,9,22,2,0,18,31,3,0,30,16,1,1,124,0,1,0,9,0,2,0,28,1,9,1,0,0,56,0,69,0,0,3,0,0,0,3,0,0,0,0,0,0,0,0,0,0,0,0,3,0,1,0,0,386,2,0,49,0,0,0,8,1,2,0,63,5,1,0,421,15,2,0,10,0,0,9,0,0,2,0,0,6,0,0,0,0,0,0,0,0,0,0,44,0,0,0,0,6,0,0,0,0,0,0,0,3,0,0,25,0,2,0,3,0,0,0,1,1,2,3,1,1,0,1,13,5,2,0,5,4,5,1,97,0,0,0,0,10,1,10,7,2,0,0,0,0,3,2,0,0,1,32,0,3,0,0,0,1,0,10,0,0,0,0,0,0,1,0,0,0,0,22,70,0,1,0,2,0,0,2,0,2,0,5,0,5,3,4,0,2,2,0,13,0,2,6,0,0,39,0,0,1,0,5,0,0,1,0,6,0,0,12,0,2,0,0,2
177,1902,FACULDADE DOM BOSCO,AV WENCESLAU BRAZ 1046,GUAIRA,-25.47120614,-49.26562292,26,0,3399,2740,140,78,0,4,0,2,26,7,0,0,0,22,1,0,1,8,0,1,0,0,4,4,8,0,0,0,18,0,0,0,27,14,26,17,15,0,0,0,0,0,0,1,2,0,0,3,0,0,0,2,0,5,0,8,1,2,1,7,0,0,1,12,0,7,3,0,0,0,1,0,0,37,0,0,2,0,0,0,0,0,0,0,2,19,1,0,0,0,2,0,0,1,0,0,0,0,9,2,11,1,10,151,1,0,5,1,3,7,7,30,102,0,0,2,114,0,0,2,12,2,1,0,0,0,0,0,32,0,0,0,0,0,0,0,0,2,0,0,0,0,0,0,1,1,0,1,0,1,0,12,0,0,0,3,4,18,0,0,0,0,0,1,0,0,19,1,0,0,0,0,0,0,0,0,0,0,1,0,1,0,0,0,0,0,0,20,1,0,25,2,0,0,1,2,0,139,1,14,0,0,20,0,1,9,0,0,0,0,4,0,0,3,0,0,7,11,0,0,6,29,2,1,22,39,0,1,66,0,3,0,10,0,0,0,26,0,9,0,0,0,89,0,58,0,0,0,0,0,0,0,0,0,0,0,0,1,0,0,0,0,0,0,0,1,0,0,0,218,0,0,21,0,0,0,7,0,1,2,33,3,0,0,280,5,0,0,3,0,0,4,0,1,1,1,0,3,0,0,0,0,0,0,1,0,1,0,26,0,0,0,0,6,1,1,1,0,0,0,0,0,0,1,32,0,0,0,7,0,0,0,1,1,1,0,0,0,0,1,2,2,1,0,13,2,2,0,81,0,0,1,1,10,3,5,5,0,0,0,0,0,0,2,0,0,3,82,0,1,0,0,0,0,0,0,0,0,0,0,0,0,0,0,0,0,0,15,26,0,1,0,1,3,0,1,0,3,1,3,0,6,0,1,0,4,0,6,7,0,0,8,0,0,29,0,0,0,0,0,0,0,0,0,0,0,0,2,0,4,0,2,0
177,1910,ESCOLA MUNICIPAL PROFESSORA NANSYR CECATO CAVICHIOLO,"RUA FRANCISCO PAROLIN, 930",PAROLIN,-25.46513491,-49.26386415,25,0,1280,971,82,30,0,0,0,0,7,0,0,0,1,8,0,0,0,4,0,0,0,0,8,0,2,0,0,0,3,0,0,0,17,9,39,0,4,0,1,0,0,0,0,0,0,0,0,0,0,0,0,1,0,0,0,0,0,0,0,0,0,0,3,1,0,3,1,0,0,0,0,0,0,11,0,0,0,0,0,0,0,0,0,0,0,3,0,0,0,0,0,0,0,0,0,0,0,0,10,0,4,0,4,60,1,0,3,1,0,0,6,9,47,0,0,5,29,0,0,0,3,0,1,0,0,0,0,0,8,0,0,0,0,0,1,0,0,0,0,1,0,1,0,0,0,1,1,0,0,0,0,3,0,0,0,2,2,1,0,0,0,1,0,0,0,0,3,0,0,0,0,0,0,0,0,0,0,0,0,0,0,0,0,0,0,0,0,2,0,0,4,0,0,0,0,0,0,41,0,6,0,3,4,1,0,2,0,0,0,0,0,0,0,0,0,0,2,0,1,0,6,8,1,1,2,9,0,0,29,0,0,0,0,0,0,0,6,0,0,0,0,0,29,0,10,0,0,0,0,0,0,0,0,0,0,0,0,0,0,0,0,0,0,0,0,0,0,0,0,47,0,0,3,0,0,0,0,0,1,0,6,1,0,0,60,0,0,0,1,0,0,1,0,0,0,0,1,0,0,0,0,0,0,0,0,0,1,0,11,0,0,0,0,0,0,0,0,0,0,0,0,0,0,0,4,0,0,0,1,0,0,0,0,0,0,0,0,0,0,1,1,1,0,0,3,0,0,0,33,0,0,0,0,0,0,1,0,0,0,0,0,0,2,0,0,0,0,141,0,0,0,0,0,0,0,0,0,0,0,0,0,0,0,0,0,0,0,1,15,0,0,0,0,0,2,0,0,0,0,1,1,1,0,0,0,2,0,0,2,1,0,1,1,0,3,0,0,0,0,2,0,0,0,0,0,0,0,0,0,4,0,0,0
177,1929,COLÉGIO BOM JESUS - NOSSA SENHORA DE LOURDES (CRISTO REI),"RUA FIORAVANTE DALLA STELLA, N. 90",CRISTO REI,-25.43421892,-49.24589375,6,0,6666,5290,136,107,0,5,1,5,59,18,1,0,0,38,0,0,0,30,0,1,1,2,2,4,7,1,0,1,39,0,0,0,15,24,13,7,10,1,0,2,0,0,0,0,0,1,3,9,0,1,0,6,1,13,2,15,3,5,3,11,2,0,16,6,0,2,8,1,2,0,2,0,0,46,0,1,0,0,2,1,0,0,1,0,0,127,0,0,0,0,1,0,0,0,0,0,0,0,17,1,21,4,2,351,2,0,20,3,13,10,23,130,239,4,0,1,353,0,3,2,18,1,2,0,0,0,0,0,46,3,0,2,1,0,1,2,0,1,0,3,0,2,0,0,1,1,1,0,0,2,0,34,0,2,0,20,7,65,0,2,0,2,0,0,0,0,41,0,0,0,0,5,0,0,0,0,5,0,1,0,10,0,0,0,0,0,0,28,1,0,69,0,0,0,0,0,0,84,1,72,0,1,29,0,0,18,0,0,0,0,7,0,0,0,0,0,7,23,0,1,61,55,2,3,41,8,2,2,136,0,6,0,16,0,1,1,27,1,3,0,0,1,50,6,105,0,2,5,1,0,0,1,0,2,0,0,0,3,0,0,0,0,0,0,0,3,0,0,0,595,1,1,99,0,0,0,13,0,3,1,135,5,1,0,438,8,2,0,5,3,0,13,2,1,1,2,0,21,0,0,0,0,0,0,2,0,0,0,50,0,2,0,0,11,8,0,0,0,0,1,0,10,0,0,46,0,3,0,7,1,0,0,0,1,2,2,1,0,0,3,4,10,2,0,10,4,12,1,115,0,0,0,1,16,0,4,9,10,0,1,2,0,3,1,0,0,2,30,0,1,0,0,0,0,1,12,0,0,0,0,0,0,2,0,0,0,0,35,95,0,0,0,1,0,5,0,0,0,0,10,0,11,1,2,0,1,0,5,11,0,0,44,0,0,102,1,1,3,0,7,0,0,1,0,0,0,0,5,0,6,0,3,1
177,1937,FACULDADE DE DIREITO DA UNIVERSIDADE FEDERAL DO PARANÁ,"PRAÇA SANTOS ANDRADE, 50 ",CENTRO,-25.42895783,-49.26734622,1,0,4454,3431,95,62,0,2,1,8,49,5,2,0,0,28,1,1,1,15,0,1,0,0,3,3,6,1,0,0,24,0,0,0,21,16,8,4,9,0,0,0,0,0,0,1,0,1,1,1,0,0,0,2,0,6,3,4,0,1,2,4,0,0,5,1,0,3,1,0,1,0,3,1,2,50,1,0,0,0,0,2,0,0,1,0,0,99,0,0,0,0,0,0,1,0,0,0,0,0,14,4,17,0,3,365,0,0,57,10,28,3,38,67,280,2,0,3,460,1,1,3,9,0,2,0,0,0,0,0,31,2,0,0,0,0,1,0,0,0,0,1,0,1,0,0,0,0,0,0,0,0,0,16,0,1,0,12,0,20,0,2,0,1,1,0,0,0,20,0,0,0,0,0,0,0,0,0,4,0,0,0,1,1,0,0,0,0,0,14,4,0,14,0,0,0,0,2,1,75,0,10,0,4,19,0,0,6,0,0,0,0,4,0,2,0,0,0,4,23,0,2,23,21,5,0,11,5,0,1,72,1,1,0,2,0,0,0,11,0,7,1,0,0,44,1,26,0,0,0,0,0,0,1,0,0,0,0,0,0,0,0,0,0,0,0,0,0,0,1,1,277,0,2,32,0,1,0,7,0,1,0,36,1,0,0,188,3,0,0,1,3,0,6,0,0,0,1,0,5,0,0,0,0,0,0,1,0,0,0,46,0,1,0,0,25,0,0,0,1,1,1,0,0,0,0,21,0,1,0,3,0,0,0,1,1,0,1,0,0,0,2,7,4,1,0,5,0,5,0,66,0,0,0,0,7,1,1,3,0,0,0,0,0,0,2,0,0,2,16,0,0,0,0,0,2,0,16,0,1,0,0,0,1,2,0,0,0,0,11,36,0,0,0,1,0,2,1,0,0,2,3,0,7,0,0,0,0,0,2,5,0,2,10,1,0,41,0,0,0,2,18,0,0,0,0,0,0,0,4,0,1,0,3,3
177,1945,SETOR DE CIÊNCIAS HUMANAS DA UNIVERSIDADE FEDERAL DO PARANA,R GENERAL CARNEIRO   460,CENTRO,-25.4265484,-49.261544,1,0,2876,2289,55,50,0,2,0,1,37,1,0,0,0,10,0,0,0,15,0,0,0,0,0,5,2,0,0,0,9,0,0,0,1,11,4,0,6,0,0,0,0,0,0,0,0,1,1,4,0,2,0,1,0,7,0,0,0,0,0,1,0,0,2,0,0,0,4,0,0,0,3,0,0,41,0,0,1,0,0,0,0,0,2,0,1,58,0,0,0,0,0,0,0,0,0,0,0,0,11,0,12,1,5,182,2,0,25,8,10,2,18,56,180,2,0,1,249,0,2,0,12,4,1,0,0,0,0,0,17,0,0,0,0,0,0,0,0,0,0,0,0,2,0,0,0,0,0,0,0,0,0,13,0,3,0,1,1,20,0,2,0,6,0,0,0,0,13,0,0,1,0,1,0,1,0,0,2,0,0,0,1,0,0,0,0,0,0,11,0,0,14,0,0,0,0,0,0,29,0,20,0,0,12,0,0,5,0,0,0,0,2,0,0,0,0,0,2,8,1,0,41,19,1,0,24,6,0,0,56,1,1,0,3,0,0,0,16,0,0,0,0,0,23,0,29,0,0,2,1,0,0,2,0,0,0,0,0,0,0,0,0,0,0,0,0,0,0,2,0,242,0,0,29,0,1,0,5,0,2,0,59,0,0,0,124,0,2,1,0,2,0,6,0,0,1,0,0,7,0,0,0,0,0,0,0,0,0,0,23,0,0,0,0,9,3,0,0,2,0,0,0,0,0,1,12,0,0,0,2,0,0,0,0,1,1,2,0,0,0,3,4,2,1,0,0,3,5,0,31,0,0,0,0,4,1,2,0,1,0,0,0,0,0,1,1,0,6,15,0,0,1,0,0,0,0,11,0,0,0,0,0,0,3,0,0,0,0,9,42,0,1,0,1,0,2,1,0,0,0,2,0,6,0,0,0,1,0,3,4,0,1,7,0,1,26,0,1,0,0,7,0,0,0,0,0,0,0,0,0,0,0,6,0
177,1953,ESCOLA ESTADUAL TIRADENTES (CEAD POLO POTTY LAZAROTTO),R PRESIDENTE FARIA   625,CENTRO,-25.4249211,-49.2688466,1,0,1143,796,36,18,0,1,0,3,15,0,0,0,0,7,1,0,1,2,0,0,0,1,0,2,1,0,0,0,6,0,0,0,4,5,0,3,5,0,0,0,0,0,0,0,0,0,0,4,0,0,0,1,0,2,0,1,0,0,0,0,0,0,2,1,0,1,0,0,0,0,1,0,0,14,0,0,0,0,0,0,0,0,0,0,0,17,0,0,0,0,0,0,0,0,0,0,0,0,2,1,3,0,0,64,0,0,6,2,2,3,4,23,49,0,0,1,54,1,0,0,3,0,1,0,0,0,0,0,10,0,0,0,0,0,0,0,0,0,0,0,0,0,0,0,0,0,0,0,0,0,0,4,0,0,0,0,0,4,0,0,0,0,0,0,0,0,5,0,0,1,0,0,0,0,0,0,1,0,0,0,0,0,0,0,0,0,0,4,0,0,6,1,0,0,0,0,0,26,0,3,0,0,3,0,0,1,0,0,0,0,0,0,0,0,0,0,2,1,0,0,3,8,0,0,4,1,0,1,20,0,0,0,9,0,0,0,6,0,1,0,0,0,9,0,11,0,0,0,0,0,0,0,0,0,0,0,0,0,0,0,0,0,0,0,0,0,0,0,0,79,0,0,10,0,0,0,0,0,4,0,23,0,0,1,53,0,0,0,0,0,0,0,0,0,0,0,0,0,0,0,0,0,0,0,0,0,0,0,8,0,0,1,0,2,0,0,0,0,0,0,0,0,0,1,10,0,2,0,4,0,1,0,0,0,0,0,1,0,0,0,2,1,1,0,0,0,0,1,17,0,0,0,0,4,1,1,1,0,1,0,0,0,0,1,0,0,0,8,1,1,0,0,0,0,0,2,0,0,0,0,0,0,0,0,0,0,0,2,10,0,0,0,0,1,0,0,0,0,0,0,0,1,0,0,0,0,0,1,5,0,0,3,0,0,7,0,0,1,0,1,1,0,0,0,0,0,0,0,0,0,0,1,0
177,1961,COLEGIO SAO JOSE,"PRAÇA RUI BARBOSA, 661",CENTRO,-25.4354122,-49.2748321,1,0,3482,2564,104,63,0,3,2,2,32,6,0,1,2,20,0,0,0,8,0,0,0,1,0,3,5,1,0,0,13,0,0,1,32,26,5,2,8,0,0,1,0,0,0,0,0,1,1,3,0,1,0,1,0,8,0,1,4,1,1,6,1,0,5,5,0,1,3,1,0,0,3,1,0,46,0,0,0,1,1,1,0,0,0,1,0,39,0,1,0,1,0,0,1,0,0,0,2,0,4,1,12,3,0,184,0,0,19,7,14,2,21,54,174,2,0,0,183,0,2,0,7,0,1,1,0,0,0,0,23,2,0,0,0,0,0,0,0,2,0,0,0,0,0,0,0,1,0,0,0,1,0,17,0,1,0,8,3,21,0,3,0,3,0,0,0,0,31,0,0,0,0,0,1,0,0,0,2,0,0,0,1,0,0,0,0,0,0,12,1,0,37,0,0,0,3,2,0,49,0,6,0,2,11,0,0,6,0,0,0,0,4,0,0,0,0,0,5,14,0,1,21,21,3,1,23,9,0,1,61,0,1,0,4,0,0,0,11,0,4,1,0,0,33,0,49,0,0,3,0,5,0,0,0,0,0,0,0,1,0,0,0,0,0,0,1,0,0,0,0,250,0,0,31,0,0,0,8,0,3,0,46,1,0,0,186,2,1,0,1,0,0,11,0,0,2,2,0,4,0,0,0,0,0,0,0,0,0,0,25,0,0,0,0,18,1,2,0,0,0,0,0,1,0,0,20,0,0,0,1,1,0,0,0,0,0,0,0,0,0,1,6,2,1,0,6,0,1,0,67,0,0,0,0,6,6,2,1,2,0,0,0,0,1,2,0,0,4,24,0,0,1,0,0,0,0,8,0,0,0,0,0,0,0,0,0,0,0,9,38,0,0,0,0,0,0,0,0,1,0,2,3,6,2,1,0,2,1,1,4,0,3,9,0,0,21,0,0,0,0,1,0,0,0,0,0,0,0,0,1,0,0,1,0
177,1970,ESCOLA MUNICIPAL ITACELINA BITTENCOURT,"RUA SAO PAULO, 2055",GUAIRA,-25.4708347,-49.2755958,26,0,3100,2379,159,87,0,7,3,1,19,4,1,1,2,21,0,0,0,3,0,0,1,3,8,0,3,0,0,0,7,0,0,0,32,9,24,10,7,0,0,0,0,0,0,0,0,0,1,1,1,1,0,4,0,7,3,9,0,1,1,1,0,0,8,2,3,3,2,0,1,0,3,2,0,42,0,0,0,0,0,0,0,0,0,1,1,8,0,0,0,0,1,0,0,0,0,0,0,0,14,1,5,1,2,124,0,1,4,2,3,2,10,40,84,1,0,7,72,0,0,1,8,1,2,0,0,0,0,0,11,1,0,1,0,0,0,0,2,1,0,0,0,0,0,0,0,0,0,1,0,0,0,3,0,0,0,3,0,12,0,2,0,1,0,0,0,0,29,0,0,0,0,1,0,0,0,0,0,0,0,0,0,0,0,0,0,0,0,26,3,0,19,3,0,1,0,0,0,105,2,10,1,6,6,1,0,6,0,0,0,0,2,0,0,0,0,0,4,16,1,0,17,33,3,0,25,21,0,0,70,2,0,0,7,0,0,0,29,0,5,0,0,0,80,0,48,0,0,0,0,0,0,2,0,0,0,0,0,0,0,0,0,0,0,0,0,1,0,0,0,222,0,1,19,0,0,0,2,0,2,0,28,10,0,0,165,8,0,0,7,0,0,0,0,0,0,0,0,3,0,1,0,2,0,0,1,0,0,0,20,0,2,0,0,0,0,2,0,0,0,0,0,3,0,0,32,1,2,0,1,0,0,1,0,1,0,0,0,0,0,4,0,1,5,0,5,1,3,0,73,0,1,0,2,1,0,0,2,0,0,0,0,0,0,1,0,0,0,100,1,1,0,0,0,0,0,1,0,0,0,0,0,0,1,0,0,0,0,10,41,0,0,1,1,0,2,0,0,0,2,6,0,2,0,0,0,0,0,3,9,0,0,0,2,2,15,0,0,0,0,2,0,0,0,0,1,0,0,2,0,8,2,1,1
177,1988,COLEGIO ESTADUAL SANTOS DUMONT,R RIO GRANDE DO SUL 1800,GUAIRA,-25.4737822,-49.279606,26,0,2982,2293,130,82,0,0,1,2,11,6,1,0,0,28,0,1,0,5,0,0,1,1,0,2,4,0,0,1,2,0,0,0,24,17,16,8,9,0,0,0,0,0,0,0,0,0,2,1,0,0,0,4,0,4,0,1,0,4,0,2,1,1,2,5,0,8,0,0,0,0,0,0,0,25,0,0,3,0,1,2,1,0,0,0,0,11,0,0,0,0,1,0,0,0,0,0,0,0,14,3,5,0,2,108,0,0,0,1,9,0,14,47,84,0,0,4,96,0,0,0,7,3,0,0,0,0,0,0,18,1,0,0,0,0,1,0,2,0,0,0,0,0,0,0,0,1,0,0,0,0,0,11,0,4,0,7,1,6,0,0,1,2,0,0,0,0,20,0,0,0,0,0,0,1,0,0,0,0,0,0,0,1,0,0,0,0,0,22,2,0,13,1,1,0,0,1,0,131,0,18,1,6,5,1,0,9,0,0,0,0,2,0,0,1,0,0,7,4,3,0,8,31,4,1,21,17,1,0,68,1,0,0,3,0,0,0,25,0,3,0,0,0,69,0,69,1,1,0,0,0,0,2,0,0,0,0,0,0,0,0,0,0,0,0,0,0,0,0,0,229,0,0,12,0,1,0,3,0,0,0,33,5,0,0,201,4,0,0,14,0,0,0,0,0,0,0,0,4,0,0,0,0,0,0,1,0,0,0,28,0,0,1,0,3,0,3,0,0,0,2,0,1,0,0,11,0,0,0,3,0,0,1,0,1,0,0,1,0,0,1,1,0,1,0,9,0,2,0,73,0,0,0,0,5,0,0,4,0,0,0,0,0,0,1,0,0,0,80,0,0,1,0,0,3,0,2,0,0,0,0,1,0,1,0,0,0,0,2,26,0,0,0,1,1,1,0,0,0,0,0,0,1,1,0,0,1,2,2,16,0,0,2,0,0,17,0,1,0,0,2,0,0,1,0,1,0,0,3,1,6,0,0,0
177,1996,COLÉGIO ESTADUAL PROFESSOR ELIAS ABRAHÃO,"AV SENADOR SOUZA NAVES, N. 1221",CRISTO REI,-25.43142746,-49.24550214,6,0,2767,2231,75,71,0,2,0,3,15,3,0,2,3,21,0,0,0,9,0,1,0,0,1,0,5,0,0,0,19,0,0,0,9,11,6,5,7,0,0,1,0,0,0,0,1,2,0,1,0,0,0,1,0,2,2,7,2,0,0,3,2,0,11,3,1,2,3,0,0,0,4,0,1,29,1,0,0,0,0,0,0,0,1,0,0,45,0,0,0,0,0,0,0,0,0,0,0,0,4,0,6,1,0,139,0,0,9,1,6,2,13,83,103,1,0,1,95,0,0,2,7,0,0,1,0,0,0,0,20,2,0,0,0,0,1,0,0,2,0,1,0,0,0,0,0,0,0,0,0,0,0,12,0,0,0,7,1,18,0,0,0,1,0,1,0,0,24,0,0,1,0,1,0,0,0,0,5,0,0,0,2,0,0,0,0,0,0,15,1,0,25,0,0,0,2,1,0,53,0,25,0,2,3,0,2,8,0,0,0,0,2,0,0,1,0,0,3,18,0,1,31,22,2,0,20,11,0,0,74,0,1,1,6,0,0,1,13,0,1,4,0,0,17,0,64,0,0,3,1,0,0,2,0,0,0,0,0,0,0,0,0,0,0,0,1,0,0,1,1,260,0,0,28,2,0,0,5,3,3,0,37,2,1,0,176,3,0,0,3,0,0,4,0,0,0,0,0,9,0,0,0,0,0,0,1,0,0,0,18,0,0,0,0,2,0,0,0,0,0,0,2,1,0,0,9,0,1,0,3,0,0,0,1,0,0,0,0,0,0,3,2,4,2,0,4,1,3,0,53,0,0,0,0,3,2,1,4,3,0,0,1,0,0,2,0,0,1,19,0,0,0,0,0,0,0,1,0,0,0,0,0,0,1,0,0,0,0,12,36,0,0,0,0,0,0,0,0,0,0,2,0,3,0,1,0,0,0,6,5,0,1,22,0,0,38,0,0,1,0,11,0,0,0,0,0,0,1,1,1,0,0,1,0
177,2003,ESCOLA ESTADUAL NOSSA SENHORA DE FÁTIMA,"RUA SUÉCIA, N. 197, PRÓXIMO AO KM 400 DA BR 116",TARUMA,-25.43267035,-49.22852546,19,0,3769,3133,83,77,0,7,1,2,33,9,2,0,1,13,1,1,0,16,0,1,1,0,1,2,6,1,0,0,14,1,1,0,9,21,9,9,5,0,0,3,0,0,0,0,0,2,0,3,0,0,1,0,0,7,0,7,0,2,0,1,0,0,5,6,0,9,0,0,0,0,2,0,0,28,0,0,0,0,0,0,0,0,0,0,0,30,0,0,0,0,0,0,0,0,0,0,0,0,7,0,7,0,1,147,2,0,7,4,6,7,2,109,123,0,0,0,109,0,0,1,9,0,1,0,0,0,1,0,37,1,0,0,0,0,0,0,0,0,0,2,0,3,0,0,2,0,0,0,0,1,0,10,0,1,0,6,4,34,0,0,0,2,0,0,0,0,31,0,0,0,0,3,0,0,0,0,0,0,6,0,6,1,0,0,0,0,0,20,2,2,25,1,0,0,0,2,0,76,0,81,0,1,6,0,1,9,0,0,1,0,8,0,0,0,0,0,1,23,1,0,32,51,0,5,11,10,1,3,87,1,3,0,16,0,1,0,23,1,7,0,0,0,39,0,76,0,0,1,1,0,0,0,0,0,0,0,0,0,0,0,0,0,0,0,0,2,0,0,0,440,0,0,40,0,0,1,16,0,5,1,60,17,1,0,286,4,0,0,6,0,1,8,0,0,1,1,0,15,0,0,1,0,0,0,1,0,1,0,18,0,0,0,0,3,1,0,0,0,0,1,0,0,0,0,24,0,1,0,2,0,2,0,0,0,1,1,1,0,0,1,4,7,5,0,7,1,3,1,70,0,0,0,0,12,0,6,1,3,0,0,1,0,2,1,0,0,3,23,0,2,2,0,0,0,0,4,0,0,0,0,0,0,0,0,0,0,0,8,46,0,0,0,1,0,2,1,0,0,0,8,0,3,0,0,0,0,0,1,5,0,5,33,0,0,131,0,0,0,0,6,0,0,0,0,0,0,0,0,4,0,0,2,0
177,2011,CURSO POSITIVO (CENTRO),AVENIDA VICENTE MACHADO 317,CENTRO,-25.43441812,-49.27971958,1,0,1773,1303,52,30,0,2,0,3,21,4,0,0,0,6,0,0,1,4,0,0,0,0,0,2,3,0,0,0,19,0,0,0,7,11,0,1,2,0,0,0,0,0,1,0,0,1,2,2,0,0,1,0,0,2,0,2,1,0,0,3,0,0,3,0,0,0,5,0,0,0,3,0,1,14,0,1,1,0,0,0,0,0,0,0,0,36,0,0,0,0,0,0,0,0,0,0,0,0,8,0,9,0,3,78,1,0,6,2,8,2,10,31,61,1,0,2,88,0,0,1,3,0,0,0,0,0,0,0,16,1,0,0,0,0,0,0,0,0,0,0,0,0,0,0,0,0,0,0,0,0,0,9,3,0,0,1,2,29,0,1,0,2,0,0,0,1,5,0,0,0,0,0,1,0,0,0,1,0,0,0,0,0,0,0,0,0,0,8,1,0,9,1,0,0,0,0,0,26,0,8,1,0,9,0,0,0,0,0,0,0,0,0,0,0,0,0,3,3,0,0,11,13,0,1,6,3,0,0,29,0,0,0,3,0,0,0,1,0,3,0,2,0,13,3,14,0,0,6,0,0,1,0,0,0,0,0,0,0,0,0,0,0,0,0,0,0,0,0,0,129,0,1,26,0,0,0,1,0,0,0,33,0,0,0,130,0,0,0,1,2,0,3,0,0,1,0,0,6,0,0,0,0,0,0,1,0,0,0,12,0,1,0,0,2,1,0,0,0,0,0,0,0,0,0,8,0,0,0,0,0,0,0,0,0,0,1,0,0,0,2,1,0,0,0,4,0,2,0,29,0,0,0,0,5,0,3,2,1,0,0,0,0,1,0,0,1,4,7,0,0,0,0,0,0,0,3,0,0,0,0,0,1,1,0,0,0,0,10,15,0,1,0,0,0,1,0,0,0,0,1,0,2,0,0,0,3,0,2,8,0,1,10,0,0,5,0,0,0,0,3,0,0,0,0,0,0,0,1,0,1,1,1,0
177,2020,INSTITUTO DE EDUCACAO PROFESSOR ERASMO PILOTTO,R EMILIANO PERNETA 92,CENTRO,-25.4332657,-49.2739261,1,0,2721,2028,84,57,0,3,3,2,30,7,0,0,0,9,0,1,0,4,0,0,1,0,0,3,1,0,1,0,16,0,0,0,21,12,1,4,4,0,0,0,0,0,0,0,1,0,0,2,1,0,0,2,0,4,0,5,0,0,0,5,0,3,4,2,1,2,4,1,0,0,1,0,0,35,0,0,0,0,2,0,0,0,1,0,0,34,0,0,0,0,0,1,0,0,0,0,1,1,11,0,11,0,0,141,1,0,21,2,14,4,22,45,138,2,0,3,119,0,1,5,5,0,0,1,0,0,0,0,25,1,0,0,0,0,0,1,0,0,0,0,0,1,0,0,0,0,0,0,0,0,0,11,1,0,0,5,2,13,0,2,0,2,0,0,0,0,19,0,0,0,0,0,0,0,0,0,1,0,0,0,0,0,0,0,0,0,0,17,0,0,14,0,0,0,0,0,0,72,0,15,0,0,8,0,0,3,0,0,0,0,1,0,0,0,0,0,1,8,0,0,16,17,1,2,18,9,0,2,46,0,0,0,3,0,0,0,11,0,4,0,0,0,25,2,36,0,2,0,0,0,0,1,0,0,0,0,0,0,0,0,0,0,0,0,0,1,0,0,1,206,1,1,26,0,0,0,2,0,2,0,25,3,0,0,119,2,0,1,3,1,0,10,0,0,0,0,0,7,0,1,0,0,0,0,1,0,0,0,25,0,0,0,0,10,0,0,0,0,0,0,0,0,0,0,8,0,1,0,6,0,0,0,0,0,0,0,0,0,0,1,2,2,2,0,1,2,2,1,39,0,0,0,0,2,4,5,5,1,0,0,0,0,3,0,2,0,2,22,0,1,0,0,0,0,0,6,0,0,1,2,0,0,0,0,0,0,1,10,39,0,0,0,0,1,1,1,0,2,0,9,0,2,3,0,0,0,0,5,3,0,2,6,0,0,16,0,0,0,0,5,0,0,0,0,0,0,0,3,0,0,0,7,0
177,2038,FUNPAR - FUNDAÇÃO DA UNIVERSIDADE FEDERAL DO PARANÁ,"RUA JOÃO NEGRÃO, 280",CENTRO,-25.43174761,-49.26598739,1,0,756,514,24,11,0,0,0,1,5,2,0,0,0,4,0,0,0,6,0,0,0,0,0,0,1,0,0,0,1,0,0,0,7,6,1,0,2,0,0,0,0,0,0,0,0,1,0,0,0,0,0,1,0,0,0,0,0,0,0,2,0,0,1,1,0,1,3,0,0,1,1,0,0,6,1,0,1,0,0,0,0,0,0,0,0,9,0,0,0,0,0,0,0,0,0,0,0,0,6,0,6,1,1,46,0,0,3,0,0,1,4,12,34,0,0,0,36,0,1,0,0,0,0,0,0,0,0,0,7,0,0,0,0,0,0,0,0,0,0,0,0,0,0,0,0,0,0,0,0,0,0,3,0,0,0,3,2,1,0,0,0,0,0,0,0,0,6,0,0,0,0,0,0,0,0,0,0,0,0,0,0,0,0,0,0,0,0,4,0,0,5,0,0,0,0,0,0,13,0,2,0,0,1,0,1,1,0,0,0,0,0,0,0,0,0,0,1,4,0,0,1,2,0,0,3,1,0,0,17,0,0,0,0,0,0,0,0,0,0,0,0,0,6,1,4,0,0,0,0,0,0,0,0,0,0,0,0,0,0,0,0,0,0,0,0,0,0,0,0,46,0,0,4,0,0,0,1,0,0,0,9,1,0,0,33,1,1,0,0,0,0,3,0,0,0,0,0,2,0,0,0,0,0,0,0,0,0,0,6,0,0,0,0,3,0,0,0,0,0,0,0,0,0,1,4,0,1,0,2,0,0,0,0,0,0,0,0,0,0,0,1,0,1,0,0,1,0,0,10,0,0,0,0,1,1,2,0,0,0,0,0,0,0,0,0,0,1,2,0,0,0,0,0,0,1,8,0,0,0,0,0,0,0,0,0,0,0,0,9,0,0,0,1,0,0,0,0,0,0,2,0,1,0,0,0,0,0,0,0,0,0,1,1,0,4,0,0,0,0,3,0,0,0,0,0,0,0,0,2,1,0,2,0
177,2046,PONTIFICIA UNIVERSIDADE CATOLICA DO PARANÁ (PUC/PR),R IMACULADA CONCEICAO  1155,PRADO VELHO,-25.4503845,-49.252038400000004,24,0,6188,4729,274,153,0,3,1,12,55,7,3,0,1,39,1,0,0,16,1,0,0,1,5,4,8,0,0,0,17,0,0,0,94,28,97,16,16,1,0,0,0,0,0,0,0,1,4,4,0,0,3,3,0,9,3,8,2,0,3,0,0,0,6,33,0,10,2,0,4,0,0,0,1,92,0,1,2,3,0,0,0,0,1,1,4,46,0,0,0,2,1,3,1,0,0,0,1,0,17,1,31,4,7,399,2,0,18,4,6,1,30,93,221,2,0,8,232,0,3,0,12,2,6,0,0,0,0,0,38,1,0,1,0,0,0,0,1,1,0,0,0,3,0,0,0,3,0,0,1,0,0,19,1,5,0,4,2,27,0,0,0,10,1,0,1,0,33,0,0,0,0,1,0,1,0,0,5,0,0,0,18,0,1,0,0,0,0,26,0,1,29,0,0,0,0,0,0,174,0,26,0,1,22,0,0,14,3,0,0,0,3,0,0,3,0,0,21,16,0,0,20,38,4,1,8,32,0,3,112,3,3,0,4,1,2,0,37,0,1,0,0,1,83,0,84,0,0,3,0,0,0,4,0,0,0,0,0,0,0,0,0,0,0,0,0,8,1,0,1,337,1,0,20,0,1,1,3,0,2,1,53,4,0,0,310,9,0,0,5,0,0,4,0,0,1,0,0,7,0,1,0,1,0,0,0,0,3,0,48,0,0,5,0,11,0,1,0,0,0,0,0,1,0,0,99,0,1,0,1,0,0,1,1,3,1,0,0,0,0,2,12,6,1,1,81,1,5,1,110,0,0,0,0,12,11,3,8,1,0,0,0,0,0,7,0,0,3,89,0,0,0,0,0,2,0,6,2,0,0,1,0,0,2,0,0,0,1,12,69,0,0,0,1,0,1,1,0,0,0,5,0,6,1,0,0,1,0,4,38,2,3,14,0,0,48,0,3,0,0,5,0,0,1,0,0,0,0,6,0,20,0,6,0
177,2054,COLÉGIO DECISIVO DO CRISTO REI - SUBSEDE I,"RUA DO HERVAL, N. 801",CRISTO REI,-25.43260986,-49.24869757,6,0,5476,4472,126,121,0,4,0,5,47,12,2,0,0,43,0,1,0,21,0,0,0,1,3,6,7,1,0,0,29,0,0,0,14,29,22,4,7,0,0,0,0,0,0,0,0,1,3,6,0,0,2,1,0,9,0,4,2,2,4,6,0,0,8,11,1,1,6,0,0,0,3,1,0,47,3,0,0,1,0,1,0,0,3,2,0,96,0,0,0,0,0,0,0,0,0,0,0,0,12,1,14,4,4,262,1,0,16,6,9,9,13,94,204,2,0,1,304,0,1,2,11,1,3,1,0,0,0,0,67,1,0,0,0,0,0,0,0,0,0,2,0,2,0,0,1,0,0,0,0,0,0,27,0,0,0,21,2,56,0,0,0,2,0,0,0,0,34,0,0,0,0,0,0,1,0,0,2,1,0,1,3,2,0,0,0,2,0,15,0,0,52,1,0,1,0,1,0,121,0,79,0,3,16,1,2,17,0,0,1,0,2,0,0,1,0,0,3,11,2,0,56,43,4,0,35,9,2,0,118,0,1,1,11,0,2,0,17,0,4,0,0,0,39,0,87,0,0,4,2,0,0,2,0,0,0,0,0,1,0,0,0,0,0,0,0,3,1,0,0,464,1,1,94,0,0,0,17,5,1,0,102,3,0,0,382,5,0,0,5,4,0,19,0,0,5,1,1,12,0,1,0,0,0,0,0,0,0,0,36,0,0,0,0,8,2,0,0,0,0,0,0,11,0,0,43,0,6,0,1,0,0,0,0,0,1,0,0,0,0,6,9,9,2,0,4,2,8,0,87,0,0,1,0,16,2,5,5,0,0,0,3,0,0,2,0,0,2,25,0,0,0,0,0,0,2,19,0,0,1,0,0,0,1,0,0,0,0,25,80,0,1,0,0,0,1,0,0,1,1,12,0,24,0,1,0,0,0,17,10,1,7,27,0,0,96,2,0,2,0,9,0,0,1,0,0,0,0,3,0,3,0,4,0
177,2062,COLÉGIO ESTADUAL PAULO LEMINSKI,"AV CORONEL AUGUSTO DE ALMEIDA GARRET, N. 135, PRÓXIMO AO DETRAN",TARUMA,-25.42874167,-49.21117571,19,0,2791,2244,101,71,0,1,0,4,19,2,0,0,0,19,0,0,0,9,1,0,0,1,1,4,6,0,0,0,5,0,0,0,21,21,1,3,5,0,0,6,0,0,0,2,0,3,1,0,0,0,0,1,0,4,0,2,0,1,0,2,0,0,2,7,0,7,1,0,0,0,0,0,0,45,0,0,2,0,2,1,0,1,0,0,0,12,0,0,0,0,0,0,0,0,0,0,0,0,11,2,8,0,1,118,2,0,3,2,1,2,6,39,98,0,0,4,67,0,1,0,5,1,2,0,0,0,0,0,18,2,0,1,0,0,0,0,0,0,0,0,0,1,0,0,0,0,0,0,0,0,0,9,0,0,0,4,3,18,0,1,0,0,0,0,0,0,19,0,0,1,0,0,0,0,0,0,1,0,2,0,11,0,0,0,0,0,0,15,1,0,19,2,0,0,0,2,0,100,0,84,0,1,5,0,0,5,1,0,0,0,4,0,0,0,0,1,6,4,1,0,21,25,2,0,11,7,0,0,38,1,2,0,9,0,0,0,19,0,2,0,1,0,45,0,45,0,1,1,0,0,0,4,0,0,0,0,0,0,0,0,0,0,0,0,0,0,0,0,0,232,0,1,23,0,0,0,6,0,1,0,28,2,0,0,157,1,0,0,4,1,0,1,0,0,0,0,0,3,0,3,0,0,0,0,0,0,0,0,16,0,0,0,0,1,0,0,0,0,0,0,1,0,0,1,14,0,2,0,2,0,0,1,0,2,0,0,0,0,0,0,2,1,4,0,9,0,1,0,67,0,0,1,2,1,0,1,1,1,0,1,0,0,0,0,0,0,0,25,0,0,1,0,0,0,0,4,0,0,0,0,0,0,1,0,0,0,0,13,28,0,0,0,0,0,0,0,0,1,0,1,1,5,0,1,0,2,0,0,8,0,0,17,0,0,184,1,1,0,0,1,0,0,0,0,0,0,0,0,3,4,0,1,0
177,2070,COLEGIO ESTADUAL DO PARANA,AV JOAO GUALBERTO   250,CENTRO,-25.42413641,-49.26681627,1,0,5010,3854,127,79,0,0,0,5,49,9,2,0,2,21,0,0,0,20,0,0,0,0,0,6,6,0,0,0,14,0,0,0,13,13,12,11,7,1,0,1,0,0,0,0,0,1,1,1,0,1,1,1,1,7,2,7,1,1,1,3,0,0,8,5,0,0,9,0,0,0,4,0,2,60,1,0,1,0,1,1,0,0,0,0,0,98,0,0,0,0,0,1,0,0,0,0,0,0,15,1,19,1,3,426,1,0,55,3,31,1,35,92,322,4,0,6,490,0,4,2,5,1,1,2,0,0,0,0,51,2,0,1,0,0,1,0,1,1,0,3,0,1,0,0,1,1,1,0,0,0,0,29,0,2,1,6,1,29,1,0,0,0,0,0,0,2,16,0,0,1,0,2,0,0,0,0,2,0,1,0,0,0,0,0,0,1,0,12,2,0,16,0,0,0,1,0,0,71,0,15,0,0,16,0,0,11,1,0,0,0,2,0,0,0,0,0,2,6,1,0,26,32,5,2,17,7,2,2,75,1,1,1,17,0,0,1,13,0,3,0,0,1,38,4,55,0,0,2,1,0,3,0,0,1,0,0,0,0,0,0,0,0,0,0,0,2,0,1,0,308,0,0,39,0,0,0,6,0,4,0,56,1,0,0,237,4,1,0,0,3,0,11,0,1,2,0,0,4,0,0,2,0,0,0,0,0,0,0,59,0,0,0,0,18,1,0,0,0,0,1,0,0,0,0,14,0,1,0,5,0,0,1,1,2,1,1,0,1,0,4,5,4,2,0,7,6,4,0,50,0,0,0,1,3,2,5,7,5,0,0,0,0,2,0,1,0,2,19,0,3,0,0,0,0,1,20,0,0,1,0,0,0,2,0,0,0,0,12,43,0,0,1,1,0,1,0,0,3,0,4,0,9,0,0,0,2,0,2,8,1,1,2,1,0,34,0,0,0,0,8,0,0,0,0,0,0,0,0,1,4,0,10,0
177,2127,LAR DOS IDOSOS - RECANTO DO TARUMÃ,"RUA KONRAD ADENAUER, 576",TARUMA,-25.425063,-49.214813,19,0,126,100,6,0,0,0,0,0,1,0,0,0,0,0,0,0,0,1,0,0,0,0,0,0,0,0,0,0,0,0,0,0,0,0,1,0,0,0,0,0,0,0,1,0,0,0,0,0,0,0,0,0,0,0,0,1,0,0,0,0,0,0,0,0,0,1,0,0,0,0,0,0,0,2,0,0,0,0,0,0,0,0,0,0,0,1,0,0,0,0,0,0,0,0,0,0,0,0,1,0,0,0,0,4,0,0,0,0,1,0,0,0,1,0,0,0,0,0,0,1,0,0,0,0,0,0,0,0,0,0,0,0,0,0,0,0,0,0,0,0,0,0,0,0,0,0,0,0,0,0,0,0,0,0,0,0,0,1,0,0,0,0,0,0,0,0,0,0,0,0,0,0,0,1,0,0,0,0,0,0,0,0,1,0,0,0,0,0,0,0,1,0,0,0,0,0,0,1,0,1,0,0,0,0,0,0,0,0,0,0,0,0,0,0,0,0,0,1,0,0,0,0,0,0,3,0,0,0,0,0,1,0,0,0,0,0,0,0,0,0,0,0,1,0,7,0,0,0,0,0,0,0,0,0,0,0,0,0,0,0,0,0,0,0,0,0,0,0,0,4,0,0,1,0,0,0,0,0,0,0,0,0,0,0,4,0,0,0,0,0,0,0,0,0,0,0,0,0,0,0,0,0,0,0,0,0,0,0,0,0,0,0,0,0,0,0,0,0,0,0,0,0,0,0,0,0,0,0,0,3,0,0,0,0,0,0,0,0,0,0,0,0,0,0,1,0,0,0,0,0,0,0,0,0,1,0,0,0,0,0,0,0,0,0,0,0,0,1,0,0,0,0,0,0,0,0,0,0,0,0,0,0,0,0,0,0,0,20,0,0,1,0,0,0,0,0,0,0,0,0,0,0,0,0,0,0,0,0,19,0,0,0,0,0,3,0,0,0,0,0,0,0,0,0,0,0,0,0,0,0,0,0,0
177,2186,HOSPITAL OSWALDO CRUZ,"RUA AMINTAS DE BARROS, 816",ALTO DA RUA XV,-25.425187,-49.258813,5,0,223,186,5,0,0,0,0,0,3,0,0,0,0,1,0,0,0,1,0,0,0,0,0,0,0,0,0,0,0,0,0,0,0,0,0,0,1,0,0,0,0,0,0,0,0,0,0,0,0,0,0,1,1,0,0,0,0,0,0,0,0,0,1,0,0,0,1,0,0,0,0,0,0,0,0,0,0,0,0,0,0,0,0,0,0,5,0,0,0,0,0,0,0,0,0,0,0,0,0,0,1,0,1,19,0,0,2,2,3,0,1,2,15,0,0,0,25,0,0,0,0,1,0,0,0,0,0,0,4,0,0,0,0,0,0,0,0,0,0,0,0,0,0,0,0,0,0,0,0,0,0,1,0,0,0,0,0,2,0,0,0,0,0,0,0,0,0,0,0,0,0,1,0,0,0,0,0,0,0,0,0,0,0,0,0,0,0,0,0,0,1,0,0,0,0,0,0,6,0,1,0,0,0,0,0,0,0,0,0,0,0,0,0,0,0,0,0,0,0,0,4,3,0,0,1,1,0,0,1,0,0,0,2,0,0,0,0,0,0,1,0,0,0,0,2,0,0,0,0,0,0,0,0,0,0,0,0,0,0,0,0,0,0,0,0,0,0,0,0,13,0,0,2,0,0,0,2,0,0,0,2,0,0,0,11,0,0,0,1,0,0,0,0,0,1,0,0,1,0,0,0,0,0,0,0,0,0,0,1,0,0,0,0,0,0,0,0,0,0,0,0,1,0,0,1,0,0,0,0,0,0,0,0,0,0,0,0,0,0,0,0,0,0,0,0,1,0,0,1,0,0,0,0,0,0,0,1,0,0,0,0,0,0,0,0,0,1,2,0,0,0,0,0,0,0,0,0,0,0,0,0,0,0,0,0,0,0,2,4,0,0,0,0,0,0,0,0,0,0,2,0,0,0,0,0,0,0,0,2,0,0,2,0,0,4,0,0,1,0,0,0,0,1,0,0,0,0,0,0,1,0,1,1
177,2194,ESCOLA MUNICIPAL SÃO LUIZ,RUA SILVEIRA PEIXOTO,ÁGUA VERDE,-25.452813,-49.281688,9,0,2560,2057,58,49,0,0,1,1,19,4,2,0,0,14,0,0,1,9,0,0,0,1,0,2,6,0,1,0,12,0,0,0,10,19,11,0,3,0,0,1,0,0,0,0,0,1,1,3,0,0,0,0,0,2,0,7,3,2,1,3,0,1,6,2,0,0,2,0,0,0,3,0,0,18,0,0,0,0,0,0,0,0,0,0,0,38,0,0,0,0,0,0,0,0,0,0,0,0,8,2,7,0,1,119,0,0,8,8,3,1,6,33,85,0,0,0,118,0,0,0,9,0,0,0,0,0,0,0,21,0,0,0,0,0,0,0,0,2,0,0,0,1,0,0,0,0,0,0,0,0,0,17,0,0,0,4,0,21,1,0,0,3,0,0,0,0,35,0,0,0,0,0,0,1,0,0,4,0,0,0,1,0,0,0,0,0,0,16,1,0,6,1,0,0,0,0,0,41,0,19,1,3,10,1,1,5,0,0,0,0,6,0,1,0,0,1,4,9,0,0,18,28,2,0,17,6,0,2,69,0,2,0,5,0,1,0,14,0,3,0,0,0,14,2,31,1,0,2,0,0,1,0,0,0,0,0,0,0,0,0,0,0,0,0,0,0,0,0,0,268,0,1,39,0,0,0,4,0,2,0,59,2,0,0,192,0,1,0,6,0,0,11,0,0,0,0,0,4,0,0,0,0,0,0,0,0,0,0,20,0,0,0,0,5,0,0,1,0,0,2,1,3,0,0,21,0,3,0,2,0,1,0,0,0,0,0,0,0,0,7,3,5,2,0,2,2,5,1,36,0,0,0,0,2,1,6,3,3,1,0,0,0,1,2,0,0,0,19,0,0,0,0,0,0,0,8,0,0,0,0,0,0,1,0,0,0,0,18,45,0,0,0,0,0,1,0,0,1,0,7,0,5,0,2,0,3,0,2,6,0,1,2,0,0,18,0,0,0,0,5,0,0,0,0,0,0,0,2,0,1,0,0,0
177,2208,SOCIEDADE RECREATIVA INTERNACIONAL DA AGUA VERDE,"AVENIDA REPÚBLICA ARGENTINA, 235",ÁGUA VERDE,-25.448687,-49.287312,9,0,1572,1235,39,25,0,0,0,0,9,5,0,0,0,10,0,0,0,11,0,1,0,0,0,2,3,1,1,1,10,0,0,0,4,13,0,1,3,0,0,1,0,0,0,0,0,1,0,0,0,0,0,2,0,4,1,6,0,0,1,5,0,0,2,6,0,0,1,0,0,0,2,0,1,12,0,1,0,0,0,0,0,0,0,0,0,26,0,0,0,0,0,0,0,0,0,0,0,0,4,0,9,0,2,73,0,0,3,2,0,1,2,28,56,0,0,0,56,0,1,3,3,0,1,0,0,0,0,0,10,1,0,1,0,0,0,0,0,1,0,1,0,1,0,0,0,0,0,0,0,0,0,7,0,1,0,2,0,14,0,1,0,2,0,0,0,0,10,0,0,2,0,0,0,2,0,0,0,0,1,0,1,0,0,0,0,0,0,10,1,1,15,1,0,0,2,3,0,29,0,11,0,0,5,0,0,1,0,0,0,0,1,0,1,1,0,1,1,7,0,0,13,18,1,1,7,4,0,0,42,0,0,0,6,0,0,1,4,0,2,0,0,0,13,0,21,0,0,2,0,0,0,1,0,0,0,0,0,0,1,0,0,0,0,0,0,0,0,0,0,150,1,1,23,0,0,0,3,0,0,0,37,0,0,0,131,2,0,0,2,0,0,7,0,0,1,0,0,9,0,0,0,0,0,0,0,0,0,0,12,0,0,0,0,0,0,0,0,0,0,0,0,2,0,0,6,0,0,0,1,0,0,0,0,0,0,1,0,0,0,3,2,0,0,0,0,0,0,0,16,0,0,0,0,8,0,2,0,0,0,0,0,0,4,0,0,0,0,7,0,0,0,0,0,0,1,0,0,0,0,0,0,0,1,0,0,0,0,3,21,0,1,0,1,0,2,0,0,1,0,1,0,2,0,0,0,2,0,0,1,0,1,6,0,0,13,0,0,0,0,3,1,0,0,0,0,0,0,0,0,1,0,1,0
178,1201,COLÉGIO IMACULADA CONCEIÇÃO,AVENIDA MANOEL RIBAS  6318,SANTA FELICIDADE,-25.40225054,-49.33119197,63,0,6638,5557,191,134,0,9,0,8,40,4,3,0,4,56,1,0,0,29,0,0,0,1,1,3,10,0,0,0,39,0,0,0,35,167,11,8,54,0,0,1,2,0,0,0,1,8,7,9,1,1,0,3,0,15,3,14,0,0,2,14,0,0,28,3,0,9,33,0,0,0,2,2,0,62,0,0,3,0,0,1,0,0,1,5,2,75,0,0,0,0,1,0,0,0,0,0,0,0,24,3,19,3,1,228,0,0,12,9,2,5,6,89,168,0,0,0,163,0,0,2,16,1,2,1,0,0,2,0,42,2,0,0,0,0,1,0,0,0,0,2,0,2,0,0,1,2,0,0,0,0,1,38,0,0,0,17,9,54,0,2,0,3,1,0,0,0,60,1,0,0,0,1,0,1,0,0,0,0,0,0,4,0,0,0,0,0,0,26,16,0,37,0,2,0,0,0,0,144,0,36,0,3,23,0,0,9,0,1,3,0,7,0,0,0,0,0,3,44,0,0,53,100,0,3,77,5,0,0,201,0,1,0,22,0,0,0,35,0,7,0,0,0,82,2,142,1,1,0,0,0,0,2,0,0,0,0,0,1,0,0,0,0,0,0,0,0,0,0,0,646,0,2,74,0,0,0,8,0,5,1,119,3,1,1,618,9,1,1,6,0,1,11,0,0,1,0,0,9,0,0,0,0,0,0,1,0,0,0,31,0,0,0,0,4,0,0,0,0,0,1,0,1,0,1,67,0,5,0,6,0,0,0,0,0,0,0,0,0,0,4,2,20,3,1,10,1,4,0,154,0,1,0,1,28,3,18,5,2,0,0,4,0,0,3,0,0,2,46,1,0,3,0,0,0,1,4,0,0,1,0,0,0,1,1,0,0,0,36,217,1,1,0,6,0,8,2,1,1,0,13,0,7,4,0,0,4,0,3,19,0,1,11,6,0,28,0,3,0,1,6,0,0,0,0,0,0,0,5,2,4,0,4,0
178,1210,COLÉGIO ESTADUAL ÂNGELO VOLPATO,RUA JOAO VALLE 23,SANTA FELICIDADE,-25.39754455,-49.3188192,63,0,3784,3075,171,122,0,7,0,5,32,6,4,0,1,26,2,1,0,14,0,0,1,0,4,2,5,1,0,0,17,0,0,0,18,85,7,16,29,0,0,0,0,0,0,0,0,0,3,3,1,0,2,1,0,6,1,16,0,1,0,5,0,0,18,6,0,2,5,0,1,0,3,2,2,28,0,0,4,0,0,0,0,0,1,3,3,29,0,0,0,0,0,0,0,0,0,0,0,0,7,0,14,3,2,139,2,1,1,0,3,1,4,49,116,0,0,1,108,0,0,5,8,0,0,2,0,0,0,0,32,0,0,1,0,0,0,0,0,1,0,3,0,4,0,0,0,0,0,0,0,0,0,28,0,0,0,8,3,25,0,0,0,4,1,0,0,0,40,0,0,0,0,2,0,0,0,0,0,0,0,0,3,0,0,2,0,0,0,29,1,1,28,0,0,0,1,1,0,108,0,20,0,5,8,0,0,3,0,0,0,0,5,0,0,0,0,0,2,13,0,0,28,42,0,6,16,4,2,0,62,0,3,0,13,0,0,0,24,1,4,0,0,1,62,2,91,0,1,2,0,0,1,0,0,0,0,0,0,1,0,0,0,2,0,0,0,1,0,0,0,274,0,1,33,0,0,0,4,0,4,0,62,2,0,0,244,1,0,0,0,1,0,2,0,0,1,0,0,7,0,0,0,0,0,0,2,0,0,0,13,0,0,0,0,2,2,1,0,0,0,2,0,1,0,0,58,0,1,0,6,0,0,0,1,0,4,0,0,0,0,1,0,15,1,0,12,2,6,1,114,0,0,0,2,8,1,10,1,1,0,0,0,0,0,4,0,0,0,28,0,1,0,0,0,0,1,2,0,0,0,0,0,0,0,0,0,0,0,12,116,0,0,0,7,0,5,1,0,2,0,2,0,0,0,0,0,1,0,1,9,0,0,7,2,0,15,0,1,0,0,3,0,0,0,1,3,0,0,0,0,8,0,0,0
178,1228,COLÉGIO ESTADUAL PROFESSOR FRANCISCO ZARDO,AVENIDA MANOEL RIBAS 7149,SANTA FELICIDADE,-25.39928334,-49.33899085,63,0,3948,3184,158,106,0,6,1,4,18,3,2,0,0,24,0,0,0,15,0,0,0,1,0,1,7,0,1,0,20,0,0,0,30,79,6,7,48,1,0,0,2,0,0,0,0,2,2,1,1,2,0,1,0,5,1,9,1,1,0,5,0,0,12,2,0,8,26,0,0,0,1,0,1,40,1,0,1,0,0,0,0,0,0,7,0,21,1,0,0,0,1,0,0,0,0,1,2,0,7,3,10,2,2,142,2,0,3,0,3,1,10,34,98,0,0,2,85,0,0,3,7,1,3,0,0,0,0,0,36,0,0,1,0,0,0,2,0,0,0,1,0,1,0,0,0,0,0,0,0,1,0,20,0,0,0,1,2,17,0,0,0,3,0,1,0,1,35,0,0,1,0,0,2,1,0,0,1,0,0,0,0,0,0,0,0,0,0,31,3,0,27,0,0,0,0,0,0,137,0,12,0,3,11,2,0,13,1,0,0,0,2,0,0,1,0,0,8,21,1,0,24,65,1,0,19,8,0,1,82,0,3,0,11,0,0,1,17,0,3,0,0,0,44,1,101,0,0,3,0,3,0,1,0,0,0,0,0,0,0,0,0,0,0,0,1,1,0,0,0,327,0,1,26,0,0,0,5,0,0,0,64,3,0,0,315,5,1,0,3,1,0,5,0,1,1,0,0,6,0,0,0,0,0,0,0,0,0,0,28,0,0,0,0,2,0,0,0,0,0,0,0,0,0,0,44,0,1,0,6,0,0,0,1,0,0,1,1,0,0,0,2,24,3,0,11,1,3,0,100,0,2,0,0,9,0,19,4,1,0,0,1,0,1,4,1,0,1,33,1,0,0,0,0,0,1,4,0,0,0,0,1,0,0,1,0,0,0,19,90,0,1,0,4,1,8,1,0,0,0,6,0,3,1,1,0,2,1,2,17,0,0,5,2,0,24,0,1,0,0,3,0,0,0,2,0,0,0,3,3,3,0,1,0
178,1236,COLÉGIO ESTADUAL SANTA FELICIDADE,"RUA BORTOLO PAULIN, 227",SANTA FELICIDADE,-25.40656738,-49.33910441,63,0,2767,2271,78,73,0,1,0,8,20,1,1,1,0,17,1,1,0,13,0,0,0,0,0,1,2,0,0,0,15,0,0,0,21,51,10,4,41,0,0,0,0,0,0,0,0,2,3,5,1,0,0,0,0,5,0,1,0,1,2,4,0,1,7,3,0,7,5,1,0,0,2,1,0,36,0,1,1,0,0,1,0,0,2,7,0,27,0,0,0,0,0,0,0,0,0,0,0,0,3,2,5,0,0,112,2,0,3,3,1,1,6,46,89,0,0,0,74,0,3,3,10,0,2,1,0,0,0,0,23,0,0,0,0,2,4,0,0,2,1,0,0,0,0,0,0,1,0,0,0,0,0,11,1,0,0,6,1,17,0,0,0,4,1,0,0,0,19,0,0,0,0,2,0,0,0,0,0,0,0,0,0,0,0,0,0,0,0,6,3,0,18,1,0,0,0,0,0,74,0,15,0,2,8,0,0,16,0,0,0,0,2,0,0,0,0,0,1,14,0,0,13,37,1,0,17,6,0,0,73,0,1,0,8,0,0,0,9,1,3,0,0,0,39,0,62,0,1,0,1,0,0,1,0,0,0,0,1,1,0,0,0,0,0,0,0,0,0,0,0,242,0,1,30,0,0,0,2,0,3,0,56,1,0,0,228,4,0,0,6,0,0,5,0,0,0,0,0,3,0,0,0,0,0,0,1,0,0,0,12,0,0,0,0,0,0,1,0,0,0,1,0,0,0,0,25,0,2,0,5,1,0,0,0,0,3,1,0,0,0,1,0,8,1,0,3,1,8,0,67,0,1,0,0,6,0,7,1,0,0,0,0,0,0,0,0,0,0,15,0,0,0,0,0,0,0,1,0,0,0,0,0,0,0,0,0,0,0,10,66,0,2,0,3,0,2,0,0,0,0,7,0,2,1,0,0,2,0,0,10,1,3,2,2,0,18,0,0,0,0,2,0,0,0,0,0,0,0,0,0,2,0,1,0
178,1244,ESCOLA MUNICIPAL FOZ DO IGUACU,"RUA JOAO REFFO, 1304",SANTA FELICIDADE,-25.38094566,-49.33416337,63,0,3730,3070,163,118,0,4,1,5,25,1,3,1,1,30,2,2,0,7,0,1,0,0,3,2,5,0,0,0,10,0,0,1,42,69,11,17,28,0,0,0,0,0,1,1,0,1,2,2,1,0,0,0,0,2,5,8,1,0,3,3,0,0,9,7,0,8,8,0,0,0,0,0,1,44,0,0,4,1,2,1,1,0,0,11,1,31,0,0,0,0,2,0,0,0,0,0,0,0,10,0,18,0,3,114,1,1,6,2,2,0,8,46,109,1,1,2,107,0,0,2,7,0,1,0,0,0,0,0,32,2,0,2,0,0,1,0,0,2,0,0,0,1,0,0,0,0,0,0,0,0,0,28,0,0,0,8,5,25,0,0,0,4,0,2,0,0,36,0,0,0,0,0,1,0,0,0,1,0,1,1,0,0,0,0,0,0,0,21,1,0,28,1,0,1,0,0,0,113,0,4,0,3,4,0,0,3,0,1,0,0,9,0,0,2,0,0,8,18,1,0,26,33,2,1,24,1,0,2,90,2,2,0,37,0,1,0,62,0,3,0,0,0,59,2,85,1,0,0,0,0,1,0,0,0,0,0,0,1,0,0,0,0,0,0,0,2,0,0,0,306,1,0,26,1,0,1,5,0,2,0,30,1,1,0,228,2,0,0,1,0,0,2,0,0,0,3,1,4,0,1,0,0,0,0,1,0,0,0,14,0,0,0,0,3,0,1,0,0,0,0,0,0,0,0,57,1,1,0,1,0,0,0,0,0,0,0,0,0,0,3,2,14,3,1,7,2,5,0,109,0,3,0,0,8,3,14,0,0,1,3,0,0,1,1,0,0,2,39,0,0,0,0,0,0,1,1,0,0,0,0,0,0,1,0,0,0,0,9,96,0,0,0,4,1,5,0,0,0,0,6,1,2,4,0,0,1,0,2,8,0,0,4,3,0,28,1,1,1,0,2,0,0,0,0,0,0,0,1,0,7,0,3,0
178,1295,COLÉGIO ESTADUAL PINHEIRO DO PARANÁ,"RUA DANIEL CESARIO PEREIRA,  559",SANTA FELICIDADE,-25.38617612,-49.33281159,63,0,1983,1604,85,58,0,1,0,4,17,4,1,0,0,14,0,0,0,5,1,2,0,1,1,0,6,0,0,0,8,0,0,0,10,35,4,13,17,0,0,0,0,0,0,0,0,0,0,0,1,1,0,0,0,1,0,6,0,0,0,0,0,0,3,1,0,3,3,0,0,0,0,1,0,21,0,0,0,0,0,0,0,0,0,2,0,9,0,0,0,0,0,0,0,0,0,0,0,0,8,1,5,0,2,75,0,0,4,1,0,1,1,32,63,0,0,0,45,0,0,3,5,0,0,0,0,0,0,0,19,0,0,0,0,0,0,0,1,0,0,0,0,0,0,0,0,0,0,0,0,0,0,13,0,0,0,2,3,8,0,0,0,3,0,0,0,0,21,0,0,0,0,0,0,0,0,0,2,0,0,0,0,0,0,0,0,0,0,13,1,0,14,0,0,0,0,0,0,71,0,9,0,1,3,0,0,3,0,0,0,0,1,0,0,0,0,0,4,10,0,0,10,13,1,0,10,2,0,1,52,1,2,1,17,0,0,0,14,0,3,0,0,0,27,1,43,0,0,0,0,0,0,0,0,0,0,0,1,0,0,0,0,0,0,0,0,1,0,0,0,154,0,0,13,0,0,0,2,0,3,0,32,0,0,0,148,2,0,0,1,0,0,4,0,0,0,0,0,2,0,0,0,0,0,0,0,0,0,0,15,0,0,0,0,0,0,0,0,0,0,0,0,0,0,0,29,0,1,0,1,0,0,0,0,0,0,0,1,0,0,0,5,3,0,0,10,0,3,0,56,0,0,0,1,11,0,6,1,0,0,1,0,1,0,0,0,0,0,14,0,1,1,0,0,0,0,4,0,0,0,0,0,0,0,0,0,0,0,6,38,0,2,0,0,0,0,0,0,2,0,1,0,1,0,0,0,1,2,0,4,0,0,1,1,0,21,0,0,1,0,2,0,0,0,0,0,0,0,1,0,4,2,1,0
178,1309,ESCOLA MUNICIPAL PROFESSORA SÔNIA MARIA COIMBRA KENSKI,RUA WANDA WOLFF1186 -CJ MONTE VERDE,SANTA FELICIDADE,-25.37554193,-49.32739078,63,0,1496,1241,66,42,0,1,1,2,13,0,0,0,0,12,1,1,0,4,0,0,0,0,0,2,2,0,0,0,1,0,0,0,18,29,2,2,7,0,0,0,0,0,0,0,0,0,3,0,0,0,0,0,0,1,0,0,0,0,0,2,0,0,12,1,0,3,1,0,0,0,0,0,0,23,0,0,0,0,1,0,0,0,1,4,0,9,0,0,0,0,0,1,0,0,0,0,0,0,3,0,3,0,1,72,0,0,3,2,2,0,3,18,47,0,0,1,37,2,0,1,4,0,1,0,0,0,1,0,15,0,0,0,0,0,0,0,0,1,0,3,0,0,0,0,0,0,0,0,0,0,0,11,0,1,0,2,2,11,0,0,0,0,0,0,0,0,8,0,0,0,0,0,0,0,0,0,3,0,0,0,0,0,0,0,0,0,0,5,0,1,5,0,0,0,0,0,0,69,0,6,0,1,3,0,0,2,0,0,0,0,2,0,0,0,0,0,2,8,1,0,7,21,1,0,7,0,0,0,29,1,0,0,17,0,0,1,22,0,1,0,0,0,19,0,32,0,0,0,0,0,0,0,0,0,0,0,0,0,0,2,0,0,0,0,0,0,0,0,0,105,0,1,8,0,0,2,3,0,1,0,18,0,1,0,111,3,0,0,2,0,0,0,0,0,1,0,0,2,0,1,0,0,0,0,0,0,0,0,14,0,0,0,2,2,0,1,0,0,0,0,0,0,0,0,22,0,0,0,3,0,0,0,0,0,0,0,1,0,0,0,0,7,0,0,3,2,4,0,41,0,0,0,0,2,0,10,1,1,0,0,1,0,0,2,0,0,0,8,0,0,0,0,0,0,0,0,0,0,0,0,0,0,0,0,1,0,0,4,29,0,0,0,1,0,3,0,0,0,0,0,0,2,1,0,0,1,0,0,3,0,0,1,0,0,8,0,0,0,0,5,0,0,0,0,0,0,0,0,0,2,0,3,0
178,1635,ESCOLA BAMBINATA,RUA BASSAMO DE GRAPPA 625,SANTA FELICIDADE,-25.39796666,-49.32185856,63,0,1958,1621,50,42,0,0,0,1,8,2,0,0,0,5,0,0,0,8,0,3,0,1,0,1,1,0,0,0,14,0,0,0,14,28,6,3,14,0,0,0,0,0,0,0,0,2,1,1,0,0,0,0,0,2,1,2,0,0,0,2,0,0,5,5,0,2,2,0,1,0,4,1,0,18,0,0,0,0,0,0,0,0,0,1,0,18,0,0,0,1,0,0,0,0,0,0,0,0,6,0,5,0,0,82,2,0,1,3,0,2,1,25,48,0,1,0,72,0,0,3,10,0,0,1,0,0,0,0,31,0,0,1,0,0,0,0,0,1,1,0,0,0,0,0,0,0,0,0,0,1,0,18,0,0,0,5,2,17,0,1,0,1,2,0,0,0,22,0,0,1,0,0,0,0,0,0,0,2,0,0,0,0,0,0,0,0,0,7,2,0,18,0,0,0,0,0,0,57,0,15,0,3,7,0,0,5,0,0,0,0,4,0,0,0,0,0,3,12,0,0,18,10,2,2,8,3,0,0,47,0,0,0,9,0,0,0,9,0,6,0,1,0,19,0,52,0,0,1,0,0,2,0,0,0,0,0,0,0,0,0,0,0,0,0,0,1,0,0,0,171,0,1,16,0,0,0,8,0,0,0,44,0,1,0,189,0,0,0,1,1,0,4,0,0,0,1,0,3,0,0,1,0,0,0,0,0,0,0,12,0,0,1,0,1,1,0,0,0,0,1,0,1,0,0,14,0,1,0,2,0,0,0,0,0,0,0,0,0,0,2,4,0,0,1,3,0,3,0,49,0,2,0,0,4,1,14,0,0,0,0,0,0,1,1,0,0,0,12,0,0,0,0,0,0,0,7,0,0,1,0,0,0,0,0,0,0,0,12,29,0,0,0,0,0,2,0,0,0,0,4,0,3,1,0,0,0,0,1,7,0,0,0,0,0,12,1,1,0,0,2,0,0,0,0,0,0,0,3,0,1,0,1,0
178,1643,ESCOLA MUNICIPAL DOS VINHEDOS,"RUA ZEM BERTAPELLE, 284",SANTA FELICIDADE,-25.398119,-49.33097145,63,0,1966,1611,76,62,0,0,0,2,10,3,0,0,1,8,2,0,0,2,0,0,0,0,0,3,2,1,0,1,12,0,0,1,16,35,11,2,14,0,0,0,0,0,0,0,0,1,1,2,0,1,0,0,0,2,1,4,0,1,0,3,0,0,6,0,0,4,11,0,0,0,2,0,0,15,1,0,1,0,0,0,0,0,0,3,0,23,0,0,0,0,0,0,0,0,0,0,0,0,4,0,2,0,0,99,0,0,3,1,5,0,3,20,63,0,0,2,75,0,0,0,3,0,1,0,0,0,0,0,17,2,0,0,0,0,0,0,0,2,0,1,0,1,0,0,0,0,0,0,0,0,0,15,1,0,0,2,2,7,0,0,0,0,0,0,0,0,27,0,0,0,0,0,0,0,0,0,0,0,2,0,0,0,0,0,0,0,0,8,0,0,21,0,0,0,0,0,0,63,0,16,0,5,3,0,0,5,0,0,0,0,1,0,0,0,0,0,1,5,0,0,16,18,1,0,17,1,1,0,37,0,1,0,4,0,0,0,21,0,2,0,0,1,19,0,32,0,0,1,0,0,0,0,0,0,0,0,1,0,0,0,0,0,0,0,0,0,0,0,0,130,0,1,21,1,0,0,0,0,0,0,26,1,0,0,149,4,0,0,2,0,0,1,0,0,0,0,0,3,0,0,0,0,0,0,0,0,0,0,11,0,0,0,0,1,0,0,0,0,0,0,0,0,0,0,10,0,1,0,7,0,0,0,0,1,0,2,0,0,0,0,1,6,1,0,8,0,3,0,71,0,1,0,0,6,1,20,2,1,0,0,0,0,0,0,0,0,1,8,0,0,0,0,0,0,0,3,0,0,0,0,0,0,1,0,0,0,0,5,42,0,0,0,2,0,2,1,0,0,0,0,0,2,0,0,0,5,0,1,9,0,0,4,0,0,15,0,0,0,0,1,0,0,0,0,1,0,0,1,0,5,0,2,0
178,1651,ESCOLA MUNICIPAL VEREADOR JOÃO STIVAL,"RUA JOÃO BUDEL, 163",BUTIATUVINHA,-25.39075404,-49.35511008,61,0,2536,2038,157,75,0,3,1,2,13,2,1,0,0,11,1,0,2,4,1,0,0,2,2,0,3,0,0,0,15,0,0,0,16,119,3,3,56,0,0,0,0,0,1,0,2,1,4,3,1,1,0,1,0,1,1,6,0,2,0,8,0,1,5,1,0,2,10,0,0,0,1,0,0,24,0,0,1,0,2,1,0,0,2,14,0,15,0,0,0,0,1,0,0,0,0,0,1,0,8,0,3,0,1,87,0,0,1,2,3,1,5,30,53,0,0,0,40,0,2,1,5,1,3,0,0,0,0,0,13,0,0,3,0,0,0,0,0,0,0,0,0,1,1,0,0,0,0,0,0,0,0,12,0,0,0,7,1,5,0,2,0,1,0,0,0,0,26,0,0,0,0,0,0,0,0,0,4,0,0,0,0,0,1,0,0,0,0,17,0,0,12,0,0,1,0,1,0,75,0,11,0,3,2,0,0,8,0,0,0,0,0,0,1,0,0,0,5,13,0,0,11,21,0,0,6,4,0,0,55,1,1,0,5,0,1,0,4,0,2,0,0,0,41,0,51,0,1,1,1,0,0,0,0,0,0,0,0,0,0,0,0,0,0,0,0,0,0,0,0,201,0,0,16,0,1,0,0,0,3,0,39,1,0,0,182,2,0,0,0,1,0,0,0,0,0,0,0,4,0,0,0,0,0,0,0,0,0,0,15,0,0,0,0,1,0,0,0,0,0,1,0,0,0,0,23,0,0,0,4,0,0,0,0,0,0,0,0,0,0,0,2,21,2,0,9,0,2,0,61,0,1,0,1,9,1,7,0,0,0,0,1,0,1,0,0,0,1,23,0,0,0,0,0,0,0,0,0,0,0,0,0,4,0,0,0,0,0,7,55,0,0,0,11,1,3,0,0,0,0,4,0,2,0,0,0,1,0,0,1,0,0,2,1,0,12,3,0,0,0,2,0,0,0,0,2,0,0,1,0,6,0,1,0
178,1880,COLÉGIO ESTADUAL JÚLIA WANDERLEY,AVENIDA VICENTE MACHADO  1643,BATEL,-25.43941328,-49.29194456,10,0,5977,4761,121,90,0,2,2,4,37,7,1,1,0,26,0,1,1,32,0,0,0,0,4,2,9,2,0,0,149,0,1,1,9,87,17,1,11,0,0,0,0,0,0,0,3,4,3,1,1,1,1,4,0,22,4,9,3,4,2,14,0,0,27,5,0,0,10,0,0,0,4,0,0,56,1,2,1,1,1,0,0,0,1,1,0,99,0,0,0,0,0,0,0,1,0,0,2,0,16,2,14,0,0,248,0,0,17,6,6,3,14,66,138,2,0,7,179,0,1,2,11,1,0,0,0,0,0,0,41,5,0,4,0,0,0,0,0,0,0,3,0,2,0,0,1,1,0,3,0,0,0,29,1,0,0,11,7,62,0,0,0,8,0,0,0,0,30,0,0,0,0,1,0,0,0,0,0,0,0,0,0,0,0,0,0,0,0,20,1,1,37,1,0,0,0,2,0,73,0,39,0,2,31,0,4,8,1,0,0,0,5,0,1,0,0,0,11,27,0,0,77,72,3,1,35,2,3,0,151,2,2,0,23,0,0,0,24,0,7,0,1,0,40,1,71,0,0,6,0,0,0,0,0,2,0,3,0,0,0,0,0,0,0,0,0,2,0,0,0,618,3,1,124,0,0,0,10,0,4,0,182,0,2,0,510,9,5,0,5,1,0,18,0,0,0,0,0,16,1,0,0,0,0,0,0,0,0,0,35,0,1,0,0,2,4,0,0,0,0,0,0,3,0,0,34,0,3,0,6,0,0,0,1,0,0,0,1,0,1,6,7,4,4,0,7,1,11,1,105,0,0,0,0,13,0,5,4,2,1,0,4,0,4,0,0,0,2,62,0,2,3,0,0,0,0,7,0,0,0,0,0,1,1,1,0,0,0,26,103,0,0,0,20,1,2,2,1,2,0,5,0,7,4,1,0,0,0,3,11,0,5,27,0,0,27,4,0,1,0,4,0,0,0,0,0,0,0,3,1,1,0,2,0
178,1899,FACULDADE EVANGÉLICA MACKENZIE DO PARANÁ,RUA PADRE ANCHIETA 2770,BIGORRILHO,-25.43550089,-49.30593985,11,0,2751,2225,57,40,0,0,1,5,19,2,0,0,0,11,1,0,0,18,0,0,0,0,0,1,7,0,0,1,30,0,1,0,5,25,2,5,6,0,0,0,0,0,0,0,0,2,0,2,2,0,1,5,0,3,2,3,0,0,4,4,0,0,8,1,0,0,5,0,0,0,1,0,0,38,0,1,0,0,0,0,0,0,4,0,0,55,3,0,0,1,0,0,0,0,0,0,1,0,9,1,13,0,4,122,0,0,2,2,6,2,6,44,62,0,0,1,104,0,0,1,5,0,0,0,0,0,1,0,22,0,0,1,0,0,0,0,0,1,0,1,0,3,0,0,0,0,1,0,0,0,0,7,0,0,0,2,1,23,0,0,0,1,0,0,0,0,22,0,0,0,0,0,0,0,0,0,0,0,0,0,0,0,0,0,0,0,0,13,0,0,25,5,0,0,1,1,0,32,0,9,0,1,11,0,2,5,0,0,0,0,5,0,0,0,0,1,3,13,0,0,31,41,3,0,20,3,0,0,87,0,0,0,7,0,0,0,1,0,3,0,0,0,27,1,33,0,1,2,0,0,0,0,0,0,0,0,0,0,0,0,0,0,0,0,1,0,0,0,0,242,0,0,49,0,1,0,8,0,0,0,66,2,1,0,270,0,0,2,3,2,0,6,0,1,1,0,0,11,0,0,0,0,0,0,1,0,0,0,13,0,1,0,0,6,0,0,0,0,0,0,0,3,0,0,17,0,2,0,1,0,0,0,0,0,0,1,0,0,0,1,4,1,3,0,2,0,12,0,59,0,0,0,1,6,1,8,1,1,0,0,0,0,3,0,0,0,1,20,0,0,0,0,0,0,0,3,0,0,0,0,0,0,0,0,0,0,0,14,50,0,0,0,30,0,0,0,0,1,0,2,0,7,1,2,0,2,2,0,5,0,2,10,0,0,10,1,0,0,1,3,0,0,0,0,1,0,0,1,1,0,0,1,0
178,1902,ESCOLA MUNICIPAL PARANAGUÁ,RUA PROFESSOR ANGELO ANTONIO DALLEGRAVE  12,SANTO INÁCIO,-25.42821452,-49.34379584,46,0,2503,2039,89,86,0,6,0,2,14,5,1,0,1,13,1,0,0,9,0,1,0,1,0,1,15,0,0,0,7,0,0,0,13,42,5,2,21,0,0,0,0,0,1,0,0,0,3,0,1,0,0,1,0,2,0,0,1,0,0,3,0,0,36,3,0,7,8,0,0,0,0,0,0,21,1,0,3,0,2,0,0,0,1,0,0,13,0,0,0,0,0,0,0,0,0,0,0,0,5,2,3,0,1,105,0,0,12,1,2,2,6,43,49,0,0,0,42,0,0,0,10,0,2,0,0,0,0,0,13,0,0,0,0,0,0,0,1,2,0,0,0,4,0,0,0,1,0,1,0,0,0,13,0,1,0,7,2,18,0,0,0,1,0,0,0,0,28,0,0,1,0,1,0,0,0,0,1,0,1,0,0,0,0,0,0,0,0,17,0,0,28,0,0,0,0,0,0,68,0,12,0,5,7,0,0,5,0,0,0,0,2,0,0,1,0,0,4,10,0,0,19,17,1,0,15,7,0,1,68,1,0,0,5,0,0,0,22,0,6,0,0,0,44,0,59,0,0,0,0,0,0,0,0,0,0,1,0,0,0,0,0,0,0,0,0,0,0,0,0,220,0,0,25,1,0,0,3,0,0,0,57,1,0,0,165,4,0,0,8,1,0,4,0,0,0,0,0,4,0,0,0,0,0,0,0,0,0,0,11,0,0,0,0,0,0,5,0,0,0,0,0,3,0,2,35,0,0,0,2,0,1,0,0,1,0,0,1,0,0,3,0,5,1,0,2,0,3,0,66,0,0,0,0,2,0,4,2,1,0,0,3,0,0,1,0,0,4,32,0,0,0,0,0,0,0,5,0,0,0,0,0,0,0,0,0,0,0,6,67,0,0,0,1,0,0,0,0,0,0,0,0,2,0,0,0,3,0,0,7,0,0,0,0,0,11,0,0,0,0,0,0,0,0,0,0,0,0,2,0,3,0,1,0
178,1910,COLÉGIO SION,ALAMEDA PRESIDENTE TAUNAY 260,BATEL,-25.43685949,-49.28380799,10,0,3945,3199,64,43,0,1,0,1,22,9,0,0,0,23,1,1,0,27,0,0,0,1,1,0,2,0,0,0,101,0,2,0,13,45,14,0,16,0,1,0,0,0,1,0,0,7,1,4,0,1,0,2,0,19,0,2,1,0,1,9,0,1,22,0,1,2,7,1,0,0,4,1,0,38,1,0,0,0,1,2,0,0,1,1,0,102,0,0,0,0,0,0,0,1,0,0,0,1,10,0,7,0,0,158,1,0,17,8,3,2,5,49,105,0,0,0,181,0,2,0,10,0,2,0,0,0,1,0,35,2,0,1,0,0,1,0,0,0,0,1,1,1,0,0,0,1,0,0,0,0,1,22,1,0,0,8,2,44,0,1,1,2,0,0,0,0,18,0,0,0,0,1,0,0,0,0,1,0,1,0,0,0,0,0,0,0,0,18,1,0,18,4,0,0,1,0,0,32,0,17,0,0,26,0,0,7,1,0,1,0,0,0,0,0,0,0,7,13,0,2,81,37,3,0,13,3,0,0,91,1,0,0,12,0,0,0,4,0,5,0,0,0,22,0,44,0,0,9,3,0,1,1,0,0,0,0,0,0,0,1,0,0,0,0,1,0,0,0,0,390,0,0,93,0,0,2,8,0,2,0,131,2,0,0,374,1,4,0,1,0,0,27,0,0,0,0,0,11,0,0,0,0,0,0,0,0,0,0,24,0,0,0,0,5,1,0,0,0,0,0,0,0,0,0,27,0,2,0,1,0,0,0,0,0,0,0,0,0,0,1,5,2,2,1,4,0,7,0,60,0,2,0,0,20,2,1,3,3,0,2,1,0,1,0,0,0,3,43,0,1,0,0,0,0,0,3,0,0,1,0,1,0,1,0,0,0,0,15,33,0,0,0,4,0,0,0,0,6,0,4,0,2,3,0,0,1,0,2,3,0,3,9,0,0,18,0,0,1,0,2,0,0,0,0,4,0,0,1,0,0,0,1,1
178,1929,UNIVERSIDADE TUIUTI DO PARANÁ (CAMPUS BARIGUI),"RUA SYDNEI ANTONIO RANGEL SANTOS, 238",SANTO INÁCIO,-25.42381878,-49.32118872,46,0,11935,9394,307,255,0,9,1,9,77,25,4,2,5,84,3,1,1,49,1,7,0,4,2,13,25,2,1,1,95,2,2,0,27,182,42,4,44,0,0,0,0,0,1,1,0,5,7,9,2,0,0,11,0,16,4,17,5,1,2,11,1,2,27,5,0,11,25,0,0,0,11,3,3,126,1,0,1,1,2,3,0,0,2,10,1,159,0,0,1,0,0,3,0,0,0,1,0,0,23,3,26,2,11,502,0,0,23,12,9,9,37,150,348,3,4,4,306,1,3,9,30,1,2,2,0,0,0,0,113,1,0,3,0,0,1,0,0,2,0,7,0,3,0,0,2,1,3,0,0,0,0,44,0,0,0,24,8,113,0,4,0,6,0,0,0,0,93,1,0,0,0,1,2,4,0,0,1,0,1,0,2,0,0,0,0,0,0,62,3,2,85,2,0,0,1,0,0,248,1,64,0,17,47,0,0,23,1,0,1,0,20,0,0,1,0,0,11,38,0,2,114,138,1,1,73,22,1,3,274,1,5,1,37,0,0,2,45,2,19,2,1,0,126,8,223,0,3,6,0,0,0,1,0,1,0,1,1,0,0,0,0,0,0,1,2,1,0,0,0,1040,1,1,144,0,3,4,17,2,12,0,331,1,1,0,996,31,3,0,14,1,0,35,0,0,3,1,0,29,0,1,0,0,0,0,0,0,0,0,46,0,1,0,0,5,5,0,1,0,0,2,0,4,0,1,75,0,3,0,8,0,0,0,0,1,2,2,2,1,3,9,19,17,4,1,25,3,21,1,237,0,0,0,0,28,2,24,7,7,0,0,4,0,9,7,0,0,6,89,0,3,1,0,1,0,0,8,0,0,0,0,1,2,2,0,0,0,0,43,239,0,2,0,41,1,9,0,0,6,0,11,0,21,7,0,0,1,4,7,18,2,7,20,2,1,60,0,1,1,0,18,0,0,0,0,1,0,0,5,2,4,0,7,0
178,1937,COLÉGIO ESTADUAL SÃO BRAZ,AVENIDA VEREADOR TOALDO TULIO    2880,SÃO BRAZ,-25.41580134,-49.35108909,60,0,1982,1554,71,44,0,2,1,2,13,0,1,0,0,11,0,0,0,10,1,0,0,0,2,0,4,0,1,0,11,0,0,0,17,41,5,3,12,0,0,1,0,0,0,0,0,1,1,4,0,0,0,1,0,6,4,1,0,0,0,1,0,0,8,2,0,1,6,0,0,0,2,0,0,22,0,0,0,0,0,0,0,0,1,1,0,14,0,0,0,0,0,0,0,0,0,0,0,0,3,0,2,0,1,70,1,0,0,2,3,1,2,38,67,0,0,0,61,0,0,0,4,0,2,0,0,0,0,0,22,0,0,0,0,0,0,1,0,0,0,0,0,1,0,0,0,0,0,0,0,0,0,11,0,1,0,5,3,17,0,0,0,0,0,0,0,0,20,0,0,0,0,0,0,1,0,0,1,0,0,0,1,0,0,0,0,0,0,5,0,0,10,0,0,0,0,1,1,54,0,6,0,3,9,0,0,8,0,0,1,0,0,0,0,0,0,0,4,6,0,0,14,35,0,1,11,3,0,0,39,0,0,0,3,0,0,0,13,0,4,0,0,0,31,0,33,0,0,1,0,0,0,0,0,0,0,0,1,0,0,0,0,0,0,0,0,1,0,0,0,165,0,0,11,0,0,0,4,0,0,0,30,0,2,0,148,4,0,0,0,0,0,2,0,0,1,0,0,2,1,0,1,1,0,0,0,0,0,0,5,0,0,0,0,1,0,0,0,0,0,0,1,1,0,0,8,0,1,0,0,0,0,0,0,1,1,0,0,0,0,2,1,7,0,0,5,2,4,0,53,0,0,0,0,4,2,7,0,0,0,0,0,0,0,0,0,0,0,16,0,2,0,0,0,0,0,2,0,0,0,0,0,0,1,0,0,0,0,8,50,0,0,0,0,0,0,0,0,0,0,1,0,2,0,2,0,0,0,0,2,0,0,3,3,0,14,0,1,0,0,0,0,0,0,0,0,0,0,0,0,1,0,0,0
178,1945,ESCOLA MUNICIPAL CAMPO MOURÃO,"RUA ACYR SANTOS, 14",VILA IZABEL,-25.45964751,-49.29871097,28,0,1940,1600,58,47,0,2,0,1,9,4,0,0,0,8,1,0,0,9,0,0,0,1,0,2,0,0,0,0,12,1,0,0,7,12,3,2,2,0,0,0,0,0,0,0,0,1,0,0,0,1,0,0,0,1,0,4,0,0,0,2,0,0,5,1,0,1,2,0,0,0,0,0,0,25,2,0,0,1,0,0,0,0,1,0,0,34,0,0,0,0,0,0,0,0,0,0,0,0,6,0,4,0,1,101,1,0,4,0,2,5,6,37,67,1,0,2,83,0,0,1,5,0,2,0,0,0,0,0,20,0,0,0,0,0,0,0,0,1,1,0,0,1,0,0,1,0,0,0,0,0,0,8,0,1,0,2,1,14,0,0,1,2,0,0,0,0,19,0,0,0,0,0,0,0,0,0,0,0,1,0,0,0,0,0,0,0,0,6,1,0,11,1,0,0,0,2,0,48,0,11,1,3,15,0,0,11,0,1,0,0,0,0,1,0,0,0,2,9,0,0,13,18,1,2,13,7,2,1,47,0,2,0,2,0,1,0,8,0,2,0,0,0,9,0,44,0,0,2,0,0,0,2,0,0,0,0,1,0,0,0,0,0,0,0,0,0,0,0,1,181,0,0,31,0,0,0,6,0,5,0,40,0,0,0,160,1,0,0,7,1,0,2,0,0,8,0,0,2,0,0,0,0,0,0,0,0,0,0,20,0,0,1,0,1,0,0,0,0,0,1,0,3,0,0,7,0,2,0,4,0,0,0,0,0,1,0,0,0,0,2,1,1,0,0,2,0,1,0,38,0,0,0,0,3,0,7,2,0,0,0,1,0,1,1,0,0,0,14,0,2,0,0,0,0,1,6,0,0,0,0,0,0,1,0,0,0,0,9,18,0,0,0,2,0,3,0,0,0,0,4,0,2,1,0,0,0,0,2,3,0,0,9,0,0,10,0,0,0,0,2,0,0,0,0,0,0,0,2,0,1,0,0,0
178,1961,COLÉGIO ESTADUAL PADRE SILVESTRE KANDORA,RUA PROFESSORA MARIA HELENE KRUZIELSKI BREDOW   26,SÃO BRAZ,-25.41994,-49.34681,60,0,3915,3126,187,125,0,3,1,9,19,6,1,0,1,36,0,1,0,14,0,1,0,4,0,2,5,1,0,0,13,0,0,0,36,88,11,4,21,0,0,2,0,0,0,0,0,0,1,8,1,0,1,1,0,3,3,11,0,0,0,3,0,0,44,0,0,5,4,0,1,0,0,0,0,39,0,0,0,0,0,1,0,0,1,2,0,17,0,0,0,0,0,0,0,0,0,0,0,0,7,0,13,0,3,177,3,1,5,0,1,3,11,65,113,2,0,1,87,0,0,1,9,0,3,1,0,0,0,0,30,2,0,1,0,0,0,0,0,1,0,0,0,2,0,0,0,4,1,0,0,1,0,21,0,1,0,7,1,20,0,0,0,0,0,0,0,0,34,0,0,2,0,0,0,0,0,0,2,0,0,0,1,0,0,0,0,0,0,14,2,0,32,0,0,0,0,0,0,160,0,17,0,2,7,0,3,17,0,0,0,0,8,0,0,0,0,0,3,24,0,1,14,35,2,0,20,10,1,1,84,1,2,0,15,0,0,0,28,0,1,0,0,0,65,0,92,0,2,1,1,0,0,0,0,0,0,0,0,0,0,0,0,0,0,0,0,0,0,0,0,320,0,0,25,0,1,0,2,0,2,0,65,1,0,0,260,4,1,0,6,0,0,2,0,0,0,2,0,1,0,0,0,0,0,0,0,0,0,0,12,0,0,0,0,1,0,1,0,0,0,1,1,0,0,1,42,0,0,0,6,0,1,0,0,0,2,1,0,0,0,2,3,6,2,1,11,1,1,2,107,0,2,0,2,7,0,10,1,0,0,1,0,0,2,1,1,0,0,29,0,0,0,0,0,0,0,7,0,0,0,0,0,0,0,0,0,0,1,8,54,0,1,0,6,0,2,1,0,0,0,3,0,1,4,0,0,0,0,1,12,0,0,2,1,0,20,0,4,1,0,2,0,0,0,0,0,0,0,2,0,0,0,1,0
178,1970,COLÉGIO ESTADUAL PROFESSOR OLAVO DEL CLARO,"RUA CLARA FILLA, 282",SÃO BRAZ,-25.41558785,-49.360865,60,0,2620,2061,125,70,0,6,2,4,13,0,1,0,0,22,1,0,0,5,0,0,0,0,0,3,5,0,0,0,8,0,0,0,26,64,5,16,16,0,1,0,0,0,0,0,0,0,5,3,1,0,0,0,0,5,0,12,0,0,0,8,0,2,25,4,0,5,19,0,0,0,0,0,0,30,0,0,2,0,0,0,0,0,1,4,0,16,1,0,1,0,0,0,1,0,0,0,0,0,8,0,8,1,1,105,0,0,2,0,1,0,3,51,80,0,0,2,33,0,0,4,5,1,1,0,0,0,0,0,22,0,0,0,0,0,1,0,0,0,0,0,0,1,0,0,0,0,0,0,0,0,0,12,2,1,0,0,1,12,0,0,0,0,0,0,0,0,23,0,0,1,0,1,0,0,0,0,0,1,0,0,0,0,0,0,0,0,0,14,0,0,21,0,0,0,0,1,0,92,0,8,0,3,10,0,0,6,0,0,0,0,10,0,0,0,0,0,4,9,0,2,6,22,1,0,7,11,0,1,39,1,1,0,9,0,0,0,20,0,3,0,0,0,44,0,58,0,0,0,0,2,0,0,0,0,0,0,0,0,0,0,0,0,0,0,0,0,0,0,0,210,0,1,18,0,0,0,1,0,2,0,38,1,0,0,196,6,0,0,0,1,0,0,0,0,1,0,0,3,0,0,1,0,0,0,0,0,0,0,13,0,0,0,0,2,0,1,0,0,0,0,0,0,0,0,29,0,0,0,3,0,0,0,0,0,0,0,0,0,0,1,1,11,2,0,4,0,1,0,70,0,0,0,0,3,0,8,0,0,0,1,0,0,0,0,0,0,0,15,0,1,1,0,0,0,0,3,0,0,0,0,0,0,0,0,0,0,0,7,33,0,2,0,1,0,2,1,0,0,0,0,0,5,3,0,0,0,0,0,3,2,1,2,1,0,17,0,0,0,0,0,0,0,0,0,1,0,0,0,0,4,0,0,0
178,1988,COLÉGIO MARISTA PARANAENSE,AVENIDA BISPO DOM JOSE 2674,SEMINÁRIO,-25.44774704,-49.29800343,29,0,5919,4813,125,89,0,2,1,3,40,7,1,0,1,40,0,0,0,20,0,2,1,0,1,2,3,0,0,1,91,0,3,0,9,89,9,2,13,1,1,0,0,0,1,0,0,15,2,6,5,0,0,5,1,16,1,9,5,2,4,6,0,0,28,6,0,2,7,0,0,0,2,1,1,50,2,1,0,1,1,1,0,0,0,0,0,103,0,0,0,0,0,0,0,0,0,0,1,0,14,1,17,0,3,210,0,0,15,7,2,1,19,67,144,1,0,2,221,0,1,2,14,3,3,1,1,0,0,0,63,3,0,0,0,0,0,0,0,3,0,2,0,3,0,0,0,0,0,0,0,1,0,18,0,1,0,16,6,61,1,0,0,4,2,0,0,0,51,0,0,0,0,3,0,0,0,0,1,0,0,0,1,0,0,1,0,0,0,21,0,1,36,0,0,0,0,1,0,74,1,37,0,6,23,0,2,13,0,0,1,0,1,0,3,1,0,0,14,27,0,0,88,52,1,1,24,7,2,3,126,0,1,2,11,0,2,0,12,0,7,0,0,0,44,1,68,0,0,9,0,0,1,1,0,1,0,0,0,2,0,0,0,0,0,0,0,1,0,2,0,582,0,0,122,0,0,2,9,0,1,1,170,5,2,0,671,10,3,2,7,5,0,14,0,2,3,2,0,11,0,0,0,0,0,0,0,0,0,0,31,0,0,1,0,3,3,1,0,0,0,2,0,0,0,0,37,0,5,0,0,0,0,0,1,1,1,3,0,0,0,2,9,1,5,0,5,1,10,3,127,0,0,0,1,17,0,56,8,2,0,0,2,0,6,1,0,0,7,47,0,1,1,0,0,1,2,4,0,0,1,0,0,0,0,0,0,0,0,24,84,0,0,0,7,1,7,0,0,3,0,2,0,4,2,0,0,1,1,12,9,0,3,13,0,0,29,0,0,1,0,6,0,0,0,0,0,0,0,3,1,1,0,3,0
178,1996,ESCOLA ESTADUAL RIO BRANCO,AVENIDA BISPO DOM JOSE  2426,SEMINÁRIO,-25.44569602,-49.29567788,29,0,2336,1901,60,41,0,2,0,1,9,1,1,1,0,12,0,0,0,3,0,0,1,0,1,1,2,0,0,1,52,0,2,0,4,41,5,0,1,0,0,0,0,0,0,0,0,5,3,0,0,0,0,2,0,12,0,4,1,0,0,6,0,2,11,4,0,2,5,0,1,0,5,0,0,22,0,1,0,0,0,0,0,0,1,0,0,34,0,0,0,0,0,0,0,0,0,0,0,0,6,1,7,0,0,82,1,0,8,3,1,2,3,25,57,0,0,6,67,0,1,0,7,0,0,0,0,0,0,1,17,1,0,0,0,0,0,0,0,0,0,0,0,0,0,0,0,1,0,0,0,0,0,12,0,0,0,4,1,35,0,2,1,0,0,0,0,0,14,0,0,0,0,0,0,0,0,0,0,0,0,0,2,1,0,1,0,0,0,16,0,0,19,3,0,0,1,1,0,35,0,8,0,1,13,0,0,7,0,0,0,0,3,0,0,1,0,0,5,5,1,0,48,26,0,0,12,0,0,0,46,0,0,0,7,0,2,0,5,0,2,0,0,0,21,1,32,0,0,3,1,0,0,0,0,0,0,0,0,0,0,0,0,0,0,0,0,0,0,0,0,244,0,0,43,1,0,0,4,0,2,2,76,2,0,0,222,2,2,0,0,3,0,8,0,0,0,0,0,8,0,0,0,0,0,0,0,0,1,0,7,0,0,0,0,5,0,0,0,0,0,0,0,0,0,1,16,0,4,0,2,0,0,0,1,0,1,0,0,0,0,0,5,1,0,0,1,2,5,0,46,0,0,0,0,10,0,5,5,4,0,0,1,0,0,1,0,0,0,17,0,0,0,0,0,0,0,2,0,0,0,0,1,0,0,0,0,0,0,10,24,0,0,0,6,0,2,0,0,2,0,0,0,3,1,0,0,1,0,2,9,0,1,8,0,0,8,0,0,0,0,1,0,0,0,0,0,0,0,0,0,1,0,1,0
178,2011,ESCOLA MUNICIPAL CEI PEDRO DALLABONA,RUA VIRGINIA DALLABONA 456,ORLEANS,-25.42959876,-49.35636351,59,0,2569,2123,88,61,0,2,0,0,18,4,1,0,0,18,1,1,0,5,1,0,0,0,2,1,7,1,0,0,13,0,0,0,18,48,10,1,7,0,0,1,0,0,0,0,0,0,0,5,4,0,0,0,0,6,0,1,0,1,1,1,0,0,18,0,0,1,3,0,0,0,0,1,0,34,1,0,0,0,2,6,0,0,0,1,0,20,0,0,0,1,1,0,0,0,0,0,2,0,5,1,5,1,0,124,0,0,5,5,2,0,6,35,72,0,0,2,63,0,0,1,11,0,3,0,0,0,0,0,20,1,0,1,0,0,0,2,0,1,0,0,1,0,0,0,0,1,0,0,0,0,0,14,1,0,0,9,0,19,0,0,0,0,1,0,0,0,42,0,0,0,0,0,0,0,1,0,0,0,0,0,0,0,0,0,0,0,0,17,1,0,9,3,0,0,0,3,2,79,0,12,0,4,6,1,1,4,0,0,0,0,7,0,0,0,0,0,6,8,0,0,12,34,0,0,9,5,0,3,60,1,0,0,2,0,1,0,30,0,1,1,0,0,41,0,60,0,0,0,0,0,0,1,0,0,0,0,0,0,0,0,0,0,0,0,0,2,0,0,0,233,0,0,19,0,0,0,3,0,2,1,45,0,0,0,195,2,2,0,1,1,2,4,0,1,0,0,0,5,0,0,0,0,0,0,0,0,0,0,13,0,0,0,0,4,0,0,2,0,1,0,0,0,0,0,20,0,0,0,5,0,0,0,0,0,0,0,0,0,0,3,2,5,1,0,2,1,5,1,55,0,0,1,0,8,0,11,1,0,0,0,1,0,0,0,0,0,2,21,0,1,0,1,0,0,0,3,0,0,0,0,0,0,0,0,1,0,0,12,57,0,0,0,10,0,1,0,0,0,0,5,0,1,2,0,0,4,0,2,4,0,0,12,0,0,19,0,0,0,0,2,0,0,1,2,0,0,0,0,1,1,0,0,0
178,2020,ESCOLA MUNICIPAL CEI RAOUL WALLENBERG,"RUA HERMENEGILDO LUCA, CJ FERNAO DIAS   2400",BUTIATUVINHA,-25.41090145,-49.36156648,61,0,1611,1322,74,51,0,3,0,2,5,1,0,0,1,8,0,1,0,5,0,0,0,1,0,1,5,0,0,0,5,0,0,0,14,37,3,2,17,0,0,0,0,0,0,0,0,1,3,0,0,0,0,0,0,4,4,3,0,0,0,2,1,0,4,0,0,3,6,0,0,0,1,1,0,23,0,0,1,0,0,0,0,0,0,2,0,13,0,0,0,0,0,0,0,0,0,0,0,0,2,0,2,1,0,74,1,0,2,0,1,0,6,24,29,1,0,1,31,0,1,0,6,0,3,0,0,0,0,0,7,0,0,3,0,0,2,1,0,1,3,0,0,0,0,0,0,0,0,0,0,0,0,6,1,0,0,1,0,15,0,0,1,0,0,0,0,0,17,0,0,0,0,0,0,1,0,0,1,0,0,0,0,0,0,0,0,0,0,9,0,0,11,0,1,0,0,0,0,69,0,6,0,1,1,1,0,4,0,0,0,0,1,0,1,0,0,0,3,6,1,1,2,15,1,3,12,6,1,1,46,0,0,0,6,1,0,0,21,0,4,0,0,0,17,0,45,0,0,0,0,0,0,1,0,0,0,0,0,0,0,0,0,0,0,0,0,1,0,0,0,133,1,0,7,0,1,0,1,0,1,1,28,1,0,0,103,0,0,0,0,0,0,3,0,0,0,0,0,4,0,0,0,0,0,0,0,0,0,0,8,0,0,1,0,0,0,0,0,0,0,0,0,1,0,0,15,0,0,0,3,0,0,1,0,0,0,0,0,0,0,0,0,5,0,0,6,1,2,0,49,0,1,0,2,7,0,1,0,1,0,0,1,0,2,0,0,0,1,15,1,0,0,0,0,0,0,3,0,0,0,0,0,0,0,1,0,0,0,5,30,0,1,0,4,0,1,0,0,0,0,1,0,1,0,0,0,0,0,0,4,0,0,0,0,0,5,2,0,0,0,1,0,0,0,0,0,0,0,0,0,2,0,1,0
178,2046,ESCOLA ESTADUAL HELENA DIONYSIO,RUA FRANCISCO JUGLAIR  4,MOSSUNGUE,-25.43836651,-49.33311346,45,0,1968,1603,53,22,0,2,1,2,20,5,0,0,0,12,0,0,0,9,0,0,0,1,0,0,2,0,0,0,33,0,0,0,3,15,4,2,2,0,0,0,0,0,0,0,1,0,0,1,0,0,0,0,0,3,1,2,0,0,1,2,0,0,14,1,0,0,3,0,0,0,0,0,0,14,0,0,0,0,0,2,0,0,1,0,2,41,0,0,0,0,0,0,1,0,0,0,0,0,5,1,2,0,1,54,0,0,7,3,1,0,6,24,54,0,0,1,40,0,0,1,1,0,0,0,0,0,0,0,13,1,0,1,0,0,1,0,1,1,1,1,0,0,0,0,1,0,0,0,0,0,0,13,0,0,0,6,1,18,0,1,0,1,0,0,0,0,21,0,0,0,0,0,0,0,0,0,0,0,2,0,0,0,0,0,0,0,0,10,0,0,16,0,0,1,2,0,0,27,0,8,0,0,6,1,1,4,0,0,0,0,2,0,0,0,0,0,3,12,0,0,25,23,2,0,12,3,0,0,64,0,1,0,5,0,0,0,9,0,7,0,1,0,25,0,21,0,0,1,0,0,0,1,0,0,0,0,0,0,0,0,0,0,0,0,0,0,0,0,0,199,0,0,39,1,0,0,4,0,1,0,51,1,0,0,213,2,0,0,0,1,0,4,0,0,0,1,0,9,0,0,0,0,0,0,0,0,0,0,11,0,0,0,0,1,1,0,0,0,0,2,0,1,0,2,11,0,0,0,1,1,0,0,0,0,0,0,0,0,0,2,1,5,3,0,1,0,8,0,36,0,0,0,0,6,0,11,2,4,0,0,0,0,2,0,0,0,2,30,2,1,0,0,0,0,0,1,0,0,0,0,0,0,0,0,0,0,0,4,33,0,0,0,2,0,0,0,0,0,0,1,0,3,0,0,0,0,0,2,1,0,3,7,1,0,9,1,0,0,0,2,0,0,0,0,0,0,0,1,0,3,0,0,0
178,2054,ESCOLA ESTADUAL DOM ORIONE ( ANTIGA ESC. EST.  NILSON BATISTA RIBAS),RUA JAIME VEIGA 472,SEMINÁRIO,-25.45221468,-49.31073093,29,0,1187,951,28,28,0,0,0,2,4,0,0,0,0,6,0,0,0,2,0,0,0,0,0,1,0,0,0,0,25,1,3,0,5,10,2,0,3,0,0,0,0,0,0,0,0,1,1,0,0,0,0,0,0,3,0,5,0,0,1,2,0,0,3,1,0,1,0,0,0,0,1,0,0,14,0,0,0,0,0,0,0,0,0,2,0,15,0,0,0,0,0,3,0,0,0,0,0,0,3,0,5,0,1,44,1,0,3,0,0,0,3,12,22,0,0,0,37,0,0,0,5,2,2,0,0,0,0,0,12,2,0,0,0,0,1,0,0,1,0,0,0,0,0,0,0,0,0,0,0,0,0,2,0,0,0,1,0,8,0,0,0,0,0,0,0,0,12,0,0,0,0,0,0,0,0,0,0,0,0,0,0,0,0,0,0,0,0,6,0,0,8,1,0,0,0,0,0,26,0,8,0,0,4,0,0,2,0,0,0,0,0,0,0,0,0,0,5,11,0,0,24,13,0,0,12,3,0,0,20,0,0,0,5,0,1,0,5,0,4,0,0,0,12,0,24,0,0,3,0,0,0,0,0,0,0,0,0,0,0,0,0,0,0,0,1,1,0,0,0,110,0,0,18,1,1,0,3,0,2,0,26,0,0,0,96,1,0,0,0,0,0,3,0,0,0,0,0,4,0,0,0,0,0,0,0,0,0,0,6,0,1,0,0,1,0,0,0,0,0,3,0,3,0,0,17,0,0,0,1,0,0,0,0,0,1,0,0,0,0,0,0,3,0,0,1,0,7,0,16,0,0,1,0,2,0,4,0,1,0,0,1,0,0,0,0,0,2,7,0,0,0,0,0,0,0,2,0,0,0,0,0,0,0,0,0,0,0,10,22,0,0,0,1,0,2,0,0,1,0,1,0,1,0,0,0,1,0,2,2,0,0,5,0,0,3,0,0,0,0,2,0,0,0,0,0,0,0,0,0,0,0,1,1
178,2062,FACULDADE PARANAENSE - FAPAR,"ALAMEDA DOM PEDRO II, 432",BATEL,-25.43922778,-49.28512521,10,0,2172,1694,48,30,0,1,0,1,11,2,0,0,1,11,0,0,0,11,0,1,0,0,4,1,1,0,0,0,43,1,0,0,0,29,11,2,4,0,2,0,0,0,0,0,0,2,1,0,0,0,0,1,0,5,0,3,1,0,2,5,0,0,6,0,0,1,1,0,0,0,1,0,0,19,0,0,0,0,0,0,0,0,0,1,1,54,0,0,0,0,1,0,0,0,0,0,1,0,3,0,6,1,0,94,0,0,7,3,5,1,7,15,50,1,0,2,77,0,1,1,8,2,0,1,0,0,0,0,26,2,0,0,0,0,0,0,0,0,0,1,0,1,0,0,1,0,0,0,0,0,0,12,0,0,0,4,0,18,0,3,0,3,0,0,0,0,13,0,0,0,0,0,0,0,1,0,0,0,0,0,0,0,0,0,0,0,0,10,0,0,11,0,0,0,0,0,0,27,0,8,0,1,14,0,0,1,1,0,0,0,0,0,0,1,0,0,0,17,0,0,32,26,0,1,13,1,0,2,38,0,0,0,3,0,0,0,3,0,1,0,0,0,17,2,29,0,0,3,1,1,0,0,0,0,0,1,0,0,0,0,0,0,0,0,1,1,0,0,0,198,0,0,38,1,0,0,2,0,3,0,60,1,0,0,204,3,0,0,6,4,0,6,0,0,0,0,0,6,0,0,0,0,0,0,0,0,0,0,18,0,1,0,0,3,0,0,0,0,0,4,0,2,0,0,11,0,0,0,0,0,0,0,0,0,0,0,0,0,0,2,2,3,0,0,1,0,3,0,29,0,0,1,1,6,0,2,3,0,0,0,1,0,0,0,0,0,2,17,0,0,0,0,0,0,0,3,0,0,1,0,0,0,1,0,0,0,0,5,29,0,0,0,5,0,1,0,0,1,0,2,0,4,0,0,0,5,0,2,2,3,1,4,0,0,10,0,0,1,0,5,0,0,0,0,0,0,0,3,1,0,1,2,0
178,2070,ESCOLA MUNICIPAL CEI PROFESSOR JÚLIO MOREIRA,RUA ALEXANDRE MARKOSKI   190,SÃO BRAZ,-25.41806,-49.34294,60,0,3050,2474,146,103,0,4,1,4,24,3,2,0,0,25,1,0,0,10,1,0,0,1,1,2,6,0,0,0,5,0,0,1,45,78,5,7,23,0,0,0,0,0,0,0,0,1,9,11,5,0,3,0,1,6,2,12,1,0,1,3,0,0,17,0,0,5,7,1,0,0,1,1,1,46,1,1,1,1,1,0,0,0,0,4,0,12,1,0,0,0,0,0,0,0,0,0,3,2,3,0,4,1,1,130,0,0,5,2,2,2,10,77,77,0,1,0,53,0,0,2,5,0,0,0,0,0,0,0,15,1,0,0,0,0,0,0,1,1,0,1,0,0,0,0,0,0,0,0,0,0,0,12,0,1,0,6,1,12,1,0,0,0,0,0,0,0,27,0,0,0,0,1,0,0,0,0,2,0,0,0,0,0,0,0,0,0,0,15,0,1,12,0,0,0,1,0,0,112,0,17,0,4,6,0,1,2,0,0,0,0,3,0,0,2,0,0,0,13,0,1,5,35,0,0,15,3,0,1,78,2,0,0,6,0,0,1,26,0,14,0,0,0,59,0,54,0,0,0,0,0,0,0,0,0,0,0,4,0,0,0,0,0,0,1,0,2,0,0,0,233,0,0,14,0,0,0,2,0,6,2,44,1,0,0,163,4,0,0,1,0,0,4,0,0,0,1,0,2,0,0,0,0,0,0,0,0,0,0,14,0,0,0,0,5,0,0,0,0,0,0,0,0,0,0,32,0,0,0,2,0,0,0,0,1,2,0,0,0,0,1,2,11,0,0,4,1,1,2,90,0,0,0,0,6,0,6,1,1,0,0,0,1,0,2,0,0,0,36,0,3,0,0,0,0,2,3,0,0,2,0,0,1,0,0,0,0,0,14,63,0,1,0,2,0,6,0,0,0,0,1,0,3,10,0,0,1,0,0,13,0,0,9,1,0,13,0,3,1,0,3,0,0,0,1,0,0,0,0,0,6,1,1,0
178,2089,COLÉGIO BOM JESUS - SEMINÁRIO (ANTIGO NOVO ATENEU),AVENIDA NOSSA SENHORA APARECIDA 1468,SEMINÁRIO,-25.4480747,-49.31204396,29,0,1988,1583,44,20,0,3,0,2,13,2,1,0,0,4,0,0,0,7,0,0,1,0,1,2,2,0,0,0,23,1,0,0,3,15,2,8,3,0,0,2,0,0,0,0,0,1,2,2,1,0,0,4,1,1,0,4,0,1,2,2,0,0,10,0,0,1,2,1,0,0,2,0,0,10,0,0,1,0,1,0,0,0,0,0,0,33,1,0,0,0,1,0,0,0,0,0,0,0,6,0,2,2,3,84,0,0,5,0,3,2,3,21,58,0,0,3,67,0,0,0,5,1,1,0,0,0,0,0,32,0,0,0,0,0,0,0,0,0,0,0,0,0,0,0,1,0,0,0,0,1,0,11,0,0,0,2,4,12,0,0,0,0,0,0,0,0,15,0,0,0,0,0,0,0,0,0,1,1,1,0,1,0,0,0,0,0,0,6,0,0,15,0,0,0,0,1,0,33,0,5,0,1,16,0,0,7,0,0,0,0,0,0,0,0,0,0,4,12,1,0,21,11,0,0,13,3,0,0,50,0,0,0,4,0,0,0,3,0,2,0,0,2,18,0,29,0,0,2,0,0,0,0,0,0,0,0,0,0,0,0,0,0,0,0,0,0,0,0,0,161,0,0,33,0,1,0,1,0,4,0,48,0,0,0,246,3,1,0,3,0,0,4,0,0,1,0,0,2,0,0,0,0,0,0,0,0,0,0,16,0,1,0,0,2,0,0,0,0,0,1,0,4,0,0,13,0,1,0,1,0,0,0,0,4,0,1,0,0,0,0,2,1,0,0,1,0,3,0,40,0,0,0,0,3,0,9,2,1,0,0,3,0,3,0,0,0,4,16,0,0,0,0,0,0,0,5,0,0,0,0,0,0,2,0,0,0,0,9,34,0,0,0,2,2,2,0,0,0,1,1,0,3,0,0,0,0,0,1,7,0,0,5,0,0,10,0,0,0,0,1,0,0,0,0,0,0,0,3,0,4,0,1,0
178,2097,PARÓQUIA SANTA ISABEL,"RUA ULISSES VIEIRA, 621",VILA IZABEL,-25.46100622,-49.2964001,27,0,3064,2555,70,76,0,0,0,1,35,2,1,0,0,11,0,0,1,6,1,0,0,0,0,0,1,1,0,0,22,0,0,0,11,34,7,6,2,0,0,0,0,0,1,0,0,2,0,8,0,0,1,4,0,7,1,11,0,0,2,3,0,0,5,4,0,1,5,0,0,0,3,0,0,37,0,0,0,2,0,0,0,0,1,0,0,56,0,0,0,0,1,2,0,0,0,0,0,0,6,1,6,0,0,128,0,0,5,4,3,2,5,49,106,1,1,0,121,0,0,3,7,1,2,0,0,0,0,0,20,2,0,0,0,0,0,0,0,2,0,4,0,2,0,0,0,2,0,0,0,0,0,9,1,1,0,11,1,30,0,0,0,3,0,0,0,0,30,1,0,0,0,0,0,0,1,0,0,0,0,0,0,0,0,0,0,0,0,15,0,0,27,0,0,0,0,1,1,36,0,21,0,2,13,0,0,6,0,1,0,0,13,1,0,0,0,0,3,16,1,0,19,28,1,1,22,2,0,0,96,1,3,0,10,0,0,0,12,0,4,3,1,0,26,0,37,0,0,2,0,1,0,0,0,0,0,0,0,0,0,0,0,0,0,0,0,0,0,0,0,318,0,1,48,0,1,0,10,0,7,2,74,1,0,0,278,3,2,0,2,1,0,7,2,0,1,1,0,5,0,0,0,0,0,0,0,0,0,0,20,0,1,0,0,5,0,0,0,0,0,2,0,3,0,0,14,0,3,1,1,0,0,0,0,0,1,0,0,0,0,5,6,1,3,0,8,1,6,0,69,0,3,0,0,4,1,8,2,2,0,0,3,0,1,2,0,0,1,27,0,1,0,0,0,0,1,5,0,0,0,0,0,0,0,0,0,0,0,13,64,0,0,0,0,0,2,0,0,2,0,2,0,8,1,0,0,0,0,1,5,0,2,10,0,0,20,0,0,0,0,6,0,0,0,0,0,1,0,1,0,0,0,0,0
178,2100,INSTITUTO PARANAENSE DOS CEGOS,AVENIDA VISCONDE DE GUARAPUAVA   4186,BATEL,-25.44170735,-49.28140817,10,0,2045,1599,31,27,0,1,0,1,12,0,0,1,0,9,0,0,0,16,0,0,0,0,1,2,0,2,0,0,48,0,0,0,8,27,3,3,5,0,0,0,0,0,0,0,0,1,2,1,1,0,0,0,0,3,1,2,2,0,0,5,0,0,8,1,0,2,5,0,0,0,0,1,1,16,1,0,0,0,0,0,0,0,0,0,0,33,0,0,0,0,0,0,0,0,0,0,0,0,5,1,2,0,0,70,0,0,2,3,1,2,2,21,50,1,0,0,69,0,2,0,5,0,1,0,0,0,0,0,12,0,0,0,0,0,1,0,0,0,0,0,0,1,0,0,0,0,0,0,0,0,1,7,0,0,0,6,1,21,0,2,0,0,1,0,0,2,11,0,0,2,0,0,0,0,0,0,0,0,0,0,0,0,0,0,0,0,0,8,0,0,12,0,0,0,0,0,0,9,0,9,0,5,8,0,0,6,0,0,0,0,1,0,0,0,0,1,8,13,0,0,40,12,0,2,11,2,1,0,70,0,0,0,5,0,2,0,2,0,1,0,0,0,13,3,26,0,0,3,0,0,0,0,0,0,0,0,0,0,0,0,0,0,0,0,0,1,0,0,1,237,0,0,27,0,0,0,5,1,2,0,54,0,0,0,196,1,0,0,0,1,0,11,0,0,0,0,0,12,0,0,1,0,0,0,0,0,0,0,11,0,0,0,0,1,1,0,0,0,0,0,0,0,0,1,14,0,2,0,1,0,1,0,0,0,2,0,0,0,0,1,2,3,3,0,2,0,4,0,34,0,0,0,0,7,0,2,2,0,0,0,0,0,1,0,0,0,3,16,0,0,0,0,0,0,0,2,0,0,0,0,0,0,0,0,0,0,0,3,31,0,0,0,0,0,2,0,0,1,0,3,0,5,1,0,0,1,0,2,2,0,2,5,0,0,10,0,0,0,0,1,0,0,0,0,0,0,0,2,0,1,0,0,0
178,2119,ESCOLA SANTA TERESINHA DO MENINO JESUS,AVENIDA SETE DE SETEMBRO   4926,BATEL,-25.44512313,-49.28660319,10,0,4951,3900,85,52,0,3,2,3,27,8,1,0,0,21,0,1,0,31,0,0,1,2,1,1,12,0,0,0,98,0,3,0,6,66,10,1,9,1,1,0,0,0,0,0,0,4,3,4,2,0,0,1,0,26,0,4,4,2,5,10,0,1,17,1,0,1,11,0,1,1,1,0,0,38,0,0,1,0,0,0,0,0,1,1,1,47,0,0,0,0,0,2,0,0,0,0,0,0,12,0,10,1,0,121,1,1,15,4,2,2,7,73,92,0,0,4,133,0,0,1,6,1,0,1,0,0,0,0,36,1,0,0,0,0,1,0,0,1,0,0,0,0,0,0,0,0,0,1,0,0,0,23,0,0,0,8,7,44,0,7,0,4,0,0,0,0,28,0,0,1,0,0,0,0,0,0,2,0,0,0,2,0,0,0,0,0,0,22,1,3,43,0,0,1,0,2,0,35,0,33,0,2,34,0,0,10,0,0,0,0,4,0,0,0,0,0,26,30,0,0,90,52,0,4,34,5,3,0,153,0,2,0,7,1,1,0,3,0,9,0,1,0,40,7,59,0,0,7,0,0,3,0,0,0,0,0,0,0,0,0,0,0,0,0,1,1,0,1,0,555,1,0,93,0,0,0,15,2,5,0,145,3,2,0,489,2,3,0,1,1,0,30,0,0,2,1,0,13,1,0,0,0,0,0,1,0,0,0,25,0,0,0,0,2,1,0,1,0,0,0,0,4,0,0,32,0,2,0,3,0,0,0,0,0,3,0,0,0,0,1,3,11,4,0,2,0,9,0,88,0,0,0,0,20,1,8,5,2,0,1,0,0,6,0,0,0,1,64,0,0,0,0,0,0,0,3,0,0,0,0,0,0,0,0,0,0,0,18,99,0,1,0,2,0,1,0,0,2,0,2,0,18,4,0,0,0,2,8,6,0,8,13,0,0,18,1,0,0,0,5,2,0,0,0,1,0,0,1,0,0,1,1,0
178,2127,COLÉGIO POSITIVO,RUA ALFERES ANGELO SAMPAIO     2300,BIGORRILHO,-25.43455709,-49.2888659,11,0,6122,4908,104,83,0,1,1,2,38,18,0,2,0,33,3,0,0,27,0,0,0,2,1,5,10,1,0,1,85,2,0,1,10,69,17,1,14,2,0,1,0,0,0,0,0,6,3,8,4,0,0,6,0,8,3,13,11,1,2,19,1,1,18,1,0,1,5,0,2,0,3,0,0,43,1,0,2,0,0,1,0,0,1,0,0,138,0,1,0,1,0,0,0,0,0,0,2,0,10,1,9,0,1,224,0,1,25,5,10,1,10,59,191,0,0,4,232,0,2,1,20,1,1,0,0,0,0,0,63,1,0,0,0,0,0,0,0,0,0,2,0,1,0,0,0,0,1,1,0,1,0,23,2,1,1,10,1,64,0,2,0,2,0,0,0,0,25,0,0,0,0,0,0,1,0,0,1,0,2,0,0,0,1,0,0,0,0,25,0,0,43,2,0,0,0,3,0,53,0,35,0,3,34,0,0,7,0,1,0,0,3,0,1,1,0,0,15,20,0,0,89,66,6,2,35,4,0,0,140,0,2,0,14,0,2,0,11,0,11,0,1,0,26,4,63,0,0,8,0,0,1,2,0,0,0,0,0,0,0,0,0,0,0,0,0,3,0,0,0,616,2,1,149,1,0,1,19,1,5,2,241,1,0,0,614,4,0,0,9,2,0,29,0,0,1,1,0,16,0,1,0,0,0,0,0,0,0,0,25,1,0,0,0,4,2,0,0,0,0,0,0,2,0,0,24,0,2,0,3,0,0,1,0,0,0,0,0,0,1,4,10,11,3,0,3,1,9,3,71,0,0,0,0,24,3,11,12,5,0,1,1,0,2,0,0,0,3,59,0,0,0,0,0,0,0,12,0,1,1,0,0,0,1,0,0,0,0,26,116,0,0,0,20,1,3,2,0,3,0,12,0,12,0,0,0,1,1,5,19,0,12,12,1,2,26,0,0,0,0,4,0,0,0,0,0,0,0,1,1,0,0,5,1
178,2135,ESCOLA MUNICIPAL WALTER HOERNER,"RUA DOMINGOS IMBRONIZIO, 129",MOSSUNGUE,-25.43502751,-49.32480872,45,0,2383,1928,53,44,0,0,0,1,8,4,1,0,0,21,0,0,1,18,0,0,0,0,0,1,2,0,1,0,33,1,0,0,10,21,3,5,4,0,0,0,1,0,0,0,0,1,1,2,0,1,0,2,0,3,1,1,2,2,0,2,0,0,6,3,0,1,0,0,2,0,0,0,1,10,1,0,1,1,0,0,0,0,0,0,0,34,0,0,1,0,1,0,0,0,0,0,0,0,1,0,5,0,0,79,1,0,8,2,2,1,1,22,70,0,0,6,60,0,0,0,3,0,0,0,0,0,0,0,17,0,0,0,0,0,1,0,0,1,0,0,0,1,0,0,0,0,0,0,0,0,0,10,0,0,0,3,0,30,0,0,0,0,1,0,0,0,21,0,0,0,0,0,1,0,0,0,0,0,0,0,0,0,0,0,0,0,0,4,0,0,11,0,0,1,0,1,0,40,0,19,0,1,6,0,2,3,0,1,0,0,0,0,0,0,0,0,10,11,1,0,39,22,3,0,17,1,2,1,67,0,1,0,2,0,0,0,7,0,4,0,0,0,29,1,32,0,0,4,0,0,4,0,0,0,0,0,0,0,0,0,0,1,0,0,0,0,0,0,0,217,0,0,64,0,0,0,10,1,0,0,74,0,0,0,263,6,0,0,1,1,0,8,0,1,3,0,0,4,0,0,0,0,0,0,0,0,0,0,9,0,0,0,0,1,0,0,0,0,0,0,0,2,0,0,23,0,1,0,2,0,0,0,0,0,0,1,0,0,0,1,5,4,1,0,2,0,3,0,58,0,0,0,0,14,0,5,2,0,0,0,2,0,3,1,0,0,0,26,1,1,0,0,0,0,0,0,0,0,0,0,0,0,2,0,0,0,0,12,35,0,0,0,1,1,2,0,0,3,0,4,0,0,1,1,0,4,2,2,1,0,1,6,0,0,9,0,0,0,0,7,0,0,0,0,0,0,0,2,0,3,0,0,0
178,2143,ESCOLA MUNICIPAL ESPECIALIZADA ALI BARK,RUA VICENTE PONTAROLLA 91,SEMINÁRIO,-25.44433518,-49.31249941,29,0,1430,1191,39,41,0,0,0,0,12,2,0,0,0,10,0,0,0,6,0,0,0,2,0,1,2,0,0,0,16,0,0,0,2,21,3,0,5,0,0,0,0,0,0,0,1,1,0,0,0,0,0,1,0,6,0,3,0,0,0,3,0,0,4,1,0,5,0,0,0,0,1,1,0,14,0,0,0,0,1,0,0,0,0,0,0,27,0,0,0,0,1,0,0,0,0,0,0,0,6,2,1,0,0,58,0,0,6,2,3,0,5,26,49,0,0,0,45,0,0,0,5,0,0,0,0,0,0,0,13,0,0,1,0,0,0,0,0,0,0,0,0,1,0,0,0,0,0,1,0,0,0,4,0,0,0,2,0,13,0,0,0,1,0,0,0,0,33,0,0,0,0,0,0,0,0,0,0,0,0,0,1,0,0,0,0,0,0,9,0,0,7,0,0,0,0,0,0,21,0,14,0,0,7,0,0,2,0,0,0,0,0,0,0,0,0,0,1,5,0,0,13,10,1,0,7,2,0,2,34,0,0,0,3,0,0,0,5,0,0,0,0,0,10,2,32,0,0,1,0,0,2,0,0,0,0,0,0,0,0,0,0,0,0,0,0,0,0,0,0,138,0,0,19,0,1,0,1,0,0,0,37,0,0,0,115,0,0,0,0,2,0,7,0,0,0,0,0,1,0,0,0,0,0,0,0,0,0,0,7,0,0,0,0,2,0,0,0,0,0,0,0,2,0,3,9,0,1,0,0,0,0,0,0,2,0,0,0,0,0,1,2,3,0,0,1,1,1,0,46,0,0,0,0,0,0,6,1,1,0,0,0,0,0,0,0,0,0,14,0,0,0,0,0,0,0,1,0,0,1,0,0,0,1,1,0,0,0,7,23,0,0,0,3,0,0,0,0,0,0,2,0,1,0,0,0,0,0,1,4,0,3,8,0,0,3,0,0,0,0,3,0,0,1,0,0,0,0,1,0,2,0,1,0
178,2160,ESCOLA MUNICIPAL MONSENHOR BOLESLAU FALARZ,"RUA LUIZ HOMANN, 290",SÃO BRAZ,-25.42133679,-49.3558478,60,0,1913,1510,86,66,0,6,0,1,13,6,0,0,0,10,0,1,0,3,0,0,0,1,0,3,5,0,0,0,9,0,0,0,8,31,5,4,10,0,0,0,0,0,0,0,0,3,1,3,1,0,0,1,0,4,0,8,0,0,0,4,1,0,10,2,0,9,4,0,0,0,0,0,0,25,0,0,1,0,0,1,0,0,0,3,0,11,0,0,0,0,1,0,0,0,0,0,0,0,5,1,8,1,0,64,0,0,3,1,3,0,4,31,57,1,0,0,30,0,0,1,1,0,2,0,0,0,0,0,15,0,0,1,0,0,0,1,0,0,0,0,0,0,0,0,0,0,0,0,0,0,0,3,0,0,0,2,0,16,0,1,0,0,0,0,0,0,26,0,0,0,0,1,0,0,0,0,0,0,0,0,0,0,0,0,0,0,0,9,0,0,3,0,0,0,1,2,0,66,0,13,0,0,10,0,0,7,0,0,1,0,6,0,0,1,0,0,4,14,0,0,8,28,1,1,8,9,0,1,43,0,0,0,4,0,0,0,24,0,0,0,0,0,17,0,60,0,0,0,0,0,0,0,0,0,0,0,0,0,0,0,0,0,0,0,0,0,0,0,0,148,0,1,11,0,0,0,2,0,1,0,24,1,0,0,129,0,0,0,1,1,0,2,0,0,5,0,0,4,0,0,0,0,0,0,0,0,0,0,5,1,0,0,0,3,0,0,0,0,0,0,0,0,0,0,25,0,1,0,2,0,0,0,0,0,0,0,0,0,0,0,1,9,2,0,2,0,1,0,46,0,0,0,0,2,0,5,1,1,0,0,0,0,0,0,0,0,0,20,0,0,0,0,0,0,1,2,0,0,0,0,0,0,0,0,0,0,0,2,31,0,0,0,1,0,1,1,0,0,2,4,0,0,1,1,0,3,0,0,5,0,0,5,2,0,4,0,0,0,0,2,0,0,1,0,0,0,0,0,0,1,0,2,0
178,2186,ESCOLA MUNICIPAL PRESIDENTE PEDROSA,"RUA BORORÓS, 1279",PORTÃO,-25.4657763,-49.29495159,27,0,2663,2194,52,43,0,2,0,0,20,4,0,0,0,22,0,0,0,19,0,0,1,1,0,2,1,0,0,0,29,0,0,0,14,29,20,3,9,0,0,0,0,0,0,1,0,2,2,2,1,1,2,0,1,10,0,8,2,0,2,2,0,0,4,3,0,0,5,0,0,0,2,0,0,27,0,0,0,0,0,0,0,0,2,1,0,32,0,0,0,0,0,1,0,0,0,0,0,0,6,1,5,1,2,99,0,0,7,6,4,7,7,52,80,1,0,0,95,0,0,0,7,0,2,0,0,0,0,0,22,1,0,0,0,0,0,0,3,0,1,0,0,0,0,0,0,0,0,0,0,0,0,10,1,2,0,3,1,18,0,2,0,1,0,2,0,0,24,0,0,2,0,1,0,3,0,0,0,0,1,0,0,0,0,0,0,0,0,13,0,0,12,0,0,0,0,0,0,38,0,10,0,1,13,2,0,6,0,0,0,0,1,0,0,0,0,0,5,21,0,0,27,23,1,0,16,9,0,2,76,0,0,0,1,0,0,0,3,0,4,0,0,0,34,4,48,0,0,1,1,0,0,1,0,0,0,0,0,0,0,0,0,0,0,0,0,0,0,0,0,278,0,0,28,1,0,0,4,0,5,0,53,2,0,0,267,4,0,0,2,4,0,8,0,0,2,0,0,0,0,0,0,0,0,0,0,0,0,0,11,0,0,0,0,1,0,0,0,0,0,0,0,0,1,0,18,0,3,0,1,0,0,0,0,2,1,0,0,0,0,3,4,4,2,0,4,1,6,0,67,0,0,0,0,9,1,3,2,1,0,1,2,0,2,0,0,0,3,21,0,1,0,0,0,0,0,3,0,0,0,0,0,0,0,0,0,0,0,13,55,0,2,0,1,0,1,3,0,2,0,4,0,4,0,1,0,0,0,2,8,0,2,5,0,0,13,0,1,0,0,0,0,0,0,0,0,0,0,2,0,2,0,0,0
178,2194,ESCOLA ESTADUAL SANTO ANTÔNIO,"RUA AMADEU PIOTTO, 37",CIDADE INDUSTRIAL,-25.43370564,-49.35487243,75,0,3647,2944,208,134,0,5,2,8,29,1,1,0,0,30,0,0,0,6,0,0,0,2,1,2,4,0,1,0,6,0,0,0,49,73,10,11,4,0,0,0,0,0,0,0,0,0,6,0,4,0,0,0,0,6,0,4,0,1,2,3,0,0,41,4,0,4,7,0,1,1,5,0,1,77,4,0,2,0,0,0,0,0,0,4,1,16,0,0,0,0,0,0,0,0,0,1,0,0,21,0,17,0,8,145,0,1,6,3,3,0,7,37,90,0,1,9,75,1,0,5,6,4,1,0,0,0,0,0,18,1,0,0,0,0,2,0,1,3,0,0,0,4,0,0,0,0,0,0,0,0,0,12,0,0,1,4,20,9,0,1,0,3,0,0,0,0,51,0,0,1,0,0,0,0,0,0,0,0,0,0,0,0,0,0,0,1,0,15,0,0,18,0,0,0,1,0,0,129,0,11,0,2,6,1,0,11,0,0,1,0,7,0,1,0,0,0,21,14,0,0,22,29,0,0,17,15,0,0,56,3,3,0,16,0,0,0,38,0,2,0,0,0,56,3,84,0,0,2,1,0,0,0,0,1,0,1,0,0,0,0,2,0,1,0,0,1,0,0,0,302,1,1,27,0,0,0,3,0,3,1,60,5,0,0,178,6,2,0,5,0,0,3,0,0,0,0,0,1,1,0,0,0,0,0,0,0,0,0,16,2,0,0,0,0,0,3,0,0,0,0,0,5,0,0,42,0,0,0,9,0,0,0,0,0,0,0,0,0,0,3,5,3,1,2,10,0,2,0,97,0,1,0,2,7,0,4,2,0,0,0,0,0,0,1,0,0,0,49,0,3,0,0,0,0,0,1,1,0,1,0,0,0,2,0,0,0,0,7,56,0,0,0,5,0,7,0,0,0,0,0,0,1,0,0,0,1,0,1,11,1,1,1,0,0,20,0,0,0,0,1,0,0,0,1,0,0,0,4,1,5,0,2,0
178,2216,COLÉGIO ESTADUAL GABRIELA MISTRAL,RUA TABAJARAS   840,PORTÃO,-25.46259013,-49.29834698,27,0,3130,2517,81,74,0,0,1,7,24,8,0,0,0,20,0,0,0,12,0,1,0,1,1,3,6,0,0,0,23,0,0,0,8,30,5,2,4,0,0,0,0,0,0,0,0,3,0,0,3,0,3,3,0,10,1,6,0,0,0,1,1,0,9,5,0,1,5,0,0,0,1,0,0,27,0,0,2,0,0,0,0,0,0,0,2,41,0,0,0,0,1,1,0,0,0,0,0,0,6,2,9,2,3,122,0,1,4,0,1,4,11,48,111,0,0,0,94,0,1,2,5,0,2,0,0,0,0,0,18,1,0,0,0,0,0,0,0,0,0,0,0,0,0,0,0,0,0,0,0,0,0,10,0,0,0,8,2,25,0,1,0,4,0,0,0,0,34,0,0,0,0,0,0,2,0,0,0,0,2,0,0,0,0,0,0,0,0,22,4,1,23,0,0,0,0,2,0,61,0,11,0,6,21,0,0,1,0,0,0,0,7,0,0,1,0,0,3,15,0,0,20,38,0,0,13,7,0,1,99,0,2,1,13,0,0,0,6,0,8,0,1,3,39,0,56,0,0,2,1,1,0,0,0,0,0,0,0,1,0,0,0,0,0,0,2,3,0,0,0,279,0,0,56,0,0,0,5,0,4,0,55,4,0,0,249,3,2,0,8,0,0,5,0,1,0,1,1,0,0,0,0,0,0,0,0,0,0,0,31,0,0,0,0,3,0,0,0,0,0,0,0,0,0,0,15,1,1,0,4,0,0,0,0,0,0,3,0,0,0,4,4,4,0,1,8,0,4,3,71,0,0,0,0,11,0,6,8,1,0,0,2,0,1,1,0,0,2,13,0,0,0,0,0,0,0,1,0,0,1,0,0,0,0,0,0,0,0,18,66,0,0,0,2,0,2,0,0,6,0,3,0,1,1,0,0,4,0,9,12,0,2,17,0,0,22,0,0,0,0,7,0,0,0,0,0,0,0,0,0,0,0,0,1
178,2232,ESCOLA ESTADUAL DE EDUCAÇÃO ESPECIAL LUCY REQUIÃO MELLO E SILVA,"AV MANOEL RIBAS, 7119",SANTA FELICIDADE,-25.39944844,-49.33850539,63,0,3519,2842,155,95,0,1,2,0,24,2,1,0,0,23,0,0,0,11,1,0,1,2,0,2,8,1,0,0,12,0,0,0,29,72,8,3,45,0,1,1,0,0,0,0,0,1,8,4,3,0,0,0,0,2,0,7,0,0,1,3,1,0,7,1,0,3,16,0,0,0,2,1,0,36,0,0,0,0,1,0,0,0,0,19,0,37,0,0,0,0,0,1,0,0,0,0,0,0,10,1,15,3,2,151,0,0,7,2,4,1,7,34,92,0,2,2,83,1,1,7,13,2,3,0,0,0,0,0,22,0,0,1,0,0,0,0,0,0,0,0,1,1,0,0,1,1,0,3,0,0,0,23,0,0,0,6,1,11,0,0,0,1,0,0,0,0,30,0,1,0,0,0,0,0,0,0,1,0,0,0,0,0,0,0,0,0,0,11,2,0,18,0,0,0,1,1,0,113,0,12,0,5,8,1,0,8,0,0,0,0,4,0,1,0,0,0,8,28,0,3,23,38,1,0,22,9,0,0,78,0,0,0,12,0,0,0,14,0,7,0,0,0,54,0,77,0,0,0,0,0,1,0,0,0,0,0,2,0,0,0,0,0,0,0,0,0,0,0,0,267,0,0,47,0,1,1,2,1,0,0,48,1,0,0,264,5,1,0,2,3,0,2,0,0,0,0,1,4,0,0,0,0,0,0,0,0,0,0,16,0,0,0,0,4,0,0,0,0,1,1,0,1,0,0,23,0,1,0,8,0,0,1,0,0,0,0,0,0,0,1,3,26,2,0,9,1,2,0,101,0,0,0,1,10,0,16,1,1,0,0,1,0,0,1,0,0,0,28,0,0,0,1,0,0,0,4,0,0,0,0,0,0,1,0,0,0,0,8,83,0,0,0,14,0,4,0,0,0,0,1,0,6,0,0,0,0,0,1,8,0,0,3,0,1,20,0,0,0,0,5,0,0,1,0,0,0,0,1,1,4,0,2,0
178,2240,PARÓQUIA N. SENHORA DA CONCEIÇÃO (PARÓQUIA BUTIATUVINHA),RUA PADRE ARTURO SEPPI 51,BUTIATUVINHA,-25.39639015,-49.34831945,61,0,1970,1641,55,56,0,2,1,2,8,1,0,0,1,15,0,0,0,9,0,0,0,0,1,1,4,0,0,0,11,1,0,0,14,49,2,3,85,0,0,0,0,0,0,0,0,0,3,0,0,0,0,0,0,6,1,3,1,0,0,4,0,0,4,2,0,4,13,2,0,0,0,0,1,17,0,0,0,0,0,2,0,0,0,11,0,12,0,0,0,0,0,0,0,0,0,0,0,0,8,0,4,0,1,59,1,0,5,1,0,0,4,31,33,0,0,0,36,0,0,1,2,0,3,0,0,0,0,0,15,0,0,0,0,1,0,0,0,1,0,0,0,0,0,0,0,0,0,0,0,0,0,8,0,0,0,6,2,10,0,0,0,2,0,0,0,0,24,0,0,1,0,0,0,0,0,0,0,0,0,0,0,0,0,0,0,0,0,13,2,0,11,0,0,0,0,0,0,46,0,10,0,2,4,0,0,3,0,0,0,0,1,0,0,0,0,0,2,10,1,0,11,29,0,0,11,1,0,0,57,1,1,0,7,0,0,0,7,1,2,0,0,0,32,0,36,0,0,0,0,0,1,0,0,0,0,0,0,0,0,0,0,0,0,0,0,0,0,1,1,192,0,2,23,0,0,1,2,0,6,0,24,1,0,0,157,6,0,0,0,0,0,3,0,0,0,0,0,3,0,0,0,0,0,0,0,0,0,0,6,0,0,0,0,1,0,2,0,0,0,0,0,0,0,0,22,0,0,0,2,0,0,1,1,1,0,4,0,0,0,1,1,12,0,0,2,4,1,0,46,0,4,0,1,9,4,5,2,0,0,0,0,0,0,0,0,0,0,17,0,1,0,0,0,0,0,1,0,0,1,0,0,0,1,0,0,0,0,4,50,0,0,0,6,0,5,0,0,0,0,1,0,1,0,0,0,1,0,0,4,1,1,2,1,0,15,0,0,0,0,1,0,0,1,0,1,0,0,0,0,2,0,1,0
178,2259,CURSO E COLÉGIO ACESSO,"AVENIDA VEREADOR TOALDO TULIO, 1930",SANTA FELICIDADE,-25.41019,-49.34594,60,0,3571,2865,112,88,0,1,0,4,28,6,0,0,1,20,1,0,0,18,1,0,0,1,2,4,5,0,0,1,22,0,2,1,14,58,5,5,25,0,1,0,0,0,0,0,1,1,3,7,2,0,1,1,0,7,2,4,2,0,2,4,1,0,23,4,1,5,6,0,1,0,0,1,0,31,0,0,0,1,2,1,0,0,1,1,0,38,0,0,0,0,0,0,0,0,0,1,1,0,8,0,14,0,0,188,2,0,11,3,3,2,6,54,99,0,0,1,99,0,1,0,11,1,0,0,0,0,1,0,38,0,1,1,0,0,1,0,0,0,0,0,0,0,0,0,0,1,0,1,0,0,0,15,0,0,0,3,0,35,0,0,0,3,0,0,0,1,22,0,0,1,0,0,0,0,0,0,0,0,1,1,2,0,0,0,0,0,0,21,0,0,27,0,0,0,0,0,0,105,0,15,0,2,10,0,0,4,0,1,0,0,4,0,0,0,0,0,4,17,0,0,23,36,0,0,18,6,0,1,57,2,1,1,6,0,0,0,22,0,3,0,2,0,39,2,75,0,0,0,1,0,0,0,0,0,0,0,0,0,0,0,0,0,0,0,1,0,0,0,0,277,0,1,40,0,0,0,6,0,5,0,54,1,0,0,326,8,2,0,2,0,0,7,1,0,0,0,0,4,0,0,0,0,0,0,0,0,0,0,24,0,0,0,0,1,0,2,0,0,0,0,0,1,0,0,24,0,1,0,3,0,1,0,0,0,2,1,0,0,0,3,4,4,2,0,9,2,9,0,103,0,1,1,0,10,1,22,3,1,0,0,2,0,0,1,0,0,4,19,0,2,0,0,0,0,0,7,0,0,0,0,0,0,0,0,0,0,0,18,62,1,0,0,0,2,9,1,0,2,0,3,0,2,1,2,0,2,0,1,9,0,0,2,5,0,14,0,0,1,0,0,0,0,0,0,0,0,0,2,0,1,0,2,0
178,2267,COLÉGIO ESTADUAL PARA SURDOS ALCINDO FANAYA JUNIOR,RUA VITAL BRASIL 447,VILA IZABEL,-25.46344924,-49.29683114,27,0,1579,1296,40,40,0,1,0,2,16,1,1,0,0,7,2,0,0,10,0,0,0,0,0,1,5,0,0,0,10,0,3,0,5,3,6,2,2,0,0,0,0,0,0,0,0,0,1,5,2,0,0,0,1,2,0,4,0,0,0,1,0,0,2,0,0,2,3,0,0,0,0,0,0,12,0,0,0,0,0,0,0,1,0,0,1,38,0,0,0,0,0,0,0,0,0,0,0,0,3,0,1,0,2,106,0,0,2,4,9,0,2,23,73,1,0,0,124,0,0,1,3,0,1,0,0,0,0,0,20,0,1,0,0,0,0,0,0,0,1,1,0,2,0,0,2,0,0,0,0,3,0,9,0,0,0,2,0,18,1,2,0,0,0,0,0,0,8,0,0,0,0,0,0,0,0,0,0,0,0,0,0,0,0,0,0,0,0,2,0,0,11,0,0,0,0,1,0,31,0,10,0,1,6,0,0,1,0,0,0,0,4,0,0,0,0,0,2,5,0,0,8,15,3,0,6,1,0,0,28,0,1,0,2,0,0,0,2,1,3,0,0,0,11,1,24,0,0,0,0,0,0,0,0,0,0,0,0,0,0,0,0,0,0,0,0,0,0,0,0,112,0,0,9,0,2,0,4,0,1,0,24,1,0,0,136,2,0,0,1,0,0,1,0,1,1,1,0,6,0,0,0,0,0,0,0,0,0,0,16,0,0,0,0,1,1,0,0,0,0,0,0,0,0,0,4,0,1,0,0,0,0,0,0,0,0,0,0,0,0,0,2,0,1,2,5,1,2,2,30,0,1,0,0,5,0,12,0,0,0,0,0,0,0,0,0,0,1,6,0,0,2,0,0,0,0,3,1,0,0,0,0,0,0,0,0,0,0,3,20,0,0,0,0,0,0,1,0,1,0,0,0,1,0,0,0,0,0,0,7,0,0,4,0,0,12,0,0,0,0,3,0,0,0,0,0,0,0,3,0,0,0,3,0
178,2283,PARÓQUIA SÃO JOSÉ TRABALHADOR,"RUA MAJOR HEITOR GUIMARÃES, 1526",CAMPINA DO SIQUEIRA,-25.43936383,-49.31012054,30,0,1182,980,30,13,0,0,0,2,8,3,0,0,0,10,0,0,0,4,0,0,0,1,0,2,6,0,0,1,12,0,0,0,6,9,1,0,2,0,0,0,0,0,0,0,0,1,0,1,0,0,0,1,0,2,0,0,5,0,0,1,0,0,1,1,0,1,0,0,0,0,0,0,0,5,0,0,2,0,0,0,0,0,1,1,1,50,0,0,0,0,1,0,0,0,0,0,1,0,1,0,2,0,1,87,1,1,7,0,9,2,3,10,41,1,0,0,67,0,2,1,5,0,1,0,0,0,0,0,16,1,0,0,0,0,0,0,0,2,0,0,0,0,0,0,0,0,0,0,0,0,0,5,0,0,0,3,3,16,0,0,0,0,0,0,0,0,4,0,0,0,0,0,0,0,0,0,2,0,0,0,0,0,0,0,0,0,0,4,0,0,3,1,0,0,0,0,0,14,0,1,0,0,6,0,0,2,0,0,1,0,2,0,0,0,0,0,1,5,0,0,5,7,0,0,2,0,0,2,23,0,1,0,1,0,0,0,2,0,4,0,0,0,2,0,17,0,0,2,0,0,0,1,0,0,0,0,0,2,0,0,0,0,0,0,0,0,0,0,0,86,0,0,11,0,0,0,1,0,1,0,22,0,0,0,111,1,0,0,1,1,0,3,0,0,1,0,0,3,0,0,0,0,0,0,0,0,0,0,11,0,0,0,0,3,0,0,0,0,0,0,0,0,0,1,5,0,0,0,0,0,0,0,0,0,2,0,0,0,0,0,6,3,2,1,2,1,0,0,26,0,0,0,0,2,1,10,1,0,1,0,0,0,0,0,0,0,0,13,0,0,0,0,0,0,0,4,0,0,0,0,0,0,0,0,0,0,0,4,11,0,0,0,8,0,3,0,0,0,0,1,1,1,0,0,0,0,0,1,3,0,0,5,0,0,6,0,0,0,0,3,0,0,0,0,0,0,0,1,1,1,0,1,1
178,2291,UFPR - DEPARTAMENTO DE MÚSICAS E ARTES (BATEL),"RUA CORONEL DULCIDIO, 638",BATEL,-25.43908512,-49.28321948,10,0,1084,869,20,15,0,0,0,2,6,2,0,0,0,3,0,0,0,5,0,0,0,0,0,0,1,0,0,0,8,0,0,0,1,16,3,2,0,0,0,1,0,0,0,0,0,0,0,0,0,1,0,0,0,0,0,0,1,0,2,1,0,0,2,0,1,1,5,0,0,0,2,0,0,6,0,0,0,0,0,1,0,0,1,0,0,46,0,0,0,0,3,0,0,0,0,0,0,0,1,0,5,0,1,80,0,0,5,2,11,0,5,11,59,0,2,0,100,0,1,0,2,0,2,0,0,0,0,0,15,0,0,0,0,0,2,0,0,0,0,0,0,0,0,0,0,1,0,0,0,0,0,11,0,0,0,1,4,8,0,0,0,0,0,0,0,0,5,0,0,0,0,0,0,0,0,0,1,0,0,0,0,0,0,0,0,0,0,3,0,0,6,1,0,0,0,0,0,14,0,3,0,0,9,0,0,3,0,0,0,0,0,0,0,0,0,0,2,0,0,0,11,8,0,0,4,2,0,0,12,0,1,0,1,0,0,0,0,0,0,0,0,0,3,0,10,0,0,0,0,0,0,0,0,0,0,0,0,0,0,0,0,0,0,0,1,0,0,0,0,54,0,0,12,0,0,0,3,0,0,0,16,0,0,0,88,0,0,0,0,0,0,4,0,0,0,0,0,0,0,0,0,0,0,0,0,0,0,0,20,0,0,0,0,5,0,0,0,0,0,0,0,0,0,0,6,0,0,0,0,0,0,0,0,0,0,0,0,0,0,0,1,2,0,1,0,0,4,1,11,0,0,0,0,0,1,2,2,0,4,0,0,0,1,0,0,0,0,4,0,1,0,0,0,0,0,6,0,0,0,0,0,0,1,0,0,0,0,5,3,0,0,0,1,0,1,0,0,0,1,2,0,0,0,1,0,0,0,2,0,0,3,2,0,0,4,0,0,0,0,5,0,0,0,0,0,0,0,0,0,0,0,2,0
178,2305,ESCOLA SEB - DOM BOSCO - UNIDADE BATEL,"AVENIDA VISCONDE DE GUARAPUAVA, 5581",BATEL,-25.44714115,-49.29395586,10,0,1503,1179,32,22,0,0,0,1,5,5,0,0,0,1,0,0,0,3,1,1,0,1,0,4,1,0,0,2,20,0,0,0,6,11,0,1,1,0,0,0,0,0,0,0,0,2,0,1,0,1,0,2,0,3,0,1,2,0,3,2,0,0,3,0,0,0,1,0,0,0,1,0,0,10,0,0,0,0,0,0,0,0,0,0,0,26,0,0,0,0,0,0,0,0,0,0,0,0,2,0,5,0,4,96,0,0,4,2,1,3,5,12,43,0,0,1,58,0,1,1,7,0,2,0,0,0,0,0,21,0,0,0,0,0,0,0,0,0,0,2,0,0,0,0,0,0,0,0,0,0,0,4,0,1,0,1,1,17,0,0,0,1,0,0,0,0,6,0,0,0,0,0,0,0,0,0,1,0,0,0,0,0,0,0,0,0,0,6,0,0,7,0,0,0,0,0,0,21,0,7,0,0,9,0,0,3,0,0,0,0,0,0,2,0,0,0,1,5,0,0,17,11,0,0,7,1,0,0,31,0,0,0,2,0,0,0,0,0,3,0,1,0,7,0,15,0,0,1,0,0,1,0,0,0,0,0,0,1,0,0,0,0,0,0,0,0,0,0,0,106,0,0,23,2,0,0,3,0,1,0,32,1,1,0,193,5,0,0,0,3,0,2,1,0,1,0,0,4,0,0,0,0,0,0,0,0,0,0,9,0,0,0,0,4,1,0,0,0,0,3,0,0,0,0,9,0,0,0,0,0,0,0,0,0,0,0,1,1,0,0,1,0,0,0,5,0,2,0,29,0,1,0,0,2,1,10,2,1,0,0,1,0,0,0,0,0,1,7,0,0,0,0,0,0,0,4,0,0,0,0,0,0,1,0,0,0,0,9,21,0,0,0,3,0,1,0,0,0,0,0,0,3,1,0,0,0,0,3,7,0,2,2,0,0,9,0,0,0,0,1,0,0,0,0,1,0,0,3,0,0,1,1,0
178,2321,COLÉGIO ARQUIDIOCESANO DE CURITIBA,"RUA MONSENHOR BOLESLAU FALARZ, 200",CIDADE INDUSTRIAL,-25.432812,-49.357063,75,0,4535,3757,142,113,0,7,3,2,30,4,1,0,1,29,2,0,0,22,0,0,0,1,1,2,6,1,0,0,26,0,0,0,20,70,11,9,30,0,0,2,0,0,1,0,0,1,4,7,2,0,3,5,0,6,0,14,1,0,0,1,2,2,21,1,0,11,7,0,1,0,1,1,0,33,0,0,2,1,0,4,0,0,0,3,1,47,0,0,0,0,0,1,0,0,0,0,1,0,21,1,15,0,3,185,0,0,9,4,4,4,6,46,122,0,0,2,123,0,0,1,10,2,4,2,0,0,0,0,36,5,0,1,0,0,0,0,4,0,0,0,0,3,0,0,1,3,0,1,0,0,0,25,1,0,0,3,12,42,0,1,0,1,0,0,0,0,38,0,0,0,0,1,0,1,0,0,2,1,1,0,0,0,0,0,0,0,0,25,0,0,31,1,0,0,2,0,1,118,0,27,0,2,15,0,0,15,0,0,2,0,6,0,1,0,0,0,7,15,0,0,37,40,0,3,35,5,0,0,140,0,1,0,9,0,0,0,32,0,2,1,0,0,64,0,115,0,2,2,2,0,0,2,0,0,0,0,0,0,0,0,0,0,0,0,0,0,0,0,0,429,0,0,58,0,2,0,6,0,5,1,89,1,0,0,404,1,1,0,2,2,0,3,0,0,0,0,0,3,0,0,0,0,0,0,0,0,0,0,29,0,0,0,0,5,0,4,0,0,1,1,0,2,0,0,32,0,3,0,7,0,0,0,1,1,2,0,0,0,0,4,2,13,0,1,14,0,2,1,124,0,1,0,0,8,0,17,4,1,0,0,1,0,2,1,0,0,3,28,0,0,0,0,1,0,1,8,0,0,0,0,0,0,0,0,0,0,0,22,88,0,0,0,6,0,5,0,0,0,1,3,0,3,0,0,0,7,0,0,10,1,0,5,5,0,18,0,1,1,0,7,0,0,1,1,0,0,0,6,2,4,0,1,0
178,2356,PARÓQUIA SÃO GRATO,"RUA GRÃ NICCO, 545",MOSSUNGUE,-25.43561629,-49.33278771,45,0,376,352,8,3,0,0,0,0,0,2,0,0,0,3,0,0,0,3,0,0,0,0,0,0,0,0,0,0,9,0,0,0,1,1,0,0,0,1,0,2,0,0,0,0,0,0,0,3,0,0,0,0,0,0,0,0,0,0,0,0,0,0,4,1,0,0,0,0,0,0,0,0,0,2,0,0,0,0,0,0,0,0,0,0,0,5,0,0,0,0,0,0,0,0,0,0,0,0,2,0,2,1,0,24,0,0,0,0,0,0,2,3,8,0,0,0,10,0,0,0,4,0,0,0,0,0,0,0,7,0,0,0,0,0,0,0,0,0,0,0,0,0,0,0,0,0,0,0,0,2,0,1,0,0,0,1,0,5,0,0,0,0,2,0,0,0,1,0,0,0,0,0,0,0,0,0,0,0,0,0,0,0,0,0,0,0,0,3,0,0,3,0,0,0,0,0,0,11,0,1,0,1,2,0,0,0,0,0,0,0,0,0,0,0,0,0,0,4,0,0,9,5,0,0,4,0,0,0,12,0,0,0,0,0,0,0,1,0,1,0,0,0,2,2,2,0,0,0,0,0,0,0,0,0,0,0,0,0,0,0,0,0,0,0,0,0,0,0,0,43,0,0,3,0,0,0,1,0,0,0,13,0,0,0,64,0,0,0,0,0,0,2,1,0,0,0,0,0,0,0,0,0,0,0,0,0,0,0,1,0,0,0,0,3,0,0,0,0,0,0,0,0,0,0,2,0,0,0,0,0,0,0,0,0,0,0,0,0,0,1,1,1,0,0,0,0,2,0,6,0,0,0,0,1,0,3,1,1,0,0,0,0,0,0,0,0,0,2,0,0,0,0,0,0,0,0,0,0,0,0,0,0,0,0,0,0,0,1,4,0,0,0,0,0,1,0,0,0,0,0,0,3,0,0,0,0,0,0,2,0,0,0,0,0,3,0,0,0,0,0,0,0,0,0,0,0,0,0,0,0,0,0,0
178,2364,UTFPR - UNIVERSIDADE TÉCNOLÓGICA FEDERAL DO PARANÁ,"RUA DEPUTADO HEITOR ALENCAR FURTADO, 5000",BIGORRILHO,-25.44350361,-49.35339345,75,0,5255,4199,290,170,0,6,1,11,48,6,4,1,1,43,3,1,0,21,0,0,0,0,3,1,7,0,0,0,15,1,0,0,70,72,14,27,12,0,0,0,0,0,0,0,1,0,2,5,6,0,0,1,0,10,0,9,1,0,1,7,0,0,34,8,0,3,8,2,1,0,1,0,0,49,0,0,3,1,0,1,0,0,1,0,1,33,0,0,1,0,1,0,0,0,0,0,2,0,27,2,22,0,3,238,1,0,10,5,4,5,14,72,154,0,0,5,98,0,0,7,15,4,3,0,0,0,0,0,25,1,0,0,0,0,0,3,0,0,0,0,0,5,0,0,0,3,0,2,0,1,0,11,0,0,0,11,2,17,0,0,0,1,0,0,0,2,51,0,0,0,0,1,1,0,0,0,1,0,0,0,1,0,0,0,0,0,0,36,0,1,26,2,0,4,0,0,0,245,0,22,0,8,19,0,0,9,0,1,0,0,9,0,0,0,1,0,13,18,2,0,34,55,5,0,20,14,0,2,90,3,2,1,17,0,0,0,57,0,5,0,0,1,104,3,107,2,2,0,0,0,0,0,0,0,0,0,0,0,0,0,1,0,0,1,0,0,0,0,0,376,1,1,26,0,0,0,6,0,7,0,75,1,0,0,346,5,0,0,3,3,0,6,0,0,1,1,0,20,1,0,0,1,0,0,0,0,0,0,34,0,0,2,0,2,1,5,0,0,0,0,0,0,0,1,42,0,0,1,20,0,0,3,0,1,2,0,0,0,0,6,4,10,3,0,10,1,5,1,133,0,0,0,0,1,2,3,5,0,0,0,0,0,0,1,0,0,2,45,0,3,0,0,0,0,1,1,0,1,0,0,0,0,1,0,0,0,0,21,60,0,0,0,2,1,8,0,0,0,0,4,0,3,1,3,0,1,0,0,11,2,1,3,3,0,30,1,0,0,0,3,0,0,0,0,0,0,0,1,0,15,0,1,0
