NR_ZONA,NR_LOCAL_VOTACAO,NM_LOCAL_VOTACAO,DS_LOCAL_VOTACAO_ENDERECO,NM_BAIRRO,NR_LATITUDE,NR_LONGITUDE,ID_BAIRRO,FL_TRANSITO,QT_ELEITORES,QT_VOTOS_TOTAL,QT_VOTOS_BRANCOS,QT_VOTOS_NULOS,QT_VOTOS_ANULADOS,LEG_10,LEG_11,LEG_12,LEG_13,LEG_14,LEG_15,LEG_16,LEG_18,LEG_20,LEG_22,LEG_23,LEG_25,LEG_29,LEG_30,LEG_33,LEG_35,LEG_43,LEG_44,LEG_45,LEG_50,LEG_55,LEG_65,LEG_70,LEG_77,LEG_80,CAND_10000,CAND_10010,CAND_10055,CAND_10077,CAND_10100,CAND_10110,CAND_10111,CAND_10123,CAND_10150,CAND_10190,CAND_10222,CAND_10234,CAND_10277,CAND_10321,CAND_10333,CAND_10444,CAND_10456,CAND_10555,CAND_10669,CAND_10777,CAND_10789,CAND_10852,CAND_10888,CAND_10999,CAND_11000,CAND_11010,CAND_11011,CAND_11022,CAND_11023,CAND_11028,CAND_11033,CAND_11100,CAND_11111,CAND_11123,CAND_11190,CAND_11200,CAND_11211,CAND_11222,CAND_11223,CAND_11234,CAND_11333,CAND_11345,CAND_11357,CAND_11400,CAND_11411,CAND_11444,CAND_11456,CAND_11511,CAND_11555,CAND_11600,CAND_11680,CAND_11777,CAND_11888,CAND_11999,CAND_12000,CAND_12007,CAND_12010,CAND_12012,CAND_12020,CAND_12044,CAND_12045,CAND_12088,CAND_12100,CAND_12108,CAND_12111,CAND_12121,CAND_12122,CAND_12123,CAND_12135,CAND_12140,CAND_12200,CAND_12220,CAND_12222,CAND_12240,CAND_12300,CAND_12312,CAND_12322,CAND_12333,CAND_12345,CAND_12412,CAND_12444,CAND_12456,CAND_12512,CAND_12543,CAND_12555,CAND_12612,CAND_12654,CAND_12666,CAND_12712,CAND_12777,CAND_12809,CAND_12920,CAND_13000,CAND_13003,CAND_13007,CAND_13012,CAND_13013,CAND_13022,CAND_13023,CAND_13026,CAND_13027,CAND_13033,CAND_13050,CAND_13100,CAND_13111,CAND_13113,CAND_13116,CAND_13123,CAND_13130,CAND_13131,CAND_13132,CAND_13133,CAND_13186,CAND_13190,CAND_13200,CAND_13213,CAND_13222,CAND_13233,CAND_13300,CAND_13321,CAND_13331,CAND_13333,CAND_13400,CAND_13413,CAND_13420,CAND_13456,CAND_13500,CAND_13513,CAND_13555,CAND_13567,CAND_13579,CAND_13613,CAND_13700,CAND_13800,CAND_13813,CAND_13888,CAND_14000,CAND_14007,CAND_14011,CAND_14014,CAND_14021,CAND_14039,CAND_14041,CAND_14042,CAND_14100,CAND_14111,CAND_14114,CAND_14123,CAND_14131,CAND_14141,CAND_14143,CAND_14144,CAND_14214,CAND_14222,CAND_14244,CAND_14321,CAND_14333,CAND_14441,CAND_14444,CAND_14446,CAND_14500,CAND_14555,CAND_14700,CAND_14714,CAND_14777,CAND_14900,CAND_14914,CAND_14999,CAND_15000,CAND_15005,CAND_15007,CAND_15015,CAND_15026,CAND_15033,CAND_15038,CAND_15050,CAND_15055,CAND_15077,CAND_15100,CAND_15111,CAND_15123,CAND_15151,CAND_15153,CAND_15181,CAND_15190,CAND_15200,CAND_15222,CAND_15228,CAND_15234,CAND_15300,CAND_15444,CAND_15500,CAND_15545,CAND_15555,CAND_15567,CAND_15580,CAND_15600,CAND_15678,CAND_15700,CAND_15768,CAND_15777,CAND_15789,CAND_15800,CAND_15888,CAND_15911,CAND_16000,CAND_16123,CAND_18000,CAND_18021,CAND_18022,CAND_18025,CAND_18066,CAND_18111,CAND_18123,CAND_18124,CAND_18125,CAND_18190,CAND_18199,CAND_18222,CAND_18257,CAND_18300,CAND_18333,CAND_18444,CAND_18456,CAND_18473,CAND_18545,CAND_18555,CAND_18567,CAND_18610,CAND_18777,CAND_18800,CAND_18836,CAND_18881,CAND_18888,CAND_18999,CAND_20000,CAND_20007,CAND_20008,CAND_20009,CAND_20010,CAND_20012,CAND_20020,CAND_20022,CAND_20023,CAND_20026,CAND_20033,CAND_20042,CAND_20050,CAND_20070,CAND_20077,CAND_20100,CAND_20102,CAND_20111,CAND_20120,CAND_20122,CAND_20123,CAND_20128,CAND_20147,CAND_20190,CAND_20191,CAND_20200,CAND_20202,CAND_20220,CAND_20222,CAND_20230,CAND_20234,CAND_20246,CAND_20258,CAND_20300,CAND_20321,CAND_20333,CAND_20345,CAND_20369,CAND_20400,CAND_20444,CAND_20456,CAND_20500,CAND_20555,CAND_20567,CAND_20678,CAND_20700,CAND_20777,CAND_20789,CAND_20800,CAND_20888,CAND_20999,CAND_22000,CAND_22001,CAND_22002,CAND_22007,CAND_22010,CAND_22012,CAND_22014,CAND_22015,CAND_22017,CAND_22022,CAND_22025,CAND_22027,CAND_22043,CAND_22045,CAND_22090,CAND_22100,CAND_22111,CAND_22122,CAND_22123,CAND_22148,CAND_22190,CAND_22199,CAND_22200,CAND_22202,CAND_22212,CAND_22222,CAND_22224,CAND_22225,CAND_22233,CAND_22252,CAND_22321,CAND_22322,CAND_22333,CAND_22345,CAND_22357,CAND_22410,CAND_22422,CAND_22444,CAND_22456,CAND_22500,CAND_22522,CAND_22525,CAND_22555,CAND_22622,CAND_22655,CAND_22656,CAND_22700,CAND_22722,CAND_22727,CAND_22777,CAND_22789,CAND_22822,CAND_22888,CAND_22922,CAND_22999,CAND_23023,CAND_23100,CAND_23111,CAND_23300,CAND_23456,CAND_23600,CAND_23833,CAND_23933,CAND_25000,CAND_25025,CAND_25222,CAND_25555,CAND_25888,CAND_29000,CAND_29029,CAND_30000,CAND_30003,CAND_30006,CAND_30007,CAND_30008,CAND_30010,CAND_30011,CAND_30020,CAND_30022,CAND_30026,CAND_30030,CAND_30033,CAND_30038,CAND_30040,CAND_30041,CAND_30042,CAND_30077,CAND_30100,CAND_30111,CAND_30118,CAND_30123,CAND_30144,CAND_30190,CAND_30191,CAND_30222,CAND_30234,CAND_30300,CAND_30303,CAND_30333,CAND_30345,CAND_30444,CAND_30456,CAND_30555,CAND_30630,CAND_30700,CAND_30777,CAND_30789,CAND_30800,CAND_30888,CAND_30963,CAND_30999,CAND_33011,CAND_33012,CAND_33033,CAND_33123,CAND_33153,CAND_33190,CAND_33300,CAND_33321,CAND_33333,CAND_33444,CAND_33448,CAND_33456,CAND_33987,CAND_33999,CAND_35000,CAND_35203,CAND_35277,CAND_35321,CAND_35350,CAND_35678,CAND_43123,CAND_43333,CAND_43777,CAND_44000,CAND_44007,CAND_44011,CAND_44044,CAND_44100,CAND_44111,CAND_44123,CAND_44129,CAND_44180,CAND_44190,CAND_44222,CAND_44333,CAND_44410,CAND_44411,CAND_44444,CAND_44445,CAND_44456,CAND_44500,CAND_44600,CAND_44744,CAND_44777,CAND_44800,CAND_44888,CAND_44994,CAND_44999,CAND_45000,CAND_45001,CAND_45006,CAND_45022,CAND_45030,CAND_45033,CAND_45044,CAND_45045,CAND_45100,CAND_45112,CAND_45115,CAND_45123,CAND_45134,CAND_45190,CAND_45193,CAND_45197,CAND_45235,CAND_45245,CAND_45300,CAND_45333,CAND_45337,CAND_45345,CAND_45353,CAND_45400,CAND_45444,CAND_45455,CAND_45474,CAND_45522,CAND_45555,CAND_45600,CAND_45612,CAND_45622,CAND_45670,CAND_45678,CAND_45680,CAND_45700,CAND_45722,CAND_45777,CAND_45789,CAND_45800,CAND_45822,CAND_45845,CAND_45860,CAND_45999,CAND_50000,CAND_50013,CAND_50050,CAND_50055,CAND_50100,CAND_50123,CAND_50150,CAND_50321,CAND_50354,CAND_50500,CAND_50777,CAND_50888,CAND_55000,CAND_55001,CAND_55011,CAND_55015,CAND_55022,CAND_55023,CAND_55055,CAND_55100,CAND_55111,CAND_55120,CAND_55123,CAND_55125,CAND_55126,CAND_55128,CAND_55129,CAND_55156,CAND_55188,CAND_55194,CAND_55222,CAND_55321,CAND_55332,CAND_55333,CAND_55355,CAND_55455,CAND_55456,CAND_55500,CAND_55525,CAND_55550,CAND_55551,CAND_55555,CAND_55565,CAND_55588,CAND_55600,CAND_55633,CAND_55660,CAND_55678,CAND_55700,CAND_55701,CAND_55710,CAND_55775,CAND_55777,CAND_55789,CAND_55800,CAND_55810,CAND_55888,CAND_55900,CAND_65000,CAND_65123,CAND_65650,CAND_70000,CAND_70001,CAND_70007,CAND_70010,CAND_70022,CAND_70060,CAND_70070,CAND_70100,CAND_70103,CAND_70111,CAND_70123,CAND_70190,CAND_70192,CAND_70222,CAND_70255,CAND_70333,CAND_70357,CAND_70369,CAND_70400,CAND_70420,CAND_70456,CAND_70555,CAND_70561,CAND_70570,CAND_70670,CAND_70700,CAND_70701,CAND_70707,CAND_70710,CAND_70789,CAND_70888,CAND_70999,CAND_77000,CAND_77018,CAND_77111,CAND_77300,CAND_77678,CAND_77777,CAND_77977,CAND_80000,CAND_80080
1,1244,COLEGIO ESTADUAL ANGELO TREVISAN,R CARLOS RAZERA   445,VISTA ALEGRE,-25.41149479,-49.29358008,31,0,5026,4029,181,144,0,11,1,10,55,11,4,0,0,2,60,0,1,1,44,1,0,2,3,5,5,20,2,1,0,1,1,0,0,0,1,0,0,40,0,1,0,0,0,0,0,0,5,3,176,0,111,0,3,5,0,0,2,0,1,0,8,3,11,0,2,0,0,0,0,0,3,0,29,1,2,0,0,64,0,0,0,1,0,7,1,0,0,3,11,0,0,0,0,172,0,2,1,4,0,3,0,0,5,0,0,0,6,0,11,0,0,1,1,0,0,0,0,0,0,0,0,0,7,5,0,0,24,0,0,53,0,12,1,3,2,24,3,51,60,49,17,3,0,0,0,3,46,0,2,0,1,5,0,25,4,0,4,1,0,2,0,0,0,1,0,0,10,0,0,17,0,1,0,2,3,1,0,1,0,1,3,1,0,0,0,0,0,8,74,0,0,1,0,1,0,0,1,0,5,1,4,1,0,0,2,5,0,1,7,0,21,0,6,0,9,0,1,0,0,0,3,0,0,4,0,0,1,0,0,0,6,0,4,0,0,0,2,0,0,0,0,0,0,0,0,0,1,0,0,0,0,0,1,0,0,0,0,1,0,0,0,0,0,0,1,39,24,0,3,1,1,20,8,4,1,0,0,0,0,0,0,0,4,0,0,1,2,3,1,0,23,0,3,0,0,0,0,0,0,1,0,5,0,0,1,0,1,23,0,0,0,0,0,0,2,0,97,5,1,76,4,1,2,0,4,6,0,1,0,0,3,0,76,52,11,1,17,1,2,0,1,21,0,6,2,0,0,6,4,2,18,1,0,30,1,34,3,2,3,3,12,0,1,0,4,96,1,4,2,218,5,0,0,0,0,0,0,0,0,0,0,0,0,2,0,0,18,0,0,0,0,0,0,1,81,4,1,2,46,0,2,0,19,1,0,2,8,3,0,1,2,80,30,16,9,2,0,48,0,1,3,8,0,2,0,0,1,0,0,0,3,0,0,0,0,1,0,0,2,0,0,0,0,0,0,0,0,1,2,0,0,0,0,0,0,0,0,0,0,23,3,0,1,1,41,1,0,5,0,0,12,0,0,0,0,1,0,0,0,0,0,0,0,0,0,0,2,0,0,0,7,0,2,1,0,0,0,0,0,0,0,1,0,0,0,0,0,0,1,1,0,0,6,0,4,0,0,0,0,0,0,0,0,0,11,0,0,0,145,2,0,0,1,0,57,3,25,3,0,7,10,2,2,0,1,0,18,1,0,25,0,0,2,1,2,4,1,0,0,0,125,1,6,4,2,0,13,5,0,0,0,11,6,17,29,9,0,2,12,0,3,0,0,0,0,0,0,1,0,0,2,0,0,0,1,0,2,0,0,0,0,37,0,0,0,0,0,0,2,0,0,0,0,0,0,0,0,2,0,1,1
1,1252,ESCOLA ESTADUAL DONA CAROLA,R SOLIMOES  290,SÃO FRANCISCO,-25.41958047,-49.27991765,2,0,1659,1317,54,47,0,1,0,5,20,3,0,0,0,0,12,0,0,0,17,2,0,0,0,0,1,5,1,0,0,0,0,0,0,0,0,0,0,8,1,0,0,0,0,0,0,0,5,1,59,0,32,0,1,0,0,0,0,0,3,0,1,1,1,0,1,0,0,0,0,0,2,0,11,0,1,0,0,20,0,0,0,1,0,0,0,0,0,0,1,0,0,0,0,75,0,5,0,3,1,0,0,0,3,0,0,0,0,0,1,0,0,0,0,0,0,0,0,0,0,0,0,0,2,3,0,0,13,0,0,12,0,5,0,0,3,11,0,18,28,16,4,2,0,0,3,0,19,0,0,0,1,0,0,5,5,0,1,0,0,0,0,0,0,1,1,1,5,0,0,1,2,0,0,0,0,0,0,0,0,0,0,0,0,0,0,0,0,6,19,0,0,0,0,0,0,0,0,0,1,0,0,0,0,0,0,0,0,1,0,0,19,1,1,0,8,1,0,0,0,0,0,0,0,1,0,0,0,0,0,0,2,0,1,0,0,0,0,0,0,0,0,0,0,0,0,0,0,0,0,0,0,0,0,0,0,0,0,0,0,0,0,0,0,0,0,19,4,0,0,0,0,7,0,0,0,0,0,0,0,0,0,0,0,0,0,1,0,1,0,0,4,0,0,0,0,0,0,0,0,0,0,0,0,0,0,0,0,3,0,0,0,0,0,0,0,0,26,0,0,30,2,0,0,0,3,5,0,0,0,0,1,0,35,22,3,0,8,2,0,0,1,9,0,4,1,0,1,3,0,0,7,1,0,8,0,26,0,1,1,0,5,0,0,0,0,34,1,1,0,58,0,0,0,0,0,0,0,0,0,0,0,0,0,0,0,0,7,0,0,0,0,0,0,1,34,0,0,0,17,0,1,0,17,0,0,0,1,0,0,1,1,18,10,2,1,0,0,20,0,2,0,1,2,3,0,0,1,0,0,0,0,0,0,0,0,0,0,0,2,0,0,0,0,0,3,0,0,0,1,0,0,0,0,0,0,0,0,0,0,4,0,0,0,0,18,0,0,3,1,0,0,0,0,0,0,0,0,0,0,0,0,1,0,0,0,0,0,0,0,1,1,0,0,0,0,0,0,0,0,0,0,1,0,0,0,0,0,0,0,0,0,0,2,0,0,0,0,0,1,0,0,0,0,0,6,0,0,0,49,1,0,0,0,0,2,0,9,0,0,3,6,1,2,0,0,0,4,0,0,8,0,0,0,1,4,0,0,0,0,0,42,0,0,5,1,0,5,1,0,1,0,2,0,3,6,0,0,0,2,0,1,0,1,0,0,0,0,0,0,0,0,0,0,0,0,0,1,0,0,0,0,3,0,0,0,0,0,0,0,0,0,0,0,0,0,0,0,0,0,1,0
1,1260,ESCOLA MUNICIPAL MIRAZINHA BRAGA,R CORONEL JOAO GUILHERME GUIMARAES 1500,BOM RETIRO,-25.40885668,-49.28136751,13,0,2089,1734,75,64,0,3,1,5,29,7,0,0,0,3,26,2,0,0,14,0,0,2,2,2,1,6,0,0,1,1,0,0,0,2,0,0,0,13,4,0,0,0,0,0,1,0,2,5,58,0,46,0,0,0,0,0,1,0,2,2,2,2,5,0,1,0,0,1,0,0,0,0,12,0,0,0,0,15,0,0,0,2,0,1,1,0,0,2,4,0,0,0,0,89,0,9,0,1,0,1,0,0,6,0,0,0,2,0,0,0,0,0,0,0,0,0,0,0,0,0,0,0,5,2,0,1,11,0,2,27,0,4,0,2,0,16,1,22,27,15,3,0,0,0,1,0,31,0,0,2,0,0,0,16,1,0,3,0,0,0,0,0,2,1,1,0,8,0,0,8,0,0,0,0,0,0,0,2,0,0,0,0,0,0,0,0,0,2,39,1,1,1,0,0,0,0,0,0,0,1,1,0,0,0,0,1,0,0,2,0,15,0,2,0,11,0,0,0,0,0,0,0,0,1,0,0,2,0,0,0,3,0,1,0,0,0,0,0,0,0,0,0,0,0,0,0,0,0,2,0,0,0,0,0,0,0,0,0,0,0,0,0,0,0,0,23,7,2,0,0,0,29,3,1,0,0,0,0,0,1,0,0,0,0,0,4,0,0,0,0,8,0,1,0,0,0,0,0,0,0,0,0,0,0,0,0,1,7,0,0,0,0,0,0,0,0,55,1,1,18,0,0,0,0,2,2,0,0,0,0,0,1,25,38,6,0,3,4,2,1,0,12,0,6,0,0,0,1,1,0,19,0,0,8,0,16,0,0,1,2,4,0,0,0,2,44,0,1,2,74,0,3,0,0,0,0,0,0,0,0,0,0,0,0,1,1,8,0,0,0,0,0,0,2,46,2,0,0,25,0,1,2,13,0,0,1,3,1,1,2,1,11,13,0,2,0,0,25,0,6,0,0,2,3,0,0,0,0,0,0,1,0,0,0,0,0,0,0,0,0,0,0,0,0,0,0,0,1,3,1,1,0,0,0,4,0,0,0,0,16,0,0,0,0,18,3,0,0,0,0,1,0,0,0,0,0,1,0,0,0,0,0,0,0,0,0,0,3,1,0,0,0,0,0,0,0,0,2,0,0,0,1,0,0,0,0,0,0,0,0,0,0,0,0,0,0,0,0,0,0,0,0,0,0,2,0,0,0,74,2,0,4,1,0,5,2,16,0,0,3,0,2,3,0,0,0,11,0,0,7,0,0,1,0,1,0,0,0,2,0,47,0,0,4,0,1,4,3,0,0,0,3,0,3,9,5,0,0,1,0,0,0,0,0,0,0,1,0,0,0,0,0,0,0,0,0,0,0,0,0,0,9,0,0,0,0,0,0,0,0,0,0,0,0,0,0,0,1,0,0,0
1,1279,ESCOLA MUNICIPAL NYMPHA MARIA DA ROCHA PEPLOW,R BATISTA PESSINE 1029,VISTA ALEGRE,-25.41214346,-49.30378369,31,0,1508,1230,66,34,0,4,1,4,20,1,0,0,0,1,13,0,0,0,10,0,0,0,0,1,0,2,0,1,0,0,0,0,0,0,0,0,0,30,0,0,0,0,0,1,0,0,1,2,61,0,19,0,0,1,0,0,0,0,8,0,0,1,5,0,0,2,0,0,0,0,0,0,6,0,0,0,0,6,0,0,0,0,0,1,0,0,0,1,2,0,0,0,0,38,0,3,0,3,0,0,1,0,0,0,0,0,2,0,3,0,0,0,0,0,0,0,0,0,0,1,0,0,2,0,0,1,9,1,2,20,0,1,0,3,1,5,0,11,15,16,1,1,0,0,0,1,13,1,0,1,0,1,0,5,2,0,1,0,0,0,0,0,0,2,0,0,3,0,0,7,0,0,0,0,2,0,1,1,0,0,1,0,0,0,0,0,0,0,19,0,0,0,0,0,0,0,0,0,1,0,1,2,0,0,0,3,0,0,2,0,4,0,1,0,1,0,0,1,0,0,0,0,0,0,0,0,0,0,0,0,3,0,0,0,0,0,0,0,0,0,0,0,0,4,0,0,0,0,0,0,0,0,0,0,1,0,0,0,0,0,0,0,0,0,0,21,6,0,0,0,0,8,4,2,0,0,0,0,0,0,0,0,1,0,0,6,0,0,0,0,9,0,0,2,0,0,0,0,0,0,0,0,0,0,0,0,3,7,0,0,0,0,0,0,1,0,18,2,1,15,0,0,0,0,2,1,0,0,0,0,1,0,25,27,1,0,7,0,0,0,2,10,0,5,0,0,0,4,0,0,5,0,1,14,1,9,1,0,0,0,4,0,1,0,0,34,0,2,2,65,0,0,0,0,0,0,0,0,0,0,0,0,0,1,0,0,6,0,0,0,0,1,0,0,31,3,0,0,10,0,0,0,4,0,0,1,2,6,2,0,3,36,7,4,4,0,0,15,0,0,0,0,1,3,0,1,0,1,0,0,0,0,0,0,0,0,1,0,1,0,0,0,0,0,0,0,0,0,0,0,0,0,0,0,0,0,0,0,0,12,0,0,0,0,10,0,0,0,0,0,1,0,0,0,0,1,0,0,0,0,0,0,0,0,0,0,1,0,0,0,1,0,0,0,0,0,0,0,0,0,1,0,0,0,0,0,0,0,0,0,0,0,0,0,0,0,0,0,0,0,0,0,0,0,0,0,1,0,34,0,0,0,0,0,12,2,5,0,0,0,2,5,1,0,0,0,2,0,0,0,1,0,0,0,0,0,0,0,0,0,47,3,0,1,0,0,7,0,0,0,0,1,1,2,14,1,0,0,3,0,2,0,0,0,0,0,0,0,0,0,1,0,0,0,0,0,0,0,0,0,0,51,0,0,0,0,0,0,0,0,0,0,0,0,0,0,0,0,0,0,0
1,1317,COLÉGIO ADVENTISTA BOM RETIRO (PARTICULAR),R LYSIMACO FERREIRA DA COSTA 980,BOM RETIRO,-25.41612053,-49.27517221,13,0,3789,2978,119,83,0,9,1,6,48,6,0,0,1,4,43,0,1,0,26,0,0,0,2,3,3,6,0,1,0,1,0,0,0,0,0,0,0,14,1,0,0,0,0,2,0,0,5,4,112,0,73,1,0,4,0,0,0,0,4,1,1,1,11,0,0,0,0,1,0,0,0,0,13,2,4,0,1,37,0,3,0,1,0,0,3,3,0,2,9,0,0,0,0,180,0,3,2,7,0,1,0,0,5,0,0,0,2,0,4,0,0,0,1,0,0,0,0,0,0,0,0,0,4,2,1,2,11,0,1,51,0,13,2,3,1,17,2,41,51,38,30,3,0,0,0,0,35,0,3,2,1,4,0,14,6,0,1,0,2,6,0,0,0,3,3,1,12,0,0,14,0,0,0,1,0,0,0,1,0,0,0,5,0,0,0,0,0,9,59,0,0,0,0,0,0,0,0,0,5,1,8,0,1,0,0,1,0,1,2,0,20,0,3,0,7,0,0,0,0,0,2,1,0,2,0,0,1,0,0,0,6,0,0,1,0,0,1,0,0,0,0,0,0,1,0,0,0,0,0,0,0,0,0,0,0,0,0,0,0,1,0,0,0,0,0,21,15,0,0,0,3,27,7,1,0,1,0,0,0,0,0,0,0,0,0,1,0,1,1,0,14,0,0,2,1,1,0,0,0,3,0,4,0,0,0,0,3,3,0,0,1,0,0,0,0,0,85,1,6,41,2,0,0,0,4,12,0,1,0,0,2,2,45,62,6,0,14,0,1,0,1,17,0,11,1,1,0,3,6,0,8,3,3,27,0,22,1,0,0,3,7,1,0,1,1,79,0,5,1,155,2,2,0,0,0,0,0,0,0,0,0,0,2,1,0,0,20,1,0,0,0,0,1,1,66,7,2,3,28,0,1,0,25,0,0,1,3,1,1,3,9,43,21,3,1,0,0,36,0,1,1,1,0,5,0,0,0,1,0,0,1,0,0,0,2,1,0,0,3,0,1,0,0,0,0,0,0,0,1,0,0,0,0,0,1,0,2,0,0,18,1,0,0,0,43,0,0,0,0,0,0,0,0,0,2,2,0,0,0,0,0,1,0,0,0,0,1,0,0,0,5,0,0,0,1,0,0,0,0,0,0,1,0,0,0,0,0,1,0,0,0,0,0,0,1,0,0,0,0,0,0,0,0,0,11,0,0,0,120,0,0,1,1,1,19,5,19,0,0,10,4,2,4,1,3,0,9,0,0,6,0,0,0,2,7,1,5,0,0,0,97,3,1,8,0,0,8,0,0,0,0,10,4,11,16,9,1,0,6,4,8,0,0,0,0,1,6,1,0,1,0,0,0,0,0,0,1,0,0,0,0,11,0,0,0,0,0,0,1,0,0,0,0,1,0,0,0,0,0,4,0
1,1325,COLÉGIO CATÓLICA DE CURITIBA,NILO PECANHA  1635,BOM RETIRO,-25.406049,-49.2759618,13,0,4517,3644,137,96,0,8,3,14,43,11,0,1,1,2,68,2,0,0,22,1,1,1,3,3,9,14,0,2,1,1,0,0,0,1,0,0,0,19,2,0,0,0,0,1,0,0,6,9,135,0,102,0,5,5,0,0,1,1,9,0,4,4,16,0,3,0,0,0,0,0,1,0,22,1,3,0,0,48,0,0,0,2,0,5,2,1,0,7,11,0,0,0,0,247,0,13,1,6,2,0,0,0,5,0,0,0,2,0,2,0,0,1,1,0,0,0,0,0,0,0,0,0,6,3,1,0,11,0,0,53,0,3,0,1,5,13,1,40,70,35,22,1,0,0,6,1,55,1,0,0,1,6,0,21,6,1,1,1,0,4,0,0,0,5,5,0,10,0,0,24,1,1,0,1,0,0,0,0,0,0,0,0,0,0,0,0,0,5,71,0,0,0,0,0,0,0,0,0,3,1,4,0,0,1,0,4,0,0,2,0,30,0,1,0,9,0,0,0,0,0,5,0,0,0,0,0,0,0,0,0,6,0,0,0,0,0,0,0,0,0,0,0,0,0,0,0,0,0,1,0,0,0,0,0,0,0,1,0,0,0,0,0,4,0,0,46,16,0,0,0,1,32,5,2,1,0,0,0,1,2,0,0,0,0,0,1,0,1,0,0,7,0,1,2,0,0,1,0,1,1,0,1,5,0,0,0,4,8,0,0,0,1,0,0,1,0,97,0,14,71,0,0,2,0,2,6,0,1,0,0,2,1,49,55,15,0,18,0,0,0,2,20,0,2,2,0,0,6,0,2,15,2,2,11,0,36,0,3,0,1,13,0,0,0,4,70,0,5,7,219,1,0,0,0,0,0,0,0,0,1,0,0,0,1,0,0,25,0,0,0,0,0,0,2,88,7,1,0,62,0,1,1,17,0,0,3,2,5,1,0,4,75,27,8,7,0,0,62,0,2,5,4,1,6,0,0,0,2,0,0,0,0,0,0,0,1,3,0,4,0,1,0,0,0,0,0,1,0,2,1,2,0,0,0,1,1,1,0,0,9,0,0,0,0,45,2,0,0,0,0,1,0,0,0,0,2,0,2,0,0,0,1,0,0,0,0,0,2,1,0,3,0,0,0,0,0,0,0,0,0,0,2,0,0,0,0,0,1,0,0,0,0,5,2,1,0,0,0,1,0,0,0,0,0,6,0,0,0,124,0,0,0,1,0,17,5,49,3,1,5,6,7,4,0,3,0,26,1,0,14,0,0,0,0,2,1,4,0,1,0,125,4,2,10,0,0,14,1,1,0,0,8,9,7,20,5,4,1,5,4,4,0,0,0,0,0,2,0,0,0,0,0,0,0,0,0,0,0,0,0,0,5,0,0,0,2,0,0,0,0,0,0,0,1,0,0,0,0,0,1,0
1,1422,COLEGIO ESTADUAL BENTO MUNHOZ DA ROCHA NETO,R ELVIRA B POLAK  67,PILARZINHO,-25.39678581,-49.28933367,32,0,3939,3114,215,135,0,9,0,14,32,8,8,0,0,6,28,1,0,0,18,0,0,0,2,3,1,9,2,0,0,0,1,0,0,0,0,0,0,38,3,0,0,1,0,0,1,0,6,17,127,0,91,0,3,2,0,0,0,0,2,0,2,0,7,0,4,0,0,0,0,1,1,0,26,0,3,0,0,20,0,0,0,1,0,0,1,1,0,1,4,0,0,0,0,124,0,7,1,5,1,1,0,1,6,0,0,0,1,0,7,2,0,0,0,0,0,0,0,0,0,0,0,1,3,5,0,2,25,1,1,34,0,14,2,2,2,26,0,55,47,45,10,2,0,1,0,0,32,1,0,0,1,5,0,14,4,0,4,3,0,1,0,0,0,1,2,0,9,0,0,22,0,2,0,0,0,0,0,1,0,1,0,1,0,0,0,0,0,6,54,0,0,0,0,0,0,0,0,0,1,1,8,2,0,1,0,2,0,0,0,0,68,0,0,0,9,0,1,0,0,0,1,0,0,0,3,0,4,0,0,1,7,0,4,2,0,0,0,0,0,0,0,0,0,0,0,0,1,0,2,0,0,0,0,0,0,0,0,0,0,0,0,0,0,0,0,49,6,0,2,0,6,18,10,0,1,0,0,0,0,0,0,0,2,0,0,0,0,0,1,0,6,1,0,6,0,0,0,0,0,2,0,5,0,0,0,1,2,7,0,0,0,1,0,0,4,0,97,5,3,35,2,1,0,0,2,8,0,1,1,0,2,0,41,94,11,0,16,1,0,0,1,39,0,3,2,0,0,0,1,0,8,0,3,33,1,17,0,0,1,1,15,1,1,0,2,106,0,3,4,138,3,2,0,2,0,0,0,0,0,0,0,0,0,0,0,0,10,0,0,0,0,0,0,1,71,1,0,1,26,0,0,0,3,0,0,0,1,4,0,0,1,22,20,1,4,0,0,22,0,12,1,9,4,4,0,0,0,0,2,0,0,0,0,1,0,0,2,0,1,0,0,0,2,0,0,0,0,0,2,2,0,0,0,1,1,0,1,1,0,20,3,0,0,2,37,1,0,0,0,0,15,0,0,0,0,1,0,0,0,0,0,2,0,0,1,0,0,0,0,0,1,0,1,2,0,0,0,0,0,0,1,0,0,0,0,0,0,0,1,0,1,0,0,1,0,0,0,0,0,0,0,0,0,0,5,1,1,0,120,0,0,5,1,0,5,6,13,0,0,5,3,8,2,0,1,0,9,0,0,12,0,0,0,1,2,0,2,0,0,0,73,0,0,6,0,0,15,1,0,0,0,3,4,6,22,9,0,1,7,3,0,0,0,0,0,0,1,0,0,1,3,0,0,0,0,0,0,0,0,0,0,20,0,0,0,0,0,2,0,1,0,0,0,0,0,0,0,0,0,2,0
1,1430,ESCOLA MUNICIPAL HERLEY MEHL,RUA SATURNINO ARRUDA DOS SANTOS 80,PILARZINHO,-25.38869683,-49.28458932,32,0,4599,3692,264,174,0,19,5,15,53,7,4,1,2,6,61,0,2,1,19,1,2,0,7,2,6,14,0,2,0,1,2,1,0,1,0,0,0,37,1,0,0,1,0,3,0,0,24,4,178,0,133,0,4,2,0,0,4,0,2,3,1,4,16,1,1,0,0,0,0,0,0,1,46,0,3,0,0,43,0,0,0,4,0,1,2,2,0,1,6,0,0,0,0,98,0,8,1,2,2,0,0,0,7,0,0,0,0,0,2,0,0,0,0,0,0,0,0,0,0,0,0,0,7,15,0,0,28,1,2,36,0,13,0,4,4,33,0,42,53,41,19,5,0,0,2,0,40,0,6,0,0,7,0,38,6,0,4,0,0,0,2,3,0,1,4,2,5,3,1,19,0,2,0,0,0,0,0,1,0,1,2,2,0,0,0,0,0,4,42,0,3,1,0,0,0,0,0,1,4,0,5,1,0,0,0,0,0,1,3,1,64,0,1,0,11,0,0,1,0,1,1,1,0,1,6,0,0,0,0,0,7,0,1,1,0,0,1,0,0,0,0,0,0,0,0,0,2,0,4,0,0,0,0,1,1,0,0,0,0,0,0,0,0,0,0,44,13,4,0,0,2,10,13,2,4,0,0,0,0,2,0,0,0,0,0,2,0,3,3,0,12,1,0,2,0,0,0,0,1,2,0,7,0,0,0,0,1,15,0,0,0,0,0,0,0,0,69,8,4,33,2,0,1,0,4,7,0,0,0,0,2,0,51,140,6,1,19,0,2,0,0,40,0,5,0,1,1,5,2,1,3,0,1,40,0,20,0,0,1,5,12,0,0,1,2,146,0,2,2,145,1,1,0,0,0,0,0,0,0,0,0,0,0,0,0,0,10,0,0,0,0,0,0,3,69,1,2,1,32,0,2,0,7,0,0,5,2,7,0,9,4,33,25,1,3,0,1,14,0,8,0,13,1,2,0,0,0,0,0,0,0,0,0,0,0,0,3,0,1,0,0,0,1,0,0,0,0,0,0,3,0,0,0,0,0,1,0,2,0,30,1,0,0,1,38,1,0,0,0,1,6,0,0,0,1,0,0,0,0,0,0,4,0,0,0,0,0,0,0,0,3,0,0,1,0,0,0,0,0,0,0,2,2,0,0,0,0,1,0,0,0,0,3,0,1,0,0,0,0,0,0,0,0,0,6,0,1,0,103,0,0,0,1,1,11,5,22,1,1,6,6,1,3,0,1,0,13,0,0,6,0,0,1,0,1,0,0,0,0,0,94,0,2,13,1,0,4,0,0,0,0,6,1,17,22,7,1,0,6,1,3,0,0,0,0,0,5,0,0,0,0,0,0,0,0,0,1,0,0,0,0,77,0,0,0,0,0,0,0,1,0,0,0,0,0,1,0,1,0,2,0
1,1457,ESCOLA ESTADUAL PROFESSORA MARIA HELOISA CASSELI,RUA CATHARINA POTINA DE MAURO 80,PILARZINHO,-25.39274258,-49.30096661,32,0,2081,1678,117,58,0,7,5,5,23,7,2,0,0,4,23,0,1,0,13,1,0,0,1,0,0,9,1,0,0,0,0,0,1,0,0,0,0,29,3,0,0,0,0,0,0,0,11,6,70,0,53,0,0,0,0,0,0,0,0,0,0,1,2,0,0,0,0,0,0,0,1,0,11,0,0,0,0,21,0,0,0,0,0,0,0,0,0,1,0,0,0,0,0,41,0,5,0,1,0,0,0,0,0,0,0,0,0,0,1,0,0,0,0,0,0,0,0,0,0,0,0,0,0,7,0,0,19,0,2,18,0,4,1,1,0,11,0,25,15,22,4,1,0,0,0,0,21,0,0,2,0,4,0,11,2,0,2,0,0,0,1,0,0,0,0,0,5,1,0,11,0,0,0,0,0,0,0,0,0,0,0,0,0,0,0,0,0,1,22,0,0,0,0,0,1,0,0,1,1,0,3,0,0,0,0,0,0,0,3,0,39,0,0,0,0,0,0,0,0,0,0,0,0,0,1,0,0,0,0,0,0,0,0,0,0,0,0,0,0,0,0,0,0,0,0,0,0,0,2,0,0,0,0,0,0,0,0,0,0,0,0,0,0,0,0,16,4,0,0,0,0,5,3,2,1,0,1,0,0,0,0,0,2,0,0,2,1,0,0,0,2,0,0,0,0,0,0,0,0,1,0,2,0,1,0,0,0,21,0,0,0,0,0,0,0,0,54,4,0,23,0,0,0,0,2,3,0,0,0,0,0,0,28,69,1,0,6,2,1,0,0,24,0,0,0,0,0,2,0,0,1,0,1,30,0,7,0,0,1,1,1,1,0,0,3,70,0,0,1,87,0,0,0,0,0,0,0,0,1,0,0,0,0,0,0,0,3,0,2,0,0,0,0,0,30,4,0,0,13,0,0,0,3,0,0,0,3,8,0,11,1,7,1,2,2,0,0,9,0,17,1,7,0,3,0,0,0,0,0,0,0,0,0,0,0,0,0,0,0,0,0,0,1,0,0,0,1,0,0,0,1,0,0,1,0,3,1,0,0,10,0,0,0,0,26,0,0,2,0,0,37,0,0,0,0,4,0,2,0,0,0,9,0,0,0,0,0,0,0,1,2,0,0,2,0,0,0,0,0,0,0,0,0,0,0,0,0,1,0,0,0,0,4,0,1,0,0,0,0,0,0,0,0,0,3,0,0,0,31,0,0,1,1,0,4,4,3,2,0,5,2,6,0,0,0,0,4,0,0,1,0,0,0,0,0,0,0,0,1,0,23,0,2,2,0,0,20,0,0,0,0,1,1,2,5,2,1,0,7,0,1,0,0,0,0,0,2,1,0,1,0,0,0,0,0,0,0,0,0,0,0,10,0,0,0,0,0,2,0,0,0,0,2,0,0,1,0,0,0,1,0
1,1465,ESCOLA MUNICIPAL PILARZINHO,R ANTÔNIO PETRUZZIELLO 85,PILARZINHO,-25.38910219,-49.29454348,32,0,2223,1739,176,89,0,9,2,8,39,2,7,0,2,5,27,0,1,0,8,0,1,0,2,2,1,7,0,0,0,0,0,2,0,0,0,0,0,41,3,0,0,0,0,0,0,1,18,8,51,1,57,1,0,0,0,0,0,0,0,1,0,1,6,0,2,0,0,0,0,0,0,0,21,0,0,0,0,11,0,0,0,1,0,0,1,0,0,1,2,0,0,0,0,32,0,4,0,1,0,5,0,0,1,0,0,0,3,0,1,0,0,0,0,1,0,0,0,0,0,0,0,0,1,8,0,1,10,0,0,19,0,15,4,0,2,20,1,18,20,28,9,5,0,1,0,0,23,0,3,0,0,2,0,9,0,0,1,0,0,0,0,0,0,0,4,1,1,0,0,6,0,0,0,0,0,0,0,0,1,1,0,0,0,0,0,0,0,1,26,0,0,0,0,0,0,0,0,0,0,0,7,0,0,0,0,0,0,0,2,0,31,0,2,0,11,0,1,0,0,0,0,0,0,0,3,0,0,0,0,0,2,0,0,0,0,0,0,0,0,0,0,0,0,0,0,0,4,0,1,0,0,0,0,0,0,0,0,0,0,0,0,0,0,0,0,23,6,0,0,0,1,3,1,0,0,0,0,0,0,1,0,0,5,0,0,1,0,0,4,0,0,0,0,1,0,0,0,0,0,0,0,4,0,0,0,0,1,10,0,0,0,0,0,0,0,0,32,3,0,11,2,0,0,0,1,2,0,0,0,0,2,0,16,90,0,0,3,1,0,0,1,17,0,1,1,0,1,0,0,0,3,0,0,24,0,13,0,0,4,1,4,0,0,0,1,91,0,2,2,77,0,0,0,0,0,0,0,0,0,0,0,0,0,0,0,0,3,0,0,0,0,0,0,0,29,1,1,1,8,0,0,0,0,0,1,1,1,5,0,1,2,16,6,1,2,0,0,6,0,13,0,5,0,2,0,0,0,0,0,0,0,0,0,0,0,1,1,0,3,0,0,0,0,0,0,0,0,0,0,1,0,0,1,0,0,0,1,0,0,11,1,0,0,1,25,0,0,0,0,0,3,0,0,0,1,0,0,0,0,0,0,0,0,0,0,0,0,0,0,0,0,0,0,1,0,0,0,0,0,0,0,1,0,0,0,0,0,0,1,0,0,0,0,0,1,0,0,0,0,1,0,1,0,0,1,0,0,0,19,0,0,0,0,0,13,5,5,0,0,2,1,1,3,0,1,0,2,0,0,1,0,0,4,1,1,1,0,0,0,0,17,0,0,6,0,1,3,0,0,0,0,2,1,5,6,5,0,0,7,6,0,0,0,0,0,0,8,0,0,0,0,0,0,0,0,0,0,0,0,0,0,12,0,0,0,0,0,0,0,0,0,0,0,0,0,0,0,0,0,0,0
1,1716,ESCOLA MUNICIPAL ANA HELLA,RUA JOSE HELLA  93,VISTA ALEGRE,-25.39926059,-49.29778979,31,0,1749,1449,98,55,0,5,1,6,22,0,1,0,0,0,18,0,0,0,12,0,1,0,2,0,1,2,0,0,0,0,0,0,0,0,0,0,0,10,7,0,0,1,0,0,0,0,4,1,87,0,46,0,3,1,0,0,0,0,2,0,1,1,3,0,1,1,0,0,0,0,3,0,17,0,1,1,0,13,0,0,0,0,0,0,0,0,0,1,2,0,0,0,0,57,0,1,0,3,1,0,0,0,0,0,0,0,0,0,6,0,0,0,0,0,0,0,0,0,0,0,0,0,1,3,0,0,9,0,0,21,0,3,0,3,0,5,0,11,25,9,7,1,0,0,0,0,10,0,1,1,1,0,0,9,2,0,1,0,0,0,0,0,0,2,0,0,4,0,0,3,0,0,0,0,0,0,0,0,0,0,0,0,0,0,0,0,0,5,18,0,0,1,0,0,0,1,0,0,0,0,1,2,0,0,0,1,0,0,3,0,22,0,0,0,3,0,0,0,1,0,0,0,0,0,2,0,0,0,0,1,3,0,0,0,0,0,0,0,0,0,0,0,0,0,0,0,1,0,0,0,0,0,0,0,1,0,0,0,0,0,0,0,0,0,0,24,4,0,1,1,2,5,3,0,1,0,0,0,0,0,1,0,0,0,0,3,0,2,0,0,2,0,0,0,1,0,0,0,0,0,0,3,0,0,0,0,0,6,0,0,0,1,0,0,2,0,44,2,0,10,0,0,0,0,1,2,0,0,0,0,0,0,19,62,0,1,7,1,2,0,1,15,0,1,0,0,0,7,1,1,2,0,1,11,0,11,1,1,3,1,4,0,0,0,0,46,0,1,0,75,0,0,0,0,0,0,0,0,0,0,0,0,0,0,1,0,0,0,0,0,0,0,0,3,30,0,0,0,15,0,0,0,11,0,0,2,3,4,0,1,0,20,3,8,0,0,1,9,0,2,0,0,2,4,0,0,1,0,0,0,0,0,0,0,0,0,0,0,4,0,0,0,0,0,0,0,0,0,1,1,0,0,0,0,0,0,0,0,0,11,2,0,0,0,23,0,0,0,0,0,8,0,0,0,0,1,0,0,0,0,0,0,0,0,0,0,0,0,0,0,0,0,0,1,0,0,0,0,0,0,0,0,0,0,0,0,0,0,0,0,0,0,0,0,0,0,0,0,0,0,0,0,2,0,1,0,0,0,41,0,0,0,1,0,12,3,14,0,0,4,1,8,0,0,0,1,2,0,1,3,0,0,1,0,2,1,2,0,0,0,28,0,0,1,2,0,2,1,0,0,0,3,3,4,9,0,2,0,2,0,3,0,0,0,0,0,0,0,0,0,0,0,0,0,0,0,2,0,0,0,0,19,0,0,0,0,0,0,0,0,0,0,0,1,0,0,0,0,0,1,1
1,1732,ESCOLA MUNICIPAL CEI PROFESSOR LAURO ESMANHOTO,RUA AFFONSO BARONI  175,PILARZINHO,-25.38022836,-49.29552678,32,0,2111,1721,122,57,0,11,0,7,29,2,2,0,0,3,21,1,0,1,13,1,0,0,2,0,0,7,0,0,0,0,0,0,0,0,0,0,0,35,0,1,0,0,0,0,0,0,8,8,58,0,28,0,1,0,0,1,0,0,3,0,0,0,5,0,0,0,0,0,0,0,1,0,26,0,0,0,0,16,0,0,0,2,0,2,2,0,0,2,1,0,0,0,0,50,0,2,0,0,0,0,0,0,1,0,0,0,1,0,4,0,0,0,0,0,0,0,0,0,0,0,0,0,3,4,0,0,14,0,0,29,0,8,0,1,3,12,0,24,24,33,8,3,0,0,0,2,24,0,1,0,2,3,0,8,0,0,0,3,0,0,0,0,0,4,0,0,4,0,0,5,0,0,0,0,0,0,0,0,0,1,1,0,0,0,0,0,0,3,42,1,0,1,0,0,1,0,0,0,13,0,7,0,0,0,0,1,0,0,2,0,38,0,0,0,7,0,0,0,0,0,0,0,0,0,1,0,0,0,0,0,0,0,0,0,0,0,0,0,0,0,0,0,0,0,0,0,0,0,0,0,0,0,0,0,1,0,0,0,0,0,0,0,0,0,0,21,3,0,0,0,0,3,8,2,0,0,0,0,0,0,0,0,1,0,0,1,0,0,0,0,6,1,2,1,0,1,0,0,0,0,0,0,0,0,0,0,0,9,0,0,0,1,0,0,3,0,35,1,1,22,0,0,1,0,6,4,0,0,0,0,3,0,9,49,2,0,8,0,0,0,0,18,0,0,0,0,0,0,1,0,1,1,0,19,0,12,0,0,3,1,5,0,0,0,0,90,0,0,1,72,4,0,0,0,0,0,0,0,0,0,0,0,0,0,0,0,7,0,0,0,0,0,0,0,27,0,1,0,5,0,0,0,8,0,1,4,0,5,0,4,3,17,4,0,1,0,0,6,0,34,2,6,0,6,1,0,0,0,0,0,1,0,0,0,0,0,0,0,1,0,0,0,0,0,2,0,1,0,0,0,0,0,0,1,0,0,1,0,0,14,0,0,0,0,24,1,0,2,0,0,7,0,0,0,1,0,0,0,0,0,0,0,0,0,0,0,1,0,0,0,1,0,0,0,0,0,0,0,0,0,1,0,0,0,0,0,0,0,0,0,0,0,0,0,0,0,0,0,0,0,0,0,0,0,6,0,0,0,55,0,0,1,0,0,2,6,1,0,0,2,4,3,5,0,2,0,3,0,0,0,0,0,0,0,2,1,0,0,0,0,49,0,0,2,0,0,6,1,0,0,0,7,1,12,6,2,3,0,0,6,1,0,0,0,0,0,7,0,0,0,0,1,0,0,0,0,0,0,0,0,0,7,0,0,0,0,1,0,0,0,0,0,0,0,0,1,0,1,0,1,1
1,1740,COLEGIO VICENTINO SAO JOSE (PARTICULAR),R PADRE JOSE JOAQUIM GORAL  182,ABRANCHES,-25.3823401,-49.27253978,50,0,3259,2769,150,82,0,6,4,14,54,11,5,0,0,3,45,0,1,0,21,1,0,0,0,2,1,10,1,0,0,0,0,0,0,0,0,0,0,36,0,0,0,0,0,0,0,0,7,6,98,0,80,0,3,0,0,0,1,0,5,0,6,0,6,0,4,1,0,0,0,0,1,0,18,1,1,1,0,17,0,0,0,1,0,0,0,4,0,1,6,0,0,0,0,128,1,4,0,6,0,1,0,0,8,0,0,1,3,0,2,0,0,1,0,0,1,0,0,0,0,0,1,0,9,2,0,0,28,1,0,37,0,7,2,0,1,17,1,35,59,17,4,3,0,0,0,0,42,1,1,0,0,2,0,19,4,0,3,2,0,0,0,0,1,0,2,0,9,0,0,23,0,0,0,0,0,0,0,0,0,0,0,0,0,0,0,1,0,9,52,0,0,0,0,0,0,0,2,0,1,0,0,0,0,0,0,2,0,0,0,0,86,0,0,0,11,0,0,1,0,0,2,0,0,2,1,0,0,0,0,0,4,0,1,0,0,0,0,0,0,0,0,0,0,0,0,0,0,0,4,0,0,0,0,0,0,0,0,0,0,0,0,0,0,0,0,10,5,0,0,0,2,5,4,1,1,0,0,0,0,0,0,0,0,0,0,2,0,1,0,0,17,0,0,5,0,0,0,0,0,0,0,4,0,0,0,0,2,8,0,0,0,0,0,0,0,0,73,0,2,49,0,0,0,0,5,8,0,1,0,0,2,0,45,82,3,0,11,0,1,0,1,24,0,6,1,0,0,4,1,0,6,0,0,23,0,13,2,0,4,0,12,0,0,0,3,62,0,5,5,124,1,0,0,0,0,0,0,0,0,0,0,0,0,0,0,0,10,0,0,0,0,0,0,1,56,5,1,0,30,0,0,0,20,0,1,1,6,6,0,3,5,37,8,4,2,0,0,11,0,6,1,2,2,2,0,1,0,2,0,0,0,0,0,0,0,0,1,0,1,0,2,0,1,0,0,0,0,0,1,0,2,0,0,0,0,0,0,0,0,19,0,0,0,0,43,1,0,1,0,0,2,0,0,0,1,0,1,0,0,0,0,0,0,0,0,0,0,0,0,0,5,0,0,0,0,0,0,0,0,1,0,1,0,0,0,0,0,0,0,0,0,0,7,0,0,0,0,0,0,0,0,0,0,0,3,0,0,0,95,1,0,0,0,1,4,7,5,5,0,5,4,4,0,0,0,0,8,0,0,19,2,0,0,0,3,0,0,0,0,0,100,0,0,9,1,0,53,0,0,0,0,6,2,11,54,6,1,0,3,0,6,0,0,0,0,0,0,0,0,0,0,0,0,0,0,0,1,0,0,0,0,8,0,0,0,0,0,0,0,0,0,0,0,0,0,0,0,0,0,0,0
1,1759,PAROQUIA SANT'ANA DE ABRANCHES,RUA VITORIO JOAO BRUNOR 688,ABRANCHES,-25.38173497,-49.27189896,50,0,1556,1249,58,48,0,4,2,7,17,2,1,0,0,1,18,0,0,0,12,1,0,0,1,1,1,10,0,1,0,0,0,0,0,0,0,0,0,9,2,0,0,0,0,0,0,0,7,1,64,0,38,0,2,0,0,0,0,0,0,0,0,0,2,0,1,0,0,0,0,0,1,0,14,0,1,0,0,10,0,0,0,0,0,3,1,1,0,1,1,0,0,0,0,41,0,3,0,0,0,0,0,0,0,0,0,0,0,0,5,0,0,0,0,0,0,0,0,0,0,0,0,0,3,2,1,1,11,1,0,5,0,1,1,1,4,9,0,15,22,6,1,2,0,0,0,1,15,0,0,0,1,1,0,7,0,0,1,0,0,0,0,0,0,0,2,0,5,0,0,5,0,0,3,0,0,0,0,0,0,0,0,0,0,0,0,0,0,1,30,0,0,0,0,0,0,0,1,0,0,1,2,0,0,0,0,1,1,0,0,0,46,0,2,0,5,0,1,0,0,0,1,1,0,1,0,0,1,0,0,1,0,1,2,0,0,0,0,0,0,0,0,0,0,0,0,0,0,0,0,0,0,0,0,0,1,0,0,0,0,0,0,0,0,0,0,11,8,0,0,0,0,10,7,0,0,0,0,0,0,0,0,0,0,0,0,0,0,0,2,0,5,0,0,3,0,0,0,0,0,0,0,2,0,0,0,0,0,4,0,0,0,0,0,0,0,0,28,1,1,10,0,0,0,0,0,3,0,0,0,0,0,0,14,45,4,0,2,1,3,0,2,9,0,1,0,0,0,3,0,0,0,0,0,6,1,6,1,0,1,1,4,0,0,1,1,40,0,0,2,60,0,1,0,0,0,0,0,0,1,0,0,0,0,0,0,0,6,2,0,0,0,0,0,0,34,0,0,0,13,0,1,0,4,0,0,1,1,4,0,4,0,12,6,0,1,0,0,9,0,2,0,1,0,0,0,0,0,2,0,0,0,0,0,0,0,1,0,0,2,0,0,0,0,0,0,0,0,0,0,1,0,0,0,0,0,0,1,0,0,5,0,0,1,1,21,0,0,0,0,0,1,0,0,0,3,0,0,0,0,0,0,0,0,0,0,0,0,1,0,0,0,0,0,0,0,0,0,0,0,2,0,0,3,0,0,0,0,0,0,0,0,0,1,0,0,0,0,0,0,0,0,1,0,0,2,0,1,0,33,0,0,0,0,0,2,1,3,1,0,3,4,2,2,1,0,0,3,0,1,4,0,0,0,0,1,0,0,0,0,0,51,0,0,1,0,0,27,0,0,0,0,2,1,6,15,1,1,1,2,0,1,0,0,0,0,0,0,0,0,0,0,0,0,0,0,0,1,0,0,0,0,2,0,0,0,0,0,0,0,0,0,0,0,0,0,0,0,0,0,0,0
1,1767,COLEGIO ESTADUAL PROFESSOR LOUREIRO FERNANDES,R MARECHAL MALLET    540,AHÚ,-25.40759083,-49.2607406,14,0,4289,3590,98,76,0,6,3,11,44,12,5,0,2,3,33,1,0,0,52,0,0,0,1,0,2,6,0,1,0,0,0,1,0,0,0,0,0,17,0,0,0,0,0,2,0,0,6,18,101,0,75,1,1,8,0,0,0,0,10,4,8,3,10,0,3,0,0,2,1,0,1,0,14,0,1,0,0,28,0,0,0,1,2,2,2,7,1,2,26,0,0,0,1,213,0,11,0,2,8,0,0,1,4,0,0,0,0,0,5,0,0,1,0,0,0,0,0,0,0,0,0,0,10,3,0,1,38,0,2,46,0,7,1,8,1,32,0,63,79,28,21,1,0,1,1,0,43,0,3,2,0,2,0,24,3,0,2,0,0,2,2,0,0,5,1,1,13,0,1,20,0,0,0,4,0,3,0,0,0,0,1,0,0,8,0,0,0,9,64,0,0,1,0,0,1,0,0,1,1,0,1,0,0,0,0,4,0,1,2,0,23,0,4,0,19,1,0,0,0,0,0,0,0,0,0,0,2,0,0,2,7,0,7,0,0,0,2,0,0,0,0,0,0,0,0,0,0,0,2,0,0,0,0,0,0,0,0,0,0,0,0,0,0,0,0,41,31,0,0,0,3,21,3,0,2,1,0,0,0,1,0,0,0,0,0,9,0,6,2,0,7,0,1,2,0,0,0,0,0,0,0,2,2,0,1,0,7,2,0,0,2,2,0,0,0,0,73,2,6,64,4,0,1,0,3,8,0,1,0,0,5,3,58,45,10,0,6,1,2,0,2,20,2,16,2,1,1,4,9,0,11,1,3,24,0,37,1,1,2,0,4,1,1,3,1,76,1,1,10,211,2,0,0,0,0,0,0,0,0,0,0,0,0,0,0,0,36,3,0,0,0,0,0,4,90,4,1,0,45,0,1,0,18,0,0,3,2,6,0,0,5,85,62,3,3,0,0,63,0,5,6,7,2,4,1,0,0,9,0,0,0,0,0,0,0,0,3,0,7,0,4,0,0,0,0,0,0,0,0,0,0,0,0,1,1,1,0,1,0,13,2,0,0,0,26,2,0,0,0,0,0,0,0,0,5,0,0,0,0,0,0,0,1,0,0,0,0,4,0,0,5,0,0,0,3,0,0,0,0,0,0,0,0,0,0,0,0,0,0,0,1,0,7,0,1,0,0,0,0,0,1,2,0,0,4,0,0,0,138,2,0,4,0,0,12,7,57,6,0,7,1,9,3,0,7,0,12,0,0,13,0,0,0,1,5,2,1,0,1,0,124,1,0,5,2,0,12,0,0,0,0,16,2,11,23,13,1,1,14,1,3,0,0,1,0,1,1,0,0,0,0,0,0,0,0,1,1,0,0,0,0,12,0,1,0,0,3,0,0,0,0,0,0,0,0,0,0,0,0,4,0
1,1775,ESCOLA ESTADUAL ALINE PICHETH,R EURIPEDES GARCEZ DO NASCIMENTO    921,AHÚ,-25.40413701,-49.26540599,14,0,3155,2579,81,75,0,10,2,11,35,8,3,0,0,1,34,0,0,0,29,0,1,0,2,0,3,8,0,1,0,0,1,0,0,0,0,0,0,13,0,0,0,0,0,0,0,0,5,6,88,0,63,1,3,1,0,0,0,0,4,9,2,8,7,0,3,0,0,2,0,0,2,3,7,0,0,0,0,15,0,0,0,1,0,5,3,0,0,5,11,0,0,0,0,162,0,1,0,1,0,0,0,0,2,0,0,0,3,0,1,0,0,1,0,0,0,0,0,0,0,0,0,0,4,0,0,0,17,0,0,40,0,9,0,3,1,12,1,34,48,35,15,2,0,0,0,4,28,0,0,1,2,1,0,19,2,0,4,0,0,0,0,0,1,5,1,2,3,0,0,20,0,1,0,1,0,0,0,0,0,1,0,0,0,1,0,0,1,3,38,0,0,1,0,0,0,0,0,0,5,0,2,2,0,0,0,1,0,4,0,0,12,0,3,0,19,0,0,0,0,0,2,0,0,2,0,0,1,0,0,0,6,0,0,2,0,1,0,0,0,0,0,0,0,0,0,0,0,0,0,0,0,0,0,0,0,0,0,0,0,0,0,0,1,0,0,36,15,0,0,0,0,26,3,0,0,0,1,0,0,0,0,0,2,0,0,7,0,2,0,0,3,1,0,0,0,0,0,0,0,1,0,1,0,0,0,0,0,1,0,0,1,0,0,0,2,0,50,2,1,48,5,0,3,0,0,10,0,0,0,1,0,0,45,52,9,3,10,0,4,0,2,14,0,9,0,0,0,2,0,2,14,0,1,31,0,25,1,0,0,2,5,0,1,0,5,65,1,1,1,113,1,0,0,0,0,0,0,0,0,0,0,0,0,1,1,0,16,1,0,0,0,0,0,1,63,3,3,0,48,0,2,0,23,0,0,0,3,5,0,0,4,68,19,4,8,0,1,35,0,2,2,1,1,4,3,0,0,1,0,0,0,0,0,0,0,0,0,0,6,0,0,0,0,0,0,0,0,1,1,0,3,0,0,0,1,0,2,0,0,5,1,0,0,0,24,3,0,0,0,0,2,0,0,0,1,0,0,0,0,0,0,0,0,0,0,0,0,1,0,0,2,0,0,0,5,0,0,0,0,0,0,2,0,0,0,0,0,0,0,0,1,0,4,3,0,0,0,1,0,0,0,0,0,0,2,0,0,0,92,0,0,0,0,0,11,2,27,1,0,6,8,5,2,0,0,0,12,1,0,8,0,0,0,1,1,0,3,0,1,0,112,0,0,10,1,0,10,3,0,0,0,1,5,14,13,7,0,0,10,1,1,0,0,0,0,1,0,0,0,0,0,0,0,0,0,1,0,0,0,0,0,4,0,0,0,0,0,0,0,0,0,0,0,2,0,0,0,0,0,0,0
1,1830,ESCOLA MUNICIPAL PROFESSOR BRANDAO,AV JOAO GUALBERTO  953,ALTO DA GLÓRIA,-25.41836088,-49.26361423,4,0,4434,3513,119,104,0,8,2,14,61,10,5,0,0,1,50,1,2,0,36,0,0,2,4,0,3,15,0,0,1,1,0,2,0,0,0,0,0,17,0,0,0,1,0,2,0,0,5,9,115,0,71,0,1,11,0,0,3,0,7,4,7,7,13,0,1,0,0,2,0,0,5,0,11,0,1,0,0,40,0,1,0,2,0,3,3,3,0,0,17,0,0,0,0,245,0,7,0,5,3,2,0,2,2,0,0,0,2,0,6,0,0,2,0,0,0,0,0,0,0,0,0,0,12,2,0,1,42,0,1,58,0,12,1,0,4,25,1,48,80,50,13,3,1,0,1,3,55,0,0,3,0,1,1,29,2,0,5,1,1,2,0,0,0,2,1,0,3,0,1,26,0,2,0,3,0,0,0,0,0,0,0,1,0,6,0,0,0,6,51,0,0,0,0,0,0,0,0,0,3,1,5,2,1,0,0,5,0,0,6,0,21,0,1,0,13,0,0,0,0,1,2,0,0,0,2,0,3,0,0,0,9,1,1,0,0,0,2,0,0,0,0,0,0,0,0,0,0,0,2,0,0,0,0,0,1,0,0,0,0,0,0,0,0,0,0,33,24,0,0,0,0,16,5,1,0,1,0,0,0,3,0,0,1,0,0,3,2,4,0,0,11,1,0,0,0,0,0,0,0,0,0,0,0,0,1,0,2,5,0,0,2,0,0,0,0,0,58,3,9,60,2,1,9,0,3,3,0,0,0,0,3,2,70,48,22,0,10,2,0,0,5,18,2,9,1,1,1,2,3,2,13,1,3,23,1,33,0,1,3,1,12,3,0,0,0,69,1,4,5,140,1,2,0,0,0,0,0,0,0,0,0,0,0,0,0,0,19,2,0,0,0,0,0,5,93,2,0,0,43,0,5,1,22,0,0,1,4,3,2,2,0,72,33,3,10,0,0,45,0,0,2,0,0,6,2,0,0,7,1,0,1,0,0,0,0,0,1,0,6,0,3,0,3,0,0,0,0,0,4,2,0,0,0,0,4,0,2,0,0,16,0,0,0,1,27,0,0,0,0,0,4,0,0,0,1,0,0,0,0,0,0,1,0,0,2,0,1,4,1,0,4,0,0,1,0,0,0,1,0,1,0,1,0,0,0,1,0,0,0,0,0,0,0,0,3,0,0,0,0,0,0,0,0,0,9,0,0,0,139,1,0,2,0,2,7,8,21,1,0,11,10,15,6,0,3,0,22,0,0,11,1,0,0,3,1,2,2,0,2,0,107,3,1,8,1,0,8,1,0,0,1,11,4,28,29,13,2,1,14,1,5,0,0,0,1,0,4,0,0,0,0,0,0,0,1,0,0,0,0,0,0,6,0,0,0,1,0,0,0,0,0,0,0,0,0,0,0,0,0,1,0
1,1848,COLEGIO ESTADUAL SANTA GEMMA GALGANI,R ASSIS BRASIL    983,ABRANCHES,-25.37190675,-49.26778731,50,0,3256,2705,202,124,0,9,2,8,48,5,2,1,0,5,48,1,3,0,17,0,1,0,2,1,2,12,0,2,0,0,1,0,0,0,0,0,0,35,0,0,0,0,0,0,0,0,10,15,62,0,44,0,2,0,0,1,2,0,0,2,1,1,6,0,0,0,0,0,0,0,0,0,30,0,1,1,0,25,0,0,0,3,0,1,0,6,0,0,0,0,0,0,1,69,0,7,0,2,2,0,0,2,10,0,0,0,0,1,6,0,0,1,0,0,0,0,0,0,0,0,0,0,3,3,1,0,20,0,1,37,0,3,1,0,1,23,0,53,40,23,2,1,0,0,0,4,29,0,2,0,0,2,0,19,1,0,2,1,0,0,0,0,0,1,0,0,14,0,1,13,0,4,0,0,0,0,0,0,0,1,0,0,0,0,0,0,0,8,51,0,0,2,0,0,0,0,0,0,0,0,9,0,4,0,0,1,0,0,2,0,79,0,0,0,12,0,1,0,0,0,1,0,0,0,2,0,0,0,0,3,3,0,6,0,0,0,0,0,0,0,0,0,0,0,0,0,0,0,0,0,0,0,0,0,0,0,0,0,0,0,0,0,0,0,0,41,9,0,0,0,1,7,7,2,1,0,0,0,0,1,0,0,2,0,0,0,1,0,0,0,8,0,0,3,0,0,0,0,0,1,0,8,0,0,1,0,0,9,0,0,0,1,0,0,0,0,91,20,3,35,1,0,0,0,5,5,0,0,0,0,5,0,29,70,1,0,6,1,1,0,0,25,0,1,0,0,0,3,1,0,7,0,4,49,0,14,2,0,0,2,29,0,2,0,7,98,0,1,4,139,1,1,0,0,0,0,0,0,0,0,0,0,0,0,0,0,11,0,0,0,0,0,2,0,51,2,3,0,31,0,1,1,6,0,0,6,4,7,0,3,0,14,6,1,4,0,0,10,0,8,0,4,0,1,0,0,0,0,0,0,0,0,0,0,1,0,1,0,1,0,0,0,0,0,0,0,0,1,0,1,0,0,0,0,0,0,0,0,0,10,2,0,0,0,47,0,0,1,0,0,0,0,0,0,3,0,0,0,0,0,0,1,1,0,3,0,1,0,0,0,4,0,0,1,0,0,0,0,0,0,0,0,1,0,0,0,1,0,1,0,0,0,6,0,0,0,0,0,0,0,0,0,0,0,3,0,3,0,67,0,0,1,1,0,8,0,7,0,1,1,3,3,3,0,1,0,4,0,1,8,0,0,0,1,2,0,0,0,1,0,62,0,1,4,0,0,31,0,0,0,0,7,0,9,83,4,1,0,7,3,3,0,1,0,0,0,0,0,0,0,0,0,0,0,0,0,0,0,0,0,0,4,0,0,0,0,0,0,0,0,0,0,0,0,0,0,0,0,0,1,0
1,1856,COLEGIO ESTADUAL GELVIRA CORREA PACHECO,R CARMELINA CAVASSIN  385,BARREIRINHA,-25.36678148,-49.26462534,52,0,5082,4173,289,163,0,11,4,15,55,10,9,0,0,6,48,1,2,1,28,1,0,0,6,2,4,9,0,1,2,0,2,0,0,0,0,0,0,41,0,0,0,0,0,0,0,0,21,21,111,0,103,0,8,1,0,0,0,0,1,1,2,3,15,0,5,0,0,0,0,0,0,0,65,0,2,0,0,43,0,0,0,4,0,5,1,6,0,2,1,0,0,0,0,124,0,8,1,2,2,0,1,0,6,0,0,0,0,0,4,1,0,1,0,0,0,0,0,0,0,0,0,0,10,8,1,0,40,0,0,44,1,12,0,4,1,33,0,76,66,46,12,4,0,0,0,3,66,0,3,1,0,4,1,26,4,0,4,2,0,0,0,0,0,2,2,0,7,1,1,29,0,0,0,2,0,0,0,1,0,0,2,1,0,0,0,0,0,10,74,0,1,0,0,1,0,0,0,0,1,0,9,1,10,0,1,2,0,1,4,0,111,1,2,0,18,0,1,0,0,0,0,0,0,0,0,0,0,0,0,0,2,0,4,0,0,0,0,0,0,0,0,0,0,1,0,0,0,0,3,0,0,0,0,0,1,0,0,1,0,0,0,0,0,1,0,58,6,0,0,0,0,13,6,2,0,0,0,0,0,0,0,2,4,0,0,5,0,0,2,2,10,1,3,2,0,0,0,0,1,3,0,3,0,0,0,0,4,12,0,0,0,0,0,0,1,0,90,23,4,39,0,0,2,0,4,3,0,0,0,0,2,1,48,151,11,1,22,0,0,0,0,44,0,7,1,0,1,5,2,4,9,0,2,63,0,22,0,2,2,2,19,0,1,1,2,131,0,0,8,150,2,1,0,0,0,0,0,0,0,0,0,0,0,0,0,0,17,0,0,0,0,0,2,2,92,0,1,0,27,0,0,0,17,0,0,2,7,9,0,10,4,44,23,1,3,0,0,22,0,10,2,7,0,11,0,0,2,4,0,0,0,0,0,0,0,1,0,0,2,0,4,0,0,0,0,0,8,1,3,2,1,0,0,1,0,0,2,0,0,30,3,1,0,0,58,2,0,3,0,0,11,0,0,0,7,2,0,0,0,0,0,2,0,0,0,0,2,0,0,0,8,0,0,0,0,0,0,1,1,0,0,0,1,0,0,0,0,0,1,0,2,0,11,3,0,0,0,0,0,0,0,0,0,0,2,0,1,0,104,0,0,0,0,0,19,7,18,2,1,7,18,11,5,0,6,0,11,0,0,8,0,0,0,3,4,1,0,0,0,1,95,0,0,9,5,1,38,4,0,0,0,4,5,26,133,7,2,0,15,0,4,1,0,0,1,0,0,0,0,1,0,0,1,0,0,0,2,0,0,0,0,9,0,0,0,0,0,0,0,0,0,0,0,0,0,1,0,2,0,1,0
1,1864,ESCOLA MUNICIPAL JULIA AMARAL DI LENNA,RUA JOAO MACHADO DE CAMARGO 25,BARREIRINHA,-25.3767799,-49.25781793,52,0,4873,3974,252,198,0,24,4,18,57,14,5,0,0,4,61,2,3,0,25,2,1,0,5,3,3,12,1,3,1,1,2,2,0,0,0,0,0,49,0,0,0,0,0,1,0,1,17,31,129,0,107,1,5,4,0,0,0,0,0,1,2,3,21,0,1,2,0,0,0,0,1,0,79,0,4,0,0,23,0,0,0,4,2,2,0,2,0,2,1,0,0,0,0,84,0,13,0,3,0,1,0,0,9,0,0,1,4,0,8,0,0,0,0,0,0,0,0,0,0,0,0,0,4,13,1,0,23,0,0,46,0,14,2,2,2,24,0,42,31,27,15,4,0,0,0,1,48,0,4,0,1,7,0,28,5,0,6,0,0,0,0,0,1,2,0,2,9,0,1,16,0,0,0,1,0,0,0,0,0,2,0,0,1,1,0,0,0,3,77,0,0,0,0,0,0,0,1,3,3,0,11,0,2,0,0,4,0,1,1,0,44,0,5,0,15,0,0,0,0,0,0,0,0,0,3,0,0,0,0,1,9,0,5,0,0,0,0,0,0,0,0,0,0,1,0,0,0,0,0,0,0,0,0,0,1,1,1,0,0,0,0,0,1,0,0,50,4,0,1,1,3,17,21,2,1,0,0,0,0,1,0,0,7,0,0,5,0,0,0,0,21,0,1,3,0,0,0,0,0,0,0,2,0,0,0,0,0,13,0,0,0,0,0,0,0,0,83,8,2,33,4,0,2,0,9,17,0,0,0,0,12,0,63,94,3,0,15,2,0,0,4,54,0,5,7,0,0,7,1,0,7,1,3,73,1,21,2,0,1,0,11,0,1,5,5,165,0,4,8,190,0,5,0,0,0,0,0,0,0,0,0,0,0,0,0,0,13,0,0,0,0,0,1,6,81,0,1,0,26,0,0,0,12,0,0,1,2,12,0,16,1,21,15,1,3,0,0,28,0,17,4,2,2,4,0,0,0,1,4,0,0,0,0,0,0,0,1,0,1,0,2,1,1,0,0,0,0,1,2,0,0,0,2,1,0,0,3,0,0,38,2,3,0,1,52,0,0,0,0,0,2,0,0,0,3,0,0,0,0,0,0,0,0,0,0,0,3,0,0,0,7,0,0,0,0,0,0,0,0,0,0,0,0,0,0,0,0,3,0,0,0,0,9,1,0,0,0,0,1,1,0,0,0,0,5,0,0,0,102,0,0,0,1,0,20,3,22,2,2,15,10,4,4,0,6,0,11,0,0,5,0,0,1,0,1,0,2,0,2,1,121,1,2,17,1,3,18,0,0,1,0,13,7,14,106,8,7,0,16,0,2,0,0,0,0,0,2,1,0,0,1,0,0,0,0,0,3,0,0,0,0,11,0,0,0,0,0,0,0,0,1,0,0,3,0,0,0,0,0,0,0
1,1872,ESCOLA ESTADUAL MARIA PEREIRA MARTINS,AV ANITA GARIBALDI  5340,BARREIRINHA,-25.36693686,-49.25984971,52,0,3074,2477,165,75,0,10,0,11,45,13,3,0,0,4,55,0,0,0,22,0,0,0,1,1,0,13,0,0,0,0,1,0,0,0,0,0,0,28,0,2,0,2,0,0,0,0,12,11,76,0,69,0,1,1,0,0,0,0,0,0,3,3,4,0,1,0,1,2,0,0,0,1,19,0,0,0,0,15,1,0,0,1,0,2,2,3,1,2,2,0,1,0,0,96,0,4,1,1,0,3,0,0,2,0,0,0,1,1,2,0,1,0,0,0,0,0,0,0,0,0,0,0,7,2,0,1,24,0,3,39,0,9,0,1,0,17,1,42,31,28,15,3,2,1,0,1,35,0,2,2,0,2,0,23,2,0,1,0,2,0,0,2,0,0,2,0,9,1,1,8,0,0,1,1,0,0,0,0,0,0,1,1,0,0,0,1,0,6,41,0,0,0,0,0,0,0,0,1,0,0,7,0,0,0,0,1,0,0,2,0,60,0,0,0,8,0,1,1,0,0,1,0,0,0,0,0,0,0,0,0,2,0,3,0,0,0,0,0,0,0,0,0,0,0,0,0,0,0,1,0,0,0,0,0,0,0,0,1,0,0,0,1,0,0,0,21,9,0,0,0,2,3,7,3,0,0,0,0,0,0,0,2,3,0,0,6,0,1,0,0,8,1,0,0,0,0,0,0,0,0,0,7,0,0,0,1,0,0,0,0,0,0,0,0,0,0,64,5,2,43,0,0,0,0,2,6,1,0,0,0,0,2,33,51,3,0,12,1,0,0,0,25,0,3,0,0,0,6,2,1,6,3,2,22,0,13,1,2,0,1,10,0,2,1,0,65,1,0,0,119,1,2,0,0,0,0,0,0,0,0,0,0,0,0,0,1,6,1,0,0,0,0,0,3,59,1,1,1,23,0,0,0,3,1,1,0,0,3,1,2,2,17,3,1,2,0,0,14,2,5,2,2,2,2,0,0,0,0,1,0,1,0,0,0,0,0,0,0,6,0,0,0,2,0,0,0,0,0,0,0,0,0,0,1,2,0,2,0,0,8,0,0,0,0,27,1,0,0,0,0,0,0,0,0,0,0,0,0,0,0,0,2,0,0,1,1,1,0,0,1,6,0,0,3,0,3,0,2,0,0,0,0,2,0,0,0,0,1,0,0,0,0,1,1,0,0,0,0,0,0,0,0,0,0,1,0,0,0,79,0,0,0,1,0,7,2,15,3,0,2,8,9,5,0,1,0,9,0,0,7,0,0,0,2,4,2,1,0,2,1,76,0,0,3,3,0,17,2,0,0,0,2,2,14,80,5,2,0,9,0,5,0,0,0,0,0,4,0,0,0,0,0,0,0,0,0,1,0,0,0,0,6,0,0,0,0,0,0,0,0,0,0,0,0,0,0,0,0,0,2,1
1,1910,ESCOLA MUNICIPAL CEI ROMARIO MARTINS,"R DAVID BODZIAK, 828",CACHOEIRA,-25.35283297,-49.25518343,51,0,3793,3005,285,102,0,18,3,14,46,3,8,0,0,5,39,1,2,0,13,3,1,1,3,4,1,16,0,0,0,0,2,1,0,0,0,0,0,37,0,0,0,0,0,1,1,0,23,16,67,0,68,1,6,1,1,0,0,0,2,1,1,1,11,0,3,0,1,1,1,0,0,1,35,0,0,0,0,20,0,0,0,0,1,1,1,2,0,1,2,0,4,0,0,49,0,4,0,1,0,0,4,0,1,0,0,1,3,2,3,0,0,0,0,0,0,0,0,0,0,0,1,0,7,9,0,0,14,2,1,38,0,7,3,0,6,21,0,59,25,11,14,3,0,0,0,0,58,1,5,0,1,6,0,20,15,1,3,0,0,1,0,0,0,4,1,0,13,0,0,8,0,0,0,1,0,0,1,1,0,0,3,2,0,0,0,0,0,3,31,0,0,1,0,0,0,1,8,4,2,4,17,0,0,0,0,2,1,0,2,0,154,0,0,0,13,0,0,0,0,0,0,0,0,0,0,0,0,0,0,1,6,0,0,0,0,0,1,0,0,0,0,0,0,0,0,0,0,0,1,0,0,0,0,0,1,1,0,0,0,0,0,0,0,0,0,38,4,0,1,0,4,5,9,1,1,0,0,0,0,0,0,0,1,0,0,3,2,1,1,0,18,0,0,0,0,0,0,0,0,0,0,6,0,0,0,2,0,15,0,0,0,3,0,0,2,0,63,3,0,24,3,0,3,0,3,3,1,0,0,0,2,0,42,96,1,0,22,4,0,0,1,27,0,2,1,1,0,8,2,0,8,0,3,46,0,9,0,0,0,1,17,0,3,0,2,109,0,7,1,146,0,0,0,0,0,0,0,0,0,1,0,0,0,0,0,0,5,0,0,0,0,0,0,5,57,2,0,0,10,0,2,0,7,0,0,1,1,12,1,4,0,6,6,0,4,0,0,8,0,5,2,14,0,0,0,0,0,0,0,0,0,0,3,0,1,0,0,0,1,0,0,0,0,0,0,0,2,0,2,0,0,0,1,0,0,0,1,0,0,17,2,0,0,0,26,1,0,0,1,2,8,0,0,0,5,0,0,0,0,0,0,2,0,0,0,0,0,4,0,0,5,0,0,4,0,2,0,1,0,0,0,1,0,0,0,0,0,0,0,0,0,0,3,0,0,0,0,0,0,0,0,6,0,0,1,0,2,0,64,0,0,2,0,0,6,2,12,0,1,1,8,5,8,0,0,1,9,0,0,21,0,1,1,0,0,0,0,0,1,0,45,0,0,15,0,0,7,2,0,0,0,11,1,17,115,9,1,0,9,1,5,0,0,0,0,0,0,0,0,0,1,0,0,0,0,0,6,0,0,0,0,4,0,0,0,0,0,0,1,0,0,0,3,0,0,0,0,0,0,0,0
1,1929,CLUBE CURITIBANO SEDE CONCORDIA,"PRESIDENTE CARLOS CAVALCANTI,  815",SÃO FRANCISCO,-25.4256255,-49.27282461,2,0,2268,1744,52,42,0,2,0,8,37,8,1,0,0,3,25,0,0,0,10,0,0,0,2,0,3,4,0,0,0,1,0,0,0,0,0,0,0,6,0,0,0,1,0,0,0,0,8,8,38,0,23,0,0,3,0,0,1,0,1,0,2,2,3,0,2,0,0,0,1,0,1,0,4,0,3,0,0,16,0,0,0,3,0,0,0,2,0,1,5,0,0,0,0,144,0,6,0,5,0,0,0,0,5,0,0,0,3,0,3,0,0,1,0,0,0,0,0,0,0,0,0,0,5,2,0,1,20,0,1,20,0,1,1,4,1,36,0,55,86,31,14,3,0,0,1,1,24,0,0,1,0,1,0,15,6,0,2,0,0,0,0,0,0,3,0,1,7,0,0,13,0,0,0,0,0,0,0,0,0,1,1,1,0,1,0,0,0,3,20,0,0,0,0,0,0,0,0,0,1,0,0,3,0,0,0,0,0,0,0,0,8,0,4,0,3,0,0,0,0,0,0,1,0,0,2,0,2,0,0,0,2,0,0,0,0,0,0,0,0,0,0,0,0,0,0,0,0,0,0,0,0,0,0,0,0,0,0,0,0,0,0,0,0,0,0,25,5,0,0,0,0,3,0,1,2,0,0,0,0,2,0,0,1,0,0,2,0,1,0,0,2,0,0,1,0,0,0,0,0,0,0,1,0,0,0,0,0,0,0,0,0,2,0,0,0,0,25,2,2,31,0,0,0,0,0,4,0,0,0,1,0,0,32,38,4,0,8,1,0,0,1,13,0,4,1,0,0,3,1,0,8,0,0,4,0,13,0,0,0,1,8,0,0,1,1,30,1,3,4,71,1,2,0,0,0,0,0,0,0,0,0,0,0,0,0,0,4,0,0,0,0,0,0,5,29,0,1,0,17,0,1,0,5,0,0,0,1,0,0,0,0,27,15,2,4,0,0,9,0,2,3,1,2,2,0,0,0,0,0,0,0,0,1,0,2,0,0,0,1,0,1,0,0,0,0,0,0,1,2,1,0,0,0,0,0,0,1,0,0,3,0,0,0,0,19,1,0,0,0,0,1,0,0,0,3,0,0,0,0,0,0,0,0,0,0,0,0,0,0,0,0,0,0,1,0,0,0,1,0,0,0,0,2,0,0,0,0,0,0,0,0,0,3,1,1,0,0,0,0,0,0,0,0,0,12,0,1,0,113,0,0,0,0,0,16,8,9,0,0,2,2,8,0,0,3,0,8,0,1,3,1,0,0,0,2,0,0,0,1,0,35,1,0,3,5,0,10,1,0,0,0,3,2,7,10,9,0,1,9,2,1,0,0,0,0,0,1,0,0,0,0,0,0,0,0,0,1,0,0,0,0,1,0,0,0,0,0,0,1,0,0,0,0,0,0,0,0,0,0,0,0
1,1937,FUNDACAO DE ESTUDOS SOCIAIS DO PARANA - FESP,R GENERAL CARNEIRO   216,ALTO DA GLÓRIA,-25.42511006,-49.26323943,1,0,1964,1599,48,31,0,1,1,4,25,7,2,1,1,1,22,0,0,0,24,0,1,1,0,0,1,9,0,0,0,1,0,0,0,0,0,0,0,12,0,0,0,0,0,1,0,0,2,5,69,0,34,0,0,5,0,0,0,0,6,4,0,1,1,0,1,0,2,4,0,0,3,0,4,0,1,0,0,21,0,0,0,0,1,1,0,0,0,2,5,0,0,0,1,106,0,6,1,1,1,0,0,0,1,0,0,0,1,0,1,0,1,0,0,0,0,0,0,0,0,0,0,0,2,2,0,0,19,0,1,27,0,3,0,2,1,10,1,33,28,28,9,1,0,0,0,1,19,0,1,0,1,2,0,9,1,0,3,0,0,0,0,0,3,1,2,2,2,0,0,2,0,0,0,0,0,0,1,0,0,0,1,1,0,1,0,0,0,4,29,0,0,0,0,0,0,0,0,0,6,0,5,0,0,0,1,1,0,1,3,0,4,0,1,0,3,0,0,0,0,0,0,0,0,1,0,0,0,0,0,0,1,0,0,0,0,1,1,0,0,0,0,0,0,0,0,0,0,0,0,0,0,0,0,0,0,0,0,0,0,0,0,0,1,0,0,16,16,0,0,0,1,9,0,1,0,0,0,0,0,2,0,2,0,0,0,1,1,5,0,0,4,0,0,1,0,0,0,0,0,0,0,3,0,0,2,0,2,4,0,0,2,0,0,0,3,0,38,7,1,28,0,0,0,0,0,7,0,0,0,0,0,2,28,23,11,0,4,0,0,0,1,10,0,4,1,0,0,0,1,1,2,0,0,4,0,10,0,0,1,4,8,0,0,0,0,19,0,1,2,72,0,0,0,0,0,0,0,0,0,0,0,0,0,0,0,0,13,0,0,0,0,0,0,1,27,2,0,0,20,0,3,0,6,0,0,3,3,2,0,0,0,30,10,0,3,0,1,33,0,4,0,3,0,3,0,0,0,2,0,0,1,0,0,0,1,0,1,0,5,0,0,0,0,0,0,0,0,0,1,0,0,0,0,0,0,0,1,0,0,10,0,0,0,1,13,2,0,0,0,0,2,0,0,0,0,0,0,0,0,0,0,0,0,0,0,0,0,1,0,0,4,0,0,0,0,1,0,0,0,0,0,0,0,0,0,0,0,0,0,0,0,0,2,0,0,0,0,0,0,0,0,1,0,0,5,0,0,0,62,0,0,1,2,0,4,2,14,1,0,5,5,7,0,0,3,0,15,0,0,9,0,0,0,0,0,2,2,0,0,0,46,4,0,4,0,0,10,0,0,0,0,5,4,15,7,1,0,0,3,2,2,0,0,0,0,0,1,0,0,0,0,0,1,0,0,0,0,0,0,0,0,2,0,0,0,0,0,0,0,1,0,0,0,0,0,0,0,0,0,2,0
1,1945,ESCOLA MUNICIPAL  DUILIO CALDERARI,RUA JOSE SPERANCETTA   66,SÃO LOURENÇO,-25.38660019,-49.26212578,33,0,2307,1893,107,59,0,5,2,8,38,3,3,0,1,1,33,1,2,0,20,0,0,0,6,1,0,4,0,0,1,0,0,1,0,0,0,0,0,16,0,1,1,2,1,0,0,0,8,10,69,0,57,0,3,1,0,0,0,0,4,4,0,1,6,0,0,0,0,0,0,0,0,0,14,0,2,0,0,16,0,0,0,2,0,3,2,0,0,0,2,0,0,0,0,69,0,5,1,4,1,0,0,1,0,0,0,0,0,0,2,0,0,1,0,0,0,1,0,0,0,0,0,0,1,3,0,0,10,0,0,7,0,6,1,1,0,5,0,26,29,13,6,1,1,0,0,0,30,0,0,0,0,1,0,14,0,0,1,0,0,9,0,0,0,1,0,2,5,0,0,7,0,1,0,0,0,0,0,0,0,0,0,1,0,0,0,0,0,4,35,0,1,0,0,0,0,0,0,0,2,0,1,0,0,0,0,3,0,0,2,0,18,0,1,0,10,0,0,0,0,0,1,0,0,1,2,0,2,0,0,0,3,0,5,0,0,0,0,0,0,0,0,0,0,0,0,0,0,0,1,0,0,0,0,0,0,0,0,0,0,0,0,0,0,0,0,23,5,0,0,0,0,10,2,5,1,0,0,0,0,1,0,0,0,0,0,1,1,0,3,0,7,0,0,3,0,0,0,0,0,0,0,1,0,0,0,0,1,3,0,0,0,0,0,0,0,0,45,0,2,23,1,0,2,0,3,4,1,0,0,0,1,1,41,67,6,0,9,0,0,0,2,19,0,17,0,0,0,5,2,0,6,1,3,20,0,12,1,0,1,0,8,0,0,2,0,72,0,7,1,94,0,0,0,0,0,0,0,0,0,0,0,0,0,0,0,0,11,0,0,0,0,0,0,2,45,1,0,0,16,0,0,1,10,0,0,1,3,3,1,2,1,17,4,3,6,0,0,17,0,3,0,3,0,0,0,0,0,0,1,0,0,0,0,0,0,1,0,0,4,0,0,0,0,0,0,0,1,0,1,0,0,0,0,0,0,2,0,0,0,15,0,0,0,0,20,0,0,1,0,0,0,0,0,0,2,0,0,0,0,0,0,0,0,0,1,0,0,1,0,0,5,0,0,0,1,0,0,0,0,0,0,0,1,0,0,0,0,1,0,0,1,0,7,0,0,0,0,0,1,0,0,1,0,0,2,0,0,0,50,0,0,0,0,0,4,1,9,0,1,2,8,3,1,0,2,0,4,0,0,4,0,0,1,0,3,1,0,0,1,0,53,1,1,5,0,1,15,1,0,0,0,3,2,9,41,4,1,0,7,0,0,0,0,0,0,0,1,0,0,0,0,0,2,0,0,0,2,0,0,0,0,2,0,0,0,0,0,0,0,0,0,0,0,1,0,0,0,0,0,0,0
1,1953,ESCOLA ESTADUAL ERNANI VIDAL,R MATEUS LEME  3291,SÃO LOURENÇO,-25.39837175,-49.27155922,33,0,2630,2131,74,60,0,4,1,4,32,8,3,1,1,5,24,0,0,0,18,0,0,0,1,2,1,5,0,0,0,0,1,0,0,0,0,0,0,10,0,0,0,0,0,0,0,0,2,9,90,0,36,2,1,3,0,0,0,0,5,1,0,2,4,1,2,0,0,0,0,0,4,0,13,0,1,0,0,29,0,0,0,0,0,2,1,3,1,0,6,0,0,0,0,123,0,8,0,2,0,1,1,0,5,0,0,1,2,0,2,0,0,0,0,0,0,0,0,0,0,0,0,1,13,5,0,0,11,0,0,30,0,9,0,3,2,12,1,26,62,23,11,1,0,0,0,0,37,0,0,1,0,2,0,13,0,0,0,1,0,0,0,0,0,0,0,0,9,0,0,7,0,0,0,0,0,0,0,0,0,1,0,0,0,0,0,0,1,1,43,0,0,0,0,0,0,0,0,0,0,1,3,0,1,0,0,1,0,1,1,0,28,0,3,0,13,0,0,0,0,1,2,0,0,0,1,0,1,0,0,0,5,0,0,0,0,0,0,0,0,0,0,0,0,0,0,0,0,0,0,0,0,0,0,0,0,0,0,0,0,0,0,0,0,0,0,29,11,0,0,0,1,13,5,0,1,0,0,0,0,0,0,0,2,0,0,1,0,2,0,0,4,1,0,2,0,0,0,0,0,1,0,1,2,0,0,0,0,9,0,0,0,0,0,0,0,0,28,1,2,31,3,0,0,0,1,2,1,0,0,2,1,6,31,48,4,0,3,0,1,1,1,17,0,5,0,1,0,2,1,0,10,1,2,10,1,12,0,0,0,0,15,0,0,1,1,61,0,4,0,101,1,0,0,0,0,0,0,0,0,0,0,0,0,3,0,0,9,0,0,0,0,0,0,1,55,0,1,0,82,0,0,0,4,0,0,1,2,2,0,1,0,27,30,0,4,0,0,26,0,3,1,4,0,4,0,0,0,5,0,0,3,0,1,0,0,0,0,0,4,0,0,0,1,0,0,0,0,0,1,2,0,0,0,0,0,0,2,0,0,7,1,0,1,0,19,4,0,0,0,0,3,0,0,0,0,2,0,0,0,0,0,0,0,0,0,0,1,2,0,0,6,0,0,0,0,0,0,0,0,0,0,0,0,0,0,0,0,0,0,0,0,0,0,1,0,0,0,0,0,0,0,0,0,0,3,0,0,0,73,0,0,0,0,0,11,0,13,0,0,9,5,9,5,0,0,0,17,0,0,3,0,0,0,0,4,0,1,0,0,0,72,0,1,6,0,0,11,0,0,0,0,8,0,7,18,4,1,1,5,1,1,0,0,0,0,0,4,0,0,0,0,0,0,1,0,0,0,0,0,0,0,2,0,0,0,0,0,0,0,0,0,0,0,1,0,0,0,0,0,4,0
1,1961,COLEGIO MARTINUS (PARTICULAR),"RUA PRESIDENTE CARLOS CAVALCANTI, 999",SÃO FRANCISCO,-25.42515703,-49.27490012,2,0,2162,1698,54,47,0,4,1,6,43,4,3,0,1,1,12,0,0,0,13,1,1,0,2,1,1,3,1,0,0,0,1,0,0,0,0,0,0,15,0,0,0,1,0,0,0,0,4,1,56,1,33,0,0,0,0,0,0,0,2,0,5,3,3,0,2,0,1,0,0,0,0,0,9,0,0,0,0,20,0,1,0,0,0,1,2,1,0,1,3,0,0,0,0,109,0,6,0,2,0,0,0,0,5,0,0,0,3,0,5,0,0,0,0,0,0,0,0,0,0,0,0,0,6,3,0,0,17,1,1,26,0,3,1,0,2,18,0,24,60,30,10,0,3,1,0,0,40,0,5,2,1,3,0,20,4,0,1,0,0,0,2,0,0,3,1,2,1,0,0,11,0,2,1,1,0,0,0,0,0,0,0,0,0,1,0,0,0,7,19,0,0,0,0,0,0,0,0,0,0,1,2,0,0,0,0,4,0,2,3,0,4,1,3,0,5,0,0,0,0,0,0,0,0,0,0,0,1,0,0,0,1,1,2,0,0,0,1,0,0,0,0,0,0,0,0,0,0,0,0,0,0,0,0,0,0,0,0,0,0,0,0,0,0,0,0,9,5,0,0,0,1,1,2,1,0,0,0,0,0,0,0,0,1,0,0,1,0,0,0,0,5,0,0,1,0,0,0,0,0,0,0,2,1,0,0,0,0,1,0,0,0,1,0,0,1,0,31,1,0,26,2,0,1,0,0,6,0,0,0,0,0,1,26,24,4,0,5,0,0,0,0,8,0,2,0,0,0,2,0,2,5,0,0,5,0,18,1,0,0,3,6,0,0,0,3,44,0,0,2,69,0,0,0,0,0,0,0,0,0,0,0,0,1,0,0,0,9,0,0,0,0,0,0,1,52,1,2,0,28,0,3,1,14,0,0,7,0,3,0,0,1,15,19,0,5,0,0,8,0,0,0,3,0,3,1,0,1,0,0,0,0,0,0,0,0,0,2,0,0,0,0,0,0,0,0,0,0,1,3,0,0,0,0,0,0,0,0,0,0,1,0,0,0,1,11,3,0,0,0,0,0,0,0,0,1,0,0,0,0,0,0,1,0,0,0,0,0,1,0,0,1,0,0,1,0,0,0,0,0,0,0,0,0,0,0,0,0,0,0,0,1,1,7,0,1,0,0,0,0,0,0,0,0,0,3,0,1,0,91,0,0,0,1,0,7,4,20,3,1,3,5,4,0,0,0,0,8,0,0,2,0,0,0,0,2,0,0,0,0,0,56,0,0,4,1,1,7,0,0,0,0,9,9,12,10,4,2,0,9,4,3,0,1,0,0,0,0,0,0,0,0,0,0,0,0,0,0,0,0,0,0,4,0,2,0,0,0,0,0,0,0,0,0,0,0,0,0,0,0,1,0
1,1970,COLEGIO ESTADUAL SEBASTIAO SAPORSKI,RUA MARIA DE LOURDES MICKOSZ 350,TABOÃO,-25.37499232,-49.27813341,49,0,1355,1126,90,39,0,7,0,5,18,2,1,0,0,2,19,2,2,0,7,0,0,1,1,1,0,4,0,1,0,0,0,0,0,0,0,0,0,5,0,0,0,0,0,0,0,0,8,6,40,0,23,0,2,0,0,0,1,0,1,0,0,4,2,0,3,0,0,0,0,0,1,0,17,0,0,0,0,12,0,0,0,0,0,0,0,1,0,0,6,0,0,1,0,43,0,4,0,1,2,0,2,0,2,0,0,1,3,0,3,0,0,0,0,0,0,0,0,0,0,0,0,0,1,1,0,1,6,2,2,5,0,1,0,2,0,3,0,9,22,3,3,0,0,1,0,0,10,0,0,0,0,3,0,4,2,0,2,0,0,0,3,0,0,1,0,0,2,0,1,10,0,0,0,0,0,0,0,0,0,0,2,0,2,0,0,0,0,4,20,0,0,1,0,0,0,0,0,0,0,0,1,0,0,0,0,0,0,0,0,0,34,0,2,0,5,0,0,0,0,0,0,0,0,0,0,0,0,0,0,0,1,0,3,0,0,0,0,0,0,0,0,0,0,0,0,0,0,0,0,0,0,0,0,0,0,0,0,0,0,0,0,0,1,0,0,16,2,0,0,0,0,3,8,0,0,2,0,0,0,0,0,0,0,0,0,3,0,0,0,0,5,0,1,1,0,0,0,0,0,0,0,0,0,0,0,0,0,7,0,0,0,0,0,0,0,0,30,0,1,5,2,0,0,0,1,3,0,2,0,0,1,0,17,34,1,0,4,1,0,0,0,18,0,2,1,1,0,1,1,0,1,1,0,17,0,4,0,0,1,0,5,0,0,0,3,51,0,1,0,56,0,0,0,0,0,0,0,0,0,1,0,0,0,0,0,0,4,0,0,0,0,0,0,1,18,3,0,1,12,0,0,0,2,0,0,0,1,2,1,2,1,6,3,1,0,0,0,7,0,4,2,4,0,0,0,0,0,0,0,0,0,0,2,0,0,0,0,0,1,0,0,0,0,0,0,0,0,0,0,0,0,0,0,0,0,0,1,0,0,4,0,0,0,0,15,0,0,0,0,0,0,0,0,0,0,0,0,0,0,0,0,0,0,0,0,0,0,0,0,0,1,0,0,0,0,0,0,0,0,0,0,0,2,0,0,0,0,0,0,0,0,0,0,0,0,0,0,0,0,1,0,0,0,0,1,0,1,0,38,0,0,1,0,0,3,0,2,0,0,0,6,6,0,0,0,0,0,0,0,7,0,0,0,0,1,0,0,0,1,0,22,0,0,2,1,0,12,1,0,0,0,5,3,2,11,2,1,0,3,0,3,0,0,0,0,0,0,0,0,0,0,0,0,0,0,0,0,0,0,0,0,2,0,0,0,0,0,0,0,0,0,0,0,0,0,0,0,0,0,0,0
1,1988,COLEGIO INTEGRAL (PARTICULAR),"RUA ALBERTO FOLLONI, 220",JUVEVÊ,-25.41347846,-49.26359958,15,0,2667,2207,60,44,0,4,1,8,30,5,3,0,0,1,24,0,0,0,36,1,0,0,1,2,2,5,0,1,0,1,0,0,0,0,0,0,0,14,0,0,1,0,0,1,0,0,6,6,72,2,37,0,1,6,0,0,2,0,8,1,2,2,4,0,1,0,0,0,0,0,0,0,7,0,1,0,0,28,0,0,0,3,0,4,2,0,0,0,9,0,0,0,0,165,0,8,0,3,0,0,1,1,3,0,0,0,0,0,0,0,0,1,0,0,0,0,0,0,0,0,0,0,8,2,1,1,11,0,0,40,0,6,1,1,1,14,1,27,58,40,6,1,0,0,0,6,18,1,9,1,0,1,1,14,2,0,2,1,0,1,0,0,1,5,0,0,3,0,0,14,0,2,0,2,0,0,0,1,0,0,0,0,0,1,0,0,0,2,31,0,0,0,0,0,1,0,2,0,2,0,1,2,0,0,0,5,0,0,0,0,5,0,5,0,10,0,0,0,0,0,0,0,0,2,0,1,1,0,0,1,2,0,5,0,0,1,0,0,0,0,0,0,0,0,0,0,0,0,0,0,0,0,0,0,0,0,0,0,0,0,0,0,1,1,0,31,5,0,0,0,1,17,0,0,0,0,0,0,0,0,0,0,0,0,0,1,0,0,1,0,6,0,0,1,0,0,0,0,0,1,0,2,0,0,1,0,6,0,0,0,0,0,0,0,1,0,35,0,6,39,3,0,1,0,1,6,0,0,0,0,0,4,36,20,12,0,4,0,1,0,2,8,0,5,2,0,0,1,0,1,11,0,0,34,0,18,1,0,1,0,6,1,1,0,0,34,0,2,4,106,0,2,0,0,0,0,0,0,0,0,0,0,0,0,0,0,16,0,0,0,0,0,0,2,48,3,0,0,27,0,1,0,18,0,0,1,2,3,0,0,5,52,30,2,4,0,1,39,0,0,3,3,0,9,0,0,0,1,0,0,0,0,0,0,1,0,1,0,8,0,0,0,1,0,0,0,0,0,7,1,0,0,0,0,0,0,3,0,0,8,0,0,0,1,20,0,1,0,0,0,0,0,0,0,0,0,0,0,0,0,0,0,0,0,0,0,1,0,2,0,6,0,0,3,0,0,0,0,0,0,0,0,1,0,0,0,0,0,0,0,0,0,2,0,3,0,0,0,0,0,0,0,0,0,7,0,0,0,127,0,0,1,1,2,7,6,12,1,0,4,4,8,1,0,1,0,5,0,0,17,1,0,0,0,4,1,0,0,2,0,80,0,2,6,0,0,13,0,0,0,0,1,3,4,16,8,4,0,6,0,4,0,0,0,0,0,0,1,1,0,0,0,0,0,0,0,0,1,0,0,0,4,0,0,0,0,0,0,0,0,0,0,0,0,0,0,0,0,0,2,0
1,1996,COLEGIO BOM JESUS DIVINA PROVIDENCIA (PARTICULAR),LEONIDAS VICENTE DE CASTRO 81,AHÚ,-25.40153844,-49.26761273,14,0,4931,4099,129,105,0,4,2,8,65,17,4,0,1,5,57,1,0,0,33,0,0,1,0,2,2,17,0,1,0,0,0,1,0,2,0,0,0,14,0,1,0,0,0,0,0,0,2,23,147,0,118,0,2,8,0,0,2,0,8,3,7,6,10,0,5,0,1,5,0,0,2,2,11,0,3,0,0,45,0,0,0,2,0,3,6,3,0,2,10,0,0,0,2,227,0,15,0,2,1,0,0,2,6,0,0,0,3,0,3,0,1,3,0,0,0,0,0,0,0,0,0,0,10,4,0,0,17,0,2,51,0,7,1,1,1,20,0,63,83,30,16,5,0,0,0,4,42,1,8,0,1,5,0,19,1,0,2,4,2,3,0,0,3,10,4,1,15,0,1,25,0,0,0,1,0,0,0,0,0,0,0,2,1,0,0,1,0,26,89,0,0,3,0,0,1,0,1,0,5,0,4,0,0,0,0,1,0,2,7,0,16,0,4,0,20,0,0,0,0,0,3,0,0,4,1,0,1,0,0,0,11,0,6,0,0,0,1,0,0,0,0,0,0,0,0,0,2,0,0,0,0,0,0,0,0,0,0,0,0,0,0,0,0,0,0,35,31,0,0,0,4,53,5,0,0,1,0,0,0,0,0,0,1,0,0,4,1,2,1,0,10,0,0,3,0,0,0,0,0,0,0,3,1,0,1,0,0,3,0,0,0,0,0,0,3,0,75,1,3,70,2,0,2,0,0,14,0,0,0,0,1,3,81,54,24,3,2,0,1,0,1,29,0,8,2,3,0,4,5,1,25,0,1,29,0,42,1,2,4,0,14,0,3,0,3,67,0,5,4,220,0,2,0,0,1,0,0,0,0,0,0,0,0,4,0,0,28,0,0,0,0,0,0,5,130,9,0,0,45,0,7,0,31,0,0,1,4,3,0,0,6,92,73,7,7,0,1,62,0,1,2,2,2,7,1,1,0,5,1,0,0,0,0,0,0,1,3,0,7,0,0,0,0,0,0,0,0,0,3,3,0,0,0,0,0,0,3,1,0,11,2,0,0,2,34,1,0,0,0,0,2,0,0,0,4,1,0,0,0,0,1,1,1,0,0,0,1,1,0,0,14,0,0,0,2,0,0,1,0,0,0,3,0,0,0,0,0,2,0,0,0,0,5,0,5,0,0,0,0,1,0,0,1,0,11,0,0,0,161,0,0,2,0,1,17,7,21,2,0,14,3,14,10,1,2,0,29,1,1,10,1,0,2,0,4,5,1,0,2,0,150,0,0,8,1,0,19,1,2,0,0,6,8,19,29,11,1,2,10,1,9,0,0,0,0,3,3,1,0,0,1,0,0,0,3,0,0,0,0,0,0,9,0,0,0,0,0,0,0,0,0,0,0,1,0,1,0,0,0,2,0
1,2020,ESCOLA MUNICIPAL CEI ULYSSES SILVEIRA GUIMARAES,"RUA PEDRO DE SIQUEIRA CORTES, 323",ABRANCHES,-25.36413711,-49.2749189,50,0,1087,883,89,38,0,2,1,1,11,1,1,0,0,1,13,0,1,0,5,0,0,0,1,0,0,4,0,0,0,0,0,0,0,0,0,0,0,9,0,0,0,0,0,0,0,0,14,0,34,0,22,0,1,0,0,0,0,0,0,0,0,0,3,0,1,0,0,0,0,0,0,0,10,0,1,0,0,3,0,0,0,0,0,0,0,0,0,0,0,0,0,0,0,11,0,1,0,0,0,0,2,0,4,0,0,0,0,0,2,0,0,0,0,0,0,0,0,0,0,0,0,0,0,2,0,0,5,0,0,7,0,1,3,0,0,6,0,12,11,4,1,1,0,0,1,0,6,0,1,0,0,3,0,11,2,0,0,0,0,0,0,0,0,0,0,0,5,0,0,6,0,0,0,0,0,0,2,0,0,0,0,1,0,0,0,0,0,3,16,0,0,0,0,0,0,0,0,0,1,0,6,0,0,0,0,0,0,0,0,0,29,0,1,0,1,0,0,0,0,0,0,0,0,0,0,0,1,0,0,0,0,0,3,0,0,0,0,0,0,0,0,0,0,0,0,0,0,0,1,0,0,0,0,0,0,0,0,0,0,0,0,0,0,0,0,13,0,0,0,0,1,1,4,0,2,0,0,0,0,0,0,0,0,0,0,0,0,0,0,0,0,0,1,0,0,0,0,0,0,0,0,2,0,0,0,0,0,2,1,0,0,0,0,0,1,0,28,2,0,12,1,0,0,0,0,1,0,0,0,0,0,0,12,45,1,0,7,0,1,0,0,8,0,0,0,0,0,2,0,0,2,0,0,1,0,2,0,0,0,1,3,0,0,0,0,42,0,0,0,59,3,0,0,0,0,0,0,0,0,0,0,0,0,0,0,0,1,0,0,0,0,0,0,1,14,0,1,0,8,0,0,0,9,0,0,0,1,1,0,2,1,3,2,0,1,1,0,5,0,0,1,7,0,0,0,0,0,0,0,0,0,0,0,0,0,0,0,0,0,0,0,0,1,0,0,0,0,0,0,0,0,0,0,0,0,0,0,0,0,0,0,0,0,0,10,0,0,0,0,0,1,0,0,0,0,0,4,0,0,0,0,2,0,0,0,0,0,0,0,0,0,0,0,0,0,0,0,0,0,0,0,0,1,0,0,0,0,0,0,0,0,0,1,0,0,0,0,0,0,0,0,0,0,0,0,0,0,0,16,0,0,0,0,0,0,6,0,0,0,2,3,4,0,0,0,0,1,0,0,0,0,0,0,0,0,0,0,0,0,0,16,0,0,3,0,0,6,0,0,0,0,1,0,0,35,3,0,1,2,0,0,0,0,0,0,0,0,0,0,0,0,0,0,0,0,0,0,0,0,0,0,1,0,0,0,1,0,0,0,0,0,0,0,0,0,0,0,0,0,2,0
1,2038,ESCOLA MUNICIPAL CEI PROFESSOR  JOSE WANDERLEY DIAS,"RUA DOS IPES, 122",BARREIRINHA,-25.37475477,-49.25295774,52,0,2063,1707,89,71,0,8,0,10,22,7,1,1,0,1,30,0,0,0,14,0,0,0,1,1,0,5,0,0,0,0,1,5,0,0,0,0,0,17,0,0,0,0,0,0,0,0,4,9,39,0,51,0,2,2,0,0,0,0,2,1,4,0,7,0,0,0,0,0,0,0,2,0,23,0,0,0,0,9,0,0,0,0,0,0,0,0,0,0,2,0,0,0,0,54,0,8,0,0,1,0,0,2,8,0,0,0,0,0,1,0,0,0,0,0,0,0,0,0,0,0,0,0,4,0,0,0,10,0,0,29,0,6,0,0,1,8,0,20,25,14,4,0,0,0,0,1,26,0,2,2,0,2,0,3,3,0,1,0,0,0,0,0,0,0,1,0,7,2,0,10,0,0,0,0,0,0,0,1,0,0,1,0,0,1,0,1,0,8,38,0,0,0,0,0,0,0,0,0,1,0,5,0,2,0,0,0,0,2,0,0,27,0,2,0,10,0,0,0,0,0,0,0,0,0,0,0,0,0,0,0,8,1,1,0,0,0,0,0,0,0,0,0,0,0,0,0,0,0,0,0,0,0,0,0,0,0,0,0,0,0,0,0,1,0,0,17,7,0,1,0,4,15,1,0,0,0,0,0,0,1,0,0,1,0,0,4,0,0,1,0,5,1,0,1,0,0,0,0,0,0,0,2,0,0,0,1,2,11,0,0,0,0,0,0,0,0,35,1,2,24,1,0,0,0,3,10,0,0,0,3,6,0,23,37,2,0,14,1,0,0,2,21,0,4,1,0,0,3,4,0,8,1,0,25,0,15,2,0,5,2,8,1,2,1,1,59,1,0,2,78,0,0,0,0,0,0,0,0,0,0,0,0,0,0,1,0,8,1,0,0,0,0,0,0,40,0,1,0,11,0,0,0,3,0,0,1,6,4,0,2,2,5,12,0,1,0,0,6,0,8,0,0,0,1,0,0,0,1,0,0,2,0,0,0,0,0,0,0,1,0,0,1,0,0,0,0,2,0,2,0,0,0,1,2,2,0,0,0,0,8,0,0,0,0,44,1,0,0,0,0,0,0,0,0,1,1,0,0,0,0,0,0,1,1,0,0,1,0,0,0,1,0,0,1,0,0,0,0,0,0,0,1,0,0,0,0,0,0,0,0,2,1,3,0,1,0,0,0,0,0,0,0,0,0,0,0,0,0,36,1,0,1,2,0,9,6,10,0,0,1,3,1,6,0,2,0,3,0,0,5,0,0,0,0,0,0,0,0,4,0,39,0,0,7,0,0,4,0,0,3,0,7,4,15,35,2,2,0,3,1,3,0,0,0,0,0,1,1,0,0,0,0,0,0,0,0,0,0,0,0,0,4,0,0,0,0,0,0,0,0,0,0,0,0,0,0,0,0,0,0,2
1,2232,COLEGIO MARISTA SANTA MARIA (PARTICULAR),"RUA PROFESSOR JOAQUIM DE MATTOS BARRETO, 98",SÃO LOURENÇO,-25.38985747,-49.26867258,33,0,4081,3378,111,84,0,4,1,8,43,7,2,0,0,0,46,1,0,1,24,0,0,1,1,2,6,12,2,1,1,2,0,0,0,1,0,0,0,20,0,1,0,0,0,2,0,0,5,8,110,0,61,1,1,1,0,0,2,0,14,1,3,2,7,0,0,0,1,2,0,0,0,0,12,0,0,0,0,20,0,0,0,0,0,2,1,1,0,2,6,0,0,0,0,248,0,14,0,6,0,0,0,2,3,0,0,0,6,0,5,0,0,2,1,0,0,0,1,0,0,0,0,0,8,4,1,0,13,0,0,64,0,6,1,3,2,33,0,56,77,47,26,4,0,1,0,0,57,1,0,1,0,6,0,34,5,1,0,2,0,2,0,0,2,2,1,4,8,0,3,24,0,3,1,1,0,0,0,0,0,1,0,3,1,1,0,0,0,8,60,0,0,2,0,0,0,0,0,2,2,1,2,1,0,0,0,2,0,0,5,0,39,0,1,0,12,0,0,0,0,0,0,0,0,0,0,0,2,0,0,0,2,0,2,0,0,0,0,0,0,0,0,0,0,0,0,0,0,0,1,0,0,0,0,0,0,0,0,0,0,0,0,0,1,0,0,31,13,0,0,0,2,25,9,0,1,1,0,0,0,2,0,0,0,0,0,8,1,0,0,0,18,0,0,1,0,0,0,0,0,1,1,6,0,0,3,0,2,5,0,0,0,0,0,0,3,0,89,3,3,57,1,1,2,0,0,9,1,1,1,0,2,5,48,40,9,0,7,0,1,0,1,16,0,10,2,0,0,7,1,3,16,0,3,11,0,11,2,3,1,2,14,0,1,0,0,52,2,5,5,202,0,0,0,0,0,0,0,0,0,0,0,0,0,0,0,0,30,0,0,1,0,0,0,2,60,3,0,1,55,0,2,1,29,0,0,2,3,4,0,1,8,59,24,7,4,0,0,36,0,0,2,2,1,6,1,0,0,6,1,0,1,0,0,0,0,0,0,0,0,0,1,0,0,0,1,0,0,0,0,4,0,0,0,0,1,0,1,0,0,11,0,0,1,0,26,1,0,0,0,0,0,0,0,0,4,2,0,0,0,0,0,0,0,0,0,0,0,1,0,0,8,0,0,1,0,0,0,1,0,0,0,0,0,0,0,0,0,0,0,0,0,0,5,1,1,0,0,0,0,0,0,1,0,0,6,0,0,0,156,2,0,1,0,0,19,6,39,2,0,3,11,3,2,0,3,0,19,1,0,8,1,1,0,6,6,2,3,0,0,0,142,3,2,17,3,0,12,1,0,0,0,11,8,7,24,15,0,1,9,4,9,0,0,0,3,0,0,1,0,0,0,0,1,0,2,0,0,0,0,0,0,3,0,0,0,1,0,0,0,0,0,0,0,0,0,0,0,0,0,0,2
1,2240,FACULDADE INSPIRAR,"RUA JOÃO TSCHANNERL, 880",PILARZINHO,-25.4046383,-49.2891437,31,0,1941,1625,74,63,0,3,2,4,24,3,1,0,0,2,22,0,0,0,11,0,0,0,1,1,2,7,0,2,0,0,0,0,0,0,0,0,0,9,2,1,0,1,0,0,0,0,8,8,72,0,50,0,3,2,0,0,1,0,1,1,0,1,4,0,0,0,0,0,1,0,1,0,10,0,1,0,0,22,0,0,0,2,0,0,1,0,0,0,2,0,0,1,0,84,0,4,0,0,0,0,1,0,1,0,0,0,5,1,1,0,0,0,0,0,0,0,0,0,0,0,0,0,2,1,0,0,9,1,0,25,0,5,1,1,0,9,0,14,30,8,4,1,0,0,1,0,29,0,0,1,0,2,0,10,0,0,0,0,0,1,0,0,0,4,0,0,9,0,0,9,0,0,0,0,0,0,0,1,0,0,0,0,0,0,0,0,0,7,34,0,0,0,0,0,0,0,0,0,0,1,1,1,0,1,0,4,0,0,0,0,21,0,1,0,2,0,0,0,0,0,0,0,0,0,0,0,1,0,0,0,0,0,0,0,0,0,0,0,0,0,0,0,0,0,0,0,0,0,2,0,0,0,0,0,0,0,0,0,0,0,0,0,0,0,0,22,3,0,1,2,1,2,0,0,0,0,1,0,0,0,0,0,0,0,0,3,1,0,0,0,5,0,0,1,0,0,0,0,0,1,0,7,0,0,0,0,3,2,0,0,0,0,0,0,4,0,39,3,1,30,0,1,3,0,0,2,1,0,0,0,1,2,24,39,1,1,2,0,2,1,0,9,0,1,0,2,0,3,2,3,2,1,2,7,0,20,0,0,0,1,14,0,0,0,5,44,0,3,1,90,1,0,0,0,0,0,0,0,0,0,0,0,0,0,0,0,4,0,0,0,0,0,0,3,43,2,0,1,15,0,0,0,10,0,0,2,3,2,0,3,2,7,28,0,8,0,0,27,0,1,0,0,0,5,0,0,0,4,0,0,0,0,0,2,0,0,0,0,2,0,0,0,2,0,0,0,0,1,0,1,0,0,0,1,1,0,1,0,0,8,0,0,0,0,18,0,0,1,0,0,8,0,0,0,0,0,0,0,0,0,0,3,0,0,0,0,0,0,0,0,3,0,0,1,0,0,0,0,0,0,0,0,0,0,0,0,0,2,0,0,0,0,1,0,1,0,0,0,1,0,0,0,0,0,4,0,0,0,47,0,0,0,0,0,6,0,10,1,0,1,0,2,1,0,1,0,4,0,0,3,0,0,1,1,1,0,0,0,0,0,46,1,1,5,1,0,4,1,0,0,0,6,6,8,13,2,0,0,6,2,2,0,0,0,0,0,0,0,0,0,0,0,0,0,0,0,1,0,0,0,0,7,0,0,0,0,0,0,0,0,0,0,0,0,0,0,0,0,0,1,0
1,2259,ESCOLA MUNICIPAL TANIRA REGINA SCHMIDT,"RUA VICTOR KOTOVIS, 162",ABRANCHES,-25.35568909,-49.27415003,50,0,2057,1694,179,68,0,6,1,7,28,4,5,0,1,1,23,3,0,0,14,0,1,0,2,3,0,6,0,0,0,0,2,0,0,0,0,0,0,21,0,3,0,0,0,0,0,0,6,5,75,0,28,0,0,1,0,0,0,0,1,1,0,0,2,0,2,0,0,1,0,0,0,0,33,0,0,0,0,15,0,0,0,0,0,0,0,0,0,1,1,0,0,0,1,35,0,1,0,3,2,0,0,0,0,0,0,0,1,0,3,0,0,0,0,0,0,0,0,0,0,0,0,0,8,6,0,0,9,0,0,9,0,6,0,0,1,20,0,16,28,6,5,2,0,0,1,1,19,0,1,0,0,3,0,13,1,2,1,0,0,0,0,1,0,4,2,3,3,0,0,16,0,0,0,0,0,0,0,1,0,1,0,3,1,0,0,0,0,1,17,0,0,0,0,0,0,0,0,1,0,0,8,1,2,0,0,0,0,0,3,0,67,0,1,0,2,0,1,0,0,0,1,0,0,0,0,0,0,0,0,0,2,0,0,0,0,0,0,0,0,0,0,0,0,1,0,0,0,0,0,0,0,0,0,0,1,0,0,0,0,0,0,0,0,0,0,23,2,0,0,0,0,6,7,0,0,0,0,0,0,2,0,0,1,0,0,1,0,0,4,0,11,0,0,4,0,0,0,0,0,0,0,5,0,0,0,0,0,5,0,0,0,1,0,0,0,0,31,3,0,15,0,0,0,0,0,0,0,0,1,0,2,1,18,58,1,0,7,0,0,0,0,25,0,0,0,0,0,4,0,0,3,0,0,30,0,10,4,0,0,1,8,0,1,0,0,58,0,1,4,73,0,0,0,0,0,0,0,0,5,0,0,0,0,0,2,0,11,0,0,0,0,0,1,0,37,1,0,0,12,0,0,0,1,0,0,0,2,6,0,4,0,7,5,1,3,0,0,5,0,5,0,9,0,1,0,0,0,0,0,0,0,0,0,0,0,0,0,0,0,0,0,0,1,0,0,0,0,0,1,0,0,0,0,0,0,0,0,0,0,3,0,0,0,0,27,0,0,0,0,0,1,0,0,0,0,0,0,0,0,0,0,0,1,0,1,0,0,1,0,0,0,0,0,0,0,0,0,0,0,0,0,0,0,0,0,0,0,0,0,0,1,0,2,0,0,0,0,0,0,0,0,4,0,0,0,0,1,0,47,0,0,0,0,0,6,0,14,0,0,0,10,20,3,0,1,0,0,0,0,7,0,0,0,0,1,0,0,0,0,0,20,0,0,8,0,0,15,0,0,0,3,4,1,11,20,4,0,0,2,0,2,0,0,0,0,0,0,0,0,0,0,0,0,0,0,0,0,0,0,0,0,2,0,0,0,1,0,0,0,1,0,0,0,0,0,0,0,0,0,0,0
1,2330,CURSO DE COMUNICACÃO SOCIAL DA UFPR,R BOM JESUS     650,JUVEVÊ,-25.41376315,-49.25244683,15,0,3257,2719,50,51,0,3,2,6,48,5,2,0,1,3,22,0,1,0,42,0,0,1,0,1,3,10,0,0,0,1,0,0,0,0,0,0,0,6,0,0,0,0,0,0,0,0,7,12,95,0,54,1,0,4,0,1,3,0,6,2,0,3,7,0,1,1,0,1,2,1,1,0,12,0,1,0,0,23,0,1,0,0,1,3,1,4,1,0,10,0,0,0,0,195,0,9,0,2,2,0,0,0,0,0,0,0,8,0,5,0,0,0,0,0,0,1,0,0,0,1,0,0,7,2,0,0,21,0,1,43,0,10,3,1,2,28,0,43,80,31,7,1,0,1,3,1,47,0,4,0,2,8,0,27,4,0,3,0,0,1,2,0,0,2,2,0,5,0,0,13,0,1,0,1,0,0,0,0,0,0,0,0,0,0,0,0,1,6,39,0,0,0,0,0,0,0,0,0,1,0,0,0,0,0,0,0,0,2,2,0,11,0,6,0,8,0,0,0,1,0,0,0,0,0,0,0,3,0,0,0,8,0,1,0,0,1,2,0,0,0,0,0,0,1,0,0,0,0,0,0,0,0,0,0,1,0,0,0,0,0,0,0,1,0,0,26,22,0,0,0,1,14,1,2,0,0,0,0,0,6,0,0,2,0,0,2,0,3,0,0,5,0,0,2,0,0,0,0,0,3,0,0,0,0,0,0,1,3,0,0,0,2,0,0,1,0,65,1,3,51,1,1,0,0,0,7,0,0,1,0,2,0,69,27,12,1,7,0,0,0,1,11,0,12,1,0,0,4,1,3,6,1,0,4,0,22,1,3,0,1,11,1,0,0,4,45,0,1,7,103,1,1,0,0,0,0,0,0,0,0,0,0,0,0,0,1,20,0,0,2,1,0,0,3,80,0,2,1,30,0,2,0,20,0,2,3,0,4,0,1,3,74,28,1,8,0,0,55,0,1,1,1,3,6,1,0,0,5,1,0,1,0,0,0,0,0,2,0,7,0,0,0,0,0,0,0,0,1,2,1,0,0,0,0,0,2,0,3,0,9,0,0,0,0,26,5,0,0,0,0,2,0,0,0,0,0,0,0,0,0,0,0,0,0,0,0,0,3,0,0,6,0,0,0,0,1,0,1,0,0,0,1,0,0,0,1,0,0,0,0,0,0,0,1,3,0,0,0,0,0,0,0,0,0,7,1,2,0,128,0,0,0,1,1,5,6,21,0,0,9,2,9,3,0,4,0,16,0,1,9,0,0,0,0,1,3,2,0,1,0,96,1,1,6,1,1,21,1,1,0,0,7,9,11,19,7,0,0,8,1,8,0,0,0,0,0,2,0,0,0,0,0,1,1,1,0,1,0,0,0,0,7,0,1,0,0,0,0,0,0,0,0,0,0,0,0,0,0,0,5,0
1,2348,COLEGIO POSITIVO JUNIOR,R MARCELINO CHAMPAGNAT  733,MERCÊS,-25.4289114,-49.29418016,12,0,4234,3511,99,69,0,10,0,6,37,10,2,0,0,5,55,1,1,0,38,0,0,0,0,3,5,13,1,1,0,0,0,1,0,0,0,0,0,15,0,0,0,0,0,4,0,0,2,5,173,0,57,0,5,4,0,0,3,0,22,5,2,1,11,0,0,0,1,1,0,0,10,0,9,0,1,0,0,87,0,0,0,3,0,5,2,0,0,2,12,0,0,0,0,154,0,12,0,3,2,0,0,0,0,0,0,0,6,0,5,0,0,0,0,0,0,0,0,0,0,0,0,0,3,2,0,0,13,0,2,53,0,6,1,2,3,15,1,43,42,18,13,0,0,0,0,1,38,0,0,0,0,5,0,37,1,0,4,1,0,0,0,0,0,5,0,0,6,0,1,33,0,0,0,0,0,0,0,0,0,0,2,0,0,1,0,0,0,7,55,0,0,2,0,0,0,0,0,0,5,1,5,0,0,0,0,1,2,3,2,0,9,0,0,0,22,0,0,0,0,0,6,0,0,0,0,0,5,0,0,0,12,0,0,0,0,1,1,0,0,0,0,0,0,0,0,0,1,0,0,0,0,0,0,0,0,0,0,0,0,0,0,0,0,0,0,37,36,0,0,0,0,23,2,0,0,0,1,0,0,1,0,0,1,0,0,4,0,5,2,0,8,1,0,5,0,0,0,0,0,9,0,1,2,0,0,0,4,3,0,0,1,0,0,0,5,0,74,4,10,86,0,0,3,0,4,6,0,0,0,0,4,2,76,35,27,0,7,1,0,0,9,13,0,11,2,0,0,7,0,1,9,1,4,4,3,45,1,1,3,2,10,0,0,0,7,69,1,10,10,238,3,1,0,0,0,0,0,0,0,0,1,2,0,0,1,0,40,0,0,0,0,0,0,3,88,6,1,0,30,0,3,0,26,0,0,6,5,0,0,0,13,103,29,6,11,0,0,69,0,0,2,5,1,3,0,0,0,12,1,0,1,0,0,0,0,0,4,0,0,0,1,0,0,0,0,0,2,2,2,1,0,0,0,0,0,0,0,0,0,14,0,0,0,0,31,1,0,1,0,0,1,0,0,0,0,0,0,0,0,0,0,0,0,0,0,0,0,2,0,0,5,0,0,0,0,0,0,2,0,0,0,1,0,1,0,0,0,0,0,0,3,0,1,0,5,0,0,0,0,0,0,1,2,0,3,0,0,0,86,0,0,0,1,0,13,10,29,2,2,12,4,11,2,1,1,0,24,0,0,5,3,0,0,1,6,3,2,0,0,0,154,2,0,7,1,1,23,2,1,0,0,13,7,8,22,11,5,0,3,1,7,0,0,0,0,1,0,1,0,3,0,0,0,0,1,0,0,0,0,0,0,34,0,0,0,0,0,0,0,0,0,0,0,0,0,0,0,1,1,1,0
1,2356,COLEGIO DOM BOSCO,RUA PAULO MARTINS  314,MERCÊS,-25.41777304,-49.2964639,12,0,2550,2031,80,72,0,7,0,3,27,12,1,0,1,5,34,1,1,0,20,0,0,0,2,2,1,8,0,1,0,1,0,0,0,2,0,1,0,9,1,0,0,0,0,3,1,0,2,3,89,0,39,0,2,0,0,0,1,0,3,1,2,7,3,0,0,0,0,0,0,0,0,0,14,0,0,0,0,40,0,0,0,2,0,1,0,0,0,1,4,0,0,0,0,112,0,2,0,3,0,0,0,0,0,0,0,0,7,0,2,2,0,0,0,0,0,0,0,0,0,0,0,0,3,0,0,2,8,0,3,36,0,7,1,1,0,9,0,39,22,13,3,2,1,2,2,0,14,0,1,1,0,2,0,15,0,0,0,0,0,0,0,0,0,1,2,0,7,0,0,13,0,0,1,0,0,1,0,1,0,1,2,0,0,0,0,0,0,9,35,0,0,0,0,0,1,0,0,0,4,0,4,0,0,0,0,1,0,1,1,0,5,0,10,0,16,0,0,0,0,0,0,0,0,0,0,0,0,0,0,1,7,0,0,0,0,0,0,0,0,0,0,0,0,0,0,0,0,0,0,0,0,0,0,0,0,0,0,0,0,0,0,0,0,0,0,24,1,0,0,0,1,8,0,0,1,0,1,0,0,1,0,0,1,0,0,3,1,0,0,0,7,0,0,0,0,0,0,0,0,2,0,0,0,0,0,0,2,3,0,0,0,0,0,0,0,0,57,2,0,65,1,1,0,0,0,7,0,0,0,0,0,0,39,32,4,0,5,1,0,0,3,18,0,7,1,0,0,4,0,2,9,0,2,10,0,9,1,1,3,0,12,2,0,0,1,63,0,3,2,120,1,1,0,0,0,0,0,0,0,0,0,0,1,0,0,0,11,1,0,0,0,0,0,1,32,3,1,0,24,0,5,0,11,0,0,0,4,0,2,3,3,43,12,3,1,0,0,19,0,3,3,1,0,4,0,0,0,1,3,0,4,0,0,0,0,0,1,0,2,0,0,0,0,0,0,0,0,0,0,2,0,0,0,0,0,0,0,0,0,11,0,0,0,1,17,1,0,0,0,0,2,0,0,0,0,0,0,0,0,0,0,0,0,0,0,0,2,0,0,0,2,0,0,2,0,0,0,1,0,0,0,0,0,0,0,0,0,0,0,0,0,0,4,0,2,0,0,0,0,0,0,0,0,0,6,0,0,0,58,0,0,1,0,0,8,3,17,2,0,9,2,2,1,0,1,0,11,1,0,10,0,0,0,0,2,0,1,0,3,0,61,0,1,7,0,0,6,3,1,0,0,3,3,5,7,5,1,0,6,0,2,0,0,0,0,1,0,0,0,0,0,0,0,0,0,0,0,0,0,0,0,34,0,0,0,0,1,0,0,0,0,0,0,0,0,0,0,0,1,2,0
1,2364,COLEGIO ESTADUAL SENADOR MANOEL ALENCAR GUIMARAES,AV CANDIDO HARTMANN  1650,MERCÊS,-25.42513962,-49.30041889,12,0,2045,1672,76,66,0,3,1,6,26,2,1,0,0,2,32,0,0,0,23,1,0,0,1,0,1,5,1,0,0,0,0,0,0,0,1,0,0,11,0,0,0,1,0,2,0,1,2,5,116,0,37,0,1,1,0,0,3,0,6,0,2,0,3,0,1,0,0,0,0,0,0,0,19,0,1,0,0,11,0,2,0,0,0,0,1,0,0,2,3,0,0,0,0,80,0,4,0,4,0,1,0,1,0,0,0,0,1,0,1,0,0,1,0,0,0,0,0,0,0,0,0,0,4,1,0,0,12,0,0,30,0,2,0,3,0,11,0,24,22,23,3,0,2,0,0,0,20,0,0,0,0,1,1,15,2,0,0,0,0,3,0,0,0,1,3,0,2,0,0,5,0,0,0,1,0,0,0,0,0,0,0,1,0,0,0,0,0,4,26,0,0,0,0,0,0,0,0,1,0,1,0,1,0,0,0,0,0,0,1,0,7,0,0,0,1,0,0,1,0,0,0,0,0,1,3,0,4,0,0,0,6,0,0,1,0,0,0,0,0,0,0,0,0,0,0,0,0,0,0,0,0,0,0,0,0,0,0,0,0,0,0,0,0,0,0,16,16,2,0,0,0,9,3,0,0,0,0,0,0,0,0,0,0,0,0,0,0,3,0,0,7,0,0,0,0,0,0,0,0,0,1,0,1,0,2,0,2,2,0,0,0,0,0,0,0,0,39,3,2,31,2,0,1,0,6,1,1,0,0,0,2,0,28,34,5,0,4,6,2,0,0,13,0,7,0,0,0,3,0,0,6,0,2,8,0,14,0,0,0,1,11,1,0,0,2,38,2,0,0,62,1,0,2,0,0,0,0,0,0,0,0,0,0,0,0,0,9,0,0,0,0,0,0,4,29,1,0,0,13,0,1,0,6,0,0,1,1,7,0,0,2,28,12,3,0,0,0,14,0,0,0,1,3,1,1,1,0,0,0,0,0,0,0,0,0,0,0,0,2,0,0,0,0,0,0,0,0,1,2,1,0,0,0,0,0,0,0,1,0,20,1,0,0,0,24,0,0,0,0,0,3,0,0,0,0,0,0,0,0,0,0,0,0,0,0,0,0,0,0,0,8,0,0,0,0,1,0,0,0,0,0,2,0,0,0,0,0,1,0,0,0,0,2,0,2,0,0,1,0,0,0,1,0,0,4,0,0,0,54,0,0,0,0,1,3,0,7,1,0,3,0,6,1,1,0,1,8,0,0,4,1,0,0,0,1,0,0,0,0,0,63,0,7,3,1,0,7,1,0,0,0,8,4,1,6,4,2,0,2,0,1,0,0,0,0,0,0,0,0,0,0,0,0,0,0,0,0,0,0,0,0,27,0,0,0,0,0,0,0,0,0,0,0,0,0,1,0,0,0,1,0
1,2372,SETOR DE CIENCIAS AGRARIAS,R DOS FUNCIONARIOS 1540,JUVEVÊ,-25.41013795,-49.24888101,16,0,3993,3262,93,78,0,4,3,7,47,4,1,0,0,5,55,0,0,2,30,2,0,2,3,1,2,12,0,1,0,1,1,0,0,0,4,0,0,10,0,1,0,0,0,2,0,0,6,18,139,0,63,0,0,4,0,0,1,0,12,9,3,3,6,0,2,0,0,3,0,0,10,0,14,0,1,0,0,42,0,0,0,5,0,10,4,0,0,3,8,0,0,0,0,188,0,7,0,5,2,0,0,0,1,0,0,0,2,0,1,1,0,0,0,0,0,0,0,0,0,0,0,0,0,0,2,0,17,0,1,59,0,7,2,2,2,12,0,36,58,38,14,3,0,0,1,0,51,0,3,0,0,1,0,21,6,0,2,1,0,2,1,0,0,3,0,0,7,0,0,13,0,4,0,0,1,0,0,2,0,1,0,0,0,0,0,0,0,0,65,0,0,1,0,0,1,0,0,0,2,0,4,1,0,0,0,0,0,2,0,0,8,0,2,0,12,0,0,0,0,0,1,4,0,1,2,3,4,0,0,0,2,0,7,1,0,0,1,0,0,0,0,0,0,0,0,0,2,0,0,0,0,0,0,0,0,0,0,0,0,0,0,0,2,0,0,17,29,0,0,1,2,12,1,1,0,1,1,0,0,0,0,0,6,0,0,1,0,5,1,1,3,0,0,0,0,0,0,0,0,2,0,1,1,0,0,0,2,7,0,0,2,1,0,0,2,0,53,2,4,58,1,0,2,0,11,6,1,0,0,0,1,1,64,35,20,0,8,0,0,0,4,25,1,13,5,1,0,5,3,1,7,0,0,14,0,19,3,4,3,3,7,1,1,3,6,45,2,7,4,144,3,1,0,0,0,0,0,0,0,0,0,0,0,0,0,0,18,1,0,0,0,0,0,5,79,4,2,1,47,0,3,0,17,0,0,2,4,0,1,1,6,104,43,6,7,0,0,98,1,0,3,2,0,6,0,1,1,7,3,0,0,0,0,0,0,0,0,0,7,0,0,0,0,0,0,1,0,0,1,4,0,0,0,0,1,0,0,0,0,13,0,0,0,0,31,5,0,2,0,0,0,0,0,0,1,0,0,0,0,0,0,0,0,0,0,0,1,3,0,0,6,0,0,1,1,5,0,0,0,0,0,0,0,0,0,0,0,0,0,0,0,0,1,0,1,0,0,0,0,1,0,1,0,0,7,0,0,0,130,0,0,0,0,0,10,3,27,1,3,40,7,14,5,0,2,0,23,0,0,6,0,0,0,2,9,1,0,0,1,0,112,0,0,4,1,0,10,5,0,0,0,5,4,35,36,11,0,0,13,2,8,0,0,0,0,0,4,0,0,0,0,0,0,0,4,0,1,0,0,0,0,3,0,0,0,0,0,0,0,0,1,0,0,2,0,0,0,1,1,1,0
1,2380,ASSOCIAÇÃO EDUCATIVA STELLA MARIS,R ROCHA POMBO 792,JUVEVÊ,-25.41258457,-49.26139874,15,0,5444,4438,141,97,0,9,2,10,52,13,1,1,1,3,67,2,2,0,48,1,3,2,0,3,4,10,0,0,0,0,1,1,1,0,0,0,0,13,0,0,0,0,0,4,0,0,10,13,160,1,87,0,3,5,0,0,1,1,12,5,12,4,8,0,0,0,0,2,0,1,1,0,11,0,5,0,0,47,1,0,0,3,1,5,1,0,0,3,24,0,0,0,0,315,0,5,0,7,7,0,0,2,2,0,0,1,4,1,3,0,0,0,0,0,0,0,0,0,0,0,0,0,11,7,0,1,24,0,2,63,0,9,0,3,6,25,1,75,88,43,26,4,0,0,6,2,49,0,5,1,0,0,0,37,2,0,1,0,0,0,1,0,1,4,1,0,17,0,0,25,0,2,0,2,1,0,1,1,0,0,2,3,1,0,0,0,0,10,73,0,0,0,0,0,0,0,1,0,4,0,2,1,0,0,0,2,0,6,7,0,12,0,4,0,31,0,2,0,0,0,2,1,0,0,3,0,1,0,0,0,8,0,4,0,0,0,0,0,0,0,0,0,0,0,0,0,0,0,1,0,0,0,0,0,1,0,0,0,0,0,0,0,2,0,1,32,29,0,0,0,3,23,3,0,0,3,0,0,0,2,0,0,0,0,0,5,2,12,0,0,6,0,2,4,0,0,0,0,2,0,0,0,1,0,0,0,10,9,0,0,0,1,0,0,0,0,77,4,8,88,4,2,1,0,0,11,1,0,0,0,3,5,82,50,23,2,7,0,1,0,4,25,0,15,2,1,0,4,6,2,8,0,4,41,0,42,0,4,2,3,24,0,6,3,3,78,1,4,8,251,3,2,0,0,0,0,0,0,0,0,0,0,0,0,0,0,30,0,0,1,0,0,0,9,102,7,1,0,54,1,8,0,22,1,0,7,6,6,2,0,11,105,62,11,9,1,0,66,0,0,7,0,2,17,2,1,0,14,0,0,2,0,0,0,1,0,2,0,8,0,0,0,0,0,0,0,0,3,2,1,0,0,0,0,0,0,5,0,0,13,0,0,0,2,30,5,0,0,0,0,2,0,0,0,0,0,0,0,0,0,0,0,0,0,0,0,2,2,0,0,11,0,0,3,1,0,0,0,0,0,0,2,3,0,0,1,0,0,0,0,0,0,2,0,0,0,0,0,0,2,0,1,0,0,10,0,0,0,184,0,1,0,0,0,11,12,46,0,0,15,3,13,5,1,0,0,23,0,3,11,0,0,0,0,4,3,3,0,0,0,160,2,0,17,0,0,22,0,0,0,0,17,14,21,28,19,1,0,10,2,14,0,1,0,0,2,3,1,0,0,0,0,0,0,2,0,1,1,3,0,0,10,0,2,0,0,0,0,0,0,0,0,0,1,0,0,0,0,0,3,0
1,2399,CENTRO REDENTORISTA SANTO AFONSO,"R UBALDINO DO AMARAL, 204",ALTO DA RUA XV,-25.4231795,-49.2606732,4,0,3006,2375,77,62,0,1,2,9,45,6,3,0,0,3,43,0,0,0,34,0,0,0,1,0,6,6,0,0,0,0,0,0,0,0,3,0,0,10,1,0,0,0,0,0,0,0,4,2,58,0,54,0,0,4,0,0,3,0,6,0,2,3,6,0,8,0,0,0,0,0,0,0,13,0,1,0,0,18,0,0,0,5,0,2,0,0,0,1,3,0,0,0,0,159,0,6,0,3,2,0,1,1,2,0,0,0,6,0,0,0,0,0,0,0,0,0,0,0,0,0,0,0,6,4,1,1,23,1,1,34,0,7,1,2,0,18,0,48,49,44,12,0,0,0,0,2,51,0,4,2,0,4,0,25,5,0,2,0,0,1,0,0,1,1,2,0,4,0,0,11,1,0,0,3,0,0,0,0,0,0,0,1,0,0,0,0,0,3,45,0,0,0,0,0,0,0,0,1,2,2,2,0,0,0,0,3,0,4,2,0,4,0,2,0,12,0,0,0,0,0,2,0,0,2,0,0,0,0,0,1,5,0,0,0,0,1,0,0,0,0,0,0,0,0,0,0,1,0,2,0,0,0,0,0,0,0,0,0,0,0,0,0,0,0,0,36,28,0,0,0,2,12,1,1,0,0,0,0,0,0,0,0,0,0,0,1,0,1,0,0,5,0,1,1,0,0,0,0,0,0,0,2,0,0,0,0,8,7,0,0,0,0,0,0,1,0,37,4,1,58,4,0,0,0,3,1,0,1,0,0,0,0,35,27,9,0,6,0,0,0,2,17,0,8,1,0,0,3,0,0,22,2,0,10,3,28,3,1,2,0,5,2,0,0,1,46,1,2,2,95,1,0,0,0,0,0,0,0,0,0,0,0,0,0,0,0,14,1,0,0,0,0,1,1,71,2,0,0,22,0,7,0,13,0,0,3,0,2,1,0,2,45,13,0,2,1,0,22,0,2,3,2,3,8,1,0,0,12,0,0,3,0,0,0,0,0,1,0,2,0,1,0,0,0,0,0,0,0,2,3,0,0,0,0,0,0,3,1,0,9,0,0,0,1,25,1,0,0,0,0,0,0,0,0,4,0,0,0,0,0,0,0,0,0,0,0,0,1,0,0,2,1,0,0,0,0,0,0,0,0,0,1,1,0,0,0,0,0,0,1,0,0,1,0,0,0,1,0,1,1,0,0,0,0,12,0,0,0,113,0,0,2,1,0,5,2,27,0,0,4,0,7,3,1,0,0,19,0,2,8,0,0,0,2,3,2,2,0,0,1,54,1,1,1,0,1,5,0,2,2,0,9,2,13,12,2,2,0,6,3,4,0,0,0,0,0,2,0,0,0,0,0,0,0,0,0,1,0,0,0,0,3,4,0,0,0,0,0,0,0,0,0,0,0,0,0,0,0,0,5,0
1,2402,ESCOLA MADRE ANATOLIA,RUA MARTIN AFONSO  575,MERCÊS,-25.42779906,-49.28285509,12,0,1755,1420,54,33,0,3,1,2,28,1,0,0,0,3,14,0,0,0,9,0,0,0,0,0,0,5,1,0,0,0,0,0,0,0,0,0,0,4,3,0,0,0,0,0,1,0,3,0,57,0,36,0,0,3,0,0,0,0,7,2,1,2,7,0,3,0,0,1,0,0,1,0,4,0,1,0,0,21,0,1,0,2,0,7,1,1,1,0,3,0,0,0,0,95,0,8,0,1,0,0,0,0,1,0,0,0,1,0,0,3,0,1,0,0,0,0,0,0,0,0,0,0,0,4,0,0,14,0,1,25,0,4,0,5,1,9,0,14,39,11,5,1,0,0,0,0,14,1,0,1,0,2,0,10,2,0,0,0,0,4,2,0,0,0,0,0,3,0,0,4,0,0,2,0,0,0,0,1,0,1,3,0,1,0,0,0,0,1,26,0,0,0,0,0,0,0,0,0,0,2,2,0,0,0,0,4,0,1,3,0,3,0,1,0,9,0,0,0,1,0,1,0,0,3,0,0,2,0,0,0,3,0,0,0,0,1,0,0,0,0,0,0,0,0,0,0,0,0,1,0,0,0,0,0,0,0,0,0,0,0,0,0,1,0,0,10,3,0,0,0,0,6,3,0,1,0,0,0,0,0,0,0,0,0,0,7,0,1,0,0,4,0,0,0,0,0,0,0,0,0,0,2,1,0,0,0,1,1,0,0,2,2,0,0,1,0,18,1,1,32,1,0,1,0,0,0,0,0,0,0,1,2,22,14,2,0,3,0,0,0,0,9,0,10,2,0,0,1,0,0,7,0,5,3,0,9,0,1,1,0,5,0,0,1,2,28,2,6,2,80,3,0,0,0,0,0,0,0,0,0,0,0,0,0,0,0,15,1,0,1,0,0,1,1,40,5,0,0,9,0,2,1,6,0,0,0,2,3,1,0,3,28,11,0,6,0,0,15,0,1,0,0,0,1,0,0,0,2,0,0,2,0,0,0,0,0,2,0,4,0,0,0,0,0,0,0,0,0,0,3,1,0,0,0,0,0,1,1,0,9,0,0,0,0,11,0,0,0,0,0,0,0,0,0,1,0,0,0,0,0,0,0,0,0,0,0,0,0,0,0,1,0,0,0,0,0,0,0,0,0,0,0,2,0,0,0,0,0,0,0,0,0,2,0,0,0,0,0,0,0,0,0,0,0,5,0,0,0,66,0,0,0,0,0,2,4,10,1,0,2,1,5,3,1,0,0,2,0,0,4,0,0,0,2,3,1,0,0,0,0,59,2,0,4,0,0,4,0,0,0,0,0,4,6,3,5,0,1,2,0,9,0,2,0,0,0,0,0,0,0,0,0,1,0,0,0,0,0,0,0,0,5,0,0,0,0,0,0,0,0,0,0,0,0,0,0,0,0,0,0,0
1,2410,COLEGIO ESTADUAL PROFESSOR GUIDO STRAUBE,R JACAREZINHO   1680,MERCÊS,-25.41535155,-49.2898898,12,0,2335,1883,75,62,0,3,1,3,38,1,3,0,0,0,29,0,1,0,17,1,1,1,3,3,0,5,1,0,0,0,0,0,0,0,0,0,0,16,0,0,0,0,0,1,1,0,6,2,109,0,53,0,0,1,0,0,1,0,5,2,1,1,2,0,1,1,0,1,0,0,1,0,7,0,3,0,0,21,0,0,0,4,0,0,1,0,0,0,2,0,0,0,1,84,0,5,0,3,0,0,0,0,2,0,0,0,6,0,2,0,0,0,1,0,0,0,0,0,0,0,0,0,3,3,0,0,21,0,0,30,0,0,0,0,0,15,1,21,37,16,9,0,1,0,0,0,36,0,0,0,1,0,0,10,3,0,4,0,0,0,0,0,1,5,0,0,5,0,0,12,0,0,0,0,0,0,2,0,0,0,0,0,0,0,0,0,0,8,30,0,0,0,0,0,0,0,0,0,0,0,1,1,0,0,0,3,0,2,2,0,16,0,5,0,12,0,0,0,0,0,0,0,0,0,0,0,3,0,0,1,7,0,0,0,0,0,0,0,0,0,0,0,0,0,0,0,0,0,0,0,0,0,0,0,0,0,0,0,0,0,0,0,0,0,0,15,24,0,0,0,0,9,3,0,0,1,0,0,0,2,0,0,0,0,0,4,0,0,0,0,8,1,3,0,0,0,0,0,0,2,0,3,0,0,0,0,1,4,0,0,0,2,0,0,0,0,35,2,3,37,0,0,0,0,2,2,0,0,2,0,0,0,30,45,8,0,5,0,0,0,1,20,0,5,2,0,0,0,0,0,12,0,0,9,0,12,0,0,3,4,11,0,3,0,1,43,0,2,1,89,0,0,0,0,0,0,0,0,0,0,0,0,0,0,0,0,8,0,0,0,1,0,1,0,69,0,2,0,20,0,2,0,18,0,0,0,2,0,0,5,2,22,5,1,4,0,0,19,0,3,0,2,4,1,0,0,0,5,2,0,0,0,0,0,0,0,0,0,8,0,0,0,0,0,0,0,0,0,0,2,0,0,0,1,0,0,0,1,0,16,0,0,0,1,19,1,0,4,0,0,2,0,0,0,2,0,0,0,0,0,0,0,0,0,0,1,3,0,1,0,5,0,0,2,0,0,0,0,0,0,0,0,0,0,0,0,0,1,0,0,0,0,3,0,0,0,0,0,0,0,0,0,0,0,6,0,0,0,76,0,0,1,0,0,4,1,6,0,0,7,3,2,2,0,1,0,10,0,0,2,0,0,0,1,2,0,0,0,0,0,44,0,0,6,0,0,4,1,0,0,0,3,1,0,8,3,1,0,4,1,1,0,0,0,0,0,0,0,0,0,1,0,0,0,0,0,0,0,0,0,0,15,1,0,0,0,0,0,0,0,0,0,0,0,0,0,0,0,0,1,0
1,2429,ESCOLA ESTADUAL PROFESSOR CLETO,RUA VISCONDE DE NACAR   544,MERCÊS,-25.42753994,-49.28036107,2,0,1628,1275,53,26,0,2,1,5,29,3,0,0,0,1,13,0,0,0,7,1,0,0,1,1,1,1,0,1,1,0,0,1,0,0,2,0,0,12,0,0,0,0,0,2,0,0,8,6,34,0,17,0,0,0,0,0,0,0,3,0,1,1,2,0,0,0,0,1,0,0,0,0,4,0,1,0,0,13,0,0,0,1,0,0,1,0,0,1,2,0,0,0,0,89,0,4,0,3,2,0,0,0,0,0,0,0,0,0,1,0,0,0,0,0,0,0,0,0,0,0,2,0,3,0,0,0,10,0,1,21,0,5,1,1,1,18,0,31,41,22,9,2,0,0,0,0,13,0,0,1,1,1,0,7,0,0,0,2,1,1,1,0,0,0,1,0,6,0,0,4,0,0,0,0,0,0,0,0,0,0,0,1,0,0,0,0,0,6,25,0,0,0,0,0,1,0,0,0,1,0,2,0,0,0,0,0,0,0,2,0,4,0,0,0,9,0,0,0,0,0,2,0,0,0,0,0,0,0,0,0,5,0,0,0,0,0,0,0,0,0,0,0,0,0,0,0,0,0,0,0,0,0,0,0,0,0,0,0,0,0,0,0,1,0,0,6,6,0,0,0,0,2,0,2,0,0,0,0,0,0,0,0,1,0,0,2,0,0,0,0,9,0,2,1,0,0,0,0,0,0,0,0,0,0,0,0,0,2,0,0,0,1,0,0,0,0,19,1,0,29,0,0,0,0,0,1,0,0,0,0,1,1,20,19,5,0,1,2,0,0,0,9,0,5,0,0,0,2,1,0,3,1,1,6,0,10,1,1,0,3,5,0,0,0,5,23,0,6,0,61,0,0,0,0,0,0,0,0,0,0,0,0,0,0,0,0,4,0,0,0,0,0,0,1,32,2,1,0,13,0,0,0,11,0,0,4,0,2,0,0,3,20,9,1,6,0,0,16,0,1,0,0,1,1,0,0,0,3,0,0,0,0,0,0,0,0,0,0,1,0,0,0,0,0,0,0,0,0,0,1,0,0,0,0,0,0,1,0,0,5,1,0,0,1,10,0,0,0,0,0,0,0,0,0,0,0,0,0,0,0,0,0,0,0,0,0,0,1,0,0,0,0,0,0,0,1,0,2,0,0,0,1,0,0,0,0,0,0,0,0,0,0,1,0,0,0,0,0,0,0,0,0,1,0,3,0,1,0,67,0,0,0,1,0,4,4,9,1,1,3,0,5,5,0,1,0,11,0,0,7,4,0,0,1,2,1,0,0,0,0,41,2,0,2,0,0,2,2,1,0,0,1,5,4,9,1,1,0,4,2,1,0,0,0,0,0,0,0,0,1,0,0,0,0,0,0,0,0,0,0,0,6,0,0,0,0,0,0,0,0,0,0,0,0,0,0,0,0,0,0,0
1,2437,ESCOLA VICENTINA NOSSA SENHORA DAS MERCES,"AV MANOEL RIBAS, 1154",MERCÊS,-25.42279077,-49.29029039,12,0,2374,1919,64,47,0,3,0,4,38,5,0,0,0,2,20,1,0,0,16,0,0,0,1,2,1,6,1,0,0,0,0,0,0,0,0,0,0,10,0,1,0,0,0,1,0,0,2,0,90,0,38,0,0,3,0,0,0,0,3,0,1,0,5,0,0,0,0,3,0,0,0,0,13,0,0,0,0,39,0,0,0,1,0,5,0,0,0,4,4,0,0,0,0,125,0,4,0,1,2,2,0,0,0,0,0,0,5,0,1,0,0,0,0,0,0,0,0,0,0,0,0,0,5,11,0,2,30,0,1,29,0,3,0,2,1,13,0,34,34,20,13,0,0,0,0,0,27,0,0,1,0,1,0,13,0,1,1,4,0,0,0,0,0,3,1,0,1,0,0,10,0,0,0,0,0,0,0,0,0,0,0,0,0,0,0,0,0,4,24,0,0,0,0,0,0,0,0,0,1,0,0,0,0,0,0,1,0,2,1,0,22,0,2,0,9,0,0,0,0,0,1,0,0,0,1,2,0,0,0,0,5,0,0,0,0,0,0,0,0,0,0,0,0,1,0,0,0,0,0,0,0,0,0,0,0,0,0,0,0,0,0,0,0,0,0,18,8,0,0,0,3,14,3,1,0,0,0,0,0,0,0,0,2,0,0,6,1,2,0,0,2,0,0,0,0,0,0,0,0,1,0,3,0,0,0,1,3,1,0,0,0,2,0,0,2,0,34,0,2,33,1,0,0,0,1,4,0,0,0,0,0,2,35,14,14,3,1,1,0,2,4,8,0,17,3,0,2,2,0,0,10,0,0,4,0,18,0,3,2,0,11,0,0,0,1,31,0,4,3,90,1,0,1,0,0,0,0,0,0,0,0,0,0,0,0,0,8,0,0,0,0,0,0,0,48,3,1,0,27,0,1,0,9,0,0,0,0,2,0,0,0,53,8,7,9,0,0,31,0,0,0,0,0,3,0,0,0,0,1,0,1,0,0,0,0,0,0,0,3,0,1,0,0,0,0,0,0,0,0,1,0,0,0,0,0,0,0,1,0,12,1,0,0,0,16,1,0,0,0,0,3,0,0,0,0,0,0,0,0,0,0,0,0,0,0,0,0,0,0,0,9,0,0,0,1,0,0,2,0,0,0,1,1,0,0,0,0,0,0,0,0,0,13,1,0,0,0,0,0,0,0,0,0,1,2,0,0,0,66,1,0,0,0,0,10,6,16,0,0,1,6,9,5,0,2,0,7,0,0,9,0,0,0,0,2,0,0,0,0,0,60,1,0,8,0,0,5,5,1,0,0,5,3,9,14,7,0,1,12,0,2,0,0,0,0,0,0,0,0,0,0,0,0,0,0,0,1,0,0,0,0,15,0,1,0,0,0,0,0,0,0,0,0,0,0,0,0,0,0,1,0
1,2445,HOSPITAL DE CLÍNICAS,"RUA GENERAL CARNEIRO, 181",ALTO DA GLÓRIA,-25.4248837,-49.2620917,4,0,279,231,5,7,0,0,0,0,4,1,0,0,0,0,0,0,0,0,1,0,0,0,0,0,0,0,0,0,0,0,0,0,0,0,0,0,0,2,0,0,0,0,0,0,0,0,0,0,1,0,1,0,0,0,0,0,1,0,1,1,0,2,0,0,0,0,0,1,0,0,0,0,2,0,0,0,0,1,0,0,0,0,0,0,0,0,0,0,0,0,0,0,0,10,0,0,0,0,0,0,0,0,0,0,0,0,1,0,0,0,0,0,0,0,0,0,0,0,0,0,0,0,1,0,0,0,5,0,1,1,0,1,1,2,1,9,0,2,9,15,7,0,0,0,0,0,4,0,0,0,0,0,0,5,0,1,2,0,0,0,0,0,0,0,1,0,2,0,0,1,0,0,0,0,0,0,0,0,0,0,0,0,0,0,0,0,0,1,4,0,0,1,0,0,0,0,0,0,0,0,0,0,0,0,0,0,0,0,0,0,0,0,0,0,0,0,0,0,0,0,0,0,0,0,0,0,0,0,0,0,0,0,0,0,0,0,0,0,0,0,0,0,0,0,0,0,0,0,0,0,0,0,0,0,0,0,0,0,0,0,0,0,0,0,0,1,0,0,0,0,0,0,0,0,0,0,0,0,0,0,0,0,0,0,0,0,0,0,0,0,1,0,3,0,0,0,0,0,0,0,0,0,0,0,0,0,0,0,0,0,0,0,0,0,0,0,3,2,0,1,0,0,0,0,0,1,1,0,0,0,0,0,2,0,0,0,0,0,0,0,0,1,0,0,0,0,0,0,0,0,0,0,0,0,0,2,0,0,0,0,0,0,0,0,0,6,0,0,1,9,0,0,0,0,0,0,0,0,0,0,0,0,0,0,0,0,0,0,0,0,0,0,0,0,2,0,0,0,1,0,2,0,0,0,0,0,3,0,0,0,0,7,3,0,0,0,0,1,0,1,0,0,0,0,0,0,0,1,0,0,0,0,0,0,0,0,0,0,0,0,0,0,0,0,0,0,0,0,0,1,0,0,0,0,0,0,0,0,0,0,0,0,0,0,1,1,0,0,0,0,0,0,0,0,0,0,0,0,0,0,0,0,0,0,0,0,0,0,0,0,0,0,0,0,0,0,0,0,0,0,0,0,0,0,0,0,0,0,0,0,1,0,0,0,0,0,0,0,0,0,0,0,0,0,0,0,0,0,37,0,0,0,0,0,1,0,0,0,0,0,0,0,0,0,0,0,0,0,1,2,0,0,0,0,1,0,0,0,0,0,6,0,0,0,0,0,0,0,0,0,0,0,1,0,0,2,0,0,1,0,0,0,0,0,0,0,0,0,0,0,0,0,0,1,0,0,0,0,0,0,0,0,0,0,0,0,0,0,0,0,0,0,0,0,0,0,0,0,0,0,0
2,1112,ESCOLA MUNICIPAL ANISIO TEIXEIRA,R JOAO BATISTA SCUCATO 80 CJTO HABITACIONAL N ESPERANCA,ATUBA,-25.3841754,-49.2009685,55,0,3555,2861,231,103,0,15,2,10,55,3,4,0,0,6,48,2,0,0,18,1,0,0,3,2,2,4,0,0,0,0,1,2,1,0,0,0,0,34,2,1,0,0,0,2,1,0,46,118,63,0,67,0,3,4,0,0,1,0,2,2,1,0,2,0,1,0,0,0,1,0,0,2,40,0,1,0,0,23,0,0,0,1,0,0,2,0,0,0,1,0,0,0,1,49,0,1,0,1,1,0,0,3,4,0,0,1,0,0,1,0,0,0,0,1,0,0,0,0,0,0,0,0,5,6,0,0,22,0,0,31,0,58,0,5,2,7,0,68,12,28,7,1,2,0,1,0,39,0,0,0,1,3,0,10,2,1,0,0,0,0,0,2,1,3,0,1,3,0,0,15,0,0,0,0,0,0,0,1,0,0,2,0,0,0,0,0,0,0,28,0,0,0,0,0,1,0,0,1,2,1,2,0,4,0,0,1,0,0,0,0,10,0,1,0,5,0,0,0,0,0,0,0,0,1,1,0,0,0,0,0,2,0,2,0,0,0,2,0,0,0,0,0,0,0,0,0,0,0,2,0,0,0,0,0,1,1,0,0,0,0,0,1,1,0,0,39,2,0,0,1,2,6,9,1,1,0,0,1,0,0,0,0,1,0,1,0,0,0,6,0,13,0,4,1,1,0,0,0,0,2,2,1,0,0,0,3,0,4,0,0,0,0,0,0,0,0,45,2,0,33,1,1,0,0,1,15,0,0,0,0,2,0,30,95,6,0,39,0,1,0,0,45,0,2,0,0,0,14,4,0,5,2,0,39,0,18,0,0,3,0,10,0,4,0,1,105,1,2,5,177,3,0,0,0,0,0,0,0,0,0,0,0,0,0,0,0,9,0,0,0,0,0,0,2,61,2,0,0,9,0,0,0,4,0,0,6,4,2,0,12,2,18,11,0,0,0,0,12,0,0,16,5,0,3,0,0,0,0,0,0,2,0,0,0,0,1,2,0,1,0,0,0,0,0,0,0,0,2,3,0,0,0,0,0,0,0,1,0,0,24,5,0,0,0,50,3,0,1,0,0,0,0,0,0,0,3,0,1,0,0,0,0,0,0,3,0,0,1,0,0,1,0,0,5,1,2,0,0,0,0,0,2,2,0,0,0,0,0,0,0,1,0,5,0,0,0,0,0,0,1,0,0,1,0,2,0,0,0,83,0,0,1,0,0,4,12,5,8,0,4,3,5,8,0,0,1,3,0,0,3,0,0,0,0,0,2,0,0,1,0,91,0,0,8,0,0,3,1,0,0,1,4,2,33,29,3,1,1,5,1,0,0,0,0,0,0,9,1,0,0,0,0,0,1,0,0,0,0,0,0,0,0,0,0,0,0,0,0,0,0,0,0,0,0,0,0,0,0,1,1,0
2,1120,COLEGIO ESTADUAL LEONCIO CORREIA,R COSTA RICA   223,BACACHERI,-25.4014264,-49.2440502,35,0,6169,4895,211,142,0,5,3,16,59,19,4,2,1,4,76,2,0,0,41,2,0,0,3,1,3,9,0,0,0,1,1,0,0,0,0,0,0,34,3,0,0,0,0,0,0,0,19,41,110,1,95,6,1,18,0,1,3,0,1,3,6,5,12,0,1,1,0,1,0,0,3,1,37,0,3,1,0,45,1,0,0,1,0,2,1,2,0,1,13,0,0,0,2,212,0,11,1,7,4,1,2,1,4,0,0,1,4,0,4,0,1,2,0,0,0,0,0,0,0,0,0,0,15,9,0,0,46,0,0,70,0,39,2,2,3,45,1,90,81,71,26,5,1,0,1,1,60,0,5,0,0,7,1,43,6,0,6,3,0,0,0,0,0,6,3,1,13,0,0,46,0,3,0,3,0,1,0,2,0,1,1,3,0,2,0,0,0,6,81,0,0,0,0,0,0,2,0,3,2,0,4,0,0,0,0,1,0,1,9,0,14,0,1,0,21,0,0,0,0,0,0,1,0,1,0,1,0,0,0,2,5,0,7,1,0,0,0,0,0,0,0,0,0,0,0,0,0,0,1,0,0,0,0,0,0,0,0,0,0,0,0,0,0,0,0,44,16,0,0,0,3,23,9,0,1,0,0,0,0,3,0,0,3,0,0,4,0,4,0,0,18,0,1,4,1,0,0,0,0,1,1,7,0,0,0,0,2,6,0,0,0,0,0,0,0,0,110,0,0,64,1,0,3,0,5,18,0,1,1,1,4,1,91,93,24,0,28,2,1,0,7,33,1,7,3,2,0,8,4,2,21,0,3,44,2,40,2,0,1,2,28,1,0,2,3,121,4,14,9,284,3,1,0,0,0,0,0,0,0,0,0,0,0,0,0,0,24,0,0,2,0,0,2,6,138,0,4,0,58,0,1,0,31,0,0,2,4,18,1,7,4,61,54,6,1,1,0,57,1,0,5,7,1,13,3,1,0,1,6,1,0,0,1,0,0,0,2,0,10,0,0,1,1,0,2,0,0,1,3,6,0,0,0,0,1,0,5,0,0,32,3,0,0,0,62,4,0,1,0,0,0,0,0,0,0,1,0,0,0,0,0,2,0,0,0,0,3,0,0,0,3,0,0,5,0,0,0,0,1,0,0,1,2,0,0,0,0,0,0,0,2,0,6,4,4,0,0,0,0,0,0,0,1,0,10,0,0,0,208,0,0,0,2,0,15,8,40,2,0,8,4,8,12,0,3,1,32,0,0,18,0,0,1,0,4,1,0,0,2,0,134,4,0,9,3,0,25,0,4,1,0,13,4,36,54,8,5,2,18,0,6,1,0,0,0,1,6,1,0,0,0,0,0,0,0,1,1,0,0,0,0,5,0,0,1,0,0,0,0,0,0,0,0,1,0,0,0,0,0,4,3
2,1139,ESCOLA MUNICIPAL ENY CALDEIRA,R GUILHERME IHLENFELDT   51,BACACHERI,-25.3887871,-49.2256153,35,0,5525,4515,208,131,0,6,2,10,73,16,4,0,0,3,81,0,3,1,33,0,0,1,2,2,4,24,0,1,0,0,5,0,0,0,1,0,1,46,0,1,0,0,0,0,0,0,23,58,116,0,131,0,1,4,0,0,3,0,9,3,2,0,8,0,1,0,0,0,0,0,0,1,29,0,0,0,0,30,0,0,0,1,0,0,1,1,0,6,7,0,0,0,0,162,0,5,0,6,0,0,1,1,2,0,0,1,5,1,2,0,0,0,0,0,0,0,0,0,0,0,0,0,14,3,2,1,48,0,2,62,0,41,3,2,2,39,1,59,65,49,9,5,1,0,1,0,51,0,2,1,0,4,0,29,8,1,3,1,0,2,0,0,0,1,3,3,14,1,0,27,0,1,0,0,1,0,0,2,0,0,1,1,0,0,0,0,0,9,118,0,1,1,0,0,0,0,0,1,3,0,9,0,0,0,0,2,0,1,7,0,18,0,4,0,18,0,0,0,1,0,0,0,0,0,1,0,1,0,0,0,3,0,4,0,0,0,1,0,0,0,0,0,0,0,0,0,0,0,1,0,0,0,0,0,0,0,0,0,0,0,0,1,2,0,0,44,12,0,1,0,3,11,18,2,0,1,0,0,0,0,0,0,4,0,0,2,0,2,0,0,13,0,2,7,1,0,0,1,0,3,2,2,0,0,0,0,1,9,0,0,0,0,0,0,2,0,106,3,6,84,5,1,2,0,3,14,0,1,0,1,9,0,73,110,2,2,24,1,0,1,1,48,1,7,0,7,0,13,5,5,3,5,5,43,0,50,0,3,5,1,29,1,3,0,5,120,1,6,0,238,2,7,0,0,0,0,0,0,0,0,0,0,1,0,0,0,22,0,0,0,0,0,0,3,125,5,3,0,34,1,1,1,36,0,3,10,7,3,0,9,7,46,37,5,1,0,0,28,0,0,14,12,3,11,2,0,0,2,1,0,2,0,0,0,2,3,0,0,6,0,1,0,0,0,0,0,0,1,1,1,0,0,0,0,3,1,4,0,0,20,1,0,0,0,71,2,0,0,0,0,2,0,0,0,3,2,0,2,0,0,0,0,1,0,0,0,0,1,0,0,10,0,0,0,4,1,0,0,0,0,0,4,1,0,0,0,1,0,0,0,0,0,2,0,4,0,0,0,0,0,0,0,1,0,5,0,0,0,147,1,0,2,0,0,15,6,35,3,1,13,9,6,19,0,2,1,16,0,1,6,1,0,0,2,0,1,1,0,7,0,128,1,1,12,4,2,13,1,0,2,2,12,3,29,83,21,0,1,20,4,3,0,0,0,0,2,6,0,0,2,2,0,0,0,0,0,1,0,0,0,0,3,0,1,0,1,0,0,0,0,0,0,0,0,0,2,0,0,0,4,0
2,1147,ESCOLA MUNICIPAL JAGUARIAIVA,"RUA JOSÉ MAZEPA, 51",BACACHERI,-25.3964717,-49.2173825,35,0,2985,2456,88,66,0,4,0,6,49,4,0,0,0,1,43,1,0,0,24,0,0,0,1,1,2,11,1,1,0,0,0,0,0,0,0,0,0,11,0,0,0,0,0,0,0,0,7,28,64,0,88,1,1,6,0,0,1,0,0,7,1,0,2,0,0,0,0,1,0,0,2,0,11,0,0,0,0,20,0,0,0,2,0,1,0,0,0,0,2,0,0,0,0,96,0,5,0,5,1,0,0,0,0,0,0,0,4,0,2,0,0,0,0,0,0,0,0,0,0,1,0,0,6,4,0,2,16,0,0,39,0,15,2,0,0,13,0,46,34,32,10,2,5,0,2,1,34,0,3,0,2,3,0,9,2,0,0,1,0,1,0,0,0,1,2,0,3,0,0,11,1,0,0,1,0,0,0,0,0,0,0,0,0,0,0,0,0,9,45,0,1,1,0,0,1,0,0,0,8,0,9,0,0,0,0,0,0,1,3,0,2,3,1,0,13,0,0,0,0,0,0,0,0,1,0,0,0,0,0,0,3,0,1,0,0,0,0,0,0,0,0,0,0,0,0,0,0,0,1,0,0,0,0,0,1,0,0,0,0,0,1,0,0,0,0,30,6,0,0,0,2,9,5,1,5,0,0,0,0,0,0,0,5,0,0,3,0,1,0,0,25,0,0,0,0,0,0,0,0,0,0,1,0,0,0,0,0,8,0,0,0,3,0,0,0,0,78,3,2,34,0,0,0,0,2,3,0,0,3,0,4,0,34,45,9,0,14,5,0,0,2,22,1,5,0,2,0,2,1,1,14,0,0,42,0,25,0,1,2,2,20,0,1,0,0,68,0,4,3,144,0,0,0,0,0,0,0,0,0,0,0,0,1,0,0,0,10,0,0,0,0,0,0,3,99,0,0,0,24,0,2,2,10,0,0,0,3,9,0,5,2,34,25,1,3,0,0,24,0,1,3,2,0,3,1,0,0,2,0,0,0,0,0,1,0,0,0,0,5,0,0,0,0,0,0,0,0,0,0,0,0,0,0,0,0,0,1,0,0,24,1,0,1,0,37,6,0,1,0,0,0,0,0,0,8,0,0,0,0,0,0,0,1,0,0,0,4,1,0,0,3,0,0,0,1,0,0,0,0,0,0,0,0,0,0,0,0,0,0,0,0,0,0,0,2,0,0,0,0,0,0,0,0,1,8,0,0,0,80,0,0,1,1,0,3,3,20,1,0,2,0,4,7,0,1,0,12,1,0,5,0,0,0,2,1,0,0,0,0,0,64,1,0,2,0,0,9,0,0,0,0,3,0,14,30,4,1,0,12,0,4,0,0,0,0,0,3,0,0,0,0,0,0,0,1,0,0,0,0,0,0,1,1,0,0,2,0,0,0,0,0,0,0,0,0,1,0,0,0,0,1
2,1155,FACULDADE DE ARTES DO PARANÁ,RUA DOS FUNCIONÁRIOS 1357,CABRAL,-25.4098354,-49.2486351,16,0,2457,1923,45,45,0,4,0,2,26,5,1,0,1,1,37,0,2,0,24,0,1,0,0,0,3,3,1,0,0,0,0,0,0,0,0,0,0,10,0,0,0,0,0,1,0,0,2,6,59,0,41,0,1,0,0,0,0,0,5,3,2,2,3,0,1,0,0,0,0,0,6,0,8,0,1,0,0,28,0,0,0,6,0,1,3,1,0,0,5,0,0,0,0,107,0,6,1,5,1,0,0,0,0,0,0,1,0,0,1,0,0,0,0,0,0,0,0,0,0,0,0,0,1,1,0,0,8,0,0,29,0,7,0,4,2,15,0,30,49,20,9,2,0,0,0,2,21,1,2,3,1,1,0,16,5,0,2,1,0,1,0,0,0,0,0,1,6,0,0,18,0,0,1,0,1,0,0,2,0,0,1,0,0,0,0,0,1,2,27,0,0,0,0,0,0,0,1,0,2,0,2,0,0,1,0,0,0,0,0,0,12,0,1,0,6,0,0,0,0,0,0,0,0,0,0,0,1,0,0,0,4,0,1,0,0,0,0,0,0,0,0,0,0,1,0,0,0,0,0,0,0,0,0,0,0,0,0,0,0,0,0,0,0,1,0,13,21,0,0,0,7,6,5,0,1,1,0,0,0,1,0,0,1,0,0,4,1,3,0,0,1,0,0,1,0,0,0,0,0,1,0,1,0,0,0,0,2,2,0,0,0,0,0,0,0,0,50,1,7,20,1,2,0,0,0,6,0,0,0,1,0,0,50,24,10,2,3,0,0,0,3,18,1,7,0,0,0,1,2,0,9,0,4,10,0,10,0,3,5,1,8,0,0,0,0,26,2,3,5,108,0,0,0,0,0,0,0,0,0,0,0,0,0,0,0,0,13,0,0,0,0,0,1,2,46,3,1,0,23,0,1,0,12,0,0,2,2,2,1,0,6,48,21,7,4,2,0,54,0,1,3,1,0,4,0,0,0,1,1,0,0,0,0,0,0,0,0,0,3,0,0,0,0,0,0,0,0,0,1,0,0,0,0,0,1,0,0,1,0,11,0,0,0,0,16,2,0,0,0,0,1,0,0,0,0,0,0,0,0,0,0,0,0,0,0,0,0,0,0,0,4,0,0,0,2,0,0,2,0,0,0,2,0,0,0,0,0,0,0,0,0,0,2,0,0,0,0,0,0,0,1,0,0,0,4,0,0,0,84,0,0,0,1,0,3,4,17,1,0,17,6,2,1,0,1,0,9,0,0,3,0,1,1,0,5,0,0,0,0,0,65,0,3,4,2,1,4,1,0,0,0,7,1,11,17,4,1,1,0,1,4,0,0,0,0,0,0,0,0,0,0,0,0,0,0,1,0,0,0,0,0,3,0,0,0,0,0,0,0,0,0,0,0,0,0,0,0,1,0,1,0
2,1163,SOCIEDADE BENEFICENTE DUQUE DE CAXIAS,R COSTA RICA  1173,BACACHERI,-25.3966206,-49.2378728,35,0,5127,4263,145,135,0,5,0,12,68,17,4,1,0,5,83,0,0,0,47,2,1,2,3,1,3,7,0,1,0,0,3,0,0,0,0,0,0,24,0,0,0,0,0,5,0,0,13,34,111,0,89,0,3,23,0,0,1,0,8,6,3,7,7,0,4,1,0,2,2,0,1,0,31,0,0,0,0,47,1,0,0,6,1,2,1,1,0,1,12,0,0,0,1,201,0,5,0,8,1,0,0,0,1,0,0,0,3,0,1,0,0,0,0,0,0,0,0,0,0,0,0,0,7,2,0,2,24,0,2,56,0,12,0,3,0,20,1,61,49,48,17,2,1,1,2,1,43,0,2,0,0,6,0,29,4,0,4,0,0,1,0,0,1,0,0,1,15,0,0,29,0,0,0,3,0,0,0,5,0,0,0,0,1,0,0,0,0,6,74,0,0,0,0,0,0,0,0,0,1,2,2,1,0,0,0,7,0,0,1,0,12,0,3,0,20,0,1,0,0,0,0,0,0,4,1,0,0,0,0,0,5,0,2,0,0,0,0,0,0,0,0,0,0,0,1,0,0,0,1,0,0,0,0,0,0,0,0,0,0,0,1,0,0,0,0,46,13,0,2,2,1,28,10,0,0,1,0,1,1,2,0,0,2,0,0,4,0,7,1,0,14,0,3,5,0,0,0,0,0,2,0,1,0,0,0,0,2,4,0,0,1,0,1,0,3,0,108,12,1,81,16,0,4,0,2,5,2,0,0,0,2,1,86,87,9,2,16,3,0,3,2,40,0,8,2,6,0,5,1,2,17,0,4,18,0,39,3,0,3,4,28,1,1,1,3,110,1,9,4,258,7,7,0,0,0,1,0,0,0,0,0,0,0,0,0,0,26,2,2,0,1,0,0,4,119,1,4,2,46,0,2,7,24,1,0,2,3,12,3,2,4,81,56,5,4,0,0,47,0,2,8,1,1,11,0,1,3,2,4,0,3,0,0,0,0,1,0,0,16,0,0,0,1,0,0,0,0,1,0,1,0,0,0,0,4,2,2,0,0,26,0,0,0,0,43,3,0,0,0,0,0,0,0,0,1,0,0,0,0,0,0,0,0,0,0,0,0,6,0,0,5,0,0,2,4,0,0,0,2,0,0,2,1,0,0,0,0,0,0,0,1,0,2,0,2,0,2,0,0,0,0,0,0,0,11,0,1,0,124,1,0,0,0,1,6,6,37,0,2,4,8,5,1,0,4,0,30,0,0,11,1,0,4,1,3,0,0,0,1,0,158,1,1,6,1,4,14,4,1,0,0,17,12,49,42,23,7,1,4,1,9,0,0,0,0,0,5,0,0,0,0,0,0,1,0,0,0,0,0,0,0,7,8,0,0,0,1,0,0,0,0,0,1,0,0,0,0,0,0,2,0
2,1180,COLÉGIO MADALENA SOFIA,"R SANTA MADALENA SOFIA BARAT, 809",BAIRRO ALTO,-25.4126775,-49.2153728,36,0,7477,6095,295,187,0,7,1,13,92,11,1,1,1,4,94,0,2,3,50,1,0,0,11,1,3,32,1,2,2,2,0,0,0,0,0,0,0,55,2,5,1,0,0,0,2,0,17,36,106,0,135,1,6,11,0,0,1,0,3,3,4,7,6,0,0,0,0,0,0,0,2,0,37,0,6,0,0,58,1,0,0,3,0,3,2,1,0,4,11,0,0,2,0,208,0,9,1,5,0,0,0,3,5,0,0,0,1,1,11,0,1,2,0,0,0,0,0,0,0,0,0,0,14,11,1,0,26,1,3,91,0,22,1,7,4,55,0,136,93,59,11,3,0,1,0,0,62,1,3,2,1,5,0,38,1,1,6,0,2,1,0,0,0,4,1,0,17,1,2,35,0,2,0,1,0,0,1,4,0,0,1,0,0,2,0,0,0,13,103,0,0,1,0,1,2,0,1,0,4,0,7,0,1,1,0,7,0,7,5,1,12,0,5,0,20,0,1,0,1,1,2,0,0,1,2,0,0,0,0,0,7,0,2,0,0,0,1,1,0,0,0,0,0,0,0,0,0,0,1,0,0,0,0,0,0,0,0,0,0,0,0,0,0,0,0,82,6,0,1,0,8,19,16,0,0,1,0,0,0,8,0,0,1,0,0,10,2,3,1,0,34,0,0,7,0,0,0,0,0,1,0,3,1,0,0,1,3,11,0,0,0,0,0,0,0,0,149,7,6,87,4,1,1,0,6,18,1,1,2,1,7,2,106,125,13,1,51,27,3,0,1,80,3,8,0,0,1,12,0,0,15,0,2,58,1,58,0,2,3,6,31,2,1,1,8,157,0,13,6,356,3,0,0,0,1,0,0,0,0,0,0,1,1,0,0,0,21,2,0,0,3,0,0,7,124,3,4,0,30,0,0,3,23,1,2,1,9,10,1,1,1,63,87,4,6,0,0,42,0,3,6,12,3,6,0,4,1,4,0,0,0,0,1,0,4,1,0,0,4,0,6,0,0,0,0,0,0,4,3,3,1,0,0,0,4,1,2,4,0,48,0,0,0,1,67,150,0,1,1,0,1,0,0,0,4,0,0,0,0,0,0,4,0,0,0,7,2,0,0,0,18,0,0,1,0,0,0,0,0,0,1,2,4,0,0,0,0,1,2,1,1,0,4,1,0,0,0,1,0,0,0,3,0,0,8,0,3,0,183,0,0,1,1,3,12,35,52,5,2,7,10,11,67,0,2,1,37,2,1,10,0,0,0,1,1,7,2,0,5,0,175,2,0,18,0,1,14,2,0,1,1,22,5,192,50,12,13,2,20,2,12,0,0,0,0,0,2,1,0,1,0,0,0,1,1,0,3,0,1,0,0,2,1,0,0,1,0,0,0,0,0,0,0,0,0,0,0,1,0,8,0
2,1198,ESCOLA MUNICIPAL ARAUCARIA,R RIO IRIRI  355,BAIRRO ALTO,-25.4038335,-49.2074306,36,0,3447,2804,200,119,0,6,0,6,38,6,0,0,0,3,46,1,0,1,20,0,0,1,3,0,1,18,0,2,1,0,0,0,0,0,0,0,0,26,1,0,0,0,0,0,0,0,24,27,72,0,71,0,1,3,0,0,2,0,1,0,0,0,9,0,0,0,0,0,0,0,0,0,15,0,1,0,0,21,1,0,0,0,0,2,1,0,0,1,0,0,0,0,0,67,0,8,0,3,0,1,0,1,3,0,0,0,0,0,6,0,0,0,0,0,0,0,0,0,0,1,0,0,3,9,0,2,15,0,0,35,0,17,0,5,1,19,0,74,36,20,8,1,0,1,0,0,35,0,1,0,0,2,0,14,1,0,0,0,0,0,2,0,0,1,2,0,8,1,0,20,0,1,0,1,0,0,0,1,0,0,1,2,0,0,0,0,0,7,30,0,0,1,0,0,0,0,1,0,0,0,16,1,0,0,1,0,0,3,2,0,5,0,6,0,7,0,0,0,0,0,2,1,0,1,1,0,0,0,0,0,5,0,2,0,0,0,1,0,0,0,0,0,0,0,0,0,0,0,0,0,0,0,0,0,0,0,0,0,0,0,0,0,0,0,1,35,2,0,0,0,8,3,6,1,3,0,1,0,0,1,0,0,1,0,0,4,0,0,1,0,13,0,0,5,0,0,0,0,0,0,0,1,0,0,0,0,3,7,0,0,0,0,0,0,0,0,64,7,2,31,0,0,0,1,2,4,0,0,0,0,4,0,42,70,4,2,10,1,0,0,2,47,0,1,1,0,0,13,2,0,8,2,3,43,0,28,1,0,0,7,19,1,0,0,3,98,1,4,6,161,1,0,0,0,0,0,0,0,0,0,0,0,0,0,0,0,11,0,0,0,0,0,0,1,71,3,0,0,17,0,0,0,7,0,0,0,1,6,1,6,3,13,27,0,0,0,0,15,0,3,2,10,2,0,0,0,0,1,1,0,0,0,0,0,0,0,0,0,0,0,3,0,0,0,0,0,3,0,0,6,0,0,0,0,2,0,3,2,0,17,1,0,1,0,24,3,0,2,0,0,3,0,0,0,0,2,0,0,0,0,0,2,0,0,4,1,0,2,0,0,4,0,0,0,0,1,0,1,0,0,0,0,5,1,0,0,0,0,0,0,0,1,7,1,1,0,0,0,0,1,0,0,0,0,3,0,0,0,75,1,0,1,1,2,8,8,7,0,0,0,6,6,31,2,0,0,9,0,2,2,0,0,0,0,0,1,0,0,0,0,96,1,1,11,0,2,4,0,0,1,0,6,1,86,25,1,5,0,6,0,0,0,0,0,0,0,5,0,0,0,2,0,3,1,0,0,4,0,2,0,0,2,0,0,0,0,0,0,0,0,0,0,0,0,0,0,0,0,0,4,0
2,1201,ESCOLA DUNAMYS ENSINO FUNDAMENTAL (PARTICULAR),"RUA RIO IRIRI, 1125",BAIRRO ALTO,-25.401165,-49.2011525,36,0,4798,3901,296,151,0,20,1,15,63,7,1,0,0,3,53,0,0,0,26,0,0,4,3,0,2,19,2,0,0,0,1,0,0,0,0,0,0,50,0,1,1,0,0,0,0,1,20,35,92,0,118,0,4,4,0,0,0,0,1,0,7,1,8,1,0,0,0,1,0,0,0,0,37,0,0,0,0,48,0,0,0,4,0,0,4,0,0,0,3,0,0,0,0,80,0,4,2,3,0,2,0,2,1,0,0,0,1,1,5,0,0,1,2,0,0,0,0,0,0,0,0,0,4,5,4,1,19,0,1,35,0,22,0,1,2,21,0,97,30,18,14,3,0,0,0,2,71,0,0,1,1,5,0,12,6,2,5,1,0,0,0,0,0,0,0,0,13,0,0,27,0,0,1,0,1,0,1,0,0,1,0,1,0,0,0,0,0,2,59,0,0,1,0,0,0,0,0,0,3,0,12,0,0,0,0,2,0,6,1,0,15,0,1,0,3,0,0,0,0,0,0,0,1,0,1,0,1,0,0,2,9,0,2,0,0,0,1,0,0,0,0,0,0,0,0,0,0,0,2,0,0,0,1,1,0,0,0,1,0,0,0,0,0,0,1,31,7,0,1,0,1,11,5,0,0,0,0,0,0,1,0,0,4,0,0,2,1,0,1,0,16,0,3,0,0,0,0,0,0,0,0,3,0,0,0,0,1,8,0,0,0,0,0,0,0,0,92,6,1,47,3,0,3,0,3,5,0,0,3,0,1,2,62,94,5,0,26,5,2,0,3,99,0,3,0,0,0,10,1,0,10,4,1,71,0,14,3,0,3,2,22,0,1,1,1,123,3,28,1,233,0,0,0,0,1,0,0,0,0,0,0,0,0,0,0,0,14,0,0,0,0,0,1,1,100,0,0,0,29,0,1,0,6,0,0,7,4,20,0,10,1,23,36,1,1,0,0,10,2,2,20,19,12,0,0,1,0,0,0,0,3,0,0,0,0,0,1,0,0,0,0,0,1,0,0,0,2,1,1,3,1,0,0,0,0,0,2,0,0,20,0,0,0,0,54,5,1,1,0,0,11,0,0,0,3,0,0,0,0,0,0,0,3,0,2,2,1,0,0,0,5,0,0,2,0,0,1,2,0,0,0,2,0,1,0,1,0,0,0,0,1,0,3,2,0,0,0,0,0,2,0,0,0,0,0,0,0,0,69,2,0,1,0,1,5,3,12,3,4,4,6,4,46,2,8,0,8,0,1,4,0,0,0,0,1,2,0,0,0,0,150,5,1,7,1,1,5,0,0,0,2,13,3,135,41,4,2,0,6,7,1,0,0,0,0,0,2,1,0,0,0,0,0,0,0,0,0,0,1,0,0,1,1,0,0,0,0,0,0,0,0,0,0,0,0,0,0,1,0,1,0
2,1279,COLEGIO NOSSA SENHORA DO ROSARIO,R EDUARDO GERONASSO  1266,BACACHERI,-25.3906541,-49.2345239,35,0,5548,4617,193,131,0,8,3,6,71,11,1,1,0,4,74,2,0,1,33,1,0,0,2,2,5,21,0,3,0,0,0,0,0,2,0,0,1,35,1,0,0,1,0,2,0,0,20,34,117,0,110,0,1,13,2,0,4,0,5,1,9,1,14,0,1,0,0,1,0,0,1,0,35,0,2,0,0,52,0,0,0,6,0,3,4,0,0,4,7,0,0,0,0,206,0,8,0,6,0,0,5,3,7,0,0,0,1,0,1,1,0,2,0,0,0,0,0,0,0,0,0,0,14,3,0,0,51,0,3,80,0,32,3,4,2,42,0,70,62,44,43,1,1,1,1,4,52,0,4,0,1,3,1,43,4,1,6,0,0,0,2,0,1,1,1,0,22,0,0,32,0,1,0,0,0,0,0,1,0,0,1,1,0,0,0,1,0,12,75,0,0,1,2,0,1,0,1,3,0,0,6,0,0,0,0,7,0,3,0,2,15,0,3,0,29,0,0,0,0,1,0,0,0,1,2,0,0,0,0,0,5,0,3,0,0,0,1,0,0,0,0,0,0,1,0,0,0,0,1,0,0,0,0,0,0,0,0,0,0,0,0,0,0,0,1,44,16,0,1,0,1,26,8,0,0,0,0,0,0,2,0,0,4,0,0,5,0,1,1,0,17,0,0,5,0,1,1,0,1,3,0,2,0,0,0,0,2,7,1,0,0,0,0,0,2,0,106,8,8,76,6,0,1,0,2,10,0,1,0,0,1,0,88,79,6,0,19,4,3,1,3,25,0,10,0,8,0,6,2,0,14,2,3,33,7,27,1,1,3,1,16,2,2,0,3,107,0,6,7,250,4,14,0,0,0,0,0,0,0,0,0,0,0,0,0,0,21,0,0,0,0,0,0,3,136,2,3,0,45,0,4,0,16,0,2,1,1,8,4,7,5,61,73,1,3,0,0,53,1,2,11,13,1,24,0,2,0,3,2,0,3,0,0,0,1,0,0,0,15,0,3,0,1,0,0,0,0,1,1,1,0,0,0,0,0,0,1,0,0,21,2,0,0,1,60,2,0,0,0,0,5,0,0,0,0,1,0,0,0,0,0,0,0,1,0,0,1,1,0,0,9,0,0,0,5,0,0,0,0,1,0,0,1,0,0,0,0,0,0,0,0,0,3,1,1,0,0,1,0,0,0,0,0,0,16,0,0,0,196,0,0,0,2,0,7,5,31,1,0,7,3,10,15,0,8,0,23,0,1,13,0,0,0,3,1,9,2,0,5,0,144,2,0,12,1,1,9,1,0,0,0,11,8,30,64,20,7,2,20,3,13,0,0,0,0,0,6,0,0,1,0,0,0,1,0,0,1,0,0,0,0,4,0,0,0,0,0,0,0,0,0,0,0,0,0,0,0,0,0,1,0
2,1295,ESCOLA MUNICIPAL CARAMURU,TRAV RODOLPHO ROSENAU 157,CABRAL,-25.398051,-49.2553943,16,0,1572,1283,49,36,0,1,0,5,31,5,2,0,0,0,12,0,0,0,8,0,0,0,1,0,2,8,0,0,0,0,0,0,0,0,0,0,0,5,0,0,0,0,0,0,0,0,3,3,25,0,22,0,1,6,0,0,0,0,2,1,3,3,4,0,0,0,0,0,0,0,1,0,5,0,0,0,0,8,0,0,0,1,0,0,1,1,0,0,8,0,0,0,0,83,0,3,0,3,1,0,0,1,0,0,0,0,1,0,0,0,0,2,0,0,0,0,0,0,0,0,0,0,4,2,0,0,14,0,0,20,0,8,1,0,0,11,0,18,31,15,16,0,0,0,0,2,16,0,1,0,0,2,0,9,0,0,0,1,0,1,0,0,0,0,0,0,3,0,0,9,0,0,0,0,0,0,0,1,0,0,1,1,0,0,0,0,0,4,20,0,0,0,0,0,0,0,1,0,0,0,3,0,0,0,0,1,0,1,0,0,5,0,5,0,10,0,0,0,0,1,0,0,0,0,0,0,0,0,0,0,4,0,2,1,0,0,0,0,0,0,0,0,0,0,0,0,1,0,0,0,0,0,0,0,0,0,0,0,0,0,0,0,2,0,0,8,3,0,0,0,3,5,3,0,0,0,0,0,0,0,0,0,0,0,0,6,0,0,0,0,4,0,0,0,0,0,0,0,0,0,0,0,1,0,0,0,2,0,0,0,0,0,0,0,0,0,26,1,4,24,1,0,5,0,0,0,0,0,0,1,0,0,19,17,6,0,3,0,2,0,0,5,0,5,0,2,0,5,1,0,6,0,3,8,0,6,0,3,0,0,7,0,0,2,0,26,0,3,2,72,0,0,0,0,0,0,0,0,0,0,0,0,0,0,0,0,0,0,0,0,0,0,0,3,26,1,0,0,16,0,1,0,7,0,0,1,3,1,0,2,1,29,11,2,3,0,0,12,0,1,1,1,0,3,0,0,0,0,0,0,0,0,0,0,0,0,1,0,1,0,2,0,1,0,0,0,0,1,0,0,0,0,0,0,2,1,0,0,0,9,0,0,0,0,7,1,0,0,0,0,0,0,0,0,0,0,0,1,0,0,0,0,0,0,0,0,0,1,0,0,3,0,0,1,1,0,0,0,0,0,0,1,0,0,0,0,0,0,0,0,2,0,1,0,0,0,0,2,0,0,1,0,0,0,7,0,0,0,69,0,0,0,0,0,5,0,11,1,0,5,7,4,3,0,0,0,9,0,0,3,0,0,0,2,0,0,0,0,1,0,40,0,0,3,0,0,4,0,0,0,0,2,0,8,6,1,5,0,3,2,2,0,0,0,0,0,1,1,0,0,0,0,0,0,0,0,0,0,0,0,0,6,0,0,0,0,0,0,0,0,0,0,0,0,0,0,0,0,0,2,0
2,1384,COLÉGIO ESTILLO,"RUA DOUTOR LUIZ FERNANDO VAN DER BROOCKE, 174",BACACHERI,-25.4094569,-49.2277087,35,0,3845,3201,121,75,0,4,2,2,46,14,3,0,1,5,51,0,1,0,34,0,1,0,1,1,1,12,0,1,0,0,0,0,0,0,1,0,0,19,0,0,0,0,0,0,0,0,5,18,86,0,73,2,1,9,0,0,0,0,3,5,3,4,9,0,0,0,0,0,0,0,4,0,30,0,0,0,0,24,0,0,0,1,0,2,4,0,0,0,2,0,0,0,0,161,0,11,0,3,5,1,0,2,2,0,0,0,2,0,3,0,0,0,0,0,0,0,0,0,0,0,0,0,6,2,0,0,32,0,0,50,0,8,1,0,1,10,1,42,46,21,8,1,0,0,0,0,46,0,2,0,1,1,0,25,6,0,2,1,0,1,1,0,1,0,1,0,6,0,0,21,0,0,0,2,0,0,0,2,0,1,1,1,1,0,0,0,0,4,51,0,0,3,0,0,1,0,0,0,5,0,2,0,1,0,0,2,1,2,0,0,5,0,4,0,6,1,0,0,0,0,0,0,1,1,0,0,0,0,0,0,0,0,0,0,0,0,0,0,0,0,0,0,0,0,0,0,0,0,1,0,0,0,0,0,0,0,1,0,0,0,0,0,0,0,0,44,7,0,0,0,2,14,2,2,0,1,0,0,0,4,0,0,1,0,0,5,0,2,0,0,9,0,0,0,0,0,0,0,0,0,0,2,0,0,0,0,1,3,0,1,0,1,0,0,0,0,88,5,5,61,1,0,1,0,0,3,1,0,0,0,4,0,58,49,18,0,14,2,1,0,3,25,4,11,0,0,1,5,2,0,18,0,1,19,0,42,0,0,7,7,19,0,3,2,0,81,1,2,5,192,0,0,0,0,0,0,0,0,0,0,0,0,0,1,0,0,17,1,0,1,0,0,1,2,119,6,0,0,47,1,2,0,15,0,1,1,8,2,1,0,3,45,48,0,6,0,0,48,0,1,2,5,3,4,0,0,0,4,1,0,1,0,1,0,0,0,0,0,7,0,0,0,0,0,1,0,0,0,2,6,0,0,0,0,3,0,0,0,0,12,1,0,0,0,43,4,1,3,0,0,1,0,0,0,0,2,0,0,0,0,0,0,0,0,0,0,1,2,0,0,7,0,0,0,1,0,0,1,0,0,0,3,1,0,0,0,0,0,0,0,0,0,3,0,0,0,0,0,0,0,0,0,0,0,5,0,0,0,80,0,0,1,2,2,15,4,39,6,0,13,2,7,38,1,2,0,21,0,3,6,0,0,0,0,5,0,0,0,3,0,116,2,0,13,0,1,13,1,5,0,0,10,1,28,34,13,2,0,11,1,4,0,0,0,0,0,2,0,0,0,0,0,0,1,0,0,0,0,0,0,0,4,0,0,0,0,1,0,0,0,0,0,0,0,0,0,0,0,0,1,2
2,1414,ESCOLA ESTADUAL NOSSA SENHORA DA SALETE (ANTIGO COLÉGIO AMANCIO MORO),AVENIDA WASHINGTON LUIZ  620,JARDIM SOCIAL,-25.4192836,-49.2302746,18,0,5729,4748,158,112,0,6,2,12,51,10,5,0,1,4,67,2,0,0,58,2,1,1,0,0,1,8,2,1,0,0,0,0,0,1,0,0,0,13,0,0,0,2,0,3,1,0,4,14,180,0,107,1,3,14,0,0,0,0,13,7,2,3,13,0,1,0,0,1,0,0,2,0,33,0,2,1,0,59,0,0,0,5,2,1,6,1,0,0,16,0,0,0,0,220,0,5,0,6,1,0,0,1,0,0,0,0,4,0,2,0,0,0,0,0,0,0,0,0,0,0,0,0,8,2,0,0,31,0,2,59,0,9,1,3,2,27,0,50,69,52,14,5,2,0,1,2,60,1,0,2,0,3,0,39,1,0,5,1,2,0,0,0,0,8,2,2,22,0,0,16,0,1,0,3,0,2,1,0,0,0,1,0,0,3,0,0,0,9,102,0,0,0,1,0,1,0,2,1,4,0,11,1,0,0,0,3,0,5,1,0,7,0,2,0,25,0,0,1,0,0,0,0,0,1,2,0,3,0,0,0,10,0,1,0,0,1,2,0,0,0,0,0,0,0,0,0,0,0,1,0,0,0,0,0,0,0,0,0,0,0,0,0,2,0,0,49,24,0,0,0,1,34,2,0,0,0,0,0,0,2,0,0,1,0,0,4,0,4,0,0,18,0,1,1,1,1,0,0,0,2,0,4,1,0,0,0,2,0,0,0,0,0,0,0,0,0,112,4,6,69,3,0,0,0,3,10,0,1,0,2,4,3,102,59,18,0,25,5,0,0,5,37,1,32,0,0,0,4,3,5,37,0,1,22,0,59,2,0,1,3,23,1,3,1,1,116,2,13,6,275,4,0,0,0,0,0,0,0,0,0,0,0,0,0,0,1,37,2,0,0,0,0,2,7,140,8,5,0,72,0,7,3,22,0,0,2,4,9,0,2,9,114,94,4,10,0,0,97,1,2,3,7,0,6,3,2,1,12,0,0,2,0,0,0,0,0,2,0,8,0,0,0,0,0,1,0,0,2,2,4,0,0,0,0,1,0,2,0,0,28,0,3,0,0,57,6,0,1,0,1,1,0,0,0,0,0,0,0,0,0,0,0,0,1,0,1,1,2,1,0,11,0,0,1,0,0,0,0,0,0,1,0,1,0,0,0,0,0,0,0,0,0,4,0,3,0,0,0,0,0,0,1,0,0,12,0,0,0,160,2,0,0,1,0,9,8,41,0,0,28,14,16,7,0,0,0,25,0,0,14,1,0,0,3,3,1,0,0,3,0,147,0,0,25,3,1,16,1,2,0,0,23,3,42,30,13,7,4,14,1,6,0,1,0,0,0,1,0,0,0,0,0,0,3,0,0,0,0,0,0,0,3,0,0,0,0,2,0,0,0,0,0,0,0,2,1,0,0,0,9,1
2,1449,ESCOLA MUNICIPAL AUGUSTO CESAR SANDINO,R MOBRAL  413,SANTA CANDIDA,-25.363922,-49.23238,53,0,3250,2549,211,114,0,15,0,5,35,2,3,1,1,8,54,1,4,0,22,0,0,1,6,1,2,14,1,2,0,2,0,3,0,0,0,0,0,52,0,2,0,0,0,0,0,0,31,41,53,0,61,0,3,3,0,0,2,0,0,0,4,2,2,0,0,0,0,0,0,0,0,0,26,0,1,0,0,31,0,0,0,0,0,4,1,2,0,0,0,0,0,0,1,48,0,4,1,1,0,0,0,1,2,0,0,0,0,0,0,0,0,0,0,0,0,0,0,0,0,0,0,0,2,4,0,1,24,0,1,26,0,34,0,1,1,14,1,32,18,21,6,6,1,0,2,1,25,1,0,0,0,3,1,17,3,0,1,1,0,0,0,0,0,3,0,2,1,0,0,11,0,0,0,0,0,0,1,0,0,0,1,1,0,0,0,1,0,5,29,0,0,0,0,1,0,0,0,0,1,0,13,0,0,0,0,1,0,1,13,0,21,0,2,0,7,0,0,0,0,0,0,0,0,3,0,0,0,0,0,1,3,0,0,0,0,0,0,0,0,0,0,0,0,0,0,0,1,0,1,0,0,0,0,0,2,0,0,0,0,0,0,0,1,0,0,21,3,0,0,1,7,10,5,1,1,0,0,0,0,0,0,0,0,0,0,0,0,0,1,0,7,1,0,2,0,0,0,0,0,0,0,4,0,0,0,1,0,7,0,0,0,0,0,0,1,4,66,5,0,27,0,0,0,0,7,6,1,0,0,0,1,0,28,64,4,0,16,0,0,0,0,35,1,0,1,0,0,19,4,0,3,0,2,51,1,10,2,3,1,3,24,0,1,0,3,126,0,7,3,114,0,1,0,0,1,0,0,0,0,0,0,0,0,0,0,0,14,0,0,0,0,0,0,2,39,1,1,0,16,0,0,0,7,0,2,2,0,14,0,7,2,4,10,3,2,0,0,5,0,1,9,12,9,1,0,1,0,0,0,0,0,0,0,0,0,0,0,0,0,0,0,0,0,0,1,0,1,1,0,0,0,0,0,0,1,1,0,0,0,12,4,0,0,1,23,0,0,0,0,2,0,0,0,0,5,1,0,0,0,0,1,0,0,0,0,0,0,0,0,0,2,1,0,7,2,1,0,0,0,0,0,0,2,0,0,0,0,0,0,0,0,5,2,1,0,1,0,0,1,1,0,0,0,0,0,0,0,0,74,5,0,0,0,0,9,8,8,2,1,5,3,4,3,0,1,0,5,0,0,3,0,0,1,1,0,0,0,0,5,0,57,0,2,2,0,1,3,0,0,0,0,6,2,17,62,10,3,0,3,2,3,0,2,0,0,0,2,0,0,2,0,1,0,0,0,0,1,0,0,0,0,3,2,0,0,0,0,0,0,0,0,0,0,0,0,0,0,0,0,0,1
2,1457,ESCOLA MUNICIPAL RAUL GELBECK,RUA ODACIR SCHILIPAK 359,SANTA CANDIDA,-25.3735804,-49.2416555,53,0,3140,2478,169,107,0,20,3,15,38,3,2,1,2,3,38,2,1,0,17,2,1,0,4,1,1,12,0,0,1,0,3,1,0,0,0,0,0,43,0,1,0,1,0,0,0,0,25,38,65,0,71,0,1,6,0,0,0,0,0,1,2,0,8,0,1,0,0,0,0,0,0,0,33,0,2,0,0,19,0,0,0,2,0,0,0,3,0,0,4,0,0,0,0,47,0,4,1,2,1,0,0,0,5,0,0,1,2,0,2,0,0,0,0,0,0,0,0,0,0,0,0,0,0,7,0,0,12,0,1,26,0,28,1,1,0,14,1,46,33,15,17,1,0,1,1,1,26,0,0,0,0,3,0,14,1,0,3,1,0,0,5,0,0,4,7,0,4,0,0,20,0,0,0,0,0,0,0,1,0,0,0,1,2,0,0,0,0,7,32,0,0,0,0,0,0,0,0,0,1,0,16,0,1,0,0,1,0,0,1,0,19,0,2,0,11,0,1,0,1,0,0,0,0,0,0,0,2,0,0,0,5,0,1,0,0,0,0,0,0,0,0,0,0,0,0,0,0,0,1,0,0,0,0,0,1,0,0,0,0,0,0,0,0,0,0,32,14,0,0,0,6,6,19,5,0,0,0,0,1,0,0,0,0,0,0,5,0,1,2,0,9,0,0,0,0,0,0,0,0,0,0,4,0,0,0,0,0,6,0,0,0,0,0,0,1,0,51,1,1,21,0,0,0,0,1,7,0,1,0,0,5,1,23,70,7,0,11,0,0,0,1,39,0,1,0,4,0,3,0,0,6,0,1,54,0,18,0,0,0,0,11,0,0,4,8,83,0,1,0,108,3,0,0,0,0,0,0,0,0,0,0,0,0,0,0,0,10,0,0,0,0,0,0,1,77,0,1,0,19,0,0,0,11,0,0,0,2,4,0,5,0,21,17,2,0,0,0,13,0,2,1,16,1,5,0,1,0,2,1,0,0,0,0,0,0,1,0,0,1,0,0,0,0,1,0,2,0,1,0,0,0,0,1,2,0,1,0,0,0,23,0,0,0,0,45,1,0,0,0,0,0,0,0,0,18,0,0,0,0,0,0,0,0,0,0,0,0,0,0,0,3,0,0,3,0,0,0,0,0,0,0,0,0,0,0,0,0,0,0,0,0,0,0,0,0,0,0,0,1,0,0,1,0,0,2,0,0,0,52,2,0,0,0,0,9,0,6,3,1,6,5,1,5,0,2,0,0,0,1,13,0,0,0,0,4,1,0,0,6,0,69,1,0,5,0,1,4,0,0,0,0,11,2,11,30,2,3,0,1,0,1,0,0,0,0,0,2,0,0,0,1,0,0,0,0,0,0,0,0,0,1,0,0,0,0,0,0,0,0,0,0,0,0,0,0,1,0,1,0,0,0
2,1465,ESCOLA ESTADUAL SANTA CANDIDA,RUA THEODORO MAKIOLKA  155,SANTA CANDIDA,-25.3742177,-49.224207,53,0,7200,5778,396,211,0,25,6,18,107,19,8,0,1,9,107,3,1,0,36,1,0,0,3,5,7,19,3,0,0,0,0,1,0,0,0,0,1,78,0,0,0,1,1,0,0,0,19,122,166,0,179,0,3,1,3,0,0,0,0,3,4,5,18,0,0,0,0,0,1,0,1,1,62,0,2,0,0,54,1,0,0,4,0,2,2,2,0,5,0,0,0,0,0,144,0,4,2,2,2,0,0,3,8,0,0,1,3,0,8,0,0,1,0,0,2,0,0,0,0,0,1,0,9,6,1,0,52,0,1,91,0,68,4,3,2,30,2,79,55,35,8,6,12,0,3,3,102,0,1,0,2,3,0,21,8,1,0,0,1,2,0,0,0,3,7,3,12,0,1,18,0,0,0,3,0,0,1,0,1,0,0,1,0,1,0,1,0,8,93,0,0,0,1,0,0,0,0,0,3,2,21,0,4,0,3,0,0,4,24,0,17,0,3,0,23,0,1,0,0,1,1,0,0,4,0,0,2,0,0,2,10,0,3,0,0,0,0,0,1,0,0,0,0,0,1,0,0,0,1,0,0,0,0,0,1,0,0,0,0,0,0,0,0,0,0,66,21,0,1,0,5,13,21,2,3,0,0,0,0,1,2,0,4,0,0,7,1,1,0,0,21,0,0,1,0,0,0,2,0,0,0,6,3,1,0,0,1,20,0,0,0,1,0,0,2,0,175,4,5,51,1,0,0,0,12,19,0,0,0,0,26,1,79,144,6,0,34,6,0,0,1,79,1,13,2,5,0,13,2,4,13,0,7,100,0,35,1,0,5,4,24,1,2,1,1,203,4,12,9,276,0,4,0,0,0,0,0,0,1,0,0,0,0,0,0,0,17,2,0,0,0,0,0,5,134,0,0,0,37,1,2,0,17,1,2,6,6,13,0,13,5,41,33,4,3,0,0,30,1,3,26,17,8,6,1,2,0,0,2,0,1,0,0,1,0,0,0,0,4,0,2,0,1,1,0,0,0,0,1,2,0,0,0,1,0,0,0,1,0,36,3,0,0,0,103,3,0,0,0,0,2,0,0,0,20,0,0,0,0,0,0,1,0,0,2,1,1,0,0,0,17,0,0,9,0,2,0,0,0,0,0,0,0,1,1,0,0,0,0,0,0,0,4,1,4,0,0,0,0,0,1,7,2,0,10,0,2,0,121,0,0,0,3,0,12,10,33,4,0,6,3,9,8,0,1,1,12,0,1,16,1,0,0,1,3,3,0,0,8,0,154,0,1,16,0,1,8,0,2,0,2,11,5,38,132,10,18,0,9,1,4,0,0,0,0,0,9,0,0,2,0,0,0,0,0,0,1,0,0,0,0,8,1,2,0,0,0,0,0,0,0,0,0,0,0,0,0,1,1,2,0
2,1503,COLEGIO ESTADUAL CECILIA MEIRELES,RUA PEDRO ELOY DE SOUZA  1700,BAIRRO ALTO,-25.4247001,-49.2030637,36,0,8479,6731,417,260,0,27,2,19,107,14,10,0,0,11,117,5,0,1,48,4,1,4,3,6,7,32,1,3,1,0,2,1,0,0,0,0,1,76,0,1,0,0,0,0,0,0,13,59,193,0,148,0,2,10,1,0,1,0,1,1,3,2,10,0,0,0,1,0,0,0,2,0,57,0,3,0,0,75,0,0,0,8,4,4,0,0,0,2,5,0,0,0,0,176,0,8,0,5,2,0,2,1,1,0,0,0,2,0,8,0,0,0,0,0,2,0,0,0,0,0,2,0,14,7,0,1,35,1,6,96,1,27,3,5,1,48,2,186,88,46,24,4,0,0,1,7,83,2,1,1,2,7,0,32,7,3,10,0,2,2,0,1,1,5,6,0,19,0,0,33,0,2,1,1,0,1,1,2,0,0,2,2,0,0,0,0,0,14,113,0,0,2,0,0,0,0,0,2,7,6,15,1,1,2,0,4,0,0,1,0,20,0,5,0,20,1,0,0,0,1,0,0,0,4,1,0,0,0,0,5,5,0,4,1,0,0,0,0,0,0,0,0,0,2,0,0,0,1,1,0,0,0,0,0,1,0,0,0,0,0,0,0,1,0,0,75,4,0,1,0,11,13,25,2,1,1,3,1,0,4,1,0,10,0,0,4,5,1,0,1,39,0,4,4,0,0,0,0,0,0,0,13,0,0,2,0,0,14,0,0,0,0,0,0,1,0,140,3,4,67,3,0,1,0,2,19,2,0,1,1,11,3,97,160,8,0,52,7,4,0,0,91,1,4,1,4,0,16,3,0,14,0,1,98,1,57,0,0,2,5,37,0,3,0,6,251,2,21,6,348,2,2,1,0,0,0,0,0,0,0,0,0,0,0,1,0,31,1,0,0,0,0,0,2,154,3,1,0,47,0,0,0,21,0,6,4,7,15,0,14,3,31,36,3,2,0,0,20,1,4,9,8,19,6,0,0,0,9,5,0,7,0,0,0,0,0,1,0,3,0,2,0,3,0,0,0,0,0,5,4,0,0,1,0,2,2,2,0,0,37,0,0,0,0,70,10,0,4,0,0,8,0,0,0,6,6,0,0,0,0,0,1,1,0,0,87,1,1,0,0,10,0,0,0,0,0,0,1,0,0,0,4,6,0,0,0,1,4,0,0,0,0,4,0,1,0,0,3,0,1,0,0,0,0,7,1,0,0,178,1,0,1,1,0,13,16,38,2,2,6,8,6,48,0,0,2,32,1,0,29,1,0,0,1,5,2,1,0,2,1,172,2,0,23,1,1,21,2,1,1,0,31,6,320,29,6,8,2,11,6,11,0,0,0,0,0,4,0,0,14,1,0,1,0,0,0,1,0,2,0,0,6,0,2,0,0,2,0,0,0,0,0,1,0,0,0,0,0,0,6,0
2,1511,ESCOLA ESTADUAL DONA BRANCA DO NASCIMENTO MIRANDA,R JORGE BONN 460 VILA TINGUI,TINGUI,-25.3922229,-49.2194124,54,0,3643,2971,128,87,0,7,1,10,57,10,2,1,0,1,45,0,0,0,17,0,0,0,1,0,4,14,0,1,0,1,0,0,0,1,0,0,0,28,0,1,0,0,0,0,0,0,7,49,48,0,74,1,2,2,0,0,0,0,2,1,2,0,15,0,0,0,0,1,0,0,0,0,26,0,1,0,0,24,0,0,0,0,0,5,2,0,0,0,6,0,0,1,0,94,0,6,0,2,0,0,1,1,0,0,0,0,0,0,7,0,0,0,0,0,1,0,0,0,4,1,0,0,5,3,0,0,22,0,2,21,0,27,0,2,0,13,0,51,24,24,11,1,0,0,1,1,27,2,1,0,1,2,0,23,2,0,1,0,0,6,1,0,2,0,0,0,15,0,0,14,0,0,0,0,0,0,0,1,0,1,0,3,0,0,0,0,0,5,48,0,0,2,2,0,0,0,0,4,1,1,7,0,0,0,0,2,0,5,1,0,18,1,0,0,10,0,0,0,0,0,0,0,0,1,0,0,0,0,0,0,13,0,3,0,0,0,0,0,0,0,0,0,0,0,0,0,1,0,3,0,0,0,0,1,0,0,0,0,0,0,0,0,0,0,0,28,10,0,0,0,0,4,6,0,4,0,0,0,0,0,0,0,2,0,0,3,0,1,0,0,22,0,0,1,0,0,0,0,0,0,1,5,0,0,0,0,0,7,0,0,0,0,0,0,0,0,90,2,4,39,0,0,0,0,0,11,0,0,2,0,2,0,42,75,8,0,19,0,1,0,2,36,0,1,0,9,0,3,1,1,16,2,1,26,0,32,1,0,0,0,30,0,2,0,2,107,0,2,2,182,0,2,0,0,1,0,0,0,0,0,0,0,0,0,0,0,12,0,0,0,0,0,0,1,74,4,2,0,24,0,0,2,13,0,0,3,1,2,0,2,2,26,28,0,0,0,0,24,0,3,11,7,0,8,0,0,0,1,5,0,0,0,0,0,0,0,0,0,6,0,0,0,0,0,0,0,1,0,2,2,0,0,0,1,0,0,1,1,0,18,0,0,0,1,34,1,0,0,0,0,2,0,0,0,9,1,0,0,0,0,0,0,1,0,2,0,0,0,0,0,7,0,0,2,0,0,0,1,0,0,0,0,1,0,0,0,0,1,0,0,0,0,6,2,0,0,0,0,0,0,0,1,2,0,3,0,0,0,99,0,0,2,1,1,8,7,17,3,1,12,7,4,3,0,2,1,18,0,0,2,1,0,2,1,1,0,0,0,5,0,114,2,0,4,0,3,6,1,1,0,1,8,1,32,101,12,7,0,6,0,1,0,0,0,1,0,4,0,0,0,0,0,0,0,0,0,0,0,0,0,0,4,0,0,0,2,0,0,0,0,0,0,0,2,0,2,0,1,0,0,1
2,1520,ESCOLA ESTADUAL MARIA MONTESSORI,R GUILHERME IHLENFELDT 980  VILA TINGUI,TINGUI,-25.3836275,-49.2296665,54,0,5160,4129,214,140,0,11,1,14,73,5,1,1,0,8,65,1,0,0,28,5,0,0,3,2,0,15,0,0,0,0,0,0,0,0,0,0,0,51,0,0,1,0,0,0,0,0,19,64,92,0,70,0,1,5,0,0,0,0,2,3,1,1,11,0,3,0,0,0,0,0,0,0,37,0,2,0,0,31,0,0,0,3,0,0,0,0,0,0,8,0,0,0,2,129,0,6,0,2,3,1,0,1,4,0,0,1,1,0,15,0,0,0,0,0,0,0,0,0,0,0,0,0,8,8,0,2,42,0,2,63,0,34,3,5,4,31,1,67,53,40,16,3,9,0,1,0,56,0,1,2,0,6,0,26,0,0,2,0,1,1,0,0,0,6,0,1,12,0,1,21,0,1,0,1,0,0,0,1,0,0,1,0,0,1,0,1,0,5,74,0,0,1,0,0,0,0,1,0,3,0,11,0,0,0,0,1,0,2,5,0,13,0,2,0,13,0,0,0,0,0,4,0,0,3,1,0,2,0,0,0,14,0,4,0,0,0,1,0,0,0,0,0,0,0,1,0,0,0,0,0,0,0,0,0,0,0,0,0,0,0,0,0,0,0,0,37,20,1,1,0,3,11,11,2,2,0,0,0,0,1,0,0,0,0,0,0,1,2,0,0,21,0,1,3,0,0,0,0,2,2,0,5,0,0,0,1,5,13,0,0,0,0,0,0,1,0,117,3,4,53,4,0,1,1,3,10,0,0,0,0,14,2,75,95,3,1,11,2,0,0,4,36,3,6,0,3,0,12,1,0,16,0,7,64,0,37,1,2,6,3,38,3,2,0,3,121,3,4,7,232,3,9,0,0,0,0,0,0,0,0,0,1,0,1,0,0,21,0,0,0,0,0,0,0,108,3,1,0,30,0,0,0,12,0,0,4,6,7,3,6,4,38,32,1,5,0,0,26,0,0,16,2,6,10,0,0,0,0,4,0,0,0,0,1,0,1,0,0,4,0,0,0,0,0,1,0,0,0,1,2,0,0,0,0,1,0,1,2,0,28,3,0,0,1,79,0,0,1,0,1,2,0,0,0,5,1,0,1,0,0,0,0,0,0,0,0,0,2,1,0,15,0,0,1,3,0,0,0,0,0,0,2,3,0,0,0,0,1,1,0,0,0,6,2,1,0,0,0,0,1,0,3,0,0,6,0,0,0,161,0,1,1,1,0,15,4,30,3,0,13,11,4,4,0,2,0,15,0,1,16,1,0,3,0,2,2,0,0,2,0,120,0,0,9,2,0,4,0,0,0,0,8,8,22,76,6,7,0,11,1,1,0,0,0,0,0,1,0,0,0,0,0,0,0,0,0,1,0,0,0,0,1,1,0,0,0,0,1,0,0,0,0,0,0,0,0,0,1,0,2,0
2,1538,SALAO DA IGREJA DE SANTA CANDIDA,RUA PADRE JOAO WILINSKI 755,SANTA CANDIDA,-25.3738646,-49.2239123,53,0,4047,3294,198,123,0,13,2,11,60,10,3,0,0,7,69,3,6,0,32,0,0,1,1,3,4,22,1,1,0,1,0,2,1,2,0,0,0,47,0,0,0,2,0,0,0,0,14,63,82,0,85,0,4,2,1,0,1,0,1,1,3,0,5,0,0,0,0,0,0,0,4,0,29,0,2,0,0,37,1,0,0,1,0,3,1,0,0,2,6,0,0,0,0,91,0,7,0,3,0,2,1,4,1,0,0,0,4,0,4,1,0,0,0,0,1,0,0,0,0,0,0,0,6,1,0,4,29,2,1,47,0,40,1,1,5,24,0,47,37,35,14,3,2,0,0,1,63,0,1,0,0,4,0,13,1,0,0,0,0,1,1,0,0,2,1,2,10,0,1,12,0,1,0,1,0,0,0,1,0,0,1,0,1,0,0,0,0,8,62,0,0,0,0,0,0,0,0,1,0,0,7,1,1,0,1,8,1,1,2,0,17,0,1,0,7,0,0,0,0,0,0,0,0,1,0,0,0,0,0,0,4,0,2,0,0,1,0,0,2,0,0,0,0,2,1,0,0,0,1,0,0,0,0,0,0,0,0,0,0,0,0,0,0,0,0,31,14,0,1,0,3,3,8,2,2,0,0,0,0,0,2,0,3,0,0,5,0,0,0,0,11,1,0,2,1,0,0,0,0,0,1,3,0,0,0,0,0,4,0,0,0,0,0,0,0,0,69,2,2,44,2,0,0,0,5,5,2,0,0,0,9,3,40,87,4,0,22,3,0,0,5,39,0,2,4,1,0,7,0,0,12,1,3,35,0,14,2,1,0,0,16,1,2,1,2,111,0,5,7,151,0,2,0,0,0,0,0,0,1,0,1,0,0,0,0,0,11,0,0,0,0,0,0,0,73,2,1,0,21,0,2,0,10,0,0,3,3,2,3,7,2,18,23,2,4,0,0,22,0,0,9,10,2,4,0,0,0,2,4,0,0,0,0,0,0,0,0,0,1,0,1,0,1,0,0,0,0,0,0,2,1,0,0,0,0,1,1,2,0,23,3,0,0,0,67,0,0,0,0,1,9,0,0,0,14,0,0,0,0,0,0,1,0,0,0,0,1,0,2,0,5,0,0,1,0,2,0,0,2,0,0,1,1,0,0,0,0,2,0,0,0,1,12,1,2,2,0,0,0,0,1,1,0,0,1,0,0,0,97,1,0,1,0,0,18,5,14,3,0,0,5,8,10,0,2,0,8,0,0,7,0,0,0,0,2,4,0,0,2,0,88,0,1,7,3,0,7,0,1,1,1,11,0,25,53,6,3,0,7,2,1,0,0,0,0,0,3,0,0,0,0,0,1,0,0,0,0,0,0,0,0,12,1,0,0,0,0,0,1,0,0,0,1,0,0,0,0,0,0,2,0
2,1546,GRUPO DE ESCOTEIROS SAO LUIZ DE GONZAGA,RUA OSORIO DUQUE ESTRADA 560,JARDIM SOCIAL,-25.415419,-49.2339029,18,0,1184,987,29,18,0,1,0,1,12,2,0,0,0,0,18,1,0,0,11,0,0,0,0,1,1,4,0,0,0,0,0,0,0,0,0,0,0,3,0,0,0,0,0,0,0,0,1,2,39,0,14,0,0,1,0,0,0,0,1,7,0,1,3,0,0,0,2,4,0,0,0,0,6,0,1,0,0,7,0,0,0,1,0,0,1,0,0,1,2,0,0,0,0,56,0,1,0,3,0,0,0,0,1,0,0,0,0,0,1,0,0,0,0,0,0,0,0,0,0,0,0,0,1,0,0,0,10,0,0,11,0,2,1,3,0,7,0,7,11,8,4,0,1,0,0,1,9,0,0,2,0,1,0,11,0,0,2,0,0,0,0,0,0,0,1,0,3,0,0,9,0,0,0,0,0,1,1,1,0,0,0,0,0,0,0,0,0,1,34,0,0,0,0,0,0,0,0,0,2,0,0,0,0,0,0,0,0,1,1,0,2,0,0,0,5,0,0,0,0,0,0,0,0,0,0,0,3,0,0,0,3,0,0,0,0,0,0,0,0,0,0,0,0,0,0,0,0,0,0,0,0,0,0,0,0,0,0,0,0,0,0,0,0,0,0,4,3,0,0,0,3,7,1,0,0,0,0,0,0,0,0,0,0,0,0,4,0,0,1,0,3,0,0,1,0,0,0,0,0,2,0,1,0,0,5,0,1,0,0,0,0,0,0,0,0,0,22,0,2,17,0,0,0,0,1,5,0,0,0,0,0,0,24,11,5,0,6,0,0,0,1,2,0,0,1,0,0,3,0,0,6,0,0,0,0,6,0,0,0,1,9,0,0,0,2,9,0,2,3,54,3,0,0,0,0,0,0,0,0,0,0,0,0,0,0,0,9,0,0,0,0,0,0,1,29,4,1,0,10,0,1,1,3,0,0,0,1,1,0,0,0,37,14,0,1,0,0,23,0,0,2,1,2,4,0,0,0,2,0,0,0,0,0,0,0,0,0,0,0,0,2,0,0,0,0,0,0,0,0,1,0,0,0,0,0,0,0,0,0,2,0,0,0,0,8,2,2,0,0,0,0,0,0,0,0,0,0,0,0,0,0,0,0,0,0,0,2,0,0,0,2,0,0,1,0,0,0,0,0,0,0,0,0,0,0,0,0,0,0,0,0,0,1,0,0,0,0,0,0,0,0,0,0,0,2,0,0,0,34,1,0,2,0,2,2,1,24,0,0,5,0,2,3,0,0,0,4,0,0,1,0,1,0,1,1,0,0,0,0,0,34,0,0,4,1,0,4,2,0,0,0,4,3,10,6,1,1,2,3,0,4,0,0,0,0,0,0,0,0,0,0,0,0,0,0,0,0,0,0,0,0,2,0,0,0,0,0,0,0,0,0,0,0,1,0,0,0,0,0,0,0
2,1570,CEI CURITIBA ANO 300,RUA JORNALISTA ALCEU CHICHORRO 180,BAIRRO ALTO,-25.4142628,-49.2063695,36,0,2404,1955,113,87,0,5,0,7,35,4,0,0,0,3,25,1,0,0,10,0,0,0,1,1,0,10,0,2,0,0,0,0,0,0,0,0,0,27,0,0,0,0,0,0,0,2,7,13,55,0,54,0,0,1,0,0,2,0,0,0,1,0,1,0,2,0,0,0,0,0,0,0,21,0,1,0,0,16,0,0,0,2,3,1,0,0,0,2,1,0,0,0,0,61,0,6,1,4,1,0,0,0,0,0,0,0,1,0,5,0,0,0,0,0,0,0,0,0,0,0,0,0,4,3,0,0,19,0,0,13,0,10,1,1,1,20,0,57,29,30,9,2,0,0,1,1,33,0,2,0,0,1,0,7,0,0,3,0,1,0,0,0,0,4,0,0,10,0,1,6,0,2,0,0,1,1,0,1,0,0,0,0,0,0,0,0,0,6,32,0,0,0,0,0,0,0,0,1,1,0,3,0,0,0,0,1,0,1,0,0,5,0,0,0,2,0,0,0,0,0,0,0,1,0,0,0,0,0,0,0,3,0,1,0,0,0,0,0,0,0,0,0,0,0,0,0,1,0,1,0,0,0,0,0,0,1,0,0,0,0,0,0,0,0,0,27,1,0,2,0,1,2,5,0,0,0,0,0,0,3,0,0,2,0,0,0,0,0,0,0,12,1,0,0,0,0,0,0,0,0,0,3,0,0,0,0,0,2,0,0,0,0,0,0,0,0,41,7,0,18,4,1,0,0,0,7,0,0,0,0,1,1,33,47,0,0,10,1,0,0,1,27,0,2,0,0,0,5,1,1,8,2,1,21,0,10,0,1,0,2,13,0,2,0,3,63,1,10,2,94,0,1,0,0,0,0,0,0,0,0,0,0,0,0,1,0,4,0,0,0,0,0,0,0,50,1,1,0,8,0,0,0,4,0,0,1,4,12,0,1,1,13,18,1,2,0,0,3,0,1,6,1,1,1,0,1,1,1,1,0,1,0,3,0,3,0,0,0,3,0,0,0,1,0,0,0,2,3,0,1,0,0,0,0,0,0,0,0,0,7,0,0,0,0,19,5,0,0,0,0,0,0,0,0,1,0,0,0,0,0,0,0,0,0,0,5,0,0,0,0,6,0,0,2,0,0,0,0,0,0,0,1,1,0,0,0,0,3,0,0,0,0,0,0,2,0,0,0,0,0,0,0,0,0,4,0,1,0,60,0,0,1,0,0,5,9,7,2,0,4,4,1,12,0,0,0,12,0,0,5,0,0,0,0,5,1,0,0,0,0,47,0,0,5,0,0,10,0,0,0,2,2,1,80,10,2,1,0,3,1,1,0,0,0,0,0,3,0,0,2,1,0,1,0,0,0,4,0,0,0,0,2,0,0,0,0,1,0,0,0,0,0,0,1,0,0,0,0,0,2,0
2,1589,ESCOLA MUNICIPAL ERASMO PILOTTO,RUA RIO JAPURA 648,ATUBA,-25.3943274,-49.2037059,55,0,4410,3626,235,136,0,18,3,8,50,7,4,0,1,8,56,1,0,0,23,0,0,0,7,2,0,16,2,0,0,0,2,1,0,0,0,0,0,39,0,1,0,0,0,0,0,0,22,39,89,2,85,1,1,3,1,0,2,0,1,0,2,1,7,0,0,0,0,1,0,1,0,0,40,0,3,0,0,37,1,0,0,0,0,1,1,1,0,1,3,0,1,0,0,94,0,3,0,5,1,0,0,2,1,0,0,0,0,0,4,0,0,0,0,1,2,1,0,0,0,0,0,0,5,5,0,0,13,0,1,32,0,21,1,2,1,18,0,63,33,24,10,4,1,0,0,0,54,0,2,1,1,4,0,19,4,0,4,0,0,1,2,0,0,0,0,0,7,0,0,22,2,0,0,1,0,0,0,0,0,2,0,1,2,0,0,0,1,8,50,0,0,2,0,0,0,1,1,0,0,0,6,0,0,0,0,2,0,0,5,0,13,0,2,0,3,0,0,1,0,0,2,1,0,0,3,0,2,1,0,0,0,0,5,0,0,0,0,0,0,0,0,0,1,0,0,0,0,0,2,0,0,0,0,0,0,0,1,0,0,0,0,0,0,0,0,36,5,0,0,0,3,7,11,0,0,0,0,0,0,1,0,0,5,0,0,6,0,0,0,0,6,0,0,1,0,0,0,0,0,2,3,1,0,0,0,0,1,10,1,0,0,1,1,0,0,0,109,2,6,30,3,0,0,0,3,12,0,0,0,0,2,1,49,43,2,3,15,5,0,0,1,39,0,4,0,1,0,18,3,0,16,1,4,95,3,28,0,0,4,1,30,1,1,0,1,130,0,9,7,238,3,1,0,2,0,0,0,0,0,0,0,0,0,0,0,0,6,0,0,0,0,1,0,1,129,2,0,1,17,0,0,0,9,0,0,3,4,12,1,8,1,27,29,2,2,0,0,27,0,0,13,16,4,7,0,0,0,1,0,0,0,0,0,1,0,2,0,0,5,0,4,0,4,0,1,0,0,0,4,2,1,0,0,0,1,0,2,0,0,18,2,0,0,0,47,0,1,1,0,0,2,0,0,0,4,0,0,0,0,0,0,1,0,0,2,0,0,0,0,0,6,0,0,4,0,1,0,0,0,0,0,1,2,0,0,0,0,1,0,0,0,0,2,1,0,0,0,0,0,0,0,0,1,0,5,0,1,0,97,0,0,0,3,0,7,11,19,2,0,5,3,0,14,1,4,0,5,1,0,7,0,0,0,0,1,0,2,0,3,0,191,0,0,9,3,1,7,0,0,0,0,15,1,114,32,3,3,0,7,2,6,0,0,0,0,0,0,2,0,0,0,0,0,0,0,0,2,0,0,0,0,2,0,0,0,0,0,0,0,0,0,0,1,0,0,0,0,1,0,0,2
2,1791,ESCOLA MUNICIPAL SANTA AGUEDA,"RUA JOSE ANTONIO LEPREVOST, 496",SANTA CANDIDA,-25.3766015,-49.231214,53,0,2799,2311,141,99,0,7,3,8,33,6,1,0,0,1,40,1,0,0,18,2,0,1,2,0,1,5,0,1,0,0,1,0,0,0,0,0,0,32,1,0,0,0,0,0,0,0,12,37,69,0,69,0,1,6,0,0,1,0,0,1,6,1,2,0,1,1,0,2,0,0,0,0,25,0,1,0,0,26,0,0,0,2,0,0,1,0,0,0,1,0,0,2,0,80,0,5,1,6,2,0,0,0,6,0,0,0,2,0,2,0,2,1,0,0,0,0,0,0,0,0,0,0,1,9,1,0,18,1,3,40,0,21,0,0,1,9,0,38,37,19,7,4,0,0,0,0,29,0,1,2,2,2,0,14,1,0,1,1,0,2,2,0,0,1,1,3,3,0,0,13,0,1,0,0,0,0,0,0,0,0,0,1,0,1,0,0,0,2,32,0,1,0,0,0,0,0,0,0,1,0,6,0,1,0,0,0,0,2,6,0,8,0,3,0,10,0,0,0,0,0,1,1,0,1,1,0,0,0,0,0,4,0,0,0,0,0,0,0,0,0,0,0,0,0,0,0,0,0,2,0,0,0,0,0,0,0,0,0,0,0,0,0,0,0,1,24,4,0,0,0,0,8,12,1,1,1,0,0,0,0,0,0,2,0,0,0,0,0,0,0,7,0,1,2,0,0,0,1,0,1,0,2,0,0,0,1,0,7,0,0,0,0,0,0,0,0,72,0,2,34,0,0,0,0,4,6,0,1,2,1,1,1,25,56,3,1,7,4,0,0,2,29,0,3,0,2,0,6,0,0,11,1,1,21,0,21,0,0,1,3,16,0,0,0,0,73,0,1,2,105,1,0,0,0,0,0,0,0,0,0,0,0,0,0,0,0,11,1,0,2,0,0,0,2,57,3,2,0,21,0,0,0,6,0,0,2,4,8,0,3,1,23,15,0,2,0,0,10,0,0,0,5,2,2,0,1,0,0,0,0,0,0,0,0,1,1,0,0,2,0,0,0,0,0,0,0,0,0,0,0,0,0,0,0,0,1,3,1,0,11,1,0,0,0,52,2,0,1,0,0,4,0,0,0,36,0,0,0,0,0,0,1,0,0,1,0,1,0,1,0,6,0,0,0,0,0,0,0,0,1,0,0,2,0,0,0,0,0,0,0,0,0,3,0,1,0,0,0,0,0,0,0,0,0,2,0,0,0,56,0,0,0,0,1,14,0,14,11,0,3,4,4,4,0,0,0,5,0,0,9,0,0,0,0,2,3,1,0,2,0,41,0,0,8,0,1,1,0,0,1,0,8,2,7,22,5,6,0,3,0,0,0,0,0,0,0,2,0,0,2,0,0,0,0,0,0,0,0,0,0,0,2,0,0,0,0,0,0,0,0,0,0,0,1,0,0,0,1,0,2,0
2,1805,COLÉGIO PASSIONISTA N. S. MENINA,"RUA BOM JESUS, 881 - A",CABRAL,-25.4150247,-49.2511487,16,0,4960,4102,104,72,0,4,0,13,54,11,2,0,0,3,50,0,0,0,39,0,0,0,2,1,5,17,0,1,0,1,0,0,0,0,1,0,0,13,0,0,0,0,0,4,0,0,6,16,181,0,67,1,0,3,0,0,1,0,19,5,9,2,10,0,0,0,0,1,0,0,12,0,11,0,1,0,0,46,0,0,0,3,0,5,4,2,0,5,26,0,0,1,2,221,0,10,0,5,6,0,0,2,2,0,0,1,2,1,2,0,0,1,1,0,0,0,0,0,0,0,0,0,6,4,1,1,18,0,2,62,0,7,0,5,2,24,0,55,97,34,20,3,1,0,0,0,61,0,3,1,0,4,0,30,1,0,2,1,0,0,2,0,1,5,5,0,6,0,0,24,1,0,0,0,0,0,0,2,0,0,1,0,2,0,0,0,0,17,81,1,0,0,0,0,0,0,0,0,1,0,1,3,0,1,0,3,0,0,2,0,19,0,6,0,25,0,0,0,0,0,2,3,0,1,0,0,0,0,0,2,3,0,3,0,0,1,0,1,0,0,0,0,0,0,0,0,0,0,0,0,0,0,0,0,0,0,0,0,0,0,0,0,0,0,0,43,40,0,0,0,1,24,1,1,0,2,0,0,0,0,0,1,1,0,0,14,0,8,0,0,8,0,0,2,0,0,0,0,0,1,0,1,0,0,1,0,4,3,1,0,0,1,1,1,2,0,79,4,7,78,2,3,3,0,1,6,0,0,0,0,2,1,105,38,15,13,15,0,0,1,4,18,0,10,1,0,0,7,4,2,18,0,6,17,0,40,2,3,1,2,12,0,8,5,3,55,4,11,10,249,0,0,0,0,0,0,0,0,0,0,0,0,1,0,1,0,23,3,0,0,0,0,0,8,85,2,7,0,58,0,3,0,16,0,1,1,2,7,2,2,6,93,78,5,0,1,0,99,0,0,8,1,1,12,1,0,1,7,0,0,3,0,0,0,0,1,3,0,12,0,0,0,0,1,0,0,1,1,0,3,0,0,0,0,1,0,2,0,0,16,0,0,0,0,34,1,1,0,0,0,0,0,0,0,0,2,0,0,0,0,0,0,0,0,0,0,0,3,0,0,12,0,0,1,2,0,0,2,0,0,0,0,2,0,0,0,0,0,0,0,0,0,3,0,0,0,0,0,0,0,0,1,0,1,13,0,1,0,181,0,0,0,0,0,21,6,31,7,0,29,16,8,5,2,7,0,13,0,0,20,5,0,0,1,10,1,1,0,0,0,149,0,0,7,1,0,19,1,3,0,0,6,3,18,33,14,1,0,11,6,9,0,0,0,0,0,2,0,0,0,0,0,0,0,3,0,0,0,0,0,0,4,0,0,0,0,1,0,0,0,0,0,1,0,0,0,0,0,0,1,0
2,1880,ESCOLA ESTADUAL CRUZEIRO DO SUL,RUA BUDA 8,SANTA CANDIDA,-25.3673535,-49.2105694,53,0,2756,2183,183,73,0,12,2,10,41,1,5,0,0,1,29,3,2,0,16,1,0,1,3,0,2,8,0,0,0,0,1,0,1,0,0,0,0,32,0,1,0,0,0,0,0,0,20,42,42,0,77,0,2,0,0,1,0,0,0,0,0,0,8,0,0,0,0,0,1,0,0,0,24,0,1,0,0,23,0,0,0,0,0,0,1,0,0,2,4,0,0,0,0,42,0,4,1,2,0,0,0,0,5,0,0,0,1,0,3,0,0,0,0,0,0,0,0,0,0,0,0,0,1,1,0,0,9,0,2,28,0,32,1,1,4,23,0,41,25,21,5,2,1,0,1,2,47,0,1,0,2,6,0,12,0,0,2,0,0,1,0,0,0,0,2,0,5,0,1,9,0,1,0,2,0,0,0,1,0,0,0,1,0,0,0,0,0,6,27,0,0,1,0,0,0,0,0,0,0,2,2,0,0,0,0,1,0,1,2,0,15,2,2,0,6,0,0,0,0,0,0,0,0,1,0,0,0,0,0,1,6,0,2,0,0,0,0,0,0,0,0,0,0,0,0,0,1,0,1,0,0,0,0,0,0,0,0,0,0,0,0,0,1,0,0,20,5,0,0,0,1,3,7,0,0,0,0,0,0,0,0,0,3,0,0,4,1,0,0,0,8,0,1,0,0,0,0,0,0,0,0,0,0,0,0,0,0,7,0,0,1,0,0,0,1,0,43,3,6,12,0,2,1,0,1,5,0,0,0,0,4,2,31,67,1,0,10,0,0,0,0,39,0,1,0,0,1,8,0,0,1,2,0,24,1,19,0,0,0,3,12,0,0,0,2,78,0,3,2,125,1,0,0,0,0,0,0,0,1,0,0,0,0,0,2,0,3,1,0,0,0,0,0,0,42,0,0,0,16,0,0,0,6,0,0,1,0,5,0,4,0,7,8,0,2,0,0,8,0,3,11,32,0,1,0,0,0,0,7,0,0,0,0,0,0,0,0,0,0,0,3,0,2,0,1,0,1,0,1,0,0,0,0,0,0,0,0,1,0,14,3,0,0,1,45,0,0,1,0,0,2,0,1,0,5,0,0,0,0,0,0,0,1,0,0,0,1,0,0,0,1,0,0,6,2,0,0,0,0,0,0,0,1,0,0,0,0,1,0,0,0,0,0,0,0,0,1,0,0,0,0,1,0,0,0,0,0,0,60,0,0,0,0,2,3,4,11,2,0,2,7,0,0,0,4,1,4,0,0,1,0,0,1,0,1,3,0,0,31,0,50,0,0,4,1,0,6,0,0,0,0,3,1,16,11,2,2,1,3,1,0,0,0,0,0,0,6,0,0,0,1,0,0,0,0,0,0,0,0,0,0,2,0,0,0,0,0,0,0,0,0,0,0,0,0,0,0,0,0,1,0
2,1899,COLEGIO ESTADUAL PROFESSOR ALGACYR MUNHOZ MAEDER,"RUA SEBASTIAO ALVES FERREIRA, 1164",BAIRRO ALTO,-25.4042142,-49.2064066,36,0,7077,5635,407,209,0,16,1,20,80,13,7,0,1,9,91,3,1,1,34,1,0,0,9,4,5,19,1,0,0,0,3,1,0,0,0,0,1,88,1,3,0,0,0,0,0,0,27,51,111,0,141,4,3,5,0,0,1,0,2,0,1,2,16,0,2,0,0,0,0,0,0,0,80,0,0,0,0,47,0,0,0,4,1,1,0,1,0,4,3,0,0,0,0,130,0,10,0,3,0,0,1,2,2,0,0,0,1,0,6,0,0,2,0,0,0,0,0,0,0,0,0,0,6,10,1,3,42,1,4,48,0,27,1,7,3,28,1,96,57,38,12,6,1,3,0,5,86,0,1,0,0,2,0,43,8,0,7,1,1,0,0,0,0,3,1,0,17,1,0,41,0,0,1,3,0,0,2,0,2,4,0,3,0,1,0,0,0,12,98,0,1,2,0,0,0,0,0,0,1,0,16,1,0,0,0,0,1,3,7,1,23,0,2,0,18,0,1,0,0,0,1,3,0,1,1,0,1,0,0,1,11,0,2,0,0,0,0,0,0,0,0,0,0,0,0,0,2,0,4,0,0,0,0,0,3,0,1,0,0,0,0,0,0,0,0,75,14,0,0,0,13,13,18,3,0,0,0,0,0,2,1,0,9,0,0,11,1,0,2,0,28,0,2,2,0,0,0,0,0,0,0,4,0,0,0,0,4,3,0,0,0,0,0,1,2,0,146,9,1,67,1,1,1,0,1,27,1,0,0,1,5,3,71,125,6,1,27,3,4,0,4,111,1,0,0,1,0,20,0,0,8,2,0,96,0,49,1,1,2,2,36,0,3,3,7,208,0,23,9,343,6,1,0,0,1,0,0,0,0,0,0,0,3,0,0,0,8,2,0,0,0,0,0,3,157,5,0,0,40,0,1,1,12,0,0,7,10,16,0,19,5,33,51,2,2,0,0,29,0,1,14,18,6,4,0,0,0,3,0,0,1,0,0,0,0,2,2,0,1,0,6,1,2,0,0,0,2,1,3,7,0,0,0,2,1,0,3,2,0,35,1,0,0,1,71,4,1,5,0,0,9,1,0,0,4,3,0,0,0,0,0,6,0,1,1,3,0,1,0,0,12,0,0,3,2,0,0,0,0,0,0,2,3,0,0,0,0,1,0,0,0,0,8,2,2,0,0,0,0,0,0,1,2,1,3,0,2,0,119,2,0,0,0,3,8,7,30,8,0,1,8,8,45,0,1,1,17,0,0,18,0,0,1,0,1,0,0,0,0,0,176,1,3,12,1,0,5,0,2,1,0,16,7,159,53,3,8,0,10,5,2,0,0,0,0,0,2,2,0,3,0,0,0,0,1,0,4,0,0,0,0,8,0,0,0,0,0,0,0,0,0,0,0,0,0,0,0,1,0,7,0
2,1988,COLEGIO ESTADUAL  ERMELINO DE LEAO,AV NOSSA SENHORA DE NAZARE  900,BOA VISTA,-25.3921421,-49.2474383,34,0,5544,4351,182,131,0,8,3,13,81,8,4,0,0,5,59,1,2,0,32,1,1,0,3,4,5,24,2,0,1,1,2,0,0,0,1,0,1,52,0,0,0,1,0,0,0,0,13,35,115,0,113,1,4,7,0,0,1,0,1,4,2,3,11,0,3,0,0,0,0,0,2,0,27,0,0,0,0,37,0,1,0,3,0,4,2,1,0,3,13,0,0,1,1,172,0,4,0,4,0,2,0,1,7,0,0,4,5,0,6,0,0,2,0,0,1,0,0,0,0,0,0,0,10,6,1,5,53,1,0,73,0,18,1,0,0,36,1,58,77,32,24,5,1,0,0,1,60,1,1,0,0,4,0,40,3,0,3,2,0,1,0,0,1,2,1,2,11,0,1,18,0,0,0,0,0,0,2,0,0,1,1,1,1,0,0,1,0,9,90,1,1,0,0,0,0,0,0,1,1,0,4,0,0,0,0,2,0,0,3,0,46,1,10,0,17,0,0,0,0,1,0,0,0,0,0,0,0,0,0,0,10,0,5,0,0,0,1,0,0,0,0,0,0,0,0,0,0,0,3,0,0,0,1,0,3,0,0,0,0,0,0,0,1,0,0,49,12,0,0,0,9,12,9,4,1,0,0,0,1,3,0,0,0,0,0,0,2,3,1,0,10,0,0,1,0,0,2,0,0,1,0,9,0,0,1,0,5,10,0,0,0,1,0,0,0,0,103,5,8,63,2,1,1,0,7,8,1,1,0,0,6,1,102,104,15,2,16,3,3,0,1,39,0,8,1,1,1,3,4,0,19,0,4,48,1,35,0,0,2,1,22,1,2,0,3,138,1,5,4,205,3,1,0,0,0,0,0,0,0,0,0,0,0,1,0,0,13,2,0,0,0,1,0,3,106,1,1,1,54,0,3,0,16,0,0,7,4,11,2,14,2,45,39,7,3,0,0,48,0,3,5,5,3,20,0,0,0,3,1,0,0,0,0,0,0,1,0,0,5,0,2,0,0,0,0,0,0,1,3,5,0,0,0,0,0,1,0,0,0,31,2,0,0,1,65,2,0,1,0,0,6,0,0,0,2,0,0,0,0,0,0,0,0,0,0,0,1,0,0,0,11,0,0,3,2,0,0,1,0,0,0,1,6,0,0,0,0,1,0,0,0,0,6,0,1,0,0,1,0,0,0,0,0,0,15,0,2,0,140,0,0,0,2,1,24,7,42,2,0,6,11,10,3,1,1,0,14,1,0,11,1,0,1,2,3,4,0,0,3,0,124,0,0,12,1,3,12,2,4,0,0,13,7,17,38,7,1,1,16,2,4,0,0,0,0,2,5,0,0,2,1,0,0,1,1,0,2,2,0,1,0,2,0,1,0,1,0,0,0,0,0,0,1,2,0,0,0,0,0,2,1
2,1996,ESCOLA MUNICIPAL PROFESSOR RICARDO KRIEGER,"RUA MARIA GERONASSO DO ROSARIO, 346",BOA VISTA,-25.3840746,-49.2379243,34,0,2480,2032,118,83,0,8,0,6,36,6,2,0,0,2,35,0,0,0,13,1,0,0,3,1,1,6,0,0,0,1,1,0,0,0,2,0,0,40,0,0,0,0,0,0,2,0,14,8,45,0,43,0,2,2,0,0,1,0,2,2,2,0,2,0,3,0,0,0,0,0,0,0,19,0,0,0,0,19,2,0,0,0,0,1,0,1,0,0,2,0,0,0,0,76,0,4,0,2,0,1,0,0,4,0,0,0,1,0,2,0,0,0,0,0,0,0,0,0,0,0,0,0,2,6,0,1,20,0,3,30,0,9,0,1,0,16,1,36,31,25,15,5,2,0,0,4,22,1,1,0,1,1,0,25,1,0,8,1,0,1,0,0,0,0,3,0,1,0,0,10,0,0,0,0,0,1,0,0,0,0,0,0,1,1,0,0,0,2,30,1,0,0,0,0,0,0,0,2,0,0,3,0,0,0,0,1,0,3,1,0,9,0,6,0,5,0,0,0,0,0,0,0,0,0,0,0,0,0,0,0,3,0,1,0,0,0,0,0,0,0,0,0,0,0,0,0,1,0,5,0,0,0,0,0,1,0,0,0,0,0,0,0,0,0,0,29,7,0,0,0,2,7,6,0,0,0,0,0,0,0,0,0,0,0,0,1,0,0,1,0,5,0,4,2,0,0,0,0,0,0,0,4,0,0,1,0,0,3,0,0,0,0,0,0,0,0,52,0,4,16,1,0,0,0,0,3,0,1,0,0,0,3,23,33,12,0,9,3,1,0,2,15,0,2,3,3,0,8,1,0,13,0,0,29,0,9,1,0,0,0,12,0,0,0,2,50,0,1,0,116,0,2,0,0,0,0,0,0,0,0,0,0,0,0,0,0,6,0,0,0,0,0,0,1,54,0,2,0,21,0,0,0,13,1,0,0,2,10,1,1,2,21,17,0,0,0,0,18,0,1,5,4,4,14,0,0,0,0,0,0,0,0,0,0,0,0,0,0,3,0,0,0,1,0,0,0,0,0,0,1,0,0,1,0,0,0,2,0,0,10,1,0,0,0,32,1,0,0,0,0,0,0,0,0,3,2,0,0,0,0,0,0,0,0,0,0,0,0,0,3,7,0,0,2,1,0,0,0,0,0,0,2,0,0,0,0,0,0,0,0,0,0,3,0,1,0,0,0,0,0,0,0,0,0,5,0,0,0,82,0,0,0,0,0,3,3,10,1,0,2,4,1,6,0,5,0,6,0,0,10,0,0,0,0,1,2,0,0,3,0,43,0,0,7,0,0,4,0,1,0,0,8,7,11,14,3,3,0,9,1,4,0,0,3,0,0,2,0,0,1,0,0,0,0,0,0,0,0,0,0,0,2,0,0,0,0,0,0,0,0,0,0,0,0,0,0,0,0,0,2,0
2,2003,COLEGIO ESTADUAL PAPA JOAO PAULO I,R MARIA GERONASSO DO ROSARIO  259,BOA VISTA,-25.3841657,-49.2380332,34,0,4329,3415,237,118,0,12,3,9,49,5,6,0,0,3,55,2,1,1,18,0,0,0,7,2,2,14,0,0,1,2,2,0,0,0,0,0,0,51,0,0,0,1,0,0,0,0,7,38,59,1,78,0,2,3,0,0,3,0,3,1,6,4,5,0,0,0,1,0,0,0,2,0,38,0,0,0,0,25,1,0,0,0,0,2,0,1,1,3,3,0,0,0,0,111,0,8,0,4,0,0,0,0,7,0,0,1,4,0,1,0,0,1,1,0,0,0,0,0,0,0,0,0,3,5,0,0,32,0,0,60,0,18,0,0,1,28,0,61,53,31,14,4,0,0,0,3,63,1,5,0,0,4,0,24,3,0,2,1,0,0,0,1,0,2,2,1,9,0,0,16,0,0,0,0,0,2,1,1,0,0,1,1,0,0,0,0,0,9,43,0,0,0,0,1,0,0,0,1,1,1,6,0,1,0,0,0,0,2,3,0,17,0,6,0,10,1,0,0,0,0,0,0,0,0,0,0,1,0,0,1,5,0,0,0,0,0,0,0,0,0,0,0,0,0,0,0,1,0,0,0,0,0,0,0,0,0,0,0,0,0,0,0,0,0,0,52,10,0,0,0,1,11,15,2,1,0,0,0,0,0,0,0,1,0,0,3,0,0,1,0,12,0,3,5,0,0,0,0,0,0,2,5,0,0,0,0,3,9,0,0,1,0,0,0,0,0,67,2,0,44,2,0,3,0,6,7,0,2,0,0,8,0,55,90,4,0,12,0,0,0,2,47,0,10,1,3,0,14,2,0,13,1,3,44,1,29,2,0,4,2,16,0,1,0,4,105,0,4,4,193,4,1,0,0,0,0,0,0,0,0,0,0,0,0,0,0,7,0,0,0,0,0,0,3,80,2,0,0,22,0,0,1,18,0,0,7,3,7,0,14,3,24,36,0,4,0,0,21,1,3,5,13,2,12,0,1,0,0,0,0,0,0,0,0,0,1,0,0,1,0,2,0,1,0,1,0,1,1,2,0,0,0,0,0,1,2,1,0,0,20,2,1,0,1,54,4,0,0,0,0,13,0,0,0,7,0,0,0,0,0,0,0,0,0,0,0,0,0,1,0,1,0,0,4,1,2,0,0,0,0,0,0,2,0,0,0,0,0,0,0,2,0,2,0,0,0,0,0,0,0,0,0,1,0,4,0,3,0,133,1,0,2,1,0,13,8,24,2,0,4,12,3,5,0,3,0,7,1,0,16,0,0,1,1,0,1,1,0,2,0,63,0,0,10,0,0,10,0,0,0,2,5,6,33,32,8,9,0,9,0,3,0,0,0,0,2,5,1,0,0,0,0,0,0,0,0,0,0,0,0,0,3,1,0,0,0,0,0,0,0,0,0,1,0,0,1,0,0,0,4,0
2,2011,COLEGIO ESTADUAL ANGELO GUSSO,"RUA JULIO PEDROSO DE MORAIS, 10",BOA VISTA,-25.3884856,-49.259789,34,0,3542,2832,165,100,0,5,1,10,45,10,2,0,1,3,45,0,0,0,16,0,0,1,5,1,1,8,1,1,0,0,0,3,0,0,0,0,0,16,0,0,0,0,0,0,0,0,8,21,61,0,85,2,2,5,0,0,1,0,5,4,3,1,4,0,1,0,0,1,0,0,2,0,38,0,1,0,0,24,0,0,0,1,0,0,2,3,0,1,5,0,0,0,0,130,0,2,1,5,0,0,0,0,3,0,0,0,3,0,1,0,0,0,0,0,0,0,0,0,0,0,0,0,6,1,1,0,22,0,4,45,0,8,0,3,1,22,0,45,48,32,12,3,1,0,0,2,37,0,1,0,0,1,0,10,5,1,0,1,0,4,0,0,1,1,2,0,7,0,0,23,0,1,4,4,2,1,0,4,0,0,0,0,1,0,1,0,0,8,49,0,0,0,0,0,0,0,0,2,0,1,2,1,1,0,0,2,0,0,3,0,24,0,4,0,3,0,0,0,0,0,0,0,0,0,0,0,1,0,0,0,6,0,1,0,0,0,0,0,0,0,0,0,0,0,0,0,0,0,2,0,0,0,0,0,0,0,0,0,0,0,0,0,0,0,0,43,5,0,1,0,5,13,10,18,0,0,0,0,0,0,0,0,0,0,0,5,1,0,5,1,15,0,0,0,0,0,0,0,0,0,0,10,1,0,0,0,1,8,0,0,0,0,0,0,3,0,64,5,3,50,2,0,1,0,1,5,0,1,0,0,1,0,38,60,6,0,19,0,1,0,1,41,0,5,0,1,0,6,3,1,14,2,0,40,0,26,1,1,1,0,12,1,2,0,2,87,1,3,2,133,0,2,0,0,0,0,0,0,1,0,0,0,0,0,1,0,15,1,0,0,0,0,0,7,72,1,2,0,26,0,2,0,12,0,0,2,3,11,0,5,1,26,19,1,6,0,1,24,2,1,4,4,0,7,0,0,0,5,0,0,0,0,0,0,0,0,0,0,2,0,0,0,0,0,0,0,1,0,1,1,1,0,0,2,0,0,1,0,0,10,1,0,0,0,41,1,0,0,0,0,0,0,0,0,0,1,0,0,0,0,0,0,0,0,0,0,0,0,0,0,1,0,0,0,0,0,0,0,0,0,0,0,1,0,0,0,0,0,0,0,5,0,5,0,0,0,0,0,0,0,0,0,0,0,5,0,0,0,114,0,0,1,0,0,11,4,11,0,0,3,8,4,7,0,2,0,3,0,0,5,0,0,0,1,1,1,0,0,2,0,56,0,1,6,0,0,14,0,0,1,0,6,2,18,34,9,2,0,12,0,2,0,0,0,0,0,5,0,0,0,0,1,1,0,0,0,1,0,0,0,0,3,0,0,0,0,0,0,0,0,0,0,1,0,0,0,0,0,0,3,0
2,2020,COLEGIO POSITIVO BOA VISTA,"RUA CARLOS DE CAMPOS, 1090",BOA VISTA,-25.392294,-49.242949,34,0,7073,5853,225,183,0,9,2,18,96,22,4,0,0,9,97,2,2,0,54,0,1,0,6,6,9,31,0,1,1,1,2,2,0,0,0,0,0,53,0,0,0,1,0,0,0,0,17,44,180,1,138,5,8,4,0,0,2,0,2,3,7,9,15,0,1,0,0,0,0,0,0,0,50,0,1,0,0,46,0,0,0,5,1,5,2,1,0,3,11,0,0,0,2,247,0,18,0,8,5,0,1,4,10,0,0,4,6,0,10,0,0,0,1,0,0,0,0,0,0,0,0,0,16,4,2,2,49,2,1,96,0,27,1,3,2,46,0,81,76,45,23,1,0,0,2,1,69,1,7,1,0,6,0,51,2,3,2,3,3,4,0,0,0,6,2,4,12,0,0,49,0,0,0,2,0,0,0,0,0,0,1,1,0,3,0,0,0,13,115,0,2,0,0,0,4,0,0,0,0,2,10,0,0,0,0,3,0,3,6,0,41,1,6,0,22,2,0,0,0,0,0,2,0,4,1,0,6,0,0,0,12,0,6,0,0,0,0,1,0,0,0,0,0,0,0,0,1,0,0,0,0,0,0,0,0,0,0,0,0,0,0,0,0,0,1,76,26,0,3,0,2,25,9,1,0,1,2,0,0,0,0,0,0,0,0,8,2,0,5,0,39,0,0,2,0,0,0,0,0,2,1,7,0,0,0,1,5,14,0,0,0,0,0,0,5,0,154,4,9,69,5,0,3,0,11,16,1,2,0,0,2,0,110,82,31,0,23,1,2,3,6,48,1,9,0,0,1,11,2,4,16,0,3,63,1,31,0,0,2,0,24,0,1,2,7,168,3,6,6,334,1,5,0,0,0,0,0,0,0,0,0,0,1,0,0,0,25,0,0,2,0,0,0,5,135,3,2,1,60,0,0,0,34,0,3,2,10,7,0,10,5,83,69,0,12,1,0,46,1,1,9,8,1,30,0,1,0,8,6,0,1,0,1,0,1,0,1,0,9,0,1,1,0,0,0,0,4,0,2,1,0,0,0,0,3,0,6,0,2,40,1,0,0,0,83,4,1,1,0,0,3,0,0,0,3,1,0,0,0,0,0,1,0,0,0,0,0,5,0,0,19,0,0,1,5,0,0,0,0,0,0,1,2,1,0,0,0,0,0,0,0,0,10,1,0,0,0,0,0,0,0,0,0,0,6,0,3,0,197,1,1,3,1,0,9,14,48,3,0,9,13,17,10,0,3,0,37,2,0,16,3,0,0,4,6,1,3,0,5,0,170,3,0,17,1,0,22,0,2,0,0,19,12,37,52,24,2,0,17,4,7,0,0,0,0,1,10,3,0,2,0,0,1,2,0,0,4,1,1,1,1,6,2,2,0,2,0,2,0,0,0,0,0,0,0,0,0,0,0,1,1
2,2038,COLÉGIO ADVENTISTA UNIDADE BOA VISTA,"RUA FERNANDO DE NORONHA, 470",SANTA CANDIDA,-25.3815951,-49.2356858,53,0,2785,2137,147,81,0,3,0,8,20,3,1,0,0,1,27,0,0,0,10,0,0,0,1,3,0,5,0,0,0,0,0,0,0,0,0,0,0,34,0,1,0,1,0,0,0,0,10,20,50,0,35,0,1,2,0,0,0,0,0,2,1,4,2,0,1,0,0,1,0,0,0,0,13,0,1,0,0,9,0,0,0,0,0,0,0,0,0,0,2,0,0,0,0,95,0,2,0,1,0,0,0,1,0,0,0,1,3,0,0,0,0,0,0,0,0,0,0,0,0,0,0,0,4,3,0,1,17,2,0,21,0,17,0,0,1,25,0,34,43,26,8,3,3,0,0,1,11,1,2,0,1,3,0,39,2,0,3,0,0,3,0,0,0,0,1,1,17,0,0,23,0,0,0,0,0,1,0,1,0,0,1,1,0,0,0,0,1,16,32,1,0,1,0,0,0,0,1,1,1,0,7,0,0,0,0,0,0,2,1,0,15,0,0,0,4,0,0,0,0,0,0,0,0,0,0,0,0,0,0,0,1,0,2,0,0,0,0,0,0,0,0,0,0,0,0,0,0,0,1,0,0,0,0,0,0,0,0,0,0,0,0,0,0,0,0,40,5,0,2,0,1,5,7,0,0,0,0,0,0,0,0,2,0,0,0,5,0,0,2,0,18,0,0,1,0,0,0,0,0,0,0,1,2,0,0,0,0,3,0,0,1,0,0,0,0,0,57,1,1,44,3,0,3,0,5,10,0,0,0,0,1,0,35,42,0,0,14,0,0,0,1,16,0,8,2,0,0,3,2,0,2,0,6,16,0,11,3,1,2,2,7,0,0,2,2,44,0,1,0,129,1,1,0,0,0,0,0,0,0,0,0,0,0,0,0,0,4,0,0,0,0,0,0,2,38,2,1,0,16,0,0,0,10,0,0,2,1,5,2,2,0,25,12,0,2,0,0,8,0,0,3,4,2,2,0,0,0,0,0,0,0,0,0,0,0,0,0,0,0,0,2,0,1,0,0,0,2,1,2,3,0,0,0,2,0,0,0,0,0,9,0,2,0,2,27,0,0,1,0,0,2,0,0,0,3,1,0,0,0,0,0,0,0,0,0,0,0,0,0,0,6,1,0,2,1,1,0,0,0,0,0,0,0,0,0,0,0,0,0,0,0,0,1,0,0,0,0,0,0,0,0,0,0,1,1,0,0,0,154,0,0,0,0,0,13,3,5,0,1,5,1,5,3,1,1,1,6,0,1,7,1,0,0,0,0,2,2,0,1,0,41,1,0,3,0,1,9,0,1,0,0,6,3,16,20,3,1,2,2,2,6,0,0,0,0,0,0,0,0,0,1,0,0,0,0,0,2,0,0,0,0,0,0,0,0,0,1,0,0,0,0,0,0,0,0,0,0,0,0,2,1
2,2054,ESCOLA INTERATIVA,RUA JOSÉ ANTÔNIO LEPREVOST. 331,SANTA CANDIDA,-25.377812,-49.230313,53,0,791,625,44,14,0,2,0,3,6,1,1,0,0,0,5,0,0,0,0,0,0,0,3,0,5,0,0,0,0,0,0,0,0,0,0,0,0,14,0,0,0,0,0,0,0,0,5,5,8,0,18,0,0,0,0,0,1,0,0,0,1,1,3,0,0,0,0,0,0,0,0,0,6,0,0,0,0,10,0,0,0,0,0,0,1,2,0,0,3,0,0,0,0,17,0,1,0,0,0,0,0,1,0,0,0,0,0,0,1,0,0,0,0,0,0,0,0,0,0,0,0,0,2,0,0,0,3,0,0,4,0,5,1,0,2,8,0,21,8,3,1,1,0,0,0,0,9,0,0,0,0,1,0,12,2,0,1,0,0,0,0,0,0,2,0,0,4,0,0,6,0,0,0,1,0,0,0,1,0,0,0,0,0,0,0,2,0,3,10,0,0,0,0,0,0,0,0,0,0,0,1,0,0,0,0,0,0,0,0,0,0,0,0,0,0,0,0,0,0,0,0,0,0,0,0,0,0,0,0,0,0,0,0,0,0,0,0,0,0,0,0,0,0,0,0,0,0,0,1,0,0,0,0,0,0,0,0,0,0,0,0,0,0,0,0,6,0,0,0,0,1,0,5,0,0,0,0,0,0,0,0,1,0,0,0,0,0,0,0,0,2,0,0,0,0,0,0,0,0,0,0,0,1,0,0,0,0,3,0,0,0,0,0,0,0,0,16,0,0,12,3,0,0,0,0,0,0,0,0,0,0,3,13,16,1,0,4,0,0,0,1,6,0,0,0,0,0,2,0,0,1,1,0,9,0,3,0,0,0,0,0,1,2,0,0,19,0,1,1,48,0,0,0,0,0,0,0,0,0,0,0,0,0,0,0,0,3,0,0,0,0,0,1,1,17,0,0,0,1,0,1,0,2,0,0,0,0,1,0,0,0,8,3,1,0,0,0,1,0,0,1,2,0,0,0,0,0,0,0,0,0,0,0,0,0,0,0,0,0,0,0,0,1,0,0,0,0,1,0,2,0,0,0,0,1,0,0,0,0,0,1,0,0,0,9,0,0,0,0,0,0,0,0,0,2,0,0,0,0,0,0,0,0,0,0,0,0,0,0,0,2,0,0,3,0,0,0,0,0,0,0,0,0,0,0,0,0,0,0,0,0,0,0,0,0,0,0,0,0,1,0,0,0,0,1,0,0,0,34,0,0,0,0,0,4,1,1,2,0,0,4,1,0,0,0,0,0,0,0,1,0,0,0,1,0,0,0,0,0,0,16,0,0,1,0,0,1,0,0,0,0,0,0,1,2,0,0,0,2,1,1,0,0,0,0,0,1,0,0,0,0,0,0,0,0,0,1,0,0,0,0,2,0,0,0,0,0,0,0,0,0,0,0,0,0,0,0,0,0,1,0
2,2062,ESCOLA MUNICIPAL KO YAMAWAKI,"RUA EPAMINONDAS SANTOS, 2816",BAIRRO ALTO,-25.419938,-49.200563,36,0,722,612,32,21,0,1,1,0,4,2,2,0,0,1,4,0,0,0,2,0,0,1,0,0,0,2,0,0,0,0,0,5,0,0,0,0,0,11,0,0,0,0,0,0,0,0,3,0,16,0,13,0,0,0,0,0,0,0,0,0,0,0,1,0,2,0,0,0,0,0,0,0,3,0,0,0,0,7,0,0,0,1,0,0,0,0,0,0,0,0,0,0,0,24,0,0,0,0,0,0,0,0,0,0,0,0,1,0,0,0,0,0,0,0,0,0,0,0,0,0,0,0,5,0,0,0,2,0,2,6,0,5,0,0,0,7,0,21,6,2,1,3,0,0,0,0,4,0,0,0,0,1,0,3,0,0,1,0,0,0,0,0,0,0,2,1,0,1,0,2,0,1,0,0,0,0,1,0,0,0,0,0,1,0,0,0,0,5,2,0,0,1,0,0,0,0,0,0,0,0,0,0,0,0,0,1,0,0,0,0,1,0,0,0,4,0,0,1,0,0,2,0,0,0,0,0,0,0,0,0,2,0,0,0,0,0,0,0,0,0,0,0,0,0,0,0,0,0,0,0,0,0,0,0,0,0,0,0,0,0,0,0,0,0,0,11,0,0,0,0,0,0,7,0,0,0,0,0,0,0,0,0,1,0,0,1,2,0,0,0,7,0,0,0,0,0,0,0,0,0,0,2,0,0,0,0,0,0,0,0,0,0,0,0,0,0,11,4,0,13,0,0,0,0,0,3,0,0,0,0,1,0,7,8,2,0,1,0,1,0,0,6,0,1,0,0,0,1,1,1,1,0,0,8,0,6,1,0,0,0,5,0,0,0,0,27,0,4,0,40,0,0,0,0,0,0,0,0,0,0,0,0,0,0,0,0,2,0,0,0,0,0,0,0,14,0,0,0,3,0,0,0,0,0,1,1,0,0,0,0,1,8,0,0,0,0,0,0,0,0,0,2,2,2,0,0,0,0,0,0,0,0,0,0,0,0,0,0,1,0,0,0,0,0,0,0,0,0,0,0,0,0,0,0,1,0,0,0,0,2,0,0,0,0,5,1,0,0,0,0,1,0,0,0,0,1,0,0,0,0,0,1,0,0,0,3,0,0,0,0,1,0,0,0,0,0,0,0,0,0,0,0,0,0,0,0,0,0,0,0,0,0,0,0,2,0,0,0,0,0,0,0,0,0,1,0,0,0,42,0,0,0,0,0,2,3,5,0,0,1,0,1,1,0,0,0,0,0,0,2,0,0,0,0,0,0,0,0,0,0,16,0,0,6,0,0,0,0,0,1,0,1,0,25,0,0,0,0,3,1,0,0,0,0,0,0,0,0,0,1,0,0,0,0,0,0,1,0,1,0,0,1,0,0,0,0,0,0,0,0,0,0,0,1,0,0,0,0,0,0,0
2,2070,ESCOLA MUNICIPAL THEODORO DE BONA,"ESTRADA DAS OLARIAS, 1081",SANTA CANDIDA,-25.374112,-49.213234,53,0,401,335,30,14,0,1,1,2,3,0,0,0,0,0,3,0,0,0,0,0,0,0,0,1,0,0,0,0,0,0,0,0,0,0,0,0,0,7,0,0,0,0,0,0,0,0,2,1,3,0,4,0,1,0,0,0,0,0,0,0,0,0,0,0,0,0,0,0,0,0,0,0,1,0,0,0,0,4,0,0,0,0,0,0,0,0,0,0,1,0,0,0,0,6,0,1,0,0,0,0,0,0,0,0,0,0,0,0,0,0,0,0,0,0,0,0,0,0,0,0,0,0,1,3,0,0,1,0,0,2,0,3,0,0,1,4,0,4,5,1,2,1,0,0,0,0,2,0,0,0,0,0,0,5,0,0,0,0,0,0,0,0,0,0,1,0,0,0,0,3,0,0,0,0,0,1,0,0,0,0,0,0,0,0,0,0,0,1,5,0,1,0,0,0,0,0,0,0,0,0,0,0,0,0,0,0,0,0,1,0,3,0,0,0,0,0,0,0,0,0,0,0,0,0,1,0,0,0,0,0,0,0,1,0,0,0,0,0,0,0,0,0,0,0,0,0,0,0,0,0,0,0,0,0,0,0,0,0,0,0,3,0,0,0,0,3,3,0,0,0,0,1,1,0,0,0,0,0,0,0,0,0,0,0,0,0,0,0,0,0,4,0,0,0,0,0,0,0,0,0,0,0,0,0,0,0,0,0,0,0,0,0,0,0,0,0,3,0,0,7,2,0,0,0,0,3,0,0,0,0,0,0,12,2,1,1,3,0,0,0,0,7,0,0,0,0,0,2,0,0,0,0,0,6,0,0,0,0,0,2,0,0,0,0,0,10,1,0,0,28,0,0,0,0,0,0,0,0,0,1,0,0,0,0,0,0,1,0,0,0,0,0,0,0,4,0,0,0,1,0,1,0,0,0,0,1,0,1,0,0,0,3,0,0,1,0,0,1,0,2,1,2,0,0,0,0,0,0,0,0,1,0,0,0,0,0,2,0,0,0,0,0,0,0,0,0,0,0,0,0,1,0,0,0,0,0,0,0,0,1,0,0,0,0,8,1,0,0,0,0,0,0,0,0,0,0,0,0,0,0,0,0,0,0,0,0,0,0,0,0,0,0,0,0,0,0,0,0,0,0,0,0,0,0,0,0,0,0,0,0,0,0,0,0,0,0,0,0,0,0,0,0,0,0,0,0,1,0,24,0,0,0,5,0,2,0,0,0,0,0,0,0,0,0,0,1,2,0,0,0,0,0,0,0,0,0,0,0,0,0,6,0,0,1,0,0,5,0,0,0,0,0,0,1,2,0,0,1,2,3,0,0,0,0,0,0,0,0,0,1,0,0,0,0,0,0,0,0,0,0,0,0,0,0,0,0,0,0,0,0,0,0,0,0,0,0,0,0,0,0,0
2,2089,COLEGIO FENIX,"RUA HOLANDA, 881",BOA VISTA,-25.3974018,-49.2486295,34,0,3008,2460,91,63,0,4,1,6,35,3,2,0,0,5,45,0,1,0,18,0,0,0,1,0,5,6,0,0,0,0,0,0,0,0,0,0,0,15,0,0,0,0,0,0,0,0,14,18,65,0,34,1,1,9,0,0,2,0,2,4,6,2,9,0,3,0,1,0,0,0,0,0,17,0,1,0,0,25,0,0,0,1,0,1,5,3,0,0,5,0,0,0,1,99,1,7,2,6,4,1,1,0,3,0,0,0,3,0,3,0,0,0,0,0,1,0,0,0,0,0,0,0,4,2,1,0,18,1,0,34,0,18,1,3,3,26,0,51,61,31,8,3,1,2,1,0,27,0,0,0,0,2,0,32,1,0,1,1,0,1,0,0,0,2,0,0,6,0,0,20,0,1,0,2,0,1,0,0,0,0,1,1,0,0,0,0,0,9,45,0,0,0,4,0,0,0,1,0,2,1,4,1,0,0,0,1,0,2,1,0,13,0,3,0,9,0,0,0,0,0,1,2,0,2,0,1,0,0,0,1,4,0,0,0,0,1,2,0,0,0,0,0,0,0,0,0,0,0,1,0,0,0,0,0,0,0,0,0,0,0,0,0,0,0,0,12,4,0,1,0,2,14,5,1,0,0,0,0,0,2,0,0,2,0,0,2,2,0,0,0,12,0,1,1,0,1,0,0,0,0,0,1,0,0,1,0,0,5,0,0,0,0,0,0,0,0,48,3,1,34,2,0,1,0,1,11,1,1,0,1,2,2,52,28,14,0,11,3,1,0,7,23,0,6,0,1,1,9,0,0,8,0,2,21,2,21,2,0,2,0,18,0,1,2,4,47,0,5,0,146,3,0,0,0,0,0,0,0,0,0,0,0,0,0,0,0,9,1,0,0,0,0,0,1,50,2,2,0,30,0,5,1,18,0,0,1,6,5,0,1,0,24,37,3,4,0,0,26,0,1,1,2,2,6,0,0,1,3,0,0,1,0,0,0,0,0,1,0,5,0,0,0,0,0,0,0,0,0,0,0,0,0,0,0,2,0,2,0,0,13,1,0,0,0,35,2,0,2,0,0,0,0,0,0,2,0,0,0,0,0,0,0,0,0,0,0,0,0,0,0,2,0,0,1,1,0,0,0,1,0,0,0,0,0,0,0,0,0,0,0,0,0,4,1,2,0,0,0,0,0,0,0,0,0,10,0,0,0,117,0,0,2,0,0,7,10,15,1,0,6,3,2,8,0,2,0,14,0,0,6,0,0,0,2,0,1,0,0,1,0,77,2,0,4,2,0,8,1,0,0,1,6,5,17,24,6,3,1,6,1,0,0,0,0,0,0,3,0,0,0,1,0,0,1,0,0,1,0,0,0,0,1,0,0,0,0,0,0,0,0,0,0,0,0,0,0,0,0,0,4,0
3,1023,ESCOLA ESTADUAL REPÚBLICA ORIENTAL DO URUGUAI,"AV PRES. AFFONSO CAMARGO, N. 3407, CAPAO DA IMBUIA",CAPAO DA IMBUIA,-25.4383133,-49.2280033,20,0,4253,3550,180,119,0,6,1,11,50,5,4,0,0,3,54,1,1,0,25,0,1,0,1,1,1,15,0,0,1,1,0,0,0,0,0,1,0,48,0,0,0,1,0,0,0,1,12,6,102,0,83,0,1,5,0,0,2,0,1,4,2,1,11,0,5,0,0,1,0,0,2,0,34,0,2,0,0,38,0,0,0,0,1,0,0,1,0,1,8,0,0,2,0,100,0,8,0,3,0,0,0,0,5,0,0,0,5,1,2,1,0,3,0,0,0,0,0,0,0,0,1,0,4,4,2,3,27,0,0,59,1,8,0,1,2,14,0,85,39,54,17,3,0,0,0,1,59,0,1,1,0,3,0,18,3,1,1,0,0,1,0,1,0,0,1,2,15,0,1,19,0,0,0,0,0,0,0,2,0,0,1,1,0,0,0,0,0,10,70,0,0,0,0,0,0,0,0,4,3,0,8,0,1,0,1,2,0,1,2,0,3,0,5,0,13,0,0,4,0,0,1,0,0,1,0,0,1,0,0,1,3,0,5,0,0,0,0,0,0,0,0,0,0,0,0,0,0,0,2,0,0,0,0,0,0,0,0,0,0,0,0,0,0,0,0,27,2,0,0,0,3,19,15,1,0,1,0,0,0,0,0,0,2,0,0,7,0,2,1,0,25,0,0,7,0,0,0,0,1,0,0,4,0,0,0,0,0,25,0,0,0,2,0,0,1,0,88,3,3,26,4,1,1,0,5,4,0,0,0,0,2,1,63,95,9,0,19,0,1,0,2,27,0,11,2,1,0,6,0,2,15,0,3,53,1,44,2,0,1,0,24,0,1,1,4,122,2,7,3,177,4,0,0,0,0,0,0,0,0,0,0,0,0,0,0,0,22,0,0,0,0,0,0,1,73,0,0,0,22,0,0,2,16,0,1,5,3,9,0,8,3,32,23,2,2,0,1,26,0,0,1,11,5,1,0,0,0,12,0,0,0,0,0,0,0,0,0,0,6,0,12,0,1,0,0,0,2,0,1,1,0,0,0,2,0,0,1,0,0,26,0,0,0,2,42,2,0,3,0,0,2,0,0,0,2,1,0,1,0,0,0,2,1,0,2,1,1,0,0,0,11,0,0,0,0,0,0,0,0,0,0,0,2,0,0,0,0,2,0,0,0,2,3,0,3,0,0,0,0,0,0,0,2,0,2,0,0,0,108,0,0,2,1,0,18,6,77,1,1,8,8,4,9,2,0,0,7,0,0,12,1,0,0,4,1,0,0,0,3,0,104,0,0,7,2,3,12,0,0,0,0,32,5,74,16,5,8,1,5,2,1,0,0,0,0,0,1,0,0,0,0,0,0,0,1,0,2,0,0,0,0,5,1,0,0,0,0,0,0,0,0,0,0,0,0,0,0,0,0,1,0
3,1058,ESCOLA MUNICIPAL IRATI,"AV JORN ADERBAL GAERTNER STRESSER, N. 775, CONJUNTO MERCÚRIO",CAJURU,-25.4702183,-49.2027633,21,0,4532,3771,254,122,0,8,5,9,45,10,9,0,0,1,58,2,1,1,17,0,0,0,3,4,1,26,2,1,1,0,1,0,0,0,0,0,0,51,3,0,0,1,0,0,0,0,50,5,76,1,123,0,3,0,0,0,2,0,1,0,5,4,18,0,0,0,0,1,0,0,0,0,52,0,3,0,0,35,0,0,0,0,2,0,0,0,1,3,3,0,0,0,0,77,0,3,0,5,2,0,0,1,4,0,0,1,0,0,6,0,0,3,0,0,2,0,0,0,0,0,0,0,6,8,0,0,12,0,2,39,0,11,0,0,3,16,0,68,26,66,13,3,0,0,0,2,59,0,0,3,4,2,0,17,2,0,1,0,0,0,0,0,0,5,2,0,16,0,0,18,0,0,1,0,0,0,1,1,0,0,0,1,0,0,0,2,0,7,75,0,0,1,0,0,0,0,0,4,2,1,15,0,0,0,0,1,0,0,4,0,2,0,7,0,11,0,1,2,0,0,1,1,1,1,0,0,0,0,0,3,4,0,3,0,0,0,0,0,0,0,0,0,2,0,0,0,0,0,5,0,0,0,0,0,0,0,0,0,0,0,0,0,0,0,1,71,6,0,0,0,13,13,19,1,2,0,0,0,0,0,1,0,6,0,0,3,0,0,0,0,8,0,1,3,0,2,0,0,1,0,0,3,2,0,0,0,1,19,0,0,0,0,0,0,4,0,87,5,7,40,4,0,1,0,6,6,3,0,0,2,3,2,55,129,11,0,47,2,0,0,2,52,0,6,1,0,1,6,2,0,10,1,1,41,0,25,0,1,3,8,39,0,1,0,3,107,0,7,2,222,1,0,0,0,0,0,0,0,0,0,0,1,0,0,0,1,8,0,0,0,0,2,0,1,81,4,1,0,25,0,0,0,12,1,1,3,2,10,1,10,3,12,14,2,9,0,0,6,0,2,4,61,2,0,0,2,0,2,0,0,0,0,0,0,1,0,0,0,2,0,1,1,0,1,0,0,0,1,3,0,0,0,0,2,0,0,0,0,0,19,0,0,2,0,49,2,0,1,0,0,1,0,0,0,3,3,0,0,0,0,0,1,1,0,0,0,2,0,0,0,8,0,0,1,0,2,0,2,0,0,0,1,1,0,0,0,0,0,0,0,0,3,3,0,0,0,0,0,0,0,0,0,0,0,2,3,0,0,68,2,0,1,3,0,5,5,42,1,1,1,7,9,4,0,0,0,19,0,2,5,1,0,0,1,1,0,0,1,3,0,119,0,1,13,0,4,5,0,0,1,0,79,2,56,9,31,1,1,8,0,5,0,2,0,0,0,5,0,0,2,0,0,0,2,0,0,1,0,0,0,0,4,0,0,0,0,0,1,0,0,1,0,0,1,0,1,0,1,0,2,2
3,1066,ESCOLA MUNICIPAL AYRTON SENNA DA SILVA,"RUA ANTÔNIO MOREIRA LOPES, N. 1301, JARDIM ACRÓPOLE",CAJURU,-25.4711491,-49.1921663,21,0,4214,3385,344,109,0,24,5,9,79,6,6,1,0,5,61,0,1,1,23,1,1,1,0,5,2,20,1,0,0,0,1,0,1,0,0,0,0,62,0,1,0,1,0,0,0,1,33,4,44,0,72,1,4,0,0,0,0,0,1,2,0,0,9,0,0,0,0,0,0,0,0,0,35,0,1,0,0,43,0,0,0,0,2,1,0,0,0,1,0,0,0,0,0,31,0,5,1,1,4,0,0,2,3,0,0,0,1,0,3,0,0,2,0,0,1,0,0,0,0,0,0,0,4,9,1,0,14,0,0,34,0,8,0,1,4,22,0,92,11,169,18,9,0,0,0,13,37,1,1,3,2,1,0,7,0,0,3,4,0,1,2,0,0,4,1,0,9,0,0,12,0,0,0,0,0,0,0,1,0,1,0,0,0,0,0,0,0,2,45,0,0,2,0,2,0,0,0,1,0,1,6,0,1,0,0,2,0,0,5,1,3,1,1,0,4,0,0,0,0,0,3,0,0,0,1,0,0,0,0,0,3,0,5,0,0,0,0,0,0,0,0,0,7,0,0,0,0,0,1,0,0,0,0,0,0,0,0,0,0,0,0,0,0,0,1,22,3,0,1,0,9,2,2,0,1,0,0,0,0,1,1,0,2,0,0,2,0,0,2,0,6,0,2,17,0,1,0,0,0,0,0,5,1,0,0,2,1,15,0,0,0,0,0,0,0,0,66,1,3,33,1,0,0,0,4,4,0,0,0,0,5,1,39,139,4,0,36,0,0,0,0,48,0,4,0,1,0,9,0,2,4,0,3,69,0,15,6,0,0,3,27,1,2,1,1,119,3,4,3,162,0,0,0,0,0,0,0,0,0,0,1,0,0,0,0,0,10,0,0,0,0,0,0,1,62,2,2,4,14,6,0,0,0,0,0,5,2,6,0,4,2,16,3,2,1,0,0,3,0,0,1,68,5,1,0,1,0,0,0,0,0,0,1,1,0,0,0,0,2,0,0,0,0,0,0,0,1,7,0,0,0,0,0,0,0,0,1,0,0,12,0,0,0,0,21,0,0,2,0,0,4,0,0,0,5,8,0,0,0,0,0,0,0,0,0,0,1,0,0,0,1,0,1,1,0,1,0,0,4,0,1,2,1,0,0,0,0,1,2,1,0,0,1,0,0,0,0,0,0,0,0,0,1,4,1,20,0,0,52,1,0,1,0,2,5,0,23,1,0,0,8,2,12,0,0,0,13,0,0,5,0,0,0,3,2,0,0,0,0,0,65,2,0,7,0,3,3,0,0,0,0,115,1,71,9,32,1,0,8,2,1,0,0,0,0,0,0,0,0,1,0,0,3,0,0,0,1,0,0,0,0,0,0,0,1,0,0,0,0,0,0,0,0,0,0,0,0,0,0,1,0
3,1074,COLEGIO ESTADUAL MÁXIMO ATÍLIO ASINELLI,"RUA JÚLIO WISCHRAL, N. 650, UBERABA DE CIMA",UBERABA,-25.4745658,-49.2230638,37,0,3165,2574,145,77,0,2,1,10,38,7,1,0,0,4,42,0,0,1,21,1,0,1,3,0,1,5,0,0,0,1,0,0,0,0,0,0,0,32,0,0,0,0,0,0,0,0,7,3,47,1,79,0,5,0,0,0,1,0,1,2,1,4,7,0,4,0,2,0,0,0,1,2,24,0,1,0,0,18,0,0,0,0,1,1,1,0,0,0,5,0,0,0,0,102,0,6,0,2,0,0,0,0,0,0,0,0,1,0,5,0,0,2,0,0,0,0,0,0,0,0,0,0,9,1,0,0,14,0,4,27,0,2,4,5,1,11,2,28,50,15,11,2,0,0,1,2,37,0,1,1,1,1,0,12,0,0,0,2,0,0,0,1,2,2,0,1,14,0,0,18,0,1,0,3,0,0,1,2,0,1,0,1,0,1,0,0,0,3,34,0,0,1,0,0,0,0,0,2,1,1,5,3,0,0,2,3,0,2,1,0,5,0,2,0,8,0,0,0,0,0,1,0,1,0,0,0,4,0,0,1,4,0,1,0,0,0,0,0,0,0,0,0,0,0,0,0,0,0,1,0,0,0,0,0,0,0,0,0,0,0,0,0,0,0,0,36,3,0,1,0,6,7,4,2,1,0,0,0,0,0,0,0,2,0,0,12,0,0,0,0,8,0,0,4,0,0,0,0,1,0,0,2,0,0,0,0,2,10,0,0,0,0,0,0,3,0,97,1,4,36,2,0,0,0,0,6,4,0,0,0,2,0,42,42,19,0,33,1,0,0,1,28,0,2,0,0,0,4,0,0,7,0,1,13,0,22,0,1,2,1,31,0,0,0,3,65,0,1,9,198,2,0,0,0,1,0,0,0,0,0,0,0,1,1,0,0,11,0,0,0,0,0,0,2,67,0,0,0,16,0,0,2,21,0,0,0,2,15,2,2,5,31,14,4,4,0,0,14,0,0,0,9,1,3,1,0,1,0,1,0,0,0,0,0,3,0,4,0,1,0,0,0,0,0,0,0,0,0,0,1,0,0,0,0,1,0,0,1,0,9,1,0,0,0,18,2,0,4,0,0,1,0,0,1,0,0,0,0,0,0,0,1,0,0,0,0,0,0,0,0,6,0,0,4,0,0,0,0,1,0,0,0,0,0,0,0,0,0,1,3,0,0,8,0,0,0,0,0,0,0,0,0,1,0,4,0,0,0,89,0,0,0,2,0,3,3,54,1,0,5,5,5,5,3,0,0,19,0,0,9,0,0,0,2,0,0,0,0,0,0,65,1,0,4,0,2,12,0,0,1,0,32,0,16,8,6,0,0,9,1,1,0,0,0,0,0,3,0,0,3,1,0,0,0,0,0,3,0,0,0,0,1,1,0,0,0,0,0,0,0,0,0,0,0,0,0,0,0,0,1,0
3,1082,ESCOLA MUNICIPAL MARUMBI,"RUA FRANCISCO LICNERSKI, 50,  PRÓXIMO À SANEPAR DA BR 277",UBERABA,-25.4795245,-49.2027126,37,0,3720,3080,222,119,0,10,3,6,44,6,2,0,0,7,41,1,1,0,14,0,0,0,0,4,0,24,0,0,0,0,0,1,0,0,0,1,1,39,1,1,0,2,0,1,0,0,22,2,61,0,82,2,5,2,1,0,0,0,1,4,1,0,11,0,6,0,0,1,0,0,0,0,38,0,0,0,0,24,0,0,0,2,0,1,1,0,0,2,1,0,0,0,0,49,0,4,0,0,1,0,0,2,0,0,0,0,2,0,5,0,0,1,0,0,0,1,0,0,0,0,0,1,4,10,0,0,14,1,3,26,0,8,0,1,4,22,0,54,24,66,11,2,0,2,0,10,63,0,2,0,0,2,0,17,3,0,1,1,0,0,0,1,1,2,4,1,5,0,0,14,0,1,0,0,0,0,0,0,0,0,1,3,0,0,0,0,0,9,47,0,0,1,0,0,1,0,0,1,2,3,15,3,0,0,0,5,0,0,7,0,3,0,5,0,9,0,0,0,0,1,1,0,0,0,1,0,1,0,0,0,0,0,4,0,0,0,0,0,0,0,0,0,0,0,0,0,0,0,2,0,0,0,0,0,0,0,0,0,0,1,0,0,0,0,0,56,2,0,5,0,14,6,12,1,1,0,1,0,0,0,0,0,0,0,0,10,0,0,0,0,9,0,2,3,0,0,0,0,0,0,0,3,0,0,0,4,0,10,0,0,0,3,0,0,1,0,59,0,3,23,0,0,0,0,7,6,1,0,0,0,4,0,31,229,14,0,42,1,1,0,2,29,0,3,0,1,0,1,1,0,0,0,2,47,0,30,2,0,1,2,56,0,1,0,4,72,0,5,6,131,0,0,0,0,0,0,0,0,1,0,0,0,0,0,0,0,5,0,0,0,0,0,0,0,62,0,3,0,5,3,0,0,10,0,0,5,4,4,0,5,2,21,7,1,5,0,0,7,0,2,1,83,4,2,0,0,0,0,0,0,0,0,0,0,0,1,0,0,0,0,1,3,1,0,1,0,0,1,1,0,0,0,0,0,0,1,3,0,0,15,1,0,2,0,25,0,0,1,0,0,4,0,0,0,0,3,0,0,0,0,0,0,0,0,0,0,1,0,0,0,7,0,0,1,0,0,0,0,6,0,0,1,0,0,0,0,0,0,0,0,0,3,11,0,0,0,0,1,0,0,0,1,0,0,4,0,2,0,68,1,0,1,0,0,8,1,39,2,0,0,15,1,10,0,3,0,7,0,0,9,1,0,0,0,0,1,0,0,2,0,46,0,1,13,0,0,1,2,1,0,0,63,1,51,4,9,4,0,4,1,4,0,0,0,0,0,0,0,0,4,0,0,0,1,0,0,0,0,0,0,0,2,0,0,0,0,0,0,0,0,0,0,0,0,0,0,0,0,0,2,0
3,1090,ESCOLA MUNICIPAL CORONEL DURIVAL BRITTO E SILVA,"RUA EMÍLIO BERTOLINI, N. 44, VILAS OFICINAS",CAJURU,-25.4481703,-49.2159031,21,0,4068,3347,256,153,0,8,4,4,46,7,8,0,1,3,48,1,0,0,19,1,0,0,3,3,1,17,2,0,0,1,1,0,0,0,0,0,0,47,1,5,0,0,0,0,0,0,25,5,100,1,82,0,5,0,0,0,0,0,0,4,3,0,2,0,2,0,0,1,0,0,0,0,45,0,3,0,0,50,0,1,0,0,3,1,1,0,0,0,3,0,0,0,2,73,0,3,2,2,5,0,0,0,0,0,0,0,1,0,5,0,0,5,0,0,0,0,0,0,0,0,0,0,11,12,0,0,20,0,2,35,0,4,0,2,1,20,0,66,46,57,8,2,0,0,1,1,41,0,1,1,2,3,0,17,2,0,1,0,0,1,0,0,2,6,0,1,6,0,0,16,0,1,0,0,0,1,2,0,0,0,0,1,0,0,0,2,0,14,46,0,0,0,0,0,0,0,0,0,0,0,11,0,0,0,0,0,0,0,2,1,3,0,4,0,11,0,0,8,0,0,8,0,3,0,2,0,2,0,0,1,0,0,9,0,0,0,0,0,0,0,0,0,2,0,0,0,0,0,1,0,0,0,0,0,0,1,0,0,0,0,0,0,0,0,1,50,2,0,0,1,5,12,9,1,0,0,0,0,0,0,0,0,8,0,0,7,0,0,1,0,13,0,6,9,0,0,0,0,0,0,1,8,0,0,0,0,0,26,0,0,0,0,0,0,2,0,72,4,6,38,0,0,1,0,3,5,2,1,0,0,2,1,48,94,10,0,30,2,0,0,0,56,0,7,0,1,0,6,0,1,3,3,4,38,0,22,4,0,0,6,19,0,0,0,8,121,1,6,5,165,2,0,0,0,0,0,0,0,0,0,0,0,0,0,0,0,8,0,0,0,0,0,0,7,79,1,1,0,14,3,0,0,6,0,0,3,1,9,2,13,0,31,16,2,0,0,0,8,0,2,2,20,12,0,0,3,0,1,0,0,0,0,1,0,0,0,1,0,1,0,3,0,1,0,0,0,3,0,1,3,0,0,0,1,1,0,2,0,0,13,0,0,1,0,35,0,0,2,0,0,5,1,0,0,4,1,0,0,0,0,0,1,0,0,0,0,2,0,0,0,2,0,0,0,0,0,0,0,0,0,0,0,4,0,0,0,0,0,0,0,0,5,1,2,1,0,0,0,0,0,0,1,0,1,2,0,1,0,92,1,0,2,1,0,0,3,76,2,1,3,4,6,7,0,1,1,8,1,0,16,0,0,0,1,0,0,0,0,0,0,74,0,1,8,0,1,6,0,0,0,0,24,2,50,14,7,9,0,8,1,1,1,0,0,0,0,3,0,0,0,0,0,0,1,0,0,0,0,0,0,0,3,0,0,0,0,0,0,0,0,0,0,0,0,0,1,0,1,0,0,0
3,1104,ESCOLA MUNICIPAL PREFEITO LINNEU FERREIRA DO AMARAL,"RUA RORAIMA, N. 1570, VILAS OFICINAS",CAJURU,-25.4523694,-49.208151,21,0,5081,4082,344,144,0,24,5,11,72,8,11,0,0,7,61,0,1,0,30,2,0,1,1,5,1,19,0,3,1,0,0,0,1,0,0,0,2,36,1,1,0,1,1,0,0,0,22,6,269,0,103,2,2,3,0,0,2,0,0,2,1,0,12,1,4,0,0,1,0,0,1,0,38,0,3,0,0,52,0,2,0,2,0,1,1,0,0,0,0,0,0,0,0,62,0,10,0,1,4,0,0,0,1,0,0,0,3,0,8,0,0,5,0,0,0,0,0,0,0,0,0,0,5,3,0,0,16,4,1,26,0,8,1,0,1,25,0,80,37,89,17,5,1,0,1,7,47,1,2,4,1,9,0,17,1,1,0,0,0,2,0,0,0,4,0,2,5,0,0,15,0,2,0,7,0,0,0,3,0,0,1,3,0,0,0,0,0,6,56,0,0,0,0,0,0,0,0,8,2,1,13,0,4,0,0,3,1,1,5,1,5,0,3,0,15,1,0,36,1,0,0,0,6,1,0,0,0,0,0,2,3,0,6,0,0,0,1,0,0,0,0,0,0,0,0,0,1,0,1,0,0,0,0,0,3,0,0,0,0,0,0,0,0,0,0,43,6,0,2,0,13,7,8,2,1,0,0,0,0,0,0,0,10,0,0,10,2,0,1,0,19,0,17,10,1,0,0,0,1,0,0,5,1,0,0,1,0,35,0,0,0,0,0,0,0,0,74,2,3,54,3,1,0,0,9,13,2,1,0,0,0,1,62,143,4,0,40,1,2,0,1,66,2,3,1,0,0,6,1,1,7,0,3,67,1,20,1,0,1,5,16,0,5,0,0,115,1,6,3,164,0,0,0,0,0,0,0,0,0,0,0,0,1,0,0,0,13,0,0,0,0,0,0,1,74,3,2,1,17,2,1,0,9,0,0,3,1,10,1,11,1,24,15,2,2,0,0,9,0,0,5,48,9,4,0,2,0,0,0,0,0,0,0,0,0,0,1,0,1,0,2,0,0,0,0,0,0,2,0,1,0,0,0,1,1,0,0,0,1,30,2,0,2,2,35,1,1,0,0,0,1,0,0,0,3,2,0,0,0,0,0,2,0,0,0,0,0,0,0,0,5,0,0,3,0,0,0,1,0,1,0,0,2,0,0,0,0,0,0,0,0,4,8,1,0,0,0,0,0,1,0,5,0,0,3,1,0,0,77,1,0,0,1,0,5,9,69,1,2,3,5,7,6,0,0,0,9,1,2,10,2,0,0,6,5,2,0,0,1,0,71,2,0,5,0,0,9,1,0,0,0,66,1,96,9,13,2,0,11,0,1,0,0,0,0,0,1,0,0,1,0,0,0,0,0,0,0,0,0,0,0,2,0,0,0,0,0,1,0,0,0,0,0,2,0,0,0,0,2,1,0
3,1112,COLÉGIO ESTADUAL NATÁLIA REGINATO,"RUA GOIÂNIA,  679, VILAS OFICINAS",CAJURU,-25.4548246,-49.220086,21,0,2767,2140,145,73,0,8,2,5,56,4,4,0,0,4,42,2,1,0,7,0,1,0,2,0,0,6,0,0,0,0,1,0,0,0,0,0,0,33,2,2,0,0,0,2,0,0,11,3,70,0,68,0,0,1,0,0,2,0,0,0,0,2,8,0,1,0,0,0,0,0,1,0,23,0,2,0,0,31,0,0,0,0,0,0,0,1,0,0,1,0,0,0,0,40,0,3,0,2,3,0,0,0,2,1,0,0,4,0,4,0,0,7,0,0,0,0,0,0,0,2,0,0,3,1,0,3,11,0,3,20,0,6,0,0,2,15,0,55,19,40,3,3,0,1,1,0,27,0,1,0,1,1,0,9,0,0,3,1,0,1,0,0,0,3,0,0,6,0,0,15,0,0,0,0,0,0,0,0,0,0,1,0,0,0,0,0,0,1,41,0,2,0,0,0,0,0,0,1,0,0,5,0,0,0,0,0,0,1,2,0,4,0,1,0,2,1,0,6,0,0,5,0,0,0,0,0,0,0,0,0,1,0,1,0,0,0,0,0,0,0,0,0,0,0,2,0,0,1,2,0,0,0,0,0,0,0,0,0,0,0,0,0,0,0,0,27,3,0,0,0,3,3,9,0,1,0,0,0,0,0,0,0,5,0,0,4,1,0,1,0,12,0,1,6,0,0,0,0,0,0,0,2,0,0,0,0,0,22,0,0,0,0,0,0,0,0,51,3,4,25,0,0,1,0,2,3,0,1,1,0,2,2,24,66,10,0,18,1,0,0,1,24,0,3,0,0,0,1,0,0,0,1,1,21,0,17,7,1,0,0,10,0,4,0,2,81,0,5,2,103,1,0,0,0,0,0,0,0,0,0,0,0,0,0,0,0,6,0,0,0,0,0,0,3,57,0,0,0,9,2,0,0,6,0,0,2,2,4,0,4,5,9,3,1,0,0,1,10,0,3,0,12,8,1,0,0,0,2,0,0,0,0,0,0,0,0,0,0,1,0,0,0,0,0,0,0,0,1,1,0,0,0,0,0,1,0,1,0,0,11,0,0,0,0,16,1,1,0,0,0,2,0,0,0,3,0,0,0,0,0,0,0,0,0,0,0,1,0,0,0,2,0,0,0,0,0,0,0,0,0,0,0,0,0,0,0,0,0,0,0,0,11,1,1,1,0,0,0,0,0,1,0,0,0,2,0,0,0,63,0,0,1,0,0,0,3,37,0,0,1,2,1,7,0,1,1,11,1,0,12,0,0,0,0,1,0,0,2,0,0,53,0,0,3,0,1,1,0,0,0,1,32,0,28,11,7,2,0,6,3,0,0,0,0,0,0,2,0,0,1,0,0,0,0,1,0,0,0,0,0,0,4,0,0,0,0,0,0,0,1,0,0,0,0,0,0,0,0,0,1,1
3,1120,ESCOLA ESTADUAL PROFESSOR NILO BRANDÃO,"AV JORN. ADERBAL GAERTNER STRESSER, 748",CAJURU,-25.4706267,-49.2041933,21,0,4851,3869,250,166,0,10,6,11,64,12,4,0,1,5,58,0,0,1,31,0,0,1,5,0,5,18,0,0,0,1,2,0,0,0,0,0,0,37,0,1,0,0,0,1,0,1,41,9,84,1,112,0,2,3,1,0,2,0,0,2,1,1,18,0,4,0,0,1,0,0,0,0,41,0,4,0,0,56,2,0,0,2,0,0,0,1,0,3,2,0,0,0,0,96,0,4,1,2,0,0,0,0,1,1,0,0,1,0,8,0,0,4,0,0,2,0,0,0,0,0,0,0,2,10,0,5,28,1,0,47,0,7,2,1,1,27,1,80,36,100,18,3,0,2,0,2,60,0,2,1,0,2,0,24,2,0,0,0,1,5,0,0,0,6,1,0,8,0,1,25,0,0,0,0,0,1,1,0,0,0,0,1,0,0,0,0,0,9,50,0,0,1,0,3,0,0,1,1,1,1,14,0,0,0,0,1,0,1,7,0,8,0,2,0,17,0,1,1,0,0,2,0,3,1,0,0,2,0,0,1,3,0,7,0,0,0,0,0,0,0,0,0,7,0,2,0,0,0,2,0,0,0,0,0,0,0,0,0,0,0,0,1,0,0,1,41,10,0,2,0,7,16,26,0,2,0,0,0,0,0,0,0,8,0,0,6,1,0,0,0,21,0,2,6,1,1,0,0,0,2,0,3,0,0,0,1,0,37,0,0,0,0,0,0,5,0,80,5,5,44,0,1,0,0,5,5,0,1,0,0,3,1,61,106,16,0,41,1,0,0,2,30,2,9,2,0,0,3,0,0,8,0,2,44,1,20,2,0,3,2,25,1,1,0,3,120,0,8,1,213,5,0,0,0,0,1,0,0,0,0,0,0,0,0,0,0,6,0,0,0,0,0,0,0,82,1,0,0,20,3,0,0,11,0,0,3,3,7,0,11,1,27,24,2,5,0,0,12,0,2,1,67,7,2,0,0,0,1,0,0,0,0,0,0,1,1,0,0,1,0,2,0,0,0,2,0,1,2,1,0,0,0,0,0,1,0,0,3,0,23,0,0,0,0,37,0,0,0,0,0,2,0,1,0,0,0,0,0,0,0,0,2,0,0,0,0,1,0,1,0,8,0,0,0,0,4,0,0,0,0,0,0,0,0,0,1,0,5,1,0,0,2,7,1,2,0,0,5,0,0,0,0,0,0,1,2,0,0,106,0,0,3,0,0,4,2,28,0,1,10,9,1,9,0,0,0,19,0,0,7,0,0,1,0,0,2,0,3,1,0,84,2,2,2,0,6,5,0,0,0,0,60,1,50,14,39,1,1,12,0,3,0,0,0,0,0,0,0,0,1,0,0,0,0,0,0,0,1,2,0,0,1,0,0,0,0,0,0,0,0,0,0,0,2,0,1,0,1,0,2,1
3,1139,COLÉGIO ESTADUAL DEPUTADO OLÍVIO BELICH,"RUA ENGENHEIRO COSTA BARROS, N. 1600, CAJURU ",CAJURU,-25.4600831,-49.2121757,21,0,5783,4565,312,160,0,22,4,10,74,13,10,0,2,10,82,2,2,1,25,1,0,0,3,2,1,26,2,1,0,0,2,0,0,0,0,0,0,70,2,3,0,0,0,1,0,0,17,4,121,0,140,0,5,3,2,0,0,0,0,1,2,1,14,0,4,1,0,0,0,0,0,0,67,0,4,0,0,104,0,0,0,0,0,2,0,1,0,0,4,0,0,0,1,100,0,10,4,4,1,0,0,0,4,0,0,0,1,0,8,0,0,17,0,0,3,0,0,0,0,0,0,0,6,3,0,0,42,0,2,45,0,15,1,2,8,21,0,93,45,87,24,6,0,0,0,5,43,0,2,1,3,2,0,31,2,0,1,1,0,0,1,0,0,3,0,2,11,0,0,25,0,1,0,4,0,0,0,1,0,0,1,1,0,0,0,2,1,8,63,0,0,2,1,0,0,0,1,2,0,1,12,0,4,1,0,2,0,0,10,0,5,0,6,0,14,0,0,5,0,0,13,0,6,0,2,0,2,0,0,0,5,0,12,0,0,0,0,0,0,0,0,0,0,2,0,0,0,0,6,0,0,0,0,0,0,1,0,0,0,0,0,0,0,0,0,77,4,0,3,0,8,11,12,0,0,0,0,0,0,1,0,1,6,0,0,4,1,0,3,0,14,0,4,5,0,0,0,0,1,1,1,5,0,0,0,0,0,53,0,0,0,1,0,0,0,0,98,5,5,34,2,0,2,0,10,15,1,0,0,0,4,1,62,130,14,0,42,0,0,0,3,67,0,6,1,0,0,8,2,0,0,0,2,65,0,27,3,0,2,2,32,0,3,1,1,166,1,11,7,229,1,1,0,0,0,0,0,0,1,0,0,0,0,0,0,0,12,0,0,0,0,0,0,2,116,3,0,2,27,4,2,0,17,0,0,3,3,16,0,9,0,25,23,0,2,0,0,16,3,2,0,43,8,5,0,0,0,1,0,0,1,0,0,0,0,0,1,0,2,0,2,1,2,0,0,0,0,1,0,0,1,0,0,0,0,0,0,0,0,22,4,0,0,0,45,1,0,4,1,0,3,0,0,0,3,2,0,0,0,0,0,0,3,0,1,1,2,1,0,0,5,0,0,4,0,0,0,0,1,0,1,6,2,0,0,0,0,0,0,0,0,4,2,0,3,0,0,0,0,0,0,0,1,1,6,2,1,0,119,1,0,2,0,1,6,5,36,1,1,1,11,2,9,0,7,5,10,0,0,11,0,0,0,3,0,2,0,1,4,0,92,1,0,8,0,4,10,0,0,0,1,70,2,69,11,26,3,0,14,2,5,0,0,0,0,2,1,0,0,1,2,0,0,0,0,0,0,0,0,0,0,4,1,0,0,0,0,1,1,3,0,0,0,0,0,0,0,0,0,0,0
3,1147,ESCOLA MUNICIPAL PREFEITO OMAR SABBAG,"RUA PEDRO BOCCHINO, N. 140, VILAS OFICINAS",CAJURU,-25.4505223,-49.2184143,21,0,7603,5921,412,242,0,29,5,20,113,8,6,0,0,9,78,1,1,1,29,1,0,0,3,8,3,26,2,1,1,1,1,2,1,1,0,0,0,89,1,2,0,0,0,0,0,0,45,7,189,0,190,0,0,1,0,0,2,0,2,4,4,4,11,0,2,0,0,2,0,0,3,0,57,0,3,0,0,78,1,1,0,2,1,6,1,1,0,2,1,0,0,4,0,119,0,18,1,1,4,0,0,0,1,0,0,0,3,1,4,0,0,5,0,0,0,0,0,0,0,0,0,0,12,16,1,2,26,3,4,64,0,14,0,2,3,37,0,129,64,101,21,2,0,0,1,1,87,1,4,0,3,5,0,33,2,1,3,5,3,0,2,0,2,5,1,6,10,0,1,28,0,2,1,1,0,2,1,2,0,0,0,0,0,0,0,1,0,9,90,0,0,2,0,0,0,0,0,5,2,0,22,0,1,1,0,2,0,2,2,0,8,0,4,0,18,0,0,13,0,0,13,0,13,0,1,1,1,0,0,4,10,0,8,0,0,0,0,0,0,0,0,0,1,0,2,0,0,0,4,0,0,0,0,0,0,0,0,0,0,1,0,0,1,0,0,95,12,0,2,0,9,21,19,5,3,0,1,0,1,1,0,0,7,0,0,4,2,0,1,0,16,1,2,18,1,0,0,0,0,1,0,5,0,0,0,0,1,75,0,0,0,0,0,0,0,0,121,5,7,63,0,0,1,1,3,8,2,1,0,0,6,1,72,160,30,0,40,5,0,0,3,74,0,3,2,0,1,7,2,1,19,0,4,72,1,30,9,0,6,7,28,0,5,0,4,214,0,3,9,275,2,2,0,0,1,0,0,0,0,1,0,0,0,0,0,0,17,1,0,0,0,0,0,8,145,0,1,1,23,2,3,3,11,0,0,3,2,12,1,9,5,29,19,3,6,1,0,22,0,4,2,43,6,0,1,0,0,6,0,0,0,0,1,0,0,0,0,0,2,0,3,0,2,1,0,0,2,0,0,1,0,0,1,1,2,0,0,1,0,41,0,0,0,1,49,3,0,3,0,0,2,0,0,0,16,4,0,0,0,0,2,4,1,0,0,0,4,0,0,0,4,0,1,5,1,0,0,2,0,0,0,1,1,2,1,0,1,2,0,1,0,52,9,1,0,0,0,1,0,0,0,1,1,1,4,0,1,0,149,0,0,2,1,0,2,7,155,4,0,12,13,7,22,0,2,1,16,2,1,24,0,0,0,7,0,3,0,0,2,0,132,1,2,12,0,2,9,0,2,0,1,73,2,98,25,14,8,2,10,0,2,0,0,0,0,0,0,0,0,3,0,0,0,0,0,0,0,0,0,0,0,7,1,0,0,0,0,0,1,1,0,0,0,1,0,0,0,0,0,3,0
3,1155,ESCOLA ESTADUAL SANTA ROSA,"RUA AMÍLTON PORTUGAL PEREIRA, 515, SOLITUDE",CAJURU,-25.4759288,-49.1950276,21,0,3787,2932,269,100,0,13,3,6,50,11,5,1,0,2,46,1,3,0,8,0,0,0,3,1,1,15,0,1,0,0,0,0,0,0,0,0,0,70,2,0,0,1,0,0,0,0,12,2,49,1,72,3,1,0,0,0,0,0,2,1,3,0,9,0,1,0,0,0,0,0,0,0,47,1,2,0,0,53,1,0,0,0,0,0,0,1,1,1,1,0,0,1,0,28,0,3,1,0,0,0,0,0,0,0,0,0,1,0,2,0,0,2,0,0,1,0,0,0,0,0,0,0,4,5,1,1,14,3,1,25,0,8,0,0,2,19,0,53,34,86,8,4,0,0,0,2,48,0,1,0,1,1,0,26,1,0,4,0,0,0,2,0,1,5,0,2,9,0,0,6,0,0,0,3,0,0,0,0,0,0,0,0,0,0,0,0,0,4,47,0,0,0,0,0,0,0,0,1,1,0,5,0,0,0,0,0,0,0,3,1,5,2,2,0,11,0,1,4,0,0,3,0,0,0,0,0,0,0,1,1,5,0,1,0,0,0,0,0,0,0,0,0,7,0,0,0,0,0,2,0,0,0,0,0,3,3,0,0,1,2,0,0,0,0,0,29,4,0,5,0,4,4,5,0,0,0,0,0,0,0,0,0,0,0,0,6,0,0,0,0,8,1,0,2,0,0,0,0,0,0,0,2,1,0,0,0,1,16,0,0,0,0,0,0,1,0,77,0,6,29,2,0,0,0,6,3,1,0,0,0,3,0,46,196,2,0,36,2,0,0,0,43,0,0,1,0,0,7,0,0,2,0,2,58,1,18,2,0,2,2,14,0,1,2,3,81,0,4,0,146,0,0,0,0,0,0,0,0,0,0,0,0,0,0,0,0,4,0,0,0,0,0,0,1,48,1,2,0,13,5,0,1,5,0,0,0,2,6,1,3,0,6,8,0,1,0,1,7,0,2,2,126,5,3,0,0,0,0,0,0,0,0,0,1,0,0,1,0,1,0,0,0,0,0,0,0,4,1,0,0,0,0,0,0,2,0,0,0,0,7,0,0,0,0,25,0,0,1,0,0,1,0,0,0,0,0,0,0,0,0,0,2,2,0,3,0,0,0,0,0,2,0,0,1,0,3,0,0,3,1,0,0,1,0,0,0,0,0,1,0,0,0,0,0,0,1,1,0,0,0,0,0,1,0,0,3,0,0,49,0,0,1,0,0,5,1,16,0,0,3,2,2,9,0,1,0,5,0,0,12,0,0,0,0,0,1,1,0,2,0,62,1,0,1,1,0,3,1,1,1,0,58,1,40,4,7,4,0,7,0,4,0,0,0,0,0,0,1,0,0,0,0,0,0,0,0,0,0,0,0,0,3,0,0,0,0,0,0,0,0,0,0,0,0,0,0,0,1,0,1,0
3,1163,COLÉGIO ESTADUAL SENHORINHA DE MORAES SARMENTO,"RUA CATULO DA PAIXÃO CEARENSE, N. 1000, CENTENÁRIO",CAJURU,-25.4647166,-49.2047695,21,0,9245,7144,627,229,0,50,7,32,138,9,15,2,2,13,111,4,8,2,47,1,0,1,1,2,1,59,1,0,3,2,0,0,0,0,1,0,0,86,3,9,0,5,0,1,0,0,102,10,175,0,193,0,3,0,0,0,1,0,2,0,6,1,31,0,3,1,0,1,0,0,2,2,101,0,5,0,0,109,0,0,0,2,5,2,1,0,1,3,1,0,0,3,0,92,0,10,1,5,9,1,0,0,2,0,0,0,2,0,7,0,0,6,1,0,1,0,0,0,0,0,0,0,16,13,0,2,37,1,3,66,0,21,0,4,8,46,1,149,58,165,16,3,3,1,0,8,98,1,2,5,1,6,0,35,2,4,8,1,0,0,2,0,2,11,0,3,17,0,0,36,0,1,0,2,0,1,1,0,0,2,0,2,0,0,0,0,0,9,93,1,0,7,0,0,1,0,1,5,2,0,37,0,4,0,0,0,0,0,12,0,5,0,3,0,42,1,0,2,0,0,2,0,8,1,2,0,1,0,0,2,13,0,26,0,0,0,0,0,0,0,0,0,2,1,1,0,0,0,3,0,0,0,0,2,5,1,1,0,1,0,0,0,0,0,0,87,7,0,2,0,18,15,22,1,2,0,0,0,0,0,2,0,10,0,1,10,1,0,3,0,23,2,8,9,0,0,1,0,1,5,0,20,0,0,0,0,0,27,0,0,0,3,0,0,1,0,139,5,12,52,1,1,0,0,19,9,1,0,1,0,5,3,88,266,14,0,73,0,2,0,2,79,0,11,0,0,0,15,1,0,19,0,5,100,1,41,0,0,6,3,47,0,3,1,7,220,2,4,5,398,3,0,0,0,0,0,0,0,0,0,0,0,1,0,0,0,17,1,0,0,0,0,0,3,161,1,3,0,30,1,0,0,4,0,0,10,4,12,0,19,4,27,17,2,8,0,8,10,0,3,1,83,6,1,0,1,0,3,1,0,0,0,0,0,1,2,2,0,3,0,5,0,1,0,0,0,1,6,6,1,0,0,0,1,1,2,2,2,0,34,1,0,0,2,64,6,0,0,1,0,4,1,0,0,5,2,0,0,0,0,0,6,2,1,1,3,2,2,0,0,13,0,0,2,0,0,0,0,1,0,0,2,2,1,0,0,0,1,0,0,0,6,9,0,2,0,0,0,0,1,0,1,1,0,3,5,1,0,134,3,0,3,5,0,6,12,50,5,2,4,10,8,13,0,5,3,8,1,0,10,0,0,0,2,0,1,1,1,1,0,161,0,1,13,0,15,5,1,0,1,0,250,2,121,15,74,4,0,18,3,4,0,0,0,0,0,2,0,0,4,1,0,0,0,0,0,0,0,0,0,0,7,0,0,0,0,0,0,0,0,3,0,1,0,0,0,0,2,0,1,0
3,1198,ESCOLA MUNICIPAL PROFESSOR ENÉAS MARQUES DOS SANTOS,"RUA OSMÁRIO DE LIMA, N. 100",CAPAO DA IMBUIA,-25.433934,-49.2188575,20,0,3957,3160,164,104,0,7,0,13,53,2,4,1,0,5,53,1,1,2,16,0,1,0,1,3,2,14,0,0,0,1,1,0,1,0,0,0,0,27,0,0,0,0,0,0,0,0,16,15,130,1,99,0,2,7,0,1,0,0,1,1,1,2,4,0,3,3,0,1,0,0,1,0,31,0,0,0,0,32,0,0,0,2,0,0,3,0,0,1,2,0,0,10,0,89,0,7,1,6,0,0,0,3,10,0,0,0,4,1,10,1,0,4,0,0,1,0,0,0,0,0,0,0,7,4,0,0,26,0,1,23,0,5,0,2,4,14,0,79,46,19,11,2,0,0,1,7,55,0,6,1,1,3,0,18,0,0,4,1,0,2,0,0,1,4,0,0,9,0,0,22,0,0,0,1,0,0,0,4,0,3,0,0,2,0,0,0,0,2,46,0,0,2,0,0,0,0,0,3,7,0,0,1,1,0,0,5,0,0,6,0,5,0,1,0,19,0,0,2,2,0,7,1,0,0,0,0,0,0,0,1,5,0,5,0,0,0,1,0,0,0,0,0,0,0,0,0,0,0,1,0,0,0,0,1,0,0,0,0,0,0,0,0,0,0,0,44,6,0,1,0,4,8,11,0,0,1,0,0,0,0,0,0,5,0,0,5,0,0,2,0,20,0,3,4,0,0,0,0,1,1,0,5,0,0,0,0,0,4,0,0,0,1,0,0,0,0,66,5,0,39,1,2,0,0,4,3,0,0,3,0,0,0,36,117,17,0,23,2,0,0,2,18,0,4,0,0,0,1,0,1,5,2,3,24,0,26,0,0,0,0,20,0,4,0,2,105,0,13,0,118,4,6,0,0,0,0,0,0,1,0,0,0,0,0,0,0,10,0,0,0,0,0,0,4,80,2,1,0,15,0,0,0,19,0,2,0,2,17,0,11,1,23,15,2,3,0,0,14,0,1,0,2,10,2,0,1,0,5,0,0,2,0,0,0,0,0,0,0,1,0,17,0,0,0,0,0,0,1,4,0,0,0,0,0,1,1,0,0,0,34,0,0,0,2,33,0,0,1,0,0,4,0,0,0,3,1,0,0,0,0,1,1,0,0,1,0,2,0,0,0,10,0,1,0,0,0,0,0,0,0,0,0,3,1,0,0,0,0,0,0,0,0,4,0,0,0,0,0,0,0,0,1,0,0,7,0,0,0,80,1,0,1,2,0,7,4,76,1,0,2,5,2,5,0,0,0,7,0,0,9,0,0,0,0,2,4,0,0,0,0,71,0,0,5,0,1,5,2,0,0,0,9,2,120,14,6,8,1,5,0,5,0,0,0,2,0,4,0,0,4,0,0,0,0,0,0,0,0,0,0,0,7,0,0,0,0,0,0,0,2,0,0,0,0,0,0,0,1,0,1,0
3,1201,ESCOLA MUNICIPAL C.E.I. EVA DA SILVA,"RUA FREDERICO STADLER JÚNIOR, N. 1670",CAPAO DA IMBUIA,-25.4414498,-49.2050921,20,0,5084,4035,267,144,0,16,2,7,64,7,3,0,0,7,60,1,2,0,22,1,1,0,2,2,0,21,0,0,0,1,0,0,0,0,2,0,0,60,0,1,0,0,0,0,0,1,30,10,279,0,98,0,1,2,0,0,1,0,0,3,2,0,10,0,0,0,0,0,0,0,3,0,39,0,1,0,0,39,1,0,0,0,0,2,0,3,0,6,0,0,0,9,0,77,0,11,0,4,3,0,0,0,2,0,0,1,5,1,8,0,0,5,0,0,0,0,0,0,0,0,0,0,5,14,0,3,32,0,1,43,0,10,2,1,1,15,0,103,42,39,13,4,0,1,2,10,55,0,1,1,0,0,1,22,0,2,0,0,2,0,0,0,1,4,1,2,11,0,0,23,0,0,0,3,0,0,0,1,0,0,0,1,0,0,0,0,0,10,71,0,0,0,0,0,0,0,0,1,3,0,9,1,0,1,0,2,0,9,5,0,9,0,3,0,15,0,0,9,0,0,2,0,2,2,3,0,0,0,0,0,2,0,1,0,0,0,2,0,0,0,0,0,0,3,2,0,2,0,0,0,0,0,0,1,0,4,0,0,0,0,0,0,0,0,1,39,5,0,11,0,3,12,15,1,0,1,0,0,0,0,1,0,6,0,0,3,2,0,1,0,12,0,0,5,0,0,0,0,0,0,0,8,0,0,0,0,0,14,0,0,1,0,0,0,0,0,83,2,0,29,1,0,0,0,0,9,2,0,0,0,0,1,38,161,3,0,16,0,1,0,3,55,0,3,2,0,0,7,4,1,10,3,0,56,2,21,1,0,2,4,28,2,0,2,2,146,0,9,4,195,3,3,0,0,0,0,0,0,0,0,0,0,0,0,0,0,7,1,0,0,0,0,0,2,83,1,0,0,29,2,1,0,11,0,9,5,3,16,0,10,0,16,16,2,6,0,0,8,1,0,2,14,15,3,0,0,1,1,0,0,0,0,0,0,0,0,0,0,8,0,20,1,1,0,0,0,1,1,0,4,1,0,0,1,0,0,1,1,1,34,2,0,1,2,44,1,0,0,0,0,1,0,0,0,1,3,0,0,0,0,0,2,1,0,1,2,0,0,0,0,11,0,0,2,0,1,0,1,2,0,0,0,3,0,0,0,0,0,1,0,0,0,2,2,1,0,1,0,0,1,0,1,0,0,3,0,0,0,73,1,0,0,1,0,4,14,63,1,0,1,5,10,4,1,2,1,9,0,0,9,0,0,1,0,1,0,1,1,0,0,63,0,1,4,0,1,2,3,0,0,0,17,9,190,22,0,6,2,7,0,3,0,2,0,0,0,2,1,0,2,0,0,0,0,0,0,1,0,0,0,0,3,0,0,0,0,0,0,0,0,0,0,0,0,0,2,0,1,0,4,0
3,1210,COLÉGIO ESTADUAL PROFESSORA MARIA AGUIAR TEIXEIRA,"AV PRESIDENTE AFFONSO CAMARGO, N. 3463",CAPAO DA IMBUIA,-25.4396467,-49.2278063,20,0,6659,5153,286,176,0,18,3,14,88,10,2,0,2,7,69,1,1,0,34,1,1,1,3,4,4,24,1,0,0,0,1,3,0,0,0,0,0,39,0,0,0,0,0,1,0,0,18,11,134,1,132,0,1,3,0,0,1,0,1,4,1,4,10,0,6,0,1,1,0,0,0,0,49,0,3,0,0,39,0,1,0,2,1,0,4,3,0,1,4,0,0,4,0,166,0,6,0,3,4,2,1,0,4,0,0,0,0,0,6,0,0,7,0,0,0,1,0,0,0,0,0,3,14,7,0,2,34,0,0,60,0,24,1,6,9,26,0,129,59,77,21,3,1,1,1,4,64,0,1,4,1,7,0,33,4,1,5,3,0,1,0,0,0,3,1,6,12,0,0,40,0,2,0,4,0,0,0,0,0,1,2,0,1,0,0,0,0,12,102,0,0,2,1,0,0,0,0,1,2,4,8,1,3,0,0,5,0,1,3,0,10,0,2,0,15,0,2,1,0,0,2,0,3,0,0,0,1,0,0,1,4,0,3,0,0,0,0,0,0,0,0,0,0,3,0,0,0,0,3,1,0,0,0,1,1,0,0,0,0,0,0,0,1,0,0,63,10,0,0,0,5,7,18,0,0,0,0,0,0,0,2,0,5,0,0,2,0,2,1,0,20,0,1,4,0,0,0,0,1,0,1,5,0,0,0,0,0,34,0,0,0,0,0,0,1,0,103,7,5,50,0,0,1,0,4,12,0,1,0,0,2,0,71,151,19,1,37,1,1,1,0,50,0,4,0,3,1,7,3,2,22,2,11,64,0,35,1,1,2,2,40,0,0,2,1,137,0,14,7,244,0,5,0,0,0,0,0,0,1,0,0,0,0,0,0,0,14,2,0,0,0,0,3,5,154,2,0,0,52,0,2,1,14,0,0,8,7,13,1,8,2,51,39,11,3,1,0,37,0,6,1,15,14,11,1,1,0,7,0,0,2,0,0,0,0,0,1,0,10,0,24,0,1,0,0,0,7,0,3,2,5,0,0,1,0,0,1,3,0,29,4,0,1,0,62,5,0,1,0,0,4,0,0,0,4,4,0,0,0,0,0,1,1,0,0,2,3,0,0,0,22,2,0,3,0,0,0,1,2,0,1,8,7,0,0,0,0,0,0,0,0,3,6,1,1,0,0,0,0,0,0,0,0,0,12,0,0,1,182,1,0,1,1,1,4,10,118,1,3,11,14,7,17,1,3,1,11,0,0,25,0,0,0,2,1,0,4,0,0,0,118,1,2,6,1,1,17,3,0,0,0,23,2,122,20,11,10,2,16,3,4,0,0,0,0,0,1,0,0,3,0,0,0,0,1,0,1,0,1,0,0,2,3,0,0,0,0,0,0,0,0,0,0,0,0,0,0,0,0,1,1
3,1228,ESCOLA MUNICIPAL GUILHERME LACERDA BRAGA SOBRINHO,"RUA SIMÃO BRANTE, N. 1735",UBERABA,-25.491962,-49.2233689,37,0,1972,1610,100,60,0,7,4,2,22,3,4,0,0,0,28,0,0,0,12,0,0,0,1,5,0,5,0,1,1,0,0,1,0,0,0,0,0,11,0,0,0,0,0,1,0,0,0,1,35,0,90,0,5,0,0,0,1,0,1,0,0,1,3,0,0,0,0,0,0,0,0,0,29,0,1,0,0,9,0,0,0,1,1,0,1,0,0,0,0,0,0,0,0,32,0,2,0,1,0,0,0,0,1,0,0,0,3,0,5,0,0,0,0,0,3,0,0,0,0,0,0,0,5,4,0,1,9,0,0,18,0,2,2,1,2,11,0,19,32,10,6,1,0,1,0,0,29,0,1,0,0,1,0,5,2,0,1,1,0,0,0,0,0,4,0,0,4,0,1,8,0,0,0,1,0,0,0,0,0,0,0,0,0,0,0,0,0,1,36,0,0,0,0,0,0,0,0,1,0,0,6,0,0,0,0,3,0,0,1,2,2,0,1,0,2,0,0,0,0,0,1,1,0,0,0,0,0,0,0,0,1,0,1,0,0,0,0,0,1,0,0,0,0,0,0,0,0,0,3,0,0,0,0,2,0,0,2,0,0,0,0,0,0,0,0,22,0,0,0,0,3,3,0,0,0,0,0,0,0,0,0,0,2,0,0,4,0,0,0,0,6,0,1,2,0,0,0,0,0,0,0,2,0,0,0,0,1,4,0,0,0,0,0,0,3,0,40,0,0,17,5,0,0,0,5,4,1,0,0,0,1,0,19,37,3,0,22,1,2,0,0,17,0,6,1,0,1,1,1,0,3,0,7,13,0,11,0,2,1,2,39,0,0,0,1,63,1,4,2,89,0,0,0,0,0,0,0,0,0,0,0,0,0,0,0,0,12,0,1,0,0,0,0,0,29,0,1,0,6,0,0,0,3,0,0,2,2,6,0,2,1,13,10,0,1,0,0,13,0,2,4,5,0,0,0,0,0,0,0,0,0,0,0,0,0,0,0,0,0,0,1,0,1,0,0,0,0,0,0,0,0,0,0,0,0,1,2,0,0,5,0,0,1,0,23,0,0,0,0,0,0,0,0,0,0,0,0,0,0,0,0,0,1,0,0,0,0,0,0,0,5,0,0,0,0,0,0,0,0,0,0,0,0,0,0,0,0,0,0,0,0,0,10,0,0,0,0,0,0,0,0,0,0,0,2,0,0,0,40,0,0,0,0,0,2,1,25,3,0,2,1,3,2,0,1,11,10,0,0,5,0,0,0,0,0,0,0,0,0,0,45,0,2,10,2,0,7,0,0,0,0,21,0,12,8,5,0,1,3,0,1,0,0,0,0,0,0,0,0,0,0,0,0,0,0,0,0,0,0,0,0,1,0,0,0,0,0,0,0,0,0,0,2,0,0,0,0,0,0,1,0
3,1465,COLÉGIO ESTADUAL ALFREDO PARODI,"RUA ESPIRIDIÃO KALLUF, 125, JARDIM CENTAURO",UBERABA,-25.4939998,-49.2102627,37,0,5589,4350,266,145,0,13,0,16,72,6,2,1,0,3,72,0,1,0,29,0,0,1,4,3,8,10,1,3,0,0,0,3,0,0,2,1,0,46,0,0,1,1,0,0,0,0,23,12,75,0,127,4,2,6,0,0,1,0,3,1,0,1,12,1,2,0,0,1,0,0,0,0,46,0,1,0,0,40,1,0,0,0,1,1,1,0,1,0,4,0,0,0,0,104,0,4,2,3,2,1,0,0,1,0,0,1,2,0,10,0,0,0,0,0,1,0,0,0,0,1,0,0,6,7,0,5,30,1,4,46,0,13,1,0,0,31,1,66,59,60,23,3,0,1,0,3,74,0,6,0,1,7,0,32,2,1,5,4,0,1,0,0,1,5,1,1,14,0,0,27,0,1,0,0,0,0,1,3,0,1,5,0,0,2,0,0,0,10,64,0,0,2,0,1,0,0,0,4,1,0,12,0,1,1,0,2,0,0,8,0,7,1,1,0,16,0,0,1,0,0,0,1,0,1,1,0,0,0,0,2,6,0,2,0,0,1,2,0,0,0,0,0,0,0,1,0,0,0,6,0,0,0,0,1,1,2,0,0,0,1,0,0,1,0,1,60,9,0,1,0,35,13,1,0,0,0,1,0,0,0,1,0,7,0,0,8,0,1,1,0,15,2,1,5,1,0,0,0,0,1,1,10,0,0,0,0,0,6,0,0,0,0,0,0,0,0,112,2,10,50,3,1,6,0,2,9,2,0,0,0,5,0,63,120,9,1,79,6,1,1,2,55,1,56,3,1,2,2,2,2,10,2,2,50,1,26,2,1,6,11,81,0,0,0,5,104,1,11,6,258,0,1,0,0,0,0,0,0,0,0,0,0,0,0,0,0,13,0,0,1,0,0,1,5,81,2,0,0,20,1,2,0,21,0,0,3,3,2,3,9,6,34,22,0,5,0,0,13,1,2,5,43,3,3,0,0,1,3,0,0,0,0,0,0,3,0,0,0,3,0,0,1,3,0,0,0,1,0,2,5,0,0,0,0,1,0,1,0,1,23,2,0,1,0,39,1,2,1,0,0,0,0,0,0,3,5,0,0,0,0,0,2,1,0,0,0,0,0,1,0,7,0,0,7,0,0,0,0,2,0,1,3,0,0,0,0,0,1,0,0,0,0,13,2,3,0,0,0,0,0,0,0,1,1,2,0,1,0,123,0,0,2,0,0,8,2,73,1,0,9,9,5,8,0,0,1,24,0,0,15,2,0,1,2,0,1,0,0,0,0,91,1,0,10,4,2,4,0,3,3,0,82,15,23,23,16,5,2,12,1,5,0,0,0,0,0,0,0,0,0,0,0,1,0,0,1,3,0,0,0,0,4,0,0,0,0,0,0,0,0,0,0,0,0,0,1,0,0,0,5,1
3,1473,COLÉGIO ESTADUAL CONSELHEIRO CARRÃO,"RUA DOUTOR SIMÃO KOSSUBUDSKI, N. 165",UBERABA,-25.4968967,-49.2186733,37,0,4570,3553,296,126,0,14,1,13,48,7,1,0,0,8,66,0,2,1,17,0,0,0,3,1,2,17,0,0,0,2,2,0,0,0,0,1,0,44,2,0,0,0,0,1,0,0,19,6,54,1,217,6,1,0,0,0,0,0,2,0,2,0,14,0,3,0,0,1,0,0,0,0,65,0,3,0,0,38,2,0,0,2,2,0,1,0,2,5,0,0,0,0,0,50,0,5,1,0,2,0,0,0,1,0,0,0,1,1,10,0,0,0,0,0,0,0,0,0,0,0,0,0,4,6,0,2,22,0,3,28,0,8,1,2,1,24,0,45,44,49,32,1,0,0,1,4,47,0,0,1,0,0,0,28,3,0,0,0,0,0,0,0,2,7,0,1,7,0,1,12,0,0,0,1,0,0,0,0,0,0,0,1,0,0,0,0,0,11,53,0,0,0,0,0,0,0,0,9,1,0,24,1,0,0,0,2,0,0,6,1,2,0,1,0,6,1,0,0,0,0,1,0,0,0,0,0,3,1,0,1,8,1,2,0,0,0,0,0,2,0,0,0,0,0,0,0,0,1,7,0,0,0,0,1,0,0,2,0,0,1,0,0,0,0,1,53,4,0,4,0,12,4,11,0,1,0,0,0,0,0,1,0,12,0,0,1,0,0,0,0,10,0,1,5,0,0,0,0,0,0,0,6,1,0,0,0,1,12,1,0,1,0,0,0,2,0,76,1,1,35,1,0,0,0,3,13,3,0,0,0,2,1,32,165,15,0,52,0,2,1,2,37,1,4,1,0,0,2,1,0,1,1,1,38,0,10,2,2,2,8,124,1,2,0,7,141,0,9,8,180,0,2,0,0,0,0,0,0,0,0,0,0,0,0,1,0,15,1,0,0,0,0,0,1,49,0,0,0,13,0,0,0,6,0,0,1,5,6,1,5,3,29,4,1,1,1,0,12,0,2,0,34,3,3,0,0,0,1,0,0,0,0,0,0,1,0,0,0,0,0,1,0,1,0,0,0,2,0,0,0,0,0,1,1,5,0,0,1,2,13,4,0,0,0,33,2,0,1,0,0,0,0,0,0,1,2,0,1,0,0,1,0,0,0,0,0,0,0,0,0,2,0,2,11,0,0,0,0,0,0,1,0,1,0,0,0,0,0,0,0,1,0,7,3,3,0,0,0,0,0,0,0,0,0,1,0,0,0,82,1,0,0,0,0,4,1,38,1,1,4,3,8,2,0,1,10,13,0,0,3,0,0,0,1,2,1,1,0,1,0,52,0,1,6,2,1,5,1,0,0,0,56,1,28,15,4,3,1,12,1,1,0,2,0,1,0,2,0,0,0,0,0,0,0,0,0,0,0,0,0,5,5,0,0,0,0,0,0,0,0,0,0,0,0,0,0,0,0,0,4,0
3,1481,ESCOLA MUNICIPAL DONA LULA,"RUA ELIAS MOYSES SCHELELA, N. 570",UBERABA,-25.4862494,-49.2263934,37,0,2074,1715,130,62,0,6,2,6,34,3,1,0,0,1,23,0,1,1,9,0,0,0,1,0,1,3,1,0,1,0,0,0,1,0,0,0,0,15,0,0,0,1,0,0,0,0,6,7,32,0,80,0,2,1,0,0,1,0,6,0,0,1,4,0,2,0,0,0,0,0,0,2,20,0,0,0,0,15,0,0,0,3,0,1,1,0,1,0,1,0,0,0,0,40,0,6,0,1,0,0,0,0,0,0,0,0,0,0,2,0,0,1,0,0,0,0,0,0,0,0,0,0,4,4,0,1,9,0,0,13,0,3,1,5,1,10,1,29,20,25,6,2,0,0,0,2,22,0,1,0,2,0,0,12,2,0,0,0,0,0,0,0,0,4,0,1,4,0,0,14,0,0,0,1,0,0,0,0,0,0,0,2,0,0,0,0,0,3,26,0,4,0,0,2,1,0,0,19,0,0,5,0,0,0,0,2,0,1,5,0,1,0,3,0,3,0,0,0,0,0,0,0,2,0,0,0,1,0,0,4,0,0,2,0,0,0,0,0,0,0,0,0,0,0,0,0,0,0,0,0,0,0,0,0,0,0,0,0,0,0,0,0,0,0,0,19,3,0,1,1,2,3,4,0,0,0,0,0,0,0,0,0,2,0,0,2,0,0,0,0,7,0,0,3,0,0,0,0,0,0,0,2,0,0,0,1,0,6,0,0,0,0,0,0,3,0,44,2,1,8,2,0,1,0,3,4,0,0,0,0,2,0,15,43,21,0,25,0,0,0,1,18,0,1,0,0,0,3,0,0,1,0,0,13,1,12,0,0,1,1,48,0,2,1,4,58,0,0,1,105,1,2,0,0,0,0,0,0,0,1,0,0,0,0,0,0,2,0,0,1,0,0,0,2,37,0,0,0,7,0,2,0,1,0,0,1,1,3,0,2,2,19,16,1,1,0,0,8,0,0,1,5,1,5,0,0,0,0,0,0,1,0,2,0,2,2,0,0,2,0,0,0,0,0,2,0,0,0,0,0,0,0,0,0,0,0,1,1,0,7,0,0,0,0,11,0,0,0,0,0,6,0,0,0,0,0,0,0,0,0,0,0,0,0,0,0,0,0,0,0,2,0,0,0,0,0,0,0,0,0,0,1,1,0,0,0,0,2,0,0,0,0,3,0,0,0,0,0,0,0,0,0,0,0,1,0,0,0,40,0,0,1,0,0,4,0,44,1,0,4,2,6,0,0,0,7,6,0,0,0,0,0,0,0,0,0,0,0,2,1,45,0,0,4,0,1,2,0,1,0,0,16,0,9,4,1,3,0,10,0,0,0,0,0,0,0,1,0,0,1,0,0,0,0,0,0,0,0,0,0,0,3,0,0,0,0,0,0,0,0,0,0,0,1,0,0,0,0,0,1,0
3,1490,ESCOLA MUNICIPAL PROFESSORA DONATILA CARON DOS ANJOS,"RUA ALVORADA, N. 460, CANAL BELEM",UBERABA,-25.4784883,-49.2392383,37,0,2278,1841,140,75,0,6,4,3,24,2,2,0,1,7,36,1,0,0,8,1,0,0,2,0,0,8,0,0,0,0,0,0,0,0,0,0,0,16,1,0,0,4,0,0,0,0,17,1,36,0,93,0,2,0,0,0,0,0,0,2,5,0,3,0,1,0,1,3,0,0,2,3,26,0,1,0,0,20,0,0,0,0,0,0,1,0,0,3,3,0,0,0,0,33,0,2,2,0,1,1,0,1,1,0,0,0,0,1,0,0,0,1,0,0,0,0,0,0,0,1,0,0,1,1,0,2,8,3,0,16,0,6,0,0,4,17,0,27,25,16,10,1,0,0,0,4,26,0,1,3,0,4,0,9,1,1,5,1,1,2,0,0,0,1,2,1,4,0,0,13,0,0,0,0,0,1,0,0,0,0,0,1,0,0,0,0,0,5,40,0,0,1,0,0,0,0,0,6,0,1,4,0,0,0,1,2,0,0,0,0,4,0,1,0,6,0,0,0,0,0,0,0,0,0,0,0,0,0,0,0,3,0,0,0,0,0,0,0,1,0,0,0,0,0,0,0,0,0,0,0,1,1,0,0,1,0,0,0,0,0,0,0,0,0,0,34,1,0,1,0,1,3,7,0,0,0,3,0,0,1,0,0,7,0,0,1,0,0,1,0,4,2,0,3,0,0,0,0,0,0,0,0,0,0,0,0,2,1,0,0,0,0,0,0,2,0,46,0,1,12,0,0,0,0,3,5,1,0,0,0,4,0,22,35,11,0,29,0,0,0,0,17,0,2,0,0,0,6,0,0,8,0,1,21,0,8,0,0,3,2,49,0,2,0,7,52,0,10,7,91,0,1,0,0,0,0,0,0,0,0,0,0,0,0,0,0,4,0,0,0,0,0,0,3,49,7,0,0,3,0,1,0,3,0,0,1,2,5,0,10,0,8,8,0,2,1,0,7,0,0,0,6,1,1,0,0,1,0,0,0,0,0,0,0,1,1,0,0,0,0,1,0,1,0,0,0,0,0,0,0,0,0,0,0,0,0,0,0,0,10,0,0,0,0,9,2,0,0,0,0,2,0,0,0,2,0,0,0,0,0,2,0,0,0,0,0,1,1,0,0,8,0,0,1,0,0,0,0,0,0,0,1,1,0,0,0,0,0,0,0,0,0,4,0,0,0,0,2,1,0,0,0,1,0,0,0,0,0,54,0,0,2,1,0,5,2,49,0,0,0,5,5,1,0,3,3,13,0,0,3,0,0,0,0,0,0,0,0,0,0,22,1,0,6,0,0,9,0,0,0,0,20,1,6,7,1,0,3,4,0,1,0,0,0,0,0,0,0,0,0,0,0,0,0,0,0,0,0,0,0,0,2,0,0,0,0,0,0,0,0,0,0,0,1,0,0,0,0,0,2,0
3,1503,ESCOLA MUNICIPAL C.E.I. ISSA NACLI,"RUA CAPITÃO LEÔNIDAS MARQUES, N. 2147, UBERABA DE CIMA",UBERABA,-25.4818283,-49.2133917,37,0,5518,4473,242,130,0,21,2,16,73,9,1,0,0,12,76,2,2,0,24,1,1,1,3,4,3,18,1,1,1,0,1,1,0,0,0,2,0,39,1,1,0,0,0,3,0,0,25,8,88,1,144,1,0,1,0,0,4,0,6,1,2,0,16,0,4,0,0,3,1,0,0,0,35,0,1,0,0,48,0,0,1,4,2,2,3,0,0,3,7,0,0,0,0,113,0,7,1,3,2,0,0,1,1,0,0,0,6,0,37,0,0,13,0,0,3,0,0,0,0,0,0,2,6,12,0,2,35,0,0,52,0,10,0,3,9,32,0,62,52,57,35,5,0,3,1,3,56,1,2,1,4,8,0,25,2,1,3,4,1,1,1,0,0,6,1,3,10,1,4,19,0,0,0,0,0,0,0,1,0,0,1,0,0,0,0,0,0,13,70,0,0,0,0,0,1,0,0,2,2,6,6,0,0,0,0,2,0,3,7,0,5,1,1,0,13,1,0,2,0,0,0,1,0,3,3,0,1,0,0,4,6,0,3,0,0,0,0,0,0,0,0,0,0,0,0,0,0,0,2,0,0,0,0,0,2,1,0,0,0,0,0,0,0,0,0,79,7,1,0,0,6,17,5,0,1,0,0,0,0,0,0,0,4,0,0,12,0,1,0,0,21,2,0,6,1,0,0,0,1,1,1,6,0,0,0,0,0,8,1,2,0,1,0,0,1,0,116,2,4,57,2,0,1,0,1,7,1,1,0,0,3,0,41,98,25,2,69,1,1,0,2,54,2,3,1,0,1,7,1,2,14,0,3,45,0,40,4,1,0,4,109,0,4,1,2,108,2,10,9,287,0,0,0,0,0,0,2,0,0,0,0,0,0,0,0,1,27,0,0,0,0,0,0,2,125,3,1,1,27,0,1,1,33,0,0,2,5,15,0,13,4,41,28,6,1,0,0,35,0,2,0,27,2,6,0,0,0,0,0,0,2,0,1,0,0,0,2,0,1,0,1,0,6,0,0,0,0,0,3,0,0,0,0,0,6,0,1,0,0,23,0,0,3,1,42,4,0,0,0,0,2,1,0,0,2,0,0,0,0,0,0,0,0,0,0,0,0,3,0,0,8,0,0,1,0,0,0,0,0,0,0,1,1,0,0,0,0,1,0,0,0,0,14,0,1,0,0,0,1,0,0,1,0,0,1,0,0,0,96,0,0,1,0,0,6,3,69,7,0,5,12,12,24,0,1,4,14,2,0,13,0,0,1,4,2,1,5,0,1,0,119,1,1,15,0,0,22,0,0,0,0,66,4,33,13,15,1,1,11,6,2,0,0,0,0,0,1,0,0,2,0,0,0,0,0,0,0,0,0,0,0,5,0,1,0,0,0,0,0,0,0,0,0,0,0,1,0,0,0,3,1
3,1511,ESCOLA MUNICIPAL PROFESSOR JOÃO  MACEDO FILHO,"RUA ULISSES JOSÉ RIBEIRO, N. 410",UBERABA,-25.4718629,-49.2275497,22,0,2329,1926,112,59,0,2,0,7,23,5,2,0,0,1,31,0,0,0,15,2,2,0,2,0,1,2,1,0,0,0,0,0,0,0,0,0,0,9,1,1,0,0,0,0,0,0,8,2,42,0,67,3,2,5,0,0,1,0,0,1,1,1,4,0,0,0,1,0,0,0,0,17,11,0,2,0,0,11,0,0,0,1,0,0,1,0,0,0,4,0,0,0,0,71,0,8,0,2,0,0,0,0,0,0,0,0,3,0,3,0,0,2,0,0,0,0,0,0,0,0,0,0,3,3,0,0,15,0,1,21,0,1,0,1,4,8,0,27,23,16,9,2,0,0,0,0,19,0,1,0,0,1,0,14,2,0,1,1,0,0,0,0,2,2,2,4,8,0,0,19,0,0,0,0,0,0,0,1,0,0,0,0,0,0,0,0,0,4,21,0,0,1,0,0,0,0,0,1,2,0,7,1,0,0,0,0,0,0,5,0,0,0,3,0,9,0,0,0,0,0,0,0,0,0,0,0,3,0,0,1,5,0,0,0,0,0,0,0,0,0,0,0,0,0,0,0,4,0,1,0,0,0,0,0,0,0,0,0,0,0,0,0,0,0,0,24,9,0,0,0,5,5,2,0,1,0,0,1,0,0,0,0,2,0,0,1,0,0,0,0,5,0,0,2,0,0,0,0,0,0,0,1,0,0,0,0,0,9,0,0,0,0,0,0,1,0,63,1,0,17,1,0,0,0,0,1,0,0,0,0,3,1,45,36,13,0,15,0,1,0,0,13,0,5,0,1,0,1,0,0,5,0,1,16,0,21,4,0,0,4,22,0,2,0,0,76,0,1,2,123,2,0,0,0,0,0,0,0,0,0,0,0,0,0,0,0,3,2,0,0,0,0,0,0,58,1,1,0,12,0,4,0,15,0,0,2,0,4,2,3,2,22,14,1,2,0,0,15,2,0,1,6,0,5,0,0,1,1,0,0,0,0,0,0,0,0,0,0,1,0,0,0,0,0,0,0,1,0,2,0,0,0,0,0,0,0,1,0,0,5,0,0,1,0,10,3,0,0,0,0,5,0,0,0,0,0,0,0,0,0,0,0,0,0,0,0,0,1,0,0,5,0,0,3,0,0,0,0,0,0,2,0,0,0,0,0,0,0,0,0,0,0,8,0,0,0,0,1,0,2,0,0,1,0,4,0,0,0,34,0,0,0,0,0,1,0,109,3,0,9,3,6,2,0,1,0,10,1,0,3,0,0,1,1,0,1,0,0,0,0,42,0,0,4,0,0,1,1,0,0,0,24,2,12,7,4,0,0,2,2,0,0,0,0,0,0,4,0,0,1,0,0,0,0,0,0,0,0,1,0,0,3,0,0,0,0,0,0,0,0,0,0,0,0,0,0,0,0,0,1,0
3,1546,ESCOLA ESTADUAL SÃO PAULO APÓSTOLO,"RUA CORONEL JOSÉ CARVALHO DE OLIVEIRA, N. 1275",UBERABA,-25.481771,-49.226886,37,0,6294,5114,307,190,0,18,2,12,72,7,2,0,0,7,68,1,4,1,33,1,3,2,5,1,2,27,4,0,3,0,0,0,0,0,0,0,0,54,0,0,1,9,0,0,0,0,19,13,101,0,183,5,5,1,0,0,0,0,5,1,4,1,18,0,3,0,0,0,0,0,0,7,69,0,3,0,0,37,0,0,0,3,4,0,4,0,0,2,2,0,0,0,0,131,0,4,1,4,1,0,0,0,2,0,0,0,1,0,9,0,1,1,0,0,0,0,0,0,0,0,1,0,11,9,1,3,45,0,6,54,0,8,2,3,10,40,0,82,81,59,23,2,0,0,0,1,74,0,5,0,1,0,1,33,1,1,5,2,0,0,0,0,0,4,0,1,11,0,2,27,0,1,0,0,0,0,0,0,0,1,1,1,1,0,0,2,0,15,91,0,0,0,0,0,0,1,0,24,0,1,6,2,0,0,0,4,0,1,4,0,4,0,3,0,20,0,0,1,0,0,1,0,1,1,2,0,0,0,0,1,4,0,3,1,0,0,0,0,0,1,0,0,0,0,0,0,0,0,2,0,0,0,0,0,3,0,0,0,0,0,0,0,0,0,0,84,18,0,1,0,16,9,16,0,1,0,0,0,0,0,0,0,4,0,0,5,0,4,2,0,17,0,5,4,0,0,0,0,3,2,0,9,0,0,0,1,1,14,0,0,0,0,0,0,6,0,137,6,8,65,3,0,0,0,0,10,1,0,0,1,5,2,69,111,26,0,79,1,1,0,0,50,0,2,0,0,0,12,3,0,8,0,3,26,0,42,0,2,1,6,134,0,5,1,8,142,0,5,15,294,3,2,0,0,0,1,0,0,0,0,0,0,0,0,0,0,9,2,0,0,0,0,0,3,135,6,2,0,28,0,2,1,18,0,0,6,2,17,0,14,5,40,31,5,4,0,0,28,0,1,1,11,4,5,0,0,1,0,0,0,0,0,1,1,4,0,0,0,6,0,0,0,1,0,0,0,0,0,0,0,1,0,0,0,0,0,3,3,0,27,0,0,0,0,31,0,0,3,1,0,6,0,0,0,1,0,0,0,0,0,0,2,0,0,0,0,3,3,0,0,13,0,0,3,1,0,0,4,1,0,0,0,1,0,0,0,0,0,0,2,1,0,34,0,0,0,0,1,0,0,0,0,1,0,1,0,0,0,168,1,0,1,3,0,5,5,231,2,0,2,9,7,7,0,4,4,16,1,0,16,0,0,0,1,1,1,0,1,0,0,135,0,0,11,2,1,4,0,1,0,0,46,4,20,10,8,3,1,16,2,3,0,1,0,0,1,1,0,0,0,0,0,1,0,0,0,1,0,0,0,0,4,0,0,0,0,0,0,1,0,0,0,0,0,0,0,0,0,0,4,0
3,1562,CRECHE MUNICIPAL TRINDADE,"RUA DA TRINDADE, N. 368, VILA TRINDADE",CAJURU,-25.4468603,-49.2058718,21,0,2010,1584,126,48,0,9,0,6,29,4,4,4,0,1,19,2,0,0,3,0,0,0,2,0,0,7,0,0,0,0,0,0,0,1,0,0,0,23,0,1,0,0,0,0,0,0,12,1,83,0,34,0,0,1,0,0,1,0,0,0,0,0,2,0,0,0,0,0,0,0,0,0,12,0,0,0,0,18,0,0,0,0,1,0,0,0,0,0,0,0,0,0,0,26,0,1,0,2,0,0,0,1,0,0,0,0,1,0,3,1,0,1,0,0,1,0,0,0,0,0,0,0,4,1,1,0,12,0,0,11,0,8,1,2,0,9,0,33,18,24,10,0,0,0,0,2,22,0,1,0,0,2,0,6,0,0,1,0,0,0,0,0,0,2,0,2,4,0,0,4,0,0,0,0,0,0,1,1,0,0,2,1,0,0,0,0,0,1,26,0,0,0,0,0,0,0,0,5,0,1,6,0,2,0,0,0,0,1,2,0,3,0,1,0,5,0,0,25,0,0,0,0,0,0,0,0,0,0,0,1,0,0,0,0,0,0,0,0,0,0,0,0,0,0,0,0,0,0,0,0,0,0,0,0,0,0,0,0,0,0,0,0,0,0,0,12,1,0,0,0,5,1,6,0,1,0,0,0,0,0,0,0,4,0,0,1,0,0,2,0,5,0,1,3,0,0,0,0,0,0,0,2,0,0,0,0,0,9,0,0,0,0,0,0,0,0,37,3,0,5,1,2,0,0,8,2,0,1,0,0,1,1,20,50,6,0,7,0,1,0,1,19,0,4,0,0,0,3,1,0,3,1,0,32,0,14,0,0,0,1,7,0,1,0,3,64,0,4,1,76,0,0,0,0,0,0,0,0,0,0,0,1,0,0,0,0,6,0,0,0,0,0,0,0,34,1,0,0,11,0,0,0,8,0,0,1,1,1,0,1,1,9,9,0,0,0,0,14,0,1,0,13,2,2,0,0,1,0,0,0,0,0,0,0,0,0,0,0,0,0,1,0,3,0,1,0,0,0,0,0,0,0,0,0,0,0,0,2,0,9,0,0,0,0,20,1,0,0,0,0,0,0,0,0,2,1,0,0,0,0,0,1,0,0,0,0,3,0,0,0,0,0,0,1,0,0,0,1,0,0,0,1,0,0,0,0,0,0,0,0,0,0,1,3,0,0,0,0,0,0,0,2,0,0,1,1,0,0,26,0,0,0,0,0,5,5,18,0,0,2,1,2,1,2,0,0,4,0,0,2,1,0,0,0,0,1,0,0,0,1,44,0,1,10,0,0,1,0,1,1,0,20,3,43,6,5,1,0,6,0,0,0,0,0,0,0,3,0,0,0,0,0,0,0,0,0,2,0,0,0,0,5,0,0,0,0,0,0,0,0,0,0,0,0,0,0,0,1,0,0,0
3,1589,ESCOLA MUNICIPAL ELZA LERNER,"RUA LUIZ FRANÇA, 2873, VILA CAMARGO",CAJURU,-25.4620287,-49.2149374,21,0,4246,3543,244,131,0,11,1,11,64,6,4,0,0,6,60,0,3,2,15,1,0,0,1,3,2,19,0,1,1,0,3,0,0,0,1,0,0,62,2,2,0,1,0,0,0,0,13,9,84,0,109,0,7,2,0,0,2,0,0,2,2,1,11,1,8,2,0,1,2,0,1,0,45,0,2,0,0,51,0,0,0,6,0,1,0,2,0,0,7,0,2,0,0,85,0,10,0,2,0,0,0,0,0,0,0,0,4,0,11,0,0,7,0,0,1,0,0,0,0,2,0,0,15,3,0,0,20,0,1,39,0,17,1,3,5,22,0,46,35,60,12,2,0,0,0,0,61,0,0,1,1,1,0,24,2,0,4,2,0,5,1,0,0,3,0,2,9,0,0,20,0,2,0,0,0,0,0,3,0,0,1,0,1,1,0,0,0,3,88,0,0,1,0,0,0,0,0,0,0,0,18,1,0,0,0,0,0,0,3,0,11,0,0,0,13,0,0,8,0,0,11,0,4,1,3,0,0,0,0,2,1,0,3,0,0,0,0,0,0,0,0,0,0,0,0,0,0,0,3,0,0,0,0,0,0,0,1,0,0,0,0,0,0,0,0,41,3,0,0,0,8,8,6,2,1,0,0,0,0,0,0,0,4,0,0,1,4,0,2,0,15,0,0,3,2,0,0,0,0,0,1,6,0,0,0,0,5,32,0,0,0,0,0,0,1,0,92,2,3,37,1,1,0,0,5,3,1,0,0,1,0,0,48,75,8,0,35,0,0,0,1,41,0,3,0,0,0,14,0,0,8,0,5,25,1,18,2,1,1,0,23,0,4,1,1,111,2,3,3,182,0,1,0,0,0,0,0,0,2,0,0,2,0,1,0,0,15,0,0,1,1,0,2,5,106,3,1,0,22,0,1,0,14,0,0,3,4,10,1,8,0,17,15,2,1,0,0,25,0,0,1,40,2,0,0,3,0,4,0,0,0,0,1,0,2,0,2,0,3,0,2,0,0,0,1,0,0,0,2,1,0,0,0,0,0,0,0,0,0,18,7,0,0,0,30,2,0,1,0,0,3,0,0,1,7,2,0,0,0,0,0,1,0,0,0,0,0,0,0,0,4,0,0,4,0,0,0,0,0,0,0,2,1,0,0,0,0,0,0,0,0,6,4,0,0,0,0,0,0,0,0,0,0,0,0,0,0,0,74,3,0,0,0,0,6,6,45,2,0,3,12,5,10,0,2,0,16,0,0,9,1,0,0,1,1,1,0,1,0,0,83,0,0,10,0,3,3,1,0,3,0,46,0,42,11,36,2,0,11,1,6,0,0,0,0,1,2,0,0,0,0,0,0,1,0,0,1,0,0,0,0,0,0,0,0,0,0,1,0,0,0,0,0,0,0,0,0,0,0,2,0
3,1597,ESCOLA MUNICIPAL C.E.I.  RITTA ANNA DE CÁSSIA,"RUA FORTALEZA, N. 1343, VILA CAMARGO",CAJURU,-25.4583125,-49.2045366,21,0,3371,2691,227,119,0,20,1,13,53,7,7,0,0,8,35,1,0,0,14,0,0,0,2,1,3,11,0,1,0,0,0,2,0,1,0,0,1,39,0,8,0,3,0,0,0,0,21,2,81,0,91,1,1,0,1,0,0,0,1,2,0,2,0,0,1,0,0,1,0,0,0,0,44,0,2,0,0,27,1,0,0,1,1,0,2,0,0,0,1,0,0,0,0,24,0,10,0,3,0,0,0,0,0,0,0,0,0,0,4,0,0,3,0,0,0,0,0,0,0,0,1,0,4,10,0,0,12,1,0,20,0,9,0,3,2,24,1,56,21,51,6,2,0,1,0,0,34,1,1,1,0,4,0,14,0,2,3,0,0,0,0,0,0,6,0,0,6,0,0,9,0,1,0,1,0,0,1,0,0,1,0,0,0,0,0,0,0,4,41,0,0,1,1,0,1,0,0,4,0,0,5,1,1,0,0,2,0,0,8,0,3,0,3,0,29,0,0,4,0,0,5,0,11,0,0,0,0,0,0,0,2,0,3,0,0,0,0,0,0,0,0,0,0,0,0,0,0,0,0,0,0,0,0,0,1,0,0,0,0,0,0,0,0,0,0,34,3,0,2,0,4,3,6,3,0,0,0,0,0,0,0,0,3,0,0,1,0,0,0,0,6,0,9,5,0,0,3,0,0,0,0,1,0,0,0,0,3,37,0,0,0,0,0,0,1,0,55,0,8,26,1,0,0,0,0,3,0,0,0,0,4,0,36,101,2,0,26,0,0,0,1,33,1,2,0,1,0,6,0,0,2,0,1,38,0,22,0,0,0,3,16,1,1,3,9,71,0,3,1,138,2,1,0,0,0,0,0,0,1,0,0,0,1,0,0,0,2,1,1,0,0,0,0,4,74,2,0,0,9,0,2,0,3,0,0,0,2,5,0,2,6,8,11,0,0,0,1,3,0,3,1,22,5,0,0,0,0,0,0,0,0,0,0,0,0,0,0,0,0,0,2,0,0,0,0,0,0,2,3,0,1,0,0,0,0,0,1,0,0,6,2,0,0,0,26,1,1,0,0,0,1,0,0,0,2,3,0,0,0,0,0,1,2,0,0,1,0,0,0,2,1,0,0,3,0,0,0,0,0,0,0,0,0,0,0,0,0,0,0,0,0,1,3,0,1,0,1,0,0,0,0,0,0,3,3,0,0,0,63,0,0,1,0,0,2,8,21,0,0,2,1,4,3,0,0,8,3,1,0,4,1,0,2,2,0,1,0,1,0,0,57,0,0,5,0,1,1,0,0,1,0,87,0,44,9,14,2,0,8,0,0,0,0,0,0,0,1,0,0,1,2,0,0,0,0,0,0,0,0,0,0,0,0,0,0,0,0,0,0,1,0,0,0,1,0,0,0,0,0,0,0
3,1600,ESCOLA BANDEIRANTES,"RUA CUIABÁ, N. 1284, VILAS OFICINAS",CAJURU,-25.4546388,-49.2098731,21,0,2826,2342,137,90,0,9,2,6,23,2,2,0,0,2,34,1,0,1,15,1,0,1,0,1,2,13,1,0,0,0,0,0,0,0,0,0,0,18,2,2,0,0,0,2,0,1,14,5,66,0,69,0,4,0,0,1,1,0,0,0,1,0,3,0,2,0,0,1,0,0,0,0,20,0,1,0,1,29,0,0,0,0,0,1,2,0,0,0,1,0,0,0,1,56,0,5,0,1,2,0,0,1,0,0,0,0,1,0,4,0,0,8,0,0,0,0,0,0,0,0,1,0,3,1,0,1,6,1,2,26,0,5,0,1,4,10,0,37,31,27,10,1,0,0,1,1,30,0,0,0,0,5,0,18,0,0,0,1,0,0,0,0,1,4,0,2,3,0,0,11,0,1,0,0,0,0,0,1,0,0,1,1,0,0,0,0,0,2,37,0,0,0,0,0,0,0,0,2,1,1,11,0,3,0,0,0,0,0,3,0,4,0,12,0,7,0,0,10,0,0,1,0,1,2,1,0,0,0,0,1,3,0,4,0,0,0,0,0,0,0,0,0,0,0,0,0,0,0,0,0,0,0,0,0,0,0,0,0,0,0,0,0,0,1,0,36,1,0,1,0,4,3,13,0,0,0,0,0,0,1,2,0,1,0,0,4,0,1,2,0,9,0,6,3,0,0,0,0,0,1,1,8,0,0,0,2,0,24,1,0,0,0,0,0,0,0,65,1,4,26,3,0,1,0,1,7,3,1,0,0,1,1,44,66,11,0,20,0,0,0,0,39,1,3,1,0,0,0,1,1,8,1,1,25,0,32,2,0,4,5,17,2,1,0,1,63,1,5,5,125,0,1,0,0,0,0,0,0,0,0,0,0,0,0,0,0,11,0,0,0,0,0,0,1,45,0,0,1,20,2,1,0,7,0,0,0,3,6,0,4,2,9,16,0,1,0,0,9,0,0,1,24,4,3,0,0,0,3,0,0,0,0,0,0,0,0,2,0,2,0,0,0,1,0,0,0,0,0,2,0,0,0,0,0,1,0,0,0,0,19,1,0,0,0,28,0,0,1,0,0,1,0,0,0,3,0,0,0,0,0,0,0,0,0,0,0,1,0,0,0,3,0,0,2,0,0,0,0,0,0,0,0,1,0,0,0,0,0,1,0,0,2,1,0,0,0,0,0,0,0,0,1,0,0,0,0,0,0,58,0,0,1,0,0,6,7,27,2,1,1,4,4,2,0,1,0,8,1,0,2,0,0,0,2,1,1,0,0,0,0,45,0,1,3,0,2,6,0,0,0,0,31,4,73,8,14,4,0,14,0,1,0,0,0,0,2,1,0,0,0,0,0,0,1,0,0,0,0,0,0,0,6,0,0,0,0,1,0,0,0,0,0,0,0,0,0,0,1,0,1,0
3,1643,COLÉGIO ESTADUAL ANÍBAL KHURY NETO,"RUA AVELINO MONTOVANI, N. 430",UBERABA,-25.485648,-49.2040755,37,0,4480,3439,373,137,0,23,3,8,62,7,2,0,0,3,54,1,0,1,18,1,0,0,4,3,1,13,1,1,2,0,0,1,0,0,0,0,0,55,0,1,0,0,0,3,0,0,28,9,61,0,61,0,1,0,0,0,2,0,4,1,0,2,7,1,0,0,0,0,0,0,0,0,53,0,0,0,0,28,0,0,0,2,0,0,1,1,0,1,1,0,1,0,0,48,0,7,0,3,1,0,0,0,1,0,0,0,0,0,6,0,0,3,0,0,0,0,0,0,0,0,0,1,4,8,0,4,20,2,1,32,0,3,0,1,4,28,0,60,30,66,13,5,0,0,0,7,71,0,6,0,1,4,0,36,1,1,1,3,0,2,1,1,1,0,0,4,16,0,0,25,0,0,0,1,0,0,0,5,0,0,1,1,0,0,0,1,0,6,38,0,1,1,0,0,0,0,0,4,2,0,15,0,1,1,0,5,0,0,11,1,1,0,3,0,7,0,0,0,0,0,2,0,6,0,1,0,2,0,0,1,5,0,1,0,0,0,0,0,0,0,0,0,0,0,0,0,1,0,0,0,0,0,0,0,1,0,0,0,0,1,0,0,0,0,0,76,6,0,2,0,9,2,6,3,2,0,0,0,0,0,0,0,3,0,0,6,0,0,1,0,12,0,0,4,1,0,0,0,1,0,0,3,0,0,0,2,0,10,0,2,0,1,1,1,1,0,71,2,3,20,2,0,0,0,7,7,4,0,0,0,7,2,41,185,4,0,43,1,1,0,3,44,1,6,0,0,1,8,1,0,4,0,1,39,1,18,1,1,5,4,114,0,0,0,6,83,0,5,0,173,1,0,0,0,0,0,0,0,0,0,0,0,1,0,0,0,8,0,0,0,0,0,0,1,66,0,2,0,9,2,0,0,7,0,1,3,3,6,0,10,0,13,10,0,0,0,0,9,0,0,1,47,2,2,0,0,0,1,0,0,0,0,0,0,0,1,2,0,1,0,0,0,0,0,0,0,5,0,3,0,0,0,0,0,0,2,3,1,0,11,1,0,1,1,20,2,2,0,0,0,3,0,0,0,2,2,0,0,0,0,0,1,0,0,1,0,3,0,1,0,2,0,0,6,0,1,0,0,4,0,0,0,0,0,0,0,0,1,0,0,0,0,6,0,0,0,0,0,0,0,1,0,0,0,0,0,0,0,81,0,0,1,2,0,11,6,14,5,1,5,7,6,7,0,1,0,7,0,0,13,0,0,0,0,2,0,1,0,0,0,39,0,0,8,0,2,4,1,0,0,0,50,0,55,6,13,3,0,5,1,2,0,0,0,0,0,3,0,0,0,0,0,0,0,0,0,0,0,0,0,0,2,0,0,0,0,0,0,0,0,0,0,0,0,0,0,0,2,0,2,0
3,2054,ESCOLA MUNICIPAL MICHEL KHURY,"RUA ADHMAR VIEIRA DE ARAÚJO, N. 457",UBERABA,-25.4894074,-49.2024472,37,0,2641,2053,255,94,0,17,3,10,44,3,2,0,1,1,27,1,0,0,13,2,0,0,1,2,1,11,0,0,0,0,3,0,0,0,0,0,0,46,0,1,0,0,0,4,0,0,9,2,31,0,51,1,0,0,0,0,2,0,0,0,0,0,9,0,0,0,0,3,1,0,0,0,16,0,2,0,0,20,0,0,0,0,0,0,0,2,0,1,1,0,0,0,0,26,0,1,0,1,0,0,0,0,0,0,0,0,1,1,1,0,0,2,0,0,1,0,0,0,0,0,0,0,1,4,0,0,21,0,1,20,0,3,0,1,2,17,0,42,19,42,5,2,0,0,0,1,52,0,0,1,0,1,0,10,0,0,1,2,0,1,0,0,1,3,0,0,1,0,0,7,0,0,0,3,0,0,0,1,0,1,0,1,0,0,0,1,0,2,26,0,0,1,0,0,0,0,0,2,0,0,3,4,0,0,0,0,0,0,5,0,1,0,0,0,2,0,0,0,0,0,0,0,1,1,0,0,0,0,0,4,4,0,3,0,0,0,0,0,0,0,0,0,0,0,0,0,0,0,1,0,0,0,0,0,0,0,0,0,0,2,0,0,0,0,0,59,3,0,2,0,8,2,2,0,2,0,0,0,0,0,0,0,3,0,0,3,0,0,0,0,5,0,1,5,1,0,0,0,0,0,0,8,0,0,0,1,0,5,0,0,0,0,0,0,0,0,29,4,0,13,0,0,0,0,3,2,0,0,0,0,2,0,20,125,5,0,29,0,1,0,2,32,3,3,0,0,0,2,0,0,1,0,0,32,0,8,1,0,0,10,33,0,1,0,5,67,1,1,3,83,0,0,0,0,0,0,0,0,0,0,0,0,0,0,0,0,3,0,0,0,0,0,0,0,46,0,2,0,1,1,0,1,2,0,0,1,0,3,0,4,1,5,8,2,0,0,0,8,1,2,0,41,0,1,0,0,0,0,0,0,1,0,0,0,0,0,0,0,0,0,0,0,0,0,0,0,1,0,1,0,0,0,0,0,2,0,0,0,0,6,1,0,0,1,20,0,0,0,0,0,0,0,0,0,0,2,0,0,0,0,0,0,0,0,3,0,0,0,0,0,2,0,0,2,0,0,2,0,0,0,0,0,0,3,0,0,0,1,0,0,0,0,5,0,0,0,0,0,0,0,0,0,0,0,1,0,0,0,19,0,0,3,0,0,7,4,14,1,0,0,6,1,4,0,1,0,1,0,0,6,0,0,0,0,0,0,0,0,1,0,30,0,0,2,0,0,1,0,0,0,0,33,1,30,6,3,0,0,0,0,0,0,0,0,0,0,0,0,0,0,0,0,0,1,0,0,0,0,0,0,0,1,0,0,0,0,0,0,0,0,0,0,0,0,0,0,0,1,0,1,0
3,2062,ESCOLA MUNICIPAL RACHEL MADER GONÇALVES,"RUA GUSTAVO BARROZO GONÇALVES, 26",UBERABA,-25.4867833,-49.200175,37,0,1592,1277,162,48,0,8,2,3,22,4,1,0,1,2,19,0,0,0,6,0,0,0,2,1,1,6,0,0,0,1,0,0,0,0,0,0,0,20,2,0,0,0,0,0,0,0,8,2,27,0,28,0,0,0,0,0,1,0,0,0,0,0,6,0,0,0,0,0,0,0,0,0,14,0,1,0,1,13,0,0,0,0,0,0,0,0,0,0,1,0,0,0,0,10,0,1,0,2,1,0,0,0,0,0,0,0,1,0,1,0,0,0,0,0,0,0,0,0,0,0,0,0,1,5,0,2,3,0,3,11,0,5,0,0,5,2,0,21,9,28,1,1,0,0,3,0,40,0,0,0,0,1,0,5,0,0,0,0,0,0,0,0,0,0,1,3,2,0,1,3,0,0,0,1,0,0,0,0,0,0,0,0,0,1,0,0,0,2,6,0,0,0,0,0,0,0,0,2,2,0,1,0,0,0,0,2,0,0,2,0,1,0,0,0,1,0,0,0,0,0,2,0,1,0,0,0,0,0,0,1,1,0,0,0,0,0,0,0,0,0,0,0,0,0,0,0,3,0,0,0,0,0,0,0,1,0,0,0,0,0,0,0,0,0,0,30,1,0,0,0,1,0,5,0,1,0,0,0,0,0,0,0,3,0,0,4,0,0,1,0,3,0,0,0,1,0,0,0,1,0,0,2,0,0,0,1,0,7,0,0,0,0,0,0,0,0,24,0,0,5,0,0,0,0,4,0,0,0,0,0,0,0,10,150,0,0,11,0,0,0,2,18,0,3,0,0,0,2,0,0,1,0,2,24,0,4,1,0,3,0,16,0,1,0,5,31,0,5,0,38,0,0,0,1,0,0,0,0,0,0,0,0,0,0,0,0,2,0,0,0,0,0,0,1,25,0,0,0,0,2,0,0,1,0,0,0,3,2,0,1,2,1,0,0,1,0,0,4,0,0,0,34,2,0,0,1,0,0,0,0,0,0,0,0,1,0,0,0,0,0,0,0,0,0,0,0,0,0,1,0,0,0,0,0,4,0,0,0,0,2,0,0,0,0,9,0,0,0,0,0,0,0,0,0,2,0,0,0,1,0,0,0,0,0,0,0,1,2,0,0,2,0,0,0,0,0,0,0,2,0,0,0,0,0,0,0,0,0,0,0,0,0,2,0,0,0,0,0,0,0,0,0,0,0,2,0,0,0,19,2,0,1,0,0,2,4,10,0,0,1,3,1,1,0,0,0,3,0,0,2,0,0,0,0,1,1,1,0,0,0,10,0,0,0,1,0,3,0,0,0,0,17,0,32,1,3,2,0,3,0,0,0,0,0,0,0,0,0,0,2,0,0,0,0,0,0,0,0,0,0,0,0,0,0,0,0,0,0,0,0,0,0,0,0,0,0,0,0,0,1,0
3,2070,ESCOLA MUNICIPAL PROFESSORA MARIA DE LOURDES LAMAS PEGORARO,"RUA JOÃO ALVES DE ARAÚJO, N. 273, SOLITUDE",CAJURU,-25.4749438,-49.1961333,21,0,1520,1256,120,48,0,4,4,8,16,1,6,1,0,4,21,0,0,0,10,2,0,0,0,3,1,5,0,0,1,0,0,0,0,0,0,0,0,13,0,0,0,0,0,0,0,0,17,5,25,0,24,0,2,0,0,0,0,0,0,0,0,1,7,0,0,0,0,0,0,0,0,0,13,0,0,0,0,27,0,0,0,0,1,0,0,0,0,0,0,0,0,0,0,17,0,2,1,1,1,0,0,0,0,0,0,0,0,0,4,0,0,3,0,0,0,0,0,0,0,0,0,0,1,4,1,0,7,0,0,10,0,5,1,1,1,4,0,18,12,38,1,0,1,0,0,2,8,1,0,0,1,3,0,5,1,0,0,1,0,0,0,0,0,1,0,0,4,0,1,4,0,0,0,0,0,0,0,0,0,0,0,1,0,0,0,0,0,3,19,0,0,0,0,0,0,0,0,0,0,0,4,1,0,0,0,0,0,1,0,0,1,1,3,0,9,0,0,0,0,0,0,1,0,0,0,0,0,0,0,0,2,0,0,0,0,0,0,0,0,0,0,0,2,0,0,0,0,0,0,0,0,0,0,0,0,0,0,0,0,0,0,0,0,0,0,12,4,0,0,0,5,1,2,0,0,0,0,1,0,3,0,0,0,0,0,2,0,0,0,0,5,0,0,4,0,0,0,0,0,1,0,2,0,0,0,0,0,4,0,0,0,0,0,0,0,0,33,0,5,15,0,0,0,0,1,3,2,0,0,0,1,0,14,49,2,0,17,4,0,0,0,15,0,2,1,0,0,2,0,0,2,0,0,26,0,3,3,0,0,0,4,0,0,0,0,40,1,0,0,65,0,0,0,0,0,0,0,0,0,0,0,0,0,0,0,0,2,0,0,0,0,0,0,0,19,1,0,1,5,0,0,0,2,0,0,0,0,3,0,1,1,5,1,1,0,0,0,6,0,0,1,77,0,0,0,0,0,0,0,0,0,0,0,0,0,0,0,0,1,0,0,0,0,0,0,0,0,0,0,0,0,0,0,0,0,0,0,2,0,6,0,0,0,0,13,0,0,0,0,0,0,0,0,0,0,0,0,0,0,0,0,1,0,0,0,0,0,0,1,0,5,0,0,1,0,0,0,1,0,0,0,0,0,0,0,0,0,0,0,0,0,0,0,0,0,0,0,0,0,0,0,0,0,0,1,0,0,0,24,0,0,0,1,0,0,1,9,0,0,1,3,1,3,0,0,0,6,0,0,1,0,0,0,0,0,0,0,4,0,0,19,0,0,1,0,0,0,0,0,0,0,23,0,27,4,3,0,0,0,0,0,0,0,0,0,0,0,0,0,2,0,0,0,0,0,0,0,0,0,0,0,3,0,0,0,0,0,0,0,0,0,0,0,0,0,0,0,0,0,2,0
3,2089,ESCOLA MUNICIPAL PROFESSORA MARIA MARLI PIOVEZAN,"RUA VELCY BOLÍVAR GRANDÓ, 105",UBERABA,-25.4953626,-49.208345,37,0,2802,2200,200,96,0,17,1,8,62,8,4,0,1,5,37,0,1,0,11,1,0,0,1,6,0,7,1,0,1,0,0,0,0,0,1,0,0,39,1,0,0,0,0,1,1,0,13,1,39,0,60,0,0,4,0,0,0,0,0,2,2,0,7,0,0,0,0,1,0,1,1,0,26,0,1,0,0,14,0,0,0,0,0,0,1,0,0,1,1,0,0,0,0,37,0,5,3,1,0,1,0,0,1,0,0,0,0,0,10,0,0,1,0,0,0,0,0,0,0,0,0,0,8,5,0,1,15,0,0,13,0,6,1,2,2,24,0,25,19,73,6,3,0,1,0,2,67,0,1,1,1,2,0,20,2,1,3,0,2,2,0,0,0,3,2,1,8,0,0,10,0,0,0,0,0,0,0,1,0,0,1,1,0,0,0,0,0,4,29,0,0,1,0,0,0,0,0,2,2,1,6,2,1,2,0,0,0,0,1,0,5,0,0,0,6,0,0,0,0,0,0,1,1,1,0,0,1,0,0,1,2,0,1,0,0,0,0,0,0,0,0,0,1,0,0,0,0,0,0,0,0,0,0,0,1,3,0,0,0,0,0,0,0,0,0,46,3,0,1,0,11,3,3,1,0,0,0,0,0,0,0,0,3,0,0,4,0,1,0,0,3,0,0,3,0,0,0,0,0,0,2,6,1,0,0,1,0,4,0,0,0,1,0,0,1,0,41,1,0,18,0,0,1,0,1,7,0,0,0,0,4,0,11,97,4,1,46,0,2,0,1,23,0,12,0,0,1,6,0,0,1,0,1,20,3,19,0,0,0,9,47,0,0,2,6,65,0,1,1,122,0,0,0,0,0,0,0,0,0,0,0,0,0,0,0,0,5,0,0,0,0,0,0,1,44,0,1,0,3,0,0,0,3,0,0,2,0,0,0,2,1,8,14,0,0,0,0,5,0,0,1,37,0,0,0,0,0,0,0,0,1,0,0,0,0,0,1,0,0,0,1,0,1,0,0,0,0,0,0,0,0,0,0,0,0,0,0,0,0,6,1,0,0,0,13,0,0,0,0,0,0,0,1,0,1,0,0,0,0,0,1,0,0,0,0,0,2,0,0,0,2,0,3,4,0,0,1,0,0,0,0,0,0,0,0,0,0,0,0,0,0,0,3,0,0,0,0,0,0,0,0,0,0,0,1,0,0,0,38,1,0,1,0,0,3,6,12,1,1,5,4,3,4,0,5,0,6,0,0,4,0,0,0,0,0,0,0,0,0,0,22,0,0,3,0,1,4,0,0,0,0,23,2,18,7,6,1,0,9,2,4,0,0,0,0,0,0,1,0,0,0,0,0,0,0,0,0,0,0,0,0,1,0,0,0,0,0,0,0,0,0,0,0,0,0,0,0,2,1,2,0
3,2178,PARÓQUIA SÃO PAULO APÓSTOLO,"RUA PADRE JULIO SAAVEDRA, 170",UBERABA,-25.4763531,-49.2297063,37,0,3591,2989,136,98,0,3,3,7,32,8,2,1,0,8,44,1,1,0,12,1,0,0,2,0,2,13,1,1,0,0,0,0,0,0,0,0,0,14,0,0,0,5,0,1,0,0,10,5,52,1,98,3,2,4,0,0,0,0,5,0,2,0,9,0,5,0,0,2,0,0,0,8,38,0,1,0,0,18,0,0,0,7,1,0,1,1,0,0,0,0,0,0,0,73,0,3,2,1,2,0,0,0,3,0,0,0,0,0,5,0,0,0,0,0,0,0,0,0,0,0,0,0,3,5,0,1,15,1,1,45,0,6,1,0,2,11,0,40,35,25,11,2,0,0,0,2,41,1,0,0,1,2,0,7,0,0,1,0,0,3,3,0,1,0,1,0,6,0,0,15,0,0,0,0,0,0,0,0,0,0,0,0,0,0,0,0,0,4,57,0,0,0,0,0,0,0,1,3,0,0,1,5,0,0,1,1,0,1,5,0,4,0,4,0,19,0,0,0,0,1,0,0,0,0,0,0,2,0,0,5,7,1,0,0,0,0,0,0,0,0,0,0,0,0,0,0,0,0,0,0,0,0,0,0,0,0,0,0,0,0,0,0,0,0,0,55,7,0,1,0,12,7,6,0,0,0,1,0,0,0,0,0,4,1,0,3,0,0,0,0,11,0,0,2,0,0,0,0,0,0,1,7,0,0,0,0,1,14,0,0,0,0,0,0,2,0,85,1,1,26,2,0,0,0,2,7,0,0,0,0,1,1,46,67,32,0,45,0,3,0,0,36,0,6,1,0,0,3,4,1,4,1,0,13,1,30,0,0,0,0,45,1,9,1,3,127,0,5,3,161,2,2,0,1,1,0,0,0,0,0,1,0,0,1,0,0,9,0,0,0,0,0,1,3,75,0,2,0,22,2,3,1,12,0,0,4,3,9,0,2,1,32,26,4,5,0,0,15,0,0,0,8,5,3,0,0,0,1,0,0,0,0,0,1,4,0,0,0,0,0,1,0,0,0,0,0,0,0,1,0,0,0,0,0,2,0,0,0,0,12,1,0,0,0,26,2,0,1,0,0,0,1,0,0,0,0,0,0,0,0,0,0,0,0,0,0,1,0,0,0,3,0,0,1,0,0,0,0,0,0,1,0,0,0,0,0,0,0,0,1,0,0,10,0,1,0,0,0,0,0,0,0,0,0,3,0,0,0,68,0,0,1,1,0,6,4,277,0,0,2,7,9,4,1,2,0,10,0,0,10,0,0,0,1,0,1,1,0,1,0,67,0,0,4,2,2,6,1,0,0,0,33,1,8,13,6,1,5,10,1,0,0,2,0,0,0,1,0,0,0,2,0,1,0,0,0,0,0,0,0,0,8,0,1,0,0,0,0,0,0,0,0,0,1,0,0,0,0,0,1,0
3,2186,ESCOLA MUNICIPAL SENADOR ENEAS FARIA,"RUA MILENA BLEY RIBEIRO BONFIM, 48",CAJURU,-25.454437,-49.196813,21,0,179,144,15,4,0,0,1,0,2,0,1,0,0,0,1,0,0,0,1,0,0,0,0,0,0,0,0,0,0,0,1,0,0,0,0,0,0,4,0,0,0,0,0,0,0,0,0,0,6,0,0,0,0,0,0,0,0,0,0,0,0,0,0,0,0,0,0,0,0,0,0,0,4,0,0,0,0,1,0,0,0,0,0,0,0,0,0,0,0,0,0,0,0,1,0,0,0,0,0,0,0,0,0,0,0,0,0,0,1,0,0,0,0,0,0,0,0,0,0,0,0,0,0,2,0,0,1,1,0,0,0,0,0,0,0,2,0,6,2,7,0,0,0,0,0,0,5,0,0,0,0,0,0,1,1,0,0,0,0,0,0,0,1,0,0,0,0,0,0,0,0,0,0,0,0,0,0,0,0,0,0,0,0,0,0,0,0,0,0,0,0,0,0,0,0,0,0,0,0,0,0,0,0,0,0,0,0,0,0,0,0,0,0,0,0,0,0,0,0,0,0,0,0,0,0,0,0,0,0,0,0,0,0,0,0,0,0,0,0,0,0,0,0,0,0,0,0,0,0,0,0,0,0,0,0,0,0,0,0,0,0,0,0,0,0,6,0,0,0,0,0,0,0,0,0,0,0,0,0,0,0,0,0,0,0,0,0,0,0,0,1,0,1,0,0,0,0,0,0,0,0,0,0,0,0,0,0,1,0,0,0,0,0,0,0,0,2,0,0,0,0,0,0,0,0,0,0,0,0,0,0,0,2,4,0,0,1,0,1,0,0,1,0,1,1,0,0,0,0,0,1,0,0,2,0,0,0,0,0,0,0,0,1,0,0,7,0,0,0,6,0,0,0,0,0,0,0,0,0,0,0,0,0,0,0,0,0,0,0,0,0,0,0,0,1,0,0,0,0,0,0,0,0,0,1,0,0,0,0,0,0,0,0,0,0,0,0,0,0,0,0,1,0,0,0,0,0,0,0,0,0,0,0,0,0,0,0,0,0,0,0,0,0,0,0,0,0,0,0,0,0,0,0,0,0,0,0,0,0,0,0,0,0,0,1,0,0,0,0,0,0,0,0,0,0,0,0,0,0,0,0,0,0,0,0,0,0,0,0,0,0,0,0,0,0,0,0,0,0,0,0,0,0,0,0,0,0,0,0,0,0,1,2,0,0,0,0,0,0,0,0,0,0,0,0,0,0,0,4,0,0,0,0,0,0,0,3,0,0,0,1,0,0,0,0,0,0,0,0,0,0,0,0,0,0,1,0,0,0,0,3,0,0,1,0,0,0,0,0,0,0,4,0,6,1,1,0,1,0,0,0,0,0,0,0,0,0,0,0,0,0,0,0,0,0,0,0,0,0,0,0,0,0,0,0,0,0,0,0,0,0,0,0,0,0,0,0,0,0,0,0
4,1104,ESCOLA MUNICIPAL SIDONIO MURALHA,"RUA LUDOVICO KAMINSKI, 3460 - CJ CAIUA",CIDADE INDUSTRIAL,-25.4853944,-49.349545,75,0,4656,3758,337,185,0,22,6,11,59,8,1,0,0,6,72,2,0,2,19,0,0,0,4,4,0,14,1,0,0,0,1,0,0,0,0,0,0,57,0,0,0,2,0,0,2,0,34,2,110,0,129,0,3,1,0,0,3,0,1,1,0,0,11,0,2,0,0,0,0,0,0,0,43,0,0,0,0,87,0,0,0,8,0,0,2,0,1,22,2,0,0,0,0,60,0,11,1,2,2,0,0,0,2,0,0,1,2,0,12,0,0,0,0,0,2,0,0,0,0,1,0,0,10,19,3,0,27,0,2,33,0,9,0,3,1,35,0,47,17,30,12,4,2,0,0,2,68,1,6,1,0,5,0,26,2,1,4,1,2,1,0,0,3,6,0,0,10,0,0,23,0,0,0,1,0,0,0,2,1,2,0,0,0,0,0,0,0,5,56,0,0,2,0,0,0,0,0,1,0,0,21,1,1,1,0,3,0,0,4,0,6,0,6,0,5,1,0,0,0,0,2,0,0,0,6,0,2,0,0,2,7,0,1,0,0,0,0,0,0,0,0,0,0,5,0,0,7,0,2,0,0,0,0,1,0,1,2,0,1,0,1,0,0,0,0,53,2,0,8,0,0,16,9,1,1,0,0,19,0,0,0,0,2,0,0,2,0,0,0,0,15,0,1,19,0,3,0,0,2,0,2,3,0,0,0,3,2,17,0,0,3,0,0,0,3,0,76,0,1,24,7,0,0,0,12,11,0,0,0,0,5,2,66,138,0,1,39,2,0,0,0,39,0,1,2,1,0,7,1,2,13,0,6,56,1,24,0,0,7,35,14,0,1,0,1,139,1,4,6,195,0,0,0,0,0,0,0,0,0,0,0,0,0,0,1,0,6,0,0,0,0,0,0,1,73,2,1,0,10,0,4,1,6,0,0,1,1,1,0,7,2,18,7,0,6,0,0,11,0,0,0,12,0,3,0,0,0,0,0,0,2,0,0,0,0,1,0,0,0,0,0,0,0,0,0,0,2,0,2,2,0,0,0,0,1,0,0,2,1,25,3,0,0,1,41,1,0,15,0,0,5,0,0,0,3,0,0,0,0,0,0,0,9,0,0,0,1,0,19,0,1,0,0,5,0,0,0,0,0,0,0,3,0,2,0,0,0,4,0,1,0,0,3,3,0,0,0,1,0,0,0,0,0,0,3,0,0,0,78,2,0,2,0,0,3,2,7,0,1,23,1,6,12,0,0,0,19,0,0,23,0,0,0,2,1,2,0,0,1,0,46,0,4,11,1,0,11,0,0,0,0,45,2,7,9,5,3,0,6,1,3,0,0,0,0,0,0,0,1,0,0,0,0,0,0,0,0,0,0,0,0,3,0,0,0,0,0,0,0,1,0,0,0,0,0,2,0,0,0,2,0
4,1392,COLEGIO ESTADUAL PAULA GOMES,RUA CURUPIS  903,SANTA QUITERIA,-25.4597975,-49.3075591,43,0,7529,6152,355,214,0,21,9,22,105,11,8,0,1,12,122,1,0,1,53,0,0,0,4,7,6,27,1,1,3,1,3,0,0,0,0,0,1,71,1,0,0,2,0,0,1,0,30,11,361,0,152,2,5,7,0,0,1,0,3,4,3,3,14,0,6,1,0,3,1,0,1,0,54,0,4,0,1,47,0,0,0,11,2,1,4,1,0,2,13,0,0,0,1,171,0,12,0,6,1,3,0,1,1,0,0,0,3,0,7,0,0,0,0,0,0,0,0,0,0,1,0,0,11,12,1,1,47,0,2,66,0,12,0,6,8,29,0,89,97,67,28,4,0,0,3,8,88,0,1,4,2,7,0,36,7,0,3,2,0,3,2,0,1,4,3,1,18,0,0,37,0,0,0,1,0,0,1,2,0,1,2,0,0,0,0,0,0,18,125,1,0,2,0,0,0,0,0,0,4,0,25,0,0,0,0,43,0,4,9,0,21,0,7,0,8,1,0,0,0,0,3,2,0,2,0,0,3,0,0,0,11,0,0,1,0,0,1,0,0,0,0,0,0,3,0,0,2,0,1,0,0,0,0,0,1,0,1,0,0,0,0,0,0,0,0,60,7,1,1,0,5,16,13,2,0,1,1,2,1,0,2,0,4,0,0,5,0,4,2,0,28,1,1,6,0,0,0,0,0,0,1,6,1,0,0,2,1,19,0,0,0,0,0,0,4,0,134,14,9,76,10,0,0,0,16,13,1,0,0,0,13,8,71,169,15,0,43,7,1,0,1,51,1,16,0,3,0,19,4,0,11,1,6,55,1,43,0,0,1,8,29,1,2,1,5,193,0,6,16,359,0,8,0,0,0,0,0,0,0,0,0,0,2,1,0,0,37,0,0,0,0,1,0,8,179,2,3,1,41,0,2,0,23,0,2,10,2,15,0,11,17,51,25,3,8,0,0,42,0,1,4,7,0,5,0,0,0,8,2,0,0,1,1,0,1,1,1,0,0,0,1,0,1,0,0,1,0,0,4,3,0,0,0,4,0,1,4,0,0,46,3,0,0,0,55,1,1,5,0,0,3,1,0,0,4,0,0,0,0,0,0,2,3,0,0,0,0,0,6,0,14,0,0,16,0,0,0,0,0,0,0,0,1,1,3,0,0,1,2,0,0,0,5,0,3,0,0,1,0,0,0,0,0,0,22,0,2,0,204,0,0,5,1,0,14,9,45,3,0,12,13,3,13,0,8,1,59,0,0,17,1,0,4,1,9,3,0,0,4,0,130,0,1,14,1,1,14,0,0,0,0,13,6,15,30,15,5,1,24,0,5,1,0,0,0,0,2,0,0,0,0,0,0,0,0,0,0,0,2,0,1,20,0,0,1,0,0,0,0,0,0,0,2,0,0,2,0,3,0,3,0
4,1414,CENTRO MUNICIPAL DE EDUCAÇÃO INFANTIL NICE BRAGA,"RUA BOCAIUVA,  351",SANTA QUITERIA,-25.4627476,-49.3050906,43,0,3911,3141,147,125,0,10,3,10,53,8,3,0,0,6,42,1,0,0,25,0,0,0,1,2,2,12,1,0,0,0,1,0,0,1,0,0,0,15,0,0,0,0,0,0,0,0,10,6,151,0,97,0,2,1,0,0,0,0,2,0,2,3,6,0,6,0,0,1,1,0,1,0,31,0,1,0,0,23,0,0,0,11,0,2,1,0,0,4,5,0,0,0,1,112,0,8,1,4,0,0,0,0,0,0,0,0,1,0,13,0,1,0,0,0,0,0,0,0,0,0,0,0,4,5,0,0,19,1,2,49,0,5,1,2,6,24,0,38,50,20,10,1,1,0,0,0,46,0,4,1,0,7,0,20,1,2,8,0,1,0,1,1,0,1,1,0,13,0,0,12,0,0,0,1,0,0,0,0,0,1,0,2,1,0,0,0,0,9,59,1,0,1,0,0,0,0,0,0,1,0,7,4,0,1,1,14,0,2,1,0,10,0,2,0,15,0,0,0,1,0,0,0,0,1,2,0,1,0,0,0,7,0,1,0,0,0,0,0,0,0,0,0,0,0,0,0,1,0,4,0,0,0,0,1,0,0,0,0,0,0,0,0,0,0,0,45,11,0,0,0,1,16,6,2,2,1,0,0,0,0,0,0,0,2,1,6,1,1,0,0,7,0,0,3,0,1,0,0,0,1,1,2,0,0,0,1,3,4,0,0,1,1,0,0,2,0,64,7,8,50,3,0,0,0,2,5,1,0,0,0,0,1,51,55,15,0,25,0,0,0,2,20,0,12,1,0,0,6,1,0,13,0,2,20,0,27,2,1,2,2,15,0,1,0,1,104,1,4,1,177,1,0,0,0,0,0,0,0,0,0,1,0,0,0,1,0,20,0,0,0,5,0,0,7,101,7,2,0,37,0,5,0,29,0,0,2,3,3,0,8,4,48,18,3,4,0,0,36,0,0,0,3,0,2,0,0,0,0,0,0,0,0,0,0,0,0,0,0,0,0,0,0,2,0,0,0,2,0,0,1,0,0,0,0,0,0,0,0,0,19,0,0,0,1,44,3,0,5,0,0,1,0,0,0,0,0,0,0,0,0,0,0,3,0,0,0,0,0,3,0,3,0,0,6,0,0,0,2,0,0,0,0,0,0,0,0,0,0,1,0,1,0,2,0,0,0,0,0,0,0,0,0,0,0,5,0,5,0,82,0,0,1,0,0,5,4,15,0,0,9,1,1,2,1,1,0,36,0,1,2,2,0,0,0,2,0,3,0,4,0,102,0,1,6,2,0,9,2,1,0,0,12,3,5,12,8,2,1,11,0,6,0,0,0,0,1,1,2,0,0,0,0,0,0,0,0,0,0,0,0,0,5,2,1,0,0,0,0,1,1,0,0,0,0,0,0,0,2,0,2,0
4,1430,COLEGIO (PARTICULAR) PADRE JOAO BAGOZZI,"RUA CALIXTO RAZZOLINI, 14",PORTÃO,-25.475938,-49.301063,27,0,6269,4933,213,122,0,7,2,17,76,13,3,0,1,8,70,0,2,0,44,1,0,1,1,1,7,20,0,0,0,0,2,0,0,0,0,0,0,45,0,0,0,3,0,0,2,0,11,9,165,0,108,0,1,4,0,0,2,0,7,4,10,1,13,0,5,1,0,0,2,0,2,1,35,0,2,0,0,56,0,0,0,13,1,1,5,2,0,5,13,0,0,2,0,228,0,9,1,5,4,1,0,1,0,0,1,0,3,1,10,0,0,3,0,0,0,0,0,0,0,0,0,0,11,7,0,3,40,1,1,72,0,12,1,5,5,33,0,74,79,46,25,4,0,1,1,1,77,0,4,2,1,5,0,40,1,0,5,8,0,2,1,1,0,7,5,2,18,0,0,28,0,1,1,3,0,1,3,1,0,1,3,3,0,0,0,1,0,13,89,0,0,1,0,0,3,0,1,1,4,0,6,4,0,0,0,10,0,3,5,0,4,0,1,0,18,1,0,0,0,0,5,1,0,0,4,0,1,0,0,1,12,0,0,0,0,0,0,0,0,0,0,0,0,0,0,0,2,0,4,0,0,0,0,0,0,0,0,0,0,0,0,0,0,0,0,59,14,1,2,0,2,26,6,1,0,2,0,0,0,1,0,1,10,0,0,4,4,3,1,0,28,0,0,6,0,0,0,0,1,0,0,6,3,0,1,0,6,17,0,0,3,0,0,0,7,0,91,6,4,111,17,1,1,1,6,17,1,2,0,0,3,2,71,59,12,0,65,3,0,0,1,31,0,8,0,0,0,7,4,4,17,1,9,25,2,38,1,1,1,5,20,0,1,4,0,84,0,10,12,333,2,1,0,0,0,0,0,0,0,0,0,0,0,0,1,0,19,2,0,1,0,0,0,6,110,1,3,0,45,0,1,1,37,0,0,4,4,10,1,5,5,86,36,2,3,0,1,33,0,1,0,2,1,7,0,1,1,0,0,0,0,0,0,0,4,0,3,0,0,0,2,0,0,0,0,1,0,0,4,5,0,0,0,0,2,0,6,0,0,30,0,0,0,0,45,2,1,4,0,0,8,0,0,0,1,1,0,0,0,0,0,0,1,0,0,0,0,1,0,0,10,0,0,4,0,0,0,0,0,0,0,0,2,0,0,0,0,0,3,0,0,0,2,0,0,0,1,0,0,2,0,3,1,0,7,0,1,0,229,2,0,0,2,1,17,4,31,3,0,15,13,10,7,0,6,0,115,0,0,12,1,0,0,1,2,1,4,0,3,0,151,3,0,12,2,0,12,3,0,0,0,22,0,13,18,11,2,1,18,1,7,1,0,0,1,0,0,0,1,0,0,0,1,1,0,0,1,0,1,0,0,11,0,1,0,0,0,0,0,0,0,0,1,5,0,0,0,0,0,6,0
4,1449,COLEGIO ESTADUAL PEDRO MACEDO,"AVENIDA REPUBLICA ARGENTINA,   2376",PORTÃO,-25.4655774,-49.2929402,27,0,8682,7000,290,200,0,10,1,13,101,18,8,0,1,4,104,4,0,0,54,1,1,3,1,4,10,27,2,0,0,2,2,0,0,0,0,0,0,66,0,2,0,3,0,3,1,0,14,8,183,0,137,4,4,7,0,0,7,0,12,3,13,9,19,0,4,1,0,2,1,0,0,0,47,0,4,0,0,57,0,1,0,6,1,3,6,3,0,3,10,0,0,0,1,342,0,15,0,8,2,0,0,1,5,0,0,0,9,0,18,0,0,2,0,0,0,0,0,0,0,2,0,0,14,12,1,1,52,3,7,119,0,16,1,10,4,77,2,142,111,81,39,4,1,0,2,6,94,1,3,2,6,7,0,69,6,1,10,2,0,1,0,0,2,4,4,2,17,0,2,60,0,1,0,4,1,0,1,1,0,0,2,2,0,2,0,1,0,20,149,0,0,1,0,2,0,0,0,3,3,1,7,0,0,0,0,6,0,4,5,0,11,3,2,0,21,0,0,0,0,0,5,1,0,2,0,0,3,0,0,1,12,0,3,0,0,0,1,0,0,1,0,0,0,1,2,0,1,0,5,0,0,0,0,1,0,0,1,0,0,0,0,0,1,0,1,66,14,0,2,1,5,32,12,1,3,3,0,1,0,1,3,0,2,0,0,7,0,3,1,0,20,1,2,4,0,0,0,0,1,1,0,4,1,0,2,1,3,14,0,0,2,0,0,0,2,0,171,2,2,149,27,0,5,0,12,15,0,0,0,1,5,5,122,97,23,0,91,6,1,0,4,32,0,14,5,0,2,12,4,4,15,1,7,39,0,66,3,3,4,6,29,0,1,0,7,158,0,15,11,466,1,1,0,0,0,0,0,0,0,0,0,0,0,0,0,0,31,1,0,1,0,1,0,8,142,3,8,0,47,0,1,2,68,1,0,5,21,7,1,5,14,103,54,6,9,0,0,65,0,0,2,10,2,3,1,1,3,1,1,0,3,0,0,0,0,0,5,0,5,0,1,0,0,2,0,0,2,2,5,5,0,0,0,0,4,1,1,0,0,37,4,0,0,0,67,3,0,6,0,0,6,1,0,0,2,0,0,0,0,0,0,1,0,0,0,0,4,3,0,2,13,0,0,4,0,0,0,2,0,0,0,3,4,0,0,0,0,0,6,0,0,0,6,2,1,1,0,0,0,0,0,0,0,1,5,0,0,0,344,0,0,3,3,0,19,20,37,13,5,12,15,18,12,0,5,1,110,1,1,21,3,0,0,2,5,1,4,0,0,0,214,4,2,18,0,0,24,0,0,0,0,23,5,30,16,21,8,1,20,1,5,0,1,0,1,1,2,3,1,0,0,0,0,1,0,1,1,0,1,0,0,16,1,3,0,0,2,0,1,0,0,0,2,0,0,1,0,0,0,3,1
4,1457,ESCOLA MUNICIPAL PAPA JOAO XXIII,"RUA ITACOLOMI,  700 - VILA LEAO",PORTÃO,-25.4793294,-49.299285,27,0,5013,4063,228,151,0,7,3,8,52,20,4,0,1,2,53,1,2,0,23,1,0,2,0,5,3,12,0,1,0,1,1,0,0,0,0,0,0,37,0,1,0,0,0,0,0,0,18,5,112,0,103,1,1,1,0,0,5,0,2,0,3,1,10,0,3,0,0,0,0,0,0,0,36,0,3,0,0,28,0,0,0,4,2,6,5,0,1,2,4,0,0,0,0,107,1,11,0,1,3,0,0,0,1,0,0,0,1,0,14,0,0,0,0,0,0,0,0,0,0,0,0,0,13,5,0,3,22,0,2,67,0,5,2,4,6,52,0,48,59,34,10,4,0,1,0,3,75,0,3,0,2,4,0,23,1,0,0,1,0,0,0,0,1,2,0,1,13,0,0,27,0,2,0,0,1,0,0,0,0,0,0,2,0,0,0,0,0,5,70,0,0,0,0,2,0,0,0,4,0,0,11,1,0,0,0,5,0,1,4,0,6,0,0,0,14,0,0,0,0,0,2,2,0,1,0,0,0,0,0,0,5,0,1,0,0,0,0,0,0,0,0,0,0,2,2,0,2,0,1,0,0,0,0,0,0,0,1,0,0,0,1,0,0,0,0,61,6,0,3,1,2,7,7,0,0,0,2,2,0,2,5,0,7,1,0,6,1,0,0,0,25,0,1,1,1,0,0,0,0,0,0,4,0,0,0,0,5,7,0,0,1,0,0,0,10,0,107,3,4,77,4,0,0,0,10,10,0,0,0,0,3,0,82,76,11,0,63,2,0,0,1,32,0,6,0,4,0,6,5,0,11,0,1,43,0,26,0,1,7,1,15,0,0,1,3,136,0,17,6,272,0,2,0,0,1,0,0,0,0,0,0,0,0,0,0,0,19,0,0,0,0,1,2,5,92,3,0,1,39,0,3,0,31,0,0,5,6,5,0,4,6,43,20,2,4,0,0,28,0,2,2,2,0,18,0,1,0,0,0,0,0,0,0,0,2,1,3,0,3,0,1,0,0,0,0,0,0,0,0,1,0,0,0,3,0,1,4,0,1,35,0,1,0,0,29,0,0,2,0,0,0,0,1,0,2,0,0,0,0,0,0,2,1,0,0,0,1,1,3,0,4,0,0,5,0,0,0,4,0,0,0,1,4,1,0,0,0,2,4,0,2,0,4,2,1,0,1,0,0,1,0,0,0,0,2,0,0,0,134,2,0,1,0,0,11,5,19,5,0,13,13,13,10,1,3,0,121,0,0,9,1,1,0,1,0,1,2,0,3,0,128,3,2,12,1,1,7,0,0,0,0,7,4,7,11,12,6,0,9,0,5,1,0,0,0,0,0,3,1,0,0,0,1,0,0,0,1,0,1,0,0,14,0,0,0,0,0,0,0,2,0,0,0,0,0,0,0,0,0,3,0
4,1490,ESCOLA ESTADUAL MARECHAL CANDIDO RONDON,"RUA RICARDO NEGRAO FILHO, 287",PORTÃO,-25.4744792,-49.3108149,27,0,3802,3086,224,113,0,7,3,6,57,4,3,1,1,3,54,0,0,0,19,3,0,0,1,0,2,12,0,0,0,1,0,0,0,0,0,0,0,28,1,0,0,1,0,0,6,0,10,2,153,0,87,0,1,1,0,0,0,0,2,6,0,2,9,0,3,0,0,0,0,0,3,0,37,0,4,0,0,32,0,0,0,2,0,1,1,0,0,0,2,0,0,0,1,89,1,12,2,2,0,0,0,1,1,0,0,0,3,1,15,0,0,0,0,0,0,0,0,0,0,0,0,0,6,6,0,0,15,0,0,45,0,8,0,3,3,20,1,29,34,25,4,1,0,1,1,2,43,0,2,0,0,1,0,14,4,0,0,1,1,1,1,0,0,0,1,1,9,0,0,13,0,0,0,1,0,0,0,0,0,0,0,2,1,0,0,1,0,6,55,0,0,1,0,0,0,0,0,1,2,2,2,0,0,3,0,7,0,0,4,1,9,1,2,0,6,0,0,0,0,1,1,0,0,0,0,0,1,0,0,2,2,1,2,0,0,0,0,0,0,0,0,0,0,0,1,0,3,0,0,0,0,0,0,1,0,0,0,0,0,0,0,0,0,0,0,36,6,0,5,0,5,4,7,2,0,0,2,0,0,3,0,0,6,0,0,8,0,0,0,0,11,0,1,2,0,1,0,0,0,0,0,9,0,0,0,4,2,11,0,0,0,0,0,0,1,0,66,0,2,76,10,0,0,0,3,7,0,0,0,0,4,0,48,64,3,0,37,2,1,0,1,30,2,10,1,0,0,0,4,0,3,0,0,14,0,27,1,0,7,3,15,0,3,1,3,90,0,7,8,189,2,0,0,0,0,0,0,0,0,0,0,0,0,3,0,0,16,0,0,0,0,0,0,9,81,0,5,0,32,0,3,0,5,0,0,1,3,8,0,1,3,26,17,1,3,0,0,20,0,0,4,6,2,11,1,0,0,1,1,0,1,0,0,0,0,0,1,0,2,0,1,0,0,0,0,0,2,1,0,2,0,0,0,3,1,0,0,0,2,26,0,0,0,1,19,3,0,4,0,0,4,0,0,0,1,0,0,0,0,0,0,1,3,0,0,0,3,1,1,0,3,0,0,9,0,0,0,2,1,0,0,0,0,4,0,0,0,0,4,0,0,0,3,1,0,0,1,1,0,0,0,0,0,0,2,0,1,0,74,0,0,0,0,0,2,2,7,1,0,12,9,3,3,0,5,0,107,0,0,9,0,0,1,0,1,0,2,0,0,0,70,0,0,4,0,0,3,1,0,0,0,11,8,8,7,8,5,2,4,0,2,0,1,0,0,0,0,0,0,0,0,0,0,1,0,0,0,0,0,0,0,5,0,0,0,0,0,0,1,0,0,0,0,0,0,2,0,0,1,2,0
4,1503,ESCOLA MUNICIPAL PROFESSOR FRANCISCO KLENTZ,"RUA FRANCISCO TISSOT, 119 - VILA ROSINHA",PORTÃO,-25.4723644,-49.3159315,27,0,2588,2097,152,111,0,6,2,7,35,5,0,0,1,3,39,3,1,0,9,0,0,1,2,2,1,9,0,0,0,1,0,0,0,0,0,0,1,16,0,0,0,0,0,0,0,0,12,4,113,0,50,0,2,0,0,0,1,0,1,0,1,1,6,0,0,0,0,0,0,0,0,0,19,0,0,0,0,19,0,0,0,7,0,0,1,0,0,0,0,0,0,0,0,51,1,1,1,0,0,0,0,0,2,0,0,0,2,1,9,0,0,0,0,0,0,0,0,0,0,0,0,0,2,4,0,0,15,0,1,22,0,0,0,0,4,17,0,24,19,12,7,3,0,0,0,0,36,0,0,0,0,0,0,20,2,0,1,2,0,1,0,0,0,0,0,2,9,0,0,9,0,0,1,0,0,0,0,0,0,0,0,1,2,0,0,0,0,3,40,0,0,0,0,0,0,0,0,1,3,0,7,0,0,1,0,3,0,0,2,0,10,0,0,0,1,0,0,0,0,0,0,0,0,0,3,0,1,0,0,1,1,0,0,0,0,0,0,0,0,0,0,0,0,0,0,0,3,0,0,0,0,0,0,0,1,0,0,0,0,0,1,0,1,0,0,33,1,0,2,0,1,6,5,0,0,0,0,2,0,0,0,0,0,0,0,4,1,0,0,0,13,2,0,1,0,0,0,0,0,0,0,2,0,0,0,2,0,5,0,0,1,3,0,0,3,0,51,5,1,36,6,0,1,0,12,5,0,0,0,0,0,0,45,59,1,0,26,10,1,1,0,22,0,1,1,0,0,2,0,0,0,0,0,11,0,9,0,0,2,2,5,0,0,0,0,77,0,4,0,113,2,2,0,0,0,0,0,0,0,0,0,0,0,0,1,0,8,0,0,0,0,0,0,3,51,1,1,1,14,0,0,0,12,0,1,1,8,2,1,0,4,10,8,1,2,0,0,11,0,1,0,5,0,2,0,0,0,0,0,0,2,0,0,0,0,0,2,0,0,0,0,0,3,0,0,0,0,0,3,1,0,0,0,2,0,0,0,0,1,17,0,0,1,1,19,0,0,3,0,0,3,0,0,0,1,0,0,0,0,0,0,0,2,0,0,0,2,0,5,0,1,0,0,7,0,1,0,0,0,0,0,0,0,1,0,0,0,0,2,0,1,0,3,0,0,0,0,0,0,0,0,0,0,0,5,0,0,0,60,0,0,1,1,0,4,3,5,0,0,3,1,0,3,0,0,0,22,0,1,2,1,0,0,1,0,0,0,0,6,0,59,1,1,2,0,1,6,0,2,0,0,10,2,12,1,8,3,0,5,0,1,0,0,0,0,0,0,1,0,0,0,0,0,0,0,0,1,0,3,0,0,7,0,0,0,0,0,0,1,0,0,0,1,0,0,1,1,0,0,4,0
4,1554,ESCOLA MUNICIPAL SAO MIGUEL,"RUA RAUL ZANON, 175 - SANTA HELENA",CIDADE INDUSTRIAL,-25.4788752,-49.3405533,75,0,5308,4140,308,189,0,18,5,15,59,8,4,2,3,6,72,3,0,0,27,0,0,0,4,11,3,28,0,0,1,0,1,0,0,0,0,0,0,54,0,0,0,0,0,0,2,0,45,2,127,0,115,0,3,1,0,0,0,0,0,1,5,0,16,0,1,0,0,2,0,0,0,0,31,0,1,0,0,61,0,0,0,4,0,1,0,1,0,7,1,0,0,0,0,62,0,9,1,3,1,0,0,0,0,0,0,0,1,1,16,1,0,0,0,0,0,0,0,0,0,0,0,0,11,15,1,0,44,1,3,55,0,7,0,1,7,32,0,38,44,55,20,8,0,0,0,3,105,2,3,0,0,3,0,18,1,2,0,1,0,0,5,0,3,1,0,0,7,0,0,18,1,1,1,0,0,0,0,1,0,0,1,0,0,0,0,1,0,12,68,0,0,0,0,0,0,0,0,4,3,0,19,0,0,0,0,4,0,0,4,0,7,0,2,0,11,0,0,0,0,0,1,0,0,1,1,0,0,0,0,0,4,0,1,0,0,0,4,1,0,0,0,0,0,2,1,0,4,0,2,0,1,0,0,0,0,0,11,0,0,0,0,0,0,0,0,69,5,0,2,0,2,12,6,2,3,3,0,14,0,0,1,0,1,1,0,1,1,0,1,0,15,1,1,22,0,0,0,0,1,0,0,6,0,0,0,2,1,16,0,0,0,1,0,0,3,0,89,4,1,29,12,1,0,0,16,5,0,2,0,0,3,0,60,147,1,1,32,3,2,1,0,39,0,4,1,0,1,4,4,1,2,1,4,90,1,21,3,1,6,14,18,0,1,0,3,141,0,6,3,238,3,0,0,0,0,0,0,0,0,0,0,2,0,0,0,0,6,0,0,0,0,1,0,2,106,0,0,0,18,0,2,0,8,0,0,4,5,6,0,12,4,17,7,3,1,0,0,17,0,5,0,19,0,4,0,0,0,0,0,0,1,0,0,0,0,1,0,0,0,0,0,0,0,0,0,0,1,0,1,2,1,0,1,2,0,2,2,0,0,40,7,0,0,1,35,0,0,22,0,0,3,0,0,0,2,0,0,0,0,0,0,0,26,0,3,0,2,2,22,0,3,0,0,24,0,0,0,2,0,0,0,0,1,2,0,0,3,4,0,0,0,0,5,1,0,0,0,1,0,0,0,3,0,0,2,0,0,0,78,0,0,0,0,1,6,1,12,3,0,5,2,7,43,2,4,0,26,1,0,15,0,0,0,0,0,0,0,0,1,0,92,0,2,5,3,0,9,0,2,0,0,25,1,8,20,9,0,0,13,0,3,0,0,0,0,0,3,0,0,1,0,0,0,1,0,0,0,0,0,0,0,4,0,0,0,0,0,1,1,1,0,0,0,0,0,1,0,0,0,6,0
4,1562,ESCOLA MUNICIPAL PROFESSORA MARIA DO CARMO MARTINS,"RUA JOAO DEMBINSKI, 1377",CIDADE INDUSTRIAL,-25.4603077,-49.3450301,75,0,4911,3918,295,171,0,39,6,16,94,7,1,0,3,9,50,1,2,2,25,2,1,0,6,8,1,14,0,0,0,0,1,2,0,0,1,0,1,89,3,0,0,1,0,2,1,0,35,3,313,0,79,0,0,1,0,0,0,0,0,0,6,1,17,0,2,0,0,1,0,0,0,0,44,1,1,0,0,141,1,0,0,2,1,0,3,1,0,5,1,0,0,0,0,78,0,11,1,3,2,0,0,1,1,0,0,1,2,1,25,0,0,0,0,0,0,0,0,0,1,0,0,0,11,9,0,0,27,1,0,42,0,4,7,4,6,24,0,50,35,51,11,7,3,1,0,1,63,0,6,0,1,6,0,24,0,0,3,2,2,0,2,0,1,4,0,0,7,0,0,24,0,2,0,1,2,0,0,1,0,0,0,5,0,0,0,0,0,7,54,1,0,0,0,1,0,0,0,0,0,4,9,1,0,0,0,5,0,0,5,1,13,0,2,0,5,0,0,0,0,0,1,2,0,3,1,0,0,0,0,0,2,0,1,0,0,0,0,0,0,0,0,0,0,2,1,1,2,0,4,0,0,0,0,0,1,0,4,0,0,0,0,0,0,0,1,41,11,0,8,0,2,7,19,2,8,0,0,2,0,0,0,0,3,0,0,4,0,2,1,0,4,0,2,1,0,0,0,0,0,0,1,2,0,0,0,4,0,12,1,0,0,1,0,0,1,0,92,2,1,36,4,0,0,1,12,13,0,0,0,0,4,0,61,76,3,0,22,5,2,0,2,39,1,6,0,0,0,3,1,0,4,0,4,50,0,22,0,0,3,28,14,0,1,1,6,86,0,7,5,170,1,0,0,0,0,0,0,0,0,0,0,0,1,0,0,0,8,1,0,1,0,0,0,2,64,1,0,0,11,1,0,0,25,0,0,2,3,12,0,5,1,20,9,0,2,0,0,13,0,4,0,5,0,3,0,0,4,0,0,0,4,0,0,0,0,0,0,0,2,0,0,0,1,0,0,0,0,0,0,1,0,0,0,1,0,0,0,1,0,28,7,0,0,0,27,0,2,9,0,0,11,0,0,0,0,1,0,0,0,0,0,0,2,1,0,0,4,0,124,0,3,0,0,2,0,1,0,0,0,0,0,1,2,5,0,0,0,0,0,1,0,0,5,1,0,0,0,0,0,0,0,0,0,0,7,0,1,0,74,0,0,3,0,0,15,2,12,2,0,3,3,3,4,0,2,0,17,0,0,7,0,0,1,0,2,0,0,0,2,0,63,1,0,6,1,0,8,0,0,0,1,9,4,7,17,8,0,0,5,2,1,0,0,0,0,0,2,1,0,0,2,0,0,0,0,0,1,0,1,0,0,19,0,0,0,0,0,0,0,0,0,0,0,0,1,0,0,0,0,2,0
4,1570,ESCOLA MUNICIPAL HEITOR ALENCAR FURTADO,"RUA ROBERT REDZINSKI,  150",CIDADE INDUSTRIAL,-25.4571247,-49.3494422,75,0,3719,3045,248,126,0,15,3,16,55,4,2,0,2,2,46,1,2,1,19,0,0,0,3,3,1,9,1,0,0,0,0,1,0,0,0,0,1,43,0,0,0,0,0,0,0,0,23,4,255,0,68,1,4,2,0,0,1,0,1,1,4,0,13,0,2,0,0,0,0,0,0,0,25,0,0,0,10,194,0,0,0,3,0,0,1,3,0,7,0,0,0,0,0,48,0,3,2,2,1,0,0,1,0,0,0,1,3,0,22,0,0,0,0,0,0,0,0,0,0,0,0,0,7,5,1,1,20,1,0,45,0,3,2,4,1,17,0,39,22,15,7,6,0,1,0,0,46,0,2,1,0,4,0,13,1,1,2,4,0,0,0,0,0,2,2,0,10,0,0,10,0,1,0,2,0,1,0,0,0,0,0,0,0,0,0,0,0,4,36,1,0,3,0,0,0,0,0,1,1,3,4,1,0,2,0,1,0,0,3,0,9,0,0,0,2,0,0,3,0,0,3,0,0,0,5,0,1,0,0,0,5,0,0,0,0,0,0,0,0,0,0,0,0,1,1,0,5,0,1,0,0,0,0,3,0,0,1,0,1,0,1,1,2,0,0,30,4,0,0,0,7,5,6,0,2,0,0,0,0,0,1,0,0,0,0,0,0,0,1,0,11,0,1,3,0,1,0,0,0,0,0,1,1,1,0,0,0,2,0,0,0,1,0,1,2,0,49,0,1,21,2,0,0,0,11,6,0,0,1,0,0,3,42,69,2,0,23,0,2,0,0,37,0,7,0,0,0,4,1,0,3,0,0,55,2,19,2,0,0,6,11,0,0,0,0,83,0,2,4,136,0,0,0,0,0,0,0,0,0,0,0,0,0,0,0,0,12,1,0,0,0,0,0,1,72,0,0,0,22,0,0,0,20,0,0,2,3,7,0,7,2,14,6,0,2,0,0,7,0,9,0,9,0,6,0,0,0,0,0,0,0,0,0,0,0,0,0,0,0,0,1,0,0,0,0,1,0,0,1,0,0,0,0,0,0,0,3,0,0,22,16,0,0,0,29,0,0,8,0,0,9,0,0,0,4,0,0,0,0,0,0,1,0,0,3,0,0,0,59,0,1,0,0,2,0,0,0,1,0,0,0,1,0,0,0,0,0,1,0,0,0,0,1,3,0,0,0,0,0,0,0,0,0,0,2,0,0,0,68,2,0,1,0,0,8,1,12,0,0,2,4,3,2,0,0,0,14,0,0,5,0,0,1,0,1,0,1,0,0,0,66,0,2,8,1,0,2,0,0,0,0,5,7,17,7,2,3,0,7,0,1,0,0,0,0,0,0,0,0,1,3,0,0,0,1,0,2,0,2,0,0,10,0,0,0,0,0,0,0,1,0,0,0,0,0,2,0,0,0,0,1
4,1589,ESCOLA MUNICIPAL JARDIM SANTOS ANDRADE,"RUA LUIZ ZILLI, 405",CAMPO COMPRIDO,-25.4566787,-49.3258769,44,0,2663,2131,145,67,0,13,3,7,38,5,1,1,0,2,17,1,1,2,21,0,0,1,1,2,0,10,0,1,0,1,1,1,0,0,0,0,0,17,0,0,0,0,0,0,0,0,6,1,131,0,38,1,2,0,0,0,0,0,3,0,0,2,8,0,1,0,0,1,0,0,1,0,16,0,0,0,0,25,0,0,0,2,0,0,1,1,0,0,1,0,0,0,0,67,0,3,0,1,0,0,0,0,0,0,0,0,3,0,7,0,0,0,0,0,0,0,0,0,0,0,0,0,2,5,0,1,17,0,1,23,0,6,0,0,1,15,0,15,27,23,9,3,0,0,0,1,27,0,5,0,0,1,0,14,3,0,1,0,1,0,0,0,0,3,3,0,8,0,0,7,0,0,0,1,1,0,0,0,0,0,0,1,0,0,0,0,0,3,49,0,0,1,0,0,0,0,0,0,1,0,4,0,0,1,0,2,0,1,0,0,7,0,0,0,8,0,0,0,0,0,0,0,0,2,2,0,1,0,0,0,5,0,0,0,0,0,0,0,0,0,0,0,0,0,0,0,0,0,0,0,0,0,0,0,0,1,1,0,0,0,0,0,0,0,0,33,2,0,2,0,3,8,1,2,0,1,0,1,0,0,0,0,1,0,1,4,1,0,0,0,8,1,1,5,0,0,0,0,0,0,2,3,0,0,0,1,0,3,0,0,0,0,0,0,0,0,34,1,4,27,0,0,0,0,9,3,0,0,0,0,4,0,31,131,5,0,16,2,1,0,1,17,0,3,2,0,0,3,3,0,1,0,0,15,0,14,0,0,1,1,10,0,1,1,3,69,0,0,4,116,4,0,0,0,0,1,0,0,0,0,0,0,0,1,0,0,15,1,0,1,0,0,0,2,52,4,0,0,15,0,0,0,18,0,0,4,5,3,0,6,3,19,3,2,4,0,0,10,0,0,0,6,2,0,0,0,0,0,1,0,0,2,0,0,1,0,0,0,0,0,0,0,0,0,0,0,0,2,1,0,0,0,0,0,1,0,2,0,0,22,1,0,0,1,23,0,1,3,0,0,0,0,0,0,0,0,0,0,0,0,0,0,0,0,1,0,0,0,10,1,4,0,0,4,0,11,0,0,0,0,0,0,0,0,0,0,0,3,0,0,0,0,2,1,0,0,0,0,0,0,0,0,0,0,4,0,0,0,64,0,0,1,0,0,4,3,14,3,0,7,2,7,4,0,1,0,14,0,0,1,0,0,1,0,1,0,1,0,1,0,51,0,1,0,0,0,3,1,0,0,0,7,3,3,9,5,4,0,6,2,2,0,0,0,0,1,0,0,1,0,0,0,0,0,2,0,1,0,0,0,0,3,0,0,0,0,0,0,0,0,0,0,0,0,0,0,0,1,0,0,1
4,1597,FUNDACAO DE AÇÃO SOCIAL DO CAMPO COMPRIDO - FAS (MUNICIPAL),"RUA EDUARDO SPRADA, 4520",CIDADE INDUSTRIAL,-25.4457744,-49.3495257,75,0,2901,2347,121,100,0,9,2,9,35,5,2,0,0,1,31,3,0,0,14,0,0,0,1,1,1,11,0,0,0,0,1,1,0,0,0,0,0,23,0,0,0,1,0,0,1,0,8,4,162,0,62,0,3,1,0,0,0,0,5,1,6,3,10,0,1,0,2,1,0,0,0,0,12,0,0,0,6,50,0,0,0,1,0,0,0,0,0,6,3,0,0,0,0,88,0,3,0,1,1,0,0,0,0,0,0,0,0,0,6,0,0,0,0,0,0,0,0,0,0,0,0,0,3,3,0,0,19,0,0,24,0,5,0,0,3,14,0,25,22,18,10,1,1,3,0,0,43,1,0,0,0,1,0,16,1,1,1,2,0,0,0,0,1,8,0,0,10,0,0,15,1,1,0,0,0,0,0,0,0,0,0,1,0,0,0,0,0,4,41,0,0,1,0,0,0,0,0,0,2,1,5,0,0,0,0,1,0,0,0,0,4,0,0,0,4,0,0,0,0,0,1,0,0,0,0,0,5,0,0,0,4,0,0,0,0,0,0,0,0,0,0,0,0,0,1,0,0,0,0,0,0,0,0,0,0,0,2,0,0,0,0,0,0,0,0,32,7,0,0,0,0,13,2,0,0,0,0,0,0,0,0,0,2,0,0,8,1,1,2,0,12,2,1,2,0,0,0,0,0,1,1,7,2,0,0,0,1,6,0,0,0,0,0,0,0,0,70,1,3,16,0,0,0,0,5,7,0,0,0,1,0,0,42,37,1,0,12,0,1,0,3,16,0,3,2,0,0,0,0,0,3,0,0,29,0,13,0,0,1,1,8,0,0,0,3,58,0,9,6,117,2,0,0,0,0,0,0,0,0,0,0,0,1,0,0,0,15,0,0,0,0,0,0,0,71,5,0,0,15,0,1,0,10,0,0,1,5,6,0,9,5,29,22,0,1,0,0,10,0,1,2,1,0,3,0,0,0,3,0,0,1,0,0,0,0,0,2,0,1,0,0,0,3,0,0,0,1,0,0,2,0,0,0,0,1,0,3,0,0,25,1,0,0,0,28,0,1,0,0,0,4,0,0,0,0,0,0,0,0,0,0,0,0,0,0,0,1,1,18,0,4,0,0,0,0,0,0,0,0,0,0,2,1,0,0,0,0,1,0,0,1,0,0,0,1,0,0,0,0,0,0,0,0,0,0,0,1,0,79,1,0,3,0,0,7,1,6,2,0,8,1,8,3,1,2,0,20,0,0,4,0,0,0,0,1,0,0,0,0,0,77,1,1,9,0,0,9,0,0,0,0,14,3,5,1,5,2,0,1,0,2,0,0,0,0,0,0,0,0,0,2,0,0,0,0,0,2,0,1,0,0,15,0,2,0,0,0,0,0,0,0,0,0,1,1,1,0,0,0,2,1
4,1600,ESCOLA MUNICIPAL MORADIAS DO RIBEIRAO,"RUA JOAO DEMBINSKI, 3030",CIDADE INDUSTRIAL,-25.4745024,-49.3394608,75,0,3316,2722,192,124,0,18,4,11,48,7,2,1,2,4,56,1,1,0,17,1,0,2,5,3,2,11,1,0,0,0,0,0,0,0,0,0,0,37,0,0,0,0,0,0,0,1,20,0,103,0,56,0,3,0,0,0,0,0,0,2,2,2,30,0,0,0,0,0,0,0,0,0,19,1,1,0,0,23,0,0,0,2,1,1,2,0,0,2,2,0,0,0,0,50,1,4,1,1,2,0,0,1,2,0,1,0,1,0,15,0,0,0,0,0,0,0,0,0,0,0,0,2,5,17,0,3,13,0,0,33,0,3,1,1,5,13,1,33,20,39,10,5,0,0,0,1,53,0,2,0,1,6,0,13,1,0,5,1,1,1,2,0,1,1,0,0,9,0,0,14,1,0,0,0,0,0,0,0,0,0,0,0,0,0,0,0,0,5,44,0,0,0,1,0,0,0,0,0,0,0,16,1,0,0,2,1,0,0,2,0,2,0,0,0,5,0,0,0,0,0,0,0,0,2,0,0,3,0,0,0,4,0,2,0,0,0,0,1,0,0,0,0,0,0,0,0,6,0,1,0,1,0,0,1,1,0,20,0,0,0,0,0,0,0,0,35,2,0,1,1,1,16,3,0,0,0,0,5,0,0,0,0,1,0,0,1,0,0,0,0,13,2,1,5,0,0,0,0,0,0,0,1,0,0,0,1,3,9,0,0,0,0,0,0,0,0,55,0,3,24,5,0,1,0,7,3,0,0,0,0,3,3,47,74,4,0,19,5,3,0,3,26,0,3,0,0,0,3,1,0,5,1,9,68,0,10,0,0,3,7,15,1,3,0,2,94,1,4,6,122,0,2,0,0,1,0,0,0,0,0,0,0,0,0,0,1,11,1,0,0,0,0,0,2,68,0,2,0,16,1,0,0,24,0,0,8,2,5,1,6,1,20,5,1,8,0,0,10,0,1,2,13,0,6,0,0,0,0,0,0,0,0,0,0,0,0,0,0,1,0,0,1,2,0,0,0,1,0,0,1,0,0,0,1,0,0,1,0,0,12,4,0,0,1,17,0,0,7,0,0,5,0,0,0,1,0,0,0,0,0,0,0,5,0,0,0,0,0,25,0,2,0,0,16,0,0,0,1,0,0,0,0,0,0,0,0,0,2,0,0,0,0,6,0,0,0,0,0,0,0,0,2,0,0,3,0,1,0,72,0,0,0,0,0,4,1,10,0,0,6,2,3,18,0,0,1,20,1,0,12,1,0,0,0,2,1,0,0,2,0,49,1,4,2,0,1,1,0,0,0,0,11,4,7,23,6,2,0,8,0,0,0,1,0,0,0,1,1,0,1,0,0,2,0,0,0,0,1,1,0,0,13,0,1,0,0,0,0,0,0,0,0,1,0,0,0,0,1,1,2,0
4,1619,ESCOLA ESTADUAL JOSE FRESSATO,"RUA NOVA LONDRINA, 30",AUGUSTA,-25.4570923,-49.3776661,68,0,1824,1461,143,47,0,10,3,6,24,0,2,0,0,1,13,0,1,1,11,2,0,0,1,0,3,9,0,0,0,0,0,0,0,0,1,0,0,18,0,0,0,0,0,0,0,0,12,0,73,0,20,0,1,4,0,0,0,0,0,0,0,2,0,0,0,0,0,1,0,0,0,0,20,1,1,0,0,159,0,0,0,0,0,0,1,0,0,13,0,0,0,0,0,8,0,4,1,0,0,0,0,0,1,0,0,0,1,0,5,0,0,0,0,0,0,0,0,0,0,1,0,0,6,3,0,0,10,0,3,15,0,2,0,0,1,5,0,11,9,4,1,4,0,0,0,1,9,0,1,0,0,0,0,5,2,1,0,0,0,0,0,0,0,0,0,0,1,0,0,5,0,0,0,0,0,0,0,0,1,0,0,0,0,0,0,0,0,1,28,0,0,0,0,0,0,0,0,0,0,2,2,0,0,0,1,0,0,0,0,0,4,0,1,0,6,0,0,0,0,0,1,0,0,0,0,0,1,0,0,0,0,0,0,0,0,0,0,0,0,0,0,0,0,0,1,0,0,0,1,0,0,0,0,0,0,0,1,0,0,0,0,0,0,0,0,20,1,0,1,0,0,6,3,0,0,0,0,0,0,0,1,0,0,0,0,2,0,1,0,0,7,0,0,0,0,0,0,0,1,0,2,3,0,0,0,0,0,11,0,0,0,0,0,0,0,0,45,0,0,21,0,0,0,0,4,6,0,0,1,0,2,1,31,34,0,0,4,2,1,0,0,21,0,8,0,0,0,2,2,0,0,0,0,26,0,5,0,0,3,3,6,0,2,0,2,72,0,0,0,62,0,0,0,0,0,0,0,0,0,0,0,0,0,0,0,0,5,0,0,0,0,0,0,1,27,2,0,1,13,0,1,0,9,0,0,6,1,1,0,2,3,6,5,0,0,0,0,3,0,4,0,4,0,2,0,0,0,0,0,0,0,0,1,0,0,0,0,0,0,0,2,0,0,0,0,0,3,0,1,0,5,0,0,1,1,0,0,0,0,8,0,1,0,0,8,0,0,4,0,0,1,0,0,0,0,0,0,0,0,0,0,0,0,0,0,0,0,2,4,0,2,0,0,4,0,0,0,0,0,0,1,0,0,1,0,0,0,0,0,0,0,0,1,1,2,0,0,0,0,0,0,0,0,0,1,0,0,0,30,0,0,0,0,0,0,0,11,2,0,1,0,2,1,0,0,0,1,0,1,1,0,0,0,0,0,0,0,0,0,0,21,1,0,0,0,0,1,0,0,0,0,4,0,0,2,0,10,0,2,0,0,0,0,0,0,0,0,0,0,0,0,0,0,0,0,0,0,0,0,0,0,17,0,0,0,0,0,0,1,0,0,0,0,0,0,1,0,0,0,0,0
4,1627,CEI - CENTRO DE EDUCAÇÃO INFANTIL OLIVIO SOARES SABOIA (MUNICIPAL),"R JOAO ALEXANDRE KOPP, 505",CIDADE INDUSTRIAL,-25.48065,-49.3475683,75,0,3488,2811,225,120,0,15,1,12,38,5,3,0,0,2,38,1,0,0,15,0,0,0,3,2,1,8,1,1,0,0,0,1,0,0,1,0,1,26,0,0,0,0,0,0,0,0,23,8,88,0,68,0,2,0,0,0,0,0,0,0,1,0,9,1,1,0,0,0,0,0,0,0,37,2,0,0,0,44,0,0,0,8,0,1,0,0,1,4,1,0,0,0,0,48,0,5,2,2,3,0,0,0,2,0,0,0,2,0,9,0,0,1,0,0,3,0,0,0,0,0,0,0,12,10,0,2,18,0,0,26,0,9,1,1,4,18,0,35,31,23,12,4,0,0,0,4,57,0,2,0,0,3,2,17,4,0,6,2,0,0,2,0,0,1,0,1,6,0,0,20,0,0,0,0,0,0,1,0,0,0,1,0,0,0,0,0,0,1,56,0,0,3,0,0,1,0,0,1,0,0,9,1,0,0,0,2,0,0,6,1,9,0,1,0,4,0,0,0,0,0,0,1,0,0,2,0,0,0,0,0,6,0,0,1,0,0,1,0,0,0,0,0,0,1,0,0,4,0,5,0,0,0,0,0,0,0,16,0,2,0,0,0,0,0,0,45,2,0,6,0,0,10,7,2,1,0,0,10,0,0,1,0,4,0,0,2,1,0,2,0,10,1,4,10,0,0,1,0,0,0,0,4,0,0,0,5,0,12,0,0,0,0,0,0,1,0,42,3,2,38,3,0,2,0,5,7,0,0,0,0,5,2,53,76,6,0,24,5,0,0,1,20,0,3,3,0,1,3,0,3,6,2,2,50,0,10,0,1,1,6,8,0,4,1,2,99,0,2,1,185,3,0,0,0,0,0,0,0,0,0,0,1,0,0,0,0,7,0,0,0,0,0,0,1,50,0,2,0,29,1,2,0,10,0,0,0,6,7,0,1,3,18,8,2,0,0,0,14,0,1,0,15,0,1,0,0,0,1,0,0,0,0,0,0,0,0,0,0,2,0,0,0,0,0,0,0,0,0,3,0,1,0,0,1,0,1,0,0,0,21,0,0,0,0,21,0,0,19,0,0,5,0,0,0,0,0,0,0,0,0,1,2,22,0,1,0,0,0,27,0,0,0,0,6,0,1,0,0,0,0,0,0,1,1,0,0,0,2,0,0,0,0,0,1,0,0,0,0,0,0,0,0,0,0,3,0,0,0,63,0,0,0,0,0,6,1,4,2,0,5,0,9,52,0,2,2,9,0,0,15,1,0,1,0,1,0,1,0,0,0,42,0,0,11,0,0,3,0,0,0,0,20,0,8,13,3,2,0,5,0,0,0,0,0,0,0,1,0,0,0,0,0,0,0,0,0,0,0,0,0,0,5,0,0,0,0,0,1,0,0,1,0,0,0,0,0,0,2,0,2,0
4,1643,COLÉGIO ESTADUAL PROFESSORA HILDEGARD SONDAHL - EFM,"RUA JOAQUIM DE SIQUEIRA CORTES, 62",CIDADE INDUSTRIAL,-25.487178,-49.3528876,75,0,3128,2507,219,140,0,8,7,4,30,4,1,0,2,8,36,1,1,0,14,0,0,1,2,2,1,5,1,0,0,0,2,0,0,0,1,0,0,31,0,0,0,1,0,1,1,0,16,1,63,0,73,0,3,0,0,0,0,0,0,0,1,0,11,0,1,0,0,1,0,0,1,0,46,0,2,0,0,43,0,0,0,1,1,2,0,1,0,9,1,0,0,0,1,30,0,3,0,0,0,0,0,1,0,0,0,0,1,1,6,0,0,0,0,0,0,0,0,0,0,0,0,0,9,9,0,0,8,1,0,21,0,6,0,5,2,25,0,30,40,21,12,4,0,0,0,3,42,0,3,1,0,1,0,14,1,0,2,0,0,0,0,0,0,2,1,1,4,0,0,17,0,0,0,0,0,0,1,4,0,0,0,2,0,0,0,0,0,5,44,2,0,1,0,0,0,0,0,0,4,0,12,0,0,0,0,1,0,0,3,1,10,0,1,0,7,0,0,0,0,0,0,0,0,0,2,0,0,0,0,0,1,0,0,0,0,0,0,0,0,0,0,0,0,3,0,0,6,0,1,0,0,0,0,1,0,2,0,0,0,0,0,0,0,0,0,43,1,0,4,0,0,4,10,6,0,0,0,19,0,0,0,0,2,0,0,1,0,0,0,0,14,1,0,12,0,0,1,0,1,0,2,2,0,0,0,0,0,11,0,0,0,0,0,0,0,0,67,1,1,24,4,0,0,0,11,10,0,0,0,0,4,0,52,68,1,0,25,1,0,0,1,38,0,1,0,3,0,5,0,0,6,0,1,27,2,12,1,0,1,21,11,0,1,0,1,94,0,4,5,163,0,2,0,0,0,0,0,0,0,0,0,0,0,0,0,0,4,0,0,1,0,0,0,3,52,0,3,0,7,0,0,0,7,1,0,0,7,5,1,8,2,11,6,0,7,0,0,8,0,2,0,6,2,3,0,0,0,0,0,0,2,0,0,0,0,0,0,0,0,0,0,0,0,0,0,0,5,0,0,0,0,0,0,0,0,0,1,0,0,15,1,1,0,0,30,0,0,9,0,0,0,0,0,0,2,1,0,0,0,0,0,0,0,0,0,0,0,1,12,0,2,0,0,8,0,0,0,0,0,0,1,0,0,3,0,0,0,0,0,0,0,0,1,0,2,0,0,0,0,0,0,0,0,0,2,0,0,0,54,0,0,2,0,0,1,2,4,2,0,8,0,4,4,1,0,0,5,0,0,12,0,0,0,3,1,1,1,0,2,0,28,1,0,3,1,0,7,0,0,1,0,31,0,6,9,3,3,0,3,0,4,1,0,0,0,1,0,0,0,0,0,0,0,0,0,0,1,0,0,0,0,5,0,0,0,0,0,0,0,0,0,0,0,0,0,1,0,0,0,0,0
4,1651,ESCOLA ESTADUAL MONSENHOR IVO ZANLORENZI,"R EDUARDO SPRADA, 4114",CAMPO COMPRIDO,-25.4448129,-49.3454022,44,0,4336,3445,185,128,0,15,3,12,63,11,3,1,1,3,43,1,1,0,25,1,0,0,0,3,0,12,0,2,1,1,0,0,0,0,1,0,2,16,1,0,0,1,0,0,0,0,18,8,252,0,73,0,1,4,0,0,1,0,3,2,0,5,6,0,2,0,9,2,0,0,0,0,22,0,3,0,0,60,0,0,0,2,0,3,2,1,0,18,8,0,0,0,0,124,0,6,1,1,2,0,0,1,6,0,0,0,0,0,8,0,1,1,0,0,0,0,0,0,0,1,0,0,5,4,0,1,20,1,3,57,0,9,4,5,3,12,0,27,28,24,12,5,0,0,1,2,46,1,2,0,1,3,0,27,1,0,4,2,1,0,0,0,2,15,2,0,15,0,0,19,0,1,1,4,0,0,1,0,0,0,2,1,0,0,0,1,0,9,67,0,0,0,0,1,0,0,0,0,1,0,3,1,0,1,1,2,0,2,2,0,11,0,0,0,8,0,0,0,0,0,3,1,0,2,2,0,1,0,0,2,3,0,1,0,0,0,0,0,0,0,0,0,0,0,0,0,0,0,2,0,0,0,0,1,1,0,0,0,0,0,0,0,0,0,0,35,8,0,0,0,1,10,5,1,0,0,0,0,0,0,0,0,0,0,0,9,0,3,0,0,20,0,1,3,0,1,0,0,1,3,2,2,12,0,0,1,0,9,0,0,0,0,0,0,0,0,106,2,5,40,2,0,2,0,7,9,0,0,0,0,3,3,64,51,2,1,20,5,2,0,3,26,0,13,2,0,0,6,4,2,11,2,3,40,0,24,2,2,1,0,7,0,1,1,2,83,1,6,4,197,4,0,0,0,0,0,0,0,0,0,0,0,0,0,0,0,17,2,0,0,0,0,0,6,85,0,0,0,20,0,4,0,19,0,0,1,2,4,0,5,2,51,21,7,3,0,0,40,0,2,3,2,2,8,0,0,0,2,0,0,0,0,1,0,0,1,0,0,2,0,1,0,0,0,1,0,0,0,0,0,0,0,0,0,0,0,2,2,0,34,0,0,0,1,20,2,1,4,0,1,8,0,0,0,1,0,0,0,0,0,0,2,0,0,0,0,0,0,18,0,11,0,0,2,0,0,0,0,0,0,0,0,0,0,0,0,0,2,0,0,0,0,5,0,1,0,0,1,0,0,0,1,0,0,5,0,0,0,92,0,0,2,0,1,7,6,32,2,0,6,7,6,3,0,0,0,22,1,1,23,1,0,0,0,3,0,0,0,2,1,91,0,0,5,0,1,7,0,0,0,0,12,0,12,10,6,6,0,10,1,2,0,0,0,0,0,0,0,0,0,0,0,0,1,1,0,0,0,0,0,0,23,1,2,0,0,0,1,0,0,0,0,0,0,0,0,0,0,0,3,0
4,1694,ESCOLA MUNICIPAL PROFESSOR ULISSES FALCAO VIEIRA,"RUA EDUARDO SPRADA,  5062",CIDADE INDUSTRIAL,-25.4497278,-49.3523978,75,0,4082,3296,213,138,0,18,6,12,44,13,2,0,0,1,44,3,3,0,26,1,1,0,3,4,0,14,1,0,1,1,2,0,0,0,0,0,0,30,1,0,0,0,0,0,0,0,13,4,245,0,97,0,5,3,0,1,2,0,4,6,1,3,7,0,4,0,0,0,0,0,1,0,31,0,0,0,7,91,0,0,0,2,0,0,3,1,1,7,1,0,0,0,0,86,0,11,1,2,0,0,0,0,0,0,0,0,5,0,12,0,0,0,0,0,0,0,0,1,1,0,0,0,9,11,1,0,14,0,1,45,0,4,2,0,2,11,1,53,39,26,19,4,0,2,0,4,45,0,0,1,0,5,0,17,1,0,4,0,1,0,1,2,0,7,0,0,11,0,0,14,0,2,0,1,0,0,0,0,0,0,1,3,0,0,0,0,0,7,56,0,1,0,0,0,0,0,0,1,0,0,4,1,1,0,1,3,0,0,0,0,6,1,1,0,14,0,0,0,0,0,0,0,0,2,3,0,0,0,0,0,7,0,0,0,2,0,0,0,0,0,0,0,0,0,0,0,0,0,3,0,0,0,0,0,0,0,1,0,0,0,0,0,0,0,0,32,11,0,0,0,0,12,7,0,2,0,0,0,0,1,0,1,4,1,0,1,1,1,0,2,8,0,0,4,0,0,0,0,0,0,3,2,5,0,0,0,0,5,0,0,0,0,0,0,0,0,60,3,2,43,1,0,2,0,7,3,0,1,0,0,3,0,54,68,6,0,19,2,1,0,1,25,1,4,0,0,0,9,0,0,12,1,0,73,0,28,1,0,6,1,7,0,1,0,0,94,0,9,3,189,5,1,0,0,0,0,0,0,0,0,0,0,0,0,0,0,11,0,0,0,0,0,0,1,52,0,2,0,29,1,1,0,14,0,1,3,3,6,0,11,4,37,18,3,8,0,0,12,0,2,4,3,1,3,0,1,2,0,0,0,1,0,0,0,0,2,1,0,1,0,0,0,0,0,1,0,0,0,0,3,0,0,0,0,4,0,1,2,0,30,0,0,0,0,27,3,0,4,0,0,7,0,0,0,0,0,0,0,0,0,1,0,0,2,0,0,0,0,29,0,1,0,1,0,0,0,0,2,0,0,0,0,1,0,0,0,2,0,0,0,0,0,4,2,0,0,0,1,0,0,0,0,0,0,3,0,0,0,79,2,0,1,0,0,9,5,12,2,0,9,2,4,3,0,6,0,14,2,0,10,0,0,0,0,0,3,2,0,0,0,78,0,3,9,0,2,8,0,0,0,0,11,2,10,4,5,4,1,9,1,10,0,0,0,0,0,0,0,0,1,0,0,0,1,0,0,1,0,0,0,0,31,0,0,0,0,0,0,0,0,0,0,0,0,0,0,0,1,0,1,0
4,1708,COLEGIO ESTADUAL TEOTONIO VILELA,"RUA ROBERT REDZIMSKI, 1000",CIDADE INDUSTRIAL,-25.4573618,-49.3490497,75,0,5899,4694,390,213,0,31,4,12,76,13,2,0,1,6,75,1,2,0,26,0,0,0,5,5,4,19,0,0,0,0,1,0,1,0,0,0,0,68,0,1,0,1,0,1,0,0,45,6,360,0,96,0,1,0,0,0,2,0,0,3,8,1,23,0,4,0,0,0,0,0,0,0,50,2,4,0,1,159,0,0,0,3,1,2,1,1,0,13,2,0,0,0,0,67,0,11,0,1,2,0,0,0,0,0,0,0,1,2,20,2,0,1,0,0,0,0,0,0,1,0,0,0,10,10,0,1,39,1,3,69,0,24,0,3,6,35,2,69,56,41,21,6,1,0,2,0,71,1,4,0,5,7,0,40,5,1,7,0,2,0,0,0,2,4,0,0,21,0,1,34,0,3,1,0,0,1,0,0,0,2,0,0,0,0,0,0,0,8,59,0,0,0,1,1,0,0,0,1,3,3,17,0,0,1,0,3,0,1,6,0,13,0,0,0,8,0,0,0,0,0,5,0,0,2,1,0,0,0,0,0,6,0,0,0,0,0,0,0,0,0,0,0,0,1,1,0,8,0,2,0,0,0,0,0,0,0,2,0,0,0,1,0,1,0,0,54,12,0,5,1,0,5,9,0,2,0,0,0,0,0,0,0,3,0,0,3,1,1,0,0,17,1,0,3,0,0,0,0,0,0,2,7,2,0,0,4,1,13,0,0,0,0,0,0,2,0,86,2,3,52,2,0,0,0,12,4,0,0,0,0,2,1,81,76,2,0,30,3,1,1,4,56,1,6,1,0,0,7,1,0,6,0,3,73,0,18,0,0,0,10,22,0,2,0,4,142,1,9,4,274,0,0,0,0,0,0,0,0,2,0,0,0,0,0,0,0,14,0,0,0,0,0,0,1,89,3,0,2,20,1,1,1,30,0,0,3,3,9,0,3,0,22,16,0,4,0,0,12,0,3,1,12,2,5,0,0,2,0,1,0,2,0,0,0,0,1,0,0,0,0,0,0,1,0,0,0,2,1,3,0,0,0,0,0,1,1,4,0,0,28,18,1,0,0,33,0,0,7,0,0,12,0,0,0,3,0,0,0,0,0,0,1,0,0,0,0,1,0,124,0,2,0,0,5,0,0,0,1,0,0,0,0,2,1,0,0,0,2,0,0,0,0,4,1,0,0,0,1,0,0,0,0,0,0,2,0,0,0,117,0,0,2,1,0,4,4,13,1,0,10,4,8,3,1,3,0,15,0,2,8,0,0,0,0,0,1,0,0,4,1,67,1,1,12,0,1,9,0,0,0,0,15,2,13,14,5,7,0,10,0,3,1,0,0,0,0,0,1,1,1,0,0,0,0,0,0,3,0,0,0,0,21,0,0,0,0,2,0,0,0,0,0,1,0,0,1,0,1,0,2,0
4,1716,COLEGIO (PARTICULAR) MARTINUS PORTÃO,"RUA ARTHUR MOHR,144",PORTÃO,-25.4727523,-49.2993613,27,0,2336,1894,68,43,0,7,0,3,41,6,2,0,0,6,32,1,1,0,19,0,0,1,2,0,4,3,0,2,0,0,1,0,0,0,0,0,0,14,1,0,0,0,0,1,1,0,6,6,52,0,52,0,2,0,0,2,0,0,2,0,1,4,9,0,6,1,0,0,0,0,0,0,6,0,0,0,0,11,0,0,0,0,0,2,0,0,1,0,3,0,0,0,0,73,0,6,0,5,0,0,0,0,0,0,0,0,1,0,3,0,0,0,0,0,0,0,0,0,0,0,0,0,4,0,0,2,13,0,2,17,0,1,1,1,4,15,0,27,43,24,11,0,0,0,0,1,14,0,3,0,0,0,0,18,3,0,1,0,0,0,0,0,0,0,1,0,2,0,0,10,0,0,0,2,0,0,0,1,0,0,1,1,0,0,0,0,0,6,31,0,1,0,0,0,0,0,0,1,0,0,9,0,0,1,0,5,0,1,4,0,6,0,2,0,12,0,0,0,0,0,0,0,0,1,0,0,0,0,0,1,6,0,0,0,0,0,0,0,0,0,0,0,0,0,0,0,2,0,0,0,0,0,0,0,0,0,0,0,0,0,1,0,0,0,0,31,4,0,0,0,1,8,4,1,0,0,0,0,0,0,0,0,1,0,0,1,2,1,0,0,9,0,0,3,0,0,0,0,0,0,0,9,0,0,0,0,1,10,0,0,0,1,0,0,1,0,55,0,2,49,4,0,0,0,4,1,0,0,1,0,0,4,21,12,7,0,16,0,0,0,2,9,0,6,1,0,0,3,0,0,6,0,2,8,0,12,0,1,0,2,8,0,0,0,0,47,0,7,4,135,0,0,0,0,0,0,0,0,0,0,0,0,0,0,0,0,7,0,0,0,0,0,0,0,26,1,0,0,19,0,1,0,25,0,0,1,0,8,1,0,3,38,22,3,3,0,0,17,1,0,0,2,0,2,1,1,1,4,0,0,1,0,0,0,0,0,1,0,1,0,1,0,0,0,0,0,0,2,1,3,1,0,0,0,0,0,0,0,0,9,0,0,0,1,24,0,0,1,0,0,3,0,0,1,0,0,0,0,0,0,0,2,0,0,0,0,0,0,0,0,6,0,0,1,0,0,0,0,0,0,0,2,0,0,0,0,0,1,2,0,0,0,0,0,0,0,0,0,0,0,0,1,0,0,1,0,0,0,76,0,0,2,0,0,3,0,9,0,0,6,3,12,3,0,1,0,51,0,0,0,0,0,0,2,2,0,0,0,0,0,75,1,0,4,0,0,6,3,0,0,0,7,0,1,8,1,0,0,7,0,4,1,0,0,0,1,0,0,0,0,0,0,1,0,1,0,0,0,0,0,0,5,0,0,0,0,0,0,0,0,0,0,0,0,0,0,0,0,0,2,0
4,1724,COLEGIO ESTADUAL PROTASIO DE CARVALHO,"RUA CIDADE GAUCHA, 120",CIDADE INDUSTRIAL,-25.47279,-49.3474133,75,0,5540,4404,343,224,0,20,0,11,63,11,5,1,1,9,57,2,1,0,19,0,0,0,4,5,3,18,1,1,0,0,0,0,0,0,1,0,0,64,0,0,0,0,0,0,2,0,46,7,159,0,139,0,3,1,0,0,0,0,0,1,2,1,49,0,3,0,0,0,0,0,0,0,48,0,1,0,0,43,0,0,0,8,4,0,0,0,0,8,1,0,0,0,0,92,0,11,2,4,0,0,1,1,5,0,0,1,7,0,22,0,0,0,0,0,0,1,0,0,0,0,0,0,7,23,0,0,28,0,1,54,0,10,2,2,2,35,2,68,46,34,20,2,0,0,0,8,76,1,4,0,2,8,0,14,4,0,4,4,1,0,4,0,1,1,3,0,10,1,0,17,0,0,0,1,0,1,1,3,0,0,0,2,0,0,0,1,0,8,83,0,0,0,0,0,2,0,0,1,1,0,22,1,0,1,2,0,0,0,3,0,5,0,3,0,4,0,1,0,0,1,1,0,0,1,1,0,0,0,0,2,4,1,0,0,0,0,0,0,0,2,0,0,0,7,1,0,12,0,4,0,0,0,1,0,0,0,29,0,1,0,1,0,0,0,0,64,7,0,3,0,2,10,4,0,1,4,0,5,0,0,1,1,5,0,0,2,2,0,1,0,13,1,2,5,1,0,0,0,0,0,0,2,5,0,0,2,0,16,0,0,0,0,0,0,4,0,83,7,0,40,15,0,1,0,8,6,1,2,0,0,6,1,52,114,4,1,33,1,1,0,4,58,0,2,1,0,0,9,5,1,14,0,6,84,0,35,0,0,5,19,25,1,1,0,10,162,2,11,2,241,0,1,0,0,0,0,0,0,0,0,0,0,0,1,0,0,19,1,0,1,0,0,0,2,98,1,0,0,17,0,0,0,29,0,0,2,4,4,0,10,5,20,14,2,2,0,0,14,0,4,0,30,1,3,1,1,0,0,0,1,0,0,0,0,1,0,1,0,1,0,1,0,0,0,0,0,0,0,1,0,1,0,1,0,0,0,0,0,0,29,1,1,0,0,41,0,0,12,0,0,1,0,0,0,1,0,0,0,0,0,0,0,9,0,1,0,1,0,34,0,3,0,0,6,0,1,0,0,1,0,0,1,1,0,0,0,3,1,0,0,0,0,2,2,1,0,0,0,0,0,0,1,0,0,0,0,2,0,108,0,0,2,1,3,4,6,16,2,0,8,0,5,56,0,1,0,28,0,0,16,0,0,1,0,2,0,2,0,1,0,66,2,1,3,0,1,5,0,0,0,0,27,2,11,42,2,3,0,15,0,1,0,1,0,0,0,2,2,0,0,0,0,0,0,0,0,2,0,1,0,0,9,0,0,0,1,0,0,0,0,0,0,0,0,0,1,0,1,0,1,1
4,1740,ASPP - ASSOCIACAO DOS SERVIDORES PUBLICOS DO PARANA,"RUA PROFESSOR ULISSES VIEIRA, 2303",SANTA QUITERIA,-25.4628823,-49.3119998,43,0,6292,5030,280,180,0,16,2,20,76,15,5,0,0,6,74,0,1,1,26,2,0,1,4,2,4,19,2,0,0,1,1,0,0,0,1,0,0,52,0,0,0,0,1,0,1,0,18,9,284,0,119,0,5,1,0,0,3,0,4,2,4,1,18,0,1,0,2,0,0,0,0,0,34,0,2,0,1,45,0,0,0,4,0,1,8,1,0,0,9,0,2,0,0,187,0,21,2,6,3,1,0,0,3,0,0,0,3,0,15,0,0,1,0,0,0,0,0,0,0,0,0,0,9,17,0,1,22,5,2,77,0,9,0,5,14,30,0,72,89,41,17,5,0,0,1,3,93,2,2,1,1,9,0,28,4,0,5,4,2,3,1,0,0,5,3,0,21,0,0,27,0,1,0,1,0,1,0,1,0,0,2,1,2,0,0,0,0,12,108,0,0,0,0,0,0,0,0,3,5,3,10,1,0,0,0,27,0,3,4,0,11,0,0,0,7,0,0,0,0,0,2,0,0,0,4,0,0,0,0,0,4,0,2,0,0,0,0,0,0,0,0,0,0,2,0,0,2,0,2,0,1,0,0,0,0,0,0,1,0,0,0,0,0,0,0,53,15,1,1,2,2,18,16,0,1,2,0,0,0,0,2,0,2,3,0,6,0,0,0,0,30,3,0,5,0,0,0,0,0,0,0,5,2,0,0,1,2,11,0,1,0,0,0,0,6,0,116,7,9,87,8,1,0,0,15,19,0,0,0,0,4,1,87,99,11,0,38,4,2,0,1,46,0,13,0,1,0,5,4,1,12,0,0,54,0,25,1,0,11,14,23,0,1,1,2,165,0,11,10,260,2,1,0,0,0,0,0,0,0,0,0,0,0,0,0,0,28,1,0,0,0,0,0,3,129,1,3,1,25,1,2,0,26,1,0,4,3,3,1,8,6,50,22,1,5,0,0,25,0,1,2,14,2,6,0,1,3,2,0,0,1,0,0,1,0,0,1,0,7,0,1,0,1,0,1,0,0,0,1,1,0,0,0,1,1,1,1,0,0,31,5,0,0,0,42,3,1,4,0,0,4,0,0,0,1,3,0,0,0,0,0,0,2,0,0,0,7,1,4,1,5,0,0,4,0,0,0,2,0,0,0,1,2,0,0,1,0,1,2,0,0,0,4,3,0,0,0,0,0,0,0,0,2,0,18,1,1,0,146,0,0,3,1,0,10,3,49,1,1,10,3,13,7,0,2,0,65,0,1,25,2,0,0,0,2,0,3,0,5,0,140,0,0,19,1,0,10,3,0,0,0,20,3,14,10,9,5,0,15,5,8,1,0,0,0,0,0,1,0,2,0,0,0,0,0,1,0,0,0,0,0,16,0,0,0,0,0,0,0,1,0,0,0,1,0,5,0,2,1,2,0
4,1937,ESCOLA PAULA AMARAL,"RUA LUIZ RONALDO CANALLI, 2901",CAMPO COMPRIDO,-25.4613305,-49.3314914,44,0,1834,1488,86,54,0,2,0,3,29,4,1,0,0,6,24,1,0,0,5,0,0,0,1,0,1,3,0,0,1,1,0,0,0,0,0,0,0,16,0,1,0,0,0,0,0,0,5,4,84,0,40,0,0,0,0,0,0,0,0,0,3,1,4,0,1,0,1,1,0,0,1,0,14,0,0,0,0,22,0,0,0,2,0,1,0,2,0,1,1,0,0,0,0,56,0,0,0,2,0,0,0,0,1,0,0,0,0,0,5,0,0,0,0,0,0,0,0,0,0,0,0,0,7,4,0,1,10,0,2,17,0,1,1,2,1,14,0,29,36,16,2,1,0,0,0,0,21,0,3,1,0,0,0,13,4,0,3,1,0,0,0,0,0,1,2,1,2,0,0,11,0,0,0,0,0,0,1,1,0,0,1,0,0,0,0,1,0,8,45,0,0,2,0,0,0,0,0,0,2,1,6,0,0,0,0,1,0,0,4,0,2,0,2,0,6,0,0,0,0,0,2,1,0,1,2,0,0,0,0,0,4,0,1,0,0,0,1,0,0,1,0,0,0,0,0,0,3,0,0,0,0,0,0,1,0,0,0,0,0,0,0,0,0,0,0,12,4,0,1,0,1,3,4,0,1,0,0,1,0,0,0,0,0,0,0,1,2,2,0,0,2,0,0,1,0,1,0,0,0,0,0,1,1,0,0,1,0,5,0,0,2,0,0,0,0,0,30,0,1,17,1,0,0,0,3,6,0,0,0,1,1,1,16,44,1,0,9,1,0,0,1,15,0,3,0,1,0,3,0,0,6,0,5,14,0,18,0,0,1,1,1,0,0,0,0,51,0,2,3,79,0,0,0,0,0,0,0,2,0,0,0,0,1,0,0,0,9,1,0,0,0,0,0,4,26,0,0,0,5,0,0,0,7,0,0,7,1,2,0,2,5,10,2,1,1,0,0,15,0,0,0,1,1,0,0,0,1,1,0,0,1,0,0,0,0,0,0,0,0,0,0,0,0,0,0,0,0,0,0,0,0,0,0,2,0,0,0,0,0,11,0,0,0,0,12,0,0,0,0,0,3,0,0,0,0,0,0,1,0,0,0,0,0,0,0,0,2,0,3,0,3,0,0,0,0,1,0,0,0,0,0,0,1,0,0,0,0,0,0,0,0,0,1,2,0,0,0,0,0,0,0,0,0,0,2,0,0,0,40,0,0,0,0,0,1,0,7,0,0,3,2,2,4,0,2,0,1,0,1,7,0,0,0,1,0,0,0,0,2,0,44,0,0,4,0,0,3,0,0,0,0,5,2,3,4,3,2,0,3,0,3,0,0,0,0,0,0,0,0,0,0,0,0,2,0,0,0,0,0,0,0,4,0,0,0,0,0,0,0,0,0,0,0,0,0,1,0,0,0,2,0
4,1945,UNIVERSIDADE POSITIVO,"RUA PROFESSOR PEDRO VIRIATO PARIGOT DE SOUZA, 5300",CIDADE INDUSTRIAL,-25.44629,-49.3588549,75,0,6288,5087,216,163,0,10,4,9,52,13,1,0,0,5,81,1,2,1,51,0,0,0,4,3,4,30,0,1,0,0,2,1,0,1,1,0,0,34,0,0,0,0,0,0,0,0,20,12,257,1,100,2,8,0,0,0,2,0,17,2,7,4,10,0,5,0,0,3,0,0,2,0,34,0,4,0,0,87,0,0,0,4,1,6,5,2,0,7,12,0,0,0,0,202,0,4,1,3,1,0,0,1,1,0,0,0,3,0,5,1,0,0,0,0,0,0,0,0,0,0,1,0,5,4,0,0,16,0,0,51,0,9,1,5,5,19,0,73,53,23,18,4,0,1,1,1,44,0,4,0,1,1,1,33,3,0,3,2,0,1,4,0,5,6,3,1,19,0,1,37,1,0,0,4,0,0,1,1,0,0,1,1,1,0,0,0,0,14,98,0,0,1,0,1,2,0,0,0,3,2,10,0,0,2,3,3,0,1,3,0,11,2,2,0,20,0,0,0,0,0,1,0,0,3,0,0,6,0,0,1,3,0,0,0,0,0,1,0,0,0,0,0,0,2,0,0,1,0,0,0,0,0,0,0,0,0,0,0,1,0,5,0,0,0,1,70,15,0,0,0,2,21,4,1,2,4,0,0,0,0,3,0,4,0,0,3,2,3,0,0,22,0,2,4,0,0,0,0,0,0,2,0,22,0,0,0,0,13,0,0,0,0,0,0,3,0,146,2,9,90,12,0,1,0,0,19,0,0,0,0,4,1,96,65,8,0,32,3,0,0,4,31,1,22,6,1,0,5,4,4,17,0,5,43,0,40,1,4,4,4,20,2,4,0,2,105,0,10,14,415,2,0,0,0,0,0,0,0,0,1,0,0,0,1,4,0,56,1,0,1,0,0,0,1,110,12,1,0,36,0,9,2,29,0,0,4,6,13,0,2,10,109,52,11,9,1,0,68,0,0,2,13,3,13,2,1,0,4,1,0,1,0,0,0,1,0,1,0,5,0,1,0,1,0,0,0,2,0,2,2,1,0,0,0,0,2,1,0,0,46,1,0,0,0,28,0,0,1,1,0,6,0,0,0,1,0,0,0,0,0,0,0,1,0,0,0,1,1,10,0,7,0,0,1,0,0,0,4,0,0,0,0,0,0,0,0,0,1,0,0,3,0,5,1,1,0,0,0,0,0,0,0,0,0,5,0,0,0,164,0,0,4,4,0,5,10,40,9,2,22,10,9,5,0,5,0,56,0,0,19,3,0,0,3,3,5,1,0,4,1,117,4,3,11,0,0,17,1,1,0,1,17,4,15,28,14,3,0,8,1,13,0,1,0,0,1,2,0,2,0,0,0,0,0,1,0,1,0,1,0,0,35,0,1,1,0,0,0,0,0,0,0,0,4,1,0,0,0,0,3,0
4,1953,ESCOLA MUNICIPAL PRESIDENTE TANCREDO DE ALMEIDA NEVES,"RUA DESEMBARGADOR CID CAMPELO, 7588",CIDADE INDUSTRIAL,-25.4844267,-49.338395,75,0,1257,1014,92,59,0,8,0,3,21,2,1,0,1,1,21,0,1,0,5,0,1,0,0,2,1,6,0,0,0,0,1,0,0,0,0,0,0,11,0,0,0,0,0,0,0,0,9,0,38,0,21,0,0,0,0,0,0,0,1,0,0,0,5,0,1,0,0,0,0,0,0,0,9,0,0,0,0,8,0,0,0,1,0,0,0,0,0,0,0,0,0,0,0,14,0,3,0,1,0,0,0,1,1,0,0,0,0,0,4,0,0,0,0,0,0,0,0,0,0,0,0,0,2,3,0,0,5,0,0,19,0,0,0,0,0,8,0,19,5,11,3,0,0,0,1,1,30,0,3,0,0,0,0,7,0,0,1,0,1,1,0,0,0,1,0,1,2,0,1,9,0,1,0,0,0,0,0,0,0,0,0,0,0,0,0,0,0,3,14,0,0,0,0,0,0,0,0,0,0,0,3,0,0,0,0,1,0,1,5,0,1,0,0,0,1,0,0,0,0,0,0,1,0,0,1,0,0,0,0,0,0,0,0,0,0,0,0,0,0,0,0,0,0,0,0,0,6,0,1,0,0,0,0,0,0,0,1,0,0,0,0,0,0,0,0,13,0,0,0,0,0,7,5,0,0,1,0,2,0,0,2,0,0,0,0,0,0,0,0,0,1,0,0,2,0,0,0,0,0,0,0,0,0,0,0,2,2,4,0,0,0,0,0,0,0,0,18,0,0,7,3,0,0,0,6,2,0,0,0,0,1,0,11,17,0,0,8,1,1,0,1,21,1,1,0,0,0,3,0,0,2,1,0,8,1,3,0,0,0,0,5,0,2,1,0,28,0,2,1,65,0,0,0,0,0,0,0,0,0,0,0,0,0,0,0,0,10,0,0,2,0,0,0,1,14,0,0,0,6,0,0,0,1,0,0,1,0,5,0,3,1,3,4,0,2,0,0,3,0,1,0,19,2,2,0,0,0,0,0,0,0,0,0,0,0,0,0,0,0,0,0,0,0,0,0,0,2,0,0,0,0,0,0,0,1,0,0,0,0,7,1,0,0,0,7,1,0,7,0,0,3,0,1,0,1,0,0,0,0,0,0,0,18,0,0,0,0,0,5,0,0,0,0,0,0,0,0,0,0,0,0,0,0,0,0,0,0,1,0,0,0,0,1,0,0,0,0,1,0,0,0,0,0,0,0,0,0,0,14,0,0,0,0,0,0,0,2,1,0,1,0,0,3,0,1,0,5,0,1,2,0,0,0,0,0,0,0,0,2,1,28,0,0,2,0,0,2,0,0,0,1,1,0,2,3,0,0,0,4,0,7,0,1,0,0,0,0,0,0,0,0,0,0,0,0,0,0,0,0,0,0,3,0,0,0,0,0,0,0,0,0,0,0,0,0,0,0,0,0,0,0
4,1961,FACULDADE PADRE JOÃO BAGOZZI (PARTICULAR),"RUA CAETANO MARCHESINI, 952",PORTÃO,-25.476062,-49.302937,27,0,6719,5514,222,158,0,3,1,14,74,13,6,0,0,5,86,0,4,0,36,4,0,3,1,3,8,17,0,3,1,3,0,1,0,0,0,1,0,50,0,1,0,2,0,0,1,0,23,15,177,0,164,0,3,1,0,0,2,0,8,2,6,5,19,0,6,0,1,1,2,0,1,0,37,0,3,0,0,34,1,0,0,16,1,3,2,2,1,4,13,0,0,0,1,199,0,10,0,7,4,0,0,2,1,0,0,0,6,0,7,0,0,2,1,0,0,0,0,0,0,0,0,0,17,5,0,1,19,1,0,91,0,7,5,4,5,25,0,56,103,44,27,4,0,0,1,1,63,1,3,1,0,4,0,34,1,0,6,6,0,1,1,0,0,6,1,1,16,0,1,45,0,1,0,1,0,1,0,2,0,1,1,1,0,0,0,0,0,11,92,0,1,0,0,0,0,1,0,1,7,0,6,1,0,0,0,13,0,2,3,0,7,0,2,0,24,1,0,0,0,0,3,0,0,0,3,0,1,0,0,0,14,0,0,0,0,1,0,0,0,0,1,0,0,0,0,0,3,0,6,0,0,0,0,0,0,0,0,0,0,0,0,0,0,0,0,49,14,0,3,0,1,22,6,0,0,2,0,0,0,3,0,0,2,0,0,13,1,6,1,0,20,0,0,6,0,0,0,0,1,0,0,7,2,0,1,0,3,17,0,0,0,0,0,0,4,0,132,2,4,140,17,0,2,0,7,14,0,2,0,0,0,3,91,76,20,0,61,4,2,0,3,46,1,16,2,2,0,7,1,1,16,0,12,33,0,57,1,2,10,9,24,0,1,0,2,123,1,6,16,398,5,1,0,0,0,0,0,0,2,0,0,0,1,0,0,0,37,0,0,0,0,0,0,3,125,2,0,0,52,0,0,0,47,0,0,6,7,15,1,3,13,94,46,2,6,2,0,59,0,3,0,1,0,15,0,2,1,6,0,0,0,0,0,0,1,0,2,0,3,1,3,0,1,0,0,0,0,0,5,2,0,0,0,0,0,0,2,0,0,43,1,0,0,0,41,2,0,5,0,0,4,0,0,0,2,1,0,0,0,0,0,1,1,1,0,0,0,2,0,0,14,0,0,1,0,1,0,0,0,0,0,2,8,0,0,0,2,0,4,0,0,0,7,0,1,0,1,3,0,0,0,0,0,0,3,0,1,0,207,2,0,0,1,0,17,5,44,0,0,15,12,16,6,0,7,0,157,0,0,11,0,0,0,6,3,3,7,0,3,0,225,5,1,16,1,0,12,5,0,0,0,13,7,15,15,12,2,1,13,1,5,0,0,0,0,0,0,0,0,0,0,0,0,1,0,0,0,0,5,0,0,13,2,0,0,0,0,0,0,0,0,0,0,3,0,1,0,0,0,4,1
4,1970,UEI INTEGRADA CIC,RUA SYNVAL STOCCHERO  S/N,AUGUSTA,-25.4797339,-49.3575999,68,0,1145,923,90,40,0,6,0,2,14,0,1,0,2,0,9,1,0,0,5,0,0,0,0,0,0,4,0,0,1,0,0,0,0,0,0,0,0,14,0,0,0,0,0,0,0,0,9,0,43,0,20,0,0,0,0,0,4,0,3,0,0,0,4,0,0,0,0,0,0,0,0,0,11,0,0,1,0,15,0,0,0,1,0,0,0,0,0,3,1,0,0,0,0,12,0,1,0,0,0,0,0,0,0,0,0,0,0,0,4,1,0,0,0,0,0,0,0,0,0,0,0,0,3,6,0,2,2,1,0,20,0,2,0,2,1,6,0,11,7,14,0,2,0,0,1,4,14,0,0,0,0,1,0,7,0,0,1,0,2,0,0,0,0,0,0,0,5,0,0,5,0,0,0,0,0,0,0,0,0,0,1,2,0,0,0,1,0,4,21,0,0,0,0,0,0,0,0,0,0,0,2,0,0,0,0,0,0,0,0,0,1,0,0,0,2,0,0,0,0,0,0,0,0,0,2,0,1,0,0,0,0,0,0,0,0,0,0,1,0,0,0,0,0,2,0,0,3,0,0,0,0,0,0,0,1,2,0,0,1,0,0,0,0,0,0,16,1,0,5,0,0,0,2,1,0,0,0,2,0,0,0,0,0,0,0,0,0,0,1,0,5,0,0,10,0,0,0,0,0,0,1,1,0,0,0,0,0,1,0,0,0,0,0,0,0,0,15,2,0,15,3,0,0,0,1,0,0,0,0,0,2,0,16,20,1,0,7,1,0,0,0,17,0,0,0,0,0,1,0,0,1,0,0,11,0,3,0,0,1,6,6,0,0,0,0,27,0,1,1,47,0,0,0,0,0,0,0,0,0,0,0,0,0,0,0,0,4,0,0,0,0,1,0,0,22,0,0,0,0,0,0,0,1,0,0,2,0,2,0,4,0,2,4,0,0,0,0,1,0,0,0,0,0,1,0,0,0,0,0,0,0,0,0,0,0,0,0,0,0,0,0,0,0,0,0,0,2,1,0,0,0,0,0,1,0,0,0,0,0,6,0,0,0,0,15,0,0,2,0,0,3,0,0,0,0,0,0,0,0,0,0,0,1,0,1,0,0,0,10,0,0,0,0,2,0,0,0,0,0,0,0,0,0,1,0,0,0,0,0,0,0,0,0,0,0,0,0,0,0,0,0,0,0,0,0,0,0,0,19,0,0,0,0,0,0,1,1,0,0,2,5,2,4,0,3,0,2,0,0,2,0,0,0,0,0,0,0,1,0,0,20,0,0,1,0,0,3,0,0,0,0,19,0,1,1,0,1,0,3,1,1,0,0,0,0,0,0,0,0,0,0,0,0,0,0,0,0,0,0,0,0,0,0,0,0,0,0,0,0,0,0,0,0,0,0,0,0,1,0,1,0
4,1988,ESCOLA MUNICIPAL PADRE JOÃO CRUCIANI,"RUA JOSÉ GONÇALVES JUNIOR, 259",CAMPO COMPRIDO,-25.466675,-49.3273115,44,0,1201,969,66,39,0,5,1,5,19,1,0,1,0,0,17,0,0,0,6,0,0,0,0,0,0,6,0,0,1,0,0,0,0,0,0,0,0,5,0,0,0,1,0,0,0,0,9,1,40,0,32,0,0,0,0,0,1,0,0,1,0,0,7,0,0,0,0,0,0,0,0,0,7,0,0,0,0,4,0,0,0,0,0,0,0,0,0,1,0,0,0,0,0,38,0,2,0,1,0,0,0,0,1,0,0,0,0,0,1,0,0,0,0,0,0,0,0,0,0,0,0,0,0,7,0,0,4,0,0,12,0,0,0,0,2,9,0,21,14,4,3,0,0,0,4,1,19,1,3,0,1,1,0,7,0,0,0,0,0,0,0,0,0,0,0,0,2,0,0,10,0,1,0,1,0,1,0,0,0,0,0,0,0,0,0,0,0,1,17,0,0,0,0,0,0,0,0,0,0,1,4,0,0,0,0,1,0,0,1,0,1,0,0,0,2,0,0,0,0,0,0,0,0,0,0,0,0,0,0,0,0,0,0,0,0,0,0,0,0,0,0,0,0,0,0,0,1,0,0,0,0,0,0,0,1,0,0,0,0,0,0,0,0,0,0,17,3,0,1,0,1,2,1,0,0,1,0,0,0,0,0,0,0,0,0,4,0,0,0,0,4,0,0,1,0,0,0,0,0,0,0,0,0,0,0,1,0,4,0,0,0,0,1,0,0,0,22,2,6,10,1,0,0,0,5,6,0,0,0,0,0,0,18,19,5,0,8,0,2,0,2,9,0,3,1,0,0,5,1,0,8,0,0,7,0,6,0,0,0,1,3,0,1,0,0,34,2,1,1,50,0,0,0,0,0,0,0,0,0,0,0,0,0,0,0,0,2,0,0,0,0,0,0,0,22,0,0,0,3,0,0,0,15,0,0,1,4,1,0,1,0,5,3,0,0,0,0,4,0,0,0,0,1,1,0,0,1,0,0,0,0,0,0,0,0,0,0,0,0,0,0,0,0,0,0,0,0,0,0,0,0,0,0,0,0,1,1,0,0,12,0,0,0,0,7,0,0,0,0,0,1,0,0,0,0,0,0,0,0,0,0,0,1,0,0,0,1,0,4,0,2,0,0,0,0,0,0,0,0,0,0,0,0,0,0,0,0,0,0,0,0,0,1,0,0,0,0,0,0,0,0,0,0,0,3,0,1,0,31,0,0,0,0,0,1,0,2,0,0,4,0,1,3,0,2,0,5,0,0,1,0,0,0,0,1,0,0,0,0,0,37,0,0,1,0,0,1,0,0,0,0,6,1,2,4,0,0,0,3,0,0,0,0,0,0,0,0,0,0,0,0,0,0,0,0,0,0,0,0,0,0,3,0,0,0,0,0,0,0,0,0,0,0,0,0,0,0,0,0,4,0
4,1996,COLÉGIO EFETIVO (PARTICULAR),"RUA JOÃO ALENCAR GUIMARÃES, 2883",CAMPO COMPRIDO,-25.4614453,-49.3252616,44,0,1504,1192,57,43,0,2,2,1,22,4,2,0,0,3,18,0,0,0,11,0,0,1,0,0,2,3,0,0,0,0,0,0,0,0,0,0,0,10,0,0,0,0,0,0,0,0,1,2,55,0,15,0,0,0,0,0,1,0,0,1,2,4,4,0,0,0,0,1,0,0,0,0,10,0,1,0,0,18,0,0,0,2,0,0,0,0,0,0,1,0,0,0,1,49,0,3,1,0,0,1,0,0,0,0,0,0,1,0,0,0,0,0,0,0,0,0,0,0,0,0,0,0,1,1,0,0,8,0,0,13,0,3,0,3,1,11,0,20,9,10,6,2,0,1,1,0,25,0,2,0,0,1,0,9,0,2,2,0,0,0,2,0,0,1,0,0,2,0,0,9,0,0,0,0,0,0,0,1,0,0,0,1,0,0,0,0,0,5,34,0,0,0,0,0,0,0,0,0,0,0,4,0,0,0,0,0,0,0,2,0,5,0,0,0,1,0,0,0,0,0,0,1,0,0,0,0,0,0,0,0,0,0,0,0,0,0,0,0,0,0,0,1,0,0,0,0,0,0,0,0,0,0,0,0,0,0,1,0,0,0,0,0,0,0,0,15,5,0,0,0,2,6,2,0,0,0,0,0,0,0,0,0,0,0,0,4,0,0,0,0,6,0,0,1,0,0,0,0,0,0,0,0,1,0,0,0,0,1,0,0,0,0,0,0,0,0,28,1,0,12,2,0,0,0,3,0,1,1,0,0,4,0,22,36,5,0,9,0,1,0,0,11,0,3,0,0,0,0,0,0,3,0,1,6,0,11,0,0,2,2,9,0,0,0,0,40,0,1,5,96,1,0,0,0,0,0,0,0,0,0,0,0,0,0,0,0,4,0,0,0,0,0,0,1,21,1,1,0,7,0,2,0,12,0,0,1,2,2,0,2,1,5,5,2,0,0,0,7,0,0,0,3,0,0,0,0,0,0,0,0,1,0,0,0,0,0,1,0,0,0,0,0,0,0,0,0,0,0,0,0,0,0,0,2,1,0,3,0,0,13,0,0,0,0,12,0,1,0,0,0,0,0,1,0,0,0,0,0,0,0,0,0,0,0,0,0,0,0,3,0,3,0,0,1,0,1,0,0,0,0,0,2,1,0,0,0,0,0,2,0,0,1,1,0,0,0,0,0,0,0,0,0,1,0,1,0,0,0,40,0,0,0,0,0,2,6,11,0,1,3,4,2,2,0,1,0,5,0,0,5,2,0,0,0,0,0,1,0,1,0,18,0,0,4,0,0,6,0,0,0,0,9,1,2,5,5,0,0,2,1,1,0,0,0,0,0,0,0,0,0,0,0,0,0,1,0,0,0,0,0,0,3,0,0,0,0,0,0,0,0,0,0,0,0,0,1,0,0,1,0,0
4,2100,ESCOLA MUNICIPAL GRACILIANO RAMOS,RUA ALCIR MARTINS BASTOS 560,FAZENDINHA,-25.487283,-49.3263946,42,0,3469,2796,194,128,0,13,3,8,51,6,0,0,0,3,49,1,1,0,24,0,0,1,0,4,4,10,0,3,0,1,1,0,0,0,0,0,0,47,0,0,3,0,0,0,0,0,20,0,118,0,80,0,1,0,0,0,5,0,0,0,0,2,12,0,0,0,0,1,0,0,1,0,23,0,2,0,0,28,0,0,0,3,2,0,1,0,0,1,3,0,2,0,0,66,0,6,0,3,2,0,0,2,1,0,0,0,2,0,18,0,0,0,0,0,0,0,0,0,0,0,0,0,6,7,1,0,18,1,1,31,0,2,0,0,6,18,1,37,28,20,4,1,1,0,0,6,50,0,2,0,0,4,0,16,0,0,0,1,0,0,1,0,0,1,0,0,7,0,0,10,0,0,0,0,0,0,0,0,0,0,1,3,0,0,0,0,0,6,37,0,0,3,0,0,0,0,0,1,0,4,4,1,0,1,0,2,0,0,2,0,3,0,3,0,8,1,0,0,0,0,1,0,0,1,0,0,1,0,0,0,7,1,0,0,0,0,0,0,0,0,0,0,0,2,1,0,6,0,2,0,0,0,0,0,1,0,0,0,0,0,1,0,0,0,0,44,11,1,2,0,2,4,12,0,0,0,0,0,0,0,1,0,1,0,0,1,1,0,0,0,13,0,1,6,0,0,0,0,0,0,1,8,2,0,0,1,1,12,0,0,0,0,0,0,7,0,79,3,3,42,6,0,0,0,1,10,1,0,0,0,1,1,50,60,1,0,29,2,1,0,1,41,0,2,1,0,0,7,2,0,5,0,3,31,1,14,1,0,0,7,14,0,2,0,2,76,0,6,4,166,0,0,0,0,0,0,0,0,0,0,0,0,0,0,0,0,8,0,0,0,0,0,0,1,79,2,1,0,13,0,0,0,26,0,0,1,7,4,0,9,2,24,7,2,3,0,0,10,0,0,2,8,0,1,0,0,0,0,0,0,0,0,0,0,0,0,1,0,1,0,0,0,0,0,0,0,1,1,1,0,0,0,0,0,0,0,1,0,1,18,1,0,0,0,23,1,0,8,0,0,1,0,0,0,0,0,0,0,0,0,0,0,6,0,0,0,2,1,3,0,3,0,0,1,1,0,0,2,1,0,0,0,0,1,0,0,0,1,4,0,0,0,7,14,0,0,0,2,0,0,0,0,0,0,3,0,0,0,106,0,0,0,0,0,4,2,16,1,0,4,3,4,7,0,4,0,42,0,0,3,0,0,0,3,1,0,1,0,0,0,62,1,0,1,0,0,6,1,0,0,0,8,0,2,5,2,1,1,12,0,5,1,0,0,0,0,0,0,0,0,0,0,0,0,0,0,0,0,0,0,0,10,0,0,0,0,0,0,0,0,0,0,0,3,0,0,0,0,0,0,0
4,2119,REDE MARISTA DE SOLIDARIEDADE,"RUA RAUL POMPEIA, 188",CIDADE INDUSTRIAL,-25.4775533,-49.3331917,75,0,1509,1185,71,52,0,7,1,2,17,3,0,0,1,3,18,1,1,0,12,0,0,1,1,2,3,5,0,0,0,1,1,0,0,0,0,0,0,14,0,0,0,3,0,0,0,0,11,1,45,0,45,0,0,0,0,0,0,0,0,0,2,0,5,0,1,0,0,0,0,0,0,0,7,0,0,0,0,12,0,0,0,1,0,1,0,0,0,0,1,0,0,0,0,20,0,5,0,0,1,0,0,0,0,0,0,0,1,0,6,0,0,0,0,0,0,0,0,0,0,0,0,0,1,2,0,0,6,0,0,18,0,1,0,0,1,8,0,18,11,16,5,2,0,0,0,2,26,1,0,0,0,0,0,16,0,0,0,1,0,0,0,0,0,0,2,1,5,0,0,6,0,1,0,0,0,0,0,0,0,0,0,0,0,0,0,0,0,0,15,0,0,0,0,0,0,0,0,0,0,0,4,1,0,0,0,1,0,0,0,0,3,1,1,0,5,0,0,0,0,0,0,0,0,1,0,0,0,0,0,0,1,0,1,0,0,0,0,0,0,0,0,0,0,2,0,0,0,0,3,1,1,0,0,0,0,0,0,0,0,0,0,0,0,0,0,15,1,0,0,0,0,3,1,0,0,0,0,0,0,0,5,0,1,0,0,2,0,0,0,0,6,0,0,4,0,0,0,0,0,0,0,4,0,0,0,0,0,1,0,0,0,0,0,0,3,0,30,0,1,9,3,0,0,0,5,1,0,0,0,0,1,1,32,25,0,0,8,0,0,0,0,13,0,2,0,0,0,0,0,0,1,0,2,13,0,8,0,0,0,6,3,0,0,0,0,40,0,4,2,62,1,1,0,1,0,0,0,0,0,0,0,0,0,0,0,0,4,0,0,0,0,0,0,0,44,0,1,0,12,0,0,0,9,0,0,3,0,1,0,2,0,7,6,0,3,0,0,3,0,0,0,10,0,2,0,0,0,0,0,0,0,0,0,0,0,0,0,0,0,0,0,0,0,0,0,0,1,0,1,0,0,0,0,1,0,0,1,0,0,10,1,0,0,0,11,0,0,3,0,0,2,0,0,0,2,0,0,0,0,0,0,0,2,0,0,0,1,0,2,0,0,0,0,0,0,0,0,0,0,0,0,0,0,0,0,0,0,0,1,0,0,0,1,0,0,0,0,0,0,0,0,0,0,0,0,0,0,0,29,0,0,0,0,0,3,0,7,0,0,11,3,2,1,0,0,0,13,0,0,1,0,0,0,0,0,0,0,0,0,0,35,0,0,0,0,1,5,0,0,0,0,4,2,2,1,1,2,2,5,0,3,0,0,0,0,0,0,1,0,0,0,0,0,0,0,0,0,0,0,0,0,6,0,0,0,0,0,0,0,0,0,0,0,0,0,0,0,1,0,0,0
4,2127,ESCOLA MUNICIPAL NOVA ESPERANCA,"RUA HENRIQUE MATTIOLI, 410",FAZENDINHA,-25.4835705,-49.3309081,42,0,2082,1693,117,79,0,5,1,6,30,0,3,1,1,1,39,0,0,0,13,0,0,0,1,1,0,7,0,0,2,0,0,0,0,0,0,0,0,25,0,0,0,0,0,0,0,0,13,3,59,0,41,0,1,0,0,0,1,0,0,1,3,1,4,0,1,0,0,0,0,0,0,0,27,0,0,0,0,18,0,0,0,4,1,1,0,0,1,0,1,0,0,0,0,39,0,1,1,0,1,0,0,0,1,0,0,0,0,0,8,0,0,0,0,0,0,0,0,0,0,0,0,0,3,3,0,0,8,0,2,20,0,3,1,0,0,8,0,19,15,14,8,1,0,0,0,2,32,0,2,0,0,3,0,16,0,0,1,1,0,0,0,0,0,2,0,1,2,0,0,9,0,1,0,1,0,0,0,1,0,2,0,0,0,0,0,0,0,4,20,0,0,0,0,0,0,0,1,1,0,0,3,0,0,0,0,4,0,0,2,0,2,0,0,0,3,0,1,0,0,0,0,0,0,0,0,0,0,0,0,1,0,0,0,0,0,0,0,0,0,0,0,0,0,4,1,0,6,0,3,0,1,0,0,0,1,0,0,0,0,0,0,0,0,0,0,21,4,0,2,0,1,3,4,0,2,0,0,0,0,0,7,0,1,0,0,2,0,0,0,0,7,1,0,3,0,0,0,0,0,0,0,1,0,0,0,4,0,5,0,0,0,0,0,0,4,0,61,0,4,32,5,0,2,0,4,7,0,0,0,0,1,0,36,45,1,0,17,0,1,0,1,22,0,3,0,0,1,1,1,1,1,0,0,11,0,8,0,0,2,2,14,0,1,0,0,57,0,1,1,108,4,0,0,0,0,0,0,0,0,0,0,1,0,0,0,0,1,0,0,0,0,0,0,0,53,0,0,0,8,0,0,0,4,0,0,3,1,6,0,2,1,12,4,0,1,0,0,4,0,1,0,3,0,0,0,0,3,1,0,0,0,0,0,0,0,0,0,0,0,0,2,0,0,0,0,0,0,0,0,2,0,0,0,0,0,0,0,0,0,33,0,1,0,1,12,0,0,7,0,0,0,0,0,0,1,0,0,0,0,0,0,4,4,0,0,0,0,2,1,0,3,0,0,0,0,0,0,0,0,0,0,0,0,0,0,0,0,2,1,0,0,0,3,1,0,0,0,0,0,0,0,0,0,0,0,0,0,0,25,1,0,0,0,0,4,2,4,1,1,6,1,6,2,0,0,0,18,0,0,4,0,0,0,0,2,0,0,0,2,0,34,0,0,0,0,0,9,0,0,0,0,7,0,3,12,4,1,1,7,1,0,0,0,0,0,0,1,0,0,0,0,0,0,1,0,0,0,0,0,0,0,12,0,0,0,0,0,0,0,0,0,0,0,0,0,1,0,0,0,0,0
4,2135,CMEI SANTA AMÉLIA,"RUA FERNANDO DE SOUZA COSTA, 375",FAZENDINHA,-25.4858024,-49.3253909,42,0,1097,837,69,44,0,3,0,7,15,3,3,0,0,6,7,2,0,0,9,0,1,0,0,0,0,1,0,0,0,0,1,0,0,0,0,0,0,10,0,0,0,0,0,0,1,0,10,2,19,0,14,0,0,0,0,0,0,0,0,0,2,0,6,0,0,0,0,0,0,0,0,0,6,0,1,0,0,9,0,0,0,0,0,0,0,0,1,0,1,0,0,0,0,25,0,2,2,2,0,0,0,0,0,0,0,0,0,0,0,0,0,0,0,0,0,0,0,0,0,0,0,0,0,2,0,0,2,0,1,8,0,3,0,1,0,6,0,12,11,8,2,0,0,0,1,0,17,0,0,0,0,1,0,9,1,0,1,0,0,0,0,0,1,0,0,0,5,0,0,7,0,0,0,1,0,0,0,0,0,0,1,1,0,1,0,0,0,1,12,0,0,0,0,0,0,0,0,1,0,0,3,0,0,0,0,1,0,0,1,0,0,0,0,0,0,0,0,0,0,0,0,0,0,0,0,0,0,0,0,0,0,0,0,0,0,0,2,0,0,0,0,0,0,1,0,0,2,0,0,0,0,0,0,0,0,0,0,0,0,0,0,0,0,0,1,16,2,0,1,0,0,2,2,0,0,0,0,1,0,1,0,0,0,0,0,0,0,0,1,0,7,0,0,1,0,0,0,0,0,0,0,3,0,0,0,0,0,2,0,0,0,0,0,0,0,0,22,0,1,17,2,0,0,0,0,1,0,0,0,0,0,0,26,20,0,0,7,0,0,0,1,14,0,0,0,0,0,5,0,0,3,0,0,4,0,4,0,0,0,6,2,0,0,0,0,25,0,1,1,49,0,0,0,0,0,0,0,0,0,0,0,0,0,0,0,0,4,0,0,0,0,0,0,1,20,0,0,0,2,0,0,0,3,0,0,0,2,2,0,5,1,5,1,0,1,0,0,3,0,0,0,3,0,3,0,0,2,0,0,0,0,0,0,0,0,0,0,0,0,0,0,0,1,0,0,0,0,0,0,0,0,0,0,0,0,0,0,0,0,7,0,0,0,0,9,0,0,1,1,0,0,0,0,0,0,1,0,0,0,0,0,0,2,0,0,0,0,0,1,0,0,0,0,0,0,0,0,0,0,0,0,0,0,0,0,0,1,1,0,0,0,0,1,0,0,0,0,0,0,0,0,0,0,0,3,0,1,0,30,0,0,0,0,0,0,1,3,0,0,2,0,1,0,0,0,0,8,0,0,1,0,0,0,0,1,0,0,0,0,0,15,0,0,2,0,0,0,1,0,0,0,4,2,1,2,2,0,0,0,1,1,0,0,0,0,0,1,0,0,0,0,0,0,0,0,0,0,0,1,0,0,4,0,0,0,0,0,0,0,0,0,0,0,0,0,2,0,1,0,0,0
4,2143,PARÓQUIA SANTA AMÉLIA - PAVILHÃO PAROQUIAL,"AVENIDA ALCIR MARTINS BASTOS, 510",FAZENDINHA,-25.4859684,-49.3257949,42,0,1558,1251,79,60,0,7,1,4,16,1,0,1,0,0,25,0,1,0,3,0,0,0,2,3,1,3,0,0,0,0,1,1,0,0,0,0,0,13,0,0,1,0,0,0,0,0,14,2,33,0,28,0,1,0,0,0,2,0,1,0,2,0,5,0,0,0,0,1,0,0,0,0,7,0,0,0,0,20,0,0,0,2,0,0,0,1,0,1,0,0,0,0,1,35,0,1,1,0,0,1,0,1,0,0,0,0,0,0,3,0,0,1,0,0,0,0,0,0,0,0,0,0,5,6,0,0,13,0,0,8,0,4,0,0,0,13,0,12,9,13,5,1,0,0,0,0,29,0,1,0,0,2,0,13,0,0,0,0,0,0,0,0,0,2,0,0,1,0,0,7,2,0,1,1,0,0,1,0,0,0,0,1,0,0,0,0,0,3,29,0,0,0,0,0,0,0,0,0,0,0,3,1,0,0,0,2,0,0,2,0,2,0,0,0,1,0,0,0,0,0,0,0,0,0,1,0,0,0,0,0,1,0,0,0,0,0,0,0,0,0,0,0,0,0,0,0,3,0,3,0,2,0,0,0,0,0,0,0,0,0,1,0,0,0,0,21,0,0,0,0,3,4,3,0,0,0,0,0,0,0,2,0,1,0,0,2,0,0,0,0,9,0,1,1,0,0,0,0,0,0,0,4,0,0,0,1,0,0,0,0,0,0,0,0,0,0,29,1,4,24,3,0,2,0,0,6,0,0,0,0,2,2,24,25,2,0,5,0,0,0,0,20,0,4,0,0,0,1,1,0,1,0,4,7,1,5,0,0,1,2,5,0,0,0,0,54,1,3,1,63,1,0,0,0,0,0,0,0,0,0,0,0,0,0,0,0,2,0,0,0,0,0,0,1,31,0,0,0,6,0,0,0,5,0,0,5,2,1,0,1,2,16,6,0,0,0,0,10,2,0,0,4,0,0,0,0,0,0,0,0,0,0,0,0,0,0,0,0,1,0,0,0,1,0,0,0,1,0,0,0,0,0,0,0,0,0,0,0,0,7,0,0,0,0,11,0,0,2,0,0,1,1,0,0,3,0,0,0,0,0,0,0,5,0,0,0,0,0,6,0,0,0,0,2,0,0,0,0,0,1,0,0,0,0,0,0,0,0,0,0,0,0,2,1,1,0,0,1,0,0,0,0,0,0,1,0,1,0,48,0,0,0,0,0,1,0,5,2,0,3,0,0,7,1,0,1,20,0,0,2,0,0,0,1,0,0,0,0,0,0,36,0,1,3,0,0,4,2,0,0,0,5,2,2,2,3,0,0,0,0,2,0,0,0,0,0,1,0,0,0,0,0,0,0,1,0,0,0,0,0,0,5,0,0,0,0,0,0,0,0,0,0,0,1,0,0,0,0,0,0,0
4,2151,CEI - PROFESSOR ADRIANO GUSTAVO CARLOS ROBINE,"RUA VEREADOR ELIAS KARAM, 480",FAZENDINHA,-25.4802717,-49.331215,42,0,2347,1858,146,66,0,8,1,5,32,2,4,0,0,2,21,0,0,0,10,1,0,1,4,2,0,10,1,0,0,0,0,0,0,0,0,0,0,31,1,0,0,2,0,0,0,0,23,4,71,0,36,0,3,0,0,0,0,0,0,2,2,0,9,0,0,0,0,0,0,0,0,1,21,0,1,0,0,26,0,0,0,0,1,0,0,0,0,0,1,0,0,0,0,41,0,4,0,2,0,0,0,0,0,0,0,0,0,0,6,0,1,1,0,0,0,0,0,0,0,0,0,0,3,4,0,2,17,0,0,22,0,4,2,0,3,16,0,27,22,34,7,3,0,0,2,4,26,0,1,0,1,0,0,18,1,0,2,0,0,2,0,0,0,1,2,1,5,0,1,17,0,2,0,2,0,0,0,3,0,3,0,0,0,1,0,0,0,7,31,0,1,0,0,0,0,0,0,0,0,0,7,1,0,0,0,3,0,2,3,0,2,0,2,0,1,0,0,0,0,0,0,0,0,1,0,0,0,0,0,0,4,0,0,0,0,0,0,0,0,0,1,0,0,0,0,0,0,0,3,0,0,0,0,0,0,0,0,1,0,0,0,0,0,0,0,24,2,0,0,0,3,2,1,0,1,0,0,1,0,1,7,0,2,0,0,3,0,0,0,0,8,1,0,2,0,0,0,0,0,2,1,4,0,0,1,0,1,6,0,0,0,0,0,0,2,0,37,4,1,25,3,0,0,0,4,3,0,1,0,0,1,2,25,33,1,0,17,6,0,0,0,25,0,2,2,0,0,7,1,0,3,0,1,26,0,12,0,0,2,5,10,0,0,0,0,63,0,3,2,111,5,1,0,0,0,0,0,0,0,0,0,0,0,0,1,0,5,1,0,0,0,0,0,1,49,0,1,0,12,0,1,1,8,0,0,1,6,4,0,3,1,12,3,0,2,0,0,5,0,0,0,7,0,1,0,0,1,0,0,0,0,0,0,0,1,0,0,0,0,0,0,0,1,0,0,0,0,0,1,2,0,0,0,0,1,0,0,0,0,19,0,0,0,1,19,0,0,6,0,0,0,0,0,0,1,0,0,0,0,0,0,0,6,0,0,0,0,0,6,0,0,0,0,3,0,0,0,0,0,0,0,0,1,0,0,0,0,1,2,0,0,0,3,4,1,0,0,0,0,1,0,0,0,0,1,0,0,0,49,0,0,1,0,0,4,3,2,2,0,4,3,1,6,0,2,0,25,0,0,6,0,0,0,0,0,0,2,0,0,0,36,1,0,1,0,0,1,0,0,0,0,2,1,6,6,3,2,1,5,0,2,0,0,0,0,0,0,0,0,1,0,0,0,0,1,0,0,0,1,0,0,13,0,0,0,0,0,0,0,0,0,0,1,0,0,0,0,0,0,1,0
4,2160,COLEGIO ESTADUAL AVELINO ANTONIO VIEIRA,RUA JULIO MESQUITA 12,FAZENDINHA,-25.4868502,-49.3269626,42,0,5189,4134,314,184,0,17,4,16,77,9,3,0,3,4,63,2,4,1,29,1,0,0,6,3,2,13,1,0,0,0,2,1,0,3,0,0,0,44,0,0,2,1,0,2,1,0,27,2,125,0,116,2,1,4,0,0,6,0,0,0,1,2,18,0,5,0,0,0,0,0,0,0,46,0,3,0,0,46,0,0,0,6,1,1,0,1,1,2,3,0,1,0,0,80,0,14,0,6,1,0,0,0,2,0,0,0,0,0,20,0,0,0,1,0,0,0,0,0,0,0,0,0,10,6,0,1,35,0,2,51,0,10,2,3,1,21,3,60,52,28,9,5,1,0,2,1,59,0,3,0,1,2,0,16,1,0,2,1,1,0,1,0,2,1,0,2,12,0,0,23,0,1,0,2,0,0,0,2,1,1,3,3,0,0,0,1,0,5,59,0,0,2,0,0,0,1,1,0,1,0,9,1,0,2,0,2,0,0,5,1,4,0,0,0,3,0,0,1,0,0,1,0,0,2,0,0,4,2,0,1,5,0,0,0,0,1,1,0,0,0,0,0,0,1,3,0,14,0,5,0,3,0,0,0,0,1,2,0,0,0,0,0,0,0,1,58,6,0,3,0,2,9,13,3,0,0,0,2,0,1,0,1,2,0,0,3,1,0,1,0,26,1,0,11,0,0,0,0,1,0,0,5,1,0,0,0,3,19,0,0,0,0,0,0,4,0,120,5,5,63,5,0,1,0,11,11,0,0,0,0,8,1,85,95,5,0,54,3,2,0,2,42,0,6,0,0,2,6,1,1,1,1,1,45,1,21,0,0,2,9,29,1,3,1,10,140,0,13,10,259,0,1,0,0,0,0,0,0,0,0,0,0,1,0,0,0,21,1,0,0,0,0,0,2,96,0,0,0,23,0,0,0,17,0,0,3,7,14,0,11,1,48,8,0,4,0,0,18,0,0,0,9,1,4,0,0,2,1,0,0,1,0,0,1,3,0,1,0,1,0,2,0,0,0,1,0,1,2,2,1,0,0,0,0,1,0,3,2,0,34,2,1,0,1,38,1,0,11,0,0,2,0,0,0,1,0,0,0,0,0,0,2,4,0,0,0,1,0,18,0,0,0,0,5,1,1,0,0,0,0,0,0,2,2,0,0,0,1,1,1,0,1,7,17,1,0,0,0,0,0,0,1,0,0,3,0,0,0,96,0,0,0,2,0,6,5,18,0,0,5,3,15,22,0,7,0,71,0,0,2,0,0,0,1,2,1,0,0,0,1,79,0,0,3,1,0,8,0,1,0,0,20,2,7,15,4,0,0,14,0,7,0,0,0,0,0,1,0,0,0,0,0,0,0,0,0,0,0,0,0,0,28,0,2,0,0,0,0,0,0,0,0,1,2,0,4,0,1,0,1,0
4,2178,CENTRO MUNICIPAL DE EDUCAÇÃO INFANTIL FAZENDINHA,"RUA ELOI MICHELETI, 09",FAZENDINHA,-25.4796317,-49.3278333,42,0,338,244,17,15,0,1,0,1,0,1,0,0,0,0,3,0,0,0,0,0,0,0,0,0,1,0,0,0,0,0,0,0,0,0,0,0,0,2,0,0,0,0,0,0,0,0,2,0,1,0,8,0,0,0,0,0,0,0,0,0,0,0,0,0,0,0,0,0,0,0,0,0,0,0,0,0,0,2,0,0,0,1,0,0,0,0,0,0,0,0,1,0,0,11,0,1,0,0,0,0,0,0,1,0,0,0,0,0,0,0,0,0,0,0,0,0,0,0,0,0,0,0,2,0,0,0,1,1,0,3,0,0,0,0,0,4,0,6,6,5,2,0,0,0,0,0,2,0,0,0,0,1,0,5,0,0,2,0,0,0,0,0,0,0,0,0,1,0,0,4,0,0,0,1,0,0,0,0,0,0,0,0,0,0,0,0,0,0,6,0,0,0,0,0,0,0,0,0,0,0,2,0,0,0,0,0,0,0,0,0,0,0,0,0,0,0,0,0,0,0,0,0,0,0,0,0,0,0,0,0,0,0,0,0,0,0,0,1,0,0,0,0,0,0,0,0,0,0,0,0,0,0,0,0,0,0,1,0,0,0,0,0,0,0,0,4,0,0,0,0,0,0,0,1,0,0,0,0,0,0,0,0,0,0,0,0,0,0,0,0,1,0,0,1,0,0,0,0,0,1,0,0,2,0,0,1,0,0,0,0,0,0,0,0,0,0,4,1,0,5,0,0,0,0,1,0,0,0,0,0,0,1,3,0,0,0,2,0,0,0,0,3,0,0,0,0,0,2,1,0,0,0,0,0,0,2,0,0,0,0,0,0,0,0,0,3,0,0,0,24,0,0,0,0,0,0,0,0,0,0,0,0,0,0,0,0,3,0,0,0,0,0,0,0,0,0,0,0,5,0,0,0,0,0,0,0,0,3,0,0,0,5,2,0,0,0,0,0,0,0,0,0,0,0,0,0,0,0,0,0,0,0,0,0,0,0,0,0,0,0,0,0,0,0,0,0,0,0,0,0,0,0,0,0,0,0,0,0,0,2,0,0,0,0,6,0,0,1,0,0,0,0,0,0,0,0,0,0,0,0,1,0,0,0,0,0,0,0,0,0,0,0,0,0,0,0,0,0,0,0,0,0,0,0,0,0,0,0,0,0,0,0,0,0,0,0,0,0,0,0,0,0,0,0,1,0,0,0,14,1,0,0,0,0,1,2,0,0,0,0,0,0,0,0,0,0,0,0,0,0,0,0,0,0,1,0,1,0,0,0,0,0,0,0,0,0,0,0,0,0,0,1,0,1,0,2,1,0,0,0,1,0,1,0,0,0,0,0,0,0,0,0,0,0,0,0,0,0,0,0,0,0,0,0,0,0,0,0,0,0,0,0,0,0,0,0,0,0,0,0,0
4,2186,ESCOLA MUNICIPAL PADRE JOSE DE ANCHIETA,R DANIEL MIKOVSKI  191,FAZENDINHA,-25.4807117,-49.32161,42,0,2527,2099,172,87,0,8,2,1,39,7,1,0,0,2,38,0,1,0,8,0,1,1,2,2,1,5,0,1,0,0,1,0,0,0,1,0,0,24,0,0,0,0,0,0,1,1,12,5,75,0,77,0,0,0,0,0,8,0,0,0,4,1,7,0,1,0,0,1,0,0,0,0,21,0,1,0,0,22,0,0,0,5,2,3,0,0,0,2,1,0,0,0,0,48,0,3,0,2,2,0,0,0,0,0,0,0,0,0,8,0,0,0,0,0,1,0,0,0,0,0,0,0,5,5,0,0,10,0,0,29,0,3,0,1,5,15,0,32,26,28,4,4,0,1,0,0,23,1,1,1,0,2,0,17,0,1,0,2,0,0,0,0,0,2,0,1,6,0,1,6,0,0,0,1,0,0,0,0,0,0,0,0,0,0,0,0,0,2,41,0,0,1,0,1,0,1,0,0,0,0,9,1,0,1,0,5,0,0,1,0,4,0,2,0,4,0,0,0,0,0,0,0,0,0,0,0,0,0,0,0,4,0,1,0,0,0,0,0,0,0,0,0,0,4,0,0,1,0,1,0,0,1,0,0,0,0,0,0,0,0,0,0,0,0,0,33,5,0,0,0,3,14,2,0,0,0,0,0,0,0,1,0,2,1,0,3,0,0,0,0,13,0,0,4,0,0,0,0,0,0,0,1,0,0,0,0,0,5,0,0,1,0,0,0,1,0,67,1,4,41,3,0,0,0,2,7,0,0,0,0,1,1,39,44,4,0,22,0,1,0,0,33,0,3,0,0,1,9,1,0,0,1,3,14,0,6,0,0,1,3,11,0,1,0,0,79,0,3,5,125,0,2,0,0,0,0,0,0,0,0,0,0,0,0,0,0,6,1,0,0,0,0,0,1,40,0,0,1,13,0,0,0,8,0,0,2,4,4,0,4,0,19,7,0,1,0,0,8,0,0,0,4,0,3,0,0,0,1,0,0,0,0,0,0,0,1,0,0,0,0,0,0,0,0,0,0,0,0,0,0,0,0,0,0,0,0,0,0,0,25,0,0,0,0,14,0,0,7,0,0,1,0,0,0,1,0,0,0,0,0,2,0,6,0,0,0,0,0,8,0,2,0,0,4,0,0,0,0,0,0,0,0,0,0,0,0,0,0,0,0,0,0,1,0,0,0,0,1,0,0,0,0,0,0,0,0,0,0,58,0,0,1,0,0,9,2,11,1,0,3,0,2,7,1,0,0,21,0,0,8,0,0,0,1,2,0,0,0,0,0,56,0,0,3,2,0,1,0,0,0,1,8,2,3,4,5,0,0,9,0,2,0,0,0,0,0,1,1,0,2,0,0,0,0,0,0,0,0,1,0,0,4,0,3,0,0,0,0,0,0,0,0,0,0,0,0,0,0,0,0,0
145,1503,ESCOLA MUNICIPAL PAULO ROGERIO GUIMARAES ESMANHOTO,"RUA PEROLA DO OESTE, 285",SITIO CERCADO,-25.552825,-49.2751436,65,0,1350,1106,91,49,0,6,0,5,13,1,1,2,0,1,20,0,0,0,5,0,0,0,0,2,0,1,0,0,0,0,0,0,0,0,0,0,0,4,0,0,0,0,0,1,0,0,7,0,20,0,35,0,1,1,0,0,0,0,0,0,0,0,5,0,1,0,0,0,0,0,0,0,12,1,0,0,0,10,0,0,0,2,0,1,1,0,0,0,0,0,0,0,0,8,0,0,0,0,0,0,0,0,0,0,0,0,0,0,239,0,0,0,0,0,0,0,0,0,0,0,0,0,2,3,0,0,8,0,0,5,0,2,0,0,1,4,0,5,5,11,2,4,0,0,0,0,21,1,0,0,0,0,0,3,0,2,0,0,0,1,0,0,0,0,0,0,11,1,0,4,0,0,0,0,0,0,0,0,0,0,0,0,0,0,0,0,0,0,17,0,0,1,0,0,0,0,0,2,0,0,0,0,0,0,0,0,0,1,0,0,1,0,0,0,0,0,0,0,0,0,1,0,0,0,0,0,0,0,0,0,0,0,0,0,0,0,0,0,0,0,0,0,0,0,0,0,0,0,1,1,0,0,0,0,5,0,0,0,0,0,0,0,0,0,0,14,3,0,1,0,0,0,0,0,0,0,0,0,0,0,0,0,0,0,0,3,0,0,0,0,2,2,0,4,0,0,0,0,0,0,0,0,0,0,0,0,0,1,0,0,0,0,0,0,0,0,17,0,0,13,0,0,0,0,0,0,1,0,0,0,1,0,10,31,1,0,17,1,2,0,0,5,0,1,0,0,0,1,1,0,0,0,0,17,0,11,0,0,0,4,32,0,0,0,0,46,0,1,0,41,0,1,0,0,0,0,0,0,0,0,0,0,0,0,0,0,3,0,0,1,0,0,0,0,20,0,0,0,5,0,0,0,2,0,0,3,1,0,0,4,0,1,1,0,5,0,0,4,0,0,0,1,0,0,0,0,2,0,0,0,0,0,0,0,0,0,0,0,0,0,0,0,0,0,0,0,0,0,0,0,0,0,0,0,0,0,0,1,0,7,0,0,0,0,3,0,0,2,0,0,0,0,0,0,0,0,0,0,0,0,0,0,0,0,0,0,0,0,0,0,0,0,0,2,0,0,0,0,0,0,0,0,0,0,0,0,0,2,0,0,0,0,3,1,0,0,0,0,0,0,0,0,0,0,0,0,1,0,19,0,0,0,0,0,0,0,3,0,0,3,1,1,0,0,1,0,8,0,0,7,0,0,0,0,0,0,0,0,0,0,9,0,1,2,0,0,1,0,0,0,0,2,0,3,2,1,0,0,3,0,0,1,1,0,0,0,0,0,0,0,0,0,0,0,0,0,0,0,0,0,0,1,0,0,0,0,0,0,0,0,0,0,3,0,0,1,0,0,0,0,0
145,1511,ESCOLA MUNICIPAL BAIRRO NOVO CAIC,"RUA PASTOR WALDOMIRO BILESKI, 71, SÍTIO CERCADO",SITIO CERCADO,-25.5428695,-49.2615865,65,0,6060,4798,348,155,0,30,3,28,74,4,2,0,1,6,64,1,1,1,22,0,0,0,5,5,2,15,0,1,0,0,1,0,0,0,0,0,0,65,3,1,0,12,0,1,1,0,46,2,64,0,146,3,1,2,0,0,1,0,0,1,2,2,17,0,0,1,0,0,0,0,0,0,51,3,0,1,0,25,0,0,0,21,0,0,0,0,0,0,1,0,0,1,0,38,0,6,0,1,0,0,0,0,0,0,0,0,0,0,745,0,0,0,0,0,0,0,1,0,0,0,0,0,4,9,0,2,27,0,0,44,0,8,0,1,4,22,0,39,22,36,15,2,2,4,0,4,92,0,1,0,0,6,0,22,2,3,4,0,0,1,0,0,0,5,1,0,10,0,0,20,0,1,0,1,0,0,0,1,0,0,1,2,0,0,0,0,0,5,48,0,0,0,0,0,0,0,0,14,0,3,17,1,1,0,0,0,0,4,6,0,6,0,1,0,10,0,0,0,0,0,0,0,1,0,0,1,0,0,0,5,3,0,3,0,0,0,1,1,0,0,1,0,0,0,0,0,2,0,3,0,1,0,0,0,12,0,0,1,0,0,0,0,0,0,0,110,4,2,12,0,10,5,11,0,4,1,0,0,0,0,0,0,6,0,1,10,1,3,2,0,13,0,3,4,0,0,0,0,2,0,0,6,0,0,0,4,0,11,0,1,0,0,0,0,2,0,81,1,1,41,6,1,2,0,2,10,1,0,0,0,12,1,57,109,1,0,67,0,1,0,3,72,1,3,0,0,0,10,0,0,2,1,2,40,1,22,1,0,2,52,142,1,2,1,8,169,1,4,7,269,1,0,0,0,2,0,0,0,0,0,0,0,0,0,0,0,14,1,0,0,0,0,0,1,105,1,1,1,18,0,0,0,16,1,0,5,4,11,1,9,1,14,9,0,1,1,0,13,0,3,0,20,1,4,0,0,2,0,1,0,0,0,0,0,0,0,0,0,0,0,0,0,2,0,0,0,5,0,1,0,0,0,1,1,0,0,0,0,0,26,0,0,1,0,38,0,0,6,0,1,1,0,0,0,2,0,0,0,0,0,0,1,1,0,1,0,3,1,2,0,4,0,0,9,0,1,0,0,0,0,0,0,1,0,1,0,0,1,0,0,0,0,4,1,15,0,0,0,0,0,0,0,0,0,0,0,12,0,91,4,0,1,0,0,2,3,29,2,0,1,11,6,5,0,8,2,35,0,0,4,0,0,0,4,1,0,0,0,0,0,47,0,1,9,1,0,5,1,0,0,0,21,0,22,5,3,4,0,6,0,2,0,0,0,0,0,0,0,0,0,0,0,0,1,0,0,1,1,0,0,0,5,0,0,0,0,0,0,1,1,0,0,1,1,0,3,0,1,0,0,0
145,1520,COLEGIO ESTADUAL LA SALLE,"RUA DILERMANDO PEREIRA DE ALMEIDA, 120",PINHEIRINHO,-25.5322315,-49.2916831,66,0,4446,3475,279,136,0,7,4,12,63,6,8,0,1,6,55,0,0,1,23,1,0,3,4,6,4,15,1,0,0,0,0,0,0,0,0,0,0,37,0,0,0,3,0,1,0,0,25,4,63,0,88,3,3,1,1,0,0,0,0,1,0,0,28,1,2,0,0,0,0,0,1,0,36,0,2,0,0,42,1,0,0,2,1,0,0,0,0,2,4,0,0,0,0,67,0,3,2,2,1,0,0,0,1,0,0,0,1,0,119,0,0,0,0,0,0,0,0,0,0,0,0,0,6,7,0,0,21,1,3,45,0,6,1,4,4,33,0,43,29,19,10,2,0,0,0,3,100,0,2,4,2,2,0,22,6,2,2,2,0,2,0,0,3,3,0,0,5,0,0,14,0,3,0,1,0,1,0,0,0,1,1,0,0,1,0,0,1,9,54,0,0,6,0,0,0,0,0,4,0,0,7,0,0,0,0,2,0,0,6,1,11,0,2,0,6,0,0,0,0,0,1,0,0,2,2,0,0,0,0,0,5,0,0,1,0,0,0,0,0,0,0,0,0,4,2,0,1,0,7,0,0,0,0,1,1,1,0,0,0,0,0,0,0,0,0,48,5,1,8,0,0,1,4,0,1,0,0,0,0,0,0,0,0,0,0,2,1,0,7,0,19,1,0,3,0,0,0,0,0,1,1,6,0,0,0,7,0,7,0,0,0,0,0,1,3,0,79,3,2,47,0,1,0,0,4,3,0,0,0,0,5,1,45,70,3,0,67,5,2,0,1,41,0,10,2,0,0,4,0,1,6,1,2,34,1,13,2,1,2,28,127,0,1,0,1,113,1,9,11,176,0,0,0,0,1,0,0,0,4,0,0,0,0,0,0,0,5,0,0,0,0,0,0,2,94,1,3,2,28,0,1,2,8,0,0,5,3,8,2,7,2,8,8,1,2,0,0,10,2,1,1,5,2,1,0,0,4,0,1,0,2,0,0,1,0,0,0,0,1,0,0,1,0,0,1,0,6,0,1,0,0,0,0,0,1,0,1,0,0,21,1,0,0,2,28,1,1,12,0,0,2,0,0,0,0,1,0,0,0,0,0,1,0,0,2,0,2,1,1,0,2,0,0,7,0,0,0,0,0,0,0,0,1,1,0,0,0,3,0,1,1,0,0,0,2,0,0,0,0,0,0,0,0,0,4,0,0,0,72,0,0,1,0,0,10,3,10,3,0,10,4,9,8,0,7,1,66,0,0,4,0,0,0,1,1,0,0,0,2,0,73,0,1,4,1,0,1,1,0,0,0,8,3,5,9,8,0,1,10,1,2,0,0,0,0,0,1,0,0,0,0,0,2,0,0,0,1,0,0,0,0,0,0,0,0,0,0,0,1,1,0,0,1,0,0,1,0,1,0,1,0
145,1538,CEI FRANCISCO FRISCHMANN,"RUA PAULO ENGEL, 89 - PINHEIRINHO",PINHEIRINHO,-25.5268396,-49.2692047,66,0,4003,3066,239,101,0,20,3,10,66,7,2,0,0,1,57,0,2,0,15,0,1,0,2,6,2,7,0,1,1,0,0,0,0,0,0,0,0,47,3,0,2,2,0,0,1,1,33,0,55,0,99,0,3,2,0,1,3,0,1,1,5,1,48,0,3,0,0,0,0,0,1,0,30,0,2,0,0,28,0,0,0,5,1,0,0,0,1,1,1,0,0,0,0,36,0,3,2,1,0,0,0,0,1,1,0,2,0,0,105,0,0,0,0,0,0,0,0,0,0,0,0,0,5,3,0,1,24,3,0,30,0,12,1,2,5,29,1,29,25,44,9,2,0,1,0,3,85,0,4,0,1,3,0,20,0,1,1,1,0,1,1,0,1,12,0,0,6,0,2,12,0,1,1,0,0,0,0,0,0,1,0,0,0,0,0,1,0,3,35,0,0,0,0,0,0,0,0,3,0,0,6,1,0,0,0,2,0,0,1,0,8,0,0,0,14,0,0,0,0,0,0,0,2,0,1,0,1,0,0,0,5,0,4,0,0,0,0,0,0,0,0,0,0,0,0,0,0,0,12,0,0,0,0,1,0,0,0,1,2,0,0,0,0,1,0,42,5,2,7,0,2,7,4,1,0,0,0,1,0,0,0,0,2,0,0,3,0,0,2,0,6,0,1,1,0,0,0,0,1,0,0,0,0,0,0,7,0,6,0,0,0,1,0,0,2,0,58,3,3,32,4,0,0,0,4,2,1,0,0,0,3,2,32,47,1,0,88,1,0,0,0,44,0,6,0,1,2,5,1,1,2,0,1,21,1,12,0,0,3,26,221,1,2,0,1,88,0,3,5,181,1,0,0,0,1,0,0,0,0,0,0,0,0,0,0,0,8,0,0,0,0,1,0,3,69,0,1,0,9,0,0,0,6,0,0,4,1,4,0,0,1,10,19,0,2,0,0,4,0,0,1,15,0,1,0,0,0,0,0,0,0,0,0,1,0,0,0,0,2,0,0,0,0,0,0,0,2,0,1,0,0,0,2,1,1,0,2,0,0,12,2,0,0,1,24,0,1,9,0,0,2,0,0,0,0,0,0,0,0,0,0,2,0,1,0,1,1,0,0,0,0,0,0,8,0,0,0,1,0,1,0,0,0,0,0,0,1,1,0,0,0,0,2,2,1,0,0,0,0,0,0,0,0,0,0,0,2,0,61,1,0,1,2,0,0,1,21,0,0,4,2,2,8,0,3,0,31,0,0,1,0,0,0,0,1,0,0,0,1,0,42,0,0,3,0,0,4,0,0,0,0,15,1,10,3,2,2,0,8,2,1,1,0,0,0,0,2,0,0,0,1,0,0,1,0,0,0,0,0,0,0,2,0,0,0,0,0,0,0,0,0,0,0,1,0,1,0,0,0,1,1
145,1546,ESCOLA MUNICIPAL MARINGA,"RUA BRASÍLIO PERY MOREIRA, 17  PINHEIRINHO",PINHEIRINHO,-25.5346747,-49.2966074,66,0,2608,2120,174,76,0,7,1,5,40,3,1,0,0,2,37,0,0,0,18,0,1,0,4,1,1,8,0,0,0,1,0,0,0,1,0,0,0,32,0,0,0,2,0,0,1,0,12,2,39,0,51,1,3,0,0,0,0,0,0,0,0,0,13,0,1,0,0,0,0,0,0,0,34,0,0,0,0,38,0,0,0,0,0,0,0,0,0,2,2,0,0,0,0,18,0,1,0,1,1,0,0,0,0,0,0,0,2,1,100,0,0,0,0,0,0,0,0,0,0,1,0,0,2,2,0,0,27,0,0,20,0,6,1,3,1,16,0,27,13,13,1,0,1,0,0,1,67,0,0,0,0,2,1,8,0,0,0,2,0,0,0,0,0,2,0,0,2,0,1,6,0,0,0,0,0,0,0,0,0,0,2,0,0,0,0,0,0,5,25,0,0,0,0,0,0,0,0,2,2,0,6,1,0,0,0,3,0,0,1,1,3,0,0,0,5,0,1,0,0,0,0,0,0,1,0,0,1,0,0,1,1,0,0,0,0,0,1,0,0,0,0,0,0,1,0,0,0,0,6,0,0,0,0,0,1,0,0,0,0,0,0,0,0,0,0,31,1,0,3,0,1,11,2,0,1,0,0,0,0,0,0,0,3,0,0,0,0,0,1,0,6,0,0,1,0,0,0,0,0,0,0,4,0,0,0,2,0,3,0,0,0,0,0,0,2,0,42,2,0,21,4,0,0,0,0,1,0,0,0,0,0,1,19,42,4,0,43,3,0,0,0,16,0,1,0,0,0,5,0,1,3,0,0,21,0,8,0,0,1,10,92,0,0,0,0,112,0,0,4,118,0,0,0,0,0,0,0,0,5,0,0,0,1,0,0,0,8,0,0,0,0,0,0,3,45,0,1,1,12,0,0,0,3,0,0,0,0,0,0,5,2,9,3,1,5,0,0,13,0,3,1,6,0,0,0,0,1,0,1,0,0,0,0,0,0,0,0,0,0,0,0,0,0,0,0,0,5,0,0,0,1,0,0,0,0,0,0,0,0,19,3,0,0,0,10,0,0,5,0,0,2,0,0,0,0,1,0,0,0,0,0,1,0,0,0,0,0,0,0,0,5,0,0,5,0,0,0,0,0,1,0,0,5,0,0,0,0,3,0,2,0,0,1,0,0,1,0,0,0,1,0,0,0,0,1,0,0,0,31,1,0,2,0,0,2,3,8,0,0,3,5,4,2,0,0,0,44,0,0,1,0,0,0,0,1,0,0,0,1,0,89,1,1,3,1,0,1,1,0,0,2,8,0,3,2,0,1,0,5,0,0,0,0,0,0,0,0,0,0,0,0,0,0,0,0,0,1,0,0,0,0,3,0,0,0,0,0,0,5,0,0,0,0,1,0,2,0,1,0,0,0
145,1554,ESCOLA MUNICIPAL PROFESSORA JURANDYR BAGGIO MOCKELL,"RUA BRIGADEIRO EDUARDO GOMES, 270",PINHEIRINHO,-25.5194851,-49.2862154,66,0,2588,2121,150,66,0,9,4,6,41,5,3,0,0,5,32,1,2,0,11,0,0,0,4,0,1,4,1,0,1,0,0,0,0,0,0,0,0,40,1,0,0,2,0,0,0,0,17,1,33,0,44,0,1,3,0,0,0,0,0,1,0,2,9,0,0,0,0,0,0,0,1,1,28,0,0,0,0,22,0,0,0,2,0,1,1,0,0,7,0,0,0,0,0,40,1,6,0,0,1,0,0,0,1,0,0,0,0,0,40,0,2,0,1,0,1,0,0,0,0,0,1,0,4,4,0,0,11,0,0,26,0,1,0,0,1,12,0,23,16,13,10,0,0,0,0,4,59,0,0,3,0,2,0,12,0,0,0,1,0,1,1,1,0,2,0,1,2,0,0,9,0,0,0,0,0,0,0,0,0,0,0,1,0,0,0,1,0,5,30,0,1,1,0,0,0,0,0,2,0,0,5,1,0,0,0,0,0,0,4,0,7,0,0,0,7,0,0,0,0,0,2,0,0,0,0,0,0,0,0,0,1,0,0,0,0,0,0,0,0,0,0,0,0,1,0,0,1,0,2,0,0,0,0,0,0,0,0,0,0,0,0,0,0,0,0,25,3,1,5,2,1,8,4,1,0,4,0,1,0,1,0,0,0,0,0,2,0,0,3,0,8,0,0,0,0,0,0,0,0,0,0,6,0,0,0,6,0,2,0,1,0,0,0,0,0,0,32,1,0,25,0,0,0,0,2,2,0,0,0,0,1,0,28,36,0,0,93,1,0,0,0,20,0,1,0,0,0,2,1,0,4,0,1,15,0,11,0,1,0,15,115,0,1,0,0,101,0,3,1,108,0,0,0,0,0,0,0,0,0,0,0,0,0,0,0,0,5,0,0,0,0,1,0,3,36,0,1,1,2,0,0,1,12,0,0,1,3,3,0,2,0,8,8,1,0,0,0,8,0,2,1,14,0,0,0,0,0,0,0,0,2,0,0,0,0,0,1,0,1,0,0,0,0,0,0,0,0,0,0,1,0,0,0,0,0,0,1,0,0,10,1,0,0,0,19,0,0,60,0,0,3,0,0,0,10,0,0,1,3,0,0,0,0,0,0,0,2,0,0,0,3,0,0,0,0,0,0,0,0,0,0,0,1,1,0,0,0,0,0,0,2,0,0,5,2,0,0,1,0,0,0,0,0,0,0,0,0,0,50,0,0,0,0,0,1,3,7,0,1,5,1,0,0,0,0,0,40,0,0,6,0,0,0,2,1,0,0,0,1,1,55,0,0,6,1,0,0,0,0,0,0,9,0,3,1,1,9,0,8,0,1,0,0,0,0,2,0,0,0,0,0,0,0,0,0,0,0,0,0,0,0,9,0,0,0,0,0,0,0,0,0,0,1,0,0,0,0,0,0,0,0
145,1562,ESCOLA MUNICIPAL PIRATINI,"RUA JOÃO MALTA DE ALBUQUERQUE MARANHÃO, 104  PINHEIRINHO",PINHEIRINHO,-25.5233199,-49.2872304,66,0,3865,3072,230,119,0,16,0,9,61,4,1,1,0,6,46,0,1,1,12,0,1,0,4,1,1,16,1,2,0,0,1,0,0,0,0,0,0,29,3,0,1,1,0,0,0,0,16,1,49,0,88,1,1,1,0,0,0,0,0,2,1,3,14,0,6,0,0,0,0,0,0,0,34,0,3,0,0,19,0,0,0,3,0,0,0,0,0,2,0,0,0,0,0,56,0,4,1,0,1,0,0,0,0,0,0,0,1,0,58,0,0,0,0,0,0,0,0,0,0,1,0,0,3,7,1,0,10,0,1,30,0,8,1,1,5,19,1,31,14,19,12,2,0,1,0,1,125,0,0,5,0,3,0,19,1,2,1,4,0,7,1,0,0,0,1,0,6,0,0,11,0,0,2,0,1,0,1,0,0,1,0,0,0,0,0,2,0,6,40,0,0,1,0,0,0,1,3,2,1,0,9,1,0,0,0,2,0,0,6,0,8,0,0,0,6,0,2,0,0,1,0,0,0,0,0,0,1,0,0,0,0,0,0,0,0,0,0,0,0,0,0,0,0,0,0,0,1,0,5,0,0,1,0,1,0,0,0,0,0,0,0,0,0,0,0,36,1,0,6,0,2,5,4,0,1,4,0,0,0,0,0,0,2,0,0,2,0,0,5,0,10,1,5,2,0,0,0,0,1,0,1,3,0,0,0,7,0,6,0,5,0,2,0,0,5,0,52,1,1,22,2,0,0,0,3,6,0,0,0,0,8,2,33,60,5,0,118,3,0,0,1,36,0,3,2,0,0,2,0,0,5,0,1,29,0,13,1,0,3,13,307,0,0,0,1,109,0,6,2,150,1,0,0,0,0,0,0,0,1,0,0,1,0,0,0,0,6,0,0,0,0,0,0,1,55,1,0,0,5,0,0,0,10,0,0,1,4,5,0,1,0,7,10,1,1,0,0,6,0,0,2,9,2,1,0,1,0,0,3,0,0,0,1,0,0,0,0,0,0,0,0,0,0,0,0,0,1,0,1,0,0,0,0,0,0,0,1,0,0,13,1,0,0,0,35,0,0,20,0,0,1,0,0,0,2,0,0,0,0,0,1,0,2,0,0,0,2,0,0,0,0,0,0,5,0,0,0,0,0,0,0,0,2,2,0,0,0,4,0,0,0,0,1,0,1,0,3,0,0,0,0,0,0,0,0,0,3,0,85,0,0,0,0,0,5,1,18,2,0,5,8,1,4,0,2,2,48,0,0,3,0,0,0,1,3,0,0,0,1,0,71,1,0,1,0,0,5,0,0,0,0,9,3,9,10,8,6,0,5,0,4,1,0,0,0,0,0,0,0,0,0,0,0,0,0,0,0,0,0,0,0,0,0,0,0,0,0,0,0,0,0,0,0,0,0,0,0,1,0,4,0
145,1570,COLÉGIO ESTADUAL PROFESSORA ISABEL LOPES SANTOS SOUZA,"RUA ROSA TORTATO, 400 - PINHEIRINHO",PINHEIRINHO,-25.531695,-49.2883117,66,0,2974,2377,207,91,0,13,3,11,38,1,2,0,0,2,31,1,0,0,16,1,0,0,3,3,1,11,3,0,0,2,0,0,1,0,0,0,0,29,0,0,0,0,0,0,1,0,13,4,50,1,69,0,2,2,0,0,0,0,0,0,6,0,27,0,2,0,1,1,0,0,1,1,29,0,0,0,0,26,0,0,0,1,0,0,1,1,0,2,0,0,0,0,0,27,0,3,0,0,0,0,0,0,1,0,0,0,0,0,79,0,0,0,0,0,0,0,0,0,0,0,0,0,3,3,0,0,9,1,0,21,0,6,0,0,1,14,0,15,17,14,6,0,0,0,0,4,78,0,2,1,1,3,0,8,1,0,0,1,3,2,0,0,1,1,0,0,4,0,0,7,0,1,0,0,0,0,0,0,0,0,0,0,0,0,0,0,0,1,47,0,0,1,0,0,0,0,0,3,0,0,8,1,0,0,0,1,0,0,5,0,4,0,1,0,3,0,0,0,0,0,3,0,0,0,2,0,0,0,0,1,6,0,0,0,0,0,0,0,0,2,0,0,0,1,0,0,1,0,4,0,0,0,0,0,2,0,0,0,0,0,1,0,0,0,0,37,5,0,16,0,5,0,5,0,1,0,0,0,0,0,0,0,2,0,1,2,0,0,0,0,8,1,0,1,0,0,0,0,0,0,0,3,0,0,0,3,0,6,0,1,0,0,1,0,0,0,40,0,0,18,2,0,0,0,9,3,0,0,0,0,8,2,22,64,1,0,57,1,1,0,1,30,0,3,1,0,1,2,0,0,4,0,5,20,0,4,1,1,2,53,120,0,0,0,1,68,0,4,3,132,0,0,0,0,1,0,0,0,0,0,0,0,0,0,0,0,8,0,0,0,0,0,0,2,57,1,0,0,14,1,0,0,0,0,0,2,3,5,0,8,0,12,7,0,6,0,0,13,0,0,0,5,1,1,0,0,5,0,0,0,0,0,0,0,0,0,0,0,0,0,0,0,0,0,0,0,6,0,3,0,0,0,0,0,0,0,4,0,0,10,1,0,0,0,13,0,0,10,0,0,0,0,0,0,1,0,0,0,0,0,0,0,2,0,0,0,1,2,0,0,1,0,0,14,1,0,0,0,0,0,0,0,0,0,0,0,0,0,1,0,0,0,2,0,1,0,0,0,0,0,0,0,1,0,1,0,1,0,37,1,0,1,0,0,2,3,17,0,0,3,1,0,5,0,25,1,38,0,0,2,0,0,0,0,0,0,0,0,0,0,38,0,0,1,0,0,0,1,0,0,0,6,0,6,6,3,1,0,6,0,1,0,0,0,0,1,1,0,0,0,0,0,6,0,0,0,0,0,0,0,0,2,0,0,0,2,0,0,0,1,0,0,0,1,0,0,0,1,0,0,0
145,1589,ESCOLA MUNICIPAL DE EDUCAÇÃO ESPECIAL TOMAZ EDISON ANDRADE VIEIRA,"RUA LEON NÍCOLAS, S/N, CAPÃO RASO",PINHEIRINHO,-25.5151667,-49.2943721,58,0,4847,3850,253,143,0,11,7,11,73,8,2,0,0,4,71,1,1,0,15,1,0,0,1,2,2,12,2,0,0,0,1,0,0,0,0,0,0,57,0,0,0,1,0,4,3,0,17,6,69,0,88,2,3,0,0,0,2,0,0,0,0,2,32,0,2,0,0,0,0,0,0,0,39,1,1,0,0,32,0,1,0,2,1,0,0,1,0,1,4,0,0,0,0,66,0,13,0,2,1,0,0,0,3,0,0,0,0,0,51,0,0,0,0,0,0,0,0,1,0,0,0,0,8,7,1,0,13,1,0,38,0,7,4,1,1,24,1,54,34,30,11,4,0,0,0,3,87,0,5,1,2,2,0,15,2,1,6,1,1,0,2,0,2,0,1,2,12,0,0,13,0,1,1,1,0,0,0,0,1,0,0,0,0,0,0,1,0,4,63,0,0,0,0,0,0,0,0,3,1,2,14,1,1,0,0,3,0,0,5,0,11,0,2,0,10,0,1,0,0,1,0,0,0,0,6,0,1,0,0,0,2,0,1,0,0,1,2,0,0,0,0,0,0,2,0,0,2,0,3,1,0,0,0,1,2,0,0,0,1,0,0,0,0,0,0,57,14,1,4,0,6,7,5,1,3,0,0,2,0,1,0,0,3,2,1,3,0,0,2,0,15,0,0,2,1,0,0,0,0,0,0,2,0,0,0,2,0,10,0,2,0,0,0,1,2,0,83,2,0,53,9,0,0,0,2,11,0,1,0,1,5,3,51,74,9,0,122,2,0,0,1,36,1,1,2,0,0,7,2,1,17,0,0,42,1,8,1,0,10,12,123,0,2,0,1,129,2,5,8,250,1,0,0,0,2,0,0,0,4,0,0,0,0,0,0,0,10,0,0,0,0,0,0,4,79,3,0,0,30,0,2,0,12,0,0,2,6,4,2,4,0,25,23,2,6,0,0,13,0,0,0,8,0,5,0,0,0,0,0,0,1,0,0,0,0,0,0,0,1,0,0,0,1,0,0,2,3,0,5,1,0,0,0,0,0,0,2,0,0,20,2,0,0,0,37,2,0,8,0,0,3,0,0,0,2,0,0,0,1,0,0,2,1,0,0,0,0,0,0,0,5,0,1,2,0,0,0,0,0,0,0,0,0,0,0,0,1,1,0,0,1,0,1,0,2,0,0,0,0,0,0,0,0,0,4,0,1,0,115,1,0,0,0,0,0,4,18,2,1,11,6,8,3,0,5,0,133,0,0,5,0,0,0,0,1,4,0,0,0,0,158,0,2,10,0,1,11,1,1,1,0,5,0,10,14,8,5,1,12,2,1,0,0,0,0,0,1,0,0,0,0,0,0,1,0,0,0,0,0,0,0,4,1,1,0,0,0,0,0,0,0,0,0,0,0,2,0,1,0,2,0
145,1597,ESCOLA MUNICIPAL SAO MATEUS DO SUL,"RUA ORESTES CODEGA, 165",PINHEIRINHO,-25.5235867,-49.2975817,66,0,2280,1864,118,76,0,13,1,10,31,4,1,0,0,3,40,0,0,0,5,1,0,0,1,1,0,11,1,0,1,1,0,0,0,0,0,0,0,7,0,0,0,0,1,0,3,0,10,2,26,0,46,1,2,4,0,0,1,0,0,0,0,0,9,1,0,0,0,0,0,0,1,0,32,0,1,0,0,23,0,0,0,1,0,0,0,0,0,1,1,0,0,0,0,34,0,7,2,0,0,0,0,0,0,0,0,0,0,0,19,0,0,0,0,0,0,0,0,0,0,0,0,0,8,3,0,0,17,1,0,22,0,2,0,2,1,6,1,15,9,11,1,2,0,0,2,1,41,0,0,0,0,1,0,21,1,0,3,0,1,0,0,0,1,1,1,0,3,0,0,14,0,0,0,0,0,0,0,1,0,0,0,0,0,1,0,0,0,2,29,0,0,0,0,0,0,0,0,1,1,0,2,0,0,0,0,1,0,0,2,2,8,0,0,0,8,0,0,1,0,0,2,0,0,0,0,0,0,0,0,0,4,0,2,0,0,0,0,0,0,0,0,0,0,0,0,0,1,0,3,0,0,0,0,0,1,0,0,0,0,0,0,0,0,0,0,18,6,0,0,0,0,1,2,0,1,0,0,1,0,0,0,0,0,0,0,2,0,0,0,0,4,1,1,5,2,0,0,0,0,1,1,2,0,0,0,0,0,2,0,0,0,0,0,0,0,0,49,4,1,13,3,0,0,0,1,2,0,0,0,0,5,0,37,43,0,0,50,0,3,0,0,23,0,4,0,0,0,4,0,0,8,0,1,19,0,10,1,0,6,2,71,1,1,0,0,73,0,2,6,95,0,0,0,0,0,0,0,0,1,0,0,0,0,0,0,0,5,1,0,0,0,0,0,1,33,0,1,0,12,0,0,0,1,0,0,1,1,7,0,4,4,10,5,1,4,0,0,4,0,1,1,6,0,2,0,0,1,0,0,1,0,0,0,0,1,0,0,0,0,0,0,1,0,0,0,0,2,0,0,0,0,0,0,0,0,0,5,1,0,16,0,0,0,0,7,0,0,2,0,0,0,0,0,0,1,0,0,0,0,0,0,1,0,0,1,0,1,0,0,0,0,0,0,1,0,0,0,0,0,0,1,0,0,0,0,0,0,1,0,0,0,0,3,0,0,0,0,0,0,0,0,0,0,0,0,0,0,0,35,1,0,1,0,0,5,5,8,0,0,11,2,4,2,0,2,0,79,0,2,7,0,0,0,0,1,1,0,0,0,0,94,0,1,3,1,0,1,0,0,0,0,10,2,2,6,2,0,1,3,0,0,2,0,0,0,0,0,0,0,3,0,0,0,0,0,0,0,0,0,0,0,5,0,0,0,0,0,0,0,0,0,0,0,0,0,1,0,0,0,2,0
145,1600,ESCOLA MUNICIPAL COLOMBO,"RUA IZAAC FERREIRA DA CRUZ, 2591, SÍTIO CERCADO",SITIO CERCADO,-25.5375803,-49.2775753,65,0,2990,2380,180,77,0,18,4,6,42,5,6,0,0,6,36,0,2,0,18,1,0,0,2,2,2,14,2,0,0,0,1,1,0,0,1,0,0,40,0,0,0,4,0,0,0,0,19,4,31,0,71,0,1,1,1,0,0,0,0,1,1,2,14,0,3,0,0,0,0,0,0,0,25,0,0,1,1,9,0,0,0,2,0,0,0,0,0,1,1,0,0,0,0,29,0,4,0,2,0,0,0,0,1,0,0,0,0,0,234,0,0,0,0,1,0,0,0,0,0,0,0,0,3,7,0,0,16,0,3,16,0,3,1,0,0,11,0,29,8,21,8,1,0,0,0,0,52,0,2,0,0,2,0,10,1,0,1,0,0,4,0,0,1,8,0,1,2,0,0,6,0,1,0,1,1,1,0,1,0,0,0,0,0,0,0,0,0,1,28,0,0,0,0,0,0,0,1,2,0,0,9,3,0,0,0,2,1,0,2,0,2,0,0,0,5,0,0,0,0,0,2,0,0,0,0,0,0,0,0,1,1,1,0,0,0,0,0,0,0,0,1,0,0,0,1,0,1,0,7,0,0,0,0,0,2,0,0,0,0,0,0,0,0,0,0,45,3,0,9,0,6,5,8,2,0,0,0,0,0,0,0,0,2,1,0,4,1,0,1,0,5,0,0,1,0,0,1,0,0,0,2,1,0,0,0,4,0,6,0,0,0,1,0,0,2,0,43,1,1,19,2,0,0,0,6,5,2,0,0,0,0,0,29,81,1,1,45,1,1,0,0,24,0,1,0,3,0,9,0,1,9,0,0,32,1,12,0,0,1,24,84,0,0,1,2,99,0,0,4,114,0,0,0,0,3,0,0,0,1,0,0,0,0,0,0,0,4,0,0,0,0,0,1,2,50,0,0,0,9,0,0,0,2,0,1,0,3,1,0,7,0,8,5,1,4,0,0,2,0,5,1,8,0,5,0,0,0,0,0,0,0,0,0,0,0,0,0,0,0,0,0,0,1,0,0,0,0,0,0,0,0,0,0,0,0,0,4,0,0,10,0,0,0,0,25,0,1,11,1,0,6,0,0,0,3,0,0,1,0,0,0,1,0,0,0,0,1,0,0,0,0,0,0,2,0,0,0,0,0,0,0,0,0,0,0,0,0,1,1,0,0,0,0,0,2,0,0,0,0,0,0,0,0,0,0,0,3,0,26,2,0,2,0,0,6,3,19,1,0,3,6,0,5,0,4,1,32,0,0,1,2,0,0,2,0,0,1,0,0,0,25,0,0,10,0,1,0,0,0,0,0,8,1,2,3,7,2,0,7,1,2,0,0,0,0,0,1,0,0,0,0,0,0,0,0,1,0,0,0,0,0,1,0,0,0,0,0,0,1,0,0,0,0,0,0,0,0,0,0,0,0
145,1619,COLEGIO ESTADUAL HASDRUBAL BELLEGARD,"RUA IZZAC FERREIRA DA CRUZ, 3009, SÍTIO CERCADO",SITIO CERCADO,-25.5370783,-49.274305,65,0,5766,4325,350,178,0,21,5,11,76,11,5,1,1,15,75,1,3,0,21,1,0,0,5,11,0,10,0,0,0,0,1,0,1,0,0,0,0,62,1,0,1,2,0,0,0,0,22,3,66,0,103,1,5,1,0,1,1,0,0,1,2,3,22,0,2,0,0,0,0,0,1,0,60,0,0,0,0,34,0,0,0,0,1,0,0,1,0,2,3,0,0,0,0,32,0,3,0,2,1,0,0,3,0,0,0,0,3,0,316,0,0,0,0,0,0,0,0,0,0,0,0,0,11,7,0,0,19,0,2,47,0,9,0,2,5,32,0,43,37,36,16,2,0,0,2,6,96,0,1,1,1,6,0,21,2,1,2,3,0,2,1,0,0,7,0,0,6,0,0,23,0,0,1,0,0,0,0,1,0,2,1,0,0,0,0,0,0,7,60,0,0,2,0,0,0,0,0,11,1,0,13,5,2,0,0,0,1,0,2,0,3,0,0,0,15,0,0,0,0,0,2,1,1,1,3,0,0,0,0,3,2,0,0,2,0,0,2,0,0,1,0,0,0,1,1,0,3,0,4,0,0,0,0,0,5,3,0,1,0,0,0,0,0,0,0,103,5,1,10,0,8,9,0,0,2,0,0,0,0,1,0,0,4,1,0,2,0,0,1,0,15,0,1,1,0,0,0,0,1,1,1,2,0,0,0,3,0,12,0,0,0,0,0,0,0,0,63,4,3,38,1,0,0,0,5,11,0,0,0,0,3,1,53,130,1,0,100,3,0,1,0,41,0,2,0,0,0,8,3,1,6,0,2,46,0,13,2,0,3,34,197,3,1,3,3,170,0,0,14,217,1,1,0,0,5,0,0,0,1,0,0,0,0,0,0,0,15,0,0,0,0,0,1,4,71,0,3,0,11,1,0,1,12,0,0,2,7,9,1,8,0,19,9,1,9,0,0,12,1,7,2,26,2,3,0,0,2,0,1,0,0,0,0,0,1,1,0,0,0,0,1,0,1,0,0,0,4,0,0,1,0,0,0,2,0,0,1,0,0,26,3,1,0,0,31,0,1,13,2,0,3,0,0,0,2,1,0,0,0,0,1,1,1,0,0,0,3,0,0,0,1,0,1,10,0,1,0,0,0,0,1,0,0,1,0,0,3,5,2,0,0,0,2,3,5,0,0,1,0,0,0,0,1,0,1,0,7,0,87,2,0,0,0,0,3,4,21,6,0,3,9,7,5,0,1,4,69,0,0,4,0,0,0,3,6,0,0,0,0,0,53,0,1,3,1,0,8,0,0,0,0,20,0,10,10,12,6,0,10,2,5,0,0,0,0,0,0,0,0,1,0,0,0,0,0,0,0,0,0,0,0,3,0,0,0,0,0,0,0,0,0,0,0,1,0,1,0,1,0,2,1
145,1627,CEI PROFESSOR JOSE CAVALLIN,"RUA CALIFÓRNIA, 954  SÍTIO CERCADO",SITIO CERCADO,-25.54415,-49.2761133,65,0,2687,2104,189,97,0,11,1,7,45,2,4,1,0,7,26,1,2,0,11,0,0,0,1,3,4,5,0,1,0,0,1,0,0,0,0,0,0,30,0,1,1,4,0,0,0,0,19,1,31,0,51,0,2,0,0,0,0,0,0,0,0,0,14,0,2,0,0,0,0,0,0,0,24,0,0,0,0,23,0,0,0,8,0,0,0,1,0,1,0,0,0,0,1,42,0,2,0,0,0,0,0,0,2,0,0,0,2,0,182,0,0,0,0,0,0,0,0,0,0,0,0,0,2,4,0,0,12,2,0,18,0,5,0,1,1,11,0,19,15,11,4,2,0,0,0,0,51,0,1,0,0,3,0,11,0,0,1,0,1,0,1,0,0,0,0,0,3,0,0,7,0,0,0,0,0,0,0,0,0,1,0,0,0,0,0,0,0,7,27,0,0,0,0,1,0,0,0,9,0,0,3,0,0,0,0,0,0,1,3,0,1,0,0,0,2,0,0,0,1,0,2,0,1,0,2,0,0,0,0,0,1,0,0,0,0,0,0,0,0,0,0,0,0,1,2,0,3,0,4,0,0,0,0,0,2,0,0,0,0,0,0,0,0,0,0,55,1,1,5,0,3,1,2,0,0,0,0,0,0,0,0,0,0,0,0,1,1,0,1,0,11,0,3,0,0,0,0,0,0,0,0,3,0,0,0,6,1,3,0,0,0,0,0,0,2,1,39,2,0,21,1,0,0,0,1,4,0,0,0,0,3,0,24,70,1,0,40,0,0,0,0,15,1,1,1,1,0,2,2,1,1,0,2,23,0,7,0,0,2,35,49,0,2,0,4,71,0,6,4,107,1,0,0,0,0,0,0,0,1,0,0,0,0,0,0,0,4,0,0,0,0,0,0,2,40,0,4,0,3,0,0,0,2,0,0,2,1,0,0,0,0,7,5,0,2,0,0,5,0,0,0,3,0,2,0,0,0,0,0,0,0,0,0,0,0,0,0,0,0,0,0,0,0,1,0,0,2,0,0,1,0,0,0,1,0,0,0,0,0,11,0,0,0,0,23,0,0,7,0,0,1,0,0,0,0,0,0,0,0,0,0,1,0,0,0,0,0,0,2,0,4,0,0,0,0,0,0,2,0,0,0,1,1,0,1,0,1,3,1,0,0,1,1,0,3,0,0,0,0,1,0,0,0,0,3,0,3,0,32,1,0,0,0,0,2,2,16,0,0,4,1,1,1,0,2,0,28,0,0,2,0,0,0,2,0,1,0,0,0,0,37,0,0,1,0,0,1,0,0,0,0,8,0,5,1,3,3,0,16,2,2,0,0,0,0,0,0,1,0,1,0,0,0,0,0,0,0,0,0,0,0,1,0,0,0,0,0,0,0,0,0,0,0,0,0,0,0,0,0,0,0
145,1635,ESCOLA MUNICIPAL PROFESSOR PEDRO VIRIATO PARIGOT DE SOUZA,"R PROF. DELMINDA SANTOS FERNANDES, 80",SITIO CERCADO,-25.5292486,-49.2694461,65,0,4170,3365,242,157,0,15,3,7,59,6,2,2,0,5,48,1,1,0,22,3,3,0,2,0,1,15,0,1,0,0,0,0,0,0,0,0,0,44,1,0,0,4,0,0,0,0,24,7,57,0,145,5,4,3,0,0,2,0,1,0,1,3,14,0,2,0,0,1,0,0,0,0,35,0,2,0,0,29,0,0,0,8,1,1,0,0,0,0,4,0,0,0,0,51,0,5,0,1,0,0,0,0,0,0,0,0,2,0,131,0,0,0,0,0,0,0,0,0,0,0,0,0,5,4,1,0,17,1,1,31,0,12,0,3,0,21,0,31,31,26,10,1,0,0,1,2,89,1,4,1,2,5,0,22,1,0,2,0,1,6,0,0,0,1,0,0,14,0,0,13,0,0,0,0,0,0,0,0,0,2,2,0,0,0,0,0,0,7,48,0,0,0,0,0,0,0,0,5,0,0,6,1,0,0,0,0,0,0,1,0,1,0,0,0,11,0,1,0,0,0,4,3,0,3,0,0,0,0,0,2,1,0,5,0,0,1,0,0,0,0,1,0,0,1,0,0,0,1,9,0,0,0,0,0,3,1,0,1,0,0,0,0,0,0,0,79,2,8,1,0,5,1,11,3,0,0,0,0,0,1,0,0,4,0,0,4,0,0,0,0,2,0,1,2,0,0,1,0,0,0,0,2,1,0,0,2,0,5,1,0,0,0,0,0,5,0,68,1,6,24,2,0,0,0,1,6,0,0,0,0,3,2,30,85,3,0,72,5,6,1,1,30,0,0,2,0,0,6,1,0,2,0,1,29,0,15,2,1,0,27,181,3,0,0,3,115,0,7,7,189,1,0,0,0,9,0,0,0,2,0,0,0,1,0,0,0,9,0,0,0,0,0,0,0,64,2,0,1,17,0,0,0,11,0,0,2,6,11,0,5,2,9,14,1,13,0,0,8,0,3,0,9,1,4,0,1,2,0,0,1,0,0,0,0,0,0,1,0,1,1,0,0,0,0,0,0,2,0,1,0,0,0,0,0,0,0,4,0,0,8,0,2,0,1,22,0,6,7,0,0,5,0,0,0,0,0,0,0,0,0,0,2,0,0,0,0,1,0,1,0,0,0,0,5,0,0,0,0,0,0,0,0,0,0,0,0,0,2,2,1,1,1,8,5,2,0,0,0,0,0,0,0,0,0,1,0,8,0,49,0,0,0,0,0,3,3,35,1,0,6,10,3,16,0,1,0,37,0,1,1,2,0,0,1,8,0,1,0,0,0,62,0,3,2,1,1,8,0,0,0,0,8,0,9,7,5,2,0,18,3,1,0,0,0,0,0,0,0,0,0,0,0,1,0,0,0,0,1,0,0,0,3,0,0,0,0,0,0,0,0,0,0,0,0,0,0,0,0,0,0,0
145,1643,ESCOLA MUNICIPAL PROFESSORA AUGUSTA GLUCK RIBAS,"RUA IZAAC FERREIRA DA CRUZ, 3560",SITIO CERCADO,-25.534745,-49.2685717,65,0,1822,1429,107,59,0,9,0,7,29,5,2,0,1,2,24,1,0,1,16,1,0,1,2,4,3,1,0,2,0,0,0,0,1,0,0,0,0,19,2,0,0,2,0,0,3,0,23,7,23,0,46,0,0,0,0,0,2,0,0,0,0,0,7,0,0,0,0,0,0,0,1,0,6,0,0,0,0,14,0,0,0,2,0,0,1,0,0,1,0,0,0,0,0,14,0,2,0,0,0,0,0,0,0,0,0,0,2,0,97,0,0,0,0,0,0,0,0,0,0,2,0,0,0,5,0,0,8,0,0,5,0,5,0,0,1,6,0,12,13,12,7,1,0,0,0,3,54,0,1,1,0,0,0,4,1,2,1,0,0,1,0,0,1,1,0,0,3,0,0,4,0,1,0,1,0,0,0,0,0,1,0,0,0,0,0,0,0,2,27,0,0,1,0,0,0,0,0,4,1,0,3,2,0,0,0,0,0,0,3,0,0,0,0,0,2,0,0,0,0,0,2,0,1,0,0,0,0,0,0,4,1,0,0,0,0,0,0,0,1,0,0,1,0,0,0,0,0,0,2,0,0,0,0,0,2,0,0,0,0,0,0,0,0,0,0,33,2,0,5,0,1,2,4,1,0,0,0,0,0,0,0,0,1,0,0,0,0,0,0,0,5,0,1,4,0,0,0,0,0,0,0,2,0,0,0,1,0,0,0,0,0,0,0,0,2,0,23,3,0,8,2,0,0,0,0,1,0,0,0,0,0,0,12,33,1,0,31,0,1,1,1,11,0,0,1,1,1,0,1,0,3,0,0,17,0,5,1,0,0,17,53,0,2,0,4,50,2,1,5,47,1,0,0,0,5,0,0,0,0,0,0,0,0,1,0,0,5,0,0,0,0,0,0,0,27,0,0,1,1,0,0,0,3,0,0,1,3,3,0,10,1,4,3,0,3,0,0,8,0,3,2,4,0,2,0,0,0,0,0,0,0,0,0,0,0,0,0,0,0,0,0,0,0,0,0,0,1,0,0,0,0,0,0,0,0,0,0,0,0,6,0,0,0,0,14,0,0,0,0,0,4,0,0,0,0,0,0,0,0,0,0,1,0,0,0,0,1,0,0,0,1,0,0,2,0,1,0,0,0,0,0,0,0,0,0,0,0,0,0,0,0,0,2,2,3,0,0,0,0,0,0,0,0,0,0,0,2,0,35,0,1,0,0,0,1,0,6,2,0,0,4,1,0,0,4,0,24,0,0,1,0,0,0,1,0,1,0,0,0,0,14,0,1,1,0,1,3,0,0,0,0,8,1,3,1,0,4,0,2,0,1,0,0,0,0,0,0,0,0,0,0,0,0,0,0,0,2,1,0,0,0,1,0,0,0,0,0,0,0,0,0,0,0,0,0,0,0,0,0,1,1
145,1651,ESCOLA MUNICIPAL RIO NEGRO,"RUA CELESTE TORTATO GABARDO, 1090  SÍTIO CERCADO",SITIO CERCADO,-25.5445611,-49.2836163,65,0,4202,3241,268,164,0,15,5,16,58,1,6,0,1,3,57,1,2,0,13,1,0,1,3,4,2,16,0,1,1,0,0,2,0,0,2,0,0,45,0,0,0,7,0,0,3,0,20,0,50,0,88,1,7,4,2,0,1,0,2,0,1,0,28,1,3,0,0,1,0,0,0,0,34,0,0,0,0,37,0,0,0,6,1,0,0,0,0,2,0,0,0,0,0,38,0,5,0,0,0,0,0,0,1,0,0,0,1,0,253,0,0,1,0,0,0,0,0,0,0,0,0,0,5,8,0,1,17,0,0,29,0,11,1,1,3,25,0,26,22,12,3,2,1,0,1,3,83,0,1,2,0,3,0,13,0,0,2,0,0,4,1,1,0,2,2,0,7,0,1,11,0,0,0,0,0,0,0,0,0,1,1,0,0,0,1,0,0,4,44,0,0,0,0,0,0,0,0,7,0,0,9,2,0,0,0,1,0,2,1,0,11,1,0,0,6,0,1,0,0,1,0,0,0,0,0,0,0,0,0,2,4,0,0,0,0,0,0,0,0,0,0,0,0,0,1,0,2,0,4,0,0,0,0,0,1,0,0,0,0,0,0,0,0,0,0,71,2,1,3,0,0,3,3,0,2,0,0,0,0,0,0,0,0,0,0,2,0,0,2,0,7,1,1,3,0,0,0,0,2,1,0,3,0,0,0,3,0,3,0,0,0,0,0,0,3,0,62,0,6,26,2,0,0,0,9,8,0,0,0,1,1,0,31,95,6,0,66,1,2,0,1,44,2,2,3,0,0,4,0,0,7,0,0,21,1,13,0,0,1,40,99,0,2,0,1,99,0,2,2,168,2,0,0,0,4,0,0,0,1,0,0,0,0,0,0,0,8,0,0,1,0,0,0,1,91,0,0,0,15,0,0,0,3,0,0,2,2,5,0,4,1,14,2,0,4,0,0,8,0,1,0,5,1,4,0,2,1,0,0,0,0,0,0,0,0,0,0,0,2,0,0,0,0,0,0,0,4,0,0,0,0,0,0,0,1,0,0,0,0,13,1,0,0,0,34,1,1,13,0,0,0,0,0,0,3,0,0,0,0,0,0,0,0,0,2,0,1,0,0,0,0,0,0,4,0,1,0,1,1,0,0,1,0,1,0,0,1,3,0,0,0,0,1,0,3,0,0,1,0,0,0,0,1,0,3,0,2,0,58,0,0,0,0,0,3,3,28,3,0,2,7,3,4,0,6,0,60,0,0,5,0,0,1,0,0,1,3,0,1,0,54,0,1,0,1,0,4,0,0,0,0,15,2,5,4,4,0,0,27,0,0,0,0,0,0,0,0,0,2,0,0,0,0,0,0,0,0,0,0,0,0,3,0,0,0,0,0,0,1,0,0,0,2,0,0,0,0,1,0,4,0
145,1686,COLEGIO ESTADUAL PADRE CLAUDIO MORELLI,"RUA LUIZ NICHELLE, 08",UMBARA,-25.5686911,-49.2857289,73,0,3913,3235,261,146,0,24,0,8,40,5,3,0,0,3,57,2,4,1,29,1,0,1,0,5,1,10,0,0,0,1,0,0,0,1,0,1,0,25,0,0,0,0,0,0,0,0,17,5,66,0,111,1,6,0,0,0,1,0,1,0,1,1,21,0,0,0,0,0,0,0,0,0,21,0,3,0,0,101,0,0,0,6,2,0,0,0,0,0,3,0,0,0,0,38,0,6,1,1,0,0,0,0,1,0,0,0,1,0,138,0,0,2,0,0,0,0,0,0,0,0,0,0,4,4,0,1,11,1,4,19,0,7,1,3,3,15,1,26,22,12,9,3,2,1,0,0,48,2,2,2,0,1,0,23,0,0,1,2,0,0,6,0,0,0,1,0,7,1,1,16,0,0,0,2,2,0,1,0,0,0,0,1,0,0,0,0,0,4,39,1,0,1,0,0,0,0,0,0,3,2,4,1,0,0,0,1,0,2,2,0,5,0,0,0,6,0,0,2,0,0,1,0,0,1,0,0,0,0,0,0,5,1,1,0,0,0,0,0,0,1,0,0,0,3,1,0,7,0,3,0,0,0,0,0,1,0,0,0,0,0,0,0,0,0,0,57,7,0,8,0,1,6,4,1,1,0,0,0,0,0,0,0,0,0,0,1,0,1,2,0,12,0,2,1,0,0,0,1,2,0,1,8,0,0,0,2,0,5,0,0,0,1,0,0,1,0,102,0,2,36,0,0,0,1,3,1,1,0,0,0,7,0,38,69,0,0,73,0,0,0,2,34,0,2,0,0,0,7,0,0,1,1,1,23,0,21,1,0,3,26,48,0,0,0,1,159,0,4,5,215,0,0,0,0,0,0,0,0,18,0,0,0,0,0,0,0,3,0,0,0,0,0,0,1,69,3,0,1,20,0,0,0,5,0,0,4,3,5,2,4,1,26,3,0,5,1,0,16,0,30,0,10,1,3,0,0,2,1,1,0,0,0,0,0,0,2,0,0,0,0,0,0,0,0,0,0,3,0,11,0,0,0,0,0,0,0,0,0,0,13,1,0,0,0,22,0,0,11,0,0,5,0,0,0,0,1,0,0,0,0,0,0,0,0,0,0,5,0,0,0,1,0,0,2,0,0,0,3,0,0,0,0,0,0,0,0,0,0,0,0,0,0,1,0,1,0,0,0,0,0,0,0,0,0,1,0,2,0,52,1,0,0,0,0,2,1,10,1,0,3,3,10,1,1,4,0,67,0,0,8,0,0,0,0,2,0,0,0,0,0,111,0,2,0,0,2,6,0,1,0,1,27,3,3,4,10,0,0,3,0,3,0,0,0,0,0,2,0,0,0,0,0,0,0,0,0,0,0,0,0,0,0,0,0,0,0,0,0,0,0,2,0,0,2,0,1,0,0,0,1,0
145,1694,CAPELA SAO SEBASTIAO,"RUA NICOLA PELANDA, 8065",UMBARA,-25.5928037,-49.2762211,73,0,2438,1989,168,55,0,16,5,8,18,1,2,0,0,3,20,1,0,0,13,0,0,0,3,1,3,8,0,0,0,0,1,0,0,0,0,0,0,30,1,0,0,0,0,0,0,0,7,0,29,0,53,1,6,0,0,0,0,0,0,0,1,1,12,0,3,0,1,0,0,0,0,0,25,0,0,0,0,200,0,0,0,0,0,2,0,0,0,1,1,0,1,0,0,17,0,3,2,1,0,0,0,0,1,0,0,0,0,0,53,0,0,0,0,1,0,0,0,0,0,0,0,0,6,4,1,0,12,0,0,11,0,2,0,0,0,14,0,12,5,12,4,0,0,0,0,2,20,0,0,0,0,1,0,2,0,0,0,2,0,0,0,0,0,0,0,0,1,0,0,6,0,1,0,1,0,0,0,0,0,0,0,0,0,0,0,0,0,3,31,0,0,0,0,0,0,0,0,0,1,0,2,0,0,0,0,0,0,0,0,0,8,1,5,0,2,0,0,0,0,0,0,1,0,1,0,0,0,0,0,0,0,0,0,0,0,0,0,0,0,0,0,0,0,1,0,0,1,0,0,0,0,0,0,0,0,0,0,0,0,0,0,0,0,0,0,31,6,1,3,0,0,2,0,0,0,0,0,0,0,0,0,0,3,0,0,0,0,0,0,0,3,0,1,1,0,0,0,1,0,0,1,3,2,0,0,2,0,6,0,0,1,0,0,0,0,0,82,2,2,26,1,0,0,0,2,2,0,0,0,0,8,1,27,38,0,0,47,1,0,0,1,18,0,1,0,2,0,0,0,1,4,0,1,16,0,11,0,0,1,23,21,0,0,0,2,58,0,0,1,122,1,0,0,0,1,0,0,0,13,0,0,0,0,0,0,0,5,0,0,0,0,0,0,0,51,2,0,0,7,0,0,0,4,0,0,2,1,7,0,5,0,10,3,0,0,0,0,9,0,21,2,9,0,1,0,1,0,0,0,0,0,0,0,0,0,1,2,0,0,0,0,0,0,0,0,0,2,0,0,0,0,0,0,0,0,0,0,0,0,6,0,0,1,0,15,0,0,13,0,0,1,0,0,0,0,0,0,0,0,0,0,0,0,0,0,0,1,1,1,0,1,0,0,1,0,0,0,0,1,0,0,0,0,0,0,0,1,0,0,0,2,0,1,0,0,0,0,0,0,0,0,0,0,0,4,0,1,0,23,0,0,0,0,0,1,1,12,1,0,1,3,4,4,0,3,0,39,0,0,3,0,0,0,0,0,0,0,0,0,0,108,0,0,1,0,0,3,0,0,0,0,12,0,2,2,5,0,0,1,0,4,0,0,0,0,0,0,0,0,0,0,0,0,0,0,0,0,0,0,0,0,1,0,0,0,0,0,0,0,0,0,0,0,0,0,0,0,0,0,0,0
145,1783,CEI CARLOS DRUMMOND DE ANDRADE,RUA JANDAIA DO SUL 50,SITIO CERCADO,-25.5548767,-49.253395,65,0,3718,2964,274,135,0,14,2,14,65,4,2,0,1,6,43,1,1,0,16,0,1,1,2,6,2,7,0,1,0,0,2,0,1,0,0,0,0,53,0,0,0,3,0,0,0,1,17,4,48,0,104,1,2,0,0,0,0,0,0,1,0,0,25,0,0,0,0,0,0,0,0,0,38,0,1,0,0,29,0,0,0,4,0,1,1,0,0,1,2,0,0,0,0,34,0,7,1,1,0,0,0,1,3,0,0,0,0,0,145,0,0,1,0,0,0,0,0,0,0,0,0,0,2,11,0,1,18,0,1,24,0,4,2,0,0,24,0,10,20,48,10,6,0,1,0,4,76,0,1,2,1,2,0,18,1,1,2,0,0,2,0,0,4,8,0,0,5,1,0,10,0,1,0,0,0,1,0,0,0,0,0,2,0,1,0,1,0,6,38,0,0,0,0,0,0,0,0,22,1,1,5,1,1,0,0,1,1,5,4,0,2,2,1,0,6,0,0,0,0,0,0,0,0,3,0,0,0,0,0,0,0,0,2,0,0,0,0,0,1,0,0,0,1,0,1,0,1,0,3,0,0,0,0,0,2,0,0,0,0,0,0,0,0,0,0,51,9,0,19,0,4,3,3,0,2,0,0,0,0,0,0,0,1,0,0,3,0,0,0,0,6,0,2,6,0,1,0,0,0,1,0,2,0,0,1,2,3,3,0,0,0,0,0,0,1,0,49,1,0,25,5,0,0,0,11,10,0,0,0,0,2,1,38,65,2,1,32,1,0,0,0,35,0,1,1,1,0,0,2,1,2,0,1,31,1,10,0,0,1,164,124,0,2,2,2,74,0,6,5,126,0,0,1,1,0,0,0,0,2,2,0,0,0,0,0,0,7,1,0,0,0,0,1,0,42,1,0,0,5,0,0,0,3,0,0,1,4,4,0,1,0,9,5,0,3,0,0,5,0,4,1,15,0,2,0,0,1,0,0,0,0,0,0,0,0,1,0,0,0,0,0,0,1,0,0,0,3,0,2,0,1,0,0,0,2,0,1,0,0,19,0,0,0,0,23,2,1,8,0,0,0,0,1,0,0,0,0,1,0,0,0,0,2,0,0,0,0,0,2,0,2,0,1,15,0,2,0,0,0,0,0,0,0,1,0,0,0,0,0,0,0,1,3,0,6,0,0,0,1,0,0,1,0,0,1,0,1,0,60,0,0,2,0,0,2,4,19,6,0,1,2,1,2,0,8,1,11,0,0,13,0,0,1,0,1,0,0,0,1,0,31,1,0,2,0,4,3,0,0,0,0,5,1,9,5,1,1,0,8,0,0,0,0,0,0,0,0,0,0,0,1,0,0,0,1,1,0,0,0,0,0,2,0,0,0,0,0,0,0,0,0,0,0,0,0,0,0,1,0,1,0
145,1791,ESCOLA MUNICIPAL PROFESSORA REJANE MARIA SILVEIRA SACHETTE,"RUA NOVA AURORA, 1000",SITIO CERCADO,-25.5490865,-49.2708116,65,0,2728,2239,153,82,0,9,1,6,33,3,2,0,0,3,24,1,0,0,8,1,1,0,3,1,0,4,0,1,1,1,3,0,0,0,0,0,0,31,0,0,0,5,0,0,0,0,15,0,44,0,66,0,2,1,0,0,2,0,1,1,1,0,13,0,2,0,0,1,0,0,0,0,24,0,0,0,0,15,0,0,0,0,1,1,0,1,1,0,0,0,0,0,1,24,0,2,0,0,0,0,0,0,0,0,0,0,0,0,454,0,0,1,0,0,0,0,0,0,0,0,0,0,0,4,0,0,12,0,0,12,0,12,0,0,1,12,0,18,11,8,3,2,0,0,0,1,38,1,3,0,0,1,0,9,4,0,1,0,0,0,0,2,0,2,1,1,4,3,1,6,0,0,0,0,0,0,0,0,0,0,0,0,0,0,0,0,0,4,30,0,0,0,0,0,1,0,0,2,1,1,7,1,0,0,0,0,0,0,3,0,3,0,1,0,9,0,0,0,0,0,0,0,0,0,0,0,0,0,0,1,5,1,0,0,0,0,0,0,1,0,0,0,0,0,1,0,4,0,1,0,0,0,0,2,2,1,0,0,0,0,0,0,0,0,1,40,3,0,2,0,1,2,0,1,0,0,0,0,0,0,0,0,2,0,0,2,0,0,1,0,6,0,0,3,0,0,0,0,0,0,0,1,0,0,0,2,0,8,0,0,0,0,0,0,0,0,47,0,0,16,1,0,0,1,1,2,0,0,0,0,2,0,28,60,2,0,21,1,0,0,0,23,0,1,1,0,0,5,0,0,0,0,1,29,0,18,0,0,0,23,35,0,1,0,0,82,0,3,2,121,0,0,0,0,1,0,0,0,1,0,0,0,0,0,0,0,2,0,0,0,0,0,1,0,33,0,0,0,9,0,0,0,3,0,0,3,0,2,0,6,0,8,1,1,3,1,0,12,0,0,0,21,0,3,0,1,0,0,0,0,0,0,0,0,0,0,1,0,1,0,0,0,0,0,0,0,0,0,1,0,0,0,0,0,0,0,0,0,0,3,0,0,0,0,18,0,3,5,0,0,1,0,0,0,0,0,0,0,0,0,0,0,0,0,0,0,1,0,0,0,0,0,0,1,0,0,0,0,0,0,0,0,1,0,0,0,0,5,2,0,0,0,1,0,1,0,0,0,0,0,0,0,0,0,1,0,0,0,35,0,0,1,0,0,2,0,6,2,0,4,3,3,3,0,5,1,23,0,0,8,0,0,0,1,0,1,0,0,0,0,34,0,0,0,0,0,0,0,0,0,0,6,1,8,6,1,3,1,10,0,0,0,0,0,0,0,0,0,0,0,0,0,0,1,0,0,0,0,0,0,0,0,0,0,0,0,0,0,0,1,0,0,0,0,0,0,0,0,1,1,1
145,1805,ESCOLA MUNICIPAL SADY SOUSA,"RUA CORONEL VICTOR AGNER KENDRICK, 440  SÍTIO CERCADO",SITIO CERCADO,-25.5336753,-49.2614834,65,0,2694,2211,169,84,0,14,1,6,41,2,3,0,0,4,46,0,1,0,14,0,0,0,2,2,0,10,0,1,0,0,0,0,0,0,0,0,0,15,0,0,1,7,0,0,0,0,13,1,33,1,80,3,1,1,0,0,0,0,2,1,0,0,29,0,0,0,0,0,0,0,0,0,15,0,1,0,0,26,0,0,0,13,0,0,1,0,0,0,4,0,0,0,0,28,0,4,1,0,0,0,0,0,3,0,0,1,0,0,167,0,0,0,0,0,0,0,0,0,1,0,0,0,5,8,1,0,14,0,1,16,0,2,0,0,1,8,0,28,11,20,11,0,1,1,0,2,45,1,0,1,0,3,0,8,1,0,1,0,0,0,0,0,0,6,1,0,1,1,0,3,0,0,0,0,0,0,1,1,0,0,0,0,0,0,0,2,0,2,24,0,0,0,0,0,0,0,0,9,0,0,8,0,0,0,0,1,1,0,0,0,4,0,0,0,6,0,0,0,0,0,0,0,0,1,0,0,0,0,0,2,2,0,2,0,0,0,1,0,0,0,0,0,0,0,0,0,1,0,12,0,0,0,0,0,0,0,0,0,1,0,0,0,0,0,0,48,4,0,9,0,1,0,6,0,0,0,0,0,0,0,0,0,2,0,0,0,0,0,0,0,10,0,0,3,2,1,0,0,0,0,2,2,0,0,0,2,0,8,0,0,0,2,0,0,1,0,29,0,2,15,1,0,0,0,3,3,0,0,0,0,4,0,11,53,0,0,55,2,0,1,2,22,0,2,0,0,0,1,0,0,1,1,2,26,0,7,0,0,2,16,89,1,1,0,0,76,0,5,4,116,0,0,0,0,13,0,0,0,0,0,0,0,0,0,0,0,7,0,0,0,0,0,0,1,57,0,1,0,8,0,0,0,10,0,1,1,1,4,0,6,0,2,6,0,5,0,0,5,0,1,1,9,5,3,0,0,4,0,0,0,0,0,0,0,0,1,1,0,0,0,0,0,0,0,0,0,0,0,1,0,0,0,0,0,1,0,0,0,0,12,0,0,0,0,13,0,0,3,0,0,1,0,0,0,1,0,0,0,0,0,0,0,0,0,0,0,0,0,0,0,3,0,0,4,0,1,0,0,0,0,0,0,0,0,0,0,0,1,0,0,0,0,4,1,4,0,0,0,0,0,0,1,0,0,2,0,2,0,31,0,0,0,0,0,1,1,43,3,0,2,4,4,2,0,1,0,29,1,0,5,2,0,0,1,0,0,0,0,0,0,25,1,0,5,0,0,5,0,0,0,0,17,4,7,4,2,0,0,5,0,1,0,0,0,0,0,0,0,0,0,0,0,0,0,0,0,0,0,0,0,0,1,0,0,0,0,0,0,1,0,0,0,0,0,0,0,0,1,0,2,0
145,1813,COLEGIO ESTADUAL BENEDICTO JOAO CORDEIRO,"RUA EURICO ZYTKIEVITZ, 143  SÍTIO CERCADO",SITIO CERCADO,-25.5424182,-49.2728909,65,0,5447,4375,328,186,0,20,0,9,72,10,1,0,2,12,76,2,1,0,19,0,1,0,5,6,1,18,0,0,1,0,1,0,0,0,0,0,0,56,1,1,0,13,0,1,2,0,42,5,54,0,89,0,4,1,0,0,1,0,1,0,3,0,29,0,3,0,1,2,0,0,0,0,63,0,0,0,0,41,0,0,0,5,0,1,1,1,0,1,4,0,0,1,0,41,0,6,0,7,0,0,0,0,0,0,0,0,3,1,511,0,0,0,0,0,0,0,0,0,0,0,0,0,15,10,0,3,22,1,1,46,0,12,1,0,4,24,0,32,29,25,14,4,0,1,0,1,80,0,1,3,1,5,0,22,1,3,4,0,1,1,0,0,1,2,1,4,14,0,0,15,0,0,0,1,0,0,0,0,0,1,2,0,0,0,0,0,0,15,56,0,0,1,0,0,3,0,0,4,0,1,10,7,1,0,0,0,0,1,3,0,15,0,0,0,21,0,0,0,0,0,2,0,0,1,2,0,0,0,0,4,1,0,0,1,0,0,1,0,0,0,0,0,0,0,0,0,4,0,5,0,0,0,0,0,4,2,1,0,0,0,0,0,0,0,0,79,5,0,10,0,5,6,8,2,2,2,0,0,0,0,1,0,5,0,1,4,0,0,2,0,19,0,0,6,0,0,0,0,0,1,0,5,0,0,0,11,0,6,0,1,1,0,0,0,5,0,71,1,4,35,2,0,0,0,5,8,0,0,0,0,2,2,45,116,3,0,95,4,3,0,1,53,0,2,0,0,0,9,0,1,5,1,0,44,0,21,0,0,4,65,113,1,0,1,3,148,0,7,11,255,0,0,0,0,2,0,0,0,1,0,0,0,0,0,0,0,8,0,0,0,0,0,0,4,71,1,2,0,15,0,0,0,13,0,0,0,4,3,0,12,3,20,5,2,13,0,0,13,0,1,1,17,0,7,0,0,0,0,0,0,0,1,0,0,0,1,0,0,1,0,0,2,0,0,0,0,6,0,0,0,0,0,0,0,2,0,0,0,0,16,1,0,0,0,26,0,2,8,1,0,0,0,0,0,1,3,0,1,0,0,0,0,0,0,0,0,1,0,1,0,1,0,0,4,0,0,0,1,0,0,0,0,1,0,1,0,0,3,0,0,0,2,5,1,5,0,0,2,0,0,0,0,0,0,0,0,14,0,87,0,0,0,1,0,2,1,31,2,0,5,7,4,4,0,1,3,42,0,0,8,0,0,1,0,3,2,1,0,0,0,77,0,2,6,0,0,3,1,1,1,0,18,0,11,7,8,0,0,16,0,4,0,0,0,1,0,4,0,0,0,0,0,0,0,0,0,0,0,0,0,0,2,0,0,0,0,0,0,1,0,0,0,0,0,0,1,0,1,1,3,0
145,1821,COLEGIO ESTADUAL LUIZ CARLOS PAULA E SOUZA,"RUA ALBERTO SABIM, 300",UMBARA,-25.5576968,-49.2804527,73,0,4233,3296,331,132,0,17,4,15,69,7,1,1,2,7,52,5,1,0,15,3,0,0,5,8,1,21,0,1,1,0,1,0,0,1,0,0,0,35,0,0,2,0,0,0,1,0,24,1,43,0,93,0,0,1,0,0,1,0,4,1,1,1,15,0,1,0,0,2,0,0,1,0,32,1,0,0,0,54,0,0,0,3,0,0,1,0,0,0,0,0,0,0,0,28,0,7,0,2,0,0,0,0,0,0,0,0,0,1,131,0,0,0,1,0,0,0,0,0,0,0,1,0,7,3,1,0,25,1,1,24,0,8,1,1,1,18,0,28,26,21,12,2,0,2,0,4,121,0,0,0,0,3,0,27,0,1,3,0,0,1,0,0,0,2,0,0,12,1,0,14,0,0,0,1,1,0,0,1,0,0,3,0,2,0,0,0,0,4,55,0,0,1,0,0,1,0,0,2,0,0,9,1,0,0,0,0,0,0,7,0,6,0,1,0,13,0,0,0,0,0,0,0,0,0,0,0,0,0,0,0,4,0,0,0,0,0,0,0,0,2,1,0,0,4,4,0,1,1,0,0,0,0,0,0,0,0,0,1,0,0,0,0,0,0,0,104,2,0,9,0,5,11,8,3,0,0,0,0,0,0,0,0,0,0,2,2,1,1,1,0,6,3,2,0,0,0,0,0,8,0,1,2,0,0,0,3,1,4,0,0,0,0,0,0,1,0,68,1,5,27,2,0,0,0,1,12,0,0,0,0,4,0,38,75,1,0,79,0,1,0,0,45,1,2,0,1,0,5,1,0,3,0,1,38,0,14,0,0,4,50,50,1,2,0,5,137,0,4,3,164,1,1,0,0,3,0,0,0,15,0,0,0,0,0,0,1,11,0,0,0,0,0,0,1,68,0,0,0,17,0,2,1,8,0,0,4,9,6,0,4,1,4,8,0,8,0,0,10,0,5,0,18,0,2,0,0,0,0,0,0,0,0,0,0,0,0,0,0,0,0,0,0,0,0,0,0,1,0,0,0,0,0,0,0,0,0,0,0,0,14,2,0,0,0,14,0,0,11,0,0,1,0,0,0,0,3,0,0,0,0,0,0,0,0,0,0,3,0,1,0,0,0,2,16,0,0,0,0,0,0,1,0,0,0,0,0,0,1,1,0,0,0,0,0,0,0,0,0,0,3,0,0,0,0,0,0,6,0,80,1,0,0,0,1,6,1,15,1,0,4,4,2,19,0,1,1,23,0,1,9,0,0,0,0,0,1,0,0,0,0,51,1,0,6,1,1,2,0,2,0,0,21,2,3,2,9,2,0,5,0,6,0,2,0,0,0,0,1,0,0,0,0,0,0,0,0,1,0,0,0,0,0,0,0,0,0,0,0,0,0,2,0,0,2,0,0,0,1,0,3,0
145,1848,COLEGIO ESTADUAL PROFESSOR TEOBALDO LEONARDO KLETEMBERG,"RUA MARIO GASPARIN, 950",SITIO CERCADO,-25.5437241,-49.252425,65,0,3925,3130,285,121,0,13,0,12,51,3,5,0,2,9,33,0,1,0,22,0,0,2,2,4,2,9,0,0,0,0,0,0,0,0,0,0,0,41,1,0,0,14,0,0,0,0,36,0,42,0,75,0,0,1,0,0,1,0,2,1,0,2,15,0,1,0,0,0,0,0,0,0,34,0,1,0,0,16,1,0,0,13,0,0,0,0,0,0,0,0,0,0,1,31,0,1,0,1,1,0,0,0,1,1,0,0,1,0,457,0,0,0,0,0,0,0,0,0,0,0,0,0,5,9,0,0,21,0,2,20,0,7,0,0,0,12,1,22,22,38,8,1,0,0,1,3,41,0,0,1,0,3,0,14,0,0,8,0,0,0,0,1,1,3,1,0,12,0,1,11,0,0,0,0,2,0,0,0,0,0,0,0,0,0,0,0,0,4,61,0,0,0,0,0,0,0,0,10,1,0,4,2,2,0,0,0,0,2,2,0,0,0,1,0,18,0,1,0,0,0,0,0,3,1,1,0,0,0,0,0,1,0,0,0,0,0,0,2,0,0,0,0,0,1,0,0,4,0,4,0,0,0,0,1,7,0,0,0,0,0,0,0,0,0,0,74,3,2,14,1,9,6,9,1,2,0,0,0,0,0,0,0,2,0,0,6,0,0,0,0,10,0,1,3,0,0,0,0,1,0,0,6,0,0,0,6,0,4,0,0,0,1,0,0,3,0,41,1,1,19,1,0,0,0,3,8,0,1,0,0,4,0,36,66,1,0,62,3,1,0,0,44,0,1,0,0,0,1,1,0,4,0,2,27,0,17,0,0,1,34,115,0,0,0,2,105,0,2,2,168,2,0,0,0,2,0,0,0,0,0,0,0,0,0,0,0,5,0,0,0,0,0,0,0,49,2,0,0,9,0,0,0,1,0,0,2,3,4,0,3,0,14,6,0,3,0,1,7,0,5,0,9,0,1,0,0,8,0,0,0,0,0,0,0,0,0,1,0,0,0,0,0,0,0,0,0,3,0,1,0,0,1,0,0,0,1,1,1,0,14,0,0,0,0,19,0,0,2,0,0,1,0,0,0,0,1,0,0,0,0,0,1,2,0,2,0,1,0,0,0,0,0,0,6,0,3,0,1,0,0,0,0,0,0,0,0,0,2,0,0,0,0,0,0,4,0,1,0,0,0,0,0,0,0,0,0,4,0,38,0,0,0,0,0,4,3,25,4,0,2,3,2,7,0,3,1,13,0,0,11,0,0,0,5,0,0,0,0,0,0,33,0,0,3,1,0,1,0,0,0,0,17,1,15,1,2,1,0,6,0,2,0,0,0,0,0,1,0,0,0,0,0,0,0,0,0,0,0,0,0,0,3,0,0,0,1,0,0,0,0,0,0,0,0,0,1,0,1,0,0,0
145,1864,CEI JOSE LAMARTINE CORREA DE OLIVEIRA LYRA,"RUA CAROLINA DOS ANJOS, 94",PINHEIRINHO,-25.5194917,-49.30568,66,0,2522,2053,144,85,0,10,2,7,32,3,3,0,1,0,29,0,0,0,8,0,0,0,0,0,2,6,0,0,0,0,0,0,0,0,0,0,0,17,0,0,0,0,0,0,1,0,11,1,49,0,30,1,3,1,0,0,0,0,0,1,0,0,17,0,2,0,0,0,0,0,0,0,14,0,0,0,0,20,1,0,0,4,0,0,2,0,0,5,8,0,0,0,0,30,0,0,0,0,0,0,0,0,0,0,0,0,0,0,20,0,0,0,0,0,1,0,0,0,0,0,0,0,10,2,0,1,9,1,2,12,0,3,0,0,1,17,0,18,23,9,4,2,0,0,1,2,50,0,3,1,0,2,0,13,0,0,1,0,0,0,0,0,0,1,0,0,11,0,0,12,0,0,0,2,0,0,0,0,0,0,0,1,0,0,0,0,0,8,36,0,0,1,0,0,2,0,0,1,0,0,6,0,0,0,0,2,0,0,1,0,8,0,0,0,7,0,0,0,0,1,0,0,0,1,0,0,1,0,0,0,2,0,0,0,0,2,0,0,0,0,0,0,0,1,0,0,6,0,0,0,0,0,0,0,0,0,0,0,0,0,0,0,0,0,0,31,3,0,2,0,1,7,9,0,1,0,0,0,0,0,1,0,1,0,0,5,0,1,0,0,5,0,0,1,0,0,0,0,1,0,0,0,0,0,0,4,1,2,0,0,0,1,0,0,0,0,57,3,3,17,4,0,0,0,4,5,0,0,0,1,1,0,30,40,4,0,62,3,0,0,0,26,0,4,0,0,0,3,1,0,6,0,0,22,1,6,0,0,4,6,113,0,1,0,1,76,1,4,0,141,0,0,0,0,1,0,0,0,0,0,0,0,0,0,0,0,4,0,0,0,0,0,0,1,37,3,0,0,9,0,0,0,13,0,0,3,5,0,1,0,0,12,1,0,5,0,0,4,0,0,0,7,0,1,0,0,1,0,0,0,0,0,0,0,0,2,1,0,1,0,0,0,0,0,1,1,4,0,0,1,0,0,0,0,0,0,0,0,0,7,0,0,0,1,15,1,2,3,0,0,0,0,0,0,2,0,0,0,0,0,0,0,0,0,0,0,3,0,2,0,0,0,0,1,0,0,0,0,0,0,0,0,0,1,0,0,0,4,0,0,0,0,1,0,0,0,0,0,0,0,0,0,0,0,2,0,1,0,48,0,0,1,0,0,0,2,7,0,0,2,5,3,0,0,2,0,93,0,2,2,0,0,0,0,1,1,1,0,0,1,85,1,0,4,0,0,4,0,0,0,0,1,3,4,4,2,0,0,3,0,2,0,0,0,0,0,0,0,0,0,0,0,0,0,0,0,0,0,0,0,0,5,0,0,0,0,0,0,0,1,0,0,0,0,0,0,0,0,0,0,0
145,1872,COLEGIO ESTADUAL PROFESSORA IARA BERGMANN,"RUA REINALDO DE CARVALHO-BOLA, 101  GANCHINHO",SITIO CERCADO,-25.5537784,-49.2468779,72,0,3339,2599,266,104,0,12,1,14,60,2,0,0,1,1,46,2,1,0,7,0,0,0,2,4,1,9,0,0,0,0,1,0,0,0,0,0,0,41,0,0,0,2,0,0,0,0,13,10,46,0,105,0,2,0,0,1,0,0,1,2,2,1,13,0,2,1,0,0,0,0,1,0,36,0,0,0,0,25,0,0,0,7,0,0,0,0,0,0,0,0,0,0,0,27,0,2,0,1,0,0,0,2,0,0,0,0,2,0,96,0,0,0,0,0,0,0,0,0,0,0,0,0,4,12,3,2,18,0,1,16,0,9,0,0,2,12,0,22,24,64,6,4,0,0,0,0,89,0,2,1,1,2,0,16,0,2,3,1,0,1,0,0,0,9,0,0,4,0,0,7,0,3,0,1,0,0,0,0,0,0,2,0,0,0,0,0,0,3,26,0,0,1,0,0,0,0,0,9,1,0,6,0,0,0,0,0,0,0,1,0,4,1,0,0,9,0,1,0,0,0,0,0,0,3,1,0,5,0,0,2,3,0,1,0,0,1,1,1,0,1,0,0,0,0,1,0,0,0,3,0,0,0,0,0,0,0,0,0,0,0,0,0,0,0,0,64,1,0,9,0,2,3,1,1,1,0,1,0,0,0,1,0,3,0,0,2,1,0,0,0,8,0,0,6,0,0,0,0,1,0,0,6,0,1,0,5,0,2,0,0,0,1,0,0,0,0,53,0,1,16,0,1,0,0,2,5,0,1,0,0,3,3,38,64,2,0,25,0,1,0,4,19,0,1,2,1,0,2,1,0,2,1,5,26,0,10,1,0,2,143,98,1,2,1,7,80,0,5,1,106,0,0,0,0,1,0,0,0,0,0,0,0,0,0,0,0,3,0,0,0,0,0,0,1,42,0,0,1,5,0,0,0,2,0,0,1,0,4,0,3,0,2,5,0,1,0,0,1,0,2,0,2,0,1,0,1,0,0,0,0,0,0,0,0,0,0,0,0,0,0,0,0,0,0,0,0,1,0,1,0,0,0,0,2,1,0,0,0,0,9,0,0,0,0,11,3,2,3,0,0,0,0,0,0,0,0,0,6,0,0,0,0,1,0,0,0,3,0,0,0,1,0,0,12,0,0,0,0,0,0,2,0,0,1,0,0,3,1,0,0,1,0,0,0,4,0,1,0,0,0,0,1,0,0,3,1,0,0,40,0,2,3,2,0,0,1,11,5,0,4,5,1,2,0,14,3,8,0,0,13,0,0,2,2,0,1,0,0,0,0,24,1,0,2,0,3,1,0,0,0,0,10,1,8,6,3,2,0,6,0,0,0,0,0,0,0,0,0,0,0,0,0,0,0,0,0,0,0,0,0,0,0,0,0,0,0,0,0,0,0,0,0,0,0,0,0,0,1,0,1,0
145,1880,ESCOLA MUNICIPAL PROFESSORA MIRACY RODRIGUES DE ARAUJO,"RUA JOSE BASSA, 1175",SITIO CERCADO,-25.5441466,-49.256883,65,0,3439,2867,198,123,0,13,4,16,47,4,5,1,0,10,39,1,0,0,13,0,0,0,3,4,2,17,2,0,0,0,1,0,1,0,0,0,0,62,0,0,0,5,0,1,1,0,22,2,46,0,75,0,3,1,0,0,2,0,0,0,0,1,13,0,0,0,0,0,0,0,0,0,24,0,2,0,0,16,0,0,0,4,1,1,0,0,0,2,1,0,0,0,1,30,0,4,0,1,0,0,0,0,2,0,0,0,3,1,483,0,0,0,0,0,0,0,0,0,0,0,0,0,1,18,1,2,18,0,0,18,0,6,0,0,1,12,0,22,30,32,11,0,0,0,0,0,46,0,0,0,0,2,0,12,0,1,8,0,0,0,1,0,0,6,0,1,8,0,0,8,0,0,0,0,0,0,0,1,0,0,1,0,0,0,0,0,0,6,21,0,0,0,0,0,0,0,0,6,0,0,7,2,1,0,0,0,2,2,2,0,2,0,0,0,11,0,0,0,0,0,1,0,1,2,0,0,0,0,0,1,2,0,0,0,0,0,0,0,0,0,0,0,0,0,0,0,2,0,4,0,0,0,0,0,6,1,0,0,0,0,0,0,0,0,0,98,0,0,12,0,1,4,7,0,0,0,0,0,0,0,0,0,2,0,1,1,3,0,0,0,10,0,1,1,0,0,0,0,0,1,0,3,0,0,0,5,0,7,0,1,0,0,0,0,4,0,43,0,4,29,3,1,1,0,5,2,0,0,0,0,2,2,27,47,6,0,46,0,2,1,0,24,1,5,0,0,0,13,0,0,3,0,2,28,0,7,0,0,0,36,59,0,1,0,4,95,0,2,3,158,0,0,0,0,0,0,0,0,1,0,0,0,0,0,1,0,4,2,0,0,0,0,0,1,35,0,1,0,5,0,0,0,3,0,0,1,0,3,0,2,1,14,5,0,2,0,0,5,0,2,1,5,3,1,0,0,0,0,0,0,0,0,0,0,0,0,1,0,0,0,0,0,2,0,0,0,3,0,0,0,0,0,0,0,0,0,0,0,0,17,0,0,0,0,19,1,1,2,0,0,1,0,0,0,2,0,0,0,0,0,0,0,0,0,0,0,0,0,0,0,0,0,0,2,0,1,0,0,0,0,0,0,0,0,0,0,0,0,0,0,1,0,1,0,8,0,0,0,0,1,0,0,0,0,0,0,7,0,52,0,0,0,0,0,1,2,13,1,0,1,3,2,2,0,0,1,22,0,0,5,0,0,0,3,4,0,0,0,0,0,37,0,3,2,0,0,0,0,0,0,1,11,2,17,4,2,3,0,7,1,1,0,2,0,0,0,0,0,0,1,0,0,0,1,0,0,0,0,0,0,0,2,1,0,0,0,0,0,0,0,0,0,0,0,1,0,0,0,0,1,0
145,1899,COLEGIO ESTADUAL PROFESSORA ETELVINA CORDEIRO RIBAS,"RUA MIGUEL RAICOSKI SOBRINHO, S/N",PINHEIRINHO,-25.5273167,-49.2748244,66,0,3120,2467,253,78,0,13,2,6,39,4,6,0,2,3,32,0,0,1,16,1,0,0,3,1,1,9,1,0,0,0,1,0,0,0,0,0,0,42,0,0,1,1,1,0,2,0,14,1,46,0,71,0,0,0,1,1,0,0,0,0,1,0,13,0,1,0,0,1,0,0,0,0,35,0,3,0,0,25,0,0,0,5,0,1,0,0,0,1,0,0,0,0,1,33,1,1,0,3,0,1,0,0,1,0,0,0,0,0,102,0,0,0,0,0,0,0,0,0,0,0,0,0,2,4,0,0,20,3,1,25,0,11,1,0,1,18,0,38,18,15,9,2,1,0,0,5,45,0,3,0,1,3,0,14,0,0,0,1,0,2,0,0,0,6,0,0,9,0,0,7,1,0,0,0,0,0,1,0,0,0,0,0,0,0,0,0,0,2,22,0,0,0,0,3,0,0,0,4,2,0,6,0,0,0,0,2,0,0,0,0,6,0,1,0,10,0,0,0,0,1,1,0,0,1,0,0,1,0,0,0,0,0,0,0,0,0,1,0,0,0,0,0,0,0,0,0,0,0,5,0,0,0,1,0,0,0,0,1,0,0,3,0,0,0,0,47,2,3,7,0,7,4,7,1,0,0,0,0,0,1,0,0,0,0,0,1,0,1,0,0,13,0,1,3,0,0,0,0,0,0,0,3,0,0,0,5,0,3,0,0,0,0,0,0,3,0,40,2,0,18,1,0,1,0,0,6,0,2,0,0,3,1,31,71,0,0,47,3,2,0,1,36,0,3,1,0,1,1,0,1,0,0,0,14,0,12,3,0,1,24,159,0,0,0,1,69,0,8,1,135,0,0,0,0,0,0,0,0,0,0,0,0,0,0,0,0,9,0,0,0,0,0,0,2,52,1,0,0,11,0,0,0,3,1,0,2,1,1,0,1,0,9,10,0,3,0,0,10,0,1,0,14,0,0,0,0,0,0,0,0,0,0,0,0,0,0,0,0,0,0,0,0,0,0,0,0,0,0,0,0,0,0,0,0,0,0,0,0,0,12,0,0,0,1,22,0,1,5,0,0,3,0,0,0,2,0,0,0,0,0,0,0,1,0,0,0,0,2,1,0,0,0,0,11,0,0,0,0,0,0,0,1,0,2,0,0,0,2,1,0,1,0,2,1,2,0,0,0,0,0,0,0,0,0,1,0,7,0,60,0,0,0,0,1,1,6,12,3,0,5,1,1,7,0,3,0,14,0,0,1,0,0,0,0,1,0,0,0,0,0,41,0,0,3,0,0,4,1,0,1,0,24,0,12,0,6,1,0,8,3,0,0,0,0,0,0,0,0,0,0,0,0,0,0,0,0,0,0,0,0,0,1,0,0,0,0,0,0,0,0,0,0,1,0,0,0,0,0,0,0,0
145,1910,ESCOLA MUNICIPAL MADRE TERESA DE CALCUTA,"RUA DES. VATEL GONÇALVES PEREIRA, 60, SÍTIO CERCADO",SITIO CERCADO,-25.5371018,-49.2545578,65,0,2990,2520,171,95,0,13,1,12,47,2,2,0,2,5,32,0,1,0,12,1,0,0,2,4,1,8,2,1,1,0,1,1,0,0,0,0,0,18,1,0,0,2,0,2,0,0,17,3,31,0,76,2,0,1,0,0,0,0,0,2,0,1,20,0,2,1,0,0,1,0,0,0,29,0,0,0,0,14,0,0,0,15,1,0,0,0,0,0,0,0,0,0,0,29,0,3,0,0,0,0,0,2,1,0,0,0,0,0,324,0,0,0,0,0,0,0,0,1,0,0,0,0,0,10,1,0,18,1,1,17,0,4,0,0,1,16,0,19,12,40,8,2,0,0,0,4,41,0,0,0,0,3,0,12,1,0,4,0,0,2,1,0,0,0,0,0,5,0,0,17,0,0,0,1,0,0,0,0,0,1,0,1,0,0,0,0,0,9,23,0,0,0,0,0,0,0,0,7,0,0,4,2,0,0,0,0,0,1,2,0,1,0,1,3,8,0,0,0,0,0,0,0,0,0,1,0,0,0,0,3,1,0,1,0,0,0,0,1,0,0,0,0,0,0,0,0,2,0,6,0,1,0,0,0,4,0,0,0,1,0,0,0,0,0,0,39,0,0,11,0,1,2,10,0,3,0,0,0,0,0,0,0,3,0,0,1,0,0,4,0,6,0,0,0,0,0,0,0,9,0,1,1,0,0,0,2,0,6,0,0,0,0,0,0,4,0,58,0,1,25,0,0,1,0,2,5,0,0,0,0,4,0,36,55,0,0,50,0,1,0,0,26,0,1,0,0,0,6,0,0,4,1,1,19,0,10,0,1,2,41,83,1,2,0,1,87,0,1,1,166,1,0,0,0,6,0,0,0,0,1,0,0,1,0,0,0,10,0,0,0,0,0,0,0,44,0,0,1,10,0,0,0,8,0,0,2,2,2,0,3,1,21,4,0,2,0,0,9,1,0,1,15,0,0,0,1,1,0,0,0,0,0,0,0,0,0,0,0,2,0,0,0,1,0,0,0,2,0,0,0,0,0,1,0,4,0,0,0,0,12,0,0,0,0,24,0,0,2,0,0,1,0,0,0,1,0,0,0,0,0,0,0,1,0,0,0,3,0,1,0,1,0,0,5,0,0,0,0,0,0,0,0,0,0,0,0,0,1,0,0,0,0,0,0,1,0,0,0,0,0,0,0,0,0,1,0,8,0,54,0,0,0,0,0,2,2,16,1,1,0,2,1,0,0,0,0,14,1,0,2,0,0,0,5,1,0,0,0,1,0,14,0,4,4,0,2,0,0,0,0,0,10,0,9,4,0,3,0,7,1,0,0,0,0,0,0,0,0,0,0,0,0,0,0,0,0,0,0,0,0,0,2,0,0,1,0,0,0,1,0,0,0,0,0,0,0,0,0,0,0,0
145,1929,ESCOLA MUNICIPAL VEREADORA LAIS PERETTI,"RUA IZABEL RAKSA VOLUZ, 271, PINHEIRINHO",PINHEIRINHO,-25.530075,-49.2824783,66,0,1355,1125,98,37,0,6,1,4,25,3,1,0,0,4,24,0,0,0,7,0,0,0,1,0,0,4,0,1,0,0,0,0,0,0,0,0,0,37,0,0,0,0,1,0,0,0,2,2,29,0,32,0,3,0,0,0,0,0,1,0,0,0,3,0,1,0,0,0,1,0,0,0,8,0,0,0,0,7,0,0,0,0,0,0,0,0,0,0,0,0,0,0,0,14,0,2,1,0,0,0,0,0,0,0,0,0,0,0,58,0,0,0,0,0,0,0,0,0,0,1,0,0,2,5,0,0,3,1,0,3,0,1,0,0,0,3,0,19,13,11,2,2,0,0,0,0,32,0,0,0,0,0,0,8,2,1,1,0,0,1,0,0,0,2,0,0,1,0,0,3,0,0,0,1,1,0,0,0,0,0,0,0,0,0,0,0,0,0,17,0,0,0,0,0,0,0,0,0,0,0,6,1,0,0,0,0,0,0,0,0,3,0,0,0,0,0,0,0,0,1,0,0,0,0,0,0,0,0,0,1,1,0,0,0,0,0,0,0,0,0,0,0,0,1,0,0,2,0,0,0,0,0,0,0,2,0,0,0,0,0,0,0,1,0,1,8,1,4,4,0,0,1,1,0,0,0,0,0,0,0,1,0,0,0,0,0,0,0,0,0,4,1,0,4,0,0,0,0,0,0,0,0,0,0,0,0,0,2,0,0,0,0,0,0,0,0,17,0,0,5,0,0,0,0,3,2,0,0,0,0,3,0,9,17,2,0,30,0,0,0,0,13,0,1,2,0,0,0,0,0,0,0,0,11,0,3,0,0,0,17,64,0,0,0,0,59,1,1,1,51,0,0,0,0,0,0,0,0,0,0,0,0,0,0,0,0,3,0,0,0,0,1,0,1,26,0,0,0,0,0,0,0,4,0,0,1,0,1,0,2,0,7,9,1,14,0,0,5,0,1,0,6,0,1,0,0,2,0,0,0,0,1,0,0,0,0,0,0,0,0,0,0,0,0,1,0,0,0,2,0,0,0,0,0,0,0,1,0,0,5,0,0,0,0,5,0,0,4,0,0,2,0,0,0,0,0,0,0,0,0,0,1,2,0,0,0,0,0,0,0,0,0,0,3,0,0,0,0,0,0,0,0,0,0,0,0,1,0,1,0,0,0,1,0,1,0,0,0,0,0,0,0,0,0,0,0,0,0,22,1,0,0,0,0,2,2,10,0,0,2,0,3,0,0,1,1,7,0,0,2,0,0,0,2,2,0,0,0,0,0,27,0,0,1,0,0,1,0,0,0,0,0,0,1,0,0,0,0,2,0,1,0,0,0,0,0,0,0,0,0,0,0,0,0,0,0,0,0,0,0,0,1,0,0,0,0,0,0,0,0,0,0,0,0,0,0,0,1,0,0,0
145,1937,ESCOLA MUNICIPAL PAULO FREIRE,"RUA OLÍVIO DOMINGOS LEONARDI, 162, SÍTIO CERCADO",SITIO CERCADO,-25.5468428,-49.2676633,65,0,2970,2393,164,94,0,14,2,24,47,3,3,0,1,1,37,0,1,0,12,0,0,0,1,4,1,3,0,1,0,0,5,0,0,0,0,0,0,37,0,0,0,4,0,0,0,0,15,1,22,1,59,0,2,0,0,0,1,0,0,0,1,0,15,0,2,0,0,0,0,0,0,0,22,0,1,0,0,20,0,0,0,5,0,0,0,0,0,0,2,0,0,0,0,23,0,5,0,1,0,0,0,0,2,0,0,0,2,0,515,0,0,1,0,0,0,0,0,0,0,0,0,0,6,4,0,1,15,0,0,17,0,2,1,5,2,8,0,20,14,10,5,3,0,0,0,2,39,0,0,1,0,3,0,6,0,1,1,1,2,2,0,0,0,2,1,0,5,0,0,4,0,0,0,0,1,0,0,0,0,0,0,3,0,0,0,0,0,2,29,0,1,1,0,0,0,0,0,10,0,0,5,0,0,0,0,2,0,0,2,0,4,0,0,0,4,0,0,0,0,0,0,0,1,0,0,0,0,0,0,1,2,0,3,0,0,0,0,1,0,0,0,0,0,0,1,0,3,0,4,0,0,0,1,0,1,0,0,0,0,0,0,0,0,0,0,39,3,1,3,1,1,3,9,1,1,0,0,0,0,0,1,0,4,0,0,6,0,1,0,0,8,0,0,0,0,0,0,0,0,1,0,2,0,0,0,4,1,3,0,0,0,0,0,0,1,0,40,0,0,17,2,0,0,0,3,8,0,0,0,0,5,2,38,49,2,0,29,1,0,0,0,16,0,0,0,0,0,3,0,1,1,0,0,28,1,6,0,0,2,24,44,0,0,1,0,85,0,4,1,92,0,0,0,0,2,0,0,0,1,0,0,0,0,1,0,0,7,0,0,0,0,0,0,3,43,0,0,0,7,0,2,0,3,0,0,3,1,4,0,7,0,12,3,0,3,0,0,4,0,0,0,11,0,3,0,0,0,0,0,0,0,0,0,0,0,0,1,0,0,0,0,0,0,0,0,0,1,0,0,0,0,0,0,0,0,0,0,0,0,10,0,0,0,0,10,1,0,6,0,0,0,0,2,0,0,1,0,0,0,0,0,0,0,0,0,0,1,0,0,0,0,0,0,4,0,0,0,0,0,0,0,0,2,1,0,0,0,0,0,0,0,0,0,0,2,0,0,0,0,0,0,0,1,0,1,0,5,0,31,0,0,0,0,0,2,0,18,0,0,1,5,4,1,0,1,1,12,0,0,7,0,0,0,2,0,0,0,0,0,0,44,0,0,2,1,0,6,0,0,0,0,12,1,9,7,0,2,0,5,1,1,0,0,0,0,0,0,0,0,0,0,0,0,0,0,0,0,0,0,0,0,7,0,0,0,0,0,0,0,0,0,0,0,0,0,0,0,0,0,0,0
145,1945,COLEGIO NOSSA SENHORA DO SAGRADO CORAÇÃO,"RUA NICOLA PELLANDA, 699  PINHEIRINHO",PINHEIRINHO,-25.5345778,-49.295633,66,0,2760,2247,156,91,0,6,3,5,35,5,2,0,0,4,51,0,0,0,18,1,1,0,0,2,1,4,1,3,0,0,2,0,0,0,0,0,0,13,0,0,0,2,0,0,0,0,15,3,33,0,72,0,3,0,0,0,0,0,1,0,1,0,12,0,0,0,0,1,0,0,0,0,27,0,0,0,0,28,0,0,0,4,0,3,2,0,0,4,3,0,0,0,0,34,0,3,0,3,0,0,0,0,0,0,0,0,1,0,116,0,0,0,0,0,0,0,0,0,0,0,0,0,6,2,1,0,12,0,0,21,0,3,0,0,1,9,0,18,17,12,5,0,1,0,0,5,24,1,1,0,1,3,0,18,0,1,1,3,0,0,0,0,1,1,0,0,5,0,1,12,0,3,0,0,0,0,0,0,0,0,0,0,0,0,0,0,0,4,28,0,0,0,0,0,0,0,0,2,0,0,4,2,0,0,0,1,0,0,3,0,12,0,1,0,7,0,0,0,0,0,0,0,0,0,0,0,0,0,0,0,2,0,1,0,0,0,0,1,1,0,0,0,0,0,0,0,1,3,3,0,0,0,0,0,0,0,2,0,0,0,0,0,0,0,0,22,4,0,4,0,0,8,6,2,0,0,0,0,0,0,0,0,1,0,0,1,0,0,0,0,11,0,0,0,0,0,0,0,0,2,0,2,0,0,0,3,0,6,0,0,1,0,0,0,2,0,53,0,2,18,4,1,0,0,8,3,0,0,0,0,2,0,34,37,2,1,59,0,3,0,1,22,0,0,1,0,0,1,0,3,7,0,2,16,0,19,0,0,4,15,77,1,0,1,2,94,0,4,6,156,1,1,0,1,1,0,0,0,2,0,0,1,0,0,0,0,3,0,0,0,0,0,0,0,58,0,0,0,12,0,1,0,4,0,1,0,1,4,0,6,2,16,8,0,3,1,0,11,0,1,0,4,0,1,0,0,1,1,0,0,0,0,0,1,0,0,0,0,1,0,0,0,1,0,0,0,8,0,0,0,0,0,0,0,1,0,0,0,0,15,0,0,0,0,16,0,0,10,0,0,2,1,0,0,2,1,0,0,0,0,0,0,0,0,0,0,0,0,1,0,0,0,0,4,0,0,0,0,0,0,0,0,0,0,0,1,0,1,0,1,0,0,0,2,2,0,0,0,0,0,0,0,0,1,2,0,0,0,41,0,0,0,0,0,1,3,6,1,2,3,3,3,5,0,4,0,51,0,0,3,0,0,0,0,1,1,0,0,1,0,61,0,0,3,0,0,3,1,0,0,0,13,1,3,5,9,2,0,7,0,3,0,0,0,0,1,1,1,0,0,0,0,0,0,0,0,0,0,0,0,0,1,0,0,0,0,0,0,0,0,0,0,0,2,0,2,0,0,0,3,0
145,2178,COLEGIO ESTADUAL FLAVIO FERREIRA DA LUZ,"RUA JOÃO CISLINSKI, 51  SÍTIO CERCADO",SITIO CERCADO,-25.5450599,-49.2714966,65,0,4031,3189,272,100,0,11,1,10,54,3,1,0,1,4,39,2,0,0,13,2,0,0,3,1,1,6,0,0,1,0,0,0,0,0,0,0,0,36,0,0,0,1,0,0,0,0,23,2,39,0,74,0,3,0,0,0,0,0,1,0,0,3,11,0,3,0,0,0,0,0,0,0,44,1,0,0,0,32,0,0,0,3,0,0,0,0,0,0,0,0,0,0,1,29,0,4,0,2,0,0,0,0,0,0,0,0,1,0,477,0,0,0,1,0,0,0,0,0,0,0,0,0,5,3,0,0,24,1,0,26,0,9,0,1,3,11,0,25,13,16,4,1,0,0,0,5,59,0,2,1,0,3,1,17,2,0,4,1,1,4,1,0,0,1,0,0,10,0,1,15,0,0,0,0,0,0,0,0,1,1,0,2,0,0,0,0,0,1,47,0,0,0,0,0,0,0,0,5,0,0,11,1,0,0,1,0,0,0,1,0,2,0,1,0,6,0,0,0,0,0,0,0,1,1,1,0,1,0,0,0,0,0,0,0,0,0,0,1,0,0,0,0,0,1,0,0,2,0,7,1,0,0,0,1,3,0,0,0,0,0,0,0,0,0,0,62,4,0,4,0,4,1,12,0,1,0,0,0,0,0,2,0,2,1,0,4,0,0,0,0,12,0,1,2,0,0,0,0,0,0,0,8,0,0,0,5,0,10,0,0,0,0,0,0,3,0,44,2,3,20,0,0,0,0,4,8,0,0,0,0,7,0,27,91,1,0,60,3,0,1,0,40,0,2,0,0,0,2,0,0,7,1,1,41,2,11,2,0,3,53,78,1,0,1,1,135,2,3,6,207,0,0,0,0,2,1,0,0,0,0,0,0,0,0,1,0,8,1,0,0,0,0,0,3,69,1,2,1,11,0,0,0,10,0,0,0,4,2,0,4,1,8,2,0,6,0,2,12,0,1,0,16,0,1,0,0,0,0,0,0,0,0,0,0,0,0,1,0,0,0,0,2,0,0,0,0,4,0,0,1,0,0,0,0,2,0,0,0,0,15,1,0,0,1,23,1,0,10,0,2,0,0,0,0,1,0,0,0,0,0,0,2,2,0,0,0,1,1,0,0,1,0,0,2,0,0,0,0,0,0,0,1,0,0,0,0,0,1,3,0,0,0,1,0,5,0,0,0,0,0,0,0,0,1,0,0,26,0,68,1,0,3,0,0,0,1,11,1,0,3,1,4,3,1,5,0,19,0,0,4,0,0,0,0,0,0,1,0,0,0,34,0,0,1,0,0,1,0,0,0,0,12,0,16,9,2,2,0,4,0,2,0,0,0,0,0,0,0,1,0,0,0,0,0,0,0,0,0,0,0,0,3,0,0,0,0,0,0,0,1,0,0,0,0,0,1,0,0,0,0,0
145,2186,COLEGIO ESTADUAL INEZ VICENTE BOROCZ,"RUA IGNEZ DE LOURDES GOMES DE MACEDO, 331, SÍTIO CERCADO",SITIO CERCADO,-25.537895,-49.2559233,65,0,3116,2468,225,95,0,7,1,6,28,7,2,0,0,4,38,1,0,0,13,0,0,1,2,1,2,7,0,2,0,0,1,0,0,0,0,0,0,32,1,1,0,11,0,1,0,0,13,3,42,0,66,1,4,0,0,0,0,0,0,0,0,4,6,0,0,0,0,0,0,0,0,0,31,0,0,0,0,14,0,0,0,12,0,0,0,0,0,2,1,0,0,0,0,28,0,6,0,1,2,0,0,1,0,0,0,1,2,0,264,0,0,0,0,0,0,0,0,0,0,0,0,0,5,4,0,0,10,2,0,18,0,6,0,2,1,25,0,36,21,24,7,3,0,0,0,1,31,0,0,2,0,1,0,18,0,0,4,0,2,0,1,0,0,1,0,0,8,0,1,14,0,2,0,0,0,0,0,0,0,0,2,1,0,0,0,0,0,5,37,0,0,0,0,0,0,0,0,13,1,0,6,3,0,0,0,0,0,0,7,0,1,0,0,0,3,0,0,0,0,0,0,0,0,2,0,0,0,0,0,0,0,0,0,0,0,0,0,5,1,0,0,0,0,0,1,0,2,0,5,0,0,0,0,0,0,0,0,2,0,0,0,0,0,0,1,52,3,0,9,0,5,4,9,0,0,0,0,0,0,0,1,0,1,2,0,6,0,0,0,0,8,0,0,3,0,2,0,0,4,0,0,0,0,0,0,4,0,0,0,0,0,0,0,1,7,0,40,2,1,20,0,0,0,0,0,1,0,1,0,0,1,1,29,53,1,0,37,1,1,0,0,33,0,1,0,0,0,3,2,0,3,0,2,16,0,8,0,0,0,26,72,0,2,0,1,78,0,4,2,162,3,0,0,0,5,0,0,0,0,0,0,0,0,0,0,0,5,0,0,0,0,0,0,1,52,0,3,0,10,0,0,0,6,0,0,0,3,6,1,2,2,20,5,0,1,0,0,5,0,2,0,10,3,2,0,0,1,0,0,0,1,0,0,0,0,0,2,0,0,0,0,0,0,0,0,0,0,0,0,0,0,0,0,0,0,0,1,0,0,5,0,0,0,0,20,1,0,8,0,0,3,0,0,0,2,1,0,1,0,0,0,0,0,0,0,0,4,0,0,0,0,0,0,4,0,0,0,0,0,0,0,0,0,0,0,0,1,2,2,0,0,1,0,0,2,0,0,0,0,0,0,0,0,0,1,0,1,0,56,0,0,1,0,0,2,2,26,0,0,2,4,2,5,0,2,0,8,0,0,0,1,0,0,6,2,2,0,0,0,0,25,0,0,2,0,1,4,0,0,0,0,7,1,10,3,1,1,0,3,1,1,0,0,0,0,0,0,0,0,0,0,1,1,0,0,0,1,0,0,0,0,0,0,0,0,0,0,0,1,3,0,0,0,1,0,0,0,0,0,2,0
145,2194,COLEGIO ENERGIA ATIVA,"RUA IZAAC FERREIRA DA CRUZ, 1905  SÍTIO CERCADO",SITIO CERCADO,-25.5355525,-49.283092,65,0,3130,2516,173,107,0,13,2,4,29,6,4,0,0,5,35,0,0,0,14,0,0,0,1,2,0,4,0,0,1,0,0,0,0,0,1,0,0,41,0,0,0,3,0,0,0,0,20,7,47,0,81,0,1,0,0,0,0,0,0,2,1,3,13,0,1,1,0,1,0,0,0,0,29,0,3,0,0,24,1,0,0,3,0,1,0,1,0,3,0,0,0,0,0,47,0,3,1,0,0,0,0,0,0,0,0,3,1,0,145,0,0,0,0,0,0,0,0,0,0,0,0,0,2,5,0,1,17,0,5,30,0,3,2,3,2,24,0,28,27,16,10,1,1,0,0,4,51,0,1,0,1,3,0,19,1,0,5,1,0,4,0,0,0,6,0,1,5,0,0,9,0,0,0,1,0,0,0,3,0,0,0,0,0,0,0,0,0,7,44,0,0,0,0,0,0,0,0,2,1,0,3,3,0,1,0,0,0,0,3,0,0,0,1,0,10,0,1,0,2,1,1,0,0,0,0,0,1,0,0,1,0,0,0,0,0,0,0,0,0,0,0,0,0,0,0,0,4,0,1,0,0,0,0,0,0,0,0,0,0,0,0,0,0,0,0,83,6,2,8,1,6,4,6,3,2,0,0,0,0,0,0,0,6,1,0,3,0,0,0,0,5,0,1,5,0,0,0,0,2,0,1,3,0,0,0,2,0,4,0,0,1,0,2,0,1,0,64,2,0,21,3,0,0,0,1,4,0,0,0,0,4,0,33,47,0,0,48,1,2,0,0,28,0,0,0,0,0,1,1,0,4,0,2,28,0,10,0,0,0,26,53,2,1,0,1,74,1,2,9,163,2,1,0,0,1,0,0,0,0,0,0,0,0,0,1,0,2,1,0,0,1,0,0,1,48,0,0,0,13,1,0,0,9,0,0,2,2,3,0,4,1,10,7,0,9,0,0,9,0,3,0,9,1,1,0,0,1,0,0,0,0,0,0,0,0,0,0,0,0,0,0,0,0,0,0,0,1,1,2,0,0,0,0,1,0,0,6,0,0,12,2,0,0,0,22,0,0,3,0,0,1,0,0,0,3,0,0,0,0,0,0,0,0,0,0,0,2,1,0,0,4,0,0,2,0,0,0,0,0,0,0,0,0,0,0,0,0,0,2,0,0,0,2,0,0,0,0,0,1,0,0,0,0,0,2,0,1,0,54,2,0,0,0,1,3,1,13,2,0,6,8,4,10,0,1,0,19,0,0,5,0,0,0,0,4,0,0,0,0,0,48,0,1,3,0,0,1,0,0,0,0,12,2,9,6,4,4,0,7,1,1,0,0,0,0,0,1,1,0,0,0,0,1,1,0,0,0,0,0,0,0,3,0,0,0,0,0,2,0,0,0,0,0,0,0,0,0,0,0,0,0
145,2232,ESCOLA MUNICIPAL DONA LULU,"RUA MILTON MIRAMIR VISINONI, 45, SÍTIO CERCADO",SITIO CERCADO,-25.5401782,-49.25157,65,0,2314,1872,155,84,0,15,0,6,34,1,1,0,0,2,29,0,1,0,14,0,2,0,1,2,0,5,0,0,0,1,1,0,0,1,0,0,0,44,0,1,0,1,0,0,0,0,22,0,29,0,61,2,4,1,0,0,1,0,0,0,0,0,7,0,1,0,0,3,0,0,0,0,21,0,0,0,0,23,0,0,0,7,0,0,0,0,0,1,0,0,0,0,0,16,0,4,2,2,0,0,0,1,0,0,0,1,5,0,201,0,0,0,0,0,0,0,0,0,0,0,0,0,2,4,0,0,10,0,0,16,0,9,3,0,1,17,1,19,12,16,6,0,0,0,3,6,27,0,1,0,1,1,0,4,0,0,1,1,1,4,0,0,0,4,1,1,4,0,0,2,1,0,0,1,0,0,0,0,0,1,0,0,0,0,0,0,0,1,16,0,0,1,0,0,0,0,0,5,3,0,7,0,0,0,0,1,1,0,6,0,0,0,0,0,4,0,0,0,0,1,0,0,0,0,0,0,0,0,1,2,1,0,1,0,0,0,3,2,0,0,0,0,0,2,0,0,2,0,0,0,0,0,0,1,6,0,0,0,0,0,0,0,0,0,0,48,0,1,2,0,1,1,11,0,0,0,0,0,0,0,0,0,2,0,0,2,0,0,0,0,4,0,0,1,0,0,0,0,4,0,0,3,0,0,0,8,0,2,0,1,0,0,0,0,2,0,22,1,3,18,2,0,0,0,1,1,0,0,0,0,1,4,13,45,0,0,20,0,0,0,0,23,0,3,0,0,0,0,0,0,1,1,0,10,0,9,2,0,2,30,55,0,0,0,0,63,0,4,1,108,0,0,0,0,0,0,0,0,1,0,0,0,0,0,1,0,14,0,0,0,0,0,0,1,19,0,1,0,3,0,0,0,3,0,0,1,0,0,0,2,1,9,6,0,2,0,0,6,0,0,0,10,0,0,0,1,2,0,0,0,0,0,0,0,0,0,2,0,0,0,0,0,0,0,1,0,2,0,0,1,0,0,0,0,0,0,0,0,0,5,0,0,0,0,18,0,2,6,0,0,5,0,0,0,2,0,0,0,0,0,0,0,1,0,0,0,1,0,0,0,1,0,0,5,0,0,0,0,0,0,0,0,0,0,0,0,0,0,0,0,0,0,0,0,3,0,0,0,0,0,0,0,0,0,1,0,1,0,26,1,0,0,0,0,1,0,7,0,1,0,2,0,4,0,1,1,11,0,1,2,0,0,0,0,0,1,0,0,0,0,31,0,0,6,1,0,3,2,0,0,0,5,0,12,3,1,0,0,4,0,1,0,0,0,0,0,0,0,0,0,0,0,0,0,0,0,0,0,0,0,0,3,0,0,0,0,0,0,0,0,0,0,0,0,1,0,0,0,0,0,0
145,2240,COLEGIO ESTADUAL PROFESSOR GUIDO ARZUA,"RUA MANDIRITUBA, 2100, SÍTIO CERCADO",SITIO CERCADO,-25.5503699,-49.2686535,65,0,3145,2397,220,105,0,10,2,12,37,5,0,0,1,0,35,1,2,0,7,1,0,0,3,1,2,6,1,0,1,0,1,0,0,0,0,0,0,27,0,0,0,4,0,0,1,1,26,1,29,0,72,1,1,1,0,0,1,0,0,0,0,1,15,1,1,0,0,0,0,0,0,0,33,0,0,0,0,16,0,0,0,1,0,0,0,0,0,0,0,0,0,0,0,21,0,3,0,0,0,0,0,0,1,0,0,0,0,0,339,0,0,1,0,0,0,0,0,0,0,0,1,0,2,2,0,0,11,0,0,19,0,15,0,1,1,20,0,25,13,18,2,2,0,0,0,0,45,1,2,0,0,5,0,20,1,0,1,0,2,0,0,0,1,5,0,0,10,0,3,12,0,0,0,1,0,0,0,0,0,0,0,0,0,0,0,0,1,5,27,0,0,0,0,1,0,0,0,4,0,1,3,2,0,0,0,0,0,2,1,0,6,0,0,0,6,0,0,0,0,0,0,0,0,0,0,0,0,0,0,0,0,0,0,0,0,0,0,0,1,0,0,0,0,0,0,0,2,0,5,0,0,0,0,0,2,0,0,0,1,0,0,0,0,0,0,55,3,0,2,0,2,0,11,0,0,0,0,1,0,0,0,0,0,2,0,1,2,0,1,0,5,0,0,1,0,0,0,0,1,0,0,0,0,0,0,0,0,2,0,0,0,0,0,0,2,0,50,1,1,21,0,0,0,0,2,4,0,0,1,0,1,0,23,64,1,0,30,0,1,0,0,23,0,2,1,0,0,4,0,0,6,0,0,22,0,10,1,2,4,33,39,0,2,0,1,77,0,2,4,126,0,0,0,0,0,0,0,0,1,0,0,0,0,0,0,0,12,0,0,0,0,1,0,3,40,1,0,0,10,0,0,0,2,0,0,1,0,4,0,6,0,10,3,0,3,0,0,9,0,0,0,10,0,1,0,0,0,0,0,0,0,0,0,0,0,0,0,0,0,0,2,0,0,0,0,0,1,0,1,0,0,0,0,1,0,0,0,0,0,11,1,0,0,0,33,0,0,7,0,0,1,0,0,0,1,0,0,0,0,0,0,1,3,0,0,0,0,1,0,0,3,0,0,1,0,0,0,0,0,0,0,0,0,1,0,0,1,0,1,0,1,0,2,0,4,1,1,0,0,0,0,0,1,1,0,0,1,0,51,1,0,2,0,0,1,4,23,2,0,1,2,4,4,0,1,0,12,0,0,2,1,0,0,0,0,0,1,0,0,0,33,0,0,0,2,1,3,0,0,0,0,10,1,5,4,3,4,0,3,0,0,0,0,0,0,1,0,0,0,0,0,0,0,0,0,0,0,0,0,0,0,1,0,0,0,0,0,0,0,2,0,0,0,0,0,0,0,0,0,0,0
145,2259,ESCOLA MUNICIPAL PROFESSORA NATHÁLIA DE CONTO COSTA,"RUA EDUARDO PINTO DA ROCHA, 6077 - UMBARÁ",UMBARA,-25.5661091,-49.2784695,73,0,3157,2652,204,115,0,15,0,10,24,5,4,0,0,6,22,2,1,0,8,1,0,0,0,1,2,10,0,0,0,1,0,0,0,1,0,0,0,22,1,0,0,0,0,0,1,0,16,4,48,0,90,0,9,1,0,0,1,0,0,0,1,1,18,0,5,0,0,0,0,0,1,0,31,0,0,0,0,68,0,0,0,9,2,1,0,0,0,1,1,0,1,0,0,37,0,2,1,1,0,0,0,0,0,0,0,0,0,1,120,1,0,0,0,0,0,0,0,0,0,0,0,0,4,1,0,0,20,0,1,34,0,5,1,4,2,16,0,24,28,23,5,1,0,0,0,2,41,0,2,0,0,4,1,19,0,0,1,3,0,1,1,0,0,1,1,0,3,1,0,16,0,0,0,0,0,0,0,0,0,0,1,0,0,0,0,0,0,3,50,0,0,0,0,0,0,0,0,4,0,1,1,0,0,0,0,3,0,1,1,0,3,1,0,0,11,0,0,1,0,0,0,0,0,0,0,0,0,0,0,0,2,0,0,0,0,0,0,0,0,2,0,0,0,0,2,0,2,0,2,0,0,0,0,2,4,0,0,0,0,0,0,0,0,0,0,58,3,0,5,0,6,1,8,0,2,0,0,0,0,0,0,0,0,0,0,4,1,0,0,0,12,0,0,1,0,0,0,0,0,0,1,11,0,0,0,7,0,5,0,0,1,2,0,0,0,2,68,1,2,23,1,0,0,0,6,4,0,0,0,0,2,0,44,51,3,0,68,1,1,1,0,23,0,1,1,0,0,6,1,0,1,1,2,11,0,21,1,0,1,25,36,1,1,0,2,112,0,3,1,165,0,0,0,0,0,0,0,0,11,0,0,0,0,0,0,0,10,0,0,0,0,0,0,6,60,2,1,0,6,0,1,0,5,0,0,1,3,7,0,0,2,23,5,0,2,0,0,11,0,16,0,11,1,0,0,0,2,0,0,0,0,0,0,0,0,0,0,0,0,0,0,0,0,0,0,0,1,1,2,0,0,0,0,0,0,0,0,0,0,6,1,0,0,1,18,1,0,12,0,0,1,0,0,0,0,2,0,0,0,0,0,0,0,0,0,0,0,0,0,0,0,0,0,4,0,0,0,0,0,0,0,1,0,0,0,0,0,5,0,0,0,0,0,0,1,0,0,0,0,0,0,0,0,0,2,0,0,0,61,0,0,1,0,0,5,1,6,0,1,3,5,4,6,0,1,0,56,0,0,1,0,0,0,0,0,0,0,0,0,0,92,0,0,1,0,2,4,0,0,0,0,10,3,2,7,7,0,0,7,0,2,0,0,0,0,0,0,0,0,2,0,0,0,0,0,0,0,0,0,0,0,0,0,0,0,0,0,0,1,0,0,0,0,0,1,1,0,0,0,1,0
145,2267,ESCOLA MUNICIPAL HERACLITO FONTOURA SOBRAL PINTO,"RUA LUCIO DE OLIVEIRA LARA, 75",SITIO CERCADO,-25.5576533,-49.2571067,65,0,1914,1523,158,60,0,8,0,4,26,1,3,0,0,2,21,2,0,1,9,0,1,0,1,1,0,3,0,0,1,0,2,0,0,0,0,0,0,27,0,0,0,2,0,0,0,0,9,5,24,0,57,0,0,0,0,0,0,0,0,0,0,0,8,0,0,0,0,0,0,0,0,0,5,0,0,0,0,17,0,0,0,1,1,0,0,0,0,3,1,0,0,0,0,16,0,8,0,0,0,0,0,0,0,0,0,0,2,0,62,0,0,0,0,0,0,0,0,0,0,0,0,0,4,5,0,0,13,1,0,6,0,5,0,2,4,6,0,20,12,26,5,2,0,1,0,4,40,1,1,1,1,1,0,14,0,0,0,1,0,2,0,0,0,3,0,0,10,0,0,2,0,0,0,0,0,0,0,2,0,0,0,0,0,0,0,0,0,5,18,1,0,0,0,0,0,0,0,7,0,0,5,0,0,0,0,1,0,0,6,0,4,0,1,0,2,0,0,0,0,0,0,0,0,1,2,0,0,0,0,0,2,0,0,0,0,0,0,0,0,0,0,0,0,0,0,0,4,0,4,0,0,0,0,0,0,0,0,0,0,0,0,0,0,0,0,27,1,0,7,0,0,2,0,0,1,0,0,0,0,0,0,0,0,0,0,0,0,0,1,0,5,0,0,2,0,0,0,0,0,0,0,3,0,0,0,1,1,2,0,0,0,1,0,0,2,0,26,0,1,9,2,0,0,0,3,2,0,0,0,0,4,1,14,21,0,0,22,1,1,0,1,18,0,4,0,0,0,2,0,0,1,0,1,12,1,5,1,0,1,90,49,0,1,1,3,41,0,1,2,63,0,0,0,0,0,0,0,0,6,0,0,0,0,0,0,0,6,0,0,0,0,0,0,1,33,0,0,0,3,0,0,0,1,0,0,0,0,0,0,1,0,1,1,0,1,0,0,11,2,1,0,10,1,0,0,0,0,0,0,1,0,0,0,0,0,0,0,1,0,0,0,0,0,0,0,0,2,0,5,0,0,0,0,0,0,0,0,0,0,4,0,0,0,0,11,0,0,3,0,0,1,0,0,0,0,0,0,2,0,0,0,1,3,0,0,0,0,0,2,1,0,0,0,1,0,1,0,0,0,0,0,0,0,0,0,0,1,1,0,0,0,0,0,0,4,0,0,0,0,0,0,0,0,0,2,0,5,0,25,0,1,4,0,0,0,3,4,7,1,0,3,1,1,0,2,0,6,0,0,8,0,0,0,0,0,0,0,0,1,0,19,0,0,3,0,2,1,0,0,0,0,8,0,4,3,2,1,0,7,0,3,0,0,0,0,0,0,0,0,0,0,0,0,0,0,0,0,0,0,0,0,0,0,0,0,0,0,0,0,0,0,0,0,0,0,0,0,0,0,0,1
145,2283,COLEGIO NOVO EDEN,"RUA MANDIRITUBA, 1327  SÍTIO CERCADO",SITIO CERCADO,-25.5449817,-49.2725063,65,0,3550,2822,223,96,0,8,1,11,45,4,0,0,0,3,39,1,0,1,14,0,0,0,1,2,0,11,0,0,0,0,2,0,0,0,0,0,0,27,0,0,0,4,0,0,0,0,15,5,35,0,87,0,5,0,0,0,2,0,1,4,0,1,21,0,1,0,0,0,0,0,0,0,34,2,0,0,0,16,0,0,0,3,0,1,1,1,0,3,1,1,0,1,0,43,0,9,0,6,0,0,0,1,1,0,0,0,1,0,336,0,0,0,0,1,0,0,0,0,0,0,0,0,2,6,0,1,7,0,2,22,0,10,3,2,2,14,0,28,24,24,10,2,0,0,0,2,48,1,2,0,2,3,0,9,1,1,2,0,0,1,0,0,2,3,0,0,4,0,1,14,0,0,0,1,0,1,0,0,0,0,1,1,0,0,0,0,0,1,45,0,0,2,0,1,0,0,0,9,1,1,5,4,0,0,0,0,0,1,5,0,7,0,0,0,9,0,0,0,0,0,0,0,0,1,1,0,0,0,0,0,0,0,1,0,0,1,0,1,0,0,0,2,0,1,0,0,0,0,4,0,0,0,0,1,5,0,0,0,0,0,0,0,0,0,0,49,2,0,7,0,3,5,6,1,0,0,0,2,0,0,0,0,3,0,0,2,0,0,2,0,15,0,0,3,0,0,0,0,0,0,0,3,0,0,0,8,0,4,0,0,0,2,0,0,1,0,42,0,1,32,4,0,0,0,4,6,0,0,0,0,4,0,35,60,2,0,53,1,0,1,1,25,0,5,0,0,0,5,0,0,2,0,0,27,0,12,1,0,2,47,65,1,0,2,2,114,1,6,12,164,1,0,0,0,3,0,0,0,0,1,1,0,0,0,0,1,3,0,0,0,0,0,0,2,59,0,0,1,8,0,1,1,6,0,0,0,1,2,0,11,0,14,7,0,5,0,0,8,0,0,0,18,2,0,0,1,0,0,0,0,0,0,0,0,0,1,0,0,0,0,0,0,0,0,0,0,2,0,0,0,1,0,0,0,0,0,0,0,1,14,1,0,0,1,16,0,1,7,0,0,2,0,0,0,1,0,0,0,0,0,0,1,1,0,0,0,0,0,1,0,1,0,0,1,0,0,0,0,0,0,0,0,0,0,0,0,0,2,1,0,0,0,3,0,3,0,0,0,0,0,0,0,0,0,2,0,9,0,55,0,0,0,0,1,1,2,11,6,0,2,2,8,9,0,2,1,24,0,0,8,0,0,0,2,1,3,0,0,0,0,40,0,0,0,0,0,1,0,0,1,0,13,1,10,3,3,0,1,7,0,2,0,2,0,0,0,1,0,0,0,0,0,0,0,0,0,0,0,0,0,0,4,0,0,0,0,0,0,0,1,0,0,1,0,0,2,0,1,1,2,0
145,2372,UNIFACEAR - CAMPUS SÍTIO CERCADO,"RUA MERCÚRIO, 463",SITIO CERCADO,-25.5321684,-49.2665969,65,0,1749,1395,101,58,0,6,0,3,23,2,4,0,1,0,20,0,1,0,5,0,0,0,2,1,0,5,1,0,0,1,1,0,0,0,0,0,0,43,2,0,0,1,0,0,1,0,10,2,20,0,55,0,0,0,0,0,0,0,0,0,0,0,12,0,2,0,0,0,0,0,0,0,10,0,0,0,0,12,0,0,0,1,0,0,0,0,0,1,0,0,0,0,0,20,0,4,0,0,0,1,0,0,0,0,0,1,1,0,93,0,0,0,0,1,0,0,0,0,0,0,0,0,5,3,0,0,4,0,3,20,0,3,0,1,2,10,1,16,9,22,2,2,0,0,0,1,40,0,0,0,0,2,0,4,2,1,0,0,0,1,0,1,0,0,0,0,3,0,0,7,0,0,0,1,0,0,0,0,0,0,0,0,0,0,0,0,0,4,23,0,0,0,0,0,0,0,0,6,2,0,0,3,0,0,0,3,0,0,0,0,2,0,0,0,5,0,0,0,0,0,0,1,0,0,0,0,0,0,0,0,2,0,0,0,0,0,1,0,0,0,0,0,0,0,0,0,0,0,2,0,0,0,0,0,0,1,0,0,0,0,0,0,0,0,0,16,0,0,3,0,0,1,5,0,0,0,0,0,0,0,0,0,2,0,1,1,0,0,0,0,3,0,0,1,0,0,0,0,0,0,0,1,0,0,0,1,0,3,0,0,0,0,0,0,1,0,19,3,0,13,1,0,0,0,3,1,0,0,0,0,1,0,19,38,1,0,30,0,0,0,0,13,0,1,1,0,0,1,1,0,2,0,0,14,0,5,0,0,1,24,47,0,1,1,5,48,0,4,2,84,0,1,0,0,3,0,0,0,0,0,0,0,0,1,0,0,5,0,0,0,0,0,0,2,32,0,0,0,1,0,1,0,2,0,0,0,1,0,0,2,0,10,1,0,1,0,0,1,0,0,2,15,2,1,0,0,0,0,0,0,0,0,0,0,0,0,0,0,0,0,0,0,2,0,0,0,0,0,0,0,0,0,0,0,0,0,0,0,0,5,0,0,0,0,8,0,0,6,0,0,2,0,0,0,0,0,0,1,0,0,0,0,0,0,0,0,2,1,0,0,0,0,0,1,0,0,0,0,0,0,1,0,0,0,0,0,0,0,0,0,0,0,1,0,0,0,0,0,0,1,0,0,0,0,1,0,4,0,29,0,0,1,0,0,2,1,6,1,0,0,1,2,5,0,4,0,14,0,0,4,0,0,0,0,0,1,0,0,0,0,9,0,0,2,0,1,0,1,0,0,0,5,1,5,1,1,0,0,3,0,0,0,0,0,0,0,0,0,0,0,0,0,0,0,0,0,1,0,0,0,0,0,0,0,0,0,0,0,0,0,0,0,0,1,0,0,0,0,1,0,0
145,2380,CMEI JAYME CANET JUNIOR,"RUA EDVALD RIBAS BORBA, 45",SITIO CERCADO,-25.5318783,-49.2632667,65,0,1424,1142,71,51,0,3,1,5,12,0,1,0,0,5,29,0,2,0,4,0,0,1,0,3,1,5,1,0,0,0,0,0,0,0,0,0,0,19,0,0,0,1,0,0,3,0,3,0,23,0,40,1,1,0,0,0,0,0,0,0,0,0,11,0,0,0,1,0,0,0,0,0,13,0,0,0,0,11,0,0,0,9,0,0,0,0,0,0,0,0,0,0,0,8,0,4,0,2,0,0,0,0,0,0,1,0,2,0,69,0,0,0,0,0,0,0,0,0,0,0,0,0,2,1,0,0,8,0,1,11,0,0,0,2,0,5,0,13,6,11,2,0,0,0,0,0,19,0,0,0,0,2,0,4,0,0,0,1,1,1,0,0,0,4,1,0,0,0,0,4,0,0,0,0,0,0,0,2,0,0,0,3,0,0,0,0,0,3,25,0,0,0,0,0,0,0,0,8,0,0,1,0,0,0,0,0,0,1,0,0,2,0,0,0,1,0,0,0,0,0,0,0,0,0,0,0,0,0,0,0,3,0,0,0,0,0,0,0,0,0,0,0,0,0,1,0,0,0,3,0,0,0,0,0,1,0,0,1,0,0,0,0,0,0,0,26,1,0,2,0,1,3,5,0,0,0,0,1,1,0,0,0,0,0,0,0,0,0,0,0,4,0,0,0,0,0,0,0,0,0,0,2,0,0,0,1,0,3,0,0,0,0,0,0,1,0,11,0,2,6,0,0,0,0,2,2,0,2,0,0,2,0,12,27,1,0,30,0,0,0,2,12,0,1,0,0,0,3,1,0,0,0,0,17,0,5,0,0,0,12,50,0,0,1,1,31,1,2,2,65,0,2,0,0,4,0,0,0,0,0,0,0,0,0,0,0,4,1,0,0,0,0,0,0,31,0,0,0,0,0,0,0,2,0,0,1,1,2,0,1,5,3,3,0,1,0,0,0,0,0,0,4,0,0,0,0,1,0,0,0,0,0,0,0,0,0,0,0,0,0,0,0,0,0,0,0,0,0,0,1,0,0,0,0,1,0,0,0,0,7,0,1,0,1,6,0,0,2,0,0,1,0,0,0,1,0,0,0,0,0,0,1,2,0,0,0,0,0,0,0,2,0,0,3,0,0,0,0,0,0,0,0,1,1,0,0,0,0,0,0,0,0,5,1,0,0,0,0,0,0,0,0,0,0,1,0,2,0,21,0,0,0,0,0,0,0,21,1,0,0,2,2,1,0,0,0,11,0,0,3,0,0,1,0,0,0,0,0,0,0,17,0,0,2,0,0,3,0,0,0,1,3,3,2,4,4,0,0,7,0,0,0,0,0,0,0,0,0,0,1,0,0,0,0,0,0,0,0,0,0,0,0,0,0,0,0,0,0,0,0,0,0,0,0,0,0,0,0,0,1,0
145,2399,PARÓQUIA NOSSA SENHORA DO SAGRADO CORAÇÃO,"RUA NICOLA PELLANDA, 545",PINHEIRINHO,-25.5333283,-49.2956333,66,0,1930,1543,129,59,0,4,2,5,22,6,2,0,0,1,24,1,1,0,6,0,0,1,1,1,1,5,0,0,1,0,1,0,0,0,0,0,0,12,0,0,0,1,0,0,0,0,4,1,34,0,39,1,1,4,0,0,0,0,0,0,0,0,11,0,0,0,0,0,0,0,0,0,18,0,1,0,0,20,0,0,0,1,0,1,0,0,0,4,3,0,0,0,0,26,0,2,0,0,1,0,0,0,1,0,0,0,0,0,61,0,0,0,0,0,0,0,0,0,0,0,0,0,4,0,0,0,8,1,0,22,0,3,0,0,2,9,0,18,17,13,6,1,2,0,0,2,38,0,1,0,0,3,0,16,0,0,1,1,0,0,0,0,1,1,0,0,2,0,1,6,0,2,0,0,0,0,0,0,0,0,0,0,0,0,0,0,0,4,19,0,0,0,0,0,0,0,0,0,1,0,3,0,0,0,0,1,1,0,0,0,4,0,1,0,3,0,0,0,0,0,0,0,0,0,1,0,0,0,0,0,3,0,0,0,0,0,0,0,0,0,0,0,0,1,2,0,1,0,2,0,0,0,0,0,2,0,0,0,0,0,0,0,0,0,0,27,1,1,6,0,0,1,2,0,1,0,0,0,0,0,0,1,1,0,1,4,0,0,3,0,6,0,0,0,0,0,0,0,0,0,0,2,0,0,0,2,0,2,0,0,0,0,0,0,0,0,32,0,0,17,0,1,0,0,3,2,0,0,0,0,2,1,18,35,1,1,31,2,0,0,0,18,0,3,0,0,0,6,0,1,2,0,0,11,0,11,0,0,2,14,54,1,0,0,2,63,0,2,3,69,1,0,0,0,1,0,0,0,0,0,0,0,0,0,0,0,6,0,0,0,0,0,0,0,36,0,0,0,5,0,0,0,4,0,0,1,2,4,0,4,0,9,4,0,1,0,0,6,0,0,0,5,0,0,0,0,8,0,0,0,1,0,0,0,0,1,0,0,1,0,0,0,1,0,0,0,4,1,0,0,0,0,0,0,0,1,0,0,0,9,0,0,0,1,18,0,0,5,0,0,1,0,0,0,0,0,0,0,0,0,0,0,0,0,0,0,0,0,0,0,1,0,1,2,0,0,0,0,0,0,0,0,0,0,0,0,0,1,0,0,0,0,1,0,2,0,0,0,1,0,0,0,0,0,1,0,2,0,35,0,0,0,0,0,5,3,8,3,0,5,2,1,1,0,1,0,33,0,0,2,0,0,1,1,0,0,0,0,0,0,36,1,0,0,0,2,1,1,0,0,0,7,1,5,2,2,0,0,6,0,1,0,0,0,0,0,0,0,0,0,0,0,1,0,0,0,0,0,0,0,0,1,0,0,0,0,0,0,0,0,0,0,0,0,1,1,0,0,0,1,0
145,2402,PARÓQUIA SÃO JOSÉ DAS FAMÍLIAS,"RUA DR. LEVY BUQUERA, 150",SITIO CERCADO,-25.52897,-49.2687717,65,0,1660,1325,122,47,0,5,3,4,22,6,1,0,0,0,23,0,1,0,6,0,0,0,0,0,0,4,1,0,0,0,0,0,0,0,0,0,0,29,3,0,0,1,0,0,1,0,11,2,10,0,39,0,1,1,0,0,0,0,1,0,1,1,10,0,1,0,0,0,0,0,0,0,12,0,1,0,0,11,0,0,0,0,1,0,0,0,0,0,1,0,0,0,0,17,0,0,0,1,0,0,0,0,0,0,0,0,1,0,45,0,0,0,0,0,1,0,0,0,0,0,0,0,1,4,0,0,13,1,0,16,0,5,0,0,2,10,0,18,9,12,4,2,0,0,0,2,25,0,4,0,2,0,0,4,1,0,0,0,1,0,0,0,0,3,0,1,5,0,0,18,0,0,0,1,0,0,0,1,0,0,0,1,0,0,0,0,0,3,15,0,0,0,0,1,0,0,0,1,2,0,2,1,0,0,0,0,0,0,0,0,3,0,0,0,4,0,0,0,0,0,0,0,0,1,0,0,0,0,0,0,2,0,1,0,0,0,0,0,0,0,0,0,0,1,0,0,0,0,4,1,0,0,0,0,0,0,0,0,1,0,0,0,0,0,0,28,1,1,3,0,2,2,2,0,0,0,0,0,0,0,0,0,4,0,0,0,0,0,1,0,2,0,0,0,0,1,0,0,0,0,0,2,0,0,0,2,0,3,0,0,0,0,0,0,0,0,23,0,0,16,0,0,0,0,1,8,1,0,0,0,1,0,9,23,1,0,30,0,0,0,0,12,0,2,0,0,0,4,0,0,0,0,0,7,0,7,0,0,0,12,100,0,0,0,0,45,0,0,2,78,0,0,0,0,0,0,0,0,0,0,0,0,0,0,0,0,3,1,0,0,0,0,0,1,30,0,1,0,5,0,0,0,4,0,1,0,1,0,0,1,0,3,9,0,3,0,0,3,0,0,1,6,0,0,1,0,0,0,0,0,0,0,0,0,0,0,0,0,0,1,0,0,0,0,0,0,2,0,0,0,0,0,0,0,0,0,0,0,0,6,0,0,0,0,8,0,2,1,0,0,1,0,0,0,1,1,0,0,0,0,0,0,0,0,0,0,1,0,2,0,1,0,0,3,0,0,0,0,0,0,0,0,0,2,0,0,0,0,0,0,0,1,3,0,2,0,1,0,0,0,0,0,0,0,0,0,0,0,22,0,0,0,1,0,2,1,7,0,0,4,2,2,7,0,0,0,17,0,0,2,0,0,0,2,1,1,0,0,0,0,14,1,0,4,0,1,1,1,0,0,0,8,0,6,2,1,1,0,5,0,0,0,0,0,0,0,0,0,0,0,0,0,0,0,0,0,0,0,0,0,0,1,0,0,0,0,0,0,0,0,0,0,0,1,0,1,0,0,0,0,0
174,1015,COLÉGIO ESTADUAL GOTTLIEB MUELLER,R BOM JESUS DE IGUAPE   3333,BOQUEIRAO,-25.493599,-49.2387471,56,0,2007,1578,111,54,0,4,1,5,35,3,1,1,0,5,29,0,0,0,3,0,0,0,2,1,1,1,1,1,0,0,1,0,0,0,0,0,0,25,8,0,0,0,0,0,1,0,13,0,24,0,143,0,0,0,0,0,0,0,0,0,0,0,7,0,0,0,0,0,0,0,1,1,23,0,1,0,0,7,0,0,0,0,0,0,0,0,0,2,1,0,0,0,0,21,0,3,0,1,0,0,0,0,0,0,0,0,1,0,13,0,0,0,0,0,0,0,0,0,0,0,0,0,1,2,0,0,10,0,1,21,0,0,0,1,0,13,0,23,14,14,6,1,0,1,0,0,23,0,1,0,0,1,0,10,4,3,0,0,0,1,0,0,0,2,0,0,7,0,0,6,0,0,0,0,0,0,0,0,0,0,1,1,0,0,0,0,0,5,16,0,0,0,0,0,0,0,0,9,0,0,1,3,0,0,0,0,0,0,4,0,0,0,0,0,1,0,0,0,0,0,0,0,0,0,0,0,0,0,0,2,2,0,0,0,0,0,0,0,1,0,0,1,0,0,0,0,0,0,1,0,0,0,0,0,0,0,0,0,0,0,0,0,0,0,0,21,3,0,0,0,3,10,8,0,0,3,0,0,0,0,0,0,4,0,0,0,0,1,0,0,0,0,0,0,0,0,0,0,0,0,0,3,0,0,0,0,0,3,0,0,0,0,0,0,6,0,28,1,2,15,2,0,0,0,1,2,0,0,0,1,3,0,18,31,1,0,36,0,1,0,0,17,0,4,0,0,0,0,0,0,5,0,2,19,0,13,0,0,0,6,101,0,1,0,8,40,1,3,3,87,0,0,0,0,0,0,0,0,0,0,0,0,0,0,0,0,9,0,0,1,0,0,0,0,44,0,0,0,6,0,0,0,4,0,0,0,1,1,0,3,1,9,1,0,2,0,0,7,0,0,4,2,0,0,1,0,0,0,0,0,0,0,0,0,0,0,0,0,2,0,0,0,0,0,1,0,0,0,0,0,0,1,0,0,0,1,0,6,0,12,0,0,0,0,11,4,0,0,0,0,1,0,0,0,4,0,0,0,0,0,0,0,0,0,0,0,0,0,0,0,1,0,0,1,0,1,0,0,0,0,0,0,0,0,0,0,0,0,0,0,0,0,4,0,2,0,1,1,0,0,0,0,0,0,1,0,0,0,36,0,0,2,0,0,1,3,9,2,0,1,0,1,1,0,1,2,8,0,0,2,0,0,0,0,1,0,0,0,0,0,22,0,0,5,0,0,1,0,0,0,1,17,0,5,2,4,1,0,5,3,0,0,0,0,0,0,0,1,0,0,0,0,0,1,0,0,0,0,0,0,0,1,0,0,0,0,0,0,0,0,0,0,0,0,0,0,0,0,0,1,0
174,1023,ESCOLA  MUNICIPAL LAPA,"R DIOGO MUGGIATTI, 1292",BOQUEIRAO,-25.5106019,-49.2284863,56,0,2893,2308,140,78,0,7,1,8,38,2,4,0,0,4,31,0,0,0,8,0,0,0,1,4,2,9,0,0,0,0,0,0,0,0,0,0,0,24,3,0,0,0,0,1,0,2,11,7,35,1,346,0,5,5,0,0,0,0,0,0,2,1,13,0,0,0,0,0,0,0,1,0,47,0,1,0,0,12,1,0,0,1,1,1,1,0,0,3,1,0,0,0,0,33,0,1,0,0,0,1,0,0,0,0,0,0,1,0,10,0,0,0,0,0,0,0,0,0,0,0,0,0,3,2,0,1,16,0,1,23,0,4,2,1,4,9,0,21,26,20,5,1,0,0,0,0,39,0,1,0,0,3,0,8,0,0,0,0,2,1,1,0,0,2,0,0,1,0,0,6,0,0,0,0,0,0,0,1,0,0,0,0,0,0,0,0,0,1,26,0,0,0,0,0,0,0,0,9,0,1,4,1,0,0,0,0,0,0,1,1,7,1,2,0,6,0,0,0,0,0,1,0,0,0,0,0,0,0,0,0,3,0,2,0,0,0,0,0,0,0,0,0,0,0,0,0,0,0,4,0,0,0,0,0,0,1,0,0,0,0,0,0,0,0,0,24,6,0,8,0,7,6,3,0,0,0,0,0,0,0,0,0,1,0,0,2,1,1,0,0,6,0,1,3,0,0,0,0,0,0,0,4,0,0,0,0,0,1,0,0,0,0,0,0,18,0,44,0,3,28,3,0,0,0,4,2,0,0,0,0,1,2,28,50,4,0,43,1,1,0,0,29,1,0,1,0,0,0,1,1,1,1,0,20,0,13,2,0,2,15,149,0,0,0,0,91,1,2,1,119,0,0,0,0,1,0,0,0,0,0,0,0,0,0,0,0,3,0,0,0,0,0,0,3,47,2,0,0,4,0,0,1,5,0,0,3,1,4,0,5,0,13,3,0,2,0,0,7,1,0,0,5,0,2,0,0,0,0,0,0,1,0,0,0,0,2,0,0,0,0,0,0,1,0,0,0,0,0,1,1,0,0,0,0,0,0,0,0,0,7,2,0,0,0,13,5,0,2,0,0,0,0,0,0,0,0,0,1,0,0,0,0,0,0,0,0,1,0,0,0,0,0,0,6,0,0,0,0,0,0,0,0,0,0,0,0,0,0,0,0,0,1,1,0,0,0,1,0,0,0,0,0,1,0,2,0,0,0,39,0,0,1,0,0,1,0,11,0,0,2,6,3,3,0,2,1,13,0,0,10,0,0,0,0,1,0,1,0,0,0,39,0,3,9,0,0,0,0,0,0,1,20,0,5,11,9,0,0,9,0,2,0,0,0,0,0,0,0,0,2,1,0,0,0,0,0,0,1,0,0,0,0,0,0,0,0,1,0,0,0,0,0,0,0,0,0,0,0,0,0,0
174,1031,COLÉGIO ESTADUAL PROFESSORA LUIZA ROSS,"R MAESTRO CARLOS FRANK, 616",BOQUEIRAO,-25.5157323,-49.2248042,56,0,4394,3434,272,122,0,17,1,5,50,6,1,0,1,6,59,2,0,0,20,2,0,0,1,2,4,11,0,1,1,0,2,5,0,0,0,0,0,30,1,0,0,0,0,0,0,1,21,8,42,1,359,7,1,1,0,0,2,0,1,1,2,0,6,0,2,0,0,0,0,0,0,0,77,0,1,0,0,31,0,0,0,0,0,0,0,0,0,0,0,0,0,0,0,48,0,4,1,3,1,0,0,0,1,0,0,0,1,0,23,0,0,0,0,0,0,0,0,0,0,0,0,0,5,8,0,3,16,2,1,32,0,35,0,2,3,20,0,41,38,38,6,2,0,2,0,1,46,0,3,0,0,3,0,21,4,0,0,1,0,5,0,0,0,5,1,1,6,0,0,12,0,0,0,0,0,0,0,0,0,0,0,0,1,0,0,0,0,5,47,0,0,2,0,0,0,0,0,17,1,0,13,4,0,0,0,4,0,2,1,1,1,1,2,0,8,0,0,0,0,0,0,0,2,1,0,0,0,0,0,4,3,0,5,0,0,0,0,0,1,0,0,0,0,1,0,0,1,0,8,0,0,0,0,2,2,0,0,0,0,0,0,0,0,0,0,49,4,1,15,0,2,4,19,0,0,0,0,0,0,0,0,0,5,0,0,8,0,0,0,0,14,9,0,2,1,0,0,0,1,0,0,2,0,0,0,0,0,6,0,0,0,1,0,0,34,0,38,3,1,33,0,0,0,0,7,2,1,1,1,0,5,0,42,93,7,3,65,3,1,0,0,40,0,3,1,0,2,4,1,0,3,0,1,32,0,13,0,0,1,25,122,0,1,0,5,137,1,6,1,215,4,4,0,0,0,0,0,0,1,0,0,0,0,0,0,0,7,0,0,0,0,0,0,2,52,0,0,0,16,1,0,1,5,0,0,2,3,7,0,11,4,9,12,0,6,0,0,12,0,0,0,22,6,2,0,0,2,0,0,0,3,0,0,1,0,1,0,0,0,0,0,0,1,0,0,0,0,0,0,0,0,0,0,1,1,0,0,0,0,18,0,0,1,0,16,2,0,2,0,0,4,0,0,0,1,0,0,0,0,0,0,2,0,0,1,0,5,0,0,0,3,0,0,1,0,0,0,0,0,0,0,1,0,1,0,0,0,0,0,0,0,0,1,0,1,0,0,0,0,0,0,0,0,0,2,0,0,0,79,0,0,3,0,0,4,3,12,1,0,4,11,1,3,0,7,3,13,0,0,27,0,0,0,1,6,0,1,0,1,0,35,0,2,7,0,0,0,0,1,0,1,37,1,11,9,5,1,0,6,0,0,0,0,0,0,0,1,0,0,0,0,0,0,0,0,0,0,0,0,0,0,2,0,0,0,0,1,0,0,0,0,0,0,0,0,0,0,2,0,2,1
174,1040,ESCOLA MUNICIPAL PROFESSOR GERMANO PARCIORNIK,"R JOAQUIM CARDOSO DA SILVEIRA, 187",BOQUEIRAO,-25.506847,-49.2216816,56,0,2631,2105,167,76,0,16,7,9,35,3,2,0,0,4,37,0,1,0,13,1,0,1,3,0,0,8,0,1,0,0,1,0,0,0,1,0,1,36,0,1,0,0,0,3,0,0,9,5,25,0,269,0,0,3,0,0,0,0,1,0,0,0,2,0,1,0,0,0,0,0,0,1,36,0,0,0,0,11,1,0,0,1,0,2,1,0,0,0,1,0,0,0,0,18,0,5,1,0,1,0,0,0,0,0,0,0,0,1,1,0,0,0,1,0,1,0,0,0,0,0,0,0,4,5,1,1,14,0,2,25,0,6,0,0,1,12,2,19,17,21,8,0,0,2,0,1,51,0,0,0,1,0,0,5,2,0,0,1,1,0,2,0,0,6,0,0,12,0,0,1,0,0,0,0,0,2,1,0,0,1,0,0,1,0,0,0,0,4,28,0,0,1,0,0,0,0,0,8,0,0,4,2,0,0,0,0,0,0,2,0,4,0,2,0,5,0,0,0,0,0,0,0,0,1,0,0,0,0,0,3,1,0,2,0,0,0,0,0,0,0,0,0,0,0,0,0,0,0,4,0,0,0,0,0,0,0,0,0,0,0,0,0,0,0,0,29,6,0,3,0,11,6,5,0,0,0,0,0,0,0,0,0,5,0,0,0,0,1,0,0,8,2,0,0,0,0,0,0,0,0,0,0,0,0,0,1,0,6,0,0,0,0,0,0,6,0,35,2,0,14,0,0,0,0,1,4,0,0,0,0,1,1,15,67,3,0,28,0,1,0,0,14,0,0,0,1,0,10,1,0,4,0,0,27,0,6,3,0,0,7,153,0,2,0,6,77,0,2,1,86,0,0,0,0,0,0,0,0,0,0,0,0,0,0,0,0,8,0,0,0,0,0,0,3,53,1,0,0,9,0,0,0,0,0,0,2,2,6,0,5,0,11,1,0,0,0,0,2,0,0,0,7,3,0,0,1,0,0,0,0,0,0,0,1,0,4,0,0,0,0,1,0,0,0,1,0,4,0,0,0,0,0,0,1,0,0,0,0,1,8,1,0,2,0,31,0,0,3,0,0,3,0,0,0,0,0,0,0,0,0,0,0,0,0,0,0,0,0,0,0,2,0,0,2,0,0,0,0,0,0,0,0,2,0,0,0,0,0,1,0,0,0,4,0,0,0,0,0,0,0,0,0,0,0,1,0,0,0,22,0,0,0,1,0,0,0,9,0,0,3,1,3,5,0,2,3,3,0,0,7,0,0,0,0,10,0,0,0,1,0,20,0,2,2,0,0,1,0,0,0,1,18,0,6,8,0,1,0,2,1,0,0,0,0,0,0,0,0,0,0,1,0,0,0,0,0,0,0,0,0,0,0,0,0,0,0,0,0,0,0,0,0,0,0,0,0,0,0,0,0,0
174,1058,ESCOLA MUNICIPAL NOSSA SENHORA DO CARMO,"RUA CARLOS DE LAET, 4130",BOQUEIRAO,-25.4982755,-49.2354496,56,0,1411,1142,66,34,0,4,0,3,11,2,0,0,0,0,17,0,0,0,5,0,0,0,1,1,2,5,0,0,0,0,0,0,0,1,0,0,0,19,2,0,0,0,0,0,0,0,3,4,16,0,123,2,1,1,0,0,0,0,1,1,0,1,10,0,0,0,0,1,0,0,1,0,25,0,1,0,0,11,0,0,0,2,0,0,1,0,0,3,0,0,0,0,0,20,0,5,0,0,0,0,0,0,0,0,0,0,0,0,4,0,0,0,0,0,0,0,0,0,0,0,0,0,1,3,0,0,8,0,0,16,0,2,0,1,1,6,0,7,8,11,2,3,0,0,0,1,20,0,0,0,0,2,0,6,1,0,0,0,0,3,0,0,0,0,0,1,3,0,0,5,0,0,0,0,0,0,0,0,0,0,0,0,0,0,0,0,0,1,17,0,0,0,0,0,0,0,0,3,0,0,0,0,0,0,0,1,0,0,2,0,0,0,1,0,6,0,0,0,0,0,0,0,0,0,0,1,0,0,0,0,1,0,0,0,0,0,1,0,1,0,0,0,0,0,0,0,0,0,2,0,0,0,0,0,0,0,0,0,0,0,0,0,0,0,0,21,2,0,2,0,2,2,1,0,0,0,0,0,0,0,0,0,1,0,0,3,0,0,0,0,3,1,0,1,0,0,0,0,0,0,0,0,0,0,0,0,0,4,0,0,0,0,0,0,9,0,18,0,0,9,1,0,0,0,2,3,0,0,0,0,1,0,10,28,2,0,23,0,1,0,0,11,0,2,0,0,0,1,0,0,2,0,0,6,0,9,0,0,0,5,68,0,0,0,1,44,1,0,1,84,0,0,0,0,0,0,0,0,0,0,0,0,0,0,0,0,2,0,0,0,0,0,0,1,24,0,0,0,8,0,0,1,3,0,0,2,4,3,0,7,0,6,2,0,0,0,0,4,0,0,0,3,2,2,0,0,0,0,0,0,1,0,0,0,0,0,0,0,0,0,0,0,0,0,0,0,2,0,0,0,0,0,0,0,0,0,0,0,0,7,1,0,0,0,7,2,0,0,0,0,1,0,0,0,1,0,0,0,0,0,0,0,0,0,0,0,0,0,0,0,1,0,2,0,0,0,1,0,0,0,0,1,0,0,0,0,0,0,0,0,0,0,1,0,0,0,0,0,0,0,0,0,0,0,0,0,0,0,18,0,0,0,0,0,1,1,8,0,0,1,2,2,2,0,0,3,5,0,0,3,0,0,0,0,0,0,0,0,0,0,21,0,0,2,0,0,1,0,0,0,0,15,2,1,2,0,1,0,4,0,1,0,0,0,0,0,0,0,0,0,0,0,0,0,0,0,0,0,0,0,0,0,0,0,0,0,0,0,0,0,0,0,0,0,0,1,0,0,0,0,0
174,1066,COLEGIO PROFESSOR VICTOR DO AMARAL,RUA BOM JESUS DE IGUAPE 4065,BOQUEIRAO,-25.4998085,-49.2355829,56,0,4541,3501,239,145,0,17,3,12,51,4,0,0,1,7,59,1,0,0,15,2,0,0,3,2,1,8,1,0,0,0,1,0,0,0,2,0,0,38,4,0,0,1,0,0,0,0,14,8,50,0,366,0,2,3,0,0,0,0,0,0,5,2,16,0,8,0,0,0,0,0,0,0,53,0,0,0,0,27,0,0,0,4,2,1,0,0,0,1,2,0,0,0,0,56,0,5,1,0,0,2,0,0,1,0,0,0,2,0,14,0,0,2,0,0,0,0,0,0,0,0,0,0,5,5,0,2,17,0,4,36,0,8,0,1,5,16,0,36,36,33,18,0,1,0,0,0,44,0,1,1,0,3,1,13,0,0,5,2,0,3,0,1,0,2,0,0,11,0,0,14,0,0,1,1,0,0,1,1,0,2,1,1,0,0,1,2,0,4,57,0,0,2,0,0,1,0,1,9,1,0,7,4,0,1,0,2,0,0,2,0,8,0,3,0,14,0,1,0,0,0,0,0,2,0,0,0,0,0,0,1,5,0,2,0,0,0,0,0,3,0,0,1,0,0,0,0,0,0,2,0,0,1,0,0,0,0,0,0,0,0,0,0,0,0,1,36,2,0,3,0,9,5,15,0,2,0,0,0,0,0,4,0,5,0,0,8,1,0,1,0,12,0,0,2,0,0,0,0,1,0,0,2,0,0,0,1,0,7,2,2,0,0,0,0,16,1,65,0,1,26,1,0,0,0,5,5,0,0,2,0,4,3,51,72,4,1,75,0,0,0,2,33,0,7,3,0,1,4,3,0,4,0,1,36,0,11,1,0,1,6,218,1,0,1,5,128,2,4,4,218,2,0,0,0,0,0,0,0,0,0,0,0,0,0,0,0,9,0,0,1,0,0,0,3,96,0,0,0,36,0,0,0,2,0,0,8,5,2,1,7,5,19,2,0,0,0,0,12,0,5,0,11,0,0,0,0,0,0,0,0,0,0,0,4,1,2,0,0,0,0,0,0,2,0,0,0,2,0,0,0,1,0,0,0,1,0,0,2,0,24,5,0,0,0,34,1,0,1,1,0,2,0,0,0,0,1,0,0,0,0,0,0,0,0,0,0,0,0,0,1,5,0,0,5,1,0,0,0,0,0,0,0,2,0,0,0,0,0,0,0,0,0,2,1,1,0,0,0,0,0,0,0,0,0,0,1,0,0,68,0,0,3,1,0,4,0,19,0,0,8,6,3,4,3,0,9,21,0,1,6,1,0,0,0,1,0,0,0,0,0,54,0,1,1,0,1,1,0,0,0,2,27,1,6,9,7,3,1,6,2,3,0,0,0,0,0,2,0,0,0,0,0,0,2,2,0,0,0,0,0,0,1,1,0,0,0,0,0,0,0,0,0,0,0,0,0,0,1,0,0,0
174,1074,ESCOLA MUNICIPAL WENCESLAU BRAZ,"RUA O BRASIL PARA CRISTO, 2090",BOQUEIRAO,-25.5024866,-49.2275987,56,0,2170,1745,119,72,0,8,0,4,30,4,0,0,0,0,42,2,1,0,11,0,0,0,1,3,1,9,1,1,0,0,0,0,0,0,0,0,0,21,0,0,0,5,0,1,0,0,13,1,21,1,205,0,0,0,0,0,0,0,0,2,1,1,2,0,0,0,0,0,0,0,0,0,26,0,0,0,0,21,0,0,0,1,0,0,0,3,0,0,0,0,0,1,0,23,0,4,1,1,1,0,0,1,0,0,0,0,1,0,7,0,0,1,0,0,0,0,0,0,0,0,0,0,6,3,0,0,5,0,1,14,0,1,1,0,8,11,0,26,25,23,9,1,0,0,0,0,30,0,2,1,0,1,0,9,2,0,0,1,0,3,0,0,0,1,0,0,0,0,0,7,0,1,0,0,0,0,0,1,0,0,0,0,0,0,0,0,0,4,16,0,0,0,0,0,0,0,0,6,0,0,2,2,2,0,0,0,0,0,0,0,1,0,1,0,2,0,0,0,0,0,0,0,0,0,0,0,1,0,0,1,0,0,1,0,0,0,0,0,1,0,0,0,0,0,0,0,0,0,5,0,0,0,0,0,0,0,0,0,0,0,0,0,0,0,0,18,2,0,1,0,5,1,21,0,1,0,0,0,0,0,0,0,2,0,0,7,0,0,0,0,3,0,0,1,1,0,0,0,0,0,0,1,0,0,0,1,0,5,0,0,0,0,0,0,6,0,31,1,1,7,0,0,0,0,9,6,0,0,0,0,2,0,16,39,2,0,27,1,1,0,0,27,1,1,2,0,0,3,0,1,15,0,1,16,0,4,0,0,0,9,94,0,1,1,0,71,0,3,0,91,2,0,0,0,0,0,0,0,0,0,0,0,0,0,0,0,4,0,0,0,0,0,0,0,32,0,0,1,7,0,0,0,3,0,0,4,6,1,0,3,1,3,3,1,0,0,0,5,0,2,0,6,0,1,0,0,0,0,0,0,2,0,0,0,0,0,0,0,0,0,0,0,0,0,0,0,0,0,0,0,0,0,0,0,0,0,0,0,0,9,1,0,1,0,18,1,0,0,0,0,2,0,0,0,0,1,0,0,0,0,0,3,0,0,0,0,0,0,0,0,0,1,0,3,0,0,0,0,0,0,0,0,0,0,0,0,0,1,0,0,0,0,0,1,0,0,0,1,0,0,0,0,0,1,1,0,0,0,41,0,0,0,2,0,2,3,6,1,0,5,3,0,2,0,0,3,3,0,0,6,0,0,0,0,1,1,0,0,0,0,24,0,0,6,0,0,1,0,0,0,0,20,0,4,0,0,0,0,2,0,0,0,0,0,1,0,0,0,0,0,0,0,0,0,0,0,0,0,0,0,0,2,0,0,0,0,0,0,0,0,0,0,0,0,0,1,0,0,0,0,0
174,1090,COLÉGIO ESTADUAL PAULINA PACIFICO BORSARI,"RUA DR. JOAQUIM SILVEIRA DA MOTTA, 484",GUABIROTUBA,-25.4635573,-49.2375085,23,0,2409,2008,84,74,0,1,1,5,37,2,0,0,0,3,23,0,0,0,18,1,0,0,0,1,2,3,0,0,0,0,0,0,2,0,0,0,0,22,0,0,0,2,0,2,0,0,3,3,61,0,60,0,0,2,0,0,1,0,1,1,2,0,7,0,0,0,0,0,0,0,0,2,23,0,1,0,0,31,0,0,0,3,2,0,0,0,0,0,7,0,0,0,0,76,0,2,0,1,2,0,0,0,0,0,0,0,3,0,2,1,1,2,0,0,0,0,0,0,0,0,0,0,5,3,0,0,11,0,1,35,0,8,0,0,0,17,0,37,24,17,5,2,1,0,0,0,33,2,0,0,1,2,0,7,0,0,2,0,0,0,0,0,0,2,0,0,6,0,0,5,0,0,0,0,0,0,0,0,0,1,0,0,0,1,0,0,0,7,47,0,0,0,0,0,0,0,0,0,0,0,2,5,0,0,0,1,0,0,0,0,2,0,0,0,6,0,0,0,0,0,1,0,0,0,0,0,0,0,0,1,1,0,0,0,0,0,1,0,0,0,0,0,0,0,0,0,0,0,2,0,0,0,0,0,0,0,0,0,0,0,0,0,0,0,0,17,4,0,2,0,2,6,10,1,0,0,0,0,0,0,0,0,1,0,0,0,0,1,0,0,3,0,0,0,0,0,0,0,0,2,0,4,0,0,0,0,0,5,0,0,0,0,0,0,0,0,38,1,2,18,3,0,0,0,1,3,0,0,1,1,1,0,35,29,5,0,33,4,1,0,1,18,1,0,0,1,0,1,0,0,5,0,1,10,0,26,1,1,2,2,36,0,2,5,29,52,0,0,4,141,1,0,0,0,0,0,0,0,0,0,0,0,0,0,1,0,10,0,0,0,0,0,0,3,74,1,2,0,19,0,2,0,4,0,0,1,2,3,0,6,1,16,1,0,0,0,0,22,1,0,0,0,1,0,0,0,0,3,0,0,0,0,0,0,8,1,1,0,3,0,1,0,1,0,0,0,0,0,3,1,0,0,0,0,0,0,0,0,0,19,0,0,0,0,23,0,0,0,0,0,0,0,0,0,0,0,0,0,0,0,0,0,0,0,0,0,0,0,0,0,2,0,0,1,0,0,0,0,0,0,1,3,0,0,0,1,0,0,1,0,0,0,5,0,1,0,1,0,0,0,0,0,0,0,3,0,0,1,51,0,1,1,3,0,6,7,67,0,0,2,16,2,0,1,0,1,5,0,0,8,0,0,0,0,2,0,0,0,0,0,48,1,0,7,0,0,3,2,0,0,0,25,0,4,3,4,7,0,2,1,1,0,0,0,0,0,0,0,0,1,0,0,0,1,0,0,0,0,0,0,0,7,0,0,0,0,0,0,0,0,0,0,0,0,0,1,0,0,2,0,0
174,1104,COLÉGIO ESTADUAL ISOLDA SCHMID,"R ANNE FRANK, 1553",HAUER,-25.4802349,-49.2465677,38,0,4389,3483,224,100,0,13,1,16,52,9,1,0,1,4,42,0,2,0,22,0,2,0,5,2,2,18,0,0,0,0,3,0,0,1,0,0,1,41,10,0,0,2,0,1,0,1,31,7,68,1,320,2,3,5,0,0,1,0,3,1,0,0,8,0,11,0,0,0,0,0,0,0,33,0,5,0,0,33,0,0,0,4,2,0,2,1,0,0,3,0,0,0,0,79,0,5,0,5,4,0,0,1,4,0,0,0,4,1,18,0,0,0,0,0,0,0,0,0,0,0,0,0,11,6,0,0,10,1,0,41,0,9,1,2,3,34,0,36,53,27,17,4,0,0,0,2,38,0,4,0,1,1,0,16,5,1,2,0,0,7,0,1,0,3,0,1,4,0,0,28,0,1,0,0,0,0,0,1,0,1,0,1,0,0,0,0,0,2,53,1,0,1,0,0,0,0,0,8,0,1,7,9,0,0,0,3,0,0,0,3,6,0,2,0,17,0,0,0,0,0,1,0,0,1,2,0,0,0,0,4,5,0,5,0,0,0,1,0,19,0,0,1,0,0,0,0,0,0,0,0,0,0,0,0,2,0,0,0,0,0,0,0,0,0,0,61,10,0,4,0,2,3,1,1,2,0,0,0,0,0,0,0,0,0,0,2,0,0,0,0,7,1,2,2,0,0,0,0,0,0,0,3,0,0,0,1,2,7,0,0,1,0,0,0,24,0,74,3,5,30,4,0,0,0,0,5,0,0,0,0,1,0,52,87,9,1,47,0,1,0,3,43,0,2,2,0,0,5,0,0,6,0,2,32,0,27,1,0,1,9,111,0,1,0,4,102,0,5,5,192,0,2,0,0,0,0,0,0,1,0,0,0,0,0,0,0,11,1,0,0,0,0,0,4,84,1,2,0,18,0,2,0,21,0,0,0,7,0,0,3,0,24,19,2,3,0,0,14,0,0,4,13,0,0,0,0,1,0,0,0,1,0,0,1,1,0,1,0,0,0,0,0,0,0,0,0,1,1,1,5,0,0,0,1,1,0,0,1,0,17,2,0,0,0,32,1,0,4,0,0,0,0,0,0,1,1,0,0,0,0,1,0,0,0,1,1,2,1,0,0,11,0,0,4,0,0,0,0,0,0,0,0,0,0,0,0,0,0,0,0,0,0,4,0,0,0,0,0,0,2,0,0,1,0,2,0,1,0,88,0,0,1,0,0,12,3,21,3,0,5,1,3,8,0,3,14,19,0,0,8,2,0,1,0,1,2,0,0,0,0,62,1,3,8,0,2,5,0,0,0,0,29,0,15,10,8,3,0,12,0,1,0,0,0,0,1,0,0,0,0,0,0,0,0,1,0,0,0,0,0,0,6,1,0,0,0,0,0,0,0,0,1,0,0,0,0,0,0,0,2,0
174,1112,COLEGIO ESTADUAL PROFESSOR JOSE GUIMARAES,"R PRESIDENTE PADUA FLEURY, 418",HAUER,-25.4756717,-49.24802,38,0,3069,2470,158,96,0,13,1,1,34,11,2,0,0,7,52,0,1,0,11,1,0,0,1,1,1,7,0,1,0,0,1,1,0,0,0,0,0,20,4,0,0,0,0,0,0,0,16,10,61,0,159,0,4,0,0,0,0,0,1,0,1,2,12,1,5,0,0,0,0,0,1,0,29,0,0,0,0,24,0,0,0,1,2,1,0,0,0,2,6,0,0,0,0,55,0,1,1,4,0,0,0,0,1,0,0,0,2,0,15,0,0,0,0,0,0,0,0,0,0,0,0,0,4,3,0,2,16,0,2,17,0,6,0,2,1,20,0,42,37,10,5,1,0,2,2,1,29,0,1,0,1,6,0,19,3,1,0,0,0,1,0,0,2,3,1,1,6,0,0,21,0,1,1,0,1,0,2,0,0,0,1,1,0,1,0,1,0,4,54,0,0,0,0,1,0,0,0,5,0,0,5,6,0,0,1,1,0,0,4,1,6,0,0,0,7,0,1,0,0,0,1,0,0,3,0,1,0,0,0,4,0,0,2,0,0,0,0,0,6,0,0,0,0,0,0,0,1,0,4,0,0,0,0,0,0,0,0,1,0,0,0,0,0,0,0,45,6,0,3,0,1,7,12,0,0,0,0,0,0,0,0,0,5,0,0,1,0,0,0,0,7,0,0,0,0,0,0,0,1,0,0,2,0,0,0,0,1,8,0,0,0,0,0,0,11,0,57,0,1,25,4,0,0,0,0,1,0,0,0,0,3,0,30,38,5,0,47,0,2,0,1,34,0,4,0,0,0,2,0,0,7,0,2,35,0,14,0,0,2,9,62,0,0,1,2,106,1,16,3,124,1,0,0,0,0,0,0,0,0,0,0,0,0,0,0,0,2,0,0,0,0,0,0,2,63,0,0,0,18,0,2,0,3,0,0,0,3,4,0,5,2,14,8,0,1,0,0,10,0,1,0,12,0,3,0,0,0,1,1,0,0,0,0,0,3,0,0,0,0,0,0,0,0,0,1,0,0,0,0,1,0,0,0,3,1,1,0,0,0,11,0,0,0,0,22,2,0,0,0,0,0,0,0,0,2,1,0,0,0,1,0,2,0,0,0,0,0,0,0,0,2,0,0,4,0,0,0,0,0,0,0,0,0,0,0,0,0,0,0,1,0,0,1,2,0,0,0,0,0,0,0,0,0,0,3,0,0,0,74,0,0,3,1,0,7,1,19,1,0,3,6,1,2,0,0,9,13,0,0,2,1,0,0,0,1,1,1,0,0,0,40,1,0,9,1,0,1,0,0,0,0,13,3,13,6,15,2,2,7,0,1,0,0,0,0,0,0,0,0,0,0,0,0,0,0,0,0,0,0,0,0,0,0,0,0,0,0,0,0,1,0,0,0,0,0,0,0,0,0,3,0
174,1120,CEI ERICO VERISSIMO,"RUA CAMPINA DA LAGOA, 418",ALTO BOQUEIRAO,-25.5315779,-49.2549249,64,0,4634,3547,263,128,0,11,1,9,50,2,7,0,0,5,54,1,1,0,19,0,0,0,3,2,1,16,0,0,2,0,1,0,0,0,0,0,1,39,0,0,1,0,0,1,1,1,25,13,76,0,186,0,5,2,0,0,0,3,1,3,1,2,10,0,3,0,1,0,0,0,0,2,38,0,2,0,0,30,0,0,0,18,0,1,0,0,0,2,0,0,0,0,1,54,0,5,0,1,1,0,0,1,0,0,1,0,3,4,103,0,0,0,0,0,0,0,0,0,0,0,0,1,2,8,1,2,21,3,0,44,0,13,1,2,1,19,0,26,34,27,9,4,0,0,1,3,77,2,2,0,2,4,0,24,0,2,2,0,1,9,0,0,2,14,0,0,6,0,0,21,0,0,0,1,0,0,2,2,0,0,1,1,0,1,1,1,1,4,39,0,0,1,0,0,0,0,0,64,1,4,7,2,0,0,0,0,0,0,5,1,5,0,0,0,15,0,0,0,0,0,1,0,1,1,1,0,0,0,0,3,5,0,3,0,0,0,0,0,4,0,0,0,0,1,0,0,1,1,26,0,1,0,0,0,2,0,0,0,0,0,0,0,0,0,0,70,5,2,6,0,14,3,7,1,1,0,0,0,0,0,0,0,1,0,0,4,0,0,0,0,9,1,1,0,0,0,0,0,3,2,0,6,0,0,0,0,1,7,1,0,0,0,0,0,14,0,75,2,1,25,3,0,0,0,5,5,0,0,0,0,2,1,45,77,1,0,101,0,0,0,3,44,0,1,0,1,0,3,0,0,3,0,0,33,0,14,1,0,1,82,98,0,4,1,2,122,0,3,2,213,0,0,0,0,2,0,0,0,0,0,0,0,0,0,0,0,2,0,0,0,0,0,0,2,86,0,0,1,21,1,0,0,6,0,0,3,1,6,0,6,1,19,6,0,6,0,0,7,0,0,1,12,10,1,0,0,0,1,1,0,0,0,0,1,0,0,0,0,0,0,1,2,0,0,0,0,0,0,0,1,0,0,0,0,0,0,1,1,0,16,1,0,0,0,23,0,1,12,0,0,3,0,0,0,2,0,0,6,0,0,0,0,0,0,1,0,4,0,0,0,2,0,0,5,0,0,0,0,0,0,1,0,1,1,0,0,1,0,2,0,0,0,7,0,0,0,1,0,0,0,0,0,0,0,2,0,0,0,68,0,0,1,0,0,5,1,13,1,0,2,6,3,5,0,0,3,29,0,0,6,2,0,0,0,1,0,0,2,1,0,53,1,1,11,0,0,0,0,0,0,0,23,0,9,9,8,4,1,8,2,5,0,1,0,0,0,0,0,0,0,0,0,0,1,0,0,0,0,0,0,0,3,0,0,0,0,0,0,1,0,0,0,0,0,0,0,0,0,1,4,0
174,1139,ESCOLA MUNICIPAL PROFESSOR FRANCISCO HUBERT,"RUA FRANCISCO DEROSSO, 5249",ALTO BOQUEIRAO,-25.5293962,-49.2463085,64,0,5612,4431,304,159,0,26,3,12,79,13,3,1,0,4,72,0,1,0,29,3,1,0,3,4,6,15,1,0,0,0,2,3,0,0,0,0,2,54,0,0,0,3,0,0,0,0,17,6,75,0,337,3,5,3,0,0,5,0,1,0,3,0,19,0,2,0,0,0,0,0,0,0,60,0,0,0,0,37,0,0,0,16,0,1,0,1,0,0,3,0,0,0,0,92,0,11,0,3,1,0,0,1,3,0,0,0,0,0,35,0,0,2,0,0,0,0,0,0,0,0,0,0,10,8,0,0,21,0,1,48,0,16,0,4,1,29,1,48,47,30,30,6,0,1,0,1,72,0,4,1,0,3,0,29,1,0,1,1,1,11,1,0,2,11,1,3,4,0,0,17,0,0,0,0,0,1,1,0,0,0,0,2,0,0,0,0,1,6,74,0,0,0,0,1,0,0,0,121,4,1,5,3,2,0,0,0,0,0,4,0,4,0,1,0,17,0,0,1,1,0,3,0,1,2,1,0,0,0,0,0,5,0,1,0,0,0,0,0,0,0,0,0,0,0,0,0,1,0,67,0,0,0,0,0,1,0,0,0,0,0,0,0,0,0,0,82,6,0,1,0,6,6,19,1,1,0,0,1,0,0,0,0,2,0,0,4,3,0,0,0,11,1,5,4,0,0,0,0,1,1,0,2,0,0,0,3,2,11,0,1,0,1,0,0,11,0,124,4,0,39,16,0,0,0,10,2,0,0,0,0,2,0,54,91,0,1,88,6,0,0,0,35,0,4,0,0,0,6,1,0,3,0,2,18,0,25,0,0,2,69,107,1,2,0,7,166,0,4,2,221,2,0,0,0,1,0,0,0,1,0,0,0,0,0,0,0,15,0,0,0,0,0,0,0,96,0,3,0,21,1,0,0,5,0,1,3,4,15,1,16,1,11,13,1,4,0,0,18,0,0,0,21,1,5,0,0,1,0,0,0,7,0,0,0,0,0,0,0,1,0,0,1,1,0,1,0,2,0,0,0,0,0,0,2,0,1,0,1,0,16,0,2,1,0,55,2,0,6,0,0,3,0,0,0,0,0,4,1,0,0,0,0,0,0,1,0,5,0,0,0,5,0,2,1,0,0,0,0,0,0,0,1,2,1,0,0,1,2,0,1,1,0,8,0,2,0,0,1,0,1,0,0,0,0,1,0,3,0,99,0,0,1,0,0,4,0,11,3,0,4,3,4,1,0,0,3,26,0,0,9,0,0,0,0,2,0,3,0,0,0,85,1,2,9,0,1,6,0,0,0,0,31,4,12,12,5,6,0,16,4,7,0,0,0,0,0,0,1,0,0,0,1,0,0,3,0,0,0,0,0,0,0,1,0,0,0,0,1,0,0,0,0,0,2,0,0,0,1,0,0,0
174,1147,CEI MAESTRO BENTO MOSSURUNGA,"RUA CAPITAO ROBERTO LOPES QUINTAS, 198",ALTO BOQUEIRAO,-25.5373316,-49.2382961,64,0,1902,1498,123,39,0,6,0,7,33,0,1,0,1,2,24,0,0,0,13,0,0,0,0,2,0,2,0,1,0,0,0,0,0,0,1,0,0,9,0,0,0,0,0,0,0,0,12,6,21,0,69,1,0,0,0,0,0,0,2,0,0,0,6,1,2,0,0,0,0,0,0,0,28,0,0,0,0,16,0,0,0,2,0,0,0,0,0,0,0,0,0,0,0,14,0,3,0,0,0,0,0,1,2,0,0,0,0,0,28,0,0,0,0,0,1,0,0,0,0,0,0,0,4,6,0,0,3,0,0,10,0,0,0,0,3,10,1,18,12,20,2,2,0,0,0,1,36,0,0,0,1,1,0,8,3,0,1,1,1,2,0,0,0,3,0,0,2,0,0,9,0,0,0,0,0,0,0,0,0,0,0,3,0,0,0,0,0,3,18,0,0,1,0,0,0,0,0,32,0,0,3,1,0,0,0,0,0,0,0,0,4,1,0,0,1,0,0,0,0,1,0,0,0,1,1,0,0,0,0,1,0,0,0,0,0,0,0,0,1,0,0,0,0,0,2,0,0,0,84,0,0,0,0,0,0,0,0,0,0,0,0,0,0,0,0,16,1,0,4,0,4,0,8,0,0,0,0,0,0,0,0,0,1,0,0,1,0,0,1,0,4,0,0,1,0,0,0,0,0,1,1,5,0,0,0,1,0,2,0,0,0,0,0,0,4,0,26,0,0,10,0,0,0,0,3,0,0,0,0,0,1,0,17,29,1,0,25,2,0,0,0,17,0,2,0,0,0,0,0,0,2,1,0,22,0,3,0,0,6,23,46,1,0,0,1,76,0,2,0,78,0,0,0,0,0,0,0,0,0,0,0,0,0,0,0,0,1,0,0,0,0,0,0,1,31,0,0,1,8,0,0,0,3,0,0,0,2,1,0,15,0,1,1,0,2,0,0,2,0,1,2,9,1,1,0,0,0,0,0,0,1,0,0,0,0,0,1,0,0,0,0,2,0,0,0,0,0,0,0,0,0,0,0,0,1,0,0,0,0,8,0,0,3,0,11,0,0,0,0,0,0,0,0,0,0,0,0,2,0,0,0,0,0,0,0,0,0,0,0,0,2,0,0,1,0,0,0,0,0,1,0,2,0,0,0,0,0,1,0,0,0,0,3,0,1,0,0,0,0,0,0,1,0,0,0,0,0,0,34,2,0,0,0,0,1,0,10,0,0,2,4,2,0,0,4,0,2,0,0,4,1,0,0,0,0,0,0,0,1,0,17,1,0,3,0,1,0,0,0,0,0,10,1,10,3,2,3,1,5,0,1,0,0,0,0,0,0,0,0,0,0,0,0,0,0,0,1,0,0,0,0,0,0,0,0,0,0,0,0,0,0,0,0,0,0,0,0,0,0,2,0
174,1155,COLÉGIO ESTADUAL LUCIA BASTOS,"RUA CORONEL AMERICO WALGER, 12",ALTO BOQUEIRAO,-25.535869,-49.2391191,64,0,3950,3094,232,120,0,30,6,8,79,5,2,1,3,4,56,1,0,1,18,1,4,0,3,7,2,12,0,1,1,0,1,0,1,1,0,0,0,19,1,0,0,1,0,0,1,0,21,22,56,0,144,3,0,1,0,0,0,0,1,1,0,1,15,0,8,0,1,1,0,0,1,0,36,0,0,0,0,37,0,0,0,13,0,0,1,0,0,1,0,0,0,0,1,32,0,4,1,6,0,0,0,1,2,0,0,0,0,1,52,0,0,0,0,0,0,0,0,0,0,0,0,0,5,3,0,3,17,0,0,29,0,6,0,0,0,28,3,28,18,40,9,4,0,0,1,1,75,0,4,2,1,2,0,9,1,0,1,0,1,9,1,0,1,13,0,1,10,0,1,12,0,0,0,0,0,0,0,0,0,0,1,1,0,0,0,1,0,1,33,0,0,2,0,0,0,0,0,58,0,0,12,1,0,0,0,1,0,0,1,0,7,1,2,0,12,0,0,0,0,1,1,0,0,0,3,0,0,0,0,3,3,0,1,0,0,0,1,2,1,0,0,0,0,3,0,0,2,0,114,0,1,0,0,0,1,0,0,0,0,0,0,0,0,0,1,39,6,0,3,0,3,2,8,0,0,0,0,0,0,0,3,0,4,1,0,2,0,0,1,0,5,2,0,3,0,0,0,0,1,0,0,0,1,0,0,2,0,4,0,0,1,0,0,0,4,0,65,0,4,22,2,0,0,0,4,2,2,0,0,1,5,0,25,60,1,2,65,1,0,0,1,25,0,6,1,0,1,1,0,0,2,0,1,41,2,19,0,0,0,80,97,0,3,0,6,104,2,12,4,125,1,0,0,0,1,0,0,0,0,0,0,0,0,0,1,0,6,0,0,0,0,0,0,2,77,1,0,1,8,0,0,0,10,0,0,3,0,7,0,22,2,7,1,0,1,0,0,7,0,0,1,7,2,1,1,0,0,0,0,0,4,0,0,0,0,1,0,0,0,0,0,0,1,0,0,0,0,0,2,1,2,0,0,0,0,0,0,0,0,15,2,0,1,0,32,0,1,3,0,0,2,0,0,0,0,0,0,0,0,0,0,0,0,0,0,0,0,0,0,0,1,0,0,6,0,0,0,0,0,0,0,1,1,0,0,0,0,0,0,0,0,0,5,1,2,0,0,0,0,0,0,0,0,0,0,0,3,0,52,1,1,0,0,0,2,1,15,3,0,3,3,4,4,0,7,2,15,0,1,5,0,0,0,0,2,0,2,0,0,0,54,0,0,5,0,0,4,0,0,0,0,21,3,17,1,1,0,0,8,0,4,0,1,0,0,0,1,0,0,0,0,0,0,0,2,0,0,0,0,0,0,2,0,0,0,0,0,0,0,0,0,0,0,0,0,0,0,0,0,4,0
174,1163,COLEGIO ESTADUAL ROBERTO LANGER JUNIOR,"RUA ALBINO FREDERICO FOERSTER, 04",ALTO BOQUEIRAO,-25.529548,-49.2402975,64,0,5410,4284,325,168,0,15,7,12,74,4,3,0,1,4,75,0,2,1,23,0,0,0,6,3,0,11,0,0,0,0,0,1,0,0,0,0,1,37,0,0,0,1,0,0,0,0,19,6,66,0,331,1,0,4,0,0,0,0,2,1,5,1,20,0,5,2,0,1,0,0,2,0,89,0,1,1,0,38,0,0,0,6,0,2,0,0,0,0,2,0,0,0,0,51,0,5,0,0,0,0,0,0,1,0,0,0,0,0,34,0,0,0,0,0,0,0,0,0,0,2,0,0,6,11,0,3,26,0,3,38,0,15,1,3,4,39,0,60,55,40,16,3,0,1,1,2,54,0,0,0,1,2,0,26,1,0,1,1,0,5,1,0,0,12,1,1,5,0,1,19,0,1,0,2,1,0,1,1,0,0,0,0,0,2,0,1,0,13,69,0,0,0,0,0,2,0,0,119,1,0,8,7,0,0,0,4,0,0,9,0,4,0,1,0,19,0,0,0,0,0,0,0,1,3,0,0,0,0,0,1,7,0,2,1,0,0,0,0,0,0,0,0,0,0,0,0,0,0,77,0,0,0,0,1,8,0,0,0,0,0,0,0,0,0,1,54,9,0,6,0,21,7,8,0,0,0,0,0,0,0,1,0,6,0,0,6,0,0,1,0,9,1,6,2,0,0,0,0,0,1,0,3,0,0,0,3,2,11,0,0,1,0,0,1,27,0,70,2,3,26,6,0,0,0,4,6,0,1,0,2,2,1,37,81,1,0,72,0,3,0,0,45,0,3,0,0,0,6,1,0,4,0,1,36,0,24,1,0,1,38,95,1,0,3,8,160,0,4,1,254,1,0,0,0,1,0,0,0,0,0,0,0,2,0,0,0,9,1,0,0,0,0,0,2,83,0,2,0,24,0,0,0,9,0,0,1,7,15,0,17,1,17,9,2,3,0,0,16,1,2,4,25,4,4,0,2,0,0,0,0,7,0,0,0,0,1,0,0,0,0,0,6,0,0,0,0,0,0,0,0,0,1,0,0,0,0,0,0,0,15,0,2,0,1,46,0,0,4,0,0,8,0,0,1,2,1,0,0,0,0,0,2,0,3,0,0,7,1,0,0,2,0,0,2,0,0,0,0,0,0,0,0,0,0,0,0,0,2,1,0,0,1,5,1,1,0,2,1,0,0,0,0,0,0,6,0,4,0,121,0,0,2,0,0,1,2,18,3,2,6,5,2,1,0,6,4,19,1,1,14,1,0,0,1,4,1,1,0,1,0,51,1,1,7,2,0,1,0,0,0,0,50,2,14,15,4,3,0,11,2,6,0,1,0,0,0,1,0,0,0,0,0,0,1,0,0,0,0,0,0,0,2,0,1,0,0,0,0,0,1,0,0,0,0,0,0,0,0,0,4,0
174,1171,COLEGIO ERASTO GAERTNER,RUA PASTOR DAVID KOOP 189,BOQUEIRAO,-25.5083489,-49.252579,56,0,5136,4260,133,79,0,13,1,6,62,6,3,0,0,3,56,1,1,0,23,0,0,0,1,1,2,9,1,0,0,0,0,0,0,0,0,0,0,25,0,0,0,0,0,0,1,0,24,13,48,0,672,2,3,0,0,0,1,0,0,6,0,2,14,0,4,0,0,1,0,0,1,0,38,0,0,0,0,34,0,0,0,1,1,2,2,0,0,1,4,0,0,0,0,88,0,5,0,1,0,0,0,1,1,0,0,0,4,0,16,0,0,0,0,0,0,0,0,0,0,0,0,0,5,4,1,1,25,0,1,57,0,3,2,1,4,28,0,29,36,16,12,2,0,0,1,1,49,0,1,1,2,6,0,25,3,0,1,1,0,5,0,0,1,5,0,0,18,0,0,33,0,0,0,2,0,0,1,1,0,0,1,2,0,1,0,0,1,10,68,0,0,1,0,0,0,0,1,11,1,0,8,8,0,0,0,0,0,0,3,1,5,0,4,0,28,0,0,0,0,0,3,0,0,0,1,0,0,0,0,1,4,0,0,1,0,0,0,0,1,0,0,1,0,0,0,0,0,0,3,1,0,0,0,0,0,0,0,0,0,0,0,0,0,0,0,45,4,1,5,0,15,5,14,0,0,2,0,0,0,0,0,0,6,0,0,5,0,0,0,0,18,2,2,5,0,1,0,0,0,0,0,4,0,0,0,1,3,6,0,0,0,0,1,0,74,0,105,3,4,46,13,0,1,0,1,6,0,0,0,0,1,0,58,51,5,0,68,2,0,0,0,36,0,3,2,0,0,13,0,0,14,0,1,38,1,19,3,0,3,9,85,1,5,0,9,104,0,10,2,443,0,0,0,0,0,0,0,0,0,0,0,0,0,0,1,0,11,0,0,0,0,1,0,2,99,1,0,1,25,0,4,0,46,0,0,1,5,4,2,4,3,50,38,2,3,0,0,31,0,4,1,14,3,6,0,2,0,1,0,0,0,0,0,0,0,1,0,0,1,0,0,0,1,0,0,0,1,0,0,1,3,0,1,0,0,0,2,0,0,13,0,0,1,0,28,2,0,1,1,0,0,0,0,0,2,1,0,0,0,0,0,0,0,0,0,0,5,0,0,0,3,0,0,0,0,0,0,0,0,0,0,2,2,0,0,0,0,0,0,0,0,0,1,0,2,0,1,0,0,0,0,0,0,0,5,0,1,0,140,3,0,0,0,2,5,7,28,0,1,4,7,2,1,1,2,0,36,0,0,8,0,0,0,2,6,1,1,0,0,0,86,0,0,7,1,0,3,0,0,0,0,37,0,20,6,7,4,0,16,1,2,0,0,0,0,2,1,0,0,0,0,0,2,0,0,0,2,0,0,0,0,0,0,0,0,0,0,0,0,1,0,0,3,0,0,0,0,0,0,0,0
174,1180,COLÉGIO ESTADUAL EUZEBIO DA MOTTA,"RUA CLARA TEDESCO,  2773",BOQUEIRAO,-25.5032279,-49.2535823,56,0,4538,3730,202,103,0,14,2,9,60,10,5,0,0,4,55,1,3,2,14,0,1,0,3,2,2,11,0,0,0,0,0,1,0,0,1,0,0,31,4,0,0,0,0,0,0,0,22,7,55,1,424,0,3,0,0,0,0,0,0,1,4,2,18,0,2,0,0,2,0,0,0,2,54,0,2,0,0,49,0,1,0,11,0,0,3,1,1,0,0,0,0,0,0,69,0,6,0,2,0,0,0,1,1,1,0,0,1,0,16,0,0,1,0,0,0,0,0,0,0,0,0,0,3,10,1,0,38,3,0,38,0,4,1,1,5,23,0,49,28,51,3,5,1,0,0,0,47,0,2,0,0,2,0,10,1,0,2,0,0,5,0,0,0,4,0,1,10,0,0,29,0,0,0,2,0,0,0,1,0,1,3,0,0,0,0,0,0,12,89,0,0,2,0,0,0,0,0,3,2,1,12,11,1,0,0,0,0,0,5,1,9,0,2,0,24,1,0,0,0,0,0,0,1,4,1,0,0,0,0,2,4,0,2,0,0,0,0,0,1,0,0,4,0,0,0,0,2,0,7,0,2,0,0,1,2,0,0,0,0,0,0,0,1,0,0,60,6,2,2,1,6,9,10,0,1,2,0,0,0,0,1,0,5,0,0,1,0,0,0,0,12,0,0,1,0,1,0,0,1,1,0,5,0,0,0,1,1,9,0,0,0,0,0,0,14,0,79,2,2,35,11,0,0,0,6,20,1,0,0,0,1,0,52,68,4,1,73,3,2,0,2,40,0,2,2,0,0,9,1,0,6,2,2,25,0,23,0,1,3,8,85,3,3,0,2,125,0,7,4,244,1,1,0,0,1,0,0,0,1,0,0,0,0,0,0,0,9,0,0,0,0,0,0,5,93,0,0,0,11,0,0,0,11,0,0,8,2,9,1,11,1,22,9,1,2,0,0,11,0,3,0,11,3,4,2,1,1,2,0,0,7,0,0,0,1,1,0,0,2,0,1,0,0,0,0,0,0,1,1,1,0,0,0,1,0,1,3,1,0,18,1,0,2,1,37,0,0,3,1,0,3,0,0,0,1,0,0,0,0,0,0,0,0,0,0,0,0,0,1,1,0,0,0,0,0,0,0,0,1,0,0,1,0,0,0,0,0,0,0,0,0,0,6,0,0,0,5,0,0,0,0,0,0,0,2,0,0,0,111,5,0,0,0,1,9,3,27,3,0,3,9,4,3,0,1,0,25,0,2,3,0,0,0,0,0,0,1,0,1,0,73,0,1,2,0,0,8,0,0,0,0,23,1,16,12,3,5,0,12,3,2,1,0,0,0,1,0,0,0,2,0,0,0,0,0,0,0,0,0,0,0,1,0,2,0,0,0,0,0,0,0,0,1,0,0,0,0,0,0,1,0
174,1198,COLEGIO ADVENTISTA DO BOQUEIRAO,"RUA PROF CLETO DA SILVA, 2260",BOQUEIRAO,-25.488975,-49.2457005,56,0,4456,3525,160,94,0,10,0,8,47,7,1,0,0,5,48,0,0,0,29,1,0,1,4,2,6,9,0,1,0,0,0,0,0,0,0,0,0,37,5,0,0,1,0,2,0,0,12,9,52,0,345,0,3,3,0,0,0,0,2,1,1,0,18,0,4,0,0,0,0,0,1,0,36,0,3,0,0,17,0,0,0,9,0,0,3,0,0,2,4,0,1,0,1,78,0,8,0,3,5,0,0,1,3,0,0,0,2,1,9,0,0,1,1,0,0,0,0,0,0,1,0,0,8,3,0,1,15,2,0,30,0,9,3,2,2,31,0,50,33,41,11,3,1,0,0,0,35,0,0,0,2,3,0,26,0,0,6,3,2,1,0,0,1,2,1,0,11,0,2,37,0,1,0,0,1,0,1,2,0,1,0,0,0,0,0,2,0,12,71,0,0,0,0,0,0,0,0,3,0,1,6,4,0,0,0,1,0,0,2,0,3,0,2,0,6,0,1,0,1,0,0,2,0,2,0,0,1,0,0,1,9,0,6,0,0,1,0,0,26,0,0,0,0,0,0,0,1,1,2,0,0,0,0,1,1,0,0,0,0,0,0,0,0,0,0,48,8,0,1,0,6,17,6,1,1,0,1,0,0,0,0,0,5,0,0,6,3,2,0,0,24,0,0,3,0,0,0,0,0,1,0,3,0,0,0,0,0,18,0,0,1,3,0,0,19,0,95,0,1,50,5,0,1,0,16,7,1,0,0,0,3,0,43,47,9,0,77,7,0,1,3,30,0,5,0,0,1,9,4,0,15,0,4,32,1,18,1,0,0,12,59,1,1,0,1,95,1,9,6,262,2,1,0,0,2,0,0,0,0,0,0,0,0,0,0,0,9,0,0,0,0,0,0,1,63,3,0,0,28,0,0,0,16,0,0,5,5,2,0,7,3,27,30,0,0,0,0,32,0,1,2,10,2,2,0,0,0,0,0,0,3,0,0,0,0,0,0,0,0,0,0,0,0,0,0,0,0,0,1,0,0,0,0,0,5,0,0,0,0,10,1,0,0,2,32,0,0,0,0,0,2,0,0,0,1,0,0,0,0,0,0,0,0,0,0,0,3,0,1,0,0,1,2,6,0,0,0,0,0,0,0,0,0,1,0,0,0,0,0,0,0,0,1,0,2,0,0,0,0,0,0,1,1,0,4,0,2,0,120,0,0,1,3,0,34,4,14,1,0,6,3,4,0,1,4,2,21,0,1,10,0,0,0,2,2,0,1,0,1,0,64,0,0,8,1,3,5,0,1,0,0,30,0,12,13,7,4,0,12,2,4,0,0,0,0,0,0,0,0,0,0,0,0,0,0,0,0,0,0,0,0,5,0,0,0,0,0,0,0,0,0,0,0,0,0,0,0,1,0,3,0
174,1201,ESCOLA MUNICIPAL LEONOR CASTELLANO,"RUA MAESTRO CARLOS FRANK, 2114",BOQUEIRAO,-25.5211511,-49.2381588,56,0,3956,3248,155,106,0,19,1,13,51,9,1,0,1,1,55,0,1,0,25,0,2,1,1,3,3,9,0,0,0,0,0,3,0,0,0,0,0,34,0,0,0,0,0,0,0,0,20,5,80,0,398,7,2,0,0,0,3,0,1,1,1,0,12,0,2,0,0,0,0,0,1,0,28,1,0,0,0,24,0,0,0,3,0,3,1,0,0,0,5,0,0,0,0,85,0,5,0,2,0,0,0,2,2,0,0,0,2,0,21,0,0,0,0,0,0,0,0,0,0,1,0,0,1,5,0,1,19,1,0,36,0,9,3,0,5,19,0,29,30,25,13,4,1,1,0,1,53,1,2,0,0,4,0,18,0,1,2,1,0,0,1,1,2,6,0,1,7,0,3,23,0,0,1,0,0,0,0,0,0,1,0,2,0,0,0,0,0,8,43,0,0,0,0,1,0,0,0,15,1,0,10,3,0,0,2,1,0,0,5,0,1,0,0,0,25,0,0,2,0,0,0,0,1,2,1,0,1,0,0,5,4,0,0,0,0,0,0,0,1,0,1,0,0,0,0,0,0,0,16,0,0,0,0,0,1,0,0,0,0,0,1,0,0,0,0,37,4,0,0,0,3,10,14,0,0,0,0,0,0,0,0,0,5,0,0,0,0,0,1,0,16,0,1,3,0,0,0,0,0,0,0,2,0,0,0,0,0,9,0,0,1,0,0,0,17,0,93,2,2,30,3,1,0,0,3,3,0,0,0,0,6,0,35,67,2,0,37,0,0,2,1,22,0,3,0,0,0,5,0,0,3,0,2,22,1,28,1,1,0,16,65,0,1,0,4,100,0,7,2,203,0,0,0,0,0,0,0,0,0,0,0,0,0,0,0,0,4,0,0,0,0,0,0,4,75,0,0,1,22,3,0,0,11,0,0,1,3,6,3,14,2,17,14,1,4,0,1,16,0,1,2,6,0,6,0,0,1,1,0,1,3,0,0,0,1,0,1,0,0,0,0,0,0,0,0,0,1,0,2,0,1,0,0,1,0,0,1,1,0,11,0,0,0,0,37,4,0,2,0,0,2,0,0,0,0,2,0,0,0,0,0,1,0,0,0,0,3,0,0,0,7,0,0,1,0,1,0,0,0,0,0,0,0,0,0,0,0,0,0,0,0,0,2,0,0,0,0,0,0,0,0,1,0,0,1,0,0,0,94,0,0,1,2,0,6,1,19,5,0,1,3,4,3,0,3,0,31,1,0,10,0,0,0,1,2,3,0,0,0,0,70,3,0,8,1,1,7,0,0,0,0,28,1,7,6,3,4,0,5,0,2,0,1,0,0,0,0,0,0,2,1,0,0,0,0,0,0,0,0,0,1,6,0,0,1,0,0,0,0,0,0,0,0,0,0,0,0,0,0,1,0
174,1210,ESCOLA MUNICIPAL NIVALDO BRAGA,"RUA PROF JOAO SOARES BARCELOS,  3400",BOQUEIRAO,-25.4786874,-49.2395031,37,0,3253,2679,97,86,0,8,0,3,30,9,3,0,1,1,30,1,0,0,10,1,0,0,1,2,1,7,0,0,0,0,1,0,0,1,1,0,0,23,2,0,0,3,0,0,2,0,17,4,46,0,508,0,1,2,0,0,2,0,2,3,3,2,5,0,4,0,0,1,0,0,0,0,28,0,3,0,0,27,0,0,0,4,0,3,1,0,0,1,3,0,0,0,0,59,0,5,0,0,1,1,0,1,1,0,0,0,1,0,14,0,0,3,0,0,0,0,0,0,0,0,0,0,4,1,2,0,18,1,0,41,0,2,0,1,0,12,0,26,22,29,11,2,0,0,0,3,26,0,0,1,0,0,0,9,3,0,0,0,1,1,0,0,0,2,0,1,4,0,0,11,0,0,0,2,0,0,0,1,1,0,1,0,0,0,0,0,0,5,57,0,0,1,0,0,0,0,0,9,0,0,0,2,0,0,0,0,0,4,2,0,5,0,1,0,12,0,0,0,0,0,1,0,0,0,0,0,0,0,0,2,1,0,0,0,0,0,0,0,7,0,0,1,0,0,0,0,0,0,6,0,0,0,0,0,0,0,0,0,0,0,0,0,0,0,0,28,5,0,2,0,10,8,14,0,1,0,0,0,0,0,0,0,2,0,0,2,2,0,0,0,6,0,0,3,0,0,0,0,0,0,0,1,0,0,0,0,0,4,0,0,0,2,1,0,7,0,69,1,0,22,2,0,0,0,2,7,2,0,0,0,1,0,48,35,9,0,40,2,1,0,1,19,0,1,0,0,0,2,0,1,5,0,1,19,0,16,0,0,1,20,58,1,0,0,3,76,0,2,3,152,2,0,0,0,0,0,0,0,0,0,0,0,0,0,0,0,6,0,0,0,0,0,0,0,66,0,0,0,12,0,2,0,8,0,0,1,1,7,2,5,1,9,7,3,1,0,0,12,0,1,0,9,0,0,1,1,0,0,0,0,0,0,0,0,0,0,0,0,0,0,0,0,1,0,1,0,0,0,1,1,0,0,0,0,2,0,0,0,0,12,1,0,0,3,25,1,0,0,0,0,1,0,0,0,3,0,0,0,0,0,0,2,2,0,0,0,0,0,0,1,1,0,0,1,0,0,0,1,0,0,0,0,0,0,0,0,0,0,0,0,0,0,4,0,2,0,1,0,0,0,0,0,0,0,1,0,0,0,79,0,0,0,0,0,10,1,24,0,2,5,4,1,2,0,1,0,24,0,0,8,0,0,0,1,0,0,0,0,2,0,45,1,0,5,0,0,1,0,0,0,0,23,2,8,7,12,3,3,10,2,1,2,0,0,0,0,0,0,0,0,0,0,0,0,0,0,0,0,0,0,0,6,0,0,0,0,0,0,0,0,0,0,2,0,0,0,0,0,0,1,1
174,1228,COLÉGIO ESTADUAL POLIVALENTE DE CURITIBA,"RUA FREDERICO MAURER, 3302",BOQUEIRAO,-25.4983023,-49.2417549,56,0,3365,2729,118,78,0,9,1,11,36,7,1,0,2,0,33,1,3,0,8,0,0,2,1,0,1,7,0,0,1,0,2,2,0,1,0,0,0,23,0,0,0,0,0,0,0,0,20,3,44,0,405,0,1,2,0,0,0,0,0,0,0,1,6,0,7,0,0,1,0,0,0,0,37,0,0,0,0,22,0,0,0,11,0,1,0,0,0,2,0,0,0,0,0,79,0,2,0,1,0,0,0,0,1,0,0,1,0,0,17,0,1,0,0,0,0,0,0,1,0,0,1,0,4,2,3,1,20,2,3,31,0,2,0,2,5,9,0,40,26,25,11,4,0,0,1,0,24,0,1,0,1,3,0,24,3,2,2,0,0,1,3,0,0,2,1,1,6,0,0,24,1,0,0,0,0,0,0,0,0,0,0,2,2,1,0,0,0,4,48,0,0,2,0,0,0,0,0,2,1,0,3,4,0,0,0,4,0,3,3,0,4,0,0,0,6,0,0,0,0,0,0,0,0,2,0,0,0,0,0,2,2,0,1,0,0,0,0,0,6,0,0,2,0,0,0,0,2,0,3,0,0,0,0,0,0,0,0,0,0,0,0,0,0,0,0,28,7,0,8,0,7,5,3,0,0,0,0,0,0,0,0,0,2,0,0,10,2,1,1,0,12,0,3,0,0,0,0,0,1,0,0,4,0,0,0,0,0,7,0,0,1,0,0,0,16,0,42,5,1,28,2,1,0,0,2,7,0,0,1,0,2,0,43,39,5,0,57,1,2,0,1,30,0,3,1,0,0,5,0,0,9,0,8,18,0,15,1,0,0,3,58,0,0,0,0,74,1,11,5,161,2,2,0,0,0,0,0,0,0,0,0,0,0,0,0,0,5,0,0,0,0,0,0,3,65,2,0,1,17,0,0,0,9,1,0,3,3,9,1,7,1,11,7,1,1,0,0,15,0,0,1,1,2,0,0,0,0,1,0,0,2,0,0,0,0,0,0,0,1,0,0,0,0,0,0,0,0,0,2,0,0,0,0,0,4,0,0,0,0,12,0,0,0,0,26,2,0,0,0,0,4,0,0,0,2,0,0,0,0,0,0,0,2,0,0,0,2,0,0,0,2,0,0,1,0,0,0,2,0,0,0,0,0,0,0,0,0,1,0,0,0,0,7,1,1,0,1,0,0,0,0,0,0,0,2,0,0,0,87,0,0,0,1,0,4,7,17,0,0,3,3,8,4,0,1,6,22,0,0,5,0,0,0,4,0,0,0,0,2,0,42,0,0,3,4,0,5,1,2,0,0,22,0,11,12,9,0,0,9,1,1,0,0,0,0,2,0,0,0,0,0,0,0,2,0,0,0,0,0,0,0,2,0,0,0,0,0,0,0,0,0,0,0,0,0,0,0,0,0,3,2
174,1236,ESCOLA MUNICIPAL ROLANDIA,RUA DESEMBARGADOR ANTONIO DE PAULA 3451,BOQUEIRAO,-25.5169046,-49.2492765,56,0,3870,3156,174,103,0,9,1,9,29,4,0,0,1,2,47,1,0,2,14,0,0,1,0,3,2,11,0,3,0,0,0,3,1,0,0,0,0,17,2,1,0,1,0,1,1,0,21,4,50,0,338,0,1,1,0,0,0,0,0,1,2,2,15,0,1,0,0,0,0,0,0,0,45,0,3,0,0,26,0,0,0,5,0,2,4,0,0,2,2,0,0,0,0,81,0,5,0,1,0,0,0,0,0,0,0,0,1,0,35,0,0,0,0,0,1,0,0,0,0,0,0,0,6,3,2,0,23,0,1,20,0,11,0,0,5,15,0,28,27,44,7,3,0,0,0,2,51,0,3,0,2,1,0,15,1,0,4,0,0,4,0,0,0,4,0,0,5,0,0,14,0,0,0,0,0,0,0,1,0,0,0,1,1,0,0,0,0,3,61,0,0,2,0,0,0,0,0,17,2,0,1,1,0,0,0,2,3,0,3,1,5,0,2,0,32,0,0,1,0,0,0,1,0,3,2,0,0,0,0,0,3,0,1,0,0,0,0,0,0,2,0,0,0,0,0,0,0,0,8,0,0,0,0,0,0,0,0,0,0,0,0,0,0,0,0,25,10,0,0,0,19,10,9,0,0,0,0,0,0,0,0,0,3,0,0,5,0,0,0,1,14,0,0,1,0,0,0,0,1,0,0,3,0,0,0,0,1,4,0,1,0,0,0,0,44,0,78,1,2,30,4,0,2,0,5,3,1,0,0,0,2,1,52,54,8,1,71,1,0,0,0,27,0,3,0,0,0,7,0,0,3,0,1,33,0,27,0,0,0,7,62,0,2,0,0,95,2,5,6,199,1,0,0,0,0,0,0,0,1,0,0,0,0,0,0,0,5,0,0,1,0,0,0,1,76,3,0,0,18,0,1,0,7,0,0,3,7,9,0,8,1,15,13,1,2,0,0,13,0,0,0,3,1,2,0,0,1,0,0,0,1,0,2,0,0,0,1,0,1,0,1,0,0,0,0,0,3,0,0,0,0,0,0,1,0,0,1,0,0,4,0,0,1,0,35,0,1,6,0,0,0,0,0,0,0,0,0,0,0,0,0,2,0,0,0,0,2,2,0,0,3,0,1,3,0,0,0,0,0,0,0,0,4,0,0,0,0,0,0,0,0,2,6,0,0,0,1,0,0,0,0,0,0,0,2,0,1,0,92,0,0,1,3,0,3,4,10,9,0,3,5,3,5,0,1,0,35,0,0,10,0,0,0,2,1,3,1,0,0,0,90,1,0,4,0,2,2,0,0,0,0,27,4,15,3,4,5,4,10,3,2,0,0,0,1,0,0,0,0,0,0,0,0,0,0,0,0,0,0,0,1,3,0,0,0,0,0,0,0,0,0,0,1,0,0,0,0,1,0,2,2
174,1244,CEI PROFESSORA TEREZA MATSUMOTO,"RUA CHANCELER OSWALDO ARANHA, 965",HAUER,-25.4919799,-49.2616805,56,0,2472,2034,115,69,0,8,0,3,30,2,2,3,1,4,46,1,0,1,14,2,0,0,1,1,1,9,0,0,0,0,0,0,0,0,1,0,0,19,0,1,0,2,0,0,0,0,16,5,38,2,132,0,2,0,0,0,0,0,0,0,0,3,8,0,0,1,0,0,0,0,0,0,35,0,3,0,0,39,0,0,0,18,0,1,0,0,0,0,5,0,0,0,0,52,0,2,1,1,0,0,0,0,0,0,0,0,0,0,6,0,0,3,0,0,0,0,0,0,0,0,0,0,3,2,2,2,7,0,1,19,0,2,2,0,0,3,0,23,33,12,13,2,0,0,1,0,27,1,2,0,0,0,0,5,1,0,1,3,0,4,1,0,0,3,0,0,11,0,0,10,0,1,0,1,0,0,0,0,0,1,0,0,0,1,0,0,0,1,21,0,0,0,0,0,0,0,0,2,1,0,5,8,1,0,0,0,0,0,1,0,4,0,0,0,18,1,0,1,0,0,0,1,0,0,0,0,0,0,0,0,2,0,4,0,0,0,0,0,12,0,0,0,0,0,0,0,0,0,1,0,0,0,0,0,0,0,0,0,0,1,0,0,0,0,1,40,5,0,1,0,2,5,4,2,0,1,0,0,0,0,0,0,1,0,0,0,1,0,1,0,8,0,0,0,0,0,0,0,0,0,0,2,0,0,0,0,3,2,0,0,0,1,0,0,13,0,45,1,0,27,3,0,0,0,3,1,0,0,0,0,0,0,28,23,4,0,55,1,0,0,0,14,0,6,0,0,0,5,1,1,5,0,1,23,1,7,0,0,1,4,49,0,0,0,0,46,0,4,1,135,0,0,0,0,0,0,0,0,1,0,0,0,0,0,0,0,5,1,0,0,0,0,0,2,44,0,1,0,4,2,0,2,4,1,0,1,2,8,1,3,2,11,9,0,5,0,0,6,0,1,3,4,1,1,0,0,0,0,0,0,0,0,0,1,0,0,0,0,2,0,0,0,0,0,1,0,0,0,0,1,0,0,0,0,1,0,1,0,0,13,0,0,0,0,25,1,0,1,0,0,7,0,0,0,0,0,0,0,0,0,0,0,0,0,2,0,1,0,0,0,1,0,1,1,0,0,0,0,0,0,0,5,3,1,0,0,1,0,1,0,0,0,7,0,0,0,1,1,0,0,0,0,0,0,2,0,0,0,48,1,1,0,1,0,2,1,11,0,2,4,3,2,2,0,0,0,23,0,0,7,1,0,0,0,0,0,0,0,0,0,63,0,0,5,1,1,3,0,0,0,0,23,0,8,5,3,8,0,3,0,5,0,0,0,0,1,2,0,0,0,0,0,0,0,0,0,1,0,0,0,0,3,0,1,0,0,0,0,0,0,0,0,0,0,0,0,0,0,0,0,0
174,1252,CEEP CENTRO ESTADUAL DE EDUCAÇÃO PROFISSIONAL DE CURITIBA,R FREDERICO MAURER  3015,BOQUEIRAO,-25.495496,-49.242995,56,0,3433,2762,149,86,0,4,0,6,40,4,2,1,0,1,40,0,1,0,10,1,0,0,1,4,3,4,0,2,0,1,2,1,0,0,0,0,0,34,0,0,0,0,0,0,0,0,16,10,39,0,270,1,4,1,0,0,0,0,2,0,3,3,4,0,1,0,0,1,0,0,0,0,31,0,1,0,0,18,0,0,0,1,0,0,2,0,0,1,3,0,0,0,0,82,0,4,1,4,1,1,0,0,3,0,0,0,4,0,9,0,0,1,0,0,0,0,0,0,0,0,0,0,6,0,0,0,19,2,1,41,0,2,0,1,7,26,0,31,51,28,16,3,0,0,1,2,45,0,0,2,1,3,0,26,1,0,3,2,0,2,1,0,0,1,0,0,12,1,0,21,0,0,0,0,2,0,1,1,0,1,2,2,0,1,0,1,0,6,52,0,0,0,0,0,0,1,0,4,0,1,1,6,0,0,0,1,0,0,1,0,4,1,1,0,8,0,0,1,1,0,3,0,0,1,0,0,0,0,0,1,2,0,2,3,0,0,1,0,10,0,0,0,0,1,0,0,0,0,1,0,0,0,0,0,0,0,0,0,0,0,0,0,0,0,0,29,2,0,0,0,5,7,9,1,0,0,0,0,0,0,0,0,5,0,0,6,0,0,1,0,14,0,1,2,0,0,0,0,0,1,0,4,0,0,0,0,3,3,0,0,0,1,0,0,16,0,48,5,2,43,2,0,0,0,1,10,0,0,0,0,1,0,28,50,7,0,53,0,2,1,0,18,0,1,2,0,1,2,0,0,5,0,2,32,0,9,0,0,3,5,64,0,1,1,4,66,1,5,3,179,3,0,0,0,3,0,0,0,0,0,0,0,0,0,0,2,8,0,0,1,0,0,0,3,47,2,0,0,17,0,0,0,19,0,0,1,8,10,0,8,1,17,13,1,4,0,0,8,0,0,2,8,0,1,0,0,0,0,0,0,1,0,0,0,0,1,0,0,4,0,0,0,0,0,0,0,0,0,1,1,0,0,0,0,0,0,1,0,0,10,0,0,0,1,27,3,0,5,0,0,0,0,0,0,2,1,0,0,0,0,0,0,0,0,0,0,1,0,0,0,1,0,0,3,0,1,0,0,0,0,0,1,2,0,0,0,0,0,0,0,1,0,2,1,0,0,0,0,0,0,0,0,0,1,3,0,1,0,129,2,0,2,0,1,1,0,6,3,0,4,3,2,7,0,2,1,14,0,0,8,0,0,0,0,5,0,0,0,0,0,51,3,0,4,3,0,3,1,0,0,0,21,0,7,7,6,2,3,12,1,3,0,0,0,0,0,0,0,0,0,0,0,0,0,0,0,0,0,0,0,0,5,0,3,0,0,0,0,0,1,1,0,0,0,0,0,0,0,0,3,0
174,1260,ESCOLA MUNICIPAL PROF CARMEN SALOMAO TEIXEIRA,RUA PEDRINA ACCORDES COSTA  200,GANCHINHO,-25.5722117,-49.2597333,72,0,1734,1278,129,38,0,7,0,2,19,4,1,0,0,3,23,1,1,0,10,0,0,0,1,0,1,3,0,1,0,0,0,0,0,0,0,0,0,10,0,0,0,0,0,0,0,0,8,3,20,0,35,0,3,0,0,0,0,0,0,0,0,1,5,0,1,0,0,0,0,0,0,0,10,0,1,0,0,33,0,0,0,1,0,0,0,0,1,0,0,1,0,0,0,17,0,2,0,1,0,0,0,0,0,0,0,0,1,0,65,0,0,0,0,0,0,0,0,0,0,0,0,2,4,6,0,1,6,0,0,7,0,1,0,0,0,7,0,7,6,19,3,1,0,0,0,1,21,0,0,1,0,0,0,8,0,0,0,0,0,2,0,0,0,0,0,0,3,0,0,8,0,0,0,1,0,0,0,0,0,0,0,0,0,0,0,0,0,1,17,0,0,0,0,0,0,0,0,3,1,0,4,4,0,0,0,0,0,0,0,0,5,0,3,0,0,0,0,0,0,0,0,0,1,1,0,0,0,0,0,1,0,0,0,0,0,0,0,0,0,0,0,0,0,1,3,0,0,0,1,0,0,0,0,0,0,0,0,0,0,0,0,0,0,0,0,19,0,0,1,0,0,3,0,0,1,0,1,0,0,0,0,0,1,0,0,1,0,0,0,0,6,0,1,0,0,0,0,0,0,2,0,2,0,0,0,2,0,0,0,0,0,0,0,0,0,0,24,1,0,17,2,0,0,0,0,3,0,0,0,0,2,0,16,25,1,0,21,0,0,1,2,12,0,2,0,0,0,1,0,0,0,0,0,15,0,8,0,0,1,51,28,0,1,0,0,62,1,0,0,73,1,0,0,0,0,0,0,0,6,0,0,0,0,0,0,0,6,0,0,0,0,0,0,0,24,0,1,1,5,0,1,0,0,0,0,0,0,2,0,2,0,5,4,0,2,0,0,0,0,5,1,2,0,2,0,0,0,1,0,0,1,0,0,0,0,1,0,0,0,0,0,0,0,0,0,0,0,0,0,0,2,0,0,0,0,0,0,0,1,7,0,0,0,0,12,0,0,1,0,0,0,0,0,0,1,1,0,1,0,0,0,0,0,0,0,0,0,0,0,0,0,0,0,6,0,0,0,0,0,0,0,0,0,0,0,0,0,0,0,0,0,0,2,0,3,0,0,0,0,1,0,0,0,0,0,0,4,0,25,0,0,0,0,0,0,0,5,0,0,0,2,4,3,0,5,1,20,1,0,1,0,0,0,0,0,0,0,0,0,0,32,0,1,3,0,1,5,0,0,0,0,7,1,4,2,0,3,0,1,1,0,0,0,0,0,0,0,0,0,0,0,0,0,0,0,0,0,0,0,0,0,0,0,0,0,1,0,0,0,0,0,0,0,0,0,0,0,0,0,0,0
174,1279,ESCOLA SEBASTIAO PARANA,"RUA MAJOR FABRICIANO REGO BARROS, 1152",HAUER,-25.4762437,-49.2560063,38,0,1413,1188,50,34,0,3,1,2,16,1,0,0,0,1,20,0,0,0,16,0,0,0,1,0,0,4,0,0,0,0,0,0,0,0,0,0,0,10,0,0,0,0,0,2,0,0,7,5,35,1,157,0,2,0,0,0,0,0,3,0,0,2,1,0,0,1,0,0,0,0,0,0,25,0,2,0,0,8,0,0,0,11,2,3,0,0,0,0,0,0,0,0,0,20,0,0,0,4,0,0,0,0,0,0,0,0,2,0,1,0,0,0,0,0,0,0,0,0,0,0,0,0,2,3,0,0,4,0,1,17,0,0,0,2,0,13,0,17,15,7,4,0,0,0,1,0,16,0,1,0,0,0,0,5,0,0,1,0,0,3,1,0,0,1,1,0,3,0,0,7,0,0,0,3,0,0,0,1,0,0,0,0,0,0,0,0,0,2,21,0,0,0,0,0,0,0,0,0,0,0,0,8,0,0,0,0,0,0,1,0,2,0,0,0,2,0,0,0,0,0,0,1,0,1,0,0,0,0,0,0,2,0,0,0,0,0,0,0,1,0,0,0,0,0,0,0,0,0,0,0,0,0,0,0,0,0,0,0,0,0,0,0,0,0,0,10,1,0,2,0,0,4,1,0,0,0,2,0,0,0,0,0,1,0,0,3,0,0,0,0,5,0,0,2,0,0,0,0,0,0,0,1,0,0,0,0,0,3,0,0,0,0,0,0,10,0,25,1,0,11,0,0,0,0,1,4,0,0,0,0,0,0,17,17,6,0,16,0,0,0,1,9,0,2,0,0,0,0,0,0,5,0,0,6,0,10,1,0,0,1,17,0,0,0,0,35,0,1,3,66,0,2,0,0,0,0,0,0,0,0,0,0,0,0,0,0,0,2,0,0,0,0,0,0,38,0,1,0,11,0,0,0,3,0,0,0,4,3,1,0,3,15,8,0,0,0,0,10,0,0,0,3,1,0,0,0,0,0,0,0,0,0,0,0,0,0,0,0,4,0,0,0,0,0,0,0,0,0,0,0,0,0,0,0,1,0,0,0,0,9,0,0,0,0,16,0,0,0,0,0,1,0,0,0,0,0,0,0,0,0,0,0,0,0,0,0,0,0,0,0,0,0,0,1,0,0,0,0,0,0,0,0,0,0,0,0,0,0,0,0,0,0,4,0,0,0,0,0,0,0,0,0,0,0,2,0,0,0,29,0,0,0,0,0,4,0,7,1,1,3,0,2,0,0,0,0,6,0,0,3,0,0,0,0,5,1,1,0,1,0,25,1,0,4,0,0,3,0,0,0,0,5,1,7,5,0,2,0,3,1,0,0,0,0,0,0,0,0,0,0,0,0,0,0,0,0,0,0,0,0,0,0,0,0,0,0,0,0,0,0,0,0,0,0,0,0,0,0,0,1,0
174,1287,COLEGIO ESTADUAL SEGISMUNDO FALARZ,"RUA ISAIAS REGIS DE MIRANDA, 848",HAUER,-25.4805787,-49.2539181,38,0,3644,2964,138,98,0,9,1,6,55,4,3,0,2,3,56,0,0,1,6,1,0,0,2,1,2,14,0,1,0,0,0,0,0,1,0,0,0,34,7,0,0,0,0,0,0,0,7,4,57,0,378,4,0,1,0,0,0,0,2,1,2,3,15,0,4,0,0,0,0,0,0,0,58,0,0,0,0,22,0,0,0,5,2,2,1,1,0,0,2,0,1,1,0,77,0,4,0,1,0,1,1,0,0,0,0,0,2,0,5,0,0,0,0,0,0,0,0,0,0,1,0,0,3,10,0,0,12,0,1,33,0,7,0,0,2,13,0,36,31,23,11,4,0,0,1,0,41,1,4,1,1,1,0,20,3,0,3,0,0,5,2,0,1,7,1,0,8,0,0,23,0,3,0,0,0,0,0,2,0,2,3,0,0,0,0,0,0,3,62,0,0,0,0,0,0,0,0,5,0,2,9,8,0,0,0,0,1,1,3,0,9,0,1,0,15,0,0,0,0,0,0,0,0,0,0,0,0,0,0,0,3,0,1,0,0,0,0,0,22,0,0,0,0,0,0,0,2,0,7,0,0,0,0,0,0,0,0,0,1,0,0,0,0,0,0,45,14,0,0,1,6,8,2,1,0,1,0,0,0,0,0,0,0,0,0,1,0,1,1,0,15,0,0,1,0,0,0,0,0,0,0,2,0,0,1,0,1,7,0,0,0,0,0,0,18,0,56,3,2,37,3,0,3,1,1,7,0,0,0,0,3,2,47,54,11,0,43,2,0,0,0,28,0,5,2,0,0,3,0,0,11,1,7,13,0,25,0,2,1,3,60,0,2,0,3,97,0,1,3,156,3,0,0,0,1,0,0,0,0,0,0,1,0,0,0,0,4,1,0,0,0,0,0,2,77,0,0,0,16,0,2,0,4,0,0,2,1,2,0,3,2,9,8,0,8,0,0,21,0,2,0,0,1,4,0,1,0,1,0,0,1,0,0,1,0,0,0,0,1,0,1,0,0,0,0,0,0,0,0,0,0,0,0,0,0,0,0,0,0,14,0,0,0,0,38,0,0,4,0,0,3,0,0,0,1,0,0,0,0,0,0,0,0,0,0,0,1,0,0,0,4,0,0,3,0,0,0,0,0,0,0,0,0,0,0,0,0,1,0,1,0,0,5,1,0,0,0,0,0,0,0,0,0,0,4,0,1,0,85,0,0,1,0,0,6,1,16,4,2,5,2,6,6,0,2,3,15,0,0,0,0,0,0,1,3,0,2,0,2,0,64,0,0,7,8,0,2,1,0,0,0,17,0,4,3,2,2,0,8,0,6,0,0,0,0,0,0,0,0,1,0,0,0,1,0,0,0,0,0,0,1,3,1,0,0,0,0,0,0,0,0,0,0,0,0,0,0,1,0,1,0
174,1295,ESCOLA MUNICIPAL PROFESSOR GUILHERME BUTLER,RUA IRMA FLAVIA BORLET 1189,HAUER,-25.4895641,-49.2575593,56,0,1560,1287,48,51,0,5,1,4,13,2,2,0,1,5,13,0,1,0,12,2,0,0,1,1,0,2,0,1,0,0,0,0,0,0,0,0,0,18,1,0,0,0,0,0,1,0,9,1,18,0,122,2,1,2,0,0,1,0,1,0,0,0,3,0,3,0,0,2,0,0,0,0,24,0,0,0,0,13,0,0,0,1,2,0,4,0,1,3,2,0,0,0,0,29,0,2,0,2,0,0,0,0,0,0,0,0,2,0,3,0,0,0,0,0,0,0,0,0,0,2,0,0,7,0,0,2,7,0,1,20,0,3,0,0,2,5,0,9,15,5,8,0,0,0,0,0,14,0,0,1,0,1,0,9,0,0,0,0,0,9,0,0,0,2,3,0,5,0,0,9,0,0,0,0,0,0,0,0,0,0,0,0,0,0,0,0,0,1,28,0,0,1,0,0,1,0,0,1,1,1,4,4,0,0,0,0,0,1,2,1,2,0,0,0,10,0,0,0,0,0,0,0,0,0,0,0,0,0,0,1,2,0,1,0,0,0,0,0,22,0,0,0,0,0,0,0,0,0,0,0,0,0,0,0,3,0,0,0,0,0,0,0,0,0,0,26,0,0,2,0,1,2,2,0,0,1,0,0,0,0,0,0,2,0,0,2,0,0,0,2,9,0,0,0,0,0,0,0,0,0,0,1,0,0,0,0,0,1,0,0,0,0,0,0,3,0,18,0,0,21,1,0,0,0,0,4,0,0,0,0,2,0,14,30,8,0,24,1,1,0,0,7,0,2,0,0,0,2,2,0,6,0,1,15,0,9,0,0,0,4,26,0,0,0,3,28,0,1,3,74,0,0,0,0,0,0,0,0,0,0,0,0,0,0,0,0,3,0,0,0,0,0,0,2,25,0,0,0,5,0,0,0,7,0,0,1,2,4,1,2,0,10,11,1,0,0,0,6,0,0,1,8,1,2,0,0,0,0,0,0,0,0,0,0,0,1,0,0,0,0,0,0,0,0,0,0,0,0,0,1,0,0,0,0,0,0,1,0,0,5,0,0,0,0,15,0,0,0,0,0,2,0,0,0,0,0,0,0,0,0,0,0,0,0,0,0,0,0,0,0,1,0,0,1,0,0,0,0,0,0,0,0,2,0,0,0,0,0,0,0,0,0,2,1,0,0,0,0,0,0,0,1,0,0,4,0,0,0,37,0,0,2,0,0,6,1,11,0,0,0,3,2,1,0,0,1,6,0,0,1,0,0,0,0,0,2,0,0,1,0,24,0,0,5,0,0,0,0,0,0,0,5,0,2,5,6,0,0,4,0,0,0,0,0,0,0,0,0,0,0,0,0,0,0,0,0,0,0,0,0,0,2,0,4,0,0,0,0,0,0,0,0,0,0,0,0,0,0,0,2,0
174,1309,COLÉGIO ESTADUAL MILTON CARNEIRO,"RUA NELSO JOSÉ LAUTHART, 301",ALTO BOQUEIRAO,-25.5370061,-49.2381601,64,0,4398,3445,327,154,0,7,2,7,44,6,1,0,3,2,60,1,1,0,13,0,0,0,5,3,1,13,0,0,3,0,0,0,0,0,0,0,0,34,3,1,0,3,0,2,0,0,18,16,42,0,134,0,6,4,0,0,0,0,1,0,1,1,9,0,5,0,0,0,0,0,0,0,61,0,3,0,0,22,0,0,0,7,0,0,1,0,0,0,1,0,0,0,0,42,0,5,0,2,0,1,0,2,0,0,0,2,2,0,56,1,0,0,0,0,0,0,0,0,0,0,0,0,11,5,0,1,20,0,0,28,0,5,2,1,2,23,0,33,24,27,6,2,0,0,1,3,70,0,1,0,1,6,0,11,0,0,0,1,1,2,1,0,1,15,0,0,11,0,0,11,0,0,0,1,0,0,0,2,0,0,2,2,0,0,0,0,0,2,64,0,0,0,0,0,0,0,0,124,0,0,5,0,0,0,0,0,0,0,3,0,3,2,2,0,16,0,0,0,0,0,2,0,0,0,0,0,0,0,0,2,5,0,1,0,0,0,0,0,2,0,0,0,0,0,0,0,0,0,129,0,0,0,0,2,1,0,0,0,0,0,1,0,0,0,0,51,3,0,8,0,3,3,6,0,1,0,0,0,0,0,0,0,2,0,0,3,0,0,0,0,9,1,5,2,0,0,0,0,0,0,3,4,0,0,0,0,1,9,0,0,1,1,0,1,8,0,66,2,1,23,2,0,0,0,1,4,1,0,0,0,2,2,44,78,4,0,71,2,0,0,3,35,0,2,1,0,0,4,0,1,1,1,2,37,0,21,0,0,1,86,82,2,3,1,2,171,1,8,4,197,0,0,0,0,0,0,0,0,0,0,0,0,0,0,0,0,9,0,0,0,0,0,0,2,48,0,0,0,5,0,0,0,2,0,0,2,1,11,0,10,2,4,7,1,2,0,0,7,0,0,2,19,2,1,0,0,0,0,0,0,0,0,0,0,0,1,3,0,0,0,0,2,0,0,0,0,4,0,3,0,0,0,0,0,0,0,0,0,0,19,0,0,9,1,28,0,0,2,0,0,5,0,0,0,2,2,0,1,0,0,0,1,0,0,0,0,6,0,1,0,1,0,0,5,0,0,0,0,1,0,0,0,0,1,0,0,0,0,1,0,0,0,6,0,2,0,0,0,0,0,0,0,1,0,2,0,0,0,63,1,0,0,0,0,2,0,2,2,0,1,7,3,1,0,15,1,25,0,0,8,0,0,2,1,0,0,1,0,1,0,42,1,0,7,1,0,3,0,0,0,0,24,3,19,5,2,5,0,8,1,0,0,0,0,0,0,3,0,0,0,0,0,0,0,0,0,1,0,0,0,0,2,0,0,0,0,0,0,0,0,0,0,0,0,0,0,0,0,0,1,0
174,1317,CEI PROFESSORA MARIA AUGUSTA JOUVE,"RUA PASTOR ANTONIO POLITO, 1145",ALTO BOQUEIRAO,-25.5239983,-49.2338217,64,0,3935,3076,218,122,0,13,1,8,54,11,5,0,0,9,40,0,0,2,17,0,0,0,2,0,2,6,0,0,0,1,0,1,0,0,0,0,0,55,2,0,0,0,0,0,1,0,15,3,36,0,223,0,2,1,0,0,1,0,0,5,4,2,17,0,1,0,0,0,0,0,1,0,35,0,0,0,0,33,0,0,0,0,2,0,0,0,0,3,3,0,0,0,0,83,0,3,3,1,0,0,0,0,1,0,0,0,4,0,23,0,0,0,0,0,0,0,0,0,0,0,0,0,2,6,0,3,28,0,4,39,0,13,2,3,6,18,0,48,39,30,8,1,0,0,0,1,57,1,2,0,1,8,0,22,0,0,0,2,0,4,0,0,1,9,0,1,10,0,0,10,0,0,0,0,0,0,1,1,0,0,3,1,0,0,0,0,1,3,57,0,0,1,0,0,0,0,0,43,3,0,9,0,0,0,0,4,0,0,1,0,2,1,4,0,11,0,0,0,0,0,0,0,0,1,2,0,1,0,0,0,3,0,0,0,0,0,0,0,2,0,0,1,0,0,0,0,0,0,9,0,0,0,0,0,2,0,1,0,0,0,0,0,0,0,0,39,3,0,5,0,10,3,11,0,0,0,0,0,0,0,0,0,6,0,0,5,0,0,0,0,5,0,0,2,2,0,0,0,0,0,0,6,0,0,0,0,0,5,0,0,0,1,0,0,15,0,44,4,1,23,4,0,0,1,5,4,2,1,0,0,1,4,29,53,5,0,49,0,0,0,0,29,4,0,0,0,0,6,1,0,2,0,4,19,0,10,2,0,0,26,75,0,2,0,6,148,0,10,3,151,2,0,0,0,0,0,0,0,0,0,0,0,0,0,0,0,7,0,0,0,0,0,0,3,76,0,0,0,22,0,0,0,8,0,0,2,7,5,0,10,2,9,8,0,5,3,1,8,0,1,2,14,1,2,0,0,0,0,0,0,3,0,1,0,0,0,0,0,0,0,0,0,0,0,0,0,2,0,1,1,0,0,0,0,0,0,2,1,0,14,0,2,1,0,24,2,0,1,0,0,2,0,0,0,1,0,0,0,0,0,0,0,0,1,1,0,4,0,0,0,2,0,1,4,0,0,0,0,0,0,1,0,0,0,0,0,0,0,0,0,0,0,4,1,0,0,3,3,0,0,0,0,0,0,3,0,0,0,90,2,0,0,0,0,4,1,15,0,0,5,3,2,4,0,8,1,11,0,0,9,1,0,1,1,3,0,0,0,0,0,62,1,0,10,0,0,2,0,0,0,0,32,3,8,9,3,6,3,9,0,4,0,0,0,0,0,0,1,0,1,0,0,0,0,0,0,2,0,2,0,0,1,0,0,0,0,0,0,0,0,0,0,0,0,0,0,0,1,1,2,0
174,1333,COLEGIO ESTADUAL SANTO AGOSTINHO,"RUA CASCAVEL, 1610",BOQUEIRAO,-25.5147875,-49.2462816,56,0,3789,3120,187,104,0,10,1,6,42,3,2,0,1,3,39,0,3,0,9,1,0,0,0,0,1,3,0,0,1,0,2,1,0,0,0,0,0,28,2,0,0,2,0,0,2,0,18,5,48,0,320,0,1,3,0,0,1,0,0,0,3,0,9,0,10,0,0,0,0,0,0,0,40,0,0,0,0,21,0,0,0,4,0,1,0,0,0,1,2,0,0,0,0,97,0,9,0,1,0,0,0,0,0,0,0,0,2,0,26,0,0,1,0,0,0,0,0,0,0,0,0,0,2,9,0,0,36,1,2,56,0,3,3,1,5,18,0,28,42,31,10,4,0,0,1,1,50,0,1,0,0,2,1,15,1,0,0,1,0,0,1,0,0,8,2,1,5,0,0,28,0,0,0,2,0,0,1,0,0,3,0,0,0,1,0,0,0,5,52,0,0,1,0,0,0,0,0,14,0,0,3,5,0,0,0,1,0,0,1,0,2,1,2,0,28,0,0,0,0,0,3,0,0,0,1,0,0,0,0,1,2,0,5,1,0,0,0,0,0,0,0,0,0,0,0,0,2,0,8,0,0,0,0,0,0,0,0,0,0,0,0,0,0,0,0,26,7,0,4,0,9,8,5,0,1,0,0,0,0,1,0,0,6,0,0,5,1,1,0,0,12,1,0,3,0,0,0,0,0,1,0,4,0,0,0,0,1,3,0,0,0,2,0,0,42,0,79,2,2,37,6,0,1,0,4,7,0,1,0,0,3,1,44,51,9,0,50,0,1,0,1,34,0,2,0,0,0,8,2,0,1,0,2,33,0,20,1,0,3,12,51,2,0,0,4,121,0,10,2,180,4,1,0,0,0,0,0,0,0,0,0,0,0,0,0,0,2,0,0,0,0,0,0,0,76,0,0,0,18,0,1,0,10,0,0,5,7,11,1,8,1,21,12,0,6,0,0,8,0,2,1,9,3,3,0,0,0,0,0,0,0,0,1,0,2,0,1,0,1,0,0,0,0,0,1,0,7,0,0,0,0,0,0,0,0,0,0,0,0,14,0,0,0,0,20,5,0,5,0,1,0,0,0,0,0,0,0,0,0,0,0,0,1,0,0,0,0,0,0,0,4,0,1,0,0,0,0,0,0,0,0,0,0,0,0,0,0,0,0,0,0,1,4,0,0,0,1,0,0,0,0,0,0,0,4,0,0,0,76,2,0,2,0,0,2,2,15,5,0,5,6,4,4,0,7,2,26,1,0,7,0,0,1,2,4,3,0,0,1,0,50,0,0,3,1,1,5,0,0,0,2,28,2,10,5,2,4,0,7,1,6,0,0,0,0,0,0,0,0,2,0,0,0,0,1,0,2,0,0,0,0,2,0,0,0,0,0,0,0,0,0,0,0,0,0,1,0,0,0,4,0
174,1341,COLÉGIO NOSSA SENHORA DA ASSUNCAO,"RUA DR. ALCIDES VIEIRA ARCOVERDE, 620",GUABIROTUBA,-25.4606924,-49.2416397,23,0,4360,3691,123,97,0,10,1,11,53,9,2,0,1,0,48,0,0,0,43,0,1,0,2,1,3,18,2,2,0,0,0,0,0,0,0,0,1,29,0,0,0,1,0,2,0,0,2,6,83,0,173,0,3,4,0,0,4,0,5,2,9,5,14,0,2,0,0,2,0,0,0,2,22,0,0,0,0,36,0,0,0,5,1,3,0,0,0,0,7,0,0,0,1,153,0,7,0,5,0,0,0,2,0,0,0,0,3,0,13,2,0,3,0,0,0,0,0,0,0,1,0,0,5,3,0,3,21,0,2,65,0,12,1,3,0,18,2,57,37,43,16,4,0,0,0,0,44,0,1,1,0,1,1,33,0,3,1,0,0,0,0,0,0,1,4,2,13,0,0,26,0,0,0,3,0,2,0,1,0,1,0,2,0,0,0,0,0,10,82,0,1,1,0,1,1,1,0,0,3,0,2,6,0,0,0,1,0,0,1,0,6,1,1,0,5,0,0,0,1,0,2,0,0,0,0,0,1,0,0,0,4,0,1,0,0,0,0,0,0,0,0,0,0,0,0,0,0,0,1,0,0,0,0,0,0,1,0,0,0,0,0,0,0,0,0,59,9,0,0,0,0,15,6,0,0,0,0,0,0,0,0,0,2,0,0,3,0,1,0,1,16,0,0,3,0,0,0,0,0,4,0,4,1,0,0,0,1,5,0,0,0,0,0,0,2,0,92,3,3,52,4,0,1,0,5,6,0,0,0,2,7,2,58,47,19,0,50,1,3,0,4,27,1,6,0,2,4,11,2,0,10,0,1,14,0,21,0,2,3,1,26,0,0,2,18,88,2,9,3,246,1,0,0,0,0,0,0,0,0,0,0,0,3,0,0,0,22,0,0,2,0,0,0,8,100,2,0,0,31,0,6,0,16,0,0,2,6,7,3,3,5,47,25,2,2,0,4,32,1,2,5,5,2,3,1,0,0,7,0,0,3,0,0,0,11,0,0,0,11,0,0,0,1,0,0,0,0,0,0,2,0,0,0,0,1,1,2,1,0,36,1,0,0,3,35,2,0,2,0,0,1,0,0,0,0,0,0,0,0,0,0,0,1,0,0,0,0,3,0,0,3,0,0,2,0,0,0,0,0,0,0,2,0,0,0,0,0,0,0,0,0,2,11,0,0,0,0,0,0,0,0,0,0,0,10,1,0,0,123,0,0,3,1,0,26,5,112,1,3,6,9,6,1,4,3,0,32,0,0,5,0,0,0,1,5,1,1,0,3,2,102,3,0,11,3,1,15,0,0,0,0,25,3,12,22,13,2,0,4,0,1,0,0,0,0,1,1,0,0,1,0,0,1,0,0,0,0,0,0,0,0,15,0,0,0,0,0,0,0,0,0,0,0,0,0,0,0,0,0,2,1
174,1350,CMEI CONJUNTO ARAUCARIA,"RUA ROBERTO BARBOSA DE ALMEIDA, 152",ALTO BOQUEIRAO,-25.5278154,-49.253522,64,0,1090,916,45,29,0,4,0,1,13,3,1,0,0,3,19,0,0,0,6,0,0,0,0,1,0,3,0,0,1,0,0,1,0,0,0,0,0,14,0,0,0,0,0,0,1,0,1,2,18,0,64,0,1,1,0,0,0,0,0,0,0,0,2,0,1,0,0,0,0,0,0,0,20,0,0,0,0,11,0,0,0,6,0,0,0,0,0,0,0,0,0,0,0,7,0,1,1,1,0,0,0,0,0,0,0,0,1,2,9,1,0,0,0,0,0,0,0,0,0,1,0,0,1,5,0,1,7,0,0,14,0,6,0,0,0,3,0,7,2,7,3,0,0,0,0,0,12,0,1,0,0,0,0,5,0,0,0,0,0,1,0,0,0,1,0,0,0,0,0,1,0,0,0,0,0,0,0,0,0,0,0,0,0,0,0,0,0,1,21,0,0,0,0,0,0,0,0,31,0,1,1,0,0,0,0,1,0,0,0,0,0,0,0,0,4,0,0,0,0,0,0,0,1,1,0,0,0,0,0,2,3,1,0,0,0,0,0,0,0,0,0,0,0,0,0,0,0,0,17,0,0,0,0,0,0,0,0,0,0,0,0,0,0,0,0,14,1,2,0,0,1,2,4,0,0,0,0,0,0,0,0,0,2,0,0,2,0,0,2,0,0,0,0,2,0,0,0,0,0,0,0,0,0,0,0,0,0,1,0,0,0,0,0,0,6,0,25,0,1,9,0,0,0,0,1,0,0,0,0,0,0,0,11,16,2,1,19,1,0,0,0,6,1,1,0,0,0,1,0,0,1,0,0,9,0,7,0,0,0,14,28,0,1,0,1,44,0,1,0,62,0,0,0,0,1,1,0,0,0,0,0,0,0,0,0,0,0,0,0,0,0,0,0,0,9,1,1,1,3,0,0,0,3,0,0,3,0,0,0,1,0,4,3,0,0,0,0,0,0,0,0,3,0,2,0,0,0,0,0,0,5,0,0,0,0,0,0,0,0,0,0,0,0,0,0,0,0,0,0,0,0,0,0,0,0,0,0,0,0,5,1,0,0,0,5,0,0,4,0,0,0,0,0,0,0,0,0,1,0,0,0,0,0,0,2,0,1,0,0,0,4,0,0,3,0,0,0,0,0,0,1,0,0,0,0,0,0,0,0,0,0,0,1,0,0,0,2,0,0,0,0,0,0,0,3,0,0,0,12,0,0,0,0,0,2,0,5,1,2,1,1,0,0,0,0,0,4,0,0,2,0,0,0,0,4,0,0,0,0,0,17,0,1,1,0,0,0,0,0,0,0,12,3,2,2,0,0,1,2,0,1,0,0,0,0,0,1,0,0,0,0,0,0,0,3,0,0,0,0,0,0,0,0,0,0,0,0,0,0,0,0,0,0,1,0,0,0,0,0,1,0
174,1368,CENTRO DE EDUCACAO INFANTIL COLMEIA'S,"RUA JULIO CESAR RIBEIRO DE SOUZA, 1332",HAUER,-25.4822147,-49.2535334,38,0,1797,1438,56,45,0,2,0,3,30,2,2,0,0,2,28,1,1,0,5,1,0,1,0,0,3,12,0,0,0,0,1,0,0,0,1,0,0,10,0,0,0,0,0,1,0,0,14,1,22,2,136,2,0,0,0,0,0,0,1,0,1,2,3,0,6,0,0,0,0,0,1,0,19,0,0,0,0,14,0,1,0,1,0,0,2,0,0,0,2,0,0,0,0,53,0,1,0,2,0,0,0,1,1,0,0,1,2,0,5,0,0,0,0,0,0,0,0,0,0,0,0,0,5,3,0,2,5,0,0,22,0,0,0,0,1,5,0,29,25,15,13,0,0,1,0,1,11,0,1,1,0,2,0,4,0,0,1,1,0,6,0,0,0,1,0,0,4,0,0,8,0,0,0,1,0,0,1,0,0,0,0,0,0,0,0,0,0,3,30,0,0,0,0,0,0,0,0,2,0,0,4,7,0,0,0,1,1,1,4,0,1,0,1,0,5,0,0,0,0,0,0,1,0,0,0,0,0,0,0,1,2,0,0,0,0,0,1,0,5,0,0,0,0,0,0,0,0,0,1,0,0,0,0,0,0,0,2,2,0,0,0,0,0,0,0,20,2,0,1,0,5,9,5,0,0,0,0,0,0,0,0,0,1,0,0,3,0,0,1,0,14,0,0,4,0,0,0,0,1,0,0,0,0,0,0,0,0,2,0,0,0,0,0,0,4,0,18,2,0,19,1,0,0,0,0,1,0,0,0,0,2,0,25,21,3,0,16,0,0,1,0,15,0,1,2,0,0,1,2,0,3,0,1,9,0,10,0,0,2,4,37,0,0,0,3,40,1,5,0,94,0,0,0,0,0,0,0,0,0,0,0,0,0,0,0,0,10,0,0,0,0,0,0,2,18,0,2,0,4,0,0,2,11,0,0,0,0,7,0,0,0,15,4,1,0,0,0,7,0,0,0,3,1,1,0,1,0,0,0,0,0,0,1,0,1,0,0,0,1,0,0,0,0,0,0,0,0,1,1,0,0,0,0,0,0,0,0,0,0,5,2,0,0,0,16,0,0,0,0,0,1,0,0,0,0,0,0,0,0,0,0,0,0,0,0,0,1,0,0,0,1,0,0,1,0,0,0,0,0,0,0,0,0,0,0,0,0,1,0,0,0,0,3,0,0,0,0,0,0,0,0,0,0,0,1,0,0,0,40,0,0,1,0,0,0,3,7,0,0,4,1,7,2,0,0,0,6,0,0,4,0,0,0,0,0,0,1,0,0,0,32,0,1,2,3,0,2,0,0,0,0,7,0,0,3,8,1,0,5,0,4,0,0,0,0,0,0,1,0,0,0,0,0,0,0,2,0,0,1,0,0,2,0,0,0,0,0,0,0,0,0,0,1,0,0,2,0,0,0,1,0
174,1724,SESI BOQUEIRÃO,"RUA DR. HELENO DA SILVEIRA, 351",BOQUEIRAO,-25.5151812,-49.2348543,56,0,3264,2616,117,101,0,3,1,7,27,5,2,0,0,2,33,0,0,0,16,0,0,0,0,1,1,5,0,1,1,0,0,1,0,0,0,0,0,20,0,0,0,2,0,0,0,0,14,5,32,0,289,1,1,0,0,0,1,1,0,1,4,1,4,0,2,1,1,0,0,0,0,1,40,0,0,0,0,18,0,0,0,1,0,0,0,0,0,2,6,0,0,0,0,65,0,4,0,3,0,1,0,2,2,0,0,0,1,0,22,0,0,0,0,0,2,0,0,0,0,0,0,0,3,4,0,5,15,0,1,32,0,7,0,2,3,16,0,21,23,30,10,5,0,2,0,2,22,1,4,0,0,1,1,18,0,0,2,1,0,2,1,1,2,1,1,0,5,0,0,10,0,1,0,0,0,0,0,0,0,1,0,0,0,0,0,0,0,2,60,0,0,1,0,0,0,0,0,16,0,0,7,0,0,0,0,2,0,0,4,0,2,0,1,0,17,0,0,0,0,0,2,0,0,0,0,0,0,0,0,3,1,0,0,0,0,0,0,0,0,0,0,1,0,0,0,0,0,0,3,0,0,0,0,0,0,0,0,0,0,0,0,0,0,0,0,45,9,1,0,0,9,7,9,2,0,0,0,1,0,0,1,0,2,0,0,3,0,1,0,0,10,0,0,2,0,0,0,0,0,0,0,4,1,0,0,0,0,14,0,0,0,0,0,0,20,0,58,1,4,41,2,4,0,0,2,5,0,0,0,0,1,3,32,41,10,0,45,0,0,0,2,18,0,7,0,0,0,1,0,1,1,0,2,19,0,20,0,2,1,19,50,0,1,0,3,92,1,3,3,186,4,0,0,0,1,0,0,1,1,0,0,0,0,0,0,0,5,0,0,0,0,0,0,2,46,0,2,0,17,0,3,0,8,0,0,2,2,12,0,5,5,22,11,3,5,0,2,6,0,0,0,4,0,9,0,0,0,0,0,0,4,0,1,0,0,1,0,0,0,0,1,0,0,0,0,0,0,0,1,1,1,0,0,0,0,0,1,0,0,8,0,0,0,0,19,0,0,0,0,0,0,0,0,0,0,1,0,1,0,0,0,0,0,0,0,0,3,1,0,0,6,0,0,1,0,0,0,0,0,0,0,0,0,0,0,0,0,0,1,0,0,0,2,0,3,0,0,0,0,0,0,0,2,0,2,0,0,0,94,1,0,0,1,0,6,4,19,0,0,3,1,3,1,0,1,0,16,0,0,8,0,0,0,0,0,2,0,0,1,0,57,1,5,3,0,1,1,1,2,0,0,32,0,11,3,5,1,1,3,1,3,1,0,0,0,0,0,0,0,1,0,0,0,1,0,0,0,0,0,0,0,2,0,0,0,0,1,0,0,0,0,0,0,1,0,0,0,0,0,3,1
174,1732,COLÉGIO ADVENTISTA DO ALTO BOQUEIRÃO,"RUA BOM PASTOR, 606",ALTO BOQUEIRAO,-25.5234765,-49.2484931,64,0,3344,2749,135,105,0,6,1,3,33,5,0,0,0,2,45,0,0,0,7,1,0,0,0,3,2,5,0,0,0,0,1,1,0,2,0,0,0,21,1,1,0,0,0,0,0,0,19,4,57,0,211,0,3,0,0,0,0,0,0,2,0,1,14,0,6,0,1,0,0,0,0,0,31,0,2,0,0,25,0,0,0,1,0,5,2,0,0,2,9,0,0,0,0,81,0,4,0,6,1,0,0,0,0,0,0,0,4,1,20,0,0,0,0,0,0,0,0,0,0,0,0,0,3,1,1,1,16,1,3,38,0,9,6,1,3,23,0,26,33,31,8,1,0,0,0,1,24,0,2,1,0,2,0,27,2,0,1,1,0,3,0,0,0,2,2,0,7,1,0,14,1,0,0,0,0,0,0,0,0,0,1,1,0,0,1,1,0,5,49,0,0,1,0,0,1,0,0,38,1,0,7,1,0,0,0,0,0,5,2,0,4,0,3,0,11,0,0,0,0,0,0,0,0,0,0,0,0,0,0,2,3,0,0,0,0,0,2,0,0,0,0,0,0,0,0,0,1,0,15,0,0,0,0,0,0,0,0,0,0,0,0,0,0,0,0,39,6,0,6,0,6,4,14,0,0,0,0,0,0,1,2,0,7,0,0,3,1,0,0,0,13,0,0,5,0,0,0,0,0,0,0,6,0,0,0,2,0,4,0,0,0,1,0,0,10,0,60,1,2,24,7,0,2,0,12,14,1,0,0,0,2,2,46,30,3,0,60,3,1,0,1,27,0,2,0,0,1,5,0,0,6,0,0,24,0,14,0,2,0,31,48,0,0,0,0,99,0,2,2,199,1,0,0,0,0,0,0,0,1,0,0,0,0,0,0,0,8,0,0,0,0,0,0,3,60,4,2,0,12,0,0,0,15,0,0,5,2,3,1,7,4,28,5,0,0,0,0,10,0,1,0,4,2,1,0,0,0,0,0,0,2,0,0,0,0,1,0,0,1,0,0,0,0,0,0,0,1,0,1,0,0,0,0,0,0,1,2,0,0,12,0,0,0,0,19,1,1,5,0,3,6,0,0,0,1,0,0,0,0,0,0,0,1,0,0,0,2,0,0,0,1,0,0,2,0,1,0,0,0,0,0,0,2,0,0,0,0,1,2,0,0,0,5,0,0,0,0,0,0,0,0,0,0,0,1,0,1,0,86,3,0,0,0,0,10,2,6,0,0,2,12,4,5,0,3,0,21,0,0,3,1,0,0,3,0,1,0,0,1,1,54,0,0,3,0,1,3,0,0,0,2,25,1,8,5,2,3,0,9,0,2,0,0,0,1,0,2,0,1,0,0,0,0,0,0,0,0,0,0,0,0,1,0,0,0,0,0,0,0,0,0,0,0,0,0,0,0,0,0,1,0
174,1740,ESCOLA MUNICIPAL PROFESSORA SOPHIA GAERTNER ROSLINDO - EF,"RUA EXPEDICIONÁRIO ESTANISLAU WOJCIK, 82",ALTO BOQUEIRAO,-25.5358192,-49.2433767,64,0,1374,1132,93,58,0,5,0,1,15,1,0,0,0,0,12,0,0,0,6,0,0,1,0,0,1,3,0,0,0,0,0,0,0,0,0,0,0,10,0,0,0,1,0,0,1,0,15,3,21,0,47,0,1,0,0,1,0,0,0,0,0,0,5,0,0,0,0,0,0,0,2,0,16,0,0,0,0,9,0,0,0,5,0,1,0,0,0,0,1,0,0,0,0,22,0,3,0,1,0,0,0,0,0,0,0,2,0,0,26,0,0,0,0,0,0,0,0,0,0,0,0,0,2,0,0,1,9,0,1,14,0,2,0,1,2,1,0,13,9,11,2,2,0,0,0,0,16,0,2,0,0,1,0,6,1,0,0,1,0,5,0,0,0,3,0,0,6,0,0,2,0,0,1,0,0,0,0,0,0,0,0,0,0,0,0,0,0,3,15,0,0,0,0,0,0,0,0,15,0,0,6,2,0,0,0,2,0,0,0,0,1,0,0,0,1,0,0,0,0,0,0,0,0,0,0,0,0,0,0,1,0,0,0,0,0,0,0,0,0,0,0,0,0,0,2,0,0,0,38,0,0,0,0,0,0,0,0,0,0,0,0,0,0,0,0,19,1,0,3,0,4,0,3,1,0,0,0,1,0,0,0,0,2,0,0,2,0,1,0,0,1,0,0,4,0,0,0,0,1,0,0,0,0,0,0,0,0,4,0,0,0,0,0,0,0,0,35,0,0,14,0,0,0,0,1,1,0,0,0,1,0,1,10,28,0,0,13,0,0,0,0,6,0,1,0,1,1,2,1,0,2,2,0,17,0,1,0,0,0,35,28,0,0,0,0,45,1,0,1,79,0,0,0,0,0,0,0,0,0,0,0,0,0,0,0,0,3,0,0,0,0,0,0,0,10,0,0,0,6,0,0,0,3,0,0,0,0,0,0,4,0,4,3,0,0,0,0,4,0,0,0,3,0,0,0,0,0,0,0,0,0,0,0,1,0,0,0,0,0,0,0,0,0,0,0,0,0,0,0,0,0,0,0,0,0,0,0,0,0,2,0,0,3,0,2,0,0,2,0,0,0,0,0,0,0,0,0,0,0,0,0,0,0,0,0,0,1,0,0,0,1,0,0,2,0,0,0,0,1,0,0,0,0,0,0,0,0,0,0,0,0,0,0,0,0,0,0,0,1,0,0,0,0,0,1,0,1,0,30,0,0,1,0,0,0,2,5,1,0,4,2,0,0,0,2,1,11,0,0,0,0,0,0,0,1,0,0,0,1,0,18,0,0,2,0,0,3,1,0,0,0,7,0,3,3,5,0,0,3,0,0,0,0,0,0,0,0,0,1,0,0,0,0,0,1,0,0,0,0,0,0,1,0,0,0,0,0,0,0,1,0,0,0,0,0,0,0,0,0,1,0
174,1830,UFPR - CENTRO POLITÉCNICO,"RUA EVARISTO F.F. DA COSTA, 346",JARDIM DAS AMERICAS,-25.4536835,-49.2329563,22,0,9460,7820,308,190,0,8,1,27,118,25,6,0,0,5,130,0,1,1,96,1,0,3,2,3,11,28,1,2,2,1,1,0,0,0,2,0,1,43,0,1,0,2,0,0,0,0,13,8,170,0,223,2,2,21,0,1,0,0,5,2,11,3,32,0,5,1,0,2,0,0,4,1,52,0,10,0,0,65,1,0,0,5,5,4,7,0,2,3,27,0,0,0,0,404,0,11,0,12,2,0,0,1,1,0,0,0,9,0,13,1,0,6,0,0,0,0,0,0,0,0,0,0,25,9,3,2,48,0,1,137,0,19,1,7,3,53,0,133,123,86,32,6,0,0,1,2,107,0,2,2,2,7,0,75,8,1,7,1,0,3,3,0,3,12,4,9,22,0,6,55,0,0,0,3,0,1,2,2,0,0,3,3,0,0,0,0,2,15,142,0,1,3,0,1,0,0,0,6,7,0,18,2,0,1,0,3,0,5,5,0,7,0,5,0,18,0,1,0,0,0,5,0,1,0,1,0,2,0,0,4,13,0,1,0,0,1,0,0,0,0,0,0,0,0,0,0,0,0,5,0,0,0,0,0,0,0,0,0,0,0,0,0,0,0,1,64,20,0,1,0,14,44,7,2,1,0,0,0,0,1,1,0,5,0,0,13,3,0,1,0,26,0,1,9,0,0,0,0,1,5,0,6,3,0,0,0,6,19,1,0,1,0,0,0,7,0,203,10,8,119,13,1,1,0,8,10,3,0,1,0,7,1,137,98,115,4,69,2,0,1,12,49,0,12,2,0,1,10,9,11,13,2,2,37,3,71,1,1,7,12,55,1,1,3,5,200,0,19,13,431,4,7,1,0,1,0,0,0,0,0,0,0,0,2,0,0,44,0,0,4,1,2,0,9,174,24,7,0,57,2,5,0,37,0,2,4,10,8,0,3,11,155,66,8,7,0,0,82,0,3,4,17,2,13,1,1,2,17,0,0,6,0,1,0,2,0,0,0,17,0,4,0,1,0,0,0,1,2,9,7,0,1,0,1,1,1,2,4,1,37,3,0,2,0,50,4,1,4,0,0,2,0,0,0,6,1,0,0,0,0,0,1,0,0,0,0,1,0,0,0,19,0,0,3,0,0,1,1,0,0,1,2,4,0,0,0,0,0,0,0,0,5,18,1,0,0,0,1,1,1,0,1,1,0,11,0,0,0,361,6,0,0,1,1,33,11,114,5,1,11,12,17,16,0,7,0,40,0,0,35,1,0,0,4,3,1,2,0,7,0,227,3,0,17,4,1,29,1,2,0,0,56,8,50,34,25,7,4,22,5,14,0,0,0,0,4,11,0,0,8,0,0,1,0,0,1,1,0,2,0,0,7,6,0,0,0,0,0,0,0,0,0,0,0,0,0,0,0,1,5,1
174,1848,COLÉGIO ESTADUAL PROFESSOR JÚLIO MESQUITA,"TRAVESSA MARIA TEODORA PAULA COSTA, N. 49",JARDIM DAS AMERICAS,-25.4562459,-49.2286475,22,0,2537,2011,75,52,0,4,1,3,34,3,2,0,1,7,37,0,2,0,16,1,0,1,4,1,0,5,0,0,0,0,2,0,0,0,0,0,0,14,0,0,0,0,0,0,0,0,4,3,53,0,76,2,2,4,0,0,1,0,2,2,1,2,7,0,0,0,0,0,0,0,2,0,12,0,3,0,0,18,0,0,0,0,0,0,0,0,0,3,7,0,0,0,0,63,0,4,0,4,1,1,0,0,0,0,0,0,0,0,1,0,0,1,0,0,0,0,0,0,0,0,0,0,4,2,0,0,17,0,3,38,0,2,0,0,1,14,0,26,25,16,6,0,0,0,1,0,16,3,1,0,0,1,0,18,0,0,2,0,0,0,3,0,0,0,2,1,6,0,1,6,0,0,0,0,0,0,0,1,0,0,0,2,0,0,0,0,0,1,21,0,0,0,0,0,0,0,0,0,0,0,4,3,0,0,1,2,0,4,3,0,1,0,4,0,7,0,0,0,0,0,1,0,0,0,0,0,0,0,0,0,2,0,1,0,0,0,0,0,0,0,0,0,0,0,0,0,0,0,2,0,0,0,0,0,0,0,0,0,0,0,0,0,0,0,0,20,6,0,0,0,3,5,3,0,0,0,0,0,0,1,1,0,1,0,0,3,0,0,0,0,10,0,0,1,0,0,0,0,0,0,0,0,2,0,0,1,2,11,0,0,0,0,0,0,0,0,55,4,1,28,6,1,1,0,2,4,0,0,0,0,1,0,37,33,33,0,14,0,0,0,1,27,1,3,1,0,0,7,3,1,1,0,1,14,0,16,1,2,3,0,18,0,0,0,3,54,0,6,1,118,6,0,0,0,1,0,0,0,0,0,0,0,0,0,0,0,15,0,0,1,1,0,0,2,78,4,2,0,22,0,2,2,11,0,0,0,0,4,1,2,2,15,16,2,2,0,0,18,0,0,3,14,4,1,0,0,0,4,0,0,1,0,0,0,1,0,1,0,2,0,1,0,0,0,0,0,0,1,3,0,0,0,0,0,0,0,2,3,0,18,0,0,0,0,17,0,0,0,0,1,0,0,0,0,1,0,0,0,0,0,0,4,0,0,0,0,1,0,0,0,6,0,0,0,0,0,0,0,0,0,0,1,3,0,0,0,0,1,0,0,1,0,4,0,0,0,0,0,0,0,0,0,0,1,2,0,0,0,47,4,0,0,0,0,7,5,52,0,0,2,2,4,4,0,0,0,9,0,0,4,0,0,0,1,1,0,0,0,0,0,74,0,2,7,1,0,7,0,0,0,0,16,2,11,6,12,1,1,9,1,4,0,0,0,0,1,3,0,0,3,0,0,0,1,0,0,0,0,1,0,0,1,0,2,0,0,0,0,0,0,0,0,0,0,0,0,0,0,0,1,0
174,1856,ESCOLA JORNALISTA ARNALDO ALVES DA CRUZ - EF,"RUA MARIA MARQUES DE CAMARGO, 330 - VILA PANTANAL",ALTO BOQUEIRAO,-25.5370033,-49.2327117,64,0,355,267,32,8,0,0,2,1,7,0,2,0,0,0,2,0,0,0,1,0,0,0,0,0,0,0,0,0,0,0,1,0,0,0,0,0,0,3,0,0,0,0,0,0,0,0,4,0,2,0,7,0,0,0,0,0,0,0,0,0,0,0,3,0,0,0,0,0,0,0,0,0,6,0,0,0,0,1,0,0,0,0,0,0,0,0,0,0,0,0,0,0,0,4,0,0,0,0,0,0,0,0,0,0,0,0,0,0,0,0,0,0,0,0,0,0,0,0,0,0,0,0,0,1,0,2,0,0,0,0,0,1,0,0,0,3,0,3,1,2,0,0,0,0,0,4,28,0,0,0,0,0,0,1,0,0,0,0,0,0,0,0,0,1,0,0,0,0,0,1,0,1,0,0,0,0,0,0,0,0,0,0,0,0,0,0,0,0,7,0,0,0,0,0,0,0,0,23,0,0,1,1,0,0,0,0,0,0,0,0,0,0,0,0,0,0,0,0,0,0,4,0,0,0,0,0,0,0,0,0,1,0,0,0,0,0,0,0,1,0,0,0,0,0,0,0,0,0,1,0,0,0,0,0,0,0,0,0,0,0,0,0,0,0,0,3,0,0,0,0,0,0,0,0,0,0,0,0,0,0,0,0,2,0,0,0,0,0,0,0,0,0,0,3,0,0,0,0,0,0,0,0,0,0,0,0,0,1,0,0,0,0,0,0,2,0,1,0,0,0,0,0,0,0,0,0,0,0,0,0,0,0,4,4,0,0,3,0,0,0,1,1,0,0,0,0,0,1,0,0,0,0,2,3,0,2,0,0,0,8,9,0,0,0,0,8,0,1,0,8,0,0,0,0,0,0,0,0,0,0,0,0,0,0,0,0,0,0,0,0,0,0,0,0,2,0,0,0,0,0,0,0,0,0,0,0,0,0,0,0,0,3,0,0,0,0,0,0,0,0,0,0,0,0,0,0,0,0,0,0,0,0,0,0,0,0,0,0,0,0,0,0,0,0,0,0,0,0,0,0,0,0,0,0,0,0,1,0,0,1,0,0,0,0,1,0,1,2,0,0,0,0,0,0,0,0,0,0,0,0,0,0,0,0,0,0,0,0,1,0,0,0,0,0,0,0,0,0,0,0,0,0,0,0,0,0,0,0,0,0,0,0,4,0,0,0,0,0,0,0,0,0,0,0,0,0,0,0,3,0,0,0,0,0,0,0,0,0,0,0,0,0,0,0,0,0,1,0,0,0,0,0,0,0,0,0,0,0,0,0,1,0,0,0,0,0,0,0,0,0,0,1,0,3,0,0,0,0,0,0,0,0,0,0,0,0,0,0,0,0,0,0,0,0,0,0,0,0,0,0,0,0,0,0,0,0,0,0,0,0,0,0,0,0,0,0,0,1,0,0,0
174,1864,HOSPITAL ERASTO GAERTNER,"RUA DR. OVANDE DO AMARAL, 201",JARDIM DAS AMERICAS,-25.4531439,-49.2400976,22,0,268,211,14,4,0,0,0,1,1,1,0,0,0,0,2,0,0,0,0,0,0,0,0,0,0,1,0,1,0,0,0,0,0,0,0,0,0,7,0,0,0,0,0,0,0,0,0,0,3,0,4,0,0,0,0,0,0,0,0,0,0,0,0,0,0,0,0,0,0,0,0,0,1,0,0,0,0,1,0,0,0,0,0,0,0,0,0,0,1,0,0,0,0,8,0,1,0,1,0,0,0,0,0,0,0,0,0,0,0,0,0,0,0,0,0,0,0,0,0,0,0,0,0,1,0,0,1,0,1,1,0,2,0,0,1,2,0,3,5,6,1,0,0,0,0,0,0,0,0,1,0,1,0,3,0,0,0,0,0,0,0,0,0,0,0,0,0,0,0,0,0,0,0,0,0,0,0,0,0,0,0,1,0,0,0,0,0,3,6,0,0,0,0,0,0,0,0,0,0,0,0,0,0,0,0,0,0,0,0,0,0,0,1,0,1,0,0,0,0,0,0,0,0,0,0,0,0,0,0,0,0,0,0,0,0,0,0,0,0,0,0,0,0,0,0,0,0,0,0,0,0,0,0,0,0,0,0,0,0,1,0,0,0,0,0,5,1,0,0,0,0,1,1,0,0,0,0,0,0,0,0,0,0,0,0,0,1,0,0,0,2,0,0,0,0,0,0,0,0,0,0,0,0,0,0,0,1,0,0,0,0,0,0,0,0,0,9,0,0,4,0,0,0,0,0,1,0,0,0,0,0,0,4,2,2,0,4,0,0,0,1,1,0,0,0,0,0,2,0,0,1,0,0,1,0,6,0,0,0,0,2,0,0,0,0,8,0,0,0,15,0,0,0,0,0,0,0,0,0,0,0,0,0,0,0,0,0,0,0,0,0,0,0,0,2,0,0,0,1,0,0,0,1,0,0,0,0,0,0,0,0,2,0,0,0,0,0,0,0,0,0,0,1,0,0,0,0,2,0,0,0,0,0,0,0,0,0,0,0,0,0,0,0,0,0,0,0,0,0,0,0,0,0,0,0,0,0,0,0,0,0,0,0,0,4,0,0,0,0,0,0,0,0,0,0,0,0,0,0,0,0,0,0,0,0,0,0,0,0,0,0,0,0,0,0,0,0,0,0,0,0,0,0,0,0,0,0,1,0,0,0,0,0,0,0,0,0,0,0,0,0,0,0,0,1,0,0,0,9,0,0,0,0,0,4,1,1,0,0,0,0,0,1,0,0,0,0,0,0,0,0,0,0,0,0,1,0,0,0,0,2,0,0,1,0,0,0,0,0,0,0,3,0,1,1,1,0,0,0,1,0,0,0,0,0,0,0,0,0,0,0,0,0,0,0,0,0,0,0,0,0,0,0,0,0,0,0,0,0,0,0,0,0,0,0,0,0,0,0,0,0
174,1880,CMEI MAESTRINA ESMERALDA ROVANI,"RUA ANTÔNIO JOSÉ BONATO, 1761",GANCHINHO,-25.5618383,-49.2551783,72,0,940,707,82,23,0,0,0,4,14,0,0,0,1,0,4,0,0,0,1,0,1,0,1,0,0,0,0,0,0,0,0,0,0,0,0,0,0,16,0,0,0,1,0,0,0,0,6,2,8,0,22,0,0,0,0,0,0,0,0,0,0,0,12,0,1,0,0,0,0,0,0,0,3,0,0,0,0,8,0,0,0,0,0,0,0,0,0,0,0,0,0,0,0,6,0,3,0,0,0,0,0,0,0,0,0,0,1,0,22,0,0,0,1,0,1,0,0,0,0,0,0,0,1,1,0,0,8,0,0,2,0,2,0,0,0,10,0,10,11,12,2,0,0,0,0,1,14,0,1,1,0,0,0,9,0,0,0,0,0,0,1,0,0,2,0,1,5,1,0,3,0,0,0,0,0,0,0,1,0,0,0,0,0,0,0,0,0,5,10,0,0,0,0,0,0,0,0,1,0,0,1,0,0,0,0,0,0,0,0,0,0,0,0,0,1,0,0,0,0,0,0,0,0,0,0,0,0,0,0,0,0,0,0,0,0,0,0,0,0,0,0,0,0,0,1,0,0,0,3,0,0,0,0,1,0,0,0,0,0,0,0,0,0,0,0,17,0,0,1,0,0,0,0,0,0,0,0,0,1,0,0,0,1,0,0,0,0,0,0,0,2,0,0,1,0,0,0,0,0,0,0,1,0,0,0,1,1,0,0,0,0,0,0,0,2,0,6,1,0,8,2,0,0,0,0,2,0,0,0,0,2,0,6,10,4,0,15,0,0,0,0,6,0,1,0,0,0,1,0,0,1,0,0,12,0,1,1,0,0,18,24,0,0,0,0,23,0,0,1,27,0,0,0,0,0,0,0,0,1,0,0,0,0,0,0,0,1,0,0,0,0,1,0,0,12,0,0,0,4,0,0,0,0,0,0,0,0,0,1,0,0,4,0,0,0,0,0,0,0,0,0,5,0,0,0,0,0,0,0,0,0,0,0,0,0,0,0,0,0,0,0,0,0,0,0,0,0,0,2,0,0,0,0,0,0,0,0,0,0,6,0,0,0,0,11,0,0,1,0,0,2,0,0,0,0,0,0,0,0,0,0,0,1,0,0,0,0,0,0,0,0,0,0,9,0,2,0,0,0,0,0,0,1,0,0,0,0,0,0,0,0,0,0,0,0,0,0,0,0,0,0,1,0,0,1,0,3,0,18,0,0,1,0,0,0,0,7,1,0,1,0,0,1,1,3,0,7,0,0,0,0,0,0,0,1,0,0,0,0,0,11,0,0,2,1,1,0,0,0,0,0,3,1,2,1,0,3,0,1,0,1,0,0,0,0,0,0,0,0,0,1,0,0,0,0,0,0,0,0,0,0,0,0,0,0,0,0,0,0,1,0,0,0,0,0,0,0,0,0,2,0
174,1899,PARÓQUIA IMACULADA CONCEIÇÃO,"R. DR. ALCIDES VIEIRA ARCOVERDE, 244",GUABIROTUBA,-25.4624245,-49.2442459,23,0,1676,1126,62,36,0,3,1,5,14,2,1,0,0,0,20,0,1,0,8,2,0,0,0,0,0,5,0,0,0,0,1,0,0,0,0,0,0,7,0,0,0,0,0,3,0,0,5,1,19,0,35,0,0,0,0,0,0,0,1,0,0,1,4,0,1,1,0,0,0,0,1,0,9,0,2,0,0,17,0,0,0,0,4,1,0,0,0,0,0,0,0,0,0,26,0,2,0,2,0,0,0,0,0,0,0,0,1,0,3,0,0,1,0,0,0,0,0,0,0,0,0,1,1,1,0,0,6,0,1,9,0,0,0,0,0,1,0,7,12,9,3,1,0,0,0,1,18,0,0,1,0,2,0,6,2,0,0,2,0,0,0,0,0,1,1,0,2,0,1,3,0,0,0,0,0,0,0,0,0,0,0,0,0,0,0,0,0,0,29,0,0,0,0,0,0,0,0,3,0,0,4,5,1,0,0,0,0,0,5,0,4,0,0,0,3,0,0,0,0,0,0,0,0,0,0,0,0,0,0,2,2,0,1,0,0,0,0,0,0,0,0,0,0,0,0,0,1,0,0,0,0,0,0,0,0,0,0,0,0,0,0,0,0,0,0,19,3,0,0,0,2,6,7,0,0,0,0,0,0,0,0,0,1,0,0,0,0,1,0,0,2,0,1,0,0,1,0,0,0,0,0,1,0,0,0,0,1,3,0,0,0,1,0,0,0,0,35,0,0,16,3,0,0,0,2,3,0,0,0,0,3,1,20,18,2,0,28,0,0,0,1,11,0,3,0,0,1,1,1,0,1,0,1,13,0,6,0,0,1,2,25,0,0,0,8,34,0,5,0,71,0,0,0,0,0,0,0,0,0,0,0,0,0,0,0,0,7,0,0,0,0,0,0,2,18,1,0,0,4,0,0,0,6,0,0,0,3,7,0,4,1,9,4,0,2,0,0,9,0,0,1,8,1,1,0,0,0,1,0,0,1,0,0,0,5,0,0,0,3,0,0,0,0,0,0,0,0,0,1,0,0,1,0,0,0,0,0,0,0,4,0,0,0,0,11,0,0,0,0,0,0,0,0,0,0,0,0,0,0,0,0,0,0,0,0,0,1,0,0,0,1,0,0,2,2,0,0,0,0,0,0,0,0,0,0,0,0,0,1,0,0,0,0,0,1,0,0,2,0,0,0,0,0,0,1,0,0,0,21,0,0,1,0,0,6,2,38,0,0,0,2,0,1,0,1,2,6,0,0,4,0,0,0,0,0,0,0,0,0,0,31,1,0,8,0,2,6,0,0,0,0,9,1,9,4,3,1,1,4,0,2,0,0,0,0,0,3,0,0,0,0,0,0,1,0,0,1,0,0,0,0,4,0,0,0,0,0,0,0,0,0,0,0,0,0,0,0,0,0,0,0
174,1902,PARÓQUIA SÃO CARLOS BORROMEU,"R. HEITOR DE ANDRADE, 219",JARDIM DAS AMERICAS,-25.4566261,-49.2281542,22,0,2493,1978,71,56,0,5,1,3,25,6,2,0,0,4,31,0,0,0,16,0,0,1,1,0,6,7,0,0,0,0,0,0,0,0,0,0,0,13,1,0,0,0,0,0,0,0,5,6,43,0,89,0,1,8,0,0,0,0,0,1,2,0,9,0,1,0,0,0,0,0,0,0,17,0,1,0,0,24,0,0,0,1,0,0,1,0,1,1,3,0,0,0,0,58,1,4,0,6,0,0,0,0,0,0,0,1,1,0,1,0,0,1,0,0,0,0,0,0,0,1,0,0,4,2,1,2,13,0,2,31,0,3,0,2,3,7,0,18,30,27,10,0,1,0,1,0,16,2,2,0,0,1,0,9,2,0,0,0,0,1,0,0,0,0,2,3,9,0,2,14,0,1,0,2,0,0,0,0,0,0,0,0,1,0,0,1,0,7,52,0,0,0,0,0,0,0,0,0,3,0,5,2,0,2,0,6,0,3,2,0,1,0,0,0,4,0,0,0,0,0,3,0,0,0,1,0,1,0,0,0,4,0,4,0,0,0,0,0,0,0,0,0,0,0,0,0,0,0,3,0,0,0,0,0,0,0,1,0,0,0,0,0,0,0,1,16,6,0,1,0,4,18,2,0,0,0,0,0,0,0,0,0,1,0,0,4,0,0,0,0,3,0,1,2,0,0,0,0,0,3,0,1,2,0,0,0,4,9,0,0,0,0,0,0,2,0,43,4,2,27,3,0,0,1,1,3,0,0,0,0,1,0,30,35,39,0,12,2,0,0,0,13,0,3,2,0,0,4,0,1,8,0,1,14,0,15,0,1,2,1,18,0,2,0,2,46,0,8,0,114,3,0,0,0,0,0,0,0,0,0,0,0,0,0,0,0,11,0,0,1,0,0,0,1,57,2,1,0,19,0,0,0,9,0,1,1,0,3,1,0,1,35,17,2,4,0,0,29,0,0,0,10,1,1,1,2,0,1,2,0,2,0,0,0,0,0,0,0,2,0,2,0,0,0,0,0,0,1,3,0,0,0,0,0,1,0,0,1,0,10,1,0,0,0,23,2,0,0,0,0,0,0,0,0,0,1,0,0,0,0,0,4,0,0,0,0,1,0,1,0,5,0,0,1,0,0,0,0,0,0,1,1,1,0,0,0,0,0,0,0,0,2,7,0,1,0,0,0,0,0,0,0,0,0,4,0,0,0,58,1,0,0,0,0,7,2,34,1,0,7,1,3,4,0,0,0,10,0,0,8,0,0,0,1,0,1,0,0,0,0,75,0,0,8,0,0,9,0,0,0,0,8,1,10,9,6,3,0,0,0,3,0,0,0,0,0,2,0,0,1,0,0,0,0,1,0,0,0,2,0,0,3,0,0,0,0,0,0,0,0,0,0,0,0,0,0,0,0,0,1,0
175,1015,ESCOLA MUNICIPAL PRO-MORAR BARIGUI-I,"RUA ARTHUR MARTINS FRANCO, 1803 - VILA BARIGUI - CIC",CIDADE INDUSTRIAL,-25.4951839,-49.3354546,75,0,3340,2703,272,124,0,24,4,11,79,4,2,1,0,9,44,1,1,1,22,2,1,0,3,12,0,19,0,0,1,1,2,0,0,0,0,0,0,41,0,0,0,0,0,0,3,0,31,2,71,0,62,0,0,0,0,0,2,0,0,0,1,0,40,0,5,0,0,0,0,0,0,0,30,0,1,0,0,38,0,0,0,2,0,4,1,1,0,6,2,0,0,0,0,24,0,6,1,0,3,0,0,0,1,0,0,0,1,0,11,0,0,0,0,0,0,0,0,0,0,0,0,0,2,3,0,0,13,0,1,28,0,2,0,6,1,16,0,46,19,25,8,5,1,0,0,4,137,1,6,3,1,0,0,11,0,0,0,0,1,12,2,0,0,1,0,0,3,0,1,6,0,1,0,0,0,0,0,1,0,0,0,1,0,0,0,0,0,1,28,0,1,0,0,0,1,0,0,0,0,0,7,1,0,0,1,0,0,0,3,0,11,0,0,0,1,0,0,0,0,0,1,0,0,0,0,0,1,0,0,0,0,1,0,0,0,0,0,0,0,1,0,0,0,3,3,0,16,3,0,0,1,0,0,0,2,0,2,0,0,0,0,0,0,0,0,38,4,0,3,0,0,3,5,0,1,0,0,1,0,0,0,0,2,0,1,5,0,0,0,0,3,0,0,23,0,0,0,0,3,0,2,3,0,0,0,7,0,7,0,0,0,0,0,0,0,0,44,2,3,21,2,0,0,0,23,5,0,0,0,0,5,0,33,90,0,0,35,3,0,0,1,41,0,0,0,0,0,2,1,1,0,0,0,32,1,9,3,0,6,15,16,0,0,0,0,78,0,5,5,120,2,1,0,0,0,0,0,0,0,0,1,0,0,0,0,0,6,0,0,0,0,0,0,0,43,1,0,0,12,0,0,0,7,0,0,1,6,5,0,2,3,4,2,0,2,0,0,3,0,1,0,22,1,1,0,0,0,0,0,0,0,0,0,0,0,0,0,0,0,0,0,0,0,0,0,0,0,0,0,0,0,0,0,0,0,0,3,0,1,10,1,0,0,0,19,0,0,120,0,0,1,0,0,0,3,0,0,1,0,0,0,0,8,0,0,0,1,0,19,0,0,0,0,3,0,1,0,0,0,0,0,0,0,1,0,0,0,0,0,0,2,0,0,0,0,0,0,0,0,1,0,0,0,0,1,0,1,0,29,3,0,2,1,0,1,0,6,0,0,11,0,3,6,0,2,0,11,0,0,15,0,0,1,0,2,0,1,0,1,0,31,0,0,5,0,0,1,0,0,0,0,8,1,6,3,0,1,1,11,0,9,1,0,0,0,0,0,0,0,0,0,0,0,0,0,0,0,0,0,0,0,4,0,0,0,0,0,0,0,0,0,0,0,0,0,1,0,0,0,2,0
175,1023,ESCOLA MUNICIPAL MANSUR GUÉRIOS,"ESTRADA VELHA DO BARIGUI, 3200 - MORADIAS SABARÁ -  VILA CONQUISTA",CIDADE INDUSTRIAL,-25.5014117,-49.3483796,75,0,4286,3404,371,153,0,35,8,13,83,7,4,1,1,13,56,3,1,1,28,1,0,1,4,11,1,13,0,2,0,0,3,1,2,0,0,0,0,56,1,0,0,0,0,0,2,0,45,1,93,0,43,0,1,0,0,0,3,0,0,1,1,2,23,0,1,0,0,0,0,0,0,0,43,0,1,1,0,90,1,0,0,1,0,0,0,0,0,4,0,0,0,0,0,32,0,10,1,2,0,0,0,1,2,0,0,0,0,0,21,0,0,0,0,0,0,0,0,0,0,0,0,0,7,14,0,0,14,2,1,21,0,7,0,0,2,26,0,70,25,86,7,5,0,0,0,3,126,1,11,0,0,0,2,17,0,0,2,4,0,4,1,0,0,1,0,1,5,0,0,6,0,0,0,0,0,0,0,0,0,0,1,0,0,0,0,0,0,3,46,0,0,1,0,1,0,0,0,0,1,0,2,0,0,1,0,0,0,0,1,0,4,0,0,0,3,0,0,0,0,0,0,0,0,0,2,0,1,0,0,0,0,0,0,0,0,0,0,0,1,1,0,0,0,0,1,0,2,0,0,0,0,0,0,0,0,0,1,0,0,0,0,0,0,0,0,64,2,0,4,0,1,6,3,0,3,0,1,7,0,0,2,0,1,1,2,1,0,0,2,0,10,0,4,113,0,0,0,0,0,0,1,0,1,0,0,3,7,9,0,0,0,1,0,0,1,0,49,6,2,29,2,1,1,0,23,4,0,0,0,0,3,2,40,89,6,0,43,7,1,0,1,38,0,6,3,1,0,1,0,0,7,1,5,32,0,15,1,11,7,4,21,0,1,3,7,106,1,3,2,206,3,0,0,0,0,1,2,0,0,0,0,0,0,0,0,0,10,0,0,0,0,0,0,1,78,0,0,0,4,0,0,0,4,0,0,5,1,2,0,1,0,4,6,0,1,0,0,3,0,1,0,36,0,2,0,0,0,0,0,0,0,0,0,0,0,0,0,0,0,0,0,0,0,0,0,0,2,0,2,0,0,0,0,0,0,0,1,0,0,17,4,0,0,1,18,1,0,36,0,0,10,0,0,0,12,1,0,0,0,0,0,0,0,0,1,0,3,0,24,0,2,0,0,1,0,2,0,0,0,0,0,0,0,5,0,0,0,0,0,0,1,0,2,4,1,0,0,0,0,1,0,1,0,0,5,0,0,0,40,0,0,0,0,1,1,3,0,0,3,8,12,6,6,0,8,0,19,0,1,17,0,0,0,2,8,0,0,0,2,0,23,1,0,2,0,0,1,3,0,0,0,4,0,1,9,1,1,0,3,0,2,2,0,0,0,0,0,0,0,0,0,2,0,0,0,0,0,0,0,0,0,2,0,0,0,0,0,0,0,0,0,0,0,0,0,1,0,0,0,0,1
175,1031,ESCOLA MUNICIPAL ALBERT SCHWEITZER,RUA DÉCIO BARRETO 153  -  VILA NSA SRA DA LUZ,CIDADE INDUSTRIAL,-25.5036674,-49.3236525,75,0,3975,3276,307,149,0,16,5,14,66,3,6,1,1,6,57,0,2,0,18,1,1,0,5,2,1,7,1,0,0,1,0,0,0,0,0,0,0,25,0,0,0,0,0,0,0,2,30,3,166,1,65,0,0,0,0,0,0,0,2,6,1,0,15,0,4,0,0,0,0,0,0,1,52,0,2,0,0,39,0,0,0,8,1,0,0,0,0,3,3,0,0,0,1,57,0,14,1,0,0,0,0,0,1,0,0,0,1,0,15,0,0,1,1,0,0,0,0,0,0,0,1,0,2,10,0,4,17,2,1,43,0,4,0,0,1,20,1,53,36,34,15,1,0,0,0,3,96,0,1,3,0,4,0,21,1,1,3,3,0,0,1,1,0,2,1,0,12,1,0,19,0,1,0,0,0,0,0,0,0,0,0,1,0,0,0,0,0,2,41,0,0,0,0,0,0,0,0,1,2,0,10,0,2,0,0,5,0,0,5,0,6,0,2,0,11,0,0,0,0,0,3,0,0,0,1,0,4,0,0,0,4,0,1,0,0,0,0,1,0,1,0,0,0,14,0,0,73,0,0,0,0,1,0,0,0,0,2,0,0,0,0,0,0,0,0,55,6,0,6,0,0,10,1,0,2,0,0,2,0,0,0,0,2,0,0,0,0,0,0,0,12,0,1,13,2,0,0,0,0,0,0,4,0,0,0,6,0,53,0,0,0,0,0,0,1,0,40,0,15,45,6,0,0,0,11,8,0,0,0,0,13,1,43,75,7,0,36,1,1,0,0,41,1,2,4,0,1,5,0,0,2,0,1,25,0,14,0,0,5,16,14,2,1,0,0,94,1,7,6,132,0,1,0,0,1,1,0,0,0,0,0,1,3,0,0,0,7,1,0,0,0,0,0,0,53,1,2,0,12,0,0,0,8,0,0,5,3,4,0,7,4,12,3,0,2,0,0,16,0,12,0,7,0,5,0,0,0,0,0,0,1,0,0,0,0,2,0,0,2,0,0,0,0,0,0,0,0,0,0,0,0,0,0,0,0,1,0,0,0,23,2,1,0,0,45,0,0,57,0,0,3,0,0,0,2,0,0,1,0,0,0,0,0,0,0,0,0,0,10,0,0,0,0,6,0,0,1,0,0,1,1,0,0,2,0,0,0,3,3,0,0,0,6,1,0,0,0,0,0,0,0,0,0,0,1,0,0,0,54,3,0,0,0,0,0,1,44,1,1,5,0,4,12,0,1,0,17,0,1,9,0,0,2,1,0,2,0,0,2,1,44,0,1,1,1,0,2,0,0,0,0,2,2,22,1,4,3,4,6,1,6,0,2,0,0,0,0,2,0,0,0,0,0,0,0,0,0,0,0,0,0,3,0,0,0,0,0,0,0,0,0,0,0,0,0,3,0,0,0,4,0
175,1040,COLÉGIO ESTADUAL PROFESSOR ALCYONE MORAES DE CASTRO VELLOZO,R GOVERNADOR CARLOS LACERDA- S/N - CJ OSWALDO CRUZ II - CIC -SUL,CIDADE INDUSTRIAL,-25.5130185,-49.3243603,75,0,4380,3411,275,140,0,24,2,21,76,4,4,0,1,8,50,1,1,0,15,0,0,0,4,1,0,16,0,1,0,0,2,4,0,0,0,0,1,29,0,0,0,3,0,0,2,0,32,0,96,0,86,1,1,1,0,0,1,0,0,1,3,2,20,0,1,0,0,0,0,0,1,0,46,0,0,0,0,42,0,0,0,1,0,1,0,0,1,9,0,0,0,0,2,48,0,6,1,3,0,0,0,0,4,0,0,0,0,0,22,0,0,1,0,0,0,0,0,0,0,0,0,0,5,13,1,10,25,0,2,45,0,3,1,0,7,19,0,73,17,25,13,6,0,0,1,3,131,0,3,0,1,3,0,14,3,0,1,0,0,0,1,0,0,2,0,0,8,2,0,13,0,4,0,0,0,0,0,1,0,1,0,2,0,1,0,0,0,5,39,0,0,2,0,0,0,0,0,0,0,0,14,1,0,1,0,0,0,0,1,0,3,0,1,0,33,0,0,0,0,0,0,0,0,0,0,0,12,0,0,0,2,0,1,0,0,1,0,0,0,0,0,0,0,97,1,0,22,2,1,0,0,0,0,0,0,0,0,0,0,0,1,0,0,0,0,68,7,0,5,2,0,10,7,0,1,0,0,0,0,0,0,0,3,0,0,6,1,0,0,0,10,0,0,9,0,0,0,0,0,0,1,1,0,0,0,5,0,13,0,0,0,1,0,0,3,0,52,5,13,39,2,0,0,0,30,12,0,0,0,0,10,2,36,89,4,0,53,3,1,0,4,35,0,3,0,2,0,1,1,0,2,0,1,27,0,15,2,0,3,8,34,0,3,0,1,74,0,5,2,193,0,2,0,0,0,0,0,0,0,0,0,0,0,0,0,0,8,0,0,0,0,0,0,4,76,0,0,0,21,0,0,0,6,0,0,2,2,1,1,7,0,18,3,2,4,0,0,8,0,7,1,8,3,1,0,0,0,0,0,0,0,0,0,0,0,0,0,0,0,0,0,0,0,0,0,0,1,0,0,0,0,0,0,0,0,1,0,0,0,17,0,0,0,0,29,2,0,70,0,0,4,0,0,0,5,0,0,1,0,0,1,0,1,0,0,1,4,0,14,0,0,0,1,8,0,0,0,0,0,0,0,0,0,8,0,0,0,2,1,0,0,0,2,0,0,0,0,3,0,0,0,0,0,0,1,0,1,0,78,9,0,2,0,0,5,2,11,5,0,27,8,4,12,0,0,0,11,0,0,1,0,0,0,0,2,1,0,0,0,0,57,0,1,1,0,1,7,0,0,0,1,12,1,8,19,0,1,0,11,0,2,0,0,0,0,0,0,0,0,0,0,0,0,0,0,0,0,0,0,0,0,1,0,0,0,0,0,1,0,0,0,0,0,0,0,5,0,1,0,2,0
175,1058,COLÉGIO ESTADUAL PROFESSOR BRASILIO VICENTE DE CASTRO,R SANTA  ÂNGELA FOLIGNO 45 - CJ OSWALDO CRUZ I - CIC-SUL,CIDADE INDUSTRIAL,-25.5114486,-49.3201112,75,0,4790,3886,278,150,0,14,3,8,51,6,3,0,1,5,72,1,1,0,20,1,0,0,2,4,2,5,0,1,0,0,0,1,1,0,1,0,0,37,0,0,0,2,0,0,0,0,21,4,117,0,72,0,4,1,0,0,0,0,1,1,7,1,26,0,2,0,0,0,1,1,1,0,75,0,2,0,0,52,1,0,0,3,6,0,0,2,1,4,4,0,0,0,0,74,0,13,0,1,0,0,0,0,0,0,0,0,0,0,32,0,0,1,0,0,2,0,0,0,0,0,0,0,5,14,0,4,23,1,3,43,0,4,0,2,3,45,0,74,27,19,12,3,0,0,0,3,71,0,4,1,0,4,0,30,1,0,3,1,1,0,0,1,3,5,2,0,8,0,0,25,0,0,0,2,0,1,0,0,0,1,0,1,0,0,0,0,1,11,53,0,0,0,0,0,1,1,0,1,1,1,12,0,0,0,0,0,0,0,8,1,5,0,1,0,19,0,0,0,1,0,0,0,0,0,2,0,2,0,0,1,4,0,0,0,0,0,1,2,1,1,0,0,0,71,0,0,48,0,3,0,0,0,0,0,0,0,1,0,0,0,0,0,0,0,0,72,10,0,0,0,0,5,14,2,0,0,0,1,0,0,2,0,1,0,0,2,0,1,1,0,12,2,0,21,0,0,0,0,0,0,0,7,0,0,0,10,0,61,0,0,0,0,0,0,2,0,100,2,22,59,9,0,0,0,13,8,0,0,0,0,1,5,48,78,1,0,47,2,3,0,1,52,0,3,0,0,0,8,0,1,5,0,0,34,1,13,0,0,1,11,32,0,0,2,1,114,1,6,3,242,4,1,0,0,0,0,0,0,2,0,1,0,0,0,0,0,16,2,0,0,0,0,0,2,89,0,1,0,18,0,0,0,11,0,0,1,9,6,0,1,4,19,9,2,8,1,0,9,0,3,1,6,1,1,0,0,0,0,0,0,0,0,0,0,0,0,0,0,0,0,1,0,0,0,0,0,0,0,2,0,0,1,0,0,0,0,2,0,0,14,1,0,0,1,28,0,0,74,0,0,2,0,0,0,4,0,0,1,0,0,2,0,0,0,0,0,1,0,1,0,4,0,2,5,0,2,0,0,0,0,0,0,2,0,0,0,0,2,1,0,2,0,4,0,0,0,0,0,0,2,0,0,0,0,5,0,0,0,92,11,0,0,1,0,8,4,14,9,0,12,6,3,12,0,2,0,62,0,0,8,0,0,0,0,2,0,0,0,2,1,73,0,1,8,0,1,4,1,0,0,0,11,2,8,13,5,4,0,14,1,16,0,2,0,0,0,0,1,0,2,1,0,0,0,0,0,0,0,0,0,0,4,0,0,0,0,0,0,1,0,0,0,0,1,0,0,0,1,1,5,0
175,1066,COLÉGIO ESTADUAL PROFESSORA DIRCE CELESTINO DO AMARAL,R PEDRO GUSSO 2020 - CJ OSWALDO CRUZ I -  CIC-SUL,CIDADE INDUSTRIAL,-25.506362,-49.3205035,75,0,3310,2643,197,108,0,14,0,2,45,4,3,0,1,4,36,1,2,0,11,0,0,0,2,1,2,6,0,3,0,1,1,1,0,0,0,0,0,25,2,0,0,0,0,0,0,0,28,3,80,0,74,1,2,2,0,0,3,0,1,0,0,2,15,0,2,0,0,0,0,0,0,1,26,0,3,0,0,36,0,0,0,3,0,1,0,0,0,1,1,0,0,0,0,42,0,11,0,1,0,1,0,1,3,0,0,0,0,0,6,0,0,0,0,0,0,0,0,0,0,0,0,0,3,5,0,3,14,1,0,31,0,5,0,1,5,16,0,36,22,31,14,9,0,0,0,0,69,0,2,2,1,1,0,13,1,1,0,0,0,0,0,0,0,0,0,0,11,0,0,6,0,0,0,0,0,0,2,0,0,1,1,1,0,0,0,1,0,5,37,0,0,0,0,0,0,0,1,0,0,0,9,2,0,0,1,1,0,0,9,0,2,0,3,0,16,0,0,1,0,0,0,0,0,0,0,0,1,0,0,0,1,0,1,0,0,0,0,0,0,0,0,0,0,19,0,0,29,0,2,0,1,0,0,0,0,0,0,0,0,0,0,0,0,0,0,50,3,0,0,1,0,3,7,0,3,0,0,5,0,0,0,0,0,0,0,0,0,0,0,0,10,0,1,1,0,0,0,0,0,0,0,7,0,0,0,5,0,23,0,0,0,0,0,0,0,0,61,4,8,55,5,0,0,0,18,3,0,2,0,0,4,2,32,57,1,0,42,6,0,0,1,39,0,1,0,0,0,7,2,0,0,0,1,28,0,11,1,0,1,13,16,0,0,0,0,93,0,1,1,156,0,0,0,0,0,1,0,0,0,0,0,0,0,0,0,1,14,0,0,0,0,0,0,0,63,1,0,0,16,0,0,0,6,0,0,2,5,2,0,5,3,15,7,1,1,0,0,16,0,2,1,7,2,3,0,0,0,0,0,0,0,0,0,0,0,1,0,0,3,0,0,1,0,0,0,0,0,0,0,1,0,0,0,0,0,1,1,0,0,19,0,0,0,0,18,1,0,43,0,0,2,0,0,0,2,0,0,0,0,0,0,0,0,0,0,0,2,0,3,0,3,0,1,4,1,1,0,0,1,0,0,0,0,1,0,0,0,3,3,0,0,0,1,0,0,0,0,0,0,0,0,0,0,1,2,0,1,0,56,4,0,1,0,0,6,3,7,2,0,3,2,5,15,0,3,0,48,1,0,3,0,0,0,0,0,0,1,0,0,0,56,1,0,2,0,0,2,0,0,0,0,7,0,13,7,6,8,1,11,0,3,0,1,0,0,0,0,0,0,0,0,0,0,0,0,0,0,0,0,0,0,1,0,0,0,2,0,0,0,0,0,0,0,0,0,2,0,0,0,2,0
175,1074,ESCOLA MUNICIPAL DOM BOSCO,"R NOSSA SENHORADA CABEÇA, 1181 - CONJ MAUÁ - CONJ RONDON CIC-SUL",CIDADE INDUSTRIAL,-25.495799,-49.315535,75,0,2032,1700,104,75,0,6,0,4,35,6,2,0,0,5,33,0,1,0,14,0,0,1,5,1,0,10,0,0,0,0,0,0,0,0,0,0,0,27,0,0,0,0,0,0,0,0,17,2,37,1,56,0,0,1,0,0,0,0,1,0,0,2,6,0,2,0,0,0,0,0,0,0,17,0,0,0,0,19,1,0,0,6,0,0,0,0,0,0,0,0,0,0,0,37,0,3,0,1,0,0,0,0,0,0,0,0,0,0,13,0,0,0,0,0,0,0,0,0,0,0,0,0,1,4,1,0,13,0,1,18,0,0,1,0,1,9,0,18,17,11,9,0,1,0,0,1,36,1,2,0,1,3,0,10,0,0,5,1,0,0,3,0,2,0,0,0,2,0,0,10,0,0,0,1,0,0,0,0,0,0,0,1,0,0,0,0,0,2,36,0,0,0,0,0,0,0,0,0,0,1,6,0,0,3,0,2,0,0,0,0,0,1,2,0,3,0,0,0,0,0,0,0,0,2,0,0,0,0,0,0,2,0,1,0,0,0,0,0,0,0,0,0,0,0,0,0,5,0,1,0,0,0,0,0,0,0,1,0,0,0,0,0,0,0,0,30,9,0,0,0,0,3,6,1,0,0,0,0,0,0,0,0,2,0,0,3,0,1,0,0,8,0,0,3,0,0,0,0,0,0,1,2,0,0,0,2,4,7,0,0,0,0,0,0,0,0,42,1,11,27,3,0,0,0,10,2,0,0,0,0,2,0,28,35,0,0,20,3,0,0,0,10,0,0,0,0,0,4,1,1,1,0,0,21,0,15,0,0,1,9,13,0,0,0,1,51,0,0,5,92,0,1,0,0,0,0,0,0,0,0,0,0,0,0,0,0,8,0,0,0,0,0,0,2,42,1,0,0,5,0,1,0,9,0,0,0,0,2,0,1,1,10,8,1,2,0,0,8,1,0,0,2,0,1,0,0,0,0,0,0,1,0,0,0,0,0,0,0,2,0,0,0,0,0,0,0,2,0,0,0,0,0,0,0,0,0,0,0,0,11,0,0,0,0,13,0,0,7,0,0,0,0,0,0,2,0,0,0,0,0,0,0,3,0,0,0,12,0,1,0,1,0,0,2,0,0,0,0,0,0,0,0,0,0,0,0,0,0,0,0,0,0,1,2,0,0,0,0,0,0,0,0,0,0,2,0,0,0,48,1,0,0,0,0,2,2,4,1,0,10,2,3,4,0,1,0,70,0,0,9,0,0,6,0,0,0,0,0,0,0,32,3,0,3,2,0,4,0,0,0,0,2,0,3,7,4,2,0,5,0,0,0,0,0,0,0,0,0,0,0,0,0,0,0,0,0,0,0,1,0,0,4,0,0,0,1,0,0,0,0,0,0,0,0,0,0,0,1,0,0,1
175,1082,COLÉGIO ESTADUAL IVO LEAO,R NSA SRA DA CABECA 1183 -CJ VISC MAUA/CJ RONDON CIC SUL,CIDADE INDUSTRIAL,-25.4959634,-49.3165537,75,0,5118,4091,295,149,0,18,4,7,71,10,8,1,0,3,62,0,3,0,22,0,1,1,5,4,0,15,1,2,2,1,2,0,0,0,2,0,0,62,0,0,0,0,1,1,3,1,47,4,117,0,100,0,1,1,0,0,4,0,2,0,4,5,25,0,2,0,0,0,0,0,0,0,50,0,1,0,0,57,1,0,0,3,1,2,0,1,0,3,4,0,0,0,0,98,0,8,2,1,1,0,0,1,1,0,0,0,2,0,22,0,1,0,0,0,1,0,0,0,0,2,0,0,12,6,1,2,26,2,1,40,0,7,0,1,5,35,2,59,23,36,15,9,0,1,0,3,91,0,2,0,0,2,2,26,2,2,2,0,2,1,1,0,0,5,2,0,13,1,0,24,0,1,0,0,0,0,0,1,0,0,1,2,0,0,0,0,0,16,67,0,0,0,0,0,0,0,0,4,4,2,13,1,0,3,0,2,0,0,2,0,3,0,2,0,15,0,0,0,0,0,0,0,0,0,2,0,2,0,0,0,3,0,0,0,0,0,0,0,0,0,0,0,0,7,0,0,25,0,1,0,0,0,0,2,0,0,0,0,0,0,0,0,0,0,0,69,20,0,6,0,1,6,10,0,1,0,0,1,0,0,0,0,3,0,0,5,0,0,2,0,22,3,0,12,0,0,0,0,0,1,1,5,0,0,0,5,1,12,0,0,0,1,0,0,1,0,62,3,19,51,4,0,0,0,17,8,0,0,2,1,6,1,63,73,4,0,67,1,0,0,4,59,0,6,2,2,0,12,3,0,6,0,1,40,0,22,0,0,3,8,30,0,0,0,2,114,1,12,3,270,0,2,0,0,0,0,0,0,0,0,0,0,0,0,0,0,23,2,0,0,1,0,0,9,101,0,1,0,18,0,0,0,20,2,0,1,9,11,0,12,4,20,15,0,1,0,2,16,0,0,0,10,2,5,0,0,0,0,1,0,1,0,0,1,3,0,0,0,0,0,0,0,1,0,2,0,6,0,0,1,0,0,0,0,0,0,1,0,0,31,5,0,0,1,43,0,3,20,0,0,0,0,0,0,5,2,0,0,0,0,0,0,4,0,0,0,7,1,7,0,3,0,0,11,1,0,0,0,0,0,0,1,3,2,0,0,0,1,4,0,0,0,2,5,1,0,0,0,0,0,0,1,0,0,1,0,0,0,112,0,0,0,1,0,5,2,16,5,1,16,5,7,11,0,1,2,84,0,0,14,2,0,8,2,2,0,0,0,2,0,70,3,0,12,4,0,2,0,0,0,0,11,0,6,6,17,4,0,15,2,2,0,1,0,0,0,1,0,0,0,0,0,0,1,0,0,1,0,0,0,0,10,0,0,0,0,0,0,0,1,0,0,0,3,0,0,0,1,0,4,0
175,1090,ESCOLA MUNICIPAL JOAQUIM TAVORA,"R ANGELINA TURESSO CAVALIM,  90 -CJ OSWALDO CRUZ II CIC-SUL",CIDADE INDUSTRIAL,-25.5152795,-49.3264875,75,0,3476,2868,253,108,0,21,2,13,79,6,3,0,2,3,44,1,0,1,13,1,0,0,2,1,0,7,1,0,0,0,0,8,0,0,0,0,0,23,0,0,0,4,0,0,2,1,24,2,91,0,45,0,0,0,1,0,1,0,0,2,1,1,27,1,2,0,1,0,0,0,3,0,30,0,1,0,0,39,0,0,0,2,0,0,0,0,0,10,0,0,0,0,0,37,0,7,0,0,3,0,0,0,2,0,0,0,1,0,32,0,0,0,0,0,0,0,0,0,0,0,0,0,0,2,0,6,29,0,0,28,0,15,4,3,6,19,0,49,18,9,4,3,2,0,0,2,138,0,1,0,2,3,0,26,1,0,1,0,0,1,0,0,0,0,1,2,5,0,1,12,0,2,0,2,0,0,0,0,0,1,1,0,0,0,0,0,1,4,25,0,0,0,0,1,0,0,0,0,2,0,14,2,0,0,0,0,0,0,0,0,4,0,0,2,53,0,0,0,0,1,0,1,0,0,0,0,7,0,0,0,7,0,0,0,0,0,1,0,0,1,0,0,0,112,0,0,23,0,6,0,0,0,0,0,1,1,2,2,0,0,0,0,0,0,0,36,4,0,4,0,2,3,1,0,1,0,0,0,0,0,0,0,3,0,0,3,0,0,0,1,7,0,0,8,0,0,0,0,0,0,0,0,1,0,0,3,0,4,0,0,0,0,0,0,0,0,50,0,9,20,0,0,0,0,33,3,0,0,1,0,4,2,37,64,1,0,34,2,0,0,0,31,3,2,0,1,0,2,1,0,2,0,3,18,0,11,1,0,1,10,31,0,0,3,4,102,0,3,5,118,0,0,0,0,0,0,0,0,0,0,0,0,0,0,1,0,8,0,0,0,0,0,0,0,45,0,0,0,9,0,0,0,3,0,0,1,9,2,0,1,2,8,4,2,14,0,0,6,0,5,0,5,0,0,0,0,0,0,0,0,0,0,0,2,0,0,0,0,0,0,0,0,1,0,0,0,0,0,0,0,0,0,0,0,0,1,0,0,0,5,0,0,0,0,28,1,1,74,0,0,6,0,0,0,1,3,0,0,0,0,1,0,2,0,0,0,7,0,11,0,0,0,0,6,0,1,0,1,0,0,0,4,0,6,0,0,0,3,1,0,0,0,7,0,0,0,0,4,0,0,0,0,0,0,0,0,1,0,49,5,0,0,0,1,0,0,11,6,0,15,8,1,16,0,2,0,18,0,0,3,0,0,1,0,7,0,0,0,0,0,34,0,0,5,1,0,6,0,1,0,0,6,2,5,10,0,1,0,6,1,7,0,0,0,0,0,0,0,0,0,0,0,0,0,0,0,0,0,0,0,0,1,0,0,0,0,0,0,0,1,0,0,0,0,0,5,0,0,0,0,0
175,1104,ESCOLA MUNICIPAL CEI MONTEIRO LOBATO,"R GUILHERME FUGMANN, 501 VL NOSSA  SRA DA LUZ  DOS PINHAIS - CIC",CIDADE INDUSTRIAL,-25.5013104,-49.3204583,75,0,2404,1861,172,84,0,14,3,8,40,2,4,0,1,2,29,1,1,0,11,0,1,0,1,0,0,11,0,0,0,0,0,0,0,0,0,0,0,18,0,0,0,0,0,0,2,0,16,1,82,0,42,0,1,0,0,0,0,0,0,0,0,0,10,0,0,0,0,0,0,0,1,0,28,0,0,0,0,24,0,0,0,1,2,0,0,0,0,3,0,0,0,0,0,22,0,9,1,1,1,0,0,0,0,0,0,0,1,0,14,0,0,1,0,0,0,0,0,0,0,0,0,0,5,4,0,1,13,0,1,26,0,4,0,0,4,12,0,41,13,11,6,1,0,0,2,0,37,0,4,0,1,5,0,12,0,2,0,1,0,2,0,0,0,0,1,0,3,0,0,7,0,0,0,0,0,0,0,1,0,1,1,1,0,0,0,0,0,2,25,0,0,2,0,0,0,0,0,0,2,0,5,0,0,0,0,0,0,0,2,0,3,0,0,0,0,0,0,0,0,1,0,0,0,0,0,0,0,0,0,1,0,0,0,0,0,0,0,0,0,1,0,0,0,9,0,0,27,1,2,0,0,0,0,0,1,0,0,0,0,0,0,0,0,0,0,25,5,0,0,0,2,2,3,0,0,1,0,0,0,0,0,0,0,0,0,1,0,1,0,5,5,0,1,4,0,0,0,0,0,0,0,5,0,0,0,6,0,17,0,0,0,0,0,0,1,0,58,0,15,14,6,0,1,0,1,3,0,0,0,0,2,1,27,39,5,2,24,0,0,0,1,14,0,1,0,0,0,9,2,0,1,0,0,11,1,10,0,0,0,10,10,0,1,1,1,57,0,2,1,82,0,0,0,0,0,0,0,0,0,0,0,0,0,0,0,0,8,0,0,0,0,0,0,0,42,3,0,1,7,0,0,0,1,0,0,0,4,4,0,0,1,6,1,0,4,0,0,12,0,5,0,3,0,2,0,0,0,0,0,0,0,0,0,0,0,0,0,0,0,0,1,0,0,0,0,0,1,0,0,0,0,0,0,0,0,0,0,1,0,12,2,0,0,0,28,3,1,23,0,0,3,0,0,0,0,0,0,0,0,0,0,0,0,0,0,0,2,0,3,1,4,0,8,2,0,0,0,0,0,0,0,0,0,1,0,0,1,0,0,0,0,0,2,0,0,0,0,4,0,1,0,0,0,0,2,0,0,0,54,0,0,2,0,0,1,2,6,1,1,4,5,2,1,0,0,0,18,0,0,7,0,0,3,0,0,2,0,0,0,0,24,1,0,1,0,0,0,0,0,0,0,5,1,11,6,0,0,1,5,0,4,0,0,0,0,0,1,0,0,0,0,0,0,3,0,0,0,0,0,0,0,5,0,0,0,0,0,0,0,0,0,0,0,0,0,2,0,0,1,1,0
175,1112,ESCOLA MUNICIPAL NOSSA SENHORA DA LUZ DOS PINHAIS - CIC,"RUA DAVI XAVIER DA SILVA, 841   VL N. S. DA LUZ DOS PINHAIS - CIC-SUL",CIDADE INDUSTRIAL,-25.5081359,-49.3254334,75,0,2311,1801,153,91,0,8,0,8,55,3,0,0,0,7,35,1,0,0,10,0,1,2,0,3,3,11,0,0,0,0,2,0,0,0,1,1,0,27,1,0,0,0,0,0,0,0,11,0,57,0,49,0,0,0,0,0,0,0,2,1,0,0,10,0,2,0,0,0,0,0,0,0,15,0,1,0,0,34,0,0,0,0,0,1,0,2,0,3,1,0,0,0,0,33,0,12,0,1,1,0,0,0,1,0,0,0,0,0,12,0,0,0,0,0,0,0,0,0,0,0,0,0,1,10,1,4,10,0,0,18,0,5,0,0,1,5,0,25,6,13,4,1,0,0,0,3,71,0,2,0,0,1,0,7,0,0,3,0,0,0,2,0,0,4,0,1,1,0,0,2,0,0,0,1,0,0,1,0,0,0,0,0,0,0,0,0,0,0,31,0,0,0,0,0,0,0,0,4,1,0,6,1,0,0,0,0,0,0,7,0,3,0,0,0,8,0,0,0,0,0,2,0,0,0,2,0,3,0,0,0,2,0,0,0,0,0,1,0,0,0,0,0,0,15,0,0,32,0,0,0,0,0,0,0,0,0,0,0,0,0,0,0,0,0,0,27,1,0,0,0,0,4,1,0,1,0,0,0,0,0,0,0,3,0,0,0,0,0,0,0,2,1,0,4,0,0,0,0,0,0,0,0,0,0,1,1,0,24,0,0,0,0,0,0,0,0,25,1,11,15,4,0,0,0,9,1,0,0,0,0,1,0,17,48,1,0,24,1,0,1,1,16,0,0,0,0,0,4,0,0,0,2,0,28,0,4,0,0,0,4,19,0,0,1,3,57,0,0,0,65,0,0,0,2,0,0,0,0,0,0,0,0,1,0,0,0,6,0,0,0,0,0,0,0,36,0,0,0,4,0,0,0,8,0,0,1,1,1,0,6,1,9,4,0,0,0,0,8,0,7,0,2,0,1,0,0,0,0,0,0,0,0,0,0,0,0,0,0,0,0,0,0,0,0,0,0,0,0,1,0,0,0,0,0,1,0,0,0,0,9,0,0,0,0,19,0,0,43,0,0,0,1,0,0,1,1,0,0,0,0,0,0,2,0,0,0,2,0,3,0,1,0,0,1,0,0,0,0,0,0,0,0,0,1,0,0,0,2,1,0,0,0,5,0,0,0,0,0,0,0,0,1,0,0,1,0,0,0,27,3,0,0,0,1,2,2,18,0,0,8,5,2,9,0,2,0,9,0,1,6,0,0,0,0,1,0,1,0,0,0,27,0,0,0,0,0,3,0,0,0,0,0,0,29,5,2,2,0,6,1,5,0,0,0,0,0,0,0,2,0,0,0,0,0,0,0,0,0,0,0,0,0,0,0,0,0,0,0,0,0,0,0,0,0,0,1,0,0,0,1,0
175,1198,ESCOLA MUNICIPAL PROFESSORA JOANA RAKSA,"RUA FRANCISCA BERALDE PAOLINI, 99 - CAXIMBA",CAXIMBA,-25.618904,-49.3485668,70,0,2911,2232,247,98,0,16,3,8,56,3,3,3,0,4,54,0,2,0,12,0,0,0,2,2,2,12,1,1,1,0,5,0,0,0,0,0,0,31,0,0,0,0,0,0,3,0,32,1,59,0,41,0,1,1,0,0,1,0,0,0,1,0,21,0,1,0,0,0,0,0,0,0,17,0,0,0,0,40,0,0,0,0,0,0,1,0,2,59,0,0,0,0,0,9,0,5,1,2,1,0,0,0,0,0,0,0,0,0,12,0,0,3,1,0,0,0,0,0,0,0,0,0,3,1,0,0,30,1,0,10,0,3,0,2,0,12,0,12,7,49,3,3,0,0,0,6,48,0,0,1,1,1,0,18,1,4,1,3,1,1,3,0,0,1,1,1,1,0,0,3,0,0,0,1,0,0,0,0,0,0,0,0,0,0,0,0,0,3,21,0,0,0,0,0,0,0,0,0,1,0,8,0,0,0,1,0,0,0,2,0,2,0,0,0,6,0,0,0,0,0,0,0,0,1,0,0,0,0,0,1,5,0,1,0,0,0,2,0,0,0,0,0,0,1,1,0,1,0,0,0,0,0,0,0,0,0,0,1,0,0,0,0,0,0,0,39,6,0,5,0,0,0,0,0,0,0,2,0,0,0,1,0,8,0,0,1,0,0,0,0,7,0,0,1,0,0,0,0,0,0,0,0,0,0,0,25,0,4,0,0,0,0,0,0,2,0,41,0,2,6,3,0,0,0,7,3,0,0,0,0,3,2,13,73,1,0,65,5,1,0,1,25,0,2,1,0,0,0,3,0,1,0,3,26,0,8,0,0,1,13,25,0,1,0,4,90,0,4,2,91,0,0,0,0,1,0,0,0,1,0,0,0,1,0,0,0,5,0,0,0,0,0,0,0,34,0,0,2,10,0,0,0,3,0,0,2,1,3,0,1,0,10,0,0,0,0,0,8,0,2,0,18,0,1,0,0,1,0,0,0,0,0,0,0,0,1,0,0,0,0,0,0,0,0,0,0,3,0,0,0,1,0,0,1,0,0,0,2,0,6,3,1,0,0,18,0,0,10,0,0,0,0,0,0,0,0,0,0,0,0,0,0,0,0,0,0,7,0,1,0,2,0,0,4,1,0,0,0,0,1,0,0,0,6,0,0,23,1,0,0,0,0,0,1,0,0,0,0,0,0,0,0,0,0,6,0,0,0,19,0,2,0,0,0,1,5,2,2,0,0,1,3,23,0,0,0,21,0,1,3,0,0,0,0,2,1,0,0,0,0,86,0,1,3,0,0,5,0,0,0,0,5,1,5,6,4,6,1,6,0,1,0,1,0,0,0,1,1,0,0,0,0,0,0,0,0,0,0,0,0,0,0,0,0,0,0,0,0,0,0,1,0,1,1,1,4,0,0,0,3,0
175,1201,COLÉGIO ESTADUAL GUILHERME PEREIRA NETO,"RUA DELEGADO BRUNO DE ALMEIDA, 4386 - CAMPO DE SANTANA",CAMPO DE SANTANA,-25.594745,-49.3223303,71,0,2641,2075,219,97,0,10,5,4,36,5,1,0,0,2,28,1,1,1,13,0,0,0,1,1,1,7,0,1,0,2,0,1,0,0,0,0,0,20,0,0,1,1,0,0,0,0,25,2,59,0,40,0,1,0,0,0,0,0,1,0,1,4,18,0,0,0,0,0,0,0,0,0,15,0,1,1,0,29,0,0,0,0,0,0,0,0,0,0,0,0,0,0,0,12,0,4,0,0,1,0,0,0,0,0,0,0,0,0,21,0,0,0,0,0,0,0,0,0,0,0,0,0,3,7,0,2,15,0,0,20,0,0,1,0,6,13,0,12,29,17,8,1,2,0,0,4,43,0,4,2,0,1,0,11,0,1,1,3,0,2,0,0,0,5,0,0,4,0,0,6,0,0,0,0,0,2,0,0,0,1,0,0,0,0,0,0,0,4,26,0,0,0,0,0,0,0,0,0,0,0,4,0,0,0,0,0,0,0,0,0,6,1,0,0,2,0,0,0,0,0,0,0,0,1,0,0,0,0,0,0,2,0,0,0,0,0,0,1,0,2,0,0,0,1,3,0,3,0,0,0,0,0,0,0,1,0,0,3,0,0,3,0,0,0,0,38,2,0,7,0,3,3,3,0,3,0,0,3,0,0,0,0,0,0,0,0,0,0,0,0,6,0,0,2,0,0,0,0,0,0,0,2,0,0,0,54,2,2,0,0,1,0,0,0,1,0,46,1,1,13,0,0,0,0,6,5,0,0,0,0,2,1,21,60,0,1,42,6,0,0,1,15,0,1,0,0,1,3,1,0,0,2,0,31,0,6,0,0,0,5,42,0,0,0,2,84,0,10,2,93,1,0,0,0,0,0,0,0,2,0,0,0,0,0,0,0,2,0,0,0,0,1,0,0,40,1,0,2,5,0,0,0,2,0,0,0,3,2,1,0,0,25,4,0,4,0,0,3,0,4,0,18,3,4,0,0,2,0,0,0,0,0,0,0,0,1,0,2,0,0,0,0,0,0,0,0,2,0,0,0,1,0,0,0,0,0,0,0,0,8,1,0,0,0,24,0,0,6,0,0,1,0,0,1,0,0,0,0,0,0,0,2,0,0,0,0,12,0,1,0,0,0,0,3,0,0,0,0,0,0,0,0,1,0,0,0,5,0,0,0,0,0,0,0,0,0,0,1,0,0,0,1,0,0,17,0,6,0,29,2,0,4,0,0,4,0,6,1,0,2,3,3,3,0,1,1,56,0,0,0,0,0,0,0,0,2,2,0,0,0,73,1,2,1,0,0,1,0,0,0,0,7,0,2,9,9,0,0,3,0,0,0,0,0,0,0,0,0,0,0,0,0,0,0,0,0,0,0,0,0,0,1,0,0,0,0,0,0,0,1,0,0,0,0,0,1,0,0,0,1,0
175,1210,ESCOLA MUNICIPAL CEI PROFESSOR ANTÔNIO PIETRUZA,"RUA JOÃO AMADEU PEDRO BOM, 135 - VILA PALMEIRA - TATUQUARA",TATUQUARA,-25.5508818,-49.2946267,74,0,3353,2675,316,111,0,24,1,9,61,7,6,1,0,3,44,2,1,0,22,0,0,0,3,0,1,10,1,1,2,0,0,0,0,0,0,0,0,78,1,1,0,0,0,0,1,0,13,1,58,0,67,1,0,0,0,0,2,0,1,0,0,0,18,1,0,0,0,0,1,0,0,0,31,0,1,0,0,57,0,0,0,0,0,0,1,0,0,2,1,0,0,0,0,33,0,11,0,3,0,0,0,0,0,0,0,0,0,2,51,0,0,1,0,0,0,0,0,0,0,0,0,0,1,8,0,0,15,1,0,18,0,2,0,1,1,16,0,29,16,13,10,0,1,1,0,10,43,0,5,0,0,2,0,11,0,0,2,2,1,0,0,2,1,2,2,0,7,0,1,5,0,0,0,0,0,0,0,1,0,1,0,1,0,0,0,0,0,0,24,0,0,1,0,0,0,0,0,2,0,0,3,0,0,0,0,0,0,0,0,0,9,0,1,0,3,0,0,0,0,0,0,1,0,0,1,0,0,0,0,0,1,0,0,0,0,0,0,2,0,2,0,0,0,0,2,0,2,7,3,0,0,0,0,0,1,0,0,0,0,0,2,0,0,0,0,54,3,0,7,0,0,7,2,1,0,0,0,0,0,0,0,0,1,0,0,3,1,0,0,0,10,1,2,0,1,0,0,0,0,0,0,5,1,0,0,12,0,9,0,0,0,0,0,0,0,0,29,1,0,38,0,2,0,0,3,5,0,0,0,0,1,1,49,102,3,0,67,4,2,0,3,36,1,4,1,0,0,3,1,0,3,3,0,23,1,9,1,0,0,12,47,0,1,2,0,99,0,4,3,112,0,0,0,0,0,1,0,0,28,0,0,1,0,0,0,0,6,0,0,0,0,0,0,1,48,0,2,1,14,5,0,0,7,0,0,6,0,0,0,2,0,7,8,2,0,1,0,2,0,3,0,8,0,1,0,2,4,0,0,0,0,0,0,0,0,0,0,0,0,0,0,0,0,0,0,0,6,0,1,0,0,0,0,0,0,1,0,0,0,10,1,0,0,0,23,0,0,68,0,0,3,0,0,0,1,3,0,2,0,0,0,0,0,0,0,0,1,0,0,0,1,0,0,12,0,0,0,0,0,0,0,1,0,0,0,0,3,1,0,0,0,0,4,1,1,0,0,0,0,0,0,0,0,1,2,0,0,0,46,0,0,0,0,0,3,0,3,1,0,14,0,4,6,0,4,0,28,0,0,7,0,0,0,2,2,2,0,0,0,0,39,2,0,3,0,0,1,0,0,0,0,3,1,4,6,12,3,0,3,0,3,0,0,0,0,0,0,0,0,0,0,0,0,0,0,0,0,0,0,0,0,3,0,0,0,0,0,0,0,0,0,0,2,0,0,0,0,1,0,1,0
175,1236,ESCOLA MUNICIPAL PROFESSORA AMÉRICA DA COSTA SABOIA,"RUA EMILIO ROMANI, 2480 - VILA VERDE - CIC SUL",CIDADE INDUSTRIAL,-25.5312208,-49.3349273,75,0,3422,2672,234,97,0,17,6,7,52,3,4,0,0,6,29,0,3,0,15,1,0,0,9,22,1,8,0,1,1,0,1,0,0,0,0,0,0,32,0,0,1,1,0,0,1,1,10,0,31,1,36,0,0,1,0,0,0,0,0,0,0,0,3,0,0,0,0,0,0,0,0,0,15,0,0,0,0,46,0,0,0,1,1,0,0,1,0,1,0,0,0,0,0,10,0,5,0,0,0,0,1,0,2,0,0,0,0,0,6,0,0,0,0,0,0,0,0,0,0,0,0,0,5,5,0,1,18,0,0,12,0,5,0,1,5,14,1,28,8,11,4,0,0,1,0,44,59,1,9,1,0,3,0,13,2,1,2,0,0,0,1,0,0,1,1,0,2,0,0,6,0,0,0,0,0,0,1,0,0,0,0,0,0,0,0,0,0,0,23,0,0,0,0,0,0,0,0,1,1,0,1,0,0,0,0,0,0,0,6,0,3,0,1,0,4,0,0,0,0,0,0,0,0,0,0,0,0,0,0,0,0,0,0,0,0,0,0,0,0,0,0,0,0,4,3,0,53,0,1,0,0,0,0,0,1,0,1,0,0,0,0,0,0,0,0,29,3,0,5,0,0,0,3,0,0,0,0,0,0,0,0,0,1,0,0,1,0,0,2,0,4,0,2,1,0,0,0,0,0,0,0,7,0,0,0,2,0,2,0,0,0,0,0,0,1,0,28,1,1,15,1,0,0,0,4,2,0,0,0,0,6,0,17,53,1,0,25,0,2,0,0,19,2,0,1,0,1,4,1,0,2,1,4,8,0,9,0,1,0,5,7,0,0,0,1,42,0,4,1,83,0,0,0,0,0,0,0,0,0,2,0,0,0,0,1,0,6,0,0,0,0,0,0,1,54,0,1,0,3,0,0,0,3,0,0,2,2,4,0,0,2,10,2,0,1,0,0,2,0,0,0,3,2,0,0,0,0,0,0,0,0,0,0,0,0,1,0,0,0,0,0,0,1,0,0,0,0,0,1,0,2,0,0,1,0,0,0,0,0,22,0,0,0,0,10,0,0,894,0,0,0,0,0,0,0,7,0,0,2,0,0,0,1,0,0,0,2,0,5,0,1,0,0,5,0,2,0,0,0,0,0,0,2,3,0,0,1,0,0,0,0,0,0,0,0,0,0,0,0,0,0,0,0,0,4,0,0,0,23,0,0,1,0,0,1,1,4,2,0,4,0,1,6,0,0,5,2,0,0,1,0,0,0,0,0,0,2,0,0,0,18,0,0,0,1,0,1,0,0,0,0,5,0,2,3,1,0,0,2,2,0,2,0,0,0,0,1,0,0,0,0,0,0,0,0,0,0,0,0,0,0,3,0,0,0,0,0,0,0,0,0,0,2,0,0,0,0,0,0,0,0
175,1244,ESCOLA MUNICIPAL DONA POMPÍLIA,"RUA JOVENILSON AMÉRICO DE OLIVEIRA, 240 - JARDIM DA ORDEM - TATUQUARA",TATUQUARA,-25.5593434,-49.3314121,74,0,4575,3609,382,136,0,41,3,21,101,3,7,0,2,7,50,3,0,0,16,1,1,0,0,4,1,19,0,0,1,2,2,0,0,0,0,0,1,75,0,1,0,0,0,0,0,0,30,2,131,0,61,0,3,1,0,0,1,0,3,0,0,0,23,0,0,0,1,0,0,0,0,0,32,1,0,0,1,91,0,0,0,1,0,0,0,0,0,0,0,0,0,0,1,32,0,15,1,2,1,0,0,0,1,0,0,0,1,1,22,0,0,1,0,0,0,0,1,0,0,0,0,0,11,3,0,1,22,1,3,27,0,4,0,1,1,32,0,40,30,27,8,7,0,0,3,11,121,0,10,0,2,2,0,21,1,1,1,0,0,2,0,1,0,3,0,0,5,1,1,9,0,0,0,1,0,0,0,1,0,0,3,0,0,0,0,0,0,7,37,0,0,0,0,0,1,0,0,0,2,0,9,0,0,0,0,0,0,0,8,1,80,0,1,0,18,0,0,0,0,1,0,0,1,0,1,0,0,0,0,1,2,0,1,0,0,0,0,26,0,5,6,0,0,0,22,0,11,1,4,4,2,3,6,1,4,2,0,2,0,0,2,0,0,0,0,38,4,0,4,0,1,9,3,0,4,0,0,1,0,0,0,0,0,0,0,1,0,0,2,0,10,5,0,0,0,0,0,0,1,0,0,3,0,0,0,92,0,13,0,0,0,0,0,0,1,0,46,1,13,19,0,1,1,0,9,1,0,0,1,0,6,4,30,118,2,0,90,1,3,0,0,35,0,3,1,0,0,7,0,0,2,1,3,47,1,8,1,1,1,11,74,0,3,1,4,155,0,11,1,127,0,0,0,0,0,0,0,0,3,0,0,0,1,0,0,0,14,0,0,0,0,0,0,1,65,0,0,0,13,0,0,0,2,0,0,1,3,0,0,1,1,1,10,0,4,0,0,4,0,1,0,3,0,1,0,0,0,0,0,0,2,0,0,0,0,1,0,0,0,0,0,0,0,0,0,2,0,0,0,0,0,0,0,0,0,1,2,0,2,17,0,0,1,1,33,0,0,57,3,0,7,0,0,0,0,2,0,0,0,0,0,0,0,0,0,0,0,0,3,0,0,0,0,10,0,0,0,0,0,0,0,0,0,2,0,0,2,0,0,0,0,0,0,3,1,0,0,17,0,0,0,0,0,1,1,0,1,0,45,1,0,2,0,0,3,3,6,1,0,2,1,3,13,0,2,1,12,0,0,10,0,0,0,0,4,3,1,0,1,0,46,0,4,1,1,0,4,2,0,0,2,8,1,5,13,2,7,0,10,0,1,1,0,0,0,0,0,0,0,0,0,1,0,0,0,0,0,0,0,0,0,3,0,0,1,0,0,0,3,0,0,0,0,0,0,4,0,2,0,5,0
175,1260,ESCOLA MUNICIPAL PROFESSOR DARIO PERSIANO DE CASTRO VELLOZO,"RUA DESEMBARGADOR CID CAMPELLO, 4630  CIC SUL",CIDADE INDUSTRIAL,-25.5095036,-49.3353435,75,0,3528,2730,309,111,0,18,5,17,58,1,3,1,0,4,34,1,0,0,20,2,1,0,3,3,3,9,0,1,0,0,1,1,0,0,0,0,0,30,1,0,0,3,0,0,0,0,23,0,90,0,57,0,1,0,0,0,0,0,1,2,0,0,49,0,2,0,1,0,0,0,0,0,26,0,3,0,0,26,0,0,0,9,0,3,0,1,0,2,1,0,0,0,0,18,0,1,1,1,0,0,1,0,0,0,0,0,0,0,23,0,0,0,0,0,1,0,0,0,0,0,0,0,4,3,0,6,23,0,3,15,0,9,1,2,1,14,2,42,26,22,3,0,0,0,1,5,90,0,4,1,1,6,0,19,2,0,1,0,2,1,1,1,1,1,0,0,3,0,0,7,0,1,0,0,0,0,1,0,0,0,0,1,0,0,0,0,0,2,31,1,0,0,0,0,0,0,0,0,1,0,11,3,0,1,0,2,0,0,5,0,2,0,0,0,11,0,0,0,0,1,0,0,0,1,1,0,1,0,0,0,2,0,0,0,0,0,2,0,0,1,0,0,0,34,2,0,12,0,3,0,0,0,0,0,0,0,0,0,1,0,1,0,0,0,0,48,0,1,4,0,1,3,2,1,1,0,0,0,1,0,0,0,3,1,0,2,0,1,0,0,2,0,1,15,0,0,0,0,5,0,0,7,0,0,0,9,0,8,0,0,0,0,0,0,2,0,35,5,6,27,4,0,0,0,33,12,1,0,0,0,4,0,29,87,5,2,32,6,0,0,0,39,0,5,0,0,0,2,0,0,1,0,0,23,0,23,0,0,0,7,27,1,1,3,4,89,0,0,5,151,1,0,0,0,0,0,0,0,0,0,0,0,0,1,0,0,6,0,0,0,0,0,0,1,46,1,0,0,3,0,1,0,5,0,0,3,1,2,0,1,8,7,1,0,3,0,0,6,0,12,1,9,0,1,0,0,1,0,0,0,0,0,0,0,0,1,0,0,0,0,1,0,0,0,0,0,1,0,0,0,0,0,0,1,0,0,1,0,0,21,4,0,0,0,17,0,0,56,0,0,2,0,0,0,1,0,0,0,0,0,0,1,3,0,3,0,2,0,21,0,1,0,0,7,0,0,0,0,0,0,0,0,1,5,0,0,0,1,0,1,0,0,2,0,0,0,0,0,0,0,0,0,0,0,2,0,2,0,38,34,0,2,0,0,9,1,18,2,0,9,5,7,1,0,0,0,19,1,0,3,0,0,1,0,0,0,1,0,2,0,25,0,0,4,0,0,1,0,0,0,0,6,0,8,5,3,1,1,4,0,2,0,0,0,1,0,0,0,0,0,0,0,0,0,0,0,1,0,0,0,0,1,0,0,0,0,0,0,0,0,0,0,0,1,0,4,0,0,0,1,1
175,1279,COLÉGIO ESTADUAL RODOLPHO ZANINELLI,"RUA ANTÔNIA MOLINA BELLA, 610 - VILA VERDE - CIC",CIDADE INDUSTRIAL,-25.5273212,-49.3344031,75,0,5336,4115,383,172,0,15,3,7,73,6,5,0,1,5,42,0,3,0,15,0,0,0,12,22,1,10,0,0,0,0,1,0,0,0,0,1,0,28,0,1,0,0,0,1,4,0,26,0,45,0,31,0,2,0,0,0,0,0,2,0,1,1,25,0,1,0,0,0,0,0,0,0,18,0,0,0,0,78,0,0,0,0,1,1,0,1,0,5,0,0,0,0,0,20,0,7,1,1,0,1,0,0,1,0,0,0,0,0,7,0,0,0,0,1,0,0,0,0,0,0,0,0,2,12,2,0,14,0,1,19,0,3,0,1,5,27,0,55,18,16,14,4,0,1,0,36,100,0,11,0,0,2,0,24,2,0,3,2,1,0,1,0,0,1,0,0,6,0,0,14,0,2,0,1,0,0,0,0,0,1,0,0,0,0,0,0,0,6,29,0,1,0,0,0,0,0,0,1,0,0,1,0,0,0,1,0,0,0,3,1,5,0,0,2,7,0,0,0,0,0,0,0,0,3,2,0,0,0,0,2,0,0,0,0,0,0,0,0,0,1,0,0,0,6,5,0,86,0,0,0,0,0,0,4,0,0,1,0,0,0,0,0,0,0,0,47,4,0,3,0,0,1,2,1,0,0,0,0,0,0,0,0,4,0,0,3,0,0,1,0,6,0,1,0,0,0,0,0,0,0,0,4,0,0,0,7,0,1,0,0,0,0,0,0,0,0,36,4,2,34,4,0,1,0,11,5,0,1,0,0,5,2,34,56,3,0,55,6,1,0,2,29,0,1,0,0,0,3,1,0,0,0,0,26,0,10,0,0,1,8,13,0,0,0,3,94,0,1,4,142,2,0,0,0,0,0,0,0,0,0,0,0,1,0,0,0,3,0,0,0,0,0,0,0,64,0,0,0,3,0,0,0,5,0,0,2,4,3,0,0,0,8,2,0,8,0,4,4,0,0,1,6,0,1,0,0,0,0,0,0,0,0,1,0,0,0,0,0,0,0,0,0,0,0,0,0,0,2,0,1,2,0,0,0,1,1,0,0,0,32,0,0,0,0,17,0,0,1399,1,0,0,0,0,0,0,5,0,0,2,0,0,0,0,0,0,0,0,0,7,0,3,0,0,1,0,0,0,0,1,0,0,0,2,7,0,0,1,0,0,0,0,0,1,1,1,0,0,0,0,0,0,0,0,0,3,0,0,0,62,3,0,0,0,1,5,0,0,1,0,9,1,1,5,0,0,0,6,0,0,1,0,0,0,0,1,0,1,0,0,0,21,1,0,1,1,0,2,0,0,0,0,5,0,6,5,0,3,0,3,0,1,2,0,0,1,0,0,1,0,0,0,0,0,4,0,0,0,0,1,0,0,3,0,0,0,0,0,0,0,0,0,0,0,0,0,3,0,1,0,1,0
175,1287,COLÉGIO ESTADUAL ARLINDO CARVALHO DE AMORIM,"RUA DESEMBARGADOR CID CAMPELLO,  6301 - CIC SUL",CIDADE INDUSTRIAL,-25.4956875,-49.338106,75,0,4646,3564,448,180,0,20,7,21,56,8,8,0,1,12,46,2,0,0,19,0,1,2,3,6,3,13,0,1,1,0,2,0,1,0,0,0,0,64,0,0,0,0,0,0,0,2,30,1,60,0,55,0,0,0,0,0,0,0,1,0,2,0,92,0,3,1,0,1,0,0,0,0,51,0,1,0,5,61,0,0,0,8,0,0,0,0,0,7,0,0,0,0,0,27,0,5,2,1,2,0,0,0,2,0,0,0,1,0,17,0,0,1,0,0,0,0,0,0,0,0,0,0,15,1,0,8,33,0,2,37,0,7,0,2,6,14,0,69,12,36,11,2,3,0,0,4,92,0,4,2,2,3,1,14,1,2,4,1,0,12,0,0,0,5,0,0,7,0,3,14,0,1,0,0,0,0,0,3,0,1,1,0,1,0,0,0,0,8,46,0,1,0,0,0,0,0,0,0,1,1,9,3,0,0,0,0,0,0,5,0,9,0,1,0,5,0,0,0,0,0,0,0,0,0,0,0,2,0,0,0,6,0,0,0,0,0,0,1,0,0,0,0,0,1,5,0,15,0,1,0,0,0,1,1,0,1,0,0,0,0,0,0,0,0,0,62,4,1,3,0,1,4,6,1,2,0,0,0,0,0,1,0,2,0,0,1,0,0,1,0,9,1,0,37,1,0,0,0,3,0,2,3,0,0,0,2,0,6,0,0,0,0,0,0,1,0,61,3,3,39,1,0,0,0,34,13,0,0,0,0,7,2,31,100,3,0,55,5,3,0,0,59,0,1,0,0,0,1,2,0,4,1,1,32,0,24,0,0,3,14,20,0,0,3,1,136,1,0,9,190,2,0,0,0,0,0,1,0,0,0,0,0,0,0,0,0,8,0,0,0,0,0,0,1,65,0,0,0,14,0,0,0,7,0,0,0,7,3,0,4,1,7,5,0,5,0,0,2,0,0,0,30,0,9,0,0,0,0,0,0,0,0,0,0,0,0,0,0,0,0,4,0,0,0,0,0,2,0,0,0,0,0,0,0,1,1,6,0,1,18,0,0,0,0,20,0,0,95,1,0,5,1,0,0,0,1,0,0,0,0,0,0,5,0,0,0,3,0,35,0,1,0,4,11,0,2,0,0,0,0,0,0,0,2,0,0,0,2,1,0,0,0,3,1,0,0,0,1,0,0,0,0,0,0,2,3,2,0,44,2,0,0,1,0,1,0,5,0,2,15,6,4,2,0,2,0,11,0,0,6,0,0,3,1,0,0,0,0,4,0,38,0,0,8,0,0,5,0,0,0,0,19,0,9,2,0,1,0,11,0,9,0,0,0,0,0,1,0,0,0,1,0,0,0,0,0,0,0,0,0,0,0,0,0,0,0,0,0,0,0,0,0,1,0,0,3,0,1,0,2,0
175,1295,ESCOLA MUNICIPAL SANTA ANA MESTRA,"RUA JOÃO PEREIRA TRINDADE, 265 - MORADIAS JAMAICA - CAMPO DO SANTANA",CAMPO DE SANTANA,-25.5848078,-49.3236081,71,0,4352,3423,362,126,0,35,1,11,68,6,8,0,0,8,48,2,1,0,25,0,1,1,3,7,4,10,0,0,1,0,3,0,0,0,1,0,1,57,0,0,2,0,0,0,0,0,23,5,99,0,84,0,4,1,0,0,1,0,1,0,0,0,30,0,2,0,0,0,0,0,2,0,26,0,1,0,0,79,0,0,0,1,1,0,1,0,0,5,1,0,0,0,0,41,0,10,1,0,0,0,0,0,1,0,0,0,0,0,31,0,0,1,0,0,0,0,0,0,0,0,0,0,4,9,0,1,35,0,1,18,0,12,3,2,14,17,1,39,37,28,6,3,0,0,2,7,42,2,5,0,0,5,0,12,3,0,1,0,0,0,0,1,0,5,0,0,5,0,0,15,1,0,0,1,0,0,0,0,0,0,0,2,3,0,0,1,0,2,46,0,0,2,0,0,0,0,0,3,0,0,5,0,0,0,1,2,0,0,2,0,13,0,0,0,8,0,0,0,0,0,0,0,0,0,0,0,0,0,0,1,4,0,0,0,0,0,0,0,0,0,0,0,0,0,1,0,4,0,6,0,0,0,1,0,3,1,0,0,0,0,0,0,0,0,0,91,1,0,14,0,3,2,2,0,0,0,0,0,0,0,0,0,8,0,0,2,0,0,0,0,4,1,0,6,0,0,0,0,3,1,1,0,0,0,0,115,0,6,0,0,0,0,0,0,0,0,46,1,1,27,2,0,0,0,3,5,1,0,0,0,7,1,50,101,1,0,74,5,1,0,2,40,0,3,0,0,0,1,0,0,3,0,0,41,0,6,0,0,0,9,119,3,0,0,2,133,0,2,3,181,0,0,0,0,0,0,0,0,3,0,0,0,0,0,0,0,12,0,0,0,0,0,0,0,65,2,1,1,14,1,0,3,5,0,0,0,6,1,0,3,0,14,6,0,5,0,0,3,0,2,0,17,0,0,0,0,1,0,0,0,0,0,0,0,0,0,0,0,0,0,0,0,0,0,0,1,2,0,0,0,0,0,0,0,4,1,0,0,0,16,2,0,0,0,45,0,1,46,0,0,1,0,0,0,1,0,0,0,0,0,0,0,1,0,0,0,16,1,0,0,1,0,0,2,0,0,0,0,0,0,0,0,2,1,0,0,4,1,0,0,1,0,1,2,1,0,1,0,0,0,0,0,0,0,5,0,0,0,57,0,0,3,0,0,2,2,9,0,1,8,3,0,4,0,1,0,55,0,0,6,0,0,0,2,1,0,1,0,0,0,67,1,0,5,0,0,0,0,0,0,0,8,0,1,5,5,4,0,11,1,0,0,0,0,0,0,0,0,0,0,3,0,0,0,0,0,0,0,0,0,0,4,0,0,0,0,0,0,0,0,0,0,0,0,0,1,0,1,0,0,0
175,1309,ESCOLA MUNICIPAL PROFESSOR DARCY RIBEIRO,"RUA  ENETTE DUBARD, 90 - MORADIAS SANTA RITA - TATUQUARA",TATUQUARA,-25.5602553,-49.3389675,74,0,4934,3971,378,159,0,40,8,13,76,5,6,0,1,12,53,3,0,0,24,0,0,0,0,6,3,12,2,0,0,0,0,0,0,0,0,0,0,93,2,0,0,0,1,0,2,0,25,2,100,0,75,0,1,0,0,0,1,0,1,0,1,0,62,0,0,0,0,2,1,0,0,0,32,0,2,0,0,107,0,0,0,2,0,3,2,0,0,3,0,0,0,0,0,38,0,10,2,3,6,0,2,0,7,0,0,0,1,1,13,0,1,0,0,0,0,0,0,0,0,0,0,0,4,11,0,2,33,0,2,39,0,9,0,2,3,19,1,51,29,34,11,4,0,0,0,3,141,0,6,0,0,2,1,23,1,1,1,3,0,0,2,0,0,0,0,0,4,0,0,11,0,2,0,3,0,0,0,1,0,1,1,0,1,0,0,0,0,3,37,0,0,0,0,0,1,0,0,1,6,0,9,0,0,0,0,0,0,0,3,0,29,0,1,0,26,0,0,0,0,0,1,0,0,1,2,0,0,0,0,0,3,0,1,0,0,0,3,15,0,2,1,0,0,2,29,0,15,8,5,7,3,2,27,1,3,18,1,0,0,0,0,0,0,0,1,53,3,0,9,0,2,9,4,0,0,2,0,2,0,1,0,0,5,0,0,3,0,0,1,0,6,1,1,6,2,0,0,0,0,0,1,14,0,0,0,140,0,20,0,0,0,1,0,0,0,0,62,3,10,35,6,0,0,0,12,2,0,0,0,2,9,0,40,141,2,0,66,8,1,0,0,40,0,2,2,0,0,8,1,2,3,0,3,35,0,14,2,0,2,15,99,0,1,1,15,138,0,3,9,137,0,0,0,0,0,0,0,0,2,0,0,0,1,0,0,0,2,0,0,0,0,0,0,1,53,0,1,0,10,0,0,0,0,0,0,4,5,1,0,6,1,11,5,0,2,0,1,12,0,1,0,9,1,0,0,0,4,0,4,0,0,0,0,0,0,0,0,0,0,0,0,0,1,0,0,0,0,0,0,0,0,0,0,2,0,0,0,0,0,24,0,0,0,0,30,0,0,66,1,0,20,0,0,0,1,1,2,0,0,0,1,0,2,0,0,0,2,0,1,0,1,0,1,9,0,0,0,0,0,0,0,0,0,4,0,0,1,3,0,0,0,0,1,1,0,0,0,7,0,0,0,0,0,0,0,1,2,0,56,1,0,1,0,0,5,1,13,2,0,3,7,1,7,0,4,0,18,0,0,20,0,0,0,2,0,0,0,0,5,0,62,0,0,2,0,0,5,0,0,0,0,14,0,3,10,12,9,0,8,2,4,0,0,0,0,0,0,0,0,1,0,0,0,0,0,0,0,0,0,0,0,4,0,0,0,1,0,0,1,0,0,0,1,0,0,7,0,1,0,5,0
175,1430,ESCOLA MUNICIPAL MARGARIDA ORSO DALLAGASSA,"RUA SARGENTO FRANCISCO DA SILVA COTRIN, 100 - VILA POMPÉIA - TATUQUARA",TATUQUARA,-25.5595213,-49.3155177,74,0,5014,3864,423,162,0,34,5,18,80,5,7,0,1,7,87,3,1,0,24,2,0,1,7,7,1,22,0,0,1,0,1,0,0,1,1,0,2,63,0,2,0,1,0,0,2,1,24,1,94,0,68,0,1,0,0,0,1,0,0,0,0,2,43,1,1,0,0,0,0,0,1,0,41,0,0,0,0,52,1,0,0,2,1,1,0,0,0,3,0,0,0,1,0,32,0,6,1,2,1,0,0,0,6,0,0,1,0,0,14,0,0,1,0,0,0,0,0,0,0,0,0,0,4,23,0,0,29,0,2,40,0,6,0,6,5,28,0,34,34,56,8,3,0,0,0,48,77,1,1,0,0,2,1,19,3,0,2,6,0,0,4,1,1,3,0,0,7,1,1,20,0,0,0,2,0,0,0,2,0,0,1,0,0,0,0,0,0,13,33,0,0,1,0,0,0,0,0,7,1,0,4,0,0,0,0,4,0,0,2,0,32,0,3,0,20,1,0,0,0,0,0,1,0,2,1,0,0,0,0,0,2,1,0,0,0,0,0,15,0,0,0,0,0,0,6,0,8,1,0,0,8,1,6,0,1,0,0,0,0,0,0,0,0,0,0,72,5,0,12,0,1,4,3,0,3,0,0,0,0,2,0,0,5,0,0,2,0,0,1,0,10,2,0,8,0,0,0,0,0,0,0,6,0,0,0,81,0,5,0,0,0,0,0,0,2,0,55,3,3,36,2,0,0,0,5,7,0,0,0,0,2,1,54,140,0,0,96,1,1,0,1,64,0,1,2,0,2,6,0,0,12,0,1,70,2,3,0,0,1,17,76,0,3,0,1,157,0,22,3,167,2,0,0,1,1,0,0,0,4,0,0,0,0,0,0,0,5,0,0,0,0,0,0,0,57,0,0,0,8,1,0,0,0,0,1,0,0,0,0,1,0,23,6,1,3,0,0,16,0,1,1,21,1,0,0,0,0,0,0,0,0,0,0,0,0,3,0,0,0,0,1,0,0,0,0,0,1,0,0,4,0,0,0,0,1,0,3,0,0,15,1,0,0,0,33,0,0,26,0,0,0,0,0,0,0,2,0,0,1,0,2,0,0,0,0,0,0,0,3,0,3,0,0,5,0,0,0,0,0,0,0,0,1,0,0,0,3,1,0,0,0,0,1,1,0,0,0,0,0,0,0,0,0,0,3,0,0,0,65,0,0,2,0,1,5,2,4,3,2,6,1,2,13,0,0,1,29,0,0,7,0,0,1,2,0,0,1,0,1,0,68,0,2,3,0,0,15,1,0,0,0,15,2,5,13,4,11,0,9,0,1,0,3,0,0,0,0,0,0,0,0,0,0,0,0,0,1,0,0,0,0,1,0,0,0,1,0,0,1,1,0,0,18,0,0,1,0,0,0,1,0
175,1449,ESCOLA MUNICIPAL DO CAIC CÂNDIDO PORTINARI,"R. ANTÔNIO GEROSLAU FERREIRA, 497 - CJ.DIADEMA II - CIC-SUL",CIDADE INDUSTRIAL,-25.496124,-49.3498836,75,0,5032,4067,404,181,0,21,2,13,89,5,6,0,1,8,61,2,2,0,13,1,0,0,8,7,4,16,1,1,0,1,1,0,0,0,0,2,0,59,0,0,0,6,0,0,1,0,40,4,96,0,99,0,0,2,0,0,5,0,1,0,1,2,25,0,2,0,0,0,0,0,0,0,46,0,3,0,0,95,0,0,0,2,0,0,1,2,1,9,2,0,0,0,0,36,0,9,0,1,2,0,0,0,2,0,0,1,2,0,32,0,0,1,0,0,0,0,0,0,0,0,0,1,17,20,0,0,33,0,0,33,0,9,0,2,2,17,0,79,28,57,7,4,0,1,0,0,95,0,3,0,3,7,0,25,1,0,3,4,0,2,0,0,1,9,2,0,18,0,1,15,0,0,0,0,0,2,2,2,0,0,1,1,0,0,0,0,0,5,51,0,0,0,0,0,0,0,1,2,2,0,7,1,1,0,0,0,0,1,3,0,3,0,1,0,7,0,0,0,0,0,0,0,0,2,1,0,0,0,0,1,0,0,0,0,0,1,0,0,1,0,0,0,0,1,1,0,7,0,0,1,0,0,0,0,0,0,3,0,3,0,0,0,0,0,0,69,6,0,5,1,1,3,5,0,6,2,1,1,1,0,2,0,3,0,2,3,0,0,1,0,14,0,3,79,1,0,0,0,1,0,1,4,1,0,0,6,2,5,0,0,0,0,0,0,1,0,83,4,1,31,4,0,0,0,27,10,0,0,0,0,5,0,64,128,2,1,46,6,1,0,1,59,0,4,2,0,2,8,2,1,10,2,2,80,0,9,0,1,5,33,24,0,3,1,4,140,3,8,2,241,2,1,0,0,0,0,0,0,0,0,0,0,1,0,0,0,20,0,0,0,0,0,0,3,65,0,1,1,13,0,0,0,8,0,0,3,4,8,0,8,0,13,12,0,12,0,0,5,0,10,2,39,1,13,0,1,0,0,0,0,0,0,0,0,0,1,1,0,0,0,0,0,1,0,0,2,3,0,0,1,1,0,1,0,0,1,0,2,0,16,0,0,0,0,34,0,0,40,0,0,9,0,0,0,7,0,0,0,0,0,0,0,3,0,0,0,1,0,57,0,3,0,2,4,0,0,0,1,0,1,1,0,0,3,0,0,0,1,0,0,1,0,4,2,1,0,0,0,0,0,0,8,0,0,1,0,1,0,86,0,1,2,0,0,2,0,2,3,0,3,4,3,4,0,3,0,6,0,0,17,0,0,0,0,4,0,1,0,5,0,29,0,0,9,1,0,1,1,0,0,0,11,0,8,13,5,2,0,6,0,6,8,0,0,0,0,2,0,0,0,0,0,0,0,0,0,0,0,0,0,0,7,0,0,0,0,0,1,0,1,0,0,0,0,0,3,0,0,1,1,0
175,1457,ESCOLA MUNICIPAL PROFESSOR OSVALDO ARNS,"R. ODIR GOMES DA ROCHA, 546 - VILA EVANGÉLICA - TATUQUARA",TATUQUARA,-25.5726263,-49.3372512,74,0,3745,3026,344,127,0,28,3,9,68,10,1,2,0,11,33,0,0,0,16,1,0,1,2,4,1,8,0,0,0,0,4,0,0,0,0,0,0,63,0,0,0,1,0,0,1,0,35,2,90,0,41,2,3,1,0,1,0,0,0,0,0,1,48,0,3,0,0,0,0,0,0,0,28,2,1,0,0,77,0,0,0,2,0,0,1,0,0,0,2,0,0,0,0,35,0,8,1,2,0,0,0,0,0,0,0,0,0,0,36,0,0,0,0,0,0,0,0,0,0,0,0,0,4,23,0,2,19,0,0,17,0,7,1,3,2,14,0,30,55,29,22,4,1,0,0,2,99,0,0,2,1,3,0,19,0,1,0,0,1,1,1,0,2,1,1,1,5,0,0,9,0,0,0,0,0,0,0,1,0,0,1,1,0,0,0,0,0,2,44,0,0,0,0,0,0,0,0,3,0,0,15,3,0,0,0,0,1,0,3,0,13,0,1,0,10,0,0,0,0,0,0,1,0,1,0,0,0,0,0,0,1,0,0,0,0,0,2,14,0,9,0,0,0,0,12,0,3,1,4,0,1,3,4,0,3,2,0,1,0,0,0,0,0,0,0,56,0,0,5,0,0,3,2,0,2,0,0,0,0,0,1,0,2,1,0,2,2,0,0,0,4,0,1,4,1,0,0,0,0,0,0,2,0,0,1,126,0,6,0,0,0,0,0,0,0,0,30,6,5,17,1,0,0,1,10,9,0,0,0,2,0,0,23,87,3,0,51,2,1,0,1,31,0,0,4,0,0,2,1,1,2,0,1,28,1,14,0,0,1,14,67,0,2,2,2,107,1,10,4,95,1,1,0,0,0,0,0,0,2,0,0,0,0,0,0,0,8,0,0,0,0,0,0,0,38,0,1,0,16,0,0,0,3,0,0,0,3,2,0,0,1,11,6,0,1,0,0,3,0,2,1,16,0,0,0,0,1,0,0,0,0,0,0,0,1,2,0,0,0,0,0,0,0,0,1,0,2,0,0,0,0,0,0,0,0,1,0,0,0,18,0,0,0,0,21,0,0,31,0,0,2,0,0,0,3,20,0,0,0,0,1,0,0,0,0,0,0,0,0,0,0,0,0,10,0,0,0,1,0,0,0,0,0,6,0,0,1,1,0,0,0,0,3,0,3,0,0,5,0,1,0,0,0,0,0,0,1,0,53,4,0,1,0,0,2,4,5,1,0,10,4,4,8,0,1,0,10,0,0,10,0,0,0,1,2,0,0,0,3,0,37,0,0,2,1,0,2,0,1,0,0,4,0,5,7,2,2,0,9,1,3,0,0,0,0,0,0,0,0,0,0,0,0,0,0,0,0,0,0,0,0,2,0,0,0,0,0,0,5,0,0,0,0,0,2,2,0,1,0,1,0
175,1481,ESCOLA MUNICIPAL NEWTON BORGES DOS REIS,"RUA ADRIANA CERES ZAGO BUENO, 1350 - MORADIAS SANTA RITA - TATUQUARA",TATUQUARA,-25.5657962,-49.3341148,74,0,3792,3041,331,127,0,16,3,8,71,7,4,1,2,7,34,0,0,0,10,2,2,0,1,3,1,11,0,0,1,0,0,0,0,1,0,0,0,48,0,0,0,0,0,0,1,0,34,1,117,0,45,0,5,0,1,0,1,0,0,0,0,3,22,1,1,0,0,0,0,0,0,0,45,0,0,0,0,72,0,0,0,5,0,0,0,0,0,0,1,0,0,0,0,37,0,1,2,1,3,0,0,0,0,0,0,0,0,0,19,0,0,0,1,0,0,0,0,0,0,1,0,0,2,16,0,0,8,1,3,26,0,5,0,2,1,20,0,27,24,21,12,4,1,0,0,8,91,0,0,0,1,2,0,17,0,0,1,0,0,1,0,1,0,0,4,1,3,1,0,7,0,2,0,0,0,0,0,2,0,0,0,0,0,0,0,0,0,5,31,0,0,2,0,0,1,0,0,0,7,0,16,0,0,0,0,1,0,0,5,0,22,0,0,0,7,0,2,0,0,0,1,0,0,0,0,0,0,0,0,0,0,0,3,0,0,0,0,6,0,4,6,0,0,2,27,0,3,15,4,0,0,1,7,0,1,0,0,3,0,0,0,0,0,1,0,56,2,0,5,0,1,1,1,0,2,0,0,0,0,0,0,0,0,0,0,6,0,0,0,0,8,1,0,4,4,0,0,0,0,0,0,2,0,0,0,97,0,3,0,0,0,0,0,0,0,0,52,2,9,22,8,0,0,0,11,6,0,0,0,0,4,2,26,108,1,0,64,4,0,0,2,31,1,2,0,0,1,4,0,0,2,2,1,28,1,12,0,0,0,18,63,1,1,2,5,131,0,5,3,139,0,0,0,0,1,0,0,0,1,0,0,0,0,0,0,0,8,0,0,1,0,0,0,0,40,0,0,1,9,0,1,0,4,0,0,0,4,3,0,3,2,8,9,0,11,0,0,4,0,2,1,14,0,2,0,0,0,0,0,0,0,0,0,0,0,0,0,0,0,0,0,0,0,0,0,0,0,0,0,0,1,0,0,0,0,0,1,0,1,9,0,0,0,0,17,0,0,35,1,0,15,0,0,0,0,1,0,0,0,0,0,0,1,0,0,0,1,0,2,0,1,0,0,2,1,0,0,0,0,0,0,0,1,2,0,0,0,0,0,0,0,0,0,2,0,0,0,1,0,0,0,0,0,0,0,0,1,0,33,1,0,1,1,2,2,2,7,1,0,6,4,5,12,0,0,0,15,0,0,12,0,0,0,0,0,0,0,0,1,0,53,0,3,4,1,0,0,0,0,0,1,5,0,14,19,7,8,0,3,0,5,1,0,0,0,0,0,0,0,0,0,0,0,0,0,0,0,0,2,0,0,4,0,0,1,0,0,0,1,0,0,0,0,0,0,0,0,1,0,2,0
175,1490,COLÉGIO ESTADUAL DESEMBARGADOR GUILHERME DE ALBUQUERQUE MARANHÃO,"RUA JOSÉ ANGELO MARTINS, 101 - MORADIAS DA ORDEM - TATUQUARA",TATUQUARA,-25.5579346,-49.3324577,74,0,3700,2780,338,122,0,13,3,7,40,6,4,0,0,3,30,1,0,0,10,0,1,0,1,5,1,7,0,0,0,1,1,0,0,0,0,0,0,41,0,0,0,0,0,0,1,0,18,3,101,1,35,0,3,0,0,0,1,0,2,0,0,1,21,0,0,0,0,0,0,0,0,0,31,0,1,0,1,101,0,0,0,1,0,0,1,0,0,2,0,0,0,0,0,29,0,12,0,1,1,0,0,0,0,0,0,0,1,0,14,0,0,1,0,0,0,0,0,0,0,0,0,0,3,2,0,1,15,0,4,16,0,6,0,2,1,21,1,33,23,16,5,1,0,0,1,8,84,0,3,1,0,7,1,21,0,0,2,1,2,0,1,0,0,1,0,0,7,0,0,17,0,0,0,2,0,0,0,3,0,1,0,0,0,0,0,0,0,4,34,0,0,1,0,0,0,0,0,0,6,0,8,0,0,0,0,0,1,0,3,0,39,0,0,0,9,0,0,0,0,0,0,2,0,0,1,0,0,0,0,2,1,0,0,0,0,0,1,10,0,1,1,0,0,1,10,0,14,1,7,0,5,0,8,0,1,3,1,0,0,0,0,0,0,0,0,56,1,0,8,0,1,3,3,0,2,0,0,0,0,1,0,0,1,0,0,0,0,0,0,0,5,0,1,1,0,0,1,0,0,0,0,4,0,0,0,87,0,7,0,0,0,0,0,0,0,0,37,1,4,26,1,0,0,0,5,4,0,0,0,0,1,4,35,88,1,0,64,1,1,0,1,31,0,3,1,0,0,5,0,0,2,0,1,28,1,6,2,0,0,12,57,1,0,0,3,124,0,8,4,113,0,0,0,0,0,1,0,0,0,0,0,0,0,0,0,0,6,0,0,0,0,0,1,2,46,0,0,0,4,0,1,0,6,0,0,0,1,2,0,4,2,8,8,0,4,0,0,5,0,0,1,11,0,0,0,0,0,0,0,0,0,0,0,0,0,0,0,0,0,0,0,0,1,0,0,0,2,1,0,0,0,0,0,2,0,1,0,0,0,17,0,0,0,0,26,0,0,38,3,0,3,0,0,0,0,0,0,0,0,0,0,0,0,0,1,0,0,0,0,0,0,0,0,9,0,0,0,0,0,0,0,0,0,3,0,0,1,0,0,0,0,1,1,2,0,0,0,12,0,0,0,0,0,0,1,0,1,0,39,0,0,1,0,0,6,1,10,0,1,1,1,1,5,0,0,0,4,0,0,2,0,0,0,0,0,1,0,0,0,0,54,0,2,2,0,0,1,0,0,0,0,8,1,6,3,6,5,0,3,0,2,1,1,0,0,0,0,0,0,0,0,0,0,0,0,0,0,0,0,0,0,2,0,0,0,0,0,0,0,0,0,0,1,0,0,1,0,1,0,2,1
175,1503,COLÉGIO ESTADUAL MORADIAS MONTEIRO LOBATO,RUA OLÍVIO JOSÉ ROSSETI 430 - TATUAQUARA,TATUQUARA,-25.5735977,-49.3347115,74,0,5356,4043,452,184,0,27,3,17,80,10,6,0,2,8,59,4,2,0,16,0,0,0,8,6,0,15,1,0,2,2,1,1,0,0,0,0,0,73,0,0,1,7,0,2,2,0,29,2,97,0,50,0,7,0,1,0,5,0,1,0,0,1,45,0,2,1,0,1,0,0,0,0,52,0,4,0,0,90,1,0,0,2,0,1,1,0,0,1,1,0,0,0,0,64,0,3,1,1,1,0,0,0,3,0,0,0,4,0,22,0,0,1,0,0,0,0,0,0,0,1,0,0,10,34,1,2,39,1,2,31,0,13,1,3,1,27,1,38,48,32,11,5,1,0,0,10,120,0,6,1,0,2,0,20,2,1,2,0,0,1,4,0,4,1,0,0,7,0,0,25,1,0,0,1,0,0,0,0,0,2,1,0,0,0,0,0,0,6,50,0,0,2,0,0,0,0,0,3,2,0,13,1,0,0,0,0,0,0,0,0,16,0,1,0,18,0,0,0,0,0,0,0,0,0,0,0,0,0,0,0,0,0,1,0,0,0,0,4,0,19,1,0,0,1,3,0,4,2,1,0,4,5,3,0,1,0,0,2,0,2,0,0,0,0,0,102,1,0,11,0,3,4,6,1,4,1,0,0,0,0,1,2,1,0,0,1,1,0,1,0,12,0,2,10,1,0,0,0,0,0,0,6,0,0,0,138,0,11,0,0,0,1,0,0,1,0,70,8,1,21,4,0,0,0,16,4,0,2,0,1,4,0,37,122,2,0,74,11,0,0,2,41,0,6,1,0,0,6,3,2,3,0,4,41,2,15,1,2,1,9,101,1,2,1,6,139,0,19,6,169,0,0,0,0,0,0,0,0,2,0,0,0,0,0,0,0,2,0,0,0,0,0,0,0,79,0,1,0,24,0,0,0,9,2,0,0,1,0,0,2,4,16,3,2,5,0,0,4,0,0,2,22,0,1,0,0,0,0,0,0,0,0,0,0,0,1,0,0,0,0,0,0,0,0,0,0,1,1,1,0,0,0,0,1,2,0,0,0,0,20,0,0,0,0,24,0,2,16,0,0,1,0,0,0,4,1,1,0,0,0,0,0,2,1,0,0,4,0,1,0,3,0,1,43,0,1,0,0,0,0,0,0,0,2,0,0,3,0,0,0,0,0,3,0,1,1,1,2,0,0,0,0,0,0,1,0,0,0,51,2,1,2,0,1,8,5,9,0,0,6,6,4,13,1,0,0,16,0,0,10,1,0,1,0,3,1,1,0,0,0,50,1,0,2,1,0,4,0,0,0,0,12,4,6,12,7,4,0,9,1,7,0,0,0,0,0,0,0,0,0,2,0,0,0,0,0,0,0,0,0,0,3,0,0,0,0,0,0,0,1,0,0,1,0,0,1,0,0,0,0,0
175,1511,COLÉGIO ESTADUAL EURIDES BRANDÃO,"RUA JAIR COELHO, 260 - DIADEMA II - CIC",CIDADE INDUSTRIAL,-25.4940799,-49.3491066,75,0,4759,3727,330,194,0,21,4,6,48,11,5,1,0,8,37,1,0,0,16,1,1,0,2,4,1,9,0,1,0,0,0,0,0,0,0,0,0,77,0,0,0,1,0,1,1,0,24,4,88,0,123,0,1,1,0,0,5,0,2,3,1,5,14,0,0,0,0,0,0,0,0,0,60,0,2,0,0,54,0,0,0,6,0,1,0,0,0,8,3,0,0,0,0,54,0,4,3,2,0,0,1,0,0,0,0,0,2,1,20,0,0,1,0,0,1,0,0,0,0,0,0,0,13,12,0,1,25,0,0,23,0,9,0,5,1,22,0,78,50,35,9,3,0,0,0,3,63,0,4,2,0,1,1,30,5,0,3,0,0,0,4,0,1,2,0,0,11,0,0,23,0,0,0,1,2,0,0,0,1,3,1,2,0,0,1,0,0,9,63,0,0,1,0,0,0,1,0,2,1,0,8,0,0,0,0,5,0,0,5,0,8,0,1,0,8,0,0,0,0,0,0,0,0,0,0,0,0,0,0,4,4,0,0,0,0,0,0,1,0,1,1,0,0,6,0,0,11,0,2,0,0,0,0,0,0,0,0,0,0,0,0,0,0,0,0,67,3,0,5,0,0,6,21,1,0,0,0,3,0,0,3,1,4,0,0,3,0,1,0,0,10,2,2,37,0,1,0,0,1,0,0,2,0,0,0,3,0,11,0,0,1,0,0,0,1,0,83,4,1,37,1,0,0,0,17,4,0,0,0,0,6,8,58,112,2,1,41,7,1,0,0,48,0,3,2,0,0,5,0,2,5,0,5,76,0,9,0,2,0,29,17,0,1,2,6,128,0,3,2,236,0,0,0,0,0,0,0,0,0,0,0,0,0,0,0,0,12,0,0,1,0,0,0,1,59,0,2,0,13,0,0,1,7,0,0,3,0,11,0,8,2,12,10,0,4,0,2,9,0,2,1,18,1,17,0,0,0,3,0,0,3,0,0,0,0,0,0,0,0,0,0,0,0,0,0,1,3,0,0,0,0,0,0,1,0,0,0,0,0,21,1,1,0,1,40,1,0,34,0,0,9,0,0,1,4,1,0,0,0,0,0,1,9,0,1,0,1,0,28,0,7,0,0,5,0,1,0,0,0,0,0,0,2,4,0,0,0,1,0,0,0,0,5,2,0,0,0,0,0,0,0,0,0,0,3,1,1,0,82,1,0,3,0,0,2,4,7,2,1,6,2,5,11,1,3,0,15,0,1,21,0,0,0,3,0,0,0,0,2,0,47,0,0,5,1,0,6,0,0,1,0,21,2,12,10,4,3,0,7,1,8,2,0,0,0,0,1,1,0,0,0,0,0,0,0,0,0,0,0,0,0,4,0,0,0,0,0,0,1,0,0,0,0,2,0,3,0,0,0,0,0
175,1520,ESCOLA MUNICIPAL ÁLVARO BORGES,"RUA OSVALDO BAGGIO, N. 290 - CONJ. VITÓRIA RÉGIA - CIC",CIDADE INDUSTRIAL,-25.5452582,-49.3396101,75,0,3761,3163,231,168,0,13,5,15,53,6,2,0,5,5,37,0,3,1,22,0,1,0,2,8,1,8,0,0,0,0,2,0,0,0,0,0,0,32,0,0,0,2,0,2,2,0,22,3,41,0,90,0,2,0,0,0,4,0,1,0,0,0,15,0,1,0,0,0,0,0,0,0,28,0,3,0,0,28,0,0,0,3,0,0,0,1,0,2,2,0,1,0,0,30,0,5,0,1,0,0,0,0,0,0,0,0,2,0,22,0,1,0,0,0,0,0,0,0,0,0,0,0,5,9,0,0,13,0,1,35,0,6,2,1,4,12,0,35,19,48,3,3,0,0,1,6,56,0,9,0,0,6,0,10,0,0,1,0,0,1,0,0,0,1,1,1,4,0,0,11,0,0,0,0,0,0,0,0,2,0,0,1,0,1,0,0,0,1,34,0,0,0,0,0,0,0,0,2,1,0,24,5,0,0,0,0,0,0,1,0,2,0,3,0,12,0,0,0,0,0,2,0,1,1,0,0,0,0,0,1,0,0,0,0,0,0,0,0,0,0,0,0,0,10,3,0,416,0,0,0,0,0,0,0,0,1,0,0,0,0,0,0,0,0,0,18,10,0,9,0,4,1,4,2,1,0,1,0,0,0,0,0,1,0,0,3,0,0,0,0,16,1,0,2,0,0,0,0,0,0,2,2,0,0,0,7,0,11,0,0,0,0,0,0,0,0,42,0,5,22,3,0,0,0,10,2,0,0,0,0,2,1,28,56,0,2,44,7,3,0,1,22,0,2,2,0,1,9,5,0,5,0,3,43,1,12,1,0,0,9,20,0,1,0,2,84,0,0,1,155,2,1,0,0,0,1,0,0,0,0,0,0,0,0,0,0,12,0,0,0,0,0,0,1,70,1,0,0,17,0,0,0,7,0,0,1,1,4,0,5,0,2,6,0,6,0,0,9,0,2,1,6,1,0,0,1,0,0,0,0,0,0,0,0,0,1,0,0,0,0,0,0,0,0,0,0,2,1,0,0,0,0,0,0,1,0,0,0,0,16,0,0,2,0,35,1,0,242,0,0,2,0,0,0,0,1,0,0,1,0,1,0,0,0,0,0,1,0,3,0,1,0,0,2,0,4,0,0,0,0,0,0,0,2,1,0,1,2,0,0,0,0,3,1,1,0,0,1,0,0,0,0,0,0,0,0,0,0,46,1,0,0,0,0,0,8,0,3,0,7,2,17,3,2,1,0,13,0,1,0,0,0,0,2,1,1,1,0,8,0,52,1,0,6,1,0,2,0,1,0,0,11,1,3,4,0,0,0,6,0,0,0,0,0,0,0,0,0,0,0,0,1,2,0,0,0,0,0,0,0,0,1,0,0,0,0,0,0,1,0,0,0,2,0,0,2,0,0,0,0,0
175,1538,CMEI ITACOLOMI SABARÁ - CIC,"RUA SÃO VALÉRIO, 70 CIC",CIDADE INDUSTRIAL,-25.4991957,-49.3444519,75,0,1152,849,76,45,0,4,1,4,24,2,0,0,0,1,10,0,0,0,6,0,0,0,1,0,0,5,0,0,0,0,0,0,0,0,0,0,0,12,0,0,0,0,0,0,0,0,5,0,9,0,10,0,0,0,0,0,0,0,0,0,0,1,6,0,0,0,0,0,0,0,0,0,6,0,0,0,0,14,0,0,0,3,0,0,0,0,0,1,0,0,0,0,0,9,0,3,0,1,0,0,0,0,0,0,0,0,0,0,4,0,0,0,0,0,0,0,0,0,0,0,0,0,4,5,0,1,8,0,0,6,0,3,1,0,0,6,0,20,4,28,4,2,0,0,1,1,24,0,1,0,0,1,0,4,0,1,0,1,0,0,0,0,0,0,0,0,1,0,1,7,0,0,0,0,0,1,0,1,0,0,0,1,0,0,0,0,0,3,3,0,0,0,0,0,0,0,0,0,1,0,0,0,0,0,0,0,0,0,1,0,0,0,1,0,2,0,0,0,0,0,0,0,0,0,0,0,0,0,0,0,0,0,0,0,0,0,0,0,0,0,0,0,0,1,0,0,0,0,0,0,0,0,0,0,0,0,0,0,0,0,0,0,0,0,0,10,0,0,0,0,1,0,0,0,0,0,0,0,0,0,0,0,1,0,0,2,1,0,0,0,2,0,0,38,0,0,0,0,0,0,0,1,0,0,0,1,1,1,0,0,0,0,0,0,0,0,20,2,0,12,0,0,0,1,6,4,0,0,0,0,1,1,18,32,2,0,16,2,0,0,0,8,0,2,1,0,0,4,0,0,1,0,0,12,0,4,1,1,0,2,2,0,0,0,0,28,0,1,1,54,1,0,0,0,0,0,0,0,0,0,0,0,0,0,0,0,1,0,0,0,0,0,0,1,16,0,0,0,1,0,0,0,0,0,0,1,0,0,0,0,0,0,2,0,0,0,0,4,0,0,0,12,0,1,0,0,0,0,0,0,0,0,0,0,0,0,0,0,0,0,0,0,0,0,0,0,1,0,0,0,0,0,0,0,0,0,0,0,0,2,0,0,0,0,12,0,0,6,0,0,0,0,0,0,2,0,0,0,0,0,0,0,0,0,0,0,0,0,9,0,0,0,0,1,0,0,0,0,0,0,0,0,0,0,0,0,1,0,0,0,0,0,1,0,1,0,0,0,0,0,0,0,0,0,0,0,0,0,19,0,0,0,0,0,1,0,0,0,0,3,2,0,1,0,0,0,1,0,0,1,0,0,0,0,6,0,1,0,0,0,11,0,0,0,0,0,0,1,0,0,0,3,0,1,4,0,0,0,4,0,1,0,1,0,0,0,0,0,0,0,0,0,0,0,0,0,0,0,0,0,0,0,0,0,0,0,0,0,0,0,0,0,0,0,0,1,0,0,0,0,0
175,1546,COLÉGIO ESTADUAL NIRLEI MEDEIROS,"RUA ANTÔNIO BERTOLDI, 409 - MORADIAS RIO BONITO - CAMPO DE SANTANA",CAMPO DE SANTANA,-25.58635,-49.3376326,71,0,4130,3270,377,173,0,16,4,9,59,9,5,0,0,7,50,2,0,0,11,0,0,1,2,4,2,14,1,0,1,0,2,0,0,0,0,0,1,62,0,0,0,0,0,0,2,0,24,0,81,0,75,0,4,1,0,0,3,0,0,0,1,1,25,0,3,0,0,1,0,0,0,0,31,0,0,0,0,44,0,0,0,3,0,1,1,0,1,2,0,0,0,2,0,28,0,4,1,0,2,0,0,0,2,0,0,0,2,0,25,0,0,2,0,0,0,0,0,0,0,0,0,0,4,13,0,2,30,0,1,33,0,9,0,3,13,30,0,31,27,35,7,1,0,0,0,3,86,0,0,0,1,3,2,25,0,0,1,3,0,1,0,0,0,1,1,0,5,0,0,15,0,0,0,1,0,0,1,1,0,0,0,2,0,1,0,0,0,3,35,0,0,0,0,0,3,0,0,0,1,0,10,1,0,0,0,0,0,0,3,0,8,0,0,0,7,0,0,0,0,1,1,0,0,0,1,0,0,0,0,0,1,0,0,0,0,0,0,3,0,3,0,0,0,0,1,0,2,0,0,0,2,1,0,0,1,4,0,14,0,0,0,0,0,0,0,85,2,0,6,0,0,6,4,2,1,0,0,0,0,0,1,0,4,0,0,1,0,0,0,0,9,0,1,4,2,0,0,0,1,0,2,2,0,0,0,132,0,5,0,0,0,0,0,0,3,0,65,1,2,23,4,0,0,1,5,5,0,0,0,0,1,0,26,106,1,0,84,2,0,0,2,52,0,1,0,0,0,2,1,0,5,0,3,37,0,13,0,0,2,20,63,0,0,0,5,121,0,20,6,151,1,0,0,0,0,1,0,0,2,0,0,0,0,0,0,0,4,0,0,0,0,0,0,0,53,0,0,0,11,0,0,0,6,0,0,1,11,6,0,4,0,17,5,0,6,0,0,7,0,2,1,8,0,0,0,0,2,0,0,0,0,0,0,0,2,0,0,0,2,0,0,0,0,0,0,0,2,0,1,0,0,0,0,0,0,0,0,0,0,12,1,0,0,0,18,1,0,10,1,0,3,1,0,0,1,1,0,0,1,0,0,0,0,1,0,0,4,0,1,0,0,0,1,7,0,0,0,0,0,0,1,0,0,3,0,0,5,3,0,0,0,0,1,4,0,0,0,2,0,0,0,1,0,0,1,0,3,0,41,0,0,1,1,0,2,4,6,2,0,4,4,4,5,0,3,0,38,0,0,7,0,0,0,0,1,1,0,0,0,0,48,0,1,2,1,0,4,0,0,0,0,13,2,9,4,2,3,1,11,0,0,0,0,0,0,0,1,0,0,3,0,0,0,0,0,0,1,0,0,0,0,5,0,0,1,0,1,0,0,1,0,1,0,0,0,1,0,1,0,1,0
175,1554,ESCOLA MUNICIPAL PROFESSORA ÉRICA PLEWKA MLYNARCZYK,"RUA JAIME JOSÉ VOJCIECHOVSKI,  162 - TATUQUARA",TATUQUARA,-25.5604391,-49.313236,74,0,1287,1061,106,42,0,2,0,2,27,1,1,0,0,2,24,0,0,0,8,0,0,0,0,0,0,5,0,0,1,1,1,0,0,0,0,0,0,20,1,0,0,0,0,0,1,0,10,2,23,1,26,0,1,0,0,0,0,0,1,0,1,0,10,0,0,0,0,0,0,0,0,0,16,0,0,0,0,18,0,0,0,2,0,0,0,0,0,1,0,0,0,0,0,9,0,4,0,0,0,0,0,0,0,0,0,0,0,0,1,0,0,0,0,0,1,0,0,0,0,0,0,0,2,2,0,0,12,0,0,3,0,0,0,0,2,5,0,9,10,13,7,1,0,0,1,7,21,0,1,1,0,1,0,1,1,0,0,0,0,0,3,0,0,0,0,0,1,0,0,1,0,0,0,0,0,0,0,0,0,0,0,0,0,0,0,0,0,8,15,0,1,0,0,0,0,0,0,0,0,0,1,0,0,0,0,4,0,0,0,0,11,0,0,0,3,0,0,0,0,0,0,0,0,0,0,0,0,0,0,0,2,0,0,0,0,0,0,0,0,1,0,0,0,0,3,0,1,0,1,1,1,1,1,0,0,0,0,0,0,0,2,0,0,0,0,29,2,0,2,0,0,1,0,0,5,0,0,0,0,0,0,0,1,0,1,0,0,0,0,0,1,0,0,0,0,0,0,0,0,0,0,2,0,0,0,24,0,4,0,0,0,0,0,0,0,0,16,1,0,9,0,0,0,0,0,3,0,0,0,0,0,0,6,32,0,0,27,0,1,0,0,21,0,5,0,0,0,0,0,0,2,0,0,10,0,2,1,0,0,7,23,0,2,0,0,44,0,0,1,72,0,0,0,0,0,0,0,0,1,0,0,0,0,0,1,0,5,0,0,0,0,0,0,0,16,0,0,4,5,0,0,0,4,0,0,0,0,1,0,0,0,9,0,1,0,0,0,0,0,0,0,5,0,0,0,0,0,0,1,0,1,0,0,0,0,0,0,0,0,0,0,0,0,0,0,0,1,0,0,0,0,0,0,0,0,0,0,0,0,7,0,0,0,0,15,0,0,2,0,0,0,0,0,0,2,0,0,0,0,0,0,0,0,0,0,0,3,0,0,0,1,0,0,1,0,0,0,0,0,0,0,0,0,0,0,0,1,0,0,0,0,0,0,0,0,0,0,0,0,0,0,0,0,0,0,0,0,0,15,0,0,0,0,0,1,0,1,0,1,0,0,0,3,0,0,0,9,0,0,1,0,0,0,0,2,0,0,0,0,0,19,0,0,1,0,0,2,0,1,0,0,3,0,0,2,0,0,0,0,0,1,0,1,0,0,0,0,0,0,0,0,0,0,0,0,0,0,0,0,0,0,2,0,0,0,0,0,0,0,1,0,0,13,0,0,2,0,0,1,1,0
175,1562,ESCOLA MUNICIPAL JOÃO AMAZONAS,"RUA PALMYRA CRIVELLARO BERTOLDE, 813",CAMPO DE SANTANA,-25.5906834,-49.3412209,71,0,3168,2550,267,129,0,8,3,8,43,5,0,1,0,4,35,1,3,0,10,0,0,0,3,4,1,6,0,0,0,0,0,1,0,0,1,0,0,44,0,0,0,3,0,0,2,1,20,6,54,0,46,0,1,1,0,0,2,0,0,0,0,2,16,0,0,0,0,0,0,0,0,0,28,0,3,0,0,29,0,0,0,1,0,0,0,0,0,4,1,0,0,0,0,31,0,6,2,2,1,0,0,0,0,0,0,0,1,1,16,0,0,0,0,0,1,0,0,0,0,0,0,0,6,8,0,2,25,1,0,35,0,2,0,1,3,32,1,34,21,20,7,1,0,0,0,3,58,0,3,1,1,2,0,38,0,0,1,2,0,0,1,1,0,3,1,0,4,0,0,19,0,3,0,3,1,0,1,0,0,0,0,0,0,1,0,0,0,7,21,0,1,1,0,0,0,0,0,2,4,1,5,1,0,0,0,1,0,2,5,0,2,0,1,0,15,0,0,0,0,0,0,0,0,0,0,0,0,0,0,0,2,0,0,0,0,0,0,1,0,1,0,0,0,1,3,0,3,0,1,0,0,3,0,0,5,1,0,12,0,0,0,0,0,0,0,97,9,2,3,0,0,0,2,0,2,1,0,0,0,0,2,0,3,0,0,2,0,0,0,0,7,0,0,0,0,0,1,0,0,0,1,5,0,0,1,157,0,5,0,0,0,0,0,0,0,0,45,0,7,10,2,0,0,0,5,6,0,0,0,0,0,0,26,69,1,0,40,4,2,0,0,30,0,0,2,0,0,4,0,0,6,0,0,24,2,12,0,1,3,20,41,0,1,0,2,89,0,14,3,129,6,0,0,0,0,1,0,0,5,0,0,0,0,0,0,0,4,0,0,0,0,0,0,2,32,0,0,1,3,0,0,0,2,0,1,0,7,2,0,0,1,10,4,0,1,0,1,0,0,2,0,5,0,0,0,0,1,0,0,0,0,0,0,0,0,0,0,0,0,0,0,0,0,0,0,0,0,0,1,1,0,0,0,0,0,0,0,0,0,3,2,0,0,0,25,0,1,10,2,0,6,0,0,0,1,2,0,0,0,0,0,0,1,0,1,0,0,0,0,0,3,1,0,4,0,0,0,0,0,0,0,0,0,0,0,0,1,0,0,0,0,0,0,0,1,0,0,1,0,1,0,0,0,1,0,0,0,0,63,0,0,0,0,0,1,1,4,2,0,6,2,5,1,0,1,2,12,0,2,3,0,0,0,0,0,0,0,0,0,0,36,0,1,5,0,0,4,0,1,0,0,4,0,1,9,1,2,0,6,2,3,0,0,0,0,0,0,0,0,0,0,0,0,0,0,0,2,0,0,0,0,0,0,0,0,0,0,0,1,0,0,0,0,0,0,0,0,0,0,1,0
175,1570,ESCOLA MUNICIPAL RIO BONITO,"RUA LUCAS CARVALHO,  1486  - CAMPO DE SANTANA",CAMPO DE SANTANA,-25.5905403,-49.3357064,71,0,3069,2431,270,112,0,6,2,5,44,2,1,0,2,2,34,1,1,0,16,0,0,0,8,4,0,2,0,0,0,1,1,1,0,0,0,0,0,40,0,0,0,1,0,0,2,0,22,1,51,0,57,0,1,0,0,0,0,0,2,0,0,0,17,0,0,0,0,0,0,0,0,0,18,0,1,0,0,49,0,0,0,2,0,0,0,0,0,2,0,0,0,0,0,18,0,6,0,1,1,0,0,0,0,0,0,0,1,1,20,0,0,0,0,0,0,0,0,0,0,2,0,0,8,10,1,2,24,2,0,23,0,7,0,2,4,13,0,32,15,16,10,4,0,0,1,3,53,0,0,2,0,4,0,19,1,2,0,1,2,1,0,0,0,3,0,0,8,0,0,13,0,1,0,0,0,0,0,1,0,1,1,0,0,0,0,0,0,3,35,0,0,0,0,0,0,0,0,4,0,1,6,1,0,0,0,0,0,1,3,1,6,0,0,0,10,0,0,0,0,0,1,0,0,0,0,0,0,0,0,2,3,0,0,0,0,0,0,2,0,0,0,0,0,1,1,0,0,0,1,0,1,2,0,0,3,4,0,9,0,0,0,0,0,0,0,63,5,0,9,0,0,2,2,1,3,0,0,2,0,0,0,0,2,0,0,2,0,0,0,0,14,0,0,2,0,0,0,0,2,0,0,2,0,0,0,66,0,4,0,0,0,1,0,0,2,0,44,1,0,21,3,1,0,0,4,2,0,1,0,0,3,0,21,58,1,0,52,5,0,0,0,34,0,4,0,0,0,4,1,1,1,0,2,37,0,6,0,0,1,7,29,0,0,0,2,91,1,24,1,124,0,0,0,0,0,0,0,0,0,0,0,0,0,1,0,0,7,0,0,0,0,0,0,1,63,0,0,0,13,1,0,0,3,0,0,0,2,2,0,2,0,7,3,0,5,0,0,10,0,2,2,11,4,0,0,1,4,0,0,0,0,0,0,0,1,1,0,0,0,0,0,1,0,0,0,0,0,2,2,1,1,0,0,0,0,0,1,0,1,16,3,0,0,0,22,0,0,8,0,0,2,0,0,0,0,1,0,0,0,0,0,0,0,0,0,0,0,0,0,0,1,1,0,10,0,0,0,0,0,0,0,0,0,1,0,0,2,1,0,0,0,0,1,1,1,0,1,0,1,0,0,0,1,0,1,0,0,0,50,0,0,2,0,0,1,1,6,1,0,4,2,7,10,0,1,0,27,0,0,5,0,0,0,0,3,0,0,0,0,0,36,0,0,3,1,0,1,1,0,0,1,8,1,5,9,3,1,0,8,0,3,0,0,0,0,0,0,0,0,0,0,0,0,0,1,0,0,0,0,0,0,1,0,0,0,0,0,0,0,1,0,0,0,0,0,1,0,1,0,2,0
175,1589,ESCOLA MUNICIPAL GOVERNADOR LEONEL DE MOURA BRIZOLA,"RUA ANTONIO ZANON, 1371  - TATUQUARA",TATUQUARA,-25.5659479,-49.3258068,74,0,1545,1209,149,35,0,4,0,5,19,2,2,0,0,5,12,0,3,0,2,1,0,0,0,1,1,1,1,0,0,0,1,0,0,0,0,0,0,27,0,0,0,0,0,0,0,0,13,1,22,0,15,0,0,0,0,0,0,0,0,0,0,0,6,1,1,0,0,0,0,0,3,0,12,0,0,0,1,21,0,0,0,0,0,0,1,2,0,1,0,0,0,0,0,20,0,5,0,0,1,0,1,0,0,0,0,0,1,0,4,0,0,0,0,0,1,0,0,0,0,0,0,0,4,2,0,0,12,0,0,16,0,5,0,0,0,12,0,11,14,10,3,1,0,1,0,6,30,0,0,0,0,2,0,6,1,0,1,1,0,0,2,0,0,1,0,0,5,2,0,9,0,0,0,0,0,0,0,0,0,1,0,0,0,0,0,0,0,1,26,0,0,0,0,0,0,0,0,0,0,0,3,0,0,0,0,0,0,0,0,0,11,0,2,0,5,0,0,0,0,0,0,0,0,1,0,0,0,0,0,0,3,0,0,0,0,0,0,3,0,1,0,0,0,1,0,0,3,0,0,0,7,1,0,0,0,0,0,0,0,0,0,0,0,0,0,17,0,0,2,0,0,7,4,2,0,0,0,0,0,2,0,0,0,0,0,2,0,0,0,0,2,0,0,1,1,0,0,0,0,0,0,3,0,0,0,49,1,0,0,0,0,0,0,0,0,0,18,0,3,18,3,0,0,0,0,4,0,0,0,0,0,0,6,22,0,0,32,0,0,0,3,19,0,0,0,0,0,0,0,0,1,0,0,11,0,1,0,1,0,1,24,0,0,0,0,68,0,11,0,66,0,0,0,0,0,0,0,0,0,0,0,0,0,0,0,0,6,0,0,0,0,0,0,1,10,0,0,0,4,0,1,0,0,0,0,0,1,1,0,0,0,7,1,0,3,0,0,0,0,0,0,6,1,4,0,0,1,0,0,0,0,0,0,0,0,0,0,0,0,0,0,0,0,0,0,0,0,0,0,0,0,0,0,1,0,0,3,0,0,5,0,0,0,0,8,0,0,11,1,0,0,0,0,0,2,0,0,0,0,0,0,0,0,0,0,0,0,0,0,0,0,0,0,6,0,0,0,0,0,0,1,0,0,2,0,0,0,2,0,0,0,0,0,0,0,0,0,4,0,2,0,0,0,0,0,0,1,0,15,2,0,0,1,0,0,0,5,0,0,3,0,5,1,0,1,0,3,0,1,2,0,0,0,0,0,0,0,0,0,0,11,0,0,1,0,0,0,0,0,0,0,1,1,1,4,1,0,0,8,1,2,0,1,0,0,0,0,1,0,1,0,0,0,1,0,1,0,0,0,0,0,0,0,0,0,0,0,0,0,0,0,0,2,0,0,0,0,1,0,0,0
175,1597,COLÉGIO ESTADUAL PROFA. MARLI QUEIROZ AZEVEDO,"RUA CYRO CORREIA PEREIRA, 3506 - VITÓRIA RÉGIA - TATUQUARA",CIDADE INDUSTRIAL,-25.543838,-49.3379567,75,0,3128,2512,203,100,0,2,2,4,29,6,1,0,3,4,25,1,1,0,4,0,0,0,2,1,2,6,0,0,0,0,1,0,0,1,0,0,0,33,0,0,0,0,0,0,2,1,10,2,41,0,42,0,1,0,0,1,1,0,1,1,0,0,5,0,0,0,0,0,0,0,0,0,27,0,4,1,0,25,0,0,0,2,0,0,1,0,0,2,2,0,0,0,0,45,0,3,0,0,1,0,0,0,0,0,0,0,3,0,10,0,0,0,0,0,0,0,0,0,0,0,0,0,3,8,1,0,18,1,2,21,0,5,0,1,3,19,0,36,28,28,10,1,0,1,0,8,24,0,5,0,0,9,0,22,1,1,4,1,1,1,0,0,0,1,1,1,15,0,0,22,1,0,0,0,0,0,0,0,0,1,0,3,0,0,0,0,0,5,38,0,0,2,0,0,1,0,0,0,0,0,12,4,0,1,0,0,0,0,1,0,2,0,0,0,5,0,0,0,0,0,0,1,0,2,0,0,0,1,0,1,1,0,0,0,0,0,1,0,1,0,0,0,0,5,0,0,289,0,0,0,0,1,0,0,0,0,0,0,0,0,0,0,0,0,0,33,2,0,2,0,5,3,1,0,0,0,0,0,0,0,1,0,3,0,0,1,0,0,0,0,15,0,3,4,0,0,0,0,0,0,0,17,0,0,0,9,0,4,0,0,0,1,0,0,0,0,40,3,0,26,2,0,0,0,11,6,0,0,0,0,0,2,30,33,0,1,45,6,0,0,1,31,0,0,0,0,0,5,4,0,4,1,2,20,0,6,0,0,2,7,21,0,1,2,2,74,0,1,4,155,1,0,0,0,1,0,0,0,1,0,0,0,0,0,0,0,8,0,0,0,0,0,0,0,40,1,0,1,6,0,0,0,1,0,0,1,1,2,0,0,0,6,3,0,7,0,0,3,0,0,0,10,2,0,0,0,0,0,0,0,0,0,0,0,0,0,0,0,0,0,0,0,1,0,0,0,0,0,0,0,0,0,0,0,0,1,0,0,0,12,3,0,0,0,25,2,0,132,0,0,6,0,0,0,0,1,0,0,0,1,0,0,0,0,0,0,1,0,8,1,1,0,1,2,0,0,0,1,0,0,0,3,0,1,0,0,0,0,0,0,0,0,0,1,0,0,0,5,0,0,0,0,0,0,0,0,0,0,65,6,0,0,0,0,5,6,5,0,0,5,3,4,5,2,0,0,10,1,3,1,0,0,0,0,1,0,1,0,4,0,35,0,0,4,0,0,1,0,0,0,0,7,0,2,7,3,1,0,4,0,0,1,0,0,0,0,0,0,0,0,1,0,0,0,1,0,1,0,0,0,0,0,1,0,0,0,0,0,0,0,0,0,5,1,0,2,0,0,0,5,0
175,1600,ESCOLA MUNICIPAL HELENA KOLODY,"RUA HUMBERTO BERTOLDI,  281 - RIO BONITO - CAMPO DE SANTANA",CAMPO DE SANTANA,-25.58545643,-49.33707829,71,0,2226,1712,200,83,0,3,1,2,20,2,2,0,0,1,14,0,0,0,7,1,0,0,2,1,4,2,0,0,0,0,0,2,1,0,1,0,0,28,0,0,0,0,0,0,3,1,13,1,34,0,46,0,3,0,0,0,1,0,1,0,1,1,8,0,0,0,0,1,0,0,0,0,19,1,1,0,1,24,0,0,0,0,0,0,0,0,0,1,0,0,0,0,0,15,0,4,1,2,0,0,0,0,0,0,0,0,0,0,8,0,1,0,0,0,0,0,0,0,0,0,0,0,7,4,0,1,14,0,0,12,0,3,0,1,3,11,1,28,26,12,4,1,0,0,2,0,23,0,2,0,0,2,0,21,0,1,1,2,0,1,0,0,1,0,2,0,8,1,0,16,0,1,0,0,0,0,0,0,0,2,0,1,0,0,0,0,0,6,21,0,0,1,0,0,0,1,0,0,1,0,3,1,0,0,0,0,0,0,5,1,3,0,1,0,8,0,0,0,0,0,0,0,0,1,1,0,0,1,0,0,0,0,0,0,0,0,1,2,0,0,0,0,0,0,1,0,2,0,2,0,1,0,0,0,3,1,0,2,0,0,0,0,1,0,0,45,0,0,4,0,0,3,1,0,3,0,0,0,0,0,0,0,1,0,0,1,0,0,1,0,9,0,1,1,0,0,0,0,2,0,0,2,0,0,0,79,0,2,0,0,0,1,0,0,0,0,21,5,0,11,0,0,0,0,7,0,0,0,0,0,2,0,15,40,1,0,44,6,0,1,1,27,0,1,1,0,0,0,1,0,1,0,0,23,0,13,0,0,2,10,27,0,1,0,3,70,0,13,1,95,0,0,0,0,2,0,0,0,0,0,0,0,0,0,0,0,3,0,0,0,0,0,0,1,24,0,1,0,8,0,0,0,2,0,0,0,2,2,0,0,0,4,4,0,2,0,0,1,0,1,0,6,1,0,0,0,1,0,0,0,0,0,0,0,0,0,0,0,0,0,0,0,0,0,0,0,0,0,0,0,0,0,0,0,0,0,1,0,0,14,0,0,0,0,17,2,0,4,0,0,2,0,0,0,0,2,0,0,0,0,0,0,2,0,0,0,1,0,3,0,0,0,0,4,0,0,0,0,0,0,0,0,1,1,1,0,0,2,0,0,0,0,0,0,0,0,0,0,0,0,0,0,0,0,0,0,3,0,29,1,0,0,0,0,1,4,8,1,0,5,0,1,0,0,1,0,21,0,0,1,0,0,0,0,5,0,0,0,0,0,21,0,0,1,1,0,0,0,0,0,0,5,2,2,5,4,2,0,6,0,0,0,0,0,0,0,0,0,0,0,0,0,0,0,0,0,1,0,0,0,0,2,0,1,0,0,0,0,0,0,0,0,0,0,0,0,0,0,0,2,0
175,1619,COLÉGIO ESTADUAL TATUQUARA,"ESTRADA DELEGADO BRUNO DE ALMEIDA, 3339  CAMPO DE SANTANA",CAMPO DE SANTANA,-25.5877563,-49.3182343,71,0,1946,1451,143,63,0,3,0,3,18,2,1,0,1,1,16,0,0,0,3,0,1,0,0,0,0,2,0,0,0,0,0,1,0,0,0,0,0,9,0,0,0,0,0,0,1,0,14,1,33,0,25,0,1,0,0,0,3,0,1,0,1,1,14,0,0,0,0,0,0,0,0,0,15,0,1,0,0,24,0,0,0,1,1,0,0,0,0,3,0,0,0,0,0,27,0,4,0,0,0,0,0,0,0,0,0,0,0,0,13,0,0,0,0,0,0,0,0,0,0,0,0,0,5,1,0,1,13,0,1,8,0,3,0,3,3,18,0,31,13,6,9,1,0,0,1,2,22,2,1,2,0,1,0,20,0,0,5,1,0,0,1,0,0,0,0,0,9,0,0,14,0,0,0,0,0,0,0,1,0,0,0,1,0,0,0,0,0,6,18,0,0,0,0,0,0,0,0,4,0,0,1,0,0,0,0,0,0,0,0,0,7,0,1,0,3,0,0,0,0,0,1,0,0,1,1,0,0,0,0,0,0,0,1,0,0,0,0,2,0,2,0,0,0,1,1,0,1,0,0,0,0,0,1,1,0,0,0,0,0,0,0,0,0,0,0,24,2,0,9,0,2,1,0,0,0,0,0,1,0,0,0,0,1,0,0,3,0,0,0,0,9,0,0,4,1,0,0,0,2,0,0,2,0,0,0,41,0,1,0,0,0,0,0,0,1,0,21,1,0,10,0,0,0,0,4,2,0,0,0,0,2,1,14,23,2,0,54,1,1,0,1,13,1,0,1,0,0,0,1,0,2,0,1,9,0,3,0,0,0,5,26,0,0,1,1,71,0,7,2,74,0,0,0,0,0,0,0,0,1,0,0,0,0,0,0,0,8,0,0,0,0,0,0,0,27,1,0,0,6,1,0,0,0,0,0,0,3,1,1,0,0,2,2,0,1,0,0,3,0,6,0,9,1,0,0,0,1,0,0,0,0,0,0,0,0,0,0,0,0,0,0,0,0,0,0,0,1,0,0,0,0,0,0,0,0,1,0,0,0,7,0,0,0,0,22,0,0,3,0,0,0,0,0,0,3,1,0,0,0,0,0,0,0,0,0,0,5,0,0,0,0,0,0,4,0,0,0,0,0,0,0,0,0,3,0,0,0,0,0,0,1,0,0,0,0,0,0,1,0,0,0,0,0,0,10,0,2,0,46,0,0,2,0,0,2,0,5,1,0,9,1,3,2,0,4,0,15,0,0,1,0,0,0,0,0,2,0,0,1,0,21,0,0,0,0,1,1,0,0,0,0,5,1,1,3,0,6,0,2,5,2,0,0,0,0,0,0,0,0,0,0,0,0,0,0,0,0,0,0,0,0,1,0,0,0,0,0,0,0,0,0,0,1,0,0,3,0,1,0,2,1
175,1724,ESCOLA MUNICIPAL PROFESSORA MARIA IENKOT ZEGLIN,"RUA PRESIDENTE JOÃO GOULART, N 1605 - TATUQUARA",TATUQUARA,-25.5773808,-49.3321367,74,0,1070,848,99,24,0,4,0,0,12,1,0,0,3,0,11,0,1,0,2,0,0,0,0,2,1,5,0,0,0,0,0,0,0,0,0,0,0,20,0,0,0,0,0,0,1,0,8,0,24,0,18,0,0,0,0,0,0,0,1,0,0,2,6,0,0,0,0,0,0,0,0,0,7,1,1,0,0,26,0,0,0,0,0,1,0,0,0,0,0,0,0,0,0,8,0,2,0,0,0,0,0,0,0,0,0,0,0,0,6,0,0,0,0,1,0,0,0,0,0,0,0,0,2,4,0,1,3,0,0,8,0,2,0,0,1,5,0,9,13,4,5,0,1,0,0,3,21,0,0,0,0,0,0,6,0,0,0,0,0,0,1,0,0,0,0,1,3,0,0,0,0,0,0,0,0,0,1,0,0,0,1,0,0,0,0,0,0,2,14,0,0,0,0,0,0,0,0,0,0,0,3,1,0,0,0,0,0,0,0,0,4,0,0,0,1,0,0,0,0,0,0,0,0,0,0,0,0,0,0,0,0,0,1,0,0,0,0,2,0,5,0,0,0,1,0,0,1,0,0,0,2,2,0,0,0,1,0,0,0,0,0,0,0,0,0,25,0,0,0,0,0,0,0,0,0,0,0,0,0,0,0,0,0,0,0,0,2,0,4,0,0,0,0,2,0,0,0,0,0,0,0,0,0,0,0,26,0,2,0,1,0,0,0,0,0,0,13,0,1,5,0,0,0,0,2,4,0,0,1,0,3,0,8,22,0,0,14,1,0,0,0,15,0,0,0,0,0,0,0,0,1,0,0,4,1,1,0,0,0,2,22,0,0,0,0,38,0,4,1,55,0,0,0,0,0,0,0,0,0,0,0,0,0,0,0,0,3,0,0,0,0,0,0,1,11,0,0,0,2,0,0,0,1,0,0,1,1,4,0,0,2,3,0,0,0,0,1,1,0,0,0,1,0,0,0,0,0,0,0,0,0,0,0,0,0,3,0,0,0,0,0,0,0,0,0,0,0,0,0,0,0,0,0,0,0,0,0,0,0,4,0,0,0,0,17,0,0,0,0,0,0,0,0,0,0,0,0,0,0,0,0,0,0,0,0,0,0,0,0,0,0,0,0,21,0,3,0,0,0,0,0,0,0,0,0,0,0,0,0,0,0,0,0,0,0,0,0,0,0,1,0,0,0,0,0,0,1,0,12,0,0,0,0,0,0,1,3,2,0,0,2,3,0,0,0,0,4,0,0,0,0,0,0,0,0,0,0,0,0,0,6,0,0,0,0,0,0,0,0,0,0,2,0,0,2,0,0,0,2,3,0,0,0,0,0,0,0,5,0,0,0,0,0,0,0,0,1,0,0,0,0,0,0,0,0,0,0,0,1,0,0,0,0,0,0,0,0,2,0,2,0
175,1732,ESCOLA MUNICIPAL DOUTOR HAMILTON CALDERARI LEAL,"RUA VICTOR GRYCAJUCK, 121 - TATUQUARA",SAO MIGUEL,-25.507433,-49.3545369,67,0,365,262,18,7,0,2,0,1,8,1,0,0,0,0,5,0,0,0,1,0,0,0,0,1,0,1,0,0,0,0,0,0,0,0,0,0,0,0,0,0,0,0,0,0,0,0,0,0,8,0,3,0,0,0,0,0,0,0,0,0,0,0,4,0,0,0,0,0,0,0,0,0,0,0,0,0,0,4,0,0,0,0,0,0,0,0,0,0,0,0,0,0,0,1,0,1,0,0,0,0,0,0,0,0,0,0,0,0,0,0,0,0,0,0,0,0,0,0,0,0,0,0,1,0,0,0,2,0,0,1,0,1,0,0,0,6,0,10,6,5,4,0,0,0,0,0,30,0,1,0,0,2,0,3,0,0,0,0,0,0,1,0,0,0,0,0,0,0,0,3,0,0,0,0,0,0,0,0,0,0,0,0,0,0,0,0,0,0,3,0,0,0,0,0,0,0,0,0,0,0,0,0,0,0,0,0,0,0,0,0,0,0,0,0,2,0,0,0,0,0,0,0,0,0,0,0,0,0,0,0,0,0,0,0,0,0,0,0,0,0,0,0,0,0,0,0,0,0,0,0,0,0,0,0,0,0,0,0,0,0,0,0,0,0,0,5,0,0,0,0,0,0,0,0,0,0,0,0,0,0,0,0,0,0,0,0,0,0,0,0,2,0,1,3,0,0,0,0,0,0,0,2,0,0,0,0,0,0,0,0,0,0,0,0,0,0,2,0,0,1,0,0,0,0,0,0,0,0,0,0,0,0,5,3,0,0,4,0,1,1,0,3,0,0,0,0,0,0,0,1,0,0,0,1,0,1,0,0,0,0,0,0,0,0,2,11,0,0,0,13,0,0,0,0,0,0,0,0,1,0,0,0,0,0,0,0,1,0,0,0,0,0,0,0,3,0,0,0,0,1,0,0,0,0,0,0,0,0,0,0,0,1,0,0,0,0,0,0,0,0,0,8,2,0,0,0,0,0,0,0,0,0,0,1,0,0,0,0,0,0,0,0,0,0,0,0,0,0,0,0,0,0,0,0,0,0,0,0,0,2,0,0,0,0,7,0,0,0,0,0,0,2,0,0,0,0,0,0,0,0,0,0,0,0,0,0,0,0,5,0,0,0,0,0,0,0,0,0,0,0,0,0,0,0,0,0,0,0,0,0,0,0,0,0,0,0,0,0,0,0,0,0,0,0,0,0,0,0,8,0,0,0,0,0,0,0,0,0,0,0,0,0,1,0,2,0,3,0,0,0,0,0,0,0,0,0,0,0,0,0,1,0,0,0,0,0,0,0,0,0,0,0,0,0,1,0,0,0,0,0,1,0,0,0,0,0,0,0,0,0,0,0,0,0,0,0,0,0,0,0,0,1,0,0,0,0,0,0,0,0,0,0,0,0,0,0,0,1,0,0,0
176,1120,COLÉGIO ESTADUAL JOÃO DE OLIVEIRA FRANCO,"RUA PADRE MANUEL DA NOBREGA, 1489",VILA  FANNY,-25.4880979,-49.2778472,39,0,3181,2616,147,93,0,8,0,6,27,7,1,0,0,3,36,0,1,1,18,0,0,1,0,1,0,10,0,2,0,0,1,0,0,0,0,0,0,30,1,0,0,0,0,0,0,0,10,4,72,0,70,1,4,0,0,0,3,0,5,0,1,1,12,0,1,0,0,0,0,0,0,0,26,0,1,0,0,14,0,0,0,63,0,0,0,0,0,4,2,0,0,0,0,75,0,5,0,4,0,0,0,0,0,0,0,0,3,0,21,0,0,0,0,0,0,0,0,0,0,0,0,0,4,5,0,0,13,0,0,41,0,9,0,0,5,17,1,34,43,14,12,2,0,0,0,0,29,1,3,1,0,2,0,18,3,0,0,1,0,0,2,0,0,0,1,0,10,0,1,12,0,3,0,1,0,0,0,3,0,0,0,1,1,0,0,0,0,10,49,0,0,0,0,0,0,0,0,0,3,0,8,1,0,0,0,1,0,0,2,0,6,0,1,0,4,0,0,0,0,0,1,2,0,0,1,0,1,0,0,0,3,0,1,0,0,0,0,0,0,0,0,0,0,0,0,0,0,0,1,0,0,0,0,0,0,0,0,0,0,0,0,0,0,0,0,35,4,0,3,0,0,8,3,0,0,0,0,0,0,0,0,0,1,0,0,2,1,0,0,0,18,1,0,3,0,0,1,0,0,0,0,2,1,0,0,0,0,5,0,0,0,0,0,0,0,0,70,0,2,43,9,0,0,0,3,7,4,1,0,0,9,0,48,29,14,0,50,1,1,0,0,19,0,8,0,0,1,1,1,1,13,0,1,14,0,22,0,0,1,3,20,0,1,0,1,74,1,2,3,194,0,0,0,0,0,0,0,0,0,1,1,0,1,0,0,0,11,1,0,0,0,0,0,1,61,4,1,0,24,0,1,1,15,0,0,2,6,2,1,8,4,23,11,0,5,1,1,9,0,1,0,3,2,0,0,1,0,2,0,0,1,0,0,0,0,0,0,0,1,0,0,0,0,0,0,0,2,0,2,2,0,0,0,0,0,0,0,0,0,14,0,0,0,0,25,1,2,0,0,0,1,0,0,0,1,1,0,0,0,0,0,1,0,1,0,0,0,1,0,0,1,0,0,6,0,0,0,0,0,0,0,1,1,0,0,0,0,0,0,0,1,0,1,0,5,0,0,0,0,0,0,0,0,0,1,0,0,0,72,0,0,0,2,0,2,0,14,2,2,8,3,7,5,1,2,0,119,0,0,15,0,0,0,1,1,1,0,0,1,0,66,1,0,7,1,0,7,0,0,0,1,5,4,10,4,4,2,0,9,3,1,0,0,0,0,0,2,0,0,0,0,0,0,0,0,0,0,0,0,0,0,6,0,0,0,1,0,0,0,0,0,0,0,0,0,1,0,0,0,1,0
176,1139,COLÉGIO ESTADUAL JOSÉ BUSNARDO,"RUA MAJOR VICENTE DE CASTRO, 1154",VILA  FANNY,-25.4797292,-49.2663609,39,0,2577,2069,110,63,0,9,1,7,26,4,1,0,0,5,24,1,0,0,13,0,0,0,0,1,3,4,1,0,1,0,0,1,0,0,2,0,0,11,0,0,0,0,0,0,0,0,8,6,37,0,53,8,1,1,1,0,0,1,1,0,0,0,0,0,1,0,0,0,0,0,0,0,31,0,2,1,0,19,0,0,0,121,1,1,0,0,0,0,2,0,0,0,0,36,0,1,1,3,0,0,0,0,1,0,0,1,0,0,8,0,0,0,0,0,0,0,0,0,0,0,0,0,1,4,0,0,12,1,0,24,0,2,0,1,2,11,0,25,32,18,15,1,0,0,0,0,30,0,1,0,1,2,0,22,0,2,5,0,0,0,1,0,0,1,1,0,12,0,0,11,0,2,0,1,0,0,0,0,0,0,1,2,0,0,0,0,0,5,40,0,0,1,0,0,0,0,0,0,1,2,3,2,0,0,0,1,0,0,1,4,3,0,0,0,20,0,0,0,0,0,2,0,0,0,0,0,1,0,0,0,1,0,1,0,0,0,0,0,0,0,0,0,0,1,0,0,0,0,0,0,0,0,0,0,0,2,0,0,0,0,0,0,0,0,0,32,2,1,0,0,3,4,8,0,0,0,0,0,0,0,0,0,0,0,0,8,0,0,2,0,8,0,0,0,0,0,0,0,0,0,0,1,1,0,0,1,2,4,0,0,0,0,0,0,2,0,45,1,1,26,3,0,4,0,2,5,0,0,0,0,6,1,25,40,6,0,43,0,1,0,1,24,1,4,2,0,0,4,1,0,2,0,2,21,0,17,0,0,2,1,15,0,1,0,1,80,0,7,8,134,1,1,0,0,0,0,0,0,0,0,0,0,0,0,0,0,3,0,0,0,0,0,0,2,46,0,1,0,9,2,0,0,12,0,0,4,1,5,0,8,0,32,4,1,4,0,2,11,0,0,1,1,0,2,0,0,0,2,0,0,0,0,0,0,0,0,0,0,1,0,0,0,1,0,0,0,0,2,1,1,0,0,0,0,0,0,0,0,0,16,0,1,0,0,25,1,0,2,0,0,0,0,0,0,0,0,0,0,0,0,0,0,0,0,0,0,0,0,0,0,6,0,0,27,0,0,0,0,0,1,0,0,0,0,0,0,0,0,0,0,0,0,1,0,0,0,0,0,1,0,0,0,1,0,3,0,0,0,64,0,0,0,0,2,3,3,15,0,0,3,0,2,15,0,0,0,27,0,0,3,1,0,0,0,0,0,1,0,1,0,47,1,0,2,0,0,7,0,0,0,0,7,3,7,1,3,3,0,4,0,2,0,0,0,0,0,0,0,0,0,0,0,0,0,0,0,0,0,0,0,0,6,0,0,0,0,0,0,0,1,0,0,0,0,0,0,0,0,0,1,2
176,1147,ESCOLA MUNICIPAL ELEVIR DIONÍSIO,"RUA CAPITÃO JOSÉ MARIA SOBRINHO, 1336",VILA  FANNY,-25.4838823,-49.2729048,39,0,2150,1801,84,62,0,1,1,1,18,3,0,0,0,2,35,1,1,1,5,0,0,0,1,1,2,3,0,0,0,0,0,0,0,1,1,0,0,6,0,0,0,0,0,1,0,0,10,1,49,0,46,3,4,1,0,0,1,0,0,0,4,1,12,0,0,0,0,1,1,0,2,0,12,0,0,0,0,16,0,0,0,90,1,0,1,0,0,0,3,0,0,0,0,55,0,8,0,2,2,0,1,0,0,0,0,0,1,0,8,0,0,0,0,0,0,0,0,0,0,0,1,0,4,4,0,0,12,0,1,19,0,5,0,0,2,10,0,25,17,14,9,1,0,1,1,5,12,0,2,0,0,0,1,13,1,0,1,1,0,0,0,0,0,1,0,0,7,0,1,18,0,1,0,0,0,0,0,2,0,0,1,0,0,0,0,0,0,4,43,0,0,1,0,0,0,0,0,0,1,0,1,1,0,1,0,2,0,0,0,0,1,0,0,0,7,0,0,0,0,0,1,0,0,0,0,0,0,0,0,0,3,0,0,0,0,1,1,0,0,0,0,0,0,0,0,0,1,0,0,0,0,0,0,0,2,0,0,0,0,0,0,0,0,0,0,27,4,1,0,2,2,3,3,0,0,0,0,0,0,0,0,0,0,0,0,2,0,0,0,0,15,1,0,1,0,0,0,0,0,0,0,1,0,0,0,0,1,9,0,0,0,0,0,0,1,0,53,1,4,23,1,0,0,0,1,2,0,0,0,0,2,0,19,36,10,0,29,2,0,0,2,14,1,2,0,0,0,3,0,0,6,0,1,11,0,19,0,0,1,5,5,0,5,0,2,55,3,6,4,124,0,2,0,0,0,0,0,0,0,0,0,0,0,0,0,0,7,1,0,0,0,0,0,0,55,0,0,0,12,0,0,0,5,0,0,0,2,0,0,9,2,14,9,0,4,1,0,8,0,0,1,4,0,5,0,0,1,0,0,0,0,0,0,0,0,0,1,0,0,0,0,0,0,0,1,0,1,0,0,0,0,0,0,1,1,0,0,0,0,10,0,0,1,1,17,0,1,0,0,0,0,0,0,0,1,0,0,0,0,0,0,2,0,0,0,0,2,0,0,0,3,0,0,19,0,0,0,0,0,0,0,1,0,0,0,0,0,0,2,0,0,0,0,2,1,0,0,0,0,0,0,0,0,0,1,0,0,0,45,0,0,1,0,0,0,4,16,2,0,3,4,6,2,0,1,1,38,0,1,8,4,0,1,0,0,0,4,0,0,0,46,0,0,5,0,0,5,0,1,0,0,8,2,3,7,5,0,0,3,1,1,0,0,0,0,0,0,0,0,0,0,0,0,0,0,0,0,0,0,0,1,0,0,0,0,1,0,0,0,0,0,0,0,0,0,1,0,0,0,2,1
176,1155,COLÉGIO ESTADUAL NEWTON FERREIRA DA COSTA,"RUA AMÉRICO VESPÚCIO, 745",LINDÓIA,-25.4818559,-49.2769398,40,0,3856,3121,178,109,0,11,1,8,33,9,2,0,1,4,57,0,0,0,16,2,0,1,1,4,3,7,0,0,0,0,1,1,0,3,0,0,0,21,1,0,0,1,0,0,0,0,20,4,85,0,83,2,6,0,0,0,0,0,2,0,0,0,11,0,1,0,1,0,0,0,0,0,33,0,1,0,0,52,0,0,0,195,1,1,0,1,0,3,3,0,0,0,0,71,0,4,0,0,0,0,0,0,2,0,0,0,2,0,9,0,0,0,0,0,0,0,0,0,0,0,0,0,5,14,0,0,14,1,1,29,0,8,2,1,0,35,0,46,40,31,22,5,0,0,0,0,49,0,2,2,0,7,0,15,1,0,1,0,1,0,0,0,0,3,2,0,13,0,0,23,0,1,1,0,0,0,0,1,0,1,1,1,0,0,0,0,0,7,75,0,0,0,0,0,0,0,0,1,0,0,10,1,0,0,1,1,0,0,6,0,8,0,1,0,9,0,0,0,0,0,1,0,0,1,0,0,0,0,0,0,3,0,2,0,0,0,0,0,0,0,0,0,0,1,0,0,2,0,2,0,0,0,0,0,1,1,0,0,0,0,0,0,0,0,0,54,2,0,2,0,5,8,5,1,1,0,0,0,0,0,1,0,0,0,0,5,0,0,0,0,17,0,0,5,0,0,0,0,0,0,1,8,0,0,0,3,4,8,0,0,0,2,0,0,7,0,60,6,1,35,6,0,0,0,2,9,0,0,0,0,1,0,47,44,8,0,54,1,1,0,1,32,1,4,0,2,0,3,3,0,7,0,0,33,1,13,0,0,2,10,27,1,1,0,1,92,1,4,7,159,0,0,0,0,0,0,0,0,0,0,0,0,1,1,0,0,7,0,0,0,0,0,0,2,73,1,2,0,13,0,0,0,13,0,0,0,3,3,2,4,4,30,11,1,10,0,0,19,0,2,0,6,1,6,0,0,1,0,0,0,6,0,0,0,0,0,1,0,3,0,1,0,0,0,0,0,0,1,0,0,0,0,0,0,3,0,2,0,0,16,1,0,0,2,26,1,0,0,0,0,2,0,0,0,2,0,0,0,0,0,0,4,0,0,0,0,1,0,0,1,2,0,0,49,2,1,0,0,0,0,0,0,1,0,0,0,0,0,0,0,0,0,1,1,0,0,0,0,0,0,0,1,0,0,3,0,1,0,70,0,0,0,2,1,2,7,30,1,1,6,0,5,16,0,2,1,64,0,3,3,0,0,0,0,3,0,0,0,0,0,69,1,0,5,0,0,7,0,0,1,0,19,3,11,6,2,1,0,8,3,2,0,0,0,1,0,1,1,0,0,0,0,0,0,0,0,0,0,0,0,0,5,0,0,0,0,0,0,0,0,0,0,0,0,0,0,0,1,3,3,0
176,1163,COLÉGIO ESTADUAL DOM ÁTTICO EUSÉBIO DA ROCHA,"AVENIDA PRESIDENTE WENCESLAU BRAZ, 2779",LINDÓIA,-25.4770538,-49.2815091,40,0,3182,2533,123,107,0,6,1,6,51,8,0,0,1,3,41,1,1,0,24,0,1,1,7,3,2,8,0,0,0,1,1,0,0,1,0,0,0,16,0,0,0,0,0,0,0,0,6,5,72,0,90,2,1,0,0,0,1,0,0,1,0,4,16,0,3,1,0,0,0,0,0,0,25,0,0,0,0,25,0,0,0,178,0,2,1,0,0,5,4,0,0,0,0,57,0,3,0,1,0,0,0,0,3,0,0,0,2,0,10,0,0,0,0,0,0,0,0,0,0,1,0,0,2,10,0,2,21,0,0,27,0,6,1,0,5,10,0,16,34,25,16,1,0,0,0,2,48,0,2,2,0,2,0,11,1,0,1,1,0,1,0,0,3,1,0,0,5,0,1,10,0,0,0,0,0,0,0,0,0,0,0,1,0,0,0,0,0,3,50,0,0,0,0,0,1,0,0,1,0,0,1,0,0,0,0,1,0,0,1,1,0,0,4,0,5,0,0,0,0,0,0,0,0,2,1,0,0,0,0,0,5,0,0,0,0,0,0,0,0,0,0,0,0,0,0,0,2,1,1,0,0,0,0,0,0,0,0,0,0,0,0,0,0,0,0,32,8,4,4,0,2,2,5,2,0,0,0,1,0,1,1,0,3,0,0,1,0,5,1,0,6,0,0,6,0,0,0,0,0,0,1,2,0,0,0,0,8,13,0,0,0,2,0,0,3,0,57,2,3,25,1,0,0,1,3,2,0,0,0,2,1,0,29,56,6,1,26,1,0,0,1,19,0,6,0,0,0,2,0,1,7,0,0,33,1,12,1,0,0,0,15,1,0,0,1,86,0,4,2,128,0,0,0,0,0,0,0,1,0,0,0,0,0,0,0,0,6,0,0,0,0,0,0,5,71,1,2,0,20,0,1,0,12,0,0,3,3,3,0,3,5,22,12,1,3,0,0,15,0,1,0,4,0,7,0,0,0,0,1,0,0,0,0,0,0,0,0,0,2,0,0,0,0,0,0,0,0,0,0,0,0,0,0,0,1,0,1,1,0,17,0,0,1,0,34,1,0,1,0,1,3,1,0,0,0,0,0,0,0,0,0,3,2,0,0,0,0,0,1,0,8,0,1,16,0,1,0,0,0,0,0,2,2,0,0,0,0,0,0,0,0,0,1,2,0,0,0,0,0,0,0,0,0,0,1,0,0,0,32,0,0,2,0,0,1,3,14,1,1,11,2,12,19,0,1,1,33,0,0,2,0,0,0,3,0,0,2,0,0,0,83,0,0,3,1,0,4,0,0,0,0,16,3,13,3,4,1,0,6,0,3,0,1,0,0,0,1,0,0,1,0,0,0,0,0,1,1,0,1,0,0,2,0,0,1,0,0,1,0,0,0,0,0,1,0,2,0,1,1,2,0
176,1180,CEEBJA DR. FRANCISCO RIBEIRO DE AZEVEDO MACEDO,"TRAVESSA AUGUSTO MARACH, 224",NOVO MUNDO,-25.4889456,-49.2928583,41,0,3290,2629,129,90,0,7,2,7,42,3,7,1,0,2,44,1,1,0,12,0,1,0,1,2,2,11,1,0,0,0,2,0,0,0,0,0,0,29,2,0,0,0,0,0,1,0,12,2,67,0,72,0,6,0,0,0,0,0,4,3,3,0,3,0,1,0,0,0,0,0,0,0,20,0,1,0,1,19,0,0,0,14,0,1,2,0,0,2,2,0,0,0,0,80,0,6,0,3,0,1,0,0,0,0,0,0,0,1,5,0,0,0,0,0,0,0,0,0,0,0,0,0,5,1,0,3,20,0,1,31,0,3,0,2,3,24,0,23,35,15,7,4,0,0,0,3,43,0,0,0,2,1,0,8,0,0,5,2,0,1,1,0,1,1,0,0,14,0,0,19,0,1,0,0,0,0,0,1,0,0,0,1,0,0,0,1,0,1,49,0,1,1,0,0,0,0,0,0,1,2,5,0,0,0,0,5,0,0,2,0,5,0,2,0,12,0,0,0,0,0,0,0,1,2,0,0,0,0,0,0,2,0,0,0,0,1,0,0,0,0,0,0,0,0,0,0,4,0,6,0,0,0,0,0,0,0,0,0,0,0,0,0,1,0,0,32,5,0,4,0,2,11,7,0,2,0,1,1,0,0,1,0,0,0,0,0,0,0,0,0,9,1,0,1,0,1,0,0,0,0,0,4,0,0,1,3,0,7,0,0,0,0,0,0,8,0,59,0,2,30,1,0,0,0,0,10,0,0,0,0,1,1,51,40,3,0,48,1,0,0,0,26,0,7,2,0,0,2,0,1,3,0,0,23,0,18,2,1,1,6,18,0,1,3,2,78,0,3,5,157,0,0,0,0,0,0,0,0,0,0,0,0,0,1,0,0,7,2,0,0,1,0,0,3,79,0,1,0,19,0,1,0,9,0,0,0,0,7,1,4,3,15,13,1,5,0,0,19,0,0,0,4,1,0,1,2,0,1,1,0,0,0,0,0,0,0,0,0,3,0,3,0,0,0,0,0,0,0,0,1,1,0,0,3,1,0,1,0,0,12,0,2,0,0,21,0,0,2,0,0,0,0,0,0,0,2,3,0,0,0,0,1,1,0,0,1,0,0,4,0,5,0,0,2,0,0,0,0,0,0,0,0,0,1,0,0,0,0,5,0,0,0,2,2,0,0,0,0,0,0,0,0,0,0,3,0,0,0,52,1,0,0,2,0,3,3,15,1,0,3,10,4,5,1,7,0,255,0,0,3,0,0,0,0,1,1,1,0,0,0,83,0,0,8,0,0,7,0,0,0,0,6,2,7,11,5,5,1,9,3,2,0,0,0,0,1,1,0,0,0,0,0,1,0,1,0,0,0,0,0,0,0,0,0,1,0,0,0,1,0,0,0,0,0,0,0,0,0,0,0,0
176,1198,ESCOLA MUNICIPAL ARAPONGAS,"RUA JOSÉ CASEMIRO STENZOWSKI, 153",NOVO MUNDO,-25.4833132,-49.2870705,41,0,1867,1512,71,75,0,1,0,5,25,6,2,0,1,3,23,0,0,0,8,0,0,0,3,1,2,5,0,0,0,0,0,0,0,0,0,0,1,19,0,0,0,1,2,0,0,0,5,6,40,0,47,0,1,5,0,0,1,0,0,2,0,0,5,0,2,0,0,1,0,0,0,0,8,0,0,0,0,13,0,0,0,25,0,0,2,0,0,0,0,0,0,0,1,60,0,7,0,2,0,0,0,0,0,0,0,0,1,0,3,0,0,0,0,0,0,0,0,0,0,0,0,0,0,2,1,0,7,0,2,19,0,4,0,0,0,22,0,20,12,17,5,0,0,0,0,2,25,0,0,0,0,4,0,7,1,0,2,2,0,0,0,1,0,0,1,0,3,0,0,10,0,5,1,0,0,2,0,1,0,0,0,0,0,0,0,0,0,1,22,0,0,0,0,0,0,0,0,0,0,0,0,0,0,0,0,2,0,0,0,0,1,0,1,0,7,0,0,0,0,0,0,0,0,0,0,0,0,0,1,0,2,0,0,0,0,0,0,0,0,0,0,0,0,0,0,0,0,0,1,0,0,0,0,0,0,0,0,0,0,0,1,0,0,0,0,21,0,0,2,0,1,8,5,0,0,0,0,0,0,0,0,0,3,0,0,4,0,0,0,0,5,0,0,1,0,0,0,0,0,0,0,2,0,0,0,0,0,1,0,0,0,0,0,0,0,0,30,0,5,27,4,0,0,0,1,6,1,0,0,0,2,0,22,31,2,1,26,0,1,0,0,15,0,1,3,0,0,0,0,0,4,1,2,13,1,17,0,0,2,0,8,1,0,1,1,42,0,6,4,92,3,0,0,0,0,0,0,0,0,0,0,0,0,0,0,0,5,4,0,0,0,0,0,5,30,0,0,0,14,0,0,0,8,0,0,1,3,0,0,3,1,18,8,0,3,0,0,7,0,3,0,0,0,0,0,0,1,0,0,0,0,0,0,0,0,0,1,0,0,0,0,0,0,0,0,0,0,0,0,0,0,0,0,0,0,0,1,0,0,12,0,0,0,0,18,2,1,0,0,0,0,0,0,0,2,0,0,0,0,0,0,1,0,0,0,0,1,0,0,0,0,0,0,1,0,0,0,0,0,0,0,0,1,0,0,0,0,0,0,0,0,0,2,1,0,0,1,0,0,0,1,0,0,0,1,0,1,0,53,0,0,0,2,0,1,1,11,1,0,0,5,0,3,0,1,0,50,0,0,2,0,0,0,0,0,3,0,0,0,0,38,0,0,2,0,1,4,0,0,0,0,2,2,3,6,5,1,0,6,2,2,0,0,0,0,0,3,0,0,0,0,0,0,0,0,0,0,0,0,0,0,1,0,0,0,0,0,0,0,0,0,0,0,0,0,2,0,0,0,0,0
176,1201,ESCOLA MUNICIPAL DR. OSVALDO CRUZ,"RUA JOSÉ ALCIDES DE LIMA, 126",NOVO MUNDO,-25.4874317,-49.3066064,41,0,2132,1731,112,84,0,6,0,5,33,1,2,0,0,2,17,1,0,1,12,1,1,1,3,1,0,5,1,0,0,0,0,0,0,0,0,0,0,25,0,1,0,0,0,0,1,0,22,2,50,0,38,0,1,0,0,0,3,0,1,0,0,0,5,0,1,1,0,0,0,0,0,0,25,0,0,0,0,23,0,0,0,2,2,0,0,0,0,1,0,0,0,0,0,30,1,5,0,0,0,0,0,0,1,0,0,0,0,0,11,0,0,0,0,0,0,0,0,0,0,0,0,0,2,6,0,0,8,0,2,20,0,0,0,1,0,5,0,22,14,7,11,3,0,0,0,8,65,0,0,0,0,0,0,10,1,0,2,1,0,0,0,0,0,1,0,0,7,0,0,6,0,1,0,0,0,0,0,0,0,2,0,1,1,0,0,0,0,2,25,0,0,0,0,0,0,0,0,0,0,0,3,1,2,2,0,2,0,3,1,0,1,0,0,0,7,0,0,0,0,0,0,0,0,0,0,0,0,0,0,0,3,0,1,0,0,0,0,0,0,0,0,0,0,0,0,0,3,0,0,0,0,0,0,1,0,0,0,0,0,0,0,0,0,0,0,36,9,0,4,0,1,4,7,0,0,0,0,0,0,0,2,0,0,1,0,1,0,0,0,0,5,2,1,4,0,0,0,0,0,0,1,1,0,0,0,2,0,6,0,0,0,0,1,0,1,0,34,2,1,20,1,0,0,0,1,1,0,0,1,0,1,0,38,52,3,0,44,1,0,0,1,17,0,4,0,0,0,6,0,0,2,0,2,23,0,6,0,0,0,6,6,0,3,0,4,61,0,3,7,83,0,0,0,0,0,0,0,0,0,0,0,0,1,0,0,0,5,1,0,0,0,0,0,3,52,0,0,0,4,0,1,0,6,0,0,0,1,2,0,1,3,10,2,4,0,0,0,13,0,0,1,12,0,2,0,0,0,0,0,0,0,0,0,0,0,0,0,0,0,0,0,0,0,0,0,0,0,0,1,0,0,0,0,0,0,0,0,0,0,9,0,0,0,0,22,5,0,5,0,0,1,0,0,0,0,0,0,1,0,0,0,0,1,0,0,0,0,0,0,0,2,0,0,16,0,0,0,0,0,0,1,0,1,2,0,0,0,0,1,0,0,0,5,2,0,0,0,0,0,0,0,0,0,0,1,0,0,0,27,1,0,1,0,0,2,1,3,0,0,2,5,2,5,1,4,1,67,0,0,7,0,0,1,0,2,0,0,0,3,0,31,0,0,6,0,0,4,0,0,0,0,8,0,2,2,1,0,0,0,0,1,0,0,0,0,1,2,0,0,0,0,0,0,0,0,0,0,0,0,0,0,6,0,1,0,0,0,0,0,0,0,0,0,0,1,1,0,0,1,0,0
176,1210,COLÉGIO ESTADUAL CÍVICO MILITAR YVONE PIMENTEL,"RUA SEBASTIÃO MALUCELLI, 1312",NOVO MUNDO,-25.4954281,-49.299928,41,0,4598,3659,223,145,0,7,3,13,40,3,4,1,0,5,56,0,1,0,22,0,0,1,3,2,4,12,0,0,0,0,0,1,0,0,1,0,0,41,0,0,0,0,0,0,1,0,31,3,80,0,66,1,2,0,0,1,4,0,0,0,4,4,16,0,1,1,0,0,0,0,0,0,42,0,1,0,0,63,0,0,0,3,0,1,0,0,0,1,1,0,0,0,0,94,0,4,3,2,0,0,0,0,1,0,0,0,2,0,9,0,1,0,0,0,0,0,0,0,0,0,0,0,9,4,0,1,14,0,3,38,0,6,1,1,7,42,1,56,42,10,11,3,0,1,1,5,74,3,2,1,0,3,0,22,2,1,4,0,1,3,1,0,0,1,0,0,10,0,0,29,1,0,0,2,1,0,0,0,0,0,0,2,0,0,0,1,1,9,70,0,1,0,0,0,0,0,0,5,1,0,6,0,0,0,0,3,0,1,4,0,2,0,6,0,9,0,0,0,1,0,1,0,0,0,0,0,2,0,0,0,9,0,2,0,0,0,2,0,0,0,0,1,0,4,0,0,4,0,0,0,0,0,0,1,0,1,0,0,0,0,1,0,0,0,0,67,5,0,3,1,0,6,10,1,0,0,0,1,0,0,4,0,5,0,0,9,0,4,0,0,23,0,3,6,0,0,0,0,0,2,0,6,0,0,0,1,1,8,0,0,0,1,0,0,1,0,81,1,2,50,6,0,0,1,7,12,0,0,1,0,6,2,42,66,9,0,59,0,0,0,1,36,0,4,3,1,0,7,4,1,6,0,2,31,0,25,2,2,5,12,17,1,0,1,3,121,0,10,31,260,0,0,0,0,0,0,0,0,0,0,0,0,0,1,0,0,7,0,0,0,0,0,0,1,70,0,2,0,29,0,1,0,12,0,0,6,5,4,1,13,0,28,21,1,7,0,0,5,0,1,3,9,0,1,0,0,0,1,0,0,0,0,0,0,0,0,0,0,2,0,0,0,0,0,0,0,0,0,0,1,0,0,0,1,1,0,0,0,0,20,1,0,0,0,38,0,3,10,0,0,1,0,0,0,0,0,0,0,0,0,0,1,1,0,0,0,3,0,1,0,5,0,0,2,0,1,0,0,0,0,1,0,2,0,0,0,0,0,0,0,0,0,8,0,6,0,0,1,0,1,0,0,0,0,4,0,1,0,158,0,0,0,0,1,8,1,17,0,0,10,6,8,9,0,2,1,204,0,0,8,0,0,0,0,6,1,1,0,0,0,96,2,0,5,0,0,5,0,0,0,0,11,1,10,7,4,0,0,13,0,3,0,0,0,0,2,0,0,0,1,0,0,0,2,0,0,0,0,0,0,0,7,0,0,0,0,1,0,0,0,0,0,0,0,0,1,0,1,0,3,1
176,1228,COLÉGIO ESTADUAL JOÃO BETTEGA,"RUA VISCONDE DO SERRO FRIO, 1020",NOVO MUNDO,-25.4860846,-49.3041488,41,0,3362,2656,223,100,0,11,1,9,43,11,2,0,0,7,35,0,0,0,15,1,0,1,2,3,3,9,0,1,2,0,1,1,0,0,0,0,0,47,0,0,0,0,0,0,0,0,23,3,67,0,36,0,2,0,0,0,6,0,0,0,2,0,9,0,1,0,1,1,0,0,1,0,18,0,5,0,0,26,0,0,0,4,0,3,1,0,0,4,1,0,0,0,0,36,0,12,1,1,0,0,0,0,0,0,0,0,0,1,12,1,0,0,0,0,1,0,0,0,0,0,0,0,3,4,0,0,18,1,1,35,0,5,1,0,1,23,0,36,31,19,9,5,0,0,0,20,103,0,0,0,0,4,0,17,1,0,0,0,0,0,1,1,0,1,1,0,4,0,0,12,0,3,3,0,0,0,0,1,0,1,0,0,1,0,0,0,0,1,29,0,0,0,0,0,0,0,0,0,3,0,8,1,0,7,0,1,0,0,2,0,6,0,0,0,10,0,1,0,0,0,0,0,0,0,0,0,0,0,0,0,3,0,0,0,0,0,0,1,0,0,0,0,0,3,1,0,9,0,1,0,0,0,0,0,0,0,1,0,0,0,0,0,0,0,0,56,4,0,6,0,0,8,11,0,0,0,0,1,0,0,10,0,2,0,0,3,0,0,0,0,10,0,2,5,0,0,0,0,0,0,0,4,0,0,0,0,0,8,0,0,0,0,0,0,1,0,79,0,3,23,5,0,0,0,2,12,0,1,0,0,3,0,40,48,3,0,52,0,0,0,1,34,0,6,0,0,0,6,0,0,2,0,3,37,0,8,0,0,2,15,27,0,2,0,2,88,0,1,4,162,2,0,0,1,0,0,0,0,1,0,0,0,0,0,2,0,11,0,0,0,0,0,0,1,46,0,0,0,18,1,1,0,6,0,0,3,3,8,0,14,0,11,2,0,0,0,0,12,0,3,0,20,2,2,0,0,0,0,0,0,0,1,0,0,0,0,0,0,1,0,0,0,0,0,0,0,1,0,0,4,1,0,0,0,0,0,2,0,0,25,0,0,0,1,20,0,0,4,0,0,2,0,0,0,2,1,0,0,0,0,0,1,0,1,0,2,1,0,2,0,3,0,0,42,0,0,0,0,0,0,0,0,0,1,0,0,0,0,1,0,0,0,5,1,1,0,0,2,0,0,0,0,2,0,2,0,1,0,55,0,0,0,0,0,6,7,9,2,0,5,6,3,2,0,1,0,86,0,0,2,0,0,1,0,1,0,1,0,0,0,50,1,1,4,0,0,3,1,0,0,1,10,0,5,8,1,0,1,3,2,3,0,0,0,0,0,1,0,0,0,0,0,0,0,0,0,0,0,0,0,1,4,0,0,0,0,0,0,0,0,0,0,0,0,0,3,0,0,0,0,0
176,1236,ESCOLA MUNICIPAL MADRE MARIA DOS ANJOS,"RUA SANTA MARIA, 540",NOVO MUNDO,-25.488844,-49.280006,41,0,2409,2007,108,69,0,6,3,2,25,1,1,1,1,3,44,1,0,0,10,0,0,0,2,0,1,12,0,1,0,1,0,0,0,0,0,0,0,15,0,0,0,0,0,0,1,0,8,10,65,0,59,1,1,3,0,0,1,0,1,0,0,1,7,0,1,0,0,0,0,0,0,0,25,0,1,0,0,18,0,0,0,15,0,0,1,0,0,0,0,0,1,0,0,60,0,2,0,3,0,0,0,0,0,0,0,0,2,0,4,0,0,0,0,0,0,0,0,0,0,0,0,0,1,1,1,0,13,0,2,32,0,2,1,0,0,20,0,21,33,13,9,0,0,0,1,1,13,0,0,0,0,5,1,12,1,0,2,1,1,1,0,0,2,3,1,0,10,0,0,5,0,0,0,0,0,0,0,1,1,0,0,1,0,0,0,0,0,4,47,0,0,0,0,0,0,0,0,1,1,0,5,1,1,0,0,0,0,0,2,1,3,0,0,0,13,0,0,0,0,0,1,0,0,0,0,0,1,0,0,0,3,0,0,0,0,0,0,0,0,0,0,0,0,0,2,0,0,0,3,0,0,0,0,0,0,0,0,0,0,0,0,0,0,0,0,31,7,0,3,0,1,8,4,0,0,0,0,0,0,0,0,0,0,0,1,3,0,2,1,0,5,0,0,4,0,0,0,0,0,0,1,3,0,0,0,1,4,3,0,0,0,0,0,0,4,0,43,2,1,22,5,0,1,0,3,2,0,2,0,1,3,2,23,38,7,0,46,1,2,0,1,19,0,1,0,0,0,4,0,0,8,0,3,13,0,17,0,0,2,3,20,2,0,0,2,77,0,2,3,119,0,1,0,0,0,0,0,0,0,0,0,0,0,0,0,0,9,1,0,0,3,0,0,1,45,1,0,0,23,0,0,0,11,0,0,2,2,3,0,2,2,14,16,0,0,0,0,7,0,0,0,2,0,2,0,1,1,1,0,0,0,0,0,0,0,0,0,0,0,0,0,0,0,0,0,0,0,0,0,0,0,0,0,0,0,1,3,0,0,22,0,0,0,0,21,0,0,1,0,0,0,0,0,0,0,0,0,0,0,0,0,4,0,0,0,0,1,0,0,0,1,0,0,1,0,0,0,0,0,0,1,0,0,0,0,0,3,0,0,0,0,0,0,0,0,0,0,0,0,0,0,2,0,0,1,0,1,0,54,0,0,1,2,1,3,0,13,1,0,6,3,4,10,0,0,0,102,0,0,8,0,0,0,0,0,3,0,0,2,0,49,1,2,2,0,0,3,0,0,0,0,5,0,7,9,2,0,0,8,2,2,0,0,0,0,0,0,0,0,0,0,0,0,0,0,0,0,0,0,0,0,1,1,0,0,0,0,0,0,0,0,0,0,0,0,0,0,0,0,2,0
176,1244,ESCOLA MUNICIPAL MARIA CLARA BRANDÃO TESSEROLLI,"RUA JOÃO RIBEIRO LEMOS, 380",NOVO MUNDO,-25.4878567,-49.2879756,41,0,4177,3441,197,135,0,15,0,10,52,10,3,1,0,4,58,1,1,0,18,0,0,1,6,1,0,10,1,2,0,0,1,0,0,0,0,0,0,40,3,0,0,2,0,1,0,0,29,4,79,0,87,4,3,0,0,0,1,0,0,0,2,2,9,0,8,0,0,0,0,0,1,0,43,0,1,1,0,45,0,0,0,37,0,2,3,0,0,2,3,0,0,0,0,100,0,5,0,5,0,0,0,1,1,0,0,0,1,0,10,2,0,3,0,0,0,0,0,0,0,0,0,0,4,12,4,2,17,0,3,42,0,9,3,3,5,32,1,40,35,29,22,4,0,0,0,0,56,0,3,0,0,6,0,25,0,1,2,3,0,1,0,1,0,4,1,0,7,0,0,16,0,4,0,5,1,0,1,1,0,0,0,4,0,0,0,0,0,8,59,0,0,0,0,0,0,0,0,1,0,1,5,0,0,0,0,4,0,3,2,0,4,0,4,0,12,0,0,0,0,0,0,2,0,0,0,0,0,1,0,2,0,0,1,0,0,0,0,0,0,0,0,0,0,0,0,0,4,0,4,0,0,0,0,0,3,3,0,1,0,0,0,0,0,0,0,41,5,0,2,0,0,10,6,0,1,0,0,1,0,0,1,0,1,0,0,2,0,2,0,0,11,0,0,6,0,1,0,0,2,1,0,1,1,0,0,0,2,2,0,0,0,1,0,0,2,0,79,0,1,17,9,1,0,0,0,13,0,0,0,0,2,1,42,72,4,2,58,0,0,0,2,30,1,12,0,0,0,5,0,0,5,1,2,53,1,15,0,0,1,2,28,0,2,1,0,121,0,7,10,191,0,2,0,0,0,0,0,0,0,0,0,0,0,0,0,0,23,1,0,0,0,0,0,3,75,0,1,1,22,0,1,0,14,0,0,0,3,4,0,3,5,32,12,0,1,0,0,9,0,1,1,5,1,2,0,0,0,1,0,0,1,0,0,0,0,0,0,0,1,0,0,0,1,0,0,0,0,0,1,0,0,0,0,1,0,0,4,0,0,24,2,0,0,0,29,1,0,5,0,0,0,0,0,0,1,0,1,0,0,0,0,1,0,0,0,0,0,1,0,0,5,0,0,8,0,0,0,0,0,0,0,0,1,0,0,0,0,0,0,0,0,0,4,0,0,0,0,0,0,0,0,0,0,0,0,0,0,0,105,0,0,1,1,3,11,3,23,0,0,2,4,10,24,0,3,0,259,0,0,1,0,0,0,0,1,1,0,0,1,0,87,2,0,7,0,0,6,0,0,0,2,20,1,6,11,11,0,0,17,0,0,0,0,0,0,1,1,0,1,1,0,0,0,0,0,0,0,0,0,0,0,2,0,0,0,0,0,0,0,0,0,0,0,0,0,0,0,2,0,1,1
176,1252,ESCOLA MUNICIPAL PROFESSORA NAIR DE MACEDO,"RUA FIORAVANTE SLAVIERO, 753",NOVO MUNDO,-25.4904661,-49.3102075,41,0,3481,2863,181,123,0,11,2,8,45,0,2,2,0,3,53,1,1,0,18,1,0,0,1,4,1,18,0,0,0,0,2,0,0,2,0,0,0,31,0,0,1,1,0,0,6,0,25,3,60,0,62,0,1,1,0,0,6,0,2,2,0,0,6,0,0,0,0,0,0,0,0,0,34,0,2,0,0,34,0,0,0,4,0,1,1,1,0,1,5,0,0,0,0,56,1,3,0,3,0,0,0,1,1,0,0,0,2,0,15,0,0,0,0,0,0,0,0,0,0,0,0,0,0,11,1,0,18,0,4,38,0,2,2,2,3,23,0,29,35,13,20,1,0,0,0,8,90,0,1,0,0,1,0,19,0,0,0,4,1,1,0,0,0,3,0,4,8,0,0,15,0,0,0,0,0,0,0,0,0,0,0,0,0,0,0,0,0,5,50,0,0,1,0,0,0,0,0,1,0,0,10,1,0,4,0,1,0,1,3,0,5,0,0,0,9,0,0,0,0,0,0,0,0,3,1,0,0,0,0,0,1,0,0,0,0,0,0,0,0,0,0,0,0,5,1,0,14,0,1,0,0,0,0,0,1,0,0,0,0,0,0,0,0,0,0,40,7,0,2,0,2,5,4,1,0,0,0,0,0,0,0,0,1,1,0,4,1,1,0,1,9,0,0,7,0,0,0,0,1,0,0,6,1,0,0,0,2,7,0,0,0,0,0,0,2,0,75,4,1,71,7,0,0,0,4,7,0,0,0,1,2,2,53,67,7,4,44,2,2,0,2,27,0,8,1,0,0,1,1,1,2,0,17,43,0,16,3,0,0,2,25,0,0,0,3,115,0,2,7,156,0,0,0,2,0,0,0,0,1,0,0,0,0,0,0,0,11,0,0,0,0,0,0,4,68,0,2,0,11,0,0,0,9,0,0,0,2,2,0,6,2,15,9,0,4,0,0,10,0,0,0,5,0,0,0,0,0,0,0,1,0,0,0,0,1,0,0,0,0,0,0,0,1,0,1,1,5,0,0,0,0,0,0,0,0,1,0,1,0,34,0,0,0,0,27,0,4,8,0,1,2,0,0,0,3,0,0,0,0,0,0,0,1,0,0,1,2,0,5,0,1,0,0,16,0,0,0,0,0,0,1,0,0,1,0,0,0,0,2,0,0,0,1,1,0,0,0,0,0,0,0,0,0,0,7,0,0,0,59,0,2,0,0,2,6,1,5,0,0,7,10,4,14,0,1,0,129,0,0,7,0,0,0,0,1,0,0,0,0,0,49,1,0,2,1,0,2,0,0,1,0,7,1,4,4,7,2,1,14,0,0,0,0,0,0,0,0,0,0,0,0,0,0,0,0,0,0,0,0,0,0,5,0,1,0,0,0,0,0,0,0,0,0,0,0,4,0,0,0,0,0
176,1295,ESCOLA MUNICIPAL BELMIRO CESAR,"RUA PADRE MANUEL DA NOBREGA, 327",VILA  FANNY,-25.479689,-49.2710655,39,0,2109,1712,96,75,0,4,1,0,22,2,0,0,0,2,29,0,0,0,8,0,0,1,2,0,1,5,3,1,0,0,1,1,0,0,2,0,0,7,0,0,0,0,0,0,0,0,7,2,29,0,47,0,1,0,0,0,1,0,0,0,3,1,15,0,0,0,0,0,0,0,0,0,25,1,0,0,0,19,0,0,0,88,1,1,1,0,0,1,0,0,0,0,0,71,0,1,1,4,1,1,0,0,2,0,0,0,3,0,7,0,0,0,0,0,0,0,0,0,0,0,0,0,2,0,0,1,10,0,2,23,0,5,0,0,1,10,0,25,18,18,16,2,0,0,1,0,23,0,2,0,0,1,0,12,1,0,0,0,0,0,0,0,0,1,0,1,3,0,0,15,0,0,1,1,0,0,0,0,0,0,0,1,0,0,0,0,0,3,46,0,0,0,0,0,0,0,0,0,3,1,4,0,0,0,0,0,0,0,3,0,1,0,1,0,11,0,0,0,0,0,0,2,0,0,0,0,1,0,0,0,2,0,0,0,0,0,0,0,1,0,0,0,0,1,2,0,0,0,1,0,0,0,0,0,1,1,1,1,0,0,0,0,1,0,0,17,3,0,2,0,5,1,5,0,0,1,0,0,0,0,0,0,0,0,0,3,0,0,0,0,4,1,0,0,0,0,0,0,0,0,0,2,1,0,0,0,1,3,1,0,0,0,0,0,2,0,44,0,1,17,2,0,0,0,1,7,0,0,0,0,0,1,18,30,14,0,27,0,0,0,1,16,0,3,1,0,0,4,1,1,2,0,0,23,0,9,0,0,3,1,16,0,0,0,0,64,0,3,4,94,3,0,0,0,0,0,0,0,0,0,0,0,0,2,0,0,6,0,1,0,0,0,0,2,36,0,0,0,10,0,1,0,5,0,0,0,1,5,0,2,1,13,5,0,3,0,1,9,0,0,0,1,0,0,0,0,0,0,1,0,0,0,0,0,0,1,0,0,1,0,0,0,0,0,0,0,0,0,0,0,1,0,0,1,0,0,0,0,0,16,0,0,0,0,14,2,0,0,0,0,0,0,0,0,0,0,0,0,0,0,0,1,0,0,0,0,1,0,0,0,7,0,0,19,0,0,0,0,0,0,0,0,0,0,0,0,0,0,3,0,0,0,0,0,3,0,0,0,1,1,0,0,0,0,2,0,0,0,48,0,0,0,0,0,2,2,11,0,0,7,0,5,3,0,0,0,18,0,0,5,0,0,0,1,0,2,1,0,0,0,25,1,0,5,0,0,1,0,0,0,0,16,3,7,2,5,2,0,12,0,0,0,0,0,0,0,0,0,0,0,0,0,0,0,0,0,0,0,0,0,0,4,0,0,0,0,0,0,0,0,0,0,0,0,0,0,0,0,0,1,0
176,1317,COLÉGIO GRACE,"RUA PEDRO BONAT, 103",NOVO MUNDO,-25.4942151,-49.2936416,41,0,4749,3891,201,117,0,8,2,7,53,12,3,0,1,6,47,2,0,0,12,1,1,0,3,2,5,14,0,0,0,1,3,0,0,4,0,0,0,30,0,0,0,0,0,1,0,0,19,6,79,0,81,1,1,3,2,0,3,0,2,2,2,6,15,0,1,1,2,0,0,0,0,0,27,0,2,0,0,42,0,0,0,10,0,3,1,1,0,2,8,0,1,0,0,123,2,5,0,8,0,0,0,1,0,1,0,1,4,0,11,2,0,0,0,0,0,0,0,0,0,0,0,0,13,5,1,2,24,0,1,58,0,11,0,5,5,34,0,58,55,39,22,1,1,0,0,2,45,0,2,3,0,7,0,16,2,1,6,2,0,3,2,0,1,1,4,0,20,0,1,25,0,1,0,0,0,1,0,0,0,0,1,1,0,0,0,0,0,10,73,0,0,1,0,0,1,0,0,1,1,1,4,1,0,1,0,3,0,0,1,0,7,0,1,0,16,0,0,0,0,0,0,2,0,1,2,0,1,0,0,0,4,0,0,0,0,0,2,0,0,0,0,0,0,0,1,0,1,0,1,0,0,0,0,1,0,0,0,0,1,0,0,0,0,0,0,56,6,4,4,0,6,16,9,0,1,0,0,0,0,0,0,0,1,0,0,2,2,0,0,0,29,2,1,6,0,0,0,0,0,0,0,5,0,0,0,2,3,9,0,0,0,0,0,0,3,0,102,2,3,70,2,0,1,0,6,5,0,3,0,0,6,2,45,66,7,1,55,2,0,0,5,25,0,3,1,0,0,10,0,0,16,1,1,49,0,24,0,0,6,5,14,0,1,1,7,95,1,4,11,265,2,0,1,0,1,0,0,0,1,0,0,1,0,0,0,0,10,0,0,0,0,1,0,1,75,3,2,0,34,0,2,1,25,0,0,4,5,3,0,7,4,49,22,3,3,0,0,19,0,4,0,7,1,9,0,2,1,2,0,0,0,0,1,0,0,0,1,0,1,0,0,0,3,0,0,0,1,0,0,3,3,0,0,0,4,1,2,0,0,20,1,0,0,1,40,5,0,7,0,0,3,0,0,0,3,1,0,0,0,0,0,0,0,0,0,2,3,1,0,0,2,0,0,2,0,2,0,1,0,0,1,1,3,0,0,0,0,0,0,0,0,1,3,0,2,0,0,0,0,1,0,0,0,0,4,0,3,0,134,0,0,5,0,1,1,3,29,2,1,9,13,12,9,0,4,0,281,0,3,6,2,0,0,0,3,2,0,0,1,1,94,1,4,6,0,0,14,0,0,0,1,11,2,16,6,4,0,0,20,1,3,0,0,0,0,0,0,0,0,2,0,0,0,1,0,0,0,0,0,0,0,12,0,0,0,0,0,0,0,0,0,0,0,0,0,1,0,0,0,3,1
176,1333,UNISANTA CRUZ - CAMPUS SEDE,"RUA AFFIFE MANSUR, 565",NOVO MUNDO,-25.495802,-49.3032708,41,0,3431,2838,153,104,0,3,3,8,44,8,3,0,1,5,41,0,1,0,20,0,0,0,1,0,1,5,0,1,0,0,0,0,0,0,0,0,0,24,0,0,0,2,0,0,1,0,15,4,75,0,66,1,4,1,0,0,0,0,2,0,2,2,16,0,2,1,0,0,0,0,1,0,28,0,1,0,0,39,0,0,0,3,0,0,2,0,0,2,1,0,1,0,0,62,1,9,0,3,0,0,0,0,2,0,0,2,3,0,10,0,0,0,0,0,0,1,0,0,0,3,0,0,2,2,1,1,15,0,1,36,0,5,2,0,4,20,0,32,30,15,9,2,0,0,2,1,27,0,0,1,1,1,0,25,0,1,0,1,0,1,0,0,0,1,0,0,2,0,0,21,0,0,0,0,0,0,0,0,0,0,1,0,0,0,0,0,0,6,56,0,0,2,0,0,0,0,0,2,2,0,1,1,0,2,0,4,0,2,1,0,6,0,1,0,5,0,0,0,0,0,1,0,0,0,0,0,0,0,0,0,2,0,1,0,0,0,1,0,0,0,0,0,0,2,0,0,1,0,0,0,0,0,0,0,0,0,0,0,0,0,1,0,0,0,0,32,5,1,2,0,1,11,9,1,1,2,0,1,0,0,0,0,2,0,0,0,0,5,0,0,15,1,0,3,0,0,0,0,0,1,1,6,1,0,1,1,0,3,0,0,0,0,0,0,2,0,89,2,1,44,4,0,1,0,7,10,0,0,0,0,2,1,32,69,1,0,46,0,0,0,2,24,0,5,1,0,0,3,4,0,10,1,1,16,0,17,0,1,3,5,31,0,0,0,3,74,0,5,22,192,0,0,0,0,1,0,0,0,0,0,0,0,0,1,0,0,8,0,0,0,0,0,0,1,73,1,1,0,17,0,0,0,20,0,0,1,6,10,0,5,3,25,22,2,4,0,0,17,0,1,0,7,0,4,1,0,0,0,0,0,0,0,2,0,1,0,0,0,0,0,0,1,0,0,0,0,0,1,0,1,0,0,0,1,0,0,0,0,0,13,3,1,0,0,35,4,0,13,2,0,0,0,0,0,1,0,0,0,0,0,0,2,0,0,0,0,3,0,0,0,3,0,0,1,0,0,0,0,0,0,0,1,4,0,0,0,0,0,0,0,0,0,2,1,0,0,0,1,0,0,0,0,0,0,0,0,1,0,79,0,0,1,0,0,3,1,15,0,0,5,8,3,7,0,2,0,220,0,1,5,2,0,0,2,0,0,1,0,0,0,98,0,0,5,0,1,2,0,0,0,0,9,2,10,8,1,5,0,5,1,3,1,0,0,0,1,0,0,0,0,1,0,0,1,0,0,0,0,0,0,0,4,0,0,0,0,0,0,0,0,0,0,0,0,0,0,0,0,0,2,0
176,1341,CMEI VILA LEÃO,"RUA PRIMO LOURENÇO TOSIN, 21",NOVO MUNDO,-25.4851504,-49.3022762,41,0,1775,1399,95,56,0,3,0,5,18,2,3,0,0,1,12,0,0,0,8,0,0,0,0,0,2,5,2,0,0,0,0,3,0,0,0,0,0,28,0,0,0,1,0,0,0,0,12,0,35,0,20,1,0,0,0,0,4,0,0,1,0,0,5,0,2,0,0,0,0,0,2,0,21,0,0,0,0,10,0,0,0,1,0,0,0,0,0,0,3,0,0,0,0,41,0,4,0,0,0,0,0,0,1,0,0,0,1,0,1,0,0,0,0,0,0,0,0,0,0,0,0,0,4,1,1,0,9,0,0,24,0,4,0,4,6,16,0,24,25,15,3,1,0,0,0,4,36,0,0,0,0,4,0,8,0,0,2,0,2,1,0,0,0,1,2,0,5,0,0,8,0,0,0,0,1,0,0,0,0,0,0,1,0,0,0,0,0,3,21,0,0,0,0,0,0,0,0,1,0,0,3,0,0,2,1,0,0,1,2,0,1,0,0,0,2,0,0,0,0,0,0,0,0,0,0,0,0,0,0,0,1,0,0,0,0,0,2,0,0,0,0,0,0,2,0,0,1,0,1,0,0,0,0,0,1,0,0,0,0,0,0,0,0,0,0,26,2,0,5,0,0,1,6,0,0,0,0,0,0,0,1,0,0,0,0,0,0,0,0,0,2,0,1,1,0,0,0,0,1,0,0,0,0,0,0,0,0,1,0,0,0,0,0,0,0,0,31,3,5,23,3,0,0,0,0,3,0,0,0,0,3,2,16,19,0,0,21,0,0,0,2,14,0,3,0,0,0,4,1,0,2,1,2,21,1,10,0,0,2,4,13,0,0,2,0,43,2,3,2,104,0,0,0,0,0,0,0,0,1,0,0,0,0,0,0,0,6,0,0,0,0,0,0,0,29,0,2,0,6,1,1,0,2,0,0,2,0,0,0,2,2,10,11,0,1,0,0,4,0,0,0,14,2,3,0,0,0,0,0,0,0,0,0,0,0,0,0,0,0,0,0,0,1,0,0,0,0,0,1,0,0,0,0,0,0,0,0,0,0,10,0,0,0,1,10,0,0,2,0,0,0,0,0,0,1,0,0,0,0,0,0,0,0,0,0,0,0,0,0,0,1,0,0,10,0,1,0,0,0,0,0,0,0,0,0,0,0,1,0,0,0,0,0,0,1,0,1,0,0,0,0,0,0,0,7,0,0,1,54,1,0,1,0,0,3,4,10,0,1,2,1,2,0,0,0,0,35,0,0,3,0,0,0,0,1,1,0,0,0,0,21,0,0,4,0,0,1,0,0,0,0,5,0,3,2,5,1,0,3,1,4,0,0,0,0,0,0,0,0,0,0,0,0,0,0,0,0,0,0,0,0,0,0,1,0,0,0,0,0,0,0,0,0,0,0,1,0,0,0,2,0
176,1457,COLÉGIO CEC,"RUA PROFESSOR WALDIR DE JESUS, 99",CAPÃO RASO,-25.5059847,-49.2966571,58,0,2640,2168,90,59,0,4,1,4,27,9,4,0,1,5,29,1,0,2,16,0,0,0,1,1,1,15,0,1,0,0,0,1,0,1,1,0,0,34,0,0,0,1,0,1,1,0,4,3,44,0,47,1,4,3,0,0,0,0,0,1,0,2,10,0,1,0,0,0,0,0,0,0,22,0,0,0,0,21,0,2,0,0,0,0,1,0,0,2,1,0,0,0,0,50,0,6,0,3,0,0,1,0,1,0,0,0,0,0,12,0,0,0,0,0,0,0,0,0,0,0,0,0,7,1,0,0,17,0,4,20,0,9,1,1,1,19,0,41,25,13,4,7,0,0,3,2,36,0,1,1,0,2,0,15,0,1,0,0,0,0,0,0,1,1,0,0,17,0,0,16,0,0,0,1,0,0,0,2,0,0,0,1,0,0,0,0,0,4,46,0,0,1,0,0,1,0,0,1,0,0,3,1,0,1,0,0,0,0,0,0,3,0,1,0,6,1,0,0,0,0,1,0,0,0,0,0,0,0,0,0,2,0,0,0,0,0,0,0,0,0,0,0,0,0,1,0,3,0,3,0,0,0,0,0,0,0,0,0,0,0,0,0,0,0,0,33,0,0,1,0,0,13,3,0,0,0,0,0,0,0,0,0,2,3,0,6,0,0,0,0,11,2,1,1,0,0,0,0,0,1,0,0,0,0,0,0,0,2,0,0,1,2,0,0,0,0,40,5,1,21,6,1,0,0,2,1,0,0,1,0,2,0,24,33,2,0,55,2,0,0,2,21,0,2,2,0,0,8,2,0,3,0,1,22,0,12,0,0,4,2,33,0,2,0,0,59,0,1,5,146,1,0,0,0,0,0,0,0,0,0,0,0,0,0,0,0,3,0,0,0,0,0,0,1,41,0,1,0,12,0,0,0,13,0,0,8,2,2,1,2,1,19,15,2,1,0,0,7,1,1,2,4,0,4,0,0,0,0,0,0,0,0,0,0,0,0,0,0,0,0,1,0,1,0,0,0,2,0,3,0,0,0,0,0,0,0,0,0,0,13,0,0,0,0,25,1,0,2,0,0,0,0,0,0,0,0,0,0,0,0,0,7,1,0,0,0,1,1,0,0,3,0,0,2,0,0,0,0,0,0,0,0,0,0,0,3,0,0,1,0,0,0,1,0,0,0,0,0,0,0,0,0,1,0,2,0,0,0,77,0,0,0,1,0,1,3,7,0,1,4,7,1,0,1,3,0,177,0,0,6,1,0,0,0,0,2,0,0,2,0,83,0,0,3,1,0,3,1,0,0,1,9,1,13,7,10,2,1,5,1,4,0,0,0,0,0,0,0,0,0,0,0,0,0,0,0,0,0,0,0,0,2,0,0,0,0,0,0,0,1,0,0,0,0,0,0,0,0,0,3,1
176,1465,COLÉGIO STELLA MARIS XAXIM,"RUA PROFESSOR NARCISO MENDES, 484",XAXIM,-25.5037474,-49.2697099,57,0,3825,3149,138,90,0,1,2,6,41,5,1,1,1,7,52,0,0,3,26,0,0,0,2,2,2,14,1,1,0,0,0,0,0,0,1,0,0,20,2,0,0,1,0,1,1,0,10,9,75,0,226,0,7,0,0,0,1,0,2,0,2,2,10,0,2,0,0,0,0,0,0,0,36,0,1,0,0,38,0,0,0,12,0,0,0,0,0,0,2,0,0,0,1,76,0,4,0,3,1,0,0,0,1,0,0,0,1,0,21,0,0,0,0,0,0,0,0,0,0,0,0,0,6,3,1,1,13,0,2,31,0,5,0,0,1,22,0,48,44,16,4,0,0,2,0,2,36,0,1,0,0,4,1,22,3,0,0,1,0,4,0,0,0,1,2,0,7,0,0,19,0,1,0,0,0,3,2,1,0,0,0,1,1,0,0,0,1,8,54,0,0,2,0,0,0,0,0,7,0,2,0,5,0,0,0,4,0,0,3,1,3,1,0,0,37,0,0,0,0,0,0,3,0,0,1,0,0,0,0,2,2,0,0,0,0,0,0,0,0,0,0,0,0,0,0,0,2,0,5,0,0,0,0,0,0,0,0,0,0,0,1,0,0,0,0,52,2,0,3,1,7,8,11,1,2,0,0,0,0,0,0,0,5,1,1,3,0,1,0,0,12,1,0,0,0,0,0,0,0,0,2,2,0,0,0,1,2,5,0,0,0,0,0,0,24,0,92,1,3,50,4,0,0,0,2,5,1,0,0,0,3,1,58,38,3,1,96,2,0,0,2,21,0,5,0,0,0,4,1,0,8,1,0,23,0,18,0,0,2,6,70,1,2,0,2,94,0,2,5,267,0,0,0,0,0,0,0,0,0,0,0,0,0,0,0,0,13,0,0,0,0,0,0,3,77,3,1,0,16,0,2,0,17,0,0,2,8,6,0,4,3,33,11,2,4,0,0,16,0,1,0,8,0,2,0,0,0,0,0,0,1,0,0,0,0,3,0,0,1,0,0,0,1,0,0,0,1,0,0,1,0,0,0,1,0,0,0,0,0,13,0,0,0,0,17,0,0,1,0,0,1,0,0,0,1,1,0,0,0,0,0,1,0,0,0,0,2,0,0,0,5,0,0,1,0,0,0,1,0,0,0,0,1,0,0,0,0,1,4,0,0,0,11,0,1,0,7,0,0,1,0,0,1,0,5,0,2,0,89,1,1,4,0,0,3,3,14,3,0,6,4,5,8,0,1,0,52,0,0,2,1,0,0,3,1,2,0,0,2,0,68,0,0,3,1,3,4,1,1,0,0,27,2,13,7,3,6,0,10,2,5,0,0,0,0,1,0,0,0,0,0,0,0,0,0,0,1,0,0,0,0,4,0,0,0,0,0,0,0,0,0,0,0,0,0,0,0,1,0,0,1
176,1473,COLÉGIO SENHORA DE FÁTIMA,"RUA GABRIEL FRECCEIRO DE MIRANDA, 1118",XAXIM,-25.5064246,-49.2740041,57,0,5016,4148,200,112,0,7,1,6,48,14,2,0,1,1,54,3,1,0,19,0,0,1,3,3,5,6,0,0,0,0,1,0,0,0,1,0,0,20,2,0,0,5,1,1,1,0,21,6,78,0,200,0,5,0,0,0,3,0,2,0,5,3,20,0,4,0,0,4,0,0,3,0,42,0,0,0,0,61,0,0,0,17,0,0,3,0,0,1,1,0,0,0,0,94,0,7,0,6,0,0,0,0,0,0,0,0,3,0,39,1,0,0,0,0,0,0,0,0,0,0,0,0,4,14,1,0,28,0,1,48,0,5,2,3,6,26,0,58,47,26,16,3,0,1,0,1,52,0,5,1,0,4,0,32,1,0,2,2,0,5,1,1,0,5,3,1,9,0,0,46,0,0,0,3,1,1,3,1,0,0,1,3,0,0,0,0,0,10,83,0,0,0,0,0,1,0,0,4,0,2,3,6,0,0,0,2,0,1,5,0,3,0,0,0,27,0,0,0,0,0,0,0,0,1,0,0,1,0,0,1,6,0,2,0,0,0,1,0,0,0,0,0,0,1,1,0,1,0,6,0,0,0,0,0,0,0,0,0,0,0,0,0,0,0,0,67,12,0,5,0,2,9,5,1,1,0,0,0,0,0,0,0,2,0,0,9,0,3,1,0,22,0,1,1,0,0,0,0,0,1,0,5,1,0,0,1,3,6,0,0,0,0,2,0,13,0,92,1,1,81,10,0,0,0,3,4,1,0,0,0,3,2,55,55,17,0,131,3,0,0,1,29,0,1,1,0,1,9,1,0,9,0,1,27,0,31,1,1,1,16,148,0,3,0,3,98,1,2,2,361,1,0,0,0,0,0,0,0,2,0,0,0,1,0,0,0,19,0,0,0,0,0,0,6,93,7,2,0,30,1,0,0,26,0,0,1,4,8,0,5,5,34,23,0,3,2,0,24,0,2,0,12,1,8,0,0,0,0,1,0,3,0,0,1,1,0,0,0,1,0,1,1,0,0,0,0,0,0,0,2,2,0,0,1,0,0,1,0,0,22,1,0,0,0,38,3,0,2,1,0,0,0,0,0,1,0,0,0,0,0,0,1,1,0,0,0,5,2,0,1,3,0,0,5,0,0,0,0,1,0,0,1,3,0,0,0,0,1,5,0,0,0,7,0,0,0,4,0,0,0,0,0,0,0,3,0,1,0,152,0,0,4,0,0,3,6,34,3,0,3,7,13,11,1,1,1,70,0,0,5,0,0,0,0,1,1,0,0,1,0,107,2,1,8,3,1,7,0,0,0,1,15,0,13,11,10,1,0,15,1,1,0,0,0,0,0,3,0,0,0,0,0,0,0,0,0,0,0,0,0,0,5,0,0,1,1,0,0,0,0,2,0,0,0,0,2,0,0,0,3,1
176,1481,COLÉGIO ESTADUAL JAYME CANET,"RUA ANA APARECIDA LOPOS CANET, 133",XAXIM,-25.4998938,-49.265887,57,0,7085,5758,312,208,0,20,2,15,87,16,6,0,0,13,114,2,2,1,38,1,1,2,3,7,3,26,1,0,0,1,0,2,0,0,0,0,0,37,3,0,0,1,0,0,0,0,34,6,104,0,393,3,4,8,1,0,1,0,1,5,1,0,20,0,3,0,0,0,0,0,0,0,73,0,2,0,0,94,2,0,0,29,2,1,3,2,0,0,8,0,0,0,0,128,0,7,1,11,3,0,0,0,2,0,0,1,1,1,34,1,1,3,0,0,0,0,0,0,0,0,0,0,5,6,2,4,44,1,1,67,1,9,2,2,2,27,1,56,73,37,16,6,0,2,1,2,77,1,6,0,0,3,0,31,0,2,6,2,0,10,2,0,0,9,4,1,23,1,1,35,0,2,2,5,0,0,0,3,0,1,0,0,0,0,0,1,0,11,97,0,0,0,0,0,0,0,0,12,2,2,11,8,0,0,0,2,0,1,1,0,5,0,1,0,98,5,0,0,0,0,0,0,0,0,0,0,1,0,0,4,11,0,6,0,0,0,0,0,0,0,0,1,0,0,0,0,0,0,8,0,0,0,0,0,3,0,0,1,0,0,0,0,0,0,1,115,13,1,4,0,6,15,20,2,5,0,0,0,0,2,0,0,3,1,2,12,0,0,0,0,17,0,1,4,0,0,0,0,0,0,0,3,1,0,0,2,5,9,0,0,0,0,0,0,26,0,154,3,2,69,11,0,0,2,5,9,3,0,0,0,8,3,63,101,13,0,180,3,2,0,4,52,0,6,0,0,0,2,2,0,21,2,7,55,1,38,1,0,3,11,159,0,4,2,3,181,1,15,5,397,5,1,0,0,5,0,0,0,0,0,0,0,0,0,0,0,19,0,0,0,0,0,0,6,117,1,5,0,27,1,0,1,19,0,0,3,5,3,3,6,4,50,23,1,0,0,1,19,0,2,0,18,2,5,0,2,0,1,0,0,0,0,0,2,4,1,0,0,3,0,0,0,1,0,0,0,1,0,3,3,0,0,0,0,0,0,2,2,0,22,0,0,0,1,44,2,0,4,0,0,2,0,0,0,0,2,0,1,0,0,0,1,0,0,0,0,6,1,0,1,4,0,0,8,0,0,0,0,0,0,0,0,4,0,0,0,0,1,3,0,0,1,13,0,2,0,9,0,0,1,0,0,1,0,4,0,0,0,153,0,1,2,1,0,17,7,29,2,0,14,6,8,7,1,2,0,52,0,0,8,0,0,0,0,0,2,0,0,0,1,108,0,0,10,0,0,11,1,0,0,1,28,2,19,16,11,4,0,23,0,5,0,0,0,0,2,1,0,0,1,0,0,0,0,0,0,1,0,0,0,0,3,0,0,1,0,0,0,0,0,1,0,0,0,0,0,0,0,0,4,0
176,1490,COLÉGIO ESTADUAL JOÃO PAULO II,"RUA JOÃO BARBOSA DE ALMEIDA, 545",XAXIM,-25.516242600000002,-49.2696043,57,0,3782,2990,224,102,0,19,3,13,49,5,2,0,1,3,68,0,1,0,14,2,0,0,2,6,1,12,0,0,1,0,1,0,0,1,0,0,0,39,2,0,0,1,0,0,0,0,16,3,47,0,183,4,3,2,0,0,1,0,1,0,1,1,21,0,0,0,0,0,0,0,0,0,45,0,1,0,0,24,0,0,0,19,0,0,1,0,0,2,2,0,0,0,0,48,0,5,1,3,0,0,0,0,0,0,0,0,0,0,28,0,0,1,0,0,0,0,0,0,0,0,0,0,2,10,0,0,31,0,0,26,0,4,5,0,8,14,0,32,35,22,10,5,0,1,0,4,49,0,2,1,0,0,0,11,0,0,1,0,0,4,0,0,0,5,2,0,6,0,0,7,0,0,0,2,0,0,0,1,0,0,1,0,0,0,0,0,0,1,45,0,0,1,0,0,0,0,0,3,0,0,12,0,0,0,0,0,0,0,16,0,5,0,0,0,78,0,0,0,0,0,0,0,0,0,0,0,0,0,0,1,4,0,1,0,0,0,1,1,1,2,0,0,0,2,1,0,0,0,6,0,0,0,0,0,2,0,0,0,0,0,0,0,0,2,0,44,11,1,2,1,6,2,11,0,0,0,0,0,0,0,1,0,1,0,1,2,0,0,2,0,8,1,0,5,0,0,0,0,0,0,0,1,0,0,0,5,0,3,0,0,0,0,0,0,12,0,62,4,1,29,0,0,0,0,0,12,0,0,0,0,5,1,22,42,3,2,122,0,0,0,6,33,0,1,1,1,0,10,2,0,4,0,0,30,0,13,0,1,2,16,160,2,2,0,2,89,1,7,3,155,0,1,0,0,1,0,0,0,0,0,0,0,0,0,0,0,5,1,0,0,0,0,0,1,49,0,0,2,10,0,0,0,4,0,1,3,3,2,0,5,1,10,5,0,2,0,0,18,0,2,2,19,0,4,0,0,0,0,0,0,1,0,0,0,0,0,1,0,1,0,0,0,1,0,0,0,0,0,0,1,0,0,0,0,1,0,2,0,0,19,1,0,0,0,18,1,0,3,0,0,1,0,0,6,2,0,0,0,0,0,0,0,0,0,0,0,3,0,2,0,6,0,0,4,0,0,0,0,0,0,0,0,3,0,0,0,0,0,1,0,0,0,0,1,1,1,3,1,1,1,0,0,1,0,0,0,2,0,65,0,0,3,0,0,4,3,17,1,0,5,1,0,8,2,0,1,19,0,0,13,0,0,0,0,0,1,0,0,1,0,53,0,0,1,0,0,2,0,0,0,0,13,0,9,5,2,4,0,11,0,6,0,0,0,0,0,0,0,0,2,1,0,0,0,0,0,1,0,0,0,0,0,0,2,0,0,0,0,0,0,0,0,0,0,0,2,0,1,0,2,1
176,1503,ESCOLA MUNICIPAL DAVID CARNEIRO,"RUA JOÃO BATISTA ZAGONEL PASSOS, 1197",XAXIM,-25.522987,-49.2669537,57,0,3808,3081,208,110,0,9,3,17,47,7,7,0,1,4,51,2,1,0,21,1,0,0,0,3,2,7,0,0,0,1,1,0,0,0,0,0,0,29,1,0,0,5,0,0,0,0,16,3,41,0,181,0,3,1,0,0,0,0,3,1,2,2,19,1,5,0,1,0,1,2,0,0,31,0,1,0,0,21,0,0,0,12,1,2,1,0,0,1,0,0,0,0,0,53,0,3,0,1,0,1,0,2,1,0,0,0,0,0,53,0,0,1,0,0,0,0,0,0,0,0,0,0,2,11,2,0,33,0,1,35,0,7,0,1,1,28,0,31,18,44,10,2,0,0,2,2,67,1,2,0,1,3,0,23,0,0,5,0,1,10,0,0,1,9,0,0,3,0,0,24,0,0,0,1,0,0,0,0,0,1,0,2,0,0,0,0,0,8,42,0,0,2,0,2,0,0,0,11,1,0,4,2,0,0,0,1,0,0,7,0,7,0,3,0,15,0,0,0,0,1,0,1,0,1,0,0,0,0,0,4,5,0,0,0,0,0,0,1,0,0,0,0,0,0,1,0,1,0,3,0,0,0,0,1,2,0,0,1,0,0,0,0,0,0,0,39,5,0,4,0,4,8,12,0,2,1,0,0,0,0,0,0,3,0,0,4,0,1,0,0,9,0,0,2,0,0,0,0,0,0,1,4,0,0,0,4,0,6,0,0,0,0,0,0,4,0,71,1,3,38,4,0,2,0,1,3,0,0,0,0,1,0,30,37,6,0,108,1,1,0,2,31,0,1,6,0,1,6,0,0,10,1,1,13,0,11,1,0,3,27,193,1,3,1,0,76,0,7,0,183,3,0,0,0,0,0,0,0,0,0,0,0,0,1,0,0,13,0,0,0,0,0,0,4,69,2,0,0,4,0,0,0,8,0,0,0,4,7,1,5,4,18,12,1,3,1,0,23,0,0,0,13,2,1,0,0,0,0,0,0,3,0,0,0,0,0,0,0,0,0,0,0,0,0,0,0,0,0,1,3,0,1,0,0,0,2,2,0,0,4,1,0,0,2,18,3,0,3,0,0,1,0,0,0,1,1,0,0,0,0,0,2,0,0,2,0,2,1,1,0,0,0,0,6,0,0,0,0,0,0,0,1,0,0,0,0,0,0,5,0,0,0,2,0,0,3,0,1,0,0,0,0,0,0,1,0,2,0,76,0,0,1,0,0,3,2,11,2,0,0,5,3,8,1,3,0,21,0,0,6,0,0,0,0,3,0,0,0,2,0,80,0,0,3,0,0,3,0,0,0,0,19,1,7,6,2,5,0,6,1,4,0,0,0,0,0,0,0,0,0,1,0,0,2,0,0,2,0,0,0,0,1,0,0,1,0,0,0,0,0,0,0,0,0,0,0,0,0,0,2,0
176,1511,ESCOLA MUNICIPAL FRANCISCO DEROSSO,"RUA FRANCISCO DEROSSO, 905",XAXIM,-25.4985296,-49.2676587,57,0,2658,2175,141,53,0,8,1,5,29,3,2,0,0,4,37,1,1,0,5,0,0,0,0,3,1,4,1,0,1,0,1,0,0,0,0,0,0,23,2,0,0,0,0,2,0,0,20,8,33,0,122,0,1,2,0,0,0,0,0,1,0,0,4,0,2,0,0,0,0,0,0,0,22,0,2,0,0,29,0,0,0,10,0,3,2,1,0,0,2,0,0,0,0,42,0,1,0,3,0,0,0,1,1,0,0,0,1,1,20,0,0,0,0,0,0,0,0,0,0,0,0,0,4,1,2,1,13,0,1,22,0,6,0,0,4,7,0,31,20,15,14,2,0,0,0,2,40,0,0,1,1,2,0,11,0,0,0,0,0,2,1,0,1,0,1,0,6,0,0,13,0,0,0,0,0,1,0,0,0,0,0,1,0,0,0,0,0,5,44,0,0,1,0,0,0,0,1,4,1,1,1,4,0,0,0,1,1,1,3,0,2,0,1,0,22,0,0,0,0,0,1,0,0,1,1,0,0,0,0,1,2,0,2,0,0,0,0,0,0,1,0,0,0,0,1,0,2,0,1,0,0,0,0,1,0,0,1,0,0,0,0,0,0,0,0,41,6,0,3,0,4,8,12,1,2,0,0,0,0,0,0,0,4,0,0,2,0,0,0,0,8,0,0,4,0,0,0,0,0,0,0,3,0,0,0,0,0,3,0,0,0,2,0,0,8,0,41,4,1,20,3,0,0,0,4,2,0,0,0,0,3,0,33,41,2,0,72,0,1,0,0,20,0,1,0,0,0,8,0,1,8,0,4,18,0,12,0,0,0,10,58,1,0,0,2,72,0,5,3,183,0,1,0,0,0,0,0,0,0,0,0,0,0,0,1,0,5,2,0,1,0,0,0,1,46,0,0,0,13,0,0,0,8,0,0,3,4,5,0,4,1,20,13,1,1,1,0,8,0,1,0,5,3,1,0,0,0,1,0,0,1,0,0,1,0,0,0,0,2,0,0,0,0,0,0,0,0,0,1,0,1,0,0,1,0,0,0,0,0,10,0,2,0,0,14,2,0,1,0,0,0,0,0,0,1,0,0,0,0,0,0,1,0,0,0,0,0,0,0,0,3,0,0,3,0,0,0,0,0,0,0,0,0,0,0,0,0,0,1,0,0,0,8,0,6,0,3,0,0,0,0,0,0,0,1,0,1,0,57,0,0,2,0,0,4,4,12,0,0,1,6,1,2,0,3,0,26,0,0,5,0,0,0,1,1,2,0,0,0,0,39,0,0,3,0,1,7,0,0,0,0,8,1,2,8,5,6,0,3,2,2,0,0,0,0,0,0,0,0,0,0,0,1,0,0,0,0,0,0,0,0,3,0,1,0,0,0,0,1,0,0,0,0,0,0,0,0,0,0,1,0
176,1520,ESCOLA MUNICIPAL UMUARAMA,"RUA FREI TEÓFILO, 730",CAPÃO RASO,-25.5024482,-49.303343,58,0,2868,2350,144,106,0,9,0,8,19,4,0,0,0,3,37,0,0,0,10,0,0,0,4,2,3,13,1,0,0,1,0,0,0,0,0,0,0,25,0,0,0,1,0,1,2,0,18,5,57,0,46,0,2,1,0,0,0,0,4,1,3,4,15,0,3,1,0,0,0,0,0,0,18,0,3,0,0,26,0,0,0,6,0,0,2,1,0,1,1,0,0,0,0,55,0,6,0,3,1,0,0,0,0,0,0,0,1,0,18,0,0,0,0,0,0,0,0,0,0,0,0,0,5,1,0,0,18,0,0,22,0,6,2,1,3,24,0,21,23,19,10,1,0,0,1,2,39,0,1,0,1,3,0,23,2,2,2,0,1,0,0,0,0,0,1,0,6,0,0,11,0,0,0,0,0,0,0,0,0,1,0,1,2,0,0,0,0,6,54,0,0,2,0,0,0,0,0,1,3,0,11,0,0,0,0,0,0,0,0,0,8,0,0,0,11,0,0,0,0,0,0,0,0,2,0,0,0,0,0,0,2,0,3,0,0,0,0,0,0,0,0,0,0,0,0,0,9,0,0,0,0,0,0,0,0,0,0,0,0,0,0,0,0,0,0,45,7,0,2,1,1,4,4,2,0,0,1,1,0,0,0,0,2,0,0,1,2,0,1,0,6,0,0,2,0,0,0,0,2,0,0,3,0,0,0,0,1,3,0,0,0,0,0,0,6,0,42,0,3,30,3,0,0,0,0,6,0,0,0,0,2,1,38,38,1,1,40,3,0,0,0,15,2,2,0,0,0,1,0,0,0,0,1,22,0,20,0,0,3,9,24,0,3,0,0,78,0,3,5,158,0,0,0,1,0,0,0,0,0,0,1,0,0,0,0,0,6,0,0,0,0,0,0,3,45,0,3,0,9,0,1,1,11,0,2,3,0,4,0,5,6,8,11,0,1,0,1,1,0,0,0,2,0,2,0,0,0,0,0,0,2,0,0,0,0,0,0,0,0,0,0,0,0,0,1,0,0,1,0,2,1,0,0,0,1,0,0,0,0,15,2,0,0,0,18,1,1,6,0,0,5,0,0,0,3,0,0,0,0,0,0,1,0,0,0,0,2,0,3,0,0,0,0,5,0,0,0,0,0,0,0,0,1,1,0,0,0,0,0,0,0,0,0,0,0,0,0,0,0,0,0,1,0,0,5,0,0,0,72,1,0,0,0,0,8,0,6,2,0,7,5,3,4,1,0,0,201,0,0,9,0,0,0,0,0,0,1,0,0,0,62,0,0,0,0,0,4,0,0,0,0,8,3,1,5,2,0,0,11,1,2,0,0,0,0,0,0,0,0,2,1,0,0,0,0,1,0,0,0,0,0,3,0,0,0,0,0,0,0,0,0,0,0,1,0,1,0,1,0,3,0
176,1538,ESCOLA MUNICIPAL IVAIPORÃ,"RUA VEREADOR ADEODATO VOLPI, 550",CAPÃO RASO,-25.4958865,-49.2905653,58,0,1739,1450,66,48,0,6,1,4,19,2,2,0,1,2,19,0,0,0,5,0,0,0,0,1,0,3,0,0,0,0,0,0,0,1,0,0,0,13,0,0,0,0,0,0,0,0,3,1,25,0,39,0,0,0,0,0,0,0,1,0,4,0,5,0,0,0,0,0,0,0,1,0,14,0,0,0,0,12,0,0,0,3,0,0,0,0,0,0,3,0,0,0,0,30,0,4,0,1,0,0,1,0,2,0,0,0,1,0,7,0,0,0,0,0,1,0,0,0,0,0,0,0,6,5,0,1,7,1,2,16,0,3,0,0,0,28,0,12,21,10,3,0,0,0,0,0,19,0,0,1,0,3,0,2,0,0,1,0,0,0,0,0,0,4,0,0,2,1,0,3,0,1,0,0,0,0,0,2,0,0,0,0,0,0,0,0,0,3,18,0,0,0,0,0,0,0,0,3,0,0,3,0,0,0,0,5,0,0,3,0,3,0,0,0,8,1,0,0,0,0,1,0,0,0,0,0,0,0,0,0,6,0,0,0,0,1,0,0,0,0,0,0,0,0,0,0,3,2,1,0,0,0,0,0,0,0,0,0,0,0,0,0,0,0,0,12,4,0,2,0,2,4,1,0,0,0,0,0,0,0,1,0,0,0,0,3,0,0,0,0,2,1,0,0,0,0,0,0,0,0,0,0,1,0,0,0,1,6,0,0,0,0,0,0,0,0,37,1,2,14,0,0,0,0,0,2,0,0,1,0,2,0,24,24,5,0,34,3,0,0,1,15,0,2,0,0,0,3,0,0,2,0,1,22,0,5,0,1,0,0,10,0,0,0,0,32,1,6,5,63,0,0,0,0,0,0,0,0,0,0,0,0,0,0,0,0,3,0,0,0,0,0,0,0,36,0,0,0,5,0,0,0,3,0,0,3,2,4,0,1,1,14,12,1,2,0,0,4,0,0,1,2,0,1,1,0,0,0,0,0,0,0,0,0,0,0,0,0,0,0,0,0,1,0,0,0,3,0,4,0,0,0,0,2,0,0,4,0,0,6,0,0,0,0,7,1,0,2,0,0,0,0,0,0,1,2,0,0,0,0,0,0,0,0,0,0,0,0,0,0,0,0,0,2,0,0,0,0,0,0,0,2,0,0,0,0,0,0,1,0,0,0,3,0,0,0,0,2,0,0,0,0,0,0,1,0,1,0,25,1,0,0,0,0,4,1,11,0,0,3,3,2,0,0,2,0,252,0,0,2,0,0,0,0,0,0,0,0,0,0,54,1,0,0,0,0,0,0,0,0,0,1,4,1,4,4,0,0,1,0,2,0,1,0,0,0,0,1,0,0,0,1,0,0,0,0,0,0,0,0,0,4,0,0,0,0,0,0,0,0,0,0,0,0,0,0,0,0,0,0,0
176,1546,ESCOLA MUNICIPAL PROFESSOR LEONEL MORO,"RUA JOSÉ OSIRES BAGLIOLI, 408",XAXIM,-25.5178768,-49.2767185,66,0,2019,1665,138,73,0,4,0,3,21,3,0,0,0,1,27,0,1,0,9,0,0,0,0,0,1,5,1,0,0,0,0,0,0,0,0,0,0,20,0,1,1,0,0,0,0,0,15,0,38,0,60,0,5,1,0,0,0,0,0,0,0,1,7,0,0,0,0,0,0,0,0,0,23,0,2,0,0,10,0,0,0,7,0,0,0,0,0,0,0,0,0,0,0,31,0,3,1,0,0,0,0,0,0,0,0,0,0,0,50,0,0,0,0,0,0,0,0,0,0,0,0,0,1,6,0,0,5,0,0,17,0,4,0,1,0,14,0,13,3,5,7,0,0,0,0,0,38,0,0,0,0,0,0,6,1,0,0,2,0,3,0,0,0,2,0,0,2,0,0,6,0,0,0,0,0,0,0,0,0,1,0,1,0,0,1,0,0,1,22,0,1,0,0,0,0,0,0,5,0,0,2,0,0,0,0,0,0,0,0,0,1,0,1,0,13,0,0,0,0,0,1,0,0,2,0,0,0,0,0,0,1,0,1,0,0,0,0,0,0,0,0,0,0,1,0,0,0,0,1,0,1,0,0,0,1,0,0,0,0,0,0,0,0,0,0,27,5,0,12,0,1,3,4,0,0,0,0,0,0,1,0,0,0,0,0,1,0,0,0,0,7,1,0,0,1,0,0,0,1,0,0,1,0,0,0,1,0,2,0,0,0,0,0,0,4,0,29,7,2,18,1,0,0,0,8,2,0,0,0,0,0,0,13,35,2,3,55,0,0,0,0,20,0,0,0,0,0,6,0,2,4,0,6,12,0,11,1,0,2,5,175,0,2,0,0,58,0,0,0,92,1,0,0,0,1,0,0,0,0,0,0,0,0,0,0,0,2,0,0,0,0,0,0,0,27,0,0,0,3,0,2,0,5,0,0,0,2,2,0,0,2,6,12,1,2,0,0,5,0,6,0,3,1,0,0,0,0,0,1,0,0,0,0,0,0,0,0,0,0,0,0,0,0,0,0,0,0,0,0,0,0,0,0,0,0,0,0,0,0,6,0,0,0,0,12,0,0,3,0,0,0,0,0,0,1,0,0,0,0,0,0,0,0,0,0,0,3,0,1,0,0,0,0,3,0,1,0,0,0,0,0,0,0,0,0,0,0,0,3,0,0,0,0,1,0,3,1,0,0,0,0,0,0,0,0,0,0,0,30,0,0,0,0,0,3,1,3,0,0,1,1,3,2,0,0,1,29,0,0,6,0,0,0,0,1,0,0,0,0,0,32,0,0,0,1,1,0,1,0,0,0,5,3,3,4,2,1,0,4,0,1,0,0,0,0,0,0,1,0,0,0,0,0,0,0,0,1,0,0,0,0,1,0,0,0,0,0,0,0,0,0,0,0,1,0,0,0,0,0,0,0
176,1562,ESCOLA MUNICIPAL CASTRO,"RUA AYRTON PIZZATTO GUSI, 241",XAXIM,-25.525,-49.2562986,57,0,2027,1649,110,68,0,9,1,8,24,5,3,0,0,1,33,2,0,0,6,0,0,0,0,2,3,6,1,0,0,0,1,0,0,0,0,0,0,10,3,0,0,1,0,0,0,0,6,0,22,1,112,0,1,2,0,0,2,0,0,0,1,2,9,0,3,0,0,0,0,0,0,0,19,0,0,0,0,17,0,0,0,6,1,0,0,0,0,1,1,0,0,0,0,31,0,2,0,1,0,0,0,0,0,0,0,0,2,1,29,0,0,0,0,0,0,0,0,0,0,0,0,0,3,2,0,2,18,1,0,31,0,9,0,2,1,9,1,12,13,12,2,3,0,0,2,3,28,0,0,0,1,1,1,15,0,0,0,0,0,4,0,1,0,4,1,0,3,0,0,3,0,0,0,0,0,0,0,0,0,1,1,1,0,0,0,0,0,2,30,0,0,0,0,0,0,0,0,5,0,0,2,1,0,0,0,0,0,0,0,0,2,0,0,0,10,0,0,0,0,0,3,0,0,0,0,0,0,0,0,0,1,0,0,0,0,0,0,0,0,0,0,0,0,0,0,0,0,0,15,0,0,0,0,0,0,0,1,0,0,0,0,0,0,0,0,32,1,0,2,0,7,3,4,0,3,0,0,0,0,0,1,0,0,0,0,2,0,1,1,0,7,0,2,0,0,0,0,0,0,0,0,5,0,0,0,0,0,3,0,0,0,0,0,0,7,0,29,1,0,11,0,0,0,0,0,1,0,0,0,0,1,1,20,19,1,0,49,3,0,0,2,18,0,3,0,0,0,2,0,0,1,0,1,14,0,25,1,2,4,21,62,0,0,2,1,48,0,1,0,108,0,0,0,0,0,0,0,0,0,0,0,0,0,0,0,0,3,0,0,0,0,0,0,1,37,1,1,1,4,0,0,0,7,0,0,3,0,3,0,2,0,8,6,0,0,0,0,4,0,0,0,8,0,0,0,2,1,0,0,0,2,0,0,1,0,0,0,0,0,0,0,1,0,0,0,0,0,0,0,0,0,0,0,0,0,0,0,0,0,8,0,0,0,0,10,1,0,3,0,0,2,0,0,0,0,0,0,0,0,0,0,0,0,0,0,0,0,0,0,0,2,0,0,8,0,0,0,0,0,0,0,0,0,0,0,0,0,0,0,0,0,0,1,0,0,0,0,0,0,0,0,0,0,0,1,0,1,0,36,1,0,0,1,0,5,0,9,1,0,0,1,1,2,0,0,0,15,0,0,7,0,0,0,0,0,0,0,0,0,0,27,0,0,3,0,0,2,0,0,0,0,12,4,2,4,3,1,0,9,0,1,0,0,0,0,0,0,0,0,0,0,0,0,0,0,0,2,0,0,0,0,0,0,0,0,0,0,0,0,0,0,0,0,0,0,0,0,0,1,1,0
176,1570,COLÉGIO SOCIAL MADRE CLELIA,"RUA PROFESSOR WALDIR DE JESUS, 90",CAPÃO RASO,-25.5059072,-49.2967975,58,0,5830,4768,265,171,0,12,4,15,70,9,4,0,0,5,73,2,0,1,26,0,0,0,1,2,1,24,2,1,0,3,0,1,0,0,0,1,0,44,0,0,0,4,0,1,1,0,23,3,118,0,125,2,3,2,0,0,1,0,6,1,1,2,27,1,3,1,1,1,0,0,0,0,46,2,1,0,0,38,0,0,0,4,1,1,1,1,1,4,6,0,0,0,1,122,0,3,1,5,1,0,1,0,1,0,0,0,5,0,28,0,0,1,0,0,0,0,0,0,0,0,0,0,10,11,1,2,34,0,0,51,0,11,4,0,7,38,0,73,63,33,16,2,0,1,2,2,70,1,0,2,2,2,0,34,0,1,1,2,0,1,0,0,2,5,1,0,15,0,1,28,0,0,0,2,0,0,1,0,0,1,0,0,0,0,0,0,0,12,79,0,0,1,0,0,0,0,0,1,0,5,10,2,1,0,1,2,0,0,2,0,10,1,3,0,31,0,0,0,0,0,0,1,0,1,0,0,0,0,1,2,6,0,2,0,0,0,2,0,0,0,0,0,0,3,0,0,2,0,2,0,1,0,0,0,0,0,0,0,0,0,2,0,0,0,0,71,6,0,6,1,4,10,5,0,1,0,0,1,0,0,4,0,3,2,0,7,1,1,1,0,21,0,1,5,1,0,0,0,0,1,0,4,0,0,1,1,3,7,0,0,3,2,0,0,3,0,105,10,2,80,3,1,0,0,5,10,0,0,1,0,1,0,55,85,7,0,83,2,5,1,1,40,0,8,0,0,0,6,2,2,19,0,6,35,0,19,1,0,10,12,67,0,1,2,6,136,0,7,7,274,0,2,0,0,2,0,0,0,1,0,0,0,0,0,0,0,18,1,0,0,1,0,0,3,102,2,2,0,35,1,0,0,30,2,0,8,3,6,2,7,2,46,19,2,4,0,1,22,0,6,0,6,0,4,0,0,1,0,0,0,1,0,0,0,1,1,2,0,2,0,1,0,1,0,0,0,1,0,0,1,2,0,0,0,1,1,0,0,0,32,1,0,1,0,36,2,0,6,0,0,1,0,0,0,3,0,0,0,0,0,0,3,1,0,0,0,2,0,2,0,6,0,0,8,0,0,0,0,0,0,0,1,0,0,0,0,0,0,0,0,0,1,0,0,1,0,0,0,0,0,0,1,0,0,5,0,0,0,170,0,0,2,0,0,5,6,19,4,0,15,11,6,6,0,6,0,398,0,2,8,0,0,0,1,0,0,0,0,2,0,172,2,0,8,8,0,9,2,0,0,0,17,5,10,5,9,3,2,14,3,4,0,0,0,0,0,0,0,0,0,0,0,1,0,0,0,0,0,0,0,0,7,0,0,0,0,0,0,0,0,0,0,0,0,0,0,0,0,1,3,1
176,1589,COLÉGIO ESTADUAL NOSSA SENHORA APARECIDA,"RUA JOSÉ OSIRES BAGLIOLI, 150",XAXIM,-25.5170363,-49.2761692,57,0,2359,1832,121,62,0,6,2,4,22,4,2,0,0,2,36,1,3,0,9,0,0,0,1,3,2,5,2,1,0,0,1,0,0,0,0,0,0,31,1,0,0,1,0,0,0,0,17,3,24,0,90,2,1,0,0,0,0,0,0,0,1,0,12,0,1,0,0,0,0,0,0,0,13,0,1,0,0,18,0,0,0,7,0,0,0,0,0,0,1,0,0,0,0,25,0,0,1,0,0,0,0,1,0,0,0,0,1,0,26,0,0,1,0,0,0,0,0,0,0,0,0,0,6,4,0,0,13,0,1,23,0,8,0,0,1,15,0,22,15,11,1,1,0,0,0,2,38,0,0,0,0,3,0,4,1,1,0,4,0,1,0,0,0,6,0,1,3,0,0,10,0,0,0,0,0,0,0,0,0,0,0,0,0,0,0,0,0,4,25,0,0,1,0,0,0,0,0,3,0,1,1,0,0,0,0,0,0,0,1,0,3,0,0,0,13,0,0,0,0,0,0,0,0,1,0,1,0,0,0,0,2,0,0,0,0,0,0,2,1,0,0,0,0,0,0,0,0,0,4,0,0,0,0,0,0,0,0,0,0,0,0,0,0,0,0,21,1,3,4,0,1,4,5,0,0,0,0,0,1,0,0,0,1,0,0,0,0,1,0,0,11,0,0,1,0,0,0,0,0,0,0,1,0,0,0,6,0,5,0,0,0,0,0,0,2,0,24,0,3,22,1,0,0,0,1,4,0,0,0,0,0,0,24,31,3,1,73,2,0,1,0,17,0,1,0,0,1,2,1,3,6,0,0,14,0,10,2,0,0,5,181,0,0,0,0,62,1,0,0,115,2,0,0,0,0,0,0,0,1,0,0,0,0,0,0,0,6,0,0,0,0,0,0,2,31,0,1,0,7,0,1,0,6,0,0,0,2,3,0,1,1,4,5,0,1,0,0,5,0,3,2,1,1,0,0,2,0,2,0,0,2,0,0,0,0,1,0,0,2,0,0,0,0,0,0,0,0,0,2,0,0,0,0,0,0,0,0,0,1,15,2,0,0,0,19,1,0,2,0,0,1,0,0,0,0,0,0,0,0,0,0,0,0,0,0,0,0,1,0,0,2,0,0,2,1,0,0,0,0,0,0,0,0,0,0,0,0,0,1,0,0,0,1,0,0,3,1,0,0,1,0,0,1,0,3,0,0,0,52,0,0,1,1,0,3,4,7,1,0,0,2,2,4,0,0,0,23,0,0,2,0,0,0,0,0,0,0,2,0,0,22,0,0,4,0,0,0,0,0,0,0,11,0,9,6,3,1,0,4,0,2,0,0,0,0,0,1,0,0,0,0,0,0,0,0,0,0,0,0,0,0,2,0,0,0,0,0,0,0,0,0,0,0,1,0,1,0,1,0,0,0
176,1597,ESCOLA MUNICIPAL PARANAVAÍ,"RUA PEDRO SIEMENS, 691",XAXIM,-25.512542,-49.2673237,57,0,3856,3164,202,112,0,16,4,15,62,4,7,0,2,4,57,0,0,0,19,1,0,0,1,4,0,16,4,0,0,0,1,0,0,1,0,0,0,31,0,0,1,0,0,0,1,0,27,5,49,0,208,2,2,0,0,0,6,0,0,0,0,0,6,0,0,0,0,1,0,0,0,0,45,0,1,0,0,26,0,0,0,22,0,1,0,0,0,1,1,0,0,0,0,35,0,6,0,6,1,2,0,0,2,0,0,0,0,0,28,0,0,0,0,0,0,0,0,0,0,0,0,0,4,5,0,2,8,1,1,40,0,4,1,1,3,11,0,29,21,19,12,3,0,0,0,6,73,1,2,0,1,5,0,18,1,1,1,0,0,8,0,0,0,6,0,0,7,0,0,11,0,0,0,0,0,0,0,0,1,1,0,0,1,0,0,0,0,1,42,0,1,0,0,0,0,0,0,14,0,0,8,3,0,0,0,5,0,0,8,0,3,0,2,0,45,0,0,0,0,0,0,0,0,4,0,0,0,0,0,0,4,0,0,0,0,0,0,0,0,4,0,1,0,1,0,0,0,0,10,0,0,0,0,0,1,0,0,0,0,0,0,0,0,0,0,41,5,0,2,0,5,9,11,0,0,2,0,0,0,0,1,0,3,0,0,1,0,0,2,1,12,0,0,0,0,0,0,0,0,0,0,1,0,0,0,3,0,3,0,0,1,0,0,0,10,0,68,1,1,47,2,0,0,1,1,6,0,0,0,0,2,7,44,74,7,0,114,2,1,0,1,36,0,2,1,0,0,1,3,0,8,0,2,25,0,18,1,0,3,20,145,0,0,1,0,107,1,8,8,209,0,2,0,0,3,0,0,0,0,0,0,0,0,0,0,0,7,0,0,0,0,0,0,0,45,0,0,1,18,0,1,0,18,0,2,1,1,6,0,3,0,15,12,0,0,0,0,14,2,3,0,11,0,1,0,0,0,0,0,0,0,0,0,0,0,0,1,0,1,0,0,0,0,0,0,0,0,0,0,0,2,0,0,0,2,1,2,0,0,15,4,1,2,0,28,1,0,0,0,0,0,0,0,0,0,0,0,0,0,0,0,0,0,0,0,0,5,1,0,0,1,0,0,2,0,0,0,1,0,0,1,0,3,1,0,0,0,1,2,0,0,0,1,0,2,1,2,0,0,0,0,0,1,0,1,0,1,0,80,0,0,0,0,0,21,3,20,4,1,4,5,3,3,1,2,1,35,0,0,7,0,0,1,0,0,0,0,0,2,0,44,0,0,0,1,0,2,1,0,0,0,13,1,11,8,2,0,0,7,4,2,0,0,0,0,0,0,0,0,0,1,0,0,0,0,0,0,0,0,0,0,5,0,0,0,0,0,1,0,0,0,0,0,1,0,1,0,0,0,6,2
176,1600,COLÉGIO ESTADUAL HOMERO BAPTISTA DE BARROS,"RUA FERNANDES VIEIRA, 17",CAPÃO RASO,-25.4963493,-49.2810464,58,0,4049,3294,179,97,0,3,2,6,42,9,1,1,0,4,58,1,0,0,18,0,1,1,1,0,1,12,0,0,0,1,0,0,0,0,0,0,0,42,0,1,0,1,0,1,0,0,25,3,73,0,71,3,3,0,0,0,0,0,1,0,4,3,12,0,3,0,0,1,0,0,1,3,35,0,0,0,0,41,0,0,0,7,0,1,1,0,0,0,6,0,0,0,0,93,1,7,0,3,1,0,0,0,0,0,0,0,2,0,14,0,0,0,0,0,0,0,0,0,0,0,0,0,8,5,0,2,18,0,1,33,0,8,0,2,1,29,0,45,37,25,8,3,0,0,0,1,47,0,4,1,2,1,0,17,3,0,0,2,1,1,0,0,0,3,1,0,15,0,1,14,0,2,0,0,0,0,0,1,0,0,0,0,1,0,0,0,0,3,47,0,0,0,0,0,0,0,0,3,0,0,7,1,0,1,0,4,0,0,12,1,7,1,3,0,12,0,0,0,0,0,3,0,0,0,3,0,1,0,0,0,4,0,5,0,0,0,1,0,0,0,0,0,0,0,0,0,4,0,3,0,0,0,0,0,0,0,1,0,0,0,0,0,0,1,1,41,3,0,2,0,3,9,5,1,3,0,0,1,0,1,1,0,0,0,0,0,0,1,1,0,15,0,0,3,0,0,0,0,0,0,0,6,1,0,0,1,1,8,0,0,0,0,0,0,2,0,88,7,3,41,5,1,1,0,0,5,0,0,0,0,3,4,57,60,7,0,83,1,1,0,2,19,2,3,0,0,0,5,1,0,12,0,2,26,0,27,1,0,1,4,29,1,0,0,1,109,1,4,1,202,1,1,0,0,1,0,0,0,0,0,0,0,0,0,0,0,8,0,0,1,0,0,0,2,77,3,1,0,36,0,1,0,8,0,0,3,1,5,0,5,5,31,20,1,0,0,1,18,0,1,1,5,1,4,0,0,1,4,0,0,1,0,0,0,0,0,1,0,2,0,0,0,1,0,0,0,5,0,2,0,0,0,0,0,1,0,2,0,3,23,1,0,0,1,33,1,0,0,0,0,4,0,0,0,1,0,0,0,0,0,0,5,0,0,2,0,1,1,0,0,4,0,0,5,0,0,0,0,0,0,1,1,1,0,0,1,0,0,0,0,1,1,11,1,1,0,0,0,0,0,0,0,0,0,3,0,2,0,92,0,0,0,0,0,7,8,12,2,3,5,4,5,12,0,6,0,280,0,0,2,0,0,0,1,0,0,0,0,1,0,100,1,1,8,1,1,7,1,0,0,0,13,1,5,7,3,0,1,17,2,2,0,0,0,0,0,0,0,1,0,0,0,0,0,0,0,1,0,0,0,0,4,0,0,0,0,0,2,0,0,0,0,0,0,0,0,0,0,1,0,1
176,1619,ESCOLA MUNICIPAL JORNALISTA CLAUDIO ABRAMO,"RUA OURO VERDE, 655",CAPÃO RASO,-25.5077183,-49.3019131,58,0,3653,2947,215,136,0,15,0,8,58,6,4,0,0,6,60,1,1,1,10,0,0,1,2,5,1,8,2,0,0,0,0,0,0,2,0,0,0,45,0,0,0,1,0,1,1,0,16,1,65,0,67,2,0,0,0,0,2,0,0,2,2,0,19,0,1,0,0,1,0,0,0,0,34,0,2,0,0,18,0,0,0,7,0,0,0,0,0,0,3,0,1,0,0,71,0,4,0,1,1,0,0,0,2,0,0,0,2,0,13,0,0,3,0,0,0,0,1,0,0,0,0,0,6,4,0,1,27,0,0,38,0,4,3,0,4,29,1,42,28,14,9,2,0,0,2,0,58,1,2,0,4,6,0,30,2,0,0,0,0,0,1,0,0,1,0,0,9,0,0,16,0,0,2,1,0,0,0,0,0,0,1,0,1,0,0,0,0,1,52,0,0,1,0,0,0,0,0,1,0,0,3,0,0,1,0,0,0,0,0,0,11,0,5,0,9,0,1,0,1,0,0,0,0,0,0,0,0,0,0,0,3,0,0,0,0,0,0,0,0,0,0,0,0,0,0,0,5,0,0,0,0,0,0,0,0,0,0,0,0,0,0,0,0,0,0,37,0,0,4,0,4,9,3,0,3,0,0,0,0,0,0,0,1,0,0,3,0,0,0,0,11,0,0,7,0,0,0,0,2,0,0,4,0,0,0,5,0,2,0,1,2,0,0,0,1,0,82,4,1,37,9,0,0,0,1,2,0,0,0,0,1,0,34,58,4,0,69,2,1,0,1,29,0,4,0,0,0,5,0,1,6,1,3,23,0,19,0,0,4,9,62,0,2,0,0,99,0,6,9,167,0,0,0,0,2,0,0,0,2,0,0,0,0,0,0,0,5,0,0,0,0,0,0,5,68,0,0,0,17,1,0,0,15,0,0,4,2,5,0,2,4,9,6,0,9,0,0,8,0,0,0,3,0,1,0,1,3,1,0,0,0,0,0,0,0,0,0,0,1,0,0,0,1,0,0,1,1,0,0,1,1,0,0,0,0,0,1,0,0,29,0,0,0,0,25,1,0,13,0,0,0,0,0,0,1,0,0,0,0,0,0,1,0,0,0,0,4,1,1,0,3,0,0,8,0,0,0,2,0,0,0,0,1,2,0,0,0,1,2,0,0,0,1,0,0,0,0,0,0,0,0,0,0,0,1,0,1,0,89,0,0,0,0,0,2,0,8,0,0,6,5,1,2,0,2,0,157,0,0,4,0,0,0,0,0,0,0,0,0,0,101,3,0,6,0,0,5,1,0,0,0,8,0,2,5,12,2,0,6,2,4,0,1,0,0,0,0,0,0,1,0,0,0,1,0,0,1,0,0,0,0,3,0,0,0,0,0,0,0,0,0,0,0,0,0,0,0,0,0,0,1
176,1627,COLÉGIO ESTADUAL JOÃO MAZZAROTTO,"RUA SANTA REGINA, 664",CAPÃO RASO,-25.502199,-49.2897235,58,0,4324,3414,253,100,0,14,2,13,43,9,4,0,0,4,68,1,2,1,17,1,3,1,2,4,2,18,0,0,0,1,0,1,0,0,0,0,0,30,2,0,0,1,0,1,2,0,23,9,75,0,68,0,2,1,0,1,1,0,0,0,2,0,18,0,0,3,0,1,0,1,0,0,45,0,3,0,0,37,0,0,0,3,0,0,1,0,1,1,6,0,0,1,0,57,0,9,2,1,1,0,0,0,3,0,0,0,0,0,17,0,0,0,0,0,0,0,0,0,0,0,0,0,11,4,0,2,20,1,0,28,0,5,1,2,5,46,0,42,32,20,12,6,0,0,0,0,47,1,4,2,0,4,0,17,0,0,5,0,0,3,7,0,1,0,1,0,6,0,0,22,0,0,0,1,0,1,0,0,0,0,1,2,0,1,0,0,0,4,59,0,0,1,0,0,0,0,0,2,1,0,3,6,0,0,0,4,0,2,4,1,7,0,3,0,10,1,0,0,0,0,1,0,0,3,0,0,0,0,0,0,7,0,0,0,0,0,0,0,0,1,0,0,0,1,0,0,3,0,6,0,0,0,0,0,4,0,0,0,0,0,0,0,0,0,0,37,6,1,4,0,3,7,5,0,1,0,0,1,0,0,2,0,1,0,0,3,0,0,0,0,17,0,0,2,0,0,0,0,0,0,0,8,0,0,0,1,0,2,0,0,0,0,0,0,0,0,87,5,0,39,4,0,0,0,4,2,0,0,0,0,1,1,33,58,7,0,97,1,3,0,0,40,0,6,1,1,0,7,0,0,8,1,1,30,0,22,0,0,0,6,31,0,2,1,1,90,0,6,6,166,1,1,0,0,0,1,0,0,0,0,0,0,0,0,0,0,6,0,0,0,0,0,0,2,68,0,1,0,19,0,0,1,8,0,0,4,3,5,1,10,7,21,8,1,4,0,0,16,0,3,0,4,2,2,0,0,2,0,0,0,1,1,0,0,2,2,4,0,0,0,0,0,0,0,0,0,1,0,2,0,0,0,0,0,0,0,0,0,0,17,2,0,0,1,27,1,0,2,0,0,0,0,0,0,2,0,0,0,0,0,0,1,0,0,0,0,2,0,1,0,0,0,0,5,0,0,0,1,0,0,0,1,3,0,0,0,1,0,0,0,1,0,5,0,3,1,0,1,0,1,0,0,0,0,7,0,0,0,80,2,0,0,1,0,3,3,17,1,3,0,2,6,2,2,3,0,505,1,0,6,1,0,0,0,2,0,1,0,0,0,58,3,0,2,3,1,2,1,0,0,0,7,1,2,8,2,4,0,7,0,0,0,0,0,0,0,0,1,0,0,0,0,0,0,0,0,1,0,0,0,0,5,0,0,0,0,0,0,0,1,0,0,0,0,0,0,0,0,0,4,1
176,1635,COLÉGIO ESTADUAL EMÍLIO DE MENEZES,"RUA JOSÉ ZALESKI, 450",CAPÃO RASO,-25.5014967,-49.3012847,58,0,4344,3536,249,153,0,9,2,12,48,3,3,0,0,1,64,2,2,0,22,1,0,0,3,2,2,14,1,2,0,0,0,0,0,0,0,0,0,34,0,1,0,0,0,0,2,0,21,2,70,0,80,2,0,0,0,0,0,1,1,2,0,2,25,1,5,0,0,0,0,0,0,0,39,0,1,0,0,36,1,0,0,5,0,1,0,0,0,1,2,0,0,0,1,102,0,6,0,1,0,0,0,0,1,0,0,0,2,0,35,0,0,0,0,0,0,0,0,0,0,0,1,0,3,9,0,2,24,0,3,28,0,6,1,0,0,28,0,31,36,11,8,1,0,0,0,3,60,1,2,2,1,1,0,15,1,0,5,1,0,1,0,0,0,2,0,1,2,0,0,11,0,0,0,1,1,0,0,0,0,1,1,0,0,0,0,0,0,7,56,0,0,2,0,0,0,0,0,1,0,0,6,0,0,0,1,1,0,0,1,0,11,0,0,0,20,0,0,0,0,0,0,0,0,1,0,0,0,0,0,1,4,0,2,0,0,0,0,0,0,0,0,0,0,1,0,0,8,0,1,0,0,0,0,0,0,0,0,0,1,0,3,0,0,0,0,53,13,0,8,1,3,5,6,1,0,1,0,0,0,0,0,0,3,0,0,3,0,1,0,0,14,0,2,6,0,0,0,0,0,0,0,3,0,0,0,3,1,4,0,1,0,0,0,0,9,0,90,6,5,32,8,0,0,0,8,7,0,0,0,0,2,0,51,63,4,1,87,4,2,0,1,29,0,8,0,0,0,4,2,0,10,0,9,28,0,13,1,0,5,15,64,0,1,4,0,113,1,3,9,210,0,0,0,0,1,0,0,0,2,0,0,0,0,0,1,0,13,0,0,0,0,0,0,4,83,1,0,0,21,0,0,0,19,0,0,3,3,7,1,5,0,32,14,1,6,0,0,11,0,0,0,13,1,3,0,1,1,2,0,0,0,0,0,0,2,0,0,0,1,0,0,0,1,0,0,0,0,0,1,2,0,0,0,1,0,0,2,0,0,26,4,0,0,2,45,1,0,22,0,0,1,0,0,0,4,0,0,3,0,0,0,0,1,0,0,0,3,1,0,0,2,0,0,2,0,0,0,0,0,0,0,0,0,0,0,0,0,0,0,0,0,0,1,0,0,0,0,0,0,0,0,1,0,0,4,0,0,0,80,0,0,1,2,2,2,5,14,3,0,5,7,1,9,0,5,0,271,1,0,2,0,0,0,0,3,1,1,0,2,0,93,5,4,4,4,0,10,0,0,0,0,13,0,9,14,3,1,0,13,0,3,0,0,0,0,0,2,0,0,0,0,0,0,0,0,0,0,0,0,0,0,3,0,0,0,0,0,0,0,1,0,0,0,0,0,0,0,1,1,1,0
176,1651,COLÉGIO ESTADUAL SÃO PEDRO APÓSTOLO,"RUA PRIMEIRO DE MAIO, 1160",XAXIM,-25.5152439,-49.276152,57,0,5912,4713,338,202,0,19,4,11,91,9,2,0,1,7,85,0,2,0,30,1,0,0,3,4,2,23,2,1,1,1,0,0,0,1,0,0,0,65,3,0,0,1,0,0,0,0,28,8,68,0,195,4,5,0,0,0,1,0,2,0,3,5,15,0,4,0,0,1,0,0,0,0,37,1,4,0,0,47,0,0,0,28,1,0,0,0,0,4,5,0,0,0,0,63,0,11,1,3,2,1,0,0,1,1,2,0,0,1,93,0,0,1,0,0,0,0,0,0,0,1,0,0,5,24,0,2,24,0,0,47,0,19,1,1,6,32,0,41,31,40,11,3,0,1,1,1,109,0,1,0,0,6,0,20,1,1,0,0,0,7,1,0,0,25,1,1,5,0,0,15,0,1,0,1,0,0,0,0,0,0,0,0,0,1,0,0,0,5,75,0,0,0,0,0,0,0,1,9,0,0,11,1,1,0,0,0,0,0,3,0,9,0,2,0,41,0,1,1,0,0,2,0,0,1,0,0,1,0,0,0,2,0,2,0,0,1,0,0,0,1,1,0,0,2,0,0,1,0,4,0,0,1,0,0,1,0,0,0,0,0,0,0,0,0,0,73,11,0,3,0,5,8,13,0,0,0,0,4,0,0,0,0,3,0,0,1,0,0,1,0,8,1,0,3,0,0,0,0,1,0,0,8,0,0,0,7,0,12,0,0,0,0,0,0,7,0,92,2,5,54,1,0,0,0,5,4,0,0,0,0,5,1,54,101,3,0,154,4,1,0,2,57,0,4,1,0,2,13,1,1,3,0,4,41,0,30,2,0,7,23,472,1,1,0,2,136,0,7,5,255,1,0,0,0,0,0,0,0,0,0,1,0,0,0,0,0,16,1,0,0,0,0,3,2,88,0,0,0,17,0,0,1,13,0,0,5,6,11,0,10,2,17,11,2,7,0,0,16,0,4,1,9,1,1,0,0,1,0,0,0,0,0,0,1,0,2,1,0,0,0,0,0,0,0,0,0,2,0,0,0,0,0,0,0,0,1,2,0,1,17,1,0,0,0,44,1,0,14,0,0,1,0,0,0,3,1,0,0,0,0,0,0,2,0,0,0,1,1,1,0,2,0,0,10,0,2,0,0,0,0,0,1,0,0,0,0,0,1,2,0,0,0,7,5,1,5,1,6,1,0,0,0,0,0,0,0,3,0,57,0,0,0,0,0,15,1,12,0,0,8,7,3,24,3,2,0,59,1,0,9,0,0,0,0,2,1,0,0,1,0,78,1,1,5,0,1,5,0,0,0,2,13,0,16,6,5,4,0,13,1,2,0,0,0,0,2,0,0,0,3,0,0,1,0,0,0,4,0,0,0,0,1,0,1,0,0,0,0,0,0,0,0,1,0,0,2,0,1,0,1,0
176,1660,COLÉGIO ESTADUAL PROFESSOR NARCISO MENDES,"RUA PROFESSOR NARCISO MENDES, 283",XAXIM,-25.5229724,-49.2666456,57,0,3764,3093,170,100,0,11,4,10,43,5,3,0,0,3,63,1,0,0,19,1,0,0,2,8,3,12,0,0,3,0,3,0,0,0,0,0,0,27,1,2,0,1,0,0,0,0,13,3,50,0,176,0,2,2,0,0,0,0,0,0,1,0,9,0,1,0,0,0,0,0,0,0,49,0,0,0,0,54,0,0,0,10,0,0,0,0,0,0,3,0,0,0,0,66,0,1,0,6,0,1,0,0,1,0,0,0,2,0,19,0,0,2,0,0,0,0,0,0,0,0,0,0,4,10,2,1,11,0,1,22,0,8,0,2,0,17,0,40,20,26,8,4,0,0,0,2,48,0,2,1,0,2,0,22,0,0,1,1,0,5,2,1,0,2,1,0,11,0,0,18,0,0,0,0,0,0,0,1,0,0,1,0,1,0,0,0,0,7,43,0,0,1,0,0,0,0,0,6,2,0,4,2,0,0,0,1,0,0,4,0,9,0,0,0,40,0,0,0,0,0,0,0,0,1,0,0,2,0,0,1,5,0,1,0,0,1,0,0,0,0,0,0,0,0,0,0,0,0,6,0,0,0,0,0,1,0,0,2,0,0,0,0,0,0,0,50,6,0,5,0,3,6,7,0,0,0,0,0,0,1,0,0,4,0,0,7,0,0,0,0,7,0,0,0,0,0,0,1,1,0,0,4,0,0,0,0,3,6,0,0,0,1,0,0,5,0,54,0,1,71,5,0,0,0,7,9,0,1,1,0,6,1,28,68,5,1,110,2,0,2,1,34,0,10,1,0,0,8,0,0,9,0,1,28,0,24,0,0,3,16,120,1,0,0,0,104,4,8,1,220,3,0,0,0,0,0,0,0,0,0,0,0,0,0,0,0,7,0,0,0,0,0,0,0,80,1,1,0,22,1,0,0,6,0,0,0,4,5,0,7,0,16,9,4,8,0,2,12,0,2,0,7,1,4,0,0,0,0,0,0,3,0,0,1,0,0,0,0,1,0,0,0,0,0,0,0,4,0,0,0,2,0,0,0,0,0,0,0,0,14,1,0,0,0,24,0,0,3,0,0,1,0,0,0,2,0,0,0,0,0,0,1,0,0,0,0,1,1,1,0,2,0,0,3,0,0,0,0,0,0,0,0,0,1,0,0,0,0,11,0,0,0,5,1,1,0,11,2,0,0,0,1,0,0,3,0,9,0,64,0,0,1,0,0,7,1,20,1,0,6,0,4,1,0,7,0,40,0,0,1,0,0,0,1,0,0,1,0,0,0,58,2,1,8,1,0,8,2,1,1,0,16,1,5,8,10,3,0,5,1,3,0,0,0,0,0,3,0,0,0,0,0,0,0,0,0,0,0,0,0,0,1,0,1,0,0,1,0,0,0,0,0,0,0,0,0,0,0,0,1,0
176,1678,ESCOLA MUNICIPAL JARDIM EUROPA,"RUA HERMENEGILDO BONAT, 26",XAXIM,-25.5054027,-49.2795408,57,0,2407,2014,142,58,0,5,0,5,28,4,5,0,0,2,61,1,2,1,13,1,0,0,0,1,0,8,0,0,1,1,0,1,0,0,0,0,0,13,1,0,0,0,0,0,0,0,8,0,26,0,84,0,3,0,1,0,1,0,2,0,6,0,5,0,0,0,0,1,0,0,1,0,28,0,0,0,0,11,0,0,0,0,0,0,0,0,0,0,3,0,0,0,0,23,0,4,0,2,0,0,0,0,0,0,0,0,1,0,37,0,0,0,0,0,0,0,0,0,0,0,0,0,1,4,0,0,4,0,0,18,0,2,0,0,0,8,0,13,15,23,7,2,0,0,0,0,41,0,5,1,0,1,0,10,0,0,0,1,0,4,0,0,0,3,1,1,3,0,0,9,0,0,0,1,0,0,0,0,0,0,1,0,0,0,1,0,0,5,22,0,0,0,0,0,0,0,0,2,0,2,4,2,0,0,0,0,0,0,0,0,4,0,1,0,15,0,0,1,0,0,0,0,0,0,0,0,1,0,0,0,8,0,0,0,0,0,0,0,0,0,1,0,0,0,0,0,0,0,5,0,0,0,0,0,0,0,0,1,0,0,3,0,0,0,0,27,2,0,5,0,0,7,9,0,0,0,0,0,0,0,0,0,3,0,0,0,0,1,0,0,6,0,0,2,0,1,0,0,0,0,0,4,0,0,0,1,3,2,0,0,0,1,0,0,4,0,36,2,4,33,2,0,0,0,1,3,1,0,0,0,0,1,18,46,2,0,82,2,0,0,0,20,0,0,0,0,0,5,2,0,3,0,0,22,1,9,0,1,2,7,186,2,0,0,0,72,0,4,2,128,1,0,0,0,0,0,0,0,0,0,0,0,0,0,0,0,8,0,0,0,0,0,0,1,53,0,0,0,20,0,0,0,8,0,0,0,3,6,0,1,2,14,4,1,5,0,0,7,0,1,0,5,0,4,0,0,0,0,0,0,0,0,0,0,0,0,0,0,0,0,1,0,1,0,0,0,3,0,0,0,0,0,0,0,0,1,0,0,0,9,0,0,0,0,11,1,4,6,0,0,0,0,0,0,0,1,0,0,0,0,0,0,0,0,1,0,2,0,1,0,0,0,0,2,0,0,2,0,0,0,0,0,0,0,0,0,0,0,8,0,0,0,4,0,1,0,1,5,0,0,0,0,1,0,0,0,2,0,31,0,0,1,0,0,3,1,8,0,0,1,4,0,1,0,0,0,29,0,0,5,0,0,0,0,0,0,0,0,0,1,40,0,0,0,0,0,0,0,0,0,0,16,0,4,6,3,0,0,6,0,1,0,0,0,0,0,0,0,0,0,0,0,0,0,0,0,0,0,0,0,0,3,0,0,0,0,0,0,0,0,0,0,0,0,0,1,0,1,0,1,0
177,1260,UTFPR - UNIVERSIDADE TECNOLÓGICA DO PARANA,"AVENIDA SETE DE SETEMBRO, 3165 -",REBOUÇAS,-25.4384344,-49.2686689,1,0,4493,3435,150,85,0,4,2,7,70,8,2,0,2,2,33,0,0,0,27,1,0,0,6,1,4,13,1,1,0,2,0,0,0,1,1,0,0,106,0,0,0,0,0,0,0,0,8,4,71,0,55,0,1,2,0,0,2,0,5,0,3,1,7,0,4,0,0,1,0,0,3,0,13,0,2,0,0,27,0,1,0,1,0,6,3,1,0,2,17,0,0,0,0,212,0,17,2,9,0,0,0,0,0,0,0,0,0,0,4,1,0,0,0,0,0,0,0,0,0,0,0,0,18,7,0,1,26,0,0,47,0,12,2,4,2,79,1,95,109,44,22,5,3,1,0,1,56,0,4,1,1,6,0,39,2,2,7,2,1,1,2,0,2,8,1,2,15,0,0,27,0,0,0,2,1,0,0,1,0,0,0,0,0,0,0,0,0,9,51,1,0,2,0,0,2,0,0,0,3,1,0,0,0,2,0,1,0,1,1,0,7,0,4,0,11,0,0,1,0,0,3,1,0,0,6,0,0,0,0,2,7,0,1,1,0,1,1,0,0,0,0,0,0,0,0,0,0,0,0,0,0,0,0,0,1,0,0,0,0,0,0,0,0,0,1,21,5,0,0,0,1,10,3,2,1,0,1,0,0,1,0,0,1,0,0,9,1,0,1,0,12,0,1,1,0,0,0,0,0,2,0,0,0,0,1,0,2,6,0,0,0,0,0,0,1,0,42,3,0,27,0,1,1,0,0,4,1,1,0,0,3,8,45,29,31,0,15,0,0,0,2,15,0,11,3,0,0,9,1,0,12,2,2,14,0,25,1,1,2,3,23,1,1,0,1,61,0,5,5,146,0,1,0,0,0,0,0,0,0,0,0,0,0,0,1,0,16,0,0,0,0,0,1,1,59,0,4,0,42,2,1,0,22,0,0,5,2,11,1,1,1,40,23,1,3,0,0,26,0,1,0,6,0,5,0,0,0,0,0,0,1,0,0,0,0,0,2,0,3,0,1,0,0,0,0,0,2,0,1,2,0,0,0,0,1,0,0,0,0,13,0,0,0,1,26,1,1,5,0,0,2,3,0,0,2,1,0,0,0,0,0,0,0,1,0,0,0,3,0,0,0,0,0,4,0,0,0,1,0,0,0,2,0,0,0,0,0,0,0,0,1,0,2,0,3,0,0,1,0,0,0,0,0,0,6,0,0,0,314,0,0,0,0,0,8,2,14,3,0,5,3,8,4,0,3,0,14,0,0,5,0,1,0,0,10,5,0,0,0,0,86,1,2,10,0,0,22,1,0,0,0,16,3,14,11,14,4,1,17,1,13,0,0,0,0,0,0,1,0,0,1,0,0,1,1,0,1,0,0,0,0,2,0,0,0,0,0,0,0,0,0,0,0,0,0,0,0,0,0,5,2
177,1279,ESCOLA ESTADUAL LAMENHA LINS,RUA LAMENHA LINS  2185,REBOUÇAS,-25.45492419,-49.26838457,8,0,2048,1602,76,56,0,3,0,2,25,2,0,1,0,0,20,0,0,0,10,1,0,0,0,0,0,5,0,1,0,1,1,1,1,0,0,0,0,14,1,0,0,0,0,2,0,0,2,0,42,0,36,1,1,2,0,0,0,0,2,0,0,0,7,0,3,1,0,0,0,0,0,0,8,0,0,0,0,10,0,0,1,3,0,3,0,2,0,1,3,0,0,0,0,58,0,3,0,4,0,0,0,0,0,0,0,0,1,0,3,0,0,0,0,0,0,0,0,0,0,0,0,0,5,1,1,2,18,0,0,28,0,5,1,0,2,5,0,23,33,24,14,2,0,0,0,1,26,0,5,3,0,3,0,11,2,0,4,0,0,0,3,0,0,2,0,1,3,0,0,8,0,2,0,0,0,0,0,0,0,0,0,0,1,0,0,0,0,2,24,0,0,0,0,0,0,0,0,0,1,0,3,0,0,0,0,0,0,0,0,0,3,0,2,0,6,0,0,0,0,0,0,0,0,0,3,0,0,0,0,2,4,0,1,0,0,0,0,0,0,0,0,0,0,1,1,0,0,0,2,0,0,0,0,0,0,0,0,0,0,0,0,0,0,0,1,12,6,0,0,0,0,5,2,0,0,0,0,0,0,0,0,0,1,1,0,0,0,0,0,0,8,1,1,2,0,0,0,0,0,0,0,1,0,0,0,0,2,8,0,0,0,0,0,0,0,0,46,0,1,24,10,0,0,0,0,2,0,0,0,0,2,0,27,23,7,0,10,1,3,0,0,19,0,2,1,0,0,4,1,0,3,1,2,10,0,16,1,0,2,4,5,0,0,0,4,66,2,5,1,84,0,1,0,0,0,0,0,0,0,0,0,1,0,0,0,0,10,0,0,0,0,0,0,0,55,0,2,0,15,0,0,0,8,0,0,0,1,5,1,5,3,16,10,0,3,0,0,9,0,0,2,1,1,3,1,0,0,1,1,0,0,0,0,0,0,0,1,0,0,0,0,0,0,0,0,0,0,0,1,0,2,0,1,0,0,0,0,2,0,11,1,0,0,0,20,1,0,0,0,0,1,0,0,0,1,0,0,0,0,0,0,0,0,0,0,0,0,0,0,0,2,0,1,22,0,0,0,1,0,0,0,1,0,0,0,0,0,1,0,0,0,0,1,0,0,0,0,0,0,0,0,0,0,0,6,0,1,0,58,0,0,0,0,0,3,4,13,2,0,0,3,1,2,0,1,0,14,0,0,3,0,0,0,1,2,1,1,0,1,0,48,2,0,2,1,0,6,0,0,0,0,4,0,9,8,5,2,0,8,0,2,0,0,0,1,0,0,0,0,0,1,0,0,1,0,0,0,0,0,0,0,2,0,0,0,0,0,0,0,0,0,0,1,0,0,0,0,0,0,2,0
177,1287,OPET - ORGANIZACAO PARANAENSE DE ENSINO TECNICO,"AVENIDA GETULIO VARGAS, 902",REBOUÇAS,-25.4437482,-49.2688906,8,0,2792,2225,66,70,0,4,1,5,42,4,2,0,0,2,33,1,0,1,25,0,0,0,2,1,0,8,0,0,0,0,2,0,0,2,0,0,0,70,0,0,0,0,0,1,0,0,6,6,85,0,47,0,0,2,0,0,2,0,3,3,7,6,7,0,1,0,0,1,0,0,0,0,10,0,1,0,0,25,0,0,0,8,0,4,1,0,0,0,3,0,0,0,0,85,0,3,0,2,0,2,0,0,0,2,0,0,4,0,2,0,0,0,0,0,0,0,0,0,0,0,0,0,8,3,1,0,18,0,2,23,0,5,0,0,0,17,1,24,42,22,14,1,0,0,0,1,29,0,5,1,0,4,0,19,2,0,1,1,0,0,1,0,0,2,0,2,11,1,1,10,0,0,0,0,0,0,1,0,0,0,0,0,0,0,0,0,0,3,53,1,0,0,0,0,0,0,0,1,0,0,1,1,0,0,0,6,0,2,0,0,5,2,2,0,3,0,0,0,0,0,0,2,0,1,0,0,3,0,0,0,7,0,0,0,0,1,0,0,0,0,0,0,0,1,0,0,1,0,1,0,0,0,0,0,0,0,0,0,0,0,0,0,0,0,0,25,8,0,0,0,1,16,4,0,0,0,0,0,0,0,0,0,0,0,0,2,0,0,0,0,8,0,1,7,0,1,0,0,0,3,0,0,0,0,0,0,3,13,0,0,0,1,0,0,0,0,38,3,4,44,3,0,0,0,0,5,0,0,0,2,1,4,53,24,20,0,13,0,0,0,4,14,0,7,0,0,1,4,1,1,6,0,2,12,0,22,0,1,2,0,14,0,1,0,0,63,0,0,5,148,0,1,0,0,0,0,0,0,0,0,0,0,0,0,0,0,15,0,0,1,0,0,0,1,44,1,3,0,23,0,3,1,10,0,0,3,2,1,0,0,0,28,22,2,4,0,0,19,0,1,1,3,0,2,0,0,0,0,0,0,0,0,0,0,0,0,0,0,2,0,1,0,0,0,0,0,0,0,1,0,0,0,0,0,4,0,1,3,0,10,1,0,0,0,16,5,0,0,0,0,3,0,0,0,2,0,0,0,0,0,0,0,0,0,0,0,1,0,0,0,5,0,0,3,0,0,0,0,0,0,0,0,1,0,0,0,0,0,0,0,0,0,4,0,2,0,0,0,0,0,0,0,0,0,4,0,0,0,91,0,0,0,0,1,1,1,19,2,0,4,2,7,4,0,0,0,23,0,0,9,0,0,0,1,3,1,0,0,0,0,65,0,0,10,1,2,6,1,0,0,0,7,10,6,8,6,0,0,5,0,1,0,0,0,0,0,3,0,0,0,0,0,0,1,0,0,0,0,1,0,0,3,1,0,0,0,0,1,0,0,0,0,1,0,0,0,0,0,0,2,0
177,1309,ESCOLA ESTADUAL GUAIRA,RUA LAMENHA LINS 1962,REBOUÇAS,-25.4532148,-49.2694271,8,0,1645,1304,67,47,0,3,2,1,24,1,0,0,0,1,21,1,0,0,4,1,0,0,0,0,0,8,0,1,0,0,0,0,0,0,0,0,0,15,0,0,0,0,0,0,0,0,2,2,33,0,30,0,0,1,0,0,0,0,0,0,2,1,6,0,0,1,1,0,0,0,0,0,7,0,0,0,0,4,0,0,0,5,0,1,0,0,0,0,2,0,0,0,0,65,0,7,1,1,0,0,1,0,0,0,0,0,0,0,3,0,0,0,0,0,0,0,0,0,0,0,0,0,0,2,0,0,14,0,0,22,0,3,0,2,1,14,0,19,18,16,3,2,0,0,0,0,17,0,2,0,0,0,0,10,2,0,1,1,2,0,0,0,0,0,1,2,6,0,0,1,0,0,0,1,0,0,0,0,0,0,0,0,0,0,0,0,0,0,18,0,0,0,0,0,0,0,0,0,1,0,3,0,0,0,0,4,0,0,2,0,2,3,1,0,5,0,0,0,0,0,1,0,0,1,0,0,0,0,0,0,2,0,2,0,0,0,0,0,0,0,0,0,0,0,0,0,0,0,0,0,0,0,0,0,0,1,0,0,0,0,0,0,0,0,0,11,5,0,0,0,1,4,4,0,0,0,0,0,1,1,0,0,0,0,0,0,0,0,0,0,3,0,0,3,0,0,0,0,0,0,0,2,0,0,0,0,1,1,0,0,0,0,0,0,2,0,30,1,1,21,4,0,1,0,2,7,0,0,0,0,3,2,20,15,7,0,17,0,1,0,1,12,0,0,0,1,0,1,0,0,3,0,0,23,1,11,1,0,2,3,6,0,0,0,3,49,0,5,2,64,0,0,1,0,0,0,0,0,0,0,0,0,0,0,0,1,6,0,0,2,0,0,0,1,32,0,0,0,14,0,1,0,15,0,0,1,3,2,0,0,2,18,11,0,4,0,0,13,0,0,0,4,0,4,0,1,0,1,0,0,0,0,0,0,0,0,0,0,1,0,0,0,2,0,0,1,0,0,0,1,0,0,0,0,2,0,1,0,0,8,0,0,0,0,9,4,0,0,0,0,0,0,0,0,1,0,0,0,0,0,0,0,0,0,0,0,4,0,0,0,2,0,0,25,0,0,0,0,0,0,0,2,0,0,0,0,0,2,0,0,0,0,1,0,1,0,0,0,0,0,0,0,0,0,3,0,0,0,45,0,0,2,0,0,4,0,13,1,0,6,0,2,3,0,0,0,8,0,0,2,0,0,0,0,0,0,0,0,0,0,31,1,0,4,0,1,4,0,0,0,0,4,0,7,5,1,0,0,8,0,2,0,0,0,0,0,0,0,0,0,0,0,0,2,0,0,0,0,0,0,0,1,0,0,0,0,0,0,0,0,0,0,0,0,0,0,0,0,0,0,0
177,1317,UNICURITIBA (CENTRO UNIVERSITÁRIO CURITIBA),"RUA CHILE, 1678",REBOUÇAS,-25.44985803,-49.2650672,8,0,3584,2824,127,89,0,2,1,9,43,4,3,1,0,5,40,0,0,1,21,1,0,2,2,3,3,11,0,1,0,0,0,0,0,0,0,0,0,38,0,0,0,0,0,2,0,1,5,6,52,0,80,0,0,1,0,0,3,0,1,3,2,3,14,1,3,0,2,0,0,0,3,1,24,0,1,0,0,32,0,0,0,5,1,4,0,0,0,4,8,0,0,0,0,109,0,4,0,3,0,0,0,2,0,0,0,0,1,0,5,0,0,0,0,0,0,0,0,0,0,1,0,0,8,5,2,0,28,1,0,29,0,9,1,1,2,27,3,34,44,14,12,3,0,2,1,1,38,0,2,0,3,5,0,29,2,0,3,1,3,0,0,0,3,3,0,3,8,0,0,26,0,0,0,1,1,0,0,0,0,1,0,0,0,0,0,0,0,5,57,0,0,0,0,0,0,0,0,1,0,2,1,0,2,0,0,1,0,0,6,0,10,0,0,0,18,0,0,0,0,0,2,0,0,0,0,0,2,0,0,1,5,0,3,0,0,0,0,0,0,0,0,0,0,0,0,0,0,0,3,0,0,0,0,0,0,0,0,0,0,0,0,0,0,0,0,40,9,0,1,0,2,9,10,0,0,0,0,0,0,0,1,0,3,0,0,4,0,3,0,0,5,0,0,1,0,0,0,0,1,0,0,4,0,0,0,0,1,2,0,0,1,0,0,0,1,0,67,3,3,52,2,2,2,0,2,7,1,1,0,0,3,2,43,39,12,0,20,0,0,0,0,18,0,11,1,0,1,4,0,0,16,1,2,18,0,22,1,1,1,0,28,0,1,0,3,106,2,9,4,162,0,1,2,0,1,0,0,0,0,0,0,0,0,0,1,0,14,0,0,0,0,0,0,2,60,0,0,0,31,1,2,2,22,0,1,1,1,5,1,0,6,46,21,1,0,0,0,22,0,0,0,4,1,1,2,2,0,5,0,0,0,0,1,0,0,0,1,0,4,0,0,0,0,0,2,0,1,0,0,0,0,0,0,0,0,0,0,3,0,12,0,2,0,1,24,3,0,0,0,0,4,0,0,0,1,0,0,0,0,0,1,1,2,0,0,0,1,0,0,0,13,0,0,4,0,0,0,1,0,0,0,4,0,0,0,0,0,0,0,0,0,0,2,0,0,0,0,1,0,0,0,0,0,1,2,0,0,0,124,1,0,0,0,0,7,13,33,1,0,9,2,12,12,0,0,2,23,0,2,6,2,0,0,1,0,1,3,0,0,0,78,8,0,7,1,1,4,0,2,0,0,14,4,11,14,6,2,1,7,1,0,0,0,0,0,0,1,1,0,0,2,0,0,1,0,0,0,0,0,0,0,8,0,0,0,0,0,0,0,0,0,0,0,0,0,1,0,0,0,1,0
177,1333,ESCOLA MUNICIPAL DESEMBARGADOR MARCAL JUSTEN,RUA SANTA CATARINA  710,ÁGUA VERDE,-25.4633357,-49.2830254,9,0,3459,2815,102,72,0,1,0,5,42,4,5,0,0,2,45,0,0,0,34,1,0,1,1,0,0,13,1,0,0,0,0,0,0,0,0,0,0,27,0,1,0,2,0,1,1,0,14,1,91,0,74,1,0,2,0,0,0,0,3,0,3,2,17,0,1,0,0,0,1,0,2,0,22,0,3,0,0,20,0,0,0,3,0,1,1,2,0,1,8,0,0,0,1,155,0,1,0,5,0,1,0,0,0,0,0,0,5,0,4,0,0,0,0,0,0,0,0,0,0,0,1,0,12,5,1,0,21,0,2,42,0,9,0,1,1,24,0,35,57,28,23,0,0,0,1,1,44,0,1,2,1,1,0,30,1,0,1,0,0,0,0,0,1,0,3,0,13,0,0,17,0,0,0,1,1,0,0,1,0,0,3,1,0,1,0,0,0,5,63,0,0,0,0,0,0,0,0,0,3,1,4,0,0,0,0,5,0,0,1,0,6,0,1,0,13,0,0,2,0,1,0,0,0,0,0,0,5,0,0,0,4,0,0,0,0,0,0,0,0,0,0,0,0,0,0,0,0,0,1,0,0,0,0,0,0,0,0,0,0,0,0,0,0,0,1,25,7,0,4,1,3,11,5,2,0,1,0,0,0,0,0,1,5,0,0,4,0,2,0,0,5,1,0,2,0,0,0,0,0,0,0,2,0,0,1,0,4,4,0,1,0,0,0,0,1,0,58,3,2,52,4,0,0,0,0,6,0,0,0,1,0,2,42,34,20,0,20,2,0,0,0,9,0,9,1,0,0,4,0,0,7,0,1,16,1,34,0,0,2,0,11,0,0,1,2,65,1,2,3,189,4,1,0,0,0,0,0,0,0,0,0,0,0,0,0,0,23,2,0,0,0,0,0,4,82,2,2,0,28,0,2,0,18,0,0,5,2,1,0,0,6,47,25,2,4,0,0,30,0,1,0,3,0,3,0,0,0,0,0,0,0,0,0,0,0,0,2,0,1,0,1,0,0,0,0,0,0,2,0,4,0,0,0,0,1,0,0,0,0,17,3,0,0,0,22,0,0,2,0,0,2,0,0,0,0,0,0,0,0,0,0,0,0,0,0,0,5,0,0,0,4,0,0,6,0,0,0,0,0,0,0,0,1,0,0,0,0,0,0,0,0,0,5,0,1,0,0,0,0,0,0,1,0,0,2,0,1,0,113,0,0,4,1,0,4,6,23,2,0,12,13,2,0,0,4,0,38,0,0,7,0,0,0,0,1,1,1,0,0,0,106,4,0,6,0,0,7,1,1,0,0,6,4,13,9,6,3,0,8,1,4,0,0,0,0,2,0,0,1,1,1,0,0,0,0,0,0,0,1,0,0,12,0,0,0,0,0,0,0,1,0,0,0,0,0,0,0,0,0,0,0
177,1341,COLÉGIO STELLA MARIS (AGUA VERDE),"RUA PARÁ, 186",ÁGUA VERDE,-25.4624883,-49.2785666,9,0,1940,1608,73,43,0,1,0,1,26,3,1,0,0,1,31,0,0,1,15,0,0,0,1,1,3,7,0,0,0,0,1,0,0,0,0,0,0,16,0,0,0,0,0,1,0,0,5,1,29,0,39,0,1,3,0,0,1,0,2,0,4,3,8,0,1,0,0,0,0,0,0,0,9,0,0,0,0,13,0,0,0,4,0,2,7,0,0,1,6,0,0,0,0,91,0,2,1,3,1,0,0,0,0,0,0,0,2,0,9,0,0,0,0,0,0,0,0,0,0,0,0,0,5,2,1,0,17,3,0,21,0,5,1,2,2,10,0,28,30,15,4,0,0,0,0,3,28,0,2,1,2,1,0,8,6,2,2,0,0,0,0,0,0,0,0,0,8,1,0,12,0,0,0,0,0,1,0,2,0,0,2,0,2,0,0,0,0,3,26,0,0,0,0,0,0,0,1,0,3,0,7,0,0,0,0,1,0,1,0,0,0,0,1,0,5,0,0,0,0,0,0,0,0,0,0,0,2,0,0,0,1,0,0,0,0,0,0,0,0,0,0,0,0,0,0,0,0,0,1,0,0,0,0,0,0,0,0,0,0,0,0,0,0,0,0,19,4,0,0,0,0,11,4,1,0,0,0,0,0,0,0,0,0,0,0,0,0,0,0,0,4,0,0,2,0,0,0,0,0,0,0,1,0,0,0,0,0,1,0,0,0,0,0,0,0,0,27,3,1,16,2,0,0,0,0,7,0,0,0,0,0,0,25,28,15,0,11,2,1,0,0,5,0,6,0,0,0,4,0,0,4,0,0,8,0,17,0,0,1,0,7,1,1,0,0,43,0,0,4,111,0,0,0,0,1,0,0,0,0,0,0,0,0,0,0,0,7,1,0,0,0,0,0,1,51,0,2,0,23,0,0,1,16,0,0,1,1,2,0,0,3,24,20,1,2,0,0,23,0,1,0,1,0,1,0,0,0,1,0,0,0,0,0,1,0,0,0,0,0,0,1,0,0,0,0,0,0,0,0,3,1,0,0,0,0,0,0,0,0,9,0,0,0,0,12,0,0,0,0,0,0,0,0,0,1,0,0,0,0,0,0,0,0,0,0,0,1,0,0,0,2,0,1,3,0,0,0,0,0,0,0,0,0,0,0,0,0,0,0,0,0,0,4,0,2,0,0,0,0,0,0,0,0,0,3,0,0,0,67,1,0,1,0,0,5,0,10,0,0,1,2,2,4,0,1,1,25,0,0,2,0,0,0,2,1,1,2,0,0,0,50,2,0,3,1,0,3,2,1,0,0,2,1,6,6,2,0,0,8,0,5,1,0,0,0,1,0,0,0,1,0,0,0,0,0,0,0,0,0,0,0,4,0,0,0,0,0,0,0,0,0,0,0,0,0,0,0,0,0,1,0
177,1350,ESCOLA ESTADUAL PROFESSOR LYSIMACO FERREIRA DA COSTA,AVENIDA IGUACU    3012,ÁGUA VERDE,-25.4499647,-49.2906823,9,0,5485,4526,125,96,0,3,1,4,60,14,2,1,0,2,75,0,1,0,53,1,0,0,2,2,4,9,3,0,1,0,2,1,0,0,1,0,0,19,0,0,0,0,0,0,0,0,8,2,227,0,115,0,1,8,0,0,1,0,21,2,4,6,14,0,1,0,2,5,1,0,1,0,15,2,0,0,0,50,0,1,0,5,0,1,2,0,0,3,23,0,0,0,0,215,0,11,0,3,0,2,0,2,2,0,0,0,4,0,5,1,0,0,0,0,0,0,0,0,1,0,0,0,9,4,0,1,31,0,1,65,0,7,1,1,0,35,0,53,54,28,18,4,0,1,1,3,50,1,2,2,0,6,1,33,8,1,3,5,0,0,1,0,0,3,0,2,11,0,0,29,0,1,2,2,0,0,0,0,0,0,1,2,1,0,0,2,0,7,57,0,0,0,0,0,1,0,0,1,5,3,3,0,0,1,0,4,0,4,8,0,5,0,3,0,29,1,0,0,0,0,0,0,0,0,0,0,4,0,0,0,6,0,1,0,0,0,1,0,0,0,0,0,0,0,0,0,0,0,1,0,0,0,0,0,0,0,0,0,0,0,0,0,0,0,0,40,23,0,0,0,8,13,0,1,0,0,0,0,0,0,0,0,2,0,0,12,0,0,0,0,13,0,1,4,0,0,0,0,0,0,0,1,3,1,1,0,4,5,0,0,0,0,0,0,2,0,86,6,11,59,6,3,1,0,2,18,4,0,0,0,2,10,105,49,29,0,11,3,1,0,2,18,0,25,0,0,0,14,1,2,10,1,1,15,1,37,3,5,4,2,29,0,2,0,4,90,2,5,12,342,0,1,0,0,1,0,0,0,0,0,0,1,0,2,0,0,34,1,0,2,0,0,0,4,131,4,3,0,61,0,7,0,40,0,0,7,2,8,1,1,12,141,48,5,10,0,2,67,0,6,2,0,3,6,0,1,2,10,0,0,2,0,0,0,0,1,7,0,4,0,8,0,3,0,1,0,0,0,1,2,0,0,0,0,1,0,3,0,0,28,0,0,0,1,34,4,1,3,1,0,2,1,0,0,0,0,0,0,0,0,0,2,1,0,0,0,3,1,0,0,7,0,0,8,0,0,0,1,0,0,0,1,2,0,0,0,0,1,0,0,0,0,1,2,1,0,0,2,0,0,0,0,1,0,6,0,1,0,130,3,0,0,2,1,17,7,43,1,1,32,11,14,6,0,1,0,50,0,0,6,0,0,0,0,4,2,1,0,1,0,196,2,3,10,2,0,21,4,0,0,0,10,8,16,20,27,5,0,12,9,7,0,0,1,0,1,0,0,1,1,0,0,0,4,0,0,0,0,0,0,0,5,1,1,0,0,0,0,0,0,0,0,0,0,0,0,0,0,1,3,0
177,1368,COLEGIO SAGRADO CORACAO DE JESUS,AVENIDA IGUACU  1550,ÁGUA VERDE,-25.4445345,-49.2770842,9,0,6581,5275,149,112,0,6,5,11,63,29,1,0,3,5,67,1,0,0,53,1,0,5,2,3,5,21,1,0,0,0,2,0,0,1,4,0,0,23,1,0,0,0,0,3,1,1,3,9,267,0,123,5,1,4,0,0,3,0,21,6,10,4,16,0,1,0,0,2,0,0,5,0,18,0,3,0,0,73,0,0,0,4,0,7,1,0,0,6,12,0,0,0,1,233,1,17,0,12,7,0,0,0,6,0,0,0,4,0,4,0,0,0,0,0,0,0,0,0,0,0,0,0,15,8,0,0,33,0,0,62,0,11,3,2,3,34,1,74,95,37,15,2,0,0,2,4,54,0,2,6,4,5,0,57,5,1,4,4,1,1,2,0,0,6,3,0,16,0,1,24,0,0,0,4,0,1,1,2,0,0,2,1,0,0,0,0,0,9,100,0,0,0,0,1,0,0,0,1,2,1,3,5,0,0,0,5,0,2,8,0,10,6,3,0,20,0,0,0,0,0,2,1,0,2,1,0,1,0,0,1,9,0,1,2,0,0,3,0,0,0,0,0,0,0,0,0,1,0,0,0,0,0,0,0,0,0,0,0,0,0,0,0,0,0,0,54,16,0,0,0,1,21,1,1,2,0,0,0,0,0,0,1,3,0,0,14,1,2,0,0,24,0,0,5,0,1,0,0,1,2,0,2,0,0,1,1,5,9,0,0,0,0,0,0,0,0,128,11,17,106,6,0,1,0,5,3,0,1,1,0,5,7,123,37,35,0,31,1,0,0,3,23,0,19,3,1,2,7,4,1,20,2,2,18,0,68,1,2,4,2,17,1,2,0,0,118,0,8,17,362,3,1,0,0,0,0,0,0,0,0,0,0,0,0,0,0,41,0,0,1,0,0,1,2,125,1,7,0,47,0,3,0,63,1,0,12,6,3,0,4,6,122,73,11,14,0,0,60,0,2,6,6,3,6,0,0,0,8,0,0,0,0,0,0,0,0,3,0,3,0,0,0,0,0,0,0,0,2,5,3,1,0,0,0,1,1,2,1,1,19,0,0,0,1,50,3,0,2,1,0,3,0,0,0,1,0,0,1,0,0,0,0,1,0,0,0,1,1,0,0,9,0,0,0,0,0,0,1,0,0,0,4,0,0,0,0,0,0,0,0,1,0,6,1,3,0,0,0,0,0,0,1,0,1,11,0,0,0,199,2,0,3,1,0,11,6,41,3,1,21,5,17,6,1,2,0,56,0,0,16,1,0,1,4,6,4,8,0,5,0,200,4,2,14,0,0,31,2,2,0,1,12,4,19,23,25,6,0,16,4,9,0,0,0,0,0,1,0,0,0,1,0,0,1,1,0,4,0,1,0,0,14,1,1,0,0,0,1,0,0,0,0,0,0,0,0,0,0,0,3,0
177,1384,ESCOLA ESTADUAL BARAO DO RIO BRANCO,RUA BRIGADEIRO FRANCO   2532,ÁGUA VERDE,-25.442562,-49.2760247,9,0,2454,1943,66,47,0,4,0,7,40,6,2,0,1,2,22,1,0,0,17,0,0,0,1,0,2,4,0,2,0,0,0,0,0,0,0,0,0,17,0,0,0,0,0,2,1,0,7,4,91,0,51,1,0,4,0,0,0,0,11,4,1,8,6,0,4,0,0,0,0,0,6,0,9,0,1,0,0,21,0,0,0,0,1,2,2,0,0,1,6,0,0,0,0,102,0,6,0,2,0,0,0,0,0,0,0,0,3,0,0,0,0,0,0,0,0,0,0,0,0,0,0,0,7,1,0,0,17,0,0,28,0,8,2,5,1,17,1,35,34,10,10,5,0,1,1,2,16,0,2,0,1,5,1,10,1,0,1,1,0,0,0,1,0,2,0,0,6,0,0,7,0,0,0,0,0,0,0,0,0,0,1,0,0,0,0,0,0,7,30,0,0,0,0,0,0,0,0,0,5,0,6,0,0,0,0,0,0,1,0,0,4,1,1,0,6,0,0,1,0,0,1,0,0,0,1,0,1,2,0,0,4,0,0,0,0,0,0,0,0,0,0,0,0,0,0,0,1,0,0,0,0,0,0,0,0,0,0,0,0,0,0,0,0,0,0,18,9,0,0,0,0,10,2,0,0,0,0,0,0,0,0,0,1,0,0,1,0,2,0,0,4,1,0,0,0,0,0,0,0,0,0,0,2,0,0,0,2,2,0,0,0,1,0,0,0,0,30,3,1,18,1,0,0,0,2,5,0,0,1,0,1,1,35,27,15,0,8,0,0,0,10,16,0,14,0,0,0,2,0,2,4,0,0,5,0,8,1,0,0,3,10,0,0,1,0,37,1,0,5,120,0,0,0,0,1,0,0,0,0,0,0,0,0,0,0,0,15,0,0,0,0,0,1,1,57,1,2,0,20,0,3,0,25,1,0,4,2,2,1,0,1,45,18,1,4,0,0,28,0,0,0,1,0,1,2,0,0,2,0,0,0,0,0,0,0,0,1,0,3,0,0,0,0,0,0,0,0,1,1,1,0,0,0,0,0,0,1,0,0,7,1,0,0,1,20,2,0,0,0,1,1,0,0,0,2,0,0,0,0,0,0,0,0,0,0,0,1,0,0,0,3,0,0,0,0,0,1,0,1,0,0,1,1,0,0,0,0,1,0,0,0,0,0,0,2,0,0,0,0,0,0,0,0,0,4,0,0,0,60,0,0,0,1,0,5,1,20,1,0,6,2,8,2,1,5,0,10,0,0,6,0,0,1,0,3,0,2,0,0,0,89,4,0,5,0,0,8,3,0,0,0,13,2,5,7,8,2,0,2,1,2,0,1,0,0,1,1,0,0,0,0,0,0,0,0,0,0,0,0,0,0,6,0,0,0,0,0,0,0,0,0,0,0,0,0,0,0,0,0,0,0
177,1406,COLÉGIO ESTADUAL CÍVICO-MILITAR JOÃO TURIN,"RUA ALMEDA GONÇALVES, 2880 - ÁGUA VERDE, CURITIBA - PR",ÁGUA VERDE,-25.45221683,-49.27891237,9,0,3109,2536,88,68,0,2,1,8,33,8,2,0,0,1,54,0,0,0,31,0,0,1,6,1,0,11,0,1,0,0,1,0,0,0,0,0,0,16,1,0,0,0,0,0,0,0,4,5,90,0,74,0,0,6,0,0,2,0,2,2,3,4,7,0,2,0,0,0,0,0,1,0,20,0,2,0,0,22,0,0,1,4,0,2,0,0,0,1,4,0,0,0,0,142,0,4,1,1,0,0,0,0,0,0,0,0,2,0,4,0,0,1,0,0,0,0,1,0,0,0,0,0,4,3,0,0,17,0,1,39,0,5,4,1,4,13,0,31,53,28,15,2,2,0,1,3,33,0,0,1,3,3,0,19,2,0,2,1,0,0,1,0,0,3,1,0,12,0,0,9,0,1,0,0,0,0,0,5,0,0,0,0,1,0,0,0,0,1,33,0,0,1,0,0,1,0,0,0,0,0,3,1,0,0,0,7,0,0,0,1,3,1,1,0,16,0,3,0,0,0,1,0,0,0,0,0,2,0,0,0,1,0,2,0,0,0,1,0,0,0,1,0,0,0,0,0,0,0,1,0,0,0,0,0,0,0,0,0,0,0,0,0,0,0,0,25,7,0,0,0,0,8,5,1,2,0,0,0,0,0,1,0,1,2,0,3,0,1,3,0,10,0,0,2,0,0,0,0,0,0,1,1,0,0,0,3,0,11,0,0,1,0,0,0,2,0,64,2,4,45,3,1,2,0,3,4,0,0,0,0,3,1,54,30,11,0,16,3,0,0,2,18,2,4,0,0,0,2,0,1,8,1,1,44,0,24,2,2,1,0,10,0,3,0,2,59,0,8,7,147,2,0,0,1,0,0,0,0,0,0,0,0,1,0,0,0,9,0,0,0,0,0,0,8,57,3,3,0,36,1,4,0,25,0,1,0,6,6,0,0,4,47,21,4,6,0,0,21,0,3,1,6,0,3,0,2,0,2,0,0,0,0,0,0,0,0,1,0,0,0,1,0,0,0,0,0,0,1,0,0,0,0,0,0,0,0,0,0,0,10,3,0,0,0,26,0,0,1,0,0,1,0,0,0,1,0,0,0,0,0,0,1,0,0,0,0,2,0,0,0,1,0,0,4,0,0,0,1,0,0,0,1,0,0,0,0,0,1,0,0,1,0,0,2,5,0,0,0,0,0,0,0,2,0,6,0,0,0,74,0,0,0,0,0,5,4,13,4,0,2,6,8,1,0,2,0,31,0,0,5,0,0,0,0,0,0,1,0,1,1,95,2,2,3,0,0,6,2,0,0,0,7,3,14,4,8,1,0,15,2,1,0,0,0,0,0,0,1,0,0,0,0,0,2,0,0,2,0,1,0,0,13,0,0,0,1,0,0,0,0,0,0,0,0,0,0,0,0,0,2,0
177,1430,COLÉGIO POSITIVO (ÁGUA VERDE),"RUA PEDRO MENA BARRETO MONCLARO, 411",ÁGUA VERDE,-25.4498242,-49.2744554,9,0,3656,3024,105,65,0,2,1,6,48,8,4,0,0,1,54,0,0,0,24,1,0,0,0,0,1,11,0,0,0,0,0,0,0,0,0,0,0,10,0,0,0,0,0,1,0,0,10,5,107,0,67,0,0,1,0,0,0,0,7,7,0,2,8,0,5,1,0,0,0,0,5,0,17,0,5,0,0,26,0,1,0,3,0,1,1,0,0,3,13,0,1,0,0,126,0,8,0,3,1,0,0,0,2,0,0,0,0,0,5,1,0,0,0,0,0,0,0,0,0,2,0,0,11,5,0,0,13,1,0,64,0,7,1,1,0,20,0,29,61,23,12,2,0,0,0,1,43,0,1,4,0,1,0,28,1,1,3,1,0,0,0,0,0,5,0,4,11,0,0,22,0,0,0,0,1,0,0,0,0,1,1,2,1,0,0,0,0,11,53,0,0,1,0,0,1,0,1,0,3,0,2,0,0,1,0,6,0,4,4,0,6,2,2,0,17,0,0,0,0,0,1,0,0,1,0,0,3,0,0,0,4,0,0,0,0,0,0,0,0,0,0,0,0,0,0,0,0,0,4,0,0,0,0,0,0,0,0,0,0,0,0,0,0,0,0,30,6,0,1,0,1,12,0,0,0,0,0,0,0,1,1,0,0,0,0,5,0,1,2,0,9,0,0,0,0,0,0,0,0,2,0,2,0,0,6,0,6,4,0,0,1,4,0,0,1,0,85,1,8,42,1,0,0,0,2,9,0,1,2,1,2,4,54,33,27,0,15,2,1,0,1,17,1,12,1,0,2,3,2,0,11,2,2,37,0,41,0,3,3,1,16,0,1,0,8,93,1,6,9,204,0,0,0,0,0,0,0,0,0,0,0,0,0,0,0,0,23,0,0,0,0,0,0,2,51,1,1,0,25,2,3,0,32,0,0,3,2,11,0,0,3,69,44,6,6,0,2,41,0,1,0,4,1,3,0,0,0,5,0,0,2,0,0,0,0,0,1,0,9,0,0,0,0,0,2,0,0,0,0,0,0,0,0,0,2,1,2,0,1,7,0,0,1,1,27,3,0,0,0,0,1,0,0,0,1,0,0,0,0,0,0,0,1,0,0,0,1,1,0,0,0,0,0,2,0,0,0,4,0,0,0,0,0,0,0,0,0,0,0,0,0,0,3,1,0,0,0,0,0,1,0,0,0,0,1,0,0,0,106,0,0,1,3,0,5,6,28,3,0,17,7,6,2,0,3,0,34,1,0,11,0,0,1,0,5,0,4,0,0,0,111,3,1,14,1,0,6,5,0,0,0,9,1,4,12,17,1,1,4,2,5,0,0,0,0,0,0,0,0,0,0,0,0,1,0,0,2,0,0,0,0,5,0,0,0,0,0,1,0,0,0,0,0,1,0,0,0,0,0,0,0
177,1686,CLUBE CURITIBANO (SEDE ADMINISTRATIVA),"RUA PETIT CARNEIRO, 970 (GINÁSIO DE ESPORTES)",ÁGUA VERDE,-25.45185345,-49.28600279,9,0,8081,6408,211,160,0,10,4,16,92,21,2,1,0,3,93,0,0,0,91,1,0,1,6,2,7,24,0,1,0,1,1,0,0,0,0,0,0,31,1,0,0,2,0,2,1,0,3,14,277,0,140,1,2,6,0,0,3,0,18,11,12,10,9,1,1,1,2,4,0,0,9,0,18,0,4,0,0,69,0,0,0,13,1,10,10,1,0,3,21,0,0,0,0,300,0,20,1,16,3,1,0,0,4,0,0,0,2,0,15,1,0,0,0,0,0,0,0,0,0,0,0,0,15,1,1,0,37,0,0,78,0,8,5,4,6,53,1,82,141,45,38,2,2,1,0,2,70,0,1,4,1,12,0,55,5,1,3,0,1,1,3,0,0,5,1,0,20,0,1,49,0,2,0,2,0,1,0,2,0,1,0,0,4,0,0,0,0,15,135,0,1,1,0,0,0,0,0,1,5,1,5,1,0,0,0,6,0,6,9,0,8,2,3,0,35,0,1,0,1,0,4,1,0,0,1,0,5,0,1,0,8,0,2,0,0,0,0,0,0,0,0,0,0,0,0,0,0,0,0,0,0,0,0,0,0,0,0,0,0,0,0,0,0,0,0,62,26,0,0,0,1,38,6,0,0,3,0,0,0,2,0,0,8,0,0,9,0,5,0,0,15,0,0,5,0,0,0,0,1,3,2,5,2,0,2,0,6,9,0,0,0,0,1,0,5,0,148,9,11,108,6,0,1,0,3,17,1,0,0,0,9,8,133,61,31,0,26,1,1,0,4,24,0,21,2,0,0,4,3,5,22,1,8,30,0,67,3,4,5,0,29,0,2,2,2,157,2,11,16,392,4,1,0,0,2,0,0,0,0,0,0,0,0,0,2,0,54,0,0,3,0,2,0,5,151,0,5,2,77,0,9,2,50,0,0,9,12,11,0,0,8,161,67,5,11,0,1,109,0,1,2,3,1,8,1,0,1,16,1,0,0,0,0,1,0,0,6,0,6,0,4,0,1,0,1,0,0,0,3,8,0,0,0,1,1,2,2,0,0,28,0,0,0,0,46,0,0,0,0,0,4,0,0,0,1,3,0,0,0,0,0,0,3,0,1,0,4,5,0,0,8,0,2,4,0,0,0,3,0,0,0,2,4,0,0,0,0,3,0,0,1,0,9,2,2,0,0,0,0,0,0,0,0,0,8,0,0,0,252,1,0,0,0,0,18,7,56,3,0,26,13,12,1,0,4,0,73,0,1,20,2,0,0,4,7,7,3,0,3,1,226,9,0,20,7,1,35,1,6,0,0,18,8,22,38,26,2,0,9,2,14,0,0,0,0,2,0,0,0,0,0,0,0,1,1,0,2,0,0,0,0,9,0,0,0,0,0,1,0,0,0,0,0,0,0,0,0,0,0,5,0
177,1740,ESCOLA MUNICIPAL MIGUEL KRUG,"RUA MORRETES, 1115",GUAIRA,-25.4748952,-49.2863403,27,0,1615,1333,70,44,0,1,1,2,17,2,1,0,1,2,22,1,0,0,7,0,0,0,0,0,2,3,0,0,0,0,0,0,0,0,0,0,0,13,0,0,0,0,0,0,2,0,4,2,25,0,38,0,0,0,0,0,0,0,0,1,0,1,3,0,0,0,0,0,0,0,0,1,15,0,0,1,0,15,0,0,0,22,0,0,0,0,0,0,1,0,0,0,1,41,0,3,0,1,1,0,0,0,1,0,0,0,0,0,3,2,0,0,0,0,0,0,0,0,0,0,0,0,4,2,1,0,5,0,0,16,0,3,1,3,1,14,1,18,12,19,6,0,0,0,0,0,21,0,1,0,1,1,0,5,2,0,2,2,0,2,0,0,0,1,0,1,5,0,0,18,0,0,0,0,0,0,0,0,0,1,0,0,0,0,0,0,1,5,23,0,0,0,0,0,0,0,0,0,0,1,3,0,0,0,0,0,0,0,4,0,0,0,3,0,2,0,0,0,0,0,0,0,0,0,0,0,0,0,0,0,6,0,0,0,0,0,0,0,0,0,0,0,0,0,0,0,0,0,0,0,0,0,0,0,0,0,0,0,0,0,0,0,0,0,0,12,0,0,0,0,2,5,9,1,0,2,0,0,0,1,1,0,1,0,0,1,0,0,0,0,6,0,0,2,0,0,0,0,0,0,0,3,0,0,0,1,1,7,0,0,0,0,0,0,0,0,39,2,1,31,1,0,0,0,0,4,0,0,0,0,2,0,21,17,4,0,21,0,1,0,0,10,0,4,1,0,0,1,2,3,1,0,2,19,0,6,0,0,0,3,3,0,1,0,3,60,0,1,5,84,2,0,0,0,0,0,0,0,0,0,0,0,0,0,0,0,5,0,0,0,0,0,0,2,27,0,0,0,7,0,0,0,5,3,0,2,2,2,0,0,2,13,3,1,5,0,0,8,0,0,0,1,0,0,0,0,1,3,0,0,1,0,0,0,0,0,0,0,0,0,0,0,0,0,0,0,0,0,0,0,0,0,0,0,0,0,3,0,0,8,0,0,0,0,9,0,0,2,0,0,0,0,0,0,0,0,0,0,0,0,0,2,0,0,0,0,2,0,0,0,4,0,0,18,0,0,0,0,0,0,0,0,2,0,0,0,1,0,0,0,0,0,2,0,0,0,0,0,0,0,0,0,0,0,2,0,0,0,42,0,0,0,0,0,5,3,6,0,0,0,3,5,4,0,0,0,27,0,1,0,0,0,0,1,1,1,1,0,3,0,47,6,0,4,0,0,1,0,0,0,0,4,0,5,1,2,1,0,8,0,0,0,1,0,0,0,0,0,0,0,0,0,0,0,0,0,0,0,0,0,0,0,0,2,0,0,0,0,0,0,0,0,0,0,0,0,0,0,0,0,0
177,1759,COLÉGIO ESTADUAL HILDEBRANDO DE ARAÚJO,"AV PREFEITO OMAR SABBAG, N. 721",JARDIM BOTANICO,-25.4410709,-49.2493226,7,0,3113,2389,122,83,0,4,1,10,44,8,2,0,0,3,28,1,0,0,20,0,0,1,0,2,1,13,0,0,0,0,0,0,0,0,1,0,0,30,0,0,0,1,0,0,0,0,7,7,51,0,62,0,0,5,0,0,0,0,2,0,1,3,5,0,2,0,0,0,0,0,0,0,16,0,3,0,0,30,0,0,0,2,2,3,0,0,0,7,5,0,0,0,1,85,0,4,0,2,1,0,0,0,0,0,0,0,5,0,2,1,0,0,0,0,0,0,0,0,0,0,0,0,7,2,0,0,12,1,0,34,0,8,0,3,5,23,0,38,34,33,13,3,0,0,0,4,49,1,0,1,2,3,0,19,0,0,5,1,0,3,0,0,0,3,0,6,12,0,0,12,0,1,0,0,0,0,0,0,0,0,0,0,0,0,0,0,0,2,52,0,0,0,0,0,0,0,1,0,4,2,2,0,4,0,0,1,0,1,2,0,7,0,2,0,11,0,0,1,0,0,0,0,0,3,0,0,0,0,0,0,3,0,4,1,0,0,0,0,0,0,0,0,0,0,0,0,0,0,0,0,0,0,0,0,0,0,0,0,0,0,0,0,0,0,0,43,6,0,1,0,3,7,2,0,0,2,0,0,0,0,0,0,2,0,1,1,1,0,1,0,5,0,2,2,1,0,0,0,0,0,0,5,0,0,0,0,3,6,0,0,0,0,0,0,1,0,48,1,2,40,2,0,1,0,0,7,0,0,0,0,0,0,37,37,22,0,16,0,0,0,0,18,0,3,2,0,0,1,0,0,6,0,1,14,0,25,0,0,2,1,16,0,0,0,5,56,0,7,7,110,1,3,0,0,0,0,0,0,0,0,0,0,1,0,1,0,15,0,0,0,0,0,0,1,62,2,1,0,14,0,0,0,14,0,0,3,3,5,0,6,2,33,25,0,1,0,0,19,0,0,1,7,3,8,0,1,0,4,0,0,0,0,0,0,2,0,3,0,0,0,2,0,0,0,0,0,1,0,0,0,0,0,0,0,0,0,0,0,0,17,0,0,0,0,18,0,0,0,0,0,0,0,0,0,0,2,0,0,0,0,0,0,0,0,1,0,1,1,0,0,8,0,0,9,0,0,0,0,0,0,1,1,0,0,0,0,0,0,0,0,0,0,1,0,2,0,0,0,0,0,0,1,0,0,2,0,0,0,69,0,0,0,4,0,4,7,30,1,0,3,2,12,31,0,6,0,18,0,0,10,0,0,0,0,3,0,1,1,0,0,55,0,0,9,0,3,14,0,0,0,0,19,3,16,6,9,1,0,8,4,3,0,0,0,0,0,0,3,0,1,2,0,0,0,0,0,4,0,0,0,0,2,0,0,0,0,1,0,0,0,0,0,0,0,0,0,0,0,0,2,1
177,1767,COLÉGIO POSITIVO - JARDIM AMBIENTAL,RUA ITUPAVA 985,ALTO DA RUA XV,-25.42233888,-49.25047789,17,0,3938,3193,106,72,0,3,3,8,51,22,1,0,0,0,32,1,1,1,28,2,1,1,3,1,3,8,0,0,0,0,0,0,0,0,0,0,0,17,0,0,0,0,0,0,0,1,12,6,107,0,51,0,1,6,0,0,1,0,4,5,5,2,7,0,3,0,1,0,0,1,0,0,10,0,1,0,0,30,0,0,0,1,0,3,5,0,1,7,14,0,1,0,0,200,0,4,0,4,4,0,0,3,1,0,0,0,2,0,5,0,0,1,0,0,0,0,0,0,0,0,0,0,3,3,0,0,25,0,3,64,0,9,4,1,5,30,0,56,90,47,15,3,0,0,1,1,40,0,4,1,2,1,0,35,2,0,5,2,0,0,2,2,0,3,1,0,12,0,0,20,0,0,0,0,0,0,0,0,0,1,0,0,1,0,0,1,0,4,52,0,0,1,0,0,0,0,0,1,1,0,2,0,0,0,0,2,0,3,1,0,3,0,2,0,17,1,0,0,0,0,4,0,0,2,1,0,2,0,0,1,3,0,0,0,0,0,1,0,0,0,0,0,0,0,0,0,0,0,0,0,0,0,1,0,0,0,0,0,0,0,0,0,0,0,0,24,14,0,0,0,2,10,2,0,2,1,0,0,0,0,0,0,1,0,0,1,1,0,0,0,10,0,0,0,0,1,0,0,0,0,1,3,0,0,0,0,2,4,0,0,1,1,1,0,0,0,54,1,3,46,0,0,1,0,1,8,0,1,0,0,3,4,55,52,8,3,10,3,2,0,2,20,0,5,4,0,1,0,1,3,9,1,5,13,0,32,1,0,0,3,14,2,0,1,0,74,2,5,1,177,1,0,0,0,0,0,0,0,0,0,0,0,0,0,0,0,35,0,0,0,0,0,0,3,80,8,2,0,44,0,1,1,24,0,0,1,3,8,2,0,7,63,35,3,7,0,0,40,0,3,3,5,1,8,0,0,0,17,0,0,0,0,0,0,0,0,0,0,6,0,3,0,2,1,0,0,0,1,0,1,0,0,0,0,1,0,1,0,0,10,0,0,0,0,35,0,0,0,0,0,1,0,0,0,2,0,0,0,0,0,0,1,0,0,0,0,1,0,0,1,12,0,0,0,0,0,0,0,0,0,0,1,0,0,0,0,0,1,0,0,0,0,1,0,0,0,0,2,0,0,0,0,0,0,7,0,0,0,161,2,0,1,3,0,12,4,26,0,0,17,3,9,2,0,2,0,20,0,1,3,0,0,0,5,6,3,0,0,0,1,100,6,1,10,1,0,11,0,0,0,0,10,5,26,17,8,2,2,12,0,3,0,0,0,0,0,2,2,0,0,0,0,1,0,1,0,0,0,1,0,0,3,0,2,0,0,0,1,0,0,0,0,0,0,0,0,0,0,0,1,0
177,1783,COLEGIO DECISIVO (CENTRO),"RUA COMENDADOR ARAUJO, 327",CENTRO,-25.4356933,-49.2789244,1,0,1803,1337,79,23,0,1,0,3,35,3,0,0,0,0,16,0,0,0,19,0,0,0,0,0,0,3,0,0,0,1,0,0,0,0,0,0,0,11,0,0,1,0,0,0,0,0,4,0,43,0,28,0,0,0,0,0,0,0,3,3,1,6,6,0,0,0,0,1,0,0,1,0,3,0,1,0,0,9,0,0,0,0,0,1,0,0,0,1,3,0,0,0,0,84,0,8,1,3,0,0,0,1,1,0,0,1,0,0,2,0,0,1,0,0,0,0,0,0,0,0,0,0,5,1,0,1,7,0,0,24,0,5,0,0,2,22,0,45,42,17,14,1,0,0,0,1,24,0,0,0,1,2,0,8,0,0,2,1,0,3,0,0,0,3,0,0,4,0,0,8,0,0,1,1,0,1,0,0,0,0,0,0,0,0,0,0,0,4,20,0,0,0,0,0,0,0,0,0,0,1,0,0,0,0,0,1,0,1,0,0,3,0,0,0,5,0,0,0,0,0,0,0,0,0,1,0,0,0,0,0,3,0,0,0,0,0,0,0,0,0,0,0,0,0,0,0,0,0,0,0,0,0,0,0,0,0,0,0,0,0,0,0,1,0,0,15,6,0,0,0,0,4,0,0,0,0,0,0,0,0,0,0,1,0,0,2,0,1,0,0,1,0,0,1,0,0,0,0,0,0,0,1,0,0,1,0,1,1,0,0,0,0,0,0,0,0,18,3,2,20,0,0,0,0,1,0,0,0,0,0,0,0,21,12,3,0,4,0,1,0,5,10,0,6,0,0,0,0,0,0,6,0,0,4,0,12,0,1,3,2,6,0,1,1,0,23,1,1,0,73,0,1,0,0,1,0,0,0,0,0,1,0,0,0,1,0,5,0,0,0,0,0,0,2,27,5,1,0,16,0,1,0,12,0,0,0,3,3,0,1,0,21,14,2,3,0,0,23,0,0,1,1,0,0,0,0,1,0,0,0,0,0,0,0,0,0,1,0,4,0,0,0,0,0,1,0,0,0,1,0,0,0,0,0,0,0,0,4,0,4,0,0,0,1,10,0,0,0,0,0,0,0,0,0,0,0,0,0,0,0,0,0,0,0,0,0,0,0,0,0,0,0,0,1,0,0,0,0,1,0,0,1,0,0,0,0,0,0,0,0,3,0,1,0,0,0,0,0,0,0,0,0,0,0,2,1,0,0,92,0,0,0,1,0,5,0,9,1,0,4,1,2,0,0,2,0,6,0,0,1,0,0,0,0,1,0,0,0,1,0,17,0,0,1,0,0,9,0,0,1,0,7,0,5,5,1,1,0,4,0,2,0,0,0,0,0,1,0,0,0,0,0,0,0,1,0,0,0,0,0,0,2,0,0,0,0,0,0,0,0,0,0,0,0,0,0,0,0,0,0,0
177,1791,UFPR -  SETOR DE CIÊNCIAS SOCIAIS APLICADAS,"AVENIDA PREFEITO LOTHÁRIO MEISSNER, 632",JARDIM BOTANICO,-25.4448374,-49.238656400000004,7,0,1959,1499,60,43,0,2,1,3,33,6,3,0,0,2,12,0,0,0,3,0,0,0,2,1,1,9,0,0,0,0,0,0,0,0,0,0,0,19,0,0,0,0,0,1,0,0,1,7,28,0,36,1,0,4,0,0,0,0,3,1,0,1,3,0,2,0,0,0,0,0,0,0,9,0,1,0,0,8,1,0,0,0,0,2,0,0,0,0,5,0,0,0,1,88,0,5,0,1,0,0,0,0,1,1,0,0,1,1,3,1,0,4,0,0,1,0,0,0,0,0,0,0,9,3,2,0,11,0,3,19,0,13,0,0,0,14,0,40,31,24,9,1,1,0,2,0,16,0,0,0,0,1,0,20,1,0,1,3,0,0,0,0,0,0,1,0,5,0,0,13,0,1,0,0,0,0,0,1,0,0,0,0,0,1,0,0,0,3,25,0,0,0,0,0,0,0,0,0,3,0,3,1,1,0,0,0,0,0,0,0,4,0,3,0,1,0,1,1,0,0,3,0,0,0,0,0,0,0,0,4,2,0,0,0,0,0,0,0,0,0,0,0,1,0,0,0,0,0,1,0,0,0,0,0,0,0,0,0,0,0,0,0,0,0,0,5,5,0,0,0,7,3,3,1,1,0,0,0,0,0,0,0,0,0,0,1,0,0,0,0,3,0,0,0,0,0,0,0,0,1,0,2,0,0,0,0,0,3,0,0,0,0,0,0,1,0,23,0,0,27,3,1,0,0,0,6,0,0,0,0,2,0,13,17,11,0,8,1,0,0,0,8,1,1,0,0,0,3,1,0,0,0,1,8,0,19,0,2,2,5,10,0,0,0,0,29,0,7,3,71,2,1,0,0,0,0,0,0,0,0,0,0,0,2,0,0,10,0,0,0,0,0,0,0,28,2,0,0,14,0,0,0,6,0,0,2,7,1,0,2,0,30,18,0,1,0,0,21,0,0,0,1,2,3,0,0,0,6,0,0,4,0,0,0,0,0,0,0,2,0,0,0,1,0,0,0,0,0,0,0,0,0,0,0,1,0,1,0,0,3,2,0,0,0,21,1,0,0,0,0,4,0,0,0,1,0,0,0,0,0,0,0,0,0,0,0,1,0,0,0,4,0,0,1,0,0,0,0,0,0,0,0,1,0,0,0,0,0,0,0,0,0,2,0,1,0,0,0,0,0,0,0,0,0,2,0,0,0,83,0,0,2,0,0,1,2,18,2,0,4,2,2,3,1,3,0,6,0,0,7,2,0,0,0,3,0,0,0,0,0,35,3,0,2,0,2,8,2,1,0,0,9,4,17,4,4,0,1,2,1,1,0,1,0,0,0,0,0,0,0,0,0,0,1,0,0,0,0,1,0,0,0,0,1,0,0,0,1,0,0,0,0,0,0,0,1,0,0,0,0,0
177,1805,SOCIEDADE THALIA,R COMENDADOR ARAUJO 338,CENTRO,-25.43584214,-49.27910983,1,0,1547,1264,36,37,0,1,0,4,20,2,2,0,0,1,26,0,1,0,6,1,0,1,2,0,0,2,0,0,0,0,0,0,0,1,0,0,0,11,0,1,0,1,0,0,0,0,2,2,41,0,26,0,0,4,0,0,2,0,5,3,4,0,3,0,1,1,0,1,0,0,1,0,2,0,0,0,0,12,0,0,0,1,0,4,1,0,0,0,2,0,0,0,0,71,0,5,0,4,1,0,0,0,1,0,0,0,2,0,1,0,0,1,0,0,0,0,0,0,0,0,0,0,3,5,0,1,7,0,0,18,0,0,1,1,3,25,0,24,32,17,15,2,0,0,0,0,22,1,0,1,0,2,0,15,2,0,0,0,0,0,1,0,0,3,3,1,6,0,1,15,0,0,0,1,0,0,0,0,0,0,0,0,1,0,0,0,1,1,22,0,0,0,0,0,0,0,0,0,0,1,2,2,0,0,0,0,0,2,1,0,0,0,1,0,2,0,0,0,0,1,0,1,0,0,3,0,0,0,0,0,3,0,0,0,0,0,1,0,0,0,0,0,0,0,0,0,0,0,1,0,0,0,0,0,0,0,0,0,0,0,0,0,0,0,0,13,9,0,0,0,0,4,1,0,0,0,0,0,0,0,0,0,0,0,0,3,0,3,0,0,1,0,0,2,0,0,0,0,0,0,0,0,0,0,0,0,3,2,0,0,0,0,0,0,0,0,21,4,1,22,0,0,0,0,0,4,0,1,0,0,0,0,20,13,11,0,1,1,0,0,0,4,0,8,0,1,0,0,0,0,5,0,1,2,0,13,1,3,0,1,3,0,0,0,0,22,0,1,4,58,0,1,0,0,0,0,0,0,0,0,0,0,0,0,0,0,7,0,0,1,0,0,0,3,34,0,1,0,12,0,0,0,6,0,0,0,0,0,0,0,2,24,10,3,5,0,0,23,0,0,0,1,1,2,0,0,0,0,0,0,0,0,0,0,0,0,0,0,1,0,0,0,0,0,0,0,0,0,2,0,0,0,0,0,0,1,1,0,0,6,0,0,0,0,15,1,0,1,0,0,0,0,0,0,0,0,0,0,0,0,0,0,0,0,0,0,0,0,0,0,3,0,0,0,0,0,0,0,0,0,0,1,0,0,0,0,0,0,0,0,0,0,0,0,0,0,0,0,0,0,0,0,0,0,5,0,0,0,68,0,0,0,0,0,5,0,14,0,0,3,1,4,0,0,0,0,7,0,0,7,0,0,0,0,1,0,0,0,0,1,41,0,0,1,0,0,10,0,0,0,1,2,1,8,3,3,0,0,3,0,0,0,0,0,0,0,0,1,0,0,0,0,0,0,0,0,0,0,1,0,0,1,0,0,0,0,0,0,0,0,0,0,0,1,0,0,0,0,0,2,0
177,1821,SENAC - SERVICO NACIONAL DE APRENDIZAGEM COMERCIAL,"RUA ANDRE DE BARROS, 750",CENTRO,-25.43361091,-49.26579573,1,0,2064,1566,89,52,0,0,0,6,21,5,1,0,1,2,21,1,0,0,4,1,0,0,2,1,1,3,0,0,0,0,1,0,0,0,2,0,0,41,0,0,0,1,0,0,0,0,4,1,33,0,41,0,0,2,0,0,2,0,4,1,1,1,5,0,1,0,0,0,0,0,0,0,7,0,1,0,0,13,0,0,0,4,0,5,1,1,0,0,5,0,0,0,0,60,0,3,0,1,2,0,0,0,1,0,0,0,1,0,4,0,0,0,2,0,0,0,0,0,0,0,0,1,7,9,0,2,14,0,2,22,0,7,0,2,1,26,0,38,42,27,11,1,1,0,0,2,35,0,1,0,0,2,0,10,1,1,1,0,1,2,1,0,0,2,1,1,3,0,0,8,0,0,0,0,0,0,0,0,0,0,2,0,0,0,0,0,0,5,13,0,0,2,0,1,0,0,0,0,2,0,0,0,0,0,0,0,0,2,1,0,4,0,1,0,11,0,1,0,0,0,0,1,0,0,0,0,0,0,0,2,8,0,1,0,0,0,1,0,0,0,0,0,0,0,0,0,0,0,0,0,0,0,0,0,0,0,0,0,0,0,0,0,2,0,1,11,7,0,0,0,3,6,1,0,0,0,0,1,0,0,0,0,2,0,0,4,0,1,0,0,4,0,0,1,0,0,0,0,1,2,0,1,1,0,0,0,1,3,0,0,1,0,0,0,1,0,18,0,2,18,2,1,0,0,1,9,0,1,0,0,2,0,20,33,5,1,10,0,0,0,1,10,0,3,5,0,0,1,0,0,7,0,1,15,0,8,1,0,0,2,8,0,0,1,1,38,0,4,1,51,1,0,0,0,0,0,0,0,0,0,0,0,0,0,1,0,7,0,0,0,0,0,0,1,35,0,1,0,20,0,1,2,8,0,0,3,1,1,1,1,2,11,7,0,3,0,0,15,0,0,0,2,0,1,0,0,0,2,0,0,0,0,1,0,0,0,0,0,4,0,0,0,0,0,0,0,0,0,0,3,0,0,0,1,2,0,2,0,0,15,2,0,0,0,16,2,1,1,0,0,2,0,0,0,0,1,0,0,0,0,0,0,0,0,0,1,1,3,0,0,2,0,0,0,0,0,0,0,0,0,1,0,0,0,0,0,0,1,0,0,0,0,1,0,0,0,0,0,0,0,0,0,0,0,1,1,0,0,88,1,0,0,0,0,6,2,10,0,0,1,0,2,2,0,4,0,9,0,0,0,2,0,0,1,1,0,1,0,0,0,37,3,3,3,1,0,3,1,0,0,0,4,1,15,2,6,0,3,8,0,2,0,1,0,0,0,0,0,0,0,0,0,0,0,0,0,1,0,1,0,0,2,0,0,0,0,0,0,0,0,0,0,0,0,0,0,0,0,0,5,0
177,1830,INSTITUTO SALESIANO,"RUA SANTA CATARINA,  1805 (GINÁSIO DE ESPORTES)",GUAIRA,-25.4722481,-49.2794471,26,0,1919,1551,105,54,0,4,1,4,22,2,1,0,0,0,13,0,1,0,10,0,0,0,2,3,0,6,0,0,0,0,0,1,0,0,1,0,0,17,1,1,0,0,0,0,0,0,4,2,33,0,47,1,1,2,0,0,0,0,1,3,1,1,4,0,0,0,0,1,0,0,0,0,15,0,2,0,0,9,0,0,0,33,1,3,0,0,0,1,4,0,0,0,0,63,0,3,0,0,0,0,0,0,1,0,0,0,2,0,4,0,1,0,0,0,0,0,0,0,0,0,0,0,4,1,0,1,10,0,1,15,0,0,0,0,3,4,0,24,13,14,12,2,0,0,0,0,26,0,0,0,0,0,0,7,0,0,2,1,0,1,0,1,0,2,2,1,3,0,0,8,0,0,0,0,0,0,0,0,0,0,0,0,0,0,0,0,0,2,22,0,0,0,0,0,0,0,0,0,0,0,1,1,0,1,0,1,0,1,0,0,0,0,2,0,4,0,0,0,0,1,4,0,0,0,0,0,0,0,0,0,1,0,1,0,0,0,0,0,0,0,0,0,0,0,0,0,2,0,0,0,0,0,0,0,0,0,2,0,0,0,0,0,1,0,0,23,3,0,0,0,3,1,3,0,0,0,0,0,0,0,0,0,2,0,0,2,0,0,0,0,5,0,0,2,0,0,0,0,0,0,0,3,0,0,0,0,4,9,0,0,0,0,0,0,3,0,27,1,0,21,2,0,0,0,2,4,0,1,0,0,1,0,17,29,2,0,21,0,1,0,0,11,0,3,0,0,0,0,0,1,6,0,3,15,0,12,0,1,0,1,9,1,1,1,0,61,1,0,2,81,0,0,0,0,0,0,0,0,0,0,0,0,0,0,0,0,3,0,0,0,0,0,0,3,38,1,1,0,10,0,1,0,9,0,0,0,2,1,0,3,0,17,10,0,6,0,0,9,0,1,1,5,0,2,0,0,0,0,0,0,0,0,0,0,0,2,1,0,1,0,0,0,0,0,0,0,1,0,0,1,0,0,0,0,0,1,3,1,0,5,0,0,0,0,10,1,0,2,0,0,0,0,0,0,1,1,0,0,0,0,0,1,0,0,1,0,1,1,0,0,1,0,0,100,0,0,0,0,0,0,0,0,0,0,0,0,0,0,0,0,0,0,1,0,0,0,0,0,0,0,0,0,0,0,3,0,0,0,51,0,0,0,1,0,6,0,6,0,0,4,1,3,1,0,3,1,16,0,0,6,1,0,0,0,1,3,1,0,0,0,54,0,0,3,0,0,5,0,0,0,0,4,0,1,2,0,1,0,6,1,1,0,0,0,0,0,0,0,0,0,0,0,0,0,0,0,0,0,0,0,0,3,0,0,1,0,0,0,0,0,0,0,0,0,0,0,0,1,0,1,0
177,1848,ESCOLA ESTADUAL DORACY CEZARINO,RUA EUGENIO PAROLIN  588,PAROLIN,-25.46232048,-49.26336051,25,0,2943,2229,144,74,0,18,0,6,50,1,3,1,1,2,26,2,0,0,8,0,1,0,1,7,1,4,0,0,1,0,1,2,1,0,0,0,0,22,2,0,0,0,0,0,0,0,7,2,34,0,51,0,0,3,0,0,2,0,1,3,0,1,11,0,2,0,0,0,0,0,0,0,19,0,1,0,0,24,2,0,0,16,0,0,0,0,0,0,0,0,0,0,0,43,0,3,1,5,0,0,0,0,0,0,0,0,0,0,8,0,0,0,0,0,0,0,0,0,0,0,0,0,0,0,0,0,8,0,0,13,0,4,0,1,6,9,0,19,17,16,87,1,0,0,0,1,22,0,2,0,1,0,0,4,1,2,1,2,0,0,0,0,1,2,0,0,5,0,0,11,0,0,0,0,0,0,0,4,0,0,0,0,0,0,0,0,0,4,28,0,0,1,0,0,1,0,1,0,1,1,0,0,0,0,0,0,0,0,1,0,3,0,0,0,6,0,0,0,0,1,0,0,0,0,1,2,0,0,0,0,1,1,1,0,0,0,0,0,0,0,0,0,0,0,0,0,0,0,2,0,0,0,0,0,0,0,0,0,0,0,1,0,0,0,0,28,1,0,0,0,1,6,0,0,0,0,1,0,0,0,0,0,3,0,0,8,0,0,1,0,2,0,0,0,1,0,0,0,0,0,0,4,0,0,0,2,1,10,0,0,0,0,0,0,2,0,33,1,3,21,1,1,1,0,0,2,0,0,0,0,0,0,23,37,6,0,36,0,1,0,0,17,0,5,1,0,0,2,0,0,2,0,4,10,1,11,0,0,0,3,9,0,1,0,4,96,0,2,4,68,2,0,0,0,0,0,0,0,0,0,0,0,0,1,0,0,1,0,0,0,0,0,0,0,61,3,0,0,9,0,0,0,1,0,0,0,2,1,0,2,1,16,6,0,0,0,0,10,0,0,1,8,0,2,0,0,0,0,0,0,1,1,0,0,0,0,0,0,0,0,2,0,0,0,0,0,2,0,1,0,1,0,0,0,2,0,0,0,0,7,1,0,0,0,25,2,0,0,0,0,4,0,0,0,1,3,0,0,0,0,0,0,0,0,0,0,3,0,1,0,0,0,0,491,0,2,0,0,0,0,0,0,0,0,0,0,0,0,0,0,0,0,1,0,0,0,0,0,0,0,0,0,0,0,2,0,0,0,21,1,0,1,0,0,3,2,3,0,0,0,0,1,0,0,5,0,6,0,0,12,0,0,0,1,1,1,0,0,0,0,49,1,1,4,1,0,6,0,0,0,0,14,2,2,5,4,2,0,4,0,0,0,0,0,0,0,0,0,0,0,0,0,0,1,0,0,0,0,0,0,0,2,0,0,0,0,0,0,0,0,0,0,0,0,0,0,0,1,0,0,0
177,1856,SOCIEDADE BENEFICENTE MORGENAU,"AV SENADOR SOUZA NAVES, N. 945",CRISTO REI,-25.4312921,-49.2484226,6,0,1186,945,21,24,0,1,1,3,10,2,2,0,0,1,8,0,0,2,6,0,0,0,0,0,1,3,0,0,0,0,0,0,0,0,0,0,0,3,0,0,0,0,0,0,0,0,2,4,23,0,23,0,0,1,0,0,0,0,0,1,0,1,2,0,0,0,0,0,1,0,1,0,1,0,0,0,0,10,0,0,0,2,0,1,0,1,0,0,3,0,0,0,1,30,0,3,0,0,0,0,0,0,0,0,0,0,0,0,1,0,0,0,0,0,0,0,0,0,0,0,0,0,0,1,0,1,5,0,0,14,0,1,0,0,0,6,0,10,13,18,0,0,0,0,0,0,15,0,3,0,0,1,0,10,0,0,3,0,0,0,0,0,0,1,1,0,0,0,0,4,0,0,0,0,0,0,0,2,0,0,0,0,0,0,0,0,0,0,15,0,0,0,0,0,0,0,0,0,1,0,2,0,0,0,0,0,0,0,3,0,0,0,1,0,3,0,0,0,0,0,0,0,0,0,0,0,0,0,0,0,0,0,1,0,0,0,0,0,0,0,0,0,0,0,0,0,0,0,0,0,0,0,0,0,0,0,0,0,0,0,0,0,0,0,0,4,5,0,0,1,0,7,1,0,0,0,0,0,1,1,0,1,0,0,0,3,0,2,0,0,3,0,0,1,0,0,0,0,0,1,0,1,0,0,0,0,4,1,0,0,0,0,0,0,1,0,27,0,2,10,0,0,0,0,0,3,0,1,0,0,1,0,17,18,10,0,4,0,0,0,4,6,0,2,3,0,0,0,0,0,5,0,2,1,0,10,0,0,0,3,2,0,0,0,2,21,1,2,1,58,1,0,0,0,0,0,0,0,0,0,0,0,0,0,0,0,8,0,0,0,0,0,0,0,31,2,0,0,10,0,1,0,4,0,0,0,0,6,0,1,0,23,14,2,2,0,0,10,0,0,2,0,1,2,1,0,0,29,0,0,0,0,0,0,0,0,1,0,1,0,4,0,0,0,0,0,0,0,1,1,0,0,0,0,0,0,1,0,0,6,0,0,0,0,7,0,0,1,0,0,1,0,0,0,1,0,0,0,0,0,0,0,0,0,0,1,0,0,0,0,20,0,0,0,0,0,0,0,0,0,0,0,0,0,0,0,0,0,0,0,0,0,1,0,0,0,0,2,0,0,0,0,0,0,1,0,0,0,33,0,0,0,1,0,3,1,12,1,0,1,1,5,3,0,0,0,1,0,0,6,0,0,0,0,0,0,0,0,1,0,39,0,0,4,0,0,6,0,0,0,0,1,0,14,9,4,0,1,4,1,1,0,0,0,0,0,0,0,0,0,0,0,0,0,0,0,0,0,0,0,0,2,0,0,0,0,0,0,0,0,0,0,0,0,0,0,0,0,0,1,0
177,1864,COLEGIO BOM JESUS (CENTRO),R 24 DE MAIO   135,CENTRO,-25.438114,-49.2735524,1,0,5696,4195,222,117,0,5,0,11,75,11,2,0,1,2,51,1,0,1,35,0,0,0,3,3,7,17,0,0,0,2,1,0,0,1,0,0,0,56,0,1,0,1,0,0,0,0,13,11,105,0,69,2,0,5,0,0,1,0,11,1,1,4,10,0,3,0,2,2,1,0,4,0,9,0,3,0,0,24,0,1,0,3,0,7,3,2,0,0,20,0,0,0,1,264,0,12,3,9,3,1,0,1,1,0,0,0,3,0,8,0,0,0,0,0,1,0,0,0,0,0,1,0,13,0,0,2,45,0,10,50,0,17,4,4,5,83,2,90,113,52,34,3,0,0,1,4,58,1,1,1,0,7,1,49,10,1,4,3,0,2,1,0,1,9,2,1,19,0,1,30,0,1,0,4,0,0,0,0,0,0,0,2,2,0,0,0,0,6,62,0,0,0,0,0,1,0,0,0,4,1,1,1,0,0,1,5,0,1,5,0,5,1,1,0,10,0,0,0,0,0,1,1,0,2,1,0,0,0,0,6,8,0,1,0,0,1,2,0,0,0,0,0,1,0,0,0,2,1,1,0,0,0,0,0,0,0,0,0,0,0,0,0,1,0,0,25,15,0,0,0,2,18,4,0,0,0,0,0,0,0,0,0,1,0,0,10,0,1,0,0,14,1,3,6,0,0,0,0,0,1,0,3,2,0,1,0,1,8,0,0,0,0,0,0,4,0,51,5,6,70,3,2,1,0,5,7,1,0,0,1,1,2,62,53,34,2,16,1,1,0,7,24,0,14,3,0,3,1,0,2,16,0,3,20,1,22,2,1,1,1,14,2,3,1,1,94,1,4,8,222,1,0,0,0,0,0,0,0,0,0,0,0,0,0,1,0,10,1,0,0,0,0,0,4,94,1,6,0,40,1,3,0,17,0,0,5,6,5,1,3,5,73,28,3,5,0,0,48,0,0,1,8,0,2,1,0,2,1,0,0,0,0,0,0,0,1,5,0,3,0,1,0,0,0,0,0,5,2,3,5,2,0,0,0,1,1,1,0,0,12,1,0,0,0,32,1,0,1,0,0,3,0,0,0,0,0,0,0,0,0,0,0,0,0,0,0,0,2,0,0,6,0,0,3,0,0,0,1,0,0,0,2,2,0,0,0,0,0,0,0,0,0,4,1,0,0,0,0,0,0,1,1,0,0,9,0,0,0,271,4,0,3,1,0,10,5,27,3,1,10,6,6,3,0,8,0,10,0,2,9,1,0,0,1,5,3,3,0,2,0,95,2,1,10,3,1,20,2,1,0,1,16,5,15,16,20,3,4,25,4,4,0,1,0,0,1,0,0,0,0,1,0,1,4,0,0,2,0,1,0,0,4,0,0,0,0,0,0,0,0,0,0,0,0,0,0,0,0,0,5,2
177,1872,FACULDADE UNINTER (DIVINA PROVIDÊNCIA),"RUA DO ROSÁRIO, 147",CENTRO,-25.42839041,-49.27354896,2,0,386,282,16,12,0,0,1,2,9,0,0,0,0,0,5,0,0,0,1,0,0,0,0,0,0,0,0,0,0,0,1,0,0,0,0,0,0,5,0,0,0,0,0,0,0,0,1,1,7,0,6,0,0,0,0,0,0,0,0,0,1,0,0,0,0,0,0,0,0,0,0,0,0,0,0,0,0,1,0,0,0,0,0,1,0,0,0,2,0,0,0,0,0,16,0,0,0,0,1,0,0,0,0,0,0,0,1,0,0,0,0,0,0,0,0,0,0,0,0,0,0,0,1,2,0,0,2,0,0,3,0,2,1,0,0,6,0,6,10,3,2,0,0,0,0,0,8,0,0,0,0,2,0,1,0,0,0,0,0,0,0,0,0,0,1,0,0,0,0,3,0,0,0,0,0,0,0,0,0,0,0,0,0,0,0,0,0,0,4,0,0,0,0,0,0,0,0,0,0,0,0,0,0,0,0,0,0,0,0,0,0,0,0,0,2,0,1,0,0,0,0,0,0,0,0,0,0,0,0,0,2,0,0,0,0,0,0,0,0,0,0,0,0,0,0,0,0,0,0,0,0,0,0,0,0,0,0,0,0,0,0,0,0,0,0,2,7,0,0,0,0,2,0,0,0,0,0,0,0,0,0,0,0,0,0,0,0,0,0,0,0,0,0,0,0,0,0,0,0,0,0,0,0,0,0,0,0,0,0,0,0,0,0,0,0,0,9,0,0,1,0,0,0,0,0,0,0,0,0,0,0,0,4,2,0,0,2,0,0,0,0,1,0,0,1,0,0,0,0,0,1,0,0,3,0,3,2,0,0,0,4,0,0,0,0,8,0,2,0,7,0,0,0,0,0,0,0,0,0,0,0,0,0,0,0,0,2,0,0,0,0,0,0,1,2,0,0,0,3,0,2,0,2,0,0,0,0,0,0,0,0,0,2,0,0,0,0,2,0,0,0,0,0,0,0,0,0,0,0,0,0,0,0,0,0,0,0,0,0,0,0,0,0,0,0,0,0,0,0,0,0,0,0,0,1,0,0,0,0,2,0,0,0,0,1,0,0,0,0,0,0,0,0,0,0,0,0,0,0,0,0,0,0,0,0,0,0,0,0,0,0,0,0,1,0,0,0,0,0,0,0,0,0,0,0,0,0,0,0,0,0,0,0,0,0,0,0,0,0,0,0,0,0,0,1,0,0,0,16,0,0,0,0,1,0,1,1,0,0,1,1,0,0,0,0,0,1,0,0,2,1,0,0,0,0,0,0,0,0,0,5,0,0,0,0,0,2,0,0,0,0,3,0,4,0,0,0,1,6,0,0,0,0,0,0,0,0,0,0,0,0,0,0,1,0,0,0,0,0,0,0,0,0,0,0,0,0,0,0,0,0,0,0,0,0,0,0,0,0,0,0
177,1880,ESCOLA MUNICIPAL BATEL (ESCOLA ESTADUAL DEZENOVE DE DEZEMBRO),RUA DESEMBARGADOR MOTTA  2082,CENTRO,-25.43633419,-49.281815280000004,1,0,2322,1861,75,49,0,0,0,5,21,8,2,0,0,1,18,0,0,0,15,0,0,1,0,0,4,10,0,0,0,0,0,1,0,0,1,0,0,6,0,0,0,0,0,0,0,0,1,1,51,0,28,1,0,2,0,0,2,0,4,1,1,0,4,0,2,4,1,0,0,0,2,0,6,0,1,0,0,12,0,0,0,0,0,1,1,1,0,2,6,0,0,0,0,119,0,2,0,6,2,0,0,0,0,0,0,0,1,1,4,0,0,0,0,0,0,0,0,0,0,0,0,0,9,2,0,0,20,0,1,22,0,5,1,3,2,35,0,51,31,13,18,1,0,0,0,2,25,2,1,0,2,4,0,26,1,0,2,0,0,3,0,0,0,2,2,1,12,0,2,17,0,1,0,1,0,0,0,1,0,0,0,0,0,0,0,0,1,1,39,0,0,0,0,0,0,0,0,0,4,1,2,0,0,0,0,2,0,0,0,0,6,0,0,0,13,0,0,0,0,0,0,0,0,1,1,0,0,0,0,0,3,0,2,2,0,0,0,0,0,0,0,0,0,0,0,0,0,0,0,0,0,0,0,0,0,0,0,0,0,0,0,0,2,0,0,25,2,0,0,0,4,7,3,0,0,2,1,0,0,0,0,0,0,0,0,6,2,3,0,0,4,0,0,0,0,0,0,0,0,1,0,1,0,0,0,1,0,2,0,0,0,0,0,0,0,0,28,2,1,35,1,1,1,1,1,6,0,2,0,0,0,1,34,13,5,0,5,0,0,0,1,5,0,6,2,1,0,0,0,0,8,1,1,4,0,19,0,0,2,0,7,0,1,0,0,32,1,3,6,125,0,0,0,0,0,0,0,0,0,0,0,0,0,0,0,0,9,0,0,0,1,0,0,3,33,1,1,0,24,0,3,0,10,0,0,4,5,2,0,0,1,32,14,2,4,0,0,24,0,1,1,2,0,5,0,0,1,1,0,0,2,0,0,0,0,0,0,0,2,0,0,0,0,0,1,0,0,0,0,0,0,0,0,0,1,0,0,0,0,4,0,0,0,0,12,0,0,0,1,0,0,0,0,0,0,0,0,0,0,0,0,0,0,0,0,0,0,1,0,0,1,0,0,0,0,0,0,0,0,0,0,0,0,0,0,0,0,0,0,0,0,0,0,0,0,0,0,0,0,0,0,0,0,0,6,0,0,0,128,0,0,2,3,0,5,3,19,0,0,9,3,5,3,0,5,0,9,0,1,5,1,0,0,0,4,2,3,1,1,0,51,2,0,6,0,0,13,0,0,0,0,2,4,4,2,12,1,1,8,1,5,0,0,0,0,1,0,2,0,1,0,0,0,0,0,0,0,0,0,0,0,1,0,2,0,0,0,0,0,0,0,0,0,1,0,0,0,0,0,0,0
177,1899,COLEGIO BOM JESUS (ÁGUA VERDE),"RUA NESTOR VICTOR, 910",ÁGUA VERDE,-25.457055,-49.2726139,9,0,4620,3789,140,108,0,3,2,8,49,11,1,0,0,4,52,0,0,0,30,0,0,0,1,2,2,10,0,0,0,0,3,1,0,0,3,0,0,34,1,0,0,0,0,0,0,0,10,6,76,0,83,1,2,1,0,0,0,0,3,6,4,2,16,0,4,3,0,2,0,0,0,0,20,0,0,0,0,24,1,0,0,51,0,1,1,0,0,1,9,0,0,0,2,162,0,12,0,5,0,0,0,1,0,0,0,0,1,0,5,0,0,0,0,0,0,1,0,0,0,1,0,0,12,7,0,4,34,0,1,43,0,11,0,3,4,35,1,62,70,29,25,4,0,0,0,2,44,2,2,2,0,2,0,40,2,0,0,2,0,0,0,0,0,10,3,0,18,0,1,41,0,1,0,1,0,0,0,2,0,3,0,2,0,0,0,0,0,11,94,0,0,0,0,0,1,0,0,1,1,3,1,0,0,0,0,1,0,0,2,0,7,0,2,0,10,0,0,0,0,0,2,0,0,3,0,0,1,0,0,3,4,0,0,1,0,0,0,0,0,0,0,1,0,0,0,0,0,0,1,0,0,0,0,0,0,1,0,1,0,0,0,0,1,0,0,32,17,0,1,0,2,7,7,0,0,0,1,0,0,0,1,0,6,0,0,5,0,2,0,0,16,0,0,4,0,0,0,0,0,1,0,4,0,0,0,0,7,5,0,0,0,0,0,0,4,0,82,4,5,46,6,0,0,0,7,6,0,0,0,0,2,5,56,32,24,1,33,1,0,0,2,38,0,16,1,0,1,3,3,2,13,2,2,36,0,30,1,1,2,3,17,1,3,0,7,92,0,8,3,256,1,2,0,0,0,1,0,0,0,0,0,0,0,1,0,0,26,0,0,0,0,0,0,1,84,5,1,0,41,0,2,2,38,0,0,2,3,4,0,1,2,66,36,1,8,0,0,41,2,0,1,1,0,1,1,1,0,6,0,0,2,0,0,0,0,0,4,1,1,0,0,0,0,0,2,1,0,1,0,4,0,0,0,0,1,0,4,0,0,23,0,0,0,0,33,0,0,2,0,0,0,0,0,0,2,0,0,0,0,0,0,0,0,0,0,0,2,1,0,0,10,0,0,40,0,0,0,1,0,0,1,0,3,0,0,0,0,0,1,0,0,0,6,2,3,0,0,0,0,0,0,0,1,0,7,0,1,0,214,0,0,1,3,0,15,7,24,1,0,9,4,13,3,0,7,0,42,0,1,5,1,0,0,0,3,2,3,0,1,0,99,5,3,13,1,3,11,2,0,0,0,14,6,11,10,17,6,2,23,1,5,0,0,0,0,0,2,0,0,0,0,0,0,0,0,0,1,0,0,0,0,7,4,0,0,0,0,0,0,0,0,0,1,2,0,0,0,1,0,3,0
177,1902,FACULDADE DOM BOSCO,AV WENCESLAU BRAZ 1046,GUAIRA,-25.47120614,-49.26562292,26,0,3399,2740,156,75,0,9,1,6,45,7,0,0,1,2,31,2,1,2,9,0,0,0,2,4,2,9,0,2,0,0,0,0,0,0,0,0,0,35,0,0,0,0,0,0,0,0,22,2,61,1,75,0,1,0,0,0,1,0,1,0,1,0,11,0,1,1,0,2,0,0,0,0,27,0,3,0,0,23,0,0,0,45,0,7,1,0,0,5,1,0,1,0,0,75,0,3,0,3,0,0,1,0,3,0,0,0,2,0,6,0,0,0,0,0,0,0,0,0,0,0,0,0,6,2,0,1,13,0,1,36,1,4,0,2,7,21,1,44,40,22,39,3,0,0,0,2,32,1,1,3,1,5,0,21,2,4,1,3,1,0,0,0,0,0,0,0,12,0,2,14,0,0,0,1,0,1,0,0,0,0,0,0,0,1,0,0,0,11,61,0,0,1,1,0,0,0,0,4,3,1,5,2,0,0,0,0,0,0,3,2,12,0,0,0,3,0,0,0,0,1,0,0,0,0,0,0,0,0,0,0,2,0,0,1,0,0,0,0,0,1,0,0,0,0,0,0,0,0,4,0,0,0,0,0,0,0,0,0,0,0,0,0,2,0,0,42,0,0,3,1,1,6,9,0,0,0,0,0,0,2,1,0,3,0,0,2,1,0,0,0,7,0,0,2,3,0,0,0,0,2,0,3,0,0,0,0,1,4,0,0,0,1,0,0,2,0,43,1,1,37,12,1,0,0,1,6,0,0,0,0,0,0,43,41,5,1,48,2,3,0,1,13,0,9,0,0,1,6,1,0,9,0,1,29,0,25,0,1,5,3,10,2,2,0,2,117,1,2,4,171,0,0,0,0,0,0,0,0,0,0,1,0,0,0,0,0,6,0,0,0,0,0,0,2,57,1,0,0,12,0,0,0,11,0,0,2,0,1,1,7,3,20,17,2,3,0,1,17,0,1,4,16,0,2,0,0,0,2,2,0,2,0,0,0,0,1,0,0,1,0,0,0,0,0,0,0,2,0,0,0,0,0,0,0,1,0,0,1,0,14,1,0,0,0,32,2,0,1,0,0,0,0,0,0,2,1,0,0,0,0,0,0,0,0,0,0,0,0,0,0,1,0,1,161,0,0,0,0,0,0,1,0,0,0,0,0,0,0,1,0,0,0,3,0,2,0,0,0,0,0,0,0,1,0,4,0,0,0,64,0,0,3,1,1,11,1,14,4,0,10,3,2,3,0,1,0,30,0,1,6,1,0,0,1,4,0,2,0,1,0,51,1,2,4,0,0,6,1,1,0,1,16,1,14,10,5,0,1,8,1,1,0,0,1,0,0,0,0,0,0,0,0,0,0,0,0,0,0,1,0,0,5,0,0,0,1,0,0,0,1,1,0,0,0,0,0,0,0,0,1,0
177,1910,ESCOLA MUNICIPAL PROFESSORA NANSYR CECATO CAVICHIOLO,"RUA FRANCISCO PAROLIN, 930",PAROLIN,-25.46513491,-49.26386415,25,0,1280,971,74,27,0,2,1,1,15,1,1,0,0,2,5,1,0,0,4,1,2,1,0,3,0,0,0,0,0,0,0,0,0,0,0,0,0,21,0,0,0,0,0,1,0,0,7,1,10,0,17,0,0,0,0,0,0,0,0,0,0,0,4,0,0,0,0,0,0,0,0,0,4,0,0,0,0,5,0,0,0,5,0,0,0,0,0,2,2,0,0,0,0,14,0,4,0,0,0,0,0,0,0,0,0,0,0,0,0,0,0,0,0,0,0,0,0,0,0,0,0,0,0,0,0,0,1,0,0,8,0,1,0,0,9,5,0,5,5,5,36,0,0,0,0,0,17,1,1,1,0,0,0,9,0,0,4,0,0,0,0,0,0,0,1,0,0,0,0,8,0,1,0,0,0,0,0,0,0,0,0,0,0,1,0,0,0,2,5,0,0,0,0,0,0,0,0,2,0,0,2,1,0,0,0,0,0,0,5,0,2,0,0,0,2,0,0,0,0,1,0,0,0,0,0,0,1,0,0,0,1,0,0,0,0,0,0,0,0,0,0,0,0,0,0,0,0,0,0,0,0,0,0,0,0,0,1,0,0,0,0,0,0,0,0,8,1,0,1,0,2,0,1,0,0,0,0,0,0,0,0,0,1,0,0,2,0,0,0,0,1,0,1,0,0,0,0,0,0,0,0,0,0,0,0,0,0,2,0,0,0,0,0,0,0,0,14,0,0,6,1,0,1,0,0,1,0,0,0,0,0,0,11,6,3,0,12,0,0,0,0,7,0,0,1,0,0,1,0,0,0,0,2,4,0,0,0,0,2,1,1,0,0,0,2,34,0,3,2,32,1,1,0,0,0,0,0,0,0,0,0,0,0,0,0,0,2,0,0,0,0,0,0,1,11,0,0,0,2,0,0,0,0,0,0,1,0,0,0,1,0,7,6,2,0,0,0,1,0,0,1,3,0,0,0,0,0,0,0,0,0,0,0,0,0,1,0,0,0,0,0,0,0,0,0,0,0,0,1,0,0,0,0,0,0,0,0,0,0,1,0,0,0,0,7,0,0,0,0,0,1,0,0,0,0,0,0,0,0,0,0,0,0,0,0,0,0,0,0,0,0,0,0,310,0,0,0,0,0,0,1,0,0,0,0,0,0,0,0,0,0,0,0,0,0,0,0,0,0,0,0,0,0,0,1,0,0,0,18,0,0,0,0,0,0,1,0,0,0,2,0,0,1,0,2,0,6,0,0,0,0,0,0,0,1,1,0,0,0,0,8,0,1,3,1,1,1,0,0,0,0,2,1,2,2,1,0,0,1,1,2,0,0,0,0,0,0,0,0,0,0,0,0,0,0,0,0,0,0,0,0,0,0,0,0,0,0,0,0,0,0,0,0,0,0,0,0,0,0,0,0
177,1929,COLÉGIO BOM JESUS - NOSSA SENHORA DE LOURDES (CRISTO REI),"RUA FIORAVANTE DALLA STELLA, N. 90",CRISTO REI,-25.43421892,-49.24589375,6,0,6666,5290,186,116,0,5,2,8,101,25,2,0,2,3,97,1,1,1,44,1,1,1,2,1,2,20,0,1,2,0,1,0,1,0,1,0,1,19,0,1,0,1,0,1,0,0,17,17,108,3,110,1,1,8,0,0,1,0,9,8,6,4,16,0,3,1,1,1,3,1,2,0,12,0,5,0,0,51,0,1,0,7,4,3,4,0,0,1,23,0,0,0,0,322,0,20,0,3,3,0,0,2,0,0,0,0,8,0,5,0,0,2,0,0,0,1,0,0,0,1,1,0,15,2,0,4,31,0,5,105,0,12,1,6,7,61,0,108,111,65,22,4,0,0,2,0,62,1,2,0,3,6,0,47,2,0,3,1,0,6,1,0,1,8,4,0,15,0,3,28,0,4,1,0,0,0,1,0,1,2,3,1,1,1,0,0,0,17,84,0,0,2,0,0,2,0,0,1,8,0,2,1,0,0,1,4,0,4,6,0,13,0,3,0,11,1,1,0,0,0,3,2,0,0,0,0,3,0,0,0,10,0,0,0,0,0,1,0,0,0,0,0,0,0,0,0,0,0,4,0,0,0,0,1,0,0,0,0,0,0,0,0,1,0,0,49,8,0,0,0,6,29,6,1,0,0,0,0,0,1,0,0,5,0,0,6,1,1,1,0,13,1,0,3,0,0,0,0,0,5,0,1,1,0,1,0,7,6,1,0,1,0,0,0,2,0,101,2,6,57,4,0,2,0,2,9,0,0,0,1,1,4,84,55,41,0,18,1,1,0,5,24,1,10,4,2,2,6,1,0,14,1,3,33,0,45,0,4,2,5,12,0,0,2,5,103,0,12,4,296,0,1,0,0,1,0,0,0,0,0,0,0,0,0,0,0,42,0,0,0,0,0,0,4,121,11,3,0,34,0,6,0,49,0,1,7,6,6,1,4,4,111,82,4,10,0,0,64,0,1,1,11,2,1,3,1,0,40,0,0,0,0,2,0,0,0,4,0,8,0,8,0,2,0,0,0,0,0,5,2,0,0,1,0,1,0,4,0,0,17,0,0,0,0,44,6,0,2,0,0,2,0,0,0,2,0,0,0,0,0,0,2,0,0,0,0,0,2,0,0,71,0,0,6,1,0,0,0,0,0,0,0,3,0,0,0,0,0,0,0,1,1,1,0,1,0,0,0,0,0,0,4,0,1,16,0,0,0,279,0,0,0,3,1,8,6,49,3,3,10,12,20,6,2,3,0,27,1,0,12,1,0,0,3,4,3,4,0,1,1,151,4,1,16,0,2,18,1,2,0,0,23,11,64,40,25,3,1,31,3,10,0,1,0,0,1,3,0,0,0,0,0,0,1,0,0,1,1,0,0,0,5,1,0,0,0,3,0,0,0,1,0,0,0,0,0,0,1,0,4,0
177,1937,FACULDADE DE DIREITO DA UNIVERSIDADE FEDERAL DO PARANÁ,"PRAÇA SANTOS ANDRADE, 50 ",CENTRO,-25.42895783,-49.26734622,1,0,4454,3431,117,62,0,3,2,11,86,7,4,0,1,2,45,0,1,0,21,0,0,0,1,2,3,9,1,0,0,1,2,1,0,1,0,0,0,24,0,0,0,0,0,0,0,0,11,7,58,0,39,3,0,3,0,0,2,0,6,7,2,9,9,0,0,1,0,2,0,0,2,0,15,1,2,0,0,25,0,1,0,0,0,2,0,1,0,3,11,0,0,0,1,273,0,11,0,12,3,0,0,2,0,0,0,0,3,0,6,0,2,0,0,0,0,0,0,0,0,0,0,0,11,8,1,2,24,1,1,45,0,12,5,2,2,102,0,106,193,80,38,4,0,0,1,2,52,1,2,1,2,8,0,51,7,0,7,2,1,3,1,0,5,4,8,0,3,0,0,16,0,0,1,0,0,0,0,0,0,0,0,2,0,0,0,0,0,8,43,0,0,0,0,0,0,0,0,0,0,0,2,0,0,0,0,2,0,1,3,0,3,0,1,0,6,0,1,0,0,0,2,0,0,0,1,1,1,0,0,2,1,0,4,0,0,1,1,0,0,0,0,0,0,1,0,0,1,0,0,0,0,0,0,0,0,0,0,0,0,0,0,0,4,0,0,20,13,0,0,0,0,6,1,5,0,1,0,0,0,0,0,0,5,0,0,2,0,1,0,0,19,0,0,1,0,0,0,0,0,0,0,1,0,0,0,0,2,1,2,0,0,2,0,0,0,0,34,4,1,46,1,0,0,1,0,4,1,0,0,0,0,2,43,46,12,0,13,1,0,0,0,20,0,1,0,0,2,5,1,0,10,0,3,14,0,20,4,0,0,0,16,1,1,1,0,63,0,8,2,131,1,0,0,0,0,0,0,0,0,0,0,0,0,0,1,1,17,0,0,1,0,0,0,4,65,1,3,0,42,0,1,1,18,0,0,3,4,0,2,4,4,49,19,2,1,0,0,33,0,0,1,6,0,1,1,0,0,0,0,0,2,0,0,0,1,0,0,0,5,0,0,0,0,0,0,0,0,0,3,1,0,0,0,0,0,0,1,0,0,14,0,0,0,3,31,2,0,1,0,0,1,0,0,0,0,1,0,0,0,0,0,0,0,0,0,0,1,3,0,0,2,1,1,0,0,0,0,1,0,0,0,1,2,2,0,0,0,0,0,0,0,0,2,0,0,0,0,0,0,0,0,0,0,0,13,0,3,0,368,1,0,1,1,0,9,5,17,0,0,2,4,4,6,0,4,1,4,1,2,7,1,0,0,0,1,0,2,0,1,0,41,3,0,4,0,0,8,0,1,0,0,4,9,23,10,7,2,2,27,8,3,0,0,0,0,0,0,0,0,1,0,0,0,0,0,0,1,0,0,0,0,1,2,0,0,0,0,0,0,0,0,0,1,0,0,0,0,0,0,3,1
177,1945,SETOR DE CIÊNCIAS HUMANAS DA UNIVERSIDADE FEDERAL DO PARANA,R GENERAL CARNEIRO   460,CENTRO,-25.4265484,-49.261544,1,0,2876,2289,58,52,0,2,1,6,48,2,2,0,0,1,23,1,0,0,21,0,1,0,1,2,2,6,1,0,0,1,1,0,0,0,1,0,0,7,0,0,0,0,0,0,1,0,4,1,69,0,35,4,0,8,0,0,0,0,0,4,3,1,2,0,0,1,0,0,0,0,3,0,1,0,0,0,0,12,0,0,0,3,2,1,0,0,0,3,11,0,0,0,1,193,0,11,0,3,1,0,0,2,0,0,0,0,7,0,2,0,0,0,0,0,0,0,0,0,0,0,0,0,6,5,2,1,21,0,2,31,0,11,0,2,0,42,0,58,84,41,19,2,0,0,0,4,37,0,1,0,0,5,0,36,1,0,3,1,0,0,0,0,1,7,0,0,10,0,0,6,0,0,0,1,0,0,1,3,0,0,0,0,0,0,0,0,0,3,32,0,0,0,0,0,0,0,0,0,1,1,3,0,0,0,0,3,0,1,1,0,4,0,1,0,9,0,0,0,0,0,1,1,0,0,1,0,0,0,0,0,0,0,1,0,0,1,0,0,0,0,0,0,0,0,0,0,0,0,0,0,0,0,0,1,0,0,0,0,0,0,0,0,0,0,0,11,18,0,0,0,0,10,6,3,0,1,1,0,0,0,0,0,2,0,0,4,0,0,0,0,4,0,0,2,0,0,0,0,0,0,0,3,0,0,0,0,1,1,0,0,0,0,0,0,2,0,32,0,4,26,2,0,0,0,2,5,1,0,1,0,1,1,44,24,8,1,8,1,1,0,0,8,0,5,0,0,0,0,3,1,6,0,1,15,0,17,1,3,0,1,12,0,0,0,1,47,0,6,3,77,2,0,0,0,1,0,0,0,0,0,0,0,0,0,1,0,8,0,0,1,0,0,0,4,49,1,1,0,23,0,0,1,19,0,0,4,0,6,0,0,5,39,19,3,2,1,0,32,0,3,0,1,1,3,0,0,0,1,0,0,1,0,0,0,0,0,1,0,0,0,0,0,0,0,0,0,0,0,1,4,0,0,0,0,1,0,0,0,0,5,2,0,0,0,13,0,0,0,0,0,0,1,0,0,0,0,0,0,0,0,0,0,0,0,0,0,0,2,0,1,4,0,0,2,0,0,0,2,0,0,0,0,1,0,0,0,0,0,0,0,0,1,4,0,1,0,0,0,0,0,0,0,0,0,11,0,2,0,220,0,0,0,2,0,2,4,15,0,0,2,4,7,1,0,2,0,2,0,0,6,1,0,0,0,2,4,0,0,3,0,57,0,0,5,2,1,8,0,1,0,0,4,2,17,12,4,1,0,12,4,2,0,1,0,0,0,0,0,0,0,0,1,0,1,0,0,0,0,0,0,0,3,0,1,0,0,0,0,0,0,0,0,0,1,0,0,0,0,0,4,1
177,1953,ESCOLA ESTADUAL TIRADENTES (CEAD POLO POTTY LAZAROTTO),R PRESIDENTE FARIA   625,CENTRO,-25.4249211,-49.2688466,1,0,1143,796,40,24,0,4,1,4,20,0,1,0,0,1,11,0,1,0,4,0,0,0,1,0,3,2,0,0,2,0,0,0,0,2,0,0,0,4,0,0,0,0,0,0,0,0,3,2,26,0,7,0,0,0,0,0,0,0,0,0,0,1,1,0,0,0,0,0,0,0,0,0,5,0,0,0,0,5,0,0,0,0,0,0,1,1,0,2,1,0,0,0,0,46,0,0,0,1,1,0,0,0,2,0,0,1,3,0,1,0,0,0,0,0,0,0,0,0,0,0,0,1,3,2,0,1,8,1,0,13,0,2,0,3,0,11,0,22,32,12,2,1,1,0,0,0,16,0,1,1,0,0,1,3,3,0,1,1,0,1,1,0,0,0,2,0,5,0,0,9,1,0,0,0,0,0,0,1,0,0,0,0,1,0,0,0,0,1,8,0,0,0,0,0,0,0,0,0,2,0,0,0,0,0,0,0,0,1,0,0,4,0,2,0,1,0,0,0,0,0,0,0,0,0,0,0,0,0,0,1,0,0,0,0,0,0,0,0,1,0,0,0,0,0,0,0,0,0,1,0,0,0,0,0,0,0,0,0,0,0,0,0,0,0,0,4,0,0,0,0,1,3,0,0,0,0,0,0,0,0,0,0,1,0,0,1,0,1,0,0,1,1,0,0,0,0,0,0,0,0,0,0,0,0,0,1,1,3,0,0,0,0,0,0,0,0,24,0,2,8,0,0,0,0,0,2,0,0,1,0,0,0,12,12,4,0,5,0,0,0,2,7,0,2,1,1,0,2,1,0,6,0,0,5,0,6,0,0,1,0,1,0,0,0,0,20,0,1,1,31,0,0,0,0,0,0,0,0,2,0,0,0,0,0,0,0,1,0,0,0,0,0,0,0,16,0,1,0,9,0,0,0,5,0,0,1,0,0,0,0,1,6,7,0,0,0,0,7,0,0,1,0,0,1,0,0,0,0,0,0,0,0,0,0,0,1,0,0,0,0,0,0,0,0,0,0,0,0,1,0,0,0,0,0,0,1,0,0,0,2,1,0,0,0,8,1,0,0,0,0,0,0,0,0,2,0,0,0,0,0,0,0,0,0,1,0,2,0,0,0,2,0,0,0,0,0,0,0,0,0,0,1,0,0,0,0,0,1,0,0,0,0,2,0,0,0,0,0,0,0,0,0,0,0,2,0,0,0,41,1,0,0,0,0,3,1,3,0,0,1,1,1,0,0,1,0,6,0,1,1,0,0,0,0,2,3,0,0,0,0,13,0,0,1,0,0,1,0,0,0,0,2,2,6,7,1,3,0,0,0,0,0,0,0,0,0,0,0,0,0,0,0,0,2,0,1,0,0,0,0,0,6,0,0,0,0,0,0,0,0,0,0,0,0,0,0,0,0,0,1,2
177,1961,COLEGIO SAO JOSE,"PRAÇA RUI BARBOSA, 661",CENTRO,-25.4354122,-49.2748321,1,0,3482,2564,135,66,0,5,1,3,43,10,7,0,0,3,33,1,0,0,20,1,0,0,0,2,0,7,0,0,0,0,0,0,0,0,0,0,0,38,0,0,0,0,0,0,0,0,4,8,82,0,55,1,0,5,0,0,2,0,6,3,7,3,4,0,2,0,1,1,1,0,1,0,14,1,2,0,0,12,0,0,0,2,3,4,1,0,0,2,3,0,0,0,0,145,0,14,1,6,1,1,0,0,3,0,0,0,5,0,9,0,0,0,0,0,0,0,0,0,0,0,0,0,8,4,0,0,29,0,1,50,0,14,5,0,3,28,0,78,73,36,27,3,0,1,0,0,46,2,4,0,0,4,0,19,4,0,1,1,2,3,1,0,2,7,0,1,15,0,0,13,0,0,0,0,0,0,0,0,0,0,3,0,0,0,0,0,0,6,37,0,0,1,0,2,1,0,0,0,1,1,2,2,0,1,0,3,0,2,1,0,9,0,1,0,7,0,0,0,0,0,3,0,0,1,5,0,1,0,0,1,4,0,2,0,0,0,1,0,0,0,0,0,0,0,0,0,1,0,0,0,0,0,0,1,1,0,0,0,0,0,0,0,1,0,0,15,4,0,0,1,2,10,1,0,0,0,0,0,0,0,0,2,4,0,0,7,0,3,0,0,8,0,0,1,1,0,0,0,0,1,0,1,0,0,0,0,0,6,0,2,0,3,0,0,3,0,45,6,2,39,3,0,2,0,0,7,0,0,0,0,1,0,25,47,20,0,15,2,2,0,0,15,0,8,3,0,0,4,0,0,9,2,4,8,0,11,0,2,2,3,7,2,2,0,1,63,0,9,5,117,1,1,0,0,0,2,0,0,0,0,0,0,0,0,0,0,14,0,0,0,1,0,1,5,46,5,0,0,28,0,1,0,17,0,0,0,6,4,3,0,2,35,10,1,4,3,2,27,2,0,1,4,0,3,1,0,0,0,0,0,0,0,1,0,0,0,0,0,0,0,0,0,1,0,0,0,0,0,2,4,0,0,0,2,2,1,1,1,0,3,0,0,0,0,31,0,0,3,0,0,1,0,0,0,1,0,0,0,0,0,0,0,0,0,0,0,0,1,0,0,1,0,0,3,0,0,0,0,0,0,0,0,0,0,0,0,0,2,0,0,0,0,2,2,0,0,0,0,0,0,0,0,0,0,6,0,0,0,131,0,0,0,0,0,6,5,12,4,0,5,4,4,3,1,3,0,2,0,0,2,0,0,0,0,0,5,3,0,3,0,47,0,0,3,0,1,10,0,0,0,0,9,4,6,7,8,1,1,16,1,1,0,1,0,0,0,0,1,0,0,0,0,0,0,0,0,0,0,0,0,0,6,0,0,0,0,0,0,1,0,0,0,1,0,0,0,0,0,0,0,0
177,1970,ESCOLA MUNICIPAL ITACELINA BITTENCOURT,"RUA SAO PAULO, 2055",GUAIRA,-25.4708347,-49.2755958,26,0,3100,2379,167,83,0,14,5,7,39,4,1,0,2,2,39,0,1,0,10,0,1,0,3,3,0,12,0,2,0,0,0,0,0,0,0,0,0,32,11,0,0,0,0,0,1,1,13,5,65,0,71,4,0,1,0,0,0,0,0,4,3,1,9,0,2,0,0,2,0,0,0,0,19,0,4,0,0,14,1,0,0,68,0,4,3,0,0,1,0,0,0,0,0,53,0,5,0,2,2,0,0,0,1,0,0,0,2,0,7,0,0,1,0,0,0,0,0,0,0,1,0,0,6,4,0,0,4,1,0,21,0,7,0,0,1,7,0,19,37,14,24,2,0,0,0,4,59,0,1,0,2,1,0,11,0,1,0,0,0,2,0,0,2,0,0,2,6,0,0,5,0,0,0,0,0,1,0,0,0,1,0,0,0,1,0,0,0,1,34,0,0,0,0,0,0,0,0,0,1,0,2,1,0,0,0,0,0,2,0,0,1,0,1,0,3,0,0,0,0,0,3,0,0,3,0,0,0,0,0,1,3,0,3,0,0,1,0,0,0,0,0,0,0,0,0,0,0,0,2,0,0,0,0,0,0,0,1,0,0,0,3,0,0,0,0,27,10,0,2,0,0,3,8,0,1,0,1,0,0,0,0,4,4,0,0,2,0,0,1,0,11,0,1,3,0,0,0,0,0,0,0,3,0,0,0,1,5,4,0,0,0,0,0,1,2,0,59,1,2,15,8,0,0,0,4,5,0,0,0,0,1,0,19,64,8,0,32,1,0,0,0,14,0,2,0,1,4,3,1,0,3,2,2,23,0,25,0,0,2,5,21,1,0,0,4,88,0,11,2,108,1,0,0,0,0,0,0,0,0,0,0,0,0,0,0,0,8,0,0,0,0,1,0,4,40,1,0,0,28,0,1,1,8,0,0,0,2,1,0,5,0,14,19,0,0,0,0,10,0,0,0,9,1,4,0,3,0,1,2,0,2,0,0,1,0,0,0,0,0,0,1,0,0,0,0,0,1,0,0,0,0,0,0,0,1,0,1,3,0,16,0,0,3,0,28,1,0,3,0,0,1,0,0,0,0,1,0,0,0,0,0,0,0,0,0,0,3,0,0,0,1,0,0,171,0,0,0,1,0,0,0,0,2,0,0,0,0,0,1,0,0,0,0,0,0,0,0,0,0,0,0,0,0,0,7,0,0,0,38,0,0,0,0,0,4,2,13,0,1,3,0,3,2,0,2,0,20,0,0,6,1,0,0,1,1,0,0,0,0,0,67,0,1,3,1,1,4,0,0,0,0,6,0,5,4,2,0,0,9,0,0,0,0,0,0,0,0,0,0,0,0,0,0,0,0,0,0,0,0,0,0,3,2,0,1,0,0,0,0,0,0,0,1,0,0,0,0,0,2,1,1
177,1988,COLEGIO ESTADUAL SANTOS DUMONT,R RIO GRANDE DO SUL 1800,GUAIRA,-25.4737822,-49.279606,26,0,2982,2293,139,86,0,8,0,4,40,8,2,0,0,4,45,0,0,0,10,0,0,2,2,2,3,10,1,0,0,0,0,0,0,0,0,0,0,32,2,0,0,1,0,0,0,0,10,4,57,0,49,1,1,1,0,0,0,0,2,1,0,0,3,0,0,0,0,0,0,0,0,0,33,0,0,0,0,13,0,0,0,41,0,4,0,0,0,1,1,0,0,0,0,60,0,3,0,1,2,0,0,1,5,0,0,0,0,0,6,0,1,0,0,0,0,0,0,0,0,0,0,0,3,2,0,0,11,0,2,22,0,5,2,0,4,16,0,34,45,16,34,3,0,0,0,0,33,0,1,0,0,3,0,7,1,1,5,1,0,0,0,0,0,2,2,0,4,0,0,23,0,1,0,0,0,0,0,0,0,1,0,0,0,0,0,0,0,4,44,0,0,1,0,0,0,0,0,0,1,0,3,0,0,0,0,0,0,0,0,0,1,2,1,0,3,0,0,0,0,0,0,0,0,0,0,0,0,0,0,1,1,0,3,0,0,0,0,0,0,0,0,0,0,1,0,0,3,0,1,0,0,0,0,0,0,0,0,2,0,0,3,0,0,0,0,43,2,0,1,1,1,2,3,0,0,1,0,0,0,1,0,0,4,0,0,1,0,0,1,0,3,0,2,3,0,0,0,0,0,3,0,1,0,0,0,1,3,4,0,0,0,2,0,0,8,0,59,0,2,26,7,0,0,0,2,10,1,0,0,0,1,0,22,39,3,0,31,1,0,0,1,22,0,1,0,0,1,2,2,0,4,0,1,20,0,18,1,0,1,2,17,0,0,0,5,81,2,8,3,143,2,0,0,0,0,0,0,0,0,0,0,0,0,0,0,0,11,0,0,0,0,0,0,0,53,0,3,1,16,0,2,0,20,1,0,1,2,1,2,1,1,17,6,1,8,0,0,13,0,0,0,14,0,3,0,0,0,0,0,0,1,0,0,0,0,0,0,0,0,0,0,0,0,0,0,0,7,1,0,0,0,0,0,0,1,0,1,0,0,14,0,0,0,0,17,0,0,0,0,0,1,0,0,0,0,0,0,0,0,0,0,7,1,0,0,0,5,0,0,0,3,0,0,124,0,0,0,0,0,0,0,0,0,0,0,0,0,0,0,0,0,0,5,0,2,0,0,1,0,0,0,0,0,0,4,0,0,0,56,0,0,2,0,1,9,4,8,2,0,4,0,4,3,0,1,0,28,0,1,5,0,0,2,0,2,0,0,0,0,0,33,0,2,5,0,0,4,2,0,0,1,11,6,5,3,6,0,1,2,0,1,0,0,0,0,0,0,4,0,0,0,0,0,0,0,0,1,0,0,0,0,4,2,0,0,0,0,0,0,0,0,0,0,0,0,0,0,0,2,1,0
177,1996,COLÉGIO ESTADUAL PROFESSOR ELIAS ABRAHÃO,"AV SENADOR SOUZA NAVES, N. 1221",CRISTO REI,-25.43142746,-49.24550214,6,0,2767,2231,80,84,0,6,3,4,37,9,0,0,2,2,24,0,1,2,25,1,0,0,0,3,2,11,1,0,0,1,0,0,0,0,0,0,0,10,0,0,0,0,0,0,0,0,4,6,60,0,40,1,2,1,0,0,2,1,4,4,1,2,7,0,1,0,0,1,0,0,1,0,13,0,0,0,0,14,0,0,0,0,0,1,1,0,0,0,7,0,1,0,0,132,1,4,0,5,5,0,0,0,1,0,0,1,4,0,2,0,0,1,0,0,0,0,0,0,0,0,0,1,12,2,2,0,19,0,0,30,0,9,0,3,3,29,1,48,36,30,5,0,0,0,0,0,35,1,1,0,0,2,0,22,1,0,3,0,1,2,0,0,0,2,0,1,7,0,0,12,0,0,0,2,0,0,1,2,0,0,0,0,0,0,0,1,0,4,45,0,0,0,0,0,0,0,0,0,2,0,1,0,0,0,0,1,0,0,2,0,4,1,1,0,6,0,0,0,0,0,1,1,0,0,0,0,0,0,1,0,4,0,2,0,0,0,0,0,0,0,0,0,0,0,0,0,0,0,0,0,0,0,0,0,0,0,0,0,0,0,0,0,0,0,0,33,7,0,0,0,0,11,2,0,0,0,0,0,0,0,0,0,0,0,1,13,0,3,0,0,12,0,0,0,0,1,0,0,0,0,0,0,0,0,0,0,0,2,0,0,0,0,0,0,0,0,44,4,5,31,2,0,3,0,3,5,0,1,0,0,4,0,35,33,12,0,12,1,0,1,1,18,0,3,4,1,0,1,2,0,13,0,3,8,1,26,0,1,2,1,14,1,1,0,0,50,0,5,3,117,0,1,0,0,0,0,0,0,0,0,0,0,0,0,0,0,6,0,0,0,1,0,0,2,63,1,1,0,21,0,2,0,9,0,0,7,3,6,0,3,2,35,29,4,2,0,0,15,0,0,1,1,0,0,2,0,0,11,0,0,0,0,0,0,0,0,0,0,3,0,1,0,2,0,0,0,0,0,1,0,0,0,0,1,0,0,2,0,0,9,0,0,0,0,19,2,0,1,0,0,0,0,0,0,1,1,0,0,0,0,0,0,0,0,0,0,1,1,0,0,27,0,0,1,0,0,0,1,0,0,0,3,1,0,0,0,0,0,0,0,0,0,2,0,0,0,0,0,0,0,0,0,0,0,6,0,1,0,87,0,0,2,0,0,8,4,25,0,0,2,1,5,2,0,1,0,12,0,0,8,1,0,0,3,4,4,0,0,1,0,62,1,1,3,0,0,4,2,0,0,0,12,3,15,18,3,2,0,9,3,3,0,0,0,0,0,0,0,0,0,0,0,0,0,0,0,0,0,0,0,0,4,0,0,0,0,0,0,0,0,0,0,0,0,0,0,0,0,1,2,0
177,2003,ESCOLA ESTADUAL NOSSA SENHORA DE FÁTIMA,"RUA SUÉCIA, N. 197, PRÓXIMO AO KM 400 DA BR 116",TARUMA,-25.43267035,-49.22852546,19,0,3769,3133,108,78,0,5,2,7,50,12,5,0,0,1,41,0,1,0,24,1,2,2,0,4,2,10,0,1,0,0,1,0,0,0,0,0,0,15,0,0,0,0,0,1,0,2,8,13,95,0,93,2,1,4,0,0,4,0,8,2,2,1,13,0,3,0,0,0,0,0,0,0,15,0,3,0,0,17,0,1,0,0,0,3,2,0,0,0,7,0,0,1,0,105,0,1,1,3,2,0,0,1,2,0,0,0,6,0,6,0,0,8,0,0,0,0,0,0,0,0,0,0,10,7,1,1,17,0,2,56,0,7,3,1,3,17,1,44,39,40,13,2,0,0,4,0,42,1,0,0,2,2,0,26,1,0,5,1,0,1,0,0,0,4,5,0,16,1,0,16,0,0,0,0,0,0,0,2,0,0,0,0,0,0,0,1,0,11,44,0,0,3,1,0,0,0,0,1,2,0,6,2,0,0,0,0,0,5,1,0,3,0,4,0,5,1,2,0,0,0,1,0,0,0,0,0,0,0,0,0,5,0,1,0,0,0,0,0,0,0,0,0,0,0,0,0,0,0,5,0,0,0,0,0,0,0,1,0,0,0,0,0,2,0,0,33,16,0,3,0,1,12,10,2,0,1,0,0,0,0,0,1,1,0,0,3,0,0,0,0,18,1,0,1,1,0,0,0,1,4,1,3,0,0,0,0,0,4,0,0,0,0,0,0,2,0,75,5,3,47,3,0,0,0,1,7,0,0,0,0,1,2,77,58,28,0,23,0,1,0,2,17,0,9,1,5,0,2,3,1,16,1,4,31,0,28,0,2,0,4,9,0,2,3,2,109,0,4,2,181,2,3,0,0,0,0,0,0,0,0,0,0,0,0,0,0,8,0,0,0,0,0,0,4,123,9,0,0,37,0,3,0,16,0,1,1,0,6,0,9,8,34,27,3,9,0,0,31,0,3,0,2,1,3,1,3,0,16,0,0,0,0,0,0,0,0,0,0,2,0,4,0,0,0,0,0,2,0,1,3,0,0,0,0,0,0,0,0,0,24,1,0,0,1,28,11,0,2,0,0,0,0,0,0,0,2,0,0,0,0,0,0,0,0,0,0,3,0,0,0,13,0,0,0,0,0,0,0,0,0,0,2,5,0,0,0,0,0,0,0,0,1,2,0,5,0,0,0,0,0,0,0,0,0,6,0,1,1,81,2,0,1,0,0,7,9,59,2,1,0,7,3,4,0,2,0,12,0,0,8,1,0,0,0,4,2,0,0,1,2,76,3,1,14,3,1,10,0,0,0,0,21,0,63,16,5,4,1,11,1,5,0,2,0,0,0,1,0,0,0,0,0,0,1,0,0,0,0,0,0,0,2,0,0,0,0,0,0,0,0,0,0,2,0,0,0,0,0,0,3,0
177,2011,CURSO POSITIVO (CENTRO),AVENIDA VICENTE MACHADO 317,CENTRO,-25.43441812,-49.27971958,1,0,1773,1303,65,33,0,0,0,7,26,7,0,0,0,1,15,0,0,0,9,1,0,0,1,0,1,4,0,0,0,0,0,0,0,0,0,0,0,4,0,1,0,0,0,1,0,0,3,4,54,0,14,1,0,1,0,0,0,0,6,0,5,0,1,0,0,0,0,0,0,0,0,0,0,0,1,0,0,11,0,0,0,0,0,2,1,2,0,0,4,0,0,0,2,81,0,6,0,3,0,0,0,0,0,0,0,0,0,0,4,0,0,0,0,0,0,0,0,0,0,0,0,0,2,2,0,0,8,0,0,20,0,0,1,5,1,14,0,40,33,19,8,0,0,0,1,1,18,1,1,0,0,3,0,14,2,0,3,0,0,0,0,0,0,0,0,0,2,0,0,10,0,0,1,0,0,0,0,0,0,0,0,0,0,0,0,0,0,1,20,0,0,0,0,0,1,0,0,0,1,1,2,0,0,1,0,1,0,0,2,0,4,0,0,0,4,0,0,0,0,0,1,0,0,0,0,0,0,0,0,0,0,0,0,0,0,0,0,0,0,0,0,0,0,0,0,0,0,0,0,0,0,0,0,0,0,0,0,0,0,0,0,0,1,0,0,14,10,0,0,0,2,3,0,0,0,0,0,0,0,0,0,0,0,0,0,4,0,0,0,0,4,0,1,1,0,0,0,0,0,1,0,1,2,0,1,0,1,0,0,0,1,0,0,0,0,0,12,1,3,26,0,0,0,1,2,1,0,0,0,0,1,4,15,13,9,1,9,1,0,0,3,9,1,1,0,1,0,1,3,1,8,0,1,3,0,13,1,0,0,0,2,4,1,0,1,26,2,1,1,90,0,0,0,0,0,0,0,0,0,0,0,0,0,0,0,0,2,0,0,0,0,0,0,0,22,2,0,0,17,0,3,0,7,0,0,2,0,1,0,1,2,25,14,3,2,0,0,17,0,0,0,0,0,0,0,0,0,0,0,0,0,0,0,0,0,0,0,0,1,0,1,0,0,0,0,0,0,0,2,2,0,0,0,0,0,0,1,0,0,10,1,0,0,1,13,0,0,0,0,0,1,0,0,0,0,0,0,0,0,0,0,0,0,0,0,0,0,1,0,0,1,0,0,2,0,0,0,0,0,0,0,1,0,0,0,0,0,0,0,0,0,0,0,0,0,0,0,0,0,0,0,0,0,0,2,0,1,0,62,0,0,2,0,0,4,3,10,3,0,4,4,3,0,0,2,0,9,1,0,5,0,0,0,1,2,1,1,0,0,0,30,1,1,3,2,0,1,0,0,0,0,1,5,7,6,8,0,0,3,0,1,0,0,0,0,0,0,0,0,0,0,0,0,1,1,0,0,0,0,0,0,2,0,0,0,0,0,0,0,0,0,0,0,0,0,0,0,0,0,1,0
177,2020,INSTITUTO DE EDUCACAO PROFESSOR ERASMO PILOTTO,R EMILIANO PERNETA 92,CENTRO,-25.4332657,-49.2739261,1,0,2721,2028,113,60,0,4,3,8,37,6,2,0,0,4,19,0,0,0,10,0,0,1,3,1,3,5,1,1,0,0,0,0,0,0,1,0,0,21,0,0,0,1,0,1,0,0,7,5,36,0,31,0,0,2,0,0,0,0,3,10,2,6,7,0,0,0,0,1,0,0,0,0,12,0,3,0,0,11,0,0,0,5,0,3,0,0,0,1,0,0,0,0,0,122,0,6,0,7,2,0,0,0,1,0,0,0,1,0,4,0,0,0,0,0,0,0,0,0,0,0,0,0,7,2,1,2,25,0,1,36,0,8,1,1,3,38,0,44,58,25,15,5,0,0,3,2,47,1,1,0,0,2,1,17,2,1,2,2,0,1,1,1,3,3,2,1,9,0,0,9,0,1,0,0,0,0,1,0,0,0,0,1,1,0,0,0,0,5,26,0,0,0,0,0,0,0,0,0,1,3,2,3,0,2,0,0,0,0,3,0,3,0,4,0,3,0,0,0,0,0,1,0,0,0,4,0,0,0,0,1,8,0,1,0,0,0,1,0,0,0,0,0,0,0,1,0,2,0,0,0,0,0,0,0,0,0,0,0,0,0,0,0,4,0,0,29,5,0,0,0,1,8,2,0,0,0,0,0,0,1,0,1,1,0,0,1,0,2,1,0,8,0,1,0,0,0,0,0,0,0,1,3,0,0,0,0,1,0,0,0,0,0,0,0,2,0,33,4,0,36,0,0,1,0,1,3,1,0,0,0,1,0,16,56,4,0,12,0,1,0,0,10,1,5,0,0,1,6,2,3,4,1,2,12,0,12,0,0,0,2,8,2,0,0,0,55,0,9,3,80,1,5,0,0,0,0,0,0,0,0,2,0,0,0,0,0,8,0,0,0,0,0,0,0,46,1,0,0,23,0,3,1,9,0,0,4,3,3,0,1,2,17,15,0,3,0,0,16,0,1,1,0,0,2,0,0,0,1,0,0,1,1,0,0,0,0,1,0,2,0,0,0,0,0,1,0,0,0,4,1,0,0,0,0,0,0,0,0,0,13,0,1,0,0,18,0,0,0,0,0,4,0,0,0,1,3,0,0,0,0,0,0,0,0,0,0,0,0,0,0,1,0,0,1,0,0,0,0,0,0,0,1,2,0,0,1,1,0,0,0,1,0,0,0,2,0,0,0,1,1,0,1,0,0,6,0,0,0,94,1,0,0,0,0,3,2,13,5,0,0,2,6,5,0,2,0,4,0,0,4,2,0,0,0,3,0,1,2,1,0,45,1,0,4,0,1,12,1,1,0,0,2,4,13,5,3,3,0,12,3,4,0,1,0,0,0,3,0,0,0,0,0,0,0,0,0,0,0,0,0,0,5,0,0,0,0,0,0,0,0,0,0,0,0,0,0,0,0,0,3,1
177,2038,FUNPAR - FUNDAÇÃO DA UNIVERSIDADE FEDERAL DO PARANÁ,"RUA JOÃO NEGRÃO, 280",CENTRO,-25.43174761,-49.26598739,1,0,756,514,25,12,0,1,0,1,6,2,0,0,1,2,6,0,1,0,4,0,0,0,0,0,0,1,0,0,0,0,0,0,0,0,0,0,0,8,1,0,0,0,0,0,0,0,4,3,21,0,10,0,0,0,0,0,0,0,1,3,1,0,0,0,0,0,0,0,0,0,0,0,4,0,0,0,0,3,0,0,0,0,1,0,0,0,0,0,1,0,0,0,0,18,0,4,0,1,1,1,0,0,0,0,0,0,0,0,2,0,0,0,0,0,0,0,0,0,0,0,0,0,3,1,0,0,1,0,1,12,0,4,0,0,0,10,0,18,11,12,5,0,0,0,0,3,10,0,1,0,0,0,0,9,2,0,0,0,0,0,0,1,1,2,2,0,2,0,0,4,0,0,0,0,0,0,1,0,0,0,0,0,0,0,0,0,0,0,5,1,0,1,0,0,0,0,0,0,0,0,0,0,0,0,0,0,0,0,0,0,1,0,0,0,4,0,0,0,0,0,0,0,0,0,1,0,0,0,0,0,0,0,0,0,0,0,0,0,0,1,0,0,0,0,0,0,0,0,1,0,0,0,0,0,0,0,0,0,0,0,0,0,1,0,0,1,0,0,0,0,0,0,0,0,0,0,0,0,0,0,0,0,0,0,0,0,0,0,0,0,1,0,0,0,0,0,0,0,0,0,0,0,0,0,0,0,0,3,0,0,0,0,0,0,1,0,6,3,0,9,0,0,0,0,0,0,0,0,0,0,0,0,7,13,5,0,3,0,0,0,0,6,0,1,0,0,0,0,0,0,1,0,2,0,0,3,0,1,0,2,3,0,2,0,1,9,0,1,0,26,0,0,0,0,0,0,0,0,0,0,0,0,0,0,0,0,2,0,0,1,0,0,0,1,10,0,0,0,1,0,1,0,2,0,0,0,0,0,0,0,0,6,3,0,0,0,0,4,0,0,0,2,0,0,0,0,0,1,0,0,0,0,0,0,0,0,0,0,2,0,0,0,0,0,0,0,1,0,1,1,0,0,0,0,0,0,0,0,0,0,0,0,0,0,7,0,0,0,0,0,0,0,0,0,0,0,0,0,0,0,0,1,0,0,0,0,0,0,0,0,0,0,0,0,0,0,0,0,0,0,0,0,0,0,0,0,0,0,1,0,0,0,2,0,0,0,0,0,0,0,0,0,0,0,1,0,0,0,33,1,0,1,0,0,0,0,1,0,0,0,1,0,1,0,1,0,1,0,0,5,0,0,0,0,0,1,0,0,0,0,10,0,0,1,0,0,0,0,0,0,0,1,0,3,1,0,2,0,4,0,0,0,0,0,0,0,0,1,0,0,0,0,0,0,0,0,0,0,0,0,0,0,0,0,0,0,0,0,0,0,0,0,0,0,0,0,0,0,0,1,1
177,2046,PONTIFICIA UNIVERSIDADE CATOLICA DO PARANÁ (PUC/PR),R IMACULADA CONCEICAO  1155,PRADO VELHO,-25.4503845,-49.252038400000004,24,0,6188,4729,338,178,0,21,3,19,111,16,5,0,3,1,75,3,2,0,26,3,1,4,5,4,1,20,0,1,0,0,0,0,1,0,0,0,0,93,1,0,0,3,0,2,0,0,16,12,74,0,103,1,3,7,1,0,2,0,2,1,3,8,13,0,5,1,0,0,0,1,1,1,31,0,2,0,0,35,0,0,0,3,0,1,1,0,0,38,5,0,0,0,2,131,0,19,1,4,0,2,0,0,2,0,0,1,0,1,10,0,0,1,1,0,0,0,1,1,0,1,0,0,7,7,1,1,34,1,0,53,0,19,3,0,5,60,2,98,87,76,30,11,0,0,25,0,126,2,6,1,0,6,0,42,4,2,9,1,0,1,1,1,0,5,3,12,18,1,1,13,0,0,0,2,0,1,1,2,0,0,1,1,0,0,0,0,0,5,65,1,0,1,0,0,2,0,0,0,2,1,3,2,36,3,0,1,0,0,2,0,14,0,2,0,10,0,0,0,0,0,0,1,0,1,1,0,1,0,0,11,5,0,3,0,0,0,0,0,2,0,1,0,0,0,0,0,0,0,4,0,0,0,1,0,1,0,0,0,0,1,1,1,0,0,0,50,3,0,1,0,14,12,13,0,0,6,4,0,0,0,0,0,1,0,0,9,0,0,1,0,7,0,0,1,1,0,0,0,1,0,0,3,0,0,0,0,1,11,0,0,1,2,0,0,1,0,74,0,7,46,4,0,0,2,3,6,0,0,0,0,4,1,48,78,13,0,51,0,1,0,1,35,0,9,3,1,0,4,1,1,14,0,0,33,0,39,0,1,3,8,47,2,4,5,7,123,1,3,13,221,2,1,0,0,0,0,0,0,0,0,0,1,1,0,0,0,11,0,0,0,0,1,0,1,80,2,0,0,37,0,1,3,16,0,1,8,1,7,0,7,2,30,13,4,3,1,0,20,0,2,1,18,2,0,0,0,2,3,1,0,1,0,0,0,0,0,0,0,2,0,0,1,1,0,0,0,1,0,2,2,1,0,0,1,2,0,0,1,0,16,1,0,0,2,27,1,0,3,1,0,1,1,0,0,2,0,0,0,0,0,0,5,0,1,0,0,1,1,0,0,3,0,0,137,2,0,0,0,3,0,0,2,0,0,0,0,0,0,0,0,0,0,8,0,1,0,1,0,0,1,0,1,1,1,8,0,0,0,165,3,0,0,2,0,14,4,23,1,0,3,1,6,77,0,2,1,16,0,1,42,0,0,0,0,1,3,1,0,3,0,125,0,0,5,0,1,5,0,0,0,0,51,14,20,13,14,0,4,9,2,1,0,0,0,0,0,2,20,1,5,0,0,0,1,0,0,1,0,0,0,0,10,0,0,1,0,0,0,0,0,0,0,0,0,0,1,0,2,0,3,2
177,2054,COLÉGIO DECISIVO DO CRISTO REI - SUBSEDE I,"RUA DO HERVAL, N. 801",CRISTO REI,-25.43260986,-49.24869757,6,0,5476,4472,150,134,0,7,3,15,73,12,3,1,0,1,70,0,1,0,30,0,0,0,2,3,4,17,1,0,0,0,0,1,0,0,1,0,0,17,0,0,1,0,0,1,0,0,8,16,108,0,87,1,1,5,0,0,3,0,8,6,9,3,8,0,2,2,0,3,0,1,7,0,19,0,1,1,0,35,0,0,0,8,0,8,1,1,0,1,23,0,0,0,0,257,0,10,0,7,3,0,0,2,0,0,0,0,4,0,4,0,0,0,0,0,1,0,0,0,0,0,0,0,17,0,1,0,41,1,0,94,0,8,2,0,8,52,0,91,107,44,14,2,0,0,2,3,52,0,3,1,0,3,0,28,5,0,4,1,2,3,1,0,0,12,2,4,20,1,0,34,0,1,0,1,0,0,0,1,0,1,0,1,0,0,0,0,0,12,85,1,0,2,0,0,0,0,1,0,2,3,1,0,0,0,0,3,0,3,3,0,9,0,10,0,7,0,0,0,0,0,2,1,0,0,2,0,0,0,0,0,7,0,0,0,0,0,0,0,0,0,0,0,0,0,0,0,0,0,0,0,0,0,0,0,0,0,0,0,0,0,0,0,0,0,2,32,17,0,0,0,3,15,3,2,0,5,0,0,0,0,0,0,2,0,0,17,0,5,0,1,7,0,0,2,0,0,0,0,1,3,0,7,0,0,0,0,6,7,0,0,0,0,0,0,1,0,65,3,4,55,2,0,2,0,1,9,0,2,0,0,3,6,75,49,35,1,22,3,1,0,5,19,0,6,2,0,0,3,3,0,2,0,3,17,0,35,9,2,2,3,14,2,2,1,4,90,0,12,11,220,1,1,0,0,1,0,0,0,0,0,0,0,0,0,0,0,24,1,0,0,0,0,0,2,123,2,1,0,51,0,5,2,39,0,0,5,3,8,1,3,7,100,46,4,18,0,0,50,0,0,0,6,4,3,1,0,2,42,1,0,2,0,0,0,0,0,5,0,8,0,0,0,2,0,0,0,0,2,3,6,1,0,0,1,0,0,2,1,0,14,0,0,0,0,56,4,0,1,0,0,3,0,1,0,0,0,0,0,0,0,0,0,0,0,1,0,2,1,0,0,30,0,0,0,0,0,0,1,2,0,0,0,2,0,0,0,0,0,0,0,0,0,10,0,1,0,0,0,0,0,0,0,0,0,10,0,1,0,218,0,0,2,0,1,9,4,49,1,0,3,6,12,4,1,1,0,26,1,1,4,1,0,1,0,5,4,0,0,3,0,160,4,2,20,3,2,29,1,0,0,1,33,7,59,21,20,4,0,9,3,8,0,0,0,0,1,4,3,0,0,0,0,0,0,0,0,2,0,0,0,0,5,1,0,0,0,0,1,0,0,0,0,0,0,0,1,0,0,0,3,1
177,2062,COLÉGIO ESTADUAL PAULO LEMINSKI,"AV CORONEL AUGUSTO DE ALMEIDA GARRET, N. 135, PRÓXIMO AO DETRAN",TARUMA,-25.42874167,-49.21117571,19,0,2791,2244,124,77,0,6,0,4,44,3,3,0,0,2,34,0,1,0,12,0,0,0,2,1,0,13,0,0,0,0,0,0,0,0,0,0,0,18,0,1,0,0,0,0,0,0,13,6,75,0,56,0,3,7,0,0,0,0,3,3,1,1,3,0,1,0,0,0,0,0,0,0,23,0,0,0,0,24,1,0,0,4,0,0,1,0,0,1,3,0,0,7,1,54,0,3,0,2,0,1,0,0,3,0,0,0,1,1,2,0,0,3,0,0,0,0,0,0,0,2,0,0,9,12,0,0,16,1,1,50,0,7,0,0,1,11,0,73,27,25,13,3,0,1,0,3,22,0,1,0,0,3,0,13,2,0,2,2,0,0,0,0,0,0,0,0,5,0,0,12,0,0,0,0,0,0,1,4,0,0,1,0,0,0,0,0,0,7,43,0,0,0,0,0,0,0,0,1,1,0,6,0,0,0,0,1,0,0,5,0,5,0,1,0,17,0,0,1,0,0,3,2,0,0,0,0,0,0,0,0,0,1,1,0,0,0,0,0,0,0,0,0,1,0,0,0,0,0,0,0,0,0,0,0,0,0,0,0,0,0,0,0,0,0,0,25,1,0,1,0,3,10,9,0,0,0,0,0,0,0,0,0,2,0,0,2,2,0,0,0,7,0,0,2,0,0,0,0,0,3,0,2,0,0,0,0,0,9,0,0,1,0,0,0,0,0,62,4,2,20,3,1,0,0,1,6,1,0,0,0,1,1,27,56,10,0,16,0,1,0,1,16,0,2,0,0,0,0,0,2,6,0,4,13,0,13,0,0,0,2,11,0,1,0,1,70,0,2,2,125,1,3,0,0,0,0,0,0,0,0,0,0,0,0,0,0,12,0,0,0,0,0,0,2,57,1,0,0,17,0,0,2,9,0,0,3,3,1,1,12,1,16,15,1,0,1,0,13,0,2,1,8,4,1,1,0,0,2,0,0,1,0,0,0,0,0,0,0,0,0,2,0,0,0,0,0,0,0,3,0,0,0,0,0,0,1,1,0,0,17,0,0,0,2,24,4,0,1,0,0,1,0,0,0,0,1,0,0,0,0,0,2,0,0,0,4,0,0,0,0,5,0,0,1,0,0,0,0,0,0,0,0,1,0,1,0,0,2,0,0,2,1,5,1,0,0,0,0,0,0,0,0,0,1,3,0,0,0,46,1,0,1,0,0,4,4,31,0,0,6,0,5,11,0,2,0,5,0,0,4,0,0,0,0,1,0,0,0,0,0,46,0,0,4,0,0,5,0,0,0,1,12,0,102,12,3,7,0,3,0,5,0,0,0,0,0,2,1,0,3,0,0,1,0,0,0,1,0,0,0,0,2,0,0,0,0,0,0,0,0,0,0,0,0,0,0,0,1,0,2,0
177,2070,COLEGIO ESTADUAL DO PARANA,AV JOAO GUALBERTO   250,CENTRO,-25.42413641,-49.26681627,1,0,5010,3854,170,94,0,5,2,13,73,9,0,0,1,4,43,0,0,0,24,2,0,0,0,0,3,5,0,1,0,1,0,1,0,0,0,0,0,17,0,0,0,1,0,2,0,0,6,2,66,0,48,0,0,8,0,0,1,0,3,5,9,3,6,0,0,0,0,2,0,0,0,0,13,0,5,0,0,26,0,0,0,0,0,4,1,0,0,1,12,0,0,0,0,305,0,17,2,10,1,0,0,2,1,0,0,0,3,0,7,0,0,2,0,0,0,0,0,0,0,0,0,0,18,9,0,0,49,1,5,51,0,28,0,6,3,83,2,156,170,79,42,3,1,1,2,3,77,0,5,0,0,5,0,43,6,0,4,2,1,3,0,0,1,5,3,5,12,1,0,36,0,3,0,3,0,0,2,0,0,0,3,1,0,0,0,0,0,13,43,0,0,3,0,2,0,0,1,2,5,0,0,1,0,0,0,3,0,0,5,0,12,0,2,0,9,0,0,2,0,0,3,1,0,0,3,0,2,0,0,1,2,0,2,0,0,0,4,0,0,0,0,0,0,0,1,0,0,0,1,0,0,0,0,1,0,0,0,0,0,0,0,0,4,1,0,18,8,0,1,0,4,5,5,1,0,0,0,0,0,3,0,0,0,0,0,4,0,3,0,0,8,0,1,0,0,0,0,0,0,4,0,1,1,0,0,0,4,3,0,0,0,1,0,0,0,0,54,2,4,41,3,1,0,0,4,4,1,0,0,0,1,0,53,34,9,0,11,0,1,0,7,19,0,2,0,1,1,4,2,2,13,0,7,15,0,22,1,1,1,2,13,0,1,0,0,74,0,13,6,136,0,0,0,0,0,0,0,0,0,0,0,0,0,0,2,0,13,0,1,1,1,0,0,4,63,2,2,1,32,0,5,1,23,0,1,1,3,2,3,2,6,44,20,3,7,0,0,22,0,0,0,6,3,2,0,0,0,0,2,1,1,0,0,0,0,0,2,0,0,0,0,0,0,0,1,0,0,0,2,1,0,0,0,1,0,1,1,0,0,9,3,0,0,1,22,1,0,2,0,0,2,0,0,0,0,0,0,0,0,0,0,1,1,0,0,1,0,4,0,0,5,0,0,0,3,0,0,0,0,0,0,2,0,0,0,0,0,0,0,0,0,0,4,0,1,0,0,0,0,0,0,1,1,0,27,0,0,0,434,2,0,1,1,1,15,4,15,4,0,8,4,17,7,0,0,1,8,1,0,12,2,0,0,0,7,3,1,0,0,0,59,4,0,10,2,1,5,0,1,0,0,15,2,12,9,12,2,1,15,2,4,0,0,0,0,1,3,0,0,0,0,0,0,2,0,0,2,0,0,0,0,7,0,0,0,0,0,0,0,0,0,0,0,0,0,0,0,0,1,9,0
177,2127,LAR DOS IDOSOS - RECANTO DO TARUMÃ,"RUA KONRAD ADENAUER, 576",TARUMA,-25.425063,-49.214813,19,0,126,100,7,0,0,0,0,0,1,0,0,0,0,0,1,0,0,0,0,0,0,0,0,0,0,0,0,0,0,0,0,0,0,0,0,0,0,0,0,0,0,0,0,0,0,0,0,0,1,0,0,0,0,0,0,0,0,0,0,0,0,0,0,0,0,0,0,0,0,0,0,0,3,0,0,0,0,0,0,0,0,0,0,0,0,0,0,0,0,0,0,0,0,0,0,0,0,0,0,0,0,0,0,0,0,0,0,0,0,0,0,0,0,0,0,0,0,0,0,0,0,0,1,0,0,0,0,0,0,0,0,0,0,0,0,0,0,1,0,0,0,0,0,0,0,0,2,0,0,0,0,0,0,0,0,0,0,0,0,0,0,0,0,0,0,0,0,0,0,0,0,0,0,0,0,0,0,0,0,0,0,0,0,0,0,0,0,0,1,0,0,0,0,0,0,0,0,0,0,0,0,0,0,0,0,0,0,37,0,0,0,0,0,0,1,0,1,0,0,0,0,0,0,0,0,0,0,0,0,0,0,0,0,0,0,0,0,0,0,0,0,0,0,0,0,0,0,0,0,0,0,0,0,0,0,0,0,0,0,0,0,0,0,0,0,1,0,0,0,0,0,0,0,0,1,0,0,0,0,0,0,0,0,0,0,0,0,0,0,0,0,0,0,0,0,0,0,0,0,0,0,0,0,0,0,0,0,0,0,0,0,0,0,0,0,0,2,0,0,0,0,0,0,0,0,1,0,0,0,0,0,0,0,2,0,0,0,0,0,0,0,0,0,0,1,0,0,0,0,0,0,0,0,0,0,3,0,0,0,0,0,0,0,0,0,1,0,0,0,6,0,0,0,0,0,0,0,0,0,0,0,0,0,0,0,0,0,0,0,0,0,0,0,0,2,0,0,0,0,0,0,0,0,0,0,0,0,0,0,0,0,4,0,0,0,0,0,0,0,0,0,0,0,0,0,0,0,0,0,0,0,0,0,0,0,0,0,0,0,0,0,0,0,0,0,0,0,0,0,0,0,0,0,0,0,0,0,0,0,0,0,0,0,0,0,2,0,0,0,0,0,0,0,0,0,0,0,0,0,0,0,0,0,0,0,0,0,0,0,0,0,0,0,0,0,0,0,0,0,0,0,0,0,0,0,0,0,0,0,0,0,0,0,0,0,0,0,0,0,0,0,0,0,0,0,0,0,0,2,0,0,0,0,0,0,0,0,0,0,0,0,0,1,0,0,0,0,0,0,1,0,0,0,0,0,0,0,0,0,0,8,1,0,0,0,0,0,0,0,0,0,0,0,3,0,1,0,0,0,0,0,0,0,0,0,0,0,0,0,0,0,0,0,0,0,0,0,0,0,0,0,0,0,0,0,0,0,0,0,0,0,0,0,0,0,0,0,0,0,0,0
177,2186,HOSPITAL OSWALDO CRUZ,"RUA AMINTAS DE BARROS, 816",ALTO DA RUA XV,-25.425187,-49.258813,5,0,223,186,6,3,0,0,0,1,4,0,0,0,0,0,3,0,0,0,1,0,0,0,0,0,0,0,0,0,0,0,0,0,0,0,0,0,0,1,0,0,0,0,0,0,0,0,0,0,1,0,0,0,0,0,0,0,0,0,0,0,1,1,1,0,0,0,0,0,0,0,1,0,1,0,0,0,0,4,0,0,0,0,0,0,1,0,0,0,2,0,0,0,0,11,0,1,0,1,0,0,0,0,0,0,0,0,4,0,0,0,0,0,0,0,0,0,0,0,0,0,0,0,2,0,0,0,3,0,0,2,0,0,0,1,0,0,0,2,13,1,3,1,0,0,0,0,3,0,0,0,0,0,0,3,0,0,0,0,0,0,0,0,0,0,1,0,1,0,0,2,0,0,0,0,0,0,0,0,0,0,0,0,0,0,0,0,0,0,3,0,0,0,0,0,0,0,0,0,0,1,0,0,0,0,0,0,0,0,0,0,0,0,0,0,0,0,0,0,0,0,0,0,0,1,0,0,0,0,0,0,1,0,0,0,0,0,0,0,0,0,0,0,0,0,0,0,0,0,0,0,0,0,0,0,0,0,0,0,0,0,0,0,0,0,0,0,1,0,0,0,0,0,0,0,0,0,0,0,0,0,0,0,0,0,0,0,0,0,0,0,0,0,0,0,0,0,0,0,0,0,0,0,0,0,0,0,0,0,0,0,1,1,0,0,0,0,0,2,0,1,0,0,0,0,0,0,0,0,0,0,0,0,2,0,2,0,1,0,0,0,0,0,0,0,0,0,0,0,0,0,0,0,0,1,0,1,0,0,0,0,1,0,0,0,0,1,0,1,0,10,0,0,0,0,0,0,0,0,0,0,0,0,0,0,0,0,2,0,0,0,0,0,0,0,2,0,0,0,0,0,0,0,2,0,0,0,1,1,0,0,1,0,0,0,0,0,0,1,0,0,0,0,0,0,0,0,0,0,0,0,0,0,0,0,0,0,0,0,0,0,0,0,0,0,0,0,0,0,1,1,0,0,0,0,0,0,0,0,0,0,0,0,0,0,0,0,0,0,0,0,0,0,0,0,0,0,0,0,0,0,0,0,0,0,0,0,0,0,0,0,0,0,0,0,0,0,0,0,0,0,0,0,0,0,0,0,0,0,0,0,0,0,0,0,0,0,0,0,0,0,0,0,0,0,2,0,0,0,22,0,0,0,0,0,0,1,1,1,0,0,1,0,0,0,1,0,0,0,0,4,0,0,0,1,1,1,0,0,0,0,4,0,0,1,0,0,2,0,0,0,0,1,0,3,1,2,0,0,2,0,1,0,0,0,0,0,0,0,0,0,0,0,0,0,0,0,0,0,0,0,0,0,0,0,0,0,0,0,0,0,0,0,0,0,0,0,0,0,0,2,0
177,2194,ESCOLA MUNICIPAL SÃO LUIZ,RUA SILVEIRA PEIXOTO,ÁGUA VERDE,-25.452813,-49.281688,9,0,2560,2057,81,63,0,1,1,3,31,7,2,0,0,2,28,0,0,1,20,0,1,0,1,3,3,11,0,1,0,0,1,1,0,0,0,0,0,9,0,0,0,0,0,0,0,0,2,1,52,0,68,0,0,8,0,2,0,0,6,1,1,1,8,0,2,0,2,1,0,0,3,0,5,0,1,0,0,19,0,0,0,3,0,2,1,0,0,0,7,0,0,0,0,112,0,1,0,2,1,0,0,2,2,0,0,0,1,0,1,0,0,0,0,0,0,0,0,0,0,1,0,0,9,0,0,2,9,0,0,42,0,3,0,2,1,6,1,35,48,24,10,2,0,0,0,0,30,0,2,1,0,0,0,24,4,0,1,3,0,0,0,0,3,2,1,0,4,0,0,9,0,0,0,2,0,0,0,0,0,0,1,0,0,0,0,0,0,5,26,0,0,0,0,0,0,0,0,0,2,0,1,1,0,0,0,0,0,0,5,0,3,0,0,0,3,0,0,0,0,0,0,0,0,0,0,0,1,0,0,2,2,0,1,0,0,2,0,0,0,0,0,0,0,0,0,0,4,0,0,0,0,0,0,0,0,0,0,0,0,0,0,0,0,0,0,19,8,1,0,0,0,10,0,0,0,0,0,0,0,0,0,0,0,0,0,5,0,0,0,0,9,0,0,1,0,0,0,0,1,0,1,2,0,0,0,0,0,3,0,0,0,0,0,0,3,0,47,8,4,32,1,0,2,0,0,3,1,0,0,0,1,1,41,18,16,0,11,0,0,0,2,9,0,7,2,0,0,0,3,0,9,0,2,15,0,21,0,1,0,1,5,0,0,1,1,42,1,3,7,137,0,0,0,0,0,0,0,0,0,0,0,0,0,1,0,0,11,0,0,0,0,0,0,3,44,1,2,0,20,0,2,0,21,0,0,2,1,2,0,1,1,57,19,1,11,0,1,16,0,0,0,2,1,3,0,0,0,0,0,0,0,0,0,0,0,0,1,0,0,0,0,0,0,0,0,0,0,3,0,2,0,0,0,0,1,0,0,0,1,9,0,0,0,0,8,1,0,0,0,0,0,0,0,0,1,0,0,0,0,0,0,0,0,0,0,0,3,0,0,0,3,0,1,3,0,0,0,0,0,0,0,0,1,0,0,0,0,0,0,0,0,1,2,0,0,0,1,1,0,1,0,0,0,0,2,0,0,0,80,1,0,1,0,1,6,6,10,0,0,3,5,4,0,1,0,1,47,0,1,4,0,0,0,0,6,1,4,0,2,0,88,0,1,15,0,1,6,0,0,0,1,7,3,8,5,7,1,0,5,2,1,0,0,0,0,1,0,0,0,0,0,0,0,0,2,0,0,0,0,0,0,2,0,0,0,0,1,0,0,0,0,0,0,0,0,0,0,0,0,0,0
177,2208,SOCIEDADE RECREATIVA INTERNACIONAL DA AGUA VERDE,"AVENIDA REPÚBLICA ARGENTINA, 235",ÁGUA VERDE,-25.448687,-49.287312,9,0,1572,1235,46,30,0,1,2,2,14,7,1,0,0,1,15,0,0,0,13,0,0,0,0,0,2,5,0,0,0,1,0,1,0,0,1,0,0,5,0,0,0,1,0,0,0,0,1,3,55,0,26,0,0,1,0,0,0,0,6,1,0,2,5,0,1,0,0,1,0,0,0,0,0,0,1,0,0,12,0,0,0,2,0,0,0,0,0,1,1,0,0,0,0,72,0,0,0,1,0,0,0,0,0,0,0,0,0,0,3,1,0,1,0,0,0,0,0,0,0,0,0,0,4,1,0,0,7,0,0,22,0,4,3,1,1,8,0,18,18,12,9,0,0,0,0,0,15,0,2,0,1,1,0,14,0,0,4,0,0,0,0,1,0,2,1,0,7,0,0,6,0,0,0,0,0,0,0,0,0,0,0,0,0,0,0,0,0,2,21,0,0,0,0,0,0,0,0,1,3,0,0,0,0,0,0,1,0,1,0,0,1,0,0,0,3,0,0,0,0,0,0,0,0,1,1,0,1,0,0,0,2,0,0,0,0,0,0,0,0,0,0,0,0,0,0,0,0,0,1,0,0,0,0,0,0,0,0,0,0,0,0,0,0,0,0,12,4,0,0,0,0,3,2,0,1,1,0,0,0,0,0,0,0,0,0,1,0,0,0,0,1,0,0,0,0,0,0,0,1,0,1,0,0,0,1,0,1,0,0,0,0,0,0,0,0,0,29,3,3,17,1,0,1,0,0,6,0,0,2,0,0,0,25,15,10,0,6,0,0,0,0,5,0,3,1,0,0,1,2,0,0,0,0,5,0,12,1,1,2,1,7,0,0,1,0,36,0,4,6,67,0,0,0,0,0,0,0,0,0,0,0,0,0,0,0,0,6,0,0,0,0,0,0,0,38,0,1,0,11,0,0,0,10,0,0,0,0,0,0,0,4,35,16,4,3,1,0,18,0,1,0,0,2,5,0,0,0,0,0,0,0,0,0,0,0,0,1,0,1,0,1,0,1,0,0,0,0,0,0,1,0,0,0,0,1,0,1,0,1,12,0,0,0,0,7,2,0,0,0,0,0,0,0,0,0,0,0,0,0,0,0,0,0,0,0,0,1,0,0,0,1,0,0,1,0,0,0,0,0,0,0,1,0,0,0,0,0,0,1,0,0,0,2,0,0,0,0,0,0,0,0,0,0,0,1,1,0,0,45,1,0,0,0,0,4,3,12,2,0,2,3,4,0,0,3,0,21,0,0,8,0,0,1,0,2,0,2,0,0,0,36,1,0,2,1,0,6,3,0,0,0,5,2,6,5,5,1,0,5,0,1,0,0,0,0,0,0,0,0,0,0,0,0,0,0,0,0,0,0,0,0,1,0,0,0,0,1,0,0,0,0,0,0,0,0,0,0,0,0,0,0
178,1201,COLÉGIO IMACULADA CONCEIÇÃO,AVENIDA MANOEL RIBAS  6318,SANTA FELICIDADE,-25.40225054,-49.33119197,63,0,6638,5557,220,130,0,20,4,12,60,8,3,1,0,5,81,1,0,0,44,1,0,0,2,3,1,19,1,3,3,0,0,2,0,0,1,0,0,35,2,0,0,0,0,0,0,0,10,14,524,0,88,0,5,0,0,0,2,0,14,3,7,4,18,2,1,0,0,0,0,0,0,0,35,2,3,0,0,99,0,0,0,1,1,2,3,1,0,7,6,0,0,0,0,163,0,15,1,8,1,0,0,1,0,0,0,0,16,1,4,1,0,1,0,0,1,0,0,0,0,0,0,0,8,3,0,1,20,1,1,43,0,13,0,2,2,25,1,48,62,37,13,2,0,0,3,1,80,1,2,3,1,3,1,33,0,1,3,1,0,2,0,0,2,6,3,0,5,0,3,28,0,0,0,1,0,0,0,0,0,0,0,1,0,0,0,1,0,9,93,0,0,1,0,1,0,0,0,0,2,2,4,0,1,0,2,3,0,2,5,1,35,0,4,0,20,0,0,4,0,0,0,0,0,3,2,0,2,0,0,0,5,0,1,0,0,0,1,0,0,0,0,0,0,0,0,0,0,0,2,0,0,0,0,0,0,0,0,0,0,0,0,0,0,0,0,47,14,0,0,0,3,11,3,4,1,0,0,0,0,0,0,0,5,0,0,6,0,2,0,0,12,0,0,3,0,0,0,0,0,1,2,10,0,0,0,0,1,14,0,0,0,0,0,0,0,0,123,3,2,85,6,0,1,0,5,7,0,0,0,1,3,4,97,55,17,3,11,0,1,0,3,42,2,14,2,1,0,6,5,3,19,0,4,22,0,38,0,5,3,1,15,0,4,0,5,120,0,15,9,334,1,0,0,0,0,0,0,0,0,0,0,0,1,0,0,1,16,0,0,0,0,0,0,3,93,5,4,0,40,3,5,0,22,0,0,3,2,3,0,2,3,56,30,64,5,0,0,37,0,2,1,7,2,6,0,1,0,5,0,0,2,0,0,0,0,0,0,0,6,0,0,0,0,0,3,0,4,2,1,1,1,0,0,0,1,0,1,0,0,12,0,0,0,0,53,2,0,0,0,0,46,0,0,0,3,1,0,0,0,0,0,0,0,0,1,1,3,0,2,0,4,0,0,1,1,0,0,0,0,0,0,1,1,0,0,0,0,0,0,0,0,0,4,0,0,0,0,0,0,0,0,1,0,0,10,0,1,0,118,2,0,1,0,0,18,8,33,6,0,13,16,17,5,2,6,0,25,0,0,27,1,0,0,1,7,3,2,0,0,4,191,4,5,18,1,0,18,0,0,0,0,13,3,23,24,16,11,3,12,1,1,0,1,0,0,0,4,1,0,0,1,0,0,0,0,0,1,0,0,0,0,658,0,0,0,0,1,0,0,0,0,0,0,0,0,0,0,1,0,2,1
178,1210,COLÉGIO ESTADUAL ÂNGELO VOLPATO,RUA JOAO VALLE 23,SANTA FELICIDADE,-25.39754455,-49.3188192,63,0,3784,3075,199,115,0,13,3,13,55,11,5,1,0,3,35,2,3,0,23,1,0,0,2,2,3,7,0,2,0,0,0,1,0,0,0,0,0,11,0,0,1,0,0,0,0,1,13,10,286,0,48,0,2,1,0,0,1,0,5,1,1,0,6,0,1,0,1,0,0,0,0,0,19,2,1,0,0,35,0,0,0,0,2,1,2,1,0,2,4,0,0,0,0,85,0,6,0,2,1,0,0,1,2,0,0,0,4,0,3,0,0,0,0,0,0,0,0,0,0,0,0,0,4,8,0,0,22,0,0,41,0,17,1,1,1,16,0,29,24,32,7,3,0,0,1,2,36,0,1,1,3,2,0,17,1,1,6,0,0,0,0,0,3,4,0,0,3,0,0,17,0,0,0,0,0,0,0,0,0,1,0,0,0,0,0,0,0,5,58,0,0,1,0,0,0,0,0,0,1,2,3,1,0,0,1,2,1,2,9,0,37,0,0,0,19,0,0,2,0,0,1,0,0,0,0,0,0,0,0,0,4,0,0,0,0,0,0,0,0,0,0,0,0,0,0,0,0,0,0,0,0,0,0,0,4,0,0,0,0,0,0,0,0,0,0,31,9,0,0,0,2,5,0,1,0,0,0,0,0,0,0,0,3,1,0,1,0,1,0,0,9,0,2,1,0,0,0,0,1,1,1,21,0,0,0,0,1,4,0,0,0,0,0,0,0,0,49,1,4,32,1,0,0,0,3,12,0,0,0,2,7,1,34,62,8,0,8,2,3,0,1,21,0,5,0,0,0,6,0,1,8,0,4,21,0,13,0,0,1,0,7,0,0,0,6,98,2,6,1,138,2,0,0,0,0,0,0,0,0,0,0,0,0,1,0,0,10,0,0,0,0,0,0,3,55,4,3,0,20,0,0,2,7,0,0,2,1,4,0,4,4,33,17,6,2,0,0,16,0,2,0,7,1,5,0,0,0,2,0,0,0,0,0,0,0,0,1,0,2,0,2,0,1,0,0,0,4,0,2,0,0,0,0,0,2,0,1,0,1,15,0,0,0,0,32,0,0,0,0,0,19,0,0,0,1,0,0,0,0,0,0,0,0,0,0,0,0,0,2,0,1,0,0,3,0,0,0,0,0,0,0,1,2,0,0,1,0,8,0,0,0,0,5,0,0,0,0,0,0,0,0,1,0,0,4,0,0,0,75,0,0,0,0,1,24,2,17,5,0,10,13,3,6,0,0,0,5,0,0,8,1,0,0,0,5,0,0,0,0,0,82,0,0,3,0,1,15,0,0,1,0,8,2,6,9,8,7,1,5,1,4,0,0,0,0,0,0,0,0,0,0,0,0,1,0,0,0,0,0,0,0,233,1,0,0,0,0,0,1,0,0,0,4,0,0,0,0,1,0,0,0
178,1228,COLÉGIO ESTADUAL PROFESSOR FRANCISCO ZARDO,AVENIDA MANOEL RIBAS 7149,SANTA FELICIDADE,-25.39928334,-49.33899085,63,0,3948,3184,163,113,0,11,3,6,39,2,3,1,0,4,42,1,0,1,15,0,0,0,4,3,1,4,1,4,2,1,0,0,0,0,1,0,0,23,1,0,0,0,0,0,0,0,12,3,257,0,44,0,2,4,0,0,0,0,2,2,0,0,7,0,2,2,0,2,0,0,1,0,31,0,1,0,0,51,0,0,0,0,0,2,0,1,0,4,2,0,2,0,0,70,0,7,0,1,0,0,2,0,3,0,0,1,4,0,3,0,0,0,0,0,1,0,0,0,0,0,0,0,8,1,0,0,11,1,3,34,0,5,1,5,4,15,0,30,38,12,10,3,0,0,0,0,32,0,3,0,0,3,1,23,1,0,1,0,0,1,0,0,0,1,1,0,5,0,0,18,0,0,0,3,0,0,0,0,0,0,2,1,0,0,0,0,0,7,56,0,0,1,0,1,0,0,0,0,2,1,4,0,0,0,3,1,0,1,2,0,25,0,2,0,8,0,0,2,0,0,0,0,0,4,0,0,1,0,0,0,0,0,0,0,0,0,0,1,0,0,0,0,0,1,0,0,0,0,0,0,0,0,0,0,0,0,0,0,0,0,1,0,1,0,0,40,12,0,0,0,0,4,2,2,0,0,0,0,0,0,0,0,2,0,0,3,0,2,2,0,3,0,3,0,1,0,0,0,0,0,0,0,0,0,0,0,0,5,0,0,0,1,0,0,0,0,77,3,1,49,1,0,0,0,2,5,0,0,0,0,4,2,56,37,5,0,12,1,1,0,3,20,1,6,1,0,0,3,3,5,12,2,0,17,0,22,1,1,2,3,10,0,1,0,0,56,4,0,7,180,0,0,0,0,1,0,0,0,0,0,0,0,0,0,1,0,12,0,0,0,0,0,0,4,71,2,2,0,14,0,0,0,9,0,0,0,2,4,0,5,4,23,15,16,2,4,0,16,1,1,0,1,3,0,1,0,0,2,0,0,0,1,0,0,0,2,0,0,4,0,0,0,0,0,2,0,2,0,1,0,0,0,0,0,0,2,1,0,0,24,0,0,2,0,29,2,1,1,1,0,45,0,0,0,0,0,0,0,0,0,0,0,0,0,0,0,0,1,1,0,2,0,0,0,0,0,0,0,0,0,0,1,1,0,0,0,0,0,2,0,2,0,3,0,0,0,0,0,1,0,0,0,0,0,4,0,0,0,78,0,0,0,1,0,8,9,15,0,0,9,4,6,6,0,1,0,6,0,0,12,0,0,0,0,0,1,0,0,1,0,77,0,2,4,0,0,14,1,0,0,0,3,3,15,9,8,2,0,2,0,4,0,0,0,0,0,0,0,0,0,0,0,0,2,0,0,1,0,0,0,0,448,0,0,0,0,0,0,0,0,0,0,1,0,0,0,0,1,0,1,0
178,1236,COLÉGIO ESTADUAL SANTA FELICIDADE,"RUA BORTOLO PAULIN, 227",SANTA FELICIDADE,-25.40656738,-49.33910441,63,0,2767,2271,88,76,0,10,1,9,29,4,2,0,0,0,24,2,1,0,14,0,1,1,1,0,1,4,0,3,0,0,0,0,0,0,0,0,0,27,0,0,0,0,0,4,0,0,7,0,171,0,32,0,5,0,0,0,1,0,0,6,4,0,2,0,4,0,1,3,0,0,0,0,16,0,0,0,3,15,0,2,0,1,0,1,2,0,0,3,2,0,0,0,0,81,0,3,0,1,1,0,0,0,1,0,0,0,1,0,2,0,0,0,2,0,0,0,0,0,0,0,0,0,4,3,0,0,13,0,1,34,0,4,0,0,2,11,0,18,23,18,8,2,0,0,0,0,25,0,1,1,0,5,0,11,2,1,0,0,0,0,0,0,0,1,0,1,9,0,0,17,0,0,0,1,0,0,0,0,0,0,2,0,0,2,0,0,0,0,33,1,0,0,0,0,0,0,0,0,4,1,0,0,0,0,0,1,0,0,2,0,12,0,1,0,3,0,0,0,0,0,0,0,0,1,0,0,1,0,0,0,2,0,0,0,0,0,0,0,0,0,0,0,0,0,0,0,1,0,0,0,0,0,0,0,0,0,1,0,0,0,0,0,0,0,0,16,5,0,0,0,0,2,4,2,1,0,0,0,0,0,0,0,5,0,0,2,1,1,1,2,2,0,0,3,0,0,0,0,0,0,0,0,1,0,0,0,0,4,0,0,0,0,0,0,1,0,34,1,3,48,2,0,1,0,2,3,0,0,0,0,0,0,49,18,4,0,7,0,0,0,1,15,0,4,3,0,0,3,0,0,7,1,0,9,0,17,0,2,2,0,4,0,0,0,1,51,1,0,1,131,1,0,0,1,0,0,0,0,0,0,0,0,0,0,0,0,12,3,0,0,0,1,0,4,43,3,4,0,15,0,1,1,10,0,1,0,2,1,0,3,2,22,10,9,3,1,0,16,0,0,0,5,0,4,0,0,0,0,1,0,1,0,0,0,0,0,1,0,0,0,0,0,0,0,0,0,0,0,1,0,0,0,0,0,0,0,0,0,0,10,0,0,0,0,18,1,0,1,0,0,11,0,0,0,0,0,0,0,0,0,0,0,1,0,0,0,0,0,0,0,4,0,0,0,0,0,0,0,0,0,0,1,0,0,0,0,0,0,0,0,0,0,1,0,0,0,0,0,0,0,0,2,0,0,2,0,0,0,72,0,0,0,0,1,9,5,14,3,0,3,3,7,1,0,0,0,3,0,0,8,1,0,0,0,1,0,1,0,0,0,62,2,2,8,0,0,31,1,0,0,0,5,3,7,5,1,3,0,8,0,1,0,0,0,0,1,0,0,0,0,0,0,0,1,0,0,0,0,0,0,0,325,0,0,0,0,0,0,0,0,0,0,0,0,0,1,0,0,0,1,0
178,1244,ESCOLA MUNICIPAL FOZ DO IGUACU,"RUA JOAO REFFO, 1304",SANTA FELICIDADE,-25.38094566,-49.33416337,63,0,3730,3070,180,116,0,18,4,7,45,1,3,0,2,1,52,1,1,0,24,0,0,0,3,4,0,12,1,2,0,0,0,0,0,1,3,0,0,37,0,1,0,0,0,1,0,0,11,3,310,0,50,0,2,2,0,0,1,0,3,2,1,2,7,0,0,0,0,5,0,0,0,0,23,3,3,0,0,69,0,0,0,0,0,5,2,0,0,2,8,0,0,0,0,72,0,7,0,0,5,0,0,0,0,0,0,0,2,0,2,0,0,0,0,0,0,0,0,0,0,0,0,1,5,6,1,2,21,1,1,33,0,3,0,3,2,12,0,38,31,31,9,1,0,0,0,1,41,0,0,1,4,3,0,10,2,0,2,0,0,0,0,1,0,1,0,0,5,0,1,14,0,0,0,0,0,0,0,0,1,0,0,1,0,1,0,0,0,6,52,0,0,1,0,0,0,1,0,0,8,2,16,4,0,0,1,0,1,0,7,2,57,1,0,0,15,1,1,9,0,0,0,0,0,1,2,0,0,0,0,0,4,0,0,0,1,0,0,0,0,0,0,0,0,0,0,0,1,0,0,0,0,0,0,2,1,0,0,0,0,0,0,0,0,0,0,27,5,0,1,0,0,6,3,2,1,0,0,1,0,0,0,0,1,0,0,3,0,0,0,0,9,0,1,2,0,0,0,0,0,0,1,3,0,0,0,0,0,7,0,0,2,0,0,0,0,0,48,2,0,34,7,0,2,0,24,3,0,2,0,3,5,0,43,54,4,0,3,1,0,0,1,27,0,5,2,0,0,5,7,1,3,0,1,53,0,30,0,1,0,0,17,0,1,0,2,59,2,7,3,134,1,1,0,0,0,0,0,0,0,0,0,0,0,0,0,0,3,1,0,0,0,0,0,2,62,0,1,0,14,1,0,0,11,1,2,0,0,4,0,11,2,15,14,11,1,0,0,24,0,1,2,6,0,1,0,0,0,0,0,0,0,0,0,0,0,0,0,0,0,0,0,0,0,0,2,0,1,0,1,0,0,0,0,4,0,0,1,1,0,20,0,0,0,0,42,0,0,0,0,0,20,0,0,0,4,0,0,0,0,0,0,1,1,0,0,0,2,0,1,0,1,0,0,1,0,0,0,0,0,0,1,2,0,0,0,0,0,0,0,0,0,0,1,0,0,0,0,0,0,0,0,1,0,0,2,0,0,0,74,0,0,2,0,0,3,3,17,0,0,5,5,6,4,0,1,0,3,0,1,12,0,0,0,2,1,3,0,0,1,1,49,0,0,5,0,0,10,0,0,0,0,5,3,12,8,8,2,0,8,0,3,0,0,0,0,0,3,0,0,0,0,0,0,0,0,0,1,0,0,0,1,223,0,0,0,0,0,0,0,0,0,0,1,0,0,1,0,0,0,1,0
178,1295,COLÉGIO ESTADUAL PINHEIRO DO PARANÁ,"RUA DANIEL CESARIO PEREIRA,  559",SANTA FELICIDADE,-25.38617612,-49.33281159,63,0,1983,1604,106,57,0,6,4,4,26,3,2,0,0,1,24,0,0,0,17,0,0,0,2,2,0,4,0,2,0,0,1,0,0,0,0,0,0,7,0,1,0,0,0,1,0,0,3,3,131,0,29,0,0,1,0,0,1,0,0,2,1,0,7,0,2,0,1,0,0,0,0,0,16,0,0,0,0,27,0,0,0,0,0,0,2,0,0,1,0,0,0,0,0,40,0,2,0,2,0,0,0,0,0,0,0,0,2,0,6,0,0,0,0,0,1,0,0,0,0,0,0,0,2,4,0,1,15,0,0,27,0,1,0,0,6,8,0,15,30,11,4,2,0,1,0,0,12,1,0,0,0,0,0,14,2,0,0,0,0,0,0,0,0,0,0,0,3,0,1,7,0,0,0,0,0,0,0,0,0,1,1,0,0,0,0,0,0,5,37,0,0,1,0,0,0,0,0,0,4,1,11,0,0,0,1,1,0,0,3,0,13,0,0,0,4,0,0,0,0,0,0,0,0,1,0,1,0,0,0,0,5,0,0,0,0,0,0,0,0,0,0,0,1,0,0,0,0,0,0,0,0,0,0,0,0,0,0,0,0,0,0,0,0,0,0,16,4,0,0,0,0,1,2,2,0,0,0,0,0,0,0,0,2,0,0,1,0,0,1,0,5,1,1,2,0,0,0,0,0,0,0,6,0,0,0,1,0,5,0,0,0,0,0,0,0,0,30,4,0,17,4,0,0,0,4,5,0,0,1,0,2,1,19,21,1,0,7,1,0,0,0,11,0,3,0,0,0,2,0,0,5,0,0,11,0,9,0,0,1,3,14,0,1,0,0,34,1,1,3,87,0,0,0,0,0,0,0,0,0,0,0,0,0,0,0,0,5,0,0,0,0,0,0,2,39,1,1,0,11,0,1,0,5,0,2,0,0,0,1,1,2,16,10,2,1,0,0,10,0,0,0,8,0,0,0,0,0,0,0,0,0,0,0,0,0,1,0,0,0,0,0,0,0,0,0,0,0,0,0,2,0,0,0,0,0,0,0,0,0,6,0,0,0,0,13,1,0,0,0,0,9,0,0,0,1,1,0,0,0,0,0,0,0,0,0,0,0,0,0,0,0,0,0,1,0,0,0,0,0,0,0,0,0,1,0,0,0,1,0,0,1,0,0,0,1,0,0,0,0,0,0,0,0,0,1,0,0,0,44,0,0,3,0,0,7,0,8,0,0,2,0,6,6,0,0,0,6,0,0,10,0,0,0,0,1,3,1,0,0,0,35,0,0,1,2,0,1,0,0,0,0,3,1,7,8,7,1,0,4,0,0,0,0,0,0,0,0,0,0,0,0,0,0,0,0,0,0,0,0,0,0,115,0,0,0,0,0,1,0,0,0,0,0,1,0,0,0,0,0,1,0
178,1309,ESCOLA MUNICIPAL PROFESSORA SÔNIA MARIA COIMBRA KENSKI,RUA WANDA WOLFF1186 -CJ MONTE VERDE,SANTA FELICIDADE,-25.37554193,-49.32739078,63,0,1496,1241,73,52,0,5,0,4,20,1,1,0,0,1,16,0,2,0,11,1,0,0,0,0,1,4,0,0,0,0,0,0,0,0,0,0,0,18,0,0,0,0,0,0,0,0,0,2,118,0,8,0,0,1,0,0,1,0,1,1,1,0,0,0,2,0,0,0,0,1,1,0,9,0,1,0,0,28,0,0,0,0,0,0,0,0,0,1,0,0,0,0,0,37,0,4,0,1,0,0,0,0,0,0,0,0,1,0,3,0,0,0,0,0,0,0,0,0,0,0,0,0,1,2,0,0,9,0,0,17,0,2,0,1,2,5,0,18,12,12,5,1,0,0,0,1,13,0,0,0,0,2,0,14,0,0,2,0,1,0,0,0,0,2,0,0,6,0,0,10,0,0,1,0,0,1,0,0,0,0,0,0,0,0,0,0,0,1,26,0,0,0,0,0,0,0,0,0,2,0,1,0,0,0,0,0,0,1,1,0,20,0,2,0,3,0,0,2,0,0,0,0,0,0,0,0,0,0,0,0,0,0,0,0,0,0,0,0,0,0,0,0,0,0,0,0,0,0,0,0,0,0,0,0,0,0,0,0,0,0,0,0,0,0,0,14,7,0,0,0,0,2,5,0,0,0,0,0,0,0,0,0,0,0,0,2,0,0,0,0,7,0,0,0,0,0,0,0,0,0,0,0,0,0,0,0,0,1,0,0,0,0,0,0,0,0,23,0,1,17,6,1,0,0,8,1,0,0,0,0,0,0,20,25,4,0,1,0,0,1,0,6,0,0,0,1,0,2,3,0,1,0,4,13,0,2,0,0,2,1,7,0,0,0,3,19,1,1,0,62,0,0,0,0,0,0,0,0,1,0,0,0,0,0,0,0,5,0,0,0,0,0,0,3,21,1,1,0,1,0,1,0,4,0,0,1,0,5,0,2,0,11,4,5,0,0,0,4,0,0,0,3,0,1,0,0,0,0,0,0,1,0,0,0,0,0,0,0,0,0,1,0,1,0,2,0,0,0,1,1,0,0,0,0,0,0,2,0,0,4,0,0,0,1,10,3,0,0,0,0,10,0,0,0,0,0,0,0,0,0,0,0,0,0,1,0,0,0,0,0,0,0,0,1,0,0,0,0,0,0,1,0,0,0,0,0,0,0,0,0,0,0,0,0,0,0,0,0,0,0,0,0,0,0,1,0,0,0,33,0,0,0,0,0,5,5,8,0,0,9,4,2,1,0,0,0,1,0,0,1,0,0,0,0,0,0,0,0,3,0,19,2,0,2,0,0,3,0,0,0,0,2,3,2,2,2,0,0,1,0,3,0,0,0,0,0,0,0,0,1,0,0,0,0,0,0,0,0,0,0,0,104,0,0,0,0,0,0,0,0,0,0,0,0,0,0,0,0,0,3,0
178,1635,ESCOLA BAMBINATA,RUA BASSAMO DE GRAPPA 625,SANTA FELICIDADE,-25.39796666,-49.32185856,63,0,1958,1621,62,45,0,2,1,1,16,5,0,0,0,1,11,1,0,0,13,0,0,0,1,1,0,3,0,0,0,0,0,0,0,0,0,0,0,11,0,0,0,0,0,0,0,2,2,3,118,0,39,0,2,0,0,0,5,0,4,3,1,1,1,0,2,0,0,0,0,0,2,0,18,0,1,0,0,17,0,0,0,0,0,0,0,0,1,0,3,0,0,0,0,73,0,5,1,2,0,0,0,0,2,0,0,0,2,0,1,0,0,0,0,0,0,0,0,0,0,0,0,0,6,1,0,0,10,0,0,27,0,3,3,2,0,11,0,18,19,15,2,3,0,0,0,0,17,0,0,0,0,1,0,9,0,0,2,0,0,1,0,0,0,0,0,0,3,0,1,20,0,4,0,0,0,0,0,0,0,0,0,0,0,0,0,0,0,6,34,0,1,0,0,0,0,0,0,0,2,0,0,0,0,0,0,0,0,3,0,0,11,0,0,0,12,0,0,1,0,0,0,0,0,0,1,0,0,0,0,0,2,0,1,0,0,0,0,0,0,0,0,0,1,0,0,0,0,0,2,0,0,0,0,1,0,0,0,0,0,0,0,0,0,0,0,10,6,0,0,0,0,7,1,0,0,0,0,0,0,0,0,0,0,0,0,1,0,0,0,0,6,0,0,2,0,0,0,0,0,1,0,3,3,0,0,0,2,4,0,0,0,0,0,0,0,0,40,0,4,42,0,0,0,0,3,6,0,0,0,0,0,0,14,17,4,0,3,0,0,0,1,16,0,5,1,0,0,3,0,0,3,1,4,11,0,11,0,0,2,1,11,0,1,0,0,37,1,5,6,119,0,0,0,0,0,0,0,0,0,0,0,0,0,0,0,0,7,1,0,0,0,0,0,2,37,1,1,0,13,0,0,0,8,0,0,1,1,0,0,1,0,18,13,2,3,0,0,10,0,0,0,2,1,4,0,0,0,0,0,0,0,0,0,1,0,0,0,0,1,0,1,0,1,0,0,0,0,0,0,0,0,0,0,0,1,0,1,2,0,6,0,0,0,0,18,0,0,2,0,0,6,0,0,0,0,0,0,0,0,0,0,0,0,0,1,0,0,0,0,0,0,0,0,2,0,0,0,0,0,0,0,0,0,0,0,0,0,2,0,0,0,0,1,0,0,0,0,0,0,0,0,0,0,0,0,0,0,0,62,1,0,1,1,1,8,3,9,0,0,2,1,1,0,0,0,0,2,0,0,5,0,0,0,3,1,1,0,0,0,0,54,0,0,4,0,0,7,1,0,0,0,9,6,5,6,1,4,0,4,0,3,0,0,0,0,0,0,0,0,0,0,0,0,1,0,0,0,0,0,0,0,83,0,0,0,0,0,0,0,0,0,0,0,0,0,0,0,0,0,0,0
178,1643,ESCOLA MUNICIPAL DOS VINHEDOS,"RUA ZEM BERTAPELLE, 284",SANTA FELICIDADE,-25.398119,-49.33097145,63,0,1966,1611,89,63,0,11,0,5,17,6,1,1,0,2,14,0,0,0,5,0,0,0,1,0,0,1,0,0,0,0,0,0,0,0,0,0,0,19,0,0,0,0,0,0,0,0,3,3,136,1,34,0,3,0,0,0,0,0,1,0,0,1,2,0,2,0,0,0,0,0,0,1,17,1,0,0,0,27,0,0,0,1,0,1,1,0,0,0,0,0,0,0,1,57,0,10,0,1,2,0,1,0,0,0,0,1,3,0,4,0,0,0,0,0,0,0,0,0,0,0,0,0,4,4,0,0,11,0,0,16,0,5,0,0,0,8,0,22,31,12,8,1,0,0,0,1,18,0,0,0,0,1,1,16,0,0,2,0,0,0,0,0,2,0,1,0,8,0,1,8,0,0,0,2,1,0,0,0,0,0,0,2,0,0,0,0,0,1,34,0,0,0,0,0,0,0,0,0,0,0,3,0,0,0,1,2,0,0,0,0,10,0,1,0,8,0,0,2,0,0,0,0,0,1,0,0,0,0,0,0,0,0,1,0,0,0,1,0,0,0,0,0,0,0,0,0,0,0,0,0,0,0,0,0,0,0,0,0,0,0,0,0,0,0,0,11,2,0,0,0,1,9,5,0,0,0,0,0,0,0,0,0,0,0,0,1,1,1,0,0,9,0,0,0,0,0,0,0,0,0,0,2,0,0,0,0,0,5,0,0,0,0,0,0,0,0,32,1,0,26,0,0,0,0,0,0,0,0,0,0,0,0,30,15,3,0,2,5,0,0,1,8,0,3,0,0,1,7,1,0,4,0,1,16,0,8,1,0,1,0,4,0,2,0,0,28,0,0,2,72,0,0,0,0,0,0,0,0,0,0,0,0,1,0,0,0,4,0,0,0,0,0,0,0,31,0,1,0,12,1,0,0,5,0,0,2,3,0,0,2,3,21,4,9,4,0,0,9,0,1,0,1,0,3,0,0,0,0,0,0,0,0,0,0,0,0,0,0,0,0,0,0,1,0,1,0,1,0,0,0,0,0,0,0,0,1,2,0,0,11,0,0,0,0,8,0,0,1,0,0,22,0,0,0,0,0,0,0,0,0,0,0,0,0,0,0,0,0,1,0,1,0,0,1,0,0,0,1,0,0,0,1,0,0,0,0,0,2,0,0,0,0,0,0,0,0,0,0,0,0,0,0,0,0,3,0,1,0,65,0,0,1,0,0,6,1,8,0,0,6,4,2,5,0,0,0,1,0,0,11,0,0,0,0,1,0,0,0,2,0,30,0,0,4,1,0,3,0,0,0,0,0,1,5,6,9,2,0,4,0,1,0,0,0,0,0,0,0,0,0,0,0,0,0,0,0,0,0,0,0,0,132,0,0,0,0,0,0,0,0,0,0,0,1,0,0,0,0,0,1,0
178,1651,ESCOLA MUNICIPAL VEREADOR JOÃO STIVAL,"RUA JOÃO BUDEL, 163",BUTIATUVINHA,-25.39075404,-49.35511008,61,0,2536,2038,164,62,0,11,0,3,28,2,2,0,0,2,19,0,0,2,13,0,0,0,1,0,6,5,0,2,1,0,0,0,0,0,0,0,1,11,0,2,0,0,0,0,0,2,10,6,213,0,27,0,1,0,0,0,0,0,1,0,0,0,5,0,0,0,0,0,0,0,0,0,9,0,0,0,0,21,0,0,0,0,0,1,2,0,0,1,3,0,0,0,0,30,0,3,0,1,0,0,0,0,0,0,0,0,1,0,1,0,0,2,0,0,0,0,0,0,0,0,0,0,2,1,1,1,16,0,1,11,0,5,1,1,1,10,1,13,16,14,6,0,0,0,0,0,16,0,2,0,0,2,0,14,0,0,0,1,1,0,0,0,0,0,0,0,4,0,2,6,0,0,0,0,0,0,1,0,0,1,0,1,0,0,0,0,0,1,41,0,0,0,0,1,0,0,1,0,2,0,2,0,0,0,0,3,0,0,4,0,26,0,0,0,5,0,0,0,0,0,0,0,0,1,0,0,0,0,0,0,0,0,0,0,0,0,0,0,0,0,0,0,0,0,0,0,0,0,0,0,0,0,0,0,0,1,0,0,0,0,0,0,1,0,0,7,3,0,0,0,0,10,1,0,0,0,0,0,0,0,0,0,6,0,0,0,0,0,0,0,9,0,0,0,0,0,0,0,1,0,0,3,1,0,0,0,0,1,0,0,0,0,0,0,0,0,31,2,0,25,6,0,0,0,2,2,1,1,0,0,2,0,26,28,1,0,6,0,4,0,1,18,0,5,0,0,0,4,3,2,4,0,1,5,2,14,0,0,1,0,3,0,0,0,4,44,1,0,4,96,0,0,0,0,0,0,0,0,0,0,0,0,0,0,1,0,8,0,0,1,0,0,0,1,49,1,0,0,5,0,0,0,7,0,1,0,0,2,0,0,1,20,7,2,2,0,0,14,0,0,0,5,0,1,0,0,0,0,0,0,0,0,0,0,0,0,0,0,0,0,0,0,0,0,0,0,0,0,0,0,0,0,0,0,0,0,0,0,0,13,0,0,0,0,9,1,0,0,0,0,65,0,0,0,0,0,1,0,0,0,0,1,0,0,0,1,0,1,0,0,0,0,0,0,0,0,0,0,0,0,0,1,1,0,0,0,0,0,0,0,0,0,2,1,0,0,0,0,0,0,0,0,0,0,0,0,0,0,43,2,0,1,1,0,4,4,12,1,0,10,2,6,0,1,0,0,4,0,1,6,1,0,0,0,0,0,0,0,0,0,27,4,0,1,0,0,16,0,0,0,0,1,0,5,7,3,1,0,2,0,2,0,0,0,0,1,0,0,0,0,1,0,0,0,0,0,0,0,0,0,0,328,0,0,0,0,0,0,0,1,1,0,1,0,0,0,0,1,0,2,0
178,1880,COLÉGIO ESTADUAL JÚLIA WANDERLEY,AVENIDA VICENTE MACHADO  1643,BATEL,-25.43941328,-49.29194456,10,0,5977,4761,143,106,0,7,4,10,57,14,2,0,0,1,65,0,1,0,60,1,0,1,4,3,3,19,0,2,1,1,2,0,0,0,0,0,1,17,0,1,0,1,0,9,0,0,12,13,304,0,97,1,1,12,0,0,4,0,29,7,12,4,13,0,5,0,3,3,1,0,7,0,23,0,3,0,0,91,0,4,0,3,1,9,1,1,0,1,17,0,0,0,0,218,0,12,1,8,1,0,1,0,1,0,0,0,1,0,9,0,0,1,0,0,0,0,0,0,0,1,0,0,7,5,0,3,32,2,0,79,0,7,0,3,3,25,0,52,60,44,17,1,0,0,2,0,48,0,0,1,1,9,0,27,5,1,6,1,2,1,0,0,1,6,4,3,13,0,0,27,0,2,1,3,2,0,0,1,0,0,0,2,0,0,0,0,0,6,96,0,0,1,0,0,0,0,2,0,2,6,3,2,0,0,0,1,0,0,5,1,21,0,2,0,25,0,1,0,0,0,0,0,0,0,0,1,0,0,0,0,6,0,0,0,0,0,0,0,0,0,0,0,0,0,0,0,0,0,0,0,0,0,0,0,0,0,0,0,0,0,0,0,1,0,0,38,31,0,0,0,1,27,2,0,1,1,0,0,0,2,0,0,1,0,0,11,1,4,0,0,17,0,0,3,0,0,0,0,0,1,0,1,9,0,1,0,16,3,0,0,2,0,0,0,0,0,84,4,7,84,1,1,0,0,1,4,0,1,1,0,2,2,104,40,18,0,14,1,1,0,3,24,1,26,3,2,0,8,9,2,15,1,6,21,3,33,2,5,7,0,22,3,3,2,1,107,0,7,18,302,5,0,0,0,0,0,0,0,0,0,0,1,0,1,0,0,45,0,0,0,0,0,1,6,115,4,1,0,56,0,0,1,33,0,0,3,4,3,0,1,8,133,43,9,10,0,0,74,0,2,2,6,0,4,0,1,1,2,0,0,4,0,0,0,0,1,0,0,5,0,4,0,1,0,0,0,3,2,0,4,2,0,0,0,2,0,3,0,0,18,0,1,0,0,56,1,0,2,0,0,3,0,0,0,1,0,1,0,0,0,0,0,0,0,0,0,2,0,0,1,9,0,1,3,0,0,0,2,0,0,0,1,3,0,0,0,0,0,0,0,0,0,4,0,0,0,0,0,0,0,0,1,1,0,5,0,0,0,125,2,0,0,2,0,12,2,28,0,0,41,5,24,2,1,8,1,38,0,0,7,2,0,0,2,9,5,4,1,0,0,194,0,2,10,5,2,30,0,1,0,0,8,13,16,25,9,3,2,8,1,14,0,0,0,0,1,0,0,0,0,0,0,0,0,4,0,1,0,0,0,0,22,2,0,0,1,0,0,0,0,0,0,0,0,0,0,0,0,0,2,0
178,1899,FACULDADE EVANGÉLICA MACKENZIE DO PARANÁ,RUA PADRE ANCHIETA 2770,BIGORRILHO,-25.43550089,-49.30593985,11,0,2751,2225,69,50,0,2,1,5,18,5,2,0,0,2,33,0,0,0,26,1,0,1,0,1,2,5,0,0,0,1,0,0,0,0,0,0,0,9,0,0,0,0,0,1,0,0,4,7,100,0,26,0,0,7,0,0,2,0,7,6,2,2,7,0,0,0,0,5,0,0,3,0,6,0,1,0,0,35,0,0,0,1,0,3,2,0,0,1,7,0,0,0,0,89,0,8,0,4,3,0,1,0,1,0,0,0,3,0,1,0,0,0,0,0,1,0,0,0,0,0,0,0,5,8,1,0,21,0,2,50,0,1,0,1,2,16,0,34,38,16,8,2,1,0,0,1,35,0,1,0,1,4,2,21,0,0,4,0,0,0,0,0,0,0,1,0,3,0,0,11,0,0,0,1,0,0,0,0,0,0,1,0,0,0,0,0,0,3,40,0,1,0,0,0,0,0,0,0,1,1,2,0,0,0,0,6,0,1,2,0,9,0,2,0,5,0,0,0,0,0,0,0,0,2,1,1,1,0,0,0,6,0,0,1,0,0,0,0,0,0,0,0,0,0,0,0,0,0,0,0,0,0,0,0,0,0,0,0,0,0,0,0,1,0,0,28,15,0,0,0,3,13,2,0,0,0,0,0,0,0,0,0,4,0,0,3,0,7,0,0,4,0,0,3,0,0,0,0,0,0,1,0,2,0,1,0,3,1,0,0,1,0,0,0,0,0,49,1,3,27,2,0,1,0,0,4,0,0,0,3,0,1,63,21,13,0,9,2,0,0,3,12,0,11,2,2,0,1,1,3,13,0,4,5,1,30,0,2,1,1,14,0,0,0,4,57,0,2,8,166,3,0,0,0,0,0,0,0,0,0,0,1,0,0,0,0,20,0,0,0,0,0,0,2,51,0,1,0,21,0,1,0,15,1,0,3,1,3,0,0,3,71,30,3,4,0,0,37,0,0,2,1,1,0,0,0,0,1,1,0,0,0,0,0,0,0,0,0,9,0,1,0,0,0,0,0,2,0,2,2,0,0,0,0,1,0,3,1,0,10,1,0,0,0,20,1,0,0,0,0,1,0,0,0,0,0,0,0,0,0,0,0,0,0,0,0,0,0,0,0,1,0,2,0,0,0,0,0,1,0,0,0,0,0,0,0,0,1,0,0,0,0,3,0,0,0,0,0,0,0,0,2,0,0,2,0,0,0,71,0,0,0,3,2,5,3,10,1,0,1,3,11,4,0,2,0,10,1,0,5,0,0,0,1,3,2,1,0,1,0,79,3,0,2,2,0,9,3,0,0,0,3,6,14,3,7,0,0,3,1,3,0,1,0,0,0,0,0,0,0,0,0,0,2,1,0,0,0,0,0,0,5,1,0,1,1,0,0,0,0,0,0,0,0,0,0,0,0,0,2,0
178,1902,ESCOLA MUNICIPAL PARANAGUÁ,RUA PROFESSOR ANGELO ANTONIO DALLEGRAVE  12,SANTO INÁCIO,-25.42821452,-49.34379584,46,0,2503,2039,111,85,0,9,2,5,29,5,5,0,0,0,31,1,0,1,21,0,0,0,2,4,1,6,0,0,0,0,0,0,0,0,0,0,0,15,0,1,0,0,0,0,0,0,5,2,170,0,61,0,2,0,0,0,0,0,2,0,5,1,4,0,2,1,1,0,1,0,0,0,15,0,1,0,0,78,0,0,0,4,1,1,0,0,0,2,4,0,0,0,0,68,0,5,0,3,0,0,0,0,0,0,0,0,0,0,1,0,0,0,0,0,0,0,0,0,0,0,0,0,1,5,0,0,12,1,0,19,0,5,0,1,2,5,0,15,20,27,3,1,0,0,0,1,24,0,0,0,0,1,0,6,2,0,1,0,0,0,2,0,0,1,1,0,5,0,0,6,0,1,0,0,0,0,0,0,0,0,0,0,0,0,0,0,0,3,48,0,0,1,0,0,0,0,0,0,0,0,2,2,0,1,5,0,0,0,2,0,3,0,1,0,7,0,0,0,1,0,0,0,0,0,0,0,1,0,0,0,4,0,0,0,0,0,0,0,0,0,0,0,0,0,0,0,0,0,0,0,0,0,0,0,0,0,0,0,0,0,0,0,0,0,0,14,1,0,0,3,0,7,2,1,0,0,0,0,0,0,0,0,1,0,0,0,1,4,0,0,15,0,0,3,0,0,0,0,0,0,0,2,2,0,0,0,1,2,0,0,0,5,0,0,0,0,47,2,0,21,1,0,0,0,2,0,0,1,0,0,0,1,36,37,3,0,15,1,0,0,0,17,0,4,0,0,0,0,0,0,2,0,2,24,0,13,1,0,2,0,4,0,0,0,1,64,1,4,4,110,2,0,0,0,0,1,0,0,0,0,0,0,0,0,0,0,5,0,0,0,0,0,0,0,58,1,0,0,21,0,0,0,8,0,0,1,1,1,0,0,12,23,10,4,0,0,0,5,0,0,0,1,0,4,0,0,0,1,0,0,0,0,0,0,0,0,0,0,0,0,0,0,0,0,1,0,2,0,1,1,5,0,1,0,0,0,0,0,0,18,0,0,0,1,13,1,0,0,0,0,6,0,0,0,0,1,1,0,0,0,0,0,0,0,0,0,0,0,0,0,7,0,0,0,0,0,0,0,0,0,0,0,1,0,0,0,0,0,0,0,0,0,0,0,0,0,0,0,0,0,0,0,0,0,0,0,0,0,34,1,0,4,0,1,10,2,6,2,0,1,4,4,2,0,5,0,8,0,0,11,4,0,0,0,1,0,1,0,0,0,72,0,5,4,0,0,27,0,0,0,0,5,3,7,12,1,0,0,3,1,4,0,0,0,0,0,0,0,0,0,0,0,0,0,0,0,0,0,0,0,0,66,0,0,0,0,0,0,0,0,0,0,0,0,0,0,0,1,0,1,0
178,1910,COLÉGIO SION,ALAMEDA PRESIDENTE TAUNAY 260,BATEL,-25.43685949,-49.28380799,10,0,3945,3199,87,54,0,7,1,10,29,13,1,0,0,1,36,1,0,0,38,1,0,1,3,2,1,7,0,2,0,0,0,0,0,2,0,0,0,12,0,0,0,1,0,1,0,0,0,5,214,0,39,0,0,4,0,0,2,0,17,3,4,4,6,0,1,1,0,2,0,0,4,0,11,0,1,0,0,88,0,0,0,3,0,5,0,0,0,2,13,0,0,0,0,192,0,10,0,10,1,1,0,0,6,0,0,1,1,0,4,0,0,1,0,0,0,0,0,0,0,0,0,0,4,1,2,2,17,0,2,48,0,4,0,0,0,16,0,43,56,18,20,3,0,0,0,0,26,1,2,0,0,2,0,26,3,1,1,0,0,2,0,0,0,2,1,2,15,0,1,25,0,2,1,1,0,0,0,1,0,0,2,0,0,0,0,0,0,3,66,0,0,0,0,0,2,0,0,1,5,2,3,0,0,1,0,2,0,0,2,0,7,0,2,0,30,0,1,0,0,0,7,0,0,0,1,0,3,0,0,0,5,0,0,0,0,0,1,0,0,0,0,0,0,0,0,0,1,0,0,0,0,0,0,0,0,0,0,0,0,0,0,0,0,0,0,34,30,1,0,0,0,6,1,0,0,0,0,0,0,0,1,1,0,0,0,5,2,2,0,0,6,0,0,1,0,0,0,0,0,0,0,0,1,0,1,0,4,5,0,0,1,0,0,0,0,0,76,2,9,50,1,0,1,0,0,6,0,0,0,0,2,5,51,28,5,0,8,1,1,1,2,12,3,17,0,1,0,1,4,1,10,0,4,4,0,35,0,5,3,2,16,2,0,0,2,54,3,7,12,196,1,2,0,0,0,0,0,0,0,0,0,0,0,1,0,0,29,1,1,1,0,0,0,4,78,1,2,1,52,0,3,0,25,0,0,3,4,2,0,2,3,96,43,6,6,0,0,58,0,2,1,3,0,3,3,1,0,1,0,0,1,0,0,0,0,0,1,0,5,0,2,0,0,0,1,0,1,0,2,3,0,1,0,0,0,0,2,0,0,9,0,0,0,1,22,1,0,0,0,0,0,0,0,0,0,0,0,0,0,0,0,0,0,0,0,0,0,0,0,0,3,0,0,0,0,0,0,2,0,0,0,0,1,0,0,0,0,0,0,0,0,0,1,0,2,0,0,0,0,0,0,0,2,1,6,0,0,0,116,0,0,2,1,0,20,3,31,1,0,18,2,12,4,0,2,0,14,0,0,8,1,0,0,1,4,2,0,0,0,0,108,3,0,10,0,0,17,1,0,0,0,6,7,10,27,16,2,1,11,1,8,0,0,0,0,0,0,0,0,0,0,0,0,0,1,0,0,0,0,0,0,4,0,0,0,0,1,0,0,0,0,0,0,0,0,2,0,0,0,2,0
178,1929,UNIVERSIDADE TUIUTI DO PARANÁ (CAMPUS BARIGUI),"RUA SYDNEI ANTONIO RANGEL SANTOS, 238",SANTO INÁCIO,-25.42381878,-49.32118872,46,0,11935,9394,387,262,0,33,4,21,146,36,13,0,1,16,180,6,1,1,88,1,2,1,2,4,6,25,1,2,0,1,1,1,0,4,0,0,1,50,0,0,0,1,0,3,0,0,21,14,605,0,211,3,13,6,0,0,2,0,10,8,8,12,12,1,2,0,0,4,0,0,10,0,53,0,1,0,1,111,0,0,0,3,2,13,8,2,1,12,37,0,0,0,0,394,0,35,1,7,6,0,0,1,2,0,0,0,10,0,11,1,0,2,0,0,1,0,0,0,0,0,1,0,26,10,4,2,58,0,3,111,0,16,0,3,4,42,3,110,102,81,37,5,1,0,10,0,96,0,7,3,3,9,2,70,7,4,7,5,1,2,1,1,1,9,4,0,28,0,2,67,1,1,1,3,0,0,0,1,0,3,1,2,0,2,0,1,0,18,189,0,0,0,0,0,0,2,3,1,4,1,13,12,0,0,6,5,1,6,5,0,23,0,4,0,48,0,0,0,0,0,8,1,0,0,2,0,13,0,0,0,12,0,1,0,0,0,0,0,0,0,0,0,0,0,0,0,3,0,1,0,0,0,0,1,0,0,0,0,0,0,0,0,0,0,0,72,39,0,1,0,5,35,13,2,1,0,0,0,0,0,0,0,10,0,0,16,0,7,0,0,51,4,0,6,0,0,0,0,0,2,1,8,6,0,1,6,12,13,0,0,0,0,0,0,2,0,183,10,8,181,8,0,4,0,10,30,0,0,0,1,8,9,189,137,42,1,46,5,5,0,3,76,0,33,6,2,0,2,5,6,27,0,6,33,0,62,1,2,9,5,26,1,0,3,8,265,1,13,21,604,7,0,0,0,0,0,0,0,0,0,0,0,0,1,0,0,63,0,0,1,0,0,0,8,192,6,2,0,68,1,7,1,52,0,3,9,14,16,0,11,19,189,77,42,21,0,0,106,0,4,2,9,2,11,2,1,3,7,0,0,3,0,0,0,0,2,2,0,11,0,3,1,3,0,6,0,5,0,4,1,2,0,0,3,1,0,4,0,0,48,1,1,0,0,77,2,1,2,0,0,15,0,0,0,6,0,0,0,0,0,0,0,0,1,2,0,3,4,2,0,19,0,0,6,0,0,0,2,0,0,1,1,0,0,0,0,0,1,1,1,0,0,5,0,5,0,0,0,0,0,0,1,0,0,18,0,0,0,275,4,2,0,1,1,23,15,81,4,0,21,14,27,20,0,30,0,49,1,2,25,1,0,0,0,7,3,4,0,5,0,335,4,7,10,15,1,42,2,0,0,2,22,11,25,37,21,5,0,36,4,16,0,1,0,0,0,2,0,0,0,1,0,0,0,0,0,0,1,0,0,1,205,1,0,0,0,0,1,0,2,1,0,0,1,0,1,0,1,0,6,0
178,1937,COLÉGIO ESTADUAL SÃO BRAZ,AVENIDA VEREADOR TOALDO TULIO    2880,SÃO BRAZ,-25.41580134,-49.35108909,60,0,1982,1554,79,48,0,8,3,3,27,1,2,1,0,2,18,0,0,0,12,0,0,1,3,0,0,8,0,3,0,0,0,0,0,0,0,0,0,16,2,0,0,0,0,0,0,0,9,3,134,0,30,0,2,1,0,0,0,1,1,2,0,5,0,0,0,0,0,0,0,0,0,0,5,1,0,0,0,41,0,0,0,0,0,0,3,0,0,2,2,0,0,0,0,39,0,4,0,0,0,0,0,0,1,0,0,0,1,0,4,0,0,0,0,0,0,0,0,0,0,0,0,0,4,2,0,0,12,0,1,12,0,6,0,0,1,5,0,28,23,23,7,5,0,0,0,0,17,1,0,0,0,2,0,2,2,1,0,0,0,0,0,0,2,1,0,0,5,0,0,15,0,0,0,0,0,0,1,1,0,0,0,0,0,0,0,0,1,3,23,0,0,0,0,0,0,0,0,0,0,0,3,2,0,0,6,1,0,2,0,0,11,0,0,0,2,0,0,0,0,0,0,0,0,0,1,0,0,0,0,0,0,0,0,0,0,0,0,0,0,0,0,0,0,1,0,0,1,0,1,0,0,0,0,0,0,0,0,0,0,0,0,0,1,0,0,13,1,0,0,0,2,5,2,0,0,0,0,0,0,0,0,0,1,0,0,4,0,0,0,0,4,0,0,0,0,0,0,0,0,0,0,0,0,0,0,0,2,0,1,0,0,0,0,0,0,0,44,1,2,14,0,0,0,0,3,4,0,0,0,0,0,0,32,25,6,0,5,0,1,1,0,9,0,0,0,0,0,2,1,0,0,0,2,12,0,10,0,0,1,1,9,0,2,0,0,43,1,2,0,82,2,1,0,0,0,0,0,0,0,0,0,0,1,0,0,0,7,1,0,0,0,0,0,1,38,1,0,0,13,0,0,0,5,0,0,0,2,1,0,4,0,27,3,7,1,0,0,14,1,0,0,1,1,4,0,0,0,0,0,0,1,0,0,0,0,0,0,0,1,0,0,0,1,0,0,0,0,1,0,2,0,0,0,0,0,0,0,0,0,7,1,0,0,0,13,1,0,0,0,0,7,0,0,0,1,0,0,0,0,0,0,0,0,0,0,0,1,0,1,0,0,0,0,2,0,0,0,0,0,0,0,0,1,0,0,0,0,0,0,0,0,0,1,0,0,0,0,0,0,0,0,0,0,0,2,0,0,0,54,0,0,0,0,0,1,1,9,0,0,1,2,7,4,0,0,0,6,0,0,10,0,0,0,1,0,0,2,0,1,0,39,0,2,5,0,1,7,0,0,0,0,3,2,3,2,1,1,0,2,0,1,0,0,0,0,0,0,0,0,0,0,0,0,1,0,0,0,0,0,0,0,89,0,0,0,0,0,0,0,0,0,0,0,0,0,0,0,0,0,0,0
178,1945,ESCOLA MUNICIPAL CAMPO MOURÃO,"RUA ACYR SANTOS, 14",VILA IZABEL,-25.45964751,-49.29871097,28,0,1940,1600,60,44,0,3,0,3,18,10,0,3,0,1,23,0,0,0,19,0,1,0,1,0,2,2,0,0,0,0,0,1,0,0,1,0,0,12,0,0,0,0,0,0,0,0,1,1,52,0,47,0,2,5,0,0,4,0,2,2,1,1,8,0,2,0,0,0,0,0,1,0,7,0,0,0,0,17,0,1,0,3,1,2,1,0,0,0,3,0,0,0,0,89,0,4,0,4,0,0,0,0,0,0,0,0,1,0,1,0,0,0,0,0,0,0,0,0,0,0,0,0,4,2,0,0,13,0,0,30,0,1,2,1,0,14,0,26,38,17,13,1,0,0,0,3,27,1,2,1,0,0,0,9,0,0,4,0,0,1,0,0,0,1,0,0,4,0,0,5,0,0,1,0,0,0,0,1,0,0,0,2,0,0,0,0,0,8,32,0,0,1,0,0,0,0,0,1,0,2,0,0,3,0,0,1,0,0,1,0,1,2,0,0,2,0,0,0,0,0,3,0,0,0,0,0,0,0,0,0,2,0,0,0,0,0,0,0,0,0,0,0,0,2,0,0,0,0,1,0,0,0,0,0,0,0,0,0,0,0,0,0,0,0,0,18,7,0,0,0,1,7,4,0,0,0,0,2,0,3,1,0,0,0,0,1,0,0,0,0,8,0,0,2,0,0,0,0,0,0,0,1,0,0,0,0,1,5,0,0,0,0,0,0,0,0,42,0,2,27,2,0,0,1,2,1,0,0,0,0,0,0,22,15,5,2,6,2,0,0,3,5,0,10,0,0,0,3,0,1,3,0,2,14,0,21,0,0,0,0,10,1,1,0,2,31,3,0,2,104,1,0,0,0,0,0,0,0,0,0,0,0,0,0,1,0,8,0,0,0,0,0,0,5,29,1,2,0,15,0,3,0,16,0,0,1,1,6,0,3,7,34,15,0,1,0,1,19,0,0,0,1,0,3,0,0,0,3,0,0,0,0,0,0,0,0,1,0,1,0,0,0,0,0,0,0,1,0,1,3,0,0,2,0,0,0,1,1,0,13,0,0,0,1,18,0,0,0,0,0,1,0,0,0,0,0,0,0,0,0,0,0,0,0,0,0,0,0,0,0,1,0,0,0,0,0,0,2,0,0,0,0,0,0,0,0,0,0,0,0,0,0,1,1,0,0,0,0,0,0,0,0,0,0,1,0,0,0,76,1,0,0,1,0,1,0,10,3,0,3,1,0,4,0,3,0,28,0,0,2,0,0,0,0,0,0,0,0,0,0,46,1,0,5,0,0,0,0,0,0,0,3,3,3,2,5,1,0,3,0,1,0,0,0,0,0,0,0,0,0,0,0,0,0,0,0,0,2,0,0,0,5,0,0,0,0,0,0,0,0,0,0,0,1,0,0,0,0,0,1,0
178,1961,COLÉGIO ESTADUAL PADRE SILVESTRE KANDORA,RUA PROFESSORA MARIA HELENE KRUZIELSKI BREDOW   26,SÃO BRAZ,-25.41994,-49.34681,60,0,3915,3126,205,126,0,1,2,5,34,7,1,0,0,4,53,0,1,0,23,0,1,0,3,0,2,11,1,2,0,1,0,0,0,0,0,0,0,42,1,0,0,1,0,0,0,0,16,5,276,0,48,0,6,0,0,0,1,0,2,2,2,1,8,0,2,0,0,0,0,0,0,0,28,1,1,0,1,127,1,0,0,2,0,2,1,1,0,1,2,0,0,0,0,97,0,8,0,4,1,0,0,0,0,0,0,0,5,0,2,0,0,0,0,1,0,0,0,0,0,0,0,0,6,4,1,0,18,0,1,36,0,7,0,3,1,21,0,30,44,34,11,2,0,0,1,0,29,2,2,1,2,3,0,17,1,1,0,0,0,0,1,0,0,0,0,1,10,0,0,17,0,1,1,0,1,0,0,1,0,1,0,1,0,0,0,0,0,10,72,0,0,3,0,0,1,0,0,0,5,0,7,1,0,0,10,0,0,0,1,0,8,0,0,0,7,0,0,0,1,0,3,0,0,0,0,0,0,0,0,1,3,0,0,0,0,0,0,0,0,0,0,0,0,0,0,0,1,0,1,0,0,0,0,1,0,0,0,0,0,0,0,0,0,0,0,22,5,0,1,1,1,9,4,0,0,0,0,0,0,0,0,0,5,0,0,1,0,2,0,0,23,1,0,0,0,0,0,0,0,0,1,4,0,0,0,0,1,10,0,0,0,0,0,0,5,1,74,2,3,34,0,0,0,0,4,10,0,0,0,0,4,1,62,41,4,0,17,2,1,0,5,31,1,14,0,1,0,5,1,0,4,4,2,21,0,16,2,0,2,2,6,0,1,0,2,87,0,2,3,171,3,1,0,0,0,0,0,0,0,0,0,0,1,0,0,0,11,1,0,0,1,0,0,4,69,1,3,0,15,0,1,0,18,0,0,3,5,7,0,8,1,32,14,9,9,0,0,21,0,0,0,5,0,6,0,0,0,1,0,0,1,0,0,0,0,0,2,0,2,0,0,0,0,0,2,0,1,0,1,0,1,0,0,1,0,1,0,0,0,24,0,0,0,0,38,0,0,1,0,0,9,0,1,0,1,1,0,0,0,0,0,0,0,0,0,0,1,2,2,0,2,0,0,0,0,0,0,0,0,0,0,0,1,0,0,0,0,2,0,0,0,0,1,3,2,0,1,0,0,1,0,1,0,0,1,0,0,0,81,0,0,4,0,0,7,2,9,2,0,4,8,9,6,0,1,0,12,0,0,9,0,0,0,0,0,0,0,0,7,0,49,0,7,5,0,0,8,1,0,0,1,6,8,4,8,2,1,0,10,1,0,0,0,0,0,0,0,0,0,0,0,0,0,0,0,0,0,0,0,0,0,123,0,0,0,0,0,0,0,0,0,0,0,0,0,2,0,0,0,2,0
178,1970,COLÉGIO ESTADUAL PROFESSOR OLAVO DEL CLARO,"RUA CLARA FILLA, 282",SÃO BRAZ,-25.41558785,-49.360865,60,0,2620,2061,141,68,0,14,3,6,26,1,2,0,0,1,34,0,1,0,6,0,0,0,0,3,1,7,0,0,0,0,0,0,0,0,0,0,0,31,0,0,0,0,0,0,0,0,25,6,192,1,36,0,2,2,0,0,0,0,0,2,0,1,8,0,2,0,0,0,0,0,1,0,12,2,2,0,1,86,0,0,0,0,1,2,0,0,0,3,2,0,0,0,0,25,0,6,0,6,0,0,0,0,3,0,0,1,2,0,2,0,0,0,1,0,0,0,0,0,0,0,0,0,2,2,0,4,16,2,4,32,0,3,1,0,0,11,0,16,16,20,3,3,0,0,0,0,28,0,2,0,0,1,0,14,1,1,1,0,0,0,0,0,1,1,0,0,1,0,0,9,0,0,0,1,0,0,0,0,0,0,0,1,0,0,0,0,0,8,38,0,0,0,0,0,1,0,0,0,1,0,13,4,0,0,3,0,0,1,0,0,7,0,0,0,3,0,0,0,0,0,0,0,0,0,12,0,0,0,0,0,5,0,0,0,0,0,0,0,0,0,0,0,0,0,0,0,0,0,0,0,0,0,0,0,0,0,1,0,0,0,0,0,0,0,0,13,7,0,4,0,0,2,4,1,0,0,1,0,0,0,0,0,1,0,1,1,0,0,0,0,5,0,0,4,0,0,0,0,0,0,0,3,2,0,0,0,2,2,0,0,0,0,0,0,0,0,56,4,0,19,0,0,0,0,5,6,0,0,0,0,3,0,25,41,3,0,11,0,1,0,0,15,0,9,0,0,0,0,5,1,2,0,2,27,1,17,0,0,4,1,1,0,0,0,1,56,0,2,0,151,2,0,0,0,0,0,0,0,0,0,0,0,0,0,0,0,7,0,0,0,0,0,0,2,32,0,0,0,16,0,0,0,6,0,1,0,1,14,0,6,5,11,4,1,1,0,1,11,0,0,0,7,1,4,0,0,0,0,0,0,0,0,0,1,2,0,0,0,1,0,0,0,0,0,1,0,3,0,0,0,0,0,0,0,0,0,0,0,0,10,0,0,0,0,16,0,0,1,0,0,20,0,0,0,1,0,0,0,0,0,0,0,0,0,0,0,0,0,2,0,0,0,0,0,0,0,0,0,0,0,0,0,0,0,0,0,0,0,0,0,0,0,1,0,0,0,0,0,0,0,0,0,1,0,1,0,0,0,47,1,0,1,0,0,9,1,7,1,0,0,8,7,3,0,0,0,6,0,0,8,0,0,0,0,0,2,0,0,8,0,37,0,31,7,0,0,13,0,0,0,0,2,0,7,0,0,0,0,3,0,1,0,0,0,0,0,2,0,0,0,0,0,0,0,0,0,0,0,0,0,0,57,0,0,0,0,1,0,1,0,0,0,0,0,0,0,0,0,0,0,0
178,1988,COLÉGIO MARISTA PARANAENSE,AVENIDA BISPO DOM JOSE 2674,SEMINÁRIO,-25.44774704,-49.29800343,29,0,5919,4813,175,124,0,6,4,11,62,13,3,0,0,4,69,2,0,0,47,0,1,3,1,2,3,11,0,0,1,2,2,0,0,0,1,0,0,18,2,0,1,2,0,7,0,0,1,8,259,0,102,0,1,16,0,0,2,0,10,4,7,2,11,0,14,3,0,1,0,0,6,0,21,0,7,0,0,93,0,0,0,2,0,6,1,0,0,2,16,0,0,0,0,248,0,10,0,4,1,0,0,3,1,0,0,0,6,1,7,0,0,0,0,0,0,0,0,0,0,0,0,0,8,2,0,2,30,0,0,72,0,5,3,4,2,31,1,63,71,27,13,5,1,0,0,1,43,0,1,0,1,2,0,30,3,1,9,0,1,2,3,1,0,11,1,0,33,0,0,34,0,2,0,4,0,0,0,1,0,1,1,1,0,0,0,1,0,9,76,0,0,1,0,0,0,0,0,0,2,1,3,1,0,0,2,2,2,3,2,0,13,0,2,0,33,0,0,0,0,0,1,0,0,0,0,0,7,0,1,1,7,0,3,1,0,1,1,0,0,0,0,2,0,1,0,0,0,0,2,1,0,0,0,1,0,0,0,0,0,0,0,0,0,0,0,34,27,0,0,0,0,31,6,1,1,0,0,0,0,2,0,0,1,0,0,4,3,8,0,0,16,0,0,1,0,0,0,0,1,4,0,0,3,0,0,0,5,9,0,0,2,1,0,0,2,0,117,4,18,104,7,0,1,0,0,13,0,0,0,0,1,4,100,39,12,0,13,0,0,0,2,20,0,25,2,1,1,4,3,3,26,0,3,15,0,49,4,3,4,4,20,0,2,0,2,98,0,8,12,388,3,0,0,0,0,0,0,0,0,0,0,0,0,1,1,0,44,0,0,0,0,0,0,3,110,8,4,1,50,0,4,0,36,2,1,2,7,4,3,2,6,135,38,4,15,0,0,74,0,2,2,1,1,5,0,0,1,3,1,0,3,0,0,1,0,0,5,0,5,0,2,0,0,0,0,0,0,0,0,6,0,0,0,1,0,0,1,1,0,28,0,1,0,0,41,5,0,1,0,0,7,0,0,0,0,1,0,0,0,0,0,0,0,0,0,0,7,3,2,0,5,0,0,2,1,0,0,1,0,0,1,1,1,0,0,0,0,0,2,0,0,0,5,0,7,0,0,0,1,0,0,0,0,0,0,0,1,0,139,3,0,1,1,1,21,13,52,1,0,18,1,12,3,0,2,0,38,0,0,6,2,0,0,4,9,0,1,0,1,1,157,0,0,9,6,0,11,2,1,0,0,14,4,16,18,15,3,0,7,0,12,0,2,0,0,0,0,0,0,1,0,0,0,0,1,1,0,0,0,0,0,18,1,0,0,0,0,0,0,0,0,0,0,0,0,0,0,0,0,3,1
178,1996,ESCOLA ESTADUAL RIO BRANCO,AVENIDA BISPO DOM JOSE  2426,SEMINÁRIO,-25.44569602,-49.29567788,29,0,2336,1901,76,46,0,2,0,2,12,2,1,0,0,2,36,0,0,0,10,0,0,1,0,2,0,4,0,0,0,1,2,0,0,0,0,0,0,4,0,0,0,0,0,2,0,0,4,5,136,0,24,0,0,7,0,0,2,0,8,1,2,2,3,0,3,0,0,0,0,0,4,0,11,0,0,0,0,20,0,0,0,2,0,6,2,0,0,3,6,0,0,0,1,91,0,2,0,2,0,0,0,0,3,0,0,0,1,0,2,0,0,0,0,0,0,0,0,0,0,0,0,0,8,0,0,1,16,0,1,27,0,0,0,0,0,10,1,24,37,9,7,0,1,0,0,3,18,0,1,1,0,2,0,13,3,0,1,0,0,0,1,0,0,3,0,1,3,0,0,12,0,0,0,1,0,0,0,1,0,0,0,0,0,0,0,0,0,10,40,0,0,1,0,0,0,0,0,0,0,0,0,0,0,0,0,2,0,0,2,0,5,0,1,0,16,0,0,0,0,0,2,0,0,1,0,0,8,0,0,0,0,0,0,0,0,0,0,0,0,0,0,0,0,0,0,0,0,0,2,0,0,0,0,0,0,0,0,0,0,0,0,0,0,1,0,28,14,0,0,0,1,13,0,0,0,0,1,1,0,0,0,0,4,0,0,1,0,3,0,0,3,0,1,0,0,1,0,0,0,0,0,0,0,0,0,0,3,1,0,0,0,0,1,0,3,0,47,2,3,37,3,0,3,0,4,3,0,0,0,0,1,2,38,14,6,0,1,0,0,0,3,16,0,13,1,0,0,1,2,2,9,0,0,5,0,16,0,0,2,0,8,1,0,0,0,34,0,6,7,127,3,1,0,0,0,0,0,0,0,0,0,0,0,0,0,0,19,0,0,0,0,1,0,2,39,1,0,0,25,0,0,0,16,0,0,5,5,1,0,1,5,49,20,2,7,0,0,19,0,0,1,2,1,3,0,0,1,2,0,0,0,0,0,0,0,0,0,0,1,0,0,0,0,0,0,0,0,0,0,2,1,0,0,1,2,0,0,0,0,6,0,0,0,0,20,2,0,0,0,0,1,0,0,0,0,0,0,0,0,0,0,0,1,0,0,0,1,1,0,0,0,0,0,0,0,0,0,0,0,0,1,2,0,0,0,0,0,2,0,0,0,0,2,0,0,0,0,0,0,0,0,0,0,0,6,0,0,0,49,0,0,1,0,0,5,4,15,0,0,25,3,9,1,0,6,0,16,0,0,3,0,0,0,2,0,1,0,0,1,0,59,0,0,3,1,1,6,1,2,0,0,6,2,6,12,5,2,1,4,1,1,0,1,0,0,0,1,0,0,0,0,0,0,0,0,0,0,0,1,0,0,7,0,0,0,0,0,0,0,0,0,0,0,0,0,0,0,0,2,1,0
178,2011,ESCOLA MUNICIPAL CEI PEDRO DALLABONA,RUA VIRGINIA DALLABONA 456,ORLEANS,-25.42959876,-49.35636351,59,0,2569,2123,100,70,0,10,1,1,35,9,7,0,2,0,27,0,0,1,14,0,0,0,1,4,1,8,0,0,1,0,2,0,0,0,1,0,0,21,0,0,0,2,0,1,0,0,7,6,166,0,48,2,0,0,0,0,0,0,1,0,6,3,4,1,1,0,4,1,0,0,0,0,6,1,7,0,0,46,0,0,0,1,0,3,2,0,0,5,0,0,0,0,0,62,0,3,0,1,1,0,0,0,3,0,0,0,1,0,3,0,0,2,0,1,0,0,0,0,0,0,0,0,5,3,0,0,11,0,2,40,0,7,0,0,1,21,0,28,18,19,5,3,0,1,2,1,34,1,1,0,0,1,0,11,1,0,3,0,0,1,0,0,1,3,1,0,5,1,0,16,2,0,0,1,1,0,0,1,0,0,0,1,0,0,0,0,0,5,38,0,0,0,0,0,0,1,0,0,0,0,4,7,0,0,29,1,0,0,0,0,9,0,4,0,1,1,0,0,0,0,0,0,0,0,4,0,0,0,0,1,4,0,1,0,0,0,0,0,0,0,0,0,0,0,0,0,1,0,1,0,1,0,0,0,0,0,0,0,0,0,0,0,0,0,0,26,4,0,0,0,3,2,2,0,0,0,0,0,0,0,0,0,0,0,0,3,0,0,0,0,18,0,0,1,0,0,0,0,0,0,2,0,0,0,0,0,0,2,0,0,0,0,5,0,1,0,42,1,1,26,3,0,1,0,0,5,0,2,0,0,2,0,43,29,4,0,6,1,0,0,0,19,0,10,1,0,0,3,0,0,4,0,4,28,0,16,0,0,3,0,6,0,0,0,1,61,0,3,8,92,0,0,0,0,0,0,0,0,0,0,0,0,0,0,0,0,19,0,0,0,0,1,0,2,63,0,0,0,19,0,1,1,12,0,0,5,0,2,0,1,5,17,10,5,1,0,0,14,1,1,2,1,0,3,0,0,0,1,0,0,0,0,0,0,0,0,0,0,2,0,0,0,1,0,1,0,0,1,1,0,0,0,1,0,0,0,3,0,0,13,0,0,0,0,9,0,0,4,0,0,13,0,0,0,2,0,0,0,0,0,0,0,1,0,0,0,0,0,3,0,8,0,0,0,0,0,0,0,2,0,0,1,0,0,0,0,0,0,0,0,0,0,2,0,0,0,0,0,0,0,0,0,0,0,1,0,1,0,60,0,0,1,0,0,4,9,3,3,1,3,2,9,3,0,2,0,8,0,0,16,2,0,0,0,1,0,0,0,1,1,50,0,0,5,1,1,0,0,0,1,0,5,5,4,2,7,1,0,5,0,1,0,0,0,0,0,0,0,0,0,0,0,0,0,0,1,1,0,0,0,0,68,1,0,0,0,0,0,0,0,0,0,0,0,0,0,0,0,0,1,0
178,2020,ESCOLA MUNICIPAL CEI RAOUL WALLENBERG,"RUA HERMENEGILDO LUCA, CJ FERNAO DIAS   2400",BUTIATUVINHA,-25.41090145,-49.36156648,61,0,1611,1322,79,50,0,8,1,2,14,2,2,0,1,2,22,0,1,1,4,0,0,0,1,1,1,8,0,2,0,0,1,0,0,0,0,0,1,13,0,0,0,0,0,0,0,0,3,2,118,0,20,0,2,0,1,0,0,0,0,0,2,0,2,1,1,0,0,0,0,0,0,0,17,0,1,1,0,24,0,0,0,0,0,0,0,0,0,0,1,0,0,0,0,24,0,6,0,1,0,0,0,0,0,0,0,0,4,0,1,0,0,1,0,0,0,0,0,0,0,0,0,0,2,0,0,0,8,0,1,15,0,1,0,3,0,5,0,12,12,3,7,1,0,0,0,1,17,0,0,0,0,1,0,12,0,0,2,0,0,1,0,0,0,3,0,0,4,0,1,6,0,1,0,1,0,0,0,1,0,0,0,0,0,0,0,0,0,4,30,0,0,0,0,0,0,0,0,0,0,1,4,0,0,0,6,0,0,0,0,0,5,1,1,0,6,0,0,0,0,0,0,0,0,2,3,0,0,0,0,0,1,0,0,0,0,0,0,0,0,0,0,0,0,0,0,0,0,0,1,0,0,0,0,0,0,0,0,0,0,0,0,0,0,0,0,13,4,0,3,0,1,2,5,0,1,0,0,0,0,0,0,0,0,0,0,0,0,0,0,0,1,1,0,0,0,0,0,0,0,2,0,2,0,0,0,0,0,2,0,0,0,0,0,0,0,0,47,2,0,16,4,0,0,0,0,3,3,0,0,0,1,0,14,20,6,0,8,1,0,0,0,10,0,3,1,2,0,0,0,0,0,0,0,15,0,4,0,0,5,1,8,0,0,0,0,26,0,2,1,59,0,0,0,0,0,0,0,0,0,0,0,0,0,0,0,0,10,0,0,0,0,0,0,3,31,0,0,0,7,3,0,0,4,0,0,0,0,0,0,4,1,11,1,2,1,0,0,5,0,1,0,1,0,1,0,0,0,0,0,0,1,0,0,0,0,0,0,0,0,0,0,0,0,0,1,0,0,2,0,0,0,0,0,0,2,0,0,0,0,12,0,0,0,0,13,1,0,0,0,0,2,0,0,0,0,1,0,0,0,0,0,1,0,0,1,0,0,1,1,0,0,0,0,0,0,0,0,0,0,0,0,0,0,0,0,0,0,0,0,0,0,0,1,0,0,0,0,0,0,0,0,0,0,0,1,0,0,0,33,0,0,0,1,0,3,1,11,2,0,4,2,4,3,0,1,0,5,0,0,5,0,0,0,1,0,2,0,0,0,0,42,0,27,2,0,0,12,0,0,0,0,1,3,3,3,3,2,0,2,1,3,0,0,0,0,0,0,0,0,0,0,0,0,0,0,0,0,0,0,0,0,77,0,0,0,0,0,0,0,0,0,0,0,0,0,1,0,0,0,0,0
178,2046,ESCOLA ESTADUAL HELENA DIONYSIO,RUA FRANCISCO JUGLAIR  4,MOSSUNGUE,-25.43836651,-49.33311346,45,0,1968,1603,77,28,0,9,0,7,27,8,2,0,0,1,26,0,0,0,18,0,0,0,0,4,0,7,0,0,0,0,0,1,0,0,0,0,0,4,0,0,0,0,0,0,0,0,7,3,84,0,27,3,0,0,0,0,0,0,7,2,1,2,2,0,1,0,0,0,0,0,0,0,6,0,0,0,0,34,0,0,0,0,0,1,0,0,1,3,6,0,0,0,0,58,0,4,0,2,2,0,0,0,0,0,0,0,0,0,2,0,0,1,0,0,0,0,0,0,0,0,0,0,2,2,0,0,6,0,0,16,0,1,0,2,2,2,0,18,18,12,3,0,1,0,0,0,17,0,2,0,0,0,0,13,3,0,0,0,0,0,0,0,0,2,2,0,5,0,0,7,0,1,0,0,0,0,0,0,0,0,0,0,0,0,0,0,0,4,19,0,1,0,0,0,0,0,0,0,3,0,5,0,0,0,0,0,0,0,0,1,3,1,1,0,4,0,0,0,0,0,1,1,0,0,0,0,1,0,0,1,3,0,0,0,0,0,0,0,0,0,0,0,0,0,0,0,0,0,0,0,0,0,0,0,0,0,0,0,0,0,0,0,0,0,0,10,9,0,0,0,0,3,1,0,0,0,0,0,0,0,0,0,0,0,0,5,0,1,0,0,7,0,0,2,0,0,1,0,0,0,2,0,2,0,0,0,0,0,0,0,0,0,0,0,0,0,40,2,2,28,1,0,3,0,3,4,0,0,2,0,0,1,34,23,7,0,6,0,0,0,0,10,0,9,4,0,0,3,2,1,10,0,0,12,1,12,1,0,1,0,9,0,1,1,0,44,2,1,1,127,1,0,0,0,0,0,0,0,0,0,0,0,0,1,0,0,31,0,0,1,0,0,0,1,43,4,0,0,17,0,1,0,15,0,0,0,1,0,0,2,8,43,15,5,1,0,0,28,0,0,1,2,0,2,0,0,0,1,0,0,0,0,0,0,0,0,0,0,2,0,0,0,0,0,0,0,3,0,0,3,1,0,0,0,0,0,1,0,0,12,0,1,0,0,15,0,0,1,0,0,5,0,0,0,0,0,0,0,0,0,0,0,0,0,0,0,0,0,0,0,1,0,0,2,0,0,0,1,0,0,0,1,0,0,0,0,0,0,0,0,0,0,0,0,1,0,0,0,0,0,0,0,1,0,1,0,0,0,44,0,0,2,2,0,3,1,12,0,0,6,3,5,0,0,0,1,11,0,0,4,3,0,0,0,2,0,0,0,1,0,46,1,2,8,1,2,5,3,2,0,0,4,2,1,4,3,0,0,7,0,4,0,0,0,0,1,1,0,0,0,0,0,0,0,0,0,1,0,0,0,0,13,0,0,0,0,0,0,0,0,0,0,0,0,0,0,0,0,0,1,0
178,2054,ESCOLA ESTADUAL DOM ORIONE ( ANTIGA ESC. EST.  NILSON BATISTA RIBAS),RUA JAIME VEIGA 472,SEMINÁRIO,-25.45221468,-49.31073093,29,0,1187,951,37,30,0,3,0,2,5,0,1,0,0,2,13,0,0,0,3,0,0,0,0,1,1,1,0,0,0,0,1,0,0,0,0,0,0,3,0,0,1,0,0,1,0,0,2,1,76,0,18,0,1,3,0,0,0,0,3,2,2,0,4,0,0,0,0,1,0,0,0,0,1,0,0,0,0,14,0,0,0,0,0,0,0,0,0,0,2,0,0,0,0,37,0,2,0,0,0,0,0,0,0,0,0,0,0,0,1,0,0,0,0,0,0,0,0,0,0,0,0,0,3,3,0,0,3,0,2,17,0,1,0,1,1,4,2,7,13,4,12,0,0,0,0,0,14,0,0,0,0,0,0,7,1,0,0,1,0,2,0,0,0,0,0,0,3,0,0,12,0,0,0,1,0,1,0,0,0,0,0,1,1,0,0,0,0,2,27,0,0,0,0,0,1,0,0,0,1,0,1,0,0,0,0,0,0,4,0,0,1,0,0,0,6,0,0,0,0,0,1,0,0,0,0,0,0,0,0,0,0,0,0,0,0,0,0,0,0,0,0,0,0,0,0,0,1,0,1,0,0,0,0,0,0,0,0,0,0,0,0,0,0,0,0,17,3,1,1,0,0,6,2,0,0,3,0,0,0,0,0,0,0,0,0,0,1,1,0,0,2,0,0,0,0,0,0,0,0,0,0,0,0,0,0,0,0,1,0,0,0,0,0,0,1,0,25,1,6,15,0,0,0,0,0,0,0,0,0,0,0,0,24,18,13,0,4,0,0,0,0,4,0,1,0,0,0,0,2,0,3,0,2,4,0,5,0,0,1,0,6,0,0,0,0,26,1,2,2,53,0,0,0,0,0,0,0,0,0,0,0,0,0,0,0,0,11,0,0,1,0,0,0,1,17,0,0,0,12,0,1,0,5,0,0,0,0,3,1,0,2,21,4,0,4,0,0,16,0,0,0,0,0,0,0,0,0,0,0,0,0,0,0,0,0,0,0,0,3,0,0,0,0,0,0,0,0,0,0,0,0,0,0,0,0,0,0,0,0,5,0,0,0,0,5,1,0,1,0,0,0,1,0,0,0,0,0,0,0,0,0,0,0,0,0,0,1,0,0,0,1,0,0,1,0,0,0,1,0,0,0,1,0,0,0,0,0,0,0,0,0,0,0,0,0,0,0,0,0,0,0,0,0,0,3,0,0,0,23,0,0,0,0,0,0,0,12,0,0,11,2,1,1,0,5,0,12,0,1,4,0,0,0,0,1,2,0,0,0,0,36,0,0,1,0,0,7,0,0,0,0,4,0,0,3,2,1,0,1,1,0,0,0,0,0,0,0,0,0,0,0,0,0,0,0,0,0,0,0,0,0,1,0,0,0,0,0,0,0,0,0,0,0,0,0,0,0,0,0,1,0
178,2062,FACULDADE PARANAENSE - FAPAR,"ALAMEDA DOM PEDRO II, 432",BATEL,-25.43922778,-49.28512521,10,0,2172,1694,53,33,0,4,0,3,18,6,0,0,0,1,25,0,1,0,29,0,0,1,3,2,1,6,0,0,0,0,1,1,0,0,0,0,0,3,0,0,0,2,0,0,0,0,12,4,93,0,32,2,1,2,0,0,0,0,8,3,5,2,4,0,1,0,0,0,0,0,1,0,6,0,2,0,0,37,0,0,0,0,0,3,2,0,0,2,8,0,0,0,0,92,0,8,0,4,2,0,0,0,0,0,0,0,0,0,4,0,0,0,0,0,0,0,0,0,0,0,0,0,2,1,0,0,6,0,0,24,0,1,0,1,1,11,0,33,31,15,7,0,0,0,0,2,14,0,2,2,0,0,0,17,0,0,0,0,0,0,0,0,0,4,1,2,3,0,0,16,0,0,1,0,1,0,0,1,0,0,1,1,0,0,0,0,0,6,30,0,1,1,0,0,0,0,0,0,1,0,1,0,0,0,0,1,0,0,0,0,6,0,1,0,4,0,0,0,0,0,1,1,0,0,0,0,0,0,0,0,4,0,0,0,0,0,0,0,0,0,0,0,0,1,0,0,0,0,0,0,0,0,0,1,0,0,0,0,0,0,0,0,0,0,0,10,8,1,0,0,2,3,2,0,0,0,0,0,0,0,0,0,0,0,0,6,0,1,0,0,4,0,0,0,0,0,0,0,0,0,0,1,2,0,0,0,0,1,0,0,0,0,0,0,3,0,30,2,5,37,1,0,1,0,0,3,0,0,0,0,4,1,25,13,8,0,5,1,0,0,1,9,0,6,1,0,0,2,2,0,2,0,0,6,0,16,0,1,4,2,2,1,0,0,0,34,2,1,2,111,1,0,0,0,0,0,0,0,0,0,0,1,1,0,0,0,9,0,0,0,0,0,0,1,34,8,0,0,18,0,2,0,31,0,0,1,5,1,0,0,3,44,25,1,2,0,0,28,0,0,0,1,0,2,0,0,0,1,0,0,0,0,0,0,0,0,1,0,2,0,1,0,0,0,0,0,0,1,1,2,0,0,0,1,2,0,1,0,0,7,0,0,0,1,12,0,0,0,0,0,2,0,0,0,0,0,0,0,0,0,0,0,0,0,0,0,1,1,0,0,0,0,0,1,0,0,0,0,0,0,0,1,0,0,0,0,0,0,0,0,0,0,2,0,1,0,0,0,3,0,0,0,0,0,3,0,0,0,65,0,0,0,2,0,2,0,15,1,0,6,0,5,1,0,1,1,14,0,0,4,1,0,0,0,0,0,0,0,3,0,66,2,0,0,1,0,13,0,0,0,0,2,0,4,15,4,1,1,4,1,2,0,1,0,0,0,4,0,0,0,0,0,0,0,0,0,0,0,0,0,0,5,0,0,0,1,0,0,0,0,0,0,0,0,0,0,0,0,0,0,0
178,2070,ESCOLA MUNICIPAL CEI PROFESSOR JÚLIO MOREIRA,RUA ALEXANDRE MARKOSKI   190,SÃO BRAZ,-25.41806,-49.34294,60,0,3050,2474,171,119,0,20,2,9,32,4,4,1,0,5,40,1,2,0,19,1,1,0,2,3,1,6,0,0,1,0,0,0,0,1,1,1,0,46,0,0,0,0,0,0,0,0,13,4,293,0,50,0,5,2,0,0,2,0,5,5,0,1,14,0,1,0,0,2,0,0,0,0,18,0,0,1,0,36,0,0,0,1,1,4,2,0,0,3,2,0,0,0,0,60,0,5,0,1,3,0,0,0,5,0,0,0,1,0,8,0,0,0,0,0,0,0,0,0,0,0,0,0,3,7,1,2,10,0,1,27,0,6,0,1,1,10,0,29,36,48,2,0,0,0,0,0,41,0,1,0,0,2,0,17,1,0,2,0,0,0,1,0,0,0,0,0,1,0,0,11,0,0,0,0,0,0,1,0,0,0,0,0,0,0,0,0,0,0,30,0,0,2,0,0,0,0,0,1,5,0,6,1,0,0,4,0,0,0,1,0,6,0,0,0,7,0,0,0,0,0,3,0,0,0,1,0,2,0,0,0,1,0,0,0,0,0,0,0,0,0,0,0,0,4,0,0,0,0,0,0,0,0,0,0,0,0,0,0,0,0,0,0,0,0,0,18,3,0,2,0,0,5,2,1,1,0,0,0,0,0,0,0,3,0,0,3,0,0,0,0,6,0,1,0,0,0,0,0,0,0,3,2,0,0,0,1,0,8,0,0,0,1,0,0,1,0,46,0,2,25,2,0,0,0,0,1,0,1,0,0,1,1,37,46,3,0,6,2,1,0,1,19,0,5,0,1,0,0,1,2,3,0,4,20,1,17,0,1,2,5,13,1,0,0,1,88,0,0,3,105,0,0,0,0,0,0,0,0,0,0,0,0,0,0,0,0,10,0,0,0,0,0,0,1,55,1,2,1,14,0,1,0,11,0,0,6,3,5,0,2,1,18,7,5,1,0,0,13,0,4,0,4,0,6,0,0,0,1,0,0,1,0,0,0,0,0,0,0,0,0,0,0,0,0,0,0,0,0,0,0,0,0,0,3,1,0,2,0,0,12,2,0,0,0,22,0,0,1,0,0,12,0,0,0,2,0,6,0,0,0,0,0,0,0,0,0,0,0,1,0,4,0,0,1,0,0,0,1,0,0,0,0,0,0,0,0,0,0,1,0,0,0,3,0,1,0,0,0,0,0,0,1,0,0,1,0,0,0,41,0,0,1,1,0,1,1,5,0,0,6,5,5,2,1,2,0,11,0,0,18,0,0,0,0,1,0,0,0,1,0,55,0,4,2,0,0,17,1,0,0,0,1,2,3,5,3,0,0,6,0,2,0,0,0,0,2,0,0,0,0,0,0,0,0,2,0,0,0,0,0,0,105,0,0,0,0,0,0,0,0,0,0,0,0,0,3,0,1,2,1,0
178,2089,COLÉGIO BOM JESUS - SEMINÁRIO (ANTIGO NOVO ATENEU),AVENIDA NOSSA SENHORA APARECIDA 1468,SEMINÁRIO,-25.4480747,-49.31204396,29,0,1988,1583,56,35,0,4,1,3,18,2,3,0,0,2,21,0,0,0,16,0,1,0,0,2,0,5,0,0,0,1,1,0,0,0,1,0,0,3,0,1,0,0,0,1,0,0,6,4,90,0,34,0,3,0,0,0,0,0,1,7,1,3,3,0,2,0,0,1,0,0,0,0,5,0,1,0,0,20,0,0,0,1,0,5,2,2,0,2,7,0,0,0,0,65,0,5,0,0,1,0,0,0,0,0,0,0,0,0,2,0,0,0,0,0,0,0,0,0,0,0,0,0,3,2,0,0,7,0,0,22,0,0,0,3,1,10,0,20,26,8,4,1,0,0,1,3,10,0,0,2,1,1,0,10,2,2,0,1,0,0,0,0,0,5,0,0,5,0,0,16,0,3,0,0,1,1,0,1,0,1,0,0,0,0,0,0,0,8,26,0,0,1,0,0,0,0,0,0,1,1,3,0,0,0,0,1,0,1,0,0,3,0,0,0,6,0,0,0,0,0,0,1,0,0,0,0,2,0,0,0,8,0,0,0,0,0,1,0,0,0,0,0,0,0,0,0,0,0,0,0,0,0,0,0,0,0,0,0,0,0,0,0,0,0,0,18,1,0,0,0,1,3,1,0,0,0,0,0,0,1,0,0,0,0,0,5,0,1,2,0,8,0,1,2,0,0,0,0,0,1,0,0,3,0,0,0,2,3,0,0,0,0,2,0,1,0,37,0,5,21,0,0,0,0,2,2,0,0,0,0,0,0,31,26,6,0,4,1,0,0,1,15,0,1,0,0,0,0,1,1,7,0,0,3,0,11,0,2,0,1,2,0,1,0,3,35,1,0,5,151,2,0,0,0,0,0,0,0,0,0,0,0,0,0,0,0,13,0,0,0,0,0,0,3,27,1,0,0,12,0,0,0,19,0,0,0,4,1,0,0,1,35,17,2,1,0,0,30,0,1,3,3,1,3,0,0,0,1,0,0,0,0,0,0,0,1,1,0,2,0,0,0,0,0,0,0,0,0,0,1,1,1,0,0,0,0,0,0,0,7,0,0,0,0,16,2,0,0,0,0,2,0,0,0,0,1,0,0,0,0,0,0,0,0,0,0,1,3,0,0,1,0,0,0,0,0,0,0,0,0,0,1,1,0,0,0,0,0,0,0,0,0,3,0,1,0,1,0,1,0,0,0,0,0,3,0,0,0,76,1,0,0,0,0,7,1,15,0,0,11,0,3,1,1,3,0,7,0,0,5,0,0,0,0,1,3,1,0,1,0,44,0,0,2,0,1,4,0,0,0,0,4,1,9,6,1,1,0,7,0,2,0,0,0,0,0,0,0,0,0,0,0,1,0,1,0,0,0,0,0,0,10,0,0,0,0,0,0,0,0,0,0,1,0,0,0,0,2,0,0,0
178,2097,PARÓQUIA SANTA ISABEL,"RUA ULISSES VIEIRA, 621",VILA IZABEL,-25.46100622,-49.2964001,27,0,3064,2555,83,83,0,2,0,6,48,4,1,0,0,3,30,0,1,0,20,0,0,0,1,1,2,15,0,0,0,0,1,0,0,0,0,0,0,16,0,0,0,2,0,2,2,0,4,4,108,0,70,1,1,3,0,0,3,0,5,1,3,3,10,0,3,0,0,2,0,0,1,0,6,0,1,0,0,26,0,0,0,4,1,2,2,0,0,2,6,0,0,0,0,107,0,2,0,2,1,0,0,0,2,0,0,0,8,0,6,0,0,1,0,0,0,0,0,0,0,0,0,0,7,2,2,1,18,0,0,37,0,4,1,4,2,14,0,35,48,13,9,1,0,0,1,0,44,0,0,0,0,3,0,31,3,0,0,4,0,2,0,0,1,5,1,1,7,0,0,16,0,0,0,0,0,0,1,1,0,0,2,0,0,0,0,0,0,3,43,0,0,1,0,0,0,0,0,0,0,0,4,0,1,0,1,2,0,0,0,0,2,0,2,0,10,0,0,0,0,0,2,0,0,1,0,0,1,0,0,0,3,0,0,0,0,0,0,0,0,0,0,0,0,0,0,0,1,0,1,0,0,0,0,0,0,0,0,0,0,0,0,0,0,0,0,25,11,0,0,0,3,12,0,0,0,1,0,0,0,0,3,0,0,0,0,5,0,2,1,0,7,1,1,3,0,0,0,0,0,0,0,1,0,0,1,0,4,5,0,0,1,0,1,0,1,0,60,1,1,35,9,0,0,0,1,5,0,0,0,0,2,0,63,34,22,0,11,2,0,0,7,12,0,8,1,0,0,1,1,0,8,0,2,13,0,40,1,2,2,0,11,0,3,0,0,58,0,2,5,173,1,0,0,0,0,0,0,0,0,0,0,0,0,1,0,0,12,0,0,1,0,0,0,3,54,1,1,0,14,0,0,0,22,0,0,3,1,0,0,1,11,56,23,0,6,0,1,33,0,1,0,1,3,1,0,0,0,3,0,0,0,0,0,0,0,0,0,0,2,0,1,0,1,0,1,0,0,0,1,2,0,0,0,0,1,0,0,0,0,14,1,0,0,0,28,1,0,0,0,0,8,0,0,0,1,0,0,0,0,0,0,1,0,0,0,0,0,0,0,0,5,0,0,2,0,0,0,2,0,0,0,1,0,0,1,0,0,0,0,0,0,0,2,0,5,0,2,0,0,0,0,0,1,0,2,0,0,0,104,0,0,4,0,0,6,2,35,2,0,7,4,5,7,2,8,0,30,1,0,6,0,0,0,1,3,2,5,0,0,0,97,2,0,4,0,0,9,2,0,0,0,7,5,7,10,9,2,2,6,1,5,0,0,0,0,0,1,1,0,0,0,0,0,0,0,0,0,0,0,0,0,2,0,1,0,0,0,0,0,0,0,0,0,0,0,0,0,0,0,0,0
178,2100,INSTITUTO PARANAENSE DOS CEGOS,AVENIDA VISCONDE DE GUARAPUAVA   4186,BATEL,-25.44170735,-49.28140817,10,0,2045,1599,45,36,0,2,0,1,12,3,0,0,0,0,27,0,0,0,23,0,0,1,2,0,1,4,2,0,0,0,0,0,0,0,0,0,0,5,0,0,0,1,0,2,0,0,3,1,108,0,35,0,0,3,0,0,1,0,6,4,4,0,2,0,1,2,0,0,2,0,1,0,8,0,0,0,0,28,0,0,0,3,0,8,1,0,0,3,7,0,0,0,0,75,0,2,0,3,1,0,0,1,0,0,0,0,1,0,4,0,0,1,0,0,0,0,0,0,0,0,0,0,2,1,0,0,5,0,0,12,0,1,3,1,0,15,0,18,25,9,15,1,0,0,0,0,18,0,3,1,0,1,0,17,1,0,0,4,0,0,0,0,0,3,1,1,3,0,0,11,0,0,0,1,0,0,0,0,0,0,0,0,0,0,0,0,0,4,33,0,0,0,0,0,0,0,0,0,4,2,0,1,0,0,0,1,0,1,0,0,0,0,2,0,16,0,0,0,1,0,1,0,0,0,0,0,1,0,0,0,12,0,0,0,0,0,0,0,0,0,0,0,0,0,0,0,0,0,2,0,0,0,0,0,0,0,0,0,0,0,0,0,0,0,0,9,7,0,0,0,0,8,0,0,0,0,0,0,0,0,0,0,1,0,0,5,0,1,0,0,2,0,0,0,0,3,0,0,0,0,0,0,1,0,3,0,1,0,0,0,0,0,0,0,0,0,34,3,3,21,2,0,0,0,1,5,0,1,0,0,4,1,42,13,9,0,3,2,1,0,0,11,0,9,1,0,0,2,1,0,8,0,0,1,1,11,0,3,0,1,1,0,2,0,1,27,0,3,9,130,0,0,0,0,0,0,0,0,0,0,0,0,1,0,0,0,17,0,0,2,0,0,0,1,31,0,0,0,26,0,0,0,9,0,0,0,1,1,0,0,1,46,21,4,10,0,0,15,0,1,0,0,0,0,0,0,0,1,0,0,1,0,0,0,0,0,4,0,7,0,0,0,1,0,0,0,0,0,0,1,0,0,0,0,1,0,1,0,0,7,0,0,0,0,11,2,0,1,0,0,1,0,0,0,3,0,0,0,0,0,0,1,0,0,0,0,1,2,0,0,5,0,0,0,0,0,0,0,0,0,0,0,0,0,0,0,0,0,0,0,0,0,1,0,1,0,0,0,0,0,0,0,0,0,0,0,0,0,30,1,0,0,0,0,9,2,14,1,1,12,2,5,3,0,2,0,18,1,0,4,0,0,0,0,2,0,0,0,0,0,49,1,0,2,0,0,5,1,0,0,0,2,0,8,16,4,0,0,3,0,3,0,0,0,0,0,4,0,0,0,0,0,0,0,0,0,0,0,0,0,0,3,0,0,0,0,0,0,0,0,0,0,0,1,0,1,0,0,1,0,0
178,2119,ESCOLA SANTA TERESINHA DO MENINO JESUS,AVENIDA SETE DE SETEMBRO   4926,BATEL,-25.44512313,-49.28660319,10,0,4951,3900,119,65,0,5,2,7,35,10,1,0,0,3,58,0,1,0,49,3,0,0,2,2,1,24,0,0,0,0,0,0,0,0,0,0,0,14,0,0,0,1,0,16,0,0,4,11,269,0,68,2,1,5,1,0,2,0,31,2,3,3,5,0,1,1,0,5,0,0,6,0,11,0,2,0,0,73,0,3,0,2,0,6,0,0,1,2,11,0,0,0,0,154,0,10,1,6,2,0,0,0,3,0,0,0,5,0,6,0,1,0,0,0,0,0,0,0,0,0,0,0,2,2,0,0,17,0,1,41,0,3,0,4,4,8,0,28,35,23,6,3,1,0,2,5,38,0,4,4,1,1,0,18,2,0,0,1,1,1,0,1,0,2,4,2,5,0,0,17,0,1,1,2,0,0,0,0,0,0,0,1,0,0,0,0,0,12,64,0,0,1,0,0,0,1,0,0,2,2,7,3,0,0,0,1,0,1,3,0,12,7,4,0,36,0,1,0,0,0,1,0,0,1,0,0,0,0,0,1,12,0,0,0,0,0,0,0,0,0,0,0,0,0,0,0,0,0,0,0,0,0,0,0,0,0,1,0,0,0,1,0,0,0,0,35,26,0,0,0,1,15,2,0,0,0,1,0,0,0,0,0,1,2,0,8,1,3,0,0,8,0,0,4,0,0,0,0,0,0,0,1,1,0,0,0,6,7,0,0,0,0,0,0,2,0,83,4,8,79,4,0,1,0,0,11,1,2,0,0,2,3,103,35,25,0,14,1,0,0,1,30,0,19,1,2,0,1,4,1,15,0,2,9,0,40,2,5,8,5,20,0,1,1,2,101,2,13,30,276,1,0,0,0,0,0,0,0,0,1,0,0,1,0,0,0,36,0,0,1,0,0,0,3,122,0,3,0,53,0,2,1,42,0,0,4,5,3,3,0,0,108,42,4,10,0,0,62,1,1,0,2,1,3,2,0,1,5,0,0,0,0,0,0,0,0,9,0,4,0,0,0,1,1,0,0,0,5,2,1,0,0,0,0,1,0,0,0,2,15,0,0,0,0,24,2,0,0,0,0,1,0,0,0,0,0,0,0,0,0,0,0,0,0,0,0,2,0,0,0,3,0,0,2,0,0,0,0,0,0,0,2,0,0,0,0,0,1,0,0,0,0,1,0,4,0,0,0,2,0,0,0,2,0,5,0,0,0,78,0,0,0,1,0,20,14,33,3,0,22,6,12,4,3,1,0,36,0,0,22,0,0,0,2,1,3,0,0,0,0,164,4,1,10,2,1,26,1,1,0,0,9,5,14,32,25,0,1,6,1,9,0,0,0,0,0,0,0,0,0,0,0,0,0,3,0,0,0,0,0,0,11,0,0,0,0,0,0,0,0,0,0,0,2,0,0,0,1,0,1,0
178,2127,COLÉGIO POSITIVO,RUA ALFERES ANGELO SAMPAIO     2300,BIGORRILHO,-25.43455709,-49.2888659,11,0,6122,4908,141,110,0,6,2,14,51,33,4,1,1,4,73,3,0,0,75,0,0,0,1,4,3,13,1,0,0,1,1,2,0,0,2,0,1,20,1,0,0,1,0,1,0,0,7,5,257,0,84,2,0,7,0,0,5,0,24,2,7,9,11,1,11,6,0,1,0,0,5,0,18,1,2,0,0,61,0,0,0,1,0,4,3,0,0,8,16,0,1,0,0,238,1,20,0,8,2,0,0,1,1,0,0,0,6,0,7,0,1,1,0,0,0,0,0,0,0,0,0,0,12,3,0,1,15,0,7,56,0,4,2,2,2,29,0,68,77,44,21,0,0,0,1,1,63,2,4,3,0,7,0,28,1,0,3,4,0,0,1,0,1,5,0,0,18,0,0,38,0,1,0,0,0,0,0,1,0,0,0,1,0,0,0,0,0,9,95,0,1,1,0,0,0,0,0,1,13,1,4,1,0,0,1,4,0,7,5,0,7,0,4,0,21,0,1,0,0,0,2,1,0,4,1,0,6,0,0,1,7,0,1,0,0,0,1,0,0,0,0,2,0,0,0,0,0,0,2,0,0,0,0,0,0,0,0,0,0,0,0,0,0,0,1,44,25,0,0,0,1,39,0,2,0,1,0,0,0,0,0,0,0,0,0,16,0,10,1,0,11,0,0,3,0,0,0,0,0,4,0,0,5,0,0,0,7,14,0,0,0,0,1,0,1,0,104,3,4,94,5,0,1,1,1,11,0,0,0,0,3,11,119,49,36,2,15,3,2,1,7,29,0,18,5,0,0,6,2,3,26,1,3,15,1,50,1,6,2,3,11,1,2,1,4,85,3,4,21,352,0,0,0,0,0,0,0,1,0,0,0,0,0,0,0,0,44,0,0,1,0,0,0,3,127,9,3,1,43,0,4,0,44,0,0,2,7,2,2,0,6,114,50,10,8,1,0,87,2,2,2,2,2,5,1,0,0,6,0,0,0,0,0,0,0,0,0,0,8,0,1,0,0,0,0,0,1,0,4,6,0,0,0,0,0,0,4,0,1,17,3,0,0,1,31,3,0,0,0,0,2,0,0,0,1,0,0,0,0,0,0,0,1,0,0,0,1,1,0,0,5,0,0,0,0,0,0,1,0,0,0,3,0,0,0,1,0,1,0,0,0,0,1,0,5,0,0,0,0,0,0,0,1,0,5,0,0,0,173,0,0,4,0,1,25,11,35,1,1,26,12,26,7,2,11,0,25,0,0,3,2,0,0,2,13,5,5,0,2,0,201,2,0,7,4,0,12,2,0,0,0,13,14,12,16,16,1,0,9,0,14,0,2,0,0,2,2,1,2,0,0,0,0,0,0,0,0,0,1,0,0,17,1,0,0,2,0,0,0,0,0,0,0,0,0,0,0,0,0,5,0
178,2135,ESCOLA MUNICIPAL WALTER HOERNER,"RUA DOMINGOS IMBRONIZIO, 129",MOSSUNGUE,-25.43502751,-49.32480872,45,0,2383,1928,73,49,0,3,2,2,13,5,0,0,0,2,36,1,1,0,26,0,0,0,3,2,1,7,0,0,1,0,0,0,0,1,0,0,0,9,0,0,0,0,0,3,0,1,4,6,93,1,35,2,3,2,0,0,3,0,6,2,5,1,2,0,1,0,0,0,0,0,1,0,8,0,1,0,0,30,0,0,0,2,1,3,0,0,1,3,4,0,1,0,0,76,0,6,0,1,3,0,0,2,0,0,0,0,0,0,0,1,0,0,0,0,0,0,0,0,0,0,0,0,7,1,0,0,7,0,0,26,0,0,0,0,1,6,1,20,11,15,10,1,2,0,0,1,18,0,1,0,0,0,0,20,1,0,2,0,0,0,0,0,0,1,0,0,4,0,0,10,0,0,0,1,0,0,0,0,0,0,0,2,0,0,0,0,0,2,35,0,1,2,0,1,0,0,0,0,2,1,3,0,0,0,1,4,0,0,0,0,7,0,0,0,4,0,0,0,0,0,0,0,0,0,0,0,1,0,0,0,4,0,0,0,0,0,0,0,0,0,0,0,0,1,0,0,0,1,0,0,0,0,0,1,0,0,0,0,0,0,0,0,0,0,0,16,13,0,0,0,0,19,1,0,1,1,0,0,0,0,0,0,0,0,0,0,0,4,0,0,3,0,0,2,0,0,0,0,0,0,0,0,1,0,0,0,2,3,0,0,0,1,0,0,0,0,54,0,4,28,2,1,0,0,2,6,0,0,0,0,4,1,39,30,4,1,5,0,0,0,1,7,0,9,1,0,0,1,0,2,3,0,1,5,0,20,1,1,0,1,6,0,1,0,1,48,0,4,8,156,1,0,0,0,0,0,0,0,0,0,0,0,0,0,0,0,25,0,0,0,0,0,0,2,51,0,1,0,19,0,3,0,14,0,0,0,1,0,2,0,3,58,32,3,11,0,0,38,0,1,0,3,0,5,0,0,2,1,0,0,0,0,0,0,0,0,3,0,1,0,1,0,0,0,0,0,0,0,0,1,0,0,0,0,3,0,4,0,0,15,2,0,0,0,20,0,0,0,0,0,7,0,0,0,0,0,0,0,0,0,0,0,0,0,0,0,0,1,1,0,2,0,0,2,0,0,0,1,0,0,1,0,0,0,0,0,0,0,0,0,0,0,2,0,0,0,0,0,0,0,0,0,0,0,1,0,1,0,43,0,0,0,1,1,8,0,13,0,1,8,1,16,1,0,0,1,19,0,0,3,2,0,0,0,3,0,2,0,0,0,61,0,0,5,2,2,18,0,0,0,0,5,3,9,13,5,0,0,9,0,2,0,0,0,0,0,1,0,0,0,1,0,0,0,0,0,0,0,0,0,0,6,0,0,0,0,0,0,0,0,0,0,0,0,0,0,0,2,0,0,0
178,2143,ESCOLA MUNICIPAL ESPECIALIZADA ALI BARK,RUA VICENTE PONTAROLLA 91,SEMINÁRIO,-25.44433518,-49.31249941,29,0,1430,1191,44,47,0,3,1,1,16,2,1,0,0,1,21,2,0,0,13,0,0,0,0,2,3,5,0,0,0,0,0,0,1,0,0,0,0,7,1,0,0,0,0,0,0,0,3,4,87,0,18,1,0,2,0,0,2,0,3,2,0,1,0,0,0,0,0,0,0,0,1,0,2,0,0,0,0,14,0,0,0,4,0,0,2,0,1,1,1,0,0,0,0,52,0,5,0,3,2,0,0,0,0,0,0,0,1,0,0,0,0,0,0,0,0,0,0,0,0,0,0,0,0,1,0,0,2,0,1,14,0,2,1,1,0,4,0,16,20,14,3,0,0,0,1,0,19,0,4,2,0,1,0,8,3,0,0,0,0,0,0,0,0,0,0,0,5,0,0,5,0,0,0,0,0,0,0,0,0,0,0,1,0,0,0,0,0,4,32,0,0,0,0,0,0,0,0,0,0,0,1,0,0,0,0,4,4,0,0,0,5,0,0,0,5,0,0,0,0,0,0,0,0,0,0,0,1,0,0,1,2,0,0,0,0,0,0,0,0,0,0,0,0,0,1,0,0,0,0,0,0,0,0,0,0,0,0,0,0,0,0,0,0,0,0,11,5,0,0,0,0,7,0,0,0,0,0,0,0,1,0,0,1,0,0,1,0,2,0,0,2,0,0,1,0,0,0,0,0,0,0,0,0,0,0,0,0,2,0,0,0,0,0,0,0,0,21,1,0,16,0,0,0,0,0,2,0,0,0,0,1,0,15,10,1,0,9,0,0,0,1,7,0,2,0,1,0,3,0,1,1,0,2,4,0,8,0,1,0,2,8,0,0,0,0,30,0,1,0,76,3,0,0,0,0,0,0,0,0,0,0,0,0,0,0,0,5,0,0,0,0,0,0,2,34,0,1,0,18,0,1,0,6,0,0,0,2,2,0,0,3,35,15,1,4,0,0,14,0,1,0,0,0,2,0,1,0,0,0,0,3,0,0,0,0,0,3,0,2,0,0,0,0,0,0,0,0,0,0,0,0,0,0,0,0,0,0,0,0,9,0,0,0,0,12,1,0,1,0,0,2,0,0,0,0,0,0,0,0,0,0,0,0,0,0,0,0,0,0,0,2,0,0,0,0,0,0,0,0,0,0,0,0,0,0,0,0,0,0,0,0,0,0,0,0,0,0,0,0,0,0,0,1,0,1,0,0,0,54,0,0,0,0,0,2,2,15,1,0,3,1,3,1,0,0,0,15,0,0,0,0,0,0,0,1,0,0,0,0,0,43,0,0,2,0,0,7,0,0,0,0,3,1,4,3,0,1,0,3,0,1,0,0,0,0,0,0,0,0,0,0,0,0,0,0,0,1,0,0,0,0,6,0,0,0,0,0,1,0,0,0,0,0,0,0,0,0,0,0,2,0
178,2160,ESCOLA MUNICIPAL MONSENHOR BOLESLAU FALARZ,"RUA LUIZ HOMANN, 290",SÃO BRAZ,-25.42133679,-49.3558478,60,0,1913,1510,95,69,0,7,0,2,28,6,0,0,0,2,25,0,0,0,8,0,0,0,1,2,5,6,0,2,0,0,0,0,0,0,0,0,0,12,0,0,0,0,0,0,0,0,9,1,103,0,33,0,0,2,0,0,0,0,1,1,0,0,1,0,1,0,0,1,0,0,0,0,19,0,3,0,1,34,0,0,0,2,0,3,1,0,0,4,3,0,0,0,0,48,0,1,0,1,0,0,0,0,0,0,0,1,0,0,1,0,1,0,0,0,0,0,0,0,0,0,0,0,1,2,0,0,6,0,2,16,0,6,0,0,0,5,0,14,10,15,7,0,0,0,0,1,18,0,0,0,2,3,0,10,0,0,2,0,0,0,0,0,0,5,1,0,4,0,1,15,0,0,0,1,0,0,0,0,0,0,1,0,0,0,0,0,0,3,24,0,1,0,0,0,0,0,0,0,1,0,3,4,0,0,22,2,0,0,0,0,4,0,0,0,1,0,0,0,0,0,0,0,0,1,10,0,0,0,0,0,3,0,1,0,0,0,0,0,0,0,0,0,0,0,0,0,0,0,0,0,0,0,0,0,0,0,0,0,0,0,0,0,0,0,0,12,0,0,0,3,2,5,2,1,0,0,0,0,0,0,0,0,2,0,0,1,0,0,1,0,7,0,1,0,0,0,0,0,1,0,1,5,1,0,0,0,0,9,0,0,0,0,0,0,0,0,39,2,0,29,3,0,0,0,0,3,0,0,0,0,1,0,26,24,0,1,8,1,0,0,0,9,0,5,2,0,0,3,1,0,2,0,1,16,0,7,0,0,1,1,5,0,0,0,0,37,0,2,4,82,0,0,0,0,0,0,0,0,0,0,0,0,0,0,0,0,9,0,0,0,0,1,0,3,33,0,1,1,5,0,3,0,6,0,0,2,2,3,0,1,1,12,9,0,1,0,1,9,0,0,0,1,0,3,0,0,0,1,0,0,0,0,0,0,0,0,0,0,1,0,1,0,0,0,0,1,0,0,0,0,0,0,0,1,0,0,1,0,0,5,0,0,0,0,9,1,0,0,0,0,18,0,0,0,0,0,0,0,0,0,0,0,2,0,0,0,0,1,2,0,3,0,0,0,1,0,0,0,0,0,0,0,0,0,0,0,0,0,0,0,0,0,5,0,0,0,0,0,0,0,0,0,0,0,1,0,0,0,26,0,0,0,0,1,4,0,10,0,0,4,3,10,1,0,0,0,10,0,0,7,0,0,0,1,0,0,0,0,0,0,50,0,4,6,0,0,10,0,0,0,0,5,0,5,3,4,0,0,2,0,1,0,0,0,0,0,0,0,0,0,0,0,0,1,0,0,0,0,0,0,0,34,2,0,0,0,0,0,0,0,0,0,0,0,0,0,0,0,0,2,0
178,2186,ESCOLA MUNICIPAL PRESIDENTE PEDROSA,"RUA BORORÓS, 1279",PORTÃO,-25.4657763,-49.29495159,27,0,2663,2194,70,55,0,2,2,9,33,15,1,0,0,2,50,0,0,0,39,1,0,1,0,0,1,5,0,0,0,0,0,0,0,0,0,0,0,14,0,1,0,0,1,1,0,0,5,0,101,0,60,0,0,2,0,0,1,0,2,1,1,1,8,0,4,1,0,3,0,0,1,0,8,0,2,0,0,23,0,0,0,9,0,4,1,0,0,0,1,0,1,0,0,78,0,7,0,3,3,1,0,0,3,0,0,0,3,0,1,0,0,0,0,0,0,0,0,0,0,0,0,0,3,2,2,0,13,0,2,38,0,6,1,0,2,16,0,24,40,12,6,2,0,0,1,1,37,2,0,0,2,1,0,16,0,0,0,1,0,1,0,0,0,3,2,0,10,0,0,9,0,0,1,0,0,0,0,0,0,0,2,0,0,1,0,0,0,1,32,0,0,1,0,2,2,0,1,1,0,0,3,0,0,0,0,2,0,2,2,0,3,0,4,0,5,0,0,0,0,2,2,3,0,3,0,0,1,0,0,0,7,0,2,0,0,0,0,0,0,0,0,0,0,0,0,0,0,0,2,0,0,0,0,0,0,0,0,0,0,0,0,0,0,0,0,11,4,0,2,0,1,12,10,0,0,0,0,0,0,1,0,0,2,0,0,1,0,1,0,0,10,1,0,3,0,0,0,0,0,1,0,0,0,0,0,0,4,1,0,0,0,0,0,0,2,0,44,3,0,45,3,0,1,0,5,3,0,1,0,0,1,1,34,19,4,0,20,0,0,0,0,10,0,10,0,0,0,2,4,0,6,1,0,5,0,29,0,0,0,1,14,1,2,0,0,55,1,6,5,151,0,0,0,0,0,0,0,0,0,0,0,0,0,0,0,0,19,0,0,1,0,1,0,1,70,0,0,0,21,0,0,0,24,0,0,5,1,1,0,6,6,43,12,5,4,0,0,26,1,0,3,1,1,2,1,0,0,4,0,0,0,0,0,0,0,0,0,0,2,0,0,0,0,0,0,0,2,0,1,0,0,0,0,0,1,1,2,2,0,18,0,0,0,0,23,5,0,4,0,0,1,0,0,0,0,0,0,0,0,0,0,0,0,0,0,0,2,0,0,0,3,0,3,1,0,0,1,0,0,0,0,0,1,0,0,0,0,0,0,0,0,0,2,1,3,0,0,0,0,0,1,0,0,0,3,0,0,0,65,1,0,2,0,0,8,0,27,0,1,3,1,7,3,1,0,0,31,0,0,8,0,0,0,0,4,1,5,0,0,0,87,0,0,3,1,0,3,0,0,1,0,3,4,10,8,6,1,0,4,0,6,0,0,0,0,0,0,0,0,2,0,0,0,1,0,0,0,0,0,0,0,3,0,2,0,0,0,0,0,0,0,0,1,0,0,0,0,0,0,0,0
178,2194,ESCOLA ESTADUAL SANTO ANTÔNIO,"RUA AMADEU PIOTTO, 37",CIDADE INDUSTRIAL,-25.43370564,-49.35487243,75,0,3647,2944,228,137,0,18,3,15,49,2,5,0,0,4,40,0,0,0,19,0,0,0,4,3,1,14,0,1,1,0,0,1,0,0,0,0,1,49,0,0,0,0,0,0,1,0,15,4,260,0,61,0,0,0,0,0,1,0,2,4,1,1,5,0,2,0,0,3,1,0,0,0,25,0,1,0,2,103,0,0,0,0,0,2,4,0,1,33,4,0,0,0,0,41,0,9,0,1,0,1,0,0,1,0,0,0,3,1,10,0,0,0,0,0,1,0,0,0,0,0,0,0,9,9,0,0,27,1,0,24,0,2,1,1,0,13,0,16,23,23,14,5,1,1,0,2,73,1,5,1,1,0,1,20,0,1,4,0,0,0,0,0,2,2,0,0,6,0,1,9,0,0,0,0,0,0,0,1,0,0,0,0,0,0,0,0,0,5,46,0,0,1,0,0,0,0,0,0,1,1,14,1,0,0,4,0,0,0,16,0,8,0,4,0,8,0,0,0,0,0,0,1,0,0,1,0,2,0,0,0,1,0,1,0,0,0,1,0,0,0,0,0,0,0,3,0,1,0,0,0,0,0,0,0,0,0,0,0,1,0,0,0,0,0,0,27,4,0,1,1,1,4,4,4,0,0,0,0,0,0,0,0,0,0,0,2,0,0,0,2,19,0,1,5,0,0,0,0,0,0,3,5,1,0,0,0,0,4,0,0,0,0,0,1,0,0,75,2,1,35,1,0,0,0,2,8,0,0,0,0,2,0,39,56,2,1,16,1,0,0,1,33,0,12,1,1,0,4,3,0,7,0,3,41,1,8,0,0,1,1,8,0,3,0,13,82,1,12,9,124,0,0,0,0,0,0,0,0,1,0,0,0,2,0,0,0,10,0,0,0,0,0,0,0,58,3,4,1,12,0,2,0,7,0,0,1,5,5,1,0,2,28,11,2,2,0,0,9,0,2,1,8,1,28,0,0,0,0,0,0,0,0,0,0,0,1,3,0,4,0,0,0,0,0,1,0,0,0,0,0,2,1,0,0,0,0,0,0,0,28,1,1,2,0,39,0,0,4,0,0,2,0,0,0,0,1,0,0,0,0,0,0,0,0,0,0,0,0,10,0,2,0,0,0,0,0,0,0,0,0,0,0,1,0,0,0,0,7,0,0,1,0,9,0,0,0,0,0,0,0,0,0,0,0,1,0,1,0,50,3,0,3,0,0,4,3,10,0,3,15,3,4,12,0,2,0,10,0,1,8,0,3,3,0,2,1,0,0,0,1,42,0,2,9,0,4,14,0,0,0,1,6,1,11,8,8,1,0,6,0,3,1,0,0,1,0,1,0,1,0,0,0,0,0,0,0,0,0,0,0,0,32,0,0,0,0,0,0,0,0,0,0,0,0,1,0,0,1,0,0,2
178,2216,COLÉGIO ESTADUAL GABRIELA MISTRAL,RUA TABAJARAS   840,PORTÃO,-25.46259013,-49.29834698,27,0,3130,2517,91,81,0,4,2,10,35,11,0,0,0,3,40,0,0,0,24,1,0,0,3,1,1,8,0,0,0,0,1,0,1,0,0,0,0,16,0,0,0,0,0,0,0,0,4,2,100,1,71,0,2,0,0,0,0,0,1,2,9,10,9,0,1,0,0,1,0,0,0,0,7,0,0,0,0,25,0,0,0,3,0,3,1,0,0,2,4,0,0,0,0,121,0,9,0,4,0,0,0,0,1,0,0,0,2,0,5,1,1,2,0,0,0,0,0,0,0,0,0,0,4,2,0,1,24,0,1,34,0,3,0,7,0,10,0,20,48,25,9,1,0,1,0,3,39,0,0,1,0,1,0,20,0,0,1,0,0,1,2,0,0,1,1,0,4,0,0,13,0,1,0,1,0,0,0,0,0,1,0,0,0,0,0,0,0,7,48,0,0,0,0,0,0,0,0,0,1,0,2,2,0,0,1,1,0,0,0,0,12,0,1,0,9,0,0,0,0,0,0,0,0,1,1,0,2,0,0,1,3,0,1,0,0,0,0,0,0,0,0,0,0,1,0,0,1,0,1,0,0,0,0,0,0,0,0,0,0,0,0,0,0,0,0,25,9,1,0,0,1,17,4,0,0,1,0,0,0,0,0,0,0,1,0,3,0,6,1,0,7,0,0,2,0,0,0,0,1,2,0,2,2,0,0,0,2,10,0,0,0,0,0,0,1,0,61,3,4,63,7,0,0,0,1,3,0,0,0,0,4,1,50,64,8,0,11,0,1,0,3,15,1,5,0,0,0,2,1,1,8,0,3,10,0,26,1,0,0,2,8,1,0,3,2,87,2,8,6,111,1,0,0,0,0,0,0,0,0,0,0,0,0,1,0,0,7,1,0,0,0,0,0,1,54,1,3,0,20,0,1,0,21,1,0,4,3,7,1,3,3,42,10,3,9,0,0,24,0,0,1,2,1,2,0,0,0,1,0,0,0,0,1,0,2,0,1,0,0,0,1,0,0,0,0,0,0,0,1,1,0,0,0,0,1,0,3,1,2,15,0,0,0,0,25,1,0,0,2,0,2,0,0,0,1,2,0,0,0,0,0,1,2,0,0,0,0,1,0,0,10,0,0,3,0,0,0,3,0,0,0,1,1,0,0,0,0,2,2,0,0,0,4,0,1,0,0,0,0,0,0,0,0,0,7,0,0,0,85,0,0,0,0,0,6,4,26,1,0,6,4,7,8,1,0,0,41,1,0,5,2,0,0,0,5,2,3,0,1,0,115,1,0,4,0,0,8,1,0,0,0,2,3,5,3,13,0,1,4,2,2,0,0,0,0,2,2,2,0,0,0,0,1,0,0,0,0,0,5,0,0,4,1,2,0,0,0,0,0,0,0,0,0,0,0,0,0,0,0,0,0
178,2232,ESCOLA ESTADUAL DE EDUCAÇÃO ESPECIAL LUCY REQUIÃO MELLO E SILVA,"AV MANOEL RIBAS, 7119",SANTA FELICIDADE,-25.39944844,-49.33850539,63,0,3519,2842,195,92,0,19,1,7,37,3,0,0,0,2,33,0,0,0,9,0,0,0,0,2,3,13,2,4,0,0,0,0,0,0,0,0,0,21,1,0,0,0,0,0,0,1,6,7,187,0,35,1,2,0,0,0,2,0,2,0,0,0,5,0,1,0,0,0,0,0,2,0,12,0,0,0,0,27,0,0,0,2,0,2,1,0,0,5,1,0,0,0,0,79,0,8,0,12,0,0,0,0,0,0,0,0,1,0,4,0,0,0,0,0,0,0,0,0,0,0,0,0,4,4,0,0,14,1,1,30,0,11,0,1,1,11,0,30,34,20,6,0,0,0,0,2,24,1,0,0,0,3,0,23,2,0,3,1,1,0,0,0,1,0,0,0,7,0,0,15,0,0,1,1,0,0,0,0,0,0,2,0,0,0,0,0,0,4,62,1,0,1,0,0,0,0,0,0,3,0,2,0,0,0,1,1,0,1,3,2,19,0,0,0,5,0,0,2,0,0,1,0,0,0,0,0,1,0,0,0,2,0,0,0,0,0,0,1,0,0,0,0,0,0,1,0,1,0,1,0,0,0,0,0,2,0,0,0,0,0,0,0,0,0,2,22,4,0,2,0,0,7,2,2,1,0,0,0,0,0,0,0,0,0,0,2,1,2,0,0,11,1,0,0,0,0,0,0,0,0,1,1,4,0,0,0,1,8,0,0,0,0,0,0,0,0,74,6,0,25,2,0,0,0,1,7,1,0,0,1,1,0,40,26,5,0,12,0,1,0,0,25,1,5,1,0,1,4,2,0,5,0,1,14,0,26,0,1,0,1,5,0,0,0,0,75,1,1,4,145,0,0,0,0,0,0,0,0,0,0,0,0,1,2,0,0,15,1,0,0,0,0,0,1,68,1,2,0,14,0,1,0,11,0,1,2,4,4,0,2,7,41,8,6,4,0,0,16,0,1,0,6,1,0,0,1,0,0,0,0,0,0,0,0,1,0,0,0,1,0,0,0,0,0,1,0,1,0,0,2,0,0,0,0,1,0,1,0,0,11,0,0,0,0,19,0,0,0,2,0,69,0,0,0,0,0,0,0,0,0,0,0,0,0,0,0,0,0,1,0,0,0,0,1,0,0,0,0,0,0,0,0,0,0,0,0,0,1,1,0,0,0,1,0,0,0,0,0,0,0,0,0,0,0,1,0,0,0,73,0,0,0,4,0,5,2,13,0,2,23,6,6,2,0,0,0,7,0,0,9,0,0,0,2,1,0,2,0,0,0,55,0,2,10,1,1,8,0,0,0,0,2,4,6,14,9,0,0,4,0,3,0,0,0,0,0,1,0,0,0,0,0,0,2,0,1,1,0,0,0,0,406,1,0,0,0,1,0,0,0,0,0,0,0,0,0,0,0,0,2,0
178,2240,PARÓQUIA N. SENHORA DA CONCEIÇÃO (PARÓQUIA BUTIATUVINHA),RUA PADRE ARTURO SEPPI 51,BUTIATUVINHA,-25.39639015,-49.34831945,61,0,1970,1641,55,35,0,12,0,4,14,2,3,2,0,0,20,0,0,1,12,0,0,0,0,0,1,6,0,4,3,0,0,0,0,0,0,0,0,8,0,0,0,0,0,0,1,0,3,0,132,0,17,0,0,4,0,0,0,0,1,1,1,0,3,0,0,0,0,0,0,0,1,0,8,0,1,0,0,13,0,0,0,0,0,1,1,0,0,3,2,0,0,0,0,26,0,1,0,0,0,0,0,0,1,0,0,0,1,0,1,0,0,0,0,0,0,0,0,0,0,0,0,0,4,2,3,0,9,0,1,21,0,5,1,1,0,11,0,7,12,9,4,1,0,0,0,2,12,0,1,0,0,0,0,4,1,0,0,0,0,1,0,0,0,2,0,0,2,0,1,4,0,0,0,1,0,0,0,0,0,0,1,0,0,0,0,0,1,4,27,0,0,0,0,0,0,0,0,0,2,0,2,0,0,0,0,1,0,0,0,0,18,0,0,0,1,0,0,0,0,0,0,0,0,0,0,0,0,0,0,0,0,0,0,0,0,0,0,0,0,0,0,0,0,0,0,0,0,0,1,0,0,0,0,0,0,0,0,0,0,0,0,0,0,0,0,9,2,0,0,0,0,1,1,0,0,1,0,0,0,1,0,0,1,1,0,0,1,0,0,0,3,0,0,0,0,0,0,0,0,0,1,2,1,0,0,0,0,2,0,0,0,0,1,0,0,0,13,1,0,30,1,0,0,0,3,0,1,1,0,0,0,1,20,22,0,0,1,1,0,0,0,7,0,2,1,0,0,2,3,0,4,0,0,6,0,7,0,0,0,0,4,0,0,0,0,35,0,0,0,62,0,0,0,0,0,0,0,0,0,0,0,0,0,0,0,1,10,0,0,0,0,0,0,1,42,0,1,0,7,0,2,0,6,0,0,0,1,0,0,0,3,17,2,9,0,0,0,16,0,0,0,1,0,4,0,0,0,0,0,0,0,0,0,0,0,0,0,0,0,0,0,0,0,0,1,0,1,0,0,0,0,0,0,0,0,0,0,0,0,3,1,0,0,0,7,0,0,3,0,0,34,0,0,0,1,1,0,0,0,0,0,0,0,0,0,1,0,0,0,0,0,0,0,0,0,0,1,0,0,0,0,1,0,0,0,0,0,2,0,0,0,0,3,0,0,0,0,0,0,0,0,0,0,0,3,0,0,0,23,1,0,3,0,0,2,0,9,0,0,11,0,1,1,0,2,0,9,0,0,9,0,0,0,0,1,0,0,0,0,2,28,1,1,2,1,0,6,0,0,0,0,2,0,4,6,3,0,0,2,1,1,0,0,0,0,2,1,0,0,0,0,0,0,0,0,0,0,0,0,0,0,476,0,0,0,0,0,0,0,0,0,0,2,0,0,0,0,0,0,1,0
178,2259,CURSO E COLÉGIO ACESSO,"AVENIDA VEREADOR TOALDO TULIO, 1930",SANTA FELICIDADE,-25.41019,-49.34594,60,0,3571,2865,140,88,0,7,1,5,41,9,1,1,0,2,34,0,1,0,22,0,0,0,1,3,3,8,0,0,0,1,0,0,0,0,0,0,0,15,0,0,0,0,0,2,1,0,5,3,206,0,39,0,6,3,0,0,0,0,2,1,2,0,4,0,2,2,0,0,1,0,1,0,13,0,2,1,1,43,0,0,0,0,0,3,10,0,1,9,10,0,0,0,0,97,0,7,0,5,3,0,0,0,3,0,0,0,0,0,7,0,0,1,0,0,0,0,0,0,0,0,0,0,3,3,0,0,17,0,1,29,0,11,0,1,1,23,0,40,34,30,9,2,0,0,1,0,33,0,1,3,0,4,0,24,1,1,0,2,1,0,1,0,0,5,0,0,11,0,0,23,0,1,1,1,1,0,1,3,0,0,1,0,0,3,0,0,0,10,52,0,0,0,0,0,0,0,0,0,0,0,8,0,0,0,1,3,0,0,3,0,9,0,1,0,10,0,0,0,0,0,0,0,0,1,6,0,1,0,0,0,1,0,0,0,0,0,0,0,0,0,0,0,0,0,0,0,0,0,1,0,0,0,0,0,0,0,0,0,0,0,0,0,1,0,0,23,5,0,0,0,2,5,4,0,0,0,0,0,0,1,0,0,0,0,0,5,2,1,0,0,12,0,0,1,0,0,0,0,0,0,1,4,0,0,1,0,3,4,0,0,0,0,1,0,0,0,55,3,4,42,1,0,0,0,3,4,0,0,0,0,3,3,54,37,5,0,10,0,1,0,1,16,0,5,0,0,0,2,1,0,10,0,2,19,1,26,0,2,0,0,11,1,2,1,0,52,1,2,0,209,0,2,0,1,0,0,0,0,0,0,0,0,0,0,0,0,14,1,0,0,0,0,0,3,82,3,4,0,16,0,1,0,20,0,0,1,3,10,0,0,4,42,14,11,5,1,0,27,0,3,1,1,0,2,1,0,0,0,0,0,0,0,0,1,0,0,1,0,0,0,0,0,0,0,0,0,1,0,2,5,0,0,0,0,5,0,0,0,0,16,2,0,0,0,29,0,1,2,0,0,13,1,0,0,0,0,1,0,0,0,0,0,0,0,0,0,1,0,0,0,5,0,0,0,1,0,0,0,0,0,0,0,0,0,0,0,1,0,0,0,0,0,3,0,2,0,2,0,0,1,0,0,0,0,4,0,0,0,101,0,0,2,1,0,13,2,12,1,1,6,5,6,6,0,5,0,12,2,1,19,1,0,0,0,1,1,0,0,2,0,66,2,12,4,1,4,12,0,0,0,0,6,4,7,5,4,2,0,8,0,3,0,0,0,0,0,1,0,1,1,0,0,1,2,0,0,0,0,0,0,0,167,0,0,0,0,0,0,0,0,0,0,0,0,0,0,0,0,0,1,0
178,2267,COLÉGIO ESTADUAL PARA SURDOS ALCINDO FANAYA JUNIOR,RUA VITAL BRASIL 447,VILA IZABEL,-25.46344924,-49.29683114,27,0,1579,1296,58,40,0,3,3,6,17,6,1,0,0,1,16,0,0,0,15,0,0,0,0,0,0,2,0,0,0,0,0,0,0,4,0,0,0,9,0,0,0,0,0,0,0,0,3,1,23,0,25,0,0,3,0,0,0,0,0,0,0,1,3,0,1,0,0,0,0,1,0,0,1,0,3,0,0,14,0,0,0,0,0,0,0,0,0,4,7,0,0,0,0,81,0,3,0,3,0,0,0,0,1,0,0,0,0,0,0,0,0,0,0,0,0,0,0,0,0,0,0,0,8,1,0,0,6,0,0,11,0,4,0,5,1,20,1,40,36,10,12,2,2,0,1,1,17,0,1,0,1,1,0,23,1,0,0,0,0,1,0,0,0,3,2,0,8,0,2,9,0,0,0,0,0,1,0,1,0,1,0,2,1,0,0,0,0,4,24,0,0,1,0,1,1,0,0,1,0,0,0,1,0,0,0,0,0,2,0,0,1,0,1,0,6,0,0,0,0,0,0,0,0,0,0,0,0,0,0,0,0,0,0,0,0,0,0,0,0,0,0,1,0,0,0,0,0,0,0,0,0,0,0,0,0,0,0,0,0,0,0,0,0,0,0,12,3,0,0,0,0,2,1,0,0,0,0,0,0,0,0,0,0,0,0,4,0,0,0,0,11,0,0,1,0,0,0,0,0,2,0,0,0,0,1,0,1,1,0,0,0,0,0,0,0,0,21,0,2,20,5,0,0,0,0,8,0,0,0,0,1,2,19,5,7,0,4,0,0,1,0,6,1,0,2,0,0,0,2,1,6,0,0,2,0,15,2,1,1,0,3,0,0,1,1,29,0,0,2,79,0,0,0,0,0,0,0,0,0,0,0,0,0,0,0,0,8,0,1,1,0,0,0,2,34,0,0,0,13,0,0,0,12,0,0,1,0,1,0,3,1,23,7,1,4,0,3,8,0,0,0,0,0,2,1,0,2,0,0,0,0,0,0,0,0,0,0,0,0,0,0,0,0,0,0,0,0,0,0,1,0,0,0,0,0,0,1,0,0,10,0,0,0,0,10,0,0,0,0,0,1,0,0,0,0,0,0,0,0,0,0,0,0,0,0,0,0,1,0,0,0,0,0,0,0,0,0,0,0,0,0,0,0,0,0,0,0,0,1,0,0,0,2,0,0,0,0,0,0,0,0,0,0,0,2,0,0,0,87,0,0,1,0,0,0,1,4,0,0,5,1,3,3,0,2,0,14,0,0,1,0,0,0,0,1,0,5,0,0,0,40,3,0,3,0,1,2,1,0,0,0,3,2,2,5,5,2,0,4,0,1,1,0,0,0,0,0,0,0,0,0,0,0,0,0,0,0,0,1,0,0,5,0,0,0,0,0,0,0,0,0,0,0,0,0,0,0,1,0,1,1
178,2283,PARÓQUIA SÃO JOSÉ TRABALHADOR,"RUA MAJOR HEITOR GUIMARÃES, 1526",CAMPINA DO SIQUEIRA,-25.43936383,-49.31012054,30,0,1182,980,42,14,0,1,0,0,14,3,0,0,0,0,11,0,0,0,10,0,0,0,0,0,0,10,0,2,0,1,0,0,0,0,0,0,0,9,0,0,0,2,0,2,1,0,4,1,27,0,10,1,0,0,1,0,0,0,0,0,0,0,0,0,2,1,0,1,0,0,0,0,1,0,1,0,0,13,0,0,0,0,0,3,1,0,0,3,9,0,0,0,0,63,0,2,0,4,1,0,0,1,0,0,0,0,0,0,2,1,0,0,0,0,0,0,1,0,0,0,0,0,3,1,2,0,5,0,1,14,0,3,0,5,0,15,0,28,25,6,3,0,0,0,0,1,9,0,1,1,0,0,0,24,0,0,0,1,0,1,0,0,0,2,0,0,7,0,0,12,0,0,0,2,0,0,0,0,0,0,0,1,0,0,0,0,0,2,15,0,0,1,0,0,0,0,0,0,0,0,2,0,0,0,0,1,1,0,0,0,1,0,0,0,1,0,0,0,0,0,0,2,0,0,0,0,0,0,0,0,1,0,0,2,0,0,0,0,0,0,0,0,0,0,0,0,0,0,0,0,0,0,0,0,0,0,0,0,0,0,0,0,0,0,0,17,1,0,0,0,0,6,3,0,0,0,0,0,0,0,0,0,0,0,0,1,1,2,0,0,2,0,0,1,0,0,0,0,0,0,0,0,0,0,0,0,0,2,0,0,0,0,0,0,0,0,16,1,0,11,2,0,0,0,1,6,0,0,0,0,1,0,7,10,6,0,3,0,0,0,2,3,0,2,0,0,1,0,0,1,7,1,0,2,0,5,0,0,0,0,0,0,0,0,1,11,0,1,1,69,0,0,0,0,0,0,0,0,0,0,0,0,0,0,0,0,14,0,0,0,0,0,0,0,24,0,0,0,4,0,0,0,12,0,1,2,2,0,0,0,3,14,4,2,1,0,0,12,0,0,0,0,0,2,0,0,0,0,0,0,0,0,0,0,0,0,1,0,0,0,0,0,0,0,0,0,0,0,0,1,1,0,0,0,0,0,0,0,0,5,0,0,0,0,11,0,0,0,0,0,3,0,0,0,0,0,0,0,0,0,0,0,0,0,0,0,0,2,0,0,0,0,0,3,0,0,0,0,0,0,0,1,0,0,0,0,0,0,0,0,0,0,1,1,0,0,0,0,0,0,0,0,0,0,1,0,0,0,61,0,0,0,1,0,4,0,2,1,0,1,2,7,1,0,0,0,3,0,0,3,0,0,0,0,2,0,1,0,0,0,31,2,0,3,0,0,6,0,0,0,0,3,1,4,8,3,0,0,9,0,2,0,0,0,0,0,0,0,0,0,0,0,0,0,0,0,0,0,0,0,0,5,0,0,0,0,0,0,0,0,0,0,0,0,0,0,0,0,0,0,1
178,2291,UFPR - DEPARTAMENTO DE MÚSICAS E ARTES (BATEL),"RUA CORONEL DULCIDIO, 638",BATEL,-25.43908512,-49.28321948,10,0,1084,869,28,18,0,0,0,4,16,3,0,0,0,0,5,0,0,0,9,0,0,0,0,1,4,3,0,1,0,0,0,0,0,0,0,0,0,2,0,0,0,3,0,0,0,0,0,1,27,0,7,0,0,4,0,0,0,0,2,0,1,1,1,0,1,0,1,2,0,0,0,0,6,0,2,0,0,6,0,0,0,0,0,1,0,0,0,1,6,0,0,0,0,70,0,1,0,4,0,0,0,0,0,0,0,0,0,0,2,0,0,1,0,0,0,0,0,0,0,0,0,0,4,0,0,0,9,0,0,9,0,1,2,0,1,16,0,35,43,9,15,1,0,0,1,1,11,0,0,2,0,0,0,15,1,0,0,1,0,0,0,0,1,0,0,0,4,0,1,6,0,0,0,0,0,0,0,0,0,0,1,0,0,0,0,1,0,3,9,0,0,0,0,0,0,0,0,0,0,0,0,0,0,0,0,2,0,0,0,0,3,0,0,0,2,0,0,0,0,0,0,0,0,0,2,0,0,0,0,0,1,0,0,0,0,0,0,0,0,0,0,0,0,0,0,0,0,0,0,0,0,0,0,0,0,0,0,0,0,0,0,0,0,0,0,7,2,0,0,0,1,0,1,0,0,0,0,0,0,0,0,0,0,0,0,1,0,0,0,0,1,0,0,1,0,0,0,0,0,1,0,0,0,0,0,0,4,1,0,0,0,0,0,0,0,0,15,0,1,4,0,0,0,0,2,0,0,0,0,0,0,1,13,2,4,0,5,2,0,0,1,2,0,1,0,0,0,0,1,1,4,0,0,2,0,4,0,0,1,1,2,2,0,2,0,10,1,1,1,47,0,0,0,0,0,0,0,0,0,0,0,2,0,0,0,0,6,0,0,1,0,0,0,0,14,2,0,0,3,0,1,1,12,0,0,0,6,2,0,0,1,18,2,0,1,0,2,2,0,1,0,1,0,0,0,0,0,0,0,0,0,0,0,0,0,0,1,0,1,0,0,0,0,0,0,0,0,0,0,6,0,0,0,0,0,0,1,0,0,0,0,0,0,0,3,0,0,0,0,0,0,0,0,0,0,0,0,0,0,0,0,0,0,0,0,0,0,1,0,0,2,0,0,0,0,0,0,0,1,0,0,0,1,0,0,0,0,0,0,0,0,0,2,0,0,0,0,0,0,0,0,0,0,0,2,0,0,0,91,0,0,1,0,0,2,4,2,0,0,0,1,3,0,0,1,0,1,1,1,1,0,0,0,0,1,0,1,0,0,0,13,0,0,0,1,0,1,0,2,0,0,0,1,5,5,6,0,1,8,2,0,0,0,0,0,0,0,0,0,0,0,0,0,1,0,0,0,0,0,0,0,1,0,0,0,0,0,0,0,0,0,0,0,0,0,0,0,0,0,1,0
178,2305,ESCOLA SEB - DOM BOSCO - UNIDADE BATEL,"AVENIDA VISCONDE DE GUARAPUAVA, 5581",BATEL,-25.44714115,-49.29395586,10,0,1503,1179,44,20,0,0,0,0,13,5,0,0,0,0,10,0,0,0,8,0,1,0,3,0,2,3,0,0,0,2,0,0,0,1,0,0,0,8,0,0,0,0,0,0,0,0,2,3,40,0,19,0,0,0,0,0,0,0,3,0,2,1,5,0,1,0,0,3,0,0,0,0,4,0,1,0,0,12,0,0,0,1,1,1,0,0,0,1,5,0,0,0,0,55,0,2,0,1,0,0,0,0,0,0,0,0,0,0,2,0,0,1,0,0,2,0,0,0,0,0,0,0,2,0,0,1,3,0,1,11,0,1,1,1,1,7,1,18,21,11,6,2,0,1,0,1,9,1,2,0,1,1,0,24,0,0,2,3,0,1,0,0,0,0,0,0,9,0,0,10,0,0,0,0,0,0,0,0,0,0,0,0,1,0,0,0,0,3,20,0,0,0,0,0,0,0,0,0,0,1,4,0,0,0,0,1,0,0,0,0,3,0,1,0,2,0,0,0,0,0,0,1,0,0,0,0,0,0,0,0,1,0,0,0,0,0,1,0,0,0,0,0,0,0,0,0,0,0,0,0,0,0,0,0,0,0,0,0,0,0,0,0,0,0,0,10,5,0,0,0,0,0,0,1,0,0,0,0,0,0,0,0,0,0,0,3,1,1,0,0,4,0,0,0,0,0,0,0,0,0,0,0,0,0,0,0,0,0,0,0,0,0,0,0,0,0,19,0,4,28,2,0,1,0,0,1,0,0,0,0,0,1,23,4,7,0,6,0,0,0,0,4,0,10,0,0,2,0,0,2,2,0,2,2,0,7,1,0,0,0,5,0,1,0,1,16,0,1,0,120,0,0,0,0,0,0,0,0,0,0,0,0,0,0,0,0,21,0,0,0,0,0,0,0,15,1,1,1,10,0,2,0,25,1,0,2,5,1,0,1,4,32,15,1,3,0,0,14,0,0,0,0,0,4,1,1,0,1,0,0,0,0,0,0,0,0,2,0,0,0,0,0,0,0,0,0,0,0,0,0,0,0,0,0,0,0,2,0,0,4,0,0,0,0,8,3,0,1,0,0,0,1,0,0,0,0,1,0,0,0,0,0,1,0,0,0,0,0,0,0,1,0,0,0,0,0,0,0,0,0,0,0,0,0,0,0,0,0,0,0,0,0,0,0,1,0,0,0,0,0,0,0,0,0,0,0,0,0,74,0,0,1,3,0,3,4,8,0,0,3,0,6,3,0,3,0,10,1,0,1,0,0,0,0,1,0,0,0,1,0,44,2,1,0,0,0,3,0,0,0,0,2,0,8,5,8,3,0,2,0,5,0,0,0,0,0,3,0,1,0,0,0,0,1,2,0,1,0,0,0,0,0,0,0,0,0,0,0,0,0,0,0,0,0,0,0,0,0,0,2,0
178,2321,COLÉGIO ARQUIDIOCESANO DE CURITIBA,"RUA MONSENHOR BOLESLAU FALARZ, 200",CIDADE INDUSTRIAL,-25.432812,-49.357063,75,0,4535,3757,159,124,0,15,6,7,41,5,3,0,0,2,52,0,1,0,32,0,0,0,1,4,2,18,0,1,0,1,0,0,0,1,0,0,0,23,0,0,0,2,0,0,2,1,10,5,282,0,63,3,9,3,0,0,0,0,1,1,3,7,9,0,2,1,2,1,1,0,1,0,30,0,0,0,0,79,0,0,0,1,0,4,7,0,0,3,12,0,0,0,0,121,0,4,0,2,0,1,0,0,1,0,0,0,5,0,3,0,0,0,0,0,0,0,0,0,0,0,0,0,7,2,0,0,17,0,6,47,0,6,1,1,2,16,0,44,48,24,14,1,0,1,2,1,39,0,1,0,3,2,0,22,3,2,4,1,0,0,0,0,2,2,0,0,11,0,0,19,0,1,0,0,3,1,1,0,2,1,0,1,1,0,0,1,0,4,95,0,0,2,0,0,0,0,1,3,3,1,6,2,0,0,30,2,0,4,2,0,12,0,0,0,8,0,0,0,0,0,0,1,0,2,7,0,0,0,0,0,2,0,1,0,0,0,0,0,0,0,0,0,0,0,0,0,1,0,0,0,0,0,0,0,0,0,0,0,0,0,0,0,0,0,0,47,5,0,0,1,2,11,6,2,0,0,0,0,0,0,0,0,4,0,0,3,1,7,1,1,25,0,1,0,0,0,0,0,1,0,2,1,1,0,0,1,0,6,0,0,0,2,0,1,1,0,114,5,5,54,5,2,0,0,0,4,0,0,0,0,6,3,57,58,7,0,8,3,0,0,4,19,0,13,5,2,0,3,4,6,8,1,1,34,1,23,0,1,4,3,19,1,1,0,1,92,0,9,11,258,3,0,0,0,0,0,0,0,1,0,0,0,0,0,0,0,35,2,0,1,0,2,0,6,82,3,3,0,31,0,1,0,18,0,0,0,3,8,0,3,3,57,20,16,2,0,0,39,0,3,2,6,0,5,2,0,1,5,0,0,0,0,1,1,0,1,2,0,4,0,1,0,0,0,1,0,0,0,1,0,0,0,1,0,0,0,2,0,0,26,0,0,0,1,39,1,0,2,0,0,16,0,0,0,0,1,0,0,0,0,0,0,1,0,0,0,1,1,0,0,1,0,0,1,0,0,0,0,0,0,0,0,1,0,0,0,0,0,0,0,0,0,1,0,2,0,0,2,0,1,0,0,0,0,2,0,0,0,109,2,0,1,0,0,7,3,24,1,0,3,5,6,11,0,2,1,13,0,0,13,1,0,0,4,1,0,0,0,2,0,95,4,8,9,2,1,12,0,0,0,0,8,6,8,9,10,3,1,8,2,5,0,0,0,0,0,0,0,0,0,0,0,0,0,0,0,0,0,0,0,0,156,0,0,0,0,0,0,0,0,0,0,0,0,0,1,0,0,0,1,1
178,2356,PARÓQUIA SÃO GRATO,"RUA GRÃ NICCO, 545",MOSSUNGUE,-25.43561629,-49.33278771,45,0,376,352,8,3,0,1,0,0,2,1,0,0,0,0,3,0,0,0,3,0,0,0,0,0,0,2,0,0,0,0,0,0,0,0,0,0,0,2,0,0,0,0,0,0,0,0,0,3,11,0,1,1,0,0,0,0,0,0,0,0,0,2,0,0,0,0,0,0,0,0,0,0,0,0,0,0,0,8,0,0,0,0,0,0,1,0,0,0,2,0,0,0,0,10,0,2,0,0,0,0,0,0,0,0,0,0,0,0,0,0,0,0,0,0,0,0,0,0,0,0,0,0,1,0,0,0,2,0,0,1,0,0,0,0,0,1,0,9,0,2,0,1,0,0,0,0,2,0,0,0,0,1,0,8,0,0,0,0,0,0,0,0,0,0,0,0,3,0,0,5,0,0,0,0,0,0,0,0,0,1,0,0,0,0,0,0,0,4,18,0,0,0,0,0,0,0,0,0,0,0,0,0,0,0,0,1,0,0,1,0,3,0,1,0,2,0,0,0,0,0,0,0,0,0,0,0,0,0,0,0,0,0,0,0,0,0,0,0,0,0,0,0,0,0,0,0,0,0,0,0,0,0,0,0,0,0,0,0,0,0,0,0,0,0,0,1,3,0,0,0,0,2,0,0,0,1,0,0,0,0,0,0,0,0,0,0,0,0,0,0,0,0,0,0,0,0,0,0,0,0,0,0,0,0,0,0,0,2,0,0,0,0,0,2,0,0,16,1,2,7,0,0,0,0,0,1,0,1,0,0,0,0,4,3,5,0,0,0,0,0,0,0,0,1,0,0,0,0,2,0,1,0,0,1,0,11,0,2,2,0,1,1,0,0,0,7,0,1,0,50,0,0,0,0,0,0,0,0,0,0,0,0,0,0,0,0,11,1,0,0,0,0,0,0,7,0,0,0,0,0,3,0,0,0,0,0,1,0,0,0,0,6,5,0,0,0,0,5,0,0,0,0,0,3,0,0,0,0,0,0,0,0,0,0,0,0,0,0,0,0,0,0,0,0,0,0,1,0,0,0,0,0,0,0,0,0,0,0,0,5,0,0,0,0,2,0,0,0,0,0,1,0,0,0,0,0,0,0,0,0,0,0,0,0,0,0,0,0,0,0,0,0,0,0,0,0,0,0,0,0,0,0,0,0,0,0,0,0,0,0,0,0,0,0,0,0,0,0,0,0,0,0,0,0,0,0,0,0,15,0,0,0,0,0,0,0,0,0,0,1,2,0,0,0,0,0,2,0,0,0,0,0,0,0,1,0,0,0,0,0,2,0,0,0,0,0,1,0,0,0,0,1,0,1,1,5,1,0,0,0,1,0,0,0,0,0,0,0,0,0,0,0,0,0,0,0,0,0,0,0,0,1,0,2,0,0,0,0,0,0,0,0,0,0,0,0,0,0,0,0,0
178,2364,UTFPR - UNIVERSIDADE TÉCNOLÓGICA FEDERAL DO PARANÁ,"RUA DEPUTADO HEITOR ALENCAR FURTADO, 5000",BIGORRILHO,-25.44350361,-49.35339345,75,0,5255,4199,333,178,0,19,6,14,80,6,2,2,1,11,64,0,0,0,31,1,0,1,2,6,1,21,0,0,0,0,1,0,0,0,1,0,0,70,0,0,0,4,1,0,1,0,39,8,278,0,85,1,4,2,0,0,3,0,3,6,3,0,5,0,2,0,1,1,0,1,0,0,34,1,0,0,0,100,2,0,0,1,0,1,2,2,0,27,0,0,1,3,0,79,0,2,1,4,1,0,0,0,3,0,0,0,2,1,10,0,0,0,0,0,0,0,0,0,0,0,0,0,16,18,0,0,27,2,0,67,0,4,0,2,3,31,0,46,30,34,12,5,0,1,0,1,75,1,7,2,0,6,0,20,1,3,7,2,0,1,0,0,1,4,2,0,9,0,0,19,1,3,1,0,0,0,1,1,0,0,1,1,0,0,0,1,0,9,74,0,0,0,0,0,0,0,0,0,2,0,19,0,0,0,2,0,0,0,7,0,14,0,5,0,3,0,1,0,3,0,2,0,0,0,4,0,5,0,0,1,5,0,0,0,0,0,0,0,0,0,0,0,0,6,2,0,2,0,3,0,0,0,0,0,1,0,2,0,0,1,0,0,1,0,0,61,2,0,3,0,1,4,9,0,1,1,0,1,0,0,1,0,9,1,0,2,0,0,0,2,24,1,1,6,0,0,0,0,1,0,1,2,7,0,0,0,0,15,0,0,0,1,0,0,0,0,88,3,4,48,6,0,3,0,5,20,0,0,0,0,5,1,77,65,6,0,19,0,1,0,1,46,1,14,2,0,0,7,7,0,6,0,2,66,1,24,1,0,5,7,13,1,0,0,3,129,0,8,6,235,2,1,0,0,0,0,0,0,1,0,0,0,0,0,0,0,16,0,0,0,0,0,0,3,107,1,4,0,19,0,0,0,9,0,1,4,6,13,3,7,3,38,8,6,2,0,0,12,1,0,0,20,0,23,0,0,0,1,0,0,0,0,0,0,0,1,0,0,0,0,0,0,0,0,0,0,0,1,0,0,1,0,0,0,3,0,1,0,0,28,2,0,1,0,48,1,0,0,0,0,17,0,0,0,0,0,0,0,0,0,0,0,2,0,0,0,3,0,15,0,11,0,3,1,0,0,0,0,0,0,0,0,0,0,0,0,0,2,2,0,0,0,8,3,1,0,0,0,0,1,0,0,0,0,1,0,1,0,90,3,0,7,1,0,4,2,5,2,0,30,0,7,11,0,0,0,14,0,2,10,0,0,1,0,3,3,3,0,3,1,81,0,5,7,0,1,9,1,0,0,2,16,8,11,10,10,1,0,7,1,0,0,0,0,0,0,0,0,0,0,0,0,0,0,0,0,0,0,0,0,0,43,0,0,1,0,0,0,0,0,0,0,0,0,0,0,0,1,0,1,0
