DS_CARGO,NR_TURNO,NR_CANDIDATO,SQ_CANDIDATO,NM_URNA_CANDIDATO,NM_CANDIDATO,NM_SOCIAL_CANDIDATO,NR_PARTIDO,SG_PARTIDO,NM_PARTIDO,SG_FEDERACAO,NM_FEDERACAO,NM_COLIGACAO,DS_GENERO,DS_COR_RACA,NEGRO,NR_IDADE,DS_GRAU_INSTRUCAO,DS_ESTADO_CIVIL,DS_OCUPACAO,DS_SITUACAO_CANDIDATURA,DS_SIT_TOT_TURNO,ELEITO,QT_VOTOS_CWB,URL_FOTO
DEPUTADO ESTADUAL,1,22922,160002547632,PAULO MELO,PAULO HENRIQUE RIVERA DE MELO,,22,PL,PARTIDO LIBERAL,,,PARTIDO ISOLADO,MASCULINO,BRANCA,0,34,SUPERIOR COMPLETO,CASADO(A),EMPRESÁRIO,,ELEITO POR QP,1,63340,
DEPUTADO ESTADUAL,1,10669,160002547552,NEY LEPREVOST,NEY LEPREVOST NETO,,10,REPUBLICANOS,REPUBLICANOS,,,PARTIDO ISOLADO,MASCULINO,BRANCA,0,52,SUPERIOR COMPLETO,SOLTEIRO(A),DEPUTADO,,ELEITO POR QP,1,35853,
DEPUTADO ESTADUAL,1,10789,160002547550,JASSON GOULART,JASON GOULART,,10,REPUBLICANOS,REPUBLICANOS,,,PARTIDO ISOLADO,MASCULINO,BRANCA,0,58,SUPERIOR COMPLETO,CASADO(A),VEREADOR,,ELEITO POR QP,1,35284,
DEPUTADO ESTADUAL,1,22777,160002547648,DELEGADA TATHIANA GUZELLA,TATHIANA LAIZ GUZELLA,,22,PL,PARTIDO LIBERAL,,,PARTIDO ISOLADO,FEMININO,BRANCA,0,50,SUPERIOR COMPLETO,CASADO(A),POLICIAL CIVIL,,ELEITO POR QP,1,33892,
DEPUTADO ESTADUAL,1,12108,160002546872,GOURA,JORGE GOMES DE OLIVEIRA BRAND,,12,PDT,PARTIDO DEMOCRÁTICO TRABALHISTA,,,PARTIDO ISOLADO,MASCULINO,BRANCA,0,46,SUPERIOR COMPLETO,SOLTEIRO(A),DEPUTADO,,ELEITO POR QP,1,32987,
DEPUTADO ESTADUAL,1,50500,160002547760,PROFESSORA ANGELA,ANGELA ALVES MACHADO,,50,PSOL,PARTIDO SOCIALISMO E LIBERDADE,50-PSOL/18-REDE,FEDERAÇÃO PSOL REDE,FEDERAÇÃO,FEMININO,BRANCA,0,49,SUPERIOR COMPLETO,SOLTEIRO(A),PROFESSOR DE ENSINO MÉDIO,,NÃO ELEITO,0,32849,
DEPUTADO ESTADUAL,1,55555,160002546849,SECRETÁRIA MÁRCIA,MARCIA CECILIA HUCULAK,,55,PSD,PARTIDO SOCIAL DEMOCRÁTICO,,,PARTIDO ISOLADO,FEMININO,BRANCA,0,64,SUPERIOR COMPLETO,DIVORCIADO(A),DEPUTADO,,SUPLENTE,0,27276,
DEPUTADO ESTADUAL,1,30022,160002542382,BRUNO SECCO,BRUNO RICARDO SECCO SOUZA,,30,NOVO,PARTIDO NOVO,,,PARTIDO ISOLADO,MASCULINO,BRANCA,0,34,SUPERIOR COMPLETO,SOLTEIRO(A),VEREADOR,,ELEITO POR QP,1,25196,
DEPUTADO ESTADUAL,1,22000,160002547646,DENIAN COUTO,DENIAN COUTO COELHO,,22,PL,PARTIDO LIBERAL,,,PARTIDO ISOLADO,MASCULINO,BRANCA,0,52,SUPERIOR COMPLETO,CASADO(A),JORNALISTA E REDATOR,,ELEITO POR QP,1,24081,
DEPUTADO ESTADUAL,1,22122,160002547629,PAULO GOMES DA TV,PAULO ROBERTO MOREIRA GOMES JUNIOR,,22,PL,PARTIDO LIBERAL,,,PARTIDO ISOLADO,MASCULINO,BRANCA,0,54,SUPERIOR COMPLETO,CASADO(A),DEPUTADO,,ELEITO POR QP,1,23585,
DEPUTADO ESTADUAL,1,13222,160002542231,ANGELO VANHONI,ANGELO CARLOS VANHONI,,13,PT,PARTIDO DOS TRABALHADORES,13-PT/65-PC do B/43-PV,FEDERAÇÃO BRASIL DA ESPERANÇA - FE BRASIL,FEDERAÇÃO,MASCULINO,BRANCA,0,71,SUPERIOR COMPLETO,SOLTEIRO(A),VEREADOR,,ELEITO POR QP,1,18506,
DEPUTADO ESTADUAL,1,14444,160002551171,MARI MAZZON SOS 4 PATAS,MARIANE APARECIDA MAZZON,,14,MISSÃO,PARTIDO MISSÃO,,,PARTIDO ISOLADO,FEMININO,BRANCA,0,35,ENSINO MÉDIO COMPLETO,SOLTEIRO(A),ADMINISTRADOR,,NÃO ELEITO,0,18500,
DEPUTADO ESTADUAL,1,22111,160002547597,FLÁVIA FRANCISCHINI,FLÁVIA CAROLINA RESENDE JABER FRANCISCHINI,,22,PL,PARTIDO LIBERAL,,,PARTIDO ISOLADO,FEMININO,BRANCA,0,48,SUPERIOR COMPLETO,CASADO(A),DEPUTADO,,ELEITO POR QP,1,16572,
DEPUTADO ESTADUAL,1,13123,160002542233,MISS PRETA,EDNA DOS SANTOS SOUSA,,13,PT,PARTIDO DOS TRABALHADORES,13-PT/65-PC do B/43-PV,FEDERAÇÃO BRASIL DA ESPERANÇA - FE BRASIL,FEDERAÇÃO,FEMININO,PRETA,1,33,SUPERIOR COMPLETO,SOLTEIRO(A),VEREADOR,,ELEITO POR QP,1,16129,
DEPUTADO ESTADUAL,1,20000,160002547530,LU BONATTO,LUCIANE BONATTO,,20,PODE,PODEMOS,,,PARTIDO ISOLADO,FEMININO,BRANCA,0,53,SUPERIOR COMPLETO,DIVORCIADO(A),OUTROS,,ELEITO POR MÉDIA,1,15008,
DEPUTADO ESTADUAL,1,22655,160002547640,MAURO MORAES,MAURO RAFAEL MORAES E SILVA,,22,PL,PARTIDO LIBERAL,,,PARTIDO ISOLADO,MASCULINO,BRANCA,0,76,SUPERIOR COMPLETO,SOLTEIRO(A),DEPUTADO,,ELEITO POR QP,1,15002,
DEPUTADO ESTADUAL,1,13130,160002542234,GIORGIA PRATES,GIORGIA TAIS XAVIER PRATES,,13,PT,PARTIDO DOS TRABALHADORES,13-PT/65-PC do B/43-PV,FEDERAÇÃO BRASIL DA ESPERANÇA - FE BRASIL,FEDERAÇÃO,FEMININO,PRETA,1,48,SUPERIOR COMPLETO,CASADO(A),VEREADOR,,SUPLENTE,0,14558,
DEPUTADO ESTADUAL,1,22007,160002547628,JOÃO BETTEGA,JOÃO VICTOR MATTOS LEÃO BETTEGA,,22,PL,PARTIDO LIBERAL,,,PARTIDO ISOLADO,MASCULINO,BRANCA,0,30,SUPERIOR COMPLETO,SOLTEIRO(A),VEREADOR,,SUPLENTE,0,14169,
DEPUTADO ESTADUAL,1,11511,160002533451,MARIA VICTORIA,MARIA VICTORIA BORGHETTI BARROS,,11,PP,PROGRESSISTAS,44-UNIÃO/11-PP,FEDERAÇÃO UNIÃO PROGRESSISTA,FEDERAÇÃO,FEMININO,BRANCA,0,34,SUPERIOR COMPLETO,CASADO(A),DEPUTADO,,ELEITO POR QP,1,13968,
DEPUTADO ESTADUAL,1,13026,160002542277,THIAGO FOLTRAN,THIAGO JUSTI FOLTRAN,,13,PT,PARTIDO DOS TRABALHADORES,13-PT/65-PC do B/43-PV,FEDERAÇÃO BRASIL DA ESPERANÇA - FE BRASIL,FEDERAÇÃO,MASCULINO,BRANCA,0,46,SUPERIOR INCOMPLETO,CASADO(A),OUTROS,,ELEITO POR QP,1,13419,
DEPUTADO ESTADUAL,1,22190,160002547622,SAMUEL DANTAS,SAMUEL DANTAS PEREIRA DA SILVA,,22,PL,PARTIDO LIBERAL,,,PARTIDO ISOLADO,MASCULINO,BRANCA,0,33,SUPERIOR COMPLETO,SOLTEIRO(A),EMPRESÁRIO,,SUPLENTE,0,13219,
DEPUTADO ESTADUAL,1,12345,160002546882,MARCOS VIEIRA,MARCOS ANTONIO VIEIRA,,12,PDT,PARTIDO DEMOCRÁTICO TRABALHISTA,,,PARTIDO ISOLADO,MASCULINO,BRANCA,0,52,SUPERIOR COMPLETO,CASADO(A),VEREADOR,,SUPLENTE,0,12262,
DEPUTADO ESTADUAL,1,10123,160002547562,ALEXANDRE AMARO,ALEXANDRE AMARO,,10,REPUBLICANOS,REPUBLICANOS,,,PARTIDO ISOLADO,MASCULINO,BRANCA,0,53,SUPERIOR COMPLETO,CASADO(A),DEPUTADO,,ELEITO POR QP,1,12023,
DEPUTADO ESTADUAL,1,55156,160002546838,TICO KUZMA,LEONIDAS EDSON KUZMA,,55,PSD,PARTIDO SOCIAL DEMOCRÁTICO,,,PARTIDO ISOLADO,MASCULINO,BRANCA,0,55,SUPERIOR COMPLETO,CASADO(A),VEREADOR,,SUPLENTE,0,11894,
DEPUTADO ESTADUAL,1,13131,160002542279,VANDA DE ASSIS,ANTONIA VANDERCIA DE ASSIS,,13,PT,PARTIDO DOS TRABALHADORES,13-PT/65-PC do B/43-PV,FEDERAÇÃO BRASIL DA ESPERANÇA - FE BRASIL,FEDERAÇÃO,FEMININO,PRETA,1,50,SUPERIOR COMPLETO,SOLTEIRO(A),ASSISTENTE SOCIAL,,SUPLENTE,0,11379,
DEPUTADO ESTADUAL,1,30234,160002542363,AMÁLIA TORTATO,MARIA AMÁLIA BARROS TORTATO,,30,NOVO,PARTIDO NOVO,,,PARTIDO ISOLADO,FEMININO,BRANCA,0,41,SUPERIOR COMPLETO,CASADO(A),VEREADOR,,SUPLENTE,0,11270,
DEPUTADO ESTADUAL,1,22222,160002547650,GILBERTO RIBEIRO,JOSE GILBERTO DO CARMO ALVES RIBEIRO,,22,PL,PARTIDO LIBERAL,,,PARTIDO ISOLADO,MASCULINO,BRANCA,0,61,ENSINO MÉDIO COMPLETO,CASADO(A),DEPUTADO,,ELEITO POR MÉDIA,1,10667,
DEPUTADO ESTADUAL,1,44444,160002533475,ANDRESSA BIANCHESSI,ANDRESSA ELI BIANCHESSI,,44,UNIÃO,UNIÃO BRASIL,44-UNIÃO/11-PP,FEDERAÇÃO UNIÃO PROGRESSISTA,FEDERAÇÃO,FEMININO,BRANCA,0,43,SUPERIOR COMPLETO,CASADO(A),VEREADOR,,SUPLENTE,0,10654,
DEPUTADO ESTADUAL,1,22444,160002547611,ITAMAR PAIM,ITAMAR PAIM PRUCH,,22,PL,PARTIDO LIBERAL,,,PARTIDO ISOLADO,MASCULINO,BRANCA,0,49,SUPERIOR COMPLETO,CASADO(A),DEPUTADO,,ELEITO POR QP,1,10547,
DEPUTADO ESTADUAL,1,11357,160002533476,SANCHO,MARCIONILIO SANCHO CAMBUHY JUNIOR,,11,PP,PROGRESSISTAS,44-UNIÃO/11-PP,FEDERAÇÃO UNIÃO PROGRESSISTA,FEDERAÇÃO,MASCULINO,BRANCA,0,44,SUPERIOR INCOMPLETO,CASADO(A),POLICIAL MILITAR,,SUPLENTE,0,10481,
DEPUTADO ESTADUAL,1,55023,160002546837,HELIO WIRBISKI,HELIO RENATO WIRBISKI,,55,PSD,PARTIDO SOCIAL DEMOCRÁTICO,,,PARTIDO ISOLADO,MASCULINO,BRANCA,0,69,SUPERIOR COMPLETO,SEPARADO(A) JUDICIALMENTE,ADMINISTRADOR,,SUPLENTE,0,8194,
DEPUTADO ESTADUAL,1,13113,160002542242,MATTEUS HENRIQUE,MATTEUS HENRIQUE DE OLIVEIRA,,13,PT,PARTIDO DOS TRABALHADORES,13-PT/65-PC do B/43-PV,FEDERAÇÃO BRASIL DA ESPERANÇA - FE BRASIL,FEDERAÇÃO,MASCULINO,PRETA,1,29,SUPERIOR COMPLETO,SOLTEIRO(A),SERVIDOR PÚBLICO ESTADUAL,,SUPLENTE,0,7963,
DEPUTADO ESTADUAL,1,30038,160002542355,EDER BORGES,EDER FABIANO BORGES ADÃO,,30,NOVO,PARTIDO NOVO,,,PARTIDO ISOLADO,MASCULINO,BRANCA,0,43,SUPERIOR COMPLETO,SOLTEIRO(A),VEREADOR,,SUPLENTE,0,7735,
DEPUTADO ESTADUAL,1,13413,160002542263,YASMIN HACHEM,YASMIN VICTORIA SOUZA HACHEM,,13,PT,PARTIDO DOS TRABALHADORES,13-PT/65-PC do B/43-PV,FEDERAÇÃO BRASIL DA ESPERANÇA - FE BRASIL,FEDERAÇÃO,FEMININO,BRANCA,0,30,SUPERIOR COMPLETO,CASADO(A),VEREADOR,,ELEITO POR QP,1,7535,
DEPUTADO ESTADUAL,1,22500,160002547605,JESSICÃO,JESSICA RAMOS MORENO,,22,PL,PARTIDO LIBERAL,,,PARTIDO ISOLADO,FEMININO,BRANCA,0,33,ENSINO MÉDIO COMPLETO,SOLTEIRO(A),VEREADOR,,ELEITO POR QP,1,7445,
DEPUTADO ESTADUAL,1,13013,160002542281,PROF. LEMOS,JOSE RODRIGUES LEMOS,,13,PT,PARTIDO DOS TRABALHADORES,13-PT/65-PC do B/43-PV,FEDERAÇÃO BRASIL DA ESPERANÇA - FE BRASIL,FEDERAÇÃO,MASCULINO,BRANCA,0,62,SUPERIOR COMPLETO,CASADO(A),PROFESSOR DE ENSINO MÉDIO,,ELEITO POR QP,1,7413,
DEPUTADO ESTADUAL,1,30456,160002542380,RODRIGO MARCIAL,RODRIGO MARCIAL LEDRA RIBEIRO,,30,NOVO,PARTIDO NOVO,,,PARTIDO ISOLADO,MASCULINO,BRANCA,0,32,SUPERIOR COMPLETO,CASADO(A),ADVOGADO,,SUPLENTE,0,7321,
DEPUTADO ESTADUAL,1,70555,160002547956,SIDNEI TOALDO,SIDNEI JOSE TOALDO,,70,AVANTE,AVANTE,,,PARTIDO ISOLADO,MASCULINO,BRANCA,0,57,SUPERIOR COMPLETO,CASADO(A),OUTROS,,NÃO ELEITO,0,6675,
DEPUTADO ESTADUAL,1,55800,160002546806,MARLI PAULINO,MARLY PAULINO FAGUNDES,,55,PSD,PARTIDO SOCIAL DEMOCRÁTICO,,,PARTIDO ISOLADO,FEMININO,PARDA,1,61,ENSINO MÉDIO COMPLETO,VIÚVO(A),DEPUTADO,,SUPLENTE,0,6617,
DEPUTADO ESTADUAL,1,30300,160002542370,FABIO OLIVEIRA,FABIO ALEX DE OLIVEIRA,,30,NOVO,PARTIDO NOVO,,,PARTIDO ISOLADO,MASCULINO,BRANCA,0,52,SUPERIOR COMPLETO,CASADO(A),ENGENHEIRO,,SUPLENTE,0,6237,
DEPUTADO ESTADUAL,1,14014,160002551172,WILLIAN ROCHA,WILLIAN PEDROSO DA ROCHA,,14,MISSÃO,PARTIDO MISSÃO,,,PARTIDO ISOLADO,MASCULINO,PARDA,1,31,SUPERIOR INCOMPLETO,SOLTEIRO(A),EMPRESÁRIO,,NÃO ELEITO,0,6168,
DEPUTADO ESTADUAL,1,44190,160002533492,DELEGADO EDGAR SANTANA,EDGAR DIAS SANTANA,,44,UNIÃO,UNIÃO BRASIL,44-UNIÃO/11-PP,FEDERAÇÃO UNIÃO PROGRESSISTA,FEDERAÇÃO,MASCULINO,PRETA,1,43,SUPERIOR COMPLETO,CASADO(A),POLICIAL CIVIL,,SUPLENTE,0,6092,
DEPUTADO ESTADUAL,1,10456,160002547539,CANTORA MARA LIMA,MARILEI DE SOUZA LIMA,,10,REPUBLICANOS,REPUBLICANOS,,,PARTIDO ISOLADO,FEMININO,BRANCA,0,65,SUPERIOR COMPLETO,CASADO(A),DEPUTADO,,SUPLENTE,0,5808,
DEPUTADO ESTADUAL,1,55777,160002546843,THIAGO BUHRER,THIAGO FERNANDO BUHRER,,55,PSD,PARTIDO SOCIAL DEMOCRÁTICO,,,PARTIDO ISOLADO,MASCULINO,BRANCA,0,42,SUPERIOR COMPLETO,CASADO(A),DEPUTADO,,ELEITO POR QP,1,5622,
DEPUTADO ESTADUAL,1,55810,160002546840,BIHL ZANETTI,BIHL ELERIAN ZANETTI,,55,PSD,PARTIDO SOCIAL DEMOCRÁTICO,,,PARTIDO ISOLADO,MASCULINO,BRANCA,0,53,SUPERIOR COMPLETO,CASADO(A),ADVOGADO,,SUPLENTE,0,5305,
DEPUTADO ESTADUAL,1,44500,160002533482,TONINHO DA FARMÁCIA,ANTONIO CARLOS DO CARMO,,44,UNIÃO,UNIÃO BRASIL,44-UNIÃO/11-PP,FEDERAÇÃO UNIÃO PROGRESSISTA,FEDERAÇÃO,MASCULINO,PARDA,1,63,SUPERIOR COMPLETO,CASADO(A),APOSENTADO (EXCETO SERVIDOR PÚBLICO),,SUPLENTE,0,4893,
DEPUTADO ESTADUAL,1,30077,160002542365,ARIANE ASSIS,ARIANE REGIS SILVA DE ASSIS,,30,NOVO,PARTIDO NOVO,,,PARTIDO ISOLADO,FEMININO,BRANCA,0,46,SUPERIOR COMPLETO,CASADO(A),ADVOGADO,,SUPLENTE,0,4831,
DEPUTADO ESTADUAL,1,13132,160002542247,ANDREIA DE LIMA,ANDREIA SOARES DE LIMA,,13,PT,PARTIDO DOS TRABALHADORES,13-PT/65-PC do B/43-PV,FEDERAÇÃO BRASIL DA ESPERANÇA - FE BRASIL,FEDERAÇÃO,FEMININO,PRETA,1,50,ENSINO MÉDIO COMPLETO,SOLTEIRO(A),FAXINEIRO,,SUPLENTE,0,4574,
DEPUTADO ESTADUAL,1,30000,160002542371,LUIZ FERNANDO GUERRA,LUIZ FERNANDO GUERRA FILHO,,30,NOVO,PARTIDO NOVO,,,PARTIDO ISOLADO,MASCULINO,BRANCA,0,41,SUPERIOR COMPLETO,CASADO(A),ADVOGADO,,ELEITO POR QP,1,4532,
DEPUTADO ESTADUAL,1,11111,160002533479,ALISSON WANDSCHEER,ALISSON ANTHONY WANDSCHEER,,11,PP,PROGRESSISTAS,44-UNIÃO/11-PP,FEDERAÇÃO UNIÃO PROGRESSISTA,FEDERAÇÃO,MASCULINO,BRANCA,0,49,SUPERIOR COMPLETO,CASADO(A),DEPUTADO,,ELEITO POR QP,1,4397,
DEPUTADO ESTADUAL,1,15190,160002547690,ANIBELLI NETO,ANTONIO ANNIBELLI NETO,,15,MDB,MOVIMENTO DEMOCRÁTICO BRASILEIRO,,,PARTIDO ISOLADO,MASCULINO,BRANCA,0,53,SUPERIOR COMPLETO,CASADO(A),ADVOGADO,,ELEITO POR QP,1,4294,
DEPUTADO ESTADUAL,1,20200,160002547534,PERITO MASSUDA,THIAGO YUITI CASTILHO MASSUDA,,20,PODE,PODEMOS,,,PARTIDO ISOLADO,MASCULINO,BRANCA,0,40,SUPERIOR COMPLETO,DIVORCIADO(A),SERVIDOR PÚBLICO ESTADUAL,,SUPLENTE,0,4007,
DEPUTADO ESTADUAL,1,15123,160002547679,GERSON COLODEL,GERSON DENILSON COLODEL,,15,MDB,MOVIMENTO DEMOCRÁTICO BRASILEIRO,,,PARTIDO ISOLADO,MASCULINO,BRANCA,0,55,SUPERIOR COMPLETO,CASADO(A),EMPRESÁRIO,,ELEITO POR QP,1,3972,
DEPUTADO ESTADUAL,1,30777,160002542346,ANDRÉ SANTOS,ANDRÉ LUIS DO NASCIMENTO SANTOS,,30,NOVO,PARTIDO NOVO,,,PARTIDO ISOLADO,MASCULINO,PARDA,1,35,SUPERIOR COMPLETO,CASADO(A),POLICIAL MILITAR,,SUPLENTE,0,3748,
DEPUTADO ESTADUAL,1,22622,160002547609,DIRLETE PINHEIRO,DIRLETE SILVEIRA PINHEIRO,,22,PL,PARTIDO LIBERAL,,,PARTIDO ISOLADO,FEMININO,BRANCA,0,55,SUPERIOR COMPLETO,CASADO(A),PROFESSOR DE ENSINO MÉDIO,,SUPLENTE,0,3700,
DEPUTADO ESTADUAL,1,20020,160002547523,HERIVELTO OLIVEIRA,HERIVELTO ALVES DE OLIVEIRA,,20,PODE,PODEMOS,,,PARTIDO ISOLADO,MASCULINO,PRETA,1,63,SUPERIOR COMPLETO,CASADO(A),JORNALISTA E REDATOR,,SUPLENTE,0,3282,
DEPUTADO ESTADUAL,1,13033,160002542251,ANDERSON PREGO DA SILVA,ANDERSON FERREIRA DA SILVA,,13,PT,PARTIDO DOS TRABALHADORES,13-PT/65-PC do B/43-PV,FEDERAÇÃO BRASIL DA ESPERANÇA - FE BRASIL,FEDERAÇÃO,MASCULINO,PRETA,1,44,SUPERIOR COMPLETO,CASADO(A),VEREADOR,,SUPLENTE,0,3120,
DEPUTADO ESTADUAL,1,14000,160002551180,GUSTAVO CAMILLO,GUSTAVO KOMIYAMA CAMILLO,,14,MISSÃO,PARTIDO MISSÃO,,,PARTIDO ISOLADO,MASCULINO,BRANCA,0,22,SUPERIOR INCOMPLETO,SOLTEIRO(A),OUTROS,,NÃO ELEITO,0,3105,
DEPUTADO ESTADUAL,1,65123,160002542255,THIAGO BAGATIN,THIAGO DE SOUSA BAGATIN,,65,PCDOB,PARTIDO COMUNISTA DO BRASIL,13-PT/65-PC do B/43-PV,FEDERAÇÃO BRASIL DA ESPERANÇA - FE BRASIL,FEDERAÇÃO,MASCULINO,BRANCA,0,43,SUPERIOR COMPLETO,SOLTEIRO(A),PSICÓLOGO,,SUPLENTE,0,3090,
DEPUTADO ESTADUAL,1,10555,160002547549,EVANDRO LAZAROTTO,EVANDRO LUIZ LAZAROTTO,,10,REPUBLICANOS,REPUBLICANOS,,,PARTIDO ISOLADO,MASCULINO,BRANCA,0,41,SUPERIOR COMPLETO,SOLTEIRO(A),EMPRESÁRIO,,SUPLENTE,0,3014,
DEPUTADO ESTADUAL,1,22123,160002547642,JAIRO TAMURA,JAIRO TAMURA,,22,PL,PARTIDO LIBERAL,,,PARTIDO ISOLADO,MASCULINO,AMARELA,0,61,SUPERIOR COMPLETO,CASADO(A),DEPUTADO,,SUPLENTE,0,2978,
DEPUTADO ESTADUAL,1,45300,160002552800,EDSON DO PAROLIN,EDSON PEREIRA RODRIGUES,,45,PSDB,PARTIDO DA SOCIAL DEMOCRACIA BRASILEIRA,45-PSDB/23-CIDADANIA,FEDERAÇÃO PSDB CIDADANIA,FEDERAÇÃO,MASCULINO,PARDA,1,51,ENSINO FUNDAMENTAL COMPLETO,CASADO(A),OUTROS,,NÃO ELEITO,0,2943,
DEPUTADO ESTADUAL,1,20555,160002547518,CRISTIANO SANTOS,CRISTIANO PEREIRA DOS SANTOS,,20,PODE,PODEMOS,,,PARTIDO ISOLADO,MASCULINO,BRANCA,0,46,SUPERIOR COMPLETO,CASADO(A),JORNALISTA E REDATOR,,SUPLENTE,0,2928,
DEPUTADO ESTADUAL,1,55222,160002546810,LUCIO TASSO,LUCIO MAURO TASSO,,55,PSD,PARTIDO SOCIAL DEMOCRÁTICO,,,PARTIDO ISOLADO,MASCULINO,BRANCA,0,54,ENSINO MÉDIO INCOMPLETO,SOLTEIRO(A),DEPUTADO,,SUPLENTE,0,2923,
DEPUTADO ESTADUAL,1,55678,160002546808,ROMANELLI,LUIZ CLAUDIO ROMANELLI,,55,PSD,PARTIDO SOCIAL DEMOCRÁTICO,,,PARTIDO ISOLADO,MASCULINO,BRANCA,0,69,SUPERIOR COMPLETO,CASADO(A),DEPUTADO,,ELEITO POR QP,1,2822,
DEPUTADO ESTADUAL,1,20007,160002547526,OGIER BUCHI,OGIER ALBERGE BUCHI,,20,PODE,PODEMOS,,,PARTIDO ISOLADO,MASCULINO,BRANCA,0,74,SUPERIOR COMPLETO,CASADO(A),ADVOGADO,,SUPLENTE,0,2768,
DEPUTADO ESTADUAL,1,22357,160002547630,DR. CESAR MELLO,CESAR ANTÔNIO TUOTO SILVEIRA MELLO,,22,PL,PARTIDO LIBERAL,,,PARTIDO ISOLADO,MASCULINO,BRANCA,0,44,SUPERIOR COMPLETO,CASADO(A),ADVOGADO,,NÃO ELEITO,0,2657,
DEPUTADO ESTADUAL,1,55888,160002546846,HUSSEIN BAKRI,HUSSEIN BAKRI,,55,PSD,PARTIDO SOCIAL DEMOCRÁTICO,,,PARTIDO ISOLADO,MASCULINO,BRANCA,0,60,SUPERIOR COMPLETO,CASADO(A),DEPUTADO,,ELEITO POR QP,1,2598,
DEPUTADO ESTADUAL,1,55015,160002546819,ARTAGÃO JÚNIOR,ARTAGAO DE MATTOS LEAO JUNIOR,,55,PSD,PARTIDO SOCIAL DEMOCRÁTICO,,,PARTIDO ISOLADO,MASCULINO,BRANCA,0,51,SUPERIOR COMPLETO,CASADO(A),DEPUTADO,,ELEITO POR QP,1,2454,
DEPUTADO ESTADUAL,1,55125,160002546842,ADÃO LITRO,ADAO FERNANDES DA SILVA,,55,PSD,PARTIDO SOCIAL DEMOCRÁTICO,,,PARTIDO ISOLADO,MASCULINO,PARDA,1,62,SUPERIOR COMPLETO,SOLTEIRO(A),DEPUTADO,,ELEITO POR QP,1,2437,
DEPUTADO ESTADUAL,1,55111,160002546835,ROBERTO JUSTUS,ROBERTO CORDEIRO JUSTUS,,55,PSD,PARTIDO SOCIAL DEMOCRÁTICO,,,PARTIDO ISOLADO,MASCULINO,BRANCA,0,50,SUPERIOR COMPLETO,CASADO(A),ADVOGADO,,SUPLENTE,0,2360,
DEPUTADO ESTADUAL,1,22022,160002547624,DELEGADO JACOVÓS,JOSÉ APARECIDO JACOVÓS,,22,PL,PARTIDO LIBERAL,,,PARTIDO ISOLADO,MASCULINO,BRANCA,0,62,SUPERIOR COMPLETO,CASADO(A),POLICIAL CIVIL,,ELEITO POR QP,1,2354,
DEPUTADO ESTADUAL,1,11777,160002533473,OSCALINO DO POVO,OSCALINO DE MELO,,11,PP,PROGRESSISTAS,44-UNIÃO/11-PP,FEDERAÇÃO UNIÃO PROGRESSISTA,FEDERAÇÃO,MASCULINO,BRANCA,0,76,ENSINO MÉDIO COMPLETO,CASADO(A),APOSENTADO (EXCETO SERVIDOR PÚBLICO),,SUPLENTE,0,2345,
DEPUTADO ESTADUAL,1,12121,160002546877,THADEU REQUIÃO,THADEU DREHMER DE MELLO E SILVA,,12,PDT,PARTIDO DEMOCRÁTICO TRABALHISTA,,,PARTIDO ISOLADO,MASCULINO,BRANCA,0,37,SUPERIOR COMPLETO,SOLTEIRO(A),ADVOGADO,,SUPLENTE,0,2333,
DEPUTADO ESTADUAL,1,15007,160002547672,NOEMIA ROCHA,NOEMIA DE SOUZA E SILVA ALVES ROCHA,,15,MDB,MOVIMENTO DEMOCRÁTICO BRASILEIRO,,,PARTIDO ISOLADO,FEMININO,BRANCA,0,65,SUPERIOR COMPLETO,CASADO(A),OUTROS,,SUPLENTE,0,2318,
DEPUTADO ESTADUAL,1,20022,160002547535,SGT CARLOS SOUZA,SEBASTIAO CARLOS DE SOUZA,,20,PODE,PODEMOS,,,PARTIDO ISOLADO,MASCULINO,PARDA,1,55,SUPERIOR COMPLETO,CASADO(A),OUTROS,,SUPLENTE,0,2309,
DEPUTADO ESTADUAL,1,13000,160002542259,BIA ALCANTARA,BEATRIZ DE ALCANTARA SILVA,,13,PT,PARTIDO DOS TRABALHADORES,13-PT/65-PC do B/43-PV,FEDERAÇÃO BRASIL DA ESPERANÇA - FE BRASIL,FEDERAÇÃO,FEMININO,BRANCA,0,24,SUPERIOR COMPLETO,SOLTEIRO(A),VEREADOR,,SUPLENTE,0,2228,
DEPUTADO ESTADUAL,1,55600,160002546829,BAZANA,PEDRO PAULO BAZANA,,55,PSD,PARTIDO SOCIAL DEMOCRÁTICO,,,PARTIDO ISOLADO,MASCULINO,BRANCA,0,58,SUPERIOR COMPLETO,CASADO(A),DEPUTADO,,ELEITO POR MÉDIA,1,2226,
DEPUTADO ESTADUAL,1,14441,160002551174,BEATRIZ OLIVEIRA,BEATRIZ DE OLIVEIRA REIS,,14,MISSÃO,PARTIDO MISSÃO,,,PARTIDO ISOLADO,FEMININO,BRANCA,0,23,SUPERIOR COMPLETO,SOLTEIRO(A),ADVOGADO,,NÃO ELEITO,0,2199,
DEPUTADO ESTADUAL,1,13003,160002542246,JU MILDEMBERG,JULIANA DE FATIMA MILDEMBERG DE LARA,,13,PT,PARTIDO DOS TRABALHADORES,13-PT/65-PC do B/43-PV,FEDERAÇÃO BRASIL DA ESPERANÇA - FE BRASIL,FEDERAÇÃO,FEMININO,PRETA,1,37,SUPERIOR COMPLETO,SOLTEIRO(A),PROFESSOR DE ENSINO FUNDAMENTAL,,SUPLENTE,0,2098,
DEPUTADO ESTADUAL,1,22225,160002547631,CHRISTIANO PUPPI,CHRISTIANO SOUTO PUPPI,,22,PL,PARTIDO LIBERAL,,,PARTIDO ISOLADO,MASCULINO,BRANCA,0,37,SUPERIOR COMPLETO,CASADO(A),ADVOGADO,,SUPLENTE,0,2043,
DEPUTADO ESTADUAL,1,55123,160002546832,MARCIO NUNES,MARCIO FERNANDO NUNES,,55,PSD,PARTIDO SOCIAL DEMOCRÁTICO,,,PARTIDO ISOLADO,MASCULINO,BRANCA,0,60,SUPERIOR COMPLETO,CASADO(A),DEPUTADO,,ELEITO POR QP,1,2040,
DEPUTADO ESTADUAL,1,20456,160002547496,FERNANDO TATUQUARAINFOCO,FERNANDO LOURENCO DA SILVA,,20,PODE,PODEMOS,,,PARTIDO ISOLADO,MASCULINO,PARDA,1,49,SUPERIOR INCOMPLETO,CASADO(A),OUTROS,,SUPLENTE,0,1969,
DEPUTADO ESTADUAL,1,22822,160002547619,ZÉ LUIZ,JOSÉ LUÍZ GONÇALVES VELLOSO,,22,PL,PARTIDO LIBERAL,,,PARTIDO ISOLADO,MASCULINO,PARDA,1,46,SUPERIOR COMPLETO,SOLTEIRO(A),JORNALISTA E REDATOR,,SUPLENTE,0,1968,
DEPUTADO ESTADUAL,1,30144,160002542379,TENENTE HÉLIO,HÉLIO CARVALHO MARTINS FILHO,,30,NOVO,PARTIDO NOVO,,,PARTIDO ISOLADO,MASCULINO,BRANCA,0,28,SUPERIOR COMPLETO,SOLTEIRO(A),POLICIAL MILITAR,,SUPLENTE,0,1923,
DEPUTADO ESTADUAL,1,55120,160002546825,EVANDRO ARAUJO,EVANDRO JOSE DA CRUZ ARAUJO,,55,PSD,PARTIDO SOCIAL DEMOCRÁTICO,,,PARTIDO ISOLADO,MASCULINO,BRANCA,0,52,SUPERIOR COMPLETO,CASADO(A),PROFESSOR DE ENSINO SUPERIOR,,SUPLENTE,0,1764,
DEPUTADO ESTADUAL,1,22322,160002547627,TALITA FEITOSA,TALITA TABORDA LIMA,,22,PL,PARTIDO LIBERAL,,,PARTIDO ISOLADO,FEMININO,PARDA,1,38,ENSINO MÉDIO COMPLETO,SOLTEIRO(A),OUTROS,,SUPLENTE,0,1725,
DEPUTADO ESTADUAL,1,22888,160002547616,MATHEUS VERMELHO,MATHEUS VELOSO MARIA,,22,PL,PARTIDO LIBERAL,,,PARTIDO ISOLADO,MASCULINO,BRANCA,0,40,SUPERIOR COMPLETO,CASADO(A),DEPUTADO,,ELEITO POR QP,1,1699,
DEPUTADO ESTADUAL,1,18190,160002547738,RABELO CONSTRUTOR,EDMAR RABELO,,18,REDE,REDE SUSTENTABILIDADE,50-PSOL/18-REDE,FEDERAÇÃO PSOL REDE,FEDERAÇÃO,MASCULINO,PARDA,1,57,SUPERIOR INCOMPLETO,SEPARADO(A) JUDICIALMENTE,SERVIDOR PÚBLICO MUNICIPAL,,NÃO ELEITO,0,1647,
DEPUTADO ESTADUAL,1,30191,160002542372,CABO LUZ DO ACAMPAMENTO,MARCOS DE OLIVEIRA LUZ,,30,NOVO,PARTIDO NOVO,,,PARTIDO ISOLADO,MASCULINO,PARDA,1,52,SUPERIOR INCOMPLETO,CASADO(A),TÉCNICO DE ENFERMAGEM E ASSEMELHADOS (EXCETO ENFERMEIRO),,SUPLENTE,0,1645,
DEPUTADO ESTADUAL,1,22017,160002547610,DIRCEU MOREIRA,DIRCEU MOREIRA CARRIEL,,22,PL,PARTIDO LIBERAL,,,PARTIDO ISOLADO,MASCULINO,BRANCA,0,57,SUPERIOR INCOMPLETO,CASADO(A),ADMINISTRADOR,,SUPLENTE,0,1614,
DEPUTADO ESTADUAL,1,12020,160002546871,PATI SALVAÇÃO,PATRICIA MOREIRA LEAL SALVACAO,,12,PDT,PARTIDO DEMOCRÁTICO TRABALHISTA,,,PARTIDO ISOLADO,FEMININO,BRANCA,0,32,SUPERIOR COMPLETO,SOLTEIRO(A),ENGENHEIRO,,SUPLENTE,0,1556,
DEPUTADO ESTADUAL,1,45197,160002552815,HP HELCIO PIASSETTA,HELCIO PIASSETTA,,45,PSDB,PARTIDO DA SOCIAL DEMOCRACIA BRASILEIRA,45-PSDB/23-CIDADANIA,FEDERAÇÃO PSDB CIDADANIA,FEDERAÇÃO,MASCULINO,BRANCA,0,66,SUPERIOR COMPLETO,CASADO(A),POLICIAL CIVIL,,NÃO ELEITO,0,1495,
DEPUTADO ESTADUAL,1,14999,160002551178,PAULO DI MELO,PAULO HENRIQUE DE MELO,,14,MISSÃO,PARTIDO MISSÃO,,,PARTIDO ISOLADO,MASCULINO,PRETA,1,46,SUPERIOR INCOMPLETO,CASADO(A),EMPRESÁRIO,,NÃO ELEITO,0,1471,
DEPUTADO ESTADUAL,1,30333,160002542384,FLÁVIO ZANROSSO,FLÁVIO XAVIER DE LIMA ZANROSSO,,30,NOVO,PARTIDO NOVO,,,PARTIDO ISOLADO,MASCULINO,BRANCA,0,41,SUPERIOR COMPLETO,CASADO(A),EMPRESÁRIO,,SUPLENTE,0,1431,
DEPUTADO ESTADUAL,1,15777,160002547675,JULIANE VIEIRA,JULIANE SUELLEM VIEIRA DOS REIS,,15,MDB,MOVIMENTO DEMOCRÁTICO BRASILEIRO,,,PARTIDO ISOLADO,FEMININO,PARDA,1,29,SUPERIOR COMPLETO,SOLTEIRO(A),ADVOGADO,,SUPLENTE,0,1412,
DEPUTADO ESTADUAL,1,20222,160002547500,DO CARMO,PAULO ROGERIO DO CARMO,,20,PODE,PODEMOS,,,PARTIDO ISOLADO,MASCULINO,PRETA,1,49,SUPERIOR COMPLETO,CASADO(A),ADVOGADO,,ELEITO POR QP,1,1411,
DEPUTADO ESTADUAL,1,55022,160002546833,GUGU BUENO,ALDINO JORGE BUENO,,55,PSD,PARTIDO SOCIAL DEMOCRÁTICO,,,PARTIDO ISOLADO,MASCULINO,BRANCA,0,43,SUPERIOR COMPLETO,CASADO(A),DEPUTADO,,ELEITO POR QP,1,1389,
DEPUTADO ESTADUAL,1,44777,160002533439,ADOALDO SÁ,FRANCISCO ADOALDO DE SOUSA E SA,,44,UNIÃO,UNIÃO BRASIL,44-UNIÃO/11-PP,FEDERAÇÃO UNIÃO PROGRESSISTA,FEDERAÇÃO,MASCULINO,BRANCA,0,51,SUPERIOR COMPLETO,CASADO(A),OUTROS,,SUPLENTE,0,1369,
DEPUTADO ESTADUAL,1,20123,160002547537,FABIANA PARRO,FABIANA MEDEIROS PARRO ROCHA,,20,PODE,PODEMOS,,,PARTIDO ISOLADO,FEMININO,BRANCA,0,50,SUPERIOR COMPLETO,CASADO(A),FONOAUDIÓLOGO,,ELEITO POR QP,1,1342,
DEPUTADO ESTADUAL,1,50123,160002547753,ELOY NHANDEWA,ELOY JACINTHO,,50,PSOL,PARTIDO SOCIALISMO E LIBERDADE,50-PSOL/18-REDE,FEDERAÇÃO PSOL REDE,FEDERAÇÃO,MASCULINO,INDÍGENA,0,47,SUPERIOR INCOMPLETO,CASADO(A),"ESTUDANTE, BOLSISTA, ESTAGIÁRIO E ASSEMELHADOS",,NÃO ELEITO,0,1318,
DEPUTADO ESTADUAL,1,18222,160002547751,PERDIGÃO,CLEILTON EDUARDO VICENTE,,18,REDE,REDE SUSTENTABILIDADE,50-PSOL/18-REDE,FEDERAÇÃO PSOL REDE,FEDERAÇÃO,MASCULINO,PARDA,1,49,ENSINO MÉDIO COMPLETO,CASADO(A),OUTROS,,NÃO ELEITO,0,1316,
DEPUTADO ESTADUAL,1,30800,160002542369,EDUARDO PEDROZO,EDUARDO PEDROZO,,30,NOVO,PARTIDO NOVO,,,PARTIDO ISOLADO,MASCULINO,BRANCA,0,45,SUPERIOR INCOMPLETO,CASADO(A),EMPRESÁRIO,,SUPLENTE,0,1291,
DEPUTADO ESTADUAL,1,20345,160002547527,CAPITÃO BART,BARTON CUTLER DOS SANTOS,,20,PODE,PODEMOS,,,PARTIDO ISOLADO,MASCULINO,BRANCA,0,39,SUPERIOR COMPLETO,CASADO(A),POLICIAL MILITAR,,SUPLENTE,0,1218,
DEPUTADO ESTADUAL,1,45777,160002552825,EDUARDO FILHO,EDUARDO DE OLIVEIRA FILHO,,45,PSDB,PARTIDO DA SOCIAL DEMOCRACIA BRASILEIRA,45-PSDB/23-CIDADANIA,FEDERAÇÃO PSDB CIDADANIA,FEDERAÇÃO,MASCULINO,PRETA,1,50,SUPERIOR COMPLETO,SOLTEIRO(A),EMPRESÁRIO,,NÃO ELEITO,0,1213,
DEPUTADO ESTADUAL,1,30123,160002542377,DEIVID WISLEY,DEIVID WISLEY ANGELOS,,30,NOVO,PARTIDO NOVO,,,PARTIDO ISOLADO,MASCULINO,BRANCA,0,38,ENSINO MÉDIO COMPLETO,CASADO(A),VEREADOR,,ELEITO POR QP,1,1186,
DEPUTADO ESTADUAL,1,70000,160002547398,ALEX CANZIANI,ALEX CANZIANI SILVEIRA,,70,AVANTE,AVANTE,,,PARTIDO ISOLADO,MASCULINO,BRANCA,0,62,SUPERIOR COMPLETO,CASADO(A),SERVENTUÁRIO DE JUSTIÇA,,NÃO ELEITO,0,1179,
DEPUTADO ESTADUAL,1,22002,160002547615,ROSÂNGELA ROSA,ROSÂNGELA ROSA,,22,PL,PARTIDO LIBERAL,,,PARTIDO ISOLADO,FEMININO,PRETA,1,63,SUPERIOR INCOMPLETO,DIVORCIADO(A),EMPRESÁRIO,,SUPLENTE,0,1174,
DEPUTADO ESTADUAL,1,13800,160002542236,LENIR DE ASSIS,LENIR CANDIDA DE ASSIS,,13,PT,PARTIDO DOS TRABALHADORES,13-PT/65-PC do B/43-PV,FEDERAÇÃO BRASIL DA ESPERANÇA - FE BRASIL,FEDERAÇÃO,FEMININO,BRANCA,0,57,SUPERIOR COMPLETO,SOLTEIRO(A),SOCIÓLOGO,,SUPLENTE,0,1148,
DEPUTADO ESTADUAL,1,22010,160002547643,KELLY CAVALCANTI,NADJA KELLY DE BRITO BEZERRA CAVALCANTI,,22,PL,PARTIDO LIBERAL,,,PARTIDO ISOLADO,FEMININO,PARDA,1,43,ENSINO MÉDIO COMPLETO,CASADO(A),EMPRESÁRIO,,SUPLENTE,0,1148,
DEPUTADO ESTADUAL,1,20012,160002547528,SAMUEL PINHEIRO,SAMUEL PINHEIRO,,20,PODE,PODEMOS,,,PARTIDO ISOLADO,MASCULINO,BRANCA,0,50,SUPERIOR COMPLETO,CASADO(A),"CORRETOR DE IMÓVEIS, SEGUROS, TÍTULOS E VALORES",,SUPLENTE,0,1146,
DEPUTADO ESTADUAL,1,20888,160002547522,RICARDO DIAS,RICARDO ALEXANDRE DIAS,,20,PODE,PODEMOS,,,PARTIDO ISOLADO,MASCULINO,BRANCA,0,51,SUPERIOR COMPLETO,CASADO(A),JORNALISTA E REDATOR,,SUPLENTE,0,1135,
DEPUTADO ESTADUAL,1,13333,160002542244,PAULA VICENTE,PAULA VICENTE RODRIGUES,,13,PT,PARTIDO DOS TRABALHADORES,13-PT/65-PC do B/43-PV,FEDERAÇÃO BRASIL DA ESPERANÇA - FE BRASIL,FEDERAÇÃO,FEMININO,BRANCA,0,37,SUPERIOR COMPLETO,CASADO(A),ADVOGADO,,SUPLENTE,0,1104,
DEPUTADO ESTADUAL,1,15100,160002547685,JUNIOR WEILLER,APARECIDO JOSE WEILLER JUNIOR,,15,MDB,MOVIMENTO DEMOCRÁTICO BRASILEIRO,,,PARTIDO ISOLADO,MASCULINO,BRANCA,0,52,SUPERIOR COMPLETO,CASADO(A),CONTADOR,,SUPLENTE,0,1103,
DEPUTADO ESTADUAL,1,22090,160002547618,CABO CASSOL,ANANIAS CASSOL,,22,PL,PARTIDO LIBERAL,,,PARTIDO ISOLADO,MASCULINO,BRANCA,0,49,SUPERIOR COMPLETO,SOLTEIRO(A),POLICIAL MILITAR,,SUPLENTE,0,1051,
DEPUTADO ESTADUAL,1,12123,160002546887,VICTORIA GALLO,VICTORIA MARTINA CHAVES GALLO,,12,PDT,PARTIDO DEMOCRÁTICO TRABALHISTA,,,PARTIDO ISOLADO,FEMININO,BRANCA,0,33,SUPERIOR INCOMPLETO,SOLTEIRO(A),EMPRESÁRIO,,SUPLENTE,0,1041,
DEPUTADO ESTADUAL,1,45190,160002552829,PUMA DO CICALERTA24H,PAULO HENRIQUE OLIVEIRA COSTA,,45,PSDB,PARTIDO DA SOCIAL DEMOCRACIA BRASILEIRA,45-PSDB/23-CIDADANIA,FEDERAÇÃO PSDB CIDADANIA,FEDERAÇÃO,MASCULINO,PRETA,1,42,ENSINO MÉDIO INCOMPLETO,SOLTEIRO(A),OUTROS,,NÃO ELEITO,0,1037,
DEPUTADO ESTADUAL,1,11023,160002533442,CESAR SILVESTRI,CESAR AUGUSTO CAROLLO SILVESTRI FILHO,,11,PP,PROGRESSISTAS,44-UNIÃO/11-PP,FEDERAÇÃO UNIÃO PROGRESSISTA,FEDERAÇÃO,MASCULINO,BRANCA,0,46,SUPERIOR COMPLETO,CASADO(A),PECUARISTA,,ELEITO POR QP,1,1023,
DEPUTADO ESTADUAL,1,30222,160002542362,PROFESSORA ALINE,ALINE CORDEIRO FRANCO WASICKY,,30,NOVO,PARTIDO NOVO,,,PARTIDO ISOLADO,FEMININO,BRANCA,0,43,SUPERIOR COMPLETO,CASADO(A),ARQUITETO,,SUPLENTE,0,991,
DEPUTADO ESTADUAL,1,22001,160002547614,RICARDO ZAMPIERI,RICARDO ALBERTUS ZAMPIERI,,22,PL,PARTIDO LIBERAL,,,PARTIDO ISOLADO,MASCULINO,BRANCA,0,31,SUPERIOR COMPLETO,CASADO(A),EMPRESÁRIO,,ELEITO POR QP,1,982,
DEPUTADO ESTADUAL,1,13111,160002542239,MARCELO MAIA,MARCELO GIOVANI BATISTA MAIA,,13,PT,PARTIDO DOS TRABALHADORES,13-PT/65-PC do B/43-PV,FEDERAÇÃO BRASIL DA ESPERANÇA - FE BRASIL,FEDERAÇÃO,MASCULINO,BRANCA,0,55,SUPERIOR COMPLETO,DIVORCIADO(A),ADVOGADO,,SUPLENTE,0,964,
DEPUTADO ESTADUAL,1,22727,160002547634,TENENTE AMAURI,AMAURI DE JESUS PEREIRA,,22,PL,PARTIDO LIBERAL,,,PARTIDO ISOLADO,MASCULINO,BRANCA,0,63,SUPERIOR COMPLETO,DIVORCIADO(A),PROFESSOR DE ENSINO MÉDIO,,SUPLENTE,0,961,
DEPUTADO ESTADUAL,1,55789,160002546805,TRAIANO,ADEMAR LUIZ TRAIANO,,55,PSD,PARTIDO SOCIAL DEMOCRÁTICO,,,PARTIDO ISOLADO,MASCULINO,BRANCA,0,73,SUPERIOR COMPLETO,CASADO(A),DEPUTADO,,ELEITO POR QP,1,955,
DEPUTADO ESTADUAL,1,13133,160002542272,VALENTINA,VALENTINA ROCHA VIRGINIO,,13,PT,PARTIDO DOS TRABALHADORES,13-PT/65-PC do B/43-PV,FEDERAÇÃO BRASIL DA ESPERANÇA - FE BRASIL,FEDERAÇÃO,FEMININO,PARDA,1,29,SUPERIOR COMPLETO,SOLTEIRO(A),PROFESSOR DE ENSINO FUNDAMENTAL,,SUPLENTE,0,953,
DEPUTADO ESTADUAL,1,55900,160002546822,SOLDADO ADRIANO JOSÉ,ADRIANO JOSÉ DA SILVA,,55,PSD,PARTIDO SOCIAL DEMOCRÁTICO,,,PARTIDO ISOLADO,MASCULINO,PARDA,1,44,SUPERIOR COMPLETO,CASADO(A),SERVIDOR PÚBLICO ESTADUAL,,ELEITO POR QP,1,936,
DEPUTADO ESTADUAL,1,12012,160002546866,ALEXANDRE GUIMARÃES,ALEXANDRE MARCEL KUSTER GUIMARAES,,12,PDT,PARTIDO DEMOCRÁTICO TRABALHISTA,,,PARTIDO ISOLADO,MASCULINO,BRANCA,0,52,SUPERIOR COMPLETO,DIVORCIADO(A),VEREADOR,,SUPLENTE,0,921,
DEPUTADO ESTADUAL,1,13213,160002542235,BETO VIZZOTTO,CARLOS ALBERTO VIZZOTTO,,13,PT,PARTIDO DOS TRABALHADORES,13-PT/65-PC do B/43-PV,FEDERAÇÃO BRASIL DA ESPERANÇA - FE BRASIL,FEDERAÇÃO,MASCULINO,BRANCA,0,65,SUPERIOR COMPLETO,CASADO(A),AGRÔNOMO,,ELEITO POR QP,1,910,
DEPUTADO ESTADUAL,1,20009,160002547529,TARDIOLLE,LUIZ TARDIOLLE NETO,,20,PODE,PODEMOS,,,PARTIDO ISOLADO,MASCULINO,PARDA,1,37,SUPERIOR COMPLETO,CASADO(A),POLICIAL MILITAR,,SUPLENTE,0,908,
DEPUTADO ESTADUAL,1,55128,160002546823,LUIS CORTI,LUIS RAIMUNDO CORTI,,55,PSD,PARTIDO SOCIAL DEMOCRÁTICO,,,PARTIDO ISOLADO,MASCULINO,BRANCA,0,64,SUPERIOR COMPLETO,SOLTEIRO(A),DEPUTADO,,SUPLENTE,0,883,
DEPUTADO ESTADUAL,1,30118,160002542347,CELMA GOMES ASSIS,CELMA JULIANE SIQUEIRA GOMES ASSIS,,30,NOVO,PARTIDO NOVO,,,PARTIDO ISOLADO,FEMININO,BRANCA,0,37,SUPERIOR COMPLETO,CASADO(A),PSICÓLOGO,,SUPLENTE,0,875,
DEPUTADO ESTADUAL,1,20111,160002547521,ALLAX SIQUEIRA,ALLAX FABIANO PEREIRA SIQUEIRA,,20,PODE,PODEMOS,,,PARTIDO ISOLADO,MASCULINO,BRANCA,0,35,SUPERIOR COMPLETO,DIVORCIADO(A),ADVOGADO,,SUPLENTE,0,859,
DEPUTADO ESTADUAL,1,10999,160002547559,CORONEL FIGUEIREDO,ANTONIO CARLOS DA SILVA FIGUEIREDO,,10,REPUBLICANOS,REPUBLICANOS,,,PARTIDO ISOLADO,MASCULINO,BRANCA,0,75,SUPERIOR COMPLETO,CASADO(A),APOSENTADO (EXCETO SERVIDOR PÚBLICO),,SUPLENTE,0,856,
DEPUTADO ESTADUAL,1,30303,160002542352,ARYON,ARYON JAKSON SCHWINDEN,,30,NOVO,PARTIDO NOVO,,,PARTIDO ISOLADO,MASCULINO,BRANCA,0,53,SUPERIOR COMPLETO,SOLTEIRO(A),ADVOGADO,,SUPLENTE,0,834,
DEPUTADO ESTADUAL,1,13500,160002542256,DR. ANTENOR,ANTENOR GOMES DE LIMA,,13,PT,PARTIDO DOS TRABALHADORES,13-PT/65-PC do B/43-PV,FEDERAÇÃO BRASIL DA ESPERANÇA - FE BRASIL,FEDERAÇÃO,MASCULINO,BRANCA,0,66,SUPERIOR COMPLETO,CASADO(A),MÉDICO,,ELEITO POR MÉDIA,1,832,
DEPUTADO ESTADUAL,1,30020,160002542358,ADRIANA SENTER,ADRIANA SENTER,,30,NOVO,PARTIDO NOVO,,,PARTIDO ISOLADO,FEMININO,BRANCA,0,38,SUPERIOR COMPLETO,SOLTEIRO(A),CIENTISTA POLÍTICO,,SUPLENTE,0,830,
DEPUTADO ESTADUAL,1,11033,160002533491,RUGGIERI CARAVAGE,RUGGIERI DE ALMEIDA CARAVAGE,,11,PP,PROGRESSISTAS,44-UNIÃO/11-PP,FEDERAÇÃO UNIÃO PROGRESSISTA,FEDERAÇÃO,MASCULINO,BRANCA,0,37,ENSINO MÉDIO COMPLETO,SOLTEIRO(A),EMPRESÁRIO,,SUPLENTE,0,821,
DEPUTADO ESTADUAL,1,22422,160002547604,FRAN BONI,FRANCISCO ANTÔNIO BONI,,22,PL,PARTIDO LIBERAL,,,PARTIDO ISOLADO,MASCULINO,BRANCA,0,47,SUPERIOR COMPLETO,CASADO(A),ADVOGADO,,SUPLENTE,0,753,
DEPUTADO ESTADUAL,1,10888,160002547544,HUDEMA,JOSIMAR HUDEMA,,10,REPUBLICANOS,REPUBLICANOS,,,PARTIDO ISOLADO,MASCULINO,BRANCA,0,39,ENSINO MÉDIO COMPLETO,SOLTEIRO(A),EMPRESÁRIO,,SUPLENTE,0,749,
DEPUTADO ESTADUAL,1,13300,160002542248,MARIO VERRI,MARIO SERGIO VERRI,,13,PT,PARTIDO DOS TRABALHADORES,13-PT/65-PC do B/43-PV,FEDERAÇÃO BRASIL DA ESPERANÇA - FE BRASIL,FEDERAÇÃO,MASCULINO,BRANCA,0,60,SUPERIOR INCOMPLETO,CASADO(A),VEREADOR,,ELEITO POR QP,1,742,
DEPUTADO ESTADUAL,1,30630,160002542366,MATHEUS SIMÕES,CARLOS MATHEUS XAVIER SIMÕES,,30,NOVO,PARTIDO NOVO,,,PARTIDO ISOLADO,MASCULINO,BRANCA,0,29,ENSINO MÉDIO COMPLETO,CASADO(A),EMPRESÁRIO,,SUPLENTE,0,738,
DEPUTADO ESTADUAL,1,22555,160002547636,EMERSON BACIL,EMERSON GIELINSKI BACIL,,22,PL,PARTIDO LIBERAL,,,PARTIDO ISOLADO,MASCULINO,BRANCA,0,42,SUPERIOR COMPLETO,CASADO(A),ADVOGADO,,ELEITO POR MÉDIA,1,735,
DEPUTADO ESTADUAL,1,11190,160002533478,CORONEL ZOCCHI,GERSON MAURICIO ZOCCHI,,11,PP,PROGRESSISTAS,44-UNIÃO/11-PP,FEDERAÇÃO UNIÃO PROGRESSISTA,FEDERAÇÃO,MASCULINO,BRANCA,0,54,SUPERIOR COMPLETO,SOLTEIRO(A),ADVOGADO,,SUPLENTE,0,721,
DEPUTADO ESTADUAL,1,15050,160002547691,ELIS DOMINGUES,ELISANGELA DOMINGUES,,15,MDB,MOVIMENTO DEMOCRÁTICO BRASILEIRO,,,PARTIDO ISOLADO,FEMININO,BRANCA,0,54,SUPERIOR COMPLETO,CASADO(A),EMPRESÁRIO,,SUPLENTE,0,719,
DEPUTADO ESTADUAL,1,12322,160002546855,ANA MORO,ANA LUCIA LEITE MORO VIEIRA,,12,PDT,PARTIDO DEMOCRÁTICO TRABALHISTA,,,PARTIDO ISOLADO,FEMININO,BRANCA,0,49,SUPERIOR COMPLETO,CASADO(A),JORNALISTA E REDATOR,,SUPLENTE,0,712,
DEPUTADO ESTADUAL,1,55455,160002546834,MOACYR FADEL,MOACYR ELIAS FADEL JUNIOR,,55,PSD,PARTIDO SOCIAL DEMOCRÁTICO,,,PARTIDO ISOLADO,MASCULINO,BRANCA,0,56,SUPERIOR COMPLETO,CASADO(A),AGRÔNOMO,,ELEITO POR QP,1,712,
DEPUTADO ESTADUAL,1,33456,160002549512,ALEXANDRE TETTO,ALEXANDRE FRANCA TETTO,,33,MOBILIZA,MOBILIZAÇÃO NACIONAL,,,PARTIDO ISOLADO,MASCULINO,BRANCA,0,52,SUPERIOR COMPLETO,CASADO(A),ENGENHEIRO,,NÃO ELEITO,0,693,
DEPUTADO ESTADUAL,1,13420,160002542271,CAÊ TRAVEN,CARLOS EDUARDO TRAVEN,,13,PT,PARTIDO DOS TRABALHADORES,13-PT/65-PC do B/43-PV,FEDERAÇÃO BRASIL DA ESPERANÇA - FE BRASIL,FEDERAÇÃO,MASCULINO,PRETA,1,45,SUPERIOR COMPLETO,SEPARADO(A) JUDICIALMENTE,PRODUTOR DE ESPETÁCULOS PÚBLICOS,,SUPLENTE,0,679,
DEPUTADO ESTADUAL,1,11100,160002533460,MABEL CANTO,MABEL CORÁ CANTO,,11,PP,PROGRESSISTAS,44-UNIÃO/11-PP,FEDERAÇÃO UNIÃO PROGRESSISTA,FEDERAÇÃO,FEMININO,BRANCA,0,41,SUPERIOR COMPLETO,CASADO(A),ADVOGADO,,ELEITO POR QP,1,672,
DEPUTADO ESTADUAL,1,13100,160002542260,PROF. NELSI WELTER,NELSI KISTEMACHER WELTER,,13,PT,PARTIDO DOS TRABALHADORES,13-PT/65-PC do B/43-PV,FEDERAÇÃO BRASIL DA ESPERANÇA - FE BRASIL,FEDERAÇÃO,FEMININO,BRANCA,0,53,SUPERIOR COMPLETO,CASADO(A),PROFESSOR DE ENSINO SUPERIOR,,SUPLENTE,0,668,
DEPUTADO ESTADUAL,1,33011,160002549513,PROFESSOR CHICO SOUZA,FRANCISCO JOSE DE SOUZA,,33,MOBILIZA,MOBILIZAÇÃO NACIONAL,,,PARTIDO ISOLADO,MASCULINO,BRANCA,0,61,SUPERIOR COMPLETO,CASADO(A),GERENTE,,NÃO ELEITO,0,660,
DEPUTADO ESTADUAL,1,22199,160002547633,TATI,TATIANA ASSUITI,,22,PL,PARTIDO LIBERAL,,,PARTIDO ISOLADO,FEMININO,BRANCA,0,46,SUPERIOR COMPLETO,DIVORCIADO(A),OUTROS,,SUPLENTE,0,640,
DEPUTADO ESTADUAL,1,15153,160002547704,ANA PAULA VILAR,ANA PAULA VILAR DA SILVA,,15,MDB,MOVIMENTO DEMOCRÁTICO BRASILEIRO,,,PARTIDO ISOLADO,FEMININO,BRANCA,0,54,SUPERIOR COMPLETO,CASADO(A),FARMACÊUTICO,,SUPLENTE,0,631,
DEPUTADO ESTADUAL,1,80000,160002551046,JULIANE MENDES,JULIANE MENDES BERNARDO,,80,UP,UNIDADE POPULAR,,,PARTIDO ISOLADO,FEMININO,PRETA,1,27,SUPERIOR COMPLETO,SOLTEIRO(A),ADMINISTRADOR,,NÃO ELEITO,0,631,
DEPUTADO ESTADUAL,1,55055,160002546827,COBRA REPORTER,DEVANIL REGINALDO DA SILVA,,55,PSD,PARTIDO SOCIAL DEMOCRÁTICO,,,PARTIDO ISOLADO,MASCULINO,BRANCA,0,52,ENSINO MÉDIO COMPLETO,CASADO(A),DEPUTADO,,ELEITO POR QP,1,620,
DEPUTADO ESTADUAL,1,44999,160002533465,DR. JEFFERSON,JEFFERSON DO NASCIMENTO DA SILVA,,44,UNIÃO,UNIÃO BRASIL,44-UNIÃO/11-PP,FEDERAÇÃO UNIÃO PROGRESSISTA,FEDERAÇÃO,MASCULINO,PARDA,1,33,SUPERIOR COMPLETO,SOLTEIRO(A),ADVOGADO,,SUPLENTE,0,611,
DEPUTADO ESTADUAL,1,44445,160002533481,MURILO MORAIS INCLUSÃO,MURILO TADEU BASTOS DE MORAIS,,44,UNIÃO,UNIÃO BRASIL,44-UNIÃO/11-PP,FEDERAÇÃO UNIÃO PROGRESSISTA,FEDERAÇÃO,MASCULINO,BRANCA,0,44,SUPERIOR COMPLETO,CASADO(A),EMPRESÁRIO,,SUPLENTE,0,609,
DEPUTADO ESTADUAL,1,11028,160002533455,DOUTORA LOUISE LIMA,LOUISE PAULA DE LIMA CELESTE,,11,PP,PROGRESSISTAS,44-UNIÃO/11-PP,FEDERAÇÃO UNIÃO PROGRESSISTA,FEDERAÇÃO,FEMININO,PRETA,1,39,SUPERIOR COMPLETO,CASADO(A),MÉDICO,,SUPLENTE,0,593,
DEPUTADO ESTADUAL,1,18123,160002547742,TONINHO DA CIC,ANTONINHO CARLOS CLAUDINO DOS SANTOS,,18,REDE,REDE SUSTENTABILIDADE,50-PSOL/18-REDE,FEDERAÇÃO PSOL REDE,FEDERAÇÃO,MASCULINO,PARDA,1,57,ENSINO MÉDIO COMPLETO,CASADO(A),OUTROS,,NÃO ELEITO,0,590,
DEPUTADO ESTADUAL,1,11999,160002533454,DR. LEÔNIDAS,LEÔNIDAS FÁVERO NETO,,11,PP,PROGRESSISTAS,44-UNIÃO/11-PP,FEDERAÇÃO UNIÃO PROGRESSISTA,FEDERAÇÃO,MASCULINO,BRANCA,0,57,SUPERIOR COMPLETO,DIVORCIADO(A),MÉDICO,,SUPLENTE,0,576,
DEPUTADO ESTADUAL,1,30026,160002542344,ANDREIA WADA,ANDREIA AZEVEDO DE LIMA WADA,,30,NOVO,PARTIDO NOVO,,,PARTIDO ISOLADO,FEMININO,BRANCA,0,50,SUPERIOR COMPLETO,CASADO(A),ADVOGADO,,SUPLENTE,0,575,
DEPUTADO ESTADUAL,1,30700,160002542350,RENATO TOCUMANTEL DA FARMÁCIA,RENATO TOCUMANTEL,,30,NOVO,PARTIDO NOVO,,,PARTIDO ISOLADO,MASCULINO,BRANCA,0,53,ENSINO MÉDIO COMPLETO,CASADO(A),VEREADOR,,SUPLENTE,0,572,
DEPUTADO ESTADUAL,1,12222,160002546878,RODRIGO CRUZ REQUIÃO,RODRIGO MAURICIO DA CRUZ,,12,PDT,PARTIDO DEMOCRÁTICO TRABALHISTA,,,PARTIDO ISOLADO,MASCULINO,BRANCA,0,52,SUPERIOR COMPLETO,CASADO(A),OUTROS,,SUPLENTE,0,567,
DEPUTADO ESTADUAL,1,15000,160002547696,TERCILIO TURINI,TERCILIO LUIZ TURINI,,15,MDB,MOVIMENTO DEMOCRÁTICO BRASILEIRO,,,PARTIDO ISOLADO,MASCULINO,BRANCA,0,82,SUPERIOR COMPLETO,CASADO(A),MÉDICO,,SUPLENTE,0,567,
DEPUTADO ESTADUAL,1,22212,160002547617,BRUNA FOGAÇA,BRUNA LEMES FOGAÇA CAMARGO,,22,PL,PARTIDO LIBERAL,,,PARTIDO ISOLADO,FEMININO,BRANCA,0,37,SUPERIOR COMPLETO,CASADO(A),ADVOGADO,,SUPLENTE,0,557,
DEPUTADO ESTADUAL,1,30789,160002542357,MARINHO GUIMARAES,MARIO MARQUES GUIMARÃES NETO,,30,NOVO,PARTIDO NOVO,,,PARTIDO ISOLADO,MASCULINO,PARDA,1,50,SUPERIOR COMPLETO,CASADO(A),OUTROS,,SUPLENTE,0,539,
DEPUTADO ESTADUAL,1,13567,160002542241,PEDRO IVO,PEDRO IVO ILKIV,,13,PT,PARTIDO DOS TRABALHADORES,13-PT/65-PC do B/43-PV,FEDERAÇÃO BRASIL DA ESPERANÇA - FE BRASIL,FEDERAÇÃO,MASCULINO,BRANCA,0,65,ENSINO MÉDIO COMPLETO,DIVORCIADO(A),PRODUTOR AGROPECUÁRIO,,SUPLENTE,0,529,
DEPUTADO ESTADUAL,1,22333,160002547638,JULIO KULLER,JULIO FRANCISCO SCHIMANSKI KULLER,,22,PL,PARTIDO LIBERAL,,,PARTIDO ISOLADO,MASCULINO,BRANCA,0,56,SUPERIOR INCOMPLETO,CASADO(A),VEREADOR,,SUPLENTE,0,510,
DEPUTADO ESTADUAL,1,11411,160002533466,ANA CORREA DA CAUSA ANIMAL,ANA CLAUDIA TANDARA TAIS CORREA,,11,PP,PROGRESSISTAS,44-UNIÃO/11-PP,FEDERAÇÃO UNIÃO PROGRESSISTA,FEDERAÇÃO,FEMININO,BRANCA,0,30,ENSINO MÉDIO COMPLETO,CASADO(A),OUTROS,,SUPLENTE,0,504,
DEPUTADO ESTADUAL,1,20500,160002547498,RAFAEL FELIPE LUCAS,RAFAEL FELIPE LUCAS,,20,PODE,PODEMOS,,,PARTIDO ISOLADO,MASCULINO,BRANCA,0,48,SUPERIOR COMPLETO,CASADO(A),ADVOGADO,,SUPLENTE,0,497,
DEPUTADO ESTADUAL,1,45123,160002552789,JAIR ARCENO,JAIR ARCENO DOS SANTOS,,45,PSDB,PARTIDO DA SOCIAL DEMOCRACIA BRASILEIRA,45-PSDB/23-CIDADANIA,FEDERAÇÃO PSDB CIDADANIA,FEDERAÇÃO,MASCULINO,BRANCA,0,61,ENSINO MÉDIO COMPLETO,CASADO(A),EMPRESÁRIO,,NÃO ELEITO,0,497,
DEPUTADO ESTADUAL,1,15800,160002547688,ELOIR ALMEIDA,ELOIR DE ALMEIDA GONCALVES,,15,MDB,MOVIMENTO DEMOCRÁTICO BRASILEIRO,,,PARTIDO ISOLADO,MASCULINO,PRETA,1,59,SUPERIOR INCOMPLETO,CASADO(A),TAXISTA,,SUPLENTE,0,496,
DEPUTADO ESTADUAL,1,15015,160002547671,REGINALDO NOVA OPÇÃO,REGINALDO APARECIDO DOS SANTOS,,15,MDB,MOVIMENTO DEMOCRÁTICO BRASILEIRO,,,PARTIDO ISOLADO,MASCULINO,BRANCA,0,51,SUPERIOR COMPLETO,CASADO(A),DIRETOR DE EMPRESAS,,SUPLENTE,0,469,
DEPUTADO ESTADUAL,1,22100,160002547620,SERGIO FREDERICO,SERGIO EVANDRO PAULATTI FREDERICO,,22,PL,PARTIDO LIBERAL,,,PARTIDO ISOLADO,MASCULINO,BRANCA,0,55,SUPERIOR COMPLETO,CASADO(A),ENGENHEIRO,,SUPLENTE,0,461,
DEPUTADO ESTADUAL,1,13023,160002542253,TERESA MENDES,TERESA MENDES DE SOUZA,,13,PT,PARTIDO DOS TRABALHADORES,13-PT/65-PC do B/43-PV,FEDERAÇÃO BRASIL DA ESPERANÇA - FE BRASIL,FEDERAÇÃO,FEMININO,PRETA,1,57,ENSINO MÉDIO COMPLETO,SOLTEIRO(A),ARTESÃO,,SUPLENTE,0,450,
DEPUTADO ESTADUAL,1,12000,160002546856,LEANDRO GRASSMANN,LEANDRO JOSE GRASSMANN,,12,PDT,PARTIDO DEMOCRÁTICO TRABALHISTA,,,PARTIDO ISOLADO,MASCULINO,BRANCA,0,55,SUPERIOR COMPLETO,DIVORCIADO(A),ENGENHEIRO,,SUPLENTE,0,434,
DEPUTADO ESTADUAL,1,22700,160002547608,FÃO DO BOLSONARO,CRYSTHOFOUR PEREIRA DE ALMEIDA,,22,PL,PARTIDO LIBERAL,,,PARTIDO ISOLADO,MASCULINO,BRANCA,0,35,ENSINO MÉDIO COMPLETO,SOLTEIRO(A),EMPRESÁRIO,,ELEITO POR QP,1,434,
DEPUTADO ESTADUAL,1,22999,160002547606,CORONEL VILLA,NELSON VILLA JÚNIOR,,22,PL,PARTIDO LIBERAL,,,PARTIDO ISOLADO,MASCULINO,BRANCA,0,55,SUPERIOR COMPLETO,CASADO(A),POLICIAL MILITAR,,SUPLENTE,0,431,
DEPUTADO ESTADUAL,1,11011,160002533446,FABIO DALÉCIO,FABIO DE OLIVEIRA DALÉCIO,,11,PP,PROGRESSISTAS,44-UNIÃO/11-PP,FEDERAÇÃO UNIÃO PROGRESSISTA,FEDERAÇÃO,MASCULINO,BRANCA,0,56,SUPERIOR COMPLETO,CASADO(A),ADVOGADO,,SUPLENTE,0,430,
DEPUTADO ESTADUAL,1,55550,160002546841,RICARDINHO,RICARDO ALVES NASCIMENTO,,55,PSD,PARTIDO SOCIAL DEMOCRÁTICO,,,PARTIDO ISOLADO,MASCULINO,BRANCA,0,48,SUPERIOR COMPLETO,CASADO(A),JORNALISTA E REDATOR,,SUPLENTE,0,422,
DEPUTADO ESTADUAL,1,30041,160002542353,RICARDO DA FONSECA,RICARDO DA FONSECA FILHO,,30,NOVO,PARTIDO NOVO,,,PARTIDO ISOLADO,MASCULINO,BRANCA,0,40,SUPERIOR COMPLETO,CASADO(A),MÉDICO,,SUPLENTE,0,407,
DEPUTADO ESTADUAL,1,65650,160002542274,MAZE SAAD,MARIA JOSE DE SOUZA EL SAAD,,65,PCDOB,PARTIDO COMUNISTA DO BRASIL,13-PT/65-PC do B/43-PV,FEDERAÇÃO BRASIL DA ESPERANÇA - FE BRASIL,FEDERAÇÃO,FEMININO,PRETA,1,57,SUPERIOR COMPLETO,CASADO(A),PSICÓLOGO,,SUPLENTE,0,401,
DEPUTADO ESTADUAL,1,30030,160002542345,ALINE BIEZUS,ALINE MARIELI JOCHEM BIEZUS,,30,NOVO,PARTIDO NOVO,,,PARTIDO ISOLADO,FEMININO,BRANCA,0,43,SUPERIOR COMPLETO,CASADO(A),ENFERMEIRO,,SUPLENTE,0,398,
DEPUTADO ESTADUAL,1,45800,160002552795,ADELINO RIBEIRO,ADELINO RIBEIRO SILVA,,45,PSDB,PARTIDO DA SOCIAL DEMOCRACIA BRASILEIRA,45-PSDB/23-CIDADANIA,FEDERAÇÃO PSDB CIDADANIA,FEDERAÇÃO,MASCULINO,PARDA,1,61,SUPERIOR COMPLETO,CASADO(A),OUTROS,,NÃO ELEITO,0,396,
DEPUTADO ESTADUAL,1,70070,160002547391,JOEL CORDEIRO,JOEL MELO CORDEIRO,,70,AVANTE,AVANTE,,,PARTIDO ISOLADO,MASCULINO,BRANCA,0,55,SUPERIOR COMPLETO,SOLTEIRO(A),ADMINISTRADOR,,NÃO ELEITO,0,394,
DEPUTADO ESTADUAL,1,43333,160002542237,IVONY COSTA,IVONE DA COSTA ROSA,,43,PV,PARTIDO VERDE,13-PT/65-PC do B/43-PV,FEDERAÇÃO BRASIL DA ESPERANÇA - FE BRASIL,FEDERAÇÃO,FEMININO,PRETA,1,40,SUPERIOR COMPLETO,DIVORCIADO(A),ENFERMEIRO,,SUPLENTE,0,390,
DEPUTADO ESTADUAL,1,13513,160002542268,DRA. DEBORAH ZANCHI,DEBORAH MARIA ZANCHI,,13,PT,PARTIDO DOS TRABALHADORES,13-PT/65-PC do B/43-PV,FEDERAÇÃO BRASIL DA ESPERANÇA - FE BRASIL,FEDERAÇÃO,FEMININO,BRANCA,0,32,SUPERIOR COMPLETO,SOLTEIRO(A),ADVOGADO,,SUPLENTE,0,387,
DEPUTADO ESTADUAL,1,15444,160002547682,PROF. JOSE MAURINO,JOSE MAURINO DE OLIVEIRA MARTINS,,15,MDB,MOVIMENTO DEMOCRÁTICO BRASILEIRO,,,PARTIDO ISOLADO,MASCULINO,PRETA,1,60,SUPERIOR COMPLETO,CASADO(A),SERVIDOR PÚBLICO ESTADUAL,,SUPLENTE,0,387,
DEPUTADO ESTADUAL,1,43777,160002542269,GERALDO STOCCO,GERALDO STOCCO FILHO,,43,PV,PARTIDO VERDE,13-PT/65-PC do B/43-PV,FEDERAÇÃO BRASIL DA ESPERANÇA - FE BRASIL,FEDERAÇÃO,MASCULINO,BRANCA,0,33,SUPERIOR COMPLETO,CASADO(A),VEREADOR,,SUPLENTE,0,385,
DEPUTADO ESTADUAL,1,44123,160002533480,DELEGADO AMIR SALMEN,AMIR ROBERTO SALMEN,,44,UNIÃO,UNIÃO BRASIL,44-UNIÃO/11-PP,FEDERAÇÃO UNIÃO PROGRESSISTA,FEDERAÇÃO,MASCULINO,BRANCA,0,57,SUPERIOR COMPLETO,CASADO(A),POLICIAL CIVIL,,SUPLENTE,0,383,
DEPUTADO ESTADUAL,1,35678,160002553674,GIL LOUBACH VÉIO DO COLCHÃO,GILCIMAR LOUBACH,,35,DEMOCRATA,DEMOCRATA,,,PARTIDO ISOLADO,MASCULINO,BRANCA,0,60,ENSINO MÉDIO COMPLETO,DIVORCIADO(A),DIRETOR DE EMPRESAS,,NÃO ELEITO,0,379,
DEPUTADO ESTADUAL,1,13813,160002542276,MARCELLY LEDER,MARCELLY MARIA LEDER,,13,PT,PARTIDO DOS TRABALHADORES,13-PT/65-PC do B/43-PV,FEDERAÇÃO BRASIL DA ESPERANÇA - FE BRASIL,FEDERAÇÃO,FEMININO,BRANCA,0,29,SUPERIOR COMPLETO,SOLTEIRO(A),ADVOGADO,,SUPLENTE,0,378,
DEPUTADO ESTADUAL,1,12135,160002546870,DR. FABRICIO KLEINIBING,FABRICIO MONTEIRO KLEINIBING,,12,PDT,PARTIDO DEMOCRÁTICO TRABALHISTA,,,PARTIDO ISOLADO,MASCULINO,BRANCA,0,45,SUPERIOR COMPLETO,CASADO(A),ADVOGADO,,SUPLENTE,0,374,
DEPUTADO ESTADUAL,1,15077,160002547673,MARCELO PASSOS,MARCELO AUGUSTO PASSOS,,15,MDB,MOVIMENTO DEMOCRÁTICO BRASILEIRO,,,PARTIDO ISOLADO,MASCULINO,PARDA,1,64,ENSINO MÉDIO COMPLETO,CASADO(A),ADMINISTRADOR,,SUPLENTE,0,368,
DEPUTADO ESTADUAL,1,55456,160002546816,MARCELO ROQUE,MARCELO ELIAS ROQUE,,55,PSD,PARTIDO SOCIAL DEMOCRÁTICO,,,PARTIDO ISOLADO,MASCULINO,BRANCA,0,52,SUPERIOR INCOMPLETO,CASADO(A),SERVIDOR PÚBLICO MUNICIPAL,,SUPLENTE,0,367,
DEPUTADO ESTADUAL,1,10234,160002547548,SERGINHO,SERGIO PEREIRA JUNIOR,,10,REPUBLICANOS,REPUBLICANOS,,,PARTIDO ISOLADO,MASCULINO,PARDA,1,46,SUPERIOR INCOMPLETO,SOLTEIRO(A),AGRICULTOR,,SUPLENTE,0,364,
DEPUTADO ESTADUAL,1,55000,160002546804,BATATINHA,OZIEL LUIZ DE SOUZA,,55,PSD,PARTIDO SOCIAL DEMOCRÁTICO,,,PARTIDO ISOLADO,MASCULINO,BRANCA,0,55,ENSINO MÉDIO COMPLETO,CASADO(A),JORNALISTA E REDATOR,,ELEITO POR MÉDIA,1,362,
DEPUTADO ESTADUAL,1,22233,160002547647,ANDRÉ TRINDADE,ANDRÉ FERNANDO DOS REIS TRINDADE,,22,PL,PARTIDO LIBERAL,,,PARTIDO ISOLADO,MASCULINO,BRANCA,0,46,SUPERIOR COMPLETO,CASADO(A),ADVOGADO,,SUPLENTE,0,356,
DEPUTADO ESTADUAL,1,13012,160002542258,DOUTORA MARILENE,MARILENE DOS SANTOS DE SOUZA,,13,PT,PARTIDO DOS TRABALHADORES,13-PT/65-PC do B/43-PV,FEDERAÇÃO BRASIL DA ESPERANÇA - FE BRASIL,FEDERAÇÃO,FEMININO,PRETA,1,51,SUPERIOR COMPLETO,VIÚVO(A),OUTROS,,SUPLENTE,0,350,
DEPUTADO ESTADUAL,1,20147,160002552580,GLEDSON ZAWADZKI,GLEDSON REGNIER ZAWADZKI,,20,PODE,PODEMOS,,,PARTIDO ISOLADO,MASCULINO,BRANCA,0,54,SUPERIOR COMPLETO,CASADO(A),EMPRESÁRIO,,SUPLENTE,0,350,
DEPUTADO ESTADUAL,1,55588,160002546815,LUZIA PRADO,LUZIA PRADO DE OLIVEIRA,,55,PSD,PARTIDO SOCIAL DEMOCRÁTICO,,,PARTIDO ISOLADO,FEMININO,BRANCA,0,49,ENSINO MÉDIO COMPLETO,CASADO(A),AUXILIAR DE ESCRITÓRIO E ASSEMELHADOS,,SUPLENTE,0,346,
DEPUTADO ESTADUAL,1,44222,160002533468,DEOCLECIO DUARTE,DEOCLECIO DUARTE,,44,UNIÃO,UNIÃO BRASIL,44-UNIÃO/11-PP,FEDERAÇÃO UNIÃO PROGRESSISTA,FEDERAÇÃO,MASCULINO,BRANCA,0,50,ENSINO MÉDIO COMPLETO,CASADO(A),EMPRESÁRIO,,SUPLENTE,0,344,
DEPUTADO ESTADUAL,1,55565,160002546813,ULISSES MAIA,ULISSES DE JESUS MAIA KOTSIFAS,,55,PSD,PARTIDO SOCIAL DEMOCRÁTICO,,,PARTIDO ISOLADO,MASCULINO,BRANCA,0,57,SUPERIOR COMPLETO,CASADO(A),ADVOGADO,,ELEITO POR QP,1,340,
DEPUTADO ESTADUAL,1,50321,160002547759,JEAN HENRIQUE,JEAN HENRIQUE DA CRUZ SILVA,,50,PSOL,PARTIDO SOCIALISMO E LIBERDADE,50-PSOL/18-REDE,FEDERAÇÃO PSOL REDE,FEDERAÇÃO,MASCULINO,BRANCA,0,37,SUPERIOR INCOMPLETO,CASADO(A),"ESTUDANTE, BOLSISTA, ESTAGIÁRIO E ASSEMELHADOS",,NÃO ELEITO,0,333,
DEPUTADO ESTADUAL,1,13050,160002542261,THAYS BIEBERBACH,THAYS JULIANNY TEIXEIRA PINTO DOMINGUES BIEBERBACH,,13,PT,PARTIDO DOS TRABALHADORES,13-PT/65-PC do B/43-PV,FEDERAÇÃO BRASIL DA ESPERANÇA - FE BRASIL,FEDERAÇÃO,FEMININO,BRANCA,0,35,SUPERIOR COMPLETO,SOLTEIRO(A),VEREADOR,,SUPLENTE,0,331,
DEPUTADO ESTADUAL,1,11333,160002533488,PAULO MAC DONALD,PAULO MAC DONALD GHISI,,11,PP,PROGRESSISTAS,44-UNIÃO/11-PP,FEDERAÇÃO UNIÃO PROGRESSISTA,FEDERAÇÃO,MASCULINO,BRANCA,0,77,SUPERIOR COMPLETO,CASADO(A),EMPRESÁRIO,,ELEITO POR QP,1,324,
DEPUTADO ESTADUAL,1,15600,160002547694,LEONARDO PACHECO,LEONARDO MENONCIN PACHECO,,15,MDB,MOVIMENTO DEMOCRÁTICO BRASILEIRO,,,PARTIDO ISOLADO,MASCULINO,BRANCA,0,29,SUPERIOR COMPLETO,SOLTEIRO(A),"ESTUDANTE, BOLSISTA, ESTAGIÁRIO E ASSEMELHADOS",,SUPLENTE,0,317,
DEPUTADO ESTADUAL,1,55355,160002546844,PATRICIA ASSIS,PATRICIA CRISTINA ASSIS SANTOS,,55,PSD,PARTIDO SOCIAL DEMOCRÁTICO,,,PARTIDO ISOLADO,FEMININO,BRANCA,0,38,SUPERIOR COMPLETO,SOLTEIRO(A),ADMINISTRADOR,,SUPLENTE,0,313,
DEPUTADO ESTADUAL,1,14042,160002551169,ADRIANO FRITZ,ADRIANO FRITZ,,14,MISSÃO,PARTIDO MISSÃO,,,PARTIDO ISOLADO,MASCULINO,BRANCA,0,49,SUPERIOR COMPLETO,CASADO(A),MÉDICO,,NÃO ELEITO,0,308,
DEPUTADO ESTADUAL,1,15567,160002547668,IVANETE XAVIER,IVANETE PAULINO XAVIER,,15,MDB,MOVIMENTO DEMOCRÁTICO BRASILEIRO,,,PARTIDO ISOLADO,FEMININO,PRETA,1,58,SUPERIOR COMPLETO,DIVORCIADO(A),SERVIDOR PÚBLICO FEDERAL,,SUPLENTE,0,307,
DEPUTADO ESTADUAL,1,45522,160002552786,LUCIANO GOMES,LUCIANO JOSE GOMES,,45,PSDB,PARTIDO DA SOCIAL DEMOCRACIA BRASILEIRA,45-PSDB/23-CIDADANIA,FEDERAÇÃO PSDB CIDADANIA,FEDERAÇÃO,MASCULINO,BRANCA,0,56,ENSINO MÉDIO COMPLETO,CASADO(A),OUTROS,,NÃO ELEITO,0,305,
DEPUTADO ESTADUAL,1,22522,160002547613,MARANHÃO,ARNALDO DE SÁ MARANHÃO JUNIOR,,22,PL,PARTIDO LIBERAL,,,PARTIDO ISOLADO,MASCULINO,BRANCA,0,55,SUPERIOR COMPLETO,CASADO(A),SERVIDOR PÚBLICO MUNICIPAL,,SUPLENTE,0,302,
DEPUTADO ESTADUAL,1,22200,160002547601,THIAGO CHAMORRA,THIAGO RAFAEL CHAMORRA,,22,PL,PARTIDO LIBERAL,,,PARTIDO ISOLADO,MASCULINO,BRANCA,0,43,SUPERIOR INCOMPLETO,CASADO(A),EMPRESÁRIO,,SUPLENTE,0,300,
DEPUTADO ESTADUAL,1,45045,160002552761,NICE VIEIRA,LEONICE MOTTA VIEIRA,,45,PSDB,PARTIDO DA SOCIAL DEMOCRACIA BRASILEIRA,45-PSDB/23-CIDADANIA,FEDERAÇÃO PSDB CIDADANIA,FEDERAÇÃO,FEMININO,PRETA,1,65,ENSINO MÉDIO COMPLETO,CASADO(A),APOSENTADO (EXCETO SERVIDOR PÚBLICO),,NÃO ELEITO,0,295,
DEPUTADO ESTADUAL,1,50777,160002547755,BRUNA MOREIRA,BRUNA MOREIRA DA MOTTA,,50,PSOL,PARTIDO SOCIALISMO E LIBERDADE,50-PSOL/18-REDE,FEDERAÇÃO PSOL REDE,FEDERAÇÃO,FEMININO,BRANCA,0,36,SUPERIOR INCOMPLETO,CASADO(A),ASSISTENTE SOCIAL,,NÃO ELEITO,0,294,
DEPUTADO ESTADUAL,1,20220,160002547507,CANTOR KALEBE,JOAO CALEBE DE OLIVEIRA RODRIGUES,,20,PODE,PODEMOS,,,PARTIDO ISOLADO,MASCULINO,BRANCA,0,71,SUPERIOR COMPLETO,CASADO(A),LOCUTOR E COMENTARISTA DE RÁDIO E TELEVISÃO E RADIALISTA,,SUPLENTE,0,291,
DEPUTADO ESTADUAL,1,33999,160002549504,MOISES AMARAL,MOISES DO AMARAL,,33,MOBILIZA,MOBILIZAÇÃO NACIONAL,,,PARTIDO ISOLADO,MASCULINO,BRANCA,0,58,SUPERIOR COMPLETO,CASADO(A),EMPRESÁRIO,,NÃO ELEITO,0,291,
DEPUTADO ESTADUAL,1,12456,160002546874,JULIANA RAMOS,JULIANA MARIA SAMPAIO RAMOS,,12,PDT,PARTIDO DEMOCRÁTICO TRABALHISTA,,,PARTIDO ISOLADO,FEMININO,BRANCA,0,45,SUPERIOR COMPLETO,SOLTEIRO(A),SERVIDOR PÚBLICO MUNICIPAL,,SUPLENTE,0,289,
DEPUTADO ESTADUAL,1,13321,160002542232,GUILHERME MAZER,GUILHERME PEDROLLO MAZER,,13,PT,PARTIDO DOS TRABALHADORES,13-PT/65-PC do B/43-PV,FEDERAÇÃO BRASIL DA ESPERANÇA - FE BRASIL,FEDERAÇÃO,MASCULINO,BRANCA,0,39,SUPERIOR COMPLETO,SOLTEIRO(A),ENGENHEIRO,,SUPLENTE,0,288,
DEPUTADO ESTADUAL,1,55633,160002546828,SÉRGIO ONOFRE,SERGIO ONOFRE DA SILVA,,55,PSD,PARTIDO SOCIAL DEMOCRÁTICO,,,PARTIDO ISOLADO,MASCULINO,BRANCA,0,63,ENSINO FUNDAMENTAL COMPLETO,DIVORCIADO(A),EMPRESÁRIO,,SUPLENTE,0,287,
DEPUTADO ESTADUAL,1,55500,160002546830,JESSICA DA EDUCAÇÃO,JESSICA ELIZABETH GONÇALVES PIERI,,55,PSD,PARTIDO SOCIAL DEMOCRÁTICO,,,PARTIDO ISOLADO,FEMININO,BRANCA,0,56,SUPERIOR COMPLETO,CASADO(A),PROFESSOR DE ENSINO SUPERIOR,,SUPLENTE,0,284,
DEPUTADO ESTADUAL,1,14144,160002551153,JOÃO GABRIEL,JOÃO GABRIEL CANDIDO DE SOUSA,,14,MISSÃO,PARTIDO MISSÃO,,,PARTIDO ISOLADO,MASCULINO,BRANCA,0,27,SUPERIOR COMPLETO,CASADO(A),ADVOGADO,,NÃO ELEITO,0,282,
DEPUTADO ESTADUAL,1,15768,160002547693,SAMIA LEIZA,SAMIA LEIZA ALVES DORNELLES,,15,MDB,MOVIMENTO DEMOCRÁTICO BRASILEIRO,,,PARTIDO ISOLADO,FEMININO,PARDA,1,35,SUPERIOR COMPLETO,SOLTEIRO(A),PROFESSOR DE ENSINO FUNDAMENTAL,,SUPLENTE,0,282,
DEPUTADO ESTADUAL,1,15555,160002547695,DANI PATO,DANIELA SIBILA ALBERTON,,15,MDB,MOVIMENTO DEMOCRÁTICO BRASILEIRO,,,PARTIDO ISOLADO,FEMININO,BRANCA,0,34,SUPERIOR COMPLETO,SOLTEIRO(A),VEREADOR,,SUPLENTE,0,276,
DEPUTADO ESTADUAL,1,20023,160002547520,ADRIANA CARVALHO,ADRIANA NASCIMENTO CARVALHO,,20,PODE,PODEMOS,,,PARTIDO ISOLADO,FEMININO,PRETA,1,53,SUPERIOR INCOMPLETO,SOLTEIRO(A),AGENTE ADMINISTRATIVO,,SUPLENTE,0,276,
DEPUTADO ESTADUAL,1,10852,160002547554,MARCOS DA VIDOFER,MARCOS VIEIRA,,10,REPUBLICANOS,REPUBLICANOS,,,PARTIDO ISOLADO,MASCULINO,BRANCA,0,64,ENSINO FUNDAMENTAL COMPLETO,CASADO(A),EMPRESÁRIO,,SUPLENTE,0,273,
DEPUTADO ESTADUAL,1,10000,160002547561,TANIA MAION,TANIA APARECIDA MAION,,10,REPUBLICANOS,REPUBLICANOS,,,PARTIDO ISOLADO,FEMININO,BRANCA,0,61,SUPERIOR COMPLETO,CASADO(A),VEREADOR,,SUPLENTE,0,270,
DEPUTADO ESTADUAL,1,20026,160002547506,ARTIDOR SOARES,ARTIDOR JOSE DELCI SOARES,,20,PODE,PODEMOS,,,PARTIDO ISOLADO,MASCULINO,BRANCA,0,50,SUPERIOR COMPLETO,CASADO(A),OUTROS,,SUPLENTE,0,266,
DEPUTADO ESTADUAL,1,33123,160002549503,DR. EDILSON GOES,EDILSON APARECIDO GOES,,33,MOBILIZA,MOBILIZAÇÃO NACIONAL,,,PARTIDO ISOLADO,MASCULINO,BRANCA,0,57,SUPERIOR COMPLETO,CASADO(A),ADVOGADO,,NÃO ELEITO,0,266,
DEPUTADO ESTADUAL,1,14123,160002551173,RUBENS NASCIMENTO,RUBENS EDUARDO CORREIA DO NASCIMENTO,,14,MISSÃO,PARTIDO MISSÃO,,,PARTIDO ISOLADO,MASCULINO,PRETA,1,28,SUPERIOR COMPLETO,CASADO(A),TÉCNICO EM INFORMÁTICA,,NÃO ELEITO,0,264,
DEPUTADO ESTADUAL,1,13888,160002542267,PROF EYRIMAR FABIANO BORTOT,EYRIMAR FABIANO BORTOT,,13,PT,PARTIDO DOS TRABALHADORES,13-PT/65-PC do B/43-PV,FEDERAÇÃO BRASIL DA ESPERANÇA - FE BRASIL,FEDERAÇÃO,MASCULINO,PARDA,1,52,SUPERIOR COMPLETO,CASADO(A),POLICIAL CIVIL,,SUPLENTE,0,262,
DEPUTADO ESTADUAL,1,22345,160002547641,ZADO,EVANDRO MIGUEL GRADE,,22,PL,PARTIDO LIBERAL,,,PARTIDO ISOLADO,MASCULINO,BRANCA,0,43,SUPERIOR COMPLETO,CASADO(A),EMPRESÁRIO,,SUPLENTE,0,258,
DEPUTADO ESTADUAL,1,45670,160002552792,JOSÉ DINIZ,JOSE DINIZ,,45,PSDB,PARTIDO DA SOCIAL DEMOCRACIA BRASILEIRA,45-PSDB/23-CIDADANIA,FEDERAÇÃO PSDB CIDADANIA,FEDERAÇÃO,MASCULINO,PRETA,1,60,SUPERIOR COMPLETO,CASADO(A),ADVOGADO,,NÃO ELEITO,0,255,
DEPUTADO ESTADUAL,1,22525,160002547644,LUIZ ERNESTO,LUIZ ERNESTO DE GIACOMETTI,,22,PL,PARTIDO LIBERAL,,,PARTIDO ISOLADO,MASCULINO,BRANCA,0,70,SUPERIOR COMPLETO,CASADO(A),MÉDICO,,SUPLENTE,0,250,
DEPUTADO ESTADUAL,1,23023,160002552784,DYEMI,DYEMI FRANCIELLI FERREIRA MIYAMURA,,23,CIDADANIA,CIDADANIA,45-PSDB/23-CIDADANIA,FEDERAÇÃO PSDB CIDADANIA,FEDERAÇÃO,FEMININO,BRANCA,0,45,SUPERIOR COMPLETO,CASADO(A),EMPRESÁRIO,,NÃO ELEITO,0,249,
DEPUTADO ESTADUAL,1,45000,160002552811,MARCELINHO DA SAÚDE,MARCELO MARCAL MORINI,,45,PSDB,PARTIDO DA SOCIAL DEMOCRACIA BRASILEIRA,45-PSDB/23-CIDADANIA,FEDERAÇÃO PSDB CIDADANIA,FEDERAÇÃO,MASCULINO,BRANCA,0,51,SUPERIOR INCOMPLETO,SOLTEIRO(A),SERVIDOR PÚBLICO MUNICIPAL,,NÃO ELEITO,0,248,
DEPUTADO ESTADUAL,1,11222,160002533485,NATAN SPERAFICO,NATAN SPERAFICO,,11,PP,PROGRESSISTAS,44-UNIÃO/11-PP,FEDERAÇÃO UNIÃO PROGRESSISTA,FEDERAÇÃO,MASCULINO,BRANCA,0,36,SUPERIOR COMPLETO,SOLTEIRO(A),PRODUTOR AGROPECUÁRIO,,SUPLENTE,0,247,
DEPUTADO ESTADUAL,1,18473,160002547750,DINO CÉSAR,DINO CESAR MORAIS DE MATTOS,,18,REDE,REDE SUSTENTABILIDADE,50-PSOL/18-REDE,FEDERAÇÃO PSOL REDE,FEDERAÇÃO,MASCULINO,PARDA,1,52,ENSINO MÉDIO COMPLETO,DIVORCIADO(A),MOTORISTA DE VEÍCULOS DE TRANSPORTE DE CARGA,,NÃO ELEITO,0,246,
DEPUTADO ESTADUAL,1,13331,160002542254,TASSIA CASTELLI,TASSIA CASTELLI,,13,PT,PARTIDO DOS TRABALHADORES,13-PT/65-PC do B/43-PV,FEDERAÇÃO BRASIL DA ESPERANÇA - FE BRASIL,FEDERAÇÃO,FEMININO,BRANCA,0,38,SUPERIOR COMPLETO,SOLTEIRO(A),PROFESSOR DE ENSINO MÉDIO,,SUPLENTE,0,245,
DEPUTADO ESTADUAL,1,10150,160002547543,SUELEN DA FEIRA,SUELEN MIRANDA CORDEIRO,,10,REPUBLICANOS,REPUBLICANOS,,,PARTIDO ISOLADO,FEMININO,PARDA,1,41,ENSINO MÉDIO COMPLETO,CASADO(A),"FEIRANTE, AMBULANTE E MASCATE",,SUPLENTE,0,243,
DEPUTADO ESTADUAL,1,14555,160002551158,WAGNER JR.,WAGNER PROENCA JUNIOR,,14,MISSÃO,PARTIDO MISSÃO,,,PARTIDO ISOLADO,MASCULINO,BRANCA,0,35,SUPERIOR COMPLETO,SOLTEIRO(A),EMPRESÁRIO,,NÃO ELEITO,0,241,
DEPUTADO ESTADUAL,1,33444,160002549502,LARISSA GONÇALVES COSTA,LARISSA GONCALVES COSTA,,33,MOBILIZA,MOBILIZAÇÃO NACIONAL,,,PARTIDO ISOLADO,FEMININO,BRANCA,0,40,SUPERIOR COMPLETO,DIVORCIADO(A),ADVOGADO,,NÃO ELEITO,0,241,
DEPUTADO ESTADUAL,1,44100,160002533472,ENF. MAYARA KEIKO,MAYARA KEIKO IMADO,,44,UNIÃO,UNIÃO BRASIL,44-UNIÃO/11-PP,FEDERAÇÃO UNIÃO PROGRESSISTA,FEDERAÇÃO,FEMININO,AMARELA,0,37,SUPERIOR COMPLETO,DIVORCIADO(A),ENFERMEIRO,,SUPLENTE,0,241,
DEPUTADO ESTADUAL,1,13200,160002542252,FERNANDO SANGUE LARANJA,FERNANDO ARAUJO DE AZEVEDO,,13,PT,PARTIDO DOS TRABALHADORES,13-PT/65-PC do B/43-PV,FEDERAÇÃO BRASIL DA ESPERANÇA - FE BRASIL,FEDERAÇÃO,MASCULINO,BRANCA,0,57,SUPERIOR COMPLETO,CASADO(A),ENGENHEIRO,,SUPLENTE,0,239,
DEPUTADO ESTADUAL,1,45789,160002552799,ADRY RIBEIRO ONG EVA,ADRIANE RIBEIRO DE JESUS SALVADOR,,45,PSDB,PARTIDO DA SOCIAL DEMOCRACIA BRASILEIRA,45-PSDB/23-CIDADANIA,FEDERAÇÃO PSDB CIDADANIA,FEDERAÇÃO,FEMININO,PRETA,1,51,ENSINO FUNDAMENTAL COMPLETO,CASADO(A),COZINHEIRO,,NÃO ELEITO,0,239,
DEPUTADO ESTADUAL,1,45044,160002552809,ARI VALDIR,ARI VALDIR DO NASCIMENTO LOPES,,45,PSDB,PARTIDO DA SOCIAL DEMOCRACIA BRASILEIRA,45-PSDB/23-CIDADANIA,FEDERAÇÃO PSDB CIDADANIA,FEDERAÇÃO,MASCULINO,PARDA,1,64,ENSINO MÉDIO COMPLETO,DIVORCIADO(A),EMPRESÁRIO,,NÃO ELEITO,0,238,
DEPUTADO ESTADUAL,1,18124,160002547761,VAL COSTA,ANDERVAL APARECIDO COSTA DA SILVA,,18,REDE,REDE SUSTENTABILIDADE,50-PSOL/18-REDE,FEDERAÇÃO PSOL REDE,FEDERAÇÃO,MASCULINO,PARDA,1,44,ENSINO MÉDIO COMPLETO,DIVORCIADO(A),MOTORISTA DE VEÍCULOS DE TRANSPORTE DE CARGA,,NÃO ELEITO,0,233,
DEPUTADO ESTADUAL,1,13579,160002542243,ELISANGELA TOMBA,ELISANGELA APARECIDA TOMBA,,13,PT,PARTIDO DOS TRABALHADORES,13-PT/65-PC do B/43-PV,FEDERAÇÃO BRASIL DA ESPERANÇA - FE BRASIL,FEDERAÇÃO,FEMININO,BRANCA,0,48,SUPERIOR COMPLETO,SOLTEIRO(A),PROFESSOR DE ENSINO FUNDAMENTAL,,SUPLENTE,0,228,
DEPUTADO ESTADUAL,1,10321,160002547551,EVANDRO DA UNIFAMMA,EVANDRO BUQUERA DE FREITAS OLIVEIRA,,10,REPUBLICANOS,REPUBLICANOS,,,PARTIDO ISOLADO,MASCULINO,BRANCA,0,62,SUPERIOR INCOMPLETO,DIVORCIADO(A),EMPRESÁRIO,,SUPLENTE,0,227,
DEPUTADO ESTADUAL,1,45474,160002552783,FLAVIA DA ZOMBIE WALK,FLAVIA LUIZA NOGUEIRA DOS SANTOS,,45,PSDB,PARTIDO DA SOCIAL DEMOCRACIA BRASILEIRA,45-PSDB/23-CIDADANIA,FEDERAÇÃO PSDB CIDADANIA,FEDERAÇÃO,FEMININO,BRANCA,0,52,SUPERIOR COMPLETO,CASADO(A),PRODUTOR DE ESPETÁCULOS PÚBLICOS,,NÃO ELEITO,0,227,
DEPUTADO ESTADUAL,1,20190,160002547511,ROBERTO ACIOLLI,JOSE ROBERTO ACIOLLI DOS SANTOS,,20,PODE,PODEMOS,,,PARTIDO ISOLADO,MASCULINO,BRANCA,0,68,ENSINO MÉDIO COMPLETO,CASADO(A),JORNALISTA E REDATOR,,SUPLENTE,0,223,
DEPUTADO ESTADUAL,1,55129,160002546845,WILSON SAVIO,WILSON SAVIO PAULINO,,55,PSD,PARTIDO SOCIAL DEMOCRÁTICO,,,PARTIDO ISOLADO,MASCULINO,PRETA,1,56,SUPERIOR COMPLETO,CASADO(A),ANALISTA DE SISTEMAS,,SUPLENTE,0,223,
DEPUTADO ESTADUAL,1,55700,160002546814,DRA. ROSELIA FURMAN,ROSELIA FURMAN CARNEIRO DA SILVA,,55,PSD,PARTIDO SOCIAL DEMOCRÁTICO,,,PARTIDO ISOLADO,FEMININO,BRANCA,0,50,SUPERIOR COMPLETO,VIÚVO(A),ADVOGADO,,SUPLENTE,0,223,
DEPUTADO ESTADUAL,1,14039,160002551176,ALESSANDRA LIMA,ALESSANDRA PIEROBOM DOS SANTOS LIMA,,14,MISSÃO,PARTIDO MISSÃO,,,PARTIDO ISOLADO,FEMININO,BRANCA,0,26,ENSINO MÉDIO COMPLETO,SOLTEIRO(A),REPRESENTANTE COMERCIAL,,NÃO ELEITO,0,221,
DEPUTADO ESTADUAL,1,55660,160002546839,SARGENTO NELSON,NELSON RAIMUNDO FILHO,,55,PSD,PARTIDO SOCIAL DEMOCRÁTICO,,,PARTIDO ISOLADO,MASCULINO,BRANCA,0,41,SUPERIOR COMPLETO,SOLTEIRO(A),POLICIAL MILITAR,,SUPLENTE,0,221,
DEPUTADO ESTADUAL,1,22722,160002547598,EMANUEL VENZO,EMANUEL VITOR VENZO,,22,PL,PARTIDO LIBERAL,,,PARTIDO ISOLADO,MASCULINO,BRANCA,0,36,SUPERIOR COMPLETO,CASADO(A),VENDEDOR DE COMÉRCIO VAREJISTA E ATACADISTA,,SUPLENTE,0,216,
DEPUTADO ESTADUAL,1,14143,160002551162,ALINE FRANZON,ALINE DE SOUZA FRANZON,,14,MISSÃO,PARTIDO MISSÃO,,,PARTIDO ISOLADO,FEMININO,PARDA,1,38,SUPERIOR COMPLETO,CASADO(A),PROFESSOR DE ENSINO MÉDIO,,NÃO ELEITO,0,214,
DEPUTADO ESTADUAL,1,22789,160002547607,GISELLI BIANCHINI,GISELLI PATRICIA CAETANO DE LIMA BIANCHINI,,22,PL,PARTIDO LIBERAL,,,PARTIDO ISOLADO,FEMININO,BRANCA,0,44,SUPERIOR COMPLETO,CASADO(A),VEREADOR,,SUPLENTE,0,214,
DEPUTADO ESTADUAL,1,15005,160002547700,DR KOSMOS,KOSMOS PANAYOTIS NICOLAOU,,15,MDB,MOVIMENTO DEMOCRÁTICO BRASILEIRO,,,PARTIDO ISOLADO,MASCULINO,BRANCA,0,70,SUPERIOR COMPLETO,CASADO(A),MÉDICO,,SUPLENTE,0,212,
DEPUTADO ESTADUAL,1,22014,160002547635,DR BATISTA,MANOEL BATISTA DA SILVA JUNIOR,,22,PL,PARTIDO LIBERAL,,,PARTIDO ISOLADO,MASCULINO,BRANCA,0,73,SUPERIOR INCOMPLETO,CASADO(A),MÉDICO,,SUPLENTE,0,211,
DEPUTADO ESTADUAL,1,23933,160002554377,MANINHO DAS FRUTAS,LUIZ CARLOS DOS SANTOS,,23,CIDADANIA,CIDADANIA,45-PSDB/23-CIDADANIA,FEDERAÇÃO PSDB CIDADANIA,FEDERAÇÃO,MASCULINO,PRETA,1,58,ENSINO MÉDIO INCOMPLETO,CASADO(A),OUTROS,,NÃO ELEITO,0,210,
DEPUTADO ESTADUAL,1,55001,160002546811,FLAVIO MANTOVANI,JANDERSON FLAVIO MANTOVANI,,55,PSD,PARTIDO SOCIAL DEMOCRÁTICO,,,PARTIDO ISOLADO,MASCULINO,BRANCA,0,47,SUPERIOR COMPLETO,CASADO(A),ADVOGADO,,SUPLENTE,0,210,
DEPUTADO ESTADUAL,1,15228,160002547680,ROSANGELA ROQUE,ROSANGELA BUENO DA SILVA ROQUE,,15,MDB,MOVIMENTO DEMOCRÁTICO BRASILEIRO,,,PARTIDO ISOLADO,FEMININO,BRANCA,0,59,ENSINO MÉDIO COMPLETO,CASADO(A),PEDAGOGO,,SUPLENTE,0,202,
DEPUTADO ESTADUAL,1,20369,160002547492,SOCORRO MORIYA,MARIA DO SOCORRO LIMA DA SILVA,,20,PODE,PODEMOS,,,PARTIDO ISOLADO,FEMININO,BRANCA,0,45,ENSINO MÉDIO INCOMPLETO,CASADO(A),EMPRESÁRIO,,SUPLENTE,0,202,
DEPUTADO ESTADUAL,1,20321,160002547499,JUCA,JOÃO EDUARDO DOS SANTOS,,20,PODE,PODEMOS,,,PARTIDO ISOLADO,MASCULINO,BRANCA,0,27,SUPERIOR COMPLETO,CASADO(A),SERVIDOR PÚBLICO MUNICIPAL,,SUPLENTE,0,201,
DEPUTADO ESTADUAL,1,45134,160002552831,GIOVANNI COSENZA,GIOVANNI AMARAL COSENZA,,45,PSDB,PARTIDO DA SOCIAL DEMOCRACIA BRASILEIRA,45-PSDB/23-CIDADANIA,FEDERAÇÃO PSDB CIDADANIA,FEDERAÇÃO,MASCULINO,BRANCA,0,30,SUPERIOR COMPLETO,SOLTEIRO(A),PRODUTOR DE ESPETÁCULOS PÚBLICOS,,NÃO ELEITO,0,200,
DEPUTADO ESTADUAL,1,12007,160002546883,PROFESSOR JOSMAR,JOSMAR DE JESUS BATISTA,,12,PDT,PARTIDO DEMOCRÁTICO TRABALHISTA,,,PARTIDO ISOLADO,MASCULINO,PARDA,1,52,SUPERIOR COMPLETO,SOLTEIRO(A),PROFESSOR DE ENSINO MÉDIO,,SUPLENTE,0,195,
DEPUTADO ESTADUAL,1,77300,160002553382,LEANDRO DA ACADEMIA,LEANDRO ANDRADE PRETO,,77,SOLIDARIEDADE,SOLIDARIEDADE,25-PRD/77-SOLIDARIEDADE,FEDERAÇÃO RENOVAÇÃO SOLIDÁRIA,FEDERAÇÃO,MASCULINO,BRANCA,0,44,SUPERIOR COMPLETO,CASADO(A),EMPRESÁRIO,,NÃO ELEITO,0,195,
DEPUTADO ESTADUAL,1,13700,160002542262,DR. ODARLONE,ODARLONE SANTOS DE SOUZA ORENTE,,13,PT,PARTIDO DOS TRABALHADORES,13-PT/65-PC do B/43-PV,FEDERAÇÃO BRASIL DA ESPERANÇA - FE BRASIL,FEDERAÇÃO,MASCULINO,PRETA,1,46,SUPERIOR COMPLETO,SOLTEIRO(A),SERVIDOR PÚBLICO MUNICIPAL,,SUPLENTE,0,194,
DEPUTADO ESTADUAL,1,15038,160002547692,CABO CESAR AUGUSTO,CESAR AUGUSTO DE OLIVEIRA,,15,MDB,MOVIMENTO DEMOCRÁTICO BRASILEIRO,,,PARTIDO ISOLADO,MASCULINO,PARDA,1,40,SUPERIOR COMPLETO,CASADO(A),POLICIAL MILITAR,,SUPLENTE,0,185,
DEPUTADO ESTADUAL,1,45678,160002552793,PROFESSOR FÁBIO,FABIO RICARDO ALVES,,45,PSDB,PARTIDO DA SOCIAL DEMOCRACIA BRASILEIRA,45-PSDB/23-CIDADANIA,FEDERAÇÃO PSDB CIDADANIA,FEDERAÇÃO,MASCULINO,BRANCA,0,53,SUPERIOR COMPLETO,CASADO(A),PROFESSOR DE ENSINO MÉDIO,,NÃO ELEITO,0,184,
DEPUTADO ESTADUAL,1,70357,160002547392,CABO MOHR,MARCOS VINICIUS SOUZA MOHR,,70,AVANTE,AVANTE,,,PARTIDO ISOLADO,MASCULINO,PARDA,1,43,SUPERIOR COMPLETO,CASADO(A),SERVIDOR PÚBLICO ESTADUAL,,NÃO ELEITO,0,182,
DEPUTADO ESTADUAL,1,18021,160002547767,MAURÍCIO FREITAS,MAURICIO ANTONIO DE FREITAS,,18,REDE,REDE SUSTENTABILIDADE,50-PSOL/18-REDE,FEDERAÇÃO PSOL REDE,FEDERAÇÃO,MASCULINO,BRANCA,0,58,ENSINO FUNDAMENTAL INCOMPLETO,SOLTEIRO(A),COMERCIANTE,,NÃO ELEITO,0,180,
DEPUTADO ESTADUAL,1,30999,160002542364,JOELCIO DOS SANTOS,JOELCIO DOS SANTOS,,30,NOVO,PARTIDO NOVO,,,PARTIDO ISOLADO,MASCULINO,BRANCA,0,55,SUPERIOR COMPLETO,CASADO(A),GERENTE,,SUPLENTE,0,176,
DEPUTADO ESTADUAL,1,13456,160002542280,ROBERTO DE SOUZA,ROBERTO DE SOUZA,,13,PT,PARTIDO DOS TRABALHADORES,13-PT/65-PC do B/43-PV,FEDERAÇÃO BRASIL DA ESPERANÇA - FE BRASIL,FEDERAÇÃO,MASCULINO,BRANCA,0,39,SUPERIOR COMPLETO,SOLTEIRO(A),VEREADOR,,SUPLENTE,0,174,
DEPUTADO ESTADUAL,1,11888,160002552576,MICHEL GIOVANELLA,MICHEL LEE GIOVANELLA,,11,PP,PROGRESSISTAS,44-UNIÃO/11-PP,FEDERAÇÃO UNIÃO PROGRESSISTA,FEDERAÇÃO,MASCULINO,BRANCA,0,43,SUPERIOR COMPLETO,CASADO(A),POLICIAL MILITAR,,SUPLENTE,0,172,
DEPUTADO ESTADUAL,1,10333,160002547556,PATRICIA SOARES,ELISANDRA PATRICIA SOARES,,10,REPUBLICANOS,REPUBLICANOS,,,PARTIDO ISOLADO,FEMININO,BRANCA,0,39,SUPERIOR COMPLETO,SOLTEIRO(A),OUTROS,,SUPLENTE,0,171,
DEPUTADO ESTADUAL,1,22252,160002547626,NOEMI FRÓES,NOEMI FROES DOS SANTOS,,22,PL,PARTIDO LIBERAL,,,PARTIDO ISOLADO,FEMININO,BRANCA,0,66,SUPERIOR COMPLETO,SOLTEIRO(A),APOSENTADO (EXCETO SERVIDOR PÚBLICO),,SUPLENTE,0,171,
DEPUTADO ESTADUAL,1,65000,160002542273,MAGÁLI ZAMBÃO,MAGALI GENERO,,65,PCDOB,PARTIDO COMUNISTA DO BRASIL,13-PT/65-PC do B/43-PV,FEDERAÇÃO BRASIL DA ESPERANÇA - FE BRASIL,FEDERAÇÃO,FEMININO,BRANCA,0,50,SUPERIOR INCOMPLETO,CASADO(A),VENDEDOR DE COMÉRCIO VAREJISTA E ATACADISTA,,SUPLENTE,0,170,
DEPUTADO ESTADUAL,1,12122,160002546857,LEMUEL DO SALVANDO VIDAS,LEMUEL WILSON RODRIGUES,,12,PDT,PARTIDO DEMOCRÁTICO TRABALHISTA,,,PARTIDO ISOLADO,MASCULINO,PARDA,1,32,ENSINO MÉDIO COMPLETO,SOLTEIRO(A),VEREADOR,,SUPLENTE,0,169,
DEPUTADO ESTADUAL,1,22410,160002547599,AMIGO JOEL,JOEL ESTEFANO IATSKIU,,22,PL,PARTIDO LIBERAL,,,PARTIDO ISOLADO,MASCULINO,BRANCA,0,60,ENSINO MÉDIO COMPLETO,CASADO(A),EMPRESÁRIO,,SUPLENTE,0,167,
DEPUTADO ESTADUAL,1,70111,160002547941,DIRCEU DA APOSENTADORIA,DIRCEU DE LIMA,,70,AVANTE,AVANTE,,,PARTIDO ISOLADO,MASCULINO,BRANCA,0,55,ENSINO MÉDIO COMPLETO,DIVORCIADO(A),OUTROS,,NÃO ELEITO,0,167,
DEPUTADO ESTADUAL,1,35203,160002553675,ENFERMEIRA MARISLEIDY,MARISLEIDY APARECIDA FERREIRA RAMA,,35,DEMOCRATA,DEMOCRATA,,,PARTIDO ISOLADO,FEMININO,BRANCA,0,45,SUPERIOR COMPLETO,SOLTEIRO(A),ENFERMEIRO,,NÃO ELEITO,0,166,
DEPUTADO ESTADUAL,1,12220,160002546860,DRA. DAYANE CORDEIRO,DAYANE CORDEIRO DA SILVEIRA,,12,PDT,PARTIDO DEMOCRÁTICO TRABALHISTA,,,PARTIDO ISOLADO,FEMININO,BRANCA,0,41,SUPERIOR COMPLETO,SOLTEIRO(A),ADVOGADO,,SUPLENTE,0,165,
DEPUTADO ESTADUAL,1,45555,160002552823,SILVINHO DA COMUNIDADE,SILVINHO PEREIRA RIBEIRO,,45,PSDB,PARTIDO DA SOCIAL DEMOCRACIA BRASILEIRA,45-PSDB/23-CIDADANIA,FEDERAÇÃO PSDB CIDADANIA,FEDERAÇÃO,MASCULINO,PARDA,1,44,ENSINO MÉDIO COMPLETO,CASADO(A),OUTROS,,NÃO ELEITO,0,163,
DEPUTADO ESTADUAL,1,13022,160002542278,VALTER DO PT,VALTER ANTONIO PEREIRA,,13,PT,PARTIDO DOS TRABALHADORES,13-PT/65-PC do B/43-PV,FEDERAÇÃO BRASIL DA ESPERANÇA - FE BRASIL,FEDERAÇÃO,MASCULINO,BRANCA,0,70,ENSINO MÉDIO COMPLETO,SEPARADO(A) JUDICIALMENTE,SERVIDOR PÚBLICO CIVIL APOSENTADO,,SUPLENTE,0,161,
DEPUTADO ESTADUAL,1,20050,160002554184,MARCOS MARTINS,MARCOS EDUARDO LIMA MARTINS,,20,PODE,PODEMOS,,,PARTIDO ISOLADO,MASCULINO,BRANCA,0,26,ENSINO MÉDIO COMPLETO,CASADO(A),OUTROS,,SUPLENTE,0,158,
DEPUTADO ESTADUAL,1,30190,160002542375,DANNY AROUCA,DANIELA ALZIRA DA SILVA AROUCA BONAN,,30,NOVO,PARTIDO NOVO,,,PARTIDO ISOLADO,FEMININO,PRETA,1,45,SUPERIOR COMPLETO,CASADO(A),POLICIAL MILITAR,,SUPLENTE,0,157,
DEPUTADO ESTADUAL,1,45860,160002552801,SOLANGE OPALEIRA,SOLANGE APARECIDA SOARES PIMPAO,,45,PSDB,PARTIDO DA SOCIAL DEMOCRACIA BRASILEIRA,45-PSDB/23-CIDADANIA,FEDERAÇÃO PSDB CIDADANIA,FEDERAÇÃO,FEMININO,PARDA,1,56,ENSINO MÉDIO COMPLETO,CASADO(A),MASSAGISTA,,NÃO ELEITO,0,157,
DEPUTADO ESTADUAL,1,22656,160002547639,MICHEL BECKER,MICHEL FERNANDO BECKER,,22,PL,PARTIDO LIBERAL,,,PARTIDO ISOLADO,MASCULINO,BRANCA,0,35,SUPERIOR COMPLETO,SOLTEIRO(A),EMPRESÁRIO,,SUPLENTE,0,155,
DEPUTADO ESTADUAL,1,10010,160002547558,JUNINHO,MARIO JUNIO KAZUO DA SILVA,,10,REPUBLICANOS,REPUBLICANOS,,,PARTIDO ISOLADO,MASCULINO,BRANCA,0,47,SUPERIOR COMPLETO,CASADO(A),EMPRESÁRIO,,SUPLENTE,0,153,
DEPUTADO ESTADUAL,1,20128,160002547510,DR MAICOL,MAICOL GEISON CALLEGARI RODRIGUES BARBOSA,,20,PODE,PODEMOS,,,PARTIDO ISOLADO,MASCULINO,BRANCA,0,42,SUPERIOR COMPLETO,CASADO(A),MÉDICO,,SUPLENTE,0,151,
DEPUTADO ESTADUAL,1,55321,160002546847,INES DA SAÚDE,INES WEIZEMANN DOS SANTOS,,55,PSD,PARTIDO SOCIAL DEMOCRÁTICO,,,PARTIDO ISOLADO,FEMININO,BRANCA,0,65,SUPERIOR COMPLETO,CASADO(A),OUTROS,,SUPLENTE,0,151,
DEPUTADO ESTADUAL,1,23300,160002552810,CRISTIANO BIZZOTTO,CRISTIANO BIZZOTTO,,23,CIDADANIA,CIDADANIA,45-PSDB/23-CIDADANIA,FEDERAÇÃO PSDB CIDADANIA,FEDERAÇÃO,MASCULINO,BRANCA,0,47,ENSINO MÉDIO COMPLETO,DIVORCIADO(A),EMPRESÁRIO,,NÃO ELEITO,0,149,
DEPUTADO ESTADUAL,1,18555,160002547745,CLÓVIS MARQUES,CLOVIS MARQUES LIMA,,18,REDE,REDE SUSTENTABILIDADE,50-PSOL/18-REDE,FEDERAÇÃO PSOL REDE,FEDERAÇÃO,MASCULINO,BRANCA,0,60,ENSINO MÉDIO COMPLETO,SOLTEIRO(A),OUTROS,,NÃO ELEITO,0,147,
DEPUTADO ESTADUAL,1,45722,160002552805,ELIS JAPONES FARMACIA MORITA,ELIZ REGINA DE MELO FUJIHARU,,45,PSDB,PARTIDO DA SOCIAL DEMOCRACIA BRASILEIRA,45-PSDB/23-CIDADANIA,FEDERAÇÃO PSDB CIDADANIA,FEDERAÇÃO,FEMININO,BRANCA,0,54,ENSINO MÉDIO COMPLETO,CASADO(A),OUTROS,,NÃO ELEITO,0,147,
DEPUTADO ESTADUAL,1,20100,160002547533,FABINHO GASPAR,FABIO JUNIOR GASPAR,,20,PODE,PODEMOS,,,PARTIDO ISOLADO,MASCULINO,BRANCA,0,38,SUPERIOR INCOMPLETO,CASADO(A),LOCUTOR E COMENTARISTA DE RÁDIO E TELEVISÃO E RADIALISTA,,SUPLENTE,0,146,
DEPUTADO ESTADUAL,1,18000,160002547729,MAGALHÃES DO TATUQUARA,AIRTON APARECIDO DE MAGALHAES,,18,REDE,REDE SUSTENTABILIDADE,50-PSOL/18-REDE,FEDERAÇÃO PSOL REDE,FEDERAÇÃO,MASCULINO,BRANCA,0,59,ENSINO FUNDAMENTAL INCOMPLETO,SOLTEIRO(A),OUTROS,,NÃO ELEITO,0,145,
DEPUTADO ESTADUAL,1,20077,160002547519,CRIS LOPES,CRISTIANE LOPES,,20,PODE,PODEMOS,,,PARTIDO ISOLADO,FEMININO,BRANCA,0,58,SUPERIOR COMPLETO,DIVORCIADO(A),ARQUITETO,,SUPLENTE,0,145,
DEPUTADO ESTADUAL,1,13007,160002542265,VERA NOGUEIRA,VERA LUCIA PEDROSO NOGUEIRA,,13,PT,PARTIDO DOS TRABALHADORES,13-PT/65-PC do B/43-PV,FEDERAÇÃO BRASIL DA ESPERANÇA - FE BRASIL,FEDERAÇÃO,FEMININO,BRANCA,0,61,SUPERIOR COMPLETO,CASADO(A),AGENTE ADMINISTRATIVO,,SUPLENTE,0,143,
DEPUTADO ESTADUAL,1,14141,160002551155,DYAMOND PIRES,DYAMOND PIRES,,14,MISSÃO,PARTIDO MISSÃO,,,PARTIDO ISOLADO,MASCULINO,BRANCA,0,33,ENSINO FUNDAMENTAL INCOMPLETO,SOLTEIRO(A),MOTORISTA PARTICULAR,,NÃO ELEITO,0,143,
DEPUTADO ESTADUAL,1,15026,160002547701,PROFESSOR NEVES,ANTONIO DAS NEVES,,15,MDB,MOVIMENTO DEMOCRÁTICO BRASILEIRO,,,PARTIDO ISOLADO,MASCULINO,PARDA,1,66,SUPERIOR COMPLETO,CASADO(A),SERVIDOR PÚBLICO ESTADUAL,,SUPLENTE,0,141,
DEPUTADO ESTADUAL,1,45115,160002552817,GETULIO BRASIL,JAIRO MOREIRA BRASIL,,45,PSDB,PARTIDO DA SOCIAL DEMOCRACIA BRASILEIRA,45-PSDB/23-CIDADANIA,FEDERAÇÃO PSDB CIDADANIA,FEDERAÇÃO,MASCULINO,PARDA,1,49,ENSINO MÉDIO COMPLETO,SOLTEIRO(A),COMERCIANTE,,NÃO ELEITO,0,141,
DEPUTADO ESTADUAL,1,20300,160002552579,ADALMO CHIMARREANDO,ADALMO ROMILSON ALVES,,20,PODE,PODEMOS,,,PARTIDO ISOLADO,MASCULINO,PARDA,1,63,ENSINO FUNDAMENTAL INCOMPLETO,CASADO(A),EMPRESÁRIO,,SUPLENTE,0,137,
DEPUTADO ESTADUAL,1,20777,160002547491,DR. RUI,RUI BARBOSA FERRO,,20,PODE,PODEMOS,,,PARTIDO ISOLADO,MASCULINO,PARDA,1,51,SUPERIOR COMPLETO,CASADO(A),MÉDICO,,SUPLENTE,0,137,
DEPUTADO ESTADUAL,1,13186,160002542250,ROBERTO NETO,ROBERTO SEVERO DE OLIVEIRA NETO,,13,PT,PARTIDO DOS TRABALHADORES,13-PT/65-PC do B/43-PV,FEDERAÇÃO BRASIL DA ESPERANÇA - FE BRASIL,FEDERAÇÃO,MASCULINO,BRANCA,0,21,SUPERIOR INCOMPLETO,SOLTEIRO(A),"ESTUDANTE, BOLSISTA, ESTAGIÁRIO E ASSEMELHADOS",,SUPLENTE,0,133,
DEPUTADO ESTADUAL,1,20202,160002547536,SAMUCA,SAMUEL ALMEIDA DA SILVA,,20,PODE,PODEMOS,,,PARTIDO ISOLADO,MASCULINO,BRANCA,0,60,SUPERIOR COMPLETO,DIVORCIADO(A),ADVOGADO,,SUPLENTE,0,132,
DEPUTADO ESTADUAL,1,43123,160002542264,DUSO,FERNANDO HENRIQUE TRICHES DUSO,,43,PV,PARTIDO VERDE,13-PT/65-PC do B/43-PV,FEDERAÇÃO BRASIL DA ESPERANÇA - FE BRASIL,FEDERAÇÃO,MASCULINO,BRANCA,0,47,SUPERIOR COMPLETO,CASADO(A),ENGENHEIRO,,SUPLENTE,0,132,
DEPUTADO ESTADUAL,1,77777,160002553389,DAVID COMINO,DAVID COMINO,,77,SOLIDARIEDADE,SOLIDARIEDADE,25-PRD/77-SOLIDARIEDADE,FEDERAÇÃO RENOVAÇÃO SOLIDÁRIA,FEDERAÇÃO,MASCULINO,PRETA,1,47,SUPERIOR COMPLETO,CASADO(A),EMPRESÁRIO,,NÃO ELEITO,0,132,
DEPUTADO ESTADUAL,1,45353,160002552807,MARCIA BROTTO,MARCIA MARIA DA SILVEIRA,,45,PSDB,PARTIDO DA SOCIAL DEMOCRACIA BRASILEIRA,45-PSDB/23-CIDADANIA,FEDERAÇÃO PSDB CIDADANIA,FEDERAÇÃO,FEMININO,BRANCA,0,64,SUPERIOR COMPLETO,SOLTEIRO(A),ADMINISTRADOR,,NÃO ELEITO,0,131,
DEPUTADO ESTADUAL,1,13555,160002542249,STHEFANNY BELTHENCOOR,STHEFANNY BELTHENCOOR DA SILVA BARBOSA,,13,PT,PARTIDO DOS TRABALHADORES,13-PT/65-PC do B/43-PV,FEDERAÇÃO BRASIL DA ESPERANÇA - FE BRASIL,FEDERAÇÃO,FEMININO,PRETA,1,36,ENSINO FUNDAMENTAL INCOMPLETO,SOLTEIRO(A),OUTROS,,SUPLENTE,0,129,
DEPUTADO ESTADUAL,1,22456,160002547625,ÍNDIO DONATTI,EDVANDER MARCELO DONATTI,,22,PL,PARTIDO LIBERAL,,,PARTIDO ISOLADO,MASCULINO,BRANCA,0,54,ENSINO MÉDIO COMPLETO,CASADO(A),EMPRESÁRIO,,SUPLENTE,0,128,
DEPUTADO ESTADUAL,1,55100,160002546817,MARIA CLARA,MARIA CLARA GOMES FERREIRA BUARQUE,,55,PSD,PARTIDO SOCIAL DEMOCRÁTICO,,,PARTIDO ISOLADO,FEMININO,BRANCA,0,25,SUPERIOR COMPLETO,SOLTEIRO(A),VEREADOR,,SUPLENTE,0,128,
DEPUTADO ESTADUAL,1,22148,160002547596,MAPÊ,MARCIA PEREIRA DA SILVA,,22,PL,PARTIDO LIBERAL,,,PARTIDO ISOLADO,FEMININO,PARDA,1,37,SUPERIOR COMPLETO,DIVORCIADO(A),COMUNICÓLOGO,,SUPLENTE,0,127,
DEPUTADO ESTADUAL,1,33321,160002549505,VICTOR HUGO,VICTOR HUGO SAMPAIO CORREA,,33,MOBILIZA,MOBILIZAÇÃO NACIONAL,,,PARTIDO ISOLADO,MASCULINO,BRANCA,0,39,SUPERIOR INCOMPLETO,SOLTEIRO(A),OUTROS,,NÃO ELEITO,0,126,
DEPUTADO ESTADUAL,1,44044,160002533448,ALBORGHETTI,MARCIO LUIZ DE ALBORGHETTI,,44,UNIÃO,UNIÃO BRASIL,44-UNIÃO/11-PP,FEDERAÇÃO UNIÃO PROGRESSISTA,FEDERAÇÃO,MASCULINO,BRANCA,0,55,ENSINO MÉDIO INCOMPLETO,DIVORCIADO(A),JORNALISTA E REDATOR,,NÃO ELEITO,0,125,
DEPUTADO ESTADUAL,1,44129,160002533452,BETH BAGRÃO,ELISABETE GUARDA RODRIGUES,,44,UNIÃO,UNIÃO BRASIL,44-UNIÃO/11-PP,FEDERAÇÃO UNIÃO PROGRESSISTA,FEDERAÇÃO,FEMININO,BRANCA,0,50,ENSINO FUNDAMENTAL INCOMPLETO,CASADO(A),COMERCIANTE,,SUPLENTE,0,125,
DEPUTADO ESTADUAL,1,13233,160002542245,INÁCIO WERLE,INACIO JOSE WERLE,,13,PT,PARTIDO DOS TRABALHADORES,13-PT/65-PC do B/43-PV,FEDERAÇÃO BRASIL DA ESPERANÇA - FE BRASIL,FEDERAÇÃO,MASCULINO,BRANCA,0,55,SUPERIOR COMPLETO,CASADO(A),AGRICULTOR,,SUPLENTE,0,124,
DEPUTADO ESTADUAL,1,14011,160002551152,ERICA GONÇALVES,ERICA DE FREITAS GONÇALVES,,14,MISSÃO,PARTIDO MISSÃO,,,PARTIDO ISOLADO,FEMININO,BRANCA,0,30,SUPERIOR COMPLETO,CASADO(A),PROFESSOR DE ENSINO MÉDIO,,NÃO ELEITO,0,124,
DEPUTADO ESTADUAL,1,16123,160002547651,BIA BREHM,BIANCA BREHM,,16,PSTU,PARTIDO SOCIALISTA  DOS TRABALHADORES UNIFICADO,,,PARTIDO ISOLADO,FEMININO,BRANCA,0,28,ENSINO MÉDIO COMPLETO,SOLTEIRO(A),"ESTUDANTE, BOLSISTA, ESTAGIÁRIO E ASSEMELHADOS",,NÃO ELEITO,0,124,
DEPUTADO ESTADUAL,1,22025,160002547603,JANE MARREE,JANE APARECIDA DA SILVA,,22,PL,PARTIDO LIBERAL,,,PARTIDO ISOLADO,FEMININO,BRANCA,0,54,SUPERIOR INCOMPLETO,SOLTEIRO(A),EMPRESÁRIO,,SUPLENTE,0,124,
DEPUTADO ESTADUAL,1,20033,160002547505,PROFESSORA LURDINHA,MARIA DE LOURDES BERTANI,,20,PODE,PODEMOS,,,PARTIDO ISOLADO,FEMININO,BRANCA,0,67,SUPERIOR COMPLETO,SEPARADO(A) JUDICIALMENTE,SERVIDOR PÚBLICO CIVIL APOSENTADO,,SUPLENTE,0,123,
DEPUTADO ESTADUAL,1,20333,160002547513,JEAN NAISER,JEAN ABEL DUARTE NAISER,,20,PODE,PODEMOS,,,PARTIDO ISOLADO,MASCULINO,BRANCA,0,48,SUPERIOR COMPLETO,SOLTEIRO(A),EMPRESÁRIO,,SUPLENTE,0,123,
DEPUTADO ESTADUAL,1,44411,160002533463,TEKA DOS ANIMAIS,TEREZINHA GRUDESKI,,44,UNIÃO,UNIÃO BRASIL,44-UNIÃO/11-PP,FEDERAÇÃO UNIÃO PROGRESSISTA,FEDERAÇÃO,FEMININO,BRANCA,0,50,SUPERIOR COMPLETO,SOLTEIRO(A),VEREADOR,,SUPLENTE,0,121,
DEPUTADO ESTADUAL,1,33333,160002549508,JOÃO NASCIMENTO,JOÃO CARLOS DO NASCIMENTO,,33,MOBILIZA,MOBILIZAÇÃO NACIONAL,,,PARTIDO ISOLADO,MASCULINO,PRETA,1,62,SUPERIOR COMPLETO,DIVORCIADO(A),ENGENHEIRO,,NÃO ELEITO,0,120,
DEPUTADO ESTADUAL,1,13116,160002542270,IVAN KAINGANG,IVAN BRIBIS RODRIGUES,,13,PT,PARTIDO DOS TRABALHADORES,13-PT/65-PC do B/43-PV,FEDERAÇÃO BRASIL DA ESPERANÇA - FE BRASIL,FEDERAÇÃO,MASCULINO,INDÍGENA,0,51,SUPERIOR COMPLETO,SOLTEIRO(A),OUTROS,,SUPLENTE,0,119,
DEPUTADO ESTADUAL,1,30003,160002542373,SAMMY GOMES,SAMMY DEYVES GOMES DE SOUZA,,30,NOVO,PARTIDO NOVO,,,PARTIDO ISOLADO,MASCULINO,PRETA,1,50,SUPERIOR COMPLETO,SOLTEIRO(A),ADVOGADO,,SUPLENTE,0,119,
DEPUTADO ESTADUAL,1,33012,160002549506,VANESSA AGUIAR,VANESSA AGUIAR,,33,MOBILIZA,MOBILIZAÇÃO NACIONAL,,,PARTIDO ISOLADO,FEMININO,PARDA,1,36,SUPERIOR COMPLETO,CASADO(A),ADVOGADO,,NÃO ELEITO,0,119,
DEPUTADO ESTADUAL,1,50050,160002547737,EDUARDO FUJIKAWA,EDUARDO YOCHIMITSU FUJIKAWA,,50,PSOL,PARTIDO SOCIALISMO E LIBERDADE,50-PSOL/18-REDE,FEDERAÇÃO PSOL REDE,FEDERAÇÃO,MASCULINO,AMARELA,0,63,SUPERIOR INCOMPLETO,DIVORCIADO(A),"TÉCNICO DE ELETRICIDADE, ELETRÔNICA E TELECOMUNICAÇÕES",,NÃO ELEITO,0,119,
DEPUTADO ESTADUAL,1,10190,160002547553,CABO ESPINDOLA,DEOCLIDES ESPINDOLA DOS SANTOS JUNIOR,,10,REPUBLICANOS,REPUBLICANOS,,,PARTIDO ISOLADO,MASCULINO,PRETA,1,40,SUPERIOR COMPLETO,SOLTEIRO(A),POLICIAL MILITAR,,SUPLENTE,0,118,
DEPUTADO ESTADUAL,1,70222,160002547950,PROFESSOR PABLO JAMILK,PABLO JAMILK FLORES,,70,AVANTE,AVANTE,,,PARTIDO ISOLADO,MASCULINO,BRANCA,0,39,SUPERIOR COMPLETO,SOLTEIRO(A),PROFESSOR E INSTRUTOR DE FORMAÇÃO PROFISSIONAL,,NÃO ELEITO,0,114,
DEPUTADO ESTADUAL,1,77000,160002553385,CASSIO KOTRICH,CASSIO JULIANO PEREIRA KOTRICH,,77,SOLIDARIEDADE,SOLIDARIEDADE,25-PRD/77-SOLIDARIEDADE,FEDERAÇÃO RENOVAÇÃO SOLIDÁRIA,FEDERAÇÃO,MASCULINO,BRANCA,0,31,SUPERIOR INCOMPLETO,SOLTEIRO(A),EMPRESÁRIO,,NÃO ELEITO,0,114,
DEPUTADO ESTADUAL,1,30963,160002542368,RENATA TOMAZ,RENATA FARIAS TOMAZ,,30,NOVO,PARTIDO NOVO,,,PARTIDO ISOLADO,FEMININO,BRANCA,0,37,SUPERIOR COMPLETO,CASADO(A),EMPRESÁRIO,,SUPLENTE,0,113,
DEPUTADO ESTADUAL,1,70100,160002547397,CARON,CASSIANO CARON SOBRAL DE JESUS,,70,AVANTE,AVANTE,,,PARTIDO ISOLADO,MASCULINO,BRANCA,0,44,SUPERIOR COMPLETO,CASADO(A),EMPRESÁRIO,,NÃO ELEITO,0,113,
DEPUTADO ESTADUAL,1,30042,160002542354,SARGENTO STÉFANUS,STÉFANUS ALEXSSANDRO FRANÇA NOGUEIRA,,30,NOVO,PARTIDO NOVO,,,PARTIDO ISOLADO,MASCULINO,BRANCA,0,58,SUPERIOR COMPLETO,CASADO(A),MILITAR REFORMADO,,SUPLENTE,0,108,
DEPUTADO ESTADUAL,1,55701,160002546812,DRA. MARCIA,MARCIA PEREIRA DA SILVA,,55,PSD,PARTIDO SOCIAL DEMOCRÁTICO,,,PARTIDO ISOLADO,FEMININO,BRANCA,0,54,SUPERIOR COMPLETO,DIVORCIADO(A),MÉDICO,,SUPLENTE,0,108,
DEPUTADO ESTADUAL,1,13190,160002542257,DAIANE MORAIS,DAIANE GUSMÃO MORAIS,,13,PT,PARTIDO DOS TRABALHADORES,13-PT/65-PC do B/43-PV,FEDERAÇÃO BRASIL DA ESPERANÇA - FE BRASIL,FEDERAÇÃO,FEMININO,BRANCA,0,34,SUPERIOR COMPLETO,SOLTEIRO(A),SERVIDOR PÚBLICO MUNICIPAL,,SUPLENTE,0,107,
DEPUTADO ESTADUAL,1,45337,160002552797,IVO DA CT VITORIA,IVO ROSA DE MORAIS,,45,PSDB,PARTIDO DA SOCIAL DEMOCRACIA BRASILEIRA,45-PSDB/23-CIDADANIA,FEDERAÇÃO PSDB CIDADANIA,FEDERAÇÃO,MASCULINO,PRETA,1,58,ENSINO MÉDIO COMPLETO,CASADO(A),OUTROS,,NÃO ELEITO,0,107,
DEPUTADO ESTADUAL,1,15500,160002547698,BETO LUNITTI,LUÍS ADALBERTO BETO LUNITTI PAGNUSSATT,,15,MDB,MOVIMENTO DEMOCRÁTICO BRASILEIRO,,,PARTIDO ISOLADO,MASCULINO,BRANCA,0,62,SUPERIOR COMPLETO,CASADO(A),APOSENTADO (EXCETO SERVIDOR PÚBLICO),,SUPLENTE,0,105,
DEPUTADO ESTADUAL,1,15545,160002547678,SONIA MILHEIRO EVENTOS,ROSA SONIA MILHEIRO,,15,MDB,MOVIMENTO DEMOCRÁTICO BRASILEIRO,,,PARTIDO ISOLADO,FEMININO,BRANCA,0,49,ENSINO MÉDIO COMPLETO,SOLTEIRO(A),DECORADOR,,SUPLENTE,0,104,
DEPUTADO ESTADUAL,1,44000,160002533444,CEZAR BATATINHA,ALCIDES CEZAR PINTO,,44,UNIÃO,UNIÃO BRASIL,44-UNIÃO/11-PP,FEDERAÇÃO UNIÃO PROGRESSISTA,FEDERAÇÃO,MASCULINO,BRANCA,0,29,SUPERIOR INCOMPLETO,CASADO(A),EMPRESÁRIO,,SUPLENTE,0,102,
DEPUTADO ESTADUAL,1,55194,160002554287,MAITE BRUSMAN,MAITÊ DIAS,,55,PSD,PARTIDO SOCIAL DEMOCRÁTICO,,,PARTIDO ISOLADO,FEMININO,PRETA,1,41,SUPERIOR COMPLETO,DIVORCIADO(A),JORNALISTA E REDATOR,,SUPLENTE,0,102,
DEPUTADO ESTADUAL,1,55333,160002546824,KAKONORE DALPRÁ,ELIAN PALMEIRA DE SOUZA,,55,PSD,PARTIDO SOCIAL DEMOCRÁTICO,,,PARTIDO ISOLADO,FEMININO,INDÍGENA,0,51,SUPERIOR COMPLETO,CASADO(A),NUTRICIONISTA E ASSEMELHADOS,,SUPLENTE,0,102,
DEPUTADO ESTADUAL,1,22224,160002547645,DRA CARLA ROSANE,CARLA ROSANE REZENDE DE OLIVEIRA,,22,PL,PARTIDO LIBERAL,,,PARTIDO ISOLADO,FEMININO,BRANCA,0,64,SUPERIOR COMPLETO,SOLTEIRO(A),ADVOGADO,,SUPLENTE,0,101,
DEPUTADO ESTADUAL,1,30040,160002542383,INSTRUTOR DOUGLAS,DOUGLAS IDELCIO NORBERTO,,30,NOVO,PARTIDO NOVO,,,PARTIDO ISOLADO,MASCULINO,PRETA,1,36,SUPERIOR COMPLETO,CASADO(A),EMPRESÁRIO,,SUPLENTE,0,101,
DEPUTADO ESTADUAL,1,45622,160002552819,VALDO PERES,ORIVALDO SOLER PERES,,45,PSDB,PARTIDO DA SOCIAL DEMOCRACIA BRASILEIRA,45-PSDB/23-CIDADANIA,FEDERAÇÃO PSDB CIDADANIA,FEDERAÇÃO,MASCULINO,BRANCA,0,54,ENSINO MÉDIO COMPLETO,DIVORCIADO(A),COMERCIANTE,,NÃO ELEITO,0,100,
DEPUTADO ESTADUAL,1,22027,160002547623,PROFESSORA JENIFER LIMA,JENIFER LIMA,,22,PL,PARTIDO LIBERAL,,,PARTIDO ISOLADO,FEMININO,BRANCA,0,56,SUPERIOR COMPLETO,DIVORCIADO(A),PROFESSOR DE ENSINO SUPERIOR,,SUPLENTE,0,99,
DEPUTADO ESTADUAL,1,14114,160002551183,NATALIE FACCO,NATALIE AMARO DA SILVEIRA FACCO,,14,MISSÃO,PARTIDO MISSÃO,,,PARTIDO ISOLADO,FEMININO,BRANCA,0,38,SUPERIOR INCOMPLETO,DIVORCIADO(A),"ESTUDANTE, BOLSISTA, ESTAGIÁRIO E ASSEMELHADOS",,NÃO ELEITO,0,98,
DEPUTADO ESTADUAL,1,77018,160002553384,IVETE DA PROTEÇÃO ANIMAL,MARIA IVETE NOGACZ,,77,SOLIDARIEDADE,SOLIDARIEDADE,25-PRD/77-SOLIDARIEDADE,FEDERAÇÃO RENOVAÇÃO SOLIDÁRIA,FEDERAÇÃO,FEMININO,BRANCA,0,44,SUPERIOR COMPLETO,SOLTEIRO(A),PROFESSOR DE ENSINO MÉDIO,,NÃO ELEITO,0,98,
DEPUTADO ESTADUAL,1,10100,160002547542,EDUARDO DALA COSTA,EDUARDO ALBANI DALA COSTA,,10,REPUBLICANOS,REPUBLICANOS,,,PARTIDO ISOLADO,MASCULINO,BRANCA,0,34,SUPERIOR COMPLETO,SOLTEIRO(A),ENGENHEIRO,,SUPLENTE,0,96,
DEPUTADO ESTADUAL,1,45845,160002552788,SILVANA ROSA,SILVANA ROSA PEREIRA,,45,PSDB,PARTIDO DA SOCIAL DEMOCRACIA BRASILEIRA,45-PSDB/23-CIDADANIA,FEDERAÇÃO PSDB CIDADANIA,FEDERAÇÃO,FEMININO,BRANCA,0,52,SUPERIOR COMPLETO,SOLTEIRO(A),ATOR E DIRETOR DE ESPETÁCULOS PÚBLICOS,,NÃO ELEITO,0,96,
DEPUTADO ESTADUAL,1,55126,160002546818,MAURICIO SILVA,MAURICIO SILVA,,55,PSD,PARTIDO SOCIAL DEMOCRÁTICO,,,PARTIDO ISOLADO,MASCULINO,BRANCA,0,61,SUPERIOR COMPLETO,CASADO(A),ADVOGADO,,SUPLENTE,0,95,
DEPUTADO ESTADUAL,1,22321,160002547621,VANDERSOM,VANDERSOM VICENTE DUBINSKI,,22,PL,PARTIDO LIBERAL,,,PARTIDO ISOLADO,MASCULINO,BRANCA,0,43,SUPERIOR COMPLETO,CASADO(A),OUTROS,,SUPLENTE,0,94,
DEPUTADO ESTADUAL,1,18022,160002547726,TEREZINHA DO TATUQUARA,TEREZINHA FERREIRA DOS SANTOS DA SILVA,,18,REDE,REDE SUSTENTABILIDADE,50-PSOL/18-REDE,FEDERAÇÃO PSOL REDE,FEDERAÇÃO,FEMININO,PARDA,1,66,ENSINO FUNDAMENTAL COMPLETO,DIVORCIADO(A),DONA DE CASA,,NÃO ELEITO,0,93,
DEPUTADO ESTADUAL,1,80080,160002551047,LOHAN COTA,LOHAN COTA TELES,,80,UP,UNIDADE POPULAR,,,PARTIDO ISOLADO,MASCULINO,BRANCA,0,24,ENSINO MÉDIO INCOMPLETO,SOLTEIRO(A),OUTROS,,NÃO ELEITO,0,92,
DEPUTADO ESTADUAL,1,18545,160002547754,ANDREA GRESYK,ANDREA APARECIDA GRESYK PEREIRA,,18,REDE,REDE SUSTENTABILIDADE,50-PSOL/18-REDE,FEDERAÇÃO PSOL REDE,FEDERAÇÃO,FEMININO,PARDA,1,51,ENSINO FUNDAMENTAL INCOMPLETO,CASADO(A),COZINHEIRO,,NÃO ELEITO,0,90,
DEPUTADO ESTADUAL,1,30033,160002542385,MIGUÉ BRAIA,MIGUEL RODRIGO DA SILVA STADLER,,30,NOVO,PARTIDO NOVO,,,PARTIDO ISOLADO,MASCULINO,BRANCA,0,41,SUPERIOR COMPLETO,DIVORCIADO(A),POLICIAL MILITAR,,SUPLENTE,0,90,
DEPUTADO ESTADUAL,1,44111,160002533457,ANA KERBER,ANA CAROLINE KERBER,,44,UNIÃO,UNIÃO BRASIL,44-UNIÃO/11-PP,FEDERAÇÃO UNIÃO PROGRESSISTA,FEDERAÇÃO,FEMININO,BRANCA,0,40,SUPERIOR COMPLETO,SOLTEIRO(A),NUTRICIONISTA E ASSEMELHADOS,,SUPLENTE,0,90,
DEPUTADO ESTADUAL,1,44456,160002533445,ALEX PAPIN,ALEX MENDONCA PAPIN,,44,UNIÃO,UNIÃO BRASIL,44-UNIÃO/11-PP,FEDERAÇÃO UNIÃO PROGRESSISTA,FEDERAÇÃO,MASCULINO,BRANCA,0,48,SUPERIOR INCOMPLETO,SOLTEIRO(A),EMPRESÁRIO,,SUPLENTE,0,90,
DEPUTADO ESTADUAL,1,45112,160002552820,ADRIALDO CAMINHONEIRO,ADRIALDO CORREA,,45,PSDB,PARTIDO DA SOCIAL DEMOCRACIA BRASILEIRA,45-PSDB/23-CIDADANIA,FEDERAÇÃO PSDB CIDADANIA,FEDERAÇÃO,MASCULINO,PARDA,1,52,ENSINO MÉDIO COMPLETO,CASADO(A),MOTORISTA DE VEÍCULOS DE TRANSPORTE DE CARGA,,NÃO ELEITO,0,89,
DEPUTADO ESTADUAL,1,55011,160002546826,LUCAS LEUGI,LUCAS ORTIZ LEUGI,,55,PSD,PARTIDO SOCIAL DEMOCRÁTICO,,,PARTIDO ISOLADO,MASCULINO,BRANCA,0,36,SUPERIOR COMPLETO,CASADO(A),ADVOGADO,,SUPLENTE,0,89,
DEPUTADO ESTADUAL,1,11200,160002533447,FELIPE MACHADO DA SAÚDE,CARLOS FELIPPE MARCONDES MACHADO,,11,PP,PROGRESSISTAS,44-UNIÃO/11-PP,FEDERAÇÃO UNIÃO PROGRESSISTA,FEDERAÇÃO,MASCULINO,BRANCA,0,41,SUPERIOR COMPLETO,SOLTEIRO(A),EMPRESÁRIO,,ELEITO POR MÉDIA,1,85,
DEPUTADO ESTADUAL,1,15033,160002547699,LUCÍDIO ROSSET,LUCIDIO ROSSET,,15,MDB,MOVIMENTO DEMOCRÁTICO BRASILEIRO,,,PARTIDO ISOLADO,MASCULINO,BRANCA,0,61,SUPERIOR COMPLETO,DIVORCIADO(A),COMERCIANTE,,SUPLENTE,0,85,
DEPUTADO ESTADUAL,1,70060,160002547949,FAUSTO HERRADON,FAUSTO EDUARDO HERRADON,,70,AVANTE,AVANTE,,,PARTIDO ISOLADO,MASCULINO,BRANCA,0,56,SUPERIOR COMPLETO,CASADO(A),PROFESSOR E INSTRUTOR DE FORMAÇÃO PROFISSIONAL,,NÃO ELEITO,0,84,
DEPUTADO ESTADUAL,1,12140,160002546859,NIVALDO NOGA,NIVALDO DE MELO NOGA,,12,PDT,PARTIDO DEMOCRÁTICO TRABALHISTA,,,PARTIDO ISOLADO,MASCULINO,BRANCA,0,66,SUPERIOR INCOMPLETO,DIVORCIADO(A),OUTROS,,SUPLENTE,0,83,
DEPUTADO ESTADUAL,1,20008,160002547525,MIRIÃ SABOIA,MIRIÃ DOS SANTOS SABOIA,,20,PODE,PODEMOS,,,PARTIDO ISOLADO,FEMININO,PARDA,1,59,ENSINO MÉDIO COMPLETO,VIÚVO(A),PROFESSOR DE ENSINO FUNDAMENTAL,,SUPLENTE,0,83,
DEPUTADO ESTADUAL,1,30111,160002542356,GUTO LORENZZO,LUIZ AUGUSTO DE OLIVEIRA,,30,NOVO,PARTIDO NOVO,,,PARTIDO ISOLADO,MASCULINO,BRANCA,0,33,SUPERIOR COMPLETO,CASADO(A),PROFESSOR DE ENSINO MÉDIO,,SUPLENTE,0,83,
DEPUTADO ESTADUAL,1,35321,160002553669,SILVANA FESTA - CAUSA ANIMAL,SILVANA FESTA DIAS,,35,DEMOCRATA,DEMOCRATA,,,PARTIDO ISOLADO,FEMININO,BRANCA,0,42,SUPERIOR INCOMPLETO,SOLTEIRO(A),AUXILIAR DE ESCRITÓRIO E ASSEMELHADOS,,NÃO ELEITO,0,83,
DEPUTADO ESTADUAL,1,10077,160002547557,KLEBER ALVES,KLEBERSON ALVES DOS ANJOS,,10,REPUBLICANOS,REPUBLICANOS,,,PARTIDO ISOLADO,MASCULINO,PARDA,1,42,SUPERIOR COMPLETO,CASADO(A),OUTROS,,SUPLENTE,0,81,
DEPUTADO ESTADUAL,1,14222,160002551175,IVO ARTHUR,IVO ARTHUR GONÇALVES,,14,MISSÃO,PARTIDO MISSÃO,,,PARTIDO ISOLADO,MASCULINO,BRANCA,0,32,ENSINO FUNDAMENTAL COMPLETO,SOLTEIRO(A),ADMINISTRADOR,,NÃO ELEITO,0,81,
DEPUTADO ESTADUAL,1,30888,160002542376,SIMONE MARTINI,SIMONE MARTINI,,30,NOVO,PARTIDO NOVO,,,PARTIDO ISOLADO,FEMININO,BRANCA,0,36,SUPERIOR COMPLETO,SOLTEIRO(A),ADVOGADO,,SUPLENTE,0,81,
DEPUTADO ESTADUAL,1,45333,160002552785,JOTA SILVA,JESIEL DA SILVA,,45,PSDB,PARTIDO DA SOCIAL DEMOCRACIA BRASILEIRA,45-PSDB/23-CIDADANIA,FEDERAÇÃO PSDB CIDADANIA,FEDERAÇÃO,MASCULINO,BRANCA,0,48,SUPERIOR COMPLETO,CASADO(A),PSICÓLOGO,,NÃO ELEITO,0,81,
DEPUTADO ESTADUAL,1,11211,160002533477,DR. BRÁULIO,BRAULIO CESAR PEREIRA,,11,PP,PROGRESSISTAS,44-UNIÃO/11-PP,FEDERAÇÃO UNIÃO PROGRESSISTA,FEDERAÇÃO,MASCULINO,BRANCA,0,49,SUPERIOR COMPLETO,DIVORCIADO(A),MÉDICO,,SUPLENTE,0,80,
DEPUTADO ESTADUAL,1,14777,160002551179,BRUNO VIEIRA,BRUNO LOPES VIEIRA,,14,MISSÃO,PARTIDO MISSÃO,,,PARTIDO ISOLADO,MASCULINO,BRANCA,0,37,SUPERIOR COMPLETO,SOLTEIRO(A),SERVIDOR PÚBLICO MUNICIPAL,,NÃO ELEITO,0,80,
DEPUTADO ESTADUAL,1,11345,160002533440,JOANITA KINSKI,JOANITA TENTILIANO DOS SANTOS KINSKI,,11,PP,PROGRESSISTAS,44-UNIÃO/11-PP,FEDERAÇÃO UNIÃO PROGRESSISTA,FEDERAÇÃO,FEMININO,BRANCA,0,72,ENSINO MÉDIO COMPLETO,CASADO(A),OUTROS,,SUPLENTE,0,79,
DEPUTADO ESTADUAL,1,15151,160002547689,LUIS CLAUDIO,LUIS CLAUDIO GONÇALVES RIBAS,,15,MDB,MOVIMENTO DEMOCRÁTICO BRASILEIRO,,,PARTIDO ISOLADO,MASCULINO,BRANCA,0,55,SUPERIOR COMPLETO,SOLTEIRO(A),ENGENHEIRO,,SUPLENTE,0,79,
DEPUTADO ESTADUAL,1,18567,160002547730,CLAUDIONOR NOGA,CLAUDIONOR DE ASSIS MENEZES,,18,REDE,REDE SUSTENTABILIDADE,50-PSOL/18-REDE,FEDERAÇÃO PSOL REDE,FEDERAÇÃO,MASCULINO,PRETA,1,52,ENSINO MÉDIO INCOMPLETO,CASADO(A),OPERADOR DE APARELHOS DE PRODUÇÃO INDUSTRIAL,,NÃO ELEITO,0,79,
DEPUTADO ESTADUAL,1,22012,160002547612,JOÃO RIOS,JOÃO MANOEL RIOS,,22,PL,PARTIDO LIBERAL,,,PARTIDO ISOLADO,MASCULINO,BRANCA,0,47,SUPERIOR COMPLETO,CASADO(A),EMPRESÁRIO,,SUPLENTE,0,79,
DEPUTADO ESTADUAL,1,45700,160002552827,ADRIANO AMARAL VIANA,ADRIANO DO AMARAL VIANA,,45,PSDB,PARTIDO DA SOCIAL DEMOCRACIA BRASILEIRA,45-PSDB/23-CIDADANIA,FEDERAÇÃO PSDB CIDADANIA,FEDERAÇÃO,MASCULINO,PARDA,1,49,SUPERIOR COMPLETO,CASADO(A),"TÉCNICO DE ELETRICIDADE, ELETRÔNICA E TELECOMUNICAÇÕES",,NÃO ELEITO,0,79,
DEPUTADO ESTADUAL,1,70561,160002547961,ATILA MATTOS,ATILA BRITZKY DE MATTOS,,70,AVANTE,AVANTE,,,PARTIDO ISOLADO,MASCULINO,BRANCA,0,45,ENSINO MÉDIO COMPLETO,CASADO(A),"VENDEDOR PRACISTA, REPRESENTANTE, CAIXEIRO-VIAJANTE E ASSEMELHADOS",,NÃO ELEITO,0,78,
DEPUTADO ESTADUAL,1,14214,160002551165,FRANCYELLY IENE GOMES ENGEE,FRANCYELLY IENE GOMES ENGEE,,14,MISSÃO,PARTIDO MISSÃO,,,PARTIDO ISOLADO,FEMININO,BRANCA,0,32,SUPERIOR COMPLETO,SOLTEIRO(A),CONTADOR,,NÃO ELEITO,0,77,
DEPUTADO ESTADUAL,1,18881,160002547748,POETA ANGELA GOMES,ANGELA APARECIDA DE OLIVEIRA GOMES,,18,REDE,REDE SUSTENTABILIDADE,50-PSOL/18-REDE,FEDERAÇÃO PSOL REDE,FEDERAÇÃO,FEMININO,BRANCA,0,60,SUPERIOR COMPLETO,DIVORCIADO(A),ARQUEÓLOGO,,NÃO ELEITO,0,77,
DEPUTADO ESTADUAL,1,70255,160002547390,RAFAEL EIK FERREIRA,RAFAEL EIK BORGES FERREIRA,,70,AVANTE,AVANTE,,,PARTIDO ISOLADO,MASCULINO,BRANCA,0,39,SUPERIOR COMPLETO,CASADO(A),ADVOGADO,,NÃO ELEITO,0,75,
DEPUTADO ESTADUAL,1,20700,160002547508,RODRIGO RECIFE,RODRIGO LAUER LIEVORE,,20,PODE,PODEMOS,,,PARTIDO ISOLADO,MASCULINO,BRANCA,0,45,SUPERIOR COMPLETO,CASADO(A),EMPRESÁRIO,,SUPLENTE,0,74,
DEPUTADO ESTADUAL,1,18444,160002547766,ELIANE MARTINS,ELIANE VIEIRA MARTINS,,18,REDE,REDE SUSTENTABILIDADE,50-PSOL/18-REDE,FEDERAÇÃO PSOL REDE,FEDERAÇÃO,FEMININO,BRANCA,0,44,ENSINO FUNDAMENTAL INCOMPLETO,CASADO(A),DONA DE CASA,,NÃO ELEITO,0,73,
DEPUTADO ESTADUAL,1,50055,160002547764,ANA MARIA DE CARVALHO,ANA MARIA DE CARVALHO,,50,PSOL,PARTIDO SOCIALISMO E LIBERDADE,50-PSOL/18-REDE,FEDERAÇÃO PSOL REDE,FEDERAÇÃO,FEMININO,BRANCA,0,65,SUPERIOR COMPLETO,SOLTEIRO(A),SERVIDOR PÚBLICO MUNICIPAL,,NÃO ELEITO,0,73,
DEPUTADO ESTADUAL,1,70007,160002547953,AMANDA DA JESUS HOUSE,AMANDA DEGASPERI DO CARMO SOUZA,,70,AVANTE,AVANTE,,,PARTIDO ISOLADO,FEMININO,BRANCA,0,30,SUPERIOR COMPLETO,SOLTEIRO(A),FISIOTERAPEUTA E TERAPEUTA OCUPACIONAL,,NÃO ELEITO,0,73,
DEPUTADO ESTADUAL,1,70570,160002547396,GIOVANI MATTOS,GIOVANI AUGUSTO PEREIRA DE MATTOS,,70,AVANTE,AVANTE,,,PARTIDO ISOLADO,MASCULINO,BRANCA,0,33,SUPERIOR COMPLETO,CASADO(A),EMPRESÁRIO,,NÃO ELEITO,0,73,
DEPUTADO ESTADUAL,1,18456,160002547739,ABEL DA ASSOCIAÇÃO,ABEL FERREIRA PANCHESKI,,18,REDE,REDE SUSTENTABILIDADE,50-PSOL/18-REDE,FEDERAÇÃO PSOL REDE,FEDERAÇÃO,MASCULINO,PARDA,1,70,ENSINO FUNDAMENTAL INCOMPLETO,CASADO(A),COMERCIÁRIO,,NÃO ELEITO,0,70,
DEPUTADO ESTADUAL,1,30007,160002542367,FABRIZIO MELLER,FABRIZIO MELLER DA SILVA,,30,NOVO,PARTIDO NOVO,,,PARTIDO ISOLADO,MASCULINO,PARDA,1,46,SUPERIOR COMPLETO,CASADO(A),ADMINISTRADOR,,SUPLENTE,0,70,
DEPUTADO ESTADUAL,1,30444,160002542361,TOTO,EVERTON FERNANDO SOARES,,30,NOVO,PARTIDO NOVO,,,PARTIDO ISOLADO,MASCULINO,BRANCA,0,50,SUPERIOR COMPLETO,CASADO(A),VEREADOR,,SUPLENTE,0,70,
DEPUTADO ESTADUAL,1,44410,160002533453,CARLINHOS DA AMBULÂNCIA,CARLOS REGNER PEDRO,,44,UNIÃO,UNIÃO BRASIL,44-UNIÃO/11-PP,FEDERAÇÃO UNIÃO PROGRESSISTA,FEDERAÇÃO,MASCULINO,BRANCA,0,59,ENSINO MÉDIO COMPLETO,CASADO(A),EMPRESÁRIO,,SUPLENTE,0,70,
DEPUTADO ESTADUAL,1,55775,160002546831,PASTORA GLORIA ARCHANJO,GLORIA SANTANA ARCANJO,,55,PSD,PARTIDO SOCIAL DEMOCRÁTICO,,,PARTIDO ISOLADO,FEMININO,BRANCA,0,40,ENSINO MÉDIO COMPLETO,DIVORCIADO(A),EMPRESÁRIO,,SUPLENTE,0,70,
DEPUTADO ESTADUAL,1,70400,160002547944,JORGE MARCO LEILOEIRO,JORGE MARCO AURELIO BIAVATI,,70,AVANTE,AVANTE,,,PARTIDO ISOLADO,MASCULINO,BRANCA,0,58,SUPERIOR COMPLETO,CASADO(A),"LEILOEIRO, AVALIADOR E ASSEMELHADOS",,NÃO ELEITO,0,69,
DEPUTADO ESTADUAL,1,12100,160002546850,PAOLA REIS,PAOLA ALVES DOS REIS,PAOLA ALVES DOS REIS,12,PDT,PARTIDO DEMOCRÁTICO TRABALHISTA,,,PARTIDO ISOLADO,FEMININO,BRANCA,0,46,SUPERIOR COMPLETO,SOLTEIRO(A),EMPRESÁRIO,,SUPLENTE,0,68,
DEPUTADO ESTADUAL,1,12555,160002546873,ALEXANDRE CESAR,ALEXANDRE CESAR,,12,PDT,PARTIDO DEMOCRÁTICO TRABALHISTA,,,PARTIDO ISOLADO,MASCULINO,BRANCA,0,48,SUPERIOR COMPLETO,CASADO(A),ELETRICISTA E ASSEMELHADOS,,SUPLENTE,0,68,
DEPUTADO ESTADUAL,1,14111,160002551168,FELIPE DE CASTILHO,FELIPE SCHEIFER DE CASTILHO,,14,MISSÃO,PARTIDO MISSÃO,,,PARTIDO ISOLADO,MASCULINO,BRANCA,0,29,SUPERIOR COMPLETO,SOLTEIRO(A),ADVOGADO,,NÃO ELEITO,0,68,
DEPUTADO ESTADUAL,1,70123,160002547960,CRIS DAS FRUTAS,CRISTIANE GIMENES DA SILVA,,70,AVANTE,AVANTE,,,PARTIDO ISOLADO,FEMININO,BRANCA,0,45,SUPERIOR COMPLETO,DIVORCIADO(A),"VENDEDOR PRACISTA, REPRESENTANTE, CAIXEIRO-VIAJANTE E ASSEMELHADOS",,NÃO ELEITO,0,68,
DEPUTADO ESTADUAL,1,45245,160002552816,DULCE SCHINCOVIAKI,DULCE SCHINCOVIAKI,,45,PSDB,PARTIDO DA SOCIAL DEMOCRACIA BRASILEIRA,45-PSDB/23-CIDADANIA,FEDERAÇÃO PSDB CIDADANIA,FEDERAÇÃO,FEMININO,BRANCA,0,37,ENSINO MÉDIO COMPLETO,CASADO(A),OUTROS,,NÃO ELEITO,0,67,
DEPUTADO ESTADUAL,1,14321,160002551157,DANIEL AGUIAR,CARLOS DANIEL LIVON DE AGUIAR,,14,MISSÃO,PARTIDO MISSÃO,,,PARTIDO ISOLADO,MASCULINO,BRANCA,0,30,SUPERIOR COMPLETO,SOLTEIRO(A),OUTROS,,NÃO ELEITO,0,66,
DEPUTADO ESTADUAL,1,12088,160002546876,MARCOS RIBAS,MARCOS DE OLIVEIRA RIBAS,,12,PDT,PARTIDO DEMOCRÁTICO TRABALHISTA,,,PARTIDO ISOLADO,MASCULINO,PARDA,1,56,SUPERIOR COMPLETO,CASADO(A),ADVOGADO,,SUPLENTE,0,64,
DEPUTADO ESTADUAL,1,20444,160002547503,DANIEL ANDRASCHKO,DANIEL RODRIGO ANDRADE ANDRASCHKO,,20,PODE,PODEMOS,,,PARTIDO ISOLADO,MASCULINO,BRANCA,0,54,SUPERIOR COMPLETO,SOLTEIRO(A),ADVOGADO,,SUPLENTE,0,64,
DEPUTADO ESTADUAL,1,12312,160002546875,PROFESSOR MAURICIO BASTOS,MAURICIO BASTOS,,12,PDT,PARTIDO DEMOCRÁTICO TRABALHISTA,,,PARTIDO ISOLADO,MASCULINO,BRANCA,0,66,SUPERIOR COMPLETO,CASADO(A),PROFESSOR DE ENSINO FUNDAMENTAL,,NÃO ELEITO,0,63,
DEPUTADO ESTADUAL,1,22045,160002547637,LUIZ MESTIÇO,LUIZ ALBERTO VICENTE,,22,PL,PARTIDO LIBERAL,,,PARTIDO ISOLADO,MASCULINO,BRANCA,0,63,SUPERIOR INCOMPLETO,CASADO(A),COMERCIANTE,,SUPLENTE,0,63,
DEPUTADO ESTADUAL,1,50000,160002547735,GABRIEL,CRYSTOPHER GABRIEL MATIAS E SILVA,,50,PSOL,PARTIDO SOCIALISMO E LIBERDADE,50-PSOL/18-REDE,FEDERAÇÃO PSOL REDE,FEDERAÇÃO,MASCULINO,BRANCA,0,27,ENSINO MÉDIO COMPLETO,SOLTEIRO(A),OUTROS,,NÃO ELEITO,0,63,
DEPUTADO ESTADUAL,1,12333,160002546864,ROZENILDA BUCHHORN,ROZENILDA BUCHHORN,,12,PDT,PARTIDO DEMOCRÁTICO TRABALHISTA,,,PARTIDO ISOLADO,FEMININO,BRANCA,0,45,SUPERIOR COMPLETO,SOLTEIRO(A),ENGENHEIRO,,SUPLENTE,0,62,
DEPUTADO ESTADUAL,1,14041,160002551177,LUDE RIESEMBERG,LUDGERIO RIESEMBERG,,14,MISSÃO,PARTIDO MISSÃO,,,PARTIDO ISOLADO,MASCULINO,BRANCA,0,39,SUPERIOR INCOMPLETO,SOLTEIRO(A),COMERCIANTE,,NÃO ELEITO,0,62,
DEPUTADO ESTADUAL,1,55188,160002546821,LEANDRO CAZAROTO,LEANDRO CARLOS CAZAROTO,,55,PSD,PARTIDO SOCIAL DEMOCRÁTICO,,,PARTIDO ISOLADO,MASCULINO,BRANCA,0,49,SUPERIOR INCOMPLETO,SOLTEIRO(A),"CORRETOR DE IMÓVEIS, SEGUROS, TÍTULOS E VALORES",,SUPLENTE,0,60,
DEPUTADO ESTADUAL,1,14914,160002551151,RAPHAEL LACERDA,RAPHAEL LACERDA ARAÚJO BANDEIRA,,14,MISSÃO,PARTIDO MISSÃO,,,PARTIDO ISOLADO,MASCULINO,BRANCA,0,40,SUPERIOR COMPLETO,SOLTEIRO(A),EMPRESÁRIO,,NÃO ELEITO,0,59,
DEPUTADO ESTADUAL,1,18300,160002547727,MIRIAN MACEDO,MIRIAN MACEDO NETO GONÇALVES,,18,REDE,REDE SUSTENTABILIDADE,50-PSOL/18-REDE,FEDERAÇÃO PSOL REDE,FEDERAÇÃO,FEMININO,BRANCA,0,48,ENSINO MÉDIO COMPLETO,CASADO(A),"PADEIRO, CONFEITEIRO E ASSEMELHADOS",,NÃO ELEITO,0,59,
DEPUTADO ESTADUAL,1,15222,160002547681,ALINE TRINDADE,ALINE FRANCISCO DA TRINDADE,,15,MDB,MOVIMENTO DEMOCRÁTICO BRASILEIRO,,,PARTIDO ISOLADO,FEMININO,BRANCA,0,34,ENSINO MÉDIO COMPLETO,SOLTEIRO(A),EMPRESÁRIO,,SUPLENTE,0,58,
DEPUTADO ESTADUAL,1,18800,160002547728,VALDECIR SANTOS,VALDECIR BATISTA DOS SANTOS,,18,REDE,REDE SUSTENTABILIDADE,50-PSOL/18-REDE,FEDERAÇÃO PSOL REDE,FEDERAÇÃO,MASCULINO,PARDA,1,54,ENSINO MÉDIO COMPLETO,CASADO(A),EMPRESÁRIO,,NÃO ELEITO,0,58,
DEPUTADO ESTADUAL,1,22043,160002547600,PATRÍCIA DINIZ,PATRÍCIA DOS SANTOS DINIZ,,22,PL,PARTIDO LIBERAL,,,PARTIDO ISOLADO,FEMININO,BRANCA,0,36,SUPERIOR COMPLETO,CASADO(A),ADMINISTRADOR,,SUPLENTE,0,58,
DEPUTADO ESTADUAL,1,25555,160002553378,MAESTRO EVALDO,EVALDO FERREIRA FILHO,,25,PRD,PARTIDO RENOVACAO DEMOCRATICA,25-PRD/77-SOLIDARIEDADE,FEDERAÇÃO RENOVAÇÃO SOLIDÁRIA,FEDERAÇÃO,MASCULINO,BRANCA,0,49,SUPERIOR COMPLETO,CASADO(A),OUTROS,,NÃO ELEITO,0,58,
DEPUTADO ESTADUAL,1,45400,160002552822,ELCY BARRETO,ELCY BARRETO FERNANDES,,45,PSDB,PARTIDO DA SOCIAL DEMOCRACIA BRASILEIRA,45-PSDB/23-CIDADANIA,FEDERAÇÃO PSDB CIDADANIA,FEDERAÇÃO,MASCULINO,PRETA,1,59,SUPERIOR COMPLETO,DIVORCIADO(A),EMPRESÁRIO,,NÃO ELEITO,0,58,
DEPUTADO ESTADUAL,1,15111,160002547683,MILTINHO,HAMILTON APARECIDO MACHADO,,15,MDB,MOVIMENTO DEMOCRÁTICO BRASILEIRO,,,PARTIDO ISOLADO,MASCULINO,BRANCA,0,50,ENSINO FUNDAMENTAL COMPLETO,CASADO(A),EMPRESÁRIO,,SUPLENTE,0,57,
DEPUTADO ESTADUAL,1,18199,160002547746,RAPOSÃO DA MEGA,CLAUDECIR DO ESPÍRITO SANTO,,18,REDE,REDE SUSTENTABILIDADE,50-PSOL/18-REDE,FEDERAÇÃO PSOL REDE,FEDERAÇÃO,MASCULINO,PARDA,1,48,ENSINO FUNDAMENTAL INCOMPLETO,SOLTEIRO(A),APOSENTADO (EXCETO SERVIDOR PÚBLICO),,NÃO ELEITO,0,57,
DEPUTADO ESTADUAL,1,25888,160002553383,MARJORIE OSTROWSKI,MARJORIE OSTROWSKI BUENO DE FREITAS DOS SANTOS,,25,PRD,PARTIDO RENOVACAO DEMOCRATICA,25-PRD/77-SOLIDARIEDADE,FEDERAÇÃO RENOVAÇÃO SOLIDÁRIA,FEDERAÇÃO,FEMININO,BRANCA,0,42,ENSINO MÉDIO COMPLETO,CASADO(A),OUTROS,,NÃO ELEITO,0,57,
DEPUTADO ESTADUAL,1,13613,160002542240,MARLON ALESSANDRO,MARLON ALESSANDRO DA SILVA BARBOSA,,13,PT,PARTIDO DOS TRABALHADORES,13-PT/65-PC do B/43-PV,FEDERAÇÃO BRASIL DA ESPERANÇA - FE BRASIL,FEDERAÇÃO,MASCULINO,BRANCA,0,26,SUPERIOR COMPLETO,SOLTEIRO(A),OUTROS,,SUPLENTE,0,56,
DEPUTADO ESTADUAL,1,20230,160002552578,MARCIO DA CONQUISTA,MARIO MARCIO BARROS,,20,PODE,PODEMOS,,,PARTIDO ISOLADO,MASCULINO,BRANCA,0,54,ENSINO FUNDAMENTAL INCOMPLETO,CASADO(A),EMPRESÁRIO,,SUPLENTE,0,56,
DEPUTADO ESTADUAL,1,14100,160002551170,ODENILSON VICENTE,ODENILSON VICENTE,,14,MISSÃO,PARTIDO MISSÃO,,,PARTIDO ISOLADO,MASCULINO,BRANCA,0,56,SUPERIOR COMPLETO,CASADO(A),AGENTE DE SAÚDE E SANITARISTA,,NÃO ELEITO,0,55,
DEPUTADO ESTADUAL,1,70789,160002547958,ADEMIR PAÇOCA,ADEMIR GONCALVES,,70,AVANTE,AVANTE,,,PARTIDO ISOLADO,MASCULINO,PARDA,1,48,ENSINO FUNDAMENTAL INCOMPLETO,SOLTEIRO(A),TRABALHADOR DE CONSTRUÇÃO CIVIL,,NÃO ELEITO,0,55,
DEPUTADO ESTADUAL,1,12777,160002546879,PROFESSORA SANDRA MIRANDA,SANDRA ALVES DE MIRANDA,,12,PDT,PARTIDO DEMOCRÁTICO TRABALHISTA,,,PARTIDO ISOLADO,FEMININO,BRANCA,0,49,SUPERIOR COMPLETO,DIVORCIADO(A),PROFESSOR DE ENSINO MÉDIO,,SUPLENTE,0,54,
DEPUTADO ESTADUAL,1,70192,160002547394,AFONSO LIMA,AFONSO SERGIO LIMA,,70,AVANTE,AVANTE,,,PARTIDO ISOLADO,MASCULINO,BRANCA,0,32,SUPERIOR COMPLETO,CASADO(A),VEREADOR,,NÃO ELEITO,0,54,
DEPUTADO ESTADUAL,1,29000,160002552568,MAFÊ,MARIA FERNANDA CURCI VICENTE,,29,PCO,PARTIDO DA CAUSA OPERÁRIA,,,PARTIDO ISOLADO,FEMININO,BRANCA,0,45,SUPERIOR COMPLETO,CASADO(A),PROFESSOR DE ENSINO MÉDIO,,NÃO ELEITO,0,53,
DEPUTADO ESTADUAL,1,45006,160002552804,JULIANE INSTRUTORA,ANGELA JULIANE COSTA,,45,PSDB,PARTIDO DA SOCIAL DEMOCRACIA BRASILEIRA,45-PSDB/23-CIDADANIA,FEDERAÇÃO PSDB CIDADANIA,FEDERAÇÃO,FEMININO,PRETA,1,41,SUPERIOR COMPLETO,CASADO(A),OUTROS,,NÃO ELEITO,0,52,
DEPUTADO ESTADUAL,1,50150,160002547734,CARLOS MATTOS,CARLOS GOMES DE MATTOS,,50,PSOL,PARTIDO SOCIALISMO E LIBERDADE,50-PSOL/18-REDE,FEDERAÇÃO PSOL REDE,FEDERAÇÃO,MASCULINO,BRANCA,0,69,ENSINO FUNDAMENTAL INCOMPLETO,CASADO(A),APOSENTADO (EXCETO SERVIDOR PÚBLICO),,NÃO ELEITO,0,52,
DEPUTADO ESTADUAL,1,11400,160002533458,ROBSON GUTEBIL,ROBSON RICARDO GUTEBIL SCHOPTIAN,,11,PP,PROGRESSISTAS,44-UNIÃO/11-PP,FEDERAÇÃO UNIÃO PROGRESSISTA,FEDERAÇÃO,MASCULINO,BRANCA,0,36,SUPERIOR COMPLETO,CASADO(A),VEREADOR,,SUPLENTE,0,51,
DEPUTADO ESTADUAL,1,14714,160002551156,GRACI MOREIRA,MARIA GRACIELA MOREIRA,,14,MISSÃO,PARTIDO MISSÃO,,,PARTIDO ISOLADO,FEMININO,BRANCA,0,45,SUPERIOR COMPLETO,DIVORCIADO(A),"CORRETOR DE IMÓVEIS, SEGUROS, TÍTULOS E VALORES",,NÃO ELEITO,0,51,
DEPUTADO ESTADUAL,1,20010,160002547532,WALDIRENE BUDAL ADVOGADA,WALDIRENE BUDAL,,20,PODE,PODEMOS,,,PARTIDO ISOLADO,FEMININO,BRANCA,0,55,SUPERIOR COMPLETO,SOLTEIRO(A),ADVOGADO,,SUPLENTE,0,51,
DEPUTADO ESTADUAL,1,30555,160002542359,ENFERMEIRO VALDOMIRO,VALDOMIRO RODRIGUES DE LIMA,,30,NOVO,PARTIDO NOVO,,,PARTIDO ISOLADO,MASCULINO,PARDA,1,56,SUPERIOR COMPLETO,DIVORCIADO(A),ENFERMEIRO,,SUPLENTE,0,51,
DEPUTADO ESTADUAL,1,70710,160002552577,TIA NICE,MARIA EONICE DOS SANTOS,,70,AVANTE,AVANTE,,,PARTIDO ISOLADO,FEMININO,PRETA,1,75,ENSINO FUNDAMENTAL INCOMPLETO,VIÚVO(A),APOSENTADO (EXCETO SERVIDOR PÚBLICO),,NÃO ELEITO,0,51,
DEPUTADO ESTADUAL,1,11456,160002533474,CLAU BUENO,ANA CLAUDIA BUENO,,11,PP,PROGRESSISTAS,44-UNIÃO/11-PP,FEDERAÇÃO UNIÃO PROGRESSISTA,FEDERAÇÃO,FEMININO,BRANCA,0,52,ENSINO MÉDIO INCOMPLETO,SOLTEIRO(A),COZINHEIRO,,SUPLENTE,0,50,
DEPUTADO ESTADUAL,1,12200,160002546862,GENTIL PASKE,GENTIL PASKE DE FARIA,,12,PDT,PARTIDO DEMOCRÁTICO TRABALHISTA,,,PARTIDO ISOLADO,MASCULINO,BRANCA,0,64,ENSINO MÉDIO COMPLETO,CASADO(A),DIRETOR DE EMPRESAS,,SUPLENTE,0,49,
DEPUTADO ESTADUAL,1,20042,160002547531,CINTHIA SOCORRISTA,CINTHIA GONCALVES DA SILVA,,20,PODE,PODEMOS,,,PARTIDO ISOLADO,FEMININO,PARDA,1,42,ENSINO MÉDIO COMPLETO,CASADO(A),OUTROS,,SUPLENTE,0,49,
DEPUTADO ESTADUAL,1,45455,160002552818,GABI,ANA GABRIELA DE SOUZA PEREIRA,,45,PSDB,PARTIDO DA SOCIAL DEMOCRACIA BRASILEIRA,45-PSDB/23-CIDADANIA,FEDERAÇÃO PSDB CIDADANIA,FEDERAÇÃO,FEMININO,BRANCA,0,32,ENSINO MÉDIO COMPLETO,SOLTEIRO(A),OUTROS,,NÃO ELEITO,0,49,
DEPUTADO ESTADUAL,1,10777,160002547541,ANINHA SANTOS LIMA,ANA CLAUDIA DOS SANTOS LIMA,,10,REPUBLICANOS,REPUBLICANOS,,,PARTIDO ISOLADO,FEMININO,BRANCA,0,38,SUPERIOR INCOMPLETO,CASADO(A),SECRETÁRIO E DATILÓGRAFO,,SUPLENTE,0,48,
DEPUTADO ESTADUAL,1,11555,160002533469,ANDRÉA ZANCKO,ANDREA DE JESUS CERDEIRA,,11,PP,PROGRESSISTAS,44-UNIÃO/11-PP,FEDERAÇÃO UNIÃO PROGRESSISTA,FEDERAÇÃO,FEMININO,PARDA,1,50,ENSINO MÉDIO COMPLETO,DIVORCIADO(A),OUTROS,,SUPLENTE,0,48,
DEPUTADO ESTADUAL,1,22202,160002547649,TERESINHA DEPUBEL DANTAS,TERESINHA DEPUBEL DANTAS,,22,PL,PARTIDO LIBERAL,,,PARTIDO ISOLADO,FEMININO,BRANCA,0,76,SUPERIOR COMPLETO,CASADO(A),ADVOGADO,,SUPLENTE,0,48,
DEPUTADO ESTADUAL,1,12010,160002546858,PROFESSORA GRASY TAKANO,GRASIELY TEIXEIRA DE MELLO TAKANO,,12,PDT,PARTIDO DEMOCRÁTICO TRABALHISTA,,,PARTIDO ISOLADO,FEMININO,PARDA,1,43,SUPERIOR COMPLETO,CASADO(A),PROFESSOR DE ENSINO FUNDAMENTAL,,SUPLENTE,0,47,
DEPUTADO ESTADUAL,1,12412,160002546884,RODOLFO FIORUCCI,RODOLFO FIORUCCI,,12,PDT,PARTIDO DEMOCRÁTICO TRABALHISTA,,,PARTIDO ISOLADO,MASCULINO,BRANCA,0,44,SUPERIOR COMPLETO,DIVORCIADO(A),PROFESSOR DE ENSINO MÉDIO,,SUPLENTE,0,47,
DEPUTADO ESTADUAL,1,13400,160002542266,BIANCO,APARECIDO BIANCHO,,13,PT,PARTIDO DOS TRABALHADORES,13-PT/65-PC do B/43-PV,FEDERAÇÃO BRASIL DA ESPERANÇA - FE BRASIL,FEDERAÇÃO,MASCULINO,PARDA,1,53,ENSINO FUNDAMENTAL COMPLETO,SOLTEIRO(A),OUTROS,,SUPLENTE,0,47,
DEPUTADO ESTADUAL,1,10444,160002547560,ANDERSON CARDOSO,ANDERSON CRIPA LUIS CARDOSO,,10,REPUBLICANOS,REPUBLICANOS,,,PARTIDO ISOLADO,MASCULINO,BRANCA,0,38,ENSINO MÉDIO COMPLETO,CASADO(A),VEREADOR,,SUPLENTE,0,46,
DEPUTADO ESTADUAL,1,14007,160002551164,CARLOS EDUARDO,CARLOS EDUARDO DE LIMA,,14,MISSÃO,PARTIDO MISSÃO,,,PARTIDO ISOLADO,MASCULINO,PARDA,1,43,ENSINO MÉDIO COMPLETO,CASADO(A),VENDEDOR DE COMÉRCIO VAREJISTA E ATACADISTA,,NÃO ELEITO,0,46,
DEPUTADO ESTADUAL,1,14500,160002551161,KELVEN ALCANTARA,KELVEN DE ALCANTARA BONFIM,,14,MISSÃO,PARTIDO MISSÃO,,,PARTIDO ISOLADO,MASCULINO,BRANCA,0,22,SUPERIOR COMPLETO,SOLTEIRO(A),PROGRAMADOR DE COMPUTADOR,,NÃO ELEITO,0,46,
DEPUTADO ESTADUAL,1,30345,160002542348,LUCAS CANASSA,LUCAS MARCELO CANASSA,,30,NOVO,PARTIDO NOVO,,,PARTIDO ISOLADO,MASCULINO,BRANCA,0,28,SUPERIOR COMPLETO,SOLTEIRO(A),EMPRESÁRIO,,SUPLENTE,0,46,
DEPUTADO ESTADUAL,1,33300,160002549511,ADRIANA FRAZÃO,ADRIANA FRAZÃO BRANCO,,33,MOBILIZA,MOBILIZAÇÃO NACIONAL,,,PARTIDO ISOLADO,FEMININO,PARDA,1,48,ENSINO MÉDIO COMPLETO,CASADO(A),APOSENTADO (EXCETO SERVIDOR PÚBLICO),,NÃO ELEITO,0,46,
DEPUTADO ESTADUAL,1,77977,160002553381,ITA BARRETO,ITAMARA LUCILE PEREIRA DA SILVA,,77,SOLIDARIEDADE,SOLIDARIEDADE,25-PRD/77-SOLIDARIEDADE,FEDERAÇÃO RENOVAÇÃO SOLIDÁRIA,FEDERAÇÃO,FEMININO,PRETA,1,54,ENSINO MÉDIO COMPLETO,CASADO(A),ALFAIATE E COSTUREIRO,,NÃO ELEITO,0,46,
DEPUTADO ESTADUAL,1,44333,160002533487,IRINEU CRUZ,IRINEU JOSE DA CRUZ ALVES,,44,UNIÃO,UNIÃO BRASIL,44-UNIÃO/11-PP,FEDERAÇÃO UNIÃO PROGRESSISTA,FEDERAÇÃO,MASCULINO,PARDA,1,47,SUPERIOR COMPLETO,CASADO(A),OUTROS,,SUPLENTE,0,45,
DEPUTADO ESTADUAL,1,70001,160002547954,GUGU BUBNIAK,MARIO AUGUSTO BUBNIAK,,70,AVANTE,AVANTE,,,PARTIDO ISOLADO,MASCULINO,BRANCA,0,26,ENSINO MÉDIO COMPLETO,SOLTEIRO(A),VEREADOR,,NÃO ELEITO,0,45,
DEPUTADO ESTADUAL,1,11223,160002533450,DR. MICHEL RANGEL,MICHEL PEREIRA RANGEL,,11,PP,PROGRESSISTAS,44-UNIÃO/11-PP,FEDERAÇÃO UNIÃO PROGRESSISTA,FEDERAÇÃO,MASCULINO,BRANCA,0,48,SUPERIOR COMPLETO,CASADO(A),ODONTÓLOGO,,SUPLENTE,0,44,
DEPUTADO ESTADUAL,1,33190,160002549510,ARTUR RIBEIRO,ARTUR RIBEIRO PEREIRA DE SOUZA,,33,MOBILIZA,MOBILIZAÇÃO NACIONAL,,,PARTIDO ISOLADO,MASCULINO,PRETA,1,36,SUPERIOR COMPLETO,SOLTEIRO(A),ADVOGADO,,NÃO ELEITO,0,44,
DEPUTADO ESTADUAL,1,55710,160002546809,ROSANA DAMAZIO,ROSANA DAMAZIO DE SOUZA,,55,PSD,PARTIDO SOCIAL DEMOCRÁTICO,,,PARTIDO ISOLADO,FEMININO,PARDA,1,44,ENSINO MÉDIO COMPLETO,CASADO(A),OUTROS,,SUPLENTE,0,43,
DEPUTADO ESTADUAL,1,20120,160002547515,SIDNEI PRESTES,SIDNEI SILVA PRESTES JUNIOR,,20,PODE,PODEMOS,,,PARTIDO ISOLADO,MASCULINO,BRANCA,0,47,SUPERIOR COMPLETO,CASADO(A),ADVOGADO,,SUPLENTE,0,42,
DEPUTADO ESTADUAL,1,44600,160002533484,DR. FELIPINHO,FELIPE PEDROSO DA SILVA,,44,UNIÃO,UNIÃO BRASIL,44-UNIÃO/11-PP,FEDERAÇÃO UNIÃO PROGRESSISTA,FEDERAÇÃO,MASCULINO,PARDA,1,35,SUPERIOR COMPLETO,CASADO(A),ADVOGADO,,SUPLENTE,0,41,
DEPUTADO ESTADUAL,1,18999,160002547744,MÃE DANNY,DANIELA PIRES DOS SANTOS,DANIELA PIRES DOS SANTOS,18,REDE,REDE SUSTENTABILIDADE,50-PSOL/18-REDE,FEDERAÇÃO PSOL REDE,FEDERAÇÃO,FEMININO,PARDA,1,29,ENSINO MÉDIO COMPLETO,SOLTEIRO(A),EMPRESÁRIO,,NÃO ELEITO,0,40,
DEPUTADO ESTADUAL,1,30011,160002542381,ANDRÉIA DIESEL,ANDREIA COZER DIESEL,,30,NOVO,PARTIDO NOVO,,,PARTIDO ISOLADO,FEMININO,BRANCA,0,47,SUPERIOR COMPLETO,CASADO(A),"CORRETOR DE IMÓVEIS, SEGUROS, TÍTULOS E VALORES",,SUPLENTE,0,40,
DEPUTADO ESTADUAL,1,55551,160002546848,GIZELA DREHER,GIZELA TEIXEIRA PARANHOS DREHER,,55,PSD,PARTIDO SOCIAL DEMOCRÁTICO,,,PARTIDO ISOLADO,FEMININO,BRANCA,0,43,SUPERIOR COMPLETO,CASADO(A),ADMINISTRADOR,,SUPLENTE,0,40,
DEPUTADO ESTADUAL,1,10111,160002547546,JO DO PRÉ MOLDADO,JOILCE CONCEICAO DA SILVA,,10,REPUBLICANOS,REPUBLICANOS,,,PARTIDO ISOLADO,FEMININO,BRANCA,0,50,SUPERIOR COMPLETO,CASADO(A),EMPRESÁRIO,,SUPLENTE,0,39,
DEPUTADO ESTADUAL,1,35000,160002553673,CLAUDIO DOS SANTOS,CLAUDIO FERNANDO DOS SANTOS,,35,DEMOCRATA,DEMOCRATA,,,PARTIDO ISOLADO,MASCULINO,PRETA,1,44,ENSINO FUNDAMENTAL INCOMPLETO,DIVORCIADO(A),OUTROS,,NÃO ELEITO,0,39,
DEPUTADO ESTADUAL,1,11600,160002533449,OLGA AGULHON,OLGA MARIA AGULHON,,11,PP,PROGRESSISTAS,44-UNIÃO/11-PP,FEDERAÇÃO UNIÃO PROGRESSISTA,FEDERAÇÃO,FEMININO,BRANCA,0,60,SUPERIOR COMPLETO,CASADO(A),PRODUTOR AGROPECUÁRIO,,SUPLENTE,0,38,
DEPUTADO ESTADUAL,1,16000,160002547652,LEONARDO MARTINEZ,LEONARDO GUEDES MARTINEZ,,16,PSTU,PARTIDO SOCIALISTA  DOS TRABALHADORES UNIFICADO,,,PARTIDO ISOLADO,MASCULINO,BRANCA,0,37,ENSINO MÉDIO COMPLETO,SOLTEIRO(A),OUTROS,,NÃO ELEITO,0,38,
DEPUTADO ESTADUAL,1,18111,160002547731,IRENE DOS ANJOS,IRENE DOS ANJOS,,18,REDE,REDE SUSTENTABILIDADE,50-PSOL/18-REDE,FEDERAÇÃO PSOL REDE,FEDERAÇÃO,FEMININO,BRANCA,0,72,ENSINO FUNDAMENTAL INCOMPLETO,VIÚVO(A),EMPRESÁRIO,,NÃO ELEITO,0,38,
DEPUTADO ESTADUAL,1,44180,160002533462,PROF. RAQUEL BARROS,RAQUEL DE BARROS,,44,UNIÃO,UNIÃO BRASIL,44-UNIÃO/11-PP,FEDERAÇÃO UNIÃO PROGRESSISTA,FEDERAÇÃO,FEMININO,PARDA,1,32,SUPERIOR COMPLETO,CASADO(A),VEREADOR,,SUPLENTE,0,38,
DEPUTADO ESTADUAL,1,15300,160002547703,WAL BARBOSA,WALDIRENE PEREIRA BARBOSA,,15,MDB,MOVIMENTO DEMOCRÁTICO BRASILEIRO,,,PARTIDO ISOLADO,FEMININO,PARDA,1,36,SUPERIOR INCOMPLETO,SOLTEIRO(A),JORNALISTA E REDATOR,,SUPLENTE,0,37,
DEPUTADO ESTADUAL,1,20234,160002547502,ISAURA PALUDO,ISAURA DAIANA PALUDO,,20,PODE,PODEMOS,,,PARTIDO ISOLADO,FEMININO,BRANCA,0,43,SUPERIOR COMPLETO,CASADO(A),PROFESSOR DE ENSINO FUNDAMENTAL,,SUPLENTE,0,37,
DEPUTADO ESTADUAL,1,10222,160002547538,MENOTTI,ORLANDO SILVIO BADUINO,,10,REPUBLICANOS,REPUBLICANOS,,,PARTIDO ISOLADO,MASCULINO,PARDA,1,56,ENSINO FUNDAMENTAL INCOMPLETO,CASADO(A),LOCUTOR E COMENTARISTA DE RÁDIO E TELEVISÃO E RADIALISTA,,SUPLENTE,0,36,
DEPUTADO ESTADUAL,1,15888,160002547702,RICARDO ENDRIGO,RICARDO ENDRIGO,,15,MDB,MOVIMENTO DEMOCRÁTICO BRASILEIRO,,,PARTIDO ISOLADO,MASCULINO,BRANCA,0,62,SUPERIOR COMPLETO,DIVORCIADO(A),ADVOGADO,,SUPLENTE,0,36,
DEPUTADO ESTADUAL,1,70700,160002547400,ARIANE MÃE DE JOÕES,ARIANE CAMILA GURALH DA SILVA,,70,AVANTE,AVANTE,,,PARTIDO ISOLADO,FEMININO,BRANCA,0,40,SUPERIOR COMPLETO,CASADO(A),PROFESSOR DE ENSINO MÉDIO,,NÃO ELEITO,0,35,
DEPUTADO ESTADUAL,1,70701,160002547952,LINCOLN TRAMONTINI,LINCOLN HIDEO TRAMONTINI,,70,AVANTE,AVANTE,,,PARTIDO ISOLADO,MASCULINO,BRANCA,0,58,SUPERIOR INCOMPLETO,CASADO(A),CABELEIREIRO E BARBEIRO,,NÃO ELEITO,0,35,
DEPUTADO ESTADUAL,1,12045,160002546865,BITURUNA MARCOS BERTOLETTI,MARCOS BERTOLETTI,,12,PDT,PARTIDO DEMOCRÁTICO TRABALHISTA,,,PARTIDO ISOLADO,MASCULINO,BRANCA,0,53,SUPERIOR COMPLETO,CASADO(A),AGRICULTOR,,SUPLENTE,0,34,
DEPUTADO ESTADUAL,1,15055,160002547669,JOSIEL LIMA,JOSIEL DE LIMA,,15,MDB,MOVIMENTO DEMOCRÁTICO BRASILEIRO,,,PARTIDO ISOLADO,MASCULINO,BRANCA,0,39,SUPERIOR COMPLETO,CASADO(A),AGRICULTOR,,SUPLENTE,0,34,
DEPUTADO ESTADUAL,1,15200,160002547687,ROSY ANNE BERTOCO,ROSY ANNE ALMODOVAS RODRIGUES RIBEIRO,,15,MDB,MOVIMENTO DEMOCRÁTICO BRASILEIRO,,,PARTIDO ISOLADO,FEMININO,BRANCA,0,46,SUPERIOR COMPLETO,CASADO(A),SERVIDOR PÚBLICO ESTADUAL,,SUPLENTE,0,34,
DEPUTADO ESTADUAL,1,30100,160002542349,JOÃO PORTUGAL,JOÃO LUCAS PORTUGAL DE OLIVEIRA,,30,NOVO,PARTIDO NOVO,,,PARTIDO ISOLADO,MASCULINO,BRANCA,0,28,SUPERIOR INCOMPLETO,CASADO(A),REPRESENTANTE COMERCIAL,,SUPLENTE,0,33,
DEPUTADO ESTADUAL,1,50100,160002554272,ETIENE DA SILVA,ETIENE DA SILVA,,50,PSOL,PARTIDO SOCIALISMO E LIBERDADE,50-PSOL/18-REDE,FEDERAÇÃO PSOL REDE,FEDERAÇÃO,FEMININO,PRETA,1,44,ENSINO FUNDAMENTAL INCOMPLETO,VIÚVO(A),DONA DE CASA,,NÃO ELEITO,0,33,
DEPUTADO ESTADUAL,1,70707,160002547943,SAMARA HEADLEY,SAMARA DA SILVA HEADLEY,,70,AVANTE,AVANTE,,,PARTIDO ISOLADO,FEMININO,PRETA,1,61,SUPERIOR COMPLETO,CASADO(A),PROFESSOR DE ENSINO SUPERIOR,,NÃO ELEITO,0,33,
DEPUTADO ESTADUAL,1,18333,160002547763,SIDSOM,SIDNEI DE ALMEIDA,,18,REDE,REDE SUSTENTABILIDADE,50-PSOL/18-REDE,FEDERAÇÃO PSOL REDE,FEDERAÇÃO,MASCULINO,PARDA,1,54,ENSINO FUNDAMENTAL INCOMPLETO,CASADO(A),COMERCIANTE,,NÃO ELEITO,0,32,
DEPUTADO ESTADUAL,1,10055,160002547545,JU DOROSXI,JULIANE DOROSXI STEFANCZAK,,10,REPUBLICANOS,REPUBLICANOS,,,PARTIDO ISOLADO,FEMININO,BRANCA,0,44,SUPERIOR COMPLETO,CASADO(A),AGENTE ADMINISTRATIVO,,SUPLENTE,0,31,
DEPUTADO ESTADUAL,1,11000,160002533471,VALDECIR ALCANTARA,VALDECIR ALCANTARA RODRIGUES,,11,PP,PROGRESSISTAS,44-UNIÃO/11-PP,FEDERAÇÃO UNIÃO PROGRESSISTA,FEDERAÇÃO,MASCULINO,PARDA,1,52,SUPERIOR COMPLETO,CASADO(A),VEREADOR,,SUPLENTE,0,31,
DEPUTADO ESTADUAL,1,20102,160002547501,PROFESSORA INÊZ BERNARDES,MARIA INEZ BERNARDES,,20,PODE,PODEMOS,,,PARTIDO ISOLADO,FEMININO,PRETA,1,63,ENSINO MÉDIO COMPLETO,CASADO(A),EMPRESÁRIO,,SUPLENTE,0,31,
DEPUTADO ESTADUAL,1,30010,160002542360,AURÉLIO SAVI,AURÉLIO CESAR SAVI DOS SANTOS,,30,NOVO,PARTIDO NOVO,,,PARTIDO ISOLADO,MASCULINO,BRANCA,0,49,SUPERIOR COMPLETO,CASADO(A),ADVOGADO,,SUPLENTE,0,31,
DEPUTADO ESTADUAL,1,11123,160002533489,JULIANA CANASSA,JULIANA CARLA CANASSA ZIPPO,,11,PP,PROGRESSISTAS,44-UNIÃO/11-PP,FEDERAÇÃO UNIÃO PROGRESSISTA,FEDERAÇÃO,FEMININO,BRANCA,0,40,ENSINO MÉDIO COMPLETO,CASADO(A),JORNALISTA E REDATOR,,SUPLENTE,0,30,
DEPUTADO ESTADUAL,1,12444,160002548032,DANÚBIA SOARES,DANUBIA CRISTINA SOARES,,12,PDT,PARTIDO DEMOCRÁTICO TRABALHISTA,,,PARTIDO ISOLADO,FEMININO,BRANCA,0,46,ENSINO MÉDIO COMPLETO,CASADO(A),ADMINISTRADOR,,SUPLENTE,0,29,
DEPUTADO ESTADUAL,1,20678,160002547497,RODRIGO DO AGITA,RODRIGO CORREA,,20,PODE,PODEMOS,,,PARTIDO ISOLADO,MASCULINO,BRANCA,0,46,ENSINO MÉDIO COMPLETO,CASADO(A),OUTROS,,SUPLENTE,0,29,
DEPUTADO ESTADUAL,1,45999,160002552824,TIA DEISE DOS PETS,DORCAS NOGUEIRA,,45,PSDB,PARTIDO DA SOCIAL DEMOCRACIA BRASILEIRA,45-PSDB/23-CIDADANIA,FEDERAÇÃO PSDB CIDADANIA,FEDERAÇÃO,FEMININO,PARDA,1,76,ENSINO MÉDIO COMPLETO,SOLTEIRO(A),DONA DE CASA,,NÃO ELEITO,0,29,
DEPUTADO ESTADUAL,1,12512,160002546861,DÉBORA W,DEBORA WIETOZIKOSKI,,12,PDT,PARTIDO DEMOCRÁTICO TRABALHISTA,,,PARTIDO ISOLADO,FEMININO,PRETA,1,42,SUPERIOR COMPLETO,SOLTEIRO(A),TÉCNICO DE ENFERMAGEM E ASSEMELHADOS (EXCETO ENFERMEIRO),,SUPLENTE,0,28,
DEPUTADO ESTADUAL,1,45001,160002552791,TAISON WILLIAN SUTIL,TAISON WILLIAN DA SILVA SUTIL,,45,PSDB,PARTIDO DA SOCIAL DEMOCRACIA BRASILEIRA,45-PSDB/23-CIDADANIA,FEDERAÇÃO PSDB CIDADANIA,FEDERAÇÃO,MASCULINO,BRANCA,0,37,SUPERIOR COMPLETO,SOLTEIRO(A),ADVOGADO,,NÃO ELEITO,0,28,
DEPUTADO ESTADUAL,1,14021,160002551159,EDUARDO GOMES,EDUARDO NUNES GOMES,,14,MISSÃO,PARTIDO MISSÃO,,,PARTIDO ISOLADO,MASCULINO,PARDA,1,27,SUPERIOR INCOMPLETO,CASADO(A),MÚSICO,,NÃO ELEITO,0,27,
DEPUTADO ESTADUAL,1,15234,160002547677,PROFESSORA SANDRA SOETHE,SANDRA APARECIDA KOGELISKI SOETHE,,15,MDB,MOVIMENTO DEMOCRÁTICO BRASILEIRO,,,PARTIDO ISOLADO,FEMININO,BRANCA,0,42,SUPERIOR COMPLETO,CASADO(A),PROFESSOR DE ENSINO FUNDAMENTAL,,SUPLENTE,0,27,
DEPUTADO ESTADUAL,1,18025,160002547757,MAYARA KELLY,MAYARA KELLY DOS SANTOS OLIVEIRA,,18,REDE,REDE SUSTENTABILIDADE,50-PSOL/18-REDE,FEDERAÇÃO PSOL REDE,FEDERAÇÃO,FEMININO,BRANCA,0,29,ENSINO MÉDIO COMPLETO,SOLTEIRO(A),"ESTUDANTE, BOLSISTA, ESTAGIÁRIO E ASSEMELHADOS",,NÃO ELEITO,0,27,
DEPUTADO ESTADUAL,1,20122,160002547517,IVONETEDOMÓI,IVONETE APARECIDA DOS SANTOS,,20,PODE,PODEMOS,,,PARTIDO ISOLADO,FEMININO,BRANCA,0,50,ENSINO MÉDIO COMPLETO,SOLTEIRO(A),OUTROS,,SUPLENTE,0,27,
DEPUTADO ESTADUAL,1,20191,160002547516,SILVANA LUIZA RIBEIRO,SILVANA LUIZA DA SILVA RIBEIRO,,20,PODE,PODEMOS,,,PARTIDO ISOLADO,FEMININO,BRANCA,0,45,SUPERIOR COMPLETO,CASADO(A),EMPRESÁRIO,,SUPLENTE,0,27,
DEPUTADO ESTADUAL,1,20789,160002547509,HUGO PANDA,HUGO HENRIQUE BERNARDO,,20,PODE,PODEMOS,,,PARTIDO ISOLADO,MASCULINO,BRANCA,0,39,SUPERIOR COMPLETO,CASADO(A),EMPRESÁRIO,,SUPLENTE,0,27,
DEPUTADO ESTADUAL,1,45033,160002552830,SANDRA LOPES,SANDRA APARECIDA DA SILVA LOPES,,45,PSDB,PARTIDO DA SOCIAL DEMOCRACIA BRASILEIRA,45-PSDB/23-CIDADANIA,FEDERAÇÃO PSDB CIDADANIA,FEDERAÇÃO,FEMININO,BRANCA,0,59,ENSINO FUNDAMENTAL COMPLETO,CASADO(A),ARTESÃO,,NÃO ELEITO,0,27,
DEPUTADO ESTADUAL,1,18066,160002547749,MATOSO,RUBENS DA SILVA MATOSO,,18,REDE,REDE SUSTENTABILIDADE,50-PSOL/18-REDE,FEDERAÇÃO PSOL REDE,FEDERAÇÃO,MASCULINO,PARDA,1,74,ENSINO MÉDIO COMPLETO,CASADO(A),"VENDEDOR PRACISTA, REPRESENTANTE, CAIXEIRO-VIAJANTE E ASSEMELHADOS",,NÃO ELEITO,0,26,
DEPUTADO ESTADUAL,1,25222,160002553380,MARLENE REZZADORI,MARLENE REZZADORI,,25,PRD,PARTIDO RENOVACAO DEMOCRATICA,25-PRD/77-SOLIDARIEDADE,FEDERAÇÃO RENOVAÇÃO SOLIDÁRIA,FEDERAÇÃO,FEMININO,BRANCA,0,64,SUPERIOR COMPLETO,CASADO(A),APOSENTADO (EXCETO SERVIDOR PÚBLICO),,NÃO ELEITO,0,26,
DEPUTADO ESTADUAL,1,30008,160002542374,SILVIA COSTA,SILVIA RODRIGUES DA COSTA,,30,NOVO,PARTIDO NOVO,,,PARTIDO ISOLADO,FEMININO,BRANCA,0,48,SUPERIOR COMPLETO,SEPARADO(A) JUDICIALMENTE,JORNALISTA E REDATOR,,SUPLENTE,0,26,
DEPUTADO ESTADUAL,1,55525,160002546836,EMERSON FELIX,EMERSON FELIX VELOSO,,55,PSD,PARTIDO SOCIAL DEMOCRÁTICO,,,PARTIDO ISOLADO,MASCULINO,BRANCA,0,53,ENSINO MÉDIO INCOMPLETO,SOLTEIRO(A),TAXISTA,,SUPLENTE,0,26,
DEPUTADO ESTADUAL,1,70103,160002547389,DRA. CAROLINE DIAS,CAROLINE VEIGA DIAS,,70,AVANTE,AVANTE,,,PARTIDO ISOLADO,FEMININO,BRANCA,0,37,SUPERIOR COMPLETO,SOLTEIRO(A),ADVOGADO,,NÃO ELEITO,0,26,
DEPUTADO ESTADUAL,1,22015,160002547602,MARA BOCA ABERTA,MARLY DE FATIMA RIBEIRO,,22,PL,PARTIDO LIBERAL,,,PARTIDO ISOLADO,FEMININO,BRANCA,0,52,ENSINO MÉDIO COMPLETO,CASADO(A),DONA DE CASA,,NÃO ELEITO,0,25,
DEPUTADO ESTADUAL,1,44011,160002533456,IVONE SILVA,IVONE MARIA NATAL DA SILVA,,44,UNIÃO,UNIÃO BRASIL,44-UNIÃO/11-PP,FEDERAÇÃO UNIÃO PROGRESSISTA,FEDERAÇÃO,FEMININO,BRANCA,0,50,SUPERIOR COMPLETO,SOLTEIRO(A),OUTROS,,SUPLENTE,0,25,
DEPUTADO ESTADUAL,1,45822,160002552787,MIRELLE ROMANCHUK,MIRELLE DO CARMO ROMANCHUC DE OLIVEIRA,,45,PSDB,PARTIDO DA SOCIAL DEMOCRACIA BRASILEIRA,45-PSDB/23-CIDADANIA,FEDERAÇÃO PSDB CIDADANIA,FEDERAÇÃO,FEMININO,BRANCA,0,24,ENSINO MÉDIO COMPLETO,SOLTEIRO(A),FOTÓGRAFO E ASSEMELHADOS,,NÃO ELEITO,0,25,
DEPUTADO ESTADUAL,1,14333,160002551163,MATHEUS MANHOLER,MATHEUS DAVI DA COSTA MANHOLER,,14,MISSÃO,PARTIDO MISSÃO,,,PARTIDO ISOLADO,MASCULINO,BRANCA,0,28,SUPERIOR COMPLETO,CASADO(A),EMPRESÁRIO,,NÃO ELEITO,0,24,
DEPUTADO ESTADUAL,1,14446,160002551154,LUCAS BACKES,LUCAS BACKES,,14,MISSÃO,PARTIDO MISSÃO,,,PARTIDO ISOLADO,MASCULINO,BRANCA,0,30,ENSINO MÉDIO COMPLETO,SOLTEIRO(A),FUNILEIRO,,NÃO ELEITO,0,24,
DEPUTADO ESTADUAL,1,18610,160002547741,LUIZ RANGEL,LUIZ CARLOS RANGEL,,18,REDE,REDE SUSTENTABILIDADE,50-PSOL/18-REDE,FEDERAÇÃO PSOL REDE,FEDERAÇÃO,MASCULINO,BRANCA,0,59,SUPERIOR INCOMPLETO,SOLTEIRO(A),OUTROS,,NÃO ELEITO,0,24,
DEPUTADO ESTADUAL,1,44800,160002533470,CLEVERSON SIBULSKI,CLEVERSON ANTONIO SIBULSKI,,44,UNIÃO,UNIÃO BRASIL,44-UNIÃO/11-PP,FEDERAÇÃO UNIÃO PROGRESSISTA,FEDERAÇÃO,MASCULINO,BRANCA,0,44,ENSINO MÉDIO COMPLETO,CASADO(A),"CORRETOR DE IMÓVEIS, SEGUROS, TÍTULOS E VALORES",,SUPLENTE,0,24,
DEPUTADO ESTADUAL,1,45193,160002552806,CAPITAO IGNACIO,LUCIANO JOSE IGNACIO,,45,PSDB,PARTIDO DA SOCIAL DEMOCRACIA BRASILEIRA,45-PSDB/23-CIDADANIA,FEDERAÇÃO PSDB CIDADANIA,FEDERAÇÃO,MASCULINO,BRANCA,0,63,SUPERIOR COMPLETO,DIVORCIADO(A),BOMBEIRO MILITAR,,NÃO ELEITO,0,24,
DEPUTADO ESTADUAL,1,45680,160002552803,WAGNER ESQUIANI,WAGNER ESQUIANI MARTINS,,45,PSDB,PARTIDO DA SOCIAL DEMOCRACIA BRASILEIRA,45-PSDB/23-CIDADANIA,FEDERAÇÃO PSDB CIDADANIA,FEDERAÇÃO,MASCULINO,PARDA,1,46,ENSINO MÉDIO COMPLETO,CASADO(A),EMPRESÁRIO,,NÃO ELEITO,0,24,
DEPUTADO ESTADUAL,1,12809,160002546868,ADEMIR SILVEIRA,ADEMIR SILVEIRA DOS SANTOS,,12,PDT,PARTIDO DEMOCRÁTICO TRABALHISTA,,,PARTIDO ISOLADO,MASCULINO,BRANCA,0,54,SUPERIOR COMPLETO,CASADO(A),OUTROS,,SUPLENTE,0,23,
DEPUTADO ESTADUAL,1,11010,160002533486,TATU DA TV,VALENTIM DEVAUR MENOSSI,,11,PP,PROGRESSISTAS,44-UNIÃO/11-PP,FEDERAÇÃO UNIÃO PROGRESSISTA,FEDERAÇÃO,MASCULINO,BRANCA,0,62,ENSINO MÉDIO COMPLETO,DIVORCIADO(A),LOCUTOR E COMENTARISTA DE RÁDIO E TELEVISÃO E RADIALISTA,,SUPLENTE,0,22,
DEPUTADO ESTADUAL,1,18257,160002547736,JOSÉ CARLOS MATEUS - SORVETÃO,JOSE CARLOS MATEUS,,18,REDE,REDE SUSTENTABILIDADE,50-PSOL/18-REDE,FEDERAÇÃO PSOL REDE,FEDERAÇÃO,MASCULINO,BRANCA,0,69,ENSINO FUNDAMENTAL INCOMPLETO,CASADO(A),MOTORISTA DE VEÍCULOS DE TRANSPORTE COLETIVO DE PASSAGEIROS,,NÃO ELEITO,0,21,
DEPUTADO ESTADUAL,1,45100,160002552812,BETO DA ROLEMAX,EDILBERTO DE ARAUJO AVILA,,45,PSDB,PARTIDO DA SOCIAL DEMOCRACIA BRASILEIRA,45-PSDB/23-CIDADANIA,FEDERAÇÃO PSDB CIDADANIA,FEDERAÇÃO,MASCULINO,BRANCA,0,47,SUPERIOR COMPLETO,DIVORCIADO(A),COMERCIANTE,,NÃO ELEITO,0,21,
DEPUTADO ESTADUAL,1,12920,160002546852,NETO FEITOSA,CICERO MARCELINO DA SILVA,,12,PDT,PARTIDO DEMOCRÁTICO TRABALHISTA,,,PARTIDO ISOLADO,MASCULINO,PARDA,1,49,ENSINO FUNDAMENTAL COMPLETO,SOLTEIRO(A),EMPRESÁRIO,,SUPLENTE,0,20,
DEPUTADO ESTADUAL,1,14900,160002551182,GRACI DA FAUNA SILVESTRE,GRACIELE PASQUALETO CARPES,,14,MISSÃO,PARTIDO MISSÃO,,,PARTIDO ISOLADO,FEMININO,BRANCA,0,40,SUPERIOR COMPLETO,SOLTEIRO(A),ADVOGADO,,NÃO ELEITO,0,20,
DEPUTADO ESTADUAL,1,35350,160002553667,IVANDRO BISCAIA,IVANDRO APARECIDO BISCAIA,,35,DEMOCRATA,DEMOCRATA,,,PARTIDO ISOLADO,MASCULINO,BRANCA,0,54,ENSINO MÉDIO COMPLETO,CASADO(A),COMERCIANTE,,NÃO ELEITO,0,20,
DEPUTADO ESTADUAL,1,44744,160002552569,DIAN DE BARROS,DIAN CARLOS DE BARROS ALVES RAMOS,,44,UNIÃO,UNIÃO BRASIL,44-UNIÃO/11-PP,FEDERAÇÃO UNIÃO PROGRESSISTA,FEDERAÇÃO,MASCULINO,PARDA,1,40,ENSINO MÉDIO COMPLETO,DIVORCIADO(A),POLICIAL MILITAR,,SUPLENTE,0,20,
DEPUTADO ESTADUAL,1,50888,160002554300,GISLENE,GISLENE DO ROCIO PIRES CARVALHO,,50,PSOL,PARTIDO SOCIALISMO E LIBERDADE,50-PSOL/18-REDE,FEDERAÇÃO PSOL REDE,FEDERAÇÃO,FEMININO,BRANCA,0,52,ENSINO MÉDIO INCOMPLETO,CASADO(A),"ESTUDANTE, BOLSISTA, ESTAGIÁRIO E ASSEMELHADOS",,NÃO ELEITO,0,20,
DEPUTADO ESTADUAL,1,70022,160002547959,SAMUKA,SAMUEL MATIAS DOS SANTOS,,70,AVANTE,AVANTE,,,PARTIDO ISOLADO,MASCULINO,BRANCA,0,33,SUPERIOR INCOMPLETO,SOLTEIRO(A),EMPRESÁRIO,,NÃO ELEITO,0,20,
DEPUTADO ESTADUAL,1,70888,160002547947,ANNE ADA,ANNE ADA MORAES DE SOUZA,,70,AVANTE,AVANTE,,,PARTIDO ISOLADO,FEMININO,BRANCA,0,51,SUPERIOR INCOMPLETO,DIVORCIADO(A),VEREADOR,,NÃO ELEITO,0,20,
DEPUTADO ESTADUAL,1,11444,160002533490,GUSTAVO GONÇALVES,GUSTAVO HENRIQUE GONÇALVES DA SILVA,,11,PP,PROGRESSISTAS,44-UNIÃO/11-PP,FEDERAÇÃO UNIÃO PROGRESSISTA,FEDERAÇÃO,MASCULINO,PARDA,1,31,ENSINO MÉDIO COMPLETO,CASADO(A),COMERCIANTE,,SUPLENTE,0,19,
DEPUTADO ESTADUAL,1,14131,160002551167,MATEUS PEPICE,MATEUS PEPICE,,14,MISSÃO,PARTIDO MISSÃO,,,PARTIDO ISOLADO,MASCULINO,BRANCA,0,23,SUPERIOR COMPLETO,DIVORCIADO(A),DIRETOR DE EMPRESAS,,NÃO ELEITO,0,19,
DEPUTADO ESTADUAL,1,15580,160002547670,GUTO BELTRAME,LUIZ AUGUSTO BELTRAME DE OLIVEIRA,,15,MDB,MOVIMENTO DEMOCRÁTICO BRASILEIRO,,,PARTIDO ISOLADO,MASCULINO,BRANCA,0,34,SUPERIOR COMPLETO,CASADO(A),DIRETOR DE ESTABELECIMENTO DE ENSINO,,SUPLENTE,0,19,
DEPUTADO ESTADUAL,1,23111,160002554284,SONIA BORGES,SONIA BORGES ALEXANDRE PAIS,,23,CIDADANIA,CIDADANIA,45-PSDB/23-CIDADANIA,FEDERAÇÃO PSDB CIDADANIA,FEDERAÇÃO,FEMININO,BRANCA,0,47,ENSINO MÉDIO INCOMPLETO,DIVORCIADO(A),EMPRESÁRIO,,NÃO ELEITO,0,19,
DEPUTADO ESTADUAL,1,23456,160002552813,LURDINHA DO POVO,MARIA DE LOURDES TAMAGNINI,,23,CIDADANIA,CIDADANIA,45-PSDB/23-CIDADANIA,FEDERAÇÃO PSDB CIDADANIA,FEDERAÇÃO,FEMININO,BRANCA,0,61,ENSINO MÉDIO COMPLETO,CASADO(A),EMPRESÁRIO,,NÃO ELEITO,0,19,
DEPUTADO ESTADUAL,1,70333,160002547393,JESSICA YOSHIKO,JÉSSICA YOSHICO DE SANTANA,,70,AVANTE,AVANTE,,,PARTIDO ISOLADO,FEMININO,AMARELA,0,37,SUPERIOR COMPLETO,DIVORCIADO(A),SERVIDOR PÚBLICO MUNICIPAL,,NÃO ELEITO,0,19,
DEPUTADO ESTADUAL,1,70670,160002547957,BARÉ,VALDECÍ OLIMPIO,,70,AVANTE,AVANTE,,,PARTIDO ISOLADO,MASCULINO,PRETA,1,66,ENSINO MÉDIO COMPLETO,CASADO(A),ESCULTOR E PINTOR,,NÃO ELEITO,0,19,
DEPUTADO ESTADUAL,1,12111,160002546886,MÁRCIA P SANTOS,MARCIA PASSOS DOS SANTOS,MARCIA PASSOS DOS SANTOS,12,PDT,PARTIDO DEMOCRÁTICO TRABALHISTA,,,PARTIDO ISOLADO,FEMININO,BRANCA,0,54,ENSINO MÉDIO COMPLETO,DIVORCIADO(A),OUTROS,,SUPLENTE,0,18,
DEPUTADO ESTADUAL,1,20567,160002547493,JULIETTE RODRIGUES,JULIETE RODRIGUES DE SOUSA,,20,PODE,PODEMOS,,,PARTIDO ISOLADO,FEMININO,PARDA,1,32,SUPERIOR COMPLETO,SOLTEIRO(A),OUTROS,,SUPLENTE,0,18,
DEPUTADO ESTADUAL,1,14700,160002551160,THIAGO MALDONADO,THIAGO PELEGRINI MALDONADO,,14,MISSÃO,PARTIDO MISSÃO,,,PARTIDO ISOLADO,MASCULINO,BRANCA,0,49,SUPERIOR COMPLETO,SOLTEIRO(A),EMPRESÁRIO,,NÃO ELEITO,0,17,
DEPUTADO ESTADUAL,1,15789,160002547674,RAFAEL POLY,RAFAEL FERREIRA DE OLIVEIRA,,15,MDB,MOVIMENTO DEMOCRÁTICO BRASILEIRO,,,PARTIDO ISOLADO,MASCULINO,PRETA,1,34,ENSINO MÉDIO COMPLETO,SOLTEIRO(A),OUTROS,,SUPLENTE,0,17,
DEPUTADO ESTADUAL,1,11234,160002533443,PR. JOEL LIMA,JOEL MACHADO DE LIMA,,11,PP,PROGRESSISTAS,44-UNIÃO/11-PP,FEDERAÇÃO UNIÃO PROGRESSISTA,FEDERAÇÃO,MASCULINO,BRANCA,0,44,ENSINO MÉDIO COMPLETO,CASADO(A),EMPRESÁRIO,,SUPLENTE,0,16,
DEPUTADO ESTADUAL,1,18777,160002547733,VIEIRA DA EDUCAÇÃO,ELOIR VIEIRA,,18,REDE,REDE SUSTENTABILIDADE,50-PSOL/18-REDE,FEDERAÇÃO PSOL REDE,FEDERAÇÃO,MASCULINO,PARDA,1,55,ENSINO MÉDIO COMPLETO,SOLTEIRO(A),MOTORISTA DE VEÍCULOS DE TRANSPORTE COLETIVO DE PASSAGEIROS,,NÃO ELEITO,0,16,
DEPUTADO ESTADUAL,1,20246,160002547524,CILENE PINHEIRO,CILENE DA SILVA PINHEIRO VIEIRA,,20,PODE,PODEMOS,,,PARTIDO ISOLADO,FEMININO,PARDA,1,44,ENSINO FUNDAMENTAL INCOMPLETO,CASADO(A),ALFAIATE E COSTUREIRO,,SUPLENTE,0,16,
DEPUTADO ESTADUAL,1,29029,160002552567,JUCIMAR RODRIGUES,JUCIMAR RODRIGUES,,29,PCO,PARTIDO DA CAUSA OPERÁRIA,,,PARTIDO ISOLADO,MASCULINO,PARDA,1,42,ENSINO MÉDIO INCOMPLETO,SOLTEIRO(A),MECÂNICO DE MANUTENÇÃO,,NÃO ELEITO,0,16,
DEPUTADO ESTADUAL,1,45444,160002552826,CESAR MOTA,CESAR FERREIRA MOTA,,45,PSDB,PARTIDO DA SOCIAL DEMOCRACIA BRASILEIRA,45-PSDB/23-CIDADANIA,FEDERAÇÃO PSDB CIDADANIA,FEDERAÇÃO,MASCULINO,BRANCA,0,49,ENSINO MÉDIO COMPLETO,SOLTEIRO(A),"CORRETOR DE IMÓVEIS, SEGUROS, TÍTULOS E VALORES",,NÃO ELEITO,0,16,
DEPUTADO ESTADUAL,1,10110,160002547547,CRIS DO CORSA,SILVIA CRISTINA ALVES,,10,REPUBLICANOS,REPUBLICANOS,,,PARTIDO ISOLADO,FEMININO,BRANCA,0,52,SUPERIOR COMPLETO,SOLTEIRO(A),APOSENTADO (EXCETO SERVIDOR PÚBLICO),,SUPLENTE,0,15,
DEPUTADO ESTADUAL,1,25000,160002553386,NILTON SILVA,JOSÉ NILTON DA SILVA,,25,PRD,PARTIDO RENOVACAO DEMOCRATICA,25-PRD/77-SOLIDARIEDADE,FEDERAÇÃO RENOVAÇÃO SOLIDÁRIA,FEDERAÇÃO,MASCULINO,PARDA,1,50,SUPERIOR COMPLETO,CASADO(A),EMPRESÁRIO,,NÃO ELEITO,0,15,
DEPUTADO ESTADUAL,1,25025,160002554363,ANDRESSA LEONTINO,ANDRESSA APARECIDA LEONTINO,,25,PRD,PARTIDO RENOVACAO DEMOCRATICA,25-PRD/77-SOLIDARIEDADE,FEDERAÇÃO RENOVAÇÃO SOLIDÁRIA,FEDERAÇÃO,FEMININO,BRANCA,0,39,SUPERIOR COMPLETO,DIVORCIADO(A),OUTROS,,NÃO ELEITO,0,15,
DEPUTADO ESTADUAL,1,45612,160002552796,DR ANTONIO GARCIA,ANTONIO GARCIA,,45,PSDB,PARTIDO DA SOCIAL DEMOCRACIA BRASILEIRA,45-PSDB/23-CIDADANIA,FEDERAÇÃO PSDB CIDADANIA,FEDERAÇÃO,MASCULINO,BRANCA,0,64,SUPERIOR COMPLETO,CASADO(A),ADVOGADO,,NÃO ELEITO,0,15,
DEPUTADO ESTADUAL,1,70369,160002547395,DANIELLE MARQUES,DANIELLE MARQUES DA SILVA,,70,AVANTE,AVANTE,,,PARTIDO ISOLADO,FEMININO,PARDA,1,36,SUPERIOR COMPLETO,SOLTEIRO(A),SECRETÁRIO E DATILÓGRAFO,,NÃO ELEITO,0,15,
DEPUTADO ESTADUAL,1,70456,160002547399,TIAGO CORREA,TIAGO ANTUNES CORREA,,70,AVANTE,AVANTE,,,PARTIDO ISOLADO,MASCULINO,BRANCA,0,36,SUPERIOR COMPLETO,SOLTEIRO(A),ADVOGADO,,NÃO ELEITO,0,15,
DEPUTADO ESTADUAL,1,10277,160002547540,CABO DIRSO,EDILSO FERNANDES,,10,REPUBLICANOS,REPUBLICANOS,,,PARTIDO ISOLADO,MASCULINO,PARDA,1,49,SUPERIOR INCOMPLETO,DIVORCIADO(A),POLICIAL MILITAR,,SUPLENTE,0,14,
DEPUTADO ESTADUAL,1,20800,160002547512,LUCAS MIL GRAU,LUCAS GABRIEL RODRIGUES DOS SANTOS,,20,PODE,PODEMOS,,,PARTIDO ISOLADO,MASCULINO,BRANCA,0,34,SUPERIOR COMPLETO,CASADO(A),VEREADOR,,SUPLENTE,0,14,
DEPUTADO ESTADUAL,1,77111,160002553387,TIAGO REZENDE,TIAGO ROCCO REZENDE,,77,SOLIDARIEDADE,SOLIDARIEDADE,25-PRD/77-SOLIDARIEDADE,FEDERAÇÃO RENOVAÇÃO SOLIDÁRIA,FEDERAÇÃO,MASCULINO,PARDA,1,40,ENSINO MÉDIO COMPLETO,CASADO(A),AGRICULTOR,,NÃO ELEITO,0,14,
DEPUTADO ESTADUAL,1,20070,160002547495,EVANDRO CRUZ,EVANDRO BISPO DA CRUZ,,20,PODE,PODEMOS,,,PARTIDO ISOLADO,MASCULINO,BRANCA,0,39,SUPERIOR COMPLETO,SOLTEIRO(A),EMPRESÁRIO,,NÃO ELEITO,0,13,
DEPUTADO ESTADUAL,1,44994,160002533467,PAULO RIBEIRO,PAULO CESAR RIBEIRO JUNIOR,,44,UNIÃO,UNIÃO BRASIL,44-UNIÃO/11-PP,FEDERAÇÃO UNIÃO PROGRESSISTA,FEDERAÇÃO,MASCULINO,BRANCA,0,31,SUPERIOR COMPLETO,CASADO(A),ADVOGADO,,SUPLENTE,0,12,
DEPUTADO ESTADUAL,1,45022,160002552821,JAIRO CARDOSO,JAIRO CARDOSO DE SOUZA,,45,PSDB,PARTIDO DA SOCIAL DEMOCRACIA BRASILEIRA,45-PSDB/23-CIDADANIA,FEDERAÇÃO PSDB CIDADANIA,FEDERAÇÃO,MASCULINO,PARDA,1,43,SUPERIOR COMPLETO,DIVORCIADO(A),COMERCIANTE,,NÃO ELEITO,0,12,
DEPUTADO ESTADUAL,1,45345,160002552762,TIA EDINA,EDINA MARIA PORUCZENHSKI PEREIRA,,45,PSDB,PARTIDO DA SOCIAL DEMOCRACIA BRASILEIRA,45-PSDB/23-CIDADANIA,FEDERAÇÃO PSDB CIDADANIA,FEDERAÇÃO,FEMININO,BRANCA,0,49,ENSINO MÉDIO COMPLETO,CASADO(A),MOTORISTA DE VEÍCULOS DE TRANSPORTE COLETIVO DE PASSAGEIROS,,NÃO ELEITO,0,12,
DEPUTADO ESTADUAL,1,45600,160002552828,EDSON FERREIRA,EDSON FERREIRA DA SILVA,,45,PSDB,PARTIDO DA SOCIAL DEMOCRACIA BRASILEIRA,45-PSDB/23-CIDADANIA,FEDERAÇÃO PSDB CIDADANIA,FEDERAÇÃO,MASCULINO,BRANCA,0,49,SUPERIOR INCOMPLETO,CASADO(A),OUTROS,,NÃO ELEITO,0,12,
DEPUTADO ESTADUAL,1,12543,160002546851,EMANUEL BUENO,EMANUEL HUMBERTO DE OLIVEIRA BUENO,,12,PDT,PARTIDO DEMOCRÁTICO TRABALHISTA,,,PARTIDO ISOLADO,MASCULINO,PRETA,1,48,SUPERIOR COMPLETO,CASADO(A),ADVOGADO,,SUPLENTE,0,11,
DEPUTADO ESTADUAL,1,18888,160002547762,AGNALDO BARALDI,AGNALDO BARALDI RODRIGUES,,18,REDE,REDE SUSTENTABILIDADE,50-PSOL/18-REDE,FEDERAÇÃO PSOL REDE,FEDERAÇÃO,MASCULINO,BRANCA,0,58,SUPERIOR COMPLETO,CASADO(A),AGRICULTOR,,NÃO ELEITO,0,11,
DEPUTADO ESTADUAL,1,44888,160002533459,JORGINHO,JORGE ANTÔNIO PEREIRA DOS SANTOS,,44,UNIÃO,UNIÃO BRASIL,44-UNIÃO/11-PP,FEDERAÇÃO UNIÃO PROGRESSISTA,FEDERAÇÃO,MASCULINO,PRETA,1,57,SUPERIOR COMPLETO,DIVORCIADO(A),SERVIDOR PÚBLICO MUNICIPAL,,SUPLENTE,0,11,
DEPUTADO ESTADUAL,1,70190,160002547945,PASTOR RUBERVAL,RUBERVAL BONFANTI,,70,AVANTE,AVANTE,,,PARTIDO ISOLADO,MASCULINO,BRANCA,0,58,SUPERIOR INCOMPLETO,DIVORCIADO(A),"VENDEDOR PRACISTA, REPRESENTANTE, CAIXEIRO-VIAJANTE E ASSEMELHADOS",,NÃO ELEITO,0,11,
DEPUTADO ESTADUAL,1,11022,160002533464,DAVID DE MELLO,DAVID BEZERRA DE MELO,,11,PP,PROGRESSISTAS,44-UNIÃO/11-PP,FEDERAÇÃO UNIÃO PROGRESSISTA,FEDERAÇÃO,MASCULINO,PARDA,1,59,ENSINO FUNDAMENTAL COMPLETO,DIVORCIADO(A),EMPRESÁRIO,,SUPLENTE,0,10,
DEPUTADO ESTADUAL,1,12240,160002546863,JOÃO MENDONÇA,JOAO MENDONCA DA SILVA,,12,PDT,PARTIDO DEMOCRÁTICO TRABALHISTA,,,PARTIDO ISOLADO,MASCULINO,PARDA,1,72,ENSINO MÉDIO COMPLETO,CASADO(A),COMERCIANTE,,SUPLENTE,0,10,
DEPUTADO ESTADUAL,1,23100,160002554283,CARLOS MENDES,ANTONIO CARLOS LOPES MENDES,,23,CIDADANIA,CIDADANIA,45-PSDB/23-CIDADANIA,FEDERAÇÃO PSDB CIDADANIA,FEDERAÇÃO,MASCULINO,PARDA,1,58,SUPERIOR COMPLETO,CASADO(A),SERVIDOR PÚBLICO MUNICIPAL,,NÃO ELEITO,0,10,
DEPUTADO ESTADUAL,1,30006,160002542351,LOCUTORA JESSICA OLIVEIRA,JÉSSICA APARECIDA DE OLIVEIRA DOS SANTOS,,30,NOVO,PARTIDO NOVO,,,PARTIDO ISOLADO,FEMININO,BRANCA,0,35,ENSINO MÉDIO COMPLETO,CASADO(A),LOCUTOR E COMENTARISTA DE RÁDIO E TELEVISÃO E RADIALISTA,,SUPLENTE,0,10,
DEPUTADO ESTADUAL,1,33153,160002549516,SELMA,SELMA APARECIDA GALDINO,,33,MOBILIZA,MOBILIZAÇÃO NACIONAL,,,PARTIDO ISOLADO,FEMININO,PARDA,1,52,SUPERIOR COMPLETO,SOLTEIRO(A),EMPRESÁRIO,,NÃO ELEITO,0,10,
DEPUTADO ESTADUAL,1,35277,160002553670,PROFESSORA JUREMA LEYSEN,JUREMA BARBOSA PINTO LEYSEN,,35,DEMOCRATA,DEMOCRATA,,,PARTIDO ISOLADO,FEMININO,PARDA,1,36,SUPERIOR COMPLETO,DIVORCIADO(A),"ESTUDANTE, BOLSISTA, ESTAGIÁRIO E ASSEMELHADOS",,NÃO ELEITO,0,10,
DEPUTADO ESTADUAL,1,44007,160002533441,LORI DE ANDRADE,LORIZETE APARECIDA DE ANDRADE ALLIANA,,44,UNIÃO,UNIÃO BRASIL,44-UNIÃO/11-PP,FEDERAÇÃO UNIÃO PROGRESSISTA,FEDERAÇÃO,FEMININO,BRANCA,0,50,ENSINO MÉDIO COMPLETO,DIVORCIADO(A),"TÉCNICO CONTABILIDADE, ESTATÍSTICA, ECONOMIA DOMÉSTICA E ADMINISTRAÇÃO",,SUPLENTE,0,10,
DEPUTADO ESTADUAL,1,45235,160002552802,MOISES ROSA,MOISES ROSA DA CONCEICAO,,45,PSDB,PARTIDO DA SOCIAL DEMOCRACIA BRASILEIRA,45-PSDB/23-CIDADANIA,FEDERAÇÃO PSDB CIDADANIA,FEDERAÇÃO,MASCULINO,PRETA,1,56,ENSINO MÉDIO COMPLETO,CASADO(A),SERVIDOR PÚBLICO FEDERAL,,NÃO ELEITO,0,10,
DEPUTADO ESTADUAL,1,50013,160002547758,MARCINHADOPOVVO,MARCIA REGINA DOS SANTOS,,50,PSOL,PARTIDO SOCIALISMO E LIBERDADE,50-PSOL/18-REDE,FEDERAÇÃO PSOL REDE,FEDERAÇÃO,FEMININO,PRETA,1,48,ENSINO FUNDAMENTAL INCOMPLETO,SOLTEIRO(A),OUTROS,,NÃO ELEITO,0,10,
DEPUTADO ESTADUAL,1,12612,160002546869,PINTINHO,VALDECIR JALASKO,,12,PDT,PARTIDO DEMOCRÁTICO TRABALHISTA,,,PARTIDO ISOLADO,MASCULINO,BRANCA,0,61,ENSINO MÉDIO COMPLETO,CASADO(A),VENDEDOR DE COMÉRCIO VAREJISTA E ATACADISTA,,NÃO ELEITO,0,9,
DEPUTADO ESTADUAL,1,12712,160002546885,MARCEL CHERUBIM,MARCEL ACACIO DE JESUS CHERUBIM,,12,PDT,PARTIDO DEMOCRÁTICO TRABALHISTA,,,PARTIDO ISOLADO,MASCULINO,BRANCA,0,62,ENSINO FUNDAMENTAL COMPLETO,SOLTEIRO(A),COMERCIANTE,,SUPLENTE,0,9,
DEPUTADO ESTADUAL,1,15678,160002547667,IRINEU WESSLER,IRINEU WESSLER,,15,MDB,MOVIMENTO DEMOCRÁTICO BRASILEIRO,,,PARTIDO ISOLADO,MASCULINO,BRANCA,0,68,ENSINO FUNDAMENTAL INCOMPLETO,CASADO(A),AGRICULTOR,,SUPLENTE,0,9,
DEPUTADO ESTADUAL,1,20999,160002547494,MICHELLE TAPIA,MICHELLE THAIS DE ASSIS TAPIA,,20,PODE,PODEMOS,,,PARTIDO ISOLADO,FEMININO,BRANCA,0,41,ENSINO MÉDIO COMPLETO,CASADO(A),PROFESSOR E INSTRUTOR DE FORMAÇÃO PROFISSIONAL,,SUPLENTE,0,9,
DEPUTADO ESTADUAL,1,55332,160002551662,FRANCISCA NAKAZONO,FRANCISCA PEREIRA DA SILVA NAKAZONO,,55,PSD,PARTIDO SOCIAL DEMOCRÁTICO,,,PARTIDO ISOLADO,FEMININO,AMARELA,0,68,ENSINO MÉDIO COMPLETO,CASADO(A),OUTROS,,SUPLENTE,0,9,
DEPUTADO ESTADUAL,1,14244,160002551181,STUCHI,ELOINE ALMEIDA STUCHI,,14,MISSÃO,PARTIDO MISSÃO,,,PARTIDO ISOLADO,FEMININO,BRANCA,0,32,ENSINO MÉDIO COMPLETO,SOLTEIRO(A),GERENTE,,NÃO ELEITO,0,8,
DEPUTADO ESTADUAL,1,33033,160002549515,CHALÉ,DEOCLECIO ACHRE,,33,MOBILIZA,MOBILIZAÇÃO NACIONAL,,,PARTIDO ISOLADO,MASCULINO,BRANCA,0,48,ENSINO FUNDAMENTAL INCOMPLETO,CASADO(A),"CARPINTEIRO, MARCENEIRO E ASSEMELHADOS",,NÃO ELEITO,0,8,
DEPUTADO ESTADUAL,1,12654,160002546880,SALLYN O MASCATEIRO,ALFREDO RACHID,,12,PDT,PARTIDO DEMOCRÁTICO TRABALHISTA,,,PARTIDO ISOLADO,MASCULINO,BRANCA,0,70,SUPERIOR INCOMPLETO,DIVORCIADO(A),COMERCIANTE,,SUPLENTE,0,7,
DEPUTADO ESTADUAL,1,15181,160002547684,CORRETOR GEFFERSON,GEFFERSON STEPHEN CAMPOS,,15,MDB,MOVIMENTO DEMOCRÁTICO BRASILEIRO,,,PARTIDO ISOLADO,MASCULINO,PARDA,1,38,ENSINO MÉDIO COMPLETO,SOLTEIRO(A),"CORRETOR DE IMÓVEIS, SEGUROS, TÍTULOS E VALORES",,SUPLENTE,0,7,
DEPUTADO ESTADUAL,1,15700,160002547705,EMMANUEL PREDESTIN,EMMANUEL PREDESTIN,,15,MDB,MOVIMENTO DEMOCRÁTICO BRASILEIRO,,,PARTIDO ISOLADO,MASCULINO,PRETA,1,39,SUPERIOR COMPLETO,CASADO(A),ENGENHEIRO,,SUPLENTE,0,7,
DEPUTADO ESTADUAL,1,20258,160002547514,JONAS WELTER,JONAS WELTER,,20,PODE,PODEMOS,,,PARTIDO ISOLADO,MASCULINO,BRANCA,0,43,SUPERIOR COMPLETO,SOLTEIRO(A),ASSISTENTE SOCIAL,,SUPLENTE,0,7,
DEPUTADO ESTADUAL,1,12300,160002546854,RICK GENEROSO,RODERICK GENEROSO DA SILVA,,12,PDT,PARTIDO DEMOCRÁTICO TRABALHISTA,,,PARTIDO ISOLADO,MASCULINO,BRANCA,0,47,SUPERIOR INCOMPLETO,SOLTEIRO(A),EMPRESÁRIO,,SUPLENTE,0,6,
DEPUTADO ESTADUAL,1,18836,160002547752,LUCIANA SAPORITI,LUCIANA PROHMANN SAPORITI,,18,REDE,REDE SUSTENTABILIDADE,50-PSOL/18-REDE,FEDERAÇÃO PSOL REDE,FEDERAÇÃO,FEMININO,BRANCA,0,60,SUPERIOR COMPLETO,SOLTEIRO(A),OUTROS,,NÃO ELEITO,0,6,
DEPUTADO ESTADUAL,1,70010,160002547951,DEISE DO LIMOEIRO,DEISE MARIA DE OLIVEIRA LIMA,,70,AVANTE,AVANTE,,,PARTIDO ISOLADO,FEMININO,BRANCA,0,51,SUPERIOR COMPLETO,CASADO(A),PRODUTOR AGROPECUÁRIO,,NÃO ELEITO,0,6,
DEPUTADO ESTADUAL,1,12666,160002546853,GIOVANI FAGUNDES,GIOVANI BENITES FAGUNDES,,12,PDT,PARTIDO DEMOCRÁTICO TRABALHISTA,,,PARTIDO ISOLADO,MASCULINO,PARDA,1,54,ENSINO MÉDIO COMPLETO,SOLTEIRO(A),OUTROS,,SUPLENTE,0,5,
DEPUTADO ESTADUAL,1,13027,160002542275,MC LUIZ AMATUZZI,LUIZ ALBERTO DA SILVA AMATUZZI,,13,PT,PARTIDO DOS TRABALHADORES,13-PT/65-PC do B/43-PV,FEDERAÇÃO BRASIL DA ESPERANÇA - FE BRASIL,FEDERAÇÃO,MASCULINO,BRANCA,0,66,SUPERIOR COMPLETO,SOLTEIRO(A),SERVIDOR PÚBLICO MUNICIPAL,,SUPLENTE,0,5,
DEPUTADO ESTADUAL,1,20400,160002547504,EMERSON ARVELINO,EMERSON ARVELINO DA SILVA,,20,PODE,PODEMOS,,,PARTIDO ISOLADO,MASCULINO,BRANCA,0,36,SUPERIOR COMPLETO,SOLTEIRO(A),OUTROS,,SUPLENTE,0,5,
DEPUTADO ESTADUAL,1,23600,160002552808,BRUNO NOGUEIRA,BRUNO DA SILVA NOGUEIRA,,23,CIDADANIA,CIDADANIA,45-PSDB/23-CIDADANIA,FEDERAÇÃO PSDB CIDADANIA,FEDERAÇÃO,MASCULINO,PARDA,1,29,ENSINO MÉDIO COMPLETO,SOLTEIRO(A),PROFESSOR E INSTRUTOR DE FORMAÇÃO PROFISSIONAL,,NÃO ELEITO,0,5,
DEPUTADO ESTADUAL,1,23833,160002552798,DEDÉ DA CALHA,ORIVALDO ROBERTO OLIVEIRA DA SILVA,,23,CIDADANIA,CIDADANIA,45-PSDB/23-CIDADANIA,FEDERAÇÃO PSDB CIDADANIA,FEDERAÇÃO,MASCULINO,BRANCA,0,56,ENSINO MÉDIO COMPLETO,CASADO(A),EMPRESÁRIO,,NÃO ELEITO,0,5,
DEPUTADO ESTADUAL,1,33448,160002549507,MÁRCIA MOTTA,MARCIA REGINA MOTTA,,33,MOBILIZA,MOBILIZAÇÃO NACIONAL,,,PARTIDO ISOLADO,FEMININO,PRETA,1,58,ENSINO MÉDIO INCOMPLETO,DIVORCIADO(A),OUTROS,,NÃO ELEITO,0,4,
DEPUTADO ESTADUAL,1,50354,160002547732,ELENILZA,ELENILZA CLEIDE DA SILVA,,50,PSOL,PARTIDO SOCIALISMO E LIBERDADE,50-PSOL/18-REDE,FEDERAÇÃO PSOL REDE,FEDERAÇÃO,FEMININO,BRANCA,0,54,ENSINO FUNDAMENTAL COMPLETO,SOLTEIRO(A),COZINHEIRO,,NÃO ELEITO,0,4,
DEPUTADO ESTADUAL,1,11680,160002533461,ZEBRÃO,APARECIDO DOMINGOS REGINI,,11,PP,PROGRESSISTAS,44-UNIÃO/11-PP,FEDERAÇÃO UNIÃO PROGRESSISTA,FEDERAÇÃO,MASCULINO,BRANCA,0,66,ENSINO MÉDIO COMPLETO,SEPARADO(A) JUDICIALMENTE,APOSENTADO (EXCETO SERVIDOR PÚBLICO),,SUPLENTE,0,3,
DEPUTADO ESTADUAL,1,15911,160002547676,OSNIR DO POVO,OSNIR LIMA FRANCISCO,,15,MDB,MOVIMENTO DEMOCRÁTICO BRASILEIRO,,,PARTIDO ISOLADO,MASCULINO,PARDA,1,30,ENSINO MÉDIO COMPLETO,DIVORCIADO(A),OUTROS,,SUPLENTE,0,3,
DEPUTADO ESTADUAL,1,33987,160002549509,PROFESSOR ODAIR GUILHEN,ODAIR GUILHEN,,33,MOBILIZA,MOBILIZAÇÃO NACIONAL,,,PARTIDO ISOLADO,MASCULINO,PARDA,1,54,SUPERIOR COMPLETO,SOLTEIRO(A),PROFESSOR DE ENSINO MÉDIO,,NÃO ELEITO,0,3,
DEPUTADO ESTADUAL,1,12044,160002546881,LUIZINHO,LUIZ TAVARES ROSA,,12,PDT,PARTIDO DEMOCRÁTICO TRABALHISTA,,,PARTIDO ISOLADO,MASCULINO,PRETA,1,66,ENSINO MÉDIO INCOMPLETO,CASADO(A),APOSENTADO (EXCETO SERVIDOR PÚBLICO),,NÃO ELEITO,0,2,
DEPUTADO ESTADUAL,1,45030,160002554285,JOSÉ DIRCEU DE DIREITA,JOSE DIRCEU ALVES DE ALMEIDA,,45,PSDB,PARTIDO DA SOCIAL DEMOCRACIA BRASILEIRA,45-PSDB/23-CIDADANIA,FEDERAÇÃO PSDB CIDADANIA,FEDERAÇÃO,MASCULINO,PARDA,1,47,ENSINO MÉDIO INCOMPLETO,SOLTEIRO(A),AGRICULTOR,,NÃO ELEITO,0,2,
DEPUTADO ESTADUAL,1,70420,160002547946,JOÃO CRIS,JOÃO VITOR DA SILVA CHRISTOFOLI,,70,AVANTE,AVANTE,,,PARTIDO ISOLADO,MASCULINO,BRANCA,0,27,SUPERIOR INCOMPLETO,SOLTEIRO(A),OUTROS,,NÃO ELEITO,0,2,
DEPUTADO ESTADUAL,1,70999,160002547948,DORVANILO NILO,DORVANILO GONÇALVES DA SILVA,,70,AVANTE,AVANTE,,,PARTIDO ISOLADO,MASCULINO,BRANCA,0,69,SUPERIOR COMPLETO,DIVORCIADO(A),EMPRESÁRIO,,NÃO ELEITO,0,2,
DEPUTADO ESTADUAL,1,18125,160002547740,JOÃO TAVARES,JOAO MARCOS TAVARES,,18,REDE,REDE SUSTENTABILIDADE,50-PSOL/18-REDE,FEDERAÇÃO PSOL REDE,FEDERAÇÃO,MASCULINO,PRETA,1,33,ENSINO MÉDIO COMPLETO,SOLTEIRO(A),OUTROS,,NÃO ELEITO,0,1,
DEPUTADO ESTADUAL,1,77678,160002553388,RUTE BRAVO,RUTE BRAVO DOS SANTOS DA SILVA,,77,SOLIDARIEDADE,SOLIDARIEDADE,25-PRD/77-SOLIDARIEDADE,FEDERAÇÃO RENOVAÇÃO SOLIDÁRIA,FEDERAÇÃO,FEMININO,PARDA,1,53,ENSINO FUNDAMENTAL COMPLETO,CASADO(A),SECRETÁRIO E DATILÓGRAFO,,NÃO ELEITO,0,1,
DEPUTADO ESTADUAL,1,10070,160002547555,CLOVIS AMORIM,CLOVIS CESAR FERNANDES DE AMORIM,,10,REPUBLICANOS,REPUBLICANOS,,,PARTIDO ISOLADO,MASCULINO,PARDA,1,48,SUPERIOR COMPLETO,CASADO(A),EMPRESÁRIO,,,0,0,
DEPUTADO ESTADUAL,1,12001,160002546867,MÃE GI,GISLAINE GONÇALVES,,12,PDT,PARTIDO DEMOCRÁTICO TRABALHISTA,,,PARTIDO ISOLADO,FEMININO,PARDA,1,56,SUPERIOR COMPLETO,SOLTEIRO(A),PROFESSOR DE ENSINO SUPERIOR,,,0,0,
DEPUTADO ESTADUAL,1,13690,160002542238,ZE IZAC,JOSE DE JESUZ IZAC,,13,PT,PARTIDO DOS TRABALHADORES,13-PT/65-PC do B/43-PV,FEDERAÇÃO BRASIL DA ESPERANÇA - FE BRASIL,FEDERAÇÃO,MASCULINO,BRANCA,0,58,SUPERIOR COMPLETO,CASADO(A),OUTROS,,,0,0,
DEPUTADO ESTADUAL,1,14077,160002551166,DANUSA LOPES,DANUSA LOPES BEZERRA,,14,MISSÃO,PARTIDO MISSÃO,,,PARTIDO ISOLADO,FEMININO,PRETA,1,37,SUPERIOR COMPLETO,DIVORCIADO(A),GERENTE,,,0,0,
DEPUTADO ESTADUAL,1,15115,160002547686,BETO KOBAYASHI,ROBERTO KOBAYASHI,,15,MDB,MOVIMENTO DEMOCRÁTICO BRASILEIRO,,,PARTIDO ISOLADO,MASCULINO,AMARELA,0,57,SUPERIOR COMPLETO,CASADO(A),EMPRESÁRIO,,,0,0,
DEPUTADO ESTADUAL,1,15778,160002547697,SCHIAVON MARCENEIRO,ANTONIO SCHIAVON,,15,MDB,MOVIMENTO DEMOCRÁTICO BRASILEIRO,,,PARTIDO ISOLADO,MASCULINO,BRANCA,0,73,ENSINO MÉDIO COMPLETO,CASADO(A),"CARPINTEIRO, MARCENEIRO E ASSEMELHADOS",,,0,0,
DEPUTADO ESTADUAL,1,18551,160002547743,ROBERTO COELHO,ROBERTO GONZAGA DE OLIVEIRA COELHO,,18,REDE,REDE SUSTENTABILIDADE,50-PSOL/18-REDE,FEDERAÇÃO PSOL REDE,FEDERAÇÃO,MASCULINO,BRANCA,0,57,ENSINO MÉDIO INCOMPLETO,SOLTEIRO(A),EMPRESÁRIO,,NÃO ELEITO,0,0,
DEPUTADO ESTADUAL,1,23623,160002552790,LUCAS RAMOS,LUCAS APARECIDO RAMOS,,23,CIDADANIA,CIDADANIA,45-PSDB/23-CIDADANIA,FEDERAÇÃO PSDB CIDADANIA,FEDERAÇÃO,MASCULINO,PARDA,1,30,SUPERIOR INCOMPLETO,SOLTEIRO(A),"ESTUDANTE, BOLSISTA, ESTAGIÁRIO E ASSEMELHADOS",,,0,0,
DEPUTADO ESTADUAL,1,30001,160002542378,CRIS LAUER,CRISTIANNE COSTA LAUER,,30,NOVO,PARTIDO NOVO,,,PARTIDO ISOLADO,FEMININO,BRANCA,0,52,SUPERIOR INCOMPLETO,SOLTEIRO(A),VEREADOR,,,0,0,
DEPUTADO ESTADUAL,1,33733,160002549514,JOSÉ SANTOS,JOSE APARECIDO DOS SANTOS,,33,MOBILIZA,MOBILIZAÇÃO NACIONAL,,,PARTIDO ISOLADO,MASCULINO,BRANCA,0,51,SUPERIOR COMPLETO,CASADO(A),EMPRESÁRIO,,NÃO ELEITO,0,0,
DEPUTADO ESTADUAL,1,35123,160002553668,SABINO,JOAO SABINO DOS SANTOS,,35,DEMOCRATA,DEMOCRATA,,,PARTIDO ISOLADO,MASCULINO,PARDA,1,72,ENSINO MÉDIO COMPLETO,DIVORCIADO(A),COMERCIANTE,,,0,0,
DEPUTADO ESTADUAL,1,35555,160002554128,BAIXINHO DA DALABONA,FRANCISCO VALENTIM FILHO,,35,DEMOCRATA,DEMOCRATA,,,PARTIDO ISOLADO,MASCULINO,BRANCA,0,65,ENSINO FUNDAMENTAL INCOMPLETO,CASADO(A),COMERCIANTE,,,0,0,
DEPUTADO ESTADUAL,1,35700,160002553671,MARCIO LOCO,MARCIO LUIZ GONÇALVES,,35,DEMOCRATA,DEMOCRATA,,,PARTIDO ISOLADO,MASCULINO,PRETA,1,48,ENSINO MÉDIO COMPLETO,DIVORCIADO(A),ELETRICISTA E ASSEMELHADOS,,,0,0,
DEPUTADO ESTADUAL,1,35799,160002553672,KEILA RAMOS,KEILA PATRICIA RAMOS,,35,DEMOCRATA,DEMOCRATA,,,PARTIDO ISOLADO,FEMININO,PRETA,1,47,ENSINO MÉDIO COMPLETO,CASADO(A),OUTROS,,,0,0,
DEPUTADO ESTADUAL,1,45111,160002552814,RÔ DESPACHANTE,ROSELÉIA LUCAS DOS SANTOS,,45,PSDB,PARTIDO DA SOCIAL DEMOCRACIA BRASILEIRA,45-PSDB/23-CIDADANIA,FEDERAÇÃO PSDB CIDADANIA,FEDERAÇÃO,FEMININO,BRANCA,0,46,SUPERIOR INCOMPLETO,SOLTEIRO(A),DESPACHANTE,,,0,0,
DEPUTADO ESTADUAL,1,45772,160002554286,SILVANE,SILVANE COSTA ROSA,,45,PSDB,PARTIDO DA SOCIAL DEMOCRACIA BRASILEIRA,45-PSDB/23-CIDADANIA,FEDERAÇÃO PSDB CIDADANIA,FEDERAÇÃO,FEMININO,BRANCA,0,54,SUPERIOR COMPLETO,DIVORCIADO(A),OUTROS,,,0,0,
DEPUTADO ESTADUAL,1,45922,160002552794,JADERSON JACARÉ,JADERSON DA SILVA,,45,PSDB,PARTIDO DA SOCIAL DEMOCRACIA BRASILEIRA,45-PSDB/23-CIDADANIA,FEDERAÇÃO PSDB CIDADANIA,FEDERAÇÃO,MASCULINO,BRANCA,0,47,ENSINO FUNDAMENTAL COMPLETO,SOLTEIRO(A),COMERCIANTE,,NÃO ELEITO,0,0,
DEPUTADO ESTADUAL,1,50007,160002547765,VICTOR CARTEIRO,VICTOR HUGO NOBLE TEIXEIRA,,50,PSOL,PARTIDO SOCIALISMO E LIBERDADE,50-PSOL/18-REDE,FEDERAÇÃO PSOL REDE,FEDERAÇÃO,MASCULINO,BRANCA,0,64,ENSINO MÉDIO COMPLETO,CASADO(A),MOTORISTA PARTICULAR,,,0,0,
DEPUTADO ESTADUAL,1,50111,160002547756,ANELISE SOCOLOSKI,ANELISE SCHROEDER SOCOLOSKI,,50,PSOL,PARTIDO SOCIALISMO E LIBERDADE,50-PSOL/18-REDE,FEDERAÇÃO PSOL REDE,FEDERAÇÃO,FEMININO,PARDA,1,39,SUPERIOR INCOMPLETO,SOLTEIRO(A),ADVOGADO,,,0,0,
DEPUTADO ESTADUAL,1,55345,160002546807,ALFREDO LIMA,ALFREDO LIMA PINTO,,55,PSD,PARTIDO SOCIAL DEMOCRÁTICO,,,PARTIDO ISOLADO,MASCULINO,BRANCA,0,34,SUPERIOR COMPLETO,SOLTEIRO(A),"ESTUDANTE, BOLSISTA, ESTAGIÁRIO E ASSEMELHADOS",,,0,0,
DEPUTADO ESTADUAL,1,55999,160002546820,ROSE PROTETORA DOS ANIMAIS,ROSELI DE FATIMA GALVÃO,,55,PSD,PARTIDO SOCIAL DEMOCRÁTICO,,,PARTIDO ISOLADO,FEMININO,BRANCA,0,71,ENSINO MÉDIO COMPLETO,DIVORCIADO(A),OUTROS,,,0,0,
DEPUTADO ESTADUAL,1,70234,160002547942,HERALDO FARIAS,HERALDO FELIPE DE FARIA,,70,AVANTE,AVANTE,,,PARTIDO ISOLADO,MASCULINO,BRANCA,0,65,SUPERIOR COMPLETO,DIVORCIADO(A),ADVOGADO,,,0,0,
DEPUTADO ESTADUAL,1,70777,160002547955,CUSTÓDIO DA SILVA,APARECIDO CUSTODIO DA SILVA,,70,AVANTE,AVANTE,,,PARTIDO ISOLADO,MASCULINO,BRANCA,0,69,ENSINO FUNDAMENTAL COMPLETO,CASADO(A),TRABALHADOR METALÚRGICO E SIDERÚRGICO,,,0,0,
DEPUTADO ESTADUAL,1,77888,160002553379,DR. EDIVANDE FREITAS,EDIVANDE JOSÉ DE FREITAS,,77,SOLIDARIEDADE,SOLIDARIEDADE,25-PRD/77-SOLIDARIEDADE,FEDERAÇÃO RENOVAÇÃO SOLIDÁRIA,FEDERAÇÃO,MASCULINO,PRETA,1,49,SUPERIOR COMPLETO,SOLTEIRO(A),ADVOGADO,,,0,0,
DEPUTADO FEDERAL,1,3000,160002542287,JEFFREY CHIQUINI,JEFFREY CHIQUINI DA COSTA,,30,NOVO,PARTIDO NOVO,,,PARTIDO ISOLADO,MASCULINO,BRANCA,0,36,SUPERIOR COMPLETO,CASADO(A),ADVOGADO,,ELEITO POR QP,1,112363,
DEPUTADO FEDERAL,1,3030,160002542296,GUILHERME KILTER,GUILHERME FERREIRA KILTER LIRA,,30,NOVO,PARTIDO NOVO,,,PARTIDO ISOLADO,MASCULINO,BRANCA,0,24,SUPERIOR COMPLETO,SOLTEIRO(A),EMPRESÁRIO,,ELEITO POR QP,1,95175,
DEPUTADO FEDERAL,1,1313,160002536516,ANA JÚLIA,ANA JULIA PIRES RIBEIRO,,13,PT,PARTIDO DOS TRABALHADORES,13-PT/65-PC do B/43-PV,FEDERAÇÃO BRASIL DA ESPERANÇA - FE BRASIL,FEDERAÇÃO,FEMININO,BRANCA,0,26,SUPERIOR COMPLETO,SOLTEIRO(A),ADVOGADO,,ELEITO POR QP,1,58356,
DEPUTADO FEDERAL,1,2020,160002547466,DA COSTA DO PERDEU PIÁ,GUSTAVO SILVEIRA DA COSTA,,20,PODE,PODEMOS,,,PARTIDO ISOLADO,MASCULINO,BRANCA,0,36,SUPERIOR INCOMPLETO,CASADO(A),VEREADOR,,ELEITO POR MÉDIA,1,50937,
DEPUTADO FEDERAL,1,1333,160002536522,RENATO FREITAS,RENATO DE ALMEIDA FREITAS JUNIOR,,13,PT,PARTIDO DOS TRABALHADORES,13-PT/65-PC do B/43-PV,FEDERAÇÃO BRASIL DA ESPERANÇA - FE BRASIL,FEDERAÇÃO,MASCULINO,PRETA,1,42,SUPERIOR COMPLETO,SOLTEIRO(A),DEPUTADO,,ELEITO POR QP,1,41330,
DEPUTADO FEDERAL,1,1363,160002536512,CAROL DARTORA,ANA CAROLINA MOURA MELO DARTORA,,13,PT,PARTIDO DOS TRABALHADORES,13-PT/65-PC do B/43-PV,FEDERAÇÃO BRASIL DA ESPERANÇA - FE BRASIL,FEDERAÇÃO,FEMININO,PRETA,1,43,SUPERIOR COMPLETO,DIVORCIADO(A),PROFESSOR DE ENSINO MÉDIO,,ELEITO POR QP,1,40380,
DEPUTADO FEDERAL,1,4444,160002532878,DELEGADO MATHEUS LAIOLA,MATHEUS ARAUJO LAIOLA,,44,UNIÃO,UNIÃO BRASIL,44-UNIÃO/11-PP,FEDERAÇÃO UNIÃO PROGRESSISTA,FEDERAÇÃO,MASCULINO,BRANCA,0,43,SUPERIOR COMPLETO,DIVORCIADO(A),POLICIAL CIVIL,,ELEITO POR QP,1,33432,
DEPUTADO FEDERAL,1,2222,160002547585,ROSANGELA MORO,ROSANGELA MARIA WOLFF DE QUADROS MORO,,22,PL,PARTIDO LIBERAL,,,PARTIDO ISOLADO,FEMININO,BRANCA,0,52,SUPERIOR COMPLETO,CASADO(A),DEPUTADO,,ELEITO POR QP,1,30525,
DEPUTADO FEDERAL,1,2290,160002547569,SARGENTO FAHUR,GILSON CARDOSO FAHUR,,22,PL,PARTIDO LIBERAL,,,PARTIDO ISOLADO,MASCULINO,BRANCA,0,62,ENSINO FUNDAMENTAL COMPLETO,SOLTEIRO(A),DEPUTADO,,ELEITO POR QP,1,29202,
DEPUTADO FEDERAL,1,2277,160002547591,DELEGADO TITO XERIFÃO,TITO LIVIO BARICHELLO,,22,PL,PARTIDO LIBERAL,,,PARTIDO ISOLADO,MASCULINO,BRANCA,0,60,SUPERIOR COMPLETO,CASADO(A),POLICIAL CIVIL,,SUPLENTE,0,22574,
DEPUTADO FEDERAL,1,1331,160002536520,TADEU VENERI,ANTONIO TADEU VENERI,,13,PT,PARTIDO DOS TRABALHADORES,13-PT/65-PC do B/43-PV,FEDERAÇÃO BRASIL DA ESPERANÇA - FE BRASIL,FEDERAÇÃO,MASCULINO,BRANCA,0,73,SUPERIOR INCOMPLETO,CASADO(A),APOSENTADO (EXCETO SERVIDOR PÚBLICO),,SUPLENTE,0,20297,
DEPUTADO FEDERAL,1,5501,160002542314,BETO PRETO,CARLOS ALBERTO GEBRIM PRETO,,55,PSD,PARTIDO SOCIAL DEMOCRÁTICO,,,PARTIDO ISOLADO,MASCULINO,BRANCA,0,58,SUPERIOR COMPLETO,CASADO(A),DEPUTADO,,ELEITO POR QP,1,18738,
DEPUTADO FEDERAL,1,3020,160002542297,PAULO MARTINS,PAULO EDUARDO LIMA MARTINS,,30,NOVO,PARTIDO NOVO,,,PARTIDO ISOLADO,MASCULINO,BRANCA,0,45,SUPERIOR INCOMPLETO,CASADO(A),JORNALISTA E REDATOR,,ELEITO POR QP,1,17652,
DEPUTADO FEDERAL,1,1212,160002542218,ROBERTO REQUIÃO,ROBERTO REQUIAO DE MELLO E SILVA,,12,PDT,PARTIDO DEMOCRÁTICO TRABALHISTA,,,PARTIDO ISOLADO,MASCULINO,BRANCA,0,85,SUPERIOR COMPLETO,CASADO(A),ADVOGADO,,NÃO ELEITO,0,16274,
DEPUTADO FEDERAL,1,5580,160002542318,LUIZÃO GOULART,LUIZ GOULARTE ALVES,,55,PSD,PARTIDO SOCIAL DEMOCRÁTICO,,,PARTIDO ISOLADO,MASCULINO,BRANCA,0,64,SUPERIOR COMPLETO,DIVORCIADO(A),PROFESSOR DE ENSINO MÉDIO,,ELEITO POR MÉDIA,1,14871,
DEPUTADO FEDERAL,1,4545,160002549533,BETO RICHA,CARLOS ALBERTO RICHA,,45,PSDB,PARTIDO DA SOCIAL DEMOCRACIA BRASILEIRA,45-PSDB/23-CIDADANIA,FEDERAÇÃO PSDB CIDADANIA,FEDERAÇÃO,MASCULINO,BRANCA,0,61,SUPERIOR COMPLETO,CASADO(A),DEPUTADO,,NÃO ELEITO,0,13701,
DEPUTADO FEDERAL,1,2211,160002547568,DELEGADO FRANCISCHINI,FERNANDO DESTITO FRANCISCHINI,,22,PL,PARTIDO LIBERAL,,,PARTIDO ISOLADO,MASCULINO,BRANCA,0,56,SUPERIOR COMPLETO,CASADO(A),ADVOGADO,,ELEITO POR QP,1,13155,
DEPUTADO FEDERAL,1,4040,160002532596,LUCIANO DUCCI,LUCIANO DUCCI,,40,PSB,PARTIDO SOCIALISTA BRASILEIRO,,,PARTIDO ISOLADO,MASCULINO,BRANCA,0,71,SUPERIOR COMPLETO,CASADO(A),DEPUTADO,,NÃO ELEITO,0,12384,
DEPUTADO FEDERAL,1,1530,160002540810,WILSON SOLER,WILSON SOLER,,15,MDB,MOVIMENTO DEMOCRÁTICO BRASILEIRO,,,PARTIDO ISOLADO,MASCULINO,BRANCA,0,53,SUPERIOR COMPLETO,SOLTEIRO(A),JORNALISTA E REDATOR,,SUPLENTE,0,12019,
DEPUTADO FEDERAL,1,1234,160002541988,LAÍS LEÃO,LAÍS ROCHA LEÃO,,12,PDT,PARTIDO DEMOCRÁTICO TRABALHISTA,,,PARTIDO ISOLADO,FEMININO,BRANCA,0,32,SUPERIOR COMPLETO,SOLTEIRO(A),ARQUITETO,,NÃO ELEITO,0,11713,
DEPUTADO FEDERAL,1,1010,160002540762,MERI MARTINS,MERI JANE VIDAL MARTINS,,10,REPUBLICANOS,REPUBLICANOS,,,PARTIDO ISOLADO,FEMININO,BRANCA,0,61,SUPERIOR COMPLETO,CASADO(A),ASSISTENTE SOCIAL,,SUPLENTE,0,11272,
DEPUTADO FEDERAL,1,2244,160002547581,GILSON DE SOUZA,GILSON DE SOUZA,,22,PL,PARTIDO LIBERAL,,,PARTIDO ISOLADO,MASCULINO,BRANCA,0,65,SUPERIOR COMPLETO,CASADO(A),DEPUTADO,,SUPLENTE,0,10650,
DEPUTADO FEDERAL,1,1414,160002551040,PEDRO DEYROT,PEDRO AUGUSTO FERREIRA DEIRO,,14,MISSÃO,PARTIDO MISSÃO,,,PARTIDO ISOLADO,MASCULINO,BRANCA,0,42,SUPERIOR INCOMPLETO,CASADO(A),PUBLICITÁRIO,,NÃO ELEITO,0,10592,
DEPUTADO FEDERAL,1,1011,160002540776,ALEXANDRE LEPREVOST,ALEXANDRE LEPREVOST,,10,REPUBLICANOS,REPUBLICANOS,,,PARTIDO ISOLADO,MASCULINO,BRANCA,0,42,SUPERIOR COMPLETO,SOLTEIRO(A),EMPRESÁRIO,,SUPLENTE,0,10449,
DEPUTADO FEDERAL,1,3003,160002542299,INDIARA BARBOSA,INDIARA BARBOSA CUSTODIO,,30,NOVO,PARTIDO NOVO,,,PARTIDO ISOLADO,FEMININO,BRANCA,0,43,SUPERIOR COMPLETO,DIVORCIADO(A),VEREADOR,,SUPLENTE,0,10083,
DEPUTADO FEDERAL,1,2000,160002546900,FELIPE FRANCISCHINI,LUIS FELIPE BONATTO FRANCISCHINI,,20,PODE,PODEMOS,,,PARTIDO ISOLADO,MASCULINO,BRANCA,0,35,SUPERIOR COMPLETO,SOLTEIRO(A),DEPUTADO,,ELEITO POR QP,1,9934,
DEPUTADO FEDERAL,1,2210,160002547582,STEPHANES,REINHOLD STEPHANES JUNIOR,,22,PL,PARTIDO LIBERAL,,,PARTIDO ISOLADO,MASCULINO,BRANCA,0,61,SUPERIOR COMPLETO,CASADO(A),ECONOMISTA,,SUPLENTE,0,9643,
DEPUTADO FEDERAL,1,2022,160002546899,RENAN CESCHIN,MARCOS RENAN DE MATTOS CESCHIN,,20,PODE,PODEMOS,,,PARTIDO ISOLADO,MASCULINO,BRANCA,0,41,SUPERIOR COMPLETO,CASADO(A),VEREADOR,,SUPLENTE,0,9561,
DEPUTADO FEDERAL,1,1020,160002540773,EDER BUBLITZ,EDER EDUARDO BUBLITZ,,10,REPUBLICANOS,REPUBLICANOS,,,PARTIDO ISOLADO,MASCULINO,BRANCA,0,44,SUPERIOR COMPLETO,CASADO(A),ZOOTECNISTA,,SUPLENTE,0,9021,
DEPUTADO FEDERAL,1,2219,160002547592,RAFAEL DANTAS,RAFAEL DANTAS,,22,PL,PARTIDO LIBERAL,,,PARTIDO ISOLADO,MASCULINO,BRANCA,0,39,SUPERIOR COMPLETO,SOLTEIRO(A),EMPRESÁRIO,,SUPLENTE,0,8862,
DEPUTADO FEDERAL,1,4000,160002532590,CAMILLA GONDA,CAMILLA DE MORAES GONDA,,40,PSB,PARTIDO SOCIALISTA BRASILEIRO,,,PARTIDO ISOLADO,FEMININO,BRANCA,0,25,SUPERIOR COMPLETO,SOLTEIRO(A),VEREADOR,,NÃO ELEITO,0,8698,
DEPUTADO FEDERAL,1,5567,160002542340,SERGINHO (DO POSTO),SERGIO RENATO BUENO BALAGUER,,55,PSD,PARTIDO SOCIAL DEMOCRÁTICO,,,PARTIDO ISOLADO,MASCULINO,BRANCA,0,59,SUPERIOR COMPLETO,CASADO(A),VEREADOR,,SUPLENTE,0,8657,
DEPUTADO FEDERAL,1,2007,160002546898,DELEGADO GUILHERME DIAS,GUILHERME LUIZ DIAS,,20,PODE,PODEMOS,,,PARTIDO ISOLADO,MASCULINO,BRANCA,0,36,SUPERIOR COMPLETO,DIVORCIADO(A),POLICIAL CIVIL,,SUPLENTE,0,8159,
DEPUTADO FEDERAL,1,1515,160002540793,PROFESSOR EULER,EULER DE FREITAS SILVA JUNIOR,,15,MDB,MOVIMENTO DEMOCRÁTICO BRASILEIRO,,,PARTIDO ISOLADO,MASCULINO,BRANCA,0,52,SUPERIOR COMPLETO,DIVORCIADO(A),VEREADOR,,SUPLENTE,0,7662,
DEPUTADO FEDERAL,1,2217,160002547584,OLIMPIO,OLIMPIO PEREIRA DE ARAUJO JUNIOR,,22,PL,PARTIDO LIBERAL,,,PARTIDO ISOLADO,MASCULINO,BRANCA,0,49,SUPERIOR COMPLETO,CASADO(A),VEREADOR,,SUPLENTE,0,6809,
DEPUTADO FEDERAL,1,1000,160002540769,PEDRO LUPION,PEDRO DEBONI LUPION MELLO,,10,REPUBLICANOS,REPUBLICANOS,,,PARTIDO ISOLADO,MASCULINO,BRANCA,0,43,SUPERIOR COMPLETO,CASADO(A),DEPUTADO,,ELEITO POR QP,1,5758,
DEPUTADO FEDERAL,1,1500,160002540797,KARIME FAYAD,KARIME FAYAD,,15,MDB,MOVIMENTO DEMOCRÁTICO BRASILEIRO,,,PARTIDO ISOLADO,FEMININO,BRANCA,0,36,SUPERIOR COMPLETO,SOLTEIRO(A),ARQUITETO,,SUPLENTE,0,5669,
DEPUTADO FEDERAL,1,1300,160002536499,ARILSON CHIORATO,ARILSON MAROLDI CHIORATO,,13,PT,PARTIDO DOS TRABALHADORES,13-PT/65-PC do B/43-PV,FEDERAÇÃO BRASIL DA ESPERANÇA - FE BRASIL,FEDERAÇÃO,MASCULINO,BRANCA,0,48,SUPERIOR COMPLETO,CASADO(A),DEPUTADO,,ELEITO POR MÉDIA,1,5648,
DEPUTADO FEDERAL,1,2202,160002547593,RICARDO ARRUDA,RICARDO ARRUDA NUNES,,22,PL,PARTIDO LIBERAL,,,PARTIDO ISOLADO,MASCULINO,BRANCA,0,64,SUPERIOR COMPLETO,CASADO(A),EMPRESÁRIO,,ELEITO POR MÉDIA,1,5129,
DEPUTADO FEDERAL,1,1023,160002540768,NEWTON BONIN,NEWTON BONIN,,10,REPUBLICANOS,REPUBLICANOS,,,PARTIDO ISOLADO,MASCULINO,BRANCA,0,66,SUPERIOR INCOMPLETO,CASADO(A),EMPRESÁRIO,,ELEITO POR MÉDIA,1,5116,
DEPUTADO FEDERAL,1,1022,160002540763,PASTOR CARLOS EDUARDO,CARLOS EDUARDO NERES LOURENCO,,10,REPUBLICANOS,REPUBLICANOS,,,PARTIDO ISOLADO,MASCULINO,BRANCA,0,54,SUPERIOR COMPLETO,CASADO(A),ADVOGADO,,SUPLENTE,0,4362,
DEPUTADO FEDERAL,1,2038,160002547469,SARGENTO TÂNIA GUERREIRO,TANIA MARA ABRAO GUERREIRO,,20,PODE,PODEMOS,,,PARTIDO ISOLADO,FEMININO,BRANCA,0,67,SUPERIOR COMPLETO,DIVORCIADO(A),POLICIAL MILITAR,,SUPLENTE,0,4254,
DEPUTADO FEDERAL,1,1330,160002536502,MARLEI FERNANDES,MARLEI FERNANDES DE CARVALHO,,13,PT,PARTIDO DOS TRABALHADORES,13-PT/65-PC do B/43-PV,FEDERAÇÃO BRASIL DA ESPERANÇA - FE BRASIL,FEDERAÇÃO,FEMININO,BRANCA,0,59,SUPERIOR COMPLETO,DIVORCIADO(A),PROFESSOR DE ENSINO MÉDIO,,SUPLENTE,0,4212,
DEPUTADO FEDERAL,1,5500,160002542337,LEANDRE,LEANDRE DAL PONTE,,55,PSD,PARTIDO SOCIAL DEMOCRÁTICO,,,PARTIDO ISOLADO,FEMININO,BRANCA,0,50,SUPERIOR COMPLETO,CASADO(A),DEPUTADO,,ELEITO POR QP,1,4180,
DEPUTADO FEDERAL,1,1310,160002536519,ZECA DIRCEU,JOSE CARLOS BECKER DE OLIVEIRA E SILVA,,13,PT,PARTIDO DOS TRABALHADORES,13-PT/65-PC do B/43-PV,FEDERAÇÃO BRASIL DA ESPERANÇA - FE BRASIL,FEDERAÇÃO,MASCULINO,BRANCA,0,48,SUPERIOR COMPLETO,SOLTEIRO(A),DEPUTADO,,ELEITO POR QP,1,4023,
DEPUTADO FEDERAL,1,2233,160002547578,CARLISE KWIATKOWSKI,CARLISE APARECIDA KWIATKOWSKI,,22,PL,PARTIDO LIBERAL,,,PARTIDO ISOLADO,FEMININO,BRANCA,0,50,SUPERIOR INCOMPLETO,VIÚVO(A),VEREADOR,,SUPLENTE,0,3995,
DEPUTADO FEDERAL,1,1111,160002532851,TONINHO WANDSCHEER,ANTONIO WANDSCHEER,,11,PP,PROGRESSISTAS,44-UNIÃO/11-PP,FEDERAÇÃO UNIÃO PROGRESSISTA,FEDERAÇÃO,MASCULINO,BRANCA,0,76,SUPERIOR COMPLETO,CASADO(A),DEPUTADO,,ELEITO POR QP,1,3871,
DEPUTADO FEDERAL,1,1151,160002532857,RICARDO BARROS,RICARDO JOSE MAGALHÃES BARROS,,11,PP,PROGRESSISTAS,44-UNIÃO/11-PP,FEDERAÇÃO UNIÃO PROGRESSISTA,FEDERAÇÃO,MASCULINO,BRANCA,0,66,SUPERIOR COMPLETO,CASADO(A),DEPUTADO,,ELEITO POR QP,1,3795,
DEPUTADO FEDERAL,1,4412,160002532859,PAULO LITRO,PAULO HENRIQUE COLETTI FERNANDES,,44,UNIÃO,UNIÃO BRASIL,44-UNIÃO/11-PP,FEDERAÇÃO UNIÃO PROGRESSISTA,FEDERAÇÃO,MASCULINO,BRANCA,0,34,SUPERIOR COMPLETO,CASADO(A),ADVOGADO,,ELEITO POR QP,1,3737,
DEPUTADO FEDERAL,1,2027,160002547461,ANA PAVELSKI,ANA PAULA PAVELSKI,,20,PODE,PODEMOS,,,PARTIDO ISOLADO,FEMININO,BRANCA,0,46,SUPERIOR COMPLETO,SOLTEIRO(A),ADVOGADO,,SUPLENTE,0,3624,
DEPUTADO FEDERAL,1,1400,160002551036,GABRIEL BERTOLUCCI,GABRIEL JULIANO BERTOLUCCI RODRIGUES,,14,MISSÃO,PARTIDO MISSÃO,,,PARTIDO ISOLADO,MASCULINO,BRANCA,0,23,SUPERIOR COMPLETO,SOLTEIRO(A),ECONOMISTA,,NÃO ELEITO,0,3166,
DEPUTADO FEDERAL,1,1190,160002532868,SOLDADO GERSON,GERSON DE JESUS MONTEIRO JUNIOR,,11,PP,PROGRESSISTAS,44-UNIÃO/11-PP,FEDERAÇÃO UNIÃO PROGRESSISTA,FEDERAÇÃO,MASCULINO,BRANCA,0,36,SUPERIOR COMPLETO,CASADO(A),POLICIAL MILITAR,,SUPLENTE,0,3001,
DEPUTADO FEDERAL,1,4488,160002532872,SANTIN ROVEDA,HILTON SANTIN ROVEDA,,44,UNIÃO,UNIÃO BRASIL,44-UNIÃO/11-PP,FEDERAÇÃO UNIÃO PROGRESSISTA,FEDERAÇÃO,MASCULINO,BRANCA,0,44,SUPERIOR COMPLETO,CASADO(A),EMPRESÁRIO,,SUPLENTE,0,2985,
DEPUTADO FEDERAL,1,5555,160002542313,MARCELO RANGEL,MARCELO RANGEL CRUZ DE OLIVEIRA,,55,PSD,PARTIDO SOCIAL DEMOCRÁTICO,,,PARTIDO ISOLADO,MASCULINO,BRANCA,0,56,SUPERIOR COMPLETO,CASADO(A),DEPUTADO,,SUPLENTE,0,2958,
DEPUTADO FEDERAL,1,1322,160002536518,UALID RABAH,UALIID HUSSEIN ALI MOHD RABAH,,13,PT,PARTIDO DOS TRABALHADORES,13-PT/65-PC do B/43-PV,FEDERAÇÃO BRASIL DA ESPERANÇA - FE BRASIL,FEDERAÇÃO,MASCULINO,BRANCA,0,59,SUPERIOR INCOMPLETO,CASADO(A),EMPRESÁRIO,,SUPLENTE,0,2901,
DEPUTADO FEDERAL,1,1155,160002532870,MARCELO DAL NEGRO,MARCELO SETIM DAL NEGRO DA ROCHA,,11,PP,PROGRESSISTAS,44-UNIÃO/11-PP,FEDERAÇÃO UNIÃO PROGRESSISTA,FEDERAÇÃO,MASCULINO,BRANCA,0,31,ENSINO MÉDIO COMPLETO,SOLTEIRO(A),EMPRESÁRIO,,SUPLENTE,0,2684,
DEPUTADO FEDERAL,1,1599,160002540791,JOÃO DA 5 IRMÃOS,JOAO CARLOS RODRIGUES,,15,MDB,MOVIMENTO DEMOCRÁTICO BRASILEIRO,,,PARTIDO ISOLADO,MASCULINO,BRANCA,0,50,SUPERIOR COMPLETO,CASADO(A),COMERCIANTE,,SUPLENTE,0,2656,
DEPUTADO FEDERAL,1,4044,160002532600,REJANE SOLDANI,REJANE SOLDANI SOBREIRO,,40,PSB,PARTIDO SOCIALISTA BRASILEIRO,,,PARTIDO ISOLADO,FEMININO,PARDA,1,47,SUPERIOR COMPLETO,DIVORCIADO(A),OUTROS,,NÃO ELEITO,0,2432,
DEPUTADO FEDERAL,1,7777,160002553367,GALO DA TV,PAULO ROBERTO DA COSTA,,77,SOLIDARIEDADE,SOLIDARIEDADE,25-PRD/77-SOLIDARIEDADE,FEDERAÇÃO RENOVAÇÃO SOLIDÁRIA,FEDERAÇÃO,MASCULINO,PARDA,1,74,SUPERIOR INCOMPLETO,CASADO(A),JORNALISTA E REDATOR,,NÃO ELEITO,0,2424,
DEPUTADO FEDERAL,1,1511,160002540805,ROGERIO CARBONI,ROGERIO HELIAS CARBONI,,15,MDB,MOVIMENTO DEMOCRÁTICO BRASILEIRO,,,PARTIDO ISOLADO,MASCULINO,BRANCA,0,57,SUPERIOR COMPLETO,CASADO(A),ADVOGADO,,SUPLENTE,0,2282,
DEPUTADO FEDERAL,1,2200,160002547565,VERMELHO,NELSI COGUETTO MARIA,,22,PL,PARTIDO LIBERAL,,,PARTIDO ISOLADO,MASCULINO,BRANCA,0,67,SUPERIOR COMPLETO,DIVORCIADO(A),EMPRESÁRIO,,ELEITO POR QP,1,2249,
DEPUTADO FEDERAL,1,1103,160002532867,JULIETA REIS,JULIETA MARIA BRAGA CORTES FIALHO DOS REIS,,11,PP,PROGRESSISTAS,44-UNIÃO/11-PP,FEDERAÇÃO UNIÃO PROGRESSISTA,FEDERAÇÃO,FEMININO,BRANCA,0,79,SUPERIOR COMPLETO,VIÚVO(A),APOSENTADO (EXCETO SERVIDOR PÚBLICO),,SUPLENTE,0,2200,
DEPUTADO FEDERAL,1,3033,160002542284,NETO SANTOS DA MULTILOJA,HORACI SANTOS NETO,,30,NOVO,PARTIDO NOVO,,,PARTIDO ISOLADO,MASCULINO,BRANCA,0,46,SUPERIOR INCOMPLETO,CASADO(A),EMPRESÁRIO,,SUPLENTE,0,1920,
DEPUTADO FEDERAL,1,4400,160002532863,DIEGO GARCIA,DIEGO ALEXSANDER GONÇALO PAULA GARCIA,,44,UNIÃO,UNIÃO BRASIL,44-UNIÃO/11-PP,FEDERAÇÃO UNIÃO PROGRESSISTA,FEDERAÇÃO,MASCULINO,PARDA,1,41,SUPERIOR COMPLETO,CASADO(A),DEPUTADO,,SUPLENTE,0,1903,
DEPUTADO FEDERAL,1,1345,160002536506,ANDRÉ VARGAS,ANDRE LUIZ VARGAS ILARIO,,13,PT,PARTIDO DOS TRABALHADORES,13-PT/65-PC do B/43-PV,FEDERAÇÃO BRASIL DA ESPERANÇA - FE BRASIL,FEDERAÇÃO,MASCULINO,BRANCA,0,62,ENSINO MÉDIO COMPLETO,CASADO(A),AGRICULTOR,,SUPLENTE,0,1832,
DEPUTADO FEDERAL,1,2077,160002547465,DANIEL GODRI JR,DANIEL GODRI JUNIOR,,20,PODE,PODEMOS,,,PARTIDO ISOLADO,MASCULINO,BRANCA,0,48,SUPERIOR COMPLETO,CASADO(A),OUTROS,,SUPLENTE,0,1813,
DEPUTADO FEDERAL,1,3074,160002542282,ADILSON SEIDI,ADILSON SEIDI SUGUIURA,,30,NOVO,PARTIDO NOVO,,,PARTIDO ISOLADO,MASCULINO,AMARELA,0,52,SUPERIOR COMPLETO,CASADO(A),MÉDICO,,SUPLENTE,0,1725,
DEPUTADO FEDERAL,1,1324,160002536511,CAROL SILVA,CAROLINE FELISBINO DA SILVA,,13,PT,PARTIDO DOS TRABALHADORES,13-PT/65-PC do B/43-PV,FEDERAÇÃO BRASIL DA ESPERANÇA - FE BRASIL,FEDERAÇÃO,FEMININO,PRETA,1,34,SUPERIOR INCOMPLETO,SOLTEIRO(A),OUTROS,,SUPLENTE,0,1707,
DEPUTADO FEDERAL,1,1077,160002540766,MARCIO PACHECO,MARCIO JOSE PACHECO RAMOS,,10,REPUBLICANOS,REPUBLICANOS,,,PARTIDO ISOLADO,MASCULINO,BRANCA,0,49,SUPERIOR COMPLETO,CASADO(A),DEPUTADO,,SUPLENTE,0,1688,
DEPUTADO FEDERAL,1,3050,160002542289,HOMERO MARCHESE,HOMERO FIGUEIREDO LIMA E MARCHESE,,30,NOVO,PARTIDO NOVO,,,PARTIDO ISOLADO,MASCULINO,BRANCA,0,43,SUPERIOR COMPLETO,CASADO(A),ADVOGADO,,SUPLENTE,0,1650,
DEPUTADO FEDERAL,1,1199,160002532858,TIÃO MEDEIROS,SEBASTIÃO HENRIQUE DE MEDEIROS,,11,PP,PROGRESSISTAS,44-UNIÃO/11-PP,FEDERAÇÃO UNIÃO PROGRESSISTA,FEDERAÇÃO,MASCULINO,BRANCA,0,43,SUPERIOR COMPLETO,CASADO(A),DEPUTADO,,ELEITO POR QP,1,1601,
DEPUTADO FEDERAL,1,2255,160002547579,ALINE SLEUTJES,ALINE SLEUTJES,,22,PL,PARTIDO LIBERAL,,,PARTIDO ISOLADO,FEMININO,BRANCA,0,47,SUPERIOR COMPLETO,DIVORCIADO(A),EMPRESÁRIO,,SUPLENTE,0,1559,
DEPUTADO FEDERAL,1,6565,160002536498,PROFESSORA AMÁBILE,AMABILE LEITE MARCHI,,65,PCDOB,PARTIDO COMUNISTA DO BRASIL,13-PT/65-PC do B/43-PV,FEDERAÇÃO BRASIL DA ESPERANÇA - FE BRASIL,FEDERAÇÃO,FEMININO,BRANCA,0,43,SUPERIOR COMPLETO,SOLTEIRO(A),PROFESSOR E INSTRUTOR DE FORMAÇÃO PROFISSIONAL,,SUPLENTE,0,1549,
DEPUTADO FEDERAL,1,4501,160002549522,PROFESSOR MOZART,AUGUSTO MOZART ANTONICHEN PINHEIRO CRUZ,,45,PSDB,PARTIDO DA SOCIAL DEMOCRACIA BRASILEIRA,45-PSDB/23-CIDADANIA,FEDERAÇÃO PSDB CIDADANIA,FEDERAÇÃO,MASCULINO,BRANCA,0,34,SUPERIOR COMPLETO,CASADO(A),PROFESSOR DE ENSINO MÉDIO,,NÃO ELEITO,0,1518,
DEPUTADO FEDERAL,1,4433,160002532855,LUISA CANZIANI,LUÍSA CANZIANI DOS SANTOS SILVEIRA,,44,UNIÃO,UNIÃO BRASIL,44-UNIÃO/11-PP,FEDERAÇÃO UNIÃO PROGRESSISTA,FEDERAÇÃO,FEMININO,BRANCA,0,30,SUPERIOR COMPLETO,SOLTEIRO(A),ADVOGADO,,SUPLENTE,0,1488,
DEPUTADO FEDERAL,1,5005,160002547717,ALANA LANDAL,ALANA CAROLINE LANDAL,,50,PSOL,PARTIDO SOCIALISMO E LIBERDADE,50-PSOL/18-REDE,FEDERAÇÃO PSOL REDE,FEDERAÇÃO,FEMININO,BRANCA,0,37,SUPERIOR COMPLETO,SOLTEIRO(A),FISIOTERAPEUTA E TERAPEUTA OCUPACIONAL,,NÃO ELEITO,0,1455,
DEPUTADO FEDERAL,1,5522,160002542323,LUIZ NISHIMORI,LUIZ HILOSHI NISHIMORI,,55,PSD,PARTIDO SOCIAL DEMOCRÁTICO,,,PARTIDO ISOLADO,MASCULINO,BRANCA,0,77,SUPERIOR COMPLETO,CASADO(A),EMPRESÁRIO,,SUPLENTE,0,1371,
DEPUTADO FEDERAL,1,4525,160002549527,JUNIOR DA SAÚDE,CLAUDIMIRO DA SILVA LEITE JUNIOR,,45,PSDB,PARTIDO DA SOCIAL DEMOCRACIA BRASILEIRA,45-PSDB/23-CIDADANIA,FEDERAÇÃO PSDB CIDADANIA,FEDERAÇÃO,MASCULINO,BRANCA,0,51,SUPERIOR COMPLETO,CASADO(A),ENFERMEIRO,,NÃO ELEITO,0,1357,
DEPUTADO FEDERAL,1,3009,160002542291,HENRIQUE MECABÔ,HENRIQUE ANTUNES MECABÔ,,30,NOVO,PARTIDO NOVO,,,PARTIDO ISOLADO,MASCULINO,BRANCA,0,30,SUPERIOR COMPLETO,SOLTEIRO(A),ECONOMISTA,,ELEITO POR QP,1,1302,
DEPUTADO FEDERAL,1,4343,160002536505,ALIEL MACHADO,ALIEL MACHADO BARK,,43,PV,PARTIDO VERDE,13-PT/65-PC do B/43-PV,FEDERAÇÃO BRASIL DA ESPERANÇA - FE BRASIL,FEDERAÇÃO,MASCULINO,BRANCA,0,37,SUPERIOR INCOMPLETO,CASADO(A),DEPUTADO,,ELEITO POR QP,1,1267,
DEPUTADO FEDERAL,1,5511,160002542343,MARCO BRASIL,MARCO AURELIO RIBEIRO,,55,PSD,PARTIDO SOCIAL DEMOCRÁTICO,,,PARTIDO ISOLADO,MASCULINO,BRANCA,0,60,SUPERIOR COMPLETO,CASADO(A),ARTISTA PLÁSTICO E ASSEMELHADOS,,SUPLENTE,0,1225,
DEPUTADO FEDERAL,1,1323,160002536521,LUCIANA RAFAGNIN,LUCIANA GUZELLA RAFAGNIN,,13,PT,PARTIDO DOS TRABALHADORES,13-PT/65-PC do B/43-PV,FEDERAÇÃO BRASIL DA ESPERANÇA - FE BRASIL,FEDERAÇÃO,FEMININO,BRANCA,0,61,SUPERIOR COMPLETO,CASADO(A),DEPUTADO,,SUPLENTE,0,1168,
DEPUTADO FEDERAL,1,2212,160002547589,TONINHO FENELON DA FARMÁCIA,ANTONIO BENEDITO FENELON,,22,PL,PARTIDO LIBERAL,,,PARTIDO ISOLADO,MASCULINO,BRANCA,0,64,ENSINO FUNDAMENTAL COMPLETO,CASADO(A),EMPRESÁRIO,,SUPLENTE,0,1142,
DEPUTADO FEDERAL,1,2026,160002546889,RODRIGO ESTACHO,RODRIGO TLUSTIK VENEK,,20,PODE,PODEMOS,,,PARTIDO ISOLADO,MASCULINO,BRANCA,0,37,SUPERIOR INCOMPLETO,SOLTEIRO(A),DEPUTADO,,SUPLENTE,0,1138,
DEPUTADO FEDERAL,1,1512,160002540782,SERGIO SOUZA,SERGIO DE SOUZA,,15,MDB,MOVIMENTO DEMOCRÁTICO BRASILEIRO,,,PARTIDO ISOLADO,MASCULINO,BRANCA,0,55,SUPERIOR COMPLETO,CASADO(A),ADVOGADO,,ELEITO POR QP,1,1119,
DEPUTADO FEDERAL,1,3011,160002542292,DR TAFFAREL DEFENSOR ANIMAIS,THIAGO HENRIQUE TAFAREL,,30,NOVO,PARTIDO NOVO,,,PARTIDO ISOLADO,MASCULINO,BRANCA,0,38,SUPERIOR COMPLETO,SOLTEIRO(A),ADVOGADO,,SUPLENTE,0,1093,
DEPUTADO FEDERAL,1,1123,160002532853,CRISTINA SILVESTRI,ISABEL CRISTINA RAUEN SILVESTRI,,11,PP,PROGRESSISTAS,44-UNIÃO/11-PP,FEDERAÇÃO UNIÃO PROGRESSISTA,FEDERAÇÃO,FEMININO,BRANCA,0,69,SUPERIOR COMPLETO,VIÚVO(A),DEPUTADO,,SUPLENTE,0,1088,
DEPUTADO FEDERAL,1,4010,160002532598,LUCAS SIQUEIRA,LUCAS SIQUEIRA DIONISIO,,40,PSB,PARTIDO SOCIALISTA BRASILEIRO,,,PARTIDO ISOLADO,MASCULINO,BRANCA,0,31,SUPERIOR INCOMPLETO,SOLTEIRO(A),DIRETOR DE EMPRESAS,,NÃO ELEITO,0,1086,
DEPUTADO FEDERAL,1,1312,160002536517,WELTER,ELTON CARLOS WELTER,,13,PT,PARTIDO DOS TRABALHADORES,13-PT/65-PC do B/43-PV,FEDERAÇÃO BRASIL DA ESPERANÇA - FE BRASIL,FEDERAÇÃO,MASCULINO,BRANCA,0,57,SUPERIOR COMPLETO,CASADO(A),AGRICULTOR,,SUPLENTE,0,1008,
DEPUTADO FEDERAL,1,5520,160002542324,PARANHOS,LEONALDO PARANHOS DA SILVA,,55,PSD,PARTIDO SOCIAL DEMOCRÁTICO,,,PARTIDO ISOLADO,MASCULINO,BRANCA,0,60,SUPERIOR COMPLETO,CASADO(A),EMPRESÁRIO,,ELEITO POR QP,1,988,
DEPUTADO FEDERAL,1,4544,160002549526,DEROSSO,JOAO CLAUDIO DEROSSO,,45,PSDB,PARTIDO DA SOCIAL DEMOCRACIA BRASILEIRA,45-PSDB/23-CIDADANIA,FEDERAÇÃO PSDB CIDADANIA,FEDERAÇÃO,MASCULINO,BRANCA,0,69,SUPERIOR INCOMPLETO,DIVORCIADO(A),APOSENTADO (EXCETO SERVIDOR PÚBLICO),,NÃO ELEITO,0,987,
DEPUTADO FEDERAL,1,3041,160002542285,LETÍCIA FANINI,LETÍCIA BISINELLA FANINI SILVA,,30,NOVO,PARTIDO NOVO,,,PARTIDO ISOLADO,FEMININO,BRANCA,0,43,SUPERIOR COMPLETO,DIVORCIADO(A),FISIOTERAPEUTA E TERAPEUTA OCUPACIONAL,,SUPLENTE,0,946,
DEPUTADO FEDERAL,1,2012,160002546890,MARCIA SANTOS,MARCIA APARECIDA DOS SANTOS,,20,PODE,PODEMOS,,,PARTIDO ISOLADO,FEMININO,PARDA,1,52,ENSINO MÉDIO COMPLETO,SOLTEIRO(A),AGENTE POSTAL,,SUPLENTE,0,923,
DEPUTADO FEDERAL,1,4300,160002536509,ROSANE FERREIRA,CLEUSA ROSANE RIBAS FERREIRA,,43,PV,PARTIDO VERDE,13-PT/65-PC do B/43-PV,FEDERAÇÃO BRASIL DA ESPERANÇA - FE BRASIL,FEDERAÇÃO,FEMININO,BRANCA,0,63,SUPERIOR COMPLETO,CASADO(A),SERVIDOR PÚBLICO CIVIL APOSENTADO,,SUPLENTE,0,911,
DEPUTADO FEDERAL,1,4505,160002549542,MARJORIE FERREIRA,MARJORIE LOUISE FERREIRA DE SOUZA,,45,PSDB,PARTIDO DA SOCIAL DEMOCRACIA BRASILEIRA,45-PSDB/23-CIDADANIA,FEDERAÇÃO PSDB CIDADANIA,FEDERAÇÃO,FEMININO,BRANCA,0,31,SUPERIOR COMPLETO,CASADO(A),ADVOGADO,,NÃO ELEITO,0,909,
DEPUTADO FEDERAL,1,3022,160002542294,CAPITÃO MARQUES,ANDERSON FERREIRA MARQUES,,30,NOVO,PARTIDO NOVO,,,PARTIDO ISOLADO,MASCULINO,PARDA,1,56,SUPERIOR COMPLETO,CASADO(A),MILITAR REFORMADO,,SUPLENTE,0,900,
DEPUTADO FEDERAL,1,1520,160002540804,DRA PATRICIA,PATRICIA LUCIANE SANTOS DE LIMA,,15,MDB,MOVIMENTO DEMOCRÁTICO BRASILEIRO,,,PARTIDO ISOLADO,FEMININO,BRANCA,0,54,SUPERIOR COMPLETO,CASADO(A),FISIOTERAPEUTA E TERAPEUTA OCUPACIONAL,,SUPLENTE,0,861,
DEPUTADO FEDERAL,1,1326,160002536500,PROFESSOR JULIO RODRIGUES,JULIO CESAR DE PAULA RODRIGUES,,13,PT,PARTIDO DOS TRABALHADORES,13-PT/65-PC do B/43-PV,FEDERAÇÃO BRASIL DA ESPERANÇA - FE BRASIL,FEDERAÇÃO,MASCULINO,BRANCA,0,40,SUPERIOR COMPLETO,CASADO(A),PROFESSOR DE ENSINO MÉDIO,,SUPLENTE,0,853,
DEPUTADO FEDERAL,1,7755,160002553369,LETICIA FERNANDES,LETICIA CAROLINA TAVARES FERNANDES,,77,SOLIDARIEDADE,SOLIDARIEDADE,25-PRD/77-SOLIDARIEDADE,FEDERAÇÃO RENOVAÇÃO SOLIDÁRIA,FEDERAÇÃO,FEMININO,BRANCA,0,23,SUPERIOR COMPLETO,SOLTEIRO(A),VETERINÁRIO,,NÃO ELEITO,0,822,
DEPUTADO FEDERAL,1,5550,160002542327,CLOARA PINHEIRO,CLOARA PINHEIRO LIMA,,55,PSD,PARTIDO SOCIAL DEMOCRÁTICO,,,PARTIDO ISOLADO,FEMININO,BRANCA,0,63,SUPERIOR COMPLETO,CASADO(A),DEPUTADO,,SUPLENTE,0,816,
DEPUTADO FEDERAL,1,2216,160002547586,MARTA PADOVANI,MARTA ELAINE CESAR PADOVANI,,22,PL,PARTIDO LIBERAL,,,PARTIDO ISOLADO,FEMININO,BRANCA,0,53,SUPERIOR COMPLETO,CASADO(A),ADVOGADO,,SUPLENTE,0,774,
DEPUTADO FEDERAL,1,4401,160002554488,OSWALDO EUSTÁQUIO,OSWALDO EUSTAQUIO FILHO,,44,UNIÃO,UNIÃO BRASIL,44-UNIÃO/11-PP,FEDERAÇÃO UNIÃO PROGRESSISTA,FEDERAÇÃO,MASCULINO,BRANCA,0,48,SUPERIOR COMPLETO,DIVORCIADO(A),JORNALISTA E REDATOR,,SUPLENTE,0,767,
DEPUTADO FEDERAL,1,4422,160002532877,MARISA LOBO - PSICÓLOGA CRISTÃ,MARISA LOBO FRANCO FERREIRA ALVES,,44,UNIÃO,UNIÃO BRASIL,44-UNIÃO/11-PP,FEDERAÇÃO UNIÃO PROGRESSISTA,FEDERAÇÃO,FEMININO,BRANCA,0,63,SUPERIOR COMPLETO,CASADO(A),PSICÓLOGO,,SUPLENTE,0,747,
DEPUTADO FEDERAL,1,1399,160002536508,ADRIANA ARAUJO,ADRIANA APARECIDA PEREIRA DE ARAUJO,,13,PT,PARTIDO DOS TRABALHADORES,13-PT/65-PC do B/43-PV,FEDERAÇÃO BRASIL DA ESPERANÇA - FE BRASIL,FEDERAÇÃO,FEMININO,BRANCA,0,51,ENSINO MÉDIO COMPLETO,DIVORCIADO(A),JORNALISTA E REDATOR,,SUPLENTE,0,743,
DEPUTADO FEDERAL,1,1404,160002551028,ALAN LEAL,ALAN DE SOUZA LEAL,,14,MISSÃO,PARTIDO MISSÃO,,,PARTIDO ISOLADO,MASCULINO,BRANCA,0,29,ENSINO MÉDIO COMPLETO,SOLTEIRO(A),MOTORISTA DE VEÍCULOS DE TRANSPORTE DE CARGA,,NÃO ELEITO,0,725,
DEPUTADO FEDERAL,1,5508,160002542335,ADÃO PEREIRA FEDERAL,ADAO BATISTA PEREIRA,,55,PSD,PARTIDO SOCIAL DEMOCRÁTICO,,,PARTIDO ISOLADO,MASCULINO,BRANCA,0,51,SUPERIOR INCOMPLETO,CASADO(A),COMERCIANTE,,SUPLENTE,0,652,
DEPUTADO FEDERAL,1,8000,160002551000,JULIA MARINHO,JULIA DE SOUZA MARINHO,,80,UP,UNIDADE POPULAR,,,PARTIDO ISOLADO,FEMININO,PRETA,1,22,SUPERIOR COMPLETO,SOLTEIRO(A),PSICÓLOGO,,NÃO ELEITO,0,620,
DEPUTADO FEDERAL,1,1456,160002551032,GERUSA CORREA,GERUSA FRANCIELLI CORREA DA SILVA,,14,MISSÃO,PARTIDO MISSÃO,,,PARTIDO ISOLADO,FEMININO,PRETA,1,43,SUPERIOR COMPLETO,CASADO(A),DIRETOR DE ESTABELECIMENTO DE ENSINO,,NÃO ELEITO,0,617,
DEPUTADO FEDERAL,1,2300,160002549546,RENATA BUENO,RENATA EITELWEIN BUENO,,23,CIDADANIA,CIDADANIA,45-PSDB/23-CIDADANIA,FEDERAÇÃO PSDB CIDADANIA,FEDERAÇÃO,FEMININO,BRANCA,0,46,SUPERIOR COMPLETO,CASADO(A),ADVOGADO,,NÃO ELEITO,0,615,
DEPUTADO FEDERAL,1,5533,160002542316,DARLAN SCALCO,DARLAN SCALCO,,55,PSD,PARTIDO SOCIAL DEMOCRÁTICO,,,PARTIDO ISOLADO,MASCULINO,BRANCA,0,45,SUPERIOR COMPLETO,CASADO(A),CONTADOR,,SUPLENTE,0,606,
DEPUTADO FEDERAL,1,2559,160002553375,ALFREDO KAEFER,JACOB ALFREDO STOFFELS KAEFER,,25,PRD,PARTIDO RENOVACAO DEMOCRATICA,25-PRD/77-SOLIDARIEDADE,FEDERAÇÃO RENOVAÇÃO SOLIDÁRIA,FEDERAÇÃO,MASCULINO,BRANCA,0,70,SUPERIOR COMPLETO,CASADO(A),EMPRESÁRIO,,NÃO ELEITO,0,600,
DEPUTADO FEDERAL,1,1066,160002540760,JORGE DERBLI,JORGE DAVID DERBLI PINTO,,10,REPUBLICANOS,REPUBLICANOS,,,PARTIDO ISOLADO,MASCULINO,BRANCA,0,65,ENSINO MÉDIO COMPLETO,CASADO(A),EMPRESÁRIO,,SUPLENTE,0,597,
DEPUTADO FEDERAL,1,4500,160002549530,TULIO BANDEIRA,TULIO MARCELO DENIG BANDEIRA,,45,PSDB,PARTIDO DA SOCIAL DEMOCRACIA BRASILEIRA,45-PSDB/23-CIDADANIA,FEDERAÇÃO PSDB CIDADANIA,FEDERAÇÃO,MASCULINO,BRANCA,0,53,SUPERIOR COMPLETO,CASADO(A),ADVOGADO,,NÃO ELEITO,0,575,
DEPUTADO FEDERAL,1,2225,160002547588,ADEMAR DORFSCHMIDT,ADEMAR LINEU DORFSCHMIDT,,22,PL,PARTIDO LIBERAL,,,PARTIDO ISOLADO,MASCULINO,BRANCA,0,53,SUPERIOR INCOMPLETO,CASADO(A),EMPRESÁRIO,,SUPLENTE,0,549,
DEPUTADO FEDERAL,1,1444,160002551024,DARLON PARANÁ POP,DARLON ALEXANDRE DUTRA MARTINS,,14,MISSÃO,PARTIDO MISSÃO,,,PARTIDO ISOLADO,MASCULINO,BRANCA,0,41,SUPERIOR INCOMPLETO,CASADO(A),EMPRESÁRIO,,NÃO ELEITO,0,539,
DEPUTADO FEDERAL,1,5563,160002542317,HERALDO TRENTO,HERALDO TRENTO,,55,PSD,PARTIDO SOCIAL DEMOCRÁTICO,,,PARTIDO ISOLADO,MASCULINO,BRANCA,0,66,SUPERIOR COMPLETO,CASADO(A),EMPRESÁRIO,,SUPLENTE,0,535,
DEPUTADO FEDERAL,1,1220,160002542229,FÁBIO GASPAR DA SAÚDE,FABIO APARECIDO GASPAR,,12,PDT,PARTIDO DEMOCRÁTICO TRABALHISTA,,,PARTIDO ISOLADO,MASCULINO,PARDA,1,46,ENSINO MÉDIO COMPLETO,CASADO(A),TÉCNICO DE ENFERMAGEM E ASSEMELHADOS (EXCETO ENFERMEIRO),,NÃO ELEITO,0,533,
DEPUTADO FEDERAL,1,1303,160002536510,PROFESSORA TEREZINHA,TEREZINHA DOS SANTOS DAIPRAI,,13,PT,PARTIDO DOS TRABALHADORES,13-PT/65-PC do B/43-PV,FEDERAÇÃO BRASIL DA ESPERANÇA - FE BRASIL,FEDERAÇÃO,FEMININO,PARDA,1,60,SUPERIOR COMPLETO,CASADO(A),PROFESSOR DE ENSINO MÉDIO,,SUPLENTE,0,499,
DEPUTADO FEDERAL,1,2221,160002547575,PROFESSOR VALTER,SEBASTIÃO VALTER FERNANDES,,22,PL,PARTIDO LIBERAL,,,PARTIDO ISOLADO,MASCULINO,BRANCA,0,55,SUPERIOR COMPLETO,CASADO(A),PROFESSOR DE ENSINO MÉDIO,,SUPLENTE,0,477,
DEPUTADO FEDERAL,1,1208,160002542220,BERNADETE BRANDÃO,MARIA BERNADETE SOLANO FRAGA BRANDAO,,12,PDT,PARTIDO DEMOCRÁTICO TRABALHISTA,,,PARTIDO ISOLADO,FEMININO,BRANCA,0,65,SUPERIOR COMPLETO,SEPARADO(A) JUDICIALMENTE,OUTROS,,NÃO ELEITO,0,470,
DEPUTADO FEDERAL,1,5590,160002542334,CABO LINS,CRISTIANE LINS DE ANDRADE,,55,PSD,PARTIDO SOCIAL DEMOCRÁTICO,,,PARTIDO ISOLADO,FEMININO,PARDA,1,36,SUPERIOR INCOMPLETO,SOLTEIRO(A),POLICIAL MILITAR,,NÃO ELEITO,0,465,
DEPUTADO FEDERAL,1,1100,160002552581,DARWIN,DARWIN TAKAHIRO SHIWAKU,,11,PP,PROGRESSISTAS,44-UNIÃO/11-PP,FEDERAÇÃO UNIÃO PROGRESSISTA,FEDERAÇÃO,MASCULINO,AMARELA,0,55,SUPERIOR COMPLETO,CASADO(A),MÉDICO,,SUPLENTE,0,435,
DEPUTADO FEDERAL,1,1256,160002542217,DIEGO WERNER,DIEGO WERNER,,12,PDT,PARTIDO DEMOCRÁTICO TRABALHISTA,,,PARTIDO ISOLADO,MASCULINO,BRANCA,0,40,SUPERIOR COMPLETO,CASADO(A),SERVIDOR PÚBLICO ESTADUAL,,NÃO ELEITO,0,405,
DEPUTADO FEDERAL,1,1588,160002540796,DRA. EDELI PEPE,EDELI DOS SANTOS PEPE,,15,MDB,MOVIMENTO DEMOCRÁTICO BRASILEIRO,,,PARTIDO ISOLADO,FEMININO,BRANCA,0,57,SUPERIOR COMPLETO,SOLTEIRO(A),MÉDICO,,SUPLENTE,0,405,
DEPUTADO FEDERAL,1,4042,160002532610,DRA AMANDA MEDEIROS,AMANDA MEDEIROS DIAS,,40,PSB,PARTIDO SOCIALISTA BRASILEIRO,,,PARTIDO ISOLADO,FEMININO,BRANCA,0,34,SUPERIOR COMPLETO,CASADO(A),MÉDICO,,NÃO ELEITO,0,404,
DEPUTADO FEDERAL,1,1033,160002540779,ENFERMEIRA SUZANA RABELO,SUZANA MARGARIDA RABELO,,10,REPUBLICANOS,REPUBLICANOS,,,PARTIDO ISOLADO,FEMININO,PARDA,1,52,SUPERIOR COMPLETO,DIVORCIADO(A),ENFERMEIRO,,SUPLENTE,0,399,
DEPUTADO FEDERAL,1,4012,160002532608,SOLITÁRIO,MARCELO DA ROSA,,40,PSB,PARTIDO SOCIALISTA BRASILEIRO,,,PARTIDO ISOLADO,MASCULINO,BRANCA,0,46,ENSINO FUNDAMENTAL INCOMPLETO,SOLTEIRO(A),MOTORISTA DE VEÍCULOS DE TRANSPORTE DE CARGA,,NÃO ELEITO,0,392,
DEPUTADO FEDERAL,1,2220,160002547583,GHIOVANNY LORUSSO,GHIOVANNY KOWALCZUCK DO NASCIMENTO,,22,PL,PARTIDO LIBERAL,,,PARTIDO ISOLADO,MASCULINO,BRANCA,0,33,SUPERIOR COMPLETO,CASADO(A),VETERINÁRIO,,SUPLENTE,0,390,
DEPUTADO FEDERAL,1,1060,160002540778,DR. ARION ZANDONÁ FILHO,ARION ZANDONA FILHO,,10,REPUBLICANOS,REPUBLICANOS,,,PARTIDO ISOLADO,MASCULINO,BRANCA,0,65,SUPERIOR COMPLETO,CASADO(A),PROFESSOR DE ENSINO SUPERIOR,,SUPLENTE,0,387,
DEPUTADO FEDERAL,1,3043,160002542303,GUILHERME LIVOTI,GUILHERME MERCADANTE LIVOTI,,30,NOVO,PARTIDO NOVO,,,PARTIDO ISOLADO,MASCULINO,BRANCA,0,27,SUPERIOR COMPLETO,SOLTEIRO(A),VEREADOR,,SUPLENTE,0,387,
DEPUTADO FEDERAL,1,4523,160002554323,TAUILLO TEZELLI,TAUILLO TEZELLI,,45,PSDB,PARTIDO DA SOCIAL DEMOCRACIA BRASILEIRA,45-PSDB/23-CIDADANIA,FEDERAÇÃO PSDB CIDADANIA,FEDERAÇÃO,MASCULINO,BRANCA,0,68,SUPERIOR COMPLETO,DIVORCIADO(A),EMPRESÁRIO,,NÃO ELEITO,0,386,
DEPUTADO FEDERAL,1,5515,160002542326,ROMANO,LUIZ ROBERTO ROMANO,,55,PSD,PARTIDO SOCIAL DEMOCRÁTICO,,,PARTIDO ISOLADO,MASCULINO,BRANCA,0,67,SUPERIOR COMPLETO,CASADO(A),ADVOGADO,,SUPLENTE,0,384,
DEPUTADO FEDERAL,1,4510,160002549543,BRUNA ESMANHOTO,BRUNA SALLES ESMANHOTO,,45,PSDB,PARTIDO DA SOCIAL DEMOCRACIA BRASILEIRA,45-PSDB/23-CIDADANIA,FEDERAÇÃO PSDB CIDADANIA,FEDERAÇÃO,FEMININO,BRANCA,0,43,SUPERIOR COMPLETO,DIVORCIADO(A),JORNALISTA E REDATOR,,NÃO ELEITO,0,369,
DEPUTADO FEDERAL,1,1415,160002551029,DELEGADO EDUARDO KRUGER,EDUARDO KRUGER COSTA,,14,MISSÃO,PARTIDO MISSÃO,,,PARTIDO ISOLADO,MASCULINO,BRANCA,0,42,SUPERIOR COMPLETO,CASADO(A),POLICIAL CIVIL,,NÃO ELEITO,0,366,
DEPUTADO FEDERAL,1,1517,160002540808,CAROL CHAB,CAROLINA ANDRADE CHAB,,15,MDB,MOVIMENTO DEMOCRÁTICO BRASILEIRO,,,PARTIDO ISOLADO,FEMININO,BRANCA,0,40,SUPERIOR COMPLETO,DIVORCIADO(A),ENGENHEIRO,,SUPLENTE,0,360,
DEPUTADO FEDERAL,1,1570,160002540806,DAVID ANTUNES,DAVID ANTUNES RIBEIRO,,15,MDB,MOVIMENTO DEMOCRÁTICO BRASILEIRO,,,PARTIDO ISOLADO,MASCULINO,BRANCA,0,24,ENSINO MÉDIO COMPLETO,SOLTEIRO(A),OUTROS,,SUPLENTE,0,358,
DEPUTADO FEDERAL,1,4030,160002532602,CLODOMIR ASCARI,CLODOMIR LUIZ ASCARI,,40,PSB,PARTIDO SOCIALISTA BRASILEIRO,,,PARTIDO ISOLADO,MASCULINO,BRANCA,0,61,SUPERIOR COMPLETO,CASADO(A),ENGENHEIRO,,NÃO ELEITO,0,356,
DEPUTADO FEDERAL,1,2322,160002549551,EVANDRO ROMAN,EVANDRO ROGERIO ROMAN,,23,CIDADANIA,CIDADANIA,45-PSDB/23-CIDADANIA,FEDERAÇÃO PSDB CIDADANIA,FEDERAÇÃO,MASCULINO,BRANCA,0,53,SUPERIOR COMPLETO,CASADO(A),EMPRESÁRIO,,NÃO ELEITO,0,351,
DEPUTADO FEDERAL,1,1110,160002532875,JOCELITO CANTO,JOSELITO CANTO,,11,PP,PROGRESSISTAS,44-UNIÃO/11-PP,FEDERAÇÃO UNIÃO PROGRESSISTA,FEDERAÇÃO,MASCULINO,BRANCA,0,61,ENSINO MÉDIO INCOMPLETO,DIVORCIADO(A),LOCUTOR E COMENTARISTA DE RÁDIO E TELEVISÃO E RADIALISTA,,SUPLENTE,0,336,
DEPUTADO FEDERAL,1,1439,160002551030,ANA LÚCIA,ANA LUCIA DOS SANTOS XAVIER,,14,MISSÃO,PARTIDO MISSÃO,,,PARTIDO ISOLADO,FEMININO,BRANCA,0,39,SUPERIOR COMPLETO,SOLTEIRO(A),CONTADOR,,NÃO ELEITO,0,331,
DEPUTADO FEDERAL,1,1311,160002536497,GILVAN FEDERAL,GILVAN AGUIAR DA SILVA,,13,PT,PARTIDO DOS TRABALHADORES,13-PT/65-PC do B/43-PV,FEDERAÇÃO BRASIL DA ESPERANÇA - FE BRASIL,FEDERAÇÃO,MASCULINO,PARDA,1,46,SUPERIOR COMPLETO,CASADO(A),SERVIDOR PÚBLICO FEDERAL,,SUPLENTE,0,325,
DEPUTADO FEDERAL,1,1438,160002551033,SOLDADO GUEDES,ANDERSON LUIZ GUEDES,,14,MISSÃO,PARTIDO MISSÃO,,,PARTIDO ISOLADO,MASCULINO,PARDA,1,42,ENSINO MÉDIO COMPLETO,CASADO(A),POLICIAL MILITAR,,NÃO ELEITO,0,325,
DEPUTADO FEDERAL,1,2001,160002547467,GENNARO VELA,GENNARO VELA NETO,,20,PODE,PODEMOS,,,PARTIDO ISOLADO,MASCULINO,PARDA,1,46,SUPERIOR COMPLETO,CASADO(A),CIENTISTA POLÍTICO,,SUPLENTE,0,325,
DEPUTADO FEDERAL,1,2288,160002547580,AMIN HANNOUCHE,AMIN JOSÉ HANNOUCHE,,22,PL,PARTIDO LIBERAL,,,PARTIDO ISOLADO,MASCULINO,BRANCA,0,63,SUPERIOR COMPLETO,VIÚVO(A),ADVOGADO,,SUPLENTE,0,324,
DEPUTADO FEDERAL,1,4066,160002532611,ENFERMEIRA MARILU,MARILU CAROLESKI DO PRADO,,40,PSB,PARTIDO SOCIALISTA BRASILEIRO,,,PARTIDO ISOLADO,FEMININO,BRANCA,0,50,SUPERIOR COMPLETO,CASADO(A),ENFERMEIRO,,NÃO ELEITO,0,321,
DEPUTADO FEDERAL,1,5523,160002542329,WOLMIR AGUIAR,WOLMIR CARDOSO DE AGUIAR,,55,PSD,PARTIDO SOCIAL DEMOCRÁTICO,,,PARTIDO ISOLADO,MASCULINO,BRANCA,0,53,SUPERIOR COMPLETO,CASADO(A),ADVOGADO,,SUPLENTE,0,316,
DEPUTADO FEDERAL,1,4070,160002532591,CHARLESTON JÚNIOR INCLUSÃO,CHARLESTON ROBERTO DE OLIVEIRA MAYER JUNIOR,,40,PSB,PARTIDO SOCIALISTA BRASILEIRO,,,PARTIDO ISOLADO,MASCULINO,BRANCA,0,22,SUPERIOR INCOMPLETO,SOLTEIRO(A),"ESTUDANTE, BOLSISTA, ESTAGIÁRIO E ASSEMELHADOS",,NÃO ELEITO,0,313,
DEPUTADO FEDERAL,1,2002,160002546895,MARCO ANTONIO TRAVESSOLO,MARCO ANTONIO DOS SANTOS TRAVESSOLO,,20,PODE,PODEMOS,,,PARTIDO ISOLADO,MASCULINO,BRANCA,0,29,SUPERIOR COMPLETO,SOLTEIRO(A),EMPRESÁRIO,,SUPLENTE,0,311,
DEPUTADO FEDERAL,1,5512,160002542319,RATINHO DE COLOMBO,JOSE APARECIDO GOTARDO,,55,PSD,PARTIDO SOCIAL DEMOCRÁTICO,,,PARTIDO ISOLADO,MASCULINO,BRANCA,0,58,SUPERIOR COMPLETO,CASADO(A),VEREADOR,,SUPLENTE,0,309,
DEPUTADO FEDERAL,1,1231,160002542226,CRISTINA BALESTRA,MARIA CRISTINA BALESTRA DA SILVA SANTOS,,12,PDT,PARTIDO DEMOCRÁTICO TRABALHISTA,,,PARTIDO ISOLADO,FEMININO,BRANCA,0,58,SUPERIOR COMPLETO,CASADO(A),ADVOGADO,,NÃO ELEITO,0,304,
DEPUTADO FEDERAL,1,1477,160002551034,JORNALISTA ISAAK ALMEIDA,ISAAK JOEL PEREIRA ALMEIDA,,14,MISSÃO,PARTIDO MISSÃO,,,PARTIDO ISOLADO,MASCULINO,BRANCA,0,33,SUPERIOR COMPLETO,CASADO(A),JORNALISTA E REDATOR,,NÃO ELEITO,0,298,
DEPUTADO FEDERAL,1,1315,160002536514,PROFESSORA MICHELE,MICHELE DE FATIMA NASCIMENTO,,13,PT,PARTIDO DOS TRABALHADORES,13-PT/65-PC do B/43-PV,FEDERAÇÃO BRASIL DA ESPERANÇA - FE BRASIL,FEDERAÇÃO,FEMININO,BRANCA,0,47,SUPERIOR COMPLETO,SOLTEIRO(A),PROFESSOR DE ENSINO FUNDAMENTAL,,SUPLENTE,0,295,
DEPUTADO FEDERAL,1,1401,160002551012,DRA. YVIS,YVIS EVELYNN DE JESUS DE OLIVEIRA,,14,MISSÃO,PARTIDO MISSÃO,,,PARTIDO ISOLADO,FEMININO,PARDA,1,37,SUPERIOR COMPLETO,SOLTEIRO(A),MÉDICO,,NÃO ELEITO,0,294,
DEPUTADO FEDERAL,1,4555,160002549549,CHICO BRASILEIRO,FRANCISCO LACERDA BRASILEIRO,,45,PSDB,PARTIDO DA SOCIAL DEMOCRACIA BRASILEIRA,45-PSDB/23-CIDADANIA,FEDERAÇÃO PSDB CIDADANIA,FEDERAÇÃO,MASCULINO,BRANCA,0,60,SUPERIOR COMPLETO,CASADO(A),ODONTÓLOGO,,NÃO ELEITO,0,290,
DEPUTADO FEDERAL,1,5050,160002547720,LEANDRO DIAS,LEANDRO SANTOS DIAS,,50,PSOL,PARTIDO SOCIALISMO E LIBERDADE,50-PSOL/18-REDE,FEDERAÇÃO PSOL REDE,FEDERAÇÃO,MASCULINO,PARDA,1,39,SUPERIOR COMPLETO,CASADO(A),ADVOGADO,,NÃO ELEITO,0,287,
DEPUTADO FEDERAL,1,1367,160002536513,EDUARDO REINER,EDUARDO GUILHERME REINER,,13,PT,PARTIDO DOS TRABALHADORES,13-PT/65-PC do B/43-PV,FEDERAÇÃO BRASIL DA ESPERANÇA - FE BRASIL,FEDERAÇÃO,MASCULINO,BRANCA,0,42,SUPERIOR COMPLETO,SOLTEIRO(A),OUTROS,,SUPLENTE,0,285,
DEPUTADO FEDERAL,1,2223,160002547563,SUBTENENTE DIONEY,DIONEY FABIO BARROCA,,22,PL,PARTIDO LIBERAL,,,PARTIDO ISOLADO,MASCULINO,BRANCA,0,55,SUPERIOR COMPLETO,CASADO(A),POLICIAL MILITAR,,SUPLENTE,0,280,
DEPUTADO FEDERAL,1,1122,160002532874,DILCEU SPERAFICO,DILCEU JOÃO SPERAFICO,,11,PP,PROGRESSISTAS,44-UNIÃO/11-PP,FEDERAÇÃO UNIÃO PROGRESSISTA,FEDERAÇÃO,MASCULINO,BRANCA,0,78,SUPERIOR COMPLETO,CASADO(A),PECUARISTA,,SUPLENTE,0,276,
DEPUTADO FEDERAL,1,7766,160002553374,SUBTENENTE EVERTON,EVERTON MARCELINO DE SOUZA,,77,SOLIDARIEDADE,SOLIDARIEDADE,25-PRD/77-SOLIDARIEDADE,FEDERAÇÃO RENOVAÇÃO SOLIDÁRIA,FEDERAÇÃO,MASCULINO,BRANCA,0,54,SUPERIOR COMPLETO,SOLTEIRO(A),MEMBRO DAS FORÇAS ARMADAS,,NÃO ELEITO,0,267,
DEPUTADO FEDERAL,1,1555,160002540794,SILVIA WINTER,SILVIA CRISTINA DE LIMA,,15,MDB,MOVIMENTO DEMOCRÁTICO BRASILEIRO,,,PARTIDO ISOLADO,FEMININO,BRANCA,0,46,SUPERIOR COMPLETO,DIVORCIADO(A),PROFESSOR DE ENSINO MÉDIO,,SUPLENTE,0,252,
DEPUTADO FEDERAL,1,4518,160002549550,HENRIQUE DIAS HD,HENRIQUE DIAS DE CARVALHO,,45,PSDB,PARTIDO DA SOCIAL DEMOCRACIA BRASILEIRA,45-PSDB/23-CIDADANIA,FEDERAÇÃO PSDB CIDADANIA,FEDERAÇÃO,MASCULINO,BRANCA,0,42,ENSINO MÉDIO INCOMPLETO,DIVORCIADO(A),ATLETA PROFISSIONAL E TÉCNICO EM DESPORTOS,,NÃO ELEITO,0,250,
DEPUTADO FEDERAL,1,1505,160002540790,ALOISIO NASCIMENTO,ALOISIO JUSTINO DO NASCIMENTO,,15,MDB,MOVIMENTO DEMOCRÁTICO BRASILEIRO,,,PARTIDO ISOLADO,MASCULINO,PRETA,1,49,SUPERIOR COMPLETO,SOLTEIRO(A),CIENTISTA POLÍTICO,,SUPLENTE,0,249,
DEPUTADO FEDERAL,1,4011,160002532617,DR HAROLDO,HAROLDO RODRIGUES FERREIRA,,40,PSB,PARTIDO SOCIALISTA BRASILEIRO,,,PARTIDO ISOLADO,MASCULINO,BRANCA,0,81,SUPERIOR COMPLETO,CASADO(A),MÉDICO,,NÃO ELEITO,0,249,
DEPUTADO FEDERAL,1,1099,160002540777,JANAINA BOMBEIRA,JANAINA LOPES FAGUNDES DOS SANTOS,,10,REPUBLICANOS,REPUBLICANOS,,,PARTIDO ISOLADO,FEMININO,BRANCA,0,38,SUPERIOR COMPLETO,SOLTEIRO(A),BOMBEIRO MILITAR,,SUPLENTE,0,240,
DEPUTADO FEDERAL,1,1266,160002541981,NEIA PAVANNI,EDNEIA APARECIDA DE FREITAS,,12,PDT,PARTIDO DEMOCRÁTICO TRABALHISTA,,,PARTIDO ISOLADO,FEMININO,BRANCA,0,55,SUPERIOR INCOMPLETO,CASADO(A),SACERDOTE OU MEMBRO DE ORDEM OU SEITA RELIGIOSA,,NÃO ELEITO,0,240,
DEPUTADO FEDERAL,1,3060,160002542301,DR MAGNO,MAGNO ZANELLATO,,30,NOVO,PARTIDO NOVO,,,PARTIDO ISOLADO,MASCULINO,BRANCA,0,54,SUPERIOR COMPLETO,CASADO(A),MÉDICO,,SUPLENTE,0,239,
DEPUTADO FEDERAL,1,4554,160002549536,JULIANA BARROS,JULIANA RIBEIRO BARROS HONORATO,,45,PSDB,PARTIDO DA SOCIAL DEMOCRACIA BRASILEIRA,45-PSDB/23-CIDADANIA,FEDERAÇÃO PSDB CIDADANIA,FEDERAÇÃO,FEMININO,PARDA,1,38,SUPERIOR COMPLETO,DIVORCIADO(A),OUTROS,,NÃO ELEITO,0,236,
DEPUTADO FEDERAL,1,1230,160002541989,PROFESSORA ANA LÚCIA,ANA LUCIA RODRIGUES,,12,PDT,PARTIDO DEMOCRÁTICO TRABALHISTA,,,PARTIDO ISOLADO,FEMININO,BRANCA,0,64,SUPERIOR COMPLETO,SOLTEIRO(A),VEREADOR,,NÃO ELEITO,0,235,
DEPUTADO FEDERAL,1,1340,160002536501,MARCIO KIELLER,MARCIO MAURI KIELLER GONÇALVES,,13,PT,PARTIDO DOS TRABALHADORES,13-PT/65-PC do B/43-PV,FEDERAÇÃO BRASIL DA ESPERANÇA - FE BRASIL,FEDERAÇÃO,MASCULINO,BRANCA,0,56,SUPERIOR COMPLETO,SOLTEIRO(A),BANCÁRIO E ECONOMIÁRIO,,SUPLENTE,0,235,
DEPUTADO FEDERAL,1,1419,160002551026,ANITA DE BIASI,ANITA DE BIASI,,14,MISSÃO,PARTIDO MISSÃO,,,PARTIDO ISOLADO,FEMININO,BRANCA,0,39,SUPERIOR COMPLETO,CASADO(A),FOTÓGRAFO E ASSEMELHADOS,,NÃO ELEITO,0,233,
DEPUTADO FEDERAL,1,4035,160002532603,TIA CIDA,MARIA APARECIDA DA SILVA REIS PEREIRA,,40,PSB,PARTIDO SOCIALISTA BRASILEIRO,,,PARTIDO ISOLADO,FEMININO,BRANCA,0,69,SUPERIOR COMPLETO,CASADO(A),PSICÓLOGO,,NÃO ELEITO,0,232,
DEPUTADO FEDERAL,1,1120,160002532856,MARCELO BELINATI,MARCELO BELINATI MARTINS,,11,PP,PROGRESSISTAS,44-UNIÃO/11-PP,FEDERAÇÃO UNIÃO PROGRESSISTA,FEDERAÇÃO,MASCULINO,BRANCA,0,55,SUPERIOR COMPLETO,CASADO(A),MÉDICO,,ELEITO POR MÉDIA,1,227,
DEPUTADO FEDERAL,1,3090,160002542293,NILSON OLIVEIRA,NILSON APARECIDO DE OLIVEIRA,,30,NOVO,PARTIDO NOVO,,,PARTIDO ISOLADO,MASCULINO,BRANCA,0,43,SUPERIOR COMPLETO,CASADO(A),VIGILANTE,,SUPLENTE,0,221,
DEPUTADO FEDERAL,1,3069,160002542308,ALINE GONÇALVES,ALINE VIEIRA GONÇALVES,,30,NOVO,PARTIDO NOVO,,,PARTIDO ISOLADO,FEMININO,PARDA,1,24,SUPERIOR INCOMPLETO,SOLTEIRO(A),"ESTUDANTE, BOLSISTA, ESTAGIÁRIO E ASSEMELHADOS",,SUPLENTE,0,219,
DEPUTADO FEDERAL,1,1233,160002542214,ZEZINHO FISIOTERAPEUTA,JOSE GIULIANGELI DE CASTRO,,12,PDT,PARTIDO DEMOCRÁTICO TRABALHISTA,,,PARTIDO ISOLADO,MASCULINO,BRANCA,0,56,SUPERIOR COMPLETO,CASADO(A),FISIOTERAPEUTA E TERAPEUTA OCUPACIONAL,,NÃO ELEITO,0,217,
DEPUTADO FEDERAL,1,2030,160002547464,SALETE DAS LÁPIDES,SALETE DE OLIVEIRA LACERDA,,20,PODE,PODEMOS,,,PARTIDO ISOLADO,FEMININO,BRANCA,0,50,SUPERIOR INCOMPLETO,SOLTEIRO(A),COMERCIANTE,,SUPLENTE,0,216,
DEPUTADO FEDERAL,1,1426,160002551015,PROF. THIS,JÉSSICA THIS MACHADO,,14,MISSÃO,PARTIDO MISSÃO,,,PARTIDO ISOLADO,FEMININO,BRANCA,0,30,SUPERIOR COMPLETO,CASADO(A),PEDAGOGO,,NÃO ELEITO,0,209,
DEPUTADO FEDERAL,1,1222,160002542219,EKEDJI LU FERREIRA,LUCIANA NUNES FERREIRA,,12,PDT,PARTIDO DEMOCRÁTICO TRABALHISTA,,,PARTIDO ISOLADO,FEMININO,PRETA,1,53,SUPERIOR INCOMPLETO,SOLTEIRO(A),OUTROS,,NÃO ELEITO,0,208,
DEPUTADO FEDERAL,1,5556,160002542320,PSICÓLOGA ELAINE MICHELE,ELAINE DE FARIA MICHELE SILVA,,55,PSD,PARTIDO SOCIAL DEMOCRÁTICO,,,PARTIDO ISOLADO,FEMININO,BRANCA,0,68,SUPERIOR COMPLETO,VIÚVO(A),PSICÓLOGO,,SUPLENTE,0,203,
DEPUTADO FEDERAL,1,1223,160002542216,DANI BIONDO CROCETTI,LAZARA DANIELE GUIDIO BIONDO CROCETTI,,12,PDT,PARTIDO DEMOCRÁTICO TRABALHISTA,,,PARTIDO ISOLADO,FEMININO,PARDA,1,50,SUPERIOR COMPLETO,CASADO(A),ADVOGADO,,NÃO ELEITO,0,200,
DEPUTADO FEDERAL,1,4440,160002532852,HERMES FRANGÃO PARCIANELLO,HERMES PARCIANELLO,,44,UNIÃO,UNIÃO BRASIL,44-UNIÃO/11-PP,FEDERAÇÃO UNIÃO PROGRESSISTA,FEDERAÇÃO,MASCULINO,BRANCA,0,68,SUPERIOR COMPLETO,CASADO(A),CONTADOR,,SUPLENTE,0,197,
DEPUTADO FEDERAL,1,3002,160002542300,CÁSSIA D AMORE,RITA DE CÁSSIA D AMORE GAMBAROTTO,,30,NOVO,PARTIDO NOVO,,,PARTIDO ISOLADO,FEMININO,BRANCA,0,54,SUPERIOR COMPLETO,CASADO(A),FISIOTERAPEUTA E TERAPEUTA OCUPACIONAL,,SUPLENTE,0,192,
DEPUTADO FEDERAL,1,1051,160002540765,GISELE CAMARGO,GISELE CAMARGO FILGUEIRA,,10,REPUBLICANOS,REPUBLICANOS,,,PARTIDO ISOLADO,FEMININO,BRANCA,0,43,SUPERIOR COMPLETO,DIVORCIADO(A),EMPRESÁRIO,,SUPLENTE,0,185,
DEPUTADO FEDERAL,1,1221,160002541991,JEANE,JEANE ISLENA VASILEWSKI,,12,PDT,PARTIDO DEMOCRÁTICO TRABALHISTA,,,PARTIDO ISOLADO,FEMININO,BRANCA,0,26,SUPERIOR INCOMPLETO,SOLTEIRO(A),"ESTUDANTE, BOLSISTA, ESTAGIÁRIO E ASSEMELHADOS",,NÃO ELEITO,0,185,
DEPUTADO FEDERAL,1,1080,160002540767,GUSTAVO TORRES,LUIZ GUSTAVO TORRES,,10,REPUBLICANOS,REPUBLICANOS,,,PARTIDO ISOLADO,MASCULINO,BRANCA,0,46,SUPERIOR INCOMPLETO,SOLTEIRO(A),VEREADOR,,SUPLENTE,0,179,
DEPUTADO FEDERAL,1,4023,160002532593,ELEANGELA,ELEANGELA VASQUE CERVILHA,,40,PSB,PARTIDO SOCIALISTA BRASILEIRO,,,PARTIDO ISOLADO,FEMININO,BRANCA,0,45,SUPERIOR COMPLETO,CASADO(A),EMPRESÁRIO,,NÃO ELEITO,0,179,
DEPUTADO FEDERAL,1,1088,160002540781,JOEL XAVIER,JOEL XAVIER,,10,REPUBLICANOS,REPUBLICANOS,,,PARTIDO ISOLADO,MASCULINO,BRANCA,0,73,ENSINO MÉDIO COMPLETO,CASADO(A),EMPRESÁRIO,,SUPLENTE,0,177,
DEPUTADO FEDERAL,1,2207,160002547573,MINEIRO,EDILEN HENRIQUE XAVIER,,22,PL,PARTIDO LIBERAL,,,PARTIDO ISOLADO,MASCULINO,BRANCA,0,38,SUPERIOR COMPLETO,CASADO(A),ADMINISTRADOR,,SUPLENTE,0,176,
DEPUTADO FEDERAL,1,5569,160002542336,ELCIO JAIME,ELCIO JAIME DA LUZ,,55,PSD,PARTIDO SOCIAL DEMOCRÁTICO,,,PARTIDO ISOLADO,MASCULINO,BRANCA,0,53,SUPERIOR COMPLETO,DIVORCIADO(A),AGRICULTOR,,NÃO ELEITO,0,175,
DEPUTADO FEDERAL,1,2008,160002546897,CRIS MELLO,CRISTIANE DE MELLO,,20,PODE,PODEMOS,,,PARTIDO ISOLADO,FEMININO,BRANCA,0,45,SUPERIOR COMPLETO,CASADO(A),FISIOTERAPEUTA E TERAPEUTA OCUPACIONAL,,SUPLENTE,0,174,
DEPUTADO FEDERAL,1,3035,160002542302,MILENE ZEREK,MILENE CORRÊA ZEREK RESENDE,,30,NOVO,PARTIDO NOVO,,,PARTIDO ISOLADO,FEMININO,BRANCA,0,52,SUPERIOR COMPLETO,CASADO(A),ADVOGADO,,SUPLENTE,0,171,
DEPUTADO FEDERAL,1,1121,160002532873,EMANUEL CAVALAR,EMANUEL DE LIMA CAVALAR,,11,PP,PROGRESSISTAS,44-UNIÃO/11-PP,FEDERAÇÃO UNIÃO PROGRESSISTA,FEDERAÇÃO,MASCULINO,BRANCA,0,30,SUPERIOR COMPLETO,SOLTEIRO(A),PRODUTOR AGROPECUÁRIO,,SUPLENTE,0,167,
DEPUTADO FEDERAL,1,5525,160002542315,DRA ROSANGÊLA SILVEIRA,ROSANGELA APARECIDA SILVEIRA,,55,PSD,PARTIDO SOCIAL DEMOCRÁTICO,,,PARTIDO ISOLADO,FEMININO,BRANCA,0,40,SUPERIOR COMPLETO,SEPARADO(A) JUDICIALMENTE,BIOMÉDICO,,SUPLENTE,0,167,
DEPUTADO FEDERAL,1,1213,160002542221,BIANCA SOARES,BIANCA JULIANA RODRIGUES DOS SANTOS,BIANCA SOARES,12,PDT,PARTIDO DEMOCRÁTICO TRABALHISTA,,,PARTIDO ISOLADO,FEMININO,BRANCA,0,43,SUPERIOR COMPLETO,SOLTEIRO(A),JORNALISTA E REDATOR,,NÃO ELEITO,0,166,
DEPUTADO FEDERAL,1,1200,160002541982,DR. PAULO FONTINELLI,PAULO ROBERTO PALHANO FONTINELLI,,12,PDT,PARTIDO DEMOCRÁTICO TRABALHISTA,,,PARTIDO ISOLADO,MASCULINO,PRETA,1,62,SUPERIOR COMPLETO,SOLTEIRO(A),MÉDICO,,NÃO ELEITO,0,164,
DEPUTADO FEDERAL,1,5544,160002542333,LUCAS BARONE,LUCAS BARONE DE OLIVEIRA,,55,PSD,PARTIDO SOCIAL DEMOCRÁTICO,,,PARTIDO ISOLADO,MASCULINO,BRANCA,0,36,SUPERIOR COMPLETO,SOLTEIRO(A),SERVIDOR PÚBLICO ESTADUAL,,SUPLENTE,0,161,
DEPUTADO FEDERAL,1,4077,160002532592,OMAR PICHETH,OMAR RAIMUNDO PICHETH NETO,,40,PSB,PARTIDO SOCIALISTA BRASILEIRO,,,PARTIDO ISOLADO,MASCULINO,BRANCA,0,55,SUPERIOR COMPLETO,DIVORCIADO(A),VEREADOR,,NÃO ELEITO,0,159,
DEPUTADO FEDERAL,1,1406,160002551013,MARI GUEDES PCD,MARIANNY THAYLA CARVALHO GUEDES,,14,MISSÃO,PARTIDO MISSÃO,,,PARTIDO ISOLADO,FEMININO,BRANCA,0,28,SUPERIOR COMPLETO,SOLTEIRO(A),OUTROS,,NÃO ELEITO,0,158,
DEPUTADO FEDERAL,1,2240,160002547590,DR. GIULIANO TURETTA,NILTON GIULIANO TURETTA,,22,PL,PARTIDO LIBERAL,,,PARTIDO ISOLADO,MASCULINO,BRANCA,0,54,SUPERIOR COMPLETO,CASADO(A),ADVOGADO,,SUPLENTE,0,158,
DEPUTADO FEDERAL,1,1442,160002551027,DR. GUILHERME MACHADO,GUILHERME AUGUSTO DE SOUZA MACHADO,,14,MISSÃO,PARTIDO MISSÃO,,,PARTIDO ISOLADO,MASCULINO,BRANCA,0,34,SUPERIOR COMPLETO,CASADO(A),MÉDICO,,NÃO ELEITO,0,157,
DEPUTADO FEDERAL,1,2090,160002552571,SAYMON VEIGA,SAYMON VEIGA DA SILVA,,20,PODE,PODEMOS,,,PARTIDO ISOLADO,MASCULINO,BRANCA,0,33,SUPERIOR INCOMPLETO,SOLTEIRO(A),EMPRESÁRIO,,SUPLENTE,0,157,
DEPUTADO FEDERAL,1,1450,160002551014,ANDRÉ RIBEIRO,ANDRÉ LUIZ RIBEIRO DA SILVA,,14,MISSÃO,PARTIDO MISSÃO,,,PARTIDO ISOLADO,MASCULINO,BRANCA,0,44,SUPERIOR COMPLETO,CASADO(A),EMPRESÁRIO,,NÃO ELEITO,0,155,
DEPUTADO FEDERAL,1,5015,160002547718,BERNNA WANESSA,BERNNA WANESSA SILVA,BERNNA WANESSA SILVA,50,PSOL,PARTIDO SOCIALISMO E LIBERDADE,50-PSOL/18-REDE,FEDERAÇÃO PSOL REDE,FEDERAÇÃO,FEMININO,BRANCA,0,59,SUPERIOR INCOMPLETO,SOLTEIRO(A),CABELEIREIRO E BARBEIRO,,NÃO ELEITO,0,150,
DEPUTADO FEDERAL,1,1210,160002542227,SÉRGIO GALLINA,SERGIO LUIZ GALLINA,,12,PDT,PARTIDO DEMOCRÁTICO TRABALHISTA,,,PARTIDO ISOLADO,MASCULINO,BRANCA,0,68,SUPERIOR COMPLETO,DIVORCIADO(A),APOSENTADO (EXCETO SERVIDOR PÚBLICO),,NÃO ELEITO,0,149,
DEPUTADO FEDERAL,1,1026,160002540759,ACSA BONJARDIM,ACSA BONJARDIM SILVA LOPES,,10,REPUBLICANOS,REPUBLICANOS,,,PARTIDO ISOLADO,FEMININO,BRANCA,0,33,SUPERIOR COMPLETO,CASADO(A),PEDAGOGO,,SUPLENTE,0,145,
DEPUTADO FEDERAL,1,1550,160002540802,PROFESSORA MARLI DO ESPORTE,MARLI GONCALVES COSTA,,15,MDB,MOVIMENTO DEMOCRÁTICO BRASILEIRO,,,PARTIDO ISOLADO,FEMININO,BRANCA,0,57,SUPERIOR COMPLETO,CASADO(A),PROFESSOR DE ENSINO MÉDIO,,SUPLENTE,0,145,
DEPUTADO FEDERAL,1,1144,160002532866,NAIANY HRUSCHKA,NAIANY BOLOGNESI HRUSCHKA SALVADORI,,11,PP,PROGRESSISTAS,44-UNIÃO/11-PP,FEDERAÇÃO UNIÃO PROGRESSISTA,FEDERAÇÃO,FEMININO,BRANCA,0,42,SUPERIOR COMPLETO,CASADO(A),PECUARISTA,,SUPLENTE,0,144,
DEPUTADO FEDERAL,1,5510,160002542325,LÉO MOLINA,LEONARDO SIMILE MOLINA,,55,PSD,PARTIDO SOCIAL DEMOCRÁTICO,,,PARTIDO ISOLADO,MASCULINO,BRANCA,0,30,SUPERIOR COMPLETO,CASADO(A),SERVIDOR PÚBLICO ESTADUAL,,SUPLENTE,0,144,
DEPUTADO FEDERAL,1,1543,160002540801,MERON NETO,MERON DACZUK NETO,,15,MDB,MOVIMENTO DEMOCRÁTICO BRASILEIRO,,,PARTIDO ISOLADO,MASCULINO,BRANCA,0,42,SUPERIOR COMPLETO,CASADO(A),EMPRESÁRIO,,SUPLENTE,0,140,
DEPUTADO FEDERAL,1,3010,160002542306,EDUARDO GAZZI,LUIZ EDUARDO GAZZI,,30,NOVO,PARTIDO NOVO,,,PARTIDO ISOLADO,MASCULINO,BRANCA,0,44,SUPERIOR INCOMPLETO,CASADO(A),EMPRESÁRIO,,SUPLENTE,0,140,
DEPUTADO FEDERAL,1,4080,160002532612,ELAINE MARINS,ELAINE CRISTINA FARIA MARINS,,40,PSB,PARTIDO SOCIALISTA BRASILEIRO,,,PARTIDO ISOLADO,FEMININO,PARDA,1,48,SUPERIOR COMPLETO,DIVORCIADO(A),PEDAGOGO,,NÃO ELEITO,0,136,
DEPUTADO FEDERAL,1,3005,160002542288,MIRIAM SOUZA,MIRIAM CHARELLO DE SOUZA,,30,NOVO,PARTIDO NOVO,,,PARTIDO ISOLADO,FEMININO,BRANCA,0,43,SUPERIOR COMPLETO,SOLTEIRO(A),ADMINISTRADOR,,SUPLENTE,0,135,
DEPUTADO FEDERAL,1,1321,160002536507,EDUARDO GUADAGNIN,EDUARDO ANTONIO GUADAGNIN DOS SANTOS,,13,PT,PARTIDO DOS TRABALHADORES,13-PT/65-PC do B/43-PV,FEDERAÇÃO BRASIL DA ESPERANÇA - FE BRASIL,FEDERAÇÃO,MASCULINO,BRANCA,0,57,SUPERIOR COMPLETO,CASADO(A),ENGENHEIRO,,SUPLENTE,0,134,
DEPUTADO FEDERAL,1,5000,160002547724,JUVANCI,JOSE JUVANCI DA SILVA,,50,PSOL,PARTIDO SOCIALISMO E LIBERDADE,50-PSOL/18-REDE,FEDERAÇÃO PSOL REDE,FEDERAÇÃO,MASCULINO,PARDA,1,73,SUPERIOR COMPLETO,CASADO(A),EMPRESÁRIO,,NÃO ELEITO,0,133,
DEPUTADO FEDERAL,1,2033,160002546892,SOLDADO PASTOR EZEQUIEL,EZEQUIEL MARCOS FERREIRA BUENO,,20,PODE,PODEMOS,,,PARTIDO ISOLADO,MASCULINO,BRANCA,0,50,SUPERIOR COMPLETO,CASADO(A),POLICIAL MILITAR,,SUPLENTE,0,132,
DEPUTADO FEDERAL,1,3023,160002542304,SARA LIMA,SARA LIMA NETO ASSIS,,30,NOVO,PARTIDO NOVO,,,PARTIDO ISOLADO,FEMININO,BRANCA,0,52,SUPERIOR COMPLETO,CASADO(A),ESTETICISTA,,SUPLENTE,0,130,
DEPUTADO FEDERAL,1,4588,160002549535,YA JOSIANNE D AGOSTINI,JOSIANNE D AGOSTINI,,45,PSDB,PARTIDO DA SOCIAL DEMOCRACIA BRASILEIRA,45-PSDB/23-CIDADANIA,FEDERAÇÃO PSDB CIDADANIA,FEDERAÇÃO,FEMININO,PRETA,1,62,SUPERIOR INCOMPLETO,DIVORCIADO(A),OUTROS,,NÃO ELEITO,0,130,
DEPUTADO FEDERAL,1,5599,160002554288,ROSE PROTETORA DOS ANIMAIS,ROSELI DE FATIMA GALVÃO,,55,PSD,PARTIDO SOCIAL DEMOCRÁTICO,,,PARTIDO ISOLADO,FEMININO,BRANCA,0,71,ENSINO MÉDIO COMPLETO,DIVORCIADO(A),COMERCIANTE,,SUPLENTE,0,130,
DEPUTADO FEDERAL,1,1045,160002540772,DR. RANIERI,RANIERI ALBERTON MARCHIORO,,10,REPUBLICANOS,REPUBLICANOS,,,PARTIDO ISOLADO,MASCULINO,BRANCA,0,61,SUPERIOR COMPLETO,CASADO(A),ODONTÓLOGO,,SUPLENTE,0,124,
DEPUTADO FEDERAL,1,1497,160002551042,CAROLINE BARBOSA,CAROLINE SANTOS BARBOSA,,14,MISSÃO,PARTIDO MISSÃO,,,PARTIDO ISOLADO,FEMININO,BRANCA,0,28,SUPERIOR COMPLETO,SOLTEIRO(A),OUTROS,,NÃO ELEITO,0,124,
DEPUTADO FEDERAL,1,2208,160002547587,ANDREA DIAS,ANDREA DIAS VALERIO ASSONI,,22,PL,PARTIDO LIBERAL,,,PARTIDO ISOLADO,FEMININO,BRANCA,0,49,SUPERIOR COMPLETO,CASADO(A),FONOAUDIÓLOGO,,SUPLENTE,0,124,
DEPUTADO FEDERAL,1,5505,160002542322,SERGIO FIALHO,SERGIO FIALHO SCHIESSL REIS,,55,PSD,PARTIDO SOCIAL DEMOCRÁTICO,,,PARTIDO ISOLADO,MASCULINO,BRANCA,0,40,ENSINO MÉDIO COMPLETO,CASADO(A),ATLETA PROFISSIONAL E TÉCNICO EM DESPORTOS,,SUPLENTE,0,124,
DEPUTADO FEDERAL,1,2301,160002549548,LUIS LELIS,LUIS EDUARDO DE SOUZA LELIS,,23,CIDADANIA,CIDADANIA,45-PSDB/23-CIDADANIA,FEDERAÇÃO PSDB CIDADANIA,FEDERAÇÃO,MASCULINO,PRETA,1,33,SUPERIOR INCOMPLETO,SOLTEIRO(A),OUTROS,,NÃO ELEITO,0,121,
DEPUTADO FEDERAL,1,4055,160002532597,THAIS GOMES,THAIS GOMES FERREIRA,,40,PSB,PARTIDO SOCIALISTA BRASILEIRO,,,PARTIDO ISOLADO,FEMININO,BRANCA,0,41,SUPERIOR COMPLETO,SOLTEIRO(A),POLICIAL MILITAR,,NÃO ELEITO,0,120,
DEPUTADO FEDERAL,1,4456,160002532865,SUB-TENENTE FRANÇA,EMERSON FERREIRA FRANÇA,,44,UNIÃO,UNIÃO BRASIL,44-UNIÃO/11-PP,FEDERAÇÃO UNIÃO PROGRESSISTA,FEDERAÇÃO,MASCULINO,BRANCA,0,51,SUPERIOR COMPLETO,CASADO(A),POLICIAL MILITAR,,SUPLENTE,0,115,
DEPUTADO FEDERAL,1,1341,160002536515,POLACO DO PT,CLEVERSON PINGOS BUENO,,13,PT,PARTIDO DOS TRABALHADORES,13-PT/65-PC do B/43-PV,FEDERAÇÃO BRASIL DA ESPERANÇA - FE BRASIL,FEDERAÇÃO,MASCULINO,BRANCA,0,43,ENSINO FUNDAMENTAL INCOMPLETO,SOLTEIRO(A),APOSENTADO (EXCETO SERVIDOR PÚBLICO),,SUPLENTE,0,113,
DEPUTADO FEDERAL,1,4477,160002532862,FLÁVIO FERRARI - FACA NA BOTA,FLAVIO DUBEN FERRARI,,44,UNIÃO,UNIÃO BRASIL,44-UNIÃO/11-PP,FEDERAÇÃO UNIÃO PROGRESSISTA,FEDERAÇÃO,MASCULINO,BRANCA,0,40,SUPERIOR COMPLETO,DIVORCIADO(A),JORNALISTA E REDATOR,,SUPLENTE,0,113,
DEPUTADO FEDERAL,1,3004,160002542307,DR. RICARDO VETERINÁRIO,RICARDO GUEDES CORRÊA,,30,NOVO,PARTIDO NOVO,,,PARTIDO ISOLADO,MASCULINO,BRANCA,0,29,SUPERIOR COMPLETO,SOLTEIRO(A),VETERINÁRIO,,SUPLENTE,0,111,
DEPUTADO FEDERAL,1,1133,160002532850,THIAGO KODAMA,THIAGO YOSHIO FINGSTAG KODAMA,,11,PP,PROGRESSISTAS,44-UNIÃO/11-PP,FEDERAÇÃO UNIÃO PROGRESSISTA,FEDERAÇÃO,MASCULINO,BRANCA,0,40,SUPERIOR COMPLETO,CASADO(A),SERVIDOR PÚBLICO MUNICIPAL,,SUPLENTE,0,110,
DEPUTADO FEDERAL,1,4566,160002549529,EDISON NASCIMENTO,EDISON DO NASCIMENTO,,45,PSDB,PARTIDO DA SOCIAL DEMOCRACIA BRASILEIRA,45-PSDB/23-CIDADANIA,FEDERAÇÃO PSDB CIDADANIA,FEDERAÇÃO,MASCULINO,BRANCA,0,43,SUPERIOR COMPLETO,SOLTEIRO(A),ENGENHEIRO,,NÃO ELEITO,0,108,
DEPUTADO FEDERAL,1,2262,160002547571,JUNIOR SANTOS ROSA,EDERSON JUNIOR SANTOS ROSA,,22,PL,PARTIDO LIBERAL,,,PARTIDO ISOLADO,MASCULINO,PRETA,1,42,SUPERIOR INCOMPLETO,CASADO(A),OUTROS,,SUPLENTE,0,107,
DEPUTADO FEDERAL,1,2011,160002547472,POLICIAL MARTINS,JOSÉ FRANCISCO MACHADO MARTINS,,20,PODE,PODEMOS,,,PARTIDO ISOLADO,MASCULINO,BRANCA,0,37,SUPERIOR COMPLETO,SOLTEIRO(A),POLICIAL MILITAR,,SUPLENTE,0,106,
DEPUTADO FEDERAL,1,2299,160002547567,SHANISYS,SHANISYS MARTINS MASSUQUETO VIRMOND BUTENES,,22,PL,PARTIDO LIBERAL,,,PARTIDO ISOLADO,FEMININO,BRANCA,0,38,SUPERIOR COMPLETO,CASADO(A),ADVOGADO,,SUPLENTE,0,106,
DEPUTADO FEDERAL,1,1004,160002540764,GENERAL HERMESON,HERMESON NOBREGA BARROS DE OLIVEIRA,,10,REPUBLICANOS,REPUBLICANOS,,,PARTIDO ISOLADO,MASCULINO,BRANCA,0,58,SUPERIOR COMPLETO,CASADO(A),MEMBRO DAS FORÇAS ARMADAS,,SUPLENTE,0,105,
DEPUTADO FEDERAL,1,2242,160002547570,DÉBORA CARVALHO,DÉBORA CAROLINE CARVALHO,,22,PL,PARTIDO LIBERAL,,,PARTIDO ISOLADO,FEMININO,PARDA,1,32,SUPERIOR COMPLETO,CASADO(A),OUTROS,,SUPLENTE,0,104,
DEPUTADO FEDERAL,1,1201,160002552585,MÃE GI,GISLAINE GONÇALVES,,12,PDT,PARTIDO DEMOCRÁTICO TRABALHISTA,,,PARTIDO ISOLADO,FEMININO,PARDA,1,56,SUPERIOR COMPLETO,CASADO(A),PROFESSOR DE ENSINO SUPERIOR,,NÃO ELEITO,0,102,
DEPUTADO FEDERAL,1,2530,160002553371,SIMONE DIAS,SIMONE DIAS DE SOUZA,,25,PRD,PARTIDO RENOVACAO DEMOCRATICA,25-PRD/77-SOLIDARIEDADE,FEDERAÇÃO RENOVAÇÃO SOLIDÁRIA,FEDERAÇÃO,FEMININO,BRANCA,0,53,ENSINO MÉDIO COMPLETO,DIVORCIADO(A),COMERCIANTE,,NÃO ELEITO,0,99,
DEPUTADO FEDERAL,1,1522,160002540784,RICARDO MAIA,RICARDO APARECIDO MAIA KOTSIFAS,,15,MDB,MOVIMENTO DEMOCRÁTICO BRASILEIRO,,,PARTIDO ISOLADO,MASCULINO,BRANCA,0,66,SUPERIOR INCOMPLETO,CASADO(A),LOCUTOR E COMENTARISTA DE RÁDIO E TELEVISÃO E RADIALISTA,,SUPLENTE,0,98,
DEPUTADO FEDERAL,1,4450,160002532849,GABRIEL PAVAN,GABRIEL SOUZA DA SILVA,,44,UNIÃO,UNIÃO BRASIL,44-UNIÃO/11-PP,FEDERAÇÃO UNIÃO PROGRESSISTA,FEDERAÇÃO,MASCULINO,BRANCA,0,60,ENSINO MÉDIO COMPLETO,SOLTEIRO(A),"TÉCNICO DE OBRAS CIVIS, ESTRADAS, SANEAMENTO E ASSEMELHADOS",,SUPLENTE,0,94,
DEPUTADO FEDERAL,1,1055,160002540761,CHIMENTÃO,PEDRO LUIZ CHIMENTAO,,10,REPUBLICANOS,REPUBLICANOS,,,PARTIDO ISOLADO,MASCULINO,BRANCA,0,64,ENSINO MÉDIO COMPLETO,CASADO(A),AGRICULTOR,,SUPLENTE,0,92,
DEPUTADO FEDERAL,1,5516,160002542331,SOSSO,SONIA MARIA ESTANSK,,55,PSD,PARTIDO SOCIAL DEMOCRÁTICO,,,PARTIDO ISOLADO,FEMININO,PRETA,1,67,SUPERIOR INCOMPLETO,SOLTEIRO(A),OUTROS,,SUPLENTE,0,92,
DEPUTADO FEDERAL,1,1177,160002532861,DRA. CRIS VELOSO,CRISTINA MARCIA SORIANO VELOSO ANDREACCI,,11,PP,PROGRESSISTAS,44-UNIÃO/11-PP,FEDERAÇÃO UNIÃO PROGRESSISTA,FEDERAÇÃO,FEMININO,BRANCA,0,61,SUPERIOR COMPLETO,VIÚVO(A),MÉDICO,,SUPLENTE,0,91,
DEPUTADO FEDERAL,1,1411,160002551021,CARLOS GASPARIN,CARLOS EDUARDO DE OLIVEIRA GASPARIN,,14,MISSÃO,PARTIDO MISSÃO,,,PARTIDO ISOLADO,MASCULINO,BRANCA,0,30,SUPERIOR COMPLETO,DIVORCIADO(A),ADVOGADO,,NÃO ELEITO,0,91,
DEPUTADO FEDERAL,1,1457,160002551031,MANU SHTORACH,EMANUELLE SHTORACH BITTENCOURT,,14,MISSÃO,PARTIDO MISSÃO,,,PARTIDO ISOLADO,FEMININO,BRANCA,0,26,ENSINO FUNDAMENTAL COMPLETO,SOLTEIRO(A),"ESTUDANTE, BOLSISTA, ESTAGIÁRIO E ASSEMELHADOS",,NÃO ELEITO,0,91,
DEPUTADO FEDERAL,1,2055,160002546888,SANDRA TARABAYNE,SANDRA TARABAYNE,,20,PODE,PODEMOS,,,PARTIDO ISOLADO,FEMININO,BRANCA,0,45,SUPERIOR COMPLETO,SOLTEIRO(A),ADVOGADO,,SUPLENTE,0,91,
DEPUTADO FEDERAL,1,5588,160002542332,DIEGO RODRIGUES,DIEGO RODRIGUES FERREIRA,,55,PSD,PARTIDO SOCIAL DEMOCRÁTICO,,,PARTIDO ISOLADO,MASCULINO,PARDA,1,42,SUPERIOR COMPLETO,SOLTEIRO(A),VEREADOR,,SUPLENTE,0,90,
DEPUTADO FEDERAL,1,1430,160002551019,MARY BARRETO,MARIA APARECIDA BARRETO,,14,MISSÃO,PARTIDO MISSÃO,,,PARTIDO ISOLADO,FEMININO,PRETA,1,62,ENSINO MÉDIO COMPLETO,SOLTEIRO(A),AGENTE ADMINISTRATIVO,,NÃO ELEITO,0,89,
DEPUTADO FEDERAL,1,2088,160002547462,FELIPE JULIANI,FELIPE AUGUSTO BONZATO JULIANI,,20,PODE,PODEMOS,,,PARTIDO ISOLADO,MASCULINO,BRANCA,0,40,SUPERIOR COMPLETO,CASADO(A),EMPRESÁRIO,,SUPLENTE,0,88,
DEPUTADO FEDERAL,1,3001,160002542290,PROFESSOR SAULO,JOAO SAULO PIASECKI,,30,NOVO,PARTIDO NOVO,,,PARTIDO ISOLADO,MASCULINO,BRANCA,0,51,SUPERIOR COMPLETO,CASADO(A),PROFESSOR DE ENSINO MÉDIO,,SUPLENTE,0,88,
DEPUTADO FEDERAL,1,4002,160002532595,ANDERSON DEOLI,ANDERSON TUCHINSKI DE OLIVEIRA,,40,PSB,PARTIDO SOCIALISTA BRASILEIRO,,,PARTIDO ISOLADO,MASCULINO,BRANCA,0,52,SUPERIOR COMPLETO,DIVORCIADO(A),ADMINISTRADOR,,NÃO ELEITO,0,88,
DEPUTADO FEDERAL,1,1365,160002536504,CÉLIO RODRIGUES E COLETIVO,CÉLIO LEANDRO RODRIGUES,,13,PT,PARTIDO DOS TRABALHADORES,13-PT/65-PC do B/43-PV,FEDERAÇÃO BRASIL DA ESPERANÇA - FE BRASIL,FEDERAÇÃO,MASCULINO,BRANCA,0,54,SUPERIOR COMPLETO,CASADO(A),AGRICULTOR,,SUPLENTE,0,87,
DEPUTADO FEDERAL,1,4411,160002532871,ELIS SALDIVAR,ELISANGELA REZENDE SALDIVAR,,44,UNIÃO,UNIÃO BRASIL,44-UNIÃO/11-PP,FEDERAÇÃO UNIÃO PROGRESSISTA,FEDERAÇÃO,FEMININO,BRANCA,0,52,SUPERIOR COMPLETO,SOLTEIRO(A),SERVIDOR PÚBLICO MUNICIPAL,,SUPLENTE,0,87,
DEPUTADO FEDERAL,1,1211,160002542228,LEONNA MORIALE,LEONNA MORIALE NATALE,,12,PDT,PARTIDO DEMOCRÁTICO TRABALHISTA,,,PARTIDO ISOLADO,FEMININO,BRANCA,0,24,ENSINO MÉDIO COMPLETO,SOLTEIRO(A),ARTISTA PLÁSTICO E ASSEMELHADOS,,NÃO ELEITO,0,86,
DEPUTADO FEDERAL,1,4004,160002532609,PR. GILSON DA AMBULÂNCIA,GILSON MOREIRA DA SILVA,,40,PSB,PARTIDO SOCIALISTA BRASILEIRO,,,PARTIDO ISOLADO,MASCULINO,BRANCA,0,48,ENSINO MÉDIO COMPLETO,CASADO(A),VEREADOR,,NÃO ELEITO,0,86,
DEPUTADO FEDERAL,1,1001,160002540780,JANAÍNA NAUMANN,JANAINA NAUMANN,,10,REPUBLICANOS,REPUBLICANOS,,,PARTIDO ISOLADO,FEMININO,BRANCA,0,44,SUPERIOR COMPLETO,CASADO(A),BIOMÉDICO,,SUPLENTE,0,85,
DEPUTADO FEDERAL,1,3012,160002542286,PEDRO RADADE,PEDRO EVANGELISTA DOS SANTOS,,30,NOVO,PARTIDO NOVO,,,PARTIDO ISOLADO,MASCULINO,BRANCA,0,70,SUPERIOR COMPLETO,CASADO(A),EMPRESÁRIO,,SUPLENTE,0,85,
DEPUTADO FEDERAL,1,1441,160002551039,PROF. YAN GAUDARD,YAN PEREIRA GAUDARD,,14,MISSÃO,PARTIDO MISSÃO,,,PARTIDO ISOLADO,MASCULINO,PARDA,1,33,SUPERIOR COMPLETO,CASADO(A),PROFESSOR DE ENSINO MÉDIO,,NÃO ELEITO,0,83,
DEPUTADO FEDERAL,1,2010,160002547470,ANA NOVAIS,ANA CARLA NOVAIS DOS SANTOS,,20,PODE,PODEMOS,,,PARTIDO ISOLADO,FEMININO,BRANCA,0,41,SUPERIOR COMPLETO,SOLTEIRO(A),PROFESSOR DE ENSINO SUPERIOR,,SUPLENTE,0,83,
DEPUTADO FEDERAL,1,2251,160002547572,CANTORA JULIANA VALIATI,JULIANA ALINE VALIATI,,22,PL,PARTIDO LIBERAL,,,PARTIDO ISOLADO,FEMININO,BRANCA,0,39,ENSINO MÉDIO COMPLETO,DIVORCIADO(A),CANTOR E COMPOSITOR,,SUPLENTE,0,81,
DEPUTADO FEDERAL,1,3507,160002553650,MOTORISTA VALDENEY LEITE,VALDENEY VALDECI DE OLIVEIRA,,35,DEMOCRATA,DEMOCRATA,,,PARTIDO ISOLADO,MASCULINO,BRANCA,0,42,ENSINO MÉDIO INCOMPLETO,CASADO(A),MOTORISTA DE VEÍCULOS DE TRANSPORTE COLETIVO DE PASSAGEIROS,,NÃO ELEITO,0,81,
DEPUTADO FEDERAL,1,1501,160002540800,MARI GROTTI,MARIANA GROTTI PEREIRA,,15,MDB,MOVIMENTO DEMOCRÁTICO BRASILEIRO,,,PARTIDO ISOLADO,FEMININO,BRANCA,0,40,SUPERIOR COMPLETO,SOLTEIRO(A),PROFESSOR E INSTRUTOR DE FORMAÇÃO PROFISSIONAL,,SUPLENTE,0,80,
DEPUTADO FEDERAL,1,2533,160002553377,THOMAS KORONTAI,THOMAS RAYMUND KORONTAI,,25,PRD,PARTIDO RENOVACAO DEMOCRATICA,25-PRD/77-SOLIDARIEDADE,FEDERAÇÃO RENOVAÇÃO SOLIDÁRIA,FEDERAÇÃO,MASCULINO,BRANCA,0,68,ENSINO MÉDIO INCOMPLETO,CASADO(A),EMPRESÁRIO,,NÃO ELEITO,0,80,
DEPUTADO FEDERAL,1,4088,160002532607,LAMBE-LAMBE,JHONY HENRIQUE MARIANO DA CUNHA,,40,PSB,PARTIDO SOCIALISTA BRASILEIRO,,,PARTIDO ISOLADO,MASCULINO,PARDA,1,26,ENSINO MÉDIO COMPLETO,CASADO(A),OUTROS,,NÃO ELEITO,0,80,
DEPUTADO FEDERAL,1,3007,160002542310,FAYNARA BARBOSA,FAYNARA CRISTINA MEREGE BARBOSA,,30,NOVO,PARTIDO NOVO,,,PARTIDO ISOLADO,FEMININO,BRANCA,0,32,SUPERIOR COMPLETO,SOLTEIRO(A),EMPRESÁRIO,,SUPLENTE,0,79,
DEPUTADO FEDERAL,1,3535,160002553652,DRA ROLSE DE PAULA,ROLSELLEINE NASCIMENTO DE PAULA,,35,DEMOCRATA,DEMOCRATA,,,PARTIDO ISOLADO,FEMININO,BRANCA,0,47,SUPERIOR COMPLETO,SOLTEIRO(A),OUTROS,,NÃO ELEITO,0,79,
DEPUTADO FEDERAL,1,1526,160002540783,AIRTON JOSÉ,AIRTON JOSE DE JESUS,,15,MDB,MOVIMENTO DEMOCRÁTICO BRASILEIRO,,,PARTIDO ISOLADO,MASCULINO,BRANCA,0,62,SUPERIOR COMPLETO,CASADO(A),ADVOGADO,,SUPLENTE,0,78,
DEPUTADO FEDERAL,1,1236,160002541990,FLÁVIA PRAZERES,FLAVIA PRAZERES,,12,PDT,PARTIDO DEMOCRÁTICO TRABALHISTA,,,PARTIDO ISOLADO,FEMININO,BRANCA,0,46,SUPERIOR COMPLETO,DIVORCIADO(A),ADVOGADO,,NÃO ELEITO,0,76,
DEPUTADO FEDERAL,1,1813,160002547710,IZAC ARAÚJO O HOMEM DO CHICOTE,IZAC LIMA ARAUJO,,18,REDE,REDE SUSTENTABILIDADE,50-PSOL/18-REDE,FEDERAÇÃO PSOL REDE,FEDERAÇÃO,MASCULINO,BRANCA,0,50,SUPERIOR INCOMPLETO,CASADO(A),VENDEDOR DE COMÉRCIO VAREJISTA E ATACADISTA,,NÃO ELEITO,0,76,
DEPUTADO FEDERAL,1,2399,160002549541,THAIS TAKAHASHI,THAIS TAKAHASHI,,23,CIDADANIA,CIDADANIA,45-PSDB/23-CIDADANIA,FEDERAÇÃO PSDB CIDADANIA,FEDERAÇÃO,FEMININO,BRANCA,0,47,SUPERIOR COMPLETO,DIVORCIADO(A),ADVOGADO,,NÃO ELEITO,0,74,
DEPUTADO FEDERAL,1,4025,160002532599,SOLDADO ARRUDA,VANDERLEI CORDEIRO DE ARRUDA,,40,PSB,PARTIDO SOCIALISTA BRASILEIRO,,,PARTIDO ISOLADO,MASCULINO,BRANCA,0,40,ENSINO MÉDIO COMPLETO,SOLTEIRO(A),POLICIAL MILITAR,,NÃO ELEITO,0,73,
DEPUTADO FEDERAL,1,8080,160002550999,GIOVANNY GODOI,GIOVANNY DE OLIVEIRA GODOI,,80,UP,UNIDADE POPULAR,,,PARTIDO ISOLADO,MASCULINO,BRANCA,0,26,ENSINO MÉDIO COMPLETO,SOLTEIRO(A),MOTOBOY,,NÃO ELEITO,0,72,
DEPUTADO FEDERAL,1,2311,160002549521,SAMUEL RIBAS,SAMUEL RIBAS DE ABREU,,23,CIDADANIA,CIDADANIA,45-PSDB/23-CIDADANIA,FEDERAÇÃO PSDB CIDADANIA,FEDERAÇÃO,MASCULINO,BRANCA,0,39,SUPERIOR COMPLETO,CASADO(A),ADVOGADO,,NÃO ELEITO,0,71,
DEPUTADO FEDERAL,1,1101,160002532854,DANI ZIOBER,DANIELE ZIOBER SBORGI,,11,PP,PROGRESSISTAS,44-UNIÃO/11-PP,FEDERAÇÃO UNIÃO PROGRESSISTA,FEDERAÇÃO,FEMININO,BRANCA,0,47,SUPERIOR COMPLETO,DIVORCIADO(A),FONOAUDIÓLOGO,,SUPLENTE,0,70,
DEPUTADO FEDERAL,1,1519,160002540788,MANOS BEER,MANOEL AUGUSTO GOLLUB INOCENCIO,,15,MDB,MOVIMENTO DEMOCRÁTICO BRASILEIRO,,,PARTIDO ISOLADO,MASCULINO,BRANCA,0,39,SUPERIOR COMPLETO,SOLTEIRO(A),EMPRESÁRIO,,SUPLENTE,0,70,
DEPUTADO FEDERAL,1,2060,160002547474,CORONEL MINIKÉLO,ANTONIO MINICHIELLO NETO,,20,PODE,PODEMOS,,,PARTIDO ISOLADO,MASCULINO,BRANCA,0,58,SUPERIOR COMPLETO,CASADO(A),MEMBRO DAS FORÇAS ARMADAS,,SUPLENTE,0,70,
DEPUTADO FEDERAL,1,2009,160002547468,FABIULA JUNGLES,FABIULA CRISTHIANE LUSTOSA JUNGLES,,20,PODE,PODEMOS,,,PARTIDO ISOLADO,FEMININO,BRANCA,0,49,SUPERIOR COMPLETO,DIVORCIADO(A),PEDAGOGO,,SUPLENTE,0,67,
DEPUTADO FEDERAL,1,3055,160002542311,WILLIAM BARROS,WILLIAM DOUGLAS BARROS SIMÕES,,30,NOVO,PARTIDO NOVO,,,PARTIDO ISOLADO,MASCULINO,PARDA,1,32,SUPERIOR COMPLETO,SOLTEIRO(A),ECONOMISTA,,SUPLENTE,0,67,
DEPUTADO FEDERAL,1,6500,160002536503,TONINHO DA INSTALBOMBAS,ANTONIO BERNARDO DA SILVA,,65,PCDOB,PARTIDO COMUNISTA DO BRASIL,13-PT/65-PC do B/43-PV,FEDERAÇÃO BRASIL DA ESPERANÇA - FE BRASIL,FEDERAÇÃO,MASCULINO,PARDA,1,61,ENSINO FUNDAMENTAL COMPLETO,CASADO(A),MECÂNICO DE MANUTENÇÃO,,SUPLENTE,0,67,
DEPUTADO FEDERAL,1,1290,160002542215,RENE PENINHA,RENÊ PAULO FONTANELLI MACHADO,,12,PDT,PARTIDO DEMOCRÁTICO TRABALHISTA,,,PARTIDO ISOLADO,MASCULINO,BRANCA,0,68,SUPERIOR INCOMPLETO,CASADO(A),POLICIAL CIVIL,,NÃO ELEITO,0,66,
DEPUTADO FEDERAL,1,2500,160002553368,RADIALISTA JOÃOZINHO RIBEIRO,JOÃO CARLOS RIBEIRO,,25,PRD,PARTIDO RENOVACAO DEMOCRATICA,25-PRD/77-SOLIDARIEDADE,FEDERAÇÃO RENOVAÇÃO SOLIDÁRIA,FEDERAÇÃO,MASCULINO,PARDA,1,50,SUPERIOR COMPLETO,SEPARADO(A) JUDICIALMENTE,LOCUTOR E COMENTARISTA DE RÁDIO E TELEVISÃO E RADIALISTA,,NÃO ELEITO,0,66,
DEPUTADO FEDERAL,1,7788,160002553363,ABUJAMRA,MARCO ANTONIO ABUJAMRA,,77,SOLIDARIEDADE,SOLIDARIEDADE,25-PRD/77-SOLIDARIEDADE,FEDERAÇÃO RENOVAÇÃO SOLIDÁRIA,FEDERAÇÃO,MASCULINO,BRANCA,0,64,SUPERIOR COMPLETO,DIVORCIADO(A),EMPRESÁRIO,,NÃO ELEITO,0,64,
DEPUTADO FEDERAL,1,1219,160002542230,ALBA SOARES,ALBA GOMES DA SILVA,,12,PDT,PARTIDO DEMOCRÁTICO TRABALHISTA,,,PARTIDO ISOLADO,FEMININO,PRETA,1,60,SUPERIOR COMPLETO,CASADO(A),OUTROS,,NÃO ELEITO,0,63,
DEPUTADO FEDERAL,1,3590,160002553659,SARGENTO DOS SANTOS,THYAGO ROLAO DOS SANTOS,,35,DEMOCRATA,DEMOCRATA,,,PARTIDO ISOLADO,MASCULINO,PARDA,1,41,SUPERIOR INCOMPLETO,CASADO(A),POLICIAL MILITAR,,NÃO ELEITO,0,60,
DEPUTADO FEDERAL,1,1533,160002540789,FUBÁ,ELIO CEZAR ALVES DOS SANTOS,,15,MDB,MOVIMENTO DEMOCRÁTICO BRASILEIRO,,,PARTIDO ISOLADO,MASCULINO,BRANCA,0,55,SUPERIOR COMPLETO,CASADO(A),OUTROS,,SUPLENTE,0,59,
DEPUTADO FEDERAL,1,2050,160002547463,MILA PARANÁ,MILENE PEREIRA DA SILVA,,20,PODE,PODEMOS,,,PARTIDO ISOLADO,FEMININO,BRANCA,0,50,SUPERIOR COMPLETO,DIVORCIADO(A),OUTROS,,SUPLENTE,0,59,
DEPUTADO FEDERAL,1,1207,160002552139,ARI NOMAX,ARI ANTONIO ALVES SOBRINHO,,12,PDT,PARTIDO DEMOCRÁTICO TRABALHISTA,,,PARTIDO ISOLADO,MASCULINO,PARDA,1,61,ENSINO MÉDIO COMPLETO,DIVORCIADO(A),EMPRESÁRIO,,NÃO ELEITO,0,58,
DEPUTADO FEDERAL,1,2021,160002546894,PROTETORA SILVANA CORADI,SILVANA CORADI,,20,PODE,PODEMOS,,,PARTIDO ISOLADO,FEMININO,BRANCA,0,53,SUPERIOR COMPLETO,VIÚVO(A),EMPRESÁRIO,,SUPLENTE,0,58,
DEPUTADO FEDERAL,1,2226,160002554481,ANAJARA,ANAJARA LEANDRO DE SOUSA,,22,PL,PARTIDO LIBERAL,,,PARTIDO ISOLADO,FEMININO,BRANCA,0,36,ENSINO MÉDIO COMPLETO,SOLTEIRO(A),EMPRESÁRIO,,SUPLENTE,0,58,
DEPUTADO FEDERAL,1,2345,160002549539,CECÍLIA DO POVO,CECILIA TEIXEIRA,,23,CIDADANIA,CIDADANIA,45-PSDB/23-CIDADANIA,FEDERAÇÃO PSDB CIDADANIA,FEDERAÇÃO,FEMININO,PARDA,1,50,SUPERIOR INCOMPLETO,VIÚVO(A),AGENTE ADMINISTRATIVO,,NÃO ELEITO,0,58,
DEPUTADO FEDERAL,1,3026,160002542298,PAULO ESPÍNDOLA CAMINHONEIRO,PAULO MARTINS ESPINDOLA,,30,NOVO,PARTIDO NOVO,,,PARTIDO ISOLADO,MASCULINO,BRANCA,0,50,ENSINO MÉDIO INCOMPLETO,CASADO(A),MOTORISTA DE VEÍCULOS DE TRANSPORTE DE CARGA,,SUPLENTE,0,56,
DEPUTADO FEDERAL,1,5044,160002547722,PROF. JOÃO HENRIQUE,JOAO HENRIQUE DA SILVA,,50,PSOL,PARTIDO SOCIALISMO E LIBERDADE,50-PSOL/18-REDE,FEDERAÇÃO PSOL REDE,FEDERAÇÃO,MASCULINO,PARDA,1,40,SUPERIOR COMPLETO,SOLTEIRO(A),PROFESSOR DE ENSINO MÉDIO,,NÃO ELEITO,0,56,
DEPUTADO FEDERAL,1,7710,160002553376,LEDI ALMEIDA,LEDINALVA PEREIRA DE ALMEIDA,,77,SOLIDARIEDADE,SOLIDARIEDADE,25-PRD/77-SOLIDARIEDADE,FEDERAÇÃO RENOVAÇÃO SOLIDÁRIA,FEDERAÇÃO,FEMININO,BRANCA,0,52,SUPERIOR COMPLETO,SOLTEIRO(A),PEDAGOGO,,NÃO ELEITO,0,56,
DEPUTADO FEDERAL,1,7707,160002553357,PROFESSORA ANGELA GARCIA,ANGELA GARCIA,,77,SOLIDARIEDADE,SOLIDARIEDADE,25-PRD/77-SOLIDARIEDADE,FEDERAÇÃO RENOVAÇÃO SOLIDÁRIA,FEDERAÇÃO,FEMININO,BRANCA,0,47,SUPERIOR COMPLETO,CASADO(A),SERVIDOR PÚBLICO MUNICIPAL,,NÃO ELEITO,0,53,
DEPUTADO FEDERAL,1,1255,160002542222,MARCIO ROSA,MARCIO ROSA DA SILVA,,12,PDT,PARTIDO DEMOCRÁTICO TRABALHISTA,,,PARTIDO ISOLADO,MASCULINO,BRANCA,0,47,SUPERIOR COMPLETO,CASADO(A),EMPRESÁRIO,,NÃO ELEITO,0,52,
DEPUTADO FEDERAL,1,4001,160002532594,EDSON FERNANDO,EDSON FERNANDO DA SILVA,,40,PSB,PARTIDO SOCIALISTA BRASILEIRO,,,PARTIDO ISOLADO,MASCULINO,BRANCA,0,62,SUPERIOR COMPLETO,DIVORCIADO(A),AGENTE ADMINISTRATIVO,,NÃO ELEITO,0,51,
DEPUTADO FEDERAL,1,1274,160002541984,FAGUNDES,IVAN FAGUNDES MACHADO,,12,PDT,PARTIDO DEMOCRÁTICO TRABALHISTA,,,PARTIDO ISOLADO,MASCULINO,PRETA,1,52,ENSINO MÉDIO COMPLETO,CASADO(A),OUTROS,,NÃO ELEITO,0,49,
DEPUTADO FEDERAL,1,1800,160002547725,MARCO ZERO,MARCOS ANTONIO DE OLIVEIRA SOUZA,,18,REDE,REDE SUSTENTABILIDADE,50-PSOL/18-REDE,FEDERAÇÃO PSOL REDE,FEDERAÇÃO,MASCULINO,PARDA,1,64,SUPERIOR COMPLETO,SOLTEIRO(A),PUBLICITÁRIO,,NÃO ELEITO,0,49,
DEPUTADO FEDERAL,1,2267,160002547564,RICARDO PINAFFI,RICARDO PINAFFI CASSIMIRO,,22,PL,PARTIDO LIBERAL,,,PARTIDO ISOLADO,MASCULINO,BRANCA,0,30,SUPERIOR COMPLETO,SOLTEIRO(A),ADVOGADO,,SUPLENTE,0,49,
DEPUTADO FEDERAL,1,1422,160002551020,FERNANDO GARBATCHEVSKI,FERNANDO GARBATCHEVSKI,,14,MISSÃO,PARTIDO MISSÃO,,,PARTIDO ISOLADO,MASCULINO,BRANCA,0,27,ENSINO MÉDIO COMPLETO,SOLTEIRO(A),MOTOBOY,,NÃO ELEITO,0,48,
DEPUTADO FEDERAL,1,4015,160002532604,ARI RIBEIRO,ARIOVALDO RIBEIRO CARDOSO,,40,PSB,PARTIDO SOCIALISTA BRASILEIRO,,,PARTIDO ISOLADO,MASCULINO,BRANCA,0,54,ENSINO MÉDIO COMPLETO,DIVORCIADO(A),OUTROS,,NÃO ELEITO,0,48,
DEPUTADO FEDERAL,1,1443,160002551022,MATHEUS MOREIRA,MATHEUS SANTOS MOREIRA,,14,MISSÃO,PARTIDO MISSÃO,,,PARTIDO ISOLADO,MASCULINO,BRANCA,0,31,SUPERIOR COMPLETO,SOLTEIRO(A),SERVIDOR PÚBLICO FEDERAL,,NÃO ELEITO,0,47,
DEPUTADO FEDERAL,1,1577,160002540795,LEONICE ILEK,LEONICE ILEK AURÉLIO REY,,15,MDB,MOVIMENTO DEMOCRÁTICO BRASILEIRO,,,PARTIDO ISOLADO,FEMININO,BRANCA,0,62,SUPERIOR COMPLETO,CASADO(A),FONOAUDIÓLOGO,,SUPLENTE,0,47,
DEPUTADO FEDERAL,1,2294,160002547577,DULCI CARMO,DULCILENE CORREIA DOS SANTOS CARMO,,22,PL,PARTIDO LIBERAL,,,PARTIDO ISOLADO,FEMININO,BRANCA,0,58,SUPERIOR COMPLETO,CASADO(A),PSICÓLOGO,,SUPLENTE,0,47,
DEPUTADO FEDERAL,1,4060,160002532606,PROFESSOR GUSTAVO AGUERA,GUSTAVO HENRIQUE APOLONI AGUERA,,40,PSB,PARTIDO SOCIALISTA BRASILEIRO,,,PARTIDO ISOLADO,MASCULINO,BRANCA,0,32,SUPERIOR COMPLETO,SOLTEIRO(A),PROFESSOR DE ENSINO SUPERIOR,,NÃO ELEITO,0,47,
DEPUTADO FEDERAL,1,2266,160002547574,NEGUINHO GRASSI,JOSÉ VANI GRASSI,,22,PL,PARTIDO LIBERAL,,,PARTIDO ISOLADO,MASCULINO,BRANCA,0,60,ENSINO FUNDAMENTAL COMPLETO,DIVORCIADO(A),EMPRESÁRIO,,SUPLENTE,0,45,
DEPUTADO FEDERAL,1,2303,160002549523,MARI CEREIA,MARINELLA FAVERO CEREIA,,23,CIDADANIA,CIDADANIA,45-PSDB/23-CIDADANIA,FEDERAÇÃO PSDB CIDADANIA,FEDERAÇÃO,FEMININO,BRANCA,0,63,SUPERIOR COMPLETO,CASADO(A),DONA DE CASA,,NÃO ELEITO,0,45,
DEPUTADO FEDERAL,1,3070,160002542309,LARYSSA MELO,LARYSSA DE MELO PEREIRA DA SILVA,,30,NOVO,PARTIDO NOVO,,,PARTIDO ISOLADO,FEMININO,BRANCA,0,32,SUPERIOR INCOMPLETO,SOLTEIRO(A),SERVIDOR PÚBLICO ESTADUAL,,SUPLENTE,0,45,
DEPUTADO FEDERAL,1,4467,160002532860,JACIARA NOVAES,JACIARA NOVAES MELLO,,44,UNIÃO,UNIÃO BRASIL,44-UNIÃO/11-PP,FEDERAÇÃO UNIÃO PROGRESSISTA,FEDERAÇÃO,FEMININO,PRETA,1,43,SUPERIOR COMPLETO,SOLTEIRO(A),JORNALISTA E REDATOR,,SUPLENTE,0,45,
DEPUTADO FEDERAL,1,4515,160002549525,MARQUINHOS ROQUE,MARCUS ANTONIO ELIAS ROQUE,,45,PSDB,PARTIDO DA SOCIAL DEMOCRACIA BRASILEIRA,45-PSDB/23-CIDADANIA,FEDERAÇÃO PSDB CIDADANIA,FEDERAÇÃO,MASCULINO,BRANCA,0,58,SUPERIOR COMPLETO,CASADO(A),OUTROS,,NÃO ELEITO,0,45,
DEPUTADO FEDERAL,1,5047,160002547721,DR. SÉRGIO DA SAÚDE,SÉRGIO OSANY GARCIA VIEIRA,,50,PSOL,PARTIDO SOCIALISMO E LIBERDADE,50-PSOL/18-REDE,FEDERAÇÃO PSOL REDE,FEDERAÇÃO,MASCULINO,BRANCA,0,56,SUPERIOR COMPLETO,SEPARADO(A) JUDICIALMENTE,MÉDICO,,NÃO ELEITO,0,45,
DEPUTADO FEDERAL,1,1007,160002540775,BOCA ABERTA,EMERSON MIGUEL PETRIV,,10,REPUBLICANOS,REPUBLICANOS,,,PARTIDO ISOLADO,MASCULINO,BRANCA,0,55,ENSINO MÉDIO INCOMPLETO,CASADO(A),VENDEDOR DE COMÉRCIO VAREJISTA E ATACADISTA,,NÃO ELEITO,0,44,
DEPUTADO FEDERAL,1,5503,160002542338,PASTORA LISLAINE,LISLAINE LOPES DA SILVA PASINI,,55,PSD,PARTIDO SOCIAL DEMOCRÁTICO,,,PARTIDO ISOLADO,FEMININO,BRANCA,0,42,ENSINO MÉDIO COMPLETO,CASADO(A),TERAPEUTA,,SUPLENTE,0,44,
DEPUTADO FEDERAL,1,4512,160002549532,CELSO VARIANI FERRI,CELSO VARIANI FERRI,,45,PSDB,PARTIDO DA SOCIAL DEMOCRACIA BRASILEIRA,45-PSDB/23-CIDADANIA,FEDERAÇÃO PSDB CIDADANIA,FEDERAÇÃO,MASCULINO,BRANCA,0,68,SUPERIOR INCOMPLETO,CASADO(A),"CORRETOR DE IMÓVEIS, SEGUROS, TÍTULOS E VALORES",,NÃO ELEITO,0,43,
DEPUTADO FEDERAL,1,1499,160002551017,GLAUBERSON ROCHA,GLAUBERSON ROCHA,,14,MISSÃO,PARTIDO MISSÃO,,,PARTIDO ISOLADO,MASCULINO,BRANCA,0,42,SUPERIOR COMPLETO,SEPARADO(A) JUDICIALMENTE,ADMINISTRADOR,,NÃO ELEITO,0,42,
DEPUTADO FEDERAL,1,4567,160002549528,IZAIAS SALUSTIANO,IZAIAS SALUSTIANO,,45,PSDB,PARTIDO DA SOCIAL DEMOCRACIA BRASILEIRA,45-PSDB/23-CIDADANIA,FEDERAÇÃO PSDB CIDADANIA,FEDERAÇÃO,MASCULINO,BRANCA,0,59,SUPERIOR COMPLETO,DIVORCIADO(A),ADVOGADO,,NÃO ELEITO,0,42,
DEPUTADO FEDERAL,1,2018,160002546893,DELEGADO FEDERAL ALAMINO,VAGNER DE MORAES ALAMINO,,20,PODE,PODEMOS,,,PARTIDO ISOLADO,MASCULINO,BRANCA,0,44,SUPERIOR COMPLETO,CASADO(A),SERVIDOR PÚBLICO FEDERAL,,SUPLENTE,0,40,
DEPUTADO FEDERAL,1,2929,160002552566,GABRIEL ALBERTI,GABRIEL GONÇALVES ALBERTI,,29,PCO,PARTIDO DA CAUSA OPERÁRIA,,,PARTIDO ISOLADO,MASCULINO,BRANCA,0,23,SUPERIOR INCOMPLETO,SOLTEIRO(A),"ESTUDANTE, BOLSISTA, ESTAGIÁRIO E ASSEMELHADOS",,NÃO ELEITO,0,40,
DEPUTADO FEDERAL,1,1523,160002554127,SILVIO PRZYWITOWSKI,ANTONIO SILVIO TRUSCZYNSKI PRZYWITOWSKI,,15,MDB,MOVIMENTO DEMOCRÁTICO BRASILEIRO,,,PARTIDO ISOLADO,MASCULINO,BRANCA,0,53,ENSINO MÉDIO COMPLETO,SOLTEIRO(A),EMPRESÁRIO,,SUPLENTE,0,39,
DEPUTADO FEDERAL,1,1551,160002540787,THIAGO BRUGER,THIAGO PEREIRA BRUGER,,15,MDB,MOVIMENTO DEMOCRÁTICO BRASILEIRO,,,PARTIDO ISOLADO,MASCULINO,BRANCA,0,27,SUPERIOR INCOMPLETO,CASADO(A),EMPRESÁRIO,,SUPLENTE,0,39,
DEPUTADO FEDERAL,1,2234,160002547576,JOCELINO VELOSO,JOCELINO VELOSO MARTINS,,22,PL,PARTIDO LIBERAL,,,PARTIDO ISOLADO,MASCULINO,PARDA,1,43,SUPERIOR INCOMPLETO,DIVORCIADO(A),EMPRESÁRIO,,SUPLENTE,0,39,
DEPUTADO FEDERAL,1,7708,160002553361,MARCÃO DO POVO,MARCOS ROBERTO DE LIMA,,77,SOLIDARIEDADE,SOLIDARIEDADE,25-PRD/77-SOLIDARIEDADE,FEDERAÇÃO RENOVAÇÃO SOLIDÁRIA,FEDERAÇÃO,MASCULINO,PARDA,1,57,SUPERIOR INCOMPLETO,SOLTEIRO(A),EMPRESÁRIO,,NÃO ELEITO,0,39,
DEPUTADO FEDERAL,1,2333,160002549538,JOÃO CARRARA,JOAO HENRIQUE MATOS CARRARA,,23,CIDADANIA,CIDADANIA,45-PSDB/23-CIDADANIA,FEDERAÇÃO PSDB CIDADANIA,FEDERAÇÃO,MASCULINO,BRANCA,0,23,SUPERIOR INCOMPLETO,SOLTEIRO(A),EMPRESÁRIO,,NÃO ELEITO,0,38,
DEPUTADO FEDERAL,1,4020,160002532613,DIRA,VALDIRIA IZIDORO LAUTON,,40,PSB,PARTIDO SOCIALISTA BRASILEIRO,,,PARTIDO ISOLADO,FEMININO,PRETA,1,53,ENSINO MÉDIO COMPLETO,CASADO(A),OUTROS,,NÃO ELEITO,0,38,
DEPUTADO FEDERAL,1,5010,160002554273,GIBELLE,GIBELLE MATIAS AMORIM,,50,PSOL,PARTIDO SOCIALISMO E LIBERDADE,50-PSOL/18-REDE,FEDERAÇÃO PSOL REDE,FEDERAÇÃO,FEMININO,PARDA,1,50,ENSINO MÉDIO COMPLETO,SOLTEIRO(A),OUTROS,,NÃO ELEITO,0,38,
DEPUTADO FEDERAL,1,1244,160002542213,PAULINHO DO ASFALTO,PAULO CESAR RODRIGUES,,12,PDT,PARTIDO DEMOCRÁTICO TRABALHISTA,,,PARTIDO ISOLADO,MASCULINO,PARDA,1,55,ENSINO MÉDIO INCOMPLETO,CASADO(A),OUTROS,,NÃO ELEITO,0,36,
DEPUTADO FEDERAL,1,2369,160002549537,CARLOS MORAES,CARLOS ROBERTO DE MORAES,,23,CIDADANIA,CIDADANIA,45-PSDB/23-CIDADANIA,FEDERAÇÃO PSDB CIDADANIA,FEDERAÇÃO,MASCULINO,BRANCA,0,67,SUPERIOR COMPLETO,SOLTEIRO(A),JORNALISTA E REDATOR,,NÃO ELEITO,0,36,
DEPUTADO FEDERAL,1,1525,160002540807,VILSON FALCÃO,VILSON PEDROSO DA CRUZ,,15,MDB,MOVIMENTO DEMOCRÁTICO BRASILEIRO,,,PARTIDO ISOLADO,MASCULINO,BRANCA,0,65,ENSINO MÉDIO COMPLETO,CASADO(A),ADMINISTRADOR,,SUPLENTE,0,35,
DEPUTADO FEDERAL,1,1819,160002547712,VANICE LIMA,VANICE PEDROSO DE LIMA,,18,REDE,REDE SUSTENTABILIDADE,50-PSOL/18-REDE,FEDERAÇÃO PSOL REDE,FEDERAÇÃO,FEMININO,PRETA,1,62,ENSINO MÉDIO COMPLETO,DIVORCIADO(A),COMERCIANTE,,NÃO ELEITO,0,35,
DEPUTADO FEDERAL,1,3500,160002554124,SCHULZ,MAURICIO SCHULZ,,35,DEMOCRATA,DEMOCRATA,,,PARTIDO ISOLADO,MASCULINO,PARDA,1,36,ENSINO MÉDIO COMPLETO,SOLTEIRO(A),AGENTE ADMINISTRATIVO,,NÃO ELEITO,0,35,
DEPUTADO FEDERAL,1,4540,160002549547,ADILSON DO BAR RESTAURANTE,ADILSON DE JESUS CINTRA,,45,PSDB,PARTIDO DA SOCIAL DEMOCRACIA BRASILEIRA,45-PSDB/23-CIDADANIA,FEDERAÇÃO PSDB CIDADANIA,FEDERAÇÃO,MASCULINO,BRANCA,0,53,ENSINO MÉDIO COMPLETO,CASADO(A),COMERCIANTE,,NÃO ELEITO,0,35,
DEPUTADO FEDERAL,1,1277,160002541985,JOSIAS MILANI,JOSIAS MILANI,,12,PDT,PARTIDO DEMOCRÁTICO TRABALHISTA,,,PARTIDO ISOLADO,MASCULINO,BRANCA,0,59,ENSINO FUNDAMENTAL COMPLETO,SOLTEIRO(A),OUTROS,,NÃO ELEITO,0,34,
DEPUTADO FEDERAL,1,2025,160002547471,LUCIANO CASTILHO,LUCIANO MOREIRA DE CASTILHO,,20,PODE,PODEMOS,,,PARTIDO ISOLADO,MASCULINO,PARDA,1,50,SUPERIOR COMPLETO,CASADO(A),ADMINISTRADOR,,SUPLENTE,0,34,
DEPUTADO FEDERAL,1,4022,160002532605,INVESTIGADOR KLEBER KOMBATE,IVODE KLEBER MENDES PEDROSO,,40,PSB,PARTIDO SOCIALISTA BRASILEIRO,,,PARTIDO ISOLADO,MASCULINO,BRANCA,0,48,SUPERIOR COMPLETO,SOLTEIRO(A),POLICIAL CIVIL,,NÃO ELEITO,0,33,
DEPUTADO FEDERAL,1,2577,160002553366,DIEGO DO VALLE,DIEGO CARLOS MORAES DO VALLE,,25,PRD,PARTIDO RENOVACAO DEMOCRATICA,25-PRD/77-SOLIDARIEDADE,FEDERAÇÃO RENOVAÇÃO SOLIDÁRIA,FEDERAÇÃO,MASCULINO,BRANCA,0,33,SUPERIOR INCOMPLETO,CASADO(A),OUTROS,,NÃO ELEITO,0,32,
DEPUTADO FEDERAL,1,4050,160002532588,MARIO CERTO,MARIO SETO TAKEGUMA JUNIOR,,40,PSB,PARTIDO SOCIALISTA BRASILEIRO,,,PARTIDO ISOLADO,MASCULINO,AMARELA,0,39,SUPERIOR COMPLETO,SOLTEIRO(A),PSICÓLOGO,,NÃO ELEITO,0,32,
DEPUTADO FEDERAL,1,4522,160002549531,LEANDRO PINTO,LEANDRO DA SILVA PINTO,,45,PSDB,PARTIDO DA SOCIAL DEMOCRACIA BRASILEIRA,45-PSDB/23-CIDADANIA,FEDERAÇÃO PSDB CIDADANIA,FEDERAÇÃO,MASCULINO,PARDA,1,33,ENSINO FUNDAMENTAL COMPLETO,CASADO(A),EMPRESÁRIO,,NÃO ELEITO,0,31,
DEPUTADO FEDERAL,1,1025,160002540774,NEUZA VIGANÓ,NEUZA MARIA VIGANO,,10,REPUBLICANOS,REPUBLICANOS,,,PARTIDO ISOLADO,FEMININO,BRANCA,0,69,ENSINO MÉDIO COMPLETO,CASADO(A),PRODUTOR AGROPECUÁRIO,,SUPLENTE,0,30,
DEPUTADO FEDERAL,1,1412,160002551037,NANÁ VIEIRA,TAYNA RUTKOWSKI VIEIRA MARTINS,,14,MISSÃO,PARTIDO MISSÃO,,,PARTIDO ISOLADO,FEMININO,BRANCA,0,38,ENSINO MÉDIO COMPLETO,CASADO(A),DECORADOR,,NÃO ELEITO,0,30,
DEPUTADO FEDERAL,1,3044,160002542312,ROBISON PEDROSO,ROBISON PEDROSO DA SILVA,,30,NOVO,PARTIDO NOVO,,,PARTIDO ISOLADO,MASCULINO,BRANCA,0,45,SUPERIOR COMPLETO,CASADO(A),ADMINISTRADOR,,SUPLENTE,0,30,
DEPUTADO FEDERAL,1,1226,160002541983,CINTIA SIQUEIRA,CINTIA SIQUEIRA FERREIRA DE MELO,,12,PDT,PARTIDO DEMOCRÁTICO TRABALHISTA,,,PARTIDO ISOLADO,FEMININO,BRANCA,0,53,SUPERIOR INCOMPLETO,DIVORCIADO(A),SERVIDOR PÚBLICO MUNICIPAL,,NÃO ELEITO,0,29,
DEPUTADO FEDERAL,1,5530,160002542341,GIL DOS ANJOS,GIOVANI DONIZETE DOS ANJOS,,55,PSD,PARTIDO SOCIAL DEMOCRÁTICO,,,PARTIDO ISOLADO,MASCULINO,BRANCA,0,55,SUPERIOR COMPLETO,CASADO(A),AGRICULTOR,,SUPLENTE,0,29,
DEPUTADO FEDERAL,1,1225,160002541992,JESUS BRASIL,JESUS BRASIL CAPARROZ,,12,PDT,PARTIDO DEMOCRÁTICO TRABALHISTA,,,PARTIDO ISOLADO,MASCULINO,BRANCA,0,67,SUPERIOR INCOMPLETO,CASADO(A),COMERCIANTE,,NÃO ELEITO,0,28,
DEPUTADO FEDERAL,1,1590,160002540785,MALY BENATTI,MARIA ANGELA SILVEIRA BENATTI,,15,MDB,MOVIMENTO DEMOCRÁTICO BRASILEIRO,,,PARTIDO ISOLADO,FEMININO,BRANCA,0,70,SUPERIOR COMPLETO,CASADO(A),PROFESSOR DE ENSINO MÉDIO,,SUPLENTE,0,28,
DEPUTADO FEDERAL,1,1810,160002547706,JORNALISTA LUCIANA SILVA,LUCIANA DA SILVA TEIXEIRA,,18,REDE,REDE SUSTENTABILIDADE,50-PSOL/18-REDE,FEDERAÇÃO PSOL REDE,FEDERAÇÃO,FEMININO,PRETA,1,41,ENSINO MÉDIO COMPLETO,SOLTEIRO(A),OUTROS,,NÃO ELEITO,0,28,
DEPUTADO FEDERAL,1,1822,160002547715,MAYCON ROBERTO,MAYCON ANDRE ROBERTO DE ANDRADE,,18,REDE,REDE SUSTENTABILIDADE,50-PSOL/18-REDE,FEDERAÇÃO PSOL REDE,FEDERAÇÃO,MASCULINO,PARDA,1,30,ENSINO MÉDIO COMPLETO,SOLTEIRO(A),"ESTUDANTE, BOLSISTA, ESTAGIÁRIO E ASSEMELHADOS",,NÃO ELEITO,0,28,
DEPUTADO FEDERAL,1,2999,160002552565,ENILCE FERREIRA,ENILCE FERREIRA DE ALMEIDA TEIXEIRA,,29,PCO,PARTIDO DA CAUSA OPERÁRIA,,,PARTIDO ISOLADO,FEMININO,PARDA,1,67,ENSINO MÉDIO COMPLETO,CASADO(A),OUTROS,,NÃO ELEITO,0,28,
DEPUTADO FEDERAL,1,5521,160002542321,WALTER VOLPATO,WALTER VOLPATO,,55,PSD,PARTIDO SOCIAL DEMOCRÁTICO,,,PARTIDO ISOLADO,MASCULINO,BRANCA,0,72,ENSINO MÉDIO COMPLETO,CASADO(A),EMPRESÁRIO,,SUPLENTE,0,28,
DEPUTADO FEDERAL,1,1506,160002540809,EDUARDO BANTLE,EDUARDO LUIZ BANTLE,,15,MDB,MOVIMENTO DEMOCRÁTICO BRASILEIRO,,,PARTIDO ISOLADO,MASCULINO,BRANCA,0,33,SUPERIOR COMPLETO,SOLTEIRO(A),AGRICULTOR,,SUPLENTE,0,27,
DEPUTADO FEDERAL,1,3080,160002542295,PAULO TARDIOLLE,PAULO CESAR TARDIOLLE,,30,NOVO,PARTIDO NOVO,,,PARTIDO ISOLADO,MASCULINO,BRANCA,0,59,ENSINO MÉDIO COMPLETO,DIVORCIADO(A),APOSENTADO (EXCETO SERVIDOR PÚBLICO),,SUPLENTE,0,27,
DEPUTADO FEDERAL,1,5514,160002542342,KAMILA BRITES,CAMILA FERNANDES BRITES,,55,PSD,PARTIDO SOCIAL DEMOCRÁTICO,,,PARTIDO ISOLADO,FEMININO,BRANCA,0,38,ENSINO MÉDIO COMPLETO,SOLTEIRO(A),VEREADOR,,SUPLENTE,0,27,
DEPUTADO FEDERAL,1,1269,160002542225,PROFESSORA JANETE,JANETE ALVES RAMOS,,12,PDT,PARTIDO DEMOCRÁTICO TRABALHISTA,,,PARTIDO ISOLADO,FEMININO,BRANCA,0,39,SUPERIOR INCOMPLETO,SOLTEIRO(A),EMPRESÁRIO,,NÃO ELEITO,0,26,
DEPUTADO FEDERAL,1,4533,160002549544,DEBORAH TOZETTO,DEBORAH REGINA VERGES TOZETTO,,45,PSDB,PARTIDO DA SOCIAL DEMOCRACIA BRASILEIRA,45-PSDB/23-CIDADANIA,FEDERAÇÃO PSDB CIDADANIA,FEDERAÇÃO,FEMININO,BRANCA,0,28,SUPERIOR COMPLETO,SOLTEIRO(A),OUTROS,,NÃO ELEITO,0,26,
DEPUTADO FEDERAL,1,1566,160002540786,GEORGE OLIVEIRA,GEORGE LUIZ DE OLIVEIRA,,15,MDB,MOVIMENTO DEMOCRÁTICO BRASILEIRO,,,PARTIDO ISOLADO,MASCULINO,BRANCA,0,55,ENSINO MÉDIO COMPLETO,DIVORCIADO(A),EMPRESÁRIO,,NÃO ELEITO,0,25,
DEPUTADO FEDERAL,1,2502,160002553355,AMANDA FERNANDES,AMANDA CRISTINA FERNANDES,,25,PRD,PARTIDO RENOVACAO DEMOCRATICA,25-PRD/77-SOLIDARIEDADE,FEDERAÇÃO RENOVAÇÃO SOLIDÁRIA,FEDERAÇÃO,FEMININO,BRANCA,0,36,ENSINO MÉDIO COMPLETO,CASADO(A),OUTROS,,NÃO ELEITO,0,25,
DEPUTADO FEDERAL,1,4033,160002532616,RÔMULO VERAS,RÔMULO VERAS BEZERRA,,40,PSB,PARTIDO SOCIALISTA BRASILEIRO,,,PARTIDO ISOLADO,MASCULINO,PRETA,1,39,SUPERIOR COMPLETO,SOLTEIRO(A),TÉCNICO EM EDIFICAÇÕES,,NÃO ELEITO,0,25,
DEPUTADO FEDERAL,1,7700,160002553365,FRANCIS CAVALCANTI,FRANCISJONES CAVALCANTI,,77,SOLIDARIEDADE,SOLIDARIEDADE,25-PRD/77-SOLIDARIEDADE,FEDERAÇÃO RENOVAÇÃO SOLIDÁRIA,FEDERAÇÃO,MASCULINO,BRANCA,0,59,SUPERIOR COMPLETO,DIVORCIADO(A),SERVIDOR PÚBLICO ESTADUAL,,NÃO ELEITO,0,25,
DEPUTADO FEDERAL,1,1416,160002551038,ANDREY LUIZ,ANDREY LUIZ DE MELO OZORIO,,14,MISSÃO,PARTIDO MISSÃO,,,PARTIDO ISOLADO,MASCULINO,BRANCA,0,26,SUPERIOR INCOMPLETO,SOLTEIRO(A),VENDEDOR DE COMÉRCIO VAREJISTA E ATACADISTA,,NÃO ELEITO,0,24,
DEPUTADO FEDERAL,1,3051,160002542305,DRA DRIELLI,DRIELLI DE SOUZA,,30,NOVO,PARTIDO NOVO,,,PARTIDO ISOLADO,FEMININO,BRANCA,0,39,SUPERIOR COMPLETO,VIÚVO(A),BIOMÉDICO,,SUPLENTE,0,24,
DEPUTADO FEDERAL,1,5575,160002542330,FABIANA VIEIRA,FABIANA VIEIRA MACIEL,,55,PSD,PARTIDO SOCIAL DEMOCRÁTICO,,,PARTIDO ISOLADO,FEMININO,BRANCA,0,29,ENSINO MÉDIO COMPLETO,DIVORCIADO(A),OUTROS,,SUPLENTE,0,24,
DEPUTADO FEDERAL,1,1516,160002540792,EDSON SCABORA,EDSON RIBEIRO SCABORA,,15,MDB,MOVIMENTO DEMOCRÁTICO BRASILEIRO,,,PARTIDO ISOLADO,MASCULINO,BRANCA,0,64,SUPERIOR COMPLETO,CASADO(A),EMPRESÁRIO,,SUPLENTE,0,23,
DEPUTADO FEDERAL,1,4099,160002532614,DR. FRANCISMAR,FRANCISMAR PRESTES LEAL,,40,PSB,PARTIDO SOCIALISTA BRASILEIRO,,,PARTIDO ISOLADO,MASCULINO,BRANCA,0,57,SUPERIOR COMPLETO,CASADO(A),MÉDICO,,NÃO ELEITO,0,23,
DEPUTADO FEDERAL,1,1299,160002542224,DR. JULIO,JULIO ADRIANO TONATTO PHILBERT,,12,PDT,PARTIDO DEMOCRÁTICO TRABALHISTA,,,PARTIDO ISOLADO,MASCULINO,PARDA,1,50,SUPERIOR COMPLETO,DIVORCIADO(A),ADVOGADO,,NÃO ELEITO,0,22,
DEPUTADO FEDERAL,1,5055,160002547713,BRAGA,ROBERTO APARECIDO BRAGA,,50,PSOL,PARTIDO SOCIALISMO E LIBERDADE,50-PSOL/18-REDE,FEDERAÇÃO PSOL REDE,FEDERAÇÃO,MASCULINO,PARDA,1,53,ENSINO MÉDIO COMPLETO,SOLTEIRO(A),LOCUTOR E COMENTARISTA DE RÁDIO E TELEVISÃO E RADIALISTA,,NÃO ELEITO,0,22,
DEPUTADO FEDERAL,1,1420,160002551018,FELIPE GAMBARO,FELIPE GÂMBARO PEREIRA,,14,MISSÃO,PARTIDO MISSÃO,,,PARTIDO ISOLADO,MASCULINO,BRANCA,0,32,SUPERIOR COMPLETO,SOLTEIRO(A),"VENDEDOR PRACISTA, REPRESENTANTE, CAIXEIRO-VIAJANTE E ASSEMELHADOS",,NÃO ELEITO,0,21,
DEPUTADO FEDERAL,1,4008,160002532618,CARLINHOS BANDA GARRAFÃO,JOSE CARLOS MARQUES DA SILVA,,40,PSB,PARTIDO SOCIALISTA BRASILEIRO,,,PARTIDO ISOLADO,MASCULINO,PARDA,1,54,SUPERIOR COMPLETO,CASADO(A),MÚSICO,,NÃO ELEITO,0,21,
DEPUTADO FEDERAL,1,4041,160002532615,JOTA JÚNIOR,JOÃO JOSÉ DOS SANTOS,,40,PSB,PARTIDO SOCIALISTA BRASILEIRO,,,PARTIDO ISOLADO,MASCULINO,PARDA,1,64,ENSINO MÉDIO INCOMPLETO,SOLTEIRO(A),OUTROS,,NÃO ELEITO,0,21,
DEPUTADO FEDERAL,1,2099,160002546896,JONI CORREIA,JONI SILVA CORREIA JUNIOR,,20,PODE,PODEMOS,,,PARTIDO ISOLADO,MASCULINO,BRANCA,0,49,SUPERIOR COMPLETO,CASADO(A),EMPRESÁRIO,,SUPLENTE,0,20,
DEPUTADO FEDERAL,1,4045,160002532589,FERNANDÃO,ANTÔNIO FERNANDO TEIGAO,,40,PSB,PARTIDO SOCIALISTA BRASILEIRO,,,PARTIDO ISOLADO,MASCULINO,BRANCA,0,68,SUPERIOR COMPLETO,CASADO(A),EMPRESÁRIO,,NÃO ELEITO,0,20,
DEPUTADO FEDERAL,1,5022,160002547716,JORNALISTA TONY KILIM,ANTONIO GERALDO KILIM,,50,PSOL,PARTIDO SOCIALISMO E LIBERDADE,50-PSOL/18-REDE,FEDERAÇÃO PSOL REDE,FEDERAÇÃO,MASCULINO,PARDA,1,45,ENSINO MÉDIO COMPLETO,SOLTEIRO(A),JORNALISTA E REDATOR,,NÃO ELEITO,0,20,
DEPUTADO FEDERAL,1,2323,160002549524,SIDNEI JARDIM,SIDNEI DE SOUZA JARDIM,,23,CIDADANIA,CIDADANIA,45-PSDB/23-CIDADANIA,FEDERAÇÃO PSDB CIDADANIA,FEDERAÇÃO,MASCULINO,PARDA,1,58,SUPERIOR COMPLETO,CASADO(A),ADVOGADO,,NÃO ELEITO,0,19,
DEPUTADO FEDERAL,1,2070,160002547473,RODRIGO JOÃO PIMENTA,RODRIGO KOHL RIBEIRO,,20,PODE,PODEMOS,,,PARTIDO ISOLADO,MASCULINO,BRANCA,0,48,SUPERIOR COMPLETO,CASADO(A),PEDAGOGO,,SUPLENTE,0,17,
DEPUTADO FEDERAL,1,4578,160002549545,DRA ANDRÉIA GRUTDNER,ANDREIA GRUTDNER,,45,PSDB,PARTIDO DA SOCIAL DEMOCRACIA BRASILEIRA,45-PSDB/23-CIDADANIA,FEDERAÇÃO PSDB CIDADANIA,FEDERAÇÃO,FEMININO,PARDA,1,51,SUPERIOR COMPLETO,DIVORCIADO(A),ADVOGADO,,NÃO ELEITO,0,17,
DEPUTADO FEDERAL,1,5077,160002547714,AROLDO SANTOS,AROLDO GONCALVES DOS SANTOS,,50,PSOL,PARTIDO SOCIALISMO E LIBERDADE,50-PSOL/18-REDE,FEDERAÇÃO PSOL REDE,FEDERAÇÃO,MASCULINO,PARDA,1,49,SUPERIOR INCOMPLETO,SOLTEIRO(A),SACERDOTE OU MEMBRO DE ORDEM OU SEITA RELIGIOSA,,NÃO ELEITO,0,17,
DEPUTADO FEDERAL,1,1407,160002551041,MARCELLO DE PAULA,MARCELLO INÁCIO DE PAULA,,14,MISSÃO,PARTIDO MISSÃO,,,PARTIDO ISOLADO,MASCULINO,PRETA,1,48,SUPERIOR INCOMPLETO,DIVORCIADO(A),OUTROS,,NÃO ELEITO,0,16,
DEPUTADO FEDERAL,1,5060,160002547708,FRED SIMONI,FREDERICO SIMONI DA SILVA,,50,PSOL,PARTIDO SOCIALISMO E LIBERDADE,50-PSOL/18-REDE,FEDERAÇÃO PSOL REDE,FEDERAÇÃO,MASCULINO,BRANCA,0,50,SUPERIOR COMPLETO,CASADO(A),ADMINISTRADOR,,NÃO ELEITO,0,16,
DEPUTADO FEDERAL,1,1044,160002540771,MENDES,ROGERIO MENDES DOS SANTOS,,10,REPUBLICANOS,REPUBLICANOS,,,PARTIDO ISOLADO,MASCULINO,BRANCA,0,59,SUPERIOR INCOMPLETO,CASADO(A),EMPRESÁRIO,,SUPLENTE,0,15,
DEPUTADO FEDERAL,1,1545,160002540798,VEREADOR ADEMILSON,ADEMILSON DE ALMEIDA,,15,MDB,MOVIMENTO DEMOCRÁTICO BRASILEIRO,,,PARTIDO ISOLADO,MASCULINO,PARDA,1,45,SUPERIOR COMPLETO,SOLTEIRO(A),VEREADOR,,SUPLENTE,0,15,
DEPUTADO FEDERAL,1,4043,160002532601,PROFESSORA MARLI GONÇALVES,MARLI DIAS GONÇALVES,,40,PSB,PARTIDO SOCIALISTA BRASILEIRO,,,PARTIDO ISOLADO,FEMININO,PARDA,1,63,SUPERIOR COMPLETO,SOLTEIRO(A),APOSENTADO (EXCETO SERVIDOR PÚBLICO),,NÃO ELEITO,0,15,
DEPUTADO FEDERAL,1,7704,160002553360,LIZA RAMOS,ELIZANGELA DE FATIMA RAMOS,,77,SOLIDARIEDADE,SOLIDARIEDADE,25-PRD/77-SOLIDARIEDADE,FEDERAÇÃO RENOVAÇÃO SOLIDÁRIA,FEDERAÇÃO,FEMININO,BRANCA,0,44,SUPERIOR INCOMPLETO,SOLTEIRO(A),EMPRESÁRIO,,NÃO ELEITO,0,15,
DEPUTADO FEDERAL,1,1288,160002541987,STALLONE RIBEIRO,STALLONE DOS SANTOS RIBEIRO,,12,PDT,PARTIDO DEMOCRÁTICO TRABALHISTA,,,PARTIDO ISOLADO,MASCULINO,PARDA,1,40,SUPERIOR COMPLETO,CASADO(A),PROFESSOR DE ENSINO MÉDIO,,NÃO ELEITO,0,14,
DEPUTADO FEDERAL,1,3040,160002542283,PENNA,LUCIANO LINHARES PENNA,,30,NOVO,PARTIDO NOVO,,,PARTIDO ISOLADO,MASCULINO,BRANCA,0,41,SUPERIOR INCOMPLETO,CASADO(A),EMPRESÁRIO,,SUPLENTE,0,14,
DEPUTADO FEDERAL,1,5007,160002547711,BETS MARTINS,GLACEU ROBERTO MARTINS DE ALMEIDA,,50,PSOL,PARTIDO SOCIALISMO E LIBERDADE,50-PSOL/18-REDE,FEDERAÇÃO PSOL REDE,FEDERAÇÃO,MASCULINO,BRANCA,0,47,SUPERIOR INCOMPLETO,SOLTEIRO(A),SERVIDOR PÚBLICO ESTADUAL,,NÃO ELEITO,0,14,
DEPUTADO FEDERAL,1,5506,160002542339,CABO NILSON FERREIRA,NILSON FERREIRA,,55,PSD,PARTIDO SOCIAL DEMOCRÁTICO,,,PARTIDO ISOLADO,MASCULINO,PARDA,1,40,SUPERIOR COMPLETO,DIVORCIADO(A),POLICIAL MILITAR,,SUPLENTE,0,13,
DEPUTADO FEDERAL,1,1540,160002540803,MIRADOR,CARLINO FRAGA PEREIRA,,15,MDB,MOVIMENTO DEMOCRÁTICO BRASILEIRO,,,PARTIDO ISOLADO,MASCULINO,PRETA,1,46,SUPERIOR COMPLETO,CASADO(A),AGRICULTOR,,SUPLENTE,0,12,
DEPUTADO FEDERAL,1,1567,160002540799,JOÃO ARDIGO,JOÃO MANOEL ARDIGO,,15,MDB,MOVIMENTO DEMOCRÁTICO BRASILEIRO,,,PARTIDO ISOLADO,MASCULINO,BRANCA,0,55,SUPERIOR COMPLETO,DIVORCIADO(A),COMERCIANTE,,SUPLENTE,0,11,
DEPUTADO FEDERAL,1,2098,160002552570,VICTOR AUGUSTO,VICTOR AUGUSTO OLIVEIRA DO NASCIMENTO,,20,PODE,PODEMOS,,,PARTIDO ISOLADO,MASCULINO,PARDA,1,35,ENSINO MÉDIO COMPLETO,CASADO(A),MÚSICO,,SUPLENTE,0,11,
DEPUTADO FEDERAL,1,2511,160002553359,JOÃO POLICIA,JOAO BATISTA PINHEIRO,,25,PRD,PARTIDO RENOVACAO DEMOCRATICA,25-PRD/77-SOLIDARIEDADE,FEDERAÇÃO RENOVAÇÃO SOLIDÁRIA,FEDERAÇÃO,MASCULINO,PARDA,1,54,SUPERIOR COMPLETO,CASADO(A),POLICIAL MILITAR,,NÃO ELEITO,0,11,
DEPUTADO FEDERAL,1,2522,160002553356,RANGEL,RANGEL MENEGUEL ZEVIERZICOSKI,,25,PRD,PARTIDO RENOVACAO DEMOCRATICA,25-PRD/77-SOLIDARIEDADE,FEDERAÇÃO RENOVAÇÃO SOLIDÁRIA,FEDERAÇÃO,MASCULINO,BRANCA,0,41,SUPERIOR COMPLETO,CASADO(A),POLICIAL MILITAR,,NÃO ELEITO,0,11,
DEPUTADO FEDERAL,1,3593,160002553656,MIGUEL BOMBEIRO,MIGUEL ANGELO DE OLIVEIRA SANTOS MACHADO,,35,DEMOCRATA,DEMOCRATA,,,PARTIDO ISOLADO,MASCULINO,PARDA,1,39,ENSINO MÉDIO COMPLETO,CASADO(A),BOMBEIRO MILITAR,,NÃO ELEITO,0,11,
DEPUTADO FEDERAL,1,1445,160002551025,RICARDO CASCAVEL MAIS SEGURA,RICARDO ANDRE SCHIRMANN PEREIRA,,14,MISSÃO,PARTIDO MISSÃO,,,PARTIDO ISOLADO,MASCULINO,BRANCA,0,40,SUPERIOR INCOMPLETO,SOLTEIRO(A),"CORRETOR DE IMÓVEIS, SEGUROS, TÍTULOS E VALORES",,NÃO ELEITO,0,10,
DEPUTADO FEDERAL,1,7722,160002553372,JOÃO BATISTA,JOÃO BATISTA BUENO,,77,SOLIDARIEDADE,SOLIDARIEDADE,25-PRD/77-SOLIDARIEDADE,FEDERAÇÃO RENOVAÇÃO SOLIDÁRIA,FEDERAÇÃO,MASCULINO,BRANCA,0,62,ENSINO FUNDAMENTAL INCOMPLETO,CASADO(A),ELETRICISTA E ASSEMELHADOS,,NÃO ELEITO,0,10,
DEPUTADO FEDERAL,1,1043,160002540770,DIOGO HUTT DA TV,DIOGO ROBERTO HUTT,,10,REPUBLICANOS,REPUBLICANOS,,,PARTIDO ISOLADO,MASCULINO,BRANCA,0,42,SUPERIOR COMPLETO,DIVORCIADO(A),ADVOGADO,,SUPLENTE,0,9,
DEPUTADO FEDERAL,1,1251,160002541986,DR. WATER,LEANDRO ROSA BARBOSA,,12,PDT,PARTIDO DEMOCRÁTICO TRABALHISTA,,,PARTIDO ISOLADO,MASCULINO,PARDA,1,51,SUPERIOR COMPLETO,CASADO(A),EMPRESÁRIO,,NÃO ELEITO,0,9,
DEPUTADO FEDERAL,1,2343,160002549540,MATEUS MALUF,MATEUS CORDEIRO MALUF,,23,CIDADANIA,CIDADANIA,45-PSDB/23-CIDADANIA,FEDERAÇÃO PSDB CIDADANIA,FEDERAÇÃO,MASCULINO,BRANCA,0,33,SUPERIOR COMPLETO,SOLTEIRO(A),PUBLICITÁRIO,,NÃO ELEITO,0,9,
DEPUTADO FEDERAL,1,1446,160002551016,MAURÍCIO FRANCISCON,MAURÍCIO MATHEUS FRANCISCON,,14,MISSÃO,PARTIDO MISSÃO,,,PARTIDO ISOLADO,MASCULINO,BRANCA,0,25,ENSINO MÉDIO COMPLETO,SOLTEIRO(A),PECUARISTA,,NÃO ELEITO,0,8,
DEPUTADO FEDERAL,1,2080,160002546891,LUCIANO ALVES,LUCIANO ALVES DOS SANTOS,,20,PODE,PODEMOS,,,PARTIDO ISOLADO,MASCULINO,PRETA,1,53,SUPERIOR COMPLETO,SOLTEIRO(A),JORNALISTA E REDATOR,,SUPLENTE,0,8,
DEPUTADO FEDERAL,1,7733,160002553358,CLEIR BRANDÃO,CLEIR JORGE BRANDAO,,77,SOLIDARIEDADE,SOLIDARIEDADE,25-PRD/77-SOLIDARIEDADE,FEDERAÇÃO RENOVAÇÃO SOLIDÁRIA,FEDERAÇÃO,MASCULINO,PRETA,1,42,SUPERIOR INCOMPLETO,CASADO(A),SERVIDOR PÚBLICO MUNICIPAL,,NÃO ELEITO,0,7,
DEPUTADO FEDERAL,1,1410,160002551023,MATHEUS ZOZOLOTO,JOSÉ MATHEUS DAMASCENO MACHADO ZOZOLOTO DARIVA,,14,MISSÃO,PARTIDO MISSÃO,,,PARTIDO ISOLADO,MASCULINO,BRANCA,0,24,SUPERIOR INCOMPLETO,SOLTEIRO(A),SERVIDOR PÚBLICO MUNICIPAL,,NÃO ELEITO,0,6,
DEPUTADO FEDERAL,1,1489,160002551035,VICTOR MOREIRA,VICTOR HUGO MOREIRA,,14,MISSÃO,PARTIDO MISSÃO,,,PARTIDO ISOLADO,MASCULINO,PARDA,1,32,ENSINO MÉDIO COMPLETO,SOLTEIRO(A),VENDEDOR DE COMÉRCIO VAREJISTA E ATACADISTA,,NÃO ELEITO,0,6,
DEPUTADO FEDERAL,1,2526,160002553373,VIVI DA GARAPEIRA,VIVIANE QUEIROZ PEREIRA,,25,PRD,PARTIDO RENOVACAO DEMOCRATICA,25-PRD/77-SOLIDARIEDADE,FEDERAÇÃO RENOVAÇÃO SOLIDÁRIA,FEDERAÇÃO,FEMININO,PARDA,1,33,SUPERIOR COMPLETO,SOLTEIRO(A),OUTROS,,NÃO ELEITO,0,6,
DEPUTADO FEDERAL,1,5064,160002554274,GENECY ABREU,GENECI DE ABREU,,50,PSOL,PARTIDO SOCIALISMO E LIBERDADE,50-PSOL/18-REDE,FEDERAÇÃO PSOL REDE,FEDERAÇÃO,FEMININO,BRANCA,0,37,ENSINO FUNDAMENTAL INCOMPLETO,SOLTEIRO(A),DONA DE CASA,,NÃO ELEITO,0,5,
DEPUTADO FEDERAL,1,1890,160002547707,PASTOR JURANDIR,JURANDIR MANOEL DOS SANTOS,,18,REDE,REDE SUSTENTABILIDADE,50-PSOL/18-REDE,FEDERAÇÃO PSOL REDE,FEDERAÇÃO,MASCULINO,PRETA,1,59,ENSINO FUNDAMENTAL COMPLETO,DIVORCIADO(A),OUTROS,,NÃO ELEITO,0,4,
DEPUTADO FEDERAL,1,3522,160002554129,CLAUDINEI BORGES,CLAUDINEI LOPES DE SOUZA BORGES,,35,DEMOCRATA,DEMOCRATA,,,PARTIDO ISOLADO,MASCULINO,BRANCA,0,42,ENSINO FUNDAMENTAL INCOMPLETO,CASADO(A),ESCULTOR E PINTOR,,NÃO ELEITO,0,1,
DEPUTADO FEDERAL,1,3525,160002553654,RODRIGO OLIVEIRA,RODRIGO ANTONIO DE OLIVEIRA,,35,DEMOCRATA,DEMOCRATA,,,PARTIDO ISOLADO,MASCULINO,BRANCA,0,44,ENSINO MÉDIO COMPLETO,CASADO(A),RECEPCIONISTA,,NÃO ELEITO,0,1,
DEPUTADO FEDERAL,1,3560,160002553658,ROBSON MOREIRA,ROBSON ALVES MOREIRA,,35,DEMOCRATA,DEMOCRATA,,,PARTIDO ISOLADO,MASCULINO,BRANCA,0,39,ENSINO FUNDAMENTAL INCOMPLETO,SOLTEIRO(A),ESCULTOR E PINTOR,,NÃO ELEITO,0,1,
DEPUTADO FEDERAL,1,1214,160002542223,PATRICIA VALVERDE,PATRICIA VALVERDE PEREIRA,,12,PDT,PARTIDO DEMOCRÁTICO TRABALHISTA,,,PARTIDO ISOLADO,FEMININO,BRANCA,0,46,SUPERIOR COMPLETO,SOLTEIRO(A),EMPRESÁRIO,,,0,0,
DEPUTADO FEDERAL,1,2517,160002553370,TANCK,FERNANDO AUGUSTO TANCK,,25,PRD,PARTIDO RENOVACAO DEMOCRATICA,25-PRD/77-SOLIDARIEDADE,FEDERAÇÃO RENOVAÇÃO SOLIDÁRIA,FEDERAÇÃO,MASCULINO,BRANCA,0,55,SUPERIOR COMPLETO,DIVORCIADO(A),EMPRESÁRIO,,,0,0,
DEPUTADO FEDERAL,1,2525,160002553364,ANDRESSA LEONTINO,ANDRESSA APARECIDA LEONTINO,,25,PRD,PARTIDO RENOVACAO DEMOCRATICA,25-PRD/77-SOLIDARIEDADE,FEDERAÇÃO RENOVAÇÃO SOLIDÁRIA,FEDERAÇÃO,FEMININO,BRANCA,0,39,SUPERIOR COMPLETO,DIVORCIADO(A),OUTROS,,,0,0,
DEPUTADO FEDERAL,1,2567,160002553362,DR NASSIB,NASSIB KASSEM HAMMAD,,25,PRD,PARTIDO RENOVACAO DEMOCRATICA,25-PRD/77-SOLIDARIEDADE,FEDERAÇÃO RENOVAÇÃO SOLIDÁRIA,FEDERAÇÃO,MASCULINO,BRANCA,0,58,SUPERIOR COMPLETO,CASADO(A),MÉDICO,,,0,0,
DEPUTADO FEDERAL,1,3501,160002553651,JA JA DA SAUDE,JAILSON SOARES DA SILVA,,35,DEMOCRATA,DEMOCRATA,,,PARTIDO ISOLADO,MASCULINO,PRETA,1,62,ENSINO MÉDIO COMPLETO,SOLTEIRO(A),OUTROS,,,0,0,
DEPUTADO FEDERAL,1,3510,160002553653,TANIA MARA,TANIA MARA PRESZANIUK,,35,DEMOCRATA,DEMOCRATA,,,PARTIDO ISOLADO,FEMININO,BRANCA,0,39,ENSINO MÉDIO COMPLETO,SOLTEIRO(A),OUTROS,,,0,0,
DEPUTADO FEDERAL,1,3527,160002553961,PROFESSORA JUREMA LEYSEN,JUREMA BARBOSA PINTO LEYSEN,,35,DEMOCRATA,DEMOCRATA,,,PARTIDO ISOLADO,FEMININO,PARDA,1,36,SUPERIOR INCOMPLETO,DIVORCIADO(A),"ESTUDANTE, BOLSISTA, ESTAGIÁRIO E ASSEMELHADOS",,,0,0,
DEPUTADO FEDERAL,1,3533,160002554126,DANI ALMEIDA,DANIELE DE ALMEIDA PINTO,,35,DEMOCRATA,DEMOCRATA,,,PARTIDO ISOLADO,FEMININO,PRETA,1,44,ENSINO FUNDAMENTAL COMPLETO,SOLTEIRO(A),DONA DE CASA,,,0,0,
DEPUTADO FEDERAL,1,3542,160002554125,DANIEL NEGÃO,DANIEL DOS SANTOS,,35,DEMOCRATA,DEMOCRATA,,,PARTIDO ISOLADO,MASCULINO,PRETA,1,42,ENSINO MÉDIO INCOMPLETO,DIVORCIADO(A),OUTROS,,,0,0,
DEPUTADO FEDERAL,1,3570,160002553657,TAÍS BÁRBARA,THAYS BARBARA DE PAULA AGUIAR,,35,DEMOCRATA,DEMOCRATA,,,PARTIDO ISOLADO,FEMININO,BRANCA,0,38,SUPERIOR INCOMPLETO,SOLTEIRO(A),AUXILIAR DE ESCRITÓRIO E ASSEMELHADOS,,,0,0,
DEPUTADO FEDERAL,1,3577,160002553655,ELISANGELA BORGES,ELISANGELA BORGES,,35,DEMOCRATA,DEMOCRATA,,,PARTIDO ISOLADO,FEMININO,BRANCA,0,53,ENSINO FUNDAMENTAL INCOMPLETO,SEPARADO(A) JUDICIALMENTE,DONA DE CASA,,,0,0,
DEPUTADO FEDERAL,1,3589,160002553962,APARECIDO GARCIA,APARECIDO DA SILVA GARCIA,,35,DEMOCRATA,DEMOCRATA,,,PARTIDO ISOLADO,MASCULINO,PRETA,1,54,ENSINO FUNDAMENTAL COMPLETO,CASADO(A),TRABALHADOR DE CONSTRUÇÃO CIVIL,,,0,0,
DEPUTADO FEDERAL,1,3599,160002554123,ROSEMARIE,ROSEMARIE LUZA GEWEHR,,35,DEMOCRATA,DEMOCRATA,,,PARTIDO ISOLADO,FEMININO,BRANCA,0,60,ENSINO MÉDIO INCOMPLETO,CASADO(A),COMERCIANTE,,,0,0,
DEPUTADO FEDERAL,1,4447,160002532879,PASTOR RENATO,JOSÉ RENATO ROSALINO DA SILVA,,44,UNIÃO,UNIÃO BRASIL,44-UNIÃO/11-PP,FEDERAÇÃO UNIÃO PROGRESSISTA,FEDERAÇÃO,MASCULINO,PRETA,1,50,ENSINO FUNDAMENTAL INCOMPLETO,CASADO(A),OUTROS,,,0,0,
DEPUTADO FEDERAL,1,4455,160002532876,GERALDO MENDES,GERALDO GABRIEL MENDES,,44,UNIÃO,UNIÃO BRASIL,44-UNIÃO/11-PP,FEDERAÇÃO UNIÃO PROGRESSISTA,FEDERAÇÃO,MASCULINO,BRANCA,0,40,ENSINO MÉDIO INCOMPLETO,CASADO(A),DEPUTADO,,,0,0,
DEPUTADO FEDERAL,1,4466,160002532864,FÁTIMA NUNES,MARIA DE FATIMA CLARO NUNES,,44,UNIÃO,UNIÃO BRASIL,44-UNIÃO/11-PP,FEDERAÇÃO UNIÃO PROGRESSISTA,FEDERAÇÃO,FEMININO,BRANCA,0,56,ENSINO MÉDIO COMPLETO,CASADO(A),EMPRESÁRIO,,,0,0,
DEPUTADO FEDERAL,1,4560,160002549534,DR. IVAN SARGGES,IVANILDO DA SILVA,,45,PSDB,PARTIDO DA SOCIAL DEMOCRACIA BRASILEIRA,45-PSDB/23-CIDADANIA,FEDERAÇÃO PSDB CIDADANIA,FEDERAÇÃO,MASCULINO,BRANCA,0,62,SUPERIOR COMPLETO,SOLTEIRO(A),ADVOGADO,,,0,0,
DEPUTADO FEDERAL,1,5013,160002547709,LUCI SOCOLOSKI,LUCI ERIETE BARBOSA DOS SANTOS SOCOLOSKI,,50,PSOL,PARTIDO SOCIALISMO E LIBERDADE,50-PSOL/18-REDE,FEDERAÇÃO PSOL REDE,FEDERAÇÃO,FEMININO,BRANCA,0,62,SUPERIOR COMPLETO,CASADO(A),SERVIDOR PÚBLICO ESTADUAL,,,0,0,
DEPUTADO FEDERAL,1,5046,160002547719,INEZ,MARIA INEZ GOMES,,50,PSOL,PARTIDO SOCIALISMO E LIBERDADE,50-PSOL/18-REDE,FEDERAÇÃO PSOL REDE,FEDERAÇÃO,FEMININO,PRETA,1,67,SUPERIOR COMPLETO,DIVORCIADO(A),SOCIÓLOGO,,,0,0,
DEPUTADO FEDERAL,1,5519,160002542328,MAITE BRUSMAN,MAITÊ DIAS,,55,PSD,PARTIDO SOCIAL DEMOCRÁTICO,,,PARTIDO ISOLADO,FEMININO,PRETA,1,41,SUPERIOR COMPLETO,DIVORCIADO(A),EMPRESÁRIO,,,0,0,
GOVERNADOR,1,22,160002540833,SERGIO MORO,SERGIO FERNANDO MORO,,22,PL,PARTIDO LIBERAL,,,FORTALEZA PARANÁ,MASCULINO,BRANCA,0,54,SUPERIOR COMPLETO,CASADO(A),SENADOR,,ELEITO,1,519249,
GOVERNADOR,1,12,160002547666,REQUIÃO FILHO,MAURICIO THADEU DE MELLO E SILVA,,12,PDT,PARTIDO DEMOCRÁTICO TRABALHISTA,,,PARANÁ PARA TODOS,MASCULINO,BRANCA,0,46,SUPERIOR COMPLETO,DIVORCIADO(A),ADVOGADO,,NÃO ELEITO,0,263661,
GOVERNADOR,1,55,160002549553,SANDRO ALEX,SANDRO ALEX CRUZ DE OLIVEIRA,,55,PSD,PARTIDO SOCIAL DEMOCRÁTICO,,,COLIGAÇÃO A MUDANÇA CONTINUA,MASCULINO,BRANCA,0,53,SUPERIOR COMPLETO,CASADO(A),ADVOGADO,,NÃO ELEITO,0,254263,
GOVERNADOR,1,14,160002551353,LUIZ FRANÇA,LUIZ FELIPE MARTINS FRANCA,,14,MISSÃO,PARTIDO MISSÃO,,,PARTIDO ISOLADO,MASCULINO,BRANCA,0,32,SUPERIOR COMPLETO,CASADO(A),ADVOGADO,,NÃO ELEITO,0,10614,
GOVERNADOR,1,80,160002550997,TAYNÁ MIESSA,TAYNA MIESSA TSUSHIDA,,80,UP,UNIDADE POPULAR,,,PARTIDO ISOLADO,FEMININO,AMARELA,0,31,ENSINO MÉDIO COMPLETO,SOLTEIRO(A),PRODUTOR DE ESPETÁCULOS PÚBLICOS,,NÃO ELEITO,0,4457,
GOVERNADOR,1,33,160002547594,DOUTOR ALEXANDRE SALOMÃO,ALEXANDRE SALOMAO,,33,MOBILIZA,MOBILIZAÇÃO NACIONAL,,,PARTIDO ISOLADO,MASCULINO,BRANCA,0,55,SUPERIOR COMPLETO,CASADO(A),ADVOGADO,,NÃO ELEITO,0,1020,
GOVERNADOR,1,16,160002548010,SAMUEL DE MATTOS,SAMUEL DE MATTOS FIGUEIREDO,,16,PSTU,PARTIDO SOCIALISTA  DOS TRABALHADORES UNIFICADO,,,PARTIDO ISOLADO,MASCULINO,PARDA,1,38,SUPERIOR COMPLETO,CASADO(A),PROFESSOR DE ENSINO MÉDIO,,NÃO ELEITO,0,576,
GOVERNADOR,1,29,160002552560,ADRIANO FUNILEIRO,ADRIANO TEIXEIRA,,29,PCO,PARTIDO DA CAUSA OPERÁRIA,,,PARTIDO ISOLADO,MASCULINO,PARDA,1,39,SUPERIOR COMPLETO,SOLTEIRO(A),MECÂNICO DE MANUTENÇÃO,,NÃO ELEITO,0,357,
PRESIDENTE,1,22,280002551544,FLAVIO BOLSONARO,FLAVIO NANTES BOLSONARO,,22,PL,PARTIDO LIBERAL,,,PARTIDO ISOLADO,MASCULINO,BRANCA,0,45,SUPERIOR COMPLETO,CASADO(A),SENADOR,,,0,628721,
PRESIDENTE,1,13,280002542548,LULA,LUIZ INÁCIO LULA DA SILVA,,13,PT,PARTIDO DOS TRABALHADORES,13-PT/65-PC do B/43-PV,FEDERAÇÃO BRASIL DA ESPERANÇA - FE BRASIL,BRASIL PRONTO PRA MAIS,MASCULINO,BRANCA,0,80,ENSINO FUNDAMENTAL COMPLETO,CASADO(A),TORNEIRO MECÂNICO,,,0,332099,
PRESIDENTE,1,14,280002540694,RENAN SANTOS,RENAN ANTONIO FERREIRA DOS SANTOS,,14,MISSÃO,PARTIDO MISSÃO,,,PARTIDO ISOLADO,MASCULINO,BRANCA,0,42,SUPERIOR INCOMPLETO,SOLTEIRO(A),EMPRESÁRIO,,,0,43451,
PRESIDENTE,1,70,280002551547,ESCRITOR AUGUSTO CURY,AUGUSTO JORGE CURY,,70,AVANTE,AVANTE,,,BRASIL DOS NOSSOS SONHOS,MASCULINO,BRANCA,0,68,SUPERIOR COMPLETO,CASADO(A),ESCRITOR E CRÍTICO,,,0,43236,
PRESIDENTE,1,55,280002551932,RONALDO CAIADO,RONALDO RAMOS CAIADO,,55,PSD,PARTIDO SOCIAL DEMOCRÁTICO,,,PARTIDO ISOLADO,MASCULINO,BRANCA,0,77,SUPERIOR COMPLETO,CASADO(A),MÉDICO,,,0,36171,
PRESIDENTE,1,30,280002539826,ZEMA,ROMEU ZEMA NETO,,30,NOVO,PARTIDO NOVO,,,PARTIDO ISOLADO,MASCULINO,BRANCA,0,61,SUPERIOR COMPLETO,DIVORCIADO(A),EMPRESÁRIO,,,0,5676,
PRESIDENTE,1,80,280002538811,SAMARA,SAMARA MARTINS DA SILVA FEITOSA,,80,UP,UNIDADE POPULAR,,,PARTIDO ISOLADO,FEMININO,PRETA,1,39,SUPERIOR COMPLETO,CASADO(A),ODONTÓLOGO,,,0,1973,
PRESIDENTE,1,16,280002541457,HERTZ DIAS,HERTZ DA CONCEICAO DIAS,,16,PSTU,PARTIDO SOCIALISTA  DOS TRABALHADORES UNIFICADO,,,PARTIDO ISOLADO,MASCULINO,PRETA,1,55,SUPERIOR COMPLETO,SOLTEIRO(A),PROFESSOR DE ENSINO FUNDAMENTAL,,,0,626,
PRESIDENTE,1,27,280002552484,CLARIANA BARAO,CLARIANA ZACARKIM BARAO,,27,DC,DEMOCRACIA CRISTÃ,,,PARTIDO ISOLADO,FEMININO,BRANCA,0,39,SUPERIOR COMPLETO,SOLTEIRO(A),ADVOGADO,,,0,619,
PRESIDENTE,1,29,280002552487,RUI COSTA PIMENTA,RUI COSTA PIMENTA,,29,PCO,PARTIDO DA CAUSA OPERÁRIA,,,PARTIDO ISOLADO,MASCULINO,BRANCA,0,69,SUPERIOR COMPLETO,CASADO(A),JORNALISTA E REDATOR,,,0,304,
PRESIDENTE,1,21,280002551975,EDMILSON COSTA,EDMILSON SILVA COSTA,,21,PCB,PARTIDO COMUNISTA BRASILEIRO,,,PARTIDO ISOLADO,MASCULINO,PARDA,1,76,SUPERIOR COMPLETO,SOLTEIRO(A),APOSENTADO (EXCETO SERVIDOR PÚBLICO),,,0,290,
PRESIDENTE,1,35,280002548139,VETERINÁRIO WILSON GRASSI,WILSON GRASSI JUNIOR,,35,DEMOCRATA,DEMOCRATA,,,PARTIDO ISOLADO,MASCULINO,BRANCA,0,56,SUPERIOR COMPLETO,DIVORCIADO(A),VETERINÁRIO,,,0,268,
PRESIDENTE,1,28,280002554479,LEONARDO AVALANCHE,LEONARDO ALVES DE ARAUJO,,28,PRTB,PARTIDO RENOVADOR TRABALHISTA BRASILEIRO,,,PARTIDO ISOLADO,MASCULINO,BRANCA,0,48,SUPERIOR INCOMPLETO,CASADO(A),EMPRESÁRIO,,,0,36,
SENADOR,1,300,160002547661,DELTAN DALLAGNOL,DELTAN MARTINAZZO DALLAGNOL,,30,NOVO,PARTIDO NOVO,,,FORTALEZA DO PARANÁ,MASCULINO,BRANCA,0,46,SUPERIOR COMPLETO,CASADO(A),ADVOGADO,,ELEITO,1,528946,
SENADOR,1,222,160002547660,FILIPE BARROS,FILIPE BARROS BAPTISTA DE TOLEDO RIBEIRO,,22,PL,PARTIDO LIBERAL,,,FORTALEZA DO PARANÁ,MASCULINO,BRANCA,0,35,SUPERIOR COMPLETO,CASADO(A),ADVOGADO,,ELEITO,1,497488,
SENADOR,1,131,160002547656,GLEISI,GLEISI HELENA HOFFMANN,,13,PT,PARTIDO DOS TRABALHADORES,13-PT/65-PC do B/43-PV,FEDERAÇÃO BRASIL DA ESPERANÇA - FE BRASIL,PARANÁ PARA TODOS,FEMININO,BRANCA,0,61,SUPERIOR COMPLETO,DIVORCIADO(A),ADVOGADO,,NÃO ELEITO,0,269888,
SENADOR,1,100,160002547963,ALEXANDRE CURI,ALEXANDRE MARANHAO KHURY,,10,REPUBLICANOS,REPUBLICANOS,,,COLIGAÇÃO A MUDANÇA CONTINUA,MASCULINO,BRANCA,0,47,SUPERIOR COMPLETO,CASADO(A),DEPUTADO,,NÃO ELEITO,0,252895,
SENADOR,1,132,160002547658,DR ROSINHA,FLORISVALDO FIER,,13,PT,PARTIDO DOS TRABALHADORES,13-PT/65-PC do B/43-PV,FEDERAÇÃO BRASIL DA ESPERANÇA - FE BRASIL,PARANÁ PARA TODOS,MASCULINO,BRANCA,0,75,SUPERIOR COMPLETO,CASADO(A),MÉDICO,,NÃO ELEITO,0,233177,
SENADOR,1,555,160002549555,CRISTINA GRAEML,CRISTINA REIS GRAEML,,55,PSD,PARTIDO SOCIAL DEMOCRÁTICO,,,COLIGAÇÃO A MUDANÇA CONTINUA,FEMININO,BRANCA,0,56,SUPERIOR COMPLETO,CASADO(A),JORNALISTA E REDATOR,,NÃO ELEITO,0,145882,
SENADOR,1,144,160002551121,KAREN GUERREIRO,KAREN CORREIA GUERREIRO,,14,MISSÃO,PARTIDO MISSÃO,,,PARTIDO ISOLADO,FEMININO,BRANCA,0,45,SUPERIOR COMPLETO,SOLTEIRO(A),GERENTE,,NÃO ELEITO,0,24060,
SENADOR,1,800,160002551043,JOAQUIM DO MLB,JOAQUIM SILVA MACIEL,,80,UP,UNIDADE POPULAR,,,PARTIDO ISOLADO,MASCULINO,BRANCA,0,78,ENSINO FUNDAMENTAL INCOMPLETO,CASADO(A),MECÂNICO DE MANUTENÇÃO,,NÃO ELEITO,0,5035,
SENADOR,1,290,160002552563,MARCELO MARCELINO,MARCELO GONCALVES MARCELINO,,29,PCO,PARTIDO DA CAUSA OPERÁRIA,,,PARTIDO ISOLADO,MASCULINO,BRANCA,0,58,SUPERIOR COMPLETO,DIVORCIADO(A),PEDAGOGO,,NÃO ELEITO,0,2643,
