DS_CARGO,NR_TURNO,NR_CANDIDATO,SQ_CANDIDATO,NM_URNA_CANDIDATO,NM_CANDIDATO,NM_SOCIAL_CANDIDATO,NR_PARTIDO,SG_PARTIDO,NM_PARTIDO,SG_FEDERACAO,NM_FEDERACAO,NM_COLIGACAO,DS_GENERO,DS_COR_RACA,NEGRO,NR_IDADE,DS_GRAU_INSTRUCAO,DS_ESTADO_CIVIL,DS_OCUPACAO,DS_SITUACAO_CANDIDATURA,DS_SIT_TOT_TURNO,ELEITO,QT_VOTOS_CWB,URL_FOTO
PREFEITO,1,55,160001990123,EDUARDO PIMENTEL,EDUARDO PIMENTEL SLAVIERO,,55,PSD,PARTIDO SOCIAL DEMOCRÁTICO,,,Curitiba Amor e Inovação,MASCULINO,BRANCA,0,40,SUPERIOR COMPLETO,CASADO(A),EMPRESÁRIO,,2º TURNO,0,313347,https://divulgacandcontas.tse.jus.br/divulga/rest/arquivo/img/2045202024/160001990123/75353
PREFEITO,1,35,160002350673,CRISTINA GRAEML,CRISTINA REIS GRAEML,,35,PMB,PARTIDO DA MULHER BRASILEIRA,,,PARTIDO ISOLADO,FEMININO,BRANCA,0,54,SUPERIOR COMPLETO,DIVORCIADO(A),JORNALISTA E REDATOR,,2º TURNO,0,291523,https://divulgacandcontas.tse.jus.br/divulga/rest/arquivo/img/2045202024/160002350673/75353
PREFEITO,1,40,160001911941,LUCIANO DUCCI,LUCIANO DUCCI,,40,PSB,PARTIDO SOCIALISTA BRASILEIRO,,,Curitiba + Social e Humana,MASCULINO,BRANCA,0,69,SUPERIOR COMPLETO,CASADO(A),DEPUTADO,,NÃO ELEITO,0,181770,https://divulgacandcontas.tse.jus.br/divulga/rest/arquivo/img/2045202024/160001911941/75353
PREFEITO,1,44,160002173114,NEY LEPREVOST,NEY LEPREVOST NETO,,44,UNIÃO,UNIÃO BRASIL,,,CURITIBA PODE MAIS,MASCULINO,BRANCA,0,50,SUPERIOR COMPLETO,CASADO(A),DEPUTADO,,NÃO ELEITO,0,60675,https://divulgacandcontas.tse.jus.br/divulga/rest/arquivo/img/2045202024/160002173114/75353
PREFEITO,1,77,160002029787,LUIZÃO GOULART,LUIZ GOULARTE ALVES,,77,SOLIDARIEDADE,SOLIDARIEDADE,,,PARTIDO ISOLADO,MASCULINO,BRANCA,0,62,SUPERIOR COMPLETO,DIVORCIADO(A),EMPRESÁRIO,,NÃO ELEITO,0,41271,https://divulgacandcontas.tse.jus.br/divulga/rest/arquivo/img/2045202024/160002029787/75353
PREFEITO,1,11,160001990151,MARIA VICTORIA,MARIA VICTORIA BORGHETTI BARROS,,11,PP,PROGRESSISTAS,,,CURITIBA MELHOR PARA TODOS,FEMININO,BRANCA,0,32,SUPERIOR COMPLETO,CASADO(A),DEPUTADO,,NÃO ELEITO,0,20497,https://divulgacandcontas.tse.jus.br/divulga/rest/arquivo/img/2045202024/160001990151/75353
PREFEITO,1,33,160002232820,ROBERTO REQUIÃO,ROBERTO REQUIÃO DE MELLO E SILVA,,33,MOBILIZA,MOBILIZAÇÃO NACIONAL,,,PARTIDO ISOLADO,MASCULINO,BRANCA,0,83,SUPERIOR COMPLETO,CASADO(A),APOSENTADO (EXCETO SERVIDOR PÚBLICO),,NÃO ELEITO,0,17155,https://divulgacandcontas.tse.jus.br/divulga/rest/arquivo/img/2045202024/160002232820/75353
PREFEITO,1,50,160001927844,PROFESSORA ANDREA CALDAS,ANDREA DO ROCIO CALDAS,,50,PSOL,PARTIDO SOCIALISMO E LIBERDADE,50-PSOL/18-REDE,Federação PSOL REDE,FEDERAÇÃO,FEMININO,BRANCA,0,54,SUPERIOR COMPLETO,DIVORCIADO(A),SERVIDOR PÚBLICO FEDERAL,,NÃO ELEITO,0,8021,https://divulgacandcontas.tse.jus.br/divulga/rest/arquivo/img/2045202024/160001927844/75353
PREFEITO,1,16,160001917175,SAMUEL DE MATTOS,SAMUEL DE MATTOS FIGUEIREDO,,16,PSTU,PARTIDO SOCIALISTA DOS TRABALHADORES UNIFICADO,,,PARTIDO ISOLADO,MASCULINO,PARDA,1,36,SUPERIOR COMPLETO,CASADO(A),AGENTE POSTAL,,NÃO ELEITO,0,569,https://divulgacandcontas.tse.jus.br/divulga/rest/arquivo/img/2045202024/160001917175/75353
PREFEITO,1,29,160002350485,FELIPE BOMBARDELLI,FELIPE GUSTAVO BOMBARDELLI,,29,PCO,PARTIDO DA CAUSA OPERÁRIA,,,PARTIDO ISOLADO,MASCULINO,BRANCA,0,34,SUPERIOR COMPLETO,SOLTEIRO(A),"ESTUDANTE, BOLSISTA, ESTAGIÁRIO E ASSEMELHADOS",,NÃO ELEITO,0,341,https://divulgacandcontas.tse.jus.br/divulga/rest/arquivo/img/2045202024/160002350485/75353
PREFEITO,2,55,160001990123,EDUARDO PIMENTEL,EDUARDO PIMENTEL SLAVIERO,,55,PSD,PARTIDO SOCIAL DEMOCRÁTICO,,,Curitiba Amor e Inovação,MASCULINO,BRANCA,0,40,SUPERIOR COMPLETO,CASADO(A),EMPRESÁRIO,,ELEITO,1,531029,https://divulgacandcontas.tse.jus.br/divulga/rest/arquivo/img/2045202024/160001990123/75353
PREFEITO,2,35,160002350673,CRISTINA GRAEML,CRISTINA REIS GRAEML,,35,PMB,PARTIDO DA MULHER BRASILEIRA,,,PARTIDO ISOLADO,FEMININO,BRANCA,0,54,SUPERIOR COMPLETO,DIVORCIADO(A),JORNALISTA E REDATOR,,NÃO ELEITO,0,390254,https://divulgacandcontas.tse.jus.br/divulga/rest/arquivo/img/2045202024/160002350673/75353
VEREADOR,1,10789,160001952449,JASSON GOULART,JASON GOULART,,10,REPUBLICANOS,REPUBLICANOS,,,PARTIDO ISOLADO,MASCULINO,BRANCA,0,56,SUPERIOR COMPLETO,CASADO(A),JORNALISTA E REDATOR,,ELEITO POR QP,1,21684,https://divulgacandcontas.tse.jus.br/divulga/rest/arquivo/img/2045202024/160001952449/75353
VEREADOR,1,30300,160002152922,GUILHERME KILTER,GUILHERME FERREIRA KILTER LIRA,,30,NOVO,PARTIDO NOVO,,,PARTIDO ISOLADO,MASCULINO,BRANCA,0,22,SUPERIOR COMPLETO,SOLTEIRO(A),EMPRESÁRIO,,ELEITO POR QP,1,16664,https://divulgacandcontas.tse.jus.br/divulga/rest/arquivo/img/2045202024/160002152922/75353
VEREADOR,1,44444,160002173841,DA COSTA DO PERDEU PIÁ,GUSTAVO SILVEIRA DA COSTA,,44,UNIÃO,UNIÃO BRASIL,,,PARTIDO ISOLADO,MASCULINO,BRANCA,0,34,SUPERIOR INCOMPLETO,CASADO(A),OUTROS,,ELEITO POR QP,1,15014,https://divulgacandcontas.tse.jus.br/divulga/rest/arquivo/img/2045202024/160002173841/75353
VEREADOR,1,44181,160002173840,DELEGADA TATHIANA ,TATHIANA LAIZ GUZELLA,,44,UNIÃO,UNIÃO BRASIL,,,PARTIDO ISOLADO,FEMININO,BRANCA,0,48,SUPERIOR COMPLETO,CASADO(A),OUTROS,,ELEITO POR QP,1,12515,https://divulgacandcontas.tse.jus.br/divulga/rest/arquivo/img/2045202024/160002173840/75353
VEREADOR,1,44777,160002173845,JOÃO BETTEGA,JOÃO VICTOR MATTOS LEÃO BETTEGA,,44,UNIÃO,UNIÃO BRASIL,,,PARTIDO ISOLADO,MASCULINO,BRANCA,0,28,SUPERIOR COMPLETO,SOLTEIRO(A),EMPRESÁRIO,,ELEITO POR QP,1,12346,https://divulgacandcontas.tse.jus.br/divulga/rest/arquivo/img/2045202024/160002173845/75353
VEREADOR,1,35022,160002302250,BRUNO SECCO,BRUNO RICARDO SECCO SOUZA,,35,PMB,PARTIDO DA MULHER BRASILEIRA,,,PARTIDO ISOLADO,MASCULINO,BRANCA,0,32,SUPERIOR COMPLETO,SOLTEIRO(A),JORNALISTA E REDATOR,,NÃO ELEITO,0,11436,https://divulgacandcontas.tse.jus.br/divulga/rest/arquivo/img/2045202024/160002302250/75353
VEREADOR,1,20000,160002018578,MARCELO FACHINELLO,MARCELO TSCHA FACHINELLO,,20,PODE,PODEMOS,,,PARTIDO ISOLADO,MASCULINO,BRANCA,0,44,SUPERIOR COMPLETO,CASADO(A),JORNALISTA E REDATOR,,ELEITO POR QP,1,10812,https://divulgacandcontas.tse.jus.br/divulga/rest/arquivo/img/2045202024/160002018578/75353
VEREADOR,1,55678,160002135740,SERGINHO DO POSTO,SERGIO RENATO BUENO BALAGUER,,55,PSD,PARTIDO SOCIAL DEMOCRÁTICO,,,PARTIDO ISOLADO,MASCULINO,PARDA,1,57,SUPERIOR COMPLETO,CASADO(A),VEREADOR,,ELEITO POR QP,1,10703,https://divulgacandcontas.tse.jus.br/divulga/rest/arquivo/img/2045202024/160002135740/75353
VEREADOR,1,44111,160002173857,ANDRESSA BIANCHESSI,ANDRESSA ELI BIANCHESSI DE OLIVEIRA,,44,UNIÃO,UNIÃO BRASIL,,,PARTIDO ISOLADO,FEMININO,BRANCA,0,41,SUPERIOR COMPLETO,CASADO(A),OUTROS,,ELEITO POR MÉDIA,1,10443,https://divulgacandcontas.tse.jus.br/divulga/rest/arquivo/img/2045202024/160002173857/75353
VEREADOR,1,12345,160002162466,MARCOS VIEIRA,MARCOS ANTONIO VIEIRA,,12,PDT,PARTIDO DEMOCRÁTICO TRABALHISTA,,,PARTIDO ISOLADO,MASCULINO,BRANCA,0,50,SUPERIOR COMPLETO,CASADO(A),VEREADOR,,ELEITO POR QP,1,10405,https://divulgacandcontas.tse.jus.br/divulga/rest/arquivo/img/2045202024/160002162466/75353
VEREADOR,1,55655,160002135753,BETO MORAES,GILBERTO PIRES DOS SANTOS,,55,PSD,PARTIDO SOCIAL DEMOCRÁTICO,,,PARTIDO ISOLADO,MASCULINO,BRANCA,0,50,SUPERIOR INCOMPLETO,SOLTEIRO(A),VEREADOR,,ELEITO POR QP,1,10142,https://divulgacandcontas.tse.jus.br/divulga/rest/arquivo/img/2045202024/160002135753/75353
VEREADOR,1,55156,160002135752,TICO KUZMA,LEONIDAS EDSON KUZMA,,55,PSD,PARTIDO SOCIAL DEMOCRÁTICO,,,PARTIDO ISOLADO,MASCULINO,BRANCA,0,53,SUPERIOR COMPLETO,CASADO(A),VEREADOR,,ELEITO POR QP,1,10042,https://divulgacandcontas.tse.jus.br/divulga/rest/arquivo/img/2045202024/160002135752/75353
VEREADOR,1,20777,160002018593,LEONIDAS DIAS,LEONIDAS NERY DIAS,,20,PODE,PODEMOS,,,PARTIDO ISOLADO,MASCULINO,BRANCA,0,38,SUPERIOR COMPLETO,CASADO(A),JORNALISTA E REDATOR,,ELEITO POR QP,1,9835,https://divulgacandcontas.tse.jus.br/divulga/rest/arquivo/img/2045202024/160002018593/75353
VEREADOR,1,11000,160002073970,NORI SETO,NORIYASSU KAWAHARA SETO TAKEGUMA,,11,PP,PROGRESSISTAS,,,PARTIDO ISOLADO,MASCULINO,AMARELA,0,47,SUPERIOR COMPLETO,CASADO(A),VEREADOR,,ELEITO POR QP,1,9329,https://divulgacandcontas.tse.jus.br/divulga/rest/arquivo/img/2045202024/160002073970/75353
VEREADOR,1,13222,160002168943,ANGELO VANHONI,ANGELO CARLOS VANHONI,,13,PT,PARTIDO DOS TRABALHADORES,13-PT/65-PC do B/43-PV,Federação BRASIL DA ESPERANÇA - FE BRASIL,FEDERAÇÃO,MASCULINO,BRANCA,0,69,SUPERIOR COMPLETO,SOLTEIRO(A),BANCÁRIO E ECONOMIÁRIO,,ELEITO POR QP,1,9176,https://divulgacandcontas.tse.jus.br/divulga/rest/arquivo/img/2045202024/160002168943/75353
VEREADOR,1,30000,160002152919,INDIARA BARBOSA,INDIARA BARBOSA CUSTODIO,,30,NOVO,PARTIDO NOVO,,,PARTIDO ISOLADO,FEMININO,BRANCA,0,41,SUPERIOR COMPLETO,DIVORCIADO(A),VEREADOR,,ELEITO POR QP,1,9106,https://divulgacandcontas.tse.jus.br/divulga/rest/arquivo/img/2045202024/160002152919/75353
VEREADOR,1,44123,160002173830,ALEXANDRE LEPREVOST,ALEXANDRE LEPREVOST,,44,UNIÃO,UNIÃO BRASIL,,,PARTIDO ISOLADO,MASCULINO,BRANCA,0,40,SUPERIOR COMPLETO,SOLTEIRO(A),VEREADOR,,SUPLENTE,0,8655,https://divulgacandcontas.tse.jus.br/divulga/rest/arquivo/img/2045202024/160002173830/75353
VEREADOR,1,11122,160002073993,PIER,PIERPAOLO PETRUZZIELLO,,11,PP,PROGRESSISTAS,,,PARTIDO ISOLADO,MASCULINO,BRANCA,0,42,SUPERIOR COMPLETO,SEPARADO(A) JUDICIALMENTE,VEREADOR,,ELEITO POR QP,1,8218,https://divulgacandcontas.tse.jus.br/divulga/rest/arquivo/img/2045202024/160002073993/75353
VEREADOR,1,22722,160002155452,EDER BORGES,EDER FABIANO BORGES ADÃO,,22,PL,PARTIDO LIBERAL,,,PARTIDO ISOLADO,MASCULINO,BRANCA,0,41,SUPERIOR COMPLETO,SOLTEIRO(A),EMPRESÁRIO,,ELEITO POR QP,1,8011,https://divulgacandcontas.tse.jus.br/divulga/rest/arquivo/img/2045202024/160002155452/75353
VEREADOR,1,10123,160001952437,MERI MARTINS,MERI JANE VIDAL MARTINS,,10,REPUBLICANOS,REPUBLICANOS,,,PARTIDO ISOLADO,FEMININO,BRANCA,0,59,SUPERIOR COMPLETO,CASADO(A),ASSISTENTE SOCIAL,,ELEITO POR QP,1,7938,https://divulgacandcontas.tse.jus.br/divulga/rest/arquivo/img/2045202024/160001952437/75353
VEREADOR,1,55123,160002135762,ZEZINHO SABARÁ,JOSÉ ORTIZ LINS,,55,PSD,PARTIDO SOCIAL DEMOCRÁTICO,,,PARTIDO ISOLADO,MASCULINO,BRANCA,0,61,ENSINO FUNDAMENTAL COMPLETO,CASADO(A),VEREADOR,,ELEITO POR QP,1,7740,https://divulgacandcontas.tse.jus.br/divulga/rest/arquivo/img/2045202024/160002135762/75353
VEREADOR,1,22555,160002155455,OLIMPIO - MUNDO POLARIZADO,OLIMPIO PEREIRA DE ARAUJO JUNIOR,,22,PL,PARTIDO LIBERAL,,,PARTIDO ISOLADO,MASCULINO,BRANCA,0,48,SUPERIOR COMPLETO,CASADO(A),EMPRESÁRIO,,ELEITO POR QP,1,7732,https://divulgacandcontas.tse.jus.br/divulga/rest/arquivo/img/2045202024/160002155455/75353
VEREADOR,1,55555,160002135755,RAFAELA LUPION,RAFAELA MARCHIORATO LUPION MELLO CANTERGIANI,,55,PSD,PARTIDO SOCIAL DEMOCRÁTICO,,,PARTIDO ISOLADO,FEMININO,BRANCA,0,40,SUPERIOR COMPLETO,CASADO(A),ADVOGADO,,ELEITO POR MÉDIA,1,7259,https://divulgacandcontas.tse.jus.br/divulga/rest/arquivo/img/2045202024/160002135755/75353
VEREADOR,1,15015,160002159747,PROFESSOR EULER,EULER DE FREITAS SILVA JUNIOR,,15,MDB,MOVIMENTO DEMOCRÁTICO BRASILEIRO,,,PARTIDO ISOLADO,MASCULINO,BRANCA,0,50,SUPERIOR COMPLETO,DIVORCIADO(A),PROFESSOR DE ENSINO SUPERIOR,,ELEITO POR QP,1,7257,https://divulgacandcontas.tse.jus.br/divulga/rest/arquivo/img/2045202024/160002159747/75353
VEREADOR,1,12012,160002162473,LAÍS LEÃO,LAÍS ROCHA LEÃO,,12,PDT,PARTIDO DEMOCRÁTICO TRABALHISTA,,,PARTIDO ISOLADO,FEMININO,BRANCA,0,30,SUPERIOR COMPLETO,SOLTEIRO(A),ARQUITETO,,ELEITO POR MÉDIA,1,6954,https://divulgacandcontas.tse.jus.br/divulga/rest/arquivo/img/2045202024/160002162473/75353
VEREADOR,1,25555,160002068239,SIDNEI TOALDO,SIDNEI JOSÉ TOALDO,,25,PRD,PARTIDO RENOVAÇÃO DEMOCRÁTICA,,,PARTIDO ISOLADO,MASCULINO,BRANCA,0,55,SUPERIOR COMPLETO,CASADO(A),VEREADOR,,NÃO ELEITO,0,6659,https://divulgacandcontas.tse.jus.br/divulga/rest/arquivo/img/2045202024/160002068239/75353
VEREADOR,1,55500,160002135745,TONINHO DA FARMÁCIA,ANTONIO CARLOS DO CARMO,,55,PSD,PARTIDO SOCIAL DEMOCRÁTICO,,,PARTIDO ISOLADO,MASCULINO,PARDA,1,61,SUPERIOR COMPLETO,CASADO(A),VEREADOR,,SUPLENTE,0,6627,https://divulgacandcontas.tse.jus.br/divulga/rest/arquivo/img/2045202024/160002135745/75353
VEREADOR,1,55055,160002135726,MAURO IGNACIO,MAURO JOSE IGNACIO,,55,PSD,PARTIDO SOCIAL DEMOCRÁTICO,,,PARTIDO ISOLADO,MASCULINO,BRANCA,0,60,SUPERIOR COMPLETO,CASADO(A),VEREADOR,,SUPLENTE,0,6462,https://divulgacandcontas.tse.jus.br/divulga/rest/arquivo/img/2045202024/160002135726/75353
VEREADOR,1,22222,160002155467,CARLISE KWIATKOWSKI,CARLISE APARECIDA KWIATKOWSKI,,22,PL,PARTIDO LIBERAL,,,PARTIDO ISOLADO,FEMININO,BRANCA,0,48,SUPERIOR COMPLETO,VIÚVO(A),OUTROS,,ELEITO POR QP,1,6384,https://divulgacandcontas.tse.jus.br/divulga/rest/arquivo/img/2045202024/160002155467/75353
VEREADOR,1,50500,160001927857,PROFESSORA ANGELA,ANGELA ALVES MACHADO,,50,PSOL,PARTIDO SOCIALISMO E LIBERDADE,50-PSOL/18-REDE,Federação PSOL REDE,FEDERAÇÃO,FEMININO,BRANCA,0,47,SUPERIOR COMPLETO,CASADO(A),SERVIDOR PÚBLICO ESTADUAL,,ELEITO POR QP,1,6294,https://divulgacandcontas.tse.jus.br/divulga/rest/arquivo/img/2045202024/160001927857/75353
VEREADOR,1,22123,160002155483,FERNANDO KLINGER,FERNANDO HENRIQUE FERREIRA KLINGER,,22,PL,PARTIDO LIBERAL,,,PARTIDO ISOLADO,MASCULINO,BRANCA,0,56,SUPERIOR COMPLETO,CASADO(A),PUBLICITÁRIO,,ELEITO POR MÉDIA,1,6288,https://divulgacandcontas.tse.jus.br/divulga/rest/arquivo/img/2045202024/160002155483/75353
VEREADOR,1,10199,160001952427,HERNANI,HERNANI DA SILVA,,10,REPUBLICANOS,REPUBLICANOS,,,PARTIDO ISOLADO,MASCULINO,BRANCA,0,61,ENSINO FUNDAMENTAL INCOMPLETO,CASADO(A),VEREADOR,,ELEITO POR MÉDIA,1,6267,https://divulgacandcontas.tse.jus.br/divulga/rest/arquivo/img/2045202024/160001952427/75353
VEREADOR,1,30234,160002152925,AMÁLIA TORTATO,MARIA AMALIA BARROS TORTATO,,30,NOVO,PARTIDO NOVO,,,PARTIDO ISOLADO,FEMININO,BRANCA,0,39,SUPERIOR COMPLETO,CASADO(A),VEREADOR,,ELEITO POR MÉDIA,1,6206,https://divulgacandcontas.tse.jus.br/divulga/rest/arquivo/img/2045202024/160002152925/75353
VEREADOR,1,13130,160002168975,GIORGIA PRATES - MANDATA PRETA,GIORGIA TAIS XAVIER PRATES,,13,PT,PARTIDO DOS TRABALHADORES,13-PT/65-PC do B/43-PV,Federação BRASIL DA ESPERANÇA - FE BRASIL,FEDERAÇÃO,FEMININO,PRETA,1,46,SUPERIOR COMPLETO,CASADO(A),FOTÓGRAFO E ASSEMELHADOS,,ELEITO POR QP,1,6070,https://divulgacandcontas.tse.jus.br/divulga/rest/arquivo/img/2045202024/160002168975/75353
VEREADOR,1,22022,160002155479,RODRIGO REIS ,RODRIGO BRAGA CORTES FIALHO DOS REIS,,22,PL,PARTIDO LIBERAL,,,PARTIDO ISOLADO,MASCULINO,BRANCA,0,50,SUPERIOR COMPLETO,SEPARADO(A) JUDICIALMENTE,VEREADOR,,SUPLENTE,0,5901,https://divulgacandcontas.tse.jus.br/divulga/rest/arquivo/img/2045202024/160002155479/75353
VEREADOR,1,22922,160002155482,PAULO MELO,PAULO HENRIQUE RIVERA DE MELO,,22,PL,PARTIDO LIBERAL,,,PARTIDO ISOLADO,MASCULINO,BRANCA,0,32,SUPERIOR COMPLETO,CASADO(A),EMPRESÁRIO,,SUPLENTE,0,5851,https://divulgacandcontas.tse.jus.br/divulga/rest/arquivo/img/2045202024/160002155482/75353
VEREADOR,1,20123,160002018594,RENAN CESCHIN,MARCOS RENAN DE MATTOS CESCHIN,,20,PODE,PODEMOS,,,PARTIDO ISOLADO,MASCULINO,BRANCA,0,39,SUPERIOR COMPLETO,CASADO(A),EMPRESÁRIO,,ELEITO POR MÉDIA,1,5826,https://divulgacandcontas.tse.jus.br/divulga/rest/arquivo/img/2045202024/160002018594/75353
VEREADOR,1,15000,160002159763,TIAGO ZEGLIN,TIAGO ZEGLIN,,15,MDB,MOVIMENTO DEMOCRÁTICO BRASILEIRO,,,PARTIDO ISOLADO,MASCULINO,BRANCA,0,40,SUPERIOR COMPLETO,CASADO(A),OUTROS,,ELEITO POR QP,1,5652,https://divulgacandcontas.tse.jus.br/divulga/rest/arquivo/img/2045202024/160002159763/75353
VEREADOR,1,25123,160002068240,EZEQUIAS BARROS,EZEQUIAS DE SOUZA BARROS,,25,PRD,PARTIDO RENOVAÇÃO DEMOCRÁTICA,,,PARTIDO ISOLADO,MASCULINO,BRANCA,0,61,SUPERIOR COMPLETO,CASADO(A),VEREADOR,,NÃO ELEITO,0,5406,https://divulgacandcontas.tse.jus.br/divulga/rest/arquivo/img/2045202024/160002068240/75353
VEREADOR,1,15755,160002159752,JOÃO DA LOJA 5 IRMÃOS,JOÃO CARLOS RODRIGUES,,15,MDB,MOVIMENTO DEMOCRÁTICO BRASILEIRO,,,PARTIDO ISOLADO,MASCULINO,BRANCA,0,48,SUPERIOR COMPLETO,CASADO(A),VEREADOR,,SUPLENTE,0,5396,https://divulgacandcontas.tse.jus.br/divulga/rest/arquivo/img/2045202024/160002159752/75353
VEREADOR,1,20190,160002018570,SARGENTO TÂNIA GUERREIRO,TANIA MARA ABRÃO GUERREIRO,,20,PODE,PODEMOS,,,PARTIDO ISOLADO,FEMININO,BRANCA,0,65,SUPERIOR COMPLETO,DIVORCIADO(A),MILITAR REFORMADO,,SUPLENTE,0,5064,https://divulgacandcontas.tse.jus.br/divulga/rest/arquivo/img/2045202024/160002018570/75353
VEREADOR,1,22522,160002155463,BRENO FERREIRA,BRENO SERGIO FERREIRA DOS SANTOS,,22,PL,PARTIDO LIBERAL,,,PARTIDO ISOLADO,MASCULINO,BRANCA,0,22,ENSINO MÉDIO COMPLETO,CASADO(A),EMPRESÁRIO,,SUPLENTE,0,5018,https://divulgacandcontas.tse.jus.br/divulga/rest/arquivo/img/2045202024/160002155463/75353
VEREADOR,1,13131,160002168944,VANDA DE ASSIS,ANTONIA VANDECIA DE ASSIS,,13,PT,PARTIDO DOS TRABALHADORES,13-PT/65-PC do B/43-PV,Federação BRASIL DA ESPERANÇA - FE BRASIL,FEDERAÇÃO,FEMININO,PRETA,1,48,SUPERIOR COMPLETO,SOLTEIRO(A),ASSISTENTE SOCIAL,,ELEITO POR QP,1,5006,https://divulgacandcontas.tse.jus.br/divulga/rest/arquivo/img/2045202024/160002168944/75353
VEREADOR,1,20130,160002018585,BRUNO PESSUTI,BRUNO EDUARDO FISCHER PESSUTI,,20,PODE,PODEMOS,,,PARTIDO ISOLADO,MASCULINO,BRANCA,0,40,SUPERIOR COMPLETO,CASADO(A),ENGENHEIRO,,SUPLENTE,0,4779,https://divulgacandcontas.tse.jus.br/divulga/rest/arquivo/img/2045202024/160002018585/75353
VEREADOR,1,11511,160002073986,LÓRENS NOGUEIRA,LORENS DE LIMA NOGUEIRA,,11,PP,PROGRESSISTAS,,,PARTIDO ISOLADO,MASCULINO,PARDA,1,28,SUPERIOR INCOMPLETO,CASADO(A),OUTROS,,ELEITO POR QP,1,4727,https://divulgacandcontas.tse.jus.br/divulga/rest/arquivo/img/2045202024/160002073986/75353
VEREADOR,1,11222,160002073972,BOBATO,CARLOS MAURO BOBATO,,11,PP,PROGRESSISTAS,,,PARTIDO ISOLADO,MASCULINO,BRANCA,0,53,ENSINO MÉDIO COMPLETO,CASADO(A),VEREADOR,,ELEITO POR MÉDIA,1,4663,https://divulgacandcontas.tse.jus.br/divulga/rest/arquivo/img/2045202024/160002073972/75353
VEREADOR,1,18000,160001927846,SALLES DO FAZENDINHA,NILSON SALES,,18,REDE,REDE SUSTENTABILIDADE,50-PSOL/18-REDE,Federação PSOL REDE,FEDERAÇÃO,MASCULINO,NÃO INFORMADO,0,51,SUPERIOR COMPLETO,SOLTEIRO(A),VEREADOR,,SUPLENTE,0,4648,https://divulgacandcontas.tse.jus.br/divulga/rest/arquivo/img/2045202024/160001927846/75353
VEREADOR,1,13123,160002168965,MATTEUS HENRIQUE,MATTEUS HENRIQUE DE OLIVEIRA,,13,PT,PARTIDO DOS TRABALHADORES,13-PT/65-PC do B/43-PV,Federação BRASIL DA ESPERANÇA - FE BRASIL,FEDERAÇÃO,MASCULINO,PRETA,1,27,SUPERIOR COMPLETO,SOLTEIRO(A),ADVOGADO,,ELEITO POR QP,1,4445,https://divulgacandcontas.tse.jus.br/divulga/rest/arquivo/img/2045202024/160002168965/75353
VEREADOR,1,77077,160001956259,PROFESSOR DALTON BORBA,DALTON JOSÉ BORBA,,77,SOLIDARIEDADE,SOLIDARIEDADE,,,PARTIDO ISOLADO,MASCULINO,BRANCA,0,59,SUPERIOR COMPLETO,CASADO(A),PROFESSOR E INSTRUTOR DE FORMAÇÃO PROFISSIONAL,,ELEITO POR QP,1,4240,https://divulgacandcontas.tse.jus.br/divulga/rest/arquivo/img/2045202024/160001956259/75353
VEREADOR,1,13132,160002226775,ANDREIA DE LIMA ,ANDREIA SOARES DE LIMA,,13,PT,PARTIDO DOS TRABALHADORES,13-PT/65-PC do B/43-PV,Federação BRASIL DA ESPERANÇA - FE BRASIL,FEDERAÇÃO,FEMININO,PRETA,1,48,ENSINO MÉDIO COMPLETO,SOLTEIRO(A),EMPREGADO DOMÉSTICO,,SUPLENTE,0,4211,https://divulgacandcontas.tse.jus.br/divulga/rest/arquivo/img/2045202024/160002226775/75353
VEREADOR,1,12803,160002162461,ROBERTA CIBIN,ROBERTA CIBIN DO NASCIMENTO,,12,PDT,PARTIDO DEMOCRÁTICO TRABALHISTA,,,PARTIDO ISOLADO,FEMININO,BRANCA,0,44,SUPERIOR COMPLETO,CASADO(A),OUTROS,,SUPLENTE,0,4156,https://divulgacandcontas.tse.jus.br/divulga/rest/arquivo/img/2045202024/160002162461/75353
VEREADOR,1,44000,160002173862,MESTRE POP,ADILSON ALVES LEANDRO,,44,UNIÃO,UNIÃO BRASIL,,,PARTIDO ISOLADO,MASCULINO,PRETA,1,56,SUPERIOR COMPLETO,CASADO(A),OUTROS,,SUPLENTE,0,4106,https://divulgacandcontas.tse.jus.br/divulga/rest/arquivo/img/2045202024/160002173862/75353
VEREADOR,1,13613,160002168968,PROFESSOR HERMES LEÃO,HERMES SILVA LEÃO,,13,PT,PARTIDO DOS TRABALHADORES,13-PT/65-PC do B/43-PV,Federação BRASIL DA ESPERANÇA - FE BRASIL,FEDERAÇÃO,MASCULINO,PARDA,1,59,SUPERIOR COMPLETO,SOLTEIRO(A),PROFESSOR DE ENSINO MÉDIO,,SUPLENTE,0,3976,https://divulgacandcontas.tse.jus.br/divulga/rest/arquivo/img/2045202024/160002168968/75353
VEREADOR,1,13213,160002168946,GEROLANE,WELITTON GEROLANE GRANOWSKI FERREIRA,,13,PT,PARTIDO DOS TRABALHADORES,13-PT/65-PC do B/43-PV,Federação BRASIL DA ESPERANÇA - FE BRASIL,FEDERAÇÃO,MASCULINO,BRANCA,0,31,SUPERIOR COMPLETO,SOLTEIRO(A),ADVOGADO,,SUPLENTE,0,3949,https://divulgacandcontas.tse.jus.br/divulga/rest/arquivo/img/2045202024/160002168946/75353
VEREADOR,1,13111,160002168951,JOÃO PAULO MEHL,JOÃO PAULO LACERDA ROCHA MEHL,,13,PT,PARTIDO DOS TRABALHADORES,13-PT/65-PC do B/43-PV,Federação BRASIL DA ESPERANÇA - FE BRASIL,FEDERAÇÃO,MASCULINO,BRANCA,0,43,SUPERIOR COMPLETO,CASADO(A),ADMINISTRADOR,,SUPLENTE,0,3926,https://divulgacandcontas.tse.jus.br/divulga/rest/arquivo/img/2045202024/160002168951/75353
VEREADOR,1,11111,160002073999,LUCIANO CARVALHO,LUCIANO CRUZ CARVALHO,,11,PP,PROGRESSISTAS,,,PARTIDO ISOLADO,MASCULINO,BRANCA,0,46,SUPERIOR COMPLETO,SOLTEIRO(A),OUTROS,,SUPLENTE,0,3877,https://divulgacandcontas.tse.jus.br/divulga/rest/arquivo/img/2045202024/160002073999/75353
VEREADOR,1,13611,160002168941,SALETE BEZ,SALETE BAGOLIN BEZ,,13,PT,PARTIDO DOS TRABALHADORES,13-PT/65-PC do B/43-PV,Federação BRASIL DA ESPERANÇA - FE BRASIL,FEDERAÇÃO,FEMININO,BRANCA,0,51,SUPERIOR COMPLETO,CASADO(A),OUTROS,,SUPLENTE,0,3834,https://divulgacandcontas.tse.jus.br/divulga/rest/arquivo/img/2045202024/160002168941/75353
VEREADOR,1,36999,160002023034,BRUNO ROSSI,BRUNO PELLEGRINO DA ROCHA ROSSI,,36,AGIR,AGIR,,,PARTIDO ISOLADO,MASCULINO,BRANCA,0,32,SUPERIOR COMPLETO,CASADO(A),ADVOGADO,,ELEITO POR QP,1,3824,https://divulgacandcontas.tse.jus.br/divulga/rest/arquivo/img/2045202024/160002023034/75353
VEREADOR,1,22444,160002155456,FERNANDO DA PADARIA,FERNANDO JOSE RODRIGUES DE OLIVEIRA,,22,PL,PARTIDO LIBERAL,,,PARTIDO ISOLADO,MASCULINO,BRANCA,0,57,SUPERIOR COMPLETO,CASADO(A),COMERCIANTE,,SUPLENTE,0,3805,https://divulgacandcontas.tse.jus.br/divulga/rest/arquivo/img/2045202024/160002155456/75353
VEREADOR,1,45145,160002351803,MESTRE RUDIMAR,RUDIMAR FEDRIGO,,45,PSDB,PARTIDO DA SOCIAL DEMOCRACIA BRASILEIRA,45-PSDB/23-CIDADANIA,Federação PSDB CIDADANIA,FEDERAÇÃO,MASCULINO,BRANCA,0,61,SUPERIOR INCOMPLETO,DIVORCIADO(A),EMPRESÁRIO,,NÃO ELEITO,0,3758,https://divulgacandcontas.tse.jus.br/divulga/rest/arquivo/img/2045202024/160002351803/75353
VEREADOR,1,11777,160002073968,OSCALINO DO POVO,OSCALINO DE MELO,,11,PP,PROGRESSISTAS,,,PARTIDO ISOLADO,MASCULINO,BRANCA,0,74,ENSINO MÉDIO COMPLETO,CASADO(A),VEREADOR,,SUPLENTE,0,3735,https://divulgacandcontas.tse.jus.br/divulga/rest/arquivo/img/2045202024/160002073968/75353
VEREADOR,1,55007,160002135734,JORNALISTA MARCIO BARROS,MARCIO GENESIO DE BARROS,,55,PSD,PARTIDO SOCIAL DEMOCRÁTICO,,,PARTIDO ISOLADO,MASCULINO,BRANCA,0,51,SUPERIOR COMPLETO,CASADO(A),VEREADOR,,SUPLENTE,0,3675,https://divulgacandcontas.tse.jus.br/divulga/rest/arquivo/img/2045202024/160002135734/75353
VEREADOR,1,15007,160002159749,NOEMIA ROCHA,NOEMIA DE SOUZA E SILVA ALVES ROCHA,,15,MDB,MOVIMENTO DEMOCRÁTICO BRASILEIRO,,,PARTIDO ISOLADO,FEMININO,BRANCA,0,57,SUPERIOR COMPLETO,CASADO(A),VEREADOR,,SUPLENTE,0,3621,https://divulgacandcontas.tse.jus.br/divulga/rest/arquivo/img/2045202024/160002159749/75353
VEREADOR,1,13000,160002168974,JU MILDEMBERG,JULIANA DE FÁTIMA MILDEMBERG DE LARA,,13,PT,PARTIDO DOS TRABALHADORES,13-PT/65-PC do B/43-PV,Federação BRASIL DA ESPERANÇA - FE BRASIL,FEDERAÇÃO,FEMININO,PRETA,1,35,SUPERIOR COMPLETO,SOLTEIRO(A),ADMINISTRADOR,,SUPLENTE,0,3618,https://divulgacandcontas.tse.jus.br/divulga/rest/arquivo/img/2045202024/160002168974/75353
VEREADOR,1,10320,160001952443,MARCIANO ALVES,JOSE MARCIANO ALVES BEZERRA,,10,REPUBLICANOS,REPUBLICANOS,,,PARTIDO ISOLADO,MASCULINO,BRANCA,0,47,SUPERIOR COMPLETO,CASADO(A),VEREADOR,,SUPLENTE,0,3578,https://divulgacandcontas.tse.jus.br/divulga/rest/arquivo/img/2045202024/160001952443/75353
VEREADOR,1,65123,160002168955,PROFESSORA AMABILE,AMABILE LEITE MARCHI,,65,PC do B,PARTIDO COMUNISTA DO BRASIL,13-PT/65-PC do B/43-PV,Federação BRASIL DA ESPERANÇA - FE BRASIL,FEDERAÇÃO,FEMININO,BRANCA,0,41,SUPERIOR COMPLETO,SOLTEIRO(A),PROFESSOR DE ENSINO MÉDIO,,SUPLENTE,0,3530,https://divulgacandcontas.tse.jus.br/divulga/rest/arquivo/img/2045202024/160002168955/75353
VEREADOR,1,36000,160002023028,MATHEUS MOKDESE,MATHEUS MOKDESE DOS SANTOS,,36,AGIR,AGIR,,,PARTIDO ISOLADO,MASCULINO,BRANCA,0,28,SUPERIOR COMPLETO,SOLTEIRO(A),ADMINISTRADOR,,SUPLENTE,0,3511,https://divulgacandcontas.tse.jus.br/divulga/rest/arquivo/img/2045202024/160002023028/75353
VEREADOR,1,11555,160002073982,RICARDO DIAS,RICARDO ALEXANDRE DIAS,,11,PP,PROGRESSISTAS,,,PARTIDO ISOLADO,MASCULINO,BRANCA,0,49,SUPERIOR COMPLETO,CASADO(A),JORNALISTA E REDATOR,,SUPLENTE,0,3489,https://divulgacandcontas.tse.jus.br/divulga/rest/arquivo/img/2045202024/160002073982/75353
VEREADOR,1,15333,160002159770,GEOVANE FERNANDES,GEOVANE ALVES FERNANDES,,15,MDB,MOVIMENTO DEMOCRÁTICO BRASILEIRO,,,PARTIDO ISOLADO,MASCULINO,BRANCA,0,60,ENSINO MÉDIO COMPLETO,CASADO(A),OUTROS,,SUPLENTE,0,3473,https://divulgacandcontas.tse.jus.br/divulga/rest/arquivo/img/2045202024/160002159770/75353
VEREADOR,1,35123,160002302242,DR TAFFAREL DEFENSOR ANIMAIS,THIAGO HENRIQUE TAFAREL,,35,PMB,PARTIDO DA MULHER BRASILEIRA,,,PARTIDO ISOLADO,MASCULINO,BRANCA,0,36,SUPERIOR COMPLETO,SOLTEIRO(A),ADVOGADO,,NÃO ELEITO,0,3400,https://divulgacandcontas.tse.jus.br/divulga/rest/arquivo/img/2045202024/160002302242/75353
VEREADOR,1,10900,160001952435,MARQUINHOS MAGALHÃES,MARCOS AURELIO MAGALHÃES PINTO,,10,REPUBLICANOS,REPUBLICANOS,,,PARTIDO ISOLADO,MASCULINO,BRANCA,0,42,SUPERIOR COMPLETO,CASADO(A),SERVIDOR PÚBLICO ESTADUAL,,SUPLENTE,0,3268,https://divulgacandcontas.tse.jus.br/divulga/rest/arquivo/img/2045202024/160001952435/75353
VEREADOR,1,11900,160002073992,ROGÉRIO CAMPOS,ROGÉRIO CAMPOS,,11,PP,PROGRESSISTAS,,,PARTIDO ISOLADO,MASCULINO,BRANCA,0,46,SUPERIOR INCOMPLETO,CASADO(A),OUTROS,,SUPLENTE,0,3251,https://divulgacandcontas.tse.jus.br/divulga/rest/arquivo/img/2045202024/160002073992/75353
VEREADOR,1,20020,160002018588,DANIEL GODRI JUNIOR,DANIEL GODRI JUNIOR,,20,PODE,PODEMOS,,,PARTIDO ISOLADO,MASCULINO,BRANCA,0,46,SUPERIOR COMPLETO,CASADO(A),OUTROS,,SUPLENTE,0,3202,https://divulgacandcontas.tse.jus.br/divulga/rest/arquivo/img/2045202024/160002018588/75353
VEREADOR,1,55190,160002135729,AMIGOS DO GUERRA,SERGIO GUERRA CORREA,,55,PSD,PARTIDO SOCIAL DEMOCRÁTICO,,,PARTIDO ISOLADO,MASCULINO,BRANCA,0,45,SUPERIOR INCOMPLETO,DIVORCIADO(A),OUTROS,,SUPLENTE,0,3170,https://divulgacandcontas.tse.jus.br/divulga/rest/arquivo/img/2045202024/160002135729/75353
VEREADOR,1,15625,160002159758,NEUSA DO SABINO,NEUSA BELLA MOLINA,,15,MDB,MOVIMENTO DEMOCRÁTICO BRASILEIRO,,,PARTIDO ISOLADO,FEMININO,BRANCA,0,73,SUPERIOR COMPLETO,DIVORCIADO(A),SERVIDOR PÚBLICO MUNICIPAL,,SUPLENTE,0,3163,https://divulgacandcontas.tse.jus.br/divulga/rest/arquivo/img/2045202024/160002159758/75353
VEREADOR,1,11041,160002073974,ALINE BETENHEUSER,ALINE BETENHEUSER,,11,PP,PROGRESSISTAS,,,PARTIDO ISOLADO,FEMININO,BRANCA,0,40,SUPERIOR INCOMPLETO,CASADO(A),"ESTUDANTE, BOLSISTA, ESTAGIÁRIO E ASSEMELHADOS",,SUPLENTE,0,3119,https://divulgacandcontas.tse.jus.br/divulga/rest/arquivo/img/2045202024/160002073974/75353
VEREADOR,1,40040,160001910392,CAMILLA GONDA,CAMILLA DE MORAES GONDA,,40,PSB,PARTIDO SOCIALISTA BRASILEIRO,,,PARTIDO ISOLADO,FEMININO,BRANCA,0,23,SUPERIOR COMPLETO,SOLTEIRO(A),"ESTUDANTE, BOLSISTA, ESTAGIÁRIO E ASSEMELHADOS",,ELEITO POR QP,1,3062,https://divulgacandcontas.tse.jus.br/divulga/rest/arquivo/img/2045202024/160001910392/75353
VEREADOR,1,35035,160002302231,JAPA DA CIVIL,FABIO NAKASHIMA,,35,PMB,PARTIDO DA MULHER BRASILEIRA,,,PARTIDO ISOLADO,MASCULINO,AMARELA,0,45,SUPERIOR COMPLETO,CASADO(A),POLICIAL CIVIL,,NÃO ELEITO,0,2974,https://divulgacandcontas.tse.jus.br/divulga/rest/arquivo/img/2045202024/160002302231/75353
VEREADOR,1,40123,160001910376,REJANE SOLDANI,REJANE SOLDANI SOBREIRO,,40,PSB,PARTIDO SOCIALISTA BRASILEIRO,,,PARTIDO ISOLADO,FEMININO,PARDA,1,45,SUPERIOR COMPLETO,DIVORCIADO(A),SERVIDOR PÚBLICO MUNICIPAL,,SUPLENTE,0,2960,https://divulgacandcontas.tse.jus.br/divulga/rest/arquivo/img/2045202024/160001910376/75353
VEREADOR,1,55300,160002383102,EDSON DO PAROLIN,EDSON PEREIRA RODRIGUES,,55,PSD,PARTIDO SOCIAL DEMOCRÁTICO,,,PARTIDO ISOLADO,MASCULINO,PARDA,1,49,ENSINO FUNDAMENTAL COMPLETO,CASADO(A),OUTROS,,SUPLENTE,0,2906,https://divulgacandcontas.tse.jus.br/divulga/rest/arquivo/img/2045202024/160002383102/75353
VEREADOR,1,11888,160002073971,THADEU VERMELHO,THADEU VELOSO MARIA,,11,PP,PROGRESSISTAS,,,PARTIDO ISOLADO,MASCULINO,BRANCA,0,40,SUPERIOR INCOMPLETO,CASADO(A),EMPRESÁRIO,,SUPLENTE,0,2899,https://divulgacandcontas.tse.jus.br/divulga/rest/arquivo/img/2045202024/160002073971/75353
VEREADOR,1,40000,160001910398,LUCAS SIQUEIRA,LUCAS SIQUEIRA DIONISIO,,40,PSB,PARTIDO SOCIALISTA BRASILEIRO,,,PARTIDO ISOLADO,MASCULINO,BRANCA,0,29,SUPERIOR INCOMPLETO,SOLTEIRO(A),GERENTE,,SUPLENTE,0,2868,https://divulgacandcontas.tse.jus.br/divulga/rest/arquivo/img/2045202024/160001910398/75353
VEREADOR,1,36536,160002023048,JOSIAS DIAS,JOSIAS ISRAEL DIAS,,36,AGIR,AGIR,,,PARTIDO ISOLADO,MASCULINO,BRANCA,0,54,ENSINO FUNDAMENTAL COMPLETO,SOLTEIRO(A),OUTROS,,SUPLENTE,0,2850,https://divulgacandcontas.tse.jus.br/divulga/rest/arquivo/img/2045202024/160002023048/75353
VEREADOR,1,77200,160001956238,JONATHAN PROTETOR DOS ANIMAIS,JONATHAN MARIANO,,77,SOLIDARIEDADE,SOLIDARIEDADE,,,PARTIDO ISOLADO,MASCULINO,BRANCA,0,35,ENSINO MÉDIO COMPLETO,SOLTEIRO(A),OUTROS,,SUPLENTE,0,2845,https://divulgacandcontas.tse.jus.br/divulga/rest/arquivo/img/2045202024/160001956238/75353
VEREADOR,1,55456,160002135749,GIL SOUZA,GILBERTO ANTONIO DE SOUZA FILHO,,55,PSD,PARTIDO SOCIAL DEMOCRÁTICO,,,PARTIDO ISOLADO,MASCULINO,BRANCA,0,35,SUPERIOR COMPLETO,CASADO(A),ADVOGADO,,SUPLENTE,0,2719,https://divulgacandcontas.tse.jus.br/divulga/rest/arquivo/img/2045202024/160002135749/75353
VEREADOR,1,22001,160002155461,VALMIR FERREIRA,VALMIR FERREIRA DA SILVA OLIVEIRA,,22,PL,PARTIDO LIBERAL,,,PARTIDO ISOLADO,MASCULINO,PRETA,1,33,SUPERIOR COMPLETO,CASADO(A),OUTROS,,SUPLENTE,0,2718,https://divulgacandcontas.tse.jus.br/divulga/rest/arquivo/img/2045202024/160002155461/75353
VEREADOR,1,11333,160002073975,BATUTA,ADRIANO CALISTO,,11,PP,PROGRESSISTAS,,,PARTIDO ISOLADO,MASCULINO,PARDA,1,52,SUPERIOR COMPLETO,CASADO(A),SERVIDOR PÚBLICO MUNICIPAL,,SUPLENTE,0,2700,https://divulgacandcontas.tse.jus.br/divulga/rest/arquivo/img/2045202024/160002073975/75353
VEREADOR,1,50123,160001927861,ELOY NHANDEWA,ELOY JACINTHO,,50,PSOL,PARTIDO SOCIALISMO E LIBERDADE,50-PSOL/18-REDE,Federação PSOL REDE,FEDERAÇÃO,MASCULINO,INDÍGENA,0,45,SUPERIOR INCOMPLETO,CASADO(A),"ESTUDANTE, BOLSISTA, ESTAGIÁRIO E ASSEMELHADOS",,SUPLENTE,0,2661,https://divulgacandcontas.tse.jus.br/divulga/rest/arquivo/img/2045202024/160001927861/75353
VEREADOR,1,40800,160001910404,LOUREDES DO SIEMACO,MARIA DE LOUREDES SOARES PACONDES,,40,PSB,PARTIDO SOCIALISTA BRASILEIRO,,,PARTIDO ISOLADO,FEMININO,BRANCA,0,59,SUPERIOR INCOMPLETO,CASADO(A),"SUPERVISOR, INSPETOR E AGENTE DE COMPRAS E VENDAS",,SUPLENTE,0,2657,https://divulgacandcontas.tse.jus.br/divulga/rest/arquivo/img/2045202024/160001910404/75353
VEREADOR,1,43000,160002168953,MARIA LETICIA,MARIA LETICIA FAGUNDES,,43,PV,PARTIDO VERDE,13-PT/65-PC do B/43-PV,Federação BRASIL DA ESPERANÇA - FE BRASIL,FEDERAÇÃO,FEMININO,BRANCA,0,65,SUPERIOR COMPLETO,DIVORCIADO(A),VEREADOR,,SUPLENTE,0,2640,https://divulgacandcontas.tse.jus.br/divulga/rest/arquivo/img/2045202024/160002168953/75353
VEREADOR,1,13013,160002168970,DIVA DAIANA,DAIANA TRINDADE FURTADO,,13,PT,PARTIDO DOS TRABALHADORES,13-PT/65-PC do B/43-PV,Federação BRASIL DA ESPERANÇA - FE BRASIL,FEDERAÇÃO,FEMININO,PRETA,1,43,SUPERIOR COMPLETO,DIVORCIADO(A),PROFESSOR DE ENSINO MÉDIO,,SUPLENTE,0,2596,https://divulgacandcontas.tse.jus.br/divulga/rest/arquivo/img/2045202024/160002168970/75353
VEREADOR,1,10100,160001952453,TANAKA,VALDEMILSON OSORIO DE CAMPOS,,10,REPUBLICANOS,REPUBLICANOS,,,PARTIDO ISOLADO,MASCULINO,BRANCA,0,46,ENSINO MÉDIO COMPLETO,SOLTEIRO(A),MECÂNICO DE MANUTENÇÃO,,SUPLENTE,0,2580,https://divulgacandcontas.tse.jus.br/divulga/rest/arquivo/img/2045202024/160001952453/75353
VEREADOR,1,15001,160002159748,PROFESSOR SILBERTO,SILBERTO CARDOSO,,15,MDB,MOVIMENTO DEMOCRÁTICO BRASILEIRO,,,PARTIDO ISOLADO,MASCULINO,BRANCA,0,54,SUPERIOR COMPLETO,CASADO(A),PROFESSOR DE ENSINO MÉDIO,,SUPLENTE,0,2578,https://divulgacandcontas.tse.jus.br/divulga/rest/arquivo/img/2045202024/160002159748/75353
VEREADOR,1,22055,160002155448,MARISA LOBO PSICOLOGA CRISTÃ,MARISA LOBO FRANCO FERREIRA ALVES,,22,PL,PARTIDO LIBERAL,,,PARTIDO ISOLADO,FEMININO,BRANCA,0,61,SUPERIOR COMPLETO,CASADO(A),PSICÓLOGO,,SUPLENTE,0,2517,https://divulgacandcontas.tse.jus.br/divulga/rest/arquivo/img/2045202024/160002155448/75353
VEREADOR,1,20555,160002018572,SIMONE CHAGAS LIMA,SIMONE DA GRAÇA DAS CHAGAS LIMA,,20,PODE,PODEMOS,,,PARTIDO ISOLADO,FEMININO,BRANCA,0,58,SUPERIOR COMPLETO,SOLTEIRO(A),PROFESSOR DE ENSINO FUNDAMENTAL,,SUPLENTE,0,2508,https://divulgacandcontas.tse.jus.br/divulga/rest/arquivo/img/2045202024/160002018572/75353
VEREADOR,1,13777,160002168947,PROFESSOR  SILVIO,SILVIO MARCOS DOS SANTOS,,13,PT,PARTIDO DOS TRABALHADORES,13-PT/65-PC do B/43-PV,Federação BRASIL DA ESPERANÇA - FE BRASIL,FEDERAÇÃO,MASCULINO,PRETA,1,54,SUPERIOR COMPLETO,SOLTEIRO(A),PROFESSOR DE ENSINO MÉDIO,,SUPLENTE,0,2449,https://divulgacandcontas.tse.jus.br/divulga/rest/arquivo/img/2045202024/160002168947/75353
VEREADOR,1,77777,160001956235,CLAUDINHO CASTRO AHNAO,CLAUDIO CESAR DE CASTRO,,77,SOLIDARIEDADE,SOLIDARIEDADE,,,PARTIDO ISOLADO,MASCULINO,BRANCA,0,49,ENSINO MÉDIO COMPLETO,SOLTEIRO(A),ATOR E DIRETOR DE ESPETÁCULOS PÚBLICOS,,SUPLENTE,0,2420,https://divulgacandcontas.tse.jus.br/divulga/rest/arquivo/img/2045202024/160001956235/75353
VEREADOR,1,55222,160002135756,FABIANO LAZARINO,FABIANO LAZARINO ANTUNES,,55,PSD,PARTIDO SOCIAL DEMOCRÁTICO,,,PARTIDO ISOLADO,MASCULINO,BRANCA,0,46,SUPERIOR COMPLETO,CASADO(A),OUTROS,,SUPLENTE,0,2419,https://divulgacandcontas.tse.jus.br/divulga/rest/arquivo/img/2045202024/160002135756/75353
VEREADOR,1,55955,160002135751,GENIVALDO SANTOS,GENIVALDO JOSÉ DOS SANTOS,,55,PSD,PARTIDO SOCIAL DEMOCRÁTICO,,,PARTIDO ISOLADO,MASCULINO,BRANCA,0,61,ENSINO MÉDIO COMPLETO,CASADO(A),EMPRESÁRIO,,SUPLENTE,0,2400,https://divulgacandcontas.tse.jus.br/divulga/rest/arquivo/img/2045202024/160002135751/75353
VEREADOR,1,36970,160002023037,EDIMAR BUENO,JOSE EDIMAR BUENO DE OLIVEIRA,,36,AGIR,AGIR,,,PARTIDO ISOLADO,MASCULINO,BRANCA,0,53,ENSINO MÉDIO COMPLETO,CASADO(A),OUTROS,,SUPLENTE,0,2377,https://divulgacandcontas.tse.jus.br/divulga/rest/arquivo/img/2045202024/160002023037/75353
VEREADOR,1,22233,160002155469,CASAGRANDE AUTO ESCOLA,ANTONIO APARECIDO CASAGRANDE,,22,PL,PARTIDO LIBERAL,,,PARTIDO ISOLADO,MASCULINO,BRANCA,0,58,SUPERIOR COMPLETO,SOLTEIRO(A),COMERCIANTE,,SUPLENTE,0,2369,https://divulgacandcontas.tse.jus.br/divulga/rest/arquivo/img/2045202024/160002155469/75353
VEREADOR,1,30030,160002152949,RODRIGO MARCIAL,RODRIGO MARCIAL LEDRA RIBEIRO,,30,NOVO,PARTIDO NOVO,,,PARTIDO ISOLADO,MASCULINO,BRANCA,0,31,SUPERIOR COMPLETO,CASADO(A),PROFESSOR DE ENSINO SUPERIOR,,SUPLENTE,0,2324,https://divulgacandcontas.tse.jus.br/divulga/rest/arquivo/img/2045202024/160002152949/75353
VEREADOR,1,44555,160002173848,NEEMIAS PORTELA ,NEEMIAS PORTELA,,44,UNIÃO,UNIÃO BRASIL,,,PARTIDO ISOLADO,MASCULINO,PARDA,1,57,ENSINO MÉDIO COMPLETO,CASADO(A),COMERCIANTE,,SUPLENTE,0,2315,https://divulgacandcontas.tse.jus.br/divulga/rest/arquivo/img/2045202024/160002173848/75353
VEREADOR,1,18190,160001927863,RABELO CONSTRUTOR,EDMAR RABELO,,18,REDE,REDE SUSTENTABILIDADE,50-PSOL/18-REDE,Federação PSOL REDE,FEDERAÇÃO,MASCULINO,NÃO INFORMADO,0,55,ENSINO MÉDIO COMPLETO,DIVORCIADO(A),OUTROS,,SUPLENTE,0,2286,https://divulgacandcontas.tse.jus.br/divulga/rest/arquivo/img/2045202024/160001927863/75353
VEREADOR,1,22422,160002155449,DIRLETE PINHEIRO,DIRLETE SILVEIRA PINHEIRO,,22,PL,PARTIDO LIBERAL,,,PARTIDO ISOLADO,FEMININO,BRANCA,0,53,SUPERIOR COMPLETO,CASADO(A),ADMINISTRADOR,,SUPLENTE,0,2146,https://divulgacandcontas.tse.jus.br/divulga/rest/arquivo/img/2045202024/160002155449/75353
VEREADOR,1,11011,160002073989,CHIQUINHO DO UBERABA,FRANCISCO ZBIGNIEW STRYK COSTA,,11,PP,PROGRESSISTAS,,,PARTIDO ISOLADO,MASCULINO,BRANCA,0,34,SUPERIOR COMPLETO,SOLTEIRO(A),OUTROS,,SUPLENTE,0,2126,https://divulgacandcontas.tse.jus.br/divulga/rest/arquivo/img/2045202024/160002073989/75353
VEREADOR,1,12121,160002162472,PROFESSOR MOZART,AUGUSTO MOZART ANTONICHEN PINHEIRO CRUZ,,12,PDT,PARTIDO DEMOCRÁTICO TRABALHISTA,,,PARTIDO ISOLADO,MASCULINO,BRANCA,0,32,SUPERIOR COMPLETO,CASADO(A),PROFESSOR DE ENSINO MÉDIO,,SUPLENTE,0,2092,https://divulgacandcontas.tse.jus.br/divulga/rest/arquivo/img/2045202024/160002162472/75353
VEREADOR,1,30077,160002152944,ARIANE ASSIS,ARIANE REGIS SILVA DE ASSIS,,30,NOVO,PARTIDO NOVO,,,PARTIDO ISOLADO,FEMININO,BRANCA,0,44,SUPERIOR COMPLETO,CASADO(A),ADVOGADO,,SUPLENTE,0,2021,https://divulgacandcontas.tse.jus.br/divulga/rest/arquivo/img/2045202024/160002152944/75353
VEREADOR,1,22225,160002155477,ANDERSON MARQUES,ANDERSON SOARES MARQUES DA SILVA,,22,PL,PARTIDO LIBERAL,,,PARTIDO ISOLADO,MASCULINO,BRANCA,0,35,ENSINO MÉDIO COMPLETO,CASADO(A),EMPRESÁRIO,,SUPLENTE,0,1972,https://divulgacandcontas.tse.jus.br/divulga/rest/arquivo/img/2045202024/160002155477/75353
VEREADOR,1,13300,160002168949,EVELIN MOREIRA,LUDI EVELIN MOREIRA DOS SANTOS,,13,PT,PARTIDO DOS TRABALHADORES,13-PT/65-PC do B/43-PV,Federação BRASIL DA ESPERANÇA - FE BRASIL,FEDERAÇÃO,FEMININO,PRETA,1,25,SUPERIOR INCOMPLETO,SOLTEIRO(A),ENFERMEIRO,,SUPLENTE,0,1935,https://divulgacandcontas.tse.jus.br/divulga/rest/arquivo/img/2045202024/160002168949/75353
VEREADOR,1,43977,160002168964,RAFAEL CABEÇA,RAFAEL DE OLIVEIRA SEVERINO,,43,PV,PARTIDO VERDE,13-PT/65-PC do B/43-PV,Federação BRASIL DA ESPERANÇA - FE BRASIL,FEDERAÇÃO,MASCULINO,BRANCA,0,38,ENSINO FUNDAMENTAL INCOMPLETO,SOLTEIRO(A),ADMINISTRADOR,,SUPLENTE,0,1935,https://divulgacandcontas.tse.jus.br/divulga/rest/arquivo/img/2045202024/160002168964/75353
VEREADOR,1,36777,160002023044,LUCIANO KELUC,LUCIANO ROBERTO KELUC DA SILVA,,36,AGIR,AGIR,,,PARTIDO ISOLADO,MASCULINO,BRANCA,0,47,SUPERIOR COMPLETO,CASADO(A),ADVOGADO,,SUPLENTE,0,1930,https://divulgacandcontas.tse.jus.br/divulga/rest/arquivo/img/2045202024/160002023044/75353
VEREADOR,1,28190,160002152037,VALDIR FARIAS,VALDIR ALVES FARIAS,,28,PRTB,PARTIDO RENOVADOR TRABALHISTA BRASILEIRO,,,PARTIDO ISOLADO,MASCULINO,BRANCA,0,63,ENSINO FUNDAMENTAL INCOMPLETO,CASADO(A),EMPRESÁRIO,,NÃO ELEITO,0,1929,https://divulgacandcontas.tse.jus.br/divulga/rest/arquivo/img/2045202024/160002152037/75353
VEREADOR,1,22322,160002155478,ROBERTA ZUNIGA,ROBERTA RIBEIRO ZUNIGA,,22,PL,PARTIDO LIBERAL,,,PARTIDO ISOLADO,FEMININO,BRANCA,0,32,ENSINO MÉDIO COMPLETO,SOLTEIRO(A),EMPRESÁRIO,,SUPLENTE,0,1878,https://divulgacandcontas.tse.jus.br/divulga/rest/arquivo/img/2045202024/160002155478/75353
VEREADOR,1,13713,160002168972,JOVINA KAINGANG,JOVINA RENH-GA DONATO DE OLIVEIRA,,13,PT,PARTIDO DOS TRABALHADORES,13-PT/65-PC do B/43-PV,Federação BRASIL DA ESPERANÇA - FE BRASIL,FEDERAÇÃO,FEMININO,INDÍGENA,0,55,ENSINO MÉDIO COMPLETO,DIVORCIADO(A),ARTESÃO,,SUPLENTE,0,1872,https://divulgacandcontas.tse.jus.br/divulga/rest/arquivo/img/2045202024/160002168972/75353
VEREADOR,1,20500,160002018591,MONICA BRAGA CORTES,MONICA BRAGA CORTES BANDEIRA GUIMARAES,,20,PODE,PODEMOS,,,PARTIDO ISOLADO,FEMININO,BRANCA,0,41,SUPERIOR COMPLETO,DIVORCIADO(A),ENGENHEIRO,,SUPLENTE,0,1867,https://divulgacandcontas.tse.jus.br/divulga/rest/arquivo/img/2045202024/160002018591/75353
VEREADOR,1,33123,160002022829,ANDERSON TEIXEIRA,ANDERSON TEIXEIRA,,33,MOBILIZA,MOBILIZAÇÃO NACIONAL,,,PARTIDO ISOLADO,MASCULINO,BRANCA,0,47,SUPERIOR COMPLETO,CASADO(A),MOTORISTA DE VEÍCULOS DE TRANSPORTE COLETIVO DE PASSAGEIROS,,NÃO ELEITO,0,1865,https://divulgacandcontas.tse.jus.br/divulga/rest/arquivo/img/2045202024/160002022829/75353
VEREADOR,1,11300,160002073976,EDSON OLIVEIRA,EDSON OLIVEIRA DE SOUZA,,11,PP,PROGRESSISTAS,,,PARTIDO ISOLADO,MASCULINO,PRETA,1,52,SUPERIOR COMPLETO,CASADO(A),SERVIDOR PÚBLICO ESTADUAL,,SUPLENTE,0,1833,https://divulgacandcontas.tse.jus.br/divulga/rest/arquivo/img/2045202024/160002073976/75353
VEREADOR,1,23033,160002351792,JEFERSON SALLES,OSMAR JEFERSON SALLES DA SILVA,,23,CIDADANIA,CIDADANIA,45-PSDB/23-CIDADANIA,Federação PSDB CIDADANIA,FEDERAÇÃO,MASCULINO,PRETA,1,34,ENSINO MÉDIO COMPLETO,SOLTEIRO(A),OUTROS,,NÃO ELEITO,0,1797,https://divulgacandcontas.tse.jus.br/divulga/rest/arquivo/img/2045202024/160002351792/75353
VEREADOR,1,27123,160002145743,FERNANDO TATUQUARAINFOCO,FERNANDO LOURENÇO DA SILVA,,27,DC,DEMOCRACIA CRISTÃ,,,PARTIDO ISOLADO,MASCULINO,BRANCA,0,47,SUPERIOR INCOMPLETO,CASADO(A),PROFESSOR E INSTRUTOR DE FORMAÇÃO PROFISSIONAL,,NÃO ELEITO,0,1793,https://divulgacandcontas.tse.jus.br/divulga/rest/arquivo/img/2045202024/160002145743/75353
VEREADOR,1,20024,160002018599,MÁRCIA SANTOS,MÁRCIA APARECIDA DOS SANTOS,,20,PODE,PODEMOS,,,PARTIDO ISOLADO,FEMININO,PARDA,1,50,ENSINO MÉDIO COMPLETO,SOLTEIRO(A),OUTROS,,SUPLENTE,0,1773,https://divulgacandcontas.tse.jus.br/divulga/rest/arquivo/img/2045202024/160002018599/75353
VEREADOR,1,11001,160002073984,SEDENIR VOZ DA ARENA,SEDENIR DOMINGOS TREMARIN,,11,PP,PROGRESSISTAS,,,PARTIDO ISOLADO,MASCULINO,BRANCA,0,44,SUPERIOR COMPLETO,CASADO(A),JORNALISTA E REDATOR,,SUPLENTE,0,1771,https://divulgacandcontas.tse.jus.br/divulga/rest/arquivo/img/2045202024/160002073984/75353
VEREADOR,1,11110,160002073981,VALQUIRIA MELNIK DA TV,VALQUIRIA MELNIK BLICHARSKI,,11,PP,PROGRESSISTAS,,,PARTIDO ISOLADO,FEMININO,BRANCA,0,50,SUPERIOR COMPLETO,DIVORCIADO(A),JORNALISTA E REDATOR,,SUPLENTE,0,1768,https://divulgacandcontas.tse.jus.br/divulga/rest/arquivo/img/2045202024/160002073981/75353
VEREADOR,1,35000,160002302217,TIO GERSON,GERSON JOSE FERREIRA,,35,PMB,PARTIDO DA MULHER BRASILEIRA,,,PARTIDO ISOLADO,MASCULINO,BRANCA,0,50,ENSINO FUNDAMENTAL COMPLETO,CASADO(A),OUTROS,,NÃO ELEITO,0,1747,https://divulgacandcontas.tse.jus.br/divulga/rest/arquivo/img/2045202024/160002302217/75353
VEREADOR,1,28333,160002152008,JOSE CARLOS,JOSÉ CARLOS GOMES PEREIRA FILHO,,28,PRTB,PARTIDO RENOVADOR TRABALHISTA BRASILEIRO,,,PARTIDO ISOLADO,MASCULINO,BRANCA,0,62,SUPERIOR COMPLETO,CASADO(A),ADMINISTRADOR,,NÃO ELEITO,0,1731,https://divulgacandcontas.tse.jus.br/divulga/rest/arquivo/img/2045202024/160002152008/75353
VEREADOR,1,18123,160001927859,TONINHO DA CIC,ANTONINHO CARLOS CLAUDINO DOS SANTOS,,18,REDE,REDE SUSTENTABILIDADE,50-PSOL/18-REDE,Federação PSOL REDE,FEDERAÇÃO,MASCULINO,NÃO INFORMADO,0,55,ENSINO MÉDIO COMPLETO,CASADO(A),OUTROS,,SUPLENTE,0,1713,https://divulgacandcontas.tse.jus.br/divulga/rest/arquivo/img/2045202024/160001927859/75353
VEREADOR,1,15999,160002159785,ZÉ DA FERROVIÁRIA,JOSE CARLOS FAGUNDES,,15,MDB,MOVIMENTO DEMOCRÁTICO BRASILEIRO,,,PARTIDO ISOLADO,MASCULINO,BRANCA,0,61,ENSINO MÉDIO COMPLETO,DIVORCIADO(A),OUTROS,,SUPLENTE,0,1674,https://divulgacandcontas.tse.jus.br/divulga/rest/arquivo/img/2045202024/160002159785/75353
VEREADOR,1,23045,160002351797,EGBERT SCHLOGEL,EGBERT SCHLOGEL,,23,CIDADANIA,CIDADANIA,45-PSDB/23-CIDADANIA,Federação PSDB CIDADANIA,FEDERAÇÃO,MASCULINO,BRANCA,0,60,ENSINO MÉDIO COMPLETO,CASADO(A),JOALHEIRO E OURIVES,,NÃO ELEITO,0,1672,https://divulgacandcontas.tse.jus.br/divulga/rest/arquivo/img/2045202024/160002351797/75353
VEREADOR,1,43789,160002168967,PROFESSOR MATSUDA,RUBENS YOSHISADA MATSUDA,,43,PV,PARTIDO VERDE,13-PT/65-PC do B/43-PV,Federação BRASIL DA ESPERANÇA - FE BRASIL,FEDERAÇÃO,MASCULINO,AMARELA,0,71,SUPERIOR COMPLETO,VIÚVO(A),APOSENTADO (EXCETO SERVIDOR PÚBLICO),,SUPLENTE,0,1632,https://divulgacandcontas.tse.jus.br/divulga/rest/arquivo/img/2045202024/160002168967/75353
VEREADOR,1,12007,160002162467,PROFESSOR EVERTON,EVERTON RODRIGUES PASSOS,,12,PDT,PARTIDO DEMOCRÁTICO TRABALHISTA,,,PARTIDO ISOLADO,MASCULINO,BRANCA,0,42,SUPERIOR COMPLETO,CASADO(A),DIRETOR DE ESTABELECIMENTO DE ENSINO,,SUPLENTE,0,1606,https://divulgacandcontas.tse.jus.br/divulga/rest/arquivo/img/2045202024/160002162467/75353
VEREADOR,1,40456,160001910383,SERGIO DO SANEAMENTO,SERGIO DA SILVA PEREIRA,,40,PSB,PARTIDO SOCIALISTA BRASILEIRO,,,PARTIDO ISOLADO,MASCULINO,PARDA,1,54,SUPERIOR COMPLETO,CASADO(A),OUTROS,,SUPLENTE,0,1600,https://divulgacandcontas.tse.jus.br/divulga/rest/arquivo/img/2045202024/160001910383/75353
VEREADOR,1,40678,160001910382,ENF. SIMONE PERUZZO,SIMONE APARECIDA PERUZZO,,40,PSB,PARTIDO SOCIALISTA BRASILEIRO,,,PARTIDO ISOLADO,FEMININO,BRANCA,0,65,SUPERIOR COMPLETO,DIVORCIADO(A),ENFERMEIRO,,SUPLENTE,0,1585,https://divulgacandcontas.tse.jus.br/divulga/rest/arquivo/img/2045202024/160001910382/75353
VEREADOR,1,10543,160001952416,FABIO GUIMARÃES,FABIO APARECIDO GUIMARÃES,,10,REPUBLICANOS,REPUBLICANOS,,,PARTIDO ISOLADO,MASCULINO,PARDA,1,40,ENSINO MÉDIO COMPLETO,CASADO(A),"VENDEDOR PRACISTA, REPRESENTANTE, CAIXEIRO-VIAJANTE E ASSEMELHADOS",,SUPLENTE,0,1577,https://divulgacandcontas.tse.jus.br/divulga/rest/arquivo/img/2045202024/160001952416/75353
VEREADOR,1,25001,160002068227,JAIME FORTUNATO,JAIME FORTUNATO DE MIO,,25,PRD,PARTIDO RENOVAÇÃO DEMOCRÁTICA,,,PARTIDO ISOLADO,MASCULINO,BRANCA,0,46,ENSINO FUNDAMENTAL COMPLETO,SOLTEIRO(A),EMPRESÁRIO,,NÃO ELEITO,0,1566,https://divulgacandcontas.tse.jus.br/divulga/rest/arquivo/img/2045202024/160002068227/75353
VEREADOR,1,35500,160002302216,PATRIOTA GENNARO VELA,GENNARO VELA NETO,,35,PMB,PARTIDO DA MULHER BRASILEIRA,,,PARTIDO ISOLADO,MASCULINO,BRANCA,0,44,SUPERIOR COMPLETO,CASADO(A),CIENTISTA POLÍTICO,,NÃO ELEITO,0,1564,https://divulgacandcontas.tse.jus.br/divulga/rest/arquivo/img/2045202024/160002302216/75353
VEREADOR,1,40888,160001910390,PROF. TANIA,TANIA MARIA SUGAMOSTO HENNEQUIN,,40,PSB,PARTIDO SOCIALISTA BRASILEIRO,,,PARTIDO ISOLADO,FEMININO,BRANCA,0,62,SUPERIOR COMPLETO,CASADO(A),DIRETOR DE ESTABELECIMENTO DE ENSINO,,SUPLENTE,0,1555,https://divulgacandcontas.tse.jus.br/divulga/rest/arquivo/img/2045202024/160001910390/75353
VEREADOR,1,28123,160002152014,OSIAS MORAES,OSIAS MORAES DE SOUZA,,28,PRTB,PARTIDO RENOVADOR TRABALHISTA BRASILEIRO,,,PARTIDO ISOLADO,MASCULINO,BRANCA,0,49,SUPERIOR COMPLETO,CASADO(A),VEREADOR,,NÃO ELEITO,0,1540,https://divulgacandcontas.tse.jus.br/divulga/rest/arquivo/img/2045202024/160002152014/75353
VEREADOR,1,55056,160002135732,PROFESSOR WAGNER,WAGNER LUIS RIPKA,,55,PSD,PARTIDO SOCIAL DEMOCRÁTICO,,,PARTIDO ISOLADO,MASCULINO,BRANCA,0,36,SUPERIOR COMPLETO,SOLTEIRO(A),PROFESSOR DE ENSINO SUPERIOR,,SUPLENTE,0,1526,https://divulgacandcontas.tse.jus.br/divulga/rest/arquivo/img/2045202024/160002135732/75353
VEREADOR,1,22122,160002155464,MARCOS DA ASSOCIAÇÃO,MARCOS VINICIUS CORREA,,22,PL,PARTIDO LIBERAL,,,PARTIDO ISOLADO,MASCULINO,BRANCA,0,45,ENSINO MÉDIO COMPLETO,SOLTEIRO(A),COMERCIANTE,,SUPLENTE,0,1522,https://divulgacandcontas.tse.jus.br/divulga/rest/arquivo/img/2045202024/160002155464/75353
VEREADOR,1,22226,160002155465,DIRCEU MOREIRA,DIRCEU MOREIRA CARRIEL,,22,PL,PARTIDO LIBERAL,,,PARTIDO ISOLADO,MASCULINO,BRANCA,0,55,ENSINO MÉDIO COMPLETO,CASADO(A),ADMINISTRADOR,,SUPLENTE,0,1510,https://divulgacandcontas.tse.jus.br/divulga/rest/arquivo/img/2045202024/160002155465/75353
VEREADOR,1,55600,160002135760,SHIRLEY ORDONIO,SHIRLEY PEREIRA ORDONIO,,55,PSD,PARTIDO SOCIAL DEMOCRÁTICO,,,PARTIDO ISOLADO,FEMININO,BRANCA,0,48,SUPERIOR COMPLETO,CASADO(A),ADMINISTRADOR,,SUPLENTE,0,1507,https://divulgacandcontas.tse.jus.br/divulga/rest/arquivo/img/2045202024/160002135760/75353
VEREADOR,1,12777,160002162482,GABRIEL KIO,GABRIEL KIO DE CAMPOS KOSEKI,,12,PDT,PARTIDO DEMOCRÁTICO TRABALHISTA,,,PARTIDO ISOLADO,MASCULINO,AMARELA,0,29,SUPERIOR COMPLETO,SOLTEIRO(A),ENGENHEIRO,,SUPLENTE,0,1497,https://divulgacandcontas.tse.jus.br/divulga/rest/arquivo/img/2045202024/160002162482/75353
VEREADOR,1,12041,160002162475,CRISTIANO DIONÍSIO,CRISTIANO DIONÍSIO,,12,PDT,PARTIDO DEMOCRÁTICO TRABALHISTA,,,PARTIDO ISOLADO,MASCULINO,PRETA,1,45,SUPERIOR COMPLETO,CASADO(A),ADVOGADO,,SUPLENTE,0,1486,https://divulgacandcontas.tse.jus.br/divulga/rest/arquivo/img/2045202024/160002162475/75353
VEREADOR,1,35200,160002302219,CARLOS DA FARMACIA,CARLOS ALBERTO NUNES DA SILVA,,35,PMB,PARTIDO DA MULHER BRASILEIRA,,,PARTIDO ISOLADO,MASCULINO,PARDA,1,60,SUPERIOR COMPLETO,DIVORCIADO(A),FARMACÊUTICO,,NÃO ELEITO,0,1484,https://divulgacandcontas.tse.jus.br/divulga/rest/arquivo/img/2045202024/160002302219/75353
VEREADOR,1,11151,160002074000,PAULO HENRIQUE PUMA,PAULO HENRIQUE OLIVEIRA COSTA,,11,PP,PROGRESSISTAS,,,PARTIDO ISOLADO,MASCULINO,AMARELA,0,40,ENSINO MÉDIO COMPLETO,CASADO(A),OUTROS,,SUPLENTE,0,1480,https://divulgacandcontas.tse.jus.br/divulga/rest/arquivo/img/2045202024/160002074000/75353
VEREADOR,1,55000,160002135727,DR WOLMIR AGUIAR,WOLMIR CARDOSO DE AGUIAR,,55,PSD,PARTIDO SOCIAL DEMOCRÁTICO,,,PARTIDO ISOLADO,MASCULINO,BRANCA,0,51,SUPERIOR COMPLETO,CASADO(A),ADVOGADO,,SUPLENTE,0,1459,https://divulgacandcontas.tse.jus.br/divulga/rest/arquivo/img/2045202024/160002135727/75353
VEREADOR,1,30041,160002152934,LETÍCIA FANINI,LETÍCIA BISINELLA FANINI SILVA,,30,NOVO,PARTIDO NOVO,,,PARTIDO ISOLADO,FEMININO,BRANCA,0,41,SUPERIOR COMPLETO,DIVORCIADO(A),FISIOTERAPEUTA E TERAPEUTA OCUPACIONAL,,SUPLENTE,0,1443,https://divulgacandcontas.tse.jus.br/divulga/rest/arquivo/img/2045202024/160002152934/75353
VEREADOR,1,20911,160002018600,CABO LUZ DO ACAMPAMENTO,MARCOS DE OLIVEIRA LUZ,,20,PODE,PODEMOS,,,PARTIDO ISOLADO,MASCULINO,PARDA,1,50,SUPERIOR COMPLETO,DIVORCIADO(A),POLICIAL MILITAR,,SUPLENTE,0,1379,https://divulgacandcontas.tse.jus.br/divulga/rest/arquivo/img/2045202024/160002018600/75353
VEREADOR,1,25800,160002068243,ANTONIO DAMAZO,ANTONIO APARECIDO DAMAZO,,25,PRD,PARTIDO RENOVAÇÃO DEMOCRÁTICA,,,PARTIDO ISOLADO,MASCULINO,BRANCA,0,58,ENSINO MÉDIO INCOMPLETO,CASADO(A),MOTORISTA PARTICULAR,,NÃO ELEITO,0,1368,https://divulgacandcontas.tse.jus.br/divulga/rest/arquivo/img/2045202024/160002068243/75353
VEREADOR,1,11321,160002073991,NETE SANTANA,MARINETE LINO SANTANA DA SILVA,,11,PP,PROGRESSISTAS,,,PARTIDO ISOLADO,FEMININO,PRETA,1,56,ENSINO MÉDIO COMPLETO,CASADO(A),DONA DE CASA,,SUPLENTE,0,1365,https://divulgacandcontas.tse.jus.br/divulga/rest/arquivo/img/2045202024/160002073991/75353
VEREADOR,1,10000,160001952424,ANDERSON DA AFJ,ANDERSON FERREIRA,,10,REPUBLICANOS,REPUBLICANOS,,,PARTIDO ISOLADO,MASCULINO,PARDA,1,47,SUPERIOR COMPLETO,CASADO(A),EMPRESÁRIO,,SUPLENTE,0,1328,https://divulgacandcontas.tse.jus.br/divulga/rest/arquivo/img/2045202024/160001952424/75353
VEREADOR,1,22000,160002155470,CAPITÃO MARQUES,ANDERSON FERREIRA MARQUES,,22,PL,PARTIDO LIBERAL,,,PARTIDO ISOLADO,MASCULINO,PARDA,1,54,SUPERIOR COMPLETO,CASADO(A),MILITAR REFORMADO,,SUPLENTE,0,1322,https://divulgacandcontas.tse.jus.br/divulga/rest/arquivo/img/2045202024/160002155470/75353
VEREADOR,1,36104,160002023038,MIRO MIRANDA,CLAUDEMIR APARECIDO DE MIRANDA,,36,AGIR,AGIR,,,PARTIDO ISOLADO,MASCULINO,PARDA,1,51,SUPERIOR COMPLETO,CASADO(A),BANCÁRIO E ECONOMIÁRIO,,SUPLENTE,0,1280,https://divulgacandcontas.tse.jus.br/divulga/rest/arquivo/img/2045202024/160002023038/75353
VEREADOR,1,35007,160002302230,PERSONAL DIOGO SOUZA,DIOGO DO CARMO DE SOUZA,,35,PMB,PARTIDO DA MULHER BRASILEIRA,,,PARTIDO ISOLADO,MASCULINO,BRANCA,0,39,SUPERIOR COMPLETO,CASADO(A),PROFESSOR E INSTRUTOR DE FORMAÇÃO PROFISSIONAL,,NÃO ELEITO,0,1274,https://divulgacandcontas.tse.jus.br/divulga/rest/arquivo/img/2045202024/160002302230/75353
VEREADOR,1,35888,160002302237,JAIR ARCENO,JAIR ARCENO DOS SANTOS,,35,PMB,PARTIDO DA MULHER BRASILEIRA,,,PARTIDO ISOLADO,MASCULINO,PARDA,1,59,ENSINO MÉDIO COMPLETO,CASADO(A),EMPRESÁRIO,,NÃO ELEITO,0,1268,https://divulgacandcontas.tse.jus.br/divulga/rest/arquivo/img/2045202024/160002302237/75353
VEREADOR,1,36007,160002023025,PAULO DI MELO,PAULO HENRIQUE DE MELO,,36,AGIR,AGIR,,,PARTIDO ISOLADO,MASCULINO,PARDA,1,44,SUPERIOR INCOMPLETO,CASADO(A),EMPRESÁRIO,,SUPLENTE,0,1266,https://divulgacandcontas.tse.jus.br/divulga/rest/arquivo/img/2045202024/160002023025/75353
VEREADOR,1,15123,160002159750,NORTÃO DO TATUQUARA,MIGUEL CESAR COSTA,,15,MDB,MOVIMENTO DEMOCRÁTICO BRASILEIRO,,,PARTIDO ISOLADO,MASCULINO,BRANCA,0,52,ENSINO MÉDIO INCOMPLETO,SOLTEIRO(A),COMERCIANTE,,SUPLENTE,0,1265,https://divulgacandcontas.tse.jus.br/divulga/rest/arquivo/img/2045202024/160002159750/75353
VEREADOR,1,10153,160001952450,MAURICIO ARRUDA,MAURICIO DE SANTA CRUZ ARRUDA,,10,REPUBLICANOS,REPUBLICANOS,,,PARTIDO ISOLADO,MASCULINO,BRANCA,0,50,SUPERIOR COMPLETO,DIVORCIADO(A),ADVOGADO,,SUPLENTE,0,1230,https://divulgacandcontas.tse.jus.br/divulga/rest/arquivo/img/2045202024/160001952450/75353
VEREADOR,1,22777,160002155466,KELLY CAVALCANTI,NADJA KELLY DE BRITO BEZERRA CAVALCANTI,,22,PL,PARTIDO LIBERAL,,,PARTIDO ISOLADO,FEMININO,PARDA,1,41,ENSINO MÉDIO COMPLETO,CASADO(A),EMPRESÁRIO,,SUPLENTE,0,1221,https://divulgacandcontas.tse.jus.br/divulga/rest/arquivo/img/2045202024/160002155466/75353
VEREADOR,1,11190,160002073996,ROBERTO ACIOLLI,JOSÉ ROBERTO ACIOLLI DOS SANTOS,,11,PP,PROGRESSISTAS,,,PARTIDO ISOLADO,MASCULINO,BRANCA,0,66,SUPERIOR INCOMPLETO,CASADO(A),JORNALISTA E REDATOR,,SUPLENTE,0,1219,https://divulgacandcontas.tse.jus.br/divulga/rest/arquivo/img/2045202024/160002073996/75353
VEREADOR,1,13113,160002168956,PROF PAULO VIEIRA,PAULO SÉRGIO VIEIRA,,13,PT,PARTIDO DOS TRABALHADORES,13-PT/65-PC do B/43-PV,Federação BRASIL DA ESPERANÇA - FE BRASIL,FEDERAÇÃO,MASCULINO,BRANCA,0,50,SUPERIOR COMPLETO,CASADO(A),PROFESSOR DE ENSINO MÉDIO,,SUPLENTE,0,1205,https://divulgacandcontas.tse.jus.br/divulga/rest/arquivo/img/2045202024/160002168956/75353
VEREADOR,1,44190,160002173861,JOÃO DIAS O POPULAR LINGUIÇA,JOÃO FLAUSINO DIAS,,44,UNIÃO,UNIÃO BRASIL,,,PARTIDO ISOLADO,MASCULINO,BRANCA,0,72,ENSINO FUNDAMENTAL INCOMPLETO,CASADO(A),OUTROS,,SUPLENTE,0,1202,https://divulgacandcontas.tse.jus.br/divulga/rest/arquivo/img/2045202024/160002173861/75353
VEREADOR,1,10700,160001952432,GEANE,GEANE DEROSSO CHU,,10,REPUBLICANOS,REPUBLICANOS,,,PARTIDO ISOLADO,FEMININO,BRANCA,0,38,SUPERIOR COMPLETO,SOLTEIRO(A),ARQUITETO,,SUPLENTE,0,1185,https://divulgacandcontas.tse.jus.br/divulga/rest/arquivo/img/2045202024/160001952432/75353
VEREADOR,1,65040,160002168961,VLAD DO COLETIVO DAS CULTURAS,VLADIMIR URBAN,,65,PC do B,PARTIDO COMUNISTA DO BRASIL,13-PT/65-PC do B/43-PV,Federação BRASIL DA ESPERANÇA - FE BRASIL,FEDERAÇÃO,MASCULINO,BRANCA,0,52,ENSINO FUNDAMENTAL COMPLETO,SOLTEIRO(A),MÚSICO,,SUPLENTE,0,1161,https://divulgacandcontas.tse.jus.br/divulga/rest/arquivo/img/2045202024/160002168961/75353
VEREADOR,1,40333,160001910388,PROF. IMAHERO,IMAHERO DE SA RIBEIRO,,40,PSB,PARTIDO SOCIALISTA BRASILEIRO,,,PARTIDO ISOLADO,MASCULINO,PARDA,1,37,ENSINO MÉDIO COMPLETO,SOLTEIRO(A),OUTROS,,SUPLENTE,0,1158,https://divulgacandcontas.tse.jus.br/divulga/rest/arquivo/img/2045202024/160001910388/75353
VEREADOR,1,13077,160002168939,FABIO BARBA,FABIO MARQUES,,13,PT,PARTIDO DOS TRABALHADORES,13-PT/65-PC do B/43-PV,Federação BRASIL DA ESPERANÇA - FE BRASIL,FEDERAÇÃO,MASCULINO,BRANCA,0,44,ENSINO MÉDIO COMPLETO,SOLTEIRO(A),OUTROS,,SUPLENTE,0,1156,https://divulgacandcontas.tse.jus.br/divulga/rest/arquivo/img/2045202024/160002168939/75353
VEREADOR,1,15678,160002159756,DIOGO BUSSE,DIOGO NASCIMENTO BUSSE,,15,MDB,MOVIMENTO DEMOCRÁTICO BRASILEIRO,,,PARTIDO ISOLADO,MASCULINO,BRANCA,0,41,SUPERIOR COMPLETO,SOLTEIRO(A),ADVOGADO,,SUPLENTE,0,1146,https://divulgacandcontas.tse.jus.br/divulga/rest/arquivo/img/2045202024/160002159756/75353
VEREADOR,1,18018,160001927869,FÁBIO JESUS,FABIO DE JESUS GUIMARÃES,,18,REDE,REDE SUSTENTABILIDADE,50-PSOL/18-REDE,Federação PSOL REDE,FEDERAÇÃO,MASCULINO,NÃO INFORMADO,0,43,LÊ E ESCREVE,CASADO(A),OUTROS,,SUPLENTE,0,1137,https://divulgacandcontas.tse.jus.br/divulga/rest/arquivo/img/2045202024/160001927869/75353
VEREADOR,1,23123,160002351788,JÚNIOR ALVES - GOY,JOSÉ LUIZ ALVES JUNIOR,,23,CIDADANIA,CIDADANIA,45-PSDB/23-CIDADANIA,Federação PSDB CIDADANIA,FEDERAÇÃO,MASCULINO,PARDA,1,63,SUPERIOR COMPLETO,SEPARADO(A) JUDICIALMENTE,"CORRETOR DE IMÓVEIS, SEGUROS, TÍTULOS E VALORES",,NÃO ELEITO,0,1123,https://divulgacandcontas.tse.jus.br/divulga/rest/arquivo/img/2045202024/160002351788/75353
VEREADOR,1,30019,160002152953,ADOALDO SÁ,FRANCISCO ADOALDO DE SOUSA E SÁ,,30,NOVO,PARTIDO NOVO,,,PARTIDO ISOLADO,MASCULINO,BRANCA,0,49,SUPERIOR COMPLETO,CASADO(A),OUTROS,,SUPLENTE,0,1120,https://divulgacandcontas.tse.jus.br/divulga/rest/arquivo/img/2045202024/160002152953/75353
VEREADOR,1,33284,160002022841,MASSAO,MASSAO ROBERTO AIYABE,,33,MOBILIZA,MOBILIZAÇÃO NACIONAL,,,PARTIDO ISOLADO,MASCULINO,AMARELA,0,52,ENSINO MÉDIO COMPLETO,DIVORCIADO(A),EMPRESÁRIO,,NÃO ELEITO,0,1120,https://divulgacandcontas.tse.jus.br/divulga/rest/arquivo/img/2045202024/160002022841/75353
VEREADOR,1,20221,160002018589,BRUNO DIAS (BH),BRUNO YAGO PINTO DIAS,,20,PODE,PODEMOS,,,PARTIDO ISOLADO,MASCULINO,PARDA,1,25,ENSINO MÉDIO COMPLETO,SOLTEIRO(A),OUTROS,,SUPLENTE,0,1116,https://divulgacandcontas.tse.jus.br/divulga/rest/arquivo/img/2045202024/160002018589/75353
VEREADOR,1,27119,160002145736,GENISES DO PROJETO GENESIS,GENISES DITELES DALPRA,,27,DC,DEMOCRACIA CRISTÃ,,,PARTIDO ISOLADO,MASCULINO,BRANCA,0,41,ENSINO MÉDIO COMPLETO,CASADO(A),OUTROS,,NÃO ELEITO,0,1088,https://divulgacandcontas.tse.jus.br/divulga/rest/arquivo/img/2045202024/160002145736/75353
VEREADOR,1,30777,160002152950,DORGIVAL LIMA,DORGIVAL LIMA PEREIRA,,30,NOVO,PARTIDO NOVO,,,PARTIDO ISOLADO,MASCULINO,PARDA,1,60,SUPERIOR COMPLETO,CASADO(A),ADMINISTRADOR,,SUPLENTE,0,1072,https://divulgacandcontas.tse.jus.br/divulga/rest/arquivo/img/2045202024/160002152950/75353
VEREADOR,1,55800,160002135738,ALEX RATO,ALEX DESONE DE LARA VAZ,,55,PSD,PARTIDO SOCIAL DEMOCRÁTICO,,,PARTIDO ISOLADO,MASCULINO,BRANCA,0,42,SUPERIOR COMPLETO,CASADO(A),AGENTE ADMINISTRATIVO,,SUPLENTE,0,1069,https://divulgacandcontas.tse.jus.br/divulga/rest/arquivo/img/2045202024/160002135738/75353
VEREADOR,1,55855,160002135731,ADAO PARA SEGURANCA,ADAO BATISTA PEREIRA,,55,PSD,PARTIDO SOCIAL DEMOCRÁTICO,,,PARTIDO ISOLADO,MASCULINO,BRANCA,0,49,SUPERIOR INCOMPLETO,CASADO(A),ADMINISTRADOR,,SUPLENTE,0,1059,https://divulgacandcontas.tse.jus.br/divulga/rest/arquivo/img/2045202024/160002135731/75353
VEREADOR,1,11999,160002073978,ALEXANDRE ROLLER,ALEXANDRE DE FREITAS,,11,PP,PROGRESSISTAS,,,PARTIDO ISOLADO,MASCULINO,PRETA,1,46,SUPERIOR INCOMPLETO,DIVORCIADO(A),OUTROS,,SUPLENTE,0,1046,https://divulgacandcontas.tse.jus.br/divulga/rest/arquivo/img/2045202024/160002073978/75353
VEREADOR,1,33333,160002022837,DELEGADO MIKALOVSKI,ALGACIR MIKALOVSKI,,33,MOBILIZA,MOBILIZAÇÃO NACIONAL,,,PARTIDO ISOLADO,MASCULINO,BRANCA,0,51,SUPERIOR COMPLETO,DIVORCIADO(A),SERVIDOR PÚBLICO FEDERAL,,NÃO ELEITO,0,1042,https://divulgacandcontas.tse.jus.br/divulga/rest/arquivo/img/2045202024/160002022837/75353
VEREADOR,1,10041,160001952426,KAROL TARTAS,KAROLINE TARTAS,,10,REPUBLICANOS,REPUBLICANOS,,,PARTIDO ISOLADO,FEMININO,BRANCA,0,45,ENSINO MÉDIO COMPLETO,CASADO(A),EMPRESÁRIO,,SUPLENTE,0,1040,https://divulgacandcontas.tse.jus.br/divulga/rest/arquivo/img/2045202024/160001952426/75353
VEREADOR,1,15507,160002159784,ROBERTO LEITE,ROBERTO CONCEICAO DE ALMEIDA LEITE,,15,MDB,MOVIMENTO DEMOCRÁTICO BRASILEIRO,,,PARTIDO ISOLADO,MASCULINO,BRANCA,0,60,SUPERIOR COMPLETO,CASADO(A),ADVOGADO,,SUPLENTE,0,1034,https://divulgacandcontas.tse.jus.br/divulga/rest/arquivo/img/2045202024/160002159784/75353
VEREADOR,1,13210,160002168973,KIXIRRÁ JAMAMADÍ,MARILENE DA COSTA OLIVEIRA,,13,PT,PARTIDO DOS TRABALHADORES,13-PT/65-PC do B/43-PV,Federação BRASIL DA ESPERANÇA - FE BRASIL,FEDERAÇÃO,FEMININO,INDÍGENA,0,50,SUPERIOR COMPLETO,CASADO(A),ARTESÃO,,SUPLENTE,0,1023,https://divulgacandcontas.tse.jus.br/divulga/rest/arquivo/img/2045202024/160002168973/75353
VEREADOR,1,55789,160002135761,PROF PEDRO,PEDRO RODRIGO DE ANDRADE,,55,PSD,PARTIDO SOCIAL DEMOCRÁTICO,,,PARTIDO ISOLADO,MASCULINO,BRANCA,0,49,SUPERIOR COMPLETO,CASADO(A),PROFESSOR DE ENSINO MÉDIO,,NÃO ELEITO,0,1009,https://divulgacandcontas.tse.jus.br/divulga/rest/arquivo/img/2045202024/160002135761/75353
VEREADOR,1,18500,160001927883,JEOVAI ZICO,WANDERLEI JEOVAI DA SILVA,,18,REDE,REDE SUSTENTABILIDADE,50-PSOL/18-REDE,Federação PSOL REDE,FEDERAÇÃO,MASCULINO,PRETA,1,54,LÊ E ESCREVE,CASADO(A),OUTROS,,SUPLENTE,0,977,https://divulgacandcontas.tse.jus.br/divulga/rest/arquivo/img/2045202024/160001927883/75353
VEREADOR,1,55010,160002135739,DR PAULO COELHO,PAULO FRANCISCO COELHO SOARES,,55,PSD,PARTIDO SOCIAL DEMOCRÁTICO,,,PARTIDO ISOLADO,MASCULINO,BRANCA,0,61,SUPERIOR COMPLETO,CASADO(A),VEREADOR,,SUPLENTE,0,971,https://divulgacandcontas.tse.jus.br/divulga/rest/arquivo/img/2045202024/160002135739/75353
VEREADOR,1,25977,160002068228,MESTRE JOÃO GUILHERME,JOÃO GUILHERME ALVES OLIVEIRA,,25,PRD,PARTIDO RENOVAÇÃO DEMOCRÁTICA,,,PARTIDO ISOLADO,MASCULINO,PRETA,1,63,ENSINO MÉDIO INCOMPLETO,CASADO(A),OUTROS,,NÃO ELEITO,0,961,https://divulgacandcontas.tse.jus.br/divulga/rest/arquivo/img/2045202024/160002068228/75353
VEREADOR,1,77222,160001956251,ADRI SENTER,ADRIANA SENTER,,77,SOLIDARIEDADE,SOLIDARIEDADE,,,PARTIDO ISOLADO,FEMININO,BRANCA,0,36,SUPERIOR INCOMPLETO,SOLTEIRO(A),CIENTISTA POLÍTICO,,SUPLENTE,0,960,https://divulgacandcontas.tse.jus.br/divulga/rest/arquivo/img/2045202024/160001956251/75353
VEREADOR,1,28789,160002152007,BA DO ESPORTE,ADMILSON GOMES DA SILVA,,28,PRTB,PARTIDO RENOVADOR TRABALHISTA BRASILEIRO,,,PARTIDO ISOLADO,MASCULINO,PRETA,1,56,ENSINO MÉDIO COMPLETO,CASADO(A),SERVIDOR PÚBLICO MUNICIPAL,,NÃO ELEITO,0,954,https://divulgacandcontas.tse.jus.br/divulga/rest/arquivo/img/2045202024/160002152007/75353
VEREADOR,1,28122,160002152029,VARGAS DO TATUQUARA,ROGERIO CARLOS VARGAS,,28,PRTB,PARTIDO RENOVADOR TRABALHISTA BRASILEIRO,,,PARTIDO ISOLADO,MASCULINO,BRANCA,0,58,ENSINO FUNDAMENTAL COMPLETO,CASADO(A),EMPRESÁRIO,,NÃO ELEITO,0,939,https://divulgacandcontas.tse.jus.br/divulga/rest/arquivo/img/2045202024/160002152029/75353
VEREADOR,1,30707,160002152947,BRENNO DE MACEDO,BRENNO DE MACEDO BUHRER,,30,NOVO,PARTIDO NOVO,,,PARTIDO ISOLADO,MASCULINO,BRANCA,0,26,SUPERIOR COMPLETO,SOLTEIRO(A),EMPRESÁRIO,,SUPLENTE,0,938,https://divulgacandcontas.tse.jus.br/divulga/rest/arquivo/img/2045202024/160002152947/75353
VEREADOR,1,55777,160002135748,JOÃO CARLOS,JOÃO CARLOS DA COSTA,,55,PSD,PARTIDO SOCIAL DEMOCRÁTICO,,,PARTIDO ISOLADO,MASCULINO,PRETA,1,68,SUPERIOR COMPLETO,CASADO(A),ADVOGADO,,SUPLENTE,0,920,https://divulgacandcontas.tse.jus.br/divulga/rest/arquivo/img/2045202024/160002135748/75353
VEREADOR,1,28156,160002152030,JOSE SAURIN,JOSE MASEMIO SAURIN,,28,PRTB,PARTIDO RENOVADOR TRABALHISTA BRASILEIRO,,,PARTIDO ISOLADO,MASCULINO,BRANCA,0,74,ENSINO FUNDAMENTAL INCOMPLETO,CASADO(A),APOSENTADO (EXCETO SERVIDOR PÚBLICO),,NÃO ELEITO,0,919,https://divulgacandcontas.tse.jus.br/divulga/rest/arquivo/img/2045202024/160002152030/75353
VEREADOR,1,35192,160002302238,ELIS DA SAUDE,ELISANGELA AMARO DA CRUZ,,35,PMB,PARTIDO DA MULHER BRASILEIRA,,,PARTIDO ISOLADO,FEMININO,BRANCA,0,44,SUPERIOR INCOMPLETO,CASADO(A),TÉCNICO DE ENFERMAGEM E ASSEMELHADOS (EXCETO ENFERMEIRO),,NÃO ELEITO,0,907,https://divulgacandcontas.tse.jus.br/divulga/rest/arquivo/img/2045202024/160002302238/75353
VEREADOR,1,77789,160001956239,ADILSON ARANTES DO RÁDIO,JOSE ADILSON FERREIRA DOS SANTOS,,77,SOLIDARIEDADE,SOLIDARIEDADE,,,PARTIDO ISOLADO,MASCULINO,PARDA,1,58,SUPERIOR COMPLETO,CASADO(A),JORNALISTA E REDATOR,,SUPLENTE,0,896,https://divulgacandcontas.tse.jus.br/divulga/rest/arquivo/img/2045202024/160001956239/75353
VEREADOR,1,23444,160002351795,KARIN OLIVEIRA,KARIN GISELE DE OLIVEIRA VITALINO,,23,CIDADANIA,CIDADANIA,45-PSDB/23-CIDADANIA,Federação PSDB CIDADANIA,FEDERAÇÃO,FEMININO,PRETA,1,44,SUPERIOR INCOMPLETO,CASADO(A),OUTROS,,NÃO ELEITO,0,895,https://divulgacandcontas.tse.jus.br/divulga/rest/arquivo/img/2045202024/160002351795/75353
VEREADOR,1,12108,160002162464,BERNADETE BRANDÃO,MARIA BERNADETE SOLANO FRAGA BRANDÃO,,12,PDT,PARTIDO DEMOCRÁTICO TRABALHISTA,,,PARTIDO ISOLADO,FEMININO,BRANCA,0,63,SUPERIOR COMPLETO,SOLTEIRO(A),PROFESSOR DE ENSINO SUPERIOR,,SUPLENTE,0,886,https://divulgacandcontas.tse.jus.br/divulga/rest/arquivo/img/2045202024/160002162464/75353
VEREADOR,1,44669,160002173866,HECULANOS DOG ,HERCULANO ALVES BARBOSA FILHO,,44,UNIÃO,UNIÃO BRASIL,,,PARTIDO ISOLADO,MASCULINO,PARDA,1,55,ENSINO MÉDIO COMPLETO,CASADO(A),EMPRESÁRIO,,SUPLENTE,0,877,https://divulgacandcontas.tse.jus.br/divulga/rest/arquivo/img/2045202024/160002173866/75353
VEREADOR,1,22999,160002155468,DIMAS BUENO,DIMAS JOSE BUENO,,22,PL,PARTIDO LIBERAL,,,PARTIDO ISOLADO,MASCULINO,BRANCA,0,47,SUPERIOR COMPLETO,SOLTEIRO(A),ADVOGADO,,SUPLENTE,0,876,https://divulgacandcontas.tse.jus.br/divulga/rest/arquivo/img/2045202024/160002155468/75353
VEREADOR,1,35145,160002302243,JEFFERSON PROTETOR,JEFFERSON DE ARAÚJO RODRIGUES,,35,PMB,PARTIDO DA MULHER BRASILEIRA,,,PARTIDO ISOLADO,MASCULINO,BRANCA,0,44,ENSINO FUNDAMENTAL COMPLETO,SOLTEIRO(A),GARÇOM,,NÃO ELEITO,0,871,https://divulgacandcontas.tse.jus.br/divulga/rest/arquivo/img/2045202024/160002302243/75353
VEREADOR,1,20888,160002018573,KAJOTA,ERNANI KAVALKIEVICZ JUNIOR,,20,PODE,PODEMOS,,,PARTIDO ISOLADO,MASCULINO,PARDA,1,51,SUPERIOR COMPLETO,CASADO(A),ADVOGADO,,SUPLENTE,0,856,https://divulgacandcontas.tse.jus.br/divulga/rest/arquivo/img/2045202024/160002018573/75353
VEREADOR,1,40156,160001910394,DRA EDELI PEPE,EDELI DOS SANTOS PEPE,,40,PSB,PARTIDO SOCIALISTA BRASILEIRO,,,PARTIDO ISOLADO,FEMININO,BRANCA,0,55,SUPERIOR COMPLETO,CASADO(A),MÉDICO,,SUPLENTE,0,855,https://divulgacandcontas.tse.jus.br/divulga/rest/arquivo/img/2045202024/160001910394/75353
VEREADOR,1,55155,160002135728,OSMAIR AZOLIN JAVOROSKY,JOÃO OSMAIR JAVOROSKY,,55,PSD,PARTIDO SOCIAL DEMOCRÁTICO,,,PARTIDO ISOLADO,MASCULINO,BRANCA,0,60,SUPERIOR COMPLETO,CASADO(A),APOSENTADO (EXCETO SERVIDOR PÚBLICO),,SUPLENTE,0,853,https://divulgacandcontas.tse.jus.br/divulga/rest/arquivo/img/2045202024/160002135728/75353
VEREADOR,1,36555,160002023040,FÁTIMA MARTINS,FÁTIMA MARTINS DOS SANTOS,,36,AGIR,AGIR,,,PARTIDO ISOLADO,FEMININO,BRANCA,0,60,SUPERIOR COMPLETO,VIÚVO(A),PEDAGOGO,,SUPLENTE,0,849,https://divulgacandcontas.tse.jus.br/divulga/rest/arquivo/img/2045202024/160002023040/75353
VEREADOR,1,13513,160002168954,SESÓSTRIS,SESÓSTRIS FILIPE ARMSTRONG OLIVEIRA,,13,PT,PARTIDO DOS TRABALHADORES,13-PT/65-PC do B/43-PV,Federação BRASIL DA ESPERANÇA - FE BRASIL,FEDERAÇÃO,MASCULINO,BRANCA,0,39,SUPERIOR COMPLETO,DIVORCIADO(A),PROFESSOR E INSTRUTOR DE FORMAÇÃO PROFISSIONAL,,SUPLENTE,0,846,https://divulgacandcontas.tse.jus.br/divulga/rest/arquivo/img/2045202024/160002168954/75353
VEREADOR,1,18156,160001927880,ADÃO DA RENOVAR,ADAO PACHECO ROLIM NETO,,18,REDE,REDE SUSTENTABILIDADE,50-PSOL/18-REDE,Federação PSOL REDE,FEDERAÇÃO,MASCULINO,NÃO INFORMADO,0,50,LÊ E ESCREVE,CASADO(A),OUTROS,,SUPLENTE,0,826,https://divulgacandcontas.tse.jus.br/divulga/rest/arquivo/img/2045202024/160001927880/75353
VEREADOR,1,25153,160002068255,RODRIGUES,ÓSCAR JUNIOR RODRIGUES,,25,PRD,PARTIDO RENOVAÇÃO DEMOCRÁTICA,,,PARTIDO ISOLADO,MASCULINO,BRANCA,0,51,ENSINO MÉDIO COMPLETO,SOLTEIRO(A),EMPRESÁRIO,,NÃO ELEITO,0,825,https://divulgacandcontas.tse.jus.br/divulga/rest/arquivo/img/2045202024/160002068255/75353
VEREADOR,1,10110,160001952434,ANDRE NEGÃO DO ESPETINHO,ANDRE EVERTON DA SILVA,,10,REPUBLICANOS,REPUBLICANOS,,,PARTIDO ISOLADO,MASCULINO,PRETA,1,35,ENSINO FUNDAMENTAL COMPLETO,SOLTEIRO(A),"VENDEDOR PRACISTA, REPRESENTANTE, CAIXEIRO-VIAJANTE E ASSEMELHADOS",,SUPLENTE,0,824,https://divulgacandcontas.tse.jus.br/divulga/rest/arquivo/img/2045202024/160001952434/75353
VEREADOR,1,36190,160002023019,SARGENTO ABEDNEGO,ABEDNEGO ALVES DE CARVALHO,,36,AGIR,AGIR,,,PARTIDO ISOLADO,MASCULINO,BRANCA,0,52,ENSINO MÉDIO COMPLETO,CASADO(A),POLICIAL MILITAR,,SUPLENTE,0,816,https://divulgacandcontas.tse.jus.br/divulga/rest/arquivo/img/2045202024/160002023019/75353
VEREADOR,1,40500,160001910396,LUANA DENY,LUANA DENY MACEDO,,40,PSB,PARTIDO SOCIALISTA BRASILEIRO,,,PARTIDO ISOLADO,FEMININO,PRETA,1,37,ENSINO MÉDIO COMPLETO,SOLTEIRO(A),OUTROS,,SUPLENTE,0,812,https://divulgacandcontas.tse.jus.br/divulga/rest/arquivo/img/2045202024/160001910396/75353
VEREADOR,1,22180,160002155484,REJANE BARRAGAN,REJANE SOUZA MENEZES BARRAGAN,,22,PL,PARTIDO LIBERAL,,,PARTIDO ISOLADO,FEMININO,PRETA,1,49,SUPERIOR COMPLETO,CASADO(A),BANCÁRIO E ECONOMIÁRIO,,SUPLENTE,0,808,https://divulgacandcontas.tse.jus.br/divulga/rest/arquivo/img/2045202024/160002155484/75353
VEREADOR,1,10190,160001952423,CORONEL RIBAS,RENATO DE OLIVEIRA RIBAS FILHO,,10,REPUBLICANOS,REPUBLICANOS,,,PARTIDO ISOLADO,MASCULINO,BRANCA,0,53,SUPERIOR COMPLETO,SOLTEIRO(A),SERVIDOR PÚBLICO MUNICIPAL,,SUPLENTE,0,806,https://divulgacandcontas.tse.jus.br/divulga/rest/arquivo/img/2045202024/160001952423/75353
VEREADOR,1,30700,160002152916,ITAMAR DE SOUZA,ITAMAR DE SOUZA,,30,NOVO,PARTIDO NOVO,,,PARTIDO ISOLADO,MASCULINO,BRANCA,0,67,SUPERIOR INCOMPLETO,CASADO(A),EMPRESÁRIO,,SUPLENTE,0,806,https://divulgacandcontas.tse.jus.br/divulga/rest/arquivo/img/2045202024/160002152916/75353
VEREADOR,1,36022,160002023036,PAULO CLAYMORE,PAULO ROBERTO DE ALMEIDA,,36,AGIR,AGIR,,,PARTIDO ISOLADO,MASCULINO,BRANCA,0,67,ENSINO MÉDIO COMPLETO,CASADO(A),EMPRESÁRIO,,SUPLENTE,0,799,https://divulgacandcontas.tse.jus.br/divulga/rest/arquivo/img/2045202024/160002023036/75353
VEREADOR,1,77277,160001956255,ALESSANDRO COELHO MARTINS,ALESSANDRO COELHO MARTINS,,77,SOLIDARIEDADE,SOLIDARIEDADE,,,PARTIDO ISOLADO,MASCULINO,BRANCA,0,52,SUPERIOR COMPLETO,CASADO(A),ADVOGADO,,SUPLENTE,0,791,https://divulgacandcontas.tse.jus.br/divulga/rest/arquivo/img/2045202024/160001956255/75353
VEREADOR,1,10156,160001952440,PEREIRA,ALVIMAR PEREIRA FERNANDES,,10,REPUBLICANOS,REPUBLICANOS,,,PARTIDO ISOLADO,MASCULINO,BRANCA,0,56,SUPERIOR COMPLETO,CASADO(A),SERVIDOR PÚBLICO ESTADUAL,,SUPLENTE,0,790,https://divulgacandcontas.tse.jus.br/divulga/rest/arquivo/img/2045202024/160001952440/75353
VEREADOR,1,15555,160002159773,PROFESSORA SILVIA,SILVIA CRISTINA DE LIMA,,15,MDB,MOVIMENTO DEMOCRÁTICO BRASILEIRO,,,PARTIDO ISOLADO,FEMININO,BRANCA,0,44,SUPERIOR COMPLETO,DIVORCIADO(A),SERVIDOR PÚBLICO MUNICIPAL,,SUPLENTE,0,778,https://divulgacandcontas.tse.jus.br/divulga/rest/arquivo/img/2045202024/160002159773/75353
VEREADOR,1,12333,160002162476,ENFERMEIRO FABIO GASPAR,FABIO APARECIDO GASPAR,,12,PDT,PARTIDO DEMOCRÁTICO TRABALHISTA,,,PARTIDO ISOLADO,MASCULINO,BRANCA,0,44,SUPERIOR COMPLETO,CASADO(A),TÉCNICO DE ENFERMAGEM E ASSEMELHADOS (EXCETO ENFERMEIRO),,SUPLENTE,0,776,https://divulgacandcontas.tse.jus.br/divulga/rest/arquivo/img/2045202024/160002162476/75353
VEREADOR,1,15456,160002159762,IRANEI FERNANDES,IRANEI DA SILVA FERNANDES,,15,MDB,MOVIMENTO DEMOCRÁTICO BRASILEIRO,,,PARTIDO ISOLADO,MASCULINO,BRANCA,0,62,ENSINO MÉDIO COMPLETO,DIVORCIADO(A),SERVIDOR PÚBLICO MUNICIPAL,,SUPLENTE,0,765,https://divulgacandcontas.tse.jus.br/divulga/rest/arquivo/img/2045202024/160002159762/75353
VEREADOR,1,35555,160002302234,MARIO CESAR MEZAQUE,MARIO CESAR DOS SANTOS,,35,PMB,PARTIDO DA MULHER BRASILEIRA,,,PARTIDO ISOLADO,MASCULINO,BRANCA,0,56,ENSINO MÉDIO COMPLETO,CASADO(A),COMERCIANTE,,NÃO ELEITO,0,760,https://divulgacandcontas.tse.jus.br/divulga/rest/arquivo/img/2045202024/160002302234/75353
VEREADOR,1,27555,160002145726,FERNANDO DAS BOLINHAS,HERALDO FERNANDO SANTOS,,27,DC,DEMOCRACIA CRISTÃ,,,PARTIDO ISOLADO,MASCULINO,BRANCA,0,57,ENSINO MÉDIO COMPLETO,CASADO(A),OUTROS,,NÃO ELEITO,0,757,https://divulgacandcontas.tse.jus.br/divulga/rest/arquivo/img/2045202024/160002145726/75353
VEREADOR,1,50555,160001927879,PROFESSORA JÚLIA SILVEIRA,JULIA RINALDIN SILVEIRA,,50,PSOL,PARTIDO SOCIALISMO E LIBERDADE,50-PSOL/18-REDE,Federação PSOL REDE,FEDERAÇÃO,FEMININO,BRANCA,0,28,SUPERIOR COMPLETO,SOLTEIRO(A),SERVIDOR PÚBLICO ESTADUAL,,SUPLENTE,0,757,https://divulgacandcontas.tse.jus.br/divulga/rest/arquivo/img/2045202024/160001927879/75353
VEREADOR,1,25025,160002068258,EVERTON MONTEIRO,EVERTON DE LIMA MONTEIRO,,25,PRD,PARTIDO RENOVAÇÃO DEMOCRÁTICA,,,PARTIDO ISOLADO,MASCULINO,AMARELA,0,40,ENSINO MÉDIO COMPLETO,SOLTEIRO(A),TAXISTA,,NÃO ELEITO,0,756,https://divulgacandcontas.tse.jus.br/divulga/rest/arquivo/img/2045202024/160002068258/75353
VEREADOR,1,27777,160002145725,JORNALISTA ISAAK ALMEIDA,ISAAK JOEL PEREIRA ALMEIDA,,27,DC,DEMOCRACIA CRISTÃ,,,PARTIDO ISOLADO,MASCULINO,BRANCA,0,31,SUPERIOR COMPLETO,CASADO(A),JORNALISTA E REDATOR,,NÃO ELEITO,0,756,https://divulgacandcontas.tse.jus.br/divulga/rest/arquivo/img/2045202024/160002145725/75353
VEREADOR,1,11357,160002074001,MALU MELLO,MARI LUCIA DOS SANTOS GRITTEN SILVEIRA MELLO,,11,PP,PROGRESSISTAS,,,PARTIDO ISOLADO,FEMININO,PRETA,1,40,SUPERIOR COMPLETO,CASADO(A),PUBLICITÁRIO,,SUPLENTE,0,753,https://divulgacandcontas.tse.jus.br/divulga/rest/arquivo/img/2045202024/160002074001/75353
VEREADOR,1,15192,160002159767,KENEDY DA SAÚDE,JOHN FITZGERALD KENEDY NOVAK,,15,MDB,MOVIMENTO DEMOCRÁTICO BRASILEIRO,,,PARTIDO ISOLADO,MASCULINO,BRANCA,0,60,SUPERIOR COMPLETO,SOLTEIRO(A),SERVIDOR PÚBLICO MUNICIPAL,,SUPLENTE,0,753,https://divulgacandcontas.tse.jus.br/divulga/rest/arquivo/img/2045202024/160002159767/75353
VEREADOR,1,44144,160002173836,POLACO DA ÀS DE ESPADAS,FILINTO JOSÉ SOVIERZOSKI FILHO,,44,UNIÃO,UNIÃO BRASIL,,,PARTIDO ISOLADO,MASCULINO,BRANCA,0,52,SUPERIOR INCOMPLETO,CASADO(A),EMPRESÁRIO,,SUPLENTE,0,753,https://divulgacandcontas.tse.jus.br/divulga/rest/arquivo/img/2045202024/160002173836/75353
VEREADOR,1,40140,160001910370,BATISTÃO DO POSTO,ALESSANDRO BATISTA,,40,PSB,PARTIDO SOCIALISTA BRASILEIRO,,,PARTIDO ISOLADO,MASCULINO,BRANCA,0,44,ENSINO MÉDIO COMPLETO,SOLTEIRO(A),FRENTISTA,,SUPLENTE,0,752,https://divulgacandcontas.tse.jus.br/divulga/rest/arquivo/img/2045202024/160001910370/75353
VEREADOR,1,27000,160002145739,NEI DO VÔLEI,VALDINEI RODRIGUES DOS SANTOS,,27,DC,DEMOCRACIA CRISTÃ,,,PARTIDO ISOLADO,MASCULINO,BRANCA,0,37,SUPERIOR COMPLETO,CASADO(A),COMERCIANTE,,NÃO ELEITO,0,739,https://divulgacandcontas.tse.jus.br/divulga/rest/arquivo/img/2045202024/160002145739/75353
VEREADOR,1,12000,160002162484,LUAN AZEVEDO,LUAN HENRIQUE AZEVEDO DA SILVA,,12,PDT,PARTIDO DEMOCRÁTICO TRABALHISTA,,,PARTIDO ISOLADO,MASCULINO,BRANCA,0,26,SUPERIOR INCOMPLETO,SOLTEIRO(A),SERVIDOR PÚBLICO ESTADUAL,,SUPLENTE,0,733,https://divulgacandcontas.tse.jus.br/divulga/rest/arquivo/img/2045202024/160002162484/75353
VEREADOR,1,35520,160002302222,ANIMAL,NIVALDO BUSINARI,,35,PMB,PARTIDO DA MULHER BRASILEIRA,,,PARTIDO ISOLADO,MASCULINO,BRANCA,0,60,ENSINO FUNDAMENTAL COMPLETO,SOLTEIRO(A),COMERCIANTE,,NÃO ELEITO,0,720,https://divulgacandcontas.tse.jus.br/divulga/rest/arquivo/img/2045202024/160002302222/75353
VEREADOR,1,77500,160001956241,MÁRCIO ALVES,MÁRCIO ALVES VELÔZO,,77,SOLIDARIEDADE,SOLIDARIEDADE,,,PARTIDO ISOLADO,MASCULINO,BRANCA,0,47,SUPERIOR INCOMPLETO,CASADO(A),LOCUTOR E COMENTARISTA DE RÁDIO E TELEVISÃO E RADIALISTA,,SUPLENTE,0,718,https://divulgacandcontas.tse.jus.br/divulga/rest/arquivo/img/2045202024/160001956241/75353
VEREADOR,1,30050,160002152951,ELIS DOMINGUES,ELISANGELA DOMINGUES,,30,NOVO,PARTIDO NOVO,,,PARTIDO ISOLADO,FEMININO,BRANCA,0,52,SUPERIOR COMPLETO,CASADO(A),APOSENTADO (EXCETO SERVIDOR PÚBLICO),,SUPLENTE,0,706,https://divulgacandcontas.tse.jus.br/divulga/rest/arquivo/img/2045202024/160002152951/75353
VEREADOR,1,28007,160002152019,RAQUEL ARRUDA,RAQUEL ARRUDA DA COSTA DE SOUZA,,28,PRTB,PARTIDO RENOVADOR TRABALHISTA BRASILEIRO,,,PARTIDO ISOLADO,FEMININO,BRANCA,0,31,SUPERIOR INCOMPLETO,CASADO(A),GERENTE,,NÃO ELEITO,0,704,https://divulgacandcontas.tse.jus.br/divulga/rest/arquivo/img/2045202024/160002152019/75353
VEREADOR,1,40166,160001910385,DR. HAROLDO,HAROLDO RODRIGUES FERREIRA,,40,PSB,PARTIDO SOCIALISTA BRASILEIRO,,,PARTIDO ISOLADO,MASCULINO,BRANCA,0,79,SUPERIOR COMPLETO,CASADO(A),MÉDICO,,SUPLENTE,0,699,https://divulgacandcontas.tse.jus.br/divulga/rest/arquivo/img/2045202024/160001910385/75353
VEREADOR,1,43777,160002168958,JUBA AKEL,JULIANA AKEL,,43,PV,PARTIDO VERDE,13-PT/65-PC do B/43-PV,Federação BRASIL DA ESPERANÇA - FE BRASIL,FEDERAÇÃO,FEMININO,BRANCA,0,51,ENSINO MÉDIO COMPLETO,SOLTEIRO(A),EMPRESÁRIO,,SUPLENTE,0,695,https://divulgacandcontas.tse.jus.br/divulga/rest/arquivo/img/2045202024/160002168958/75353
VEREADOR,1,30500,160002152923,IMOTO,EDSON SADAO IMOTO,,30,NOVO,PARTIDO NOVO,,,PARTIDO ISOLADO,MASCULINO,AMARELA,0,72,SUPERIOR COMPLETO,DIVORCIADO(A),APOSENTADO (EXCETO SERVIDOR PÚBLICO),,SUPLENTE,0,691,https://divulgacandcontas.tse.jus.br/divulga/rest/arquivo/img/2045202024/160002152923/75353
VEREADOR,1,28777,160002152015,POLLACCO DO ONIBUS,ROBERTO SOUZA DE LIZ,,28,PRTB,PARTIDO RENOVADOR TRABALHISTA BRASILEIRO,,,PARTIDO ISOLADO,MASCULINO,BRANCA,0,54,SUPERIOR INCOMPLETO,DIVORCIADO(A),MOTORISTA DE VEÍCULOS DE TRANSPORTE COLETIVO DE PASSAGEIROS,,NÃO ELEITO,0,683,https://divulgacandcontas.tse.jus.br/divulga/rest/arquivo/img/2045202024/160002152015/75353
VEREADOR,1,23456,160002351790,DANIEL SILVA,DANIEL DA SILVA,,23,CIDADANIA,CIDADANIA,45-PSDB/23-CIDADANIA,Federação PSDB CIDADANIA,FEDERAÇÃO,MASCULINO,BRANCA,0,43,SUPERIOR COMPLETO,CASADO(A),ADVOGADO,,NÃO ELEITO,0,679,https://divulgacandcontas.tse.jus.br/divulga/rest/arquivo/img/2045202024/160002351790/75353
VEREADOR,1,10305,160001952425,DR DIEGO TARESZKIEWICZ,DIEGO LOPES TARESZKIEWICZ,,10,REPUBLICANOS,REPUBLICANOS,,,PARTIDO ISOLADO,MASCULINO,BRANCA,0,41,SUPERIOR COMPLETO,CASADO(A),ODONTÓLOGO,,SUPLENTE,0,674,https://divulgacandcontas.tse.jus.br/divulga/rest/arquivo/img/2045202024/160001952425/75353
VEREADOR,1,12156,160002162479,DIEGO WERNER,DIEGO WERNER,,12,PDT,PARTIDO DEMOCRÁTICO TRABALHISTA,,,PARTIDO ISOLADO,MASCULINO,BRANCA,0,38,SUPERIOR COMPLETO,SOLTEIRO(A),OUTROS,,SUPLENTE,0,674,https://divulgacandcontas.tse.jus.br/divulga/rest/arquivo/img/2045202024/160002162479/75353
VEREADOR,1,23007,160002351805,PROFESSOR EMILIO,EMILIO CARLOS DE CASTRO PAIVA,,23,CIDADANIA,CIDADANIA,45-PSDB/23-CIDADANIA,Federação PSDB CIDADANIA,FEDERAÇÃO,MASCULINO,PARDA,1,61,SUPERIOR COMPLETO,CASADO(A),EMPRESÁRIO,,NÃO ELEITO,0,673,https://divulgacandcontas.tse.jus.br/divulga/rest/arquivo/img/2045202024/160002351805/75353
VEREADOR,1,40777,160001910391,LUCAS LOPES,LUCAS ROCHA LOPES,,40,PSB,PARTIDO SOCIALISTA BRASILEIRO,,,PARTIDO ISOLADO,MASCULINO,BRANCA,0,29,ENSINO MÉDIO COMPLETO,SOLTEIRO(A),ADMINISTRADOR,,SUPLENTE,0,664,https://divulgacandcontas.tse.jus.br/divulga/rest/arquivo/img/2045202024/160001910391/75353
VEREADOR,1,13456,160002168963,CLAU LOPES,CLAUDEMAR PEDROSO LOPES,,13,PT,PARTIDO DOS TRABALHADORES,13-PT/65-PC do B/43-PV,Federação BRASIL DA ESPERANÇA - FE BRASIL,FEDERAÇÃO,MASCULINO,PRETA,1,37,SUPERIOR COMPLETO,SOLTEIRO(A),PROFESSOR DE ENSINO FUNDAMENTAL,,SUPLENTE,0,661,https://divulgacandcontas.tse.jus.br/divulga/rest/arquivo/img/2045202024/160002168963/75353
VEREADOR,1,20156,160002018575,CAROLINA MAIA,CAROLINA BORTOLOTTE MAIA,,20,PODE,PODEMOS,,,PARTIDO ISOLADO,FEMININO,BRANCA,0,47,SUPERIOR COMPLETO,DIVORCIADO(A),ADVOGADO,,SUPLENTE,0,657,https://divulgacandcontas.tse.jus.br/divulga/rest/arquivo/img/2045202024/160002018575/75353
VEREADOR,1,15041,160002159761,WILL DA DW,WILHAM PEDROSO DUTRA,,15,MDB,MOVIMENTO DEMOCRÁTICO BRASILEIRO,,,PARTIDO ISOLADO,MASCULINO,BRANCA,0,31,ENSINO MÉDIO COMPLETO,SOLTEIRO(A),EMPRESÁRIO,,SUPLENTE,0,655,https://divulgacandcontas.tse.jus.br/divulga/rest/arquivo/img/2045202024/160002159761/75353
VEREADOR,1,36233,160002023041,CLERI CRISTO DA  AÇÃO SOCIAL,ROSICLERI SILVA RIBEIRO DE CRISTO,,36,AGIR,AGIR,,,PARTIDO ISOLADO,FEMININO,BRANCA,0,56,ENSINO MÉDIO COMPLETO,VIÚVO(A),EMPRESÁRIO,,SUPLENTE,0,650,https://divulgacandcontas.tse.jus.br/divulga/rest/arquivo/img/2045202024/160002023041/75353
VEREADOR,1,77993,160001956248,MARKINHOS DA CIC,MARCO ANTONIO FERREIRA,,77,SOLIDARIEDADE,SOLIDARIEDADE,,,PARTIDO ISOLADO,MASCULINO,PRETA,1,47,ENSINO MÉDIO COMPLETO,SOLTEIRO(A),OUTROS,,SUPLENTE,0,648,https://divulgacandcontas.tse.jus.br/divulga/rest/arquivo/img/2045202024/160001956248/75353
VEREADOR,1,44500,160002173855,SANTHIAGO SANTOS ,SANTHIAGO DOS SANTOS,,44,UNIÃO,UNIÃO BRASIL,,,PARTIDO ISOLADO,MASCULINO,PARDA,1,39,SUPERIOR COMPLETO,CASADO(A),OUTROS,,SUPLENTE,0,645,https://divulgacandcontas.tse.jus.br/divulga/rest/arquivo/img/2045202024/160002173855/75353
VEREADOR,1,25456,160002068251,TITO TELES,TITO TELES DE CAMPOS,,25,PRD,PARTIDO RENOVAÇÃO DEMOCRÁTICA,,,PARTIDO ISOLADO,MASCULINO,BRANCA,0,57,ENSINO MÉDIO COMPLETO,CASADO(A),CANTOR E COMPOSITOR,,NÃO ELEITO,0,639,https://divulgacandcontas.tse.jus.br/divulga/rest/arquivo/img/2045202024/160002068251/75353
VEREADOR,1,18888,160001927849,FATIMA LARA,FÁTIMA FERREIRA DE LARA,,18,REDE,REDE SUSTENTABILIDADE,50-PSOL/18-REDE,Federação PSOL REDE,FEDERAÇÃO,FEMININO,PARDA,1,46,SUPERIOR COMPLETO,SOLTEIRO(A),OUTROS,,SUPLENTE,0,638,https://divulgacandcontas.tse.jus.br/divulga/rest/arquivo/img/2045202024/160001927849/75353
VEREADOR,1,77041,160001956266,CARLINHOS DA SINALEIRA,JOSE CARLOS DA SILVA,,77,SOLIDARIEDADE,SOLIDARIEDADE,,,PARTIDO ISOLADO,MASCULINO,BRANCA,0,62,ENSINO FUNDAMENTAL INCOMPLETO,SOLTEIRO(A),OUTROS,,SUPLENTE,0,634,https://divulgacandcontas.tse.jus.br/divulga/rest/arquivo/img/2045202024/160001956266/75353
VEREADOR,1,36456,160002023023,MAYCOLN CAMARGO,MAYCOLN SOSTAG DE CAMARGO,,36,AGIR,AGIR,,,PARTIDO ISOLADO,MASCULINO,PARDA,1,51,SUPERIOR COMPLETO,CASADO(A),OUTROS,,SUPLENTE,0,633,https://divulgacandcontas.tse.jus.br/divulga/rest/arquivo/img/2045202024/160002023023/75353
VEREADOR,1,10022,160001952418,DRA LILIAM,LILIAM JURJUS YOUSEF,,10,REPUBLICANOS,REPUBLICANOS,,,PARTIDO ISOLADO,FEMININO,BRANCA,0,51,SUPERIOR COMPLETO,DIVORCIADO(A),ODONTÓLOGO,,SUPLENTE,0,632,https://divulgacandcontas.tse.jus.br/divulga/rest/arquivo/img/2045202024/160001952418/75353
VEREADOR,1,45222,160002351780,JOSIEL,JOSIEL ANTONIO SPERANCETE,,45,PSDB,PARTIDO DA SOCIAL DEMOCRACIA BRASILEIRA,45-PSDB/23-CIDADANIA,Federação PSDB CIDADANIA,FEDERAÇÃO,MASCULINO,BRANCA,0,57,SUPERIOR COMPLETO,SOLTEIRO(A),OUTROS,,NÃO ELEITO,0,621,https://divulgacandcontas.tse.jus.br/divulga/rest/arquivo/img/2045202024/160002351780/75353
VEREADOR,1,10111,160001952452,PROFESSOR NORCA,NORCA GORDAS BATISTA,,10,REPUBLICANOS,REPUBLICANOS,,,PARTIDO ISOLADO,MASCULINO,BRANCA,0,66,SUPERIOR COMPLETO,CASADO(A),ADVOGADO,,SUPLENTE,0,616,https://divulgacandcontas.tse.jus.br/divulga/rest/arquivo/img/2045202024/160001952452/75353
VEREADOR,1,22190,160002155450,ENZO PICCOLO,ENZO TULIO PICCOLO,,22,PL,PARTIDO LIBERAL,,,PARTIDO ISOLADO,MASCULINO,BRANCA,0,23,ENSINO MÉDIO COMPLETO,SOLTEIRO(A),EMPRESÁRIO,,SUPLENTE,0,615,https://divulgacandcontas.tse.jus.br/divulga/rest/arquivo/img/2045202024/160002155450/75353
VEREADOR,1,11077,160002074002,CIDA LEIT,MARIA APARECIDA FRANCISCO,,11,PP,PROGRESSISTAS,,,PARTIDO ISOLADO,FEMININO,PARDA,1,54,ENSINO MÉDIO COMPLETO,CASADO(A),EMPRESÁRIO,,SUPLENTE,0,613,https://divulgacandcontas.tse.jus.br/divulga/rest/arquivo/img/2045202024/160002074002/75353
VEREADOR,1,25000,160002068250,RAFINHA JÚNIOR,RAFAEL DAVID AIRES,,25,PRD,PARTIDO RENOVAÇÃO DEMOCRÁTICA,,,PARTIDO ISOLADO,MASCULINO,BRANCA,0,38,ENSINO MÉDIO COMPLETO,SOLTEIRO(A),EMPRESÁRIO,,NÃO ELEITO,0,613,https://divulgacandcontas.tse.jus.br/divulga/rest/arquivo/img/2045202024/160002068250/75353
VEREADOR,1,30333,160002152946,ARYON,ARYON JAKSON SCHWINDEN,,30,NOVO,PARTIDO NOVO,,,PARTIDO ISOLADO,MASCULINO,BRANCA,0,51,SUPERIOR COMPLETO,SOLTEIRO(A),ADVOGADO,,SUPLENTE,0,613,https://divulgacandcontas.tse.jus.br/divulga/rest/arquivo/img/2045202024/160002152946/75353
VEREADOR,1,30567,160002152917,FISCAL DO BAIRRO,LAERCIO TERSI,,30,NOVO,PARTIDO NOVO,,,PARTIDO ISOLADO,MASCULINO,BRANCA,0,41,SUPERIOR COMPLETO,CASADO(A),PROGRAMADOR DE COMPUTADOR,,SUPLENTE,0,612,https://divulgacandcontas.tse.jus.br/divulga/rest/arquivo/img/2045202024/160002152917/75353
VEREADOR,1,50100,160001927874,TELMA MELLO,TELMA REGINA DE MELLO,,50,PSOL,PARTIDO SOCIALISMO E LIBERDADE,50-PSOL/18-REDE,Federação PSOL REDE,FEDERAÇÃO,FEMININO,PRETA,1,59,SUPERIOR COMPLETO,SOLTEIRO(A),SERVIDOR PÚBLICO MUNICIPAL,,SUPLENTE,0,606,https://divulgacandcontas.tse.jus.br/divulga/rest/arquivo/img/2045202024/160001927874/75353
VEREADOR,1,35100,160002302240,MORONE GOMES,MORONE SCHULTZ GOMES,,35,PMB,PARTIDO DA MULHER BRASILEIRA,,,PARTIDO ISOLADO,MASCULINO,BRANCA,0,36,ENSINO MÉDIO COMPLETO,CASADO(A),VENDEDOR DE COMÉRCIO VAREJISTA E ATACADISTA,,NÃO ELEITO,0,605,https://divulgacandcontas.tse.jus.br/divulga/rest/arquivo/img/2045202024/160002302240/75353
VEREADOR,1,30130,160002152929,PROFESSOR SCHUMAK,FERNANDO SCHUMAK MELO,,30,NOVO,PARTIDO NOVO,,,PARTIDO ISOLADO,MASCULINO,BRANCA,0,39,SUPERIOR COMPLETO,DIVORCIADO(A),PROFESSOR DE ENSINO SUPERIOR,,SUPLENTE,0,603,https://divulgacandcontas.tse.jus.br/divulga/rest/arquivo/img/2045202024/160002152929/75353
VEREADOR,1,33033,160002022826,CHICO DA BALANÇA,FRANCISCO SCORSIN LEITE,,33,MOBILIZA,MOBILIZAÇÃO NACIONAL,,,PARTIDO ISOLADO,MASCULINO,BRANCA,0,38,SUPERIOR COMPLETO,CASADO(A),OUTROS,,NÃO ELEITO,0,603,https://divulgacandcontas.tse.jus.br/divulga/rest/arquivo/img/2045202024/160002022826/75353
VEREADOR,1,35777,160002302215,PROFESSOR FABIO,FABIO RICARDO ALVES,,35,PMB,PARTIDO DA MULHER BRASILEIRA,,,PARTIDO ISOLADO,MASCULINO,BRANCA,0,51,SUPERIOR COMPLETO,CASADO(A),PROFESSOR DE ENSINO MÉDIO,,NÃO ELEITO,0,603,https://divulgacandcontas.tse.jus.br/divulga/rest/arquivo/img/2045202024/160002302215/75353
VEREADOR,1,12300,160002162480,FREDY FERREIRA,FREDY SANTOS FERREIRA,,12,PDT,PARTIDO DEMOCRÁTICO TRABALHISTA,,,PARTIDO ISOLADO,MASCULINO,BRANCA,0,40,ENSINO MÉDIO INCOMPLETO,CASADO(A),EMPRESÁRIO,,SUPLENTE,0,598,https://divulgacandcontas.tse.jus.br/divulga/rest/arquivo/img/2045202024/160002162480/75353
VEREADOR,1,45777,160002351801,CARNEIRO,CARLOS ROBERTO CARNEIRO,,45,PSDB,PARTIDO DA SOCIAL DEMOCRACIA BRASILEIRA,45-PSDB/23-CIDADANIA,Federação PSDB CIDADANIA,FEDERAÇÃO,MASCULINO,PARDA,1,66,ENSINO MÉDIO COMPLETO,SEPARADO(A) JUDICIALMENTE,APOSENTADO (EXCETO SERVIDOR PÚBLICO),,NÃO ELEITO,0,597,https://divulgacandcontas.tse.jus.br/divulga/rest/arquivo/img/2045202024/160002351801/75353
VEREADOR,1,10604,160001952445,LEANDRO REQUENA,LEANDRO GARCIA REQUENA,,10,REPUBLICANOS,REPUBLICANOS,,,PARTIDO ISOLADO,MASCULINO,BRANCA,0,52,SUPERIOR COMPLETO,CASADO(A),EMPRESÁRIO,,SUPLENTE,0,593,https://divulgacandcontas.tse.jus.br/divulga/rest/arquivo/img/2045202024/160001952445/75353
VEREADOR,1,22223,160002155454,PROF. JOSE RODRIGUES,JOSE RODRIGUES DA SILVA,,22,PL,PARTIDO LIBERAL,,,PARTIDO ISOLADO,MASCULINO,BRANCA,0,69,SUPERIOR COMPLETO,SOLTEIRO(A),PROFESSOR DE ENSINO SUPERIOR,,NÃO ELEITO,0,590,https://divulgacandcontas.tse.jus.br/divulga/rest/arquivo/img/2045202024/160002155454/75353
VEREADOR,1,28555,160002152032,JULIO CESAR,JULIO CESAR SAIF DOS SANTOS,,28,PRTB,PARTIDO RENOVADOR TRABALHISTA BRASILEIRO,,,PARTIDO ISOLADO,MASCULINO,BRANCA,0,55,ENSINO FUNDAMENTAL INCOMPLETO,CASADO(A),EMPRESÁRIO,,NÃO ELEITO,0,590,https://divulgacandcontas.tse.jus.br/divulga/rest/arquivo/img/2045202024/160002152032/75353
VEREADOR,1,35135,160002302229,TADI DO ESPETINHO,CLAUDINEI CESAR KLOSS,,35,PMB,PARTIDO DA MULHER BRASILEIRA,,,PARTIDO ISOLADO,MASCULINO,BRANCA,0,46,SUPERIOR INCOMPLETO,CASADO(A),COMERCIANTE,,NÃO ELEITO,0,586,https://divulgacandcontas.tse.jus.br/divulga/rest/arquivo/img/2045202024/160002302229/75353
VEREADOR,1,36789,160002023033,ROBERLEI DO CHOPP,ROBERLEI DE LIMA,,36,AGIR,AGIR,,,PARTIDO ISOLADO,MASCULINO,PARDA,1,42,SUPERIOR INCOMPLETO,CASADO(A),OUTROS,,SUPLENTE,0,583,https://divulgacandcontas.tse.jus.br/divulga/rest/arquivo/img/2045202024/160002023033/75353
VEREADOR,1,55255,160002135735,DR TAKAKI,JOSE LUIZ TAKAKI,,55,PSD,PARTIDO SOCIAL DEMOCRÁTICO,,,PARTIDO ISOLADO,MASCULINO,AMARELA,0,71,SUPERIOR COMPLETO,CASADO(A),APOSENTADO (EXCETO SERVIDOR PÚBLICO),,SUPLENTE,0,581,https://divulgacandcontas.tse.jus.br/divulga/rest/arquivo/img/2045202024/160002135735/75353
VEREADOR,1,13014,160002168966,LÉO RIBAS,LEONETE MARIA SPERCOSKI RIBAS,,13,PT,PARTIDO DOS TRABALHADORES,13-PT/65-PC do B/43-PV,Federação BRASIL DA ESPERANÇA - FE BRASIL,FEDERAÇÃO,FEMININO,BRANCA,0,52,SUPERIOR COMPLETO,CASADO(A),"CORRETOR DE IMÓVEIS, SEGUROS, TÍTULOS E VALORES",,SUPLENTE,0,571,https://divulgacandcontas.tse.jus.br/divulga/rest/arquivo/img/2045202024/160002168966/75353
VEREADOR,1,15500,160002159753,EDILSON LARA,EDILSON KERBER DE LARA,,15,MDB,MOVIMENTO DEMOCRÁTICO BRASILEIRO,,,PARTIDO ISOLADO,MASCULINO,BRANCA,0,48,SUPERIOR COMPLETO,CASADO(A),EMPRESÁRIO,,SUPLENTE,0,571,https://divulgacandcontas.tse.jus.br/divulga/rest/arquivo/img/2045202024/160002159753/75353
VEREADOR,1,11200,160002073995,ARILSON DE FREITAS,ARILSON DE FREITAS,,11,PP,PROGRESSISTAS,,,PARTIDO ISOLADO,MASCULINO,PARDA,1,49,ENSINO MÉDIO INCOMPLETO,VIÚVO(A),REPRESENTANTE COMERCIAL,,SUPLENTE,0,570,https://divulgacandcontas.tse.jus.br/divulga/rest/arquivo/img/2045202024/160002073995/75353
VEREADOR,1,36360,160002023030,ADRIANO RABIÇO,ADRIANO MAIO RABIÇO,,36,AGIR,AGIR,,,PARTIDO ISOLADO,MASCULINO,BRANCA,0,52,SUPERIOR COMPLETO,CASADO(A),OUTROS,,SUPLENTE,0,570,https://divulgacandcontas.tse.jus.br/divulga/rest/arquivo/img/2045202024/160002023030/75353
VEREADOR,1,22111,160002155460,SAMANTA GOLIN,SAMANTA DALIANA GOLIN PACHECO,,22,PL,PARTIDO LIBERAL,,,PARTIDO ISOLADO,FEMININO,BRANCA,0,48,SUPERIOR COMPLETO,CASADO(A),FARMACÊUTICO,,SUPLENTE,0,566,https://divulgacandcontas.tse.jus.br/divulga/rest/arquivo/img/2045202024/160002155460/75353
VEREADOR,1,30003,160002152939,RODRIGO BAITALA,RODRIGO BAITALA DE MATTOS,,30,NOVO,PARTIDO NOVO,,,PARTIDO ISOLADO,MASCULINO,BRANCA,0,40,SUPERIOR COMPLETO,CASADO(A),ADMINISTRADOR,,SUPLENTE,0,561,https://divulgacandcontas.tse.jus.br/divulga/rest/arquivo/img/2045202024/160002152939/75353
VEREADOR,1,10316,160001952446,SILVIO TEIXEIRA,SILVIO BUENO TEIXEIRA SOBRINHO,,10,REPUBLICANOS,REPUBLICANOS,,,PARTIDO ISOLADO,MASCULINO,BRANCA,0,69,ENSINO MÉDIO COMPLETO,CASADO(A),SERVIDOR PÚBLICO MUNICIPAL,,SUPLENTE,0,558,https://divulgacandcontas.tse.jus.br/divulga/rest/arquivo/img/2045202024/160001952446/75353
VEREADOR,1,23023,160002351778,DAVID ANTUNES,DAVID ANTUNES RIBEIRO,,23,CIDADANIA,CIDADANIA,45-PSDB/23-CIDADANIA,Federação PSDB CIDADANIA,FEDERAÇÃO,MASCULINO,BRANCA,0,22,SUPERIOR INCOMPLETO,SOLTEIRO(A),OUTROS,,NÃO ELEITO,0,558,https://divulgacandcontas.tse.jus.br/divulga/rest/arquivo/img/2045202024/160002351778/75353
VEREADOR,1,30123,160002152945,COELHO ARTHUR,ARTHUR HENRIQUE SILVA COELHO,,30,NOVO,PARTIDO NOVO,,,PARTIDO ISOLADO,MASCULINO,PRETA,1,33,SUPERIOR COMPLETO,SOLTEIRO(A),ADVOGADO,,SUPLENTE,0,557,https://divulgacandcontas.tse.jus.br/divulga/rest/arquivo/img/2045202024/160002152945/75353
VEREADOR,1,40420,160001910371,DRA AMANDA DIAS,AMANDA MEDEIROS DIAS,,40,PSB,PARTIDO SOCIALISTA BRASILEIRO,,,PARTIDO ISOLADO,FEMININO,BRANCA,0,32,SUPERIOR COMPLETO,CASADO(A),MÉDICO,,SUPLENTE,0,550,https://divulgacandcontas.tse.jus.br/divulga/rest/arquivo/img/2045202024/160001910371/75353
VEREADOR,1,10321,160001952444,ZILA CABELEIREIRA,ZILA SALETE MACHADO,,10,REPUBLICANOS,REPUBLICANOS,,,PARTIDO ISOLADO,FEMININO,BRANCA,0,42,ENSINO MÉDIO INCOMPLETO,CASADO(A),CABELEIREIRO E BARBEIRO,,SUPLENTE,0,543,https://divulgacandcontas.tse.jus.br/divulga/rest/arquivo/img/2045202024/160001952444/75353
VEREADOR,1,22345,160002155480,DAGMAR CASTRO,DAGMAR VICENTE DE CASTRO,,22,PL,PARTIDO LIBERAL,,,PARTIDO ISOLADO,FEMININO,BRANCA,0,74,SUPERIOR COMPLETO,VIÚVO(A),OUTROS,,SUPLENTE,0,542,https://divulgacandcontas.tse.jus.br/divulga/rest/arquivo/img/2045202024/160002155480/75353
VEREADOR,1,20100,160002018579,MÉDICO PICASSO RODRIGUES,PICASSO RODRIGUES,,20,PODE,PODEMOS,,,PARTIDO ISOLADO,MASCULINO,BRANCA,0,53,SUPERIOR COMPLETO,SOLTEIRO(A),MÉDICO,,SUPLENTE,0,540,https://divulgacandcontas.tse.jus.br/divulga/rest/arquivo/img/2045202024/160002018579/75353
VEREADOR,1,22228,160002379146,DR. EDER ACUPUNTURISTA,EDER SUEMITSU,,22,PL,PARTIDO LIBERAL,,,PARTIDO ISOLADO,MASCULINO,AMARELA,0,62,SUPERIOR COMPLETO,CASADO(A),MÉDICO,,SUPLENTE,0,534,https://divulgacandcontas.tse.jus.br/divulga/rest/arquivo/img/2045202024/160002379146/75353
VEREADOR,1,11123,160002074004,MAURO FERREIRA,MAURO LÚCIO FERREIRA,,11,PP,PROGRESSISTAS,,,PARTIDO ISOLADO,MASCULINO,BRANCA,0,60,ENSINO MÉDIO COMPLETO,CASADO(A),"CORRETOR DE IMÓVEIS, SEGUROS, TÍTULOS E VALORES",,SUPLENTE,0,531,https://divulgacandcontas.tse.jus.br/divulga/rest/arquivo/img/2045202024/160002074004/75353
VEREADOR,1,55550,160002135759,COLPANI,EDMAR COLPANI,,55,PSD,PARTIDO SOCIAL DEMOCRÁTICO,,,PARTIDO ISOLADO,MASCULINO,BRANCA,0,63,ENSINO MÉDIO COMPLETO,CASADO(A),SERVIDOR PÚBLICO MUNICIPAL,,SUPLENTE,0,529,https://divulgacandcontas.tse.jus.br/divulga/rest/arquivo/img/2045202024/160002135759/75353
VEREADOR,1,35222,160002302223,RAFAEL FURQUIM,RAFAEL DOMINGUES FURQUIM,,35,PMB,PARTIDO DA MULHER BRASILEIRA,,,PARTIDO ISOLADO,MASCULINO,BRANCA,0,34,ENSINO MÉDIO COMPLETO,CASADO(A),OUTROS,,NÃO ELEITO,0,528,https://divulgacandcontas.tse.jus.br/divulga/rest/arquivo/img/2045202024/160002302223/75353
VEREADOR,1,13022,160002168948,VALNEI FRANÇA,VALNEI FRANCISCO DE FRANÇA FILHO,,13,PT,PARTIDO DOS TRABALHADORES,13-PT/65-PC do B/43-PV,Federação BRASIL DA ESPERANÇA - FE BRASIL,FEDERAÇÃO,MASCULINO,PARDA,1,32,SUPERIOR COMPLETO,SOLTEIRO(A),ADVOGADO,,SUPLENTE,0,519,https://divulgacandcontas.tse.jus.br/divulga/rest/arquivo/img/2045202024/160002168948/75353
VEREADOR,1,28199,160002152028,PAULINHO DO CAPÃO DA IMBUIA,PAULO CESAR BUENO,,28,PRTB,PARTIDO RENOVADOR TRABALHISTA BRASILEIRO,,,PARTIDO ISOLADO,MASCULINO,BRANCA,0,63,ENSINO FUNDAMENTAL COMPLETO,CASADO(A),OUTROS,,NÃO ELEITO,0,519,https://divulgacandcontas.tse.jus.br/divulga/rest/arquivo/img/2045202024/160002152028/75353
VEREADOR,1,33000,160002022836,CRIS DO BEM,CRISTIANE VERISSIMO DE LIMA,,33,MOBILIZA,MOBILIZAÇÃO NACIONAL,,,PARTIDO ISOLADO,FEMININO,PRETA,1,48,ENSINO MÉDIO COMPLETO,SEPARADO(A) JUDICIALMENTE,OUTROS,,NÃO ELEITO,0,514,https://divulgacandcontas.tse.jus.br/divulga/rest/arquivo/img/2045202024/160002022836/75353
VEREADOR,1,11700,160002074003,BRYAN TAVARES,BRYAN LEE TAVARES,,11,PP,PROGRESSISTAS,,,PARTIDO ISOLADO,MASCULINO,PARDA,1,37,SUPERIOR COMPLETO,DIVORCIADO(A),POLICIAL MILITAR,,SUPLENTE,0,510,https://divulgacandcontas.tse.jus.br/divulga/rest/arquivo/img/2045202024/160002074003/75353
VEREADOR,1,44004,160002173842,NATHALIA POMBO,NATHALIA POMBO VIEIRA,,44,UNIÃO,UNIÃO BRASIL,,,PARTIDO ISOLADO,FEMININO,BRANCA,0,28,SUPERIOR INCOMPLETO,SOLTEIRO(A),EMPRESÁRIO,,SUPLENTE,0,508,https://divulgacandcontas.tse.jus.br/divulga/rest/arquivo/img/2045202024/160002173842/75353
VEREADOR,1,15153,160002159777,ANA PAULA VILAR,ANA PAULA VILAR RIBEIRO DA SILVA,,15,MDB,MOVIMENTO DEMOCRÁTICO BRASILEIRO,,,PARTIDO ISOLADO,FEMININO,BRANCA,0,52,SUPERIOR COMPLETO,CASADO(A),FARMACÊUTICO,,SUPLENTE,0,497,https://divulgacandcontas.tse.jus.br/divulga/rest/arquivo/img/2045202024/160002159777/75353
VEREADOR,1,25888,160002068241,VALDEMAR POTULSKI,VALDEMAR JORGE POTULSKI,,25,PRD,PARTIDO RENOVAÇÃO DEMOCRÁTICA,,,PARTIDO ISOLADO,MASCULINO,BRANCA,0,61,SUPERIOR INCOMPLETO,CASADO(A),REPRESENTANTE COMERCIAL,,NÃO ELEITO,0,497,https://divulgacandcontas.tse.jus.br/divulga/rest/arquivo/img/2045202024/160002068241/75353
VEREADOR,1,55100,160002135730,DEBORA TRINKAUS,DEBORA LUCIANE RONCOSKI TRINKAUS,,55,PSD,PARTIDO SOCIAL DEMOCRÁTICO,,,PARTIDO ISOLADO,FEMININO,BRANCA,0,41,SUPERIOR COMPLETO,CASADO(A),EMPRESÁRIO,,SUPLENTE,0,493,https://divulgacandcontas.tse.jus.br/divulga/rest/arquivo/img/2045202024/160002135730/75353
VEREADOR,1,15101,160002159779,PROFESSORA JAQUELINE VIEIRA,JAQUELINE VIEIRA,,15,MDB,MOVIMENTO DEMOCRÁTICO BRASILEIRO,,,PARTIDO ISOLADO,FEMININO,BRANCA,0,36,SUPERIOR COMPLETO,SOLTEIRO(A),OUTROS,,SUPLENTE,0,483,https://divulgacandcontas.tse.jus.br/divulga/rest/arquivo/img/2045202024/160002159779/75353
VEREADOR,1,11600,160002073997,PROTETORA MONIQUE SOCZEK,MONIQUE FERNANDA SOCZEK,,11,PP,PROGRESSISTAS,,,PARTIDO ISOLADO,FEMININO,BRANCA,0,36,ENSINO MÉDIO COMPLETO,SOLTEIRO(A),EMPRESÁRIO,,SUPLENTE,0,481,https://divulgacandcontas.tse.jus.br/divulga/rest/arquivo/img/2045202024/160002073997/75353
VEREADOR,1,77450,160001956236,CLÁUDIO CUNHA,CLAUDIOMAR RODRIGUES DA CUNHA,,77,SOLIDARIEDADE,SOLIDARIEDADE,,,PARTIDO ISOLADO,MASCULINO,BRANCA,0,54,ENSINO MÉDIO COMPLETO,DIVORCIADO(A),"CORRETOR DE IMÓVEIS, SEGUROS, TÍTULOS E VALORES",,SUPLENTE,0,480,https://divulgacandcontas.tse.jus.br/divulga/rest/arquivo/img/2045202024/160001956236/75353
VEREADOR,1,20222,160002018581,MARCELO MIX,MARCELO AUGUSTO DA SILVA SOUSA,,20,PODE,PODEMOS,,,PARTIDO ISOLADO,MASCULINO,PARDA,1,33,ENSINO MÉDIO COMPLETO,SOLTEIRO(A),OUTROS,,SUPLENTE,0,475,https://divulgacandcontas.tse.jus.br/divulga/rest/arquivo/img/2045202024/160002018581/75353
VEREADOR,1,36044,160002023027,CRISTIANO ROGER,CRISTIANO ROGERIO PEREIRA,,36,AGIR,AGIR,,,PARTIDO ISOLADO,MASCULINO,BRANCA,0,47,SUPERIOR COMPLETO,CASADO(A),OUTROS,,SUPLENTE,0,466,https://divulgacandcontas.tse.jus.br/divulga/rest/arquivo/img/2045202024/160002023027/75353
VEREADOR,1,25225,160002068252,SARGENTO GARCIA,MARCELO GARCIA,,25,PRD,PARTIDO RENOVAÇÃO DEMOCRÁTICA,,,PARTIDO ISOLADO,MASCULINO,BRANCA,0,40,SUPERIOR COMPLETO,CASADO(A),OUTROS,,NÃO ELEITO,0,462,https://divulgacandcontas.tse.jus.br/divulga/rest/arquivo/img/2045202024/160002068252/75353
VEREADOR,1,44044,160002173849,JOEL CORDEIRO,JOEL MELO CORDEIRO,,44,UNIÃO,UNIÃO BRASIL,,,PARTIDO ISOLADO,MASCULINO,BRANCA,0,53,SUPERIOR COMPLETO,SOLTEIRO(A),ADMINISTRADOR,,SUPLENTE,0,460,https://divulgacandcontas.tse.jus.br/divulga/rest/arquivo/img/2045202024/160002173849/75353
VEREADOR,1,77333,160001956265,VANDERLEI GASPAR,VANDERLEI GASPAR,,77,SOLIDARIEDADE,SOLIDARIEDADE,,,PARTIDO ISOLADO,MASCULINO,BRANCA,0,38,SUPERIOR COMPLETO,DIVORCIADO(A),OUTROS,,SUPLENTE,0,460,https://divulgacandcontas.tse.jus.br/divulga/rest/arquivo/img/2045202024/160001956265/75353
VEREADOR,1,36010,160002023026,PROF LUIZ ARNALDO,LUIZ ARNALDO PEREIRA LAGOS,,36,AGIR,AGIR,,,PARTIDO ISOLADO,MASCULINO,PARDA,1,58,SUPERIOR COMPLETO,CASADO(A),ADMINISTRADOR,,SUPLENTE,0,454,https://divulgacandcontas.tse.jus.br/divulga/rest/arquivo/img/2045202024/160002023026/75353
VEREADOR,1,43021,160002168960,FELIPE PETRI,FELIPE MOREIRA PETRI,,43,PV,PARTIDO VERDE,13-PT/65-PC do B/43-PV,Federação BRASIL DA ESPERANÇA - FE BRASIL,FEDERAÇÃO,MASCULINO,BRANCA,0,40,SUPERIOR COMPLETO,SOLTEIRO(A),EMPRESÁRIO,,SUPLENTE,0,454,https://divulgacandcontas.tse.jus.br/divulga/rest/arquivo/img/2045202024/160002168960/75353
VEREADOR,1,20019,160002018577,SALVINHO MOLEZAO,SALVENIR COSTA,,20,PODE,PODEMOS,,,PARTIDO ISOLADO,MASCULINO,BRANCA,0,44,ENSINO MÉDIO COMPLETO,SOLTEIRO(A),EMPRESÁRIO,,SUPLENTE,0,453,https://divulgacandcontas.tse.jus.br/divulga/rest/arquivo/img/2045202024/160002018577/75353
VEREADOR,1,10777,160001952428,JADIR SETTI,JADIR PEDRO SETTI,,10,REPUBLICANOS,REPUBLICANOS,,,PARTIDO ISOLADO,MASCULINO,BRANCA,0,63,ENSINO MÉDIO COMPLETO,DIVORCIADO(A),EMPRESÁRIO,,SUPLENTE,0,450,https://divulgacandcontas.tse.jus.br/divulga/rest/arquivo/img/2045202024/160001952428/75353
VEREADOR,1,30133,160002152954,LAYZE BASTOS,LESLIE LAYZE BASTOS,,30,NOVO,PARTIDO NOVO,,,PARTIDO ISOLADO,FEMININO,BRANCA,0,44,SUPERIOR COMPLETO,SOLTEIRO(A),ADVOGADO,,SUPLENTE,0,449,https://divulgacandcontas.tse.jus.br/divulga/rest/arquivo/img/2045202024/160002152954/75353
VEREADOR,1,55588,160002135724,LUZIA PRADO,LUZIA PRADO DE OLIVEIRA,,55,PSD,PARTIDO SOCIAL DEMOCRÁTICO,,,PARTIDO ISOLADO,FEMININO,BRANCA,0,47,ENSINO MÉDIO COMPLETO,CASADO(A),MASSAGISTA,,SUPLENTE,0,447,https://divulgacandcontas.tse.jus.br/divulga/rest/arquivo/img/2045202024/160002135724/75353
VEREADOR,1,44176,160002173832,CAIO KUZMA,CARLOS KUZMA SOBRINHO,,44,UNIÃO,UNIÃO BRASIL,,,PARTIDO ISOLADO,MASCULINO,BRANCA,0,48,ENSINO MÉDIO COMPLETO,CASADO(A),OUTROS,,SUPLENTE,0,440,https://divulgacandcontas.tse.jus.br/divulga/rest/arquivo/img/2045202024/160002173832/75353
VEREADOR,1,15543,160002159751,PROFESSORA LUCIANA GALEB,LUCIANA DO AMARAL GURGEL GALEB CARVALHO,,15,MDB,MOVIMENTO DEMOCRÁTICO BRASILEIRO,,,PARTIDO ISOLADO,FEMININO,BRANCA,0,45,SUPERIOR COMPLETO,CASADO(A),VETERINÁRIO,,SUPLENTE,0,439,https://divulgacandcontas.tse.jus.br/divulga/rest/arquivo/img/2045202024/160002159751/75353
VEREADOR,1,30888,160002152928,CLAYTON POITEVIN,CLAYTON CELESTINO POITEVIN,,30,NOVO,PARTIDO NOVO,,,PARTIDO ISOLADO,MASCULINO,BRANCA,0,48,SUPERIOR COMPLETO,CASADO(A),SERVIDOR PÚBLICO MUNICIPAL,,SUPLENTE,0,439,https://divulgacandcontas.tse.jus.br/divulga/rest/arquivo/img/2045202024/160002152928/75353
VEREADOR,1,35003,160002302228,ANA CORTEZ,ANA RAQUEL CORTEZ,,35,PMB,PARTIDO DA MULHER BRASILEIRA,,,PARTIDO ISOLADO,FEMININO,BRANCA,0,50,SUPERIOR INCOMPLETO,CASADO(A),TERAPEUTA,,NÃO ELEITO,0,435,https://divulgacandcontas.tse.jus.br/divulga/rest/arquivo/img/2045202024/160002302228/75353
VEREADOR,1,55111,160002135747,CABO TATIANE,TATIANE DE ARAUJO,,55,PSD,PARTIDO SOCIAL DEMOCRÁTICO,,,PARTIDO ISOLADO,FEMININO,BRANCA,0,39,SUPERIOR INCOMPLETO,SOLTEIRO(A),POLICIAL MILITAR,,SUPLENTE,0,435,https://divulgacandcontas.tse.jus.br/divulga/rest/arquivo/img/2045202024/160002135747/75353
VEREADOR,1,50135,160001927875,RAFAEL PEREIRA,RAFAEL DE ALMEIDA PEREIRA,,50,PSOL,PARTIDO SOCIALISMO E LIBERDADE,50-PSOL/18-REDE,Federação PSOL REDE,FEDERAÇÃO,MASCULINO,PARDA,1,33,SUPERIOR COMPLETO,SOLTEIRO(A),OUTROS,,SUPLENTE,0,433,https://divulgacandcontas.tse.jus.br/divulga/rest/arquivo/img/2045202024/160001927875/75353
VEREADOR,1,20200,160002018582,NICE VIEIRA,LEONICE MOTTA VIEIRA,,20,PODE,PODEMOS,,,PARTIDO ISOLADO,FEMININO,PRETA,1,63,ENSINO MÉDIO COMPLETO,CASADO(A),SERVIDOR PÚBLICO CIVIL APOSENTADO,,SUPLENTE,0,431,https://divulgacandcontas.tse.jus.br/divulga/rest/arquivo/img/2045202024/160002018582/75353
VEREADOR,1,44222,160002173856,DOUTORA ANA DA SEGURANÇA,ANA CECILIA DE PAULA SOARES PARODI,,44,UNIÃO,UNIÃO BRASIL,,,PARTIDO ISOLADO,FEMININO,BRANCA,0,45,SUPERIOR COMPLETO,SOLTEIRO(A),ADVOGADO,,SUPLENTE,0,431,https://divulgacandcontas.tse.jus.br/divulga/rest/arquivo/img/2045202024/160002173856/75353
VEREADOR,1,40222,160001910384,MARILU CAROLESKI,MARILU CAROLESKI DO PRADO,,40,PSB,PARTIDO SOCIALISTA BRASILEIRO,,,PARTIDO ISOLADO,FEMININO,BRANCA,0,48,SUPERIOR COMPLETO,CASADO(A),ENFERMEIRO,,SUPLENTE,0,429,https://divulgacandcontas.tse.jus.br/divulga/rest/arquivo/img/2045202024/160001910384/75353
VEREADOR,1,11444,160002073983,GI DO ROCK,GISELE PEREIRA,,11,PP,PROGRESSISTAS,,,PARTIDO ISOLADO,FEMININO,BRANCA,0,48,SUPERIOR COMPLETO,SOLTEIRO(A),EMPRESÁRIO,,SUPLENTE,0,428,https://divulgacandcontas.tse.jus.br/divulga/rest/arquivo/img/2045202024/160002073983/75353
VEREADOR,1,20250,160002018587,DANIEL DA SILVA,DANIEL DA SILVA,,20,PODE,PODEMOS,,,PARTIDO ISOLADO,MASCULINO,BRANCA,0,38,SUPERIOR COMPLETO,SOLTEIRO(A),OUTROS,,SUPLENTE,0,428,https://divulgacandcontas.tse.jus.br/divulga/rest/arquivo/img/2045202024/160002018587/75353
VEREADOR,1,77700,160001956246,ENÉIAS BARBOSA,ENÉIAS DE PAULA BARBOSA,,77,SOLIDARIEDADE,SOLIDARIEDADE,,,PARTIDO ISOLADO,MASCULINO,PRETA,1,50,ENSINO FUNDAMENTAL INCOMPLETO,SOLTEIRO(A),EMPRESÁRIO,,SUPLENTE,0,428,https://divulgacandcontas.tse.jus.br/divulga/rest/arquivo/img/2045202024/160001956246/75353
VEREADOR,1,11711,160002073987,LUCIANE ZAIMOSKI,LUCIANE ZAIMOSKI,,11,PP,PROGRESSISTAS,,,PARTIDO ISOLADO,FEMININO,BRANCA,0,53,SUPERIOR INCOMPLETO,SOLTEIRO(A),OUTROS,,SUPLENTE,0,427,https://divulgacandcontas.tse.jus.br/divulga/rest/arquivo/img/2045202024/160002073987/75353
VEREADOR,1,20666,160002018596,RÔ ALCÂNTARA,ROSANA NUNES GARCIA,,20,PODE,PODEMOS,,,PARTIDO ISOLADO,FEMININO,PARDA,1,58,SUPERIOR COMPLETO,DIVORCIADO(A),APOSENTADO (EXCETO SERVIDOR PÚBLICO),,SUPLENTE,0,426,https://divulgacandcontas.tse.jus.br/divulga/rest/arquivo/img/2045202024/160002018596/75353
VEREADOR,1,77991,160001956252,ALEX DANTAS,ALEXSSANDRO DANTAS SANTOS,,77,SOLIDARIEDADE,SOLIDARIEDADE,,,PARTIDO ISOLADO,MASCULINO,PARDA,1,43,ENSINO MÉDIO COMPLETO,DIVORCIADO(A),VENDEDOR DE COMÉRCIO VAREJISTA E ATACADISTA,,SUPLENTE,0,422,https://divulgacandcontas.tse.jus.br/divulga/rest/arquivo/img/2045202024/160001956252/75353
VEREADOR,1,27027,160002145722,JOSÉ DINIZ,JOSÉ DINIZ,,27,DC,DEMOCRACIA CRISTÃ,,,PARTIDO ISOLADO,MASCULINO,PRETA,1,58,SUPERIOR COMPLETO,CASADO(A),JORNALISTA E REDATOR,,NÃO ELEITO,0,421,https://divulgacandcontas.tse.jus.br/divulga/rest/arquivo/img/2045202024/160002145722/75353
VEREADOR,1,28300,160002152033,SERGIÃO SUA NOVA OPÇÃO,SERGIO LUIZ DA SILVA,,28,PRTB,PARTIDO RENOVADOR TRABALHISTA BRASILEIRO,,,PARTIDO ISOLADO,MASCULINO,BRANCA,0,54,ENSINO MÉDIO COMPLETO,CASADO(A),OCUPANTE DE CARGO EM COMISSÃO,,NÃO ELEITO,0,421,https://divulgacandcontas.tse.jus.br/divulga/rest/arquivo/img/2045202024/160002152033/75353
VEREADOR,1,30321,160002152930,LEANDRO PESCUMA,LEANDRO RECCHIUTTI GONSALVES PESCUMA,,30,NOVO,PARTIDO NOVO,,,PARTIDO ISOLADO,MASCULINO,BRANCA,0,45,SUPERIOR COMPLETO,CASADO(A),SERVIDOR PÚBLICO FEDERAL,,SUPLENTE,0,420,https://divulgacandcontas.tse.jus.br/divulga/rest/arquivo/img/2045202024/160002152930/75353
VEREADOR,1,40444,160001910397,REGINALDO POPÓ,REGINALDO DA CONCEIÇÃO,,40,PSB,PARTIDO SOCIALISTA BRASILEIRO,,,PARTIDO ISOLADO,MASCULINO,PARDA,1,54,SUPERIOR COMPLETO,SOLTEIRO(A),ASSISTENTE SOCIAL,,SUPLENTE,0,418,https://divulgacandcontas.tse.jus.br/divulga/rest/arquivo/img/2045202024/160001910397/75353
VEREADOR,1,30070,160002152935,MATHEUS,MATHEUS BEHREND,,30,NOVO,PARTIDO NOVO,,,PARTIDO ISOLADO,MASCULINO,BRANCA,0,29,SUPERIOR COMPLETO,SOLTEIRO(A),FARMACÊUTICO,,SUPLENTE,0,414,https://divulgacandcontas.tse.jus.br/divulga/rest/arquivo/img/2045202024/160002152935/75353
VEREADOR,1,15300,160002159783,JOCA DO BOQUEIRÃO,JOAQUIM MARCOS BRUM DE OLIVEIRA,,15,MDB,MOVIMENTO DEMOCRÁTICO BRASILEIRO,,,PARTIDO ISOLADO,MASCULINO,BRANCA,0,55,SUPERIOR COMPLETO,SOLTEIRO(A),EMPRESÁRIO,,SUPLENTE,0,412,https://divulgacandcontas.tse.jus.br/divulga/rest/arquivo/img/2045202024/160002159783/75353
VEREADOR,1,35353,160002302252,MARCIA BROTTO,MARCIA MARIA DA SILVEIRA,,35,PMB,PARTIDO DA MULHER BRASILEIRA,,,PARTIDO ISOLADO,FEMININO,BRANCA,0,62,SUPERIOR COMPLETO,SOLTEIRO(A),ADMINISTRADOR,,NÃO ELEITO,0,408,https://divulgacandcontas.tse.jus.br/divulga/rest/arquivo/img/2045202024/160002302252/75353
VEREADOR,1,22371,160002155474,PASTOR RONALDO RAMOS,RONALDO APARECIDO RAMOS DE LIMA,,22,PL,PARTIDO LIBERAL,,,PARTIDO ISOLADO,MASCULINO,BRANCA,0,50,SUPERIOR COMPLETO,CASADO(A),"CORRETOR DE IMÓVEIS, SEGUROS, TÍTULOS E VALORES",,SUPLENTE,0,407,https://divulgacandcontas.tse.jus.br/divulga/rest/arquivo/img/2045202024/160002155474/75353
VEREADOR,1,23333,160002351798,ELEANGELA,ELEANGELA VASQUE CERVILHA,,23,CIDADANIA,CIDADANIA,45-PSDB/23-CIDADANIA,Federação PSDB CIDADANIA,FEDERAÇÃO,FEMININO,BRANCA,0,43,SUPERIOR COMPLETO,CASADO(A),EMPRESÁRIO,,NÃO ELEITO,0,407,https://divulgacandcontas.tse.jus.br/divulga/rest/arquivo/img/2045202024/160002351798/75353
VEREADOR,1,28877,160002152025,SOUZA DO ESPORTE,ANTÔNIO DE SOUZA,,28,PRTB,PARTIDO RENOVADOR TRABALHISTA BRASILEIRO,,,PARTIDO ISOLADO,MASCULINO,PRETA,1,67,ENSINO MÉDIO COMPLETO,CASADO(A),COMERCIANTE,,NÃO ELEITO,0,407,https://divulgacandcontas.tse.jus.br/divulga/rest/arquivo/img/2045202024/160002152025/75353
VEREADOR,1,27222,160002145741,ANTONIO ALMEIDA,ANTONIO CÍCERO DE ALMEIDA,,27,DC,DEMOCRACIA CRISTÃ,,,PARTIDO ISOLADO,MASCULINO,BRANCA,0,55,ENSINO MÉDIO COMPLETO,CASADO(A),EMPRESÁRIO,,NÃO ELEITO,0,404,https://divulgacandcontas.tse.jus.br/divulga/rest/arquivo/img/2045202024/160002145741/75353
VEREADOR,1,15117,160002159781,NEGAO DE SANTA,JOSE DAS NEVES LOTERO,,15,MDB,MOVIMENTO DEMOCRÁTICO BRASILEIRO,,,PARTIDO ISOLADO,MASCULINO,PRETA,1,44,ENSINO MÉDIO INCOMPLETO,SOLTEIRO(A),OUTROS,,SUPLENTE,0,402,https://divulgacandcontas.tse.jus.br/divulga/rest/arquivo/img/2045202024/160002159781/75353
VEREADOR,1,50000,160001927864,JEAN HENRIQUE,JEAN HENRIQUE DA CRUZ SILVA,,50,PSOL,PARTIDO SOCIALISMO E LIBERDADE,50-PSOL/18-REDE,Federação PSOL REDE,FEDERAÇÃO,MASCULINO,BRANCA,0,35,SUPERIOR COMPLETO,CASADO(A),OUTROS,,SUPLENTE,0,400,https://divulgacandcontas.tse.jus.br/divulga/rest/arquivo/img/2045202024/160001927864/75353
VEREADOR,1,10506,160001952430,KOBE,JULIO CESAR TADAO KOBE,,10,REPUBLICANOS,REPUBLICANOS,,,PARTIDO ISOLADO,MASCULINO,AMARELA,0,46,ENSINO MÉDIO COMPLETO,CASADO(A),COMERCIANTE,,SUPLENTE,0,395,https://divulgacandcontas.tse.jus.br/divulga/rest/arquivo/img/2045202024/160001952430/75353
VEREADOR,1,28029,160002152031,FRITZ,RUDOLFO OTTO RITTER,,28,PRTB,PARTIDO RENOVADOR TRABALHISTA BRASILEIRO,,,PARTIDO ISOLADO,MASCULINO,BRANCA,0,59,SUPERIOR COMPLETO,CASADO(A),APOSENTADO (EXCETO SERVIDOR PÚBLICO),,NÃO ELEITO,0,395,https://divulgacandcontas.tse.jus.br/divulga/rest/arquivo/img/2045202024/160002152031/75353
VEREADOR,1,35635,160002302233,PROFESSOR JAILSON NECO,JAILSON DA SILVA NECO,,35,PMB,PARTIDO DA MULHER BRASILEIRA,,,PARTIDO ISOLADO,MASCULINO,BRANCA,0,47,SUPERIOR COMPLETO,DIVORCIADO(A),PROFESSOR DE ENSINO MÉDIO,,NÃO ELEITO,0,393,https://divulgacandcontas.tse.jus.br/divulga/rest/arquivo/img/2045202024/160002302233/75353
VEREADOR,1,10150,160001952419,SUELEN DA FEIRA,SUELEN MIRANDA CORDEIRO,,10,REPUBLICANOS,REPUBLICANOS,,,PARTIDO ISOLADO,FEMININO,BRANCA,0,39,ENSINO MÉDIO COMPLETO,CASADO(A),EMPRESÁRIO,,SUPLENTE,0,392,https://divulgacandcontas.tse.jus.br/divulga/rest/arquivo/img/2045202024/160001952419/75353
VEREADOR,1,10500,160001952429,ELIZEU MUMMRA,ELIZEU JUNIOR JUCHOKA,,10,REPUBLICANOS,REPUBLICANOS,,,PARTIDO ISOLADO,MASCULINO,BRANCA,0,52,ENSINO MÉDIO INCOMPLETO,DIVORCIADO(A),EMPRESÁRIO,,SUPLENTE,0,392,https://divulgacandcontas.tse.jus.br/divulga/rest/arquivo/img/2045202024/160001952429/75353
VEREADOR,1,30555,160002152938,SOCORRO MORIYA,MARIA DO SOCORRO LIMA DA SILVA,,30,NOVO,PARTIDO NOVO,,,PARTIDO ISOLADO,FEMININO,BRANCA,0,43,ENSINO MÉDIO INCOMPLETO,CASADO(A),EMPRESÁRIO,,SUPLENTE,0,392,https://divulgacandcontas.tse.jus.br/divulga/rest/arquivo/img/2045202024/160002152938/75353
VEREADOR,1,36773,160002023029,IRENE DO POSTINHO,IRENE CANDIDO DA SILVA,,36,AGIR,AGIR,,,PARTIDO ISOLADO,FEMININO,PARDA,1,62,ENSINO MÉDIO COMPLETO,CASADO(A),SERVIDOR PÚBLICO MUNICIPAL,,SUPLENTE,0,392,https://divulgacandcontas.tse.jus.br/divulga/rest/arquivo/img/2045202024/160002023029/75353
VEREADOR,1,12222,160002162481,CARINE PIASSETTA,CARINE ROSSANE PIASSETTA XAVIER,,12,PDT,PARTIDO DEMOCRÁTICO TRABALHISTA,,,PARTIDO ISOLADO,FEMININO,PARDA,1,48,SUPERIOR COMPLETO,SOLTEIRO(A),PROFESSOR E INSTRUTOR DE FORMAÇÃO PROFISSIONAL,,SUPLENTE,0,391,https://divulgacandcontas.tse.jus.br/divulga/rest/arquivo/img/2045202024/160002162481/75353
VEREADOR,1,25022,160002068237,RODRIGO DOS SONHOS,RODRIGO ADRIANO KNOPP,,25,PRD,PARTIDO RENOVAÇÃO DEMOCRÁTICA,,,PARTIDO ISOLADO,MASCULINO,BRANCA,0,37,ENSINO MÉDIO INCOMPLETO,CASADO(A),EMPRESÁRIO,,NÃO ELEITO,0,391,https://divulgacandcontas.tse.jus.br/divulga/rest/arquivo/img/2045202024/160002068237/75353
VEREADOR,1,15215,160002159755,DAVID DO TRANSPORTE COLETIVO,JOSE DAVID DE ALMEIDA,,15,MDB,MOVIMENTO DEMOCRÁTICO BRASILEIRO,,,PARTIDO ISOLADO,MASCULINO,PARDA,1,61,SUPERIOR COMPLETO,CASADO(A),OUTROS,,SUPLENTE,0,386,https://divulgacandcontas.tse.jus.br/divulga/rest/arquivo/img/2045202024/160002159755/75353
VEREADOR,1,77303,160001956268,PASTOR JUNIOR JULIÃO,JOSE APARECIDO JULIÃO JUNIOR,,77,SOLIDARIEDADE,SOLIDARIEDADE,,,PARTIDO ISOLADO,MASCULINO,PRETA,1,37,ENSINO FUNDAMENTAL INCOMPLETO,CASADO(A),"OPERADOR DE EQUIPAMENTO DE RÁDIO, TELEVISÃO, SOM E CINEMA",,SUPLENTE,0,382,https://divulgacandcontas.tse.jus.br/divulga/rest/arquivo/img/2045202024/160001956268/75353
VEREADOR,1,23000,160002351776,CARLÃO PAPAGAIO,CARLOS ALBERTO DE CAMPOS,,23,CIDADANIA,CIDADANIA,45-PSDB/23-CIDADANIA,Federação PSDB CIDADANIA,FEDERAÇÃO,MASCULINO,BRANCA,0,64,ENSINO MÉDIO COMPLETO,SEPARADO(A) JUDICIALMENTE,GERENTE,,NÃO ELEITO,0,378,https://divulgacandcontas.tse.jus.br/divulga/rest/arquivo/img/2045202024/160002351776/75353
VEREADOR,1,20241,160002018583,JÉSSICA SANTOS,JÉSSICA DOS SANTOS,,20,PODE,PODEMOS,,,PARTIDO ISOLADO,FEMININO,BRANCA,0,32,SUPERIOR COMPLETO,CASADO(A),EMPRESÁRIO,,SUPLENTE,0,372,https://divulgacandcontas.tse.jus.br/divulga/rest/arquivo/img/2045202024/160002018583/75353
VEREADOR,1,45190,160002351781,ACYR HUFFOZ,ACYR HAFFEZ JOSÉ FILHO,,45,PSDB,PARTIDO DA SOCIAL DEMOCRACIA BRASILEIRA,45-PSDB/23-CIDADANIA,Federação PSDB CIDADANIA,FEDERAÇÃO,MASCULINO,BRANCA,0,53,SUPERIOR COMPLETO,DIVORCIADO(A),EMPRESÁRIO,,NÃO ELEITO,0,361,https://divulgacandcontas.tse.jus.br/divulga/rest/arquivo/img/2045202024/160002351781/75353
VEREADOR,1,55333,160002135725,SABRINA MATOS,SABRINA LOPES DE MATOS VINOTTI,,55,PSD,PARTIDO SOCIAL DEMOCRÁTICO,,,PARTIDO ISOLADO,FEMININO,PARDA,1,44,SUPERIOR COMPLETO,CASADO(A),OUTROS,,SUPLENTE,0,361,https://divulgacandcontas.tse.jus.br/divulga/rest/arquivo/img/2045202024/160002135725/75353
VEREADOR,1,12013,160002162462,WAGNER BITENCOURT,WAGNER BITENCOURT,,12,PDT,PARTIDO DEMOCRÁTICO TRABALHISTA,,,PARTIDO ISOLADO,MASCULINO,BRANCA,0,38,SUPERIOR COMPLETO,SOLTEIRO(A),SERVIDOR PÚBLICO FEDERAL,,SUPLENTE,0,359,https://divulgacandcontas.tse.jus.br/divulga/rest/arquivo/img/2045202024/160002162462/75353
VEREADOR,1,77000,160001956263,LUVISON,JEREMIAS OSEIAS LUVISON,,77,SOLIDARIEDADE,SOLIDARIEDADE,,,PARTIDO ISOLADO,MASCULINO,BRANCA,0,47,SUPERIOR COMPLETO,CASADO(A),EMPRESÁRIO,,SUPLENTE,0,359,https://divulgacandcontas.tse.jus.br/divulga/rest/arquivo/img/2045202024/160001956263/75353
VEREADOR,1,35106,160002302224,ALDO SOM DAS TRIBOS,ROMUALDO SCHREOEDER,,35,PMB,PARTIDO DA MULHER BRASILEIRA,,,PARTIDO ISOLADO,MASCULINO,AMARELA,0,50,ENSINO MÉDIO COMPLETO,CASADO(A),OUTROS,,NÃO ELEITO,0,358,https://divulgacandcontas.tse.jus.br/divulga/rest/arquivo/img/2045202024/160002302224/75353
VEREADOR,1,30987,160002152952,ESDRAS SENNA,ESDRAS SENNA,,30,NOVO,PARTIDO NOVO,,,PARTIDO ISOLADO,MASCULINO,PARDA,1,37,ENSINO MÉDIO COMPLETO,CASADO(A),EMPRESÁRIO,,SUPLENTE,0,357,https://divulgacandcontas.tse.jus.br/divulga/rest/arquivo/img/2045202024/160002152952/75353
VEREADOR,1,35111,160002302246,CLEIA,ROSICLEIA TEREZINHA MATHEUS DE CARVALHO,,35,PMB,PARTIDO DA MULHER BRASILEIRA,,,PARTIDO ISOLADO,FEMININO,BRANCA,0,63,SUPERIOR INCOMPLETO,CASADO(A),CABELEIREIRO E BARBEIRO,,NÃO ELEITO,0,356,https://divulgacandcontas.tse.jus.br/divulga/rest/arquivo/img/2045202024/160002302246/75353
VEREADOR,1,22181,160002155462,MALU DOS ANIMAIS,MARA LUCIA BORTHOLOMEI,,22,PL,PARTIDO LIBERAL,,,PARTIDO ISOLADO,FEMININO,BRANCA,0,58,ENSINO FUNDAMENTAL COMPLETO,SOLTEIRO(A),OUTROS,,SUPLENTE,0,355,https://divulgacandcontas.tse.jus.br/divulga/rest/arquivo/img/2045202024/160002155462/75353
VEREADOR,1,28303,160002152016,TELMA HOLANDA,TELMA RODRIGUES DE HOLANDA,,28,PRTB,PARTIDO RENOVADOR TRABALHISTA BRASILEIRO,,,PARTIDO ISOLADO,FEMININO,PARDA,1,56,SUPERIOR COMPLETO,CASADO(A),EMPRESÁRIO,,NÃO ELEITO,0,355,https://divulgacandcontas.tse.jus.br/divulga/rest/arquivo/img/2045202024/160002152016/75353
VEREADOR,1,12512,160002162456,TIEMI DA FEIRA DO LARGO,TIEMI ROSELI TAKAHASHI,,12,PDT,PARTIDO DEMOCRÁTICO TRABALHISTA,,,PARTIDO ISOLADO,FEMININO,AMARELA,0,58,SUPERIOR COMPLETO,SOLTEIRO(A),ARTESÃO,,SUPLENTE,0,354,https://divulgacandcontas.tse.jus.br/divulga/rest/arquivo/img/2045202024/160002162456/75353
VEREADOR,1,18008,160001927877,DANI BIONDO CROCETTI,LAZARA DANIELE GUIDIO BIONDO CROCETTI,,18,REDE,REDE SUSTENTABILIDADE,50-PSOL/18-REDE,Federação PSOL REDE,FEDERAÇÃO,FEMININO,BRANCA,0,48,SUPERIOR COMPLETO,CASADO(A),ADVOGADO,,SUPLENTE,0,352,https://divulgacandcontas.tse.jus.br/divulga/rest/arquivo/img/2045202024/160001927877/75353
VEREADOR,1,25024,160002068248,CHEF CAJU,EDILSON MANOEL DA SILVA,,25,PRD,PARTIDO RENOVAÇÃO DEMOCRÁTICA,,,PARTIDO ISOLADO,MASCULINO,PRETA,1,48,ENSINO FUNDAMENTAL INCOMPLETO,SOLTEIRO(A),COZINHEIRO,,NÃO ELEITO,0,350,https://divulgacandcontas.tse.jus.br/divulga/rest/arquivo/img/2045202024/160002068248/75353
VEREADOR,1,28028,160002152036,ODETE COSTA,ODETE COSTA DE OLIVEIRA,,28,PRTB,PARTIDO RENOVADOR TRABALHISTA BRASILEIRO,,,PARTIDO ISOLADO,FEMININO,PARDA,1,51,SUPERIOR INCOMPLETO,DIVORCIADO(A),"CORRETOR DE IMÓVEIS, SEGUROS, TÍTULOS E VALORES",,NÃO ELEITO,0,346,https://divulgacandcontas.tse.jus.br/divulga/rest/arquivo/img/2045202024/160002152036/75353
VEREADOR,1,77050,160001956271,CLAUDINHO RODRIGUES,CLAUDEMIR RODRIGUES DOS SANTOS,,77,SOLIDARIEDADE,SOLIDARIEDADE,,,PARTIDO ISOLADO,MASCULINO,BRANCA,0,50,ENSINO FUNDAMENTAL COMPLETO,CASADO(A),MOTORISTA DE VEÍCULOS DE TRANSPORTE COLETIVO DE PASSAGEIROS,,SUPLENTE,0,346,https://divulgacandcontas.tse.jus.br/divulga/rest/arquivo/img/2045202024/160001956271/75353
VEREADOR,1,30999,160002152936,CHRISTIAN DRUMÕES,CHRISTIAN LUAN DRUMÕES KLAIN,,30,NOVO,PARTIDO NOVO,,,PARTIDO ISOLADO,MASCULINO,PARDA,1,26,SUPERIOR INCOMPLETO,CASADO(A),"CORRETOR DE IMÓVEIS, SEGUROS, TÍTULOS E VALORES",,SUPLENTE,0,345,https://divulgacandcontas.tse.jus.br/divulga/rest/arquivo/img/2045202024/160002152936/75353
VEREADOR,1,11474,160002073994,CLAUDETE,CLAUDETE CHOMEN CASTANHA HONORATO,,11,PP,PROGRESSISTAS,,,PARTIDO ISOLADO,FEMININO,BRANCA,0,45,SUPERIOR COMPLETO,DIVORCIADO(A),EMPRESÁRIO,,SUPLENTE,0,343,https://divulgacandcontas.tse.jus.br/divulga/rest/arquivo/img/2045202024/160002073994/75353
VEREADOR,1,44322,160002173865,NELSINHO DA FIEB,NELSON PONTES MACIEL,,44,UNIÃO,UNIÃO BRASIL,,,PARTIDO ISOLADO,MASCULINO,PARDA,1,45,ENSINO MÉDIO COMPLETO,SOLTEIRO(A),OUTROS,,SUPLENTE,0,343,https://divulgacandcontas.tse.jus.br/divulga/rest/arquivo/img/2045202024/160002173865/75353
VEREADOR,1,18222,160001927862,HENRIQUE SOUZA,IGOR HENRIQUE SOUZA DA SILVA,,18,REDE,REDE SUSTENTABILIDADE,50-PSOL/18-REDE,Federação PSOL REDE,FEDERAÇÃO,MASCULINO,NÃO INFORMADO,0,22,ENSINO MÉDIO COMPLETO,SOLTEIRO(A),OUTROS,,SUPLENTE,0,341,https://divulgacandcontas.tse.jus.br/divulga/rest/arquivo/img/2045202024/160001927862/75353
VEREADOR,1,28357,160002152018,CABO MOHR,MARCOS VINICIUS SOUZA MOHR,,28,PRTB,PARTIDO RENOVADOR TRABALHISTA BRASILEIRO,,,PARTIDO ISOLADO,MASCULINO,PARDA,1,41,SUPERIOR COMPLETO,CASADO(A),SERVIDOR PÚBLICO ESTADUAL,,NÃO ELEITO,0,339,https://divulgacandcontas.tse.jus.br/divulga/rest/arquivo/img/2045202024/160002152018/75353
VEREADOR,1,35101,160002302218,MAESTRO EZEQUIEL MATOS,EZEQUIEL DE MATOS,,35,PMB,PARTIDO DA MULHER BRASILEIRA,,,PARTIDO ISOLADO,MASCULINO,BRANCA,0,59,SUPERIOR COMPLETO,CASADO(A),MÚSICO,,NÃO ELEITO,0,338,https://divulgacandcontas.tse.jus.br/divulga/rest/arquivo/img/2045202024/160002302218/75353
VEREADOR,1,28001,160002152021,LUCIANA CRUZ A VALENTE,LUCIANA MIRANDA DA CRUZ,,28,PRTB,PARTIDO RENOVADOR TRABALHISTA BRASILEIRO,,,PARTIDO ISOLADO,FEMININO,BRANCA,0,52,SUPERIOR COMPLETO,SOLTEIRO(A),SERVIDOR PÚBLICO MUNICIPAL,,NÃO ELEITO,0,336,https://divulgacandcontas.tse.jus.br/divulga/rest/arquivo/img/2045202024/160002152021/75353
VEREADOR,1,55533,160002135742,ELLEN ANDREIS,ELLEN ARAUJO ANDREIS FERREIRA,,55,PSD,PARTIDO SOCIAL DEMOCRÁTICO,,,PARTIDO ISOLADO,FEMININO,PRETA,1,37,ENSINO MÉDIO COMPLETO,CASADO(A),AUXILIAR DE ESCRITÓRIO E ASSEMELHADOS,,SUPLENTE,0,335,https://divulgacandcontas.tse.jus.br/divulga/rest/arquivo/img/2045202024/160002135742/75353
VEREADOR,1,35735,160002302248,ATAIDE PRESTES,ATAIDE PRESTES DE OLIVEIRA JUNIOR,,35,PMB,PARTIDO DA MULHER BRASILEIRA,,,PARTIDO ISOLADO,MASCULINO,PARDA,1,38,SUPERIOR COMPLETO,DIVORCIADO(A),TÉCNICO EM INFORMÁTICA,,NÃO ELEITO,0,334,https://divulgacandcontas.tse.jus.br/divulga/rest/arquivo/img/2045202024/160002302248/75353
VEREADOR,1,55515,160002135736,VALMOR,VALMOR RIBEIRO,,55,PSD,PARTIDO SOCIAL DEMOCRÁTICO,,,PARTIDO ISOLADO,MASCULINO,BRANCA,0,56,ENSINO FUNDAMENTAL COMPLETO,CASADO(A),APOSENTADO (EXCETO SERVIDOR PÚBLICO),,SUPLENTE,0,332,https://divulgacandcontas.tse.jus.br/divulga/rest/arquivo/img/2045202024/160002135736/75353
VEREADOR,1,13161,160002168969,LU MALTEZO,LUCIANA TARDETTI MALTEZO,,13,PT,PARTIDO DOS TRABALHADORES,13-PT/65-PC do B/43-PV,Federação BRASIL DA ESPERANÇA - FE BRASIL,FEDERAÇÃO,FEMININO,BRANCA,0,40,SUPERIOR COMPLETO,DIVORCIADO(A),PEDAGOGO,,SUPLENTE,0,331,https://divulgacandcontas.tse.jus.br/divulga/rest/arquivo/img/2045202024/160002168969/75353
VEREADOR,1,77999,160001956237,GAÚCHO TROVADOR,ILSON APARECIDO ESTEFANI,,77,SOLIDARIEDADE,SOLIDARIEDADE,,,PARTIDO ISOLADO,MASCULINO,BRANCA,0,70,ENSINO FUNDAMENTAL COMPLETO,CASADO(A),LOCUTOR E COMENTARISTA DE RÁDIO E TELEVISÃO E RADIALISTA,,SUPLENTE,0,330,https://divulgacandcontas.tse.jus.br/divulga/rest/arquivo/img/2045202024/160001956237/75353
VEREADOR,1,44800,160002173834,SERGINHO TECLADO,SERGIO INÁCIO DA SILVA,,44,UNIÃO,UNIÃO BRASIL,,,PARTIDO ISOLADO,MASCULINO,BRANCA,0,57,SUPERIOR INCOMPLETO,SOLTEIRO(A),OUTROS,,SUPLENTE,0,328,https://divulgacandcontas.tse.jus.br/divulga/rest/arquivo/img/2045202024/160002173834/75353
VEREADOR,1,10010,160001952417,BARREIRINHA MIL GRAU CWB,LUCAS HENRIQUE SANTOS WIEGAND DE JESUS,,10,REPUBLICANOS,REPUBLICANOS,,,PARTIDO ISOLADO,MASCULINO,PARDA,1,29,ENSINO MÉDIO COMPLETO,SOLTEIRO(A),CABELEIREIRO E BARBEIRO,,SUPLENTE,0,326,https://divulgacandcontas.tse.jus.br/divulga/rest/arquivo/img/2045202024/160001952417/75353
VEREADOR,1,15888,160002398086,JEAN DO ALCATRAO,JEAN FERNANDO DE OLIVEIRA,,15,MDB,MOVIMENTO DEMOCRÁTICO BRASILEIRO,,,PARTIDO ISOLADO,MASCULINO,BRANCA,0,36,ENSINO MÉDIO COMPLETO,CASADO(A),OUTROS,,NÃO ELEITO,0,324,https://divulgacandcontas.tse.jus.br/divulga/rest/arquivo/img/2045202024/160002398086/75353
VEREADOR,1,27017,160002145732,ENGENHEIRO MALESKI,LUIZ HENRIQUE MALESKI,,27,DC,DEMOCRACIA CRISTÃ,,,PARTIDO ISOLADO,MASCULINO,PARDA,1,56,SUPERIOR COMPLETO,CASADO(A),ENGENHEIRO,,NÃO ELEITO,0,324,https://divulgacandcontas.tse.jus.br/divulga/rest/arquivo/img/2045202024/160002145732/75353
VEREADOR,1,12050,160002162478,MARCELO J,MARCELO JUGEND,,12,PDT,PARTIDO DEMOCRÁTICO TRABALHISTA,,,PARTIDO ISOLADO,MASCULINO,BRANCA,0,72,SUPERIOR COMPLETO,DIVORCIADO(A),APOSENTADO (EXCETO SERVIDOR PÚBLICO),,SUPLENTE,0,321,https://divulgacandcontas.tse.jus.br/divulga/rest/arquivo/img/2045202024/160002162478/75353
VEREADOR,1,40400,160001910373,MORETTI DO RIO BONITO,DELSO MORETTI FILHO,,40,PSB,PARTIDO SOCIALISTA BRASILEIRO,,,PARTIDO ISOLADO,MASCULINO,BRANCA,0,55,ENSINO FUNDAMENTAL INCOMPLETO,CASADO(A),MOTORISTA DE VEÍCULOS DE TRANSPORTE COLETIVO DE PASSAGEIROS,,SUPLENTE,0,318,https://divulgacandcontas.tse.jus.br/divulga/rest/arquivo/img/2045202024/160001910373/75353
VEREADOR,1,25111,160002068236,PAULINHO DO BOQUEIRÃO,PAULO SÉRGIO CAMARGO,,25,PRD,PARTIDO RENOVAÇÃO DEMOCRÁTICA,,,PARTIDO ISOLADO,MASCULINO,BRANCA,0,49,ENSINO FUNDAMENTAL COMPLETO,CASADO(A),OUTROS,,NÃO ELEITO,0,316,https://divulgacandcontas.tse.jus.br/divulga/rest/arquivo/img/2045202024/160002068236/75353
VEREADOR,1,45555,160002351793,DENILSON DE PAULA ,DENILSON DUILHO DE PAULA,,45,PSDB,PARTIDO DA SOCIAL DEMOCRACIA BRASILEIRA,45-PSDB/23-CIDADANIA,Federação PSDB CIDADANIA,FEDERAÇÃO,MASCULINO,BRANCA,0,47,SUPERIOR INCOMPLETO,SOLTEIRO(A),OUTROS,,NÃO ELEITO,0,316,https://divulgacandcontas.tse.jus.br/divulga/rest/arquivo/img/2045202024/160002351793/75353
VEREADOR,1,22002,160002155476,AMARO NETO,AMARO MARTINS NETO,,22,PL,PARTIDO LIBERAL,,,PARTIDO ISOLADO,MASCULINO,PRETA,1,78,SUPERIOR COMPLETO,CASADO(A),MILITAR REFORMADO,,SUPLENTE,0,315,https://divulgacandcontas.tse.jus.br/divulga/rest/arquivo/img/2045202024/160002155476/75353
VEREADOR,1,40430,160001910379,PROFESSOR RODRIGO,RODRIGO CALO SILVA,,40,PSB,PARTIDO SOCIALISTA BRASILEIRO,,,PARTIDO ISOLADO,MASCULINO,BRANCA,0,44,SUPERIOR COMPLETO,CASADO(A),PROFESSOR DE ENSINO FUNDAMENTAL,,SUPLENTE,0,313,https://divulgacandcontas.tse.jus.br/divulga/rest/arquivo/img/2045202024/160001910379/75353
VEREADOR,1,22456,160002155471,CRISTIAN MEZA,CRISTIAN MEZA LOPES,,22,PL,PARTIDO LIBERAL,,,PARTIDO ISOLADO,MASCULINO,BRANCA,0,52,SUPERIOR COMPLETO,CASADO(A),EMPRESÁRIO,,SUPLENTE,0,312,https://divulgacandcontas.tse.jus.br/divulga/rest/arquivo/img/2045202024/160002155471/75353
VEREADOR,1,44600,160002173835,CEZAR CULPI,CEZAR AUGUSTO CULPI,,44,UNIÃO,UNIÃO BRASIL,,,PARTIDO ISOLADO,MASCULINO,BRANCA,0,54,ENSINO MÉDIO COMPLETO,CASADO(A),OUTROS,,SUPLENTE,0,309,https://divulgacandcontas.tse.jus.br/divulga/rest/arquivo/img/2045202024/160002173835/75353
VEREADOR,1,15800,160002159769,ELOIR ALMEIDA,ELOIR DE ALMEIDA GONCALVES,,15,MDB,MOVIMENTO DEMOCRÁTICO BRASILEIRO,,,PARTIDO ISOLADO,MASCULINO,PRETA,1,57,SUPERIOR INCOMPLETO,CASADO(A),TAXISTA,,SUPLENTE,0,308,https://divulgacandcontas.tse.jus.br/divulga/rest/arquivo/img/2045202024/160002159769/75353
VEREADOR,1,35050,160002302245,RIVAS RODRIGUES,RIVANIO APARECIDO RODRIGUES,,35,PMB,PARTIDO DA MULHER BRASILEIRA,,,PARTIDO ISOLADO,MASCULINO,BRANCA,0,52,SUPERIOR COMPLETO,CASADO(A),ENGENHEIRO,,NÃO ELEITO,0,308,https://divulgacandcontas.tse.jus.br/divulga/rest/arquivo/img/2045202024/160002302245/75353
VEREADOR,1,45999,160002351810,SAMIR FOUANI,SAMIR FOUANI,,45,PSDB,PARTIDO DA SOCIAL DEMOCRACIA BRASILEIRA,45-PSDB/23-CIDADANIA,Federação PSDB CIDADANIA,FEDERAÇÃO,MASCULINO,PARDA,1,57,SUPERIOR COMPLETO,SOLTEIRO(A),CONTADOR,,NÃO ELEITO,0,302,https://divulgacandcontas.tse.jus.br/divulga/rest/arquivo/img/2045202024/160002351810/75353
VEREADOR,1,15515,160002159771,MILENA DO LIVRO,MILENA PATRICIA DA SILVA,,15,MDB,MOVIMENTO DEMOCRÁTICO BRASILEIRO,,,PARTIDO ISOLADO,FEMININO,BRANCA,0,36,SUPERIOR COMPLETO,SOLTEIRO(A),ADVOGADO,,SUPLENTE,0,301,https://divulgacandcontas.tse.jus.br/divulga/rest/arquivo/img/2045202024/160002159771/75353
VEREADOR,1,44900,160002173854,MARCOS DE XANGO,MARCOS EDUARDO LIMA MARTINS,,44,UNIÃO,UNIÃO BRASIL,,,PARTIDO ISOLADO,MASCULINO,BRANCA,0,24,ENSINO MÉDIO COMPLETO,SOLTEIRO(A),OUTROS,,SUPLENTE,0,300,https://divulgacandcontas.tse.jus.br/divulga/rest/arquivo/img/2045202024/160002173854/75353
VEREADOR,1,40100,160001910374,EDENIR ALÉM DA VISÃO,EDENIR MARQUES DA SILVA,,40,PSB,PARTIDO SOCIALISTA BRASILEIRO,,,PARTIDO ISOLADO,MASCULINO,BRANCA,0,44,ENSINO MÉDIO INCOMPLETO,CASADO(A),BANCÁRIO E ECONOMIÁRIO,,SUPLENTE,0,299,https://divulgacandcontas.tse.jus.br/divulga/rest/arquivo/img/2045202024/160001910374/75353
VEREADOR,1,44911,160002173833,TENENTE CORONEL POLAK,NAASSON POLAK,,44,UNIÃO,UNIÃO BRASIL,,,PARTIDO ISOLADO,MASCULINO,BRANCA,0,57,SUPERIOR COMPLETO,CASADO(A),OUTROS,,SUPLENTE,0,299,https://divulgacandcontas.tse.jus.br/divulga/rest/arquivo/img/2045202024/160002173833/75353
VEREADOR,1,11220,160002073973,SINDICA DO POVO,ERLI BOMFIM,,11,PP,PROGRESSISTAS,,,PARTIDO ISOLADO,FEMININO,BRANCA,0,45,SUPERIOR COMPLETO,SOLTEIRO(A),OUTROS,,SUPLENTE,0,297,https://divulgacandcontas.tse.jus.br/divulga/rest/arquivo/img/2045202024/160002073973/75353
VEREADOR,1,12123,160002162470,JEFFERSON MAFRA,JEFFERSON SÍLVIO DEPINÉ MAFRA,,12,PDT,PARTIDO DEMOCRÁTICO TRABALHISTA,,,PARTIDO ISOLADO,MASCULINO,BRANCA,0,53,ENSINO MÉDIO COMPLETO,CASADO(A),AGENTE POSTAL,,SUPLENTE,0,297,https://divulgacandcontas.tse.jus.br/divulga/rest/arquivo/img/2045202024/160002162470/75353
VEREADOR,1,27500,160002145737,MARCOS BRITO,MARCOS DA SILVA BRITO,,27,DC,DEMOCRACIA CRISTÃ,,,PARTIDO ISOLADO,MASCULINO,BRANCA,0,50,ENSINO MÉDIO COMPLETO,SOLTEIRO(A),OUTROS,,NÃO ELEITO,0,297,https://divulgacandcontas.tse.jus.br/divulga/rest/arquivo/img/2045202024/160002145737/75353
VEREADOR,1,10009,160001952420,GERSON GRECA GUSSO,GERSON GUSSO,,10,REPUBLICANOS,REPUBLICANOS,,,PARTIDO ISOLADO,MASCULINO,BRANCA,0,63,SUPERIOR COMPLETO,SOLTEIRO(A),OUTROS,,SUPLENTE,0,296,https://divulgacandcontas.tse.jus.br/divulga/rest/arquivo/img/2045202024/160001952420/75353
VEREADOR,1,18555,160001927853,NELSON DO SABARÁ,NELSON FERREIRA,,18,REDE,REDE SUSTENTABILIDADE,50-PSOL/18-REDE,Federação PSOL REDE,FEDERAÇÃO,MASCULINO,PRETA,1,53,ENSINO MÉDIO COMPLETO,CASADO(A),OUTROS,,SUPLENTE,0,296,https://divulgacandcontas.tse.jus.br/divulga/rest/arquivo/img/2045202024/160001927853/75353
VEREADOR,1,11538,160002073969,AIRTON JUNIOR,AIRTON ADONSK JUNIOR,,11,PP,PROGRESSISTAS,,,PARTIDO ISOLADO,MASCULINO,BRANCA,0,50,SUPERIOR COMPLETO,CASADO(A),ADVOGADO,,SUPLENTE,0,295,https://divulgacandcontas.tse.jus.br/divulga/rest/arquivo/img/2045202024/160002073969/75353
VEREADOR,1,20321,160002018601,SILVIA JORAS,SILVIA GUIOMAR JORAS CARNEIRO,,20,PODE,PODEMOS,,,PARTIDO ISOLADO,FEMININO,BRANCA,0,43,SUPERIOR COMPLETO,CASADO(A),SERVIDOR PÚBLICO ESTADUAL,,SUPLENTE,0,294,https://divulgacandcontas.tse.jus.br/divulga/rest/arquivo/img/2045202024/160002018601/75353
VEREADOR,1,45500,160002351785,ROSANE,ROSANE MARIA SCHAFACHEK MACIEL,,45,PSDB,PARTIDO DA SOCIAL DEMOCRACIA BRASILEIRA,45-PSDB/23-CIDADANIA,Federação PSDB CIDADANIA,FEDERAÇÃO,FEMININO,BRANCA,0,62,SUPERIOR COMPLETO,CASADO(A),APOSENTADO (EXCETO SERVIDOR PÚBLICO),,NÃO ELEITO,0,294,https://divulgacandcontas.tse.jus.br/divulga/rest/arquivo/img/2045202024/160002351785/75353
VEREADOR,1,20150,160002018571,ADVOGADA FABIANA QUADROS,FABIANA CARRASCO RIBEIRO QUADROS,,20,PODE,PODEMOS,,,PARTIDO ISOLADO,FEMININO,BRANCA,0,53,SUPERIOR COMPLETO,CASADO(A),ADVOGADO,,SUPLENTE,0,293,https://divulgacandcontas.tse.jus.br/divulga/rest/arquivo/img/2045202024/160002018571/75353
VEREADOR,1,25255,160002068257,ÉRYKA DO CORBÉLIA,ERYKA MARIA BONFIM OLIVEIRA SOUSA RODRIGUES,,25,PRD,PARTIDO RENOVAÇÃO DEMOCRÁTICA,,,PARTIDO ISOLADO,FEMININO,PARDA,1,34,ENSINO MÉDIO INCOMPLETO,DIVORCIADO(A),VENDEDOR DE COMÉRCIO VAREJISTA E ATACADISTA,,NÃO ELEITO,0,292,https://divulgacandcontas.tse.jus.br/divulga/rest/arquivo/img/2045202024/160002068257/75353
VEREADOR,1,44440,160002173868,PROFESSOR MAURO PAUPÉRIO,MAURO CEZAR PADILHA PAUPÉRIO,,44,UNIÃO,UNIÃO BRASIL,,,PARTIDO ISOLADO,MASCULINO,BRANCA,0,57,SUPERIOR COMPLETO,CASADO(A),"CORRETOR DE IMÓVEIS, SEGUROS, TÍTULOS E VALORES",,SUPLENTE,0,292,https://divulgacandcontas.tse.jus.br/divulga/rest/arquivo/img/2045202024/160002173868/75353
VEREADOR,1,44644,160002395364,DIOGO COSTA,DIOGO FRANCO DA COSTA,,44,UNIÃO,UNIÃO BRASIL,,,PARTIDO ISOLADO,MASCULINO,BRANCA,0,39,ENSINO MÉDIO COMPLETO,CASADO(A),EMPRESÁRIO,,SUPLENTE,0,291,https://divulgacandcontas.tse.jus.br/divulga/rest/arquivo/img/2045202024/160002395364/75353
VEREADOR,1,15100,160002159754,JEAN PERINI,JEAN FERNANDO PERINI DA SILVA,,15,MDB,MOVIMENTO DEMOCRÁTICO BRASILEIRO,,,PARTIDO ISOLADO,MASCULINO,PARDA,1,55,SUPERIOR COMPLETO,CASADO(A),"CORRETOR DE IMÓVEIS, SEGUROS, TÍTULOS E VALORES",,SUPLENTE,0,290,https://divulgacandcontas.tse.jus.br/divulga/rest/arquivo/img/2045202024/160002159754/75353
VEREADOR,1,15577,160002159760,ADRI KALINOWSKI,ADRIANA KALINOWSKI,,15,MDB,MOVIMENTO DEMOCRÁTICO BRASILEIRO,,,PARTIDO ISOLADO,FEMININO,BRANCA,0,46,SUPERIOR COMPLETO,CASADO(A),OUTROS,,SUPLENTE,0,289,https://divulgacandcontas.tse.jus.br/divulga/rest/arquivo/img/2045202024/160002159760/75353
VEREADOR,1,22227,160002155453,ALEXANDRE SCHLEGEL,ALEXANDRE SCHLEGEL,,22,PL,PARTIDO LIBERAL,,,PARTIDO ISOLADO,MASCULINO,BRANCA,0,66,SUPERIOR COMPLETO,CASADO(A),PSICÓLOGO,,SUPLENTE,0,288,https://divulgacandcontas.tse.jus.br/divulga/rest/arquivo/img/2045202024/160002155453/75353
VEREADOR,1,15590,160002159774,ADEL JOSE DA 590,ADEL JOSE WINKERT,,15,MDB,MOVIMENTO DEMOCRÁTICO BRASILEIRO,,,PARTIDO ISOLADO,MASCULINO,BRANCA,0,53,ENSINO MÉDIO COMPLETO,SOLTEIRO(A),OUTROS,,SUPLENTE,0,287,https://divulgacandcontas.tse.jus.br/divulga/rest/arquivo/img/2045202024/160002159774/75353
VEREADOR,1,77889,160001956244,ANELISE SOCOLOSKI,ANELISE SCHROEDER SOCOLOSKI,,77,SOLIDARIEDADE,SOLIDARIEDADE,,,PARTIDO ISOLADO,FEMININO,PARDA,1,37,SUPERIOR COMPLETO,SOLTEIRO(A),ADVOGADO,,SUPLENTE,0,285,https://divulgacandcontas.tse.jus.br/divulga/rest/arquivo/img/2045202024/160001956244/75353
VEREADOR,1,12120,160002162468,MENTHOR DA CIC,RUBENS EDUARDO TEODORO,,12,PDT,PARTIDO DEMOCRÁTICO TRABALHISTA,,,PARTIDO ISOLADO,MASCULINO,PRETA,1,42,ENSINO MÉDIO COMPLETO,DIVORCIADO(A),OUTROS,,SUPLENTE,0,282,https://divulgacandcontas.tse.jus.br/divulga/rest/arquivo/img/2045202024/160002162468/75353
VEREADOR,1,28999,160002152026,THIAGO CARVALHO,THIAGO PEREIRA DE CARVALHO,,28,PRTB,PARTIDO RENOVADOR TRABALHISTA BRASILEIRO,,,PARTIDO ISOLADO,MASCULINO,PRETA,1,37,SUPERIOR COMPLETO,CASADO(A),OUTROS,,NÃO ELEITO,0,282,https://divulgacandcontas.tse.jus.br/divulga/rest/arquivo/img/2045202024/160002152026/75353
VEREADOR,1,18022,160001927851,ABEL ROQUE,ABEL ROQUE FERREIRA DE MELLO,,18,REDE,REDE SUSTENTABILIDADE,50-PSOL/18-REDE,Federação PSOL REDE,FEDERAÇÃO,MASCULINO,NÃO INFORMADO,0,54,LÊ E ESCREVE,CASADO(A),OUTROS,,SUPLENTE,0,281,https://divulgacandcontas.tse.jus.br/divulga/rest/arquivo/img/2045202024/160001927851/75353
VEREADOR,1,28055,160002152011,SARGENTO DE SÁ,AFRÂNIO DE SÁ,,28,PRTB,PARTIDO RENOVADOR TRABALHISTA BRASILEIRO,,,PARTIDO ISOLADO,MASCULINO,PRETA,1,57,ENSINO MÉDIO COMPLETO,CASADO(A),SERVIDOR PÚBLICO ESTADUAL,,NÃO ELEITO,0,280,https://divulgacandcontas.tse.jus.br/divulga/rest/arquivo/img/2045202024/160002152011/75353
VEREADOR,1,15111,160002159765,PAULO ABBAS,PAULO DE TARSO DE OLIVEIRA ABBAS,,15,MDB,MOVIMENTO DEMOCRÁTICO BRASILEIRO,,,PARTIDO ISOLADO,MASCULINO,BRANCA,0,81,SUPERIOR COMPLETO,CASADO(A),ADVOGADO,,SUPLENTE,0,278,https://divulgacandcontas.tse.jus.br/divulga/rest/arquivo/img/2045202024/160002159765/75353
VEREADOR,1,20002,160002018597,FABITO,FABIO HENRIQUE FERREIRA XAVIER DE CAMARGO,,20,PODE,PODEMOS,,,PARTIDO ISOLADO,MASCULINO,PRETA,1,44,ENSINO MÉDIO COMPLETO,CASADO(A),OPERADOR DE APARELHOS DE PRODUÇÃO INDUSTRIAL,,SUPLENTE,0,276,https://divulgacandcontas.tse.jus.br/divulga/rest/arquivo/img/2045202024/160002018597/75353
VEREADOR,1,43001,160002168959,SANDRA SAN,SANDRA REGINA SANTANA,,43,PV,PARTIDO VERDE,13-PT/65-PC do B/43-PV,Federação BRASIL DA ESPERANÇA - FE BRASIL,FEDERAÇÃO,FEMININO,BRANCA,0,57,ENSINO MÉDIO COMPLETO,SOLTEIRO(A),VENDEDOR DE COMÉRCIO VAREJISTA E ATACADISTA,,SUPLENTE,0,276,https://divulgacandcontas.tse.jus.br/divulga/rest/arquivo/img/2045202024/160002168959/75353
VEREADOR,1,44333,160002173831,DOUTORA WALDIRENE ,WALDIRENE BUDAL,,44,UNIÃO,UNIÃO BRASIL,,,PARTIDO ISOLADO,FEMININO,BRANCA,0,53,SUPERIOR COMPLETO,SOLTEIRO(A),ADVOGADO,,SUPLENTE,0,275,https://divulgacandcontas.tse.jus.br/divulga/rest/arquivo/img/2045202024/160002173831/75353
VEREADOR,1,77345,160001956257,CLAUDIONOR ALVES,CLAUDIONOR ALVES DE OLIVEIRA,,77,SOLIDARIEDADE,SOLIDARIEDADE,,,PARTIDO ISOLADO,MASCULINO,BRANCA,0,60,SUPERIOR INCOMPLETO,DIVORCIADO(A),OUTROS,,SUPLENTE,0,275,https://divulgacandcontas.tse.jus.br/divulga/rest/arquivo/img/2045202024/160001956257/75353
VEREADOR,1,25222,160002068260,LUIZÃO DA CAPOTAS CURITIBA,LUIZ CARLOS DE OLIVEIRA RUELA,,25,PRD,PARTIDO RENOVAÇÃO DEMOCRÁTICA,,,PARTIDO ISOLADO,MASCULINO,PARDA,1,54,SUPERIOR INCOMPLETO,CASADO(A),EMPRESÁRIO,,NÃO ELEITO,0,274,https://divulgacandcontas.tse.jus.br/divulga/rest/arquivo/img/2045202024/160002068260/75353
VEREADOR,1,45008,160002351777,SOBANIA,CHRYSTIAN SOBANIA WOWK,,45,PSDB,PARTIDO DA SOCIAL DEMOCRACIA BRASILEIRA,45-PSDB/23-CIDADANIA,Federação PSDB CIDADANIA,FEDERAÇÃO,MASCULINO,BRANCA,0,48,SUPERIOR COMPLETO,SOLTEIRO(A),ADVOGADO,,NÃO ELEITO,0,274,https://divulgacandcontas.tse.jus.br/divulga/rest/arquivo/img/2045202024/160002351777/75353
VEREADOR,1,77227,160001956254,EDENIR CALDO DE CANA,EDENIR DA SILVA,,77,SOLIDARIEDADE,SOLIDARIEDADE,,,PARTIDO ISOLADO,MASCULINO,BRANCA,0,58,ENSINO MÉDIO INCOMPLETO,CASADO(A),SERRALHEIRO,,SUPLENTE,0,274,https://divulgacandcontas.tse.jus.br/divulga/rest/arquivo/img/2045202024/160001956254/75353
VEREADOR,1,13533,160002168976,ATOR LICURGO,LICURGO ESPINOLA ARAUJO,,13,PT,PARTIDO DOS TRABALHADORES,13-PT/65-PC do B/43-PV,Federação BRASIL DA ESPERANÇA - FE BRASIL,FEDERAÇÃO,MASCULINO,BRANCA,0,58,SUPERIOR COMPLETO,SOLTEIRO(A),ATOR E DIRETOR DE ESPETÁCULOS PÚBLICOS,,SUPLENTE,0,273,https://divulgacandcontas.tse.jus.br/divulga/rest/arquivo/img/2045202024/160002168976/75353
VEREADOR,1,22622,160002155481,ARI SILVERIO DA CASA MINEIRA,AREOVALDO SILVERIO DA SILVA,,22,PL,PARTIDO LIBERAL,,,PARTIDO ISOLADO,MASCULINO,BRANCA,0,60,ENSINO MÉDIO COMPLETO,CASADO(A),EMPRESÁRIO,,SUPLENTE,0,272,https://divulgacandcontas.tse.jus.br/divulga/rest/arquivo/img/2045202024/160002155481/75353
VEREADOR,1,40234,160001910389,VALDIR DA DISTRIBUIDORA,VALDIR MENDES DOS SANTOS,,40,PSB,PARTIDO SOCIALISTA BRASILEIRO,,,PARTIDO ISOLADO,MASCULINO,BRANCA,0,53,SUPERIOR COMPLETO,CASADO(A),COMERCIANTE,,SUPLENTE,0,272,https://divulgacandcontas.tse.jus.br/divulga/rest/arquivo/img/2045202024/160001910389/75353
VEREADOR,1,27190,160002145721,SARGENTO ASSERMAN,EZEQUIEL PINTO ASSERMAN,,27,DC,DEMOCRACIA CRISTÃ,,,PARTIDO ISOLADO,MASCULINO,BRANCA,0,55,ENSINO MÉDIO COMPLETO,CASADO(A),SERVIDOR PÚBLICO ESTADUAL,,NÃO ELEITO,0,271,https://divulgacandcontas.tse.jus.br/divulga/rest/arquivo/img/2045202024/160002145721/75353
VEREADOR,1,25777,160002068254,CAIO OLIVEIRA,CARLOS EDUARDO CECCHI DE OLIVEIRA,,25,PRD,PARTIDO RENOVAÇÃO DEMOCRÁTICA,,,PARTIDO ISOLADO,MASCULINO,BRANCA,0,46,SUPERIOR INCOMPLETO,CASADO(A),PUBLICITÁRIO,,NÃO ELEITO,0,266,https://divulgacandcontas.tse.jus.br/divulga/rest/arquivo/img/2045202024/160002068254/75353
VEREADOR,1,33500,160002022831,SUELEM DUARTE,SUELEM FERNANDA ALVES DOS SANTOS DUARTE,,33,MOBILIZA,MOBILIZAÇÃO NACIONAL,,,PARTIDO ISOLADO,FEMININO,BRANCA,0,36,ENSINO MÉDIO COMPLETO,CASADO(A),TÉCNICO DE ENFERMAGEM E ASSEMELHADOS (EXCETO ENFERMEIRO),,NÃO ELEITO,0,266,https://divulgacandcontas.tse.jus.br/divulga/rest/arquivo/img/2045202024/160002022831/75353
VEREADOR,1,50789,160001927868,NEGOH CISCO,FRANCISCO LUIZ DA SILVA,,50,PSOL,PARTIDO SOCIALISMO E LIBERDADE,50-PSOL/18-REDE,Federação PSOL REDE,FEDERAÇÃO,MASCULINO,PRETA,1,34,SUPERIOR INCOMPLETO,CASADO(A),OUTROS,,SUPLENTE,0,266,https://divulgacandcontas.tse.jus.br/divulga/rest/arquivo/img/2045202024/160001927868/75353
VEREADOR,1,15040,160002159780,VINICIUS FUIDRIVERS,VINICIUS SENNA LIMA,,15,MDB,MOVIMENTO DEMOCRÁTICO BRASILEIRO,,,PARTIDO ISOLADO,MASCULINO,BRANCA,0,35,ENSINO MÉDIO COMPLETO,SOLTEIRO(A),EMPRESÁRIO,,SUPLENTE,0,262,https://divulgacandcontas.tse.jus.br/divulga/rest/arquivo/img/2045202024/160002159780/75353
VEREADOR,1,22333,160002155457,JOZELIA RAUPP,JOZELIA RAUPP RIBEIRO,,22,PL,PARTIDO LIBERAL,,,PARTIDO ISOLADO,FEMININO,BRANCA,0,51,ENSINO MÉDIO COMPLETO,CASADO(A),EMPRESÁRIO,,SUPLENTE,0,261,https://divulgacandcontas.tse.jus.br/divulga/rest/arquivo/img/2045202024/160002155457/75353
VEREADOR,1,40550,160001910405,JAIME JOÃO DO POVÃO,JAIME JOÃO DE OLIVEIRA,,40,PSB,PARTIDO SOCIALISTA BRASILEIRO,,,PARTIDO ISOLADO,MASCULINO,PARDA,1,51,SUPERIOR COMPLETO,CASADO(A),OUTROS,,SUPLENTE,0,261,https://divulgacandcontas.tse.jus.br/divulga/rest/arquivo/img/2045202024/160001910405/75353
VEREADOR,1,33041,160002022832,BOMBER,ANTONIO CARLOS SANTIN JUNIOR,,33,MOBILIZA,MOBILIZAÇÃO NACIONAL,,,PARTIDO ISOLADO,MASCULINO,BRANCA,0,46,SUPERIOR INCOMPLETO,SOLTEIRO(A),EMPRESÁRIO,,NÃO ELEITO,0,260,https://divulgacandcontas.tse.jus.br/divulga/rest/arquivo/img/2045202024/160002022832/75353
VEREADOR,1,12392,160002162452,O JOVEM,GERALDO JAIR FERREIRA JUNIOR,,12,PDT,PARTIDO DEMOCRÁTICO TRABALHISTA,,,PARTIDO ISOLADO,MASCULINO,BRANCA,0,57,SUPERIOR INCOMPLETO,DIVORCIADO(A),MÚSICO,,SUPLENTE,0,259,https://divulgacandcontas.tse.jus.br/divulga/rest/arquivo/img/2045202024/160002162452/75353
VEREADOR,1,28000,160002152012,NEUSA RIBEIRO,NEUSA RIBEIRO DE SOUZA,,28,PRTB,PARTIDO RENOVADOR TRABALHISTA BRASILEIRO,,,PARTIDO ISOLADO,FEMININO,BRANCA,0,58,ENSINO MÉDIO COMPLETO,CASADO(A),SERVIDOR PÚBLICO MUNICIPAL,,NÃO ELEITO,0,259,https://divulgacandcontas.tse.jus.br/divulga/rest/arquivo/img/2045202024/160002152012/75353
VEREADOR,1,35001,160002302236,WALTER CHAMBERLAIN,WALTER JOÃO CHAMBERLAIN JUNIOR,,35,PMB,PARTIDO DA MULHER BRASILEIRA,,,PARTIDO ISOLADO,MASCULINO,BRANCA,0,58,SUPERIOR COMPLETO,CASADO(A),ADMINISTRADOR,,NÃO ELEITO,0,255,https://divulgacandcontas.tse.jus.br/divulga/rest/arquivo/img/2045202024/160002302236/75353
VEREADOR,1,10101,160001952439,VASCO,ELIO MELO CORREA DE VASCONCELOS,,10,REPUBLICANOS,REPUBLICANOS,,,PARTIDO ISOLADO,MASCULINO,BRANCA,0,63,SUPERIOR COMPLETO,CASADO(A),APOSENTADO (EXCETO SERVIDOR PÚBLICO),,SUPLENTE,0,254,https://divulgacandcontas.tse.jus.br/divulga/rest/arquivo/img/2045202024/160001952439/75353
VEREADOR,1,23100,160002351794,ADENIR DA BANCA,ADENIR ANTONIO MAFFIOLETTI,,23,CIDADANIA,CIDADANIA,45-PSDB/23-CIDADANIA,Federação PSDB CIDADANIA,FEDERAÇÃO,MASCULINO,BRANCA,0,58,ENSINO MÉDIO COMPLETO,CASADO(A),OUTROS,,NÃO ELEITO,0,253,https://divulgacandcontas.tse.jus.br/divulga/rest/arquivo/img/2045202024/160002351794/75353
VEREADOR,1,25190,160002068249,SARGENTO FRANÇA,EMERSON FERREIRA FRANÇA,,25,PRD,PARTIDO RENOVAÇÃO DEMOCRÁTICA,,,PARTIDO ISOLADO,MASCULINO,BRANCA,0,49,SUPERIOR COMPLETO,CASADO(A),POLICIAL MILITAR,,NÃO ELEITO,0,253,https://divulgacandcontas.tse.jus.br/divulga/rest/arquivo/img/2045202024/160002068249/75353
VEREADOR,1,77888,160001956267,LARA,EDISON DE OLIVEIRA LARA,,77,SOLIDARIEDADE,SOLIDARIEDADE,,,PARTIDO ISOLADO,MASCULINO,BRANCA,0,64,SUPERIOR COMPLETO,CASADO(A),OUTROS,,SUPLENTE,0,253,https://divulgacandcontas.tse.jus.br/divulga/rest/arquivo/img/2045202024/160001956267/75353
VEREADOR,1,36799,160002023039,KEILA DO YAKKUT,KEILA PATRICIA RAMOS,,36,AGIR,AGIR,,,PARTIDO ISOLADO,FEMININO,PARDA,1,45,ENSINO MÉDIO COMPLETO,CASADO(A),MOTORISTA PARTICULAR,,SUPLENTE,0,251,https://divulgacandcontas.tse.jus.br/divulga/rest/arquivo/img/2045202024/160002023039/75353
VEREADOR,1,27663,160002145718,MANUEL DO SALÃO,MANUEL MARQUES TEODORO,,27,DC,DEMOCRACIA CRISTÃ,,,PARTIDO ISOLADO,MASCULINO,BRANCA,0,63,ENSINO MÉDIO COMPLETO,CASADO(A),CABELEIREIRO E BARBEIRO,,NÃO ELEITO,0,250,https://divulgacandcontas.tse.jus.br/divulga/rest/arquivo/img/2045202024/160002145718/75353
VEREADOR,1,35190,160002302247,POLICIAL WILLIAN,WILLIAN BANASEWICZ DE PAULA,,35,PMB,PARTIDO DA MULHER BRASILEIRA,,,PARTIDO ISOLADO,MASCULINO,BRANCA,0,36,SUPERIOR COMPLETO,CASADO(A),POLICIAL MILITAR,,NÃO ELEITO,0,247,https://divulgacandcontas.tse.jus.br/divulga/rest/arquivo/img/2045202024/160002302247/75353
VEREADOR,1,40012,160001910375,LOURDES DA SAÚDE,LOURDES ANTONIO DA FONSECA,,40,PSB,PARTIDO SOCIALISTA BRASILEIRO,,,PARTIDO ISOLADO,FEMININO,BRANCA,0,70,SUPERIOR COMPLETO,DIVORCIADO(A),ASSISTENTE SOCIAL,,SUPLENTE,0,247,https://divulgacandcontas.tse.jus.br/divulga/rest/arquivo/img/2045202024/160001910375/75353
VEREADOR,1,55999,160002135746,ISIS KLAUMANN,ISIS THATIANA KLAUMANN RIBEIRO,,55,PSD,PARTIDO SOCIAL DEMOCRÁTICO,,,PARTIDO ISOLADO,FEMININO,BRANCA,0,47,SUPERIOR COMPLETO,CASADO(A),ENFERMEIRO,,SUPLENTE,0,247,https://divulgacandcontas.tse.jus.br/divulga/rest/arquivo/img/2045202024/160002135746/75353
VEREADOR,1,44156,160002173863,ALEXANDRE MARTINS ,ALEXANDRE MARTINS CORREA,,44,UNIÃO,UNIÃO BRASIL,,,PARTIDO ISOLADO,MASCULINO,PARDA,1,47,ENSINO MÉDIO COMPLETO,CASADO(A),EMPRESÁRIO,,SUPLENTE,0,246,https://divulgacandcontas.tse.jus.br/divulga/rest/arquivo/img/2045202024/160002173863/75353
VEREADOR,1,11156,160002073998,CARLA MATOS PROTETORA,CARLA CIRENE DE MATOS FERREIRA,,11,PP,PROGRESSISTAS,,,PARTIDO ISOLADO,FEMININO,BRANCA,0,50,SUPERIOR COMPLETO,CASADO(A),OUTROS,,SUPLENTE,0,244,https://divulgacandcontas.tse.jus.br/divulga/rest/arquivo/img/2045202024/160002073998/75353
VEREADOR,1,55523,160002135754,DRA ALINE VENANCIO,ALINE DAS GRAÇAS VENANCIO,,55,PSD,PARTIDO SOCIAL DEMOCRÁTICO,,,PARTIDO ISOLADO,FEMININO,PRETA,1,34,SUPERIOR COMPLETO,CASADO(A),ADVOGADO,,SUPLENTE,0,244,https://divulgacandcontas.tse.jus.br/divulga/rest/arquivo/img/2045202024/160002135754/75353
VEREADOR,1,27237,160002145748,KARIN MOREIRA CAUSA ANIMAL,KARIN MICHELI MOREIRA,,27,DC,DEMOCRACIA CRISTÃ,,,PARTIDO ISOLADO,FEMININO,BRANCA,0,41,SUPERIOR INCOMPLETO,DIVORCIADO(A),ARTESÃO,,NÃO ELEITO,0,243,https://divulgacandcontas.tse.jus.br/divulga/rest/arquivo/img/2045202024/160002145748/75353
VEREADOR,1,27333,160002145745,LUCINO DO VAMOS QUE VAMOS,LUCINO GONÇALVES,,27,DC,DEMOCRACIA CRISTÃ,,,PARTIDO ISOLADO,MASCULINO,PRETA,1,46,ENSINO MÉDIO COMPLETO,SOLTEIRO(A),JARDINEIRO,,NÃO ELEITO,0,243,https://divulgacandcontas.tse.jus.br/divulga/rest/arquivo/img/2045202024/160002145745/75353
VEREADOR,1,77007,160001956272,VIDAL,LUCIANO ALVES VIDAL,,77,SOLIDARIEDADE,SOLIDARIEDADE,,,PARTIDO ISOLADO,MASCULINO,BRANCA,0,52,SUPERIOR INCOMPLETO,CASADO(A),OUTROS,,SUPLENTE,0,243,https://divulgacandcontas.tse.jus.br/divulga/rest/arquivo/img/2045202024/160001956272/75353
VEREADOR,1,23040,160002351809,FRAN DA DONA LOURDES,FRANCINEDI MARTINS,,23,CIDADANIA,CIDADANIA,45-PSDB/23-CIDADANIA,Federação PSDB CIDADANIA,FEDERAÇÃO,FEMININO,PARDA,1,58,ENSINO MÉDIO COMPLETO,CASADO(A),AUXILIAR DE ESCRITÓRIO E ASSEMELHADOS,,NÃO ELEITO,0,242,https://divulgacandcontas.tse.jus.br/divulga/rest/arquivo/img/2045202024/160002351809/75353
VEREADOR,1,10024,160001952448,VALMIR CORDEIRO,VALMIR CORDEIRO DE ALMEIDA,,10,REPUBLICANOS,REPUBLICANOS,,,PARTIDO ISOLADO,MASCULINO,BRANCA,0,48,ENSINO MÉDIO COMPLETO,CASADO(A),EMPRESÁRIO,,SUPLENTE,0,239,https://divulgacandcontas.tse.jus.br/divulga/rest/arquivo/img/2045202024/160001952448/75353
VEREADOR,1,20111,160002018604,CARLOS ZICO,CARLOS ALBERTO LOPES,,20,PODE,PODEMOS,,,PARTIDO ISOLADO,MASCULINO,BRANCA,0,42,ENSINO MÉDIO COMPLETO,CASADO(A),EMPRESÁRIO,,SUPLENTE,0,238,https://divulgacandcontas.tse.jus.br/divulga/rest/arquivo/img/2045202024/160002018604/75353
VEREADOR,1,35127,160002302239,EVANDRO DO TATUQUARA,EVANDRO ALVES BUENO,,35,PMB,PARTIDO DA MULHER BRASILEIRA,,,PARTIDO ISOLADO,MASCULINO,PARDA,1,38,ENSINO MÉDIO COMPLETO,CASADO(A),OUTROS,,NÃO ELEITO,0,237,https://divulgacandcontas.tse.jus.br/divulga/rest/arquivo/img/2045202024/160002302239/75353
VEREADOR,1,35086,160002302232,SOLANGE PIMPAO,SOLANGE APARECIDA SOARES PIMPÃO,,35,PMB,PARTIDO DA MULHER BRASILEIRA,,,PARTIDO ISOLADO,FEMININO,PARDA,1,54,ENSINO FUNDAMENTAL COMPLETO,CASADO(A),ESTETICISTA,,NÃO ELEITO,0,232,https://divulgacandcontas.tse.jus.br/divulga/rest/arquivo/img/2045202024/160002302232/75353
VEREADOR,1,55016,160002135758,PROFESSOR MARCÃO,MARCOS AURELIO DOMINGUES,,55,PSD,PARTIDO SOCIAL DEMOCRÁTICO,,,PARTIDO ISOLADO,MASCULINO,BRANCA,0,58,SUPERIOR COMPLETO,CASADO(A),PROFESSOR DE ENSINO FUNDAMENTAL,,SUPLENTE,0,232,https://divulgacandcontas.tse.jus.br/divulga/rest/arquivo/img/2045202024/160002135758/75353
VEREADOR,1,23600,160002351787,JOFRE DAMASIO,JOFRE DAMASIO,,23,CIDADANIA,CIDADANIA,45-PSDB/23-CIDADANIA,Federação PSDB CIDADANIA,FEDERAÇÃO,MASCULINO,BRANCA,0,62,SUPERIOR COMPLETO,CASADO(A),ADMINISTRADOR,,NÃO ELEITO,0,231,https://divulgacandcontas.tse.jus.br/divulga/rest/arquivo/img/2045202024/160002351787/75353
VEREADOR,1,23055,160002351789,ROBERTA KISY,ROBERTA KISY GUIMARAES LOURENCO,,23,CIDADANIA,CIDADANIA,45-PSDB/23-CIDADANIA,Federação PSDB CIDADANIA,FEDERAÇÃO,FEMININO,PRETA,1,44,SUPERIOR COMPLETO,CASADO(A),ASSISTENTE SOCIAL,,NÃO ELEITO,0,230,https://divulgacandcontas.tse.jus.br/divulga/rest/arquivo/img/2045202024/160002351789/75353
VEREADOR,1,27010,160002145742,CLÁUDIO DOS SANTOS,CLAUDIO FERNANDO DOS SANTOS,,27,DC,DEMOCRACIA CRISTÃ,,,PARTIDO ISOLADO,MASCULINO,PRETA,1,42,SUPERIOR INCOMPLETO,DIVORCIADO(A),OUTROS,,NÃO ELEITO,0,225,https://divulgacandcontas.tse.jus.br/divulga/rest/arquivo/img/2045202024/160002145742/75353
VEREADOR,1,10052,160001952438,MESTRE MARCIO,MARCIO FRANCISCO DE OLIVEIRA,,10,REPUBLICANOS,REPUBLICANOS,,,PARTIDO ISOLADO,MASCULINO,BRANCA,0,53,ENSINO MÉDIO COMPLETO,CASADO(A),OUTROS,,SUPLENTE,0,222,https://divulgacandcontas.tse.jus.br/divulga/rest/arquivo/img/2045202024/160001952438/75353
VEREADOR,1,15722,160002159775,VÁ NESSA,VANESSA FONSECA,,15,MDB,MOVIMENTO DEMOCRÁTICO BRASILEIRO,,,PARTIDO ISOLADO,FEMININO,BRANCA,0,48,SUPERIOR COMPLETO,DIVORCIADO(A),ADVOGADO,,SUPLENTE,0,222,https://divulgacandcontas.tse.jus.br/divulga/rest/arquivo/img/2045202024/160002159775/75353
VEREADOR,1,27041,160002145728,MARCINHA,MÁRCIA CRISTINA DOS SANTOS,,27,DC,DEMOCRACIA CRISTÃ,,,PARTIDO ISOLADO,FEMININO,BRANCA,0,55,SUPERIOR COMPLETO,DIVORCIADO(A),OUTROS,,NÃO ELEITO,0,221,https://divulgacandcontas.tse.jus.br/divulga/rest/arquivo/img/2045202024/160002145728/75353
VEREADOR,1,10765,160001952451,POLICIAL LU LUCAS,LUCIANA CARLA LUCAS FERREIRA,,10,REPUBLICANOS,REPUBLICANOS,,,PARTIDO ISOLADO,FEMININO,PRETA,1,45,SUPERIOR COMPLETO,DIVORCIADO(A),POLICIAL CIVIL,,SUPLENTE,0,220,https://divulgacandcontas.tse.jus.br/divulga/rest/arquivo/img/2045202024/160001952451/75353
VEREADOR,1,13031,160002168952,KARIN  OSTERNACK,KARIN RENATE OSTERNACK PORTELA,,13,PT,PARTIDO DOS TRABALHADORES,13-PT/65-PC do B/43-PV,Federação BRASIL DA ESPERANÇA - FE BRASIL,FEDERAÇÃO,FEMININO,BRANCA,0,55,SUPERIOR COMPLETO,CASADO(A),PROFESSOR DE ENSINO MÉDIO,,SUPLENTE,0,217,https://divulgacandcontas.tse.jus.br/divulga/rest/arquivo/img/2045202024/160002168952/75353
VEREADOR,1,40404,160001910402,MARINA,ERCILIA MARINA DOMINGUES VALADARES,,40,PSB,PARTIDO SOCIALISTA BRASILEIRO,,,PARTIDO ISOLADO,FEMININO,BRANCA,0,64,SUPERIOR COMPLETO,SOLTEIRO(A),OUTROS,,SUPLENTE,0,217,https://divulgacandcontas.tse.jus.br/divulga/rest/arquivo/img/2045202024/160001910402/75353
VEREADOR,1,44007,160002173838,POLICIAL JOEL NUNES ,JOEL NUNES DE OLIVEIRA,,44,UNIÃO,UNIÃO BRASIL,,,PARTIDO ISOLADO,MASCULINO,BRANCA,0,43,SUPERIOR COMPLETO,CASADO(A),OUTROS,,SUPLENTE,0,217,https://divulgacandcontas.tse.jus.br/divulga/rest/arquivo/img/2045202024/160002173838/75353
VEREADOR,1,77678,160001956261,PROFESSORA ELAINE SILVA,ELAINE CRISTINA PEREIRA DA SILVA,,77,SOLIDARIEDADE,SOLIDARIEDADE,,,PARTIDO ISOLADO,FEMININO,BRANCA,0,43,SUPERIOR COMPLETO,SOLTEIRO(A),PROFESSOR DE ENSINO FUNDAMENTAL,,SUPLENTE,0,217,https://divulgacandcontas.tse.jus.br/divulga/rest/arquivo/img/2045202024/160001956261/75353
VEREADOR,1,15444,160002159764,SONIA MILHEIRO EVENTOS,ROSA SONIA MILHEIRO,,15,MDB,MOVIMENTO DEMOCRÁTICO BRASILEIRO,,,PARTIDO ISOLADO,FEMININO,BRANCA,0,47,ENSINO MÉDIO COMPLETO,SOLTEIRO(A),OUTROS,,SUPLENTE,0,216,https://divulgacandcontas.tse.jus.br/divulga/rest/arquivo/img/2045202024/160002159764/75353
VEREADOR,1,28222,160002152034,PASTOR SIDNEY,SIDNEY ALVES DOS SANTOS,,28,PRTB,PARTIDO RENOVADOR TRABALHISTA BRASILEIRO,,,PARTIDO ISOLADO,MASCULINO,BRANCA,0,62,SUPERIOR COMPLETO,CASADO(A),ADVOGADO,,NÃO ELEITO,0,216,https://divulgacandcontas.tse.jus.br/divulga/rest/arquivo/img/2045202024/160002152034/75353
VEREADOR,1,30033,160002152918,WAGNER,CARLOS WAGNER ABREU CASTRO,,30,NOVO,PARTIDO NOVO,,,PARTIDO ISOLADO,MASCULINO,PRETA,1,51,SUPERIOR COMPLETO,DIVORCIADO(A),PUBLICITÁRIO,,SUPLENTE,0,216,https://divulgacandcontas.tse.jus.br/divulga/rest/arquivo/img/2045202024/160002152918/75353
VEREADOR,1,10456,160001952421,JEFFERSON VIEIRA,JEFFERSON LOUIS DOMINGUES VIEIRA,,10,REPUBLICANOS,REPUBLICANOS,,,PARTIDO ISOLADO,MASCULINO,BRANCA,0,39,SUPERIOR COMPLETO,SOLTEIRO(A),ADMINISTRADOR,,SUPLENTE,0,214,https://divulgacandcontas.tse.jus.br/divulga/rest/arquivo/img/2045202024/160001952421/75353
VEREADOR,1,27653,160002145744,JOÃO FRANÇA,JOÃO DE FRANÇA,,27,DC,DEMOCRACIA CRISTÃ,,,PARTIDO ISOLADO,MASCULINO,BRANCA,0,67,ENSINO MÉDIO COMPLETO,CASADO(A),APOSENTADO (EXCETO SERVIDOR PÚBLICO),,NÃO ELEITO,0,212,https://divulgacandcontas.tse.jus.br/divulga/rest/arquivo/img/2045202024/160002145744/75353
VEREADOR,1,77555,160001956262,FLÁVIO MORGADO,FLÁVIO HENRIQUE DE SOUZA MORGADO,,77,SOLIDARIEDADE,SOLIDARIEDADE,,,PARTIDO ISOLADO,MASCULINO,PARDA,1,41,ENSINO FUNDAMENTAL INCOMPLETO,CASADO(A),OUTROS,,SUPLENTE,0,212,https://divulgacandcontas.tse.jus.br/divulga/rest/arquivo/img/2045202024/160001956262/75353
VEREADOR,1,50024,160001927866,PROTETOR SOSSELLA,SÉRGIO RUBENS SOSSELLA FILHO,,50,PSOL,PARTIDO SOCIALISMO E LIBERDADE,50-PSOL/18-REDE,Federação PSOL REDE,FEDERAÇÃO,MASCULINO,BRANCA,0,57,LÊ E ESCREVE,SOLTEIRO(A),OUTROS,,SUPLENTE,0,210,https://divulgacandcontas.tse.jus.br/divulga/rest/arquivo/img/2045202024/160001927866/75353
VEREADOR,1,30456,160002152942,SOLANGE BUENO,SOLANGE FERREIRA BUENO,,30,NOVO,PARTIDO NOVO,,,PARTIDO ISOLADO,FEMININO,BRANCA,0,57,SUPERIOR COMPLETO,DIVORCIADO(A),PROFESSOR E INSTRUTOR DE FORMAÇÃO PROFISSIONAL,,SUPLENTE,0,209,https://divulgacandcontas.tse.jus.br/divulga/rest/arquivo/img/2045202024/160002152942/75353
VEREADOR,1,35036,160002302249,AVARI DA FREI,AVARI ZEIGELBOIM,,35,PMB,PARTIDO DA MULHER BRASILEIRA,,,PARTIDO ISOLADO,MASCULINO,BRANCA,0,81,SUPERIOR COMPLETO,CASADO(A),ADVOGADO,,NÃO ELEITO,0,209,https://divulgacandcontas.tse.jus.br/divulga/rest/arquivo/img/2045202024/160002302249/75353
VEREADOR,1,36987,160002023024,WAGNER ALCANTARA,WAGNER ALCANTARA DOS SANTOS,,36,AGIR,AGIR,,,PARTIDO ISOLADO,MASCULINO,PARDA,1,34,SUPERIOR INCOMPLETO,SOLTEIRO(A),TÉCNICO EM INFORMÁTICA,,SUPLENTE,0,209,https://divulgacandcontas.tse.jus.br/divulga/rest/arquivo/img/2045202024/160002023024/75353
VEREADOR,1,55888,160002135757,DRA MARILIA KELDHA,MARILIA KELDHA BURDA ASSENHEIMER,,55,PSD,PARTIDO SOCIAL DEMOCRÁTICO,,,PARTIDO ISOLADO,FEMININO,BRANCA,0,35,SUPERIOR COMPLETO,DIVORCIADO(A),NUTRICIONISTA E ASSEMELHADOS,,SUPLENTE,0,209,https://divulgacandcontas.tse.jus.br/divulga/rest/arquivo/img/2045202024/160002135757/75353
VEREADOR,1,36006,160002023032,ADEMIR RIBEIRO,ADEMIR ERNANDES RIBEIRO,,36,AGIR,AGIR,,,PARTIDO ISOLADO,MASCULINO,BRANCA,0,42,ENSINO MÉDIO COMPLETO,CASADO(A),"TÉCNICO DE ELETRICIDADE, ELETRÔNICA E TELECOMUNICAÇÕES",,SUPLENTE,0,207,https://divulgacandcontas.tse.jus.br/divulga/rest/arquivo/img/2045202024/160002023032/75353
VEREADOR,1,45789,160002351783,DINHO OLIVEIRA,EDSON RUBENS DE OLIVEIRA,,45,PSDB,PARTIDO DA SOCIAL DEMOCRACIA BRASILEIRA,45-PSDB/23-CIDADANIA,Federação PSDB CIDADANIA,FEDERAÇÃO,MASCULINO,PARDA,1,41,SUPERIOR INCOMPLETO,SOLTEIRO(A),OUTROS,,NÃO ELEITO,0,207,https://divulgacandcontas.tse.jus.br/divulga/rest/arquivo/img/2045202024/160002351783/75353
VEREADOR,1,50112,160001927858,PROFESSORA ANGELA AFONSINA,ANGELA AFONSINA DE SOUZA BARBOSA,,50,PSOL,PARTIDO SOCIALISMO E LIBERDADE,50-PSOL/18-REDE,Federação PSOL REDE,FEDERAÇÃO,FEMININO,PARDA,1,58,SUPERIOR COMPLETO,DIVORCIADO(A),APOSENTADO (EXCETO SERVIDOR PÚBLICO),,SUPLENTE,0,206,https://divulgacandcontas.tse.jus.br/divulga/rest/arquivo/img/2045202024/160001927858/75353
VEREADOR,1,12122,160002162460,HUMBERTO PACHECO,HUMBERTO RODRIGUES PACHECO,,12,PDT,PARTIDO DEMOCRÁTICO TRABALHISTA,,,PARTIDO ISOLADO,MASCULINO,BRANCA,0,45,SUPERIOR COMPLETO,CASADO(A),ADVOGADO,,SUPLENTE,0,205,https://divulgacandcontas.tse.jus.br/divulga/rest/arquivo/img/2045202024/160002162460/75353
VEREADOR,1,33888,160002022827,SANDRO RIBEIRO,SANDRO MARCOS RIBEIRO,,33,MOBILIZA,MOBILIZAÇÃO NACIONAL,,,PARTIDO ISOLADO,MASCULINO,PARDA,1,52,ENSINO MÉDIO COMPLETO,CASADO(A),MECÂNICO DE MANUTENÇÃO,,NÃO ELEITO,0,203,https://divulgacandcontas.tse.jus.br/divulga/rest/arquivo/img/2045202024/160002022827/75353
VEREADOR,1,36910,160002023021,RUBENS MACIEL,RUBENS FERNANDO MACIEL,,36,AGIR,AGIR,,,PARTIDO ISOLADO,MASCULINO,BRANCA,0,59,ENSINO MÉDIO COMPLETO,DIVORCIADO(A),EMPRESÁRIO,,SUPLENTE,0,203,https://divulgacandcontas.tse.jus.br/divulga/rest/arquivo/img/2045202024/160002023021/75353
VEREADOR,1,40201,160001910399,MARCELO CORDEIRO,MARCELO CORDEIRO ALVES PINTO SALATA,,40,PSB,PARTIDO SOCIALISTA BRASILEIRO,,,PARTIDO ISOLADO,MASCULINO,PARDA,1,54,ENSINO MÉDIO COMPLETO,CASADO(A),OUTROS,,SUPLENTE,0,203,https://divulgacandcontas.tse.jus.br/divulga/rest/arquivo/img/2045202024/160001910399/75353
VEREADOR,1,77288,160001956243,SHEILA DO SÃO BRAZ,SHEILA ELVIRA DOS SANTOS,,77,SOLIDARIEDADE,SOLIDARIEDADE,,,PARTIDO ISOLADO,FEMININO,BRANCA,0,39,ENSINO MÉDIO COMPLETO,SOLTEIRO(A),ADMINISTRADOR,,SUPLENTE,0,203,https://divulgacandcontas.tse.jus.br/divulga/rest/arquivo/img/2045202024/160001956243/75353
VEREADOR,1,18021,160001927854,MAURICIO FREITAS,MAURICIO ANTONIO DE FREITAS,,18,REDE,REDE SUSTENTABILIDADE,50-PSOL/18-REDE,Federação PSOL REDE,FEDERAÇÃO,MASCULINO,BRANCA,0,56,LÊ E ESCREVE,SOLTEIRO(A),OUTROS,,SUPLENTE,0,201,https://divulgacandcontas.tse.jus.br/divulga/rest/arquivo/img/2045202024/160001927854/75353
VEREADOR,1,33012,160002022839,HELENA GATA GAROTA,HELENA MARIA DE OLIVEIRA,,33,MOBILIZA,MOBILIZAÇÃO NACIONAL,,,PARTIDO ISOLADO,FEMININO,PARDA,1,63,ENSINO MÉDIO COMPLETO,SOLTEIRO(A),APOSENTADO (EXCETO SERVIDOR PÚBLICO),,NÃO ELEITO,0,201,https://divulgacandcontas.tse.jus.br/divulga/rest/arquivo/img/2045202024/160002022839/75353
VEREADOR,1,11741,160002073985,MÃE PATRICIA,PATRICIA REGINA THIBES GASPAR,,11,PP,PROGRESSISTAS,,,PARTIDO ISOLADO,FEMININO,PARDA,1,44,ENSINO MÉDIO COMPLETO,CASADO(A),OUTROS,,SUPLENTE,0,200,https://divulgacandcontas.tse.jus.br/divulga/rest/arquivo/img/2045202024/160002073985/75353
VEREADOR,1,28678,160002375618,IRMÃO JÁJÁ,JAIR DORCELINO DA CONCEIÇÃO,,28,PRTB,PARTIDO RENOVADOR TRABALHISTA BRASILEIRO,,,PARTIDO ISOLADO,MASCULINO,PRETA,1,58,SUPERIOR INCOMPLETO,CASADO(A),OUTROS,,NÃO ELEITO,0,200,https://divulgacandcontas.tse.jus.br/divulga/rest/arquivo/img/2045202024/160002375618/75353
VEREADOR,1,45455,160002351802,DYEMI ,DYEMI FRANCIELLI FERREIRA MIYAMURA,,45,PSDB,PARTIDO DA SOCIAL DEMOCRACIA BRASILEIRA,45-PSDB/23-CIDADANIA,Federação PSDB CIDADANIA,FEDERAÇÃO,FEMININO,BRANCA,0,43,SUPERIOR COMPLETO,CASADO(A),EMPRESÁRIO,,NÃO ELEITO,0,200,https://divulgacandcontas.tse.jus.br/divulga/rest/arquivo/img/2045202024/160002351802/75353
VEREADOR,1,18666,160001927872,PROFESSOR JOSMAR,JOSMAR DE JESUS BATISTA,,18,REDE,REDE SUSTENTABILIDADE,50-PSOL/18-REDE,Federação PSOL REDE,FEDERAÇÃO,MASCULINO,BRANCA,0,50,SUPERIOR COMPLETO,SOLTEIRO(A),OUTROS,,SUPLENTE,0,199,https://divulgacandcontas.tse.jus.br/divulga/rest/arquivo/img/2045202024/160001927872/75353
VEREADOR,1,33300,160002022844,MARCOS FRANCO,MARCOS JOSE FRANCO,,33,MOBILIZA,MOBILIZAÇÃO NACIONAL,,,PARTIDO ISOLADO,MASCULINO,PARDA,1,49,SUPERIOR COMPLETO,SOLTEIRO(A),SERVIDOR PÚBLICO MUNICIPAL,,NÃO ELEITO,0,199,https://divulgacandcontas.tse.jus.br/divulga/rest/arquivo/img/2045202024/160002022844/75353
VEREADOR,1,28121,160002152022,LUCIANA ALVES,LUCIANA MARIA DA CUNHA,,28,PRTB,PARTIDO RENOVADOR TRABALHISTA BRASILEIRO,,,PARTIDO ISOLADO,FEMININO,PRETA,1,49,SUPERIOR COMPLETO,CASADO(A),SERVIDOR PÚBLICO MUNICIPAL,,NÃO ELEITO,0,198,https://divulgacandcontas.tse.jus.br/divulga/rest/arquivo/img/2045202024/160002152022/75353
VEREADOR,1,25016,160002068232,PROF ROBSON LIMA,ROBSON CLEIBER DE LIMA,,25,PRD,PARTIDO RENOVAÇÃO DEMOCRÁTICA,,,PARTIDO ISOLADO,MASCULINO,BRANCA,0,48,SUPERIOR COMPLETO,CASADO(A),CONTADOR,,NÃO ELEITO,0,197,https://divulgacandcontas.tse.jus.br/divulga/rest/arquivo/img/2045202024/160002068232/75353
VEREADOR,1,10222,160001952447,ROSE PROTETORA DOS ANIMAIS,ROSELI DE FATIMA GALVÃO,,10,REPUBLICANOS,REPUBLICANOS,,,PARTIDO ISOLADO,FEMININO,BRANCA,0,69,ENSINO MÉDIO COMPLETO,SOLTEIRO(A),COMERCIANTE,,SUPLENTE,0,196,https://divulgacandcontas.tse.jus.br/divulga/rest/arquivo/img/2045202024/160001952447/75353
VEREADOR,1,22220,160002155473,ILMA BRANCA,ILMA DE OLIVEIRA BRANCA FARIAS,,22,PL,PARTIDO LIBERAL,,,PARTIDO ISOLADO,FEMININO,BRANCA,0,66,ENSINO FUNDAMENTAL COMPLETO,VIÚVO(A),OUTROS,,SUPLENTE,0,194,https://divulgacandcontas.tse.jus.br/divulga/rest/arquivo/img/2045202024/160002155473/75353
VEREADOR,1,13788,160002168942,SUELI BOMFIGLIO,SUELI DOS ANJOS BOMFIGLIO,,13,PT,PARTIDO DOS TRABALHADORES,13-PT/65-PC do B/43-PV,Federação BRASIL DA ESPERANÇA - FE BRASIL,FEDERAÇÃO,FEMININO,BRANCA,0,46,ENSINO MÉDIO COMPLETO,CASADO(A),DONA DE CASA,,SUPLENTE,0,192,https://divulgacandcontas.tse.jus.br/divulga/rest/arquivo/img/2045202024/160002168942/75353
VEREADOR,1,77770,160001956258,KRÜGER,DAYANNE KIELE KRUGER,,77,SOLIDARIEDADE,SOLIDARIEDADE,,,PARTIDO ISOLADO,FEMININO,BRANCA,0,38,SUPERIOR COMPLETO,DIVORCIADO(A),OUTROS,,SUPLENTE,0,191,https://divulgacandcontas.tse.jus.br/divulga/rest/arquivo/img/2045202024/160001956258/75353
VEREADOR,1,13100,160002168971,MILTON ALVES,RAIMUNDO MILTON ALVES DE SOUZA,,13,PT,PARTIDO DOS TRABALHADORES,13-PT/65-PC do B/43-PV,Federação BRASIL DA ESPERANÇA - FE BRASIL,FEDERAÇÃO,MASCULINO,PARDA,1,61,SUPERIOR COMPLETO,DIVORCIADO(A),JORNALISTA E REDATOR,,SUPLENTE,0,190,https://divulgacandcontas.tse.jus.br/divulga/rest/arquivo/img/2045202024/160002168971/75353
VEREADOR,1,30202,160002152937,MAIKEL WEBER,MAIKEL WEBER,,30,NOVO,PARTIDO NOVO,,,PARTIDO ISOLADO,MASCULINO,BRANCA,0,38,SUPERIOR COMPLETO,CASADO(A),ENGENHEIRO,,SUPLENTE,0,190,https://divulgacandcontas.tse.jus.br/divulga/rest/arquivo/img/2045202024/160002152937/75353
VEREADOR,1,28226,160002152013,FABI LUZ,FABIOLA DA LUZ,,28,PRTB,PARTIDO RENOVADOR TRABALHISTA BRASILEIRO,,,PARTIDO ISOLADO,FEMININO,PARDA,1,38,ENSINO MÉDIO COMPLETO,SOLTEIRO(A),OUTROS,,NÃO ELEITO,0,188,https://divulgacandcontas.tse.jus.br/divulga/rest/arquivo/img/2045202024/160002152013/75353
VEREADOR,1,36182,160002023046,MADALENA  BARBIERI,MADALENA TEIXEIRA BARBIERI,,36,AGIR,AGIR,,,PARTIDO ISOLADO,FEMININO,BRANCA,0,59,ENSINO FUNDAMENTAL COMPLETO,VIÚVO(A),COZINHEIRO,,SUPLENTE,0,188,https://divulgacandcontas.tse.jus.br/divulga/rest/arquivo/img/2045202024/160002023046/75353
VEREADOR,1,50222,160001927850,JAKELINE JUNTOS SOMOS MAIS FOR,JAKELINE FURLAN,,50,PSOL,PARTIDO SOCIALISMO E LIBERDADE,50-PSOL/18-REDE,Federação PSOL REDE,FEDERAÇÃO,FEMININO,PARDA,1,34,SUPERIOR INCOMPLETO,CASADO(A),DONA DE CASA,,SUPLENTE,0,188,https://divulgacandcontas.tse.jus.br/divulga/rest/arquivo/img/2045202024/160001927850/75353
VEREADOR,1,11500,160002073988,GRAZI ABDALLA,GRAZIELA ABDALLA LOYOLA LOBO,,11,PP,PROGRESSISTAS,,,PARTIDO ISOLADO,FEMININO,BRANCA,0,44,SUPERIOR INCOMPLETO,DIVORCIADO(A),OCUPANTE DE CARGO EM COMISSÃO,,SUPLENTE,0,187,https://divulgacandcontas.tse.jus.br/divulga/rest/arquivo/img/2045202024/160002073988/75353
VEREADOR,1,20029,160002018595,LISI ROTT,LISIANE ROTT CORDEIRO,,20,PODE,PODEMOS,,,PARTIDO ISOLADO,FEMININO,BRANCA,0,48,SUPERIOR COMPLETO,CASADO(A),ADVOGADO,,SUPLENTE,0,183,https://divulgacandcontas.tse.jus.br/divulga/rest/arquivo/img/2045202024/160002018595/75353
VEREADOR,1,10444,160001952422,LILI DA RECICLAGEM,LILIANE DOS SANTOS,,10,REPUBLICANOS,REPUBLICANOS,,,PARTIDO ISOLADO,FEMININO,BRANCA,0,35,SUPERIOR COMPLETO,CASADO(A),BOMBEIRO CIVIL,,SUPLENTE,0,182,https://divulgacandcontas.tse.jus.br/divulga/rest/arquivo/img/2045202024/160001952422/75353
VEREADOR,1,25303,160002068244,EIDI MACHADO,EIDILAMAR DO ROCIO MACHADO CIT,,25,PRD,PARTIDO RENOVAÇÃO DEMOCRÁTICA,,,PARTIDO ISOLADO,FEMININO,BRANCA,0,58,SUPERIOR COMPLETO,DIVORCIADO(A),OUTROS,,NÃO ELEITO,0,182,https://divulgacandcontas.tse.jus.br/divulga/rest/arquivo/img/2045202024/160002068244/75353
VEREADOR,1,10192,160001952431,CASSIANO DA SAÚDE,CASSIANO ANGELO MENDES,,10,REPUBLICANOS,REPUBLICANOS,,,PARTIDO ISOLADO,MASCULINO,BRANCA,0,37,SUPERIOR COMPLETO,SOLTEIRO(A),SERVIDOR PÚBLICO MUNICIPAL,,SUPLENTE,0,181,https://divulgacandcontas.tse.jus.br/divulga/rest/arquivo/img/2045202024/160001952431/75353
VEREADOR,1,22221,160002155459,DELCIA MACHADO,DELCIA FRANCISCA MACHADO,,22,PL,PARTIDO LIBERAL,,,PARTIDO ISOLADO,FEMININO,PRETA,1,50,ENSINO MÉDIO COMPLETO,SOLTEIRO(A),OUTROS,,SUPLENTE,0,179,https://divulgacandcontas.tse.jus.br/divulga/rest/arquivo/img/2045202024/160002155459/75353
VEREADOR,1,11611,160002073979,RICARDO JABUTICABA,RICARDO ALEXANDRE MIANES,,11,PP,PROGRESSISTAS,,,PARTIDO ISOLADO,MASCULINO,PRETA,1,49,ENSINO MÉDIO COMPLETO,SOLTEIRO(A),LOCUTOR E COMENTARISTA DE RÁDIO E TELEVISÃO E RADIALISTA,,SUPLENTE,0,177,https://divulgacandcontas.tse.jus.br/divulga/rest/arquivo/img/2045202024/160002073979/75353
VEREADOR,1,15777,160002159757,LUAN DA DOM RAMON,LUAN ROBSON SILVA DE PAULA,,15,MDB,MOVIMENTO DEMOCRÁTICO BRASILEIRO,,,PARTIDO ISOLADO,MASCULINO,BRANCA,0,25,ENSINO MÉDIO INCOMPLETO,CASADO(A),EMPRESÁRIO,,SUPLENTE,0,177,https://divulgacandcontas.tse.jus.br/divulga/rest/arquivo/img/2045202024/160002159757/75353
VEREADOR,1,22642,160002155447,ADEMILSON DO PURÊ DOG,ADEMILSON JOSE ALBERS MOREIRA,,22,PL,PARTIDO LIBERAL,,,PARTIDO ISOLADO,MASCULINO,PARDA,1,48,ENSINO MÉDIO COMPLETO,CASADO(A),COMERCIANTE,,SUPLENTE,0,177,https://divulgacandcontas.tse.jus.br/divulga/rest/arquivo/img/2045202024/160002155447/75353
VEREADOR,1,30100,160002152941,JULIANA LINZ,JULIANA RIBEIRO DA SILVA LINZMEYER,,30,NOVO,PARTIDO NOVO,,,PARTIDO ISOLADO,FEMININO,BRANCA,0,34,SUPERIOR COMPLETO,CASADO(A),EMPRESÁRIO,,SUPLENTE,0,177,https://divulgacandcontas.tse.jus.br/divulga/rest/arquivo/img/2045202024/160002152941/75353
VEREADOR,1,44030,160002173851,SIMONE BORGES,SIMONE BORGES,,44,UNIÃO,UNIÃO BRASIL,,,PARTIDO ISOLADO,FEMININO,BRANCA,0,51,SUPERIOR COMPLETO,DIVORCIADO(A),OUTROS,,SUPLENTE,0,176,https://divulgacandcontas.tse.jus.br/divulga/rest/arquivo/img/2045202024/160002173851/75353
VEREADOR,1,50229,160001927852,ROBERTO UBER DO CAJURU,ROBERTO SILVA,,50,PSOL,PARTIDO SOCIALISMO E LIBERDADE,50-PSOL/18-REDE,Federação PSOL REDE,FEDERAÇÃO,MASCULINO,BRANCA,0,61,ENSINO MÉDIO COMPLETO,CASADO(A),OUTROS,,SUPLENTE,0,175,https://divulgacandcontas.tse.jus.br/divulga/rest/arquivo/img/2045202024/160001927852/75353
VEREADOR,1,77020,160001956256,ALEXANDRE PAIVA,ALEXANDRO PAIVA DE SOUZA,,77,SOLIDARIEDADE,SOLIDARIEDADE,,,PARTIDO ISOLADO,MASCULINO,BRANCA,0,41,ENSINO MÉDIO COMPLETO,SOLTEIRO(A),TRABALHADOR DE CONSTRUÇÃO CIVIL,,SUPLENTE,0,175,https://divulgacandcontas.tse.jus.br/divulga/rest/arquivo/img/2045202024/160001956256/75353
VEREADOR,1,13007,160002168962,SÉRGIO GOMES,SÉRGIO AUGUSTO GOMES FERREIRA,,13,PT,PARTIDO DOS TRABALHADORES,13-PT/65-PC do B/43-PV,Federação BRASIL DA ESPERANÇA - FE BRASIL,FEDERAÇÃO,MASCULINO,BRANCA,0,58,SUPERIOR COMPLETO,CASADO(A),PROFESSOR DE ENSINO MÉDIO,,SUPLENTE,0,174,https://divulgacandcontas.tse.jus.br/divulga/rest/arquivo/img/2045202024/160002168962/75353
VEREADOR,1,35234,160002385243,PROFESSORA SARAI,SARAI BATISTA AGIBERT,,35,PMB,PARTIDO DA MULHER BRASILEIRA,,,PARTIDO ISOLADO,FEMININO,BRANCA,0,59,SUPERIOR COMPLETO,DIVORCIADO(A),APOSENTADO (EXCETO SERVIDOR PÚBLICO),,NÃO ELEITO,0,174,https://divulgacandcontas.tse.jus.br/divulga/rest/arquivo/img/2045202024/160002385243/75353
VEREADOR,1,40010,160001910387,ASTRID ROZA,ASTRID ROZA DA SILVA CUNHA NASCIMENTO,,40,PSB,PARTIDO SOCIALISTA BRASILEIRO,,,PARTIDO ISOLADO,FEMININO,BRANCA,0,32,SUPERIOR COMPLETO,SOLTEIRO(A),ENGENHEIRO,,SUPLENTE,0,173,https://divulgacandcontas.tse.jus.br/divulga/rest/arquivo/img/2045202024/160001910387/75353
VEREADOR,1,23156,160002351799,PROFESSOR JOÃO AUGUSTO,JOÃO CARLOS AUGUSTO,,23,CIDADANIA,CIDADANIA,45-PSDB/23-CIDADANIA,Federação PSDB CIDADANIA,FEDERAÇÃO,MASCULINO,PARDA,1,59,SUPERIOR COMPLETO,CASADO(A),FISCAL,,NÃO ELEITO,0,172,https://divulgacandcontas.tse.jus.br/divulga/rest/arquivo/img/2045202024/160002351799/75353
VEREADOR,1,23833,160002351800,MANINHO DAS FRUTAS,LUIZ CARLOS DOS SANTOS,,23,CIDADANIA,CIDADANIA,45-PSDB/23-CIDADANIA,Federação PSDB CIDADANIA,FEDERAÇÃO,MASCULINO,PRETA,1,56,ENSINO MÉDIO INCOMPLETO,CASADO(A),OUTROS,,NÃO ELEITO,0,169,https://divulgacandcontas.tse.jus.br/divulga/rest/arquivo/img/2045202024/160002351800/75353
VEREADOR,1,44200,160002173859,FERNANDINHA ,FERNANDA GUIMARÃES CORRÊA,,44,UNIÃO,UNIÃO BRASIL,,,PARTIDO ISOLADO,FEMININO,BRANCA,0,44,ENSINO MÉDIO COMPLETO,SOLTEIRO(A),MANICURE E MAQUILADOR,,SUPLENTE,0,169,https://divulgacandcontas.tse.jus.br/divulga/rest/arquivo/img/2045202024/160002173859/75353
VEREADOR,1,22041,160002155472,RICARDO RIBEIRO,RICARDO CONCEIÇÃO RIBEIRO,,22,PL,PARTIDO LIBERAL,,,PARTIDO ISOLADO,MASCULINO,PARDA,1,44,SUPERIOR COMPLETO,SOLTEIRO(A),EMPRESÁRIO,,SUPLENTE,0,165,https://divulgacandcontas.tse.jus.br/divulga/rest/arquivo/img/2045202024/160002155472/75353
VEREADOR,1,45000,160002351774,THABATA UHLIK,THABATA CRISTINA UHLIK VIEIRA,,45,PSDB,PARTIDO DA SOCIAL DEMOCRACIA BRASILEIRA,45-PSDB/23-CIDADANIA,Federação PSDB CIDADANIA,FEDERAÇÃO,FEMININO,BRANCA,0,37,SUPERIOR COMPLETO,SOLTEIRO(A),EMPRESÁRIO,,NÃO ELEITO,0,165,https://divulgacandcontas.tse.jus.br/divulga/rest/arquivo/img/2045202024/160002351774/75353
VEREADOR,1,25444,160002068263,OTAVIO DEROCHE,OTAVIO DEROCHE DE CARVALHO,,25,PRD,PARTIDO RENOVAÇÃO DEMOCRÁTICA,,,PARTIDO ISOLADO,MASCULINO,BRANCA,0,69,ENSINO MÉDIO COMPLETO,DIVORCIADO(A),REPRESENTANTE COMERCIAL,,NÃO ELEITO,0,164,https://divulgacandcontas.tse.jus.br/divulga/rest/arquivo/img/2045202024/160002068263/75353
VEREADOR,1,44099,160002173843,RONEI DO POSTO ,RONEI DESTEFANO GONÇALVES,,44,UNIÃO,UNIÃO BRASIL,,,PARTIDO ISOLADO,MASCULINO,BRANCA,0,46,ENSINO MÉDIO COMPLETO,DIVORCIADO(A),MOTORISTA PARTICULAR,,SUPLENTE,0,164,https://divulgacandcontas.tse.jus.br/divulga/rest/arquivo/img/2045202024/160002173843/75353
VEREADOR,1,25103,160002068226,GERSON SEVERIANO,GERSON LUIZ SEVERIANO,,25,PRD,PARTIDO RENOVAÇÃO DEMOCRÁTICA,,,PARTIDO ISOLADO,MASCULINO,PRETA,1,61,SUPERIOR COMPLETO,CASADO(A),EMPRESÁRIO,,NÃO ELEITO,0,163,https://divulgacandcontas.tse.jus.br/divulga/rest/arquivo/img/2045202024/160002068226/75353
VEREADOR,1,27200,160002383799,BAIXINHO DA KAISER,ISAIAS GARCINO DE OLIVEIRA,,27,DC,DEMOCRACIA CRISTÃ,,,PARTIDO ISOLADO,MASCULINO,BRANCA,0,68,ENSINO MÉDIO COMPLETO,CASADO(A),MECÂNICO DE MANUTENÇÃO,,NÃO ELEITO,0,162,https://divulgacandcontas.tse.jus.br/divulga/rest/arquivo/img/2045202024/160002383799/75353
VEREADOR,1,27764,160002145735,PROFESSORA FABIANA CARVALHO,FABIANA APARECIDA DA SILVA DE CARVALHO,,27,DC,DEMOCRACIA CRISTÃ,,,PARTIDO ISOLADO,FEMININO,BRANCA,0,48,SUPERIOR COMPLETO,CASADO(A),PROFESSOR DE ENSINO FUNDAMENTAL,,NÃO ELEITO,0,162,https://divulgacandcontas.tse.jus.br/divulga/rest/arquivo/img/2045202024/160002145735/75353
VEREADOR,1,28888,160002152017,ANDRE LEVECK,ANDRÉ LUIZ LEVECK,,28,PRTB,PARTIDO RENOVADOR TRABALHISTA BRASILEIRO,,,PARTIDO ISOLADO,MASCULINO,BRANCA,0,40,SUPERIOR INCOMPLETO,CASADO(A),"CORRETOR DE IMÓVEIS, SEGUROS, TÍTULOS E VALORES",,NÃO ELEITO,0,162,https://divulgacandcontas.tse.jus.br/divulga/rest/arquivo/img/2045202024/160002152017/75353
VEREADOR,1,20040,160002018598,SANDRO,SANDRO KUCZERA,,20,PODE,PODEMOS,,,PARTIDO ISOLADO,MASCULINO,BRANCA,0,50,ENSINO MÉDIO COMPLETO,SOLTEIRO(A),FOTÓGRAFO E ASSEMELHADOS,,SUPLENTE,0,160,https://divulgacandcontas.tse.jus.br/divulga/rest/arquivo/img/2045202024/160002018598/75353
VEREADOR,1,10023,160001952433,CAROL SALGADO,CAROLINA SALGADO DE OLIVEIRA ALVES,,10,REPUBLICANOS,REPUBLICANOS,,,PARTIDO ISOLADO,FEMININO,BRANCA,0,25,ENSINO MÉDIO COMPLETO,CASADO(A),ADMINISTRADOR,,SUPLENTE,0,159,https://divulgacandcontas.tse.jus.br/divulga/rest/arquivo/img/2045202024/160001952433/75353
VEREADOR,1,13133,160002168957,SAMUCA LEMOS,SAMUEL JULIANO LEMOS RANCATTI,,13,PT,PARTIDO DOS TRABALHADORES,13-PT/65-PC do B/43-PV,Federação BRASIL DA ESPERANÇA - FE BRASIL,FEDERAÇÃO,MASCULINO,PARDA,1,19,SUPERIOR INCOMPLETO,SOLTEIRO(A),"ESTUDANTE, BOLSISTA, ESTAGIÁRIO E ASSEMELHADOS",,SUPLENTE,0,159,https://divulgacandcontas.tse.jus.br/divulga/rest/arquivo/img/2045202024/160002168957/75353
VEREADOR,1,28088,160002152020,MARCOS AMARAL,MARCOS AMARAL ELIAS,,28,PRTB,PARTIDO RENOVADOR TRABALHISTA BRASILEIRO,,,PARTIDO ISOLADO,MASCULINO,PARDA,1,48,ENSINO MÉDIO COMPLETO,CASADO(A),"TÉCNICO DE ELETRICIDADE, ELETRÔNICA E TELECOMUNICAÇÕES",,NÃO ELEITO,0,159,https://divulgacandcontas.tse.jus.br/divulga/rest/arquivo/img/2045202024/160002152020/75353
VEREADOR,1,15551,160002159759,PROFESSORA FLOR,FLORENCIA VALERIA GALASTRI,,15,MDB,MOVIMENTO DEMOCRÁTICO BRASILEIRO,,,PARTIDO ISOLADO,FEMININO,BRANCA,0,64,SUPERIOR COMPLETO,DIVORCIADO(A),SERVIDOR PÚBLICO ESTADUAL,,SUPLENTE,0,158,https://divulgacandcontas.tse.jus.br/divulga/rest/arquivo/img/2045202024/160002159759/75353
VEREADOR,1,35350,160002302221,EVA RIBEIRO,EVA RIBEIRO BUENO PIRES,,35,PMB,PARTIDO DA MULHER BRASILEIRA,,,PARTIDO ISOLADO,FEMININO,BRANCA,0,73,ENSINO MÉDIO COMPLETO,DIVORCIADO(A),EMPRESÁRIO,,NÃO ELEITO,0,157,https://divulgacandcontas.tse.jus.br/divulga/rest/arquivo/img/2045202024/160002302221/75353
VEREADOR,1,27131,160002145747,SANDRO DO POVÃO,ALESSANDRO PEREIRA DA SILVA,,27,DC,DEMOCRACIA CRISTÃ,,,PARTIDO ISOLADO,MASCULINO,PRETA,1,42,ENSINO MÉDIO COMPLETO,CASADO(A),MOTORISTA PARTICULAR,,NÃO ELEITO,0,156,https://divulgacandcontas.tse.jus.br/divulga/rest/arquivo/img/2045202024/160002145747/75353
VEREADOR,1,28228,160002152035,PEDRINHO,PEDRO DA SILVA E SOUZA,,28,PRTB,PARTIDO RENOVADOR TRABALHISTA BRASILEIRO,,,PARTIDO ISOLADO,MASCULINO,BRANCA,0,65,ENSINO MÉDIO COMPLETO,CASADO(A),APOSENTADO (EXCETO SERVIDOR PÚBLICO),,NÃO ELEITO,0,156,https://divulgacandcontas.tse.jus.br/divulga/rest/arquivo/img/2045202024/160002152035/75353
VEREADOR,1,40840,160001910380,EDVILSON DIAS,EDVILSON DIAS DO NASCIMENTO,,40,PSB,PARTIDO SOCIALISTA BRASILEIRO,,,PARTIDO ISOLADO,MASCULINO,PARDA,1,57,SUPERIOR COMPLETO,SOLTEIRO(A),OUTROS,,SUPLENTE,0,154,https://divulgacandcontas.tse.jus.br/divulga/rest/arquivo/img/2045202024/160001910380/75353
VEREADOR,1,45123,160002351807,ABUJAMRA,MARCO ANTONIO ABUJAMRA,,45,PSDB,PARTIDO DA SOCIAL DEMOCRACIA BRASILEIRA,45-PSDB/23-CIDADANIA,Federação PSDB CIDADANIA,FEDERAÇÃO,MASCULINO,BRANCA,0,62,SUPERIOR COMPLETO,DIVORCIADO(A),"CORRETOR DE IMÓVEIS, SEGUROS, TÍTULOS E VALORES",,NÃO ELEITO,0,154,https://divulgacandcontas.tse.jus.br/divulga/rest/arquivo/img/2045202024/160002351807/75353
VEREADOR,1,50808,160001927860,VANESSA CALMON,VANESSA GEISTHOVEL CALMON,,50,PSOL,PARTIDO SOCIALISMO E LIBERDADE,50-PSOL/18-REDE,Federação PSOL REDE,FEDERAÇÃO,FEMININO,BRANCA,0,35,SUPERIOR COMPLETO,CASADO(A),OUTROS,,SUPLENTE,0,154,https://divulgacandcontas.tse.jus.br/divulga/rest/arquivo/img/2045202024/160001927860/75353
VEREADOR,1,77100,160001956245,ROMEU FRIEDLAENDER,ROMEU HERBERT FRIEDLAENDER,,77,SOLIDARIEDADE,SOLIDARIEDADE,,,PARTIDO ISOLADO,MASCULINO,BRANCA,0,77,SUPERIOR COMPLETO,SEPARADO(A) JUDICIALMENTE,CIENTISTA POLÍTICO,,SUPLENTE,0,154,https://divulgacandcontas.tse.jus.br/divulga/rest/arquivo/img/2045202024/160001956245/75353
VEREADOR,1,36952,160002023045,IRACY PAULA,IRACY PAULA DE ALMEIDA,,36,AGIR,AGIR,,,PARTIDO ISOLADO,FEMININO,BRANCA,0,69,ENSINO MÉDIO COMPLETO,DIVORCIADO(A),DONA DE CASA,,SUPLENTE,0,153,https://divulgacandcontas.tse.jus.br/divulga/rest/arquivo/img/2045202024/160002023045/75353
VEREADOR,1,30001,160002152931,LUANY BLAKA,LUANY SCHMIDLIN BLAKA,,30,NOVO,PARTIDO NOVO,,,PARTIDO ISOLADO,FEMININO,BRANCA,0,27,SUPERIOR INCOMPLETO,SOLTEIRO(A),"ESTUDANTE, BOLSISTA, ESTAGIÁRIO E ASSEMELHADOS",,SUPLENTE,0,152,https://divulgacandcontas.tse.jus.br/divulga/rest/arquivo/img/2045202024/160002152931/75353
VEREADOR,1,13333,160002168950,VAL FERREIRA,VALDECIR FERREIRA DA SILVA,,13,PT,PARTIDO DOS TRABALHADORES,13-PT/65-PC do B/43-PV,Federação BRASIL DA ESPERANÇA - FE BRASIL,FEDERAÇÃO,MASCULINO,PRETA,1,47,ENSINO FUNDAMENTAL COMPLETO,CASADO(A),OUTROS,,SUPLENTE,0,149,https://divulgacandcontas.tse.jus.br/divulga/rest/arquivo/img/2045202024/160002168950/75353
VEREADOR,1,40144,160001910372,ARI GOMES,ARISTIDES GOMES DA SIILVA,,40,PSB,PARTIDO SOCIALISTA BRASILEIRO,,,PARTIDO ISOLADO,MASCULINO,PARDA,1,42,SUPERIOR INCOMPLETO,CASADO(A),VIGILANTE,,SUPLENTE,0,149,https://divulgacandcontas.tse.jus.br/divulga/rest/arquivo/img/2045202024/160001910372/75353
VEREADOR,1,11121,160002073980,ALTAYR PACHECO,ALTAYR DIAS PACHECO,,11,PP,PROGRESSISTAS,,,PARTIDO ISOLADO,MASCULINO,PRETA,1,52,SUPERIOR COMPLETO,SOLTEIRO(A),CONTADOR,,SUPLENTE,0,148,https://divulgacandcontas.tse.jus.br/divulga/rest/arquivo/img/2045202024/160002073980/75353
VEREADOR,1,30063,160002152932,BARTOLO LIALI,BARTOLO LIALI FILHO,,30,NOVO,PARTIDO NOVO,,,PARTIDO ISOLADO,MASCULINO,BRANCA,0,61,SUPERIOR COMPLETO,DIVORCIADO(A),REPRESENTANTE COMERCIAL,,SUPLENTE,0,148,https://divulgacandcontas.tse.jus.br/divulga/rest/arquivo/img/2045202024/160002152932/75353
VEREADOR,1,40401,160001910395,EVONIR SOUZA,EVONIR RODRIGUES DE SOUZA,,40,PSB,PARTIDO SOCIALISTA BRASILEIRO,,,PARTIDO ISOLADO,MASCULINO,BRANCA,0,60,SUPERIOR COMPLETO,CASADO(A),OUTROS,,SUPLENTE,0,148,https://divulgacandcontas.tse.jus.br/divulga/rest/arquivo/img/2045202024/160001910395/75353
VEREADOR,1,44192,160002173858,CARLINHOS DA AMBULÂNCIA ,CARLOS REGNER PEDRO,,44,UNIÃO,UNIÃO BRASIL,,,PARTIDO ISOLADO,MASCULINO,BRANCA,0,57,SUPERIOR COMPLETO,CASADO(A),OUTROS,,SUPLENTE,0,147,https://divulgacandcontas.tse.jus.br/divulga/rest/arquivo/img/2045202024/160002173858/75353
VEREADOR,1,44400,160002173853,ALLAN ADESTRADOR,ALLAN GALVÃO,,44,UNIÃO,UNIÃO BRASIL,,,PARTIDO ISOLADO,MASCULINO,BRANCA,0,45,ENSINO MÉDIO COMPLETO,CASADO(A),OUTROS,,SUPLENTE,0,147,https://divulgacandcontas.tse.jus.br/divulga/rest/arquivo/img/2045202024/160002173853/75353
VEREADOR,1,27272,160002145724,MICHEL GIOVANELLA,MICHEL LEE GIOVANELLA,,27,DC,DEMOCRACIA CRISTÃ,,,PARTIDO ISOLADO,MASCULINO,BRANCA,0,41,SUPERIOR COMPLETO,CASADO(A),POLICIAL MILITAR,,NÃO ELEITO,0,146,https://divulgacandcontas.tse.jus.br/divulga/rest/arquivo/img/2045202024/160002145724/75353
VEREADOR,1,40666,160002022108,AMARILDO DE JESUS,AMARILDO OTACILIO DE JESUS,,40,PSB,PARTIDO SOCIALISTA BRASILEIRO,,,PARTIDO ISOLADO,MASCULINO,PARDA,1,56,ENSINO MÉDIO COMPLETO,CASADO(A),JORNALISTA E REDATOR,,SUPLENTE,0,146,https://divulgacandcontas.tse.jus.br/divulga/rest/arquivo/img/2045202024/160002022108/75353
VEREADOR,1,77444,160001956240,PROFESSORA MARCIA,MARCIA APARECIDA DE OLIVEIRA,,77,SOLIDARIEDADE,SOLIDARIEDADE,,,PARTIDO ISOLADO,FEMININO,PARDA,1,49,SUPERIOR COMPLETO,SOLTEIRO(A),PROFESSOR DE ENSINO MÉDIO,,SUPLENTE,0,146,https://divulgacandcontas.tse.jus.br/divulga/rest/arquivo/img/2045202024/160001956240/75353
VEREADOR,1,77112,160001956247,LU DO CAPÃO,LUCIANA DOS SANTOS,,77,SOLIDARIEDADE,SOLIDARIEDADE,,,PARTIDO ISOLADO,FEMININO,PRETA,1,52,SUPERIOR INCOMPLETO,DIVORCIADO(A),OUTROS,,SUPLENTE,0,144,https://divulgacandcontas.tse.jus.br/divulga/rest/arquivo/img/2045202024/160001956247/75353
VEREADOR,1,10001,160001952442,PELÉ LANDY,JOSE LANDY MARTINEZ JOHNS,,10,REPUBLICANOS,REPUBLICANOS,,,PARTIDO ISOLADO,MASCULINO,PRETA,1,51,ENSINO MÉDIO INCOMPLETO,CASADO(A),ATLETA PROFISSIONAL E TÉCNICO EM DESPORTOS,,SUPLENTE,0,143,https://divulgacandcontas.tse.jus.br/divulga/rest/arquivo/img/2045202024/160001952442/75353
VEREADOR,1,25678,160002068230,TIAGO TILLMANN,TIAGO AUGUSTO TILLMANN,,25,PRD,PARTIDO RENOVAÇÃO DEMOCRÁTICA,,,PARTIDO ISOLADO,MASCULINO,BRANCA,0,40,SUPERIOR COMPLETO,SOLTEIRO(A),ADMINISTRADOR,,NÃO ELEITO,0,143,https://divulgacandcontas.tse.jus.br/divulga/rest/arquivo/img/2045202024/160002068230/75353
VEREADOR,1,30230,160002152943,MATEUS TEIXEIRA,MATEUS EDUARDO LUBIAN TEIXEIRA,,30,NOVO,PARTIDO NOVO,,,PARTIDO ISOLADO,MASCULINO,PARDA,1,30,SUPERIOR INCOMPLETO,SOLTEIRO(A),PROFESSOR E INSTRUTOR DE FORMAÇÃO PROFISSIONAL,,SUPLENTE,0,143,https://divulgacandcontas.tse.jus.br/divulga/rest/arquivo/img/2045202024/160002152943/75353
VEREADOR,1,44300,160002173852,ALESSANDRA DORTE,ALESSANDRA PEREIRA RAMOS,,44,UNIÃO,UNIÃO BRASIL,,,PARTIDO ISOLADO,FEMININO,BRANCA,0,44,ENSINO MÉDIO COMPLETO,DIVORCIADO(A),TERAPEUTA,,SUPLENTE,0,143,https://divulgacandcontas.tse.jus.br/divulga/rest/arquivo/img/2045202024/160002173852/75353
VEREADOR,1,12025,160002162453,LUCIANO ANDRADE,LUCIANO MARCIO DE ANDRADE,,12,PDT,PARTIDO DEMOCRÁTICO TRABALHISTA,,,PARTIDO ISOLADO,MASCULINO,BRANCA,0,51,SUPERIOR COMPLETO,CASADO(A),SERVIDOR PÚBLICO FEDERAL,,SUPLENTE,0,142,https://divulgacandcontas.tse.jus.br/divulga/rest/arquivo/img/2045202024/160002162453/75353
VEREADOR,1,15700,160002159772,GABRIELA GRACINDO,GABRIELA PINHEIRO GRACINDO KERNESKI,,15,MDB,MOVIMENTO DEMOCRÁTICO BRASILEIRO,,,PARTIDO ISOLADO,FEMININO,NÃO INFORMADO,0,35,ENSINO MÉDIO COMPLETO,CASADO(A),"CORRETOR DE IMÓVEIS, SEGUROS, TÍTULOS E VALORES",,SUPLENTE,0,142,https://divulgacandcontas.tse.jus.br/divulga/rest/arquivo/img/2045202024/160002159772/75353
VEREADOR,1,27021,160002145727,ISMAEL SANTOS,ISMAEL ALVES DOS SANTOS,,27,DC,DEMOCRACIA CRISTÃ,,,PARTIDO ISOLADO,MASCULINO,BRANCA,0,63,ENSINO FUNDAMENTAL COMPLETO,CASADO(A),OUTROS,,NÃO ELEITO,0,142,https://divulgacandcontas.tse.jus.br/divulga/rest/arquivo/img/2045202024/160002145727/75353
VEREADOR,1,13321,160002168945,LEANDRO LEAL,LEANDRO DE SOUZA LEAL,,13,PT,PARTIDO DOS TRABALHADORES,13-PT/65-PC do B/43-PV,Federação BRASIL DA ESPERANÇA - FE BRASIL,FEDERAÇÃO,MASCULINO,BRANCA,0,48,SUPERIOR COMPLETO,SOLTEIRO(A),OUTROS,,SUPLENTE,0,140,https://divulgacandcontas.tse.jus.br/divulga/rest/arquivo/img/2045202024/160002168945/75353
VEREADOR,1,20088,160002018580,MARCOS RIBAS,MARCOS DE OLIVEIRA RIBAS,,20,PODE,PODEMOS,,,PARTIDO ISOLADO,MASCULINO,PARDA,1,54,SUPERIOR COMPLETO,CASADO(A),ADVOGADO,,SUPLENTE,0,138,https://divulgacandcontas.tse.jus.br/divulga/rest/arquivo/img/2045202024/160002018580/75353
VEREADOR,1,11380,160002074005,GIVA CURITIBA,GIVANILDO DE JESUS OLIVEIRA,,11,PP,PROGRESSISTAS,,,PARTIDO ISOLADO,MASCULINO,PARDA,1,49,ENSINO MÉDIO COMPLETO,CASADO(A),OUTROS,,SUPLENTE,0,137,https://divulgacandcontas.tse.jus.br/divulga/rest/arquivo/img/2045202024/160002074005/75353
VEREADOR,1,27044,160002145719,MÁRIO CÉSAR LIMA,MÁRIO CÉSAR LIMA,,27,DC,DEMOCRACIA CRISTÃ,,,PARTIDO ISOLADO,MASCULINO,BRANCA,0,58,ENSINO MÉDIO INCOMPLETO,CASADO(A),APOSENTADO (EXCETO SERVIDOR PÚBLICO),,NÃO ELEITO,0,136,https://divulgacandcontas.tse.jus.br/divulga/rest/arquivo/img/2045202024/160002145719/75353
VEREADOR,1,55002,160002135744,EDILSON WESTPHAL,EDILSON RENI WESTPHAL,,55,PSD,PARTIDO SOCIAL DEMOCRÁTICO,,,PARTIDO ISOLADO,MASCULINO,BRANCA,0,65,SUPERIOR INCOMPLETO,CASADO(A),EMPRESÁRIO,,SUPLENTE,0,135,https://divulgacandcontas.tse.jus.br/divulga/rest/arquivo/img/2045202024/160002135744/75353
VEREADOR,1,55018,160002135743,SOSSO,SONIA MARIA ESTANSK,,55,PSD,PARTIDO SOCIAL DEMOCRÁTICO,,,PARTIDO ISOLADO,FEMININO,PRETA,1,65,ENSINO MÉDIO COMPLETO,SOLTEIRO(A),ARTISTA PLÁSTICO E ASSEMELHADOS,,SUPLENTE,0,135,https://divulgacandcontas.tse.jus.br/divulga/rest/arquivo/img/2045202024/160002135743/75353
VEREADOR,1,25525,160002068235,ICARO DUAN,ICARO DUAN PEREIRA FRANÇA,,25,PRD,PARTIDO RENOVAÇÃO DEMOCRÁTICA,,,PARTIDO ISOLADO,MASCULINO,BRANCA,0,32,SUPERIOR INCOMPLETO,SOLTEIRO(A),OUTROS,,NÃO ELEITO,0,134,https://divulgacandcontas.tse.jus.br/divulga/rest/arquivo/img/2045202024/160002068235/75353
VEREADOR,1,77004,160001956264,LUIZ CABELEIREIRO DA CIC,LUIZ ANTONIO ALVES,,77,SOLIDARIEDADE,SOLIDARIEDADE,,,PARTIDO ISOLADO,MASCULINO,BRANCA,0,64,ENSINO MÉDIO INCOMPLETO,CASADO(A),CABELEIREIRO E BARBEIRO,,SUPLENTE,0,134,https://divulgacandcontas.tse.jus.br/divulga/rest/arquivo/img/2045202024/160001956264/75353
VEREADOR,1,12347,160002162471,MARCOS COSTA,MARCOS COSTA JUNIOR,,12,PDT,PARTIDO DEMOCRÁTICO TRABALHISTA,,,PARTIDO ISOLADO,MASCULINO,BRANCA,0,57,SUPERIOR COMPLETO,CASADO(A),ANALISTA DE SISTEMAS,,SUPLENTE,0,133,https://divulgacandcontas.tse.jus.br/divulga/rest/arquivo/img/2045202024/160002162471/75353
VEREADOR,1,28345,160002375617,ROBERTO  HERDEIROS ,CARLOS ROBERTO PEREIRA,,28,PRTB,PARTIDO RENOVADOR TRABALHISTA BRASILEIRO,,,PARTIDO ISOLADO,MASCULINO,BRANCA,0,60,ENSINO MÉDIO INCOMPLETO,CASADO(A),CANTOR E COMPOSITOR,,NÃO ELEITO,0,133,https://divulgacandcontas.tse.jus.br/divulga/rest/arquivo/img/2045202024/160002375617/75353
VEREADOR,1,36336,160002023042,EDNEIA DO BOA VISTA,EDNEIA SILVA DE JESUS,,36,AGIR,AGIR,,,PARTIDO ISOLADO,FEMININO,PARDA,1,52,ENSINO FUNDAMENTAL COMPLETO,SOLTEIRO(A),COMERCIANTE,,SUPLENTE,0,132,https://divulgacandcontas.tse.jus.br/divulga/rest/arquivo/img/2045202024/160002023042/75353
VEREADOR,1,12789,160002162457,VALQUIRIA ECOLIFE,VALQUIRIA ROBERTA DO ROCIO SOUZA,,12,PDT,PARTIDO DEMOCRÁTICO TRABALHISTA,,,PARTIDO ISOLADO,FEMININO,BRANCA,0,40,SUPERIOR COMPLETO,SOLTEIRO(A),BIÓLOGO,,SUPLENTE,0,130,https://divulgacandcontas.tse.jus.br/divulga/rest/arquivo/img/2045202024/160002162457/75353
VEREADOR,1,27270,160002145720,FÁBIA GOUVEA,FÁBIA CRISTINA GOUVEA,,27,DC,DEMOCRACIA CRISTÃ,,,PARTIDO ISOLADO,FEMININO,BRANCA,0,50,SUPERIOR INCOMPLETO,SOLTEIRO(A),TERAPEUTA,,NÃO ELEITO,0,130,https://divulgacandcontas.tse.jus.br/divulga/rest/arquivo/img/2045202024/160002145720/75353
VEREADOR,1,33345,160002022828,TONY CORDEIRO,ANTONIO LEOCADIO CORDEIRO,,33,MOBILIZA,MOBILIZAÇÃO NACIONAL,,,PARTIDO ISOLADO,MASCULINO,BRANCA,0,61,ENSINO MÉDIO COMPLETO,CASADO(A),APOSENTADO (EXCETO SERVIDOR PÚBLICO),,NÃO ELEITO,0,130,https://divulgacandcontas.tse.jus.br/divulga/rest/arquivo/img/2045202024/160002022828/75353
VEREADOR,1,40458,160001910386,ANDRE SOCIO,ANDRE LUIZ SOCIO,,40,PSB,PARTIDO SOCIALISTA BRASILEIRO,,,PARTIDO ISOLADO,MASCULINO,BRANCA,0,42,ENSINO MÉDIO INCOMPLETO,CASADO(A),MOTORISTA PARTICULAR,,SUPLENTE,0,129,https://divulgacandcontas.tse.jus.br/divulga/rest/arquivo/img/2045202024/160001910386/75353
VEREADOR,1,22888,160002155451,DOUGLAS SALMAZO POUBEL,DOUGLAS SALMAZO POUBEL,,22,PL,PARTIDO LIBERAL,,,PARTIDO ISOLADO,MASCULINO,BRANCA,0,53,SUPERIOR COMPLETO,CASADO(A),ADVOGADO,,SUPLENTE,0,128,https://divulgacandcontas.tse.jus.br/divulga/rest/arquivo/img/2045202024/160002155451/75353
VEREADOR,1,27890,160002145712,LAERTES RIBEIRO,JOÃO LAERTES RIBEIRO,,27,DC,DEMOCRACIA CRISTÃ,,,PARTIDO ISOLADO,MASCULINO,BRANCA,0,58,ENSINO MÉDIO COMPLETO,DIVORCIADO(A),OUTROS,,NÃO ELEITO,0,127,https://divulgacandcontas.tse.jus.br/divulga/rest/arquivo/img/2045202024/160002145712/75353
VEREADOR,1,33456,160002022843,JUAREZ HORNE,JUAREZ HORNE,,33,MOBILIZA,MOBILIZAÇÃO NACIONAL,,,PARTIDO ISOLADO,MASCULINO,BRANCA,0,51,ENSINO FUNDAMENTAL INCOMPLETO,SOLTEIRO(A),EMPRESÁRIO,,NÃO ELEITO,0,127,https://divulgacandcontas.tse.jus.br/divulga/rest/arquivo/img/2045202024/160002022843/75353
VEREADOR,1,27127,160002145740,GÜNTHER RIBAS,GUNTHER NÓBREGA RIBAS,,27,DC,DEMOCRACIA CRISTÃ,,,PARTIDO ISOLADO,MASCULINO,BRANCA,0,47,ENSINO MÉDIO COMPLETO,CASADO(A),EMPRESÁRIO,,NÃO ELEITO,0,126,https://divulgacandcontas.tse.jus.br/divulga/rest/arquivo/img/2045202024/160002145740/75353
VEREADOR,1,27137,160002145729,PATTY HOFFMANN,ÂNGELA PATRÍCIA HOFFMANN HOOGEVOONINK,,27,DC,DEMOCRACIA CRISTÃ,,,PARTIDO ISOLADO,FEMININO,BRANCA,0,47,ENSINO MÉDIO COMPLETO,CASADO(A),OUTROS,,NÃO ELEITO,0,126,https://divulgacandcontas.tse.jus.br/divulga/rest/arquivo/img/2045202024/160002145729/75353
VEREADOR,1,30007,160002152940,ALESSON DIEGO JANUARIO,ALESSON DIEGO JANUARIO DOS SANTOS,,30,NOVO,PARTIDO NOVO,,,PARTIDO ISOLADO,MASCULINO,PRETA,1,36,SUPERIOR COMPLETO,CASADO(A),GERENTE,,NÃO ELEITO,0,126,https://divulgacandcontas.tse.jus.br/divulga/rest/arquivo/img/2045202024/160002152940/75353
VEREADOR,1,18333,160001927870,DULCE MORENO,DULCINEIA RIBEIRO BOVOLENTA,,18,REDE,REDE SUSTENTABILIDADE,50-PSOL/18-REDE,Federação PSOL REDE,FEDERAÇÃO,FEMININO,PRETA,1,56,ENSINO MÉDIO COMPLETO,DIVORCIADO(A),OUTROS,,SUPLENTE,0,125,https://divulgacandcontas.tse.jus.br/divulga/rest/arquivo/img/2045202024/160001927870/75353
VEREADOR,1,22234,160002155458,ANTONIO EUDES,ANTONIO EUDES CARDOSO,,22,PL,PARTIDO LIBERAL,,,PARTIDO ISOLADO,MASCULINO,BRANCA,0,74,ENSINO MÉDIO COMPLETO,DIVORCIADO(A),"CORRETOR DE IMÓVEIS, SEGUROS, TÍTULOS E VALORES",,SUPLENTE,0,125,https://divulgacandcontas.tse.jus.br/divulga/rest/arquivo/img/2045202024/160002155458/75353
VEREADOR,1,18800,160002385266,GEOVANNA MONTALDI,GEOVANNA MONTALDI,,18,REDE,REDE SUSTENTABILIDADE,50-PSOL/18-REDE,Federação PSOL REDE,FEDERAÇÃO,FEMININO,BRANCA,0,23,ENSINO MÉDIO COMPLETO,SOLTEIRO(A),PROFESSOR DE ENSINO MÉDIO,,SUPLENTE,0,123,https://divulgacandcontas.tse.jus.br/divulga/rest/arquivo/img/2045202024/160002385266/75353
VEREADOR,1,77321,160001956242,PAULINHO DO APP,PAULO SÉRGIO DE LIMA,,77,SOLIDARIEDADE,SOLIDARIEDADE,,,PARTIDO ISOLADO,MASCULINO,BRANCA,0,42,ENSINO MÉDIO COMPLETO,CASADO(A),OUTROS,,SUPLENTE,0,123,https://divulgacandcontas.tse.jus.br/divulga/rest/arquivo/img/2045202024/160001956242/75353
VEREADOR,1,20597,160002018586,CARLA MARINHO,CARLA RODRIGUES MARINHO,,20,PODE,PODEMOS,,,PARTIDO ISOLADO,FEMININO,BRANCA,0,50,SUPERIOR COMPLETO,SOLTEIRO(A),CONTADOR,,SUPLENTE,0,122,https://divulgacandcontas.tse.jus.br/divulga/rest/arquivo/img/2045202024/160002018586/75353
VEREADOR,1,13040,160002168940,NIVALDO NOGA,NIVALDO DE MELO NOGA,,13,PT,PARTIDO DOS TRABALHADORES,13-PT/65-PC do B/43-PV,Federação BRASIL DA ESPERANÇA - FE BRASIL,FEDERAÇÃO,MASCULINO,BRANCA,0,64,SUPERIOR INCOMPLETO,DIVORCIADO(A),ADMINISTRADOR,,SUPLENTE,0,118,https://divulgacandcontas.tse.jus.br/divulga/rest/arquivo/img/2045202024/160002168940/75353
VEREADOR,1,23015,160002351784,ROSE CABELEIREIRA ,ROSILENE DO NASCIMENTO ANTUNES,,23,CIDADANIA,CIDADANIA,45-PSDB/23-CIDADANIA,Federação PSDB CIDADANIA,FEDERAÇÃO,FEMININO,BRANCA,0,57,ENSINO MÉDIO COMPLETO,CASADO(A),CABELEIREIRO E BARBEIRO,,NÃO ELEITO,0,117,https://divulgacandcontas.tse.jus.br/divulga/rest/arquivo/img/2045202024/160002351784/75353
VEREADOR,1,77417,160001956253,DONA EDI,EDILAINE CRISTINA FERREIRA GOMES BONATO,,77,SOLIDARIEDADE,SOLIDARIEDADE,,,PARTIDO ISOLADO,FEMININO,PARDA,1,47,SUPERIOR COMPLETO,CASADO(A),ADVOGADO,,SUPLENTE,0,117,https://divulgacandcontas.tse.jus.br/divulga/rest/arquivo/img/2045202024/160001956253/75353
VEREADOR,1,27227,160002397420,ALOIZ ANTOCHEVIS,ALOIZ ANTOCHEVIS,,27,DC,DEMOCRACIA CRISTÃ,,,PARTIDO ISOLADO,MASCULINO,BRANCA,0,64,SUPERIOR COMPLETO,CASADO(A),APOSENTADO (EXCETO SERVIDOR PÚBLICO),,NÃO ELEITO,0,115,https://divulgacandcontas.tse.jus.br/divulga/rest/arquivo/img/2045202024/160002397420/75353
VEREADOR,1,12223,160002162463,CICLISTA WENCESLAU,WENCESLAU DE MENEZES PIRES,,12,PDT,PARTIDO DEMOCRÁTICO TRABALHISTA,,,PARTIDO ISOLADO,MASCULINO,BRANCA,0,58,SUPERIOR INCOMPLETO,SOLTEIRO(A),"TÉCNICO DE ELETRICIDADE, ELETRÔNICA E TELECOMUNICAÇÕES",,SUPLENTE,0,114,https://divulgacandcontas.tse.jus.br/divulga/rest/arquivo/img/2045202024/160002162463/75353
VEREADOR,1,35179,160002302227,LEOMAR,ALOISIO DE SOUZA,,35,PMB,PARTIDO DA MULHER BRASILEIRA,,,PARTIDO ISOLADO,MASCULINO,BRANCA,0,75,ENSINO FUNDAMENTAL INCOMPLETO,SOLTEIRO(A),APOSENTADO (EXCETO SERVIDOR PÚBLICO),,NÃO ELEITO,0,113,https://divulgacandcontas.tse.jus.br/divulga/rest/arquivo/img/2045202024/160002302227/75353
VEREADOR,1,27627,160002145733,SILVANA FESTA CAUSA ANIMAL,SILVANA FESTA DIAS,,27,DC,DEMOCRACIA CRISTÃ,,,PARTIDO ISOLADO,FEMININO,BRANCA,0,40,ENSINO MÉDIO COMPLETO,SOLTEIRO(A),"CORRETOR DE IMÓVEIS, SEGUROS, TÍTULOS E VALORES",,NÃO ELEITO,0,112,https://divulgacandcontas.tse.jus.br/divulga/rest/arquivo/img/2045202024/160002145733/75353
VEREADOR,1,45221,160002351782,NORMA CECY,NORMA CECY KAVISKI,,45,PSDB,PARTIDO DA SOCIAL DEMOCRACIA BRASILEIRA,45-PSDB/23-CIDADANIA,Federação PSDB CIDADANIA,FEDERAÇÃO,FEMININO,BRANCA,0,60,SUPERIOR COMPLETO,SOLTEIRO(A),PRODUTOR DE ESPETÁCULOS PÚBLICOS,,NÃO ELEITO,0,109,https://divulgacandcontas.tse.jus.br/divulga/rest/arquivo/img/2045202024/160002351782/75353
VEREADOR,1,10300,160001952415,CAMILA LUZA,CAMILA LUZA,,10,REPUBLICANOS,REPUBLICANOS,,,PARTIDO ISOLADO,FEMININO,BRANCA,0,30,SUPERIOR INCOMPLETO,SOLTEIRO(A),GERENTE,,SUPLENTE,0,108,https://divulgacandcontas.tse.jus.br/divulga/rest/arquivo/img/2045202024/160001952415/75353
VEREADOR,1,30011,160002152920,LÉO CESAR TEIXEIRA,LEO CESAR TEIXEIRA,,30,NOVO,PARTIDO NOVO,,,PARTIDO ISOLADO,MASCULINO,BRANCA,0,42,SUPERIOR COMPLETO,CASADO(A),MOTOBOY,,SUPLENTE,0,108,https://divulgacandcontas.tse.jus.br/divulga/rest/arquivo/img/2045202024/160002152920/75353
VEREADOR,1,30789,160002152926,ALVARO PEDROSO,ALVARO JOSE PEDROSO,,30,NOVO,PARTIDO NOVO,,,PARTIDO ISOLADO,MASCULINO,BRANCA,0,70,SUPERIOR COMPLETO,VIÚVO(A),PROFESSOR E INSTRUTOR DE FORMAÇÃO PROFISSIONAL,,SUPLENTE,0,108,https://divulgacandcontas.tse.jus.br/divulga/rest/arquivo/img/2045202024/160002152926/75353
VEREADOR,1,35835,160002302225,SILVANA ROSA,SILVANA ROSA PEREIRA,,35,PMB,PARTIDO DA MULHER BRASILEIRA,,,PARTIDO ISOLADO,FEMININO,BRANCA,0,50,ENSINO MÉDIO COMPLETO,CASADO(A),EMPRESÁRIO,,NÃO ELEITO,0,108,https://divulgacandcontas.tse.jus.br/divulga/rest/arquivo/img/2045202024/160002302225/75353
VEREADOR,1,40192,160001910393,ROBERTO ALEXANDRINO CEARÁ,ROBERTO ALEXANDRINO DA SILVA,,40,PSB,PARTIDO SOCIALISTA BRASILEIRO,,,PARTIDO ISOLADO,MASCULINO,BRANCA,0,57,ENSINO MÉDIO COMPLETO,SOLTEIRO(A),OUTROS,,SUPLENTE,0,108,https://divulgacandcontas.tse.jus.br/divulga/rest/arquivo/img/2045202024/160001910393/75353
VEREADOR,1,44888,160002173850,KETH GRASSI,KETHELYN CHRISTINE GRASSI,,44,UNIÃO,UNIÃO BRASIL,,,PARTIDO ISOLADO,FEMININO,BRANCA,0,45,SUPERIOR COMPLETO,SOLTEIRO(A),OUTROS,,SUPLENTE,0,107,https://divulgacandcontas.tse.jus.br/divulga/rest/arquivo/img/2045202024/160002173850/75353
VEREADOR,1,44999,160002173839,RENE PENINHA ,RENE PAULO FONTANELLI MACHADO,,44,UNIÃO,UNIÃO BRASIL,,,PARTIDO ISOLADO,MASCULINO,BRANCA,0,66,SUPERIOR INCOMPLETO,CASADO(A),OUTROS,,SUPLENTE,0,107,https://divulgacandcontas.tse.jus.br/divulga/rest/arquivo/img/2045202024/160002173839/75353
VEREADOR,1,23021,160002351811,ALDEMI MORAIS,ALDEMI ALVES DE MORAIS,,23,CIDADANIA,CIDADANIA,45-PSDB/23-CIDADANIA,Federação PSDB CIDADANIA,FEDERAÇÃO,MASCULINO,PARDA,1,68,ENSINO FUNDAMENTAL COMPLETO,CASADO(A),APOSENTADO (EXCETO SERVIDOR PÚBLICO),,NÃO ELEITO,0,105,https://divulgacandcontas.tse.jus.br/divulga/rest/arquivo/img/2045202024/160002351811/75353
VEREADOR,1,44567,160002173864,COMENDADOR JOÃO CARLOS,JOÃO CARLOS TEIXEIRA,,44,UNIÃO,UNIÃO BRASIL,,,PARTIDO ISOLADO,MASCULINO,BRANCA,0,55,ENSINO MÉDIO COMPLETO,CASADO(A),ESCRITOR E CRÍTICO,,SUPLENTE,0,105,https://divulgacandcontas.tse.jus.br/divulga/rest/arquivo/img/2045202024/160002173864/75353
VEREADOR,1,23999,160002351796,VÉIO DA VAN,ANDERSON FERNANDES CORREIA,,23,CIDADANIA,CIDADANIA,45-PSDB/23-CIDADANIA,Federação PSDB CIDADANIA,FEDERAÇÃO,MASCULINO,BRANCA,0,53,ENSINO MÉDIO COMPLETO,VIÚVO(A),MOTORISTA DE VEÍCULOS DE TRANSPORTE COLETIVO DE PASSAGEIROS,,NÃO ELEITO,0,104,https://divulgacandcontas.tse.jus.br/divulga/rest/arquivo/img/2045202024/160002351796/75353
VEREADOR,1,12999,160002162465,AMANDA GAIA,AMANDA GALLEGO DONDA,,12,PDT,PARTIDO DEMOCRÁTICO TRABALHISTA,,,PARTIDO ISOLADO,FEMININO,BRANCA,0,38,SUPERIOR COMPLETO,SOLTEIRO(A),ARTISTA PLÁSTICO E ASSEMELHADOS,,SUPLENTE,0,102,https://divulgacandcontas.tse.jus.br/divulga/rest/arquivo/img/2045202024/160002162465/75353
VEREADOR,1,25006,160002068264,SELMA MAROLD,SELMA LUISA DO NASCIMENTO MAROLD,,25,PRD,PARTIDO RENOVAÇÃO DEMOCRÁTICA,,,PARTIDO ISOLADO,FEMININO,BRANCA,0,68,ENSINO FUNDAMENTAL COMPLETO,VIÚVO(A),DONA DE CASA,,NÃO ELEITO,0,102,https://divulgacandcontas.tse.jus.br/divulga/rest/arquivo/img/2045202024/160002068264/75353
VEREADOR,1,18020,160001927867,NATALINA DE JESUS,NATALINA DE JESUS DA SILVA,,18,REDE,REDE SUSTENTABILIDADE,50-PSOL/18-REDE,Federação PSOL REDE,FEDERAÇÃO,FEMININO,NÃO INFORMADO,0,70,LÊ E ESCREVE,VIÚVO(A),OUTROS,,SUPLENTE,0,101,https://divulgacandcontas.tse.jus.br/divulga/rest/arquivo/img/2045202024/160001927867/75353
VEREADOR,1,12321,160002162455,PAOLA REIS,PAOLA ALVES DOS REIS,,12,PDT,PARTIDO DEMOCRÁTICO TRABALHISTA,,,PARTIDO ISOLADO,FEMININO,INDÍGENA,0,44,SUPERIOR INCOMPLETO,SOLTEIRO(A),CABELEIREIRO E BARBEIRO,,SUPLENTE,0,98,https://divulgacandcontas.tse.jus.br/divulga/rest/arquivo/img/2045202024/160002162455/75353
VEREADOR,1,25192,160002068238,EDNA DA SAÚDE,EDNA MARA VEIGA ALVES,,25,PRD,PARTIDO RENOVAÇÃO DEMOCRÁTICA,,,PARTIDO ISOLADO,FEMININO,BRANCA,0,55,SUPERIOR COMPLETO,SOLTEIRO(A),ASSISTENTE SOCIAL,,NÃO ELEITO,0,98,https://divulgacandcontas.tse.jus.br/divulga/rest/arquivo/img/2045202024/160002068238/75353
VEREADOR,1,40402,160001910403,VALTER MORAES,VALTER MORAES MENDES,,40,PSB,PARTIDO SOCIALISTA BRASILEIRO,,,PARTIDO ISOLADO,MASCULINO,PARDA,1,50,ENSINO MÉDIO INCOMPLETO,SOLTEIRO(A),MOTORISTA DE VEÍCULOS DE TRANSPORTE DE CARGA,,SUPLENTE,0,98,https://divulgacandcontas.tse.jus.br/divulga/rest/arquivo/img/2045202024/160001910403/75353
VEREADOR,1,50050,160001927865,JUVANCI,JOSÉ JUVANCI DA SILVA,,50,PSOL,PARTIDO SOCIALISMO E LIBERDADE,50-PSOL/18-REDE,Federação PSOL REDE,FEDERAÇÃO,MASCULINO,PARDA,1,71,SUPERIOR COMPLETO,CASADO(A),OUTROS,,SUPLENTE,0,97,https://divulgacandcontas.tse.jus.br/divulga/rest/arquivo/img/2045202024/160001927865/75353
VEREADOR,1,77431,160001956249,PASTORA TATIANE GALVÃO,TATIANE DOS SANTOS GALVÃO,,77,SOLIDARIEDADE,SOLIDARIEDADE,,,PARTIDO ISOLADO,FEMININO,BRANCA,0,43,ENSINO MÉDIO INCOMPLETO,CASADO(A),OUTROS,,SUPLENTE,0,95,https://divulgacandcontas.tse.jus.br/divulga/rest/arquivo/img/2045202024/160001956249/75353
VEREADOR,1,77001,160001956270,ANA MARIA,ANA MARIA ANTONIO WISNIEWSKI,,77,SOLIDARIEDADE,SOLIDARIEDADE,,,PARTIDO ISOLADO,FEMININO,BRANCA,0,56,SUPERIOR COMPLETO,CASADO(A),ADMINISTRADOR,,SUPLENTE,0,94,https://divulgacandcontas.tse.jus.br/divulga/rest/arquivo/img/2045202024/160001956270/75353
VEREADOR,1,33632,160002022840,IRIO SCOLIMOSKI,IRIO SCOLIMOSKI,,33,MOBILIZA,MOBILIZAÇÃO NACIONAL,,,PARTIDO ISOLADO,MASCULINO,BRANCA,0,61,ENSINO MÉDIO COMPLETO,SOLTEIRO(A),"TÉCNICO CONTABILIDADE, ESTATÍSTICA, ECONOMIA DOMÉSTICA E ADMINISTRAÇÃO",,NÃO ELEITO,0,92,https://divulgacandcontas.tse.jus.br/divulga/rest/arquivo/img/2045202024/160002022840/75353
VEREADOR,1,35400,160002302251,ELCY DA VILA AUDI,ELCY BARRETO FERNANDES,,35,PMB,PARTIDO DA MULHER BRASILEIRA,,,PARTIDO ISOLADO,MASCULINO,PARDA,1,57,SUPERIOR INCOMPLETO,DIVORCIADO(A),EMPRESÁRIO,,NÃO ELEITO,0,92,https://divulgacandcontas.tse.jus.br/divulga/rest/arquivo/img/2045202024/160002302251/75353
VEREADOR,1,40555,160001910381,DR. MESAEL CAETANO,MESAEL CAETANO DOS SANTOS,,40,PSB,PARTIDO SOCIALISTA BRASILEIRO,,,PARTIDO ISOLADO,MASCULINO,PRETA,1,58,SUPERIOR COMPLETO,SOLTEIRO(A),ADVOGADO,,SUPLENTE,0,92,https://divulgacandcontas.tse.jus.br/divulga/rest/arquivo/img/2045202024/160001910381/75353
VEREADOR,1,20444,160002018592,KELLY SPENA,KELLY CORDEIRO SPENA,,20,PODE,PODEMOS,,,PARTIDO ISOLADO,FEMININO,BRANCA,0,44,SUPERIOR COMPLETO,SOLTEIRO(A),OUTROS,,SUPLENTE,0,91,https://divulgacandcontas.tse.jus.br/divulga/rest/arquivo/img/2045202024/160002018592/75353
VEREADOR,1,55525,160002135750,MIRANHA DO CAJURU,EMERSON FELIX VELOSO,,55,PSD,PARTIDO SOCIAL DEMOCRÁTICO,,,PARTIDO ISOLADO,MASCULINO,BRANCA,0,51,ENSINO MÉDIO INCOMPLETO,SOLTEIRO(A),TAXISTA,,SUPLENTE,0,91,https://divulgacandcontas.tse.jus.br/divulga/rest/arquivo/img/2045202024/160002135750/75353
VEREADOR,1,40321,160001910400,PROFESSORA MIRIAM,MIRIAM PEREIRA DANTAS STROHSCHEIN NANTES,,40,PSB,PARTIDO SOCIALISTA BRASILEIRO,,,PARTIDO ISOLADO,FEMININO,BRANCA,0,49,SUPERIOR COMPLETO,CASADO(A),PROFESSOR DE ENSINO FUNDAMENTAL,,SUPLENTE,0,90,https://divulgacandcontas.tse.jus.br/divulga/rest/arquivo/img/2045202024/160001910400/75353
VEREADOR,1,77420,160001956269,LENI,LENI SILVA DE ARAUJO,,77,SOLIDARIEDADE,SOLIDARIEDADE,,,PARTIDO ISOLADO,FEMININO,BRANCA,0,58,SUPERIOR COMPLETO,SOLTEIRO(A),TÉCNICO DE ENFERMAGEM E ASSEMELHADOS (EXCETO ENFERMEIRO),,SUPLENTE,0,90,https://divulgacandcontas.tse.jus.br/divulga/rest/arquivo/img/2045202024/160001956269/75353
VEREADOR,1,15156,160002398108,SIMONE PROTETORA DOS ANIMAIS,SIMONE DE FATIMA ANTOCHESKI,,15,MDB,MOVIMENTO DEMOCRÁTICO BRASILEIRO,,,PARTIDO ISOLADO,FEMININO,PARDA,1,50,SUPERIOR COMPLETO,SOLTEIRO(A),COMERCIANTE,,NÃO ELEITO,0,89,https://divulgacandcontas.tse.jus.br/divulga/rest/arquivo/img/2045202024/160002398108/75353
VEREADOR,1,30331,160002152933,IRENA DAWIDOWICZ,IRENA DAWIDOWICZ WOLOSZYN,,30,NOVO,PARTIDO NOVO,,,PARTIDO ISOLADO,FEMININO,BRANCA,0,64,SUPERIOR COMPLETO,CASADO(A),ADVOGADO,,SUPLENTE,0,89,https://divulgacandcontas.tse.jus.br/divulga/rest/arquivo/img/2045202024/160002152933/75353
VEREADOR,1,30396,160002152921,LORENZO DA SAÚDE,LORENZO OSVALDO PIZARRO MOLINA,,30,NOVO,PARTIDO NOVO,,,PARTIDO ISOLADO,MASCULINO,BRANCA,0,45,SUPERIOR COMPLETO,SOLTEIRO(A),ENFERMEIRO,,SUPLENTE,0,89,https://divulgacandcontas.tse.jus.br/divulga/rest/arquivo/img/2045202024/160002152921/75353
VEREADOR,1,10755,160002387822,REGIANE MOREIRA,REGIANE MOREIRA DA SILVA,,10,REPUBLICANOS,REPUBLICANOS,,,PARTIDO ISOLADO,FEMININO,PARDA,1,46,SUPERIOR COMPLETO,SOLTEIRO(A),CONTADOR,,SUPLENTE,0,87,https://divulgacandcontas.tse.jus.br/divulga/rest/arquivo/img/2045202024/160002387822/75353
VEREADOR,1,15222,160002159768,ELIZEU DA SAUDE PREVE,ELIZEU RIBEIRO DA SILVA,,15,MDB,MOVIMENTO DEMOCRÁTICO BRASILEIRO,,,PARTIDO ISOLADO,MASCULINO,PRETA,1,60,SUPERIOR COMPLETO,CASADO(A),EMPRESÁRIO,,SUPLENTE,0,87,https://divulgacandcontas.tse.jus.br/divulga/rest/arquivo/img/2045202024/160002159768/75353
VEREADOR,1,28208,160002152010,JOSI DO SALÃO,JOSIRENE NOBRE RIBEIRO DE OLIVEIRA,,28,PRTB,PARTIDO RENOVADOR TRABALHISTA BRASILEIRO,,,PARTIDO ISOLADO,FEMININO,BRANCA,0,59,ENSINO MÉDIO COMPLETO,DIVORCIADO(A),CABELEIREIRO E BARBEIRO,,NÃO ELEITO,0,87,https://divulgacandcontas.tse.jus.br/divulga/rest/arquivo/img/2045202024/160002152010/75353
VEREADOR,1,36123,160002023043,GABRIEL FERNANDES,GABRIEL FERNANDES DOS SANTOS,,36,AGIR,AGIR,,,PARTIDO ISOLADO,MASCULINO,PRETA,1,37,SUPERIOR INCOMPLETO,DIVORCIADO(A),MOTORISTA PARTICULAR,,SUPLENTE,0,87,https://divulgacandcontas.tse.jus.br/divulga/rest/arquivo/img/2045202024/160002023043/75353
VEREADOR,1,15033,160002159766,MARA MÃE,MARALICE KAMAROWSKI,,15,MDB,MOVIMENTO DEMOCRÁTICO BRASILEIRO,,,PARTIDO ISOLADO,FEMININO,BRANCA,0,54,ENSINO MÉDIO COMPLETO,VIÚVO(A),OUTROS,,SUPLENTE,0,85,https://divulgacandcontas.tse.jus.br/divulga/rest/arquivo/img/2045202024/160002159766/75353
VEREADOR,1,28033,160002152024,LUDOVICO,JOSÉ LUDOVICO PEPLINSKI,,28,PRTB,PARTIDO RENOVADOR TRABALHISTA BRASILEIRO,,,PARTIDO ISOLADO,MASCULINO,BRANCA,0,68,ENSINO MÉDIO INCOMPLETO,SEPARADO(A) JUDICIALMENTE,APOSENTADO (EXCETO SERVIDOR PÚBLICO),,NÃO ELEITO,0,85,https://divulgacandcontas.tse.jus.br/divulga/rest/arquivo/img/2045202024/160002152024/75353
VEREADOR,1,33156,160002022825,LUIZ MELÃO,LUIZ GUSTAVO CHAVES MELÃO,,33,MOBILIZA,MOBILIZAÇÃO NACIONAL,,,PARTIDO ISOLADO,MASCULINO,PARDA,1,40,SUPERIOR INCOMPLETO,CASADO(A),OUTROS,,NÃO ELEITO,0,85,https://divulgacandcontas.tse.jus.br/divulga/rest/arquivo/img/2045202024/160002022825/75353
VEREADOR,1,11022,160002073977,DALTON RENAN,DALTON RENAN DE FRANÇA,,11,PP,PROGRESSISTAS,,,PARTIDO ISOLADO,MASCULINO,PARDA,1,52,ENSINO MÉDIO COMPLETO,CASADO(A),OUTROS,,SUPLENTE,0,84,https://divulgacandcontas.tse.jus.br/divulga/rest/arquivo/img/2045202024/160002073977/75353
VEREADOR,1,25026,160002068246,SPERANDIO,ANTONIO CARLOS SPERANDIO,,25,PRD,PARTIDO RENOVAÇÃO DEMOCRÁTICA,,,PARTIDO ISOLADO,MASCULINO,BRANCA,0,63,SUPERIOR INCOMPLETO,CASADO(A),DIRETOR DE EMPRESAS,,NÃO ELEITO,0,84,https://divulgacandcontas.tse.jus.br/divulga/rest/arquivo/img/2045202024/160002068246/75353
VEREADOR,1,23300,160002351791,MARI CEREIA,MARINELLA FAVERO CEREIA,,23,CIDADANIA,CIDADANIA,45-PSDB/23-CIDADANIA,Federação PSDB CIDADANIA,FEDERAÇÃO,FEMININO,BRANCA,0,61,SUPERIOR COMPLETO,VIÚVO(A),DONA DE CASA,,NÃO ELEITO,0,83,https://divulgacandcontas.tse.jus.br/divulga/rest/arquivo/img/2045202024/160002351791/75353
VEREADOR,1,25690,160002068231,CABO TJ JESUS,ANTONIO JORGE DE JESUS,,25,PRD,PARTIDO RENOVAÇÃO DEMOCRÁTICA,,,PARTIDO ISOLADO,MASCULINO,PRETA,1,60,ENSINO FUNDAMENTAL COMPLETO,CASADO(A),OUTROS,,NÃO ELEITO,0,82,https://divulgacandcontas.tse.jus.br/divulga/rest/arquivo/img/2045202024/160002068231/75353
VEREADOR,1,18777,160001927881,IRENE DO BRECHÓ,IRENE DOS ANJOS,,18,REDE,REDE SUSTENTABILIDADE,50-PSOL/18-REDE,Federação PSOL REDE,FEDERAÇÃO,FEMININO,BRANCA,0,70,ENSINO FUNDAMENTAL COMPLETO,DIVORCIADO(A),MANICURE E MAQUILADOR,,SUPLENTE,0,81,https://divulgacandcontas.tse.jus.br/divulga/rest/arquivo/img/2045202024/160001927881/75353
VEREADOR,1,50138,160001927873,CAMARGUINHO,JOÃO MARIA CAMARGO,,50,PSOL,PARTIDO SOCIALISMO E LIBERDADE,50-PSOL/18-REDE,Federação PSOL REDE,FEDERAÇÃO,MASCULINO,PARDA,1,65,ENSINO FUNDAMENTAL INCOMPLETO,DIVORCIADO(A),OUTROS,,SUPLENTE,0,81,https://divulgacandcontas.tse.jus.br/divulga/rest/arquivo/img/2045202024/160001927873/75353
VEREADOR,1,12508,160002162477,SILVÉRIO,VANDERLEI SILVÉRIO CAVALCANTE,,12,PDT,PARTIDO DEMOCRÁTICO TRABALHISTA,,,PARTIDO ISOLADO,MASCULINO,BRANCA,0,39,SUPERIOR COMPLETO,CASADO(A),MOTORISTA PARTICULAR,,SUPLENTE,0,80,https://divulgacandcontas.tse.jus.br/divulga/rest/arquivo/img/2045202024/160002162477/75353
VEREADOR,1,30522,160002152927,PADILHA,BRYAN SURECK PADILHA,,30,NOVO,PARTIDO NOVO,,,PARTIDO ISOLADO,MASCULINO,PARDA,1,26,ENSINO MÉDIO COMPLETO,SOLTEIRO(A),EMPRESÁRIO,,SUPLENTE,0,80,https://divulgacandcontas.tse.jus.br/divulga/rest/arquivo/img/2045202024/160002152927/75353
VEREADOR,1,44153,160002173837,HERICK GM PALISSER ,HERICK STHANLEY PALISSER,,44,UNIÃO,UNIÃO BRASIL,,,PARTIDO ISOLADO,MASCULINO,BRANCA,0,56,SUPERIOR COMPLETO,CASADO(A),OUTROS,,SUPLENTE,0,79,https://divulgacandcontas.tse.jus.br/divulga/rest/arquivo/img/2045202024/160002173837/75353
VEREADOR,1,12500,160002162474,ALMEIDA SOBRINHO,ANTONIO JOSE DE ALMEIDA SOBRINHO,,12,PDT,PARTIDO DEMOCRÁTICO TRABALHISTA,,,PARTIDO ISOLADO,MASCULINO,BRANCA,0,71,ENSINO MÉDIO COMPLETO,VIÚVO(A),APOSENTADO (EXCETO SERVIDOR PÚBLICO),,SUPLENTE,0,78,https://divulgacandcontas.tse.jus.br/divulga/rest/arquivo/img/2045202024/160002162474/75353
VEREADOR,1,20117,160002018576,LUCIANO  LUKE  SINGER,LUCIANO SINGER CAMPANHOLI,,20,PODE,PODEMOS,,,PARTIDO ISOLADO,MASCULINO,BRANCA,0,53,ENSINO MÉDIO INCOMPLETO,DIVORCIADO(A),COMERCIANTE,,SUPLENTE,0,78,https://divulgacandcontas.tse.jus.br/divulga/rest/arquivo/img/2045202024/160002018576/75353
VEREADOR,1,11039,160002073967,ALE PINGUIM,ALEXANDRE DE SOUZA LACERDA,,11,PP,PROGRESSISTAS,,,PARTIDO ISOLADO,MASCULINO,BRANCA,0,53,SUPERIOR COMPLETO,SOLTEIRO(A),OUTROS,,SUPLENTE,0,75,https://divulgacandcontas.tse.jus.br/divulga/rest/arquivo/img/2045202024/160002073967/75353
VEREADOR,1,44707,160002173846,MICHELLE DIAS,MICHELLE DIAS FERREIRA,,44,UNIÃO,UNIÃO BRASIL,,,PARTIDO ISOLADO,FEMININO,BRANCA,0,47,SUPERIOR COMPLETO,SOLTEIRO(A),AUXILIAR DE ESCRITÓRIO E ASSEMELHADOS,,SUPLENTE,0,75,https://divulgacandcontas.tse.jus.br/divulga/rest/arquivo/img/2045202024/160002173846/75353
VEREADOR,1,45045,160002351806,ITAMAR FARIAS,ITAMAR FARIAS,,45,PSDB,PARTIDO DA SOCIAL DEMOCRACIA BRASILEIRA,45-PSDB/23-CIDADANIA,Federação PSDB CIDADANIA,FEDERAÇÃO,MASCULINO,BRANCA,0,50,SUPERIOR COMPLETO,SEPARADO(A) JUDICIALMENTE,SERVIDOR PÚBLICO ESTADUAL,,NÃO ELEITO,0,75,https://divulgacandcontas.tse.jus.br/divulga/rest/arquivo/img/2045202024/160002351806/75353
VEREADOR,1,44700,160002173844,TIA CYDA,APARECIDA RODRIGUES PEREIRA,,44,UNIÃO,UNIÃO BRASIL,,,PARTIDO ISOLADO,FEMININO,PRETA,1,55,SUPERIOR INCOMPLETO,SOLTEIRO(A),OUTROS,,SUPLENTE,0,74,https://divulgacandcontas.tse.jus.br/divulga/rest/arquivo/img/2045202024/160002173844/75353
VEREADOR,1,18100,160001927847,CARLOS GALVÃO,ANTONIO CARLOS GALVAO DE BARROS,,18,REDE,REDE SUSTENTABILIDADE,50-PSOL/18-REDE,Federação PSOL REDE,FEDERAÇÃO,MASCULINO,NÃO INFORMADO,0,45,ENSINO MÉDIO COMPLETO,SOLTEIRO(A),OUTROS,,SUPLENTE,0,73,https://divulgacandcontas.tse.jus.br/divulga/rest/arquivo/img/2045202024/160001927847/75353
VEREADOR,1,27999,160002145731,PROFESSORA SILVANA ANDREUZO,SILVANA APARECIDA ANDREUZO,,27,DC,DEMOCRACIA CRISTÃ,,,PARTIDO ISOLADO,FEMININO,BRANCA,0,52,SUPERIOR COMPLETO,SOLTEIRO(A),PROFESSOR DE ENSINO MÉDIO,,NÃO ELEITO,0,72,https://divulgacandcontas.tse.jus.br/divulga/rest/arquivo/img/2045202024/160002145731/75353
VEREADOR,1,36222,160002023020,SIMONE MARIANO,SIMONE MARIANO,,36,AGIR,AGIR,,,PARTIDO ISOLADO,FEMININO,BRANCA,0,50,ENSINO MÉDIO COMPLETO,SOLTEIRO(A),EMPRESÁRIO,,SUPLENTE,0,72,https://divulgacandcontas.tse.jus.br/divulga/rest/arquivo/img/2045202024/160002023020/75353
VEREADOR,1,45025,160002351808,MATEUS ANDRADE,MATEUS ANDRADE DA SILVA,,45,PSDB,PARTIDO DA SOCIAL DEMOCRACIA BRASILEIRA,45-PSDB/23-CIDADANIA,Federação PSDB CIDADANIA,FEDERAÇÃO,MASCULINO,PRETA,1,29,SUPERIOR COMPLETO,SOLTEIRO(A),SERVIDOR PÚBLICO MUNICIPAL,,NÃO ELEITO,0,72,https://divulgacandcontas.tse.jus.br/divulga/rest/arquivo/img/2045202024/160002351808/75353
VEREADOR,1,50169,160001927856,ADALBERTO SANCHEZ,ADALBERTO WILLIAN SANCHEZ DA SILVA,,50,PSOL,PARTIDO SOCIALISMO E LIBERDADE,50-PSOL/18-REDE,Federação PSOL REDE,FEDERAÇÃO,MASCULINO,BRANCA,0,26,SUPERIOR INCOMPLETO,SOLTEIRO(A),OUTROS,,SUPLENTE,0,71,https://divulgacandcontas.tse.jus.br/divulga/rest/arquivo/img/2045202024/160001927856/75353
VEREADOR,1,25700,160002068261,ADRIANO AMARAL VIANA,ADRIANO DO AMARAL VIANA,,25,PRD,PARTIDO RENOVAÇÃO DEMOCRÁTICA,,,PARTIDO ISOLADO,MASCULINO,PARDA,1,47,SUPERIOR COMPLETO,CASADO(A),SERVIDOR PÚBLICO FEDERAL,,NÃO ELEITO,0,69,https://divulgacandcontas.tse.jus.br/divulga/rest/arquivo/img/2045202024/160002068261/75353
VEREADOR,1,27707,160002145717,JUJU FERREIRA,JUCÉLIA APARECIDA DOS ANJOS FERREIRA DA SILVA,,27,DC,DEMOCRACIA CRISTÃ,,,PARTIDO ISOLADO,FEMININO,BRANCA,0,51,ENSINO MÉDIO COMPLETO,DIVORCIADO(A),OUTROS,,NÃO ELEITO,0,69,https://divulgacandcontas.tse.jus.br/divulga/rest/arquivo/img/2045202024/160002145717/75353
VEREADOR,1,33100,160002022842,IARA DA TEMPER ART,IARA LEMES DA SILVA,,33,MOBILIZA,MOBILIZAÇÃO NACIONAL,,,PARTIDO ISOLADO,FEMININO,PARDA,1,71,ENSINO MÉDIO COMPLETO,CASADO(A),EMPRESÁRIO,,NÃO ELEITO,0,69,https://divulgacandcontas.tse.jus.br/divulga/rest/arquivo/img/2045202024/160002022842/75353
VEREADOR,1,12371,160002162459,HOMEM ARANHA DA XV,JOÃO MARIO ALVES SANT ANA,,12,PDT,PARTIDO DEMOCRÁTICO TRABALHISTA,,,PARTIDO ISOLADO,MASCULINO,BRANCA,0,53,ENSINO MÉDIO INCOMPLETO,SOLTEIRO(A),ARTISTA PLÁSTICO E ASSEMELHADOS,,SUPLENTE,0,67,https://divulgacandcontas.tse.jus.br/divulga/rest/arquivo/img/2045202024/160002162459/75353
VEREADOR,1,25625,160002068233,SIMONE MEIRA,SIMONE MEIRA,,25,PRD,PARTIDO RENOVAÇÃO DEMOCRÁTICA,,,PARTIDO ISOLADO,FEMININO,BRANCA,0,57,ENSINO MÉDIO COMPLETO,SOLTEIRO(A),OUTROS,,NÃO ELEITO,0,67,https://divulgacandcontas.tse.jus.br/divulga/rest/arquivo/img/2045202024/160002068233/75353
VEREADOR,1,30080,160002152924,EVA FEITOSA,EVA FEITOSA DA SILVA,,30,NOVO,PARTIDO NOVO,,,PARTIDO ISOLADO,FEMININO,PARDA,1,44,SUPERIOR INCOMPLETO,SOLTEIRO(A),MASSAGISTA,,SUPLENTE,0,67,https://divulgacandcontas.tse.jus.br/divulga/rest/arquivo/img/2045202024/160002152924/75353
VEREADOR,1,44077,160002173847,MICHELLE LOPES,MICHELLE LUIZ LOPES,,44,UNIÃO,UNIÃO BRASIL,,,PARTIDO ISOLADO,FEMININO,BRANCA,0,43,SUPERIOR INCOMPLETO,SOLTEIRO(A),OUTROS,,SUPLENTE,0,67,https://divulgacandcontas.tse.jus.br/divulga/rest/arquivo/img/2045202024/160002173847/75353
VEREADOR,1,20456,160002018574,EDGAR SUCESSO,EDGAR BORBA DOS SANTOS,,20,PODE,PODEMOS,,,PARTIDO ISOLADO,MASCULINO,BRANCA,0,67,ENSINO MÉDIO COMPLETO,DIVORCIADO(A),APOSENTADO (EXCETO SERVIDOR PÚBLICO),,SUPLENTE,0,66,https://divulgacandcontas.tse.jus.br/divulga/rest/arquivo/img/2045202024/160002018574/75353
VEREADOR,1,44048,160002397424,JOÃO NAPOLEÃO,JOÃO LAURINDO DE OLIVEIRA,,44,UNIÃO,UNIÃO BRASIL,,,PARTIDO ISOLADO,MASCULINO,PRETA,1,67,ENSINO MÉDIO COMPLETO,CASADO(A),OUTROS,,SUPLENTE,0,66,https://divulgacandcontas.tse.jus.br/divulga/rest/arquivo/img/2045202024/160002397424/75353
VEREADOR,1,20008,160002018602,HENRIQUE HIPOLITO,HENRIQUE HIPOLITO DE OLIVEIRA,,20,PODE,PODEMOS,,,PARTIDO ISOLADO,MASCULINO,PARDA,1,59,SUPERIOR INCOMPLETO,SOLTEIRO(A),COZINHEIRO,,SUPLENTE,0,65,https://divulgacandcontas.tse.jus.br/divulga/rest/arquivo/img/2045202024/160002018602/75353
VEREADOR,1,45040,160002351812,SALIM,CLEVERSON DE MARINS PRADO,,45,PSDB,PARTIDO DA SOCIAL DEMOCRACIA BRASILEIRA,45-PSDB/23-CIDADANIA,Federação PSDB CIDADANIA,FEDERAÇÃO,MASCULINO,BRANCA,0,55,ENSINO MÉDIO COMPLETO,SOLTEIRO(A),EMPRESÁRIO,,NÃO ELEITO,0,64,https://divulgacandcontas.tse.jus.br/divulga/rest/arquivo/img/2045202024/160002351812/75353
VEREADOR,1,18440,160001927878,LUIZ PAULO ECO,LUIZ PAULO COELHO DE ALMEIDA REIS,,18,REDE,REDE SUSTENTABILIDADE,50-PSOL/18-REDE,Federação PSOL REDE,FEDERAÇÃO,MASCULINO,NÃO INFORMADO,0,67,SUPERIOR COMPLETO,VIÚVO(A),ARQUITETO,,SUPLENTE,0,63,https://divulgacandcontas.tse.jus.br/divulga/rest/arquivo/img/2045202024/160001927878/75353
VEREADOR,1,36369,160002023035,WALDIR  MUGUET,WALDIR ALVES MUGUET,,36,AGIR,AGIR,,,PARTIDO ISOLADO,MASCULINO,BRANCA,0,64,SUPERIOR INCOMPLETO,DIVORCIADO(A),EMPRESÁRIO,,SUPLENTE,0,62,https://divulgacandcontas.tse.jus.br/divulga/rest/arquivo/img/2045202024/160002023035/75353
VEREADOR,1,18007,160001927871,PROF IVONETE ARRUDA,IVONETE DA ROCHA ARRUDA,,18,REDE,REDE SUSTENTABILIDADE,50-PSOL/18-REDE,Federação PSOL REDE,FEDERAÇÃO,FEMININO,PARDA,1,37,SUPERIOR COMPLETO,DIVORCIADO(A),OUTROS,,SUPLENTE,0,61,https://divulgacandcontas.tse.jus.br/divulga/rest/arquivo/img/2045202024/160001927871/75353
VEREADOR,1,40440,160001910378,NELSON CORDEIRO,NELSON FERREIRA CORDEIRO,,40,PSB,PARTIDO SOCIALISTA BRASILEIRO,,,PARTIDO ISOLADO,MASCULINO,BRANCA,0,58,ENSINO FUNDAMENTAL INCOMPLETO,VIÚVO(A),APOSENTADO (EXCETO SERVIDOR PÚBLICO),,SUPLENTE,0,61,https://divulgacandcontas.tse.jus.br/divulga/rest/arquivo/img/2045202024/160001910378/75353
VEREADOR,1,77115,160001956250,VANDERLEI GAUCHÃO,VANDERLEI PEREIRA DOS SANTOS,,77,SOLIDARIEDADE,SOLIDARIEDADE,,,PARTIDO ISOLADO,MASCULINO,PRETA,1,56,ENSINO FUNDAMENTAL INCOMPLETO,SOLTEIRO(A),EMPRESÁRIO,,SUPLENTE,0,59,https://divulgacandcontas.tse.jus.br/divulga/rest/arquivo/img/2045202024/160001956250/75353
VEREADOR,1,27556,160002145711,ISAAC BULL,WILLIAN ISAAC DE LIMA,,27,DC,DEMOCRACIA CRISTÃ,,,PARTIDO ISOLADO,MASCULINO,BRANCA,0,38,SUPERIOR COMPLETO,SOLTEIRO(A),POLICIAL MILITAR,,NÃO ELEITO,0,58,https://divulgacandcontas.tse.jus.br/divulga/rest/arquivo/img/2045202024/160002145711/75353
VEREADOR,1,33777,160002022835,EKEDJI LÚ FERREIRA,LUCIANA NUNES FERREIRA,,33,MOBILIZA,MOBILIZAÇÃO NACIONAL,,,PARTIDO ISOLADO,FEMININO,PRETA,1,51,SUPERIOR INCOMPLETO,SOLTEIRO(A),OUTROS,,NÃO ELEITO,0,58,https://divulgacandcontas.tse.jus.br/divulga/rest/arquivo/img/2045202024/160002022835/75353
VEREADOR,1,11411,160002073990,IGOR BIANCHINI,IGOR FELIPE BOABAEDE BIANCHINI,,11,PP,PROGRESSISTAS,,,PARTIDO ISOLADO,MASCULINO,BRANCA,0,25,SUPERIOR INCOMPLETO,SOLTEIRO(A),OUTROS,,SUPLENTE,0,56,https://divulgacandcontas.tse.jus.br/divulga/rest/arquivo/img/2045202024/160002073990/75353
VEREADOR,1,45678,160002351775,MIGUEL DO APP,MIGUEL LUCIANO ALVES DA SILVA,,45,PSDB,PARTIDO DA SOCIAL DEMOCRACIA BRASILEIRA,45-PSDB/23-CIDADANIA,Federação PSDB CIDADANIA,FEDERAÇÃO,MASCULINO,BRANCA,0,61,SUPERIOR COMPLETO,CASADO(A),MOTORISTA PARTICULAR,,NÃO ELEITO,0,56,https://divulgacandcontas.tse.jus.br/divulga/rest/arquivo/img/2045202024/160002351775/75353
VEREADOR,1,12111,160002162483,MÁRCIA P. SANTOS,MÁRCIA PASSOS DOS SANTOS,MÁRCIA PASSOS DOS SANTOS,12,PDT,PARTIDO DEMOCRÁTICO TRABALHISTA,,,PARTIDO ISOLADO,FEMININO,BRANCA,0,52,ENSINO MÉDIO COMPLETO,CASADO(A),OUTROS,,SUPLENTE,0,55,https://divulgacandcontas.tse.jus.br/divulga/rest/arquivo/img/2045202024/160002162483/75353
VEREADOR,1,77051,160001956260,PAULO ANGELO,PAULO AUGUSTO ANGELO,,77,SOLIDARIEDADE,SOLIDARIEDADE,,,PARTIDO ISOLADO,MASCULINO,BRANCA,0,52,SUPERIOR COMPLETO,CASADO(A),OUTROS,,SUPLENTE,0,55,https://divulgacandcontas.tse.jus.br/divulga/rest/arquivo/img/2045202024/160001956260/75353
VEREADOR,1,36333,160002023031,DANI BOZZA,DANIELE CRISTINA BOZZA COELHO,,36,AGIR,AGIR,,,PARTIDO ISOLADO,FEMININO,PARDA,1,40,ENSINO MÉDIO COMPLETO,CASADO(A),EMPRESÁRIO,,SUPLENTE,0,54,https://divulgacandcontas.tse.jus.br/divulga/rest/arquivo/img/2045202024/160002023031/75353
VEREADOR,1,55510,160002135741,ANDRESSA AMARO,ANDRESSA AMARO DE LIMA,,55,PSD,PARTIDO SOCIAL DEMOCRÁTICO,,,PARTIDO ISOLADO,FEMININO,BRANCA,0,43,ENSINO MÉDIO COMPLETO,SOLTEIRO(A),AGENTE ADMINISTRATIVO,,SUPLENTE,0,53,https://divulgacandcontas.tse.jus.br/divulga/rest/arquivo/img/2045202024/160002135741/75353
VEREADOR,1,55728,160002135737,SUELY DA ENFERMAGEM,SUELY CORREA TABORDA DE OLIVEIRA,,55,PSD,PARTIDO SOCIAL DEMOCRÁTICO,,,PARTIDO ISOLADO,FEMININO,BRANCA,0,59,ENSINO MÉDIO COMPLETO,CASADO(A),TÉCNICO DE ENFERMAGEM E ASSEMELHADOS (EXCETO ENFERMEIRO),,SUPLENTE,0,53,https://divulgacandcontas.tse.jus.br/divulga/rest/arquivo/img/2045202024/160002135737/75353
VEREADOR,1,33011,160002022824,GIORGIO SANTI,GIORGIO LEÔNCIO SANTI,,33,MOBILIZA,MOBILIZAÇÃO NACIONAL,,,PARTIDO ISOLADO,MASCULINO,BRANCA,0,46,SUPERIOR COMPLETO,SOLTEIRO(A),OUTROS,,NÃO ELEITO,0,52,https://divulgacandcontas.tse.jus.br/divulga/rest/arquivo/img/2045202024/160002022824/75353
VEREADOR,1,33003,160002022838,CAMILA EMANUELE,CAMILA EMANUELE DOS SANTOS,,33,MOBILIZA,MOBILIZAÇÃO NACIONAL,,,PARTIDO ISOLADO,FEMININO,BRANCA,0,32,ENSINO MÉDIO INCOMPLETO,SOLTEIRO(A),MOTORISTA PARTICULAR,,NÃO ELEITO,0,51,https://divulgacandcontas.tse.jus.br/divulga/rest/arquivo/img/2045202024/160002022838/75353
VEREADOR,1,22091,160002155475,BETO DO CALDO DE CANA,ERIVELTO DE JESUS FERREIRA,,22,PL,PARTIDO LIBERAL,,,PARTIDO ISOLADO,MASCULINO,BRANCA,0,63,ENSINO MÉDIO COMPLETO,CASADO(A),OUTROS,,SUPLENTE,0,49,https://divulgacandcontas.tse.jus.br/divulga/rest/arquivo/img/2045202024/160002155475/75353
VEREADOR,1,35797,160002302244,MALLU VOSS,MARILUZ SETIM VOSS,,35,PMB,PARTIDO DA MULHER BRASILEIRA,,,PARTIDO ISOLADO,FEMININO,BRANCA,0,69,SUPERIOR COMPLETO,DIVORCIADO(A),APOSENTADO (EXCETO SERVIDOR PÚBLICO),,NÃO ELEITO,0,49,https://divulgacandcontas.tse.jus.br/divulga/rest/arquivo/img/2045202024/160002302244/75353
VEREADOR,1,27654,160002145738,OSVALDO BUSKEI,OSVALDO BUSKEI,,27,DC,DEMOCRACIA CRISTÃ,,,PARTIDO ISOLADO,MASCULINO,BRANCA,0,79,ENSINO MÉDIO COMPLETO,CASADO(A),JORNALISTA E REDATOR,,NÃO ELEITO,0,47,https://divulgacandcontas.tse.jus.br/divulga/rest/arquivo/img/2045202024/160002145738/75353
VEREADOR,1,10800,160001952436,OTTO,WILLIAN OTTO,,10,REPUBLICANOS,REPUBLICANOS,,,PARTIDO ISOLADO,MASCULINO,BRANCA,0,36,SUPERIOR INCOMPLETO,SOLTEIRO(A),MOTORISTA PARTICULAR,,SUPLENTE,0,46,https://divulgacandcontas.tse.jus.br/divulga/rest/arquivo/img/2045202024/160001952436/75353
VEREADOR,1,25333,160002389206,PROFESSOR MARCELINO,MARCELINO RIBEIRO ANTUNES,,25,PRD,PARTIDO RENOVAÇÃO DEMOCRÁTICA,,,PARTIDO ISOLADO,MASCULINO,PARDA,1,64,SUPERIOR COMPLETO,DIVORCIADO(A),OUTROS,,NÃO ELEITO,0,46,https://divulgacandcontas.tse.jus.br/divulga/rest/arquivo/img/2045202024/160002389206/75353
VEREADOR,1,27156,160002145746,EDNEIA MARIA,EDNEIA MARIA DA SILVA,,27,DC,DEMOCRACIA CRISTÃ,,,PARTIDO ISOLADO,FEMININO,BRANCA,0,62,ENSINO MÉDIO COMPLETO,CASADO(A),"CORRETOR DE IMÓVEIS, SEGUROS, TÍTULOS E VALORES",,NÃO ELEITO,0,46,https://divulgacandcontas.tse.jus.br/divulga/rest/arquivo/img/2045202024/160002145746/75353
VEREADOR,1,33111,160002022822,WESLEY MOREIRA,WESLEY DE OLIVEIRA MOREIRA,,33,MOBILIZA,MOBILIZAÇÃO NACIONAL,,,PARTIDO ISOLADO,MASCULINO,BRANCA,0,39,SUPERIOR INCOMPLETO,CASADO(A),OUTROS,,NÃO ELEITO,0,46,https://divulgacandcontas.tse.jus.br/divulga/rest/arquivo/img/2045202024/160002022822/75353
VEREADOR,1,25999,160002068245,CRISTIANE VENÇONI,CRISTIANE VENÇONI ROSA,,25,PRD,PARTIDO RENOVAÇÃO DEMOCRÁTICA,,,PARTIDO ISOLADO,FEMININO,BRANCA,0,42,ENSINO MÉDIO COMPLETO,CASADO(A),OUTROS,,NÃO ELEITO,0,45,https://divulgacandcontas.tse.jus.br/divulga/rest/arquivo/img/2045202024/160002068245/75353
VEREADOR,1,20333,160002018584,PROFETA MOISÉS SOARES,MOISES SOARES PAULA,,20,PODE,PODEMOS,,,PARTIDO ISOLADO,MASCULINO,PARDA,1,44,SUPERIOR INCOMPLETO,SOLTEIRO(A),OUTROS,,SUPLENTE,0,44,https://divulgacandcontas.tse.jus.br/divulga/rest/arquivo/img/2045202024/160002018584/75353
VEREADOR,1,33013,160002022823,DIOVANA DONA DA BALADA,DIOVANA ANDRADE LEITE,,33,MOBILIZA,MOBILIZAÇÃO NACIONAL,,,PARTIDO ISOLADO,FEMININO,BRANCA,0,34,SUPERIOR INCOMPLETO,SOLTEIRO(A),OUTROS,,NÃO ELEITO,0,44,https://divulgacandcontas.tse.jus.br/divulga/rest/arquivo/img/2045202024/160002022823/75353
VEREADOR,1,25007,160002068259,MICHELI SCHULTZ,MICHELI FERREIRA LIMA,,25,PRD,PARTIDO RENOVAÇÃO DEMOCRÁTICA,,,PARTIDO ISOLADO,FEMININO,BRANCA,0,31,ENSINO MÉDIO COMPLETO,SEPARADO(A) JUDICIALMENTE,OUTROS,,NÃO ELEITO,0,43,https://divulgacandcontas.tse.jus.br/divulga/rest/arquivo/img/2045202024/160002068259/75353
VEREADOR,1,27220,160002145730,CESAR DA LAVANDERIA,AUGUSTO CESAR LANGER,,27,DC,DEMOCRACIA CRISTÃ,,,PARTIDO ISOLADO,MASCULINO,BRANCA,0,51,SUPERIOR COMPLETO,CASADO(A),EMPRESÁRIO,,NÃO ELEITO,0,42,https://divulgacandcontas.tse.jus.br/divulga/rest/arquivo/img/2045202024/160002145730/75353
VEREADOR,1,35789,160002302253,SANDRA OLIVEIRA,SANDRA MARIA DE OLIVEIRA,,35,PMB,PARTIDO DA MULHER BRASILEIRA,,,PARTIDO ISOLADO,FEMININO,BRANCA,0,57,ENSINO FUNDAMENTAL COMPLETO,SOLTEIRO(A),OUTROS,,NÃO ELEITO,0,42,https://divulgacandcontas.tse.jus.br/divulga/rest/arquivo/img/2045202024/160002302253/75353
VEREADOR,1,50007,160001927848,BETS MARTINS,GLACEU ROBERTO MARTINS DE ALMEIDA,,50,PSOL,PARTIDO SOCIALISMO E LIBERDADE,50-PSOL/18-REDE,Federação PSOL REDE,FEDERAÇÃO,MASCULINO,BRANCA,0,45,SUPERIOR COMPLETO,SOLTEIRO(A),SERVIDOR PÚBLICO FEDERAL,,SUPLENTE,0,42,https://divulgacandcontas.tse.jus.br/divulga/rest/arquivo/img/2045202024/160001927848/75353
VEREADOR,1,77890,160001956273,MARIA ALICE CORDEIRO,MARIA ALICE DE MELLO CORDEIRO,,77,SOLIDARIEDADE,SOLIDARIEDADE,,,PARTIDO ISOLADO,FEMININO,BRANCA,0,74,SUPERIOR COMPLETO,SOLTEIRO(A),SERVIDOR PÚBLICO CIVIL APOSENTADO,,SUPLENTE,0,42,https://divulgacandcontas.tse.jus.br/divulga/rest/arquivo/img/2045202024/160001956273/75353
VEREADOR,1,12355,160002162458,DIOMAR,DIOMAR FRANCISCO DA SILVA,,12,PDT,PARTIDO DEMOCRÁTICO TRABALHISTA,,,PARTIDO ISOLADO,MASCULINO,BRANCA,0,73,ENSINO MÉDIO INCOMPLETO,SOLTEIRO(A),"CORRETOR DE IMÓVEIS, SEGUROS, TÍTULOS E VALORES",,SUPLENTE,0,41,https://divulgacandcontas.tse.jus.br/divulga/rest/arquivo/img/2045202024/160002162458/75353
VEREADOR,1,25321,160002068234,PROFESSORA MARI,MARIANA TULIO BARBOSA,,25,PRD,PARTIDO RENOVAÇÃO DEMOCRÁTICA,,,PARTIDO ISOLADO,FEMININO,BRANCA,0,41,SUPERIOR INCOMPLETO,DIVORCIADO(A),PROFESSOR DE ENSINO FUNDAMENTAL,,NÃO ELEITO,0,41,https://divulgacandcontas.tse.jus.br/divulga/rest/arquivo/img/2045202024/160002068234/75353
VEREADOR,1,12160,160002162454,MADE SANTOS,MADELAINE LETICIA DOS SANTOS,,12,PDT,PARTIDO DEMOCRÁTICO TRABALHISTA,,,PARTIDO ISOLADO,FEMININO,PRETA,1,50,SUPERIOR COMPLETO,SOLTEIRO(A),TERAPEUTA,,SUPLENTE,0,38,https://divulgacandcontas.tse.jus.br/divulga/rest/arquivo/img/2045202024/160002162454/75353
VEREADOR,1,36285,160002023047,JUCE MARTINS,JUCELINE MARTINS,,36,AGIR,AGIR,,,PARTIDO ISOLADO,FEMININO,BRANCA,0,44,ENSINO MÉDIO COMPLETO,SOLTEIRO(A),OUTROS,,SUPLENTE,0,38,https://divulgacandcontas.tse.jus.br/divulga/rest/arquivo/img/2045202024/160002023047/75353
VEREADOR,1,27444,160002145734,SOL RUIVA,SOLANGE CLERICI,,27,DC,DEMOCRACIA CRISTÃ,,,PARTIDO ISOLADO,FEMININO,BRANCA,0,52,SUPERIOR COMPLETO,CASADO(A),EMPRESÁRIO,,NÃO ELEITO,0,37,https://divulgacandcontas.tse.jus.br/divulga/rest/arquivo/img/2045202024/160002145734/75353
VEREADOR,1,40013,160001910401,LUIZ PONCE,LUIZ EMANOEL DE PONCE DA SILVA,,40,PSB,PARTIDO SOCIALISTA BRASILEIRO,,,PARTIDO ISOLADO,MASCULINO,BRANCA,0,22,SUPERIOR COMPLETO,SOLTEIRO(A),"ESTUDANTE, BOLSISTA, ESTAGIÁRIO E ASSEMELHADOS",,SUPLENTE,0,36,https://divulgacandcontas.tse.jus.br/divulga/rest/arquivo/img/2045202024/160001910401/75353
VEREADOR,1,20604,160002018590,MARCELINO BESPALHOK,MARCELINO ANTÔNIO BESPALHOK,,20,PODE,PODEMOS,,,PARTIDO ISOLADO,MASCULINO,BRANCA,0,68,ENSINO MÉDIO COMPLETO,SOLTEIRO(A),APOSENTADO (EXCETO SERVIDOR PÚBLICO),,SUPLENTE,0,35,https://divulgacandcontas.tse.jus.br/divulga/rest/arquivo/img/2045202024/160002018590/75353
VEREADOR,1,25789,160002385920,LUCIA PORTO,LUCIA DUTRA PORTO,,25,PRD,PARTIDO RENOVAÇÃO DEMOCRÁTICA,,,PARTIDO ISOLADO,FEMININO,BRANCA,0,70,ENSINO FUNDAMENTAL INCOMPLETO,DIVORCIADO(A),OUTROS,,NÃO ELEITO,0,35,https://divulgacandcontas.tse.jus.br/divulga/rest/arquivo/img/2045202024/160002385920/75353
VEREADOR,1,45846,160002351804,ROBERTO AMÁRIO,ROBERTO CARLOS AMARIO,,45,PSDB,PARTIDO DA SOCIAL DEMOCRACIA BRASILEIRA,45-PSDB/23-CIDADANIA,Federação PSDB CIDADANIA,FEDERAÇÃO,MASCULINO,PARDA,1,58,SUPERIOR INCOMPLETO,DIVORCIADO(A),"TÉCNICO CONTABILIDADE, ESTATÍSTICA, ECONOMIA DOMÉSTICA E ADMINISTRAÇÃO",,NÃO ELEITO,0,35,https://divulgacandcontas.tse.jus.br/divulga/rest/arquivo/img/2045202024/160002351804/75353
VEREADOR,1,35999,160002302226,TIA DEISE DOS PETS,DORCAS NOGUEIRA,,35,PMB,PARTIDO DA MULHER BRASILEIRA,,,PARTIDO ISOLADO,FEMININO,BRANCA,0,74,ENSINO MÉDIO COMPLETO,SOLTEIRO(A),DONA DE CASA,,NÃO ELEITO,0,34,https://divulgacandcontas.tse.jus.br/divulga/rest/arquivo/img/2045202024/160002302226/75353
VEREADOR,1,27204,160002145716,MIRIAN SABÓIA,MIRIÃ DOS SANTOS SABOIA,,27,DC,DEMOCRACIA CRISTÃ,,,PARTIDO ISOLADO,FEMININO,PARDA,1,57,SUPERIOR INCOMPLETO,VIÚVO(A),PROFESSOR DE ENSINO FUNDAMENTAL,,NÃO ELEITO,0,32,https://divulgacandcontas.tse.jus.br/divulga/rest/arquivo/img/2045202024/160002145716/75353
VEREADOR,1,25502,160002068229,CORRETORA MÁRCIA,MÁRCIA REGINA ARAUJO CORREA,,25,PRD,PARTIDO RENOVAÇÃO DEMOCRÁTICA,,,PARTIDO ISOLADO,FEMININO,BRANCA,0,56,SUPERIOR COMPLETO,CASADO(A),"CORRETOR DE IMÓVEIS, SEGUROS, TÍTULOS E VALORES",,NÃO ELEITO,0,31,https://divulgacandcontas.tse.jus.br/divulga/rest/arquivo/img/2045202024/160002068229/75353
VEREADOR,1,50777,160001927855,MARCELO SIMOES,MARCELO SIMÕES,,50,PSOL,PARTIDO SOCIALISMO E LIBERDADE,50-PSOL/18-REDE,Federação PSOL REDE,FEDERAÇÃO,MASCULINO,NÃO INFORMADO,0,45,LÊ E ESCREVE,SOLTEIRO(A),OUTROS,,SUPLENTE,0,31,https://divulgacandcontas.tse.jus.br/divulga/rest/arquivo/img/2045202024/160001927855/75353
VEREADOR,1,50570,160001927876,JOSUÉ PEREIRA CANTOR,JOSUE PEREIRA,,50,PSOL,PARTIDO SOCIALISMO E LIBERDADE,50-PSOL/18-REDE,Federação PSOL REDE,FEDERAÇÃO,MASCULINO,PARDA,1,58,ENSINO FUNDAMENTAL COMPLETO,SOLTEIRO(A),OUTROS,,SUPLENTE,0,30,https://divulgacandcontas.tse.jus.br/divulga/rest/arquivo/img/2045202024/160001927876/75353
VEREADOR,1,45245,160002351786,DAIANA NUNES,DAIANA NUNES,,45,PSDB,PARTIDO DA SOCIAL DEMOCRACIA BRASILEIRA,45-PSDB/23-CIDADANIA,Federação PSDB CIDADANIA,FEDERAÇÃO,FEMININO,BRANCA,0,51,SUPERIOR COMPLETO,SOLTEIRO(A),OUTROS,,NÃO ELEITO,0,29,https://divulgacandcontas.tse.jus.br/divulga/rest/arquivo/img/2045202024/160002351786/75353
VEREADOR,1,25165,160002068247,BERENICE DAMACENO,BERENICE DAMACENO LIMA,,25,PRD,PARTIDO RENOVAÇÃO DEMOCRÁTICA,,,PARTIDO ISOLADO,FEMININO,PARDA,1,56,ENSINO FUNDAMENTAL INCOMPLETO,DIVORCIADO(A),OUTROS,,NÃO ELEITO,0,26,https://divulgacandcontas.tse.jus.br/divulga/rest/arquivo/img/2045202024/160002068247/75353
VEREADOR,1,28188,160002152027,MARILIS,MARILIS XAVIER DE ASSIS,,28,PRTB,PARTIDO RENOVADOR TRABALHISTA BRASILEIRO,,,PARTIDO ISOLADO,FEMININO,BRANCA,0,45,SUPERIOR INCOMPLETO,SEPARADO(A) JUDICIALMENTE,OUTROS,,NÃO ELEITO,0,26,https://divulgacandcontas.tse.jus.br/divulga/rest/arquivo/img/2045202024/160002152027/75353
VEREADOR,1,27178,160002145723,JULIANA XAVIER,JULIANA URBES XAVIER DOS SANTOS,,27,DC,DEMOCRACIA CRISTÃ,,,PARTIDO ISOLADO,FEMININO,BRANCA,0,46,ENSINO MÉDIO COMPLETO,SOLTEIRO(A),VENDEDOR DE COMÉRCIO VAREJISTA E ATACADISTA,,NÃO ELEITO,0,25,https://divulgacandcontas.tse.jus.br/divulga/rest/arquivo/img/2045202024/160002145723/75353
VEREADOR,1,25143,160002068256,PROFESSOR SANDRO WENDEL,SANDRO JOSÉ DE SOUZA,,25,PRD,PARTIDO RENOVAÇÃO DEMOCRÁTICA,,,PARTIDO ISOLADO,MASCULINO,BRANCA,0,47,SUPERIOR COMPLETO,SOLTEIRO(A),PROFESSOR DE ENSINO MÉDIO,,NÃO ELEITO,0,24,https://divulgacandcontas.tse.jus.br/divulga/rest/arquivo/img/2045202024/160002068256/75353
VEREADOR,1,36198,160002023022,PROF GIL DO VÔLEI,CANDIDO GILBERTO DE SOUZA,,36,AGIR,AGIR,,,PARTIDO ISOLADO,MASCULINO,PARDA,1,59,ENSINO MÉDIO INCOMPLETO,CASADO(A),ATLETA PROFISSIONAL E TÉCNICO EM DESPORTOS,,SUPLENTE,0,24,https://divulgacandcontas.tse.jus.br/divulga/rest/arquivo/img/2045202024/160002023022/75353
VEREADOR,1,40999,160001910377,MARCELO RODRIGUES,MARCELO RODRIGUES,,40,PSB,PARTIDO SOCIALISTA BRASILEIRO,,,PARTIDO ISOLADO,MASCULINO,BRANCA,0,52,ENSINO MÉDIO COMPLETO,CASADO(A),"TÉCNICO DE ELETRICIDADE, ELETRÔNICA E TELECOMUNICAÇÕES",,SUPLENTE,0,23,https://divulgacandcontas.tse.jus.br/divulga/rest/arquivo/img/2045202024/160001910377/75353
VEREADOR,1,15987,160002159778,PROFESSOR PARDAL,ISRAEL TAGLIARI,,15,MDB,MOVIMENTO DEMOCRÁTICO BRASILEIRO,,,PARTIDO ISOLADO,MASCULINO,BRANCA,0,76,SUPERIOR COMPLETO,CASADO(A),OUTROS,,SUPLENTE,0,22,https://divulgacandcontas.tse.jus.br/divulga/rest/arquivo/img/2045202024/160002159778/75353
VEREADOR,1,25200,160002068253,MARCIA CORREA,MARCIA LURDES CORREA DA ROSA,,25,PRD,PARTIDO RENOVAÇÃO DEMOCRÁTICA,,,PARTIDO ISOLADO,FEMININO,BRANCA,0,46,ENSINO MÉDIO COMPLETO,SOLTEIRO(A),VENDEDOR DE COMÉRCIO VAREJISTA E ATACADISTA,,NÃO ELEITO,0,21,https://divulgacandcontas.tse.jus.br/divulga/rest/arquivo/img/2045202024/160002068253/75353
VEREADOR,1,12017,160002162469,ILZA MARIA,ILZA MARIA PIAZZETTA,,12,PDT,PARTIDO DEMOCRÁTICO TRABALHISTA,,,PARTIDO ISOLADO,FEMININO,BRANCA,0,61,SUPERIOR COMPLETO,DIVORCIADO(A),EMPRESÁRIO,,SUPLENTE,0,20,https://divulgacandcontas.tse.jus.br/divulga/rest/arquivo/img/2045202024/160002162469/75353
VEREADOR,1,45888,160002351779,WALESKA,WALESKA ALVISI CARVALHO,,45,PSDB,PARTIDO DA SOCIAL DEMOCRACIA BRASILEIRA,45-PSDB/23-CIDADANIA,Federação PSDB CIDADANIA,FEDERAÇÃO,FEMININO,BRANCA,0,54,SUPERIOR COMPLETO,DIVORCIADO(A),ADVOGADO,,NÃO ELEITO,0,19,https://divulgacandcontas.tse.jus.br/divulga/rest/arquivo/img/2045202024/160002351779/75353
VEREADOR,1,27022,160002395365,ANTONIO SELEME,ANTONIO SELEME NETO,,27,DC,DEMOCRACIA CRISTÃ,,,PARTIDO ISOLADO,MASCULINO,BRANCA,0,62,SUPERIOR COMPLETO,CASADO(A),JORNALISTA E REDATOR,,NÃO ELEITO,0,15,https://divulgacandcontas.tse.jus.br/divulga/rest/arquivo/img/2045202024/160002395365/75353
VEREADOR,1,27007,160002145713,GOUVEIA PORTUGUÊS,JOSÉ LOURENÇO GOUVEIA,,27,DC,DEMOCRACIA CRISTÃ,,,PARTIDO ISOLADO,MASCULINO,BRANCA,0,67,ENSINO MÉDIO COMPLETO,DIVORCIADO(A),APOSENTADO (EXCETO SERVIDOR PÚBLICO),,NÃO ELEITO,0,13,https://divulgacandcontas.tse.jus.br/divulga/rest/arquivo/img/2045202024/160002145713/75353
VEREADOR,1,28013,160002375620,ALEMÃO,BENILDO ALVES DE ANDRADE,,28,PRTB,PARTIDO RENOVADOR TRABALHISTA BRASILEIRO,,,PARTIDO ISOLADO,MASCULINO,BRANCA,0,54,ENSINO MÉDIO INCOMPLETO,CASADO(A),EMPRESÁRIO,,NÃO ELEITO,0,13,https://divulgacandcontas.tse.jus.br/divulga/rest/arquivo/img/2045202024/160002375620/75353
VEREADOR,1,28180,160002383098,PAULA RODRIGUES,PAULA RENATA FERNANDES RODRIGUES,,28,PRTB,PARTIDO RENOVADOR TRABALHISTA BRASILEIRO,,,PARTIDO ISOLADO,FEMININO,BRANCA,0,55,ENSINO FUNDAMENTAL COMPLETO,SOLTEIRO(A),OUTROS,,NÃO ELEITO,0,12,https://divulgacandcontas.tse.jus.br/divulga/rest/arquivo/img/2045202024/160002383098/75353
VEREADOR,1,35655,160002302241,REGINALDO ANANIAS,REGINALDO APARECIDO ANANIAS,,35,PMB,PARTIDO DA MULHER BRASILEIRA,,,PARTIDO ISOLADO,MASCULINO,BRANCA,0,50,ENSINO FUNDAMENTAL COMPLETO,CASADO(A),EMPRESÁRIO,,NÃO ELEITO,0,10,https://divulgacandcontas.tse.jus.br/divulga/rest/arquivo/img/2045202024/160002302241/75353
VEREADOR,1,20005,160002018603,NILSINHO DOS ANIMAIS,NILSON LIMA FAUSTINO,,20,PODE,PODEMOS,,,PARTIDO ISOLADO,MASCULINO,BRANCA,0,50,SUPERIOR INCOMPLETO,CASADO(A),EMPRESÁRIO,,SUPLENTE,0,9,https://divulgacandcontas.tse.jus.br/divulga/rest/arquivo/img/2045202024/160002018603/75353
VEREADOR,1,35579,160002302220,TELMA NOGUEIRA DO PROJETO DEBO,TELMA CRISTIANE DOS SANTOS,,35,PMB,PARTIDO DA MULHER BRASILEIRA,,,PARTIDO ISOLADO,FEMININO,BRANCA,0,41,SUPERIOR COMPLETO,DIVORCIADO(A),PROFESSOR DE ENSINO FUNDAMENTAL,,NÃO ELEITO,0,9,https://divulgacandcontas.tse.jus.br/divulga/rest/arquivo/img/2045202024/160002302220/75353
VEREADOR,1,33444,160002022830,JOCEMAR AVILA,JOCEMAR AVILA,,33,MOBILIZA,MOBILIZAÇÃO NACIONAL,,,PARTIDO ISOLADO,MASCULINO,PARDA,1,38,ENSINO MÉDIO COMPLETO,CASADO(A),MOTORISTA PARTICULAR,,NÃO ELEITO,0,8,https://divulgacandcontas.tse.jus.br/divulga/rest/arquivo/img/2045202024/160002022830/75353
VEREADOR,1,30044,160002152948,CLEYTON PATITUCCI,CLEYTON HENRIQUE PATITUCCI DA SILVA,,30,NOVO,PARTIDO NOVO,,,PARTIDO ISOLADO,MASCULINO,BRANCA,0,42,SUPERIOR INCOMPLETO,DIVORCIADO(A),MOTORISTA DE VEÍCULOS DE TRANSPORTE COLETIVO DE PASSAGEIROS,,SUPLENTE,0,6,https://divulgacandcontas.tse.jus.br/divulga/rest/arquivo/img/2045202024/160002152948/75353
VEREADOR,1,28022,160002152023,CABO ALEX,ALEX WILLIAM,,28,PRTB,PARTIDO RENOVADOR TRABALHISTA BRASILEIRO,,,PARTIDO ISOLADO,MASCULINO,PARDA,1,55,SUPERIOR COMPLETO,CASADO(A),POLICIAL MILITAR,,NÃO ELEITO,0,2,https://divulgacandcontas.tse.jus.br/divulga/rest/arquivo/img/2045202024/160002152023/75353
VEREADOR,1,10555,160001952441,FERNANDA ANJO AZUL,FERNANDA MARIA ROSA,,10,REPUBLICANOS,REPUBLICANOS,,,PARTIDO ISOLADO,FEMININO,BRANCA,0,45,ENSINO MÉDIO COMPLETO,SOLTEIRO(A),COMERCIANTE,,,0,0,https://divulgacandcontas.tse.jus.br/divulga/rest/arquivo/img/2045202024/160001952441/75353
VEREADOR,1,18192,160001927882,BRITO DA FARMÁCIA,JOSÉ APARECIDO PEREIRA,,18,REDE,REDE SUSTENTABILIDADE,50-PSOL/18-REDE,Federação PSOL REDE,FEDERAÇÃO,MASCULINO,BRANCA,0,63,ENSINO MÉDIO COMPLETO,CASADO(A),GERENTE,,,0,0,https://divulgacandcontas.tse.jus.br/divulga/rest/arquivo/img/2045202024/160001927882/75353
VEREADOR,1,25099,160002068262,MAURICIO BASTOS,MAURICIO BASTOS,,25,PRD,PARTIDO RENOVAÇÃO DEMOCRÁTICA,,,PARTIDO ISOLADO,MASCULINO,BRANCA,0,64,SUPERIOR COMPLETO,CASADO(A),PROFESSOR DE ENSINO MÉDIO,,,0,0,https://divulgacandcontas.tse.jus.br/divulga/rest/arquivo/img/2045202024/160002068262/75353
VEREADOR,1,25100,160002068242,ADRIANA THIELE,ADRIANA CORREIA MACHADO THIELE NUNES,,25,PRD,PARTIDO RENOVAÇÃO DEMOCRÁTICA,,,PARTIDO ISOLADO,FEMININO,BRANCA,0,48,SUPERIOR COMPLETO,CASADO(A),ASSISTENTE SOCIAL,,,0,0,https://divulgacandcontas.tse.jus.br/divulga/rest/arquivo/img/2045202024/160002068242/75353
VEREADOR,1,27001,160002145714,MARINS SAMPAIO,MARINS LERILIO SAMPAIO,,27,DC,DEMOCRACIA CRISTÃ,,,PARTIDO ISOLADO,MASCULINO,BRANCA,0,66,ENSINO MÉDIO INCOMPLETO,DIVORCIADO(A),COMERCIANTE,,,0,0,https://divulgacandcontas.tse.jus.br/divulga/rest/arquivo/img/2045202024/160002145714/75353
VEREADOR,1,27116,160002145710,IVAN BOM SUCESSO,IVAN RODRIGUES DE OLIVEIRA,,27,DC,DEMOCRACIA CRISTÃ,,,PARTIDO ISOLADO,MASCULINO,BRANCA,0,55,ENSINO MÉDIO COMPLETO,CASADO(A),MOTORISTA PARTICULAR,,,0,0,https://divulgacandcontas.tse.jus.br/divulga/rest/arquivo/img/2045202024/160002145710/75353
VEREADOR,1,28762,160002152009,SARGENTO DOS SANTOS,THYAGO ROLÃO DOS SANTOS,,28,PRTB,PARTIDO RENOVADOR TRABALHISTA BRASILEIRO,,,PARTIDO ISOLADO,MASCULINO,PARDA,1,39,SUPERIOR COMPLETO,CASADO(A),SERVIDOR PÚBLICO ESTADUAL,,,0,0,https://divulgacandcontas.tse.jus.br/divulga/rest/arquivo/img/2045202024/160002152009/75353
VEREADOR,1,28800,160002152006,BRUNA ESMANHOTO,BRUNA SALLES ESMANHOTO NERI DA SILVA,,28,PRTB,PARTIDO RENOVADOR TRABALHISTA BRASILEIRO,,,PARTIDO ISOLADO,FEMININO,BRANCA,0,41,SUPERIOR COMPLETO,DIVORCIADO(A),EMPRESÁRIO,,,0,0,https://divulgacandcontas.tse.jus.br/divulga/rest/arquivo/img/2045202024/160002152006/75353
VEREADOR,1,33133,160002022833,BOLINHA DO UBER,ADAIR ANTONIO DE QUADROS,,33,MOBILIZA,MOBILIZAÇÃO NACIONAL,,,PARTIDO ISOLADO,MASCULINO,PARDA,1,47,ENSINO FUNDAMENTAL COMPLETO,SOLTEIRO(A),MOTORISTA PARTICULAR,,,0,0,https://divulgacandcontas.tse.jus.br/divulga/rest/arquivo/img/2045202024/160002022833/75353
VEREADOR,1,33224,160002022834,JOÃO GARI,JOÃO ROCHA DE SOUZA,,33,MOBILIZA,MOBILIZAÇÃO NACIONAL,,,PARTIDO ISOLADO,MASCULINO,BRANCA,0,55,ENSINO MÉDIO COMPLETO,SOLTEIRO(A),EMPRESÁRIO,,,0,0,https://divulgacandcontas.tse.jus.br/divulga/rest/arquivo/img/2045202024/160002022834/75353
VEREADOR,1,44100,160002173860,ATALAIA,GERALDO GONÇALVEZ DOS SANTOS,,44,UNIÃO,UNIÃO BRASIL,,,PARTIDO ISOLADO,MASCULINO,PRETA,1,68,ENSINO MÉDIO COMPLETO,CASADO(A),APOSENTADO (EXCETO SERVIDOR PÚBLICO),,,0,0,https://divulgacandcontas.tse.jus.br/divulga/rest/arquivo/img/2045202024/160002173860/75353
VEREADOR,1,55323,160002135733,LUISÃO TODESCHINI,LUIS CLAUDIO TODESCHINI ELLAS,,55,PSD,PARTIDO SOCIAL DEMOCRÁTICO,,,PARTIDO ISOLADO,MASCULINO,BRANCA,0,58,SUPERIOR COMPLETO,DIVORCIADO(A),EMPRESÁRIO,,,0,0,https://divulgacandcontas.tse.jus.br/divulga/rest/arquivo/img/2045202024/160002135733/75353
