NR_ZONA,NR_LOCAL_VOTACAO,NM_LOCAL_VOTACAO,DS_LOCAL_VOTACAO_ENDERECO,NM_BAIRRO,NR_LATITUDE,NR_LONGITUDE,ID_BAIRRO,FL_TRANSITO,QT_ELEITORES,QT_VOTOS_TOTAL,QT_VOTOS_BRANCOS,QT_VOTOS_NULOS,QT_VOTOS_ANULADOS,LEG_10,LEG_11,LEG_12,LEG_13,LEG_15,LEG_18,LEG_20,LEG_22,LEG_23,LEG_25,LEG_27,LEG_28,LEG_30,LEG_33,LEG_35,LEG_36,LEG_40,LEG_43,LEG_44,LEG_45,LEG_50,LEG_55,LEG_65,LEG_77,CAND_10000,CAND_10001,CAND_10009,CAND_10010,CAND_10022,CAND_10023,CAND_10024,CAND_10041,CAND_10052,CAND_10100,CAND_10101,CAND_10110,CAND_10111,CAND_10123,CAND_10150,CAND_10153,CAND_10156,CAND_10190,CAND_10192,CAND_10199,CAND_10222,CAND_10300,CAND_10305,CAND_10316,CAND_10320,CAND_10321,CAND_10444,CAND_10456,CAND_10500,CAND_10506,CAND_10543,CAND_10604,CAND_10700,CAND_10755,CAND_10765,CAND_10777,CAND_10789,CAND_10800,CAND_10900,CAND_11000,CAND_11001,CAND_11011,CAND_11022,CAND_11039,CAND_11041,CAND_11077,CAND_11110,CAND_11111,CAND_11121,CAND_11122,CAND_11123,CAND_11151,CAND_11156,CAND_11190,CAND_11200,CAND_11220,CAND_11222,CAND_11300,CAND_11321,CAND_11333,CAND_11357,CAND_11380,CAND_11411,CAND_11444,CAND_11474,CAND_11500,CAND_11511,CAND_11538,CAND_11555,CAND_11600,CAND_11611,CAND_11700,CAND_11711,CAND_11741,CAND_11777,CAND_11888,CAND_11900,CAND_11999,CAND_12000,CAND_12007,CAND_12012,CAND_12013,CAND_12017,CAND_12025,CAND_12041,CAND_12050,CAND_12108,CAND_12111,CAND_12120,CAND_12121,CAND_12122,CAND_12123,CAND_12156,CAND_12160,CAND_12222,CAND_12223,CAND_12300,CAND_12321,CAND_12333,CAND_12345,CAND_12347,CAND_12355,CAND_12371,CAND_12392,CAND_12500,CAND_12508,CAND_12512,CAND_12777,CAND_12789,CAND_12803,CAND_12999,CAND_13000,CAND_13007,CAND_13013,CAND_13014,CAND_13022,CAND_13031,CAND_13040,CAND_13077,CAND_13100,CAND_13111,CAND_13113,CAND_13123,CAND_13130,CAND_13131,CAND_13132,CAND_13133,CAND_13161,CAND_13210,CAND_13213,CAND_13222,CAND_13300,CAND_13321,CAND_13333,CAND_13456,CAND_13513,CAND_13533,CAND_13611,CAND_13613,CAND_13713,CAND_13777,CAND_13788,CAND_15000,CAND_15001,CAND_15007,CAND_15015,CAND_15033,CAND_15040,CAND_15041,CAND_15100,CAND_15101,CAND_15111,CAND_15117,CAND_15123,CAND_15153,CAND_15156,CAND_15192,CAND_15215,CAND_15222,CAND_15300,CAND_15333,CAND_15444,CAND_15456,CAND_15500,CAND_15507,CAND_15515,CAND_15543,CAND_15551,CAND_15555,CAND_15577,CAND_15590,CAND_15625,CAND_15678,CAND_15700,CAND_15722,CAND_15755,CAND_15777,CAND_15800,CAND_15888,CAND_15987,CAND_15999,CAND_18000,CAND_18007,CAND_18008,CAND_18018,CAND_18020,CAND_18021,CAND_18022,CAND_18100,CAND_18123,CAND_18156,CAND_18190,CAND_18222,CAND_18333,CAND_18440,CAND_18500,CAND_18555,CAND_18666,CAND_18777,CAND_18800,CAND_18888,CAND_20000,CAND_20002,CAND_20005,CAND_20008,CAND_20019,CAND_20020,CAND_20024,CAND_20029,CAND_20040,CAND_20088,CAND_20100,CAND_20111,CAND_20117,CAND_20123,CAND_20130,CAND_20150,CAND_20156,CAND_20190,CAND_20200,CAND_20221,CAND_20222,CAND_20241,CAND_20250,CAND_20321,CAND_20333,CAND_20444,CAND_20456,CAND_20500,CAND_20555,CAND_20597,CAND_20604,CAND_20666,CAND_20777,CAND_20888,CAND_20911,CAND_22000,CAND_22001,CAND_22002,CAND_22022,CAND_22041,CAND_22055,CAND_22091,CAND_22111,CAND_22122,CAND_22123,CAND_22180,CAND_22181,CAND_22190,CAND_22220,CAND_22221,CAND_22222,CAND_22223,CAND_22225,CAND_22226,CAND_22227,CAND_22228,CAND_22233,CAND_22234,CAND_22322,CAND_22333,CAND_22345,CAND_22371,CAND_22422,CAND_22444,CAND_22456,CAND_22522,CAND_22555,CAND_22622,CAND_22642,CAND_22722,CAND_22777,CAND_22888,CAND_22922,CAND_22999,CAND_23000,CAND_23007,CAND_23015,CAND_23021,CAND_23023,CAND_23033,CAND_23040,CAND_23045,CAND_23055,CAND_23100,CAND_23123,CAND_23156,CAND_23300,CAND_23333,CAND_23444,CAND_23456,CAND_23600,CAND_23833,CAND_23999,CAND_25000,CAND_25001,CAND_25006,CAND_25007,CAND_25016,CAND_25022,CAND_25024,CAND_25025,CAND_25026,CAND_25103,CAND_25111,CAND_25123,CAND_25143,CAND_25153,CAND_25165,CAND_25190,CAND_25192,CAND_25200,CAND_25222,CAND_25225,CAND_25255,CAND_25303,CAND_25321,CAND_25333,CAND_25444,CAND_25456,CAND_25502,CAND_25525,CAND_25555,CAND_25625,CAND_25678,CAND_25690,CAND_25700,CAND_25777,CAND_25789,CAND_25800,CAND_25888,CAND_25977,CAND_25999,CAND_27000,CAND_27007,CAND_27010,CAND_27017,CAND_27021,CAND_27022,CAND_27027,CAND_27041,CAND_27044,CAND_27119,CAND_27123,CAND_27127,CAND_27131,CAND_27137,CAND_27156,CAND_27178,CAND_27190,CAND_27200,CAND_27204,CAND_27220,CAND_27222,CAND_27227,CAND_27237,CAND_27270,CAND_27272,CAND_27333,CAND_27444,CAND_27500,CAND_27555,CAND_27556,CAND_27627,CAND_27653,CAND_27654,CAND_27663,CAND_27707,CAND_27764,CAND_27777,CAND_27890,CAND_27999,CAND_28000,CAND_28001,CAND_28007,CAND_28013,CAND_28022,CAND_28028,CAND_28029,CAND_28033,CAND_28055,CAND_28088,CAND_28121,CAND_28122,CAND_28123,CAND_28156,CAND_28180,CAND_28188,CAND_28190,CAND_28199,CAND_28208,CAND_28222,CAND_28226,CAND_28228,CAND_28300,CAND_28303,CAND_28333,CAND_28345,CAND_28357,CAND_28555,CAND_28678,CAND_28777,CAND_28789,CAND_28877,CAND_28888,CAND_28999,CAND_30000,CAND_30001,CAND_30003,CAND_30007,CAND_30011,CAND_30019,CAND_30030,CAND_30033,CAND_30041,CAND_30044,CAND_30050,CAND_30063,CAND_30070,CAND_30077,CAND_30080,CAND_30100,CAND_30123,CAND_30130,CAND_30133,CAND_30202,CAND_30230,CAND_30234,CAND_30300,CAND_30321,CAND_30331,CAND_30333,CAND_30396,CAND_30456,CAND_30500,CAND_30522,CAND_30555,CAND_30567,CAND_30700,CAND_30707,CAND_30777,CAND_30789,CAND_30888,CAND_30987,CAND_30999,CAND_33000,CAND_33003,CAND_33011,CAND_33012,CAND_33013,CAND_33033,CAND_33041,CAND_33100,CAND_33111,CAND_33123,CAND_33156,CAND_33284,CAND_33300,CAND_33333,CAND_33345,CAND_33444,CAND_33456,CAND_33500,CAND_33632,CAND_33777,CAND_33888,CAND_35000,CAND_35001,CAND_35003,CAND_35007,CAND_35022,CAND_35035,CAND_35036,CAND_35050,CAND_35086,CAND_35100,CAND_35101,CAND_35106,CAND_35111,CAND_35123,CAND_35127,CAND_35135,CAND_35145,CAND_35179,CAND_35190,CAND_35192,CAND_35200,CAND_35222,CAND_35234,CAND_35350,CAND_35353,CAND_35400,CAND_35500,CAND_35520,CAND_35555,CAND_35579,CAND_35635,CAND_35655,CAND_35735,CAND_35777,CAND_35789,CAND_35797,CAND_35835,CAND_35888,CAND_35999,CAND_36000,CAND_36006,CAND_36007,CAND_36010,CAND_36022,CAND_36044,CAND_36104,CAND_36123,CAND_36182,CAND_36190,CAND_36198,CAND_36222,CAND_36233,CAND_36285,CAND_36333,CAND_36336,CAND_36360,CAND_36369,CAND_36456,CAND_36536,CAND_36555,CAND_36773,CAND_36777,CAND_36789,CAND_36799,CAND_36910,CAND_36952,CAND_36970,CAND_36987,CAND_36999,CAND_40000,CAND_40010,CAND_40012,CAND_40013,CAND_40040,CAND_40100,CAND_40123,CAND_40140,CAND_40144,CAND_40156,CAND_40166,CAND_40192,CAND_40201,CAND_40222,CAND_40234,CAND_40321,CAND_40333,CAND_40400,CAND_40401,CAND_40402,CAND_40404,CAND_40420,CAND_40430,CAND_40440,CAND_40444,CAND_40456,CAND_40458,CAND_40500,CAND_40550,CAND_40555,CAND_40666,CAND_40678,CAND_40777,CAND_40800,CAND_40840,CAND_40888,CAND_40999,CAND_43000,CAND_43001,CAND_43021,CAND_43777,CAND_43789,CAND_43977,CAND_44000,CAND_44004,CAND_44007,CAND_44030,CAND_44044,CAND_44048,CAND_44077,CAND_44099,CAND_44111,CAND_44123,CAND_44144,CAND_44153,CAND_44156,CAND_44176,CAND_44181,CAND_44190,CAND_44192,CAND_44200,CAND_44222,CAND_44300,CAND_44322,CAND_44333,CAND_44400,CAND_44440,CAND_44444,CAND_44500,CAND_44555,CAND_44567,CAND_44600,CAND_44644,CAND_44669,CAND_44700,CAND_44707,CAND_44777,CAND_44800,CAND_44888,CAND_44900,CAND_44911,CAND_44999,CAND_45000,CAND_45008,CAND_45025,CAND_45040,CAND_45045,CAND_45123,CAND_45145,CAND_45190,CAND_45221,CAND_45222,CAND_45245,CAND_45455,CAND_45500,CAND_45555,CAND_45678,CAND_45777,CAND_45789,CAND_45846,CAND_45888,CAND_45999,CAND_50000,CAND_50007,CAND_50024,CAND_50050,CAND_50100,CAND_50112,CAND_50123,CAND_50135,CAND_50138,CAND_50169,CAND_50222,CAND_50229,CAND_50500,CAND_50555,CAND_50570,CAND_50777,CAND_50789,CAND_50808,CAND_55000,CAND_55002,CAND_55007,CAND_55010,CAND_55016,CAND_55018,CAND_55055,CAND_55056,CAND_55100,CAND_55111,CAND_55123,CAND_55155,CAND_55156,CAND_55190,CAND_55222,CAND_55255,CAND_55300,CAND_55333,CAND_55456,CAND_55500,CAND_55510,CAND_55515,CAND_55523,CAND_55525,CAND_55533,CAND_55550,CAND_55555,CAND_55588,CAND_55600,CAND_55655,CAND_55678,CAND_55728,CAND_55777,CAND_55789,CAND_55800,CAND_55855,CAND_55888,CAND_55955,CAND_55999,CAND_65040,CAND_65123,CAND_77000,CAND_77001,CAND_77004,CAND_77007,CAND_77020,CAND_77041,CAND_77050,CAND_77051,CAND_77077,CAND_77100,CAND_77112,CAND_77115,CAND_77200,CAND_77222,CAND_77227,CAND_77277,CAND_77288,CAND_77303,CAND_77321,CAND_77333,CAND_77345,CAND_77417,CAND_77420,CAND_77431,CAND_77444,CAND_77450,CAND_77500,CAND_77555,CAND_77678,CAND_77700,CAND_77770,CAND_77777,CAND_77789,CAND_77888,CAND_77889,CAND_77890,CAND_77991,CAND_77993,CAND_77999
1,1244,COLEGIO ESTADUAL ANGELO TREVISAN,R CARLOS RAZERA   445,VISTA ALEGRE,-25.41149479,-49.29358008,31,0,5008,3669,262,183,0,4,7,7,22,3,2,5,17,0,1,0,1,19,5,28,2,20,3,10,7,17,37,3,2,0,0,0,1,2,2,0,15,0,3,0,0,0,30,0,5,0,1,0,4,0,1,5,1,3,1,0,0,0,3,0,20,5,0,2,1,89,0,7,33,7,0,0,0,19,4,24,12,1,41,5,0,1,1,0,0,5,3,2,1,5,0,0,0,2,2,1,0,5,1,0,0,0,0,6,13,0,1,2,1,35,3,0,0,7,2,4,0,1,12,0,2,0,0,0,0,4,0,0,6,0,0,0,3,0,0,1,8,0,20,0,12,0,8,2,2,0,3,2,2,11,0,17,26,19,22,0,0,3,9,37,11,0,0,0,3,0,7,32,14,2,0,11,7,5,54,0,1,0,1,1,0,8,1,2,0,0,0,0,0,0,0,1,0,7,0,3,0,2,3,1,7,8,0,3,3,0,1,0,0,0,0,0,2,0,0,0,1,0,0,0,2,0,0,1,0,0,1,0,0,0,75,0,0,0,0,11,1,1,0,0,0,3,0,26,31,1,1,26,0,8,0,0,2,2,0,0,1,10,27,0,0,1,28,0,1,1,22,0,37,0,5,0,1,1,20,1,2,2,0,1,23,3,7,13,3,2,1,0,15,0,2,0,1,0,0,20,53,0,0,32,3,2,18,7,0,7,0,1,2,0,0,9,0,0,7,0,0,1,1,0,0,0,0,1,0,1,1,0,0,1,2,0,1,0,7,0,14,0,2,0,0,0,2,0,0,3,0,1,0,1,0,60,0,0,0,0,0,0,0,0,0,1,1,0,2,0,2,0,1,0,0,1,0,0,0,0,0,0,0,0,0,0,1,0,1,0,0,0,0,0,0,0,0,0,3,0,0,0,0,0,0,0,1,1,0,0,4,0,0,1,0,0,0,15,0,0,0,0,0,0,0,0,0,0,0,4,0,4,1,0,0,5,0,1,0,46,1,0,0,0,8,16,1,13,0,4,0,0,10,0,0,1,0,3,0,1,54,91,3,0,11,0,2,8,0,0,0,0,21,3,0,3,0,0,1,0,0,0,0,1,0,0,0,3,0,0,1,11,0,0,0,0,0,0,0,1,3,4,3,56,7,0,1,0,1,0,0,3,22,1,1,1,1,4,1,0,0,1,0,1,0,11,0,1,0,0,0,5,2,0,0,0,2,0,1,0,1,0,1,3,3,0,0,3,0,0,6,0,0,0,0,1,10,1,44,0,0,0,0,0,0,0,1,17,9,4,1,0,12,0,3,1,1,2,7,0,3,0,0,0,1,0,0,0,0,2,1,0,0,0,2,0,0,0,0,6,1,9,0,3,0,17,0,0,6,22,9,3,5,2,0,2,0,0,0,61,45,0,0,1,0,24,1,0,0,2,1,1,5,0,4,48,3,1,0,5,1,0,0,0,57,0,2,0,0,3,0,1,0,0,0,1,14,1,1,10,0,1,0,0,0,1,0,0,0,4,1,0,1,1,14,1,15,1,0,0,0,0,14,4,0,0,0,3,21,0,14,0,8,0,88,3,5,0,2,2,13,4,5,4,3,0,3,0,0,0,0,0,1,0,33,4,1,2,8,0,6,4,6,6,4,0,0,11,18,0,2,0,0,0,7,1,0,26,0,0,0,8,2,0,5,0,0,0,0,0,0,0,0,0,0,0,0,1,0,0,18,0,2,0,0,0,0,4
1,1252,ESCOLA ESTADUAL DONA CAROLA,R SOLIMOES  290,SÃO FRANCISCO,-25.41958047,-49.27991765,2,0,1662,1230,56,63,0,1,0,1,9,0,0,0,5,0,1,0,0,4,2,15,0,6,1,5,1,3,7,0,0,1,0,0,0,0,0,0,1,1,2,0,0,1,3,1,4,0,0,0,2,0,0,5,0,0,0,0,0,0,0,0,5,4,0,2,0,35,0,7,14,2,1,0,0,1,0,6,1,2,12,2,0,1,0,0,0,0,0,0,0,3,0,0,0,1,2,4,0,2,0,0,0,2,0,0,5,0,0,0,0,18,3,0,0,6,2,2,0,0,4,0,0,0,0,0,0,1,2,2,2,0,0,0,1,0,0,1,0,0,17,0,2,0,3,0,3,0,1,1,0,8,0,3,14,5,7,0,0,3,5,23,0,0,0,2,2,0,4,10,6,3,0,3,3,1,13,0,0,1,0,0,0,0,0,0,0,0,0,0,0,1,0,1,0,1,2,0,0,0,0,0,4,5,0,0,0,0,1,0,0,0,1,0,0,0,0,0,0,0,0,0,0,0,0,0,0,0,1,0,0,0,19,0,0,0,0,1,0,0,1,0,2,1,0,8,13,0,2,7,1,1,0,0,0,0,0,0,0,4,9,1,0,1,8,1,0,2,5,0,7,0,4,0,5,0,13,3,0,0,0,0,15,0,1,1,0,2,2,0,0,0,1,0,0,1,0,7,14,0,0,20,0,0,11,2,0,3,0,0,1,0,0,2,0,0,2,0,0,2,1,1,1,0,0,0,0,0,0,0,0,0,4,0,0,0,0,0,1,0,0,1,0,0,1,0,0,0,0,1,0,1,1,6,0,0,0,0,0,0,2,0,0,0,0,2,0,0,1,0,0,0,0,1,0,0,0,1,0,0,0,0,0,0,0,0,1,0,0,0,0,0,1,0,1,0,1,0,0,0,0,0,0,0,0,0,0,0,0,0,0,1,0,0,0,0,0,0,0,0,1,0,0,0,0,0,0,0,0,0,0,0,0,4,0,0,0,18,0,0,0,0,0,5,0,1,0,4,0,0,3,0,0,3,0,1,1,0,10,35,25,0,0,0,0,1,0,0,0,0,2,1,1,0,0,0,1,0,0,0,0,0,2,0,0,0,0,0,0,1,1,0,0,1,0,0,0,1,0,0,4,16,14,0,0,0,1,0,0,0,6,0,1,0,0,0,0,0,0,0,0,1,0,0,0,0,0,0,0,1,0,0,0,0,0,0,0,0,0,0,1,7,0,0,0,0,0,0,0,0,0,0,1,0,1,1,0,0,0,0,0,0,0,0,0,5,1,0,0,0,1,0,5,0,0,0,0,1,0,1,0,0,0,1,0,0,0,2,1,0,0,1,0,0,0,0,0,4,0,8,0,1,0,6,0,0,6,5,5,1,1,1,0,0,0,0,0,18,14,0,0,0,0,11,0,0,0,0,0,0,0,1,0,10,5,0,0,0,0,0,0,0,24,0,0,0,2,0,1,1,0,0,0,0,12,6,0,0,0,0,0,0,0,1,0,0,2,0,0,0,1,0,1,0,10,0,0,0,0,0,10,0,0,0,0,1,0,0,5,1,0,0,3,1,1,0,1,0,2,1,2,1,1,0,1,0,0,0,0,0,0,2,14,0,6,7,3,0,5,3,1,3,0,0,0,5,7,0,0,0,1,0,0,0,0,16,2,0,0,0,0,0,4,0,0,0,0,0,0,0,0,0,0,0,0,0,0,3,3,2,0,0,0,0,0,1
1,1260,ESCOLA MUNICIPAL MIRAZINHA BRAGA,R CORONEL JOAO GUILHERME GUIMARAES 1500,BOM RETIRO,-25.40885668,-49.28136751,13,0,2125,1609,78,66,0,3,6,2,24,0,0,2,4,0,0,1,0,3,0,14,1,7,1,3,2,5,9,0,2,0,0,2,0,2,0,0,3,1,1,0,0,2,19,4,2,2,0,0,0,0,0,2,4,2,0,0,0,0,0,0,1,1,0,0,0,27,0,14,31,6,3,0,0,1,0,18,3,0,29,2,0,0,1,0,0,0,2,0,0,3,0,0,0,1,0,2,0,4,1,1,0,0,0,1,0,0,2,1,2,14,0,0,0,10,2,2,0,0,6,0,0,0,0,0,0,4,3,2,1,1,0,0,2,1,0,2,6,0,15,0,7,0,7,0,1,0,2,2,1,11,1,14,16,10,10,0,0,4,3,20,7,0,0,0,0,0,3,11,2,1,0,4,0,5,19,1,1,1,0,1,1,0,0,1,0,0,0,0,0,4,0,0,0,2,0,0,0,0,0,0,8,5,0,0,0,0,0,0,0,0,0,0,1,1,0,0,0,0,0,0,0,0,0,0,0,0,0,0,0,0,36,0,0,0,0,1,0,0,0,0,1,3,0,7,22,3,0,19,0,2,0,0,1,0,0,0,0,3,10,0,0,1,15,1,4,2,7,0,14,0,8,0,2,0,7,3,0,1,0,0,8,2,1,2,4,0,0,0,1,0,1,0,0,1,0,7,24,0,0,19,0,2,2,5,0,0,0,0,0,1,0,0,0,1,4,0,0,4,4,0,0,0,0,0,0,1,0,0,0,0,2,3,0,0,3,0,11,0,0,0,0,0,0,0,0,0,1,1,1,0,0,7,0,0,0,0,0,0,0,0,0,0,0,0,0,0,1,0,0,0,0,0,0,0,0,0,0,0,0,0,1,0,0,0,0,0,0,0,0,0,1,0,0,0,2,0,0,0,0,0,0,4,0,0,0,0,0,0,0,2,0,0,0,0,0,0,0,1,0,0,1,0,0,0,0,3,0,0,0,0,0,1,0,0,0,27,1,0,0,0,0,11,0,4,0,0,0,0,5,0,0,1,2,1,1,2,15,42,4,0,1,0,1,2,0,0,0,2,8,1,0,0,0,0,0,0,0,0,0,1,0,0,0,1,0,0,1,2,0,0,0,0,0,0,0,1,0,0,8,32,6,0,0,0,0,0,0,0,13,0,0,0,0,0,2,0,2,0,0,1,0,1,0,0,0,1,0,1,0,0,0,0,0,0,6,0,0,1,0,3,1,0,0,0,0,0,1,0,0,0,0,2,2,9,3,0,1,0,0,0,0,0,0,5,2,0,0,0,0,0,5,0,0,0,3,2,0,0,0,0,0,0,0,0,0,3,2,0,0,0,0,0,0,0,0,5,0,4,0,1,0,16,0,1,4,5,5,0,0,1,0,1,0,0,0,17,15,5,0,0,0,21,0,0,0,0,0,0,1,0,1,11,3,0,0,1,0,1,0,0,18,0,0,0,3,0,0,1,0,0,0,0,10,3,1,0,0,1,0,0,0,0,0,0,0,5,0,0,1,0,1,0,6,2,0,0,0,0,19,2,0,0,0,1,9,0,13,0,0,0,16,0,1,1,4,4,9,1,3,2,0,0,6,0,0,0,1,0,0,1,20,0,2,5,11,0,0,4,3,3,2,2,0,1,2,0,0,0,0,0,1,0,0,10,0,0,2,2,1,0,4,1,0,0,0,0,0,0,0,0,0,0,0,1,0,0,4,1,0,0,0,0,0,0
1,1279,ESCOLA MUNICIPAL NYMPHA MARIA DA ROCHA PEPLOW,R BATISTA PESSINE  933,VISTA ALEGRE,-25.41214346,-49.30378369,31,0,1501,1136,102,59,0,3,1,2,10,0,0,1,1,0,0,0,0,10,0,10,0,8,0,4,1,2,6,0,0,0,0,1,0,0,0,0,5,0,1,0,0,3,18,0,3,0,0,0,0,1,0,0,0,0,0,1,0,0,1,0,7,0,0,0,0,10,0,11,11,3,1,0,0,1,0,5,3,0,4,3,1,0,2,0,0,3,3,0,0,0,0,0,0,0,0,2,0,2,0,0,0,0,0,1,4,0,5,0,0,12,1,0,0,0,1,1,0,0,2,0,0,0,0,0,0,1,1,1,3,0,0,0,1,0,0,0,4,1,4,0,5,0,2,0,0,0,0,3,0,6,1,5,1,3,7,0,0,0,4,1,1,0,0,1,0,0,0,3,3,1,0,5,0,6,14,0,2,1,0,0,0,10,3,1,0,1,0,0,0,1,0,0,0,0,0,0,0,1,0,0,0,2,0,0,2,0,0,0,0,0,0,0,0,0,0,0,0,0,4,0,0,0,0,0,0,0,0,0,0,0,23,0,0,0,0,3,0,0,0,0,0,0,0,3,10,0,5,6,0,4,0,0,1,0,0,0,0,4,13,0,0,0,4,0,3,0,0,0,9,0,3,0,0,0,1,0,0,1,0,0,4,1,0,2,3,0,0,0,2,1,2,0,0,0,0,2,13,0,0,5,1,0,4,2,0,2,0,0,0,0,0,3,0,0,1,0,0,0,0,0,0,0,1,0,0,0,0,0,0,0,1,0,1,0,5,0,7,0,0,0,0,1,0,0,0,0,0,0,0,0,0,70,0,0,0,0,0,0,0,0,0,0,0,0,0,2,4,0,0,0,0,1,0,0,0,0,0,0,0,0,0,0,0,0,0,0,2,0,0,0,2,0,0,0,0,0,0,0,0,0,1,0,1,0,0,0,0,0,0,0,0,0,0,31,0,0,0,0,0,0,0,0,1,0,1,2,0,3,0,0,0,0,0,0,0,10,0,0,0,0,0,2,0,1,0,2,0,0,2,0,0,0,3,3,0,0,22,21,0,0,1,0,0,2,0,0,1,0,0,0,0,0,0,0,0,0,0,0,0,0,0,0,0,0,0,0,0,5,0,0,0,0,0,0,0,0,0,0,0,22,0,0,2,0,2,1,0,0,5,0,1,0,0,0,0,1,0,0,0,1,0,6,2,0,0,0,0,0,0,0,0,0,0,0,0,0,0,0,0,1,0,0,0,2,0,0,0,0,0,0,1,0,5,1,8,0,0,0,0,0,0,0,1,8,1,0,0,0,2,0,2,0,0,1,3,0,3,0,0,0,1,0,0,0,0,0,0,0,2,1,0,1,0,0,0,3,0,3,1,1,0,4,0,0,0,0,4,4,2,0,0,0,0,0,1,10,22,0,0,0,0,14,0,0,0,0,0,0,0,0,0,3,0,0,0,1,0,1,0,0,21,0,0,0,0,0,0,0,0,0,0,2,4,0,0,1,0,0,0,0,0,1,0,0,0,0,0,0,1,0,3,0,5,0,0,0,1,0,3,1,0,0,0,0,4,0,3,0,0,0,38,0,1,2,0,4,4,1,0,1,0,0,3,0,0,0,0,0,0,0,6,3,1,4,4,0,0,0,0,0,1,0,0,8,4,0,0,0,0,1,0,0,0,5,0,0,0,2,2,0,2,0,0,0,0,0,0,0,0,0,0,1,0,1,0,0,2,0,0,0,0,0,0,2
1,1317,COLÉGIO ADVENTISTA BOM RETIRO (PARTICULAR),R LYSIMACO FERREIRA DA COSTA 980,BOM RETIRO,-25.41612053,-49.27517221,13,0,3893,2728,153,146,0,1,4,7,30,3,0,4,12,1,2,0,0,9,4,21,1,8,0,7,3,12,15,0,6,0,0,11,1,0,1,0,13,0,1,0,0,2,6,4,9,1,1,1,7,0,0,2,0,1,0,0,0,0,0,0,5,5,0,0,0,50,0,5,28,4,1,0,1,18,2,17,1,1,40,2,1,0,5,0,0,4,1,1,2,1,0,0,0,2,0,0,0,3,4,0,3,0,0,1,9,0,1,0,1,24,4,0,0,7,3,5,0,0,4,0,0,1,0,2,0,10,1,0,5,6,0,0,3,0,0,2,6,2,28,2,5,0,15,1,3,0,2,4,0,18,1,16,28,23,21,0,0,9,8,32,11,0,2,1,1,0,0,19,9,0,0,9,0,19,36,0,0,5,1,4,0,0,1,3,0,1,0,0,0,3,0,0,0,6,0,1,0,3,0,1,8,7,0,0,3,0,0,0,0,0,1,0,1,0,0,0,0,0,0,0,0,0,0,1,1,0,2,0,0,0,33,0,0,0,0,6,5,0,0,0,0,2,1,12,34,0,2,15,0,5,1,0,1,6,0,0,0,4,10,2,0,3,30,0,0,4,8,0,39,0,14,0,0,0,17,2,0,2,0,0,20,7,3,8,5,6,2,1,5,0,3,2,0,2,0,9,27,0,0,46,2,0,19,5,0,2,0,0,0,0,0,3,0,3,2,0,0,0,4,0,0,0,0,0,0,2,0,0,0,0,1,0,1,0,4,0,12,0,0,0,0,0,0,0,1,0,0,0,0,0,0,4,0,0,0,1,0,0,0,0,0,0,0,0,0,1,0,0,0,0,0,1,0,0,0,0,0,0,0,0,0,0,0,0,2,0,0,0,0,0,0,0,3,0,1,0,0,0,3,0,0,0,0,2,0,0,3,0,0,0,0,0,0,1,0,0,1,0,0,0,1,0,0,3,0,2,0,2,0,0,1,2,0,0,0,35,0,1,0,0,0,9,1,3,0,3,0,0,14,0,0,3,1,5,0,0,30,68,4,0,0,0,0,1,0,0,0,0,6,7,0,0,0,0,0,0,1,0,0,2,2,0,0,2,0,0,0,6,0,0,0,0,0,0,0,2,0,3,7,40,11,4,3,0,0,2,0,0,11,0,1,2,0,8,1,0,0,0,0,0,0,7,0,3,0,0,0,2,1,0,0,0,1,0,6,0,1,0,2,1,4,0,0,2,0,1,5,0,0,0,1,0,7,4,3,0,2,0,0,0,0,0,0,14,6,0,1,0,4,0,12,0,0,1,0,2,0,0,0,0,0,0,0,0,0,5,1,0,0,0,0,2,0,0,1,2,0,8,0,0,0,18,1,2,4,14,6,0,3,0,0,6,0,0,1,39,33,4,0,0,0,27,0,0,0,1,0,4,1,1,1,26,2,0,0,2,1,4,0,0,40,0,3,2,3,0,2,0,0,0,0,0,9,1,1,9,0,2,1,0,0,0,0,0,0,8,0,0,4,1,7,2,24,2,0,0,0,1,40,1,0,0,0,1,6,0,10,0,1,0,25,3,0,3,1,2,15,12,13,2,0,0,2,0,3,0,0,0,0,1,34,4,10,5,11,0,15,1,2,3,0,1,3,6,22,0,0,0,0,0,6,0,0,11,0,0,0,5,1,0,2,0,0,0,0,1,2,1,0,0,0,3,0,0,0,1,9,1,1,3,0,0,0,0
1,1325,COLÉGIO CATÓLICA DE CURITIBA,NILO PECANHA  1635,BOM RETIRO,-25.406049,-49.2759618,13,0,4700,3407,177,170,0,3,8,5,34,4,0,5,8,0,0,0,0,21,3,30,1,12,0,9,3,10,18,0,3,2,3,18,1,0,1,0,10,0,4,2,0,5,6,5,12,4,6,0,6,3,0,5,4,2,0,0,0,0,2,0,1,9,0,1,2,67,0,6,35,8,1,0,1,20,2,14,4,0,58,4,1,0,2,1,1,4,4,1,1,7,0,1,0,2,1,0,1,6,2,1,2,0,0,1,12,4,3,3,2,54,3,0,0,10,2,13,0,0,5,0,0,0,1,0,0,17,1,2,1,4,0,0,2,0,0,4,5,4,33,2,8,0,9,2,1,0,1,0,2,28,1,13,39,13,19,0,0,5,11,34,4,0,0,2,0,1,3,16,12,1,0,6,0,13,32,1,1,4,0,2,1,0,0,1,0,0,0,0,0,6,0,1,0,7,7,3,0,1,1,1,12,10,0,2,0,0,0,0,0,0,1,0,0,0,0,0,1,0,0,0,1,0,0,1,0,0,0,0,0,1,58,0,0,0,0,5,4,2,0,0,2,7,1,15,39,7,3,19,0,5,0,0,7,2,0,1,0,8,7,0,0,1,40,5,2,1,6,0,31,0,18,0,2,1,16,0,2,2,0,0,19,0,4,10,2,1,0,0,5,0,15,3,2,3,3,8,46,1,0,101,2,0,16,5,2,1,1,0,0,0,1,6,1,2,0,0,0,3,4,0,0,0,0,2,2,1,0,1,0,0,1,0,7,1,1,0,14,0,0,1,0,0,0,1,0,0,0,0,3,0,0,6,0,0,0,0,0,0,0,1,0,1,2,0,0,1,1,0,0,0,0,0,0,0,0,0,0,0,0,0,0,0,0,0,1,0,0,2,0,0,4,0,0,0,1,0,0,0,1,0,0,1,0,1,1,0,0,1,0,1,0,1,0,3,1,0,0,0,0,0,0,1,0,0,0,0,0,1,0,0,0,3,0,0,0,73,0,2,0,0,0,30,1,5,0,7,0,2,13,0,0,2,0,0,0,0,41,76,2,1,8,0,1,4,0,3,0,2,7,3,0,2,0,0,0,0,0,0,1,5,4,0,0,1,1,4,0,2,0,0,1,0,0,0,0,3,0,6,14,71,18,1,0,1,0,0,0,1,18,0,0,0,0,1,0,0,0,0,1,3,0,15,0,2,0,1,0,2,2,0,0,0,2,0,6,0,0,0,4,5,0,0,0,0,0,1,7,0,0,1,2,1,13,3,3,0,0,0,0,0,0,1,0,19,10,1,0,0,18,0,10,0,0,1,8,3,1,2,0,1,0,0,0,0,0,10,1,0,3,0,0,1,0,0,0,4,1,6,0,0,1,13,1,1,16,16,2,1,0,1,0,1,0,0,0,57,31,5,0,2,0,29,0,0,0,1,0,0,0,0,1,32,2,0,0,0,0,3,0,4,69,0,0,0,1,0,1,1,0,0,0,0,13,2,2,1,0,0,0,0,0,2,0,0,0,15,0,0,0,1,6,3,16,2,0,1,1,0,24,3,0,0,0,1,12,0,12,1,5,0,36,5,3,3,4,1,11,10,4,0,2,4,5,0,1,0,0,0,0,2,43,4,9,12,19,0,7,2,3,1,1,1,0,9,20,0,0,0,0,0,0,1,0,35,0,0,0,3,3,0,7,0,0,0,0,0,1,0,0,0,0,1,0,0,1,1,10,11,0,0,0,0,0,0
1,1422,COLEGIO ESTADUAL BENTO MUNHOZ DA ROCHA NETO,R ELVIRA B POLAK  67,PILARZINHO,-25.39678581,-49.28933367,32,0,3917,2797,245,140,0,3,4,4,23,1,2,2,9,3,4,0,0,7,1,19,1,9,3,6,2,9,15,0,2,2,1,0,0,1,1,0,5,0,1,0,0,0,26,1,11,1,0,0,7,1,0,0,0,5,0,0,4,0,0,0,4,2,0,2,0,37,0,4,14,3,7,0,1,8,1,70,6,0,16,1,0,3,6,1,0,1,11,1,0,2,0,2,0,2,1,0,1,5,0,0,1,2,0,2,5,3,1,6,0,24,1,0,0,8,0,2,0,0,4,0,0,0,0,0,1,3,1,5,3,0,0,0,1,0,0,1,7,0,16,0,8,0,8,1,0,0,7,6,0,16,1,13,21,26,12,0,0,6,14,25,2,0,0,0,1,0,0,12,6,1,3,7,3,10,16,0,0,6,0,2,0,2,0,1,0,3,1,0,0,0,0,0,0,1,0,1,0,1,0,4,1,3,0,1,4,0,3,0,0,0,1,0,1,0,0,0,0,0,0,0,0,0,0,1,1,0,0,0,0,0,38,0,0,0,0,1,4,0,0,0,2,1,0,10,5,3,0,18,0,8,0,0,2,2,0,0,1,3,7,2,0,6,53,0,2,3,1,0,21,0,4,0,0,2,18,0,0,1,0,0,18,7,8,6,0,0,0,0,5,0,4,1,0,3,0,8,11,0,0,36,0,0,7,0,2,0,0,0,3,0,0,9,0,2,2,0,0,6,0,1,1,0,0,0,0,0,0,2,0,0,5,0,0,0,2,0,145,1,0,0,0,0,0,0,0,0,2,0,1,0,0,10,0,0,0,1,0,0,0,0,0,0,4,0,0,0,16,0,0,0,1,0,0,0,0,2,0,0,1,0,0,0,0,0,1,0,0,0,0,0,1,0,0,0,1,0,0,0,0,0,0,1,0,0,0,0,0,0,0,0,0,0,0,2,0,0,0,0,0,0,0,0,0,0,0,2,0,0,0,0,6,1,0,1,0,27,0,1,0,0,9,9,0,5,0,3,1,0,7,0,0,6,0,0,2,2,20,24,0,0,4,0,0,1,0,0,0,4,1,2,0,1,1,0,0,0,0,0,0,1,1,0,0,4,0,0,0,3,0,0,0,1,0,1,0,2,1,2,1,34,8,0,1,0,0,4,2,0,16,0,1,1,0,0,2,1,1,2,0,1,0,3,0,0,0,0,0,2,1,0,1,0,0,0,18,0,0,1,2,0,3,0,0,0,0,8,53,0,0,0,0,0,2,10,4,0,0,0,0,0,0,0,1,8,8,0,0,0,12,0,21,0,1,3,1,5,3,0,0,0,0,0,0,0,3,1,2,0,0,0,0,1,0,0,0,3,0,29,0,1,0,5,0,0,2,4,16,1,1,1,0,1,0,0,1,47,26,0,0,0,0,49,0,0,0,2,0,0,3,2,2,34,4,0,0,0,2,0,1,0,46,0,0,0,1,1,1,0,0,0,0,0,12,3,0,5,0,0,0,0,1,4,0,0,1,2,0,0,2,0,3,1,11,5,0,1,0,0,33,4,0,0,0,0,53,0,15,1,0,0,45,3,2,5,3,1,5,12,4,1,1,0,2,1,0,0,2,0,0,1,20,5,5,22,1,0,7,3,5,6,1,0,0,5,19,0,0,0,0,0,2,1,0,12,0,0,0,1,4,0,1,0,1,0,0,0,0,0,1,0,0,0,0,0,0,0,17,0,6,0,0,0,0,2
1,1430,ESCOLA MUNICIPAL HERLEY MEHL,RUA SATURNINO ARRUDA DOS SANTOS 80,PILARZINHO,-25.38869683,-49.28458932,32,0,4699,3496,267,209,0,2,4,7,24,0,0,7,9,1,4,0,2,6,4,26,3,13,2,11,1,7,31,0,5,1,0,0,3,0,0,0,7,0,1,0,1,0,38,0,8,1,1,0,4,0,0,1,0,1,0,0,3,0,2,1,0,6,0,0,5,80,0,6,13,9,4,0,0,13,0,89,11,0,19,1,0,0,16,0,0,1,10,0,2,0,0,1,1,1,0,1,1,11,0,2,0,1,0,3,5,0,4,7,0,19,2,0,0,7,0,5,0,1,2,0,0,3,0,0,0,2,0,1,2,1,0,0,0,1,0,0,6,0,13,0,28,1,5,4,4,0,2,3,1,6,2,23,26,12,14,0,0,1,21,22,4,0,1,2,0,1,2,13,4,1,5,3,0,15,5,0,1,1,0,0,0,3,0,0,0,1,0,0,0,3,0,0,0,3,0,0,0,0,0,0,2,4,0,1,2,0,2,0,0,1,3,0,0,0,0,0,0,0,0,0,2,0,0,0,0,0,1,0,1,0,51,0,0,0,0,1,3,1,2,0,1,0,0,16,15,0,3,30,0,3,0,0,0,2,0,0,1,3,15,1,0,0,107,0,7,4,5,0,24,0,10,0,0,1,26,0,0,6,1,0,15,0,24,4,1,0,1,0,3,0,3,1,1,0,0,9,23,0,0,49,1,0,10,2,0,5,0,0,4,0,0,3,0,0,3,0,0,2,6,0,0,0,0,0,1,0,0,0,0,0,8,0,0,2,2,0,79,0,3,0,0,0,0,0,1,0,1,0,0,0,0,9,0,0,0,0,0,0,0,0,0,1,0,0,1,0,6,0,0,0,4,0,0,0,0,0,0,0,0,0,6,0,0,0,0,0,0,3,0,0,1,0,0,0,1,0,0,0,0,0,3,0,1,0,0,0,0,0,0,0,0,0,0,10,0,0,0,0,2,0,0,0,0,0,4,4,0,2,0,0,0,4,0,1,0,21,0,0,0,0,1,5,0,2,0,3,4,1,1,0,0,2,0,0,1,1,7,39,1,0,3,0,0,6,0,6,0,0,2,3,0,0,1,0,0,0,1,0,0,1,4,0,0,11,0,0,0,3,0,0,0,2,1,2,0,1,0,3,2,29,10,0,2,0,0,2,0,3,6,0,0,1,0,1,0,0,0,0,0,0,0,3,0,0,0,2,0,1,0,0,0,0,6,0,47,0,0,2,0,0,2,0,0,0,0,10,233,0,0,0,1,0,18,17,4,0,3,1,0,0,0,2,0,5,8,0,0,0,10,2,14,0,0,3,0,13,4,0,0,0,0,0,0,0,1,0,0,0,0,7,0,2,0,0,1,4,0,80,0,0,0,11,2,3,0,7,6,14,2,8,1,2,0,0,0,25,34,3,0,2,0,53,0,0,0,3,0,2,2,1,0,43,6,2,0,1,1,4,1,0,37,0,0,1,0,0,0,0,0,0,0,1,22,2,0,2,0,1,5,1,0,2,0,0,0,5,4,0,0,0,3,0,4,3,0,0,0,1,20,5,0,0,0,0,144,0,19,0,0,0,53,3,1,1,0,2,12,11,15,1,0,0,4,2,0,0,1,0,0,1,29,0,6,13,3,0,9,2,1,0,0,3,0,5,15,0,0,0,0,0,0,0,0,3,1,0,0,3,3,2,3,0,2,0,0,0,0,1,0,0,1,1,0,1,0,1,10,7,0,0,0,0,0,5
1,1457,ESCOLA ESTADUAL PROFESSORA MARIA HELOISA CASSELI,RUA CATHARINA POTINA DE MAURO 80,PILARZINHO,-25.39274258,-49.30096661,32,0,2135,1578,146,75,0,1,6,4,7,1,0,2,6,0,3,1,0,2,0,17,2,8,0,5,2,0,19,0,0,1,0,0,0,4,0,0,3,0,0,0,0,0,24,1,2,0,0,0,3,0,0,0,0,3,0,0,1,0,0,1,3,0,0,2,1,27,0,4,4,6,5,0,0,5,0,17,2,0,9,0,0,2,11,0,0,0,16,1,1,0,0,0,1,2,1,0,0,0,3,0,1,0,0,3,0,0,2,2,0,6,0,0,0,4,0,0,0,0,0,0,0,0,0,1,0,1,0,1,4,0,0,0,0,0,0,0,2,2,4,0,14,0,6,2,2,0,0,0,1,9,0,7,9,10,1,1,0,1,4,5,0,0,0,0,1,0,1,4,2,1,0,3,0,22,1,0,2,2,0,0,0,3,0,0,0,0,1,0,0,0,0,7,0,2,0,0,0,0,0,1,1,0,0,0,0,0,0,0,0,3,0,0,0,0,0,0,0,0,0,0,1,0,0,0,0,0,0,0,0,0,22,0,0,0,0,0,0,0,0,0,0,1,0,9,4,0,0,6,0,0,0,0,0,0,0,0,0,17,1,0,0,1,19,1,4,4,1,0,12,0,2,0,0,0,20,3,0,0,0,0,10,0,8,0,0,0,0,0,0,0,0,0,0,0,0,5,9,0,0,16,0,0,6,1,0,0,0,0,0,0,0,0,0,0,0,3,0,1,0,0,0,0,0,0,0,0,0,2,0,4,0,0,0,0,0,0,105,0,1,0,0,0,0,0,0,0,2,0,0,0,0,7,0,0,0,0,0,0,0,0,0,0,1,0,0,0,41,0,2,0,1,0,0,0,0,0,0,0,2,0,0,0,2,0,0,0,0,0,0,0,0,0,0,0,0,0,1,0,0,0,0,3,0,0,0,0,1,0,0,0,0,0,0,22,0,0,0,0,0,0,0,0,0,0,0,2,0,0,0,1,0,0,0,0,0,5,0,0,0,0,22,1,0,3,0,1,2,1,6,0,0,0,0,0,0,0,6,15,0,0,0,0,0,0,0,0,0,1,1,2,0,0,0,0,0,0,0,0,0,0,0,0,0,2,0,0,0,2,0,0,0,0,0,0,0,0,0,1,1,9,5,0,0,0,0,4,0,0,7,0,0,1,0,0,0,0,0,0,2,1,0,1,0,0,0,0,0,3,0,0,0,1,0,0,1,0,0,0,0,0,1,0,0,1,0,2,15,0,1,0,0,2,0,7,10,0,2,0,0,0,0,0,0,6,3,0,0,0,2,0,9,0,0,0,0,5,1,0,0,0,0,0,0,0,0,1,1,0,0,0,0,0,0,0,0,1,0,18,0,1,0,2,0,0,0,1,3,1,1,1,0,4,0,0,0,11,20,3,0,0,0,21,0,0,0,0,0,0,0,0,0,16,0,3,0,0,0,1,0,0,12,0,0,0,0,0,2,0,0,0,0,0,4,0,0,5,0,0,0,0,0,0,0,0,0,0,3,1,0,2,5,0,1,0,0,0,1,0,4,1,1,0,0,0,45,1,18,0,0,0,68,0,0,0,2,0,4,0,4,0,0,0,1,2,0,0,0,0,0,4,7,0,1,5,4,0,3,1,0,11,1,7,1,3,7,0,0,0,0,0,2,0,0,2,0,0,2,1,0,0,0,0,0,0,0,0,1,0,0,0,0,1,0,0,0,0,3,6,0,0,0,0,0,12
1,1465,ESCOLA MUNICIPAL PILARZINHO,R JORNALISTA GERALDO RUSSE  275,PILARZINHO,-25.38910219,-49.29454348,32,0,2382,1642,178,106,0,2,5,5,15,1,1,3,3,3,3,1,0,0,3,10,1,8,0,6,2,4,30,0,4,2,0,0,0,0,0,0,2,0,0,0,0,0,39,2,5,2,0,0,1,0,0,1,0,3,0,1,0,0,0,0,2,3,0,0,2,19,0,0,0,5,3,0,0,6,0,38,2,0,9,1,0,1,10,1,0,0,6,0,0,1,0,5,0,1,0,1,0,0,0,0,0,0,0,0,1,2,1,3,0,6,0,0,0,1,0,1,0,0,4,0,0,2,0,0,0,2,0,2,4,1,0,0,0,0,0,0,2,0,2,0,16,1,3,0,0,0,2,4,0,6,0,5,3,4,6,0,1,0,4,4,0,0,0,0,1,0,0,4,1,0,1,2,0,14,6,1,0,0,0,2,0,1,0,1,1,2,1,0,0,1,0,0,0,0,0,1,0,0,0,0,1,0,0,0,0,0,0,0,0,0,0,0,1,0,0,0,0,0,0,0,0,0,0,0,1,0,0,0,0,0,22,0,0,0,2,0,0,0,0,0,1,1,0,5,6,0,0,0,0,0,0,0,0,0,0,1,0,4,3,0,0,0,20,0,2,2,7,0,4,0,4,0,0,0,8,0,0,1,0,0,7,0,10,2,1,0,1,0,2,1,0,0,0,2,0,2,14,0,0,8,0,0,7,1,0,0,0,0,0,0,0,3,1,0,0,0,0,0,1,1,0,0,1,0,0,0,0,1,0,2,4,0,0,0,8,0,150,0,1,0,0,0,1,0,1,0,1,0,0,0,1,7,0,0,0,0,0,0,0,0,0,0,0,0,0,0,16,0,0,0,0,1,0,0,0,1,0,0,0,2,0,0,0,0,3,0,0,1,0,0,0,1,0,2,0,0,0,0,1,0,2,0,0,0,0,0,0,0,0,0,0,0,0,2,0,0,0,1,1,0,0,1,1,0,2,0,0,0,1,2,0,0,1,0,0,11,0,1,2,0,0,0,0,1,1,0,0,0,1,0,0,0,0,0,0,0,6,20,0,0,2,0,0,1,0,0,0,1,0,0,0,1,0,0,0,0,0,0,0,0,0,0,0,3,0,0,0,0,0,0,0,0,0,0,0,0,0,0,1,8,1,0,0,0,0,2,2,0,4,0,0,7,0,2,0,0,1,0,0,0,0,0,0,0,0,0,0,0,0,0,0,0,0,0,1,1,0,0,0,0,0,0,0,0,0,9,79,0,0,0,0,0,1,2,4,0,1,0,0,0,0,0,0,8,4,0,0,0,0,0,9,0,0,0,1,18,1,0,0,0,1,0,0,0,1,0,0,0,2,1,0,2,0,1,0,3,0,30,0,0,0,1,1,0,2,2,3,0,2,7,0,2,0,0,0,11,3,0,0,0,0,30,0,0,0,0,0,1,1,0,0,19,2,0,0,0,0,0,0,0,15,0,0,0,0,0,0,1,0,0,0,0,7,0,0,2,0,0,0,0,0,0,0,0,0,3,2,0,0,2,0,0,6,0,0,0,0,0,6,0,0,0,0,0,55,0,15,1,0,0,6,3,1,0,2,5,1,5,10,0,0,0,1,0,0,0,0,0,0,0,17,0,7,8,2,0,1,1,0,3,0,3,0,3,4,0,0,0,0,0,1,1,0,4,0,0,0,2,3,0,0,0,0,0,0,0,0,0,0,0,0,0,0,0,0,0,0,5,0,1,0,0,0,0
1,1716,ESCOLA MUNICIPAL ANA HELLA,RUA JOSE HELLA  93,VISTA ALEGRE,-25.39926059,-49.29778979,31,0,1774,1386,115,72,0,2,3,3,14,1,0,0,2,0,3,0,1,2,0,11,1,10,2,5,0,2,13,0,1,0,1,0,0,5,0,0,5,0,0,0,0,2,4,8,4,0,1,1,0,0,0,0,0,0,0,0,0,0,0,0,18,1,0,0,1,23,0,2,5,3,1,0,0,7,0,15,6,0,5,2,0,0,4,0,0,3,12,3,1,2,0,0,0,5,0,0,0,4,1,0,1,0,0,2,4,2,5,0,1,10,1,0,0,2,0,1,0,0,2,0,0,0,0,0,0,1,0,1,3,0,0,1,1,0,0,1,2,0,10,0,13,0,4,0,0,0,0,2,0,1,0,5,2,11,2,0,0,1,3,5,3,1,0,1,1,0,1,12,2,0,0,3,8,1,5,0,1,1,0,0,0,3,0,1,0,2,0,2,1,0,0,0,0,1,0,0,0,0,3,0,3,2,0,0,0,0,0,0,0,0,2,0,0,0,0,0,0,0,1,0,0,0,0,0,0,0,0,0,0,0,23,0,0,0,0,3,0,0,0,0,0,3,0,12,5,1,0,17,0,4,0,1,0,1,0,0,0,8,16,0,2,0,10,0,0,0,2,0,14,0,4,0,0,0,11,0,0,4,0,0,8,0,4,2,1,0,0,0,2,0,2,0,0,1,1,7,15,0,0,15,0,0,4,1,0,0,0,0,0,0,0,4,0,4,0,0,0,7,2,0,0,0,0,0,0,0,0,0,0,1,0,0,0,0,0,0,57,0,0,0,0,0,0,0,1,0,0,0,1,0,0,7,0,0,0,0,0,0,0,0,0,0,1,0,0,0,5,0,1,0,1,0,0,0,0,0,0,0,0,0,0,0,2,0,2,0,1,0,0,0,0,0,0,0,1,0,0,0,0,0,0,1,0,0,0,0,1,0,0,1,0,0,0,3,0,0,0,0,0,0,0,0,0,0,0,4,0,1,0,0,0,4,0,1,0,10,0,0,0,0,4,2,0,0,0,0,0,0,1,0,0,0,0,3,0,0,22,21,0,0,0,0,1,2,0,0,2,0,2,0,0,0,1,0,0,0,0,0,0,0,0,0,0,2,0,0,0,1,0,0,0,2,0,0,0,1,0,0,1,14,7,0,0,0,0,0,0,0,11,0,0,1,0,0,0,0,0,1,0,2,0,3,0,2,0,0,0,1,0,0,0,0,0,0,0,0,0,2,1,0,2,0,0,0,0,3,17,0,0,0,0,0,6,4,9,0,0,0,0,0,0,0,0,6,3,0,0,0,4,0,14,0,0,0,0,2,0,1,0,0,0,0,0,0,0,0,0,0,0,0,1,1,0,0,0,0,0,9,0,0,0,5,0,0,0,6,7,3,1,1,0,1,0,0,0,18,10,0,0,0,0,23,0,0,0,2,0,0,0,2,1,9,3,0,0,1,0,0,0,0,14,0,0,0,0,0,0,2,0,0,1,0,13,2,0,1,0,0,0,0,0,2,0,0,0,0,0,0,0,0,1,0,3,1,0,1,0,0,11,0,0,0,0,0,7,0,5,1,0,0,28,0,0,1,0,0,2,1,5,0,0,1,0,0,0,0,0,0,0,6,6,1,6,5,12,0,4,0,0,6,0,0,0,3,11,1,0,0,2,0,0,0,0,7,0,0,0,1,1,0,0,0,0,0,0,0,0,0,0,0,0,1,0,1,0,0,5,4,0,0,0,0,0,5
1,1732,ESCOLA MUNICIPAL CEI PROFESSOR LAURO ESMANHOTO,RUA AFFONSO BARONI  175,PILARZINHO,-25.38022836,-49.29552678,32,0,2143,1600,155,77,0,1,4,2,12,0,0,1,7,0,1,1,0,9,3,8,1,7,0,4,2,2,10,0,1,0,0,1,0,0,0,0,5,0,2,0,0,1,27,1,3,13,1,0,1,0,0,1,0,3,0,0,0,0,2,0,1,3,0,0,1,15,0,1,7,5,2,0,0,6,0,29,1,0,10,1,0,0,1,0,0,0,6,0,4,0,0,0,0,0,0,0,0,1,0,0,0,0,0,0,1,0,0,9,0,3,0,0,0,0,1,0,1,0,4,1,1,0,0,0,0,2,0,0,8,0,0,0,0,0,0,0,2,0,8,0,3,0,1,1,0,0,0,1,0,5,0,9,13,10,8,0,0,2,14,11,2,0,0,0,1,0,2,4,2,0,0,2,0,12,7,0,7,0,0,0,0,0,0,0,0,1,0,0,0,1,0,0,0,3,0,0,0,0,0,0,1,0,0,0,3,0,0,0,0,0,2,1,1,0,0,0,0,0,0,0,0,0,0,0,0,0,0,0,0,0,49,0,0,0,0,3,0,0,0,3,3,0,0,10,5,1,0,9,2,2,0,1,0,0,0,0,0,2,5,0,0,1,20,0,0,3,4,0,7,0,4,0,0,0,20,0,0,1,0,0,19,0,6,1,0,1,0,0,1,0,2,1,0,2,0,8,8,0,0,11,0,0,3,0,0,0,0,0,0,1,0,1,1,0,0,0,0,1,2,0,0,0,0,1,0,0,0,0,0,0,2,0,0,0,2,0,34,0,0,0,0,1,0,0,0,0,0,0,1,0,0,3,0,0,0,0,0,1,0,0,0,0,1,0,0,2,4,0,0,0,1,0,0,0,0,0,1,0,0,0,0,0,0,0,0,0,1,0,0,0,7,0,4,0,0,0,0,0,0,0,7,0,0,0,0,0,0,0,0,1,0,0,0,2,0,0,0,1,0,0,0,1,1,0,0,0,0,0,0,0,0,0,0,1,0,4,0,0,0,0,1,1,0,4,0,0,0,0,5,0,1,6,2,1,3,0,12,16,0,0,0,0,0,0,0,0,0,0,1,1,0,0,0,0,0,0,0,0,0,1,0,0,0,22,0,0,0,1,1,0,0,1,0,0,0,1,0,0,1,6,6,0,0,0,0,0,0,0,2,0,0,0,0,2,2,0,0,0,0,0,0,0,0,1,0,1,0,3,0,0,0,0,0,0,3,1,0,0,1,0,1,0,0,0,0,5,19,0,1,0,0,3,3,20,9,0,0,1,0,0,0,0,0,3,6,1,0,0,3,1,20,0,0,0,0,2,7,0,0,0,0,0,0,0,0,2,3,0,0,1,0,1,0,1,0,1,0,126,0,1,0,1,0,0,0,4,2,7,0,1,1,5,0,0,0,23,19,1,0,0,0,35,0,0,0,0,0,1,0,1,0,12,1,0,0,0,1,0,0,0,13,0,0,0,0,0,0,0,0,0,0,0,10,1,0,0,0,0,1,0,0,0,0,0,2,0,1,0,0,0,2,1,2,1,0,0,0,0,17,1,0,0,0,0,33,0,6,0,0,1,19,0,0,0,0,8,0,4,5,1,0,0,0,0,0,0,0,0,0,1,3,0,2,8,1,0,1,0,0,3,0,0,0,1,10,0,0,0,0,0,2,0,0,5,0,0,2,3,11,2,0,0,0,0,0,0,2,0,1,0,0,0,0,0,0,0,5,0,0,0,0,0,0,0
1,1740,COLEGIO VICENTINO SAO JOSE (PARTICULAR),R PADRE JOSE JOAQUIM GORAL  182,ABRANCHES,-25.3823401,-49.27253978,50,0,3181,2486,193,109,0,4,3,3,25,2,1,5,14,2,1,0,0,7,3,15,1,17,1,4,3,14,16,0,4,0,0,1,2,0,0,0,7,0,0,0,0,0,24,0,5,0,1,3,4,0,0,1,1,0,0,0,0,0,2,0,0,1,0,0,0,46,0,2,4,3,1,0,2,12,2,9,4,0,20,2,0,1,2,0,0,0,1,1,0,0,0,0,1,1,1,0,0,1,1,0,0,0,0,2,5,1,0,1,1,9,0,0,0,4,1,0,0,0,5,0,1,1,0,0,0,3,0,0,1,2,0,0,0,0,1,1,8,0,11,0,6,0,6,1,0,0,0,3,2,13,0,13,20,9,9,0,0,0,16,32,4,0,3,0,2,1,2,16,4,2,0,4,0,3,18,0,0,1,0,0,0,0,0,1,0,0,0,0,0,0,0,0,0,2,1,1,0,0,0,3,8,2,0,0,1,1,1,0,0,0,0,0,0,0,0,0,0,0,0,0,0,0,0,0,2,0,2,0,0,0,39,0,0,0,0,10,2,0,0,0,0,3,0,15,24,1,0,6,0,2,0,0,2,0,0,0,0,6,2,1,0,5,245,0,2,5,7,0,24,0,5,0,0,1,11,0,0,3,1,0,11,0,15,3,1,1,2,0,1,0,2,0,0,2,3,11,24,0,0,39,4,0,7,1,0,0,0,0,3,1,0,3,1,0,2,0,0,0,4,0,0,0,0,1,1,0,0,0,0,0,19,1,0,0,0,0,6,0,1,0,0,1,0,0,0,0,0,0,1,0,0,5,0,2,0,0,0,2,0,0,0,1,3,0,0,0,2,0,0,0,0,0,0,0,0,0,0,0,0,0,2,0,0,0,0,0,0,1,0,0,2,0,0,0,0,0,0,0,2,0,0,0,1,0,0,0,1,0,0,0,0,3,0,3,0,0,1,1,0,0,0,0,1,0,0,4,0,1,0,0,9,0,0,0,0,27,1,0,1,0,0,5,0,5,0,6,0,0,4,0,0,1,0,0,23,1,18,37,2,0,2,2,0,2,0,0,0,0,2,6,0,0,0,0,0,0,0,0,0,1,0,0,0,2,0,0,0,0,0,0,0,0,0,0,0,1,1,2,3,33,7,0,0,0,0,0,0,0,7,0,0,3,0,3,0,0,0,1,0,2,0,3,0,0,0,0,0,1,1,0,0,0,0,0,26,0,0,0,1,1,1,0,0,0,0,1,6,0,0,0,0,0,3,3,0,0,2,0,0,0,0,0,0,21,7,0,0,0,2,17,14,0,0,0,1,1,3,2,0,0,0,0,0,0,1,0,0,0,0,0,0,2,0,1,0,6,1,18,0,0,0,17,0,1,3,8,6,2,1,4,0,0,0,0,0,34,28,2,0,3,0,26,0,0,0,0,0,0,0,0,0,17,6,2,0,0,0,1,0,0,30,0,0,0,0,0,0,1,0,0,0,2,12,2,0,1,0,0,0,0,0,1,0,0,0,0,0,0,0,0,4,0,8,1,1,0,0,0,22,4,0,0,0,0,15,0,4,0,0,0,215,2,0,1,1,1,3,8,1,1,0,0,0,0,0,0,0,0,0,1,17,1,15,1,11,0,1,0,3,0,0,1,2,1,9,0,0,0,0,0,1,0,0,7,0,0,0,3,0,1,1,0,0,0,0,0,0,0,0,0,0,0,0,0,0,0,11,10,0,0,0,0,0,0
1,1759,PAROQUIA SANTANA DE ABRANCHES,RUA VITORIO JOAO BRUNOR 688,ABRANCHES,-25.38173497,-49.27189896,50,0,1594,1200,83,55,0,2,1,3,12,0,0,3,5,2,1,0,0,4,0,9,0,10,0,0,1,4,12,0,3,0,2,1,3,0,0,0,0,0,0,0,0,1,7,0,2,1,0,0,3,0,0,4,0,0,0,0,0,0,0,0,1,1,0,0,0,26,0,4,1,3,0,0,2,7,0,4,1,0,6,1,0,0,3,0,0,0,0,0,0,0,0,0,0,0,1,0,0,1,1,0,0,0,0,0,1,2,0,1,0,5,2,0,0,0,0,2,0,0,1,0,0,0,0,0,0,0,0,1,0,0,0,0,1,0,0,0,9,1,5,0,6,0,2,3,0,0,0,2,0,1,0,3,3,3,2,0,0,0,8,16,1,0,0,0,2,0,5,4,1,2,0,1,0,3,8,0,1,2,1,0,0,0,0,0,0,0,0,0,0,0,0,0,0,0,1,0,0,0,0,2,1,1,0,0,0,1,2,0,0,0,2,0,0,0,0,0,0,0,0,0,1,0,0,0,0,0,3,0,0,0,22,0,0,0,0,2,0,0,0,0,0,8,0,5,6,2,1,5,0,2,0,0,2,2,0,0,1,1,1,0,0,4,100,0,0,0,4,0,11,1,4,0,0,0,8,1,1,0,0,0,4,0,7,0,0,1,0,0,3,0,0,1,0,0,0,6,7,0,2,15,4,0,6,3,1,0,0,0,0,0,0,3,0,0,2,0,0,2,1,0,0,0,0,0,0,0,0,0,0,0,14,1,0,0,1,0,2,0,0,0,0,0,0,0,0,0,0,0,0,0,0,4,0,0,0,0,0,0,0,0,0,0,3,0,0,1,1,0,0,0,0,0,0,0,0,0,0,0,0,0,0,0,0,0,2,0,1,2,0,0,2,0,0,0,0,0,0,0,1,0,0,0,0,0,0,0,0,2,0,0,0,3,0,2,1,0,0,0,0,0,0,0,0,0,0,7,0,0,0,3,6,0,0,0,0,7,0,0,0,0,0,4,0,1,0,0,1,0,4,0,0,1,1,1,11,1,6,19,0,0,0,0,0,3,0,1,0,0,0,0,0,0,0,0,1,0,0,0,0,0,0,0,0,1,0,0,0,5,0,0,0,0,0,0,0,0,0,0,2,17,2,0,0,0,0,1,0,0,3,0,0,0,0,0,0,0,0,0,0,1,0,7,0,0,0,0,0,5,0,0,0,0,0,0,18,0,0,0,1,0,0,0,0,0,0,0,4,0,0,0,0,0,0,1,0,0,0,0,0,0,0,1,0,2,2,0,2,0,2,12,5,0,0,0,0,0,1,0,0,0,0,0,0,0,0,4,0,0,0,0,0,3,0,0,0,1,0,2,0,0,0,5,1,0,3,4,9,0,0,0,0,0,0,0,0,16,14,0,2,1,0,18,0,0,0,2,0,0,0,0,0,10,3,0,0,1,0,0,0,1,10,0,0,0,0,0,0,0,0,0,0,1,2,1,0,0,0,0,0,0,0,2,0,0,0,0,0,0,1,0,0,0,4,0,0,0,0,0,9,2,0,0,0,0,3,0,2,1,0,0,96,4,0,0,0,1,0,3,2,1,0,0,3,0,0,0,0,0,0,1,9,0,1,2,4,0,1,3,2,0,0,0,0,2,5,0,0,0,0,0,0,0,0,3,0,0,0,2,2,0,1,0,0,0,0,0,0,0,0,0,0,0,0,2,0,0,2,9,0,0,0,0,0,1
1,1767,COLEGIO ESTADUAL PROFESSOR LOUREIRO FERNANDES,R MARECHAL MALLET    540,AHÚ,-25.40759083,-49.2607406,14,0,4304,3313,169,126,0,2,1,8,40,3,0,5,23,1,0,0,1,15,3,30,0,15,3,4,1,14,25,0,1,1,6,16,0,0,3,0,3,0,4,0,0,3,10,0,4,0,5,0,7,0,1,0,2,1,0,0,0,0,5,0,2,3,0,0,1,53,0,3,24,9,3,1,1,17,0,11,2,0,56,0,0,0,1,1,0,2,4,0,0,3,0,0,0,0,2,2,1,3,1,0,1,2,0,4,15,1,1,1,1,50,5,2,5,12,5,4,0,0,11,0,0,0,0,2,0,5,1,2,6,2,0,0,3,0,0,5,15,1,41,0,7,0,14,3,0,0,0,2,3,40,4,9,41,14,19,2,0,1,13,34,16,1,1,1,1,4,4,14,6,3,0,13,0,2,27,1,0,0,0,1,4,1,0,4,0,0,0,0,0,2,0,0,0,10,4,8,0,2,3,1,9,13,0,1,6,0,1,0,0,0,1,0,2,0,0,0,0,0,0,0,0,0,0,1,0,0,14,0,0,0,59,0,0,0,0,13,0,2,0,0,1,2,0,35,38,6,5,35,0,7,0,0,13,4,0,0,0,8,13,0,0,5,39,4,0,0,10,0,25,1,9,2,2,1,30,2,0,1,0,0,46,7,0,2,0,6,2,0,6,0,5,0,0,6,0,9,40,0,2,63,3,0,17,1,2,2,0,0,1,0,0,7,0,1,2,0,0,8,8,0,0,0,0,0,0,1,0,1,0,0,4,0,0,0,0,0,2,0,1,0,0,1,1,0,1,0,0,0,1,1,0,7,0,0,0,0,1,1,0,0,0,0,0,0,0,4,0,0,4,0,0,1,0,0,0,1,0,0,0,0,0,0,0,0,0,1,1,0,0,0,2,0,0,0,0,1,0,0,1,0,0,0,1,0,0,0,1,0,0,2,0,0,0,2,0,0,0,0,0,0,0,0,0,0,0,3,0,1,1,0,5,4,0,0,0,98,0,0,1,0,0,26,0,14,0,4,0,1,7,1,0,4,0,2,1,1,60,115,3,0,3,0,2,9,0,1,0,0,2,7,4,1,0,0,0,0,0,2,0,1,1,0,0,3,0,2,1,5,0,0,0,0,0,0,0,3,0,0,7,58,8,0,2,0,0,1,0,0,17,0,0,3,0,1,1,1,0,1,0,3,0,9,0,1,0,0,0,3,0,0,0,0,3,0,4,0,0,0,0,2,5,0,0,0,0,0,0,0,0,4,1,0,2,3,2,0,0,0,0,0,0,0,1,52,6,0,0,0,8,1,6,1,0,3,4,0,0,0,0,0,0,0,2,0,0,11,3,0,0,0,0,0,0,0,0,14,0,3,0,1,0,24,2,2,11,13,22,2,0,0,0,1,0,0,0,32,27,8,0,0,0,20,0,0,0,3,4,0,0,0,2,16,2,0,0,0,1,0,1,1,73,0,0,0,0,0,4,2,0,0,2,1,18,3,0,6,0,0,0,0,0,1,0,0,0,4,0,0,2,0,1,0,10,4,0,1,1,0,43,3,0,0,0,1,5,0,6,1,1,1,10,4,1,0,3,3,12,3,5,6,0,0,7,0,1,0,2,0,0,3,43,0,5,7,10,0,11,3,6,1,0,1,0,7,19,0,0,0,3,0,2,0,0,27,1,0,1,2,1,0,13,0,0,0,0,0,0,0,0,0,0,3,0,0,4,0,11,5,1,0,0,0,0,0
1,1775,ESCOLA ESTADUAL ALINE PICHETH,R EURIPEDES GARCEZ DO NASCIMENTO    921,AHÚ,-25.40413701,-49.26540599,14,0,3121,2295,120,107,0,1,1,4,33,3,0,2,7,0,1,0,0,15,0,23,0,11,1,2,1,1,10,0,3,0,11,42,1,0,0,0,7,0,1,0,0,2,3,0,7,1,1,0,9,1,1,7,1,0,0,0,0,0,3,0,1,5,0,0,0,39,0,0,16,3,1,0,0,18,1,5,1,0,32,4,0,0,1,0,0,1,2,0,0,0,0,0,0,0,0,1,0,2,0,0,0,2,0,3,3,0,0,1,1,18,4,0,0,6,0,10,0,0,3,0,0,0,0,0,0,1,1,0,3,0,0,0,1,0,0,3,3,0,22,0,6,1,4,1,0,0,0,1,0,26,2,10,19,19,19,0,0,5,9,21,4,1,0,0,2,0,4,10,5,6,4,13,2,2,16,0,0,0,0,2,6,0,0,3,0,1,0,0,0,2,0,0,0,8,1,3,0,1,2,1,8,8,0,2,4,0,0,0,1,2,0,0,1,0,0,0,0,0,0,1,0,0,0,0,0,0,2,0,0,0,57,0,0,0,0,3,0,0,0,0,0,7,0,14,29,1,2,16,0,3,1,0,32,0,0,0,2,6,14,0,0,2,41,1,2,1,2,0,23,0,10,0,1,0,42,0,1,0,0,2,26,2,1,2,0,3,1,1,1,0,2,2,0,0,0,13,37,0,0,65,0,0,15,8,1,2,0,0,4,0,0,1,0,0,2,0,0,0,8,1,0,0,0,1,0,0,0,0,0,0,1,0,0,1,1,0,0,0,0,0,0,0,0,0,0,0,0,0,0,0,0,3,0,0,0,0,0,1,1,0,1,0,0,0,0,1,0,0,1,0,0,0,0,0,0,0,0,0,0,0,0,0,0,0,1,0,2,2,1,0,6,0,0,0,0,0,0,0,0,0,1,1,0,0,0,0,0,0,0,1,0,0,0,4,0,0,0,0,0,0,0,0,0,0,0,1,0,1,0,0,1,0,0,1,0,61,0,2,0,0,5,13,0,3,0,2,0,0,6,0,0,1,1,1,2,0,32,42,7,0,3,0,1,3,0,0,0,1,0,4,0,1,0,1,0,0,0,0,0,1,0,0,0,7,0,3,0,1,0,0,0,0,0,0,0,2,1,3,2,43,9,0,1,1,0,0,0,0,10,0,0,6,0,0,1,0,0,0,3,0,0,8,0,3,0,0,0,0,3,0,0,0,8,1,1,0,0,1,2,0,1,0,0,1,0,0,2,0,0,0,0,0,2,1,2,0,0,0,0,0,0,0,1,18,5,1,0,0,6,0,6,0,0,1,0,0,0,0,0,0,0,0,0,0,0,3,1,0,0,0,1,0,0,0,0,6,0,3,0,2,0,21,1,5,5,16,15,0,0,0,0,0,0,0,0,25,17,2,0,0,0,21,0,0,0,0,2,0,0,0,0,7,1,0,0,0,1,3,0,0,35,0,1,0,2,0,0,0,0,0,0,0,9,0,3,3,0,0,0,0,0,2,0,0,0,2,1,0,0,0,3,2,13,2,0,0,0,0,19,1,0,0,0,4,3,0,7,0,1,0,9,0,5,0,0,1,6,6,6,3,0,0,9,1,0,0,0,0,0,1,37,0,6,6,9,0,0,0,1,4,0,2,0,19,9,0,1,0,0,0,0,0,0,17,2,0,0,2,0,0,4,0,0,0,0,0,1,0,0,0,1,1,0,0,0,0,9,4,1,0,0,0,0,0
1,1830,ESCOLA MUNICIPAL PROFESSOR BRANDAO,AV JOAO GUALBERTO  953,ALTO DA GLÓRIA,-25.41836088,-49.26361423,4,0,4460,3190,165,131,0,3,7,7,52,3,0,2,10,1,1,0,1,21,1,31,2,17,4,7,2,15,27,0,5,2,1,8,0,1,1,0,4,1,0,0,0,6,5,0,15,0,3,0,8,0,0,10,1,0,0,0,1,0,3,0,9,2,0,2,0,59,0,0,30,5,12,0,0,19,0,4,3,0,45,5,0,0,2,0,0,3,6,2,1,4,0,0,0,1,0,1,0,4,0,0,3,2,1,5,15,0,1,3,1,59,1,0,0,10,6,11,0,0,8,0,1,1,1,1,0,6,0,1,4,0,0,0,4,0,0,1,9,2,41,0,16,0,7,3,2,0,3,1,2,36,1,14,40,30,21,0,0,7,12,53,8,0,1,1,1,0,5,17,17,2,0,20,0,7,49,0,0,1,1,3,2,0,0,3,1,1,0,0,0,6,1,0,0,9,1,4,0,1,3,0,8,11,0,1,1,0,0,0,0,0,0,0,3,0,0,0,0,0,0,0,0,0,0,2,0,0,3,0,0,0,65,0,0,0,0,11,1,0,0,0,0,4,0,15,42,1,2,9,1,2,1,0,5,0,0,1,0,13,12,0,0,5,22,0,2,2,13,1,36,1,8,0,2,1,32,1,1,0,0,1,32,3,2,3,0,11,3,0,2,1,4,0,0,5,0,9,51,0,0,48,0,4,9,0,2,3,0,0,1,0,0,2,0,0,2,0,0,3,2,3,0,0,0,1,0,10,0,0,0,0,3,0,1,0,1,0,0,0,0,0,0,0,0,0,0,0,0,3,1,0,0,12,0,0,0,0,3,0,0,2,0,0,4,0,0,1,0,0,0,0,1,0,0,0,0,0,0,0,0,0,0,0,0,0,0,0,0,0,0,0,1,0,0,0,0,0,0,0,0,0,0,1,1,0,0,0,0,0,0,0,0,0,0,3,0,0,0,0,1,0,0,0,0,0,0,3,0,1,0,0,3,2,0,0,0,64,0,1,0,0,1,21,0,8,0,1,0,0,6,0,0,3,1,7,3,3,40,72,1,0,6,0,0,2,0,1,0,2,4,11,0,6,2,0,1,0,3,0,0,1,0,0,0,1,0,1,1,9,0,0,0,1,1,1,0,0,1,0,9,59,21,1,1,0,0,0,0,1,26,0,0,4,0,0,0,1,2,3,0,2,0,15,0,0,0,0,0,1,0,0,0,0,4,0,5,0,0,0,2,2,1,0,0,0,0,0,0,0,0,0,0,0,3,4,2,0,1,0,0,0,0,0,1,26,19,1,0,0,13,3,6,1,0,4,3,0,0,0,0,1,0,0,0,0,1,5,3,0,0,1,0,2,0,0,0,9,0,0,0,5,0,34,5,3,7,9,10,0,0,0,0,4,0,0,0,35,34,5,0,0,0,23,0,0,1,0,0,1,1,0,0,14,0,1,0,1,1,2,1,0,54,0,0,0,0,0,3,1,0,0,0,1,11,3,1,1,0,1,0,0,0,2,1,0,0,0,0,1,0,1,8,1,11,4,0,1,0,0,33,2,0,0,0,2,9,0,4,0,1,1,14,3,2,0,1,0,9,3,8,0,1,2,20,0,2,0,0,0,2,4,49,0,6,6,14,0,1,5,2,1,0,3,1,5,13,0,0,0,2,0,7,0,0,31,0,0,0,3,17,0,4,0,0,0,0,0,0,2,0,0,0,1,0,1,1,0,7,4,1,0,0,0,0,0
1,1848,COLEGIO ESTADUAL SANTA GEMMA GALGANI,R ASSIS BRASIL    983,ABRANCHES,-25.37190675,-49.26778731,50,0,3290,2457,162,112,0,1,2,3,25,0,0,8,7,0,2,0,2,4,1,15,1,14,1,5,3,1,14,1,2,0,0,0,61,1,0,0,2,1,1,0,0,0,8,1,1,0,4,0,4,0,1,0,0,0,0,0,0,0,0,0,2,0,0,2,0,18,0,4,4,7,0,0,0,8,0,1,1,0,10,0,0,0,5,1,0,1,9,0,0,1,0,0,0,1,1,0,1,1,0,0,0,0,0,1,6,0,2,2,1,7,0,0,0,1,0,1,0,0,5,0,1,0,0,0,0,2,1,0,3,1,0,0,0,1,0,0,2,0,4,0,4,0,1,3,0,0,0,0,0,9,0,10,14,7,12,0,0,0,10,7,4,0,0,1,4,0,0,1,4,8,0,3,0,9,9,0,0,1,1,3,0,0,0,0,0,0,0,1,0,1,0,1,0,0,0,1,0,0,1,13,3,3,0,0,1,0,2,0,0,0,0,0,1,0,0,0,1,0,0,0,1,0,0,0,0,0,3,0,0,0,14,0,0,0,0,3,1,1,0,0,0,1,0,16,6,0,0,17,0,1,0,0,1,3,0,0,0,0,1,0,0,12,519,0,5,7,2,0,13,0,4,0,0,0,36,1,0,4,1,0,7,2,34,8,0,1,0,0,4,0,0,0,0,2,0,5,8,0,0,18,3,0,3,2,0,0,0,0,2,0,0,1,0,2,1,1,0,0,4,0,0,0,0,1,0,0,1,0,0,0,122,0,0,0,5,0,0,0,0,0,0,0,1,0,1,1,0,0,1,0,0,3,0,0,0,0,0,0,0,0,0,0,0,0,1,0,3,0,2,0,1,0,0,0,0,6,0,0,0,0,0,0,2,0,0,0,0,4,0,0,1,0,0,0,0,0,0,0,1,0,0,2,1,0,0,0,0,0,0,0,0,4,0,4,0,0,0,0,0,0,0,0,0,0,0,2,0,2,1,2,26,4,0,1,0,6,0,2,0,0,0,2,0,7,0,2,0,0,1,0,1,1,2,0,3,0,6,24,0,0,1,1,2,4,0,0,0,0,6,4,0,0,1,0,0,0,0,0,0,1,0,0,0,3,0,0,0,1,0,0,1,0,0,1,0,1,0,1,1,25,5,0,1,0,0,0,1,0,9,0,0,1,1,13,1,0,5,0,0,2,0,3,0,4,0,0,0,0,1,0,0,0,2,0,7,0,0,0,1,0,0,0,0,0,0,2,5,0,0,1,1,0,3,1,0,0,0,0,0,0,0,0,0,13,8,0,0,0,4,19,21,0,0,1,0,1,1,0,0,0,0,0,0,0,2,0,1,0,0,1,0,3,0,0,0,0,2,14,0,0,0,3,0,0,1,0,35,0,0,0,0,1,0,1,0,21,17,2,1,1,0,32,1,0,0,0,0,3,0,0,0,36,45,0,0,0,4,0,0,2,26,0,0,0,1,0,0,0,2,0,0,0,3,0,0,3,0,1,0,3,0,1,0,0,0,1,1,0,3,0,3,2,9,0,0,0,0,0,14,0,0,0,0,2,2,0,8,0,0,0,35,1,1,0,1,2,5,16,5,1,3,1,3,2,0,0,0,0,0,1,15,1,7,3,2,0,0,0,7,3,1,3,0,1,7,0,0,0,0,0,0,0,0,7,0,0,0,1,0,0,4,0,0,0,0,0,0,0,0,0,0,4,0,0,0,1,11,7,0,0,0,1,0,0
1,1856,COLEGIO ESTADUAL GELVIRA CORREA PACHECO,R CARMELINA CAVASSIN  385,BARREIRINHA,-25.36678148,-49.26462534,52,0,5159,3914,267,195,0,3,4,7,37,3,2,9,9,0,4,1,1,7,2,19,1,16,1,15,3,7,41,0,3,0,0,2,87,1,0,0,4,0,4,0,0,3,30,1,6,0,2,1,19,1,0,0,2,1,0,2,2,0,1,0,1,5,0,0,1,58,0,5,24,9,4,0,0,3,2,6,5,0,17,2,0,0,3,0,0,8,19,4,0,0,0,0,0,1,1,0,1,0,0,0,0,1,1,0,29,1,2,2,2,18,2,0,0,1,2,4,0,0,5,0,1,0,0,0,1,0,1,1,7,0,0,1,0,0,0,2,2,0,12,0,21,0,4,4,1,2,0,3,1,8,0,12,26,12,14,0,0,2,14,31,1,0,0,1,4,2,6,10,4,5,0,12,0,12,13,0,0,3,0,1,0,0,0,2,1,0,0,0,0,3,0,0,0,2,0,2,0,1,1,23,4,0,0,0,5,0,3,1,0,1,0,0,0,0,0,0,1,0,1,1,3,0,0,0,0,0,0,0,0,0,44,0,0,0,1,5,2,0,0,0,0,1,0,35,5,0,0,24,0,5,1,0,6,1,0,0,0,5,9,1,0,10,818,1,9,5,2,1,16,0,7,1,0,1,30,5,1,0,1,0,25,2,27,11,1,0,3,0,2,1,1,0,0,2,0,3,14,0,0,38,6,0,9,2,1,4,0,0,1,0,0,18,3,0,1,0,0,1,4,1,0,0,0,0,0,0,0,0,1,0,136,0,1,1,8,0,2,0,1,3,0,1,0,0,1,0,0,0,0,0,2,9,0,0,2,0,0,0,0,1,0,0,1,0,2,0,4,0,0,0,0,1,0,0,0,6,0,0,0,0,0,0,0,0,0,0,0,11,0,0,14,0,0,0,0,0,0,0,4,0,0,2,1,1,0,0,3,0,0,3,0,13,0,5,0,0,0,0,0,1,0,0,0,2,0,14,0,4,0,1,32,5,0,0,0,13,0,0,0,0,2,3,5,4,0,0,0,0,6,0,0,0,1,0,2,3,4,53,2,0,0,0,0,4,0,1,0,1,5,5,0,0,1,0,0,0,0,0,0,0,2,0,0,8,0,0,0,1,0,0,0,0,0,0,0,0,0,3,3,39,10,0,0,0,0,2,0,0,9,0,0,3,4,19,0,0,0,0,0,1,0,8,0,0,0,0,0,1,0,0,0,1,4,0,10,0,0,1,0,4,1,0,0,2,0,0,3,0,0,0,1,0,7,6,0,0,2,0,0,0,0,0,0,14,12,1,0,0,14,4,17,0,0,2,0,1,1,0,0,0,0,0,0,0,0,4,1,0,4,0,0,2,0,0,1,3,2,23,0,0,0,2,3,1,7,4,50,5,1,1,2,6,0,1,0,52,14,0,0,0,0,27,0,0,0,0,1,2,0,2,0,45,42,1,0,0,7,4,1,10,41,1,0,3,0,0,0,0,0,2,2,1,16,1,0,2,0,2,0,1,0,1,1,0,0,0,0,0,1,1,1,0,7,2,0,0,0,0,15,1,0,0,0,4,7,0,7,0,0,1,28,5,0,4,3,3,6,13,13,1,0,0,7,1,0,0,0,0,0,2,22,1,9,4,4,0,4,1,3,1,0,5,1,2,14,0,0,0,3,0,2,0,1,5,0,0,0,5,0,0,4,0,0,1,0,0,0,0,0,0,0,2,0,0,0,0,15,9,2,0,0,0,0,0
1,1864,ESCOLA MUNICIPAL JULIA AMARAL DI LENNA,RUA JOAO MACHADO DE CAMARGO 25,BARREIRINHA,-25.3767799,-49.25781793,52,0,5005,3727,232,188,0,3,2,3,25,2,0,7,4,2,3,2,1,3,4,24,3,18,2,14,1,5,34,0,4,6,0,2,26,3,0,0,0,0,0,0,0,1,33,0,3,1,2,0,8,0,0,0,0,1,0,0,0,0,0,0,0,2,0,0,1,36,0,7,6,4,2,0,0,2,1,2,2,0,28,4,0,0,2,0,0,3,4,3,2,1,0,0,0,1,1,4,0,3,1,0,2,2,0,0,19,0,3,0,2,18,0,0,0,5,0,1,0,0,5,1,4,0,0,1,0,5,1,1,5,8,0,0,0,3,0,3,5,0,7,1,12,0,6,4,3,0,1,1,0,8,0,9,12,20,3,1,0,4,13,23,7,0,2,5,6,0,1,11,8,1,1,4,1,6,10,1,0,1,0,1,1,0,1,2,1,3,0,0,0,5,0,0,0,0,2,1,0,0,0,8,8,4,0,0,3,0,0,0,0,1,6,0,1,0,0,0,0,0,1,0,2,0,1,0,1,0,3,0,0,0,29,0,0,0,0,5,1,0,1,0,0,34,0,31,14,0,1,24,0,2,0,0,7,4,0,0,1,3,8,0,0,4,977,1,7,1,10,0,24,0,9,0,0,0,50,2,3,0,0,0,24,0,22,9,0,0,0,0,3,1,1,0,0,3,1,11,24,0,0,16,5,1,11,0,0,0,0,0,4,0,0,1,2,1,0,0,0,4,10,0,0,0,0,1,0,1,0,1,4,0,9,0,0,0,6,0,1,0,1,0,0,0,0,0,0,0,0,0,3,0,0,2,0,0,0,6,3,0,0,1,0,0,5,0,1,0,0,0,0,0,0,1,0,0,0,2,0,0,1,0,0,0,0,0,0,0,3,36,0,0,27,0,0,0,0,1,0,0,4,0,0,0,0,1,0,0,0,0,0,4,0,1,1,11,0,0,0,1,0,1,0,0,0,0,0,8,0,3,0,0,56,7,0,0,1,16,0,0,0,0,0,0,0,1,0,2,0,0,2,0,0,0,0,0,0,5,13,43,2,0,1,0,0,5,0,0,0,0,1,9,0,0,0,0,1,0,0,0,0,2,0,0,0,6,0,0,2,3,0,0,0,0,3,0,0,0,0,1,11,15,9,1,0,0,0,1,1,0,3,0,0,1,1,11,0,0,2,0,0,3,1,0,1,1,0,0,0,0,0,0,0,0,4,0,7,0,0,1,0,1,1,0,0,1,0,0,6,0,0,1,0,0,18,5,0,0,3,0,0,0,0,1,0,7,10,0,0,0,6,3,24,0,1,3,1,1,13,1,1,0,0,0,0,1,0,1,0,0,1,0,0,3,0,0,0,3,1,10,0,4,0,9,4,1,3,6,29,1,1,1,2,0,1,0,0,44,19,1,0,15,0,33,0,0,0,0,0,6,1,0,0,40,163,1,0,1,0,2,0,0,26,0,0,1,0,0,0,1,3,1,0,1,14,1,0,0,0,1,0,1,0,2,0,0,1,0,0,0,0,0,0,0,6,0,0,0,0,0,22,1,0,0,0,1,3,0,6,1,0,0,7,2,0,4,1,1,11,13,7,2,1,1,6,0,0,0,0,0,0,0,13,0,17,2,6,0,6,1,10,5,2,3,0,6,9,1,0,0,0,0,1,0,0,3,0,0,0,6,0,0,0,0,0,0,0,0,0,0,0,0,0,3,0,3,0,1,7,2,1,0,0,1,0,2
1,1872,ESCOLA ESTADUAL MARIA PEREIRA MARTINS,AV ANITA GARIBALDI  5340,BARREIRINHA,-25.36693686,-49.25984971,52,0,3107,2292,177,131,0,2,4,3,19,1,0,2,8,3,1,1,2,10,3,14,2,17,0,7,3,8,20,1,2,0,0,0,15,2,0,0,2,0,0,0,1,0,14,0,1,1,2,0,6,1,0,0,0,1,2,0,0,0,1,1,1,1,0,0,4,39,0,4,8,2,1,0,0,6,1,5,1,0,11,2,0,0,3,0,0,1,9,2,2,2,0,0,0,3,0,1,0,1,0,0,1,2,0,1,4,1,1,1,0,13,2,0,0,7,0,1,0,0,13,0,0,0,1,1,0,4,0,0,3,2,0,0,0,0,0,0,1,0,7,0,10,0,5,0,1,0,0,0,0,8,0,12,19,15,7,0,1,0,12,25,5,0,1,0,7,0,0,16,6,7,0,5,0,15,13,0,1,2,0,0,0,0,0,2,0,0,1,0,0,1,0,0,0,2,0,0,0,0,2,18,0,0,0,0,1,0,1,0,0,0,0,0,4,0,0,0,0,0,0,0,0,0,0,0,0,0,1,0,0,0,17,0,0,0,1,6,0,0,0,0,1,3,0,10,11,2,2,18,0,2,0,0,2,1,0,1,0,7,5,2,0,4,349,3,5,4,1,1,25,3,10,0,0,1,24,2,0,0,0,1,14,0,14,5,0,1,0,0,3,0,0,0,1,1,0,4,16,0,0,27,1,0,9,3,1,0,0,0,0,0,1,2,0,0,2,0,0,1,1,1,0,0,0,2,0,0,0,1,0,0,27,0,0,0,5,0,0,0,2,1,0,1,0,0,2,0,0,0,1,0,1,5,0,0,0,0,0,0,0,1,0,0,3,0,0,0,0,2,2,0,0,0,0,0,0,3,0,0,0,0,0,0,0,0,0,0,0,7,1,0,6,0,0,0,0,0,0,0,2,0,0,0,4,0,0,0,0,0,0,1,0,7,1,6,0,0,0,4,0,0,0,0,0,0,0,3,0,2,0,1,32,10,0,0,0,13,0,0,0,0,1,2,2,2,0,3,0,0,5,0,0,1,0,1,4,1,14,24,0,0,0,0,2,3,0,0,0,2,1,2,0,0,0,1,2,0,0,0,0,1,1,0,0,2,0,0,0,2,0,0,0,0,0,0,0,3,0,1,3,24,2,0,0,0,0,0,1,1,7,0,1,2,2,12,0,1,0,0,0,1,0,4,0,1,0,0,0,0,1,0,0,0,3,0,4,0,2,2,0,1,0,0,0,0,0,0,1,0,0,2,1,0,0,5,1,0,1,0,0,0,0,0,1,17,4,3,1,0,7,1,6,0,0,1,0,1,3,0,0,0,0,0,1,0,1,4,4,0,1,1,0,1,0,1,0,1,0,10,0,1,0,7,1,1,4,8,15,2,1,4,0,2,0,2,0,33,22,1,0,0,0,18,0,0,0,0,1,1,0,0,0,22,12,0,0,0,2,0,0,0,33,1,1,0,0,0,1,1,0,0,0,1,6,0,0,1,0,1,1,0,0,4,0,0,0,3,1,0,1,0,0,0,8,0,0,0,0,0,15,3,0,0,0,1,2,0,5,0,1,0,6,1,0,2,0,0,5,14,6,3,0,0,3,0,0,0,0,0,0,1,18,0,5,2,3,0,5,1,2,0,0,5,1,8,8,0,0,0,4,1,0,0,0,2,0,0,0,0,0,0,2,0,0,0,0,0,0,0,0,0,0,1,0,0,0,0,3,2,2,0,0,0,1,1
1,1910,ESCOLA MUNICIPAL CEI ROMARIO MARTINS,"R DAVID BODZIAK, 828",CACHOEIRA,-25.35283297,-49.25518343,51,0,3731,2712,308,138,0,3,5,7,19,6,0,9,6,1,0,0,2,1,2,12,2,23,2,7,6,3,25,0,5,1,0,0,12,0,0,0,0,0,2,0,0,0,20,1,1,0,0,0,32,0,0,1,0,9,0,2,1,0,1,1,2,0,0,0,2,42,0,5,5,6,2,0,0,26,1,7,1,0,8,1,0,0,1,0,0,1,11,2,2,0,0,0,1,0,0,0,1,5,0,0,1,0,0,4,4,0,0,4,1,4,0,0,0,1,0,1,0,0,4,0,0,0,0,0,0,2,0,7,4,0,0,0,0,0,0,0,0,0,4,0,8,1,5,2,1,0,0,4,1,3,0,9,12,4,5,0,0,1,6,20,5,0,0,0,3,2,3,8,0,0,0,4,1,11,5,1,1,2,0,0,0,1,1,2,0,5,1,0,0,2,0,0,0,0,2,0,0,0,0,2,1,1,0,0,1,0,0,0,0,0,2,0,1,2,0,0,0,0,2,2,1,0,0,0,0,0,4,0,0,0,20,0,0,0,2,0,1,0,0,0,0,2,1,20,9,1,1,17,0,4,0,0,2,0,0,0,0,2,4,0,0,1,606,0,6,3,7,1,12,0,3,1,1,0,25,3,0,1,0,0,18,1,5,8,0,0,3,0,2,0,0,0,2,2,0,5,17,0,0,20,6,0,4,0,0,0,0,0,0,0,0,2,1,2,0,0,0,11,2,4,0,0,0,0,0,2,0,0,1,14,21,0,0,0,2,0,3,0,2,0,0,0,0,0,0,0,0,0,3,0,0,4,1,0,0,0,2,0,0,0,0,0,1,0,0,0,1,0,0,0,0,1,3,0,0,7,0,0,0,0,0,0,0,0,0,0,0,4,3,0,20,0,0,1,2,5,0,0,4,0,0,9,0,0,0,0,1,3,0,1,0,27,0,0,0,0,0,0,0,3,0,0,0,0,3,2,0,2,1,1,5,2,0,0,0,3,0,0,1,0,1,1,0,1,0,1,0,0,2,0,0,0,0,0,0,1,6,20,0,2,0,0,0,3,0,0,0,0,1,8,0,0,1,0,0,0,0,0,0,0,0,0,0,9,0,0,0,5,0,0,0,1,0,0,0,1,2,0,1,7,3,0,0,0,1,0,0,0,10,0,1,0,0,0,3,0,0,0,0,0,0,4,0,3,0,0,0,0,0,0,0,0,0,0,3,0,0,0,2,0,0,0,0,0,0,0,0,0,0,0,11,0,2,7,1,0,5,0,0,0,0,0,0,13,9,0,0,0,1,0,23,8,1,4,1,2,2,0,0,0,0,0,0,0,0,14,0,0,0,0,0,9,0,0,1,6,3,5,0,0,0,3,1,0,2,0,14,3,0,0,3,0,0,0,1,33,17,3,0,1,0,52,0,0,0,0,1,8,0,0,0,25,4,2,0,0,1,0,1,0,27,0,0,0,0,0,1,0,0,0,0,2,10,1,0,0,0,0,0,0,0,1,2,0,0,0,0,0,0,0,0,1,4,0,0,0,0,2,18,1,0,0,0,0,7,0,4,0,0,0,4,2,0,1,1,0,6,12,10,1,1,0,5,0,0,0,0,0,0,1,12,0,17,7,7,0,3,0,7,4,0,20,0,1,16,0,0,0,0,0,2,1,0,2,0,0,0,6,3,0,0,0,4,0,0,0,1,0,0,0,0,0,0,0,0,0,6,4,0,0,0,0,0,5
1,1929,CLUBE CURITIBANO SEDE CONCORDIA,"PRESIDENTE CARLOS CAVALCANTI,  815",SÃO FRANCISCO,-25.4256255,-49.27282461,2,0,2274,1549,77,48,0,0,1,4,29,2,2,2,6,1,0,1,0,4,1,13,0,4,2,0,0,5,3,0,3,0,1,5,0,2,1,0,6,0,0,0,0,3,2,0,3,0,0,0,1,1,0,3,0,0,0,1,0,0,2,0,0,5,0,1,1,27,0,6,12,0,1,0,0,8,2,15,3,0,14,2,0,0,0,0,1,1,1,0,0,1,0,0,0,2,0,0,0,1,0,0,3,2,0,0,3,0,0,1,0,26,2,0,1,3,1,6,0,0,3,0,0,1,0,0,0,4,0,0,3,0,0,0,1,0,0,0,6,0,26,1,3,0,13,4,3,0,0,0,3,20,0,10,37,19,25,0,0,5,8,27,7,0,0,2,3,2,1,16,22,3,0,2,1,6,12,0,1,0,1,0,2,0,0,2,0,0,0,0,0,1,0,0,0,2,0,0,1,1,1,1,4,4,0,1,0,0,0,0,0,1,0,0,2,0,0,0,0,0,0,0,0,0,0,0,0,0,1,0,0,0,22,0,0,0,0,1,2,0,3,0,1,0,0,3,9,0,1,4,0,1,1,0,0,0,0,0,0,6,3,0,0,0,3,4,0,2,2,0,17,0,2,0,0,1,4,3,0,0,0,0,8,3,0,5,0,0,1,0,1,0,2,3,0,2,0,3,16,0,0,29,0,0,11,5,0,1,0,0,2,0,0,0,3,0,4,0,0,0,6,1,0,0,0,1,0,0,0,1,0,0,1,0,0,0,3,1,3,0,0,0,0,0,0,0,0,0,0,1,0,0,0,3,0,0,0,0,0,0,0,0,0,0,0,0,0,1,0,0,0,0,0,0,0,0,0,0,0,0,0,0,0,0,0,0,0,0,1,0,0,0,0,0,0,0,0,0,0,0,1,0,0,0,1,0,0,0,0,1,0,1,0,0,0,0,0,0,0,0,0,0,0,0,0,0,2,6,0,1,0,0,0,3,0,0,0,26,0,0,0,0,1,4,2,0,0,3,0,0,2,0,0,19,0,0,0,0,14,44,6,0,2,0,1,1,0,2,0,1,3,1,0,0,0,0,0,0,0,0,0,0,1,0,0,0,0,0,0,3,0,0,0,0,6,0,0,0,0,1,1,17,4,0,1,2,0,0,0,0,4,0,0,1,0,0,2,2,0,0,0,2,0,5,0,1,0,0,0,0,1,0,0,0,2,0,1,0,0,0,0,0,1,0,0,0,0,0,2,0,0,0,0,0,2,0,0,0,1,0,0,0,0,0,0,7,24,0,0,0,9,1,2,0,1,2,0,0,0,1,0,0,0,0,1,0,0,0,1,0,0,3,0,0,0,0,0,3,0,7,0,1,0,17,0,2,2,6,0,0,0,1,0,2,0,0,0,22,22,5,0,2,0,14,0,0,0,0,0,0,0,1,0,4,0,3,0,0,0,1,0,0,25,0,0,0,1,1,0,0,0,0,0,0,4,1,0,1,0,2,0,0,0,1,0,0,0,4,0,0,1,0,3,0,11,4,0,1,0,0,27,4,0,0,0,2,0,0,1,1,0,2,12,5,0,0,4,0,4,2,2,0,1,0,3,1,2,1,0,0,0,0,21,0,5,5,4,0,4,2,2,2,0,0,0,5,15,0,0,0,0,0,4,0,0,14,2,0,0,3,1,0,2,0,1,0,0,0,0,0,0,0,0,6,0,0,0,0,5,1,0,0,0,0,0,0
1,1937,FUNDACAO DE ESTUDOS SOCIAIS DO PARANA - FESP,R GENERAL CARNEIRO   216,ALTO DA GLÓRIA,-25.42511006,-49.26323943,1,0,2029,1465,76,61,0,0,1,2,18,0,1,1,8,1,1,0,1,12,0,17,1,4,3,1,2,4,9,0,0,1,0,2,0,0,0,0,5,0,0,0,0,1,4,0,7,3,0,0,0,0,1,2,0,0,0,0,0,0,7,0,2,3,0,2,0,23,0,1,11,4,1,1,0,3,2,3,2,0,34,0,0,0,0,0,0,0,2,0,0,4,0,0,0,0,3,1,1,1,0,0,0,0,0,0,5,0,0,1,0,27,1,0,0,3,0,4,0,0,0,0,0,0,0,0,0,1,0,0,4,0,0,0,0,0,0,1,5,0,15,0,5,0,3,0,2,0,0,0,1,26,1,9,19,10,7,1,0,1,5,25,5,0,0,0,3,0,1,18,6,4,0,8,0,2,19,1,0,0,0,1,0,0,0,2,0,5,0,0,0,3,0,0,0,4,0,2,0,0,0,0,4,6,1,1,1,0,0,0,0,0,3,0,2,0,0,0,0,0,0,0,1,0,0,0,0,0,0,0,0,0,29,0,0,0,0,5,3,0,0,0,0,0,0,13,17,1,0,3,0,1,0,0,1,1,0,0,0,2,7,0,0,2,3,0,1,1,3,0,13,0,2,0,1,0,10,3,0,1,0,0,10,7,5,0,1,6,0,0,4,0,2,0,1,5,0,1,20,0,0,28,1,0,13,2,1,0,0,0,0,0,0,1,0,0,2,0,0,0,1,1,0,0,0,0,0,1,0,0,0,1,0,1,1,1,0,0,1,0,0,2,0,0,0,0,0,0,0,2,0,0,0,4,0,0,0,0,0,0,0,0,0,0,0,0,0,0,0,0,1,0,0,0,0,0,0,0,0,0,0,0,0,0,0,0,0,0,0,0,0,0,1,0,0,0,0,0,0,0,1,0,0,0,0,0,0,0,0,0,0,0,0,0,0,1,0,0,0,0,0,0,0,0,0,0,0,1,0,2,1,0,0,1,0,0,0,43,0,0,0,1,0,15,0,3,0,2,0,1,7,0,0,0,0,0,0,0,17,37,2,0,0,0,0,2,0,1,0,0,3,2,0,0,0,0,0,1,0,0,0,0,0,0,0,0,0,0,0,2,0,0,0,0,0,0,0,0,0,0,3,30,6,0,0,0,0,0,0,0,9,0,0,1,0,0,0,0,0,0,0,1,1,6,0,0,0,0,0,1,1,0,0,0,2,0,6,0,0,0,1,1,0,0,0,0,0,0,0,0,0,0,0,0,1,3,0,0,0,0,0,0,0,0,0,15,8,0,0,0,2,0,1,0,0,1,4,0,0,0,0,0,2,0,0,0,0,0,0,0,0,0,0,3,0,0,0,9,0,1,0,0,0,7,0,3,5,12,2,1,3,0,0,0,0,0,0,17,26,0,0,0,0,8,0,0,0,1,2,0,0,0,0,4,1,0,0,0,0,1,0,0,24,0,0,0,1,1,0,0,0,0,0,0,4,0,0,0,0,0,0,0,0,0,0,0,0,0,0,0,1,0,1,0,12,1,0,0,0,1,17,3,0,0,0,0,3,0,5,2,0,0,2,4,0,0,0,0,15,1,4,1,2,0,9,0,1,0,0,0,0,2,23,0,7,7,7,0,2,0,1,1,0,1,0,4,11,0,0,0,0,0,4,0,0,11,1,0,0,2,0,0,3,0,0,0,0,0,0,0,0,1,0,0,0,0,1,1,3,1,0,0,0,0,0,1
1,1945,ESCOLA MUNICIPAL  DUILIO CALDERARI,RUA JOSE SPERANCETTA   66,SÃO LOURENÇO,-25.38660019,-49.26212578,33,0,2434,1865,110,99,0,1,2,4,16,0,0,6,9,0,0,1,1,3,4,15,0,8,1,5,2,3,9,0,2,2,0,1,3,1,0,0,0,0,0,0,0,0,11,0,3,1,1,0,10,0,0,0,2,1,0,0,3,0,0,1,1,1,0,0,3,32,0,3,8,4,1,0,0,2,0,2,1,0,6,1,0,0,1,0,0,0,9,0,1,2,0,0,1,0,1,0,1,1,0,0,0,0,2,1,4,0,0,0,0,8,0,0,0,3,0,6,0,0,3,2,0,0,0,1,0,0,2,1,2,1,0,0,0,0,0,0,7,0,7,0,0,0,5,0,1,0,0,0,2,10,1,6,6,8,2,0,0,2,8,9,0,0,0,1,3,0,0,7,7,2,0,2,0,7,2,0,1,2,0,0,0,0,0,0,0,0,0,0,0,6,0,0,0,4,2,2,0,1,0,2,1,3,0,1,0,0,0,0,0,0,1,0,0,0,0,0,0,0,0,0,2,0,0,0,0,0,1,0,0,0,12,0,0,0,0,2,0,3,0,0,1,0,0,9,17,0,1,11,0,4,0,0,55,0,0,0,1,5,3,0,0,4,333,2,3,5,4,0,14,0,6,0,0,0,11,0,3,1,0,0,17,2,1,5,0,0,3,0,1,0,2,0,0,3,1,8,20,0,0,20,5,0,2,0,0,0,0,0,0,0,1,2,0,1,1,0,0,4,2,1,0,0,0,0,0,0,0,0,0,0,6,0,0,0,0,0,0,0,1,0,0,0,1,0,1,0,0,0,0,0,0,4,0,1,0,2,2,0,0,0,0,0,0,0,0,0,0,0,1,0,0,0,0,0,0,2,0,0,0,0,0,0,0,0,1,0,0,58,0,0,27,0,0,0,0,0,0,0,3,0,0,0,1,0,0,0,0,0,0,0,0,0,0,6,0,0,0,0,0,0,0,0,0,0,0,3,1,0,0,0,18,1,0,0,0,11,0,1,0,0,1,5,0,2,0,0,0,0,1,0,0,0,0,0,0,2,11,33,1,0,1,0,0,1,2,0,0,1,0,2,0,0,0,0,0,0,0,0,0,0,0,0,1,4,1,0,0,2,0,0,0,0,4,0,0,2,0,0,1,25,2,1,0,0,0,0,0,0,5,0,0,2,0,13,0,0,1,0,0,2,0,2,0,1,0,0,0,2,0,0,1,0,1,0,3,0,0,0,0,0,0,0,0,1,0,0,0,0,0,2,0,0,5,4,4,2,4,0,0,0,0,1,0,15,6,0,0,0,1,1,10,0,0,3,3,0,0,1,0,0,1,0,0,0,0,4,3,0,0,0,0,1,0,0,0,4,0,4,0,2,0,8,1,1,2,5,17,3,0,0,0,1,0,0,0,20,11,0,0,0,0,16,0,0,2,0,0,1,0,0,0,11,7,0,0,0,2,1,0,0,25,0,0,0,0,0,0,0,0,0,0,0,6,0,2,0,0,0,0,0,0,0,0,0,0,1,0,0,0,0,0,0,6,1,0,0,0,0,9,0,0,1,0,0,1,0,13,2,0,0,11,0,2,1,2,0,1,5,5,2,0,1,2,0,0,0,0,0,0,1,11,0,12,1,0,0,6,0,9,2,1,3,0,1,2,0,0,0,0,0,1,1,0,8,1,0,0,3,0,0,1,0,1,0,0,0,0,0,0,0,0,0,0,0,0,0,8,6,0,0,0,0,0,0
1,1953,ESCOLA ESTADUAL ERNANI VIDAL,R MATEUS LEME  3291,SÃO LOURENÇO,-25.39837175,-49.27155922,33,0,2662,1963,117,107,0,0,1,4,35,4,0,2,4,1,0,0,0,8,0,14,0,4,1,3,0,3,11,1,0,1,0,8,1,0,1,0,1,0,1,0,0,1,10,1,8,2,0,1,1,0,0,0,1,0,0,0,0,0,0,0,1,4,0,0,1,27,0,4,20,3,2,0,2,10,0,4,0,0,40,4,1,0,4,0,0,1,3,0,1,3,0,0,0,3,0,0,0,7,0,0,0,0,4,0,1,0,1,4,0,17,0,0,1,1,0,6,0,0,3,0,0,0,0,0,0,3,0,0,2,1,0,0,1,0,0,2,1,1,9,4,12,0,10,1,1,0,0,2,2,15,0,12,15,4,15,1,1,3,11,21,7,0,0,3,1,1,1,11,10,3,0,4,2,8,21,0,0,0,0,0,2,0,0,1,0,1,0,0,0,4,0,0,1,2,1,2,0,0,0,1,12,8,0,2,1,0,0,0,0,0,3,0,3,0,0,0,1,0,0,1,0,0,0,2,0,0,3,0,0,0,40,0,0,0,0,9,2,0,0,0,0,14,0,9,21,3,3,12,0,1,0,0,7,0,0,0,0,9,2,0,0,2,40,2,2,0,4,0,17,0,12,0,0,0,13,3,1,1,2,0,21,2,2,0,4,2,0,0,3,0,1,0,0,3,0,10,26,0,0,133,4,0,15,3,4,1,0,0,1,0,1,6,0,1,1,0,0,0,3,0,0,0,0,0,0,1,0,0,0,1,1,0,0,3,5,0,11,0,0,0,0,0,0,0,0,0,0,0,0,0,1,1,0,0,0,0,0,0,0,0,0,0,0,0,0,0,2,0,0,0,0,0,0,0,0,1,0,0,0,0,2,0,0,0,0,0,0,0,0,0,4,0,0,0,0,0,0,0,0,0,1,1,0,0,0,0,0,0,0,0,0,0,0,0,0,0,0,0,0,0,0,0,0,0,0,3,0,1,2,0,5,1,0,1,0,15,0,0,0,0,2,5,0,3,0,2,0,0,3,0,1,0,0,0,0,0,16,24,1,0,2,0,0,4,0,0,0,1,6,4,0,0,0,0,0,0,0,0,0,0,1,0,0,1,0,0,0,4,0,0,0,0,0,0,0,0,0,4,1,25,6,1,1,0,0,0,1,0,9,0,0,2,0,0,0,0,0,2,0,0,0,3,0,0,0,0,0,0,0,0,0,0,1,0,3,0,0,0,1,3,0,0,0,0,0,0,4,0,0,0,0,0,0,1,3,0,0,0,0,0,0,0,0,8,5,0,0,0,2,1,6,0,0,1,1,0,0,0,0,0,0,0,0,0,0,0,1,0,0,1,0,3,0,0,1,6,0,3,0,1,0,5,2,2,11,23,23,0,0,0,0,3,0,0,0,22,20,3,0,0,0,27,0,0,0,1,0,0,1,0,4,11,3,0,0,0,1,0,1,0,26,0,0,0,1,1,1,0,0,0,1,0,9,0,2,0,0,0,0,0,0,1,0,0,0,2,0,0,0,0,0,0,10,0,0,0,0,0,10,0,0,0,0,0,7,0,13,2,1,0,32,2,1,0,1,1,5,5,2,3,0,0,2,0,0,0,0,0,1,2,21,0,6,2,3,0,0,2,4,1,0,1,0,9,12,0,1,0,0,0,3,0,0,17,1,0,0,0,4,2,1,0,0,0,0,0,0,0,0,0,0,1,0,0,0,4,5,4,4,1,0,0,1,0
1,1961,COLEGIO MARTINUS (PARTICULAR),"RUA PRESIDENTE CARLOS CAVALCANTI, 999",SÃO FRANCISCO,-25.42515703,-49.27490012,2,0,2205,1603,89,72,0,0,3,5,18,1,0,1,11,3,2,0,0,12,4,13,0,11,1,2,3,6,11,0,4,0,1,3,0,0,1,0,4,0,0,0,0,0,9,0,5,2,1,0,4,3,0,2,0,1,0,0,0,0,0,0,4,3,0,1,1,27,0,6,8,2,1,0,0,1,0,4,1,0,16,1,0,0,0,0,0,0,1,3,2,0,0,0,0,2,0,0,0,0,0,0,0,1,0,1,5,1,0,2,0,22,6,0,0,4,0,3,0,0,5,0,0,0,0,0,0,10,2,0,2,0,0,0,1,0,0,1,6,1,14,2,4,0,8,3,0,0,2,2,3,15,0,7,24,21,19,0,0,6,7,36,2,2,0,0,0,0,7,11,8,0,0,2,0,10,20,0,0,0,0,1,1,0,0,4,0,0,0,0,0,0,0,0,0,3,1,0,0,0,1,0,4,5,0,0,2,0,0,0,0,0,2,0,1,0,0,0,0,0,0,0,1,0,1,1,1,0,1,0,0,0,18,0,0,0,0,1,0,0,0,0,1,1,0,7,8,0,0,13,0,1,0,0,1,0,0,0,0,11,1,0,0,0,9,1,0,0,3,0,15,0,9,0,0,0,5,1,0,0,0,1,6,1,3,0,0,0,2,0,0,0,0,1,0,1,0,9,18,0,0,22,1,3,8,1,3,0,0,0,2,1,1,2,1,1,0,0,0,2,1,0,0,0,0,1,0,0,0,0,0,1,0,0,0,0,2,0,2,0,0,0,0,1,0,0,0,0,0,1,1,0,0,5,0,0,0,0,0,0,3,0,0,0,0,0,0,1,0,0,2,0,0,0,0,1,0,0,0,0,0,0,0,0,0,0,0,0,0,0,0,0,0,0,0,0,0,0,0,0,0,0,0,0,0,0,1,0,0,0,0,1,0,3,0,0,0,0,0,0,0,0,0,0,0,0,3,3,0,0,2,0,0,2,0,0,0,21,0,0,0,0,0,1,2,1,0,2,1,0,5,1,0,32,4,0,0,0,10,45,12,0,1,0,0,2,0,2,0,0,2,2,0,2,0,0,0,0,0,0,0,0,0,0,0,2,0,0,0,2,0,0,1,1,0,1,0,0,1,0,3,44,9,1,0,0,0,0,0,0,6,0,0,0,0,1,1,2,0,0,0,1,0,3,0,0,0,0,0,2,0,0,0,0,0,0,2,0,0,0,0,0,0,0,0,1,0,0,0,0,0,1,0,0,0,4,2,0,1,0,0,0,0,0,0,9,14,1,0,0,6,1,3,0,0,2,1,0,0,1,0,0,0,0,0,0,0,0,2,0,0,0,0,1,0,0,0,8,0,8,0,0,0,12,0,0,2,9,4,1,0,1,0,1,0,0,0,19,24,0,0,0,0,16,0,0,1,0,1,1,0,0,0,8,0,1,0,0,0,0,0,0,25,0,1,0,2,0,1,0,0,0,0,0,6,2,1,2,0,0,0,0,1,6,0,0,0,1,0,0,0,0,5,0,11,1,0,0,0,0,29,0,0,0,0,0,1,0,2,0,0,0,2,1,0,2,2,0,6,5,3,1,0,0,1,0,0,0,0,0,0,1,20,1,5,2,11,0,9,0,4,7,2,0,0,7,17,0,0,0,1,0,7,0,0,14,0,0,0,2,0,0,1,0,0,0,0,0,0,0,0,0,0,1,0,0,0,0,9,0,0,0,0,1,0,0
1,1970,COLEGIO ESTADUAL SEBASTIAO SAPORSKI,RUA MARIA DE LOURDES MICKOSZ 350,TABOÃO,-25.37499232,-49.27813341,49,0,1350,984,96,50,0,1,2,0,8,0,1,2,2,1,0,0,0,1,2,10,0,3,0,2,0,0,6,1,2,1,0,0,3,0,0,0,2,0,0,0,0,0,0,0,1,0,0,0,3,1,0,1,0,2,0,0,0,0,0,0,0,1,0,0,0,10,0,3,5,1,0,0,0,4,0,0,1,0,3,0,0,2,4,0,0,0,3,0,0,1,0,0,0,0,0,0,1,0,1,0,0,3,0,0,7,0,0,0,0,6,0,0,0,1,0,2,0,0,1,0,0,0,0,3,0,0,0,8,0,0,0,0,0,0,0,0,2,0,4,0,7,0,0,0,0,0,0,0,0,2,0,3,5,2,0,0,0,2,5,2,3,0,1,0,1,0,0,1,2,0,0,3,0,4,1,0,0,0,1,0,0,0,0,0,0,0,0,0,2,0,0,0,0,0,0,1,0,1,0,1,0,0,0,0,1,0,1,0,0,0,1,0,0,0,0,0,1,0,0,0,0,0,0,0,0,0,1,0,0,0,6,0,0,0,0,3,0,0,1,0,0,2,0,6,6,0,0,3,0,0,0,0,0,0,0,0,1,3,2,0,0,1,69,3,0,1,3,0,2,0,0,0,0,1,6,0,0,2,0,0,3,0,0,0,0,1,0,0,1,0,0,0,0,0,0,4,5,0,0,9,1,0,4,3,0,0,0,0,5,0,0,6,0,0,1,0,0,1,0,0,0,0,1,0,0,0,0,0,0,0,7,0,0,0,0,0,5,0,1,0,0,0,0,0,0,0,0,0,1,0,0,2,0,0,0,0,0,0,0,2,0,0,1,0,0,0,0,0,0,0,0,0,0,0,0,2,0,0,0,1,0,0,0,0,1,0,0,1,0,0,0,0,0,0,0,0,0,0,0,0,0,2,0,0,0,0,0,0,0,0,0,0,3,0,0,0,0,0,0,0,0,0,0,0,0,2,0,0,0,0,0,0,0,0,0,6,0,0,0,0,0,2,0,5,0,1,0,0,2,0,0,0,0,0,2,0,8,8,0,0,0,0,0,0,0,0,0,0,0,0,0,0,0,0,0,0,0,0,0,0,0,0,0,0,0,0,0,1,0,0,0,0,0,0,0,0,0,0,1,9,1,0,0,0,0,0,0,0,5,0,0,1,0,10,0,0,0,0,0,0,0,4,0,0,0,0,0,3,2,0,0,0,0,0,6,0,0,0,0,0,0,0,0,0,0,3,8,0,0,0,0,0,2,2,0,0,0,0,0,0,0,0,0,6,4,1,0,0,1,12,12,0,0,0,0,1,0,0,0,0,0,0,0,0,0,2,2,0,0,1,0,17,0,0,0,1,0,21,0,0,0,3,0,1,3,4,8,0,0,1,1,0,0,0,1,14,11,1,0,0,0,19,0,0,0,0,0,0,0,0,0,22,10,0,0,0,0,0,0,0,9,0,0,0,0,0,1,0,0,0,0,0,8,1,0,0,0,0,0,0,0,0,0,0,0,1,0,0,0,0,0,0,2,0,0,0,0,0,7,1,0,0,1,0,9,0,3,0,0,0,72,3,0,1,1,0,0,3,9,2,0,0,1,0,0,0,0,0,0,0,10,0,2,1,4,0,0,3,2,2,0,3,0,0,5,0,0,0,0,0,0,0,0,2,0,0,0,1,1,0,1,0,0,0,0,0,0,0,0,0,0,1,0,0,0,0,2,4,0,0,0,0,0,0
1,1988,COLEGIO INTEGRAL (PARTICULAR),"RUA ALBERTO FOLLONI, 220",JUVEVÊ,-25.41347846,-49.26359958,15,0,2552,1924,106,63,0,1,0,7,25,2,2,1,12,2,1,0,0,13,1,23,0,6,1,2,1,8,18,0,0,0,2,7,1,0,2,0,4,0,1,0,0,3,5,0,10,0,0,2,5,0,0,0,1,0,0,0,1,0,1,0,1,6,0,3,0,22,0,5,30,3,3,0,2,17,0,4,1,0,27,0,0,1,0,0,0,0,4,0,0,3,0,0,0,0,1,0,0,0,0,0,0,0,0,2,7,0,1,3,0,35,2,0,0,8,4,7,0,0,8,0,0,0,1,0,0,7,2,1,2,0,0,0,0,0,0,0,5,1,21,0,9,0,7,2,4,0,0,0,3,33,0,7,35,20,7,0,0,4,9,23,2,0,0,0,3,2,0,5,4,1,0,1,1,3,17,1,0,1,2,1,4,0,0,8,0,3,0,0,0,1,0,0,0,7,0,3,0,0,2,1,4,6,0,1,1,0,2,0,0,0,1,0,0,0,0,0,0,0,0,0,1,0,0,0,1,0,0,0,0,0,30,0,0,0,0,8,1,0,0,0,0,0,0,9,24,4,0,15,1,3,1,1,10,0,0,0,0,20,3,0,0,8,21,0,0,1,5,0,6,0,10,0,2,0,35,0,0,0,0,0,25,1,0,1,0,3,0,0,2,0,0,0,0,0,0,8,27,0,0,47,3,0,10,4,0,3,0,0,2,0,0,1,3,4,2,1,0,4,4,0,0,0,0,0,0,1,1,0,0,0,0,0,0,2,2,0,0,0,1,2,0,0,0,0,0,0,0,0,1,0,0,8,0,0,0,0,0,0,0,2,0,0,2,0,0,1,0,0,1,0,0,0,0,0,0,0,0,0,0,0,0,0,0,0,0,0,0,0,0,1,3,0,0,0,0,0,0,0,0,0,0,0,0,0,0,0,0,0,0,0,0,0,0,1,0,0,0,1,0,0,0,0,0,0,0,0,0,1,0,0,0,3,0,0,0,42,0,1,0,2,0,10,0,4,0,2,0,0,8,0,1,0,0,2,0,1,23,50,2,0,2,0,0,1,0,0,0,0,1,4,0,0,0,0,3,0,0,0,0,0,1,0,0,1,0,0,0,2,0,0,0,0,0,0,0,0,4,3,4,31,3,1,0,0,0,0,0,0,8,0,0,0,0,0,0,0,0,0,0,2,0,3,0,1,0,0,0,0,0,0,0,0,1,0,2,0,0,0,0,1,0,0,0,0,0,0,1,0,0,0,0,0,4,1,1,0,1,0,0,0,0,0,1,22,6,0,0,0,6,0,6,0,0,1,0,0,0,0,0,1,0,0,0,0,2,2,1,0,0,0,0,0,0,3,0,9,0,8,0,2,0,12,0,3,3,9,3,0,2,1,0,3,1,0,0,21,22,3,0,0,0,14,0,0,0,0,0,0,3,0,1,5,0,0,0,0,1,2,0,0,30,0,0,0,2,0,1,3,0,0,0,0,11,0,0,2,0,2,0,0,0,0,0,0,0,1,2,0,1,2,2,0,16,3,0,0,0,0,25,0,0,0,0,0,5,0,2,0,0,1,3,3,0,0,3,0,13,3,8,5,0,0,4,2,0,0,0,0,0,0,28,5,4,2,5,0,1,0,2,0,0,0,0,8,14,0,0,0,2,0,2,0,0,11,0,0,0,5,1,0,2,0,0,0,0,0,0,0,0,0,0,4,0,0,0,1,6,2,0,0,0,0,0,0
1,1996,COLEGIO BOM JESUS DIVINA PROVIDENCIA (PARTICULAR),LEONIDAS VICENTE DE CASTRO 81,AHÚ,-25.40153844,-49.26761273,14,0,4867,3677,188,158,0,3,3,6,35,3,3,3,11,1,1,0,2,33,1,31,0,15,5,3,2,10,35,1,2,4,2,39,3,2,0,1,7,0,2,0,0,4,9,1,7,1,2,0,13,2,0,3,0,1,0,0,1,0,0,0,3,8,0,0,0,64,0,6,43,10,5,0,0,10,2,7,3,0,49,2,0,1,4,0,0,1,5,0,0,4,0,0,0,0,0,0,0,5,1,0,3,3,0,4,11,0,1,4,2,45,2,0,0,8,0,6,0,0,2,0,0,0,0,1,0,8,4,3,2,0,0,1,3,0,0,1,12,2,46,1,7,0,11,0,1,0,1,0,1,19,1,16,29,19,20,0,0,10,16,36,16,0,1,0,2,1,3,8,18,3,4,8,0,6,45,0,0,0,0,5,2,0,0,0,1,5,0,0,2,2,0,0,1,8,1,6,0,1,1,3,12,10,0,0,0,0,2,0,0,0,1,0,3,0,0,0,0,0,0,0,0,0,0,0,0,0,2,0,0,0,70,0,0,0,0,2,2,0,0,0,0,16,0,45,63,2,1,28,0,6,1,0,31,4,0,2,0,14,14,0,0,10,95,2,2,0,8,0,38,0,18,0,3,0,32,1,0,1,1,0,29,4,1,2,1,4,3,0,6,0,1,1,1,11,5,11,29,0,0,72,4,1,15,8,1,4,0,0,1,0,0,6,0,1,1,0,0,2,8,0,0,0,0,1,2,1,0,1,0,0,4,2,4,0,1,0,5,0,0,0,0,0,0,0,0,0,0,2,0,1,0,12,0,0,0,0,1,0,0,1,0,0,1,0,0,1,0,0,1,0,0,1,0,1,0,1,0,0,0,2,0,0,0,0,3,0,0,3,0,0,13,0,0,0,0,0,0,0,0,0,0,2,1,0,0,0,0,0,0,1,0,2,0,7,0,0,0,0,0,0,0,0,0,0,0,1,0,0,0,0,0,1,0,3,0,87,0,0,0,0,0,38,0,6,0,6,2,0,19,0,1,1,3,2,5,2,48,145,3,0,8,0,1,7,0,2,0,1,9,10,0,0,0,1,1,0,0,0,1,4,2,0,0,1,0,0,0,4,0,0,2,0,0,0,0,1,0,0,17,66,28,1,0,1,0,0,1,0,27,0,0,4,0,2,0,4,0,0,0,6,0,7,0,1,0,0,0,2,1,0,0,0,1,0,5,0,0,0,1,0,4,0,0,0,0,0,1,0,0,0,0,0,6,4,1,0,1,0,0,0,0,0,1,25,7,3,0,0,16,0,8,0,0,1,4,0,0,0,0,0,0,0,0,0,1,6,3,0,0,0,0,1,0,1,0,15,1,4,0,2,0,20,1,4,5,21,23,1,1,0,1,1,0,0,0,45,39,2,0,1,1,17,0,0,0,0,0,1,0,1,2,25,1,1,0,1,0,1,0,0,68,0,0,0,1,0,0,0,0,0,1,0,21,0,0,1,0,1,0,0,0,3,0,0,0,1,1,0,2,0,2,2,18,2,0,0,0,0,38,2,0,0,0,4,9,1,10,1,1,1,24,5,0,2,3,4,20,9,8,3,0,2,11,1,0,0,0,0,0,1,29,0,13,1,23,0,2,6,11,4,5,1,0,9,17,0,0,0,1,0,1,0,0,23,0,0,0,7,1,1,8,0,0,0,0,0,1,0,1,0,3,2,0,0,0,1,17,6,0,0,0,0,0,4
1,2020,ESCOLA MUNICIPAL CEI ULYSSES SILVEIRA GUIMARAES,"RUA PEDRO DE SIQUEIRA CORTES, 323",ABRANCHES,-25.36413711,-49.2749189,50,0,1118,817,87,49,0,1,1,0,1,5,1,3,1,1,2,0,0,1,0,2,0,3,0,6,0,0,9,0,0,0,0,0,12,1,0,0,0,0,2,0,0,1,6,0,0,0,1,0,0,0,0,0,0,5,0,1,0,0,0,0,0,0,0,0,0,1,0,2,1,0,0,0,0,5,1,0,3,0,1,0,0,0,4,1,0,1,0,0,0,0,0,0,0,0,0,0,0,1,1,0,0,1,0,0,2,0,0,1,0,1,0,0,0,0,0,1,0,0,0,0,0,0,0,1,0,1,0,0,0,0,0,0,0,0,0,0,0,0,0,0,2,0,2,1,2,0,0,0,0,0,0,6,1,2,2,0,0,0,0,6,0,0,0,0,1,0,0,3,0,0,0,1,0,8,2,0,0,2,0,0,0,0,0,2,0,0,0,0,1,1,0,0,0,0,0,0,0,0,0,0,2,0,0,0,2,0,2,0,0,0,0,0,0,0,0,0,0,0,0,0,0,0,0,0,1,0,0,0,0,0,2,0,0,0,0,0,2,0,0,0,0,3,0,9,5,0,0,2,0,0,0,0,1,0,0,0,0,1,0,0,0,3,152,0,3,0,2,0,9,0,3,0,0,0,2,0,0,0,0,0,6,0,5,1,0,0,0,0,0,0,0,0,0,1,0,2,3,0,0,3,2,0,1,0,0,0,0,0,0,1,0,3,0,0,0,0,0,0,0,0,0,0,0,0,0,0,0,0,0,0,23,0,0,0,3,0,0,0,0,0,0,0,1,0,0,0,0,0,1,0,0,1,0,0,0,0,0,0,0,0,0,0,1,0,0,0,0,0,1,0,0,2,0,0,0,2,0,0,0,0,0,0,0,0,0,0,0,0,0,0,1,0,0,0,0,0,0,0,1,0,0,2,1,0,0,0,0,0,0,2,0,1,0,0,0,0,0,0,0,0,0,0,0,0,1,0,0,1,0,0,8,0,0,0,0,4,0,0,0,1,0,0,0,0,0,0,0,0,2,0,0,0,0,0,1,0,0,9,0,0,0,0,0,1,0,0,0,0,0,0,0,0,0,0,1,0,0,0,0,0,0,0,0,1,0,0,0,0,1,0,0,1,0,0,0,0,0,1,0,3,3,0,0,0,0,0,0,0,2,0,0,0,0,0,0,0,0,0,0,0,0,0,2,2,0,0,0,0,0,0,0,0,0,0,4,0,0,0,0,1,0,0,0,0,0,0,8,0,0,0,0,0,1,2,2,0,0,0,0,0,0,0,0,10,0,0,0,0,0,33,5,0,0,0,0,0,0,0,0,0,0,0,0,0,0,0,1,0,0,0,0,1,0,0,0,0,0,10,0,0,0,0,0,0,1,1,1,1,0,0,0,0,0,0,0,6,5,1,0,0,0,6,0,0,0,0,0,0,0,0,0,13,2,0,0,0,3,0,0,0,4,0,0,0,0,0,0,0,0,0,1,0,3,1,0,0,0,0,0,0,0,0,0,0,0,1,0,0,0,0,0,0,0,0,0,0,0,0,4,0,0,0,0,0,7,0,1,0,0,0,21,0,0,0,0,0,0,5,11,0,0,0,4,0,0,0,0,0,0,0,4,0,0,4,4,0,0,0,0,0,0,1,0,0,7,0,0,0,0,0,2,0,0,3,0,0,0,0,0,0,1,0,0,0,0,0,0,0,0,0,0,0,0,0,0,3,2,6,0,0,0,0,0,0
1,2038,ESCOLA MUNICIPAL CEI PROFESSOR  JOSE WANDERLEY DIAS,"RUA DOS IPES, 122",BARREIRINHA,-25.37475477,-49.25295774,52,0,2112,1653,88,95,0,0,0,3,16,1,0,4,2,0,1,1,2,2,1,11,0,7,1,3,0,3,18,1,5,3,0,0,12,0,0,0,4,0,3,0,0,2,9,0,4,2,2,0,5,0,0,0,0,0,0,0,0,0,0,0,0,0,0,0,1,20,0,4,7,4,2,0,0,2,0,0,3,1,3,1,0,0,1,0,0,2,4,2,0,2,0,2,0,0,0,3,0,0,1,0,1,0,0,1,4,0,2,0,0,4,0,0,0,2,0,0,0,0,0,0,0,0,0,1,0,1,0,0,2,1,0,0,2,0,0,0,2,0,4,0,9,0,4,0,3,1,0,1,0,3,2,3,10,3,1,0,0,2,12,11,2,0,0,4,6,2,0,7,3,2,0,5,1,3,4,0,0,0,0,0,0,0,0,2,0,0,0,0,0,0,1,0,0,7,0,0,0,0,0,4,1,2,0,0,3,0,0,0,0,0,1,0,0,0,0,1,0,0,0,0,0,0,0,0,0,0,2,0,0,0,14,0,0,0,0,2,0,2,0,0,0,6,1,10,9,0,0,29,0,1,0,1,2,1,0,0,0,0,2,1,0,0,316,0,3,5,3,1,10,0,3,0,0,0,14,0,4,0,0,0,13,0,3,1,0,0,2,0,0,0,0,2,0,0,0,5,15,0,2,2,5,0,3,0,0,1,0,0,0,0,0,1,3,0,4,0,0,1,4,3,0,0,0,0,0,0,0,0,0,0,10,0,0,0,1,0,0,0,0,0,0,0,0,0,0,0,0,0,0,0,0,1,0,0,0,1,0,0,0,0,0,0,0,0,2,0,0,0,1,0,0,0,0,0,0,5,0,0,0,0,0,0,0,0,0,0,0,5,0,0,23,0,0,0,0,0,0,0,1,0,0,0,1,0,0,0,0,0,0,0,0,2,0,8,0,0,0,0,0,0,0,0,0,0,0,2,0,1,0,0,100,3,0,0,0,5,0,2,0,0,0,3,0,0,0,0,0,0,1,0,0,0,0,0,0,2,6,18,0,0,0,0,0,6,0,0,0,0,0,1,0,0,0,0,0,0,0,0,0,0,0,0,0,3,0,0,0,2,0,0,0,0,1,0,0,1,0,1,6,16,3,0,0,0,0,2,1,0,1,0,2,2,0,10,1,0,0,0,0,1,0,1,0,1,0,0,0,1,0,0,0,0,0,0,2,0,0,0,0,2,1,0,0,2,0,0,0,0,0,2,1,0,3,11,2,0,0,0,0,0,0,0,0,8,2,0,0,0,5,0,7,0,0,0,1,0,1,0,0,0,0,0,0,0,0,2,0,0,0,0,1,0,0,1,0,2,0,2,0,1,0,2,0,0,4,2,10,0,0,6,0,2,0,1,0,27,4,0,0,1,0,16,0,0,0,4,0,4,0,0,1,19,11,2,0,0,2,2,0,0,20,0,0,0,1,0,0,0,0,0,0,0,9,0,0,1,0,0,0,0,0,0,0,0,0,3,0,0,0,1,0,0,5,0,0,0,1,0,23,1,0,0,0,0,4,0,2,0,0,0,6,0,0,0,1,0,5,9,1,0,1,0,3,0,0,0,0,0,0,0,3,0,18,2,6,0,1,0,13,1,0,2,0,1,2,0,0,0,1,0,1,0,0,2,0,0,0,0,2,0,0,0,0,0,0,0,0,0,0,0,0,1,0,0,0,1,9,2,1,0,0,0,0,0
1,2232,COLEGIO MARISTA SANTA MARIA (PARTICULAR),"RUA PROFESSOR JOAQUIM DE MATTOS BARRETO, 98",SÃO LOURENÇO,-25.38985747,-49.26867258,33,0,3972,2962,171,113,0,0,4,3,30,1,0,3,13,0,0,0,0,17,0,20,0,14,1,4,2,11,19,0,1,1,4,0,4,0,0,0,6,0,0,0,0,1,8,4,11,0,0,1,6,0,0,0,1,0,0,0,1,0,2,0,0,2,0,2,1,39,0,1,26,7,1,0,1,9,1,5,1,3,33,9,0,0,3,0,0,2,4,0,0,1,0,0,0,1,4,0,0,3,0,0,1,0,0,0,2,0,0,3,3,60,1,0,0,9,5,13,2,0,14,0,0,1,0,11,0,4,0,6,7,3,0,0,2,0,0,2,22,0,40,0,9,0,14,3,1,0,0,1,0,29,1,22,34,20,24,0,0,5,23,37,7,1,0,2,6,0,3,6,16,2,0,7,0,8,31,0,0,1,0,2,1,4,0,2,0,0,0,0,0,3,0,2,0,7,0,0,0,3,3,0,5,10,1,2,2,0,3,0,0,0,1,0,5,0,0,0,0,0,0,0,0,0,0,2,0,0,0,0,0,0,52,0,0,0,0,4,4,0,0,0,3,7,0,16,40,4,3,21,0,6,0,0,6,1,0,4,0,29,15,0,0,4,71,1,2,4,3,0,15,0,7,0,4,0,21,4,0,1,0,0,20,3,4,6,4,1,0,0,4,0,4,0,0,2,1,13,21,0,0,83,1,2,20,10,1,4,0,0,3,1,0,6,1,2,3,0,0,7,1,2,0,0,0,0,0,0,0,1,0,0,4,0,0,0,1,0,4,0,0,1,0,0,0,0,0,0,0,1,1,0,0,8,0,0,0,0,0,0,0,2,0,0,0,0,0,0,0,0,1,0,0,0,0,0,0,1,0,0,0,0,0,0,0,0,2,0,0,2,0,0,0,0,0,0,0,0,0,0,0,0,0,0,0,1,0,0,0,1,0,0,0,1,0,6,0,0,0,0,0,0,0,0,0,0,0,1,0,3,1,0,1,1,0,0,0,65,0,0,0,0,0,23,0,7,0,7,0,0,9,0,1,1,1,3,2,0,37,102,4,0,5,3,2,3,1,1,0,0,10,4,1,2,0,0,1,0,0,0,0,3,0,0,0,2,0,1,0,2,0,0,0,0,0,0,0,0,0,2,4,33,5,2,0,0,0,0,0,2,17,0,0,1,0,0,0,0,0,0,0,1,0,4,0,0,0,0,0,1,1,0,0,0,1,0,2,1,1,3,1,0,5,0,0,0,0,0,6,0,0,0,1,0,4,4,3,0,1,0,0,0,0,0,0,32,7,0,0,0,12,0,5,0,0,3,3,0,2,2,0,0,0,0,0,0,0,7,1,0,0,1,0,0,0,0,0,6,1,6,0,3,0,20,0,5,10,24,3,0,1,1,1,1,0,0,0,30,18,12,0,0,0,26,0,0,0,1,0,0,3,1,0,15,2,0,0,0,0,2,0,2,54,0,0,1,0,0,0,1,1,0,2,0,11,4,0,0,0,0,0,0,0,0,0,0,0,0,1,0,0,1,6,3,21,4,0,0,0,0,35,4,0,0,0,0,9,0,7,4,0,0,43,1,2,1,1,0,9,6,2,0,1,0,12,0,0,0,0,0,0,2,42,0,17,4,12,0,10,0,2,3,4,0,0,10,20,1,0,0,0,0,1,0,0,25,1,0,1,6,1,1,5,0,0,0,0,0,0,0,0,0,0,0,0,4,0,0,14,5,0,1,0,0,0,0
1,2240,FACULDADE INSPIRAR,"RUA JOÃO TSCHANNERL, 880",PILARZINHO,-25.4046383,-49.2891437,31,0,1974,1501,92,81,0,0,1,3,18,2,2,1,6,0,1,0,0,12,0,8,0,8,0,1,1,8,16,0,1,0,0,1,0,0,0,0,4,0,0,0,0,2,4,2,8,0,5,0,1,0,0,0,0,2,0,0,0,0,0,2,11,2,0,0,0,31,0,4,10,11,2,0,0,6,3,26,3,0,29,0,0,0,1,0,0,4,4,0,0,2,0,1,0,2,1,0,0,5,1,1,0,0,0,1,0,0,2,1,0,17,1,0,0,0,0,2,0,0,9,0,0,0,0,0,0,1,0,3,0,0,0,0,2,0,0,1,4,0,9,0,5,0,1,3,3,0,1,0,0,6,0,13,14,5,11,0,0,2,4,16,2,0,0,2,1,0,2,7,4,0,0,4,1,5,16,0,1,0,0,0,1,1,0,0,0,0,0,0,1,1,0,0,0,1,1,4,0,0,0,0,13,1,0,0,1,0,0,0,0,0,3,0,0,0,0,0,2,0,0,0,0,0,0,0,0,0,0,0,0,0,34,0,0,0,0,4,1,0,0,0,0,2,0,9,13,1,1,7,0,1,0,0,2,0,0,0,0,5,0,1,0,0,17,0,0,0,4,3,18,0,3,0,4,0,6,1,0,0,0,1,6,2,0,4,2,4,0,0,4,0,0,1,0,2,0,11,14,0,0,23,1,5,13,2,0,3,0,0,0,0,0,2,0,0,0,0,0,1,2,0,0,0,0,1,0,0,0,0,0,0,0,0,0,0,0,0,38,0,1,0,0,0,1,0,1,0,4,0,0,0,0,5,0,0,0,0,0,0,1,1,0,0,0,0,0,2,1,0,0,0,1,0,0,0,0,0,0,0,0,0,0,0,0,0,1,0,0,0,0,0,0,0,0,0,0,0,0,0,0,0,1,1,1,2,0,0,0,0,0,1,0,0,0,2,0,0,0,0,0,0,0,0,0,0,0,2,0,1,0,0,2,1,0,2,0,29,0,0,0,0,1,5,0,3,0,0,0,0,3,0,0,0,0,1,0,0,19,31,0,0,0,0,0,2,0,0,1,0,2,3,0,1,0,0,0,0,0,1,0,1,0,0,0,0,0,0,0,2,0,0,0,0,0,1,0,0,1,0,0,22,12,0,0,0,0,0,0,0,9,0,0,0,0,1,1,0,0,2,0,0,0,1,0,0,0,0,0,2,0,0,0,0,0,0,5,0,0,0,0,0,1,0,0,1,0,3,7,0,0,0,0,0,1,4,5,0,0,0,0,0,0,0,0,2,2,1,0,0,2,3,4,0,2,0,2,1,0,1,0,0,0,0,0,0,0,1,1,0,0,1,0,0,0,1,0,6,0,5,0,0,0,7,0,1,3,6,7,1,5,2,0,1,0,0,0,23,20,0,0,0,0,17,0,0,0,1,0,0,2,0,0,10,0,0,0,0,0,1,0,0,23,0,0,0,3,0,0,1,0,0,0,0,4,3,0,0,0,0,0,0,0,0,0,0,0,2,1,1,1,0,1,1,4,3,0,0,0,0,9,1,0,0,0,2,15,0,5,2,1,0,21,0,0,0,0,0,5,2,1,1,0,1,0,0,1,0,0,0,0,0,15,0,1,10,7,0,6,9,0,1,1,1,1,3,12,0,0,0,0,0,1,0,0,5,0,0,0,0,1,0,0,0,0,0,0,0,0,0,0,0,0,0,0,0,0,0,3,2,1,0,0,0,0,1
1,2259,ESCOLA MUNICIPAL TANIRA REGINA SCHMIDT,"RUA VICTOR KOTOVIS, 162",ABRANCHES,-25.35568909,-49.27415003,50,0,2076,1554,195,113,0,5,3,6,5,0,1,6,3,0,3,0,1,1,1,7,0,11,1,9,0,2,17,0,3,0,0,3,2,0,0,0,1,0,0,0,0,3,15,0,4,0,0,0,0,0,0,0,0,9,0,1,0,0,0,0,3,3,0,0,1,12,0,15,1,5,1,0,0,4,0,5,2,0,2,1,0,0,3,0,0,1,0,0,0,3,0,0,0,0,1,1,0,1,0,0,0,3,0,0,0,0,1,2,2,8,1,0,0,3,0,0,0,0,2,0,0,0,0,1,0,0,0,3,2,0,0,0,0,0,0,0,0,0,2,0,4,0,2,1,0,0,0,4,0,3,0,11,2,0,7,0,0,0,7,11,1,1,0,0,1,0,2,6,5,0,0,0,0,7,2,0,0,3,0,0,0,0,1,0,0,0,1,0,0,0,0,0,0,1,0,0,0,0,0,9,0,2,0,0,20,0,0,0,0,0,1,0,0,0,0,0,0,0,0,0,0,0,0,0,0,0,2,0,0,0,15,0,0,0,0,3,1,0,1,0,0,7,0,1,2,0,0,14,0,0,1,0,2,0,0,0,0,0,1,0,0,4,237,0,4,0,1,0,5,0,2,0,0,0,7,1,0,0,1,0,5,0,7,0,0,0,0,1,4,0,0,0,0,2,0,5,11,0,0,7,1,0,6,1,0,0,0,0,0,0,0,0,0,0,0,0,0,0,4,1,0,0,0,0,0,0,1,0,0,0,18,0,0,2,2,0,2,0,3,0,0,0,0,0,0,0,0,4,1,0,0,1,0,0,0,0,0,0,0,0,0,0,3,0,0,0,13,1,2,0,3,0,1,0,0,0,0,0,0,0,0,0,1,0,0,0,0,1,0,0,3,0,0,0,1,0,0,0,2,0,0,2,0,4,0,0,0,0,0,0,0,0,0,4,0,0,0,2,0,0,0,0,0,0,1,1,0,1,0,9,2,3,0,0,0,3,0,0,0,0,0,1,0,0,0,0,0,0,4,0,0,0,0,0,2,0,8,10,1,0,1,0,0,1,0,1,0,0,1,0,0,0,0,0,0,0,0,0,1,0,0,0,0,1,0,1,0,1,2,0,0,0,0,0,0,0,0,1,0,18,5,0,0,0,0,0,2,0,5,0,0,1,0,0,0,1,1,0,0,0,0,0,0,1,0,0,0,0,0,0,0,1,0,0,1,0,1,0,1,1,1,0,0,0,0,0,6,0,0,0,0,0,4,4,0,0,0,0,0,0,2,0,0,34,3,2,0,0,3,3,16,1,0,6,0,0,0,1,0,0,2,0,0,0,0,0,0,0,0,0,0,0,0,1,0,1,0,14,0,1,0,0,0,1,3,1,2,0,0,0,3,0,0,0,0,21,10,1,6,0,0,17,0,0,0,2,0,1,1,0,0,21,8,0,0,0,0,1,0,9,24,0,0,0,0,0,0,0,0,0,0,1,5,2,1,2,1,0,0,1,0,1,0,0,0,0,1,0,0,0,1,0,3,1,0,0,0,0,5,1,0,1,0,0,3,0,9,0,0,0,25,0,0,1,1,0,0,3,6,0,0,0,3,0,0,0,0,0,0,0,4,0,2,5,1,0,3,0,2,6,0,1,0,0,9,1,0,0,0,0,0,0,0,5,0,0,0,0,0,0,0,0,0,0,0,0,0,0,0,0,0,5,0,0,0,4,2,8,0,0,0,0,0,0
1,2330,CURSO DE COMUNICACÃO SOCIAL DA UFPR,R BOM JESUS     650,JUVEVÊ,-25.41376315,-49.25244683,15,0,3136,2383,98,100,0,4,6,1,31,0,1,0,6,0,0,0,0,12,1,31,1,16,3,4,0,8,20,1,0,0,4,3,0,0,0,0,6,0,0,0,0,0,3,0,6,0,3,0,5,0,0,3,1,0,0,0,0,0,0,0,3,2,0,1,2,35,0,4,24,7,0,0,4,7,0,8,1,0,39,3,0,0,2,0,0,0,2,0,0,1,0,2,0,0,0,0,1,3,0,0,0,0,1,2,5,0,2,4,1,25,2,2,1,5,7,16,0,0,9,0,0,0,1,3,0,3,0,2,1,0,0,0,3,0,0,3,9,0,43,0,8,0,9,5,1,0,0,0,1,44,1,13,47,19,18,0,0,7,6,34,5,0,1,0,5,2,1,12,8,0,0,10,0,1,42,0,0,0,1,2,1,0,0,2,1,0,0,1,0,4,0,0,0,12,1,1,0,0,2,0,1,6,0,1,4,0,3,0,0,0,0,0,0,0,0,0,0,0,2,0,0,0,0,0,0,0,3,0,0,0,45,0,0,0,0,3,1,0,0,0,0,0,0,16,47,1,5,17,0,2,0,0,0,1,0,1,0,4,8,0,0,0,9,2,1,3,7,0,25,1,5,0,5,0,15,0,0,0,0,0,24,3,2,1,1,17,0,0,1,0,4,1,0,5,0,5,40,0,1,35,0,0,20,3,1,4,0,0,1,0,1,1,0,0,4,0,1,0,3,0,0,0,0,0,0,0,0,0,0,2,2,0,1,0,3,0,0,0,0,1,0,0,0,0,2,0,0,2,0,0,0,7,0,0,0,0,0,0,1,3,0,0,1,0,0,0,0,0,0,0,0,0,0,0,0,0,0,0,0,0,0,0,0,0,0,0,0,0,0,0,0,1,0,0,0,0,0,0,0,0,0,0,3,0,0,0,0,0,0,0,0,0,0,0,0,0,0,1,0,0,1,0,0,0,0,2,0,0,0,0,1,1,0,0,0,64,0,0,0,0,2,27,1,8,0,6,0,0,4,1,2,2,1,1,1,0,51,69,4,0,6,0,3,8,0,1,0,4,5,16,0,1,0,0,1,0,0,0,0,1,3,0,0,1,0,3,0,7,0,0,0,0,0,0,0,3,2,1,6,33,11,0,1,0,0,0,0,0,15,0,0,1,0,2,1,0,1,0,0,2,0,5,0,1,0,0,0,0,1,0,0,0,0,0,3,0,0,2,1,2,0,1,0,1,0,0,0,0,0,0,0,0,2,5,0,0,0,0,0,0,0,0,0,22,9,0,0,0,6,0,3,0,0,4,3,2,0,0,0,0,1,0,0,0,0,1,0,0,0,0,0,2,0,0,0,10,0,4,0,1,0,21,1,6,3,19,5,0,0,1,1,1,0,0,0,27,26,5,0,1,0,17,0,0,0,0,0,0,0,0,0,7,0,1,0,0,0,0,0,0,39,0,1,0,0,0,0,3,0,0,1,0,6,0,0,0,0,0,0,0,0,0,0,0,0,5,0,0,4,0,0,1,14,8,0,0,0,0,26,2,0,0,0,0,4,0,5,1,0,1,7,0,3,3,2,1,10,4,5,3,0,1,10,0,0,0,0,0,0,0,27,0,8,3,13,0,4,0,2,1,4,1,0,5,18,0,0,0,0,0,3,0,0,15,1,0,0,3,3,0,3,0,0,0,0,0,0,0,0,0,0,0,0,1,2,0,10,2,0,2,0,0,0,0
1,2348,COLEGIO POSITIVO JUNIOR,R MARCELINO CHAMPAGNAT  733,MERCÊS,-25.4289114,-49.29418016,12,0,4299,3222,150,90,0,1,4,5,25,6,0,1,6,2,3,1,0,25,0,36,1,4,3,6,0,7,23,0,2,3,1,0,1,0,0,0,5,0,3,0,0,6,0,0,21,1,1,0,2,0,2,4,1,1,0,0,0,0,1,1,1,7,0,1,1,50,0,8,51,2,4,0,1,20,1,10,2,0,114,9,0,1,2,1,0,2,4,0,0,0,0,0,0,3,4,2,4,1,1,0,0,0,2,2,17,0,4,0,0,69,0,0,0,10,3,6,1,0,12,1,0,2,0,1,0,2,1,0,4,0,0,2,2,0,0,4,9,0,30,0,2,0,5,4,0,0,0,1,1,22,2,8,31,9,8,0,0,4,9,30,2,0,0,0,1,2,2,10,6,0,0,16,1,3,69,0,0,2,0,0,8,2,0,0,0,3,0,0,0,5,0,0,0,12,1,2,0,1,1,0,12,12,0,4,1,0,1,1,0,1,2,0,1,0,0,0,0,0,0,0,0,0,0,1,0,0,0,0,0,0,70,0,0,0,0,4,3,0,0,0,0,0,0,16,44,2,6,9,0,2,0,1,0,3,0,0,0,47,12,0,0,4,11,1,0,6,4,1,63,2,8,0,4,0,5,3,0,4,0,0,18,5,4,4,1,2,1,2,2,0,10,0,3,2,1,27,45,0,2,47,1,1,19,4,4,9,0,0,0,0,0,0,0,6,2,0,0,4,3,0,1,0,0,2,0,0,0,0,0,0,3,0,0,0,9,0,0,0,0,1,0,0,0,0,0,0,0,0,0,1,0,24,0,0,0,0,0,1,0,4,0,4,1,0,0,3,0,0,0,0,0,1,0,0,0,0,0,0,0,0,0,1,0,0,1,0,0,0,0,0,0,0,1,0,1,0,0,0,0,0,0,0,0,0,0,0,1,0,0,0,0,0,0,3,0,0,0,1,0,0,0,0,0,0,4,6,0,0,0,0,2,1,0,0,0,75,0,1,0,0,0,28,0,8,0,5,4,0,12,1,1,3,5,2,0,1,85,114,1,1,2,0,3,2,0,8,0,4,21,2,1,2,0,0,0,0,0,0,0,1,2,0,1,2,0,1,0,4,1,0,0,0,0,0,0,1,2,1,0,67,7,4,3,0,0,1,0,0,11,0,0,1,0,1,1,0,0,1,1,7,0,9,1,0,0,0,0,0,0,0,1,2,1,0,2,0,0,0,4,1,4,0,0,0,1,0,0,0,0,0,0,0,1,2,23,1,0,0,0,0,0,1,0,18,9,0,2,0,12,0,3,2,0,2,2,0,0,0,0,0,0,0,0,0,0,1,0,0,0,0,0,0,0,0,0,9,1,1,0,0,0,23,1,1,2,10,1,1,0,0,3,2,0,0,0,39,64,3,0,0,0,33,0,0,0,7,0,0,0,0,1,16,1,2,0,0,1,2,0,1,61,0,4,0,0,0,0,3,0,0,0,1,15,10,0,0,0,0,0,0,0,2,0,0,0,4,0,0,0,0,8,0,9,2,0,0,0,0,21,3,0,0,0,0,6,0,3,2,2,0,20,2,2,0,2,4,24,0,4,6,1,1,15,6,0,0,0,0,4,0,49,7,6,2,11,0,4,1,1,26,5,0,0,8,9,0,0,0,0,0,34,0,0,35,5,0,1,3,0,0,3,0,0,0,0,0,1,1,0,0,0,2,0,0,0,1,6,2,0,0,0,0,0,1
1,2356,COLEGIO DOM BOSCO,RUA PAULO MARTINS  314,MERCÊS,-25.41777304,-49.2964639,12,0,2524,1823,114,89,0,1,1,2,9,3,0,2,5,2,1,0,0,17,2,14,1,7,2,4,2,0,17,1,0,2,1,1,1,0,0,0,3,0,0,0,0,0,4,0,6,0,0,2,1,1,0,7,1,0,0,3,0,0,3,0,3,0,0,0,2,24,0,6,20,2,1,0,0,6,2,6,0,0,28,6,0,0,0,0,0,0,0,1,0,2,0,0,0,1,0,1,0,1,2,0,1,0,0,2,5,0,13,0,0,22,0,0,0,2,0,6,0,0,5,0,0,1,1,2,0,3,0,3,3,0,0,1,0,0,0,4,3,1,12,4,0,0,10,1,3,0,0,2,1,7,0,4,18,12,8,1,0,0,4,18,3,1,1,0,0,0,9,9,4,0,0,2,0,5,26,0,2,1,0,0,1,3,0,5,0,1,0,2,0,4,1,0,1,6,2,0,0,0,0,1,6,3,0,1,0,0,3,0,0,0,1,0,1,0,0,0,0,0,0,1,0,0,0,0,0,0,1,0,0,0,37,0,0,0,0,2,1,0,0,0,0,0,0,5,22,1,1,4,0,4,0,1,0,0,0,0,0,7,16,0,0,1,5,0,4,4,5,0,20,0,1,0,1,0,10,0,1,6,1,0,8,0,3,0,3,1,0,0,6,2,4,0,0,3,0,6,20,0,1,22,1,0,6,2,0,4,0,0,1,0,0,3,0,1,0,0,0,3,1,0,0,0,0,1,1,0,0,0,0,0,1,1,1,0,6,0,1,0,5,0,0,0,0,0,0,0,1,0,0,0,2,50,0,0,0,0,0,0,1,0,0,2,0,0,0,1,0,0,0,0,0,0,0,1,1,0,1,0,0,0,0,0,0,0,0,2,0,3,0,0,0,0,0,0,0,0,0,0,0,0,0,1,0,0,0,0,0,0,0,1,0,0,0,2,0,0,0,0,0,0,0,0,0,0,3,5,0,0,0,0,0,0,0,0,0,34,0,0,0,0,2,13,0,7,0,1,0,0,8,0,0,0,2,0,0,0,19,53,0,0,3,0,3,25,1,0,0,0,3,1,0,0,1,0,1,0,0,0,0,1,0,0,0,3,0,0,0,1,0,0,2,0,0,0,0,0,1,0,0,10,4,2,0,0,0,0,0,1,11,0,0,1,0,1,1,0,0,1,1,1,0,5,0,1,0,0,0,0,0,0,0,0,4,0,1,0,0,0,1,0,0,0,0,1,0,0,0,0,0,0,0,0,6,0,73,0,0,0,0,0,0,0,0,9,7,0,2,0,6,1,0,0,0,1,0,0,7,0,0,0,0,0,0,0,0,1,0,0,0,1,0,0,0,0,0,7,1,6,2,1,0,11,2,0,0,3,8,2,2,1,0,1,1,0,0,21,34,7,0,0,0,9,0,0,0,2,0,0,1,1,2,7,0,1,0,0,0,0,1,0,23,0,0,1,0,0,1,1,0,0,0,0,17,2,0,5,0,1,0,0,0,0,0,0,0,1,0,0,1,1,9,0,8,1,0,1,0,0,12,2,0,0,0,3,3,0,5,0,3,0,48,0,0,0,3,3,9,2,1,2,1,0,4,0,0,0,0,0,0,1,13,3,4,3,2,0,1,0,2,8,0,1,0,2,3,0,0,0,0,0,0,0,0,12,0,0,0,8,1,0,2,0,0,0,0,0,0,0,0,0,0,3,0,0,0,0,6,2,0,0,0,0,0,1
1,2364,COLEGIO ESTADUAL SENADOR MANOEL ALENCAR GUIMARAES,AV CANDIDO HARTMANN  1650,MERCÊS,-25.42513962,-49.30041889,12,0,2113,1568,93,94,0,0,3,3,14,2,0,2,5,0,0,0,0,2,3,12,0,7,0,1,0,3,12,1,1,2,0,0,0,0,1,0,4,0,1,0,0,2,8,2,4,1,2,0,1,0,0,1,0,2,0,0,0,0,0,0,0,2,0,1,0,49,0,4,16,4,1,0,0,4,0,5,3,0,25,1,0,0,0,0,0,5,0,2,0,0,0,0,0,4,0,0,0,2,0,0,0,0,1,2,2,0,10,1,0,11,1,0,0,15,0,8,0,0,4,1,0,0,0,0,0,0,0,3,1,0,0,4,0,0,0,0,5,0,15,2,3,0,1,1,1,0,1,4,0,13,0,5,18,7,7,0,0,0,7,15,1,1,0,0,0,1,3,11,1,0,0,6,2,1,21,0,2,1,0,0,0,0,0,0,1,0,0,0,4,4,0,2,2,0,0,0,0,2,1,0,7,4,0,1,0,0,0,3,0,0,0,0,0,0,0,0,0,0,0,0,0,0,0,0,0,0,0,0,0,0,20,0,0,0,0,11,2,0,0,0,1,0,0,12,18,0,0,4,0,1,0,0,0,0,0,0,0,10,11,0,0,0,3,0,0,0,5,0,23,1,1,0,2,0,2,0,0,2,0,0,8,0,0,4,0,6,0,0,4,0,1,0,1,5,0,5,22,1,0,24,0,0,22,4,0,2,0,0,0,0,0,1,0,1,1,0,0,2,1,0,0,0,2,0,0,0,0,0,0,0,0,0,0,0,2,0,0,0,3,0,0,0,0,0,0,0,0,0,0,0,0,32,0,0,0,0,0,0,0,0,0,0,1,0,0,0,0,0,0,0,0,0,0,0,0,0,0,0,0,0,0,0,0,0,0,0,0,0,0,0,0,0,0,0,0,0,0,0,0,2,0,0,1,0,1,0,0,0,0,4,0,0,0,0,0,0,0,0,0,0,0,0,0,0,2,6,0,1,0,0,0,5,0,0,0,26,1,1,0,0,6,10,0,0,0,1,0,0,4,0,0,2,0,0,0,0,22,25,3,0,9,1,1,10,0,1,0,1,6,4,0,0,0,0,1,0,0,0,0,0,0,0,0,3,0,0,1,2,0,0,0,0,0,0,0,0,0,0,2,24,4,1,1,0,1,0,0,0,13,0,0,0,0,0,0,0,0,0,0,1,0,2,0,1,0,1,0,0,0,0,0,0,3,0,1,0,0,0,0,0,0,0,0,0,0,1,0,0,0,0,0,0,1,1,72,0,0,0,0,0,0,0,0,2,9,0,1,0,0,0,2,0,0,0,5,0,5,0,0,0,1,0,0,0,0,1,2,0,0,0,0,0,0,0,0,3,0,0,0,1,0,16,0,0,2,7,3,0,0,0,1,0,0,0,0,27,21,0,0,0,0,8,0,0,0,1,0,0,0,0,3,20,0,0,0,0,0,4,0,0,15,0,0,0,0,1,0,0,0,0,0,0,7,2,3,0,0,0,0,0,1,0,0,0,0,0,0,0,0,0,4,0,6,0,0,0,0,0,9,1,0,0,0,0,0,1,2,0,0,0,23,1,0,0,4,3,5,1,1,1,1,0,2,1,0,0,0,0,1,1,12,8,2,1,5,0,0,2,7,6,0,2,0,3,6,0,0,0,4,0,8,0,0,6,0,0,0,6,1,0,0,0,0,0,0,0,1,0,0,0,0,0,0,0,0,0,1,0,0,0,0,0,0,0
1,2372,SETOR DE CIENCIAS AGRARIAS,R DOS FUNCIONARIOS 1540,JUVEVÊ,-25.41013795,-49.24888101,16,0,4165,3118,172,127,0,1,6,8,34,4,1,6,15,0,0,1,1,19,1,33,2,14,5,7,0,16,19,1,5,0,1,1,0,0,0,1,5,0,2,1,0,3,5,0,12,0,3,0,13,1,0,2,4,0,0,0,0,0,4,0,2,8,0,2,2,56,0,1,38,7,1,0,2,11,3,6,1,0,63,4,0,2,1,0,0,2,6,0,0,0,0,0,0,0,0,0,1,2,1,0,0,2,2,11,3,0,1,3,0,49,1,4,1,3,7,15,0,0,7,0,0,0,1,0,0,2,1,0,3,1,0,0,3,0,0,3,12,1,27,2,2,0,10,0,0,0,1,1,1,38,0,10,53,24,16,0,0,5,16,43,9,0,1,0,2,3,4,11,12,2,0,11,1,8,39,1,1,0,0,2,3,0,0,7,0,4,0,0,0,1,0,0,0,13,1,6,0,2,3,1,4,15,0,2,0,0,1,0,0,0,3,0,0,0,0,0,0,3,0,0,2,0,0,1,0,0,0,0,0,0,93,0,0,0,0,7,1,0,0,0,3,0,0,34,40,1,2,16,2,5,1,0,9,0,0,1,0,28,14,0,0,1,13,4,0,1,7,1,39,2,12,0,4,0,13,1,0,0,0,0,25,1,0,8,1,8,1,1,2,2,2,0,0,1,2,9,33,0,1,53,1,0,9,0,4,4,0,0,1,0,0,2,0,7,0,0,0,1,0,1,0,0,0,0,0,1,0,0,0,0,1,0,1,0,3,0,1,0,1,0,0,0,0,0,0,0,0,0,0,0,0,5,0,0,0,0,0,0,0,0,0,0,0,0,0,0,0,0,0,0,0,0,0,0,0,0,0,1,0,0,0,0,0,0,1,0,0,1,0,0,3,0,0,1,0,0,0,0,0,2,0,0,2,0,0,0,2,0,0,1,1,1,1,0,0,0,0,0,0,0,0,0,0,0,0,5,0,0,0,2,2,6,0,0,0,69,0,0,0,0,0,53,0,6,0,7,0,0,5,0,1,1,2,2,0,2,65,92,4,0,4,0,0,1,0,2,0,1,7,0,0,6,0,0,3,0,0,0,0,0,2,0,2,0,0,0,2,6,0,0,1,0,2,0,0,3,1,1,12,65,14,1,0,0,0,0,1,0,12,0,1,0,0,0,2,0,0,1,0,4,0,8,0,1,0,0,0,1,0,0,0,0,1,0,4,0,0,0,1,2,0,0,0,0,0,0,0,0,0,0,0,0,5,12,0,0,1,0,0,0,0,0,0,27,5,2,0,0,7,0,8,0,0,2,5,0,0,0,0,0,0,0,0,0,0,1,2,0,0,1,0,0,0,0,0,6,0,5,0,4,0,27,2,5,6,24,9,0,2,1,0,2,0,2,0,41,54,4,0,0,0,27,0,0,0,8,0,0,2,0,0,19,1,0,0,1,0,0,0,0,55,0,1,0,0,0,3,5,0,1,2,0,10,0,0,2,0,0,0,0,0,1,0,0,0,1,1,0,1,0,2,4,11,1,0,0,0,0,21,1,0,0,0,3,3,2,6,2,1,0,8,0,0,0,2,5,15,1,3,7,1,1,15,0,0,0,1,0,0,2,46,0,2,0,26,1,1,2,5,1,7,7,0,10,17,0,0,0,1,0,1,0,0,17,2,0,0,0,2,0,5,0,0,0,0,0,0,0,0,0,1,0,0,0,0,3,17,3,0,1,1,0,0,2
1,2380,ASSOCIAÇÃO EDUCATIVA STELLA MARIS,R ROCHA POMBO 792,JUVEVÊ,-25.41258457,-49.26139874,15,0,5558,4158,240,142,0,1,5,9,40,4,0,1,19,0,0,0,0,21,7,40,0,17,4,3,4,11,39,0,5,0,6,5,0,1,2,0,13,1,2,1,0,3,3,0,15,0,3,0,11,0,1,8,2,2,0,0,0,0,7,0,9,12,0,3,2,60,0,9,51,7,0,0,2,23,0,13,1,0,61,3,0,0,0,0,0,3,6,1,1,0,1,0,0,3,5,0,2,1,2,0,2,0,0,3,13,0,0,6,0,84,3,1,1,8,5,22,1,1,26,0,1,0,0,1,0,2,0,0,2,1,0,1,3,1,0,3,15,3,62,1,10,0,13,3,1,1,0,1,1,46,2,18,61,27,32,0,0,14,16,53,18,0,0,1,4,6,6,15,25,2,0,14,0,6,54,0,2,1,4,1,2,0,1,4,0,4,0,0,0,4,0,0,0,11,2,2,0,3,1,1,14,18,2,1,3,1,0,0,0,0,2,0,5,0,0,0,0,0,0,0,0,0,0,0,0,0,0,0,0,0,83,0,0,0,0,8,3,1,0,0,3,1,0,30,56,0,1,30,1,3,0,1,11,0,0,1,0,22,14,0,0,4,21,1,4,3,5,0,48,1,15,0,2,0,48,3,3,4,0,0,32,8,3,1,1,19,4,0,4,0,3,0,0,4,0,12,74,0,0,82,5,0,18,7,6,7,0,0,4,1,0,1,0,1,3,0,0,4,10,0,1,0,0,0,1,3,0,0,0,0,2,0,1,0,4,0,2,0,0,0,0,1,0,0,0,0,0,1,0,0,0,3,0,0,0,0,1,0,0,0,2,1,3,0,0,2,0,0,1,0,0,2,0,0,0,0,0,1,0,0,0,0,0,0,0,0,1,0,0,0,2,0,0,0,0,0,0,1,0,0,0,2,2,0,0,0,0,0,0,1,0,3,0,3,0,0,0,0,3,0,1,0,0,2,0,2,0,0,0,0,0,2,0,0,0,101,0,4,1,0,1,24,0,17,0,2,0,0,10,0,0,3,3,2,0,0,72,133,3,0,9,0,1,5,1,2,0,2,7,4,0,2,1,0,0,0,0,0,0,0,1,0,0,2,0,1,0,6,0,0,0,0,2,1,0,7,2,2,15,90,14,5,0,1,0,2,0,3,25,0,0,3,0,0,0,2,0,1,1,7,0,12,0,3,1,0,0,1,1,0,0,0,4,0,3,0,0,0,1,2,3,0,0,1,0,0,0,0,0,1,0,0,1,3,0,0,3,0,0,0,0,0,3,39,12,1,0,0,20,4,4,0,0,1,7,0,0,2,0,0,0,0,0,0,2,13,3,0,0,1,0,0,0,0,0,14,0,4,0,3,0,25,0,5,9,22,5,0,3,1,2,1,0,1,0,52,39,4,0,3,1,26,0,0,0,3,3,1,0,3,0,12,3,1,0,3,1,2,0,1,83,0,1,0,2,0,2,2,0,0,0,1,8,4,4,5,0,3,0,0,0,4,2,0,0,2,1,0,0,1,8,3,25,2,0,0,1,0,49,2,0,0,0,1,3,0,8,0,1,2,9,1,4,0,1,3,21,0,10,4,0,0,19,1,0,0,0,0,0,0,65,2,11,11,25,0,7,2,8,3,0,3,2,14,23,1,1,0,1,0,3,0,0,37,0,0,0,1,1,0,6,0,0,0,0,0,0,1,0,0,0,2,1,0,0,0,18,6,0,0,0,0,0,0
1,2399,CENTRO REDENTORISTA SANTO AFONSO,"R UBALDINO DO AMARAL, 204",ALTO DA RUA XV,-25.4231795,-49.2606732,4,0,3129,2212,110,112,0,2,1,3,32,4,0,0,8,0,2,0,1,12,1,31,0,14,0,7,1,6,12,2,3,0,1,1,0,0,0,0,7,0,1,0,0,3,5,0,2,0,1,0,10,0,1,0,0,2,0,0,0,0,3,0,1,4,0,1,0,39,0,7,20,4,4,0,0,9,0,10,1,0,25,2,0,2,3,0,0,1,0,0,1,0,0,6,0,0,0,1,0,3,0,0,1,1,1,3,12,2,0,2,0,35,2,0,2,3,2,12,0,1,2,0,0,0,0,2,0,7,0,0,4,0,0,0,3,0,0,1,2,1,18,1,7,1,13,2,1,1,1,1,4,45,1,21,26,19,18,0,0,7,8,50,11,0,0,3,0,3,1,14,12,4,0,3,2,5,24,0,0,1,0,0,2,0,0,3,1,2,0,0,0,3,0,1,0,4,1,2,0,1,0,0,0,2,0,0,2,0,0,0,0,2,1,0,0,0,0,0,1,0,0,0,1,0,0,2,0,0,0,0,0,0,37,0,0,0,0,6,5,0,1,0,0,0,0,20,26,0,0,11,0,2,1,1,2,4,0,0,0,10,7,0,0,2,3,0,2,1,6,1,30,1,3,0,0,0,14,0,3,0,0,0,19,4,0,4,1,7,2,0,1,0,3,0,1,3,0,4,32,1,0,37,2,0,13,4,2,5,0,0,1,0,0,4,0,0,3,0,0,0,1,0,0,0,0,0,1,2,0,0,0,0,0,0,0,0,2,0,0,0,0,0,0,0,0,0,0,0,0,1,0,1,0,5,0,0,0,0,0,0,1,0,0,0,1,0,0,2,0,0,0,0,0,0,0,0,0,0,0,0,0,0,0,0,0,0,0,1,0,0,0,0,0,0,0,0,0,0,0,0,0,0,0,0,1,0,0,0,0,0,0,3,0,1,0,3,0,0,0,0,0,0,0,0,0,2,0,2,0,3,0,0,0,0,0,0,0,51,0,0,0,0,0,5,0,1,0,0,0,0,9,0,1,0,2,4,0,0,30,52,2,1,1,3,2,0,0,0,0,1,3,1,1,2,0,0,0,0,1,0,0,0,2,0,0,1,0,0,0,1,0,0,0,0,0,0,0,1,1,1,0,32,12,1,2,0,0,0,0,1,12,0,0,1,0,0,0,1,0,0,0,3,0,9,0,0,0,1,0,0,0,0,0,0,2,0,4,0,0,0,1,1,10,0,0,0,0,0,0,0,0,0,2,0,1,2,0,0,2,0,0,0,0,0,0,12,19,1,0,2,10,2,3,0,0,4,4,0,0,0,0,0,0,0,0,0,0,4,1,0,0,1,0,1,0,0,0,8,1,2,0,3,0,13,2,0,15,9,5,0,1,2,0,1,0,0,0,20,22,6,0,0,1,17,0,0,0,2,0,0,0,0,5,22,0,0,0,1,1,0,0,1,37,0,0,0,0,0,0,7,0,0,0,0,11,1,2,0,0,2,0,0,0,4,0,0,0,1,2,0,2,0,2,2,11,0,0,1,0,0,31,1,0,0,0,0,3,0,4,0,0,0,5,0,0,0,2,2,10,1,5,4,2,0,12,0,1,0,0,0,2,2,25,0,14,4,7,0,11,5,1,5,0,3,1,6,15,0,0,0,0,0,1,0,0,18,0,0,0,4,2,0,3,0,0,0,0,0,0,0,0,0,0,1,0,3,0,1,11,5,0,0,0,0,0,0
1,2402,ESCOLA MADRE ANATOLIA,RUA MARTIN AFONSO  575,MERCÊS,-25.42779906,-49.28285509,12,0,1770,1303,68,51,0,2,3,3,13,1,0,0,6,0,0,0,0,3,0,8,0,4,0,1,0,5,9,0,0,0,1,3,0,1,0,0,2,0,2,0,0,1,0,2,5,1,0,0,0,1,0,3,0,0,0,0,0,0,2,0,1,0,0,0,1,36,0,5,10,2,4,0,0,4,3,5,1,0,20,2,0,0,1,0,0,1,0,0,1,2,0,0,0,5,0,1,0,4,0,0,0,0,0,1,6,0,2,0,1,19,0,0,0,2,4,5,0,0,2,0,1,0,0,1,0,3,0,0,0,0,0,2,7,0,0,0,3,0,15,0,5,0,6,1,1,0,0,2,1,9,1,8,19,5,10,0,0,2,9,12,3,0,0,0,3,0,0,11,6,3,0,8,0,3,18,0,1,0,2,0,4,0,0,4,0,2,0,0,0,1,0,0,0,1,0,0,0,1,2,0,5,6,0,1,1,0,0,1,0,0,2,0,0,0,0,0,0,0,0,0,0,0,0,0,0,0,0,0,1,0,23,0,0,0,0,6,0,1,1,0,0,0,2,9,18,0,0,8,2,0,0,1,0,0,0,0,0,6,4,0,0,2,8,2,3,0,1,2,22,0,3,0,1,1,6,0,0,1,0,0,6,4,3,0,0,1,0,0,1,0,4,0,0,1,0,4,22,0,0,21,0,0,5,0,1,0,0,0,1,0,0,0,0,0,0,0,0,10,0,0,0,0,0,0,0,0,0,0,0,0,0,0,0,0,0,0,0,0,0,0,0,0,0,0,0,0,0,0,0,0,0,6,0,0,0,0,0,1,0,0,0,0,1,0,0,0,0,0,0,0,0,0,0,0,0,0,0,1,0,0,0,0,0,0,0,0,0,0,0,0,0,0,0,0,0,0,0,0,1,0,0,0,0,0,0,0,0,0,0,0,0,0,0,0,0,0,0,0,0,0,0,0,0,0,0,1,0,0,0,0,0,0,0,0,0,19,1,0,0,0,3,4,2,2,0,8,2,0,0,0,0,0,3,1,0,0,34,35,3,0,1,0,1,1,1,0,0,1,2,2,0,1,1,0,0,0,0,0,0,0,2,0,0,1,0,0,0,4,0,0,2,0,0,0,0,1,0,2,2,28,3,1,0,0,0,1,0,1,8,0,0,0,0,1,0,0,0,2,1,0,0,6,0,0,0,0,0,0,0,0,0,0,1,0,0,0,0,0,1,1,1,0,0,0,0,1,0,0,0,0,0,0,1,0,1,0,4,0,0,0,0,0,1,8,12,0,1,0,10,0,1,0,0,3,2,0,2,0,0,0,1,0,0,0,0,1,0,0,0,0,0,0,0,1,0,2,0,1,0,1,0,6,1,3,0,1,5,2,0,1,0,0,0,0,0,19,11,2,0,0,1,11,0,0,1,2,0,0,2,2,0,6,0,0,0,0,0,1,0,0,23,0,0,0,0,0,0,0,0,0,1,0,3,1,0,1,0,0,0,0,0,0,0,0,0,0,0,0,0,0,3,0,11,1,0,1,0,0,11,0,0,0,0,1,0,1,2,1,0,0,6,1,0,0,0,2,12,3,0,6,0,0,2,0,0,0,0,1,0,0,17,0,3,0,3,0,0,0,2,7,2,0,0,7,4,0,1,0,0,0,15,0,0,14,0,0,0,1,0,0,0,0,0,0,0,0,0,0,0,0,0,1,0,0,0,0,7,2,0,0,1,0,0,0
1,2410,COLEGIO ESTADUAL PROFESSOR GUIDO STRAUBE,R JACAREZINHO   1680,MERCÊS,-25.41535155,-49.2898898,12,0,2398,1766,99,85,0,4,2,2,14,0,0,1,3,0,0,0,0,8,3,13,1,12,2,6,2,3,10,0,2,0,0,1,0,3,0,0,6,0,0,0,0,1,7,0,5,5,1,0,0,1,0,2,0,0,0,0,0,0,0,0,1,2,0,0,2,24,0,7,22,2,1,0,0,6,3,10,5,0,20,5,1,1,0,0,1,0,0,0,0,5,0,0,1,2,0,1,0,0,3,0,1,0,0,2,6,1,1,0,2,14,0,1,0,7,1,8,0,0,6,0,2,0,0,1,0,1,0,1,4,1,0,0,3,0,0,0,2,0,17,0,3,0,10,3,0,0,0,4,1,8,1,5,18,9,12,0,0,4,7,13,3,1,0,0,3,2,8,15,5,0,3,3,0,2,15,0,2,0,0,0,3,2,0,2,1,0,3,0,0,0,0,0,1,3,1,5,0,0,0,1,2,3,0,1,1,0,0,0,0,0,2,0,3,0,0,0,1,0,0,0,0,0,0,0,0,0,1,0,0,1,24,0,0,0,0,4,1,0,0,0,0,0,0,6,16,1,3,4,1,4,0,0,0,0,0,0,0,3,9,0,0,3,9,0,0,2,3,0,21,0,4,2,3,0,5,0,0,4,0,0,15,0,3,2,3,0,1,0,3,1,2,0,2,1,0,4,20,1,1,31,0,0,19,0,0,2,0,0,0,0,0,1,1,0,4,0,0,1,0,0,0,0,1,0,0,0,0,1,0,0,2,1,1,0,4,0,4,0,1,0,0,0,0,0,0,0,0,0,0,0,0,16,0,0,0,0,0,0,0,0,1,1,1,0,0,2,0,0,0,0,0,0,0,0,0,0,0,0,1,1,0,0,0,0,0,1,0,0,0,0,0,0,0,0,9,0,0,0,0,2,1,0,1,0,0,0,0,0,0,0,0,0,0,1,0,0,0,0,0,0,0,0,1,0,2,3,0,1,3,0,0,2,0,0,0,35,0,0,0,0,1,13,1,2,0,1,4,0,4,0,1,1,2,1,1,0,24,31,3,0,0,0,0,2,0,2,0,0,4,5,0,1,0,0,1,0,0,0,0,1,0,0,0,1,0,2,0,3,0,0,0,3,0,1,0,0,2,3,7,31,7,1,0,0,0,0,0,0,17,0,1,2,0,0,4,0,0,0,0,0,0,4,0,3,0,0,0,2,0,0,0,0,0,0,2,0,0,0,1,1,3,0,0,1,0,0,4,0,0,0,1,0,2,0,25,0,1,0,0,0,0,0,2,19,3,0,0,0,3,0,9,0,0,1,0,0,5,0,0,3,0,0,0,0,0,2,0,0,0,0,0,0,0,1,0,5,0,1,0,0,0,8,2,4,0,8,2,0,0,3,0,2,0,0,2,25,34,1,0,2,0,15,0,0,0,1,2,0,3,0,1,18,1,0,0,1,0,0,1,0,33,0,0,0,0,0,0,0,0,0,0,6,9,1,2,1,0,0,0,0,0,2,1,0,1,0,1,0,1,1,2,0,5,0,0,0,0,0,21,1,0,0,0,0,14,0,5,1,0,0,43,0,0,1,1,2,4,12,1,0,3,1,5,3,0,0,0,0,1,2,19,3,4,0,3,0,3,0,3,3,2,1,0,3,11,0,0,0,0,0,2,0,0,11,1,0,0,1,0,0,1,0,0,0,0,0,0,0,0,0,1,1,0,0,0,0,7,2,1,0,0,0,0,7
1,2429,ESCOLA ESTADUAL PROFESSOR CLETO,RUA VISCONDE DE NACAR   544,MERCÊS,-25.42753994,-49.28036107,2,0,1625,1132,53,36,0,2,2,3,14,0,0,0,2,0,1,0,0,5,1,7,0,0,1,0,1,6,11,0,1,1,1,1,0,0,0,0,5,0,3,0,0,0,7,0,5,0,1,0,0,0,0,3,1,0,1,0,0,0,0,0,1,3,0,0,0,22,0,1,10,0,2,0,1,3,1,3,2,0,18,2,0,0,3,0,0,0,1,0,1,1,0,0,0,7,0,1,0,1,0,1,0,0,0,2,3,1,0,0,0,9,0,0,0,5,1,3,0,0,2,0,0,1,0,1,0,0,0,1,1,0,0,1,0,1,0,2,4,0,10,0,4,0,12,0,2,1,1,2,0,11,0,11,14,16,14,0,0,3,7,13,7,0,0,0,2,1,0,12,9,0,0,5,1,4,15,0,0,0,0,0,1,0,0,0,0,2,0,0,0,0,1,0,0,6,0,1,0,1,0,0,4,5,0,0,0,0,0,1,0,0,2,0,2,0,0,0,1,0,0,0,0,0,0,0,0,0,0,0,0,0,5,0,0,0,0,0,1,0,0,0,0,0,0,5,5,0,0,6,0,0,0,0,0,0,0,0,0,11,2,0,0,0,12,0,0,0,2,0,7,0,5,0,1,0,4,0,0,0,0,1,11,2,1,1,0,0,2,0,2,0,1,0,0,0,0,1,16,0,0,8,1,0,8,1,0,2,0,0,1,0,1,0,0,0,0,0,0,1,2,0,0,0,0,0,0,0,0,0,0,0,0,0,0,0,0,1,0,0,0,0,0,0,0,0,0,0,0,1,0,0,0,5,0,0,0,0,0,0,0,1,0,0,0,0,0,0,0,0,0,0,0,0,0,0,0,0,0,0,0,0,0,0,0,0,1,0,0,0,0,0,0,0,0,0,1,0,0,0,0,1,0,0,2,1,0,0,0,0,0,0,2,0,0,2,0,0,0,0,0,0,0,0,0,0,3,1,0,0,1,0,1,1,0,0,0,15,0,1,0,1,2,8,1,0,0,1,2,0,4,0,0,2,1,0,2,0,20,30,2,0,0,0,1,3,0,1,0,0,5,3,0,0,0,0,0,0,0,0,0,2,0,1,0,1,0,1,1,4,0,0,0,0,0,0,0,0,0,0,2,14,8,2,0,0,1,0,0,0,8,0,0,1,0,0,0,0,0,0,2,1,0,6,0,0,0,0,0,0,0,0,0,0,2,0,0,0,0,0,0,0,0,0,0,1,0,0,0,0,0,0,0,0,3,3,0,0,2,0,0,0,0,1,2,5,11,0,0,0,3,0,3,0,0,0,0,0,0,1,0,0,1,0,0,0,0,4,0,0,1,0,0,0,0,0,0,0,0,5,0,2,0,11,0,2,0,0,3,2,0,0,0,0,0,1,0,14,12,7,0,0,0,11,0,0,0,0,0,0,0,3,1,16,0,0,0,0,0,0,0,1,18,0,0,0,0,3,0,0,0,0,0,0,4,10,0,1,0,0,0,0,0,0,0,0,0,0,3,0,0,0,3,3,13,0,0,0,0,0,22,1,0,0,0,2,0,0,3,0,0,0,6,2,1,1,1,1,6,3,5,0,1,0,0,0,0,0,1,0,0,0,16,0,1,2,1,1,2,2,2,2,0,2,0,1,7,0,0,0,0,0,5,0,0,8,1,0,0,2,3,0,2,0,0,0,0,0,0,0,0,0,1,0,0,0,0,0,3,0,2,0,0,1,0,1
1,2437,ESCOLA VICENTINA NOSSA SENHORA DAS MERCES,"AV MANOEL RIBAS, 1154",MERCÊS,-25.42279077,-49.29029039,12,0,2404,1778,114,69,0,1,1,4,19,1,0,1,5,0,1,0,0,9,2,14,0,7,0,3,2,5,13,1,2,1,1,0,0,1,0,0,5,0,1,0,1,1,11,0,5,0,1,0,0,0,0,1,0,0,1,1,0,0,0,1,0,4,0,0,0,27,0,3,19,2,0,0,0,6,3,6,5,0,26,5,0,0,1,0,0,2,4,0,0,1,0,0,0,4,1,2,0,3,3,0,0,0,1,1,11,2,2,2,1,23,0,1,0,6,1,11,0,0,4,0,1,1,1,0,1,2,0,2,2,0,0,2,2,0,0,3,4,0,21,1,9,0,6,2,4,0,1,0,0,16,1,9,15,16,14,0,0,3,8,21,7,0,1,0,0,1,18,7,5,1,1,16,0,3,21,0,2,0,1,0,1,3,0,3,0,1,0,0,0,1,0,0,1,1,0,2,1,2,1,0,3,3,1,1,0,0,1,0,0,0,2,1,0,0,0,0,0,0,1,1,0,0,1,0,0,0,0,0,0,0,33,0,0,0,0,4,0,0,0,0,1,0,1,4,25,0,5,3,0,2,0,0,0,1,0,0,0,10,7,0,0,0,9,3,2,3,3,0,17,0,2,0,7,0,4,1,2,1,0,0,5,0,4,4,1,1,2,0,5,0,1,0,0,1,0,6,37,0,1,27,0,0,5,2,1,1,0,0,0,0,3,2,1,4,0,0,2,3,1,0,0,0,1,0,0,0,0,0,0,1,0,0,0,0,2,1,1,0,0,0,0,0,0,0,0,0,0,0,0,0,2,16,0,0,0,0,0,0,0,2,0,0,0,0,0,1,0,0,1,0,0,0,0,0,0,0,0,0,0,0,0,0,0,0,0,0,0,0,0,0,0,0,0,0,2,0,0,0,0,0,0,0,0,2,0,0,0,0,0,0,0,0,0,1,0,0,0,0,0,0,0,0,0,0,0,1,0,0,0,0,0,2,0,0,0,37,0,0,0,0,4,14,0,3,0,0,1,0,6,1,0,1,2,2,0,0,33,27,2,0,6,0,2,6,1,1,0,1,9,3,0,0,0,0,2,0,0,0,0,3,0,0,0,1,1,0,1,3,0,0,0,0,0,0,0,0,0,3,4,39,12,2,0,1,0,0,1,0,4,0,0,0,0,0,1,1,0,2,0,3,2,1,0,0,0,0,0,0,2,0,0,0,1,0,0,0,0,0,1,0,0,0,0,2,0,0,0,0,0,0,0,0,2,0,28,0,1,0,0,0,0,2,0,9,5,0,4,0,7,0,2,0,0,2,3,0,2,0,0,0,0,0,0,0,0,5,1,1,0,0,0,0,0,0,0,5,2,0,0,0,0,6,0,0,2,12,2,1,1,1,0,0,0,0,0,27,21,2,0,0,0,5,1,0,0,0,0,0,1,0,0,9,1,1,0,0,0,1,0,0,25,0,1,2,0,0,0,0,0,0,0,0,15,5,2,5,0,0,0,0,0,6,0,0,0,0,0,0,2,0,5,0,10,0,0,0,0,0,15,0,0,0,1,1,1,1,10,1,2,0,18,1,2,0,0,3,3,6,2,4,1,0,6,0,0,0,0,0,0,3,20,1,3,6,5,0,2,1,5,4,0,1,1,2,6,0,0,0,1,0,4,0,0,14,0,0,0,3,3,0,0,0,0,0,0,0,0,0,0,0,0,3,0,0,0,0,4,3,2,0,1,0,0,5
1,2445,HOSPITAL DE CLÍNICAS,"RUA GENERAL CARNEIRO, 181",ALTO DA GLÓRIA,-25.4248837,-49.2620917,4,0,220,152,14,6,0,0,0,0,4,0,0,0,0,0,0,0,0,1,0,1,0,2,0,0,0,2,0,0,0,0,0,0,0,0,0,0,0,0,1,0,0,0,0,0,0,0,0,0,0,0,0,0,0,0,0,0,0,0,1,0,0,1,0,0,0,0,0,0,1,0,0,0,0,2,0,2,0,0,0,0,1,0,0,0,0,0,0,0,0,0,0,0,0,0,0,0,0,0,0,0,0,0,0,0,0,0,0,0,0,6,0,0,0,0,0,1,0,0,0,0,0,0,0,0,0,0,0,1,2,0,0,0,0,0,0,0,0,0,1,0,1,0,1,1,0,0,0,0,0,0,0,2,3,2,4,0,0,0,1,2,2,0,0,1,0,0,0,0,2,0,0,1,0,0,1,0,0,0,0,0,0,0,0,0,0,0,0,0,0,0,0,0,0,0,0,0,0,0,0,0,0,0,0,0,0,0,0,0,0,0,0,0,0,0,0,0,0,0,0,0,0,0,0,0,0,0,0,0,0,0,0,0,0,0,0,0,0,0,0,0,0,0,0,1,1,0,0,0,0,0,0,0,0,0,0,0,0,0,3,0,0,0,0,0,0,2,1,0,0,0,0,0,0,0,0,0,0,0,0,0,1,0,0,0,0,0,0,0,0,0,0,0,0,0,0,1,1,0,0,1,0,0,1,0,0,0,0,0,0,0,0,0,0,0,0,0,0,0,0,0,0,0,0,0,0,0,0,0,0,0,0,0,0,0,0,0,0,0,0,0,0,0,0,0,0,0,0,1,0,0,0,1,0,0,0,0,0,0,0,0,0,0,0,0,0,2,0,0,0,0,0,0,0,0,0,0,0,0,0,0,0,0,0,0,0,0,0,0,0,0,0,0,0,0,0,0,0,0,0,0,0,0,0,0,0,0,0,0,0,0,0,0,0,0,0,0,0,0,0,0,0,0,0,0,0,0,0,0,0,0,0,0,0,0,0,5,0,0,0,0,0,0,0,0,0,0,0,0,0,0,0,0,1,0,0,0,1,2,0,0,0,0,0,0,0,0,0,0,0,0,0,0,0,0,0,0,0,0,0,0,0,0,0,0,0,0,0,0,0,0,0,0,0,0,0,1,0,0,0,2,0,0,1,0,0,0,0,0,2,0,0,0,0,0,0,0,0,0,0,0,0,0,0,0,0,0,0,0,0,0,0,0,0,0,0,0,0,0,0,0,1,0,0,0,0,0,0,0,0,0,0,0,0,0,0,0,0,0,0,0,0,0,0,1,1,0,0,0,0,0,0,0,0,0,0,0,0,0,0,0,0,0,0,0,0,0,0,0,0,0,0,0,0,0,0,11,0,0,0,0,0,2,0,0,1,0,0,0,0,0,0,0,0,0,0,4,0,0,0,0,0,0,0,0,0,0,0,0,0,0,1,0,0,0,0,0,0,0,0,0,1,0,0,0,0,0,0,0,0,0,0,0,1,0,0,0,0,0,0,0,0,0,0,0,0,0,0,1,0,0,0,0,2,0,0,0,0,0,6,0,0,0,0,0,0,0,0,0,0,0,1,0,0,0,0,0,0,0,1,0,0,0,0,1,0,0,0,0,1,0,0,0,0,1,0,0,0,0,0,0,0,0,0,1,6,0,0,0,0,0,0,0,0,0,0,0,0,0,0,0,1,0,0,0,0,0,0,0,0,0,0,0,0,0,0,0,0,0,0,0,0,0,0,0
2,1112,ESCOLA MUNICIPAL ANISIO TEIXEIRA,R JOAO BATISTA SCUCATO 80 CJTO HABITACIONAL N ESPERANCA,ATUBA,-25.38417494,-49.20112808,55,0,3568,2535,326,150,0,8,4,2,21,0,2,2,7,0,4,1,1,5,10,18,0,19,0,10,2,5,47,0,10,3,0,0,0,0,0,1,1,0,3,0,0,0,31,0,2,4,2,1,231,1,0,0,0,6,0,0,0,0,1,1,2,0,0,0,1,52,1,1,5,4,2,0,0,4,3,1,3,1,23,2,0,0,4,0,0,0,0,2,0,1,0,0,0,0,0,0,1,4,0,0,2,1,0,0,8,0,3,0,1,8,0,0,1,0,2,2,0,0,2,0,0,0,0,1,2,0,0,3,3,1,0,0,1,0,0,0,7,0,0,0,4,0,5,0,0,0,0,5,0,33,0,13,16,10,9,0,0,1,4,20,2,1,0,0,2,0,0,8,3,1,0,3,0,10,2,0,3,6,0,0,0,0,1,1,0,2,2,0,0,1,0,0,0,0,1,1,0,0,2,1,15,0,0,0,1,0,0,0,0,0,0,0,1,0,0,0,0,0,0,0,0,0,0,0,0,0,0,0,0,0,20,0,0,0,0,1,0,0,4,0,0,1,1,7,3,0,0,38,0,0,0,0,0,3,0,0,0,3,0,0,0,0,21,3,2,10,7,0,19,0,5,0,2,0,29,5,0,1,0,0,12,0,2,0,0,0,0,0,7,0,0,0,1,2,1,7,15,0,0,15,2,0,9,2,0,1,0,0,3,1,1,2,5,3,0,0,0,5,1,1,0,0,0,0,0,0,0,0,1,0,1,0,0,0,14,0,0,0,0,0,0,0,1,0,2,0,0,0,3,0,0,2,0,0,0,0,6,0,4,0,0,1,0,0,0,0,0,0,3,0,0,1,0,0,0,1,0,0,0,0,0,0,0,1,1,0,0,3,0,0,1,0,0,0,0,0,0,0,0,0,0,11,1,0,0,0,1,0,0,0,0,2,0,7,0,0,0,1,0,0,2,0,1,2,0,2,0,1,1,1,0,9,0,0,0,15,0,2,0,0,0,3,0,1,0,0,0,0,5,0,4,4,2,2,0,0,5,34,0,0,0,0,5,0,0,0,0,4,0,0,0,0,0,0,0,0,0,0,0,0,1,0,0,14,0,0,0,2,0,0,0,1,0,0,0,0,0,0,15,12,3,0,2,0,0,8,0,1,7,0,0,0,0,0,0,0,1,1,0,0,0,0,0,3,0,10,0,0,0,0,0,0,5,0,2,0,0,1,0,0,0,0,0,1,0,0,0,0,0,6,0,0,1,41,1,0,0,0,0,0,0,0,0,23,6,2,0,0,8,0,2,0,0,5,2,0,1,1,0,2,0,0,0,0,2,1,3,0,1,0,0,0,0,0,0,1,3,11,0,0,0,0,0,0,0,2,7,2,0,0,0,11,0,0,0,36,12,1,0,3,0,40,1,0,0,0,0,4,1,0,0,42,1,1,0,0,3,0,0,0,16,0,0,0,0,0,0,0,0,0,0,0,8,1,0,0,0,0,0,1,0,0,0,0,0,0,1,0,1,0,0,1,0,1,0,0,0,0,14,3,0,0,0,0,0,0,6,2,0,3,1,4,1,1,10,0,4,13,10,2,4,0,2,0,0,0,0,0,0,5,17,0,1,5,6,0,5,0,1,0,0,202,0,1,8,0,2,0,1,0,0,0,0,6,0,0,0,2,0,0,0,0,1,8,0,0,0,1,1,1,1,0,0,0,0,1,3,9,3,0,0,0,0,0
2,1120,COLEGIO ESTADUAL LEONCIO CORREIA,R COSTA RICA   223,BACACHERI,-25.40139684,-49.24463919,35,0,9062,6459,402,357,0,4,9,10,82,4,0,7,42,1,4,0,2,24,7,53,2,26,5,13,2,18,37,1,8,3,1,6,0,3,1,4,5,0,7,1,1,6,29,5,16,3,6,8,80,2,0,7,1,2,3,2,0,0,1,2,7,5,1,1,1,114,0,10,40,22,8,0,0,20,6,18,3,0,57,3,1,0,11,1,1,6,14,2,0,16,0,0,1,4,5,9,3,11,4,0,6,22,5,7,16,2,0,5,9,78,2,1,0,19,1,7,0,1,18,0,0,0,0,3,0,4,1,2,10,4,0,0,3,0,0,2,17,2,46,1,15,0,29,7,2,0,1,3,0,35,0,34,85,38,57,0,0,11,25,67,8,0,0,6,11,3,9,34,21,6,0,17,1,17,66,0,1,5,2,3,1,0,0,10,0,7,0,0,0,4,0,1,0,9,1,3,2,3,4,2,7,12,0,1,8,0,1,0,0,0,1,0,2,0,0,0,0,0,0,0,2,0,0,0,0,0,1,0,0,0,92,0,0,0,0,14,4,0,0,0,1,6,0,75,63,3,5,77,1,8,2,0,6,1,0,1,0,12,13,1,1,15,63,0,10,15,14,1,56,1,32,0,3,1,60,18,3,4,0,0,56,3,28,9,3,7,1,1,23,2,4,2,0,14,1,29,79,0,0,96,4,2,32,11,4,4,0,0,4,0,0,3,1,0,5,0,0,3,32,0,0,0,0,1,2,4,0,0,0,2,3,2,0,0,15,0,1,0,1,2,0,0,0,0,0,0,0,1,3,4,0,5,0,2,0,2,0,0,0,0,0,0,4,0,0,2,0,0,1,0,0,1,1,1,0,0,0,0,0,0,0,1,2,0,1,0,2,0,0,0,9,1,0,1,0,0,0,0,0,1,0,8,3,1,0,0,1,2,0,5,1,0,0,9,1,0,0,1,0,0,0,2,0,1,0,11,0,4,2,0,11,14,0,12,0,126,0,6,0,0,5,25,1,6,0,3,0,2,16,0,0,10,5,6,0,1,55,155,4,0,5,1,1,9,0,1,0,2,6,18,1,4,0,0,1,0,0,0,0,3,3,0,0,12,2,0,2,5,0,0,0,0,1,0,0,1,0,2,70,129,17,4,4,1,0,4,4,3,39,0,0,3,1,1,5,0,4,1,2,4,3,26,0,7,0,3,0,0,0,0,1,0,3,1,17,0,1,3,3,5,2,0,0,2,0,0,0,0,0,3,1,1,3,82,5,0,5,0,0,0,0,0,1,17,22,1,1,0,28,0,17,1,0,9,2,0,0,1,1,0,2,0,0,0,2,3,2,0,1,2,0,4,0,0,0,20,6,18,0,9,0,27,8,6,13,38,9,1,4,0,0,12,0,6,0,89,49,7,0,1,4,48,0,0,1,2,0,2,1,0,4,67,4,1,0,1,7,0,0,2,125,0,0,0,1,1,0,5,1,3,0,3,24,1,3,2,3,1,0,0,1,3,0,1,0,3,4,0,0,1,3,6,29,2,0,1,0,0,66,6,0,0,0,2,11,2,29,3,2,2,16,9,5,0,9,5,28,21,11,3,5,0,24,1,1,0,1,0,3,2,42,7,13,11,13,0,8,6,19,0,4,17,0,17,40,0,1,0,7,0,1,2,1,40,0,1,0,13,6,0,14,0,0,2,0,0,0,0,0,0,1,5,0,1,1,5,63,3,1,0,0,0,0,0
2,1139,ESCOLA MUNICIPAL ENY CALDEIRA,R GUILHERME IHLENFELDT   51,BACACHERI,-25.38872635,-49.2259122,35,0,5553,4182,282,212,0,4,3,9,49,5,0,4,17,1,4,1,1,22,6,41,2,15,0,9,4,6,39,0,6,4,0,4,0,1,0,4,6,1,1,0,1,2,23,1,3,5,4,1,69,1,1,3,0,1,0,0,1,0,1,0,2,2,0,0,1,89,0,8,27,8,2,0,0,14,7,6,3,0,17,2,0,0,4,0,0,2,9,0,4,4,1,0,1,3,0,1,0,11,2,0,3,8,1,2,17,2,3,3,3,38,1,0,3,2,0,7,0,0,4,0,0,2,0,0,0,5,0,6,4,3,0,0,0,0,0,2,11,0,19,0,16,0,12,3,2,0,0,2,3,12,0,11,22,24,21,0,0,6,14,34,7,0,0,3,7,1,6,27,18,3,0,20,0,19,45,1,0,5,0,3,2,0,0,2,0,0,0,1,0,5,0,0,0,10,4,1,0,2,0,2,2,4,1,0,11,0,2,2,0,0,2,0,2,0,0,0,0,0,0,0,1,0,0,0,0,0,0,0,0,0,56,0,0,0,0,6,1,0,0,0,0,5,0,31,22,0,4,103,1,1,0,0,2,5,0,0,0,5,5,0,0,7,39,3,7,16,8,1,24,0,11,0,1,0,27,17,2,1,0,0,25,1,6,5,3,5,2,0,4,0,2,1,0,14,1,14,45,0,0,23,2,0,33,4,1,2,0,0,0,0,0,5,0,0,4,0,0,0,8,0,0,0,0,1,0,1,0,0,0,0,5,0,1,2,6,0,0,0,1,1,0,1,3,0,0,0,0,0,0,0,0,6,0,1,0,0,0,0,0,3,0,0,1,0,0,0,0,0,1,0,0,3,0,0,0,1,0,0,0,0,0,2,0,0,0,0,0,0,0,0,2,0,0,0,0,0,0,0,0,0,0,7,7,0,0,0,1,2,0,1,1,3,0,8,1,0,0,2,0,0,0,0,0,5,0,11,0,6,0,0,4,43,0,8,0,85,0,1,1,0,1,9,0,1,0,1,2,1,16,0,0,2,1,1,1,4,32,117,2,0,4,0,1,6,0,0,0,2,2,6,0,1,0,0,0,0,0,0,0,1,1,0,0,3,0,0,0,5,1,0,0,0,0,0,0,2,0,2,30,61,19,2,1,0,2,3,3,2,32,0,0,6,0,4,3,0,2,0,0,3,0,10,0,13,0,2,0,0,1,0,0,0,0,0,10,0,1,3,1,0,1,0,0,0,0,0,0,0,0,2,0,0,4,385,1,1,2,2,0,0,0,0,2,14,9,2,0,0,18,0,17,0,0,6,2,0,2,1,0,0,0,0,0,0,1,2,1,1,1,0,1,1,1,0,0,9,0,3,0,0,1,12,4,2,4,15,5,3,3,2,0,6,0,2,0,91,26,3,0,1,0,38,0,0,0,1,0,2,0,4,2,43,1,1,0,0,0,1,0,0,68,0,0,1,1,0,0,0,0,2,0,0,17,1,1,1,0,10,0,0,0,6,0,0,0,1,3,0,0,0,0,2,9,4,0,0,0,0,36,3,0,0,0,1,2,1,9,2,2,2,5,4,1,1,5,0,11,6,10,3,0,0,12,0,0,0,1,0,0,3,20,0,5,12,7,1,6,9,15,2,1,12,0,11,9,1,0,0,4,2,4,0,0,23,0,0,3,3,4,0,3,0,0,0,0,0,0,0,0,0,1,2,0,1,0,6,26,6,4,1,1,1,0,0
2,1147,ESCOLA MUNICIPAL JAGUARIAIVA,"RUA JOSÉ MAZEPA, 51",BACACHERI,-25.39634862,-49.21722528,35,0,2963,2232,123,93,0,2,3,2,28,2,2,2,11,2,0,0,1,8,0,27,2,4,1,6,0,3,16,2,4,2,0,0,0,4,0,3,3,0,2,0,0,2,7,0,11,6,6,0,46,0,0,1,0,3,0,0,0,0,0,0,0,2,0,0,2,45,1,1,28,5,1,0,0,1,0,0,2,1,16,1,0,0,2,0,0,1,7,1,0,6,0,0,0,1,0,4,0,4,0,0,1,2,2,5,4,0,2,0,0,13,0,0,2,8,0,1,0,0,2,0,1,1,0,2,0,1,0,0,0,0,0,0,0,0,0,0,1,0,14,1,14,0,9,1,3,0,1,3,0,11,2,7,19,12,9,0,1,0,6,16,3,0,0,1,4,1,0,14,5,6,0,5,2,7,15,0,0,1,0,2,0,0,0,1,0,0,0,0,0,2,0,0,0,4,1,2,0,2,0,0,3,5,0,0,3,0,1,0,0,0,0,0,2,0,0,0,0,0,0,0,0,0,0,0,2,0,0,0,0,0,33,0,0,0,0,0,0,0,1,0,0,1,0,9,18,0,0,36,2,4,0,0,0,2,0,0,0,1,0,0,2,0,17,1,5,4,2,0,15,1,14,0,1,0,34,2,3,1,0,2,13,1,1,3,1,2,0,2,7,0,2,0,0,3,1,6,36,0,0,26,4,0,6,1,0,2,0,0,2,0,0,1,0,3,9,0,1,0,44,0,0,0,0,0,3,3,0,0,0,0,4,0,2,1,0,0,0,0,0,0,0,0,0,0,0,0,0,0,0,0,0,0,0,0,0,3,0,0,0,0,0,0,1,0,0,0,0,0,0,0,0,0,0,0,0,0,0,0,0,0,0,0,0,0,0,0,0,0,0,0,0,1,0,0,0,0,0,0,1,0,1,6,2,0,0,0,0,2,0,1,0,1,0,5,0,0,0,0,1,0,0,1,0,3,0,5,0,4,0,0,3,9,0,24,0,33,0,1,0,0,0,7,0,9,0,1,0,1,1,0,0,1,1,0,1,0,14,44,3,0,0,0,0,1,0,0,0,0,0,3,0,0,0,0,0,0,0,0,0,2,0,0,0,3,0,0,0,0,0,0,3,1,0,0,0,3,0,2,12,49,4,1,0,0,1,0,0,0,11,0,0,0,0,0,2,0,0,3,0,0,0,5,0,18,0,3,0,1,1,0,0,0,3,0,27,0,0,0,0,2,2,0,0,1,0,0,0,0,0,2,1,0,0,230,3,0,0,1,0,0,0,0,0,10,4,0,1,0,9,0,3,0,0,3,0,0,1,0,1,0,0,0,0,0,0,0,0,0,0,0,0,0,0,0,0,12,1,2,0,2,0,11,0,0,5,8,2,1,3,0,0,2,1,0,0,24,16,2,0,0,0,23,0,1,0,2,0,0,0,1,0,21,0,1,0,0,0,0,0,0,28,0,0,0,0,0,1,0,0,0,0,0,6,0,0,1,4,0,1,0,0,1,0,0,1,0,0,0,3,2,0,0,16,0,0,0,0,0,23,0,0,0,0,0,1,0,6,0,0,0,0,0,0,1,0,0,7,9,4,0,0,1,1,2,0,0,0,0,0,1,9,1,3,1,2,0,3,1,2,1,3,5,3,9,16,1,0,0,1,0,2,0,0,12,0,0,0,4,2,0,1,0,0,0,0,0,0,0,0,0,0,0,0,0,0,0,19,2,0,0,0,0,0,0
2,1155,FACULDADE DE ARTES DO PARANÁ,RUA DOS FUNCIONÁRIOS 1357,CABRAL,-25.41250163,-49.24707089,16,0,2648,1919,105,73,0,0,2,2,20,4,2,2,9,0,0,0,0,7,0,20,1,7,3,2,0,11,11,0,4,0,0,4,0,1,0,0,4,0,2,0,0,0,7,0,5,1,3,0,16,1,0,6,0,0,0,0,2,0,4,0,1,4,0,2,1,23,0,7,10,8,1,0,0,6,2,6,0,1,37,0,0,0,0,1,0,1,5,2,1,5,0,0,0,1,3,0,0,4,0,0,0,0,0,2,8,1,0,0,1,33,1,1,0,4,2,1,0,0,6,0,0,0,0,0,0,3,1,3,0,0,0,0,2,0,0,0,4,0,29,0,5,0,3,1,4,0,0,0,0,17,1,9,23,10,17,0,0,1,3,24,11,0,0,0,6,0,0,9,12,2,0,4,0,4,28,0,1,0,1,0,7,0,0,1,2,3,0,0,0,1,0,0,0,5,1,3,0,0,0,1,3,8,0,3,0,0,0,0,0,0,0,0,0,0,0,0,1,0,1,0,0,0,0,1,0,0,0,0,0,0,48,0,0,0,0,10,1,0,0,0,0,1,0,19,19,0,2,18,0,0,0,1,3,0,0,0,0,11,4,0,0,0,21,1,0,1,3,0,18,0,9,0,0,0,12,4,0,0,0,0,18,1,2,0,1,6,0,0,3,0,1,0,0,1,0,7,30,0,1,23,0,0,12,1,1,0,0,0,1,1,0,1,1,0,2,0,0,0,2,0,0,0,0,0,0,2,0,0,0,0,0,0,2,0,6,0,1,0,0,1,0,0,0,0,0,0,0,1,0,0,0,5,0,1,0,0,0,0,0,5,0,1,0,0,0,1,0,0,1,0,0,0,0,0,0,0,0,0,1,0,0,0,0,0,0,1,0,0,0,0,1,0,0,0,0,1,0,0,0,0,0,2,2,0,0,0,0,0,0,1,0,0,0,1,0,0,0,1,0,0,0,0,0,0,0,0,0,2,0,0,0,1,0,1,0,40,0,0,0,0,1,29,0,0,0,0,0,0,7,0,0,1,2,2,1,1,46,58,1,0,7,0,2,0,0,0,0,2,3,2,0,0,0,0,0,0,0,0,0,0,1,0,0,2,0,0,0,2,0,0,0,1,0,0,0,0,1,0,8,23,8,0,3,0,0,0,0,2,15,0,0,0,0,2,0,0,0,0,1,1,0,4,0,0,0,0,0,0,0,0,0,0,0,0,2,0,0,2,3,2,0,0,0,0,0,0,0,0,0,0,0,0,0,10,1,0,0,0,0,0,0,0,0,19,5,2,0,0,11,1,5,0,0,1,1,0,0,0,0,0,0,0,0,0,0,0,0,0,0,1,0,0,0,0,0,8,1,2,0,1,0,13,2,1,10,5,6,0,0,0,0,2,0,0,0,16,27,3,0,0,0,17,0,0,0,1,1,0,0,0,0,13,0,1,0,0,1,0,0,0,46,0,0,0,0,0,0,0,0,1,0,0,5,0,0,0,0,0,0,0,0,0,0,0,0,1,0,0,1,3,2,1,12,1,0,0,0,0,23,2,0,0,1,0,6,2,4,6,3,0,4,3,2,1,0,0,2,2,3,3,0,0,2,0,0,0,2,0,0,0,40,0,1,2,11,0,1,2,3,0,8,4,0,3,4,0,0,0,0,0,1,0,0,20,3,0,0,0,1,0,1,0,0,0,0,0,0,0,0,0,0,3,0,0,0,3,7,3,0,0,2,0,0,0
2,1163,SOCIEDADE BENEFICENTE DUQUE DE CAXIAS,R COSTA RICA  1173,BACACHERI,-25.39714944,-49.23766519,35,0,5092,3842,244,158,0,5,4,8,40,2,0,3,22,0,3,0,0,16,1,43,1,20,4,8,1,7,34,3,5,0,0,0,0,1,1,2,9,1,1,0,0,3,9,0,6,0,5,0,56,0,0,0,1,3,0,0,1,0,0,0,2,12,0,1,0,69,0,6,20,6,5,0,0,6,6,8,2,0,24,12,0,0,0,0,0,3,4,0,0,13,1,0,0,0,0,2,4,2,0,0,0,14,1,4,9,0,2,1,0,41,1,0,0,10,2,13,0,0,7,0,2,0,0,1,0,5,0,4,5,0,0,2,1,0,0,2,8,1,22,0,12,0,7,4,1,0,1,1,1,33,2,19,33,19,20,2,0,2,17,30,7,1,0,0,5,1,0,14,4,0,0,12,2,15,29,0,0,0,3,1,2,0,0,3,0,2,0,0,1,3,2,0,0,8,0,1,0,3,0,0,6,12,3,2,4,0,0,0,0,0,1,0,2,0,0,0,0,0,1,0,0,0,0,0,0,0,0,0,0,0,100,0,0,0,0,11,2,1,0,0,3,1,0,48,42,0,1,54,0,2,0,1,3,12,0,0,0,9,11,0,0,16,40,4,2,13,15,0,52,0,14,0,0,0,21,6,3,3,0,0,48,2,2,0,9,18,1,0,5,0,2,1,0,9,0,16,74,0,0,50,2,0,35,5,2,2,0,0,0,0,0,3,0,2,3,0,0,6,3,0,0,0,0,0,2,5,0,0,0,0,2,0,0,1,4,0,0,0,0,4,0,0,3,0,0,0,0,0,0,0,0,7,0,0,0,1,1,0,0,1,0,0,1,0,1,1,0,0,2,0,0,0,0,2,0,0,0,0,0,0,0,1,0,0,0,0,0,1,0,0,5,0,0,0,0,0,0,0,0,0,0,4,2,0,0,0,0,1,0,0,0,1,0,3,0,0,0,0,0,0,0,0,0,5,0,2,0,1,1,0,5,5,0,3,0,103,0,0,1,0,0,15,0,10,0,5,1,1,12,0,1,3,4,2,1,1,57,106,5,1,7,0,0,2,0,0,0,0,3,9,0,3,0,0,1,0,0,0,0,0,2,0,0,3,2,2,0,7,0,0,0,1,0,0,0,1,0,1,69,58,24,0,0,0,0,0,0,1,14,1,0,3,0,0,5,0,1,4,0,1,3,11,0,19,0,0,0,2,4,0,0,2,0,0,6,0,1,4,4,3,0,0,0,0,0,0,0,0,0,5,1,0,2,80,1,0,2,0,0,0,0,0,1,16,5,1,0,0,17,0,7,0,0,4,2,0,0,2,0,0,0,0,2,0,0,2,4,1,2,0,0,0,0,0,1,10,1,2,0,2,0,20,3,4,4,12,5,1,0,3,2,7,0,2,0,54,35,6,0,1,0,34,0,0,0,3,0,1,1,2,2,29,0,1,0,0,2,0,0,1,61,0,2,0,4,0,2,3,0,0,0,0,17,0,1,6,0,7,0,0,0,0,0,0,0,3,2,0,4,1,0,0,15,2,0,0,0,0,32,2,0,0,0,2,3,1,24,2,2,0,5,4,2,2,0,2,12,11,2,1,1,1,12,0,0,0,2,1,2,1,48,2,5,5,10,0,6,5,8,2,6,6,0,8,10,0,1,0,6,0,3,0,0,21,0,0,0,3,6,0,2,0,0,0,1,1,0,0,0,0,0,4,0,0,0,1,64,4,0,2,1,0,0,2
2,1180,COLÉGIO MADALENA SOFIA,"R SANTA MADALENA SOFIA BARAT, 809",BAIRRO ALTO,-25.41267305,-49.21529014,36,0,7272,5345,347,237,0,8,7,8,52,7,1,7,19,4,2,0,2,16,0,28,2,17,3,7,7,16,53,0,16,1,1,1,1,4,0,3,1,0,8,0,1,9,29,0,12,3,1,2,321,2,1,1,1,4,0,0,0,0,3,1,1,0,0,3,1,59,1,8,34,14,2,0,0,15,25,8,3,2,31,4,0,1,1,0,0,1,8,2,0,2,1,0,0,7,0,5,0,3,1,0,4,2,8,9,19,0,3,0,2,41,0,0,2,12,0,0,1,0,7,0,13,0,1,5,0,4,1,1,8,0,1,0,2,3,0,3,8,0,24,0,17,0,16,4,4,0,0,2,0,20,0,19,40,37,14,0,0,3,17,48,9,0,0,2,3,0,9,33,5,6,6,10,1,15,37,1,1,4,0,3,0,1,0,4,0,3,3,0,0,6,0,1,1,10,5,4,0,1,3,1,3,1,1,1,14,0,1,0,0,0,0,0,2,0,0,0,0,1,0,0,0,0,2,0,1,0,0,1,0,0,61,0,0,1,2,26,2,1,0,0,3,3,0,130,36,2,1,43,0,8,1,0,2,2,0,0,0,7,10,0,0,0,20,4,4,11,17,0,18,2,26,0,2,0,39,12,0,3,0,3,30,3,12,3,3,2,0,0,3,2,2,1,2,21,2,9,63,0,0,35,3,0,25,2,7,7,0,0,1,2,2,1,0,6,4,0,0,1,7,0,0,0,0,1,1,0,0,1,0,1,3,0,0,1,13,0,1,0,3,1,0,0,3,0,1,0,0,1,1,0,0,4,0,0,0,1,2,0,2,2,0,1,2,0,0,2,0,0,0,0,0,0,2,2,0,0,0,0,2,2,0,1,0,0,0,0,0,1,0,0,1,0,0,0,0,0,0,0,0,1,0,6,12,1,0,0,0,0,2,1,9,1,1,11,1,0,0,0,2,0,0,0,0,21,1,7,0,2,1,0,0,2,0,2,0,49,0,3,0,0,6,14,1,8,0,6,2,1,19,0,1,2,0,3,0,0,26,124,4,0,5,0,0,8,0,3,1,0,0,4,0,0,0,1,0,1,0,0,0,3,4,0,0,1,27,0,0,3,0,0,0,2,0,0,0,5,0,1,13,53,18,0,8,1,4,1,2,0,11,0,0,2,0,1,0,2,2,0,0,1,0,8,0,0,0,2,0,2,1,0,0,0,0,0,209,0,0,1,2,9,4,0,0,1,0,0,0,0,0,1,5,1,6,17,2,1,6,0,0,0,0,2,1,17,12,0,0,0,24,0,21,0,0,30,19,1,0,6,2,0,0,0,0,0,11,5,5,0,0,0,0,0,0,1,1,11,0,7,0,4,0,11,2,5,7,6,13,1,2,0,1,3,7,0,0,75,25,3,0,1,0,57,1,0,1,1,1,0,0,1,0,52,2,5,0,0,0,2,0,0,95,0,0,0,6,0,0,1,0,0,0,0,16,0,0,8,0,1,0,0,0,0,0,0,0,0,2,1,0,1,3,3,15,1,0,0,0,0,44,5,1,1,0,1,0,14,9,0,0,2,11,6,3,1,3,1,32,18,16,2,1,1,17,4,0,0,9,1,0,8,35,0,11,12,21,0,2,2,7,1,1,480,0,8,17,1,4,0,2,0,4,0,0,15,0,1,0,5,3,0,7,1,0,0,0,0,0,1,0,0,39,1,0,0,0,3,18,7,0,0,0,2,0,3
2,1198,ESCOLA MUNICIPAL ARAUCARIA,R RIO IRIRI  355,BAIRRO ALTO,-25.40380732,-49.20740499,36,0,3135,2330,158,132,0,8,3,4,16,2,1,1,7,0,2,0,0,5,3,17,0,11,0,5,2,5,25,0,26,1,1,0,1,1,1,1,0,0,4,0,0,2,12,0,1,1,1,0,431,0,0,1,3,8,0,0,0,0,0,0,1,0,0,1,0,32,0,0,7,4,0,0,0,5,6,0,3,0,4,1,1,0,1,0,0,1,7,3,0,0,0,0,0,0,0,0,3,3,1,0,2,3,0,0,5,0,0,0,4,5,0,0,0,1,2,1,2,0,0,0,0,1,0,0,0,0,0,2,1,0,0,0,0,3,0,3,1,0,0,0,8,0,7,2,0,0,0,0,0,3,0,8,10,13,8,1,0,1,7,22,5,0,1,0,1,2,0,9,2,1,2,0,0,6,9,0,1,1,0,2,0,0,0,3,1,0,0,0,0,3,0,0,0,2,3,2,0,0,0,0,2,1,0,1,1,0,2,0,0,1,0,0,0,0,0,0,0,0,1,0,0,0,0,0,0,0,0,0,0,0,8,0,0,0,1,0,3,0,0,0,0,0,0,34,11,0,0,17,0,6,0,0,0,3,0,0,0,1,6,0,0,0,13,0,8,7,6,0,7,0,11,0,0,1,11,5,0,2,0,12,11,0,4,6,2,0,0,1,1,1,0,1,0,4,3,9,13,0,0,10,2,0,9,0,0,0,0,0,2,0,0,5,0,0,0,0,1,0,2,1,0,0,0,3,0,0,0,0,0,2,2,0,0,0,13,0,0,0,0,0,0,1,0,0,0,0,0,0,0,0,0,3,0,0,0,0,0,0,1,0,0,0,1,0,0,0,0,0,0,0,0,0,1,0,0,0,0,0,1,0,0,0,0,0,0,0,0,0,0,0,1,0,0,0,0,0,0,0,1,0,0,0,25,0,0,0,0,1,0,3,7,2,0,5,0,0,0,1,0,0,0,0,0,28,0,5,0,2,0,0,0,2,0,1,0,7,0,1,0,0,2,2,0,0,0,0,0,0,4,0,1,2,1,1,0,1,10,26,0,0,1,0,0,2,0,0,0,1,0,1,0,0,0,0,0,0,0,0,0,0,0,0,0,8,5,0,2,0,2,0,0,2,0,1,1,1,0,0,2,15,4,0,17,0,0,0,0,0,2,0,0,1,0,0,3,1,2,0,0,0,0,1,0,0,0,0,0,0,0,0,0,0,2,0,72,0,1,1,0,0,1,0,0,0,3,0,0,0,0,0,0,0,0,23,1,0,1,0,0,0,0,0,0,4,4,0,0,0,1,1,15,0,1,15,1,0,0,4,0,0,1,0,0,0,0,0,0,0,0,0,0,0,0,0,0,0,0,6,0,1,0,3,1,0,0,0,7,0,0,0,0,2,0,0,0,17,9,0,0,7,1,22,0,0,0,0,0,2,0,0,0,33,1,2,0,0,0,1,0,0,22,0,0,1,2,0,0,0,0,0,0,1,6,0,0,1,0,0,0,1,0,0,0,0,0,0,0,0,0,0,1,0,2,1,0,0,0,1,8,1,0,1,2,0,1,1,2,2,0,1,5,1,0,0,2,0,3,22,26,0,0,1,9,4,0,0,2,0,0,1,14,0,8,3,3,1,0,2,0,1,0,108,0,0,11,0,0,0,2,0,2,0,0,6,0,0,0,2,2,0,0,0,1,0,0,0,0,0,0,1,55,0,0,3,2,0,8,3,5,1,0,0,0,1
2,1201,ESCOLA DUNAMYS ENSINO FUNDAMENTAL (PARTICULAR),"RUA RIO IRIRI, 1125",BAIRRO ALTO,-25.40095963,-49.20114794,36,0,4805,3527,281,152,0,18,3,7,28,2,1,4,4,4,0,0,0,4,5,23,2,17,0,11,1,1,37,0,15,0,1,0,1,2,0,7,1,0,4,0,0,3,26,0,1,4,6,1,925,0,0,1,0,13,0,1,0,1,2,1,1,3,0,0,0,36,0,2,4,6,0,0,0,8,3,2,2,0,17,0,0,0,3,0,0,3,8,2,0,2,0,0,0,2,0,1,0,3,6,0,5,0,0,2,5,1,4,0,1,10,0,0,0,3,0,0,0,1,5,0,4,1,0,1,0,1,0,1,2,1,0,0,1,2,0,0,5,0,1,1,14,0,7,3,1,1,2,6,0,12,1,20,6,10,3,1,0,6,13,29,3,0,1,1,4,1,0,14,2,0,10,2,1,36,12,0,0,6,3,0,0,0,0,2,0,2,2,0,0,0,0,1,0,0,2,3,0,1,0,1,0,5,1,1,6,0,1,0,0,1,0,0,0,0,0,0,0,0,0,2,2,0,0,0,0,2,0,0,0,0,17,0,0,0,1,9,1,0,2,0,0,1,0,46,10,0,0,24,0,1,1,1,0,2,0,0,0,1,0,0,0,2,6,4,11,7,10,0,9,0,16,0,0,0,25,4,0,1,0,5,19,0,5,5,0,1,1,1,2,1,0,0,0,7,0,7,20,0,1,14,3,0,11,1,4,0,0,0,1,1,0,4,1,0,2,0,1,0,3,2,0,0,0,0,1,0,0,0,0,0,3,0,0,0,15,4,0,0,1,0,0,0,3,0,2,0,0,0,0,0,0,0,0,3,0,0,0,0,1,0,1,0,1,0,0,0,0,0,0,0,0,0,0,0,0,0,0,1,0,0,0,0,0,0,0,1,0,0,0,1,1,0,0,0,0,0,0,0,1,0,0,1,13,0,0,0,0,0,0,2,21,0,1,2,0,0,0,1,0,0,0,0,0,121,0,10,0,3,0,0,1,4,0,0,0,12,0,5,0,0,6,2,0,2,0,1,0,2,1,1,0,0,2,2,0,2,11,44,0,0,2,0,1,2,0,0,0,2,1,3,0,0,0,0,0,0,0,0,0,3,3,0,0,4,0,0,0,2,0,0,1,1,2,0,0,2,0,0,8,30,2,0,25,0,1,0,3,2,9,0,0,4,0,0,0,3,0,1,0,0,0,1,0,0,0,1,0,0,0,0,0,0,2,0,35,0,6,0,1,2,0,0,0,1,0,0,0,0,0,0,1,0,2,29,1,0,1,0,0,0,0,0,0,8,8,0,1,0,6,1,7,0,0,13,4,0,0,0,0,0,1,0,1,0,2,1,0,0,0,3,1,0,0,0,0,3,0,8,0,0,0,4,0,0,5,3,10,1,1,0,0,2,2,0,0,29,14,3,0,8,1,27,0,0,0,1,0,3,0,0,0,31,2,4,1,0,4,0,0,0,32,0,0,0,0,0,0,0,0,0,0,0,8,1,0,0,0,0,0,0,0,0,0,0,0,1,5,0,0,1,1,0,3,0,0,0,0,1,14,1,0,0,0,1,1,2,8,0,0,2,1,4,0,1,2,0,6,7,23,1,1,0,3,1,0,0,1,0,0,3,15,1,2,3,9,0,1,0,2,3,1,141,0,3,11,1,4,0,3,0,0,0,0,3,0,1,0,2,3,0,8,0,0,0,0,0,2,0,0,0,25,1,0,0,0,0,2,5,4,0,0,3,0,1
2,1279,COLEGIO NOSSA SENHORA DO ROSARIO,R EDUARDO GERONASSO  1266,BACACHERI,-25.39100582,-49.23496776,35,0,5043,3926,271,171,0,1,5,9,43,2,1,3,19,1,1,0,0,19,3,31,1,14,3,2,4,8,29,1,4,1,4,0,2,0,0,1,8,0,6,0,0,1,13,0,9,6,11,0,34,0,1,0,0,1,0,0,1,0,0,0,8,3,0,0,4,72,0,1,16,10,6,0,1,17,3,6,5,0,24,1,0,0,5,1,0,0,4,0,2,2,0,4,0,1,0,1,1,5,5,0,8,4,2,3,8,1,4,2,3,60,2,0,0,5,3,3,0,0,5,0,0,2,0,0,0,5,0,1,0,1,0,1,0,0,0,1,8,0,28,0,16,0,13,3,4,3,0,2,1,40,0,23,35,12,33,0,0,1,22,52,5,0,1,0,13,2,3,38,12,5,0,12,2,7,41,0,0,1,1,4,0,0,0,5,0,3,0,0,0,7,0,1,0,9,3,1,0,2,2,1,12,10,2,0,2,0,1,0,0,0,4,0,2,0,0,0,0,0,0,1,0,0,3,0,0,0,0,0,0,0,85,0,0,0,0,7,0,0,0,0,0,1,0,39,31,0,4,42,0,8,0,0,1,10,0,0,0,6,4,0,0,2,55,0,6,15,6,0,22,2,10,0,2,0,28,8,0,4,0,0,33,4,3,4,0,2,1,0,6,1,2,0,0,3,2,17,53,0,0,44,3,2,21,8,0,3,0,0,1,0,0,3,3,0,2,0,1,4,8,1,2,0,0,0,0,1,0,0,0,0,3,0,1,0,3,0,3,0,0,1,0,0,2,0,0,0,0,0,1,0,0,2,1,0,0,0,0,0,0,2,0,0,3,0,0,0,0,0,3,0,0,0,0,1,0,0,0,0,0,0,0,3,0,0,0,0,0,1,0,0,5,0,0,0,0,0,0,1,0,0,0,2,1,1,0,0,0,0,0,4,0,0,1,12,0,0,0,0,2,0,0,0,0,4,3,3,0,5,1,0,1,11,0,1,0,72,0,0,0,0,10,10,1,12,0,0,0,0,4,0,0,4,1,1,0,0,39,111,4,0,1,4,1,2,0,4,0,1,2,9,0,0,1,0,0,0,1,0,0,4,0,0,0,3,0,0,1,3,0,0,0,0,0,0,0,8,0,8,116,75,15,0,3,2,0,0,1,0,23,0,0,3,0,0,1,1,0,0,0,0,0,17,0,12,0,2,0,1,0,0,0,0,5,0,9,0,0,3,0,2,1,0,0,0,0,0,2,0,0,10,1,0,0,80,2,0,0,0,0,0,0,0,0,15,9,0,1,0,24,1,7,0,0,7,1,0,2,0,0,0,2,0,0,0,0,3,2,1,0,2,0,0,0,0,0,10,1,6,0,0,0,27,7,3,7,17,15,0,2,1,0,5,0,0,0,65,36,1,0,2,0,34,2,0,1,0,3,2,3,2,0,35,1,1,0,0,2,0,0,0,72,0,0,0,0,0,3,6,0,0,0,0,18,0,0,5,0,25,0,2,0,3,0,0,0,3,1,0,2,0,4,0,12,1,0,1,0,0,53,8,0,0,0,0,2,1,5,1,0,0,4,1,4,1,5,5,14,8,10,1,1,0,10,1,1,0,0,0,0,0,39,0,6,3,21,1,9,6,18,0,5,6,0,4,26,0,0,0,4,0,3,0,0,36,0,0,0,0,3,0,4,0,0,0,0,1,0,1,0,0,0,3,0,0,0,2,29,7,1,2,0,0,0,0
2,1295,ESCOLA MUNICIPAL CARAMURU,TRAV RODOLPHO ROSENAU 157,CABRAL,-25.39787701,-49.25545294,16,0,1538,1148,77,44,0,2,1,1,15,1,0,2,3,0,0,1,0,4,0,9,1,9,1,1,1,8,10,0,2,1,4,0,1,0,0,0,0,0,1,0,0,4,10,0,4,2,0,0,6,0,0,0,2,1,0,0,0,0,0,0,0,0,0,0,0,17,0,0,8,2,0,0,0,3,0,4,1,0,4,1,0,0,0,1,0,0,3,0,0,1,0,0,0,0,0,1,0,1,3,0,0,0,0,0,3,0,0,1,2,14,0,0,0,5,0,2,0,0,1,0,0,0,0,0,0,1,0,0,3,0,0,0,0,2,0,0,5,0,11,0,6,0,4,3,2,0,0,0,1,16,0,6,22,14,15,0,0,1,7,14,2,0,0,0,0,1,2,5,11,1,0,3,2,3,9,0,0,1,0,0,1,1,0,4,0,2,0,0,0,0,0,0,0,0,1,1,0,1,1,0,3,2,0,0,1,0,0,0,0,0,0,0,0,0,0,0,1,0,0,0,0,0,0,0,1,0,1,0,0,0,24,0,0,0,0,3,3,0,0,0,0,0,0,10,4,0,0,12,0,0,0,0,7,3,0,0,0,1,4,0,0,5,26,1,0,1,2,0,11,0,3,0,0,0,8,0,0,3,0,0,7,0,0,0,0,2,2,0,1,0,1,3,0,4,0,8,7,0,0,12,1,0,8,3,0,2,0,0,1,0,0,0,0,0,2,0,0,1,3,0,0,0,0,0,0,0,0,0,0,0,3,0,0,0,0,0,0,0,0,0,0,0,0,0,2,0,0,0,2,0,0,1,0,0,0,1,0,0,0,0,0,0,1,0,1,0,0,0,0,0,0,0,0,0,0,1,0,0,0,0,0,0,0,0,0,0,1,2,0,0,2,0,0,0,0,0,0,0,0,0,0,0,1,0,0,0,0,0,0,2,0,0,0,0,0,0,0,0,0,0,0,0,0,0,1,0,0,1,2,1,0,4,0,0,0,25,0,0,0,0,0,5,0,0,0,1,0,0,8,0,0,0,1,1,1,0,21,28,0,0,0,0,0,0,0,0,0,0,0,4,0,0,0,0,0,0,0,0,1,0,0,0,0,4,1,2,0,2,0,0,0,0,0,0,0,1,0,2,6,21,5,0,0,1,0,0,0,0,8,0,0,1,0,0,1,0,2,0,2,0,0,4,0,0,0,0,0,0,0,0,0,0,0,0,1,0,0,0,0,3,1,0,0,0,0,0,1,0,0,0,0,0,4,0,2,0,1,0,0,0,0,0,0,7,1,0,0,0,5,1,2,0,0,0,1,0,0,0,0,0,0,0,0,0,0,0,0,0,0,0,0,1,0,0,0,5,0,5,0,1,0,9,0,2,3,7,6,0,1,1,0,1,0,0,0,14,11,0,0,0,0,10,0,0,0,0,0,1,0,0,1,8,0,1,0,0,3,0,0,1,19,0,1,0,1,0,1,1,0,1,0,1,0,0,0,0,0,0,0,0,0,0,0,0,0,1,0,0,0,0,1,1,6,0,0,0,0,0,17,0,0,0,0,1,2,0,2,0,0,0,3,0,0,1,0,0,4,2,0,2,0,0,3,0,0,0,2,0,0,1,15,0,4,2,6,0,0,0,2,0,2,2,0,6,7,0,1,0,0,0,0,0,0,8,0,0,0,3,0,0,1,0,0,0,0,0,0,1,0,0,0,0,0,0,0,2,2,0,0,0,0,0,0,0
2,1384,COLÉGIO ESTILLO,"RUA DOUTOR LUIZ FERNANDO VAN DER BROOCKE, 174",BACACHERI,-25.41306796,-49.23204247,18,0,3872,2890,171,139,0,5,2,8,35,6,0,0,19,2,0,0,0,29,4,28,1,13,1,7,3,9,24,0,4,2,1,0,0,1,2,1,2,0,1,0,1,3,9,1,36,8,6,1,58,0,1,1,0,0,0,0,0,0,1,0,7,0,0,0,1,41,0,2,34,4,2,0,2,9,2,2,1,0,38,2,0,2,2,1,1,1,1,0,0,6,0,0,0,2,0,0,0,3,2,0,1,0,2,7,9,0,0,0,3,20,4,0,0,4,1,3,0,0,5,0,1,0,0,0,0,3,0,2,6,0,0,0,2,0,0,6,2,1,19,0,2,0,6,1,3,0,0,0,3,19,0,15,22,11,9,0,0,1,10,27,5,1,1,0,7,1,15,19,9,2,0,9,1,6,37,0,1,1,1,1,0,0,0,3,1,2,0,0,0,3,0,0,0,39,3,4,0,1,0,1,1,38,0,0,10,0,1,0,0,0,0,0,0,0,0,0,0,0,0,0,1,0,0,0,0,0,0,0,0,0,46,0,0,0,3,3,1,0,0,0,1,1,0,51,18,0,1,23,1,2,0,1,1,2,0,0,0,8,3,0,0,2,20,1,5,9,9,0,40,0,10,0,3,0,13,10,0,2,0,0,19,2,1,2,0,8,0,0,4,0,2,0,0,13,2,13,46,0,0,48,4,0,28,4,0,0,0,0,1,0,1,3,0,2,2,0,0,0,6,1,0,0,0,0,0,0,0,2,0,0,0,0,1,0,8,0,0,0,1,0,0,0,1,0,0,0,0,0,0,0,0,3,0,0,0,0,1,0,0,1,0,1,0,0,0,6,0,0,2,0,1,0,0,0,0,0,0,0,0,0,0,0,0,0,1,0,0,0,0,0,4,0,0,0,0,0,0,0,0,0,1,2,0,0,0,0,0,0,0,0,0,0,1,4,0,0,0,1,0,0,0,0,0,2,0,4,0,0,0,0,1,6,0,2,0,47,0,1,1,0,3,12,1,7,0,2,1,0,2,1,3,3,3,2,1,0,27,70,4,0,3,0,5,4,1,0,0,2,5,5,0,1,0,0,1,0,0,0,0,0,3,0,0,1,2,4,0,2,0,0,0,0,0,0,0,3,0,0,14,61,13,0,3,0,1,0,1,1,23,0,0,7,0,0,0,0,0,3,0,0,0,16,0,4,0,1,0,0,0,0,0,0,1,0,88,0,1,0,1,1,1,0,0,0,0,0,0,0,0,0,3,0,1,11,5,0,0,0,0,0,0,0,1,21,7,4,0,0,8,0,4,0,0,7,2,0,0,1,0,0,1,0,0,0,0,1,2,0,0,2,0,0,0,0,0,10,0,3,0,0,0,5,0,4,6,5,5,0,1,0,0,0,0,0,0,25,13,2,0,0,0,40,0,0,0,0,0,0,0,0,0,20,1,1,0,0,0,1,0,0,41,0,1,0,0,0,0,0,0,0,1,0,12,1,0,2,0,0,1,0,0,2,0,0,0,1,4,2,0,2,2,1,8,1,0,0,0,0,14,3,0,0,0,1,2,0,7,2,1,0,12,6,1,1,0,2,9,9,6,0,0,0,11,2,0,1,1,0,0,2,38,0,10,4,7,0,2,1,1,2,0,37,0,2,12,0,1,0,2,0,1,0,0,21,0,0,1,6,3,0,11,0,0,3,0,0,1,0,0,0,0,0,0,2,0,1,18,2,1,0,0,0,0,0
2,1414,ESCOLA ESTADUAL NOSSA SENHORA DA SALETE (ANTIGO COLÉGIO AMANCIO MORO),AVENIDA WASHINGTON LUIZ  620,JARDIM SOCIAL,-25.41980079,-49.23009,18,0,5611,4138,224,176,0,2,2,4,44,0,0,5,22,0,1,0,2,20,3,52,1,20,3,5,1,6,30,1,10,3,7,0,0,4,0,0,12,0,6,0,0,11,5,0,25,14,7,4,34,4,0,10,0,2,0,0,0,0,3,0,3,11,0,0,0,60,0,4,45,5,4,0,0,12,7,8,2,0,50,5,0,2,1,0,0,2,0,2,0,11,0,0,4,0,7,5,0,1,0,0,2,1,0,8,5,0,0,2,0,51,0,0,0,11,9,13,0,0,8,0,3,0,0,1,0,4,0,2,0,1,0,0,1,0,0,7,10,0,41,1,15,0,7,6,1,0,0,2,3,51,2,20,27,23,12,0,0,9,12,40,8,6,0,0,1,4,7,24,12,7,0,8,2,11,45,5,0,1,1,4,4,0,0,4,0,3,0,0,0,2,0,0,1,16,1,3,0,1,1,0,11,12,0,2,6,0,0,0,2,0,4,0,4,0,0,0,0,0,0,0,2,0,2,1,0,0,0,0,0,0,49,0,0,0,1,16,0,0,0,1,2,0,0,58,43,3,5,40,2,8,2,1,1,0,1,0,0,16,12,0,0,4,19,2,1,14,6,2,120,1,9,0,2,0,8,9,2,0,0,0,39,3,4,4,2,48,0,0,7,0,3,0,1,22,1,26,68,0,1,53,2,1,23,12,5,5,0,0,0,0,1,2,1,0,6,0,0,0,7,1,0,0,0,0,0,0,0,0,1,0,1,0,4,1,3,0,0,0,0,0,0,0,2,0,0,0,0,0,0,0,1,7,0,2,0,0,1,0,0,1,0,0,0,0,0,5,0,0,0,0,0,0,0,0,0,0,0,0,0,0,0,0,0,0,0,0,0,0,0,0,1,0,0,0,0,0,0,0,1,0,0,1,4,0,0,0,1,0,0,3,1,0,0,6,0,0,0,2,2,0,0,0,0,0,0,9,0,0,1,0,1,4,0,0,0,89,0,0,0,1,1,38,0,6,0,3,0,0,4,0,1,1,9,4,0,0,84,132,7,0,3,0,2,6,1,3,0,0,4,9,1,3,0,0,0,0,0,0,0,3,4,0,0,0,1,1,0,4,0,0,0,0,0,0,0,5,1,9,7,100,19,1,1,0,0,0,3,0,16,1,1,2,1,1,3,4,3,0,1,2,0,23,0,1,0,0,0,0,1,0,0,0,4,0,23,0,2,5,1,8,1,0,0,0,0,0,0,0,0,0,1,0,2,14,0,0,5,0,0,0,0,3,2,27,13,0,0,0,10,3,3,0,0,8,2,0,0,1,0,1,1,0,0,0,1,3,3,0,0,0,0,0,0,0,0,10,3,5,0,3,0,16,2,6,4,19,9,1,4,1,1,2,0,0,0,42,58,16,0,2,0,34,0,0,0,2,0,0,0,0,1,19,0,0,0,0,0,0,0,1,80,0,2,0,0,2,0,4,0,0,0,0,18,2,4,6,0,0,0,0,0,3,0,0,0,0,1,0,4,3,1,5,15,2,0,2,0,0,28,0,1,0,0,0,5,0,6,4,3,0,12,5,0,1,0,2,16,3,2,3,2,2,19,3,0,0,1,0,1,3,93,0,10,3,26,1,12,2,1,3,0,19,0,8,12,1,2,0,2,0,3,0,0,32,0,0,0,5,5,0,6,0,0,0,0,0,0,0,0,0,1,1,0,0,0,0,21,1,2,1,0,0,0,1
2,1449,ESCOLA MUNICIPAL AUGUSTO CESAR SANDINO,R MOBRAL  413,SANTA CANDIDA,-25.36401272,-49.23234376,53,0,3483,2463,280,154,0,3,5,5,18,3,1,5,9,3,0,0,3,1,1,17,1,18,0,8,2,3,25,1,2,1,0,0,1,0,0,2,1,2,2,0,1,3,35,0,0,2,1,0,27,0,0,1,0,1,0,0,1,0,3,0,0,0,0,0,0,45,0,1,3,8,2,0,0,6,2,5,4,0,2,0,0,0,4,0,0,0,4,2,0,1,0,0,0,0,0,0,0,3,1,0,13,3,1,0,4,0,1,2,0,3,0,0,1,2,1,4,0,0,1,2,0,1,0,0,0,0,0,4,5,0,0,1,0,0,0,0,2,0,0,0,9,0,5,1,1,1,0,2,1,4,0,4,8,5,6,0,0,4,10,16,1,0,0,1,13,0,5,10,1,1,2,2,0,33,6,0,0,4,3,5,0,1,1,2,0,0,3,0,0,1,0,0,0,0,0,5,0,0,0,7,3,0,0,0,2,0,0,0,0,0,1,0,0,0,0,0,1,0,1,3,0,1,0,0,0,0,1,0,0,0,18,0,0,0,0,4,0,0,0,0,0,0,1,21,14,0,0,23,0,2,2,0,7,15,0,0,0,1,1,0,0,0,158,1,8,2,9,0,16,0,3,0,1,0,41,0,0,4,1,2,7,3,4,9,1,0,2,0,5,1,0,0,0,0,0,7,12,0,0,12,2,0,6,1,5,1,0,0,3,0,0,11,2,0,0,0,0,3,9,0,1,2,0,0,0,1,0,0,0,0,24,0,0,1,5,0,0,0,0,0,0,1,0,0,0,0,0,0,1,0,0,2,0,0,0,0,1,0,1,0,0,0,0,0,0,0,0,0,0,0,0,0,1,0,0,1,0,0,1,0,0,0,0,0,2,0,0,0,0,0,10,0,0,0,0,0,0,0,2,0,0,1,11,0,0,0,2,0,0,5,0,3,0,47,0,1,0,0,0,0,0,0,0,0,0,2,0,0,2,0,34,95,0,0,0,7,0,0,0,0,0,2,0,0,0,2,0,0,3,0,0,3,1,1,0,0,3,19,0,0,0,0,0,5,0,0,0,0,0,4,1,0,0,0,0,0,0,0,0,2,0,0,0,1,0,0,0,3,0,0,0,0,0,0,0,0,0,0,7,23,14,0,0,0,0,0,1,1,8,0,1,2,0,1,0,1,0,0,0,0,0,0,0,17,0,0,0,0,0,0,0,0,2,0,2,0,0,0,0,4,1,0,0,0,0,1,2,0,0,0,0,4,3,18,1,0,0,1,0,0,0,0,0,41,4,0,0,0,2,0,13,0,0,4,0,0,0,0,0,0,0,0,0,0,0,0,7,0,0,0,0,1,0,0,0,0,3,43,0,1,0,4,0,0,3,3,14,2,1,0,0,3,0,1,0,26,12,1,0,0,0,37,0,0,2,1,0,5,0,0,0,45,2,3,0,0,0,0,0,0,32,0,0,0,0,2,0,3,0,1,1,2,22,2,0,0,0,0,0,1,0,1,3,2,0,0,0,0,1,0,0,0,3,1,0,0,0,0,9,0,1,0,1,0,1,0,16,3,0,2,7,2,0,0,3,0,4,16,26,1,12,0,4,0,0,0,5,0,0,0,10,1,4,5,5,0,1,1,8,2,0,16,0,0,2,0,0,0,2,0,2,2,0,4,0,0,0,0,0,0,1,0,0,0,0,0,0,0,0,0,0,4,0,5,3,3,8,8,0,0,0,0,0,6
2,1457,ESCOLA MUNICIPAL RAUL GELBECK,RUA ODACIR SCHILIPAK 359,SANTA CANDIDA,-25.37337604,-49.2416653,53,0,3220,2311,208,153,0,1,5,8,18,5,1,3,10,0,3,0,1,5,2,11,1,10,3,14,0,5,26,0,5,0,0,0,2,0,1,0,2,0,4,0,0,1,38,1,3,0,0,0,33,0,0,0,0,0,1,0,0,0,0,0,1,0,0,7,3,49,0,1,1,10,1,0,0,17,0,1,4,0,12,1,0,0,9,0,0,0,1,0,0,0,0,0,0,0,0,0,0,0,0,0,1,2,0,1,1,0,0,1,0,9,1,0,0,0,0,1,0,0,2,0,0,0,0,0,0,3,0,4,4,0,0,0,0,0,0,0,2,2,11,0,4,0,2,0,0,0,1,1,0,3,1,13,7,10,11,0,0,0,5,19,0,0,0,2,13,0,4,4,1,0,0,3,0,10,11,0,2,1,0,1,0,0,0,5,1,0,0,0,0,4,0,1,0,4,1,0,0,1,0,0,3,2,0,0,3,0,0,0,0,0,0,0,0,1,0,0,0,0,0,0,1,0,0,0,0,0,1,0,0,0,10,0,0,0,0,4,2,1,0,0,0,0,0,13,6,0,0,30,0,6,1,2,0,3,0,0,0,1,0,0,0,0,182,0,9,2,4,0,13,0,1,0,0,2,35,3,0,1,0,3,16,0,3,4,0,2,0,0,6,1,0,0,2,0,0,4,17,0,0,17,4,0,7,1,2,0,0,0,1,0,0,5,2,0,0,0,0,0,3,0,0,0,0,0,0,1,0,1,0,0,32,0,0,0,5,0,1,0,0,2,0,0,1,0,0,0,0,0,2,0,0,2,0,0,0,0,0,0,0,0,0,0,2,0,0,0,0,0,1,0,0,0,0,0,0,6,0,0,0,0,0,0,0,0,0,0,0,9,0,0,29,0,0,0,0,0,0,0,0,0,0,1,0,1,0,0,0,0,0,13,0,0,1,13,1,0,0,0,0,0,1,0,0,0,1,1,0,2,2,0,32,12,1,4,0,11,0,0,1,0,4,2,0,0,0,0,0,0,3,0,0,0,2,0,0,1,14,22,0,0,2,0,0,14,0,1,0,1,0,1,0,0,0,0,0,0,0,0,0,3,0,0,0,5,0,1,0,3,0,0,0,0,0,0,0,0,0,0,15,14,13,0,0,0,0,2,0,0,4,0,0,2,1,1,2,0,0,2,2,0,0,2,0,3,0,0,0,0,1,0,0,0,0,0,1,0,0,0,0,0,1,0,0,0,0,0,0,0,0,8,4,0,7,28,1,0,3,0,0,2,0,0,0,6,3,1,0,0,3,0,31,0,0,2,0,0,0,1,0,0,0,0,0,0,0,1,1,0,0,1,0,0,0,0,0,5,0,7,0,1,2,3,4,0,1,4,6,0,0,6,0,1,0,6,0,28,12,0,0,0,0,20,0,0,0,0,0,41,0,1,1,32,0,0,0,3,2,3,1,0,28,0,1,0,3,0,1,0,0,2,1,2,9,1,0,10,0,0,0,0,0,1,4,0,0,0,0,0,1,0,1,0,7,1,0,0,0,0,7,0,0,2,0,0,10,1,22,0,0,0,8,1,2,1,32,0,10,9,2,0,2,0,5,1,0,0,2,0,0,1,13,0,5,0,2,0,2,0,59,1,2,9,0,1,8,1,0,0,1,0,7,0,0,12,0,0,0,3,3,0,1,0,0,0,1,0,0,0,0,0,0,2,0,1,0,10,6,4,1,0,0,0,0,0
2,1465,ESCOLA ESTADUAL SANTA CANDIDA,RUA THEODORO MAKIOLKA  155,SANTA CANDIDA,-25.37399365,-49.22445673,53,0,7632,5579,529,305,0,6,8,10,56,4,0,6,18,1,5,3,7,9,4,61,4,34,1,14,8,9,59,2,17,2,1,1,2,0,0,15,2,0,1,0,0,1,61,1,5,2,4,0,51,0,0,2,0,9,0,1,0,0,4,4,1,2,0,0,4,133,0,1,20,16,1,0,0,30,3,9,9,0,23,3,1,0,10,0,0,0,2,5,0,3,0,1,3,1,1,0,0,7,2,0,1,5,4,6,13,0,2,1,4,19,0,0,0,4,0,2,0,0,3,0,4,0,0,0,0,1,1,7,7,0,0,0,1,0,0,0,11,0,13,0,12,0,11,1,6,2,0,10,0,12,1,39,19,21,16,0,0,7,28,65,7,0,2,3,20,0,4,36,5,12,0,11,10,27,26,0,4,4,2,1,0,2,1,6,0,2,2,0,1,3,0,3,0,15,1,6,0,2,2,7,14,3,3,1,6,0,0,0,0,4,3,0,2,0,0,1,0,0,0,0,0,0,0,0,1,0,0,1,0,1,55,0,0,0,1,5,0,2,0,0,0,0,1,30,21,0,1,110,0,1,1,5,1,11,0,0,0,9,2,1,0,13,173,0,12,13,12,0,49,1,8,0,2,0,44,16,1,0,0,1,43,4,10,6,1,0,2,0,8,0,0,1,1,5,0,10,39,3,0,36,4,0,13,4,6,7,0,0,2,0,1,11,2,0,2,0,0,5,10,2,1,1,0,1,0,0,0,3,0,2,13,0,1,0,4,0,0,0,1,3,0,0,2,0,0,0,0,0,6,0,1,12,0,0,0,0,1,2,1,0,2,1,3,0,3,0,0,0,2,0,0,4,0,0,0,2,0,0,0,0,0,0,0,1,0,0,0,0,0,0,19,0,0,0,0,0,0,0,0,2,0,14,3,0,0,0,1,1,0,5,0,8,0,30,1,3,0,4,0,0,0,0,0,4,3,11,0,0,2,0,41,157,1,3,1,42,0,0,1,0,7,8,1,9,0,3,0,0,8,0,1,4,4,0,0,5,31,58,0,0,2,0,0,3,0,0,0,2,1,9,0,0,0,2,2,0,0,0,0,2,1,1,1,10,1,0,2,3,1,0,0,1,1,0,0,4,0,0,20,48,15,2,0,0,0,0,0,1,19,0,0,1,0,1,0,0,0,0,0,0,0,4,0,171,0,1,0,7,1,0,0,0,5,0,11,3,0,0,2,5,2,1,0,3,0,1,1,0,0,4,1,1,6,171,3,0,0,0,0,0,0,3,1,36,12,2,4,0,7,1,37,1,1,14,2,0,3,1,0,0,0,0,0,0,0,6,18,0,2,2,0,1,0,0,0,4,0,37,0,4,0,20,7,2,8,6,22,1,0,1,2,12,1,0,0,91,52,1,0,15,0,72,0,1,4,0,1,14,1,6,2,78,3,2,0,2,13,1,0,1,63,0,1,1,2,0,1,2,1,7,1,1,52,4,0,3,2,3,0,1,0,3,1,0,0,2,2,0,0,0,2,1,6,0,0,1,0,0,43,5,0,1,0,0,6,0,36,0,3,2,7,5,2,1,8,0,6,80,15,1,7,3,18,0,3,1,4,0,0,3,60,3,6,5,15,0,2,6,39,2,0,29,0,5,17,1,0,0,7,0,4,0,1,12,0,0,0,6,4,0,5,0,0,0,0,0,1,1,0,0,1,3,0,17,0,0,17,8,0,1,0,0,0,2
2,1503,COLEGIO ESTADUAL CECILIA MEIRELES,RUA PEDRO ELOY DE SOUZA  1700,BAIRRO ALTO,-25.42496838,-49.20393852,36,0,9150,6450,558,371,0,5,10,11,55,6,2,1,23,3,2,1,0,4,2,52,3,24,4,9,3,17,57,2,59,3,0,1,0,5,0,46,3,0,3,0,0,5,55,0,4,6,7,1,375,2,0,2,3,17,0,0,2,0,0,1,2,4,0,0,1,92,0,9,21,17,5,0,0,11,61,4,1,0,17,3,0,3,5,1,0,0,9,4,3,4,0,0,3,1,0,3,2,4,0,1,7,1,0,8,15,1,5,2,2,31,2,0,2,4,0,3,0,0,13,2,108,0,0,2,1,1,1,4,2,3,0,0,3,10,0,5,13,2,14,0,22,2,10,8,9,0,1,8,0,21,4,23,46,22,22,0,1,5,15,44,6,3,1,3,8,1,4,31,15,3,12,12,0,31,41,2,3,8,0,4,1,0,0,7,2,3,0,1,0,11,0,1,1,3,1,2,0,0,1,2,3,11,1,0,45,1,15,1,0,0,1,1,2,1,0,0,0,0,0,1,2,0,0,0,0,0,0,2,0,0,45,0,0,0,0,14,6,1,0,2,0,0,0,159,23,0,1,20,0,8,3,1,0,2,0,0,0,3,7,2,0,7,16,12,10,18,12,3,41,0,16,1,1,2,46,2,4,1,0,40,26,4,9,10,3,2,3,0,7,1,2,4,2,38,2,27,53,0,2,30,3,0,26,4,1,4,0,0,1,2,2,5,0,4,4,0,0,3,11,1,0,1,0,2,0,1,1,1,0,1,0,0,0,1,21,0,0,0,0,0,0,0,3,0,1,0,0,2,1,0,1,1,0,0,0,0,1,0,1,2,1,0,4,0,0,1,0,0,5,0,0,1,0,1,0,1,0,7,0,0,0,0,0,0,5,0,0,0,1,0,1,3,0,0,0,0,3,0,0,0,0,3,9,1,0,0,1,0,0,8,11,0,4,16,0,0,0,14,6,0,0,3,0,14,0,14,0,2,0,1,0,2,0,0,0,42,1,5,2,0,6,5,0,7,0,6,0,1,12,0,2,2,3,4,0,1,12,59,4,0,0,3,3,5,2,0,0,3,3,18,0,3,0,1,1,1,0,3,0,4,6,0,0,13,16,0,0,3,1,0,0,1,0,0,1,4,3,1,7,73,4,0,4,0,2,0,3,0,18,1,1,1,0,4,2,0,0,1,2,2,0,5,0,6,0,1,0,0,2,0,0,0,1,0,128,3,0,4,3,0,8,0,0,0,0,0,0,0,0,0,4,0,2,10,1,1,3,0,1,0,0,4,0,5,7,4,0,0,33,3,15,0,0,202,6,0,0,7,0,0,3,1,0,0,97,2,0,0,1,1,0,1,0,0,0,9,1,18,2,1,0,14,1,0,4,7,9,3,1,0,4,6,34,0,0,64,25,1,0,3,1,77,1,0,0,1,2,4,1,3,1,86,3,7,0,4,1,6,0,0,67,0,0,3,2,1,6,0,0,1,2,1,22,1,0,3,0,1,1,0,0,1,0,0,0,0,1,0,1,1,2,1,17,1,0,0,0,1,43,4,13,3,1,0,4,23,17,3,0,2,12,5,3,3,8,6,16,34,26,5,2,0,20,2,0,0,0,0,0,3,44,0,4,4,23,0,8,2,5,0,1,337,0,8,27,2,10,0,4,1,2,0,0,26,2,2,0,8,8,1,3,0,1,1,0,0,0,0,0,0,109,5,0,5,2,3,23,14,9,0,1,3,0,2
2,1511,ESCOLA ESTADUAL DONA BRANCA DO NASCIMENTO MIRANDA,R JORGE BONN 460 VILA TINGUI,TINGUI,-25.39210065,-49.21984325,54,0,3923,2938,206,119,0,2,2,4,29,2,0,4,6,1,2,0,2,7,2,21,10,21,1,4,2,0,20,1,2,0,1,0,0,1,0,0,5,0,2,0,0,4,13,2,5,1,1,0,130,0,0,4,0,1,0,0,0,0,1,0,0,0,0,2,1,46,0,0,9,4,1,0,0,1,0,4,2,0,10,0,0,0,5,0,0,1,13,4,1,3,0,0,0,3,0,5,1,0,0,0,0,9,0,3,2,0,0,0,0,19,1,0,0,4,0,3,0,0,3,0,0,0,0,0,0,2,1,4,3,1,0,0,1,0,0,0,5,0,9,0,15,1,5,4,1,0,0,6,0,6,6,7,16,20,10,0,0,1,18,16,7,0,1,0,9,1,2,11,6,1,0,6,1,11,23,0,0,2,1,0,0,0,0,1,0,3,0,0,1,3,0,1,0,4,1,2,0,0,1,0,1,8,0,0,2,0,2,0,0,0,1,0,1,0,0,0,1,0,0,0,0,0,0,0,0,0,0,0,0,0,32,0,0,0,0,2,1,0,0,0,0,1,0,16,17,0,0,58,0,2,0,1,3,0,1,0,0,0,4,0,0,2,18,1,2,9,5,0,25,0,12,0,2,0,14,3,0,3,0,1,24,0,2,1,4,2,0,0,10,1,0,0,0,6,0,10,24,0,1,26,3,0,13,1,0,3,0,0,2,0,1,3,2,0,3,0,0,1,9,0,0,0,0,0,0,1,0,0,0,0,1,0,0,0,3,0,0,0,0,0,0,0,1,0,0,0,0,0,4,0,0,3,0,0,0,0,1,0,0,2,0,0,0,1,0,2,0,0,3,0,0,0,0,0,0,0,0,0,0,0,0,0,0,0,0,0,1,0,0,0,1,0,0,0,0,0,0,0,0,0,0,3,10,0,0,0,0,0,0,1,0,0,0,5,0,0,0,0,0,0,0,0,3,3,0,1,0,0,0,0,0,11,0,6,0,38,0,1,0,0,0,8,1,6,0,2,0,0,6,0,0,6,2,2,3,0,19,59,0,1,2,0,0,4,0,0,0,0,5,3,1,2,0,0,0,0,0,0,0,2,4,0,0,0,0,0,1,6,0,0,0,0,0,0,0,0,0,0,7,42,6,1,5,0,1,0,0,0,12,0,0,0,3,1,1,2,2,3,0,1,0,5,0,6,0,2,0,0,1,0,0,0,0,0,19,0,2,0,0,1,2,0,0,0,0,1,0,0,0,0,0,0,1,585,0,0,2,0,0,0,0,0,0,9,12,0,0,0,6,2,4,0,0,4,0,0,0,2,0,0,1,1,0,1,1,1,1,0,0,0,0,0,3,0,0,6,1,5,0,0,0,14,6,2,3,7,8,1,0,1,1,10,1,1,0,34,11,3,0,0,0,31,0,0,0,3,0,0,0,0,2,22,0,2,0,0,4,1,0,0,43,0,0,0,1,0,0,0,0,0,0,0,16,1,1,1,0,1,0,0,0,0,0,0,0,0,2,0,0,0,1,1,12,1,0,0,0,0,21,2,0,0,0,1,3,0,8,2,0,1,3,1,0,1,1,0,2,9,11,1,2,0,6,1,0,0,0,0,0,2,22,3,5,1,6,0,3,0,10,1,2,8,0,5,15,0,0,0,1,0,0,0,0,11,0,0,0,6,3,0,4,0,0,0,0,0,0,0,0,0,1,1,0,0,0,0,7,3,4,0,2,0,0,1
2,1520,ESCOLA ESTADUAL MARIA MONTESSORI,R GUILHERME IHLENFELDT 980  VILA TINGUI,TINGUI,-25.38377993,-49.22941911,54,0,5160,3723,267,204,0,2,3,5,40,4,1,5,12,1,4,0,1,4,2,34,4,26,2,8,4,10,42,0,4,0,0,0,1,1,0,6,6,0,3,1,0,3,30,0,5,5,4,1,40,0,0,1,0,0,0,0,0,0,3,0,0,4,0,1,1,91,1,5,12,11,1,0,1,18,9,4,6,0,21,1,1,1,6,0,0,2,7,2,0,5,0,1,1,7,0,2,0,5,1,1,5,6,1,3,7,0,0,2,3,27,1,0,0,5,0,4,0,0,9,0,0,0,0,2,0,4,0,3,10,3,0,0,2,0,0,3,6,0,11,1,14,0,7,0,3,0,0,8,0,16,0,12,15,26,15,2,0,5,20,37,6,1,1,0,4,3,3,20,9,5,0,5,2,20,16,0,2,4,0,8,0,0,0,7,0,4,0,0,0,5,0,0,0,4,0,2,0,1,1,1,6,2,3,0,1,0,3,0,0,0,1,0,1,1,0,0,0,0,0,0,0,0,1,1,0,0,0,0,0,0,40,0,0,0,0,7,1,1,0,1,1,1,0,19,23,3,0,70,0,3,0,0,4,5,0,0,0,3,5,0,0,4,71,5,8,8,14,1,34,0,6,0,3,1,44,3,0,2,0,0,35,0,6,11,1,2,3,0,12,0,1,1,2,2,2,14,32,0,1,28,11,3,19,1,0,1,0,0,5,0,1,5,0,0,3,1,0,1,9,0,0,0,0,0,0,3,0,0,0,0,7,3,0,1,5,0,0,0,0,2,0,0,2,0,0,0,0,1,1,0,1,4,0,0,0,2,0,0,0,2,0,1,5,0,0,3,0,0,1,0,0,1,0,0,0,0,1,0,0,0,0,0,0,0,0,1,1,2,0,0,17,0,0,0,0,0,0,0,0,0,0,12,4,0,0,0,0,0,0,7,0,2,0,15,0,0,0,2,0,0,0,0,0,1,1,9,0,3,0,0,6,25,0,3,0,42,1,1,0,0,0,14,2,7,0,1,0,0,6,0,0,1,0,0,0,1,27,69,0,2,0,0,1,6,0,0,0,0,0,11,0,1,0,0,0,2,0,0,0,1,0,0,0,5,0,0,1,2,0,0,0,0,0,1,0,4,0,0,31,57,10,2,4,0,1,0,1,0,18,0,0,3,0,1,0,2,1,0,0,0,0,6,0,10,0,1,0,1,0,0,0,0,1,0,12,0,1,0,0,2,0,0,0,2,0,0,0,0,0,5,1,0,4,264,1,0,2,0,0,0,1,0,2,14,12,2,0,0,8,1,22,0,0,9,3,1,1,1,0,0,1,0,0,0,0,5,2,0,0,1,0,2,0,0,0,1,2,9,1,2,0,10,3,2,2,4,12,2,0,2,1,5,0,1,0,67,24,7,0,8,1,56,0,0,0,2,4,3,0,0,2,38,3,0,0,0,2,2,0,0,59,1,0,0,0,0,2,0,0,2,1,1,17,0,0,5,0,8,1,2,0,2,0,0,3,1,1,0,0,1,1,1,11,0,0,0,0,0,32,4,0,0,1,3,5,1,21,0,0,0,12,4,0,2,1,1,13,11,6,2,1,0,15,2,0,0,0,0,1,4,28,0,8,6,4,0,0,3,29,1,1,14,1,4,5,0,2,0,3,0,3,0,0,15,0,0,1,8,7,0,1,0,0,0,1,0,0,0,0,1,1,1,0,1,0,2,17,32,0,0,1,0,0,0
2,1538,SALAO DA IGREJA DE SANTA CANDIDA,RUA PADRE JOAO WILINSKI 755,SANTA CANDIDA,-25.37399302,-49.22427552,53,0,3989,2929,256,185,0,4,4,6,36,1,1,5,9,0,4,0,3,10,4,28,2,14,1,6,1,4,37,1,12,0,1,0,0,2,0,4,4,0,3,0,0,0,29,1,4,3,2,0,42,1,0,3,0,2,0,0,1,1,3,0,0,1,0,0,0,77,0,3,4,10,0,0,0,11,0,6,5,1,14,4,0,2,2,0,0,5,11,2,1,8,0,0,1,7,0,1,0,1,2,0,1,2,3,2,6,0,1,0,1,14,0,0,1,6,2,1,0,0,1,0,2,0,1,2,0,1,1,4,3,0,0,0,0,0,0,0,4,0,3,0,9,0,8,2,0,2,1,3,0,10,2,17,13,22,5,0,1,1,16,37,9,0,2,1,6,3,4,19,7,3,1,10,1,9,20,0,0,1,1,0,0,0,0,1,0,0,3,0,0,6,0,2,0,2,1,0,0,1,2,2,9,2,0,0,1,0,0,1,0,2,1,0,1,0,0,0,0,0,0,2,0,0,0,0,1,0,0,0,0,0,42,0,0,0,1,4,2,0,1,0,0,1,0,18,7,0,3,67,0,3,1,1,2,5,0,0,2,2,3,0,0,9,73,7,4,5,5,0,18,0,7,0,0,1,18,3,0,2,0,0,19,2,4,2,0,4,1,0,3,0,2,0,0,3,0,12,26,1,0,24,5,0,13,3,1,1,0,0,1,2,1,5,2,0,0,0,0,2,3,1,0,1,0,0,0,0,0,3,0,1,7,0,0,0,6,0,1,0,0,3,0,0,2,0,0,1,0,1,1,0,0,8,0,0,0,0,0,0,0,0,0,0,1,0,1,0,0,0,2,0,0,1,0,0,0,0,0,0,0,0,0,0,0,0,0,0,0,3,0,0,11,2,0,0,0,0,0,0,2,0,0,5,4,0,0,0,1,0,0,5,0,4,3,18,0,3,0,1,0,0,0,0,0,1,1,9,0,3,0,0,25,53,1,2,2,23,1,1,0,0,2,2,0,6,0,5,0,2,6,0,1,0,1,2,1,1,11,45,0,0,0,0,1,5,0,1,0,2,1,4,0,0,1,0,0,0,0,0,0,3,2,0,0,9,0,1,0,10,0,0,0,0,0,1,0,3,1,1,14,28,7,1,1,0,0,1,1,1,17,0,0,1,0,0,2,0,0,2,0,0,0,1,1,46,0,0,0,1,0,0,0,0,2,0,2,0,0,1,0,1,1,0,0,1,0,1,0,0,1,3,0,1,1,60,2,1,1,0,0,0,0,1,0,13,5,0,1,0,2,2,15,0,0,7,4,0,0,1,0,1,1,0,0,0,0,5,9,0,0,1,0,2,0,0,0,2,0,14,0,1,0,8,1,1,12,4,9,3,3,0,1,2,0,0,0,43,18,2,0,7,0,33,0,0,0,1,1,5,0,1,0,46,0,0,0,0,7,2,0,0,35,0,0,0,1,0,1,2,0,1,0,2,18,0,0,7,0,0,1,1,0,2,0,0,0,2,0,0,0,1,3,1,3,1,0,0,0,0,15,3,0,0,0,0,1,0,17,1,1,1,7,2,2,1,5,1,6,34,6,0,4,2,4,3,0,1,1,0,0,0,26,0,5,1,6,0,1,2,14,2,1,17,0,2,8,0,1,0,2,0,2,0,0,12,0,0,0,7,5,0,2,0,0,0,1,0,1,0,0,0,0,2,0,3,0,0,12,6,0,0,2,0,2,1
2,1546,GRUPO DE ESCOTEIROS SAO LUIZ DE GONZAGA,RUA OSORIO DUQUE ESTRADA 560,JARDIM SOCIAL,-25.4155791,-49.23394586,18,0,1191,907,52,28,0,0,0,0,8,1,0,2,1,0,0,1,0,3,0,8,0,1,2,2,0,4,2,0,0,0,0,0,0,0,0,0,0,0,2,0,0,2,1,0,10,0,0,1,3,0,0,4,0,0,0,0,0,0,0,0,1,4,0,1,0,13,0,1,7,2,1,0,0,8,0,5,0,0,11,0,0,0,0,0,0,3,0,0,0,3,0,0,0,0,1,0,0,0,0,0,0,0,0,0,0,0,3,1,0,14,1,0,0,1,0,2,0,0,1,0,0,0,0,1,0,0,0,1,2,0,0,0,0,0,0,0,1,0,14,0,2,0,4,0,0,0,0,0,3,16,0,7,9,4,2,1,0,4,3,7,0,0,0,0,0,1,0,5,1,0,0,2,0,3,21,2,0,2,1,0,2,0,0,0,0,4,0,0,0,0,0,0,0,3,0,0,0,0,0,0,5,6,1,0,0,0,0,0,0,0,0,0,0,0,0,0,0,0,0,0,0,0,0,0,0,0,0,0,0,0,17,0,0,0,0,2,3,0,0,0,0,0,0,13,9,0,0,6,0,2,0,0,0,0,0,0,0,3,2,0,0,0,2,0,1,6,0,0,15,0,1,0,3,0,4,2,0,0,0,0,5,1,0,3,0,5,0,1,1,0,4,0,0,2,0,5,6,0,0,6,4,0,5,1,0,1,0,0,0,0,0,1,0,0,0,0,0,1,3,0,0,0,0,0,0,0,0,0,0,0,0,0,1,0,0,0,1,0,0,0,0,0,0,0,0,0,0,0,0,0,0,1,0,0,0,0,0,0,0,0,0,0,0,0,0,5,0,0,0,0,0,1,0,0,0,0,0,0,0,0,0,0,0,0,1,0,1,0,0,0,0,0,0,0,0,0,0,0,0,0,0,0,0,0,0,0,0,0,0,1,0,0,0,3,0,0,0,0,0,0,0,0,0,0,0,1,0,0,0,0,2,0,0,1,0,34,0,0,0,0,0,11,0,0,0,0,0,0,5,0,0,0,0,3,0,0,16,29,1,0,0,0,0,0,0,0,0,1,1,2,0,1,0,0,0,0,0,0,0,1,0,0,0,0,0,0,0,0,0,0,0,0,0,0,0,4,0,3,1,16,7,0,0,0,0,0,0,1,9,0,1,0,0,0,0,0,0,0,0,1,0,2,0,0,0,0,0,0,0,0,0,0,2,0,0,0,0,0,0,0,3,0,0,0,0,0,0,0,0,0,1,0,1,0,0,0,2,0,0,0,0,0,0,2,0,0,0,0,8,0,0,0,0,3,0,0,0,0,0,0,0,0,0,0,1,0,1,0,0,0,0,0,0,0,0,10,0,2,0,0,0,6,0,0,4,3,0,0,0,0,0,0,0,0,0,11,16,4,0,0,0,2,0,0,0,3,0,0,0,0,0,4,0,0,0,0,0,0,0,0,12,0,0,0,1,0,0,0,0,0,0,0,4,1,1,0,0,0,0,0,0,0,0,0,0,0,0,0,0,0,3,0,4,1,0,0,0,0,6,1,0,0,0,0,0,0,4,1,3,0,1,1,3,0,0,0,5,1,0,0,0,0,7,0,0,0,0,0,0,0,24,0,3,1,3,0,2,1,1,0,0,5,0,4,6,0,0,0,0,0,2,0,0,16,0,0,0,2,0,0,3,0,0,0,0,0,0,0,0,0,0,0,0,0,0,0,6,0,0,0,0,0,0,2
2,1570,CEI CURITIBA ANO 300,RUA JORNALISTA ALCEU CHICHORRO 180,BAIRRO ALTO,-25.41441618,-49.20623962,36,0,2649,1879,147,115,0,6,3,3,15,0,0,0,6,1,2,0,0,4,1,9,1,13,1,1,1,3,11,1,11,0,1,0,0,0,0,5,0,0,0,0,0,0,22,0,0,3,2,0,213,0,0,0,2,1,0,0,0,0,1,0,0,0,0,0,0,13,0,1,6,0,2,0,1,2,4,1,3,0,9,0,0,0,3,1,0,0,1,0,2,2,0,0,0,1,0,0,0,3,1,0,1,0,1,5,4,0,0,1,1,11,1,0,2,3,1,2,0,0,4,0,5,0,0,0,0,0,0,2,2,0,0,0,0,3,1,0,2,0,9,0,7,0,5,1,1,0,0,3,4,14,1,10,9,10,13,0,0,0,8,17,5,3,0,1,0,0,0,11,1,3,0,1,0,8,8,1,0,4,0,1,0,0,0,0,0,0,2,0,0,0,0,0,0,2,0,0,0,1,1,0,2,3,2,0,4,1,0,0,0,0,0,0,0,0,0,0,0,0,0,0,0,0,1,0,0,0,0,0,0,0,9,0,0,0,0,5,1,0,0,0,0,0,0,31,14,0,0,12,0,5,0,0,0,0,0,0,1,1,4,1,0,0,10,0,2,2,4,1,14,1,12,0,1,0,6,3,0,1,0,2,15,0,0,1,0,0,0,0,3,0,2,0,0,7,0,17,12,0,1,9,4,0,15,0,0,2,0,0,2,0,0,0,0,0,0,0,0,0,2,0,0,0,0,2,0,1,0,0,0,0,0,0,1,0,4,0,0,0,0,2,0,0,0,0,0,0,0,0,0,0,0,0,0,0,0,0,2,0,0,0,0,0,1,0,0,0,0,0,0,1,0,1,0,0,0,0,0,0,0,0,0,0,0,0,2,0,1,0,0,0,0,0,0,0,0,0,0,0,0,0,0,1,5,1,0,0,0,1,0,0,7,1,0,3,0,0,0,1,0,0,0,0,0,8,1,10,0,2,0,0,1,0,0,0,0,15,0,0,0,0,0,1,1,2,0,0,0,0,4,0,0,0,1,1,0,0,9,36,2,0,1,0,0,2,0,0,0,0,1,6,0,0,0,0,0,0,0,0,1,0,0,0,0,3,2,0,0,0,0,0,0,0,0,0,0,0,1,0,1,25,5,0,4,0,0,0,0,0,8,0,0,0,0,2,0,0,0,1,0,0,0,3,0,0,0,0,0,1,0,2,0,0,3,0,43,0,3,0,0,1,0,0,0,0,0,0,1,0,0,0,0,0,1,2,0,0,2,0,0,0,0,0,0,2,3,1,0,0,3,0,3,0,0,30,2,0,2,2,0,0,0,0,0,0,2,1,0,0,0,1,0,1,0,0,0,1,0,6,0,0,0,4,1,1,0,7,2,1,0,0,0,2,2,0,0,17,12,3,0,1,0,19,0,0,0,2,0,0,1,0,0,17,1,3,0,0,0,0,0,0,30,0,0,2,1,0,0,0,0,0,2,0,6,0,0,0,0,0,0,0,0,0,0,0,0,0,1,0,0,0,1,2,3,0,0,0,0,0,11,2,3,0,0,0,2,6,3,0,0,1,2,2,0,0,1,0,8,10,8,0,4,1,9,0,0,0,0,0,0,2,15,1,2,4,5,0,4,2,1,1,0,105,0,2,18,1,0,0,0,0,0,1,0,1,0,0,1,3,1,0,0,0,0,0,0,1,0,0,1,1,36,0,0,0,0,0,2,3,2,0,0,3,0,0
2,1589,ESCOLA MUNICIPAL ERASMO PILOTTO,RUA RIO JAPURA 648,ATUBA,-25.39452913,-49.20346469,55,0,4432,3335,265,164,0,14,5,4,19,3,0,2,15,2,0,0,2,3,4,16,2,21,3,4,1,3,9,1,9,1,0,0,0,0,0,5,1,0,4,0,0,2,25,0,0,7,1,1,910,0,0,0,0,1,0,1,0,0,2,0,6,6,0,0,0,35,0,7,6,5,5,0,0,3,6,1,1,0,10,0,0,0,2,0,0,0,8,1,0,2,0,0,0,1,0,1,1,0,0,0,2,0,0,0,9,0,2,1,6,14,1,0,0,1,0,0,0,0,5,0,1,0,0,0,0,1,0,2,1,0,1,0,1,4,0,1,5,2,4,0,5,1,5,2,1,0,0,3,0,11,4,6,17,13,11,1,0,3,9,26,4,0,0,1,7,1,0,12,4,1,1,3,0,16,13,0,4,2,1,1,0,0,0,1,0,0,0,1,0,0,0,0,0,4,0,0,0,1,0,0,1,0,0,0,6,0,3,0,0,0,0,0,0,0,0,0,0,0,1,0,1,0,0,0,0,0,2,0,0,0,20,0,0,0,0,6,2,0,1,0,0,0,0,28,11,0,0,32,0,1,0,0,0,5,0,0,0,2,0,0,0,0,10,1,5,10,22,0,12,0,23,0,0,3,21,5,1,0,0,1,17,0,10,3,0,1,1,0,6,0,0,3,0,3,2,8,21,0,3,15,0,0,15,0,5,1,0,0,3,0,0,1,1,0,0,0,0,0,5,0,0,0,0,1,0,1,0,0,1,0,0,0,0,0,10,0,0,0,0,1,0,2,1,0,0,0,0,0,0,0,0,3,0,1,0,0,0,0,0,0,0,0,1,0,0,1,0,0,1,0,0,0,0,0,1,0,0,0,0,0,0,1,0,0,2,0,0,0,0,1,0,0,0,0,0,0,0,0,0,1,0,3,6,2,0,0,1,0,0,0,29,2,4,1,0,0,0,3,0,0,0,0,0,64,0,17,0,0,0,0,0,8,0,0,0,13,1,0,0,0,1,2,0,0,0,0,0,0,6,0,0,0,1,1,0,1,12,40,2,0,0,0,0,1,0,0,0,0,0,10,0,0,0,0,0,0,0,0,0,2,0,1,0,5,0,0,0,4,0,0,0,0,0,0,0,6,1,0,0,35,4,0,41,0,1,0,0,1,6,0,0,0,0,0,1,0,2,0,0,2,0,9,0,4,0,4,0,0,0,0,0,0,4,0,24,0,0,0,0,0,3,0,0,0,0,0,0,0,0,0,1,0,0,16,0,0,0,0,0,0,0,1,0,20,5,0,0,0,8,0,14,0,0,14,0,1,0,0,0,0,0,1,0,0,1,5,1,0,1,3,0,0,0,0,0,5,0,9,0,1,0,3,1,2,0,2,8,1,0,0,0,2,1,0,0,46,12,4,0,25,0,36,0,0,0,1,0,2,0,0,0,25,2,2,1,1,0,1,0,0,28,0,0,0,0,0,1,0,0,1,0,1,6,1,0,3,0,0,0,0,0,1,0,0,0,0,1,0,5,0,0,0,3,0,0,0,0,0,13,2,0,0,0,0,2,4,4,0,0,7,3,1,1,2,2,2,4,13,16,0,2,0,3,0,0,0,2,0,0,0,15,0,6,1,10,2,3,1,5,0,0,109,1,3,7,1,2,1,1,0,0,0,0,11,0,0,0,6,4,0,5,0,1,1,0,0,0,0,0,0,21,1,0,1,0,0,6,3,5,0,0,3,0,0
2,1791,ESCOLA MUNICIPAL SANTA AGUEDA,"RUA JOSE ANTONIO LEPREVOST, 496",SANTA CANDIDA,-25.37673384,-49.23127177,53,0,2751,2035,176,150,0,2,3,4,16,3,0,3,5,1,0,1,1,3,0,18,0,11,1,3,1,4,23,0,8,0,0,2,0,0,0,11,2,1,1,0,0,0,20,0,7,5,1,0,34,1,0,0,1,3,0,0,0,0,1,0,0,4,0,1,4,56,1,3,3,11,0,0,0,7,1,4,0,0,14,0,0,0,4,0,0,0,4,1,1,2,0,1,0,1,0,1,1,2,2,0,0,5,0,3,3,0,0,1,2,11,0,0,0,1,2,0,0,0,2,0,0,0,0,0,0,0,0,4,2,0,0,0,1,0,0,0,0,0,7,0,4,0,9,1,1,0,0,4,2,10,0,6,14,13,10,0,0,1,3,13,4,0,0,1,8,0,1,14,7,1,0,3,1,8,9,0,0,2,0,0,0,0,0,0,0,3,1,0,0,0,0,1,0,2,0,3,0,0,1,3,8,3,0,0,2,0,0,0,0,0,2,0,2,0,0,0,0,0,1,0,0,0,0,0,1,0,1,0,0,1,27,0,0,0,0,5,0,0,0,0,0,0,2,11,14,0,0,25,0,1,0,0,0,5,0,0,0,0,3,0,0,6,109,0,5,2,12,0,13,0,3,0,1,0,8,3,0,1,0,2,16,0,2,4,1,0,0,1,2,0,1,0,0,0,0,9,15,1,0,19,2,0,3,2,1,2,0,0,0,0,0,7,4,1,1,0,4,0,0,0,0,1,0,0,0,0,0,1,0,1,8,0,0,0,4,0,0,0,2,2,0,0,0,0,0,0,0,0,0,0,0,2,0,0,2,1,0,0,1,0,0,0,6,0,0,0,0,0,0,0,0,0,1,0,0,1,1,0,0,0,0,1,1,0,0,0,0,1,0,0,22,0,0,0,0,0,0,0,0,0,0,4,0,0,0,0,0,1,0,2,0,6,0,7,0,0,0,0,0,0,1,0,0,3,0,7,0,0,0,0,18,13,0,0,0,12,0,3,0,0,6,3,0,2,0,0,1,0,9,0,0,5,0,0,0,0,16,23,0,0,0,0,0,0,0,2,0,0,3,0,0,2,0,0,1,1,0,0,0,0,0,0,0,4,0,1,0,6,0,0,0,0,1,2,0,1,0,1,11,18,10,0,6,0,0,0,0,0,5,0,0,1,0,1,0,1,0,0,1,0,0,1,0,5,0,1,0,0,0,0,0,0,2,0,1,0,1,0,2,1,0,0,0,1,1,0,1,0,0,0,2,0,3,44,1,0,0,0,0,0,0,0,0,10,3,0,0,0,2,0,6,0,0,3,0,0,1,1,0,0,0,0,0,0,0,0,0,0,0,0,0,1,0,0,1,0,1,8,0,1,1,5,4,1,4,6,4,0,2,2,1,1,0,1,0,40,23,0,0,3,0,28,0,0,0,1,0,14,0,0,0,32,4,0,0,1,2,0,0,0,15,0,0,0,0,0,0,0,0,2,0,3,9,1,0,3,0,0,0,1,0,0,2,0,1,1,3,0,0,0,2,0,13,1,0,0,0,0,8,1,0,0,0,0,1,0,7,0,0,0,2,1,0,1,7,0,2,5,5,1,0,0,0,1,0,0,0,0,0,0,17,0,2,2,8,0,0,1,49,1,0,5,0,1,5,0,0,0,1,0,1,0,0,12,0,0,0,0,0,1,3,0,0,0,0,0,1,0,0,0,0,1,0,0,0,0,8,10,0,0,1,0,0,0
2,1805,COLÉGIO PASSIONISTA N. S. MENINA,"RUA BOM JESUS, 881 - A",CABRAL,-25.41481835,-49.25088176,16,0,4338,3168,167,94,0,1,3,7,31,1,2,4,12,2,0,0,0,21,0,31,1,18,4,6,1,10,25,0,2,0,3,5,0,0,0,0,4,0,1,0,0,3,6,0,17,4,0,2,12,0,2,1,1,0,0,0,0,0,9,0,4,6,0,0,2,49,0,0,34,5,8,0,0,25,0,13,1,0,70,0,4,2,2,0,0,1,6,1,0,4,0,0,0,1,3,1,0,3,2,0,1,2,1,3,5,0,5,0,2,69,3,0,3,8,7,14,0,0,12,0,0,0,0,3,0,3,1,5,7,0,0,0,1,0,0,4,12,0,36,1,12,0,9,3,4,0,0,0,2,36,0,17,36,20,18,2,0,6,8,29,8,0,0,0,2,5,2,6,12,3,0,4,0,5,35,0,0,1,0,3,8,0,0,5,0,1,0,0,0,7,0,0,1,7,0,3,0,4,1,1,7,8,1,0,1,0,1,0,0,3,2,0,2,0,0,0,0,0,0,0,0,0,0,6,1,0,2,0,0,0,52,0,0,0,0,18,2,0,0,0,1,0,0,19,45,2,5,12,0,3,0,0,7,5,0,0,0,28,8,0,0,6,42,3,2,7,9,0,27,0,17,0,4,0,20,0,1,2,0,0,28,4,4,1,1,4,0,0,0,3,1,0,0,6,0,16,21,0,0,47,3,0,22,7,2,1,0,0,4,1,1,0,1,0,2,0,0,2,1,0,0,0,0,1,0,1,0,0,0,3,0,0,5,2,0,0,1,0,2,0,0,1,0,0,0,0,0,0,1,0,0,7,0,0,0,0,0,0,1,0,0,0,0,0,0,2,0,0,0,0,0,2,0,0,0,0,0,0,0,0,0,0,0,0,0,0,0,0,0,0,1,0,0,0,1,0,0,0,2,0,0,2,0,0,0,0,0,0,0,0,0,1,0,5,0,0,0,1,2,0,0,0,1,2,0,4,0,0,0,1,2,0,0,0,0,60,0,0,1,1,4,44,0,6,0,4,0,0,12,0,0,3,3,3,0,0,61,101,1,0,3,0,1,5,0,2,0,2,11,6,0,7,0,0,1,2,2,0,0,1,0,0,0,1,1,0,0,8,0,0,0,1,1,1,0,1,1,6,14,45,13,7,0,0,0,1,0,0,48,0,0,2,0,0,3,2,7,0,1,6,0,6,0,2,0,1,0,1,0,0,0,0,2,0,0,0,0,0,3,8,3,0,0,0,0,0,0,0,0,0,1,0,2,3,0,0,4,1,0,0,0,0,1,34,12,3,0,0,2,1,4,0,0,4,2,0,0,0,0,0,0,0,0,0,0,1,0,0,0,0,0,0,0,1,0,10,0,2,0,1,0,22,2,7,2,24,4,0,1,0,0,1,0,2,0,29,43,10,0,0,0,18,0,0,0,4,3,1,0,1,0,10,0,0,0,3,0,0,0,0,79,0,1,0,0,1,3,2,0,1,1,0,13,2,3,0,0,1,0,0,1,0,0,0,0,1,0,1,0,0,4,5,20,2,0,0,0,0,26,2,0,0,0,4,2,2,6,3,0,0,7,7,0,1,1,2,14,1,7,5,0,0,14,0,0,0,0,0,0,2,55,0,3,2,7,0,3,1,2,1,12,1,0,3,22,0,0,0,2,0,4,0,0,33,0,0,0,3,1,0,5,0,0,0,0,2,0,0,0,0,0,1,0,0,3,5,15,1,0,3,0,0,0,0
2,1880,ESCOLA ESTADUAL CRUZEIRO DO SUL,RUA BUDA 8,SANTA CANDIDA,-25.36718325,-49.21023656,53,0,2897,2049,253,110,0,5,1,4,14,2,0,1,3,1,0,0,2,6,1,17,0,22,0,1,2,0,31,0,6,1,2,0,1,0,0,62,1,0,0,0,0,0,26,0,1,4,1,1,37,0,1,0,0,0,0,0,0,0,1,1,1,2,0,1,2,35,0,18,4,5,0,1,0,6,1,4,1,1,3,1,0,0,3,0,0,2,4,0,0,0,0,0,0,1,1,1,2,0,1,0,0,2,2,2,7,0,0,0,0,3,0,0,0,3,0,1,0,0,1,0,1,1,0,0,0,1,0,6,2,0,0,0,0,0,0,3,2,0,4,1,8,0,7,2,3,0,0,1,0,10,0,7,8,3,5,0,0,1,14,17,4,0,1,1,5,0,1,7,5,2,0,6,0,10,6,0,0,1,0,0,0,0,0,0,0,1,0,0,1,1,0,0,0,0,0,0,0,0,0,0,6,2,0,0,7,0,0,0,0,0,0,0,1,0,0,0,1,0,0,0,0,0,0,0,0,0,0,0,0,0,17,0,0,0,2,5,1,0,0,0,0,0,0,11,9,0,0,22,0,1,1,0,0,1,0,0,0,0,1,0,0,0,21,1,2,0,3,0,26,0,4,0,0,0,15,2,0,0,0,1,13,0,5,4,1,0,0,0,5,0,2,1,1,0,0,5,7,0,0,8,2,0,9,2,0,0,0,0,1,1,0,4,2,0,0,0,0,2,1,2,0,1,0,0,0,1,0,0,0,1,0,0,0,0,4,0,0,0,4,5,0,0,1,0,0,0,0,0,3,0,0,2,0,0,0,0,0,0,0,0,0,0,3,0,0,0,0,0,1,0,0,1,0,0,0,0,0,0,0,0,0,0,0,2,0,0,0,0,0,0,3,0,2,0,0,0,0,0,0,0,0,9,0,0,0,0,0,0,0,6,0,3,0,4,0,0,0,0,0,0,0,0,0,2,0,2,0,2,0,0,1,11,0,0,1,19,0,0,0,0,2,3,0,3,0,0,0,0,4,0,0,0,2,2,4,0,6,12,0,0,0,0,0,0,0,1,0,0,1,2,0,0,0,0,0,0,0,0,0,0,0,0,1,10,0,0,0,3,0,0,0,0,0,0,0,0,1,1,1,14,0,0,0,0,0,3,3,1,12,0,0,0,0,0,0,0,0,0,0,0,0,0,0,178,0,0,1,2,0,0,0,0,0,0,2,0,0,0,3,0,0,0,0,2,0,0,0,0,0,1,0,0,5,32,7,0,0,0,0,0,0,2,0,6,4,0,0,0,3,0,9,0,0,2,1,1,1,0,0,0,1,0,0,0,0,0,8,0,0,1,0,2,0,1,0,5,1,22,0,1,0,8,2,0,2,0,8,0,2,0,0,4,0,0,0,25,17,0,0,6,0,22,1,0,0,0,0,4,0,0,0,22,0,1,0,0,32,3,0,0,17,1,0,0,2,0,0,0,2,0,0,0,9,5,1,0,0,0,0,0,0,1,0,0,0,0,0,0,2,0,0,0,3,0,0,0,0,0,10,1,0,0,0,0,1,0,18,0,0,0,5,1,0,0,2,0,2,14,19,0,5,0,3,1,0,1,0,0,0,2,60,0,1,2,3,0,0,1,7,0,0,25,0,2,6,0,0,0,1,0,0,1,0,4,0,0,0,1,2,0,0,0,0,0,0,0,0,0,0,0,2,0,0,0,0,0,4,3,0,1,0,1,0,1
2,1899,COLEGIO ESTADUAL PROFESSOR ALGACYR MUNHOZ MAEDER,"RUA SEBASTIAO ALVES FERREIRA, 1164",BAIRRO ALTO,-25.40423001,-49.206835,36,0,7439,5293,478,288,0,9,6,3,31,5,1,2,20,0,5,0,1,5,3,29,0,13,1,11,3,7,41,2,27,2,1,0,0,3,1,7,6,0,3,0,1,0,63,0,4,4,5,1,934,2,0,2,0,10,0,1,0,0,0,0,1,2,0,0,2,66,0,2,16,4,4,0,0,8,17,9,2,2,13,0,0,0,3,0,0,3,6,7,0,2,0,0,1,2,1,2,2,6,0,0,5,1,1,4,18,1,0,0,2,14,0,0,0,6,2,1,0,0,6,0,1,4,0,1,0,2,0,11,1,0,0,0,1,8,0,0,7,0,8,2,20,0,5,3,3,0,0,3,1,18,0,22,29,21,15,0,0,3,16,39,7,0,1,1,4,0,2,17,7,6,8,8,1,16,14,0,0,8,1,1,1,0,0,2,0,5,4,0,0,1,1,1,0,4,1,3,0,1,0,0,2,2,0,0,5,0,4,0,0,6,1,0,2,0,0,0,0,0,0,6,2,0,0,0,0,0,0,0,0,0,42,0,0,0,1,4,4,0,3,1,1,0,0,95,30,0,0,37,0,5,1,1,0,1,0,0,0,1,2,1,0,1,24,3,13,10,10,0,22,0,34,0,1,2,28,5,0,0,0,39,17,1,15,6,3,2,0,0,6,2,0,6,0,10,1,19,29,0,0,37,3,2,13,4,2,0,0,0,3,2,0,7,1,0,1,0,0,0,1,0,0,0,0,2,0,0,0,0,1,0,2,0,1,0,30,0,4,0,2,0,0,0,2,0,0,0,0,0,0,0,0,8,0,0,0,0,3,0,0,0,1,0,2,0,0,0,0,0,1,0,0,3,3,0,0,0,0,0,1,0,0,0,0,0,0,0,1,0,0,0,0,0,0,1,0,0,0,0,0,0,0,4,36,0,0,0,2,0,2,0,43,4,4,6,0,0,0,7,0,0,0,0,0,60,0,8,0,3,2,2,0,1,0,0,0,25,0,5,0,0,16,6,0,3,0,0,0,2,8,0,0,3,2,4,1,3,14,63,0,0,2,0,0,1,0,0,0,2,1,2,0,0,0,1,0,0,0,0,0,3,0,0,0,11,0,2,1,6,2,0,0,0,0,0,0,6,0,0,3,54,6,0,25,0,0,0,3,1,14,0,0,1,0,0,1,2,1,0,0,0,0,0,1,0,0,2,0,0,1,0,0,0,1,0,118,2,1,1,1,2,0,0,0,2,0,1,1,0,0,1,0,0,9,62,0,0,3,0,0,0,0,1,0,9,13,1,0,0,8,1,19,0,0,35,3,1,0,2,0,0,1,0,0,0,2,1,2,1,0,2,0,2,0,0,0,7,1,16,0,0,1,5,1,0,1,2,18,1,0,0,0,4,3,0,0,50,23,0,0,5,0,54,0,0,0,0,0,8,1,0,2,82,2,1,0,0,1,1,0,1,66,0,0,4,0,0,1,2,0,0,0,0,10,0,0,2,0,0,3,1,0,0,0,0,0,1,6,0,0,0,5,0,19,4,0,0,0,0,23,1,0,2,0,2,5,7,6,5,1,4,7,2,4,3,4,0,13,30,58,0,5,1,10,4,0,1,3,0,0,4,31,1,9,10,11,0,1,0,4,4,0,181,1,6,24,2,5,0,2,0,0,0,0,7,0,3,0,4,4,0,4,0,0,1,0,0,1,0,0,1,130,2,0,7,1,1,12,4,22,0,0,4,1,1
2,1988,COLEGIO ESTADUAL  ERMELINO DE LEAO,AV NOSSA SENHORA DE NAZARE  900,BOA VISTA,-25.39208318,-49.24743269,34,0,5949,4139,271,172,0,4,3,3,32,4,3,3,11,3,4,1,0,8,3,41,2,23,1,10,4,10,34,4,3,1,0,3,5,1,0,2,2,1,2,0,0,2,33,0,8,3,3,0,44,0,0,3,1,3,0,0,0,0,4,0,3,3,0,0,1,65,1,6,17,7,3,0,0,18,0,4,3,0,19,4,0,0,6,0,0,0,9,0,0,7,0,0,1,2,0,2,1,0,2,0,1,12,0,2,3,2,1,3,5,43,2,0,0,10,3,2,1,0,5,0,4,0,0,3,0,2,0,4,6,2,0,1,2,3,0,5,8,0,23,0,18,0,12,2,4,0,1,5,1,16,1,25,40,28,14,1,0,6,15,42,6,0,0,0,28,4,7,43,17,3,0,8,1,6,28,0,3,0,0,2,1,1,0,4,0,2,3,0,0,5,0,0,0,5,0,5,1,1,1,1,11,2,0,1,2,0,4,0,0,0,2,0,5,1,1,0,1,0,0,0,0,0,0,0,0,0,3,0,0,0,65,0,0,0,0,12,3,0,0,1,1,3,1,24,47,2,0,51,0,5,0,1,24,4,0,0,0,7,11,0,1,8,239,0,4,11,8,1,42,3,12,0,2,0,48,2,0,0,0,2,31,2,12,8,0,5,0,0,6,0,5,0,1,2,0,16,43,0,1,41,4,0,29,2,1,5,1,0,1,0,0,12,4,0,1,0,0,1,12,1,2,0,0,0,0,0,2,2,0,0,7,0,1,0,8,0,0,1,0,2,0,0,0,0,0,0,0,1,3,0,0,12,1,0,0,9,2,0,0,1,0,0,0,1,0,1,0,0,3,0,2,1,0,0,0,10,0,0,0,0,0,0,0,0,0,0,0,5,0,0,129,0,0,0,0,0,0,0,1,0,0,3,2,0,0,0,0,0,0,3,3,2,0,21,0,1,0,0,0,0,0,0,0,1,1,11,0,2,0,0,17,10,0,0,1,46,0,2,0,0,3,11,0,4,0,1,0,2,11,0,1,1,3,3,0,9,25,67,0,1,5,0,0,12,1,3,2,0,1,14,0,0,0,0,2,0,0,0,0,2,1,0,0,1,2,1,1,5,0,0,1,0,1,0,0,6,1,2,85,41,8,1,0,1,0,4,0,1,17,0,1,5,0,1,4,1,1,0,0,1,0,8,0,1,0,0,0,0,1,0,0,0,1,0,9,0,0,1,1,5,0,0,0,0,0,0,0,0,0,14,3,0,6,17,1,0,3,0,0,3,0,0,0,19,6,1,0,0,11,2,15,0,0,5,5,1,1,0,0,0,0,0,0,0,0,4,2,0,1,3,0,3,0,0,0,6,3,7,0,5,0,18,8,5,12,35,10,1,1,4,2,2,0,0,0,60,34,4,0,1,0,39,0,0,1,3,2,0,0,0,0,26,3,1,0,0,1,0,0,0,58,0,1,0,0,1,1,0,0,3,0,0,9,2,1,0,0,5,1,0,0,2,0,0,0,4,3,0,1,1,2,2,18,5,0,0,0,0,40,8,0,0,0,0,7,0,15,1,1,0,6,5,2,0,4,2,13,12,7,1,2,0,21,1,0,0,0,0,0,5,26,0,13,4,8,0,5,2,35,4,2,20,0,19,8,1,1,0,4,0,3,0,0,31,0,0,1,6,5,0,5,0,0,0,0,0,0,1,0,0,4,1,0,0,0,10,20,4,0,2,0,1,0,0
2,1996,ESCOLA MUNICIPAL PROFESSOR RICARDO KRIEGER,"RUA MARIA GERONASSO DO ROSARIO, 346",BOA VISTA,-25.38429345,-49.23731129,34,0,2233,1713,118,110,0,1,3,5,24,0,1,2,7,1,0,2,0,8,0,12,0,9,1,2,1,9,13,0,4,1,0,3,0,0,0,0,1,0,1,0,2,0,21,0,1,0,5,0,15,4,0,0,0,0,0,0,0,0,0,0,0,1,0,1,2,33,0,2,9,2,0,0,0,4,0,6,1,0,10,0,0,0,3,0,0,1,4,0,1,1,0,0,0,0,1,0,0,1,0,0,5,1,1,1,0,1,0,1,0,17,1,0,0,1,1,1,1,0,3,0,0,0,0,4,0,1,0,2,3,0,0,0,0,0,0,0,3,0,9,0,6,0,2,1,0,0,0,1,0,8,0,8,12,18,10,1,0,2,7,9,2,1,1,1,18,0,2,7,6,1,0,2,1,6,7,0,0,0,0,0,0,0,0,2,0,0,1,1,0,2,0,0,0,3,0,0,0,0,0,0,4,6,0,0,1,0,1,0,0,0,0,0,0,0,0,0,0,0,1,0,3,0,0,0,0,0,1,0,1,0,14,0,0,0,0,4,2,0,0,0,0,0,0,13,7,0,0,22,0,1,0,0,1,1,0,0,0,4,3,0,0,2,76,2,3,0,2,1,14,1,7,0,1,0,19,0,0,0,0,0,15,0,1,2,0,0,0,0,3,0,0,0,1,0,2,11,17,1,0,10,0,0,9,6,0,0,0,0,1,0,0,3,4,0,0,0,0,1,6,1,0,0,0,0,0,0,0,0,0,0,7,0,0,0,6,0,0,0,0,0,0,0,0,0,0,0,0,0,2,0,0,0,0,0,0,0,0,0,2,0,0,0,3,0,0,0,0,0,0,0,0,0,0,0,0,2,0,0,0,0,0,0,0,0,2,0,0,3,0,0,21,0,0,0,0,0,0,0,0,0,3,1,0,3,0,0,0,0,0,0,0,1,0,1,0,2,0,0,0,0,0,0,0,3,0,0,0,3,1,0,12,3,0,0,0,21,0,0,0,0,2,5,0,0,0,1,0,0,4,0,0,0,0,0,0,0,12,33,0,0,0,0,0,2,0,0,0,1,0,0,0,2,0,0,1,1,0,0,0,0,1,0,0,2,0,0,1,1,0,0,0,0,3,0,0,1,0,0,34,28,10,0,0,0,0,1,0,0,11,0,0,2,0,1,0,1,0,0,1,0,0,2,0,6,0,0,0,0,0,0,0,0,2,0,4,0,0,0,0,0,0,0,0,0,0,0,0,0,0,3,1,0,3,16,0,0,1,0,0,0,0,2,0,5,2,0,0,0,6,0,16,0,0,1,2,0,0,0,0,0,0,0,0,0,0,1,3,0,0,1,0,1,0,0,1,7,0,5,0,2,0,5,12,1,2,8,8,1,1,0,0,2,0,0,0,28,11,2,0,0,0,18,0,0,0,0,0,5,2,0,0,19,3,0,0,0,0,1,0,0,26,0,1,0,1,0,1,0,0,4,1,0,9,2,0,6,0,0,0,0,0,3,0,0,0,2,0,1,0,0,3,0,6,3,0,0,0,0,18,4,0,0,0,0,2,0,4,0,0,0,2,1,2,0,5,0,5,6,5,2,2,0,6,0,0,0,2,0,0,0,9,1,5,1,3,0,0,6,31,1,0,8,0,2,12,0,0,0,2,0,2,0,0,4,0,0,1,1,2,0,0,0,0,0,1,0,1,0,0,0,0,1,0,0,0,0,10,0,0,0,0,0,0,0
2,2003,COLEGIO ESTADUAL PAPA JOAO PAULO I,R MARIA GERONASSO DO ROSARIO  259,BOA VISTA,-25.3842462,-49.23793332,34,0,4227,2971,277,155,0,1,8,3,36,2,0,4,11,1,5,1,0,8,3,27,1,17,0,8,1,6,16,0,3,1,0,3,0,4,0,4,6,1,4,0,0,2,32,1,4,0,1,0,33,0,0,1,0,4,0,0,0,0,0,0,1,0,0,1,2,50,0,8,17,6,8,1,0,9,0,1,2,0,16,2,0,0,8,0,0,2,6,1,2,7,0,1,0,1,1,4,1,2,1,0,3,5,0,1,4,0,1,0,2,15,1,0,0,6,0,3,0,0,7,0,1,0,0,3,0,0,2,1,4,0,0,0,2,0,0,2,5,0,11,0,10,1,13,3,1,0,0,2,0,6,0,17,18,15,18,0,0,5,11,35,6,1,1,1,23,2,3,25,10,4,0,9,0,13,11,0,3,5,0,1,0,0,0,4,1,1,3,0,0,3,0,1,0,7,0,1,0,2,0,1,2,3,0,0,4,0,1,0,0,0,1,0,0,1,0,0,0,0,0,0,0,0,0,0,0,0,1,0,0,0,24,0,0,0,0,9,4,0,1,0,0,0,1,12,12,0,0,44,1,3,2,2,1,8,0,0,0,3,2,0,0,3,141,0,7,5,8,0,34,0,14,1,1,2,32,0,0,2,0,0,26,0,3,3,0,0,1,2,4,1,0,1,2,3,2,17,24,0,0,20,6,0,11,3,0,0,0,0,0,0,0,2,5,0,0,0,1,0,5,0,0,0,0,0,0,1,0,1,0,0,12,0,0,0,4,0,0,0,2,2,0,0,2,0,1,0,0,0,3,0,0,3,0,0,0,0,1,0,1,0,0,0,8,0,0,1,0,0,2,0,0,0,0,0,0,1,0,0,0,0,0,0,0,0,2,0,0,4,0,0,43,0,0,0,0,0,0,2,1,0,1,2,4,4,0,0,1,0,0,1,0,1,0,2,3,0,0,0,1,0,0,0,0,2,0,6,0,1,1,0,13,14,0,0,0,32,0,0,0,0,17,3,0,2,0,4,0,1,6,0,0,1,2,0,0,3,13,48,0,0,0,1,0,2,0,0,0,0,1,4,0,0,0,0,1,0,0,0,0,1,1,0,0,8,0,0,0,6,0,0,0,1,6,0,0,2,1,0,47,21,26,0,2,0,5,5,0,1,5,0,0,0,0,0,0,1,0,0,0,0,0,6,0,5,0,0,1,1,1,0,0,1,1,0,2,0,0,0,0,1,5,0,0,1,0,0,0,0,0,11,2,0,5,41,2,1,5,0,0,0,0,0,1,13,6,0,0,0,8,0,14,0,0,5,0,0,0,0,0,0,0,0,0,0,0,4,1,0,0,1,0,2,0,0,3,2,1,2,0,0,0,9,28,2,4,7,9,2,0,1,0,3,0,0,0,50,15,0,0,3,1,32,1,0,1,0,0,13,0,0,0,44,1,0,0,0,1,0,0,0,33,0,0,0,5,0,1,0,0,10,0,0,12,0,0,5,0,2,0,0,0,1,0,1,0,0,2,0,1,2,0,0,11,1,0,1,0,0,19,2,0,0,0,0,4,0,15,2,0,3,8,4,0,1,4,0,5,15,11,0,6,0,7,1,0,2,2,0,0,3,19,2,10,3,11,1,1,0,49,1,1,20,0,1,8,0,0,0,8,0,2,0,0,5,1,0,0,2,1,0,12,0,0,1,0,0,0,0,0,0,1,2,1,0,0,1,17,6,0,0,0,0,0,0
2,2011,COLEGIO ESTADUAL ANGELO GUSSO,"RUA JULIO PEDROSO DE MORAIS, 10",BOA VISTA,-25.3884335,-49.25934738,34,0,3582,2556,188,133,0,1,4,1,16,3,0,5,10,0,2,0,0,4,1,16,2,20,0,3,0,2,17,1,2,0,0,1,5,0,0,0,1,0,2,0,0,3,10,0,2,1,6,0,10,2,0,1,1,1,0,0,0,0,1,0,1,2,0,1,1,51,0,4,8,5,2,0,1,8,0,2,3,0,19,10,0,0,5,0,0,0,1,1,0,2,0,0,0,0,0,1,0,5,3,0,2,6,0,1,10,0,0,3,0,24,3,0,0,6,1,3,0,0,3,0,0,0,0,1,0,4,0,10,1,4,0,0,4,0,0,0,3,0,15,0,10,0,4,0,2,0,0,2,0,14,2,12,20,15,12,0,1,7,8,25,8,0,0,1,4,0,2,18,8,1,0,7,1,5,10,0,0,8,0,1,0,0,0,1,0,1,2,0,0,2,0,0,0,2,2,0,0,1,0,2,3,2,0,1,2,0,1,0,0,1,0,0,0,0,0,0,1,0,1,0,0,0,0,0,0,0,1,0,0,0,24,1,1,0,0,9,1,0,0,0,0,3,0,12,30,3,0,21,0,11,1,0,22,1,0,0,1,3,7,0,0,2,262,1,4,2,4,0,14,1,2,0,3,0,33,1,0,1,0,0,20,3,14,4,0,1,0,0,6,0,0,0,0,2,0,8,27,0,0,31,6,0,10,2,2,2,0,0,2,0,0,5,1,0,2,0,0,0,4,0,0,0,0,0,0,0,0,1,0,1,3,0,0,0,1,0,1,1,0,1,0,0,0,0,1,0,1,0,0,0,0,3,0,0,0,6,1,0,0,1,0,0,3,0,0,0,0,0,0,0,0,0,0,0,0,19,0,0,0,0,0,0,0,0,0,0,0,31,0,0,56,0,0,0,0,0,0,1,2,0,0,3,0,0,0,0,0,0,0,1,0,2,0,13,2,0,0,2,1,0,0,0,0,0,0,1,0,2,2,1,21,0,0,0,0,24,0,1,0,0,3,9,0,8,0,4,1,0,6,0,0,3,1,2,0,7,17,37,0,0,0,0,0,1,0,0,0,0,3,4,0,0,0,0,0,0,0,0,0,0,0,0,0,1,0,0,0,6,0,0,0,1,0,1,0,3,0,2,14,27,7,1,0,0,0,2,4,0,10,0,0,0,0,2,1,0,2,2,0,0,0,6,0,1,0,1,0,2,0,0,0,0,0,0,7,0,0,0,1,5,3,0,0,0,0,0,0,0,1,0,0,0,7,7,3,0,3,0,0,0,0,0,0,7,10,1,0,0,6,0,10,0,0,2,0,1,5,0,0,0,0,0,1,0,0,2,0,0,0,0,0,2,0,0,0,2,4,7,0,1,1,12,0,2,8,9,18,1,1,0,2,0,0,0,0,26,16,1,0,0,0,19,0,1,0,1,0,1,0,0,0,37,17,0,0,2,3,1,1,0,55,1,0,0,2,0,2,0,0,1,0,0,13,3,0,0,0,0,1,0,0,0,0,0,0,2,0,0,0,0,1,1,11,2,0,0,0,1,23,0,0,0,0,0,6,0,10,0,0,0,6,4,0,1,1,0,5,6,6,0,0,0,10,0,0,0,0,0,0,1,15,0,6,7,6,0,5,0,12,1,1,3,1,4,6,0,0,0,0,0,1,0,0,6,0,0,0,4,4,0,3,0,0,0,0,0,0,0,0,0,0,0,0,0,0,2,16,3,0,0,0,0,0,0
2,2020,COLEGIO POSITIVO BOA VISTA,"RUA CARLOS DE CAMPOS, 1090",BOA VISTA,-25.39211877,-49.24270216,34,0,7146,5376,353,276,0,5,4,7,62,3,1,5,14,4,1,0,0,26,6,50,0,32,4,8,5,25,55,2,7,1,0,5,3,0,0,0,18,0,1,0,1,3,32,1,8,4,6,1,50,2,1,4,0,0,0,0,0,0,5,0,4,4,0,1,2,94,0,0,34,8,7,0,0,30,6,10,6,0,30,9,0,1,7,1,0,3,16,0,0,17,0,0,0,10,1,3,1,4,0,0,3,15,0,2,14,0,2,1,1,46,0,0,0,9,0,8,0,0,13,0,1,0,0,1,1,3,3,2,13,2,0,0,2,1,0,0,17,0,36,0,15,0,9,5,2,2,2,5,1,23,1,25,43,25,31,0,1,4,21,45,9,1,0,3,19,4,9,27,23,3,0,17,1,15,56,0,0,2,1,3,3,0,0,6,1,4,0,0,0,4,0,0,0,10,3,5,1,1,5,0,10,20,0,0,9,0,3,0,0,0,1,0,0,0,0,0,1,0,1,0,0,0,0,0,2,0,1,0,0,1,97,0,0,0,0,16,2,1,0,1,1,1,0,50,45,3,1,71,1,2,1,0,13,5,0,0,0,3,10,0,0,7,244,1,7,7,21,0,43,1,11,0,2,1,34,10,0,5,0,0,40,1,8,10,4,6,2,0,10,3,5,2,0,10,0,15,39,0,4,56,1,0,24,4,2,3,0,0,2,1,0,8,4,2,2,0,0,4,5,3,0,0,0,0,1,1,2,0,0,0,8,0,0,0,6,0,0,0,1,2,0,0,0,0,2,0,1,0,6,0,0,13,0,0,0,1,1,1,0,1,0,0,9,0,3,1,0,0,0,0,0,0,1,0,0,13,0,0,2,0,0,0,0,0,1,0,0,3,0,0,113,2,0,1,0,0,0,0,1,0,0,6,1,0,0,0,2,0,0,0,0,5,0,13,0,0,0,0,0,0,1,1,0,0,2,8,0,7,3,0,38,9,0,1,0,82,0,0,0,0,0,19,1,9,1,3,0,1,17,0,1,3,5,6,1,8,53,119,0,0,6,0,0,9,1,1,0,4,13,9,0,0,0,0,0,0,0,0,0,0,0,0,1,5,1,0,1,8,0,0,0,0,0,0,0,1,0,3,115,58,22,0,1,0,0,2,1,0,16,1,0,4,0,0,3,0,1,0,0,4,1,13,0,6,0,4,0,0,0,0,0,0,3,0,6,0,0,0,2,2,4,0,0,0,0,0,5,0,0,11,1,0,2,25,0,1,7,0,0,0,0,3,0,34,22,0,0,0,36,1,16,0,0,9,0,0,3,2,0,0,1,0,0,0,2,3,1,0,0,0,0,1,2,0,0,12,2,10,1,0,1,28,30,4,5,54,26,1,0,0,1,4,0,7,0,76,37,5,0,5,0,72,0,0,0,5,0,2,1,1,2,40,4,0,1,1,4,2,0,0,87,0,0,0,5,0,2,0,0,5,0,1,17,2,0,6,0,6,0,0,0,0,0,0,0,3,0,0,0,0,10,4,16,1,0,0,0,0,48,2,0,2,1,1,6,0,8,0,0,0,12,6,4,3,0,3,21,13,6,7,0,1,19,1,0,0,1,0,0,1,32,0,21,8,15,0,7,3,42,4,7,16,0,11,19,0,0,0,6,0,2,2,0,29,0,0,0,6,5,1,10,0,0,0,0,0,1,1,0,0,1,3,0,0,0,10,35,11,0,1,0,0,0,0
2,2038,COLÉGIO ADVENTISTA UNIDADE BOA VISTA,"RUA FERNANDO DE NORONHA, 470",SANTA CANDIDA,-25.3815724,-49.23564726,53,0,3078,2030,223,110,0,0,2,1,18,2,0,1,3,1,0,0,0,6,4,6,0,8,0,2,0,5,17,0,3,0,1,0,1,0,0,8,2,0,1,0,1,2,35,0,0,1,0,0,22,1,0,0,0,2,1,0,0,0,0,1,1,0,0,3,0,20,0,0,10,4,0,0,0,6,1,5,0,0,17,3,0,1,2,0,0,1,3,2,0,3,0,1,0,0,2,2,1,1,0,0,3,5,3,1,10,0,1,1,0,20,2,0,0,2,0,0,0,0,6,0,2,1,0,1,0,2,1,1,4,1,0,0,1,0,0,2,3,0,14,0,3,1,8,2,2,0,2,2,0,4,3,18,27,24,16,1,0,5,10,16,3,0,1,2,6,0,1,6,5,5,0,1,1,16,13,0,1,2,1,0,0,0,0,0,0,0,0,0,0,1,0,0,0,1,0,3,0,0,0,1,4,0,0,0,0,0,0,0,0,0,2,0,1,0,0,1,1,0,0,0,0,0,0,0,0,0,0,0,0,0,26,0,0,0,0,4,1,1,0,0,1,0,0,13,11,1,1,30,0,7,4,1,0,2,0,0,0,0,5,1,0,4,55,0,1,3,7,0,11,0,7,0,0,0,22,5,0,2,0,0,10,0,3,7,3,0,0,0,4,0,0,0,1,2,1,14,21,0,1,19,1,2,13,1,0,2,0,0,1,0,0,0,1,0,1,0,0,1,6,0,0,0,0,0,0,0,0,0,0,1,2,0,0,0,3,0,0,0,1,0,0,0,0,0,2,0,0,0,2,0,0,0,0,0,0,0,0,0,0,0,0,0,1,0,0,0,0,1,0,0,0,1,1,0,0,0,0,0,1,0,0,0,1,0,0,0,0,1,0,0,6,0,0,0,0,0,0,0,1,0,0,4,0,0,0,0,1,0,0,1,0,1,0,8,0,0,0,0,0,0,0,0,0,0,0,1,0,4,0,0,5,11,0,1,0,22,0,0,0,0,1,6,0,3,0,0,0,1,5,0,0,1,1,2,0,1,19,45,0,0,0,0,0,3,1,2,0,0,2,6,0,0,0,0,0,0,0,0,0,0,1,0,0,4,0,0,2,1,0,0,0,0,2,0,0,1,0,1,16,21,15,0,0,0,1,1,1,0,7,0,0,1,0,0,0,0,0,1,0,0,0,2,0,11,0,0,0,0,1,0,0,0,1,0,3,0,0,1,0,2,0,1,0,0,0,0,0,0,0,1,0,0,8,21,0,0,1,1,0,0,0,0,0,7,10,1,0,0,6,0,10,1,0,2,0,0,0,2,0,0,0,0,0,0,1,1,2,0,0,0,1,0,0,0,0,3,0,8,0,0,0,21,2,3,4,7,5,0,1,0,0,7,1,1,0,34,10,1,1,2,0,18,1,0,0,1,0,2,0,0,1,36,3,1,0,0,0,0,0,0,46,0,0,0,1,0,0,1,0,1,0,0,18,0,0,2,0,1,0,0,0,0,0,0,0,2,1,0,2,0,0,0,13,1,0,1,0,1,41,5,0,0,0,2,1,0,9,2,0,0,1,0,3,0,7,0,3,11,7,1,4,0,4,1,0,0,1,0,0,0,10,0,1,0,0,0,1,0,13,3,1,3,1,3,6,0,2,0,0,0,0,0,2,10,0,0,0,0,1,0,0,0,0,0,0,0,1,0,0,0,0,0,1,2,0,1,7,2,2,0,0,0,1,0
2,2054,ESCOLA INTERATIVA,RUA JOSÉ ANTÔNIO LEPREVOST. 331,SANTA CANDIDA,-25.377812,-49.230313,53,0,238,205,28,11,0,0,0,0,3,0,0,0,1,0,0,0,0,0,0,1,0,2,0,0,0,0,1,0,0,0,0,0,0,0,0,0,0,0,0,0,0,0,13,0,0,0,0,0,0,0,0,0,0,0,0,0,0,0,0,0,0,0,0,0,0,4,0,1,0,0,0,0,0,0,0,0,1,0,1,0,0,0,0,0,0,0,0,0,0,0,0,0,0,0,0,3,0,0,0,0,0,0,1,1,1,0,0,0,0,1,0,0,0,0,0,0,0,0,2,0,0,0,0,0,0,0,0,0,0,0,0,0,0,0,0,0,1,0,0,0,2,0,0,0,0,0,0,0,0,3,0,0,2,2,1,0,0,0,1,3,1,0,0,0,0,0,0,0,2,0,0,2,1,1,2,0,0,0,0,0,0,0,0,0,0,1,0,0,0,1,0,0,0,0,0,0,0,0,0,1,0,0,0,0,0,0,0,0,0,0,0,0,0,0,0,0,0,0,0,0,0,0,0,0,0,0,0,0,0,0,1,0,0,0,0,0,0,0,0,0,0,0,0,0,1,0,0,1,0,1,2,0,0,0,0,0,0,0,0,0,0,0,10,0,0,0,1,0,3,0,0,0,0,0,0,0,0,0,0,0,1,0,1,0,0,0,0,0,2,0,0,0,0,0,0,1,5,0,0,2,0,0,0,0,0,0,0,0,0,0,0,0,0,0,0,0,0,0,1,0,0,0,0,0,0,0,0,0,0,0,1,0,0,0,1,0,0,0,0,0,0,0,0,0,0,0,0,0,0,0,0,0,0,0,0,0,0,0,0,0,0,0,0,0,0,0,0,0,0,0,0,0,0,0,0,0,0,0,0,0,0,0,0,0,0,0,0,0,0,0,1,0,0,0,0,0,0,0,0,0,0,3,0,0,0,0,0,0,0,0,0,1,0,4,0,0,0,0,0,0,0,0,0,0,0,0,0,0,0,0,0,7,0,0,0,0,0,0,0,0,0,0,0,0,0,0,0,0,0,0,0,0,0,0,0,0,1,4,0,0,0,0,0,0,0,0,0,0,0,0,0,0,0,0,0,0,0,0,0,0,0,0,0,0,0,0,0,0,0,0,0,0,0,0,0,0,0,0,0,1,0,0,0,0,0,0,0,0,1,0,0,0,0,0,0,0,0,0,0,0,0,1,0,0,0,0,0,0,0,0,0,0,0,0,1,0,0,0,0,0,0,0,0,0,0,0,0,0,0,0,0,0,0,3,0,0,0,0,0,0,0,0,0,2,0,0,0,0,0,0,0,0,0,0,0,0,0,0,0,0,0,0,0,0,0,0,0,1,0,0,0,0,0,0,0,1,0,0,0,0,0,0,0,0,1,0,1,0,0,0,0,0,1,0,0,8,0,0,0,1,0,5,0,0,0,0,0,0,0,0,0,1,0,0,0,0,0,0,0,0,5,0,0,0,0,0,0,0,0,0,0,0,2,0,0,0,0,0,0,0,0,0,0,0,0,0,0,0,0,0,0,0,0,0,0,1,0,0,0,0,0,0,0,0,0,0,1,0,0,0,0,0,0,0,0,0,0,0,0,1,0,0,0,0,0,0,0,0,0,0,1,0,0,0,0,0,0,0,0,0,0,1,0,0,0,0,0,0,0,0,0,0,0,3,0,0,0,1,0,0,0,0,0,0,0,0,0,0,0,0,0,0,0,1,0,0,0,0,0,0,0,0,0,0
2,2062,ESCOLA MUNICIPAL KO YAMAWAKI,"RUA EPAMINONDAS SANTOS, 2816",BAIRRO ALTO,-25.419938,-49.200563,36,0,278,219,17,13,0,1,1,0,1,0,0,0,0,0,0,0,0,0,0,6,1,2,0,0,0,0,2,0,2,1,0,0,0,2,0,0,1,0,0,0,0,0,7,0,0,0,0,0,12,0,0,0,1,0,0,0,0,0,0,0,1,0,0,0,0,2,0,0,2,0,0,0,0,0,0,0,0,0,0,0,0,0,0,0,0,0,0,0,0,0,0,0,0,0,0,0,0,0,0,0,0,0,0,1,0,0,0,0,2,0,0,0,0,1,0,0,0,0,2,0,1,0,0,0,0,0,0,0,1,0,0,0,0,1,0,0,0,0,0,0,0,0,0,0,0,0,0,0,0,0,0,0,3,1,1,0,0,0,2,2,0,0,0,0,0,1,0,0,1,0,0,1,0,0,2,0,0,0,0,0,0,0,0,0,0,0,0,0,0,0,0,0,0,0,0,0,0,0,0,0,0,0,0,0,2,0,0,0,0,0,0,0,0,0,0,0,0,0,0,0,0,0,0,0,0,0,0,0,0,0,0,0,0,0,0,0,0,0,0,0,0,1,0,1,0,0,0,1,0,0,0,0,0,0,0,0,0,0,0,0,0,0,0,0,0,5,0,0,1,2,2,0,0,0,3,0,1,0,0,3,0,0,1,0,0,0,2,0,1,0,0,0,0,1,0,3,2,0,0,1,1,0,0,0,0,0,0,0,0,0,0,0,0,0,0,0,0,0,0,0,0,0,0,0,0,0,0,0,0,0,0,0,0,0,0,0,0,0,0,0,0,0,0,0,0,0,0,0,0,0,0,0,0,0,0,0,0,0,0,0,0,0,0,0,0,0,0,0,0,0,0,0,0,0,0,0,0,0,0,0,0,0,0,0,0,0,0,0,0,0,0,0,0,0,0,0,0,0,0,0,0,0,2,0,0,0,0,0,0,0,1,0,0,1,0,0,0,0,0,0,0,0,0,2,0,0,0,0,0,0,0,0,0,0,0,0,0,0,0,0,0,0,0,0,0,0,0,0,0,0,0,1,0,0,0,0,2,2,0,0,0,0,0,1,0,0,0,0,3,0,0,0,0,0,0,0,0,0,0,1,0,0,0,1,0,0,0,0,0,0,0,0,0,0,0,0,0,0,0,0,1,0,2,0,0,0,0,0,0,0,0,1,0,0,0,0,0,0,0,0,0,0,0,0,0,0,0,0,0,0,0,0,0,0,6,0,0,0,0,0,0,0,0,0,0,0,0,0,0,0,0,0,0,0,0,0,0,0,0,0,0,0,0,1,0,0,0,0,0,0,1,0,0,3,0,0,0,0,0,0,0,0,0,0,0,0,0,0,0,0,0,0,0,0,0,0,1,2,0,0,0,3,0,0,0,0,3,0,0,0,0,0,3,0,0,6,2,0,0,0,0,2,0,0,0,0,0,0,0,0,0,3,0,1,0,0,0,0,0,0,6,0,0,0,0,0,0,0,0,0,0,0,0,0,0,0,0,0,0,0,0,0,0,0,0,0,0,0,0,0,0,0,0,0,0,0,1,0,1,0,0,0,0,0,0,2,0,0,0,0,0,0,2,0,0,0,1,1,0,0,1,0,0,0,0,0,0,0,0,1,0,0,0,1,2,0,0,0,0,0,0,2,0,0,0,0,0,0,0,0,1,0,0,1,0,3,0,0,0,0,0,0,0,0,0,0,0,0,0,0,2,0,0,0,0,0,0,1,0,0,0,0,0,0
2,2070,ESCOLA MUNICIPAL THEODORO DE BONA,"ESTRADA DAS OLARIAS, 1081",SANTA CANDIDA,-25.374112,-49.213234,53,0,117,94,6,7,0,0,0,0,2,0,0,0,0,0,0,0,0,0,1,1,0,2,0,0,0,1,0,0,0,0,0,0,0,0,0,0,0,0,0,0,0,1,0,0,0,0,0,0,1,0,0,0,0,0,0,0,0,0,0,0,0,0,0,2,0,3,0,1,0,0,0,0,0,0,0,0,0,0,0,0,0,0,0,0,0,0,0,0,0,0,0,0,0,0,0,0,0,0,0,0,0,0,0,0,0,0,0,0,0,0,0,0,0,0,0,0,0,0,0,0,0,0,0,0,0,0,0,0,0,0,0,0,0,0,0,0,0,0,0,0,2,0,0,0,0,0,0,0,0,1,0,0,0,0,0,0,0,0,2,1,0,0,0,0,0,0,0,0,0,1,0,0,0,0,0,0,0,0,0,0,0,0,0,0,0,0,0,0,0,0,0,0,0,4,0,0,0,0,0,0,0,0,0,0,0,0,0,0,0,1,0,0,0,0,0,0,0,0,0,0,0,0,0,0,0,0,0,0,0,0,0,0,0,0,0,2,0,0,0,0,0,0,0,0,2,0,0,1,0,0,0,0,0,2,0,0,0,0,1,0,0,0,0,0,0,0,1,0,0,0,0,0,0,0,0,2,0,0,0,0,1,0,0,0,0,0,0,0,0,0,0,0,0,0,0,3,0,0,0,2,0,0,0,0,0,0,0,0,0,0,0,0,1,0,0,0,0,0,0,0,0,0,0,0,0,0,0,0,0,0,0,0,0,0,2,0,0,0,0,0,0,0,0,0,0,0,0,0,0,0,0,0,0,0,0,0,0,0,0,0,0,0,0,0,0,0,0,0,0,0,0,0,0,0,0,0,0,0,0,0,0,0,0,0,0,0,0,0,0,0,0,0,0,0,0,0,0,0,0,0,0,0,0,0,0,0,0,0,0,3,0,0,0,0,0,0,0,0,0,0,0,0,0,0,0,0,0,0,0,0,0,0,0,0,0,0,0,0,0,0,0,2,0,0,0,0,0,2,0,0,0,0,0,0,0,0,0,4,0,0,0,0,0,0,0,0,0,0,0,1,0,0,0,0,0,0,0,0,0,0,0,0,0,0,0,0,1,0,0,0,0,0,0,0,0,0,0,0,0,0,0,0,0,0,0,0,0,0,0,0,0,0,0,0,0,0,0,0,0,0,0,0,0,0,0,0,0,0,0,0,0,0,0,0,0,0,0,0,0,0,0,0,0,0,0,0,0,0,0,0,0,0,0,0,0,0,0,0,0,0,0,0,0,0,0,0,0,0,0,0,0,0,0,0,0,0,0,0,0,0,0,0,0,0,0,0,0,0,0,0,0,0,0,0,0,0,0,0,0,0,0,0,0,0,0,0,0,0,0,0,0,0,0,0,0,2,1,0,0,1,0,2,0,0,0,0,0,0,0,0,0,0,0,0,0,0,0,0,0,0,1,0,0,0,0,0,0,0,0,0,0,0,1,0,0,0,0,0,0,0,0,0,0,0,0,0,0,0,0,0,1,0,0,0,0,0,0,0,1,0,0,0,0,0,1,0,0,0,0,0,0,0,0,0,0,0,0,0,3,0,0,0,1,0,0,0,0,0,0,0,2,0,0,0,0,0,0,0,0,0,0,0,0,0,0,0,0,0,0,0,0,1,0,0,0,0,0,0,0,0,0,0,0,0,0,0,0,0,0,0,0,0,0,0,0,0,3,0,0,0,0,0,0,0
3,1023,ESCOLA ESTADUAL REPÚBLICA ORIENTAL DO URUGUAI,"AV PRES. AFFONSO CAMARGO, N. 3407, CAPAO DA IMBUIA",CAPAO DA IMBUIA,-25.4404556,-49.2289774,20,0,4369,3237,217,167,0,0,2,6,37,3,2,2,11,1,0,0,0,3,0,26,1,10,1,6,2,5,22,0,16,1,0,2,0,2,0,0,7,0,5,0,2,8,26,0,1,7,1,4,3,2,0,0,0,6,3,2,0,0,0,1,1,2,0,1,0,51,0,4,28,4,4,0,0,8,4,3,3,0,11,1,1,1,4,3,0,6,6,7,2,3,0,0,1,0,0,9,1,2,1,0,5,1,1,3,9,0,3,2,1,22,2,0,1,4,0,1,1,0,6,2,0,6,0,2,0,0,2,2,7,1,0,0,1,0,1,0,6,0,19,0,10,0,5,1,0,0,0,1,1,15,1,9,25,35,17,1,0,1,13,37,8,0,0,0,4,0,4,9,12,4,1,9,3,11,25,1,4,3,2,0,1,0,0,3,0,11,3,0,0,3,4,7,1,3,0,1,0,0,1,1,1,1,1,2,41,0,5,0,0,3,2,0,1,0,0,0,1,0,3,0,0,0,1,0,1,0,1,0,0,0,29,0,0,1,0,41,1,0,0,8,0,1,0,85,8,0,1,13,0,5,1,0,1,0,3,1,0,6,3,1,0,0,7,7,8,6,20,1,11,0,8,0,0,4,15,2,0,0,0,0,12,0,9,3,0,4,2,0,5,4,1,15,1,320,0,10,33,0,0,23,4,1,10,2,3,2,0,0,0,5,0,5,0,2,3,0,0,0,2,0,0,0,0,0,1,0,0,0,0,0,0,0,1,0,13,0,0,0,1,0,0,0,0,0,1,0,0,0,3,0,0,4,0,0,0,0,2,0,0,0,0,0,6,0,0,0,0,0,0,0,0,3,1,0,0,0,0,0,0,0,0,0,0,0,1,0,2,0,0,0,0,0,0,0,0,0,0,0,0,0,0,0,1,1,0,0,0,0,0,0,0,0,1,3,0,0,0,33,46,0,0,0,1,0,1,6,0,2,0,19,0,2,0,0,0,29,0,4,0,0,0,3,0,9,0,3,0,0,1,0,0,3,0,0,0,0,14,42,1,0,2,0,2,5,0,0,0,3,1,5,0,2,0,1,0,0,0,3,0,1,1,0,0,5,0,2,1,5,0,0,0,0,1,1,1,3,0,0,3,36,7,0,1,0,0,2,0,1,12,0,0,5,0,0,0,0,0,6,0,5,0,1,0,0,0,0,0,3,0,1,0,0,4,0,20,0,1,54,0,2,4,1,0,1,0,0,0,0,0,0,3,0,4,1,0,0,0,0,0,0,0,3,0,9,7,0,0,0,2,0,12,0,0,2,2,1,0,3,4,0,1,0,0,0,2,1,0,0,0,4,0,0,0,0,2,4,0,5,0,2,2,9,0,0,6,3,5,3,1,0,0,1,0,0,0,43,17,3,0,0,1,45,0,0,1,1,0,0,0,4,2,46,3,33,0,0,0,1,0,0,39,0,1,0,6,1,0,0,0,0,3,1,19,0,0,2,0,0,0,0,0,1,0,0,0,0,0,0,2,1,5,3,9,3,0,0,1,1,15,0,0,0,0,0,6,1,4,1,0,0,3,0,0,6,1,0,7,15,12,4,2,1,1,3,0,2,0,1,6,0,25,0,1,10,55,2,2,0,2,1,0,4,1,4,10,0,0,0,0,0,1,0,0,15,0,7,0,7,5,0,10,0,1,0,0,1,0,2,0,0,0,1,1,4,0,1,13,3,0,0,0,16,0,0
3,1058,ESCOLA MUNICIPAL IRATI,"AV JORN ADERBAL GAERTNER STRESSER, N. 775, CONJUNTO MERCÚRIO",CAJURU,-25.4702853,-49.2024938,21,0,4722,3587,295,171,0,1,3,1,22,7,0,2,9,1,0,1,2,3,3,21,0,12,0,6,3,2,33,0,14,1,1,0,0,0,0,0,1,1,18,1,0,3,46,2,1,0,1,3,2,0,1,0,1,19,0,0,0,0,1,1,1,0,0,0,3,26,1,1,13,6,5,0,0,2,0,5,0,0,10,1,0,5,4,0,0,1,10,43,0,1,0,0,4,0,1,7,1,4,0,0,3,1,3,1,13,1,1,2,18,14,4,0,2,4,2,1,0,0,1,0,2,0,0,1,0,3,0,2,4,0,0,1,0,0,0,0,6,0,7,0,16,0,10,1,1,0,0,6,0,10,0,5,11,41,6,3,0,4,7,17,2,0,0,0,3,1,18,5,1,0,3,2,3,20,8,0,1,4,0,1,1,0,0,3,0,7,5,0,1,1,7,1,2,2,1,1,0,0,1,0,2,2,0,0,340,0,4,1,0,0,2,0,1,0,0,0,0,0,1,1,1,0,1,0,0,0,0,1,0,0,16,0,0,0,0,40,3,0,1,3,0,0,0,41,11,0,0,11,1,11,1,0,0,0,0,0,1,1,1,0,0,0,2,22,6,1,19,1,14,0,4,0,4,16,13,7,0,1,0,0,12,2,21,5,0,0,0,0,7,0,0,4,3,23,0,14,15,0,0,20,2,0,9,0,2,1,0,0,1,16,0,1,1,0,6,0,0,0,0,1,1,0,0,0,0,0,0,0,1,2,0,0,0,0,12,0,1,0,1,1,0,0,1,0,0,0,0,4,1,1,0,1,0,0,1,0,0,0,1,0,0,0,1,0,1,0,0,0,3,0,0,7,0,2,0,0,0,0,3,0,0,0,0,1,1,0,2,0,0,0,0,1,0,0,0,0,0,1,0,0,0,0,0,1,0,0,0,0,0,0,0,0,0,8,0,0,0,16,0,0,0,1,0,0,0,4,1,0,0,0,0,1,0,0,0,10,0,3,1,0,0,4,0,5,0,2,0,1,4,0,0,1,4,3,0,0,7,43,0,0,2,0,0,1,0,2,0,0,0,5,0,0,0,1,1,1,0,1,0,0,0,0,0,5,0,3,0,4,2,0,1,1,0,0,7,1,2,0,2,12,10,0,1,0,2,5,1,0,7,0,0,5,2,0,1,0,1,2,0,1,0,1,1,0,0,0,0,0,1,0,0,0,3,0,7,0,1,3,0,0,0,2,0,4,0,0,0,0,0,0,3,0,2,0,1,0,1,2,0,0,0,0,0,5,1,1,0,1,7,0,20,0,0,1,8,1,0,3,0,0,4,0,0,0,0,2,0,0,15,6,0,4,0,0,0,2,0,4,0,1,0,6,0,0,1,1,5,2,1,2,1,2,0,0,0,33,20,1,0,1,0,26,1,0,1,2,1,0,0,1,2,51,2,23,0,0,0,0,2,0,26,0,0,0,1,0,1,1,1,0,0,0,7,1,0,0,0,0,0,1,0,2,3,0,0,1,0,0,0,0,0,2,5,2,4,0,0,2,9,0,0,0,0,0,1,0,4,5,0,0,2,9,2,0,9,1,10,12,13,1,1,0,7,0,0,0,0,0,3,1,10,0,0,8,742,1,1,1,0,1,3,1,0,6,7,0,0,0,2,2,2,0,0,6,0,1,0,7,5,17,3,1,3,12,3,0,0,0,2,0,0,5,3,0,0,1,3,11,4,0,0,7,0,0
3,1066,ESCOLA MUNICIPAL AYRTON SENNA DA SILVA,"RUA ANTÔNIO MOREIRA LOPES, N. 1301, JARDIM ACRÓPOLE",CAJURU,-25.4709948,-49.1920684,21,0,4348,3164,361,177,0,3,4,5,18,15,1,0,3,2,2,0,1,1,2,14,0,11,1,5,3,4,38,0,29,1,0,0,0,4,0,0,0,0,15,0,0,0,42,1,0,3,1,4,6,0,0,0,0,30,0,1,0,0,1,0,0,0,0,0,0,20,0,0,3,3,2,0,0,23,0,2,4,0,5,1,0,1,11,1,1,0,1,39,0,0,0,0,0,1,0,4,0,1,3,0,0,1,5,1,4,0,1,1,7,4,0,0,2,6,0,0,0,0,0,0,4,6,0,0,0,2,0,3,3,0,1,0,0,1,0,0,1,0,4,0,11,0,4,1,0,0,1,1,0,0,1,6,4,104,3,1,0,1,3,22,4,3,1,0,0,0,10,4,1,2,4,5,5,14,10,0,0,3,0,3,0,0,0,1,0,6,1,0,0,0,1,0,0,2,1,1,0,2,2,0,1,0,2,5,436,1,3,0,0,0,1,0,0,0,0,0,0,1,3,4,1,0,0,0,0,0,0,15,0,0,6,0,0,0,0,6,1,0,0,5,0,0,0,24,14,1,0,6,0,3,6,0,0,0,0,0,0,5,1,0,0,0,1,7,2,2,3,0,13,0,4,0,0,42,33,6,0,0,0,2,8,3,13,3,0,0,0,1,2,0,0,0,1,78,0,6,10,1,0,13,4,0,11,0,0,0,0,0,1,15,0,1,0,0,1,0,0,0,1,0,0,0,0,2,1,0,0,0,0,1,2,0,0,0,20,0,0,0,0,1,0,0,0,1,0,1,1,0,4,0,0,3,0,0,0,0,2,0,0,0,0,0,4,0,0,1,0,0,0,0,0,4,0,0,0,0,0,0,1,0,0,0,0,0,0,0,1,2,0,0,0,0,0,0,0,0,0,0,0,0,0,1,1,0,0,0,0,0,0,0,0,0,0,3,0,0,0,24,0,0,0,0,0,0,0,0,0,1,0,0,1,1,0,0,0,7,0,3,0,0,5,0,1,3,0,0,0,0,1,0,0,0,2,0,0,0,1,18,0,0,1,0,0,0,1,0,0,0,0,1,0,0,0,0,0,4,0,0,0,0,0,1,0,7,0,2,0,5,0,0,1,2,1,0,2,0,0,0,4,14,1,0,0,0,0,1,2,0,7,0,1,1,0,0,0,1,1,0,0,1,12,0,0,1,0,0,0,0,0,0,0,0,2,0,5,4,0,2,0,0,0,0,0,0,0,0,2,0,0,0,3,0,1,0,0,0,0,0,0,0,0,0,0,4,8,0,0,0,4,1,11,0,0,0,18,0,1,0,0,0,2,0,0,0,1,0,0,0,1,0,0,2,0,0,1,1,0,10,0,5,0,1,4,0,0,0,1,5,1,1,1,3,0,0,1,17,6,0,0,0,1,49,0,1,0,1,0,2,0,0,0,42,0,29,0,0,0,0,0,0,20,0,0,0,0,0,0,0,0,1,0,0,5,0,0,10,1,0,0,1,0,0,0,1,0,0,0,0,0,0,0,0,1,2,28,1,0,2,7,0,0,1,0,0,2,0,4,3,0,0,1,5,0,0,6,1,4,17,15,0,4,0,2,1,0,0,20,6,0,2,11,0,0,8,325,2,1,1,2,0,1,0,0,0,0,0,0,0,0,0,1,0,0,5,0,3,1,8,5,20,1,0,6,11,0,0,0,0,0,0,0,34,1,1,0,0,3,2,0,0,0,2,0,0
3,1074,COLEGIO ESTADUAL MÁXIMO ATÍLIO ASINELLI,"RUA JÚLIO WISCHRAL, N. 650, UBERABA DE CIMA",UBERABA,-25.4744266,-49.2233534,37,0,3086,2214,175,94,0,4,3,2,16,2,2,1,8,0,0,0,1,9,0,23,0,5,1,2,0,6,23,0,0,2,0,0,0,0,0,0,2,0,4,0,0,1,21,0,5,6,0,0,3,0,1,2,1,4,0,0,0,0,0,0,3,5,0,0,0,27,0,3,36,4,36,0,0,8,2,4,2,0,17,0,0,1,5,0,0,1,3,17,0,2,0,0,0,0,1,3,1,7,1,0,1,1,1,1,8,0,1,0,2,12,3,0,1,0,0,3,1,0,4,0,0,0,0,2,0,2,0,1,5,0,0,0,0,0,0,0,11,1,7,0,9,0,5,0,1,0,0,0,0,16,2,12,14,14,3,0,0,4,10,23,2,1,0,0,0,0,5,12,3,7,0,5,3,2,19,0,1,4,1,1,1,0,1,0,0,6,0,0,0,4,0,0,0,2,1,2,0,0,0,0,1,2,0,0,24,0,4,1,0,0,4,0,0,0,0,0,0,0,0,0,0,0,0,0,0,0,0,0,0,1,15,0,0,0,0,30,1,3,0,0,0,0,0,13,15,0,0,0,1,3,0,0,0,1,0,0,0,1,2,0,0,0,7,1,2,0,15,2,9,0,5,0,0,6,9,8,0,2,0,0,4,0,4,4,0,0,2,1,8,2,0,1,0,11,0,10,23,0,0,29,4,0,22,0,1,2,0,0,3,33,0,13,0,1,19,0,0,0,0,0,2,0,0,0,0,0,0,1,0,0,1,1,1,0,5,0,0,0,0,0,0,0,0,0,0,1,0,1,3,0,0,3,0,0,0,0,1,0,0,0,0,0,3,0,1,1,0,0,0,1,0,2,0,0,0,0,0,0,4,0,0,0,0,0,0,0,5,0,0,3,0,1,0,0,0,0,0,0,0,0,1,0,0,0,0,0,0,0,0,0,1,0,0,4,0,0,0,0,0,0,0,0,0,0,1,10,0,4,0,1,0,0,2,0,0,22,0,5,1,0,0,4,1,3,0,0,0,1,12,0,0,4,3,1,0,1,25,48,1,1,1,0,0,0,1,0,0,3,2,24,1,2,0,3,0,0,0,0,0,4,1,0,0,2,0,19,2,1,0,0,0,0,0,1,0,3,0,0,1,27,4,0,0,0,5,2,1,0,5,0,0,0,1,0,1,0,1,0,0,0,0,3,0,0,0,0,0,0,0,0,0,0,1,0,19,0,0,6,0,1,1,1,0,1,0,0,0,0,1,1,24,0,1,0,0,0,0,0,0,0,0,1,0,5,4,0,0,0,0,0,3,0,0,2,2,0,0,6,0,0,7,0,1,0,0,5,0,0,3,1,0,3,0,0,0,2,0,6,0,32,0,4,0,1,0,4,0,1,3,0,0,9,0,0,0,22,11,0,0,0,0,21,0,1,0,4,0,0,0,0,1,34,0,1,1,0,0,0,0,0,37,0,0,0,2,0,0,2,0,0,0,1,10,1,0,1,0,0,0,0,2,1,0,0,0,0,0,1,4,0,4,3,7,2,0,1,0,0,23,0,0,0,0,0,1,0,3,7,0,0,5,0,5,0,2,0,9,15,5,1,1,2,11,2,0,1,0,0,0,3,19,0,2,17,103,1,4,0,3,0,0,1,0,2,6,1,0,0,2,0,0,0,0,8,0,0,0,5,1,1,0,0,0,0,0,0,0,1,0,0,0,1,1,0,0,2,8,2,0,1,0,0,1,2
3,1082,ESCOLA MUNICIPAL MARUMBI,"RUA FRANCISCO LICNERSKI, 50,  PRÓXIMO À SANEPAR DA BR 277",UBERABA,-25.4795245,-49.2027126,37,0,3828,2894,233,138,0,3,8,6,11,1,0,3,4,1,3,1,3,4,6,19,2,20,1,4,2,1,32,1,8,0,0,0,0,1,0,1,0,0,21,0,0,1,34,0,3,0,4,0,6,0,0,0,0,36,0,1,0,0,2,1,0,0,1,0,1,37,0,1,14,3,21,0,1,0,1,6,1,0,14,0,0,3,4,0,0,5,14,28,0,2,0,0,1,0,0,5,1,0,0,0,0,0,0,3,5,9,0,1,9,12,0,0,0,0,0,2,0,0,2,1,0,2,0,4,0,0,0,4,4,0,0,0,0,0,0,0,3,1,6,0,11,0,7,1,0,3,0,0,1,4,0,9,11,36,11,1,0,1,15,24,3,0,0,1,1,0,8,7,1,3,1,0,0,20,9,0,2,1,2,8,5,0,0,0,0,10,3,0,0,0,1,0,0,2,1,2,1,1,1,0,2,1,0,0,146,0,1,0,0,0,0,0,0,0,0,0,0,0,0,0,1,0,0,0,0,0,0,0,1,0,16,5,0,0,1,35,3,0,0,1,0,0,0,22,3,1,0,16,0,5,0,0,0,0,0,1,0,4,1,0,2,0,1,7,5,3,12,0,8,0,7,0,1,267,12,4,0,2,0,0,11,0,12,4,0,0,1,0,5,0,0,2,0,11,0,4,10,0,0,8,1,0,4,1,1,1,0,0,1,124,0,4,1,0,6,0,0,0,1,0,0,0,0,0,0,0,0,2,0,1,1,0,0,0,4,0,0,0,0,0,0,0,0,0,0,0,0,0,6,0,0,1,0,0,0,0,2,0,0,0,0,0,1,0,0,0,0,0,5,0,0,1,0,0,0,1,0,0,0,0,0,0,0,0,0,1,0,0,0,0,0,2,0,0,0,0,0,0,0,0,0,0,0,0,0,0,0,0,0,1,0,0,1,1,2,0,0,5,3,0,0,0,1,0,0,6,0,1,1,0,1,0,0,0,0,25,0,2,0,0,0,1,0,0,0,0,0,0,8,0,0,1,0,1,0,0,3,18,3,0,2,0,0,0,0,0,0,0,2,5,0,0,0,61,0,1,0,0,0,5,0,0,0,4,0,12,0,3,2,0,0,0,0,0,0,1,0,0,0,33,6,0,0,0,0,0,1,0,7,0,0,5,0,0,0,0,0,0,0,1,9,0,0,0,0,1,0,2,0,4,0,0,1,0,9,0,0,1,1,2,1,0,0,0,0,0,0,0,1,0,3,0,5,1,1,0,9,0,1,0,0,0,0,6,5,0,0,0,2,0,20,0,0,0,5,0,1,7,1,0,3,0,0,0,0,0,0,0,3,0,1,1,0,0,5,3,0,11,0,0,0,5,0,1,0,0,4,2,1,0,0,1,0,0,0,19,7,2,0,1,0,36,0,3,0,1,0,2,0,0,1,45,0,16,1,0,0,0,0,0,17,0,0,1,1,0,0,0,0,0,0,1,4,1,0,0,0,1,0,1,0,2,0,0,0,0,0,0,0,0,1,1,5,1,0,0,0,0,10,0,0,0,0,1,1,0,5,6,0,0,3,1,4,1,2,0,2,10,11,1,2,0,4,0,0,0,2,2,0,3,15,1,1,56,169,1,1,1,2,0,0,0,2,3,5,0,0,0,0,0,2,0,0,7,0,0,0,32,1,15,0,0,0,2,1,1,0,0,1,0,0,17,0,0,1,0,8,3,2,0,0,1,0,0
3,1090,ESCOLA MUNICIPAL CORONEL DURIVAL BRITTO E SILVA,"RUA EMÍLIO BERTOLINI, N. 44, VILAS OFICINAS",CAJURU,-25.4481352,-49.2158304,21,0,4162,3087,277,160,0,2,4,3,24,1,1,6,5,0,2,0,0,8,3,20,3,8,1,5,3,7,26,0,10,0,0,0,0,0,0,1,4,0,6,0,0,1,42,0,3,0,0,4,13,1,0,2,0,9,0,0,0,0,3,0,1,4,0,0,0,36,1,1,7,4,11,0,0,25,1,3,2,0,30,1,0,0,14,0,0,1,3,30,0,1,0,0,0,0,0,25,1,2,2,0,3,1,0,1,0,2,0,0,5,8,0,0,2,2,0,4,0,0,0,0,1,2,0,1,0,0,1,3,3,0,0,0,0,0,2,0,2,2,11,0,12,0,9,0,1,0,2,1,0,9,3,8,24,16,9,1,1,2,12,24,9,0,0,0,3,0,6,6,7,2,6,3,3,20,17,0,2,2,0,0,0,0,1,0,0,30,4,0,0,1,7,0,0,0,0,2,1,0,0,2,5,2,1,1,78,0,2,0,0,1,0,0,0,0,0,0,0,3,3,0,0,0,0,0,2,0,0,3,0,0,18,0,0,0,0,27,0,0,0,0,0,1,0,52,1,0,0,16,0,2,0,0,0,1,0,0,0,0,0,0,0,3,5,4,12,3,67,0,6,0,6,0,0,2,27,5,0,1,0,0,13,0,15,4,0,0,2,2,6,0,0,9,0,98,3,19,6,0,1,13,3,0,24,2,1,0,0,1,0,1,1,9,0,1,0,0,0,0,0,0,0,0,5,0,0,1,0,0,0,3,2,0,0,0,18,0,0,0,0,0,0,0,0,1,0,0,0,0,0,0,0,5,0,0,0,0,0,0,1,0,0,0,2,1,0,3,0,0,1,0,0,3,0,0,0,0,0,0,0,0,0,0,0,0,1,0,1,0,0,0,0,1,0,0,0,0,0,0,0,0,0,0,0,0,1,0,0,0,0,0,0,0,0,5,0,0,0,133,1,0,1,0,0,1,0,7,0,2,1,19,1,0,0,0,0,15,0,6,0,0,4,0,0,7,0,1,0,1,2,0,0,2,0,1,0,0,8,27,0,0,2,1,0,0,0,0,0,0,0,3,0,1,0,1,1,1,0,0,0,0,0,0,0,10,0,1,0,3,0,0,0,0,0,0,4,2,0,0,1,28,3,1,1,0,2,3,0,0,12,0,0,3,0,0,1,0,1,0,0,1,0,0,0,0,0,0,0,0,1,0,0,0,3,0,11,1,0,16,0,0,2,19,0,3,0,0,0,0,0,0,0,0,0,1,0,0,0,1,0,0,0,8,0,7,7,0,0,0,7,1,24,0,0,1,6,0,0,8,9,0,1,0,0,0,1,0,3,0,1,6,0,3,0,1,0,3,0,11,0,2,0,1,0,0,2,0,10,1,0,0,0,4,0,0,0,28,14,1,0,1,0,31,0,0,1,0,1,0,0,0,0,47,4,71,0,0,0,0,0,0,32,0,0,0,1,0,0,0,0,0,0,1,8,6,0,0,0,0,0,1,0,2,1,0,0,0,0,0,1,0,0,2,3,0,0,0,0,2,15,2,0,0,2,0,6,1,15,2,0,0,2,2,0,0,2,5,4,13,9,3,5,0,8,4,0,0,20,3,0,4,16,0,5,10,155,1,11,1,3,3,0,2,1,5,4,0,1,1,0,0,0,0,0,8,0,0,0,6,1,0,3,0,3,0,0,0,0,0,0,0,1,0,1,12,0,0,12,0,1,0,0,74,0,0
3,1104,ESCOLA MUNICIPAL PREFEITO LINNEU FERREIRA DO AMARAL,"RUA RORAIMA, N. 1570, VILAS OFICINAS",CAJURU,-25.4525528,-49.2082456,21,0,5119,3744,297,169,0,3,4,5,18,5,0,0,5,3,0,0,12,1,4,23,2,12,1,10,1,3,40,0,9,0,0,2,0,1,1,0,0,0,3,0,4,1,22,0,1,0,1,2,10,0,2,0,1,34,0,2,0,0,1,0,0,0,0,0,0,36,0,3,4,0,5,0,0,22,4,3,2,0,20,4,0,0,13,0,0,0,3,20,0,4,0,0,0,0,0,7,0,4,0,1,6,0,0,2,3,1,0,1,5,10,1,0,1,5,0,1,1,0,2,0,1,0,0,1,0,0,0,5,3,0,0,0,0,1,0,0,2,0,2,1,10,0,8,4,0,0,0,2,0,5,3,7,14,29,8,2,0,2,7,21,2,0,0,1,3,1,5,12,0,1,2,5,1,21,15,1,2,3,1,1,0,0,1,0,0,4,6,0,0,2,21,0,0,2,2,0,0,2,0,1,2,3,2,2,207,0,2,0,0,0,2,0,0,1,0,0,0,3,1,0,2,0,0,0,0,0,1,0,0,0,13,1,0,0,0,15,0,0,0,2,0,0,0,78,6,0,1,10,0,5,1,0,0,0,0,0,0,2,3,0,0,0,2,2,9,5,14,0,8,0,3,1,0,5,20,3,1,0,0,1,17,0,11,2,1,0,3,20,2,0,0,2,1,49,0,13,15,0,0,13,1,0,14,0,1,1,0,0,2,3,0,6,0,0,0,0,0,0,8,0,0,0,0,0,0,0,0,0,0,7,4,0,0,0,16,0,2,0,2,0,0,0,0,0,0,0,0,1,0,1,0,3,0,0,0,0,0,0,2,0,0,0,1,0,0,0,0,0,0,1,0,3,0,0,0,0,0,0,0,0,0,0,1,0,0,0,0,0,0,1,0,0,0,0,0,0,0,1,0,0,0,0,0,0,0,0,1,0,0,0,0,0,0,3,1,0,0,382,3,0,0,0,0,2,0,10,0,1,0,2,0,0,0,0,0,9,0,1,0,0,0,3,0,7,0,1,0,0,2,0,0,1,0,0,0,0,9,46,1,0,0,0,0,4,0,0,0,0,1,4,0,3,0,0,0,4,0,0,0,1,1,0,0,9,0,3,0,4,0,0,0,0,0,0,12,0,5,0,0,21,2,0,0,0,2,3,1,0,12,0,3,3,1,0,0,0,1,1,0,0,0,5,0,1,0,0,0,0,0,0,0,0,3,0,8,1,1,15,1,0,1,1,0,0,0,0,0,0,0,1,1,0,2,1,0,0,11,0,0,0,0,1,0,3,8,0,0,0,5,0,7,0,1,0,20,0,0,6,0,0,3,0,0,0,2,0,1,0,0,2,0,1,0,0,0,2,1,14,0,1,0,2,0,1,0,2,6,0,1,0,0,1,0,0,0,27,10,0,0,2,0,25,2,0,0,1,0,2,0,0,2,47,1,414,0,0,0,0,0,0,33,0,0,0,0,0,0,0,0,0,0,0,2,0,0,6,0,1,0,0,2,1,0,0,0,0,0,0,0,0,2,1,8,4,0,0,0,4,21,3,0,1,0,0,2,1,7,7,0,0,1,11,0,1,2,4,5,12,12,3,5,4,9,2,0,0,6,2,0,1,19,0,6,0,331,0,4,3,1,0,0,2,1,2,7,0,0,0,0,0,0,1,0,5,1,4,0,4,3,0,0,0,7,3,0,0,0,0,0,0,0,4,0,10,0,0,4,3,10,0,0,25,0,0
3,1112,COLÉGIO ESTADUAL NATÁLIA REGINATO,"RUA GOIÂNIA,  679, VILAS OFICINAS",CAJURU,-25.4548352,-49.2202622,21,0,2348,1702,131,82,0,2,6,2,12,5,1,2,7,0,0,0,2,2,0,4,0,13,0,3,0,0,22,0,7,0,0,0,0,0,0,0,1,0,6,0,0,1,18,0,0,1,4,1,1,0,1,0,0,7,0,0,0,0,1,0,0,0,0,0,0,21,0,1,7,0,6,0,0,11,0,3,1,0,4,0,0,1,12,0,0,0,0,8,1,2,0,0,0,0,0,20,0,1,0,0,3,0,0,0,2,0,1,0,4,9,0,0,0,1,1,0,1,0,3,0,1,3,0,0,0,1,0,3,5,0,0,0,0,0,0,0,0,0,3,0,3,0,0,1,1,0,0,1,0,2,0,3,7,12,0,0,0,2,12,13,3,0,0,2,3,1,4,11,4,0,7,1,0,14,12,0,0,1,0,0,1,0,1,1,0,8,1,0,0,1,7,0,0,2,0,0,0,1,1,1,4,2,0,3,61,0,4,0,0,0,0,0,1,2,0,0,0,1,0,1,1,0,0,0,1,0,0,0,0,0,15,0,0,0,0,15,0,0,0,0,0,0,1,13,0,0,1,9,0,0,0,1,0,1,1,0,0,0,0,0,0,1,3,5,4,6,10,0,2,0,3,0,1,6,9,1,2,0,0,0,8,1,14,0,0,0,0,1,3,0,0,5,0,71,0,4,13,0,0,15,1,0,11,0,2,2,1,0,1,4,0,1,0,0,0,0,0,1,1,0,0,0,0,0,0,0,0,0,0,0,0,0,1,0,16,0,2,0,0,0,0,0,1,0,1,0,0,0,0,0,0,1,0,0,0,0,0,0,0,0,0,0,5,0,0,0,0,0,1,0,0,0,0,0,0,0,0,0,0,0,0,0,1,0,2,0,0,0,0,0,0,0,0,0,0,0,0,0,1,0,0,0,1,0,0,0,0,0,0,0,0,1,0,4,0,0,0,26,2,0,0,0,0,0,0,6,0,0,0,22,0,0,0,0,0,8,0,0,0,0,3,3,0,1,0,0,0,2,4,0,0,0,0,2,0,0,4,13,0,0,0,1,0,0,0,0,0,0,2,4,0,0,0,3,1,0,0,0,0,0,0,0,0,10,0,1,0,0,0,0,0,0,0,0,2,2,0,0,0,24,3,0,0,0,0,0,0,0,6,0,0,1,1,0,2,0,0,1,0,0,0,5,0,0,0,0,0,0,0,0,0,0,1,0,5,0,1,6,0,1,4,11,0,2,0,0,0,0,0,0,0,0,1,2,0,0,0,0,0,0,0,5,0,4,4,0,0,0,1,0,6,1,0,0,2,0,0,6,26,0,0,0,0,0,0,1,0,0,1,0,1,2,0,0,0,3,0,3,0,3,0,3,0,0,0,2,2,0,0,1,0,2,0,0,1,17,3,0,0,0,0,27,0,0,0,1,0,1,0,0,0,30,2,31,0,0,0,0,0,0,23,0,0,0,0,0,0,0,0,0,0,0,11,1,0,0,0,0,0,1,0,1,0,0,0,0,0,0,0,1,0,0,1,0,0,0,0,1,4,1,0,0,0,0,3,0,5,7,0,0,1,0,0,1,2,0,3,3,4,1,2,1,1,2,1,0,4,3,0,1,6,0,1,5,134,0,2,0,1,0,0,3,0,0,3,1,1,0,0,0,1,0,0,0,0,1,0,2,1,2,0,0,4,0,0,0,0,0,3,0,0,2,0,4,0,0,3,1,1,0,0,19,0,1
3,1120,ESCOLA ESTADUAL PROFESSOR NILO BRANDÃO,"AV JORN. ADERBAL GAERTNER STRESSER, 748",CAJURU,-25.4709655,-49.2042646,21,0,4822,3490,231,162,0,1,1,1,23,5,1,1,10,0,1,0,1,5,2,15,0,13,0,1,2,4,35,0,7,2,0,0,1,0,0,0,5,0,5,2,0,1,31,0,1,1,7,5,3,0,0,1,2,9,0,0,1,0,2,1,2,1,0,0,1,27,0,3,21,2,3,0,0,4,2,2,4,0,9,0,0,3,7,0,0,2,7,43,0,1,0,0,0,2,0,3,0,8,0,0,6,2,0,2,0,5,0,1,4,13,1,0,6,1,2,1,0,0,3,0,0,2,1,2,0,2,0,3,3,0,0,1,1,0,0,1,6,0,4,0,15,0,5,1,3,0,0,7,1,1,1,18,16,55,7,5,0,8,13,27,5,0,1,1,3,3,10,23,2,2,0,5,0,11,15,0,2,3,0,0,1,0,0,1,0,13,4,0,0,1,15,0,2,1,0,1,1,2,3,2,1,0,0,0,235,0,7,0,0,0,0,0,0,0,0,0,0,2,0,0,0,0,0,0,2,0,1,8,0,0,18,0,0,0,0,48,5,0,0,1,3,1,1,29,3,0,1,15,0,9,0,0,0,2,0,0,0,0,2,0,0,2,2,34,7,5,10,0,9,0,7,4,0,14,18,3,0,0,0,0,7,1,20,4,1,3,0,2,4,0,0,3,3,25,0,18,25,0,0,17,1,0,7,1,0,0,0,0,4,12,0,4,1,0,3,0,0,1,2,1,0,0,0,0,0,0,0,0,0,0,0,0,0,1,12,0,1,0,1,1,0,0,0,0,3,1,0,0,3,0,0,0,0,4,0,0,0,0,2,0,0,0,0,0,1,3,0,0,1,0,0,3,1,0,0,0,0,0,0,0,0,0,0,1,0,2,1,1,0,1,0,3,1,1,0,0,0,0,0,0,0,1,0,2,0,0,0,1,0,0,0,1,0,2,0,0,0,15,0,0,0,0,0,0,0,2,0,0,1,0,1,5,0,0,0,10,0,2,0,0,1,3,0,5,0,0,0,0,2,0,0,1,1,1,0,0,13,37,4,2,2,2,0,0,0,0,0,0,0,13,0,0,0,2,0,0,0,0,1,0,0,0,0,6,0,1,0,2,0,0,0,3,0,0,1,0,0,0,2,27,7,0,0,2,0,3,1,0,10,0,0,1,0,0,3,0,0,0,1,0,6,6,0,0,0,0,0,1,0,0,0,0,0,0,17,0,1,7,3,1,1,0,0,3,0,0,0,0,0,0,1,0,0,2,0,0,0,0,0,1,0,0,0,7,5,1,0,0,4,1,11,0,0,0,7,0,0,4,3,0,2,0,2,0,0,2,1,0,7,2,0,1,0,0,0,2,1,9,0,0,0,0,0,1,0,3,5,0,0,2,1,4,0,0,1,21,12,0,1,2,0,27,0,0,1,4,0,0,1,0,5,35,2,15,0,1,1,0,0,0,38,1,0,1,4,0,0,0,1,0,0,0,6,0,2,1,0,0,3,0,3,0,0,0,0,1,0,0,0,0,1,0,7,6,8,1,0,0,16,1,0,0,0,0,4,0,7,4,1,0,1,3,2,0,10,1,7,23,19,0,1,0,4,4,2,0,3,7,0,0,9,0,1,7,790,1,6,2,1,0,0,3,0,1,4,0,0,0,0,0,0,0,0,13,0,1,0,8,6,41,1,0,1,1,0,0,1,0,1,0,0,4,0,0,0,3,10,0,6,1,0,17,0,0
3,1139,ESCOLA ESTADUAL DEPUTADO OLÍVIO BELICH,"RUA ENGENHEIRO COSTA BARROS, N. 1600, VILA CAMARGO",CAJURU,-25.4599911,-49.2118333,21,0,5917,4141,326,171,0,0,9,5,20,8,0,1,14,3,1,0,2,6,4,33,1,20,0,14,2,5,33,1,9,0,2,0,0,2,0,1,0,1,6,0,0,2,48,0,14,3,0,13,4,0,0,2,0,16,0,0,0,0,7,3,0,3,0,1,0,28,0,5,13,5,11,0,0,21,4,6,12,0,21,5,0,0,14,0,2,3,3,19,0,0,0,1,0,0,0,11,1,3,0,0,6,2,1,5,6,2,0,3,18,23,3,0,1,3,2,0,0,0,4,0,1,0,0,2,0,4,0,4,10,0,0,1,1,0,0,0,1,0,8,0,6,0,8,1,3,0,0,4,0,3,1,14,22,48,15,0,0,2,11,27,5,0,0,1,1,0,4,25,4,6,9,4,3,22,13,0,2,1,2,1,6,0,0,5,0,2,0,0,1,4,12,1,1,3,0,3,0,3,2,0,1,0,0,0,204,0,14,0,0,1,2,0,0,2,3,0,1,1,4,1,3,0,0,0,0,0,0,2,0,0,22,0,0,0,0,35,2,1,0,4,0,0,0,65,10,1,1,9,0,4,2,1,0,0,0,0,0,2,0,1,1,0,5,13,11,3,9,1,10,0,5,0,1,25,16,8,2,2,0,0,9,1,57,3,1,0,0,2,5,0,0,4,0,50,1,12,25,0,1,22,3,0,16,1,1,3,0,1,6,2,0,4,0,0,10,1,0,1,0,3,0,0,0,0,1,0,0,0,0,1,0,0,0,0,14,0,0,0,1,0,0,1,2,0,5,0,0,2,0,0,0,7,0,0,0,0,0,0,0,2,0,0,0,0,3,2,0,0,1,3,0,3,0,0,0,0,0,0,1,0,0,0,1,0,1,0,3,0,0,0,1,0,0,0,0,1,0,1,3,0,0,2,0,3,0,0,1,0,0,0,0,2,2,12,0,0,0,38,0,0,2,0,0,0,0,26,0,1,1,2,1,1,1,1,0,19,0,0,0,0,0,4,0,2,0,2,0,0,3,0,0,4,0,0,0,0,13,46,1,0,0,0,0,2,1,0,0,0,0,1,0,0,0,0,1,3,0,0,0,3,0,0,0,10,1,4,0,3,0,0,1,0,0,0,36,0,4,3,0,40,12,1,0,0,0,1,1,2,13,0,1,2,0,0,1,0,0,0,1,0,1,6,0,0,0,1,0,0,0,0,0,0,3,1,6,0,0,25,1,1,1,1,0,1,0,1,0,0,0,2,4,0,0,3,1,0,0,1,0,0,0,4,0,9,9,0,0,1,4,1,6,0,1,5,22,0,2,5,12,0,6,0,0,0,0,2,0,0,0,2,0,1,0,0,1,5,0,6,0,1,0,7,2,3,1,2,9,3,1,1,1,1,0,0,0,26,17,3,0,0,0,29,0,0,1,2,1,0,0,0,0,79,1,71,1,0,0,2,0,0,28,0,0,0,0,0,0,0,0,0,0,0,9,0,0,2,0,0,0,0,0,0,0,0,0,1,0,0,0,0,0,2,9,1,2,0,1,10,21,1,0,0,0,0,1,0,7,0,0,0,3,6,4,2,2,0,16,3,10,0,3,1,15,4,1,1,5,0,2,0,16,0,5,7,799,1,3,3,1,0,0,5,0,3,15,0,1,0,0,2,0,0,1,12,0,2,0,7,6,15,5,0,1,2,1,1,0,1,0,0,0,3,1,14,0,0,9,3,5,0,0,8,0,1
3,1147,ESCOLA MUNICIPAL PREFEITO OMAR SABBAG,"RUA PEDRO BOCCHINO, N. 140, VILAS OFICINAS",CAJURU,-25.450722,-49.2181567,21,0,7993,5635,481,274,0,3,7,11,40,14,1,5,11,4,5,0,4,4,8,39,4,31,1,15,2,5,66,1,21,2,0,0,0,6,0,0,2,0,8,0,0,5,53,0,1,5,4,1,18,1,1,0,0,26,0,0,0,0,2,0,1,1,0,3,0,90,0,5,24,11,12,0,0,40,7,12,5,2,37,1,3,0,26,1,0,1,3,34,1,6,0,1,4,0,0,61,2,5,3,0,10,2,3,5,3,1,1,1,17,7,1,0,4,4,0,0,1,0,2,1,3,3,0,6,0,1,0,6,6,1,0,0,0,0,0,5,8,0,10,0,26,0,7,1,4,0,0,7,0,7,3,25,16,45,20,1,2,4,21,45,9,0,0,3,3,0,22,18,3,6,21,8,2,42,31,0,0,3,2,0,1,0,0,1,1,73,1,0,1,8,22,0,1,3,1,5,0,2,0,5,7,3,0,0,172,0,7,2,0,1,3,0,2,2,0,0,1,1,2,0,0,0,0,0,2,0,0,2,0,0,35,0,0,0,0,46,2,1,0,2,1,0,0,78,9,0,3,23,1,4,3,0,1,0,0,3,0,2,2,0,2,1,11,11,9,8,50,1,21,0,9,1,0,7,28,5,2,4,0,2,23,2,26,3,1,0,0,9,4,1,0,19,1,284,1,16,26,0,0,18,2,1,26,1,4,2,0,0,6,9,1,9,1,1,4,0,5,2,1,1,0,0,0,0,2,3,0,2,0,0,2,0,0,1,46,0,0,0,0,0,0,1,2,0,1,0,1,2,0,0,0,3,0,0,0,0,2,0,0,0,0,0,4,0,0,0,0,0,0,0,0,1,0,0,0,1,0,0,1,0,0,0,8,0,1,1,0,0,0,0,0,0,0,0,0,0,0,0,1,0,0,0,0,1,0,0,0,1,0,0,0,1,1,8,0,0,0,154,6,0,0,1,1,0,0,14,0,1,1,39,1,1,0,0,0,27,0,4,0,0,1,1,0,8,0,1,0,1,5,0,0,0,3,3,0,0,25,52,0,0,1,0,0,3,0,0,0,0,1,2,0,0,0,6,3,1,0,1,0,0,0,0,0,27,0,6,0,2,0,0,0,1,1,0,8,4,0,1,1,52,11,0,2,0,0,3,5,0,19,0,0,5,0,0,2,1,3,1,2,0,0,6,0,0,0,0,0,2,2,0,0,0,11,0,22,3,3,14,0,0,3,20,0,1,2,0,0,0,0,0,4,0,0,4,0,0,2,1,0,0,0,23,0,7,12,0,0,0,15,0,28,0,0,2,7,0,0,6,64,0,3,0,1,0,1,3,0,0,2,9,0,4,0,1,0,1,1,43,0,4,1,7,0,0,3,4,6,1,0,3,0,5,0,0,0,34,29,3,1,1,0,68,3,1,1,2,0,0,0,0,0,53,3,151,0,0,1,0,0,0,47,0,0,2,1,0,1,0,0,0,0,0,19,3,0,3,0,3,0,3,2,1,2,1,0,0,1,0,0,0,3,1,17,2,1,0,0,6,38,5,0,0,0,0,10,0,7,10,0,0,0,9,0,2,8,3,11,33,17,3,8,6,7,2,1,0,19,4,0,2,26,0,10,18,396,0,31,3,2,0,1,0,0,6,13,1,1,0,2,3,1,0,0,9,0,3,0,9,1,8,3,0,3,0,0,0,0,0,1,0,0,1,1,13,0,0,9,3,5,0,0,44,0,0
3,1155,ESCOLA ESTADUAL SANTA ROSA,"RUA AMÍLTON PORTUGAL PEREIRA, 515, SOLITUDE",CAJURU,-25.4759929,-49.1948777,21,0,3887,2660,269,155,0,4,2,6,10,5,0,1,13,1,2,1,3,3,2,19,1,11,1,10,2,1,37,0,9,1,0,0,0,4,1,0,0,0,3,0,0,3,49,1,0,0,0,1,1,0,0,0,0,9,0,0,0,0,1,0,0,1,0,0,3,19,0,2,6,1,6,0,0,6,4,1,2,0,4,1,0,11,7,0,0,0,0,69,0,0,0,0,0,1,0,5,0,1,1,0,2,1,3,3,1,1,0,4,1,2,0,0,2,3,0,0,0,0,1,1,0,2,0,2,0,1,0,7,1,0,0,0,0,0,0,0,2,0,2,0,6,0,2,3,1,0,0,7,0,7,2,10,9,54,8,7,0,1,3,13,2,0,0,0,1,0,4,4,1,0,0,4,0,17,13,1,1,2,0,3,0,0,3,2,0,5,2,0,0,1,2,1,0,1,2,0,0,1,0,3,4,0,0,0,224,2,6,1,0,0,0,0,0,0,1,0,1,0,0,1,1,0,0,0,1,0,0,14,0,0,11,0,0,0,0,16,1,0,0,1,0,0,0,25,4,1,0,7,0,2,5,0,0,0,0,0,0,4,4,0,0,0,7,11,4,1,12,1,10,0,3,1,0,157,17,3,0,0,0,0,11,1,14,2,0,1,0,0,2,0,0,1,2,36,0,6,8,0,1,16,4,0,9,0,0,0,0,0,1,31,0,4,0,0,2,0,0,1,3,0,0,0,0,0,0,1,1,0,0,2,0,0,0,0,9,0,0,0,0,0,0,0,3,1,0,0,0,0,6,0,0,3,0,0,0,0,2,0,2,0,0,0,0,0,0,0,0,0,0,0,0,0,0,0,0,0,0,0,0,0,0,0,0,0,1,1,0,0,0,0,0,0,0,0,0,0,0,0,3,0,0,2,0,0,0,0,0,0,0,0,0,0,0,5,0,0,0,7,1,0,0,0,0,0,0,1,0,0,2,0,0,0,1,0,0,5,0,1,0,0,2,1,0,1,0,0,0,0,2,0,0,0,0,0,0,0,1,9,1,2,1,1,0,0,0,0,0,0,0,0,1,0,0,8,0,1,1,0,1,0,1,0,0,4,0,2,0,1,0,0,0,0,5,0,0,0,2,0,0,7,3,0,0,0,0,1,0,0,4,0,0,0,0,0,0,0,0,2,1,0,15,0,0,1,0,0,0,1,0,0,0,0,3,0,2,0,1,1,0,0,0,0,0,1,0,0,0,0,0,0,0,0,1,0,0,0,1,0,0,0,0,0,0,8,4,0,0,0,1,1,26,1,0,0,16,0,0,10,2,0,4,0,0,0,0,0,0,0,0,0,0,1,0,0,1,0,0,6,0,2,0,1,1,0,1,2,0,1,3,0,0,3,0,0,0,21,11,0,0,1,0,31,0,0,0,1,0,1,0,0,0,44,0,24,0,0,0,0,0,0,21,0,0,1,2,1,0,0,0,0,0,2,1,0,0,2,0,0,0,0,1,0,0,1,0,1,0,0,0,0,0,2,3,1,3,0,0,0,9,0,0,0,0,0,4,0,3,1,0,1,0,1,3,0,7,2,3,7,18,0,2,0,1,0,0,0,7,4,0,3,5,1,1,7,299,0,3,1,0,0,0,0,0,2,4,0,1,0,1,0,1,0,0,0,0,0,0,7,2,30,1,0,1,2,0,0,0,0,1,0,0,10,1,1,0,0,9,2,0,0,0,2,1,0
3,1163,COLÉGIO ESTADUAL SENHORINHA DE MORAES SARMENTO,"RUA CATULO DA PAIXÃO CEARENSE, N. 1000, CENTENÁRIO",CAJURU,-25.4645076,-49.2046715,21,0,9586,6593,571,292,0,3,16,14,30,18,0,4,10,2,2,0,5,5,6,33,1,23,1,14,6,4,85,1,25,5,0,0,0,6,1,0,1,0,18,0,0,0,52,0,4,3,2,17,9,0,0,0,0,42,0,4,0,0,7,1,0,0,1,1,0,41,0,7,9,8,5,0,0,41,4,3,2,0,20,3,0,2,9,0,0,1,7,88,0,3,0,0,1,0,2,13,2,5,2,0,29,3,0,5,3,1,2,0,36,16,0,0,3,6,2,1,0,2,7,0,2,2,0,0,0,0,0,8,8,0,0,0,1,0,0,0,6,0,5,1,20,0,8,1,3,1,2,3,0,3,5,13,17,104,15,1,0,4,17,20,9,1,0,10,4,1,16,7,10,1,1,6,6,52,11,0,1,11,1,10,2,0,2,3,0,14,8,0,0,1,26,0,1,0,1,1,0,2,2,4,6,1,0,0,911,1,21,0,0,1,2,0,0,5,0,0,1,3,1,1,1,0,0,0,1,0,0,6,0,1,13,0,0,0,1,34,2,0,0,9,1,0,0,127,7,1,0,14,0,11,5,1,0,0,0,0,0,3,4,0,0,1,9,35,7,4,21,1,11,0,5,0,1,34,47,13,0,2,2,0,14,0,52,21,0,0,1,0,4,0,0,0,1,28,0,14,11,0,1,14,2,0,12,0,4,0,0,0,5,11,0,4,0,1,6,0,0,0,0,2,0,0,1,2,0,0,0,0,0,5,0,0,0,2,43,0,0,0,0,1,0,1,8,0,1,0,0,4,2,0,1,5,0,0,0,1,2,0,4,1,1,1,3,0,2,0,0,0,0,2,0,5,4,0,0,0,0,0,1,0,0,0,0,0,1,1,10,0,0,0,0,0,0,0,1,0,0,1,1,1,0,3,0,1,0,0,2,1,0,2,0,0,3,46,0,0,0,84,4,0,0,0,1,0,0,7,0,2,0,0,0,1,0,1,0,15,1,1,0,0,4,4,0,2,0,1,0,0,5,0,0,1,2,4,1,0,17,45,1,1,2,0,1,3,0,0,1,1,2,0,0,1,0,5,1,3,0,0,1,0,0,0,0,9,0,5,0,3,3,0,0,1,3,0,45,1,0,1,1,23,4,0,1,0,2,2,0,0,17,0,0,3,0,1,0,1,2,0,1,0,2,3,1,0,0,0,0,0,0,0,0,0,3,0,18,0,1,4,2,0,1,0,0,5,1,0,1,0,0,0,2,0,2,2,3,1,1,0,0,0,0,1,1,11,8,0,0,0,9,0,26,0,0,1,15,1,1,4,6,0,10,0,0,0,2,2,0,0,0,1,0,2,0,0,3,4,0,11,0,1,0,6,0,2,4,0,11,6,0,0,0,4,0,0,0,43,23,11,0,1,0,37,0,0,0,0,0,1,5,3,0,59,2,93,1,0,2,1,0,0,49,0,0,0,5,0,1,0,0,0,1,1,16,5,0,3,1,2,0,3,1,1,0,0,0,1,0,0,1,0,2,1,10,5,1,1,0,23,13,0,0,0,1,0,6,0,7,3,0,0,2,2,7,2,13,0,12,40,24,3,3,2,8,2,0,0,2,5,0,2,22,0,3,13,1262,2,4,0,2,0,0,4,1,3,13,0,1,0,0,1,1,0,0,9,0,6,0,3,3,23,1,1,5,17,0,0,0,0,1,0,0,8,0,0,0,1,15,5,2,1,0,15,0,1
3,1198,ESCOLA MUNICIPAL PROFESSOR ENÉAS MARQUES DOS SANTOS,"RUA OSMÁRIO DE LIMA, N. 100",CAPAO DA IMBUIA,-25.433934,-49.2188575,20,0,3944,2846,190,147,0,2,1,9,25,3,0,8,19,0,1,0,2,3,2,25,0,17,2,6,2,2,25,0,13,3,0,0,0,2,0,0,1,0,1,0,0,1,20,0,2,5,2,0,12,2,0,1,0,4,0,0,0,0,0,0,0,1,0,1,0,49,0,8,22,1,5,0,0,8,3,6,4,0,11,2,0,2,3,0,0,4,0,7,1,1,0,0,0,0,0,3,0,1,1,0,5,0,0,3,11,0,0,0,4,15,1,0,3,3,1,0,0,0,6,2,2,1,0,2,1,1,1,2,5,0,0,1,1,0,0,0,6,0,12,0,6,0,5,2,0,0,0,3,0,9,2,12,27,13,4,0,0,1,15,30,2,0,1,0,1,1,9,18,6,0,0,14,2,6,24,0,5,1,2,2,1,0,0,4,0,6,3,0,0,1,0,0,0,5,1,4,0,1,0,3,8,0,0,0,41,0,3,0,0,1,0,0,0,0,0,0,0,3,0,0,0,0,0,0,2,0,0,0,0,0,36,1,0,0,1,15,5,2,0,15,0,3,0,84,16,1,0,15,0,4,0,0,1,0,0,0,0,0,3,0,0,2,8,2,4,5,3,0,21,0,8,0,3,0,15,4,0,2,1,2,15,3,15,1,3,0,2,0,2,0,0,14,0,200,3,8,28,0,0,21,1,0,10,0,5,1,0,0,1,0,0,8,1,3,3,0,0,0,0,0,0,0,0,2,3,1,0,0,0,1,0,1,0,0,12,0,0,0,0,0,0,1,3,0,2,0,0,0,1,1,0,2,0,0,0,1,0,0,0,0,0,0,5,0,2,0,0,0,0,0,0,1,0,0,0,0,0,0,0,0,0,0,0,0,1,0,0,0,0,0,3,3,0,1,0,0,0,0,0,0,0,0,0,0,0,0,0,0,0,3,7,1,0,0,0,0,0,33,141,0,0,1,0,1,0,9,0,0,0,0,0,2,0,0,2,7,0,0,0,0,1,1,0,4,0,0,0,0,8,0,0,2,1,0,0,3,29,29,1,0,0,0,0,7,0,4,0,4,0,3,0,0,0,0,0,0,0,0,0,2,0,0,0,27,0,0,0,2,0,0,0,1,1,0,0,0,0,1,2,20,9,0,0,0,1,2,0,0,10,0,0,0,0,0,2,0,0,5,0,0,0,1,0,0,0,0,0,1,0,0,0,0,6,0,16,0,4,12,0,0,3,0,0,1,0,0,0,0,0,1,1,0,1,6,0,1,5,0,0,0,0,0,0,9,4,0,0,0,7,0,6,0,0,3,4,0,2,3,1,0,1,0,0,3,0,1,1,0,0,0,0,0,0,1,0,3,3,4,0,3,0,2,1,0,4,3,6,1,0,0,2,0,0,0,0,32,17,3,0,0,0,24,0,0,0,2,0,0,0,4,1,37,0,41,0,0,0,3,1,0,34,0,0,0,4,0,0,0,0,1,3,0,7,0,0,1,0,0,0,1,0,1,0,0,0,0,1,0,1,0,0,9,7,0,0,0,0,0,20,2,1,0,0,0,5,1,9,2,0,1,8,1,2,1,1,1,4,11,5,13,0,0,6,4,0,0,1,0,0,2,26,0,4,8,48,0,14,0,7,1,1,2,2,3,12,0,0,0,0,0,1,0,7,5,0,7,0,6,6,1,11,0,0,0,0,0,0,2,0,0,1,1,0,1,0,1,7,6,3,6,1,3,0,0
3,1201,ESCOLA MUNICIPAL C.E.I. EVA DA SILVA,"RUA FREDERICO STADLER JÚNIOR, N. 1670",CAPAO DA IMBUIA,-25.4412945,-49.2052541,20,0,5238,3844,316,221,0,1,1,12,29,9,1,6,10,2,4,1,5,4,3,18,3,12,0,10,1,4,39,1,32,0,0,0,0,3,0,0,2,0,4,0,4,1,32,0,1,0,0,1,13,0,2,0,0,13,1,4,0,0,5,0,0,0,0,0,0,63,0,3,5,4,5,0,0,2,3,5,2,0,26,1,0,1,6,0,0,1,3,8,4,5,0,0,1,0,0,0,0,4,0,0,2,2,1,6,3,1,1,0,9,10,2,0,16,4,0,1,0,0,7,0,3,1,1,4,0,1,0,5,5,0,0,2,0,1,0,0,1,0,16,2,21,0,5,1,1,0,0,2,1,10,0,19,25,18,11,1,0,3,12,30,1,1,0,2,2,0,4,9,2,0,0,10,0,21,15,0,3,2,0,1,1,1,1,0,0,8,6,0,0,1,1,3,0,6,0,4,0,1,2,0,0,0,0,0,79,0,0,0,1,2,3,0,2,0,0,0,0,3,9,1,1,0,0,0,0,0,0,1,0,2,24,0,0,0,0,12,2,0,0,15,0,0,0,111,13,1,1,18,0,2,1,0,0,0,0,0,0,2,4,0,0,2,7,3,11,12,14,1,26,0,10,0,0,5,24,6,4,2,0,1,31,1,31,1,0,0,2,3,4,0,0,21,0,150,0,11,18,0,1,24,7,0,19,3,2,2,0,0,2,1,0,9,2,0,6,0,0,0,4,3,0,0,3,1,0,1,0,0,1,5,0,0,0,0,21,0,2,0,2,0,0,0,1,0,2,0,0,1,2,0,0,4,0,0,0,0,2,0,0,0,0,0,3,0,1,0,0,1,0,1,0,0,0,7,0,5,0,0,0,4,0,0,1,0,0,0,2,2,0,0,0,0,0,1,0,0,0,0,0,0,0,2,0,0,0,0,0,0,0,1,0,1,1,1,0,1,0,204,72,0,1,0,1,1,0,4,0,0,0,0,0,0,0,0,2,10,0,0,0,0,2,1,1,4,0,5,0,0,2,0,0,1,0,1,0,0,10,36,0,0,1,1,0,6,1,0,0,1,1,3,0,0,0,0,1,0,0,0,0,1,0,0,0,20,0,0,0,3,1,0,0,0,0,0,1,3,3,1,3,40,10,0,2,0,2,21,2,0,10,0,0,7,0,0,1,0,1,6,1,0,0,1,0,2,0,0,0,0,0,1,0,0,1,0,11,1,0,18,2,0,2,0,0,3,0,0,0,1,0,0,3,0,0,0,0,0,2,0,0,0,0,4,0,6,7,1,1,0,1,1,20,0,0,4,5,0,1,12,3,0,3,0,0,1,1,2,5,1,0,3,2,8,0,0,1,6,2,9,0,1,1,7,0,0,2,0,13,1,0,0,0,1,0,0,0,44,17,0,0,1,0,29,0,0,0,0,0,1,0,1,0,40,1,337,0,0,0,0,0,0,45,0,0,1,2,0,0,2,0,0,0,0,23,1,0,0,0,0,1,1,0,4,0,0,0,0,0,0,0,2,1,1,3,2,2,0,0,2,13,3,0,0,0,0,8,7,11,8,0,0,1,1,0,1,4,0,6,16,4,5,0,3,4,1,0,0,0,0,1,1,11,0,4,11,51,0,1,4,7,1,0,8,1,1,6,3,0,0,1,0,0,0,1,6,2,39,0,3,6,0,20,0,1,2,1,0,1,1,0,0,10,5,0,2,0,1,9,2,3,1,0,22,0,1
3,1210,COLÉGIO ESTADUAL PROFESSORA MARIA AGUIAR TEIXEIRA,"AV PRESIDENTE AFFONSO CAMARGO, N. 3463",CAPAO DA IMBUIA,-25.4395174,-49.2278613,20,0,6851,4643,368,214,0,4,7,6,47,5,2,3,19,3,6,0,2,12,4,30,0,34,0,9,3,10,49,1,14,2,1,0,0,8,0,0,5,0,7,1,1,1,32,1,6,7,4,0,9,1,0,0,1,6,2,0,0,0,2,2,5,1,0,0,1,71,0,6,33,6,5,0,1,14,3,9,1,0,21,1,0,1,3,0,1,3,6,8,2,3,0,1,3,2,0,8,1,3,3,0,4,0,1,3,15,1,1,0,4,31,2,0,1,6,3,2,0,0,6,1,0,0,0,5,0,1,0,3,8,2,0,0,1,1,0,0,7,0,18,0,11,0,15,2,2,0,1,6,0,19,0,22,24,42,26,2,0,5,16,28,13,1,0,3,3,1,7,23,8,8,2,10,1,14,31,1,3,7,1,3,3,0,0,3,0,7,3,0,0,5,1,2,0,10,0,1,0,1,1,2,2,2,1,0,53,1,7,0,0,0,1,0,1,2,0,0,0,0,0,0,1,0,2,0,0,0,1,1,2,1,50,0,0,0,0,39,0,0,0,11,0,0,0,87,19,0,0,14,0,8,1,0,0,1,0,1,0,6,3,0,0,2,15,10,9,9,15,0,17,0,9,0,4,4,27,5,0,0,0,0,31,2,14,4,0,0,1,4,10,0,0,23,0,573,3,23,39,0,1,44,10,1,21,3,15,0,0,1,4,2,1,12,0,3,6,0,1,2,4,2,0,0,1,0,0,3,0,0,0,0,1,0,3,0,14,0,0,0,4,1,0,0,1,0,0,0,0,0,0,0,0,9,0,0,0,0,1,0,2,0,0,0,1,1,0,1,0,0,0,1,0,0,0,0,0,0,0,1,1,1,0,0,1,0,0,0,2,0,0,0,0,0,1,2,0,0,0,0,2,0,0,0,2,0,0,0,0,1,0,0,0,0,1,2,1,0,0,48,49,0,0,1,0,0,0,10,0,2,1,9,1,0,0,0,0,22,0,0,1,0,2,7,1,2,0,4,0,0,17,0,1,2,0,5,0,0,22,69,0,0,5,0,0,5,0,0,0,3,6,3,0,3,0,0,0,0,1,1,1,0,1,0,0,19,0,1,0,4,1,0,0,1,0,0,2,0,1,1,0,44,22,0,0,1,1,3,0,0,17,0,0,3,0,0,0,1,0,9,0,3,0,5,0,1,0,0,0,3,0,1,0,0,3,1,29,0,0,37,2,4,1,0,0,3,2,0,2,0,0,0,6,0,2,3,0,2,9,0,0,0,0,0,1,18,10,1,0,0,9,0,15,0,1,3,2,0,0,3,4,0,2,0,1,0,1,4,1,0,0,1,0,1,0,0,0,14,2,15,0,1,0,4,0,3,1,9,13,1,1,0,0,2,0,1,1,50,20,3,0,0,0,47,0,0,0,0,0,1,3,3,0,58,1,40,0,0,2,0,0,2,79,0,0,0,8,0,3,0,0,0,8,0,16,0,0,1,1,0,4,2,0,0,1,0,0,4,1,1,1,5,3,4,20,3,0,0,0,1,50,4,0,1,0,1,4,0,14,2,0,0,8,9,0,2,3,0,12,14,7,1,2,3,6,0,1,1,4,2,0,3,21,1,2,15,103,0,11,1,7,1,0,11,0,5,27,0,2,0,1,0,0,0,5,9,0,7,0,9,5,1,20,0,2,0,0,2,0,1,0,0,1,7,1,7,1,0,12,3,0,0,1,20,0,0
3,1228,ESCOLA MUNICIPAL GUILHERME LACERDA BRAGA SOBRINHO,"RUA SIMÃO BRANTE, N. 1735",UBERABA,-25.4920289,-49.223117,37,0,1979,1480,121,94,0,2,1,2,13,1,1,2,3,0,0,0,1,1,3,8,0,10,2,4,0,2,10,0,1,2,0,0,0,1,0,0,1,0,0,1,0,0,10,0,0,2,2,0,0,1,0,0,0,10,1,0,0,0,0,0,0,3,0,0,0,72,0,7,13,1,61,0,0,3,1,1,4,0,9,2,0,3,1,0,0,2,1,1,0,1,0,0,0,0,0,3,2,12,0,1,0,0,0,3,3,0,0,0,2,0,1,0,0,1,0,0,0,0,3,0,0,1,0,1,0,0,0,2,5,0,0,0,0,0,0,0,4,0,6,0,3,0,5,0,0,1,0,0,0,1,0,9,10,7,9,0,0,0,4,10,3,0,0,0,0,0,4,4,1,6,0,1,0,2,5,1,0,1,2,0,0,0,0,0,0,4,1,0,6,2,0,1,0,1,0,0,0,1,0,0,0,1,0,0,9,0,0,0,0,0,1,0,0,0,0,0,0,0,0,0,0,0,0,0,1,0,0,0,0,0,10,0,0,0,1,11,2,0,0,0,1,0,0,10,4,0,2,4,0,1,0,0,0,0,0,0,0,0,3,0,0,0,1,1,1,2,59,1,8,0,3,0,1,1,5,3,0,0,0,0,1,1,4,3,0,0,0,0,3,0,0,2,3,2,0,7,15,0,0,11,1,3,14,0,0,2,0,0,1,43,0,12,0,0,5,0,0,0,4,0,0,0,0,0,0,0,0,0,0,0,1,0,1,1,7,0,0,0,0,0,0,0,0,0,2,0,0,0,0,0,0,1,0,0,0,0,8,0,0,0,0,0,9,0,0,0,0,0,0,3,0,1,0,0,0,0,0,0,0,0,0,0,0,0,0,0,0,0,0,4,0,0,0,0,0,0,0,0,0,2,0,0,0,0,0,0,0,0,0,0,0,0,0,0,0,0,0,2,0,0,0,0,1,0,0,1,0,1,0,0,0,0,0,0,0,10,0,1,0,0,0,1,0,2,0,0,0,1,2,0,0,1,0,0,0,0,2,19,0,0,0,0,0,0,0,0,2,2,0,2,2,1,0,1,0,0,0,0,0,1,0,0,0,5,0,7,1,2,0,0,1,0,0,0,0,2,0,0,0,9,5,0,2,0,3,0,0,0,4,0,0,0,0,2,0,0,0,0,0,0,0,0,1,0,0,0,0,0,0,0,0,0,0,0,1,0,2,2,1,0,0,0,0,2,0,0,0,0,0,0,2,0,2,0,0,0,1,0,0,0,0,0,0,6,4,0,0,0,2,1,11,0,0,0,0,0,0,2,0,0,82,0,4,0,0,1,0,0,0,0,0,2,0,0,0,3,0,5,0,6,0,0,0,1,0,0,2,0,5,0,0,1,0,0,0,29,5,1,0,1,0,23,1,0,0,1,0,0,3,0,0,23,0,13,0,1,0,1,0,1,13,0,0,1,1,0,0,0,0,0,0,0,7,0,0,0,0,0,0,1,0,0,1,0,0,1,1,0,1,0,1,0,3,0,0,0,0,0,9,0,0,0,0,0,0,0,7,3,0,0,1,1,1,0,0,0,3,2,4,1,3,1,6,0,0,0,0,0,0,1,10,2,0,25,3,0,1,1,0,0,0,0,1,2,1,0,0,0,0,0,0,0,0,7,7,0,0,9,2,0,0,0,1,0,0,0,0,0,0,0,0,2,0,0,1,0,0,0,0,0,0,0,0,0
3,1465,COLÉGIO ESTADUAL ALFREDO PARODI,"RUA ESPIRIDIÃO KALLUF, 125, JARDIM CENTAURO",UBERABA,-25.4939276,-49.2099997,37,0,5845,3969,315,187,0,3,6,4,25,0,0,4,13,1,2,1,1,5,13,26,1,21,1,7,3,3,24,1,7,2,0,1,2,1,1,0,3,2,12,1,0,1,29,0,1,2,0,1,2,2,0,1,5,16,1,0,0,1,2,0,0,1,0,0,0,76,0,8,21,6,77,0,0,9,1,4,5,0,19,2,1,1,3,2,0,4,6,7,0,2,0,2,0,1,3,11,2,12,0,0,0,0,1,7,8,1,1,1,6,26,0,0,0,5,0,1,1,0,3,0,0,1,0,1,0,1,0,1,11,0,0,1,1,0,0,0,10,0,17,0,8,0,6,4,1,1,0,1,1,10,1,14,19,52,7,1,0,5,10,34,5,0,1,3,0,0,13,9,3,2,0,4,6,12,18,1,1,3,4,0,0,0,0,4,0,7,3,0,2,14,0,2,0,5,6,0,0,1,1,5,2,2,0,1,42,0,1,0,0,0,0,0,3,0,0,0,1,1,0,1,1,1,0,0,3,0,0,0,0,0,42,0,0,0,0,31,2,0,0,0,1,1,0,31,12,0,0,32,2,12,0,0,0,1,0,0,0,2,5,2,0,0,4,6,6,6,13,3,23,2,7,0,0,48,18,5,2,3,0,1,24,0,26,6,0,2,0,1,8,2,0,2,1,14,1,23,20,1,0,19,0,1,18,3,1,1,0,1,0,195,0,24,1,1,11,0,0,5,1,1,1,0,0,0,1,1,0,2,0,0,0,0,1,1,24,0,0,0,0,0,0,1,1,0,0,0,0,3,10,0,0,1,0,1,0,0,10,0,0,0,0,0,10,0,0,1,0,0,3,4,0,0,0,7,0,0,0,1,0,0,0,0,0,0,0,0,1,0,0,1,0,1,0,1,0,0,0,0,2,0,0,0,1,4,0,0,2,0,0,0,0,2,0,3,3,0,0,0,0,0,0,1,0,0,0,4,0,1,1,1,0,0,2,0,0,21,0,12,0,0,0,6,3,4,0,0,0,0,8,0,0,3,2,4,1,0,22,63,0,2,0,0,0,4,0,2,0,1,1,14,0,1,0,6,3,1,0,0,0,4,0,1,0,3,0,419,2,2,3,0,0,0,0,0,1,1,0,11,1,28,8,2,3,0,2,2,2,0,7,0,1,4,0,0,3,0,0,0,2,0,2,1,0,0,0,0,0,0,2,0,0,0,1,0,13,0,2,2,4,2,1,0,0,1,1,0,1,0,1,0,2,0,0,0,0,1,5,0,0,0,0,0,0,12,10,0,0,1,6,0,7,0,0,0,4,0,0,5,2,0,82,0,0,0,0,0,0,0,1,5,0,1,0,0,7,10,1,7,0,8,0,3,0,0,0,4,7,6,0,0,0,2,0,0,1,37,14,0,0,0,1,49,0,1,0,1,0,1,4,0,0,44,1,5,0,1,0,1,0,0,56,1,0,0,1,0,1,0,0,0,0,0,10,0,0,5,0,0,0,0,0,0,0,0,2,1,0,0,0,0,1,0,10,4,0,0,0,2,28,7,0,0,0,1,11,1,20,2,0,0,6,7,5,1,1,0,20,16,4,3,3,2,10,3,0,3,1,1,0,2,25,0,4,56,66,0,3,1,3,2,0,2,3,0,8,0,0,0,2,0,0,0,1,9,0,0,0,5,1,2,1,0,5,0,2,0,0,3,0,0,0,38,0,1,0,0,4,2,2,0,0,1,0,0
3,1473,COLÉGIO ESTADUAL CONSELHEIRO CARRÃO,"RUA DOUTOR SIMÃO KOSSUBUDSKI, N. 165",UBERABA,-25.4970931,-49.2180592,37,0,4733,3289,314,129,0,9,7,4,17,3,0,6,12,2,3,1,3,2,3,23,0,18,4,12,4,5,35,0,7,4,0,0,0,1,0,0,3,0,8,1,0,0,32,0,0,1,1,0,7,0,0,0,0,12,0,5,0,1,6,0,1,0,0,0,0,138,0,5,27,4,59,0,0,3,3,4,2,1,12,1,0,0,7,0,0,9,1,10,0,1,0,0,2,2,1,10,0,8,0,0,0,3,0,4,6,2,0,0,6,5,1,1,4,5,0,0,0,0,5,0,0,0,0,3,1,1,0,2,9,0,0,1,0,0,0,0,0,0,4,0,9,0,2,0,0,0,0,1,1,1,5,21,15,28,9,2,0,1,2,22,6,0,0,0,2,0,11,6,1,7,1,9,6,19,5,0,0,2,0,1,0,0,0,1,0,8,0,0,15,9,0,0,1,0,2,0,0,0,0,0,4,1,0,0,26,0,2,0,0,5,2,0,1,1,0,0,0,6,4,3,0,2,0,0,2,0,0,0,0,0,19,0,0,0,0,18,4,0,0,0,0,0,0,7,7,0,0,14,0,3,0,0,0,0,0,0,0,1,1,2,0,0,6,9,8,2,46,0,14,1,2,0,1,16,24,2,0,1,0,1,13,2,8,4,0,0,1,0,7,1,1,0,2,18,0,11,14,0,0,11,2,0,9,0,1,4,0,0,0,72,0,14,0,0,7,0,0,0,6,1,1,1,1,0,1,0,0,0,0,3,0,0,0,1,32,0,0,0,0,1,0,1,0,0,1,0,0,0,9,0,0,0,0,4,0,1,11,0,0,0,0,0,0,0,3,2,0,0,0,19,0,0,3,2,0,0,0,0,0,0,0,0,0,0,0,0,2,0,0,15,1,0,0,0,1,0,0,0,2,0,0,0,0,3,0,0,0,0,0,3,0,0,2,0,2,0,0,0,0,0,0,0,0,0,0,3,0,0,0,0,0,0,2,0,0,8,0,6,0,0,0,2,0,1,0,0,0,2,6,0,1,0,2,1,2,0,9,30,1,0,2,1,0,0,0,0,0,0,2,0,0,0,0,6,0,0,0,0,0,3,0,0,0,6,2,36,7,7,0,0,1,0,0,0,5,0,0,1,0,24,7,0,1,0,3,2,0,0,8,0,0,3,0,0,1,0,1,0,0,0,0,0,0,1,0,0,0,0,0,0,0,0,1,0,4,0,0,3,2,0,0,0,0,4,0,0,1,0,1,0,3,0,2,0,0,0,2,0,0,0,0,0,0,11,4,0,0,0,3,0,8,1,0,0,0,0,1,0,2,0,437,0,26,2,2,2,0,0,1,3,0,2,2,0,3,4,2,4,0,4,0,5,0,2,1,1,6,3,2,0,0,2,0,0,0,35,12,0,0,0,0,76,3,0,0,1,0,0,1,0,0,65,0,14,0,0,0,0,0,0,35,0,0,1,3,0,0,0,0,0,0,0,7,2,0,1,0,2,0,0,0,2,1,0,0,0,0,0,0,0,2,1,5,2,0,0,0,1,13,0,1,0,0,0,5,1,21,3,0,1,2,1,0,3,7,0,3,9,5,0,7,1,18,4,0,2,2,0,0,1,16,1,0,82,26,0,4,2,0,3,0,0,1,0,5,0,0,0,0,0,0,0,0,5,2,0,0,12,5,1,1,0,1,0,1,0,0,1,0,0,0,36,0,0,0,0,4,5,2,1,0,0,0,0
3,1481,ESCOLA MUNICIPAL DONA LULA,"RUA ELIAS MOYSES SCHELELA, N. 570",UBERABA,-25.4860754,-49.2263022,37,0,2149,1580,132,84,0,3,1,2,13,1,2,2,1,1,2,0,0,2,1,8,0,6,0,4,1,3,20,0,2,0,0,0,0,2,0,0,1,0,0,0,0,1,18,0,1,0,0,0,3,1,0,2,2,12,0,0,0,0,2,0,0,0,0,1,0,46,0,9,43,3,58,0,0,1,0,5,0,0,8,2,0,0,1,0,0,0,9,4,1,2,0,0,2,1,1,7,0,5,0,0,0,1,0,4,2,2,0,0,3,5,1,0,0,5,0,1,0,0,3,0,0,1,0,1,0,2,0,2,4,0,0,0,0,3,0,0,4,0,5,0,6,0,4,2,4,0,0,0,0,4,0,6,15,7,5,0,0,1,2,9,3,0,0,0,1,0,7,3,3,4,0,8,0,3,12,0,2,2,0,1,0,0,0,2,0,4,0,0,6,7,1,0,0,0,1,0,0,0,0,0,4,0,0,0,32,0,0,0,0,0,0,0,0,0,0,0,0,0,1,1,0,0,0,0,0,0,0,0,0,0,23,1,0,0,1,20,1,0,0,0,2,0,0,13,14,0,1,5,0,1,2,0,0,0,0,0,0,0,4,0,0,2,5,7,1,5,14,0,3,0,2,0,2,1,3,7,0,0,0,0,7,1,2,4,0,4,0,0,5,0,1,0,4,1,0,3,25,0,0,2,0,0,7,2,0,0,0,0,2,40,0,27,0,0,9,0,0,2,3,0,0,0,0,0,0,0,0,1,0,0,0,0,0,0,17,0,0,0,0,0,0,0,0,0,0,0,0,0,2,0,0,2,0,0,0,0,0,0,0,0,0,0,1,0,0,1,0,0,0,3,0,0,0,2,0,0,0,0,0,0,0,0,0,0,0,0,2,0,0,4,0,0,0,0,0,0,0,0,2,0,0,0,0,0,0,0,0,0,0,0,0,0,0,0,0,0,0,0,0,0,0,0,0,0,3,3,0,0,0,0,0,2,0,0,0,14,0,0,0,0,2,2,0,2,0,0,0,0,3,0,0,1,0,0,2,1,3,19,0,0,1,0,0,0,0,0,1,0,0,5,0,0,0,0,0,0,0,0,0,0,0,0,0,4,0,9,0,3,0,0,0,0,1,0,0,1,0,2,1,21,4,0,0,0,0,0,0,0,9,0,0,0,0,0,0,1,0,0,4,0,0,2,0,0,0,0,0,0,0,0,0,0,3,0,2,0,16,0,1,1,4,0,0,0,0,0,0,0,2,0,2,0,0,0,0,0,2,1,0,0,0,0,0,2,3,0,0,0,3,3,4,0,0,0,0,0,0,0,0,0,31,0,1,0,1,3,0,0,1,0,0,1,0,0,0,3,0,3,0,5,0,5,0,1,0,1,2,0,1,0,0,3,0,0,0,5,5,2,0,0,0,17,0,1,0,0,0,0,0,0,0,28,1,0,0,0,0,0,0,2,10,0,0,0,1,0,0,0,0,0,0,0,12,0,0,2,0,1,1,0,0,0,0,0,0,1,0,0,0,0,1,1,6,0,0,0,0,0,8,1,0,0,2,0,0,1,3,2,0,0,0,1,0,0,2,0,8,10,3,0,1,1,6,0,0,0,0,0,0,1,4,0,4,29,15,0,0,2,2,3,2,0,13,1,0,0,0,0,0,0,0,0,1,6,4,0,0,3,0,0,0,0,1,0,0,3,2,0,0,0,0,2,0,0,0,0,1,0,0,2,0,0,0,1
3,1490,ESCOLA MUNICIPAL PROFESSORA DONATILA CARON DOS ANJOS,"RUA ALVORADA, N. 460, CANAL BELEM",UBERABA,-25.4785787,-49.2395903,37,0,2285,1665,148,102,0,2,3,1,17,0,0,1,8,0,0,0,0,1,1,7,0,7,0,5,2,0,17,0,1,1,0,0,0,1,0,0,0,0,5,1,0,0,16,8,1,1,4,0,1,0,0,0,0,8,0,0,0,1,0,0,0,1,0,0,0,60,0,7,15,3,69,0,0,0,3,5,3,0,12,2,0,2,5,0,0,6,7,3,0,0,0,0,0,1,0,8,1,6,0,0,2,1,2,1,5,0,0,0,4,13,0,0,2,3,0,0,0,0,5,0,0,0,0,1,0,0,0,1,1,0,0,1,0,0,0,0,9,0,3,1,9,0,3,0,1,0,1,0,0,5,2,8,7,4,7,0,0,1,1,32,2,1,2,3,2,0,6,1,0,2,0,5,0,3,11,0,5,0,2,1,0,0,0,0,0,1,0,0,23,10,1,0,0,1,0,0,0,0,0,0,2,0,0,0,12,0,0,0,0,2,0,0,0,0,0,0,0,0,1,6,0,0,0,0,0,0,0,0,0,0,25,0,0,0,1,10,0,3,1,0,0,0,0,4,6,0,0,13,1,1,0,1,0,0,1,0,0,0,2,1,0,0,2,0,3,4,6,0,9,0,4,0,0,5,15,6,0,0,0,0,10,6,2,2,1,0,0,0,4,0,0,2,2,3,1,6,10,0,0,9,10,0,8,0,0,0,0,5,1,20,0,24,1,0,9,0,0,0,2,1,4,0,0,1,2,0,0,0,0,0,0,0,0,0,10,0,0,4,2,0,0,0,0,0,1,0,0,0,4,0,0,1,0,1,0,0,2,0,0,0,0,0,0,0,0,3,0,0,0,1,0,0,1,4,0,0,0,0,0,0,0,0,0,0,0,0,0,0,0,6,1,3,0,0,0,0,0,0,0,0,0,0,3,0,0,0,0,0,0,2,0,0,0,1,1,0,0,2,1,0,1,0,0,0,0,2,0,1,0,0,4,1,0,0,1,8,0,2,0,0,0,4,0,3,0,0,0,0,5,0,0,0,0,0,0,0,7,16,0,0,0,0,0,1,0,0,0,0,0,2,0,0,0,1,0,0,0,0,0,3,0,0,0,5,0,2,0,0,1,0,0,0,0,0,0,1,1,0,0,27,9,0,0,0,1,2,0,0,2,0,0,1,0,0,2,0,0,0,0,0,0,0,0,0,0,1,0,0,0,0,0,0,0,0,2,0,6,1,5,0,0,0,0,0,0,0,0,0,0,0,2,0,1,0,1,1,2,2,0,0,0,1,0,8,2,0,0,0,1,0,4,0,0,0,0,0,0,0,1,0,19,0,2,0,0,0,0,0,1,4,0,1,0,0,0,6,0,8,0,10,0,1,0,0,1,0,8,0,0,0,1,0,0,0,1,14,9,0,0,0,0,27,1,0,2,0,0,0,0,1,2,37,0,10,0,0,0,0,0,0,22,0,0,0,0,0,0,0,3,0,0,1,8,0,0,0,1,0,0,0,0,0,1,0,0,0,0,0,0,0,0,0,2,1,0,0,0,1,7,0,0,0,0,0,0,0,2,0,0,0,6,3,1,0,1,1,4,6,8,0,0,3,2,0,0,2,0,0,0,1,9,0,5,33,9,1,0,0,3,0,0,0,2,1,4,2,0,0,2,0,0,0,0,10,0,0,0,5,3,0,0,0,0,0,0,2,0,0,0,0,0,1,0,0,0,0,4,2,0,0,0,1,1,0
3,1503,ESCOLA MUNICIPAL C.E.I. ISSA NACLI,"RUA CAPITÃO LEÔNIDAS MARQUES, N. 2147, UBERABA DE CIMA",UBERABA,-25.4820981,-49.2133185,37,0,5553,4068,304,189,0,4,1,11,37,2,0,2,7,6,1,0,0,12,2,28,3,16,0,5,4,7,50,1,5,5,1,0,1,1,0,0,4,0,5,1,0,3,30,1,0,0,5,0,10,1,0,1,2,11,1,0,0,0,0,0,2,0,0,0,0,87,3,6,42,4,67,0,0,7,7,2,7,3,19,1,0,1,7,0,0,1,7,28,0,0,0,0,2,0,2,6,2,18,2,0,3,1,0,6,10,0,3,2,7,22,1,0,0,3,2,1,0,0,4,1,1,1,0,2,0,0,1,3,20,0,0,0,0,0,1,2,8,3,11,0,21,0,5,6,3,2,0,0,1,13,5,17,16,37,30,1,0,3,27,40,6,0,1,1,8,0,25,15,4,5,0,6,3,11,21,0,1,2,1,1,2,0,2,1,3,6,0,0,5,5,2,0,0,6,2,0,0,0,1,0,1,1,1,0,46,1,1,0,0,2,2,0,1,0,0,0,3,2,1,0,1,0,0,0,1,1,0,2,0,1,42,0,0,0,0,49,2,0,0,0,0,0,1,31,23,0,0,25,0,4,0,0,0,0,1,1,1,5,3,3,1,2,10,9,9,5,26,2,9,0,9,0,0,27,31,11,0,2,0,1,22,1,3,6,3,0,5,0,7,1,1,4,2,9,2,16,34,1,0,36,2,0,39,6,1,1,0,0,2,89,0,16,0,1,24,0,0,2,3,2,0,0,0,0,1,1,0,0,0,0,0,0,0,0,15,0,0,0,0,0,0,1,0,1,2,0,0,1,5,0,0,8,0,0,0,0,1,0,0,0,0,1,7,0,0,3,0,0,0,4,0,0,0,1,0,0,0,0,0,0,0,0,0,0,1,0,1,0,1,0,2,1,0,0,0,0,0,0,1,0,0,0,2,0,0,0,0,0,0,1,0,2,0,3,0,0,0,8,2,0,0,0,0,0,0,13,0,3,0,1,0,3,0,0,0,29,0,5,0,1,1,5,0,12,0,3,0,0,10,0,0,1,4,3,0,0,24,75,1,0,2,0,0,6,1,2,0,0,4,16,0,1,0,12,0,2,0,0,0,2,3,0,0,4,0,36,0,9,1,0,1,0,0,0,0,7,0,0,0,53,16,1,2,1,4,0,5,1,14,0,0,4,0,0,2,0,1,0,0,3,0,14,1,0,0,0,0,0,1,0,0,0,4,0,65,0,1,7,1,1,6,1,0,2,0,0,0,0,0,0,12,2,0,0,0,0,0,0,0,0,0,0,3,10,13,0,1,0,13,0,12,0,0,0,5,0,0,41,0,0,5,21,1,0,0,3,1,0,9,2,0,1,0,0,7,12,6,13,0,24,0,4,1,0,4,2,2,2,0,0,0,3,0,0,0,41,20,1,0,2,1,45,0,5,0,2,0,1,0,1,0,42,0,3,0,2,0,2,1,0,56,0,0,2,8,0,0,0,0,0,0,0,10,1,0,1,0,1,1,1,1,2,0,1,0,1,0,1,0,0,1,0,4,0,0,0,0,0,19,2,0,0,0,0,3,0,20,2,0,0,2,6,20,3,4,0,14,20,7,2,1,2,14,1,0,2,1,1,0,1,23,2,8,105,227,0,5,6,0,5,1,2,1,4,12,0,0,0,3,0,0,2,0,12,0,0,0,11,7,4,5,0,2,1,1,1,0,1,0,0,0,12,0,0,0,1,5,1,2,0,2,1,0,0
3,1511,ESCOLA MUNICIPAL PROFESSOR JOÃO  MACEDO FILHO,"RUA ULISSES JOSÉ RIBEIRO, N. 410",UBERABA,-25.4719677,-49.2274428,37,0,2424,1819,125,95,0,0,4,2,12,1,1,1,8,1,0,1,0,5,2,15,0,10,0,6,1,1,15,0,2,0,0,0,0,3,0,0,0,0,5,0,0,3,4,0,0,4,1,0,4,2,1,2,0,2,0,1,1,0,0,0,0,1,0,0,0,49,1,7,38,3,65,0,1,11,0,1,2,0,13,0,0,4,0,0,0,1,9,5,0,2,0,0,1,0,0,1,0,5,0,0,3,0,0,2,2,0,0,1,0,13,0,0,0,3,0,1,0,0,2,0,0,0,0,8,0,0,0,0,5,2,0,0,0,0,0,0,9,1,5,0,14,0,7,2,1,0,0,0,0,10,0,5,12,9,9,0,1,1,4,14,7,0,1,2,1,4,3,6,1,0,0,2,3,11,10,0,0,1,2,0,0,0,0,1,0,8,0,0,2,5,0,0,0,2,3,2,0,0,1,0,2,6,0,0,13,0,3,0,0,0,0,1,0,0,0,0,0,1,1,1,5,0,0,0,0,0,0,0,0,0,18,0,0,0,0,26,1,0,0,0,0,0,0,14,14,0,0,9,1,6,0,1,0,0,0,0,0,1,7,0,0,0,0,1,0,3,17,0,13,1,3,0,1,3,13,20,0,0,0,0,9,1,0,2,1,0,3,0,3,0,0,1,1,9,0,6,21,0,1,18,4,0,19,2,2,2,0,0,2,11,0,20,1,0,24,0,0,0,0,1,0,0,0,0,0,0,0,0,2,0,0,0,2,0,7,0,0,0,0,0,0,0,0,0,2,0,0,0,1,0,0,6,0,0,0,0,1,0,0,0,0,0,1,0,2,0,0,0,0,4,0,1,0,3,0,0,0,0,0,0,0,0,0,0,0,0,2,0,0,0,0,0,0,0,0,0,1,0,0,1,0,0,2,0,0,0,1,0,0,0,0,0,0,6,0,0,0,0,0,0,0,2,0,0,0,4,0,0,0,0,0,0,0,0,0,24,0,3,0,0,1,2,0,6,0,0,0,1,9,0,0,0,3,2,2,0,16,43,4,2,1,0,0,3,0,0,0,0,0,6,1,1,1,0,0,0,0,0,0,1,0,1,0,2,0,9,0,0,0,0,0,0,0,1,1,4,0,1,1,38,7,0,1,0,0,0,0,0,11,0,0,1,0,3,0,0,0,0,0,0,0,0,0,0,0,0,0,0,1,0,0,0,0,0,4,0,0,0,1,1,3,0,0,0,0,0,0,0,0,0,1,0,2,0,2,0,0,0,0,0,0,0,0,7,2,0,0,0,6,0,6,0,0,0,3,0,0,5,0,0,6,0,1,0,0,1,1,0,0,0,0,0,0,0,2,4,0,9,0,8,1,2,0,1,0,2,3,0,0,1,0,12,0,0,0,16,14,0,0,0,0,18,0,1,0,4,0,0,0,0,0,26,0,2,0,0,0,0,0,0,31,0,0,0,7,0,0,0,0,0,0,1,1,0,0,0,0,0,3,0,0,1,0,0,0,1,1,0,0,0,1,0,0,0,0,0,0,0,16,0,0,0,0,0,0,0,2,0,0,0,2,2,3,1,0,1,7,3,1,2,2,1,5,0,0,1,0,3,3,2,11,0,1,13,43,0,1,2,0,0,0,0,4,1,5,0,0,0,2,0,0,0,0,10,0,0,0,3,2,1,1,0,0,1,0,0,0,0,0,0,1,7,0,0,0,0,8,0,0,0,0,0,0,0
3,1546,ESCOLA ESTADUAL SÃO PAULO APÓSTOLO,"RUA CORONEL JOSÉ CARVALHO DE OLIVEIRA, N. 1275",UBERABA,-25.4817072,-49.2271629,37,0,6169,4474,319,260,0,4,9,4,26,3,0,3,17,2,1,1,0,9,3,44,2,18,0,11,4,7,39,3,6,1,0,0,1,1,1,0,3,0,6,0,0,4,42,3,5,1,2,2,2,3,0,0,0,4,0,0,1,0,2,0,0,3,0,0,1,120,4,4,60,5,247,0,0,15,3,6,5,2,15,4,0,0,10,0,0,7,21,8,0,7,0,1,0,0,0,8,0,27,1,0,2,2,1,6,11,1,2,0,1,19,1,0,0,2,3,2,0,0,7,0,0,1,0,0,0,0,0,3,15,0,0,0,1,0,0,0,18,0,17,1,13,0,10,1,1,2,0,2,0,15,1,24,21,34,25,0,0,2,19,55,7,0,0,5,3,1,8,9,13,11,0,22,3,19,26,0,2,4,5,0,0,0,0,1,1,11,3,2,9,15,2,1,0,9,2,2,0,3,0,0,7,3,0,1,38,0,1,0,0,2,2,0,4,0,0,0,0,7,1,2,1,0,0,0,0,0,1,1,0,0,51,3,0,2,0,79,2,0,0,0,0,0,1,26,21,1,2,25,0,10,0,0,0,0,0,0,0,1,7,0,0,2,12,1,13,4,23,1,29,0,11,0,1,3,11,7,0,0,0,1,5,7,7,3,0,6,9,0,14,0,0,0,6,11,1,21,34,0,0,28,8,0,31,4,2,1,0,0,3,94,0,105,0,1,46,0,0,1,16,2,1,0,0,1,0,1,0,2,2,1,0,0,1,1,29,0,2,0,0,0,0,3,0,0,3,0,0,1,5,0,2,3,0,3,0,1,3,0,0,0,0,0,4,0,2,10,0,0,2,0,0,0,0,2,0,0,0,0,1,0,0,1,0,0,0,0,3,0,0,4,0,0,0,0,0,0,0,0,5,1,0,4,0,3,0,0,0,1,0,2,0,0,1,4,2,0,1,1,0,0,0,0,0,0,1,7,0,2,0,0,0,1,1,0,0,26,0,3,0,0,2,5,0,5,0,0,0,2,11,1,0,4,1,6,3,2,11,80,1,5,4,2,0,4,1,0,0,2,1,4,1,3,0,0,2,0,3,1,0,2,0,0,0,11,0,20,1,5,3,0,2,0,0,0,1,2,2,4,1,70,15,0,0,0,5,0,2,1,22,0,0,2,0,1,1,1,4,0,1,2,0,0,0,3,0,1,0,0,0,0,0,0,2,0,6,0,17,3,6,1,0,1,0,1,0,0,0,0,0,0,7,0,0,2,0,2,7,0,0,3,0,3,0,13,18,0,1,0,18,4,17,0,0,1,3,0,0,4,0,0,37,2,3,0,0,1,9,0,2,5,2,2,0,0,1,7,3,17,0,20,0,4,0,2,1,13,16,1,6,0,0,4,0,0,0,39,29,3,0,0,0,46,0,2,0,4,1,0,0,1,0,93,1,1,0,5,0,2,0,0,53,0,0,0,3,1,2,0,1,0,0,0,21,1,0,0,0,1,1,1,0,0,0,0,0,5,1,0,3,0,3,0,9,1,0,0,0,0,27,8,0,0,0,0,3,0,9,2,0,2,8,5,2,3,2,1,9,17,14,2,6,3,12,1,0,1,2,0,1,1,27,0,3,81,36,0,4,10,0,1,0,0,35,7,24,0,0,0,1,0,0,0,3,24,4,0,0,8,1,1,5,0,0,0,1,2,0,1,0,0,0,2,0,0,1,1,6,2,2,2,0,0,0,4
3,1562,CRECHE MUNICIPAL TRINDADE,"RUA DA TRINDADE, N. 368, VILA TRINDADE",CAJURU,-25.4467777,-49.2055083,21,0,2175,1551,137,72,0,3,3,2,9,1,0,2,2,0,0,1,0,1,0,4,0,7,0,2,2,2,14,0,12,1,0,0,0,0,0,0,0,0,4,0,1,0,12,0,0,2,0,1,4,0,1,0,0,3,0,0,0,0,0,0,0,1,0,0,0,15,0,0,1,2,2,0,0,6,0,0,0,0,18,0,0,0,3,0,0,1,2,8,0,0,0,1,0,0,0,6,0,0,0,0,1,0,1,2,0,1,0,1,6,1,0,0,1,2,0,0,0,0,2,0,0,0,0,1,0,1,0,1,2,0,1,0,0,0,0,0,1,0,6,0,10,0,2,0,0,0,0,1,0,1,0,4,7,11,2,0,1,1,3,10,1,0,0,3,1,0,3,1,0,1,1,1,0,15,7,0,0,0,0,1,0,0,0,0,1,1,4,0,0,0,2,0,0,2,1,0,0,0,0,0,2,2,0,3,57,0,0,0,0,0,0,0,0,1,0,0,0,3,0,0,0,0,0,0,0,0,0,1,0,0,9,0,0,0,0,6,2,0,0,1,0,0,0,19,4,0,0,2,0,1,2,0,0,0,0,0,0,0,0,0,0,0,5,0,0,0,4,0,8,0,1,0,0,1,18,2,0,1,1,0,6,0,10,11,1,0,0,3,1,0,0,1,0,12,0,4,11,0,1,6,0,0,2,0,1,0,0,0,0,0,0,1,0,0,0,0,1,1,1,0,0,1,0,0,0,0,0,0,0,3,0,0,0,1,9,0,1,0,0,0,0,0,0,0,0,1,0,0,0,0,0,2,0,0,0,0,1,0,2,0,0,0,0,0,0,0,0,0,1,0,0,0,0,0,0,0,0,0,1,0,0,0,3,0,0,0,1,0,0,0,0,1,0,0,0,0,0,0,0,0,0,0,1,0,0,0,0,0,0,0,0,0,0,2,1,1,0,230,1,0,0,0,0,0,0,0,0,0,0,0,0,0,0,0,0,3,0,0,0,0,0,2,0,5,0,0,0,2,4,0,0,1,0,0,0,0,3,9,0,2,0,1,0,0,0,0,0,0,0,1,0,0,0,1,0,0,0,0,0,0,0,0,0,5,0,1,0,2,0,0,0,0,0,0,1,0,0,0,0,13,3,0,2,0,0,3,0,0,2,0,1,2,0,0,0,3,0,1,0,1,0,1,0,0,0,0,0,0,0,1,0,0,2,0,1,0,0,5,0,0,0,0,0,2,0,0,0,0,0,0,0,0,0,0,0,0,4,0,0,0,0,0,0,2,0,0,0,0,0,0,2,0,0,2,1,0,0,3,3,0,1,0,0,0,0,0,0,0,0,0,3,5,0,1,0,0,0,1,0,2,0,4,0,0,0,1,1,1,1,0,0,0,0,0,0,12,10,1,0,0,0,19,0,0,1,1,0,0,0,0,0,23,0,195,0,0,0,1,0,0,16,0,0,0,1,0,0,0,0,0,2,0,4,1,0,1,0,0,0,2,0,1,0,0,0,0,0,0,0,0,2,0,0,1,0,0,0,2,3,1,0,0,1,0,1,0,2,1,0,0,2,0,0,0,1,0,2,3,3,0,0,0,1,0,0,0,1,2,0,0,6,0,6,1,62,0,4,0,2,0,0,1,0,0,9,0,0,0,0,0,0,0,0,1,0,2,0,1,2,0,0,0,4,1,0,0,0,0,0,0,0,1,1,1,0,0,2,1,0,0,0,4,0,0
3,1589,ESCOLA MUNICIPAL ELZA LERNER,"RUA LUIZ FRANÇA, 2873, VILA CAMARGO",CAJURU,-25.4619114,-49.2150122,21,0,4367,3312,256,154,0,0,7,3,29,3,0,3,5,2,0,1,3,7,2,15,0,11,1,3,1,3,53,0,7,2,0,0,0,3,0,0,0,0,9,0,0,2,42,0,9,1,2,8,1,0,3,1,2,5,0,0,0,0,0,0,0,0,0,0,0,33,0,3,16,4,13,0,0,10,1,5,3,0,3,6,0,0,3,0,1,2,0,18,0,2,0,0,2,0,0,25,0,8,2,0,3,3,1,9,4,0,1,1,13,12,0,0,0,0,0,1,0,0,5,1,3,0,0,4,0,2,0,1,5,1,0,0,0,0,0,2,2,0,6,0,6,0,16,2,0,0,1,0,0,3,5,10,24,45,8,0,0,1,12,21,5,2,0,1,4,0,4,11,3,1,14,5,3,10,32,1,0,3,0,2,1,0,1,1,0,6,3,0,0,5,7,0,0,1,5,0,0,1,0,1,0,1,0,0,104,0,6,0,0,1,0,0,0,0,0,0,0,0,1,0,1,0,0,0,0,0,1,2,0,0,24,0,0,1,0,37,2,0,0,2,0,0,0,50,10,0,0,17,0,2,3,0,1,0,0,0,0,1,3,1,0,0,3,7,9,3,11,0,9,2,4,0,0,13,14,6,0,0,0,0,14,0,35,2,0,0,0,0,4,1,1,3,2,77,0,15,23,0,0,30,0,0,10,0,4,1,0,0,3,3,0,8,0,0,8,0,1,0,3,0,0,2,0,0,0,0,0,0,1,0,1,0,1,0,9,0,0,0,0,1,0,0,6,0,1,0,0,0,0,0,0,1,0,0,0,0,0,0,0,0,0,1,0,0,2,0,0,0,0,2,0,0,0,0,0,0,0,0,0,0,0,0,0,0,0,2,0,0,0,0,0,0,0,0,0,0,0,1,0,0,0,0,0,0,0,0,0,0,0,0,0,2,0,11,0,0,0,24,1,0,0,1,1,0,0,1,0,2,0,0,0,1,0,0,0,16,0,3,0,0,7,1,2,6,0,1,0,1,2,0,0,5,2,0,1,0,11,40,0,0,1,0,2,1,0,0,0,0,2,4,0,0,1,2,2,1,0,0,0,0,1,0,0,12,0,6,0,7,0,0,0,0,1,0,10,5,6,1,5,48,18,0,1,4,1,1,0,1,10,1,0,1,0,0,3,2,0,0,0,0,0,0,0,0,0,0,0,0,0,1,0,0,7,0,9,0,0,19,3,1,0,1,0,1,0,0,0,0,0,1,0,0,1,1,3,3,1,0,1,0,0,0,0,1,3,0,0,0,10,0,15,1,0,2,8,0,0,11,6,0,5,1,0,0,0,1,0,0,0,2,0,0,0,1,0,3,0,3,0,0,0,3,1,2,1,1,4,1,2,2,0,2,0,0,1,31,11,2,0,0,0,39,0,0,0,0,0,1,0,1,1,49,0,20,1,0,0,0,0,0,31,0,0,0,0,2,0,0,1,0,0,0,9,3,0,2,0,1,2,0,0,1,0,0,0,0,0,0,0,0,0,1,12,1,3,0,0,9,15,3,0,2,0,0,2,0,3,0,0,0,3,1,4,1,5,0,10,11,10,0,5,1,13,2,0,1,3,6,1,0,9,0,3,7,595,2,5,3,0,0,0,3,1,1,9,0,0,0,0,1,0,0,4,13,0,0,0,4,8,7,3,0,0,1,2,0,0,0,2,0,0,1,0,4,0,0,11,4,2,1,0,4,0,0
3,1597,ESCOLA MUNICIPAL C.E.I.  RITTA ANNA DE CÁSSIA,"RUA FORTALEZA, N. 1343, VILA CAMARGO",CAJURU,-25.458176,-49.2046387,21,0,3378,2504,242,120,0,0,1,3,16,9,0,1,7,1,0,0,1,3,1,12,1,7,1,8,1,0,37,1,5,2,0,0,0,0,0,1,0,0,1,0,0,0,17,0,1,3,1,4,3,0,1,0,0,19,0,0,1,0,2,0,0,0,0,0,0,20,0,6,5,1,1,0,0,25,0,0,0,0,10,1,0,1,6,0,0,0,1,13,0,0,0,0,0,1,1,2,0,1,0,0,2,0,0,0,4,0,0,1,9,2,0,0,1,0,0,0,0,0,4,2,0,1,0,0,0,0,0,1,4,0,0,0,0,0,0,0,2,0,3,0,16,0,2,0,0,0,0,3,0,2,4,6,11,23,2,2,0,3,5,10,4,0,0,0,1,0,3,5,2,1,0,4,4,12,9,0,2,0,0,0,1,0,0,2,0,1,4,0,0,1,17,0,4,1,0,2,0,0,0,0,0,0,0,1,374,0,4,0,0,0,1,0,1,1,0,0,1,0,2,1,0,0,0,0,1,0,0,0,0,1,13,0,0,1,0,12,0,0,0,0,0,0,0,93,1,0,0,4,0,3,1,0,0,0,0,0,0,0,0,1,0,0,5,2,2,3,7,1,6,1,3,0,0,3,10,3,0,0,0,0,9,0,7,2,0,0,2,3,1,0,0,2,0,14,0,4,7,0,0,8,0,0,7,0,1,1,0,0,1,5,0,4,0,0,3,0,0,0,3,0,0,0,0,2,1,0,0,0,0,1,1,0,0,0,8,0,0,0,0,1,0,0,1,0,0,0,0,1,0,0,0,0,0,0,0,0,0,0,0,1,0,0,3,0,0,0,0,0,1,0,0,2,0,0,0,0,0,0,0,0,0,0,2,0,0,0,0,0,0,0,1,1,0,0,0,0,0,0,0,0,0,0,1,1,0,0,0,0,0,0,0,0,0,9,0,0,0,98,2,0,0,0,0,0,0,3,0,2,0,0,0,0,0,0,0,4,0,2,0,0,0,2,0,1,0,2,0,0,7,0,0,0,0,0,0,0,1,10,0,0,0,1,0,0,0,0,0,0,0,0,0,0,0,0,0,0,0,0,0,0,0,0,0,6,0,2,0,1,0,0,0,0,0,0,29,0,0,2,0,14,5,0,0,0,0,1,2,0,9,0,0,4,0,1,0,0,0,0,0,0,3,1,0,0,0,0,0,0,0,0,0,0,3,0,0,0,0,6,0,1,0,0,0,0,0,0,0,0,0,0,2,0,0,0,0,0,6,0,0,1,0,0,0,2,3,0,0,0,5,0,6,0,0,1,13,0,0,4,5,0,12,0,0,0,5,1,0,1,0,0,0,4,0,1,0,0,0,9,0,0,0,0,0,0,0,0,2,0,0,1,0,0,1,0,0,15,9,3,0,0,0,33,0,0,0,1,1,2,0,0,0,26,0,135,1,0,0,0,1,0,25,0,0,0,1,0,0,0,2,0,0,0,6,0,0,0,0,0,0,2,0,0,0,0,0,0,4,0,0,0,0,0,13,0,1,0,0,7,0,0,0,0,0,0,0,0,3,1,0,0,1,0,0,3,4,0,3,0,5,0,4,0,2,1,0,0,5,10,0,0,7,0,2,5,284,1,0,1,1,0,0,3,0,1,2,0,1,0,0,1,0,0,0,3,0,0,0,5,1,1,0,0,4,4,0,0,0,0,0,1,1,1,0,1,0,0,6,1,0,0,0,7,0,0
3,1600,ESCOLA BANDEIRANTES,"RUA CUIABÁ, N. 1284, VILAS OFICINAS",CAJURU,-25.4546388,-49.2098731,21,0,3035,2282,153,106,0,3,3,4,8,3,1,1,7,1,2,1,0,4,0,22,0,5,0,3,2,3,30,0,7,1,0,2,0,4,1,0,2,0,3,0,0,0,9,1,0,0,1,2,5,1,1,1,0,7,0,0,0,0,0,1,0,0,0,0,3,15,0,2,11,3,4,0,0,3,1,3,1,0,14,0,0,0,7,0,0,0,4,12,0,0,0,0,0,0,0,2,0,3,0,0,4,0,0,1,2,1,2,0,3,16,0,0,3,1,0,1,1,0,2,0,0,0,0,0,1,0,0,3,4,1,0,0,1,0,0,0,7,0,5,0,5,0,6,0,0,0,0,0,0,3,0,8,11,13,13,0,0,1,14,12,3,0,0,2,0,0,3,5,7,4,0,2,3,17,17,0,0,2,0,0,0,0,0,5,1,5,1,0,0,1,2,0,0,5,4,1,0,1,0,0,5,1,0,4,112,0,2,0,0,0,4,0,0,0,0,0,0,0,3,0,2,0,0,0,0,0,0,0,0,0,17,0,0,0,1,20,2,0,0,3,0,0,0,34,6,0,0,9,0,2,0,0,0,0,0,1,0,0,0,0,0,1,5,0,2,3,11,0,13,0,1,0,0,2,11,2,0,0,0,0,12,0,18,1,0,1,1,7,5,0,0,0,0,39,0,13,12,0,0,9,3,0,6,3,3,5,0,0,4,1,0,7,0,0,5,0,1,0,1,0,0,0,0,1,0,0,0,1,0,3,0,0,1,0,11,0,1,0,0,0,0,0,1,0,1,0,1,0,0,0,0,5,0,0,0,0,1,0,0,0,0,0,2,0,0,0,0,0,0,1,0,0,1,1,0,1,0,0,0,0,0,0,0,0,0,0,0,0,0,0,0,0,0,0,0,0,0,0,0,0,0,1,1,2,0,0,0,0,0,0,0,1,0,6,0,0,0,110,1,0,0,0,0,0,0,10,0,1,1,0,1,1,1,0,0,10,0,0,0,0,0,2,0,11,0,0,0,2,2,0,0,1,0,0,0,1,7,39,2,0,0,0,0,2,0,0,0,0,2,0,0,1,0,1,0,3,0,0,0,0,1,0,0,5,0,0,0,0,0,0,0,1,0,0,3,2,0,0,0,12,8,1,0,0,1,1,2,1,7,0,0,0,0,0,0,1,0,0,0,0,0,4,0,0,0,0,0,0,0,0,0,0,3,0,3,1,1,5,0,1,1,1,0,0,0,1,0,0,0,0,0,0,1,2,0,1,4,2,0,0,0,1,0,3,2,3,0,0,7,0,5,0,0,3,8,0,1,3,3,0,1,0,0,0,1,0,0,0,0,0,0,2,0,0,0,4,1,2,0,0,0,1,0,0,0,1,6,2,2,0,0,3,0,0,0,27,8,0,0,0,0,14,0,0,0,0,0,1,1,0,1,35,4,92,0,0,0,0,0,0,21,0,1,0,1,1,0,0,0,0,0,0,1,1,0,2,0,3,0,0,0,0,1,0,0,0,0,0,0,0,0,1,4,3,1,0,0,1,18,1,0,2,0,0,2,0,0,2,0,0,10,7,0,0,2,1,7,8,5,1,1,0,3,4,1,0,3,2,1,1,7,0,2,6,309,0,4,2,0,1,0,2,0,3,17,0,0,0,0,0,1,0,1,4,0,0,0,3,1,4,6,0,0,0,0,0,0,0,0,1,0,2,0,4,0,0,9,2,1,0,0,14,0,0
3,1643,COLÉGIO ESTADUAL ANÍBAL KHURY NETO,"RUA AVELINO MONTOVANI, N. 430",UBERABA,-25.4852021,-49.2037322,37,0,4564,3076,376,146,0,3,3,5,11,6,2,3,10,3,2,1,0,0,2,11,1,9,0,2,3,5,36,1,7,2,0,0,1,0,0,0,0,0,7,0,1,1,37,0,1,2,1,0,2,0,0,1,0,51,2,0,0,0,0,2,0,1,0,0,0,47,0,0,7,2,45,0,0,2,0,1,2,0,10,0,0,1,6,0,0,2,14,23,0,1,0,0,0,0,1,3,1,1,2,0,1,0,1,2,2,2,2,0,6,6,0,0,0,3,0,0,1,0,4,0,2,2,0,2,0,0,0,5,9,0,0,0,0,0,0,0,4,0,5,0,7,0,5,2,0,0,0,1,0,3,1,9,7,32,7,1,0,0,11,27,11,0,1,3,1,0,8,5,1,0,0,3,6,14,8,0,2,2,4,6,0,0,1,2,0,3,6,0,1,2,2,0,1,0,0,2,1,1,2,2,1,0,0,0,137,0,0,0,0,2,0,0,1,0,0,0,0,0,0,1,2,0,0,0,4,0,0,0,0,0,11,0,0,0,0,9,3,1,0,1,1,1,0,16,12,1,0,26,0,1,3,0,0,0,0,0,0,2,3,2,0,0,7,3,1,2,25,1,4,0,1,0,0,151,5,3,0,0,0,0,14,2,29,4,0,0,0,0,4,0,0,2,1,12,0,6,19,0,0,8,3,1,20,1,1,0,0,0,0,231,1,3,0,0,2,0,0,0,3,1,0,0,0,0,0,0,1,1,0,0,0,0,0,1,12,0,0,0,0,0,0,0,1,1,0,0,1,0,6,0,0,5,0,0,0,0,0,0,0,0,0,0,3,0,1,0,0,0,0,2,0,1,1,1,0,0,0,0,0,0,0,0,1,0,0,0,0,0,0,0,1,0,0,2,0,0,0,0,4,0,0,0,0,0,0,0,0,0,0,1,0,0,0,7,0,0,0,2,1,0,0,0,0,0,0,2,0,2,0,2,0,0,0,1,0,12,0,9,0,0,0,4,0,1,0,0,0,2,5,0,0,1,0,1,0,0,1,15,0,0,0,0,0,0,0,0,0,4,1,0,1,0,0,122,1,0,0,1,1,0,0,0,0,5,0,72,0,4,0,2,0,0,1,0,1,0,4,3,0,14,0,0,2,0,0,3,1,1,5,0,0,2,0,0,0,0,0,0,0,0,3,1,0,1,0,0,0,0,0,0,0,0,2,0,7,0,0,0,0,1,0,0,0,0,0,0,0,0,0,0,1,0,2,0,0,0,3,1,0,0,0,1,0,2,3,0,0,2,9,0,6,0,0,1,12,0,2,6,0,0,8,1,1,0,0,1,0,0,7,5,3,2,0,0,12,1,0,17,0,2,0,5,0,0,1,0,1,2,0,3,0,0,0,0,0,22,10,0,0,0,0,33,0,4,0,1,0,3,0,0,0,48,2,14,0,0,0,1,0,0,26,0,0,0,2,0,0,0,0,0,0,2,10,0,0,0,0,0,1,0,0,1,0,0,0,0,0,0,0,0,0,0,4,1,0,1,0,2,10,0,0,0,1,0,4,0,6,4,1,1,2,3,1,1,5,0,5,14,8,1,0,0,3,2,1,0,0,2,0,0,13,0,1,136,56,0,1,1,1,3,0,0,1,0,7,0,1,0,0,1,0,0,0,4,0,0,0,13,3,7,0,0,2,1,0,0,0,0,0,0,0,32,1,0,0,1,3,0,0,2,0,2,0,0
3,2054,ESCOLA MUNICIPAL MICHEL KHURY,"RUA ADHMAR VIEIRA DE ARAÚJO, N. 457",UBERABA,-25.4893901,-49.2022535,37,0,2735,1959,243,104,0,6,3,5,5,2,0,2,6,4,0,1,0,3,5,15,0,12,1,6,3,7,24,0,4,4,0,0,1,0,0,0,1,0,11,0,0,2,39,0,5,0,0,0,1,0,0,0,0,40,0,1,0,0,0,2,1,0,0,0,1,20,0,2,3,1,21,0,0,2,0,0,1,0,19,0,0,0,3,0,0,4,10,32,0,0,0,0,0,0,0,3,0,0,0,0,1,0,0,1,5,1,1,1,1,2,0,0,0,0,0,0,0,0,0,0,0,3,0,0,0,0,1,2,3,0,0,0,0,0,0,0,0,0,1,0,6,0,3,0,0,0,0,0,0,2,0,9,4,24,2,3,0,1,1,15,5,0,2,1,0,0,10,3,0,2,0,4,1,3,3,0,0,2,4,2,0,0,0,0,0,3,1,0,0,1,1,0,0,0,0,0,0,1,0,3,2,0,0,0,45,0,0,0,0,0,2,0,0,0,0,0,0,0,1,1,1,0,0,0,0,0,0,0,0,0,3,0,1,0,0,19,0,0,0,1,0,0,0,5,0,0,0,11,0,1,1,0,0,0,0,0,0,1,0,0,1,2,2,0,3,0,6,0,8,0,1,0,0,99,7,2,0,0,0,0,13,1,22,3,0,0,1,0,2,0,0,0,2,3,1,4,5,0,0,4,0,0,4,0,0,0,0,0,2,201,0,4,0,0,3,3,0,0,2,0,0,0,0,0,2,0,1,0,0,2,0,0,0,0,5,0,0,0,0,0,0,0,0,0,0,0,0,0,6,0,0,1,0,0,0,0,0,0,1,0,0,0,0,0,3,0,0,0,0,0,0,0,0,1,0,0,0,0,0,0,0,0,0,0,0,0,0,0,1,0,0,0,0,10,0,0,0,0,3,0,0,0,1,0,0,0,0,0,0,0,0,1,0,6,4,0,0,4,0,0,0,0,3,0,0,1,0,0,2,2,0,1,1,0,0,0,0,13,0,0,0,1,0,1,0,0,0,0,3,0,0,1,0,0,0,0,1,9,0,0,0,0,0,0,0,0,0,0,0,0,0,0,0,24,0,0,0,0,0,2,0,0,0,0,0,45,0,0,0,2,0,0,0,0,2,0,0,1,0,6,3,0,0,0,0,1,2,1,3,0,0,0,0,0,0,0,0,0,0,0,4,1,2,0,0,0,0,1,0,0,0,0,2,0,1,0,0,0,0,0,0,0,0,0,0,0,0,0,0,0,2,0,0,0,0,0,1,0,0,1,0,1,0,3,6,0,0,6,3,0,6,0,0,0,11,0,0,3,0,0,8,0,4,0,0,0,0,0,2,3,0,0,0,0,17,0,0,10,0,2,0,1,0,0,1,0,1,2,0,0,0,0,0,0,0,10,14,0,1,0,0,24,1,1,0,0,1,0,0,0,0,25,0,17,0,0,1,0,0,0,5,2,0,0,0,0,0,0,0,0,0,1,12,0,0,3,0,1,0,0,0,0,0,2,0,0,0,0,0,0,0,0,2,0,0,0,0,0,3,0,0,0,0,0,0,0,5,8,1,0,0,5,0,0,3,0,1,5,2,1,1,1,3,1,0,0,0,0,0,1,9,0,2,74,19,1,1,0,1,0,0,0,0,0,8,1,0,0,0,0,0,0,0,4,0,0,0,3,3,3,0,0,5,3,0,0,0,0,0,0,0,24,0,1,0,0,2,1,0,0,0,0,0,0
3,2062,ESCOLA MUNICIPAL RACHEL MADER GONÇALVES,"RUA GUSTAVO BARROZO GONÇALVES, 26",UBERABA,-25.4868275,-49.2003096,37,0,1660,1176,132,48,0,1,8,2,3,0,0,1,7,3,0,0,0,0,0,1,0,6,0,3,0,0,6,0,2,0,0,0,0,0,0,0,0,0,5,0,0,0,14,0,0,3,0,0,1,0,0,0,0,29,0,0,0,0,0,0,0,0,0,0,0,8,0,3,2,0,16,0,0,2,0,0,0,0,5,0,0,13,4,0,0,0,4,8,0,0,0,0,0,0,0,0,0,0,0,0,2,0,0,5,7,2,0,0,0,1,0,0,1,1,0,0,0,0,0,1,0,2,0,0,0,0,0,0,1,0,0,0,0,0,1,0,0,0,3,0,2,0,2,0,0,0,0,1,0,0,0,0,4,17,2,5,0,2,2,13,1,0,0,0,0,0,1,0,0,0,0,0,0,4,1,1,0,2,0,3,0,0,1,0,0,0,2,0,0,0,1,0,0,1,0,0,0,0,0,1,1,0,0,0,45,0,0,0,0,0,0,0,0,0,0,0,0,0,0,0,1,0,0,0,0,0,1,1,0,0,2,0,0,0,1,9,0,0,0,0,0,0,0,4,1,0,0,1,0,0,0,0,0,0,0,0,0,2,0,0,0,0,3,1,0,0,0,0,6,0,7,0,0,259,5,1,0,1,0,0,4,0,8,2,0,0,0,0,0,0,0,0,0,4,0,0,2,0,0,3,1,0,1,0,0,0,1,0,1,117,0,0,0,1,1,0,0,0,0,0,0,0,0,0,0,0,0,0,0,0,0,0,0,0,3,0,0,0,0,0,0,0,0,0,0,0,0,0,0,0,0,0,0,0,0,0,1,0,0,0,0,0,2,0,1,0,0,0,0,0,0,0,0,0,0,0,0,0,0,0,0,0,0,0,0,0,0,0,0,1,0,0,0,3,0,0,0,0,0,0,0,0,0,5,0,0,0,0,0,0,0,0,0,0,0,0,0,4,1,0,0,0,0,0,0,0,0,0,0,2,0,0,1,0,0,1,0,1,0,1,0,0,0,1,0,0,0,0,0,0,0,0,0,0,0,0,0,0,0,0,0,0,0,1,0,0,0,0,0,1,0,0,0,10,0,0,0,0,0,0,0,0,0,0,1,2,0,1,0,0,0,1,0,0,0,0,0,1,0,2,0,0,0,0,0,0,0,0,2,0,0,0,0,0,0,0,0,0,0,0,3,0,0,1,0,0,0,1,0,0,0,0,0,0,0,0,0,3,0,0,0,0,0,0,0,0,0,0,0,0,3,0,0,0,0,0,5,0,0,0,0,1,0,3,1,0,0,0,0,0,4,0,0,0,1,0,0,0,1,0,1,0,1,0,0,0,0,0,1,1,0,3,0,1,16,1,0,8,0,0,0,2,0,0,0,0,0,1,0,3,0,1,0,0,0,5,6,0,0,0,0,7,0,0,0,0,0,0,0,0,0,7,1,22,0,0,0,0,0,0,3,0,0,0,0,0,0,0,0,0,0,1,1,0,0,0,0,0,0,0,0,0,1,0,0,0,2,0,0,0,0,0,0,0,0,0,0,0,4,0,2,0,0,0,0,0,1,1,0,0,0,1,0,2,2,0,0,2,6,0,0,0,0,1,0,0,0,0,0,0,2,0,0,4,15,0,0,0,0,0,0,0,0,1,3,0,0,0,0,0,0,0,0,0,0,0,0,3,0,0,0,0,4,0,0,0,0,0,0,0,0,11,0,1,0,0,2,1,0,0,0,0,0,0
3,2070,ESCOLA MUNICIPAL PROFESSORA MARIA DE LOURDES LAMAS PEGORARO,"RUA JOÃO ALVES DE ARAÚJO, N. 273, SOLITUDE",CAJURU,-25.4751088,-49.1960493,21,0,1595,1192,110,55,0,0,2,1,7,5,0,0,1,2,2,0,0,1,2,2,0,7,0,3,3,1,11,0,4,0,0,0,0,0,0,0,1,0,6,0,0,0,13,0,0,1,0,1,1,1,0,0,0,4,0,0,1,0,1,0,0,0,0,0,0,7,0,1,0,5,1,0,0,3,2,0,0,0,2,0,1,5,2,0,0,0,1,30,0,0,0,0,1,0,0,3,1,2,1,0,3,1,0,0,1,0,0,2,2,2,0,0,0,0,2,0,0,0,1,0,0,0,0,0,0,1,0,2,1,0,0,0,0,0,0,0,2,0,0,0,7,0,3,0,0,0,0,3,0,2,0,2,2,23,1,2,0,1,3,3,2,0,0,0,0,0,4,0,0,0,0,1,0,10,6,0,0,1,0,1,0,0,1,1,0,2,4,0,0,0,0,0,0,0,1,0,0,0,0,0,0,0,0,0,93,0,0,0,0,0,1,0,0,0,1,0,0,0,0,0,0,0,0,0,0,0,0,2,0,0,6,2,0,0,0,3,0,0,0,0,0,0,0,12,3,0,0,2,0,3,1,0,0,0,0,0,0,4,1,0,0,0,2,4,2,0,6,0,6,0,2,0,0,45,11,5,0,0,0,1,4,0,19,1,0,0,0,0,2,0,0,1,1,17,0,3,6,0,0,10,2,0,5,2,0,0,0,0,0,5,0,2,0,0,0,0,0,0,1,0,0,0,0,0,1,0,0,0,0,5,0,0,0,0,11,0,0,0,0,0,0,0,0,0,0,0,0,0,0,0,0,0,0,0,0,0,0,0,0,0,0,0,0,0,0,0,0,0,0,2,0,3,0,0,0,0,0,0,0,0,0,0,0,0,0,1,0,0,0,0,1,0,0,2,0,0,0,0,1,0,0,0,0,2,0,0,0,0,0,0,0,0,0,0,0,0,0,4,2,0,0,0,0,0,0,0,0,0,0,0,0,0,0,0,0,1,0,0,0,0,0,0,0,1,0,0,0,0,7,0,0,0,0,1,0,0,1,8,0,0,1,0,0,0,0,0,0,0,0,1,0,0,0,0,1,2,0,0,0,0,0,1,0,0,0,1,0,0,0,0,0,1,2,0,0,0,0,0,0,6,6,0,0,0,0,0,0,0,6,0,0,0,0,0,0,0,0,0,0,2,3,0,0,0,0,0,0,1,1,0,0,0,1,0,2,0,0,0,0,2,0,0,0,1,0,0,0,0,0,0,0,0,0,0,0,0,1,0,0,0,0,0,0,2,3,0,0,0,1,0,14,0,0,0,8,0,0,1,0,0,0,3,0,0,0,1,0,0,2,0,0,0,0,0,1,0,0,4,0,1,0,0,0,0,0,0,1,0,0,0,1,0,0,0,0,12,12,0,3,0,0,20,0,0,0,5,0,0,0,0,0,25,0,13,0,1,1,0,0,0,7,0,0,1,1,0,0,0,0,0,0,0,7,0,0,0,0,0,0,0,0,0,0,0,0,0,0,0,0,0,0,1,0,1,2,0,0,0,1,1,0,0,0,0,9,0,8,0,0,0,0,0,1,0,3,0,1,5,7,0,2,0,1,1,0,0,3,7,0,0,0,0,5,3,108,0,0,0,1,1,0,0,0,0,5,0,0,0,0,0,0,0,0,0,0,0,2,6,1,20,0,0,3,1,1,0,0,0,0,0,0,5,0,0,0,0,6,0,0,0,0,1,0,0
3,2089,ESCOLA MUNICIPAL PROFESSORA MARIA MARLI PIOVEZAN,"RUA VELCY BOLÍVAR GRANDÓ, 105",UBERABA,-25.4953612,-49.2081413,37,0,2891,2026,219,81,0,1,7,5,9,5,0,0,1,1,3,0,1,0,3,13,0,14,0,10,3,4,24,0,7,0,0,1,0,2,1,0,5,0,17,2,0,0,36,1,0,0,0,0,4,0,0,0,0,39,0,0,0,0,0,0,0,1,0,0,0,27,0,2,4,0,13,0,0,2,0,1,3,0,53,0,0,6,9,0,0,1,7,6,1,0,0,0,1,0,0,4,2,3,0,0,0,0,0,0,3,0,0,0,2,3,1,0,0,0,0,2,0,0,0,0,1,0,0,0,0,0,1,1,2,0,0,0,1,0,0,0,4,0,5,0,3,0,1,0,2,0,0,1,0,0,1,4,10,37,3,0,0,0,4,14,1,0,0,1,0,0,9,9,3,0,0,5,0,8,6,1,0,0,1,2,0,0,0,1,0,1,1,0,0,2,0,0,0,0,0,1,0,1,1,3,3,0,0,3,28,2,1,0,0,0,0,0,0,0,0,0,0,0,0,0,1,0,0,0,0,0,0,2,0,0,6,0,0,0,0,10,1,0,0,0,1,0,0,5,4,0,1,7,0,3,2,0,0,0,0,0,0,1,1,0,0,0,5,4,3,2,7,0,1,0,6,0,0,91,10,4,0,0,0,1,13,1,24,6,0,0,2,0,3,0,1,1,1,5,0,5,3,0,0,2,2,1,9,1,0,1,0,0,0,198,0,5,0,0,0,0,0,0,0,1,0,0,0,1,1,1,0,0,0,1,0,0,0,0,13,0,0,0,0,0,0,0,0,0,2,0,0,0,4,0,0,1,0,0,0,0,6,0,1,0,0,0,1,0,1,1,0,0,0,2,0,0,1,0,0,0,0,0,0,0,0,0,0,0,0,0,1,0,0,0,0,1,0,2,0,0,0,0,0,0,0,0,0,1,0,0,0,0,0,0,0,1,0,0,0,0,0,0,1,0,0,0,0,0,0,0,0,0,0,1,0,1,1,0,0,9,0,3,0,0,2,2,0,2,0,1,0,0,1,0,0,0,0,0,0,0,2,24,0,0,0,0,0,1,0,0,0,0,0,2,0,0,0,13,0,0,0,0,0,3,0,0,0,5,0,140,0,2,1,0,0,0,0,0,0,0,1,4,0,12,2,0,4,0,1,0,2,0,2,0,0,1,0,0,3,2,1,0,0,0,0,0,0,0,0,0,0,1,1,0,0,0,2,0,2,0,0,0,2,1,1,0,0,1,0,0,0,0,0,0,2,0,1,0,0,0,2,0,0,0,0,0,0,7,3,0,0,1,1,0,2,0,1,0,4,0,0,2,1,0,17,0,0,0,0,0,0,0,0,1,0,1,0,1,5,0,1,3,1,1,0,1,0,0,2,1,2,2,0,0,0,0,0,0,0,11,6,1,0,1,0,23,1,0,0,1,0,2,6,0,0,9,0,12,0,0,1,0,0,0,22,0,0,0,0,0,0,0,0,0,0,0,4,0,0,0,0,1,0,2,0,1,0,0,0,0,0,0,0,0,0,0,0,0,2,0,0,0,5,0,0,0,0,0,1,0,9,3,0,0,1,2,0,1,2,0,2,14,5,0,2,0,6,2,0,1,0,1,0,0,9,0,0,33,27,0,0,2,0,0,0,1,0,0,6,0,0,0,0,0,0,0,0,7,0,0,0,5,1,7,0,0,5,0,0,0,0,0,0,0,0,58,0,0,0,0,0,1,0,0,0,0,0,0
3,2178,PARÓQUIA SÃO PAULO APÓSTOLO,"RUA PADRE JULIO SAAVEDRA, 170",UBERABA,-25.4765343,-49.2293418,37,0,3716,2818,202,156,0,4,6,6,28,4,2,4,12,3,2,0,2,2,2,30,1,7,0,10,3,5,25,0,2,4,0,1,0,1,0,0,6,0,2,0,1,1,9,4,1,2,5,0,4,2,0,0,0,4,0,0,1,0,2,0,1,2,0,2,0,60,2,1,68,6,181,0,0,4,7,7,0,1,18,0,0,1,3,0,1,0,2,3,3,1,0,0,2,0,0,1,1,7,0,0,2,1,0,2,13,0,0,0,2,18,0,0,0,4,0,1,0,0,2,0,0,2,0,4,0,2,0,1,5,1,0,0,1,0,0,1,5,0,5,1,9,1,7,0,2,0,0,2,0,16,0,9,18,16,11,0,0,1,6,22,6,0,1,3,4,2,4,6,2,5,0,4,1,2,36,0,2,4,0,1,1,0,1,1,3,4,1,0,4,9,1,0,0,1,5,0,0,2,2,0,5,2,2,0,17,0,0,0,0,4,1,0,0,0,0,0,0,0,2,0,1,0,0,0,1,0,0,1,0,2,51,0,0,0,0,45,0,1,0,0,0,0,0,21,7,0,1,24,0,2,0,2,0,1,0,0,1,1,4,1,0,0,9,2,2,8,8,1,15,1,18,0,0,0,11,3,1,0,0,1,12,2,3,3,0,1,3,0,9,0,1,2,7,7,2,10,22,0,2,28,3,1,11,2,2,1,0,0,1,38,0,135,1,1,28,1,0,0,6,2,6,0,0,0,1,0,0,0,1,2,0,0,0,1,16,0,0,0,1,0,0,0,0,0,2,0,0,0,1,0,1,1,0,0,0,0,0,0,0,0,0,0,3,0,1,1,0,0,0,2,0,0,0,6,0,0,0,0,0,0,0,0,0,1,0,0,0,0,0,2,1,0,0,0,0,0,0,0,1,0,0,1,3,3,0,0,0,0,0,1,0,0,0,0,1,0,0,1,0,1,0,0,0,0,0,6,0,3,0,0,0,1,0,0,0,20,0,0,0,0,1,9,1,3,0,3,0,0,5,0,0,1,1,3,1,0,25,38,2,3,1,0,0,2,0,1,0,3,2,12,0,3,0,0,0,0,0,0,0,0,0,0,0,3,0,16,1,4,1,0,0,0,0,1,0,1,0,2,4,34,8,0,1,0,3,1,4,2,6,0,0,0,0,1,0,0,2,0,0,1,0,1,0,2,0,0,0,1,2,0,0,0,2,0,7,1,0,2,1,4,0,0,0,0,0,0,0,0,1,1,3,0,1,1,3,0,0,0,0,1,0,1,1,10,6,2,0,0,9,2,3,1,1,0,0,0,0,3,0,0,22,0,1,0,0,0,4,0,1,2,0,2,1,0,4,6,0,14,0,23,0,6,0,0,1,7,5,0,0,1,2,6,0,0,0,24,19,1,0,0,1,25,1,2,0,0,1,0,0,3,0,30,2,3,0,0,0,0,0,0,38,0,0,0,5,0,0,0,0,0,0,0,20,0,0,1,0,1,0,0,0,2,0,0,0,1,1,0,0,0,3,0,5,1,0,0,0,0,12,3,0,0,0,1,2,0,5,2,0,1,5,9,2,2,0,0,12,14,5,1,1,1,5,0,0,3,0,0,0,2,21,0,2,31,30,1,4,1,1,2,1,2,6,2,14,0,0,0,1,0,2,0,0,9,0,1,0,4,1,0,5,0,0,0,2,0,1,0,1,0,0,3,0,0,0,1,8,1,1,1,0,0,0,0
3,2186,ESCOLA MUNICIPAL SENADOR ENEAS FARIA,"RUA MILENA BLEY RIBEIRO BONFIM, 48",CAJURU,-25.454437,-49.196813,21,0,86,70,7,6,0,0,0,0,2,0,0,0,0,0,0,0,0,0,0,0,0,2,0,0,0,0,0,0,0,0,0,0,0,0,0,0,0,0,0,0,0,0,1,0,0,0,0,0,0,0,0,0,0,1,0,0,0,0,0,0,0,0,0,0,0,1,0,0,1,0,0,0,0,1,0,0,0,0,0,0,0,0,0,0,0,0,0,0,0,1,0,0,0,0,0,0,0,0,0,0,0,0,0,0,0,0,0,0,0,1,0,0,0,0,0,0,0,0,0,0,0,0,0,0,0,0,0,0,0,0,0,0,0,0,0,0,0,0,0,0,0,0,0,0,0,0,0,0,0,0,0,1,0,2,1,0,0,0,0,0,0,0,0,0,1,0,0,0,0,0,0,0,0,1,1,0,0,0,0,0,0,0,0,0,0,0,0,0,0,0,0,0,0,0,0,1,0,0,0,0,0,0,0,0,13,0,0,0,0,0,0,0,0,0,0,0,0,0,0,0,0,0,0,0,0,0,0,0,0,0,0,0,0,0,0,0,0,0,0,0,0,0,0,1,0,0,0,1,0,0,0,0,0,0,0,0,0,0,0,0,0,0,0,0,0,0,0,0,0,0,0,0,0,0,0,0,1,0,0,0,0,0,0,1,0,0,0,0,0,0,0,0,0,0,0,0,0,0,0,0,0,0,0,0,0,0,0,0,0,0,0,0,0,0,0,0,0,0,0,0,0,0,0,0,0,0,0,0,0,0,0,0,0,0,0,0,0,0,0,0,0,0,0,0,0,0,0,0,0,0,0,0,0,0,0,0,0,0,0,0,0,0,0,0,0,0,0,0,0,0,0,0,0,0,0,0,0,0,0,0,0,0,0,0,0,0,0,0,0,0,0,0,0,0,0,0,0,0,0,0,0,0,0,0,0,0,0,0,0,0,0,0,0,0,0,0,0,2,0,0,0,0,0,0,0,0,0,0,0,0,0,0,0,0,0,0,0,0,0,0,0,0,0,0,0,0,0,0,0,0,0,0,0,1,0,0,0,0,0,0,0,0,0,0,0,0,0,0,0,0,0,0,0,0,0,0,0,0,0,0,0,0,0,0,0,0,0,0,0,0,0,0,0,0,0,0,0,0,0,0,0,0,0,0,0,0,0,0,0,0,0,0,0,0,0,0,0,0,0,0,0,0,0,0,0,0,0,0,0,0,0,0,0,0,0,0,0,0,0,0,0,0,0,0,0,0,0,0,0,0,0,0,1,0,0,0,0,0,0,0,0,0,0,0,0,0,0,0,0,0,0,0,0,0,2,0,0,0,0,0,0,0,0,0,0,0,0,0,0,0,0,0,0,0,0,0,0,0,0,0,0,0,0,0,0,0,0,0,0,0,0,0,0,0,0,0,0,0,0,0,0,0,0,0,0,0,0,0,0,0,1,0,0,5,0,0,0,0,0,0,0,0,0,0,0,0,0,0,0,0,0,0,0,0,0,0,0,0,0,0,0,0,0,0,0,0,0,0,0,0,0,0,0,0,0,0,0,0,2,0,0,0,0,0,0,0,0,0,0,0,0,0,0,0,0,0,0,0,0,0,0,0,1,0,0,0,0,0,0,0,0,0,0,2,3,0,0,0,0,0,0,0,0,0,0,0,0,0,0,0,0,0,0,0,0,0,0,0,0,0,0,0,0,0,0,0,0,0,0,0,0,0,1,0,0,0,0,0,0,0,0,0,0,0
4,1104,ESCOLA MUNICIPAL SIDONIO MURALHA,"RUA LUDOVICO KAMINSKI, 3460 - CJ CAIUA",CIDADE INDUSTRIAL,-25.4853905,-49.3502324,75,0,4830,3559,305,196,0,3,4,6,18,4,2,6,4,1,6,1,1,4,4,23,2,14,1,12,2,2,40,1,1,6,0,0,0,2,0,1,3,11,0,0,0,1,41,0,0,0,0,0,1,0,0,0,4,19,1,0,0,0,0,2,0,1,0,0,5,67,0,11,9,4,2,1,0,5,0,1,6,6,30,0,13,0,5,0,1,2,4,5,14,1,0,0,0,2,0,4,0,10,0,0,1,0,0,9,20,9,132,0,4,3,0,0,0,2,0,0,0,7,2,1,1,0,0,0,1,0,0,6,12,0,0,0,0,1,0,0,0,0,4,1,18,0,4,1,1,1,0,4,0,4,0,17,10,10,1,0,0,2,17,14,11,0,0,4,1,0,7,11,4,4,0,4,2,18,8,0,2,1,0,3,1,0,1,1,0,1,4,0,0,3,0,6,0,7,0,0,5,3,0,0,1,1,0,0,6,0,0,0,0,1,51,0,0,0,0,0,0,0,2,1,10,1,0,0,1,2,0,1,0,0,18,64,0,0,3,8,4,0,1,0,1,0,0,7,4,0,0,9,15,4,3,0,0,0,0,0,0,0,5,0,0,1,9,3,6,3,6,1,8,0,7,0,1,1,41,0,0,1,1,1,15,0,7,4,0,0,22,0,3,0,2,0,2,1,0,15,12,0,3,10,5,1,6,2,0,0,0,0,3,0,0,12,2,0,1,2,0,0,1,6,0,0,0,1,349,0,1,0,0,2,2,0,1,1,94,0,0,0,0,0,0,3,18,6,0,0,0,2,2,0,0,2,0,0,0,0,0,0,1,1,0,0,5,0,0,0,0,0,5,0,0,17,6,0,0,0,1,0,32,0,0,0,0,0,1,0,0,0,0,0,0,0,1,6,0,0,0,0,2,1,1,0,0,0,0,0,0,0,0,0,0,1,2,9,5,0,0,1,0,0,0,2,2,0,1,14,0,0,4,0,0,2,1,0,0,6,0,0,0,0,2,1,0,0,0,2,0,0,2,0,0,1,0,0,0,0,8,30,0,0,0,0,0,0,0,0,2,0,1,0,0,0,0,0,0,0,0,0,1,0,0,0,0,6,0,0,2,0,0,0,0,3,0,0,0,1,0,0,0,33,6,0,1,0,0,0,0,1,11,1,0,8,0,1,1,5,1,0,0,0,0,3,0,0,0,10,0,1,0,0,0,0,0,1,1,6,2,0,2,0,5,0,0,2,0,0,1,0,0,0,1,0,2,0,2,0,0,0,1,0,0,35,0,12,2,0,0,0,4,1,11,3,0,2,2,1,1,2,1,2,0,0,0,0,0,1,3,0,4,2,0,4,0,0,0,2,1,19,3,9,0,3,0,0,1,1,4,12,0,2,0,1,0,0,2,31,19,1,0,0,1,22,1,0,3,0,0,0,1,0,0,71,4,1,0,0,0,1,0,0,30,0,0,29,3,1,2,0,0,1,0,0,7,3,0,3,0,0,0,1,0,0,0,0,0,6,0,0,0,0,0,0,6,0,0,0,1,2,14,3,0,0,2,0,1,0,15,2,0,0,6,2,0,2,296,9,16,11,27,0,6,0,2,20,0,0,2,0,0,0,16,3,2,2,4,0,0,6,0,3,0,1,0,1,25,1,0,0,0,0,1,1,0,2,0,0,0,2,3,0,0,0,0,0,3,0,0,0,0,0,0,3,0,0,0,0,2,2,0,0,0,0,3,1
4,1392,COLEGIO ESTADUAL PAULA GOMES,RUA CURUPIS  903,SANTA QUITERIA,-25.459764,-49.3074766,43,0,6918,5122,337,251,0,5,11,10,36,11,2,6,20,2,4,0,2,13,7,54,2,24,3,19,3,5,51,2,7,9,1,1,1,3,0,1,9,3,4,0,0,3,37,1,5,2,4,0,5,0,1,4,6,11,0,0,1,2,1,2,7,2,0,0,3,84,0,16,26,9,2,1,0,13,6,4,31,0,82,2,19,1,6,154,2,6,6,5,1,5,0,0,1,0,1,1,0,6,1,0,1,2,1,15,21,4,1,3,2,49,1,0,0,7,2,5,1,1,15,20,0,0,0,0,1,1,0,5,14,0,0,0,1,0,1,0,3,0,10,0,15,1,19,2,2,0,0,16,1,19,1,18,35,26,32,0,0,5,22,42,6,0,0,4,6,0,6,23,5,2,0,20,1,10,29,0,1,2,0,1,1,0,0,0,0,3,0,1,1,4,0,3,0,3,3,0,13,11,2,0,10,10,0,1,4,0,0,1,1,2,53,0,5,1,1,0,2,0,2,1,11,0,0,2,2,0,2,1,0,0,56,1,0,0,9,13,7,2,2,0,3,0,1,31,12,0,12,24,3,8,4,2,2,0,0,2,0,12,8,13,1,3,17,3,9,3,11,6,36,1,12,0,8,0,41,5,4,1,0,0,39,4,12,7,5,2,24,2,18,0,7,0,4,5,3,20,33,3,0,38,12,0,25,4,2,2,0,0,3,0,27,9,5,1,1,2,0,9,5,7,2,0,1,2,5,0,1,0,0,2,1,1,0,0,11,0,0,0,1,0,0,1,2,1,5,0,0,1,7,0,0,11,0,0,0,0,1,0,0,2,0,0,4,0,1,6,0,0,4,0,0,21,1,0,1,0,0,0,1,0,0,0,2,0,2,0,0,0,0,0,1,0,0,1,0,1,1,1,3,0,1,3,2,0,1,0,5,0,0,1,0,0,3,16,0,0,0,1,0,0,3,0,3,2,0,30,0,2,32,0,0,12,0,0,0,65,0,0,0,2,3,14,0,14,0,33,5,1,8,0,0,4,2,1,3,0,33,104,0,0,1,1,0,1,3,3,0,9,2,5,0,7,1,0,0,0,0,0,0,2,3,1,0,20,0,0,1,6,3,0,1,0,0,0,4,3,0,1,0,82,12,1,0,4,0,1,2,2,17,0,0,5,0,0,3,5,2,1,2,6,1,6,0,0,0,12,0,3,7,0,1,0,6,1,6,3,2,0,1,2,16,0,0,2,0,0,0,0,0,0,8,0,2,2,5,0,10,1,0,0,0,18,1,15,11,2,1,0,11,2,15,35,0,3,3,0,1,0,0,0,2,0,0,0,1,0,2,1,3,0,0,3,1,1,0,13,20,8,0,5,0,6,4,0,4,9,9,4,3,0,1,0,0,0,3,58,98,5,0,2,4,71,0,0,2,1,2,0,6,0,3,94,1,0,1,0,1,34,0,0,63,0,0,2,0,2,3,0,0,0,0,0,27,2,8,2,0,5,5,0,1,24,1,0,0,1,1,0,0,0,1,0,12,3,0,1,4,0,29,3,0,0,0,1,10,1,24,3,0,4,21,7,18,4,51,3,66,19,8,6,6,0,12,13,0,5,2,0,0,6,57,3,11,5,4,0,2,5,3,5,2,0,0,10,23,0,0,0,1,0,5,2,0,34,0,0,0,12,10,0,2,1,0,1,5,0,1,0,0,1,0,2,0,0,1,0,22,4,0,3,0,0,0,2
4,1414,CENTRO MUNICIPAL DE EDUCAÇÃO INFANTIL NICE BRAGA,"RUA BOCAIUVA,  351",SANTA QUITERIA,-25.4630033,-49.304932,43,0,3959,2892,191,184,0,2,3,2,26,1,1,2,14,0,2,1,0,10,3,24,1,15,1,6,2,8,29,0,0,6,0,1,0,6,1,0,3,0,0,0,0,7,6,0,7,0,2,0,3,0,0,1,6,6,1,0,1,0,0,0,2,8,0,0,1,55,0,12,22,9,4,0,0,16,1,3,15,0,40,2,3,1,0,25,1,4,4,1,1,2,0,0,0,2,0,1,0,6,3,0,2,0,0,9,11,0,7,2,3,40,0,0,0,6,0,4,0,0,13,8,0,0,0,2,0,1,1,1,5,0,0,1,0,0,0,2,0,0,10,0,9,0,9,3,0,0,0,3,1,6,3,16,25,14,14,0,1,9,10,25,10,0,1,2,1,1,2,16,2,2,0,21,5,11,25,0,1,0,1,1,1,0,3,0,0,2,0,0,0,2,0,3,1,4,1,0,1,2,1,0,5,3,1,1,3,1,1,1,0,0,44,1,3,0,0,1,0,0,0,0,1,0,0,1,0,0,0,0,0,0,39,1,0,0,2,4,3,0,3,0,2,0,0,8,7,0,9,13,0,2,0,0,0,3,0,0,0,5,7,1,0,1,5,1,3,10,8,0,20,0,9,0,2,2,11,1,0,1,1,1,20,0,2,3,1,1,10,0,8,3,3,1,2,1,0,20,32,2,0,27,2,0,18,3,1,3,0,0,0,1,26,3,0,0,0,0,0,3,3,4,0,0,0,1,1,0,0,0,0,2,0,0,1,0,11,0,0,0,2,0,0,0,4,0,0,0,0,0,1,0,0,7,1,0,0,1,0,0,2,0,0,0,4,0,0,1,0,0,0,0,0,3,1,0,0,0,0,0,1,1,0,1,1,0,0,0,0,0,0,0,0,0,2,0,0,2,0,0,4,0,4,1,0,0,0,0,0,0,0,1,0,0,1,8,0,0,0,0,0,0,0,0,0,0,1,20,0,0,18,0,0,3,0,0,0,37,0,3,0,0,0,8,0,12,0,20,3,1,9,0,0,1,1,0,0,1,16,81,1,0,4,0,0,0,0,1,0,6,4,2,0,3,0,1,0,0,0,0,0,2,0,0,0,4,0,0,0,4,0,0,0,0,0,0,1,3,0,0,1,57,6,2,0,0,1,1,0,0,6,0,0,3,0,0,9,3,0,0,0,3,0,4,1,0,0,3,0,1,4,0,0,0,4,0,5,0,0,0,8,4,31,0,0,4,0,0,0,0,0,0,2,0,0,1,0,1,0,0,0,0,0,12,0,5,15,0,2,0,5,1,6,19,2,2,0,0,2,0,0,0,0,0,0,0,0,3,1,0,2,0,0,1,0,0,2,9,14,2,1,3,0,7,1,3,3,5,3,3,0,0,2,0,0,0,0,35,55,4,0,0,0,24,0,0,0,0,1,0,0,1,2,32,0,0,0,0,0,8,0,0,38,0,1,1,1,0,0,1,0,0,0,1,11,1,0,3,0,0,0,0,0,11,0,1,0,0,0,0,1,0,2,0,10,0,0,0,0,1,14,2,0,0,0,0,1,1,12,2,8,4,17,4,4,0,33,0,39,17,7,4,3,0,7,8,0,1,0,0,0,1,26,1,6,5,6,0,4,1,1,1,0,0,1,2,25,0,0,0,0,0,4,0,0,28,0,0,0,5,3,0,0,0,0,0,1,0,0,0,1,1,0,2,0,1,1,0,6,0,0,0,0,0,0,0
4,1430,COLEGIO (PARTICULAR) PADRE JOAO BAGOZZI,"RUA CALIXTO RAZZOLINI, 14",PORTÃO,-25.4755597,-49.2947683,27,0,6869,4852,333,228,0,2,2,8,60,4,0,3,23,0,2,0,1,12,3,42,2,19,2,13,3,15,41,0,3,11,1,0,0,21,2,0,5,0,3,4,3,2,34,0,8,4,6,0,3,0,1,3,8,2,1,2,1,0,0,0,9,6,0,3,2,82,0,8,32,9,3,0,0,7,3,9,13,1,37,4,5,1,3,2,1,9,6,0,3,6,0,0,1,5,0,8,2,13,2,0,3,1,1,27,11,3,7,2,0,66,1,0,0,9,3,7,0,0,22,2,0,1,0,1,1,1,1,4,9,1,0,1,0,0,0,3,13,0,29,0,12,0,20,1,4,0,1,1,2,15,2,30,38,23,39,0,0,10,25,40,17,0,0,11,1,0,7,32,16,11,3,39,2,7,69,0,2,2,2,2,2,0,0,4,1,3,0,1,1,4,0,6,0,5,0,0,2,21,1,1,15,10,0,1,4,0,0,0,0,1,23,1,2,0,0,0,2,0,2,0,4,0,0,0,2,0,4,0,0,1,79,0,0,0,7,24,5,0,0,1,7,2,0,20,14,0,13,23,0,4,5,1,1,0,0,6,1,8,9,2,0,1,19,5,3,16,14,1,29,0,9,0,7,2,26,0,2,2,0,0,22,3,13,9,1,3,13,0,23,0,8,1,2,5,4,69,38,0,1,58,18,1,21,7,0,4,0,0,3,1,9,3,1,0,0,0,0,0,6,4,0,0,0,3,5,0,0,4,0,2,0,0,1,0,10,1,0,0,0,0,0,0,2,0,3,0,0,1,1,0,0,4,0,0,0,2,1,0,1,1,0,1,4,0,0,2,0,0,2,1,0,0,2,0,0,0,0,0,0,0,0,0,0,0,2,0,0,0,0,0,1,0,0,0,0,3,0,0,1,0,0,1,0,0,0,0,5,0,0,1,0,0,0,12,0,0,0,1,1,0,0,0,0,1,0,6,0,1,21,1,0,2,0,1,0,59,0,2,2,0,5,18,4,12,1,13,1,1,25,0,0,3,6,1,1,0,51,141,3,0,0,1,0,3,0,2,1,17,6,4,0,2,0,0,5,0,0,0,0,5,3,2,0,3,0,1,1,13,0,0,0,1,0,3,0,18,3,1,2,83,13,1,0,0,0,3,3,0,14,0,5,4,0,0,3,4,3,4,1,3,0,17,1,1,1,2,0,1,9,0,0,1,4,1,14,0,0,0,10,1,80,0,0,6,0,0,0,0,0,0,2,2,0,2,1,1,8,0,0,0,0,8,0,15,26,0,1,0,27,0,5,3,0,3,3,0,0,0,1,0,2,0,0,0,1,6,0,0,0,2,0,3,2,0,0,12,4,4,0,6,0,19,0,1,5,8,8,4,5,0,1,0,0,0,0,65,43,5,1,1,0,51,0,1,0,2,1,2,2,0,7,63,1,4,1,5,0,3,0,0,104,0,1,0,2,0,2,1,0,0,1,2,30,0,0,2,0,0,4,0,1,6,0,0,0,1,0,1,0,0,2,0,13,2,0,0,1,0,58,6,0,0,0,1,6,2,21,0,4,0,6,13,3,1,14,3,114,16,5,5,7,0,14,2,0,0,1,1,1,1,41,3,8,19,22,0,4,7,2,6,5,1,0,9,33,1,0,0,4,0,4,0,0,33,0,0,0,23,2,0,2,0,0,0,0,0,1,2,0,0,0,1,0,1,1,0,15,3,0,2,0,1,2,0
4,1449,COLEGIO ESTADUAL PEDRO MACEDO,"AVENIDA REPUBLICA ARGENTINA,   2376",PORTÃO,-25.4675379,-49.29327,27,0,7901,5644,390,262,0,7,7,11,61,4,1,4,24,1,3,1,3,24,3,48,3,32,1,8,1,17,42,1,6,6,1,0,0,19,0,0,4,2,1,0,0,6,43,0,6,2,3,1,6,0,3,10,24,4,0,0,1,0,2,1,0,6,0,16,2,104,0,6,57,13,8,0,1,8,2,12,7,4,46,0,1,0,4,2,1,11,1,0,1,2,0,0,1,2,3,5,1,10,3,0,6,0,0,19,22,0,8,1,1,84,4,0,0,10,1,6,0,0,11,3,1,2,0,1,0,6,0,5,8,0,1,0,0,0,0,2,9,3,42,6,15,2,28,7,10,3,1,8,8,29,3,41,54,21,51,1,0,9,48,48,15,0,1,8,2,1,13,27,16,17,0,32,4,13,82,1,0,1,2,3,0,0,0,5,1,6,1,2,0,13,0,2,2,4,4,1,0,14,2,0,18,13,4,0,5,0,1,0,0,3,9,0,2,1,0,0,2,0,1,2,2,0,0,0,0,0,0,0,0,0,92,1,0,0,1,17,2,2,2,0,6,0,0,28,38,4,10,43,0,9,0,0,3,0,1,0,3,7,18,0,0,2,15,5,12,18,10,3,28,4,9,0,10,3,16,8,0,5,0,0,34,2,15,9,1,3,11,0,21,0,3,2,1,10,5,58,51,0,0,55,20,4,49,37,1,6,0,0,5,0,6,2,3,1,3,0,1,0,4,4,4,0,0,2,3,0,0,0,1,2,0,1,0,0,20,1,0,0,2,0,0,0,0,1,0,0,1,2,0,0,0,16,0,0,0,1,1,0,2,4,0,1,5,0,0,0,0,0,1,0,0,4,0,1,0,0,1,0,1,0,0,2,1,0,5,3,0,0,1,0,0,0,1,1,0,24,0,0,0,1,0,0,0,1,0,0,8,2,0,3,0,1,0,11,0,0,0,1,2,0,0,0,0,4,0,14,0,1,18,0,0,6,0,0,0,82,0,1,1,0,5,17,4,8,0,6,1,1,31,0,0,1,16,5,3,1,62,175,7,2,3,0,4,6,1,1,0,32,5,8,1,6,1,0,0,0,1,1,0,0,5,2,0,2,0,1,0,7,1,0,0,0,0,1,0,11,0,8,2,91,21,0,2,0,2,2,0,0,14,1,1,2,1,1,7,0,2,0,0,10,0,10,1,1,2,8,0,1,6,0,0,0,11,0,10,1,0,1,14,2,58,0,0,8,0,0,0,0,0,0,2,1,2,0,0,0,5,1,0,1,0,6,0,21,28,0,0,0,30,2,12,3,0,8,1,0,0,1,0,0,0,0,0,1,0,3,4,0,0,0,1,1,1,1,3,14,3,3,0,4,0,24,2,2,5,9,6,1,4,1,4,0,0,0,0,68,54,5,6,0,0,49,2,0,0,4,2,1,0,1,6,80,0,3,0,3,2,2,3,0,83,0,0,1,1,1,0,1,2,0,0,2,22,1,0,3,0,0,2,1,0,4,1,0,0,2,0,1,2,1,5,2,25,3,0,0,0,2,81,7,0,0,1,1,3,0,22,3,4,0,6,7,5,2,10,2,125,14,17,3,7,1,27,5,0,1,0,2,0,0,55,2,8,11,21,0,3,1,2,3,0,1,0,6,42,1,1,0,1,0,3,0,1,46,0,0,0,15,8,0,3,0,0,0,3,0,0,1,0,0,0,7,0,0,0,1,14,3,1,3,1,0,2,0
4,1457,ESCOLA MUNICIPAL PAPA JOAO XXIII,"RUA ITACOLOMI,  700 - VILA LEAO",PORTÃO,-25.4793874,-49.2993917,27,0,4993,3691,251,193,0,3,7,5,26,6,1,2,18,4,1,0,1,18,2,24,3,19,4,6,5,8,34,3,6,9,0,0,0,6,0,0,2,1,4,1,0,4,14,0,3,8,5,0,3,0,0,3,7,14,1,1,0,0,0,0,1,4,0,2,0,72,0,8,17,7,1,0,0,11,6,6,15,1,17,0,3,0,4,1,0,3,8,2,8,7,0,0,2,1,0,1,2,7,2,0,4,0,1,17,4,5,3,3,2,33,2,0,0,6,1,3,2,0,5,0,0,0,0,1,2,2,0,1,15,0,0,0,1,0,0,1,1,0,13,0,16,0,19,0,2,0,0,7,0,9,2,52,22,24,17,0,0,7,18,36,1,0,0,3,4,0,7,19,5,12,0,37,2,8,38,0,0,4,2,0,0,0,0,3,1,2,1,2,0,3,0,3,2,5,0,2,1,2,0,0,10,4,0,2,1,1,0,2,0,2,32,0,5,1,0,0,0,0,8,0,5,0,0,0,4,0,0,1,0,0,48,0,0,3,38,22,2,0,3,0,3,0,0,25,9,2,4,14,3,7,4,2,1,0,1,0,2,2,16,0,0,0,5,13,5,2,4,1,33,1,15,0,5,1,40,1,5,1,2,0,17,2,9,2,0,5,20,0,9,1,4,1,5,5,14,32,46,0,1,44,15,0,25,6,3,3,2,0,1,0,5,2,1,0,8,0,1,2,3,2,0,0,0,8,0,0,0,1,2,4,0,0,0,0,8,1,1,0,1,0,0,0,4,0,1,0,2,2,3,0,0,10,0,0,0,0,0,0,1,4,1,0,5,0,0,2,0,0,2,0,0,3,0,1,1,0,0,0,0,8,0,0,1,0,1,0,0,0,0,3,0,0,0,0,0,0,0,0,1,0,1,0,3,0,0,0,4,2,0,1,0,0,1,6,1,0,0,0,0,0,0,0,2,0,0,9,0,1,39,0,0,1,0,0,1,32,1,1,0,2,1,12,0,5,0,4,5,1,12,0,0,0,5,1,0,0,24,81,0,0,0,1,0,2,0,2,0,10,3,8,0,0,0,0,1,0,0,0,0,3,1,2,4,4,0,2,2,1,1,0,0,0,0,0,0,9,2,2,2,60,24,0,6,2,1,0,4,0,15,0,2,9,0,0,4,1,3,0,1,0,0,7,0,1,0,4,0,1,19,0,0,2,0,1,6,0,2,0,4,2,32,0,0,5,0,0,3,0,0,0,1,0,3,3,0,4,5,0,0,0,0,5,3,19,15,0,0,0,20,1,6,6,0,4,0,0,0,4,0,0,1,0,0,1,0,0,0,0,0,2,0,3,11,0,1,5,5,2,0,2,0,8,0,2,3,3,6,3,1,0,7,0,0,1,0,48,40,1,0,2,0,38,0,0,0,1,0,2,2,0,6,42,0,4,0,1,2,4,0,0,49,0,0,1,0,0,0,0,1,0,0,0,16,1,2,4,0,2,14,0,0,5,0,0,0,0,0,0,0,1,2,4,8,0,0,1,0,0,27,1,0,0,0,0,4,0,29,4,1,0,6,11,4,4,18,1,91,16,3,4,5,0,11,7,1,1,0,0,0,1,24,2,3,15,4,0,0,5,2,3,0,0,0,2,13,1,1,0,0,0,1,1,0,13,0,0,2,7,5,0,4,0,0,0,14,0,0,2,0,0,0,0,0,1,11,0,8,0,1,0,0,0,0,0
4,1490,ESCOLA ESTADUAL MARECHAL CANDIDO RONDON,"RUA RICARDO NEGRAO FILHO, 287",PORTÃO,-25.47445,-49.3110344,27,0,3801,2797,216,159,0,1,2,4,28,7,3,3,23,1,0,0,0,3,2,23,1,8,2,17,1,7,36,0,2,4,0,1,0,6,0,0,1,2,1,0,0,2,18,3,0,0,4,0,2,1,0,1,4,5,1,0,0,0,0,0,1,1,0,0,0,51,0,3,14,2,1,0,0,6,0,2,23,0,20,1,3,0,5,0,0,8,1,2,5,0,0,0,0,1,0,5,0,2,1,0,4,0,2,6,10,3,2,2,5,10,1,0,0,3,0,0,0,0,8,0,0,2,0,0,19,1,0,1,4,0,0,0,0,0,0,0,7,1,6,0,12,0,3,1,0,0,0,10,0,12,1,18,12,3,4,0,0,0,14,19,1,0,0,2,0,0,5,6,5,2,0,20,0,4,19,1,0,0,1,0,0,2,1,2,1,1,0,2,0,1,0,3,2,1,0,1,2,3,1,1,18,3,0,0,2,3,0,0,0,1,123,0,5,1,0,0,0,0,4,0,3,0,0,0,2,1,0,0,0,1,29,0,0,0,44,14,1,0,2,0,2,0,0,13,11,0,4,7,0,6,3,0,0,2,0,0,0,2,2,0,0,3,6,8,2,6,0,1,14,1,8,0,7,0,19,1,0,2,1,0,12,2,5,3,4,0,20,0,5,4,14,0,0,1,2,16,23,0,0,24,9,0,23,4,0,0,0,0,1,0,2,1,0,0,1,0,0,1,1,5,0,0,1,3,12,0,0,0,0,4,0,0,0,0,13,0,0,0,0,0,0,0,4,0,0,0,0,0,1,0,0,10,0,0,0,0,0,0,1,0,1,0,2,0,1,0,0,0,1,0,0,2,2,2,0,0,0,0,4,3,0,0,0,0,1,0,0,0,0,1,0,0,0,0,0,0,0,0,0,0,1,0,0,0,0,0,1,0,0,1,0,0,0,22,0,0,0,0,0,0,1,0,0,0,0,10,1,2,46,0,0,0,0,1,0,15,0,0,0,0,4,3,0,4,0,4,2,0,3,0,0,1,2,0,0,0,13,43,2,0,1,1,0,4,1,0,0,1,3,2,0,0,0,1,2,0,1,0,0,5,2,2,0,3,0,2,0,0,1,0,0,0,0,0,0,8,3,1,3,44,3,1,0,1,0,0,4,3,7,1,1,3,0,0,3,3,1,2,0,2,0,18,2,0,0,4,0,2,11,0,0,0,5,0,3,4,2,0,2,2,33,0,0,3,0,0,1,0,0,0,2,0,2,1,1,2,6,0,0,5,0,8,0,13,6,1,0,0,8,0,9,27,0,0,0,0,0,2,0,2,0,1,0,0,0,0,0,1,0,0,0,0,0,0,0,1,4,7,0,2,0,4,1,1,1,2,4,5,1,0,0,0,0,4,1,25,25,7,0,0,0,23,0,0,0,2,1,0,1,0,0,53,1,1,0,0,0,0,0,0,40,4,0,2,0,0,0,0,0,0,3,0,10,1,0,0,0,0,2,0,1,7,0,0,0,2,1,0,0,0,1,0,6,1,0,2,0,0,13,0,0,0,0,0,3,0,26,0,7,0,11,7,1,1,29,0,69,19,2,1,9,0,4,11,0,1,0,0,1,1,12,2,5,3,12,0,1,2,0,3,1,1,0,1,4,0,0,0,3,0,2,0,0,8,0,1,0,23,13,0,1,0,0,0,4,0,1,0,0,1,0,1,0,1,5,0,8,5,0,1,0,0,0,0
4,1503,ESCOLA MUNICIPAL PROFESSOR FRANCISCO KLENTZ,"RUA FRANCISCO TISSOT, 119 - VILA ROSINHA",PORTÃO,-25.4724158,-49.3159873,27,0,2645,1975,157,109,0,1,3,3,14,2,0,3,9,1,3,0,1,4,2,19,2,10,2,4,2,4,17,0,2,5,0,0,0,3,0,0,1,1,0,0,2,0,2,0,5,0,0,0,3,0,0,3,1,0,0,0,1,0,0,1,0,1,0,1,3,40,0,4,1,4,0,0,0,5,0,1,9,0,20,1,4,0,0,17,1,4,1,0,5,0,0,0,0,3,0,2,0,4,0,0,10,0,0,3,2,3,0,1,0,10,0,0,0,1,0,3,0,0,2,1,1,1,0,1,5,0,0,3,8,0,0,0,0,0,0,0,1,0,4,0,16,0,3,2,0,0,0,7,0,0,4,3,7,1,6,0,2,0,8,22,3,0,0,2,2,0,2,9,2,3,0,4,1,14,16,0,0,1,1,1,0,0,1,1,0,0,1,2,0,0,0,0,1,2,2,1,13,1,0,0,6,2,0,0,0,1,2,0,0,0,91,0,0,0,2,0,0,0,0,0,5,0,0,0,0,2,0,0,0,1,14,1,0,0,18,4,2,1,4,0,0,0,0,4,4,2,1,7,0,0,0,0,0,0,0,0,0,1,1,0,0,0,1,1,5,3,6,0,5,0,4,2,1,0,7,0,1,0,0,0,12,0,3,7,0,0,31,0,8,3,2,0,1,0,0,11,25,0,0,14,3,0,0,5,1,0,1,0,0,0,3,3,0,0,0,1,0,1,1,4,0,0,0,1,15,0,0,0,0,2,0,0,0,0,15,0,1,0,0,0,0,0,2,3,0,0,0,0,2,0,0,1,0,0,0,0,0,0,1,0,0,0,2,0,0,0,0,0,1,0,0,6,2,1,0,0,0,0,0,1,0,0,0,0,0,0,0,0,0,0,0,0,0,2,0,2,0,0,0,0,1,0,0,0,0,0,1,0,0,0,0,0,0,12,1,0,0,2,0,0,0,0,0,2,2,12,0,1,14,0,0,0,0,1,0,10,0,0,1,1,1,2,1,6,0,3,1,0,4,0,0,0,1,0,0,0,9,21,0,0,0,0,0,0,1,0,1,2,0,0,0,0,0,0,1,0,0,0,0,0,0,1,0,17,0,0,1,1,0,0,0,0,0,0,0,2,3,1,0,21,6,0,0,0,0,0,2,0,6,0,0,0,0,0,4,2,0,0,0,2,0,6,0,0,0,2,0,1,4,0,0,0,1,0,3,1,0,1,0,0,12,0,0,0,0,0,2,0,0,0,2,0,0,1,2,0,7,0,0,0,0,5,0,17,2,0,0,0,11,0,9,91,0,2,0,0,0,0,0,0,0,0,0,0,0,0,0,0,0,4,2,0,0,0,0,0,8,6,0,1,0,3,2,0,0,0,2,2,0,0,0,1,0,0,0,20,23,0,0,0,0,30,0,0,0,0,0,0,1,0,0,33,1,0,0,0,0,2,0,0,19,0,0,1,0,0,0,0,0,0,0,1,16,1,0,1,0,0,0,0,0,24,2,0,0,0,0,0,1,0,4,0,2,0,0,1,0,0,6,5,0,0,0,0,1,1,42,2,1,0,7,0,0,2,29,1,12,5,6,1,2,0,5,3,0,0,0,0,0,2,16,1,0,1,4,0,0,3,1,2,0,0,0,1,7,0,0,0,0,0,2,2,0,9,0,0,0,13,13,0,0,0,0,0,2,0,0,0,0,0,0,0,0,1,2,0,7,0,0,0,0,0,3,0
4,1554,ESCOLA MUNICIPAL SAO MIGUEL,"RUA RAUL ZANON, 175 - SANTA HELENA",CIDADE INDUSTRIAL,-25.479553,-49.3367299,75,0,5580,3992,296,218,0,3,8,5,14,3,7,8,7,3,5,0,1,3,2,31,9,12,2,18,2,3,42,0,2,13,0,0,0,1,0,0,3,2,1,0,0,2,36,0,0,0,5,0,0,1,0,0,2,15,1,1,0,0,1,1,0,1,0,0,4,61,0,10,16,2,1,2,0,11,2,4,15,0,23,0,26,0,6,1,0,4,4,8,23,2,0,0,0,0,2,4,1,4,0,0,0,2,0,6,8,4,8,0,2,10,1,0,0,3,0,0,2,3,3,2,0,0,0,1,1,0,0,3,6,2,1,0,0,0,0,1,1,0,9,0,13,2,12,5,0,0,0,34,1,7,4,13,9,10,14,1,0,3,9,37,5,1,2,2,2,0,4,12,2,6,0,6,0,10,23,0,1,0,1,0,0,0,2,1,0,0,0,1,0,1,0,0,0,2,1,0,0,1,0,0,11,2,0,0,1,0,0,0,0,3,192,0,0,0,3,0,0,0,9,2,12,0,0,0,0,0,1,0,0,1,34,8,0,0,10,10,12,3,4,0,3,3,0,14,7,0,2,8,91,5,3,4,0,1,0,1,2,4,9,0,0,0,23,0,5,2,6,0,36,0,7,0,0,0,67,0,2,4,0,0,27,0,9,15,0,0,100,0,8,2,0,0,3,0,7,30,12,0,0,19,4,0,8,0,1,2,0,0,2,1,1,2,0,1,0,1,0,0,0,5,0,0,0,4,66,0,12,0,0,0,0,0,0,0,23,0,0,0,0,0,0,0,6,2,0,0,0,0,4,0,0,9,0,0,0,0,0,1,4,1,1,0,4,0,0,1,0,0,3,0,0,18,3,0,0,0,0,0,5,0,0,0,0,0,0,0,0,0,0,0,0,0,0,2,0,1,0,0,1,1,0,1,0,0,1,0,9,0,2,0,0,0,0,4,1,0,0,0,0,0,0,0,0,0,3,20,0,0,2,0,0,4,0,0,0,12,0,0,0,2,1,1,0,5,0,4,0,1,5,0,0,1,1,0,0,0,8,28,0,0,0,0,0,1,0,0,0,1,0,1,0,0,1,0,0,0,0,2,1,0,0,1,0,12,0,0,0,4,0,0,1,0,0,0,0,2,6,1,0,50,8,0,0,0,0,3,0,1,8,1,0,6,0,2,3,2,2,2,0,0,0,4,2,0,0,10,0,0,2,0,0,0,1,0,2,3,0,0,3,0,14,1,1,1,0,0,0,0,0,0,2,0,1,0,4,0,5,1,1,1,1,281,4,29,10,0,4,0,4,2,13,17,0,0,0,0,0,0,1,0,0,0,0,0,0,0,0,0,4,5,0,0,0,0,0,0,5,10,2,14,0,4,0,0,0,2,7,5,1,0,0,2,0,0,0,38,16,0,0,0,0,51,0,0,1,0,0,1,2,0,0,84,2,2,3,1,1,2,0,0,45,0,0,12,1,0,0,0,0,0,0,0,8,1,0,1,0,0,3,0,0,12,0,0,0,0,2,0,0,0,1,0,2,2,1,0,1,2,18,6,0,0,0,1,3,0,61,1,1,0,4,4,0,4,236,6,9,13,12,1,18,0,13,21,1,0,0,0,0,5,23,6,2,2,7,0,0,3,0,1,0,1,2,3,11,1,0,1,0,0,0,0,0,3,0,0,0,15,4,0,1,0,0,0,5,0,0,0,0,2,0,0,0,0,0,2,2,7,0,0,0,0,0,4
4,1562,ESCOLA MUNICIPAL PROFESSORA MARIA DO CARMO MARTINS,"RUA JOAO DEMBINSKI, 1377",CIDADE INDUSTRIAL,-25.4603265,-49.3450213,75,0,4869,3573,276,170,0,6,20,3,20,4,0,2,12,1,2,1,1,5,2,27,1,15,0,26,3,9,34,3,6,7,1,1,0,0,0,0,0,0,4,0,0,1,51,3,2,0,0,0,1,1,0,1,5,7,1,1,1,0,0,10,0,1,0,0,2,81,0,4,16,3,2,7,0,5,0,5,188,0,114,1,287,1,6,21,0,3,8,0,4,1,0,0,0,1,0,3,0,0,0,0,0,0,0,7,8,2,4,3,2,9,1,1,3,0,0,0,0,2,2,2,0,0,0,0,2,0,1,4,18,0,1,0,0,0,0,9,3,0,3,1,13,7,9,4,1,5,0,11,0,3,0,9,17,28,7,1,0,0,13,33,4,1,0,0,3,1,2,8,1,5,0,3,0,23,7,0,6,2,0,1,2,1,2,3,2,1,2,0,1,3,1,8,1,0,0,1,5,4,0,0,3,3,1,0,2,0,0,0,0,1,23,1,2,1,0,0,0,0,5,0,4,0,0,0,0,0,2,0,2,3,56,2,0,0,0,9,3,1,0,0,0,0,0,16,15,0,1,12,1,1,5,1,0,1,0,0,0,13,3,0,0,1,13,0,5,1,1,1,27,3,11,0,0,3,30,0,5,2,3,1,23,1,4,12,0,0,13,2,7,1,0,1,1,3,0,18,15,0,0,16,0,0,11,0,0,1,0,0,1,0,0,3,1,1,1,1,0,3,2,34,0,0,1,0,9,0,0,1,2,2,1,2,0,0,16,0,0,0,1,0,0,0,6,2,0,0,0,0,3,0,0,14,11,0,1,0,0,0,0,1,0,0,3,0,0,0,0,0,8,0,0,29,1,0,0,1,0,0,3,1,0,0,0,0,1,5,1,0,0,0,0,0,0,0,0,0,0,1,0,1,1,0,1,0,0,0,7,0,0,2,0,0,1,4,0,0,0,0,0,0,0,0,0,0,2,8,0,3,0,0,2,1,1,0,1,23,3,0,0,3,4,1,0,1,0,2,0,0,10,0,0,0,1,0,0,0,6,21,0,0,0,0,0,0,1,3,1,1,3,1,0,0,1,0,1,0,0,0,0,0,0,0,0,5,0,1,0,2,0,0,0,2,0,1,0,2,3,0,0,25,21,0,0,0,0,0,0,3,9,1,0,8,0,0,0,2,1,0,0,0,0,3,2,0,0,7,0,0,2,0,0,0,2,0,3,3,1,0,0,0,6,0,0,1,0,0,3,0,0,0,12,1,0,0,1,1,12,2,0,1,0,30,0,12,4,0,1,0,4,0,13,12,0,0,1,0,0,2,0,1,1,1,0,0,0,2,0,0,39,2,0,0,1,0,0,2,9,12,13,7,0,2,0,1,0,0,6,9,0,3,0,0,0,0,0,30,87,1,0,0,3,38,1,0,1,1,1,0,3,0,2,73,1,1,13,0,0,10,0,0,51,0,0,2,1,0,0,0,0,0,0,0,7,1,0,5,0,0,0,0,0,2,1,0,0,2,3,0,1,0,0,0,6,0,0,0,0,0,11,3,0,0,1,1,0,0,33,0,0,0,12,2,1,2,55,4,12,6,23,0,2,1,2,11,1,0,1,0,1,4,8,0,6,10,3,0,1,0,0,2,1,1,0,3,23,0,0,0,0,1,10,3,0,3,1,0,0,8,8,1,0,0,0,0,1,0,0,1,0,0,0,0,1,0,1,0,4,3,0,0,0,0,2,2
4,1570,ESCOLA MUNICIPAL HEITOR ALENCAR FURTADO,"RUA ROBERT REDZINSKI,  150",CIDADE INDUSTRIAL,-25.4572599,-49.3494379,75,0,3898,2898,211,142,0,2,16,3,18,3,1,0,4,0,3,1,0,3,3,11,0,15,1,6,0,3,23,0,5,1,2,1,0,0,0,0,1,1,0,0,0,1,31,0,0,1,0,0,1,0,0,0,1,4,1,0,0,0,0,25,1,0,0,0,0,46,0,10,16,2,1,1,0,2,2,6,595,0,33,3,125,1,2,5,0,4,10,1,6,1,0,0,0,0,1,5,0,3,1,0,0,1,0,1,10,5,2,1,6,7,0,0,0,5,0,0,1,6,5,0,2,0,0,0,0,1,1,0,14,0,0,0,0,0,0,0,3,0,1,0,10,3,8,0,1,1,0,4,0,6,0,5,9,6,7,0,0,0,12,17,4,0,0,2,2,0,3,6,3,6,0,3,0,18,11,0,1,1,0,0,0,0,0,0,0,0,2,0,1,1,0,4,0,1,0,0,0,3,0,0,8,2,0,1,0,0,1,2,0,0,8,0,2,0,0,0,0,0,3,0,6,0,0,0,0,0,6,0,0,0,91,0,0,0,0,4,4,1,4,0,1,0,0,9,11,1,1,9,1,1,4,2,2,0,0,0,0,1,4,1,0,1,11,2,9,2,2,1,15,1,13,0,0,0,27,2,1,0,9,1,20,1,4,7,0,1,3,0,9,1,0,0,0,0,1,10,15,0,0,13,1,0,3,0,0,3,0,0,0,0,0,5,0,0,1,0,0,1,1,14,0,0,2,1,5,0,0,2,1,2,0,0,0,0,20,0,1,0,0,0,0,0,0,0,0,0,0,0,1,0,0,8,7,0,0,0,0,0,0,0,0,0,0,0,0,0,1,0,3,0,1,12,0,0,0,0,0,0,0,0,0,0,0,0,0,2,0,0,0,0,0,0,0,0,2,0,0,0,0,0,1,0,0,0,0,0,9,0,1,0,0,0,1,1,3,0,0,0,0,0,0,0,0,0,1,13,1,2,2,0,0,0,0,0,4,13,1,0,0,2,1,2,0,2,0,0,0,0,5,0,1,0,0,0,0,0,7,34,0,0,0,0,2,1,1,1,0,1,2,2,0,0,0,0,1,0,0,0,0,0,0,0,0,5,0,0,0,1,0,0,0,0,0,0,0,1,1,0,1,26,17,0,0,0,0,0,0,4,6,1,0,7,0,0,5,4,0,0,0,2,0,1,0,0,0,1,0,0,1,0,0,0,1,0,4,0,0,0,1,1,1,0,0,2,0,0,0,0,1,0,1,0,0,0,0,0,0,0,0,4,0,9,0,6,6,0,1,0,5,0,12,2,0,1,1,0,1,1,0,0,0,0,0,0,0,2,4,0,25,1,0,0,0,0,0,1,3,8,18,1,0,0,0,0,1,0,1,2,1,2,0,0,0,0,0,32,56,0,0,0,0,23,0,1,0,0,5,1,1,0,2,54,0,1,3,1,0,3,0,0,23,0,0,0,0,0,0,0,1,0,0,0,8,2,0,2,0,0,0,0,0,2,0,0,0,1,0,0,0,1,1,0,3,1,0,0,0,1,12,3,0,0,1,0,0,0,9,2,0,0,14,0,0,2,30,2,16,8,13,0,0,0,1,5,1,0,1,0,0,3,10,3,0,4,2,0,3,1,2,2,0,3,0,5,16,0,0,0,0,0,3,1,0,7,1,0,0,1,1,1,0,2,0,0,1,0,1,0,0,0,0,3,0,0,0,1,3,0,0,0,0,0,1,1
4,1589,ESCOLA MUNICIPAL JARDIM SANTOS ANDRADE,"RUA LUIZ ZILLI, 405",CAMPO COMPRIDO,-25.4565079,-49.3259374,44,0,2780,2011,155,100,0,2,1,6,13,3,0,5,2,1,1,1,1,5,1,9,1,9,1,6,0,6,24,0,5,6,0,0,0,0,0,0,1,1,2,0,0,2,13,0,4,2,3,0,1,0,0,2,1,3,1,3,0,0,2,1,5,2,0,0,0,24,0,4,12,2,0,0,0,3,0,5,15,0,16,2,10,0,1,27,2,1,4,2,0,0,1,0,0,0,1,2,0,2,1,0,0,0,0,3,7,1,2,0,0,12,0,0,0,1,2,0,0,0,7,5,0,0,0,2,0,0,0,1,5,0,1,0,2,0,0,0,2,0,4,0,11,0,10,0,0,0,1,9,0,9,1,4,11,6,7,0,0,4,10,15,3,0,1,0,1,0,0,11,2,3,0,10,0,10,20,0,0,1,0,0,0,0,0,0,0,0,0,1,0,0,0,2,0,1,0,0,1,0,1,1,5,5,0,0,0,0,0,1,0,1,7,0,1,3,0,0,0,0,2,0,1,0,0,0,1,0,0,0,0,0,29,0,0,0,3,0,1,0,10,0,0,0,0,8,6,0,5,8,0,0,0,2,2,0,0,0,0,2,2,2,0,1,6,3,4,3,5,2,9,0,6,0,0,0,7,0,1,1,2,0,17,0,6,1,0,0,5,0,4,0,1,1,0,2,0,11,9,0,1,11,1,1,9,0,0,2,0,0,1,0,5,1,2,1,0,0,0,0,3,1,0,0,0,0,1,0,0,0,0,2,0,0,0,0,27,0,2,0,0,0,0,0,1,0,0,0,0,0,1,0,0,9,0,0,0,0,0,0,0,0,0,0,0,0,0,1,0,0,2,0,2,2,0,0,0,0,0,0,1,0,0,0,0,0,2,0,0,0,0,0,0,0,0,0,0,0,0,0,0,0,0,0,0,0,0,0,2,0,0,0,0,0,0,2,1,0,0,0,0,0,0,0,0,0,3,11,0,2,0,0,3,0,0,0,0,20,0,2,0,2,0,6,1,0,0,1,0,1,5,0,0,1,2,1,0,0,8,24,0,0,0,0,0,0,0,4,2,2,4,0,0,0,0,1,0,0,0,2,1,0,1,0,0,6,0,0,0,1,0,0,0,0,2,0,0,0,0,2,1,23,14,0,1,0,2,0,3,2,8,0,1,3,2,0,0,2,0,1,0,0,0,2,2,0,0,6,0,0,1,0,0,0,3,0,3,0,1,0,0,1,4,0,0,0,0,0,1,0,0,1,0,0,0,0,2,0,1,0,0,2,0,3,0,8,0,0,0,0,2,0,2,4,3,3,2,0,0,1,1,0,0,0,0,0,1,2,0,0,2,0,0,3,0,0,0,4,1,4,0,2,0,5,0,0,1,3,10,1,1,0,2,0,0,0,0,22,77,0,0,0,0,37,0,0,0,0,0,1,0,0,2,44,0,0,0,0,0,50,0,0,27,0,1,0,0,0,0,0,0,0,0,2,6,2,0,4,0,0,0,0,0,2,0,0,0,3,0,1,0,0,2,0,6,3,0,0,3,0,6,3,0,0,3,0,1,0,5,3,1,0,9,0,2,6,202,2,9,9,3,2,0,1,2,1,0,1,0,0,0,3,13,1,1,5,3,0,3,0,2,0,0,4,0,2,9,0,0,0,0,0,4,1,0,5,0,0,3,8,0,0,0,0,0,0,0,0,0,0,0,0,0,1,0,1,0,0,2,1,0,0,1,2,0,0
4,1597,FUNDACAO DE AÇÃO SOCIAL DO CAMPO COMPRIDO - FAS (MUNICIPAL),"RUA EDUARDO SPRADA, 4520",CIDADE INDUSTRIAL,-25.4468243,-49.3486726,75,0,2818,2104,150,108,0,3,6,3,19,1,0,1,4,1,0,0,0,1,4,13,0,17,2,8,1,5,18,1,4,5,0,0,0,0,0,0,1,0,2,0,2,0,14,1,4,0,2,0,1,0,1,2,1,2,0,4,0,0,1,11,1,1,0,0,2,41,0,5,30,2,1,1,0,3,1,3,131,0,42,0,22,0,3,1,1,2,3,0,3,0,0,0,1,0,0,3,0,1,0,0,0,1,1,2,8,1,4,0,0,18,0,0,0,3,0,0,0,0,3,0,0,0,0,1,0,0,0,1,8,0,1,0,0,0,0,1,7,0,14,0,2,0,6,1,2,1,0,5,0,8,0,8,14,14,8,2,0,1,7,21,4,0,1,0,1,0,6,7,1,0,0,5,0,6,14,0,0,5,0,0,0,0,0,1,0,5,0,0,0,2,0,1,0,1,0,1,0,2,0,0,4,4,0,3,3,0,0,1,0,0,10,0,0,0,0,0,1,0,0,0,2,0,0,0,0,0,0,0,0,1,36,2,0,0,3,9,1,1,0,0,1,0,0,11,7,0,2,13,0,1,1,3,1,0,0,0,0,10,8,0,0,1,1,2,4,1,4,0,19,0,5,0,1,0,25,1,0,3,3,1,11,0,2,2,0,0,4,0,2,0,1,0,0,3,1,9,11,0,0,23,2,0,8,0,0,2,0,0,2,0,0,4,0,0,1,0,0,0,2,8,1,0,2,1,9,0,0,0,0,0,0,1,0,0,11,0,0,0,0,0,0,1,0,0,0,0,0,0,0,0,0,25,0,0,0,0,1,1,0,0,0,0,1,0,0,1,0,0,0,0,0,4,0,0,1,0,0,0,0,0,0,0,1,0,0,1,0,0,0,0,0,0,0,4,0,0,0,1,1,2,0,0,1,0,0,0,3,0,3,0,0,0,0,1,0,0,0,1,0,0,0,0,0,0,1,6,0,1,0,0,0,2,0,0,0,34,0,0,0,1,2,2,0,2,0,0,0,0,4,2,0,0,0,0,0,0,19,46,1,0,0,1,2,2,0,3,0,4,1,2,0,2,1,0,1,0,0,0,0,2,1,0,0,3,0,0,0,2,0,0,0,0,2,0,0,0,0,0,0,33,6,0,0,0,0,1,0,2,10,0,0,1,0,0,0,0,0,0,0,0,0,4,0,2,0,6,0,2,0,0,0,0,2,0,3,1,0,0,1,0,0,0,0,0,0,0,1,0,0,0,2,3,0,0,0,1,0,0,0,0,0,8,0,7,4,0,0,0,5,0,5,0,0,1,3,0,0,1,1,0,0,2,0,0,0,0,1,0,2,2,0,0,1,0,0,5,4,4,6,1,0,6,0,1,1,3,1,0,1,0,3,0,0,0,1,23,76,2,0,0,2,24,0,0,0,0,2,0,0,0,0,41,0,0,4,0,0,20,0,0,25,0,1,0,0,0,0,1,0,0,0,0,7,1,0,1,0,0,0,1,0,10,0,0,0,0,0,0,1,1,2,0,3,2,0,0,0,0,14,1,0,0,0,0,1,0,15,0,1,0,21,2,2,0,16,1,12,3,3,1,2,0,6,3,0,3,0,0,0,4,18,1,5,3,3,0,0,1,4,6,0,1,0,0,13,0,0,0,1,0,2,3,0,6,0,0,0,3,2,0,1,0,0,0,0,0,0,0,0,0,0,1,0,0,0,0,1,2,0,0,0,0,0,1
4,1600,ESCOLA MUNICIPAL MORADIAS DO RIBEIRAO,"RUA JOAO DEMBINSKI, 3030",CIDADE INDUSTRIAL,-25.4746405,-49.3394871,75,0,3453,2548,232,136,0,2,5,5,7,4,1,5,3,0,0,2,1,0,5,15,5,12,1,5,1,4,22,0,2,7,0,0,0,1,0,0,0,2,0,0,0,0,29,0,0,0,0,0,0,1,0,1,2,2,0,0,0,0,0,5,0,1,0,0,4,32,0,7,17,7,1,0,0,8,3,4,18,0,19,0,31,0,2,2,0,5,4,7,4,2,0,0,0,2,3,4,1,2,0,1,4,0,0,4,4,1,9,0,0,5,1,0,0,2,0,2,0,0,3,2,1,0,0,0,0,0,0,7,6,0,2,0,0,0,0,1,1,0,5,0,16,2,4,1,1,1,0,9,0,5,0,9,5,18,7,0,1,1,4,19,6,0,0,1,5,0,6,7,0,4,0,3,1,9,12,0,0,1,0,1,0,0,1,0,0,0,0,0,0,5,0,0,0,2,0,0,0,3,2,0,2,1,0,0,1,0,0,1,0,0,76,0,2,0,2,0,0,0,1,0,8,1,0,0,2,0,1,0,0,1,30,5,0,1,4,5,2,8,1,0,1,0,0,0,4,0,1,17,21,1,2,4,2,0,0,0,0,2,8,1,0,0,17,0,2,3,3,0,26,0,5,0,1,0,48,0,2,1,1,0,20,0,0,6,1,0,16,0,1,2,1,0,0,0,1,8,12,0,0,12,1,0,7,2,2,2,0,0,0,0,0,2,0,0,0,1,0,0,7,51,0,0,1,0,15,0,0,0,0,0,0,1,2,2,27,0,0,0,1,0,0,0,2,1,0,0,0,1,0,0,1,9,1,0,0,0,1,0,3,0,0,0,0,0,2,0,0,0,0,0,1,17,1,0,0,0,0,0,2,0,0,0,1,0,0,3,0,0,0,0,0,0,0,1,0,0,0,0,0,0,1,0,1,2,0,0,4,0,0,0,0,0,0,2,0,0,0,1,0,0,0,0,0,0,0,7,0,0,1,0,0,0,0,0,3,9,2,0,3,0,1,3,0,6,0,4,0,1,10,0,0,1,0,0,0,0,8,26,0,0,0,1,0,0,1,0,2,1,3,2,0,0,0,0,1,0,0,1,0,1,1,0,0,4,0,0,0,2,0,0,0,0,0,0,0,0,3,0,1,22,6,2,0,1,1,3,0,0,8,0,1,5,1,1,1,6,1,0,0,0,0,7,0,0,0,5,0,0,0,0,0,0,0,0,2,1,0,0,1,2,4,0,0,2,0,0,0,0,0,0,7,0,0,1,10,0,1,0,0,1,0,184,0,14,2,0,3,0,3,0,9,6,0,0,0,0,0,2,0,0,0,1,0,0,0,0,0,0,2,7,0,0,2,3,0,5,2,6,2,8,0,3,0,0,2,2,4,2,0,0,1,0,0,0,0,23,18,0,0,1,2,33,0,0,0,1,0,1,0,0,1,41,0,0,2,0,0,1,0,0,28,0,0,3,0,0,0,1,2,0,0,0,5,0,0,1,0,0,1,1,1,4,1,0,0,0,1,0,0,0,2,0,4,3,0,1,0,0,19,1,0,0,3,0,0,0,72,1,0,0,7,1,1,3,89,3,18,6,6,1,15,0,5,9,0,1,0,0,0,1,10,7,0,6,5,0,1,1,0,0,0,0,0,1,9,0,0,0,1,1,1,3,0,3,0,0,0,6,1,0,1,1,0,1,1,0,0,1,0,1,0,0,0,0,1,0,7,2,1,2,0,1,1,1
4,1619,ESCOLA ESTADUAL JOSE FRESSATO,"RUA NOVA LONDRINA, 30",AUGUSTA,-25.4572049,-49.3775575,68,0,1863,1342,152,76,0,4,8,0,3,2,0,1,1,0,0,0,0,2,2,9,1,2,0,4,0,1,13,0,1,2,0,0,0,0,0,0,0,0,2,0,0,3,14,0,0,0,0,0,1,0,0,0,0,3,0,0,0,1,0,3,0,0,0,0,0,19,0,34,236,0,0,4,0,3,0,0,45,0,6,2,6,0,8,1,0,0,3,2,4,0,0,0,0,0,0,0,0,1,0,0,1,0,0,0,3,3,2,0,0,2,0,0,0,0,0,2,0,0,1,1,0,0,0,0,0,0,0,0,0,0,0,0,0,0,0,0,1,0,2,0,1,0,2,0,0,0,0,0,0,0,0,1,5,0,0,0,0,0,0,10,0,0,0,0,1,0,1,4,1,0,0,4,3,13,2,0,1,3,0,0,0,0,0,1,0,0,0,0,0,0,0,0,0,0,0,0,0,1,0,0,1,0,0,0,0,0,0,0,0,0,1,0,0,0,0,0,0,0,5,1,1,0,0,0,0,0,0,0,0,0,12,0,0,0,0,7,1,0,0,0,0,0,0,2,1,0,0,0,0,0,0,0,0,0,4,0,0,2,2,0,0,0,3,0,3,0,4,0,4,0,2,0,0,1,10,0,2,0,7,1,9,0,1,0,0,0,3,0,1,0,0,0,0,0,0,10,7,0,0,5,2,0,9,0,0,0,0,0,1,0,0,7,0,0,0,0,0,0,0,8,0,0,4,0,10,0,0,1,0,1,2,0,0,0,11,0,0,0,0,0,0,0,0,0,0,0,0,0,1,0,0,5,0,0,1,0,0,0,2,0,0,0,1,0,0,0,0,0,1,0,0,0,0,0,0,0,0,0,1,0,0,0,0,0,0,0,0,0,0,0,0,0,0,0,0,0,0,0,3,3,0,1,0,0,0,0,0,0,1,1,0,0,0,1,0,0,0,0,0,0,0,0,0,0,0,5,0,0,0,0,2,2,0,0,0,4,1,0,0,0,2,0,0,0,0,0,0,0,0,0,0,0,0,0,0,0,3,12,0,0,0,2,0,0,0,1,0,0,3,0,0,0,0,0,0,0,0,0,0,0,0,0,0,5,0,0,0,2,0,0,0,0,0,0,0,0,0,0,0,10,0,0,0,0,1,0,0,3,1,0,0,1,0,0,0,0,1,0,0,0,0,2,0,0,0,0,0,1,0,0,0,0,0,0,1,0,0,0,1,0,0,0,0,0,0,0,2,0,0,1,0,0,0,0,10,0,7,0,0,0,0,2,0,23,3,0,0,0,0,0,9,1,0,0,1,0,1,0,0,0,0,0,0,0,0,0,1,0,2,0,0,0,0,0,0,1,0,6,1,2,0,3,0,0,0,0,2,0,0,0,0,0,0,0,0,13,10,0,0,0,0,12,0,0,0,0,0,0,0,0,0,42,0,0,0,0,0,2,0,0,15,0,0,1,0,0,0,2,0,0,0,0,1,0,0,0,0,0,0,0,0,0,0,0,0,0,0,0,0,0,3,0,0,0,0,0,0,0,4,0,0,0,0,0,2,0,7,0,0,0,7,0,0,0,46,0,0,8,1,3,0,0,1,3,0,0,0,0,0,0,14,0,0,2,3,0,0,2,0,0,0,0,0,1,29,0,0,0,0,0,1,3,0,3,0,0,0,0,1,0,0,1,0,0,0,0,0,0,0,0,0,0,0,0,2,0,1,2,2,0,0,0,0,0
4,1627,CEI - CENTRO DE EDUCAÇÃO INFANTIL OLIVIO SOARES SABOIA (MUNICIPAL),"R JOAO ALEXANDRE KOPP, 505",CIDADE INDUSTRIAL,-25.4805601,-49.3475155,75,0,3332,2448,209,150,0,2,4,2,9,1,0,3,4,3,2,0,0,2,0,12,9,9,0,11,1,3,21,0,2,4,0,0,0,1,0,0,1,3,0,0,0,2,5,0,0,0,0,0,2,0,0,0,0,15,0,0,0,0,0,0,0,1,0,0,3,32,0,3,10,1,0,2,0,4,1,0,9,1,25,0,3,0,2,0,0,1,11,5,20,2,0,0,0,1,0,0,0,2,1,0,1,2,1,6,3,4,14,0,0,7,0,0,0,4,0,0,0,1,1,0,0,2,0,1,1,0,1,1,13,0,0,0,2,0,0,0,1,0,4,0,9,2,4,2,0,0,0,4,0,1,0,8,7,5,5,2,0,3,5,15,1,0,0,2,2,0,4,10,2,0,0,7,2,1,2,0,0,1,0,2,0,0,3,0,0,0,1,0,0,0,0,0,0,1,0,0,0,2,0,0,7,0,0,0,1,0,0,0,0,0,49,0,1,0,3,1,0,0,7,0,5,0,0,0,0,1,1,0,0,0,36,15,0,0,3,2,3,2,0,0,0,0,0,4,6,0,1,2,34,3,4,1,0,0,0,0,0,3,4,0,0,0,22,3,1,3,4,0,12,0,4,0,1,0,37,0,2,0,0,0,11,1,2,1,0,0,32,0,2,1,0,0,2,3,1,11,10,0,0,14,2,0,4,1,0,1,0,0,2,0,0,3,0,0,1,0,0,0,3,5,0,0,2,1,59,0,4,0,0,2,0,0,2,0,36,0,0,0,0,0,1,0,2,0,0,0,0,0,5,0,1,4,0,0,0,0,0,0,1,0,0,0,4,0,0,0,0,0,3,0,0,7,0,0,0,0,0,0,1,0,0,0,0,0,0,0,0,0,0,0,0,0,0,2,0,0,0,0,0,0,0,0,0,0,0,0,9,0,0,0,0,0,1,7,3,0,0,0,0,0,0,0,0,0,3,6,0,0,1,0,1,0,0,0,2,9,0,0,0,0,4,0,0,2,0,0,1,0,4,0,0,0,0,0,0,1,9,28,0,0,0,1,0,1,0,3,0,0,0,1,0,0,1,0,0,0,0,0,0,0,0,0,0,4,1,0,0,0,0,0,0,2,0,1,0,1,2,0,0,15,5,0,0,1,1,1,0,0,1,1,0,0,0,0,2,2,0,0,0,0,0,0,2,0,0,3,0,0,1,0,0,0,0,0,2,4,0,0,0,0,2,1,0,0,0,0,0,0,0,1,0,0,1,1,4,0,0,0,1,2,0,457,0,6,6,0,1,0,3,0,4,4,0,2,0,0,0,0,0,0,1,0,0,0,0,1,0,0,2,0,0,4,2,1,0,3,1,5,0,3,0,0,0,0,0,0,3,6,3,0,0,0,0,0,0,18,9,0,0,0,0,27,0,0,0,0,0,0,0,0,1,65,2,0,1,0,0,1,0,0,13,0,1,11,1,0,0,0,0,0,0,0,3,1,0,0,0,0,0,0,0,5,0,0,0,0,0,0,0,0,0,1,5,1,0,0,0,0,5,0,0,0,0,0,0,0,26,2,0,0,5,1,0,0,92,4,9,8,8,1,3,0,5,18,0,0,0,0,0,0,16,2,1,4,1,0,1,1,0,1,0,0,0,2,6,0,0,0,0,0,1,0,0,4,0,0,0,3,2,0,0,0,0,0,5,0,0,0,0,3,0,0,0,0,0,0,2,1,0,0,0,0,2,1
4,1643,COLÉGIO ESTADUAL PROFESSORA HILDEGARD SONDAHL - EFM,"RUA JOAQUIM DE SIQUEIRA CORTES, 62",CIDADE INDUSTRIAL,-25.4871391,-49.3529339,75,0,3103,2255,226,128,0,1,2,3,7,1,1,0,12,0,1,0,0,1,1,4,0,9,0,5,0,3,17,1,1,1,0,0,0,0,0,0,2,13,0,0,0,0,14,0,0,2,0,0,0,0,0,0,3,14,1,0,0,0,1,2,0,0,0,0,6,33,0,12,4,5,0,0,0,5,0,0,5,0,20,0,9,0,5,1,0,0,4,0,7,1,0,0,0,0,1,1,0,6,2,0,1,0,0,4,7,1,64,1,0,1,0,0,0,1,0,0,0,6,2,0,0,0,0,0,1,0,0,3,8,0,0,0,0,0,0,0,0,0,0,0,7,1,2,0,0,0,0,4,0,5,0,11,11,6,5,0,0,1,8,19,3,0,1,0,1,1,5,5,7,3,0,3,1,11,4,0,0,0,0,1,1,0,2,0,0,0,0,0,0,0,0,0,1,1,3,0,2,1,0,2,1,0,0,0,1,0,0,1,0,0,31,0,0,1,0,0,0,0,2,0,11,0,0,0,0,4,0,0,0,0,16,42,0,0,1,3,2,1,0,0,0,0,0,5,2,0,0,4,2,1,0,1,0,0,0,0,0,1,5,0,0,0,5,0,2,0,5,0,6,0,6,0,2,0,12,0,0,0,0,0,7,0,0,4,0,0,5,0,2,0,1,0,6,0,3,7,13,0,0,3,3,0,11,0,0,0,0,0,0,0,0,1,0,0,1,1,0,0,0,12,3,0,0,2,208,0,2,0,1,7,1,0,0,0,65,0,0,0,0,0,0,0,7,6,0,0,1,1,1,0,0,2,2,0,0,0,0,0,0,0,0,0,1,0,0,0,0,0,2,0,0,14,0,0,0,0,0,1,17,0,0,0,0,1,0,0,1,0,0,0,0,0,0,9,0,0,0,0,0,0,0,0,0,0,1,0,1,0,0,1,0,0,1,13,2,0,0,0,0,0,0,0,10,0,0,10,0,0,1,0,0,0,0,0,0,5,0,1,0,0,0,0,0,2,0,0,0,0,0,0,0,1,0,1,0,2,5,16,0,0,0,0,0,0,0,0,0,0,1,1,0,0,0,0,0,0,0,0,1,1,0,0,0,11,0,0,0,1,0,0,0,0,0,0,0,1,0,0,2,12,4,0,0,0,1,2,2,1,5,0,0,2,0,0,1,5,0,0,0,0,0,1,0,0,0,2,0,1,1,0,0,0,1,0,0,2,2,0,1,0,3,0,0,1,0,0,0,0,0,0,0,0,0,0,1,0,0,0,0,1,0,16,0,4,3,0,0,0,4,0,5,1,0,0,0,1,0,0,1,0,0,0,0,0,0,2,0,0,3,0,0,3,0,0,0,2,4,10,2,1,0,3,0,1,1,0,12,7,2,0,0,0,0,0,0,24,9,1,0,0,0,23,1,1,0,0,0,1,0,0,0,65,0,0,0,0,0,0,0,0,26,0,0,24,0,0,0,0,0,0,0,0,1,0,0,1,0,1,0,3,3,0,0,0,0,1,0,0,0,0,1,0,6,0,4,0,0,1,6,2,0,0,1,0,3,0,14,1,1,1,1,0,0,1,233,3,4,6,2,0,5,0,5,12,0,0,0,0,0,0,12,0,1,2,1,0,0,0,0,2,0,0,1,1,13,0,0,0,0,0,0,2,0,6,0,1,0,7,3,1,0,0,0,0,2,0,0,1,0,0,0,0,0,1,2,1,6,2,0,0,0,0,0,3
4,1651,ESCOLA ESTADUAL MONSENHOR IVO ZANLORENZI,"R EDUARDO SPRADA, 4114",CAMPO COMPRIDO,-25.4448298,-49.3454058,44,0,4728,3402,268,168,0,2,8,3,41,2,1,4,9,1,1,0,1,20,2,39,0,16,0,17,2,9,33,0,2,6,0,0,0,1,0,0,1,3,0,0,0,1,14,2,6,2,2,0,2,2,0,5,2,5,0,1,3,0,0,33,0,6,0,0,5,47,0,6,50,7,3,1,0,9,0,4,108,0,48,2,31,1,2,7,0,5,6,2,1,1,0,0,1,2,2,2,5,1,1,0,0,0,0,4,6,1,2,4,2,43,0,0,0,6,2,3,0,1,25,0,0,0,0,0,1,0,0,0,8,0,0,0,0,2,0,0,5,0,19,0,14,1,6,3,1,1,0,9,1,12,2,9,17,9,9,0,0,2,10,32,10,0,1,0,1,1,19,23,6,6,0,11,1,5,32,1,0,1,0,0,0,1,0,0,0,1,2,0,0,3,0,1,0,1,0,4,1,1,1,0,6,16,0,2,4,0,0,3,0,0,9,2,5,0,0,0,1,1,1,0,3,0,0,0,0,0,1,0,1,0,50,1,0,0,2,6,3,0,0,0,0,0,1,14,12,3,6,21,1,2,2,2,1,0,0,0,0,9,25,1,0,0,7,2,5,3,8,1,35,0,12,0,2,0,30,1,2,2,11,1,26,1,4,3,0,1,5,0,9,0,8,0,0,3,0,30,26,0,0,24,5,0,17,1,2,3,0,0,2,0,0,10,1,0,1,0,0,2,5,7,0,0,0,0,14,0,0,0,0,2,2,0,0,0,3,0,0,0,3,0,0,2,2,1,1,0,0,0,0,1,0,30,2,0,0,0,1,0,0,4,0,0,2,0,0,0,0,0,0,0,0,0,1,0,0,0,0,0,2,0,0,0,0,0,3,0,0,1,0,0,1,0,0,1,1,0,0,0,0,0,0,0,1,0,1,0,6,0,4,1,0,0,0,4,0,0,0,2,0,0,0,0,0,0,5,3,0,0,3,0,0,2,0,0,0,63,1,0,0,1,3,9,0,7,0,4,0,0,5,0,2,3,1,5,0,1,41,90,0,1,3,0,1,2,2,19,3,1,4,5,0,1,0,0,2,0,0,0,0,0,2,0,0,3,0,3,0,2,1,0,0,0,0,1,0,5,0,0,0,39,13,0,0,2,0,1,1,13,14,0,0,2,0,0,1,0,6,1,0,0,0,8,0,1,0,0,0,1,1,0,0,0,1,0,0,1,0,1,1,1,1,0,0,0,0,0,1,0,0,0,2,0,2,2,0,0,0,0,0,0,0,8,0,11,8,1,1,1,13,1,7,7,1,4,3,0,0,0,0,0,0,0,0,0,0,2,0,0,6,0,0,1,0,0,0,1,2,3,9,2,0,5,0,4,4,4,5,2,1,1,1,0,0,0,0,55,113,7,0,0,2,46,0,0,1,3,0,1,2,0,5,41,0,0,7,3,0,26,1,0,55,0,1,0,0,2,0,0,1,0,0,2,15,2,0,6,0,0,1,0,0,14,0,1,0,1,0,0,0,0,1,0,5,1,0,1,0,0,22,2,0,0,0,0,0,2,14,1,2,0,49,5,2,0,27,3,18,15,8,3,0,2,1,7,0,1,0,0,0,1,28,0,4,5,3,0,1,0,4,4,0,0,0,4,13,0,0,1,0,0,1,7,0,8,0,0,0,2,1,0,2,0,0,0,0,2,0,1,0,0,1,1,0,0,0,3,4,0,1,0,0,1,1,0
4,1694,ESCOLA MUNICIPAL PROFESSOR ULISSES FALCAO VIEIRA,"RUA EDUARDO SPRADA,  5062",CIDADE INDUSTRIAL,-25.4495891,-49.3524682,75,0,4072,3012,272,162,0,2,5,2,21,2,0,3,13,1,0,1,2,7,1,21,0,16,2,11,0,2,21,0,5,1,0,1,0,0,0,0,1,2,0,0,0,1,21,1,4,0,2,1,4,1,2,2,2,2,0,0,0,0,0,37,1,2,0,0,7,79,0,15,35,1,1,1,0,1,0,2,266,0,29,1,68,0,6,6,0,1,2,0,5,0,0,0,2,0,0,2,0,2,1,0,1,0,1,8,5,0,4,2,2,22,1,0,0,4,0,1,0,3,7,0,1,0,0,1,0,0,0,3,6,0,0,0,0,0,0,1,5,0,9,0,18,2,12,1,1,1,1,8,0,6,0,6,19,12,5,0,0,0,9,21,15,0,0,1,1,0,9,13,3,2,0,7,2,6,25,0,0,2,0,0,0,0,2,0,0,0,2,0,0,2,0,1,0,2,0,0,0,1,0,0,6,1,0,0,2,2,1,0,0,0,14,0,2,0,0,0,0,0,4,0,3,0,0,0,0,0,6,0,0,2,43,1,0,2,2,7,1,1,2,1,0,0,0,13,8,0,3,9,1,1,0,0,0,0,0,0,0,4,8,0,0,0,6,0,9,3,7,0,26,0,14,0,0,2,37,2,0,5,13,0,12,3,2,7,0,0,6,0,6,2,0,0,0,0,0,11,19,0,2,21,2,0,8,2,4,1,0,0,4,0,4,6,0,0,0,1,0,1,2,13,0,0,2,0,19,0,0,0,0,2,0,0,0,0,16,0,0,0,0,0,0,1,1,1,0,0,0,0,1,0,2,24,1,0,0,0,0,0,3,5,0,0,3,0,0,2,0,0,1,1,0,4,3,0,0,0,0,1,0,0,0,0,0,0,0,1,0,0,0,0,1,0,2,0,0,0,0,0,2,3,0,0,0,1,0,0,7,0,1,0,0,0,0,1,1,0,0,1,0,0,0,0,1,0,3,7,2,0,5,0,0,3,0,0,3,33,0,0,1,3,4,3,1,3,0,3,0,0,7,0,0,2,4,3,0,0,15,41,0,0,3,0,2,3,0,10,2,0,5,1,0,2,2,0,0,0,0,0,0,1,0,0,0,4,1,0,0,4,0,0,0,4,0,0,0,3,0,0,1,39,6,0,1,1,0,0,1,2,10,0,0,3,0,0,1,0,0,0,0,3,0,6,0,4,0,1,0,2,0,0,0,0,0,0,4,1,0,0,0,0,6,0,0,2,0,0,4,0,0,0,0,0,1,0,1,0,2,1,0,0,1,5,0,14,5,0,0,0,6,0,9,5,0,1,0,0,0,0,0,0,0,1,0,0,0,0,0,0,10,0,0,3,0,0,0,3,1,13,26,0,0,4,0,1,1,6,3,3,0,1,0,0,0,0,0,25,70,5,2,0,0,28,0,0,0,0,1,0,0,0,1,73,0,3,2,3,2,12,0,0,23,0,0,1,0,0,2,0,0,0,0,0,5,1,0,8,0,0,0,1,2,5,0,0,0,1,0,0,0,0,3,0,3,4,0,0,0,0,17,3,0,0,1,0,2,0,16,1,0,0,42,1,2,2,29,2,10,10,12,0,1,0,1,2,0,1,0,0,0,1,33,3,7,4,3,0,2,1,3,3,0,1,1,1,13,1,0,0,2,0,8,5,0,9,1,0,1,9,0,0,0,0,0,0,2,0,1,0,0,0,0,0,0,0,1,0,7,3,0,0,0,0,0,1
4,1708,COLEGIO ESTADUAL TEOTONIO VILELA,"RUA ROBERT REDZIMSKI, 1000",CIDADE INDUSTRIAL,-25.4573312,-49.3490455,75,0,5841,4225,354,222,0,6,18,7,22,1,1,2,6,0,4,1,0,4,4,19,1,15,1,14,2,9,34,2,4,7,0,0,0,0,0,0,1,2,2,0,0,1,45,1,1,0,3,0,3,1,0,2,2,5,1,2,0,0,0,37,0,1,0,0,4,81,1,11,25,2,0,4,1,2,5,3,539,0,71,1,265,2,3,17,0,0,9,1,6,0,0,0,0,0,0,4,1,4,0,0,3,0,2,1,8,5,3,0,0,18,0,0,0,3,0,1,0,9,2,2,6,1,0,0,0,0,1,3,16,0,0,0,0,0,0,0,1,0,7,0,16,4,7,0,0,7,0,17,2,4,1,14,13,11,14,1,1,2,15,37,9,0,1,2,5,1,6,13,2,2,0,7,5,18,11,0,3,1,0,5,0,1,0,0,0,0,0,0,1,2,0,4,1,1,0,0,5,4,1,0,10,1,0,0,0,2,2,3,0,0,15,0,1,1,0,0,0,0,3,0,12,0,0,0,0,0,4,0,0,0,91,2,0,0,1,7,2,2,1,1,1,1,0,13,3,0,1,9,2,4,9,2,0,0,0,0,0,18,8,1,0,3,14,0,8,7,4,0,17,1,12,0,1,0,31,2,2,0,12,0,15,0,3,10,5,0,18,0,12,1,0,0,1,0,1,25,10,0,0,23,4,0,14,2,1,1,0,0,4,0,3,4,0,4,0,2,0,7,2,27,0,0,2,4,7,0,0,0,0,7,0,1,0,2,32,0,0,0,1,0,0,1,0,3,0,0,0,0,1,0,0,20,13,0,0,0,0,0,3,2,1,0,3,0,0,0,0,0,4,0,1,16,6,0,2,0,0,0,2,0,0,0,0,0,0,1,2,0,0,0,0,0,0,1,0,0,0,0,0,1,0,0,1,1,0,0,7,0,1,0,0,2,0,3,3,0,0,0,0,0,0,0,2,0,0,9,1,2,2,0,0,1,2,0,1,18,2,1,0,0,7,2,0,3,0,3,0,0,6,0,0,1,0,1,0,0,11,37,1,0,0,0,0,0,0,1,1,0,5,1,0,0,0,0,0,0,0,0,0,0,3,0,0,13,0,0,0,5,1,0,0,0,1,0,0,1,2,1,1,27,22,1,0,0,0,1,2,5,12,0,0,7,0,1,3,5,0,0,0,2,0,3,0,0,0,1,0,0,3,0,0,0,2,0,3,1,2,0,1,0,4,0,0,6,0,0,0,0,1,0,7,0,1,0,2,0,3,1,0,1,0,20,0,13,16,0,0,0,3,0,4,1,0,1,0,0,0,1,0,0,0,0,1,0,1,1,0,0,53,1,1,2,0,1,0,1,6,8,22,3,0,4,0,0,1,7,3,11,0,1,1,0,0,0,0,41,64,3,0,0,0,52,0,0,0,1,9,2,4,0,0,98,1,0,28,1,1,18,0,0,42,0,1,2,1,0,0,0,0,0,0,2,10,0,0,1,0,0,0,1,0,1,0,0,0,0,1,0,2,0,3,0,15,0,0,1,1,1,17,1,0,0,1,1,3,0,30,0,0,0,30,3,1,1,55,6,13,14,18,0,3,1,15,8,0,1,0,0,0,2,17,3,1,7,4,0,0,2,6,2,1,0,0,2,25,1,0,0,0,0,7,2,0,7,0,1,0,9,6,0,0,0,0,0,2,0,0,0,1,0,1,0,0,0,0,0,8,4,0,0,0,1,2,0
4,1716,COLEGIO (PARTICULAR) MARTINUS PORTÃO,"RUA ARTHUR MOHR,144",PORTÃO,-25.4728121,-49.2993114,27,0,2383,1761,88,81,0,0,0,3,23,0,0,0,5,1,0,0,0,10,1,14,0,11,0,4,0,10,7,0,1,0,0,0,0,7,2,0,0,0,1,0,0,1,11,0,0,0,2,0,1,1,0,3,6,1,0,2,0,0,0,0,0,2,0,1,0,27,0,1,13,3,3,0,0,6,1,1,4,1,20,0,0,1,1,0,0,0,4,0,1,0,0,0,0,0,1,0,0,5,2,0,1,1,1,2,5,0,1,0,3,18,1,0,0,6,0,6,0,0,11,0,0,1,0,2,1,2,0,0,1,1,0,0,0,0,0,1,2,0,13,0,4,0,7,0,1,1,0,1,1,5,2,16,21,7,10,0,0,2,10,27,4,0,0,1,1,0,1,6,4,4,0,15,0,5,24,0,0,3,0,0,0,0,0,0,0,2,0,1,0,1,0,2,0,3,5,0,0,0,0,0,0,3,0,0,0,0,0,0,0,1,10,0,0,0,1,0,2,0,0,0,1,0,0,0,0,0,0,0,0,0,34,0,0,0,1,3,3,0,0,0,0,0,0,9,11,1,6,8,0,2,1,0,0,1,0,0,0,4,5,0,0,0,3,1,1,3,4,1,13,3,3,0,2,0,8,5,0,3,1,0,15,1,2,3,0,0,2,0,7,0,2,1,2,0,0,22,15,0,0,25,4,0,9,4,0,0,0,0,1,0,4,1,0,0,2,0,0,4,2,3,0,0,0,2,0,0,0,0,0,0,0,0,0,0,7,0,0,0,0,0,0,0,0,0,0,0,1,0,0,0,0,6,0,0,0,0,0,0,0,0,0,0,2,0,0,2,0,0,1,0,0,2,0,0,0,0,2,0,0,0,0,0,0,0,1,0,0,0,0,0,1,0,0,0,0,2,0,0,0,0,0,0,0,0,0,0,2,0,0,0,0,1,0,4,1,0,0,0,0,0,0,1,0,0,0,8,0,0,15,0,0,2,0,1,0,35,0,0,0,0,1,6,2,6,0,2,0,0,5,0,0,0,4,2,2,0,18,73,0,0,0,0,0,0,0,0,0,2,2,1,0,2,3,0,0,0,0,0,0,1,0,0,0,0,0,0,2,5,0,0,1,0,0,0,0,0,0,0,1,32,4,0,0,3,1,0,0,0,9,0,1,0,0,0,3,1,0,1,0,1,0,7,0,0,0,1,0,0,1,0,0,0,3,0,4,0,1,0,5,0,20,0,0,6,0,0,0,0,0,0,0,0,0,0,0,0,5,2,0,0,0,2,1,6,7,0,1,0,11,0,1,1,0,0,2,0,0,0,0,0,0,0,0,0,0,0,0,0,0,1,0,3,0,0,0,11,0,6,0,0,0,10,0,3,2,1,0,2,0,0,0,0,0,0,0,20,22,2,0,0,1,17,0,0,0,1,2,0,0,0,0,19,4,0,0,0,1,3,1,0,41,0,0,1,0,0,1,0,0,0,0,0,2,0,0,1,0,0,2,0,0,4,0,0,0,0,1,0,0,0,4,0,1,1,0,0,0,0,20,1,0,0,0,0,2,0,6,2,1,0,2,10,2,2,5,3,56,5,3,2,1,0,12,1,0,0,0,0,0,0,18,0,4,5,8,0,7,2,1,1,0,0,0,3,9,0,0,0,0,0,0,1,0,10,1,0,0,3,1,0,1,0,0,0,0,0,0,2,0,0,0,2,0,0,1,0,5,3,0,2,0,0,0,0
4,1724,COLEGIO ESTADUAL PROTASIO DE CARVALHO,"RUA CIDADE GAUCHA, 120",CIDADE INDUSTRIAL,-25.4736887,-49.3471497,75,0,5643,4003,333,211,0,4,11,11,19,1,2,2,15,2,2,0,1,5,3,18,6,17,0,13,2,2,31,0,3,13,0,0,0,2,0,1,1,1,2,0,0,0,41,0,1,1,1,0,0,0,0,2,0,10,0,0,0,0,0,9,0,0,0,0,3,58,0,3,20,9,1,3,0,7,3,7,30,0,31,2,52,2,9,5,0,3,4,7,17,4,2,0,0,2,0,4,0,4,1,0,4,1,0,6,13,5,13,1,1,13,0,0,0,0,0,0,0,5,5,0,2,1,0,0,0,2,0,3,8,0,0,0,0,0,0,3,3,0,12,0,23,1,10,4,1,0,1,23,0,7,3,15,10,5,16,0,0,5,5,29,3,0,0,3,4,1,8,13,4,3,0,4,1,19,13,0,0,1,0,4,0,0,1,2,0,0,0,0,0,1,0,0,0,0,2,0,1,1,0,0,7,1,0,0,1,0,0,0,0,0,97,0,1,3,0,1,0,0,2,0,8,0,0,0,0,0,0,0,0,2,62,2,0,0,8,7,8,6,0,0,0,0,0,5,8,1,0,15,14,1,6,1,0,0,0,0,0,3,7,12,0,0,39,0,2,7,6,0,29,0,1,0,1,0,64,1,0,0,0,0,22,0,7,2,0,0,32,1,2,1,0,0,4,1,3,12,15,1,0,14,6,0,18,3,0,2,0,1,1,1,1,7,0,0,0,1,0,0,1,75,0,0,3,1,43,0,1,0,0,3,0,0,0,2,36,0,0,0,0,1,0,2,2,2,0,0,0,2,5,0,1,6,3,0,0,0,0,0,1,3,1,1,14,0,0,0,1,0,2,0,0,31,2,0,0,0,0,1,11,0,0,0,1,0,0,1,3,0,0,0,2,0,0,1,0,0,0,0,0,1,3,0,1,1,0,0,14,0,0,0,1,0,0,2,3,0,0,0,0,0,0,0,0,0,3,19,0,3,4,0,0,0,0,0,2,9,1,0,2,0,4,0,0,4,0,1,3,0,10,0,0,1,0,0,0,0,7,35,0,0,0,0,0,0,0,0,1,0,0,1,0,1,0,0,1,0,0,0,0,0,0,0,0,8,0,1,1,5,0,0,0,0,1,0,0,1,2,0,1,21,8,1,0,0,0,8,3,0,4,2,1,3,0,0,2,3,4,0,1,0,0,0,0,0,0,5,0,0,2,0,0,0,4,0,1,6,0,0,1,0,5,1,0,6,0,0,1,0,0,0,0,0,1,1,9,0,3,0,0,1,0,615,0,14,3,1,1,1,8,1,12,5,0,2,1,0,0,1,0,0,0,1,0,0,0,1,0,0,9,5,0,0,2,0,0,2,1,11,0,8,0,1,3,0,0,0,3,6,0,2,0,0,0,0,0,31,17,0,0,0,0,43,0,0,0,0,0,0,0,0,1,98,4,0,4,0,1,3,1,0,31,0,0,9,1,0,0,4,0,0,0,0,22,1,0,0,0,0,0,1,0,4,0,0,0,0,0,2,2,0,0,1,10,0,0,0,2,1,23,1,0,0,0,0,5,0,77,0,1,0,6,2,1,4,123,3,12,18,21,0,5,0,5,14,0,0,1,0,0,2,21,0,4,6,1,1,0,1,1,1,0,1,0,1,8,0,0,1,0,1,0,0,0,9,0,0,0,7,7,0,0,0,0,1,7,0,0,1,0,1,0,0,0,0,1,0,3,3,0,3,0,2,3,1
4,1740,ASPP - ASSOCIACAO DOS SERVIDORES PUBLICOS DO PARANA,"RUA PROFESSOR ULISSES VIEIRA, 2303",SANTA QUITERIA,-25.4634484,-49.3119603,43,0,6909,4950,385,235,0,5,12,8,58,2,1,5,17,0,2,0,0,10,3,25,1,24,1,18,5,21,43,1,1,9,1,0,0,4,0,0,5,1,2,0,0,5,41,0,1,4,9,0,3,2,1,3,12,7,2,1,1,0,1,3,0,1,0,0,3,81,0,11,28,18,2,1,2,17,3,10,20,0,74,0,9,2,0,85,2,10,6,3,10,1,0,0,0,0,1,3,0,5,2,1,3,0,0,12,6,0,4,2,3,49,0,0,1,6,1,11,0,0,17,17,0,0,0,1,1,4,0,5,14,0,0,0,1,1,0,1,6,1,25,0,28,0,14,5,1,0,1,13,0,18,0,29,37,19,25,1,0,5,25,45,15,0,1,1,6,1,6,25,7,2,1,25,2,19,31,0,1,1,0,3,0,0,0,1,1,4,0,2,0,5,0,4,0,2,0,3,10,3,0,0,10,7,4,0,3,0,2,1,0,4,49,0,7,0,0,0,1,1,4,0,5,0,0,0,1,0,0,0,0,0,56,3,1,0,2,12,7,2,3,0,1,0,0,31,14,0,15,17,0,9,2,1,0,3,1,1,0,4,20,5,0,0,14,2,13,5,10,2,30,0,14,0,7,1,28,1,0,4,1,0,41,1,4,2,2,1,14,0,15,1,8,1,4,6,5,34,41,0,0,34,6,0,27,4,0,4,1,0,5,0,22,5,4,0,0,0,0,1,3,6,0,0,0,1,17,0,0,0,2,4,0,1,7,2,23,0,0,0,5,0,1,1,13,1,2,0,1,0,3,0,0,13,0,0,0,0,1,0,0,2,0,2,4,0,1,6,0,0,0,0,1,9,1,0,0,0,0,0,1,0,0,0,2,0,0,1,0,0,0,0,1,0,1,0,0,1,0,0,0,1,3,0,2,0,0,0,4,0,0,1,0,0,0,21,3,0,0,0,0,0,0,0,0,0,3,24,0,0,36,0,0,6,0,0,0,66,0,2,0,0,2,9,2,15,0,41,3,3,14,1,1,2,3,1,1,0,27,117,3,0,3,0,0,3,0,5,0,5,9,2,0,2,1,0,1,0,0,0,0,1,4,0,1,12,0,2,0,8,0,1,0,0,1,0,2,4,0,2,3,86,15,0,1,0,3,0,4,1,18,0,1,5,0,0,10,3,3,0,2,5,0,10,0,0,0,8,0,3,8,0,0,0,11,0,7,1,0,0,8,2,18,0,0,4,0,0,0,0,0,0,5,0,3,3,10,0,2,0,0,1,0,12,0,11,19,1,1,0,32,5,20,45,0,4,1,1,0,1,0,4,0,0,0,0,0,7,2,0,4,3,0,0,1,1,1,12,21,2,1,8,0,8,9,1,5,4,13,6,5,0,0,0,0,0,0,42,76,4,0,0,0,48,1,0,0,3,1,0,3,1,2,90,1,0,0,1,2,33,2,0,71,0,2,0,2,1,1,3,0,0,0,0,18,0,1,2,0,0,1,1,2,18,1,1,0,0,1,0,3,0,2,1,19,2,0,0,0,4,42,3,0,0,0,1,5,0,33,3,2,0,11,6,7,5,36,0,56,19,13,3,2,4,12,14,0,4,1,0,0,0,57,2,13,13,13,1,5,7,2,0,1,4,1,5,18,0,0,0,2,0,3,1,0,33,0,0,0,28,8,0,0,0,0,0,7,0,0,1,0,2,0,2,0,0,1,0,13,4,0,4,0,0,2,1
4,1937,ESCOLA MUNICIPAL LINA MARIA MOREIRA,"RUA LUIZ RONALDO CANALLI, 3280",CAMPO COMPRIDO,-25.4617942,-49.3340344,44,0,2009,1488,119,79,0,1,5,3,20,2,1,1,5,1,1,0,0,4,1,10,0,12,0,8,2,4,13,0,1,3,0,0,0,1,0,0,1,1,0,1,0,0,15,1,1,3,2,0,2,1,0,2,7,5,0,0,3,0,0,0,1,2,0,0,0,29,0,0,10,1,3,0,0,1,1,2,13,0,24,0,20,0,0,13,0,0,4,0,0,0,0,0,0,2,0,0,0,1,0,0,0,0,0,4,3,1,4,0,1,13,0,0,0,4,0,0,1,0,2,0,0,0,0,0,0,0,0,2,2,0,0,0,0,0,0,0,0,1,1,0,8,0,6,1,0,0,1,5,1,6,0,7,13,6,4,0,0,3,5,17,4,0,0,2,4,0,1,7,4,1,0,2,0,3,8,0,6,1,0,0,1,3,0,3,0,4,0,0,0,0,0,0,0,0,3,0,1,3,0,1,0,1,0,0,0,0,0,0,0,1,10,0,6,0,0,0,0,1,0,0,5,0,0,0,0,0,0,0,0,0,22,0,0,0,2,1,0,0,5,0,0,0,0,7,9,0,1,4,0,0,0,0,0,0,0,0,0,3,4,0,0,0,4,0,5,1,6,0,1,0,4,0,0,0,15,0,0,0,1,0,25,0,1,5,1,0,6,0,4,2,1,0,0,1,0,8,16,0,0,9,2,0,17,1,2,1,0,0,2,0,1,1,0,0,0,2,0,0,4,5,0,0,0,2,3,0,0,1,0,0,0,0,0,0,10,0,0,0,1,0,0,1,0,0,0,0,0,0,0,0,0,5,1,0,0,0,0,0,0,2,0,0,1,0,0,1,0,0,0,0,0,1,1,0,0,0,0,0,0,0,0,0,0,0,1,0,0,0,0,0,1,0,0,0,0,0,0,0,0,0,0,0,1,0,0,0,0,0,1,0,0,0,2,0,0,0,0,2,1,0,0,0,0,0,1,7,0,1,1,0,0,0,0,0,0,26,0,0,0,0,1,5,0,5,0,1,0,0,4,0,0,4,1,0,1,0,12,40,0,0,0,0,0,0,0,0,0,0,0,2,0,0,0,0,0,0,0,0,0,0,3,0,0,1,0,0,0,0,0,0,0,0,1,0,0,0,0,1,2,17,4,0,1,0,0,0,0,1,9,0,0,0,0,0,0,0,0,0,1,0,0,1,0,0,0,2,0,0,2,0,0,0,3,1,5,0,0,1,1,0,0,0,0,2,0,0,0,0,0,0,0,0,0,0,0,0,5,0,0,0,0,2,0,10,6,1,0,0,7,3,2,1,0,1,0,0,0,1,0,0,0,0,0,0,0,0,2,0,7,2,0,1,0,0,0,2,0,2,0,1,0,7,0,0,3,0,3,3,0,1,1,0,0,0,0,18,40,0,1,0,0,23,0,0,0,1,2,0,0,0,0,23,0,1,0,0,1,10,0,0,17,1,0,0,1,0,0,0,0,0,0,0,1,1,1,0,0,0,1,0,0,3,0,1,0,0,1,0,1,1,0,0,4,3,0,0,0,0,19,2,0,0,1,0,1,0,8,1,0,1,8,6,4,3,16,0,14,4,12,1,1,0,3,1,0,0,0,0,0,0,5,0,5,2,5,0,0,2,0,1,0,0,0,3,7,0,0,0,0,0,2,1,0,1,0,0,0,6,0,0,2,0,1,0,0,0,0,0,0,1,0,0,0,0,0,0,4,1,1,1,0,1,0,0
4,1945,UNIVERSIDADE POSITIVO,"RUA PROFESSOR PEDRO VIRIATO PARIGOT DE SOUZA, 5300",CIDADE INDUSTRIAL,-25.4463624,-49.3587731,75,0,6284,4526,297,175,0,4,6,7,36,2,1,4,15,1,2,1,0,36,1,38,0,17,2,6,1,10,33,1,1,3,0,0,0,0,1,0,7,0,0,0,1,2,21,0,21,3,3,1,0,0,1,9,7,3,0,1,3,0,0,91,1,7,0,0,2,72,0,10,93,3,0,1,0,12,4,8,133,0,99,1,18,0,1,3,0,14,4,1,5,6,0,0,2,2,3,4,0,8,0,0,3,0,0,5,21,2,11,4,1,50,0,0,0,14,1,3,1,0,22,0,1,0,0,1,1,1,0,0,5,0,0,1,2,0,0,3,8,0,30,0,3,0,14,3,3,0,0,9,0,16,0,14,24,13,19,0,0,4,14,28,10,0,0,2,2,1,3,8,10,1,0,16,1,14,68,0,0,3,2,0,1,0,0,2,0,0,2,1,0,4,0,0,0,3,0,6,2,0,3,0,18,9,4,7,3,0,0,2,0,0,8,0,0,0,0,0,0,0,2,0,5,0,0,0,0,10,1,0,0,1,85,0,0,0,0,4,2,0,1,0,1,0,0,25,22,0,12,16,0,4,5,1,1,0,0,0,2,34,28,0,0,1,17,3,5,7,15,0,48,1,15,0,2,0,40,0,1,2,5,0,28,1,7,0,0,3,6,0,16,1,2,0,1,7,0,34,36,0,0,30,7,1,25,7,0,6,1,0,3,0,1,7,0,0,1,0,0,2,1,6,0,0,0,2,6,1,0,0,0,1,0,0,0,0,12,0,0,0,1,0,1,0,0,1,0,0,0,0,0,0,1,33,1,0,0,0,3,1,0,1,0,0,3,0,0,0,0,0,5,0,0,5,0,2,0,0,0,0,1,2,0,0,3,1,1,3,0,0,0,0,0,0,0,0,0,0,0,0,0,4,1,0,0,1,0,0,0,1,6,1,0,0,0,6,1,0,0,0,0,0,0,0,0,0,1,9,3,2,2,0,1,3,0,0,0,118,1,3,0,3,9,37,0,9,0,5,0,1,9,3,0,1,1,4,5,0,65,150,0,0,10,0,0,2,1,42,0,6,8,15,0,0,0,0,1,0,0,3,0,2,0,0,0,3,0,0,0,3,0,0,1,0,1,0,0,4,2,0,0,53,13,0,2,3,0,3,0,12,12,0,0,4,0,0,3,2,0,1,1,3,0,7,1,1,0,0,0,1,1,0,0,0,3,0,4,0,0,3,5,0,2,0,0,2,0,0,4,0,0,5,0,0,6,2,3,0,4,0,0,0,0,5,0,18,14,0,1,0,17,2,9,4,0,3,3,0,0,2,1,0,0,0,1,0,0,3,0,0,0,2,0,2,0,0,0,12,0,8,9,6,0,22,0,0,2,12,6,1,1,0,0,0,0,0,1,54,92,2,0,4,2,39,0,0,1,0,1,0,1,0,5,60,0,0,2,4,1,32,0,0,77,0,0,1,0,0,0,2,0,0,0,0,14,4,0,3,0,0,1,0,0,4,0,0,0,0,2,0,3,0,3,1,8,2,0,0,0,0,35,7,0,0,0,0,3,0,10,0,4,0,80,5,6,5,33,3,28,11,10,3,1,1,9,12,0,0,0,0,1,3,46,3,5,5,15,0,4,2,7,8,0,0,0,2,32,0,0,0,4,0,18,4,0,10,0,0,1,14,5,1,1,1,2,0,2,0,0,0,0,0,0,1,0,0,2,0,12,2,0,0,1,0,0,0
4,1953,ESCOLA MUNICIPAL PRESIDENTE TANCREDO DE ALMEIDA NEVES,"RUA DESEMBARGADOR CID CAMPELO, 7588",CIDADE INDUSTRIAL,-25.4844458,-49.3384813,75,0,1344,975,86,65,0,0,0,4,7,0,4,1,2,0,1,1,0,1,2,4,0,3,0,2,2,1,12,0,1,4,0,0,0,0,0,0,4,0,1,0,0,2,2,0,0,0,3,0,1,1,0,0,1,2,0,0,0,0,0,0,2,0,0,0,0,10,0,4,3,1,1,2,0,4,0,0,2,0,6,0,3,0,1,2,0,2,0,1,4,1,0,0,0,0,0,0,0,0,0,0,0,0,0,0,3,1,1,1,0,4,0,0,0,0,1,0,0,2,1,0,0,0,0,0,0,0,0,1,1,0,0,0,0,0,0,0,0,0,2,0,3,0,0,0,0,0,0,13,0,0,0,2,4,2,4,1,0,2,1,20,2,0,0,1,1,0,2,5,1,0,0,1,1,2,3,0,0,0,0,0,1,0,0,0,0,0,0,0,0,0,0,0,0,0,0,0,1,0,0,1,2,0,0,0,0,0,0,0,0,0,56,0,0,0,0,0,0,0,2,0,7,0,0,0,1,0,0,0,0,0,8,1,0,0,1,0,2,0,0,0,0,1,0,1,0,0,0,1,36,0,1,1,0,0,0,1,0,1,2,0,0,0,8,0,6,7,0,2,3,0,7,0,0,1,6,0,0,0,0,0,7,3,2,3,1,0,49,0,2,1,0,0,0,1,2,1,1,0,0,3,6,0,4,0,0,0,0,0,0,0,1,0,0,0,1,0,0,0,0,1,0,0,1,1,8,0,0,0,0,0,0,0,0,0,5,0,0,0,0,0,0,0,1,0,0,0,0,0,1,0,0,0,0,0,0,0,0,0,5,0,0,0,2,0,0,0,0,0,1,0,0,8,0,0,1,0,0,0,1,0,0,0,0,0,0,0,0,1,0,0,0,0,0,0,0,0,0,0,0,1,0,0,2,0,0,0,2,0,0,0,0,0,1,4,0,0,0,0,0,0,0,1,0,0,0,1,0,0,0,0,0,0,0,0,0,6,0,1,0,1,1,0,0,2,0,0,0,0,1,0,0,0,0,0,0,0,5,4,0,0,0,0,0,0,0,0,0,0,0,0,0,0,0,0,0,0,0,0,0,0,0,0,0,7,0,0,0,0,0,0,0,0,0,0,0,0,0,0,0,3,5,0,0,0,0,2,2,0,2,0,1,0,2,2,1,5,0,2,0,0,0,0,2,0,0,3,0,0,0,0,0,0,0,0,0,2,0,0,0,0,1,0,0,2,0,0,0,0,0,0,1,0,0,0,3,0,6,0,0,1,0,20,0,5,2,0,0,0,0,0,2,3,0,0,2,0,0,1,0,0,0,0,0,0,0,0,0,0,1,0,0,4,0,0,0,2,0,6,0,0,0,0,0,0,0,1,1,0,1,2,0,0,0,0,0,6,6,0,0,0,0,11,0,0,0,0,0,0,0,0,0,21,0,0,0,0,0,0,0,0,8,0,0,0,1,1,0,0,0,0,0,0,3,0,0,0,0,0,0,0,0,0,0,0,0,0,0,0,0,0,0,0,2,1,0,0,0,0,3,0,0,0,0,0,2,0,11,1,0,0,1,0,0,1,41,0,2,2,6,0,2,0,0,5,1,0,0,0,0,0,4,0,0,1,0,0,0,1,0,0,0,1,1,0,3,2,0,0,0,0,0,5,0,7,0,0,0,3,0,0,0,0,0,0,8,0,1,0,0,0,0,0,0,0,0,0,6,1,0,0,0,0,0,1
4,1961,FACULDADE PADRE JOÃO BAGOZZI (PARTICULAR),"RUA CAETANO MARCHESINI, 952",PORTÃO,-25.4767386,-49.3024191,27,0,6805,4971,295,210,0,4,5,10,55,4,2,0,18,1,0,0,0,20,4,49,2,14,4,4,2,12,39,4,3,6,0,0,0,15,1,1,9,1,1,0,4,1,25,0,9,5,4,0,2,2,2,9,20,2,1,0,2,0,4,0,6,6,0,2,3,90,0,5,41,16,6,1,2,18,0,4,8,1,53,2,4,0,7,0,3,15,6,0,9,4,0,0,0,10,0,5,1,9,4,0,9,3,1,26,11,3,8,3,1,52,1,0,0,9,2,5,0,0,20,0,0,1,0,0,1,2,1,1,11,0,0,0,5,0,0,2,8,1,22,1,13,1,12,5,0,0,2,2,0,22,3,17,48,35,20,0,1,9,29,50,12,1,0,5,1,1,16,27,5,7,0,43,1,6,62,1,1,2,1,2,1,1,1,3,0,7,0,5,0,3,0,1,1,7,1,3,0,2,2,3,12,10,0,0,6,2,0,0,0,1,17,0,2,1,1,0,1,0,1,0,11,0,1,0,1,0,1,0,1,2,102,0,0,0,6,27,2,2,0,0,3,1,0,31,21,2,8,24,0,7,0,10,2,2,0,0,0,10,17,0,0,4,20,2,5,12,6,0,34,1,16,0,7,1,20,4,2,1,0,0,18,2,7,11,3,2,1,1,26,2,2,0,4,5,2,44,49,0,0,85,17,1,49,13,3,4,1,0,2,0,3,5,0,0,4,1,0,0,12,6,1,0,0,6,5,0,0,3,0,0,0,0,0,0,18,0,0,0,0,0,0,1,1,0,1,0,0,0,0,0,2,11,0,3,0,0,0,0,0,2,0,0,6,0,0,0,1,0,0,0,1,3,2,0,0,0,0,0,1,0,1,0,1,0,2,1,0,0,0,2,1,0,0,0,0,7,0,1,0,1,0,0,1,0,0,0,1,6,0,0,0,6,1,11,1,0,0,0,0,0,0,0,0,0,0,13,0,1,32,0,0,2,0,0,0,81,1,4,0,0,3,10,2,10,1,20,2,0,22,0,0,1,8,6,0,0,54,146,4,0,1,0,0,5,0,2,0,16,7,6,0,2,4,0,2,0,0,0,2,7,0,2,2,0,0,3,1,12,0,0,0,0,0,0,0,15,6,5,4,90,20,0,0,3,2,1,0,1,16,0,6,2,0,2,2,1,0,1,4,0,1,5,0,2,0,2,0,2,24,0,0,1,6,0,11,0,1,2,25,4,94,0,0,8,0,0,0,0,0,0,0,0,3,2,1,1,1,3,0,0,0,6,0,14,14,0,0,0,22,0,7,9,0,3,2,0,0,1,0,0,1,0,0,1,1,5,1,0,0,4,0,1,1,1,0,17,7,11,1,3,0,25,2,5,2,8,4,0,5,0,4,0,0,0,0,50,78,5,0,1,1,66,1,0,1,5,0,0,0,0,3,54,3,0,2,4,0,0,0,1,93,0,2,0,4,0,2,0,0,0,0,0,9,0,1,3,0,1,10,0,2,16,1,0,0,0,1,0,1,0,2,0,15,1,0,2,0,0,29,2,0,0,0,1,1,0,24,2,9,0,10,18,3,2,14,3,138,21,3,1,2,1,18,8,0,2,0,0,1,4,37,1,3,9,14,0,7,1,1,8,1,2,0,7,23,2,3,0,1,0,0,0,0,50,0,0,0,14,4,1,6,0,0,0,1,0,0,1,0,0,0,0,0,0,1,0,19,5,0,2,0,0,0,2
4,1970,ESCOLA MUNICIPAL COLONIA AUGUSTA,"RUA STANISLAU FELIBRANTE, 80",AUGUSTA,-25.4785772,-49.359235,68,0,1085,811,72,30,0,0,2,2,3,1,0,1,1,1,2,0,0,0,0,6,1,3,0,1,0,0,16,0,0,0,0,0,0,0,0,0,0,0,0,0,0,1,13,0,1,0,0,0,0,0,0,0,2,7,0,0,0,0,0,0,0,0,0,0,1,21,0,1,2,0,0,9,0,1,0,3,3,0,4,0,9,0,0,0,0,0,5,0,0,0,0,0,0,0,0,1,0,1,1,0,0,0,0,0,0,1,6,0,0,2,0,0,0,1,0,1,0,0,0,0,0,0,0,0,0,0,0,0,1,0,0,0,0,0,0,0,0,0,0,0,4,0,7,0,0,0,0,1,0,1,0,0,2,5,1,0,0,1,3,7,1,0,0,0,0,0,0,2,1,0,0,0,1,1,0,0,0,1,0,0,0,0,0,0,0,0,1,0,0,0,0,0,0,0,0,0,0,1,0,0,5,0,0,0,0,0,0,0,0,1,13,0,0,1,0,0,0,0,1,0,1,0,0,0,0,0,0,0,0,0,9,2,0,0,0,0,0,0,0,0,0,0,0,0,0,0,0,1,3,1,1,0,0,0,0,0,0,0,0,0,0,1,0,2,5,1,2,0,2,0,1,0,0,0,6,0,0,0,0,0,4,1,0,2,0,0,5,0,3,3,0,0,1,0,0,1,3,0,0,0,3,0,1,0,0,0,0,0,1,0,0,0,1,0,0,0,0,0,2,5,0,0,0,2,123,0,0,0,0,0,0,0,0,0,18,0,0,0,0,0,0,0,4,3,0,0,0,0,1,0,0,0,0,0,0,0,0,0,0,0,0,0,0,0,0,0,0,0,0,0,0,2,1,0,0,0,0,0,1,0,0,0,0,0,0,0,0,0,0,0,0,0,0,2,0,0,0,0,0,0,0,0,0,0,0,0,0,0,0,0,0,0,1,6,0,0,0,0,0,0,0,0,0,0,2,3,0,0,0,0,0,1,0,0,0,2,0,1,0,0,1,1,0,0,0,0,0,0,1,0,0,1,1,0,0,0,0,6,1,0,0,0,0,0,0,0,0,0,1,0,0,0,0,0,0,0,0,0,0,0,0,0,0,5,0,0,0,0,0,0,0,0,0,0,0,0,1,0,0,5,2,0,0,0,0,2,0,1,1,0,0,0,0,0,2,17,0,0,0,0,0,0,0,0,0,5,0,0,0,0,0,1,0,0,0,2,0,0,0,0,0,0,0,0,0,0,0,0,0,0,0,0,0,0,0,0,0,0,0,0,0,4,1,4,1,0,0,0,3,0,3,3,0,0,0,1,0,0,0,0,1,0,0,0,0,0,0,0,0,0,0,0,0,1,0,2,0,3,0,0,0,0,0,0,0,0,0,3,0,0,0,0,0,0,0,7,1,0,0,0,0,3,0,0,0,0,0,0,1,0,0,12,0,0,0,0,0,0,0,0,2,0,0,2,0,0,0,0,0,0,0,0,1,0,0,0,0,0,0,5,0,0,0,0,0,2,1,0,0,0,0,0,2,0,0,0,0,0,4,5,0,0,0,0,0,0,3,3,0,0,1,0,0,0,80,2,4,2,2,2,0,0,1,4,0,0,0,0,0,0,5,1,0,1,2,0,0,1,0,0,1,1,0,0,5,1,0,0,0,0,0,0,0,0,0,0,0,0,2,0,1,0,0,0,0,0,0,0,0,0,0,0,0,0,0,0,2,0,0,0,0,0,0,0
4,1988,ESCOLA MUNICIPAL PADRE JOÃO CRUCIANI,"RUA JOSÉ GONÇALVES JUNIOR, 259",CAMPO COMPRIDO,-25.466621,-49.3272552,44,0,1222,903,56,38,0,2,0,3,6,0,1,1,2,0,1,0,2,3,1,5,0,6,1,5,0,5,10,0,1,2,1,0,0,1,0,0,0,0,0,0,0,0,1,0,1,0,0,0,1,0,0,0,1,2,0,0,0,0,1,6,1,2,0,0,0,13,0,7,4,0,3,0,0,4,0,1,5,0,8,2,1,0,0,2,0,0,0,1,1,3,0,0,0,0,0,1,0,2,0,0,1,0,0,0,2,0,1,0,0,7,0,0,0,1,0,0,0,1,0,2,0,0,0,0,0,0,0,0,2,0,0,0,0,0,0,0,1,0,7,0,2,0,1,0,0,0,0,13,0,1,0,5,9,4,2,0,0,1,0,7,3,0,0,0,1,0,0,4,0,0,0,2,0,3,7,0,0,1,0,1,1,0,0,0,0,3,0,0,0,1,0,0,0,0,0,0,1,1,0,0,1,1,0,0,0,0,0,2,0,0,27,0,0,0,1,0,0,0,0,0,1,0,0,0,0,0,0,0,0,0,15,1,0,0,3,2,3,0,32,0,0,0,0,1,7,0,1,6,1,0,4,0,0,0,0,0,0,1,5,0,0,0,2,0,0,2,3,0,3,0,3,0,0,0,7,3,0,0,0,0,9,0,0,2,0,0,22,0,1,0,0,0,0,1,0,4,17,0,2,9,0,0,7,0,0,0,0,0,0,0,1,0,0,0,0,1,0,0,0,7,0,0,0,0,2,0,0,0,0,0,0,0,0,0,15,0,0,0,0,0,0,0,1,1,0,0,0,0,0,0,0,3,0,0,0,0,0,0,0,3,0,0,0,0,0,0,0,0,0,0,0,0,2,0,0,0,0,0,1,0,0,0,2,0,0,0,0,0,0,0,0,0,0,0,0,0,0,0,0,0,5,0,0,0,0,0,0,0,0,0,0,0,0,0,1,0,0,0,0,0,0,0,0,0,0,2,0,0,1,0,0,0,0,0,0,12,0,1,0,0,3,3,0,2,0,2,0,1,2,0,0,0,1,0,0,0,4,8,0,0,1,0,0,0,0,1,0,0,0,2,0,0,0,0,0,0,1,0,0,0,0,0,0,3,0,0,0,2,0,0,0,0,0,0,0,2,0,0,0,4,1,0,0,0,0,0,4,0,5,0,0,1,0,0,3,0,0,0,3,0,0,1,0,1,0,1,0,1,0,0,0,0,1,0,0,1,1,0,1,1,1,0,0,0,0,0,0,0,0,1,5,0,1,0,6,0,1,0,0,0,0,4,0,4,1,0,0,0,0,0,3,32,0,0,0,0,0,0,0,0,0,0,0,0,0,1,0,0,3,0,0,0,0,0,0,1,0,0,0,0,0,4,0,0,0,0,0,2,0,0,1,0,0,1,0,10,17,0,0,0,0,9,0,0,0,1,1,0,0,0,0,10,0,0,0,0,0,2,0,0,15,0,0,0,0,0,0,0,0,0,0,0,4,0,0,0,0,0,0,0,0,8,0,0,0,0,0,0,0,0,1,0,2,0,0,0,0,0,5,3,0,0,0,0,0,0,4,0,0,0,3,6,0,0,12,1,5,0,3,1,0,0,2,0,0,0,0,0,0,0,9,0,1,7,0,0,0,2,0,0,0,0,0,3,0,0,0,0,0,0,2,0,0,11,0,0,0,2,0,0,0,0,0,0,2,0,0,0,0,0,0,0,0,0,0,0,0,0,0,0,0,0,0,0
4,1996,COLÉGIO EFETIVO (PARTICULAR),"RUA JOÃO ALENCAR GUIMARÃES, 2883",CAMPO COMPRIDO,-25.4614147,-49.3250429,44,0,1612,1174,104,72,0,0,1,2,7,0,0,1,7,0,1,0,0,6,0,7,0,3,0,2,0,2,9,0,1,1,0,0,0,3,2,0,3,0,0,0,0,1,9,0,2,2,3,0,0,0,1,0,2,0,0,0,2,0,0,1,2,4,0,2,1,12,0,5,11,2,4,0,0,2,0,0,9,0,21,3,7,0,0,14,0,3,4,0,2,2,0,1,0,0,0,3,0,1,0,0,0,0,0,0,7,0,0,2,0,5,0,1,0,2,0,5,0,0,3,0,0,0,0,0,0,2,1,2,3,0,0,0,0,0,0,0,2,0,2,1,3,0,1,0,1,0,0,2,0,2,1,2,5,9,10,0,0,3,5,8,2,0,0,3,2,0,1,5,3,2,0,2,1,4,20,0,0,1,0,1,0,0,0,0,0,0,0,0,0,1,0,1,0,0,0,0,0,1,0,0,5,3,0,0,0,0,0,0,0,0,7,0,4,2,0,1,0,0,0,0,2,0,0,0,0,0,0,0,0,0,11,0,0,0,0,2,0,0,2,0,1,0,0,5,3,0,0,8,0,0,0,0,2,0,0,0,0,4,2,1,0,0,2,0,1,5,5,0,9,0,3,0,0,0,4,3,2,1,0,0,9,0,0,1,0,0,0,0,4,0,0,0,1,1,0,12,6,1,0,3,3,0,8,0,0,1,0,0,0,0,2,0,0,0,0,0,1,0,1,0,0,0,0,1,0,0,0,1,0,0,2,0,0,1,7,0,0,0,0,0,0,0,1,0,0,0,0,0,0,0,3,2,1,0,0,0,2,0,0,0,1,0,2,0,0,0,0,0,0,0,0,2,0,0,0,0,0,0,2,0,0,0,0,0,0,0,0,0,0,0,0,1,0,0,0,0,0,0,0,0,1,0,1,0,0,0,3,1,0,0,0,0,0,0,1,0,0,0,0,0,0,0,0,0,0,3,0,0,6,0,0,0,0,0,0,24,0,0,0,0,0,1,0,1,0,2,0,0,6,0,0,0,0,0,0,1,11,30,0,0,0,0,0,0,0,2,0,2,4,4,0,1,1,0,0,0,0,0,0,0,1,0,0,4,0,1,0,2,1,0,0,1,0,0,0,0,0,0,0,11,0,0,0,0,0,0,0,1,5,0,0,0,0,0,1,0,0,0,0,1,0,1,0,0,0,5,0,2,1,0,0,0,2,0,1,0,0,1,2,1,2,0,0,0,0,0,0,0,0,0,0,0,4,2,0,0,1,0,0,0,0,0,0,6,0,0,0,0,4,0,4,2,0,2,2,0,0,0,0,0,1,1,0,0,0,0,0,0,1,0,0,1,0,0,0,4,0,1,0,0,0,2,0,0,1,1,1,1,1,0,0,0,0,0,0,19,28,0,0,0,0,15,0,0,0,0,0,0,0,0,1,21,2,0,0,1,0,10,0,0,15,0,0,1,0,0,0,0,0,0,0,1,9,0,0,0,0,0,0,0,0,1,0,0,0,0,1,0,0,0,0,0,4,2,0,0,5,0,14,1,0,0,0,0,1,0,2,0,0,0,5,1,1,3,43,0,8,4,9,2,0,0,1,1,0,0,0,0,0,0,7,1,3,2,3,0,1,0,0,9,1,0,0,4,3,0,0,0,1,0,0,0,0,5,0,0,0,4,0,0,1,0,0,1,0,0,0,1,0,0,0,0,0,0,0,0,2,2,0,0,0,0,0,0
4,2100,ESCOLA MUNICIPAL GRACILIANO RAMOS,RUA ALCIR MARTINS BASTOS 560,FAZENDINHA,-25.4871426,-49.3265397,42,0,3515,2605,202,135,0,1,0,4,22,0,10,1,4,2,1,0,2,0,4,23,1,14,0,8,2,3,26,0,2,4,0,0,0,1,0,0,1,0,1,0,1,2,29,0,1,1,0,0,1,0,0,0,2,8,3,0,1,0,0,0,0,0,0,5,0,26,0,4,9,3,2,0,0,12,0,6,7,0,13,0,6,2,2,3,0,3,2,1,9,0,0,0,0,0,0,3,0,0,0,0,1,0,0,2,4,2,2,2,0,6,0,0,0,0,0,0,0,1,3,4,0,0,0,1,1,0,1,1,5,0,0,0,0,0,0,0,5,0,4,0,13,8,5,1,1,0,0,8,0,4,0,8,8,6,2,0,0,4,9,26,2,0,1,1,1,0,2,7,4,3,0,5,1,9,11,0,0,1,1,0,0,0,1,1,0,1,0,1,0,0,0,1,0,0,0,0,9,1,0,0,6,0,0,0,1,0,0,0,0,2,537,0,0,0,20,0,1,0,6,0,19,0,0,0,0,0,0,0,0,0,12,0,0,0,7,2,1,0,2,0,1,0,1,11,7,0,0,9,6,1,1,3,0,0,0,0,0,1,0,0,0,1,7,1,4,0,0,1,13,0,6,0,1,0,12,0,0,0,0,1,10,0,0,5,0,0,146,2,8,3,0,0,4,2,3,15,11,0,0,15,7,0,8,5,0,0,0,0,1,0,0,1,1,0,1,0,0,1,1,3,0,0,0,2,1,0,1,0,0,3,0,1,0,0,9,0,0,0,1,0,0,0,0,0,0,0,0,3,11,0,0,5,0,0,0,0,0,0,4,1,0,0,3,0,0,0,0,0,0,0,0,7,3,0,0,0,0,0,3,0,0,0,1,0,0,0,0,0,0,0,0,0,0,3,1,0,0,0,0,0,0,0,0,0,0,0,2,0,0,0,0,0,1,14,0,0,0,1,0,0,1,0,0,0,1,5,0,2,0,0,0,0,0,0,1,11,0,2,0,0,3,4,0,3,0,3,1,0,14,0,0,0,0,0,0,0,6,18,0,0,2,0,0,0,0,0,0,1,0,2,0,0,1,0,0,0,0,0,0,1,0,0,0,3,0,1,0,0,0,0,0,0,0,0,0,2,0,1,0,16,2,0,1,0,1,0,1,0,5,0,0,2,0,0,2,5,0,0,0,2,0,0,1,1,0,6,0,1,3,0,0,0,0,0,4,6,2,0,1,1,8,0,0,2,0,1,0,1,0,0,24,0,1,1,0,0,4,1,0,2,0,13,0,5,5,0,0,0,5,0,13,15,1,2,0,0,0,0,2,0,0,0,0,0,1,0,0,0,3,1,0,3,0,1,0,2,3,4,0,7,0,1,0,0,2,0,4,3,2,0,0,0,0,0,0,21,9,0,0,0,0,12,1,0,0,1,0,0,1,1,0,31,0,1,0,0,0,3,0,0,19,0,1,0,2,0,0,0,0,0,0,0,7,0,0,0,0,1,0,2,1,4,0,0,0,0,0,1,0,0,0,0,7,0,0,0,0,0,15,5,0,0,0,0,1,0,112,2,0,0,1,2,1,3,22,1,20,10,1,0,1,0,6,7,0,0,0,0,0,0,12,1,1,3,5,0,2,0,0,2,0,1,0,5,3,0,0,0,1,0,0,0,0,5,0,1,0,17,1,0,0,0,0,0,5,0,0,0,0,1,0,2,0,2,5,0,4,2,0,0,0,0,2,0
4,2119,REDE MARISTA DE SOLIDARIEDADE,"RUA RAUL POMPEIA, 188",CIDADE INDUSTRIAL,-25.477421,-49.3331403,75,0,1562,1122,75,52,0,2,4,2,7,0,5,1,7,0,0,0,0,1,2,6,0,4,1,3,1,1,12,0,0,4,1,0,0,1,0,0,1,0,0,1,0,0,11,0,1,2,1,0,0,1,0,1,0,9,0,1,0,0,0,0,1,0,0,0,1,18,0,0,4,7,0,0,0,1,1,1,8,1,7,0,2,0,1,1,0,3,4,0,1,1,0,0,1,0,0,0,0,5,0,0,0,0,0,1,2,0,2,0,0,2,0,0,0,0,0,0,0,0,1,0,0,0,0,0,1,0,0,0,6,0,0,0,0,0,0,0,0,0,3,0,2,7,2,1,0,0,1,4,0,2,0,4,9,4,4,0,0,4,3,15,3,0,0,0,0,0,2,3,5,2,0,0,0,4,2,0,1,1,0,0,0,0,0,0,0,3,0,0,0,0,0,0,0,1,0,0,5,7,0,0,1,0,1,0,0,0,1,0,0,0,157,0,0,0,3,0,0,0,0,0,0,0,0,0,1,0,0,0,0,0,5,0,0,0,2,2,2,0,0,0,0,0,0,1,3,0,1,3,5,1,1,0,0,0,0,0,0,0,5,1,0,0,1,0,1,1,1,0,1,0,1,0,0,0,14,0,0,0,0,0,6,1,1,4,0,0,72,0,4,0,0,0,2,3,5,3,7,0,0,13,0,0,11,0,1,0,1,0,1,0,0,0,0,0,0,0,0,0,0,5,0,0,0,0,6,0,0,0,0,0,0,0,0,0,8,0,1,0,0,0,0,0,0,0,0,0,0,0,0,0,0,5,0,0,0,0,0,0,1,0,0,0,0,0,0,0,0,0,1,0,0,4,0,0,0,0,0,0,1,0,0,0,0,0,0,0,0,0,0,0,0,0,0,0,1,0,0,0,0,0,0,0,0,0,0,0,4,0,0,0,0,0,0,14,1,0,0,0,0,0,0,1,0,0,0,2,0,0,0,0,0,0,0,0,0,1,0,0,3,0,0,0,0,0,0,1,1,0,4,0,0,0,0,0,0,0,2,20,0,0,0,0,0,0,0,0,0,0,0,0,0,0,1,0,0,0,0,0,0,3,0,0,0,2,0,0,0,0,0,0,0,0,0,0,0,2,0,0,0,17,0,0,0,0,0,0,0,0,0,0,3,2,0,0,1,3,0,0,0,0,0,1,0,0,0,0,0,1,0,0,0,0,0,0,1,1,0,0,1,0,1,0,0,2,0,0,1,0,0,0,2,0,0,0,1,0,0,0,0,0,0,4,0,6,3,1,0,0,1,1,0,9,0,1,0,0,0,0,0,0,0,0,0,0,0,0,0,0,2,0,0,4,1,0,0,1,2,1,0,1,0,0,0,0,0,0,0,1,0,0,0,0,0,0,0,8,3,0,2,0,1,15,1,0,0,1,0,1,0,0,0,14,3,1,1,0,0,0,0,0,16,0,0,0,0,0,0,0,0,0,0,0,2,0,0,0,0,0,0,0,0,3,1,0,0,0,0,0,0,0,0,0,2,0,0,0,0,0,6,2,0,0,0,0,0,0,24,0,0,0,2,0,1,2,16,0,10,1,1,1,2,1,4,4,0,0,0,0,0,0,2,1,3,3,1,0,0,1,1,1,0,0,0,0,0,0,0,2,0,0,1,1,0,1,0,0,0,5,4,0,0,0,0,0,5,0,0,0,0,0,0,0,0,0,1,0,1,2,0,2,0,0,0,0
4,2127,ESCOLA MUNICIPAL NOVA ESPERANCA,"RUA HENRIQUE MATTIOLI, 410",FAZENDINHA,-25.4836905,-49.3312954,42,0,2111,1579,107,88,0,2,2,4,7,1,3,0,6,0,1,0,0,2,2,4,1,8,0,0,1,1,16,0,0,6,0,0,0,2,0,0,0,0,0,0,0,0,13,0,0,1,0,0,0,0,0,1,0,9,0,0,0,0,0,1,0,0,0,0,1,16,0,3,4,1,0,0,0,2,0,1,8,0,6,0,3,0,0,0,0,4,5,0,5,0,0,1,0,0,0,1,0,0,1,0,0,0,0,0,4,2,1,0,0,7,0,0,0,0,2,2,0,0,3,2,0,0,0,1,0,0,0,0,6,0,0,0,0,0,0,0,1,0,3,0,8,5,2,1,0,0,1,4,0,4,0,7,5,6,2,0,0,3,4,7,0,0,1,0,1,0,2,6,1,0,0,2,0,5,1,0,0,0,0,0,0,0,1,0,0,0,0,2,0,2,0,0,0,0,0,0,2,2,0,0,7,0,0,0,0,0,0,1,0,0,307,0,2,0,3,0,0,0,1,0,8,0,1,0,0,1,1,0,0,1,9,1,0,0,1,2,1,0,2,0,0,0,0,3,12,0,0,8,3,0,1,1,0,0,0,0,0,1,6,0,0,0,3,0,1,1,3,0,7,0,2,0,1,1,10,0,0,0,0,0,8,0,1,1,0,0,177,1,2,0,0,0,1,0,9,7,4,0,0,8,4,0,3,1,0,1,0,0,0,0,1,3,0,1,0,0,0,0,0,2,0,0,1,1,3,0,0,0,0,1,0,0,0,0,11,0,0,0,0,0,0,0,0,0,0,0,0,1,5,0,0,1,3,0,0,0,1,0,2,0,0,0,1,0,0,0,0,0,2,0,0,6,2,0,0,0,0,0,0,0,0,0,0,0,0,0,0,0,0,0,0,0,0,1,0,0,0,0,3,0,0,0,0,0,0,0,1,2,0,0,1,0,1,8,0,0,0,0,0,0,0,0,0,0,1,7,0,0,1,0,0,0,0,0,0,5,0,1,1,0,0,0,0,0,0,1,0,0,0,0,0,0,0,0,0,0,7,13,0,0,0,0,0,1,0,0,0,0,1,0,0,0,0,1,1,0,0,3,0,0,0,0,0,4,0,0,1,1,0,0,0,1,0,0,0,1,3,0,0,9,1,0,0,1,0,0,0,0,3,2,0,1,0,0,2,6,2,0,1,0,0,1,0,0,0,1,0,1,0,0,0,0,1,0,2,2,0,0,1,0,2,0,0,2,0,0,0,0,0,0,3,0,4,0,2,0,0,1,0,1,0,8,0,3,4,0,0,0,1,0,2,4,0,0,0,0,0,0,0,0,0,0,0,0,0,0,0,0,3,0,0,5,0,0,2,4,3,3,0,4,0,0,0,0,0,1,1,2,1,1,0,0,0,0,0,10,9,0,0,0,0,14,0,0,1,0,0,0,0,0,0,30,1,0,0,0,0,1,0,0,19,0,0,0,0,1,0,0,0,0,0,0,4,0,0,0,0,0,0,0,0,0,0,0,0,0,1,0,0,0,0,0,2,0,0,0,0,0,5,0,0,0,0,0,1,0,40,2,0,0,0,0,1,0,24,1,10,5,1,1,0,0,0,8,0,0,0,0,0,1,5,0,0,3,1,0,1,1,1,0,0,0,0,1,2,0,0,0,0,0,0,0,0,3,0,0,0,13,0,0,1,0,0,0,12,0,0,0,0,1,0,1,0,1,2,0,0,0,0,0,0,0,0,0
4,2135,CMEI SANTA AMÉLIA,"RUA FERNANDO DE SOUZA COSTA, 375",FAZENDINHA,-25.4857635,-49.3253689,42,0,1232,807,72,48,0,0,4,0,2,1,1,1,3,0,1,0,0,0,0,1,0,4,1,0,0,0,4,0,1,3,0,0,0,0,1,0,1,2,2,0,0,0,4,0,0,0,0,1,0,0,0,0,2,6,0,0,0,0,0,1,0,1,1,0,0,9,0,4,2,0,0,0,0,4,0,0,4,0,0,0,1,0,1,0,0,0,0,1,1,0,0,0,0,0,0,0,0,0,0,0,0,0,1,2,2,1,0,2,0,4,0,0,0,1,0,0,0,0,1,1,1,1,0,0,2,0,0,2,3,0,0,0,0,0,0,0,6,0,2,0,0,2,1,0,0,0,0,4,0,2,0,3,4,2,3,0,1,2,5,5,1,0,0,0,3,0,0,5,0,1,0,0,0,3,1,0,0,0,0,1,0,0,0,0,0,1,0,1,0,0,0,0,0,0,0,1,0,2,0,0,4,1,0,0,0,0,0,0,0,1,111,0,0,0,2,0,1,0,2,0,0,1,0,0,0,0,0,0,0,0,5,1,0,0,5,0,0,0,1,0,0,0,0,4,6,0,0,1,0,0,1,0,0,0,0,0,0,0,1,0,0,1,0,0,1,3,0,0,1,0,1,0,0,0,3,0,0,0,0,0,2,2,1,1,0,0,52,0,1,4,0,0,0,0,2,3,4,1,0,0,1,0,6,0,0,0,0,0,0,0,1,0,0,0,0,0,0,0,0,0,0,0,0,0,5,0,0,0,2,0,0,1,0,0,6,0,0,0,0,0,0,0,4,1,0,0,0,1,5,0,0,1,0,0,0,0,0,0,2,0,0,0,1,0,0,0,0,0,1,0,0,4,0,0,0,0,0,0,0,0,0,0,0,0,0,0,0,0,0,0,0,0,0,1,0,0,0,0,1,0,0,0,0,0,0,0,1,0,0,0,0,0,0,3,0,0,0,0,0,0,0,0,0,0,0,3,0,0,2,0,0,0,0,0,1,1,0,0,0,0,0,2,0,1,0,0,0,0,4,0,0,0,0,0,0,0,3,8,0,0,0,0,0,0,0,0,0,0,0,1,0,0,0,0,0,0,0,0,1,1,0,0,0,0,0,0,2,1,0,0,0,0,0,0,0,0,1,0,0,5,3,0,0,0,0,1,0,0,0,0,0,2,0,0,0,1,1,0,0,0,0,0,0,1,0,0,0,0,0,0,0,0,0,0,0,0,0,0,0,0,2,0,0,0,0,0,1,0,0,0,3,0,0,0,1,0,0,0,0,0,0,4,0,6,3,2,0,0,6,0,4,1,0,0,0,0,0,2,0,0,0,0,0,0,1,1,0,0,0,1,0,1,0,0,0,0,1,3,0,5,0,1,0,1,1,0,1,0,0,3,0,0,0,0,0,8,5,0,0,0,0,4,0,0,0,1,0,0,0,0,0,14,0,0,0,0,0,0,0,0,11,0,1,0,1,0,0,0,0,0,0,0,4,0,0,1,0,0,0,0,0,0,0,0,0,0,0,0,0,0,2,0,1,0,0,1,0,0,7,2,0,0,0,0,1,0,14,0,0,0,0,0,1,0,18,0,10,3,0,0,0,0,3,1,0,0,0,0,0,0,5,0,0,1,1,0,0,2,0,0,0,0,0,0,5,0,0,0,0,0,0,2,0,3,0,0,0,4,0,0,0,0,0,0,2,0,0,0,0,0,0,0,0,0,1,0,2,2,0,0,0,0,1,0
4,2143,PARÓQUIA SANTA AMÉLIA - PAVILHÃO PAROQUIAL,"AVENIDA ALCIR MARTINS BASTOS, 510",FAZENDINHA,-25.4866489,-49.3257172,42,0,1663,1209,88,63,0,2,1,2,6,0,8,1,3,1,0,1,0,0,1,7,0,4,0,0,1,2,12,0,1,3,0,0,1,4,0,0,0,0,0,0,0,0,11,0,0,0,0,0,1,0,1,0,3,2,0,0,0,0,0,1,0,0,0,0,0,15,0,1,6,2,1,0,0,6,0,1,7,0,15,0,4,0,0,0,0,1,4,0,6,0,0,0,0,0,0,1,0,3,0,0,1,0,0,6,1,0,2,0,0,7,0,0,0,2,0,0,0,1,1,1,0,0,0,0,0,0,0,0,3,0,0,0,0,0,0,0,0,0,0,0,10,2,4,1,1,1,0,4,0,2,0,6,7,5,6,0,0,2,5,4,2,0,1,0,1,0,0,2,1,3,0,9,1,6,9,0,0,0,0,2,0,1,0,0,0,1,0,0,0,2,0,0,0,0,0,0,2,1,2,0,3,0,1,0,0,2,1,0,0,1,178,0,0,0,2,0,0,0,0,1,4,0,0,0,0,0,0,0,0,1,13,0,0,0,19,2,2,0,1,0,0,0,0,7,8,0,0,3,0,2,1,2,0,0,0,0,0,0,1,1,0,0,2,0,1,3,2,0,7,0,3,0,0,1,6,1,2,0,0,0,15,1,2,0,0,0,43,0,2,2,0,0,1,0,1,5,4,0,0,5,3,0,2,1,1,0,0,0,1,0,0,1,0,1,1,0,0,0,0,1,0,0,0,0,9,0,0,1,0,1,0,0,0,0,5,0,0,0,0,0,0,0,2,1,0,0,0,1,4,0,0,7,0,0,0,0,0,0,0,1,0,0,1,0,0,0,0,0,1,0,0,7,1,0,0,0,0,0,1,0,0,0,0,0,0,0,0,1,0,0,0,0,0,3,0,0,1,0,0,0,0,0,0,0,0,0,0,0,0,0,0,0,1,11,2,0,0,0,0,0,1,0,0,0,2,1,0,1,1,0,0,0,0,0,0,6,1,0,0,0,0,0,0,0,0,1,0,0,4,0,0,0,0,0,0,0,3,7,0,0,0,1,0,0,0,0,1,0,2,1,1,0,0,0,1,0,0,0,0,1,0,0,0,2,0,0,0,0,0,0,0,0,0,0,0,1,0,0,0,9,0,0,0,1,0,0,0,0,4,0,0,0,0,0,2,0,0,0,1,0,0,1,1,0,0,2,0,0,1,0,0,0,0,0,4,0,0,0,1,0,0,0,0,0,0,0,0,0,0,0,3,0,0,0,1,0,0,0,0,1,0,6,0,5,2,1,0,0,5,0,2,7,0,0,0,0,0,0,0,0,1,0,0,0,0,1,1,0,1,1,0,2,0,0,0,0,3,2,0,0,0,1,0,1,0,2,0,2,0,0,0,1,0,0,1,16,10,0,0,0,1,15,0,0,0,0,0,0,0,0,1,19,0,0,0,0,0,2,0,0,12,0,1,2,0,0,1,0,0,0,0,0,5,0,0,0,0,0,0,1,0,1,0,0,0,0,0,0,0,0,0,0,1,0,0,0,0,0,10,2,0,0,0,0,0,0,28,0,1,0,0,0,1,0,17,1,12,1,0,0,0,0,2,4,0,0,0,0,0,0,14,2,0,5,1,0,1,1,0,0,0,0,0,0,1,0,0,0,1,0,0,0,0,8,0,0,0,5,1,0,0,0,0,0,5,0,0,0,0,0,0,0,0,0,3,0,1,0,0,0,0,0,0,0
4,2151,CEI - PROFESSOR ADRIANO GUSTAVO CARLOS ROBINE,"RUA VEREADOR ELIAS KARAM, 480",FAZENDINHA,-25.4803666,-49.3313832,42,0,2231,1569,114,62,0,1,0,3,14,1,4,1,6,1,1,1,1,0,2,15,0,4,0,8,0,3,14,0,1,5,0,0,0,1,1,0,0,0,0,0,0,2,21,0,1,2,1,0,0,0,1,1,0,8,0,1,0,0,0,1,0,0,0,0,0,9,0,2,3,0,1,0,0,1,0,0,1,0,12,0,5,0,1,1,0,4,5,1,1,1,0,0,0,0,0,0,0,5,0,0,0,0,0,4,3,0,7,1,0,6,0,0,0,3,0,0,0,0,4,0,0,0,0,1,0,2,0,2,3,0,1,0,0,0,0,0,0,0,4,1,9,2,3,1,1,0,1,3,0,4,0,9,7,7,7,1,0,3,4,11,0,0,0,0,1,0,6,7,1,2,0,2,0,6,7,0,1,1,0,1,0,0,0,0,0,3,0,0,0,0,0,1,0,0,0,1,2,7,0,2,3,0,0,0,0,0,1,0,0,1,208,0,0,0,6,0,1,0,1,0,1,0,0,0,0,0,0,0,0,1,15,0,0,0,4,3,0,0,1,0,0,0,1,3,4,0,0,3,21,3,2,5,0,0,0,0,0,1,6,0,0,0,7,2,2,3,2,0,7,0,2,0,0,0,10,0,0,0,0,1,10,0,1,2,0,0,112,0,2,5,1,0,0,0,7,5,1,0,0,2,5,0,3,0,0,0,0,0,1,0,0,0,0,0,0,0,0,0,0,2,0,0,0,5,10,0,0,0,1,0,0,0,0,0,5,0,0,0,1,0,0,0,0,0,0,0,0,0,3,0,0,8,0,0,0,0,0,0,4,0,0,0,3,0,0,0,1,0,1,0,0,4,0,0,0,0,0,0,0,2,0,0,1,0,0,2,0,0,0,0,0,0,0,0,0,0,0,0,2,0,0,0,1,1,0,0,0,1,0,0,0,0,1,18,0,0,0,0,1,0,0,0,0,0,0,6,0,0,0,0,0,0,0,0,0,5,0,2,1,0,0,0,0,0,0,2,1,0,4,0,0,0,1,1,0,0,4,26,0,1,1,0,0,0,0,0,1,0,4,0,0,0,0,0,1,0,0,0,0,0,0,1,0,5,0,0,0,0,0,0,0,0,0,0,0,0,0,1,0,12,6,2,0,0,1,1,2,0,2,0,0,3,0,0,0,3,1,0,0,0,0,1,0,0,0,1,0,1,1,0,0,0,0,0,2,1,1,0,0,1,1,0,0,3,0,0,0,0,0,0,5,0,0,0,0,0,0,0,0,0,0,10,0,4,1,2,0,0,0,0,2,10,0,0,0,0,0,0,0,0,0,0,0,0,0,2,0,0,0,2,0,9,0,0,0,2,5,4,0,2,0,0,0,0,1,1,1,5,2,0,0,0,0,0,0,12,9,0,0,0,0,17,1,0,0,1,0,0,1,0,0,33,2,0,0,0,1,0,0,0,18,0,0,0,0,2,0,0,0,0,0,0,3,0,0,1,0,0,0,0,0,4,0,0,0,0,1,0,1,0,2,0,1,1,0,1,0,0,7,0,0,0,1,0,1,0,43,3,0,0,2,1,1,1,37,0,13,7,1,0,5,0,2,9,0,0,1,0,1,0,6,0,0,0,0,0,1,2,0,0,0,1,0,0,6,0,0,0,0,0,1,1,0,3,0,1,0,16,0,0,1,0,0,0,5,0,0,0,0,1,0,0,0,0,1,0,1,1,0,0,0,0,1,0
4,2160,COLEGIO ESTADUAL AVELINO ANTONIO VIEIRA,RUA JULIO MESQUITA 12,FAZENDINHA,-25.4868003,-49.3271029,42,0,5074,3711,221,191,0,5,5,7,30,1,9,0,17,2,3,1,1,3,4,27,1,8,0,10,5,3,29,0,3,17,0,0,0,1,0,0,1,0,2,2,1,0,28,1,2,0,0,0,1,1,0,2,3,19,0,3,0,0,2,2,0,0,0,0,0,41,0,13,13,6,2,0,0,11,1,6,9,0,28,0,7,0,4,1,2,4,8,1,6,0,0,0,0,0,0,2,3,3,0,0,2,0,1,5,8,8,12,1,0,13,0,0,0,3,1,1,0,4,3,0,0,0,0,0,4,0,0,5,11,0,0,0,0,0,0,0,2,0,3,0,3,14,5,0,0,0,0,16,0,6,1,13,16,15,2,0,0,2,11,20,6,0,0,1,1,0,5,10,3,5,0,12,1,13,8,0,0,4,2,0,1,0,0,2,0,1,0,4,0,4,0,5,0,1,1,1,6,3,0,0,9,0,1,1,0,0,0,0,0,1,684,0,0,2,22,0,1,0,4,1,14,0,0,0,0,1,0,0,0,0,18,0,0,0,25,5,5,0,0,0,1,0,1,10,8,0,1,2,4,5,4,5,0,0,0,0,0,1,7,0,0,3,3,2,7,5,7,0,23,0,15,0,1,0,25,1,1,2,0,0,19,1,5,6,0,0,238,2,6,6,3,0,2,7,5,19,19,0,1,12,7,1,10,1,1,1,0,0,2,0,0,6,0,0,0,1,1,0,0,11,0,0,1,1,14,0,0,0,0,4,1,0,1,0,24,0,0,0,0,0,0,1,0,1,0,0,0,2,7,0,0,11,2,0,0,0,0,0,5,0,0,0,1,0,1,0,0,0,4,0,0,8,1,0,0,0,0,0,1,1,0,1,0,0,0,0,0,0,0,0,0,1,0,5,0,0,0,0,2,0,1,1,0,0,0,0,3,0,0,0,0,0,2,15,0,0,0,0,0,0,0,0,0,0,3,2,0,0,3,0,0,1,0,0,2,16,0,0,1,0,0,3,0,5,0,6,0,0,7,0,0,0,0,2,0,0,16,42,0,0,0,0,2,1,0,0,1,5,1,0,0,0,0,0,0,1,0,0,0,2,1,0,0,5,1,1,0,1,0,0,1,0,0,1,0,2,3,1,5,23,11,1,0,0,0,2,0,3,13,0,4,2,0,1,3,8,0,0,0,0,0,4,0,0,0,10,0,0,1,0,0,0,2,1,7,7,0,0,1,3,9,0,0,2,0,0,0,1,0,1,19,0,4,0,4,0,1,0,0,1,0,25,0,12,4,0,0,0,7,1,11,18,0,3,0,0,0,0,1,0,1,0,0,0,0,2,0,0,3,1,0,7,1,0,0,4,3,6,0,8,0,5,0,1,3,1,2,9,0,0,0,0,0,0,1,22,17,1,0,0,0,25,2,0,0,1,0,0,0,2,0,55,2,1,0,0,3,3,0,0,41,0,2,4,1,0,0,3,0,0,0,0,8,0,0,1,0,1,1,1,0,3,0,0,0,0,2,1,0,0,0,0,4,3,0,0,0,1,30,1,0,0,0,0,4,0,158,3,2,0,6,6,4,3,56,1,24,12,6,0,1,1,7,10,0,0,0,0,0,4,11,0,2,8,2,0,2,2,1,2,0,1,0,0,21,1,0,0,0,0,0,0,0,3,0,1,0,27,1,0,0,0,0,0,9,0,0,1,0,0,0,2,0,0,8,0,6,2,3,0,0,1,1,0
4,2178,CENTRO MUNICIPAL DE EDUCAÇÃO INFANTIL FAZENDINHA,"RUA ELOI MICHELETI, 09",FAZENDINHA,-25.4795952,-49.327815,42,0,394,230,32,18,0,0,0,2,0,0,0,0,0,1,0,0,0,0,0,3,0,0,0,1,2,1,3,0,0,0,0,0,0,0,0,0,0,0,0,0,0,0,2,0,0,0,0,0,0,0,0,0,0,0,0,0,0,0,0,1,0,0,0,0,1,1,0,1,1,1,0,0,0,0,0,3,2,0,3,0,0,0,0,0,0,0,0,0,0,0,1,0,0,0,0,0,3,0,0,0,0,0,0,0,0,0,0,0,0,5,0,0,0,1,0,0,0,0,0,0,0,0,0,0,0,0,0,0,0,0,0,0,0,0,0,0,0,0,0,0,2,0,0,0,0,0,0,2,0,0,0,2,1,1,1,0,0,0,1,2,0,0,0,0,0,0,0,1,0,2,0,0,0,5,0,0,0,0,0,0,0,0,0,0,0,0,0,0,0,0,0,0,0,0,0,0,0,0,0,0,0,1,0,0,0,0,0,0,0,0,25,0,0,0,0,0,0,0,0,0,1,0,0,0,2,0,0,0,0,0,2,0,0,0,0,0,0,0,0,0,0,0,0,2,0,0,0,0,0,0,3,0,0,0,0,0,0,0,0,0,0,0,3,0,0,0,0,0,1,0,0,0,0,0,0,0,0,0,0,0,4,1,0,0,0,0,4,0,0,0,0,0,0,0,0,0,1,0,0,0,0,0,1,0,0,0,0,0,0,0,0,0,0,0,0,0,0,0,1,0,0,0,0,0,0,0,0,0,0,0,0,0,0,0,2,0,0,0,0,0,0,0,1,0,0,0,0,0,0,0,0,0,0,0,0,0,0,0,0,0,0,0,0,0,0,0,0,0,0,0,0,0,0,0,0,0,0,0,0,0,0,0,0,0,0,0,0,0,0,0,0,0,0,1,0,0,0,0,0,0,0,0,0,0,0,0,0,0,0,0,0,0,0,0,0,0,0,0,0,0,0,0,0,0,0,1,0,0,0,0,0,0,0,0,0,0,1,0,0,0,0,0,0,0,0,0,0,0,1,0,0,0,0,0,0,0,1,4,0,0,0,0,0,0,0,0,0,0,1,0,0,0,0,0,0,0,0,0,0,0,0,0,0,2,0,0,0,0,0,0,0,0,0,0,0,0,0,0,0,0,1,0,0,0,0,0,0,0,0,0,1,0,0,1,0,0,0,0,0,0,0,0,0,0,0,0,0,0,0,0,0,0,0,0,0,2,0,0,0,0,0,0,0,0,0,0,0,0,0,0,0,0,0,0,0,0,0,0,0,0,0,0,0,0,1,0,0,0,1,0,1,3,0,0,0,0,0,0,0,0,0,0,0,0,0,0,0,0,0,0,0,0,0,0,0,0,0,1,0,0,0,0,0,0,0,0,3,1,0,0,0,0,0,0,0,3,1,0,0,0,0,3,0,0,0,0,0,0,0,0,0,4,0,0,0,0,0,0,0,0,1,0,0,0,0,0,0,0,0,0,0,0,0,0,0,0,0,0,0,0,2,0,0,0,0,0,0,0,0,1,0,0,2,0,0,0,0,0,2,0,0,0,0,1,0,0,2,0,0,0,1,0,0,0,3,0,0,1,1,0,0,0,0,3,0,0,0,0,0,0,0,0,0,0,0,0,0,0,0,0,0,0,0,0,1,0,0,0,0,0,0,0,0,2,0,0,0,3,1,0,0,0,0,0,0,0,0,0,0,0,0,0,0,0,0,0,0,0,0,0,0,0,0,0
4,2186,ESCOLA MUNICIPAL PADRE JOSE DE ANCHIETA,R DANIEL MIKOVSKI  191,FAZENDINHA,-25.4805751,-49.321605,42,0,2537,1952,114,98,0,0,0,3,16,2,3,1,4,0,1,0,0,3,2,11,0,8,0,2,1,3,13,1,1,5,0,0,0,2,0,0,0,1,1,1,0,0,24,0,1,0,0,0,7,0,4,4,6,2,3,0,2,0,0,0,0,0,2,0,1,37,0,5,8,2,2,1,0,12,0,3,9,0,17,1,2,2,0,1,0,1,1,0,1,1,0,0,0,0,0,0,1,3,0,0,2,0,1,1,5,2,0,0,2,5,0,0,0,4,0,1,0,0,3,1,0,2,0,1,4,1,0,0,2,0,1,0,0,0,0,0,2,0,6,0,10,6,5,0,2,0,0,9,0,1,0,4,7,11,6,1,1,1,9,9,4,1,1,1,2,1,3,4,3,3,0,5,1,5,13,0,0,2,0,0,0,3,2,0,0,1,1,3,0,0,0,0,0,0,0,0,4,2,0,0,8,2,0,0,0,1,0,0,0,0,346,0,1,0,3,0,0,0,2,2,1,0,0,0,0,2,0,0,0,0,18,0,0,0,44,6,2,0,1,0,0,0,0,3,8,1,1,4,1,1,3,0,0,0,0,0,1,1,0,0,0,0,3,1,3,1,0,0,4,0,6,0,0,0,12,1,4,2,1,0,16,0,1,0,0,0,63,0,6,3,0,0,0,0,5,7,12,0,0,10,4,2,0,2,0,1,0,1,0,1,0,0,0,0,0,0,0,3,3,2,0,0,0,1,6,0,0,0,0,3,0,3,0,3,10,0,0,0,0,0,0,0,3,2,0,0,0,0,7,0,0,1,1,0,0,0,1,0,0,0,1,0,0,0,0,0,0,0,0,0,0,7,2,0,0,0,0,0,0,0,0,0,0,0,0,0,2,0,0,0,0,0,0,2,0,0,0,0,0,0,0,0,0,1,0,0,2,0,0,0,0,0,3,12,0,0,0,0,0,0,0,0,0,0,2,3,0,0,2,0,0,1,0,0,1,5,0,0,0,0,1,0,1,2,0,2,3,1,3,0,0,1,0,2,0,0,8,26,0,0,2,0,0,1,0,0,0,1,1,2,0,0,0,0,0,0,0,0,0,0,0,0,0,5,0,0,0,3,0,0,0,1,0,0,0,2,0,0,0,18,1,0,0,4,0,0,0,3,4,1,1,0,0,0,1,2,1,0,0,1,0,5,1,0,0,1,0,0,2,0,0,0,0,0,2,1,0,0,3,0,3,0,0,3,0,0,0,0,0,0,9,0,1,0,2,1,0,1,0,0,0,3,0,4,5,0,2,0,4,0,3,17,0,0,0,0,0,0,0,0,0,0,0,0,0,1,2,0,3,2,0,2,0,0,0,1,9,4,1,0,0,4,0,1,0,4,6,3,0,0,0,1,0,0,1,15,9,0,0,0,0,11,0,0,0,0,0,0,0,0,0,45,1,1,0,0,0,1,0,0,27,0,0,0,0,0,0,0,0,0,0,0,9,0,0,2,0,0,1,0,1,3,0,0,0,0,0,0,0,0,0,0,1,0,0,0,0,0,7,1,0,0,0,0,1,0,61,0,0,0,6,0,2,0,27,0,17,9,2,0,0,0,2,4,0,0,0,0,0,1,10,0,0,11,1,0,1,3,0,1,0,1,1,1,7,0,0,0,0,0,1,0,0,7,0,0,0,11,0,0,0,1,2,0,1,0,0,0,0,1,0,0,0,0,7,0,7,1,0,0,0,0,0,0
145,1503,ESCOLA MUNICIPAL PAULO ROGERIO GUIMARAES ESMANHOTO,"RUA PEROLA DO OESTE, 285",SITIO CERCADO,-25.5529209,-49.2752112,65,0,1408,1069,90,73,0,2,2,2,5,1,1,1,0,1,0,0,0,1,0,4,1,8,0,1,0,1,14,0,1,2,0,0,0,2,0,0,1,0,1,0,7,0,4,0,0,0,0,0,0,0,0,0,0,12,0,0,0,1,0,0,0,0,0,0,0,13,0,10,1,5,0,0,0,2,0,1,1,0,3,1,0,1,2,1,0,9,2,1,2,0,0,0,0,2,0,0,0,0,0,0,0,0,0,5,3,0,1,0,3,4,0,0,0,0,0,0,0,0,0,0,0,0,0,0,0,0,0,0,264,0,0,0,0,0,0,0,0,0,1,0,2,0,3,1,0,0,0,2,0,1,6,1,0,1,3,1,0,1,5,11,0,1,0,0,0,0,1,1,1,2,0,2,8,5,1,0,0,2,1,0,0,0,0,0,0,0,0,0,0,1,0,0,2,3,0,0,0,1,0,0,3,0,1,0,0,2,0,0,0,0,0,0,2,0,0,1,0,0,2,4,2,0,8,0,1,0,0,0,0,0,1,0,0,0,0,1,11,0,1,0,0,0,0,1,19,0,0,2,0,1,0,1,0,0,0,0,0,0,0,0,0,0,2,0,3,1,1,0,1,0,1,0,0,0,10,0,0,0,0,0,3,0,1,0,0,0,0,0,5,0,0,0,6,0,0,8,3,0,0,6,3,0,1,0,0,0,0,0,1,0,0,0,0,0,0,0,0,0,0,0,0,0,0,0,0,0,0,0,0,0,0,0,0,0,15,0,0,0,0,0,0,5,0,0,0,0,0,0,4,0,0,0,0,0,0,0,0,0,2,1,4,0,0,0,0,0,0,0,2,0,1,0,3,0,0,0,0,0,0,0,0,0,1,0,0,0,0,0,0,0,0,0,0,0,0,0,2,0,1,0,0,0,0,0,0,0,0,2,0,0,0,0,2,0,0,0,0,0,0,0,0,1,0,0,0,3,0,0,0,0,0,0,0,0,1,3,0,0,0,0,0,0,0,1,0,0,1,0,1,0,0,0,0,0,0,0,0,4,0,0,0,0,0,0,0,0,2,0,0,1,0,0,0,0,0,0,0,0,0,0,0,0,0,0,0,0,0,1,0,0,0,0,0,0,0,2,0,0,0,0,4,0,0,0,1,2,1,0,0,0,0,1,0,0,2,1,0,0,0,0,0,2,16,0,0,0,0,0,0,0,0,0,2,0,2,0,0,0,0,0,0,0,0,0,0,0,0,0,0,0,0,0,1,0,7,0,2,1,0,0,0,1,0,11,3,0,0,0,0,1,0,0,2,0,0,0,0,0,7,0,0,0,0,3,0,0,0,0,0,2,0,1,0,2,0,2,0,2,0,0,0,0,0,0,0,0,0,6,0,0,0,0,0,0,0,3,4,0,0,0,0,14,3,2,0,0,0,0,0,0,0,18,0,0,0,0,0,0,0,0,15,0,0,0,0,0,0,0,0,0,0,1,2,0,0,0,0,0,0,0,0,0,0,0,1,0,1,0,0,0,0,0,0,0,0,0,0,0,2,0,0,0,0,0,0,0,0,0,1,0,1,0,0,0,3,0,7,7,2,0,0,0,0,5,0,0,0,0,0,1,6,0,2,23,2,0,2,8,0,0,0,0,0,0,2,2,0,0,0,0,1,1,0,0,0,0,0,4,0,0,0,0,0,0,0,0,0,0,0,0,0,0,0,0,0,0,0,2,0,0,0,0,0,0
145,1511,1511- ESCOLA MUNICIPAL BAIRRO NOVO CAIC-145ªZE - CURITIBA,"RUA PASTOR WALDOMIRO BILESKI, 71, SÍTIO CERCADO ",SITIO CERCADO,-25.542853,-49.2616204,65,0,5951,4208,343,192,0,2,6,9,22,1,3,2,9,1,5,0,1,2,3,22,0,20,0,11,3,2,41,0,0,3,1,0,0,2,0,0,0,0,5,0,6,1,48,6,1,4,2,0,1,0,0,0,1,47,6,2,0,0,0,0,0,4,0,0,1,70,0,38,2,6,2,0,0,6,2,5,2,3,5,1,2,0,2,0,1,22,8,4,4,1,1,0,2,2,0,17,0,7,1,4,3,0,0,28,21,8,1,1,13,9,1,0,0,4,0,0,0,0,3,0,2,4,0,0,0,3,1,5,642,4,0,0,0,0,4,0,1,0,1,0,18,0,5,1,0,1,0,5,0,3,29,9,7,12,12,0,1,1,7,36,2,0,0,5,1,0,18,8,2,11,0,10,176,17,7,0,0,2,4,2,0,0,3,2,0,0,5,0,0,6,1,1,3,0,0,0,0,2,0,1,2,0,2,1,1,0,3,0,0,10,2,0,2,1,0,0,2,0,1,52,9,1,2,0,7,2,0,0,4,2,26,1,0,0,1,10,32,0,0,0,1,1,0,10,7,1,4,6,0,0,4,0,0,0,0,0,0,0,3,0,0,0,12,0,7,0,8,1,9,0,7,0,0,0,25,3,11,0,0,0,23,2,5,7,2,0,1,0,9,0,0,1,55,0,0,27,24,2,0,21,8,0,27,0,2,1,2,0,1,3,0,7,1,0,2,0,0,1,1,1,1,1,0,1,1,0,0,2,0,4,0,0,0,3,37,0,0,1,0,0,0,4,1,0,0,0,0,0,5,0,0,3,0,0,0,0,1,0,4,0,10,0,3,0,3,0,2,0,1,0,0,10,9,3,0,0,0,0,1,0,0,0,2,1,3,0,0,0,0,0,1,0,0,0,0,0,0,2,1,1,0,0,0,20,0,0,0,1,0,0,0,1,2,1,14,0,0,2,0,0,25,6,3,1,1,4,1,0,0,0,0,2,10,0,0,9,0,4,0,0,0,2,2,10,0,0,0,3,3,0,0,1,3,2,0,0,7,33,0,0,1,0,0,2,1,0,8,0,3,5,0,0,0,0,3,0,0,0,0,1,0,0,0,20,0,0,2,0,0,0,0,5,0,0,0,1,1,3,0,39,8,0,0,0,2,0,5,0,7,2,0,1,0,1,7,2,1,2,0,0,0,0,13,7,0,1,0,1,0,0,0,0,3,1,2,1,13,0,0,1,2,0,0,3,1,0,1,0,0,0,0,1,0,0,8,0,9,0,1,2,0,3,0,15,5,1,0,0,4,3,12,4,3,0,2,0,0,1,3,0,0,0,0,0,0,0,0,2,2,2,1,3,0,0,0,4,1,16,0,4,0,1,1,0,1,0,3,64,5,1,0,0,1,0,0,15,11,0,0,2,2,70,39,0,0,1,0,1,0,0,0,72,1,3,0,0,1,0,1,0,33,6,1,0,0,0,0,0,0,0,0,1,9,0,0,0,0,0,5,9,0,1,4,0,0,1,10,0,0,1,0,0,3,1,0,0,1,1,16,1,0,0,0,0,6,0,10,8,0,0,2,7,0,1,10,0,39,14,19,0,5,1,11,13,0,0,0,0,0,0,14,0,1,128,2,0,0,64,2,2,0,1,1,3,2,1,0,0,1,0,0,9,2,6,0,0,0,28,0,0,0,0,1,3,1,1,0,0,1,1,0,1,0,1,0,0,0,4,0,1,0,0,2,0
145,1520,COLEGIO ESTADUAL LA SALLE,"RUA DILERMANDO PEREIRA DE ALMEIDA, 120",PINHEIRINHO,-25.5322471,-49.2917691,66,0,7003,4884,456,266,0,8,5,11,25,4,3,2,13,4,3,0,0,3,8,24,1,14,1,11,8,2,48,3,2,5,0,0,1,1,0,0,1,0,4,1,171,1,39,0,1,1,4,0,2,1,1,0,5,24,65,0,1,1,1,2,2,2,1,1,2,99,0,37,7,8,3,0,0,19,2,12,5,0,17,3,2,0,11,0,2,138,15,0,4,2,0,0,3,0,0,13,0,11,1,2,3,3,1,12,27,16,2,3,6,24,1,0,0,1,0,2,0,0,8,2,0,59,1,5,1,0,0,6,136,0,0,0,0,0,2,0,2,0,6,0,24,0,7,0,0,0,0,5,0,24,29,19,20,11,17,1,0,4,23,86,6,0,0,5,0,0,23,18,9,31,0,45,12,24,14,0,1,7,0,1,1,0,2,0,0,3,1,1,0,6,0,4,14,1,0,0,0,31,0,0,6,0,0,1,3,0,0,0,0,11,6,0,0,3,0,1,0,1,11,10,9,2,3,0,3,0,0,0,1,7,37,0,0,1,0,21,33,0,0,1,3,0,0,6,12,0,0,9,0,5,4,5,0,0,0,1,0,0,2,1,0,0,7,1,9,4,15,1,20,1,10,0,1,1,22,3,5,0,0,0,25,0,5,8,1,0,3,1,6,1,1,1,33,6,3,24,22,0,0,28,5,0,17,3,1,0,3,0,7,0,0,4,1,1,0,0,0,1,2,2,1,3,0,5,2,0,0,2,0,1,1,0,0,0,55,0,0,0,0,0,0,5,0,0,2,0,1,1,6,0,0,0,0,0,0,0,1,0,2,0,35,0,5,0,5,0,0,0,5,0,0,2,8,0,1,0,0,0,0,0,1,0,1,2,3,0,0,0,0,1,2,0,0,0,0,0,1,3,1,0,0,0,0,4,0,0,0,1,0,0,0,1,6,4,0,0,0,1,0,5,2,0,0,0,0,5,0,1,3,0,0,1,7,1,3,10,0,0,1,0,3,4,1,2,0,1,0,1,5,0,0,9,2,0,0,0,9,47,0,1,2,0,0,0,0,2,16,0,1,1,1,4,0,0,4,0,0,1,0,2,1,0,0,21,0,2,0,3,1,0,1,1,0,0,0,9,0,2,0,55,8,0,1,0,4,0,2,1,8,3,6,2,0,1,78,11,0,0,0,0,0,3,1,2,0,0,1,0,5,0,3,0,5,0,9,0,5,1,5,1,1,0,1,3,0,0,1,0,1,0,0,0,7,1,1,0,27,3,2,3,7,1,8,26,7,0,0,0,30,0,8,2,1,1,0,0,1,2,1,1,2,1,1,1,1,3,0,0,1,5,0,1,1,0,0,4,7,16,0,8,0,0,0,0,0,2,13,6,4,0,0,0,0,0,4,42,39,4,0,0,9,99,16,1,1,0,0,2,1,0,1,139,1,1,0,1,2,4,0,0,47,2,0,2,0,1,0,0,0,0,0,1,5,1,0,2,0,0,0,3,2,0,0,0,0,0,2,0,0,0,2,0,12,1,0,0,1,0,22,2,0,0,0,0,2,0,10,7,0,0,4,3,2,5,21,0,106,13,21,1,17,0,8,30,0,0,0,0,0,1,20,1,30,101,10,1,3,6,5,1,1,0,1,0,7,1,2,0,0,2,0,1,1,15,0,1,0,26,4,1,0,1,0,0,1,0,0,0,0,0,0,0,1,0,0,0,3,2,3,2,0,3,1,0
145,1538,1538 - CEI FRANCISCO FRISCHMANN - 145ºZE-CURITIBA,"RUA PAULO ENGEL, 89 - PINHEIRINHO",PINHEIRINHO,-25.5268642,-49.2692436,66,0,6169,4204,361,207,0,2,9,6,27,5,1,3,14,1,2,1,1,2,2,26,3,22,0,10,5,11,45,3,1,6,0,0,0,0,0,0,1,0,1,0,8,0,66,3,0,3,3,0,8,1,0,0,1,35,2,0,0,6,0,3,0,8,1,0,1,67,0,27,5,11,1,0,0,31,0,0,4,2,22,2,0,0,13,0,2,13,9,7,6,0,0,0,5,1,0,56,3,13,2,1,3,4,0,15,6,7,2,4,18,6,1,0,0,6,1,0,0,0,2,0,1,7,0,2,0,0,0,5,85,0,0,0,1,1,3,1,5,0,3,0,18,0,6,4,2,0,0,1,1,12,51,14,6,12,13,0,2,1,8,39,3,0,0,4,0,2,97,5,0,30,0,20,20,16,10,1,1,1,0,1,0,0,0,2,0,1,2,0,5,15,0,1,4,0,4,0,0,17,0,1,2,0,2,0,4,0,1,1,0,57,1,0,0,3,0,0,3,0,2,10,2,0,1,0,3,0,0,0,3,1,28,0,0,0,2,9,44,0,0,2,1,0,0,6,10,2,1,9,1,4,4,1,0,1,0,0,1,0,2,0,0,0,5,2,2,3,15,0,25,4,4,0,0,1,15,2,2,3,0,1,20,1,10,6,0,0,3,0,4,0,2,10,13,1,0,37,20,6,1,22,7,0,16,1,1,4,0,1,0,0,0,3,0,0,0,1,0,0,2,0,0,2,0,1,2,0,0,2,0,0,0,0,0,0,46,0,0,0,0,0,0,0,0,1,1,0,0,1,0,1,0,5,0,0,0,0,0,0,6,0,4,0,4,0,0,0,0,0,2,0,1,9,8,0,1,0,0,0,3,0,0,0,2,1,0,0,1,0,0,2,0,0,0,0,0,1,1,0,0,1,0,0,1,30,0,0,2,2,0,0,0,1,4,1,5,0,0,2,2,5,5,1,2,0,0,2,0,2,4,0,0,0,11,3,3,10,0,5,0,0,4,0,0,3,0,0,0,5,7,0,1,0,0,0,0,0,6,55,1,0,0,0,0,0,0,0,21,1,0,0,0,1,1,0,4,0,0,0,1,1,1,0,0,9,0,0,0,2,3,0,0,1,0,1,1,22,1,18,2,28,12,0,0,0,12,0,2,1,15,0,1,5,1,1,6,0,9,0,0,1,0,3,1,2,0,2,1,0,2,0,1,0,4,0,7,0,4,0,1,1,3,0,3,6,0,0,0,0,0,1,0,0,1,0,1,1,19,1,93,0,1,1,1,9,10,0,1,0,16,1,17,3,3,4,1,0,0,0,1,0,2,0,1,2,0,0,1,0,0,11,0,1,1,0,0,2,14,14,0,3,0,3,0,0,5,0,3,15,2,0,0,0,0,0,0,37,16,0,1,1,0,73,19,0,2,0,0,1,0,0,0,79,0,2,0,0,3,0,0,0,40,64,0,2,0,0,0,0,0,0,0,1,2,2,0,1,1,0,0,2,0,1,1,0,0,0,3,0,0,0,1,0,5,2,0,0,0,0,14,0,0,0,0,0,2,0,6,14,0,0,4,4,0,1,11,1,53,16,14,1,6,0,6,131,0,0,0,0,0,2,23,0,3,239,0,0,0,4,3,2,0,1,1,1,7,26,0,1,0,9,3,0,0,18,0,0,0,31,2,0,1,0,0,1,2,0,0,0,0,2,0,0,6,2,0,0,4,3,0,0,0,1,1,1
145,1546,1546 - ESCOLA MUNICIPAL MARINGA - 145ªZE - CURITIBA,"RUA BRASÍLIO PERY MOREIRA, 17  PINHEIRINHO",PINHEIRINHO,-25.5347082,-49.2965879,66,0,2598,1972,166,99,0,2,3,8,7,0,1,3,6,0,1,0,0,0,2,22,3,12,0,3,4,1,27,3,1,8,1,0,1,0,0,0,0,0,1,0,161,1,23,0,0,3,0,0,1,1,0,0,2,17,14,0,0,0,0,0,0,1,3,0,1,36,0,8,4,2,1,0,0,9,0,2,2,1,4,0,1,0,1,0,0,86,11,0,0,3,0,0,2,0,0,4,0,3,0,1,0,2,4,7,6,6,1,2,1,3,1,0,0,1,1,0,0,0,1,0,0,15,1,1,0,1,0,0,63,0,0,0,0,0,0,1,1,0,1,0,3,0,2,0,0,1,0,6,0,2,1,10,12,7,1,0,0,0,0,34,2,0,0,2,0,3,15,3,0,13,0,38,3,2,7,0,1,2,2,0,0,0,2,0,0,0,0,0,0,2,0,2,9,1,0,1,0,6,0,0,2,0,0,0,2,0,0,0,0,0,0,0,0,1,0,0,1,0,3,2,3,0,0,0,0,0,0,0,0,2,7,0,0,0,2,5,6,0,1,0,1,0,0,4,5,0,2,3,0,0,2,0,0,0,0,0,0,0,1,0,0,0,2,0,0,2,4,0,16,0,1,0,3,0,9,0,0,0,0,0,7,0,1,0,0,0,3,0,3,0,0,0,6,0,0,6,14,2,0,11,3,0,10,0,0,0,0,0,0,1,0,0,0,2,1,0,0,0,1,2,0,4,0,1,1,0,0,0,0,0,1,0,0,0,14,0,0,0,0,0,0,1,0,0,1,0,0,0,6,0,1,1,0,0,0,0,0,0,1,0,27,0,4,0,0,1,0,0,3,0,0,1,2,0,0,0,0,0,0,0,1,1,0,0,0,0,0,0,0,0,0,0,0,0,0,0,0,0,2,0,0,0,0,1,0,0,0,1,0,0,0,0,0,2,0,0,0,0,0,1,0,0,0,0,0,8,0,0,1,0,0,0,2,1,0,5,0,0,0,0,3,0,2,2,0,4,0,0,1,0,0,6,1,0,0,0,6,16,0,0,0,2,0,0,0,0,3,0,1,2,0,3,0,0,0,1,0,0,0,0,0,0,0,5,0,0,0,4,0,0,0,0,0,0,0,4,2,0,0,17,7,0,0,0,1,0,3,2,2,0,3,1,0,0,9,1,5,0,0,0,0,1,2,1,0,1,0,1,2,0,0,0,4,0,0,2,2,0,0,0,0,0,0,4,0,0,0,0,0,0,0,0,0,0,2,0,11,1,0,0,1,0,9,4,2,0,0,0,0,0,7,0,0,0,0,0,0,0,0,0,0,0,0,0,0,0,0,0,0,4,0,0,0,0,0,3,0,8,0,1,0,1,0,0,1,0,0,10,3,0,0,1,0,0,0,11,15,4,0,3,6,41,3,1,0,3,0,0,0,0,0,22,0,0,0,1,0,0,0,0,15,1,0,0,0,0,0,0,0,0,0,0,3,0,0,0,0,0,0,0,0,1,0,0,0,1,1,0,0,0,1,0,1,0,0,0,0,0,2,4,0,1,1,0,0,0,5,4,0,0,2,1,0,0,11,1,58,3,3,0,4,1,1,13,0,0,0,0,0,2,9,0,30,65,1,0,0,3,0,1,1,0,1,4,6,1,0,0,0,0,1,0,0,2,0,0,0,8,1,0,0,0,0,0,1,0,0,0,0,0,0,0,3,0,1,1,0,2,1,0,0,0,0,0
145,1554,ESCOLA MUNICIPAL PROFESSORA JURANDYR BAGGIO MOCKELL,"RUA BRIGADEIRO EDUARDO GOMES, 270",PINHEIRINHO,-25.5195685,-49.286039,66,0,2712,2001,194,104,0,1,9,6,6,2,1,3,6,0,0,1,0,2,7,16,1,10,0,5,3,0,17,2,2,7,0,1,0,1,0,0,0,0,4,0,1,1,14,0,0,3,1,0,0,0,0,1,12,10,3,0,0,2,0,0,2,0,0,0,0,32,0,27,2,5,3,0,0,2,1,1,2,0,13,1,0,0,7,0,1,11,7,2,1,4,0,0,1,0,0,11,0,3,0,2,0,1,0,9,3,6,3,1,1,10,0,0,0,7,0,1,0,0,1,1,0,6,0,0,0,2,0,0,25,0,0,0,0,0,0,0,1,0,5,0,9,0,4,0,0,0,0,1,0,11,4,12,2,3,2,0,1,1,10,19,4,0,0,0,1,0,6,5,0,28,0,33,2,8,7,0,0,0,0,0,0,0,3,0,0,1,0,0,0,1,0,0,1,0,0,0,0,4,0,0,8,4,0,0,2,0,0,0,0,9,1,0,0,2,0,0,0,0,1,5,4,0,0,0,1,0,0,0,5,1,3,0,0,0,0,2,4,0,0,0,2,0,0,2,5,1,0,8,0,1,0,0,0,0,0,0,0,0,3,0,0,1,2,0,2,5,4,0,3,0,5,0,3,0,7,0,7,1,0,2,8,2,5,1,0,0,3,1,2,0,0,0,5,0,2,11,7,3,0,7,0,0,9,1,0,1,1,0,0,0,2,7,2,0,2,0,0,1,2,0,0,0,0,0,1,0,0,0,1,0,0,0,0,0,26,0,0,0,0,0,0,0,0,1,0,0,0,0,3,0,0,6,0,0,0,0,0,0,2,0,0,0,1,0,0,0,0,0,0,0,0,1,5,0,1,0,1,0,0,0,0,0,1,0,0,0,0,0,0,1,0,0,0,0,0,0,1,0,0,0,0,0,0,0,0,0,1,4,0,0,0,0,3,0,5,0,0,0,1,0,0,0,0,0,0,2,1,2,5,0,0,1,2,0,1,10,0,0,0,0,0,1,0,0,0,1,0,0,5,0,0,0,1,0,0,0,4,14,0,0,0,0,0,0,0,0,5,0,0,2,0,0,1,0,5,0,0,0,0,3,0,0,0,4,0,2,1,6,2,0,0,0,0,0,0,13,2,0,0,4,4,0,1,0,0,1,4,0,2,0,9,2,0,0,17,1,1,0,0,1,0,0,0,0,0,0,0,0,1,0,0,0,4,0,0,0,1,0,0,0,0,0,1,1,0,0,1,0,0,0,0,0,2,2,0,2,25,0,6,0,1,0,3,7,9,0,0,0,12,0,1,1,6,0,0,0,1,0,0,0,0,0,0,0,0,4,0,1,1,4,0,1,0,0,0,3,0,11,0,5,0,0,0,1,0,1,3,13,1,2,0,0,0,0,58,19,8,0,0,2,5,37,6,0,0,0,0,0,0,0,1,51,0,1,0,0,0,1,0,0,22,1,0,0,0,0,0,0,0,0,0,0,7,2,0,0,0,0,0,0,0,0,0,0,0,2,0,0,0,0,1,0,3,0,0,0,0,0,15,0,0,0,0,0,0,0,9,2,1,0,1,1,2,0,5,0,29,2,13,0,2,3,14,94,0,0,0,0,0,0,11,0,10,87,1,0,0,0,0,1,0,0,2,1,0,1,0,0,0,1,0,2,0,17,0,0,0,5,5,0,0,0,0,0,0,0,0,0,0,0,0,0,6,4,1,0,1,10,0,1,0,0,0,0
145,1562,1562 - ESCOLA MUNICIPAL PIRATINI,"RUA JOÃO MALTA DE ALBUQUERQUE MARANHÃO, 104  PINHEIRINHO ",PINHEIRINHO,-25.5233215,-49.2871834,66,0,3733,2682,252,140,0,1,4,9,10,2,0,3,6,1,1,0,1,2,4,25,1,16,1,8,1,2,30,1,3,4,0,0,0,4,0,1,3,0,3,1,7,7,29,3,0,2,2,0,1,0,0,0,1,19,13,0,0,3,0,0,0,0,0,1,4,53,0,20,5,9,0,0,0,6,1,2,2,0,6,0,3,2,14,1,5,20,10,1,4,3,2,0,2,2,1,9,3,2,1,0,0,0,0,8,0,9,4,0,2,11,0,0,0,3,2,0,0,0,4,0,0,13,0,1,0,0,0,1,34,0,0,0,0,0,2,0,1,0,6,0,16,0,2,1,1,0,0,1,0,17,3,14,8,3,5,1,1,0,9,70,4,0,1,1,2,1,6,0,3,73,0,31,6,10,10,1,2,1,0,0,0,0,1,1,0,1,1,0,1,1,0,1,1,0,0,0,0,3,0,0,7,0,0,0,0,0,0,0,0,6,0,0,1,0,0,0,0,0,1,1,1,0,0,0,2,0,0,0,2,1,21,0,0,0,0,16,22,0,0,0,7,0,1,5,5,0,0,12,1,1,0,0,0,1,0,0,0,0,2,0,0,0,3,1,3,6,3,0,4,0,5,0,0,0,15,0,4,1,0,0,9,0,0,3,0,0,3,0,11,0,1,0,10,1,0,7,17,3,1,8,2,0,6,0,0,0,1,0,2,0,0,4,0,0,1,1,0,0,1,0,0,2,0,2,0,0,0,2,1,1,0,0,0,0,29,0,0,0,0,0,1,0,0,0,0,0,0,0,3,0,0,1,0,0,0,0,3,0,1,1,1,0,0,0,4,0,0,0,2,0,0,5,3,0,0,0,0,0,0,0,0,0,2,2,0,0,0,0,0,0,0,0,0,0,0,1,0,2,1,0,0,0,2,5,0,0,0,2,0,0,0,0,3,2,1,0,0,1,0,0,0,0,0,0,0,3,0,0,0,0,1,1,17,0,0,6,0,0,0,0,1,1,0,7,0,2,0,0,4,0,0,1,0,0,0,0,8,11,0,0,0,0,0,0,0,0,1,0,0,0,0,0,0,0,0,0,0,0,1,4,0,1,0,17,0,0,0,0,2,0,1,0,0,0,0,6,0,3,0,21,8,2,0,1,2,0,0,2,5,3,2,1,0,0,24,2,0,0,0,0,0,1,1,0,0,3,0,0,0,0,0,0,0,0,2,0,0,0,1,0,4,0,2,0,0,0,0,0,0,0,1,0,1,1,0,0,19,1,3,0,0,0,1,8,4,0,0,0,2,0,2,2,12,0,0,0,0,1,0,2,2,0,0,0,7,1,1,0,1,5,0,3,0,0,0,4,4,4,2,1,0,0,0,0,0,0,4,9,0,0,0,2,0,0,27,34,16,3,0,0,7,63,10,0,0,1,0,0,0,1,0,60,1,0,0,0,0,0,0,1,17,4,0,0,3,1,0,0,0,0,0,0,9,0,0,0,0,1,0,1,0,0,0,0,0,0,1,0,0,0,2,0,0,0,0,0,0,1,9,0,0,0,0,0,0,0,1,4,0,0,1,4,2,1,8,1,32,10,10,0,1,0,4,29,0,1,1,0,0,4,11,0,10,309,6,0,1,2,4,1,0,0,0,0,5,10,0,0,0,4,0,2,0,10,0,0,0,11,9,0,0,0,0,0,1,0,0,0,0,0,0,0,18,1,0,0,3,2,0,1,0,0,2,0
145,1570,COLÉGIO ESTADUAL PROFESSORA ISABEL LOPES SANTOS SOUZA,"RUA ROSA TORTATO, 400 - PINHEIRINHO",PINHEIRINHO,-25.5315413,-49.2883132,66,0,2848,2144,173,118,0,3,3,5,11,5,1,1,3,0,1,1,0,3,3,19,3,18,0,12,2,1,25,0,1,1,0,0,0,0,0,0,2,0,3,0,23,0,12,0,0,2,0,0,2,0,0,1,0,13,135,0,0,0,0,0,0,0,0,0,1,34,0,17,2,1,3,0,0,7,2,0,2,0,7,0,0,0,7,0,1,22,7,0,3,1,0,0,1,0,0,0,0,1,1,0,0,0,0,1,11,6,1,0,3,2,0,0,0,0,0,1,0,0,4,0,0,39,0,1,0,0,1,3,53,0,0,0,1,0,0,0,1,0,0,0,7,0,0,0,0,0,0,2,2,1,15,3,4,2,4,0,0,0,3,27,0,0,1,7,1,0,5,2,3,34,0,18,3,15,6,0,0,3,0,0,0,0,5,0,0,3,2,0,1,1,0,1,1,1,0,0,0,3,0,0,2,0,0,0,0,0,0,0,0,4,2,2,0,2,0,0,0,0,6,2,3,0,2,0,0,0,1,0,0,0,11,0,0,0,0,2,22,0,0,0,0,1,0,4,3,0,0,10,0,5,4,1,0,0,0,0,0,0,0,0,0,0,6,0,6,2,5,0,6,1,2,0,0,0,10,0,1,2,0,0,18,2,0,7,0,0,1,0,1,1,0,0,21,1,0,4,7,1,0,15,3,0,11,0,0,0,0,0,0,1,1,3,0,0,0,1,0,0,0,0,0,1,0,1,0,0,0,0,1,0,1,0,0,0,20,0,0,0,0,0,1,5,0,0,0,0,0,0,6,0,0,2,0,1,0,0,0,0,1,0,4,0,1,0,4,0,0,0,0,0,0,2,0,0,1,0,0,0,0,0,0,0,0,0,0,0,3,0,0,0,1,0,0,1,0,0,0,1,1,0,0,1,1,7,0,0,1,0,0,1,0,0,5,5,5,0,0,0,0,2,0,0,0,0,1,2,0,1,0,0,0,0,10,2,1,6,0,0,0,0,0,0,0,0,0,3,0,0,1,0,0,1,1,0,0,0,2,17,0,0,0,0,0,0,0,0,3,1,0,1,3,3,0,1,1,0,0,1,0,0,1,0,0,10,0,0,1,2,2,0,1,1,0,0,1,2,0,0,1,15,1,0,1,0,1,0,1,2,4,0,1,4,0,0,78,1,2,0,0,1,0,0,1,0,0,0,0,1,1,0,4,0,5,0,0,0,0,0,1,0,1,0,1,5,0,0,1,1,0,0,0,0,1,0,0,0,11,0,0,2,6,3,4,36,2,0,0,0,1,0,8,1,2,4,1,0,0,0,0,0,0,0,0,1,0,0,0,0,0,5,0,0,0,0,0,2,4,8,0,1,0,3,1,0,0,0,3,5,0,0,0,0,0,0,0,12,8,0,0,0,4,47,14,0,1,1,0,0,0,0,0,54,0,1,0,0,0,0,0,0,12,1,0,0,0,0,0,0,0,0,0,0,2,0,0,0,0,1,0,2,0,0,0,0,0,0,1,0,1,0,0,0,0,0,0,0,0,1,2,0,0,0,0,0,1,0,9,6,0,0,1,2,0,1,15,0,29,7,6,0,11,0,4,8,0,1,0,0,0,1,9,0,6,93,6,0,1,5,0,1,3,0,0,0,2,3,0,0,0,2,0,0,0,22,0,0,0,12,2,0,1,0,0,0,0,0,0,0,0,0,0,0,11,0,0,0,2,1,0,1,0,0,5,0
145,1589,ESCOLA MUNICIPAL DE EDUCAÇÃO ESPECIAL TOMAZ EDISON ANDRADE VIEIRA,"RUA LEON NÍCOLAS, S/N, CAPÃO RASO",PINHEIRINHO,-25.5187688,-49.2995953,66,0,5167,3616,275,186,0,4,6,4,25,3,0,3,14,4,1,0,2,6,2,39,1,7,1,6,5,10,32,1,3,6,1,0,1,9,0,0,4,0,3,0,4,1,38,1,2,21,2,0,0,1,1,0,1,9,4,1,0,1,0,0,2,4,2,3,1,49,0,15,6,14,3,0,0,7,1,2,1,1,26,3,0,0,4,0,4,43,4,3,5,4,0,0,1,3,0,7,1,13,2,1,2,5,2,12,11,8,2,2,2,13,0,0,0,2,1,0,0,0,4,0,0,7,0,0,0,1,0,4,52,0,0,0,0,0,0,0,4,0,4,0,15,0,3,1,1,1,0,3,0,9,1,20,11,3,8,1,0,1,9,22,2,0,2,1,1,2,4,3,4,283,0,114,3,25,23,0,1,1,3,1,2,0,2,0,0,2,1,1,1,3,3,1,2,2,1,0,1,6,1,0,15,0,0,0,2,0,0,0,0,2,5,1,0,0,0,0,4,0,0,2,6,0,0,0,1,0,1,0,2,2,27,0,0,0,0,7,5,1,1,0,7,0,0,7,13,0,2,5,0,2,1,0,0,1,0,0,0,1,7,0,0,0,3,0,4,4,8,0,10,1,12,0,3,0,25,0,0,3,0,0,20,1,6,1,0,0,0,0,15,2,0,0,5,3,0,26,23,0,1,14,3,2,23,2,0,2,0,0,1,0,2,1,0,0,3,1,1,0,4,1,0,1,2,4,3,0,0,2,1,1,0,1,0,0,53,0,0,0,6,0,0,0,0,0,0,0,0,0,4,0,0,1,0,0,0,0,1,0,0,1,4,0,3,0,0,0,0,0,1,0,0,18,1,0,0,0,0,0,0,2,1,0,2,0,1,0,0,0,0,1,0,0,0,1,0,1,0,0,2,0,1,1,0,1,0,0,0,0,0,1,0,0,0,3,6,0,2,1,2,0,0,2,0,1,0,6,0,0,1,3,0,2,0,2,2,11,0,1,2,0,2,4,0,3,0,3,0,1,6,0,1,3,0,0,0,0,10,43,2,0,0,0,0,1,0,0,0,2,1,1,0,3,0,0,4,0,0,0,0,3,0,0,2,6,0,1,3,0,0,0,0,0,1,0,0,10,0,1,1,37,7,0,3,1,4,0,0,0,10,0,6,2,0,0,5,1,2,0,0,0,0,8,0,0,0,3,0,0,3,0,1,1,6,0,3,0,5,1,3,4,14,0,1,5,0,0,0,0,0,0,2,0,1,0,2,1,97,2,0,7,4,2,1,11,11,2,0,1,14,2,9,2,1,0,1,1,1,0,0,0,0,1,0,0,0,2,3,2,0,3,0,0,0,0,0,1,3,18,0,1,0,9,0,1,0,0,9,10,1,0,0,3,0,0,0,31,21,2,0,3,54,63,6,0,0,0,0,5,1,0,5,87,0,1,0,0,0,5,0,0,34,2,0,2,0,0,0,0,0,0,0,1,8,0,0,1,1,0,0,1,0,1,0,0,0,0,1,0,0,0,1,0,8,1,0,0,1,0,29,2,0,0,1,1,1,0,14,9,0,0,1,4,2,0,11,1,175,11,11,0,1,0,4,12,0,3,0,0,0,1,14,3,1,112,3,0,1,9,1,2,0,0,0,7,9,2,1,1,0,1,0,2,0,12,0,2,0,11,0,0,0,0,0,2,1,0,0,0,0,1,0,0,1,0,0,0,6,0,0,0,0,0,3,0
145,1597,ESCOLA MUNICIPAL SAO MATEUS DO SUL,"RUA ORESTES CODEGA, 165",PINHEIRINHO,-25.5251334,-49.2978496,66,0,2246,1693,132,95,0,2,4,2,12,1,1,0,5,1,2,0,0,2,3,8,1,5,0,11,0,1,21,0,2,5,0,0,0,1,0,0,0,3,1,0,2,1,5,0,0,24,2,0,1,0,1,1,2,2,1,0,0,0,0,0,1,1,0,0,0,21,0,6,8,0,0,0,0,3,0,3,3,1,4,0,0,1,0,1,1,41,3,0,0,5,0,0,0,0,0,3,0,5,0,0,0,1,0,3,7,3,1,0,3,4,0,0,0,0,0,2,0,0,0,0,1,1,0,0,0,0,0,1,18,0,0,0,0,0,0,0,0,0,2,0,4,0,1,0,2,0,0,0,0,6,0,4,2,2,2,0,0,1,2,13,0,0,1,0,0,0,2,14,1,114,0,52,1,3,12,0,0,2,0,0,0,0,0,0,1,0,1,0,0,1,0,0,2,0,0,0,0,4,0,0,11,0,0,0,0,0,0,0,0,3,3,1,1,1,0,1,1,0,1,0,1,0,0,1,0,0,0,0,1,1,11,0,0,0,1,8,8,0,0,0,6,0,0,5,4,0,1,8,0,0,0,1,0,0,0,0,0,1,1,0,0,1,0,0,4,5,2,1,8,0,13,0,0,0,15,3,2,0,0,0,8,1,2,3,1,0,2,0,5,1,1,0,5,1,2,2,5,0,1,14,3,0,13,0,1,0,0,0,2,0,0,0,0,0,3,0,0,0,1,0,0,0,0,0,0,0,0,0,0,0,0,0,0,0,13,0,1,0,0,0,0,2,0,0,0,0,0,0,1,0,0,2,0,0,2,0,0,0,3,0,0,0,1,0,0,0,0,0,2,0,1,6,2,0,0,0,0,0,0,1,0,0,4,0,2,0,0,0,0,0,1,0,0,0,0,0,1,0,1,0,0,0,0,0,0,0,0,3,0,1,0,0,1,1,0,0,0,0,0,0,0,0,0,0,0,5,0,0,1,2,0,0,0,0,1,8,0,3,0,0,0,1,0,1,0,0,0,0,1,0,2,2,1,0,0,0,5,21,2,0,0,1,2,1,0,0,3,0,0,0,0,0,0,0,0,0,0,0,0,0,1,0,0,4,0,0,1,0,0,0,0,2,0,0,0,2,1,0,0,10,2,0,0,1,0,0,0,0,4,0,1,1,0,0,7,2,0,0,0,0,0,1,0,0,0,0,0,0,1,0,0,0,4,0,3,0,0,0,1,0,2,0,0,2,0,0,0,0,0,0,0,0,0,0,1,0,32,0,0,3,1,0,0,4,0,0,0,0,15,0,3,0,0,0,0,1,0,0,0,0,0,0,0,0,0,0,0,1,0,7,0,0,0,0,0,1,0,1,0,3,0,4,0,0,1,0,5,2,0,0,0,1,0,0,0,14,14,0,1,1,89,33,3,0,0,0,0,0,0,0,2,26,0,0,0,2,2,0,0,0,21,1,0,2,0,0,0,0,0,0,0,0,5,0,0,2,0,0,0,1,0,1,0,0,0,0,0,0,0,0,1,0,1,0,0,0,0,0,4,0,0,0,0,0,0,1,12,1,0,0,3,2,0,1,3,0,88,5,8,2,2,0,6,8,0,0,0,0,0,0,9,0,8,36,2,0,1,2,0,0,0,0,0,2,2,2,0,1,0,0,0,1,0,4,0,0,0,5,1,0,0,0,0,0,0,0,0,0,2,1,0,3,0,0,1,1,1,0,0,0,0,1,1,0
145,1600,1600 - ESCOLA MUNICIPAL COLOMBO - 145ªZE - CURITIBA,"RUA IZAAC FERREIRA DA CRUZ, 2591, SÍTIO CERCADO ",SITIO CERCADO,-25.5375491,-49.277844,65,0,2997,2189,190,119,0,6,5,5,8,0,0,3,7,0,2,1,1,0,2,12,0,11,2,6,1,3,28,0,3,3,0,0,0,1,0,0,0,0,1,0,11,1,25,1,0,7,3,0,0,0,0,2,0,20,7,0,0,0,0,3,0,0,3,0,2,51,0,19,2,4,0,0,0,7,1,1,6,0,6,0,0,0,2,0,0,10,8,4,1,5,0,0,1,0,0,11,0,4,2,0,1,1,0,3,5,5,0,2,10,3,0,0,0,0,0,0,0,0,2,0,0,8,0,1,0,0,0,4,192,0,0,0,0,0,0,0,0,0,2,0,12,0,3,0,1,0,0,1,0,6,22,10,6,4,1,0,0,1,9,29,2,0,0,2,1,0,22,5,1,8,0,10,20,4,6,0,2,1,1,0,0,0,2,0,0,1,2,0,0,5,0,0,0,1,2,0,0,9,0,0,6,1,1,0,0,1,0,0,0,3,0,0,0,2,0,0,3,0,3,17,4,0,2,0,5,0,0,0,4,0,18,0,0,0,0,4,27,1,1,0,0,0,0,0,11,0,0,10,0,1,1,1,0,0,1,0,0,1,0,0,0,0,8,0,2,1,14,0,10,0,2,0,0,1,14,1,0,0,0,0,14,0,6,2,0,0,3,0,3,1,0,0,14,0,1,5,17,1,0,13,2,0,12,0,0,0,0,0,1,2,0,2,0,0,0,0,1,0,0,0,0,2,0,0,0,0,0,1,0,1,0,1,0,3,21,0,0,0,2,0,2,8,0,0,0,0,0,0,4,0,0,0,0,0,0,0,1,0,2,0,4,0,1,0,0,0,0,0,5,0,0,5,6,0,0,1,0,0,4,0,0,0,1,2,0,0,2,0,0,0,0,0,0,0,0,0,0,1,0,0,0,0,0,9,1,0,1,1,0,0,0,0,0,4,0,0,0,0,1,4,6,1,1,0,0,6,0,0,1,0,0,0,23,0,0,2,0,0,0,0,2,0,0,0,0,0,0,0,0,1,0,0,0,0,0,0,2,12,0,1,1,1,0,0,0,0,8,1,1,1,1,0,0,0,3,0,0,0,0,0,3,0,0,12,0,0,2,2,0,0,0,2,0,0,0,4,0,1,0,8,7,0,2,0,7,1,1,1,6,1,1,0,5,0,7,1,1,0,0,0,0,1,1,1,0,0,0,0,0,1,0,0,4,0,5,0,2,0,1,0,1,0,0,1,0,0,0,0,0,1,0,0,0,0,0,0,6,2,0,0,20,0,0,6,6,0,1,0,2,0,10,1,1,1,0,0,0,1,7,0,0,0,0,0,0,0,0,0,0,1,1,2,0,0,0,3,8,4,0,3,0,0,0,0,1,1,8,10,2,0,0,0,0,0,0,16,6,0,0,0,0,42,31,0,3,0,0,2,0,0,0,44,0,0,0,0,0,0,0,0,30,4,0,0,0,0,0,0,0,0,0,1,7,0,0,0,0,0,0,5,0,1,0,0,0,1,3,0,0,0,0,0,4,0,0,0,0,0,5,1,0,0,0,0,1,0,5,4,0,0,1,2,1,1,3,1,25,5,4,0,3,0,6,11,1,1,0,0,0,1,6,0,5,73,2,0,0,7,2,2,0,0,0,1,3,2,1,2,0,0,0,2,0,5,0,0,0,17,2,0,0,0,0,0,2,0,1,0,2,0,1,1,0,0,0,0,2,3,0,2,0,0,0,0
145,1619,1619 - COLEGIO ESTADUAL HASDRUBAL BELLEGARD - 145ª ZE - CURITIBA,"RUA IZZAC FERREIRA DA CRUZ, 3009, SÍTIO CERCADO ",SITIO CERCADO,-25.5365001,-49.2738479,65,0,6120,4117,399,248,0,6,11,7,26,3,1,1,8,2,0,1,1,3,4,23,1,16,0,11,1,2,51,2,2,6,1,0,1,7,0,0,3,0,1,0,6,1,49,4,1,8,2,0,3,0,2,2,0,37,9,0,0,1,0,0,0,7,0,1,1,76,1,50,8,7,3,0,0,15,0,5,3,2,13,0,0,1,15,0,3,18,19,2,4,1,1,0,4,0,0,18,0,10,0,1,1,3,0,10,14,13,5,10,12,5,0,0,1,6,0,1,0,0,2,0,0,13,0,2,0,0,0,4,278,0,0,0,0,0,1,0,5,0,6,0,18,0,0,0,0,0,0,3,1,5,34,13,9,1,11,1,0,0,16,49,4,0,0,6,0,0,27,5,1,5,0,25,37,20,8,0,0,3,1,2,0,0,2,0,0,1,1,0,0,13,1,3,1,3,0,0,0,10,0,0,8,2,0,0,9,0,1,0,0,9,3,0,0,2,0,0,1,0,5,18,5,1,0,0,9,0,0,0,0,1,21,0,0,0,0,12,86,0,1,0,2,0,0,10,11,0,0,25,2,6,9,1,0,2,0,1,0,3,0,0,0,1,4,2,4,8,12,1,16,1,14,1,0,5,17,2,1,2,0,0,31,4,4,3,0,0,2,0,4,0,0,4,26,4,0,33,17,1,0,11,2,0,21,1,1,1,1,0,6,0,0,5,3,0,1,0,0,0,1,3,0,0,0,6,2,0,0,1,2,1,0,0,0,1,42,0,0,0,0,0,1,2,1,4,0,0,0,0,10,0,0,1,0,0,0,1,0,0,3,0,7,0,5,0,0,0,1,0,15,0,0,3,5,0,1,0,0,0,3,1,1,0,3,10,0,0,0,0,1,1,0,0,0,0,0,0,1,0,0,2,0,0,1,16,0,0,0,1,0,0,0,0,3,2,6,0,0,0,0,11,4,3,0,0,0,3,0,1,0,0,0,3,58,1,0,12,0,0,0,0,1,1,0,3,0,2,0,1,4,0,4,0,4,0,0,0,4,36,1,0,1,0,0,0,0,0,19,1,0,4,0,2,1,0,1,0,0,1,0,1,1,0,0,28,0,2,2,2,1,0,0,2,0,0,1,5,1,3,0,22,7,0,1,0,13,0,2,2,15,1,1,2,5,1,10,0,6,0,0,0,0,1,4,1,0,0,0,1,1,0,1,0,5,0,9,1,14,0,0,1,0,1,0,3,0,0,1,0,0,0,1,0,0,1,0,1,17,1,0,0,28,3,0,20,11,1,0,1,6,1,15,0,1,1,1,0,0,2,0,0,1,0,0,1,1,0,1,0,4,4,0,3,0,0,0,7,8,14,0,4,0,1,1,1,1,0,8,20,0,0,0,0,0,1,0,28,13,0,0,1,2,65,41,0,2,0,0,4,2,0,0,87,1,2,0,0,1,2,0,0,43,6,0,1,1,0,0,0,0,0,0,2,13,0,0,3,0,0,0,2,1,1,3,0,0,2,6,0,0,0,2,0,7,2,0,0,1,2,17,4,0,0,1,0,2,0,11,7,0,2,5,3,1,2,11,1,48,13,6,5,9,2,13,19,1,2,2,0,0,2,12,0,4,181,7,0,1,11,6,2,0,3,1,1,4,4,0,1,0,8,1,1,0,6,0,0,0,32,1,0,0,0,0,0,3,0,0,0,2,4,0,1,2,0,0,0,3,3,1,1,0,1,0,1
145,1627,1627 - CEI PROFESSOR JOSE CAVALLIN - 145ª ZE - CURITIBA,"RUA CALIFÓRNIA, 954  SÍTIO CERCADO ",SITIO CERCADO,-25.5445088,-49.2760737,65,0,2624,1811,182,115,0,1,0,2,9,3,1,0,4,0,5,0,0,2,2,16,1,4,0,7,0,2,23,0,1,2,0,0,0,0,0,0,1,0,9,1,9,2,14,0,0,1,0,0,0,0,0,0,0,11,3,0,0,0,0,0,0,3,1,1,0,49,0,13,3,3,1,0,0,10,0,3,4,0,5,0,0,0,1,0,0,24,5,0,1,0,0,0,0,0,1,9,0,3,0,1,0,0,0,6,16,3,2,1,5,2,0,0,0,1,0,0,0,0,0,0,2,2,0,0,0,0,0,0,165,0,0,0,0,0,0,0,0,0,3,0,16,0,5,0,0,1,0,3,0,2,20,6,2,4,9,0,0,1,3,17,2,0,0,1,0,0,17,0,1,4,0,7,16,11,4,0,0,3,0,1,0,0,2,0,0,0,0,2,0,3,0,0,0,2,0,0,0,8,0,1,1,0,1,0,0,2,1,0,0,1,3,0,1,1,0,0,0,0,1,13,3,0,0,0,1,0,0,0,1,1,13,0,0,0,1,8,24,0,0,0,3,0,0,6,8,0,0,6,0,0,0,0,0,1,0,0,0,0,3,0,0,0,1,6,1,0,3,0,4,0,3,1,2,2,11,0,0,0,1,1,12,0,3,0,0,0,3,0,3,0,0,0,23,0,0,14,7,0,0,10,1,0,13,0,0,1,0,0,1,0,0,2,0,0,0,1,0,0,1,0,0,1,0,2,3,0,0,1,0,1,0,0,0,0,22,0,0,0,0,0,0,0,0,2,0,0,0,0,2,0,0,3,0,0,0,0,0,0,1,0,6,0,4,0,0,0,0,0,9,1,0,5,6,0,0,0,0,0,1,0,0,0,1,0,0,0,1,1,0,1,0,0,0,1,0,0,0,0,1,0,0,0,1,2,0,0,3,0,0,0,0,0,6,0,7,0,0,0,0,0,4,0,0,0,0,7,0,1,0,0,0,1,6,0,1,3,0,2,1,0,0,0,0,0,0,0,0,1,1,0,3,6,0,0,0,0,3,18,0,0,0,0,0,0,2,0,4,0,0,1,0,5,1,0,0,0,0,0,0,1,0,0,0,12,0,0,0,0,0,0,0,0,0,0,0,2,0,0,1,10,1,0,2,0,2,0,0,0,4,0,0,0,1,0,6,0,2,0,0,0,0,1,4,0,0,0,0,0,1,5,0,0,5,0,2,2,2,0,0,1,0,0,0,4,0,0,0,0,0,1,1,0,0,0,0,0,9,1,0,2,4,1,4,4,4,2,0,0,3,0,3,0,0,0,1,0,0,0,4,0,0,1,0,0,0,0,0,0,1,1,0,0,0,0,0,0,13,4,0,3,0,1,0,0,1,5,3,12,2,1,0,0,0,0,0,20,7,0,1,0,0,25,10,0,1,0,0,0,0,0,0,36,0,0,0,0,1,0,0,0,15,3,0,0,0,0,0,0,0,0,0,0,1,0,0,0,0,0,2,0,0,0,4,0,0,0,1,0,0,0,1,0,9,0,0,0,0,1,8,1,0,0,2,0,2,0,3,1,0,0,2,0,1,1,2,0,16,9,0,0,2,0,2,4,0,0,0,0,1,1,5,0,4,54,2,0,0,3,0,1,0,0,0,1,4,0,0,1,0,0,0,3,0,3,1,0,0,6,0,0,1,0,0,0,0,2,0,0,0,0,0,1,1,0,1,0,1,0,0,0,0,0,0,0
145,1635,ESCOLA MUNICIPAL PROFESSOR PEDRO VIRIATO PARIGOT DE SOUZA,"R PROF. DELMINDA SANTOS FERNANDES, 80",SITIO CERCADO,-25.5291857,-49.2694545,65,0,4286,3122,240,209,0,4,4,9,16,5,0,4,6,0,1,0,1,2,3,23,2,10,0,8,1,4,31,2,1,4,0,0,0,4,0,0,1,0,1,0,3,0,38,2,3,5,1,0,2,0,1,0,0,29,3,0,0,4,0,0,0,1,1,0,8,78,0,16,9,6,2,0,0,2,1,0,5,2,20,3,1,1,3,0,0,9,7,3,1,0,0,0,6,0,0,26,1,7,1,0,0,1,1,15,6,9,0,3,11,5,0,0,0,2,0,0,0,1,0,0,0,6,0,0,0,0,0,2,75,0,0,0,0,0,0,0,0,0,8,0,17,0,8,0,1,0,0,1,0,4,15,15,11,6,8,0,0,1,15,37,5,0,0,5,4,0,52,6,2,11,0,6,24,23,9,0,0,1,1,4,0,0,1,0,0,0,8,0,5,17,0,2,1,1,1,0,0,33,0,1,3,0,0,0,5,3,1,0,0,11,1,0,0,2,0,0,1,0,3,13,2,0,0,0,5,1,0,0,4,0,27,0,0,0,1,22,69,0,1,1,4,0,0,5,0,1,0,11,0,1,1,1,0,0,0,0,0,2,2,0,0,0,3,2,2,6,5,0,7,1,5,0,0,0,22,0,1,2,0,0,13,0,2,6,0,0,2,1,3,0,0,1,7,3,0,18,12,6,0,11,6,0,20,1,0,0,1,0,2,0,0,4,0,0,1,0,1,1,0,0,0,2,0,0,4,0,0,3,0,1,0,0,0,3,37,0,0,0,0,0,3,0,1,0,0,0,0,0,4,0,0,3,0,0,0,0,2,0,1,0,2,3,8,0,2,1,0,0,1,0,0,12,4,1,0,0,0,0,2,0,3,0,1,1,1,2,0,0,0,0,0,0,0,0,0,1,0,0,6,0,0,0,1,35,0,0,0,3,0,2,0,0,1,2,1,0,0,0,1,3,0,1,4,0,0,5,0,1,0,0,0,2,49,8,1,21,0,4,0,0,2,2,0,1,0,1,0,3,0,0,0,0,0,0,0,0,5,38,0,0,1,0,0,0,1,0,11,5,1,9,0,0,1,0,3,0,0,0,0,2,0,0,0,19,0,0,2,1,0,0,0,0,0,0,0,9,0,22,0,19,7,0,0,0,31,2,1,0,12,0,1,1,1,0,9,0,2,1,0,0,0,1,2,1,0,1,0,1,1,0,2,0,5,0,12,2,2,0,0,1,6,0,0,7,0,0,0,0,0,0,1,0,1,1,1,1,13,2,15,1,3,0,0,13,5,0,1,0,2,2,16,1,3,2,0,0,0,0,0,0,1,0,0,0,0,0,0,0,2,2,0,10,0,1,0,1,3,13,0,1,0,4,0,0,2,0,3,11,2,0,0,2,0,0,1,42,15,0,0,1,0,71,26,0,2,0,0,0,1,2,0,64,2,0,0,0,2,0,0,0,27,19,0,0,0,0,0,0,0,0,0,1,8,2,0,0,0,0,0,0,0,1,0,0,0,0,3,1,0,0,0,0,3,0,0,0,0,0,5,0,0,0,0,0,1,0,8,6,0,0,3,1,1,2,5,3,32,15,13,1,4,0,5,22,0,1,0,0,0,0,12,1,4,144,3,0,1,5,1,0,0,1,0,0,12,7,0,0,0,4,0,0,0,6,0,0,0,13,3,0,0,0,0,0,1,0,0,0,0,0,0,0,1,1,0,0,3,5,1,0,0,0,0,3
145,1643,ESCOLA MUNICIPAL PROFESSORA AUGUSTA GLUCK RIBAS,"RUA IZAAC FERREIRA DA CRUZ, 3560",SITIO CERCADO,-25.5348789,-49.2685903,65,0,3202,2309,193,116,0,2,0,5,11,5,3,6,9,2,1,1,1,2,1,15,0,17,0,6,1,2,36,0,4,3,0,0,0,0,0,0,1,0,2,0,2,0,43,0,0,2,0,0,1,0,0,0,0,18,4,0,0,1,0,0,0,1,0,0,1,63,0,6,3,3,1,0,0,4,1,3,1,5,6,0,0,0,4,0,0,12,13,3,2,2,0,0,7,0,0,10,0,2,0,0,1,1,0,2,4,2,0,2,11,3,0,0,0,1,0,0,0,0,1,0,0,5,0,0,1,0,0,1,159,1,0,0,0,0,1,0,1,1,5,0,8,0,4,2,2,0,0,1,0,2,12,3,9,4,9,0,0,3,11,46,0,3,0,3,0,0,21,6,0,3,1,12,13,12,7,0,0,2,0,3,0,0,1,0,0,1,0,0,0,1,0,1,0,1,0,0,0,4,0,0,0,0,0,0,0,0,0,0,0,3,2,0,1,2,0,1,0,0,0,17,0,1,5,0,2,0,1,0,1,1,21,0,0,1,1,8,37,0,0,0,5,0,0,3,6,0,1,3,0,1,5,0,0,0,0,0,0,0,0,0,0,0,9,1,7,2,7,0,10,0,4,0,0,2,20,0,1,0,0,0,6,0,2,2,1,0,0,2,2,0,1,1,19,1,0,9,14,2,0,3,1,0,11,0,0,1,0,1,0,1,0,2,0,0,0,0,0,1,3,0,1,2,2,3,0,0,0,0,2,3,0,0,1,1,16,0,0,0,2,0,1,4,0,0,0,0,0,0,4,0,0,1,0,0,1,0,0,0,0,0,1,0,2,0,2,1,0,0,1,0,0,12,0,0,1,0,0,0,1,1,0,0,3,4,1,0,1,0,0,0,0,1,0,0,0,0,0,0,0,1,0,0,0,21,0,0,0,0,0,1,0,0,1,1,8,0,0,0,0,11,2,1,1,0,0,4,0,1,1,0,0,0,25,0,0,14,0,0,0,0,3,1,0,1,0,0,0,0,1,0,1,1,2,1,0,0,8,32,0,0,0,0,0,0,0,0,9,1,1,0,0,0,0,0,1,0,0,0,0,0,0,0,0,7,0,4,0,1,0,0,0,0,0,0,0,3,1,1,0,12,4,0,0,0,9,1,0,0,1,2,2,1,4,0,7,3,3,0,0,0,0,0,6,0,0,0,0,0,1,0,0,1,3,0,4,0,8,0,0,0,0,0,1,2,0,0,2,0,1,0,1,0,0,1,0,0,13,1,2,4,12,4,1,11,1,0,0,0,5,4,9,1,3,0,0,0,0,0,0,0,2,1,1,1,0,0,0,0,6,4,0,2,0,2,1,0,3,8,0,2,0,3,0,0,0,0,2,10,2,1,0,2,0,0,0,16,12,0,0,1,0,49,45,0,2,0,0,0,3,0,0,41,0,0,0,0,0,0,0,0,23,1,1,0,0,0,0,0,0,0,0,0,4,0,0,1,0,0,0,0,0,2,1,0,0,0,2,0,0,0,1,0,4,0,0,0,0,1,19,2,0,0,0,0,1,0,6,16,0,0,3,1,1,0,7,1,58,3,14,1,7,0,5,8,0,1,0,0,0,1,6,0,7,76,2,0,0,4,0,0,0,1,2,1,6,2,0,0,0,1,0,1,0,4,0,0,0,7,2,0,0,0,1,0,0,1,0,0,1,0,0,0,1,0,0,0,1,2,0,0,0,0,0,1
145,1651,1651 - ESCOLA MUNICIPAL RIO NEGRO - 145ªZE - CURITIBA,"RUA CELESTE TORTATO GABARDO, 1090  SÍTIO CERCADO",SITIO CERCADO,-25.5446357,-49.2835902,65,0,4305,3002,308,199,0,1,11,5,22,10,3,2,12,1,2,0,0,2,2,26,3,19,0,9,3,2,51,0,1,6,0,0,0,2,1,1,0,0,3,3,13,1,29,1,0,0,2,0,0,0,0,0,1,14,7,0,0,0,1,0,0,3,0,0,1,65,0,30,4,5,1,0,0,4,2,4,2,2,14,1,0,0,6,0,2,70,12,2,0,4,0,0,2,0,0,8,0,8,0,1,5,0,0,4,49,7,2,1,6,9,0,0,0,0,0,1,0,0,2,1,1,3,0,0,2,1,0,4,203,0,0,0,1,0,2,0,0,0,3,0,32,0,4,1,0,1,0,5,0,8,23,4,3,5,5,2,1,0,8,46,1,0,1,0,1,0,20,3,1,9,0,15,13,22,8,0,1,1,1,0,1,0,2,0,0,3,1,1,0,8,0,0,10,0,1,0,0,4,0,1,23,0,1,0,3,3,0,0,0,6,1,0,2,0,0,0,1,0,1,12,7,0,1,0,0,0,0,0,2,1,16,1,0,0,0,9,21,1,0,0,0,0,0,8,7,0,0,5,0,0,2,0,1,0,0,0,0,1,12,0,0,0,3,1,5,4,9,0,20,0,11,0,0,0,16,0,2,0,0,0,24,0,4,6,1,0,1,0,4,0,0,0,31,2,0,24,20,3,0,19,4,0,18,0,2,1,1,0,3,0,1,6,0,0,3,0,0,0,0,2,0,4,0,5,0,0,0,0,1,0,1,0,0,0,20,0,0,0,2,0,0,1,0,0,0,0,0,0,3,1,0,1,0,0,0,0,0,0,0,1,21,0,2,0,0,0,0,0,7,4,0,4,10,0,0,1,0,0,0,0,0,0,1,3,0,0,1,0,0,0,0,0,0,0,0,0,2,0,1,0,0,0,1,4,0,0,0,0,0,0,0,0,1,2,7,0,0,0,1,0,2,2,0,0,0,2,0,1,0,0,0,0,2,0,0,10,0,2,0,0,0,2,1,0,0,1,0,0,1,0,0,3,0,0,2,0,2,24,0,0,0,0,0,0,0,0,4,3,0,1,2,7,1,0,4,0,0,0,0,3,2,0,0,13,0,1,0,3,0,0,0,1,1,0,0,7,0,0,0,16,4,0,0,0,0,0,1,0,5,0,1,5,1,0,17,4,0,0,0,1,0,2,3,0,0,0,0,0,1,3,0,0,6,0,2,1,3,0,1,0,2,0,1,2,0,0,0,0,0,0,1,0,2,0,1,0,21,0,0,0,3,3,3,7,9,0,0,0,3,0,7,0,0,0,0,2,0,0,1,0,1,0,0,1,0,1,0,0,1,0,0,0,0,0,0,6,11,23,0,0,0,0,0,1,0,1,5,16,0,0,0,0,0,0,0,29,22,0,0,0,1,53,15,0,1,0,0,0,0,0,0,73,0,0,0,0,1,0,0,0,22,0,0,0,0,0,0,0,1,0,0,0,7,0,0,3,0,0,1,3,0,0,0,0,0,0,2,0,0,0,0,0,3,0,0,0,0,0,7,0,0,0,3,0,1,0,12,0,0,1,5,1,1,1,10,0,27,13,8,0,6,1,5,16,0,0,0,0,0,3,18,1,2,98,3,0,0,13,0,1,0,0,1,3,1,0,0,0,0,0,1,0,0,4,0,0,0,29,1,0,1,0,0,0,2,0,0,1,0,5,0,0,3,0,0,0,3,2,0,1,0,0,0,0
145,1686,COLEGIO ESTADUAL PADRE CLAUDIO MORELLI,"RUA LUIZ NICHELLE, 08",UMBARA,-25.5688566,-49.2856729,73,0,5671,4288,370,229,0,5,6,8,21,6,0,4,10,3,0,0,0,5,4,18,0,17,1,5,0,5,43,0,4,32,0,0,0,0,0,0,0,0,3,0,30,2,23,0,0,2,1,0,1,2,0,0,4,21,4,0,0,2,0,1,0,5,0,0,2,65,0,20,8,9,0,0,0,16,0,0,7,0,29,1,0,1,10,0,4,765,7,1,2,2,1,0,1,0,0,10,0,2,0,0,1,0,0,8,20,10,8,0,3,14,2,0,0,3,1,0,0,0,0,1,0,2,0,3,2,0,0,4,141,0,0,0,0,0,0,0,1,1,12,0,6,0,2,1,0,0,1,0,0,5,8,9,9,4,4,2,3,0,12,46,3,0,2,0,1,0,15,9,3,4,0,82,14,8,13,0,0,7,1,0,1,0,2,1,0,0,3,0,1,8,0,2,193,8,2,6,0,8,0,0,19,2,0,0,2,4,1,0,0,5,3,0,0,2,0,0,0,0,6,3,4,0,1,1,0,1,0,0,1,1,22,0,0,0,0,40,17,0,0,0,0,0,0,14,12,0,1,9,0,4,0,0,0,0,0,0,0,3,5,0,0,0,3,0,3,4,14,0,16,1,0,0,3,0,11,2,3,0,0,0,26,1,3,4,1,0,2,0,7,0,0,0,14,0,4,14,26,0,0,11,3,0,12,4,0,1,1,0,3,0,0,4,0,0,0,2,0,0,0,1,0,14,0,1,1,0,0,1,0,0,2,0,0,0,30,0,0,0,0,0,0,5,2,0,2,0,0,0,0,0,0,1,0,0,0,0,0,0,4,0,106,0,3,0,0,0,0,0,0,0,0,1,6,0,1,0,0,0,0,0,0,0,2,0,1,0,0,0,0,2,0,0,0,0,0,0,5,0,6,0,0,0,0,3,0,0,2,2,0,0,0,0,3,2,14,0,0,0,0,1,0,0,1,0,0,2,0,0,1,0,0,0,2,2,0,11,0,2,12,0,2,1,0,0,0,0,0,0,4,0,0,1,0,1,0,0,27,25,0,0,0,0,0,0,1,0,36,0,0,1,0,0,1,0,1,0,0,0,0,6,2,0,0,5,0,1,0,1,0,0,0,3,0,0,0,17,0,0,0,38,8,0,0,0,1,0,1,1,5,0,0,9,0,0,6,0,0,0,0,0,0,2,5,2,0,0,0,5,0,1,0,1,23,0,11,0,5,0,1,1,0,1,0,6,0,0,0,0,0,0,0,0,1,0,0,0,10,0,0,0,0,1,2,8,6,0,0,0,12,0,4,0,0,0,0,0,0,0,4,1,0,0,1,7,0,0,1,0,1,5,0,2,0,1,0,3,1,9,1,1,0,2,0,0,1,5,8,31,4,0,0,0,0,0,1,28,18,0,0,0,2,80,8,0,0,0,0,1,1,0,0,77,0,0,1,2,0,0,0,0,30,0,0,2,0,0,0,0,0,0,0,1,10,0,0,0,0,1,8,0,0,0,1,1,0,0,1,0,0,1,0,0,5,0,0,1,0,0,19,3,1,0,0,0,2,0,6,9,0,0,3,1,0,0,9,1,55,12,21,3,4,0,6,37,0,0,0,0,0,3,43,0,2,32,10,0,1,6,0,0,1,0,0,3,7,0,0,0,0,5,0,0,0,3,0,0,0,27,0,0,0,0,1,0,1,0,0,0,0,1,0,0,4,0,1,0,5,8,0,0,0,0,0,0
145,1694,COLEGIO ESTADUAL SAO SEBASTIAO,"RUA NICOLA PELANDA, 8125",UMBARA,-25.5924573,-49.276508,73,0,2382,1825,151,85,0,4,12,2,7,1,0,3,6,0,0,2,0,0,0,8,0,5,0,2,2,0,20,0,0,10,1,0,0,1,0,0,1,1,0,0,8,0,18,0,0,0,2,0,0,1,0,0,0,7,1,0,0,0,0,0,0,0,0,0,4,11,0,6,1,2,1,0,0,4,0,3,0,0,9,1,0,1,0,0,0,692,3,2,1,0,0,0,0,0,0,4,0,1,1,0,1,0,0,1,0,3,0,1,2,6,0,0,0,5,0,0,0,0,1,1,1,1,0,2,1,0,0,0,42,0,0,0,0,0,0,0,1,0,0,0,2,0,0,0,0,0,0,1,0,0,4,1,1,3,0,0,2,0,6,3,0,1,0,1,0,0,1,1,0,2,0,20,0,6,4,0,0,1,0,0,0,0,0,2,0,0,0,0,0,0,0,0,42,0,0,0,0,6,0,0,2,0,0,0,0,0,0,0,0,1,0,0,0,3,0,0,1,0,1,2,1,1,0,0,1,0,0,0,0,0,5,0,0,0,0,12,4,0,0,0,1,0,0,2,5,0,0,3,0,0,1,0,1,0,0,0,0,0,14,0,0,0,0,0,1,0,5,1,4,1,1,0,2,0,7,1,0,1,0,0,8,0,0,0,0,0,2,0,1,0,0,0,14,0,0,10,7,0,0,13,2,0,1,1,0,0,0,0,0,0,0,1,0,0,0,1,0,0,2,1,0,15,0,0,1,0,0,0,0,0,0,0,0,0,13,0,0,0,0,2,0,4,0,0,0,0,0,0,0,0,0,1,0,0,0,0,0,1,1,1,15,0,2,0,1,1,0,0,0,0,0,0,0,0,0,1,0,0,0,0,0,0,0,2,1,0,0,0,0,0,0,1,0,0,0,0,3,1,4,0,0,0,0,1,0,0,2,0,0,0,0,0,1,0,4,0,0,0,0,1,0,0,0,0,0,3,0,0,0,0,0,0,0,0,1,0,0,0,1,0,0,0,0,3,0,0,0,1,0,0,0,0,2,0,0,0,3,8,0,0,0,0,0,0,0,0,9,0,0,1,0,0,0,0,0,0,0,0,0,0,0,0,0,3,0,0,1,0,0,0,0,0,0,0,0,3,0,0,0,4,2,0,0,1,0,1,0,0,1,0,0,0,0,0,0,0,0,0,0,0,0,1,0,0,0,0,0,0,0,0,0,0,7,0,0,0,1,0,0,0,0,0,0,2,0,0,1,0,0,0,0,0,0,0,0,0,0,1,0,0,0,0,0,0,2,0,0,0,2,0,1,0,0,2,0,0,0,0,0,0,0,0,0,1,0,0,0,0,0,2,1,1,0,0,0,2,1,2,0,0,0,0,0,0,0,0,2,5,0,1,0,0,0,0,0,12,2,0,0,0,0,22,0,0,0,0,0,3,1,0,0,33,0,1,0,1,0,0,0,0,8,0,0,2,0,0,0,0,0,0,0,0,2,0,0,0,0,0,2,0,0,0,0,0,0,0,0,0,0,0,0,0,3,2,0,1,0,0,1,0,0,0,0,0,1,0,5,1,0,0,0,0,0,0,2,0,20,5,3,0,0,0,1,15,0,0,1,0,0,1,13,0,0,18,6,0,0,0,1,2,0,0,0,0,2,0,0,0,0,0,0,0,0,0,0,0,0,15,0,0,0,0,1,0,0,0,0,0,0,0,1,2,9,0,0,0,2,0,0,0,0,0,0,0
145,1783,1783 - CEI CARLOS DRUMMOND DE ANDRADE - 145ºZE - CURITIBA,RUA JANDAIA DO SUL 50,SITIO CERCADO,-25.554897,-49.2532565,65,0,3705,2687,241,168,0,2,3,6,8,2,1,0,4,1,0,0,6,2,3,6,1,13,1,13,3,0,34,1,1,2,0,0,0,0,0,0,0,0,2,0,2,0,44,1,0,0,2,0,0,0,0,0,0,31,14,0,0,0,2,0,0,1,0,0,0,29,0,30,4,0,0,0,0,3,1,2,1,0,4,1,0,0,2,0,0,32,5,4,1,1,2,0,1,0,0,4,0,2,0,1,1,0,0,13,7,2,0,2,48,6,0,0,0,0,0,0,0,0,0,0,0,0,0,1,0,0,1,0,100,0,0,0,0,0,0,0,0,0,3,0,12,0,5,0,0,0,0,1,0,1,5,8,9,12,2,0,1,1,8,22,2,0,0,1,0,1,42,4,0,7,2,9,36,4,3,0,0,0,0,3,0,0,0,0,0,0,4,0,0,3,0,0,2,0,1,0,0,7,0,0,4,0,0,0,3,3,0,0,0,4,1,0,0,0,1,4,0,0,1,12,0,0,0,0,44,0,1,0,2,0,8,0,0,0,0,7,18,0,0,0,0,0,0,3,0,0,0,3,0,2,5,1,0,0,0,0,0,1,8,0,0,0,12,1,2,1,4,3,10,0,6,0,1,0,14,3,0,1,1,0,8,0,2,2,1,0,0,0,3,3,0,0,185,2,0,4,6,1,0,11,2,0,11,0,1,1,0,1,1,0,2,2,0,1,0,1,0,0,0,0,0,4,0,0,1,0,1,0,0,2,0,0,0,0,11,0,0,0,7,0,0,2,0,0,0,1,0,0,1,0,1,12,0,0,0,0,0,0,3,0,4,0,0,0,2,0,0,0,2,0,1,2,1,0,0,0,0,0,3,0,0,0,1,1,1,0,1,0,0,0,0,0,0,0,0,0,0,0,2,0,0,2,0,5,0,0,0,1,0,0,0,0,1,4,149,0,0,0,0,0,2,36,1,0,0,3,0,0,1,1,0,0,8,0,0,4,0,2,0,0,0,1,1,2,0,0,0,0,4,0,0,0,0,0,0,0,0,9,0,0,2,0,0,0,1,0,15,0,0,0,0,1,0,2,2,0,0,0,0,6,0,0,0,5,0,0,2,0,1,0,0,0,0,1,0,2,0,1,0,8,0,0,1,0,2,0,0,2,11,1,0,4,5,0,3,0,2,0,0,0,0,0,26,0,0,0,0,0,0,0,0,0,0,0,0,0,4,0,0,0,1,0,0,1,0,0,0,0,0,0,1,0,0,1,0,1,27,1,1,0,4,2,0,4,5,0,0,0,0,1,14,0,0,0,1,1,0,1,0,0,0,0,0,2,0,0,0,0,1,0,1,7,0,0,0,1,3,4,0,2,0,1,0,0,0,0,5,36,1,0,0,0,0,0,1,15,9,0,0,0,2,31,78,1,1,0,0,2,0,0,2,50,0,0,0,0,0,0,0,0,22,8,0,0,0,0,1,0,0,0,0,0,2,1,0,1,0,0,8,1,0,0,1,0,0,0,0,0,0,0,0,1,1,1,0,0,0,0,9,0,0,0,1,0,3,0,7,4,0,0,2,2,0,0,7,1,6,10,3,0,7,0,16,2,1,1,0,0,0,2,10,0,0,132,2,0,1,14,1,2,0,0,2,1,3,1,0,0,0,1,0,1,0,0,0,0,0,38,4,0,0,0,0,0,1,1,0,1,0,0,0,1,0,0,0,0,1,0,0,1,0,0,0,0
145,1791,ESCOLA MUNICIPAL PROFESSORA REJANE MARIA SILVEIRA SACHETTE,"RUA NOVA AURORA, 1000",SITIO CERCADO,-25.5491428,-49.2707366,65,0,2893,2160,194,128,0,3,2,3,10,3,1,2,6,2,1,0,1,2,0,14,0,14,0,7,3,1,25,0,1,2,0,0,1,2,0,0,0,0,0,0,3,1,25,0,0,1,1,0,1,0,0,0,1,12,6,0,0,0,2,1,0,0,1,0,0,27,0,36,7,5,0,0,0,7,1,2,1,3,8,3,0,0,4,0,0,17,4,0,1,0,0,0,0,0,0,9,0,1,0,0,0,0,0,2,3,3,0,0,4,2,0,0,0,0,0,0,0,0,0,1,0,0,0,2,0,0,0,2,463,0,0,0,0,0,2,0,1,0,1,0,14,1,3,0,2,0,0,2,0,0,16,9,5,5,3,0,0,1,6,20,1,0,0,0,2,1,7,1,0,5,0,2,46,14,0,0,0,1,0,6,0,0,0,0,1,1,3,0,0,7,0,2,3,0,0,0,0,1,1,1,5,0,1,0,1,0,1,0,0,0,1,0,1,1,0,2,1,2,1,8,4,0,17,0,2,0,0,0,1,0,12,0,0,0,0,3,4,0,0,0,0,2,0,5,39,0,0,1,0,4,0,2,0,0,0,0,0,1,1,0,0,0,3,2,3,4,2,0,8,0,5,0,1,0,15,0,2,0,0,0,10,0,0,0,0,0,3,0,2,0,0,0,21,1,0,5,7,0,0,11,1,0,17,1,0,0,0,0,1,0,0,0,1,0,0,0,1,0,1,1,0,0,0,1,0,0,0,0,0,0,0,0,0,0,14,0,0,0,0,0,0,16,2,0,0,0,0,0,7,0,0,3,0,0,0,0,0,0,0,0,2,0,3,0,1,0,0,0,5,1,0,0,3,0,0,0,0,0,2,0,0,0,1,1,0,0,1,1,0,0,0,0,0,0,0,0,0,0,2,0,0,0,1,1,0,0,0,0,0,0,0,0,2,1,6,0,0,0,1,0,1,1,0,0,0,2,0,1,0,0,0,0,3,0,0,2,0,5,0,0,0,3,1,1,0,0,0,0,2,0,0,0,0,1,0,0,1,16,0,0,0,0,0,1,0,0,6,1,0,3,0,0,0,0,2,0,0,0,0,0,0,0,0,3,0,0,0,1,0,0,0,0,0,0,0,1,0,0,3,14,2,0,0,0,9,1,0,0,4,0,1,3,0,0,3,0,9,0,0,0,0,1,14,0,1,0,0,1,0,1,0,1,2,0,1,0,4,0,0,0,0,0,0,6,0,0,1,0,0,0,0,0,1,0,6,0,6,0,1,0,2,3,0,16,4,0,0,0,3,1,11,1,0,0,0,0,0,1,1,0,3,0,0,0,0,0,0,0,1,1,0,1,0,1,0,0,2,3,0,0,0,0,2,0,0,0,2,10,0,0,0,0,0,0,0,21,5,0,0,0,3,27,17,0,0,0,1,1,1,0,0,39,0,1,0,0,0,0,0,0,24,1,0,0,0,0,1,0,0,0,0,0,2,0,0,0,0,0,7,3,0,0,0,0,0,0,1,0,0,0,0,0,3,1,0,0,0,0,0,1,0,0,1,0,4,0,6,4,0,0,2,1,0,1,6,0,9,2,6,0,3,1,0,6,0,0,0,0,0,0,6,0,3,39,4,0,1,3,0,2,0,0,2,0,3,1,0,0,0,0,0,0,0,3,0,0,0,20,0,0,0,0,0,0,0,0,0,0,0,1,1,1,2,1,0,0,1,3,0,0,0,0,0,0
145,1805,1805 - ESCOLA MUNICIPAL SADY SOUSA - 145 ZE - CURITIBA,"RUA CORONEL VICTOR AGNER KENDRICK, 440  SÍTIO CERCADO ",SITIO CERCADO,-25.5338354,-49.2616557,65,0,4333,3296,272,198,0,3,8,6,21,6,1,9,3,2,2,0,4,3,3,21,0,11,0,8,2,1,41,1,0,4,0,0,0,2,0,0,1,0,3,0,0,0,27,0,2,3,0,0,0,0,0,0,2,19,5,0,0,1,1,1,2,6,0,0,2,76,0,32,4,3,3,0,0,11,0,0,2,4,17,0,1,0,9,0,0,17,9,1,0,1,0,0,14,0,0,12,1,5,3,1,3,2,0,19,3,8,1,3,15,10,0,0,0,0,3,3,0,0,3,0,0,3,0,0,0,0,0,8,200,1,0,0,0,0,0,0,3,0,1,2,17,0,7,0,0,0,0,1,0,5,28,5,2,5,6,1,0,4,10,23,7,1,0,1,5,0,73,7,0,4,0,6,29,23,6,0,0,0,1,0,2,0,2,2,0,0,3,0,1,2,1,0,1,0,0,0,0,9,0,0,1,1,2,0,4,0,1,0,0,1,1,1,0,1,0,0,1,0,1,62,1,0,1,0,5,0,0,0,4,4,155,1,0,0,1,10,49,0,0,0,4,0,0,3,8,0,0,6,0,3,0,0,0,0,0,0,0,3,2,0,0,0,6,0,7,2,5,0,9,0,2,0,1,1,30,2,2,2,0,0,14,0,4,3,0,2,1,0,2,0,0,1,22,0,0,12,12,1,0,10,6,1,22,2,1,1,1,0,1,0,0,0,0,0,1,2,0,1,2,0,0,2,1,0,2,0,0,3,1,1,0,1,0,0,53,0,0,0,0,0,1,4,0,0,0,0,0,0,3,0,0,3,0,0,0,0,0,0,0,0,1,0,3,0,3,0,1,0,1,0,0,4,1,0,0,0,0,0,0,0,0,0,1,3,0,3,0,0,0,1,0,0,1,0,0,1,0,0,0,0,0,1,0,52,0,0,3,1,0,0,1,0,0,0,3,0,0,1,0,5,9,1,4,2,0,0,0,0,1,0,0,0,12,0,0,17,0,7,0,0,1,1,0,1,0,1,0,0,3,0,2,0,4,0,0,0,3,17,0,0,0,0,0,0,0,0,8,1,2,2,0,1,0,0,4,0,0,0,0,0,1,1,0,7,0,0,3,0,0,0,0,2,0,0,0,15,0,1,0,22,25,0,1,1,58,0,0,1,11,0,0,1,8,0,11,0,10,0,1,0,0,1,9,0,0,0,0,0,5,0,1,0,1,0,2,0,14,0,1,0,0,1,0,0,0,0,0,0,0,0,2,0,2,1,0,0,6,1,3,8,0,3,0,10,4,0,0,0,3,0,14,1,0,1,3,0,0,2,0,0,0,0,1,0,0,0,0,0,0,4,0,6,1,0,0,3,4,5,0,1,0,3,0,0,2,0,6,14,3,2,0,1,0,0,1,12,19,0,0,0,2,77,62,1,1,0,0,0,2,0,1,52,0,4,0,0,1,0,0,0,20,12,1,1,0,0,0,0,0,0,0,0,10,0,0,0,0,2,0,0,0,1,0,0,0,0,0,1,0,0,0,0,2,1,0,0,1,0,11,1,0,0,2,0,2,0,15,15,0,0,5,3,1,6,6,2,42,8,11,0,5,1,12,5,0,2,0,0,0,0,5,0,7,108,3,0,0,17,1,1,1,0,1,1,2,1,2,1,0,0,1,4,0,2,0,0,0,15,0,0,0,0,1,0,0,5,0,0,1,1,0,0,0,1,0,0,3,3,2,1,0,2,1,0
145,1813,1813 - COLEGIO ESTADUAL BENEDICTO JOAO CORDEIRO - 145 ª ZE - CURITIBA,"RUA EURICO ZYTKIEVITZ, 143  SÍTIO CERCADO ",SITIO CERCADO,-25.5416367,-49.2732583,65,0,7030,4915,464,286,0,5,15,9,30,10,1,3,17,2,3,3,0,7,2,27,1,11,0,11,3,2,53,1,1,8,0,0,1,2,0,0,1,0,6,0,13,1,63,2,1,3,2,0,0,0,0,1,0,46,5,1,1,1,0,1,0,6,0,2,0,99,0,41,5,17,4,0,0,18,0,5,5,2,24,1,2,0,7,0,0,27,16,2,2,0,0,0,0,0,0,12,0,6,3,1,2,0,1,15,25,14,3,3,8,10,0,0,0,1,0,0,0,0,3,0,0,1,0,0,3,0,0,9,583,0,0,0,0,0,1,0,1,0,3,0,19,0,7,2,1,0,0,7,0,3,34,26,13,12,15,0,1,3,19,40,10,1,0,9,2,1,30,12,2,6,0,10,87,12,5,0,0,2,4,0,0,0,0,0,0,4,1,3,0,10,0,1,2,0,0,0,0,6,0,0,17,2,2,0,1,4,1,0,0,4,1,0,3,6,0,0,8,0,6,17,4,0,3,0,7,0,1,0,3,2,33,1,0,0,1,24,36,0,0,2,0,0,0,7,10,0,2,11,1,6,7,0,0,0,1,1,0,3,2,0,0,1,11,2,8,2,19,0,17,0,12,0,1,3,17,3,3,1,0,1,24,0,6,7,1,0,7,2,7,0,1,0,82,4,0,41,17,1,0,18,5,0,34,1,2,1,1,0,7,0,0,3,0,0,0,4,0,2,0,1,0,5,0,1,1,0,0,4,1,2,0,0,0,2,48,0,0,0,1,0,0,10,0,1,0,0,0,1,3,0,0,2,1,0,0,0,1,0,4,0,5,1,4,0,5,0,0,0,13,0,0,7,10,0,1,0,0,0,0,0,0,0,0,4,3,0,4,0,0,0,0,0,0,1,0,0,0,2,3,2,0,0,0,21,0,0,2,1,0,0,0,0,4,3,12,0,0,0,2,3,12,0,3,0,0,9,0,5,1,0,0,1,7,0,1,15,0,4,0,0,1,2,0,0,0,0,0,1,0,0,1,5,4,1,0,0,9,35,0,0,1,1,0,1,0,2,19,0,0,1,2,4,0,0,3,0,0,0,0,9,1,0,1,15,0,1,3,4,0,0,0,2,1,0,0,5,0,0,3,31,10,0,1,2,15,3,4,1,5,3,1,5,4,1,18,2,3,0,0,1,0,2,9,0,0,0,0,2,1,5,0,0,6,0,7,1,12,0,0,0,0,0,0,8,0,0,0,0,0,0,3,1,0,3,2,0,24,3,0,3,5,0,2,15,8,0,0,0,13,4,11,1,0,0,1,0,0,0,10,0,1,0,2,3,0,3,3,0,1,4,0,4,1,1,0,5,10,15,0,2,0,1,1,1,1,0,9,38,2,6,0,1,0,0,0,34,18,1,0,0,4,82,37,0,1,0,0,0,1,1,0,132,3,0,0,0,0,0,0,1,46,4,1,3,0,0,1,1,1,0,0,1,13,0,0,1,0,0,4,7,0,3,3,0,0,0,17,0,0,0,1,0,4,1,3,1,1,0,31,1,0,0,1,0,1,0,11,5,0,1,6,1,0,3,15,0,51,13,27,0,5,5,16,19,0,2,0,0,0,3,20,2,9,170,7,0,0,16,2,0,0,0,1,4,15,6,1,1,0,0,2,1,0,5,0,0,0,33,2,0,0,0,0,1,1,0,0,0,0,5,0,2,2,0,1,1,5,2,1,0,0,2,1,0
145,1821,COLEGIO ESTADUAL LUIZ CARLOS PAULA E SOUZA,"RUA ALBERTO SABIM, 300",UMBARA,-25.5576492,-49.2804141,73,0,4135,2914,341,152,0,1,7,7,10,3,0,1,9,1,3,1,0,6,4,7,1,14,1,13,3,2,42,0,2,61,0,0,0,0,0,0,0,0,6,0,8,0,13,0,0,2,2,1,0,0,1,1,1,26,2,0,0,0,0,0,0,1,0,0,1,37,0,24,7,4,1,0,0,45,1,1,3,0,1,0,0,0,1,2,10,177,6,0,1,4,0,0,1,0,0,7,0,5,0,1,0,0,0,4,7,2,0,0,7,3,0,0,0,1,0,0,0,0,1,0,0,0,0,0,0,0,0,3,94,0,0,0,0,0,0,1,5,0,4,0,8,0,7,1,0,1,0,3,0,4,18,7,8,5,5,0,2,0,2,47,13,0,0,3,1,0,18,3,0,5,0,23,7,25,1,0,0,2,0,4,0,0,6,2,0,0,0,0,0,1,0,4,20,0,1,0,0,6,0,0,5,0,0,0,0,5,0,0,0,1,0,0,0,2,0,0,4,0,6,6,5,2,0,0,1,0,0,0,0,4,8,0,0,0,2,12,18,0,0,0,1,0,0,5,0,0,0,8,0,4,6,1,4,0,0,0,0,0,4,0,0,2,6,0,6,0,7,0,14,0,1,0,2,0,11,1,0,1,0,0,14,0,2,1,1,0,0,0,6,0,1,1,19,0,0,11,13,0,0,6,4,0,7,2,0,0,0,0,2,0,0,3,0,0,0,3,0,0,1,1,0,8,0,4,1,0,0,0,0,0,0,0,0,2,20,0,0,0,0,0,0,0,1,0,0,0,0,0,5,0,0,0,0,0,0,0,0,0,6,0,132,0,3,0,1,0,0,0,1,0,0,4,6,0,0,0,0,0,1,0,0,0,3,0,0,0,0,0,0,0,0,0,0,0,0,1,5,0,3,0,0,0,0,1,0,0,0,0,0,0,0,0,0,1,9,0,0,0,1,0,0,0,0,0,0,2,0,0,2,1,0,0,0,0,0,1,0,2,24,0,0,0,0,2,0,1,2,2,2,0,0,1,0,3,0,0,3,28,0,0,1,0,0,0,0,0,30,0,1,2,0,1,0,0,6,0,0,0,0,0,1,0,0,12,0,0,0,1,1,0,1,0,0,0,0,3,0,1,0,19,1,0,2,0,3,1,1,0,5,1,0,1,0,0,7,1,1,0,0,0,0,2,1,2,0,0,0,1,1,0,0,0,3,0,22,1,1,0,0,0,2,0,0,2,0,0,1,0,0,0,1,0,0,0,4,0,5,1,0,1,0,0,1,8,3,0,0,0,3,0,11,2,0,2,0,0,0,0,12,0,1,1,0,30,0,0,0,0,10,3,0,1,0,0,0,0,4,14,1,0,0,0,0,0,0,1,8,70,3,0,0,0,0,0,0,18,11,1,0,0,0,79,11,8,0,0,0,0,1,0,0,70,0,2,0,0,1,3,0,0,14,8,0,2,0,0,1,0,0,0,0,2,7,0,0,0,0,0,2,0,0,0,0,0,0,0,2,0,0,0,0,0,3,0,0,0,0,0,10,0,0,0,0,0,3,0,5,3,0,0,1,3,1,2,20,2,17,6,21,0,10,0,1,19,0,2,0,0,0,0,18,0,0,59,7,0,0,4,0,0,0,0,0,0,2,2,0,0,1,3,0,3,2,5,0,0,0,18,6,0,4,0,1,0,0,0,0,0,0,1,0,1,6,0,0,1,1,1,0,0,0,2,0,1
145,1848,COLEGIO ESTADUAL PROFESSOR TEOBALDO LEONARDO KLETEMBERG,"RUA MARIO GASPARIN, 950",SITIO CERCADO,-25.543921,-49.2527113,65,0,4230,3005,278,138,0,1,6,4,10,4,3,4,4,0,0,0,0,5,0,15,1,14,0,9,1,2,33,2,1,3,0,0,0,0,1,0,0,2,3,0,0,0,31,0,0,7,0,0,0,1,0,0,0,23,0,0,0,4,0,1,0,2,0,0,0,41,0,15,1,5,1,0,0,4,2,2,2,4,3,0,0,0,7,0,0,13,6,2,1,0,0,0,3,1,0,34,0,8,0,1,0,1,1,16,7,7,0,1,6,3,0,0,0,0,0,0,0,0,2,0,0,2,0,0,0,0,1,4,369,0,0,1,0,0,3,0,1,0,0,0,9,0,3,0,1,0,0,2,0,2,21,3,5,22,10,1,0,1,3,17,4,0,0,2,2,0,9,3,0,3,0,5,398,10,5,0,0,3,2,7,2,1,2,1,0,0,2,0,1,6,0,0,1,0,0,0,0,3,0,0,7,0,4,0,1,0,0,1,0,2,9,0,0,1,0,0,1,0,0,23,3,0,0,0,2,0,0,0,3,1,26,0,0,0,0,2,21,0,0,0,3,0,0,5,3,0,0,8,1,3,1,0,0,0,0,0,0,2,3,0,0,0,2,1,5,0,7,0,1,0,3,0,1,1,16,0,3,4,0,0,17,0,12,3,0,0,1,0,5,0,0,0,37,0,0,8,14,3,0,5,2,0,15,1,1,0,0,0,2,2,1,0,0,0,1,0,0,0,1,0,0,0,1,1,2,0,0,0,0,2,0,0,0,1,30,0,0,0,1,0,0,0,0,0,0,0,0,0,4,0,0,2,0,0,0,0,0,0,1,0,17,0,0,0,0,0,0,0,2,0,0,4,3,0,0,0,0,0,2,0,0,0,0,4,0,0,0,0,0,0,0,0,0,0,0,0,0,1,0,0,3,0,2,17,0,0,0,4,0,0,0,1,1,2,10,0,0,0,0,1,5,2,0,0,0,2,0,1,0,0,1,0,2,0,2,2,0,4,0,0,0,1,0,0,0,0,0,0,1,0,1,0,0,0,0,0,8,18,0,0,0,0,0,0,0,0,3,0,1,2,1,0,0,0,0,0,0,0,0,0,0,0,0,6,0,0,0,1,0,0,0,8,0,0,0,4,0,4,0,14,7,1,0,0,9,0,0,0,7,0,3,2,1,1,5,1,1,0,0,0,0,0,3,0,0,0,0,5,0,0,1,1,2,0,2,1,4,0,0,1,2,0,0,7,0,0,0,0,0,0,1,0,0,0,0,1,3,2,1,0,0,1,0,28,3,0,0,0,5,2,10,0,0,0,0,1,0,0,0,0,0,0,0,0,0,0,0,1,1,0,0,2,0,1,2,0,1,11,0,0,0,3,0,2,1,1,1,51,1,1,0,1,0,0,0,16,13,0,0,2,0,30,42,0,0,0,0,0,2,0,1,48,0,1,0,0,0,0,0,0,22,10,0,1,0,0,0,0,0,0,0,0,11,0,0,3,0,0,3,2,0,2,0,0,0,1,2,0,0,0,2,0,0,0,0,0,0,1,5,0,0,0,0,0,2,0,7,8,0,0,0,3,0,2,6,0,8,6,13,1,2,2,25,8,0,1,0,0,0,3,9,1,3,72,2,0,1,22,0,1,0,0,0,1,3,2,0,1,0,0,0,1,0,4,0,0,0,41,2,0,0,0,3,0,1,0,1,0,0,13,0,0,0,0,0,2,3,2,0,0,0,0,0,1
145,1864,CEI JOSE LAMARTINE CORREA DE OLIVEIRA LYRA,"RUA CAROLINA DOS ANJOS, 94",PINHEIRINHO,-25.5195641,-49.3060256,66,0,2362,1789,168,101,0,1,5,5,10,3,0,2,9,1,1,1,0,0,4,11,0,10,0,3,3,3,21,0,3,6,0,0,0,3,0,0,4,0,1,0,4,0,9,0,1,16,3,0,0,0,0,3,4,5,1,0,0,0,1,0,0,1,0,0,0,19,0,1,2,2,0,0,0,3,3,2,3,1,9,0,1,0,2,0,5,8,2,0,4,2,0,0,1,1,0,7,0,3,0,0,0,1,0,8,2,4,0,0,2,2,1,0,0,0,0,0,0,1,1,0,0,3,0,1,0,0,0,3,19,0,1,0,1,0,4,0,3,0,2,0,1,0,0,0,0,0,1,3,1,5,0,5,3,7,5,0,1,1,5,11,2,0,0,1,2,0,1,0,1,119,0,68,6,9,7,0,0,1,0,0,0,0,2,0,0,0,0,0,0,3,0,0,0,0,1,1,0,1,0,0,3,2,0,0,1,0,0,1,0,0,1,0,0,0,0,0,7,0,2,1,6,1,0,0,4,0,0,0,0,0,13,0,0,0,2,2,1,0,0,0,4,0,0,4,2,0,1,6,0,2,0,2,0,0,0,0,0,0,3,0,0,0,0,3,2,3,10,1,9,2,3,0,3,0,12,2,2,0,0,0,14,0,2,2,0,0,1,0,4,3,0,0,1,1,0,3,11,2,0,6,1,0,14,3,0,1,0,0,0,0,0,2,0,12,0,2,0,0,1,0,0,0,0,3,1,0,0,0,0,0,0,3,0,0,19,0,0,0,0,0,0,0,2,0,0,0,1,0,0,0,0,2,0,0,0,0,0,0,2,0,0,0,3,0,0,1,0,0,0,0,0,15,1,0,0,0,0,0,0,2,0,0,1,0,1,1,0,0,0,0,0,0,0,0,0,0,0,1,1,0,0,0,0,0,0,0,1,0,0,0,0,0,0,4,2,0,0,0,0,0,0,0,0,0,0,1,0,0,2,0,0,0,0,0,0,12,0,0,0,0,1,1,0,0,0,0,0,0,2,0,0,0,0,4,0,0,8,20,0,0,1,0,0,0,0,0,2,0,0,1,0,3,0,0,2,0,0,0,0,0,0,0,0,7,0,0,2,0,0,0,0,0,0,0,0,12,0,0,4,18,2,0,0,1,3,0,1,0,9,0,0,0,0,0,1,0,1,0,2,0,0,0,0,0,0,0,0,0,2,0,1,0,2,0,1,0,1,0,1,0,2,0,0,2,0,0,0,0,0,0,1,0,0,0,0,0,39,1,0,0,0,0,0,6,3,1,0,0,6,0,8,0,0,0,0,0,0,1,0,0,0,2,0,0,0,1,0,0,0,0,0,0,0,0,0,1,0,5,0,1,0,0,0,0,0,0,2,4,3,0,0,0,0,0,0,20,18,0,0,1,47,15,0,0,0,0,0,2,2,0,1,30,1,0,0,0,0,0,0,0,25,0,0,0,0,1,0,0,0,0,0,0,4,0,0,0,0,0,0,0,0,0,0,0,0,0,0,0,0,1,0,0,1,3,0,0,0,0,7,1,0,0,0,0,1,0,2,4,0,0,2,3,0,0,7,0,88,8,1,0,1,1,6,0,0,1,0,0,0,0,8,1,2,91,0,0,1,1,1,1,0,0,1,4,5,0,0,0,0,0,0,1,0,12,0,2,0,8,0,0,0,0,0,0,1,1,0,0,1,1,1,0,0,0,0,0,2,0,0,0,0,0,1,0
145,1872,1872 - COLEGIO ESTADUAL PROFESSORA IARA BERGMANN - 145ª ZE - CURITIBA,"RUA REINALDO DE CARVALHO-BOLA, 101  GANCHINHO",SITIO CERCADO,-25.5537272,-49.2468355,72,0,3485,2394,226,109,0,4,5,2,12,2,2,2,5,1,1,0,2,0,2,6,0,8,1,13,3,0,22,0,1,3,0,0,0,0,0,0,1,0,3,0,1,0,37,3,0,1,1,0,1,0,0,0,0,23,6,0,0,1,0,1,0,2,0,0,0,25,0,20,4,1,0,0,0,5,5,4,1,0,9,0,0,0,2,1,1,14,10,4,2,1,0,0,0,1,0,1,0,4,0,0,2,0,0,14,5,5,0,2,14,1,0,0,0,1,0,0,0,0,2,0,0,0,0,0,0,0,0,1,97,0,0,0,0,0,0,0,1,0,1,0,4,0,3,1,0,0,0,1,0,4,8,2,4,20,5,0,0,1,2,28,1,0,0,1,1,0,30,2,1,15,1,2,15,10,1,0,0,3,1,1,0,0,0,0,0,0,1,0,0,7,0,0,1,0,0,0,0,0,0,0,5,0,3,0,0,4,1,0,0,7,1,0,0,1,0,0,0,0,3,7,0,1,0,0,79,0,1,0,0,0,12,0,0,0,0,5,17,1,0,0,0,0,0,1,4,0,0,6,1,2,1,0,0,0,0,0,0,1,1,0,0,0,12,2,1,1,8,0,12,0,2,0,0,1,11,2,3,0,0,0,21,1,1,2,0,0,0,0,4,0,0,1,129,4,0,8,7,0,1,3,0,0,7,2,1,0,0,0,0,0,1,4,0,0,0,0,0,0,1,0,0,3,1,0,0,0,0,2,0,0,1,0,0,7,19,0,0,0,3,2,0,0,0,0,1,0,0,0,0,0,0,5,0,0,1,1,0,0,0,0,2,0,1,0,6,0,0,0,1,0,0,4,4,0,0,0,0,0,5,1,0,0,0,1,0,1,0,0,0,0,1,0,0,0,0,0,1,1,1,0,0,0,0,5,0,0,0,0,0,0,0,1,3,1,181,0,0,0,0,0,1,18,0,0,1,1,0,0,4,0,0,0,0,0,0,3,0,4,2,0,0,1,0,4,0,0,3,1,0,0,0,0,0,0,0,0,2,14,0,0,0,0,0,0,0,0,13,1,0,1,0,3,0,1,1,0,0,0,0,2,0,1,0,7,0,0,1,1,4,0,1,1,0,0,0,2,0,0,0,5,2,0,0,0,3,0,0,0,8,1,0,0,0,0,1,0,1,0,0,0,1,0,22,0,0,0,0,1,0,0,0,0,1,0,0,0,3,0,0,0,0,0,0,2,0,0,0,0,0,0,3,0,0,0,0,0,23,0,1,0,0,3,0,10,2,0,0,0,1,0,17,1,0,0,0,0,0,0,0,0,0,0,0,0,0,0,0,0,0,3,1,4,0,0,0,0,2,15,0,0,0,2,0,0,1,0,3,29,2,0,0,2,1,0,2,12,5,0,0,0,2,30,63,0,0,0,1,2,1,0,0,52,0,0,0,0,1,0,1,0,25,0,0,0,0,0,0,0,0,0,0,2,7,0,0,1,0,0,6,3,0,0,10,0,0,1,3,0,1,0,0,2,5,0,0,0,0,1,12,1,0,0,1,0,1,0,2,2,0,0,2,0,0,1,4,0,5,9,3,0,12,2,8,2,0,0,0,0,0,3,7,2,0,101,1,0,1,6,0,0,0,2,0,1,6,1,0,0,0,1,0,0,0,0,0,0,0,33,1,0,0,1,0,0,3,0,0,0,0,0,0,1,1,0,0,0,1,2,1,0,0,0,0,0
145,1880,ESCOLA MUNICIPAL PROFESSORA MIRACY RODRIGUES DE ARAUJO,"RUA JOSE BASSA, 1175",SITIO CERCADO,-25.5443705,-49.2569843,65,0,3537,2632,225,177,0,3,3,3,9,1,0,4,6,3,0,1,1,2,3,15,0,7,2,12,1,1,31,0,1,4,1,0,0,3,0,0,0,0,4,0,1,0,48,1,0,3,1,0,0,2,0,0,0,24,5,0,0,1,0,0,0,0,0,0,2,36,0,22,6,1,0,0,0,1,0,2,4,2,6,0,0,0,4,0,0,9,9,1,0,0,1,0,1,1,0,19,0,1,0,0,0,1,0,10,7,7,0,1,11,9,2,0,0,6,0,0,0,0,1,3,0,1,0,0,0,1,1,9,427,0,0,0,0,0,0,0,2,0,2,0,13,0,2,0,1,0,1,3,0,1,25,5,6,13,8,0,0,2,4,20,2,1,0,4,1,0,7,4,0,6,0,3,184,13,4,0,1,2,0,0,0,0,0,0,0,3,2,0,0,4,1,2,1,0,0,1,0,2,0,0,2,0,7,0,3,0,0,1,0,1,0,0,0,0,0,0,2,0,1,20,5,1,2,0,4,0,0,0,3,0,23,0,0,0,1,5,6,0,0,1,0,0,0,2,6,0,0,5,0,2,0,2,0,0,0,0,0,0,0,0,0,0,3,1,6,2,7,0,5,0,6,0,0,1,22,2,3,0,1,0,6,2,3,3,1,1,1,0,2,0,0,1,13,0,0,14,9,1,0,8,2,0,6,0,0,0,2,0,0,0,3,3,0,1,2,0,0,0,0,0,0,1,0,0,0,0,0,3,1,1,0,0,0,1,24,0,0,0,0,0,0,3,0,0,0,0,0,0,2,0,0,2,0,0,0,0,0,0,0,0,5,0,1,0,0,1,0,0,1,0,0,4,0,0,0,0,0,0,1,0,0,0,0,4,1,0,0,0,0,0,0,0,0,0,0,1,0,0,0,1,0,1,0,15,0,0,0,4,0,0,0,0,0,0,13,0,0,0,0,0,19,4,2,0,0,6,0,1,2,0,0,0,3,1,2,4,0,1,0,0,0,2,0,2,0,0,0,2,5,0,1,1,0,0,0,0,4,26,0,0,0,0,0,0,0,0,14,0,1,2,0,0,0,1,4,0,0,0,0,0,0,1,0,10,0,1,0,1,2,0,0,2,0,0,0,4,0,0,0,12,2,0,0,0,3,0,0,0,8,0,0,2,1,0,4,0,0,0,0,0,1,0,2,1,0,2,0,2,0,0,0,0,3,0,1,0,7,0,2,0,1,0,0,2,0,0,0,0,0,0,0,0,0,0,0,2,5,0,0,0,0,1,1,11,1,0,0,0,2,0,10,0,0,0,1,0,0,0,0,0,0,1,0,0,0,0,0,0,0,1,0,0,1,1,0,1,0,7,0,5,0,1,0,0,0,1,4,32,1,0,0,0,0,0,0,10,3,0,0,0,1,36,18,0,2,1,0,0,0,0,0,52,1,0,0,0,2,1,0,0,19,5,0,0,1,0,0,0,0,0,0,0,6,0,0,0,0,0,3,3,0,1,2,0,0,0,7,2,1,0,1,0,2,1,0,0,0,3,12,1,0,0,0,0,0,0,2,6,0,0,1,8,1,1,5,1,14,12,7,1,3,0,7,9,0,2,0,0,0,2,11,0,3,58,0,0,0,28,0,1,0,0,3,0,3,3,0,1,0,0,0,3,0,2,0,0,0,12,0,0,0,0,0,0,2,0,1,0,0,4,0,1,1,0,1,0,1,5,1,0,0,0,0,2
145,1899,COLEGIO ESTADUAL PROFESSORA ETELVINA CORDEIRO RIBAS,"RUA MIGUEL RAICOSKI SOBRINHO, S/N",PINHEIRINHO,-25.5274088,-49.2748708,66,0,3105,2190,239,117,0,3,3,3,13,0,0,3,4,1,0,1,1,3,1,14,0,7,0,5,2,2,22,1,2,1,0,0,0,2,0,0,0,0,1,0,2,0,23,0,2,7,0,1,3,0,0,1,0,23,2,0,0,8,0,1,0,0,1,0,1,54,0,12,2,0,4,0,0,3,0,0,2,0,7,0,0,1,2,0,3,11,4,1,0,0,0,0,1,0,0,16,0,2,2,0,0,1,0,11,5,4,3,0,5,7,0,0,0,0,0,1,1,0,0,0,0,5,0,0,0,0,0,2,71,0,0,0,0,0,0,0,3,0,3,0,9,0,3,0,1,0,0,3,0,1,15,4,14,3,1,0,0,1,6,18,2,0,0,0,2,0,27,5,2,8,0,4,8,12,3,1,0,4,0,0,1,0,3,0,0,0,0,0,0,10,0,0,3,0,0,0,0,2,1,0,9,0,0,0,3,0,0,0,0,2,2,0,0,0,0,1,2,0,0,6,6,0,0,0,1,0,0,0,0,2,13,0,0,0,1,2,49,2,0,0,0,0,0,5,2,0,0,7,0,2,1,0,0,1,0,0,0,0,2,0,0,0,3,0,1,7,8,0,7,0,8,0,0,0,10,0,1,0,0,0,19,1,2,3,0,0,1,0,4,0,0,0,7,0,0,13,7,0,3,5,0,0,12,3,0,0,0,0,0,2,0,6,0,0,0,0,0,1,0,0,0,0,0,2,0,0,0,0,0,0,0,0,0,0,23,0,0,0,1,0,0,2,3,0,0,0,0,0,3,0,0,1,0,0,0,0,0,0,1,0,7,0,2,0,0,0,0,0,2,0,0,2,5,0,2,0,0,0,2,2,0,0,1,0,0,0,0,0,0,1,0,0,1,0,0,1,0,0,2,0,0,0,0,7,0,0,0,2,0,0,0,0,3,3,0,0,0,0,0,1,0,1,5,0,0,3,0,2,0,0,0,0,26,0,1,1,0,2,0,0,5,0,0,1,0,0,0,1,2,0,1,5,1,0,0,0,7,18,0,0,0,0,0,0,0,0,32,2,1,2,0,2,0,0,17,0,0,0,0,3,0,0,0,11,0,0,0,2,0,0,0,0,0,0,0,3,0,4,0,12,13,0,1,0,1,0,2,0,2,1,0,2,1,0,8,0,5,3,0,1,0,0,1,0,0,0,0,0,1,0,1,0,6,0,1,0,7,0,1,0,0,0,1,1,0,0,0,0,0,0,1,0,0,0,0,1,5,2,28,0,4,3,2,15,7,1,0,0,1,0,11,3,11,2,0,0,0,0,0,0,0,0,0,1,0,1,0,0,1,0,0,2,1,0,0,1,8,6,0,1,0,0,0,0,5,0,0,14,1,0,0,0,0,0,0,17,6,0,0,0,0,39,14,1,1,0,3,0,1,2,1,41,0,0,0,0,0,0,0,0,24,23,0,0,1,0,0,0,0,0,0,1,2,0,0,0,0,0,0,1,0,1,1,0,0,0,6,0,0,0,0,0,1,1,1,0,0,0,6,0,0,0,0,0,2,0,5,12,0,1,1,3,0,2,5,1,19,7,7,1,3,0,6,26,0,0,0,0,0,1,9,0,4,143,1,0,1,0,4,3,0,0,0,0,5,8,1,0,0,10,1,0,0,8,0,0,0,17,2,0,0,0,0,0,0,0,0,0,0,0,0,1,1,0,0,0,8,2,0,1,0,0,1,1
145,1910,1910 - ESCOLA MADRE TERESA DE CALCUTA - 145ªZE - CURITIBA,"RUA DES. VATEL GONÇALVES PEREIRA, 60, SÍTIO CERCADO",SITIO CERCADO,-25.5371606,-49.2547186,65,0,2927,2226,186,120,0,2,8,4,10,2,1,0,4,0,6,0,0,3,0,10,1,7,0,7,0,3,25,1,1,3,1,0,0,1,1,0,0,0,1,0,0,0,12,2,0,1,0,0,1,0,0,0,0,22,3,0,0,3,0,0,0,4,0,0,0,32,0,3,5,6,1,0,1,4,2,1,1,0,10,0,0,0,5,0,1,2,9,1,2,1,0,0,3,0,0,8,0,5,0,1,0,2,0,39,5,4,1,1,3,8,1,0,0,1,0,1,0,0,2,0,0,9,0,0,0,0,0,1,266,0,0,0,0,0,0,0,0,1,1,0,5,0,1,0,0,0,1,0,1,0,65,5,5,13,5,1,0,3,2,10,4,0,2,0,1,0,12,4,2,7,0,6,89,10,3,0,0,2,1,1,1,0,0,0,1,0,3,0,0,5,0,0,0,1,0,0,0,1,0,3,2,0,2,0,5,0,0,0,0,3,1,0,0,0,0,0,2,0,4,64,2,1,0,0,5,0,0,0,12,1,19,0,0,0,0,10,12,0,0,0,0,0,0,0,2,0,0,11,0,2,1,0,0,0,0,0,0,1,0,0,0,0,3,0,6,0,12,0,3,0,8,0,0,0,14,0,0,2,0,0,14,1,1,0,0,0,4,0,6,1,0,0,33,1,0,10,4,0,2,11,4,0,15,2,0,1,13,0,0,0,0,4,0,0,0,2,0,0,0,0,0,0,0,0,1,0,0,0,0,1,0,0,0,0,27,1,0,0,1,0,0,7,0,0,0,0,0,0,4,0,0,0,0,2,0,0,0,0,1,0,11,1,1,0,0,0,0,0,2,0,0,3,5,0,0,0,0,0,1,3,0,0,0,0,2,0,1,0,0,0,1,0,0,0,0,0,1,0,0,0,0,0,0,14,0,0,0,1,0,0,0,0,0,0,7,0,0,0,0,1,7,2,0,0,0,2,1,1,1,0,0,0,1,0,0,3,0,5,0,0,0,2,2,2,0,0,0,1,0,0,0,0,0,0,0,0,9,24,0,0,0,0,0,0,0,0,10,0,1,1,1,0,0,0,0,0,0,0,0,0,0,0,0,4,0,2,1,1,1,0,0,1,0,0,0,8,0,0,0,14,10,0,0,0,9,0,0,0,5,2,1,0,1,0,8,0,0,0,0,0,0,1,9,1,0,0,0,1,0,0,0,0,0,0,0,0,7,1,0,1,0,0,0,2,0,0,0,0,1,0,1,0,0,0,0,0,14,2,1,0,0,1,1,2,2,0,0,0,4,0,4,0,0,0,0,0,0,0,2,0,5,0,0,1,0,1,0,0,1,2,0,0,0,3,0,1,0,5,0,1,0,1,0,0,0,0,0,27,1,0,0,0,0,0,0,7,6,0,0,1,1,34,27,0,0,0,0,0,0,0,0,46,0,9,2,0,0,0,0,0,11,2,0,0,0,0,0,0,0,0,0,0,1,0,0,1,0,0,1,0,0,1,0,0,0,0,5,0,0,0,1,0,1,0,0,0,0,0,12,1,0,0,0,0,4,0,5,5,0,0,0,1,0,0,3,2,13,5,8,0,3,1,1,3,0,1,0,0,0,1,5,0,3,68,1,0,2,17,0,2,0,0,0,2,1,3,0,0,0,0,0,2,0,3,0,0,0,14,0,1,0,0,1,0,0,0,0,0,0,0,0,0,0,0,0,0,0,1,0,0,0,0,2,0
145,1929,1929 - ESCOLA MUNICIPAL VEREADORA LAIS PERETTI - 145ªZE - CURITIBA,"RUA IZABEL RAKSA VOLUZ, 271, PINHEIRINHO ",PINHEIRINHO,-25.5301372,-49.2825444,66,0,1306,992,83,48,0,0,0,5,3,3,0,1,4,0,0,0,0,3,1,7,1,6,0,4,0,0,15,0,1,4,0,0,0,0,0,0,0,0,2,0,1,0,27,0,0,5,0,0,0,0,0,3,0,13,5,0,0,1,0,0,0,0,1,0,0,13,0,5,4,0,2,0,0,0,1,0,3,0,4,0,0,0,0,0,0,2,4,3,3,0,0,0,0,0,0,0,0,0,0,0,0,0,0,1,2,5,0,0,3,1,0,0,0,0,0,0,0,0,1,0,0,126,0,0,0,0,0,0,19,0,0,0,0,1,0,0,0,0,0,0,6,0,5,0,1,0,0,1,0,6,9,2,2,1,1,0,0,1,4,18,0,0,0,0,0,0,2,0,0,4,0,2,2,9,1,0,0,0,1,1,0,0,0,0,0,0,0,0,0,4,0,2,0,1,0,0,0,4,0,1,1,0,0,0,1,0,0,0,0,0,2,0,0,0,0,0,1,0,1,2,1,0,0,0,0,0,0,0,0,0,2,0,0,0,1,3,14,0,0,0,0,1,0,1,2,0,0,1,0,0,2,0,0,0,0,0,0,0,0,0,0,0,1,0,2,3,1,0,0,0,0,0,0,0,9,0,2,0,0,0,3,0,1,3,0,0,0,0,0,1,0,0,3,1,0,3,6,0,0,1,0,0,12,0,0,0,0,1,0,0,0,0,0,0,0,0,0,0,0,0,0,0,2,0,0,0,0,0,0,0,0,0,0,1,18,0,0,0,0,0,1,0,0,0,1,0,0,0,0,0,0,1,0,0,0,0,0,0,0,0,2,0,2,0,1,0,0,0,2,0,0,1,0,0,0,0,0,0,0,0,0,0,0,0,3,0,0,0,0,0,0,0,0,0,0,0,0,2,0,0,0,0,0,5,0,0,0,2,0,0,0,0,4,1,2,0,0,0,0,0,0,0,0,0,0,0,0,0,0,0,0,0,4,0,0,2,0,0,0,0,2,0,0,0,0,1,0,0,1,0,0,0,0,0,0,0,3,8,0,0,0,0,0,0,0,0,2,2,0,0,0,0,0,1,0,0,0,0,0,0,0,0,0,11,0,0,2,0,0,0,0,0,0,0,0,1,0,0,1,3,0,0,0,3,0,0,0,2,4,0,1,0,0,0,10,0,5,0,0,0,0,3,1,1,0,0,0,1,1,0,13,0,4,0,0,0,0,0,1,0,0,0,0,1,0,0,0,0,0,0,1,0,0,0,0,0,3,0,0,0,9,0,0,3,3,0,0,0,1,0,5,0,1,1,0,0,0,1,0,0,0,1,0,0,0,0,0,0,0,3,0,0,0,0,0,2,3,3,0,1,0,1,0,0,0,0,1,1,1,0,0,0,0,0,2,6,8,0,0,0,1,16,5,0,0,0,0,0,1,0,0,12,0,0,0,0,0,0,0,0,6,0,0,0,0,0,1,0,0,0,0,0,2,0,0,0,0,0,0,1,0,0,2,0,0,0,1,0,0,0,0,0,0,0,0,0,0,0,0,0,0,0,1,0,0,0,3,4,0,1,1,0,0,0,3,0,6,2,8,0,5,0,1,6,0,0,0,0,1,0,4,0,5,35,1,0,1,0,0,0,2,0,0,0,0,2,0,0,0,0,0,2,0,4,0,0,0,4,1,0,0,0,0,0,1,0,0,0,0,0,0,0,0,0,0,0,0,2,0,1,0,0,0,0
145,1937,1937 - ESCOLA MUNICIPAL PAULO FREIRE - 145ª ZE - CURITIBA,"RUA OLÍVIO DOMINGOS LEONARDI, 162, SÍTIO CERCADO",SITIO CERCADO,-25.5468182,-49.2678822,65,0,3018,2232,183,138,0,2,5,4,14,1,0,0,6,0,0,1,1,1,2,19,0,13,2,2,2,0,23,0,2,4,0,0,0,0,0,0,0,0,3,0,4,0,39,0,1,0,0,0,2,0,0,0,2,22,3,0,0,0,0,1,0,1,0,0,0,36,0,19,2,1,1,0,0,5,0,2,2,5,8,1,2,0,1,0,5,5,2,0,4,0,1,0,2,0,0,9,0,8,0,0,2,2,4,7,4,6,2,0,5,4,0,0,0,0,0,0,0,0,0,0,0,0,0,0,0,0,0,3,531,1,0,0,0,0,1,0,1,0,0,0,15,0,4,0,0,0,0,0,0,3,17,3,3,3,8,0,0,2,3,16,0,0,0,0,0,0,12,4,0,4,0,2,44,7,2,0,0,2,0,3,0,0,1,0,0,0,0,0,0,10,0,0,1,0,0,2,0,3,0,0,2,0,4,0,2,0,0,0,0,0,2,0,3,2,0,0,0,1,1,10,3,0,2,0,4,0,0,0,3,1,4,1,0,0,0,6,13,0,0,0,0,0,0,4,14,0,0,4,0,5,1,1,0,0,0,0,0,1,0,0,0,0,0,0,9,1,3,2,3,0,7,0,0,0,12,0,5,1,0,0,13,1,4,3,0,0,3,0,4,0,0,0,25,3,0,7,8,0,0,11,0,0,11,0,0,1,1,0,2,0,1,2,0,0,0,0,0,0,1,0,0,0,0,2,1,0,0,0,0,0,0,0,0,1,16,0,0,0,0,0,0,16,0,0,0,0,0,0,2,0,1,2,0,0,0,0,0,0,1,0,4,0,0,0,0,0,1,0,0,5,0,3,7,2,0,0,0,0,0,0,0,0,1,2,0,0,0,0,0,0,0,0,0,0,0,0,1,1,0,0,0,0,0,4,0,0,0,1,0,0,0,0,1,1,7,0,0,1,0,1,3,0,2,0,0,1,0,1,0,0,0,1,2,0,0,9,0,0,0,0,0,2,0,0,0,0,0,0,0,0,0,1,0,1,0,0,3,11,0,0,0,0,0,0,1,0,11,0,0,1,2,1,0,6,2,0,0,0,0,0,0,0,0,5,0,1,0,2,0,0,0,0,0,0,0,6,0,0,0,14,7,0,0,0,6,2,0,0,5,0,0,0,0,1,3,0,1,0,0,0,2,0,7,0,0,0,0,1,1,0,0,0,0,0,1,0,7,0,1,1,2,0,0,5,0,0,0,0,0,0,0,0,1,0,3,0,2,1,1,0,0,2,0,3,3,1,1,0,0,0,14,2,1,1,0,0,0,0,1,0,1,0,0,3,0,0,1,0,0,1,1,1,0,0,0,1,0,5,0,1,1,1,0,0,0,0,1,16,1,0,0,1,0,0,1,17,6,0,0,0,0,17,22,0,0,0,0,0,1,0,1,44,0,0,0,0,0,0,0,0,13,3,0,1,0,0,0,0,0,0,0,0,3,0,0,0,0,0,3,4,0,0,1,0,0,1,5,0,0,0,0,0,3,0,0,0,0,2,6,1,0,0,1,0,2,0,6,4,0,1,1,4,0,0,5,1,11,4,2,0,3,0,2,6,0,1,0,2,0,0,11,0,1,43,1,0,0,12,2,1,0,0,4,0,3,0,1,0,0,1,1,1,0,4,0,0,0,15,1,0,0,0,3,0,1,0,0,0,0,0,0,0,1,0,0,0,4,0,0,0,0,1,0,0
145,1945,1945-COLEGIO NOSSA SENHORA DO SAGRADO CORAÇÃO - 145ªZE-CURITIBA,"RUA NICOLA PELLANDA, 699  PINHEIRINHO",PINHEIRINHO,-25.5347404,-49.2955186,66,0,2385,1784,146,100,0,1,4,4,8,3,0,3,0,0,1,0,0,3,2,17,1,6,0,3,0,1,19,0,1,5,0,0,1,1,0,0,0,1,0,0,96,2,8,1,0,6,2,0,2,0,0,2,2,6,8,0,0,0,0,0,0,2,0,0,0,54,0,9,6,5,0,0,0,8,0,2,3,1,6,0,3,0,6,0,1,60,5,0,0,2,0,0,0,1,0,5,0,5,0,0,0,0,0,6,7,5,0,1,6,2,0,0,0,0,0,1,0,0,0,1,0,11,0,0,1,1,0,2,68,0,0,1,0,0,0,0,0,0,10,0,8,0,2,0,0,0,0,0,0,2,2,8,8,8,8,0,0,0,9,13,2,0,0,2,0,0,8,2,4,10,0,31,4,7,6,0,0,0,1,0,0,0,1,1,0,0,0,0,0,6,0,0,7,1,0,0,0,3,1,0,2,0,0,0,3,0,0,0,0,4,3,0,0,3,0,1,2,0,0,2,8,0,0,0,1,0,0,0,0,0,16,0,0,0,0,9,6,3,0,0,0,0,0,7,9,0,0,9,0,2,2,1,1,1,0,0,0,0,1,1,0,0,0,0,6,6,1,0,2,0,3,0,1,0,13,3,0,0,0,0,14,0,2,8,2,0,3,0,2,0,0,0,9,2,2,8,6,1,1,8,4,0,9,0,0,0,0,0,0,1,1,0,0,0,1,2,0,0,0,0,0,4,0,2,1,0,0,0,1,1,0,0,0,0,12,0,0,0,0,0,0,1,1,1,2,0,0,0,1,0,0,1,0,0,0,0,0,0,0,0,9,0,3,0,0,0,0,0,1,0,0,5,6,0,0,0,0,0,1,0,0,0,0,0,1,0,0,0,0,0,0,0,0,0,0,1,0,0,0,0,0,0,0,2,0,0,0,2,0,0,0,0,0,1,2,0,0,0,0,0,1,0,0,0,0,0,0,1,1,0,0,0,2,0,2,3,0,0,0,0,1,4,1,3,0,1,0,3,0,0,1,7,0,0,0,0,5,22,0,0,0,0,0,0,0,0,3,0,1,0,0,1,0,0,3,0,0,0,0,0,0,0,0,4,0,0,0,1,0,0,0,1,0,0,0,13,0,1,1,18,2,0,0,1,0,0,1,0,3,0,2,0,0,0,24,5,0,0,0,0,0,0,0,1,0,0,0,0,0,0,0,0,2,0,1,0,2,1,1,0,3,0,0,2,2,0,0,0,1,0,0,0,0,0,2,0,9,0,1,0,0,0,15,6,2,0,0,0,3,3,5,0,0,0,0,0,0,0,0,0,0,0,0,0,0,0,0,0,1,4,0,0,0,0,0,4,1,6,0,3,0,0,0,0,0,4,6,6,2,0,0,1,0,0,1,14,14,2,0,0,2,34,5,1,0,0,0,0,0,0,0,39,0,0,0,1,0,1,0,0,24,0,0,0,0,0,1,1,0,0,0,1,0,0,0,0,0,0,0,0,0,0,0,0,0,0,0,0,0,0,1,0,2,1,0,0,0,0,6,0,0,0,1,1,1,0,4,2,0,0,2,3,2,1,4,0,44,3,4,1,5,1,3,5,0,0,0,0,0,0,10,0,12,33,1,0,0,2,0,1,1,0,0,2,2,0,0,0,0,0,0,2,0,6,0,0,0,6,1,0,0,0,0,0,1,0,1,0,0,0,0,0,1,1,0,0,0,0,0,1,0,1,0,0
145,2178,2178 - COLEGIO ESTADUAL FLAVIO FERREIRA DA LUZ - 145ª ZE - CURITIBA,"RUA JOÃO CISLINSKI, 51  SÍTIO CERCADO ",SITIO CERCADO,-25.5450566,-49.2714817,65,0,4153,2823,267,145,0,2,3,7,16,3,0,3,10,0,4,0,1,3,2,12,1,16,1,10,2,0,18,1,1,13,0,0,0,1,0,0,0,0,0,0,4,3,37,1,0,4,2,0,1,0,0,1,2,39,6,0,0,0,0,1,0,7,1,1,5,38,0,44,3,10,0,0,0,10,0,2,0,0,5,0,1,0,3,1,0,13,6,2,0,3,0,0,1,0,1,12,0,4,0,4,0,1,0,6,5,8,2,1,10,4,0,0,0,0,0,1,0,0,1,0,1,2,0,0,0,0,0,5,484,0,0,1,0,0,3,0,0,0,4,0,7,0,2,0,1,0,0,6,0,2,22,4,2,4,6,0,0,0,10,30,1,0,0,1,1,0,11,5,0,4,0,11,49,7,2,0,0,3,0,2,0,0,2,1,0,0,0,0,1,5,0,0,1,0,0,0,0,4,0,0,7,1,0,0,3,0,0,0,0,1,3,0,0,2,0,0,3,0,2,18,3,0,7,0,4,0,0,0,3,0,9,1,0,0,0,5,13,1,0,0,1,0,1,9,19,0,2,5,0,3,0,2,0,0,0,0,0,0,0,0,0,0,3,2,10,1,5,1,12,0,6,0,0,0,16,0,1,2,0,0,25,0,13,6,2,0,0,0,5,0,0,2,22,1,0,18,7,0,0,6,1,0,13,2,1,0,0,0,2,0,0,3,0,0,0,2,0,0,0,0,0,0,0,1,0,0,0,1,0,1,1,0,0,0,26,0,0,0,1,0,1,7,1,0,0,0,0,0,1,0,0,3,0,0,0,0,0,0,6,0,0,0,4,0,2,0,0,0,2,0,0,9,4,0,0,0,0,0,0,0,0,0,0,4,1,0,0,0,0,0,0,0,0,0,0,1,0,1,0,0,0,2,0,13,0,0,0,1,0,0,0,0,2,2,8,0,0,0,0,0,5,2,2,0,0,1,0,1,0,3,0,0,2,0,0,1,0,8,0,0,0,1,0,1,0,0,0,0,2,0,0,0,0,1,0,0,8,15,0,0,0,0,0,0,0,1,8,0,0,0,1,2,0,0,1,0,0,0,0,1,0,0,0,8,0,3,2,0,0,0,0,0,0,0,0,5,0,0,0,20,7,0,1,0,7,0,0,0,3,0,1,1,0,3,5,0,1,0,0,1,0,3,5,1,0,1,0,3,2,0,0,0,2,0,0,0,3,0,0,2,0,0,0,3,0,0,0,0,0,0,1,0,3,0,3,0,2,0,0,0,1,0,0,6,5,0,0,0,3,0,11,2,0,2,0,0,0,0,1,0,0,0,0,1,0,0,1,0,0,5,1,4,0,3,1,1,3,4,0,2,0,1,0,0,1,0,6,25,0,0,0,0,0,0,0,25,7,0,0,0,0,43,35,2,0,0,0,0,1,0,0,88,0,4,0,0,0,0,0,0,24,2,0,0,0,0,0,0,0,0,0,1,9,1,0,0,0,0,3,3,0,0,4,0,0,3,20,0,0,0,1,0,4,1,0,0,0,0,6,0,0,0,0,0,1,0,11,10,0,1,1,1,1,1,3,0,23,19,16,0,3,1,4,9,0,2,1,0,2,1,9,1,5,77,4,0,0,12,0,2,0,0,1,0,3,2,0,0,0,0,0,2,0,6,0,0,0,40,3,0,0,0,0,0,2,0,0,0,0,1,0,0,1,0,0,1,3,1,0,0,0,0,0,0
145,2186,2186-COLEGIO ESTADUAL INEZ VICENTE BOROCZ - 145ªZE - CURITIBA,"RUA IGNEZ DE LOURDES GOMES DE MACEDO, 331, SÍTIO CERCADO",SITIO CERCADO,-25.5378538,-49.2557731,65,0,3348,2366,241,141,0,3,3,9,19,1,3,1,4,4,1,0,2,0,0,11,0,12,0,4,2,0,18,2,0,3,0,0,0,1,0,0,0,0,3,0,1,2,26,1,0,5,1,0,2,0,0,0,1,23,0,1,0,0,0,0,0,1,1,2,0,35,0,11,2,2,0,0,0,3,2,3,0,0,6,0,0,0,2,0,1,3,6,4,1,3,0,0,4,1,0,4,0,9,0,4,1,1,0,39,5,4,0,1,3,9,1,0,0,2,0,0,0,0,1,0,0,2,0,0,0,0,0,3,219,0,0,0,0,0,0,0,0,0,0,0,7,0,5,0,2,0,0,1,0,2,60,10,7,7,5,1,1,1,7,13,8,0,1,1,0,0,23,6,0,4,0,1,97,15,8,0,0,4,0,2,1,0,1,0,0,1,2,0,2,3,0,1,0,0,0,0,0,2,0,1,8,1,1,0,4,0,0,0,0,7,2,0,0,1,0,0,2,0,1,80,1,1,1,0,3,0,0,0,10,0,40,0,0,0,0,4,11,0,0,0,2,0,0,1,3,0,0,8,0,4,0,0,0,1,0,0,0,0,1,0,0,0,3,2,5,0,8,2,4,0,10,0,0,1,18,2,2,2,0,0,16,0,4,1,0,0,6,0,3,1,0,0,20,1,0,11,13,1,2,12,0,0,9,0,0,0,7,0,2,1,0,1,0,0,4,1,0,0,0,0,0,0,0,0,0,0,0,1,0,1,0,0,0,0,29,0,0,0,0,0,0,1,0,0,0,0,0,0,1,0,0,0,0,0,0,0,0,0,1,0,3,0,4,0,0,0,0,0,0,0,0,3,1,0,0,0,0,0,3,0,0,0,0,8,0,0,0,0,0,1,0,0,0,0,0,0,0,0,1,0,0,0,0,19,0,0,1,0,0,0,0,0,0,0,4,0,0,0,2,1,3,6,0,0,0,0,2,2,0,0,0,0,1,0,0,3,0,2,0,0,1,1,1,2,0,0,0,4,0,0,0,1,3,0,0,0,9,30,0,0,0,0,0,3,2,0,2,0,4,1,0,0,0,0,1,0,0,0,0,1,0,1,0,8,0,1,0,0,0,0,0,2,0,0,0,3,1,0,0,14,6,0,0,0,16,1,0,1,7,1,0,2,1,0,0,2,3,0,0,0,0,3,1,0,0,0,0,2,2,0,0,0,5,0,2,0,14,0,0,0,0,0,0,1,0,0,0,0,0,0,0,0,0,3,0,1,8,0,0,2,0,5,0,6,1,0,0,0,0,0,9,1,0,0,4,0,0,3,0,0,0,0,0,0,0,0,0,0,0,0,0,1,0,0,1,0,3,0,0,0,0,0,0,0,0,1,2,29,0,0,0,2,0,0,0,17,8,0,0,1,1,42,17,0,0,0,0,0,3,0,0,51,0,1,0,1,1,1,0,0,15,1,0,1,0,0,0,0,0,0,0,0,13,0,0,0,0,1,0,0,0,0,1,0,0,0,6,0,0,0,1,0,1,1,0,0,0,0,15,1,0,0,1,0,5,0,4,7,0,0,1,4,1,0,5,0,9,5,1,0,1,0,6,6,0,1,0,0,1,0,9,0,0,58,2,0,1,6,1,0,0,0,1,3,1,4,0,1,0,0,0,0,0,5,0,0,0,16,2,0,0,0,0,1,0,1,0,0,0,1,0,1,0,1,0,0,1,0,0,0,0,0,1,0
145,2194,2194 - COLEGIO ENERGIA ATIVA - PARTICULAR - 145ª ZE - CURITIBA,"RUA IZAAC FERREIRA DA CRUZ, 1905  SÍTIO CERCADO",SITIO CERCADO,-25.5356877,-49.2831471,65,0,3013,2109,230,121,0,1,4,7,16,0,0,3,10,1,1,0,1,2,1,16,0,7,1,8,2,1,23,1,4,1,0,0,0,1,0,0,2,0,4,0,15,1,26,1,0,3,0,0,0,1,0,3,0,6,13,0,0,1,2,1,0,1,0,0,1,53,0,14,2,3,1,0,0,5,0,4,3,0,7,1,0,0,2,0,0,24,4,1,0,0,0,0,0,0,0,8,3,3,1,1,1,0,0,7,17,5,0,9,7,9,0,0,0,1,0,1,0,0,2,0,0,16,0,0,0,1,0,4,97,0,0,0,1,0,0,0,1,0,6,1,12,0,4,0,2,0,0,0,0,1,19,2,10,2,7,0,0,1,7,22,6,0,0,0,2,0,14,1,1,3,0,14,14,3,6,0,0,4,1,1,1,0,3,1,0,0,1,0,0,5,0,0,1,0,1,1,0,11,1,0,2,1,1,0,1,1,0,0,0,2,1,0,1,1,0,0,0,0,2,13,5,0,0,0,4,0,0,0,1,0,13,0,0,1,2,11,21,2,0,0,0,0,1,9,10,0,0,1,0,1,1,1,0,0,1,0,0,3,3,0,0,1,5,0,1,1,13,1,6,0,7,1,0,0,12,0,2,0,0,0,7,0,7,4,2,2,2,0,7,2,0,1,9,0,0,14,13,0,0,9,0,0,15,2,0,0,0,0,3,0,0,1,1,0,3,1,0,0,0,3,0,1,0,1,2,0,0,0,0,0,0,0,0,1,28,0,1,0,0,0,0,6,1,3,2,0,0,0,5,0,0,3,0,0,0,1,2,0,0,1,5,0,5,0,0,0,0,0,1,0,0,2,0,0,0,1,0,0,1,0,0,0,1,1,0,0,1,0,0,0,0,0,0,0,0,1,1,0,1,0,0,1,1,3,0,0,1,1,0,0,0,0,1,2,4,0,0,0,0,3,2,0,0,0,0,7,0,1,1,0,0,0,10,0,0,12,0,1,1,0,2,0,0,1,0,0,0,1,3,0,1,1,2,0,0,0,5,31,0,0,2,0,0,0,0,0,6,3,1,0,0,2,0,0,3,0,0,0,0,3,1,1,0,8,0,0,0,2,0,0,0,0,0,0,0,3,0,1,0,15,4,0,0,0,3,1,0,0,7,0,2,0,2,0,19,1,0,0,0,0,0,0,2,0,0,1,0,0,0,0,0,0,7,0,2,1,7,0,0,0,3,0,0,3,0,0,0,0,0,0,0,0,0,2,0,0,11,2,2,2,10,3,0,17,7,0,0,0,10,1,5,2,0,0,0,0,0,0,0,1,0,0,0,0,0,0,0,0,0,2,0,2,0,0,0,3,2,6,0,1,0,2,0,0,0,1,2,14,3,0,0,1,0,0,0,21,12,1,0,0,1,30,15,0,1,0,0,0,2,0,0,58,1,1,0,0,0,0,0,0,20,1,0,0,0,0,0,0,0,0,0,0,6,0,2,0,0,1,1,1,0,0,0,1,0,0,1,0,1,0,2,0,6,1,0,0,0,2,7,0,0,0,0,0,1,0,6,4,0,0,0,1,0,2,3,0,18,11,4,0,2,0,5,9,0,1,0,0,0,0,12,0,3,43,2,0,0,8,0,0,0,1,1,2,3,1,0,0,0,2,1,2,0,2,0,0,0,15,4,0,0,0,0,1,0,0,2,0,0,1,0,0,0,0,0,0,2,0,0,0,0,0,0,0
145,2232,2232 - ESCOLA MUNICIPAL DONA LULU - 145ºZE-CURITIBA,"RUA MILTON MIRAMIR VISINONI, 45, SÍTIO CERCADO ",SITIO CERCADO,-25.5401505,-49.2514302,65,0,2357,1727,143,85,0,2,4,6,7,3,3,1,4,1,0,0,0,0,1,16,1,6,0,4,2,0,21,0,2,0,0,0,0,0,0,0,2,0,18,0,1,0,28,0,0,6,2,0,0,0,0,0,0,19,2,0,0,1,1,1,0,0,0,1,0,29,0,4,0,2,0,0,0,5,3,0,0,1,3,0,0,0,3,0,1,9,6,3,0,0,0,0,1,0,0,10,0,2,3,0,0,0,0,10,2,1,2,1,3,1,0,0,0,0,0,0,0,0,1,3,0,0,0,0,1,0,0,1,169,0,0,0,0,0,1,2,0,0,0,0,11,0,3,0,0,3,0,1,0,2,26,3,0,9,5,0,0,0,1,9,3,0,0,1,0,0,12,1,1,1,0,1,204,4,4,0,0,2,0,3,0,0,0,0,0,0,1,0,0,3,0,0,1,2,0,1,0,0,0,0,1,0,1,0,2,0,0,0,0,3,1,0,1,1,0,1,1,0,0,24,4,0,0,0,2,0,0,0,6,2,6,0,0,0,0,1,8,0,0,0,1,0,0,3,4,0,0,4,1,0,0,0,0,0,0,0,0,1,2,0,0,0,2,0,9,0,9,0,1,2,4,0,0,0,6,0,0,0,0,0,7,1,6,2,0,0,0,0,2,0,0,0,23,0,0,8,4,0,0,12,4,0,8,2,0,0,0,0,0,0,0,0,0,0,0,2,0,0,2,0,0,0,0,1,1,0,0,1,0,0,0,0,0,1,22,0,0,0,0,0,0,0,0,0,0,0,0,2,1,0,0,0,0,0,0,0,0,0,0,0,1,0,1,0,0,0,0,0,0,1,0,3,6,0,0,0,0,0,0,0,0,0,0,0,0,1,0,0,0,0,0,0,0,0,0,0,1,0,0,0,0,0,0,14,0,0,0,0,0,0,0,0,0,0,4,0,0,2,0,0,1,3,0,0,0,3,0,0,1,0,0,0,1,0,1,2,0,0,1,0,0,0,0,0,0,1,0,0,3,0,0,0,1,0,0,0,7,8,0,0,0,0,0,1,0,0,1,0,0,0,0,0,0,0,4,0,0,0,0,2,1,0,0,4,0,0,1,1,0,0,0,3,0,0,0,0,0,1,0,6,2,0,1,0,2,0,0,1,7,0,1,1,0,0,0,1,0,1,0,0,0,1,3,0,0,3,0,0,0,0,1,0,1,0,2,0,7,0,0,0,0,1,0,0,0,0,0,0,0,0,0,0,0,0,0,0,0,5,0,0,0,0,0,7,1,0,0,0,2,0,4,0,0,1,0,1,0,0,0,0,0,0,0,0,0,3,0,0,0,2,0,1,0,0,0,0,3,1,0,0,0,2,0,0,0,0,2,30,3,0,0,0,0,0,0,14,7,1,0,0,0,25,13,0,0,0,1,0,0,0,0,36,0,0,0,0,0,0,0,0,7,2,0,0,0,0,0,0,0,0,0,0,8,1,0,0,0,0,0,0,0,0,1,0,0,2,0,0,0,0,0,0,3,0,0,0,0,0,11,1,0,0,0,0,1,1,4,5,0,0,0,0,0,0,6,0,6,5,10,0,0,0,14,5,0,2,0,0,0,0,7,0,3,50,1,0,0,20,0,0,0,0,0,1,0,2,0,0,0,1,0,1,0,1,0,0,0,14,3,0,0,0,5,0,2,0,0,0,0,3,0,0,0,0,1,0,1,1,0,0,0,0,1,0
145,2240,2240-COLEGIO ESTADUAL PROFESSOR GUIDO ARZUA - 145ªZE - CURITIBA,"RUA MANDIRITUBA, 2100, SÍTIO CERCADO",SITIO CERCADO,-25.5504333,-49.2688383,65,0,3044,2052,209,114,0,3,6,4,15,0,0,1,10,0,0,0,1,3,0,7,0,7,0,3,2,0,15,1,1,2,0,0,1,2,0,0,0,0,1,0,0,0,25,0,0,0,0,0,0,0,1,0,1,16,12,0,0,1,0,2,0,1,0,0,0,34,1,16,1,7,0,0,0,10,2,2,4,2,7,0,0,0,3,0,0,12,5,3,2,0,0,0,1,0,0,6,0,5,1,0,1,2,1,4,2,2,5,1,5,1,0,0,0,1,0,0,0,0,0,1,0,1,0,0,0,0,0,2,331,1,0,0,0,0,1,0,1,0,2,0,7,1,2,0,0,0,1,2,0,2,25,4,3,2,3,1,0,1,1,18,0,0,0,2,1,0,11,2,1,3,0,8,43,13,4,0,2,2,1,8,0,0,3,3,0,0,2,2,0,7,0,0,0,1,0,0,0,2,0,0,2,0,3,0,5,1,0,0,0,1,0,0,1,2,0,1,0,0,0,8,5,0,7,0,5,0,0,0,2,2,7,0,0,0,1,2,15,0,0,0,1,0,0,4,26,0,0,8,0,2,1,0,0,0,0,0,0,0,0,0,0,0,0,4,4,1,3,1,5,1,1,0,0,4,15,0,3,0,0,0,34,1,4,5,0,0,0,0,5,0,0,2,30,5,0,7,13,0,0,14,2,0,3,0,0,1,1,0,1,0,0,2,0,0,0,0,0,0,2,2,1,2,0,1,0,0,0,0,0,0,0,0,0,0,16,0,1,0,1,0,0,17,0,0,0,0,0,0,0,0,0,2,0,0,0,0,0,0,2,0,4,0,0,0,1,0,0,0,3,2,0,6,3,0,0,0,0,0,0,0,0,0,0,5,0,0,0,0,0,0,0,0,0,0,0,1,0,0,2,0,0,0,0,3,0,0,0,1,0,0,0,0,1,0,10,0,0,1,0,0,2,0,1,0,0,5,0,2,0,0,0,1,0,0,1,2,0,1,0,0,0,0,0,2,0,0,1,1,1,0,0,0,0,2,0,0,8,17,0,0,0,1,0,0,0,0,7,0,0,0,1,0,0,0,1,0,0,0,0,0,0,0,0,11,0,0,1,1,0,0,0,0,0,2,0,2,0,0,0,14,1,1,0,0,8,0,0,0,5,0,0,1,1,0,0,1,4,1,0,0,0,1,8,1,0,0,0,0,0,1,0,1,1,0,2,0,5,0,0,2,0,0,0,3,0,0,0,0,0,0,0,0,0,0,3,1,5,0,0,0,2,3,0,3,8,0,0,0,2,0,5,1,0,0,1,0,0,0,2,0,0,0,0,1,2,0,0,0,0,0,0,1,0,0,1,0,5,8,0,0,0,0,1,0,0,0,2,23,1,0,0,0,0,0,1,11,10,1,0,0,1,32,20,4,0,0,0,0,0,0,0,35,0,0,0,0,0,0,0,0,21,1,0,1,0,0,0,0,0,0,0,0,1,1,0,0,0,0,4,4,0,0,1,0,0,0,0,1,0,0,1,0,1,0,0,0,0,1,6,0,0,0,0,0,4,0,1,4,0,2,0,1,0,1,4,0,4,7,5,0,2,0,6,12,0,0,0,0,0,0,4,0,0,30,0,0,0,4,0,1,0,0,1,0,2,0,0,0,0,0,2,1,0,1,0,0,0,41,3,0,0,0,0,0,2,0,0,0,0,2,0,0,0,0,0,0,1,0,0,0,0,0,1,3
145,2259,ESCOLA MUNICIPAL PROFESSORA NATHÁLIA DE CONTO COSTA,"RUA EDUARDO PINTO DA ROCHA, 6077 - UMBARÁ",UMBARA,-25.5662152,-49.2792871,73,0,1515,1161,119,59,0,2,1,1,6,4,0,0,2,0,1,1,0,2,2,6,0,5,0,3,0,2,11,0,0,8,0,0,1,2,0,0,0,0,0,0,5,0,4,0,0,0,3,0,0,0,0,3,0,3,2,0,0,1,0,0,0,0,1,0,0,11,0,11,0,1,0,0,0,1,0,4,2,0,3,0,0,0,1,0,0,120,0,0,0,1,0,0,0,0,0,13,0,0,1,1,0,0,0,3,2,4,0,2,5,3,0,0,0,1,0,0,0,0,0,0,0,2,0,1,0,0,0,2,74,0,0,0,0,0,0,0,1,0,1,0,3,0,5,0,0,0,0,1,0,0,5,1,2,3,1,0,3,0,6,10,1,0,0,0,1,0,5,1,0,0,0,15,2,4,3,0,0,1,0,0,0,0,1,0,0,0,0,0,0,0,0,0,34,0,0,1,0,2,0,0,5,0,0,0,1,6,0,0,0,0,1,0,0,1,0,0,1,0,1,3,2,0,0,0,2,1,0,1,0,1,4,0,0,0,1,7,3,0,0,1,2,0,0,1,5,0,0,0,0,2,0,0,0,0,0,0,0,0,0,1,0,0,0,1,1,2,1,0,3,0,2,0,0,0,5,0,0,0,0,0,2,1,3,3,0,0,1,0,3,0,0,0,15,0,0,9,8,0,0,1,2,0,4,1,0,0,0,0,1,0,0,0,0,0,2,0,0,1,0,0,0,2,0,0,2,0,0,0,0,0,0,0,0,0,7,0,0,0,2,0,0,1,0,0,0,0,0,0,1,0,0,0,0,0,0,0,0,0,0,0,14,0,1,0,0,0,0,0,0,0,0,1,3,0,0,0,0,0,0,0,0,0,0,0,0,0,0,0,0,0,0,0,0,0,0,0,1,0,0,0,0,0,1,2,0,0,0,0,0,0,0,0,0,3,4,0,0,1,0,0,1,1,0,0,0,2,0,0,1,0,0,0,1,0,0,0,0,1,4,0,0,0,0,1,0,1,0,0,2,0,0,0,0,0,0,0,4,15,0,0,0,0,0,0,0,0,29,0,0,1,0,3,0,0,0,0,0,0,0,0,0,0,0,4,0,0,1,1,0,0,0,1,0,0,0,3,0,0,0,2,0,0,0,0,0,0,0,0,0,0,0,2,0,0,1,2,0,0,0,0,0,0,4,0,0,0,0,1,0,0,1,0,1,0,7,0,0,0,2,1,2,0,0,0,0,0,0,0,0,0,1,0,2,0,0,0,3,0,0,0,0,2,4,7,3,0,0,0,4,1,4,0,1,0,0,0,0,2,2,0,0,0,0,4,0,0,0,0,0,2,2,0,0,0,0,0,0,1,1,0,0,0,0,0,0,2,0,6,4,0,2,0,0,0,0,9,7,0,1,0,1,25,16,0,0,0,0,2,0,0,0,23,0,1,0,0,0,0,0,0,7,0,0,1,3,0,0,0,0,0,0,0,1,0,0,0,0,1,0,0,0,0,0,0,0,0,1,0,0,0,1,0,3,0,0,0,0,0,4,0,0,0,0,0,1,0,3,0,0,0,0,1,0,0,2,0,14,6,0,0,1,0,5,9,0,0,0,0,0,0,3,0,0,7,3,0,1,6,0,0,0,0,0,2,1,0,0,0,0,0,0,1,0,3,0,0,0,6,1,0,0,0,0,0,0,0,0,0,0,0,0,0,1,0,0,0,0,1,0,0,0,0,0,0
145,2267,ESCOLA MUNICIPAL HERACLITO FONTOURA SOBRAL PINTO,"RUA LUCIO DE OLIVEIRA LARA, 75",SITIO CERCADO,-25.5576684,-49.2570936,65,0,2009,1402,131,76,0,1,3,2,3,1,0,2,3,0,4,1,3,1,1,3,0,4,1,7,0,0,9,1,2,1,0,0,0,0,0,0,0,0,2,0,0,0,18,2,0,1,2,0,4,0,0,0,0,26,10,0,0,0,0,1,0,1,0,0,0,26,0,9,1,1,0,0,0,13,0,2,0,0,3,0,0,1,0,0,0,12,1,0,1,0,0,0,0,0,0,3,0,1,0,0,1,1,1,6,4,2,0,0,8,3,0,0,0,1,0,0,0,0,0,0,0,0,0,1,0,0,0,0,68,0,0,0,0,0,0,0,1,1,2,0,3,0,2,0,0,0,0,3,0,1,2,2,5,10,3,0,0,1,0,10,3,0,0,0,0,1,20,2,1,2,0,1,14,4,0,0,0,0,0,5,0,0,1,0,0,0,0,0,0,3,0,0,2,0,0,0,0,0,0,0,5,0,0,0,1,0,1,0,0,1,1,0,0,1,0,0,0,0,2,6,6,0,1,0,36,1,0,0,3,0,3,0,0,0,0,3,11,0,0,0,0,0,0,1,0,0,0,1,0,1,0,0,0,0,0,0,0,0,1,0,0,0,3,1,0,0,3,1,5,0,7,0,2,0,6,4,2,0,1,0,21,0,2,1,0,0,2,0,3,0,0,0,88,2,0,6,3,1,0,9,0,0,5,2,0,2,0,0,0,0,1,1,0,0,0,0,0,0,0,1,0,2,0,0,0,0,0,1,0,0,0,0,0,2,11,0,0,0,5,0,0,1,0,0,0,0,0,0,0,0,0,6,0,0,0,0,1,0,0,0,3,0,1,0,1,0,0,0,1,0,0,2,0,0,0,0,0,0,3,0,0,0,0,0,0,0,0,0,0,0,0,0,0,0,0,2,0,0,0,0,0,0,0,1,0,0,0,1,0,0,0,0,1,1,51,0,0,0,0,0,0,6,1,0,0,1,0,0,1,0,0,0,0,0,1,0,1,1,0,0,0,0,0,1,0,0,0,1,1,0,0,0,0,0,0,0,1,3,0,0,0,0,0,0,0,0,6,0,0,0,0,1,0,1,2,0,0,0,0,2,0,1,0,4,0,0,0,0,0,0,0,0,0,3,0,3,0,0,0,7,1,0,0,0,0,0,0,0,1,0,0,2,2,0,1,0,0,0,0,1,0,0,9,0,0,0,0,0,0,1,0,0,2,0,3,0,3,0,0,0,0,0,0,0,0,0,0,0,0,0,0,0,1,0,0,1,12,1,0,1,0,0,0,2,1,0,0,0,2,0,9,0,1,0,0,0,0,0,0,0,0,0,0,0,2,1,0,0,1,0,0,2,0,0,0,0,2,7,0,0,0,1,0,0,1,0,0,19,2,0,0,0,0,0,1,9,5,1,0,0,1,21,62,0,0,0,0,0,0,0,0,19,1,1,0,0,0,0,0,0,13,0,0,0,0,0,0,0,0,0,0,0,1,0,0,0,0,1,2,1,0,0,0,0,0,0,6,0,0,0,1,0,0,0,0,0,0,0,5,0,0,0,0,0,0,0,1,2,0,0,0,1,0,1,7,0,2,3,7,0,5,0,1,2,0,0,0,0,0,0,5,0,0,46,0,0,4,5,0,1,0,0,0,0,3,1,0,0,0,1,0,0,0,1,0,0,0,30,4,0,0,0,0,0,2,0,0,0,0,1,0,0,0,0,0,0,1,0,0,0,0,0,0,0
145,2283,2283 - COLEGIO NOVO EDEN - 145ª ZE - CURITIBA,"RUA MANDIRITUBA, 1327  SÍTIO CERCADO ",SITIO CERCADO,-25.5449858,-49.2725324,65,0,2471,1755,156,85,0,1,2,3,14,0,1,6,6,0,1,1,0,3,1,13,1,2,0,4,1,0,8,0,2,1,0,0,1,0,0,0,0,0,4,0,0,1,9,0,2,0,0,0,0,0,0,0,0,12,4,1,0,0,1,0,0,1,0,0,0,34,0,24,2,7,1,0,0,2,0,0,4,2,2,0,0,0,1,0,2,4,1,1,1,1,1,0,2,0,0,12,0,6,0,1,1,0,0,4,5,5,1,1,3,4,0,0,0,0,0,1,0,0,0,0,1,1,0,0,0,0,0,3,231,0,0,0,0,0,0,0,0,0,0,0,10,0,5,0,0,2,1,1,0,2,11,5,4,3,4,0,1,1,7,15,2,0,0,1,0,0,10,3,1,2,0,3,33,6,8,0,2,2,1,0,0,0,0,0,0,0,2,0,0,3,0,0,0,0,0,1,0,2,0,0,5,1,5,0,2,0,0,0,0,5,2,0,0,1,0,0,0,0,2,16,2,0,3,0,7,0,0,0,3,1,18,0,0,0,0,2,10,0,0,2,1,0,0,4,7,0,1,6,0,3,0,1,0,0,0,0,0,0,1,0,0,1,1,1,8,3,7,1,4,0,4,1,1,0,11,1,0,0,0,0,15,1,3,5,0,0,0,0,5,1,0,0,33,0,1,13,7,0,0,9,6,0,7,1,2,0,1,0,2,1,0,0,1,0,0,0,0,0,1,0,0,0,0,2,0,0,0,0,0,2,0,0,0,0,20,0,0,0,0,0,0,2,0,0,0,0,0,0,3,0,0,2,0,0,0,0,0,0,4,0,2,0,0,0,0,1,0,0,4,0,0,1,8,0,0,0,0,0,0,0,0,0,1,3,0,0,1,0,0,0,0,0,0,0,0,0,0,0,0,1,0,0,0,3,0,0,0,0,0,0,0,0,1,0,6,0,0,0,0,0,1,1,3,0,0,1,0,0,0,0,0,0,6,0,0,2,0,1,0,0,0,1,2,1,0,0,0,0,2,0,0,1,0,0,0,0,4,22,0,0,0,0,0,0,0,0,11,1,0,0,0,1,0,0,2,0,0,0,0,1,0,0,0,5,0,1,1,2,0,0,0,1,0,0,0,7,0,0,0,14,5,0,0,0,2,0,0,0,2,0,0,1,3,0,5,0,1,0,0,0,1,0,5,0,0,0,0,0,0,2,0,0,4,0,3,0,7,0,0,0,0,0,0,4,0,0,0,0,1,0,0,0,0,0,2,2,6,0,0,2,2,4,0,10,3,0,0,0,5,1,7,0,0,1,1,0,0,0,1,0,0,0,0,1,0,0,1,0,0,1,0,2,1,0,0,1,0,2,0,0,0,1,0,1,0,1,2,6,2,0,0,0,0,0,0,14,8,0,0,0,1,28,27,0,0,0,1,0,0,0,1,52,0,1,0,0,0,0,0,0,20,2,0,1,0,0,1,0,0,0,0,0,1,0,0,1,0,0,1,1,0,1,0,0,0,0,4,0,0,0,1,0,2,0,0,0,0,0,9,2,0,0,0,0,1,0,3,2,0,0,2,0,0,1,2,0,21,9,7,1,1,0,8,5,0,0,0,0,0,0,7,0,0,31,2,0,1,3,1,0,0,1,0,0,2,0,0,0,0,1,0,1,0,4,0,0,0,17,2,0,0,0,0,0,2,0,0,0,2,5,0,0,0,0,1,1,2,2,0,0,0,1,0,2
145,2291,GRUPO EDUCACIONAL UNINTER - POLO SITIO CERCADO,"RUA URAÍ, 78",SITIO CERCADO,-25.5414692,-49.2806062,65,0,209,142,14,6,0,0,0,1,2,0,0,0,0,0,0,1,0,0,2,0,0,0,0,1,0,0,0,0,0,0,0,0,0,0,0,0,0,0,0,0,0,0,3,0,0,0,0,0,0,0,0,0,0,1,0,0,0,0,0,0,0,1,0,0,0,5,0,0,0,0,0,0,0,2,0,0,0,0,0,0,0,0,0,0,0,0,1,0,1,0,0,0,0,0,0,2,0,0,0,0,0,0,0,1,0,1,0,0,0,0,0,0,0,0,0,0,0,0,0,0,0,0,0,0,0,0,0,0,9,0,0,0,0,0,0,0,0,0,0,0,0,0,1,0,0,0,0,0,0,0,2,0,0,0,0,0,0,0,1,3,0,0,0,0,0,0,3,0,0,0,0,0,2,0,0,0,0,0,1,1,0,0,0,0,0,0,0,0,0,0,0,0,1,0,0,0,0,1,0,0,0,0,0,0,0,0,0,0,0,1,0,0,0,0,0,0,0,0,0,1,0,0,0,0,0,0,0,0,0,2,1,0,0,0,0,0,1,0,0,0,0,0,0,0,1,0,0,0,0,0,0,0,0,0,0,0,0,0,2,0,0,0,0,1,0,0,0,0,0,0,0,0,0,0,0,0,1,0,0,0,3,0,0,0,0,0,0,0,0,0,0,0,4,0,0,1,0,0,0,3,1,0,1,0,0,0,0,0,0,0,0,0,0,0,0,0,0,0,0,0,0,0,0,0,0,0,0,0,0,0,0,0,0,0,3,0,0,0,0,0,0,0,0,0,0,0,0,0,0,0,0,0,0,0,0,0,0,0,0,0,0,0,0,0,0,0,0,0,0,0,0,0,0,0,0,0,0,0,0,0,0,0,1,0,0,0,0,0,0,0,0,0,0,0,0,0,0,0,0,0,0,0,0,0,0,0,0,0,0,0,0,0,0,0,0,0,0,0,0,0,0,0,0,0,0,0,0,0,0,0,0,0,0,0,0,0,0,0,0,0,0,0,0,1,0,0,0,0,0,0,0,1,0,0,0,0,0,1,0,0,0,0,0,0,0,0,1,0,0,0,0,0,0,0,0,0,0,0,0,0,0,0,0,1,0,0,0,0,0,0,0,0,0,0,0,0,0,0,0,1,1,0,0,0,1,0,0,0,0,0,0,0,0,0,0,1,0,0,0,0,0,0,1,0,0,0,0,0,0,0,0,0,0,0,0,0,1,0,0,0,0,0,0,0,0,0,0,0,1,0,0,0,0,0,0,1,1,0,0,0,0,0,0,0,0,0,0,0,0,1,0,0,0,0,0,0,0,0,0,0,0,0,0,0,0,0,0,0,0,0,0,0,0,0,0,0,1,0,0,0,0,0,0,0,0,0,0,2,0,0,0,0,0,0,0,2,0,0,0,0,0,2,3,0,0,0,0,0,0,0,0,2,0,0,0,0,0,0,0,0,3,1,0,0,0,0,0,0,0,0,0,0,0,0,0,0,0,0,1,0,0,0,0,0,0,0,0,0,0,0,0,0,0,0,0,0,0,0,0,0,0,0,0,0,0,0,0,0,0,0,1,0,0,0,0,0,0,1,0,0,1,0,1,1,0,0,0,0,0,0,1,0,0,2,0,0,1,0,0,0,0,0,1,0,0,0,0,0,0,0,0,0,0,0,0,0,0,2,0,0,0,0,0,0,0,0,0,0,0,0,0,0,0,0,0,0,0,0,0,0,0,0,0,0
145,2372,2372 - FACULDADE FACEAR - CAMPUS SÍTIO CERCADO - 145ª ZE - CURITIBA,"RUA MERCÚRIO, 463",SITIO CERCADO,-25.5322306,-49.2666216,65,0,431,249,37,14,0,0,0,1,1,0,0,0,0,0,0,0,0,0,0,0,0,0,0,0,0,1,0,0,0,0,0,0,0,0,0,0,0,0,0,0,0,0,5,0,3,0,0,0,0,0,0,0,0,2,0,0,0,1,0,0,0,1,0,0,0,5,0,0,1,1,0,0,0,0,0,1,0,0,0,0,0,0,0,0,0,0,0,0,0,0,0,0,0,0,0,0,0,0,0,0,0,0,0,0,0,0,0,0,0,1,0,0,0,4,0,0,0,0,0,0,0,0,0,0,0,0,0,0,13,0,0,0,0,0,0,0,0,0,1,0,1,0,1,0,1,0,0,0,0,0,0,1,0,3,1,0,0,0,0,1,0,0,0,0,0,0,0,1,0,0,0,0,2,1,0,0,0,0,1,1,0,0,3,0,0,0,0,0,0,1,0,0,0,0,0,0,0,1,0,0,0,0,0,0,0,0,0,0,0,0,0,0,0,1,0,0,0,0,0,0,0,0,0,0,1,0,0,0,0,0,0,0,0,0,0,0,2,0,0,0,0,0,0,4,1,0,0,3,0,0,0,1,0,0,0,0,0,0,0,0,0,0,0,0,0,2,0,2,0,0,0,0,0,2,0,1,0,1,0,0,3,0,0,0,0,0,0,0,0,0,0,0,7,0,1,3,1,0,0,1,1,0,1,0,0,0,0,0,0,0,0,0,0,0,0,0,0,0,0,0,0,0,0,0,0,0,0,0,0,0,0,0,0,0,5,0,0,0,0,0,1,1,0,0,0,0,0,0,1,0,0,0,0,0,0,1,0,0,0,0,0,0,0,0,0,0,0,0,1,0,0,1,0,0,0,0,0,0,0,0,0,0,0,0,0,0,0,0,0,0,0,0,0,0,0,0,1,0,0,0,0,0,0,0,0,0,0,0,0,0,0,0,4,0,1,0,0,0,0,2,0,0,0,0,0,0,0,0,0,0,0,0,0,0,0,0,0,0,0,0,0,0,0,0,0,0,0,1,1,0,0,0,0,0,0,0,2,3,0,0,0,0,0,0,0,0,2,1,0,0,0,0,0,0,0,0,0,0,0,0,0,0,0,1,0,0,0,0,0,0,0,0,0,0,0,2,0,0,0,1,0,0,0,0,2,0,1,0,0,0,0,0,0,0,1,0,0,0,0,0,0,0,0,0,0,0,0,0,0,0,0,0,0,0,0,0,1,0,0,0,0,0,1,0,0,0,0,0,1,0,0,0,0,0,0,0,2,0,0,0,0,0,0,0,1,0,0,0,2,0,3,0,0,0,0,0,0,0,0,0,0,0,0,0,0,0,0,0,0,0,0,0,0,0,0,0,0,1,0,0,0,0,0,0,0,0,2,0,0,0,0,0,0,0,0,1,1,0,0,0,0,4,0,0,0,0,0,0,0,0,0,6,0,0,0,0,0,0,0,0,7,1,0,0,0,0,0,0,0,0,0,0,0,0,0,0,0,0,1,0,0,0,0,0,0,0,1,0,0,0,0,0,0,0,0,1,0,0,3,0,0,0,0,0,0,0,1,2,0,0,0,0,0,0,0,0,3,4,0,0,0,0,0,1,0,0,0,0,0,0,1,0,0,1,0,0,0,2,0,1,0,0,0,0,0,0,0,0,0,1,0,0,0,0,0,0,0,0,2,0,0,0,0,0,0,0,0,0,0,0,0,0,0,0,0,0,0,1,0,0,0,0,0,0
174,1015,COLÉGIO ESTADUAL GOTTLIEB MUELLER,R BOM JESUS DE IGUAPE   3333,BOQUEIRAO,-25.4931765,-49.23855342,56,0,2128,1523,134,69,0,4,4,3,14,2,0,1,8,0,1,0,1,2,1,19,0,5,0,3,3,1,9,0,0,1,1,0,0,1,0,0,0,0,0,0,0,0,14,25,0,6,5,0,2,0,0,0,0,24,1,1,1,1,0,0,1,3,1,1,0,116,0,5,14,2,3,0,0,0,2,1,1,0,11,0,0,0,2,0,1,2,3,3,1,5,0,0,4,0,0,12,2,33,0,0,0,3,0,3,0,1,2,1,3,4,0,0,0,2,0,0,0,0,4,0,2,1,0,1,0,1,0,0,7,0,0,1,1,0,0,2,7,0,4,0,11,0,0,0,2,0,0,1,0,7,3,2,9,3,4,0,0,0,7,19,0,1,0,0,0,0,18,2,0,2,0,10,4,6,6,0,0,2,0,0,0,0,0,0,0,3,1,0,3,8,0,0,1,1,0,0,0,2,0,1,0,2,0,0,16,0,0,0,0,0,0,0,0,1,0,2,0,0,0,3,0,0,0,0,0,0,0,0,0,0,10,0,0,2,0,3,4,0,0,0,0,0,0,5,8,1,0,15,0,0,0,0,0,0,0,0,0,0,0,0,1,0,1,0,10,3,4,1,8,0,4,0,2,0,10,0,0,0,0,0,11,2,2,4,1,0,1,0,4,0,2,5,0,1,0,4,12,0,1,11,1,0,16,0,0,7,0,0,2,0,0,3,0,0,5,0,0,0,8,0,0,2,0,2,0,0,0,0,1,0,0,0,0,1,18,0,0,0,0,0,0,1,0,0,0,0,0,0,1,0,0,0,0,3,0,0,0,0,0,0,0,0,0,0,0,0,0,0,1,4,0,0,0,0,0,0,0,0,0,0,0,0,0,0,1,0,0,0,0,8,0,0,0,0,0,0,0,0,0,0,0,0,0,0,0,0,2,0,0,2,1,0,0,0,1,0,0,0,0,0,0,0,0,0,0,1,1,0,0,0,0,0,0,0,0,8,0,2,0,0,0,0,1,0,0,0,0,1,2,0,0,0,0,0,0,0,7,10,0,0,0,0,0,0,0,0,1,0,1,2,0,0,0,1,2,0,0,0,0,0,0,0,0,11,0,0,0,5,0,0,0,0,0,0,0,1,0,1,1,15,8,0,0,1,1,1,3,0,3,0,1,2,0,1,1,1,0,0,0,0,1,4,0,0,0,0,0,0,0,0,0,2,8,0,2,0,6,0,1,3,0,1,0,1,0,0,0,0,0,0,0,2,0,0,0,1,0,0,0,0,0,2,0,4,5,1,0,0,2,0,10,0,0,0,0,0,0,0,0,0,6,0,12,0,0,0,0,0,0,1,0,0,0,0,0,1,2,0,0,1,0,0,0,0,0,0,5,3,1,0,0,0,0,0,0,10,7,1,0,0,0,30,0,0,2,0,0,0,0,3,0,27,0,1,0,0,0,0,0,0,8,0,0,2,0,0,0,0,0,1,0,0,21,0,0,0,0,0,0,2,0,0,0,0,0,4,1,0,1,0,0,0,1,0,0,1,0,0,13,1,0,0,0,0,3,0,2,0,0,0,1,0,2,1,2,0,4,7,5,0,5,1,8,1,0,1,1,0,1,2,5,0,0,62,2,0,1,3,1,1,0,0,1,1,5,0,0,0,0,0,0,0,0,2,0,0,0,8,2,0,1,0,0,0,1,3,0,0,0,0,0,0,0,0,0,0,0,2,0,0,0,0,0,0
174,1023,ESCOLA  MUNICIPAL LAPA,"R DIOGO MUGGIATTI, 1292",BOQUEIRAO,-25.51030383,-49.22836824,56,0,3015,2199,161,95,0,1,4,1,16,4,1,0,6,2,1,1,0,0,0,11,1,9,1,7,0,4,23,2,4,2,0,0,0,0,0,0,1,0,0,1,3,0,16,2,0,3,4,0,1,0,0,2,0,9,1,0,0,0,2,0,0,1,0,0,2,284,5,9,10,0,1,0,0,1,1,3,3,0,10,0,0,0,5,0,0,3,1,0,1,2,0,0,2,0,0,18,3,60,1,5,0,4,0,3,3,1,0,0,9,3,0,0,1,6,0,1,0,0,1,0,0,0,0,0,0,0,0,1,3,0,0,0,1,0,0,3,1,0,4,0,19,0,1,1,0,1,0,0,1,7,0,6,12,7,4,0,0,1,2,30,2,0,0,0,0,2,22,7,3,2,0,6,1,9,6,0,0,4,2,5,0,0,0,0,0,0,1,1,10,5,0,0,0,3,0,0,0,2,1,0,3,0,1,0,10,0,0,0,0,0,2,0,0,0,0,1,0,0,0,5,1,1,0,0,8,0,0,0,0,0,14,0,0,1,0,15,8,0,0,0,0,0,0,12,1,0,0,11,0,6,0,0,0,0,0,3,0,1,5,0,0,0,22,1,11,4,8,2,6,1,6,0,0,2,5,0,3,0,0,0,27,2,4,4,1,0,0,0,12,0,4,0,8,2,0,15,16,0,0,11,0,2,11,1,0,0,1,7,2,3,0,12,0,0,1,0,0,0,0,0,0,0,0,0,1,1,1,0,1,0,0,0,0,0,17,0,0,0,0,0,0,0,0,0,0,0,0,0,2,0,2,2,0,3,0,0,1,0,0,0,0,0,0,0,0,2,0,0,0,11,0,2,0,0,0,0,0,0,0,0,1,0,0,0,0,1,0,0,0,1,0,1,0,0,0,0,0,1,1,0,0,1,0,1,0,0,0,0,0,0,0,0,0,1,0,0,0,0,0,0,0,0,0,0,0,11,0,0,2,0,0,0,0,0,0,9,0,8,1,0,0,2,0,1,0,0,0,0,4,0,1,0,0,1,0,0,11,19,0,0,0,0,0,0,0,0,1,0,0,3,3,3,0,0,4,0,0,0,0,4,0,0,0,0,0,2,1,0,0,0,0,7,0,0,1,2,0,0,0,12,8,0,0,0,4,1,1,0,7,0,0,1,0,0,0,0,2,0,0,0,0,3,3,0,0,1,0,0,4,0,0,0,0,0,5,0,2,0,0,6,0,0,0,4,0,0,0,0,12,0,2,0,0,0,1,1,2,0,0,0,0,3,0,7,2,1,0,0,3,1,13,0,2,2,0,0,0,1,0,0,12,0,3,0,0,0,0,0,1,1,0,1,2,1,0,2,0,4,0,4,0,0,0,1,2,3,9,3,4,0,3,0,0,0,0,20,7,0,1,0,2,43,0,0,0,2,2,0,2,3,0,43,6,2,0,0,0,0,0,0,19,4,0,0,0,0,2,0,0,0,0,3,21,0,0,2,0,0,0,1,1,1,0,0,0,1,1,0,0,1,1,1,3,4,0,0,0,0,15,2,0,0,5,1,3,0,10,3,0,0,5,8,1,2,3,1,10,11,3,0,4,5,25,1,0,3,0,0,0,0,7,0,1,102,2,0,0,2,3,0,0,0,0,2,6,0,0,0,0,0,2,0,0,7,0,0,0,7,2,0,0,0,1,1,1,6,0,0,0,0,0,0,0,0,0,0,5,1,1,1,0,0,0,0
174,1031,COLÉGIO ESTADUAL PROFESSORA LUIZA ROSS,"R MAESTRO CARLOS FRANK, 616",BOQUEIRAO,-25.51516795,-49.22468714,56,0,4477,3161,320,153,0,11,3,7,15,4,2,6,9,1,2,0,1,4,3,14,1,14,0,9,1,3,37,0,7,3,0,0,0,0,1,0,4,0,1,1,0,2,17,0,0,0,7,0,2,2,0,1,1,30,0,0,1,0,0,0,2,5,0,0,3,317,1,6,10,5,3,0,0,3,1,5,6,0,16,0,0,0,9,0,0,4,2,5,0,0,1,0,4,0,0,21,2,49,2,11,0,5,0,9,37,2,1,0,11,7,0,0,0,10,0,0,0,1,1,0,1,1,0,0,0,0,0,1,14,4,1,0,1,0,0,1,4,1,8,1,9,0,6,0,0,0,0,2,0,7,1,7,8,11,7,0,0,2,10,22,2,0,0,3,0,4,64,13,3,5,0,8,5,19,8,0,1,0,0,0,0,0,3,1,0,1,11,1,9,4,1,0,0,0,0,0,0,0,1,0,0,0,0,0,2,1,0,0,0,9,1,0,1,5,0,1,0,0,1,0,0,0,0,0,6,0,1,1,1,0,19,0,0,2,0,13,0,0,3,0,0,0,0,5,5,1,0,7,1,2,2,0,0,0,0,1,0,0,3,0,1,0,24,3,13,0,12,0,14,0,12,0,0,2,23,5,1,0,0,1,30,4,8,2,0,0,2,0,9,0,0,1,24,4,2,10,11,0,0,16,2,0,53,2,0,0,1,9,5,6,1,3,0,0,1,0,1,1,2,0,0,0,0,0,0,0,0,5,0,1,0,0,0,1,11,0,0,0,0,0,0,0,2,0,2,0,0,0,2,0,2,1,1,1,0,0,0,0,1,0,2,0,3,0,1,0,0,0,1,15,0,1,2,0,0,0,0,0,0,0,0,0,0,0,0,0,0,0,0,2,0,0,2,0,0,0,0,1,5,0,0,0,1,1,0,0,1,0,0,2,0,0,0,3,4,0,0,2,0,0,2,1,1,0,0,1,0,1,1,0,2,1,1,2,1,7,0,1,0,0,4,3,0,2,0,2,1,0,2,0,0,1,0,0,0,0,6,29,0,0,1,0,0,0,0,0,3,0,2,0,4,1,0,1,8,0,0,0,0,1,1,0,0,5,0,1,0,1,1,0,0,8,0,0,1,7,0,2,1,16,6,1,0,0,3,1,5,0,4,1,2,8,0,0,2,1,0,0,1,0,0,6,7,0,0,1,0,0,1,0,0,1,1,1,6,0,19,0,1,5,2,0,0,1,0,0,0,0,11,0,9,0,0,0,0,0,4,0,0,0,0,3,0,18,10,0,0,0,6,4,3,0,1,0,4,0,0,0,1,0,13,0,8,1,0,1,0,0,1,2,0,5,4,0,0,4,1,9,0,2,0,2,0,0,0,3,7,6,4,0,1,1,0,0,0,35,18,1,0,0,0,62,3,2,0,0,3,0,2,0,0,80,0,2,0,0,0,0,0,0,35,4,0,1,0,0,0,0,0,0,0,2,26,0,0,1,0,0,1,0,0,0,2,0,0,0,1,0,0,3,0,1,10,1,0,1,0,0,11,0,0,0,40,0,1,0,7,1,0,1,15,12,1,3,5,1,9,22,4,0,5,9,18,3,0,37,0,0,0,3,15,0,1,113,10,0,0,7,0,0,0,0,1,8,5,0,0,0,1,1,0,1,0,10,3,0,0,11,2,0,0,0,3,0,2,3,0,0,5,0,0,3,0,0,0,1,5,2,1,0,0,0,1,0
174,1040,ESCOLA MUNICIPAL PROFESSOR GERMANO PARCIORNIK,"R JOAQUIM CARDOSO DA SILVEIRA, 187",BOQUEIRAO,-25.50711665,-49.22149682,56,0,2746,2026,200,88,0,5,3,2,12,3,1,2,2,2,1,0,0,3,6,8,0,16,0,8,3,3,28,0,3,3,0,0,0,0,0,0,0,0,5,0,0,0,19,1,10,0,1,1,6,0,1,0,2,34,0,0,0,0,1,0,0,0,0,1,0,321,1,2,3,1,3,0,0,4,7,1,1,1,6,0,0,0,5,1,0,1,2,5,0,2,0,0,4,0,0,8,1,15,1,0,2,2,0,3,2,0,0,2,1,3,0,0,0,3,0,0,0,0,2,0,0,1,0,0,0,0,0,1,6,0,0,0,0,0,0,0,1,0,3,0,9,0,5,1,1,0,0,7,0,10,1,9,9,12,3,0,0,0,0,13,2,0,0,1,0,0,16,2,2,1,0,1,1,7,4,0,1,0,0,2,0,0,1,0,0,2,2,0,16,7,2,0,0,0,0,1,0,2,0,0,1,0,0,2,7,0,0,0,0,0,0,0,0,6,0,0,0,0,0,0,0,2,0,0,1,0,0,0,0,0,13,0,0,1,0,0,2,0,2,0,0,0,0,7,4,0,0,2,0,0,2,0,0,0,0,0,0,1,1,0,7,0,6,3,2,0,14,0,2,3,4,0,0,4,7,0,0,0,0,0,27,0,11,0,1,0,1,0,7,0,2,2,2,2,0,6,9,0,0,6,0,0,5,0,0,2,0,0,0,0,0,2,0,0,2,0,0,0,2,0,0,1,0,1,0,0,0,0,1,0,0,0,0,0,23,0,0,0,0,0,0,0,0,0,0,0,0,0,0,0,0,1,0,1,0,0,0,0,0,0,0,0,0,0,0,0,0,0,1,32,0,0,0,0,0,0,0,0,0,0,0,0,2,0,0,0,0,0,0,10,0,0,0,0,0,0,0,0,5,0,0,1,0,1,0,0,0,0,0,0,0,2,0,0,1,0,0,0,0,0,0,2,0,0,0,16,0,0,0,0,0,0,0,0,0,1,0,4,0,0,1,0,0,0,0,1,0,2,2,0,0,2,1,0,0,0,7,14,0,0,1,0,0,0,0,0,0,0,0,0,2,0,0,1,5,0,0,0,0,3,0,0,0,2,0,3,2,0,2,0,3,1,0,0,0,3,1,1,0,17,5,0,0,0,0,0,0,2,5,0,0,0,0,0,0,0,0,0,0,0,0,5,2,0,0,0,1,0,1,0,0,0,0,0,0,0,7,0,0,0,0,0,0,0,0,0,0,0,4,0,2,0,0,0,2,1,0,0,0,0,0,0,0,4,3,0,0,0,1,0,14,0,0,3,1,0,0,0,0,0,58,0,7,0,0,0,0,0,0,1,3,1,0,0,0,0,0,5,0,0,0,3,0,0,0,0,10,1,1,0,0,0,0,0,0,25,8,1,0,0,0,40,0,1,0,0,0,0,5,0,0,31,0,1,0,0,0,1,0,0,11,1,0,2,0,0,0,0,0,0,0,0,15,0,0,2,0,0,0,1,0,0,0,1,0,0,0,0,0,1,0,5,3,0,0,0,0,0,3,3,0,0,1,2,10,0,8,3,0,0,0,4,0,1,0,0,5,13,4,1,1,0,14,0,0,1,0,0,0,3,14,0,0,136,3,0,0,4,2,0,0,1,0,3,5,0,0,0,0,0,0,0,0,0,0,0,0,12,2,0,0,0,2,0,1,4,0,0,0,0,0,3,0,0,0,0,3,1,1,0,0,0,0,1
174,1058,ESCOLA MUNICIPAL NOSSA SENHORA DO CARMO,"RUA CARLOS DE LAET, 4130",BOQUEIRAO,-25.49853799,-49.23509445,56,0,1499,1102,84,55,0,2,3,0,9,2,0,1,8,2,0,0,0,1,4,3,0,1,1,1,0,3,7,0,0,1,0,0,0,0,0,0,0,0,0,0,1,0,7,3,0,0,0,0,2,0,0,0,0,9,0,0,0,1,1,0,0,2,1,0,1,114,0,4,3,2,2,0,0,0,0,1,1,0,4,0,0,0,2,0,1,4,1,1,1,0,0,0,3,0,1,9,1,32,1,1,0,1,0,1,2,1,1,1,7,3,0,0,0,1,0,0,0,0,1,0,0,3,0,0,0,0,0,0,4,1,0,0,0,0,0,1,0,0,1,0,8,0,0,0,0,0,0,1,0,1,0,2,2,7,2,0,0,0,0,7,3,0,0,0,2,0,8,4,1,1,0,1,1,6,3,0,0,3,0,0,0,0,1,0,0,1,1,0,5,4,0,1,0,1,0,0,0,2,0,0,1,2,2,0,2,0,1,0,0,7,3,0,0,1,0,1,1,0,0,1,1,0,0,0,0,0,0,0,0,0,8,0,0,3,0,4,2,0,0,0,0,0,0,6,3,0,0,4,0,0,0,0,0,0,0,0,0,0,3,0,0,0,1,0,6,0,9,0,5,2,3,0,0,2,7,1,0,0,0,0,11,2,3,0,0,0,0,0,0,0,0,0,7,2,0,5,6,0,0,9,2,0,10,2,0,1,0,0,0,1,0,0,0,0,0,0,0,0,0,0,0,0,0,0,0,0,0,0,0,0,0,0,0,0,8,0,0,0,0,0,0,0,0,0,0,0,0,0,0,0,0,2,0,19,1,0,1,0,2,2,2,0,0,0,0,0,0,0,1,0,0,0,0,0,0,0,0,0,0,0,0,0,0,0,0,1,0,0,0,31,0,0,0,0,0,0,0,0,1,0,0,1,0,2,0,0,0,0,0,0,0,0,0,0,1,0,0,0,3,0,0,1,0,0,0,1,0,0,0,0,0,0,0,0,0,2,0,1,0,0,1,1,1,2,0,0,0,0,4,0,0,0,0,0,0,0,4,12,0,0,0,0,0,0,0,0,0,0,2,0,0,0,2,0,2,0,0,0,0,3,0,0,0,4,0,0,1,0,0,0,0,1,0,0,0,2,0,0,0,19,8,0,0,0,0,0,0,0,5,0,1,1,0,0,1,0,0,0,0,0,0,0,0,0,0,0,0,0,0,0,0,0,2,0,3,0,2,0,0,0,0,0,0,0,0,0,0,0,0,0,0,0,0,0,3,3,0,0,0,0,0,0,0,2,6,0,1,0,2,1,3,0,1,1,0,0,0,0,0,0,0,0,0,0,0,0,1,0,0,0,0,0,0,0,0,0,0,0,0,4,0,2,0,0,1,0,4,0,0,0,1,1,0,0,0,12,8,1,0,0,1,19,0,1,0,0,0,0,0,0,0,26,0,0,0,0,0,0,0,0,10,0,0,0,0,0,0,0,0,0,0,0,14,0,2,0,0,0,0,1,0,0,0,0,0,0,0,0,0,0,0,0,1,0,0,0,0,0,5,0,0,0,0,0,7,0,3,0,0,0,2,3,1,0,3,0,2,3,1,0,0,5,4,1,1,0,0,0,0,0,3,1,0,56,4,1,0,0,1,0,0,1,0,1,1,0,0,0,0,0,0,0,1,4,0,0,0,4,0,0,1,0,0,0,0,11,0,1,0,0,0,0,0,0,0,0,3,1,0,0,0,0,0,0
174,1066,COLEGIO PROFESSOR VICTOR DO AMARAL,RUA BOM JESUS DE IGUAPE 4065,BOQUEIRAO,-25.50012449,-49.23541702,56,0,4758,3235,307,172,0,15,9,3,19,3,1,2,13,1,3,0,0,1,5,28,1,19,0,9,4,8,35,1,3,3,0,0,0,1,1,0,1,0,2,1,3,3,25,20,2,2,2,1,1,0,1,1,1,45,0,0,0,1,0,0,1,16,1,0,0,335,0,13,8,4,9,0,0,3,4,2,7,0,3,2,0,0,5,0,0,7,5,15,1,1,0,0,6,1,0,36,4,47,5,4,1,4,0,5,9,2,3,2,9,9,1,0,0,8,0,0,0,0,7,1,0,1,0,0,0,0,0,2,15,0,0,0,0,0,4,3,4,0,9,1,12,0,2,3,0,0,0,1,0,2,1,6,14,19,10,2,0,2,5,20,8,0,2,2,2,3,15,7,3,2,0,2,3,14,9,2,0,2,3,1,1,0,0,2,0,7,3,0,13,12,0,0,0,0,0,0,0,2,1,0,1,1,0,0,14,0,2,1,0,6,2,1,0,0,0,1,0,0,0,0,0,0,0,0,6,0,1,0,0,0,26,0,0,10,0,7,6,0,0,0,4,0,0,16,11,1,0,6,0,1,1,0,0,0,3,0,0,3,3,0,1,0,8,7,9,4,24,6,18,8,9,0,1,4,13,2,1,4,0,0,23,6,2,2,0,0,3,0,4,1,0,1,11,2,0,12,19,1,1,21,0,1,28,4,1,3,2,0,1,2,0,3,0,0,3,0,0,3,6,1,2,0,0,3,1,0,0,0,3,0,1,0,0,0,19,0,0,0,0,0,0,0,0,0,2,0,0,0,0,0,2,1,0,13,0,0,2,0,1,0,0,0,2,0,0,0,0,0,1,5,1,1,4,0,0,0,0,0,1,0,0,0,0,0,0,1,0,0,0,74,1,0,0,0,0,0,0,1,0,0,0,0,0,0,0,0,2,2,1,3,0,0,1,3,2,0,0,1,1,0,0,1,0,0,0,4,0,1,1,2,1,0,0,1,0,16,0,3,0,0,1,3,1,3,0,0,0,2,0,0,0,0,1,1,0,0,17,25,0,0,1,0,0,1,0,0,2,3,4,1,4,0,1,1,1,0,0,0,0,11,0,0,0,3,1,9,0,8,0,0,2,3,0,0,0,7,0,2,2,32,16,0,0,0,4,0,3,1,14,0,0,2,0,0,1,0,1,0,0,0,0,5,4,0,0,1,1,0,0,0,0,0,1,0,4,1,2,0,2,0,1,0,0,1,0,0,1,0,0,0,1,0,0,2,1,1,1,0,0,1,0,2,0,12,8,1,0,0,4,0,5,0,0,0,2,0,0,2,1,0,15,0,4,0,1,2,0,1,0,0,0,2,0,0,0,3,1,6,0,7,0,1,0,1,0,1,5,3,1,0,2,0,0,0,0,35,6,0,0,0,0,44,2,0,3,0,0,1,0,0,0,79,1,0,0,0,0,0,0,0,26,1,0,1,0,0,0,0,0,0,0,1,37,3,1,2,0,1,0,0,1,1,0,0,0,0,1,0,1,0,1,0,4,1,0,0,0,0,7,2,0,0,5,0,9,0,11,1,0,0,3,6,0,5,3,0,14,18,1,0,3,8,17,3,0,5,0,0,0,0,20,0,3,169,16,0,1,5,3,0,0,3,1,2,2,0,0,0,0,0,0,0,0,8,0,0,0,8,5,0,0,0,0,1,1,33,0,0,0,0,0,1,0,0,0,0,3,3,0,1,0,0,0,0
174,1074,ESCOLA MUNICIPAL WENCESLAU BRAZ,"RUA O BRASIL PARA CRISTO, 2090",BOQUEIRAO,-25.50244164,-49.22734221,56,0,2293,1666,179,90,0,3,4,3,16,1,1,2,3,1,0,1,0,0,5,9,0,6,0,8,3,0,22,0,0,0,1,0,0,0,1,0,1,0,10,0,0,0,10,2,0,0,0,0,0,0,0,0,0,18,0,1,1,0,0,0,0,0,0,0,1,185,0,1,4,4,3,0,0,0,0,2,1,0,6,2,0,0,0,1,0,2,0,4,0,1,0,0,11,0,0,7,3,28,0,0,0,1,0,4,2,0,1,0,3,6,1,0,2,5,0,0,1,1,2,0,0,0,0,1,0,0,0,0,11,0,0,0,0,0,1,0,0,0,3,0,3,1,0,1,1,1,0,0,0,1,0,6,13,7,3,0,0,0,2,11,7,0,1,0,3,0,14,4,0,2,0,2,3,2,3,0,0,0,1,1,0,0,1,0,0,1,1,0,16,3,0,0,0,0,0,0,0,1,0,0,0,0,0,0,4,0,1,0,0,0,0,0,0,1,0,0,0,1,0,1,1,0,0,0,4,0,0,0,0,0,3,0,0,3,0,2,0,0,0,0,0,0,0,8,0,0,0,4,0,2,0,0,1,1,1,0,0,3,5,1,1,0,6,0,5,3,29,0,7,2,8,0,0,0,6,4,0,0,0,1,7,0,3,2,0,0,1,0,7,0,0,0,3,3,0,7,16,0,0,9,1,0,9,1,0,0,0,0,1,0,0,8,0,0,0,0,0,0,5,0,0,0,0,0,0,1,0,1,0,0,0,0,0,0,23,0,0,0,0,0,0,0,0,0,0,0,0,0,0,0,3,2,0,4,0,0,5,0,0,0,0,0,2,0,2,0,0,0,2,2,0,0,0,5,0,0,0,0,2,0,0,0,0,0,0,0,0,0,0,39,0,0,0,1,0,0,0,0,0,0,0,1,0,0,0,0,1,0,0,0,0,0,0,3,0,0,0,0,0,0,0,1,0,0,0,1,0,0,1,0,0,0,0,0,1,3,0,6,0,0,0,1,0,2,0,0,0,1,2,0,0,0,0,0,0,0,1,12,0,0,0,0,0,0,0,1,0,0,0,2,0,0,0,0,4,1,0,0,0,4,0,0,0,0,0,1,0,3,0,0,0,2,0,0,0,4,0,0,0,12,7,0,0,1,5,2,0,1,6,0,1,3,0,1,0,0,1,0,0,0,2,0,1,1,0,0,0,0,0,0,0,0,1,0,7,0,4,0,0,0,0,0,0,2,0,1,0,0,0,0,5,0,0,0,0,1,0,1,1,0,0,0,1,4,0,0,0,0,4,0,0,0,1,4,1,0,0,0,0,0,26,1,9,0,0,0,0,0,0,0,0,0,0,0,0,0,0,4,0,0,0,0,0,0,1,2,4,0,0,0,0,0,0,0,0,13,10,0,0,1,0,40,0,0,0,0,0,0,0,0,0,34,0,1,0,0,0,0,0,0,15,0,0,0,1,0,0,0,0,0,0,0,24,0,0,2,0,0,0,1,0,2,0,0,0,0,0,0,0,0,1,0,1,0,0,0,0,0,6,1,0,0,0,0,0,0,6,0,0,0,1,1,0,1,2,0,5,10,4,2,0,14,8,1,0,3,0,0,0,0,13,0,0,76,12,0,0,0,0,2,0,2,0,0,1,0,0,0,0,0,0,0,0,4,0,0,0,1,1,0,2,0,0,1,0,13,0,0,0,0,0,1,0,0,0,2,6,4,1,0,0,0,0,0
174,1082,COLÉGIO NOSSA SENHORA DA ASSUNCAO,"RUA DR. ALCIDES VIEIRA ARCOVERDE, 620",GUABIROTUBA,-25.46015929,-49.24060575,23,0,2280,1343,79,61,0,2,3,2,9,1,0,1,3,1,2,2,0,11,0,18,0,10,0,4,1,1,12,0,4,0,0,0,0,1,0,0,2,0,10,0,0,1,14,0,2,1,2,0,4,1,0,0,1,1,0,0,0,0,4,0,0,1,0,0,0,30,0,2,19,8,29,0,0,0,5,3,0,0,13,3,0,2,3,0,0,4,0,1,0,1,0,0,0,0,0,3,0,3,0,0,0,1,1,3,5,0,0,1,1,1,0,0,0,2,0,0,0,0,2,0,0,0,0,1,1,2,0,0,2,0,0,2,0,0,0,0,6,0,4,0,1,0,4,2,0,0,0,3,0,5,0,4,2,3,3,0,0,1,5,10,2,0,0,0,1,1,1,6,4,5,0,5,0,4,13,0,0,0,8,0,0,0,2,3,0,2,0,0,0,1,0,0,0,2,1,0,0,0,0,0,4,1,2,0,6,0,0,0,0,0,2,0,0,0,0,0,0,0,0,1,1,0,0,0,3,0,0,0,0,0,6,0,0,0,0,9,4,0,0,0,0,0,0,5,6,1,0,11,0,1,1,0,0,0,0,0,0,0,0,0,0,0,3,2,12,4,2,0,15,0,16,0,0,1,13,8,0,1,0,0,3,2,0,6,0,1,0,0,3,1,2,3,4,5,2,10,9,0,1,10,2,0,7,0,1,2,0,0,1,3,0,10,0,0,39,0,0,0,3,0,38,0,0,1,0,0,0,0,0,2,0,0,2,0,8,0,0,0,0,0,0,2,0,0,0,0,0,0,2,2,0,0,0,0,0,0,2,0,0,0,0,0,0,0,0,4,0,0,0,2,0,2,0,2,0,0,0,0,0,0,0,0,0,0,0,1,2,0,0,0,1,1,0,0,0,0,0,0,0,0,0,0,1,1,0,0,0,1,0,1,0,1,1,0,0,0,0,0,0,0,0,1,0,0,0,1,0,1,1,0,1,0,0,0,0,13,0,2,0,0,0,3,1,5,0,3,0,0,6,0,0,1,1,3,0,0,11,17,3,1,0,0,1,2,0,1,0,1,0,1,0,0,0,0,1,0,2,0,0,3,0,0,0,2,0,4,0,5,1,0,1,0,0,0,0,6,1,0,1,27,7,0,0,0,0,0,1,0,9,0,0,0,0,0,0,0,0,0,1,0,0,4,1,0,0,0,0,1,1,0,0,0,1,0,0,0,1,0,3,2,4,0,0,2,0,0,0,0,0,0,0,0,2,0,0,0,2,0,0,0,0,1,0,4,3,0,0,0,4,0,2,2,0,0,4,0,0,0,0,0,1,0,1,0,0,1,1,0,0,0,1,0,0,0,1,5,1,4,0,5,0,4,0,1,0,2,6,2,1,0,0,5,0,0,0,16,7,3,0,0,0,19,0,0,0,1,0,0,0,0,0,19,0,5,0,0,0,0,0,0,20,0,0,0,0,0,0,0,0,0,1,0,15,0,1,0,0,1,2,0,0,0,0,0,0,2,0,0,0,0,0,0,2,0,0,0,0,0,6,0,0,0,0,0,1,0,2,1,0,0,1,1,2,1,2,0,2,3,7,1,5,0,4,1,0,0,0,0,1,0,2,1,0,6,7,0,2,0,0,0,0,1,0,1,14,0,0,0,0,0,4,0,0,4,1,0,0,1,2,0,5,0,1,0,0,1,0,2,0,0,0,0,0,0,1,0,2,0,0,0,0,0,0,0
174,1090,COLÉGIO ESTADUAL PAULINA PACIFICO BORSARI,"RUA DR. JOAQUIM SILVEIRA DA MOTTA, 484",GUABIROTUBA,-25.46364051,-49.2378046,23,0,2217,1659,111,94,0,2,3,4,18,1,1,2,13,1,0,0,1,1,1,21,0,3,0,3,1,2,5,0,1,0,0,0,0,4,0,0,2,0,5,0,0,5,15,1,3,0,3,0,3,0,0,1,0,3,0,0,0,0,2,0,2,1,0,0,0,36,0,1,24,3,32,0,0,4,3,4,3,0,8,0,0,0,1,0,0,0,3,1,0,0,0,0,4,1,1,1,1,10,0,0,0,4,0,4,6,0,0,0,0,11,3,0,0,6,0,2,0,0,1,0,0,0,0,3,0,0,0,0,1,0,0,0,1,0,0,0,6,0,8,0,1,0,6,0,0,1,0,1,0,4,0,8,10,16,9,0,0,2,5,15,2,0,0,1,2,2,7,9,2,6,0,12,0,5,13,0,0,2,1,2,0,0,1,0,0,1,3,0,1,3,0,2,0,0,0,2,0,0,4,0,6,0,0,0,2,0,0,0,0,0,1,0,0,0,0,0,1,0,0,0,0,0,0,0,3,0,0,0,0,0,16,0,0,0,0,17,4,0,0,0,0,0,0,15,15,0,1,12,1,1,2,0,0,0,0,0,0,5,1,0,0,0,2,0,3,2,6,0,15,0,4,0,1,1,3,2,1,0,0,0,8,0,1,1,0,2,0,0,2,3,0,1,5,8,6,3,16,0,0,19,1,0,8,2,0,2,0,0,1,5,0,6,0,1,161,0,0,0,4,0,18,0,0,0,0,0,0,2,0,0,0,0,0,0,2,0,0,0,1,0,0,0,0,0,2,0,0,0,0,0,0,1,0,0,0,0,0,0,0,3,0,0,2,0,0,7,0,0,0,1,0,0,1,12,0,0,0,0,0,0,0,0,0,0,0,0,0,0,0,0,0,0,0,0,0,0,0,0,0,0,0,1,1,0,0,0,0,0,0,0,0,0,0,2,0,0,0,2,0,0,0,0,0,0,0,3,0,2,0,0,0,1,0,0,0,8,0,1,1,0,1,2,0,4,0,0,0,0,3,0,0,1,1,1,0,1,11,24,0,2,0,0,1,2,0,0,0,0,6,4,0,4,1,0,0,0,1,0,0,2,2,0,0,2,0,0,0,0,0,0,0,0,0,0,0,0,0,1,1,41,7,0,0,1,0,0,0,0,9,0,0,1,0,1,1,0,4,0,0,1,0,5,0,2,0,0,0,0,0,0,0,0,0,0,6,0,2,5,1,1,1,0,0,1,0,0,1,0,0,0,2,0,1,0,0,0,1,0,0,0,0,2,0,1,5,0,0,0,2,0,0,1,0,0,1,0,0,4,0,0,10,0,1,0,0,0,0,1,0,1,0,0,0,0,1,4,1,1,0,5,0,5,1,0,1,2,2,1,0,0,0,2,0,0,0,15,9,2,0,0,0,22,0,0,0,1,0,0,1,0,0,29,0,2,0,0,0,0,0,0,23,0,0,1,0,0,0,0,0,0,0,0,11,1,0,0,0,0,0,0,0,0,0,0,0,0,0,0,0,0,6,0,6,2,0,0,1,0,11,0,0,0,0,0,0,0,5,0,0,0,1,1,1,0,3,0,13,4,1,1,0,3,5,0,0,0,0,0,0,0,10,1,0,2,7,0,5,3,0,0,0,1,0,0,10,0,0,0,0,0,1,0,0,4,0,0,0,2,1,0,8,0,1,0,0,0,0,3,0,0,0,0,0,0,2,1,3,2,0,1,0,0,0,2
174,1104,COLÉGIO ESTADUAL ISOLDA SCHMID,"R ANNE FRANK, 1553",HAUER,-25.48001889,-49.24633477,38,0,4483,3183,251,126,0,4,6,5,26,9,1,1,14,3,2,0,1,2,0,31,0,7,1,9,1,3,36,0,5,7,0,0,0,0,2,0,4,0,7,0,0,0,25,22,1,2,3,0,5,1,0,3,0,25,0,0,0,0,0,0,2,7,3,0,2,194,0,33,28,8,21,0,0,7,5,7,5,0,16,3,1,1,3,0,0,7,1,9,0,2,0,0,1,0,0,33,7,75,1,0,0,2,4,3,11,2,1,1,6,10,1,0,0,4,0,4,0,0,8,0,1,3,0,1,0,1,0,3,8,0,0,0,0,0,0,2,1,0,11,1,19,0,9,0,2,1,0,3,0,13,2,13,21,12,17,2,0,1,11,25,9,0,0,0,2,0,17,16,2,10,0,10,2,17,16,1,0,2,0,1,0,0,0,2,0,1,1,0,13,46,0,2,0,4,1,0,0,2,0,0,5,0,1,0,13,0,1,0,0,5,2,0,0,1,0,20,0,0,0,0,0,0,0,0,5,0,2,0,0,0,23,0,0,4,0,7,3,0,0,1,3,0,0,12,15,1,1,16,1,2,2,3,3,1,0,0,1,4,3,0,0,0,10,4,8,2,11,4,21,1,10,0,4,3,26,8,0,0,0,0,19,4,3,0,1,0,0,0,5,0,0,0,21,2,0,21,23,1,0,20,11,0,34,0,3,2,0,0,0,4,1,5,1,3,11,0,0,2,3,2,2,2,0,2,0,1,0,0,2,0,2,0,0,0,28,0,0,3,1,2,0,0,0,0,1,0,0,0,2,0,0,3,0,2,1,0,1,0,0,0,1,0,1,0,1,1,0,0,1,1,0,7,0,2,0,0,0,1,0,0,0,0,0,1,2,1,1,0,0,2,0,0,0,0,0,0,0,0,0,0,1,0,0,1,0,0,2,0,0,1,0,0,0,6,1,0,0,0,1,0,0,1,0,1,0,3,0,0,0,0,1,2,0,0,0,18,0,3,0,0,2,6,0,7,0,1,1,15,5,1,0,0,5,4,0,2,11,54,0,0,2,1,0,1,0,0,1,3,2,0,0,0,1,0,2,0,0,0,0,9,3,1,0,12,0,2,0,1,0,0,0,1,0,0,0,12,1,0,5,31,8,0,0,0,1,11,1,0,11,0,2,0,0,0,1,0,2,1,1,0,0,5,1,0,0,1,0,0,1,0,0,0,5,0,12,1,0,0,4,1,1,0,0,1,0,0,0,0,0,0,10,0,2,2,1,3,3,1,0,2,0,2,1,8,8,0,0,0,4,2,7,0,0,0,1,1,0,1,0,0,7,0,3,0,2,0,0,0,0,2,5,0,0,0,0,5,0,5,0,4,0,8,0,0,3,2,5,3,4,0,1,0,0,0,0,40,26,0,0,0,0,45,2,0,1,2,0,0,0,0,0,94,0,2,0,0,0,1,0,0,44,1,0,1,0,0,1,0,0,0,0,0,43,0,0,0,0,0,2,0,0,0,0,0,0,1,2,1,0,0,1,1,4,0,0,0,0,0,12,3,0,0,1,0,4,1,6,0,1,0,2,2,1,4,5,0,13,15,10,1,3,4,17,0,0,2,1,0,1,2,35,1,1,79,21,2,5,4,1,0,0,0,0,7,9,0,0,0,1,0,0,0,0,11,0,1,0,12,7,0,3,0,1,0,1,0,0,0,0,0,0,1,0,0,1,0,10,3,0,0,0,0,0,0
174,1112,COLEGIO ESTADUAL PROFESSOR JOSE GUIMARAES,"R PRESIDENTE PADUA FLEURY, 418",HAUER,-25.47561361,-49.24799542,38,0,3207,2274,188,110,0,2,5,8,14,2,0,3,9,1,0,0,0,2,0,21,1,10,0,5,3,2,16,1,2,0,0,0,0,1,1,0,0,0,7,0,0,0,17,12,0,1,8,0,8,4,0,0,0,9,0,1,0,0,0,1,0,1,1,2,0,142,0,19,7,6,25,0,0,4,0,4,0,0,11,5,3,5,5,0,0,8,1,5,0,0,1,0,1,1,0,23,1,45,0,4,1,1,1,1,3,0,3,0,7,11,1,0,0,5,0,1,0,0,1,0,1,0,0,1,0,1,0,3,10,1,0,0,0,0,0,3,4,0,1,0,10,1,4,0,4,0,0,4,0,7,3,1,7,8,9,2,0,4,10,17,4,2,0,1,2,0,16,4,4,4,0,5,4,4,6,0,0,1,4,0,0,0,0,3,0,1,8,0,7,26,0,1,2,5,1,0,0,0,1,0,1,0,0,1,3,0,0,0,0,4,0,0,0,1,0,9,0,1,0,0,3,0,0,0,0,0,0,0,0,0,30,0,0,0,0,10,7,0,1,0,0,0,0,10,7,0,0,17,0,4,1,0,0,1,0,0,0,0,0,0,0,0,4,2,2,2,13,1,15,0,0,0,0,1,28,3,0,6,0,0,11,3,1,2,0,0,0,0,13,0,0,1,13,4,0,10,14,1,1,14,4,0,25,3,0,2,0,0,3,4,2,13,0,0,7,0,0,0,2,1,5,0,0,0,1,0,0,1,2,2,1,0,0,1,14,0,0,7,0,0,0,0,0,0,0,0,0,0,2,0,0,2,0,0,0,0,3,0,0,0,2,0,0,0,0,4,0,0,1,2,0,3,0,3,0,0,0,0,1,0,0,0,0,2,0,0,0,0,0,2,0,0,1,0,0,0,0,0,1,0,0,0,0,0,0,0,1,1,0,1,0,0,0,0,1,0,0,1,0,1,1,0,0,4,0,3,0,0,0,0,1,1,0,0,0,14,0,3,0,0,0,2,0,9,0,0,0,12,1,0,0,1,5,5,3,1,2,45,0,0,0,0,1,1,0,3,0,0,0,2,0,0,0,0,1,0,0,0,0,6,0,0,0,1,0,1,0,2,1,0,1,5,1,0,0,6,0,0,0,31,11,0,0,0,2,0,2,0,11,0,0,0,0,0,0,0,2,0,1,0,0,2,0,2,0,0,0,1,1,0,0,0,0,0,10,0,5,0,1,3,1,0,0,2,0,0,0,0,0,0,8,0,0,1,2,0,4,0,0,0,0,1,0,11,9,0,0,0,6,0,6,0,1,0,1,0,0,3,0,0,3,0,0,0,0,1,0,0,0,1,3,1,0,0,0,3,0,2,0,3,0,2,0,0,2,2,5,2,2,0,4,1,0,0,0,35,21,0,0,0,0,32,0,0,0,0,0,2,0,1,0,83,0,8,0,0,0,2,0,0,34,0,0,0,0,0,0,0,0,0,0,0,31,2,0,3,1,0,0,0,0,2,0,0,0,1,0,0,0,0,0,0,4,1,0,0,0,0,14,1,0,0,0,1,0,0,5,0,0,0,2,3,3,2,3,0,11,7,4,0,10,1,4,3,0,1,0,0,1,0,10,0,1,40,11,1,1,2,1,0,0,3,1,3,6,1,1,0,0,6,0,0,0,11,0,0,0,8,1,0,3,0,0,0,2,3,0,0,0,0,0,3,0,0,0,0,4,2,0,0,1,0,0,2
174,1120,CEI ERICO VERISSIMO,"RUA CAMPINA DA LAGOA, 418",ALTO BOQUEIRAO,-25.53183902,-49.25529178,64,0,4718,3253,315,151,0,5,9,3,22,4,1,2,14,0,2,0,0,4,3,31,1,15,1,7,2,3,35,0,2,6,0,0,0,0,0,0,2,0,0,1,1,0,25,0,0,2,2,2,3,0,0,1,0,25,1,1,1,4,1,1,0,3,0,0,3,110,0,12,2,4,0,0,1,3,1,2,2,2,9,0,0,0,2,0,0,18,6,4,2,1,0,0,8,0,0,19,1,61,0,2,0,5,1,32,1,5,0,0,19,3,0,0,0,0,2,2,0,0,1,0,0,1,0,0,0,1,0,0,68,0,1,0,0,0,0,3,1,0,3,0,16,0,4,3,1,0,0,1,0,11,14,16,8,6,9,1,0,1,12,28,1,0,0,0,2,0,162,3,3,0,1,9,27,19,4,1,1,1,0,0,0,0,1,1,0,3,2,2,0,23,1,0,0,2,0,0,0,6,0,3,1,0,0,0,2,0,1,0,0,9,0,0,0,1,0,4,0,0,8,18,1,2,1,0,63,0,1,0,1,0,23,0,0,0,2,6,10,0,0,0,1,0,0,7,5,0,1,5,0,8,3,0,0,4,0,0,0,1,2,0,0,1,5,0,8,1,5,2,5,1,14,1,0,0,14,2,0,0,0,0,29,3,6,2,0,0,2,0,7,5,0,4,52,3,0,20,19,6,0,16,4,0,31,2,1,0,3,1,3,1,0,5,1,0,0,0,0,0,1,0,2,0,0,1,1,0,0,3,1,0,1,0,0,2,29,0,0,0,1,0,0,2,0,0,2,0,0,1,4,0,0,4,0,0,0,1,0,0,1,0,4,0,3,0,7,1,0,0,0,0,0,5,0,0,0,0,0,0,0,0,1,0,2,1,0,0,0,0,1,0,0,0,0,0,0,0,0,0,1,1,0,0,0,28,0,0,1,1,0,3,0,0,2,1,14,0,0,1,0,0,5,1,1,0,1,3,1,0,4,0,0,1,1,2,0,11,0,6,0,0,1,2,2,5,0,1,0,1,4,0,0,1,1,2,0,0,4,21,0,0,1,0,0,0,0,0,7,1,0,1,0,0,1,0,3,0,0,0,2,6,0,0,2,13,0,2,1,2,1,0,0,1,0,0,0,5,0,1,1,23,9,0,0,1,23,0,1,0,11,0,3,1,0,0,2,2,2,0,1,0,0,5,11,1,0,0,0,1,2,0,0,0,3,0,5,1,68,0,0,0,0,0,0,1,0,0,0,0,0,0,1,0,2,0,0,1,6,3,0,2,0,1,1,18,5,0,0,1,5,0,14,0,9,0,0,0,0,1,0,0,0,3,3,0,0,1,0,0,2,3,0,3,0,0,0,0,3,22,0,2,0,1,1,0,2,0,7,14,5,0,0,0,0,0,0,24,14,2,2,0,1,61,15,1,2,0,0,1,2,0,0,68,1,5,0,0,6,2,0,0,26,1,0,0,2,1,0,0,0,0,0,0,12,0,0,3,0,0,1,1,0,2,0,0,0,3,2,0,1,0,0,0,3,0,0,0,0,7,8,0,0,0,1,0,1,0,14,6,0,1,3,1,3,0,2,0,25,12,24,0,4,1,18,3,0,4,2,0,1,0,13,0,3,133,4,0,4,6,2,0,1,1,0,2,3,4,2,0,0,0,0,0,0,1,0,1,0,20,5,0,0,0,2,0,1,5,2,0,0,4,0,0,0,1,0,0,9,1,0,4,0,0,2,1
174,1139,ESCOLA MUNICIPAL PROFESSOR FRANCISCO HUBERT,"RUA FRANCISCO DEROSSO, 5249",ALTO BOQUEIRAO,-25.5295587,-49.2461667,64,0,5850,4157,370,198,0,6,7,5,27,3,2,1,8,1,5,0,0,4,0,32,1,31,1,12,1,4,42,1,4,6,0,0,0,8,8,3,1,0,4,0,0,1,36,1,2,7,0,0,2,0,0,0,5,12,0,0,0,0,0,1,2,16,1,2,0,212,2,12,17,5,8,0,0,4,2,3,2,1,19,1,0,0,7,2,0,12,4,4,2,1,0,0,26,0,0,39,1,41,2,3,2,2,2,16,6,3,3,0,54,10,1,0,2,0,0,1,0,0,3,0,1,3,0,0,0,1,0,1,36,0,0,0,0,0,0,1,2,0,6,0,19,0,5,2,2,0,0,2,0,9,7,7,13,14,14,2,1,3,13,29,5,0,0,4,3,0,177,15,1,11,2,7,11,19,16,0,0,3,1,7,1,0,1,2,1,1,5,0,8,71,1,2,1,1,1,0,0,6,0,1,9,2,0,0,9,0,1,0,0,2,2,0,0,2,0,0,0,0,2,7,3,0,0,1,38,0,2,0,1,1,28,0,0,0,1,8,16,0,0,0,0,0,0,10,8,0,1,11,0,4,1,0,0,2,0,0,0,6,4,0,1,0,12,7,12,9,12,2,7,0,14,0,3,1,17,1,0,2,0,0,27,7,4,6,0,1,0,0,10,3,0,0,64,1,0,33,28,10,0,26,6,2,28,2,0,0,0,4,2,3,0,0,3,0,6,1,0,0,4,0,0,1,0,3,3,0,0,1,4,0,2,0,0,73,23,0,0,0,0,0,0,0,2,0,1,0,2,0,4,0,1,0,0,1,0,0,1,0,3,1,0,1,5,0,8,1,1,0,0,2,2,7,3,0,0,0,0,0,1,0,0,0,0,2,0,0,0,0,0,0,0,0,0,1,0,1,0,0,0,0,0,1,0,2,0,0,2,2,0,1,0,0,3,9,6,0,0,1,0,1,1,1,3,1,0,6,1,1,6,0,0,4,2,0,0,10,0,5,0,0,3,3,0,0,0,0,0,0,1,0,0,0,3,0,0,0,10,39,0,0,0,0,2,1,0,0,4,2,0,3,2,0,0,0,1,0,0,2,4,4,2,0,0,10,0,2,3,6,2,0,0,4,0,0,0,5,0,1,2,20,12,0,0,2,7,2,0,4,19,1,2,2,4,1,0,3,3,0,0,0,0,3,12,1,0,0,0,1,5,0,1,1,8,0,11,1,205,0,3,5,2,0,0,2,0,0,0,0,1,1,0,0,1,1,2,0,6,0,0,1,0,1,0,12,5,0,1,0,9,1,10,0,9,3,0,0,0,0,0,0,1,0,0,1,0,1,1,0,0,2,0,10,0,2,0,2,5,6,0,0,0,4,1,0,0,1,8,10,5,0,0,0,0,0,2,48,17,0,0,0,2,93,8,2,0,2,0,3,0,0,0,72,1,2,0,1,10,0,1,0,50,2,0,5,2,0,0,0,0,0,0,0,11,1,0,0,0,0,3,0,0,2,0,0,0,0,1,0,0,0,4,0,2,0,0,0,0,1,20,3,0,0,1,0,5,0,11,3,0,3,4,4,2,3,9,1,19,17,9,3,4,0,13,5,0,5,0,0,0,0,12,0,5,125,8,1,2,9,0,1,1,1,1,4,10,0,0,0,0,4,0,0,0,8,1,0,0,30,4,1,1,0,0,0,1,37,0,0,0,0,0,2,0,2,0,0,5,3,0,1,0,2,3,0
174,1147,CEI MAESTRO BENTO MOSSURUNGA,"RUA CAPITAO ROBERTO LOPES QUINTAS, 198",ALTO BOQUEIRAO,-25.5373066,-49.2383558,64,0,1950,1349,126,57,0,1,2,3,2,1,0,1,3,0,2,0,0,0,3,6,0,7,0,0,3,1,10,0,0,1,0,0,3,0,0,0,0,0,3,0,0,0,9,4,0,10,4,0,0,0,0,0,0,25,3,0,1,0,0,0,0,3,0,0,0,34,0,3,0,5,0,0,1,2,0,2,1,0,3,0,0,0,4,1,0,4,0,6,0,0,0,0,3,0,0,5,1,10,0,0,0,0,0,7,3,0,2,0,71,4,0,0,0,0,0,0,0,0,3,0,0,0,0,0,0,1,0,3,11,0,0,0,1,0,0,1,0,0,1,0,4,0,3,0,0,0,0,1,0,5,2,3,1,6,2,1,0,2,3,13,1,0,1,0,1,0,58,3,0,2,6,2,10,3,1,0,2,1,0,6,0,0,0,0,0,0,5,0,0,0,0,0,1,0,0,0,0,0,0,0,2,0,0,0,1,0,0,0,0,0,0,0,0,3,0,0,1,0,0,3,0,0,0,0,79,0,0,0,0,0,3,0,0,0,0,1,4,0,0,0,0,1,0,12,0,0,0,4,0,1,0,0,0,0,0,0,0,1,0,0,0,0,3,1,1,0,2,0,6,0,2,0,1,0,4,1,2,0,0,0,20,7,4,0,0,0,0,0,1,1,0,0,17,2,0,5,5,0,0,2,4,0,5,0,0,0,0,0,1,0,0,3,0,0,0,0,0,0,0,0,0,0,1,0,0,0,0,0,0,0,0,0,0,8,9,0,0,0,1,0,0,0,0,0,0,0,0,0,3,0,0,0,0,0,1,0,4,0,0,0,0,0,1,0,5,0,0,0,0,1,0,2,1,0,0,0,0,0,0,1,0,0,0,2,0,0,0,0,0,0,0,0,0,0,0,0,1,0,0,0,0,0,0,4,0,0,1,0,0,0,0,0,2,0,10,0,0,0,0,0,1,1,0,0,1,1,0,2,0,0,0,0,0,0,0,1,0,0,0,0,0,0,0,0,0,0,0,0,1,0,0,0,0,1,0,0,0,14,0,0,0,0,0,0,0,0,3,0,1,0,1,0,0,0,11,0,0,0,0,0,0,0,0,1,0,0,1,0,0,0,0,1,0,0,0,1,0,0,0,5,2,0,0,0,1,0,0,0,4,0,0,1,1,1,1,0,1,0,0,0,0,2,51,0,0,2,0,0,0,0,1,1,4,0,2,0,31,0,0,1,1,1,0,2,0,1,0,0,0,0,0,0,0,0,0,2,1,0,1,0,0,0,0,3,1,0,0,0,8,0,5,0,0,0,0,0,0,1,2,0,2,0,2,1,0,0,0,0,0,5,0,1,0,0,0,0,0,4,0,0,0,3,0,0,1,0,4,1,0,0,1,0,0,0,0,11,5,0,0,0,0,35,4,1,1,1,0,3,0,0,0,33,0,0,0,0,0,0,0,0,9,1,0,1,0,0,0,0,0,0,0,0,9,2,0,0,0,0,0,0,0,0,0,0,0,0,3,0,0,0,0,0,0,2,0,0,0,0,4,1,0,0,0,0,3,0,5,0,0,0,2,0,0,0,2,0,3,4,6,0,4,0,4,3,0,0,0,0,0,0,4,0,1,31,1,0,2,6,1,0,0,0,0,0,2,0,0,0,0,0,0,0,0,2,0,0,1,9,1,0,0,0,4,0,0,1,0,0,0,0,0,0,0,0,0,0,2,0,0,0,0,0,0,0
174,1155,COLÉGIO ESTADUAL LUCIA BASTOS,"RUA CAPITAO AMERICO WALGER, 12",ALTO BOQUEIRAO,-25.5357616,-49.2392688,64,0,4088,2935,252,152,0,8,11,5,16,5,0,1,6,0,3,1,0,2,2,23,0,24,0,11,4,2,50,1,3,2,0,0,0,1,0,0,1,0,0,0,1,1,18,10,1,3,3,0,1,0,0,0,0,23,8,2,0,3,2,0,1,2,0,1,0,115,0,8,5,8,2,0,2,1,1,1,2,0,16,1,0,0,6,3,1,9,2,7,1,2,0,0,3,0,2,21,1,18,2,1,2,2,0,4,16,0,0,0,74,1,0,0,0,3,0,0,0,0,3,0,0,0,1,1,0,2,0,0,25,0,0,0,0,0,0,0,1,1,4,0,6,0,5,2,0,0,0,2,1,7,2,6,5,11,5,1,0,2,12,27,3,0,0,2,3,0,153,4,0,2,7,9,15,16,10,4,1,2,0,3,0,0,0,0,0,0,8,0,2,12,0,0,2,0,1,1,0,4,0,0,7,0,0,0,0,0,3,0,0,4,1,0,1,1,2,0,0,0,7,7,1,0,0,0,95,0,1,0,0,0,20,0,0,0,3,5,14,0,0,0,0,0,0,4,7,0,1,10,0,0,1,0,0,0,0,0,0,2,5,2,0,0,5,2,6,1,6,1,11,0,6,0,0,0,15,0,1,0,0,0,64,20,3,2,0,0,3,0,2,1,1,0,62,4,1,7,12,1,0,8,2,0,17,0,0,0,3,1,0,1,0,4,0,0,0,2,0,0,3,0,0,2,1,1,1,0,0,0,4,0,0,0,0,11,35,0,3,0,0,0,0,0,0,0,0,0,0,0,3,0,0,2,0,0,2,0,0,0,1,0,0,0,0,0,12,1,0,0,4,0,0,1,3,0,0,0,0,0,2,1,0,0,0,4,0,0,0,0,0,1,0,0,0,0,0,0,0,0,1,0,0,0,1,0,0,0,0,0,0,0,0,0,0,1,17,0,0,0,0,0,3,0,2,0,0,2,1,0,2,0,0,3,1,0,0,6,0,5,0,0,0,2,0,3,0,1,1,1,3,0,0,0,1,1,0,0,2,14,1,0,0,0,0,0,0,0,4,0,0,1,2,1,0,1,10,0,0,0,0,2,0,0,0,12,0,1,0,7,0,0,1,1,0,0,0,4,0,2,1,15,8,0,0,0,1,0,0,0,1,1,0,4,1,0,0,0,0,0,0,0,0,4,113,1,0,2,0,0,3,0,0,3,6,0,1,1,45,0,0,0,0,0,0,6,0,0,0,0,0,0,0,0,0,0,1,2,7,1,0,0,2,4,5,6,2,0,0,0,3,0,15,2,0,1,1,0,0,4,1,0,1,1,0,1,0,0,2,0,2,7,0,2,0,0,0,2,2,6,0,1,0,3,0,0,0,0,6,4,1,0,0,2,0,0,0,24,13,0,3,0,0,62,16,8,4,1,0,4,0,0,2,48,0,0,0,0,0,0,2,0,32,1,0,0,0,0,0,0,0,0,0,0,7,0,0,1,0,2,1,0,0,3,0,0,0,1,0,0,0,1,0,1,4,0,0,0,0,0,14,1,0,0,0,0,1,0,9,6,0,0,2,1,1,0,4,0,18,5,12,0,6,0,8,6,0,2,0,0,0,0,15,0,3,85,2,0,1,3,1,0,0,1,0,1,2,0,0,0,0,0,1,2,0,3,0,0,0,24,6,0,0,0,1,1,5,6,0,0,3,0,0,0,0,0,0,0,3,6,0,0,0,0,0,0
174,1163,COLEGIO ESTADUAL ROBERTO LANGER JUNIOR,"RUA ALBINO FREDERICO FOERSTER, 04",ALTO BOQUEIRAO,-25.5297172,-49.2410386,64,0,5546,3908,373,223,0,5,9,12,30,0,1,0,13,1,0,0,0,3,6,30,0,15,1,9,1,3,39,1,4,0,1,0,1,0,1,0,3,1,3,0,2,1,22,3,2,6,2,0,1,0,1,2,1,37,1,0,2,1,2,0,0,13,1,1,0,212,0,7,8,12,1,0,0,7,6,11,4,0,21,1,0,3,5,0,0,12,8,11,0,0,0,1,33,0,0,29,5,55,9,11,0,4,0,1,7,3,2,1,42,12,0,0,0,4,0,2,0,0,6,0,0,2,0,1,0,1,2,3,30,0,0,0,0,1,0,1,2,0,2,0,19,0,8,2,4,1,0,9,0,4,8,8,10,10,15,0,0,1,6,47,4,0,0,2,6,0,161,10,4,3,8,8,16,15,15,2,2,5,1,5,2,0,0,0,0,0,8,0,26,29,0,0,1,0,0,2,0,3,0,0,17,0,0,0,1,0,4,0,0,12,3,2,3,0,0,0,0,1,3,8,2,0,0,0,25,0,0,0,1,1,41,2,0,0,2,8,11,0,0,0,0,3,0,17,7,1,0,9,0,1,2,0,0,0,0,0,0,3,6,0,0,0,3,1,8,1,7,0,5,1,4,0,1,0,23,3,5,0,0,0,29,15,1,4,4,0,4,0,9,0,1,1,32,6,0,30,18,6,0,20,9,0,45,2,2,0,0,2,3,3,0,5,2,0,4,0,0,1,3,1,1,0,0,0,0,0,0,1,2,1,1,0,0,22,23,0,0,0,0,0,0,0,0,0,1,0,0,0,2,0,0,1,0,0,0,0,3,0,2,0,1,0,2,0,12,0,0,0,0,3,0,1,3,0,0,0,0,1,0,0,0,0,2,2,0,0,1,0,0,3,0,0,0,2,0,0,1,0,0,0,0,0,0,6,0,0,0,1,0,0,0,0,0,6,13,0,2,1,0,0,1,2,0,0,0,1,2,3,1,0,0,0,1,0,0,8,0,2,0,0,2,3,1,3,0,3,1,3,0,0,0,0,2,0,0,0,6,24,0,0,1,0,0,1,0,0,1,0,0,1,5,1,0,1,2,0,1,0,5,4,0,0,0,4,0,0,0,4,0,0,0,2,0,0,0,7,0,1,0,36,17,0,0,0,3,1,1,1,9,0,2,2,0,0,4,0,9,0,0,0,0,14,14,4,0,0,0,2,1,0,0,0,7,0,3,0,93,0,3,0,3,2,0,1,0,0,0,0,0,0,0,0,0,1,0,6,9,0,1,0,0,1,0,37,7,0,0,0,7,1,10,0,11,1,5,0,0,1,0,0,4,1,0,1,0,1,2,0,1,6,0,9,2,2,0,1,3,4,0,1,0,4,1,3,5,4,11,7,6,0,1,0,0,0,0,59,14,3,0,0,0,78,6,7,3,1,1,5,1,1,1,106,5,0,1,0,3,1,1,0,47,0,0,0,1,2,0,3,0,0,0,0,19,0,0,1,0,0,1,0,0,1,0,0,0,0,0,0,0,0,3,0,6,0,0,0,0,0,12,0,0,0,1,0,1,0,6,1,0,0,3,4,0,0,7,0,19,17,12,0,1,1,17,4,0,16,2,0,0,0,23,1,3,118,8,1,0,3,2,0,0,2,1,1,18,0,0,0,0,0,0,1,0,7,0,0,0,18,3,3,3,0,0,0,1,13,0,0,4,0,0,0,0,2,0,0,15,8,0,0,0,0,0,0
174,1171,COLEGIO ERASTO GAERTNER,RUA PASTOR DAVID KOOP 189,BOQUEIRAO,-25.50825662,-49.2522369,56,0,4967,3743,218,136,0,2,2,5,29,3,0,2,23,0,1,0,1,8,1,22,1,9,0,4,3,2,31,1,1,1,0,0,0,1,2,0,3,0,0,2,0,3,19,8,1,0,10,0,0,0,0,12,2,10,1,0,2,0,2,0,0,8,0,0,0,377,1,5,11,6,3,0,0,2,2,2,6,0,13,2,2,0,2,0,0,3,2,2,5,3,0,0,2,1,1,42,9,179,4,0,3,3,2,2,15,5,2,0,10,27,1,0,0,2,1,1,0,0,6,0,0,0,0,3,0,0,1,3,25,0,0,0,2,0,0,11,3,0,20,0,9,0,10,2,2,8,0,4,0,11,1,21,17,12,17,0,0,6,11,32,12,0,1,5,0,1,9,19,8,1,0,14,2,10,34,0,3,3,6,0,0,0,0,2,0,2,0,0,2,79,0,0,0,1,1,2,0,3,2,0,5,2,0,0,4,0,0,0,0,15,1,0,2,3,0,0,0,0,1,1,0,0,0,0,18,0,0,0,0,0,37,1,0,0,0,6,5,2,0,0,1,0,0,20,14,0,0,22,1,2,0,0,0,0,0,0,0,3,3,0,0,3,8,2,3,10,7,11,17,0,29,0,2,2,20,5,2,0,0,0,18,2,2,1,4,0,0,0,8,0,1,6,7,6,3,72,35,2,0,33,9,0,77,3,6,3,0,0,2,0,0,3,0,0,9,0,1,2,5,0,0,2,0,3,3,1,0,1,4,0,0,0,1,2,27,0,0,0,0,0,0,0,0,0,3,1,0,4,2,0,0,4,0,4,0,0,1,0,0,0,0,0,1,0,0,1,0,0,0,0,0,4,0,0,3,0,0,0,0,0,0,2,0,0,0,0,2,0,2,1,0,0,0,0,0,1,0,0,0,0,0,0,1,1,0,0,2,1,0,0,0,0,1,0,2,0,0,3,0,0,0,1,0,0,0,4,1,1,2,0,0,0,0,0,0,33,0,5,1,0,0,14,1,7,0,2,0,0,10,0,0,5,3,1,2,0,17,151,0,0,1,1,0,0,1,0,3,1,1,6,1,0,0,0,3,0,1,0,0,9,1,0,0,5,0,2,1,7,1,0,0,7,0,0,0,25,2,0,0,43,18,1,0,1,5,0,1,1,16,1,1,3,0,0,3,3,3,0,0,2,0,5,3,1,0,1,0,0,1,0,0,0,0,0,5,0,13,0,3,4,2,0,0,4,0,0,1,0,0,0,0,1,0,0,0,1,0,0,0,0,0,2,0,11,4,0,1,0,11,0,8,0,1,2,0,0,0,0,1,0,0,0,0,0,0,2,0,1,0,0,0,1,0,0,0,14,0,4,0,2,0,5,2,0,2,8,10,4,5,0,0,0,0,1,0,39,22,4,0,0,0,36,1,3,15,3,0,0,0,0,0,75,0,0,0,0,1,1,0,0,41,0,0,0,0,0,0,2,0,0,0,0,12,0,0,0,0,0,0,0,0,1,1,0,0,1,1,0,0,0,0,0,6,1,0,0,0,0,20,1,0,0,1,0,7,0,13,1,0,0,9,6,5,0,7,1,36,8,8,2,1,9,40,2,0,2,0,0,0,1,16,0,3,51,20,0,9,2,1,0,0,0,0,6,7,3,0,0,0,0,1,2,0,29,0,0,0,13,4,0,3,2,0,0,5,6,0,1,0,0,0,0,0,0,0,0,4,2,1,1,0,2,0,1
174,1180,COLÉGIO ESTADUAL EUZEBIO DA MOTTA,"RUA CLARA TEDESCO,  2773",BOQUEIRAO,-25.50352479,-49.25317914,56,0,4590,3380,259,132,0,2,5,4,29,2,0,3,15,0,2,0,0,6,6,28,1,11,0,7,3,5,23,0,3,8,0,0,0,0,3,0,0,0,1,0,0,1,26,3,3,0,2,0,3,0,0,2,3,20,1,0,0,3,4,1,2,9,2,0,1,247,0,13,6,12,10,0,1,4,5,2,3,0,18,0,0,1,8,0,0,8,5,3,2,3,0,0,1,1,0,107,12,88,1,1,2,6,3,5,4,3,3,3,24,14,1,0,0,3,2,3,0,0,4,0,1,4,0,0,0,0,0,3,12,0,0,0,0,0,0,4,3,0,3,0,9,0,9,1,4,1,0,3,3,17,2,13,14,14,13,1,0,1,11,40,6,1,1,2,1,0,17,14,4,6,0,12,5,21,14,1,0,4,2,1,1,0,0,0,0,1,0,0,1,158,1,0,2,2,0,7,0,0,0,0,4,3,0,1,6,0,1,0,0,11,0,0,2,0,0,3,1,0,1,0,3,0,0,0,3,0,0,0,0,1,32,0,0,0,1,2,12,3,0,2,0,0,0,12,4,1,0,25,0,6,0,0,1,4,0,1,0,1,1,0,0,2,2,5,3,2,8,5,15,0,6,0,3,0,22,3,1,0,0,0,42,2,11,3,3,1,1,0,10,1,1,8,2,1,0,34,27,1,2,17,5,0,40,1,3,0,0,0,2,0,1,7,0,0,5,0,0,1,2,3,0,1,0,0,0,0,0,0,66,3,0,0,0,2,23,0,0,0,1,0,0,0,0,0,0,0,0,0,0,0,1,2,0,1,1,0,5,0,0,1,0,0,3,0,1,1,0,0,0,0,0,3,0,1,0,0,0,0,0,0,0,0,0,0,0,0,0,0,0,1,1,0,2,0,0,1,0,0,0,0,0,0,0,2,0,0,3,1,0,1,0,2,3,3,0,0,0,0,1,0,0,0,0,0,1,2,0,3,0,0,0,3,0,3,1,14,0,8,0,0,1,4,0,2,0,0,0,7,4,0,0,4,1,0,0,0,10,43,0,0,1,0,3,5,0,0,0,4,4,3,4,0,0,1,6,0,0,0,0,19,0,0,0,2,0,1,0,4,0,0,2,22,0,0,0,24,0,0,0,45,15,0,0,0,2,1,8,0,14,0,0,2,1,1,3,1,0,0,0,0,0,2,0,1,0,0,0,0,4,0,0,5,2,0,6,0,5,1,3,8,1,0,0,1,0,0,0,0,0,0,1,0,3,1,0,2,1,0,0,0,2,0,0,7,8,1,0,0,7,0,8,0,0,0,4,0,0,0,1,0,1,0,0,0,0,1,0,0,0,0,3,0,1,1,1,3,0,7,0,1,0,8,0,0,1,5,11,3,12,0,0,1,0,0,0,24,22,0,0,0,0,55,1,9,2,1,0,0,3,0,0,107,0,1,0,0,0,0,0,0,36,0,0,2,1,0,0,0,1,0,0,0,30,4,0,0,0,0,0,0,0,2,1,0,0,1,0,0,2,0,0,0,4,0,0,0,1,0,13,1,2,1,2,0,4,0,6,1,0,0,2,4,1,3,10,1,5,13,0,0,3,14,17,4,0,2,0,0,0,1,16,1,2,48,17,0,6,4,0,0,1,0,0,1,3,0,0,0,1,0,1,0,0,13,0,1,0,9,0,0,0,0,0,0,3,2,1,0,8,1,0,4,0,0,0,0,5,2,0,0,0,0,0,0
174,1198,COLEGIO ADVENTISTA DO BOQUEIRAO,"RUA PROF CLETO DA SILVA, 2260",BOQUEIRAO,-25.48858184,-49.24568631,56,0,4342,3040,236,129,0,1,5,6,20,1,0,3,3,1,1,0,0,6,1,17,0,13,1,4,1,5,29,0,3,6,0,0,0,1,4,0,3,0,0,0,0,1,13,11,1,2,9,0,3,0,0,6,10,17,1,0,0,1,1,1,1,3,0,0,1,207,0,13,30,7,5,0,0,5,2,7,2,0,13,1,0,1,3,0,0,2,4,2,1,2,0,0,0,3,0,35,9,78,3,1,2,2,1,6,10,4,1,1,20,17,0,0,0,6,1,0,0,0,4,0,1,3,0,1,0,0,1,4,20,0,0,0,0,1,1,0,8,1,10,1,4,0,8,7,16,0,0,0,0,6,3,14,11,14,7,0,0,1,16,19,6,0,1,0,0,1,9,6,4,5,0,19,8,15,19,0,0,4,3,0,0,0,0,1,1,3,1,0,5,50,0,0,0,2,0,8,0,3,0,0,6,3,0,0,4,0,1,0,0,7,2,0,0,0,0,21,1,0,0,0,1,0,0,0,3,0,0,0,0,0,19,0,0,2,0,11,4,0,0,0,1,0,2,13,17,0,0,22,0,11,1,2,0,2,1,0,0,0,3,0,0,1,7,4,5,10,15,5,16,0,17,0,1,0,13,10,0,0,0,0,13,1,4,27,0,1,9,0,9,2,0,2,3,3,2,38,20,1,1,13,4,2,57,1,2,2,0,0,1,3,0,4,0,0,9,0,0,1,5,1,1,0,0,0,0,0,0,0,6,0,0,2,2,5,24,0,1,1,2,0,0,0,0,0,0,0,0,0,0,0,0,1,0,0,0,0,0,0,0,2,0,0,3,0,0,0,0,0,0,1,0,0,0,0,1,0,0,0,0,0,0,0,1,0,1,0,0,0,3,1,0,0,0,0,0,0,0,0,1,0,0,1,0,1,0,0,3,2,0,1,0,1,3,4,1,0,1,1,1,0,0,0,0,0,0,0,1,1,3,0,0,1,0,1,0,29,0,4,0,0,0,8,1,1,0,0,0,2,6,0,0,1,4,2,0,1,18,72,0,0,0,0,2,2,0,0,0,2,0,1,1,0,1,0,1,0,0,0,0,12,2,0,0,5,0,0,0,4,1,0,1,7,0,1,0,15,1,1,1,40,6,0,0,0,7,1,1,0,8,0,0,6,1,0,1,1,1,0,1,0,0,4,1,1,0,1,0,0,0,0,0,0,3,0,8,0,0,2,6,3,7,0,0,3,0,0,1,0,0,0,7,0,8,0,1,1,4,0,0,0,0,0,0,8,8,0,0,0,8,0,4,0,1,0,0,0,0,0,0,1,1,0,1,0,1,5,4,0,0,2,0,1,0,0,0,5,0,5,0,2,0,4,0,1,1,4,1,0,6,1,0,1,0,0,0,42,10,1,2,0,0,33,5,0,1,2,0,0,0,0,0,83,0,0,0,0,0,0,0,0,58,0,0,0,1,0,1,0,0,0,0,0,35,0,0,1,0,0,0,0,1,2,0,0,0,5,0,0,0,0,1,1,11,0,0,0,0,0,24,0,0,0,1,0,5,0,7,3,0,0,5,6,2,0,5,0,13,19,8,1,4,2,27,0,0,0,1,0,2,1,11,1,3,49,12,1,3,0,1,2,0,1,5,2,9,1,0,0,0,0,0,0,0,12,0,0,0,8,3,0,4,1,0,0,3,0,0,1,1,0,0,3,1,0,0,0,4,4,0,0,3,1,0,1
174,1201,ESCOLA MUNICIPAL LEONOR CASTELLANO,"RUA MAESTRO CARLOS FRANK, 2114",BOQUEIRAO,-25.52077021,-49.23829486,56,0,3947,2963,210,166,0,5,3,7,23,5,1,4,10,4,1,0,0,3,0,19,1,16,0,10,2,2,26,0,4,1,0,0,0,2,0,0,0,0,0,1,0,1,17,1,1,1,2,1,3,0,0,3,0,21,1,0,0,1,0,0,0,5,1,0,1,290,2,3,11,8,2,0,0,9,2,3,2,0,24,0,0,1,2,2,0,11,6,2,2,0,0,0,7,1,0,18,2,84,1,10,0,4,0,1,1,1,2,0,12,10,1,0,0,1,0,0,0,0,3,1,1,6,0,1,0,1,0,2,19,0,0,0,1,0,0,5,2,0,5,0,10,0,10,0,2,0,0,2,0,7,4,11,6,15,10,1,0,0,17,23,9,1,0,0,1,0,62,11,3,3,1,4,7,15,28,0,0,3,2,0,1,0,0,0,0,2,8,1,30,25,2,4,0,5,1,1,0,3,3,1,4,1,1,0,0,0,0,0,0,11,1,1,6,0,0,0,1,3,0,2,1,0,0,0,13,0,0,1,0,0,50,1,0,0,1,11,5,0,0,0,0,2,0,15,15,2,0,19,0,1,0,0,1,1,0,0,0,5,9,0,0,1,12,3,5,3,9,1,12,0,11,1,2,0,16,2,0,3,0,1,25,11,2,5,1,2,0,0,5,2,0,1,12,2,0,20,22,0,1,21,0,0,38,2,1,0,0,9,1,1,0,2,0,0,5,1,0,0,1,0,0,0,0,1,1,0,0,0,0,0,0,0,0,6,15,0,0,0,1,0,0,0,1,0,0,0,0,0,2,0,0,2,0,4,0,0,9,0,1,1,3,0,4,0,3,0,0,0,1,1,0,2,0,0,0,0,0,0,0,0,0,0,0,0,0,0,0,0,1,0,0,1,1,0,0,0,0,0,0,0,1,0,0,0,0,0,0,1,0,0,0,0,0,2,0,0,0,0,0,0,0,5,0,0,0,11,0,2,3,0,0,0,1,0,1,15,0,9,0,0,3,6,5,5,0,2,0,2,2,0,2,2,1,2,0,0,7,32,0,0,1,2,0,3,0,0,1,2,4,9,3,0,0,0,2,0,0,0,0,8,0,0,0,6,0,0,0,4,0,0,0,1,0,0,1,14,0,1,1,43,11,0,0,0,1,0,2,0,10,0,2,4,0,0,1,1,0,0,0,0,0,9,3,1,0,0,0,1,1,0,0,0,5,0,5,0,25,0,0,2,0,1,0,2,0,0,1,0,0,0,1,0,0,0,2,0,5,0,0,0,0,0,1,11,3,0,0,0,10,0,10,0,0,0,2,1,0,0,0,0,1,1,1,0,0,1,0,0,3,2,1,1,2,0,0,7,1,7,0,2,0,6,0,0,0,5,7,6,6,0,0,2,0,0,0,27,10,0,2,0,2,37,1,0,1,2,2,1,0,2,1,45,0,4,0,0,3,1,0,0,26,0,0,0,2,1,0,0,0,0,0,1,11,0,0,3,0,0,0,1,0,2,0,0,0,0,0,0,3,0,2,0,4,0,0,0,0,2,23,1,0,0,0,0,1,1,8,0,0,0,2,6,0,2,5,0,19,7,2,1,3,9,13,7,0,31,2,0,0,1,9,0,5,54,13,0,4,9,0,1,0,2,0,0,3,1,0,0,0,0,0,1,1,7,0,0,0,10,2,0,2,0,4,0,1,12,0,0,4,0,0,0,0,0,0,0,5,0,0,0,0,0,0,0
174,1210,ESCOLA MUNICIPAL NIVALDO BRAGA,"RUA PROF JOAO SOARES BARCELOS,  3400",BOQUEIRAO,-25.50255976,-49.24400182,56,0,3318,2531,156,108,0,5,4,1,24,4,1,1,5,2,0,0,0,6,2,25,0,8,1,1,3,1,17,0,3,3,0,0,0,3,1,0,2,1,2,0,1,2,8,3,2,4,7,0,0,0,0,4,0,10,0,0,1,2,1,0,0,3,0,0,0,321,0,12,14,5,1,0,0,4,1,3,0,0,10,1,0,9,5,0,0,1,4,4,3,2,0,0,1,0,0,25,0,88,1,1,2,2,0,2,6,0,0,0,15,8,0,0,0,1,0,1,0,0,8,0,0,0,1,0,0,1,0,1,3,0,0,0,0,0,0,0,4,0,6,0,9,0,7,3,2,0,0,3,0,10,1,8,18,12,10,0,0,1,16,18,0,0,1,2,0,1,7,17,8,3,0,8,5,13,19,0,0,0,2,0,0,0,0,3,0,1,0,0,0,51,0,0,0,3,1,0,0,1,1,0,2,1,0,0,0,0,1,0,0,5,0,0,3,0,0,3,2,1,0,0,0,0,0,0,3,0,0,0,0,1,14,0,0,0,1,7,6,0,0,0,2,0,0,8,8,1,0,18,0,1,0,0,0,0,1,0,0,3,3,0,0,1,9,5,8,4,8,3,8,0,1,0,3,0,16,4,0,0,0,0,27,3,1,6,0,0,4,0,4,0,0,8,7,10,0,24,13,2,0,14,8,2,36,7,3,6,0,0,0,2,0,0,0,2,8,0,1,0,0,1,0,0,0,2,0,0,0,1,3,0,0,0,0,3,12,0,0,0,0,0,0,1,0,0,2,0,0,0,3,0,0,5,0,2,0,0,4,0,0,1,0,0,4,0,0,2,0,0,0,1,0,2,1,0,0,0,0,0,1,0,0,2,0,0,0,0,0,0,0,2,0,0,1,0,0,0,0,0,0,0,0,1,0,1,0,0,0,1,0,0,0,0,0,0,3,0,0,0,0,0,4,0,0,0,0,2,0,2,1,0,0,2,0,0,0,14,0,0,0,0,2,5,2,3,0,3,0,4,6,0,0,0,2,0,0,0,9,35,0,0,5,0,0,4,0,0,1,1,1,4,1,0,1,0,6,0,0,0,0,48,0,0,0,1,0,1,1,0,0,0,0,3,0,0,0,21,2,0,0,53,16,1,0,2,0,1,4,2,6,0,3,3,0,0,3,0,1,0,0,2,0,5,0,2,0,0,0,1,0,0,0,2,0,0,2,2,10,4,3,8,0,0,0,3,0,0,0,0,0,0,1,0,0,2,0,1,2,0,0,0,0,0,0,8,1,0,0,0,4,0,11,2,0,0,1,0,0,0,0,1,0,0,1,0,0,0,0,0,0,1,0,0,0,0,0,1,1,3,0,0,0,6,0,0,1,1,2,3,27,0,0,0,0,0,0,21,16,2,0,0,0,38,0,0,4,1,0,0,0,0,0,46,0,0,0,0,0,1,1,0,33,0,0,0,0,0,0,1,0,0,0,0,14,0,0,1,0,1,0,0,0,0,0,0,0,0,2,0,0,0,1,0,4,0,0,0,1,0,17,1,0,0,0,0,2,0,5,0,0,0,6,4,0,1,2,0,11,15,3,0,2,7,16,1,0,2,0,0,0,0,13,0,3,28,14,0,0,3,2,1,0,2,0,5,2,0,0,0,1,0,1,0,0,19,0,0,0,10,1,0,2,0,0,0,2,6,0,0,0,0,0,0,0,1,1,0,7,2,0,0,0,0,0,0
174,1228,COLÉGIO ESTADUAL POLIVALENTE DE CURITIBA,RUA SALVADOR DE FERRANTE  1664,BOQUEIRAO,-25.49837793,-49.24227928,56,0,3438,2519,177,132,0,0,2,4,23,3,0,3,7,1,0,0,1,0,2,19,0,15,0,5,2,6,17,0,2,4,0,0,0,0,3,1,0,0,1,0,1,0,6,4,0,0,4,0,0,0,0,0,0,18,1,2,0,4,0,0,1,3,0,0,1,316,1,6,13,1,2,0,0,2,1,2,6,0,10,3,0,1,2,0,1,2,3,4,0,3,0,0,3,1,0,51,4,59,2,4,3,0,2,2,4,0,1,1,6,14,1,0,0,2,2,3,0,0,6,0,0,0,0,1,1,0,0,0,14,0,0,0,0,0,0,6,5,0,7,0,9,0,8,1,0,0,0,1,0,5,5,17,14,13,7,0,0,2,5,20,4,0,0,0,2,2,9,12,8,3,0,5,4,3,11,0,1,5,0,4,0,0,0,1,0,4,1,0,6,41,1,1,0,1,1,1,0,2,0,0,3,3,1,0,2,2,0,0,0,10,1,0,0,0,0,4,1,0,0,1,2,0,0,0,1,0,0,0,0,0,21,0,0,1,1,9,2,0,0,0,0,0,0,12,15,0,0,21,2,4,1,1,0,0,0,0,0,2,2,0,0,0,8,4,8,3,7,3,11,5,7,1,2,0,19,5,3,0,0,0,14,4,3,2,0,0,0,0,9,1,2,6,2,4,1,20,17,0,0,23,6,2,37,3,1,0,0,0,1,0,2,3,0,0,2,0,1,0,1,1,0,0,0,0,2,0,0,0,1,0,0,0,0,2,21,0,0,0,0,0,0,0,0,0,1,0,0,0,2,0,0,0,0,5,1,0,1,0,0,0,0,0,5,0,0,1,0,0,1,1,0,0,0,0,0,0,0,0,0,0,0,0,0,0,0,0,0,1,0,5,0,0,0,0,0,0,0,0,0,0,0,0,0,1,0,0,1,1,0,0,0,1,0,0,2,0,0,0,1,1,0,0,0,0,0,5,0,0,1,0,0,1,0,0,0,9,0,3,0,0,5,5,0,2,0,4,0,6,7,0,0,2,2,2,0,1,9,34,0,0,1,0,1,1,0,0,1,0,1,2,2,0,2,0,0,0,0,0,1,24,0,0,0,1,0,1,0,3,0,1,0,1,0,0,0,8,0,0,1,33,12,0,1,0,1,1,2,0,7,0,2,0,1,0,0,2,5,0,0,3,0,3,0,2,0,0,0,1,1,0,0,1,1,0,5,0,6,0,2,9,1,0,0,2,0,0,0,0,1,0,3,0,3,7,0,0,4,0,0,0,0,0,0,6,6,0,0,0,10,0,6,0,1,0,3,0,0,0,1,0,2,0,1,0,0,1,1,0,2,2,2,1,0,1,0,1,1,6,0,1,0,4,0,3,3,2,6,0,2,0,0,1,0,2,0,30,18,2,0,0,0,18,2,0,0,0,0,0,0,0,0,64,0,1,0,0,2,0,0,0,36,0,0,0,6,1,0,0,0,0,1,0,23,0,0,0,0,2,0,0,0,3,0,0,0,1,0,0,0,0,0,0,7,0,0,0,1,0,11,3,0,0,1,0,3,0,4,5,0,0,2,3,0,1,10,0,12,13,5,0,1,5,7,2,0,1,0,1,1,0,10,1,1,40,8,0,1,1,5,0,1,0,0,1,10,0,0,0,1,1,0,0,0,12,0,0,0,9,2,0,1,0,0,0,1,3,0,0,1,0,0,1,0,2,0,0,6,3,0,1,0,1,0,0
174,1236,ESCOLA MUNICIPAL ROLANDIA,RUA DESEMBARGADOR ANTONIO DE PAULA 3451,BOQUEIRAO,-25.51723371,-49.24944531,56,0,3897,2865,189,150,0,7,2,3,20,3,2,2,13,2,3,0,0,6,3,26,0,10,0,12,0,12,29,0,1,1,2,1,1,1,0,1,0,0,0,2,0,0,8,2,0,4,4,1,1,1,0,2,0,10,1,0,0,1,0,2,1,9,0,0,2,268,1,14,16,6,4,0,0,3,0,4,1,0,9,1,0,0,7,0,0,6,3,6,0,4,0,0,3,0,0,35,1,110,1,2,1,2,0,4,6,2,0,2,15,13,3,0,0,2,0,1,0,2,7,0,0,0,0,0,0,2,0,3,8,0,0,1,1,0,0,6,2,0,7,0,9,0,8,0,3,0,0,1,0,8,1,12,20,5,8,0,1,0,7,32,5,2,2,1,0,0,26,7,5,0,0,14,12,7,16,0,2,1,2,0,0,0,0,2,0,3,1,1,4,36,1,1,3,1,2,0,1,1,0,3,12,2,1,0,2,0,0,0,0,6,1,0,0,0,0,0,1,0,1,1,0,0,0,0,7,0,0,0,0,0,33,0,0,0,0,7,9,0,0,0,0,0,0,18,9,2,1,7,0,7,1,0,1,1,0,0,1,6,3,0,0,0,6,3,4,2,14,21,10,0,9,1,3,0,17,2,1,1,0,0,30,8,1,0,1,0,5,1,3,1,1,3,8,2,2,28,17,6,0,18,1,0,49,0,3,0,0,0,2,0,0,1,0,0,5,0,0,0,2,1,1,0,1,0,1,0,0,2,2,0,1,0,0,3,25,0,0,0,0,0,0,0,1,0,2,0,0,0,2,2,0,6,0,0,0,1,1,0,0,1,0,0,6,1,1,0,0,0,0,2,0,1,3,0,0,0,0,0,0,0,0,0,0,1,0,1,0,0,1,2,0,0,0,1,0,0,0,0,0,0,0,0,0,4,0,0,0,2,0,1,0,1,0,0,2,0,0,0,1,0,1,0,0,0,0,1,0,0,0,0,0,0,1,1,0,21,0,5,0,0,0,5,0,3,0,1,0,1,2,0,3,0,4,0,0,0,19,42,0,0,0,0,0,2,0,0,2,0,0,5,0,0,0,0,0,0,1,3,1,0,0,0,0,1,1,0,0,6,0,0,0,10,0,0,0,15,0,3,1,40,11,1,0,0,2,0,0,0,11,0,3,3,0,0,2,0,0,0,0,0,0,4,2,1,0,0,0,2,4,0,0,1,8,0,3,0,17,3,1,1,1,0,0,0,0,0,0,0,0,0,0,0,0,1,1,0,2,0,0,0,0,0,0,9,5,0,0,0,6,0,15,0,0,0,0,1,0,3,0,0,3,0,1,1,1,1,2,0,0,8,0,3,0,0,0,2,2,4,0,0,0,9,0,0,0,1,15,2,7,0,0,1,0,0,0,32,9,0,0,0,1,33,2,0,16,0,0,1,0,0,0,59,1,1,0,0,0,0,0,0,31,0,0,0,2,0,0,0,0,0,0,0,13,0,0,1,1,0,2,0,0,0,1,0,0,0,1,0,0,0,1,0,5,1,0,0,0,0,16,6,0,0,0,0,4,0,9,1,0,0,4,1,3,3,5,0,26,13,5,3,7,6,20,6,0,6,0,1,0,0,19,0,1,78,8,0,6,5,0,0,0,3,0,3,5,0,0,0,0,0,0,0,0,11,0,0,0,13,3,0,1,0,0,0,0,7,0,1,1,2,1,0,0,0,0,0,7,2,0,0,0,0,0,0
174,1244,CEI PROFESSORA TEREZA MATSUMOTO,"RUA CHANCELER OSWALDO ARANHA, 965",HAUER,-25.49197,-49.26165168,56,0,2506,1883,129,80,0,1,3,3,13,1,1,0,8,1,0,0,0,3,1,7,0,19,0,5,1,6,17,1,0,3,0,0,0,0,8,0,3,0,1,0,0,1,15,0,3,1,5,0,1,0,0,0,0,19,0,0,0,0,0,0,0,15,0,0,0,71,1,3,9,2,1,0,0,0,0,3,3,0,7,0,1,0,3,0,1,1,2,2,3,1,0,0,2,0,1,134,0,27,0,0,0,0,0,8,0,0,1,0,4,7,3,0,0,1,0,1,0,0,4,0,0,2,0,0,0,0,0,3,7,0,0,0,0,1,0,0,3,0,2,1,3,0,8,3,1,3,0,1,2,1,0,8,8,1,7,0,1,1,7,13,3,0,0,0,0,0,7,2,2,5,0,2,3,7,14,0,2,0,1,0,1,0,0,0,0,2,0,0,2,263,0,0,0,0,0,0,0,0,0,0,5,0,0,0,3,2,0,1,0,2,0,0,0,0,0,12,0,0,0,0,0,0,0,0,1,0,0,0,0,0,8,3,0,0,0,4,5,0,0,0,0,0,0,4,7,0,1,5,1,2,0,0,0,0,1,0,0,1,3,0,0,0,0,0,4,3,3,0,8,0,6,0,4,1,6,6,1,0,0,0,9,0,2,1,0,1,0,0,5,0,3,5,2,3,1,21,6,0,0,8,2,0,26,4,0,1,0,0,1,0,0,1,0,0,1,1,1,0,0,0,0,0,0,2,0,0,0,0,7,0,0,0,1,0,19,0,1,0,0,0,0,0,0,0,0,0,0,0,0,0,0,1,0,1,0,0,0,0,0,0,0,0,1,1,0,0,0,0,1,0,0,2,0,0,0,0,0,0,0,0,0,0,0,1,1,0,0,0,0,1,0,1,0,0,0,0,0,0,1,0,0,0,0,0,0,0,0,0,0,0,0,0,0,1,0,0,0,1,0,0,0,0,0,0,0,1,0,0,0,0,0,0,0,0,0,11,0,5,0,0,3,6,0,2,0,0,0,3,0,0,1,1,4,0,0,0,4,26,0,0,0,0,0,2,0,0,0,1,1,4,1,0,0,0,3,0,0,1,0,0,0,0,0,2,0,0,1,2,2,0,0,0,0,0,0,14,0,1,0,12,10,0,0,2,3,0,0,0,8,0,1,3,0,0,2,0,5,0,4,0,1,4,0,0,0,0,0,2,1,0,0,2,0,1,0,0,2,0,0,1,2,0,0,1,0,0,0,0,0,0,15,0,1,0,0,0,0,0,0,0,0,0,0,5,5,0,0,0,4,0,1,0,0,1,0,0,0,3,0,0,2,0,0,0,0,0,4,0,0,4,24,2,0,0,0,6,0,4,0,0,0,2,0,0,0,2,1,1,2,0,0,0,0,0,0,11,10,0,0,1,0,23,1,0,0,0,0,0,0,0,1,43,0,1,0,0,3,1,0,0,15,0,0,0,3,0,0,0,0,0,0,0,10,0,0,0,0,0,0,1,0,2,0,0,0,1,0,0,0,0,2,0,5,0,0,0,0,0,6,1,0,0,0,0,3,0,0,0,0,0,2,5,3,5,3,0,10,9,0,1,1,1,1,0,0,0,0,0,0,1,13,0,5,22,3,0,1,2,2,0,0,0,1,1,4,1,0,0,1,0,0,0,1,10,0,2,0,6,2,0,0,0,0,0,1,0,0,0,5,0,0,0,0,0,0,0,5,0,0,0,0,0,3,1
174,1252,CEEP CENTRO ESTADUAL DE EDUCAÇÃO PROFISSIONAL DE CURITIBA,R FREDERICO MAURER  3015,BOQUEIRAO,-25.49531434,-49.24259471,56,0,3274,2340,171,126,0,4,4,3,22,1,0,3,5,0,1,0,0,5,0,15,0,11,1,3,0,5,14,1,3,2,0,0,0,1,2,1,3,0,2,0,0,1,16,0,1,1,5,0,2,0,0,1,4,15,0,0,0,1,0,0,1,5,0,1,0,210,0,2,25,3,5,0,0,3,0,1,2,0,13,0,1,0,1,0,0,10,6,1,0,2,0,0,3,2,1,22,10,78,0,3,1,3,2,2,6,0,1,2,6,19,0,0,0,5,0,1,0,0,8,0,0,0,0,1,0,1,1,2,13,1,0,0,2,1,0,3,7,0,11,0,8,0,3,3,6,1,0,3,0,4,1,20,19,14,8,0,0,7,11,16,0,0,0,1,2,3,8,13,5,3,0,8,4,6,16,0,0,0,0,3,0,0,1,3,1,3,1,0,3,27,1,0,0,0,0,1,1,2,0,0,2,0,0,0,1,0,0,0,0,9,2,0,1,0,0,5,1,0,0,1,0,0,0,0,5,0,1,0,0,0,19,0,0,4,0,11,4,0,0,1,0,0,0,12,7,0,0,23,1,1,2,1,0,1,0,0,0,0,2,0,1,0,6,0,6,2,9,3,9,0,6,0,0,0,16,0,1,1,0,0,6,3,6,3,3,0,2,0,4,0,0,5,3,3,0,19,10,2,1,13,5,10,25,3,0,2,0,1,3,0,0,3,1,0,6,0,0,0,2,0,0,1,0,2,2,0,0,0,5,1,4,0,0,4,13,0,1,0,1,0,0,4,0,0,0,0,0,0,3,0,0,1,0,1,3,0,0,0,0,0,0,0,1,0,0,3,0,0,1,0,0,1,0,2,0,0,0,0,0,0,0,5,0,0,0,0,2,0,0,1,0,0,0,0,0,0,0,0,0,0,0,0,0,1,0,0,2,0,1,0,0,0,0,0,3,0,0,2,0,0,1,2,0,0,1,2,0,0,0,0,0,0,0,0,0,13,0,5,1,0,2,4,1,3,0,4,1,4,7,0,1,0,2,2,0,1,12,25,0,1,1,0,0,0,0,0,3,1,1,2,0,0,0,0,0,0,0,0,0,11,0,0,0,1,0,1,1,0,0,0,1,4,0,0,0,10,1,0,0,30,14,0,0,0,0,5,1,1,7,0,3,0,0,0,0,1,0,0,0,1,1,0,0,1,0,1,0,0,0,0,0,0,4,0,3,0,3,0,4,4,2,0,0,3,0,0,0,0,0,0,2,0,1,1,0,0,0,0,0,0,0,0,0,5,7,2,0,0,4,0,7,0,1,1,1,0,0,1,0,0,0,0,1,0,0,0,0,0,0,2,0,2,0,0,0,3,0,3,0,1,0,2,0,1,0,3,2,0,10,0,0,0,0,0,0,32,14,0,0,0,1,32,2,0,0,0,0,1,0,1,0,61,2,0,0,0,5,1,0,0,37,0,0,1,3,1,0,1,0,0,0,0,28,0,0,1,0,0,0,0,0,4,0,0,0,1,0,0,2,1,0,3,10,1,0,0,0,0,20,2,0,0,0,0,2,0,8,0,0,1,3,7,1,0,4,0,6,11,4,1,3,8,9,5,0,2,0,0,0,1,6,0,2,41,10,0,0,0,0,0,0,1,0,2,10,1,2,0,0,0,0,0,0,12,0,0,0,5,4,0,3,0,0,1,0,5,1,0,0,0,0,2,0,0,0,1,4,0,0,0,0,0,0,0
174,1260,ESCOLA MUNICIPAL PROF CARMEN SALOMAO TEIXEIRA,RUA PEDRINA ACCORDES COSTA  200,GANCHINHO,-25.57234339,-49.25933741,72,0,1820,1135,112,47,0,4,2,0,4,1,2,0,7,0,3,0,1,1,1,2,0,4,0,2,0,0,11,1,1,1,0,0,0,0,0,0,2,0,2,0,3,0,5,0,0,1,0,0,0,0,0,0,0,4,9,0,0,1,0,0,0,0,0,0,3,7,0,19,0,2,0,0,0,0,0,0,1,0,5,0,0,0,1,0,0,114,0,1,0,0,0,0,0,0,0,4,1,1,0,0,0,1,0,0,2,0,0,0,2,0,0,0,0,0,0,0,0,0,0,1,0,0,0,1,0,0,1,0,70,0,0,0,0,0,1,0,1,0,0,0,7,0,4,0,1,0,0,0,0,1,0,7,0,0,0,0,0,0,2,8,0,0,0,1,0,0,4,6,0,3,0,3,2,1,3,0,0,1,0,2,0,0,2,1,1,0,0,0,1,6,0,0,41,0,0,0,0,1,0,0,0,1,1,0,0,3,0,0,0,0,0,0,0,1,0,0,1,0,0,1,2,0,0,0,5,1,0,0,0,1,6,0,0,0,0,9,10,0,1,0,0,0,0,0,0,1,0,1,0,1,3,0,0,0,0,0,0,0,0,0,0,0,2,0,4,0,1,0,4,0,2,0,0,0,2,0,4,1,0,0,7,0,0,0,0,0,0,0,0,0,0,0,39,1,0,6,2,0,0,7,0,0,8,0,0,0,0,0,0,0,0,4,0,0,0,0,0,0,0,1,1,0,0,0,0,0,0,0,0,2,0,0,0,1,8,0,0,0,2,0,0,5,2,0,0,0,0,0,0,0,0,1,0,0,0,0,0,0,0,0,1,0,0,0,0,0,0,0,0,0,0,1,1,0,0,0,0,0,2,0,0,0,0,2,0,0,1,0,0,0,0,0,0,0,0,0,0,0,1,0,0,0,0,1,0,0,1,0,0,0,0,0,0,0,30,0,0,0,1,0,2,4,0,0,0,0,0,0,0,0,0,0,0,0,0,2,0,0,0,0,0,0,0,1,0,0,0,1,0,0,0,0,0,0,0,0,4,6,0,0,0,0,0,0,0,0,11,0,0,2,0,0,0,1,1,0,0,0,0,2,0,0,0,1,0,0,0,1,0,0,2,0,0,0,0,5,1,0,0,5,3,0,0,0,0,0,0,0,2,0,0,0,0,0,2,2,0,0,0,0,0,0,4,1,0,0,0,0,0,0,0,0,0,0,0,0,1,0,0,0,0,0,0,12,0,0,0,0,0,0,0,0,0,0,0,0,6,1,0,0,0,1,0,7,2,0,0,0,4,0,2,0,0,0,0,0,0,1,4,1,0,0,0,0,0,0,0,0,2,0,0,0,0,0,0,1,2,4,0,1,0,0,0,0,0,0,3,9,0,0,0,0,0,0,0,3,4,1,0,0,0,31,16,1,0,2,0,0,2,0,0,24,0,1,0,0,0,1,0,0,9,0,0,0,0,0,0,0,0,0,0,0,1,0,0,0,0,0,0,2,0,0,0,0,0,0,5,0,0,0,0,0,0,0,0,0,0,0,4,1,0,0,0,0,1,0,1,6,0,0,0,0,0,0,8,0,14,2,7,0,10,0,2,2,0,0,0,1,0,1,9,0,0,19,0,0,0,2,0,0,1,0,0,0,1,0,0,0,0,0,0,0,0,0,0,0,0,16,3,0,0,0,1,0,0,0,0,0,0,0,0,0,0,0,0,0,0,0,0,0,0,0,0,0
174,1279,ESCOLA SEBASTIAO PARANA,"RUA MAJOR FABRICIANO REGO BARROS, 1152",HAUER,-25.47596049,-49.25611279,38,0,1460,1125,78,56,0,2,3,3,13,1,0,0,3,1,0,1,1,3,1,15,0,4,0,5,0,1,4,0,3,0,0,1,0,2,5,0,2,0,4,0,0,1,8,0,0,1,20,0,3,1,0,0,0,2,0,0,1,0,0,2,0,0,0,0,0,65,1,4,10,2,9,0,0,0,0,1,3,0,12,0,0,3,4,0,0,2,1,0,0,2,0,0,0,0,0,10,2,28,1,1,0,0,0,5,4,0,0,1,4,6,0,0,0,3,0,0,0,0,6,0,0,1,0,1,0,2,0,0,4,3,0,0,0,0,0,0,2,0,8,0,1,0,5,0,0,0,0,0,1,1,0,3,7,12,0,0,0,0,3,9,0,0,0,0,0,0,5,3,1,0,0,7,1,5,9,0,0,0,2,1,0,0,0,0,0,0,0,0,0,23,0,0,0,2,0,1,0,1,2,0,4,1,0,0,0,0,0,0,0,0,1,0,0,0,0,6,0,0,0,0,0,0,0,1,0,0,0,0,0,0,14,0,0,0,0,5,2,0,0,0,0,0,0,2,4,4,0,5,0,1,1,0,0,1,0,0,0,0,5,0,0,0,0,0,6,0,2,1,4,0,5,0,1,0,3,3,0,0,0,1,10,0,2,2,1,0,0,0,3,0,0,2,3,0,0,4,9,1,0,14,2,2,9,0,0,0,0,0,1,0,0,5,0,0,0,0,0,0,0,1,0,0,0,0,0,0,0,2,0,0,0,0,0,0,2,0,0,0,0,0,0,0,0,0,2,0,0,0,0,0,0,1,0,2,0,0,3,0,0,0,0,0,0,0,0,0,0,0,0,0,0,2,0,0,0,0,0,0,0,0,0,0,2,0,0,0,0,0,0,0,0,0,0,0,0,0,0,0,0,0,0,0,0,0,0,0,0,3,0,1,0,0,6,1,0,0,1,1,0,0,0,0,0,0,0,0,0,0,0,0,0,0,0,0,0,11,0,2,0,0,3,3,0,5,0,0,0,20,0,0,0,2,1,1,0,0,3,19,0,0,0,0,0,0,0,1,1,0,1,3,0,0,0,0,0,0,0,0,0,0,0,0,0,0,0,0,0,1,0,0,0,0,0,0,0,7,2,0,3,23,6,0,0,0,0,0,0,0,7,0,0,3,0,0,0,1,1,0,1,0,0,1,0,0,0,0,0,0,0,0,0,0,0,0,2,0,0,0,1,3,0,0,0,0,0,0,0,0,0,1,0,3,0,1,0,0,0,0,0,1,0,0,1,3,2,0,0,0,5,0,0,0,0,0,0,0,0,0,0,0,3,0,1,0,0,0,0,0,0,0,1,0,0,0,0,2,0,0,0,1,0,0,0,0,0,1,2,1,1,0,2,0,0,0,0,14,7,0,0,0,0,16,0,0,1,1,0,1,0,2,0,48,0,0,0,1,1,0,0,0,18,1,0,0,0,0,1,1,0,0,0,0,6,0,0,0,0,0,0,0,0,0,0,0,0,0,0,0,0,0,0,0,2,0,0,0,1,0,2,0,0,0,2,0,1,3,2,0,0,0,0,5,0,0,1,0,0,5,0,0,2,0,5,0,0,0,0,0,0,1,3,0,0,6,6,1,6,0,0,0,0,0,0,2,5,1,0,0,0,0,1,0,0,7,0,0,0,1,2,0,0,0,0,0,1,3,0,0,0,0,0,0,0,0,0,0,7,2,0,0,0,0,0,0
174,1287,COLEGIO ESTADUAL SEGISMUNDO FALARZ,"RUA ISAIAS REGIS DE MIRANDA, 848",HAUER,-25.48042572,-49.253726,38,0,3707,2686,180,135,0,0,7,5,33,3,1,2,12,1,0,0,1,2,2,15,0,5,0,3,3,8,30,1,2,3,0,0,0,3,0,0,5,0,0,0,0,4,17,5,2,2,14,1,8,0,0,2,3,6,0,0,0,2,0,0,2,1,0,1,0,206,0,13,25,4,10,0,0,5,4,2,2,0,12,1,0,0,2,0,0,3,1,0,0,1,1,0,1,0,0,22,5,100,2,1,1,5,0,5,8,0,2,1,2,13,1,0,0,7,0,0,0,1,9,0,0,2,0,0,0,0,0,0,8,1,0,0,1,0,0,1,1,0,11,0,21,0,2,4,5,1,0,1,0,7,1,17,21,14,10,1,3,3,7,29,1,0,0,0,1,0,16,16,2,1,0,6,3,4,12,0,0,4,0,0,0,0,0,1,0,3,1,1,2,37,1,0,0,4,1,1,0,1,2,0,1,0,0,0,3,0,0,0,0,1,1,0,0,0,0,33,0,1,2,1,1,0,0,0,2,0,0,0,0,0,27,0,0,0,1,5,2,3,0,1,0,2,0,11,21,0,0,20,1,2,0,1,0,1,1,0,0,5,5,0,0,0,10,1,2,5,2,8,15,0,6,0,1,0,9,3,1,2,0,0,17,2,3,0,1,1,2,1,14,0,0,2,0,3,0,23,21,3,3,25,1,0,19,4,0,0,0,0,1,3,0,5,1,1,5,0,0,0,4,0,0,0,0,0,0,0,0,0,5,0,0,0,0,0,9,0,1,1,0,0,4,1,0,0,0,0,0,0,0,0,0,2,0,0,0,0,2,0,0,1,0,0,0,0,0,0,0,0,1,0,0,3,2,0,0,0,0,0,1,0,0,0,0,0,1,0,3,0,0,0,3,0,0,0,0,0,0,0,0,0,1,0,1,3,0,0,1,0,0,0,0,0,1,1,1,0,0,2,0,0,1,0,0,0,0,3,0,0,0,0,0,0,0,1,0,11,0,3,0,0,3,7,1,3,0,0,0,45,2,0,0,0,0,2,0,3,9,26,1,0,0,0,0,2,0,4,2,1,2,4,1,0,0,0,6,0,0,0,0,7,1,0,0,2,0,4,1,2,0,0,1,1,0,0,1,11,0,1,1,42,6,0,1,0,2,2,1,0,9,0,1,3,0,0,0,0,6,0,1,3,0,5,0,1,0,0,0,0,1,0,0,0,0,0,12,1,3,0,3,2,1,0,0,6,0,1,0,0,1,0,4,0,4,1,0,0,2,0,0,0,0,3,1,2,4,0,0,0,4,0,9,0,0,2,0,0,0,1,1,0,0,0,0,0,0,0,2,0,0,3,3,1,0,0,0,5,0,10,0,6,0,4,0,0,1,4,6,3,0,0,0,0,0,1,1,29,19,0,1,0,0,22,0,0,0,0,0,0,1,2,0,131,0,1,0,0,1,0,0,0,40,0,0,0,1,0,0,2,0,0,0,1,81,0,0,2,0,0,0,0,0,1,0,0,0,0,0,0,0,0,1,1,9,1,0,0,0,0,18,4,0,0,0,0,0,1,6,2,0,0,1,3,4,1,4,1,11,16,4,3,3,1,9,4,0,0,0,0,0,1,13,0,10,30,8,0,4,2,2,0,0,0,1,4,1,0,0,0,2,0,2,0,0,16,0,0,1,5,3,0,4,1,0,0,2,2,0,0,0,0,0,0,0,1,0,1,5,5,0,0,0,0,0,0
174,1295,ESCOLA MUNICIPAL PROFESSOR GUILHERME BUTLER,RUA IRMA FLAVIA BORLET 1189,HAUER,-25.48975805,-49.25758744,56,0,1541,1170,82,59,0,2,1,1,13,5,1,1,3,0,1,0,0,5,0,6,0,4,0,0,1,1,8,0,0,1,0,0,0,0,1,0,0,0,1,0,2,0,15,4,2,0,3,0,0,0,0,6,0,5,0,0,0,0,0,0,0,2,0,0,0,65,0,2,9,2,0,0,0,2,0,1,0,1,5,0,3,0,0,0,0,0,3,0,0,0,0,0,1,0,0,39,1,54,0,0,1,0,1,4,1,0,2,0,0,7,0,0,0,0,0,0,0,1,3,0,1,0,0,1,0,1,0,0,2,0,0,0,0,0,0,0,4,0,3,0,3,0,2,0,0,0,0,0,0,4,0,3,6,6,2,0,0,1,7,11,2,0,0,0,0,1,1,12,1,0,0,0,5,10,13,0,0,1,0,0,0,0,1,0,0,0,2,0,1,43,0,2,0,0,0,1,0,0,0,0,1,0,0,0,2,0,0,0,0,4,1,0,0,0,1,24,0,0,1,0,0,0,1,1,1,0,0,0,0,0,10,1,0,0,0,4,1,0,0,0,0,0,0,4,1,1,1,11,0,1,0,0,0,0,0,0,0,0,0,0,0,0,2,1,0,3,1,0,5,0,1,0,1,1,3,2,0,0,0,0,6,1,1,2,1,2,1,0,1,0,0,2,4,0,1,3,9,0,0,8,0,0,12,0,1,1,0,0,1,0,0,0,0,0,0,0,0,0,1,0,0,0,0,0,0,0,0,0,2,0,0,0,0,1,6,0,0,0,0,0,0,0,0,0,0,0,0,0,1,0,0,2,0,0,0,0,0,0,0,0,0,0,1,0,0,2,0,0,0,0,0,0,0,0,0,0,0,0,1,0,0,0,0,0,0,0,0,0,0,1,0,0,0,0,0,0,0,0,0,0,0,0,0,1,0,0,3,2,0,0,0,0,0,0,0,0,0,0,0,0,0,0,0,0,0,3,0,0,0,0,0,0,0,0,0,7,0,1,1,0,1,1,0,2,0,0,0,39,4,0,0,1,0,0,0,0,6,22,0,0,0,0,0,0,1,0,0,0,0,2,0,0,1,0,1,0,0,0,0,1,0,0,0,4,0,0,0,0,0,0,2,0,0,0,0,7,0,0,0,10,9,0,0,0,1,1,3,1,4,0,4,0,0,0,1,1,1,0,2,0,0,1,0,0,0,0,0,0,1,0,0,0,2,0,7,0,1,0,1,1,3,0,0,1,0,0,0,0,0,0,1,0,2,2,0,0,0,0,0,0,0,0,0,3,0,0,0,0,2,0,5,0,0,0,0,0,0,0,0,0,0,0,0,0,0,0,1,0,0,2,1,0,0,0,0,0,1,4,0,0,0,3,0,0,0,0,3,2,0,0,0,0,0,0,0,14,8,0,0,0,0,10,0,0,0,1,0,0,1,0,1,41,0,0,0,0,2,0,0,0,18,0,0,0,0,0,0,0,0,0,0,0,23,0,0,0,0,0,0,0,0,2,0,0,0,0,1,0,1,0,0,0,1,0,0,0,0,0,7,0,0,0,0,0,1,0,5,1,0,0,0,2,0,0,2,0,5,5,4,0,0,0,2,0,0,0,0,0,1,1,10,0,4,7,5,0,0,0,0,0,0,0,2,1,3,1,0,0,0,0,0,0,0,2,0,0,0,0,0,0,0,0,0,0,1,1,0,0,0,0,0,0,0,0,0,0,4,3,0,0,0,1,0,0
174,1309,COLÉGIO ESTADUAL MILTON CARNEIRO,"RUA NELSO JOSÉ LAUTHART, 301",ALTO BOQUEIRAO,-25.5370888,-49.2384749,64,0,4628,3152,316,174,0,3,1,1,14,3,2,1,11,1,0,0,0,4,2,17,1,15,1,8,3,4,37,0,3,4,0,0,0,0,0,0,4,0,3,0,0,0,23,1,1,18,2,0,4,0,0,0,0,47,3,0,1,1,2,0,0,1,1,1,0,85,1,9,1,16,2,0,0,2,3,3,1,0,9,0,0,0,6,0,0,10,12,16,1,1,1,0,5,0,0,19,5,24,1,1,1,3,0,13,8,3,2,2,85,3,0,0,0,1,0,0,0,0,2,0,0,0,1,0,1,0,0,4,41,0,0,0,0,0,0,0,1,1,6,0,6,0,7,0,0,0,0,2,0,10,1,12,2,12,4,1,0,1,14,23,4,0,0,2,0,0,128,4,3,0,5,8,21,12,10,0,0,1,0,3,0,0,0,0,0,0,8,0,8,7,0,5,0,0,0,0,0,4,0,0,7,2,0,0,3,1,1,0,0,4,2,1,0,1,0,2,0,0,0,4,2,1,0,0,89,0,1,0,0,0,17,0,0,0,0,5,12,0,0,0,1,0,0,4,4,0,2,9,0,4,0,1,0,1,0,0,0,5,0,0,0,0,0,0,10,2,2,3,9,0,6,0,1,0,21,1,1,0,0,1,42,19,3,1,1,0,1,1,8,4,0,1,59,1,0,19,3,4,2,7,1,0,27,4,0,0,1,1,1,0,0,4,1,0,1,0,0,0,0,1,0,0,0,1,0,0,0,0,1,0,4,0,0,11,20,0,0,0,0,0,0,0,0,0,0,0,0,0,4,0,0,1,0,0,3,0,3,0,1,1,0,0,2,0,9,0,0,0,3,3,0,2,1,0,0,0,0,0,1,3,0,2,1,2,0,0,0,0,0,0,0,0,0,0,1,0,0,0,3,0,0,0,0,8,0,0,1,0,0,0,0,0,0,0,28,0,0,0,1,0,2,4,1,0,0,0,0,1,0,0,0,1,3,0,0,8,0,1,2,0,4,0,0,0,0,0,0,0,0,0,0,0,0,0,0,0,6,30,0,0,0,0,0,0,0,0,11,1,3,1,3,1,0,0,10,0,0,0,0,2,0,1,0,6,0,2,0,0,0,0,0,5,0,1,0,3,0,1,0,7,5,0,1,0,4,4,0,0,13,0,0,2,0,0,0,0,2,0,1,2,0,1,153,0,0,2,0,0,1,0,0,0,4,0,1,0,62,0,2,0,2,1,0,1,0,0,0,0,0,0,1,0,0,0,2,6,7,0,0,0,0,1,2,10,7,0,0,0,2,0,12,0,0,0,1,0,0,4,0,0,3,0,1,0,0,2,0,0,0,8,0,7,0,0,0,0,0,2,1,1,0,3,0,0,3,0,11,12,3,0,0,0,0,0,1,31,14,1,0,1,0,88,10,16,0,0,0,2,3,0,1,79,1,1,0,0,1,0,0,0,29,0,0,0,0,1,1,0,0,0,0,2,6,0,0,1,0,0,1,0,0,1,2,0,0,1,1,0,0,0,2,0,5,0,0,0,1,0,14,1,0,0,1,0,0,0,7,2,0,0,5,2,0,2,3,0,27,11,13,2,8,0,7,11,0,9,0,0,0,1,12,0,2,76,4,1,3,1,0,0,0,0,0,0,7,1,0,0,0,1,1,1,0,6,0,0,0,22,3,1,0,0,1,0,1,6,0,0,0,0,0,0,0,0,0,0,3,9,0,0,0,1,1,0
174,1317,CEI PROFESSORA MARIA AUGUSTA JOUVE,"RUA PASTOR ANTONIO POLITO, 1145",ALTO BOQUEIRAO,-25.52430893,-49.23358273,64,0,4056,2789,253,134,0,0,8,2,16,2,1,4,4,2,1,0,2,2,3,19,1,22,0,5,2,3,30,0,6,2,0,1,1,2,0,0,3,0,8,0,2,1,33,1,0,6,3,0,2,0,0,2,0,31,4,0,0,0,3,0,0,4,0,0,0,151,1,8,6,8,4,0,0,4,0,4,2,0,6,0,2,1,1,1,0,3,12,12,2,0,0,2,48,1,0,18,5,39,0,44,0,9,0,1,5,2,0,0,22,12,5,0,0,2,0,2,0,0,7,0,0,1,0,0,0,0,0,3,15,0,0,0,1,0,0,3,1,0,5,1,17,0,13,2,2,1,0,3,0,7,1,12,11,14,9,0,1,3,14,18,10,0,0,1,3,1,62,12,7,0,1,6,5,17,5,1,0,4,3,4,0,1,0,2,3,1,6,0,22,14,0,0,1,1,1,0,0,1,0,1,3,2,1,1,6,0,0,1,0,6,2,2,0,0,0,1,1,0,1,4,3,0,0,0,15,0,1,0,0,1,24,0,0,0,1,17,9,0,0,0,4,0,0,13,5,2,0,10,0,0,3,0,0,0,0,0,1,3,2,0,0,0,2,2,3,5,3,1,7,0,10,1,1,0,10,2,2,1,0,0,13,3,1,2,0,0,4,0,7,0,6,0,23,2,1,13,21,1,0,18,1,0,29,0,1,0,0,39,1,2,1,7,1,0,0,0,0,0,3,1,0,0,0,1,0,0,0,1,0,0,1,0,0,5,21,0,0,0,0,0,0,0,1,0,0,0,0,0,1,0,3,0,0,0,0,0,1,0,0,0,0,0,3,0,9,0,0,0,0,5,0,0,2,0,0,0,0,0,0,0,0,0,0,0,0,0,1,0,0,0,0,0,0,0,0,0,0,0,0,0,0,0,1,3,0,0,0,0,0,0,0,0,0,1,3,0,0,1,0,0,0,3,0,0,0,3,0,1,0,0,0,0,1,0,2,9,0,5,0,0,0,1,1,2,0,3,0,0,5,3,2,1,4,0,0,0,4,32,0,0,0,0,0,2,0,0,2,2,0,1,2,0,1,0,4,0,0,0,2,0,0,0,0,9,0,3,0,0,1,0,0,2,0,1,0,2,0,1,0,17,7,0,0,2,1,0,1,1,9,1,0,4,0,0,3,2,3,1,0,1,1,2,13,1,0,0,0,0,1,0,0,0,7,2,7,0,35,0,2,0,1,0,0,0,0,0,0,0,1,1,7,0,1,2,2,3,0,1,0,1,0,0,1,14,2,0,0,0,13,3,5,1,4,2,0,0,0,0,0,0,1,0,4,1,0,1,0,0,2,7,0,1,6,0,0,2,0,15,0,2,0,2,0,1,2,1,3,6,0,0,0,1,0,0,0,26,14,0,1,0,0,49,2,4,0,1,1,0,0,0,0,53,3,0,0,0,0,0,0,0,19,0,0,1,0,0,0,0,0,0,0,0,9,0,0,0,0,0,0,2,0,0,0,0,0,0,1,0,1,0,0,1,4,0,0,0,0,1,13,5,0,0,0,0,0,0,7,7,0,0,7,2,0,0,9,1,10,12,10,0,7,4,11,2,0,42,0,0,0,1,19,0,11,85,1,0,0,2,1,2,0,0,1,2,5,1,0,0,0,1,0,3,0,7,0,0,0,14,3,0,1,0,0,0,1,7,0,0,2,0,0,1,0,0,0,0,9,5,0,0,0,0,1,0
174,1333,COLEGIO ESTADUAL SANTO AGOSTINHO,"RUA CASCAVEL, 1610",BOQUEIRAO,-25.51474133,-49.2465292,56,0,4215,3071,259,172,0,7,4,7,30,0,0,0,5,0,1,0,0,4,1,23,0,11,0,10,2,2,22,0,3,3,0,0,0,7,1,0,0,2,0,0,1,1,16,1,1,0,3,0,0,0,1,4,3,13,0,1,3,0,1,1,0,8,0,0,1,314,0,11,9,6,5,0,0,5,1,0,7,1,9,0,0,1,3,1,1,10,7,6,2,2,0,0,2,0,4,19,2,107,1,2,1,3,0,1,5,0,0,1,9,16,3,0,0,5,0,1,0,0,7,0,0,0,0,3,0,2,0,3,21,0,0,0,1,1,0,6,1,0,5,0,11,0,21,2,2,2,0,3,1,9,7,10,20,21,13,0,0,0,20,34,10,6,0,2,1,0,31,7,2,7,0,11,14,7,24,0,1,2,3,2,1,0,0,1,0,1,13,0,2,22,1,0,3,0,1,1,0,1,0,0,8,0,0,0,2,0,1,1,0,4,1,0,0,2,0,0,1,0,0,0,1,0,0,0,3,0,1,0,0,0,38,3,0,2,0,3,6,0,0,0,0,0,0,18,10,0,0,15,0,7,2,1,0,1,0,0,0,5,4,0,0,0,8,0,0,5,6,9,10,0,5,1,2,1,23,4,1,0,0,1,16,6,1,1,1,0,3,0,6,5,2,2,4,2,0,19,20,5,0,12,3,0,59,2,0,0,0,1,0,0,1,10,0,0,6,0,0,2,0,0,0,0,0,0,0,0,0,0,2,3,1,0,0,1,21,0,0,0,1,0,0,1,0,0,0,0,0,0,0,0,0,2,0,2,4,0,6,0,1,0,0,0,0,0,1,0,0,0,1,2,0,5,0,0,0,0,0,0,1,0,0,1,0,0,0,1,2,0,6,0,0,0,0,0,0,0,0,1,0,0,0,0,0,1,0,1,1,4,0,1,0,0,1,0,2,0,0,3,0,0,1,1,0,0,2,5,0,2,0,0,0,3,0,0,1,11,0,3,0,0,0,3,0,9,0,0,0,5,1,0,1,2,5,0,1,0,8,44,0,0,0,0,0,4,0,0,1,0,1,1,0,0,5,0,0,0,0,3,0,2,0,0,0,2,0,3,0,3,0,0,0,4,0,0,1,12,0,0,2,45,8,0,0,0,2,0,1,1,9,2,0,2,0,1,5,2,1,1,0,0,0,11,2,0,0,0,0,1,1,0,0,1,8,1,2,1,10,1,2,1,5,0,0,1,1,0,0,0,0,0,0,1,1,1,0,0,6,1,0,0,0,2,3,9,4,1,0,0,8,1,2,0,2,0,0,0,0,0,0,0,2,1,1,1,2,4,1,0,1,1,0,2,1,2,0,0,4,7,0,5,0,6,0,0,0,0,10,3,5,0,3,0,0,0,0,33,16,0,0,0,0,30,2,2,5,1,0,1,0,0,0,63,0,0,0,0,1,1,1,0,46,0,0,1,3,0,0,0,0,0,0,0,14,2,2,1,0,1,1,1,0,1,0,0,0,0,1,0,5,0,3,0,6,4,0,0,0,0,15,0,0,0,0,1,6,0,7,5,0,0,5,4,0,1,7,0,22,13,5,7,4,6,13,2,0,13,0,0,0,4,8,0,5,70,15,1,0,3,2,0,0,0,2,4,3,0,0,0,0,0,0,0,0,13,0,0,0,24,6,0,3,0,0,0,2,4,0,0,5,0,0,0,1,0,0,2,15,2,0,0,0,1,0,1
174,1341,COLÉGIO NOSSA SENHORA DA ASSUNCAO,"RUA DR. ALCIDES VIEIRA ARCOVERDE, 620",GUABIROTUBA,-25.46015929,-49.24060575,23,0,4047,3166,176,122,0,4,3,7,32,3,0,2,21,1,0,0,0,18,1,26,0,22,0,3,3,8,22,0,2,3,0,1,0,1,1,0,5,0,5,0,0,1,15,0,8,1,4,1,7,0,3,3,4,2,0,0,0,0,3,2,1,8,0,1,1,94,0,4,66,5,66,0,1,9,6,5,1,0,24,0,0,0,0,2,0,7,7,1,0,4,0,0,0,1,0,8,0,11,2,0,0,3,1,4,11,0,2,0,2,27,4,0,4,3,0,3,0,1,6,0,0,0,0,0,0,2,0,1,5,1,0,2,1,0,0,1,12,1,22,0,7,0,10,3,0,1,0,2,1,13,0,14,17,14,18,0,0,1,7,35,7,1,2,1,2,0,14,17,9,7,0,8,0,5,44,0,0,2,4,1,0,1,0,2,1,1,0,0,2,10,1,0,0,2,2,0,0,0,3,0,4,3,0,2,5,0,0,0,0,1,0,0,2,0,0,0,0,0,0,0,0,0,3,0,1,0,0,0,0,0,50,0,0,0,0,42,5,0,0,0,6,0,0,26,25,1,3,15,0,4,0,0,0,0,0,0,0,9,5,2,0,1,9,2,3,10,11,4,24,0,13,0,0,1,15,3,0,3,0,0,20,1,5,22,0,0,1,0,6,0,2,0,1,6,8,20,34,0,0,23,1,0,16,4,4,3,0,0,4,5,0,12,1,0,118,0,0,3,4,0,92,0,0,1,0,0,1,0,0,0,0,0,1,0,7,0,0,1,0,1,0,0,0,0,0,0,0,1,1,0,0,8,0,0,0,0,0,0,0,3,0,0,1,0,0,14,0,0,0,3,0,0,0,1,0,0,0,0,0,0,0,0,0,0,0,1,0,0,0,1,0,0,0,0,0,0,0,0,0,0,0,0,0,2,0,0,0,0,0,1,0,1,0,0,0,0,0,2,1,0,0,0,0,0,0,6,0,2,3,0,0,2,0,0,0,46,0,1,0,0,1,3,0,7,0,1,2,2,11,0,0,5,2,3,1,0,36,110,2,0,2,0,1,4,0,2,1,3,3,9,0,4,0,0,1,0,3,0,0,5,0,0,0,5,0,4,0,6,0,0,0,1,0,0,0,10,0,5,3,63,8,4,1,0,1,2,3,0,14,0,0,2,0,1,0,0,0,0,0,1,0,9,0,1,0,3,0,6,0,0,0,0,0,0,6,0,3,0,3,2,4,0,0,4,0,0,0,0,0,0,1,0,3,3,0,3,0,0,0,0,0,2,0,10,6,0,0,0,14,3,4,0,0,1,6,0,0,0,0,0,6,0,0,0,0,6,2,0,1,1,0,4,0,2,0,7,3,2,0,2,0,15,2,2,5,11,4,0,1,2,2,6,0,0,0,40,22,3,0,6,0,25,0,0,0,1,0,0,0,0,1,35,0,2,0,0,0,0,0,0,41,0,0,0,4,0,1,0,0,0,1,0,11,1,2,3,0,0,0,0,0,2,0,0,0,0,1,0,2,0,1,0,9,3,0,0,0,0,16,5,0,0,0,0,9,0,10,0,0,1,9,9,1,0,4,1,15,7,4,0,5,3,20,3,0,0,0,0,1,0,13,1,2,7,28,0,1,2,1,0,2,0,1,5,14,2,0,0,2,0,2,0,0,29,0,0,0,1,6,0,7,0,1,0,0,1,0,0,0,0,0,0,2,0,1,0,15,0,2,1,0,1,0,1
174,1350,CMEI CONJUNTO ARAUCARIA,"RUA ROBERTO BARBOSA DE ALMEIDA, 152",ALTO BOQUEIRAO,-25.52755062,-49.25362448,64,0,1174,934,56,53,0,0,0,0,7,1,0,0,5,1,1,0,0,4,1,4,0,3,0,3,0,2,11,0,4,0,0,0,0,0,1,0,0,0,0,0,0,0,13,0,0,1,0,0,0,0,0,0,0,6,0,0,0,0,0,0,0,0,0,0,0,54,0,0,3,5,2,0,0,2,0,3,1,0,5,0,0,0,5,1,0,5,1,4,1,0,0,0,2,0,1,7,1,21,0,0,0,0,0,6,1,2,3,0,5,3,0,0,0,0,0,0,0,0,0,0,0,0,0,0,1,0,0,2,8,0,0,0,0,0,0,1,0,0,0,0,7,0,1,3,0,1,0,1,0,3,1,3,2,1,2,0,0,0,0,2,0,0,0,0,3,0,32,4,2,2,0,1,4,5,1,0,3,0,0,1,0,0,0,0,0,0,1,0,1,7,0,0,1,0,0,0,0,3,0,1,1,0,0,0,3,2,0,0,0,3,1,0,0,0,0,1,0,0,0,1,0,0,0,0,8,0,0,0,0,0,8,0,0,0,0,4,1,0,0,0,0,0,0,5,3,0,0,2,0,1,0,0,0,0,0,0,0,0,0,0,0,1,1,0,2,0,2,0,0,1,2,0,1,0,5,2,0,0,0,0,8,4,1,1,0,0,0,0,4,0,0,0,12,0,0,14,1,3,0,2,2,0,6,0,0,0,1,2,0,0,0,0,2,0,0,0,0,0,0,1,0,0,0,0,1,0,0,0,0,0,0,0,0,3,5,0,0,0,0,0,0,2,0,0,0,0,0,0,0,0,0,0,0,0,0,1,1,0,1,0,0,0,0,0,0,0,0,0,0,1,0,0,0,0,0,0,0,0,0,0,0,1,0,1,0,0,0,0,0,0,0,0,0,0,0,0,0,0,0,0,0,1,0,6,0,0,0,2,0,0,0,0,0,0,1,0,0,0,0,0,5,1,0,0,0,0,0,0,1,0,0,0,2,0,0,2,0,1,0,1,0,0,1,1,0,1,0,1,0,0,0,0,1,1,0,0,5,8,0,0,0,0,0,0,0,0,1,2,0,0,1,0,0,0,0,0,0,0,0,2,0,0,0,6,0,0,0,1,0,0,0,3,0,0,0,7,0,0,0,12,6,0,0,0,1,0,0,0,3,0,1,2,0,0,3,0,0,0,0,0,0,0,1,0,0,0,0,0,4,0,0,1,0,0,0,0,68,0,1,1,1,0,0,1,0,0,0,0,0,0,0,1,1,0,1,0,4,0,0,1,0,1,0,1,1,0,0,0,0,0,2,0,1,0,0,0,0,0,0,0,0,0,0,0,0,0,0,0,0,2,0,1,0,0,0,1,2,10,0,0,0,0,1,0,0,0,1,4,4,0,0,0,0,0,0,4,6,0,0,0,0,31,4,0,0,0,0,1,1,0,0,13,0,0,0,0,1,0,0,0,7,1,0,2,0,0,0,1,0,0,0,0,1,0,0,0,0,0,0,0,0,0,0,0,0,0,0,0,0,0,0,0,1,0,0,0,1,0,1,0,0,0,0,0,2,0,1,0,0,0,1,4,0,1,1,0,3,0,2,0,1,1,4,0,0,0,0,0,0,0,6,0,0,21,4,0,0,1,2,0,0,0,0,0,3,1,0,0,0,0,0,0,0,2,0,0,0,2,0,0,0,0,0,0,0,5,0,0,0,0,0,0,0,0,0,0,1,2,0,0,0,0,2,0
174,1368,CENTRO DE EDUCACAO INFANTIL COLMEIAS,"RUA JULIO CESAR RIBEIRO DE SOUZA, 1332",HAUER,-25.4820632,-49.2536578,38,0,1801,1314,92,78,0,1,4,4,13,1,0,1,3,1,0,0,1,5,0,9,1,3,0,5,1,2,12,1,4,0,0,0,0,1,2,0,4,0,1,1,1,4,5,3,0,3,12,0,0,0,0,5,2,3,0,0,0,0,0,0,0,6,0,0,0,86,0,7,3,1,2,0,0,0,1,0,0,0,2,0,0,1,1,0,0,6,3,0,1,3,0,0,1,2,1,19,0,42,0,0,0,0,0,4,0,0,0,3,1,2,0,0,0,3,0,1,0,0,0,0,0,1,0,0,0,1,0,0,4,0,0,0,0,0,0,0,2,0,4,2,5,0,2,0,1,0,1,0,0,12,0,4,13,13,9,0,0,1,11,6,3,0,0,0,0,0,10,5,5,1,0,4,4,5,5,0,0,1,5,0,0,0,1,0,0,2,0,0,1,18,0,1,0,1,0,1,0,0,1,1,5,3,0,0,2,0,0,0,0,0,0,0,2,0,0,8,0,0,0,0,0,0,0,0,0,0,0,0,0,0,9,0,0,1,0,1,2,0,0,0,1,0,0,1,5,0,1,11,0,1,0,0,0,1,0,0,0,2,2,0,0,0,2,0,1,3,2,3,9,0,3,0,0,0,8,2,1,0,0,1,8,1,1,0,0,0,0,0,2,0,1,0,2,0,0,11,14,0,0,11,1,0,15,0,2,0,0,0,0,0,0,1,0,0,3,0,0,0,3,0,0,0,0,0,0,0,0,0,1,0,0,0,0,0,3,0,0,0,0,0,0,0,0,0,0,0,0,0,0,0,0,2,0,0,0,0,0,0,0,0,0,0,1,0,0,0,0,0,0,0,0,2,0,0,0,0,0,0,0,0,0,0,0,0,0,0,0,0,0,0,0,1,0,0,0,0,0,0,0,0,0,1,0,0,0,0,0,4,0,0,0,0,0,0,0,0,0,2,0,0,0,0,0,0,0,0,0,0,0,0,0,0,0,0,0,6,0,3,0,0,1,4,0,2,0,0,0,16,3,0,0,1,1,1,2,1,8,17,0,0,1,0,0,0,0,0,0,0,1,0,0,1,0,0,1,1,0,0,0,4,2,0,0,0,0,0,0,6,0,0,1,1,0,0,0,4,0,1,1,13,2,0,0,0,1,3,0,1,2,0,1,1,0,0,0,0,2,0,0,0,0,1,0,0,0,0,0,0,0,0,0,0,1,0,7,1,0,0,5,1,3,0,0,0,1,0,0,0,0,0,0,0,0,1,0,0,1,0,0,0,0,1,0,7,5,0,0,0,3,1,6,0,0,1,0,0,0,0,0,0,0,0,0,0,1,0,0,0,0,0,1,0,0,0,0,3,3,6,0,0,0,1,0,1,1,4,4,1,0,0,0,0,0,3,0,16,7,1,0,0,0,6,1,0,0,0,0,1,1,2,0,42,0,1,0,1,0,1,0,0,13,0,0,0,0,0,0,0,0,0,0,0,29,1,0,0,0,0,2,0,1,3,0,0,0,0,0,0,2,0,1,0,2,2,0,2,0,0,8,4,0,0,0,1,1,0,2,0,0,0,2,2,0,0,3,1,9,11,1,0,3,0,3,1,0,0,0,1,1,3,11,0,4,19,12,0,2,0,1,0,0,0,0,0,7,0,0,0,0,0,0,0,0,15,1,0,1,3,0,0,0,0,0,0,1,0,0,0,0,0,0,0,0,2,0,0,3,1,0,0,0,0,0,0
174,1724,SESI BOQUEIRÃO,"RUA DR. HELENO DA SILVEIRA, 351",BOQUEIRAO,-25.51469634,-49.23439517,56,0,3341,2379,176,116,0,3,0,9,12,3,0,1,9,1,1,0,0,4,2,16,0,10,0,2,4,3,24,1,3,4,0,0,0,1,0,0,3,0,3,0,1,1,10,3,1,3,0,0,0,0,1,0,0,11,0,0,0,1,0,0,0,5,0,0,2,209,0,4,10,4,5,0,2,5,0,5,2,0,15,0,0,0,5,0,2,5,3,7,3,2,0,0,4,0,0,21,2,61,0,2,3,2,1,2,9,3,0,0,4,12,0,0,0,3,2,1,0,0,8,0,0,2,0,0,0,0,0,1,24,0,0,2,0,0,0,4,4,0,11,0,5,0,6,1,5,0,0,0,0,3,1,14,18,6,18,0,0,1,4,25,2,0,1,0,4,0,20,11,4,5,0,10,7,11,24,1,3,3,1,0,0,0,0,0,0,4,10,0,6,22,0,0,1,1,5,1,0,2,1,1,10,1,0,0,4,0,0,0,0,9,3,0,0,0,0,0,0,0,0,5,1,1,0,0,6,0,0,0,0,0,17,0,0,0,0,3,5,0,0,0,2,0,0,8,13,0,1,13,0,3,0,1,0,2,0,0,2,0,1,0,2,0,4,0,4,5,7,2,8,0,10,0,0,0,8,6,0,1,0,0,25,13,1,2,1,2,0,0,6,1,0,0,16,4,0,17,8,0,0,11,8,0,46,0,5,4,0,0,0,2,0,1,0,0,0,0,0,0,0,2,0,2,0,0,2,0,0,0,1,0,0,0,0,8,13,0,0,0,0,0,0,0,0,0,0,0,0,0,0,0,0,0,0,1,0,0,9,0,0,0,1,0,1,0,3,2,0,0,1,0,0,3,1,0,0,0,0,0,2,0,0,0,0,0,0,0,0,0,2,0,0,0,0,0,0,0,0,0,0,0,0,0,0,5,0,0,2,4,0,0,0,0,0,1,0,0,0,0,0,0,0,2,0,0,0,0,3,3,1,0,0,0,1,0,0,15,0,4,0,0,1,0,0,1,0,2,0,2,0,0,2,1,2,1,0,0,9,44,0,1,1,1,0,0,0,0,1,0,3,2,1,0,0,1,3,0,0,0,0,3,0,0,0,1,0,2,0,4,0,0,0,0,1,0,2,11,0,0,2,18,15,0,1,0,2,0,0,0,8,0,2,1,0,0,1,1,0,0,1,0,0,5,1,0,0,1,0,2,4,0,0,0,2,0,3,0,4,0,0,1,1,0,0,1,0,0,1,0,1,0,4,0,2,0,1,0,7,0,0,0,0,1,0,6,12,0,0,0,8,0,4,0,0,0,2,0,0,0,0,0,3,0,0,0,0,1,0,0,0,4,3,0,0,0,0,0,2,3,0,6,0,6,0,2,0,4,7,1,5,0,3,2,0,0,0,36,11,0,0,0,0,42,0,3,0,2,0,0,0,0,0,61,2,1,1,0,0,2,0,0,42,0,0,1,0,0,1,0,0,0,0,0,9,0,0,3,0,2,0,1,0,1,0,0,0,1,1,0,0,1,0,0,4,4,0,0,0,1,14,1,0,0,0,1,0,0,3,2,1,0,5,1,0,4,3,0,13,12,7,0,1,9,6,1,0,9,0,0,0,1,13,0,3,43,10,0,2,1,5,2,0,0,1,3,7,1,1,1,0,0,0,0,0,7,0,0,0,15,3,0,1,0,0,1,2,4,2,0,1,1,0,1,0,0,0,0,5,1,1,1,0,0,2,0
174,1732,COLÉGIO ADVENTISTA DO ALTO BOQUEIRÃO,"RUA BOM PASTOR, 606",ALTO BOQUEIRAO,-25.52375675,-49.24923793,64,0,3344,2436,197,141,0,2,1,5,12,3,0,1,12,0,2,1,2,3,2,16,2,9,0,3,2,4,14,0,5,2,1,0,0,0,1,0,1,0,1,2,0,2,10,4,0,5,3,1,0,0,0,3,0,8,0,0,2,0,1,6,0,0,0,0,2,135,0,9,17,9,7,1,0,5,0,0,1,0,10,1,0,0,1,0,1,15,8,0,0,0,0,0,5,0,0,28,1,33,0,1,0,1,0,8,5,0,3,5,31,19,2,0,0,4,0,1,0,0,2,0,0,1,0,1,0,0,1,2,18,0,0,0,1,0,0,0,2,0,5,1,11,0,8,3,2,1,0,4,0,7,1,14,14,5,10,0,0,2,9,22,8,0,2,3,3,0,35,2,9,0,0,2,5,10,18,3,0,5,0,0,0,0,0,0,0,1,3,0,2,19,0,1,0,0,0,0,0,2,0,2,2,2,1,0,6,0,0,0,0,6,1,0,0,0,0,1,0,0,1,0,4,0,0,0,13,0,1,0,0,0,16,2,0,0,0,4,6,2,2,0,0,0,0,11,5,0,0,12,0,4,0,0,0,0,0,0,3,3,6,0,0,0,3,2,3,4,5,1,8,1,9,0,2,0,18,4,1,0,0,0,13,4,2,10,1,0,3,0,4,1,0,3,27,3,0,40,7,12,2,12,7,0,36,1,1,1,0,0,2,0,0,0,2,0,3,0,0,1,3,0,0,0,0,2,0,0,0,0,1,0,0,0,1,8,15,0,0,0,0,0,0,0,0,0,0,0,0,0,6,0,0,1,0,0,0,1,0,0,1,0,0,0,2,0,2,0,0,0,0,0,0,2,1,0,0,0,0,0,0,0,0,0,0,0,0,0,0,0,1,0,1,0,0,0,0,0,0,0,0,0,0,1,0,4,0,0,1,0,0,0,0,0,0,2,7,0,0,1,1,1,1,0,0,0,0,2,0,0,2,1,1,0,1,0,0,11,0,5,0,0,0,4,1,0,1,0,0,1,8,0,1,2,2,2,2,0,14,54,1,0,2,0,0,0,0,0,4,0,0,4,1,1,0,0,1,0,0,0,0,3,0,0,0,3,0,5,0,4,1,0,0,1,0,0,0,14,0,2,0,22,9,0,2,0,12,0,3,0,15,0,3,1,0,0,3,0,0,0,1,0,0,4,4,0,0,0,0,1,8,0,0,0,6,0,3,0,37,0,4,3,0,0,1,9,0,0,0,0,0,0,1,0,0,1,0,0,3,2,0,0,0,0,2,3,7,4,0,0,13,1,9,1,0,0,1,1,0,0,1,0,0,0,0,0,0,0,0,0,0,4,0,0,0,0,0,4,3,6,0,2,0,2,0,1,0,1,5,7,1,0,0,0,0,0,0,17,19,2,0,0,4,38,3,3,3,1,0,0,3,1,0,47,0,1,0,0,1,0,0,0,34,0,0,0,3,0,0,0,1,0,0,0,9,2,0,2,0,1,1,0,0,0,1,0,0,0,2,0,1,0,1,0,7,1,0,0,0,1,16,0,0,0,1,1,4,0,7,1,0,0,3,9,0,1,4,0,25,6,2,0,0,2,14,0,0,2,1,0,0,0,8,0,3,36,6,0,1,5,3,1,1,3,0,4,7,2,1,0,1,0,3,1,0,6,0,0,0,14,1,1,5,0,0,0,3,6,0,0,7,1,1,1,0,0,0,0,8,0,2,2,0,0,0,1
174,1740,ESCOLA MUNICIPAL PROFESSORA SOPHIA GAERTNER ROSLINDO - EF,"RUA EXPEDICIONÁRIO ESTANISLAU WOJCIK, 82",ALTO BOQUEIRAO,-25.5358722,-49.2433624,64,0,1418,1062,94,61,0,1,4,2,6,1,0,0,5,0,3,0,0,3,2,6,0,6,1,2,0,0,10,0,0,0,0,4,0,0,0,0,0,0,0,1,0,1,9,0,0,0,0,0,0,0,0,0,0,15,1,0,0,0,3,0,0,0,0,0,0,41,0,9,0,1,3,0,0,0,0,0,0,0,4,0,0,0,1,0,0,2,0,0,0,0,0,0,0,0,0,8,2,7,1,0,1,1,0,4,4,0,1,0,44,3,0,0,0,2,0,0,0,0,0,0,0,0,0,0,0,0,1,0,16,0,0,0,1,0,0,0,2,0,0,0,1,0,6,0,1,1,0,0,0,0,2,2,1,6,1,0,0,0,2,6,3,0,0,1,1,0,48,1,1,3,0,3,13,5,6,0,0,0,0,1,0,0,1,0,0,0,1,0,0,5,0,0,0,1,0,0,0,1,0,0,4,1,0,0,1,1,0,0,0,3,0,0,0,0,1,0,1,0,0,3,0,1,0,0,18,0,0,0,0,0,5,0,0,0,0,7,1,0,0,0,0,0,0,2,1,0,0,6,0,1,1,0,0,0,0,0,0,0,2,0,0,0,2,0,1,0,9,2,3,0,4,0,0,0,8,0,0,0,0,0,22,1,0,0,1,0,0,0,0,0,0,0,27,0,0,11,5,7,0,13,0,0,8,0,1,1,0,0,2,0,0,2,0,0,1,0,0,0,0,0,0,0,0,0,0,0,0,0,0,0,1,0,0,2,8,0,0,0,0,0,0,0,0,0,0,0,0,0,2,0,0,2,0,0,0,0,0,0,0,0,0,0,2,0,0,0,0,0,1,0,0,0,0,0,0,0,0,0,0,0,0,0,0,2,0,0,0,0,0,0,0,0,0,0,0,0,0,0,0,0,0,0,0,1,0,0,0,1,0,0,0,0,0,1,2,0,0,0,0,0,0,0,1,0,0,0,0,1,0,0,0,1,0,0,0,1,0,0,1,0,0,1,1,0,0,0,0,0,2,0,0,2,0,0,0,0,2,7,0,0,0,0,0,0,0,0,4,0,1,1,0,0,0,0,0,0,0,0,0,2,0,0,0,4,0,0,0,1,0,0,0,1,0,1,0,1,1,0,0,3,0,0,0,0,3,0,0,0,1,0,2,2,0,0,0,1,0,0,1,0,0,2,30,0,0,0,0,0,1,0,0,0,0,0,2,0,13,0,0,0,0,0,0,4,0,0,0,0,0,0,0,0,0,2,0,0,5,1,0,0,0,0,0,4,0,0,0,0,0,0,2,0,0,0,0,0,0,0,0,0,0,0,3,0,0,0,0,0,0,0,0,1,0,0,0,1,0,2,0,0,0,0,1,0,0,1,5,4,2,0,0,0,0,0,0,9,0,0,0,0,0,18,6,7,0,0,0,0,1,1,0,21,0,4,0,0,0,0,0,0,15,0,0,0,0,0,0,1,0,0,0,0,4,0,0,0,0,0,0,1,0,1,0,0,0,0,0,0,0,0,0,0,0,0,0,0,0,0,4,1,0,0,0,0,1,0,1,0,0,1,0,2,0,3,2,0,5,1,8,0,0,3,1,0,0,0,0,0,0,0,6,0,4,24,1,0,0,2,2,0,0,4,1,0,3,4,0,0,0,0,0,0,0,2,1,0,0,5,0,0,2,0,0,0,0,1,0,0,0,0,0,0,0,0,0,0,1,0,0,0,0,0,0,1
174,1830,UFPR - CENTRO POLITÉCNICO,"RUA EVARISTO F.F. DA COSTA, 346",JARDIM DAS AMERICAS,-25.45349187,-49.23292589,22,0,9157,6878,433,283,0,2,11,11,81,2,0,6,31,0,2,0,0,45,7,53,1,28,4,7,3,28,58,1,7,2,0,1,0,3,2,0,10,0,20,0,2,7,21,0,4,2,6,7,25,3,2,4,1,5,0,0,0,0,7,0,0,14,1,0,2,116,0,13,259,12,61,2,1,24,4,11,3,0,39,4,0,2,7,0,0,5,4,7,0,1,0,0,1,0,0,16,1,16,1,0,4,2,0,6,28,2,7,1,8,86,2,0,3,14,5,13,1,0,8,0,3,2,1,23,0,3,3,0,9,2,0,0,2,0,0,3,27,0,38,0,21,0,15,11,6,0,1,8,4,45,4,27,56,47,50,1,0,14,35,62,20,2,2,4,6,0,27,51,23,17,0,17,0,27,92,1,5,2,3,7,1,1,0,4,0,10,1,2,0,8,2,0,0,18,8,5,1,2,3,0,7,22,0,2,35,1,1,0,0,3,6,0,2,0,0,0,0,0,1,0,0,0,1,0,2,0,1,0,0,0,113,0,0,0,0,77,6,0,0,0,1,1,0,57,40,2,0,28,0,18,0,4,5,1,2,0,0,13,6,0,0,2,18,5,4,8,21,2,43,2,24,0,6,2,44,15,4,8,2,0,40,3,16,14,0,1,1,0,7,1,5,3,3,63,2,45,88,0,1,55,20,1,53,12,0,8,0,0,1,5,0,8,4,2,50,0,2,3,5,0,1,0,1,5,2,0,0,1,0,1,0,1,2,1,18,0,0,0,1,0,0,0,0,0,0,0,0,3,0,0,1,13,0,1,0,0,0,0,0,3,0,0,3,0,0,13,0,0,0,16,0,0,0,2,0,0,0,0,0,0,0,0,0,0,0,2,0,0,0,0,0,0,0,3,0,1,0,0,1,0,0,0,2,1,0,0,3,0,0,1,0,0,0,5,0,0,0,11,1,0,0,0,1,0,2,14,0,1,0,10,1,5,2,0,0,155,1,1,0,2,2,32,0,11,0,2,3,3,19,0,1,11,5,11,0,1,68,206,8,3,8,1,1,7,0,4,0,2,6,20,1,1,2,2,3,0,0,0,0,4,1,0,0,2,0,14,0,11,1,0,0,0,1,0,0,7,3,5,2,118,38,1,2,0,3,1,1,1,36,0,1,2,0,0,7,0,1,1,0,1,0,16,1,3,0,0,0,0,0,0,0,0,2,0,18,0,0,14,6,4,5,2,1,2,0,0,0,0,0,0,7,0,10,3,1,0,1,0,0,0,0,1,2,18,27,1,0,0,25,0,14,0,0,6,8,0,0,3,4,0,5,0,1,0,0,1,7,0,1,4,1,0,0,0,1,24,0,1,0,7,0,30,1,4,4,23,3,0,1,0,0,25,0,0,0,67,43,7,0,0,1,53,0,0,0,2,0,1,1,0,2,74,0,15,0,1,0,4,0,2,105,0,0,0,6,0,0,2,0,0,2,0,18,3,0,3,0,5,1,1,2,4,0,0,0,1,0,0,0,0,5,4,37,4,0,1,0,0,94,6,0,1,0,4,10,0,11,4,3,2,9,9,5,1,6,6,29,17,7,9,0,3,34,1,0,3,2,0,6,0,40,2,11,19,276,0,18,6,8,3,1,3,9,22,39,1,0,0,1,0,0,0,0,45,1,0,0,16,5,0,12,0,1,0,0,1,1,0,0,0,0,4,0,6,1,4,36,2,4,2,0,5,0,1
174,1848,COLÉGIO ESTADUAL PROFESSOR JÚLIO MESQUITA,"TRAVESSA MARIA TEODORA PAULA COSTA, N. 49",JARDIM DAS AMERICAS,-25.45624383,-49.22867117,22,0,5447,3929,242,158,0,0,2,7,48,5,0,7,28,2,2,0,3,17,5,44,2,15,0,6,5,9,37,0,8,2,1,2,0,5,0,0,2,1,4,0,0,3,10,1,0,3,6,5,4,3,0,3,1,5,0,0,0,0,2,0,1,2,1,0,3,81,0,5,164,3,30,1,0,10,4,12,2,1,21,1,2,1,9,0,0,0,3,6,0,3,0,0,0,0,1,8,1,5,1,0,2,0,0,3,2,0,2,0,4,34,2,2,2,10,6,6,0,0,11,0,0,0,1,19,0,4,0,3,5,0,0,0,0,0,0,2,15,0,27,0,5,3,11,1,7,1,0,5,0,19,1,18,29,26,21,2,0,6,13,34,9,1,1,0,5,0,7,21,2,5,1,11,2,18,44,0,0,2,3,3,1,0,2,4,0,10,0,1,1,11,0,2,2,6,1,2,1,4,2,0,6,6,0,0,27,0,2,0,0,1,1,0,1,0,0,0,0,1,2,2,0,0,0,0,1,0,3,1,0,0,73,0,0,0,0,63,2,0,0,0,2,0,0,36,26,2,0,28,1,7,1,0,0,0,3,0,0,13,9,0,0,3,15,1,5,8,10,0,26,2,24,0,7,4,20,11,0,4,1,2,35,1,9,5,0,2,3,5,3,0,3,2,0,33,4,24,60,0,2,31,7,0,36,6,7,1,0,1,3,4,0,7,3,0,19,0,0,1,8,1,1,0,0,1,2,0,0,0,0,1,0,0,1,0,10,0,0,0,0,0,0,0,0,0,1,0,2,1,0,0,0,6,0,0,0,0,2,0,1,0,0,0,3,0,1,3,0,0,1,11,0,0,0,0,0,0,0,0,0,0,0,0,0,1,1,1,0,0,0,1,0,0,0,0,0,0,0,0,1,1,0,2,0,0,0,0,0,1,0,3,0,2,0,2,0,0,0,3,1,0,0,0,0,1,0,10,0,1,0,4,0,0,0,1,0,54,0,0,0,0,1,16,0,12,0,1,0,0,17,0,0,6,1,3,0,0,31,68,2,4,2,0,4,9,0,1,0,4,6,7,0,1,0,1,0,0,1,0,0,0,0,0,0,3,0,1,0,4,1,0,0,0,0,0,0,4,0,5,3,108,20,0,0,0,0,1,0,0,10,0,0,1,0,0,0,0,0,1,0,0,0,7,2,3,0,0,0,0,2,0,0,2,5,0,10,1,0,17,5,3,5,0,0,0,0,0,0,0,0,0,3,0,4,0,2,0,2,0,0,0,0,5,1,6,4,1,0,0,10,1,8,0,2,1,1,0,0,11,2,0,0,0,1,0,0,4,2,0,0,0,0,1,0,0,1,9,0,3,0,9,0,8,0,1,2,9,2,1,0,0,0,13,0,0,0,55,19,10,0,0,1,36,0,0,0,1,0,1,0,0,2,35,1,17,0,1,2,1,0,1,41,0,0,0,3,0,0,1,1,0,0,0,9,5,0,6,0,0,3,0,0,6,0,0,0,1,3,1,3,0,2,0,9,3,0,1,0,0,28,3,0,0,0,0,4,0,4,7,4,4,4,5,0,0,2,1,15,8,7,3,1,1,16,2,2,0,3,0,2,3,27,1,4,5,223,0,5,9,1,1,0,3,3,3,20,1,0,0,4,0,0,0,0,22,0,0,0,2,3,2,9,0,0,0,0,0,0,0,0,0,0,3,1,1,0,0,12,0,16,0,0,12,0,0
174,1856,ESCOLA JORNALISTA ARNALDO ALVES DA CRUZ - EF,"RUA MARIA MARQUES DE CAMARGO, 240 - VILA PANTANAL",ALTO BOQUEIRAO,-25.53722936,-49.23282465,64,0,302,236,28,4,0,1,0,1,1,0,0,0,1,0,0,0,0,0,1,0,0,1,0,2,0,0,5,0,0,0,0,0,0,0,0,0,3,0,0,0,0,0,1,0,0,0,0,0,0,0,0,0,0,6,3,0,0,0,0,0,0,0,0,0,0,5,0,1,0,0,0,0,0,0,0,0,0,0,0,0,0,0,0,0,0,0,0,9,0,0,0,0,0,0,0,1,0,6,0,0,0,0,0,0,0,0,0,0,4,0,0,0,0,0,0,0,0,0,0,0,0,0,0,0,0,0,0,1,0,0,0,0,0,0,0,0,0,0,0,0,1,0,0,0,0,0,0,0,0,4,0,0,1,3,0,0,0,0,12,3,0,0,0,0,0,0,8,1,0,0,0,0,0,1,0,0,0,0,0,0,0,0,0,0,0,0,0,0,0,0,0,0,0,0,0,0,0,0,0,0,3,0,0,0,0,0,0,0,0,2,0,0,0,1,0,0,0,0,0,0,0,0,0,0,0,0,0,0,0,0,0,0,0,0,0,0,1,0,0,0,0,0,0,0,0,0,0,0,0,0,0,0,0,0,0,0,0,0,0,0,0,0,0,0,0,0,0,0,0,0,0,0,0,0,0,0,0,0,0,0,0,0,0,0,0,0,0,0,0,0,0,0,4,0,0,0,0,0,0,0,0,0,0,0,0,0,0,2,1,0,0,0,0,0,0,0,0,0,0,0,0,0,0,0,0,0,0,0,0,0,0,0,0,3,0,0,0,0,0,0,0,0,0,0,0,0,0,0,1,0,0,0,0,0,0,0,0,0,0,0,0,0,0,0,5,1,0,0,0,0,0,0,0,0,0,0,0,0,0,0,0,0,0,2,0,0,0,0,0,0,0,0,0,0,0,0,0,0,0,0,0,0,0,0,0,0,0,0,0,0,0,0,0,0,0,0,0,0,0,0,0,0,0,0,0,0,0,0,0,0,0,0,0,0,0,0,0,0,0,0,0,0,0,0,0,0,0,0,0,0,0,0,0,0,0,0,0,0,0,0,0,0,0,0,0,0,0,0,0,0,0,0,0,0,8,1,0,0,0,0,0,0,0,1,0,0,0,0,2,0,0,0,0,0,0,0,0,0,0,4,0,0,0,0,0,0,0,0,0,0,0,0,0,0,0,0,0,0,0,0,0,0,6,0,0,0,0,0,0,0,0,0,1,0,0,0,24,0,0,0,0,0,0,0,0,0,0,0,0,0,0,0,0,0,0,0,2,0,0,0,0,0,0,0,1,0,0,0,0,0,0,0,0,0,0,0,0,0,0,0,0,0,0,0,0,0,0,1,0,4,0,0,0,0,0,0,0,0,0,0,0,0,0,0,0,0,0,0,0,0,0,0,0,0,0,2,1,0,0,0,0,1,0,0,0,0,0,0,0,0,0,2,0,0,0,0,0,0,0,0,1,0,0,0,0,0,0,0,0,0,0,0,0,0,0,0,0,0,0,0,0,0,0,0,0,0,1,0,0,0,0,0,0,0,0,0,0,0,0,0,0,0,0,0,0,0,0,1,0,0,0,0,0,0,1,0,5,0,0,0,0,1,1,6,0,1,0,0,0,0,4,0,1,4,0,0,0,0,0,0,0,0,0,0,0,0,0,0,0,1,0,0,0,2,0,0,0,0,0,0,0,0,0,0,0,0,0,0,0,0,0,0,0,0,0,0,0,0,0,0,0,0,0,0
174,1864,HOSPITAL ERASTO GAERTNER,"RUA DR. OVANDE DO AMARAL, 201",JARDIM DAS AMERICAS,-25.45310137,-49.24001625,22,0,125,98,10,7,0,0,0,1,1,0,0,0,1,0,0,0,0,0,0,1,0,0,0,0,0,0,1,0,0,0,0,0,0,0,0,0,0,0,0,0,0,0,1,0,0,0,0,0,0,0,0,0,0,0,0,0,0,0,0,0,0,0,0,0,0,1,0,1,1,1,0,0,0,0,0,0,0,0,0,0,0,0,1,0,0,0,0,0,0,0,0,0,0,0,0,0,0,0,0,0,0,0,0,1,0,0,0,0,0,4,0,0,0,1,0,0,0,0,1,0,0,0,0,4,0,0,0,1,0,0,0,0,0,0,0,0,0,0,0,0,0,0,0,0,0,0,0,0,0,0,0,0,0,1,0,0,0,0,0,0,0,0,0,0,0,0,0,0,0,0,0,0,0,1,3,0,0,0,0,0,0,0,0,0,0,0,0,0,0,0,0,0,0,0,0,0,0,0,0,0,0,0,0,0,0,0,0,0,0,0,0,0,0,0,0,0,0,0,0,0,0,0,0,0,0,0,0,0,0,0,0,0,0,0,0,2,0,0,0,0,0,0,0,0,2,0,0,0,0,0,0,0,0,0,1,0,0,0,0,0,0,0,1,0,0,0,0,0,0,0,0,0,0,1,2,1,0,0,0,0,1,0,0,0,1,0,0,0,1,0,0,0,0,0,0,0,0,0,0,1,0,0,0,0,0,0,0,0,0,0,0,0,0,0,1,0,0,0,0,0,0,0,0,0,0,0,0,0,0,0,0,0,0,1,0,0,0,0,0,0,0,0,0,0,0,0,0,0,0,0,0,0,0,0,0,0,0,0,0,0,0,0,0,0,0,0,0,0,2,0,0,0,0,1,0,0,0,0,0,0,0,0,0,0,0,0,0,0,0,0,0,0,0,0,0,0,0,0,0,0,0,0,0,0,0,0,0,0,0,0,0,0,0,0,0,0,0,0,0,0,0,0,0,0,0,0,0,0,0,0,0,0,0,0,0,1,0,0,0,0,0,1,0,0,0,0,0,0,1,0,0,0,0,0,0,0,2,3,0,0,0,0,0,0,0,0,0,0,0,0,0,0,0,0,0,0,0,0,0,0,0,0,0,0,0,2,0,0,0,0,0,0,0,0,0,0,0,0,0,2,0,0,0,0,0,0,0,0,0,0,0,0,0,0,0,0,0,0,0,0,0,0,0,0,0,0,0,0,0,0,0,0,0,0,0,0,0,0,0,0,0,0,0,0,0,0,0,0,0,0,0,0,0,0,0,0,0,0,0,0,0,0,0,0,2,0,0,0,1,0,0,0,0,0,0,0,0,0,0,0,0,0,0,0,0,0,0,0,0,0,0,0,0,0,0,0,0,1,0,0,0,0,0,0,0,0,0,0,0,0,0,2,0,0,0,3,0,0,0,0,0,1,0,0,0,0,0,2,0,0,0,2,0,0,0,0,0,0,0,0,1,0,0,0,0,0,0,0,0,0,0,0,0,1,0,0,0,0,0,0,0,0,0,0,0,0,0,0,0,0,0,0,0,0,0,0,0,0,2,0,0,0,0,0,0,0,1,0,0,0,0,0,0,0,0,0,0,1,0,0,0,0,0,0,0,0,0,0,0,0,0,0,0,0,1,0,0,0,0,0,0,0,0,0,1,0,0,0,0,0,0,0,0,0,0,0,0,0,0,0,0,0,0,0,0,0,0,0,0,0,0,0,0,0,0,0,0,0,0,0,0,0,0,0
174,1880,CMEI MAESTRINA ESMERALDA ROVANI,"RUA ANTÔNIO JOSÉ BONATO, 1761",GANCHINHO,-25.56182553,-49.25527942,72,0,242,185,19,4,0,0,0,0,0,0,0,0,0,0,0,1,2,0,0,0,0,0,0,0,0,0,3,0,0,0,0,0,0,1,0,0,0,0,0,0,0,0,6,0,0,0,0,0,0,0,0,0,0,2,2,0,0,0,0,0,0,0,0,0,0,3,0,3,0,0,0,0,0,0,0,0,0,0,0,0,0,0,0,0,0,1,0,2,0,0,0,0,0,0,0,0,0,0,0,0,0,0,0,1,0,0,0,0,0,1,0,0,0,0,0,0,0,0,0,0,0,1,0,0,0,0,0,0,4,0,0,0,0,0,0,0,1,0,1,0,0,0,0,0,0,0,0,0,0,0,0,0,2,0,0,0,0,0,1,2,1,0,0,0,0,0,2,0,0,0,0,1,1,0,1,0,0,1,0,0,0,0,0,0,0,0,0,0,0,3,0,0,0,0,0,0,0,0,0,0,1,0,0,0,0,0,0,0,0,0,0,0,0,0,0,0,0,0,1,1,0,0,0,0,1,0,0,0,0,0,0,0,0,0,0,0,2,0,0,0,0,0,0,0,5,0,0,0,1,2,1,0,0,0,0,0,0,0,0,0,0,0,0,0,0,0,0,0,0,0,0,0,0,0,2,0,1,0,0,0,0,0,0,0,0,0,0,0,0,0,0,0,10,2,0,2,0,0,0,2,0,0,0,0,0,0,0,0,0,0,0,0,0,0,0,0,0,0,0,0,0,0,0,0,0,0,0,0,0,0,0,0,0,0,5,0,0,0,1,0,0,1,0,0,0,0,0,0,0,0,0,0,0,0,0,0,0,0,0,0,0,0,0,0,0,0,0,0,0,0,0,0,0,0,0,0,0,0,0,0,0,0,0,0,0,0,0,0,0,0,0,0,0,0,0,0,0,0,0,0,0,0,0,0,0,0,0,0,0,0,0,0,1,0,3,0,0,0,0,0,0,1,0,0,0,0,0,0,0,0,0,0,0,0,0,1,0,1,0,0,1,0,0,0,0,0,0,0,0,0,0,0,0,0,0,0,0,2,0,0,0,0,0,0,0,0,2,0,0,0,0,0,1,0,4,0,0,0,0,0,0,0,0,0,0,0,0,0,0,0,0,0,0,1,0,0,0,0,0,0,0,0,0,0,0,0,0,0,0,0,0,0,0,0,0,0,0,0,0,0,0,0,0,0,0,0,0,0,0,0,0,0,0,0,1,0,0,0,0,0,0,0,1,0,0,0,0,0,0,0,0,0,0,0,0,0,0,0,0,0,0,0,0,0,0,0,0,0,0,0,0,0,0,0,0,0,0,0,0,0,0,0,0,0,0,0,0,0,1,0,0,0,0,0,0,0,4,2,0,0,0,0,0,0,0,0,0,0,0,0,0,0,0,0,0,5,0,0,0,0,0,2,3,0,0,0,0,0,0,0,0,2,0,0,0,0,0,0,0,0,2,1,0,0,0,0,1,0,0,0,1,0,0,0,0,0,0,0,0,1,0,0,0,0,0,0,0,0,0,0,0,0,1,0,0,0,0,1,0,0,0,0,0,0,0,0,0,0,0,0,0,0,0,0,1,0,0,1,0,0,2,0,0,1,0,0,0,0,0,0,0,0,0,6,0,0,0,2,1,0,0,0,0,0,0,0,0,0,0,0,0,0,0,0,0,0,0,7,0,0,0,1,0,0,1,0,0,0,0,0,0,0,0,0,0,0,0,0,1,0,0,0,0,0
175,1015,ESCOLA MUNICIPAL PRO-MORAR BARIGUI-I,"RUA ARTHUR MARTINS FRANCO, 1803 - VILA BARIGUI - CIC",CIDADE INDUSTRIAL,-25.49525829,-49.33547548,75,0,3352,2502,211,111,0,2,4,7,8,0,3,0,8,1,2,0,0,2,7,20,0,14,0,3,4,1,38,0,0,3,0,0,0,1,0,0,0,2,0,0,0,0,25,0,0,2,0,0,0,1,0,0,1,22,1,2,0,0,0,2,0,1,0,0,0,15,0,17,0,0,0,3,0,2,0,1,5,0,7,4,13,0,2,0,0,4,0,4,19,0,4,0,0,0,0,1,1,1,0,0,0,0,0,0,8,7,2,0,2,2,0,0,0,0,0,0,1,1,1,0,0,1,0,0,0,0,0,0,8,0,2,0,0,0,1,0,0,0,0,0,5,14,2,0,0,0,0,13,0,23,1,10,4,9,3,0,0,3,2,20,4,0,0,0,0,0,1,1,0,0,0,5,0,2,0,0,0,1,0,1,0,0,2,1,0,0,0,0,0,0,0,4,2,0,0,0,0,6,0,0,12,0,0,0,1,1,0,0,0,1,31,0,3,1,2,0,1,0,17,0,23,0,0,0,0,4,0,1,0,6,8,1,0,0,5,7,4,0,1,0,0,0,0,7,3,0,0,5,2,1,2,1,0,0,0,0,0,1,1,1,0,0,1,2,2,0,0,1,3,0,0,0,0,0,16,1,2,0,2,0,9,4,4,22,0,0,111,0,3,1,0,0,0,0,1,1,4,0,1,6,0,0,4,2,0,0,0,0,0,0,0,2,0,0,0,1,0,0,1,1,0,0,0,3,5,0,0,0,0,0,0,0,0,0,22,0,0,0,0,0,0,0,2,6,0,0,0,0,3,0,0,2,0,0,0,0,0,0,4,0,0,1,0,0,0,0,0,0,3,0,1,19,2,0,2,0,0,0,2,0,0,0,0,0,0,0,0,0,0,0,0,0,0,6,0,0,0,0,0,0,0,0,0,0,0,0,0,0,0,0,0,0,3,1,3,0,0,0,0,0,0,0,2,0,1,3,0,0,4,0,1,2,0,0,9,2,0,1,0,0,0,0,3,1,0,0,0,0,4,0,0,0,0,0,1,0,1,9,0,0,0,0,0,0,0,0,0,3,0,0,0,0,0,0,1,0,0,3,0,0,0,0,0,5,0,0,1,5,0,0,0,1,0,0,1,0,2,1,0,6,4,0,0,1,0,0,0,0,1,0,0,4,0,0,6,309,0,0,0,1,0,1,0,0,0,0,0,3,0,0,0,0,1,0,1,2,0,0,0,0,1,0,0,0,0,0,1,0,0,0,0,0,1,0,0,0,3,0,0,0,0,1,0,10,0,0,0,0,2,0,4,0,0,0,1,0,0,0,0,0,0,0,0,0,0,0,0,0,3,9,0,72,0,0,0,2,2,8,0,6,0,4,0,0,0,0,0,15,0,0,0,0,0,0,0,16,1,0,0,0,0,17,2,1,0,0,0,0,1,0,0,40,0,1,0,0,2,0,0,0,11,0,0,1,0,0,1,0,0,0,0,1,2,1,1,0,0,0,2,0,0,0,0,0,0,0,1,1,0,0,0,0,3,1,0,0,2,0,2,1,0,0,1,0,1,0,7,4,0,1,0,1,0,0,284,1,6,3,14,1,3,0,2,206,0,0,1,0,0,1,6,3,0,1,0,0,0,0,0,1,0,0,1,1,5,2,0,0,0,1,2,2,0,6,0,0,0,18,2,0,0,0,0,0,2,0,0,0,0,4,0,1,0,0,0,0,0,1,0,0,0,0,3,0
175,1023,ESCOLA MUNICIPAL MANSUR GUERIOS,"RUA ESTRADA VELHA DO BARIGUI, 3200 - MORADIAS SABARA -  VILA CONQUISTA",CIDADE INDUSTRIAL,-25.50149543,-49.34851175,75,0,4324,3160,307,130,0,2,6,13,9,0,1,1,6,3,3,1,0,1,4,6,0,19,1,7,3,1,45,1,3,1,0,0,0,1,0,0,2,9,1,0,0,0,29,0,0,5,0,0,0,0,0,0,3,35,1,1,0,0,0,1,0,0,0,0,1,19,0,21,6,0,1,3,0,11,0,4,1,0,41,0,26,1,1,0,0,3,4,1,12,2,1,0,0,0,0,0,0,0,1,0,0,0,0,1,3,18,11,0,1,3,0,0,0,1,0,0,0,66,0,2,0,0,0,0,0,0,0,1,9,0,3,0,0,0,0,0,0,0,0,0,12,1,5,0,0,1,0,4,0,6,0,6,11,7,2,1,0,1,6,28,5,0,1,0,0,0,19,4,1,1,0,7,1,6,2,0,0,0,0,3,0,0,1,0,0,0,0,0,0,1,0,0,0,0,0,0,0,1,0,0,2,0,0,0,1,1,0,1,0,1,61,0,0,0,0,0,0,0,0,0,7,0,0,0,0,113,0,0,0,1,4,5,1,0,0,1,2,1,0,0,0,0,0,2,7,0,1,4,1,0,7,1,0,0,0,0,0,2,4,0,0,0,13,0,0,1,8,0,10,0,5,0,0,0,18,1,1,1,0,0,12,0,2,14,0,0,19,0,5,0,2,0,0,0,1,10,3,0,0,5,6,0,3,1,0,2,0,0,0,0,1,2,0,0,0,0,1,0,0,2,0,0,0,2,21,0,0,0,0,0,0,0,0,0,27,0,0,0,3,0,0,0,23,75,0,0,1,0,2,0,0,2,1,0,1,0,0,0,3,0,0,0,0,0,0,0,0,0,1,0,0,16,2,0,1,0,0,0,0,0,0,0,0,0,0,0,0,0,0,0,0,0,0,1,0,0,0,0,2,0,0,0,0,0,1,0,1,0,0,3,0,0,4,2,0,0,0,0,0,0,0,0,12,0,4,2,0,0,0,0,0,0,0,0,9,3,2,0,0,0,3,0,1,0,0,0,1,0,1,0,0,0,0,0,0,0,4,4,0,0,0,0,0,1,0,0,0,0,2,0,1,0,0,0,1,0,0,0,1,0,0,0,0,2,0,0,0,3,0,0,0,0,0,0,0,0,0,0,0,11,6,0,0,0,0,1,0,0,3,0,0,1,2,0,2,16,0,0,0,0,0,0,0,0,0,0,0,4,1,0,0,0,2,0,1,9,0,0,0,0,0,0,0,0,0,1,0,0,0,0,0,0,0,0,0,0,3,0,0,0,0,7,2,3,7,0,0,0,3,0,8,2,0,0,0,0,0,0,0,0,0,4,0,0,0,0,0,0,0,3,1,11,0,0,0,0,2,14,0,3,0,3,0,0,0,2,3,19,1,0,1,0,0,0,0,10,7,0,0,0,0,35,1,0,0,0,0,0,4,0,0,73,0,1,0,0,1,0,0,0,16,0,0,9,0,0,1,0,0,0,1,0,6,0,0,0,0,0,0,1,0,0,0,0,0,0,1,0,0,1,0,0,4,0,0,0,0,0,3,9,0,0,0,0,0,0,10,4,0,0,2,0,0,1,944,2,10,5,20,1,0,0,3,34,0,0,0,0,0,0,9,1,0,2,0,0,0,0,0,1,0,0,0,0,6,0,0,0,0,0,1,11,0,8,0,0,0,6,2,0,1,0,0,0,4,0,0,0,0,1,0,0,0,0,2,0,1,0,0,1,0,0,4,0
175,1031,ESCOLA MUNICIPAL ALBERT SCHWEITZER,RUA DECIO BARRETO 153-VILA NSA SRA DA LUZ,CIDADE INDUSTRIAL,-25.50373678,-49.32360338,75,0,4068,3066,223,165,0,1,14,5,17,3,2,5,7,0,0,0,1,1,8,16,0,9,0,7,3,0,23,0,1,3,0,0,0,0,0,0,0,0,0,0,2,1,17,0,0,1,0,0,1,1,0,0,0,12,0,0,0,0,0,0,0,0,0,0,0,25,0,17,6,1,0,0,0,19,2,3,6,0,12,0,8,0,4,0,1,8,5,5,714,0,1,0,0,0,1,4,1,0,0,0,1,3,0,4,6,4,0,2,1,4,0,0,0,2,0,0,1,1,1,0,1,1,0,1,0,0,0,0,12,0,0,0,0,0,0,0,1,0,2,0,12,0,10,0,0,0,0,4,0,14,2,14,4,3,6,1,2,2,12,30,3,1,1,2,0,0,1,3,1,2,0,1,0,11,3,0,0,1,0,0,0,0,2,0,0,1,0,1,2,1,0,43,2,0,0,0,0,0,1,1,41,0,0,0,0,0,0,2,0,1,1,1,0,1,0,0,1,0,40,0,99,1,0,0,0,0,0,0,0,1,16,7,0,0,1,3,4,0,0,0,0,0,0,2,17,0,1,5,6,5,2,3,0,0,0,0,0,1,3,0,0,0,5,0,8,1,2,1,11,0,7,0,0,0,10,1,0,1,0,0,4,1,6,10,0,0,16,0,2,2,0,0,1,1,0,9,7,0,0,17,5,0,4,0,0,1,0,0,3,0,0,1,2,0,0,1,0,0,0,3,0,0,0,2,3,0,0,0,0,0,1,0,1,0,42,0,0,0,0,0,0,2,1,1,0,0,0,0,2,1,0,0,0,0,0,0,1,0,4,0,1,0,1,0,0,0,0,0,5,1,0,8,5,0,1,0,0,0,0,0,0,0,0,0,1,0,0,0,0,0,0,0,0,1,0,0,0,0,0,0,0,0,0,0,0,0,1,0,0,0,0,0,6,20,1,0,0,0,0,0,3,0,5,0,0,7,0,0,2,0,0,1,0,0,5,16,0,0,0,0,1,0,1,7,0,2,0,0,2,0,0,0,0,0,0,0,0,15,0,0,0,0,1,0,2,1,0,1,0,0,0,0,2,0,6,0,0,56,0,0,0,0,0,7,0,0,2,1,0,0,0,0,0,0,0,3,0,0,4,7,3,0,0,0,1,0,0,4,9,1,0,4,1,1,4,20,0,0,1,0,0,1,3,1,0,1,0,9,0,0,0,0,2,0,4,1,0,0,0,0,1,0,0,1,0,0,0,0,0,0,1,0,1,0,0,1,6,6,0,0,0,2,0,6,4,0,0,0,5,0,5,0,0,0,0,0,0,0,0,0,1,1,0,0,0,2,1,0,0,1,0,5,0,0,1,1,2,7,0,3,0,2,0,0,1,0,2,12,0,0,0,1,0,0,0,16,10,0,0,0,0,39,1,0,0,0,0,0,0,0,6,64,0,0,0,0,0,0,0,0,38,0,0,5,0,0,0,0,0,0,0,0,4,0,1,0,0,1,2,1,0,0,0,0,0,0,0,0,0,0,2,0,3,2,0,0,0,0,6,4,0,0,0,0,0,0,14,6,0,0,1,2,1,0,36,0,16,1,3,1,4,1,1,56,0,4,0,0,0,0,7,0,2,7,0,0,1,1,2,0,0,0,1,0,4,0,0,1,0,0,1,1,0,3,0,2,0,8,3,0,2,0,0,0,0,0,0,0,0,0,0,0,0,0,1,0,5,1,0,0,0,0,186,1
175,1040,COLÉGIO ESTADUAL PROFESSOR ALCYONE MORAES DE CASTRO VELLOZO,R GOV CARLOS LACERDA- S/N CJ OSWALDO CRUZ II CIC -SUL,CIDADE INDUSTRIAL,-25.51291359,-49.3244871,75,0,4328,3055,252,161,0,3,7,7,14,6,2,2,3,3,4,0,0,0,3,14,2,17,0,12,2,2,31,0,3,0,0,0,0,0,0,0,2,0,0,1,0,0,19,0,1,1,0,0,2,0,0,2,3,11,0,0,0,0,0,1,0,1,0,0,1,39,0,20,6,0,2,0,0,19,0,3,2,1,25,0,10,0,1,0,2,5,2,3,99,0,0,0,2,0,1,5,0,4,0,0,0,1,0,2,9,10,1,2,0,5,0,0,0,2,0,2,0,8,1,1,1,0,0,0,0,0,0,4,10,0,0,0,1,0,1,0,1,0,3,0,8,0,7,0,2,0,0,7,0,26,4,5,5,4,6,1,2,0,19,37,5,0,1,3,1,0,5,5,1,8,0,15,0,15,5,0,0,3,0,2,1,0,8,0,0,0,0,0,0,0,0,21,1,1,1,2,1,1,1,2,257,1,0,0,1,2,0,1,0,0,8,0,0,1,1,0,1,1,307,0,28,1,1,0,1,2,0,0,0,2,9,1,0,0,2,8,7,0,0,0,0,0,0,10,13,0,0,9,5,0,12,5,0,0,0,0,0,3,2,1,0,0,5,1,0,1,5,0,9,1,1,0,2,1,19,0,0,1,2,0,11,1,11,25,0,1,9,0,9,1,2,0,1,2,1,16,10,0,0,15,1,0,6,1,0,0,0,0,3,1,0,0,0,0,1,0,0,1,7,3,0,0,0,0,2,1,0,0,0,6,0,0,0,2,34,0,0,0,0,0,0,0,1,0,1,0,0,0,1,0,0,2,0,0,0,0,0,0,1,0,1,0,0,0,0,0,0,0,2,0,0,13,7,0,0,0,0,0,1,1,0,0,0,0,2,0,0,0,0,0,0,0,0,3,0,3,0,1,2,0,0,0,0,1,0,0,0,0,0,1,0,0,1,4,1,0,0,0,0,0,4,0,1,0,1,5,0,2,0,0,1,0,0,0,20,9,0,1,0,0,4,0,0,1,0,0,0,0,1,0,0,0,0,0,0,0,5,22,0,0,1,0,0,1,0,0,2,0,0,2,0,0,1,0,13,0,0,1,0,2,0,0,0,17,0,1,1,2,0,0,0,0,0,0,0,6,0,0,0,20,1,0,1,0,0,1,0,0,6,0,1,0,0,0,0,12,0,0,0,0,0,4,0,1,0,0,0,5,0,0,0,0,1,0,11,1,1,0,1,1,2,0,0,3,0,0,0,0,0,0,1,0,4,0,0,2,17,4,0,2,0,6,0,10,4,0,0,0,8,1,9,1,0,0,1,0,0,0,0,0,1,0,0,0,0,0,0,0,0,2,0,4,1,0,0,0,0,7,0,12,0,2,1,0,0,1,4,18,0,0,0,0,0,0,0,29,30,0,0,0,0,37,0,0,0,0,0,1,2,0,4,71,0,0,0,0,2,3,0,0,21,0,0,2,0,0,2,1,0,0,0,0,5,1,0,0,0,0,1,1,0,0,0,0,0,0,0,0,0,0,0,0,3,0,0,0,2,0,7,0,0,0,2,0,3,0,13,7,0,0,3,3,1,2,66,0,19,8,2,2,1,0,7,109,0,0,0,1,0,2,9,0,1,27,2,0,4,1,1,1,0,0,0,0,5,1,0,1,0,1,0,0,0,5,0,0,0,9,3,0,0,1,0,0,0,0,0,0,0,4,0,0,0,0,1,0,4,2,0,0,0,0,35,0
175,1058,COLÉGIO ESTADUAL PROFESSOR BRASILIO VICENTE DE CASTRO,R STA ANGELA FOLIGNO 45 -CJ OSWALDO CRUZ I CIC-SUL,CIDADE INDUSTRIAL,-25.51157732,-49.32010007,75,0,4832,3473,291,169,0,4,8,2,12,3,1,3,4,2,0,2,0,1,5,9,1,12,0,3,2,3,27,0,2,11,1,0,0,0,1,0,2,1,2,0,0,1,21,0,0,2,1,0,0,0,1,2,2,12,0,0,0,1,0,0,0,0,0,0,1,32,0,17,6,5,0,0,0,32,0,2,4,0,23,1,2,0,1,0,1,13,6,5,169,0,0,0,3,0,2,4,1,1,4,0,1,1,1,10,6,8,5,4,0,18,0,0,0,2,0,1,0,2,2,1,0,2,0,0,0,0,0,5,13,0,0,0,0,0,0,0,3,0,7,0,16,1,11,0,1,1,0,8,0,12,3,14,13,3,7,0,0,5,9,35,8,0,0,2,2,0,6,2,4,12,0,28,0,13,11,0,1,5,0,0,0,0,6,2,1,0,0,0,1,1,0,175,0,0,1,0,0,4,0,0,94,0,0,0,3,0,0,0,0,1,9,0,0,2,0,0,0,0,177,0,52,2,0,0,0,0,7,0,0,2,66,2,0,0,2,2,3,0,1,1,1,0,0,19,18,0,0,9,0,4,1,16,0,1,0,0,0,2,3,1,0,0,5,2,9,3,17,2,17,1,2,0,0,1,23,0,0,1,0,0,12,0,10,12,0,0,16,0,8,0,0,3,1,0,0,14,17,0,0,16,3,0,12,1,0,2,0,0,2,0,0,1,0,1,0,1,0,0,2,3,0,0,0,4,5,0,0,3,1,1,0,0,0,0,32,0,0,1,0,0,0,0,2,0,2,0,0,1,6,0,0,3,1,0,0,0,1,0,2,4,0,0,9,0,0,0,0,0,8,0,0,8,5,0,1,1,0,0,1,0,0,1,1,0,2,0,3,0,0,0,0,1,0,3,0,0,2,0,1,0,0,0,0,3,0,0,0,0,0,0,0,0,4,5,3,0,0,0,0,0,3,0,0,0,3,7,0,2,0,0,1,0,2,0,19,16,0,4,1,0,1,4,0,4,0,2,0,0,3,0,0,1,2,1,3,0,8,30,0,0,2,0,0,0,0,0,0,2,0,1,0,0,0,0,7,0,0,4,0,0,0,0,0,18,0,0,0,2,2,0,0,0,0,0,0,2,0,1,0,31,7,0,1,1,1,0,0,0,8,1,4,1,1,1,0,34,1,0,0,0,0,7,0,1,0,2,0,1,0,0,0,0,4,0,9,0,1,0,0,0,1,0,0,1,0,0,0,1,0,0,3,0,2,1,0,0,26,1,0,0,0,12,0,4,7,0,0,0,15,1,5,0,2,0,2,0,0,0,0,1,1,0,0,0,0,0,0,0,0,5,0,2,1,0,1,2,3,8,0,15,0,6,0,0,2,1,8,13,0,0,0,3,0,0,0,28,17,0,0,1,0,43,2,0,0,0,0,1,0,0,1,129,0,2,1,0,2,1,0,0,38,2,0,3,0,0,0,0,0,0,0,1,6,0,0,0,0,0,0,2,0,2,0,0,0,0,0,0,1,0,4,0,9,1,0,0,3,2,14,2,0,0,1,0,2,0,15,2,0,0,3,2,1,0,58,0,16,15,8,1,1,2,7,110,0,0,1,0,0,2,19,1,3,14,1,0,1,2,12,0,0,0,0,1,9,1,0,2,0,0,3,1,0,12,1,0,0,14,1,0,0,0,0,0,1,0,1,1,0,1,0,1,0,1,1,0,8,0,0,0,0,0,32,2
175,1066,COLÉGIO ESTADUAL PROFESSORA DIRCE CELESTINO DO AMARAL,R PEDRO GUSSO 2020- CJ OSWALDO CRUZ I   CIC -SUL,CIDADE INDUSTRIAL,-25.5064019,-49.32051384,75,0,3333,2333,179,111,0,1,0,0,10,6,0,2,9,1,0,0,0,1,3,16,1,6,0,6,1,2,35,0,1,0,1,0,0,3,1,0,0,1,0,0,2,0,26,0,1,0,0,0,2,0,0,1,3,8,0,0,0,0,0,0,0,0,0,0,1,24,0,25,5,1,2,0,0,19,0,1,2,0,22,0,5,1,6,0,0,5,8,1,228,0,2,0,0,0,0,1,2,2,2,0,0,0,0,5,5,2,4,0,0,5,1,0,2,1,0,0,1,4,1,0,1,0,0,1,1,0,0,2,5,0,0,0,0,0,0,0,0,0,3,0,12,1,9,1,0,0,0,2,0,10,1,11,8,5,4,0,3,0,6,29,1,1,1,2,2,2,2,10,1,6,0,18,0,15,8,0,0,3,0,0,0,0,3,0,1,0,0,0,3,2,0,77,1,1,1,0,0,1,0,1,41,2,0,0,0,1,0,0,0,0,11,0,0,2,0,0,0,0,78,0,23,1,0,0,0,3,0,0,0,1,24,0,0,0,0,4,4,0,0,0,1,0,0,6,6,0,2,8,0,1,7,29,1,0,0,0,0,2,1,1,0,0,1,7,5,2,0,1,10,2,12,0,0,0,18,1,1,0,0,0,7,0,7,20,0,0,9,0,7,3,0,0,0,1,1,9,5,0,0,8,2,0,8,0,0,0,1,0,1,0,0,2,0,0,0,1,0,0,1,2,0,0,1,1,0,0,0,0,0,1,1,0,0,0,27,1,0,0,0,0,0,3,0,0,1,0,0,0,3,0,0,0,3,0,0,0,1,0,2,0,0,0,6,0,0,0,0,0,4,0,0,6,2,0,0,0,0,0,0,0,0,0,2,0,0,1,0,0,0,1,2,0,0,1,0,0,0,0,0,0,0,0,0,0,0,0,0,0,0,0,0,0,1,9,2,0,0,0,0,0,2,0,0,0,0,6,0,1,2,0,0,1,0,0,7,11,0,2,1,0,0,1,1,2,0,1,0,0,2,0,0,0,3,0,0,0,5,34,0,0,2,1,0,0,0,0,0,0,0,0,0,0,0,0,7,0,0,5,0,1,1,0,1,7,0,0,0,1,2,0,0,0,0,0,0,5,0,1,1,14,5,0,0,0,1,2,0,0,7,0,2,1,0,0,3,16,0,2,0,0,0,1,0,0,0,0,0,6,6,1,0,0,4,0,9,0,0,0,1,0,3,0,0,3,0,0,0,1,0,0,0,0,0,0,0,0,21,2,0,0,0,4,0,5,3,0,0,0,2,0,9,2,0,1,0,0,0,0,0,0,0,0,0,0,0,1,0,0,1,2,0,2,0,0,0,1,2,4,0,7,0,6,0,0,0,3,1,9,0,0,0,0,0,0,0,13,11,0,0,0,1,29,0,0,0,1,0,0,0,0,0,60,0,0,1,0,2,0,1,0,27,0,0,4,1,0,0,1,0,0,0,0,5,0,1,1,0,0,0,0,0,1,1,1,0,0,0,0,3,0,2,0,2,0,0,0,1,0,11,2,0,0,3,0,1,0,11,2,0,0,0,1,1,2,23,6,20,5,2,0,5,3,5,59,0,0,1,0,0,0,8,0,3,10,5,0,1,3,2,0,0,0,0,0,6,0,0,2,0,0,0,1,0,3,0,0,0,7,4,0,0,0,0,0,1,0,1,0,1,1,0,0,2,1,0,0,1,1,0,0,0,0,31,1
175,1074,ESCOLA MUNICIPAL DOM BOSCO,R NSA SRA DA CABECA 1181-CJ VISC MAUA/CJ RONDONCIC                1181,CIDADE INDUSTRIAL,-25.495794450000002,-49.31554344,75,0,1856,1425,88,80,0,1,5,2,15,1,0,1,7,0,1,0,0,1,3,6,0,4,0,4,0,0,17,1,0,1,0,0,0,1,1,0,2,2,1,1,0,1,9,0,0,0,0,0,1,1,0,0,0,5,0,0,1,1,0,0,2,0,0,0,1,32,0,3,5,1,0,0,0,6,1,1,3,0,15,0,5,0,0,0,0,6,2,0,19,1,0,0,0,0,0,1,1,0,1,0,0,0,0,5,7,5,3,0,2,6,3,0,0,2,0,1,0,0,1,0,0,0,0,0,0,0,0,0,18,0,0,0,0,0,0,0,0,0,3,0,5,0,3,0,0,0,0,6,0,2,1,6,3,4,5,0,0,1,7,16,3,0,0,1,0,1,0,7,3,3,0,23,1,8,10,0,0,2,0,0,2,0,0,1,0,0,0,0,0,5,0,7,0,3,0,0,0,3,1,0,22,0,0,0,0,0,1,0,0,0,9,0,0,0,0,0,0,0,4,0,12,1,0,0,0,0,0,0,0,0,12,0,0,0,4,2,1,0,0,0,1,0,0,5,5,0,1,13,1,3,0,8,0,0,0,0,0,1,1,0,0,0,2,21,2,2,2,0,5,0,5,0,1,0,8,0,0,0,0,0,7,0,6,7,1,0,9,0,0,0,0,0,0,1,1,20,10,1,0,0,4,0,9,1,1,0,0,0,1,0,1,3,0,0,0,0,0,0,1,3,0,0,0,0,4,0,0,0,0,0,0,0,0,0,21,0,0,0,0,0,0,0,0,0,0,0,0,0,4,0,0,1,0,0,0,0,0,0,0,2,1,0,6,0,0,0,0,0,0,0,0,1,2,0,0,0,0,0,0,0,0,0,0,0,0,0,0,0,0,0,0,0,0,3,0,0,0,0,0,0,0,0,0,0,0,0,0,1,0,0,0,0,1,1,0,0,0,0,0,0,0,0,0,0,0,7,0,0,0,0,0,0,0,0,1,6,0,0,0,0,0,0,0,0,0,0,0,0,3,0,0,0,0,2,0,0,5,22,0,0,0,0,0,0,0,0,0,3,1,1,0,0,1,0,2,0,0,8,0,1,0,0,1,2,0,0,1,2,0,0,0,0,0,0,0,2,0,0,0,18,7,0,0,0,0,0,0,0,5,0,0,2,0,0,0,2,2,0,0,0,0,2,0,0,0,3,0,0,3,0,0,0,11,0,17,1,0,0,0,1,3,0,1,1,0,0,0,0,0,0,1,0,1,0,1,0,15,0,0,4,0,6,0,21,2,0,0,0,9,0,3,5,0,1,1,0,1,1,1,0,0,0,0,0,0,2,0,0,0,5,1,5,0,0,0,1,2,0,0,6,0,0,0,0,0,2,3,5,0,0,0,0,0,0,1,13,5,2,1,1,0,14,1,0,0,2,0,0,0,0,1,29,0,2,0,1,0,0,0,0,27,0,0,0,0,0,1,0,1,0,2,0,3,1,0,0,0,1,1,0,0,0,0,0,0,0,0,0,0,0,1,0,2,0,0,0,0,0,8,2,0,0,1,0,0,0,9,2,0,0,6,0,2,1,20,0,47,6,2,2,1,1,0,15,0,0,0,0,0,4,10,0,0,12,6,0,1,0,3,3,0,0,0,0,4,1,0,0,1,0,1,0,0,3,0,1,0,4,2,0,0,0,0,2,0,0,0,1,0,0,0,0,0,0,7,0,4,0,0,0,0,0,2,0
175,1082,COLÉGIO ESTADUAL IVO LEAO,R NSA SRA DA CABECA 1183 -CJ VISC MAUA/CJ RONDON CIC SUL,CIDADE INDUSTRIAL,-25.49587022,-49.31673689,75,0,5671,3976,370,181,0,2,7,7,29,1,1,3,7,2,2,1,2,7,1,20,1,8,0,16,2,8,43,2,2,6,0,0,0,0,0,0,6,3,1,1,3,0,38,1,2,1,3,0,2,0,0,0,0,11,0,1,0,0,1,6,0,8,0,0,0,64,0,13,10,17,1,2,0,24,2,5,9,0,58,0,6,0,2,2,3,9,15,6,115,2,2,0,2,0,0,7,2,9,6,0,3,1,0,5,5,16,5,6,2,12,1,0,0,3,0,0,1,0,3,3,0,0,0,0,0,1,0,6,28,1,1,0,0,0,1,0,7,0,5,1,17,4,9,3,0,0,1,13,0,5,0,21,16,21,10,1,7,5,8,47,12,4,0,0,2,0,2,16,8,8,0,38,6,17,16,0,1,2,0,0,4,0,5,3,1,1,1,0,0,8,0,22,1,5,0,0,3,2,0,2,44,1,0,0,6,0,0,0,0,4,27,0,0,10,0,0,0,0,21,1,39,1,0,0,1,0,1,0,0,1,26,0,0,0,2,11,6,0,0,0,3,0,0,8,3,0,2,26,2,6,2,22,0,1,2,2,0,4,2,1,0,2,5,19,8,6,7,0,22,1,9,0,1,1,29,2,0,0,0,0,27,0,4,13,0,0,43,0,12,3,5,1,0,2,2,32,13,1,0,29,13,1,23,3,0,0,2,0,3,0,2,7,1,0,1,2,2,0,5,16,0,0,1,4,7,0,0,7,0,0,0,0,0,1,56,0,0,0,3,0,0,0,6,0,0,0,0,0,26,0,1,3,0,0,0,0,0,0,4,0,0,0,4,0,1,0,0,0,1,0,1,7,4,0,0,0,0,0,0,2,0,0,5,0,0,0,0,0,0,0,0,0,0,5,0,0,0,0,0,0,0,4,0,1,0,0,3,0,0,1,0,0,4,8,0,0,0,0,0,1,1,2,4,0,1,7,0,1,6,0,0,1,2,0,1,23,0,0,0,0,1,0,2,13,0,0,0,0,5,0,0,2,1,4,0,2,10,55,0,0,0,0,1,1,0,0,1,5,1,1,0,0,5,0,1,0,0,5,1,0,0,0,0,10,0,0,2,0,0,0,0,1,0,2,0,2,4,4,0,27,7,0,0,1,4,0,1,1,14,0,5,4,1,0,2,10,0,1,0,0,0,2,0,0,0,1,0,3,6,0,0,0,25,0,14,3,2,0,1,5,7,0,0,9,0,1,1,0,0,0,1,0,0,0,1,0,16,4,1,13,0,11,0,20,8,0,0,0,14,0,6,1,1,0,0,0,0,0,0,0,0,2,0,0,0,1,0,0,0,4,1,5,1,0,0,0,6,9,0,7,0,4,1,0,0,4,11,16,2,0,1,1,0,0,0,44,31,2,0,0,3,51,0,0,2,1,1,1,4,0,0,114,0,1,0,1,0,0,1,0,67,0,2,4,0,0,0,0,1,0,0,1,11,0,0,0,0,1,0,1,0,0,0,0,0,1,1,0,2,0,1,1,7,0,0,0,0,3,19,1,0,0,0,0,1,0,30,7,3,0,7,2,1,3,89,1,79,27,12,2,1,2,6,32,1,0,0,0,0,1,24,3,6,43,3,0,1,0,2,6,1,1,0,3,18,2,1,1,1,0,0,1,0,10,0,0,2,18,8,0,1,0,0,0,6,0,0,0,0,0,0,2,1,0,15,0,14,3,0,2,0,0,20,1
175,1090,ESCOLA MUNICIPAL JOAQUIM TAVORA,R ANGELINA T CAVALIM 90 -CJ OSWALDO CRUZ II CIC  SUL,CIDADE INDUSTRIAL,-25.5153144,-49.32646772,75,0,3585,2699,247,115,0,1,5,4,15,7,9,2,6,0,2,0,0,1,4,16,1,17,0,10,0,0,33,1,2,2,0,0,0,0,0,0,0,1,0,0,2,0,15,0,0,1,0,0,0,1,0,0,0,16,1,0,0,0,0,3,0,0,0,0,0,25,0,28,3,1,1,0,0,2,0,2,5,0,19,0,9,0,5,0,3,7,10,2,41,0,3,0,5,0,0,4,2,1,0,0,0,0,0,1,13,10,6,3,1,3,0,0,0,1,0,1,0,0,1,0,0,0,0,0,0,0,0,4,21,0,0,0,0,0,1,0,1,0,1,0,10,0,7,0,0,1,0,6,0,48,0,11,4,6,6,0,0,2,5,25,0,0,0,1,0,0,4,7,4,2,0,38,2,13,4,0,1,1,1,2,0,0,4,0,0,0,0,0,0,2,0,21,1,0,2,0,0,3,0,1,130,0,0,0,0,0,0,0,0,0,4,0,0,0,0,1,0,0,417,1,30,0,0,0,0,1,0,0,0,2,10,0,0,0,0,6,11,0,0,0,0,0,0,6,3,0,0,15,6,11,1,1,0,0,0,0,0,0,2,0,0,1,1,3,0,0,9,0,11,2,7,0,1,0,8,0,0,0,0,0,6,0,2,32,1,0,14,0,6,2,0,0,2,1,0,6,9,0,0,12,3,0,8,0,0,0,3,1,1,0,1,0,0,0,0,4,0,0,3,0,0,0,0,1,1,0,0,1,0,2,0,0,0,0,20,0,0,0,0,0,0,0,1,1,0,0,0,0,7,0,0,3,1,0,0,0,0,0,0,0,2,0,0,0,0,0,0,0,4,0,0,19,5,0,1,0,0,0,0,1,0,0,0,0,0,0,0,0,0,0,0,0,0,2,0,0,1,0,3,0,0,0,0,1,0,0,0,1,0,0,0,0,3,2,0,0,0,1,0,0,2,0,0,0,3,5,0,1,0,0,0,0,0,0,14,3,1,0,0,0,4,0,0,1,0,0,0,0,0,0,0,0,0,0,0,0,4,21,0,0,1,1,0,0,0,0,0,0,0,3,0,1,1,0,4,0,0,0,1,0,0,1,0,6,0,0,0,1,0,0,0,0,0,0,0,2,0,0,0,9,2,0,0,7,0,2,0,0,3,0,0,0,0,0,0,16,0,0,0,0,0,0,2,0,0,0,0,1,2,0,1,0,4,0,15,0,0,0,0,0,1,0,0,1,0,0,0,0,1,0,0,0,0,2,0,4,23,0,0,6,0,2,0,14,4,0,0,0,3,0,3,0,0,0,0,0,0,0,0,0,0,0,0,0,0,0,0,0,0,2,0,2,0,0,0,1,1,4,0,13,0,2,0,0,0,2,1,18,1,0,0,0,0,0,0,23,20,0,0,0,0,45,1,0,0,0,0,0,2,0,2,67,0,0,0,0,2,0,0,0,11,0,0,1,0,0,0,0,0,0,0,0,3,0,0,1,0,0,0,0,1,1,0,0,0,0,0,0,0,0,0,0,0,3,1,0,2,0,1,2,0,0,2,0,1,0,14,7,0,0,0,0,0,1,59,2,16,5,3,2,8,0,0,116,0,0,0,0,0,6,9,0,0,12,0,0,0,0,0,0,0,0,0,0,1,0,0,3,0,0,0,1,0,6,1,0,0,7,4,0,0,0,0,0,5,0,0,1,0,4,0,1,0,0,2,1,1,0,0,0,0,0,20,0
175,1104,ESCOLA MUNICIPAL CEI MONTEIRO LOBATO,R GUILHERME FUGMANN- 501 VL N SRA DA LUZ  DOS PINHAIS,CIDADE INDUSTRIAL,-25.50136033,-49.32031923,75,0,2493,1751,166,97,0,2,10,2,10,1,4,1,6,1,0,1,0,1,2,7,0,9,0,6,2,1,21,0,1,2,0,0,0,0,0,0,1,2,1,0,0,1,5,0,0,0,0,1,0,0,0,0,0,3,0,0,0,0,1,1,0,1,1,0,0,21,0,6,4,1,0,0,0,16,1,2,2,0,10,0,1,1,2,0,0,0,0,1,281,0,0,1,0,0,0,1,0,0,1,0,1,0,0,1,1,12,1,1,0,5,0,0,0,2,0,0,0,1,0,0,0,1,0,1,0,0,0,0,8,0,0,0,1,0,0,0,1,0,1,0,5,1,0,0,0,1,0,2,0,3,1,3,2,1,2,1,1,2,3,15,10,0,1,3,0,1,1,4,1,2,0,11,1,13,5,0,2,1,1,0,0,0,7,0,0,0,0,0,1,0,0,18,0,0,0,2,0,1,0,0,12,0,0,0,1,2,0,0,0,0,5,0,0,2,1,0,1,0,32,1,49,0,0,0,0,0,1,0,0,0,11,0,0,0,2,3,1,0,0,0,0,0,0,4,1,0,0,9,3,1,0,5,0,0,0,0,0,3,3,0,0,1,6,1,1,0,2,0,5,2,2,0,1,0,8,0,0,0,1,0,4,1,2,2,0,0,11,2,2,0,0,0,3,0,1,8,9,0,0,8,6,0,7,2,0,0,0,0,0,0,0,0,0,0,0,1,0,0,0,2,0,0,0,1,1,0,0,0,0,0,0,0,0,1,16,0,0,0,0,0,0,4,0,0,0,0,0,0,3,0,0,1,0,0,0,0,1,0,10,0,1,0,2,0,0,0,0,0,2,0,2,3,6,0,0,0,0,0,0,0,0,0,0,0,1,0,0,0,0,1,0,0,1,1,0,0,0,0,2,1,0,1,0,2,0,0,0,0,0,1,0,1,2,22,0,0,0,1,0,0,1,2,2,0,0,2,0,0,1,0,0,1,0,0,3,5,0,0,0,0,0,1,0,1,0,0,0,0,1,0,0,1,0,0,0,0,3,11,1,0,0,0,0,0,0,0,3,0,1,0,0,0,0,0,2,0,0,45,0,0,0,0,0,2,0,0,0,1,0,0,0,0,0,0,0,1,0,0,1,8,0,0,0,0,0,0,0,0,3,0,0,0,0,0,0,3,0,1,0,0,0,0,0,1,0,0,0,8,0,1,0,0,2,0,2,1,0,0,0,2,0,0,0,3,0,0,1,0,0,0,0,0,0,0,0,0,14,7,0,1,0,3,0,1,4,0,0,0,2,0,5,2,0,0,0,0,0,0,0,0,0,1,0,0,0,0,1,1,1,8,0,3,0,0,0,0,3,9,0,2,0,0,0,0,0,1,1,12,0,0,0,1,0,0,0,13,7,0,0,0,0,28,0,0,0,0,0,0,0,0,1,34,0,1,0,0,0,0,0,0,11,0,0,0,0,0,0,0,0,0,0,0,4,0,0,1,0,0,0,1,0,2,1,0,0,0,0,0,1,0,0,0,1,0,0,0,1,0,4,2,0,0,0,0,0,0,12,1,0,0,5,1,1,2,31,0,17,8,6,0,2,1,2,33,0,0,1,0,0,1,8,0,0,11,1,0,1,0,4,0,0,1,0,2,2,0,0,0,0,0,1,1,0,1,0,0,0,3,0,0,0,0,0,0,0,0,0,0,0,0,0,0,1,0,3,0,2,0,0,0,0,0,26,0
175,1112,ESCOLA MUNICIPAL NOSSA SENHORA DA LUZ DOS PINHAIS,RUA DAVI XAVIER DA SILVA   841   VL N. S. DA LUZ DOS PINHAIS CIC SUL,CIDADE INDUSTRIAL,-25.50813613,-49.32545629,75,0,2437,1786,116,95,0,4,9,3,1,2,0,1,4,0,0,0,0,1,6,13,1,10,0,4,1,3,23,1,6,1,0,0,0,1,0,0,0,3,0,0,1,0,18,0,0,0,0,0,0,0,0,0,0,15,0,0,0,0,0,0,0,0,0,0,0,12,0,13,5,3,1,0,0,35,0,2,3,0,5,0,4,0,1,0,0,5,3,0,269,1,0,0,0,0,1,0,0,5,0,0,0,0,1,4,2,5,1,0,0,7,0,0,1,1,0,0,0,0,1,0,0,1,0,0,1,1,0,1,3,0,0,0,0,0,0,0,0,0,3,0,12,1,1,0,0,1,0,2,0,14,1,3,5,3,3,2,3,3,3,20,2,1,2,0,0,1,0,4,3,1,0,4,1,5,1,0,0,0,0,1,0,0,4,0,0,0,2,0,0,1,0,63,0,3,2,0,0,0,0,1,28,0,0,0,0,0,1,0,0,0,6,0,0,1,0,0,0,0,42,0,30,1,0,0,1,3,0,0,0,1,7,6,0,0,0,2,3,1,0,0,0,0,0,1,5,0,0,1,2,0,4,2,0,1,0,0,0,10,1,0,0,0,1,0,7,0,2,0,8,2,5,0,0,0,12,0,0,0,0,0,5,2,6,8,0,0,7,0,7,0,0,0,0,2,0,4,10,0,0,5,3,0,8,1,0,0,0,0,0,0,0,0,1,0,0,0,0,0,0,4,0,0,0,1,6,0,0,0,2,0,0,0,0,0,9,0,0,0,0,0,1,1,1,0,1,0,0,0,2,0,0,0,0,0,0,0,0,0,1,0,0,0,0,0,0,0,0,0,1,0,0,3,1,0,0,0,0,0,0,0,0,0,2,0,0,0,1,0,0,0,0,0,0,6,0,0,0,0,0,0,0,0,0,0,0,0,0,1,0,0,0,0,1,3,1,0,0,0,1,0,2,0,0,0,0,3,0,0,0,0,0,0,0,0,1,2,0,0,0,0,3,0,0,2,0,0,0,0,0,0,0,0,0,0,0,0,5,9,0,0,2,0,0,0,0,0,1,0,0,0,0,0,0,0,13,0,0,3,0,0,0,0,0,2,0,0,1,0,0,0,0,0,0,0,0,1,0,1,0,7,1,0,3,0,0,2,0,1,2,0,0,1,2,0,0,9,0,0,0,0,0,1,0,0,0,0,0,7,0,0,0,0,1,0,2,0,0,0,0,0,1,0,0,0,0,0,0,0,0,0,1,0,0,0,0,1,8,3,0,1,0,5,0,1,7,0,0,0,0,0,0,2,0,0,0,0,0,0,0,0,0,0,0,0,0,0,1,0,0,10,0,1,1,0,0,2,0,7,0,4,0,1,0,0,0,2,0,5,0,0,0,0,0,0,0,13,7,0,0,0,0,21,0,0,0,0,0,0,0,1,0,34,0,0,0,0,0,0,0,0,9,0,0,0,0,0,0,0,0,0,0,0,6,1,0,0,0,0,3,2,0,1,0,0,0,0,0,0,0,0,0,0,1,0,0,0,2,1,1,4,0,0,0,0,2,0,4,7,0,0,1,1,2,0,21,0,2,3,2,0,0,0,0,54,0,0,0,0,0,1,8,0,1,9,0,0,1,1,3,1,0,0,3,0,6,1,0,3,0,0,0,2,0,6,0,0,0,5,0,0,3,0,0,0,0,1,1,0,0,1,0,0,0,0,1,0,0,1,0,0,0,0,128,0
175,1198,ESCOLA MUNICIPAL PROFESSORA JOANA RAKSA,"RUA FRANCISCA BERALDE PAOLINI, 99 - CAXIMBA",CAXIMBA,-25.61890847,-49.34854978,70,0,2832,1950,261,108,0,4,6,9,1,2,1,7,9,2,2,0,0,1,1,11,1,5,0,9,1,2,48,1,2,0,0,0,0,3,0,0,4,0,6,0,0,0,19,2,0,0,1,0,3,0,0,1,0,16,0,0,0,0,0,1,0,2,0,0,0,23,0,11,6,2,0,0,0,1,0,0,3,0,8,0,0,1,1,0,0,81,2,0,0,3,0,0,1,0,0,1,0,9,0,1,0,0,0,1,4,18,2,4,0,3,0,0,0,0,0,0,0,0,0,0,0,1,0,0,0,0,0,3,5,0,0,0,0,0,0,0,0,0,3,0,8,0,7,0,0,1,3,0,0,1,0,1,2,0,3,0,4,1,1,10,3,0,0,1,0,0,0,4,6,2,0,12,1,9,0,0,0,3,1,0,0,0,4,0,0,0,1,0,0,0,0,0,3,0,0,0,0,0,0,1,0,0,1,0,1,0,1,0,0,0,1,1,0,21,0,0,2,0,2,5,0,2,0,0,0,0,0,0,0,2,10,0,0,0,0,1,3,0,0,0,0,0,0,2,5,0,0,4,0,1,0,0,0,0,0,0,0,0,0,0,1,0,50,1,1,0,33,0,1,0,2,0,0,0,11,0,1,2,0,0,65,0,1,3,1,0,1,0,1,0,0,0,0,2,0,3,4,0,0,6,5,0,5,0,1,0,0,0,2,0,0,0,0,0,1,0,0,1,0,0,0,0,0,1,0,0,0,0,0,0,0,0,0,0,6,0,0,0,0,0,0,0,0,1,0,0,0,0,0,0,0,0,0,0,0,0,0,0,18,0,0,0,0,0,0,0,0,0,0,0,0,53,15,0,1,0,0,0,0,1,0,0,11,0,0,0,0,0,0,0,0,0,0,0,0,1,0,2,36,0,0,0,0,20,0,0,0,1,0,0,0,3,6,0,0,0,0,3,0,0,0,0,0,0,0,0,0,0,0,0,0,0,2,0,2,0,2,0,0,0,0,1,0,0,0,0,0,0,0,0,0,0,0,0,0,0,4,8,0,0,0,0,0,0,0,0,0,0,0,0,0,1,1,0,3,0,0,0,0,2,0,0,0,1,0,0,0,0,0,0,0,0,0,0,0,0,0,0,0,5,5,0,0,0,0,0,0,0,0,0,0,8,1,0,0,0,0,0,0,0,0,0,0,0,0,0,0,0,1,0,0,0,90,1,1,1,0,0,0,3,0,0,0,0,0,0,0,1,0,0,0,0,0,0,0,0,4,2,0,0,0,2,0,8,4,0,0,0,5,0,3,6,0,0,0,0,0,0,0,0,0,4,0,0,0,0,0,0,0,12,0,3,1,0,0,0,2,3,0,4,0,0,0,0,0,0,5,73,0,0,0,0,0,0,0,15,32,1,0,0,1,42,5,0,1,0,0,2,0,1,0,20,0,1,0,0,0,0,0,0,13,2,0,0,0,1,1,0,0,0,0,0,6,0,0,0,0,0,1,0,0,1,5,0,0,0,0,0,0,0,1,0,2,0,1,0,0,0,2,0,0,0,0,0,0,0,6,1,0,0,1,2,0,0,8,1,8,0,2,0,0,0,7,20,0,0,1,0,0,1,12,0,0,100,9,0,0,6,0,0,0,0,0,0,1,0,0,1,0,8,0,0,0,8,0,0,0,0,3,0,0,0,0,0,0,0,0,0,0,0,0,0,3,0,0,0,2,5,0,0,0,0,0,0
175,1201,ESCOLA ESTADUAL GUILHERME PEREIRA NETO,"RUA DELEGADO BRUNO DE ALMEIDA, 4386 - CAMPO DE SANTANA",CAMPO DE SANTANA,-25.59478532,-49.3223243,71,0,2914,2087,222,102,0,3,7,5,12,4,0,1,2,0,3,4,0,0,4,4,3,12,0,4,2,0,23,0,0,1,0,0,0,0,0,0,0,1,2,0,0,0,16,0,0,4,2,0,0,1,1,1,0,18,0,0,0,0,0,0,0,1,0,1,0,16,0,4,0,0,0,0,0,0,0,1,1,0,4,0,0,0,1,0,2,88,1,2,1,0,0,0,1,0,1,4,0,4,0,1,0,0,0,0,11,46,2,9,2,1,0,0,0,3,0,0,0,0,0,0,0,0,0,1,0,0,0,1,12,0,0,0,0,0,1,0,2,0,0,0,4,0,2,0,0,4,0,0,0,4,0,1,4,0,1,0,50,0,0,12,1,1,2,14,2,0,3,2,9,7,0,10,1,6,4,0,0,0,0,5,1,1,13,0,1,0,1,0,0,2,0,0,1,0,0,1,0,0,0,1,6,0,0,0,3,2,0,0,0,1,1,0,0,19,0,0,1,0,1,0,3,84,0,0,1,5,0,0,0,1,14,0,0,0,0,1,2,0,0,0,0,0,0,7,5,0,0,4,0,3,0,0,0,0,0,0,0,0,0,0,0,0,2,1,0,0,6,0,3,0,5,0,1,0,18,0,0,0,0,0,27,1,2,4,0,0,1,0,1,0,0,0,1,0,0,6,10,0,0,7,0,0,3,0,0,0,1,0,0,0,1,0,0,1,3,4,0,0,0,0,0,0,1,0,1,0,0,0,1,0,0,0,0,0,17,0,0,0,1,0,0,0,0,0,0,0,0,0,1,0,0,1,0,0,3,0,0,0,26,0,0,0,0,0,0,0,0,0,0,0,0,1,65,0,0,0,0,0,0,0,0,0,23,0,0,0,0,0,0,3,0,0,0,1,0,0,3,7,44,0,2,0,1,6,0,0,0,0,0,0,0,0,16,0,0,0,0,0,0,0,0,0,0,0,0,3,0,1,0,0,0,0,0,0,0,4,0,0,0,0,1,1,0,1,0,0,0,0,3,0,0,0,0,0,0,0,18,7,0,0,0,0,0,0,0,0,0,0,1,1,0,2,0,0,1,0,0,0,1,0,0,0,0,0,0,0,1,0,0,0,0,0,0,0,0,3,0,0,1,12,1,0,0,1,0,1,1,0,1,0,2,19,0,0,0,0,0,0,0,0,0,2,2,1,0,0,0,0,0,1,0,0,60,0,1,0,3,0,0,0,1,0,1,1,0,0,0,1,0,0,0,0,0,0,1,0,7,15,0,0,0,0,0,7,3,0,1,0,5,0,5,10,0,0,0,1,0,0,0,0,0,36,0,1,0,0,0,1,0,27,0,10,0,0,0,0,0,5,0,4,0,0,0,0,0,0,2,140,1,0,1,0,0,0,1,7,12,0,0,2,0,40,1,0,1,0,0,0,0,0,0,27,0,1,0,0,0,0,0,0,6,0,0,2,0,0,0,3,1,0,0,0,11,1,0,0,0,0,0,3,0,1,3,0,0,0,3,0,0,0,0,0,7,0,0,0,0,0,1,0,0,0,2,0,4,0,3,1,0,0,1,0,0,0,4,1,47,3,3,0,3,0,2,6,0,0,0,0,0,0,8,0,1,33,4,0,0,0,1,0,0,0,0,1,1,0,0,0,0,2,0,0,0,2,1,0,0,4,2,0,0,0,0,0,0,0,0,0,0,1,0,0,3,0,0,0,2,3,0,0,0,0,1,1
175,1210,ESCOLA MUNICIPAL CEI PROFESSOR ANTONIO PIETRUZA,"RUA JOAO AMADEU PEDRO BOM, 135 -VILA PALMEIRA",TATUQUARA,-25.55090549,-49.29463016,74,0,3325,2421,245,115,0,3,12,2,9,4,0,1,7,0,11,1,1,0,3,11,2,10,0,6,2,1,38,0,2,17,0,0,0,1,0,0,2,0,2,0,18,1,34,1,0,0,0,1,0,0,0,1,0,23,0,0,0,0,0,1,0,1,0,0,1,24,0,6,1,0,1,0,0,50,0,4,3,0,11,0,0,0,5,0,2,83,1,2,0,5,0,0,0,0,0,4,1,0,1,1,2,0,0,3,7,28,0,0,0,5,0,0,0,1,0,0,0,0,1,0,0,0,0,0,0,0,0,0,43,0,0,0,0,0,0,0,1,0,2,0,9,1,2,0,0,0,0,1,0,3,2,4,4,7,7,1,0,0,3,24,2,0,0,1,0,0,4,0,1,4,0,28,2,12,6,0,2,3,0,0,0,0,6,0,0,0,2,1,0,2,0,0,18,0,1,0,0,3,0,7,28,0,0,2,0,2,0,0,0,0,1,0,0,10,0,0,4,0,0,2,3,0,0,0,1,0,0,0,1,1,7,1,0,0,0,23,8,0,0,0,0,0,0,5,4,0,0,4,0,0,1,0,0,0,0,1,0,0,0,0,0,2,7,0,0,0,3,0,6,0,3,1,0,0,15,0,0,0,0,0,11,0,4,1,0,2,1,0,0,0,0,1,0,0,0,3,11,0,0,8,3,0,4,1,0,2,0,0,0,2,1,2,0,0,0,4,0,0,0,1,0,24,0,4,1,0,0,0,0,4,0,1,0,0,35,0,0,0,0,0,0,0,0,0,0,0,0,0,0,0,3,3,0,0,0,0,1,0,2,0,378,0,9,0,0,0,0,0,0,0,0,1,22,0,0,0,0,0,1,0,0,0,5,0,1,0,0,0,0,0,0,0,0,0,0,1,1,0,7,0,0,0,0,1,0,0,0,0,0,0,0,0,4,1,5,0,0,0,0,0,0,0,0,0,0,2,0,0,1,0,0,1,0,0,1,2,1,0,2,0,1,1,0,0,0,0,0,0,0,0,0,0,0,0,0,0,4,12,0,0,0,1,0,0,0,0,4,0,1,1,0,1,0,0,6,0,0,0,0,0,4,0,0,4,0,0,0,2,0,0,0,0,0,0,0,0,0,0,0,5,5,0,0,0,1,2,3,0,2,1,0,3,0,0,2,0,0,0,0,0,0,0,1,0,0,0,0,0,1,0,0,0,1,0,0,2,0,0,0,0,0,0,0,4,0,0,0,2,0,0,0,0,0,1,11,1,8,2,0,0,0,0,1,5,4,0,0,0,1,1,14,0,0,2,0,0,0,2,0,1,0,0,0,1,0,0,0,0,4,31,0,0,0,0,1,1,0,11,0,2,0,1,0,0,0,4,1,36,0,0,0,0,0,0,0,13,4,0,0,0,2,48,8,0,0,0,0,5,0,0,0,35,0,0,0,0,0,1,0,0,23,0,0,0,0,0,0,1,0,0,0,0,13,2,0,0,0,0,0,2,0,0,4,0,0,0,0,0,0,0,1,0,0,0,0,0,0,0,1,0,0,0,0,0,3,0,6,7,0,1,0,0,0,1,10,0,19,5,11,2,6,0,4,71,0,0,0,0,0,2,21,0,2,16,2,0,2,0,0,0,0,1,0,0,4,0,0,0,0,1,1,3,0,0,0,0,0,10,1,0,0,0,2,0,0,0,0,0,0,0,0,1,19,0,1,0,1,0,0,0,0,0,4,0
175,1236,ESCOLA MUNICIPAL PROFESSORA AMERICA DA COSTA SABOIA,"RUA EMILIO ROMANI, 2480 - VILA VERDE - CIC SUL",CIDADE INDUSTRIAL,-25.53143504,-49.33495486,75,0,3624,2622,218,108,0,1,10,5,4,2,1,0,5,1,3,1,1,1,3,7,1,12,0,7,1,7,42,0,3,0,0,0,0,1,0,0,6,0,2,0,0,0,29,0,0,2,1,0,0,0,0,0,0,11,0,0,0,0,0,0,0,0,0,0,0,8,0,1,0,1,0,0,1,10,0,0,1,0,4,3,3,0,1,0,0,1,1,23,8,0,31,0,0,0,0,2,1,2,0,0,1,0,0,4,7,8,3,1,0,0,0,0,0,1,0,0,0,0,2,0,1,1,0,0,0,0,0,4,8,0,0,0,0,0,0,0,2,0,0,1,3,0,0,2,0,0,0,2,0,1,0,5,2,3,0,0,1,0,10,20,0,0,0,5,0,0,4,1,0,2,0,1,0,7,2,0,0,0,1,0,0,0,6,0,0,0,0,0,0,0,0,0,1,1,0,0,0,1,0,0,45,0,1,0,2,0,0,0,0,0,6,2,0,3,0,0,1,0,15,0,89,2,0,0,0,0,0,0,0,3,0,0,0,0,1,0,3,0,0,0,0,0,0,1,1,0,0,1,0,1,3,1,0,0,0,0,0,0,7,0,0,0,2,1,0,1,0,0,3,0,2,0,0,0,3,0,2,0,0,0,9,0,3,4,0,0,4,0,3,1,0,0,1,2,0,0,6,0,0,5,0,0,10,0,0,1,0,0,1,0,0,3,3,0,0,2,0,1,1,5,0,2,0,0,1,0,0,0,0,2,0,0,0,0,13,0,1,1,0,1,0,3,3,0,0,0,0,0,1,0,0,0,0,0,0,0,0,0,1,0,0,0,1,0,0,0,0,0,0,0,0,1,5,0,7,0,0,0,1,0,0,0,1,0,0,3,0,3,0,0,0,0,0,1,0,2,0,0,2,0,0,0,0,1,0,0,0,0,0,0,0,1,2,0,2,0,0,0,0,0,0,0,0,0,0,2,0,0,3,0,0,0,1,0,3,1,0,0,0,0,0,0,0,0,0,0,0,0,3,0,0,0,0,0,0,0,0,1,0,0,0,0,0,0,0,0,2,0,3,0,0,0,1,0,3,0,0,0,0,0,0,0,0,1,0,0,3,0,0,0,1,0,0,0,0,0,0,0,0,2,0,0,0,0,0,0,0,0,5,0,0,1,0,0,3,1,0,0,0,0,0,0,2,0,0,0,0,2,0,0,0,0,3,0,5,7,0,0,0,0,0,0,0,2,0,0,0,0,0,0,1,0,0,0,3,0,1,1,0,0,0,5,1,0,2,0,0,0,1,0,2,3,0,1,0,0,0,0,0,0,0,2,0,0,0,2,0,1,4,5,0,5,0,1,0,0,0,6,0,15,0,0,0,0,1,0,2,15,0,0,0,2,0,0,0,7,2,0,0,0,1,11,0,0,0,0,0,0,0,0,0,32,0,2,0,0,0,0,0,0,13,0,0,0,0,0,0,0,0,0,0,0,1,1,0,1,0,0,0,0,0,0,0,0,0,0,0,0,0,0,0,0,1,0,0,0,47,0,10,0,0,0,2,0,13,0,6,6,0,0,0,4,0,0,11,2,6,8,3,0,2,1,0,1166,0,0,0,0,0,8,9,0,1,2,1,0,0,0,1,0,0,0,0,0,0,1,0,30,0,0,0,2,0,4,0,0,0,4,2,0,0,0,0,0,1,0,0,0,0,0,0,0,0,0,0,0,0,1,0,0,0,0,1,0
175,1244,ESCOLA MUNICIPAL DONA POMPILIA,"RUA JOVENILSON AMERICO DE OLIVEIRA, 240 - JARDIM DA ORDEM - TATUQUARA",TATUQUARA,-25.55962911,-49.33205558,74,0,4434,3188,294,161,0,1,12,3,12,4,9,1,6,1,3,1,3,1,5,10,0,22,0,12,2,1,49,0,2,2,0,0,0,0,0,0,0,0,4,0,1,0,51,0,0,1,0,2,1,0,1,0,0,28,1,0,0,0,0,0,0,0,0,0,0,16,0,7,1,0,1,0,0,17,0,1,3,2,16,1,0,0,3,0,1,15,5,4,1,0,0,0,0,0,0,4,0,3,0,0,1,0,0,1,2,451,2,18,1,1,0,0,0,0,0,0,0,1,0,1,0,0,0,1,0,0,0,2,12,0,0,0,0,0,0,2,0,0,1,1,13,0,0,0,0,3,0,3,0,4,0,13,5,0,4,0,11,0,5,33,3,0,0,10,3,0,1,1,2,8,0,5,4,7,2,0,0,0,0,1,0,0,132,0,0,0,3,0,0,3,0,0,0,0,0,0,0,1,0,1,3,0,0,0,1,13,1,0,0,4,9,3,0,254,1,0,13,0,1,0,8,3,0,0,0,0,0,0,0,19,5,0,0,0,0,8,4,1,0,0,0,0,0,0,16,0,0,4,0,1,2,0,0,0,0,0,0,0,2,0,0,0,2,3,0,1,1,3,2,0,1,0,0,0,19,0,0,0,1,1,7,0,1,6,0,0,4,0,1,0,0,1,3,1,2,3,10,0,1,10,0,0,2,2,0,0,0,0,0,1,0,0,0,0,0,8,0,0,1,1,0,0,0,0,4,0,0,1,2,0,0,0,0,1,14,1,0,0,0,2,0,0,0,0,0,0,0,0,0,0,0,2,0,0,10,0,0,0,137,0,2,0,0,0,0,0,0,0,0,0,0,3,52,0,2,0,0,0,2,0,0,0,6,0,0,0,0,0,0,0,0,0,0,0,0,11,0,2,3,0,0,0,0,0,0,0,1,0,0,0,0,0,42,5,2,0,0,0,0,0,1,0,0,0,0,2,0,0,0,0,1,0,2,0,0,0,1,0,0,0,0,0,1,1,0,1,0,0,2,1,0,0,0,0,0,0,4,13,0,0,0,0,0,0,0,0,0,0,0,0,0,0,0,0,1,0,0,0,0,0,0,0,1,4,0,0,1,2,0,0,0,0,0,0,0,3,2,0,0,3,2,0,0,37,0,0,0,0,6,24,1,3,1,0,3,0,0,0,0,0,0,0,0,0,0,0,0,0,2,0,0,0,3,0,4,0,1,0,1,0,0,0,0,0,0,0,0,1,0,0,0,0,1,1,0,0,1,48,2,2,0,2,0,0,5,0,0,0,3,2,13,1,0,0,0,1,0,0,0,0,0,2,0,0,0,2,0,2,1,56,0,1,8,0,0,0,1,8,0,22,0,1,0,0,1,0,6,85,1,0,0,0,0,0,0,16,6,0,0,0,1,80,0,0,0,0,0,0,0,0,0,26,0,0,0,0,0,0,0,0,15,1,0,1,0,0,1,0,5,0,0,3,3,0,0,0,0,1,0,4,0,0,4,0,0,0,0,0,0,0,2,0,4,0,0,0,2,0,4,0,0,0,4,0,2,0,5,8,0,1,2,2,0,0,25,0,11,7,7,0,4,0,0,60,0,1,0,0,0,0,6,7,1,46,1,0,1,0,0,1,0,0,0,0,6,0,0,0,0,0,0,1,0,0,0,1,0,1,1,0,0,1,2,1,1,0,0,0,0,1,0,3,0,0,0,0,3,0,0,0,0,0,1,0
175,1260,ESCOLA MUNICIPAL PROFESSOR DARIO PERSIANO DE CASTRO VELLOZO,"RUA DESEMBARGADOR CID CAMPELLO, 4630  CIC SUL",CIDADE INDUSTRIAL,-25.50955845,-49.33538075,75,0,3643,2523,272,148,0,2,5,5,4,1,2,2,9,3,1,2,2,2,4,15,1,17,0,9,0,0,34,0,0,5,0,0,1,0,0,0,1,2,1,0,2,0,19,0,0,0,2,0,0,0,0,0,0,21,0,1,0,0,0,0,0,1,0,0,0,20,0,30,1,1,0,0,0,11,0,4,6,0,16,1,18,0,3,0,0,2,3,4,22,1,1,0,1,0,0,0,0,1,0,0,0,0,0,8,9,5,2,0,1,3,0,0,0,1,0,0,1,5,1,1,0,2,0,0,0,0,0,0,14,0,0,0,0,0,0,0,0,1,2,1,7,4,1,2,3,0,1,1,0,18,1,6,5,13,2,0,2,0,7,26,2,0,3,1,2,1,13,2,0,28,0,8,6,9,2,0,1,0,0,1,0,0,4,0,0,0,3,0,0,2,0,10,3,0,0,0,0,0,0,0,53,0,0,0,2,0,0,0,0,0,12,0,0,2,2,0,0,0,94,1,24,2,1,0,0,2,3,0,0,0,19,3,0,0,1,2,2,0,1,0,0,0,0,3,4,0,0,4,4,1,2,3,0,0,0,0,0,1,1,0,0,0,3,1,0,2,1,0,11,0,5,1,0,0,14,0,0,0,0,0,10,0,15,38,0,0,41,0,2,1,0,0,1,0,0,11,6,0,0,5,4,0,7,1,0,3,0,0,1,1,1,3,1,0,0,0,0,0,1,5,0,0,1,0,2,0,0,0,0,1,0,0,0,2,29,0,0,0,0,0,0,2,0,6,0,0,0,0,1,0,1,1,0,0,0,0,0,0,2,0,1,0,1,0,0,0,0,0,2,0,0,52,9,0,0,0,0,0,0,0,1,0,1,0,0,0,0,0,0,0,0,0,0,3,0,0,0,0,0,0,1,0,0,4,0,0,0,0,0,1,0,0,6,4,1,0,0,0,0,0,0,0,2,0,0,1,0,1,3,0,0,0,1,0,64,6,0,0,0,0,1,0,0,2,0,0,0,0,0,0,0,0,0,1,0,0,2,11,0,0,0,1,0,0,0,0,0,1,0,0,0,0,0,0,1,0,0,3,0,0,0,0,0,6,0,1,0,0,0,0,0,0,0,0,0,2,0,1,0,18,4,0,0,0,0,0,1,0,2,0,0,5,5,0,1,110,0,0,0,0,0,1,0,0,0,0,0,6,0,0,0,0,1,0,2,3,1,0,0,0,2,0,0,2,0,0,0,0,0,0,1,0,0,1,2,0,8,4,0,1,0,3,0,0,1,0,1,0,1,0,7,4,0,0,0,0,2,1,0,0,0,0,0,0,0,0,0,0,3,2,0,11,0,0,0,0,3,4,0,9,0,5,0,0,0,2,0,21,1,3,0,0,0,0,0,11,12,0,0,0,1,34,4,1,0,0,0,1,1,0,1,58,1,0,0,0,0,1,0,0,12,2,1,0,0,0,0,0,1,0,0,2,4,0,0,0,0,0,2,0,0,2,0,0,0,0,0,0,0,0,0,0,4,0,0,1,3,0,5,1,0,0,1,0,0,0,10,0,0,0,1,0,1,1,195,0,12,6,4,0,1,0,2,101,0,1,0,0,0,0,5,0,7,6,1,0,0,1,0,0,0,0,0,0,7,4,0,0,1,0,0,2,0,4,0,1,0,8,6,0,0,0,0,0,1,1,0,0,0,0,0,0,0,0,0,0,1,2,0,0,0,0,6,2
175,1279,COLEGIO ESTADUAL RODOLFO ZANINELLI,"RUA ANTÔNIA MOLINA BELLA, 610 - VILA VERDE - CIC",CIDADE INDUSTRIAL,-25.52727004,-49.33429867,75,0,5234,3739,292,158,0,4,8,6,6,1,3,1,6,1,7,1,0,4,7,8,1,16,0,8,3,5,47,0,3,1,0,0,0,1,0,0,5,0,4,0,1,0,21,0,0,0,0,0,0,0,0,0,0,13,1,0,0,1,0,1,0,0,0,0,1,12,0,6,3,1,0,0,0,7,4,2,3,0,15,0,5,0,2,0,1,1,4,46,15,0,59,0,0,0,0,3,1,0,0,0,0,0,1,0,12,11,2,1,0,0,0,0,0,6,0,0,0,0,0,0,1,0,0,1,1,0,0,1,5,0,0,0,0,0,0,0,0,0,0,0,1,0,2,0,0,0,1,6,0,3,0,9,5,4,8,1,6,0,14,20,1,0,0,6,0,0,3,3,2,4,0,4,1,8,0,0,0,1,0,7,0,0,5,0,0,0,3,0,0,0,0,1,0,0,0,0,0,0,0,0,110,0,0,0,1,1,0,0,1,1,6,1,0,8,0,0,1,0,10,0,103,1,1,0,0,2,0,0,0,3,4,0,0,1,1,3,1,0,0,0,0,0,5,3,3,0,0,0,1,1,1,0,0,0,0,0,0,0,8,0,0,0,4,0,0,2,2,0,4,0,8,0,0,1,8,2,0,0,0,0,5,0,4,13,0,0,9,0,3,0,0,0,4,1,4,3,2,0,0,9,0,0,11,1,0,0,0,0,0,1,0,0,1,0,0,2,0,0,3,2,0,1,0,1,2,0,0,0,0,2,0,0,0,0,7,0,0,0,0,0,0,2,1,1,0,0,0,2,0,0,0,4,0,0,0,0,1,0,0,0,0,0,0,0,0,0,0,0,0,0,0,6,8,0,6,0,0,0,0,4,0,0,0,0,0,1,0,0,0,0,0,0,0,2,0,5,0,0,3,0,0,0,0,0,1,0,1,0,0,2,0,1,2,2,0,0,0,1,1,0,2,0,0,0,0,2,0,0,3,0,0,1,0,0,3,3,0,2,1,0,0,0,0,0,0,0,0,0,7,0,0,0,0,0,0,0,4,12,0,0,0,0,0,1,0,0,1,0,3,0,1,1,0,2,3,0,0,0,0,0,0,0,0,2,0,0,15,1,0,0,0,1,0,0,0,3,0,0,0,14,2,0,0,0,0,1,0,0,0,3,0,3,0,0,1,5,0,0,0,0,0,1,5,0,0,3,0,5,3,0,0,0,0,0,2,6,0,0,0,0,0,0,0,3,0,0,0,0,0,0,0,0,0,1,1,0,3,3,0,0,1,3,0,2,2,0,1,0,2,0,2,2,0,0,1,0,0,0,0,0,0,1,0,0,0,1,0,0,0,9,0,5,0,1,1,0,1,17,0,22,0,0,0,0,0,0,2,17,0,0,0,1,0,0,0,15,9,0,0,0,1,21,1,0,0,0,0,0,0,0,0,41,0,3,1,0,0,2,0,0,23,0,0,2,0,0,0,0,0,0,0,0,3,0,0,0,0,0,1,0,0,1,1,0,0,0,3,0,0,0,0,0,2,0,0,0,40,0,7,4,0,0,0,0,15,0,12,5,0,0,2,5,1,0,21,1,3,9,8,0,2,0,0,1647,0,0,1,0,0,8,19,0,2,2,5,0,0,0,0,2,0,0,0,0,5,1,0,54,1,1,0,0,0,6,0,0,0,6,1,0,0,0,2,0,1,0,0,0,0,0,0,0,0,0,1,0,2,2,1,0,0,0,2,1
175,1287,COLÉGIO ESTADUAL ARLINDO CARVALHO DE AMORIM,"RUA DESEMBARGADOR CID CAMPELLO,  6301 - CIC SUL",CIDADE INDUSTRIAL,-25.4956962,-49.338116,75,0,5206,3541,365,157,0,0,11,5,8,0,1,2,9,0,3,3,0,0,5,23,1,15,0,9,1,1,35,1,1,5,0,0,0,0,3,0,0,3,1,0,3,0,46,0,2,0,0,0,0,0,0,1,0,40,1,1,0,0,0,5,0,1,0,0,0,23,0,25,3,1,2,0,0,6,0,0,10,0,18,0,24,0,3,0,0,2,4,1,37,1,0,0,1,0,1,4,0,1,0,0,1,0,0,4,12,12,5,0,0,2,1,0,0,0,0,0,0,6,2,0,0,0,0,2,0,0,0,1,7,0,1,0,0,0,0,0,0,0,1,0,5,14,2,1,0,0,1,14,0,15,0,8,14,6,3,0,0,0,6,33,2,0,3,4,0,0,4,0,1,3,0,7,4,9,4,0,0,0,0,3,0,0,1,0,0,0,3,0,0,0,2,8,0,0,0,0,0,2,0,0,29,0,0,0,3,1,0,0,0,0,42,0,2,2,0,0,3,0,11,0,29,0,0,0,1,0,1,0,0,2,8,0,0,0,5,2,4,1,0,0,0,0,0,11,1,0,2,17,7,2,10,0,0,0,0,0,1,2,2,1,0,0,7,0,2,1,2,0,13,0,1,0,0,1,11,0,4,2,0,0,9,0,16,24,0,0,89,0,7,0,0,0,3,1,0,3,7,0,0,6,1,0,16,1,1,1,0,0,2,0,1,4,0,1,0,1,0,0,1,2,0,0,3,3,30,0,0,0,0,0,0,0,0,0,15,0,0,0,0,0,0,0,6,22,0,0,0,0,3,0,0,1,0,0,0,0,0,0,4,0,0,0,2,0,0,0,0,0,3,0,0,18,3,1,4,0,0,0,3,0,0,0,1,0,0,0,0,0,0,0,0,0,0,17,0,0,0,0,4,2,1,0,0,1,0,0,0,1,0,1,0,0,8,4,11,0,0,0,0,0,0,0,1,0,2,3,0,0,1,0,0,0,0,0,11,3,0,1,0,0,1,2,4,0,0,0,0,1,3,0,0,0,0,0,0,0,3,16,0,0,0,2,0,0,0,0,2,0,0,0,0,0,0,0,1,0,0,0,0,0,0,0,0,3,0,0,0,1,0,0,0,0,0,0,0,2,2,1,0,8,1,0,0,1,0,2,0,0,7,0,1,3,0,0,5,523,0,0,0,0,0,2,0,0,0,0,0,2,0,0,0,0,11,1,1,3,0,0,0,0,1,0,0,1,0,0,0,0,0,0,2,0,4,0,4,1,1,2,0,4,0,8,0,4,6,0,0,0,1,0,7,1,0,0,0,0,1,0,0,0,2,0,0,0,0,0,0,0,0,6,0,102,1,0,3,1,4,7,0,3,0,9,0,0,0,1,4,8,1,0,0,1,0,0,0,20,0,0,0,0,0,30,0,0,2,0,0,1,2,1,0,101,3,0,0,0,0,1,0,0,10,0,0,1,0,0,0,0,0,0,0,0,2,0,0,6,0,0,2,1,0,1,0,0,0,1,4,0,0,1,0,0,1,0,0,0,1,0,7,3,0,0,0,0,1,0,16,3,1,0,3,0,0,0,371,2,13,6,16,0,8,0,6,162,0,2,0,0,0,3,10,1,4,3,1,0,1,0,1,4,2,0,0,0,5,3,0,0,0,1,0,2,0,5,0,0,0,27,5,0,0,0,0,0,4,0,0,0,0,12,0,2,0,0,1,0,2,0,0,0,0,0,3,0
175,1295,ESCOLA MUNICIPAL SANTA ANA MESTRA,"RUA JOAO PEREIRA TRINDADE, 265 - MORADIAS JAMAICA",CAMPO DE SANTANA,-25.58484725,-49.32354513,71,0,4380,3166,315,149,0,5,6,5,14,2,2,2,7,0,2,7,0,0,0,15,2,21,1,18,1,5,38,0,1,2,0,0,0,1,0,0,1,0,20,0,2,0,28,0,1,1,1,0,2,0,0,0,0,24,3,0,0,0,0,0,0,0,1,2,0,40,0,5,2,1,2,0,0,2,0,1,0,0,6,2,0,0,4,0,0,143,1,0,0,1,1,0,1,0,0,5,0,0,0,2,0,0,0,2,70,78,4,10,5,2,0,0,0,1,0,1,0,0,2,0,0,0,0,2,0,0,0,0,14,0,1,0,0,0,1,0,1,0,1,0,9,0,11,0,1,10,0,1,0,1,3,9,4,1,5,1,7,1,6,13,2,0,1,5,5,0,7,4,3,3,0,6,2,4,1,0,0,2,0,6,0,0,9,0,2,0,4,0,1,2,0,0,7,1,0,1,0,0,0,0,15,0,0,0,2,2,0,0,0,1,0,4,0,80,0,0,1,0,1,2,5,51,0,0,0,1,0,0,1,5,12,0,0,0,1,1,3,0,0,0,0,0,0,6,9,0,1,6,1,1,1,4,0,0,0,0,0,0,1,0,0,0,1,2,0,5,5,0,9,0,1,0,1,0,21,0,0,0,0,0,17,0,3,7,0,0,1,0,8,0,0,0,1,0,0,5,5,1,0,8,1,0,8,0,0,0,0,0,2,0,1,2,0,0,0,1,0,0,0,1,0,5,0,1,8,0,0,5,0,0,1,0,1,1,16,0,0,0,2,0,0,0,0,0,0,0,0,0,0,0,0,2,0,0,3,0,1,0,97,0,0,0,0,0,0,0,0,0,1,0,0,4,97,0,3,1,0,0,0,0,0,0,38,1,0,2,0,0,0,4,0,0,0,2,0,0,0,62,184,0,0,0,2,1,0,0,0,1,0,2,0,0,24,0,0,0,0,3,0,0,0,0,0,0,0,0,0,0,8,0,0,0,1,0,0,7,1,4,0,0,0,0,0,1,0,0,0,0,0,0,0,1,0,1,0,0,8,8,3,0,0,0,0,0,0,0,0,1,0,0,0,2,0,0,4,0,0,0,0,2,0,0,0,1,0,0,1,2,0,0,1,0,0,0,0,2,0,1,0,7,7,0,0,0,0,0,2,2,7,2,2,17,1,0,0,0,1,0,0,0,0,0,0,0,0,0,0,0,0,0,0,1,32,0,0,0,1,0,0,0,0,0,0,0,0,0,0,2,0,0,0,0,0,0,2,2,1,4,0,1,1,1,0,7,4,0,1,0,2,1,9,6,2,0,0,0,0,2,0,3,0,20,0,0,1,0,0,1,2,32,0,1,0,0,0,0,1,10,0,0,0,0,0,0,1,0,1,165,0,0,0,0,0,0,0,18,10,0,0,0,1,77,2,0,0,0,0,8,0,1,0,31,0,0,0,0,0,1,0,0,15,0,0,1,0,0,1,0,0,0,0,0,13,0,0,0,1,0,0,3,0,0,12,0,1,0,0,0,0,0,0,0,1,0,0,0,1,0,7,0,0,0,0,0,10,0,8,12,0,0,4,1,0,1,20,1,44,2,6,0,1,1,1,80,0,0,0,0,0,0,5,3,1,92,6,0,0,0,0,1,0,1,1,0,2,0,0,0,0,3,0,3,0,3,0,0,1,2,1,0,0,0,0,0,0,0,0,0,0,0,0,0,19,0,0,0,3,2,0,0,0,0,0,0
175,1309,ESCOLA MUNICIPAL PROFESSOR DARCY RIBEIRO,"RUA  ENETTE DUBARD, N. 90 - MORADIAS SANTA RITA",TATUQUARA,-25.56018214,-49.33897268,74,0,4987,3672,342,163,0,2,14,12,9,1,4,2,7,1,5,4,2,1,3,17,1,22,1,11,2,3,63,1,2,0,0,0,0,0,2,0,1,0,10,0,1,0,63,1,0,5,2,0,0,0,0,0,2,11,0,0,0,0,0,0,2,0,0,0,0,17,0,6,4,1,0,0,0,8,1,1,6,2,34,0,0,0,5,0,0,22,18,2,3,0,0,0,0,0,0,2,0,3,1,0,0,1,0,4,0,338,2,54,0,3,3,0,0,0,0,0,1,0,1,1,0,1,0,0,0,0,0,2,13,0,1,0,0,0,0,2,1,0,4,0,16,0,1,0,0,4,0,1,0,5,5,9,5,3,5,0,7,2,9,62,3,0,0,21,2,0,4,22,2,8,0,2,29,10,6,0,0,0,0,3,0,0,130,1,0,0,1,1,3,1,0,0,0,0,0,1,1,0,0,0,1,0,1,0,2,2,1,1,0,3,3,0,0,89,0,0,5,0,2,3,18,4,0,0,0,1,0,0,0,83,15,0,0,0,1,16,8,8,0,0,0,0,0,9,10,0,1,8,1,0,1,2,0,2,0,0,0,2,0,0,0,0,6,5,0,5,6,7,2,0,2,0,0,2,35,0,0,0,1,0,18,0,1,2,0,0,5,0,3,0,1,0,0,2,0,1,12,1,0,10,3,0,7,0,0,2,0,0,0,1,0,0,0,0,0,23,0,0,2,2,0,0,0,1,2,0,0,3,0,1,2,1,0,0,38,0,0,0,0,0,0,0,4,0,0,0,0,0,1,0,0,1,0,0,5,1,0,0,134,0,6,0,1,1,0,1,0,0,5,0,0,2,97,0,6,0,0,0,0,0,0,0,3,1,0,0,0,0,0,0,0,0,0,1,1,2,0,2,0,0,0,1,1,2,0,0,0,0,0,0,0,0,162,7,1,0,0,0,0,0,0,1,2,0,0,0,0,0,0,0,0,0,0,0,0,1,0,0,0,0,4,0,1,0,0,0,0,0,1,0,0,0,1,0,1,0,1,7,0,0,0,0,0,0,0,0,0,0,0,0,2,5,0,0,1,0,0,0,0,0,0,0,1,3,0,0,0,1,0,0,2,0,0,1,0,2,1,0,2,5,1,0,0,8,0,0,0,0,0,48,0,15,0,0,1,0,0,0,0,0,0,0,1,0,0,0,0,1,0,0,0,0,4,0,2,0,1,0,1,1,0,0,3,3,0,0,0,3,0,0,1,0,4,1,0,0,4,32,0,0,0,2,0,2,6,0,0,0,4,0,13,1,0,1,0,0,0,1,0,0,0,1,0,0,0,0,0,8,3,56,0,9,2,0,0,5,1,7,0,37,0,3,0,0,0,0,5,89,0,2,0,0,0,0,0,19,10,0,0,0,0,89,2,0,0,0,0,1,0,1,0,59,0,0,0,0,0,0,0,0,9,0,0,0,0,0,1,0,8,0,0,0,10,0,0,0,0,0,0,1,0,0,3,0,0,0,1,0,0,0,1,0,1,0,0,0,3,0,5,2,0,0,2,0,2,0,8,5,0,0,0,3,2,1,37,0,7,9,11,0,3,0,3,64,0,0,3,0,0,1,11,1,2,69,1,1,1,0,1,0,0,2,0,0,3,1,0,0,0,3,0,5,0,5,0,0,0,11,3,0,0,0,0,0,0,0,0,0,0,0,0,4,1,0,0,0,2,2,0,0,0,0,2,0
175,1430,ESCOLA MUNICIPAL MARGARIDA ORSO DALLAGASSA,"RUA SARGENTO FRANCISCO DA SILVA COTRIM, 100 - VILA POMPEIA - TATUQUARA",TATUQUARA,-25.55955781,-49.31556282,74,0,5199,3639,427,184,0,4,15,10,10,2,3,2,8,4,2,3,0,5,6,27,0,33,0,11,3,5,51,1,1,6,0,0,1,2,1,0,1,0,77,0,3,0,62,0,0,0,0,0,0,0,0,2,0,47,0,0,0,1,0,0,1,3,1,3,0,38,0,6,0,5,1,0,0,67,0,0,0,1,16,0,4,1,22,0,2,36,2,11,0,4,0,0,1,0,4,60,1,1,3,0,1,0,0,4,9,115,0,8,0,5,0,0,0,0,0,0,0,0,1,2,1,2,0,3,3,0,0,2,19,0,0,0,1,0,0,0,1,0,0,0,14,0,2,1,0,1,0,2,0,23,0,7,6,5,7,1,25,1,8,19,4,1,0,7,2,0,0,2,1,24,0,18,6,15,2,0,0,4,0,1,0,0,47,1,0,0,3,0,0,3,1,1,2,2,0,0,0,5,0,0,11,0,0,0,2,4,0,0,0,2,2,0,0,41,0,1,16,0,0,3,7,7,0,0,0,0,0,0,0,18,2,0,0,0,1,0,2,0,0,0,1,0,1,8,7,1,0,7,2,2,0,0,0,0,0,0,0,0,2,0,0,1,9,6,0,2,7,1,6,2,2,0,0,0,31,0,1,0,0,0,21,1,2,2,0,0,7,0,2,3,0,0,4,1,0,5,17,2,0,8,2,0,15,1,2,0,0,0,0,1,0,1,0,0,0,0,1,0,0,0,0,6,0,4,2,0,0,1,0,1,0,0,0,0,21,0,0,0,0,0,0,0,1,1,0,0,0,0,4,0,0,3,0,0,4,0,1,0,44,0,3,0,2,0,0,0,0,0,2,0,0,7,76,0,57,0,0,0,2,0,0,0,12,0,0,0,0,0,0,0,0,0,0,1,0,4,1,2,29,2,1,0,0,0,0,0,2,1,0,0,0,1,68,0,0,0,0,3,0,0,1,0,0,0,0,0,0,3,0,0,3,0,0,0,0,5,0,0,0,0,0,1,0,0,0,1,2,0,1,0,0,1,0,0,0,0,16,15,0,0,1,0,0,0,0,0,6,0,0,5,0,3,0,0,14,0,0,2,0,0,0,0,0,1,0,0,0,0,2,0,0,0,0,0,0,0,0,1,0,7,5,0,0,1,0,0,0,0,3,6,0,6,0,2,0,0,1,0,0,0,0,0,0,0,0,0,0,2,0,0,0,0,16,0,0,0,3,0,1,0,0,0,0,0,0,0,0,0,0,0,0,0,12,0,0,0,9,19,0,4,0,2,0,20,2,0,0,0,6,0,13,8,0,0,0,0,0,0,0,1,0,2,0,0,0,0,0,0,0,171,0,2,0,0,0,0,2,6,0,9,0,1,0,1,0,1,3,145,2,2,0,0,0,0,0,13,13,0,0,1,0,87,6,0,0,0,1,4,0,1,0,51,0,1,0,0,0,0,0,0,20,0,1,1,0,0,0,0,1,0,0,0,4,0,0,0,0,0,2,82,0,0,6,0,0,0,0,0,0,2,0,0,1,0,0,0,2,0,2,0,0,1,7,0,2,0,3,14,0,0,6,2,2,1,52,0,47,8,4,1,5,0,4,25,0,0,0,0,0,2,13,0,9,25,3,2,3,1,0,0,0,0,1,1,6,0,0,0,0,0,2,6,0,1,0,0,0,5,3,1,0,1,1,3,1,2,0,0,0,0,0,1,21,0,0,0,1,3,0,0,0,0,3,2
175,1449,ESCOLA MUNICIPAL DO CAIC CANDIDO PORTINARI,R.ANTONIO GEROSLAU FERREIRA S/N - CJ.DIADEMA II - CIC-SUL,CIDADE INDUSTRIAL,-25.49611007,-49.34983475,75,0,5005,3653,373,181,0,3,11,1,12,3,1,2,15,2,5,0,0,3,3,16,0,12,1,9,1,1,48,0,4,1,0,0,0,2,0,0,1,38,3,0,1,0,20,0,3,1,0,0,1,0,0,0,0,24,1,1,0,1,0,2,0,0,0,0,1,33,0,19,6,6,1,1,0,4,0,3,19,0,42,0,32,0,8,1,0,5,8,1,22,1,0,0,0,0,0,1,1,2,4,0,1,0,0,4,9,11,19,1,3,4,0,0,0,2,0,0,0,31,0,2,0,4,0,0,0,1,0,3,29,0,0,0,0,1,0,0,0,0,2,0,21,2,7,2,0,0,0,3,0,5,2,8,19,9,2,0,0,1,9,38,5,0,0,0,0,0,16,8,0,0,0,4,3,12,2,0,0,0,0,2,0,0,0,1,0,0,1,0,0,0,0,2,0,0,0,0,0,1,1,0,11,0,2,0,1,0,0,0,0,1,54,0,2,1,0,0,1,0,4,0,16,1,0,0,0,54,0,0,0,2,21,12,0,1,2,5,5,0,0,0,0,0,0,7,2,0,0,12,9,3,4,0,1,0,0,0,0,0,7,0,0,0,16,1,6,1,9,2,7,0,3,0,0,2,42,0,0,0,0,0,24,1,6,17,1,2,16,0,1,1,0,0,0,2,0,15,6,0,0,7,3,0,13,2,0,3,0,0,0,3,0,4,2,0,1,2,0,2,0,0,0,0,0,0,47,0,1,0,0,3,0,0,0,0,46,0,0,0,0,0,0,1,79,45,0,0,0,0,3,0,0,3,0,0,2,0,0,0,2,0,0,0,1,0,0,1,0,0,2,0,0,11,6,0,0,0,0,0,7,0,0,0,2,0,0,0,0,0,0,0,0,1,0,6,0,3,0,0,7,0,0,0,1,0,1,0,5,0,0,0,0,0,2,4,0,0,0,0,0,0,0,0,2,1,1,9,0,0,0,0,0,0,1,0,10,2,0,0,0,0,3,1,0,0,0,0,0,0,2,0,0,1,2,0,0,1,5,29,0,0,0,0,0,0,0,0,0,1,0,0,0,0,0,0,5,1,0,2,0,1,0,0,0,3,0,0,0,1,0,0,0,0,0,1,0,0,0,1,0,15,8,0,2,0,0,6,0,0,6,2,0,3,0,0,5,13,0,0,0,0,0,1,0,0,0,2,0,2,1,0,0,0,1,0,1,4,1,1,0,0,8,0,0,0,0,0,0,0,0,0,3,0,0,0,3,0,1,1,0,0,0,16,1,11,7,0,0,0,11,0,13,6,0,0,1,0,0,0,0,0,0,2,0,0,0,0,3,0,1,3,0,8,1,0,0,0,6,18,1,1,0,1,0,0,0,1,6,26,2,0,0,0,0,0,0,22,9,0,0,0,0,30,8,0,1,0,0,1,1,0,1,82,0,2,0,0,0,2,0,0,20,0,0,1,1,1,0,0,1,0,0,0,5,1,0,2,0,2,0,0,0,1,0,0,0,1,0,0,0,0,0,0,6,4,0,0,1,0,12,6,0,0,1,0,3,0,9,2,1,1,3,1,0,2,799,1,10,10,15,2,2,0,4,51,0,0,0,0,0,0,17,0,1,5,1,0,0,2,2,1,0,1,2,0,9,0,0,2,0,0,0,8,0,4,0,2,0,11,4,0,0,0,1,1,3,0,1,0,0,0,0,0,0,0,2,3,2,3,0,0,0,0,3,2
175,1457,ESCOLA MUNICIPAL PROFESSOR OSVALDO ARNS,R. ODIR GOMES DA ROCHA 546 - VILA EVANGELICA,TATUQUARA,-25.57269649,-49.33718956,74,0,3659,2617,277,144,0,2,4,4,14,1,4,1,7,0,2,2,2,2,4,8,1,19,0,8,2,0,32,0,5,3,0,0,0,0,0,0,0,1,0,0,3,0,35,0,0,0,0,0,3,0,0,0,1,22,1,0,0,0,0,1,0,6,0,0,2,12,0,1,3,3,0,0,0,6,0,0,2,0,18,0,1,0,1,0,3,20,5,4,1,1,1,0,0,0,0,3,0,4,0,0,0,0,0,3,0,153,2,15,0,2,0,0,0,1,0,0,0,0,1,4,0,0,0,2,0,0,0,2,11,0,3,0,0,0,2,0,0,0,0,0,18,0,4,0,0,31,0,0,0,6,5,6,6,4,14,0,2,0,7,10,1,0,1,6,1,0,2,11,1,3,0,7,2,7,3,0,0,1,0,0,0,0,121,0,0,0,0,1,1,1,1,0,2,0,0,0,0,0,0,0,3,0,0,0,0,4,0,0,0,0,3,2,0,41,1,0,1,0,0,0,8,4,0,0,1,0,0,0,0,105,7,1,0,0,0,3,1,4,0,0,0,0,0,0,7,0,0,6,0,1,0,0,0,0,0,0,0,0,1,1,0,0,5,3,0,4,2,7,13,0,3,0,0,0,10,0,0,1,2,0,22,0,0,3,0,1,0,0,1,1,0,0,1,3,0,10,8,0,0,6,2,0,3,1,0,0,0,0,0,1,0,3,0,0,0,7,0,0,1,0,0,1,1,2,1,0,0,1,0,0,1,0,0,0,15,0,0,0,0,0,0,0,0,0,0,0,0,0,1,0,0,0,0,0,1,0,0,0,141,0,1,0,3,0,0,0,0,0,0,0,0,4,88,0,1,0,0,0,0,1,0,0,5,0,2,0,0,0,0,0,0,0,1,0,0,7,0,0,2,1,0,0,0,5,0,0,2,0,0,0,0,0,42,12,0,0,0,0,1,0,0,0,0,0,0,1,0,0,0,0,0,1,0,0,1,3,0,0,0,0,2,2,0,0,0,0,0,0,2,0,0,0,0,0,0,0,2,7,0,0,0,0,0,0,0,0,0,0,0,0,0,2,1,0,5,0,0,0,0,1,0,0,0,6,0,0,0,1,0,0,1,0,0,1,0,0,0,0,0,11,1,0,1,3,0,0,0,0,2,22,1,4,0,0,0,2,1,0,0,0,0,0,1,1,0,0,0,0,0,0,0,0,4,0,1,0,0,0,0,0,0,0,0,1,0,0,0,1,0,0,0,0,4,0,0,0,2,43,0,0,0,3,0,9,0,0,0,0,2,0,7,4,0,0,0,0,0,0,0,0,1,2,0,0,0,0,0,2,0,147,0,3,0,0,0,1,0,8,0,9,0,1,0,0,0,0,1,105,0,0,0,1,0,0,0,13,7,0,0,0,3,59,2,0,0,0,0,0,0,0,0,31,1,0,0,0,0,0,0,0,8,0,0,0,0,0,1,0,0,0,0,0,14,0,0,1,0,0,2,2,0,0,0,0,0,0,0,0,0,0,1,0,0,0,0,0,0,0,7,1,0,0,3,0,2,0,7,6,0,0,1,1,0,0,21,0,9,2,7,0,8,0,0,26,0,0,0,0,0,2,5,1,0,16,3,0,0,1,0,0,0,0,0,0,0,0,0,1,0,0,0,1,0,0,0,0,0,4,2,0,0,0,1,0,1,0,0,0,0,0,0,0,5,0,0,0,3,2,0,0,0,0,1,0
175,1481,ESCOLA MUNICIPAL NEWTON BORGES DOS REIS,"RUA ADRIANA CERES ZAGO BUENO, 1350 - MORADIAS SANTA RITA - TATUQUARA",TATUQUARA,-25.56579195,-49.33407192,74,0,3873,2802,308,137,0,2,6,3,12,5,3,2,4,0,1,0,2,1,3,7,3,10,0,13,3,0,25,0,0,5,0,0,0,0,0,1,1,0,0,0,2,0,42,0,1,0,4,0,2,0,0,1,2,16,0,0,0,2,0,0,0,1,0,0,0,16,0,5,0,1,0,0,0,2,0,1,0,0,25,2,4,0,0,0,0,21,7,4,3,1,0,0,1,0,0,5,1,2,1,0,0,0,0,2,2,230,1,28,0,5,0,0,0,1,0,0,0,0,1,7,0,0,0,0,0,1,0,5,10,0,1,0,0,0,1,0,0,0,0,0,16,0,11,0,0,2,0,2,0,3,3,5,6,5,5,1,9,1,17,42,2,0,0,14,0,0,0,2,1,8,0,8,5,7,2,0,0,0,0,5,1,0,136,0,0,0,0,0,1,0,0,1,0,2,2,0,0,1,0,0,8,0,0,0,0,3,0,0,0,0,9,3,0,63,0,0,5,1,2,0,8,3,1,0,0,0,0,0,2,57,4,3,0,0,0,6,0,13,1,0,1,0,0,3,35,0,1,3,0,8,1,0,0,0,0,2,0,0,0,0,0,0,7,2,10,1,6,1,2,0,1,0,1,0,18,0,0,1,0,0,12,0,0,3,1,0,2,0,2,0,3,0,5,0,1,11,11,2,0,4,4,0,10,2,0,0,0,0,1,0,0,2,0,0,0,8,0,0,1,1,0,0,0,0,0,0,0,2,0,0,0,1,0,1,27,0,0,0,1,0,0,0,0,0,0,0,0,2,0,0,0,1,0,0,5,0,0,0,101,0,1,0,1,0,0,0,0,0,0,0,0,0,95,0,0,0,0,0,0,0,0,0,7,0,0,1,0,0,0,0,0,0,0,1,0,0,0,1,1,0,0,0,0,0,0,0,0,0,0,0,0,0,55,3,0,0,0,0,0,0,0,0,0,0,0,0,0,0,0,0,0,0,0,0,0,0,1,0,1,0,3,2,0,0,0,0,0,1,1,0,0,2,0,0,2,0,2,10,0,0,0,0,0,0,0,0,2,0,0,2,0,6,0,0,6,0,0,0,0,0,1,0,0,0,0,0,0,0,0,0,0,0,0,0,0,0,0,0,0,12,1,0,0,8,2,0,1,3,3,23,1,3,0,0,2,3,1,0,0,0,0,1,0,4,0,0,0,0,0,0,0,0,3,0,4,0,0,0,0,0,2,0,0,1,0,0,0,0,0,0,2,0,1,0,0,0,4,70,1,0,0,3,0,1,3,0,0,0,1,0,13,1,0,0,0,0,0,0,0,3,0,0,0,0,0,0,0,10,0,35,0,3,1,0,0,1,0,10,0,22,0,2,0,1,0,0,1,69,0,0,0,0,0,0,2,8,8,0,0,0,1,90,0,0,0,0,0,0,0,0,0,50,0,0,1,0,3,0,0,0,22,0,0,0,0,0,1,0,1,0,0,2,14,0,0,0,0,0,0,1,0,0,5,1,0,0,1,0,0,0,0,0,2,0,0,0,0,0,2,0,0,0,1,0,2,0,6,3,0,0,0,3,0,1,30,2,6,5,7,0,2,0,0,36,0,0,0,0,0,1,7,1,1,26,0,0,0,0,0,0,0,0,1,1,4,0,0,0,0,2,1,2,0,5,0,0,0,2,1,0,0,0,0,2,0,0,0,0,0,0,0,1,1,0,0,0,1,2,1,0,0,0,0,0
175,1490,COLÉGIO ESTADUAL DESEMBARGADOR GUILHERME DE ALBUQUERQUE MARANHAO,"RUA JOSE ANGELO MARTINS, 101 - MORADIAS DA ORDEM",TATUQUARA,-25.55793089,-49.33251017,74,0,4016,2645,322,136,0,1,3,5,6,4,2,2,6,0,1,0,1,3,4,4,0,15,0,5,1,1,25,2,2,1,0,0,0,0,0,0,2,0,5,0,0,5,25,0,0,0,1,0,1,0,0,0,1,18,0,0,1,0,0,0,0,0,0,1,0,5,0,8,3,2,0,0,0,8,1,3,3,1,15,0,0,0,2,1,3,15,3,1,4,0,0,0,0,0,0,4,0,0,0,0,1,0,0,3,4,344,0,23,0,1,1,0,0,1,0,1,0,0,2,1,0,0,0,1,0,1,0,0,14,0,0,0,0,0,0,0,0,0,0,0,10,0,2,2,0,1,0,1,0,2,1,5,4,1,11,0,6,1,8,33,4,0,0,15,0,0,0,1,3,7,0,8,3,2,1,0,0,1,0,1,0,0,94,0,0,0,2,0,0,2,0,0,0,1,0,0,0,3,0,1,5,0,0,0,1,13,0,0,0,2,3,0,0,142,0,0,19,0,2,0,22,2,2,0,0,0,0,0,0,38,5,0,0,0,3,2,2,0,0,0,0,0,0,3,10,0,0,5,0,1,1,1,0,0,0,0,0,0,0,1,0,0,1,0,0,1,1,3,2,0,1,0,0,1,14,0,0,1,0,0,9,0,2,0,0,0,0,0,2,0,0,0,2,0,0,7,7,0,0,11,0,0,9,0,0,1,0,0,1,0,0,1,0,0,0,0,0,1,0,0,0,0,0,1,1,0,0,0,0,0,0,0,0,0,18,0,0,0,0,0,0,1,0,2,0,0,0,0,3,0,0,0,0,0,1,0,0,0,111,0,3,0,2,0,0,0,0,0,1,0,0,4,54,0,2,0,0,0,0,0,0,0,3,0,0,0,0,0,0,0,0,0,0,0,0,5,0,0,3,1,0,0,0,0,0,0,3,1,0,0,0,0,53,2,0,0,0,0,0,1,0,0,0,0,0,0,1,0,0,0,0,2,0,0,0,4,0,0,0,0,0,0,0,0,0,0,0,1,1,0,0,0,0,0,0,1,4,9,0,0,0,0,0,0,0,0,2,0,0,0,0,3,0,0,2,0,0,0,0,0,0,0,1,3,0,0,0,1,0,0,0,0,0,1,0,0,0,0,0,5,1,0,1,16,0,0,0,1,1,10,0,10,0,0,2,3,0,0,0,0,0,0,0,0,0,0,0,1,0,0,0,0,0,0,3,1,1,0,0,0,0,0,0,0,0,0,0,3,0,0,0,0,0,2,1,0,5,30,0,1,0,1,0,0,7,0,0,0,2,0,3,6,0,0,1,0,0,0,0,1,0,1,0,0,0,0,0,1,3,25,0,1,3,1,0,1,1,5,0,15,0,0,0,0,0,1,3,81,0,0,0,0,0,0,1,9,4,0,0,0,0,78,0,0,0,0,1,0,0,1,0,48,0,0,0,0,0,0,0,0,19,0,0,1,0,0,0,1,1,0,0,0,9,0,0,0,0,0,1,3,0,2,7,0,0,1,1,0,0,0,0,0,0,0,2,0,1,0,3,0,0,0,2,0,0,0,4,2,0,0,0,3,0,1,22,0,6,7,3,0,4,0,1,41,0,0,0,0,0,0,6,1,6,42,1,0,1,1,0,0,0,0,0,0,2,0,0,2,0,0,0,0,0,3,0,0,0,9,1,0,0,0,0,0,1,0,0,0,0,0,0,0,2,0,0,0,2,2,0,2,0,0,0,6
175,1503,COLEGIO ESTADUAL MORADIAS MONTEIRO LOBATO,RUA OLIVIO JOSE ROSSETI 430,TATUQUARA,-25.57348627,-49.33478104,74,0,6017,3955,476,221,0,3,7,6,17,6,0,1,9,0,5,2,1,1,1,8,2,32,0,10,1,2,41,0,6,1,0,0,0,1,0,0,1,0,7,0,3,0,59,0,2,1,2,0,3,0,0,0,1,33,0,1,0,2,0,1,0,1,0,2,2,18,0,8,2,1,0,0,0,1,0,1,8,0,18,1,0,0,8,0,2,38,3,2,4,0,0,0,0,0,0,12,0,0,1,0,0,2,1,5,5,209,1,19,3,0,0,0,0,1,0,2,0,1,1,3,0,0,0,0,0,2,0,2,20,0,2,0,0,0,0,0,0,0,1,0,42,0,10,0,0,25,0,4,0,11,5,13,7,5,13,0,13,2,12,36,3,0,0,6,1,0,3,6,0,14,0,8,7,14,3,1,0,4,0,3,0,0,191,0,0,0,0,1,0,2,2,0,1,0,0,0,0,1,0,1,5,1,0,0,1,7,1,0,0,3,5,6,3,46,0,0,7,0,2,2,11,4,1,0,0,0,0,0,0,104,8,0,0,0,0,1,2,4,0,0,0,0,0,1,2,1,1,7,2,5,2,0,0,0,0,0,0,1,0,0,0,1,13,1,6,0,4,2,7,0,1,0,1,2,18,0,0,2,1,0,36,1,0,0,1,0,5,0,4,0,1,0,4,0,1,4,6,0,0,13,4,0,16,2,1,0,0,0,0,1,1,2,0,0,0,0,0,0,2,2,0,1,0,1,0,0,0,2,0,0,0,0,0,0,34,0,0,0,0,0,0,0,1,0,1,0,0,0,1,0,0,0,1,0,0,0,0,0,119,0,5,0,2,0,0,0,0,0,0,0,0,9,153,0,1,0,0,0,1,1,0,0,12,0,2,0,0,0,0,0,0,0,0,1,0,21,2,1,17,0,0,1,1,2,0,0,0,0,0,0,0,0,36,10,1,0,0,0,2,0,0,0,0,0,0,3,0,0,1,0,0,0,0,0,0,3,0,0,2,0,1,1,0,2,0,0,0,0,2,0,0,0,0,0,0,0,4,7,0,0,0,0,2,0,0,0,5,3,0,0,0,2,0,0,2,0,0,2,1,1,0,1,0,2,0,2,0,0,0,0,1,2,0,0,0,2,0,0,0,12,2,0,0,1,0,0,2,0,8,13,0,15,0,0,1,1,0,0,0,1,0,0,0,1,0,0,0,0,0,0,0,0,10,0,0,2,0,0,0,0,0,0,0,0,0,0,0,2,0,0,0,1,0,1,1,0,5,105,0,0,0,0,0,5,5,0,0,0,7,1,19,5,0,0,0,0,0,5,0,1,2,9,1,2,0,0,1,8,0,202,0,5,1,0,0,1,9,16,0,5,0,3,0,0,0,0,4,165,0,1,0,1,0,0,0,26,10,0,0,0,1,85,2,0,0,0,1,2,1,1,0,58,0,0,0,0,0,0,0,0,27,0,1,0,1,0,0,0,3,0,0,0,13,0,0,0,0,0,0,3,0,1,7,0,0,0,1,0,0,0,0,0,5,0,0,0,5,0,4,1,0,0,1,0,6,0,6,7,0,0,1,4,0,1,40,1,18,7,10,0,24,1,10,32,0,0,1,0,0,0,21,0,0,35,0,0,1,0,0,0,0,0,0,0,4,3,0,0,1,1,0,1,0,4,0,0,0,5,1,0,0,0,1,0,2,0,0,0,0,0,0,0,1,0,0,0,1,0,2,0,0,0,4,3
175,1511,COLEGIO ESTADUAL EURIDES BRANDAO,"RUA JAIR COELHO, 260 - DIADEMA II",CIDADE INDUSTRIAL,-25.49405839,-49.34913903,75,0,5315,3655,348,224,0,4,5,5,13,2,1,0,12,2,3,0,2,7,1,20,0,15,0,4,0,1,33,0,4,6,0,0,0,0,0,0,5,32,1,0,0,1,56,0,0,0,3,0,0,0,0,0,0,19,1,1,0,2,0,3,1,0,0,0,2,43,0,14,7,2,0,1,0,11,0,5,11,1,34,1,26,1,1,1,1,3,12,3,17,1,3,0,1,0,0,2,0,4,0,0,1,0,0,8,1,4,39,1,1,4,0,0,0,2,0,0,0,36,5,3,0,1,0,1,0,0,0,3,26,0,1,0,0,0,0,0,1,0,9,1,14,1,10,0,1,0,0,8,0,3,1,18,21,19,11,0,4,0,14,27,5,0,0,6,2,0,9,1,3,3,0,3,2,7,12,0,1,2,0,2,0,0,1,0,0,1,0,0,0,4,0,5,0,6,1,2,1,1,0,0,11,0,0,0,2,0,1,0,0,1,41,0,1,0,2,0,1,0,6,0,16,0,0,0,0,29,0,0,0,2,11,25,0,0,1,8,4,2,0,0,0,0,0,17,1,0,0,23,7,5,3,6,0,0,0,0,0,0,1,0,0,0,11,2,5,2,6,0,13,0,3,0,2,1,40,0,0,1,0,0,33,0,7,12,2,1,20,0,8,2,0,0,1,0,1,15,12,0,1,8,1,0,11,0,0,2,0,0,7,0,0,3,0,0,0,0,0,0,1,10,1,0,3,1,100,0,0,0,0,1,0,0,0,0,37,0,0,0,0,0,0,2,74,20,0,0,1,0,10,0,0,5,0,0,0,0,0,0,3,0,1,0,3,0,0,0,0,0,0,0,0,12,3,0,0,0,0,0,7,0,0,0,1,0,0,0,0,0,0,0,1,0,0,8,1,0,1,0,0,0,1,0,1,2,0,0,4,0,0,0,0,0,2,8,1,0,0,1,0,0,1,0,1,0,0,15,1,1,1,0,0,0,0,0,12,15,0,0,0,0,0,2,0,5,0,0,1,0,6,0,0,1,1,1,0,0,9,25,0,0,0,0,0,0,0,0,0,2,2,1,0,0,1,0,1,0,0,2,0,0,0,0,0,7,0,0,1,1,1,0,2,1,0,0,0,1,4,1,0,25,7,0,2,0,0,3,1,1,7,1,0,4,1,0,2,4,3,0,0,0,0,1,1,0,0,2,0,1,3,0,0,0,3,2,5,8,3,0,0,2,1,3,1,5,0,0,2,0,0,0,8,0,0,2,0,0,10,1,0,1,0,22,1,5,9,0,0,0,5,0,18,1,0,0,1,0,1,1,0,0,0,0,0,0,0,2,1,1,3,2,0,6,0,0,1,0,1,12,0,5,0,5,0,0,3,1,6,11,2,1,0,0,0,0,3,37,21,1,0,0,1,36,10,0,0,0,1,0,2,0,0,112,2,0,1,0,1,1,0,0,35,0,0,9,0,0,0,0,0,0,0,1,5,2,1,0,0,0,0,0,1,0,0,1,0,0,1,0,0,0,1,0,2,1,0,0,1,0,8,7,0,0,0,0,1,0,11,0,0,0,5,2,0,0,554,0,10,11,6,3,5,0,3,27,0,0,1,0,1,0,17,1,0,7,7,0,0,6,0,0,0,1,4,0,15,0,0,0,0,1,3,3,0,12,0,1,0,13,6,0,0,1,1,0,3,0,2,0,0,1,0,0,0,0,3,0,4,1,5,0,0,0,1,0
175,1520,ESCOLA MUNICIPAL ALVARO BORGES,"RUA OSVALDO BAGGIO, N. 290 - CONJ. VITÓRIA RÉGIA",CIDADE INDUSTRIAL,-25.54527513,-49.33960707,75,0,3694,2866,222,186,0,2,5,4,11,3,7,3,4,1,0,0,0,5,4,16,1,14,0,8,1,5,23,0,4,1,0,0,0,2,0,2,0,1,0,0,0,0,20,0,0,1,1,0,0,0,0,0,0,12,0,0,1,0,0,1,0,0,0,0,0,17,1,4,3,1,0,4,0,2,0,0,3,0,7,0,2,1,3,1,2,7,31,12,5,3,0,0,0,0,0,2,0,0,0,0,1,2,2,20,3,10,0,0,0,4,0,0,3,2,0,0,0,1,1,1,0,0,0,0,0,0,0,7,11,0,0,0,1,0,2,0,0,0,2,0,11,0,2,0,1,0,0,5,0,3,2,1,5,11,1,0,0,0,4,14,1,1,1,2,0,0,1,3,1,7,0,5,3,22,3,2,3,1,1,1,0,0,9,1,0,0,1,0,0,0,0,1,1,0,0,0,0,0,0,0,15,0,0,0,2,0,0,0,0,1,9,3,0,5,0,0,1,0,21,3,465,0,0,0,0,1,0,0,0,1,12,0,0,0,0,4,2,4,1,0,0,0,0,6,0,0,0,7,1,0,1,0,0,0,0,0,0,3,2,2,0,2,2,1,7,3,8,0,8,0,6,0,0,0,23,2,0,0,0,0,9,0,9,6,0,0,8,1,0,0,0,0,1,1,1,7,10,0,0,14,3,0,5,0,0,0,0,0,0,0,0,0,0,0,1,2,0,0,0,3,0,0,0,0,0,0,0,0,0,1,0,0,1,0,32,0,0,0,0,0,0,0,1,0,0,0,0,0,0,0,0,0,1,0,0,0,2,0,17,0,1,0,2,0,0,0,0,0,0,1,0,3,5,0,1,0,0,0,0,0,0,0,0,0,0,0,0,0,0,0,0,0,1,2,0,1,0,0,0,0,0,0,0,0,0,0,1,0,0,1,0,0,9,0,2,0,0,0,0,0,0,0,2,0,2,5,0,0,1,0,1,0,1,0,1,2,0,0,0,0,2,2,0,2,0,0,1,2,0,0,0,0,0,0,0,0,5,23,0,0,0,0,0,0,0,0,5,1,2,1,0,0,0,0,3,0,0,1,0,0,1,0,0,3,0,1,1,3,0,0,1,4,0,0,0,3,0,1,0,11,2,0,0,3,0,0,0,0,4,0,0,6,1,3,1,3,1,0,0,0,0,2,4,1,0,0,0,0,1,0,0,0,0,0,2,1,0,0,0,0,0,0,0,1,0,1,0,1,0,0,0,0,0,0,0,0,5,3,0,3,0,3,2,4,2,0,0,0,1,0,7,1,0,0,0,0,0,0,0,0,1,2,0,0,0,1,0,0,0,3,0,0,0,0,1,0,0,6,1,309,0,3,0,0,0,1,3,13,0,1,0,0,0,0,0,18,9,0,0,0,1,29,1,0,0,0,0,0,1,3,0,33,0,0,0,0,0,0,0,0,11,0,2,0,0,0,1,0,0,0,0,0,3,1,0,0,0,0,1,2,0,0,2,0,0,0,0,0,0,0,0,0,1,0,0,0,4,0,10,0,0,0,52,0,7,0,15,3,0,0,2,0,0,0,12,1,5,2,6,0,2,1,0,362,0,0,0,0,0,2,9,0,0,5,0,0,1,0,1,4,0,0,0,2,4,0,0,3,0,3,0,1,0,2,0,0,0,13,2,0,0,0,3,1,5,0,0,0,0,0,0,0,1,0,0,0,4,0,0,0,0,0,2,1
175,1538,CMEI ITACOLOMI SABARA,"RUA ANTÔNIO PASTRE, 70 - CIC",CIDADE INDUSTRIAL,-25.49915801,-49.34445863,75,0,1329,867,71,43,0,0,0,2,1,2,1,2,1,0,1,1,2,0,0,3,0,5,1,2,2,0,17,0,1,2,0,0,0,0,0,0,0,6,0,0,1,0,10,0,0,0,0,0,0,0,0,0,0,4,0,0,0,0,0,1,0,0,0,1,0,8,0,5,1,0,0,0,0,5,0,0,5,0,7,0,6,0,1,0,0,0,1,0,5,1,0,0,0,0,0,0,0,0,0,0,0,0,0,0,0,4,1,0,0,1,0,0,0,0,0,0,0,35,2,0,1,0,0,0,0,0,0,0,1,0,2,0,0,0,0,0,1,0,0,0,10,0,3,0,0,0,0,1,0,1,0,6,4,1,3,0,0,0,3,5,1,0,0,0,0,0,4,0,1,2,0,0,1,3,3,0,0,0,0,0,0,0,0,0,0,0,0,0,0,0,0,0,0,1,0,0,0,1,0,1,1,0,0,0,0,0,0,0,0,1,12,0,0,1,0,0,0,0,0,0,5,0,0,0,0,16,0,0,0,1,3,2,0,0,0,0,0,0,0,0,0,0,0,3,1,0,0,3,1,0,7,0,0,0,0,0,0,0,3,0,0,0,3,1,0,1,2,0,4,0,1,0,0,0,2,0,0,0,0,0,2,0,0,6,0,0,9,0,0,0,0,0,0,0,0,4,1,0,0,4,0,0,3,0,0,0,0,0,0,0,0,0,0,0,0,0,0,0,0,2,0,0,0,1,4,0,0,0,0,0,0,0,0,0,6,0,1,0,0,0,0,0,5,9,0,0,0,1,1,0,0,0,0,0,0,0,0,0,0,0,0,0,0,0,0,0,0,0,0,0,0,7,0,0,0,0,0,0,0,0,0,0,0,0,0,0,0,0,0,0,0,0,0,6,0,0,0,0,2,0,0,0,0,0,0,0,0,0,0,0,0,0,0,0,0,0,0,0,0,0,0,0,1,0,0,1,0,0,0,0,0,0,0,0,3,0,0,0,0,1,0,0,0,0,0,0,2,0,0,0,0,0,1,0,0,1,0,4,0,0,0,0,0,0,0,0,0,0,0,0,0,0,0,0,0,0,0,0,0,0,0,0,0,5,0,0,0,5,0,0,0,0,0,0,0,0,0,0,0,4,4,0,0,0,0,1,0,0,0,0,0,1,0,0,0,2,0,0,0,0,0,0,0,0,0,0,0,0,1,0,0,0,1,0,1,1,0,0,0,0,1,0,0,0,0,0,0,0,0,0,0,0,0,0,0,0,0,0,0,0,0,4,0,0,1,0,0,0,0,0,2,1,0,0,1,0,0,0,0,0,0,0,0,1,0,0,0,0,0,2,0,6,0,0,0,1,1,0,0,0,0,0,1,0,0,0,0,5,0,0,0,0,0,0,0,3,0,1,0,0,0,12,0,0,0,0,0,0,0,0,0,18,0,0,0,0,0,0,0,0,12,1,0,0,0,0,1,0,0,0,0,0,0,0,0,0,0,0,0,2,0,0,0,0,0,0,1,0,0,1,0,0,1,0,0,0,0,0,3,4,0,0,0,0,0,0,2,1,0,0,0,0,0,0,226,0,0,1,5,0,1,0,1,10,0,0,0,0,1,0,2,0,0,0,0,0,0,1,0,0,0,0,0,0,5,0,0,0,0,0,1,0,0,0,0,0,0,0,1,1,0,0,0,0,1,0,0,0,0,0,0,0,0,0,1,0,0,0,0,0,0,0,0,0
175,1546,COLÉGIO ESTADUAL NIRLEI MEDEIROS,"RUA ANTÔNIO BERTOLDI, 409 - MORADIAS RIO BONITO - CAMPO DE SANTANA",CAMPO DE SANTANA,-25.58628678,-49.33765044,71,0,3750,2716,283,184,0,1,5,4,22,2,0,5,2,1,1,1,0,3,1,6,0,23,1,12,6,0,40,0,1,1,0,0,1,1,0,1,1,0,14,0,0,2,38,0,0,2,0,0,0,0,0,0,0,3,4,0,0,0,2,1,0,0,0,0,1,24,0,6,3,2,2,0,0,3,0,7,3,0,11,2,0,0,6,1,0,33,1,8,2,0,0,0,0,0,0,6,2,1,0,0,0,2,0,3,5,98,3,13,0,1,0,0,0,0,0,0,0,0,0,2,0,0,0,3,1,0,0,1,8,0,0,0,0,0,0,0,1,0,1,0,12,0,4,0,0,1,0,1,0,5,4,6,7,9,7,0,17,0,3,16,5,0,0,5,0,0,5,0,10,4,0,4,13,5,1,0,0,1,0,7,0,0,12,2,0,0,0,0,1,4,0,0,0,0,0,1,0,0,0,0,8,0,0,1,0,0,0,0,0,2,3,0,0,9,0,0,4,0,2,0,3,16,0,0,2,1,0,0,0,5,6,0,0,0,1,1,2,0,0,0,4,0,0,4,5,0,1,4,0,0,2,3,0,0,0,0,0,0,0,0,0,3,1,5,3,1,3,0,2,0,0,0,1,1,19,0,3,0,0,0,55,0,0,3,0,0,2,0,0,0,0,0,1,0,0,9,11,0,0,7,1,1,8,1,0,0,1,0,0,0,0,1,0,0,2,2,0,0,0,4,0,0,0,0,1,0,0,0,0,0,0,0,0,1,24,0,0,0,0,0,0,0,0,0,0,0,0,0,1,0,0,7,0,0,4,0,0,0,20,0,2,0,3,0,0,0,0,0,1,0,0,3,144,0,1,0,0,0,1,1,0,0,36,0,0,0,0,0,0,2,1,0,0,1,0,6,3,3,24,0,0,0,0,0,0,0,0,0,0,0,1,0,31,4,2,0,0,2,0,0,0,0,1,0,0,1,1,1,0,0,0,0,1,0,0,5,0,0,1,0,1,1,0,4,0,0,0,0,0,0,0,0,0,0,0,0,3,9,0,0,1,0,0,0,0,0,2,0,0,1,0,15,2,0,1,0,0,0,0,3,0,0,0,3,0,0,1,0,3,0,1,0,0,0,0,4,0,0,0,19,6,0,0,0,0,2,0,0,3,2,0,30,0,0,0,2,1,1,0,0,0,0,2,1,0,0,0,0,0,0,0,0,6,0,1,0,0,0,0,1,0,0,0,2,0,0,0,0,0,0,1,0,0,1,0,0,11,9,0,1,0,3,0,3,4,0,0,0,3,0,8,30,0,0,1,0,0,0,0,6,0,63,0,0,0,0,0,0,0,36,1,4,0,0,0,1,0,2,0,1,0,6,0,0,0,0,0,361,3,0,0,0,0,0,0,12,5,0,0,0,0,61,2,0,0,0,1,0,0,0,1,42,0,0,0,0,0,0,0,0,17,0,1,0,0,0,2,1,1,0,0,0,15,0,0,0,0,0,0,1,0,0,11,0,0,0,3,0,0,0,2,0,3,0,1,0,1,0,4,0,0,0,4,0,3,0,5,3,0,0,1,1,0,0,15,3,30,6,1,0,1,0,3,8,0,0,0,0,0,1,7,0,0,24,0,0,1,3,0,1,0,0,0,0,1,1,0,1,0,1,1,0,0,3,0,0,0,2,0,0,2,0,0,0,1,0,0,0,0,0,0,1,1,0,1,0,2,2,0,0,0,0,1,0
175,1554,ESCOLA MUNICIPAL PROFESSORA ERICA PLEWKA MLYNARCZYK,RUA JAIME JOSE VOJCIECHOVSKI 162,TATUQUARA,-25.56041072,-49.3132138,74,0,1292,984,89,61,0,0,1,1,4,0,2,0,4,1,1,0,0,0,0,6,0,9,0,0,0,1,11,0,0,3,0,0,0,0,0,0,0,0,16,0,0,0,13,1,0,0,0,0,0,0,0,0,0,12,0,0,0,0,0,0,0,1,0,1,0,12,0,4,1,2,0,0,0,26,0,1,1,0,3,0,2,0,2,0,0,9,2,0,1,2,0,0,0,0,0,7,0,0,1,0,0,1,0,0,8,21,0,3,0,2,0,0,0,0,0,0,0,0,0,0,0,5,0,0,0,0,0,1,1,0,0,0,0,0,0,0,0,0,0,0,6,0,1,1,0,0,0,0,0,10,0,3,4,2,2,0,5,1,1,5,0,0,0,0,0,0,0,2,0,7,0,5,2,5,1,0,0,1,0,0,0,0,17,0,0,0,0,0,0,1,0,1,0,2,0,0,0,1,0,0,3,0,0,0,0,2,0,0,0,0,0,0,0,14,0,0,2,0,1,0,2,1,0,0,0,0,0,0,0,7,0,0,0,0,0,2,3,0,0,0,0,0,0,3,0,0,0,3,0,1,0,0,0,0,0,0,0,0,2,0,0,0,1,0,1,0,0,0,0,0,1,0,0,0,6,0,0,0,0,0,5,0,2,4,0,0,0,0,1,0,0,2,0,0,0,4,1,0,0,2,1,0,3,0,0,0,0,0,0,0,0,1,1,0,0,1,0,0,0,0,0,0,0,0,0,0,0,0,0,0,0,0,0,0,5,0,0,0,0,0,0,0,0,0,2,0,0,0,2,0,0,0,0,0,0,0,0,0,12,0,0,0,1,0,0,0,0,0,0,0,0,3,33,0,22,0,0,0,0,0,0,0,1,0,0,0,0,0,0,1,0,0,0,0,0,1,0,2,8,1,0,0,0,0,0,0,1,2,0,0,0,1,21,0,0,0,0,0,0,0,0,0,0,0,0,0,0,1,4,0,0,0,1,0,0,4,0,0,0,0,0,1,0,0,0,0,0,0,5,2,0,0,0,0,0,0,6,6,0,0,0,0,0,0,0,0,0,0,0,0,0,0,1,0,2,0,0,0,0,0,0,0,0,0,0,0,0,0,0,0,0,0,0,0,0,2,0,1,1,1,0,0,0,0,0,0,0,0,0,0,0,0,0,0,1,1,0,0,0,0,0,0,0,1,0,0,0,1,0,0,0,0,5,0,0,0,0,0,0,0,0,0,0,1,0,0,0,1,0,0,0,0,1,1,0,0,7,9,0,0,0,0,0,1,3,0,0,0,1,0,6,1,0,0,0,0,0,0,0,0,0,0,0,0,0,0,0,0,0,45,0,1,0,2,0,0,1,1,0,0,0,0,0,0,0,0,2,45,0,0,0,0,0,0,0,2,2,0,0,0,0,23,1,0,0,0,0,0,0,0,0,24,0,1,0,0,0,0,0,0,5,1,0,0,0,0,0,0,0,0,0,0,0,0,0,0,0,0,0,21,0,0,2,0,0,0,1,0,0,0,0,0,0,0,0,0,2,0,1,0,0,0,0,0,0,0,2,4,0,0,1,0,0,0,5,0,9,3,2,0,0,0,1,10,0,0,0,0,0,0,13,0,3,7,1,0,0,0,0,0,0,0,0,0,3,0,0,0,0,1,0,0,0,0,0,0,0,7,0,0,0,0,0,0,0,0,0,0,0,0,0,0,1,0,0,0,2,0,0,0,0,0,0,3
175,1562,ESCOLA MUNICIPAL JOÃO AMAZONAS,"RUA PALMYRA CRIVELLARO BERTOLDE, N. 813",CAMPO DE SANTANA,-25.59061282,-49.3412905,71,0,2720,1998,250,127,0,1,1,2,8,0,1,1,6,2,0,1,0,0,0,8,0,13,0,7,3,1,17,1,1,0,0,0,0,0,0,0,0,0,2,0,0,0,18,0,1,1,0,0,1,0,0,1,0,13,4,0,0,0,2,0,0,0,0,1,1,31,0,5,3,2,0,0,0,1,0,0,1,0,13,1,1,0,1,1,2,15,5,1,0,0,0,0,0,0,1,3,1,0,0,0,0,0,0,2,0,46,3,6,2,1,0,0,0,1,0,0,1,3,1,1,1,0,0,1,0,0,1,1,11,0,1,0,0,0,0,0,0,0,1,0,10,0,3,0,0,2,0,1,0,1,0,5,6,1,2,0,9,0,3,9,3,0,0,6,1,0,0,2,3,10,0,5,4,3,1,0,0,0,0,2,0,0,5,0,0,0,0,0,2,3,0,0,1,0,0,0,1,0,0,0,10,0,0,0,0,3,0,0,0,9,2,0,0,7,0,0,4,0,2,0,5,16,0,0,0,0,1,0,0,5,3,0,0,0,0,3,1,0,0,0,0,0,0,4,1,0,0,2,2,2,6,3,0,0,0,0,0,0,0,0,0,0,1,6,3,0,2,0,3,0,0,0,0,0,10,0,2,0,0,0,50,2,3,2,0,0,3,0,2,1,0,0,2,0,0,7,6,1,0,1,4,0,3,0,0,0,0,1,2,0,0,1,0,0,0,0,0,0,0,0,0,0,0,0,0,0,0,1,0,0,0,0,0,0,20,0,0,0,0,0,0,1,0,0,0,0,0,1,2,0,0,1,0,0,6,0,0,0,27,0,0,0,0,0,0,0,0,0,1,0,0,5,119,0,2,0,0,0,0,0,0,0,25,0,0,0,0,0,0,1,0,0,0,0,0,2,2,2,39,0,0,0,0,2,0,0,0,0,0,0,0,0,15,6,0,0,0,2,0,0,0,0,2,0,0,0,0,2,0,0,0,0,0,0,0,5,0,0,0,0,4,0,0,0,0,0,0,0,1,0,0,0,0,0,0,0,4,1,0,0,0,0,0,0,0,0,2,0,0,3,0,8,0,0,0,0,0,0,0,0,0,0,0,0,0,1,0,1,0,0,1,0,0,1,0,2,0,0,2,6,0,0,0,0,0,0,3,0,1,5,1,27,0,0,0,1,0,0,0,0,0,0,1,0,0,0,0,0,0,0,0,0,2,0,1,0,0,0,0,0,0,0,0,4,0,0,0,5,0,0,0,0,0,0,0,0,3,8,0,0,0,1,0,7,8,0,0,0,3,0,5,13,1,0,0,0,0,0,0,23,0,24,0,0,1,0,0,0,0,20,0,3,0,0,0,1,2,5,0,2,0,4,0,1,0,0,3,263,0,0,0,0,0,0,0,3,6,0,0,0,1,43,1,0,0,0,2,0,0,1,0,30,0,0,0,0,0,1,0,0,6,0,0,0,0,0,0,0,1,0,0,0,1,0,0,0,0,0,1,0,0,0,9,0,0,0,2,0,0,0,0,0,1,0,0,0,0,0,5,0,0,0,3,0,1,0,5,2,0,0,0,4,0,1,20,1,6,5,1,0,0,0,0,7,0,0,0,0,0,0,8,0,0,23,2,0,2,0,1,1,0,0,0,0,2,0,0,0,0,0,0,2,0,3,0,0,0,2,2,0,3,0,5,0,6,0,0,0,0,0,0,0,0,0,0,0,3,0,1,0,0,0,1,0
175,1570,ESCOLA MUNICIPAL RIO BONITO,"RUA LUCAS CARVALHO, N. 1486",CAMPO DE SANTANA,-25.59047948,-49.33578045,71,0,2910,2059,233,126,0,1,8,4,16,2,2,0,3,2,2,2,1,2,0,3,0,8,0,5,3,0,29,0,1,2,0,0,0,1,0,0,1,0,9,0,0,0,28,0,1,0,0,0,2,1,0,1,0,20,1,0,0,0,0,0,0,0,0,0,2,21,0,5,1,2,0,0,0,5,0,0,2,0,12,0,1,0,1,2,1,27,3,3,1,0,0,0,0,0,0,5,1,4,0,0,0,0,0,1,6,53,1,5,0,5,0,0,0,0,0,0,0,0,2,0,0,1,0,2,0,0,0,1,13,0,0,0,0,0,0,0,0,0,0,0,17,0,3,2,0,5,0,5,0,1,0,5,8,2,1,0,23,1,2,9,2,0,0,8,1,0,0,1,6,4,1,2,2,3,2,0,1,1,0,5,0,0,13,2,0,0,0,0,0,1,1,0,2,0,0,1,0,1,0,2,2,0,1,0,1,0,0,1,0,3,3,1,0,16,0,0,2,0,2,1,4,19,2,0,0,2,0,0,0,3,2,1,0,3,0,2,5,0,0,0,0,0,0,7,1,1,0,2,0,2,2,1,0,0,0,0,0,0,0,0,0,0,2,5,1,4,1,0,0,0,2,0,0,0,12,0,0,0,0,0,43,0,6,3,0,0,3,0,0,0,3,0,3,1,0,7,9,0,0,9,5,0,3,1,0,0,0,0,1,0,0,0,0,0,0,1,0,0,0,1,0,0,0,0,4,0,0,0,1,0,0,0,0,0,29,0,0,0,1,1,0,0,0,0,0,0,0,0,0,0,0,1,0,0,1,0,0,0,17,0,0,0,1,0,0,0,0,0,1,0,0,7,87,0,0,0,0,0,0,2,0,0,29,0,0,0,1,0,0,1,0,0,1,0,0,2,0,1,28,0,0,0,0,1,0,0,0,0,0,2,0,0,15,5,0,0,0,0,2,0,0,0,1,0,1,0,0,2,0,0,0,0,0,0,0,1,0,0,0,0,1,0,0,0,0,0,0,0,0,0,0,0,0,0,0,0,2,10,0,0,0,0,0,0,0,0,3,0,0,0,0,6,0,1,0,0,0,0,0,1,0,0,0,2,0,1,0,3,0,0,0,0,0,0,0,0,0,0,0,11,2,0,0,1,0,1,0,0,0,6,0,14,0,0,1,1,0,0,0,0,0,0,0,0,0,0,0,1,0,0,0,0,0,0,0,1,0,0,0,0,0,0,0,0,0,0,0,5,0,0,1,0,0,0,0,0,6,9,0,0,0,4,0,9,4,0,0,0,1,0,5,18,0,0,0,0,0,0,0,3,0,43,0,0,1,0,1,0,1,22,0,5,0,1,0,0,6,6,0,2,0,0,0,1,0,0,3,239,1,0,0,1,0,0,0,11,4,0,0,0,1,42,0,0,0,0,0,0,0,0,0,30,1,1,0,0,0,2,0,0,19,2,1,2,0,0,1,0,1,0,1,1,11,0,0,0,0,0,0,2,0,1,2,0,0,0,0,0,0,0,1,0,2,0,0,0,2,0,4,1,0,0,1,0,3,0,3,4,1,0,0,2,0,2,15,0,25,5,8,0,4,0,1,5,0,0,0,0,0,0,1,1,2,16,4,0,0,0,0,0,0,0,1,0,7,0,0,0,0,6,0,1,0,2,0,0,0,0,0,0,1,0,1,0,0,0,0,0,0,1,0,0,1,0,1,0,2,0,0,0,0,0,0,0
175,1589,ESCOLA MUNICIPAL GOVERNADOR LEONEL DE MOURA BRIZOLA,"RUA ANTONIO ZANON, N. 1371",TATUQUARA,-25.56592368,-49.3259738,74,0,1435,959,120,43,0,2,3,0,4,0,0,0,1,1,0,2,1,0,0,0,1,4,0,7,0,1,12,0,0,2,0,0,0,0,0,0,0,0,2,0,2,0,12,0,0,2,0,0,0,0,0,0,0,4,0,0,0,0,0,0,0,0,0,0,0,8,0,2,1,2,0,0,0,18,0,0,0,1,4,0,1,0,0,1,2,2,0,0,1,0,0,0,0,0,1,3,0,1,1,0,1,0,0,1,0,65,0,2,0,2,0,0,0,0,0,0,0,0,0,0,0,0,0,0,0,0,0,1,3,0,0,0,0,0,0,0,2,0,0,0,5,0,0,0,0,0,0,1,0,3,1,3,7,0,2,0,3,0,4,13,1,0,0,10,0,0,1,3,1,6,0,4,2,5,2,0,0,1,0,3,0,0,29,1,0,0,1,0,0,2,0,0,0,1,0,0,0,0,0,0,1,0,0,0,0,5,0,0,0,0,2,2,0,22,0,0,9,0,1,1,9,1,0,0,0,0,1,0,0,7,1,0,0,0,0,0,2,0,0,0,0,0,0,0,2,0,0,2,0,0,0,0,0,0,0,0,0,0,0,0,0,0,3,1,0,1,4,2,3,0,3,0,0,0,6,0,1,0,0,0,5,0,1,1,0,0,0,0,0,0,0,0,0,0,0,1,1,0,0,4,0,0,0,0,0,0,0,0,0,0,0,0,0,0,0,0,0,0,0,1,0,0,0,0,0,0,0,0,0,0,0,0,0,0,9,0,0,0,0,0,0,0,0,1,0,0,0,0,2,0,1,0,0,0,0,0,1,0,17,0,1,0,3,0,0,0,0,0,0,0,0,0,26,0,2,0,0,0,0,0,0,0,0,0,0,0,0,0,0,0,0,0,0,0,0,0,0,0,7,0,0,0,0,0,0,0,0,0,0,0,0,0,17,0,0,0,0,0,0,0,1,0,0,0,0,0,0,0,0,0,0,0,0,0,0,0,0,2,1,2,0,0,0,0,0,0,0,0,2,0,0,0,0,0,0,0,0,6,0,0,0,0,0,0,0,0,0,0,0,1,0,0,1,0,1,0,0,0,0,0,0,0,0,1,0,0,2,0,0,0,0,0,0,0,0,0,1,0,0,4,1,0,0,4,0,0,0,1,0,2,2,5,0,0,0,0,0,0,0,0,0,0,0,0,0,0,0,0,0,0,0,0,0,0,1,0,0,0,0,0,0,0,0,1,0,0,0,0,0,0,0,0,0,0,0,0,5,12,0,0,0,0,0,2,1,0,0,0,1,0,3,0,0,0,0,0,0,0,0,0,1,0,0,0,0,2,0,0,0,16,0,1,1,0,0,1,2,1,0,4,0,1,0,0,0,0,0,51,0,0,0,0,0,0,0,5,4,0,0,0,0,34,1,0,0,0,0,2,0,0,0,17,0,0,0,0,0,0,0,0,6,0,0,0,0,0,0,0,0,0,0,0,6,1,0,0,0,0,1,3,0,0,0,0,0,0,0,1,0,0,0,0,1,0,0,0,0,0,2,0,0,0,0,0,0,0,2,3,0,0,0,1,0,0,10,0,2,2,1,0,1,0,0,23,0,0,0,0,0,0,1,0,2,9,0,0,0,0,0,1,0,0,0,0,2,0,0,0,0,0,1,1,0,1,0,0,0,1,2,0,0,0,0,0,0,0,0,0,0,0,0,0,1,0,0,0,1,0,0,0,0,0,0,0
175,1597,COLÉGIO ESTADUAL PROFESSORA MARLI QUEIROZ AZEVEDO,"RUA CYRO CORREIA PEREIRA, N. 3506 - VITÓRIA RÉGIA",CIDADE INDUSTRIAL,-25.5438602,-49.33780893,75,0,3000,2146,213,119,0,0,1,1,3,2,2,2,2,1,0,0,1,1,2,3,1,7,0,3,1,4,10,0,2,2,0,0,0,0,0,0,0,0,0,0,0,0,25,0,2,0,0,0,0,0,0,0,0,6,0,0,0,0,0,0,0,0,0,0,0,16,0,10,2,0,2,3,0,2,0,2,1,0,4,0,4,0,0,0,1,3,15,5,2,2,2,0,0,0,0,2,0,0,0,1,0,0,0,8,0,16,1,4,0,10,0,0,0,4,0,0,0,0,5,1,0,1,0,2,0,0,0,2,6,0,0,1,0,0,0,0,0,0,3,0,12,0,5,1,0,0,1,5,0,0,3,2,11,8,4,0,0,0,7,5,2,0,2,6,1,0,1,1,2,11,0,2,1,11,6,0,1,2,0,1,0,0,5,0,0,0,0,0,0,0,0,0,0,1,0,0,0,2,0,0,22,0,0,0,0,0,0,0,0,0,4,3,0,1,0,1,2,0,8,0,324,1,0,0,0,0,0,0,0,2,6,0,0,0,4,3,3,1,0,1,2,0,1,5,0,1,0,3,2,1,2,0,0,0,0,0,2,0,0,0,0,1,3,0,2,0,2,0,0,1,2,0,0,0,8,0,0,3,1,0,4,0,3,4,1,1,6,0,3,0,0,0,0,1,1,15,7,0,0,11,0,0,6,0,0,1,0,0,1,2,0,1,0,0,0,3,0,0,0,1,0,0,0,1,2,0,0,0,0,0,0,0,0,0,25,0,0,0,0,0,0,0,1,0,0,0,0,0,2,0,0,1,0,0,0,0,0,0,6,0,0,0,1,0,1,0,0,0,2,0,0,1,8,0,0,0,0,0,0,0,0,0,0,0,0,0,0,0,0,2,0,0,0,0,0,0,0,0,3,0,0,2,0,0,0,0,0,0,0,2,0,0,6,3,1,0,0,0,0,1,0,0,1,0,0,1,0,2,0,0,0,1,2,0,0,1,0,0,0,0,0,2,1,1,0,0,0,1,2,0,0,0,0,0,0,0,0,17,0,0,1,1,0,0,0,0,0,0,1,2,0,0,0,0,2,0,0,0,0,0,0,0,0,1,0,0,4,1,0,0,0,1,0,0,0,2,0,0,0,14,0,0,0,1,0,0,0,0,1,1,0,0,2,0,0,6,1,0,0,0,0,1,0,0,0,0,0,0,2,0,0,0,0,0,0,0,0,0,0,0,4,0,0,0,0,0,0,0,0,0,0,0,0,3,0,0,6,3,0,0,0,1,0,4,4,0,0,0,5,0,6,2,0,0,0,0,0,0,1,0,0,0,0,0,0,0,0,1,2,3,0,2,0,0,1,1,1,4,0,232,0,0,1,0,0,0,4,14,0,2,0,0,0,0,0,19,6,1,1,0,0,30,0,0,0,0,0,0,0,0,0,52,4,0,0,0,0,1,0,0,22,0,0,1,0,3,1,0,0,0,0,0,1,0,0,0,0,0,2,2,0,1,0,0,0,0,0,0,0,1,0,0,5,0,0,0,1,0,8,1,0,0,25,0,1,0,6,1,0,0,3,1,0,0,12,0,3,5,7,0,1,0,1,235,0,0,0,0,0,1,7,3,0,6,0,0,0,0,0,2,0,0,0,1,5,1,0,1,0,0,1,0,0,4,0,0,0,4,4,0,0,0,0,0,0,0,0,0,0,0,0,0,0,0,0,0,5,0,0,0,0,0,0,1
175,1600,ESCOLA MUNICIPAL HELENA KOLODY,"RUA HUMBERTO BERTOLDI, N. 281 - RIO BONITO",CAMPO DE SANTANA,-25.58545643,-49.33707829,71,0,2458,1641,233,90,0,0,0,0,7,3,0,0,5,0,1,1,0,0,0,5,0,4,1,9,2,1,12,0,1,0,0,0,0,0,0,0,3,0,1,0,1,0,20,0,1,0,0,0,0,0,0,0,0,13,10,0,0,0,3,0,0,0,0,0,0,17,0,5,4,3,0,0,0,1,0,1,0,0,6,2,0,0,3,1,1,20,4,1,3,0,0,0,0,0,0,6,0,0,1,0,0,0,0,1,6,49,1,6,0,2,0,0,0,0,0,0,0,0,2,0,0,0,0,0,1,0,0,2,5,0,0,0,0,0,1,0,2,0,0,0,8,0,1,2,0,4,0,0,0,1,2,4,2,1,5,0,10,0,8,7,1,0,0,4,1,0,2,2,3,7,0,3,11,6,2,0,0,1,1,1,0,1,7,0,0,0,1,0,0,3,0,0,0,1,0,0,0,0,0,1,4,0,0,0,0,1,0,0,0,1,1,0,0,10,0,0,1,0,3,0,1,28,0,0,0,0,1,0,0,6,6,0,0,0,1,2,0,0,0,0,0,0,0,3,3,0,0,2,3,2,2,0,0,0,0,0,0,0,0,0,0,0,3,4,0,0,7,0,6,0,2,0,0,0,10,0,1,0,0,0,31,1,0,0,0,0,0,0,3,0,0,0,4,0,0,8,4,0,0,1,0,0,6,1,0,0,0,0,0,0,0,2,0,0,0,2,0,0,0,2,0,1,0,0,0,0,1,1,0,0,0,0,0,0,14,0,0,0,0,0,0,0,0,0,0,0,0,0,0,0,0,2,0,0,0,0,0,0,20,0,2,0,3,0,0,0,0,0,1,0,0,7,94,0,1,0,0,0,0,0,0,0,20,0,0,0,0,0,0,0,0,0,0,0,0,0,0,3,25,0,0,0,0,1,0,0,0,1,0,2,0,0,27,3,0,0,0,0,0,0,0,0,0,0,0,0,0,0,0,0,0,0,1,0,0,2,0,0,0,0,1,1,0,0,0,0,0,0,0,0,0,0,0,0,0,0,5,8,0,0,0,0,0,0,0,0,1,0,0,0,0,3,0,0,0,0,0,0,0,0,1,0,0,5,0,0,1,0,0,0,0,0,0,0,0,1,1,0,0,6,3,0,0,1,0,0,0,0,2,3,0,17,0,3,0,1,1,0,0,1,0,3,0,0,0,0,0,0,1,0,0,0,2,0,3,0,0,0,1,0,3,0,0,0,0,0,0,1,0,0,1,0,0,0,0,0,4,2,0,0,0,2,0,3,5,0,0,0,4,0,0,18,0,0,0,1,0,0,0,2,0,10,0,0,0,0,0,1,1,16,0,3,0,0,0,0,0,3,0,1,0,4,0,0,0,0,0,170,0,0,0,2,0,0,0,9,3,2,0,0,1,32,0,0,1,0,0,1,0,0,0,25,0,0,0,0,0,0,0,0,14,1,0,0,0,0,1,0,0,0,0,2,9,0,0,0,0,0,0,1,0,0,6,0,0,0,5,0,0,0,0,0,3,0,0,0,0,0,5,1,0,0,2,0,2,0,2,0,0,0,0,0,0,1,10,0,11,5,2,1,2,0,0,3,0,0,0,0,0,0,5,0,1,15,1,0,1,2,0,1,0,0,0,0,3,0,0,0,0,0,0,0,0,0,0,0,0,1,2,1,0,0,0,0,0,0,0,0,0,0,0,1,0,0,0,0,0,1,0,0,0,0,0,1
175,1619,COLÉGIO ESTADUAL TATUQUARA - EFM,"ESTRADA DELEGADO BRUNO DE ALMEIDA, N. 3339",CAMPO DE SANTANA,-25.58761857,-49.3181614,71,0,1864,1128,151,80,0,3,2,2,3,2,1,0,3,0,0,0,0,2,0,2,0,4,0,2,0,0,8,0,0,1,0,0,0,0,0,0,0,0,4,0,0,0,11,1,0,0,0,0,0,0,0,0,3,5,0,0,0,0,0,0,0,0,0,0,0,10,0,7,0,0,0,0,0,2,0,1,1,0,4,0,0,0,2,0,0,22,0,0,0,1,0,0,0,0,0,3,1,4,0,0,0,0,0,4,9,30,1,4,0,2,0,0,0,2,0,0,0,0,2,2,1,1,0,3,0,0,0,1,6,0,0,0,0,0,2,0,0,0,0,0,4,0,3,1,0,1,0,1,0,1,1,2,1,0,2,1,16,1,1,10,2,0,0,4,0,0,0,2,3,0,0,1,2,1,4,0,1,1,0,0,0,0,3,0,0,0,0,0,0,0,0,0,0,2,0,1,0,2,0,0,30,0,0,0,4,0,0,0,0,1,1,0,0,7,0,0,1,0,0,0,3,38,0,0,0,1,0,0,0,3,6,0,0,0,0,1,1,0,0,0,0,0,0,3,4,1,0,3,0,1,1,0,0,0,0,0,0,0,1,3,0,0,1,0,0,0,1,0,1,0,1,0,0,0,4,0,0,0,0,0,11,0,0,2,0,0,0,0,0,0,0,0,1,0,0,2,2,3,0,2,0,0,7,0,0,0,0,0,0,0,0,1,0,0,0,1,0,0,0,0,0,0,0,1,0,0,0,0,0,3,0,0,0,0,9,0,0,0,0,0,0,0,0,0,0,0,0,0,1,0,0,0,0,0,0,0,5,0,14,0,0,0,0,0,0,0,0,0,0,0,0,4,36,0,1,0,0,0,0,0,0,0,8,0,0,0,0,0,0,0,0,1,0,0,0,5,0,5,24,0,0,0,0,0,0,0,0,0,0,0,0,0,8,0,0,0,0,0,0,0,0,0,0,0,0,4,0,0,1,0,0,0,0,0,0,1,0,0,0,0,0,0,0,0,0,0,1,0,0,0,0,1,0,0,0,0,5,5,0,0,0,0,0,0,0,0,2,2,0,1,0,1,1,0,0,0,0,1,0,0,0,0,0,1,0,0,2,0,0,0,0,0,0,0,0,0,0,0,0,0,1,0,0,0,0,0,0,0,4,0,0,3,0,0,0,0,0,0,0,0,0,2,1,0,0,0,0,0,1,0,0,0,7,0,2,2,0,0,0,0,0,0,0,3,0,0,0,1,0,0,0,0,0,1,0,0,0,1,0,0,0,0,1,1,4,0,1,0,1,0,3,10,0,0,0,0,0,0,0,0,0,3,0,0,1,0,0,0,0,10,0,0,0,0,0,2,3,4,1,0,0,4,0,1,1,0,2,54,1,1,0,0,0,0,0,16,2,0,0,0,1,21,0,0,0,0,0,2,0,0,0,21,1,0,0,0,1,0,0,0,7,0,0,0,0,0,0,0,0,0,0,1,6,0,0,2,0,0,2,2,0,0,1,0,0,0,0,0,0,0,0,0,4,0,0,0,0,0,6,0,0,0,0,0,0,0,1,2,0,0,1,1,0,0,6,0,11,4,4,2,0,1,0,8,0,0,0,0,0,0,8,0,0,15,3,0,0,0,0,0,0,1,1,0,3,0,0,0,0,0,0,0,0,3,0,0,0,2,5,0,0,0,0,0,1,0,1,0,0,0,0,1,7,0,0,0,0,0,0,0,0,0,1,0
175,1724,ESCOLA MUNICIPAL PROFESSORA MARIA IENKOT ZEGLIN,"RUA PRESIDENTE JOÃO GOULART, N 1605",TATUQUARA,-25.57734431,-49.33207279,74,0,760,547,58,22,0,0,2,0,2,0,1,1,2,0,0,1,0,0,0,1,0,3,0,2,1,0,3,0,0,0,0,0,0,0,0,0,0,0,0,0,0,0,13,0,0,0,0,0,0,0,0,0,0,4,0,0,0,0,0,0,0,0,0,0,0,2,0,2,0,0,0,0,0,1,0,0,1,0,0,0,0,0,4,0,0,2,1,0,3,0,0,0,0,0,0,0,0,1,0,0,0,0,0,0,4,30,0,1,0,1,0,0,0,0,0,0,0,0,0,0,0,0,0,1,0,0,0,0,1,0,0,0,0,0,0,0,0,0,0,0,3,0,0,0,0,1,0,0,0,0,0,0,1,1,2,0,1,0,4,3,1,0,0,4,0,0,1,0,0,0,0,6,0,0,2,0,0,0,0,0,0,0,30,0,0,0,0,0,0,0,0,0,0,0,0,0,0,1,0,0,0,0,0,0,0,2,0,0,0,0,0,0,0,6,0,0,3,0,0,0,1,1,2,0,0,1,0,0,0,4,1,0,0,0,1,0,0,0,0,0,1,0,0,0,1,0,0,1,0,1,1,0,0,0,0,0,0,0,0,0,0,0,13,1,0,0,0,0,0,0,0,0,1,0,1,0,0,0,0,0,4,0,3,0,0,0,1,0,0,0,0,0,0,0,0,0,1,0,0,0,0,0,4,0,0,0,0,0,0,0,0,0,0,0,0,2,0,0,1,0,0,0,0,0,0,0,0,0,0,0,0,0,0,0,2,0,0,0,0,0,0,0,0,0,0,0,0,0,0,0,0,0,0,0,1,0,1,0,12,0,0,0,0,0,0,0,0,0,0,0,0,3,20,0,0,0,0,0,0,0,0,0,0,0,0,1,0,0,0,0,0,0,0,0,0,6,0,2,6,0,0,0,0,1,0,0,0,0,0,0,0,0,3,1,0,0,0,0,0,0,1,0,0,0,0,0,0,0,0,0,0,0,0,0,0,1,0,1,0,0,0,0,0,0,0,0,0,0,0,0,0,0,0,0,0,0,1,0,0,0,0,0,0,0,0,0,0,0,0,0,0,0,2,0,3,1,0,0,0,0,0,0,0,2,0,0,0,0,0,0,0,0,0,0,0,0,0,0,0,0,0,0,0,0,0,0,0,0,1,1,0,2,0,0,0,1,0,0,0,0,0,0,0,0,0,0,0,0,0,0,0,0,1,0,0,0,0,0,0,0,0,0,0,0,0,0,0,1,0,0,0,0,0,0,0,0,1,2,0,0,0,0,0,0,1,0,0,0,1,0,1,1,0,0,0,0,0,0,0,1,0,0,0,1,0,0,0,0,0,26,0,0,0,1,0,0,0,1,0,0,0,1,1,0,0,0,1,29,0,0,0,1,0,0,0,9,0,0,0,0,0,17,0,0,0,0,0,0,0,1,0,7,0,1,0,0,0,0,0,0,4,0,0,0,0,0,0,0,0,0,0,0,4,0,0,0,0,0,0,0,0,2,0,0,0,0,0,0,0,0,0,0,0,0,0,0,0,0,2,0,0,0,0,0,0,0,1,0,0,0,1,0,0,0,6,0,2,4,2,0,15,0,0,6,0,0,1,0,1,0,7,0,0,10,0,0,0,0,1,1,0,0,0,0,1,1,0,0,0,0,0,0,0,0,0,0,0,1,0,0,0,0,0,0,0,0,0,0,0,0,0,0,0,0,0,0,0,0,0,0,0,0,0,0
175,1732,ESCOLA MUNICIPAL DOUTOR HAMILTON CALDERARI LEAL,"RUA VICTOR GRYCAJUCK, 121",SAO MIGUEL,-25.50742647,-49.35454726,67,0,189,136,13,3,0,0,1,0,1,0,0,0,1,0,0,0,0,0,0,1,0,0,0,1,0,0,2,0,0,0,0,0,0,0,0,0,0,0,0,0,0,0,0,0,0,0,0,0,0,0,1,0,0,0,0,0,0,0,0,0,0,0,0,0,0,2,0,9,0,0,0,0,0,8,0,0,0,0,0,0,1,0,0,0,0,0,0,0,0,0,0,0,0,0,0,0,0,0,0,0,0,0,0,0,0,0,0,0,0,0,0,0,0,0,0,0,0,0,0,0,0,0,0,0,0,0,0,0,0,0,0,0,0,0,0,0,0,0,0,0,0,0,0,0,0,0,0,0,0,2,0,1,4,0,0,0,0,0,0,7,0,0,0,1,0,0,0,0,0,0,0,0,0,0,0,0,0,0,0,0,0,0,0,0,0,0,0,0,0,0,0,3,0,0,0,0,0,1,0,0,0,0,0,0,0,0,0,0,0,0,3,0,0,0,0,0,0,0,0,0,0,0,0,0,0,4,0,0,0,0,0,0,0,0,0,0,1,0,0,0,0,0,0,0,0,0,0,0,1,0,0,0,0,0,0,0,0,0,1,0,0,0,0,0,0,0,0,0,0,0,0,0,0,0,0,0,0,0,0,0,0,0,1,0,0,0,0,0,0,0,0,0,0,0,0,0,0,0,0,0,0,0,0,0,0,0,0,0,2,0,0,0,0,0,0,0,1,0,0,0,0,0,0,0,2,0,0,0,0,0,0,0,0,0,0,0,0,0,0,0,0,1,0,23,0,0,0,0,0,0,0,1,0,0,0,0,0,0,0,0,0,0,0,0,0,0,0,0,0,0,0,0,0,0,0,0,0,0,0,0,0,0,0,0,0,0,0,0,0,0,0,0,0,0,0,0,0,0,0,0,0,0,0,0,0,0,0,0,0,0,0,0,0,0,0,0,0,0,0,0,0,0,0,0,0,0,0,0,0,0,0,0,0,0,0,0,0,0,0,0,0,0,0,0,0,0,0,0,0,0,0,0,0,0,0,0,0,0,0,0,0,0,0,0,0,0,0,0,0,0,0,0,0,0,0,0,0,0,0,0,0,0,0,0,0,0,0,0,0,0,0,1,0,0,0,0,0,0,0,0,0,0,0,0,0,0,0,0,1,0,0,0,0,0,0,0,0,0,0,0,0,0,0,0,0,0,0,0,0,0,0,0,0,0,0,0,0,0,0,0,0,0,0,0,0,0,0,0,0,0,0,0,0,0,1,0,0,0,0,0,0,0,0,0,0,0,0,0,1,0,1,0,0,0,0,0,0,0,0,0,0,0,0,0,0,0,0,0,0,0,0,1,0,0,0,0,0,0,0,0,0,0,0,0,0,0,0,0,0,0,0,0,0,0,0,1,0,0,0,0,0,0,0,0,0,0,0,0,0,0,0,2,0,0,0,0,0,0,0,0,1,0,0,0,0,0,0,0,0,0,0,0,0,0,0,0,0,0,0,0,0,0,0,0,0,0,0,0,0,0,0,0,0,0,0,0,0,0,1,0,0,0,0,0,0,0,2,0,0,0,0,0,0,0,15,0,0,0,2,0,0,0,0,1,0,0,0,0,0,0,0,0,0,0,1,0,0,0,0,0,0,0,0,0,0,0,0,0,0,0,0,0,0,0,0,0,0,0,0,0,0,0,0,0,0,0,0,0,0,0,0,0,0,0,0,0,0,0,0,0,0,0,0,0
176,1120,COLÉGIO ESTADUAL JOÃO DE OLIVEIRA FRANCO,"RUA PADRE MANUEL DA NOBREGA, 1489",VILA  FANNY,-25.48852324,-49.27716062,39,0,3158,2358,191,101,0,2,2,5,16,3,0,1,5,1,0,1,0,8,1,23,0,5,1,4,1,8,17,1,1,13,0,1,0,1,2,0,2,0,2,47,1,2,24,3,1,1,1,0,2,1,0,4,5,3,0,0,0,0,1,0,26,4,0,1,1,37,0,4,18,5,5,0,0,4,1,4,6,0,3,1,1,1,0,1,2,7,3,0,0,1,0,0,5,0,1,15,2,6,22,0,1,0,0,65,4,2,1,1,1,17,0,0,0,6,1,1,0,1,1,0,0,1,0,0,0,1,0,2,12,0,0,0,1,0,0,0,5,0,11,0,7,0,6,2,0,0,0,4,1,5,1,6,12,0,11,0,1,3,14,17,3,0,1,0,1,1,2,6,2,6,0,43,6,18,20,1,0,4,1,0,2,0,1,1,0,0,1,0,2,9,0,0,1,2,0,1,0,1,4,0,12,2,0,0,0,0,2,0,0,0,5,0,0,0,0,0,0,0,0,0,4,0,1,0,0,0,0,0,0,0,25,0,0,1,0,3,2,0,1,0,0,0,0,18,6,0,2,6,0,3,0,3,0,2,0,1,0,2,3,0,0,1,5,3,4,0,4,2,11,0,5,0,8,0,11,1,0,2,1,1,11,0,1,1,1,0,4,0,1,1,0,1,4,0,0,24,18,0,0,15,3,0,17,2,0,5,0,0,0,1,3,3,0,0,0,0,0,0,5,3,0,2,0,2,0,0,0,1,1,0,0,0,0,0,5,0,0,0,0,0,0,2,0,0,0,0,0,0,2,0,0,2,0,0,0,0,0,0,1,2,0,0,5,0,0,0,0,0,0,0,0,0,0,0,0,0,0,0,0,0,0,0,2,0,1,1,0,0,0,0,0,0,0,0,1,0,0,0,1,0,0,0,0,1,0,0,2,1,0,0,0,0,0,1,1,0,0,0,2,0,0,1,1,0,0,8,0,0,1,0,0,4,0,0,1,13,0,3,1,0,0,3,1,3,0,1,0,0,0,0,0,1,0,0,1,0,11,61,4,0,0,0,0,0,1,2,1,1,2,0,0,4,6,1,1,0,0,0,0,0,0,0,1,4,0,1,0,4,0,0,2,0,0,0,0,19,0,2,2,24,10,0,1,2,0,0,1,0,8,0,1,0,0,0,6,0,3,0,0,3,0,2,0,2,0,1,0,0,3,0,0,1,1,0,83,0,0,0,5,0,3,0,29,6,0,0,0,0,0,0,5,0,1,1,1,5,3,0,0,0,0,0,1,12,6,0,2,1,14,0,1,0,0,0,1,0,0,0,0,0,2,0,0,0,0,1,0,0,0,1,0,1,0,0,0,6,4,8,0,2,0,6,0,0,4,3,4,0,2,0,3,1,0,0,0,34,22,0,0,0,0,27,0,0,1,0,0,0,0,0,1,53,1,0,0,1,0,0,0,0,32,3,0,1,0,0,0,0,1,0,0,0,11,3,0,0,0,0,11,1,0,3,0,0,0,1,3,0,0,0,1,0,4,0,0,0,0,1,13,0,0,0,0,0,1,1,6,0,1,1,0,22,0,0,0,1,85,11,5,0,4,0,5,3,0,1,0,1,1,1,16,0,0,13,13,0,1,0,0,0,0,0,0,1,8,3,0,0,0,2,0,0,0,16,0,0,0,7,0,0,1,0,0,0,0,0,1,0,0,1,0,1,0,1,0,0,10,2,1,18,0,0,0,0
176,1139,COLÉGIO ESTADUAL JOSÉ BUSNARDO,"RUA MAJOR VICENTE DE CASTRO, 1154",VILA  FANNY,-25.47968835,-49.26656426,39,0,2441,1795,138,112,0,2,6,2,9,1,0,0,6,2,0,1,2,1,0,18,2,7,0,3,0,2,15,0,4,1,0,0,0,2,0,0,1,0,2,5,0,8,9,0,2,1,4,0,2,0,0,0,0,5,0,0,0,0,1,1,3,1,0,1,0,30,0,7,5,1,4,0,0,1,0,2,3,0,7,0,0,3,0,0,0,7,0,0,0,1,0,0,0,1,0,10,0,6,0,0,4,0,0,139,2,2,0,0,0,10,0,0,0,2,0,0,0,0,5,0,0,2,0,0,0,0,0,0,3,0,0,0,1,0,0,1,1,1,4,0,11,0,3,2,1,0,0,1,1,10,1,1,14,7,22,0,0,1,6,12,3,0,1,1,3,1,2,6,3,2,0,10,0,4,5,0,0,4,0,1,1,0,0,1,0,4,1,0,1,31,0,1,0,1,0,0,0,0,1,0,5,0,0,0,4,0,0,0,0,4,4,0,0,0,0,0,0,0,1,0,2,0,0,0,3,0,3,0,0,0,19,0,0,0,1,4,1,0,0,0,0,0,0,11,6,0,0,17,0,2,0,0,0,2,0,0,0,0,1,0,0,0,8,2,0,3,5,1,5,0,6,0,2,0,10,3,0,1,0,0,5,0,1,0,1,0,1,0,2,1,0,2,0,1,0,11,23,0,0,10,5,0,10,0,3,0,0,0,1,0,0,1,0,0,1,0,0,0,0,1,0,0,0,0,0,0,0,0,0,0,0,0,0,0,11,0,0,0,1,0,0,0,0,0,0,0,0,0,2,0,0,2,0,0,0,0,0,0,0,0,1,0,2,0,0,0,0,0,0,0,0,2,0,0,0,0,0,0,0,0,0,0,0,0,0,0,0,0,0,0,0,0,0,0,0,0,0,0,0,0,0,0,0,0,0,0,0,3,0,0,2,0,2,3,0,0,0,0,1,0,1,0,0,0,0,1,0,0,0,0,1,0,0,0,0,9,0,2,0,0,0,4,1,0,0,0,0,0,3,0,0,0,0,0,0,0,11,19,0,0,0,0,0,1,0,1,3,1,0,4,0,0,6,0,0,0,0,0,0,2,0,0,0,5,0,2,0,4,0,0,0,0,0,0,0,16,1,0,0,25,6,0,0,0,0,0,7,0,7,0,1,0,0,2,0,0,1,0,0,2,0,0,0,2,0,1,0,0,1,0,0,0,0,0,121,0,0,0,1,0,0,0,0,9,0,0,0,0,0,0,1,4,0,0,0,8,7,0,0,1,0,3,0,4,8,0,0,0,7,0,4,0,0,1,0,0,0,0,0,0,0,0,0,0,0,0,0,0,0,0,0,2,0,0,2,4,3,3,0,0,0,0,0,1,2,5,3,1,1,0,0,0,0,0,0,26,12,1,0,0,2,17,1,0,0,1,0,0,3,0,0,39,1,1,0,0,1,0,0,0,18,1,0,0,1,0,0,0,0,0,0,0,1,0,0,3,0,2,0,0,0,1,0,0,0,0,1,0,0,1,1,0,3,1,0,0,0,1,14,3,0,0,0,0,3,0,7,0,1,1,4,26,0,2,2,0,19,3,0,2,39,0,6,0,0,2,0,0,2,0,12,0,2,5,28,0,2,0,0,3,0,0,0,1,1,2,1,0,0,0,0,0,0,4,0,0,0,9,3,0,0,0,1,0,0,1,0,0,0,1,0,0,0,0,0,0,4,1,0,1,0,2,0,0
176,1147,ESCOLA MUNICIPAL ELEVIR DIONÍSIO,"RUA CAPITÃO JOSÉ MARIA SOBRINHO, 1336",VILA  FANNY,-25.48370044,-49.27300234,39,0,2151,1665,120,95,0,2,3,0,9,1,0,1,7,0,0,0,0,3,2,11,0,4,0,6,1,6,16,0,1,2,0,0,0,0,0,0,8,0,6,22,1,0,7,0,3,1,0,0,1,1,0,0,6,3,0,1,1,0,0,0,7,4,0,0,1,26,0,9,11,3,1,0,0,2,0,4,2,0,4,2,0,2,1,0,0,16,1,0,4,2,0,0,0,4,0,3,3,3,6,0,0,2,0,105,1,0,2,1,2,7,0,0,0,0,0,1,0,0,2,0,0,11,0,1,0,2,0,0,5,0,1,0,0,0,0,0,1,0,2,0,7,0,8,1,0,0,0,1,0,3,0,6,9,5,6,0,0,1,8,14,4,0,0,0,4,0,0,8,1,1,0,20,1,7,10,0,0,2,2,0,0,0,0,0,0,0,0,0,0,7,0,2,1,1,0,0,0,0,0,1,6,0,0,0,5,0,0,0,0,2,1,0,0,0,1,0,1,0,0,1,0,0,1,0,0,0,0,0,0,0,10,0,0,0,0,3,0,2,0,0,0,0,0,8,11,0,1,13,0,3,0,1,0,4,0,0,1,1,3,0,0,0,6,0,2,3,1,1,7,0,5,0,1,1,14,0,0,0,0,0,5,2,3,0,0,3,4,0,3,0,0,3,6,2,0,12,19,1,0,13,0,0,10,3,0,0,0,0,0,0,0,1,0,1,1,0,0,0,5,1,0,1,0,0,0,0,0,0,0,0,0,0,0,0,9,0,0,0,0,0,0,2,0,0,1,0,0,0,1,1,3,0,0,0,0,0,1,0,4,0,0,0,3,0,0,0,0,0,0,0,0,0,0,0,0,0,0,0,1,0,1,0,0,0,0,0,0,0,0,0,0,0,0,0,0,0,0,0,0,1,0,0,0,0,0,1,1,0,0,0,0,0,0,3,0,0,0,3,0,0,0,0,0,0,0,2,0,0,1,0,0,0,0,0,0,9,0,0,0,0,0,1,0,0,0,0,0,3,0,0,0,4,1,1,0,0,7,27,0,0,0,0,0,0,0,0,0,1,5,2,0,2,12,0,0,1,0,0,0,0,1,0,0,0,0,2,0,3,0,0,0,0,0,0,0,12,0,1,0,31,6,0,1,0,0,0,2,0,7,0,1,1,0,1,0,0,0,0,0,0,0,3,0,0,0,0,0,1,6,0,1,0,4,0,54,0,2,0,1,0,5,0,0,5,0,0,0,0,0,0,3,0,0,0,0,9,2,0,0,0,0,1,0,8,2,1,0,0,15,0,1,0,0,1,2,1,0,2,0,0,0,0,0,0,0,0,0,0,0,0,1,0,0,0,0,2,0,3,0,2,0,1,4,0,1,3,4,1,1,0,0,0,0,0,0,26,6,2,0,0,0,23,0,1,0,0,0,0,2,0,0,29,1,0,0,0,1,0,0,0,27,1,0,0,2,0,1,1,0,0,0,0,4,0,0,2,0,0,5,0,0,4,0,0,0,0,0,0,0,0,1,0,3,0,0,0,0,0,11,0,0,0,0,0,0,0,4,0,0,1,1,36,1,1,3,2,24,5,3,1,18,1,6,1,0,0,0,0,0,0,10,0,2,11,13,0,1,2,1,2,0,4,1,5,8,0,0,0,0,0,0,0,0,5,0,0,0,3,4,0,0,0,0,0,0,0,0,0,0,0,0,1,0,2,0,0,2,0,2,9,0,1,0,0
176,1155,COLÉGIO ESTADUAL NEWTON FERREIRA DA COSTA,"RUA AMÉRICO VESPÚCIO, 745",LINDÓIA,-25.48181571,-49.27665712,40,0,4177,3080,195,160,0,3,4,4,23,7,0,1,6,1,3,1,0,5,1,14,4,7,0,10,3,7,29,0,1,11,0,0,0,3,11,0,1,0,3,4,3,1,18,0,1,2,2,0,5,1,0,0,1,7,0,1,0,0,0,0,9,3,0,0,1,43,1,17,20,4,0,0,0,5,1,3,3,0,10,2,1,1,0,0,1,52,6,2,3,4,0,0,1,2,0,18,0,8,5,0,3,1,1,308,9,1,1,0,4,22,2,0,0,4,0,2,1,0,0,0,1,40,0,2,0,1,0,2,10,0,0,1,1,0,0,0,4,0,8,0,16,0,10,1,0,0,0,2,2,7,2,17,11,9,29,0,1,5,21,23,8,0,1,3,2,0,1,8,7,15,0,13,4,5,14,0,0,4,1,3,0,0,2,1,1,4,0,0,0,10,0,0,2,0,0,0,0,1,0,0,23,1,0,0,0,1,0,0,0,1,3,0,0,4,0,0,0,0,3,0,1,0,0,0,0,0,0,0,0,0,22,0,0,0,1,3,2,0,1,0,1,0,0,14,9,0,0,18,3,2,1,0,0,0,0,0,0,3,1,0,0,1,8,0,7,3,6,7,9,0,6,0,4,0,13,2,1,2,0,0,12,0,0,1,0,1,4,0,10,1,3,0,3,4,0,9,18,1,0,16,4,1,21,2,0,1,4,0,1,0,1,6,0,0,0,2,0,0,5,0,0,0,0,6,2,0,0,0,0,1,0,0,1,0,19,0,0,0,1,0,0,2,0,0,1,0,0,0,6,0,0,2,0,0,0,0,1,0,1,1,0,0,5,0,3,0,0,0,1,0,0,2,0,3,0,0,0,0,0,0,0,0,0,0,2,0,1,0,0,0,0,0,1,0,1,0,0,0,0,0,0,0,0,3,0,0,2,3,0,0,0,0,1,11,0,0,0,1,3,0,0,1,0,0,0,7,0,1,4,0,0,2,0,0,0,24,0,3,0,0,2,2,3,1,0,2,0,2,6,0,0,0,1,0,1,0,9,34,0,0,1,0,0,0,0,1,0,3,1,5,0,1,54,0,0,0,0,1,0,2,0,1,1,5,0,0,0,1,0,0,0,0,0,0,0,11,0,2,0,36,5,0,0,1,1,2,9,1,19,0,1,1,0,0,2,0,2,0,0,0,0,4,0,0,0,3,0,0,1,1,0,0,6,0,161,0,4,0,3,0,6,0,2,15,0,0,0,0,0,1,6,0,0,0,3,20,3,0,0,0,0,2,0,14,7,0,0,0,9,0,10,0,0,0,1,0,0,0,0,0,1,0,0,0,0,1,2,0,0,6,0,1,3,0,0,2,3,2,0,0,0,3,0,0,0,0,3,4,1,0,1,1,0,0,1,24,20,2,0,0,0,49,2,0,0,0,0,0,0,0,1,53,2,1,0,0,0,3,0,0,29,0,0,0,2,0,1,1,0,0,0,0,17,0,0,3,0,0,0,0,1,0,0,0,0,0,0,0,0,0,2,0,9,1,0,0,0,0,12,4,0,0,0,0,1,0,12,2,1,0,1,51,0,2,2,0,57,17,4,2,65,4,9,2,1,1,0,0,0,0,10,0,6,10,3,0,5,7,3,0,0,0,0,3,12,1,0,0,0,1,2,3,0,5,0,0,0,4,6,0,1,0,2,0,0,0,2,0,0,0,0,2,0,0,4,0,6,2,0,21,0,3,1,0
176,1163,COLÉGIO ESTADUAL DOM ÁTTICO EUSÉBIO DA ROCHA,"AVENIDA PRESIDENTE WENCESLAU BRAZ, 2779",LINDÓIA,-25.47717084,-49.28163385,40,0,3390,2511,166,124,0,1,4,4,18,4,2,3,5,0,1,0,1,4,3,21,4,9,0,6,3,2,21,1,4,5,0,0,0,10,6,0,0,0,1,1,0,1,7,0,5,1,2,0,2,2,0,2,2,12,0,0,0,0,0,1,4,5,0,0,0,59,0,7,20,7,2,0,0,4,0,3,2,0,7,1,0,0,5,0,0,16,1,2,0,3,0,0,0,5,1,9,2,7,5,0,2,0,0,269,18,0,0,3,3,17,1,0,0,8,0,3,0,0,4,0,0,4,0,1,1,3,0,0,4,0,0,0,2,0,0,0,5,0,5,1,8,0,8,0,2,0,0,4,1,4,0,10,10,10,16,1,2,1,11,23,6,0,0,0,1,0,10,9,3,6,0,24,0,6,10,0,0,3,0,0,0,0,0,3,0,1,0,1,3,5,0,4,3,1,0,1,1,2,0,0,37,3,0,0,3,0,3,0,0,0,6,0,0,1,0,0,0,0,0,0,0,0,1,0,0,0,0,0,1,0,20,0,0,0,1,6,4,0,0,3,1,0,0,10,5,0,1,5,4,1,0,0,0,0,0,0,0,1,10,1,0,0,7,3,1,6,2,2,12,1,3,0,2,0,20,0,0,0,0,0,12,4,4,0,3,1,6,0,6,1,0,1,0,3,0,10,16,0,1,14,1,0,9,0,0,1,0,0,0,0,0,4,2,0,0,0,0,1,4,0,0,0,0,2,1,0,0,0,0,0,0,0,1,0,10,0,0,0,1,0,0,1,0,0,0,0,1,0,4,0,0,3,0,0,0,0,1,0,1,1,0,0,3,0,1,0,0,0,1,0,0,1,0,0,0,0,0,0,0,0,2,0,0,0,0,0,0,0,0,0,0,0,0,0,0,0,0,0,0,0,0,2,0,2,0,0,2,0,2,0,0,0,2,10,1,0,0,0,1,0,0,0,0,0,0,9,0,0,0,0,0,1,0,0,2,21,0,0,0,0,0,6,3,8,0,0,2,1,6,0,0,0,1,0,2,0,8,24,0,0,3,0,0,4,0,0,0,4,0,0,1,1,59,0,1,0,0,0,0,2,0,0,0,2,0,0,0,4,0,0,0,0,0,0,0,4,0,0,0,37,2,0,2,0,0,0,2,0,9,0,1,1,0,1,1,1,2,1,0,0,0,3,0,0,0,0,0,1,4,0,0,1,2,0,113,0,1,1,11,0,18,0,3,14,0,0,0,1,0,0,0,0,0,0,4,19,0,1,0,0,0,0,0,9,3,0,0,0,10,0,4,0,0,1,2,5,0,1,0,0,2,1,0,1,0,0,0,0,1,1,0,4,1,0,0,1,2,4,0,0,0,4,0,0,1,4,7,4,0,2,0,0,0,0,1,30,15,0,0,0,0,28,2,1,0,0,0,0,3,0,1,34,2,1,0,0,0,2,0,0,28,0,0,2,0,0,0,0,0,0,0,0,12,0,0,3,0,0,0,0,0,0,0,0,0,0,0,0,0,2,0,0,4,0,0,0,0,3,11,1,0,0,0,0,2,0,5,2,1,3,5,47,0,1,5,0,39,7,1,1,25,1,7,1,0,0,1,0,0,1,10,2,2,8,1,0,0,4,1,2,1,0,0,1,5,0,0,0,0,0,0,1,0,4,0,0,0,9,7,0,6,0,0,0,1,1,2,0,0,0,0,0,0,0,0,1,11,3,0,9,0,2,1,0
176,1180,CEEBJA DR. FRANCISCO RIBEIRO DE AZEVEDO MACEDO,"TRAVESSA AUGUSTO MARACH, 224",NOVO MUNDO,-25.48874874,-49.29290674,41,0,3567,2615,163,151,0,1,7,9,21,3,0,2,9,1,2,0,0,0,4,36,1,10,0,2,0,5,25,1,1,9,1,0,0,3,0,0,3,0,8,1,2,4,18,2,4,0,0,0,1,0,0,0,1,2,0,0,0,0,1,0,4,6,0,0,0,42,0,6,13,10,4,0,0,6,1,2,2,0,21,0,0,3,3,0,0,11,6,0,5,1,0,0,1,0,0,13,0,15,8,0,1,0,0,28,12,4,6,2,3,17,1,0,0,2,0,2,0,0,1,0,0,0,0,0,0,5,0,1,7,0,0,0,1,0,0,1,5,1,7,0,3,2,6,4,1,2,0,6,0,5,0,37,11,1,7,1,0,4,14,23,2,1,0,0,0,2,8,19,3,11,0,116,1,4,18,0,1,0,1,2,0,0,0,0,0,3,0,1,0,1,0,6,1,2,5,2,0,1,0,2,9,1,0,0,0,0,0,0,0,2,3,0,2,0,0,0,0,0,1,0,6,0,0,0,1,0,0,0,0,0,35,0,0,0,3,16,4,0,0,0,0,0,0,9,16,0,0,14,1,1,4,3,1,0,0,2,2,1,1,0,0,1,10,2,1,9,3,1,15,0,6,0,1,1,19,2,0,0,0,0,11,1,1,0,0,2,1,0,9,0,0,0,3,4,1,14,27,0,0,24,3,0,22,0,1,0,1,0,1,0,4,3,0,0,0,1,0,1,1,0,1,0,0,35,4,0,1,2,0,2,1,0,0,0,43,0,1,0,0,0,0,0,0,0,0,0,0,1,6,1,0,2,0,0,0,0,0,0,0,1,0,0,2,0,0,0,0,0,0,0,1,0,0,2,0,0,0,0,1,7,0,0,3,0,0,0,0,0,0,1,0,0,0,0,0,1,0,0,1,0,0,0,1,2,0,0,1,3,0,0,0,0,1,3,0,0,0,0,0,0,0,1,0,1,0,7,0,1,2,0,0,0,0,0,0,10,0,2,0,0,1,6,0,4,0,2,0,1,5,0,2,0,7,1,0,0,14,44,1,2,2,3,0,1,0,0,1,0,2,7,0,1,1,0,0,0,0,0,0,3,0,2,0,8,0,4,1,2,1,0,0,0,0,0,0,14,0,2,0,36,17,1,0,0,4,1,0,0,11,0,0,0,0,1,1,0,2,0,0,3,0,3,0,0,0,2,0,0,3,0,0,0,2,0,14,0,0,0,4,2,13,0,2,3,0,0,0,0,0,0,0,0,1,1,0,4,4,2,0,1,0,0,0,18,4,0,0,0,32,0,1,3,0,0,1,1,0,0,0,0,2,0,0,0,0,1,1,0,1,0,0,2,4,0,0,5,3,1,0,1,0,4,0,0,0,1,3,4,3,0,0,0,0,0,0,25,29,0,2,1,0,20,1,0,0,3,0,0,1,0,0,54,2,0,0,0,1,0,1,0,30,1,1,0,0,0,1,0,0,0,0,0,5,1,1,1,0,2,4,0,0,2,2,0,0,0,0,0,0,0,1,0,5,0,0,0,0,0,15,1,0,0,1,0,2,0,9,4,2,0,4,7,1,0,13,1,203,13,5,2,1,0,6,2,0,0,0,0,0,3,17,0,0,8,7,0,0,3,0,1,0,3,0,1,12,2,0,0,0,0,1,1,0,5,0,0,0,11,4,0,0,1,0,0,4,0,0,0,0,0,0,0,0,0,2,0,5,1,0,9,0,0,2,0
176,1198,ESCOLA MUNICIPAL ARAPONGAS,"RUA JOSÉ CASEMIRO STENZOWSKI, 153",NOVO MUNDO,-25.48336828,-49.28706635,41,0,2056,1505,105,86,0,0,0,2,25,2,1,0,3,1,2,0,0,2,2,26,2,6,0,3,2,5,16,1,0,1,0,0,0,0,1,0,1,0,1,1,0,0,11,0,2,0,0,0,0,0,0,0,3,0,0,0,0,0,0,1,2,2,1,1,0,29,0,2,8,2,4,1,1,3,0,4,1,1,8,1,0,1,1,0,1,2,1,3,1,0,0,0,1,0,0,5,0,2,1,0,0,2,1,41,9,4,6,1,0,10,1,0,0,2,0,2,0,0,1,2,0,1,0,1,0,2,0,2,5,1,0,0,0,0,0,2,1,0,6,0,6,0,8,1,1,1,0,1,0,5,3,20,14,2,10,0,0,1,13,13,8,0,0,0,0,0,0,7,9,10,0,27,1,0,10,0,0,1,0,0,1,0,3,0,0,2,0,0,2,4,0,1,1,0,1,0,1,2,0,0,7,3,0,1,1,0,0,0,0,0,0,1,0,0,0,0,0,0,0,0,3,0,0,0,0,0,0,0,0,0,24,0,0,0,1,5,0,0,0,0,0,0,0,4,6,0,1,13,0,5,0,0,0,0,0,1,0,4,5,0,0,0,4,0,1,1,3,1,6,2,4,0,1,0,5,0,4,0,0,0,7,3,4,0,0,0,4,0,4,0,0,0,0,3,4,10,17,0,1,13,5,0,12,1,1,1,0,0,1,1,0,0,4,0,0,1,0,0,2,3,0,0,0,3,1,1,0,0,0,6,1,0,0,1,8,0,0,0,0,0,0,0,0,0,0,0,1,0,2,0,0,0,0,0,0,0,0,0,0,0,0,0,1,0,0,0,0,0,0,0,0,0,2,0,0,0,0,0,0,0,1,0,0,0,1,0,0,0,1,0,0,0,1,2,0,0,0,0,0,0,0,0,0,0,0,0,2,1,2,0,0,0,0,0,0,0,0,0,0,0,1,3,0,0,2,2,0,2,0,0,0,2,0,3,0,10,0,0,0,0,0,2,0,3,0,0,0,0,5,0,0,0,1,1,0,0,11,30,0,0,0,0,0,0,0,0,0,1,2,2,0,2,7,0,0,0,0,3,0,0,1,0,0,1,0,1,0,1,0,0,0,0,0,0,0,7,1,0,0,28,4,0,1,1,6,0,5,0,3,0,3,2,0,0,0,0,2,0,0,0,0,0,0,1,0,0,0,1,6,0,0,1,1,0,24,0,0,0,4,0,12,0,1,2,0,0,0,0,0,0,0,0,0,1,0,0,2,0,0,0,0,1,1,4,7,0,0,0,14,0,5,2,0,2,0,2,0,0,0,0,0,1,0,0,0,1,1,0,1,1,2,2,0,0,0,3,0,4,0,7,0,4,0,1,2,2,8,4,0,0,3,0,0,0,0,26,9,0,0,0,0,19,0,1,0,0,0,0,0,0,1,26,0,0,0,0,0,0,0,0,12,0,0,1,0,0,0,1,0,0,0,0,3,1,0,0,0,0,1,0,0,1,0,0,0,1,0,0,0,0,2,0,6,0,0,0,0,0,7,2,0,0,0,0,1,0,3,0,0,0,2,8,0,0,1,0,45,3,1,0,2,0,1,1,1,2,0,0,0,2,10,0,5,2,3,0,1,2,0,1,0,1,1,2,4,1,0,0,0,0,0,0,0,4,0,0,0,3,1,0,5,0,0,0,2,1,0,0,0,0,0,0,0,0,0,0,3,3,0,0,0,0,0,0
176,1201,ESCOLA MUNICIPAL DR. OSVALDO CRUZ,"RUA JOSÉ ALCIDES DE LIMA, 126",NOVO MUNDO,-25.48746403,-49.30680168,41,0,2291,1731,149,95,0,3,4,2,7,4,2,1,4,1,0,0,0,0,5,6,0,9,0,8,1,2,18,0,3,4,0,0,0,0,0,1,2,0,0,0,1,0,18,0,2,0,1,0,0,0,0,0,0,18,0,0,0,0,0,0,0,1,0,0,0,53,0,5,5,2,0,0,0,11,0,0,10,0,10,0,3,0,2,0,0,9,5,0,4,0,0,0,0,0,0,4,0,3,1,0,0,0,0,6,2,2,3,0,2,3,12,0,0,0,0,0,0,0,3,3,0,0,1,0,0,0,0,1,10,0,0,0,0,0,0,0,0,0,1,0,4,0,4,0,2,0,1,6,0,4,0,5,2,7,2,0,0,6,30,35,3,3,0,0,1,0,1,11,3,2,0,32,6,6,4,0,0,3,0,2,1,0,0,0,0,0,0,2,0,3,0,2,0,1,0,0,3,4,0,0,9,0,0,0,2,3,0,0,0,0,11,0,0,1,0,0,0,0,7,0,8,0,0,0,0,1,0,0,0,0,6,1,0,0,1,3,2,0,0,0,0,0,1,2,5,0,0,6,1,0,3,1,0,0,0,0,0,0,1,0,0,0,4,7,1,5,2,1,5,0,3,1,3,2,17,0,0,0,0,0,15,0,1,1,1,0,7,0,8,0,1,0,4,0,3,8,10,0,0,20,0,0,17,1,0,1,0,0,0,0,0,4,3,0,0,1,0,0,2,0,0,0,0,24,2,0,0,1,0,0,0,1,0,0,24,0,1,0,0,0,0,0,1,0,0,0,0,0,4,0,0,1,0,0,0,0,0,0,0,0,0,0,4,0,0,1,0,0,1,0,0,2,1,0,0,0,0,0,2,23,0,0,1,0,0,0,0,0,0,0,0,0,0,5,0,0,0,1,1,0,0,0,0,1,0,0,0,0,0,1,0,0,3,4,1,0,0,0,0,0,0,0,0,0,0,4,0,0,3,0,0,0,0,0,0,6,0,1,0,0,3,10,1,3,0,0,1,2,5,0,1,0,1,3,0,0,2,12,0,0,0,0,0,0,0,0,0,1,0,0,0,2,1,0,1,0,0,0,0,0,0,1,0,3,0,0,0,1,0,0,0,0,0,0,0,4,0,0,0,13,1,0,0,0,1,1,1,0,4,0,2,5,0,0,2,6,1,0,1,0,0,10,0,0,0,0,0,0,1,0,0,0,1,0,7,0,0,0,1,2,2,0,0,0,0,0,0,0,0,0,0,0,1,0,0,1,3,2,0,0,0,2,1,9,5,0,0,0,5,1,1,3,0,0,0,0,0,0,0,0,0,0,0,0,0,1,0,0,0,1,1,1,35,0,0,3,10,7,0,1,0,3,0,0,0,0,1,4,0,0,0,0,0,0,0,18,12,2,3,0,1,34,0,0,0,0,0,0,1,0,0,42,2,0,0,0,1,1,0,0,17,0,0,1,0,0,0,0,0,0,0,0,3,0,0,4,0,0,1,2,0,1,0,0,0,0,1,0,0,0,0,0,3,0,0,0,0,0,12,0,0,0,0,0,2,0,12,0,0,0,1,2,0,0,13,1,72,7,5,2,10,0,3,9,0,0,0,0,0,4,11,0,1,1,2,0,1,0,0,0,0,2,0,0,5,1,0,0,1,0,0,1,0,5,0,1,0,5,1,0,0,0,0,0,8,0,0,0,0,0,0,0,0,0,35,1,4,2,0,2,0,0,6,0
176,1210,COLÉGIO ESTADUAL CÍVICO MILITAR YVONE PIMENTEL,"RUA SEBASTIÃO MALUCELLI, 1312",NOVO MUNDO,-25.49599761,-49.29986607,41,0,4160,2910,233,149,0,4,4,5,25,6,3,0,13,1,1,0,0,6,3,7,0,15,0,6,1,0,31,2,3,4,0,0,1,1,1,0,4,4,6,2,3,1,31,0,2,3,2,0,2,2,0,1,2,6,0,0,0,1,2,0,0,0,0,0,0,43,0,19,5,11,2,0,0,13,0,2,4,1,52,1,3,1,1,0,0,10,7,6,8,0,0,0,2,0,0,9,0,6,5,0,0,0,0,8,15,0,6,4,2,15,0,0,0,3,0,1,0,0,2,0,0,2,0,1,0,1,0,0,13,0,0,2,0,0,1,0,5,0,3,0,10,1,9,0,2,0,0,20,1,6,0,35,6,7,16,0,0,5,19,24,8,1,0,2,2,2,1,12,2,20,1,112,4,10,26,0,1,5,0,2,1,0,0,2,1,2,0,0,1,6,0,5,0,0,2,1,0,1,1,1,10,0,0,0,0,1,2,0,0,2,6,2,0,0,0,0,0,0,3,0,17,0,0,0,0,1,0,0,0,0,21,0,0,0,1,8,6,0,0,0,0,0,0,11,7,0,2,12,1,6,3,6,1,0,0,0,0,4,4,0,0,1,9,12,13,4,4,1,10,0,11,0,0,0,13,3,3,0,0,0,16,1,2,15,1,0,1,0,2,2,0,0,5,1,1,22,24,1,1,17,7,0,18,4,0,0,1,0,2,0,0,5,0,0,0,0,0,0,1,2,0,0,1,19,6,1,0,0,0,0,0,0,0,0,28,2,0,0,0,0,0,1,2,0,0,1,3,0,16,0,1,1,0,2,1,1,0,0,0,1,1,0,3,0,0,0,0,0,0,0,0,3,1,0,0,0,0,0,0,0,0,1,0,1,4,0,0,0,0,0,1,0,0,0,0,3,0,0,1,0,0,0,0,1,0,0,3,5,0,2,0,0,1,3,1,0,0,0,0,1,1,0,0,0,2,6,0,0,2,0,0,0,0,0,0,13,0,1,1,0,0,4,7,5,0,0,0,1,5,0,0,4,4,0,0,0,12,32,2,0,0,2,0,0,0,0,0,1,3,6,0,1,1,0,1,0,0,1,0,2,0,0,0,5,0,0,0,2,0,0,1,0,0,0,0,7,0,0,5,34,9,0,0,1,0,3,1,1,6,2,4,0,0,0,8,4,2,0,1,0,0,3,0,0,0,1,0,0,2,0,0,0,1,0,6,3,0,0,4,0,7,0,0,9,0,0,0,0,0,0,0,0,0,1,0,6,9,0,0,7,0,3,2,8,11,1,1,0,33,0,10,0,0,3,0,0,0,2,0,1,0,1,0,0,0,2,0,0,0,1,0,2,7,1,0,4,5,5,0,7,0,6,0,0,0,1,12,1,2,0,0,0,0,1,0,45,32,0,8,2,2,39,1,0,2,1,1,0,1,0,0,75,0,0,0,4,1,0,0,0,29,1,0,2,0,0,0,2,1,0,0,0,10,0,0,0,1,0,1,0,0,2,1,0,0,0,3,0,1,1,0,1,9,2,0,0,0,1,22,5,0,0,0,1,3,1,15,3,0,0,9,9,0,1,10,0,188,15,10,2,7,1,7,6,0,0,1,1,0,2,17,1,2,10,2,0,0,2,1,1,0,0,2,1,17,0,1,0,0,0,0,0,0,11,0,0,0,10,2,0,0,0,0,0,16,0,2,0,0,2,0,1,0,0,6,0,5,1,0,0,0,0,2,0
176,1228,COLÉGIO ESTADUAL JOÃO BETTEGA,"RUA VISCONDE DO SERRO FRIO, 1020",NOVO MUNDO,-25.48606225,-49.30423734,41,0,3657,2585,238,144,0,1,3,4,14,1,1,5,6,0,2,0,1,0,6,23,0,7,0,7,3,3,26,0,3,3,0,0,0,1,0,0,3,0,1,0,5,0,39,1,0,2,2,0,0,0,0,2,2,12,0,15,0,3,0,1,0,3,0,0,0,43,0,5,7,6,1,0,0,23,1,2,6,1,13,0,2,0,5,2,0,3,7,2,2,1,1,0,1,0,1,3,0,3,4,0,2,0,1,5,2,3,4,2,1,7,16,0,0,3,0,1,1,0,2,3,0,1,0,2,0,1,0,3,6,0,0,0,0,0,0,1,2,0,3,1,13,0,4,2,1,0,0,3,0,4,0,21,9,9,3,0,0,5,53,50,4,1,0,1,3,2,0,4,4,7,0,53,12,7,10,0,2,1,0,0,0,0,1,0,1,0,0,1,0,4,0,1,0,2,0,2,2,1,0,0,14,0,0,0,3,6,0,0,0,0,10,0,2,2,0,0,0,0,6,1,12,0,0,0,0,2,3,0,0,1,18,1,0,0,4,5,3,0,2,0,0,0,0,21,9,0,1,11,0,1,1,5,0,0,0,0,0,2,3,1,0,0,3,5,14,2,0,0,13,0,7,0,1,1,33,0,0,0,0,0,14,0,4,3,0,0,11,0,9,2,0,0,5,0,0,12,15,0,0,14,4,0,12,2,0,0,0,0,1,1,0,1,0,0,0,0,0,0,6,0,1,0,0,76,3,0,0,1,0,0,0,0,0,0,25,1,0,0,1,0,0,0,4,0,1,0,0,0,8,0,0,2,0,0,0,0,0,0,0,0,1,0,1,0,0,0,0,0,1,0,1,8,0,0,0,0,0,0,4,37,0,0,1,0,0,2,0,0,0,0,0,0,0,2,0,1,0,0,2,0,0,0,0,1,0,0,0,2,0,1,0,0,1,10,0,0,0,0,1,0,1,0,0,0,0,5,0,2,6,0,0,0,3,1,0,16,0,3,1,0,4,2,0,1,0,0,0,1,4,0,0,0,0,0,0,0,7,19,1,0,3,0,0,0,0,0,0,2,2,1,0,0,0,0,2,0,0,0,0,1,0,0,0,6,0,0,0,1,0,0,0,0,0,0,0,5,0,1,0,17,2,0,1,2,0,0,0,0,6,1,3,0,0,1,1,2,2,0,0,3,0,2,0,0,1,0,0,0,2,1,0,0,3,0,6,1,2,0,1,1,7,0,1,4,0,0,0,0,0,0,1,0,0,0,0,0,9,2,0,3,0,2,1,9,8,1,1,0,4,0,15,2,0,4,2,0,0,0,1,0,0,1,0,0,0,0,0,0,3,3,0,2,70,1,0,0,7,13,0,3,0,3,0,2,0,1,6,5,0,1,0,0,0,1,0,18,19,0,0,0,2,35,0,0,0,0,1,3,0,0,0,32,0,2,0,0,0,0,0,0,17,1,1,1,1,0,0,0,0,0,0,1,10,1,0,0,0,0,4,0,0,0,0,0,0,0,2,1,1,4,0,0,7,0,0,0,0,1,14,0,0,0,0,0,1,0,14,4,0,0,2,2,0,3,13,0,75,10,8,0,24,0,4,11,0,0,0,0,0,0,19,0,5,8,5,0,2,2,0,0,0,0,0,2,8,0,0,0,0,0,0,0,0,7,1,4,1,13,7,0,0,0,2,0,29,0,0,0,0,0,0,1,1,0,82,1,8,1,0,0,0,0,1,5
176,1236,ESCOLA MUNICIPAL MADRE MARIA DOS ANJOS,"RUA SANTA MARIA, 540",NOVO MUNDO,-25.48932411,-49.28050952,41,0,2355,1817,113,95,0,3,3,3,8,3,0,2,5,2,0,0,0,3,2,6,2,2,0,6,0,1,18,0,3,10,0,0,0,1,1,0,1,0,2,55,1,3,7,0,0,1,1,0,2,0,0,0,2,3,0,0,1,0,0,0,27,2,0,0,1,43,0,3,5,2,2,0,0,3,1,0,4,0,5,0,0,0,5,0,0,7,3,0,2,2,0,0,3,0,0,24,0,3,38,0,2,0,0,38,2,1,3,3,0,5,0,0,0,5,0,1,0,0,3,0,0,0,0,0,0,0,0,0,3,0,0,0,0,0,0,0,0,0,4,1,4,3,3,0,0,0,0,2,1,4,0,15,14,5,9,1,0,1,8,11,3,0,0,0,0,0,11,7,1,7,0,44,4,4,10,0,0,1,0,3,2,1,0,1,0,1,1,0,0,9,0,2,0,0,1,0,0,0,1,0,12,2,0,0,0,0,0,0,0,1,3,0,0,0,0,0,1,0,0,1,0,0,0,0,1,0,0,0,0,1,28,0,1,0,0,11,0,0,0,0,0,1,0,4,9,0,0,2,0,2,0,1,0,0,0,0,1,2,4,0,0,0,2,1,2,0,2,0,7,0,4,0,2,0,12,0,0,4,0,0,7,0,3,4,0,0,1,0,3,0,0,0,0,1,0,12,5,0,0,15,0,0,15,1,1,0,0,0,1,1,0,3,0,0,0,0,0,0,0,0,0,0,0,3,0,0,0,0,1,0,1,0,0,0,15,0,0,0,0,0,0,3,0,0,1,0,0,0,2,0,0,0,0,0,0,0,0,0,0,0,0,0,0,0,0,0,0,0,0,0,0,1,0,0,0,0,0,0,0,0,0,0,0,0,0,0,0,1,0,1,0,0,0,0,0,0,0,0,0,0,0,0,1,0,0,0,0,5,0,0,0,0,1,5,0,0,0,0,0,0,0,0,0,0,1,1,0,0,0,0,0,0,0,0,0,8,0,0,0,1,0,0,0,4,0,1,1,0,9,0,0,1,3,0,0,0,5,25,1,0,0,0,0,0,0,1,1,2,5,0,0,1,3,1,0,0,0,0,0,1,0,0,0,3,0,5,0,0,0,0,0,0,0,0,0,26,0,2,0,24,4,0,1,1,0,0,3,0,3,0,1,1,0,0,2,2,1,0,1,1,0,2,0,0,0,1,0,1,1,0,0,0,2,0,65,0,0,0,2,1,5,0,56,14,2,0,0,0,0,0,1,1,0,0,1,4,4,0,0,0,0,1,0,3,2,0,0,0,7,2,7,1,0,1,0,0,0,1,0,0,0,0,0,0,0,1,1,0,0,1,0,1,0,1,0,2,0,4,0,1,0,0,0,0,1,0,4,2,0,0,0,0,0,0,0,22,15,0,0,0,1,27,0,0,1,0,0,0,0,0,1,34,0,2,0,3,2,0,0,0,32,0,0,0,1,0,1,2,0,0,0,1,5,0,0,0,0,1,13,0,0,1,2,0,0,0,1,0,0,0,1,0,3,1,0,1,0,1,11,3,0,0,0,0,0,0,6,2,0,0,3,5,0,0,1,3,79,1,4,0,0,0,5,2,0,0,0,0,0,1,8,0,2,7,8,1,4,1,1,1,0,0,2,1,6,0,0,0,0,0,0,0,0,13,0,0,0,10,0,0,1,0,0,0,0,0,1,0,2,0,0,0,0,0,0,0,2,2,0,19,0,0,0,0
176,1244,ESCOLA MUNICIPAL MARIA CLARA BRANDÃO TESSEROLLI,"RUA JOÃO RIBEIRO LEMOS, 380",NOVO MUNDO,-25.48796354,-49.287917,41,0,4188,3137,262,180,0,3,3,6,18,9,0,2,9,1,3,0,0,6,3,15,4,12,0,2,4,8,27,0,1,31,0,0,0,1,1,0,4,0,2,7,0,2,25,4,0,3,3,1,3,0,0,2,1,6,0,0,0,1,1,0,15,3,1,0,2,58,0,5,13,4,3,1,0,4,5,1,9,2,12,0,0,2,2,0,2,11,8,2,3,6,0,0,2,0,0,21,2,10,11,0,1,0,0,44,15,3,4,5,1,16,2,0,1,4,0,0,0,0,3,0,0,2,0,0,1,3,0,0,5,2,0,0,0,0,0,0,5,0,4,0,25,0,16,1,4,0,1,2,0,11,1,22,13,7,13,0,0,3,24,23,7,0,1,1,1,0,8,17,4,5,0,76,1,3,15,0,1,0,1,2,0,0,1,2,0,4,0,0,1,7,0,1,2,5,0,0,0,10,1,0,10,3,0,0,8,0,3,0,0,2,1,0,0,0,1,0,0,1,1,2,6,0,0,0,0,0,0,0,0,0,42,2,0,0,1,11,1,0,2,0,0,0,0,10,10,0,1,10,0,2,0,1,0,0,0,0,0,1,7,1,0,0,2,12,4,2,4,2,11,0,3,0,0,0,46,0,1,0,0,0,12,1,3,0,0,0,1,0,11,0,1,0,0,8,0,29,17,0,0,23,10,0,19,4,1,4,1,0,1,0,0,5,2,0,1,0,0,0,4,2,0,0,0,4,1,0,0,0,5,0,1,0,0,0,61,0,0,0,0,0,0,1,0,0,0,0,0,2,5,0,1,3,0,0,0,0,0,0,0,0,1,0,5,0,0,0,0,0,1,0,0,0,2,1,0,0,0,0,0,0,0,0,0,0,2,2,0,1,0,0,0,0,0,0,0,7,0,0,0,0,0,0,0,1,0,0,0,2,0,1,0,0,1,2,0,0,0,1,0,3,1,2,0,0,0,8,0,1,1,0,0,0,0,0,0,16,0,3,0,0,0,4,2,4,0,1,0,1,7,0,0,1,2,2,0,0,14,55,0,0,2,0,0,0,0,1,0,3,3,1,0,1,4,0,1,1,0,0,0,4,0,0,0,5,0,1,0,5,0,0,3,2,1,0,0,19,1,0,1,40,12,0,0,0,11,2,9,0,11,0,2,4,0,0,11,3,2,0,0,0,0,2,0,0,0,0,0,0,3,0,0,1,3,0,68,0,0,4,5,2,12,0,30,17,1,0,0,0,0,0,0,0,0,0,3,5,8,1,0,1,0,4,0,14,8,2,0,0,33,0,9,4,1,1,0,0,0,0,0,0,0,0,0,0,0,0,0,0,0,5,0,0,1,1,0,7,2,1,0,2,0,7,0,0,3,2,3,4,3,0,4,0,0,0,0,31,23,2,0,1,3,47,0,0,0,1,0,0,2,3,3,67,2,2,0,0,0,3,0,0,35,0,0,1,0,0,2,0,0,0,0,0,11,0,0,1,0,0,2,1,0,1,0,0,0,3,2,0,1,0,2,0,2,0,0,0,0,0,10,6,0,0,4,0,1,0,6,3,0,0,8,9,5,1,5,0,198,7,13,1,1,0,9,2,0,0,0,0,0,2,39,0,7,14,2,0,1,5,1,0,0,1,1,4,6,0,0,0,0,0,0,0,1,16,0,0,1,9,7,0,5,0,0,0,5,1,1,1,0,0,0,1,0,0,1,1,2,5,0,9,0,0,2,1
176,1252,ESCOLA MUNICIPAL PROFESSORA NAIR DE MACEDO,"RUA FIORAVANTE SLAVIERO, 753",NOVO MUNDO,-25.4905905,-49.31009731,41,0,3435,2622,242,152,0,2,5,5,10,4,0,0,9,2,2,1,0,4,1,12,1,16,1,10,1,1,32,1,4,0,0,0,0,1,0,0,2,0,1,1,0,0,17,0,1,2,2,0,0,0,0,1,0,17,2,5,0,0,0,0,4,1,0,0,0,45,0,13,9,2,0,0,0,36,1,3,5,0,23,2,1,0,5,1,0,8,3,1,13,1,0,0,1,0,0,6,0,1,4,0,2,0,0,6,12,2,2,0,4,10,1,0,0,1,0,0,1,0,5,4,0,1,0,3,1,0,0,1,15,0,0,0,0,0,0,2,1,0,8,0,21,0,12,0,2,0,0,15,0,5,1,17,13,10,6,1,0,12,19,33,3,1,0,1,3,0,4,14,2,7,1,60,0,21,15,1,0,1,2,0,0,0,2,0,1,0,0,1,0,3,0,7,0,0,0,0,1,0,0,1,34,2,0,0,1,1,0,0,0,1,12,0,0,1,0,0,1,0,4,0,29,0,0,0,0,2,2,0,0,2,13,1,0,0,6,3,1,0,0,0,1,1,0,15,3,0,0,8,2,3,1,3,2,0,0,0,0,0,1,0,0,0,10,12,2,4,6,0,5,0,7,0,1,0,27,2,2,0,0,0,24,0,1,6,0,3,8,0,11,0,1,0,0,1,6,15,16,0,0,13,7,0,13,0,0,0,0,0,3,0,1,3,0,0,1,1,1,0,0,3,0,0,0,17,6,0,0,1,0,1,1,0,0,0,25,0,0,0,0,1,0,1,0,1,0,0,0,0,6,0,0,1,0,0,0,0,0,0,2,0,1,0,2,0,0,2,0,0,0,0,0,7,2,0,0,0,0,0,1,10,0,0,1,1,2,0,0,0,0,0,0,0,0,3,0,0,0,2,0,0,0,0,0,1,0,0,6,3,0,0,0,0,3,7,1,0,0,0,0,0,1,0,0,0,0,3,0,0,4,0,0,1,1,1,1,15,0,0,0,0,1,5,1,2,0,2,2,1,6,0,0,0,5,3,2,0,12,28,0,0,0,0,0,0,1,0,2,3,0,1,0,0,0,0,0,0,0,0,0,0,0,0,0,2,0,0,0,1,0,0,0,0,1,0,0,4,0,0,1,26,4,0,2,0,1,2,1,1,7,2,3,1,0,0,1,6,1,0,0,0,0,5,0,0,0,0,0,0,2,0,0,0,3,0,12,0,1,0,0,0,9,0,0,7,0,0,0,0,0,0,2,0,2,0,3,1,7,4,0,0,0,4,0,15,8,0,0,0,9,0,7,0,0,1,0,0,0,1,0,0,0,0,0,0,0,1,0,0,1,3,0,6,17,1,0,1,2,11,0,5,0,2,0,0,1,0,10,3,1,1,0,0,0,1,0,27,18,0,0,0,3,37,4,0,2,0,0,0,1,0,2,70,0,1,0,1,0,1,1,0,35,0,0,0,0,0,0,0,0,0,0,0,6,0,0,0,0,0,1,0,0,2,0,0,0,1,0,0,0,0,0,1,3,1,0,0,0,2,14,0,0,0,1,0,1,0,28,1,0,0,5,0,0,2,18,1,140,11,2,2,4,0,4,7,0,5,0,0,0,1,9,1,5,13,4,0,1,1,0,2,0,1,1,0,8,2,0,0,0,0,0,1,0,7,0,0,0,11,2,0,0,0,0,0,2,0,0,2,0,2,0,5,1,0,78,0,2,0,0,0,0,0,3,0
176,1295,ESCOLA MUNICIPAL BELMIRO CESAR,"RUA PADRE MANUEL DA NOBREGA, 327",VILA  FANNY,-25.47979377,-49.27079256,39,0,2188,1575,144,87,0,1,2,2,10,1,0,1,6,1,2,2,1,3,0,13,1,3,1,1,1,1,10,0,2,4,0,0,0,0,2,0,2,0,2,8,2,0,5,0,0,3,0,0,0,0,0,0,0,7,0,0,0,0,0,0,3,4,0,2,0,26,0,7,9,3,0,0,0,0,0,0,0,0,7,1,0,0,0,0,2,8,0,0,2,1,0,0,1,1,0,4,0,4,0,0,0,0,3,134,2,3,2,3,4,10,0,0,0,5,0,2,0,0,0,0,0,8,0,2,2,0,0,4,5,0,0,0,0,0,0,0,5,0,2,0,6,0,5,0,0,0,0,0,1,3,2,10,7,5,11,0,0,2,6,5,2,0,0,0,1,0,3,8,2,6,0,11,0,3,10,0,0,0,0,0,1,0,0,2,0,1,0,0,1,14,0,0,1,0,0,0,0,1,0,0,14,2,0,0,2,1,0,0,0,0,1,1,1,1,0,0,0,0,0,0,0,0,0,0,2,0,1,0,0,0,17,0,0,0,0,1,0,1,0,0,0,0,0,17,5,1,1,8,0,1,0,2,0,1,0,0,0,1,0,2,0,0,1,1,3,3,4,1,7,0,3,1,1,0,15,0,0,2,0,0,3,0,3,0,0,0,2,0,7,0,0,0,1,3,0,8,5,1,0,9,2,0,5,0,3,0,0,0,0,0,0,7,0,2,2,0,0,1,1,1,0,0,0,2,2,0,0,1,0,0,0,0,0,0,20,0,0,0,0,0,0,0,0,0,1,0,0,0,1,0,0,1,0,0,0,0,0,0,0,0,0,0,5,0,1,0,0,0,0,2,0,0,0,2,0,0,0,0,0,0,0,0,0,0,0,0,0,0,0,0,0,0,0,0,0,0,0,1,1,0,0,0,0,0,0,0,1,0,0,1,0,0,2,0,0,0,0,0,2,0,0,0,0,2,1,4,0,1,2,0,0,0,0,0,0,7,0,4,0,0,0,2,1,0,0,0,0,2,1,1,0,0,2,1,0,0,7,20,0,0,0,0,0,0,0,0,0,0,2,0,0,0,10,0,0,0,0,0,0,2,1,0,0,3,0,1,0,2,0,0,0,1,0,1,0,6,0,0,0,20,6,0,2,0,0,0,6,0,6,0,0,1,0,0,1,0,1,1,1,3,0,1,0,0,0,0,0,0,1,0,0,0,4,0,72,0,0,0,2,0,0,0,0,7,0,0,0,0,0,0,0,0,1,1,0,7,1,0,0,0,0,0,0,5,6,0,0,0,9,0,9,2,0,0,0,0,0,0,0,0,0,0,0,0,0,1,0,0,0,0,0,0,0,0,0,0,1,1,0,2,0,0,0,0,0,2,2,2,0,0,0,0,0,0,0,20,9,0,0,0,1,15,0,0,0,2,0,0,0,0,0,22,0,0,0,0,1,0,0,0,16,0,0,0,0,0,0,3,0,0,0,0,7,0,0,3,0,0,2,0,0,1,0,0,0,1,1,0,0,0,0,0,6,2,0,0,0,0,11,4,0,0,1,0,2,0,3,2,0,0,2,46,0,3,1,3,16,6,0,0,24,0,1,0,0,0,0,0,1,0,8,0,4,13,7,0,2,0,2,1,0,0,0,2,10,2,0,0,0,0,0,0,0,13,0,0,0,4,3,0,1,0,0,0,1,0,0,0,0,0,0,0,0,0,1,0,3,2,0,4,0,0,0,0
176,1317,ESCOLA GRACE (ANTIGA FACULDADE SANTA CRUZ - CAMPUS BONAT),"RUA PEDRO BONAT, 103",NOVO MUNDO,-25.49456224,-49.29272103,41,0,4523,3331,233,166,0,1,9,5,29,8,1,1,13,1,1,1,0,6,2,24,0,18,0,6,1,11,39,1,3,6,0,0,0,3,0,0,5,1,5,9,0,1,22,3,0,0,6,0,4,1,1,1,4,5,0,0,0,0,0,0,2,1,0,0,0,55,0,3,20,10,4,0,0,10,1,3,5,1,32,0,0,2,1,1,2,11,10,0,7,1,0,0,0,0,0,14,2,8,7,0,2,0,4,19,19,10,10,1,6,21,0,0,0,7,0,1,1,0,8,0,1,0,0,2,0,1,0,5,17,1,0,0,0,1,0,0,10,0,13,0,7,0,15,1,6,0,0,0,1,13,1,20,16,12,10,1,0,8,15,18,7,0,0,2,0,0,2,13,9,20,0,70,7,7,40,1,3,3,0,1,0,0,2,2,2,1,0,0,0,5,0,1,7,0,0,1,2,3,1,0,16,7,0,0,5,0,2,0,0,5,9,0,2,0,0,0,0,0,1,2,3,0,0,0,0,1,0,0,0,0,49,1,0,0,1,14,4,1,0,0,6,0,0,9,18,1,2,14,1,10,2,7,1,1,0,0,1,5,9,0,0,0,3,6,4,7,10,1,18,0,6,0,1,0,31,4,0,1,0,0,20,2,2,5,0,1,3,0,9,1,0,1,0,4,2,25,23,0,1,27,6,0,37,4,3,2,0,0,3,0,3,3,0,0,2,1,0,4,1,3,0,0,0,8,0,0,0,1,1,1,0,0,0,0,28,0,0,0,0,0,0,1,1,0,1,0,0,1,4,0,0,3,0,0,0,0,1,0,0,0,0,0,8,0,0,0,0,0,1,0,0,1,1,2,0,0,0,0,0,1,0,0,0,0,1,1,0,0,0,0,0,0,0,1,0,1,0,0,2,0,0,0,1,0,0,0,3,8,0,1,0,0,4,0,0,0,0,4,0,0,0,2,0,0,0,3,0,0,1,0,1,0,0,0,0,17,0,0,0,0,2,7,1,4,0,2,0,0,15,0,0,2,3,3,0,1,18,84,1,0,1,1,0,0,0,0,1,3,1,1,0,5,4,1,5,0,0,0,1,1,2,1,0,5,0,0,0,1,0,0,0,0,0,0,0,14,1,0,0,28,11,0,0,1,1,0,0,1,15,0,3,3,0,0,3,4,1,0,0,0,0,5,0,1,0,3,0,1,2,0,0,1,11,0,20,1,0,2,3,2,15,0,7,7,0,0,0,0,0,0,1,1,1,0,0,2,17,0,0,6,0,0,10,9,21,0,0,1,55,3,6,2,1,1,1,0,0,1,0,0,0,0,0,0,0,1,3,0,0,2,0,1,0,2,1,10,4,3,0,5,0,0,0,0,1,5,11,4,2,0,1,0,0,0,0,48,29,2,1,2,0,35,1,0,1,0,0,3,1,0,2,51,2,0,2,1,1,5,0,0,65,1,0,0,2,0,0,2,0,0,0,1,12,0,1,2,1,0,1,0,0,1,0,0,0,0,1,0,0,0,1,0,7,2,0,0,0,2,19,2,0,0,0,0,5,1,9,1,0,0,4,9,2,0,12,3,257,12,5,0,1,2,13,7,0,0,0,0,0,2,30,1,3,9,2,0,2,0,1,2,1,1,0,5,12,0,0,0,0,0,2,1,0,17,0,1,0,15,0,0,4,0,0,0,7,1,0,1,0,1,0,1,0,2,5,1,6,1,0,0,0,0,0,0
176,1333,UNISANTA CRUZ - CAMPUS SEDE,"RUA AFFIFE MANSUR, 565",NOVO MUNDO,-25.4956438,-49.3032937,41,0,3603,2694,187,142,0,3,1,4,13,6,0,1,9,1,2,0,0,5,2,19,0,13,1,5,1,2,33,0,0,10,1,0,0,2,0,0,6,3,0,5,0,0,9,0,2,3,3,0,0,1,0,0,2,4,1,1,1,0,0,0,0,4,0,0,0,49,0,6,9,9,2,0,0,9,0,6,7,0,37,1,0,2,1,1,5,6,8,2,8,2,0,0,0,0,0,6,0,2,5,0,1,1,0,8,15,5,6,1,0,14,1,0,0,3,0,0,1,0,4,1,0,0,0,0,1,3,0,2,8,0,0,0,1,0,0,1,3,0,3,0,13,1,7,0,0,1,0,5,0,5,2,21,8,9,5,1,0,3,14,26,7,0,0,1,0,1,5,10,8,10,1,97,0,11,27,0,0,2,0,0,0,0,0,1,0,2,0,0,1,2,0,5,0,1,2,1,1,2,0,2,15,0,0,0,0,0,0,0,0,2,8,0,2,1,0,0,1,0,6,3,10,0,0,0,1,2,0,0,0,1,38,3,0,0,3,6,3,0,0,0,1,2,0,16,10,0,4,20,0,4,1,7,0,0,0,1,1,5,2,0,0,0,4,11,5,9,8,0,13,0,9,0,0,0,20,1,1,0,0,0,18,0,1,17,0,0,2,0,11,0,0,0,3,3,3,15,23,0,0,22,9,0,16,2,1,3,0,0,2,0,0,2,1,0,2,0,0,1,0,0,0,0,0,12,1,0,0,1,0,0,0,0,0,0,22,0,0,0,0,0,0,2,1,0,1,0,0,0,1,0,3,8,0,2,0,0,0,0,1,2,0,0,2,0,0,0,0,0,0,0,1,4,0,0,0,0,0,0,0,0,0,0,1,0,4,0,0,0,1,0,0,0,1,0,0,0,0,0,0,0,0,0,0,0,0,0,1,2,0,0,0,0,1,1,1,0,0,1,2,0,0,0,0,0,0,6,0,1,6,0,0,0,1,0,0,22,0,1,0,1,0,2,5,6,0,5,0,1,11,0,0,0,5,2,0,0,7,70,1,0,0,2,0,1,0,0,1,2,4,3,0,3,0,0,0,0,0,0,0,1,2,0,0,2,0,0,0,3,0,0,0,0,0,0,0,14,0,0,4,29,6,0,1,1,0,2,0,1,6,0,5,0,0,1,2,2,3,0,0,1,0,2,0,1,0,2,0,0,0,0,0,0,8,1,13,0,1,1,5,2,13,0,0,5,1,0,0,0,0,0,2,0,1,1,1,1,17,0,0,5,0,6,0,20,3,1,0,0,11,1,9,3,0,0,1,0,0,2,0,0,0,0,0,0,0,2,0,0,1,4,0,7,4,0,0,6,2,3,0,2,0,9,0,0,0,1,7,1,1,0,0,0,0,0,0,31,19,0,2,0,1,42,1,0,1,2,1,0,2,0,3,49,0,0,0,2,1,2,0,0,56,0,1,2,0,0,1,1,0,0,0,0,12,2,0,1,1,0,0,0,0,0,1,0,0,0,1,0,0,1,1,0,9,1,0,0,0,4,11,0,0,0,0,0,2,0,7,2,0,0,3,4,0,1,5,0,210,10,10,4,3,0,6,4,0,1,0,0,0,0,15,0,5,18,8,0,0,3,1,1,0,0,1,3,15,1,0,0,0,0,0,1,0,9,0,1,0,10,0,0,2,0,0,0,12,0,0,0,0,0,0,0,1,0,5,0,2,1,0,3,0,0,2,0
176,1341,CMEI VILA LEÃO,"RUA PRIMO LOURENÇO TOSIN, 21",NOVO MUNDO,-25.48510498,-49.30237197,41,0,1366,911,87,48,0,0,2,1,5,3,0,2,4,0,1,0,0,2,1,5,0,5,2,1,0,2,5,0,0,0,1,0,0,1,0,0,2,0,1,0,0,0,10,0,0,1,0,0,0,1,0,1,0,3,0,0,0,0,0,0,0,0,0,0,1,15,0,4,4,1,0,0,0,6,1,1,3,0,3,0,1,0,1,1,0,2,1,1,0,0,0,0,0,0,0,0,0,0,1,0,0,0,1,0,9,2,1,2,2,6,2,0,0,0,0,0,0,0,0,1,1,1,0,0,1,0,1,1,1,0,0,0,0,0,0,0,0,0,1,0,5,0,7,0,0,0,0,2,0,0,1,3,4,2,3,0,0,2,12,16,0,1,0,1,0,0,0,3,1,1,0,11,2,13,7,0,1,1,0,0,0,0,1,0,0,0,0,0,0,2,0,0,0,0,0,1,0,0,0,0,0,0,0,0,3,0,0,0,0,0,1,0,0,0,0,0,2,0,1,1,1,0,0,0,0,0,0,0,0,0,6,0,1,0,1,1,0,0,0,0,0,0,0,4,2,0,0,4,0,2,0,2,0,0,0,0,0,1,1,0,0,0,2,1,1,1,0,1,5,0,1,0,0,0,10,0,1,0,0,0,8,0,0,0,0,0,2,1,2,0,0,0,1,1,1,7,9,0,0,5,2,0,3,0,0,0,0,0,0,0,0,0,1,0,0,0,0,0,1,0,0,0,0,26,0,0,0,1,0,2,0,0,0,0,10,0,0,0,0,0,0,0,1,0,0,0,0,0,3,0,1,1,0,0,0,1,0,0,0,0,2,0,1,0,0,0,0,0,0,0,0,1,1,0,0,0,0,0,2,7,0,1,0,0,0,1,0,0,0,0,0,0,0,0,0,0,1,2,1,0,0,0,0,1,0,0,2,1,0,0,0,0,0,0,0,0,0,0,0,0,1,0,0,0,0,2,0,0,1,0,0,1,0,0,0,5,0,2,0,0,0,3,0,0,0,1,1,0,2,0,0,0,3,1,0,0,4,13,1,0,1,1,0,0,0,0,0,0,0,2,0,0,0,0,3,0,0,0,0,0,0,0,0,1,0,1,0,0,0,0,0,0,0,0,0,0,0,1,1,8,1,0,0,0,0,1,0,0,3,0,1,0,0,0,0,2,0,1,0,0,0,2,0,0,0,1,0,0,0,0,0,0,0,0,3,1,2,0,0,0,3,0,0,1,0,0,0,0,0,0,0,0,0,1,0,0,2,1,1,1,0,2,0,6,4,0,0,0,5,0,5,3,1,2,0,0,0,1,0,0,0,0,0,0,0,1,0,0,0,0,0,1,15,0,0,0,4,2,0,0,0,2,0,1,0,2,1,2,0,0,0,1,0,0,0,13,5,0,0,0,0,14,0,0,0,1,0,1,0,0,0,21,0,0,0,0,0,2,0,0,10,1,0,1,0,0,0,0,0,0,0,1,0,0,0,0,0,0,3,0,0,0,0,0,0,1,1,0,0,1,0,0,3,0,0,0,0,0,4,0,0,0,0,0,1,0,6,1,0,0,3,0,0,1,7,0,28,6,3,0,4,0,0,5,0,0,0,0,0,0,5,0,0,4,0,0,1,1,0,0,0,1,0,1,2,0,0,0,0,0,1,0,0,4,0,0,0,3,0,0,1,0,0,0,6,0,0,1,0,0,0,0,0,0,28,0,3,0,0,0,0,1,0,0
176,1457,ESCOLA CEC,"RUA PROFESSOR WALDIR DE JESUS, 99",CAPÃO RASO,-25.50609303,-49.29703408,58,0,2384,1727,103,103,0,0,4,1,17,3,1,1,4,0,1,0,0,0,0,11,0,6,1,1,0,3,19,0,0,7,0,0,0,2,0,0,1,0,1,0,4,1,22,0,0,3,0,0,0,0,0,2,2,2,2,0,0,0,2,0,0,2,0,0,0,24,0,5,11,7,5,0,0,3,1,3,0,0,5,0,0,0,1,0,13,12,0,0,3,3,0,0,3,0,0,4,0,2,1,1,0,0,0,4,13,4,1,1,1,15,0,0,0,2,0,0,0,0,0,0,0,0,0,0,2,0,0,1,13,0,0,0,0,0,0,0,2,0,5,0,7,0,4,1,1,0,0,0,0,4,2,22,9,6,12,0,0,5,6,8,2,1,0,0,1,2,2,6,2,29,0,92,3,6,11,1,0,3,1,0,0,0,1,0,0,3,0,0,1,3,0,0,1,0,3,0,0,0,1,0,8,0,0,0,0,0,0,0,0,6,1,0,0,0,0,0,0,0,3,1,4,0,0,0,1,0,0,0,0,2,18,0,0,0,0,8,2,0,1,0,11,1,0,5,5,0,0,11,0,4,3,0,0,0,0,0,1,0,6,0,0,0,3,0,3,0,0,0,6,0,3,0,1,0,17,0,0,0,0,0,8,0,1,1,1,1,3,0,1,0,0,0,1,1,1,8,12,0,1,11,4,0,12,4,1,0,0,0,0,0,0,1,0,0,0,1,0,1,0,3,0,0,0,1,0,0,0,0,2,0,0,0,0,0,14,0,0,0,0,0,0,0,2,0,1,0,0,0,0,0,0,0,0,0,0,0,0,0,0,0,1,0,2,0,0,0,0,0,0,0,0,0,0,0,0,0,0,0,0,0,2,0,0,0,3,1,0,0,0,0,0,0,0,0,0,0,0,0,1,0,0,0,0,1,0,0,0,1,0,0,0,0,0,6,0,0,0,0,0,0,0,0,0,0,0,6,0,0,0,0,0,0,0,0,1,14,0,0,0,0,3,2,2,4,0,3,0,0,3,0,1,0,2,0,0,0,13,29,0,0,0,0,0,2,0,0,0,0,2,0,0,1,0,1,1,0,0,0,0,0,0,0,0,4,0,0,0,0,0,0,0,0,0,0,0,3,4,2,1,25,5,0,0,0,0,0,1,0,5,0,4,4,0,0,0,0,0,1,0,1,0,1,0,0,0,0,0,0,0,0,0,0,3,0,5,0,0,0,1,0,4,0,1,1,1,0,0,0,0,0,2,0,0,0,1,0,41,0,0,0,0,0,2,11,4,0,0,0,31,0,5,0,0,1,0,0,0,0,0,0,3,1,0,0,0,0,0,1,0,2,0,0,0,0,0,5,0,3,0,4,0,5,1,0,0,0,2,1,0,0,0,1,0,0,0,19,7,0,0,0,6,19,1,1,0,0,0,0,0,0,0,30,1,0,0,0,1,0,0,0,26,0,0,0,0,0,0,0,0,0,0,1,6,0,0,0,0,1,0,0,0,1,0,0,0,0,2,0,0,0,0,0,6,0,0,0,0,0,8,0,0,0,0,0,1,0,13,7,0,0,0,2,1,0,4,1,163,6,2,0,2,1,2,2,1,0,0,0,0,0,11,0,4,14,0,0,0,0,0,0,0,1,1,1,9,0,0,0,1,2,2,0,1,10,1,0,0,3,0,0,0,0,0,0,4,1,0,0,0,1,0,1,0,0,0,0,1,3,0,1,0,0,0,0
176,1465,COLÉGIO STELLA MARIS XAXIM,"RUA PROFESSOR NARCISO MENDES, 484",XAXIM,-25.50375222,-49.26969019,57,0,2160,1623,106,88,0,1,1,2,7,2,0,0,7,1,0,1,0,1,1,19,0,3,1,2,1,2,13,0,1,8,0,0,0,1,0,1,1,0,0,0,0,2,10,2,0,0,1,0,0,0,0,3,0,5,0,0,0,0,3,0,3,8,5,0,0,38,0,4,9,4,1,0,0,0,2,0,3,0,8,1,0,0,0,0,2,2,3,2,2,0,0,0,0,0,0,136,0,19,1,2,1,1,1,12,4,1,1,0,8,11,0,0,0,2,0,0,0,0,7,0,0,1,0,0,0,0,0,2,18,0,0,0,0,0,0,0,5,0,8,0,5,0,3,4,4,0,0,0,0,7,1,9,5,6,6,0,2,2,2,1,5,0,0,1,0,2,7,4,4,0,0,10,1,3,14,0,0,0,0,2,0,0,0,0,2,3,0,0,3,90,0,0,0,0,1,3,0,5,0,0,1,4,0,0,2,0,0,0,0,10,1,0,0,0,0,0,0,0,0,0,1,0,0,0,0,0,0,0,0,0,23,0,1,0,0,1,2,0,0,0,0,0,0,5,8,1,0,8,0,1,1,2,0,0,0,0,0,0,3,2,0,1,8,0,1,0,3,6,12,0,3,0,1,0,8,0,0,0,0,0,8,1,2,1,2,0,2,0,1,2,0,0,2,5,1,19,12,6,0,9,4,0,14,1,0,0,0,0,1,1,0,0,0,1,3,0,0,1,1,4,0,0,0,0,0,0,0,1,7,0,1,1,0,0,15,0,0,0,1,0,0,0,0,0,0,0,0,0,0,0,0,2,0,2,0,0,2,1,0,0,0,0,1,0,0,0,0,0,1,0,0,0,0,0,0,0,0,0,0,0,0,0,0,0,1,0,0,0,0,1,0,0,0,0,0,0,0,1,0,0,0,0,0,0,0,0,2,0,0,0,0,0,1,1,0,0,0,1,0,0,0,0,0,0,0,1,0,0,0,0,0,0,0,0,0,17,0,0,0,0,2,3,2,1,0,0,0,2,4,0,0,1,2,0,0,0,5,31,0,0,1,0,0,0,0,0,0,0,1,2,1,0,0,0,0,0,0,0,0,3,1,0,0,3,0,4,0,2,0,0,0,0,0,0,0,22,0,0,0,23,3,0,0,0,8,0,1,1,3,0,1,1,0,0,0,0,14,0,1,1,0,3,0,0,0,0,0,0,13,0,0,9,3,0,6,0,2,0,1,0,0,0,0,1,0,0,0,0,0,0,0,0,2,0,0,0,3,0,0,0,0,0,1,1,5,0,0,0,13,0,2,0,0,0,1,0,0,0,0,0,0,0,1,0,0,0,0,0,0,1,1,0,0,0,0,2,2,2,0,1,0,2,0,1,0,0,1,1,2,0,0,0,0,0,0,9,8,0,0,0,2,10,1,0,0,0,0,0,0,0,0,34,0,0,0,0,0,0,0,0,25,0,0,0,3,0,0,0,1,0,0,0,4,1,0,0,0,0,1,0,0,3,0,0,0,0,0,0,0,0,0,0,8,0,0,0,0,0,7,2,0,0,0,0,1,1,1,3,0,0,3,0,0,0,1,1,30,5,0,2,0,3,8,1,0,0,1,0,0,1,4,0,4,35,2,0,0,0,0,1,1,3,0,1,3,1,1,0,0,0,0,0,0,3,0,0,0,6,0,0,0,0,0,0,1,0,0,1,0,0,0,0,0,0,0,0,2,0,0,0,0,3,0,0
176,1473,COLÉGIO SENHORA DE FÁTIMA,"RUA GABRIEL FRECCEIRO DE MIRANDA, 1118",XAXIM,-25.50682207,-49.273851,57,0,4723,3496,235,164,0,1,5,7,17,6,1,0,14,0,2,0,0,7,0,21,1,13,1,6,1,3,23,1,2,11,0,0,0,0,1,0,1,1,2,0,1,0,10,3,0,1,2,0,1,0,1,3,3,6,1,0,0,7,1,0,2,13,1,0,1,102,0,14,19,13,3,0,0,4,0,3,1,0,19,0,0,0,5,1,0,6,1,3,1,2,0,0,0,3,1,313,0,40,6,0,1,0,1,26,7,5,2,1,5,27,0,0,0,1,0,2,0,0,8,0,1,2,0,1,1,2,0,3,14,0,0,0,1,0,0,1,3,0,8,1,10,1,9,2,1,1,0,4,0,7,3,13,20,22,18,0,1,0,8,21,4,0,0,4,1,2,23,12,9,4,0,34,0,7,26,0,2,5,2,0,3,0,0,0,0,9,1,0,0,111,0,1,1,3,4,1,0,1,0,0,0,1,1,0,2,0,0,0,0,48,2,0,1,1,0,1,1,0,1,4,3,1,0,0,6,0,0,0,1,0,33,0,0,0,2,10,3,0,0,0,0,0,0,7,6,0,1,24,1,2,1,2,0,0,0,0,0,1,3,0,0,0,20,3,0,3,9,0,15,0,6,0,2,1,6,0,2,3,0,1,13,0,1,2,0,1,1,0,9,1,0,2,6,8,0,81,21,9,0,28,13,0,40,4,0,2,0,1,4,0,0,1,2,0,0,0,0,0,5,1,0,0,0,0,1,0,0,5,12,0,0,0,1,0,33,0,0,0,0,0,0,1,0,0,3,0,0,0,1,0,0,3,0,0,0,1,2,0,1,0,0,1,9,0,10,1,0,0,0,1,0,1,2,0,0,0,0,0,0,0,0,0,0,2,0,1,0,0,1,1,0,0,0,0,0,2,0,1,0,0,0,0,1,0,0,0,2,9,0,0,0,0,2,0,1,0,0,1,1,0,0,0,0,1,2,5,0,0,2,0,0,3,0,1,0,19,0,7,0,0,1,9,0,3,1,0,0,5,15,0,0,2,4,0,0,0,11,62,0,0,1,0,0,2,1,0,0,2,1,0,0,0,0,1,2,0,0,0,0,3,1,0,0,9,0,1,1,5,0,0,1,3,0,0,0,130,0,1,2,27,10,0,0,1,4,1,1,0,11,0,4,6,1,0,1,1,25,0,1,0,0,4,1,0,0,0,0,0,18,0,0,2,12,0,7,1,4,0,2,4,1,0,0,4,0,0,0,0,0,0,2,0,1,1,0,0,8,0,1,1,0,0,0,6,10,0,1,0,27,0,3,0,0,1,1,0,0,2,0,0,0,0,0,0,0,2,0,0,0,7,2,2,0,0,0,3,1,5,1,2,0,4,0,1,0,2,0,5,1,0,3,2,0,0,1,34,23,0,0,1,3,33,2,0,0,0,0,0,0,3,0,69,0,0,0,0,1,1,0,0,60,5,0,2,3,0,0,0,0,0,0,0,10,1,0,0,0,0,0,0,0,2,0,0,0,2,0,0,0,0,1,0,8,2,0,0,0,0,27,3,0,0,0,3,3,0,9,4,0,0,2,1,0,3,5,0,54,9,3,0,2,1,12,9,0,0,1,0,0,1,12,0,1,90,8,0,3,6,0,0,0,1,0,2,5,8,1,0,0,0,1,3,0,15,0,0,0,2,7,0,2,1,0,0,3,1,0,0,1,0,0,0,0,1,0,0,7,2,0,1,0,1,0,0
176,1481,COLÉGIO ESTADUAL JAYME CANET,"RUA ANA APARECIDA LOPOS CANET, 133",XAXIM,-25.49982593,-49.26591609,57,0,6451,4800,266,229,0,10,9,3,32,10,2,3,16,1,1,0,0,8,4,40,0,14,0,13,3,5,50,3,2,5,0,0,0,3,0,0,6,4,3,0,0,1,14,6,3,1,2,1,3,0,0,2,4,22,2,0,0,4,1,0,4,43,19,1,2,180,0,24,14,13,2,0,0,8,1,7,5,2,19,0,0,1,5,0,0,8,0,9,6,16,0,1,3,0,0,485,1,50,6,0,3,2,0,16,4,3,1,2,14,33,0,0,2,3,0,0,0,0,7,0,0,4,0,1,1,1,0,6,34,1,0,0,1,0,0,4,3,0,12,0,8,0,7,3,5,1,0,3,0,8,3,16,17,12,13,0,2,3,18,27,11,0,2,0,3,0,23,15,8,6,0,16,2,24,27,0,1,3,0,3,0,0,0,1,0,2,2,1,3,455,0,0,1,3,0,2,0,1,0,1,11,5,3,0,4,0,1,0,0,28,3,0,0,3,0,7,0,0,0,0,0,0,0,0,14,0,1,1,0,0,37,1,0,0,1,15,6,3,1,0,1,0,0,27,21,0,0,29,2,6,1,0,0,2,0,0,0,2,7,0,0,0,8,3,4,2,10,1,32,1,13,0,3,1,21,6,1,0,0,0,25,1,5,3,4,0,6,1,9,2,0,6,6,2,1,58,35,11,1,32,3,2,55,1,2,2,0,3,0,2,0,16,0,0,2,0,0,2,1,1,1,0,1,1,5,0,0,1,84,0,3,0,0,2,23,0,0,0,2,0,0,2,0,0,1,0,1,0,3,0,0,4,0,5,1,0,0,0,1,0,0,0,0,1,2,0,0,0,1,0,0,6,1,0,0,0,0,0,0,2,0,0,0,0,0,0,0,0,0,0,0,1,0,0,0,1,1,3,0,0,0,0,1,6,0,0,0,3,0,2,0,0,0,1,0,0,2,1,4,0,1,1,0,1,0,3,0,0,1,0,0,2,0,0,0,23,0,9,1,0,0,5,0,4,0,4,0,15,16,0,0,3,2,0,0,0,11,68,0,0,2,0,0,1,0,0,2,0,1,5,1,0,0,0,0,0,0,0,0,5,1,0,0,9,1,5,1,12,1,0,1,3,0,0,0,42,1,1,1,41,27,0,0,0,8,0,1,0,9,1,3,6,1,0,4,0,17,0,12,1,0,9,1,3,0,0,0,0,11,0,0,5,5,0,19,0,15,1,6,3,4,2,2,5,0,0,4,0,0,0,6,0,2,1,0,0,2,0,1,1,0,2,1,14,6,0,0,6,16,0,10,1,0,0,1,0,0,1,0,0,9,0,1,0,1,2,1,0,0,1,12,1,0,0,0,2,2,4,0,1,0,8,0,2,2,3,15,7,5,0,0,0,0,0,2,33,29,4,5,0,2,41,0,2,7,1,0,1,0,0,2,106,2,3,0,0,0,0,0,0,39,2,0,0,1,0,0,0,0,0,0,0,13,0,0,1,0,1,1,0,0,3,0,0,0,1,1,0,1,0,0,1,5,1,0,0,0,0,16,10,0,0,1,0,3,0,15,3,0,0,3,2,2,5,3,1,29,21,4,0,0,5,31,5,0,1,0,0,0,0,18,0,1,77,10,0,1,3,1,2,0,3,2,7,9,5,0,0,1,0,0,0,0,14,0,0,0,9,2,0,1,0,1,1,2,0,0,0,3,0,0,0,0,0,0,0,11,3,0,3,0,0,0,2
176,1490,COLÉGIO ESTADUAL JOÃO PAULO II,"RUA JOÃO BARBOSA DE ALMEIDA, 545",XAXIM,-25.51624423,-49.26984176,57,0,4195,2936,263,129,0,4,3,6,19,12,0,3,9,1,2,0,1,4,3,24,1,19,1,11,3,3,26,0,4,9,0,0,1,3,0,0,1,0,4,0,2,6,20,2,1,2,1,0,1,0,0,0,6,29,1,0,0,49,0,1,1,3,2,2,1,100,0,13,3,6,2,0,0,7,0,2,0,1,7,0,0,0,4,0,3,5,5,3,0,1,0,0,0,0,1,93,0,54,0,0,0,5,0,28,4,4,3,2,14,10,0,0,0,1,0,0,0,0,3,0,0,0,0,0,0,0,0,4,30,0,0,0,0,0,0,1,1,0,7,0,4,0,3,0,1,0,0,3,0,3,7,10,7,17,9,0,0,1,12,27,4,1,1,3,0,0,31,6,2,8,0,12,10,15,13,0,1,1,0,0,1,0,0,0,1,0,0,0,0,13,1,0,0,0,0,2,0,11,0,0,17,0,0,0,2,1,0,0,0,338,3,1,0,1,0,1,1,0,4,7,1,0,2,0,2,0,0,0,0,3,13,0,0,0,0,7,15,3,0,0,0,0,0,11,3,0,0,7,0,1,3,0,0,0,3,0,0,1,1,2,0,0,1,2,7,8,5,0,6,1,8,0,1,0,17,3,1,0,0,0,19,2,1,3,0,0,1,0,6,0,0,1,6,0,0,20,29,10,0,17,3,0,35,3,0,0,1,0,3,1,0,3,3,0,4,0,0,1,1,3,1,0,0,0,2,0,0,1,7,0,0,3,0,1,38,0,0,0,0,0,0,0,0,1,0,0,0,3,0,0,0,0,0,0,0,0,0,0,7,1,1,0,2,0,5,0,0,0,1,1,0,1,5,0,0,0,0,0,0,0,0,1,1,0,0,0,0,0,0,0,0,1,0,2,0,0,1,0,0,0,0,0,0,3,0,0,2,5,0,0,0,0,0,1,2,0,0,1,0,0,0,0,0,0,0,0,0,1,1,0,0,1,4,0,0,11,0,6,0,0,0,0,0,1,0,2,1,0,2,0,0,1,0,0,0,0,3,22,1,0,1,0,0,0,0,1,1,0,1,0,0,0,0,0,0,0,0,1,0,3,1,0,0,11,0,0,2,9,5,0,0,0,0,0,1,13,0,1,2,24,5,0,1,1,2,0,2,1,6,0,3,7,0,0,2,0,26,0,0,0,0,1,0,1,0,0,0,1,7,0,0,1,5,0,6,0,5,0,1,0,1,0,0,1,0,0,0,0,0,0,0,0,3,1,0,0,3,0,9,0,1,0,0,8,11,0,1,1,12,0,8,0,0,0,0,0,0,3,0,0,0,0,0,0,0,0,2,0,0,2,0,0,0,1,1,5,2,0,0,4,0,2,0,1,1,0,3,4,0,0,0,0,0,0,1,14,15,0,0,3,1,44,3,0,2,0,0,1,0,0,0,57,0,2,0,0,1,0,0,0,17,8,0,0,2,0,0,0,0,0,0,1,11,0,0,0,0,0,0,0,0,1,0,0,0,0,1,0,0,0,1,0,5,0,0,0,0,0,13,0,0,0,0,0,4,0,9,9,0,0,0,1,2,1,2,0,17,7,7,0,5,5,21,7,0,1,0,0,0,0,4,0,0,101,9,1,4,2,0,1,0,1,4,5,6,3,0,0,0,2,1,1,0,0,0,0,0,3,6,0,1,0,0,0,1,0,0,0,0,0,0,0,1,0,0,0,7,1,1,1,0,0,0,0
176,1503,ESCOLA MUNICIPAL DAVID CARNEIRO,"RUA JOÃO BATISTA ZAGONEL PASSOS, 1197",XAXIM,-25.52296634,-49.26669479,57,0,3925,2826,245,163,0,1,3,7,21,2,0,3,15,0,6,0,1,2,2,14,2,11,1,11,2,2,33,0,5,6,0,0,0,1,1,0,6,0,4,0,5,0,17,0,1,2,1,1,0,1,0,0,0,24,2,0,0,13,0,2,1,9,1,0,0,102,0,24,4,2,1,0,0,40,0,1,2,2,9,1,0,0,2,0,0,5,5,4,2,2,0,0,2,2,0,63,0,35,2,0,0,6,0,4,4,5,3,0,10,4,1,0,0,1,0,0,1,0,1,0,0,3,0,0,0,0,0,4,53,0,0,0,0,0,0,0,3,0,4,0,17,0,4,0,2,2,0,5,0,2,24,2,10,27,5,0,1,4,1,20,10,0,1,2,1,2,47,8,1,5,0,8,7,9,13,1,1,3,0,3,0,0,2,0,0,0,3,0,2,17,1,0,1,2,0,0,0,11,0,0,4,0,4,0,2,0,0,1,0,75,2,0,0,0,0,0,0,0,3,4,0,0,3,0,0,0,0,0,0,0,31,0,0,0,1,4,13,0,0,0,1,0,0,8,2,1,1,17,0,0,2,1,0,0,0,0,0,0,6,0,0,0,2,2,3,3,7,0,3,0,14,0,1,1,13,1,3,2,0,0,15,1,1,3,0,0,0,0,5,0,0,3,8,4,0,22,20,14,1,22,5,0,34,0,0,2,0,0,3,0,0,5,3,0,1,0,0,0,3,2,1,0,1,2,1,0,0,1,0,0,1,0,0,0,18,0,0,0,0,2,0,1,0,2,0,0,0,0,0,0,0,4,0,0,0,0,0,0,2,0,0,0,2,0,0,1,0,0,1,1,0,1,4,0,0,0,0,0,0,0,0,0,1,0,0,0,0,0,0,0,0,0,0,1,0,1,0,1,0,0,0,0,0,8,0,0,0,9,0,0,0,0,1,2,2,0,0,0,0,0,0,0,0,0,0,1,0,3,1,0,0,2,6,0,0,10,0,3,0,0,0,2,0,3,0,0,1,3,2,0,0,1,2,1,0,0,4,38,0,0,0,2,0,0,0,0,3,0,1,5,0,0,0,0,3,0,0,0,0,7,0,0,0,18,0,0,1,5,0,0,0,1,0,0,0,8,3,4,0,21,19,0,1,0,16,0,4,1,4,0,0,4,0,0,1,0,7,0,0,2,0,3,1,2,0,1,1,0,5,0,0,0,5,0,6,1,4,0,2,1,3,0,0,4,0,0,5,0,0,0,0,0,0,0,0,2,5,0,16,3,3,1,0,8,7,3,0,1,7,3,9,0,0,3,0,0,0,0,0,1,0,2,0,0,0,0,0,0,0,4,2,5,0,1,0,2,2,15,0,3,0,2,0,0,1,0,3,13,6,0,0,0,0,0,0,21,6,0,1,0,2,36,3,0,1,1,0,1,2,0,0,54,1,0,0,0,0,0,0,0,31,20,0,0,1,0,2,0,0,0,0,0,18,1,0,0,0,0,1,0,1,0,0,0,0,0,2,0,0,1,1,0,1,1,0,1,0,0,6,3,0,0,1,0,1,0,14,5,0,0,0,4,1,1,7,0,8,6,4,0,9,4,14,26,0,2,0,0,0,1,7,0,1,143,8,0,3,9,1,1,1,2,1,2,8,26,0,0,0,1,2,1,0,5,0,0,0,16,1,0,1,0,0,0,0,0,0,0,0,1,1,0,0,0,0,0,6,3,0,0,0,0,0,0
176,1511,ESCOLA MUNICIPAL FRANCISCO DEROSSO,"RUA FRANCISCO DEROSSO, 905",XAXIM,-25.49858002,-49.26741347,57,0,2902,2146,138,101,0,4,3,2,17,3,0,2,12,2,0,1,1,3,1,6,0,4,0,2,1,3,19,0,3,2,0,0,0,0,0,0,0,1,1,0,0,3,15,2,0,1,2,0,0,0,0,2,4,4,0,0,0,5,0,0,1,18,3,0,0,63,0,6,9,4,5,0,0,3,0,1,1,0,12,0,1,0,0,1,0,5,3,0,5,4,0,0,0,0,0,174,0,18,1,1,8,1,1,11,4,1,0,0,6,7,1,0,0,5,0,1,1,0,4,0,0,1,0,0,1,0,0,1,12,1,0,0,1,0,0,1,2,0,3,0,6,0,2,4,2,1,0,1,1,4,0,11,8,5,7,0,1,2,7,21,8,0,0,0,3,0,6,17,1,4,0,7,0,9,11,0,0,3,0,0,0,0,0,2,0,2,1,0,1,143,0,0,0,2,1,2,0,0,2,0,3,0,0,0,1,0,0,0,0,11,3,0,0,0,0,1,0,0,0,3,1,0,0,0,5,0,1,0,0,0,17,0,0,1,0,2,0,0,0,0,4,0,0,9,9,0,0,15,0,7,0,1,0,1,0,0,0,1,3,0,0,0,3,1,7,3,7,1,11,1,10,0,1,1,14,4,1,1,0,0,12,1,4,4,1,0,0,0,11,2,0,1,2,1,0,26,18,1,0,14,2,0,30,4,0,1,0,0,0,1,0,6,1,0,1,0,0,0,0,1,0,1,0,1,0,0,0,1,33,1,0,0,0,1,17,0,0,0,0,0,0,2,0,2,0,0,0,0,1,0,0,2,0,2,0,0,0,0,0,0,0,0,1,0,1,2,0,0,2,0,0,3,0,0,0,0,0,0,0,1,0,0,1,0,0,0,0,0,1,0,0,0,0,0,0,0,1,0,1,0,0,0,0,1,0,0,2,2,0,0,0,0,0,1,0,0,1,0,0,0,1,0,0,0,0,0,0,0,0,0,0,1,0,0,0,16,0,5,0,0,1,0,0,1,0,1,2,4,6,0,0,1,0,0,2,1,6,42,0,0,0,0,1,1,0,0,1,0,0,8,0,1,0,0,0,0,0,0,0,1,1,0,0,3,0,0,0,3,1,0,0,1,0,0,1,26,0,2,0,27,7,0,0,0,0,0,5,0,3,0,0,0,0,2,0,0,12,0,4,0,0,4,0,0,0,1,0,1,2,0,0,0,2,0,12,0,4,0,3,2,1,0,1,1,0,0,0,0,0,0,1,0,0,0,0,2,1,0,0,0,1,3,0,5,8,0,0,2,9,2,2,0,0,0,1,0,0,0,0,0,0,0,0,0,0,1,1,0,0,2,6,0,0,0,0,1,0,2,0,0,0,3,0,1,0,3,2,2,4,0,0,0,0,0,0,14,17,0,0,0,2,30,0,0,0,2,0,0,0,0,0,52,0,1,0,1,2,0,0,1,22,0,0,1,2,0,1,0,0,0,0,0,7,1,0,0,0,1,0,0,0,2,0,0,0,0,0,0,0,0,3,0,4,2,0,1,0,0,12,0,0,0,0,0,2,0,5,4,1,0,3,5,1,1,1,1,17,2,6,1,5,2,15,5,0,2,2,0,0,0,10,0,3,26,5,0,0,0,1,2,0,1,0,1,3,1,0,0,1,1,0,0,0,10,0,1,0,11,3,0,0,0,0,1,1,0,0,1,3,1,1,2,0,0,0,2,2,2,0,0,0,1,1,0
176,1520,ESCOLA MUNICIPAL UMUARAMA,"RUA FREI TEÓFILO, 730",CAPÃO RASO,-25.50237081,-49.30343979,58,0,2690,1974,173,100,0,0,5,2,9,6,1,2,6,0,0,0,0,3,1,11,1,5,0,6,1,2,28,0,0,7,1,0,0,0,0,0,1,0,1,2,0,0,17,0,3,1,0,0,0,4,0,0,0,1,0,0,0,0,0,0,1,0,0,0,0,30,0,9,0,10,0,0,1,3,2,5,2,0,15,1,2,1,1,2,8,6,4,1,13,0,0,0,2,1,0,3,0,2,1,0,1,0,0,11,9,1,0,1,2,6,0,0,0,1,0,0,0,0,1,0,0,2,0,0,0,1,0,1,19,0,0,0,0,0,0,0,0,0,3,0,9,0,13,0,0,0,0,2,0,6,2,15,10,3,5,0,1,2,11,10,2,0,1,0,1,1,3,8,6,37,0,148,4,9,9,0,0,4,0,0,0,0,1,0,1,0,0,0,1,5,0,3,0,0,0,0,0,0,0,0,9,1,0,2,0,0,2,0,0,1,5,0,2,4,0,0,0,0,6,0,14,0,0,0,0,0,0,0,0,5,14,0,1,0,0,4,3,0,0,1,32,0,0,1,9,0,0,10,0,1,1,4,0,0,0,0,0,0,1,0,0,0,1,4,2,1,3,0,7,0,7,0,0,0,11,2,1,0,0,0,6,0,0,2,0,0,1,0,3,0,0,1,2,4,0,9,10,0,1,11,7,0,4,1,0,2,0,0,0,0,1,2,1,0,0,1,0,0,0,1,0,0,0,0,2,0,0,0,0,0,1,0,0,0,28,0,0,0,1,0,0,1,0,0,1,0,0,0,0,0,0,0,0,0,0,0,0,0,0,0,0,0,1,0,0,0,0,0,0,0,0,5,0,0,0,0,0,0,1,1,0,0,0,0,17,0,0,0,0,0,0,0,1,0,0,1,3,0,1,0,0,0,1,0,0,0,1,1,0,0,0,0,2,3,9,0,0,1,1,0,0,0,0,0,0,3,0,0,0,0,0,0,0,0,1,8,0,0,0,0,1,2,0,3,0,0,0,0,1,0,0,3,0,0,0,0,2,29,0,0,2,1,0,2,0,0,2,1,8,0,0,10,0,1,2,0,0,0,0,1,0,0,0,4,0,0,4,1,0,0,0,0,0,0,0,3,5,1,0,14,3,0,1,0,0,0,0,0,6,0,2,1,0,0,2,5,0,0,0,0,0,2,0,0,0,0,0,0,1,0,0,0,7,0,5,1,1,0,3,0,1,0,0,4,0,0,1,0,0,0,0,0,0,0,0,0,30,0,0,4,0,1,0,9,2,0,2,0,19,1,6,1,0,0,1,0,0,0,0,0,0,1,0,1,1,1,0,0,0,2,0,1,1,1,0,2,0,10,1,2,0,2,0,0,1,2,6,2,0,0,0,0,0,0,0,13,13,0,0,0,6,24,0,1,0,0,0,1,0,0,0,35,1,1,0,0,0,0,0,0,27,1,0,0,0,0,0,0,0,0,0,0,11,0,0,0,0,0,0,1,0,0,1,0,0,0,0,0,0,0,2,0,6,0,0,0,1,0,8,1,0,0,0,1,1,0,6,6,0,0,4,5,2,2,20,0,158,6,4,3,1,0,1,9,0,0,0,0,0,0,8,0,1,12,5,0,0,0,0,1,0,0,0,0,11,0,0,0,0,0,0,0,0,4,0,0,0,13,2,0,2,0,0,0,0,0,0,0,0,0,0,1,0,0,2,0,4,6,0,0,0,0,1,0
176,1538,ESCOLA MUNICIPAL IVAIPORÃ,"RUA VEREADOR ADEODATO VOLPI, 550",CAPÃO RASO,-25.49607531,-49.2905843,58,0,1876,1447,69,67,0,1,0,5,15,6,0,1,4,0,0,0,0,4,0,11,0,5,0,3,0,3,9,0,0,11,0,0,0,4,0,0,1,0,0,2,0,1,5,0,1,3,0,0,1,0,0,0,1,8,0,0,0,0,0,0,4,1,0,2,0,26,0,2,5,2,1,0,0,11,0,1,3,1,9,0,0,0,1,0,0,4,1,1,0,0,0,0,0,0,0,10,0,3,5,0,0,0,0,5,3,0,1,3,5,7,0,0,0,0,0,0,0,0,2,0,0,0,0,1,1,3,0,0,4,0,0,0,0,0,0,0,2,0,4,0,7,0,1,0,1,0,0,0,0,2,2,39,3,7,5,0,1,0,6,9,3,0,0,0,1,0,0,2,4,8,0,72,2,2,5,0,0,0,0,0,0,0,0,1,1,1,0,0,1,3,0,1,1,0,0,2,0,1,0,0,6,1,0,0,2,0,0,0,0,2,2,0,0,1,0,0,0,0,0,0,2,0,0,0,0,0,0,0,0,2,12,0,0,0,0,4,1,2,0,0,1,0,0,7,4,0,1,10,0,2,0,2,0,0,0,0,0,0,1,0,0,0,1,1,2,1,1,1,5,0,3,0,0,0,9,0,4,0,0,0,10,0,2,0,1,0,0,0,1,1,2,0,1,0,0,9,6,3,0,11,2,0,7,0,0,1,4,0,2,2,0,3,0,3,0,0,0,1,1,0,0,1,0,1,3,0,0,0,0,2,1,0,2,0,9,0,0,0,0,0,0,0,0,0,0,0,0,0,0,0,0,1,0,1,0,0,0,0,0,1,0,0,0,0,0,0,0,0,0,0,0,1,1,0,1,0,0,0,0,0,0,0,0,0,1,0,0,0,0,0,0,0,0,0,0,0,0,0,2,0,0,0,1,1,0,0,0,7,1,0,0,0,0,0,0,0,1,0,2,0,0,0,0,0,0,5,0,0,0,0,0,0,0,0,0,4,0,0,0,0,0,1,0,1,0,4,0,1,2,3,0,0,1,0,0,0,3,37,0,0,1,0,0,1,0,0,0,2,1,2,0,1,2,0,0,0,0,0,0,0,6,0,0,1,0,0,0,2,0,0,0,0,1,0,0,3,0,0,1,22,2,0,0,0,1,0,0,0,4,0,49,2,0,0,0,6,0,0,0,0,0,2,0,1,0,1,0,4,2,0,0,0,1,0,6,0,1,0,0,0,3,0,1,4,0,0,0,0,0,0,1,0,3,0,0,0,3,0,0,2,0,0,0,5,2,0,0,0,7,0,6,1,0,0,0,0,0,1,0,0,0,0,0,0,0,0,0,0,0,1,0,0,0,0,0,2,0,2,0,2,0,3,0,1,0,1,2,3,0,0,1,0,0,0,0,12,6,1,0,0,0,14,1,0,2,1,0,0,0,0,0,19,0,0,0,0,0,0,0,0,17,0,0,0,0,0,0,0,1,0,0,0,3,0,0,0,0,0,0,0,0,2,3,0,0,1,0,0,0,2,2,0,0,1,1,0,0,0,7,3,0,0,0,1,1,0,4,1,0,0,0,3,0,1,2,0,254,7,2,0,0,0,2,4,0,2,0,0,0,2,14,0,4,0,0,0,0,1,0,1,0,0,0,0,2,0,0,0,2,0,0,0,0,7,0,0,0,3,1,0,0,0,0,0,2,0,0,0,1,0,0,0,0,0,0,0,1,0,0,0,0,0,0,0
176,1546,ESCOLA MUNICIPAL PROFESSOR LEONEL MORO,"RUA JOSÉ OSIRES BAGLIOLI, 408",XAXIM,-25.51766883,-49.27677172,66,0,2119,1614,159,95,0,4,5,3,8,0,0,1,4,1,0,1,2,0,1,10,1,2,0,4,4,0,20,2,2,2,0,0,0,0,0,2,2,0,0,0,1,1,17,1,1,1,2,0,3,0,2,0,0,12,1,0,1,11,0,1,2,1,0,0,0,50,0,15,3,4,1,0,0,4,1,1,1,0,5,0,0,0,2,0,1,4,5,4,4,0,0,0,0,0,0,12,2,2,0,0,1,1,0,14,2,4,1,1,3,4,0,0,0,1,0,1,0,0,2,0,0,2,0,1,0,1,0,0,27,0,0,0,0,0,1,2,0,0,0,0,4,0,0,0,0,0,0,1,0,3,11,5,4,1,1,0,0,0,5,27,0,0,0,3,1,0,27,10,5,15,0,12,5,13,12,0,3,2,0,0,0,0,0,1,0,1,1,0,1,2,0,0,0,0,0,0,0,3,0,0,3,0,2,0,1,0,0,0,0,38,1,0,0,0,0,0,0,0,3,2,0,0,0,0,0,0,0,0,0,0,8,0,0,0,0,3,7,0,0,0,1,0,0,4,5,0,0,4,0,0,0,0,0,0,0,0,0,0,0,0,0,0,2,0,2,0,3,0,5,0,4,0,1,0,7,1,1,0,0,0,8,0,6,4,0,0,2,0,3,0,0,0,8,2,1,14,4,0,5,8,3,0,12,2,0,0,1,0,0,0,0,10,0,0,0,0,0,0,0,0,0,0,0,3,1,0,0,0,0,0,0,0,0,0,16,0,0,0,0,0,0,1,0,0,0,0,0,0,2,0,0,2,0,0,0,0,2,0,0,0,2,0,0,0,0,0,0,1,1,2,0,1,1,2,0,0,0,0,0,0,0,0,0,0,0,0,0,0,0,1,0,0,0,0,0,0,0,3,0,0,0,0,0,0,0,0,0,9,0,0,0,0,4,2,0,0,0,0,1,1,0,0,1,1,0,3,0,0,0,0,0,1,0,0,0,3,0,3,0,0,0,0,0,1,0,0,0,2,1,0,0,0,1,0,1,0,3,22,0,0,1,0,0,0,0,0,3,0,1,0,0,0,0,0,0,0,0,0,0,3,0,1,0,3,0,0,1,1,0,0,0,0,0,0,0,11,0,3,0,12,6,0,0,0,2,2,0,1,1,0,5,4,0,0,2,1,0,0,0,0,0,0,0,0,0,0,0,0,3,0,0,1,1,0,9,0,0,0,0,0,0,0,0,3,0,0,0,0,0,0,1,0,0,1,0,0,9,0,12,0,0,0,1,6,3,0,0,0,3,0,13,0,3,2,0,0,0,2,1,0,0,0,0,0,0,0,0,0,0,1,0,0,0,1,0,3,0,2,0,0,0,0,0,0,0,0,0,5,1,0,0,0,0,0,4,17,8,0,1,0,0,36,2,0,0,0,0,0,0,0,0,35,0,2,0,0,0,0,0,0,10,0,0,0,0,0,0,0,0,0,0,0,8,0,0,0,0,1,1,0,0,0,0,0,0,0,0,0,0,0,0,0,0,0,0,0,0,1,3,0,0,0,1,0,1,0,9,5,0,0,0,1,2,0,2,0,27,9,8,0,2,1,2,15,0,0,0,0,0,0,3,0,0,132,3,0,2,0,0,0,0,0,0,2,3,17,0,0,0,0,0,0,0,6,0,0,0,5,4,0,0,0,1,0,1,0,0,0,1,0,0,0,1,2,0,0,1,0,0,0,0,1,0,0
176,1562,ESCOLA MUNICIPAL CASTRO,"RUA AYRTON PIZZATTO GUSI, 241",XAXIM,-25.52489568,-49.25626537,57,0,2226,1661,132,96,0,3,4,2,12,4,1,3,4,0,3,0,0,1,2,15,1,7,0,5,0,1,22,0,3,3,0,0,0,0,1,0,0,0,4,0,1,2,7,2,0,4,0,0,1,1,1,2,0,9,2,0,1,1,0,1,0,6,1,0,1,103,0,3,1,5,2,0,0,5,0,3,2,0,3,0,1,0,6,0,0,7,0,0,2,0,0,0,0,0,0,24,2,25,0,0,1,0,1,14,5,3,2,0,14,11,1,0,0,4,0,0,0,0,1,0,1,0,0,0,0,0,0,2,24,0,0,0,0,0,0,1,2,0,2,0,9,0,5,0,0,0,0,1,0,2,10,5,4,6,4,0,0,0,2,13,0,1,0,6,1,1,39,8,2,4,0,3,7,3,15,1,1,1,0,1,0,0,0,1,0,0,1,0,2,18,0,0,0,0,0,0,0,3,0,0,1,1,0,0,2,0,0,0,0,15,0,0,0,0,0,0,0,0,1,2,0,0,0,0,5,0,0,0,0,0,11,0,0,0,0,4,8,0,0,0,2,0,0,3,5,0,0,9,0,6,0,0,0,2,1,0,0,1,1,0,0,0,4,0,2,3,5,1,8,0,14,1,0,0,10,3,0,1,0,0,2,0,1,0,0,0,2,0,2,0,0,2,7,0,0,20,7,16,0,13,4,0,19,4,1,0,0,1,0,0,0,1,0,0,0,2,0,0,0,0,0,0,0,0,0,0,0,0,1,0,0,0,0,5,20,0,0,0,0,0,0,1,0,0,0,0,0,0,0,0,0,0,0,0,0,0,0,0,0,0,0,0,0,1,8,0,0,0,0,0,0,3,1,0,1,0,0,0,1,0,0,0,0,0,0,0,0,0,0,0,0,0,0,1,0,0,1,1,0,0,0,1,0,27,0,0,2,0,0,0,0,1,2,0,4,0,0,0,2,1,0,1,0,0,0,3,0,2,0,1,0,0,4,0,0,5,0,1,0,0,0,1,0,4,0,0,0,0,2,0,0,0,1,0,0,0,5,34,0,0,0,0,0,0,0,0,2,3,0,1,1,0,0,0,0,0,0,0,0,1,0,0,0,2,0,0,2,3,0,0,0,0,0,0,1,7,0,3,0,21,12,0,1,1,28,1,0,1,6,0,4,8,1,0,0,0,2,0,0,0,0,2,0,0,0,0,1,1,3,0,0,1,3,0,2,0,14,0,1,0,0,0,0,0,0,0,0,0,0,0,1,0,0,0,0,0,3,0,4,1,0,0,0,4,5,0,0,0,8,0,2,0,0,0,0,0,1,0,0,0,1,0,0,0,0,0,0,0,0,2,0,3,0,0,0,0,0,7,0,1,0,1,0,0,1,0,9,7,2,0,1,0,0,0,0,15,10,0,0,0,0,19,7,0,1,0,0,0,0,0,0,30,0,0,0,0,0,0,0,0,17,0,0,0,0,0,0,0,0,0,0,0,6,1,0,0,0,0,1,3,0,0,0,0,0,0,1,0,0,0,1,0,3,0,0,0,0,0,3,1,0,0,1,0,2,0,4,0,0,1,1,1,2,0,2,0,10,1,2,0,2,0,5,4,0,0,0,0,0,0,5,0,1,34,9,0,0,5,0,0,0,0,1,3,3,2,0,0,0,0,0,0,0,3,0,0,0,4,0,0,0,0,0,0,0,1,0,0,2,0,1,1,0,0,0,1,3,0,0,0,0,0,1,0
176,1570,COLÉGIO SOCIAL MADRE CLELIA,"RUA PROFESSOR WALDIR DE JESUS, 90",CAPÃO RASO,-25.50567939,-49.29682311,58,0,5945,4459,277,212,0,2,4,6,34,10,0,3,15,3,1,1,1,5,4,37,0,14,2,13,1,6,41,2,6,16,0,0,0,3,1,0,4,0,1,3,0,1,45,0,0,1,1,2,0,1,1,7,4,10,0,0,1,1,0,0,1,3,0,0,1,65,0,15,13,10,4,0,2,8,0,5,6,0,33,2,1,0,2,1,65,28,3,1,7,4,0,1,1,0,1,15,0,6,2,0,4,3,1,11,9,18,0,1,7,18,0,0,0,6,0,3,0,0,7,4,0,2,1,3,0,3,0,3,45,0,0,0,0,0,2,0,8,0,26,1,7,0,11,3,0,2,0,3,1,7,1,19,34,10,15,1,0,6,25,26,5,2,0,5,2,2,10,21,2,100,0,301,11,21,25,0,0,2,2,3,9,0,3,5,1,2,4,0,0,5,0,4,2,1,3,4,0,1,2,0,12,3,1,0,0,1,0,0,0,11,6,0,0,0,0,0,1,0,7,3,6,0,2,0,2,0,1,0,0,5,32,0,0,0,4,22,6,1,0,0,19,2,0,12,21,0,1,19,2,7,2,1,1,1,0,0,1,2,11,0,0,1,7,8,5,5,9,1,15,0,11,0,2,0,22,4,0,1,0,0,14,0,5,4,1,0,0,2,5,2,2,1,14,2,1,31,29,0,7,26,3,0,27,7,0,10,3,0,1,0,2,1,0,0,0,2,0,0,3,8,0,0,0,4,2,2,0,1,1,1,0,0,0,0,32,0,0,0,0,2,0,2,1,0,2,0,0,0,5,0,0,7,0,0,0,0,3,0,0,0,1,0,5,0,0,3,0,0,1,0,0,0,5,1,1,0,0,0,0,1,0,0,1,0,4,0,0,2,1,0,0,0,0,0,0,0,0,0,3,0,1,0,1,1,0,0,1,4,0,0,0,0,0,11,1,0,0,1,0,0,0,0,1,0,1,14,0,0,1,0,1,0,0,1,1,28,0,5,0,0,0,5,0,9,0,1,0,2,9,0,0,2,3,0,1,0,22,81,2,0,1,2,0,0,0,2,1,1,3,4,0,2,1,2,2,0,0,0,0,3,1,0,0,7,0,0,7,3,1,0,0,0,0,0,0,19,4,0,0,57,5,1,1,1,1,2,1,0,12,0,18,4,0,1,5,4,2,2,1,1,0,14,0,0,0,4,0,0,4,0,0,0,11,0,3,0,0,0,1,1,11,1,1,3,0,0,0,0,0,0,1,0,1,1,0,2,115,0,0,2,0,3,0,13,5,2,0,0,79,0,12,2,0,0,1,0,3,0,0,0,1,0,1,0,0,2,3,0,2,2,0,4,0,1,0,6,1,9,0,3,0,11,1,0,2,1,5,6,1,0,0,0,0,0,1,33,45,0,1,0,14,61,2,0,0,0,2,1,0,0,1,71,1,0,0,2,0,0,0,2,49,2,0,1,0,0,2,0,0,0,0,0,15,0,0,2,0,0,4,0,0,2,2,1,0,0,3,0,0,0,2,0,18,1,0,2,0,2,26,8,0,0,0,0,2,1,14,11,1,0,1,11,2,0,13,3,409,8,5,4,1,5,8,13,0,0,0,0,0,2,24,1,7,32,6,0,1,3,3,2,0,0,0,5,14,5,0,1,0,1,3,0,0,19,0,0,0,8,5,0,0,0,0,0,5,0,0,0,0,0,0,0,0,1,0,0,4,2,1,3,0,1,3,0
176,1589,COLÉGIO ESTADUAL NOSSA SENHORA APARECIDA,"RUA JOSÉ OSIRES BAGLIOLI, 150",XAXIM,-25.51676499,-49.27679417,57,0,2235,1568,140,93,0,0,5,0,9,4,0,1,1,3,1,0,0,2,1,11,1,7,0,6,2,1,17,1,4,2,0,0,0,0,1,0,1,0,1,0,0,1,24,2,1,1,0,0,0,1,0,0,2,8,1,0,0,41,0,1,0,1,0,0,1,29,0,7,2,1,0,0,0,2,2,0,1,0,3,0,0,0,2,1,0,7,6,3,4,0,0,0,3,0,0,30,0,2,0,0,0,1,0,5,5,7,3,2,3,5,0,0,0,2,0,0,0,0,3,0,0,0,0,0,0,0,0,1,17,0,0,0,0,0,0,0,0,0,0,0,4,0,1,0,1,0,0,1,0,3,8,3,1,5,6,1,0,0,6,13,3,0,0,1,0,1,28,11,3,12,0,15,4,8,5,0,0,1,0,0,0,0,1,1,1,0,0,1,2,10,1,1,2,0,0,1,0,2,0,0,3,0,1,0,0,0,0,0,0,52,1,0,0,0,0,0,0,0,1,0,0,0,0,0,2,0,0,0,0,0,9,0,0,1,0,3,9,0,0,0,0,0,0,3,4,0,0,2,0,1,2,0,0,1,0,0,0,1,2,0,0,0,5,0,1,1,5,0,2,0,2,0,0,0,7,0,5,0,0,0,6,2,2,0,0,0,0,0,5,3,0,2,2,1,0,11,12,1,1,6,1,0,9,2,0,1,1,0,2,1,0,3,1,1,0,1,0,0,0,0,0,0,0,4,1,0,0,1,1,1,0,0,0,0,20,2,0,0,0,0,0,1,0,0,0,0,0,0,0,0,0,5,0,0,0,0,0,0,1,0,0,3,2,0,0,1,0,0,0,0,0,0,1,0,0,0,0,0,1,0,0,0,2,1,2,0,0,0,0,2,0,0,0,0,0,0,0,0,0,1,0,0,0,2,0,0,0,9,0,0,0,0,2,4,0,0,1,0,0,0,0,0,0,0,0,0,0,0,0,0,0,0,3,0,0,3,0,2,1,0,1,2,0,3,0,0,0,1,2,0,0,0,1,1,0,0,1,13,0,1,0,0,0,0,0,1,1,0,0,0,0,0,0,0,5,0,0,0,0,2,0,0,0,3,0,1,0,1,1,0,1,0,0,0,0,6,0,4,0,12,10,0,0,1,1,2,0,0,7,0,3,1,1,0,3,0,2,0,0,0,0,9,1,0,0,0,0,0,4,0,2,1,1,0,5,0,0,0,2,4,1,0,0,4,0,0,0,0,0,0,0,0,0,0,0,0,11,0,8,0,0,1,1,0,5,0,0,0,2,0,5,0,0,0,0,0,0,2,0,0,1,0,0,0,0,0,0,0,0,3,1,0,0,1,0,0,1,7,0,0,0,0,0,0,0,2,1,7,0,0,0,0,0,0,1,18,8,0,0,0,0,17,0,0,0,0,0,0,0,0,2,35,0,2,0,0,0,0,0,0,10,1,0,0,0,0,0,0,0,0,0,0,4,0,0,1,0,1,0,2,0,2,0,0,0,0,2,0,0,0,0,0,2,0,0,0,0,2,5,1,0,1,0,0,1,0,10,2,0,0,0,1,0,0,5,1,24,3,4,1,4,2,5,9,0,0,0,0,0,0,6,0,0,137,0,0,0,2,0,1,0,2,1,0,3,8,0,0,0,3,0,0,0,2,0,0,0,7,4,0,1,0,0,0,0,0,0,0,0,0,0,0,0,0,0,1,1,2,0,0,0,0,0,0
176,1597,ESCOLA MUNICIPAL PARANAVAÍ,"RUA PEDRO SIEMENS, 691",XAXIM,-25.5125707,-49.26738444,57,0,3950,2928,213,125,0,1,6,4,33,6,1,1,7,2,2,0,0,3,1,26,1,9,0,14,5,1,27,1,2,18,0,0,0,2,0,0,1,0,2,0,0,0,16,1,1,0,2,1,3,1,0,0,1,22,0,0,0,15,1,0,0,9,3,1,0,117,0,17,4,5,0,0,1,5,0,0,5,0,10,0,0,0,3,1,0,3,2,7,1,8,2,0,1,0,0,160,0,38,2,0,1,0,0,33,5,3,1,2,9,11,0,0,0,3,0,1,1,1,5,0,1,0,0,1,0,0,0,7,32,3,0,0,0,0,0,0,3,0,10,1,7,0,5,0,3,0,0,4,1,5,0,10,3,16,9,0,0,4,4,32,5,0,0,5,2,0,22,6,3,1,1,19,6,18,16,0,1,2,0,0,0,0,2,4,0,0,0,0,1,38,0,0,0,1,0,0,0,2,1,1,11,1,0,0,3,0,0,0,0,172,0,0,0,1,0,0,0,0,1,2,2,0,0,0,8,0,1,0,2,0,19,0,0,0,0,6,8,3,0,0,1,0,0,14,6,2,0,14,0,0,1,0,0,1,0,0,0,0,6,0,0,0,9,2,1,2,9,1,9,1,11,0,0,3,16,2,1,0,0,0,10,0,7,0,2,0,1,0,5,0,1,0,8,3,0,22,8,25,0,11,5,0,41,0,0,2,0,0,3,1,0,5,0,0,1,0,0,0,1,4,0,1,0,2,0,0,0,0,23,0,0,0,0,0,38,0,0,1,0,0,0,1,1,0,0,0,0,0,3,0,0,0,0,0,0,0,0,0,0,0,0,0,3,0,1,0,0,0,1,0,0,2,1,0,0,0,0,0,0,0,0,0,1,1,0,0,1,0,0,1,0,0,0,1,0,2,0,0,1,0,0,2,1,10,0,0,1,9,0,0,0,0,0,0,3,0,0,0,0,2,0,1,0,1,0,4,0,2,0,0,0,1,1,0,0,15,0,13,0,0,3,3,1,3,0,2,0,2,7,0,0,0,1,0,2,0,4,41,0,0,2,0,0,0,1,0,0,0,1,0,0,0,0,0,1,0,0,0,0,1,1,0,0,21,0,1,0,4,1,0,0,2,0,1,0,23,1,0,0,16,17,1,0,2,9,0,2,0,10,0,3,1,1,0,1,0,20,0,0,1,0,2,0,0,0,2,0,0,19,0,0,6,2,0,12,0,8,0,0,0,2,0,0,4,0,0,0,0,0,0,0,0,1,0,1,0,10,0,0,1,0,0,0,7,9,0,0,0,8,1,5,0,0,0,1,0,0,0,1,0,0,1,0,0,0,0,0,0,0,5,0,0,0,0,0,2,1,1,0,0,0,1,0,0,1,1,7,9,7,0,1,1,0,0,0,26,11,0,0,2,2,39,3,1,0,0,0,0,1,0,1,62,2,0,0,0,0,0,0,0,37,4,0,0,0,0,0,0,0,0,0,0,6,0,0,0,0,0,0,0,0,1,0,0,0,1,0,0,1,0,2,1,4,0,0,0,0,0,5,3,0,1,1,0,1,0,4,15,0,0,7,2,0,2,3,0,26,8,5,2,1,1,22,7,0,2,0,0,0,4,14,0,3,104,3,0,4,5,0,1,2,1,0,4,5,8,0,0,0,0,0,0,2,9,0,0,0,8,6,0,0,1,0,0,6,0,0,0,0,0,0,0,0,0,0,0,11,0,0,0,0,0,0,1
176,1600,COLÉGIO ESTADUAL HOMERO BAPTISTA DE BARROS,"RUA FERNANDES VIEIRA, 17",CAPÃO RASO,-25.49640942,-49.28115187,58,0,3800,2793,172,124,0,2,4,6,15,9,1,0,7,0,1,0,1,3,1,24,2,10,0,6,2,7,28,0,2,17,0,0,0,2,0,0,2,0,1,4,0,1,27,3,0,3,4,0,0,0,0,3,2,12,3,0,0,1,0,0,10,8,0,0,0,49,0,12,8,4,3,0,0,3,0,2,3,0,17,0,0,0,1,0,2,8,1,0,0,5,0,0,1,2,2,47,1,8,28,0,3,2,0,8,8,2,2,7,1,9,0,0,0,5,0,1,0,0,4,0,0,1,0,1,0,3,0,2,8,0,0,0,0,0,0,1,2,0,9,1,11,0,11,0,0,1,0,7,0,8,2,24,6,13,15,0,1,7,10,24,10,1,0,0,0,3,13,8,5,10,0,144,0,6,7,0,0,1,0,0,0,0,1,3,2,1,0,0,0,14,0,6,0,1,0,1,0,3,0,3,5,5,0,0,0,0,1,0,0,2,2,0,2,4,0,0,3,0,0,0,3,0,0,0,3,0,0,0,3,2,24,0,0,0,1,9,2,0,0,0,4,0,0,7,6,0,0,7,0,2,2,3,0,1,0,0,0,1,2,2,0,2,7,4,7,4,5,0,16,0,12,0,0,0,11,1,1,2,0,0,19,1,1,0,1,0,1,0,10,0,0,1,1,2,0,16,19,0,0,16,2,0,16,0,0,2,9,0,2,0,0,6,0,0,1,0,0,4,0,1,0,0,0,2,1,0,0,0,0,0,0,0,0,0,21,0,0,0,0,0,0,0,0,0,3,0,0,0,7,0,0,0,0,0,0,1,0,0,0,2,0,0,5,0,0,1,0,0,0,0,0,4,2,0,0,0,0,0,0,0,0,0,0,0,2,1,0,0,0,0,1,0,0,0,0,3,0,1,7,0,0,0,0,3,0,0,3,11,0,0,0,0,3,1,0,0,6,0,0,0,0,0,0,1,0,9,0,1,2,0,0,0,0,0,0,10,0,1,0,0,2,3,0,8,0,2,4,0,3,0,0,0,3,8,0,1,13,49,0,0,1,0,0,0,1,0,3,2,2,1,1,2,2,0,3,0,2,1,0,1,0,0,6,4,0,0,0,2,0,0,2,0,0,1,0,23,0,0,2,29,9,1,0,0,0,0,0,2,8,0,82,1,0,0,9,1,2,0,1,0,0,12,0,0,0,0,0,1,3,0,0,0,8,0,56,0,6,0,6,0,4,0,7,1,0,0,1,0,0,0,2,0,3,2,1,0,10,0,0,0,0,2,1,12,6,0,0,0,22,0,6,0,0,6,2,0,0,0,0,0,0,0,0,0,0,1,1,0,0,1,0,2,1,0,0,6,0,10,0,2,0,7,0,2,5,1,8,2,0,0,3,0,0,0,1,21,23,1,2,0,2,48,1,0,1,1,0,0,0,0,3,39,0,1,0,0,0,1,0,0,33,0,0,1,1,1,0,2,2,0,0,0,9,0,0,0,0,0,3,0,0,1,0,0,0,1,2,0,0,0,0,0,5,2,0,0,0,0,18,3,0,0,0,0,3,0,10,5,0,0,2,3,0,0,3,1,261,8,5,2,2,0,9,1,0,0,0,0,0,3,11,1,2,10,5,0,4,0,1,0,0,0,0,1,8,0,0,0,0,0,0,0,0,9,0,0,0,3,2,0,2,0,0,0,5,1,0,0,1,0,0,8,0,1,0,0,4,3,0,1,1,0,1,0
176,1619,ESCOLA MUNICIPAL JORNALISTA CLAUDIO ABRAMO,"RUA OURO VERDE, 655",CAPÃO RASO,-25.50772735,-49.30164616,58,0,3660,2669,225,152,0,9,4,4,21,5,0,1,13,3,2,0,0,1,3,28,2,11,4,7,1,6,30,0,3,23,0,0,0,3,0,0,2,0,5,1,2,1,44,1,1,2,0,0,1,0,0,1,0,3,1,2,0,2,1,0,0,2,0,0,0,27,0,7,3,12,3,1,0,4,0,0,4,0,9,0,1,0,1,0,6,15,1,4,1,1,0,0,1,0,0,15,0,5,0,0,1,0,0,7,5,5,2,3,2,7,0,0,0,1,0,0,0,0,2,0,0,1,0,1,1,4,0,2,12,0,0,0,1,0,0,0,1,0,4,1,8,0,7,1,0,0,0,2,0,8,2,12,13,8,14,0,0,1,12,9,4,1,0,3,3,0,0,12,2,87,2,125,6,8,14,0,0,2,5,1,0,0,1,3,0,0,1,0,0,3,0,0,0,1,0,1,1,1,0,0,20,2,0,0,0,0,0,0,0,2,8,0,0,0,0,0,1,0,3,3,5,0,1,0,1,0,0,0,0,0,20,0,0,0,1,17,3,0,0,0,52,0,0,6,2,0,0,7,1,2,1,4,0,0,0,1,0,1,9,0,0,0,3,1,1,4,4,0,6,0,1,1,0,1,23,0,3,0,0,0,13,1,0,3,0,0,1,0,10,1,0,0,3,0,0,21,21,1,4,15,6,0,5,3,1,3,0,0,4,0,0,3,0,0,1,0,0,0,1,2,0,2,0,5,1,0,0,0,0,0,0,0,0,0,36,0,0,0,0,0,0,0,0,0,0,0,0,0,0,0,0,2,0,2,0,0,0,0,3,2,0,0,2,0,0,0,0,0,1,0,0,5,5,0,0,0,0,0,0,0,0,0,1,0,27,0,0,0,0,0,0,0,0,0,0,2,2,0,1,0,0,0,0,2,0,0,2,1,0,0,0,0,1,5,2,0,0,0,1,0,1,1,1,0,0,15,0,1,0,1,0,0,1,0,2,8,0,0,0,0,3,4,0,7,0,2,1,0,3,0,0,0,0,0,0,0,9,33,0,0,0,0,2,0,0,0,1,0,0,0,0,15,0,1,3,0,0,0,0,0,0,0,0,2,0,0,9,4,1,0,0,1,0,0,0,7,3,0,0,20,5,0,0,2,0,0,5,0,9,0,3,1,0,1,1,0,0,1,3,0,1,8,0,0,0,0,0,1,7,0,0,1,1,0,2,1,0,0,1,1,0,0,1,3,0,0,0,0,0,0,0,0,0,1,0,0,67,0,0,4,0,2,0,7,8,0,0,0,21,0,10,0,0,1,0,0,0,0,0,0,0,1,0,0,0,0,2,0,0,3,0,2,0,0,1,3,0,3,0,2,0,3,0,1,1,3,5,8,1,0,0,1,0,0,0,27,30,0,0,0,10,31,0,0,0,0,0,0,0,2,0,60,2,0,0,0,1,0,0,0,31,2,0,0,0,0,0,0,0,0,0,0,8,1,0,0,0,0,0,0,0,0,0,0,0,1,0,0,0,0,0,0,7,0,0,0,2,0,11,2,0,0,4,0,3,0,8,14,0,0,2,5,3,0,27,1,187,8,2,0,1,0,11,14,0,1,0,0,0,2,16,1,0,28,3,0,1,0,1,0,0,0,0,0,5,3,0,0,0,0,0,0,3,17,0,0,0,4,3,0,3,0,0,0,0,0,0,0,0,1,0,0,0,0,1,0,6,1,2,3,1,0,4,1
176,1627,COLÉGIO ESTADUAL JOÃO MAZZAROTTO,"RUA SANTA REGINA, 664",CAPÃO RASO,-25.50223933,-49.28947764,58,0,4716,3425,287,156,0,2,0,3,23,16,0,1,4,1,1,0,0,2,4,26,0,16,2,6,4,5,34,2,4,68,0,0,0,2,0,1,2,4,1,4,4,1,29,2,1,5,4,0,1,0,0,1,1,16,0,1,0,1,2,0,1,3,1,0,0,44,0,11,6,8,3,0,0,3,2,2,5,1,17,0,1,1,2,2,5,9,2,2,7,4,0,0,0,0,0,18,0,4,1,0,4,1,2,9,8,9,6,1,4,8,0,0,0,6,0,1,0,0,6,0,0,0,0,0,0,0,0,2,7,0,0,0,0,0,3,0,4,0,4,1,10,1,6,1,0,1,0,14,1,6,4,39,13,8,13,1,0,0,8,18,8,1,0,1,1,0,4,7,4,13,0,212,6,5,10,0,1,5,0,1,1,0,4,0,1,1,0,1,0,4,0,2,0,1,0,4,0,3,0,0,10,1,0,0,2,0,0,0,0,16,4,0,2,1,0,0,5,0,1,2,7,2,0,0,1,0,0,0,2,2,15,1,0,0,1,10,5,0,0,0,2,0,0,12,12,0,0,14,0,4,7,4,0,1,0,0,0,0,4,1,0,0,11,3,7,7,6,0,8,0,2,0,0,0,10,5,1,0,0,0,12,1,3,1,1,0,6,0,6,1,0,0,4,0,4,16,15,1,1,15,4,0,19,3,0,1,16,0,3,1,1,5,4,0,2,0,0,3,0,2,0,1,0,2,0,0,0,0,3,2,2,0,0,0,36,1,0,0,0,0,0,0,0,0,1,0,0,1,5,0,0,1,1,0,0,0,1,0,3,0,1,2,3,0,0,0,0,0,0,0,0,3,3,0,0,0,0,0,0,4,1,0,0,0,2,0,0,0,0,0,0,0,0,0,0,0,1,1,0,0,0,1,1,0,0,0,3,19,0,1,0,0,5,6,0,0,0,0,2,0,0,0,4,0,0,12,0,2,0,0,0,0,2,0,0,22,0,0,0,0,0,8,1,6,0,4,0,3,3,0,0,2,6,2,1,0,12,43,0,0,2,0,0,0,0,0,2,1,0,2,0,0,2,0,1,0,0,0,0,1,0,0,6,4,0,0,0,3,1,0,2,3,0,0,0,13,0,1,3,21,6,0,0,0,1,0,0,2,8,1,139,4,0,0,1,3,3,1,0,0,0,5,0,0,0,0,0,2,4,0,1,0,7,0,7,0,1,0,1,0,1,0,4,4,0,0,0,0,0,0,7,0,1,0,1,2,24,2,0,3,0,0,0,17,5,0,0,0,34,1,12,1,1,1,1,0,0,0,0,0,0,1,0,0,1,0,0,0,0,1,0,2,0,0,0,5,1,9,0,4,0,8,1,1,1,4,5,17,0,0,2,1,0,0,1,28,28,0,0,0,2,48,2,1,0,0,0,0,0,0,0,83,0,2,0,1,0,1,0,0,37,0,0,1,3,0,0,0,0,0,0,0,7,1,0,1,0,0,0,1,0,2,3,0,0,1,0,0,2,1,2,0,7,4,0,0,0,2,18,2,0,0,0,0,0,0,11,9,0,2,1,2,0,3,10,3,404,13,7,2,4,0,2,0,2,0,0,0,0,1,21,0,6,22,5,0,0,2,3,4,0,1,0,1,7,0,0,0,1,22,1,0,0,3,0,0,0,11,6,0,2,0,1,1,12,0,2,1,0,1,0,0,0,0,2,0,4,1,0,1,0,1,1,0
176,1635,COLÉGIO ESTADUAL EMÍLIO DE MENEZES,"RUA JOSÉ ZALESKI, 450",CAPÃO RASO,-25.5014171,-49.30137023,58,0,4781,3515,284,208,0,1,1,1,21,12,1,4,6,0,0,1,1,5,1,39,0,20,0,8,1,7,39,1,2,25,1,0,0,1,1,2,2,2,1,4,1,0,26,0,0,3,2,0,1,1,1,2,2,6,1,1,0,0,0,0,0,0,0,0,0,48,0,14,16,10,1,0,0,7,0,1,5,0,14,0,1,0,3,0,24,28,5,1,16,5,0,0,0,0,0,12,1,2,0,0,1,0,2,20,15,5,12,0,4,18,0,0,1,0,0,0,0,0,3,0,0,1,0,0,0,1,0,6,45,0,0,1,0,0,0,0,8,0,6,0,7,0,8,1,2,1,3,4,0,10,5,17,17,6,4,0,1,3,10,23,0,1,2,0,3,0,3,17,3,67,0,246,4,17,17,0,1,2,1,0,0,0,3,0,1,0,3,0,0,5,0,16,1,2,0,1,0,3,0,0,12,0,0,0,3,0,2,0,0,5,4,0,1,2,0,0,0,0,3,3,16,3,0,0,0,1,0,0,0,8,22,0,0,0,0,23,6,0,0,0,42,0,0,9,15,0,0,10,1,5,0,10,1,0,0,1,1,1,6,1,0,0,5,1,4,2,5,1,9,0,6,1,0,3,18,2,1,2,0,0,18,0,3,10,0,1,3,0,7,1,0,0,2,2,1,18,23,0,5,27,10,0,22,1,0,2,0,0,0,3,0,6,0,0,2,3,0,2,0,1,0,2,0,1,0,0,0,0,0,1,0,0,0,0,52,0,0,0,0,2,0,1,3,0,2,0,0,0,1,0,0,1,0,0,0,0,1,0,3,1,1,0,5,0,0,0,0,0,1,0,0,1,6,0,1,0,0,0,0,0,0,0,2,0,8,0,0,0,0,0,0,0,0,0,0,0,1,2,3,0,1,0,0,1,0,0,0,1,0,0,0,0,1,6,5,0,0,0,2,0,0,0,0,0,0,4,0,1,0,0,0,1,0,0,2,19,0,3,0,0,1,0,0,5,0,3,2,0,5,0,0,0,2,0,0,0,10,49,1,0,0,0,0,0,0,0,1,0,0,2,1,16,0,0,2,0,0,1,1,0,0,1,0,6,0,0,6,4,0,0,0,2,0,0,0,7,3,4,0,39,4,1,0,0,1,0,0,0,12,2,5,3,0,0,3,3,1,0,1,0,0,9,1,1,0,0,0,0,1,0,0,0,8,0,7,1,1,0,1,0,0,0,0,5,0,0,0,0,0,0,0,0,0,0,0,1,56,2,1,11,0,5,0,11,6,1,0,0,33,0,4,7,0,0,0,0,1,1,0,0,0,0,0,0,0,0,0,0,1,1,0,5,2,0,0,3,6,2,0,2,0,1,0,0,0,1,11,13,1,0,0,0,0,0,2,33,15,2,0,0,11,40,1,1,0,0,0,0,1,0,0,60,3,0,0,0,0,2,0,0,43,4,0,1,1,0,1,0,1,0,2,2,17,0,0,0,0,0,2,1,0,0,1,0,0,0,0,1,0,0,0,0,7,1,0,0,0,1,11,5,0,0,2,0,1,0,7,13,0,0,1,4,1,2,18,3,326,15,4,1,2,3,6,20,0,2,0,0,0,0,11,0,6,33,3,0,1,2,0,5,0,3,2,0,10,0,0,0,0,0,0,0,0,13,0,0,0,13,5,0,0,0,0,0,4,0,0,0,0,2,0,1,0,0,0,1,5,2,0,0,0,0,2,0
176,1643,FACULDADES BAGOZZI - XAXIM (ATUAL COLÉGIO STELLA MARIS),"RUA PROFESSOR NARCISO MENDES, 484",XAXIM,-25.503937,-49.269562,57,0,1836,1307,100,54,0,1,0,1,9,2,0,1,4,0,0,0,0,2,0,8,0,4,0,2,2,3,4,0,1,6,0,0,0,0,0,0,1,0,0,1,0,1,8,0,0,0,1,0,1,0,0,2,3,4,0,0,0,1,0,0,0,4,0,0,1,55,0,7,3,3,2,0,0,1,0,2,0,3,8,1,0,0,0,0,0,2,2,1,0,2,0,1,0,2,0,61,0,24,1,0,0,0,0,2,1,2,1,0,2,7,1,0,0,2,0,0,0,1,0,0,0,3,0,0,0,0,0,0,10,0,0,0,0,0,3,2,0,0,1,0,2,0,3,0,0,1,0,2,0,4,0,5,4,8,7,0,0,4,3,7,3,0,0,0,0,0,2,7,1,0,0,8,3,3,14,0,0,1,2,1,0,0,0,0,0,0,0,0,0,86,0,0,0,0,0,1,0,1,1,0,0,1,0,0,0,0,0,0,0,4,1,0,0,0,0,1,0,0,2,1,0,0,0,0,2,0,0,0,0,0,7,0,0,0,0,4,6,0,0,0,0,0,0,3,1,0,1,5,0,1,2,1,0,0,0,0,0,0,2,0,0,0,3,1,3,1,4,0,15,0,6,0,0,0,6,3,1,1,0,0,12,0,2,1,0,0,0,0,4,0,0,2,1,1,0,33,14,0,1,8,5,0,17,0,2,1,1,1,1,0,0,3,2,0,0,0,0,0,1,0,0,0,0,0,0,0,0,1,7,3,0,0,0,0,3,0,0,0,0,0,0,0,0,0,2,0,0,0,1,0,0,0,0,1,0,0,1,0,0,0,0,0,0,0,0,0,0,0,0,0,0,0,0,0,0,0,0,0,0,0,0,0,1,0,0,0,0,0,0,0,0,1,0,1,0,0,0,0,0,0,0,0,0,0,0,0,1,0,0,0,0,0,0,1,3,0,1,1,0,0,1,0,0,0,0,1,1,1,0,0,0,0,0,0,0,7,0,4,0,0,0,5,1,4,0,2,0,1,6,0,0,1,1,0,0,0,6,30,1,0,0,0,0,1,0,0,1,0,1,0,0,2,0,0,0,0,0,0,0,0,0,0,0,0,0,0,0,1,2,0,0,2,0,0,1,17,0,0,0,9,5,0,0,0,6,0,1,3,4,0,2,1,0,0,3,2,5,0,1,2,0,0,0,0,0,5,0,0,0,0,0,0,0,0,4,0,0,0,2,5,2,1,0,0,0,0,0,0,0,0,1,0,0,0,0,0,3,0,0,0,0,0,0,1,5,0,1,1,8,0,2,0,1,1,0,0,0,0,0,0,0,0,0,0,0,0,0,0,0,1,1,1,0,0,0,1,1,0,0,1,0,3,1,1,0,3,2,0,3,0,0,0,0,0,0,22,12,3,0,1,0,13,2,0,0,2,0,1,1,0,0,27,0,0,0,0,0,0,0,0,15,0,0,0,2,0,0,0,0,0,0,0,5,0,0,0,0,0,0,0,0,0,0,0,0,0,0,0,0,1,0,0,4,0,0,0,0,0,6,1,0,0,0,0,0,0,5,0,0,0,3,2,0,1,0,0,16,6,0,0,1,2,14,3,0,0,1,0,0,1,3,0,2,16,5,0,1,1,1,2,0,1,0,4,0,0,0,0,0,0,0,0,0,5,0,0,0,7,2,0,2,0,0,1,2,0,0,0,0,0,0,0,0,1,0,0,2,2,0,1,0,0,0,0
176,1651,COLÉGIO ESTADUAL SÃO PEDRO APÓSTOLO,"RUA PRIMEIRO DE MAIO, 1160",XAXIM,-25.51533999,-49.27630541,57,0,6432,4661,368,253,0,4,11,2,22,10,2,1,10,2,3,0,1,7,3,25,5,34,1,14,5,6,50,5,5,11,0,0,0,0,1,0,0,0,1,1,2,0,53,3,2,1,3,0,3,1,1,1,6,17,1,0,1,80,0,0,1,9,2,0,1,125,0,13,15,9,1,0,0,4,1,5,4,0,8,1,3,0,11,1,1,19,20,1,10,1,0,0,3,0,1,90,2,19,0,0,0,2,0,30,10,13,5,1,7,18,0,0,0,1,3,0,0,0,5,2,1,3,0,0,0,0,0,3,79,0,0,0,0,0,1,1,5,0,9,0,20,0,2,3,1,0,2,1,1,5,35,18,3,11,6,0,1,1,9,52,3,0,2,1,1,0,110,31,4,22,0,34,17,11,17,0,0,4,0,4,0,0,2,1,2,3,0,0,2,28,0,2,2,0,1,0,0,9,0,0,6,2,1,0,3,0,0,1,0,205,2,0,0,2,0,0,1,0,5,4,5,0,1,0,5,0,0,0,0,1,27,0,0,0,0,6,24,0,0,0,3,0,0,9,8,0,0,21,0,2,1,2,0,0,0,0,1,0,8,0,0,0,11,10,6,8,17,1,14,0,11,0,2,1,35,5,3,0,0,0,14,0,7,4,1,1,5,0,9,2,0,0,3,7,0,47,27,0,1,24,5,0,30,3,1,0,0,0,2,0,0,8,1,0,1,1,0,0,1,2,0,0,0,0,1,0,0,0,3,1,1,0,0,0,48,1,0,1,0,0,0,3,1,1,0,0,0,0,3,0,0,1,0,0,1,1,0,0,1,0,1,2,2,0,0,1,0,0,2,0,0,1,5,0,0,0,0,0,0,0,0,0,4,1,0,3,0,0,0,4,0,0,0,0,0,0,1,1,0,0,0,1,0,5,0,0,1,39,0,5,0,0,9,1,5,0,0,3,2,2,0,2,1,0,0,6,0,3,2,1,0,0,6,2,1,18,0,4,1,0,0,1,1,0,0,0,0,2,5,0,2,1,3,0,0,0,12,38,0,0,0,1,1,1,0,0,6,0,1,1,0,0,2,1,3,0,0,0,0,1,0,0,0,4,0,0,2,3,13,0,0,2,0,0,0,34,1,10,0,27,10,0,4,7,2,0,4,0,7,1,7,6,1,0,2,3,7,0,2,0,0,10,2,0,0,1,1,0,11,0,0,3,6,0,12,0,5,0,2,4,3,0,1,8,0,0,0,0,0,0,4,0,2,0,2,0,19,0,19,0,2,2,1,18,5,0,0,0,9,0,9,0,2,6,1,0,0,5,0,0,0,1,0,1,0,0,2,0,0,11,0,3,0,0,0,1,4,8,0,1,1,2,0,0,3,0,6,16,2,0,0,0,0,0,2,40,21,1,1,2,1,68,15,0,1,0,0,1,1,0,0,88,1,6,1,0,4,0,0,0,42,12,2,7,1,0,0,0,1,0,0,1,10,1,0,0,0,0,0,0,0,1,0,0,0,0,7,0,0,0,0,0,6,0,0,0,0,2,15,1,0,0,0,1,6,0,8,4,0,0,6,3,3,2,13,0,62,19,17,0,15,1,30,23,0,0,2,0,0,2,16,1,4,431,8,0,3,5,1,4,1,3,0,2,11,31,1,0,0,1,1,2,0,12,0,0,1,25,10,1,0,0,2,2,3,1,0,0,0,0,0,1,2,0,0,0,3,2,1,1,0,2,1,1
176,1660,COLÉGIO ESTADUAL PROFESSOR NARCISO MENDES,"RUA PROFESSOR NARCISO MENDES, 283",XAXIM,-25.50348731,-49.27197362,57,0,4104,3033,198,135,0,3,2,7,24,5,0,2,15,1,0,0,0,3,2,16,0,10,0,9,3,1,29,0,1,13,0,0,0,0,2,0,0,0,5,1,1,0,22,0,1,1,7,0,4,1,0,1,0,17,0,0,0,10,1,0,2,12,2,0,0,92,0,10,6,2,0,0,0,5,1,0,8,0,6,0,1,0,2,0,1,4,2,0,3,5,0,0,0,0,1,433,2,19,1,0,1,0,0,17,5,5,3,3,12,9,0,0,0,6,0,4,0,0,3,1,1,0,0,2,0,0,0,0,15,0,0,0,0,0,2,0,3,0,5,0,14,0,10,2,1,0,0,2,0,6,1,3,9,14,6,0,1,2,10,19,4,1,1,2,1,0,7,12,5,5,0,17,2,11,10,0,1,2,0,0,2,0,0,0,0,0,0,0,4,143,0,1,0,0,0,1,0,1,2,0,2,1,1,0,4,0,0,1,0,26,2,0,0,1,0,0,0,0,0,1,1,0,0,0,1,0,0,0,0,1,19,0,0,0,0,5,8,2,0,0,1,2,0,6,5,0,0,12,0,2,0,0,0,1,0,0,0,0,5,1,0,1,22,4,7,4,10,0,20,0,5,0,0,0,19,0,1,0,1,0,17,2,0,8,0,1,0,0,3,0,0,1,4,4,0,32,17,3,2,10,6,1,28,0,1,1,1,1,0,1,0,13,5,0,3,0,0,0,0,0,0,0,0,0,0,0,0,0,12,2,0,0,1,1,22,0,0,0,0,0,0,3,0,0,0,0,0,0,0,0,0,4,0,0,0,0,0,0,0,0,3,0,1,0,2,0,0,0,0,0,0,1,3,0,0,0,0,0,0,0,0,0,0,0,2,0,0,0,0,1,0,0,0,0,0,1,0,0,0,0,0,1,2,2,0,0,0,12,0,1,1,0,1,4,1,0,0,1,2,1,1,0,0,0,0,9,0,0,2,0,0,1,0,0,0,11,0,2,0,0,0,5,0,4,0,0,0,0,1,0,0,4,3,0,0,0,5,41,0,0,1,0,0,0,0,0,1,0,1,3,0,0,1,0,3,0,2,0,0,1,0,0,0,10,0,4,1,4,0,1,0,1,0,0,0,63,3,1,0,28,10,0,1,0,1,1,4,4,10,0,3,3,1,0,1,3,50,0,0,0,0,0,0,0,0,0,0,1,54,0,0,11,3,0,6,0,5,0,2,1,1,0,0,4,0,0,0,0,0,0,1,0,2,0,0,0,7,0,0,4,0,5,0,3,7,0,0,1,21,0,8,0,0,0,0,0,0,0,0,0,1,0,2,2,0,3,0,0,0,2,2,1,0,0,0,6,1,2,0,0,0,0,0,0,0,0,1,3,1,1,0,4,0,0,0,23,11,2,0,0,2,45,3,0,0,1,0,0,1,0,0,84,1,0,0,0,0,0,0,0,30,0,1,1,0,0,0,1,1,0,0,0,9,0,1,0,0,0,1,0,0,0,2,0,0,1,1,0,0,0,1,0,4,2,0,0,0,0,16,2,0,0,0,0,3,0,5,3,0,0,2,4,0,1,3,0,29,9,3,1,7,1,8,4,0,1,0,0,0,0,11,0,7,76,3,0,0,4,2,0,0,1,1,3,6,3,0,0,0,0,1,1,0,8,0,0,0,7,7,1,0,0,0,0,1,0,0,0,0,0,0,0,0,0,0,0,4,0,0,1,0,0,0,2
176,1678,ESCOLA MUNICIPAL JARDIM EUROPA,"RUA HERMENEGILDO BONAT, 26",XAXIM,-25.50544158,-49.279486,57,0,2485,1897,156,85,0,0,4,4,10,4,0,0,7,0,0,0,2,2,0,17,2,11,1,5,1,1,19,1,0,9,0,0,0,1,0,0,1,0,0,0,0,0,14,1,2,2,1,0,3,0,0,1,2,11,1,0,0,43,0,0,1,6,0,0,0,40,0,3,3,2,1,0,0,2,3,0,0,0,2,1,0,0,4,0,2,4,4,0,2,3,0,0,0,0,0,84,0,8,2,0,1,0,0,5,4,3,2,0,15,3,0,0,0,0,0,0,0,0,0,3,0,0,0,1,2,2,1,0,19,0,0,0,0,0,0,1,0,0,1,1,9,0,2,3,0,0,0,3,0,1,2,3,3,14,3,0,0,0,3,8,1,1,0,1,0,3,25,5,0,3,0,12,9,14,2,0,0,2,0,1,0,0,0,0,0,0,1,0,0,23,0,0,0,0,1,1,0,2,0,0,1,1,0,0,3,1,0,0,0,57,5,0,0,0,0,0,2,0,1,1,1,1,1,0,4,0,0,0,0,0,15,0,0,0,0,2,7,1,0,0,1,0,0,9,8,0,0,14,0,1,1,1,0,0,0,1,0,1,2,0,1,0,5,0,1,6,11,0,1,0,6,0,1,0,5,0,0,0,0,0,8,2,1,1,0,0,1,0,2,0,1,0,2,1,0,6,8,3,0,11,2,0,13,2,0,0,0,0,1,1,1,2,0,0,1,0,0,0,0,0,0,0,0,0,0,0,0,1,0,0,0,0,0,0,17,0,0,1,0,1,0,1,0,0,0,0,0,0,0,0,0,1,0,0,0,0,0,0,0,0,0,0,3,0,0,2,0,1,0,0,0,0,5,1,0,0,0,0,0,1,0,0,0,0,0,2,0,0,0,0,1,0,0,0,0,0,0,0,1,0,0,0,0,1,0,0,0,36,0,3,0,0,0,1,1,0,0,0,0,0,0,0,0,0,0,1,0,0,0,0,0,0,0,0,1,11,0,3,0,0,0,1,0,4,0,2,2,0,5,0,1,0,0,0,0,0,6,13,0,0,0,0,0,0,0,0,2,3,1,1,0,0,1,0,0,0,0,0,0,3,0,0,2,11,0,0,0,2,6,0,1,0,0,0,0,29,2,2,0,15,8,0,1,1,0,1,0,0,4,0,5,2,0,0,1,0,5,1,0,0,0,1,1,3,0,0,0,0,24,0,2,7,2,0,5,0,6,0,3,3,1,0,0,1,0,0,0,0,0,0,1,0,0,0,0,0,4,0,2,1,0,1,0,1,2,1,0,0,18,0,7,0,0,1,0,0,0,0,0,0,0,0,0,0,0,1,0,0,0,4,0,2,0,0,0,4,5,5,0,2,0,1,0,0,0,0,2,8,2,0,0,0,0,0,0,14,7,0,0,0,4,34,1,0,1,0,0,0,0,0,2,44,4,1,0,0,0,1,0,0,20,1,0,0,0,0,0,0,0,0,0,0,14,3,0,1,0,0,0,0,0,1,2,0,0,0,0,0,0,0,0,0,2,0,0,0,0,0,10,0,0,0,0,0,1,0,2,6,0,0,1,9,0,1,4,1,22,7,5,0,2,0,16,4,0,0,0,0,0,1,15,0,0,124,3,0,5,2,1,0,0,3,0,1,0,8,1,0,0,2,0,0,0,4,0,0,0,8,10,0,1,0,0,1,1,1,0,0,0,0,0,1,2,1,0,0,0,1,0,1,0,0,0,0
177,1260,UTFPR - UNIVERSIDADE TECNOLÓGICA DO PARANA,"AVENIDA SETE DE SETEMBRO, 3165 -",REBOUÇAS,-25.4386589,-49.2686415,8,0,4333,2853,216,136,0,1,4,3,44,2,0,4,8,2,0,0,0,18,1,23,2,22,3,8,1,26,16,0,2,0,0,0,0,1,1,0,3,0,9,0,0,5,88,0,7,0,2,1,3,2,0,4,1,3,0,0,0,0,1,0,1,2,0,0,0,61,0,4,38,2,4,0,1,7,3,4,3,0,19,3,0,1,2,1,0,7,3,1,1,4,0,0,0,1,0,3,2,5,0,0,4,0,0,2,3,3,1,1,3,75,4,0,0,7,1,8,0,0,5,0,0,0,0,2,1,5,1,4,5,0,1,0,1,0,0,1,21,2,23,1,4,0,22,1,1,0,0,2,1,25,0,28,60,12,38,0,0,11,28,27,15,0,1,2,1,1,3,19,16,6,0,5,3,5,50,0,0,1,8,1,2,0,0,1,0,1,1,2,0,2,0,0,0,6,0,1,5,0,2,0,2,11,0,2,2,0,1,0,0,0,1,0,1,2,1,1,2,0,0,0,0,0,0,0,0,0,0,0,2,0,27,0,0,0,0,2,1,0,0,0,1,0,1,14,11,1,2,17,0,0,4,1,0,1,0,0,1,2,6,1,0,0,8,0,5,0,17,1,15,1,9,0,1,0,4,0,0,1,1,0,22,2,1,0,2,3,0,0,3,1,3,0,0,5,0,10,28,0,5,35,6,1,12,5,1,0,0,0,1,0,0,1,2,1,2,0,0,3,1,1,0,0,0,1,0,0,0,0,1,0,1,1,0,0,3,0,0,0,0,0,0,0,0,0,0,0,0,0,0,0,0,4,0,0,0,0,2,0,0,2,0,0,1,0,0,0,0,0,0,0,0,3,0,1,0,0,0,0,0,0,0,0,2,0,1,0,2,0,0,0,0,0,0,0,0,1,0,0,0,0,0,0,0,0,0,0,3,0,1,0,1,0,1,6,0,0,0,0,0,0,0,0,0,0,2,2,0,1,0,0,0,0,0,0,0,33,0,2,3,0,1,5,0,6,0,3,0,0,8,0,0,1,2,0,0,1,34,66,2,1,0,1,0,1,1,0,0,4,7,5,0,1,0,0,4,0,0,0,0,0,1,0,0,2,0,1,0,4,0,0,0,0,0,2,0,2,1,1,5,41,9,0,1,3,0,0,0,0,15,0,0,4,0,0,1,0,0,1,1,0,0,15,1,0,0,0,0,2,0,0,0,0,5,0,5,0,0,0,3,1,7,0,0,1,0,0,0,0,0,0,1,0,1,1,0,0,1,0,0,0,0,0,0,5,41,1,0,0,18,2,7,0,1,1,4,0,0,0,0,1,1,2,0,0,0,2,3,0,1,0,0,1,0,0,1,7,1,1,0,2,0,19,0,6,2,1,3,0,4,0,2,1,0,0,1,41,35,3,0,1,0,20,0,0,0,3,3,0,0,0,1,17,1,3,0,1,0,0,0,0,45,0,0,0,1,0,0,0,1,0,1,1,7,2,0,0,0,0,0,0,0,1,0,1,0,1,5,0,1,0,7,1,26,5,0,0,1,0,64,16,0,0,0,1,2,0,7,0,2,0,6,2,0,1,2,1,9,3,2,4,3,1,9,2,0,0,0,0,0,0,17,0,3,17,11,0,2,0,2,3,0,3,0,7,23,0,0,0,2,1,2,0,0,44,1,0,0,4,3,0,1,0,1,0,2,0,0,1,0,0,0,0,0,1,1,2,6,0,2,0,0,0,0,0
177,1279,ESCOLA ESTADUAL LAMENHA LINS,RUA LAMENHA LINS  2185,REBOUÇAS,-25.45468558,-49.26812439,8,0,2080,1479,91,58,0,1,1,1,24,3,1,2,10,0,0,0,0,3,2,11,2,8,0,5,1,4,7,0,3,3,1,1,0,2,0,0,4,0,8,0,0,3,10,0,2,4,5,0,4,1,0,2,2,2,0,0,0,0,3,0,3,6,0,0,0,31,0,8,10,9,2,0,0,4,0,2,0,0,16,1,0,0,1,0,0,1,2,0,0,0,0,0,0,1,0,5,2,0,0,0,2,0,0,20,10,1,0,2,2,12,0,0,0,2,0,2,0,0,0,0,3,0,0,0,0,4,0,1,3,0,0,0,0,0,0,4,3,0,16,0,5,0,11,3,0,0,0,1,1,7,0,12,12,8,10,0,2,0,9,31,1,0,0,1,2,2,1,10,6,5,0,11,0,5,15,0,0,2,1,0,0,0,0,0,0,0,0,0,0,3,0,1,0,1,2,0,0,0,0,0,7,0,0,2,1,0,0,0,0,0,0,0,0,0,0,0,2,0,0,0,2,0,0,0,0,0,0,0,0,1,25,0,0,0,0,8,1,0,0,0,0,0,0,11,12,0,1,16,0,2,0,1,0,4,0,0,0,0,4,0,0,0,4,0,2,3,4,0,16,0,6,0,2,0,4,0,0,0,0,0,11,3,2,0,1,0,0,0,0,0,1,0,4,0,2,9,22,0,0,18,5,0,13,1,1,1,0,0,0,0,1,1,0,1,0,0,0,0,0,2,0,0,0,0,0,0,0,0,0,0,1,0,3,0,2,0,0,0,0,0,0,0,0,0,0,0,0,0,0,0,0,2,0,0,0,0,3,0,0,1,0,0,1,0,2,0,0,0,1,0,0,0,0,0,0,0,0,0,0,1,0,0,0,0,0,0,0,1,0,0,0,0,0,0,0,1,0,0,1,0,0,0,0,0,0,0,0,0,0,0,0,0,0,2,0,0,0,0,0,0,0,0,0,0,0,5,0,0,0,0,0,0,0,0,0,16,0,0,0,0,0,4,1,0,0,0,0,0,4,0,0,1,2,0,0,0,12,35,1,0,0,0,0,0,0,1,0,4,1,2,0,0,5,0,1,0,0,0,0,0,0,0,0,1,0,0,2,3,0,0,4,0,0,0,0,0,4,0,1,20,1,0,0,0,1,1,0,1,7,0,0,2,0,0,1,1,0,0,0,3,0,4,0,0,0,2,0,1,0,0,0,0,8,0,5,0,0,1,9,1,6,0,0,0,0,0,0,0,0,0,1,1,0,0,0,2,3,0,0,0,0,0,0,3,3,1,0,0,6,1,7,0,0,0,1,0,0,2,0,0,1,0,0,0,0,2,0,0,0,0,0,2,0,0,0,3,1,5,0,2,0,6,1,0,1,2,3,1,1,0,1,0,0,0,0,23,12,6,0,0,0,15,0,0,0,0,0,0,0,0,0,13,5,2,0,0,0,0,0,1,25,0,0,0,0,0,1,1,0,0,1,0,3,1,0,0,0,0,0,0,0,0,0,0,0,2,0,0,1,0,1,0,5,0,0,0,0,0,14,1,0,0,0,0,6,0,2,0,4,0,9,4,0,0,2,2,13,3,8,0,20,1,7,1,0,0,1,0,2,0,13,1,2,8,8,0,1,6,2,2,1,0,0,5,7,0,0,0,2,0,1,0,0,5,0,0,0,5,2,0,0,1,0,0,0,0,3,0,0,0,0,0,0,0,0,1,4,2,0,2,0,0,0,0
177,1287,OPET - ORGANIZACAO PARANAENSE DE ENSINO TECNICO,"AVENIDA GETULIO VARGAS, 902",REBOUÇAS,-25.44338439,-49.26907979,8,0,2792,2003,113,87,0,3,2,4,17,3,0,1,9,3,0,0,0,11,5,25,0,9,1,2,1,4,16,0,2,0,0,2,0,2,0,0,5,0,8,1,0,1,60,0,10,2,5,0,1,3,0,1,2,5,0,0,0,0,4,0,0,5,0,0,0,37,0,4,41,10,4,0,0,6,0,2,3,0,18,1,0,1,0,0,0,0,3,0,2,3,0,0,0,0,0,2,1,6,0,0,2,0,1,5,7,4,0,0,0,26,4,0,1,1,0,3,0,0,3,0,0,1,0,0,0,5,2,0,4,0,2,0,2,0,0,2,5,0,15,0,2,0,5,1,3,0,0,2,3,5,1,14,26,12,9,1,0,4,9,21,3,0,0,0,4,1,0,13,4,3,0,11,0,2,24,0,0,2,2,0,0,0,0,1,2,2,0,2,1,1,0,0,0,5,1,0,0,1,1,1,0,7,1,0,6,0,0,0,0,0,1,0,0,0,0,0,0,0,0,0,0,0,0,0,1,0,0,0,0,0,37,0,0,0,0,3,0,0,0,0,0,0,0,14,22,0,4,15,0,0,1,1,1,1,0,0,0,9,8,0,0,0,4,3,1,3,9,0,20,0,3,0,3,0,15,5,3,0,1,0,20,1,1,0,2,0,2,0,7,1,3,0,0,3,0,12,31,0,1,21,2,0,6,6,2,1,0,0,0,0,0,1,0,6,2,0,0,1,4,0,0,0,0,0,0,0,0,2,1,1,0,0,0,0,4,0,0,0,0,0,0,0,0,0,0,0,0,0,0,0,0,5,0,0,0,0,1,0,0,0,0,0,3,0,0,2,0,0,1,0,0,0,0,1,0,0,0,1,0,0,0,2,0,0,0,1,0,0,0,1,0,0,0,0,0,0,0,0,0,0,0,0,2,0,0,0,4,0,0,3,0,1,0,4,0,0,0,0,0,0,0,0,0,0,0,2,0,0,0,0,0,1,0,0,0,31,0,1,0,0,5,8,0,7,0,4,0,0,3,0,0,1,2,0,1,0,28,59,3,0,0,1,1,5,0,1,0,2,1,4,0,2,0,0,0,0,0,2,0,2,4,1,0,4,1,2,0,8,0,0,0,1,3,0,0,1,2,0,1,54,10,0,0,0,0,0,0,2,11,0,0,1,0,0,1,0,0,0,0,2,0,4,0,1,0,1,0,1,0,0,0,0,6,0,3,0,0,0,8,0,3,0,0,6,0,0,0,0,0,0,1,1,0,1,1,0,3,0,0,0,0,0,0,8,7,1,0,0,15,0,3,1,0,2,0,0,0,3,0,1,0,0,0,0,0,3,0,0,0,0,0,1,0,0,0,2,4,1,0,0,0,5,0,1,1,3,2,2,2,0,0,1,0,0,0,25,22,1,1,0,0,26,0,0,0,1,1,0,2,0,0,10,0,2,1,1,0,0,1,0,26,0,0,1,0,0,0,0,0,0,0,1,5,0,0,0,0,1,0,0,0,0,0,0,0,2,2,0,1,1,2,0,9,0,0,0,0,0,12,0,0,0,1,1,1,0,0,1,1,1,6,4,2,2,9,3,13,5,3,7,2,3,6,0,0,0,0,0,1,0,27,2,1,8,12,3,2,4,2,6,2,0,0,3,9,0,0,0,2,0,3,0,0,14,2,0,0,1,2,0,5,0,0,0,1,0,0,1,0,0,0,0,0,0,0,1,7,1,0,0,0,1,0,0
177,1309,ESCOLA ESTADUAL GUAIRA,RUA LAMENHA LINS 1962,REBOUÇAS,-25.45312038,-49.26944167,8,0,1622,1127,83,61,0,2,1,2,14,0,1,0,3,1,1,0,1,3,0,8,0,6,0,1,1,0,6,0,0,1,0,0,0,1,0,0,4,0,9,0,0,0,9,1,11,0,0,0,2,0,1,1,0,1,1,0,0,0,0,0,0,1,0,0,0,24,0,1,21,8,0,0,0,2,0,0,2,0,11,1,0,0,0,0,1,0,1,0,1,2,0,0,0,3,0,1,1,6,1,0,0,0,1,10,5,1,0,0,2,9,3,0,0,1,0,1,0,0,0,0,0,0,0,1,0,2,0,1,6,0,0,0,0,0,0,1,0,0,4,0,5,1,1,2,0,0,0,0,0,8,2,3,13,4,8,0,0,2,7,8,3,1,1,0,1,0,2,12,5,6,0,8,0,0,14,0,0,0,1,0,0,0,0,2,1,0,0,0,0,3,0,0,0,0,0,1,0,1,0,0,5,4,0,0,0,0,1,0,0,0,2,0,0,0,1,0,0,0,0,0,0,0,0,0,0,0,0,0,0,0,16,0,0,0,0,4,1,0,2,0,4,2,0,7,5,0,0,3,0,2,1,0,0,0,0,0,0,1,1,0,0,0,1,0,1,1,7,1,6,0,4,0,2,0,8,0,1,4,0,0,10,3,1,1,0,2,0,0,3,0,0,0,0,3,0,14,18,0,0,11,2,0,9,6,0,1,0,0,0,1,0,0,0,2,4,0,0,0,1,0,0,0,0,0,0,0,0,0,0,0,0,0,3,1,5,0,0,0,0,0,0,0,2,0,3,0,0,0,0,0,0,3,0,0,1,0,0,0,0,0,0,0,0,0,0,0,0,0,0,0,2,0,0,0,0,0,1,0,0,0,0,0,0,0,0,0,0,0,0,0,0,0,0,1,0,0,0,0,0,0,1,1,0,0,0,0,1,0,0,0,0,0,0,1,0,0,0,1,0,0,0,0,1,0,0,5,0,0,0,0,0,0,0,0,0,10,0,1,0,0,0,5,0,2,0,3,1,0,1,0,0,1,1,0,0,0,10,40,0,4,0,0,0,0,0,0,0,5,0,0,0,2,3,0,0,0,1,0,0,0,0,0,0,1,0,2,0,1,0,0,4,0,0,0,0,1,1,1,0,17,3,4,0,0,2,0,0,0,4,0,0,0,0,0,0,0,1,0,0,0,1,4,0,0,0,0,0,1,0,0,0,0,3,0,6,1,0,0,9,0,2,0,0,2,0,0,0,0,0,0,0,0,0,0,0,2,0,0,0,0,0,2,1,6,5,0,0,1,3,0,8,0,0,0,0,0,0,0,0,0,0,0,0,0,0,1,1,0,0,0,0,1,0,0,0,3,0,2,0,3,0,6,0,1,2,2,3,1,0,1,0,1,0,0,0,6,10,5,0,0,0,10,0,0,0,0,1,0,1,0,0,3,0,0,0,0,0,0,0,0,16,1,0,0,0,0,0,0,0,2,0,0,4,0,0,0,0,0,0,0,0,1,0,0,0,0,0,0,0,0,0,0,5,0,0,1,0,0,10,3,0,0,0,0,2,0,2,1,2,0,3,2,0,0,0,1,4,7,2,0,26,0,1,0,0,0,0,0,0,0,12,0,2,7,2,0,1,0,0,0,1,1,0,0,6,1,0,0,1,0,1,0,0,12,0,0,0,1,1,0,0,0,2,0,0,0,3,0,0,0,1,0,0,0,0,0,0,0,1,0,0,0,0,0
177,1317,UNICURITIBA (CENTRO UNIVERSITÁRIO CURITIBA),"RUA CHILE, 1678",REBOUÇAS,-25.45041763,-49.26517144,8,0,3669,2508,155,110,0,2,3,3,27,4,2,4,3,0,2,1,0,10,2,26,1,13,3,2,1,11,21,0,4,4,0,0,0,2,0,1,4,0,62,0,2,0,28,1,5,0,13,1,7,4,0,4,3,5,2,1,0,0,5,1,2,3,0,1,0,36,0,5,27,2,5,0,0,9,3,11,3,2,31,2,0,4,2,1,0,4,3,0,0,4,0,0,0,1,2,3,2,4,2,0,3,0,1,6,9,1,1,2,1,25,2,0,0,0,3,6,3,0,6,0,0,0,0,3,0,4,0,3,4,2,0,0,0,0,0,4,5,0,22,1,6,0,8,4,0,0,0,3,0,12,0,17,22,12,13,0,0,4,11,24,5,0,0,0,2,1,1,9,8,2,0,11,1,2,33,0,1,0,2,1,1,0,0,2,0,3,0,1,0,6,0,2,0,6,1,0,1,1,0,0,10,7,0,0,6,0,0,0,14,1,2,0,0,0,0,1,0,0,1,0,6,0,0,0,2,0,0,0,0,0,38,0,0,1,0,0,0,1,0,0,0,0,0,22,15,1,1,29,2,3,0,1,0,4,0,0,0,6,6,0,0,1,13,1,3,2,4,1,18,1,6,0,2,0,11,0,0,1,0,0,22,1,8,1,0,1,2,1,5,0,2,1,1,6,0,13,25,1,1,38,5,1,22,4,3,5,0,0,2,0,1,1,0,4,3,0,1,1,1,1,0,0,0,1,0,0,0,0,1,3,3,0,2,0,5,0,1,0,1,1,0,0,0,0,0,0,1,0,0,0,0,3,0,0,0,0,0,0,0,0,0,0,3,0,0,1,0,0,0,0,0,0,0,0,0,0,0,1,0,0,0,0,1,0,0,0,0,0,0,0,1,0,1,1,0,0,0,0,1,0,0,0,1,1,0,0,0,1,0,8,0,0,0,8,0,0,0,0,1,0,0,0,3,0,0,2,0,1,2,2,0,3,0,1,0,27,0,1,0,0,3,6,1,4,0,0,0,1,6,1,0,0,9,3,0,0,29,67,0,1,0,0,0,7,0,1,1,5,3,5,0,0,2,0,0,0,0,1,0,2,1,1,0,1,0,3,0,4,0,0,3,1,0,0,0,2,1,0,1,32,9,3,1,0,0,0,1,0,12,0,0,0,0,0,0,0,0,0,0,4,0,6,0,0,0,0,0,2,2,0,0,0,2,0,4,0,2,1,7,0,5,0,0,2,1,0,1,0,0,0,0,0,2,4,0,1,1,0,0,0,0,2,0,16,22,1,0,0,10,0,3,0,0,2,3,0,0,1,0,0,3,0,0,0,2,0,2,0,1,5,0,0,0,0,1,8,0,6,0,2,0,8,0,7,2,6,4,2,0,0,0,1,1,0,0,28,37,11,1,1,0,23,0,0,0,0,0,0,0,0,3,25,1,1,2,0,0,1,0,1,44,0,0,0,0,0,1,3,0,0,0,0,4,2,0,0,0,0,1,0,0,1,0,0,0,0,1,0,0,0,2,0,10,1,0,0,0,0,27,4,0,1,0,1,1,2,5,0,0,0,8,3,1,0,1,2,24,12,0,2,7,0,6,1,0,0,0,0,0,0,23,0,3,31,20,0,2,3,2,1,2,2,1,4,7,0,1,0,9,0,1,0,0,27,0,0,0,3,3,0,1,0,18,0,0,0,0,1,0,0,0,5,0,0,0,0,6,0,0,0,0,0,0,0
177,1333,ESCOLA MUNICIPAL DESEMBARGADOR MARCAL JUSTEN,RUA SANTA CATARINA  710,ÁGUA VERDE,-25.46327505,-49.28299252,9,0,3573,2672,133,106,0,0,2,3,39,2,1,1,7,1,1,0,1,18,0,36,3,16,1,5,1,2,18,1,3,7,0,1,0,5,0,0,5,0,2,1,0,1,19,0,7,3,1,1,3,2,1,2,2,0,0,0,2,1,0,1,0,6,0,9,2,71,0,2,26,8,4,0,0,7,3,7,6,0,29,0,0,0,2,0,1,5,10,1,4,0,0,0,1,1,0,3,0,2,0,0,1,0,0,17,5,2,2,1,0,44,4,0,0,1,0,2,0,0,6,0,0,3,1,2,0,3,0,0,3,0,0,0,5,0,0,1,8,1,27,0,8,0,7,2,2,0,0,1,0,22,0,21,32,15,19,1,0,7,14,29,6,1,0,4,2,1,4,13,6,5,0,12,2,3,43,0,0,0,1,0,2,0,0,1,1,2,1,0,0,4,0,0,1,2,2,3,4,3,4,0,7,0,0,0,1,0,1,0,0,1,3,0,0,0,0,0,0,0,0,0,0,1,0,0,0,0,0,0,0,1,37,0,0,0,3,7,1,0,0,0,12,0,0,10,21,1,5,6,0,3,0,0,2,1,0,4,0,6,12,3,0,0,5,0,0,2,4,1,14,1,5,1,4,0,16,1,0,3,0,0,22,2,3,2,2,3,6,0,5,0,0,1,0,4,0,16,40,0,0,42,1,0,21,7,0,1,0,0,2,0,0,0,1,1,1,0,0,2,0,1,0,0,0,1,1,0,0,0,0,5,0,0,2,0,9,0,0,0,0,0,0,1,0,0,1,0,0,0,0,0,0,6,0,1,0,0,0,0,0,0,0,1,1,0,0,1,0,0,0,0,0,0,0,0,0,0,0,0,0,0,0,0,1,0,0,0,0,0,0,0,0,1,0,0,1,3,0,0,0,0,0,0,0,0,0,0,0,0,0,0,0,0,0,4,0,0,0,0,0,0,0,0,0,0,0,4,0,2,1,0,0,1,0,0,0,41,0,1,1,0,1,12,1,9,0,4,1,3,11,0,0,2,10,0,3,0,22,63,2,1,2,0,0,1,1,1,0,78,1,4,0,5,1,0,2,0,0,0,0,1,2,7,0,1,0,1,0,0,0,0,0,0,0,0,0,2,3,0,0,76,12,2,1,4,0,2,0,0,12,0,3,2,1,2,1,1,0,0,0,0,0,8,0,1,0,3,0,0,4,0,0,1,11,0,8,0,0,0,37,0,10,0,1,3,0,0,0,0,0,0,0,3,2,0,1,2,0,1,0,0,2,0,1,11,5,0,0,0,10,1,9,3,0,1,1,0,0,1,0,0,1,0,0,0,0,1,1,0,1,0,0,1,0,0,0,5,1,7,0,1,0,16,0,2,3,6,6,1,1,1,2,0,0,0,0,26,39,5,0,0,0,21,0,0,0,1,0,0,2,1,0,15,1,0,0,1,3,0,0,0,42,0,0,1,0,0,0,6,0,0,0,0,8,0,0,2,0,0,0,0,0,1,0,0,0,0,1,0,0,0,4,3,9,0,0,0,0,0,15,2,0,0,0,0,3,0,4,3,4,1,10,5,2,1,4,1,58,5,4,7,11,0,6,1,0,0,0,0,0,0,16,0,2,9,9,0,4,1,2,2,0,1,0,7,19,1,0,0,0,0,1,0,3,32,0,0,0,11,1,0,2,0,1,0,0,0,2,0,0,0,0,0,0,0,0,0,13,2,0,3,0,0,0,1
177,1341,COLÉGIO STELLA MARIS (AGUA VERDE),"RUA PARÁ, 186",ÁGUA VERDE,-25.46248566,-49.27846939,9,0,1909,1429,88,67,0,3,4,4,15,1,0,0,8,1,0,0,0,7,1,10,0,6,1,2,0,5,11,0,1,0,0,1,0,1,0,1,1,0,1,2,0,1,4,1,7,0,2,0,0,0,0,4,4,0,0,0,0,0,0,0,2,5,0,3,0,22,0,2,26,4,0,0,0,5,2,1,1,0,14,0,0,0,1,1,0,2,2,0,0,2,0,0,0,0,0,4,0,6,0,0,0,2,0,16,5,0,0,0,0,34,0,0,0,4,1,3,0,0,5,0,0,0,0,0,0,3,0,0,1,0,0,0,1,0,0,1,2,0,13,0,2,0,6,0,4,0,0,1,0,17,0,4,12,10,7,0,0,4,10,19,6,2,0,0,2,2,2,12,7,0,0,13,2,7,14,0,0,2,1,0,0,1,0,3,1,1,0,0,0,3,0,0,0,2,0,2,0,0,0,0,4,2,0,0,1,0,0,0,0,0,1,0,1,0,0,0,0,0,0,0,0,0,0,0,0,0,1,0,0,0,19,0,0,0,3,7,0,0,0,0,1,0,0,3,10,0,1,13,1,3,1,0,1,0,0,0,0,4,4,0,0,0,3,1,0,1,6,4,4,0,5,0,2,0,7,1,0,0,0,0,4,1,1,0,0,1,1,0,6,0,0,0,0,2,0,6,11,0,0,21,2,1,13,3,0,5,0,0,0,0,0,1,1,1,2,0,0,3,1,0,1,0,0,2,1,0,0,0,0,0,0,1,1,0,4,0,0,0,1,0,0,0,0,0,0,0,0,0,0,0,0,0,0,2,0,0,0,0,0,1,0,0,2,0,0,0,0,0,0,0,0,0,0,0,0,0,0,0,0,0,0,0,0,0,0,1,0,0,0,0,0,1,0,0,0,2,0,0,0,0,0,0,0,0,0,0,0,0,0,1,0,0,0,1,1,0,0,0,0,0,0,0,1,0,0,1,0,1,0,0,0,0,0,3,0,16,0,0,0,0,0,0,0,5,0,3,0,0,8,0,0,0,9,0,0,0,15,64,1,0,0,0,0,1,0,0,0,26,0,4,0,0,1,0,0,0,0,0,0,0,0,1,0,0,0,0,0,4,0,0,0,0,0,0,0,0,0,1,0,21,9,0,0,0,0,0,0,0,4,0,0,1,0,0,2,0,0,0,0,1,0,7,0,1,0,0,0,0,2,0,0,0,2,0,2,0,0,0,17,1,2,0,0,2,0,0,0,0,0,0,0,0,3,1,1,0,6,0,0,0,0,4,2,8,6,2,0,0,6,0,3,0,0,1,5,0,0,0,0,0,0,0,0,0,0,1,0,0,0,0,0,1,0,0,0,1,2,0,0,1,0,8,0,0,0,6,0,0,4,0,1,0,0,0,0,14,21,0,0,0,2,17,0,0,0,0,0,0,1,0,1,4,0,0,0,0,0,0,0,0,18,0,0,0,0,0,0,1,0,0,0,0,3,1,1,0,0,0,0,0,0,0,0,0,0,0,0,0,1,0,2,0,3,0,0,0,0,0,17,2,0,0,0,0,4,0,1,2,0,0,1,3,0,0,1,1,23,2,3,1,3,0,4,4,0,0,0,0,0,0,10,0,4,4,12,0,7,2,0,0,0,1,1,2,8,2,1,0,0,0,0,0,0,19,0,0,0,3,1,0,3,0,0,0,0,0,0,0,0,0,0,2,0,0,0,0,5,0,0,1,0,0,0,0
177,1350,ESCOLA ESTADUAL PROFESSOR LYSIMACO FERREIRA DA COSTA,AVENIDA IGUACU    3012,ÁGUA VERDE,-25.44967343,-49.29047436,9,0,5307,3905,213,156,0,6,1,7,35,0,0,2,19,1,1,0,0,28,4,40,1,18,0,3,4,7,31,1,2,3,2,3,0,6,1,0,2,0,3,0,0,9,10,0,10,4,3,2,4,2,1,12,1,2,0,0,1,0,2,3,1,10,0,0,0,75,0,4,59,4,2,0,0,26,6,7,2,0,92,5,0,1,0,0,1,6,3,0,1,0,0,0,0,2,1,7,0,5,0,0,3,1,2,14,27,0,3,2,0,50,5,0,0,7,2,5,0,0,15,0,0,2,0,0,1,4,0,2,4,0,0,0,1,0,0,2,9,1,35,0,5,0,15,1,4,0,1,0,0,20,0,29,35,17,25,0,0,6,13,43,7,1,3,5,0,1,1,20,11,3,0,19,0,3,55,0,3,0,4,2,5,0,0,3,1,3,0,0,0,11,1,0,0,9,5,2,0,4,3,0,13,7,0,4,3,0,1,0,0,0,3,0,4,0,0,0,0,0,2,1,0,0,0,2,1,0,0,0,0,0,96,0,0,0,0,3,2,0,1,0,9,0,2,18,43,2,15,18,0,0,1,1,0,1,0,1,2,36,12,0,0,2,12,7,0,5,6,1,43,0,5,0,7,0,9,5,0,0,0,0,27,4,3,4,7,5,1,0,16,2,9,0,3,8,1,18,57,0,0,69,11,2,31,7,1,4,0,0,1,0,0,3,0,2,1,0,0,2,2,2,0,0,0,2,3,0,0,0,0,1,2,2,1,0,0,0,0,0,0,0,0,0,0,0,1,0,0,1,0,0,0,2,0,0,0,1,0,0,0,8,0,0,1,0,0,1,0,0,0,0,0,0,0,0,0,0,0,0,0,0,0,2,0,0,1,0,0,0,1,0,0,0,0,0,0,5,0,0,2,1,0,0,0,1,0,0,0,0,0,0,0,0,0,0,0,0,0,0,0,0,0,0,0,1,0,4,0,1,2,0,0,1,0,2,1,89,0,0,0,0,2,23,0,13,0,8,1,0,16,0,0,5,3,0,1,1,72,136,5,1,3,0,4,9,1,2,0,22,10,9,0,0,0,0,2,0,0,0,0,1,2,0,0,1,0,0,0,4,0,0,0,0,0,0,0,1,0,1,3,100,26,5,2,5,3,0,2,0,21,0,1,1,0,0,0,1,1,1,1,8,0,8,0,0,0,21,0,1,4,1,0,0,7,0,12,0,0,0,10,4,4,0,1,2,0,0,0,0,0,0,3,0,0,1,0,0,0,0,0,0,0,0,1,20,13,0,0,0,7,1,6,1,0,2,3,0,0,0,0,0,1,0,0,0,0,5,1,0,1,2,0,2,0,0,0,13,3,5,0,1,0,25,0,6,3,16,1,10,0,0,1,0,0,0,0,44,72,7,0,0,1,41,1,0,0,4,0,1,0,1,1,12,3,1,0,0,2,1,0,0,73,1,2,0,0,0,1,6,0,0,2,1,15,1,1,0,0,1,0,0,0,3,0,0,0,0,0,0,3,1,3,0,15,0,0,0,0,0,34,6,0,0,0,0,6,0,10,6,2,0,6,0,0,2,3,1,42,4,2,5,2,0,10,5,0,0,0,0,0,1,56,7,3,6,35,0,4,4,1,4,0,3,1,4,15,0,0,0,0,0,2,0,1,48,1,0,0,5,2,1,4,0,0,0,2,0,5,0,0,0,0,0,0,0,0,1,17,2,0,2,0,0,1,0
177,1368,COLEGIO SAGRADO CORACAO DE JESUS,AVENIDA IGUACU  1550,ÁGUA VERDE,-25.44473452,-49.27669345,9,0,6704,4749,266,173,0,3,5,11,37,5,0,4,17,1,2,1,2,22,1,48,1,16,4,4,2,11,32,1,4,4,1,0,3,4,1,0,10,0,2,0,0,11,15,1,10,4,4,0,5,0,1,14,2,1,0,0,0,0,2,1,10,13,0,1,0,87,0,13,73,13,4,0,0,21,0,8,4,0,104,11,1,0,3,0,1,5,8,1,1,4,0,2,3,1,4,4,1,8,2,0,0,0,2,10,19,1,2,1,2,67,3,0,0,9,7,10,0,1,21,0,0,0,0,2,0,7,0,3,8,1,0,0,5,0,0,2,13,1,50,0,16,2,19,2,3,0,1,2,0,41,5,20,41,19,39,1,0,12,22,52,9,0,0,1,3,1,6,24,14,8,0,25,1,11,74,0,0,1,5,0,7,0,0,2,0,5,0,0,0,10,0,0,0,14,3,2,0,7,5,1,16,21,0,5,0,0,0,0,0,1,5,0,2,0,0,0,0,0,0,0,0,0,0,0,0,0,1,0,0,0,75,0,0,0,0,11,4,0,0,0,8,0,3,23,53,2,13,25,0,2,0,0,1,0,0,0,0,38,13,1,0,0,13,1,2,5,9,3,55,2,7,1,8,0,18,1,0,2,1,0,30,4,12,9,0,2,5,0,9,1,10,0,0,4,2,23,38,0,0,70,14,3,56,12,4,7,1,0,5,0,2,5,0,2,5,0,2,6,1,0,0,0,0,2,5,1,0,0,0,6,4,1,4,0,7,0,1,0,0,0,0,0,0,0,1,0,0,0,0,0,1,16,0,0,0,0,0,0,2,2,0,0,0,0,0,2,1,0,2,0,0,0,1,1,0,1,0,0,0,0,0,0,2,0,2,1,0,0,0,0,1,0,0,0,0,9,0,0,0,0,0,0,1,0,0,0,0,0,0,1,0,0,0,6,0,0,0,0,0,0,0,0,0,0,3,15,0,1,1,1,1,4,0,0,0,117,0,0,1,1,4,30,0,12,0,7,3,4,36,0,0,6,5,8,0,2,69,192,7,0,8,1,3,4,0,8,0,24,15,8,1,9,3,1,2,0,1,0,0,4,3,1,0,2,1,0,1,14,0,0,0,0,0,0,0,6,3,1,0,70,14,7,0,3,0,0,0,3,26,0,1,1,0,3,3,0,1,4,0,5,0,6,1,2,0,4,0,2,0,0,0,0,5,1,5,0,0,1,17,6,15,0,0,1,0,0,1,0,0,0,2,0,3,0,2,0,2,0,0,0,0,1,0,19,17,1,1,0,15,2,10,0,0,5,6,0,0,2,0,0,0,0,0,0,1,7,2,0,0,1,1,0,0,0,0,13,4,5,0,0,0,34,0,6,5,20,2,2,4,1,0,1,0,3,0,69,97,17,0,0,0,36,0,0,0,14,0,0,1,0,4,28,1,0,0,3,0,6,1,1,70,0,0,0,0,2,3,1,0,0,0,0,11,4,2,1,0,0,1,0,0,5,0,0,0,2,0,0,1,0,3,0,12,5,0,1,0,0,51,5,0,0,0,3,3,0,10,4,2,2,14,6,1,0,6,6,38,9,5,25,3,0,22,3,0,0,0,0,0,2,64,0,8,5,30,0,7,2,1,7,1,1,1,4,19,1,0,0,1,0,4,0,0,41,2,0,0,4,2,0,4,0,0,0,1,0,1,0,0,1,0,2,0,1,0,0,5,1,0,0,0,0,1,1
177,1384,ESCOLA ESTADUAL BARAO DO RIO BRANCO,RUA BRIGADEIRO FRANCO   2532,ÁGUA VERDE,-25.44247767,-49.27634705,9,0,2462,1723,104,68,0,2,2,5,28,4,0,2,5,1,1,0,0,13,0,18,0,11,3,6,0,8,9,1,3,5,0,0,0,1,0,0,4,0,0,0,0,2,12,0,2,0,6,1,3,3,0,2,2,0,0,0,2,0,0,0,2,6,0,1,1,36,0,3,27,0,0,0,0,5,3,4,0,0,32,0,0,0,2,0,0,1,0,1,0,1,0,0,0,2,0,0,0,9,0,0,0,0,0,4,12,0,1,0,1,35,0,0,0,7,5,9,0,0,2,1,0,0,0,1,0,5,0,0,2,0,0,0,0,0,0,3,5,0,22,0,7,0,5,2,2,0,0,2,0,11,0,13,9,3,6,0,0,2,7,17,1,2,1,1,1,2,2,11,7,1,1,16,0,1,35,0,0,0,0,0,2,0,0,0,0,1,0,0,0,4,0,0,0,3,1,1,0,0,1,0,4,3,0,0,3,0,0,0,0,0,0,0,0,0,0,0,0,0,0,0,0,0,0,0,0,0,0,0,0,0,25,0,0,0,0,4,1,1,0,0,3,0,2,6,21,0,2,5,0,1,0,0,0,0,0,0,0,14,6,0,0,2,7,1,1,2,1,0,18,0,3,0,2,0,3,1,1,1,0,0,14,1,1,2,0,3,1,0,7,0,1,0,1,2,0,8,20,0,0,22,2,0,12,0,1,8,0,0,2,0,0,0,0,1,5,0,0,0,4,0,0,0,0,0,0,0,0,0,0,1,0,0,0,0,0,0,0,0,0,0,0,0,0,0,0,0,0,0,0,1,0,2,0,0,0,0,0,0,0,1,0,0,2,0,0,2,0,0,0,0,0,0,0,0,0,0,0,0,0,0,0,0,0,0,0,0,0,0,0,0,0,0,0,0,0,1,0,0,1,0,0,0,0,0,0,0,0,0,0,0,0,0,1,3,0,0,0,0,0,0,0,0,0,0,0,2,2,0,0,0,0,0,0,0,0,43,1,0,0,0,2,10,1,5,0,1,2,1,9,0,1,5,3,1,0,0,28,37,3,0,3,1,0,0,1,2,1,3,8,0,0,1,0,0,0,0,0,0,0,0,2,1,0,0,0,0,0,1,0,0,0,1,0,0,0,5,1,0,3,41,7,4,0,2,0,0,0,0,4,0,0,2,0,1,2,2,0,0,0,4,0,3,1,0,0,0,0,0,0,0,0,0,4,0,2,0,1,0,3,0,4,0,0,2,0,0,0,0,0,0,1,0,0,2,0,0,1,0,0,0,1,0,1,16,13,0,0,0,4,3,5,1,0,1,4,0,0,3,0,0,0,0,0,0,0,2,0,0,0,1,0,0,0,0,0,3,2,5,0,0,0,8,0,3,1,6,1,0,2,0,1,2,0,0,0,22,23,6,0,0,0,20,0,0,0,3,0,0,1,0,1,8,0,0,0,2,2,0,0,0,21,0,0,0,1,1,0,1,0,1,1,0,8,1,0,0,0,2,1,0,0,0,0,0,0,0,1,2,2,0,3,2,6,1,0,0,0,0,9,0,0,0,0,0,1,0,0,0,2,1,2,3,3,0,0,0,17,5,2,2,2,0,5,0,0,0,0,0,0,2,24,1,10,3,7,0,3,0,1,1,0,0,1,7,6,0,0,0,3,0,2,0,1,20,2,0,0,2,0,0,2,0,0,0,1,0,1,0,0,0,0,1,0,0,0,0,3,0,0,1,0,0,0,0
177,1406,ESCOLA ESTADUAL JOAO TURIN,RUA ALMIRANTE GONCALVES  2800,ÁGUA VERDE,-25.45234795,-49.27892789,9,0,3313,2484,141,100,0,1,0,3,24,4,1,0,13,0,2,0,0,13,0,31,0,11,1,5,1,4,21,0,0,2,0,0,0,6,0,0,5,0,1,0,0,12,9,0,1,0,5,0,2,0,0,4,6,0,0,0,0,0,0,0,0,4,0,1,0,39,0,5,26,8,2,0,0,5,1,3,4,1,27,2,0,0,4,0,0,5,7,1,4,2,0,0,0,2,0,2,0,7,0,0,2,1,0,22,10,2,0,2,3,27,19,0,0,2,1,6,0,0,6,1,1,3,0,0,2,3,0,2,4,1,0,1,1,0,0,3,6,3,22,0,6,1,6,4,3,0,0,4,2,23,1,12,25,9,20,1,0,5,5,31,6,0,0,3,3,1,7,11,8,6,0,17,2,2,46,0,0,1,0,0,0,0,0,2,0,3,0,0,0,0,1,0,0,2,0,5,0,3,1,0,8,3,0,2,0,0,0,1,0,0,2,0,4,4,0,0,0,0,0,0,0,0,0,0,0,0,1,0,0,0,31,0,0,0,3,4,3,0,0,0,3,0,2,10,16,0,5,17,1,2,2,0,1,2,0,1,0,13,16,0,0,0,4,3,3,3,3,2,23,0,9,1,2,0,27,1,0,2,0,0,9,1,1,3,4,0,2,0,3,0,7,1,0,5,7,10,19,0,0,39,3,0,20,5,0,4,0,0,1,1,1,3,0,0,4,0,0,0,0,1,3,0,1,1,2,0,0,0,0,5,0,0,1,0,10,0,0,0,0,0,0,0,0,0,1,0,0,0,0,2,0,9,0,2,0,2,1,0,0,2,2,0,0,0,0,2,0,0,1,0,0,0,0,0,0,0,0,0,0,0,0,0,0,0,1,2,0,0,0,0,0,0,0,0,0,2,0,0,0,0,0,0,0,0,0,0,1,0,0,0,1,0,0,2,1,0,0,1,0,0,0,0,1,0,0,4,0,1,0,0,0,1,0,0,0,33,0,1,0,0,0,7,1,7,0,8,1,0,16,0,1,1,5,1,1,2,32,66,1,0,6,0,0,7,0,3,0,24,5,3,0,1,2,2,0,0,0,0,0,0,6,1,0,0,0,0,1,3,0,0,0,0,0,0,0,1,4,2,2,55,9,2,0,0,0,0,0,1,12,0,0,0,0,3,3,2,2,0,0,1,0,2,0,0,0,5,0,3,4,0,0,0,4,0,3,0,0,0,26,1,8,0,1,2,0,0,2,0,0,0,1,1,1,0,0,1,1,0,0,0,0,1,1,12,10,3,0,0,7,1,3,2,0,0,1,0,0,0,0,0,0,1,0,0,0,7,4,0,0,0,0,1,0,0,0,12,3,2,0,1,0,8,0,2,2,3,9,3,3,0,2,1,0,1,0,36,32,7,0,0,0,33,0,0,0,6,0,0,0,0,0,25,1,1,0,2,2,2,1,0,38,0,0,0,3,0,0,2,0,0,0,0,12,0,1,1,0,0,1,0,0,2,0,0,0,0,0,0,1,0,1,0,5,4,0,0,1,0,19,1,0,0,0,1,2,1,5,5,1,0,1,11,3,5,0,2,24,5,3,0,4,1,6,3,0,0,2,0,0,0,18,0,6,5,8,0,2,4,2,0,1,1,0,6,21,0,0,0,1,0,1,0,0,31,1,0,0,7,1,0,0,0,0,0,0,0,4,2,0,0,0,0,0,0,0,0,17,4,0,2,1,0,0,0
177,1430,COLÉGIO POSITIVO (ÁGUA VERDE),"RUA PEDRO MENA BARRETO MONCLARO, 411",ÁGUA VERDE,-25.44987525,-49.27470485,9,0,3337,2517,142,109,0,0,0,10,24,0,1,3,13,1,0,0,0,14,3,35,0,12,0,3,2,3,12,0,0,4,0,0,1,1,0,1,5,0,2,0,0,4,8,0,4,1,0,0,0,0,0,1,9,2,0,1,0,0,4,0,0,4,0,0,2,47,0,3,34,17,8,0,0,2,2,3,4,5,46,1,0,0,1,1,1,1,6,1,0,3,0,0,0,2,0,2,0,6,0,0,0,1,0,12,18,0,0,1,1,51,4,0,0,6,2,3,0,0,8,0,0,0,0,1,0,4,1,3,2,3,0,0,1,0,0,0,3,0,25,0,6,0,12,3,1,0,0,5,1,17,0,19,18,12,17,0,0,3,9,28,6,0,0,0,1,1,3,11,5,4,0,22,1,8,58,0,0,1,0,0,0,0,0,0,0,2,0,0,0,0,1,1,0,2,0,3,0,5,1,0,1,5,0,1,0,0,0,0,0,0,4,0,0,0,0,0,0,1,0,0,0,0,0,0,0,0,0,0,0,0,53,0,0,0,0,9,0,0,0,0,4,0,0,11,22,0,0,8,1,5,1,2,0,0,0,0,1,16,12,0,0,5,7,0,0,1,8,0,21,0,5,0,8,1,15,3,0,2,0,0,10,3,1,0,0,0,0,0,6,0,2,0,2,8,0,13,35,0,0,30,4,0,21,7,3,5,0,0,2,0,0,1,0,0,0,0,2,3,2,2,1,0,0,1,0,0,0,1,0,2,1,5,0,0,2,0,0,0,2,0,0,0,2,0,1,0,0,2,0,0,0,2,0,1,0,1,1,0,1,3,0,0,0,0,0,1,0,0,3,0,1,0,0,0,0,0,0,0,0,0,0,1,0,0,1,0,0,0,0,0,0,0,0,0,0,4,0,0,0,0,0,2,0,0,0,0,1,0,0,0,0,1,0,0,0,0,0,0,0,0,0,0,0,0,0,1,0,2,0,1,0,3,0,2,0,62,1,0,0,0,0,16,2,4,0,6,0,0,10,0,0,4,6,1,0,2,35,77,0,0,7,0,1,5,2,2,1,38,6,1,0,2,1,0,1,0,0,0,0,0,2,2,0,1,0,0,1,3,0,0,1,0,0,0,0,2,4,0,1,43,15,4,0,0,0,0,0,0,8,0,3,3,0,0,2,1,0,0,3,1,0,6,0,1,0,3,0,7,1,0,0,0,6,0,3,0,0,0,34,0,7,0,0,2,0,0,2,0,0,0,2,1,0,1,1,1,2,0,0,0,0,2,0,16,8,4,0,0,7,0,1,1,0,2,1,0,0,0,0,0,0,0,0,0,1,0,1,0,0,1,1,2,0,0,0,4,3,2,0,0,0,9,1,4,3,11,2,1,0,0,0,1,0,0,0,36,37,3,1,1,0,23,2,0,0,0,0,0,1,0,0,20,2,0,0,1,0,8,0,1,41,0,0,0,0,0,0,4,0,0,0,1,10,1,0,0,0,0,0,0,0,0,0,0,0,0,0,0,1,0,3,0,5,0,0,1,0,2,24,2,0,0,0,0,2,0,4,0,6,0,7,7,0,0,0,0,26,12,2,2,3,0,2,1,0,0,0,0,1,0,24,0,3,7,13,0,3,2,0,3,1,0,0,2,6,1,0,0,0,0,3,0,2,23,4,0,2,4,0,0,10,0,0,0,0,0,8,0,0,0,0,0,0,0,0,0,3,3,0,0,0,0,0,0
177,1686,CLUBE CURITIBANO (SEDE ADMINISTRATIVA),"RUA PETIT CARNEIRO, 970 (GINÁSIO DE ESPORTES)",ÁGUA VERDE,-25.4505693,-49.28640043,9,0,8814,6310,344,247,0,1,8,16,80,4,4,2,14,2,2,0,2,59,4,55,3,28,2,6,5,29,53,1,7,7,2,2,0,6,0,0,10,0,0,0,2,16,24,1,22,3,15,0,11,1,5,15,10,2,0,0,0,0,2,0,5,26,0,1,0,114,0,11,47,13,14,0,0,32,3,9,2,0,125,4,0,1,1,0,0,9,4,2,4,4,0,0,1,1,5,4,0,10,1,0,2,0,0,14,19,1,7,6,1,114,3,0,0,14,12,5,0,0,28,0,0,6,1,3,1,14,0,3,12,1,0,0,4,0,0,2,10,0,61,0,15,2,14,10,12,0,1,3,1,37,1,36,70,30,49,1,0,14,25,60,25,0,0,2,7,1,7,15,24,15,0,21,1,11,144,0,0,0,1,4,3,0,0,3,0,5,0,0,1,10,0,2,1,8,1,0,2,3,3,2,18,13,0,6,3,0,0,1,0,2,4,0,5,0,0,0,0,0,2,0,1,0,1,1,0,0,1,0,0,0,127,0,0,0,1,13,5,0,2,0,17,1,1,28,40,1,20,32,3,10,0,2,0,0,0,4,0,68,25,1,1,4,7,4,1,6,7,0,66,1,13,0,17,0,21,7,0,5,0,0,29,3,6,3,2,4,3,0,15,2,11,0,1,6,0,33,89,0,0,86,7,0,55,11,1,5,0,0,9,0,1,13,0,2,3,0,0,7,5,0,0,0,0,3,0,0,0,1,0,5,0,2,3,0,12,2,0,0,4,2,0,0,0,0,1,0,0,1,0,0,0,7,0,0,0,0,1,0,0,2,0,0,3,0,0,12,0,0,4,0,0,0,0,2,0,0,0,0,0,0,0,0,2,0,2,0,1,0,0,1,0,0,1,2,0,5,0,1,0,1,0,1,1,1,0,0,1,0,0,1,0,0,1,2,0,0,1,0,0,0,0,0,3,1,1,10,0,0,1,0,2,5,1,2,0,170,1,1,1,0,5,35,2,21,0,7,2,5,10,0,0,6,11,7,1,1,112,240,8,0,1,0,4,8,0,5,0,31,10,8,2,4,1,0,1,0,1,1,0,0,3,6,0,4,0,0,1,9,0,0,0,0,2,0,0,8,4,3,2,117,35,7,0,0,1,2,1,1,34,0,1,5,0,0,3,4,1,1,3,7,0,12,0,3,0,10,0,0,1,0,0,0,14,1,1,0,1,0,15,6,33,0,0,2,0,0,0,0,0,0,2,1,2,3,5,1,5,0,0,0,0,2,2,35,35,3,1,0,42,0,12,1,1,7,6,0,0,1,0,1,3,0,0,0,0,9,4,0,1,1,0,2,1,0,0,20,0,2,3,7,0,44,0,2,6,13,6,1,4,2,1,2,0,1,0,83,99,18,1,1,1,71,0,0,0,9,0,0,1,2,5,44,0,0,0,1,3,8,2,0,101,1,3,0,1,1,1,14,0,0,0,0,22,5,1,0,0,1,0,0,1,4,1,0,0,1,2,0,0,0,4,2,29,4,1,0,0,0,63,7,0,0,0,2,7,0,15,4,3,3,19,6,2,2,3,4,61,10,4,4,4,0,18,1,0,0,1,0,0,2,93,1,20,5,34,0,5,8,5,6,0,4,2,6,23,1,0,0,0,0,1,0,0,64,1,0,0,5,2,0,16,1,0,0,0,0,8,0,0,0,0,1,2,0,2,0,23,1,0,2,0,0,0,1
177,1740,ESCOLA MUNICIPAL MIGUEL KRUG,"RUA MORRETES, 1115",GUAIRA,-25.47480497,-49.286212570000004,27,0,1546,1151,61,51,0,1,3,2,7,3,0,4,7,0,1,1,0,0,0,10,2,2,0,5,2,3,14,0,1,1,0,0,0,3,0,0,1,0,0,0,0,0,7,0,3,1,0,0,5,1,0,3,2,2,0,0,0,0,0,0,0,1,0,0,0,18,0,1,9,1,0,0,0,5,1,1,0,0,7,2,0,0,1,0,0,0,1,0,0,2,0,0,0,0,1,3,1,3,2,0,0,0,1,48,6,0,0,0,0,10,2,0,0,0,0,0,0,0,3,0,0,1,0,2,0,1,0,0,2,0,0,0,0,0,0,0,1,0,1,0,7,0,4,0,1,1,0,1,0,1,1,11,6,5,5,0,0,1,4,13,5,0,0,0,0,2,1,9,4,4,0,6,0,6,12,0,0,1,1,0,0,0,0,0,0,1,0,0,0,0,0,0,0,2,0,0,1,0,0,0,3,0,0,0,1,0,0,0,0,1,3,0,2,0,0,0,0,0,0,0,2,0,0,0,0,0,0,0,0,0,15,0,0,0,0,0,6,1,0,0,1,0,0,7,6,0,2,8,0,3,0,4,0,1,0,0,0,1,6,1,0,0,1,0,1,4,4,3,2,0,4,0,0,0,9,1,0,2,0,0,7,0,3,0,0,0,1,0,4,1,0,1,0,1,0,17,9,0,0,4,2,0,17,4,1,0,0,0,1,0,1,1,1,0,0,0,0,0,1,0,0,0,0,3,1,1,0,0,0,0,0,0,0,0,6,0,0,0,0,0,0,1,1,0,0,0,0,0,0,0,0,0,0,0,0,0,1,0,0,0,0,0,0,0,0,0,0,0,0,1,0,0,0,0,0,0,0,0,0,0,0,0,0,0,0,1,0,1,0,0,0,1,0,0,0,3,0,0,2,0,0,0,1,0,0,0,1,0,0,0,0,0,0,4,0,0,0,0,0,0,0,0,0,2,0,6,0,0,1,0,0,0,0,0,0,10,0,0,0,0,0,1,7,3,0,1,0,1,1,0,0,0,2,0,2,0,8,20,0,0,0,0,0,1,0,0,0,7,1,5,0,2,10,0,0,0,0,0,0,2,0,0,0,1,0,0,0,1,0,0,0,0,0,0,0,7,0,0,0,24,4,0,0,0,0,0,0,0,3,0,0,2,1,0,2,0,0,0,0,0,0,0,0,0,0,0,0,0,0,0,0,0,0,0,9,0,0,0,8,0,4,0,2,18,0,0,0,0,0,0,3,1,0,2,0,4,4,0,0,0,2,2,1,8,2,1,0,0,8,0,4,1,0,0,0,0,0,1,0,0,0,0,0,0,0,0,1,0,1,1,0,0,3,0,0,3,2,2,0,1,0,5,0,0,1,0,0,0,0,0,0,0,0,0,0,15,14,0,1,0,0,14,0,0,0,0,0,0,1,0,0,15,0,0,0,2,2,0,0,0,20,0,0,1,1,0,1,0,0,0,0,0,7,0,0,1,0,0,0,0,0,3,0,0,0,0,0,0,0,0,1,0,2,0,0,0,0,0,8,0,0,0,0,0,0,0,3,1,0,1,0,10,0,1,6,0,26,0,1,0,21,0,1,0,0,0,0,0,0,0,8,0,1,0,9,0,4,0,0,0,0,2,0,0,5,0,0,0,0,0,0,1,0,6,0,0,0,3,2,0,5,0,1,0,0,0,0,0,0,0,0,0,0,0,1,1,1,2,2,0,0,0,0,0
177,1759,COLÉGIO ESTADUAL HILDEBRANDO DE ARAÚJO,"AV PREFEITO OMAR SABBAG, N. 721",JARDIM BOTANICO,-25.44097847,-49.24934747,7,0,3141,2199,110,85,0,3,5,2,24,2,0,0,6,1,0,0,2,7,3,13,0,10,0,2,0,4,28,0,4,2,0,1,1,1,0,0,0,0,265,0,0,5,19,0,3,1,0,0,4,0,0,1,0,3,0,0,0,0,6,0,1,5,0,1,1,30,0,2,32,10,2,0,0,7,2,2,4,0,13,0,0,0,4,0,1,1,1,3,0,1,0,0,0,1,0,2,0,7,0,0,0,0,0,3,10,0,1,0,0,15,4,0,0,2,2,4,0,0,5,2,0,0,1,1,0,5,0,1,2,0,0,0,5,0,0,0,3,0,10,0,7,0,5,3,0,0,0,0,0,14,0,7,9,10,6,1,1,2,8,34,9,1,0,0,0,1,8,6,3,0,0,7,1,8,23,0,0,2,0,0,2,0,0,4,0,2,0,0,0,4,0,0,0,3,1,5,0,0,0,1,6,0,1,0,4,0,5,0,0,0,3,0,1,0,0,0,1,0,0,0,0,0,0,0,0,0,0,0,0,1,21,0,0,0,0,8,0,1,0,0,0,0,0,11,14,0,0,13,1,1,0,1,2,0,0,0,0,5,6,0,0,0,12,0,1,4,5,0,20,1,7,0,1,1,6,3,0,0,0,3,17,0,6,2,0,2,1,1,3,0,0,4,2,13,0,3,32,0,0,17,0,0,17,1,2,4,0,0,1,2,0,1,0,0,2,0,0,1,2,0,0,0,0,1,0,0,0,1,0,5,1,0,0,0,3,0,0,0,0,0,0,0,0,0,0,0,0,0,2,0,0,3,0,0,0,0,0,0,0,0,0,0,0,0,0,2,0,0,0,2,0,0,0,0,0,0,0,0,0,0,0,0,2,0,0,1,3,0,0,0,0,1,0,0,0,0,0,0,1,0,0,0,1,0,0,0,0,0,0,3,0,0,0,1,0,0,0,5,0,0,0,0,0,0,0,3,0,1,0,0,0,2,0,1,0,31,0,1,0,0,3,1,0,3,0,0,0,0,8,0,1,5,1,1,0,0,18,33,3,1,0,0,0,6,0,0,0,2,0,1,0,0,0,0,1,0,0,0,0,1,0,0,2,6,0,0,0,0,0,0,0,1,0,0,0,0,0,1,1,34,21,0,0,0,0,0,0,1,14,0,0,0,0,0,0,0,1,0,0,0,0,5,0,1,0,0,0,0,0,0,0,0,0,0,5,1,0,0,1,3,4,0,0,3,0,0,0,0,0,0,1,0,2,1,0,0,1,0,0,0,0,0,0,5,3,0,0,0,4,1,6,2,0,0,4,0,0,2,3,0,1,0,0,0,0,0,2,0,0,0,0,2,0,0,0,3,1,9,0,3,0,9,0,4,2,2,2,0,0,0,0,2,0,0,0,26,16,2,0,0,0,17,0,2,0,5,1,0,0,3,0,15,0,4,0,0,0,0,0,0,25,0,0,0,0,0,0,0,0,0,0,2,6,6,0,1,0,0,0,0,0,1,0,0,0,0,2,0,0,1,0,1,4,2,0,0,0,2,10,0,0,0,0,0,3,0,3,1,1,0,1,0,0,0,0,0,13,1,2,0,3,3,13,2,0,0,0,0,141,0,29,0,0,9,30,0,2,2,3,3,2,5,0,0,20,0,0,0,1,0,0,0,0,19,1,1,1,2,2,0,3,0,28,0,0,0,0,0,0,0,0,1,0,0,0,0,9,0,1,0,0,0,0,0
177,1767,COLÉGIO POSITIVO - JARDIM AMBIENTAL,RUA ITUPAVA 985,ALTO DA RUA XV,-25.42128662,-49.25055304,17,0,3728,2687,171,114,0,4,0,3,35,0,0,1,13,0,0,0,0,16,0,20,1,12,0,6,1,7,14,0,8,2,0,0,0,2,0,0,4,0,4,0,1,3,11,0,4,0,2,1,5,0,0,4,2,0,0,0,0,0,4,0,4,7,0,0,1,41,0,7,29,5,2,0,1,7,0,9,1,0,29,2,0,0,1,0,0,2,1,1,0,3,0,3,0,1,0,5,0,2,0,0,0,0,0,3,8,0,1,3,2,42,1,1,0,8,4,13,0,0,1,0,0,0,2,2,0,7,0,3,3,1,0,0,1,0,0,0,14,1,34,0,7,0,12,1,0,0,1,1,0,32,0,32,42,22,18,0,0,7,15,41,11,2,1,2,6,2,4,18,10,1,0,11,0,5,48,2,0,0,2,1,0,0,0,3,1,4,0,0,0,2,1,0,0,11,4,6,0,3,2,0,6,7,0,0,1,0,0,0,0,0,1,0,3,0,0,0,1,0,0,0,0,0,0,0,0,0,0,0,0,0,46,0,0,0,0,6,0,1,0,0,0,0,0,35,21,2,5,12,1,2,0,0,0,3,0,0,0,5,6,0,0,1,7,1,0,2,10,0,31,2,8,0,2,0,23,4,0,1,1,0,14,3,1,1,0,19,3,0,4,0,1,0,1,7,0,14,44,0,0,47,1,0,14,5,0,3,0,0,0,0,0,0,1,1,2,0,0,0,0,0,0,0,0,1,2,1,0,0,0,0,1,0,0,0,3,0,0,0,0,0,0,1,0,0,0,0,0,0,0,0,0,4,0,0,0,0,0,0,0,2,0,0,1,0,0,0,0,0,0,0,0,0,0,0,0,0,0,0,1,0,0,0,0,0,1,0,0,0,0,0,0,0,0,0,0,0,0,0,0,0,0,0,3,0,0,0,0,0,0,3,0,0,0,4,0,0,0,0,0,0,0,0,0,0,0,7,0,0,0,2,0,1,0,0,0,57,0,0,0,0,1,17,1,4,0,1,0,1,4,0,0,0,4,3,1,0,37,82,3,0,1,2,5,3,0,0,0,1,3,0,0,1,0,0,2,0,0,0,0,0,0,0,0,2,0,1,0,8,0,0,0,0,1,0,0,2,0,1,3,60,10,0,0,2,0,0,1,1,19,0,2,1,0,0,4,1,0,1,0,2,0,10,0,3,0,1,0,2,0,0,0,0,2,0,2,0,0,1,4,3,4,1,0,1,0,0,0,0,0,0,0,0,4,3,3,1,1,0,0,0,0,0,0,18,12,0,0,0,12,0,6,0,0,1,7,0,0,0,0,0,0,0,0,0,1,4,2,0,0,2,0,3,0,0,0,8,0,5,0,0,0,32,2,8,2,15,4,2,0,0,0,0,0,0,0,32,26,4,0,2,0,22,1,0,0,5,1,0,2,0,0,15,2,0,0,0,0,0,2,0,51,0,1,0,0,0,1,0,0,0,0,0,8,1,0,0,0,0,0,0,1,0,0,0,0,3,0,0,4,0,3,1,16,2,0,1,0,0,23,5,0,0,0,1,0,0,6,2,0,0,8,0,2,3,1,1,19,0,1,2,0,0,18,0,0,0,1,0,2,2,34,0,5,2,18,0,4,3,0,1,4,2,0,5,18,0,0,0,3,0,1,0,0,31,1,0,0,5,2,0,10,0,0,0,0,0,0,0,0,0,0,1,0,0,0,1,9,3,0,3,0,0,0,0
177,1783,COLEGIO DECISIVO (CENTRO),"RUA COMENDADOR ARAUJO, 327",CENTRO,-25.43571107,-49.27899158,1,0,2065,1342,115,51,0,1,0,5,16,2,0,2,3,1,0,0,1,2,1,12,0,7,0,1,0,9,4,0,0,2,0,1,0,0,0,1,2,0,0,0,0,1,4,1,3,0,1,0,2,1,0,1,1,0,0,1,0,0,0,0,2,4,0,0,0,18,0,5,13,0,2,0,0,7,1,2,1,0,9,1,0,3,1,0,0,1,1,0,0,6,0,0,0,0,0,1,0,4,0,0,0,0,0,4,3,0,0,2,3,29,2,0,0,6,0,7,0,0,3,0,0,0,0,0,0,4,0,2,0,0,0,0,1,0,0,1,7,0,22,0,7,0,11,1,3,0,0,2,1,8,1,7,34,7,18,0,0,3,9,13,5,0,0,1,4,1,4,6,13,0,0,10,0,1,34,0,0,0,0,1,2,0,0,0,0,1,0,0,0,1,0,1,0,1,1,0,0,0,0,0,2,6,1,0,0,0,1,0,0,0,2,0,1,0,0,0,0,0,0,0,0,0,0,1,0,0,0,0,0,0,11,0,0,0,0,2,2,0,0,0,1,0,1,7,9,2,2,6,0,1,2,0,1,0,0,0,0,10,2,0,0,0,5,1,2,4,2,0,18,0,7,0,1,0,7,1,1,2,0,1,4,1,2,0,2,2,1,0,4,0,0,0,0,3,0,10,16,0,1,15,2,0,15,1,0,2,0,0,3,0,0,0,0,0,0,0,1,1,2,0,0,0,0,0,1,0,0,0,0,1,0,1,0,0,1,0,0,0,0,0,0,0,0,0,0,0,0,0,0,0,0,4,0,0,0,0,0,0,0,3,0,0,0,0,0,0,0,0,0,0,0,0,0,0,0,0,0,0,0,0,0,0,0,0,0,0,0,0,0,0,0,0,0,0,0,0,0,0,0,0,0,0,1,0,0,0,0,0,0,1,0,0,0,0,0,0,0,1,0,0,0,0,1,0,0,3,0,0,0,0,0,0,0,0,0,24,0,0,0,0,0,8,3,1,0,2,0,2,3,0,0,3,0,1,0,0,12,36,3,1,1,0,0,1,0,0,1,2,3,1,0,1,1,0,0,0,0,0,0,0,1,0,1,0,0,0,1,3,0,0,0,0,0,0,0,5,1,1,1,20,2,1,1,0,0,0,1,0,11,0,0,0,0,1,0,1,0,0,0,0,2,4,0,1,0,0,0,0,0,0,0,0,0,0,2,0,0,0,0,3,0,0,0,0,0,0,0,0,0,0,1,0,4,1,1,0,1,0,0,0,0,2,1,6,23,3,0,0,7,0,1,0,0,1,0,0,0,0,0,0,0,0,0,0,0,2,1,0,0,0,0,0,0,0,0,4,0,1,0,0,0,8,1,2,0,3,1,0,0,0,0,2,0,0,0,10,11,1,0,0,0,10,0,0,0,2,1,0,0,0,1,6,0,0,0,0,0,1,0,0,16,0,0,0,0,2,0,2,0,0,0,1,3,0,0,0,0,0,0,0,0,0,0,1,0,0,0,1,1,0,3,0,16,4,0,0,0,0,19,3,0,0,2,0,0,0,3,1,0,0,1,0,1,0,1,1,4,1,0,1,4,0,8,0,1,0,0,0,0,1,15,0,0,4,8,0,1,1,2,1,0,0,1,3,8,0,1,0,0,0,1,1,0,9,4,0,0,3,1,0,1,0,0,0,0,0,0,0,0,0,0,1,0,0,0,0,3,0,0,0,0,0,1,0
177,1791,UFPR -  SETOR DE CIÊNCIAS SOCIAIS APLICADAS,"AVENIDA PREFEITO LOTHÁRIO MEISSNER, 632",JARDIM BOTANICO,-25.44473588,-49.2385769,7,0,1970,1312,83,70,0,0,3,3,16,1,0,0,7,0,0,0,0,5,1,10,1,6,2,2,1,8,12,0,3,0,1,0,0,3,0,0,0,0,44,0,0,0,12,0,1,1,0,0,1,0,0,0,0,0,1,0,1,0,3,0,0,1,0,0,0,19,0,2,12,1,3,0,0,2,2,1,0,0,12,0,0,0,1,0,0,0,4,0,0,1,0,1,1,0,0,1,0,2,2,0,0,0,0,1,7,0,4,0,2,25,0,0,1,0,1,4,0,0,1,0,0,0,0,3,0,3,0,0,3,0,0,0,2,0,0,0,4,0,14,1,1,0,8,2,0,0,0,0,0,18,0,7,16,10,6,0,0,1,9,17,5,0,0,3,0,0,2,5,5,2,0,5,0,2,23,0,0,1,0,1,2,0,0,1,0,2,0,0,0,1,0,0,1,0,1,1,0,1,0,0,3,4,0,0,3,0,1,0,0,0,3,0,1,0,0,0,0,0,0,0,0,0,0,0,0,0,0,0,0,0,14,0,0,0,0,6,1,0,0,0,0,0,0,5,10,0,4,3,0,2,0,1,1,0,0,0,0,6,4,0,0,1,8,2,1,0,5,0,7,0,2,0,5,0,6,0,1,0,0,0,11,5,2,0,0,4,1,1,2,1,1,2,5,13,0,7,17,0,0,17,4,2,7,0,0,2,0,0,0,3,0,0,0,1,4,0,0,0,2,0,0,0,0,0,0,0,0,0,0,1,0,0,0,0,0,0,0,0,0,0,0,0,0,0,0,0,0,0,0,0,0,3,0,4,0,0,1,0,0,0,0,0,0,0,0,0,0,0,0,0,0,1,0,0,0,0,0,0,0,0,0,0,0,0,1,0,0,0,0,0,1,0,0,0,0,1,0,0,0,0,0,0,0,0,0,0,0,0,0,1,0,0,0,0,0,0,0,3,2,0,0,0,0,0,2,0,0,1,0,0,0,0,0,0,0,21,0,0,1,0,2,1,0,2,0,0,1,0,1,1,1,2,2,1,0,0,14,29,0,0,0,0,0,1,0,0,0,2,2,0,0,0,0,0,0,0,0,0,0,0,0,0,0,2,0,1,0,0,0,0,0,0,0,0,0,0,0,1,1,13,6,0,0,0,0,0,0,0,6,0,0,0,0,0,0,0,0,0,0,0,0,3,0,0,0,1,0,0,0,0,0,0,4,0,1,0,0,1,5,0,0,0,0,0,0,0,0,0,0,0,1,0,0,2,0,0,0,0,0,0,0,0,0,7,5,0,0,0,14,0,1,0,0,0,5,0,0,0,1,0,1,0,0,0,0,0,0,0,2,0,0,0,0,0,0,2,2,0,0,4,0,8,0,3,1,1,0,1,0,0,0,3,0,0,0,19,4,1,0,0,0,7,0,0,0,1,0,0,0,0,0,5,1,0,0,0,1,0,0,2,18,0,0,0,0,0,0,5,0,0,0,0,1,2,0,1,0,0,0,0,0,0,0,0,0,0,0,0,0,0,3,0,5,1,0,0,0,0,13,1,0,0,0,0,0,0,0,2,0,0,6,0,0,0,1,0,6,4,3,0,2,0,3,2,0,0,1,0,60,0,13,0,1,2,23,0,4,1,1,1,0,3,0,4,7,0,0,0,2,0,0,0,0,7,0,0,0,0,1,1,2,0,4,0,0,0,1,0,0,0,0,0,0,0,0,0,5,0,3,0,0,1,0,0
177,1805,SOCIEDADE THALIA,R COMENDADOR ARAUJO 338,CENTRO,-25.43604408,-49.27890618,1,0,1272,917,52,33,0,0,4,2,15,0,0,2,4,1,0,0,0,3,1,5,0,5,1,2,1,2,5,0,0,0,0,3,0,0,0,0,0,0,0,0,0,2,1,0,8,0,0,0,1,1,0,1,0,0,0,0,0,0,3,0,0,0,0,0,0,22,0,0,18,4,1,0,1,1,2,1,2,1,11,3,0,0,0,0,0,0,0,0,0,3,1,0,0,0,0,0,0,1,0,0,0,0,0,5,3,0,0,1,0,10,0,0,0,3,2,0,0,0,0,0,0,0,0,0,0,0,0,0,0,0,0,0,0,0,0,1,4,0,8,0,6,0,4,3,0,0,0,0,1,9,1,4,5,5,12,1,0,0,2,6,3,0,0,4,3,2,0,6,9,0,0,6,0,0,23,0,0,0,1,0,3,0,0,1,0,0,0,0,0,2,1,0,0,6,0,1,0,1,0,0,1,7,0,0,0,0,0,0,0,0,0,0,0,0,0,0,0,0,0,0,1,0,0,3,0,0,0,0,0,0,13,0,0,0,0,3,3,0,0,0,0,0,0,1,14,0,2,1,0,0,1,0,0,0,0,0,0,6,4,0,0,2,1,1,0,2,5,0,4,0,1,0,1,0,5,1,0,0,0,0,8,2,2,0,1,0,0,0,2,0,2,0,0,2,0,1,12,0,0,14,0,0,3,2,0,2,0,0,0,0,0,0,0,0,2,0,0,0,2,0,1,0,0,0,1,0,0,1,0,0,0,0,1,0,1,0,0,0,0,0,0,0,0,0,0,0,0,0,0,0,0,2,0,0,0,0,0,0,0,0,0,0,1,0,0,0,0,0,1,0,0,0,0,0,0,0,0,0,0,0,0,1,0,0,0,0,0,0,0,0,0,0,0,0,1,0,0,0,0,0,0,0,0,0,0,0,0,0,0,0,0,0,0,0,0,0,0,2,0,0,0,0,1,0,1,0,0,0,0,0,1,0,0,0,0,17,0,1,0,0,0,12,0,0,0,2,0,0,4,0,0,4,0,1,0,1,19,15,4,0,0,0,0,4,0,0,0,2,0,0,0,0,0,0,0,0,0,1,0,1,1,0,0,0,0,0,0,5,0,0,0,0,1,0,0,0,0,2,0,23,2,1,0,0,0,0,0,1,4,0,0,0,0,0,0,0,0,0,1,0,0,11,0,0,0,1,0,0,0,0,0,0,0,0,3,0,0,0,2,2,1,0,0,0,0,0,0,0,0,0,0,0,3,0,0,0,0,0,0,0,0,1,1,2,2,0,0,0,5,0,1,0,0,0,0,0,0,0,0,0,0,0,0,0,0,0,0,0,0,0,0,0,0,0,0,3,0,0,0,0,0,2,0,0,1,6,0,0,0,1,0,0,0,0,0,13,13,5,0,0,0,12,0,0,0,5,0,0,0,0,0,1,1,0,0,1,0,0,0,0,11,0,2,0,0,0,2,0,0,0,0,0,2,0,0,0,0,1,0,0,0,1,0,0,0,0,0,0,2,0,3,0,6,0,0,0,0,0,15,2,0,0,0,1,0,0,2,0,0,0,8,0,1,0,1,0,3,0,0,3,0,0,0,1,0,0,0,0,0,0,11,0,3,4,7,0,4,0,0,2,0,0,0,6,4,0,0,0,2,0,2,0,0,7,2,0,0,4,0,0,2,0,0,0,0,0,0,0,0,0,0,1,1,0,0,2,2,1,0,0,0,0,0,1
177,1821,SENAC - SERVICO NACIONAL DE APRENDIZAGEM COMERCIAL,"RUA ANDRE DE BARROS, 750",CENTRO,-25.43355728,-49.26580759,1,0,1989,1309,108,60,0,2,3,6,16,3,0,1,3,0,1,0,0,3,0,11,1,10,1,6,0,6,10,0,3,0,0,0,0,6,0,0,3,0,2,0,0,2,22,0,4,2,0,0,2,0,1,0,0,0,0,0,0,0,1,0,0,8,0,0,0,30,0,1,9,2,0,0,0,7,0,6,0,0,13,0,0,0,1,3,1,1,1,0,0,1,0,0,0,0,1,0,1,2,1,0,2,1,0,0,5,1,0,3,4,11,2,0,2,2,2,2,0,0,2,0,0,0,1,0,0,1,0,3,10,0,0,0,0,0,0,2,2,0,4,0,8,0,6,0,1,0,2,2,2,4,0,3,13,11,6,0,0,4,4,16,3,0,0,3,0,0,3,14,6,4,0,4,1,1,11,0,0,0,2,3,4,0,0,2,0,2,0,0,0,3,1,0,0,3,0,3,0,1,0,0,3,2,0,0,1,0,0,0,0,0,2,0,0,0,0,0,0,0,0,0,0,0,1,0,0,1,0,0,0,0,16,0,0,0,0,7,1,0,0,0,2,0,1,8,7,0,0,9,0,0,0,0,0,0,3,0,0,0,4,0,0,0,3,2,0,5,2,0,9,1,5,0,2,0,15,0,0,0,0,0,9,6,0,2,0,2,1,0,2,0,2,1,0,2,0,4,16,1,2,24,0,1,6,1,1,0,0,0,1,0,0,0,0,0,2,0,0,2,3,0,0,0,0,0,0,0,0,0,0,0,1,0,0,0,3,0,1,0,0,0,0,0,0,0,0,0,0,7,0,0,1,2,0,0,0,0,0,0,0,2,0,0,1,0,0,0,0,0,1,0,0,0,0,0,0,0,0,0,0,0,0,0,0,0,0,0,3,0,0,1,0,0,0,0,0,0,1,0,0,0,0,1,1,0,0,0,0,0,0,0,0,0,0,1,0,0,0,0,0,0,0,0,0,0,0,1,0,0,0,0,0,0,0,0,0,4,0,0,0,0,2,8,0,3,0,1,0,2,4,0,1,2,2,1,0,0,7,21,1,0,3,0,0,5,0,1,1,1,1,1,2,0,1,0,0,0,0,0,0,4,0,0,1,1,0,1,1,2,0,0,0,0,0,0,0,1,0,0,3,33,4,1,0,0,0,0,0,0,8,0,0,0,0,0,1,0,0,1,0,1,0,9,0,2,0,0,0,2,1,0,0,0,3,0,2,0,1,0,1,2,1,0,0,1,0,0,0,0,0,0,0,0,4,0,0,0,0,0,0,0,0,0,0,6,9,0,0,0,1,0,6,0,1,2,0,0,0,0,0,1,3,1,0,0,1,0,0,0,0,3,0,1,2,0,0,4,1,1,0,0,0,14,0,3,6,1,1,0,0,0,0,0,0,0,0,14,17,1,0,0,0,24,0,0,0,1,0,1,1,0,2,5,3,1,0,0,0,1,0,0,9,0,0,1,0,0,0,1,0,0,0,0,6,2,2,0,0,0,0,0,1,0,0,1,0,2,1,1,0,0,4,0,6,1,0,0,0,0,20,3,0,0,0,0,0,0,3,0,0,0,7,0,0,1,0,0,4,4,2,1,1,1,2,2,0,0,0,0,0,1,12,1,4,2,12,0,2,0,3,0,1,1,2,2,8,0,0,0,0,0,2,0,0,4,1,0,0,3,0,0,3,0,0,0,0,0,0,0,0,0,0,7,0,0,0,0,5,1,0,0,0,0,0,0
177,1830,INSTITUTO SALESIANO,"RUA SANTA CATARINA,  1805 (GINÁSIO DE ESPORTES)",GUAIRA,-25.47165993,-49.27919826,26,0,1300,937,73,34,0,1,2,1,4,1,1,1,0,0,1,1,0,2,0,11,1,4,1,2,2,2,10,0,1,1,0,0,1,1,0,0,4,0,0,0,0,1,1,3,3,2,2,0,0,0,0,0,2,6,0,0,0,0,0,0,1,0,0,0,0,19,0,0,4,1,1,0,0,3,0,3,1,0,4,0,0,0,2,0,0,4,2,1,1,0,0,0,0,1,0,0,0,2,0,0,1,0,0,50,1,0,1,1,1,9,2,0,0,2,0,0,0,0,2,0,1,0,0,0,0,2,0,0,4,0,0,0,0,0,0,0,0,0,7,0,1,1,5,1,0,0,0,2,0,2,1,6,5,7,13,0,1,2,7,9,1,0,1,0,0,1,3,4,4,1,0,2,2,2,4,0,1,0,1,0,0,0,0,0,0,1,0,0,0,0,0,0,1,2,1,0,0,1,0,0,6,0,0,0,0,1,2,0,0,1,0,0,1,0,0,0,0,0,0,0,1,0,1,0,0,0,0,0,0,0,5,0,0,0,0,2,1,0,0,0,0,0,0,3,9,1,1,9,0,0,0,0,0,0,0,0,0,1,2,0,0,0,3,0,1,0,2,0,6,0,0,0,0,0,2,0,2,1,0,0,1,0,1,1,0,0,1,0,1,0,0,0,0,2,0,5,12,0,0,9,0,0,7,0,0,0,0,0,0,0,0,3,0,0,1,0,0,3,0,1,0,0,0,3,2,0,0,0,0,0,0,0,1,0,7,0,0,0,0,0,0,0,0,1,2,0,0,0,1,0,0,1,0,0,0,0,0,0,1,0,0,0,2,0,0,1,0,0,0,0,2,0,0,0,0,0,0,0,1,0,0,0,0,0,0,0,0,0,0,0,0,0,0,0,0,0,0,0,0,0,0,0,0,0,0,0,0,0,0,0,0,0,0,0,0,0,0,0,0,0,0,0,0,0,0,0,0,0,1,0,0,8,0,0,0,12,0,1,0,0,0,2,2,5,0,2,0,1,2,0,0,0,1,0,2,0,5,13,0,0,0,0,0,2,0,1,0,1,1,1,0,0,4,0,0,0,0,0,0,1,0,0,0,2,0,0,0,0,0,0,1,0,0,0,0,0,2,0,0,8,2,0,0,0,0,0,2,0,5,0,0,1,0,1,1,0,0,0,0,1,0,1,0,1,0,0,0,0,0,0,0,0,4,0,6,0,0,2,4,0,3,0,0,14,0,0,0,0,0,0,0,0,0,1,0,6,0,0,0,0,0,3,0,0,1,0,1,0,1,0,3,0,0,1,0,0,0,0,0,0,0,0,0,0,0,1,0,0,1,0,1,0,0,0,0,0,0,2,0,1,0,1,0,1,0,1,0,1,0,1,1,0,0,0,0,6,8,1,0,0,1,12,0,0,0,0,0,0,0,0,0,12,2,0,0,0,0,0,0,0,7,0,0,0,0,0,0,0,0,0,0,0,4,0,0,1,0,0,0,0,0,1,0,0,0,1,0,0,0,0,1,0,3,0,0,0,0,0,10,0,0,0,0,0,0,0,4,4,0,0,0,29,1,0,0,0,3,3,0,0,70,1,3,0,0,0,0,0,1,0,7,0,1,0,2,0,2,1,0,0,0,1,0,0,5,0,0,0,0,0,1,1,0,7,0,0,0,2,2,0,0,0,0,0,0,0,0,0,0,0,0,4,0,0,0,0,1,0,0,3,0,0,0,0
177,1848,ESCOLA ESTADUAL DORACY CEZARINO,RUA EUGENIO PAROLIN  588,PAROLIN,-25.46213836,-49.26278951,25,0,3189,2188,145,84,0,0,5,3,17,4,1,0,7,3,0,0,1,7,4,13,3,10,1,1,2,2,32,1,2,2,0,0,0,5,0,0,2,0,3,0,0,2,14,0,3,1,7,0,1,2,0,1,1,12,0,3,0,0,0,0,0,3,0,0,0,40,1,0,13,10,1,1,0,3,3,1,3,2,10,0,0,0,5,0,0,3,0,2,0,0,0,0,0,2,0,8,0,7,4,0,0,0,0,30,6,2,0,0,2,9,0,0,0,3,0,1,0,0,1,0,0,0,0,0,0,1,0,1,5,2,0,0,0,0,0,0,4,0,2,0,2,0,3,2,1,0,0,1,0,2,0,3,3,5,73,0,1,2,9,7,3,0,2,0,0,0,8,5,1,0,0,4,0,4,11,0,0,0,1,1,1,0,0,1,0,0,0,0,3,11,0,0,0,1,2,0,0,0,0,0,4,0,0,0,7,0,1,0,0,2,0,0,0,6,0,0,1,0,0,0,2,0,0,0,0,0,0,0,0,0,20,0,0,0,0,0,2,0,0,0,1,3,0,9,8,0,0,7,0,2,1,0,0,0,0,0,0,0,1,0,0,2,6,0,0,4,2,0,2,1,3,0,4,0,4,3,0,0,0,0,16,1,3,1,1,1,4,0,0,1,1,0,0,0,0,9,19,0,0,22,4,0,6,1,0,1,0,0,0,1,0,2,1,0,2,0,0,0,1,0,0,0,0,1,0,0,0,0,0,0,0,0,4,0,13,0,0,0,0,0,0,0,0,0,1,0,0,0,0,0,0,0,0,0,0,0,1,0,1,0,0,0,0,0,2,1,0,0,2,0,0,1,0,0,0,3,0,0,0,0,0,0,0,0,0,0,0,0,0,0,0,0,0,0,0,1,1,1,0,0,0,0,0,2,0,0,0,0,0,0,0,0,0,0,0,0,0,0,0,0,0,0,0,0,0,5,0,0,5,0,1,0,1,0,0,13,0,2,0,0,1,2,0,2,0,1,0,0,1,0,0,0,0,2,1,0,9,12,0,0,0,0,0,0,0,0,1,3,1,2,0,3,3,0,0,0,0,0,0,1,1,0,0,8,0,0,0,2,0,0,10,0,1,1,0,5,1,0,0,24,4,0,0,1,0,0,1,1,5,0,0,2,0,0,1,1,1,0,0,1,0,4,0,0,0,4,0,0,0,0,0,0,1,0,11,0,0,1,7,1,0,0,0,1,0,0,0,0,0,0,0,0,1,0,5,42,1,0,0,1,0,2,1,5,5,0,0,0,1,0,7,1,0,0,0,0,0,0,0,0,0,0,0,0,0,3,0,0,0,0,0,5,1,0,1,1,1,10,0,0,0,3,0,0,0,4,1,2,0,0,2,0,0,0,0,17,14,8,0,1,0,31,1,0,0,5,1,0,1,0,0,32,1,0,0,0,0,0,0,0,13,0,0,0,0,0,0,0,0,0,0,0,3,1,1,0,0,0,0,0,0,2,0,0,0,1,0,0,2,0,1,0,1,0,0,0,0,0,5,1,0,0,0,0,3,0,5,1,0,3,0,18,1,1,2,0,8,19,6,0,609,0,3,1,0,0,0,0,1,0,17,1,0,2,9,0,1,1,4,0,0,0,1,2,7,0,0,0,1,0,0,0,0,7,0,0,0,8,2,1,0,0,0,0,0,0,1,0,0,0,0,2,0,0,0,0,3,2,0,0,0,0,0,1
177,1856,SOCIEDADE BENEFICENTE MORGENAU,"AV SENADOR SOUZA NAVES, N. 945",CRISTO REI,-25.43130887,-49.24828359,6,0,1020,768,38,33,0,1,1,1,8,0,0,0,6,0,0,0,0,2,2,13,1,1,0,1,1,2,10,0,1,1,0,0,0,1,0,0,3,0,0,0,0,1,2,0,0,0,0,0,1,1,1,0,0,2,0,4,0,0,7,0,1,0,0,0,0,14,0,0,13,0,9,0,0,2,0,4,0,0,12,0,1,0,0,0,0,0,0,0,0,0,0,0,0,0,1,1,0,2,0,0,0,0,2,4,1,0,0,0,0,16,0,0,0,4,0,3,0,0,0,0,0,0,0,2,0,0,0,0,0,0,0,0,0,0,0,1,0,0,1,0,2,1,0,0,0,0,0,0,0,6,2,3,10,3,3,0,0,1,1,9,1,0,0,0,0,0,0,4,2,0,0,2,3,3,14,0,0,0,0,1,1,0,0,1,0,3,0,0,0,4,0,0,0,1,0,0,0,0,0,0,0,4,0,0,5,0,0,0,0,0,0,0,0,0,0,0,0,0,0,0,0,0,0,0,0,0,0,0,0,0,19,0,0,0,0,1,0,1,0,0,0,0,0,6,5,2,1,7,0,0,0,0,1,0,0,0,0,1,5,0,0,0,1,0,0,1,1,1,9,0,1,0,1,1,4,0,0,0,0,0,2,1,1,0,0,7,0,0,0,0,0,2,0,21,0,0,13,0,0,21,0,0,3,0,3,3,0,0,0,0,0,2,0,1,3,0,0,2,0,0,0,0,0,0,0,0,0,1,0,0,0,2,1,0,4,0,0,0,0,0,0,0,1,0,0,0,0,0,0,0,0,4,0,0,0,0,0,0,0,0,0,0,0,0,0,1,0,0,0,0,0,0,0,1,0,0,0,0,0,0,0,0,0,0,0,0,0,0,0,0,0,0,0,0,1,0,0,0,0,0,0,0,1,0,0,0,0,2,0,0,0,0,0,1,0,0,0,1,0,0,0,0,0,0,0,3,0,0,1,0,0,0,0,0,0,7,0,0,0,0,0,3,0,1,0,0,0,0,3,0,0,0,0,2,0,0,8,18,1,0,3,0,0,0,0,0,0,1,0,0,0,0,0,0,0,0,0,0,0,1,0,0,0,0,0,0,0,0,0,0,0,0,0,0,0,1,0,0,0,25,8,0,0,0,0,0,2,0,3,0,1,1,0,0,2,0,0,0,0,0,0,2,0,2,0,0,0,2,0,0,0,0,0,0,2,0,0,0,2,1,2,0,0,0,0,0,1,0,0,0,0,0,0,0,0,0,0,0,0,0,0,0,1,4,2,0,0,0,3,0,0,0,0,0,0,0,0,0,1,0,0,0,0,0,0,2,0,0,0,0,0,0,0,0,0,2,0,1,0,0,0,1,0,4,0,3,1,0,1,0,0,0,0,0,0,9,10,0,0,0,0,5,0,0,0,1,0,0,0,0,0,5,0,0,0,2,0,1,0,0,6,0,0,0,1,0,0,0,0,0,0,0,2,0,0,1,0,0,0,0,0,0,0,0,0,1,1,0,0,0,0,0,0,0,0,0,0,0,10,0,0,0,0,0,1,0,1,0,0,0,3,1,1,2,2,0,5,1,2,1,0,0,3,0,0,0,0,0,1,1,6,0,1,1,11,0,1,0,0,0,1,1,0,0,4,0,0,0,0,0,0,0,0,5,0,0,0,4,0,0,9,0,0,0,0,0,0,0,0,0,0,0,0,0,0,0,3,1,0,0,0,0,0,0
177,1864,COLEGIO BOM JESUS (CENTRO),R 24 DE MAIO   135,CENTRO,-25.4384742,-49.27298933,1,0,6380,4024,318,181,0,2,5,10,57,2,0,1,9,3,0,0,0,20,2,34,0,22,1,6,1,16,38,2,5,2,0,0,0,8,1,0,6,0,1,0,0,7,51,0,6,3,2,2,2,1,3,4,2,2,0,0,0,0,3,0,6,20,0,2,0,60,0,3,61,6,5,1,0,12,1,11,3,0,41,2,0,1,0,1,0,2,3,0,2,4,0,0,1,3,2,3,0,8,2,0,0,1,0,7,8,1,3,2,2,102,3,0,0,10,3,11,0,0,7,1,0,0,0,3,1,6,1,1,7,1,0,1,2,0,0,1,9,0,48,2,18,0,35,8,5,0,1,2,0,24,0,48,70,23,38,1,0,10,27,41,24,1,0,10,4,3,8,27,15,0,0,17,1,9,84,1,0,0,7,0,2,0,0,3,0,2,0,0,0,7,0,1,0,6,2,0,0,1,4,1,8,18,2,1,7,0,0,0,0,0,1,0,1,0,0,0,3,0,1,0,2,0,0,0,0,0,3,0,0,1,53,0,0,0,0,9,4,0,0,0,0,1,2,16,19,1,5,15,0,7,2,0,0,1,0,0,1,6,3,0,0,2,12,3,4,4,16,0,32,1,6,0,4,1,12,3,0,1,0,0,27,1,6,7,1,4,1,0,5,0,3,1,2,6,0,15,59,0,10,31,3,1,24,6,0,10,0,0,3,4,2,4,2,6,6,0,20,4,2,1,0,0,0,2,0,0,0,3,0,2,0,0,0,1,8,0,1,0,0,2,0,0,0,0,1,0,0,3,0,3,1,5,0,0,0,0,0,0,0,4,0,0,1,0,0,2,0,0,1,0,0,2,0,0,0,0,0,0,0,0,0,0,0,0,3,1,0,0,0,0,0,1,1,0,0,0,0,0,0,0,0,1,1,0,0,0,1,0,0,2,0,0,1,2,0,0,1,1,1,0,0,0,0,0,1,2,0,0,0,2,3,0,0,0,0,63,0,1,1,0,2,19,0,7,0,10,3,0,10,0,0,6,8,2,2,0,52,109,2,0,4,0,2,9,0,3,0,5,9,8,0,3,0,0,0,0,1,0,0,1,2,0,0,3,0,1,1,9,1,0,5,0,0,0,0,4,0,5,1,65,12,0,0,1,0,0,2,1,15,0,0,1,0,1,1,2,0,3,0,2,0,8,0,1,0,1,0,2,2,0,0,0,2,0,0,2,1,0,7,0,5,0,0,2,0,0,1,0,0,0,0,2,2,2,3,0,1,0,0,0,0,4,0,12,75,4,0,0,19,1,5,0,0,2,0,0,0,1,1,0,1,1,0,0,0,0,0,0,0,1,0,1,0,0,0,10,0,5,0,3,0,30,0,3,1,10,7,0,3,2,1,1,0,0,0,42,33,7,0,0,1,30,0,1,0,6,0,0,3,0,4,18,4,0,0,1,0,3,0,0,72,1,0,0,1,1,0,1,0,0,0,1,9,2,2,4,1,2,0,1,1,1,0,0,0,2,4,0,2,0,3,0,32,3,0,0,0,0,60,12,0,0,1,3,4,0,3,2,0,1,13,3,2,2,6,6,17,8,4,1,1,1,12,5,1,0,2,0,1,0,51,2,9,3,13,0,9,8,3,4,1,2,3,7,16,1,0,0,1,0,7,0,0,50,1,0,0,16,2,0,4,0,1,0,1,1,0,0,0,0,0,7,0,0,0,1,9,8,1,1,1,0,0,2
177,1872,FACULDADE UNINTER (DIVINA PROVIDÊNCIA),"RUA DO ROSÁRIO, 147",CENTRO,-25.42879487,-49.27313812,1,0,382,255,25,19,0,0,0,0,5,0,0,0,0,0,0,0,0,0,0,2,0,2,0,0,0,0,5,0,0,0,0,0,0,1,0,0,0,0,0,0,0,0,3,0,1,0,0,0,1,0,0,0,0,0,0,0,1,0,0,0,0,0,0,0,0,9,0,0,2,0,0,0,0,3,0,1,0,0,1,0,0,0,0,0,0,0,0,0,0,0,0,0,0,2,0,0,0,0,0,0,0,0,0,0,0,0,0,0,0,1,0,0,0,0,0,0,0,0,0,0,0,0,0,0,0,0,0,0,0,0,0,0,0,0,0,1,0,0,2,0,1,0,0,1,0,0,0,0,0,2,0,1,7,3,1,0,0,1,2,4,0,0,0,0,1,0,1,2,0,0,0,0,0,0,0,0,0,1,0,0,0,0,0,0,0,0,1,0,0,0,0,0,0,3,0,0,0,1,1,0,0,0,0,0,2,0,0,0,0,0,0,0,0,0,0,0,0,0,0,0,0,0,0,0,0,0,1,0,0,0,1,0,0,0,0,2,0,0,0,0,0,0,0,1,2,0,0,0,0,0,0,0,0,0,0,0,0,0,1,0,0,0,0,0,1,0,0,0,6,0,1,0,1,0,0,2,0,0,0,0,0,0,0,0,0,0,0,0,1,0,0,0,0,0,0,1,2,0,0,4,1,0,2,0,0,0,0,0,0,0,0,0,0,0,0,0,0,0,1,0,0,0,0,0,0,0,0,0,0,0,0,0,0,0,0,0,0,0,0,0,0,0,0,0,0,0,0,1,0,0,0,0,0,0,0,0,0,0,0,1,0,0,0,0,0,0,0,0,0,0,0,0,0,0,0,0,0,0,0,0,0,0,0,0,0,0,0,0,0,0,0,0,0,0,0,0,0,0,1,0,0,0,0,0,0,0,0,0,0,0,0,0,0,0,0,0,0,0,0,0,0,0,0,0,0,0,0,0,0,0,0,0,0,2,0,1,0,0,0,0,1,0,0,0,0,0,0,0,1,0,0,0,0,0,0,0,1,4,0,0,0,0,1,1,0,0,0,0,0,0,0,0,0,0,0,0,0,1,0,0,0,0,0,0,0,0,0,2,0,0,0,0,0,0,0,0,0,0,0,4,2,0,0,0,0,0,0,0,1,0,0,0,0,0,0,0,0,0,0,0,0,1,0,0,0,0,0,0,0,0,0,0,0,0,0,0,0,0,0,1,0,0,0,0,0,0,0,0,0,0,0,0,0,1,0,0,1,0,0,0,0,0,0,1,5,0,0,0,0,0,1,0,0,0,0,0,0,1,0,0,0,0,0,0,0,0,0,0,0,3,0,0,0,0,0,3,0,1,0,0,0,4,0,0,0,0,1,0,0,0,0,0,0,0,0,1,4,0,0,0,0,4,0,0,0,0,0,0,0,0,0,2,0,0,0,0,0,1,0,0,0,0,0,0,0,1,0,1,0,0,0,0,0,0,1,0,0,0,0,0,0,1,0,0,0,1,0,0,0,0,4,0,3,0,0,0,0,0,5,0,0,0,0,0,0,0,1,0,0,0,0,1,0,0,1,0,0,2,0,0,0,0,3,0,0,0,0,0,0,0,3,0,0,0,0,0,0,0,0,0,0,0,0,3,2,0,0,0,0,0,0,0,0,1,1,0,0,0,0,1,0,0,0,0,0,0,0,0,0,1,0,2,0,0,0,0,1,0,0,0,0,0,0,0
177,1880,ESCOLA MUNICIPAL BATEL (ESCOLA ESTADUAL DEZENOVE DE DEZEMBRO),RUA DESEMBARGADOR MOTTA  2082,CENTRO,-25.43650529,-49.28172644,1,0,1674,1174,70,37,0,0,0,3,9,1,0,0,5,0,0,0,0,6,0,18,0,5,1,1,1,5,14,0,1,0,0,0,0,0,0,0,3,0,0,0,0,0,1,0,2,0,0,0,0,0,0,0,5,0,0,0,0,0,1,0,0,3,0,0,0,17,0,0,8,0,2,0,0,2,1,2,1,0,20,2,0,1,0,0,0,3,0,0,3,0,0,0,0,4,1,1,0,0,2,0,0,0,1,0,5,0,0,2,0,18,0,0,0,3,4,3,0,0,5,0,0,0,0,0,0,1,0,0,1,0,0,0,1,0,0,0,3,0,21,0,1,0,12,0,1,0,0,1,1,14,0,12,19,8,13,1,0,4,6,13,4,3,1,1,0,0,0,9,4,3,0,6,2,1,31,0,0,0,2,0,3,0,0,0,0,1,0,0,0,1,0,0,0,1,0,2,0,0,1,0,3,3,0,3,0,0,0,0,0,0,1,0,0,0,0,0,0,0,0,0,0,1,0,0,2,0,1,0,0,0,13,0,0,0,0,0,1,0,0,0,0,0,0,5,17,1,2,4,0,4,0,0,0,0,0,0,0,9,2,0,0,1,4,0,0,3,7,0,12,0,2,0,0,0,6,1,0,1,0,0,7,1,0,0,0,2,2,0,3,0,4,0,0,2,1,0,12,0,0,10,0,0,2,1,1,1,0,0,0,0,0,0,0,1,1,0,2,4,0,0,0,0,0,0,2,0,0,0,0,1,0,0,2,0,0,0,0,0,0,0,0,0,0,0,1,0,0,0,0,0,0,1,0,0,0,0,0,0,0,2,0,0,0,0,0,1,0,0,0,0,0,0,0,0,0,0,0,0,0,0,0,0,0,0,0,0,0,0,1,0,1,0,0,0,0,0,0,0,0,0,0,0,0,0,0,0,0,0,0,0,0,0,0,1,0,0,0,0,0,0,0,0,0,0,0,4,0,0,0,0,0,0,0,0,0,18,0,2,0,0,0,4,0,4,0,3,0,0,8,0,0,3,2,0,0,1,22,33,8,0,0,0,1,0,0,2,0,1,9,1,0,2,1,0,0,0,1,0,0,0,0,0,0,0,0,0,0,1,0,0,0,0,0,0,0,0,0,1,1,16,2,1,0,0,0,0,0,0,5,0,0,0,0,0,2,1,0,0,0,2,0,5,0,0,0,0,0,0,1,0,0,0,1,0,3,1,0,0,0,4,0,0,0,0,0,0,0,0,0,0,0,0,3,0,0,0,1,0,0,0,0,1,0,6,14,1,0,0,3,0,2,0,0,1,1,0,0,0,0,0,0,0,0,0,0,1,0,0,0,0,0,0,0,0,0,4,0,2,0,1,0,4,0,2,1,5,2,0,1,0,1,0,0,0,0,17,21,11,0,0,0,4,0,1,0,4,0,0,0,0,1,4,0,1,0,0,0,0,0,0,27,0,0,0,0,1,0,1,0,0,0,1,2,3,0,0,0,0,1,0,0,0,0,0,1,0,4,0,0,0,0,0,2,0,0,1,0,0,18,1,0,0,0,1,1,0,5,0,4,3,4,3,0,0,0,3,5,1,2,2,0,0,4,2,0,0,0,0,0,1,15,1,2,4,6,0,0,2,2,0,0,0,0,7,7,0,0,0,0,0,6,0,0,15,0,0,0,0,3,0,1,0,0,1,0,0,0,0,0,0,0,3,0,0,1,0,3,1,0,1,0,0,0,0
177,1899,COLEGIO BOM JESUS (ÁGUA VERDE),"RUA NESTOR VICTOR, 910",ÁGUA VERDE,-25.45728382,-49.27247158,9,0,3868,2804,170,123,0,1,9,4,24,3,0,4,16,3,2,0,1,11,0,27,2,14,1,5,1,7,17,3,2,9,0,1,0,4,0,0,6,0,6,3,0,2,11,0,8,1,10,0,2,0,1,3,6,3,0,0,0,0,0,0,2,3,0,0,0,46,0,2,30,7,2,0,1,4,1,6,1,5,20,0,0,0,1,2,0,6,2,0,0,0,0,0,0,3,1,11,0,6,0,0,0,2,0,89,11,0,3,4,1,27,4,0,0,8,2,2,0,0,13,0,0,0,1,0,0,2,1,2,7,0,0,0,0,0,2,3,7,1,22,0,10,1,14,3,4,1,2,2,0,11,0,9,28,18,33,0,1,1,13,15,9,0,0,4,0,1,1,13,11,11,0,19,1,6,31,0,1,2,4,0,1,0,0,1,0,6,0,0,0,7,0,3,1,5,0,2,1,1,1,0,14,4,1,3,2,0,0,2,0,0,5,0,1,0,0,0,1,0,0,0,2,0,1,0,0,0,0,0,0,2,51,1,0,0,5,14,3,0,0,0,3,0,1,7,20,2,1,16,0,4,1,0,0,0,0,1,0,5,6,0,0,0,3,4,2,5,10,3,19,2,12,0,1,0,17,1,2,0,0,0,16,2,2,7,0,3,7,0,5,0,3,0,0,2,2,23,26,0,0,27,9,1,23,5,1,4,0,0,3,1,0,4,1,0,1,0,0,3,1,1,0,0,0,2,3,1,1,0,0,2,0,0,4,1,8,0,0,0,0,0,0,0,0,0,0,0,0,0,2,0,0,3,0,0,0,0,0,0,0,0,0,0,2,0,0,1,0,0,0,1,0,0,1,0,0,0,0,0,0,0,0,0,0,0,0,1,0,0,0,1,0,0,0,0,0,1,0,0,0,0,0,0,0,0,0,0,1,5,0,0,0,0,0,3,5,0,0,2,0,0,0,0,0,1,0,6,0,0,2,0,0,1,0,0,0,49,1,0,0,0,2,8,8,19,0,1,0,0,10,0,0,1,5,2,1,0,24,79,0,1,4,1,1,5,0,3,1,11,5,6,1,1,0,0,1,0,0,0,0,2,0,1,0,3,0,1,0,0,4,0,4,0,0,0,0,5,0,1,1,39,3,2,0,0,0,0,1,0,22,1,2,1,0,2,1,1,0,0,2,1,0,4,0,1,0,2,0,0,1,0,0,1,7,0,12,0,0,0,20,3,9,1,0,8,1,0,0,0,0,0,1,3,0,1,0,8,3,0,0,0,0,0,0,20,15,0,0,0,14,0,2,1,0,2,1,0,0,2,0,0,1,0,0,0,0,3,0,0,0,1,0,0,0,0,0,8,4,2,0,2,0,11,0,2,0,5,4,0,3,0,0,0,0,0,1,19,26,9,0,0,1,39,1,0,1,2,0,0,1,0,1,28,0,2,0,1,0,3,0,1,46,0,0,2,1,0,1,6,0,0,0,0,12,3,0,3,0,0,3,0,0,7,0,0,0,1,1,0,0,0,0,0,17,0,0,0,1,0,32,3,0,0,0,2,5,0,2,3,4,0,6,14,1,0,4,1,23,9,1,0,68,0,8,0,0,0,0,0,0,0,17,0,2,6,5,0,4,4,0,4,0,2,0,3,10,1,0,0,2,0,0,0,0,38,0,0,0,3,4,0,1,0,1,0,0,3,1,0,0,0,0,2,0,0,0,0,3,4,2,0,0,1,0,0
177,1902,FACULDADE DOM BOSCO,AV WENCESLAU BRAZ 1046,GUAIRA,-25.47182976,-49.26554031,26,0,3455,2375,200,96,0,0,2,2,14,2,2,2,4,1,1,0,0,8,3,15,2,11,0,1,4,8,28,0,3,3,0,2,0,13,0,0,0,0,3,1,0,4,22,3,5,0,0,0,1,1,1,0,1,12,2,3,1,0,1,0,0,2,0,0,0,40,0,7,12,2,1,0,0,7,2,1,0,0,8,1,1,0,2,0,1,8,2,0,0,3,0,0,2,0,0,0,0,7,4,0,1,0,0,70,11,5,0,0,0,12,0,0,0,3,2,1,0,0,4,0,0,2,0,0,0,1,0,3,6,0,0,0,0,0,0,0,4,0,9,0,5,1,5,0,1,0,2,5,0,6,3,11,15,4,34,0,0,1,8,19,4,0,1,1,2,1,10,8,6,6,0,14,1,9,30,0,0,1,0,0,1,0,5,0,0,3,0,0,1,6,0,2,1,0,1,0,0,1,0,3,12,3,0,1,2,0,1,0,0,1,3,0,0,5,0,1,0,0,1,0,2,0,0,0,0,0,0,0,0,0,35,0,0,0,0,6,3,0,0,0,0,0,0,11,11,2,0,10,0,2,2,0,1,0,0,0,0,2,3,0,0,0,6,1,5,5,3,4,11,0,4,0,0,1,12,3,0,0,1,0,19,3,4,2,0,1,8,0,5,3,1,2,1,0,1,7,19,0,6,11,10,0,19,0,0,2,0,0,1,0,2,4,0,0,1,0,0,0,4,1,2,0,0,1,0,0,0,0,0,1,1,0,0,1,18,0,0,0,0,1,0,0,0,0,2,0,0,0,2,0,0,1,0,0,0,0,2,0,1,0,0,0,4,0,1,1,0,0,2,0,2,4,1,0,0,0,0,0,1,0,0,0,1,0,2,0,2,0,0,0,0,0,0,0,0,0,0,0,0,0,0,0,0,1,0,0,0,0,0,0,0,0,0,0,0,0,0,0,0,0,0,0,1,0,0,4,0,0,0,0,0,2,0,1,0,20,0,3,2,0,0,5,1,5,0,0,0,2,2,0,0,2,2,0,0,0,9,34,0,0,1,0,1,2,0,0,1,1,3,0,1,3,9,0,0,0,0,0,0,0,0,0,0,2,0,6,0,1,0,0,3,1,0,0,1,9,1,0,4,21,5,0,0,0,0,0,0,0,4,0,0,0,0,0,4,2,2,0,1,0,0,1,0,0,0,4,0,0,1,0,0,0,0,0,50,0,1,0,3,1,6,0,0,11,0,0,0,0,0,0,1,2,2,4,5,33,3,1,0,1,0,2,1,6,10,1,0,0,7,0,8,0,0,0,1,0,0,2,0,1,0,0,0,0,0,2,1,0,0,1,0,4,1,0,0,1,1,6,0,2,0,7,1,3,2,2,4,0,3,1,0,1,0,0,2,38,6,1,0,0,1,44,0,1,0,1,1,0,0,0,0,36,0,2,0,0,0,0,0,0,31,2,0,1,6,2,1,0,0,1,0,1,13,1,2,0,0,0,0,0,0,1,0,0,0,0,0,0,2,0,3,0,6,3,0,0,0,0,9,1,0,0,0,0,3,0,8,3,0,2,3,53,1,2,3,0,27,17,12,2,179,1,5,1,0,0,0,0,0,0,18,0,0,7,6,0,3,0,3,0,0,1,2,2,7,0,0,0,0,0,0,0,0,12,0,0,2,12,2,0,0,0,0,0,0,0,0,0,0,0,0,5,0,0,0,0,10,3,0,1,0,0,1,0
177,1910,ESCOLA MUNICIPAL PROFESSORA NANSYR CECATO CAVICHIOLO,"RUA FRANCISCO PAROLIN, 930",PAROLIN,-25.46506806,-49.26390398,25,0,1191,786,54,27,0,0,0,1,3,2,0,1,1,0,0,0,1,3,1,3,0,1,0,3,0,1,11,0,2,4,0,1,0,1,0,0,4,0,4,0,0,1,4,0,1,1,2,0,0,0,1,0,1,9,0,2,0,0,1,0,1,1,0,0,0,4,0,3,2,2,0,0,0,0,0,0,1,1,0,0,1,0,2,0,0,0,0,0,1,0,0,0,0,0,0,2,0,0,0,1,0,0,0,8,2,2,0,0,1,0,0,0,0,2,0,0,0,0,0,0,0,1,0,0,0,0,0,0,2,0,0,0,0,0,0,0,1,0,2,0,2,0,0,1,0,0,0,1,0,0,0,1,5,0,28,0,0,1,0,1,4,1,1,0,2,0,1,0,1,0,0,1,0,1,0,0,1,0,0,0,0,0,0,0,0,0,0,0,0,0,0,0,0,0,0,0,0,0,0,0,3,0,0,0,0,0,0,0,0,0,1,0,0,4,0,0,0,0,0,0,0,0,0,0,0,0,0,0,0,0,5,0,0,0,0,3,1,0,0,0,0,0,0,0,4,0,0,7,0,0,0,0,0,0,0,0,0,1,0,0,0,0,0,0,0,0,0,0,1,0,0,0,0,0,3,0,0,0,0,0,1,0,0,1,0,0,0,0,1,0,0,0,1,0,0,6,3,0,0,8,1,0,2,0,0,0,0,0,0,0,0,1,0,0,2,0,0,0,0,1,0,0,0,0,0,0,0,0,0,0,0,0,0,0,5,0,0,0,0,0,0,0,0,0,1,0,0,0,0,0,0,0,0,0,0,0,0,0,0,0,0,0,0,0,0,0,0,0,0,0,0,0,0,0,0,0,0,0,0,0,0,0,0,0,0,0,0,0,0,0,0,0,0,0,0,0,0,0,0,0,0,0,0,0,0,0,0,0,0,0,0,0,0,0,0,0,0,0,0,0,0,0,0,0,0,0,0,0,1,0,0,0,0,0,0,3,0,0,0,0,0,1,0,1,0,1,1,0,0,0,0,0,0,0,0,0,1,7,0,0,0,2,0,0,0,0,0,0,0,0,0,0,2,0,0,0,0,0,0,0,0,0,0,3,0,0,0,0,0,0,0,0,0,0,0,1,0,0,0,2,0,0,0,0,0,0,0,0,0,0,0,0,0,0,2,0,0,0,0,0,0,0,0,0,0,0,0,0,0,0,0,0,0,0,4,0,0,0,1,0,0,0,0,1,0,0,0,0,1,0,0,0,0,0,2,19,1,0,0,0,0,0,0,1,0,1,0,0,1,0,2,0,0,1,0,0,0,0,0,0,0,0,0,0,0,0,0,0,0,0,0,1,1,0,0,0,1,1,0,0,0,2,0,0,0,1,0,2,0,0,0,0,0,0,0,3,5,0,0,0,0,11,0,0,0,0,0,0,0,0,1,6,0,0,0,0,0,0,0,0,3,0,0,0,0,0,0,0,0,0,0,0,1,1,0,1,0,1,0,0,0,3,0,0,0,0,0,0,1,0,0,0,1,0,0,0,0,0,2,0,0,0,0,1,1,0,5,0,0,1,0,3,0,0,3,0,1,9,1,2,310,0,1,0,0,0,0,0,0,0,6,0,1,0,3,0,0,1,0,0,0,0,0,0,0,0,2,0,0,0,0,1,0,2,0,0,0,0,1,0,1,0,1,0,0,0,0,0,0,0,0,1,0,0,0,0,1,0,0,0,0,0,0,0
177,1929,COLÉGIO BOM JESUS - NOSSA SENHORA DE LOURDES (CRISTO REI),"RUA FIORAVANTE DALLA STELLA, N. 90",CRISTO REI,-25.43451249,-49.24702678,6,0,7319,5249,290,215,0,4,3,10,65,2,1,5,24,2,3,0,0,37,5,58,1,33,1,6,1,23,42,0,8,2,0,0,0,4,1,0,8,0,14,0,0,2,16,0,5,3,3,3,12,2,0,4,4,1,0,0,0,2,11,0,3,11,0,3,0,88,0,10,91,10,10,0,0,16,2,11,3,1,57,2,0,2,1,1,0,6,2,1,0,2,0,1,0,3,0,4,1,13,2,0,0,0,1,13,8,9,5,6,3,132,4,0,4,15,5,8,1,0,15,1,1,0,3,2,0,5,0,1,9,0,0,0,6,0,0,0,16,5,64,1,11,1,19,8,2,2,1,0,1,55,5,47,66,45,32,1,0,9,31,60,31,3,1,1,6,2,11,27,20,9,0,17,3,9,76,2,1,0,4,2,2,1,0,4,0,9,0,0,0,4,0,2,0,15,2,3,0,5,0,0,11,12,2,0,12,0,2,0,0,0,0,0,1,1,1,0,0,1,0,0,1,0,1,1,0,0,2,0,0,0,108,0,0,0,0,20,3,0,0,0,4,0,0,77,43,3,5,31,0,6,1,1,2,1,0,1,0,15,13,0,0,4,25,3,3,8,17,1,48,0,9,0,11,0,21,5,0,2,0,0,41,6,4,3,1,4,1,2,8,1,5,7,1,40,1,32,63,0,0,49,3,1,18,11,15,6,0,0,6,2,0,0,2,4,11,0,0,2,4,0,0,0,0,0,1,1,0,1,0,1,0,4,1,3,12,0,0,0,0,2,0,0,0,1,0,0,0,3,0,0,0,7,0,1,0,0,2,0,0,2,0,0,3,0,0,9,0,0,0,0,0,2,0,0,0,0,0,0,0,0,0,0,0,0,0,0,2,1,0,0,0,0,0,0,0,0,0,0,0,0,0,3,5,1,0,0,0,0,0,1,0,0,0,3,1,0,0,10,7,0,0,0,1,0,0,11,0,0,0,0,1,0,0,0,0,123,0,1,1,0,0,20,0,10,0,9,1,0,25,0,2,5,10,1,1,1,60,146,8,1,3,2,0,5,0,6,2,5,2,2,0,8,0,0,1,0,1,0,0,2,4,0,0,1,0,2,0,4,0,0,0,0,0,0,0,8,0,3,7,75,24,1,0,0,3,2,1,1,16,0,0,3,0,1,1,1,1,3,5,0,0,17,0,0,0,2,0,1,7,0,0,0,2,0,9,0,3,6,4,5,9,0,0,1,0,0,3,0,0,0,0,0,2,0,1,0,1,1,0,0,0,3,1,20,48,2,0,0,16,2,10,0,0,4,16,0,0,1,0,0,5,0,0,0,1,4,0,0,0,3,0,1,0,0,0,31,0,4,0,5,0,52,0,21,4,13,6,3,3,3,0,4,0,0,0,68,36,10,0,0,0,53,0,0,1,3,2,0,1,3,0,31,2,1,0,0,0,2,0,0,94,0,0,0,1,0,0,2,0,0,0,0,13,0,0,8,0,3,0,0,0,2,0,0,0,1,0,1,3,1,7,5,26,2,0,1,0,0,74,7,0,0,0,0,15,0,4,4,1,0,8,11,1,0,2,3,23,11,13,6,5,3,17,2,0,0,0,1,18,0,38,1,17,13,62,1,28,8,1,0,0,7,2,2,35,1,0,0,2,0,2,0,0,41,1,0,0,4,3,2,24,0,1,0,0,0,0,2,0,1,0,6,0,0,0,3,31,3,2,1,0,1,0,0
177,1937,FACULDADE DE DIREITO DA UNIVERSIDADE FEDERAL DO PARANA,PRACA SANTOS ANDRADE   50,CENTRO,-25.42906287,-49.26748216,1,0,4337,2826,175,87,0,0,6,8,60,3,0,3,10,3,0,0,2,9,0,21,0,11,3,4,2,21,28,1,4,2,0,0,0,1,0,0,4,2,1,0,1,2,20,0,0,3,2,1,5,2,0,2,0,1,1,0,1,0,1,1,1,4,0,2,0,30,0,6,20,1,3,0,0,5,3,7,5,0,11,0,0,2,0,0,0,2,4,0,0,4,0,0,3,2,0,2,0,5,0,0,2,0,0,2,9,3,0,1,1,52,4,0,0,12,2,7,0,1,5,0,0,0,0,2,0,8,0,1,2,0,0,1,2,0,0,1,7,1,33,2,14,1,33,4,7,2,2,0,5,44,2,40,97,40,46,0,0,10,42,47,28,1,0,4,3,3,9,31,23,3,0,6,2,2,22,0,0,0,2,1,1,0,0,3,0,0,1,0,1,5,0,0,3,15,0,0,0,2,0,0,5,4,0,1,4,1,2,1,0,0,1,0,1,0,0,0,0,0,1,0,0,0,0,1,0,0,1,0,0,0,11,0,0,0,0,4,0,1,0,0,1,0,0,10,14,0,2,6,0,3,4,0,0,0,0,1,0,5,3,0,0,0,9,1,3,2,8,0,31,0,5,0,3,1,12,0,1,0,0,0,13,1,5,2,1,10,0,0,3,2,2,0,1,10,0,5,34,0,1,29,3,0,10,2,2,2,0,0,4,1,1,0,0,2,0,0,0,1,4,0,0,0,0,0,0,1,0,1,0,3,0,0,0,0,3,0,0,0,0,0,0,0,0,0,1,0,0,9,0,0,0,3,0,0,0,2,0,0,0,1,0,0,6,0,0,1,0,0,1,0,0,0,0,0,0,0,0,0,0,0,0,0,0,0,1,0,0,1,0,0,3,0,0,0,0,0,0,0,0,0,0,3,1,0,0,0,1,0,0,1,0,0,1,2,0,0,0,0,0,0,1,0,0,1,1,0,0,0,0,0,0,1,0,0,0,43,0,0,1,0,0,14,0,6,0,1,0,1,10,0,1,1,2,1,1,0,28,52,3,0,0,0,1,6,0,0,0,2,3,1,0,2,0,0,0,0,0,0,0,1,0,0,0,10,0,0,0,5,0,0,0,0,1,1,0,2,0,1,1,39,14,2,0,0,2,0,0,1,9,0,0,0,0,3,0,0,0,0,0,0,0,5,0,0,0,0,0,3,1,0,1,0,4,0,1,0,0,2,3,2,2,0,0,1,0,0,0,0,0,0,0,0,4,3,1,0,0,0,0,0,0,1,0,14,51,2,0,0,13,1,4,0,0,7,1,0,0,3,0,0,6,0,0,0,1,2,1,0,0,2,0,0,0,1,0,11,4,5,0,4,0,25,1,7,8,11,3,1,0,0,0,0,0,0,0,32,15,3,0,0,0,35,0,0,0,2,0,0,0,0,3,8,0,2,1,2,1,0,1,0,42,0,0,0,1,2,0,5,1,0,0,1,6,4,1,2,1,1,0,0,1,1,0,1,0,2,1,0,1,0,10,5,39,10,0,0,0,0,81,15,0,0,0,1,1,0,3,2,0,0,8,4,1,2,4,1,8,5,8,1,1,2,5,6,0,0,1,0,1,3,29,2,9,6,10,1,3,3,5,1,2,0,1,15,25,0,0,0,0,0,1,0,0,19,3,1,0,4,2,0,2,0,0,0,0,0,0,0,0,0,0,5,0,0,0,0,5,0,1,0,0,0,0,0
177,1945,SETOR DE CIÊNCIAS HUMANAS DA UNIVERSIDADE FEDERAL DO PARANA,R GENERAL CARNEIRO   460,CENTRO,-25.42668363,-49.26187041,1,0,2692,1922,95,74,0,0,1,3,40,3,1,1,13,0,0,0,0,5,1,34,0,13,0,4,3,15,20,0,5,1,0,0,0,5,0,0,3,1,0,0,0,1,5,0,4,2,1,1,7,1,1,1,2,0,0,0,0,0,8,0,0,6,0,0,0,33,0,1,22,3,1,0,0,7,2,9,2,0,20,1,0,1,0,1,0,2,2,2,1,1,0,0,0,0,1,1,1,1,0,0,0,0,0,2,3,1,1,0,0,33,0,0,4,8,4,10,0,0,3,0,0,0,0,2,0,3,0,2,6,2,0,1,3,0,0,4,12,0,31,2,15,0,14,4,2,0,0,1,2,28,3,31,48,22,24,0,0,7,15,27,15,1,0,1,1,5,1,20,14,0,0,8,0,2,22,0,0,0,0,0,3,0,0,0,0,0,0,0,0,1,0,0,0,4,1,1,0,0,0,0,1,6,0,0,1,0,0,0,0,0,0,0,1,0,0,0,0,0,0,0,0,0,0,2,0,0,0,0,0,0,21,0,0,0,0,4,0,1,0,0,0,0,0,9,7,2,1,7,0,1,0,0,0,1,0,1,0,8,3,0,0,1,9,0,1,1,5,0,16,0,5,0,2,1,11,1,1,0,0,0,11,3,1,3,1,1,3,0,2,2,2,2,0,2,0,2,24,0,0,26,3,0,5,6,4,5,0,0,3,0,0,1,1,0,1,0,0,2,3,0,0,0,0,0,0,0,0,0,0,1,1,0,1,0,1,0,0,0,0,1,0,1,0,0,4,0,0,4,0,0,0,3,0,0,0,0,0,0,0,0,0,0,0,0,0,4,0,0,1,0,0,1,0,0,0,0,0,0,0,0,0,0,0,0,0,0,2,0,0,0,1,0,0,0,0,0,0,0,0,0,0,0,0,0,0,0,0,1,0,0,0,0,0,0,0,0,0,1,1,0,0,0,0,0,0,5,0,0,0,0,0,0,0,0,0,26,0,0,0,0,1,7,0,2,0,4,0,0,19,0,1,0,2,0,0,1,17,47,1,2,3,0,1,0,0,0,0,1,2,2,0,2,0,0,1,0,0,0,0,0,0,0,0,0,0,0,0,1,0,0,0,3,0,0,0,0,0,2,4,30,10,0,0,0,0,0,0,1,7,0,2,3,0,0,2,1,0,1,0,0,0,8,0,0,0,0,0,0,0,0,0,0,1,0,3,0,0,0,0,1,3,0,0,0,0,0,0,0,0,0,1,0,1,1,0,0,2,0,0,0,0,0,2,4,10,2,0,0,5,1,4,0,0,1,3,0,0,0,0,0,0,0,0,0,0,1,1,0,0,1,0,0,0,0,1,21,0,2,0,2,0,14,1,1,4,8,2,0,0,0,0,0,0,0,0,22,23,0,0,2,0,19,0,0,0,3,1,0,0,0,0,7,0,1,0,0,0,0,0,0,30,0,0,0,0,1,0,2,0,0,0,0,18,2,3,2,0,1,0,0,0,0,0,0,0,2,0,0,2,0,5,0,19,4,0,0,0,0,38,11,0,0,0,1,2,0,5,0,0,0,4,0,1,0,0,0,4,3,1,1,2,0,5,0,0,0,0,0,0,2,9,0,4,3,7,0,4,0,0,1,0,1,1,5,19,0,0,0,0,0,3,0,0,13,0,0,0,4,3,0,0,0,0,0,0,0,0,0,0,0,0,3,0,0,0,0,11,0,0,1,0,0,0,0
177,1953,ESCOLA ESTADUAL TIRADENTES (CEAD POLO POTTY LAZAROTTO),R PRESIDENTE FARIA   625,CENTRO,-25.42496828,-49.26936639,1,0,1076,673,53,33,0,2,2,1,9,0,0,1,4,1,1,0,0,6,1,7,0,5,1,1,0,3,5,1,0,0,0,1,0,0,0,0,2,0,1,0,0,0,3,0,1,1,1,0,0,2,0,1,0,2,0,0,0,0,0,0,0,1,0,0,2,12,0,4,9,1,0,0,0,1,0,3,0,0,6,0,0,1,1,0,0,1,1,0,0,1,0,0,0,0,0,0,0,1,0,0,0,0,2,0,0,1,0,2,0,8,0,0,0,1,1,2,2,0,0,0,0,0,0,0,0,0,0,0,2,0,0,0,1,2,0,1,0,0,8,0,4,0,4,4,0,0,0,0,1,7,1,7,9,2,2,0,0,2,2,10,1,0,0,1,1,2,0,7,2,0,0,7,0,5,9,0,0,0,0,2,1,0,1,0,0,0,0,0,0,0,0,0,0,2,2,2,0,0,0,1,3,0,0,0,0,0,0,0,0,1,0,0,0,0,0,0,2,0,0,0,0,0,0,0,0,0,2,0,0,0,4,0,0,0,0,0,0,0,0,0,0,0,0,9,2,0,0,2,0,0,0,0,0,0,0,0,2,0,1,0,0,0,1,1,0,0,6,0,7,0,2,0,1,1,3,2,0,0,0,0,10,1,1,0,0,1,0,0,1,1,0,0,3,2,0,2,5,0,1,15,2,0,2,0,0,1,0,0,2,0,0,0,0,2,0,0,0,0,2,1,0,1,0,2,0,0,0,0,0,0,0,0,0,0,2,0,0,0,1,1,0,0,0,0,0,0,1,0,0,0,0,3,0,0,0,0,1,0,0,0,0,0,0,0,0,1,0,0,1,0,0,0,0,0,0,0,0,0,0,0,1,0,0,0,0,0,0,0,0,0,0,0,0,0,0,0,0,0,0,0,1,0,1,0,0,0,0,0,0,0,0,1,0,0,0,0,0,0,0,0,0,1,0,0,0,2,0,2,0,0,1,0,0,1,0,4,0,1,0,0,0,0,0,0,0,2,0,0,4,0,1,1,0,1,0,0,2,5,0,0,0,0,0,1,0,0,0,0,0,2,0,0,0,0,0,0,0,0,0,0,0,0,0,0,0,1,0,4,0,0,0,1,0,0,0,0,0,0,1,8,7,0,0,0,0,1,0,0,2,0,0,0,0,0,1,0,0,0,0,0,0,0,0,0,0,1,0,0,0,0,0,0,1,0,0,0,0,0,0,0,1,0,1,0,0,0,1,0,0,0,0,0,0,1,0,0,0,0,0,0,0,0,0,3,2,0,0,0,0,0,4,0,0,0,0,0,0,0,0,0,0,0,0,0,0,0,0,0,0,0,0,0,0,0,0,2,0,2,0,1,0,5,0,2,1,1,0,0,0,0,0,1,0,0,0,4,6,1,0,0,0,9,0,0,0,0,0,0,0,1,0,3,0,0,0,0,0,0,0,0,9,0,1,0,0,0,2,1,0,0,0,1,2,1,0,0,0,0,0,0,0,0,0,0,0,1,0,0,0,0,2,0,7,1,0,0,0,0,12,0,0,0,0,2,2,0,2,0,0,0,5,0,0,0,1,0,2,0,5,0,0,0,0,0,0,0,0,0,0,0,6,0,2,3,1,0,1,1,2,1,0,3,0,2,3,0,0,0,1,0,2,0,0,3,0,0,0,0,2,0,4,0,0,0,0,0,0,0,0,0,0,3,0,0,0,2,3,1,0,0,0,1,0,0
177,1961,COLEGIO SAO JOSE,"PRAÇA RUI BARBOSA, 661",CENTRO,-25.43555322,-49.27460825,1,0,3711,2372,179,100,0,1,7,5,39,3,0,3,6,1,1,0,0,10,1,18,0,15,1,6,1,7,26,0,1,2,2,1,0,10,0,0,2,0,4,0,0,1,45,0,5,0,6,1,4,1,0,5,2,0,0,1,1,0,1,0,2,13,0,0,1,37,0,2,33,5,2,0,1,5,0,8,4,0,16,0,1,2,4,0,0,2,2,3,0,4,0,1,1,0,0,3,2,1,1,2,0,2,3,0,3,1,1,1,1,41,3,0,0,1,3,6,0,0,5,1,0,0,0,3,0,3,0,2,3,0,0,0,1,1,0,0,3,0,19,1,14,0,14,2,3,2,0,1,2,20,1,29,26,20,28,2,0,4,12,40,13,1,0,4,3,3,5,11,17,1,0,15,1,4,36,0,0,0,1,0,2,0,0,1,0,1,1,1,0,2,0,0,0,5,2,1,0,3,1,0,6,0,0,0,1,0,0,0,0,0,2,0,0,0,0,0,0,0,0,1,1,0,0,0,0,0,0,0,0,0,21,0,0,0,0,5,3,2,0,0,1,0,1,4,12,2,0,10,0,1,0,3,2,0,0,0,0,7,3,0,1,1,2,0,2,2,8,0,29,0,4,0,1,0,10,0,1,1,0,0,11,7,8,1,1,2,0,0,5,1,1,2,0,7,0,8,27,0,1,28,6,1,15,3,2,1,0,0,9,0,2,2,2,1,4,0,10,2,4,0,0,0,2,1,1,0,0,0,0,1,0,0,1,0,0,0,0,0,0,0,0,0,0,0,1,0,0,2,0,0,1,5,0,0,0,0,0,0,0,0,1,0,2,0,1,2,2,1,0,0,0,1,1,0,0,0,0,0,0,0,0,1,0,0,1,0,2,0,0,1,0,0,0,0,0,0,0,0,1,0,0,0,3,1,0,0,1,0,1,0,0,0,0,2,1,0,0,2,0,0,0,0,0,0,0,5,0,0,3,0,0,2,0,0,1,25,0,1,0,0,5,10,0,2,0,3,0,1,8,1,0,2,2,0,1,0,15,38,0,1,3,0,2,11,0,2,0,0,9,3,0,1,0,0,2,0,2,0,0,0,0,0,0,2,0,4,0,8,0,0,2,1,0,0,0,2,2,2,2,37,9,1,0,0,1,1,2,2,12,0,0,1,0,0,1,3,0,2,0,0,0,7,0,1,0,0,0,1,0,0,0,0,2,0,4,0,0,0,2,4,2,0,0,2,0,0,0,0,0,0,1,0,2,0,0,0,4,0,0,0,0,3,0,8,37,2,0,0,8,0,6,1,0,2,1,0,0,3,0,0,0,0,0,0,0,3,0,0,0,1,0,1,0,2,0,4,1,4,0,0,0,17,0,5,4,9,2,1,0,1,0,0,0,0,0,30,24,2,0,0,2,35,0,1,0,1,3,0,1,1,1,15,1,0,0,0,0,1,0,1,41,0,0,1,0,1,1,2,0,0,0,0,9,5,1,0,0,0,0,0,0,1,0,0,0,0,1,0,1,0,7,1,13,3,1,0,0,0,29,4,0,0,0,0,4,1,4,0,1,0,15,3,1,3,2,3,8,4,1,1,3,1,2,2,0,0,4,0,0,2,28,0,1,4,12,1,4,4,4,1,1,0,2,3,19,0,0,0,0,0,4,0,0,18,0,0,0,4,1,0,2,0,0,0,0,0,0,0,0,0,0,9,0,0,0,1,5,7,1,0,0,0,0,1
177,1970,ESCOLA MUNICIPAL ITACELINA BITTENCOURT,"RUA SAO PAULO, 2055",GUAIRA,-25.47072448,-49.27565301,26,0,4060,2845,190,134,0,1,3,5,16,2,1,0,5,0,1,0,2,5,5,23,0,9,0,5,4,7,36,1,4,3,0,0,0,6,1,2,3,0,0,0,13,2,21,22,1,0,5,0,0,0,0,1,0,17,0,3,7,0,0,0,1,0,0,0,0,37,0,6,17,3,0,0,0,3,0,2,3,1,16,1,1,0,3,3,1,9,8,5,3,0,0,0,0,5,0,7,0,4,0,0,0,2,0,197,10,9,1,1,2,10,6,0,0,4,1,0,0,1,2,0,1,0,0,0,0,5,0,1,0,0,0,0,0,0,0,1,3,1,5,1,11,1,8,0,0,0,0,2,1,10,0,10,12,14,25,1,2,1,25,21,2,1,0,0,4,0,12,11,2,10,0,7,3,10,10,0,0,1,0,0,1,0,1,0,0,3,1,0,1,6,0,4,0,1,0,1,0,2,0,1,28,2,1,0,3,0,2,1,0,1,3,0,1,1,0,0,0,0,0,0,1,0,0,0,3,0,0,0,0,0,20,0,0,0,1,1,0,0,0,0,1,0,1,7,7,0,0,15,0,3,3,1,0,0,0,0,0,2,9,0,0,2,4,3,4,4,7,1,19,1,7,0,4,0,21,0,2,0,0,0,12,0,4,1,0,1,2,0,2,0,0,1,5,5,0,8,17,2,0,17,8,0,15,0,1,1,0,0,0,0,0,2,0,1,3,0,0,0,2,0,0,2,0,3,0,0,0,1,0,2,0,0,4,0,25,0,0,0,0,0,0,1,0,0,0,0,1,0,1,0,0,2,0,0,0,0,1,0,0,1,0,0,3,0,0,1,0,3,0,2,0,1,0,0,0,0,0,0,0,0,0,0,3,0,0,0,0,0,0,0,0,0,0,0,0,0,0,0,0,1,0,0,1,0,0,0,1,5,0,1,0,0,0,4,4,0,0,0,4,0,0,0,1,0,0,1,0,0,1,0,0,1,0,0,0,20,0,1,0,0,0,2,26,9,0,0,0,0,1,0,0,0,2,0,0,0,9,28,0,0,0,0,0,0,0,0,0,5,8,1,0,0,16,0,1,0,0,0,0,2,0,0,0,5,0,0,1,0,0,0,6,1,0,0,0,2,0,4,0,24,2,0,0,0,2,1,0,0,6,0,0,2,0,1,3,0,1,0,1,1,0,8,0,1,0,0,0,0,1,0,0,0,4,2,45,1,0,0,21,0,3,0,0,43,0,0,0,0,0,0,3,0,0,3,2,43,5,1,0,0,0,2,0,14,7,1,0,0,10,0,4,0,0,0,1,1,0,2,0,2,0,0,0,0,0,1,1,0,0,0,0,0,3,0,0,4,8,5,0,1,0,5,1,0,0,1,2,2,3,0,0,0,0,0,0,18,12,4,0,0,0,31,0,5,3,2,0,0,1,0,0,48,3,1,0,0,1,0,0,0,31,0,0,1,0,0,0,0,0,0,1,2,11,2,0,3,0,0,1,1,0,3,1,0,0,1,1,0,0,0,1,1,4,0,0,0,0,0,12,3,0,0,0,0,9,1,14,4,0,0,10,76,3,1,2,0,29,19,7,1,278,0,4,4,0,3,2,0,1,0,17,0,4,4,2,0,3,5,2,5,0,0,4,3,5,0,1,0,0,2,0,0,0,16,0,0,0,10,5,0,0,1,3,0,1,0,0,0,0,0,0,4,0,0,0,0,3,2,0,7,0,0,0,1
177,1988,COLEGIO ESTADUAL SANTOS DUMONT,R RIO GRANDE DO SUL 1800,GUAIRA,-25.473585,-49.2800827,26,0,2949,2027,154,100,0,1,1,4,14,2,2,1,2,1,1,0,0,1,1,17,0,5,0,5,1,7,14,0,0,3,0,0,0,1,0,0,0,1,1,0,7,2,14,2,0,0,1,0,0,0,0,1,1,10,0,1,1,0,0,0,1,1,0,1,0,30,0,1,3,1,0,0,0,5,0,1,1,0,5,0,0,1,2,0,0,7,1,0,1,0,0,0,0,2,0,7,0,9,1,0,1,0,0,121,4,7,0,1,3,6,0,0,0,3,0,1,0,0,1,0,1,3,0,0,0,0,0,5,9,0,0,0,0,0,1,1,7,0,7,0,4,1,4,1,0,0,0,2,0,4,1,10,14,8,25,1,0,5,17,16,3,0,0,2,2,1,9,7,5,5,0,4,2,5,8,0,1,4,1,0,0,0,1,2,0,1,1,1,0,2,0,1,1,1,0,0,0,1,0,0,12,2,0,1,4,2,0,0,0,0,3,0,0,3,0,0,0,0,1,1,5,1,0,0,0,0,0,0,0,0,18,0,0,0,4,0,0,0,0,0,2,0,0,8,4,1,2,5,0,2,0,3,1,0,0,0,0,1,3,0,0,0,2,1,1,4,3,2,8,0,6,0,1,0,10,1,2,3,0,0,9,0,0,1,1,0,1,0,2,0,0,0,3,3,3,11,15,0,0,12,2,0,11,1,1,0,0,0,0,0,1,0,1,0,0,0,0,0,1,0,0,0,0,1,3,0,0,2,0,0,0,0,0,2,17,0,2,0,0,3,0,1,0,0,0,0,0,0,2,0,0,5,0,0,0,1,0,0,0,0,1,0,4,0,0,1,0,0,1,0,0,1,0,0,0,0,0,0,0,0,0,0,2,0,0,2,0,0,0,0,0,0,0,0,0,2,0,0,0,0,0,1,0,0,0,0,1,1,0,0,0,0,0,4,1,0,0,0,0,0,0,0,0,0,0,5,0,1,1,0,0,4,0,0,0,11,0,3,0,0,0,1,10,19,0,0,0,1,4,0,0,0,3,3,0,0,6,22,0,0,2,0,1,0,0,2,1,5,2,2,0,3,22,0,0,0,0,0,0,3,2,0,1,3,0,0,1,1,0,0,0,2,0,1,0,5,2,0,1,34,5,0,0,1,0,0,0,0,3,0,0,4,0,0,2,0,1,0,1,0,0,6,1,0,0,1,0,0,2,0,0,0,3,0,22,1,0,0,20,1,7,0,1,22,0,0,0,0,0,0,0,0,1,0,1,15,2,1,0,0,0,0,1,3,6,0,0,0,4,0,3,0,0,0,1,0,0,0,1,0,0,0,0,0,0,0,0,0,0,1,0,0,2,0,0,3,5,8,0,1,0,8,0,0,0,3,3,6,0,0,2,0,0,0,0,31,21,0,0,0,0,38,0,0,0,0,0,0,0,1,7,44,1,2,0,1,0,0,0,0,27,2,0,1,0,0,1,0,0,0,0,0,16,1,0,0,0,0,2,0,0,0,0,0,0,3,0,0,0,0,0,0,8,0,0,0,1,0,7,0,0,0,0,2,6,0,10,1,0,0,5,53,1,0,5,2,22,7,2,2,131,0,3,0,0,0,0,0,0,0,9,3,2,12,9,0,0,2,3,1,2,0,1,2,6,1,0,0,0,1,0,0,0,4,2,0,0,5,5,0,0,0,0,0,1,0,0,0,0,1,0,6,0,0,0,0,4,1,1,1,0,0,0,0
177,1996,COLÉGIO ESTADUAL PROFESSOR ELIAS ABRAHÃO,"AV SENADOR SOUZA NAVES, N. 1221",CRISTO REI,-25.43137327,-49.24553573,6,0,2474,1797,98,86,0,1,0,5,23,2,0,2,8,0,0,0,0,9,0,17,1,4,1,1,0,8,12,0,4,0,0,1,0,1,0,0,5,0,4,0,0,3,1,0,2,2,2,0,4,2,0,0,0,0,0,0,0,0,1,0,2,1,0,0,0,46,0,8,27,3,4,0,0,4,0,1,3,0,19,0,0,0,0,0,0,0,0,1,1,0,0,0,1,1,1,1,0,4,1,0,2,1,0,6,2,1,2,0,0,17,1,0,0,6,1,8,0,0,2,0,0,0,2,2,0,1,1,2,2,0,0,1,1,0,0,2,7,1,12,2,1,1,12,0,0,0,0,1,0,21,0,5,12,21,10,0,0,5,6,20,4,0,2,0,2,7,5,9,10,3,0,3,2,3,15,2,0,2,1,0,0,0,0,1,0,1,0,0,0,1,0,0,0,6,0,1,0,0,2,0,3,0,0,0,2,0,1,0,0,0,0,0,1,0,0,0,0,0,0,0,0,0,0,0,0,0,0,0,0,0,24,0,0,0,0,10,1,0,0,0,1,0,0,8,16,0,0,12,0,1,0,0,0,0,0,0,0,4,3,0,1,2,9,1,0,2,0,1,24,0,6,0,1,2,9,1,0,0,0,0,18,1,1,4,0,6,1,0,2,0,1,3,0,37,7,6,41,0,0,32,0,0,11,0,1,1,0,0,1,2,0,2,0,2,1,0,0,2,1,0,0,0,0,0,0,0,0,0,0,2,2,1,0,0,4,0,1,0,0,0,0,0,0,0,2,0,0,0,0,0,0,2,0,0,0,0,0,0,0,0,0,0,1,0,1,2,0,0,1,0,0,1,0,0,0,1,0,0,0,0,0,0,0,0,1,0,0,0,0,0,0,0,0,0,0,0,0,0,0,0,0,0,0,0,0,0,0,1,0,0,0,0,0,1,0,0,0,3,6,0,0,0,0,0,0,2,0,0,0,0,0,2,0,0,0,33,0,1,0,0,0,3,1,5,0,3,0,1,6,0,0,0,1,1,1,0,22,41,1,0,2,0,1,4,1,1,0,2,1,1,0,1,1,0,0,1,0,0,1,1,0,0,0,1,0,0,0,0,0,0,0,0,0,0,0,3,0,1,7,34,11,1,0,0,2,0,6,0,17,1,2,0,0,0,1,0,0,3,0,2,0,8,0,1,0,0,0,0,2,0,0,0,3,0,7,0,0,3,0,1,0,0,0,0,0,0,1,0,0,1,3,0,2,3,2,0,2,0,0,0,0,0,0,2,5,0,0,0,3,0,5,0,1,4,3,0,0,0,0,0,1,0,0,0,0,3,0,0,0,0,0,0,0,0,0,12,1,0,0,0,0,12,0,2,3,6,0,1,1,1,0,3,0,0,0,29,12,1,0,0,0,11,1,0,0,4,0,0,0,0,1,17,0,0,1,1,0,0,0,0,24,0,0,0,0,0,0,3,0,0,0,0,8,0,0,1,0,3,0,0,0,1,0,0,0,2,0,0,0,0,5,7,8,1,0,0,0,0,26,3,0,0,0,1,1,3,6,1,0,0,2,6,0,0,0,1,17,1,3,4,0,0,4,0,0,0,0,0,5,2,21,1,6,2,31,0,7,0,3,1,0,10,0,11,9,0,0,0,1,0,0,0,0,9,0,0,0,3,3,1,12,0,0,0,1,0,0,0,0,0,0,0,0,0,2,0,7,0,0,0,2,1,0,0
177,2003,ESCOLA ESTADUAL NOSSA SENHORA DE FÁTIMA,"RUA SUÉCIA, N. 197, PRÓXIMO AO KM 400 DA BR 116",TARUMA,-25.43250165,-49.22854458,19,0,3813,2927,159,129,0,5,4,2,30,1,0,4,11,1,1,0,1,10,0,19,2,13,3,4,1,1,19,0,5,1,1,0,0,3,0,0,1,0,3,0,0,1,9,1,4,30,6,0,10,2,0,3,1,1,0,0,0,0,1,0,5,8,0,1,2,52,0,1,37,2,6,0,0,3,0,5,0,0,24,0,0,0,0,0,0,2,4,2,2,4,0,0,0,0,0,9,0,7,0,0,1,0,1,4,5,0,2,6,0,29,0,0,1,12,1,1,0,0,7,0,1,1,0,2,0,2,1,0,7,0,0,0,0,0,0,1,12,0,11,1,12,0,5,1,0,0,0,1,0,29,1,10,15,31,12,1,0,3,16,18,10,0,0,1,4,1,4,15,14,3,0,6,1,7,30,4,0,2,1,0,0,0,0,2,0,0,0,0,0,6,0,1,0,9,0,1,0,1,0,0,7,4,1,0,16,0,1,0,0,1,2,0,0,0,0,0,0,0,0,0,0,0,0,2,0,0,0,0,0,0,43,0,0,0,0,21,0,0,0,3,1,0,0,58,30,1,3,14,0,5,0,0,0,1,0,0,0,4,9,2,0,7,6,5,8,27,12,0,23,1,10,0,0,0,15,0,0,3,0,0,23,1,15,3,4,8,3,0,7,0,3,14,0,261,0,8,45,0,1,31,3,0,15,2,1,5,0,0,1,0,2,8,0,0,1,0,0,1,2,1,0,0,0,0,1,1,0,0,0,2,0,0,0,0,3,0,2,0,0,0,0,0,0,0,0,0,0,0,0,0,0,2,0,0,1,0,0,0,0,2,0,0,1,0,0,0,0,1,0,0,0,2,0,0,0,0,0,1,0,0,0,0,0,0,2,0,1,0,0,0,0,0,1,0,0,0,0,0,0,0,0,0,0,0,0,0,0,1,0,0,0,0,0,3,1,0,0,0,19,0,0,0,0,2,0,11,0,0,0,2,1,0,0,0,0,28,0,1,0,0,0,12,0,7,0,0,0,0,2,0,0,2,2,3,0,0,23,83,4,1,1,1,1,4,0,0,0,1,6,4,0,1,0,0,2,0,0,0,0,1,0,0,0,2,1,1,0,2,0,0,0,0,0,0,2,1,0,0,2,58,25,1,1,1,1,0,0,0,15,0,3,1,0,0,0,1,2,3,0,2,0,18,0,1,0,0,0,0,0,0,0,0,4,0,9,0,1,13,0,2,1,0,0,1,0,0,0,0,0,0,1,0,1,4,0,0,2,0,0,0,0,2,0,10,7,2,1,0,7,0,9,0,0,2,0,0,0,3,1,0,1,0,0,1,0,2,1,0,0,2,0,2,0,0,0,6,1,4,0,3,5,12,1,1,0,11,3,1,0,0,1,0,0,0,0,27,22,0,0,3,0,28,0,1,0,0,1,0,1,1,0,22,2,2,0,0,0,0,0,0,47,0,3,2,2,0,0,0,0,0,2,0,17,2,0,2,0,0,4,2,0,3,0,0,0,0,3,0,2,1,2,9,19,0,0,0,0,0,28,1,0,2,0,1,6,3,8,0,0,1,8,2,4,1,3,4,10,4,4,2,0,3,12,0,0,0,0,0,1,4,20,0,7,6,36,0,5,4,4,6,0,3,0,1,12,0,0,0,4,0,0,0,2,16,0,4,0,3,2,0,8,0,0,1,0,0,0,0,0,0,2,2,0,1,0,0,9,0,1,1,0,3,1,0
177,2011,CURSO POSITIVO (CENTRO),AVENIDA VICENTE MACHADO 317,CENTRO,-25.4344775,-49.2796553,1,0,1987,1224,79,44,0,1,0,6,16,0,3,1,0,0,1,0,0,2,0,7,0,4,1,1,0,7,5,0,1,0,0,0,0,2,0,0,4,0,0,1,0,0,3,0,4,0,1,0,1,0,0,5,0,0,0,0,1,0,0,0,0,6,0,0,0,15,0,4,10,1,0,1,0,6,0,6,1,1,23,2,0,2,1,0,0,0,0,0,0,1,0,0,0,2,0,2,0,3,0,0,0,0,1,4,3,2,0,0,0,21,1,0,0,1,2,4,0,0,7,0,0,0,0,1,0,1,1,2,2,0,0,0,5,0,0,0,5,1,23,0,1,0,5,0,2,0,2,0,0,8,0,9,25,12,8,0,0,1,6,15,7,0,0,2,0,2,2,4,6,1,0,4,0,3,66,0,0,0,0,0,1,0,0,2,0,0,0,0,0,0,0,0,2,0,0,2,0,1,0,0,2,3,0,1,2,0,1,0,0,0,1,0,0,0,0,0,0,0,0,0,0,0,0,0,0,0,1,0,0,0,17,0,0,0,0,1,0,0,0,0,0,0,0,3,10,1,5,7,0,4,0,0,0,0,0,0,0,9,5,0,0,0,2,2,0,0,2,0,20,0,8,0,0,0,3,0,0,0,0,0,5,1,2,2,1,0,2,0,4,0,1,1,0,2,0,1,9,0,2,12,0,0,8,4,0,1,0,0,1,0,0,1,0,0,0,0,0,0,0,0,0,0,0,0,0,1,0,0,0,0,0,0,1,1,1,1,0,0,0,0,0,0,0,0,1,0,0,2,0,0,0,1,0,1,0,0,1,0,0,0,0,0,0,1,0,1,0,0,0,0,0,0,0,0,0,0,0,0,0,0,0,0,0,0,0,0,0,1,1,0,0,0,1,0,0,0,0,0,0,0,0,0,0,0,0,0,0,0,0,0,0,0,0,1,0,0,0,0,0,0,0,0,0,0,0,1,0,0,1,0,0,2,0,0,0,22,0,1,0,0,0,14,0,3,0,1,0,1,1,0,0,1,1,1,0,0,18,31,1,0,4,0,0,1,1,2,0,0,3,1,0,0,0,0,0,0,3,0,0,0,1,0,0,0,0,0,0,4,0,0,1,0,0,0,0,1,0,0,1,13,4,0,0,0,0,0,2,0,6,0,2,0,0,0,0,0,0,1,0,2,0,2,0,0,0,1,0,1,1,0,0,0,0,0,0,0,0,1,1,0,0,0,0,0,0,0,0,0,0,0,1,0,0,2,0,0,1,0,0,0,0,0,1,5,22,0,0,0,8,0,2,1,1,2,0,0,0,0,0,0,0,0,0,0,1,0,0,0,0,1,0,1,0,0,0,2,0,1,0,1,0,8,1,2,5,6,1,1,0,0,1,2,0,0,0,10,22,1,0,0,0,10,0,0,0,1,0,0,0,0,0,5,0,0,0,0,0,0,0,1,23,0,0,0,0,0,0,0,0,0,0,1,5,1,0,0,1,0,0,0,0,1,0,0,0,1,1,0,0,0,3,1,1,2,0,1,0,0,19,1,0,0,0,0,1,0,2,4,0,0,5,2,2,1,1,0,6,3,5,2,0,0,3,0,0,0,0,0,0,0,14,2,2,0,10,0,0,0,1,1,1,0,0,3,6,0,0,0,1,0,3,0,0,16,0,0,0,2,0,0,0,0,0,0,0,0,1,0,0,0,0,0,0,0,0,0,7,4,0,0,0,0,0,0
177,2020,INSTITUTO DE EDUCACAO PROFESSOR ERASMO PILOTTO,R EMILIANO PERNETA 92,CENTRO,-25.43312088,-49.27390943,1,0,2657,1798,136,100,0,0,2,4,23,1,0,0,6,0,0,0,0,5,3,18,0,13,0,8,1,14,13,0,1,0,0,1,0,1,0,0,3,0,0,0,0,3,24,0,6,1,0,2,2,3,0,3,0,1,0,1,0,0,0,1,0,9,0,0,0,28,0,2,12,2,0,0,0,8,1,4,4,0,17,0,0,1,0,0,0,1,1,1,0,1,0,0,0,0,1,0,0,4,4,0,0,0,0,6,2,2,1,2,3,18,0,0,0,7,0,2,0,0,6,1,0,0,0,2,0,2,0,1,2,0,1,0,1,0,0,6,3,1,7,0,4,0,8,2,0,0,0,4,4,20,0,14,24,16,13,0,0,7,13,33,7,0,0,4,5,1,3,19,14,3,0,9,0,10,19,1,1,0,1,1,3,0,0,2,0,0,0,0,0,1,0,0,1,1,0,1,0,0,0,0,0,7,0,2,2,0,0,0,0,0,2,0,0,1,0,0,0,0,0,0,0,0,0,0,1,0,1,0,0,0,12,0,0,0,0,3,1,0,0,0,0,1,0,6,8,1,1,6,0,2,2,0,0,0,0,0,0,2,2,0,0,0,5,2,3,3,10,0,22,0,3,0,3,0,12,2,0,4,0,0,9,4,5,0,0,1,2,0,5,0,0,0,0,1,0,2,27,1,1,26,3,1,5,0,0,3,0,0,3,0,0,1,0,0,1,0,1,0,3,0,0,0,0,0,2,1,0,1,0,0,0,0,0,0,1,0,0,0,1,1,0,0,0,0,0,0,1,1,0,0,0,3,0,0,0,0,0,0,1,0,2,0,2,0,0,1,0,2,2,1,0,0,0,0,0,0,0,0,0,0,0,0,0,1,3,0,0,0,0,0,0,0,0,0,1,0,0,0,0,1,0,2,0,0,0,0,0,0,0,0,0,0,0,3,0,0,0,2,0,0,0,0,0,0,0,0,0,0,1,0,0,3,0,1,0,21,0,0,0,0,1,8,0,2,0,0,2,0,5,0,0,6,0,0,0,0,12,49,2,1,3,0,0,7,0,1,0,1,9,6,0,0,0,1,1,0,4,0,0,0,3,0,0,2,0,0,0,5,0,0,0,0,1,0,0,0,1,1,1,22,12,1,0,0,0,2,0,0,9,0,0,0,0,0,0,1,0,3,0,0,1,7,0,1,0,1,0,1,0,0,0,0,0,0,1,0,2,0,1,0,3,0,1,0,0,0,1,0,0,0,1,0,1,2,1,0,0,1,0,0,0,1,1,8,20,1,0,0,10,0,7,0,0,1,0,0,0,2,0,0,0,0,0,1,1,1,2,0,0,0,0,1,0,2,0,8,1,1,0,2,0,3,2,2,3,9,4,0,0,0,0,0,0,3,0,20,11,6,0,0,0,37,0,0,0,2,0,0,0,0,4,18,0,0,0,1,0,0,0,0,32,0,1,0,1,1,0,1,0,0,0,0,8,0,0,1,0,3,0,0,0,2,0,0,0,4,0,0,1,0,1,0,10,1,0,0,0,0,20,1,1,0,0,3,3,0,1,0,0,0,1,4,0,2,1,0,5,6,3,1,1,1,7,1,0,0,0,0,1,1,28,1,3,5,11,0,1,2,3,1,1,2,2,7,10,0,0,0,0,0,2,0,0,7,0,0,1,4,1,1,0,0,0,0,0,0,0,0,0,0,0,14,0,0,0,0,6,1,0,0,0,0,0,1
177,2038,FUNPAR - FUNDAÇÃO DA UNIVERSIDADE FEDERAL DO PARANÁ,"RUA JOÃO NEGRÃO, 280",CENTRO,-25.43175409,-49.2659358,1,0,581,392,47,22,0,1,0,1,5,0,0,0,1,0,0,0,0,0,0,1,0,3,0,0,0,0,5,0,0,1,1,0,0,1,0,0,1,0,2,0,0,0,7,0,0,3,0,0,0,0,0,0,0,1,0,0,0,0,0,0,1,2,0,0,0,6,0,1,5,1,1,0,0,0,0,4,1,0,1,2,0,0,0,0,0,0,1,0,0,0,0,0,0,0,0,0,0,4,0,0,0,0,0,3,1,0,1,0,0,2,0,0,0,0,0,1,0,0,1,0,1,0,0,0,0,1,1,1,0,0,0,0,0,0,0,0,1,0,2,0,5,0,6,1,2,0,0,0,0,1,0,5,4,3,4,0,0,0,2,5,4,0,0,0,1,0,1,4,1,0,0,2,0,0,2,0,0,1,0,0,0,0,0,0,0,1,0,0,0,1,0,0,0,0,0,0,0,0,0,0,0,0,0,1,0,0,0,0,0,0,0,0,1,0,0,0,0,0,0,0,0,0,0,0,0,0,1,0,0,0,3,0,0,0,0,1,0,2,0,0,0,0,0,4,0,0,0,0,0,0,0,1,0,0,0,0,0,0,1,0,0,0,2,0,0,2,0,0,0,0,3,0,0,0,2,0,0,0,0,0,1,0,0,0,0,0,0,0,1,0,0,0,0,0,0,4,7,0,0,4,0,0,2,0,1,0,0,0,0,0,0,0,1,0,3,0,0,0,0,1,0,0,0,0,0,1,0,0,0,0,0,0,0,0,0,0,0,0,0,0,0,0,1,0,1,0,0,3,0,0,0,1,0,0,0,0,0,0,0,1,0,0,1,0,0,0,0,0,0,0,0,0,0,0,0,0,0,0,0,0,0,0,0,0,0,0,2,0,0,0,0,0,0,0,0,0,0,0,0,0,0,0,1,0,0,0,0,0,0,0,0,0,0,0,0,0,0,0,0,0,0,0,0,0,0,1,0,0,0,0,0,0,0,0,0,3,0,0,0,0,0,0,0,1,0,1,0,0,0,0,0,0,0,0,0,0,2,2,0,0,0,0,0,1,0,1,0,0,1,0,0,0,0,0,0,0,0,0,0,0,0,0,0,3,0,0,0,0,0,0,0,0,0,0,0,0,0,1,0,9,2,0,0,0,0,0,0,2,1,0,0,0,0,0,0,0,0,0,0,0,0,0,0,0,0,0,0,0,0,0,0,1,1,0,0,0,0,0,0,0,0,0,0,0,0,0,0,0,0,0,0,0,1,0,0,0,0,0,0,0,0,0,0,0,4,0,0,0,0,0,3,0,0,0,1,0,0,0,0,0,0,0,0,0,1,3,0,0,0,0,0,0,0,0,0,1,0,0,0,0,0,7,0,0,0,2,0,0,0,0,0,0,0,0,0,3,5,0,0,0,0,8,0,0,0,0,0,0,0,0,0,2,0,0,0,0,0,0,0,0,3,0,0,0,0,0,0,1,0,0,0,0,1,0,0,0,0,0,0,0,0,1,0,0,0,1,0,0,0,1,2,0,1,0,0,0,0,0,8,1,0,0,0,0,1,0,0,0,1,0,1,0,0,0,1,0,7,1,1,0,0,0,0,1,0,0,1,0,0,0,1,0,0,1,3,0,0,0,1,0,0,0,0,1,1,0,0,0,0,0,0,0,0,1,0,0,0,2,0,0,0,0,0,0,0,0,0,1,0,0,0,3,0,0,0,0,0,0,0,0,0,2,0,0
177,2046,PONTIFICIA UNIVERSIDADE CATOLICA DO PARANÁ (PUC/PR),R IMACULADA CONCEICAO  1155,PRADO VELHO,-25.45053682,-49.25260877,24,0,6113,4246,254,159,0,8,10,11,35,3,0,0,10,1,1,0,1,7,8,26,0,30,2,13,0,11,45,4,4,3,0,0,5,1,0,0,11,0,1123,1,1,1,47,1,5,0,8,1,1,0,0,0,0,21,0,0,2,0,5,0,1,4,2,1,1,69,0,11,20,6,5,0,1,4,1,10,3,1,17,0,3,2,8,1,1,4,1,1,2,2,0,1,0,0,0,8,0,3,0,1,2,3,2,7,1,0,3,1,2,30,1,0,0,10,5,3,1,2,7,0,0,0,0,0,0,3,0,0,13,2,0,0,0,0,0,1,5,0,17,0,9,2,8,1,5,0,1,1,0,12,0,25,31,25,10,3,1,4,26,28,11,1,0,3,2,2,14,8,9,3,0,7,4,7,24,0,2,2,3,2,2,0,1,3,1,8,0,0,2,3,0,0,1,1,1,1,0,1,0,0,6,1,0,0,7,0,3,0,0,0,3,1,1,0,0,0,0,0,3,0,2,0,1,0,0,0,2,0,2,0,29,0,0,0,0,11,5,2,1,0,0,0,0,17,16,2,1,14,0,4,0,0,3,0,2,0,0,1,0,0,0,2,100,0,6,2,7,1,12,0,0,0,0,8,11,1,0,5,0,0,21,0,5,0,0,1,1,1,2,1,2,1,1,6,1,17,21,1,5,22,1,1,19,3,4,2,0,0,5,6,1,14,2,0,8,2,0,0,2,1,3,0,0,3,0,0,0,0,0,0,0,0,5,2,10,0,0,0,0,2,0,0,0,0,0,0,0,0,0,0,0,7,0,1,0,0,4,0,0,0,0,0,1,0,0,1,0,0,0,0,0,0,1,1,0,0,0,0,0,1,0,0,1,0,0,0,0,0,0,0,1,0,0,1,0,1,0,0,0,1,0,0,0,2,0,0,0,0,0,11,0,0,1,4,3,0,0,0,1,0,0,0,1,0,0,9,0,1,1,0,0,3,0,0,0,31,0,0,0,0,0,6,0,8,0,1,0,2,3,0,0,2,0,1,1,0,10,36,0,2,0,0,0,2,0,1,0,3,8,1,0,4,2,0,0,0,0,2,0,2,0,0,0,14,0,0,0,2,0,0,5,1,2,0,0,2,2,1,0,48,8,2,1,0,2,0,5,0,17,0,0,1,0,0,1,0,0,0,2,3,0,4,0,1,0,0,0,0,0,0,0,0,0,1,1,1,0,2,3,0,7,0,0,0,0,0,0,0,0,0,6,0,1,1,0,0,3,0,0,0,0,2,1,9,17,0,0,0,17,1,5,2,0,1,2,0,0,4,0,0,5,0,0,0,0,4,0,0,0,2,0,2,0,0,0,3,0,9,0,2,0,13,1,5,3,12,4,3,2,0,0,1,0,0,0,40,28,5,0,0,1,21,0,0,1,0,3,4,7,0,0,42,0,1,0,0,0,1,0,0,50,0,0,0,1,0,0,1,0,0,0,0,8,0,1,0,0,2,0,0,0,0,0,0,0,0,2,0,1,0,2,0,19,3,0,1,1,0,24,5,0,0,0,2,3,0,0,2,0,2,5,5,1,1,7,0,9,5,11,0,63,0,7,1,0,0,0,0,3,2,40,1,5,57,20,0,6,3,7,3,0,1,3,5,10,0,0,1,0,0,0,0,0,16,0,0,0,5,1,0,3,0,150,0,0,0,2,1,0,0,0,0,1,0,0,0,11,3,0,1,0,0,0,0
177,2054,COLÉGIO DECISIVO DO CRISTO REI - SUBSEDE I,"RUA DO HERVAL, N. 801",CRISTO REI,-25.43258815,-49.24907486,6,0,5547,3998,217,185,0,5,1,7,38,6,0,3,8,1,0,0,0,32,2,38,2,25,5,8,1,19,22,0,4,0,1,1,0,5,0,0,9,0,7,0,0,5,8,0,15,8,5,0,8,3,0,4,0,3,0,2,0,0,15,0,2,2,0,0,0,79,0,6,75,8,10,0,0,22,0,7,2,0,44,4,0,1,0,0,0,3,6,5,0,1,0,0,0,0,1,4,1,4,1,0,2,0,0,9,9,0,6,4,2,68,0,0,0,7,1,9,0,0,6,0,0,0,2,3,0,10,0,5,6,0,0,0,3,0,0,0,13,3,34,0,11,1,22,8,4,1,0,0,4,45,2,33,57,21,26,0,0,9,18,52,13,0,1,6,4,2,8,36,16,7,0,9,0,6,64,1,1,5,1,2,0,0,0,6,0,4,0,0,0,2,0,1,1,18,0,2,0,0,2,0,2,11,1,0,9,0,1,0,1,0,0,0,0,0,0,0,2,0,0,0,0,0,0,0,0,0,1,0,0,0,56,0,0,0,0,9,3,1,0,0,4,1,1,71,26,3,3,23,1,8,1,0,0,3,0,1,0,11,17,0,1,2,10,2,1,9,6,2,30,0,11,0,6,0,13,4,1,3,0,0,29,6,2,2,1,15,0,2,6,0,2,0,2,34,0,21,52,0,0,54,2,0,27,5,1,3,0,0,3,1,2,1,1,4,3,0,0,0,1,0,3,0,0,2,2,3,0,1,0,1,0,2,4,0,3,0,0,0,2,1,0,0,0,0,0,0,0,4,0,0,0,8,0,2,0,0,2,0,0,0,0,0,0,0,0,3,0,0,0,0,0,0,0,0,0,1,0,0,0,0,0,0,0,1,0,1,1,0,0,1,0,0,0,0,0,3,0,0,0,0,0,0,0,0,0,0,0,0,0,0,0,0,1,12,0,0,0,3,0,0,0,0,0,0,1,9,0,0,3,0,0,3,0,0,0,96,0,4,0,0,3,13,0,10,0,5,2,1,14,0,1,3,7,4,0,0,48,131,6,0,5,0,5,5,3,2,0,3,1,6,0,7,0,0,1,0,0,0,0,0,4,0,0,4,0,2,0,5,0,0,0,0,0,0,0,2,0,4,3,66,38,3,1,0,2,0,1,0,17,0,0,4,1,1,4,0,0,1,2,2,0,10,0,2,2,0,0,2,3,0,0,0,14,0,8,0,0,7,2,2,1,0,0,0,0,0,2,0,0,0,3,0,2,7,1,0,1,0,0,0,0,0,0,20,25,5,0,0,15,2,2,0,0,1,10,0,3,1,0,0,2,0,0,0,0,2,2,0,0,0,0,1,0,1,0,16,1,3,0,6,0,18,1,6,3,8,6,2,0,1,0,2,0,0,0,35,34,8,0,0,1,39,1,1,0,3,0,0,1,0,1,26,0,0,0,4,0,0,0,1,69,0,0,0,1,1,1,3,0,0,0,0,21,1,0,1,0,2,0,0,2,2,0,0,0,2,1,1,3,1,8,10,12,4,1,1,1,0,42,8,0,0,0,0,2,0,6,3,0,0,12,4,1,5,3,4,19,7,3,5,0,2,6,3,1,0,1,1,12,0,38,1,4,8,40,0,12,2,4,5,1,7,0,9,24,1,0,0,5,0,2,0,0,34,0,0,0,9,3,0,30,0,0,0,1,0,0,0,0,0,0,1,0,0,0,1,19,2,0,3,4,0,0,0
177,2062,COLÉGIO ESTADUAL PAULO LEMINSKI,"AV CORONEL AUGUSTO DE ALMEIDA GARRET, N. 135, PRÓXIMO AO DETRAN",TARUMA,-25.42884861,-49.21125648,19,0,2927,2097,161,107,0,4,3,7,19,2,0,3,7,2,1,1,1,4,3,14,0,13,1,4,0,3,11,0,15,3,0,0,0,4,0,0,0,0,2,0,0,2,21,0,0,8,2,0,39,0,0,0,2,5,0,0,0,0,0,0,2,1,0,0,0,40,0,3,10,2,0,0,0,8,2,4,2,0,7,0,0,2,2,0,0,1,0,0,0,0,0,0,1,2,0,1,0,1,0,2,3,0,0,6,3,0,4,3,1,10,0,0,3,2,0,0,0,0,1,1,21,1,0,2,0,1,1,2,2,0,0,1,1,1,0,0,6,0,9,0,12,0,8,1,2,0,0,7,0,8,1,9,19,21,13,1,0,1,4,14,2,2,2,1,1,1,2,9,4,1,0,4,1,11,13,1,7,2,0,2,0,0,0,11,2,2,3,0,0,2,0,0,0,1,4,3,0,0,0,0,1,4,0,0,17,0,3,0,0,0,0,1,1,0,0,0,0,6,1,0,0,0,0,0,1,0,0,1,0,0,32,0,0,0,0,5,1,0,0,14,0,0,0,65,7,0,0,8,0,1,1,0,1,0,0,0,0,2,6,0,0,1,10,1,5,4,7,0,19,0,8,0,0,0,5,1,0,0,0,2,9,0,5,0,0,4,2,3,4,0,0,1,0,99,0,6,14,0,1,25,2,0,9,0,1,2,0,0,3,1,0,4,0,0,0,0,0,0,0,1,0,0,1,0,0,0,0,0,0,1,0,0,0,0,7,0,0,0,1,0,0,0,2,0,1,0,0,0,1,0,0,0,0,0,1,0,0,0,0,2,0,0,6,0,0,0,0,0,0,0,0,3,0,1,0,0,0,0,0,0,0,0,0,0,0,0,0,0,0,0,1,0,0,0,0,0,0,0,0,0,0,1,0,1,0,0,1,1,0,0,0,0,1,1,0,0,0,18,37,0,0,0,0,1,0,2,0,1,0,4,1,0,0,0,0,20,0,0,0,0,0,1,0,1,0,0,0,0,3,0,0,1,3,1,0,0,17,23,0,0,0,1,0,1,0,0,0,3,1,2,0,0,0,0,0,2,0,0,0,1,1,0,0,9,0,0,0,2,0,0,0,1,0,0,1,0,0,0,2,30,9,0,0,0,0,1,1,0,8,0,0,1,0,2,2,0,0,2,0,0,0,0,0,0,0,0,0,0,2,5,0,0,4,0,21,1,0,4,0,2,0,0,1,2,0,0,0,0,0,0,0,0,0,1,0,0,5,0,0,0,0,0,0,12,6,1,0,0,4,0,12,0,0,5,0,0,1,1,1,0,0,0,0,0,4,0,0,0,2,0,0,2,0,0,0,6,0,13,0,0,3,4,1,1,1,0,4,3,0,0,0,2,2,0,0,26,15,0,0,0,0,25,0,0,0,0,0,2,0,1,0,33,1,31,0,0,1,0,1,0,21,0,0,0,1,0,0,0,0,0,3,0,9,0,0,0,0,0,0,0,0,3,0,0,0,0,2,0,0,0,1,4,4,0,0,0,0,0,7,3,2,0,0,0,0,0,12,4,0,0,7,1,0,2,4,0,9,7,5,5,0,0,9,0,0,0,2,0,2,0,5,0,4,4,20,0,1,0,4,2,0,30,0,2,3,0,0,0,1,0,0,0,0,8,0,9,0,4,6,0,10,0,0,0,0,0,0,0,0,0,9,1,0,0,0,0,7,3,1,0,0,3,0,0
177,2070,COLEGIO ESTADUAL DO PARANA,AV JOAO GUALBERTO   250,CENTRO,-25.42329539,-49.26741276,1,0,4948,3132,235,129,0,2,2,2,67,2,1,2,6,1,2,0,2,11,0,13,1,20,2,7,5,17,20,0,4,0,0,1,0,1,0,0,4,0,6,0,0,4,15,0,5,1,1,0,11,0,0,5,1,3,0,0,0,0,3,2,0,1,1,8,0,56,0,2,20,4,2,0,0,10,2,6,5,0,21,1,1,2,3,0,0,4,3,1,0,2,0,0,0,1,1,0,0,4,1,0,0,0,1,9,10,0,2,5,0,50,4,0,1,4,5,6,0,0,10,4,2,1,0,1,1,2,2,3,8,0,0,3,4,0,0,1,9,1,36,1,23,0,36,3,5,0,0,3,4,48,2,52,87,42,63,0,0,25,36,40,25,0,0,3,15,2,4,34,31,1,0,1,0,3,34,0,1,3,0,0,2,0,0,2,0,0,0,1,1,1,0,0,0,4,0,0,1,2,0,1,5,4,0,1,3,0,0,0,0,0,1,0,2,0,0,0,2,0,0,0,0,0,0,2,0,0,4,0,0,0,29,0,0,0,0,3,3,0,0,0,0,0,0,11,19,1,1,18,2,2,1,1,1,0,0,0,0,7,6,0,0,1,11,1,3,0,2,0,16,0,3,0,0,0,5,6,1,0,0,0,20,0,3,0,2,2,1,0,2,0,1,0,3,4,0,15,36,0,2,44,0,0,21,1,0,5,0,0,6,0,0,0,2,0,2,0,0,2,4,1,0,0,0,0,0,0,0,0,0,1,2,1,0,1,2,0,0,0,1,0,0,0,0,0,1,0,0,6,0,0,0,2,0,0,0,1,0,0,0,3,0,0,1,0,0,1,0,0,0,0,0,2,0,0,0,0,0,0,1,0,0,0,0,0,1,0,1,0,0,1,0,0,0,0,0,1,0,1,1,0,0,1,0,0,0,0,0,0,0,0,0,0,0,4,1,0,2,0,0,0,0,0,0,0,1,2,0,0,0,1,0,0,0,0,0,36,0,0,0,1,3,9,0,4,0,0,0,1,12,0,1,5,5,3,0,1,23,55,2,1,2,0,5,2,1,1,0,0,9,7,1,1,0,0,5,0,0,0,1,0,3,0,0,5,0,0,0,5,0,1,0,0,1,0,0,2,1,2,4,31,9,0,0,0,0,5,0,1,8,0,0,1,0,0,1,0,2,0,0,1,0,10,0,1,0,0,0,2,1,0,0,0,1,0,4,0,0,1,4,1,2,0,0,0,0,0,0,0,0,0,0,0,0,3,0,0,0,0,0,0,0,0,3,14,60,5,0,0,16,0,11,0,0,1,1,0,0,3,0,0,1,0,0,0,0,1,1,0,0,0,0,1,0,0,0,4,1,5,0,0,0,24,1,8,7,8,2,4,0,0,2,1,0,0,0,30,38,6,0,0,2,29,0,0,0,4,0,0,1,1,1,25,1,1,0,0,0,1,3,1,58,0,0,0,0,0,0,0,0,0,0,1,8,1,1,0,0,1,0,0,0,1,0,0,0,1,2,0,1,0,7,0,52,15,0,1,0,2,100,5,0,0,0,0,1,2,3,2,1,1,8,4,1,0,4,1,10,5,9,5,1,0,8,2,0,0,0,0,0,2,30,0,5,3,15,0,3,0,3,4,3,1,0,19,29,0,0,0,0,0,2,0,0,17,0,0,0,9,3,0,0,0,0,0,0,0,0,0,0,1,0,2,0,0,0,2,8,0,0,0,0,0,0,1
177,2127,LAR DOS IDOSOS - RECANTO DO TARUMÃ,"RUA KONRAD ADENAUER, 576",TARUMA,-25.425063,-49.214813,19,0,76,62,0,3,0,1,1,0,0,1,0,0,0,1,0,0,0,0,0,0,0,0,0,0,0,0,3,0,0,0,0,0,0,0,0,0,0,0,0,0,0,0,0,0,0,0,0,0,0,0,0,0,0,0,0,0,0,0,0,0,0,0,0,0,0,15,0,0,1,0,0,0,0,0,0,0,0,0,3,0,0,0,0,0,0,1,0,0,0,0,0,0,0,0,0,0,0,0,0,0,0,0,0,0,0,0,0,0,0,0,0,0,0,0,0,0,0,0,0,0,0,0,0,0,0,0,0,0,0,0,0,0,0,0,0,0,0,0,0,0,0,0,0,0,0,0,0,1,0,0,0,1,1,0,2,0,0,0,0,1,0,0,0,0,0,0,0,0,0,0,0,0,0,0,1,0,0,0,0,0,0,0,0,0,0,0,0,0,0,0,0,0,0,0,0,0,0,0,0,0,0,0,0,0,0,0,0,0,0,0,0,0,0,0,0,0,0,0,0,0,0,0,0,0,0,0,0,0,0,0,0,0,0,0,0,0,0,0,0,0,0,0,0,0,0,0,0,0,0,0,0,0,0,0,0,0,0,0,0,0,0,0,0,0,0,0,0,0,1,0,0,0,0,0,0,0,0,0,0,0,2,0,0,0,0,0,0,0,0,0,0,0,0,15,0,0,0,0,0,0,0,0,0,0,0,0,0,0,0,0,0,0,0,0,0,0,0,0,0,0,0,0,0,0,0,0,0,0,0,0,0,0,0,0,0,0,0,0,0,0,0,0,0,0,0,0,0,0,0,0,0,0,0,0,0,0,0,0,0,0,0,0,0,0,0,0,0,0,0,0,0,0,0,0,0,0,0,0,0,0,0,0,0,0,0,0,0,0,0,0,0,0,0,0,0,0,0,0,0,0,0,0,0,0,0,0,0,0,0,0,0,0,0,0,0,0,0,0,0,0,0,0,0,0,0,0,0,0,0,0,0,0,0,0,0,0,0,0,0,0,0,0,0,0,0,0,0,0,0,0,0,0,0,0,0,0,1,1,0,0,0,0,0,0,0,0,0,0,0,0,0,0,0,0,0,0,0,0,0,0,0,0,0,0,0,0,0,0,0,0,0,0,0,0,0,0,0,0,0,0,0,0,0,0,0,0,0,0,0,0,0,0,0,0,0,0,0,0,0,0,0,0,0,0,0,0,0,0,0,0,0,0,0,0,1,0,0,0,0,0,0,0,0,0,0,0,0,0,0,0,0,0,0,0,0,0,0,0,0,0,0,0,0,0,0,0,0,0,0,0,0,0,0,0,0,0,0,0,0,0,0,0,0,0,0,0,0,0,0,0,0,0,0,0,0,0,0,0,0,0,0,0,0,0,0,0,0,0,0,0,0,0,0,0,0,0,0,0,0,0,0,0,0,0,0,0,0,0,0,0,0,2,0,0,0,0,0,0,0,0,0,0,0,0,0,0,0,0,0,0,0,0,0,0,0,0,0,0,0,0,0,0,0,0,0,0,0,0,0,0,0,0,0,0,0,0,0,0,0,0,0,0,0,0,0,0,0,0,0,0,0,0,0,0,0,0,0,0,1,0,0,0,0,0,0,0,0,0,0,0,0,0,0,0,0,0,0,0,0,0,0,0,0,1,0,0,0,0,0,0,0,0,0,0,0,0,0,0,0,0,0,0,0,0,0,0,0,0,0,0,0,0,0,0,0,0,0,0,0,0,0,0,0,0
177,2186,HOSPITAL OSWALDO CRUZ,"RUA AMINTAS DE BARROS, 816",ALTO DA RUA XV,-25.425187,-49.258813,5,0,83,62,9,2,0,0,0,0,1,0,0,0,1,0,0,0,0,0,0,0,0,2,0,0,0,0,3,0,0,0,0,0,0,0,0,0,0,0,0,0,0,0,0,0,1,0,0,0,0,0,0,0,0,0,0,0,0,0,0,0,0,0,0,0,0,1,0,2,0,0,0,0,0,1,0,0,0,0,1,0,0,0,0,0,0,0,0,0,0,0,0,0,0,0,0,0,0,0,0,0,1,0,0,0,0,0,0,0,0,3,0,0,0,0,0,0,0,0,0,0,0,0,0,0,0,0,0,0,0,0,0,0,0,0,0,0,0,0,0,0,0,0,1,0,0,0,0,0,0,0,1,1,3,3,0,0,0,0,1,0,0,0,0,0,0,0,0,0,0,0,0,0,0,0,1,0,0,0,0,0,0,0,0,0,0,0,0,0,0,0,0,0,0,1,0,0,0,0,0,0,0,0,0,0,0,0,0,0,0,0,0,0,0,0,0,0,0,0,0,0,0,0,0,0,0,0,0,0,0,0,2,0,0,0,0,0,0,0,0,0,0,0,0,0,0,0,0,1,0,0,0,0,0,0,0,0,0,0,0,0,0,0,0,0,0,0,0,0,0,0,0,0,0,0,0,0,0,0,0,0,0,0,0,0,0,0,0,0,0,0,0,0,0,0,0,1,0,0,0,1,0,0,0,0,0,0,0,0,0,0,0,0,0,0,0,0,0,0,0,0,0,0,0,0,0,0,0,0,0,0,0,0,0,0,0,0,0,0,0,0,0,0,0,0,0,0,0,0,0,0,0,0,0,0,0,0,0,0,0,0,0,0,0,0,0,0,0,0,0,0,0,0,0,1,0,0,0,0,0,0,0,0,0,0,0,0,0,0,0,0,0,0,0,0,0,0,0,0,0,0,0,0,0,0,0,0,0,0,0,0,0,0,0,0,0,0,0,0,0,0,0,0,0,0,0,0,0,0,0,0,0,0,0,0,0,0,0,0,0,0,0,0,0,0,0,0,0,0,1,0,0,0,0,0,0,0,0,1,0,0,0,0,0,0,0,0,0,0,0,0,0,0,0,0,0,0,0,0,0,0,0,0,0,0,0,0,0,0,0,0,0,0,0,0,0,0,0,0,0,2,1,0,0,0,0,0,0,0,0,0,0,0,0,0,0,0,0,0,0,0,0,0,0,0,0,0,0,0,0,0,0,0,0,0,0,0,0,0,0,0,0,0,0,0,0,0,0,0,0,0,0,0,0,0,0,0,0,0,0,0,0,0,0,0,0,0,0,0,0,0,0,0,0,0,0,0,0,0,0,0,0,0,0,0,0,0,0,0,0,0,0,0,0,0,0,0,0,0,0,0,0,0,0,0,0,0,0,0,1,0,0,0,0,0,0,0,0,0,0,0,0,2,0,0,0,0,0,0,0,0,0,0,0,0,0,0,0,0,0,0,2,0,0,0,0,0,0,0,0,0,0,0,0,0,0,0,0,0,0,0,0,0,0,0,0,0,0,0,0,0,0,0,2,0,0,0,0,0,1,0,0,0,0,0,1,0,0,0,0,0,0,0,0,1,0,0,0,0,0,0,0,0,0,0,0,0,0,0,0,0,1,0,0,0,0,0,0,0,0,0,0,0,0,0,0,0,0,0,0,0,0,0,0,0,0,0,0,0,0,0,0,0,0,0,0,0,0,0,0,0,0,0,0,0,0,0,0,0,0,0,0,0,0,0
177,2194,ESCOLA MUNICIPAL SÃO LUIZ,RUA SILVEIRA PEIXOTO,ÁGUA VERDE,-25.452813,-49.281688,9,0,2533,1766,111,79,0,2,1,3,22,3,1,0,6,0,1,0,1,9,1,19,0,13,0,4,2,5,25,0,2,0,0,0,0,6,0,0,2,0,1,0,0,3,8,0,3,1,6,0,1,0,0,5,2,0,0,0,1,0,1,0,2,6,0,1,0,35,0,3,18,5,2,0,0,2,0,6,2,0,21,0,0,0,0,0,1,5,2,1,0,0,0,0,0,4,0,4,0,3,0,0,0,0,0,2,5,1,3,2,0,34,1,0,0,1,1,7,0,0,8,0,0,0,0,0,0,0,0,0,2,0,0,0,1,0,0,2,4,0,18,0,4,0,6,2,2,0,0,1,1,7,0,11,20,10,9,0,0,4,3,21,7,0,0,3,0,0,1,3,6,3,0,12,1,1,41,0,0,2,0,1,0,0,0,3,1,3,0,0,0,4,0,1,0,2,0,0,0,3,1,2,4,3,1,0,0,0,0,0,0,1,1,0,1,0,0,0,0,0,1,0,3,0,0,0,0,0,0,0,0,1,42,0,0,0,0,6,0,0,0,0,12,0,0,12,12,0,4,9,0,0,0,0,0,1,0,3,1,7,5,0,0,1,4,0,0,2,8,0,13,0,6,0,12,0,4,2,0,2,1,0,14,1,1,3,4,4,1,0,9,2,1,1,1,1,0,12,21,0,0,20,4,1,26,2,0,4,0,0,1,0,0,1,0,0,0,0,0,1,1,2,1,0,0,1,0,2,0,1,0,0,1,0,0,0,2,0,0,0,0,0,0,0,0,0,0,0,0,0,2,0,0,2,0,0,0,0,0,0,0,1,0,0,1,0,0,4,0,0,1,0,0,0,0,0,0,0,0,0,0,0,0,0,0,0,0,0,0,0,0,0,0,0,0,0,0,2,0,0,1,0,0,1,0,0,0,0,0,1,0,0,0,0,0,7,0,0,0,2,0,0,0,0,0,0,0,3,0,0,0,0,0,0,0,0,0,26,0,0,0,0,0,9,0,5,0,0,0,1,8,0,0,2,4,1,0,0,27,56,2,0,4,0,0,4,0,1,0,15,1,5,0,4,1,0,2,0,0,0,0,0,0,1,0,2,0,0,0,2,0,0,0,0,0,0,0,3,0,0,1,29,7,4,0,2,0,1,0,0,12,0,0,0,0,1,1,0,3,0,2,3,0,2,0,0,0,1,0,0,0,0,0,1,3,0,1,0,0,0,10,0,6,0,2,1,0,0,0,0,0,0,0,0,0,0,0,0,1,0,0,0,0,1,0,6,9,2,1,1,6,1,4,0,0,1,1,0,0,0,0,0,0,0,0,0,0,4,0,0,0,0,0,0,0,1,0,3,3,0,0,1,0,12,1,0,2,2,2,0,0,1,0,0,0,0,0,13,27,1,0,0,1,12,0,0,0,0,0,0,1,0,1,14,1,0,0,1,0,0,0,0,29,1,0,0,0,0,2,3,0,0,0,0,6,0,0,0,0,0,0,0,0,1,0,0,0,0,0,0,0,0,1,1,5,0,1,0,0,0,13,3,0,0,0,1,1,0,0,1,2,0,7,4,0,0,3,2,33,3,1,1,2,0,7,0,0,0,0,0,0,0,25,0,2,3,6,0,1,0,2,2,0,2,0,4,6,0,0,0,0,0,0,0,0,20,1,0,0,2,0,0,3,0,0,0,2,0,0,0,0,0,0,0,0,0,0,0,3,3,0,1,0,0,0,0
177,2208,SOCIEDADE RECREATIVA INTERNACIONAL DA AGUA VERDE,"AVENIDA REPÚBLICA ARGENTINA, 235",ÁGUA VERDE,-25.448687,-49.287312,9,0,1531,1059,66,43,0,1,0,4,16,3,0,1,5,0,0,0,0,6,0,9,0,6,0,1,0,5,9,0,2,1,0,0,0,2,0,0,2,0,2,0,0,1,2,0,2,2,4,0,0,1,0,0,2,0,0,0,0,0,3,0,2,5,0,0,0,12,0,2,17,1,5,0,0,6,2,2,4,0,20,0,0,0,0,0,1,2,0,0,0,0,0,0,0,0,0,3,0,3,0,0,0,0,0,3,5,0,0,0,0,17,0,0,0,6,0,2,0,0,3,0,0,0,0,2,0,1,1,1,3,0,0,0,2,1,0,0,4,0,8,0,0,0,5,0,5,0,0,0,0,6,0,7,10,3,9,0,0,0,4,10,3,0,1,2,3,0,1,9,2,0,0,2,0,0,13,0,0,0,0,0,0,0,0,1,1,1,0,0,0,1,0,0,0,2,0,4,0,2,0,1,3,1,0,1,1,0,0,0,0,0,0,0,1,1,0,0,0,0,0,0,0,0,1,0,0,0,1,0,0,0,23,0,0,0,1,1,5,0,0,0,5,0,1,10,11,0,3,7,1,3,0,0,0,0,0,0,0,6,3,0,0,0,1,1,0,3,1,0,11,0,1,0,7,0,4,1,0,0,0,0,10,2,1,2,0,1,0,0,4,0,2,1,0,0,0,3,12,0,0,18,1,2,12,2,0,4,0,0,0,0,0,2,0,1,0,0,0,0,0,2,0,0,0,2,0,0,0,0,0,0,0,0,0,0,2,1,0,0,0,0,0,0,0,0,0,0,0,0,0,0,0,1,0,0,0,0,0,0,0,0,0,0,0,1,0,0,0,0,1,0,0,0,0,0,0,0,0,0,0,0,0,0,0,0,0,0,0,3,0,0,1,0,0,0,0,0,0,1,1,0,0,0,0,0,0,0,0,0,0,0,0,0,0,1,0,0,0,0,0,0,0,0,0,0,0,1,0,0,1,0,0,1,0,0,0,21,0,0,0,0,0,4,0,1,0,4,0,0,2,0,1,1,1,1,0,0,13,40,2,0,3,0,0,5,0,1,0,6,0,0,0,1,0,0,0,0,0,0,0,0,0,1,0,0,0,0,0,0,0,0,0,0,1,0,0,2,0,0,0,16,6,0,0,0,0,0,0,1,3,0,0,0,0,2,4,0,0,0,0,1,0,4,0,0,0,1,0,0,1,0,0,0,0,0,2,0,0,0,3,2,5,0,0,0,0,0,0,0,0,0,0,0,0,0,0,0,0,0,0,0,0,1,1,6,6,0,0,0,6,0,1,0,0,1,1,0,0,0,0,0,0,1,0,0,0,0,0,0,0,1,0,0,0,0,0,2,0,0,0,1,0,4,0,1,3,3,0,0,0,0,0,0,0,0,0,6,15,1,0,0,0,9,0,0,0,0,0,0,0,0,0,6,0,0,0,2,0,0,0,0,21,0,0,0,0,0,0,2,0,0,0,1,7,1,1,0,0,0,0,0,0,2,0,0,0,1,0,0,1,0,1,0,2,0,0,1,0,0,9,1,0,0,0,0,0,0,1,1,1,0,1,3,0,0,1,0,19,3,0,3,1,1,3,0,0,0,0,0,0,0,17,0,4,1,4,0,3,0,1,0,0,0,0,1,7,0,0,0,0,0,0,0,0,7,0,0,0,3,0,0,1,0,0,0,0,0,0,0,0,0,0,0,0,0,1,0,3,0,0,0,0,0,0,2
178,1201,COLÉGIO IMACULADA CONCEIÇÃO,AVENIDA MANOEL RIBAS  6318,SANTA FELICIDADE,-25.4022832,-49.3312097,63,0,6302,4811,268,194,0,1,6,10,33,1,0,1,12,1,7,0,0,9,3,37,0,26,5,9,4,4,36,0,7,3,0,0,0,1,0,0,7,0,1,0,0,3,16,1,5,0,3,0,1,0,0,3,2,0,0,4,5,0,1,0,0,3,0,0,13,57,0,46,87,9,11,0,0,9,1,13,4,0,41,8,1,0,3,0,0,10,20,0,0,9,0,0,1,0,4,1,1,4,3,0,3,0,2,3,16,1,7,1,5,36,1,0,0,10,0,7,0,0,23,0,0,1,0,0,0,2,0,6,7,1,0,1,0,1,0,3,12,7,36,0,11,0,8,1,1,0,1,0,1,10,2,15,23,32,13,1,0,6,14,31,4,0,0,0,0,1,6,20,7,5,0,9,2,9,35,0,2,1,0,3,0,18,1,3,0,2,0,0,0,0,0,0,0,5,2,6,0,1,7,4,16,1,0,0,0,0,0,9,0,1,0,0,3,0,0,0,0,0,0,0,0,0,0,0,0,0,0,0,0,0,53,0,0,0,1,10,3,1,0,0,0,0,0,26,20,3,1,21,0,4,1,1,0,1,0,0,0,5,90,0,0,2,18,0,0,6,4,0,20,0,11,0,2,0,25,0,4,61,0,0,32,0,3,5,4,0,0,0,6,4,4,0,0,12,0,19,59,0,0,24,3,1,27,5,2,1,0,0,4,0,0,11,1,1,0,0,0,2,3,1,0,0,0,1,1,0,0,2,1,2,0,0,2,0,8,0,6,0,7,0,0,0,0,1,0,3,0,0,1,0,2,685,0,0,0,0,2,0,0,8,1,0,1,0,0,2,0,0,0,0,3,0,0,0,0,0,5,0,1,0,0,0,0,0,0,2,2,0,0,0,0,1,15,0,0,0,0,0,4,1,0,0,2,0,0,0,2,0,3,2,0,0,0,2,0,0,0,4,0,0,0,0,0,0,16,6,0,1,2,0,0,4,0,0,0,59,1,1,1,0,46,14,0,8,0,2,0,2,13,2,3,2,0,5,2,0,31,84,8,0,31,0,7,8,0,6,0,0,6,0,0,2,0,0,1,0,0,0,0,0,1,0,0,1,0,0,0,4,0,0,0,0,0,1,0,2,0,4,1,74,9,0,0,0,0,2,0,1,16,0,0,2,0,1,1,3,0,3,0,1,0,32,0,1,0,1,0,0,2,0,0,0,4,0,4,0,0,2,1,1,3,0,1,1,0,0,2,0,0,0,1,0,1,1,5,0,2,0,0,0,0,2,1,13,7,1,27,0,7,1,7,0,1,0,1,0,4,2,1,0,1,0,0,0,0,6,0,0,2,1,0,1,0,0,1,8,0,6,0,5,0,19,0,4,1,4,4,3,1,6,0,3,0,0,0,47,75,4,0,2,1,38,0,0,0,1,1,0,1,0,6,30,0,1,0,21,0,0,1,0,52,0,1,0,0,0,2,1,0,0,1,0,11,1,1,8,0,0,1,1,0,0,0,0,0,0,0,0,0,0,7,0,15,3,0,0,0,0,14,2,0,0,0,0,9,0,7,5,1,1,314,1,1,2,2,133,10,5,3,5,1,1,4,1,1,0,1,0,0,6,36,11,6,7,14,0,7,0,4,4,2,4,1,1,25,0,0,0,1,0,5,0,0,16,0,0,2,6,1,0,1,1,0,0,1,0,0,3,0,0,0,1,0,0,0,0,7,5,0,0,0,0,0,11
178,1210,COLÉGIO ESTADUAL ÂNGELO VOLPATO,RUA JOAO VALLE 23,SANTA FELICIDADE,-25.39754909,-49.31871687,63,0,3630,2714,205,149,0,2,2,7,17,4,0,0,6,2,1,1,0,7,2,19,0,17,0,16,0,7,38,0,1,1,0,0,0,0,0,0,3,0,0,0,0,1,10,0,5,0,1,0,2,0,0,0,3,2,0,0,2,0,0,0,3,0,0,0,6,20,0,14,18,0,2,1,1,3,0,3,1,0,18,9,3,0,1,0,0,0,9,0,0,10,0,0,1,0,0,2,0,1,0,0,0,0,0,1,6,0,4,0,2,7,0,0,0,12,1,2,0,0,17,0,0,1,0,0,0,1,0,1,3,0,0,0,2,0,0,0,5,1,4,0,9,0,4,1,0,0,0,0,0,4,0,9,9,9,4,0,0,3,6,21,1,0,0,0,5,0,4,14,4,0,1,1,0,18,10,0,3,0,0,2,0,203,1,0,1,0,1,0,0,1,2,0,0,2,0,0,0,0,4,2,4,1,1,0,3,1,0,2,0,0,2,0,0,0,0,0,0,0,0,0,0,0,0,0,0,0,1,0,0,1,28,0,0,0,0,2,1,0,0,0,0,0,0,5,9,2,0,8,0,0,4,0,0,1,0,1,0,7,39,0,0,0,13,1,2,2,6,0,12,0,13,0,0,0,11,1,3,1,1,2,14,1,3,1,0,5,1,1,2,0,1,0,0,3,0,12,22,0,1,23,0,0,6,2,0,2,0,0,2,0,0,14,2,4,2,0,0,0,4,0,0,0,6,0,0,0,0,0,0,1,0,0,0,1,4,0,4,0,1,2,0,0,0,1,0,0,0,0,0,0,3,233,0,1,0,0,0,0,0,3,1,0,6,0,0,0,3,0,15,0,4,0,0,0,0,0,0,0,5,0,0,0,0,0,0,0,1,0,0,0,0,0,2,0,0,0,0,0,0,0,0,0,0,0,0,0,2,0,0,1,0,0,1,0,0,0,0,0,0,0,0,0,0,0,13,3,0,1,0,0,0,2,0,0,0,17,6,0,0,0,44,6,0,0,0,4,0,0,2,1,1,0,1,0,0,1,19,42,1,1,9,0,0,3,1,0,0,0,1,5,0,0,0,0,0,0,0,0,0,0,1,0,0,0,0,0,0,1,0,0,0,0,0,0,0,4,0,0,1,26,10,0,0,0,0,1,0,1,10,0,0,3,0,0,1,0,0,0,0,0,0,8,0,0,0,0,0,0,0,0,0,0,0,0,0,0,0,0,0,0,0,0,0,0,0,0,4,0,0,0,1,0,9,0,6,0,1,0,0,0,0,0,1,7,7,0,49,0,0,0,4,0,0,0,0,0,3,0,0,0,0,0,0,0,0,1,0,0,0,0,0,0,0,0,0,3,0,6,0,1,0,12,0,2,0,1,8,1,1,0,0,0,0,0,0,25,44,0,0,2,0,28,1,0,0,0,0,2,0,0,0,29,0,0,0,17,0,0,0,0,19,0,0,1,0,1,0,0,0,0,1,0,2,0,0,4,0,0,0,0,0,0,0,1,0,1,0,0,1,0,1,0,15,0,0,1,0,0,9,1,0,0,0,0,6,0,15,2,0,0,210,2,0,2,2,23,5,4,2,4,0,0,4,2,0,0,0,0,1,3,18,4,2,8,1,0,1,0,1,6,0,3,0,3,5,0,0,0,0,0,2,0,0,4,0,0,0,7,2,1,0,2,0,0,0,1,0,0,0,0,0,0,0,3,1,0,4,1,0,1,1,0,0,52
178,1228,COLÉGIO ESTADUAL PROFESSOR FRANCISCO ZARDO,AVENIDA MANOEL RIBAS 7149,SANTA FELICIDADE,-25.39918274,-49.33900531,63,0,3706,2738,194,165,0,3,0,4,22,2,0,1,6,1,3,0,0,3,3,18,2,14,0,8,1,3,18,0,1,0,0,0,0,1,0,0,5,0,3,0,0,1,20,0,0,0,0,1,2,1,1,7,0,0,0,6,0,0,2,11,1,0,0,0,5,24,0,30,36,4,3,0,0,4,4,1,5,0,14,5,0,1,7,2,0,1,6,1,0,5,0,0,1,0,0,0,0,1,0,0,0,1,2,1,3,1,3,0,0,6,2,0,0,14,0,2,0,0,33,0,1,1,0,0,1,1,0,0,4,0,0,0,0,0,0,1,3,3,13,0,7,0,4,3,4,0,0,1,0,4,1,4,14,9,8,0,0,2,8,16,1,0,0,1,2,1,4,15,1,0,1,4,0,3,14,2,1,0,0,1,0,15,0,0,0,0,0,0,0,0,0,0,0,7,0,2,0,0,0,0,2,1,0,2,2,0,0,2,0,0,2,0,0,0,0,0,0,0,0,0,1,0,0,0,0,1,0,0,0,0,22,0,0,0,0,7,3,1,0,0,0,0,0,7,3,2,0,7,0,2,2,0,1,0,0,0,0,5,39,0,0,1,12,1,5,3,7,0,18,1,9,0,0,0,11,0,1,24,0,0,21,2,3,1,0,0,1,0,2,1,0,0,1,2,0,11,11,0,0,17,1,1,11,1,1,5,0,0,4,0,0,5,0,3,0,0,0,0,1,4,0,0,1,0,0,0,0,0,0,1,0,0,1,0,3,0,0,0,5,0,0,2,0,0,0,5,0,0,1,0,2,513,0,0,0,1,0,1,2,4,0,1,1,0,0,0,0,0,0,0,16,3,1,0,0,0,3,0,2,0,0,0,0,0,0,0,0,0,0,0,1,0,4,0,0,0,0,0,0,0,1,0,1,0,0,0,0,0,6,1,2,1,0,2,0,0,0,0,0,0,0,2,0,0,21,1,3,2,1,0,0,0,0,0,0,14,1,0,0,0,51,1,0,4,0,1,0,0,2,0,10,0,1,3,1,0,9,48,0,0,6,0,3,1,1,0,0,1,2,3,0,0,0,0,0,0,0,0,0,2,0,0,0,5,0,0,0,3,0,0,0,0,0,0,0,0,0,3,1,34,3,0,0,0,0,0,0,1,5,0,0,1,0,0,0,0,0,0,1,1,0,2,0,0,0,0,0,0,0,0,0,0,2,1,3,0,0,0,2,2,0,0,0,0,0,0,8,0,0,0,1,0,2,2,4,0,2,0,0,0,0,0,0,5,6,1,9,1,6,1,5,0,0,1,2,0,1,1,0,0,1,0,0,0,0,4,1,0,1,2,0,0,1,0,0,2,3,1,0,1,0,3,0,1,0,3,3,4,1,6,0,0,0,0,0,26,37,0,0,2,0,26,0,0,1,1,0,0,1,1,3,36,2,0,0,18,0,1,2,0,35,0,0,0,0,0,0,0,0,0,0,0,8,0,0,8,0,0,0,0,0,1,0,1,0,2,2,0,0,0,2,0,4,1,0,1,0,0,5,3,0,0,0,0,3,0,8,0,0,0,160,0,2,0,0,34,2,5,2,1,0,0,3,2,0,0,0,0,0,1,22,0,1,3,2,0,1,1,0,8,0,1,0,2,4,0,0,0,1,0,2,1,0,4,0,0,0,1,0,0,0,1,0,0,0,1,0,1,0,0,0,0,0,0,0,0,6,0,0,0,0,0,0,6
178,1236,COLÉGIO ESTADUAL SANTA FELICIDADE,"RUA BORTOLO PAULIN, 227",SANTA FELICIDADE,-25.40646444,-49.33907447,63,0,2760,2039,106,100,0,1,0,3,12,2,0,2,1,0,2,0,0,11,1,10,0,13,0,2,0,3,15,1,3,1,1,0,0,0,1,0,4,0,0,0,0,1,17,0,0,1,1,0,1,0,0,2,1,4,0,1,0,0,0,5,0,1,0,0,1,21,0,30,79,4,0,0,1,3,1,0,7,0,15,1,0,1,2,0,1,2,9,0,0,2,0,0,2,0,0,0,0,3,0,0,0,1,1,1,3,0,0,1,1,12,0,0,0,2,0,2,1,0,29,0,0,0,0,1,0,4,0,1,2,0,0,0,0,0,0,0,5,3,6,0,4,0,7,2,0,0,0,4,0,6,1,15,10,5,8,1,0,1,9,14,6,0,0,0,1,0,4,13,3,4,0,5,3,2,6,1,0,1,0,0,0,4,0,0,0,1,0,0,0,1,0,0,0,0,0,0,0,0,1,0,4,7,0,0,0,0,0,11,0,0,2,0,0,0,0,0,1,0,0,0,2,0,0,0,0,0,0,0,0,0,25,0,0,0,0,4,3,1,0,0,0,0,0,6,5,5,1,9,0,1,0,1,0,0,0,0,0,1,34,0,0,0,8,0,2,2,1,0,4,0,1,1,1,0,4,1,1,6,0,0,9,2,9,0,0,0,1,0,4,2,2,0,0,4,0,6,14,0,0,12,2,0,5,3,0,1,0,0,2,0,0,7,0,3,0,0,0,1,0,0,0,0,0,0,1,0,0,0,0,0,0,0,0,0,4,0,2,0,3,0,0,0,0,1,0,1,0,0,0,0,0,320,0,0,0,0,0,3,0,5,0,0,1,0,0,1,0,0,0,0,7,0,0,0,0,0,0,0,2,0,0,0,0,0,0,1,0,0,0,0,0,0,1,0,0,0,0,0,0,0,0,0,0,0,0,0,2,0,1,0,0,0,0,1,0,0,0,0,0,0,0,0,0,0,7,5,1,1,0,0,0,1,0,0,0,24,1,0,1,1,21,2,0,4,0,1,0,0,5,3,8,1,5,0,0,0,12,25,1,0,6,0,0,4,0,2,0,0,6,1,0,0,0,0,0,0,0,0,1,0,1,0,0,4,0,0,0,0,0,0,0,0,0,0,0,0,2,1,0,26,3,0,0,0,0,0,0,1,8,0,0,1,0,0,0,0,0,0,0,0,0,7,0,0,0,0,0,0,0,0,0,0,1,0,4,1,0,1,0,1,2,0,0,0,0,1,0,0,0,0,0,0,2,0,2,0,1,0,0,0,0,0,0,4,4,0,11,0,3,0,7,0,1,0,1,0,3,0,0,0,0,0,0,0,1,2,1,0,0,2,0,0,0,0,0,4,1,2,1,1,0,3,2,1,0,2,2,0,0,2,0,0,0,0,0,16,15,5,0,0,0,15,0,0,4,0,0,0,0,0,0,21,1,1,0,3,0,0,0,0,24,0,0,0,0,3,0,0,0,1,0,0,5,2,0,1,0,1,0,1,0,2,0,0,0,3,0,0,2,0,2,0,4,1,0,0,0,0,10,1,0,1,0,0,8,1,5,1,0,0,166,0,1,0,3,23,8,2,0,1,0,0,2,1,0,1,0,0,0,4,10,1,1,0,3,0,1,1,0,6,0,1,0,5,8,0,0,0,0,0,2,2,0,4,0,0,0,0,1,0,0,0,0,0,0,0,0,0,0,0,0,0,0,0,2,0,2,0,0,1,0,0,0,0
178,1244,ESCOLA MUNICIPAL FOZ DO IGUACU,"RUA JOAO REFFO, 1304",SANTA FELICIDADE,-25.38099051,-49.33415651,63,0,3628,2740,209,134,0,1,6,6,21,2,1,3,12,1,3,0,0,4,0,19,1,11,2,8,1,4,25,0,4,0,0,0,0,1,0,0,6,0,0,0,0,2,22,0,4,0,3,0,1,0,0,0,0,0,0,1,2,0,1,2,0,3,0,8,7,46,1,26,65,0,5,0,0,1,3,5,3,0,14,6,1,2,4,1,0,3,5,0,1,5,0,0,0,1,0,1,2,5,0,0,2,2,0,5,9,1,3,1,0,12,1,0,0,15,0,2,0,0,20,1,0,1,0,0,0,0,0,2,2,0,0,0,2,0,0,2,6,2,5,0,3,0,3,0,3,0,0,2,0,11,1,8,11,16,6,0,0,1,15,23,9,0,0,0,2,0,1,26,2,0,0,3,0,18,14,0,0,1,0,1,1,10,0,0,0,2,0,0,0,1,0,1,0,10,1,1,1,2,0,0,1,3,0,1,2,0,1,2,0,1,0,0,1,0,0,0,0,0,0,0,2,0,0,4,0,1,0,0,0,0,28,0,0,0,0,9,2,1,1,0,0,0,1,5,13,1,0,15,0,5,2,0,0,0,0,0,0,2,31,0,0,2,3,0,5,3,2,0,10,0,11,0,1,1,9,2,0,16,1,0,40,0,20,13,1,1,0,0,2,0,3,0,1,0,0,6,17,0,0,15,1,0,11,2,2,2,0,0,1,0,0,11,2,4,0,0,0,1,0,1,0,0,2,1,1,0,0,0,1,0,1,0,0,0,5,0,2,0,9,0,0,0,0,1,0,6,0,0,0,0,0,373,0,0,0,0,0,0,0,2,1,0,0,0,0,0,0,0,0,0,8,2,0,0,0,0,10,0,3,0,0,0,0,0,2,0,0,0,0,0,3,0,11,0,0,0,0,0,1,1,0,0,1,0,0,0,0,0,0,0,0,0,0,2,0,0,0,1,0,0,0,0,0,0,1,13,0,3,0,1,0,1,0,0,0,11,1,0,0,2,16,5,0,2,0,1,0,0,7,4,3,1,0,5,0,0,10,35,1,0,2,0,0,0,0,1,0,0,1,1,0,0,0,0,1,0,0,0,0,4,1,0,0,7,0,0,0,3,0,0,0,1,0,0,0,0,0,0,0,35,6,0,0,0,0,1,0,0,7,0,0,3,0,3,3,0,0,1,1,0,0,11,1,1,0,0,0,1,0,0,0,0,0,0,1,0,0,0,0,0,0,0,0,0,0,0,1,0,0,0,0,0,4,0,11,0,9,0,0,0,0,2,0,2,4,0,5,0,5,1,2,0,0,2,1,0,0,2,1,3,0,0,1,0,0,0,0,0,1,0,0,0,0,0,1,0,1,9,0,0,0,3,0,0,1,4,4,0,0,0,0,1,0,0,0,38,34,1,0,0,0,28,0,0,0,0,1,0,1,0,0,26,1,1,0,1,0,0,7,0,25,0,0,0,0,0,0,0,0,0,0,0,3,0,0,10,0,1,1,0,0,0,0,0,0,0,0,0,0,1,7,1,6,0,0,0,0,0,10,2,0,0,0,1,4,0,10,4,0,0,216,2,1,4,2,15,7,5,2,1,0,0,7,1,1,3,0,0,0,6,14,2,5,6,2,0,2,0,0,4,0,0,0,2,5,0,0,0,1,0,2,0,0,7,0,0,0,4,5,0,7,1,0,0,0,0,0,1,0,0,0,2,0,0,1,0,3,1,0,0,0,0,0,3
178,1287,ESCOLA ESTADUAL PADRE COLBACCHINI,"RUA CAETANO ALESSI , 268",BUTIATUVINHA,-25.39218346,-49.34779356,61,0,1592,1185,105,52,0,0,0,3,4,1,0,1,3,1,2,0,0,3,2,4,0,6,0,8,0,1,8,0,1,2,0,0,0,0,0,0,1,0,1,0,0,0,6,0,1,0,2,0,0,0,0,0,0,0,1,1,0,0,0,0,0,1,0,0,12,16,0,15,15,2,1,0,0,1,2,1,1,0,8,1,2,0,3,0,0,2,1,2,0,1,0,0,0,0,0,0,0,3,0,0,0,0,0,0,2,0,3,1,0,3,0,0,0,7,1,0,0,0,11,0,2,0,0,0,0,0,0,0,0,0,0,0,0,0,0,0,2,1,5,0,3,0,2,2,0,0,0,2,1,2,0,2,1,3,3,0,0,0,1,10,0,0,0,0,0,1,0,5,0,0,0,0,0,0,3,0,0,2,0,0,0,1,1,0,0,0,0,0,0,0,0,0,0,0,0,0,0,0,1,0,2,0,0,0,0,0,0,1,0,0,0,0,0,1,0,0,0,0,0,0,0,0,0,0,0,0,0,0,1,0,2,0,0,0,0,2,3,0,0,0,0,0,0,1,2,0,0,3,0,2,0,0,0,0,0,0,0,0,7,0,0,0,3,1,0,6,3,0,3,0,2,0,0,0,3,0,2,7,0,0,11,0,1,2,0,0,0,0,2,2,0,0,1,2,0,2,9,0,0,2,1,0,2,2,0,1,0,0,1,0,1,13,0,1,0,0,0,0,1,0,0,0,0,3,0,0,0,0,0,0,0,0,0,0,0,0,3,0,3,0,0,2,0,0,1,0,0,0,0,0,0,255,0,0,0,0,0,0,0,0,0,0,2,0,0,0,0,0,0,0,1,1,0,0,0,0,1,0,2,0,0,0,0,0,0,0,0,0,0,0,0,0,0,0,0,0,0,0,0,0,0,0,0,0,0,0,0,0,1,0,0,0,0,0,0,0,0,0,0,0,0,0,0,0,4,4,0,0,0,0,0,0,0,0,0,6,2,0,0,0,66,2,0,1,0,0,0,0,0,1,7,0,1,0,0,0,2,16,0,0,2,0,1,0,0,0,0,0,1,0,0,0,0,0,0,0,0,0,0,3,0,0,0,10,0,0,0,0,0,0,0,0,0,0,0,1,1,0,0,15,1,0,0,0,0,1,0,0,2,0,0,0,0,1,0,0,0,0,0,0,0,0,0,1,0,0,0,0,1,0,0,0,1,0,0,0,0,0,0,0,0,0,0,0,1,0,4,0,0,0,0,0,0,0,0,0,0,0,0,0,0,1,0,1,2,0,0,0,0,2,1,0,0,0,1,0,0,0,0,0,0,0,0,0,0,1,0,0,0,0,0,1,0,0,0,0,0,1,0,0,0,4,0,0,0,1,3,0,1,2,0,0,0,0,0,14,47,0,0,0,0,6,0,0,0,1,0,0,0,0,0,10,0,0,0,9,0,0,2,0,8,0,0,0,0,0,0,1,0,0,0,0,0,0,2,12,0,0,0,0,0,0,0,0,0,0,0,0,0,0,0,0,4,0,0,0,0,0,1,1,0,0,1,0,2,0,7,1,0,0,30,1,0,0,5,12,3,1,1,0,3,1,2,0,0,0,0,0,0,1,5,1,0,1,1,0,0,0,0,8,0,0,0,0,2,0,0,0,0,0,0,0,0,6,0,0,0,2,2,0,1,0,0,0,0,0,0,0,0,0,0,0,0,0,0,0,1,1,1,0,0,0,0,0
178,1295,CEMEI PROFESSORA LYGIA CARNEIRO,"RUA DANIEL CESÁRIO PEREIRA, 581",SANTA FELICIDADE,-25.386187,-49.333813,63,0,2115,1500,145,83,0,0,5,2,16,1,0,1,2,2,3,0,0,5,2,9,0,6,0,7,1,0,11,1,4,0,0,2,0,1,0,0,3,0,0,0,0,1,3,0,0,3,0,0,2,0,0,0,0,2,0,1,0,0,0,0,0,0,0,2,8,14,0,15,31,1,2,0,0,0,1,2,3,0,4,2,0,0,0,0,0,1,0,0,0,3,0,0,0,2,0,0,0,4,0,0,1,0,0,0,1,0,2,1,2,6,0,0,0,8,0,0,0,0,10,1,1,0,0,0,0,1,0,0,2,0,0,0,0,0,0,3,2,0,6,0,5,0,9,0,0,0,1,4,1,8,0,4,5,12,7,0,0,1,7,14,0,1,0,0,2,0,0,18,0,0,0,3,0,14,12,0,2,1,0,0,0,4,0,0,0,3,0,0,0,3,0,0,0,2,0,0,0,0,0,1,0,2,0,0,0,0,0,1,0,0,2,0,0,0,0,0,0,0,0,0,0,0,0,0,2,0,0,0,0,0,16,0,1,0,0,3,1,0,1,0,0,0,0,3,3,2,2,5,0,2,3,0,0,0,0,0,0,1,19,0,0,1,6,0,0,1,0,0,0,0,6,0,1,0,7,3,0,13,0,0,12,1,7,5,0,1,1,0,4,1,0,0,2,0,0,5,4,0,0,10,2,0,6,5,1,1,0,0,0,0,1,5,0,4,0,0,0,1,2,0,0,0,0,0,0,0,0,0,0,0,1,0,0,1,3,0,4,0,2,0,0,0,0,0,0,2,0,0,0,0,0,138,0,0,0,0,0,0,0,4,0,0,0,0,0,0,0,0,1,0,10,3,0,0,0,0,2,0,1,0,0,0,0,0,0,0,0,0,0,0,0,0,6,0,0,0,0,0,0,0,0,0,0,0,0,0,0,0,1,0,0,0,0,0,0,0,0,0,0,0,0,0,0,0,8,2,0,0,1,0,0,2,0,0,0,9,0,0,0,1,13,0,0,5,0,4,0,1,2,0,0,2,0,3,0,0,9,23,0,0,2,0,0,0,0,1,0,0,4,0,0,0,0,0,0,0,0,0,0,0,0,0,0,0,0,0,0,1,0,0,0,0,0,0,0,1,0,0,0,17,3,0,0,0,0,2,0,0,6,0,0,1,0,2,1,0,0,0,0,0,0,1,0,0,0,0,0,0,0,0,0,0,0,0,3,0,0,0,1,0,1,0,0,0,0,0,0,0,0,0,2,0,2,0,2,0,1,0,0,0,0,1,0,3,1,0,1,0,7,0,5,0,0,0,1,0,0,0,0,2,0,0,0,0,0,0,0,0,0,0,0,0,0,0,0,4,2,2,4,0,0,3,0,0,2,3,6,1,0,0,0,0,0,0,0,18,19,0,0,0,0,10,0,0,0,1,0,0,0,0,0,17,2,0,0,7,1,1,2,0,27,0,0,0,0,0,1,1,2,0,0,0,3,0,0,5,0,0,0,0,0,0,0,0,0,1,1,0,1,0,0,0,4,0,0,0,0,0,8,1,0,0,0,0,4,0,8,1,0,0,107,0,1,0,1,17,7,1,2,0,2,0,1,1,0,0,0,0,0,1,7,2,3,6,0,0,0,0,0,1,1,0,0,3,5,0,0,0,0,0,1,0,0,5,0,0,0,1,4,0,3,0,0,0,0,0,0,0,0,0,0,1,0,0,0,0,4,1,0,1,0,0,0,0
178,1309,ESCOLA MUNICIPAL PROFESSORA SÔNIA MARIA COIMBRA KENSKI,RUA WANDA WOLFF1186 -CJ MONTE VERDE,SANTA FELICIDADE,-25.37541488,-49.32734162,63,0,1473,1137,105,58,0,1,2,3,6,3,0,0,4,0,2,0,0,3,1,6,0,3,1,5,2,4,11,0,1,0,0,0,0,3,0,0,3,0,0,0,0,1,25,0,0,1,0,0,0,0,0,0,0,0,0,0,0,0,0,2,0,0,0,1,2,15,1,5,9,4,0,0,0,2,0,5,2,0,3,0,0,0,1,0,0,0,4,0,0,2,0,0,0,0,0,0,0,1,0,0,0,0,0,0,5,0,3,0,0,10,0,0,0,5,0,1,0,0,18,0,0,0,0,1,0,0,0,2,1,0,0,0,0,0,0,0,3,0,0,0,4,0,2,0,0,0,0,2,0,1,1,6,8,6,3,0,0,2,3,6,2,0,0,0,0,0,1,5,2,0,0,2,0,2,11,0,0,0,0,0,0,0,1,0,0,0,1,0,0,0,0,0,0,4,0,0,0,0,0,0,0,0,0,0,0,0,0,0,0,0,0,0,0,0,0,0,0,0,0,0,0,0,0,0,0,0,0,0,0,0,9,0,0,0,0,1,1,0,0,0,0,2,0,3,3,0,0,6,0,4,0,0,0,0,0,0,0,0,3,0,0,0,2,1,2,1,0,0,5,0,1,0,0,0,5,0,0,11,0,0,14,0,3,7,0,2,0,0,1,0,0,0,0,0,0,6,4,0,0,10,2,0,7,0,0,2,0,0,1,0,0,1,0,0,0,0,0,0,1,0,0,0,0,0,1,1,0,0,0,0,0,0,0,0,0,0,8,0,0,0,0,0,0,0,0,4,0,0,0,0,0,163,0,0,0,0,0,0,1,2,0,0,0,0,0,0,0,0,0,0,2,0,0,0,0,0,4,0,1,0,0,0,0,0,1,0,1,0,0,0,1,0,2,0,0,0,0,0,0,0,0,0,0,0,0,0,0,0,0,0,0,0,0,3,0,0,0,0,0,0,0,0,0,0,4,1,0,4,0,0,0,1,0,0,0,7,0,0,0,0,10,1,0,2,0,1,0,0,0,1,0,0,0,1,0,1,6,31,1,0,4,0,0,0,0,0,0,0,1,0,0,0,0,0,0,0,0,0,0,0,0,0,0,3,0,0,0,4,0,0,0,0,0,0,0,2,0,0,0,11,1,0,0,0,0,1,0,0,3,0,0,0,0,0,4,0,1,0,0,0,0,3,0,0,0,0,0,0,0,0,0,0,2,0,0,0,0,0,1,0,0,0,0,0,0,0,0,0,0,0,0,0,2,0,0,0,5,3,0,0,0,1,0,4,4,0,3,0,5,1,4,0,0,0,0,0,0,0,0,0,0,0,0,0,0,0,1,0,0,2,0,1,0,0,0,1,0,8,0,0,0,2,0,0,0,1,4,1,0,0,1,0,0,0,0,10,14,0,0,0,0,12,0,0,0,0,0,0,0,0,0,10,1,0,0,3,0,0,0,0,5,0,0,0,0,0,0,0,0,0,0,0,5,1,0,1,0,0,2,0,0,0,0,0,0,1,0,0,0,0,4,0,5,2,0,0,0,0,5,2,0,0,0,0,0,0,2,0,0,0,83,1,0,0,0,1,5,3,1,0,0,0,2,1,0,0,0,0,0,3,8,1,1,0,0,0,0,0,0,1,0,0,0,0,8,0,0,0,0,0,0,0,0,2,0,0,0,0,3,0,0,0,0,0,0,0,0,0,0,0,0,1,0,1,0,0,2,2,0,0,0,0,0,2
178,1635,ESCOLA BAMBINATA,RUA BASSAMO DE GRAPPA 625,SANTA FELICIDADE,-25.3979605,-49.32190762,63,0,2095,1578,109,73,0,0,0,3,10,2,0,0,6,0,2,0,0,5,0,7,0,5,0,1,2,4,10,0,0,2,0,0,0,0,1,0,1,0,0,0,0,0,17,0,4,0,0,1,0,0,0,1,1,2,1,1,0,0,2,0,0,0,0,2,4,15,1,6,17,3,1,1,0,4,0,5,2,0,11,3,0,0,0,0,0,1,5,0,0,6,0,0,0,1,1,0,0,0,0,0,0,0,0,0,4,0,2,1,0,10,0,0,0,8,0,6,0,0,13,0,0,1,0,0,0,3,0,0,1,0,0,0,0,1,0,1,1,1,8,0,0,0,5,0,0,0,1,1,0,2,0,8,12,3,7,0,0,1,10,13,8,1,0,0,1,1,2,8,2,0,0,2,2,3,26,0,1,0,1,1,0,21,0,2,0,0,0,0,0,0,0,0,0,0,1,4,0,1,1,2,3,1,0,0,1,0,0,1,0,0,0,0,0,0,0,0,0,0,0,0,0,0,0,0,0,0,0,2,0,0,19,0,0,0,0,6,0,0,0,0,1,0,0,6,8,1,0,9,0,6,1,0,0,1,0,0,0,3,26,0,0,0,9,1,2,5,0,0,4,0,4,1,0,0,8,3,1,8,0,0,8,0,3,2,1,0,0,0,8,0,1,0,4,4,0,10,6,0,1,10,0,0,18,2,0,0,0,0,3,0,0,2,0,1,0,0,0,0,2,0,0,0,0,0,0,0,0,0,0,0,0,0,0,0,3,0,1,0,6,0,0,0,0,0,0,0,0,0,1,0,0,111,0,0,0,0,0,0,0,0,0,0,0,0,0,1,0,0,1,0,0,1,0,0,0,0,1,0,0,0,0,0,0,0,0,1,0,0,0,0,0,0,0,0,0,0,0,0,0,1,0,0,0,1,0,0,1,0,0,0,0,0,0,5,0,0,0,0,0,0,0,0,0,0,1,2,0,1,0,0,0,0,0,0,0,26,1,0,0,0,16,8,0,0,0,0,0,1,3,1,0,0,1,0,0,0,14,50,2,0,3,0,0,3,0,1,0,0,2,1,0,0,0,0,0,0,0,1,0,3,0,0,0,2,0,0,0,4,0,0,0,0,0,0,0,0,0,0,2,31,10,1,0,0,0,0,2,0,12,0,0,0,0,1,1,0,0,0,1,0,0,6,0,1,0,1,1,0,0,0,0,0,1,0,2,0,0,0,0,0,1,0,0,0,0,0,0,0,0,0,0,0,0,0,3,0,1,0,0,0,0,1,0,1,1,0,10,0,6,1,3,0,0,1,0,0,3,2,0,1,0,0,0,0,0,3,0,0,0,0,0,0,0,0,0,3,1,3,0,0,0,2,0,3,1,2,4,0,0,0,0,0,0,0,0,29,18,1,0,0,0,11,0,0,0,1,0,0,0,0,2,11,0,0,0,9,0,1,0,0,26,0,1,0,0,0,0,1,0,0,1,0,5,1,0,0,0,0,0,0,0,0,0,0,0,0,0,1,0,0,2,0,4,2,0,0,0,0,19,1,0,0,0,0,2,2,5,0,3,0,96,1,0,0,1,10,4,2,1,3,0,1,7,2,0,0,0,0,0,4,17,2,2,0,7,0,1,0,0,0,0,0,0,4,9,0,0,0,0,0,3,0,0,3,0,0,0,1,2,0,1,0,1,0,0,0,0,0,0,0,0,0,0,0,0,0,4,0,1,0,0,0,0,13
178,1643,ESCOLA MUNICIPAL DOS VINHEDOS,"RUA ZEM BERTAPELLE, 284",SANTA FELICIDADE,-25.39825624,-49.33090682,63,0,2040,1452,122,73,0,0,4,6,7,3,0,0,6,0,2,0,0,4,0,8,0,5,0,2,0,4,14,0,1,1,0,0,0,0,0,0,0,0,0,0,0,0,16,0,3,0,0,0,2,0,1,3,0,2,0,0,0,0,0,5,0,2,0,0,4,13,0,16,21,1,0,0,0,7,0,3,3,0,2,2,1,0,2,0,1,1,3,0,0,4,0,0,0,4,2,2,0,2,0,0,0,0,2,2,3,0,1,2,2,12,0,0,0,7,1,1,0,0,34,0,0,0,0,0,0,0,0,0,3,0,0,0,0,0,0,0,2,0,14,0,4,0,4,0,1,0,0,6,2,3,0,10,15,9,6,1,0,4,8,7,4,0,0,2,0,0,2,7,3,0,0,2,0,4,10,0,0,1,0,1,0,14,0,1,0,0,0,0,0,0,0,0,0,2,0,3,0,1,2,0,2,3,0,0,0,0,0,2,0,0,1,0,0,0,0,0,0,0,0,0,0,0,0,0,0,0,0,0,0,0,11,0,0,0,0,0,0,0,0,0,0,0,0,2,3,3,0,6,0,2,0,0,0,0,0,1,0,1,24,0,0,1,7,1,2,1,2,0,5,0,2,0,0,0,9,2,0,11,1,0,6,0,0,0,0,1,0,0,4,0,1,0,0,1,0,2,13,0,0,11,0,0,9,2,0,0,0,0,0,0,0,3,0,2,0,0,0,0,0,0,0,0,0,1,1,0,0,0,0,0,1,0,0,0,5,0,0,0,0,0,0,1,0,0,0,1,0,0,0,0,0,124,0,0,0,0,0,0,0,1,0,0,0,0,0,0,0,0,1,0,4,0,0,0,0,0,0,0,1,0,0,0,0,0,0,0,0,0,0,0,2,1,5,0,0,0,0,0,0,0,0,0,1,0,0,0,0,0,0,0,0,0,0,0,0,0,0,0,0,0,0,0,0,0,20,2,0,0,0,0,0,0,0,0,0,19,2,0,0,0,17,2,0,1,0,0,0,0,1,1,1,1,2,0,2,0,6,16,2,0,7,0,1,2,0,1,0,2,2,2,0,0,0,0,0,0,0,0,0,0,0,0,0,0,0,0,0,0,0,0,0,0,0,0,0,1,0,1,2,20,2,0,0,0,0,1,0,1,4,0,0,1,0,0,0,0,0,0,0,0,0,4,0,0,0,0,0,0,0,0,0,0,0,0,0,0,0,0,0,1,0,0,1,0,0,0,1,0,0,0,0,0,2,0,4,0,0,0,0,0,0,0,0,1,4,0,4,0,3,1,4,0,0,2,0,0,1,0,0,0,0,0,0,0,0,0,0,0,0,1,0,1,1,0,0,3,1,2,0,0,0,8,0,2,0,3,5,0,2,0,1,0,0,0,0,11,22,0,0,0,0,11,0,0,0,1,0,0,0,0,2,14,2,1,0,10,1,0,0,0,21,0,0,0,0,0,0,0,0,0,0,0,3,0,0,4,0,0,0,0,0,0,0,0,0,0,1,0,0,0,0,0,2,1,0,0,0,0,11,0,0,0,0,0,6,0,3,2,0,0,97,6,3,0,0,16,2,0,2,1,0,0,10,2,0,0,0,0,0,4,6,2,1,2,4,0,1,1,1,1,0,0,0,2,5,1,0,0,0,0,1,0,0,6,0,0,0,2,0,0,0,1,0,0,0,0,0,1,0,0,0,1,0,0,0,0,2,3,0,0,0,0,0,3
178,1651,ESCOLA MUNICIPAL VEREADOR JOÃO STIVAL,"RUA JOÃO BUDEL, 163",BUTIATUVINHA,-25.39075513,-49.35514715,61,0,2645,1922,185,75,0,3,2,1,9,2,0,0,4,0,4,0,2,3,0,13,0,11,0,10,0,4,17,0,0,1,0,0,0,0,0,0,4,0,0,0,0,0,12,0,2,0,2,0,3,0,0,0,0,3,0,8,0,0,0,1,1,2,0,0,12,14,0,22,26,2,2,0,2,1,1,2,2,0,11,2,0,0,3,0,0,1,4,2,2,3,0,0,0,0,0,0,0,4,0,0,0,0,0,2,5,1,1,0,0,4,0,0,0,12,2,1,0,0,19,0,0,0,0,2,0,0,0,1,1,0,0,0,0,0,0,0,4,0,6,0,3,0,0,3,1,0,0,1,0,2,0,7,2,4,4,0,1,1,8,5,1,0,0,0,0,0,1,12,2,0,0,3,1,5,11,0,0,0,0,0,1,6,4,0,0,0,0,0,1,0,0,0,0,2,0,2,0,0,1,0,2,3,0,0,1,0,0,0,0,0,1,0,1,0,0,0,0,0,0,0,1,0,0,0,0,0,0,0,0,0,13,0,0,1,1,1,2,0,1,0,0,2,0,3,1,1,0,5,0,1,0,0,0,0,0,0,0,4,16,0,0,0,2,0,0,1,2,0,8,2,4,0,1,0,4,2,1,14,1,0,12,0,3,2,1,0,0,0,0,5,0,0,1,0,0,7,17,0,0,4,3,0,1,0,0,2,3,0,0,0,1,7,0,1,0,0,0,2,3,0,0,0,1,1,0,0,0,0,0,0,0,0,0,0,3,0,1,0,0,0,0,0,1,0,0,1,0,0,0,0,1,397,0,0,0,0,3,1,1,0,0,0,0,0,0,0,0,0,0,1,5,0,0,0,0,0,0,0,0,0,0,0,0,0,0,0,0,0,0,0,0,0,1,0,0,0,0,0,0,0,0,0,1,0,0,0,0,0,7,0,0,0,0,0,0,0,0,0,0,0,0,0,0,0,21,0,1,2,0,0,0,0,0,0,1,16,1,2,0,0,68,0,1,3,0,0,0,0,2,4,19,0,0,0,1,0,8,16,0,0,0,0,0,2,0,0,0,1,2,2,0,0,0,0,0,0,0,0,0,3,0,0,0,5,0,1,0,1,0,0,0,0,0,0,0,2,2,1,1,11,2,0,0,0,0,0,0,1,6,0,0,1,0,0,0,0,2,0,1,0,0,3,0,0,0,0,0,1,0,0,0,0,0,0,1,0,0,0,0,0,0,0,0,0,0,3,5,0,0,0,0,0,1,0,2,2,4,0,0,0,0,0,0,4,3,1,0,0,6,1,7,0,0,0,0,0,1,0,0,0,0,0,0,0,1,0,0,0,0,1,0,0,0,0,0,1,1,4,0,0,0,1,2,0,1,1,3,0,0,3,0,1,0,0,0,31,107,4,0,0,0,13,0,0,0,1,0,5,0,0,0,22,1,0,0,5,0,1,0,0,14,0,0,0,0,0,0,0,1,0,0,0,0,0,1,19,0,0,0,0,0,0,3,0,0,0,0,0,0,0,1,0,2,2,0,0,0,0,3,1,0,0,0,0,0,0,9,1,1,0,54,1,0,0,1,9,2,5,0,1,2,0,4,0,0,0,0,0,0,2,7,6,3,0,2,0,0,0,2,9,0,0,0,1,7,0,0,0,0,0,1,1,0,4,0,0,0,2,3,0,0,0,0,0,0,0,0,0,0,0,0,0,0,0,0,0,3,1,0,0,0,0,0,1
178,1880,COLÉGIO ESTADUAL JÚLIA WANDERLEY,AVENIDA VICENTE MACHADO  1643,BATEL,-25.4393078,-49.291963,10,0,5857,4178,238,145,0,1,1,4,37,3,1,4,19,0,1,1,1,24,2,39,0,20,3,7,1,6,43,1,2,4,2,1,0,2,0,0,4,0,2,0,0,1,6,0,11,5,1,0,1,1,0,9,2,0,0,0,2,0,1,1,3,5,0,2,0,59,0,8,46,2,2,0,1,12,2,15,8,2,146,6,0,0,2,0,0,6,3,0,3,4,0,0,0,6,0,1,4,3,2,0,0,2,0,1,15,2,2,2,1,53,0,0,0,16,2,12,1,0,8,1,0,1,0,0,0,3,0,0,6,0,0,1,3,0,0,3,7,0,43,0,12,0,6,2,1,0,0,5,3,24,1,18,32,23,9,0,0,2,16,39,6,1,0,2,6,3,4,17,12,4,1,20,1,12,70,0,0,2,0,1,4,0,0,2,0,0,0,0,0,6,0,0,0,14,0,4,1,4,3,0,18,8,0,8,0,0,0,2,0,1,0,0,5,0,0,0,2,1,0,1,0,0,0,2,0,0,0,0,0,0,89,0,0,1,1,10,1,0,0,0,3,2,3,16,48,3,19,17,1,5,0,0,2,1,0,1,1,49,19,0,0,3,7,0,1,6,12,6,75,0,6,1,3,0,17,2,2,3,0,0,35,3,4,3,1,3,1,1,8,2,16,0,2,5,0,14,52,0,0,54,2,2,28,8,0,8,0,0,1,0,0,3,1,2,2,0,0,2,4,0,0,0,0,4,0,0,0,0,1,3,0,0,2,0,3,0,2,0,0,0,0,0,0,1,0,0,0,1,0,0,0,20,0,0,0,0,1,0,0,0,0,0,1,0,0,5,0,0,2,0,0,0,0,3,0,0,0,0,1,0,0,0,1,0,0,0,1,0,0,0,0,0,0,0,1,1,0,0,1,1,0,0,2,1,0,0,3,0,0,1,0,0,0,2,0,0,1,2,0,0,0,0,0,1,1,4,0,0,1,0,1,8,1,3,0,89,2,0,1,4,6,38,1,20,0,2,2,0,8,1,0,5,3,2,0,0,60,155,4,2,7,0,1,2,4,8,0,1,19,2,0,1,1,0,0,0,1,0,0,0,6,0,0,1,0,0,0,7,0,0,0,0,0,0,0,3,1,1,4,91,20,7,2,0,0,0,0,2,23,0,0,5,0,1,0,0,3,0,0,4,0,8,0,2,0,1,0,1,0,0,0,0,4,0,4,4,0,2,4,4,2,0,0,0,0,0,0,0,0,0,0,0,5,0,5,0,3,0,1,0,0,0,2,11,12,0,0,0,9,0,2,0,2,4,10,0,0,0,0,0,0,0,0,0,0,2,0,0,0,1,0,1,0,0,1,19,0,12,0,2,0,25,0,5,1,11,4,0,3,1,1,3,0,1,0,60,99,10,0,1,0,40,0,0,0,7,1,0,1,0,4,22,0,0,0,3,2,14,1,2,59,0,2,0,1,3,0,5,0,0,0,1,23,3,0,1,0,0,0,0,1,2,0,0,0,2,0,0,3,0,3,0,11,0,0,0,1,0,27,0,0,0,0,4,9,0,9,7,8,1,25,3,4,1,3,1,31,4,3,14,0,1,19,1,1,0,1,0,1,0,134,0,6,8,18,0,1,0,5,61,0,2,0,15,21,1,0,0,0,0,13,0,0,36,6,0,1,5,1,0,4,0,0,0,0,0,2,0,0,0,0,0,0,0,1,1,8,0,0,1,0,0,1,2
178,1899,FACULDADE EVANGÉLICA MACKENZIE DO PARANÁ,RUA PADRE ANCHIETA 2770,BIGORRILHO,-25.4359762,-49.3055076,11,0,2334,1606,89,58,0,0,1,2,4,0,0,2,7,0,2,0,0,13,0,21,0,6,2,3,2,4,13,0,2,1,0,0,0,3,1,0,3,0,0,0,0,1,1,0,6,2,2,2,1,1,0,5,1,0,0,0,1,0,0,0,2,2,0,0,0,24,0,1,21,3,0,0,0,6,1,1,6,0,31,1,0,1,0,0,0,2,1,0,0,4,0,0,0,1,1,1,0,0,1,0,0,1,0,3,14,0,5,2,0,19,0,0,1,8,1,3,0,0,2,0,0,0,0,0,0,1,0,0,0,0,0,1,1,0,0,1,4,0,21,0,3,0,2,0,0,0,0,2,0,5,2,4,11,5,4,0,0,3,6,23,3,0,0,0,3,1,2,12,6,3,1,1,0,2,28,0,0,0,0,0,0,0,0,1,0,2,0,0,0,1,0,2,0,7,0,2,0,1,1,0,5,8,0,1,0,0,0,0,0,0,0,0,0,0,0,0,0,0,0,0,0,0,0,0,0,0,0,0,0,0,22,0,0,0,0,2,1,0,0,0,0,0,0,11,20,0,0,3,0,2,0,0,1,0,0,0,0,13,11,0,0,0,3,0,1,1,3,1,18,1,3,0,1,0,7,3,0,1,1,0,9,1,3,2,1,0,1,0,2,1,2,0,0,0,0,11,28,0,1,25,0,0,16,5,1,9,0,0,2,0,0,1,1,1,0,0,0,0,0,0,0,0,0,1,0,0,0,2,0,1,0,3,1,0,4,0,0,0,0,0,0,0,0,0,1,0,0,0,0,0,0,8,0,0,0,0,0,0,0,4,0,0,0,0,0,2,0,0,1,0,0,0,0,0,0,0,0,1,1,0,0,0,0,0,0,0,0,0,0,0,0,0,0,0,0,0,0,0,1,0,0,0,2,1,0,0,0,2,0,1,0,0,0,1,0,0,0,0,0,0,0,0,0,0,0,3,0,0,0,0,0,4,0,0,0,48,1,1,0,0,2,7,1,6,0,3,0,0,6,0,0,0,2,1,0,0,33,50,0,0,7,0,2,2,0,5,0,1,8,0,0,2,0,0,1,0,0,0,0,0,0,0,0,0,0,2,0,3,0,0,0,0,0,0,0,1,0,2,0,26,2,1,0,0,0,0,0,0,6,0,0,1,0,0,0,0,0,0,0,3,0,5,0,0,0,0,0,1,0,0,0,0,2,0,3,0,0,0,1,3,2,0,0,1,0,0,0,0,0,0,0,0,0,1,1,0,1,0,0,0,0,1,0,6,8,0,0,0,3,0,3,0,0,0,1,0,0,0,0,1,0,1,0,0,1,2,0,0,0,0,0,0,0,0,0,7,0,5,0,1,0,9,0,3,1,8,0,1,0,1,2,0,0,0,0,21,31,3,0,0,0,14,0,0,0,1,2,0,0,0,0,7,1,0,0,0,0,6,1,2,17,0,0,0,0,1,1,1,0,0,0,0,3,0,0,0,0,0,0,1,0,0,0,0,0,0,0,0,0,0,3,0,3,0,0,0,0,0,9,0,0,0,0,1,2,0,4,2,2,0,7,0,2,0,2,1,11,0,0,4,0,0,2,1,0,0,0,0,0,0,22,1,5,6,6,0,4,2,3,66,1,0,0,5,7,0,0,0,0,0,21,1,0,16,2,0,3,6,0,0,0,0,0,0,0,0,0,0,0,2,0,0,0,1,0,0,11,0,0,2,0,0,0,0
178,1902,ESCOLA MUNICIPAL PARANAGUÁ,RUA PROFESSOR ANGELO ANTONIO DALLEGRAVE  12,SANTO INÁCIO,-25.4281934,-49.3437133,46,0,2546,1920,112,104,0,3,2,3,12,1,0,1,6,1,1,0,1,1,1,18,0,9,0,7,0,1,21,0,2,1,0,0,0,0,0,0,2,1,0,0,0,1,7,0,1,2,0,0,1,0,0,0,0,1,0,0,2,0,0,4,2,1,0,0,4,33,0,2,403,2,0,2,0,7,1,1,13,0,11,0,0,0,2,0,0,0,5,0,0,0,0,0,0,2,1,3,0,4,1,0,0,0,1,3,0,3,4,0,0,4,0,0,0,4,0,1,0,0,13,1,0,0,0,0,0,0,0,3,1,0,0,0,1,0,0,0,1,0,6,0,6,0,3,1,3,0,0,3,0,2,0,4,8,21,8,0,0,2,10,13,3,0,0,0,2,0,1,5,1,0,0,5,1,1,6,0,2,0,0,1,0,0,0,0,1,1,0,0,0,1,0,0,0,0,0,0,0,0,2,0,2,1,0,0,0,0,0,11,0,0,1,0,0,0,0,0,0,0,0,0,1,0,0,0,0,0,0,0,0,0,13,0,0,0,0,0,0,1,0,0,0,1,0,2,4,3,0,3,0,3,0,0,0,0,0,1,0,5,44,0,0,0,3,0,2,1,5,1,9,3,0,0,1,0,15,0,2,0,4,0,9,0,3,9,0,0,0,0,2,0,1,0,0,12,0,4,12,3,0,18,0,0,5,2,2,2,0,0,0,0,0,5,0,1,0,0,0,0,3,1,0,0,2,1,2,0,0,0,0,0,0,0,0,0,2,0,0,0,2,0,0,0,0,0,0,0,0,0,0,0,9,32,0,0,0,0,0,0,0,28,0,0,3,0,0,1,1,0,0,0,0,0,0,0,0,0,0,1,0,0,0,0,0,0,0,0,0,0,0,0,0,0,1,0,0,0,0,0,0,1,2,0,0,0,0,0,0,0,2,1,0,1,0,2,1,0,0,0,0,0,0,0,0,0,4,3,1,0,1,0,1,4,0,0,0,12,4,3,0,2,8,0,0,5,0,0,0,0,5,0,0,1,0,1,0,2,6,19,0,0,1,0,0,2,1,3,0,0,0,0,0,1,0,0,0,0,0,0,0,0,1,0,0,6,0,1,0,0,0,0,0,0,0,0,0,0,0,0,1,15,5,0,0,0,0,0,0,36,6,0,0,0,0,0,0,0,0,0,0,0,0,3,0,0,0,0,0,3,0,0,0,0,0,0,0,0,0,0,0,1,2,0,0,2,0,0,0,0,0,0,0,0,1,0,4,0,0,3,0,0,0,2,0,6,1,0,0,0,3,0,6,1,0,2,1,0,1,0,0,0,0,1,0,0,0,2,0,0,0,1,0,1,0,0,0,0,0,3,1,0,0,6,0,1,0,3,2,1,0,2,0,0,0,0,0,7,20,0,0,0,0,16,0,0,0,1,1,0,4,0,0,13,0,1,0,0,0,1,0,0,11,0,0,0,0,0,0,0,0,0,0,0,3,0,0,1,0,0,1,0,0,1,0,0,0,0,0,0,1,0,0,0,8,4,0,0,0,0,11,1,0,0,0,0,3,0,4,1,0,0,179,0,1,2,9,1,4,0,0,2,1,0,2,0,0,0,0,0,0,5,5,0,2,1,0,0,4,1,1,2,0,0,0,2,4,0,0,0,0,0,0,0,0,6,0,0,1,1,2,0,2,10,1,0,0,0,0,0,0,0,0,0,0,0,0,0,1,0,0,0,2,0,0,1
178,1910,COLÉGIO SION,ALAMEDA PRESIDENTE TAUNAY 260,BATEL,-25.4367752,-49.2838242,10,0,4012,2876,126,80,0,2,4,0,25,1,0,0,14,2,1,0,1,23,1,19,0,15,3,0,2,6,18,0,2,1,2,0,0,1,0,0,4,0,3,0,0,2,10,0,8,1,1,1,0,0,0,8,0,0,0,0,0,0,0,0,3,9,0,0,1,32,0,13,10,6,0,0,0,4,0,10,2,0,102,1,2,0,0,0,0,1,0,0,0,2,0,0,0,2,1,1,0,4,0,0,0,2,0,2,13,0,2,4,1,76,1,0,0,8,2,12,0,0,17,0,0,0,0,0,0,6,2,0,0,0,0,0,1,0,0,0,13,0,41,0,5,0,7,2,1,1,0,2,1,34,1,22,33,10,22,0,0,3,8,28,11,0,1,0,1,2,1,9,8,3,0,9,0,3,70,0,0,0,0,0,0,0,0,3,0,0,0,0,0,3,0,0,0,5,0,4,0,3,3,0,6,11,0,3,1,0,0,0,0,0,5,0,2,0,0,0,0,0,0,0,2,0,0,1,0,0,0,0,0,0,53,0,0,0,0,6,3,0,0,0,6,1,1,14,36,4,9,7,0,3,0,1,0,2,0,0,1,32,4,0,0,1,8,2,0,0,8,1,48,0,11,0,2,0,4,0,0,2,0,0,16,1,1,4,5,4,1,0,3,0,10,1,0,3,1,20,25,1,0,29,0,0,21,11,2,7,0,0,0,0,0,0,1,1,3,0,1,4,0,0,0,0,0,0,0,0,0,0,0,0,0,1,0,0,4,0,0,0,0,0,0,0,2,0,1,0,0,0,1,0,1,8,0,0,0,0,0,0,0,1,0,0,2,0,0,1,0,1,0,0,0,0,0,0,0,0,0,0,0,0,0,0,0,0,0,0,0,0,0,0,0,0,0,0,0,0,0,0,0,0,0,1,0,0,0,0,1,0,0,0,0,0,0,1,0,0,0,0,0,0,0,0,0,0,1,2,0,0,2,0,0,2,0,0,0,85,0,0,0,1,1,31,0,8,0,3,2,0,10,1,1,3,3,5,0,2,61,112,3,1,7,0,1,1,0,4,0,1,9,3,0,2,0,0,0,0,0,0,0,1,2,0,0,3,0,0,0,6,0,0,0,0,1,0,0,1,1,4,1,55,14,8,0,0,0,0,0,0,13,0,0,0,0,0,0,1,1,1,2,4,0,10,0,0,0,3,0,1,3,0,0,0,1,0,0,1,0,1,0,2,3,0,0,2,0,0,0,0,0,0,1,0,2,0,0,0,0,0,0,0,0,0,0,11,21,0,0,0,16,0,3,0,0,1,5,2,0,0,0,0,0,0,0,0,0,2,0,0,0,0,0,0,0,0,0,11,2,0,0,5,0,23,0,8,6,7,0,0,1,0,0,0,0,0,0,29,67,16,0,0,0,20,0,0,0,12,2,0,0,0,0,11,0,0,1,1,1,1,0,2,55,0,6,2,0,0,1,5,0,0,0,0,21,3,1,4,0,3,0,1,0,0,0,0,1,2,0,1,0,1,3,0,14,0,0,0,0,0,22,2,0,0,0,2,5,1,8,2,2,0,12,1,3,2,2,3,8,1,5,4,1,3,8,0,0,0,0,0,0,3,94,1,5,2,13,0,1,2,3,14,0,3,0,11,11,0,0,0,0,0,7,0,0,34,10,0,0,2,2,0,3,0,0,0,0,0,3,2,0,0,0,0,0,0,0,0,4,1,1,1,0,0,0,0
178,1929,UNIVERSIDADE TUIUTI DO PARANÁ (CAMPUS BARIGUI),"RUA SYDNEI ANTONIO RANGEL SANTOS, 238",SANTO INÁCIO,-25.4244459,-49.3185512,46,0,12497,8707,540,397,0,8,15,16,77,6,2,3,40,5,5,3,2,56,5,79,1,34,3,17,5,21,66,2,4,6,1,2,0,3,2,0,15,0,7,0,1,4,20,0,22,9,1,0,3,5,1,12,7,2,0,3,39,0,4,5,16,17,0,5,4,108,0,22,234,15,3,2,0,23,3,18,49,1,162,14,3,0,4,1,1,17,9,2,2,8,0,0,0,6,7,8,4,5,1,0,0,1,0,4,27,0,19,6,3,126,4,0,0,24,7,16,0,0,47,0,1,0,0,4,0,12,1,3,8,0,0,0,5,0,1,5,20,7,72,1,18,0,26,7,7,0,1,6,2,52,6,20,49,34,45,0,0,10,44,67,22,1,2,6,2,6,4,50,19,4,0,35,3,21,150,1,2,4,2,0,3,12,0,2,1,1,0,0,0,5,1,3,0,9,4,3,1,7,10,2,36,26,1,11,4,0,0,16,0,1,2,1,7,1,0,0,0,0,0,2,2,0,0,1,0,0,1,0,0,3,105,0,0,0,0,21,3,0,1,1,2,0,0,43,69,7,14,26,0,7,2,4,4,4,0,2,0,38,46,0,0,2,20,2,10,14,22,2,69,2,20,0,6,0,21,6,3,17,0,0,48,2,15,4,3,9,3,3,23,2,16,0,0,10,1,39,89,0,3,89,10,2,83,13,3,12,0,0,1,0,1,20,0,15,0,0,0,7,15,1,0,0,4,3,2,0,0,0,0,1,1,2,2,0,14,0,3,0,1,0,0,0,0,1,0,0,0,0,0,0,8,231,1,0,0,0,3,2,2,177,0,0,6,0,3,6,0,0,0,1,5,3,0,2,0,0,6,1,7,0,0,0,0,0,1,2,1,0,0,0,0,0,8,2,0,0,0,0,1,1,0,0,3,0,0,0,1,1,0,0,0,1,0,11,1,0,0,0,0,0,0,0,0,1,4,13,1,6,0,0,1,6,0,0,0,153,3,2,1,5,14,47,1,20,0,7,1,1,23,5,3,4,6,13,1,1,102,211,6,5,30,1,7,4,1,22,0,6,24,6,3,6,0,0,0,1,0,0,0,2,5,1,0,19,1,1,0,10,0,0,0,0,2,0,0,3,0,4,16,148,27,2,2,0,1,5,6,4,33,0,3,4,0,1,3,3,1,7,3,5,0,21,0,0,0,0,0,2,0,0,1,0,3,1,3,2,0,0,7,5,7,0,1,2,0,0,3,0,0,0,0,0,3,1,71,0,5,0,0,0,0,4,0,29,26,0,12,0,23,0,22,3,0,7,14,0,34,1,0,0,0,1,0,0,1,5,0,0,0,0,0,0,0,0,1,25,1,16,0,2,0,41,1,3,5,33,10,8,2,2,0,2,0,0,0,104,142,11,0,0,0,74,1,0,0,6,0,0,1,3,2,68,0,2,0,9,0,42,1,1,143,0,4,3,7,2,3,9,0,0,1,3,38,8,1,3,0,0,0,0,1,4,1,0,1,2,0,0,1,1,1,0,23,3,0,2,0,0,55,9,0,0,0,2,17,0,24,3,7,1,234,3,8,4,12,38,35,10,3,6,0,1,20,1,1,1,1,0,0,4,100,11,20,14,23,0,2,1,9,94,5,2,1,14,46,1,2,0,0,0,30,6,0,60,2,1,1,8,9,0,12,4,1,0,0,0,0,0,0,1,0,7,0,0,2,5,21,1,5,1,0,0,0,1
178,1937,COLÉGIO ESTADUAL SÃO BRAZ,AVENIDA VEREADOR TOALDO TULIO    2880,SÃO BRAZ,-25.41579682,-49.35108891,60,0,2061,1464,100,54,0,0,6,3,10,2,0,2,6,1,2,0,0,3,1,12,0,2,0,6,1,1,12,0,4,0,0,1,0,1,0,0,1,0,0,0,0,3,13,2,2,1,1,0,0,0,0,1,0,1,0,0,1,0,0,4,2,0,0,0,5,25,0,10,142,0,2,0,0,2,0,2,5,0,8,0,1,1,0,3,0,1,11,1,0,1,0,0,1,0,1,0,1,2,1,0,0,1,0,0,3,1,0,0,0,8,0,0,0,2,0,3,0,1,8,0,0,0,0,0,0,1,1,0,4,0,0,1,2,1,0,0,0,1,4,0,8,0,4,0,0,0,0,2,0,4,0,3,13,8,3,0,0,0,6,16,8,0,1,0,1,1,3,11,1,2,0,4,0,3,3,0,1,0,0,0,0,0,0,0,0,0,0,0,0,1,0,0,0,0,0,0,0,3,1,0,1,2,0,0,2,0,0,4,0,0,1,0,2,0,0,0,0,0,1,0,1,0,0,0,1,0,0,0,0,0,14,0,0,0,0,4,0,1,0,0,0,0,0,0,5,5,2,6,0,2,3,0,0,1,0,0,0,2,26,0,0,0,4,0,4,1,1,0,11,0,6,0,1,0,2,0,1,3,0,0,6,2,4,1,1,0,0,0,1,0,1,0,0,2,2,8,10,0,0,10,0,0,2,1,0,0,0,0,1,0,0,4,0,1,0,0,0,1,0,0,0,0,0,1,0,0,0,0,1,0,0,0,0,0,7,0,0,0,4,0,0,0,0,0,0,0,0,0,0,0,1,91,0,0,0,0,0,1,0,4,0,0,3,0,0,0,0,0,0,0,0,1,3,0,0,0,0,0,1,0,0,0,0,0,0,0,0,0,0,0,0,0,0,0,0,0,0,0,0,3,0,0,0,0,0,0,0,0,1,0,0,0,0,3,0,0,0,0,0,0,0,0,0,0,0,2,10,0,0,0,0,0,0,0,0,17,3,0,0,0,5,4,0,2,0,0,0,1,6,0,5,1,1,2,0,0,13,27,0,0,6,0,1,0,0,1,0,0,4,3,0,1,0,0,0,0,0,0,0,0,0,0,0,2,0,0,1,0,0,0,0,1,0,0,0,0,0,2,2,19,0,0,0,2,0,0,0,3,1,0,0,1,0,0,0,0,0,0,0,0,0,2,0,0,0,0,0,0,0,0,0,0,0,0,1,0,1,0,0,1,1,0,0,0,0,1,1,0,0,0,0,0,2,0,2,0,0,0,0,0,0,0,0,6,5,0,8,0,1,0,0,0,0,0,0,0,2,1,0,0,0,0,0,0,0,0,0,0,0,0,0,0,0,0,0,4,0,3,0,1,0,1,1,0,0,1,3,2,0,1,0,0,0,0,0,14,17,0,0,0,0,5,0,0,0,1,1,0,0,0,0,20,0,0,0,4,0,2,0,0,21,0,0,0,1,2,0,0,0,0,0,0,0,2,0,0,0,0,0,0,0,0,0,2,0,1,0,0,0,0,2,0,4,1,0,0,1,0,7,2,0,0,0,0,3,1,7,0,1,0,89,1,8,2,2,13,5,3,3,0,0,1,3,0,0,0,0,0,0,6,6,14,1,1,0,0,0,0,1,2,0,1,0,1,7,0,0,0,0,0,2,5,0,3,2,0,0,0,2,0,0,5,0,0,0,0,0,0,0,0,0,0,0,1,2,0,2,2,0,1,0,0,0,0
178,1945,ESCOLA MUNICIPAL CAMPO MOURÃO,"RUA ACYR SANTOS, 14",VILA IZABEL,-25.459816,-49.2988024,28,0,1762,1307,84,51,0,1,0,5,8,0,0,3,4,0,1,0,1,11,0,11,1,5,0,2,1,2,9,0,1,1,0,0,0,1,0,0,0,0,0,0,0,1,5,0,3,2,1,0,1,0,0,2,2,0,0,0,1,0,0,0,1,4,0,2,0,32,0,2,5,3,0,1,0,2,0,4,2,0,11,0,0,3,3,3,0,4,1,0,0,4,0,0,0,0,0,3,0,2,0,0,1,1,0,1,8,0,2,0,2,18,2,0,0,3,0,2,0,0,10,0,0,0,0,2,0,3,0,0,2,0,0,0,0,0,0,0,6,0,9,0,4,0,6,2,0,0,0,5,0,8,2,7,18,6,5,0,0,2,3,14,10,0,0,0,1,0,3,11,7,1,1,6,1,4,18,0,0,2,1,0,0,0,1,0,0,0,0,0,0,6,0,0,0,2,0,1,1,0,0,0,4,5,0,1,1,0,0,0,0,2,0,0,1,0,0,0,0,0,0,0,0,0,0,1,0,0,0,0,0,0,30,0,0,1,0,7,4,0,0,0,4,0,0,4,6,0,5,6,0,0,0,0,0,0,0,0,0,7,6,0,0,1,5,0,3,4,2,2,12,2,5,0,0,0,3,1,0,0,0,0,10,1,2,2,2,0,0,0,1,0,2,0,0,1,0,3,3,0,0,12,0,0,11,1,0,3,0,0,0,0,1,0,0,0,2,0,0,2,2,1,0,0,0,0,3,0,0,0,0,0,0,0,1,0,3,0,0,0,0,0,0,0,0,0,0,0,0,0,0,0,0,6,0,0,0,0,0,0,0,2,0,0,0,0,0,1,0,0,0,0,0,0,0,0,0,0,0,0,0,0,0,0,1,0,0,0,0,0,0,0,0,0,0,1,0,1,0,0,0,0,0,0,1,0,0,0,1,0,0,0,0,0,0,0,0,0,0,0,0,0,0,0,2,0,0,5,0,0,1,0,0,3,0,0,0,25,0,0,0,0,2,3,0,10,0,2,0,0,6,0,0,4,0,1,2,0,21,49,1,1,0,0,0,0,0,2,0,2,3,0,1,1,0,0,0,0,0,0,0,1,0,0,0,0,1,0,0,1,0,0,0,0,0,0,0,2,0,1,0,21,4,0,0,0,0,0,1,0,8,0,0,1,0,2,2,0,0,0,0,7,0,4,0,0,0,2,0,0,0,0,0,0,4,1,2,0,2,1,0,1,4,0,0,0,0,0,0,0,0,0,0,0,0,1,0,0,0,0,0,0,0,0,1,5,5,0,0,0,9,1,2,2,1,2,0,0,0,3,0,0,0,0,0,0,0,2,1,0,1,0,0,0,0,0,0,4,1,2,0,1,0,6,0,1,3,0,0,3,0,0,0,0,0,0,0,24,12,0,0,0,1,9,0,0,0,2,0,0,0,0,1,12,0,0,0,0,0,6,0,0,19,0,0,1,3,0,0,0,0,0,0,1,11,0,0,0,0,0,0,0,0,1,0,0,0,1,0,0,1,0,1,0,6,3,0,0,0,0,12,3,0,0,0,0,1,0,3,3,0,0,4,2,1,1,4,0,17,2,2,1,0,0,11,0,0,0,0,0,1,2,15,4,7,7,5,0,1,5,3,0,0,1,0,2,5,0,0,1,0,0,0,0,0,17,0,0,0,0,0,0,2,0,0,0,0,0,1,0,0,0,0,0,0,0,0,2,3,2,0,0,0,0,0,0
178,1961,COLÉGIO ESTADUAL PADRE SILVESTRE KANDORA,RUA PROFESSORA MARIA HELENE KRUZIELSKI BREDOW   26,SÃO BRAZ,-25.41994,-49.34681,60,0,3935,2806,249,147,0,3,3,5,13,2,0,0,4,0,0,1,1,6,2,15,0,6,0,12,1,8,31,0,0,4,0,1,2,0,0,0,4,2,1,0,0,1,31,0,1,0,3,0,2,0,1,5,6,7,0,1,0,1,0,15,1,0,0,1,1,42,0,13,473,1,4,0,1,2,7,1,12,0,8,0,2,0,0,3,0,4,24,0,1,1,0,0,0,0,0,4,0,2,0,0,0,0,1,7,9,0,3,2,0,9,0,0,0,10,1,1,0,0,13,0,0,0,0,3,0,1,1,3,3,0,0,1,1,0,0,0,2,1,1,0,9,3,4,3,1,0,0,4,0,6,0,14,11,20,8,0,0,1,14,20,2,1,0,0,0,0,5,12,2,1,0,8,0,9,17,0,0,2,0,0,1,2,0,1,0,0,0,0,0,3,0,0,1,3,0,0,0,1,3,0,9,0,0,0,0,0,0,49,0,0,1,0,1,0,0,0,0,0,0,1,1,1,0,0,1,0,1,0,0,0,23,0,0,0,0,6,3,1,0,0,0,0,0,8,6,6,3,11,0,4,1,0,0,0,1,0,0,2,35,0,0,1,1,0,3,0,3,0,7,2,9,1,0,0,15,0,3,3,0,0,5,1,6,4,1,0,2,0,3,1,1,1,1,7,0,8,18,1,1,16,1,3,15,1,1,0,0,0,0,0,0,10,0,0,0,0,0,0,0,1,0,0,0,7,3,0,2,1,0,0,0,0,0,5,7,0,1,0,4,0,0,0,0,0,0,0,1,0,0,2,10,66,0,0,0,0,0,0,0,6,0,0,1,0,0,0,0,0,4,0,3,0,0,0,0,1,0,0,2,0,0,0,1,0,1,1,2,0,0,0,0,1,0,0,0,0,0,0,0,1,0,0,1,1,0,0,0,0,0,2,0,2,0,4,0,0,0,0,0,0,0,0,0,0,10,3,1,0,2,0,0,0,0,0,0,16,5,2,0,1,3,15,0,1,0,2,0,0,4,0,0,0,0,1,0,0,10,29,0,0,3,0,1,1,0,0,0,2,4,0,0,1,0,0,1,0,0,0,0,3,0,0,0,3,0,0,0,3,0,0,0,1,0,0,0,1,1,0,0,21,5,0,0,0,0,0,0,8,11,0,0,0,0,0,0,0,0,0,4,0,0,11,0,0,0,0,0,2,2,0,0,1,0,0,6,0,2,0,1,0,3,0,0,0,0,0,0,0,0,0,0,0,1,0,6,0,0,0,0,0,0,1,0,1,6,0,4,0,3,1,3,0,1,0,3,0,2,0,0,0,0,0,0,0,0,2,0,0,1,2,0,0,0,1,0,0,1,5,0,0,0,4,0,1,2,3,3,5,1,1,0,0,0,0,0,35,25,2,0,0,0,35,0,0,1,0,0,0,5,0,0,26,1,0,0,2,0,2,0,0,23,0,0,0,0,8,0,0,0,0,1,0,5,2,0,4,0,1,0,0,0,9,1,1,0,1,0,0,0,0,0,0,15,0,0,0,0,0,16,1,0,0,0,0,6,0,12,2,0,1,172,0,6,1,5,10,11,12,1,1,0,0,2,2,0,0,1,0,0,6,9,12,3,1,3,0,0,1,2,8,1,1,0,3,9,0,0,0,0,3,5,3,0,4,0,0,0,2,7,0,1,22,0,0,0,0,0,0,0,0,0,1,0,0,2,3,2,9,0,0,0,0,0,0
178,1970,COLÉGIO ESTADUAL PROFESSOR OLAVO DEL CLARO,"RUA CLARA FILLA, 282",SÃO BRAZ,-25.41555888,-49.36101334,60,0,2623,1906,185,84,0,3,6,2,15,1,1,0,4,0,1,0,2,3,0,10,0,9,0,9,1,1,14,0,1,0,0,0,0,0,0,0,2,0,1,0,0,0,12,0,1,0,1,0,9,0,0,0,0,6,0,0,1,0,0,6,0,1,0,0,9,32,0,10,261,1,8,0,0,6,0,4,6,0,12,0,0,0,1,19,0,4,9,0,1,0,0,0,1,0,0,1,0,0,0,0,0,0,0,0,4,2,5,0,0,0,0,0,0,3,1,0,0,0,11,0,0,0,0,0,0,1,0,2,6,0,0,0,0,1,0,0,1,0,3,0,6,0,2,0,2,0,0,1,0,1,0,3,3,3,1,0,3,2,3,9,3,0,0,1,0,2,8,2,5,0,0,5,0,8,7,0,0,2,0,0,0,2,1,0,0,0,0,0,0,2,0,0,0,1,0,1,0,0,3,1,0,0,0,0,0,0,0,2,0,0,0,0,0,0,0,0,3,0,1,1,0,1,0,0,0,0,0,0,0,0,15,0,0,0,0,8,1,0,0,0,0,0,0,9,2,6,0,2,0,1,0,0,1,0,0,0,0,0,16,0,0,0,3,1,1,0,2,0,8,0,15,0,0,0,18,0,4,3,2,0,6,1,2,11,0,0,2,0,6,0,0,0,0,0,0,1,8,0,0,16,1,0,3,0,1,2,0,0,0,0,0,1,1,2,0,0,0,0,1,3,0,0,1,3,3,0,0,0,2,1,0,0,0,0,6,0,0,0,2,0,0,0,0,0,0,0,1,0,2,0,0,67,0,0,0,0,0,0,0,3,0,0,0,0,0,0,0,0,1,0,0,2,0,0,1,0,0,0,2,0,0,0,0,0,0,1,0,0,0,0,0,0,1,0,0,0,0,0,0,9,0,0,0,1,0,0,1,0,4,1,0,0,0,0,0,0,0,0,0,0,0,0,0,2,4,3,44,0,0,0,0,1,0,0,0,9,10,0,1,1,16,3,0,0,0,3,2,0,5,2,2,1,1,0,0,0,11,26,0,0,1,0,0,0,0,2,0,1,2,0,0,0,0,0,0,0,0,0,0,0,0,0,0,8,0,0,0,0,0,0,0,0,0,0,0,0,0,0,0,8,1,0,0,0,0,0,0,1,5,0,0,1,0,1,0,0,0,0,2,1,0,0,0,1,0,0,0,0,0,0,0,0,0,0,0,1,0,0,0,0,0,0,0,1,0,1,2,0,0,0,1,0,3,2,1,1,0,0,0,1,0,3,0,6,4,0,2,0,1,0,2,0,0,0,0,0,2,0,0,0,0,0,0,0,0,0,0,0,0,2,0,0,0,0,1,0,1,6,0,2,0,5,0,0,0,1,6,0,0,1,1,0,0,0,0,22,26,0,0,0,0,18,0,0,0,0,0,0,0,0,1,29,0,0,0,1,0,0,0,0,23,0,0,1,0,1,0,0,0,0,0,1,3,1,0,2,0,0,1,0,0,0,0,0,0,0,0,0,0,0,0,0,3,0,0,0,0,0,7,2,0,0,0,0,1,0,6,0,0,0,97,0,7,1,4,0,2,8,6,2,0,0,2,4,0,0,0,0,0,1,8,37,2,3,3,1,0,0,0,1,0,1,0,1,4,0,0,3,0,0,1,0,0,8,0,0,0,2,4,0,2,74,1,0,0,0,0,0,0,0,0,3,0,0,0,0,1,2,0,0,0,0,0,0
178,1988,COLÉGIO MARISTA PARANAENSE,AVENIDA BISPO DOM JOSE 2674,SEMINÁRIO,-25.44782,-49.2978255,29,0,6002,4316,204,148,0,5,6,8,45,3,0,1,17,0,0,0,1,26,2,43,1,18,3,8,6,8,33,0,3,6,0,0,0,2,0,0,6,0,2,0,0,8,7,0,17,8,4,0,2,0,1,5,0,0,1,0,2,0,0,3,6,11,0,1,0,61,0,19,43,7,3,0,0,14,1,11,6,0,155,2,0,1,0,1,0,3,1,0,1,2,0,0,0,10,1,3,1,4,4,0,1,2,2,7,30,0,4,2,1,77,1,0,2,10,2,4,0,0,63,0,1,0,0,1,1,7,1,0,6,1,0,0,0,0,0,1,5,0,43,1,9,1,10,1,9,0,1,3,1,11,0,23,40,18,19,0,0,7,13,36,12,0,0,3,2,0,5,22,14,6,0,26,0,8,91,0,0,0,1,5,1,0,1,3,0,4,0,0,0,3,0,0,0,9,3,3,0,3,4,0,11,15,0,7,1,0,2,1,0,1,3,0,2,0,0,0,0,0,1,0,2,0,1,2,0,0,0,0,0,0,85,0,0,0,1,4,6,1,1,0,3,2,0,27,22,2,29,11,1,8,0,0,1,0,0,0,1,40,16,0,0,0,4,2,1,7,11,0,57,0,7,0,4,0,14,0,1,2,2,2,45,2,5,8,2,1,2,0,12,0,7,1,1,3,3,38,49,0,0,53,2,1,35,5,1,9,0,0,5,0,2,3,1,2,3,0,0,3,3,1,0,0,0,1,1,1,0,1,0,1,0,1,1,0,5,0,0,0,1,0,0,0,0,0,0,0,0,0,0,0,0,14,0,0,0,0,0,0,1,3,0,0,5,0,1,2,0,0,0,0,0,0,0,0,1,0,0,0,0,0,0,0,1,0,1,0,0,0,0,0,0,0,0,0,0,1,0,0,0,0,0,0,1,0,0,0,1,2,0,0,0,0,1,1,0,0,0,2,0,0,1,0,0,1,1,5,0,1,2,0,0,3,0,0,0,108,0,0,0,7,0,40,0,15,0,4,1,1,16,0,0,4,5,5,0,0,68,177,6,0,3,0,4,1,2,5,0,7,9,8,0,0,0,0,0,0,0,0,0,3,2,0,0,1,0,1,0,11,1,0,0,1,0,0,0,6,3,0,1,87,9,5,0,2,0,1,0,1,16,1,0,0,0,0,1,0,2,0,0,16,0,8,0,1,0,2,0,1,1,0,0,0,11,0,3,0,0,0,7,1,5,0,0,4,0,0,0,0,0,0,2,0,0,2,4,0,4,0,0,0,0,2,5,16,21,1,0,0,13,0,1,1,0,2,8,0,0,0,0,0,0,0,1,0,0,6,1,0,3,2,1,0,0,0,0,17,2,2,0,1,0,29,1,4,2,9,2,2,1,0,0,1,0,0,0,49,86,14,0,0,0,40,0,0,0,8,0,0,2,1,5,27,0,0,0,2,0,72,0,1,104,0,1,0,0,1,0,5,0,0,0,0,15,3,1,1,0,1,1,0,0,1,0,0,0,1,3,0,1,1,1,0,21,1,0,1,0,0,34,2,0,0,1,0,0,0,8,5,3,1,29,7,2,1,4,3,40,3,4,6,1,0,14,3,2,0,0,0,0,3,92,4,7,5,13,0,4,5,3,24,2,1,1,9,9,1,0,0,1,0,5,0,1,30,4,0,0,2,0,0,6,0,0,0,0,0,0,0,0,0,1,2,0,0,3,0,9,1,0,2,2,0,1,0
178,1996,ESCOLA ESTADUAL RIO BRANCO,AVENIDA BISPO DOM JOSE  2426,SEMINÁRIO,-25.4457152,-49.2956519,29,0,2330,1710,85,52,0,2,2,0,10,2,0,3,7,0,1,0,0,9,0,17,0,6,0,3,0,3,8,1,0,2,1,0,0,0,1,0,7,0,0,1,0,3,0,0,6,1,0,0,1,0,0,3,0,0,0,0,7,0,1,0,1,5,0,0,0,16,0,5,23,0,2,0,0,5,1,2,10,0,48,5,0,1,0,0,0,0,1,0,0,1,0,0,0,2,0,1,0,2,2,0,0,0,1,4,10,0,4,0,0,30,0,0,0,7,3,2,0,0,10,0,0,1,0,1,0,1,0,0,0,1,0,0,1,0,0,0,1,0,16,0,3,0,5,1,1,1,0,3,1,15,1,5,11,6,8,0,0,1,4,12,7,0,0,1,0,1,2,4,4,0,0,11,0,3,35,0,0,1,0,0,2,0,0,2,1,0,0,0,0,4,0,0,0,1,3,1,0,0,2,0,13,9,0,3,0,0,1,1,0,0,4,0,2,0,0,0,0,0,0,0,0,0,0,0,0,0,0,0,0,0,24,0,0,0,0,2,2,0,0,0,1,0,0,6,16,2,20,5,0,0,0,0,1,0,0,4,0,28,8,0,0,0,3,0,0,1,3,0,21,0,2,1,7,0,3,0,0,0,0,0,13,0,5,2,0,4,2,0,6,0,3,0,2,2,0,2,19,0,0,20,4,1,10,2,0,2,0,0,1,0,0,1,0,1,0,0,0,1,2,0,0,0,0,2,1,0,0,1,0,1,0,0,2,0,5,0,0,0,1,0,0,0,2,0,0,1,0,0,0,0,0,8,0,0,0,0,0,0,0,0,0,0,0,0,0,2,0,0,0,0,0,1,0,0,0,0,0,0,1,0,0,0,0,0,0,1,0,0,0,0,1,0,0,0,0,0,0,0,0,0,0,0,1,0,0,0,1,0,0,0,0,0,0,1,0,0,0,0,0,0,0,0,0,0,2,1,0,0,2,0,0,0,0,0,0,42,0,0,0,4,0,18,0,1,0,2,0,0,6,1,0,0,0,0,0,0,41,56,4,0,1,0,1,1,1,3,0,1,1,1,0,0,0,0,0,0,0,0,0,0,4,0,0,2,0,0,0,1,0,0,0,0,0,0,0,2,0,0,2,23,4,2,2,1,0,0,0,1,9,0,1,0,0,0,0,1,0,0,0,10,0,1,0,0,0,1,0,0,0,0,0,2,1,0,1,1,1,0,0,0,0,0,0,3,0,0,0,0,0,0,0,0,1,0,1,0,2,0,0,0,0,2,3,11,8,0,0,0,5,0,3,0,0,1,0,0,0,0,0,1,0,0,0,0,0,2,1,0,1,0,0,1,0,0,0,9,0,4,0,1,0,9,0,1,0,7,2,0,1,1,0,1,0,0,0,25,54,3,0,0,0,19,0,0,0,1,0,0,0,0,2,11,0,1,0,0,0,24,0,0,29,0,1,2,0,0,3,3,0,1,0,0,12,1,0,2,0,0,0,0,0,1,0,0,0,0,0,0,0,0,0,0,4,0,0,0,0,0,7,1,0,0,1,0,4,0,1,1,2,1,10,1,3,0,1,2,19,4,0,1,0,0,9,1,0,0,0,0,0,0,39,2,7,3,12,0,5,0,1,17,1,0,0,4,8,0,0,0,1,0,1,2,0,15,3,0,0,3,1,1,0,0,0,0,0,0,0,0,0,0,0,1,0,0,0,0,4,1,0,0,0,0,0,0
178,2011,ESCOLA MUNICIPAL CEI PEDRO DALLABONA,RUA VIRGINIA DALLABONA 456,ORLEANS,-25.4296141,-49.3563186,59,0,2546,1891,137,99,0,2,4,2,10,0,0,5,7,1,2,1,0,5,3,10,1,5,1,1,1,5,25,0,0,0,0,0,0,1,0,0,7,1,0,0,0,0,18,0,2,1,1,1,0,0,0,0,1,4,0,0,3,0,0,18,0,0,0,0,3,34,0,2,184,0,1,0,0,2,1,8,15,0,7,0,2,1,2,1,0,2,9,0,0,2,0,0,0,0,0,3,0,1,0,0,2,1,0,0,2,0,5,3,2,13,0,0,0,4,1,0,0,1,9,2,1,0,0,0,0,0,0,0,1,0,0,0,0,0,0,1,3,0,12,0,4,0,1,0,1,0,0,6,0,2,0,10,4,12,2,0,0,2,15,11,1,2,0,0,4,0,1,13,5,0,0,4,0,5,15,0,0,1,0,1,0,0,0,2,0,3,0,0,0,1,0,0,0,0,1,0,0,0,0,0,4,2,0,0,0,0,0,0,0,0,2,0,12,0,0,0,0,0,1,0,2,0,0,1,0,0,1,0,0,0,18,0,0,0,0,2,6,0,1,0,0,0,0,4,6,1,2,7,2,2,1,2,0,0,0,0,0,3,25,0,0,3,2,2,0,0,6,0,9,0,3,0,2,0,21,0,0,4,1,0,7,1,1,0,0,0,1,0,5,0,1,0,1,0,0,5,21,0,0,12,3,0,10,2,4,3,0,0,0,0,0,13,0,0,0,0,0,0,0,2,0,0,2,3,1,0,0,0,0,1,2,0,0,0,9,0,1,0,0,0,0,0,2,0,2,1,0,0,1,0,1,40,0,3,0,0,0,1,0,8,0,0,0,0,0,2,0,0,1,0,0,4,0,0,0,0,0,0,0,0,0,0,0,0,0,2,0,0,0,0,0,0,0,0,0,0,0,0,1,3,0,0,0,0,0,0,1,0,3,2,0,1,0,4,2,0,0,0,0,0,0,0,0,2,3,2,2,3,0,0,0,4,0,0,0,25,21,0,0,0,8,5,0,1,0,0,0,2,2,0,0,1,1,0,0,0,10,29,0,1,2,0,0,0,1,4,0,2,4,0,0,0,0,0,1,0,0,0,0,2,0,0,0,3,0,1,0,0,0,0,0,0,0,0,0,1,1,0,0,28,2,0,0,3,0,0,0,17,8,0,0,3,0,0,0,1,0,0,0,0,0,2,0,0,0,0,0,1,0,0,0,0,0,1,1,1,0,0,0,0,3,0,0,0,0,0,0,0,0,0,0,0,2,0,2,0,0,0,0,0,0,1,0,3,3,1,1,0,8,0,8,0,0,0,0,0,2,0,0,0,0,0,0,0,0,5,0,0,1,0,0,2,0,1,0,2,1,4,0,2,0,1,0,2,0,3,1,2,0,0,0,2,0,0,0,25,27,0,0,0,0,28,0,0,0,1,1,0,0,1,2,15,1,2,1,2,0,0,0,0,21,0,0,0,0,0,0,1,0,0,0,0,6,1,0,1,0,0,0,0,0,2,0,0,0,0,1,0,0,0,0,0,4,1,2,0,0,0,9,3,0,0,0,1,2,0,7,2,0,0,114,1,1,0,7,5,10,2,8,2,0,0,5,4,1,0,0,0,0,8,12,1,2,1,5,0,0,4,0,10,0,1,0,1,10,0,0,0,0,0,1,1,0,3,0,0,1,0,0,0,0,4,0,0,0,0,0,0,1,0,0,1,0,0,0,0,4,0,0,0,0,0,0,2
178,2020,ESCOLA MUNICIPAL CEI RAOUL WALLENBERG,"RUA HERMENEGILDO LUCA, CJ FERNAO DIAS   2400",BUTIATUVINHA,-25.41091467,-49.36148374,61,0,1633,1226,93,63,0,1,3,1,7,0,0,4,6,0,2,0,0,3,0,9,0,5,0,10,0,1,14,0,3,3,0,0,0,0,0,0,1,0,1,0,0,0,13,1,1,0,1,0,7,0,1,1,1,0,0,0,0,0,0,1,0,0,0,0,8,18,0,13,103,1,2,0,0,1,0,4,3,0,7,0,0,0,1,7,1,0,6,0,1,2,0,1,0,0,0,0,0,1,0,0,0,0,0,3,8,0,2,1,6,4,0,0,0,4,0,0,0,0,14,0,0,0,0,2,0,1,0,0,1,0,0,0,0,0,0,1,2,0,2,0,3,0,2,0,0,0,1,1,1,4,0,1,4,1,3,0,1,1,4,3,2,0,0,0,1,0,0,5,6,0,0,5,0,8,6,0,1,0,0,0,0,0,1,0,0,0,0,0,0,0,0,0,0,0,2,0,0,2,0,0,8,1,1,0,0,0,0,0,0,0,0,0,1,0,0,0,0,0,0,0,0,0,0,0,0,0,0,0,0,1,8,0,0,0,0,2,0,0,0,0,0,0,0,6,2,7,0,6,0,0,0,0,0,0,0,0,0,0,23,0,0,0,4,0,5,0,0,0,3,0,5,0,1,0,9,0,0,0,4,0,3,1,1,1,0,0,0,0,0,0,1,0,0,2,0,6,6,0,0,7,2,0,7,0,0,0,0,0,1,0,0,0,0,0,0,0,0,0,1,1,0,0,0,2,0,0,0,0,0,0,1,1,0,0,1,0,0,0,4,0,0,0,0,0,0,0,0,0,0,0,0,67,0,0,0,0,0,3,0,0,0,0,0,0,0,0,0,0,1,0,1,5,0,0,0,0,0,0,1,0,0,0,0,0,0,0,0,0,0,0,0,0,0,0,0,0,0,0,0,0,0,0,0,1,0,0,0,0,0,0,1,1,0,0,0,0,0,0,0,0,0,0,0,0,8,2,2,0,2,0,0,2,0,0,0,3,1,3,0,0,13,3,0,2,0,1,0,0,1,1,2,0,0,0,0,0,4,12,0,1,2,0,0,0,0,0,0,0,1,0,0,0,0,0,1,0,0,0,0,0,0,0,0,0,0,0,0,2,0,0,0,0,0,0,0,1,0,0,0,11,4,0,0,0,0,0,0,3,6,0,0,2,0,0,0,0,1,0,0,0,0,2,0,1,0,1,0,0,0,0,0,0,3,0,2,0,0,0,0,0,1,0,0,0,0,0,0,0,0,0,1,0,2,0,0,1,0,0,0,0,0,0,0,3,3,0,1,0,1,0,1,0,0,1,0,0,0,0,0,0,1,0,0,0,0,1,0,0,0,0,0,0,0,1,0,3,0,2,0,0,0,0,0,0,0,0,2,0,1,2,1,0,0,0,0,10,13,1,0,0,0,6,0,0,0,0,0,0,0,0,0,10,0,0,0,0,0,1,2,0,10,0,0,0,1,0,0,0,0,0,0,0,2,0,0,6,0,0,0,0,0,0,1,4,0,2,0,0,0,0,1,0,0,1,0,0,0,0,2,1,0,0,0,0,0,0,1,0,0,0,122,4,1,0,0,10,4,2,1,0,0,0,8,0,0,0,0,0,0,5,7,32,0,0,0,0,0,0,0,1,0,0,0,0,4,0,0,0,0,0,1,3,0,6,0,0,0,4,0,0,0,11,0,0,0,0,0,0,0,1,0,0,1,0,0,0,1,3,0,0,0,0,0,0
178,2046,ESCOLA ESTADUAL HELENA DIONYSIO,RUA FRANCISCO JUGLAIR  94,MOSSUNGUE,-25.4383667,-49.3331773,45,0,2003,1454,73,53,0,1,0,3,18,1,0,2,9,0,0,0,0,11,2,9,0,7,0,3,1,3,13,1,1,1,0,1,0,2,1,0,3,0,0,0,0,4,6,0,10,0,3,1,0,0,0,3,1,2,0,0,4,0,2,3,0,1,0,0,0,24,0,0,24,4,3,0,0,4,0,0,4,0,34,1,3,0,1,0,0,0,1,0,0,4,0,0,1,0,0,0,2,1,0,0,0,0,0,1,5,0,1,0,2,33,3,0,0,3,0,2,0,0,8,0,0,0,0,0,0,1,0,0,1,0,0,2,1,0,0,2,2,1,7,0,4,0,4,2,0,0,0,0,1,2,1,9,14,5,5,0,0,0,7,8,5,0,0,0,0,0,1,10,3,2,0,12,1,2,37,0,0,0,0,0,0,0,0,0,0,0,0,0,0,4,0,0,1,0,0,0,1,0,0,0,5,9,0,4,0,1,0,0,0,0,0,0,5,0,0,0,1,0,1,0,0,0,0,0,0,0,0,0,0,0,20,0,0,1,1,2,0,1,0,0,0,0,0,9,14,1,3,6,0,1,2,0,0,0,0,0,0,9,14,0,0,0,2,4,1,3,3,0,25,0,4,1,0,0,7,0,1,0,0,0,11,1,0,1,0,2,0,0,6,0,6,0,0,0,2,4,10,0,1,21,2,0,14,4,1,1,0,0,1,0,0,4,0,0,1,0,0,3,0,0,0,0,1,0,0,0,0,0,0,0,0,1,0,0,1,0,0,0,0,0,0,0,0,1,0,0,0,0,0,0,0,15,0,0,0,0,0,0,0,5,0,0,0,0,0,0,0,0,0,0,0,0,0,0,0,0,0,0,1,0,0,0,0,0,0,0,0,0,0,0,0,0,0,0,0,0,0,0,0,0,0,0,0,0,0,0,0,0,0,0,0,0,0,1,0,0,0,1,0,0,0,0,0,0,0,1,0,0,0,0,2,2,0,1,0,41,3,0,0,6,0,11,1,6,0,3,1,2,4,0,0,1,0,0,1,0,27,49,0,0,0,0,1,0,0,5,0,10,7,2,0,0,0,0,0,0,0,0,0,0,0,0,0,6,0,0,0,3,1,0,0,0,0,0,0,1,0,0,0,38,10,1,0,0,1,0,0,3,6,0,0,1,0,0,0,1,0,1,0,6,0,3,0,0,0,0,0,0,0,0,0,0,0,0,1,0,0,0,0,0,0,0,0,1,0,0,0,0,0,0,0,0,0,0,0,0,1,0,0,1,0,0,0,9,2,0,0,0,3,0,0,0,0,3,1,0,0,0,0,0,0,0,0,0,0,0,1,0,0,2,0,0,0,0,0,1,0,2,1,0,0,7,0,4,2,3,0,0,0,0,0,0,0,0,0,13,35,6,0,1,0,10,0,0,0,1,0,0,0,0,1,12,0,2,0,0,0,8,0,0,11,0,0,0,0,0,0,2,0,0,0,0,3,0,0,0,1,0,0,0,0,0,0,0,0,0,0,0,1,1,0,0,1,1,0,0,0,0,11,0,0,0,0,0,0,0,5,3,5,0,31,3,0,0,0,2,10,1,4,1,0,1,2,0,0,0,0,0,0,0,31,1,2,1,10,0,1,0,0,2,0,3,0,0,4,0,0,0,0,0,7,0,0,7,1,0,0,2,3,0,2,0,0,0,0,0,0,0,0,0,0,1,0,0,1,0,2,0,0,0,0,0,0,0
178,2054,ESCOLA ESTADUAL DOM ORIONE ( ANTIGA ESC. EST.  NILSON BATISTA RIBAS),RUA JAIME VEIGA 472,SEMINÁRIO,-25.4522023,-49.310843,29,0,1172,866,55,32,0,1,0,1,3,0,2,1,3,0,0,0,0,1,0,8,0,3,1,4,0,0,8,0,0,3,0,0,0,0,0,0,1,0,1,0,0,1,1,0,3,0,0,0,0,0,0,1,1,0,0,0,1,0,0,0,5,0,0,0,0,13,0,4,14,2,0,1,0,1,0,4,1,0,33,1,0,0,1,0,1,1,1,0,0,0,0,0,0,0,2,0,0,3,1,0,0,0,0,0,8,0,0,0,0,14,0,0,0,0,1,1,0,0,7,0,0,0,1,0,0,0,0,0,1,0,0,0,0,0,0,0,1,0,3,0,2,0,1,0,0,0,0,1,1,3,0,1,4,0,10,1,0,0,1,5,0,0,0,0,5,0,1,3,3,1,0,5,0,0,13,0,1,0,0,0,0,0,0,0,0,1,0,0,0,4,0,0,1,5,0,2,0,0,0,0,6,1,0,0,0,0,0,0,0,0,2,0,1,0,0,0,0,0,0,0,0,0,0,0,0,0,0,0,0,0,7,0,0,0,0,0,1,0,0,0,0,0,0,5,5,3,27,3,0,2,0,0,1,0,0,0,0,8,8,0,0,0,2,0,0,0,2,0,17,1,6,0,0,0,1,1,0,0,0,0,14,0,1,1,0,2,0,0,5,1,2,1,0,2,0,3,16,0,0,11,0,0,6,1,1,0,0,0,1,0,0,0,2,1,2,0,0,3,2,1,0,0,0,0,2,0,0,1,0,0,0,0,1,0,0,0,0,0,0,0,0,0,0,0,2,0,0,3,0,0,0,0,0,0,0,0,0,0,0,1,0,0,1,0,0,0,0,0,0,0,0,0,0,1,0,0,0,0,0,0,0,0,0,0,0,0,0,0,0,0,0,0,0,0,0,0,0,0,0,1,0,0,0,0,0,0,0,0,0,0,0,0,0,0,0,0,0,0,0,0,0,0,0,0,0,0,0,0,0,0,0,0,0,0,0,16,0,0,0,2,1,4,0,2,0,0,1,0,6,0,1,0,0,0,0,0,14,15,4,0,0,0,1,0,0,1,0,2,2,1,0,0,0,1,0,0,0,0,0,1,0,0,0,4,0,0,1,3,0,0,0,0,0,1,0,1,0,0,0,16,3,0,0,0,0,0,0,0,1,0,0,0,0,0,0,1,0,0,0,0,0,3,0,0,0,0,0,0,0,0,0,0,5,1,0,0,0,0,1,0,1,0,0,1,0,0,0,0,0,0,0,0,0,0,2,0,0,0,0,0,0,5,0,6,2,1,0,0,0,0,1,0,0,0,2,0,0,1,0,0,0,0,0,0,0,0,0,0,0,0,1,1,0,0,0,3,0,0,0,1,0,7,0,1,1,1,0,0,0,0,0,0,0,0,0,7,17,1,0,0,0,7,0,0,0,0,1,0,0,1,0,10,0,0,0,0,0,23,0,0,10,0,0,0,0,0,2,0,0,0,0,0,4,1,0,0,0,0,0,0,0,1,0,0,0,0,0,0,0,0,1,0,3,1,0,0,0,1,7,1,0,0,1,0,2,0,1,0,0,0,2,1,1,0,7,0,8,2,0,0,1,0,0,1,0,0,0,0,1,0,25,1,1,2,6,0,0,0,0,2,1,0,0,1,1,0,0,0,0,0,1,0,0,2,0,0,0,0,0,0,0,0,0,1,0,0,0,0,0,0,0,0,0,0,1,0,1,0,0,0,0,0,0,0
178,2062,FACULDADE PARANAENSE - FAPAR,"ALAMEDA DOM PEDRO II, 432",BATEL,-25.4391433,-49.2852161,10,0,2332,1594,100,51,0,1,1,4,11,0,2,2,4,0,0,0,0,10,0,13,0,7,0,0,2,2,11,0,2,0,0,0,0,1,0,0,3,0,2,0,0,2,0,0,15,0,0,0,2,0,0,0,2,0,0,0,2,0,0,1,2,7,0,0,0,26,0,5,16,3,1,0,0,1,1,3,0,0,42,0,0,0,1,0,1,2,1,0,1,0,0,0,1,0,2,0,0,5,1,0,0,1,0,1,3,0,0,1,0,35,0,0,0,4,1,1,0,0,4,0,0,0,0,1,2,1,1,0,0,0,0,0,3,0,0,2,6,2,23,1,5,0,8,0,2,0,1,0,0,9,0,8,15,2,9,0,0,2,6,16,5,0,0,0,1,0,0,8,2,1,0,11,0,5,39,0,0,1,1,0,0,0,0,3,0,0,0,0,0,6,0,0,0,3,0,0,1,0,6,0,2,6,0,4,0,0,0,0,0,1,0,0,0,0,0,0,1,0,0,0,0,0,0,0,0,0,0,0,0,0,24,0,0,0,0,1,0,0,0,0,1,0,4,6,8,1,2,5,0,1,1,0,0,0,0,0,0,23,12,0,0,1,5,0,1,0,7,0,18,0,11,0,1,0,3,0,0,1,0,0,7,2,2,2,0,1,1,0,2,0,2,0,0,6,0,5,24,0,1,22,1,0,10,0,2,2,0,0,0,0,0,1,0,0,0,0,0,2,0,0,0,0,0,0,0,0,0,0,0,1,3,0,0,0,5,0,0,0,0,0,0,0,0,0,1,2,0,0,1,0,0,4,0,0,0,0,0,0,1,0,0,0,0,0,0,1,0,0,1,0,0,0,0,0,0,0,1,0,0,0,1,0,0,0,0,0,0,0,0,0,0,0,0,0,0,0,0,0,0,0,0,0,0,0,0,0,0,0,0,1,0,0,0,0,0,0,0,0,0,0,0,0,0,0,0,4,0,0,0,0,1,0,0,0,0,56,0,0,0,0,0,17,0,4,0,0,0,0,10,0,2,1,0,1,0,0,31,57,2,0,2,0,3,1,0,3,0,3,9,9,0,0,0,0,0,0,0,0,0,2,0,0,0,1,0,1,0,4,0,0,0,0,0,0,0,0,0,0,0,31,4,3,0,0,0,1,2,0,10,0,1,0,0,0,0,0,0,0,0,0,0,5,0,0,0,0,0,0,0,0,1,0,3,2,3,0,0,0,2,3,2,0,0,1,0,0,0,0,0,0,0,0,6,2,3,0,0,0,0,0,0,0,0,11,12,0,0,0,7,0,0,1,0,1,0,0,0,0,0,0,0,0,0,0,0,0,0,0,0,0,1,1,0,0,0,9,2,0,0,0,0,14,0,2,2,9,1,0,1,0,0,2,0,0,2,18,31,1,0,1,0,7,0,0,0,5,0,0,0,1,1,6,0,1,0,0,0,2,0,0,24,0,0,0,0,1,0,1,0,0,0,1,7,2,0,1,0,0,0,0,0,1,0,0,0,0,0,0,2,0,1,0,7,2,0,0,0,0,15,1,0,0,0,4,1,1,2,0,1,0,14,1,0,1,2,0,12,4,2,1,0,0,9,0,0,0,1,0,1,0,31,0,1,2,10,0,0,1,3,10,1,0,0,3,6,0,0,0,0,0,6,0,0,13,1,0,0,1,0,0,2,0,0,0,0,0,0,0,0,0,1,2,0,0,0,0,2,0,0,1,0,0,0,0
178,2070,ESCOLA MUNICIPAL CEI PROFESSOR JÚLIO MOREIRA,RUA ALEXANDRE MARKOSKI   82,SÃO BRAZ,-25.41806,-49.34294,60,0,3121,2303,178,119,0,3,4,3,12,4,0,5,6,0,8,1,0,1,2,15,1,9,0,19,1,2,22,1,3,7,0,1,0,0,0,0,0,0,0,0,0,0,31,3,0,1,2,0,3,0,1,0,0,0,0,1,0,0,0,4,0,3,0,2,4,34,0,11,231,1,4,0,0,4,7,5,10,0,8,0,5,2,1,0,0,2,36,0,0,0,0,0,2,2,0,0,0,3,0,0,0,0,2,2,13,1,2,0,0,5,0,0,0,2,0,0,1,0,8,0,0,0,1,3,0,0,0,2,1,0,0,0,0,0,0,0,2,2,5,0,7,0,3,1,1,0,1,2,0,2,1,2,6,22,5,0,0,1,5,5,1,2,0,2,2,0,2,24,0,0,0,2,0,17,7,0,0,1,0,3,0,2,0,0,0,1,0,0,1,0,0,0,0,0,0,0,0,1,4,1,4,0,0,0,1,0,0,110,0,0,0,0,3,2,0,0,0,0,3,0,1,0,0,0,0,1,0,0,0,0,13,3,0,0,0,3,1,0,0,0,0,0,0,7,3,12,0,3,0,2,0,0,0,1,0,0,0,4,32,0,0,0,3,0,4,1,4,0,5,0,8,2,0,0,19,0,2,6,2,0,10,0,13,0,0,0,0,0,3,1,2,3,0,0,0,2,19,1,0,9,5,0,6,0,1,4,0,0,2,0,0,10,0,0,0,0,0,1,1,6,0,0,0,6,0,0,0,0,0,1,1,0,0,2,4,0,1,0,1,0,0,0,2,1,0,0,1,0,2,0,20,60,1,0,0,0,0,2,0,1,0,0,0,0,0,0,0,0,1,0,5,0,0,0,0,2,0,0,0,0,0,0,0,0,0,0,0,0,0,3,0,0,1,2,0,0,0,0,0,3,0,0,0,0,0,0,0,0,0,0,0,3,0,1,0,0,0,0,0,0,0,0,0,0,3,2,2,0,0,0,0,3,0,0,0,12,10,2,0,0,3,4,0,2,0,0,0,0,4,2,5,0,1,1,0,0,6,22,1,0,2,0,1,2,0,0,0,0,0,0,0,0,0,0,0,0,0,0,0,0,0,0,0,4,0,0,0,6,0,0,0,0,0,1,0,1,0,1,0,16,0,0,0,0,0,0,1,0,6,0,0,0,1,0,1,0,1,0,1,0,0,3,0,0,0,0,0,1,0,0,0,0,0,0,3,0,0,0,0,1,2,0,0,0,0,2,1,0,0,0,0,0,4,0,6,0,2,0,0,0,0,1,0,3,5,0,4,0,3,1,10,0,0,0,2,0,5,0,1,0,0,0,0,0,0,1,1,0,1,0,0,1,0,0,0,3,0,1,0,0,0,4,0,1,1,2,2,0,1,0,1,0,0,0,0,18,48,0,0,0,0,27,0,0,1,0,0,0,7,0,0,29,6,0,1,0,0,2,0,0,15,0,0,0,0,11,0,0,0,0,0,0,2,0,0,13,0,0,0,0,0,0,0,0,0,1,0,0,1,0,5,0,9,1,0,0,2,0,10,1,0,0,0,0,3,0,5,1,0,0,247,1,1,0,6,7,4,4,2,0,2,0,7,0,0,0,0,0,0,1,7,3,6,0,0,0,1,1,0,4,1,2,2,0,5,0,0,0,0,0,4,1,0,7,0,0,0,1,0,0,0,9,0,0,1,0,0,0,0,0,0,0,0,0,2,0,1,0,4,0,0,0,0,0
178,2089,COLÉGIO BOM JESUS - SEMINÁRIO (ANTIGO NOVO ATENEU),AVENIDA NOSSA SENHORA APARECIDA 1468,SEMINÁRIO,-25.4478345,-49.3121452,29,0,2133,1505,94,50,0,2,2,5,17,1,0,1,6,1,0,0,0,11,1,16,0,5,2,1,1,3,9,0,3,1,1,0,0,0,0,0,1,0,0,1,0,3,1,0,8,0,0,0,0,0,0,4,0,1,0,0,2,0,0,0,2,0,0,0,0,29,0,2,23,1,1,0,0,7,1,3,5,0,39,4,0,0,3,1,0,0,0,0,0,0,0,0,0,0,0,0,0,4,0,0,0,0,0,4,12,1,2,0,0,28,0,0,0,5,2,2,0,0,17,0,0,0,0,1,0,0,0,1,4,0,0,0,0,0,0,0,2,0,11,0,6,0,6,1,0,0,0,0,0,5,0,8,14,2,3,1,0,1,6,9,4,2,0,3,2,0,3,6,2,2,0,4,0,5,24,0,0,1,0,0,0,0,0,0,0,1,0,0,0,5,0,0,0,4,2,3,0,0,0,0,14,1,0,1,0,0,0,1,0,0,0,0,1,0,0,0,1,0,0,0,1,0,0,0,0,0,0,0,0,0,27,0,0,0,0,0,1,1,0,0,1,0,0,6,11,0,11,4,0,4,0,0,0,0,0,0,0,9,5,0,0,0,3,0,0,0,8,0,10,3,2,1,0,0,5,1,0,0,0,0,11,0,1,2,1,0,0,0,2,0,1,0,0,1,6,13,18,0,0,20,1,0,11,4,0,1,0,0,2,0,0,3,1,0,0,0,0,4,0,1,0,0,0,0,0,0,0,0,0,4,0,0,1,0,3,0,0,0,0,0,0,0,0,0,0,0,0,0,0,0,0,7,0,0,0,0,0,0,2,1,0,0,1,0,0,1,0,0,0,0,0,0,0,0,0,0,0,0,0,0,0,1,0,0,0,0,0,0,0,0,0,0,0,0,0,0,0,0,0,0,0,0,0,0,0,0,0,1,0,0,0,1,0,2,1,0,0,0,0,0,0,0,0,0,0,2,0,0,1,0,0,2,0,0,0,45,0,0,0,11,2,22,1,4,0,2,0,0,8,0,0,1,0,1,0,1,19,62,2,0,1,0,3,0,0,2,0,0,3,3,0,0,0,0,0,1,1,0,0,0,2,0,0,3,0,0,0,2,0,0,0,0,0,0,0,4,0,0,0,17,9,0,0,0,0,1,0,0,3,0,0,0,0,0,1,0,0,0,0,5,0,5,0,0,0,2,0,0,1,0,0,0,3,0,0,0,0,0,1,0,1,0,0,0,0,0,1,0,0,0,0,1,1,2,0,0,0,0,0,0,0,7,0,6,7,1,0,0,5,0,3,0,0,1,1,0,0,1,0,0,0,0,0,0,0,1,0,0,0,0,1,0,0,0,0,1,0,1,0,0,0,0,2,0,1,6,2,0,0,0,2,0,0,0,0,18,35,4,0,0,0,8,0,0,1,5,1,0,0,0,0,6,0,0,0,0,0,70,0,0,29,0,0,0,0,0,0,0,0,0,0,0,7,2,0,0,1,0,0,0,0,0,0,1,0,1,0,0,0,0,2,0,5,1,0,1,0,0,10,0,0,0,0,0,0,0,0,0,0,0,8,2,1,1,8,0,6,4,2,1,0,1,5,0,0,0,1,0,0,5,17,0,0,2,5,0,0,1,0,5,0,0,0,9,3,0,0,0,0,0,4,1,0,13,1,0,0,1,1,0,1,0,0,0,0,0,0,1,0,0,0,0,0,0,0,0,1,0,1,0,0,1,0,1
178,2097,PARÓQUIA SANTA ISABEL,"RUA ULISSES VIEIRA, 621",VILA IZABEL,-25.4610314,-49.2964064,27,0,2641,1992,122,110,0,1,1,2,22,1,0,2,12,1,2,0,0,7,5,18,0,9,0,1,0,2,17,0,1,0,0,0,0,1,0,0,3,0,2,0,0,7,9,0,0,1,3,1,0,0,0,2,3,0,0,0,0,0,0,0,8,3,0,0,2,52,0,3,28,5,2,0,0,3,1,0,2,0,32,0,0,1,1,2,0,8,8,0,0,0,0,0,0,0,0,8,1,4,0,0,2,3,0,12,8,2,1,0,0,22,1,0,0,1,0,2,0,0,11,1,0,0,0,0,0,4,0,1,2,0,0,0,1,0,0,2,2,0,16,0,12,0,3,1,0,0,0,2,0,14,0,6,28,10,12,3,0,2,10,22,5,1,0,0,4,2,5,13,2,2,0,17,3,5,37,0,0,3,0,0,0,0,0,1,1,4,0,0,0,2,0,1,0,5,0,1,1,2,1,0,6,7,0,1,0,0,1,0,0,0,4,0,5,0,0,0,0,0,0,0,1,0,0,0,0,0,0,0,0,0,46,0,0,0,0,11,3,0,0,0,3,0,2,13,19,1,15,9,0,2,0,0,0,0,0,1,0,6,14,0,0,1,9,3,1,1,1,0,11,1,3,0,6,0,5,2,2,1,0,0,12,3,2,0,1,2,1,2,4,0,4,0,0,0,1,10,23,0,0,24,7,0,16,2,2,2,0,0,0,0,0,3,1,0,1,0,0,4,3,2,0,0,0,1,1,0,0,2,0,1,0,2,3,0,0,0,0,0,0,0,0,0,1,0,0,0,0,0,0,0,0,6,0,0,0,0,0,0,0,0,1,0,0,0,0,2,0,0,1,0,0,0,0,1,0,0,0,0,0,0,0,0,0,0,0,0,0,0,0,0,0,0,0,0,0,1,0,2,2,0,0,0,1,0,0,0,3,1,0,1,0,0,0,2,1,0,0,0,0,0,0,0,2,0,2,4,0,0,1,0,0,0,0,1,0,41,0,0,0,0,0,3,0,4,0,1,0,0,10,0,1,2,1,0,0,0,24,55,2,0,1,0,1,3,1,1,0,9,4,0,1,1,0,0,1,0,0,2,0,0,1,0,0,2,3,0,0,5,0,0,0,0,1,0,0,3,1,1,0,34,11,2,0,0,1,2,1,2,20,0,0,0,0,0,1,0,0,0,1,11,0,5,0,1,0,5,0,0,2,0,0,2,2,0,5,0,1,0,0,2,9,0,0,0,0,0,0,0,0,0,0,0,2,0,0,0,1,0,0,0,0,1,0,16,5,0,0,0,9,0,4,5,0,1,0,2,0,1,0,0,0,0,1,0,0,3,2,0,0,0,0,0,0,0,0,4,0,5,0,0,0,13,1,1,0,3,0,1,0,0,1,0,0,1,0,23,26,0,0,0,0,22,0,0,0,0,0,0,1,0,1,8,0,0,0,0,0,1,0,0,20,0,0,0,0,0,1,1,0,0,0,0,3,1,0,0,2,0,0,0,0,0,0,0,0,1,0,1,0,0,0,0,8,2,0,0,0,0,9,1,0,0,0,1,2,0,10,3,1,0,3,1,1,4,4,0,29,2,1,6,8,0,9,0,0,0,0,0,0,0,31,1,3,2,12,0,4,6,1,0,0,2,0,2,11,1,0,0,0,0,0,0,0,13,1,1,0,2,1,0,5,0,0,0,4,0,0,0,0,1,0,0,0,0,0,0,5,0,0,2,0,0,0,1
178,2100,INSTITUTO PARANAENSE DOS CEGOS,AVENIDA VISCONDE DE GUARAPUAVA   4186,BATEL,-25.4417162,-49.2814206,10,0,2000,1407,79,45,0,2,1,1,6,3,0,2,5,1,0,0,0,10,1,16,0,11,0,4,1,7,12,0,1,0,0,0,0,0,1,0,2,0,0,0,0,1,2,0,6,2,0,0,0,0,0,5,3,0,0,0,1,0,1,0,0,0,0,0,1,34,0,3,18,4,1,0,0,3,5,10,0,1,39,4,0,0,0,0,0,3,0,0,0,0,0,0,0,0,0,1,2,2,2,0,0,0,0,1,12,1,0,0,0,25,3,0,0,1,0,0,0,0,2,0,0,0,0,0,0,1,0,3,3,0,0,0,1,0,0,1,2,0,18,0,6,0,3,3,0,0,0,1,0,9,0,2,9,3,2,0,0,1,7,16,1,0,0,0,0,1,2,3,0,1,0,8,0,5,35,0,0,0,0,0,3,0,0,2,0,0,1,0,0,3,0,0,0,8,0,2,0,2,1,0,2,1,0,0,0,0,0,0,0,0,0,0,0,0,0,0,0,0,0,0,0,0,0,0,0,0,0,0,0,0,42,0,0,0,0,7,0,0,0,0,2,0,2,5,13,0,2,6,0,0,0,0,0,0,0,0,2,24,6,0,0,0,2,1,0,0,1,0,32,0,6,0,1,0,5,0,0,0,0,0,13,3,0,0,0,0,0,0,0,0,3,0,2,4,0,1,20,0,1,28,5,1,8,1,3,3,0,0,2,0,0,2,1,1,0,0,0,1,0,0,0,0,0,0,0,0,0,0,0,0,0,0,0,0,1,0,0,0,0,0,0,1,0,0,0,0,0,2,0,0,0,4,0,0,0,0,0,0,0,0,0,0,0,0,0,1,0,0,0,0,0,0,0,1,0,0,0,0,0,0,0,0,0,0,0,0,0,0,0,0,0,0,0,0,0,0,0,0,0,0,0,0,0,0,0,0,0,0,0,0,0,0,0,2,0,0,0,0,0,0,0,0,0,0,0,3,0,0,0,0,0,0,0,0,0,35,0,0,1,0,1,8,0,3,0,1,0,1,5,0,0,0,1,1,0,0,25,45,4,0,4,0,2,1,0,1,0,2,2,8,0,1,0,0,1,0,1,0,0,0,2,1,0,0,0,0,0,3,0,0,0,0,0,0,0,3,0,2,0,19,0,2,0,0,0,0,0,0,9,0,1,0,0,0,1,0,1,2,0,0,0,2,0,0,0,0,0,0,1,0,0,0,3,0,0,0,0,0,2,1,0,0,0,0,0,0,0,0,0,0,0,0,0,2,0,0,0,0,0,0,0,0,0,6,7,1,0,0,6,4,6,0,0,2,0,0,0,0,0,0,2,0,0,0,0,2,0,0,0,0,0,0,0,0,1,4,0,1,0,1,0,8,0,2,3,1,0,2,0,0,0,0,0,0,0,21,21,4,0,0,0,13,0,0,0,5,0,0,0,1,0,2,0,0,0,1,0,1,0,0,25,0,1,0,0,0,0,2,0,0,0,3,5,0,0,0,0,0,0,0,0,1,0,0,0,1,1,0,1,0,1,0,1,0,0,1,0,0,14,2,0,0,0,0,1,0,2,0,3,0,3,0,0,0,1,0,11,0,0,2,2,0,5,0,0,0,0,0,0,0,37,4,4,5,9,0,1,1,4,3,0,0,0,3,10,0,0,0,3,0,5,0,0,6,6,0,0,2,0,0,3,0,0,0,2,0,1,0,0,0,0,2,0,0,0,1,4,2,0,1,0,0,0,1
178,2119,ESCOLA SANTA TERESINHA DO MENINO JESUS,AVENIDA SETE DE SETEMBRO   4926,BATEL,-25.4450264,-49.2868614,10,0,5102,3626,211,111,0,5,3,0,34,5,2,2,24,1,2,0,2,23,0,54,2,17,3,5,0,6,34,0,1,2,0,0,0,6,3,0,5,0,2,0,0,9,1,0,13,1,7,0,4,1,1,16,4,1,0,1,0,0,2,1,5,10,0,0,2,53,0,9,40,4,2,0,0,14,4,9,7,1,139,10,0,0,0,0,0,2,2,0,0,3,0,0,1,3,2,2,1,6,1,0,0,0,0,5,35,2,0,1,0,46,3,0,0,4,10,3,0,0,7,0,0,0,0,0,0,6,0,0,3,0,0,0,1,0,0,0,2,3,33,0,5,1,5,6,5,0,0,0,0,24,0,7,16,15,5,0,0,4,6,29,6,0,0,3,2,1,2,10,7,1,1,19,4,4,67,0,0,1,0,9,2,0,0,1,0,1,0,1,0,6,0,0,0,9,2,2,0,0,4,0,14,15,0,7,4,1,0,0,0,1,4,0,0,0,0,0,0,0,0,0,0,0,0,0,0,1,2,0,0,0,68,0,0,0,0,9,8,1,2,0,3,0,7,11,34,3,10,8,1,6,1,0,1,1,0,3,0,51,18,0,0,2,4,4,2,10,1,0,58,0,1,0,5,0,11,1,0,3,0,0,17,5,5,0,5,5,1,0,4,1,12,0,4,2,3,19,67,0,0,59,8,2,23,6,0,5,0,0,1,0,2,2,0,1,1,1,0,4,4,3,0,0,0,0,1,0,0,2,0,1,1,1,0,0,0,0,0,0,0,1,0,0,3,0,0,0,0,1,0,0,0,5,0,0,0,0,0,1,1,0,0,0,0,0,0,5,0,0,4,0,0,1,0,0,0,0,0,0,0,0,0,0,0,0,0,1,1,0,0,0,0,0,0,0,0,1,0,0,0,1,0,0,2,1,0,0,0,0,0,1,1,0,0,3,0,0,0,0,0,0,0,0,0,0,0,3,0,0,2,0,0,0,0,0,0,91,0,1,0,0,1,39,0,2,0,7,4,2,7,0,0,5,2,8,2,0,67,137,4,1,5,0,1,5,1,0,0,7,3,3,0,1,0,0,4,0,1,0,0,1,1,0,0,3,0,3,0,8,0,0,2,1,0,0,0,1,1,2,1,79,9,7,1,1,1,0,0,0,25,0,0,2,0,0,2,0,0,1,1,1,0,10,0,0,0,0,0,3,1,0,0,0,13,1,1,0,1,0,0,4,5,0,0,1,0,0,1,0,0,1,3,0,2,2,1,1,3,0,0,0,0,0,3,25,7,0,0,0,10,1,5,0,0,3,13,1,0,0,0,0,1,1,0,0,1,4,2,0,2,1,1,0,0,0,0,7,0,2,0,0,0,28,0,1,3,12,0,3,2,0,0,2,0,0,0,37,127,16,0,0,1,44,0,0,0,7,1,0,1,1,3,6,1,3,0,0,2,0,0,1,57,0,4,0,0,0,2,5,0,0,0,3,25,2,0,1,0,0,0,0,0,7,0,0,0,1,0,0,0,1,2,0,10,0,0,0,0,0,18,2,0,0,0,0,7,0,7,10,2,0,12,6,4,0,3,2,34,1,4,7,1,1,9,1,0,0,0,0,0,1,77,1,4,13,32,0,9,2,4,7,2,0,0,7,10,0,0,0,0,0,1,0,0,34,5,0,0,3,0,0,2,0,0,0,0,0,3,0,0,0,0,0,0,0,0,0,12,2,1,0,0,0,0,2
178,2127,COLÉGIO POSITIVO,RUA ALFERES ANGELO SAMPAIO     2300,BIGORRILHO,-25.4346412,-49.2887324,11,0,5492,3837,189,130,0,2,2,6,26,5,1,4,10,0,0,0,1,30,2,47,0,15,2,5,1,4,22,1,4,0,1,1,0,5,0,0,7,1,2,0,0,3,10,1,14,4,2,1,1,0,0,14,6,0,1,1,5,0,5,1,2,5,0,0,3,48,0,6,50,9,3,0,0,9,3,11,3,1,139,4,0,0,1,0,0,7,1,0,0,2,0,0,0,4,0,0,1,1,0,0,1,0,0,7,26,0,5,2,2,81,1,0,0,18,4,14,1,0,7,0,0,0,0,1,0,11,0,2,1,1,0,1,2,1,0,2,6,1,43,0,3,0,11,0,4,0,0,2,2,37,2,12,34,16,28,0,0,2,9,29,3,1,0,1,3,4,4,12,11,2,0,18,0,5,72,1,0,0,0,2,2,0,0,0,0,0,0,0,0,6,0,1,0,6,7,4,0,1,4,0,16,24,0,3,1,0,1,0,0,0,3,0,2,0,0,0,0,0,0,0,0,0,0,1,0,0,0,0,0,0,80,0,0,1,1,12,1,1,0,0,1,0,0,24,46,5,3,11,0,9,1,0,1,0,0,0,0,54,15,0,0,4,10,0,0,5,15,0,38,3,7,0,1,0,8,1,1,2,0,0,31,4,3,3,2,7,1,0,8,2,12,0,2,4,0,13,54,0,0,54,3,2,31,11,0,18,0,0,1,0,0,2,2,9,6,0,0,6,3,0,1,0,0,1,0,0,0,1,0,1,0,1,1,0,2,0,0,0,0,0,0,0,2,0,2,0,0,0,0,0,0,25,0,0,0,0,0,0,0,7,0,0,2,0,0,1,0,0,2,0,0,0,0,0,0,0,1,0,0,0,0,0,0,0,0,2,1,0,0,0,0,0,1,0,1,0,0,0,0,0,1,0,4,0,0,0,0,0,0,0,0,0,0,1,0,0,0,1,0,0,0,0,0,0,0,9,0,2,0,0,0,1,0,0,0,127,0,1,0,0,1,23,0,14,0,6,2,1,9,0,1,5,7,5,0,1,61,137,3,3,5,0,1,6,0,4,0,4,17,5,1,3,0,0,1,0,0,0,0,1,3,0,0,0,0,0,1,4,0,0,0,0,1,0,0,0,1,3,4,82,16,7,0,0,0,3,1,1,16,0,0,2,0,0,3,1,1,0,0,3,0,10,0,0,0,1,0,1,0,0,0,0,5,0,6,1,0,1,2,1,2,0,0,0,0,0,0,0,0,0,1,0,1,4,4,0,4,0,0,0,0,0,0,19,13,0,0,0,5,0,7,0,0,5,7,0,0,0,0,0,0,0,0,0,0,4,1,0,0,1,0,0,0,0,0,8,2,2,0,3,0,37,1,3,2,21,8,0,0,0,2,2,0,0,0,42,77,11,0,0,1,18,0,0,1,12,0,0,0,0,1,9,0,0,0,1,0,1,1,0,64,0,5,1,2,0,0,6,0,0,0,1,19,4,0,2,0,0,0,0,0,1,0,0,0,1,2,0,1,0,4,2,21,2,0,2,0,0,20,2,0,0,0,3,9,0,8,1,6,2,16,1,6,1,3,2,25,6,4,9,0,1,12,4,0,0,0,0,0,2,66,1,3,3,14,0,4,1,3,61,0,0,0,6,15,0,0,0,1,0,26,2,0,47,8,0,0,6,2,0,1,0,0,0,1,0,2,0,0,0,0,0,0,1,0,0,9,0,0,1,0,0,0,0
178,2135,ESCOLA MUNICIPAL WALTER HOERNER,"RUA DOMINGOS IMBRONIZIO, 129",MOSSUNGUE,-25.4350332,-49.3248542,45,0,2467,1767,119,78,0,0,3,1,15,1,0,2,5,0,2,0,0,19,0,26,1,5,1,3,1,4,12,2,1,1,1,0,0,2,1,0,3,0,0,0,0,7,5,1,6,0,2,2,0,0,0,8,3,1,0,0,4,0,2,6,2,1,0,0,0,22,0,4,41,3,1,0,0,6,0,17,8,0,44,0,4,0,0,2,0,7,2,1,0,0,0,0,0,0,0,0,1,2,0,0,0,0,0,3,6,0,2,4,1,30,1,0,1,5,0,2,0,0,12,0,0,0,0,0,0,2,0,0,1,0,0,0,2,0,0,0,5,0,12,0,1,0,11,2,0,1,0,0,0,7,1,7,2,4,5,0,0,0,8,13,4,1,0,0,0,0,2,5,1,2,0,5,2,4,25,0,1,1,0,0,1,0,0,2,0,0,0,0,0,3,0,0,0,3,1,2,0,1,1,0,7,5,0,2,0,0,0,2,0,0,1,0,3,0,0,0,0,0,0,0,1,0,0,1,0,0,0,0,0,0,30,0,0,0,0,0,1,3,0,0,0,0,0,6,13,0,0,7,0,5,0,0,1,0,0,0,0,8,26,0,0,0,1,4,0,0,3,0,22,1,0,0,0,0,4,0,0,0,0,0,20,2,2,1,1,0,0,0,10,0,1,0,1,1,0,10,24,0,2,18,3,0,12,3,1,1,0,0,0,0,0,2,0,0,2,0,0,4,1,1,0,0,0,1,0,0,0,0,0,0,2,0,0,0,5,0,0,0,1,0,0,0,0,0,0,0,0,1,0,0,2,8,0,0,0,0,0,0,1,2,0,0,0,0,0,1,0,0,0,0,0,1,0,0,0,0,1,0,0,0,0,0,0,0,0,0,0,0,0,0,0,0,0,0,0,1,0,0,0,2,0,1,0,2,0,0,0,0,0,0,0,0,0,0,1,0,0,0,0,0,0,0,0,0,1,0,0,0,0,0,0,4,0,1,0,68,0,0,1,7,3,16,0,4,0,2,0,1,6,0,1,0,1,0,0,0,18,71,3,0,2,1,5,2,0,3,0,1,8,1,0,3,0,0,0,0,0,0,0,0,0,0,0,5,0,0,0,4,0,0,0,0,0,0,0,4,1,3,0,42,1,0,0,0,0,1,0,3,11,0,2,0,0,0,0,0,0,0,0,5,0,8,0,1,0,0,0,0,2,0,0,0,2,0,1,0,0,0,2,2,3,0,0,1,0,0,1,0,0,0,3,0,1,0,1,0,1,1,1,0,0,1,0,9,7,1,0,0,5,0,3,1,0,1,0,0,0,0,0,0,0,1,0,0,0,0,0,0,0,0,0,2,0,0,0,2,0,1,1,0,0,1,0,1,3,4,2,0,0,0,0,0,0,0,0,15,33,7,0,0,0,17,0,0,0,0,0,0,0,0,0,9,0,0,0,1,0,8,0,0,17,0,0,0,1,0,0,1,0,0,0,0,11,3,0,1,0,1,2,0,0,1,0,0,0,0,0,0,4,0,1,0,2,0,0,0,0,0,11,0,0,0,0,1,0,0,4,0,3,0,20,3,0,1,3,0,16,5,1,3,1,0,11,1,0,0,0,0,0,1,27,0,0,3,7,0,4,0,0,10,1,1,0,2,16,0,0,0,0,0,5,2,0,7,1,0,0,0,0,0,1,0,0,0,0,0,0,0,0,0,0,0,0,0,0,0,7,1,2,0,0,0,0,2
178,2143,ESCOLA MUNICIPAL ESPECIALIZADA ALI BARK,RUA VICENTE PONTAROLLA 91,SEMINÁRIO,-25.4443577,-49.3125291,29,0,1432,1092,61,47,0,3,3,0,11,0,0,0,4,0,0,1,0,5,1,15,0,7,0,4,3,2,7,0,0,0,0,0,0,2,1,0,1,1,1,0,0,0,2,0,3,0,0,0,1,0,0,1,2,1,0,0,5,0,0,0,0,0,0,0,1,18,0,0,9,4,3,0,1,12,0,5,11,0,13,5,0,0,1,0,0,1,0,0,0,0,0,0,0,0,1,3,0,0,1,0,1,0,0,0,8,0,1,4,0,11,0,0,0,0,0,1,0,0,7,0,1,0,0,1,0,0,0,4,4,2,0,0,1,0,0,0,2,0,13,0,7,0,2,1,1,0,0,0,0,13,0,5,8,1,3,0,0,1,7,13,1,0,0,0,3,0,4,4,0,0,0,10,0,0,14,0,0,1,1,0,1,0,0,0,0,2,0,0,0,0,0,1,0,0,4,0,0,1,1,0,2,7,0,0,3,0,0,1,0,0,1,0,0,0,0,0,0,0,1,0,1,0,0,0,0,0,0,0,0,0,12,0,0,0,0,1,0,0,0,0,0,0,0,7,0,1,12,2,0,3,0,0,0,0,0,0,0,15,7,0,0,0,6,1,1,0,2,0,12,0,2,0,1,0,1,0,0,1,0,0,6,0,1,3,0,0,0,0,1,0,0,0,0,0,3,4,14,0,0,11,1,0,5,0,0,0,0,0,0,0,0,0,0,0,0,0,0,0,0,0,0,0,0,0,0,0,0,0,0,0,0,0,0,0,2,0,0,0,0,0,0,0,0,0,0,0,0,0,0,0,0,3,0,0,0,0,0,0,0,5,0,0,5,0,0,1,0,0,0,0,0,1,0,0,0,0,0,0,0,0,0,0,0,0,0,0,2,0,0,0,0,0,0,0,0,0,0,0,1,0,0,1,1,0,0,0,0,0,0,1,0,0,0,0,0,0,0,0,0,0,0,0,0,0,0,4,0,1,0,0,0,1,0,0,0,16,0,0,0,7,3,8,0,0,0,0,0,0,2,2,0,1,1,1,1,0,16,24,1,0,3,0,1,0,0,0,0,1,2,4,0,0,0,0,1,0,1,0,0,0,0,0,0,16,0,0,0,1,0,0,0,0,0,0,0,2,0,1,0,30,1,0,1,0,0,0,0,1,1,0,1,0,0,3,1,0,0,0,2,0,0,4,0,2,0,1,0,0,2,0,0,0,1,0,1,0,0,0,1,0,0,0,0,0,0,0,0,0,0,0,0,0,0,0,0,0,1,0,0,0,0,0,0,4,2,0,0,0,5,0,0,0,0,0,1,0,0,0,0,0,0,0,0,0,0,1,0,0,0,0,0,0,0,0,0,3,0,4,0,3,0,2,0,2,0,7,1,0,0,0,0,0,0,0,0,25,11,0,0,0,1,12,0,0,0,0,1,0,0,0,0,5,1,2,0,2,0,37,0,0,19,0,0,0,0,0,0,0,0,0,0,0,2,0,0,2,0,0,1,0,0,1,0,0,0,1,0,0,0,0,1,0,2,0,0,0,0,0,7,1,0,0,0,1,1,0,4,0,0,0,12,2,1,0,5,0,16,0,0,3,0,0,8,0,0,0,0,0,0,3,13,1,4,5,2,0,0,0,2,1,0,0,0,4,6,0,0,0,0,0,4,4,0,7,1,0,0,0,1,0,2,0,0,0,0,0,0,1,0,0,0,0,0,0,0,0,2,1,0,0,0,0,0,0
178,2160,ESCOLA MUNICIPAL MONSENHOR BOLESLAU FALARZ,"RUA LUIZ HOMANN, 290",SÃO BRAZ,-25.42125396,-49.35579303,60,0,1643,1234,85,77,0,1,1,1,9,2,0,0,5,1,1,0,1,0,4,13,1,7,0,4,0,3,9,0,2,3,0,0,0,1,0,0,0,0,0,0,0,2,9,0,0,1,0,0,1,1,0,0,0,5,0,0,1,0,0,8,0,0,0,0,2,34,0,2,156,2,1,0,0,1,1,4,5,0,3,0,3,0,1,3,0,0,5,0,1,1,0,0,0,0,0,0,1,1,1,0,2,0,0,6,3,0,4,0,0,6,0,0,0,2,1,0,0,0,6,1,0,0,0,2,0,0,0,2,0,1,0,0,0,0,0,1,1,0,4,2,5,0,4,0,0,0,0,1,0,0,0,2,2,12,5,0,1,3,7,7,1,0,0,0,0,0,0,11,0,0,0,3,0,5,6,0,0,5,0,0,0,2,0,0,0,0,0,0,0,0,0,0,0,3,0,0,0,0,0,0,0,3,0,1,0,0,0,1,0,0,0,0,3,0,0,0,0,0,0,0,0,0,0,0,0,0,0,0,0,0,9,0,0,0,0,2,0,0,0,0,0,0,0,5,7,1,0,5,0,1,0,0,0,0,0,0,0,3,23,0,0,0,4,1,1,2,0,0,10,0,1,0,1,0,12,0,0,0,0,0,1,0,5,1,0,0,0,0,1,0,1,0,4,2,0,2,11,0,1,9,0,0,2,2,0,0,0,0,1,0,0,3,0,0,0,0,0,1,2,0,0,0,1,5,1,0,0,0,0,0,0,0,0,1,1,0,0,0,1,0,0,0,0,0,0,1,0,0,0,0,1,25,0,0,0,0,0,0,0,4,0,0,0,0,0,1,0,0,0,0,2,0,0,0,0,0,0,0,0,0,0,0,0,0,0,0,0,0,0,0,0,0,0,0,0,0,0,0,0,3,0,0,0,0,0,0,0,0,0,0,0,0,0,0,0,0,0,0,0,0,0,0,0,0,1,2,9,0,0,0,0,1,0,0,0,6,7,1,1,1,19,3,0,2,0,1,0,1,4,0,0,0,0,0,0,1,6,16,0,0,0,0,1,0,0,0,0,1,0,0,0,0,0,0,0,0,0,0,0,2,0,0,0,0,0,0,1,0,0,0,0,0,0,0,0,0,0,0,1,15,3,0,0,2,0,0,0,0,1,0,0,0,0,0,0,0,0,0,0,0,0,3,0,0,0,0,0,0,0,0,0,0,0,0,0,0,0,0,0,1,2,0,0,0,0,0,0,0,0,0,1,0,0,0,2,0,0,0,0,0,0,0,0,0,0,0,2,0,0,0,2,0,0,0,0,0,3,0,0,0,0,0,0,0,0,1,0,0,0,0,0,1,0,0,0,2,0,2,0,0,0,5,0,0,1,3,2,1,0,1,0,0,0,0,0,23,21,2,0,1,0,16,1,0,0,0,0,1,4,1,0,13,0,0,1,1,0,2,0,0,10,0,0,0,0,1,0,0,0,0,0,0,1,0,0,1,0,0,0,0,0,1,0,0,0,0,0,1,0,0,0,0,1,0,0,0,0,0,7,0,0,0,0,0,0,0,2,2,0,2,86,0,1,0,5,6,7,3,3,0,0,0,1,0,0,0,0,0,0,1,8,8,2,3,3,0,1,2,0,2,0,0,0,0,4,0,0,0,0,0,1,0,0,4,0,0,0,1,0,0,0,7,0,0,0,0,0,0,0,0,0,1,0,0,0,0,2,2,0,0,0,0,0,2
178,2178,COLÉGIO ESTADUAL DOMINGOS ZANLORENZI,"RUA PADRE PAULO WARKOCZ,670",CIDADE INDUSTRIAL,-25.44094308,-49.35504692,75,0,3126,2248,187,116,0,5,4,3,16,1,3,0,7,1,0,1,0,1,1,14,0,10,0,11,3,4,17,0,4,1,0,0,0,0,0,0,4,0,2,1,0,0,28,0,2,1,1,0,0,0,0,0,1,2,0,2,4,0,0,420,0,1,0,0,2,41,1,5,39,4,0,0,0,1,0,4,131,0,5,0,18,0,3,0,1,3,4,2,0,1,0,0,0,0,0,2,0,1,0,0,3,0,2,0,5,1,1,0,0,7,0,0,0,2,1,0,0,0,4,1,0,0,0,0,2,0,0,2,2,0,0,0,0,0,0,0,0,0,7,0,2,0,8,1,0,1,0,5,0,4,0,5,9,0,1,0,0,0,10,21,2,0,0,0,1,0,0,10,0,1,0,3,0,20,2,0,1,3,0,1,0,0,1,1,0,1,0,0,0,2,0,1,1,1,0,0,0,1,0,0,9,0,0,1,3,0,0,1,0,0,6,0,1,1,0,0,0,0,2,0,4,1,0,0,0,0,1,0,0,0,21,1,0,0,2,7,1,0,0,0,0,0,0,11,5,1,0,4,0,1,2,2,0,0,0,0,2,1,11,0,0,0,4,3,4,3,5,0,12,0,3,0,1,0,23,0,0,0,20,0,10,2,5,4,0,0,3,0,2,0,12,0,0,1,1,7,9,0,0,25,0,0,6,0,2,2,0,0,0,0,0,8,0,0,0,0,0,1,2,5,0,0,3,2,1,0,0,0,0,1,0,0,0,0,5,0,0,0,0,0,0,0,5,0,1,0,0,0,0,0,1,18,1,0,0,0,0,0,2,0,0,0,0,0,0,0,0,0,2,0,0,3,1,0,0,0,0,0,1,0,0,0,0,0,0,8,0,0,0,0,0,2,0,0,1,0,0,0,0,3,0,0,0,0,1,0,2,0,1,1,0,0,0,2,0,0,0,0,0,0,0,0,0,0,10,4,2,1,0,0,1,2,0,0,0,1,2,0,0,1,3,2,0,2,0,0,0,0,1,0,0,1,1,0,0,0,6,19,0,0,6,0,0,0,1,2,0,0,1,1,0,0,0,0,0,0,0,0,0,0,0,0,0,4,0,0,0,0,0,0,0,0,0,0,0,1,0,0,0,8,1,0,0,0,1,4,1,11,4,0,0,0,0,0,1,1,0,0,0,1,0,3,0,0,0,1,0,2,0,0,0,0,3,0,0,0,1,0,1,0,0,0,0,0,0,0,1,0,0,0,1,0,8,0,1,0,0,0,0,0,0,4,0,5,7,0,0,0,3,0,11,0,0,2,1,0,0,0,0,0,0,0,0,0,0,0,0,1,0,2,0,2,0,0,0,0,0,4,3,3,0,4,0,1,1,1,3,4,1,0,0,0,0,0,0,23,31,0,0,0,0,24,3,0,0,0,1,0,0,0,0,37,0,0,0,0,1,3,0,0,19,0,1,1,0,0,0,0,0,1,0,0,4,0,0,27,0,0,1,1,0,1,0,0,0,2,8,0,0,0,2,0,6,0,0,0,0,0,5,0,0,0,1,0,2,1,4,0,0,0,36,1,0,0,20,0,7,2,4,1,0,0,0,10,0,0,0,0,0,3,20,1,2,2,1,1,1,1,0,3,0,0,0,2,7,0,0,0,0,0,2,27,0,3,0,0,1,2,2,0,0,1,0,1,2,0,0,0,0,0,0,0,0,0,0,0,2,1,0,0,0,0,0,14
178,2186,ESCOLA MUNICIPAL PRESIDENTE PEDROSA,"RUA BORORÓS, 1279",PORTÃO,-25.4657885,-49.294924,27,0,2707,2022,114,74,0,3,3,4,27,1,0,4,9,1,1,0,1,14,0,21,1,12,2,5,0,5,21,2,0,1,0,1,0,1,0,0,4,0,1,0,0,2,5,0,9,0,2,0,1,1,0,4,7,1,0,0,0,2,1,0,3,4,0,1,1,52,0,5,18,3,1,0,0,5,1,4,1,0,26,6,0,1,0,3,0,5,1,0,1,1,0,0,0,1,0,4,0,4,2,0,2,0,0,10,5,0,2,1,3,20,1,0,0,6,2,2,0,0,8,0,0,1,0,0,0,1,1,0,2,0,1,0,0,0,1,0,0,0,14,0,12,0,2,2,2,0,0,1,4,3,0,9,20,6,9,0,0,2,19,24,3,2,0,0,0,0,3,23,5,4,0,16,1,8,16,1,0,0,0,1,0,0,0,1,0,1,0,0,0,5,0,0,0,1,0,1,0,3,2,0,4,7,0,0,1,0,2,0,0,0,5,0,0,0,0,0,0,0,1,0,1,0,0,0,0,1,0,0,1,0,35,0,0,0,1,3,2,0,0,0,8,0,0,5,16,0,11,13,0,8,0,1,0,0,0,0,0,5,10,0,0,3,12,1,4,3,5,0,18,0,6,0,7,0,5,0,0,1,0,0,15,1,5,0,2,1,7,0,1,6,4,0,1,3,2,7,25,0,0,25,6,1,13,12,2,4,0,0,1,0,1,2,0,0,1,0,0,0,3,0,0,0,0,0,0,0,0,0,0,3,1,0,1,0,4,0,0,0,4,0,0,0,0,0,1,0,0,0,1,0,0,3,0,0,0,0,0,0,0,1,0,1,1,0,0,1,0,0,2,0,0,1,0,1,0,0,0,0,0,0,0,0,0,0,1,0,0,0,0,2,1,0,0,0,0,10,0,0,0,1,0,1,0,1,0,0,2,1,0,1,0,0,0,2,0,0,0,0,0,0,0,0,0,0,0,5,0,2,8,0,1,1,0,1,0,37,1,0,0,0,2,8,0,5,0,2,0,0,15,1,1,2,4,3,2,0,32,82,2,0,2,0,2,1,0,1,0,8,7,3,0,0,0,0,2,0,1,0,0,0,0,1,0,1,0,0,0,1,0,0,0,0,0,0,0,2,0,0,5,55,6,0,0,0,2,1,0,0,5,0,2,2,0,2,1,0,3,0,0,5,0,5,0,0,0,9,0,1,1,0,0,0,5,0,5,0,0,0,4,1,13,0,0,3,0,0,2,0,0,0,1,0,1,2,0,1,4,0,0,0,0,2,1,10,7,0,0,0,5,0,5,0,0,2,1,0,0,2,0,0,0,0,0,0,0,0,0,0,0,1,0,0,0,0,0,2,1,2,0,2,0,12,0,1,3,6,2,1,1,0,1,0,0,0,0,23,30,0,1,0,0,21,0,0,0,1,0,0,2,0,0,6,1,0,0,1,1,4,0,0,26,0,1,0,2,0,1,0,0,0,0,1,6,0,0,1,0,0,1,0,0,3,0,0,0,1,1,0,0,0,1,2,5,2,0,0,0,0,12,1,0,0,0,2,0,0,5,0,2,0,2,4,0,1,2,3,30,2,1,2,0,1,9,2,0,1,0,0,0,0,28,0,1,5,9,0,3,0,3,4,0,0,0,1,16,1,0,0,2,0,0,0,0,17,1,0,1,2,0,0,3,0,0,0,2,0,1,1,0,0,0,0,0,0,0,0,4,1,0,0,0,0,0,0
178,2194,ESCOLA ESTADUAL SANTO ANTÔNIO,"RUA AMADEU PIOTTO, 37",CIDADE INDUSTRIAL,-25.43375941,-49.35485794,75,0,3787,2848,216,157,0,12,9,3,15,0,3,1,10,0,1,0,0,5,5,18,0,15,0,7,0,3,27,0,3,0,0,0,0,1,0,0,4,0,3,0,0,1,32,0,0,5,0,0,0,0,1,0,3,4,0,0,2,0,0,425,1,0,0,1,5,50,0,9,69,1,2,0,1,1,3,3,214,0,13,0,16,0,2,0,0,1,7,3,0,1,0,0,1,0,0,3,0,4,0,0,2,0,0,0,12,4,3,1,0,10,2,0,0,2,0,4,0,0,0,0,0,3,0,0,0,4,0,1,8,0,0,0,0,0,0,1,3,0,7,0,10,0,4,1,0,0,0,7,0,2,1,10,6,8,7,0,0,0,20,20,1,0,1,0,0,0,2,7,1,3,0,9,2,22,9,0,1,1,0,0,4,1,0,0,0,2,0,0,0,5,0,3,4,4,0,0,0,2,0,0,6,3,0,0,0,0,0,1,1,0,6,0,0,0,0,0,0,0,5,0,1,0,0,0,0,0,0,0,0,0,33,0,0,0,0,0,2,0,0,0,1,0,0,4,4,1,2,10,1,1,0,1,0,0,0,0,0,3,24,0,0,0,2,0,2,0,5,1,14,0,2,0,3,1,22,0,2,3,25,1,17,0,0,2,0,0,7,0,5,2,5,0,0,3,1,4,16,0,0,13,2,0,7,2,1,3,0,0,1,0,0,6,0,1,0,0,0,2,1,3,2,1,1,0,2,0,0,0,0,0,4,0,0,0,2,0,1,0,1,0,0,0,1,0,1,0,0,1,0,0,1,19,0,0,1,0,1,0,2,0,2,0,2,0,0,0,0,0,6,0,3,1,1,0,2,0,0,0,1,0,0,0,0,0,0,2,0,0,0,0,0,0,0,0,0,0,0,0,0,9,0,0,2,0,0,0,1,0,4,0,0,0,0,7,0,0,0,0,0,0,0,0,0,0,6,6,1,1,2,0,0,0,0,0,0,12,3,0,0,0,6,3,0,4,0,0,0,0,6,0,0,0,0,0,0,0,4,24,0,0,5,0,0,3,1,9,0,2,3,3,0,0,0,0,0,0,0,0,0,0,0,0,0,3,0,1,0,4,0,0,0,0,0,0,0,2,0,0,1,22,1,0,0,0,1,4,1,14,6,0,1,0,0,0,1,6,1,0,0,3,0,1,0,0,0,2,0,3,0,0,1,0,2,0,8,0,0,0,0,0,2,0,0,0,0,0,0,0,0,0,2,0,1,0,2,0,1,0,0,0,0,5,0,6,3,0,2,0,10,2,15,0,0,1,0,0,1,1,0,0,0,1,0,0,0,0,1,0,4,0,1,1,0,0,0,2,0,4,4,2,0,2,0,1,1,3,4,3,3,0,0,1,0,0,0,30,32,1,0,0,0,33,0,0,0,0,1,0,1,0,0,33,0,1,0,1,4,4,0,1,29,0,0,2,1,2,0,2,0,0,0,0,3,1,0,14,0,0,0,0,0,1,0,0,0,1,1,0,0,0,2,0,4,2,1,0,1,0,8,3,0,0,0,0,5,0,8,1,0,0,132,2,0,0,26,4,1,5,2,2,0,1,4,3,0,0,0,0,0,2,25,6,5,2,1,0,1,0,0,3,0,0,0,2,6,0,0,0,0,0,7,38,0,4,0,0,0,2,0,0,0,4,0,0,0,0,0,0,0,0,0,0,0,0,0,0,5,3,0,0,0,0,0,1
178,2208,ESCOLA MUNICIPAL CEI PADRE FRANCISCO MESZNER,RUA JOSE TISSI 146 - CONJUNTO CAMPONESA,CIDADE INDUSTRIAL,-25.43611978,-49.35060692,75,0,2201,1688,143,113,0,2,7,3,8,2,0,1,6,0,0,0,1,4,4,12,1,4,1,4,0,4,18,0,3,0,1,0,0,0,0,0,3,0,2,0,0,0,13,0,0,3,1,0,1,0,0,1,0,5,0,0,2,0,0,179,0,1,0,0,1,30,0,7,48,1,1,2,0,2,0,0,68,0,9,1,9,0,0,0,0,2,2,0,2,0,0,0,0,0,0,1,0,2,1,0,3,0,0,1,18,0,6,0,0,8,0,0,0,1,0,0,0,0,3,1,0,2,0,0,0,1,0,0,1,0,0,0,0,0,1,1,1,1,5,0,10,0,5,1,0,0,0,1,0,3,1,4,7,2,5,0,0,3,7,4,4,0,0,1,0,0,0,10,2,2,1,4,0,8,17,1,0,0,0,0,0,0,0,1,0,0,2,0,0,1,0,0,0,1,0,0,0,0,0,0,5,0,0,0,0,0,0,0,0,0,4,0,1,0,0,0,0,0,1,1,7,0,0,0,0,0,0,0,0,0,17,0,0,0,0,3,0,0,0,1,0,0,1,4,2,5,0,5,1,0,2,0,0,0,0,0,0,3,10,0,0,0,1,0,1,1,4,0,5,0,3,0,1,0,18,1,0,1,8,0,8,1,0,4,0,1,2,0,7,0,2,0,2,2,0,4,8,0,0,14,2,0,5,0,0,0,0,0,1,0,0,2,1,0,0,0,0,0,1,3,0,0,4,0,2,0,0,0,0,0,0,0,0,0,2,0,0,0,0,0,0,0,2,0,0,0,0,1,0,0,0,11,0,0,0,0,0,0,2,0,0,0,2,0,0,0,0,0,2,0,1,0,1,0,0,0,0,0,0,0,0,0,0,0,0,7,0,0,0,1,0,0,0,0,0,0,0,0,0,9,0,0,0,0,0,0,1,0,12,0,0,0,0,7,3,0,0,0,0,0,0,0,0,0,2,5,0,0,0,0,0,4,0,0,0,13,1,6,0,0,0,1,0,1,0,0,0,0,5,0,0,2,0,0,0,0,9,24,0,0,4,0,0,1,0,7,0,3,3,2,0,1,0,0,0,0,0,0,0,0,0,2,0,2,0,0,0,2,0,0,0,0,0,0,0,0,0,0,1,13,1,0,0,0,0,5,2,13,3,0,0,0,0,0,0,1,0,0,0,0,0,0,0,0,0,0,0,4,0,0,0,0,0,0,2,0,0,0,0,0,0,0,0,2,0,0,0,0,0,0,3,0,0,0,2,0,3,0,0,0,0,3,0,10,4,0,0,0,1,0,7,2,0,0,1,0,0,1,0,0,0,1,0,0,0,0,1,0,3,0,0,0,0,0,0,2,0,7,0,1,0,9,0,0,1,0,2,0,0,1,0,0,0,0,1,34,23,0,0,0,0,16,0,0,0,0,1,2,0,0,0,27,1,0,0,1,2,0,0,0,12,0,0,2,0,0,0,0,0,0,0,0,4,0,0,13,0,0,0,0,0,1,0,0,0,2,1,0,0,0,1,0,0,3,0,1,0,0,9,2,0,0,0,0,1,0,11,0,0,0,52,0,0,0,9,0,1,2,3,0,0,1,4,1,0,3,0,0,0,1,6,1,2,1,0,0,3,1,0,4,0,0,1,3,6,0,0,0,0,0,2,16,0,3,0,0,1,3,3,0,0,1,1,0,1,0,0,0,0,0,0,0,0,0,1,1,3,0,0,0,0,0,3,0
178,2216,COLÉGIO ESTADUAL PARA SURDOS ALCINDO FANAYA JUNIOR,RUA VITAL BRASIL 447,VILA IZABEL,-25.4635105,-49.2968165,27,0,3172,2306,143,113,0,2,4,3,25,2,2,1,10,1,0,0,1,11,1,37,2,8,1,5,1,1,20,0,0,2,0,0,0,2,0,0,9,0,3,1,0,4,5,0,4,1,3,0,1,0,0,8,2,0,0,0,0,1,1,1,3,5,0,4,1,41,0,5,18,13,3,0,0,7,1,1,10,0,25,2,0,4,3,6,0,6,1,1,1,1,0,0,0,2,1,5,2,2,2,1,1,0,0,8,5,0,4,4,1,37,0,0,0,2,0,1,0,0,4,0,0,1,0,1,0,3,0,1,6,0,0,0,0,0,0,0,2,0,18,0,7,2,7,3,1,0,1,6,0,14,1,4,20,13,13,0,0,5,8,19,2,0,0,1,1,0,4,10,8,6,0,20,1,10,37,0,0,0,0,0,1,0,0,0,0,7,0,0,1,6,0,1,0,4,1,3,4,2,4,0,8,3,0,0,0,0,0,0,0,0,6,0,1,0,0,0,0,0,1,1,2,0,0,0,0,0,1,0,0,0,38,0,0,0,1,6,2,1,2,0,5,0,0,5,18,1,11,10,2,0,0,0,0,0,0,0,0,6,6,0,0,2,9,1,5,4,6,1,22,0,4,0,19,0,9,0,0,2,0,0,11,1,2,3,0,1,5,0,2,1,4,0,1,1,0,3,27,0,0,29,5,0,15,5,2,8,0,0,0,0,2,4,0,2,2,0,0,0,0,0,1,0,0,3,3,0,0,0,0,3,1,0,0,0,2,0,0,0,0,0,0,0,1,0,0,0,0,0,0,0,0,3,0,0,0,0,1,0,0,2,0,0,2,0,0,0,0,0,1,0,1,0,0,0,0,0,0,1,0,0,1,0,0,0,0,0,0,0,2,1,0,0,0,3,0,1,0,0,2,1,0,0,1,0,0,0,1,5,0,0,0,0,0,1,0,0,0,0,1,0,0,2,0,0,0,13,0,0,0,0,0,1,0,2,0,40,0,1,0,1,0,3,0,11,0,6,0,0,2,0,0,0,6,2,1,0,27,60,4,0,0,0,0,3,0,1,0,6,6,2,0,3,1,0,0,0,0,0,0,1,2,0,0,0,0,0,0,4,0,0,0,0,0,0,0,1,0,0,0,48,12,4,0,0,2,0,1,0,9,0,1,2,0,0,2,0,0,0,2,21,0,2,0,0,0,11,0,0,1,0,0,0,7,0,3,0,0,1,3,1,18,0,0,2,0,0,0,0,0,0,0,0,1,1,1,0,6,0,0,0,0,2,0,8,10,0,0,0,15,0,5,2,0,0,1,0,0,0,0,0,0,0,1,0,0,0,2,0,0,3,0,1,0,0,0,2,2,3,0,0,0,8,0,2,3,7,2,0,2,1,0,2,0,0,0,32,33,4,0,0,1,32,0,0,0,1,0,0,0,0,1,22,1,0,0,0,0,4,0,0,34,0,0,0,3,0,1,0,0,0,0,0,11,3,1,1,0,1,1,0,0,4,0,0,0,1,0,1,1,0,1,0,6,2,0,0,0,0,20,0,0,0,0,0,4,2,6,0,0,1,3,5,0,3,11,0,42,9,4,3,0,0,7,3,0,0,0,0,0,6,22,0,7,1,21,0,1,4,0,2,0,3,1,6,7,0,0,0,1,0,2,0,0,25,0,0,1,7,3,0,0,0,0,0,1,0,0,4,0,1,0,0,0,1,0,2,11,1,0,2,0,0,0,1
178,2232,ESCOLA ESTADUAL DE EDUCAÇÃO ESPECIAL LUCY REQUIÃO MELLO E SILVA,"AV MANOEL RIBAS, 7119",SANTA FELICIDADE,-25.39954936,-49.33840637,63,0,2137,1528,119,77,0,0,0,0,17,0,0,2,2,0,1,1,2,4,0,11,1,4,2,4,0,4,11,0,0,1,1,0,0,0,0,0,2,0,0,0,0,0,14,2,2,0,0,1,2,0,0,0,0,1,0,4,0,0,1,2,2,2,0,0,4,8,0,12,27,1,1,0,1,3,1,3,5,0,13,3,0,0,1,0,0,0,2,0,2,2,0,1,0,1,1,0,0,2,0,0,1,0,0,0,6,0,4,0,2,15,1,0,0,7,0,6,0,0,17,0,1,0,0,0,0,0,0,0,4,0,0,0,0,0,0,0,4,2,6,0,3,0,8,0,0,0,1,1,0,1,0,6,6,5,5,0,0,3,8,12,4,0,0,0,1,0,2,13,3,0,0,2,0,6,14,0,1,0,1,0,0,4,1,0,0,0,0,0,0,0,0,0,0,0,0,2,0,2,0,0,1,1,0,4,1,0,0,2,0,0,0,0,0,0,0,0,1,0,0,0,1,1,0,0,0,0,0,0,0,0,19,0,0,0,0,3,2,0,0,0,0,0,0,2,9,2,1,7,0,5,0,0,1,0,0,0,0,4,15,0,0,0,2,0,2,4,4,0,2,2,8,0,1,0,8,4,0,9,0,0,15,0,3,0,0,1,0,0,3,1,0,0,0,1,0,9,20,0,1,15,1,0,7,1,0,0,0,0,0,1,0,3,0,1,0,0,0,0,0,1,0,0,0,0,1,0,0,0,0,0,0,0,0,0,0,0,1,0,6,0,0,0,0,0,0,0,0,0,0,0,0,215,0,0,0,0,0,0,0,0,0,0,0,0,0,1,0,0,0,0,3,0,0,0,0,0,0,0,0,0,0,0,0,0,0,0,0,0,0,1,0,0,5,0,0,0,0,0,2,0,0,0,0,0,0,0,0,1,0,1,0,0,0,3,0,0,0,0,0,0,0,0,0,0,9,3,0,1,0,0,0,1,0,0,0,13,1,0,0,0,24,3,0,3,0,3,0,0,2,1,0,0,3,2,1,0,13,22,0,0,4,0,0,2,0,2,0,1,2,4,0,0,0,0,0,0,0,0,0,0,0,0,0,1,0,0,0,0,0,0,0,0,0,0,0,0,0,0,0,21,4,0,0,0,0,0,1,0,4,0,0,0,0,0,0,0,1,0,0,0,0,7,0,1,0,0,0,0,0,0,0,0,2,0,0,1,0,0,0,1,0,0,1,0,0,0,5,0,0,0,0,0,4,2,0,0,0,0,0,0,0,1,1,0,3,0,2,0,4,0,13,0,0,1,1,0,1,0,0,0,0,0,0,0,0,1,2,0,0,0,0,0,0,0,0,3,1,1,0,0,0,0,0,1,0,1,0,0,2,2,0,1,0,0,0,27,17,0,0,0,0,6,0,0,0,0,0,0,0,0,1,9,0,0,0,8,0,1,3,0,20,0,0,0,1,0,0,0,0,0,0,0,8,0,1,3,0,0,0,0,0,0,0,0,0,1,0,0,3,0,2,0,5,1,0,0,1,0,9,0,0,0,0,0,4,1,1,1,0,0,56,0,2,0,2,15,2,8,2,0,1,0,2,0,0,0,0,0,0,0,7,1,2,1,2,0,0,1,1,7,0,0,0,4,6,0,0,0,1,0,0,0,0,5,0,0,1,0,1,0,2,1,0,0,1,0,0,0,0,0,0,0,0,0,0,0,5,1,0,0,0,0,0,0
178,2240,PARÓQUIA N. SENHORA DA CONCEIÇÃO (PARÓQUIA BUTIATUVINHA),RUA PADRE ARTURO SEPPI 51,BUTIATUVINHA,-25.3963863,-49.3483101,61,0,1901,1514,68,53,0,0,6,3,7,1,1,1,4,0,5,1,1,4,0,10,0,0,0,12,0,2,13,0,0,2,0,0,0,0,0,0,4,0,0,0,0,0,6,0,2,1,1,0,1,0,0,0,0,2,0,7,0,0,0,1,3,0,0,0,10,8,0,9,18,1,3,0,0,2,0,2,5,0,5,2,2,0,3,0,0,0,3,0,1,1,0,0,0,1,0,0,0,3,0,0,0,0,0,0,2,1,0,0,0,8,0,0,1,8,0,0,0,0,6,0,0,0,1,0,0,0,0,0,1,0,0,0,0,0,0,0,1,1,7,0,3,0,6,0,0,0,0,0,0,1,0,7,2,7,1,0,0,1,6,9,1,0,0,0,0,0,1,6,1,0,0,0,1,1,1,0,2,0,0,0,0,4,1,0,0,1,0,0,0,0,0,0,0,3,0,1,0,0,1,0,1,0,0,1,0,0,0,0,0,0,0,0,1,0,0,0,0,0,0,0,3,0,0,0,0,0,0,0,0,0,5,0,0,0,0,0,2,0,0,0,0,0,0,4,4,2,0,4,0,0,0,0,0,0,0,2,0,1,15,0,0,0,1,0,0,4,1,0,2,0,2,0,2,0,7,0,0,6,0,0,11,0,3,2,0,0,0,0,1,1,0,0,0,1,0,2,16,0,0,4,0,0,3,0,0,5,0,0,0,0,1,8,0,0,0,0,0,0,0,1,0,0,0,0,0,0,0,0,0,0,0,0,0,0,2,0,1,0,3,0,0,0,1,1,0,1,0,0,0,0,0,496,0,0,0,0,0,1,0,1,0,1,0,0,0,0,0,0,1,0,2,0,0,0,0,0,0,0,1,0,0,0,0,0,0,0,0,0,0,0,0,0,3,1,0,0,0,0,0,0,0,0,0,0,0,0,0,0,6,3,0,2,0,0,0,0,0,0,0,0,0,0,0,0,14,5,1,0,0,0,0,0,0,0,0,11,2,1,0,0,57,1,0,2,0,0,0,0,2,1,1,0,0,2,0,0,9,16,1,0,2,0,0,1,0,0,0,0,5,1,0,0,0,0,0,0,0,0,0,2,0,0,0,0,0,0,0,0,0,0,0,0,0,0,0,2,0,1,0,16,0,1,0,0,0,0,1,0,4,0,0,0,0,0,0,0,0,1,0,0,0,3,0,1,0,0,0,1,0,0,0,0,0,0,1,0,0,0,0,0,1,0,0,1,0,0,2,0,0,0,1,0,1,0,3,3,2,0,0,0,0,0,0,1,1,0,1,0,3,2,1,0,0,1,1,0,0,0,0,0,0,0,0,0,0,1,0,0,0,1,0,0,0,0,0,3,0,1,0,0,0,0,0,0,0,2,1,0,0,3,0,0,0,0,0,21,25,0,0,0,0,13,0,0,0,0,0,0,0,0,0,7,0,0,0,14,0,1,2,0,10,0,0,0,0,0,0,1,0,0,0,0,0,0,0,8,0,0,1,0,0,1,0,0,0,0,0,0,0,0,0,0,1,0,0,0,0,0,5,1,0,0,0,0,1,0,4,0,0,0,74,1,1,0,0,13,3,1,0,0,1,0,3,2,0,0,0,0,0,3,6,0,0,0,1,0,1,0,0,5,0,1,0,0,3,0,0,0,0,0,0,0,0,1,0,0,0,3,1,0,0,2,0,0,0,0,0,0,0,0,0,2,0,0,0,0,0,2,0,0,0,0,0,0
178,2259,CURSO E COLÉGIO ACESSO,"AVENIDA VEREADOR TOALDO TULIO, 1930",SANTA FELICIDADE,-25.41019,-49.34594,60,0,3774,2703,176,122,0,2,6,5,16,1,0,4,4,0,4,1,1,11,4,15,1,16,0,5,0,9,30,0,2,1,1,0,0,1,0,0,4,0,2,0,0,4,6,0,8,0,2,0,4,0,0,4,1,0,0,0,2,0,0,4,2,0,0,0,7,32,0,26,217,6,5,0,2,9,1,7,6,0,20,1,1,0,0,1,0,1,13,0,0,2,0,0,0,0,1,0,0,1,0,0,1,1,1,1,15,0,4,5,2,20,0,0,0,13,0,2,0,0,42,0,0,0,0,0,0,1,1,1,1,0,0,0,1,0,0,2,3,0,15,1,10,1,11,1,0,0,0,1,0,9,0,13,16,14,9,0,1,1,18,21,8,0,0,0,1,0,2,5,2,1,0,9,0,7,28,1,0,4,0,0,0,1,1,1,0,0,0,0,0,1,0,0,0,4,1,5,0,2,3,0,3,5,0,1,2,0,0,6,0,0,0,0,0,0,0,0,2,0,0,0,0,0,0,0,0,0,0,0,0,0,23,0,0,0,0,1,2,0,0,0,0,0,0,8,13,5,1,7,0,5,3,0,0,1,0,0,0,3,39,1,0,0,6,0,1,7,3,0,8,0,7,1,1,0,18,0,7,12,1,0,11,3,4,5,0,1,1,0,5,0,2,1,0,1,1,15,19,0,0,23,2,3,8,2,0,4,0,0,2,0,0,4,0,0,0,0,0,1,1,0,0,0,2,1,1,0,0,0,0,0,0,0,0,2,3,0,2,0,6,0,0,0,0,0,0,0,0,0,0,0,2,152,0,0,0,0,0,3,0,5,0,0,0,0,0,3,0,0,0,0,1,1,0,0,0,0,1,0,0,0,0,0,0,0,1,2,0,0,0,0,0,0,3,1,0,0,0,0,0,4,0,0,0,1,0,0,0,0,0,0,0,0,0,1,0,0,0,0,0,0,0,0,0,0,2,4,6,2,1,0,2,1,0,0,0,35,4,2,0,1,14,21,0,8,0,3,0,0,2,0,3,0,1,1,1,1,20,73,0,0,8,0,5,0,1,2,0,0,8,9,0,1,0,0,0,0,0,1,0,1,0,0,0,1,0,0,0,1,0,0,0,0,0,0,0,0,1,0,0,30,4,0,0,0,0,0,1,2,10,0,1,1,0,0,1,2,1,1,0,1,0,3,0,1,0,1,0,0,1,0,0,2,1,0,5,0,2,0,0,1,1,0,0,0,0,0,1,0,0,0,0,0,2,0,1,0,3,1,0,0,0,6,0,9,7,0,13,0,10,0,4,0,0,0,1,0,1,0,1,0,0,0,0,0,0,4,0,0,0,0,0,0,0,0,0,2,0,2,0,1,0,7,1,1,2,4,6,2,1,1,1,4,0,0,0,26,38,3,0,0,1,12,0,0,0,3,0,0,1,0,1,36,0,0,0,3,1,6,1,0,41,0,1,0,0,1,0,0,0,0,0,0,11,3,0,4,0,0,0,1,0,5,0,0,0,0,0,0,0,0,2,0,14,1,0,0,2,0,13,4,0,0,1,0,4,1,6,1,2,0,140,4,8,3,3,34,8,1,6,0,0,0,10,0,0,0,0,0,0,9,15,17,3,2,3,0,2,1,0,2,0,1,0,2,13,0,0,0,0,1,1,0,0,10,0,0,0,4,1,0,1,8,0,0,1,0,0,0,0,0,0,0,0,0,1,0,7,2,0,0,2,0,0,2
178,2267,COLÉGIO ESTADUAL PARA SURDOS ALCINDO FANAYA JUNIOR,RUA VITAL BRASIL 447,VILA IZABEL,-25.4635105,-49.2968165,27,0,1715,1225,97,42,0,0,0,3,20,2,0,1,4,0,0,0,2,7,1,3,0,11,0,1,0,7,12,0,4,0,0,0,0,0,0,0,3,0,0,0,0,0,4,0,4,0,1,0,0,0,0,3,1,0,0,0,0,0,0,0,2,9,0,0,0,13,0,1,8,3,0,0,0,3,2,0,2,0,14,3,0,0,0,0,0,4,0,0,0,2,0,0,0,0,0,0,1,0,0,1,1,0,0,0,5,0,1,1,0,27,1,0,1,0,0,1,0,0,17,0,0,0,0,1,0,4,0,0,1,0,0,0,0,0,0,0,3,0,22,0,3,0,16,1,1,0,0,1,1,14,4,11,21,8,6,1,0,2,5,8,7,1,2,0,1,1,5,10,6,0,0,3,0,1,42,0,0,1,0,1,0,0,0,0,0,1,0,0,0,1,0,0,0,0,0,1,0,2,0,2,3,0,0,0,0,0,0,0,0,0,0,0,1,0,0,0,0,0,0,0,1,0,0,0,0,0,1,0,0,0,20,0,0,0,0,3,1,0,0,0,1,0,0,5,9,0,4,7,0,3,1,1,1,0,0,0,0,3,1,0,0,0,3,2,1,1,0,1,5,0,5,0,2,0,4,3,2,1,0,0,1,0,0,0,2,0,0,0,4,2,0,0,0,0,0,8,10,0,0,20,1,0,15,0,0,0,0,0,0,0,0,1,1,0,1,0,1,0,1,1,0,0,0,0,0,0,0,1,0,1,0,0,1,0,2,0,0,0,1,0,0,0,0,0,0,0,0,0,0,0,0,2,0,0,0,0,0,0,0,0,0,0,1,0,0,0,0,0,0,0,0,0,0,0,0,0,0,0,0,1,0,0,1,0,1,1,0,0,0,0,0,0,0,0,0,0,0,0,0,0,0,0,0,1,0,0,1,0,0,0,0,0,0,2,0,0,0,0,0,1,0,0,0,0,0,0,0,0,0,0,0,0,0,0,0,21,0,0,0,0,1,3,0,1,0,2,0,0,8,1,0,1,1,1,0,0,18,45,1,0,1,0,0,2,0,1,0,3,3,3,2,1,0,0,0,0,0,0,0,0,1,1,1,0,1,0,0,1,0,0,0,0,0,0,0,0,1,0,0,24,4,1,0,0,0,0,0,2,5,0,0,0,0,0,2,0,1,0,0,6,0,1,0,0,0,4,0,0,4,0,0,0,0,0,2,0,0,1,1,1,6,0,0,0,0,0,0,0,0,0,0,0,0,0,0,0,0,0,0,0,0,1,0,7,6,0,0,0,8,0,0,0,0,0,4,0,0,0,0,0,0,0,0,1,0,0,0,0,0,0,0,0,0,0,0,5,0,1,0,1,0,7,0,5,1,6,1,0,1,0,3,0,0,0,0,11,10,1,0,0,0,17,0,0,0,1,0,0,0,0,0,5,0,0,0,0,0,0,0,0,29,0,0,0,0,0,0,0,0,0,0,0,2,1,2,0,0,1,0,0,0,0,0,0,0,0,1,1,0,0,3,1,12,2,0,0,1,0,30,2,0,0,0,1,0,0,3,0,0,0,3,0,2,0,0,0,18,2,0,0,1,0,1,0,1,0,1,0,0,0,10,0,2,0,4,0,1,1,1,0,0,2,0,1,8,0,2,0,0,0,0,0,0,10,0,0,0,0,1,0,1,0,0,0,1,0,0,0,0,0,0,0,0,0,1,0,2,0,0,1,0,0,0,0
178,2283,PARÓQUIA SÃO JOSÉ TRABALHADOR,"RUA MAJOR HEITOR GUIMARÃES, 1526",CAMPINA DO SIQUEIRA,-25.439272,-49.309998,30,0,1276,930,70,29,0,0,2,3,15,0,0,0,6,0,0,0,0,13,0,5,0,7,0,0,1,5,13,0,0,0,0,0,0,0,0,0,2,0,2,0,0,1,4,1,2,1,0,0,2,0,0,0,0,0,0,0,1,0,0,1,0,0,0,0,0,6,0,2,5,2,0,0,0,5,0,2,1,0,13,0,0,0,0,0,0,1,0,1,1,2,0,0,0,0,0,2,1,0,0,0,0,0,0,0,2,0,0,0,0,39,0,0,1,2,3,4,0,0,11,0,0,0,0,1,0,2,0,2,1,0,0,0,0,0,0,0,4,0,6,1,2,0,4,2,1,0,0,0,0,6,0,9,21,1,8,0,0,5,2,8,7,0,0,1,1,0,0,5,0,0,0,2,0,2,22,0,1,0,1,0,0,0,0,0,0,0,0,0,0,0,0,0,0,0,0,1,0,0,1,0,1,2,0,2,0,0,0,0,0,0,0,0,0,0,0,0,0,0,0,1,0,0,0,0,0,0,0,0,0,0,13,0,0,0,0,1,2,0,0,0,0,0,0,6,5,0,0,3,0,3,0,0,0,0,0,0,0,2,4,1,0,0,0,0,3,4,3,0,6,0,2,0,0,0,3,0,0,1,0,0,2,0,0,1,1,0,0,0,3,0,1,0,1,2,0,8,6,0,0,4,1,0,7,0,1,0,0,0,1,0,0,0,0,0,0,0,0,0,0,0,0,0,0,0,0,0,0,1,0,0,0,0,1,0,1,0,0,0,0,0,0,0,0,0,0,0,0,0,0,0,0,6,0,0,0,0,0,0,0,0,0,0,0,0,0,0,0,0,0,0,1,1,0,0,0,0,0,0,4,0,0,0,0,0,0,0,0,0,0,0,0,0,0,0,0,0,0,0,1,0,0,0,0,0,0,0,0,0,0,0,0,0,0,0,0,0,0,0,0,0,0,0,0,0,0,0,0,0,0,1,0,2,0,0,0,17,0,0,0,0,2,7,0,0,0,1,1,0,2,0,1,0,0,0,0,0,8,44,0,1,1,0,4,0,1,2,0,0,1,2,0,0,0,0,0,0,0,0,0,0,0,0,0,4,0,0,0,1,0,0,0,0,0,0,0,1,0,0,0,14,3,0,0,0,0,0,0,1,3,0,0,0,0,0,0,0,0,1,0,0,0,0,0,0,1,1,0,0,0,0,0,0,0,0,0,0,0,0,0,0,2,0,0,0,0,0,0,0,0,0,0,0,0,0,3,0,3,0,0,0,0,0,0,1,15,0,0,0,6,0,1,0,0,0,1,0,0,0,0,0,0,0,0,0,1,1,0,0,0,0,0,0,0,0,0,5,0,0,0,0,0,12,0,1,0,2,0,0,2,0,3,0,0,0,0,14,11,3,0,0,0,9,0,0,0,2,1,0,0,0,1,5,0,0,0,2,0,4,0,0,31,0,0,0,0,0,0,0,0,0,0,0,1,1,0,0,0,0,0,0,0,0,0,0,0,0,1,0,0,0,0,0,10,4,0,0,0,0,11,3,0,0,0,1,4,0,0,0,0,0,3,2,0,0,1,0,1,2,0,1,0,0,2,0,0,0,0,0,0,0,8,0,3,2,5,0,0,0,1,20,0,0,0,0,3,0,0,0,0,0,3,0,0,8,0,0,3,3,0,0,1,0,0,0,0,0,0,0,0,0,0,0,0,0,0,0,3,2,0,0,0,0,1,1
178,2291,UFPR - DEPARTAMENTO DE MÚSICAS E ARTES (BATEL),"RUA CORONEL DULCIDIO, 638",BATEL,-25.4388461,-49.2831409,10,0,967,707,50,24,0,0,0,1,10,0,0,0,1,0,0,0,0,3,0,1,0,2,0,0,1,4,4,0,3,0,0,0,0,1,0,0,1,0,0,0,0,0,1,0,2,0,1,0,1,1,0,2,0,0,0,0,0,0,0,0,0,0,0,0,0,5,0,2,7,0,0,0,0,1,0,1,1,0,12,1,0,0,0,0,0,1,0,0,0,2,0,0,1,0,0,0,0,2,0,0,0,0,0,0,1,0,0,0,1,23,1,0,0,1,0,7,0,0,7,1,0,1,0,0,0,2,0,0,1,0,0,0,1,0,0,0,3,0,19,1,8,0,8,3,0,0,0,0,0,7,0,13,13,9,13,0,0,2,9,5,5,0,0,0,1,2,0,3,8,1,0,0,0,0,15,0,0,0,0,0,0,0,0,1,0,0,0,0,0,0,0,0,0,2,0,1,0,2,0,0,0,2,0,0,0,0,0,0,0,0,0,0,1,0,0,0,0,0,0,0,0,0,0,0,0,0,0,0,0,0,3,0,0,0,0,0,0,0,0,0,3,1,1,0,7,0,2,2,0,0,0,0,0,0,0,3,0,3,1,0,0,0,0,0,0,1,0,0,3,0,2,1,0,0,0,0,1,1,0,0,2,0,0,2,0,0,0,0,1,0,0,0,0,0,0,6,5,0,0,5,0,0,8,1,0,4,0,0,1,0,0,0,0,0,0,0,0,2,0,0,0,0,0,0,0,0,0,1,0,0,0,0,0,0,0,0,0,0,0,0,0,0,0,0,0,0,0,0,0,0,0,0,0,0,0,0,0,0,0,0,0,0,1,0,0,0,0,0,0,0,0,0,0,0,0,0,0,0,0,0,0,0,0,0,0,0,0,0,0,0,0,0,0,0,0,0,0,0,0,0,0,0,0,0,0,0,0,0,0,0,0,0,0,0,0,0,0,0,0,0,0,0,0,0,0,0,0,0,0,0,0,0,0,0,0,9,0,0,0,0,0,2,0,2,0,1,0,0,6,0,0,0,2,0,0,0,9,33,0,0,1,0,2,0,0,1,0,1,1,0,0,0,0,0,0,0,0,0,0,0,0,0,0,2,0,1,0,0,0,0,0,0,0,0,0,1,0,1,4,7,0,0,0,0,0,0,0,0,4,0,0,0,0,0,0,0,0,0,0,2,0,1,0,0,0,0,0,0,0,0,0,0,0,0,0,1,0,0,0,1,0,0,0,0,0,0,0,0,0,0,0,2,1,0,0,0,0,0,0,0,0,0,1,4,17,0,0,0,14,0,1,0,0,0,0,0,0,0,0,0,0,1,0,0,0,0,1,0,0,0,0,0,0,0,0,2,0,0,0,0,0,3,0,0,0,8,0,0,0,0,0,0,0,0,0,11,6,3,0,0,0,5,0,0,0,0,0,0,0,0,0,3,0,0,0,1,1,0,0,0,9,0,0,0,0,0,0,1,0,0,0,0,4,1,0,0,0,0,0,0,0,0,0,0,0,0,0,0,2,0,3,0,10,1,0,0,0,0,13,2,0,0,0,0,1,0,1,0,0,0,0,1,3,0,0,0,2,0,1,0,0,0,3,0,0,0,0,0,0,0,11,0,1,0,3,0,0,0,0,4,0,0,0,5,6,0,0,0,1,0,1,0,0,6,0,0,0,0,0,0,0,0,0,0,0,0,0,0,0,0,0,1,0,0,0,0,1,0,0,1,0,0,0,0
178,2305,ESCOLA SEB - DOM BOSCO - UNIDADE BATEL,"AVENIDA VISCONDE DE GUARAPUAVA, 5581",BATEL,-25.4469769,-49.2943425,10,0,1215,877,60,24,0,0,1,1,2,0,0,0,2,0,2,0,0,8,0,6,0,0,0,0,1,1,6,0,0,1,0,0,0,0,0,0,1,0,0,0,0,0,4,0,3,0,0,0,2,0,0,2,0,0,0,0,0,0,0,0,3,4,0,0,0,8,0,3,4,4,0,0,0,5,0,4,0,1,15,0,0,0,0,0,1,1,2,1,0,0,0,0,0,1,0,0,0,0,2,0,0,0,0,4,4,0,0,1,0,21,0,1,0,0,0,0,0,0,16,0,0,0,0,0,0,0,0,2,3,0,0,1,1,0,0,1,4,2,9,0,2,0,4,2,2,0,1,0,0,3,0,7,17,3,5,0,0,3,7,8,6,0,0,0,0,0,1,7,2,0,0,2,0,4,31,0,0,0,2,0,0,0,0,0,1,0,0,0,0,1,0,0,0,0,1,0,0,0,1,0,0,3,0,6,0,0,1,0,0,0,0,0,0,0,0,0,0,0,0,0,0,0,0,1,0,0,1,0,0,0,7,0,0,0,0,3,2,0,0,0,0,0,0,7,3,0,1,1,0,2,0,1,0,0,0,0,0,4,0,0,0,0,0,0,0,1,4,0,5,0,0,0,1,0,4,1,0,0,0,0,9,0,0,0,0,0,0,0,8,0,0,0,0,1,0,20,12,0,1,3,0,0,12,0,0,2,0,0,1,0,1,0,1,1,0,0,0,3,0,0,0,0,0,0,3,0,0,0,0,0,0,1,0,0,0,0,0,0,0,0,0,0,0,0,0,0,0,0,0,0,0,2,0,0,0,0,0,0,0,1,0,0,0,0,0,0,0,0,0,0,0,0,0,0,0,0,0,0,0,0,0,0,0,0,0,0,0,0,0,0,0,0,0,0,0,0,0,0,0,0,0,0,0,0,0,0,0,0,0,0,0,0,0,0,0,0,0,0,0,0,0,0,0,0,0,1,0,0,1,0,0,0,0,0,0,21,0,0,0,0,0,8,0,3,0,1,0,1,7,0,0,1,0,0,0,0,7,59,4,1,1,0,2,1,0,1,0,1,0,0,0,0,0,0,0,0,0,0,0,0,0,0,0,0,0,0,0,1,0,0,0,0,0,0,0,0,2,2,0,6,0,2,0,0,0,0,0,0,1,0,1,0,0,0,0,0,0,0,0,2,0,1,0,0,0,0,0,0,0,0,0,0,0,0,4,0,0,0,0,1,1,0,0,0,0,0,0,0,0,0,0,0,0,0,0,0,1,0,0,0,0,0,0,4,3,0,0,0,5,0,1,0,0,2,1,0,0,0,0,0,0,0,0,0,0,0,1,0,0,0,0,0,0,0,0,3,0,1,0,0,0,10,0,0,0,4,0,1,0,0,0,0,0,0,0,12,21,2,0,0,0,3,0,0,0,1,0,2,0,0,6,5,0,0,0,0,0,1,0,0,15,0,1,0,0,0,0,1,0,0,1,1,8,0,0,0,0,0,0,0,0,0,0,0,0,1,1,0,0,1,0,0,8,0,0,0,0,0,8,0,0,0,1,0,2,0,2,0,1,0,2,3,3,0,0,1,5,1,1,1,0,2,2,0,0,0,0,0,0,0,9,0,0,1,2,0,0,1,2,10,0,0,0,0,8,0,1,0,0,0,3,1,0,8,1,0,0,0,0,0,1,0,0,0,0,0,0,0,0,0,0,0,0,0,0,0,0,0,0,1,0,0,0,0
178,2321,COLÉGIO ARQUIDIOCESANO DE CURITIBA,"RUA MONSENHOR BOLESLAU FALARZ, 200",CIDADE INDUSTRIAL,-25.432812,-49.357063,75,0,4609,3422,215,150,0,1,4,5,18,3,0,3,9,2,2,0,0,8,1,16,0,10,3,15,4,7,33,0,0,2,0,3,0,3,0,0,6,0,0,0,0,1,11,1,2,0,2,0,3,1,0,2,0,8,0,1,3,0,0,21,2,1,0,0,7,55,0,20,350,5,2,0,4,13,0,1,26,0,21,1,2,0,2,1,0,3,7,0,1,2,0,0,0,4,0,4,1,5,3,0,1,0,0,3,13,2,1,4,2,38,1,0,3,10,0,3,0,0,24,0,0,1,0,0,0,1,0,1,3,1,0,0,1,0,1,0,5,3,18,0,9,0,11,2,2,0,1,5,0,2,0,11,23,25,12,2,0,2,17,34,9,1,0,3,0,1,2,11,7,1,0,14,0,1,40,0,1,2,0,0,2,0,1,0,0,2,0,0,0,0,0,1,0,4,1,1,1,3,5,0,8,3,0,1,0,0,0,21,0,0,3,0,4,2,0,0,0,0,0,1,3,0,0,0,0,0,0,0,0,0,49,0,0,0,0,8,0,1,0,0,0,1,0,10,14,4,3,11,1,10,3,0,0,0,0,0,2,9,43,0,0,0,9,0,1,4,8,3,11,2,12,1,2,0,25,0,2,7,5,0,8,1,6,4,0,1,2,0,11,1,3,0,1,4,0,19,35,1,0,18,3,0,13,4,1,9,0,0,3,0,0,11,0,0,0,0,0,2,1,0,0,0,0,8,1,3,0,0,0,2,2,0,0,1,12,0,0,0,2,0,0,0,0,1,2,0,1,3,0,0,3,115,0,4,0,0,0,1,0,8,0,0,2,0,0,1,1,0,0,0,3,3,0,0,0,0,0,0,0,0,0,0,0,0,1,0,0,0,0,0,0,3,0,0,0,1,0,0,0,4,1,1,2,2,0,0,0,2,0,0,0,0,0,5,1,0,0,0,0,0,0,0,0,0,3,3,14,1,0,1,0,4,0,0,0,49,11,1,0,0,10,11,0,6,0,0,0,2,6,1,5,1,3,7,0,0,24,59,0,0,3,0,0,2,0,1,0,1,9,6,0,1,2,0,1,0,0,0,0,2,1,0,0,4,0,0,0,3,0,0,0,1,0,0,0,0,2,0,4,46,7,0,0,0,0,0,0,12,13,0,3,1,0,0,0,0,1,1,0,1,0,2,0,0,0,0,0,2,2,0,0,1,6,0,4,2,0,0,1,2,4,0,0,6,0,0,0,0,0,0,0,0,0,2,7,0,0,0,0,0,0,2,0,11,10,1,2,0,12,0,4,0,0,0,2,1,4,0,0,0,0,0,0,0,0,4,0,0,0,2,0,2,0,0,0,10,1,8,0,2,0,10,1,0,0,13,2,1,2,0,1,1,0,0,1,40,62,0,0,1,1,18,1,0,0,2,1,0,2,0,0,42,0,0,0,4,0,2,0,0,48,0,0,0,2,0,1,0,0,0,0,1,9,2,0,3,0,0,0,0,0,4,0,0,0,0,0,0,1,0,1,0,10,0,0,0,0,0,16,0,0,0,0,0,1,0,5,0,0,1,210,2,8,4,7,24,16,5,2,0,2,1,12,1,0,0,0,0,0,8,25,18,5,7,4,0,5,0,1,3,0,1,1,1,14,0,0,0,0,0,4,7,0,8,0,0,0,3,2,0,2,6,0,0,0,0,0,1,0,0,0,0,0,0,0,1,7,4,0,0,0,1,1,1
