NR_ZONA,NR_LOCAL_VOTACAO,NM_LOCAL_VOTACAO,DS_LOCAL_VOTACAO_ENDERECO,NM_BAIRRO,NR_LATITUDE,NR_LONGITUDE,ID_BAIRRO,FL_TRANSITO,QT_ELEITORES,QT_VOTOS_TOTAL,QT_VOTOS_BRANCOS,QT_VOTOS_NULOS,QT_VOTOS_ANULADOS,LEG_10,LEG_11,LEG_12,LEG_13,LEG_14,LEG_15,LEG_16,LEG_18,LEG_19,LEG_20,LEG_22,LEG_23,LEG_27,LEG_28,LEG_29,LEG_30,LEG_33,LEG_35,LEG_36,LEG_40,LEG_43,LEG_44,LEG_45,LEG_50,LEG_51,LEG_55,LEG_65,LEG_77,LEG_90,CAND_10000,CAND_10001,CAND_10002,CAND_10006,CAND_10007,CAND_10010,CAND_10012,CAND_10017,CAND_10022,CAND_10055,CAND_10100,CAND_10103,CAND_10106,CAND_10110,CAND_10111,CAND_10123,CAND_10127,CAND_10190,CAND_10191,CAND_10200,CAND_10222,CAND_10255,CAND_10300,CAND_10305,CAND_10321,CAND_10322,CAND_10444,CAND_10456,CAND_10510,CAND_10522,CAND_10555,CAND_10620,CAND_10777,CAND_10789,CAND_10888,CAND_10900,CAND_10977,CAND_10987,CAND_10999,CAND_11000,CAND_11002,CAND_11007,CAND_11011,CAND_11012,CAND_11013,CAND_11017,CAND_11022,CAND_11025,CAND_11033,CAND_11041,CAND_11044,CAND_11077,CAND_11100,CAND_11111,CAND_11112,CAND_11122,CAND_11123,CAND_11191,CAND_11193,CAND_11200,CAND_11211,CAND_11220,CAND_11222,CAND_11223,CAND_11234,CAND_11281,CAND_11300,CAND_11311,CAND_11321,CAND_11333,CAND_11345,CAND_11357,CAND_11380,CAND_11400,CAND_11411,CAND_11444,CAND_11456,CAND_11511,CAND_11550,CAND_11555,CAND_11567,CAND_11600,CAND_11611,CAND_11666,CAND_11696,CAND_11700,CAND_11777,CAND_11789,CAND_11800,CAND_11811,CAND_11888,CAND_11900,CAND_11911,CAND_11999,CAND_12000,CAND_12003,CAND_12007,CAND_12023,CAND_12041,CAND_12068,CAND_12100,CAND_12104,CAND_12108,CAND_12120,CAND_12121,CAND_12122,CAND_12123,CAND_12160,CAND_12212,CAND_12222,CAND_12277,CAND_12302,CAND_12311,CAND_12333,CAND_12345,CAND_12369,CAND_12412,CAND_12500,CAND_12508,CAND_12512,CAND_12600,CAND_12612,CAND_12712,CAND_12777,CAND_12789,CAND_12800,CAND_12803,CAND_12812,CAND_13000,CAND_13001,CAND_13003,CAND_13010,CAND_13013,CAND_13018,CAND_13032,CAND_13033,CAND_13041,CAND_13100,CAND_13111,CAND_13113,CAND_13115,CAND_13122,CAND_13123,CAND_13130,CAND_13131,CAND_13132,CAND_13133,CAND_13144,CAND_13169,CAND_13213,CAND_13233,CAND_13257,CAND_13277,CAND_13300,CAND_13301,CAND_13313,CAND_13321,CAND_13333,CAND_13369,CAND_13413,CAND_13444,CAND_13456,CAND_13500,CAND_13513,CAND_13555,CAND_13600,CAND_13603,CAND_13613,CAND_13678,CAND_13789,CAND_13900,CAND_13913,CAND_14000,CAND_14001,CAND_14005,CAND_14007,CAND_14012,CAND_14014,CAND_14017,CAND_14022,CAND_14024,CAND_14027,CAND_14052,CAND_14054,CAND_14070,CAND_14077,CAND_14084,CAND_14089,CAND_14100,CAND_14114,CAND_14122,CAND_14123,CAND_14140,CAND_14141,CAND_14147,CAND_14150,CAND_14164,CAND_14177,CAND_14181,CAND_14190,CAND_14192,CAND_14200,CAND_14222,CAND_14246,CAND_14300,CAND_14314,CAND_14321,CAND_14330,CAND_14333,CAND_14345,CAND_14363,CAND_14400,CAND_14410,CAND_14414,CAND_14422,CAND_14444,CAND_14500,CAND_14555,CAND_14567,CAND_14600,CAND_14700,CAND_14777,CAND_14789,CAND_14800,CAND_14888,CAND_14900,CAND_15000,CAND_15001,CAND_15002,CAND_15003,CAND_15007,CAND_15010,CAND_15012,CAND_15015,CAND_15023,CAND_15026,CAND_15030,CAND_15033,CAND_15051,CAND_15090,CAND_15100,CAND_15115,CAND_15123,CAND_15127,CAND_15153,CAND_15178,CAND_15190,CAND_15192,CAND_15193,CAND_15210,CAND_15222,CAND_15223,CAND_15300,CAND_15320,CAND_15333,CAND_15345,CAND_15348,CAND_15369,CAND_15400,CAND_15444,CAND_15551,CAND_15555,CAND_15567,CAND_15600,CAND_15615,CAND_15644,CAND_15678,CAND_15777,CAND_15787,CAND_15789,CAND_15800,CAND_15888,CAND_15920,CAND_15987,CAND_15999,CAND_16123,CAND_18000,CAND_18004,CAND_18008,CAND_18013,CAND_18018,CAND_18040,CAND_18066,CAND_18088,CAND_18100,CAND_18111,CAND_18113,CAND_18123,CAND_18155,CAND_18156,CAND_18180,CAND_18190,CAND_18200,CAND_18222,CAND_18234,CAND_18294,CAND_18333,CAND_18345,CAND_18400,CAND_18456,CAND_18555,CAND_18789,CAND_18800,CAND_18888,CAND_18900,CAND_19000,CAND_19001,CAND_19007,CAND_19009,CAND_19010,CAND_19019,CAND_19045,CAND_19046,CAND_19070,CAND_19080,CAND_19100,CAND_19101,CAND_19110,CAND_19111,CAND_19123,CAND_19171,CAND_19180,CAND_19190,CAND_19191,CAND_19219,CAND_19222,CAND_19258,CAND_19321,CAND_19456,CAND_19500,CAND_19555,CAND_19600,CAND_19665,CAND_19700,CAND_19777,CAND_19789,CAND_19888,CAND_19900,CAND_19913,CAND_19991,CAND_19999,CAND_20000,CAND_20015,CAND_20022,CAND_20123,CAND_20156,CAND_20190,CAND_20210,CAND_20220,CAND_20221,CAND_20222,CAND_20225,CAND_20227,CAND_20250,CAND_20331,CAND_20456,CAND_20777,CAND_20800,CAND_20916,CAND_20999,CAND_22000,CAND_22001,CAND_22007,CAND_22012,CAND_22017,CAND_22022,CAND_22023,CAND_22033,CAND_22038,CAND_22111,CAND_22122,CAND_22123,CAND_22160,CAND_22177,CAND_22190,CAND_22202,CAND_22221,CAND_22222,CAND_22223,CAND_22225,CAND_22226,CAND_22227,CAND_22228,CAND_22277,CAND_22321,CAND_22322,CAND_22333,CAND_22345,CAND_22357,CAND_22422,CAND_22442,CAND_22456,CAND_22522,CAND_22555,CAND_22570,CAND_22580,CAND_22622,CAND_22722,CAND_22777,CAND_22799,CAND_22822,CAND_22888,CAND_22922,CAND_22938,CAND_23000,CAND_23001,CAND_23015,CAND_23022,CAND_23040,CAND_23041,CAND_23043,CAND_23070,CAND_23077,CAND_23110,CAND_23112,CAND_23123,CAND_23143,CAND_23255,CAND_23300,CAND_23321,CAND_23333,CAND_23345,CAND_23444,CAND_23456,CAND_23500,CAND_23555,CAND_23600,CAND_23678,CAND_23777,CAND_23780,CAND_23888,CAND_27000,CAND_27003,CAND_27007,CAND_27011,CAND_27022,CAND_27027,CAND_27070,CAND_27077,CAND_27100,CAND_27101,CAND_27111,CAND_27123,CAND_27136,CAND_27150,CAND_27172,CAND_27190,CAND_27192,CAND_27222,CAND_27270,CAND_27290,CAND_27307,CAND_27327,CAND_27345,CAND_27444,CAND_27500,CAND_27700,CAND_27707,CAND_27777,CAND_27911,CAND_27999,CAND_28000,CAND_28001,CAND_28007,CAND_28022,CAND_28028,CAND_28100,CAND_28111,CAND_28123,CAND_28170,CAND_28222,CAND_28333,CAND_28377,CAND_28444,CAND_28500,CAND_28523,CAND_28555,CAND_28637,CAND_28678,CAND_28744,CAND_28777,CAND_28888,CAND_28999,CAND_29029,CAND_30000,CAND_30003,CAND_30013,CAND_30022,CAND_30030,CAND_30041,CAND_30050,CAND_30111,CAND_30123,CAND_30190,CAND_30222,CAND_30234,CAND_30300,CAND_30333,CAND_30369,CAND_33000,CAND_33013,CAND_33033,CAND_33055,CAND_33066,CAND_33100,CAND_33123,CAND_33174,CAND_33190,CAND_33300,CAND_33333,CAND_33456,CAND_33777,CAND_35000,CAND_35001,CAND_35005,CAND_35014,CAND_35017,CAND_35019,CAND_35022,CAND_35035,CAND_35043,CAND_35065,CAND_35080,CAND_35100,CAND_35111,CAND_35120,CAND_35122,CAND_35123,CAND_35135,CAND_35197,CAND_35220,CAND_35222,CAND_35235,CAND_35316,CAND_35321,CAND_35333,CAND_35335,CAND_35355,CAND_35356,CAND_35432,CAND_35500,CAND_35508,CAND_35555,CAND_35577,CAND_35605,CAND_35622,CAND_35635,CAND_35640,CAND_35735,CAND_35777,CAND_35788,CAND_35789,CAND_35835,CAND_35888,CAND_35999,CAND_36000,CAND_36003,CAND_36006,CAND_36007,CAND_36021,CAND_36036,CAND_36123,CAND_36126,CAND_36128,CAND_36145,CAND_36171,CAND_36190,CAND_36200,CAND_36203,CAND_36222,CAND_36225,CAND_36275,CAND_36354,CAND_36363,CAND_36368,CAND_36411,CAND_36444,CAND_36454,CAND_36455,CAND_36456,CAND_36457,CAND_36499,CAND_36500,CAND_36510,CAND_36543,CAND_36600,CAND_36610,CAND_36666,CAND_36777,CAND_36789,CAND_36822,CAND_36888,CAND_36987,CAND_36999,CAND_40000,CAND_40004,CAND_40012,CAND_40013,CAND_40023,CAND_40040,CAND_40079,CAND_40110,CAND_40113,CAND_40122,CAND_40123,CAND_40125,CAND_40140,CAND_40147,CAND_40159,CAND_40217,CAND_40222,CAND_40231,CAND_40313,CAND_40321,CAND_40334,CAND_40444,CAND_40456,CAND_40500,CAND_40525,CAND_40555,CAND_40567,CAND_40590,CAND_40600,CAND_40700,CAND_40777,CAND_40790,CAND_43000,CAND_43007,CAND_43025,CAND_43043,CAND_43191,CAND_43333,CAND_43500,CAND_43777,CAND_44000,CAND_44001,CAND_44004,CAND_44007,CAND_44014,CAND_44022,CAND_44041,CAND_44044,CAND_44055,CAND_44100,CAND_44110,CAND_44111,CAND_44123,CAND_44156,CAND_44181,CAND_44190,CAND_44191,CAND_44200,CAND_44222,CAND_44244,CAND_44300,CAND_44333,CAND_44380,CAND_44444,CAND_44456,CAND_44500,CAND_44555,CAND_44567,CAND_44600,CAND_44655,CAND_44669,CAND_44680,CAND_44700,CAND_44770,CAND_44777,CAND_44789,CAND_44888,CAND_44900,CAND_45000,CAND_45007,CAND_45021,CAND_45022,CAND_45045,CAND_45111,CAND_45112,CAND_45123,CAND_45190,CAND_45222,CAND_45223,CAND_45234,CAND_45245,CAND_45345,CAND_45455,CAND_45456,CAND_45611,CAND_45620,CAND_45678,CAND_45777,CAND_45789,CAND_45888,CAND_50000,CAND_50001,CAND_50013,CAND_50022,CAND_50069,CAND_50100,CAND_50112,CAND_50123,CAND_50180,CAND_50200,CAND_50222,CAND_50258,CAND_50321,CAND_50500,CAND_50555,CAND_50587,CAND_50700,CAND_50777,CAND_50789,CAND_51000,CAND_51001,CAND_51007,CAND_51008,CAND_51009,CAND_51010,CAND_51014,CAND_51020,CAND_51051,CAND_51077,CAND_51111,CAND_51125,CAND_51151,CAND_51190,CAND_51234,CAND_51236,CAND_51333,CAND_51351,CAND_51400,CAND_51420,CAND_51444,CAND_51451,CAND_51456,CAND_51500,CAND_51511,CAND_51551,CAND_51666,CAND_51700,CAND_51721,CAND_51751,CAND_51777,CAND_55000,CAND_55007,CAND_55012,CAND_55015,CAND_55022,CAND_55023,CAND_55028,CAND_55043,CAND_55055,CAND_55056,CAND_55100,CAND_55110,CAND_55111,CAND_55120,CAND_55123,CAND_55125,CAND_55128,CAND_55155,CAND_55180,CAND_55190,CAND_55200,CAND_55222,CAND_55255,CAND_55321,CAND_55333,CAND_55400,CAND_55455,CAND_55456,CAND_55500,CAND_55510,CAND_55520,CAND_55530,CAND_55550,CAND_55555,CAND_55600,CAND_55623,CAND_55678,CAND_55777,CAND_55789,CAND_55800,CAND_55888,CAND_65000,CAND_65013,CAND_65613,CAND_77000,CAND_77001,CAND_77007,CAND_77011,CAND_77013,CAND_77023,CAND_77033,CAND_77041,CAND_77051,CAND_77077,CAND_77100,CAND_77111,CAND_77123,CAND_77151,CAND_77177,CAND_77190,CAND_77199,CAND_77222,CAND_77277,CAND_77300,CAND_77333,CAND_77345,CAND_77369,CAND_77380,CAND_77477,CAND_77500,CAND_77544,CAND_77555,CAND_77700,CAND_77770,CAND_77777,CAND_77778,CAND_77789,CAND_77855,CAND_77877,CAND_77888,CAND_77890,CAND_77953,CAND_77999,CAND_90000,CAND_90011,CAND_90012,CAND_90015,CAND_90017,CAND_90022,CAND_90033,CAND_90055,CAND_90056,CAND_90070,CAND_90077,CAND_90090,CAND_90100,CAND_90108,CAND_90110,CAND_90111,CAND_90120,CAND_90123,CAND_90133,CAND_90172,CAND_90180,CAND_90181,CAND_90190,CAND_90222,CAND_90234,CAND_90300,CAND_90310,CAND_90320,CAND_90321,CAND_90369,CAND_90403,CAND_90423,CAND_90444,CAND_90456,CAND_90555,CAND_90590,CAND_90678,CAND_90771,CAND_90777,CAND_90789,CAND_90790,CAND_90888,CAND_90900,CAND_90999
1,1244,COLEGIO ESTADUAL ANGELO TREVISAN,R CARLOS RAZERA   445,VISTA ALEGRE,-25.41149479,-49.29358008,31,0,4990,4073,240,182,0,3,8,13,53,2,7,0,1,13,1,34,2,1,1,0,50,0,0,0,1,4,17,6,4,4,28,0,0,2,0,37,1,0,1,0,0,0,5,1,11,6,0,1,0,27,0,1,0,0,1,1,4,10,0,0,7,3,0,1,1,0,2,40,0,1,0,1,0,3,0,0,79,0,0,0,5,18,0,2,0,2,0,4,2,0,27,0,1,0,0,0,0,2,5,0,0,0,0,7,0,35,0,0,0,1,0,38,62,0,0,0,0,0,3,0,0,0,0,0,2,11,0,0,1,0,1,0,3,3,3,1,155,0,1,0,1,0,3,0,2,2,2,0,9,0,0,0,0,0,0,1,0,0,0,0,19,0,7,0,0,0,10,0,0,0,2,3,0,2,0,1,122,4,56,11,1,0,0,73,5,2,0,0,6,0,2,0,1,1,0,0,1,5,0,2,4,70,0,0,1,0,0,0,0,0,2,1,1,0,0,0,0,0,0,0,0,0,0,0,0,7,0,0,11,0,0,0,2,0,0,0,1,0,0,0,0,0,0,0,1,1,0,4,0,3,0,1,0,0,0,0,0,0,1,0,0,0,1,0,8,0,1,0,0,0,0,0,16,0,0,6,0,0,3,2,11,0,1,0,0,0,0,0,2,0,0,0,0,0,0,2,0,0,0,0,0,0,1,0,0,0,0,0,1,1,0,1,0,0,0,0,0,0,0,1,0,0,0,0,0,0,0,0,0,0,6,2,0,0,0,0,0,0,0,54,0,0,1,0,79,0,0,0,1,16,1,0,1,1,0,4,105,0,0,0,1,0,0,1,0,2,0,0,3,0,0,2,0,1,0,0,0,0,0,0,0,0,0,0,0,0,0,0,0,0,0,0,0,0,12,5,32,0,0,120,0,3,1,0,9,10,0,8,4,0,0,53,5,0,0,2,2,0,0,0,0,4,0,52,0,5,5,0,0,0,0,1,0,1,1,2,0,0,2,0,2,0,0,0,0,0,14,0,0,2,0,0,2,1,0,0,41,0,0,0,5,0,0,0,1,0,0,0,0,0,0,0,0,0,0,0,0,0,0,0,1,0,0,0,0,0,0,1,1,0,0,0,0,0,4,1,0,0,0,0,0,0,0,0,0,3,0,0,0,0,0,0,0,0,0,1,0,0,6,0,1,1,0,6,15,1,44,0,8,1,31,3,0,0,0,7,0,0,0,0,0,0,0,5,0,0,0,1,0,0,0,0,2,4,1,1,1,0,0,0,0,9,1,6,0,4,0,0,0,0,2,1,0,0,0,0,2,0,0,0,0,0,0,0,0,2,0,0,0,1,0,0,0,1,2,0,0,5,0,0,1,0,3,0,0,1,0,2,0,0,0,0,0,2,0,0,0,0,1,0,0,0,0,0,0,0,1,0,1,1,0,0,0,0,0,0,2,0,0,0,0,0,0,0,0,0,5,0,0,0,0,1,1,6,0,1,1,0,0,0,50,17,0,0,1,49,0,0,0,3,0,0,0,0,0,5,0,0,4,8,10,1,95,0,3,0,2,4,0,8,0,65,0,0,3,2,0,7,203,0,1,0,0,0,0,0,30,0,0,0,0,0,1,2,5,0,0,1,0,0,0,0,0,0,3,0,0,0,1,0,1,0,1,8,1,0,0,0,0,0,2,5,5,0,0,0,0,0,0,0,0,0,0,0,0,0,0,0,0,0,0,0,0,0,0,2,41,0,4,0,0,0,11,0,1,0,0,0,4,14,4,83,5,1,5,0,4,1,1,0,0,1,10,5,36,5,2,0,0,0,0,8,0,0,2,0,0,1,2,2,1,266,3,19,38,2,13,3,7,0,2,3,15,3,0,1,0,0,0,10,0,0,0,3,3,6,0,1,0,0,0,1,0,0,0,0,1,7,0,1,0,0,0,0,0,0,2,1,0,0,0,5,1,0,0,0,0,0,0,1,0,1,0,0,0,0,0,0,0,0,0,0,4,10,0,0,0,0,0,26,0,0,0,0,0,0,0,0,1,0,0,0,0,3,0
1,1252,ESCOLA ESTADUAL DONA CAROLA,R SOLIMOES  290,SÃO FRANCISCO,-25.41958047,-49.27991765,2,0,1701,1410,49,54,0,2,2,7,18,0,3,0,0,1,1,10,0,0,0,0,8,3,0,0,1,1,1,5,1,1,10,1,0,2,1,17,0,0,0,0,1,0,1,0,4,2,0,0,0,9,3,0,0,1,0,0,0,7,0,0,0,1,0,0,0,0,1,15,0,1,0,0,0,0,0,0,34,0,0,0,0,8,0,0,0,1,0,0,0,0,4,0,0,0,0,0,2,0,1,0,0,0,0,2,0,9,0,0,0,0,0,20,21,0,0,0,0,0,0,0,0,0,0,0,0,4,3,0,0,0,0,0,3,2,2,0,82,0,0,0,0,1,0,0,0,0,2,0,0,0,0,0,0,0,0,0,0,0,0,1,11,0,1,0,0,0,7,0,1,0,0,0,0,1,0,0,44,4,29,7,0,1,0,17,4,3,0,0,2,0,0,0,0,0,0,0,0,2,0,0,3,30,0,0,0,0,2,0,0,0,0,0,0,0,0,0,1,0,0,0,0,0,0,0,0,0,0,0,0,0,0,0,1,0,0,0,0,0,0,0,0,0,0,0,0,0,0,1,0,0,0,0,0,0,0,0,0,1,0,0,0,2,0,0,4,0,3,0,0,0,0,0,0,2,0,4,0,0,1,5,10,0,0,0,0,0,0,0,3,0,0,0,0,0,0,0,0,0,0,0,0,0,0,0,0,0,0,0,0,0,0,1,0,0,0,0,1,0,0,0,0,0,0,0,0,0,1,0,0,0,2,0,0,0,0,0,0,0,0,22,0,0,0,0,29,0,0,0,0,5,0,0,1,0,0,1,42,2,0,0,0,0,0,1,0,0,0,0,0,0,0,0,0,0,0,0,0,1,0,0,0,0,0,0,0,0,0,0,0,0,0,0,0,0,6,1,23,0,0,33,0,0,2,0,9,2,1,6,4,0,0,9,0,0,0,0,0,0,0,0,0,0,0,16,0,10,1,0,0,0,0,0,0,0,1,0,2,0,0,0,1,0,0,0,0,0,2,0,0,2,0,0,0,0,0,1,13,0,0,0,0,0,0,0,0,0,1,0,0,0,0,0,1,0,0,0,0,0,0,0,0,0,0,0,0,0,0,0,0,0,0,0,0,0,2,0,0,0,0,0,0,0,0,0,0,0,0,0,0,0,0,0,0,0,0,0,0,0,1,0,0,1,0,2,0,0,20,1,0,1,8,1,0,0,0,1,0,0,0,0,0,0,0,3,0,0,1,0,0,0,0,0,1,0,2,0,0,0,0,0,0,1,0,0,0,1,0,0,0,0,2,0,0,0,0,0,1,0,0,2,0,0,0,0,0,0,0,0,0,0,0,0,0,1,0,0,0,2,0,0,0,0,0,0,0,0,0,0,0,0,0,0,0,3,0,0,0,0,0,0,0,0,0,0,0,0,0,0,0,0,0,1,0,2,0,0,2,1,3,0,0,0,0,0,0,0,2,0,0,0,0,1,1,0,0,0,0,0,0,0,30,4,1,0,0,17,0,0,0,0,0,0,0,5,0,3,0,0,3,1,4,0,24,0,1,0,0,0,0,6,0,23,0,2,0,1,0,5,62,0,1,0,0,0,0,0,8,0,0,0,0,0,0,0,0,0,0,1,0,0,3,0,0,0,1,7,0,1,0,0,2,0,0,4,0,0,0,0,0,0,0,3,0,0,0,0,0,0,0,0,0,0,0,0,0,0,0,0,0,0,0,0,0,0,0,0,8,0,0,0,0,0,0,0,0,0,0,0,1,2,0,7,2,0,0,1,3,1,3,0,0,3,6,0,15,1,0,0,0,0,0,8,0,0,0,0,0,0,0,1,1,82,4,0,2,0,3,1,3,0,2,0,1,0,1,0,0,0,0,1,0,0,0,2,3,4,0,0,0,0,0,0,0,0,0,0,0,8,0,0,0,0,0,0,0,0,0,0,0,0,0,3,0,0,0,1,0,0,0,0,0,0,0,0,1,0,0,0,0,0,0,0,1,6,0,0,0,0,0,10,0,0,0,1,0,0,0,0,1,1,0,0,0,1,0
1,1260,ESCOLA MUNICIPAL MIRAZINHA BRAGA,R CORONEL JOAO GUILHERME GUIMARAES 1500,BOM RETIRO,-25.40885668,-49.28136751,13,0,2104,1764,100,74,0,0,1,10,29,0,6,0,0,4,0,11,0,0,0,0,13,0,0,0,0,0,5,0,3,1,7,0,1,0,0,18,0,0,0,0,0,0,2,0,7,4,0,1,0,10,0,0,1,0,1,0,0,3,0,0,1,4,0,4,3,0,0,17,0,2,0,0,1,2,0,2,44,0,0,0,0,4,1,0,0,0,0,3,0,1,7,0,0,0,0,0,0,0,8,0,0,0,0,5,0,28,0,0,0,0,0,20,23,0,0,0,0,0,3,0,0,0,0,0,0,4,0,0,2,0,0,0,2,1,0,0,78,1,0,0,0,1,0,0,1,0,4,0,1,0,1,0,0,1,0,0,0,0,0,0,6,0,8,0,0,1,6,1,0,1,1,0,0,3,1,0,60,3,10,3,0,1,0,28,4,5,0,0,0,0,0,0,0,0,3,0,1,0,1,0,1,33,0,0,0,0,0,0,0,0,0,1,0,0,1,0,0,0,0,0,0,1,1,0,0,2,0,0,2,0,0,0,3,0,1,0,0,0,0,0,0,0,0,0,0,1,0,2,0,2,0,0,2,0,0,0,0,1,0,1,1,0,0,0,7,0,0,0,0,0,0,0,8,0,0,1,0,0,0,4,0,0,0,0,0,0,0,0,5,0,0,0,0,0,0,0,0,0,0,0,0,0,0,0,0,0,0,0,0,0,1,0,0,0,0,0,0,0,0,0,0,0,0,0,0,0,0,0,0,0,1,0,0,0,0,0,0,0,0,23,0,0,0,0,42,0,0,0,0,3,0,0,1,0,0,0,57,0,0,0,0,3,0,1,0,0,2,0,0,0,0,0,0,0,0,0,0,0,0,0,0,0,0,0,0,1,0,0,0,0,0,0,0,0,5,0,8,0,0,27,1,0,3,0,10,13,0,3,3,1,0,21,1,0,0,7,0,0,0,0,1,1,0,8,0,2,1,0,0,1,0,0,5,0,0,0,1,0,0,0,0,0,0,0,0,0,5,0,1,0,0,0,0,0,0,0,26,0,1,0,0,0,0,0,0,0,3,0,0,0,0,0,1,0,0,0,0,0,0,0,0,0,0,0,0,0,0,0,0,0,0,0,0,0,2,0,0,0,0,0,0,0,0,0,0,0,0,0,1,0,0,0,0,0,0,0,0,0,3,0,0,2,0,2,3,0,24,0,5,1,12,2,0,0,0,1,0,0,0,0,0,1,0,0,0,0,2,0,0,0,0,0,0,0,0,0,0,0,0,0,1,1,0,1,0,0,0,0,0,0,0,0,0,0,0,0,0,0,0,2,0,0,0,0,0,1,0,0,0,0,0,0,0,0,0,0,0,2,0,0,0,0,0,0,0,0,0,0,0,0,0,0,0,1,0,0,0,0,1,0,0,0,0,0,0,0,0,0,0,0,0,0,0,0,0,0,1,0,0,0,0,0,0,0,0,0,7,0,0,0,0,1,0,1,0,0,0,0,0,0,17,6,0,1,0,20,0,0,0,1,0,0,0,1,1,7,0,0,0,0,1,2,41,0,5,0,0,4,0,5,1,30,0,0,0,0,0,6,87,4,1,0,0,0,0,0,25,1,0,0,0,0,1,1,1,0,0,5,0,0,0,0,0,0,0,4,0,0,0,0,2,0,0,0,1,0,0,0,0,0,0,3,0,0,0,0,0,0,3,0,0,0,0,0,0,0,0,0,0,0,0,0,0,0,0,0,4,0,0,0,0,0,0,0,0,0,0,0,4,9,2,4,4,0,0,0,0,0,3,0,0,1,7,1,21,5,3,0,0,0,0,5,0,0,1,0,2,0,0,0,0,122,2,5,10,0,3,5,5,0,0,0,2,2,0,0,0,0,0,2,0,0,0,0,3,2,0,0,0,0,0,0,0,0,0,0,0,6,0,0,0,0,0,0,0,0,0,1,0,0,0,7,0,0,0,0,0,0,0,1,0,0,1,0,0,0,1,2,0,0,0,0,3,2,0,0,0,0,0,15,1,0,0,0,0,0,0,0,0,1,0,0,0,0,0
1,1279,ESCOLA MUNICIPAL NYMPHA MARIA DA ROCHA PEPLOW,R BATISTA PESSINE  933,VISTA ALEGRE,-25.41214346,-49.30378369,31,0,1516,1257,75,39,0,3,2,4,14,1,0,0,0,5,1,17,1,0,0,0,13,0,0,1,0,1,15,0,0,0,7,0,1,0,0,5,0,0,2,0,0,1,0,3,0,0,0,1,0,29,0,0,4,0,2,0,0,3,0,0,0,5,0,0,0,0,2,10,0,0,0,0,0,0,0,0,50,0,0,0,0,7,0,1,0,0,0,1,0,0,3,0,0,0,0,0,0,0,2,0,0,0,0,3,0,8,0,0,0,1,0,5,26,2,0,0,0,0,1,0,0,0,0,0,0,4,0,0,0,0,0,0,0,0,1,0,38,0,0,0,1,0,0,0,0,0,2,0,3,0,1,0,0,1,0,0,0,0,0,0,9,0,4,0,0,0,2,1,0,0,0,0,0,1,1,0,27,0,16,2,0,0,0,27,2,0,0,0,0,0,0,0,0,0,0,0,2,0,0,0,0,10,0,0,0,0,1,0,0,0,0,0,0,0,0,0,0,0,0,0,0,0,0,0,0,5,0,0,4,0,2,0,0,0,0,0,1,0,0,0,0,0,0,0,2,0,0,0,0,0,1,0,0,0,0,0,0,0,0,0,0,0,0,0,6,0,0,0,0,0,0,0,3,1,0,0,0,1,1,0,4,0,0,0,1,0,0,0,1,0,0,0,0,0,0,1,0,0,0,0,0,0,0,0,0,0,0,0,0,0,0,0,0,0,0,0,0,0,0,0,0,0,0,0,0,0,0,0,0,0,0,0,0,0,0,0,0,0,0,19,1,0,0,0,20,0,0,0,0,5,0,0,5,0,0,2,20,1,0,2,0,0,0,0,0,0,1,0,0,0,0,1,0,0,1,0,0,0,0,0,0,0,0,0,0,0,0,0,0,0,0,0,0,0,1,0,5,0,0,29,0,0,2,1,1,2,0,0,1,0,0,15,0,0,0,3,1,0,0,0,0,0,0,13,0,4,2,0,0,0,1,0,0,0,1,0,0,0,0,0,0,0,0,0,0,0,5,0,0,0,0,1,0,0,0,0,11,0,0,0,0,0,0,0,0,0,0,0,0,0,0,0,0,0,0,0,0,0,0,0,0,0,1,0,0,0,0,0,0,0,0,0,0,0,4,0,0,0,0,0,0,0,0,0,0,0,0,0,0,0,0,0,0,0,0,0,0,1,1,1,0,0,0,1,1,2,12,0,3,0,13,2,0,0,0,7,0,0,1,0,0,0,0,0,0,0,0,0,0,0,0,0,0,0,0,0,0,1,0,0,0,10,0,1,0,0,0,0,1,0,1,0,0,0,0,0,0,0,0,3,0,0,0,0,0,0,0,0,0,0,0,0,0,0,1,0,0,0,0,0,0,0,0,0,0,0,0,0,0,0,0,0,0,1,0,0,0,0,0,0,0,0,0,0,0,0,0,0,0,1,0,0,0,0,0,0,2,0,0,0,0,0,0,0,0,0,1,0,0,0,0,2,0,1,0,0,0,0,0,0,13,3,0,0,0,12,0,0,0,0,0,1,0,0,0,2,0,0,0,1,0,0,26,0,0,0,0,2,0,3,0,12,0,1,0,0,0,1,80,1,1,0,0,0,0,0,13,0,0,0,0,0,0,4,0,0,0,2,0,0,0,0,0,0,0,1,0,0,0,0,0,0,1,2,0,0,0,0,0,0,0,0,0,0,0,0,0,0,0,0,0,0,0,0,0,0,0,0,0,0,2,0,0,0,0,0,2,0,0,0,0,0,2,0,0,0,0,0,4,8,1,17,1,0,0,0,0,0,0,0,1,4,3,2,9,0,0,1,0,0,0,6,0,0,0,0,0,0,0,0,0,86,1,2,30,1,11,0,6,0,6,2,5,1,0,3,0,1,0,2,0,0,0,2,2,1,0,1,0,0,0,0,0,0,0,0,1,4,0,0,0,0,0,0,0,0,0,1,0,0,0,3,0,0,0,0,0,0,0,0,0,2,0,0,0,0,0,0,0,0,0,0,2,2,0,0,0,0,0,9,0,0,1,0,0,0,0,0,0,1,0,0,0,1,2
1,1317,COLÉGIO ADVENTISTA BOM RETIRO (PARTICULAR),R LYSIMACO FERREIRA DA COSTA 980,BOM RETIRO,-25.41612053,-49.27517221,13,0,3914,3128,157,121,0,2,6,7,54,0,2,0,2,9,0,23,1,0,0,0,26,1,1,0,0,0,5,5,8,0,19,0,0,2,0,21,1,0,0,0,0,1,3,1,15,6,2,0,1,16,4,0,0,0,0,0,2,15,0,0,2,16,0,3,0,0,1,24,0,0,0,1,0,2,0,1,49,0,0,0,0,10,2,0,0,0,0,3,0,1,5,2,0,0,0,0,0,0,4,1,0,0,0,10,0,18,0,2,0,1,0,23,30,1,0,0,0,0,4,0,0,0,0,0,1,5,4,0,0,1,1,0,4,1,2,1,151,1,0,0,0,0,0,1,8,0,5,0,2,0,3,0,0,0,0,0,0,0,2,5,18,0,7,2,0,0,14,0,0,0,0,0,0,1,0,0,112,3,52,14,1,2,0,49,0,5,1,1,1,1,0,0,0,1,0,0,3,7,1,1,8,53,0,0,0,0,2,0,0,0,0,2,1,0,0,0,0,0,0,0,0,0,0,0,0,7,0,0,0,0,0,1,1,0,1,0,0,0,0,0,0,0,0,0,0,0,0,2,0,0,0,0,0,0,0,0,0,0,0,0,0,0,0,3,22,0,0,0,0,0,0,0,0,2,0,2,0,0,4,4,7,0,0,0,0,0,0,0,2,0,0,0,0,0,0,1,0,0,0,0,0,0,0,0,1,0,0,1,0,0,3,0,0,2,0,0,0,0,1,0,0,0,0,0,1,0,1,0,0,2,9,0,0,0,0,0,2,0,0,37,0,0,0,0,61,0,0,0,0,17,0,1,3,1,0,0,78,3,0,0,0,0,0,0,0,0,0,0,2,0,0,2,0,0,0,0,0,0,0,0,0,0,0,0,1,0,0,0,0,0,0,0,0,0,12,3,28,0,0,72,2,2,7,2,18,10,0,6,2,0,0,39,4,0,0,4,0,1,0,1,0,2,1,32,0,24,0,0,2,0,0,0,0,0,0,1,3,1,2,0,0,0,0,0,0,1,5,0,2,0,0,0,4,0,0,0,46,0,5,0,5,0,1,0,0,0,1,0,0,0,0,0,0,2,0,0,0,0,0,0,3,0,0,0,0,0,0,0,1,0,0,0,1,0,0,0,1,0,0,0,0,0,0,0,0,0,0,0,0,0,0,0,0,0,0,2,0,0,4,2,4,3,1,4,6,0,38,1,5,2,30,3,1,0,0,2,0,0,0,0,0,0,0,0,0,0,0,0,0,1,0,1,0,0,1,0,0,0,0,0,2,5,0,1,0,6,0,0,3,0,0,0,0,0,0,0,2,0,0,8,0,0,0,0,0,0,0,0,0,0,0,0,0,0,0,0,0,1,0,1,0,0,0,0,0,0,0,0,0,1,0,0,0,0,0,0,0,0,1,0,0,0,7,0,0,0,2,0,1,0,0,2,0,1,0,0,1,0,0,0,0,0,0,0,1,0,4,0,0,0,0,3,0,4,0,1,1,1,0,0,50,19,1,0,0,36,0,0,1,0,0,0,0,2,1,6,0,0,5,7,2,1,58,0,3,0,0,7,0,7,0,53,1,1,1,0,0,9,136,7,0,0,0,5,0,0,26,3,0,0,0,0,1,1,2,0,0,8,0,0,0,0,0,0,2,11,0,0,0,1,3,0,1,2,0,1,0,1,0,1,2,3,5,2,0,0,0,0,0,0,0,0,1,0,0,0,0,0,1,0,3,0,0,0,0,1,4,1,0,0,0,0,0,0,0,0,1,0,8,6,0,42,0,1,1,1,4,2,10,0,4,12,24,4,34,1,1,0,0,0,0,12,0,0,2,0,0,1,1,0,0,187,5,5,10,0,9,5,9,0,6,1,9,2,0,0,0,1,0,5,0,0,2,0,1,3,0,0,0,0,0,2,0,0,0,0,0,22,0,0,0,0,0,0,0,0,1,2,0,0,0,2,0,0,2,0,0,0,1,0,0,0,0,0,0,0,0,1,1,0,0,1,3,5,1,0,0,0,0,7,0,0,0,0,0,2,0,0,0,0,0,0,0,3,0
1,1325,COLÉGIO CATÓLICA DE CURITIBA,NILO PECANHA  1635,BOM RETIRO,-25.406049,-49.2759618,13,0,4793,3934,161,131,0,3,6,17,49,1,2,0,1,8,2,37,2,0,0,0,42,0,0,0,1,4,23,5,10,1,15,1,1,2,0,29,2,0,0,0,0,0,6,0,25,8,0,2,2,20,3,0,0,2,0,0,6,14,0,0,3,9,0,5,4,0,3,33,0,0,0,0,1,0,1,1,77,1,0,0,0,8,1,0,0,0,0,2,0,0,17,0,0,0,0,0,0,0,4,0,0,0,0,9,0,32,0,1,0,0,0,35,26,1,0,0,0,0,6,0,0,1,0,0,6,7,1,0,0,0,1,0,0,1,0,1,267,0,0,0,1,0,0,0,7,3,3,0,4,0,3,0,1,0,0,4,0,0,0,1,23,0,7,0,0,1,7,3,0,0,0,0,1,0,4,0,123,13,45,9,2,1,0,70,3,12,0,0,1,0,1,1,0,6,0,0,2,0,0,0,2,52,0,0,3,3,2,0,0,0,0,1,0,0,0,0,0,0,0,0,0,0,0,0,0,8,0,0,6,0,0,3,2,0,0,0,0,0,0,0,0,0,0,0,0,2,0,1,0,0,0,0,0,0,0,0,0,0,0,0,0,2,0,2,16,0,0,0,0,0,0,0,0,0,0,0,0,0,4,1,11,0,0,0,0,0,0,0,12,0,0,0,0,0,0,1,0,0,0,0,0,0,0,1,0,0,0,0,0,1,0,0,0,0,0,0,0,0,0,2,0,0,0,0,0,0,0,0,0,0,6,0,0,0,0,0,4,0,0,82,0,0,1,0,116,0,3,0,0,9,1,1,1,0,0,0,110,2,0,0,0,1,0,3,0,0,0,0,0,0,0,3,3,0,0,0,0,0,0,0,0,0,0,0,0,0,0,0,0,0,0,1,0,0,13,7,47,0,0,100,1,0,2,1,26,18,0,11,3,0,0,35,2,2,2,1,1,0,0,1,1,1,0,23,0,9,1,0,0,1,1,0,4,0,0,0,7,0,0,0,2,0,0,2,0,0,16,0,0,3,0,0,2,4,0,0,71,1,0,0,6,0,0,0,0,0,5,0,0,0,0,0,0,0,0,0,0,0,0,0,7,0,0,0,0,0,0,0,0,0,0,0,0,0,1,0,2,0,0,0,0,0,0,0,0,0,0,0,0,0,0,0,0,0,0,0,0,1,2,1,0,5,8,5,12,1,68,0,5,2,42,5,0,0,0,3,0,0,0,0,0,0,0,4,0,0,1,0,0,0,0,0,0,0,0,0,0,0,0,0,0,4,0,2,0,7,0,0,0,0,0,0,0,0,0,0,0,0,0,5,0,0,0,0,0,0,0,0,0,0,0,0,0,0,0,0,0,1,0,0,1,0,0,0,2,0,0,0,0,0,0,0,0,0,0,0,0,1,0,0,0,0,1,0,0,0,0,0,1,0,1,3,0,1,0,0,5,0,7,0,0,0,0,0,0,0,2,2,0,1,0,8,3,2,0,0,0,0,0,0,60,19,0,1,0,42,0,0,0,0,0,0,4,5,1,8,1,0,13,5,7,0,74,0,0,0,2,3,0,8,1,67,0,0,1,1,0,11,169,6,0,0,1,2,2,0,28,0,0,0,0,0,5,1,2,0,0,14,1,0,0,0,0,1,0,5,0,0,0,0,4,0,3,6,0,1,0,0,0,5,0,7,0,3,0,1,1,0,0,0,1,0,0,0,0,0,0,0,2,0,0,0,0,0,0,0,2,1,1,0,0,0,0,0,1,0,0,0,6,9,7,32,3,1,2,1,3,4,1,0,4,6,21,2,29,1,4,1,0,1,0,11,1,0,0,0,2,0,1,1,6,267,0,0,17,2,16,2,12,0,10,4,3,4,0,2,0,0,0,4,0,0,0,2,6,5,0,2,0,0,0,1,0,1,0,0,0,8,0,0,0,0,1,0,0,0,2,0,0,0,0,6,1,0,0,0,1,0,0,0,0,0,0,1,1,0,2,0,0,0,0,0,5,14,0,0,1,0,0,28,1,0,0,0,0,0,0,0,0,1,0,0,0,7,0
1,1422,COLEGIO ESTADUAL BENTO MUNHOZ DA ROCHA NETO,R ELVIRA B POLAK  67,PILARZINHO,-25.39678581,-49.28933367,32,0,3970,3221,294,154,0,4,2,6,48,4,2,1,1,13,0,13,0,0,0,0,14,0,2,0,0,5,16,3,4,0,6,0,2,0,1,16,0,0,0,0,0,2,5,0,12,1,0,0,1,49,0,2,0,0,0,0,5,4,0,1,1,4,0,1,3,1,4,7,0,0,0,0,0,3,0,2,124,1,0,0,0,5,0,0,0,0,0,2,0,0,6,0,0,0,1,0,0,0,5,0,0,0,0,13,0,20,0,0,0,0,0,30,56,1,0,0,2,0,17,0,0,0,0,0,1,3,0,0,2,0,2,0,3,0,2,0,137,2,0,1,0,2,0,0,1,0,2,0,18,2,0,0,1,0,0,0,0,0,1,4,7,0,9,0,0,0,8,2,0,0,1,0,3,3,0,0,104,3,66,10,1,1,0,60,1,5,0,1,5,1,0,2,1,1,0,0,0,2,0,2,3,48,0,0,0,0,1,0,0,0,1,0,3,0,0,0,0,0,0,0,0,0,0,0,0,9,0,1,2,0,0,1,6,0,0,0,0,1,0,0,0,0,0,0,0,0,0,0,0,0,0,0,0,0,0,0,0,0,0,0,2,0,0,0,20,0,0,4,0,0,0,0,19,0,0,0,0,0,1,3,10,0,0,0,2,0,0,0,12,0,0,0,0,0,0,1,0,0,0,0,0,0,0,0,0,0,0,0,0,0,0,0,0,0,0,0,0,0,0,0,0,0,0,1,0,0,0,0,0,1,0,0,0,0,0,0,0,0,0,32,0,0,1,0,64,0,0,0,0,18,0,0,8,0,0,0,45,2,0,0,0,0,2,0,0,0,4,0,1,0,0,1,0,0,0,0,0,0,0,0,0,0,0,0,0,0,0,0,0,0,0,0,0,0,1,3,19,0,0,75,1,0,4,2,20,6,0,2,0,0,0,56,2,0,0,5,0,1,0,0,0,2,0,57,1,3,4,0,0,0,0,12,1,0,2,2,1,0,0,0,0,0,0,0,0,0,6,0,0,0,0,0,0,0,0,0,33,0,0,0,4,0,1,0,0,0,0,0,0,0,0,0,0,0,0,0,0,0,0,0,0,0,0,0,0,0,0,2,0,0,1,0,1,0,2,0,0,0,0,0,0,0,0,0,0,1,0,0,0,0,0,0,0,0,0,0,0,1,3,4,1,0,1,1,1,1,29,0,4,2,18,1,0,0,0,1,0,0,0,0,0,2,1,0,0,0,0,3,0,0,0,0,0,3,1,0,0,0,0,0,0,3,0,1,0,5,0,0,4,0,0,0,0,0,0,0,1,0,0,3,0,0,0,0,0,3,0,0,0,0,0,0,0,0,0,0,0,23,1,0,0,0,1,0,0,0,0,2,0,0,1,0,0,12,0,0,0,0,2,0,0,0,0,0,0,0,1,0,2,0,0,3,0,0,0,0,6,0,0,0,0,0,0,0,0,1,4,0,0,0,0,3,1,2,0,0,0,0,0,0,23,16,0,1,0,14,0,0,0,2,0,0,1,1,0,3,0,0,1,6,1,0,133,0,4,0,2,5,0,5,0,42,0,0,1,3,0,5,148,0,4,0,1,1,0,0,23,0,0,0,0,0,0,2,5,2,0,0,0,0,0,0,0,0,0,1,0,0,0,0,0,0,0,1,0,1,0,0,0,2,6,6,0,4,0,0,0,0,0,0,0,0,0,0,0,1,0,0,1,0,0,0,0,0,0,1,3,0,0,0,0,1,1,0,0,0,0,0,11,7,3,15,1,0,0,0,1,0,3,0,0,10,6,0,11,3,1,0,0,0,0,9,0,0,1,0,1,0,0,0,1,171,1,4,10,1,12,2,6,1,7,4,16,0,0,0,0,0,0,0,0,0,0,3,2,6,0,2,0,0,0,0,0,0,0,2,2,5,0,0,3,0,0,0,0,0,8,2,0,0,0,17,0,0,0,1,0,0,1,0,0,0,0,0,0,0,7,0,0,0,0,0,2,9,0,0,0,0,0,29,0,0,0,0,0,0,0,0,3,0,0,0,1,2,0
1,1430,ESCOLA MUNICIPAL HERLEY MEHL,RUA SATURNINO ARRUDA DOS SANTOS 80,PILARZINHO,-25.38869683,-49.28458932,32,0,4637,3734,280,223,0,2,5,17,50,3,9,0,1,18,4,49,1,0,0,1,20,0,1,1,9,5,23,11,1,0,20,0,1,1,0,14,0,0,0,0,0,0,7,0,5,2,1,1,0,53,3,0,0,0,0,6,5,5,0,1,0,28,0,0,0,0,0,15,0,2,0,0,0,0,1,4,201,2,0,0,0,0,1,0,0,0,1,2,2,0,10,0,0,0,0,1,0,0,8,0,0,0,0,9,0,11,0,0,0,1,0,17,73,3,0,0,6,0,40,0,1,0,0,0,2,7,1,0,2,0,0,1,2,1,0,1,89,0,0,1,0,0,0,0,1,0,1,0,21,0,0,0,1,2,0,1,1,0,2,4,5,0,7,1,0,0,15,2,0,0,4,0,1,3,0,1,70,5,68,13,7,0,0,56,7,0,0,0,0,0,1,3,2,0,0,0,1,0,2,2,0,66,0,2,1,1,5,0,0,2,0,0,4,0,2,2,0,0,0,1,0,0,0,0,1,16,0,0,8,0,0,0,3,0,0,0,0,1,0,0,0,0,0,0,0,0,0,0,0,3,0,0,0,0,1,0,0,3,0,0,1,0,0,0,26,0,0,1,0,0,0,0,5,1,0,0,0,0,2,7,8,0,2,0,0,0,0,0,3,0,0,0,0,0,0,4,0,0,0,0,0,0,0,0,0,0,0,0,0,0,0,0,0,0,0,0,0,0,0,1,0,0,0,0,0,0,1,0,0,0,3,0,0,0,0,0,0,0,0,29,0,0,0,0,68,0,0,0,1,10,0,0,14,2,0,0,36,1,0,3,0,0,0,0,1,0,0,0,0,0,0,0,0,0,1,0,0,0,0,1,0,0,0,0,0,0,0,0,0,0,0,0,0,0,2,0,23,0,0,80,0,0,6,0,33,1,0,5,3,0,0,69,2,1,0,1,0,0,0,1,0,3,0,64,1,0,11,0,0,2,0,2,0,0,2,1,0,0,1,0,0,1,0,0,0,0,6,0,0,0,0,0,0,0,0,0,35,0,0,0,3,0,1,0,0,0,3,0,1,0,0,0,0,0,0,0,0,0,0,0,0,0,1,0,0,0,0,0,0,0,0,0,1,2,2,1,0,0,0,0,0,0,0,2,0,0,0,0,0,0,0,0,0,0,0,0,0,0,0,0,1,4,2,4,3,4,23,0,1,0,12,2,0,0,0,0,0,0,0,0,0,0,0,4,0,0,0,1,0,0,0,0,0,3,0,0,0,0,1,0,0,13,1,5,1,3,0,0,4,0,0,0,0,0,0,0,4,0,0,1,0,0,0,0,0,1,0,0,0,0,0,0,0,0,2,0,0,17,0,0,0,0,0,0,0,0,0,7,0,0,0,0,0,5,0,0,0,1,2,0,0,0,0,0,0,0,1,0,1,0,0,2,0,1,0,0,1,0,1,0,0,0,0,0,1,0,1,0,0,0,0,2,1,1,0,1,0,0,2,1,16,13,0,1,0,17,0,1,0,0,0,0,0,2,0,2,0,0,0,8,4,0,157,0,4,0,1,0,0,9,0,65,0,0,0,0,3,10,235,2,1,0,0,0,0,0,52,0,1,0,0,0,2,6,3,0,0,5,2,0,1,0,1,0,2,2,0,0,0,0,3,0,9,2,0,2,0,0,0,6,2,2,4,0,0,0,0,0,0,0,1,1,0,0,0,0,0,0,0,0,3,0,0,0,0,0,6,3,0,0,0,0,1,0,0,0,0,0,5,18,3,35,2,0,0,0,2,2,1,0,4,11,0,3,18,6,1,0,0,0,0,11,0,0,3,0,0,0,0,0,0,191,6,3,6,0,4,2,6,0,9,4,5,5,0,0,0,0,0,1,0,0,0,3,4,5,1,1,0,0,1,1,0,0,0,0,2,8,0,0,0,0,0,0,3,0,8,3,0,0,0,0,0,0,0,0,0,0,0,2,0,1,0,0,0,0,7,0,0,0,0,0,6,8,0,0,0,0,0,28,0,0,0,0,0,2,0,0,0,0,0,0,0,9,0
1,1457,ESCOLA ESTADUAL PROFESSORA MARIA HELOISA CASSELI,RUA CATHARINA POTINA DE MAURO 80,PILARZINHO,-25.39274258,-49.30096661,32,0,2112,1720,155,81,0,3,5,2,31,0,1,0,0,2,1,20,0,0,0,0,5,2,1,0,8,3,12,1,0,0,14,0,1,1,1,4,0,0,0,0,0,0,0,0,23,0,0,0,0,29,0,0,0,0,0,0,2,1,0,0,0,6,0,0,1,0,4,4,0,0,0,0,0,0,0,1,113,0,0,0,0,1,0,2,0,0,0,0,0,0,1,0,0,0,0,0,0,0,2,0,0,0,0,4,0,2,0,0,0,1,1,13,45,0,0,0,0,0,2,0,0,0,0,0,4,0,0,0,1,0,0,0,1,0,0,1,37,0,0,0,0,0,0,1,0,1,2,1,25,0,0,0,0,0,0,0,0,0,1,5,0,0,7,0,0,0,5,0,0,1,4,1,0,0,0,0,34,1,23,2,2,1,0,28,2,2,0,0,0,0,0,0,1,0,0,0,0,1,0,2,0,13,0,0,1,0,1,0,0,0,0,5,0,0,0,0,2,0,0,0,0,0,0,0,0,1,0,0,2,0,0,0,0,0,0,0,0,1,0,0,0,0,0,0,0,0,0,0,0,0,1,0,0,0,0,0,0,0,0,0,0,0,0,0,24,0,0,1,0,0,0,0,7,2,0,0,0,0,1,0,6,0,0,0,0,0,0,0,0,0,0,0,0,0,0,1,0,0,0,0,0,0,0,0,0,0,0,0,0,0,1,0,0,1,0,0,0,0,0,0,0,0,0,0,0,0,0,0,0,0,2,0,1,0,1,0,0,0,0,13,0,0,0,0,48,0,0,0,0,2,1,0,18,0,0,0,8,1,0,0,0,1,0,0,0,0,2,0,0,0,0,0,0,0,0,0,0,0,0,1,1,0,0,0,0,0,0,0,0,0,0,0,0,0,4,0,22,0,1,34,0,0,1,0,7,0,0,0,0,0,0,28,0,2,0,2,0,0,0,0,0,0,0,37,0,0,1,0,0,0,0,4,0,0,0,0,0,0,0,0,1,0,2,0,0,0,0,0,0,0,0,0,0,0,0,0,11,0,0,0,6,0,0,0,0,0,0,0,0,0,0,0,0,0,0,0,0,0,0,0,2,0,1,0,0,0,0,0,0,0,0,0,0,0,1,0,0,0,0,0,0,0,0,0,0,0,0,0,0,0,0,0,0,0,0,1,0,0,0,0,0,0,0,0,0,0,9,0,0,0,8,0,0,0,0,0,0,1,0,0,0,0,0,1,0,0,1,1,0,2,0,0,0,1,0,0,0,0,0,0,1,2,1,2,0,2,0,0,2,1,0,0,0,0,0,0,0,0,0,1,0,0,0,0,0,2,2,0,0,0,0,0,0,0,0,0,0,21,1,0,1,0,0,0,0,0,0,0,0,0,0,0,0,24,0,0,0,2,0,0,0,0,1,0,0,0,0,0,0,0,0,2,0,0,0,0,2,0,0,0,0,0,0,0,0,1,0,0,0,0,0,0,0,1,0,2,0,0,8,0,6,4,0,0,0,5,0,0,0,0,0,0,0,0,0,6,0,0,0,1,4,0,67,0,0,0,0,0,0,3,0,15,0,0,0,0,0,0,79,0,0,0,0,0,0,0,19,0,0,0,0,0,0,0,2,0,0,2,0,0,0,0,0,0,0,0,0,1,0,0,2,0,0,2,0,0,0,0,0,0,2,2,0,0,0,0,0,0,0,0,0,0,0,0,0,0,0,0,0,0,1,0,0,0,0,0,2,0,0,0,0,0,5,0,0,0,0,0,1,26,1,3,2,0,0,0,5,0,0,0,0,9,11,2,13,3,0,0,1,0,0,1,2,0,0,0,0,0,0,0,0,63,0,2,27,0,4,2,3,0,0,0,7,0,1,0,0,0,0,0,0,0,0,0,1,5,0,1,0,0,0,0,0,0,0,0,0,1,0,1,1,0,1,0,0,0,0,2,0,0,0,4,0,0,0,5,0,0,0,0,0,0,0,0,0,0,1,0,0,0,0,0,0,1,0,0,0,0,0,20,0,0,0,0,0,0,0,0,0,0,0,0,0,3,0
1,1465,ESCOLA MUNICIPAL PILARZINHO,R JORNALISTA GERALDO RUSSE  275,PILARZINHO,-25.38910219,-49.29454348,32,0,2438,1931,224,104,0,4,5,7,27,0,4,1,0,6,0,21,3,0,0,0,3,0,3,1,3,3,18,1,2,0,11,1,1,2,0,6,0,0,0,0,1,0,0,0,4,0,0,0,0,53,0,0,0,0,1,0,0,0,0,0,0,13,0,0,0,0,1,3,0,2,0,0,0,0,0,0,126,1,0,0,0,1,0,0,0,0,0,1,0,0,4,0,0,0,0,0,0,0,0,0,0,0,0,7,0,4,0,0,0,0,1,15,57,0,0,0,0,0,3,0,0,0,0,0,1,4,0,0,0,0,0,0,4,0,0,1,19,0,0,1,3,0,0,0,0,0,0,0,17,0,3,0,0,0,0,0,0,0,0,7,1,0,9,0,0,0,15,1,0,0,0,1,0,0,0,0,62,2,30,3,2,0,0,28,0,0,0,0,0,1,0,0,0,0,0,0,1,1,0,4,0,23,0,0,0,0,8,0,0,0,0,0,4,0,0,0,0,0,0,0,0,0,1,0,0,1,0,2,4,0,0,0,1,0,0,0,0,0,0,0,0,0,0,0,0,0,0,1,0,0,0,1,0,0,0,0,0,0,0,0,0,0,0,0,22,0,0,1,1,0,0,0,5,0,0,1,0,0,2,6,8,0,0,0,0,0,0,0,3,0,0,0,0,0,0,1,0,0,0,0,0,0,0,0,3,0,0,0,0,0,0,0,0,1,0,0,0,0,0,0,0,0,0,1,0,0,0,0,0,0,2,0,0,0,0,0,1,0,0,16,0,3,0,0,22,0,0,0,0,7,0,0,6,0,0,0,11,1,0,1,0,0,0,0,0,0,0,0,0,0,0,0,3,0,0,0,0,0,0,0,0,0,0,0,0,0,0,0,0,0,0,0,0,0,0,0,7,0,0,24,0,1,1,1,21,0,0,2,1,0,0,34,0,0,0,1,0,0,0,0,0,3,0,32,1,0,1,0,0,0,0,3,0,0,0,0,0,1,0,0,0,0,0,0,0,0,4,0,0,0,0,0,0,0,0,0,6,0,0,0,6,0,0,0,0,0,0,0,0,0,0,0,0,0,0,0,1,0,0,0,0,0,0,0,0,0,0,0,0,0,0,0,0,0,1,0,0,0,0,0,0,0,0,0,0,0,0,0,0,0,0,0,0,0,0,1,0,0,2,0,0,0,0,0,3,1,4,0,1,0,5,1,0,1,0,0,0,0,0,0,0,0,0,0,0,0,0,1,0,1,0,0,0,0,0,0,0,0,0,0,0,9,0,1,0,2,0,1,2,0,1,0,0,0,0,0,1,0,0,5,0,0,0,0,0,13,2,0,0,0,0,0,0,1,0,0,0,20,0,0,0,0,0,0,0,0,0,1,0,0,0,0,0,13,0,0,0,0,2,0,0,0,1,2,0,0,0,0,3,0,0,2,1,1,1,0,4,0,0,0,0,1,0,0,0,0,1,0,0,0,0,0,0,3,0,0,0,0,0,0,6,5,0,0,0,2,0,0,0,0,0,0,0,1,0,3,0,0,0,2,1,1,95,0,0,0,2,2,0,2,0,37,0,0,2,1,0,5,66,1,0,0,0,0,0,0,23,0,0,0,0,0,0,0,3,0,0,0,0,0,0,1,0,0,0,0,1,0,0,0,0,0,4,1,0,1,0,0,0,1,0,3,0,0,0,0,0,0,1,0,0,0,0,0,0,0,0,0,1,0,0,0,0,0,0,0,2,4,0,0,0,0,2,0,0,0,0,0,1,7,1,11,1,2,0,0,0,0,0,0,0,4,4,1,8,0,0,0,0,0,0,2,0,0,0,0,0,1,0,0,0,58,3,1,2,0,2,1,8,0,1,4,5,0,0,0,0,0,0,0,0,0,0,3,3,2,0,0,0,0,0,0,0,0,0,0,2,8,0,0,0,0,0,0,0,0,10,4,0,0,0,3,0,0,0,1,0,0,1,1,0,0,0,0,0,0,9,0,2,0,0,1,4,7,0,0,0,0,0,32,0,0,0,0,0,3,0,0,0,2,0,0,0,2,0
1,1716,ESCOLA MUNICIPAL ANA HELLA,RUA JOSE HELLA  93,VISTA ALEGRE,-25.39926059,-49.29778979,31,0,1748,1482,127,57,0,1,2,3,15,1,2,0,0,1,1,20,0,0,0,0,10,0,0,1,1,3,15,2,3,0,7,0,0,1,0,2,1,0,0,0,0,0,3,1,7,0,0,0,0,8,0,0,2,0,0,0,4,1,0,0,1,1,0,0,0,0,2,8,2,0,0,0,0,1,0,1,47,0,0,0,0,2,0,0,0,0,0,0,1,0,3,0,0,0,0,0,0,1,5,0,0,0,0,4,0,5,0,0,0,0,0,27,25,1,0,0,0,0,2,0,0,1,0,0,0,4,0,0,0,0,1,0,2,1,0,0,44,1,0,0,0,0,0,0,0,0,5,0,1,0,0,0,0,0,0,0,0,0,0,2,5,0,0,2,0,0,4,0,0,0,0,0,0,0,0,0,33,0,22,1,2,1,0,30,0,1,0,0,0,0,0,1,1,0,0,0,0,1,0,0,0,19,0,0,1,0,1,0,0,0,0,0,0,0,0,0,0,0,0,0,0,0,0,0,0,2,0,0,1,0,0,0,1,0,0,0,0,1,0,0,0,0,0,0,0,0,0,0,0,4,0,0,0,0,0,0,0,0,0,0,0,2,0,0,2,0,0,1,0,0,0,0,68,2,0,6,0,0,1,1,1,0,0,0,0,0,0,0,0,0,0,0,0,0,0,1,0,0,0,0,0,0,0,0,0,0,0,0,0,0,1,0,0,0,0,0,0,0,0,2,0,0,0,0,0,0,0,0,0,0,1,0,0,0,2,0,0,0,0,13,0,0,0,1,27,0,0,0,0,3,0,0,2,0,0,0,16,3,0,0,0,0,0,0,0,0,2,0,0,0,0,0,2,2,0,1,0,0,1,0,0,0,0,0,0,0,0,0,0,0,0,0,0,0,0,0,18,0,0,26,1,0,0,4,2,0,0,0,4,0,0,25,1,3,0,1,2,0,0,1,0,1,0,21,3,6,0,0,0,0,0,0,0,0,0,0,0,0,1,0,0,0,0,0,0,0,5,0,0,0,0,0,0,1,0,0,20,0,0,0,1,0,1,0,0,0,0,0,0,0,0,0,0,2,2,0,0,0,0,0,0,0,0,0,0,0,0,0,0,0,0,0,0,0,5,0,0,0,0,0,0,0,0,0,0,0,0,0,0,0,0,0,0,0,0,0,0,0,1,0,0,1,0,1,4,1,10,0,4,0,8,0,0,0,0,0,0,1,0,0,0,0,0,0,0,0,0,0,0,0,0,0,1,1,0,0,0,0,0,0,0,3,0,0,0,7,0,1,1,0,0,0,0,0,0,0,0,0,0,0,0,0,0,0,0,0,0,1,0,0,0,0,0,0,0,0,0,3,0,0,0,0,0,0,0,0,0,0,0,0,0,0,0,6,0,0,0,1,0,0,0,0,0,0,0,0,0,0,0,0,0,1,0,1,0,0,1,0,0,0,0,0,0,0,0,1,1,0,0,0,0,0,0,0,0,6,0,0,0,0,9,5,0,0,0,9,0,1,0,0,0,0,0,1,0,0,0,0,0,8,3,0,52,2,0,0,0,2,0,3,0,25,0,0,0,0,0,5,74,1,0,0,0,0,0,0,8,0,0,0,0,0,1,1,1,0,0,1,0,0,1,0,0,0,0,0,0,0,0,0,0,0,0,5,0,0,0,0,0,0,0,1,0,0,0,0,0,1,0,0,0,0,0,0,0,0,0,0,0,0,2,0,0,0,0,0,1,0,0,0,0,0,1,0,0,2,0,0,0,16,1,17,1,0,0,0,1,0,0,0,1,8,4,1,13,3,0,1,1,0,0,4,0,0,0,0,1,0,0,0,0,65,0,9,3,1,3,1,3,0,3,0,7,0,0,0,0,3,0,1,0,0,0,2,0,5,0,0,0,0,0,0,0,0,0,0,0,14,0,0,0,0,0,1,0,1,0,0,0,0,1,4,0,0,0,0,0,2,0,0,0,0,0,0,0,0,0,0,0,0,0,0,3,4,0,0,0,0,0,14,0,0,1,0,0,2,0,0,1,3,0,0,0,1,0
1,1732,ESCOLA MUNICIPAL CEI PROFESSOR LAURO ESMANHOTO,RUA AFFONSO BARONI  175,PILARZINHO,-25.38022836,-49.29552678,32,0,2109,1739,137,92,0,2,5,5,23,0,5,0,0,4,0,13,1,1,0,0,2,0,2,0,3,1,7,2,1,0,8,1,0,1,0,5,2,0,0,0,0,0,2,2,7,2,0,0,0,47,0,0,0,0,0,12,1,0,0,0,0,18,0,2,0,0,2,5,0,3,0,0,0,0,0,0,82,0,0,0,0,2,1,0,0,0,0,3,0,0,1,0,1,0,0,0,1,0,2,0,0,0,0,7,0,8,0,1,0,0,0,9,39,0,0,0,0,0,9,0,0,0,0,0,2,3,1,0,1,0,1,3,0,0,0,1,40,0,0,0,1,0,0,0,0,0,2,0,17,1,0,0,3,0,0,0,0,0,0,2,7,0,10,0,0,0,8,0,0,0,3,1,0,0,0,1,57,5,30,4,2,0,0,37,1,2,0,1,0,0,0,0,5,1,0,0,2,3,0,3,0,28,0,0,0,0,3,0,0,0,2,0,3,0,0,0,0,0,0,0,0,0,0,0,0,7,0,0,2,0,0,0,0,0,0,0,0,0,0,0,0,0,0,0,0,0,0,0,0,0,0,0,0,0,0,0,0,0,0,0,1,0,0,0,24,0,0,0,0,0,0,0,0,0,0,1,0,0,0,4,6,0,2,0,0,0,0,0,2,0,0,0,0,0,0,1,0,0,0,0,0,0,0,1,0,0,0,0,0,0,0,0,0,0,0,0,0,0,0,1,0,0,0,0,0,0,0,0,0,1,1,0,0,0,0,0,0,0,0,12,0,0,0,0,26,0,0,0,2,6,0,1,8,3,0,0,16,0,0,0,0,3,0,0,0,0,0,0,0,0,0,0,1,0,0,0,0,0,0,0,0,0,0,0,0,0,0,0,0,0,0,0,0,0,0,0,6,0,0,19,0,0,12,0,2,2,0,2,2,0,0,50,0,0,0,0,0,0,0,0,0,1,0,25,0,1,0,0,0,0,0,1,0,0,1,0,0,0,0,0,0,1,3,0,0,0,1,0,1,1,0,0,0,0,0,0,6,0,0,0,0,0,0,0,0,0,1,0,0,0,0,0,0,0,0,0,0,0,0,0,2,0,0,0,0,0,0,0,0,0,0,0,0,0,0,0,0,0,0,0,0,0,0,0,0,0,0,0,0,0,0,0,0,0,0,0,0,1,0,0,0,2,0,0,0,0,6,0,2,3,6,1,0,0,1,0,0,0,0,0,0,0,0,0,0,0,0,0,0,3,0,0,0,1,0,0,0,0,1,0,0,2,0,0,0,6,0,0,1,0,0,0,0,0,0,0,2,0,1,0,0,0,0,0,0,9,0,0,0,0,0,0,0,3,0,0,0,24,0,0,0,0,0,0,0,0,0,0,0,0,0,0,0,6,0,0,0,0,0,0,0,0,0,0,0,0,0,0,2,0,0,1,0,0,0,0,1,0,0,0,0,0,0,0,0,0,2,0,0,1,0,0,1,1,0,0,0,0,1,0,8,3,0,1,1,3,0,0,0,0,0,0,0,2,0,3,0,0,2,1,1,7,84,0,1,1,1,2,0,1,0,39,0,1,0,3,0,3,72,0,0,0,0,0,0,0,23,0,0,0,0,0,0,3,2,4,0,1,2,0,0,0,0,0,1,0,0,0,0,0,1,0,0,3,1,0,0,0,0,0,0,2,0,0,0,0,0,0,0,0,0,0,0,0,0,0,0,0,0,0,0,0,0,0,0,0,0,0,0,0,0,0,0,0,0,0,0,0,8,7,0,9,3,0,0,0,0,0,0,0,0,3,4,1,10,4,0,0,0,0,0,2,0,0,0,0,0,0,0,0,0,71,0,2,4,0,0,0,5,0,0,9,3,2,0,0,0,0,0,0,0,0,0,2,0,1,1,0,0,0,0,0,0,0,0,0,0,11,0,0,0,0,0,0,0,0,0,1,0,0,0,0,1,0,0,0,0,0,0,0,0,0,0,0,0,0,1,3,0,0,0,0,2,6,0,0,2,0,0,14,0,4,0,3,0,0,0,0,2,0,0,0,0,3,0
1,1740,COLEGIO VICENTINO SAO JOSE (PARTICULAR),R PADRE JOSE JOAQUIM GORAL  182,ABRANCHES,-25.3823401,-49.27253978,50,0,3175,2707,178,122,0,2,4,11,48,0,3,0,0,10,2,23,3,0,0,0,18,1,0,0,2,2,13,2,3,1,12,0,0,0,0,16,2,0,0,0,0,0,8,0,6,3,0,0,3,27,0,0,0,0,2,0,0,3,0,0,6,7,0,0,0,0,0,21,0,2,0,0,0,0,1,1,96,0,0,1,0,3,0,0,0,0,0,1,0,1,13,0,0,0,0,0,0,0,0,0,0,0,0,10,0,17,0,0,4,1,0,18,45,0,0,0,0,0,56,0,0,1,0,1,1,5,0,0,0,0,4,0,2,1,0,0,118,1,0,0,0,0,1,0,0,1,4,0,2,0,0,1,1,1,0,1,0,0,0,0,5,0,13,1,0,0,4,11,1,1,2,0,0,1,1,0,71,1,53,3,3,0,0,37,3,2,0,0,2,0,2,1,1,3,0,0,0,4,1,0,1,33,0,1,0,0,2,0,0,0,0,0,0,0,0,0,0,0,1,0,0,0,0,0,0,5,0,1,0,0,0,0,2,0,0,0,0,0,0,0,0,0,0,0,0,0,0,0,0,0,0,0,0,0,0,0,0,1,0,0,0,0,0,0,10,0,0,0,0,0,0,0,0,2,0,2,0,0,1,1,6,0,1,0,0,0,0,0,4,1,0,0,0,0,0,0,0,0,0,0,0,0,0,1,0,0,0,0,0,1,3,0,0,0,0,0,0,0,0,2,0,0,0,0,0,0,0,0,0,0,1,0,0,0,0,0,1,0,0,25,0,0,0,0,70,0,0,0,0,13,0,1,5,0,7,0,47,0,0,0,0,1,2,0,1,0,0,0,0,0,0,1,0,0,3,0,0,0,0,5,0,0,0,1,0,0,0,0,0,0,0,0,0,0,4,1,20,0,0,42,0,0,10,2,16,1,0,7,1,0,0,48,2,0,0,3,1,0,0,0,0,0,0,23,0,2,0,0,1,0,0,0,1,0,2,0,1,0,3,0,0,0,0,0,0,0,8,0,0,4,0,1,0,0,0,0,36,0,0,0,2,0,0,0,0,0,4,0,0,0,0,0,2,0,0,0,0,0,0,0,0,0,0,0,0,0,0,0,0,0,0,0,1,0,0,0,1,0,0,0,0,0,0,0,3,0,0,0,0,0,0,0,0,0,0,0,0,0,1,3,0,2,0,4,7,0,25,0,0,2,21,2,0,0,0,2,0,0,0,0,0,0,0,0,0,0,0,1,0,0,0,0,0,0,2,0,0,0,0,0,0,2,1,4,0,1,0,0,0,0,0,0,0,0,0,0,3,0,0,7,0,0,0,0,0,0,0,0,0,0,0,0,0,1,0,0,0,10,0,0,2,0,5,0,0,0,0,2,0,0,0,0,0,0,0,0,0,0,0,0,0,0,0,0,0,0,0,0,0,0,0,3,0,0,0,0,2,0,0,0,0,0,0,0,0,0,3,0,0,0,0,2,4,2,0,0,0,1,0,0,20,8,1,0,0,32,1,1,1,0,0,0,0,0,0,10,0,0,0,7,1,0,68,0,1,0,0,2,0,11,0,50,0,0,2,0,4,5,125,1,2,0,1,0,0,0,18,0,0,0,0,0,0,1,0,0,0,8,0,0,0,0,0,0,2,0,0,0,1,2,1,0,0,0,2,0,0,1,0,1,1,2,2,0,0,1,0,0,0,0,0,0,0,0,0,0,0,0,0,0,0,0,0,0,0,0,1,1,0,0,0,0,0,0,0,0,0,0,5,4,0,18,4,2,0,0,2,0,1,0,3,5,3,5,32,7,2,1,0,1,0,7,0,0,0,0,1,1,1,0,0,214,0,7,20,0,16,1,5,1,1,1,4,1,0,0,0,0,0,1,0,0,1,18,6,0,1,0,0,0,0,0,0,0,0,0,0,4,0,0,0,0,0,0,0,0,0,1,0,0,1,2,0,0,0,0,0,0,1,0,0,0,0,0,0,0,0,2,0,0,0,0,1,2,0,0,0,1,0,24,0,0,0,0,0,2,0,0,2,7,0,0,0,2,0
1,1759,PAROQUIA SANTANA DE ABRANCHES,RUA VITORIO JOAO BRUNOR 688,ABRANCHES,-25.38173497,-49.27189896,50,0,1630,1327,77,58,0,4,1,4,9,2,2,0,0,4,2,6,1,0,0,0,7,0,0,0,1,1,8,1,0,0,8,0,2,0,0,6,0,0,0,0,0,1,4,0,2,0,0,2,0,12,0,0,1,0,0,0,0,7,0,1,0,4,0,0,0,0,0,8,2,0,0,0,0,0,0,0,48,0,0,0,0,0,0,0,0,0,0,0,1,0,8,0,0,0,0,0,0,0,3,0,0,0,0,4,0,5,0,0,0,0,0,14,34,1,0,0,0,0,25,0,0,0,0,1,0,1,0,0,0,0,0,0,2,0,0,0,49,0,0,0,0,0,0,0,0,0,1,0,2,0,0,0,0,1,0,4,0,0,0,1,1,0,4,0,0,0,8,1,0,1,1,1,0,1,0,0,21,1,18,1,0,0,0,17,0,1,1,0,2,0,1,1,2,0,0,0,1,0,0,1,1,29,0,3,0,2,0,0,0,0,0,0,0,0,0,0,0,0,0,0,0,0,0,0,0,0,0,1,2,0,0,0,0,0,0,0,2,0,0,0,0,0,1,0,0,0,0,0,0,0,0,0,0,0,1,0,0,0,0,0,0,0,0,0,5,0,0,0,0,1,0,0,0,1,2,3,0,0,2,3,3,0,0,0,0,0,0,0,3,0,0,0,0,0,0,0,0,0,0,0,0,0,0,0,0,0,0,0,0,0,0,0,0,3,0,0,0,0,0,0,0,0,0,0,0,0,0,0,0,0,1,0,1,0,0,0,0,0,0,10,0,0,0,0,27,0,0,2,0,7,0,0,9,0,3,0,21,2,0,0,0,0,0,0,0,0,0,0,0,0,0,0,0,0,0,0,0,0,0,0,0,0,0,0,0,0,0,0,0,0,0,0,0,0,0,0,9,0,0,35,0,0,1,0,12,2,1,0,2,0,0,31,1,0,0,1,0,0,0,1,0,1,0,13,0,3,0,0,0,0,0,0,0,0,1,0,0,0,0,0,0,0,0,0,0,0,4,0,0,3,0,0,0,0,0,0,14,0,0,0,0,0,0,0,0,0,0,0,0,0,0,0,0,0,0,0,0,0,0,0,5,0,0,0,0,0,1,0,0,0,0,0,0,0,1,0,0,0,0,0,0,0,0,0,0,0,0,0,0,0,0,0,0,0,0,0,0,0,1,1,3,2,0,0,1,0,6,0,1,0,8,0,0,0,0,0,0,0,0,0,0,0,0,0,0,0,0,2,0,0,0,0,0,0,0,0,0,0,0,0,0,2,2,0,0,0,0,1,0,0,0,0,0,0,0,0,0,0,0,0,0,0,0,0,0,0,0,0,0,0,0,0,0,0,2,0,0,3,0,0,1,0,0,0,0,0,0,2,0,0,0,0,0,0,0,0,0,0,0,0,0,0,0,0,0,0,0,0,2,2,0,2,0,1,0,0,1,0,1,0,0,0,0,0,0,0,1,0,0,0,0,1,0,1,0,1,1,0,1,0,9,3,0,0,0,17,0,0,0,0,0,0,1,2,0,2,0,0,1,2,0,2,45,0,2,0,0,0,0,1,0,18,0,0,0,0,0,0,69,2,1,0,0,0,0,0,7,0,0,0,0,0,1,2,0,2,0,0,0,0,1,0,0,0,3,5,0,0,0,0,3,0,0,2,0,0,0,0,0,0,4,0,2,0,0,0,0,0,0,0,0,0,0,0,0,0,0,0,1,0,1,0,0,0,0,0,1,0,0,0,0,1,0,0,0,0,0,0,1,3,1,3,5,0,0,2,2,1,0,0,0,1,2,4,6,0,0,1,0,0,0,4,0,0,2,0,1,0,0,0,1,114,1,2,12,0,4,0,0,0,5,1,1,0,0,0,0,0,0,1,0,0,4,12,1,0,0,0,0,0,0,0,0,0,0,0,0,4,0,0,0,0,0,0,0,0,0,2,0,0,0,0,0,0,0,0,0,0,0,0,0,0,1,0,0,0,1,0,0,3,0,0,2,3,0,0,0,0,0,9,0,0,0,0,0,0,0,0,0,1,0,0,0,5,0
1,1767,COLEGIO ESTADUAL PROFESSOR LOUREIRO FERNANDES,R MARECHAL MALLET    540,AHÚ,-25.40759083,-49.2607406,14,0,4269,3615,157,116,0,3,3,8,53,1,3,0,2,11,0,18,1,0,0,0,50,1,0,0,1,5,13,2,7,0,14,0,0,0,0,25,1,0,0,0,0,1,8,3,17,13,0,4,6,19,6,0,0,0,2,0,6,8,0,0,7,8,0,1,0,0,0,42,0,0,0,0,0,0,0,2,48,0,0,0,0,11,0,1,0,0,0,2,0,0,16,0,0,0,3,1,0,2,2,1,0,0,0,15,0,29,0,0,1,0,0,17,8,0,0,0,0,0,1,0,0,0,0,0,7,6,0,0,0,0,0,0,4,3,2,7,208,1,0,0,0,0,1,0,5,2,5,0,4,0,1,0,0,0,0,0,0,0,0,0,18,0,8,0,0,0,10,1,0,0,1,1,0,2,0,0,124,3,54,10,1,1,0,85,5,8,0,1,2,1,1,2,1,0,0,0,3,4,0,4,4,70,0,0,0,0,3,0,0,0,0,0,0,0,0,0,0,0,0,0,0,0,0,0,0,5,0,0,4,0,0,2,0,0,0,0,0,1,0,0,0,0,0,1,0,1,0,2,0,0,0,0,2,0,0,1,0,0,0,2,0,0,0,0,11,0,0,1,1,0,0,0,0,5,0,6,0,0,2,6,13,0,0,0,0,0,0,0,8,0,0,0,0,0,0,3,0,0,0,0,0,1,0,1,0,0,0,0,0,0,0,0,0,0,0,0,0,0,0,5,0,0,0,0,0,0,0,0,0,0,3,1,1,0,0,0,1,0,0,64,1,0,0,2,59,0,0,0,0,34,0,0,0,0,0,0,169,0,0,3,0,1,2,1,0,0,0,1,0,0,0,2,0,0,0,0,0,1,0,0,0,0,0,0,0,0,0,0,0,0,0,0,0,0,11,5,39,0,0,98,0,0,4,0,34,9,0,6,4,1,0,21,2,0,1,4,3,0,0,0,0,1,0,61,1,7,2,0,4,1,0,2,1,0,3,0,5,0,0,0,0,0,1,0,0,0,16,0,6,5,0,1,2,0,0,0,56,1,0,0,14,1,0,0,0,0,4,0,0,0,0,0,0,0,0,0,0,0,0,0,2,0,1,0,0,0,0,1,0,0,0,0,0,0,0,0,0,0,0,0,0,0,0,0,0,0,0,0,1,0,0,0,0,0,0,0,0,0,1,1,2,1,1,4,7,1,83,0,9,2,42,6,0,0,0,1,0,0,0,0,0,0,0,0,0,0,3,1,0,0,0,0,0,1,0,0,0,0,1,0,1,4,2,1,0,5,0,0,0,0,0,0,0,0,0,0,3,0,0,6,0,0,0,0,0,0,0,0,0,0,0,0,0,0,0,0,0,3,0,0,0,0,0,0,0,0,0,2,0,0,2,0,0,0,0,0,0,0,0,0,0,0,2,0,0,0,1,1,2,0,0,2,0,0,3,0,4,0,3,0,1,0,0,0,0,0,3,0,0,0,0,5,3,5,0,1,0,0,0,0,69,9,0,0,0,37,0,0,1,0,0,0,0,2,2,23,0,0,5,8,5,3,45,0,1,0,2,1,0,14,0,58,0,2,3,3,0,4,163,2,1,0,0,1,0,0,38,0,0,0,0,0,1,3,1,0,0,8,0,2,2,0,0,0,3,1,0,0,0,0,3,0,0,0,2,0,0,0,0,1,0,3,2,0,0,0,0,2,1,0,0,0,0,0,0,0,0,0,0,0,0,0,0,2,0,0,0,0,0,0,0,0,0,0,0,0,3,0,4,5,2,6,2,0,1,5,1,1,3,0,4,3,15,8,43,8,0,0,0,0,0,7,0,0,0,0,0,1,2,0,0,238,4,4,18,0,5,7,9,1,6,2,0,2,0,1,0,0,0,0,0,0,1,0,5,5,0,2,0,0,0,3,0,0,0,0,0,10,0,0,0,0,0,0,0,0,0,8,0,0,0,0,1,0,1,0,1,0,0,2,0,0,0,0,1,0,0,0,0,0,0,0,1,9,0,0,0,0,0,5,0,0,0,1,0,0,0,0,0,3,0,0,0,0,2
1,1775,ESCOLA ESTADUAL ALINE PICHETH,R EURIPEDES GARCEZ DO NASCIMENTO    921,AHÚ,-25.40413701,-49.26540599,14,0,3134,2579,100,69,0,1,1,10,30,1,3,0,2,3,1,21,1,0,0,0,33,0,0,0,2,4,13,2,0,1,10,0,1,1,0,22,1,0,0,0,0,0,2,0,9,1,0,0,1,20,1,1,5,0,0,0,1,10,0,0,1,1,0,2,1,0,2,28,0,1,0,0,0,1,0,2,58,0,0,0,0,6,0,0,0,0,0,4,0,2,18,0,0,0,0,0,0,0,7,0,0,0,0,13,2,15,0,0,0,0,0,14,22,3,0,0,0,0,3,0,0,0,0,1,2,4,0,0,1,0,2,0,2,2,0,0,127,0,0,0,2,0,0,1,2,0,3,1,3,0,0,0,0,1,0,0,0,0,0,0,9,0,1,0,0,0,9,1,0,0,2,0,0,2,1,0,88,8,40,6,0,0,0,30,2,3,0,1,0,0,0,2,0,1,0,0,1,0,1,2,3,42,0,0,0,0,5,0,0,0,0,0,1,0,4,2,1,0,0,0,0,0,4,0,0,0,0,0,2,0,0,0,3,0,0,0,2,0,0,0,0,0,0,0,0,2,0,0,0,0,0,0,0,0,0,0,0,0,0,0,0,3,0,0,8,0,0,1,0,0,0,0,0,3,0,2,0,0,4,3,6,0,0,0,0,0,0,0,10,0,0,0,0,0,0,2,0,0,0,0,0,0,0,2,0,0,0,0,1,0,0,0,0,0,0,0,0,0,0,0,0,0,0,0,0,0,1,0,0,0,5,0,0,0,0,0,0,0,0,51,0,0,0,0,38,0,0,0,0,9,0,0,2,2,0,0,78,0,0,0,0,0,1,0,0,0,0,0,0,0,0,2,0,0,0,0,0,0,0,0,0,0,0,0,1,0,0,0,0,0,0,1,0,0,3,4,32,0,0,92,0,0,8,3,21,2,2,4,4,1,0,31,0,0,0,1,3,0,0,0,0,1,3,37,1,8,1,0,0,0,1,0,1,0,0,0,2,0,0,1,0,0,0,0,0,0,11,2,0,2,0,0,1,0,0,0,55,0,1,0,9,0,1,0,0,0,4,0,0,0,0,0,0,0,0,0,0,0,0,0,0,0,0,0,0,0,0,0,0,0,0,0,0,0,0,0,0,1,0,0,0,0,0,0,0,1,0,0,0,0,0,0,0,0,0,0,0,1,5,2,3,0,0,5,8,1,44,0,8,0,32,7,2,0,0,0,0,0,0,0,0,0,0,0,0,0,0,0,0,1,0,0,0,1,0,0,0,0,3,0,5,4,2,3,0,1,0,1,3,0,0,0,0,0,0,0,0,0,0,1,0,0,0,0,0,0,0,0,0,0,0,0,0,0,0,0,0,0,0,0,0,1,0,0,0,0,0,1,0,0,0,0,0,0,0,0,0,0,0,0,0,0,0,0,0,0,0,0,1,0,0,3,0,0,1,0,0,0,1,0,0,0,0,0,0,0,2,0,0,1,0,0,1,1,0,0,0,0,1,0,38,9,0,0,0,31,0,0,0,0,0,0,7,1,0,12,0,0,5,9,8,0,31,0,1,0,0,4,0,6,0,37,0,1,0,1,0,7,108,2,0,0,1,0,0,0,38,2,0,0,0,0,1,2,2,0,0,8,0,0,0,0,0,0,1,2,0,0,0,0,4,0,0,4,1,0,0,2,0,0,0,5,0,0,0,0,1,0,2,0,0,0,0,0,0,0,1,0,1,2,0,0,0,0,0,0,0,1,0,0,0,0,0,0,0,0,0,0,8,10,1,22,3,0,0,2,4,0,1,0,3,6,12,0,29,6,1,0,0,0,0,6,0,0,6,0,4,3,0,0,1,192,1,1,10,0,7,6,11,0,6,0,4,3,0,0,0,0,0,1,0,0,0,0,1,4,0,1,0,0,0,0,0,0,0,0,1,13,0,1,0,0,0,0,0,0,0,0,0,0,0,0,1,0,0,0,1,2,0,0,0,0,0,0,0,0,0,0,1,0,0,0,0,5,0,0,0,0,0,2,0,0,0,0,0,0,0,0,1,3,0,0,0,0,0
1,1830,ESCOLA MUNICIPAL PROFESSOR BRANDAO,AV JOAO GUALBERTO  953,ALTO DA GLÓRIA,-25.41836088,-49.26361423,4,0,4416,3541,123,110,0,3,5,10,55,1,2,0,3,11,3,35,2,0,0,0,35,0,0,0,1,3,10,4,7,0,21,1,2,0,0,14,2,0,0,0,6,1,4,1,10,6,0,0,3,15,4,1,0,0,1,0,1,13,0,0,2,8,2,5,6,0,2,34,0,1,0,0,0,0,0,1,48,0,0,0,0,13,0,0,0,1,1,1,0,0,28,0,0,0,2,0,0,0,6,0,0,0,0,13,0,15,0,0,0,2,0,17,13,0,0,0,0,0,4,0,0,2,0,2,4,5,2,0,0,0,0,0,9,0,0,2,242,0,0,0,2,0,0,0,0,0,5,0,1,0,1,0,0,0,0,0,0,0,0,2,14,0,4,0,0,0,19,1,1,1,2,0,4,0,0,0,131,16,40,14,0,2,0,76,6,11,0,1,5,1,0,0,1,0,0,4,1,4,0,2,5,62,0,0,0,0,1,0,0,1,0,2,0,0,1,0,1,1,0,0,0,0,0,0,0,2,0,0,4,0,1,1,1,0,0,0,0,0,0,0,0,0,0,0,1,0,0,2,0,0,0,1,0,0,1,0,0,2,0,0,0,1,0,0,7,0,0,2,0,0,0,0,0,1,0,9,0,2,2,5,8,0,0,0,0,0,0,0,6,0,0,0,0,0,0,3,0,0,0,0,0,0,0,0,0,0,0,0,1,0,0,0,0,0,0,0,0,0,0,2,0,0,0,0,0,0,0,0,0,0,4,0,0,0,0,0,0,1,0,61,0,0,1,0,54,0,0,0,0,14,0,1,4,0,0,0,120,4,0,0,0,0,0,5,0,0,2,0,2,0,0,0,1,0,0,0,0,1,0,0,0,0,0,0,0,0,1,0,0,0,0,1,0,0,3,8,41,0,0,114,1,1,8,3,30,15,1,11,1,0,0,25,3,0,1,4,0,1,0,0,0,8,1,36,0,11,6,0,0,0,0,0,3,1,0,0,8,0,0,0,0,1,0,0,0,0,7,0,2,1,0,0,2,2,0,0,67,1,2,0,2,0,0,0,0,0,0,0,0,1,0,0,0,2,0,0,0,0,0,0,6,0,0,0,0,0,0,0,0,0,0,0,1,0,1,0,1,0,0,0,0,0,0,0,0,0,0,0,0,0,0,0,0,0,0,0,0,0,6,1,0,0,2,4,7,0,47,3,14,0,36,10,0,0,0,7,0,0,0,0,0,0,0,0,1,0,0,0,1,0,0,0,0,1,0,0,0,0,1,0,2,5,0,1,0,7,0,2,1,0,0,0,0,0,0,0,0,0,0,3,0,0,0,0,0,0,0,0,0,2,0,0,0,0,1,0,0,2,0,0,1,0,0,0,0,0,0,0,0,0,0,0,0,0,0,0,0,1,0,0,0,0,0,0,0,0,0,0,1,0,1,1,0,0,0,0,6,0,3,0,0,0,0,1,0,0,4,0,0,0,0,3,3,1,0,1,0,0,0,0,55,12,0,0,0,35,0,1,0,0,0,0,3,4,0,17,0,0,5,5,18,1,52,0,4,0,0,7,0,14,0,52,0,1,0,0,0,5,154,10,2,0,0,3,0,0,19,0,0,0,0,0,0,1,1,0,0,8,0,0,3,0,0,0,5,5,0,0,0,0,6,0,0,3,0,0,0,0,0,0,1,10,1,0,0,3,0,0,0,0,0,0,0,0,0,0,0,0,2,0,0,0,0,0,0,2,2,0,0,0,0,0,1,0,0,0,1,0,5,4,2,17,2,1,4,3,2,0,2,0,15,10,15,4,49,9,1,2,0,1,0,14,0,0,3,0,4,0,2,0,3,232,4,6,18,0,9,2,20,0,4,2,5,1,0,4,0,0,0,3,0,0,2,0,1,6,0,0,0,0,0,0,0,0,0,0,0,26,0,0,0,0,0,0,0,0,1,1,0,0,0,7,0,0,0,0,0,0,0,0,0,0,0,0,4,0,0,0,0,0,0,0,3,5,1,0,0,0,0,7,0,0,0,2,0,0,0,0,1,2,0,0,0,5,1
1,1848,COLEGIO ESTADUAL SANTA GEMMA GALGANI,R ASSIS BRASIL    983,ABRANCHES,-25.37190675,-49.26778731,50,0,3263,2730,235,177,0,0,4,4,37,0,0,1,0,8,0,25,2,0,0,0,11,0,2,1,0,2,10,4,1,0,18,2,1,0,0,11,2,0,0,0,0,2,2,4,4,0,0,0,0,26,1,0,0,1,0,0,0,5,0,1,2,18,4,2,1,0,2,0,0,4,0,1,0,0,0,1,126,0,0,0,1,3,0,1,0,1,0,0,4,0,28,0,0,0,0,1,0,1,9,0,0,1,0,8,0,4,1,0,0,0,0,21,50,2,0,0,0,0,21,0,0,0,0,0,0,23,0,0,0,0,2,0,4,0,6,0,61,0,0,0,0,0,0,0,0,0,3,3,2,0,0,0,1,0,1,1,0,0,0,2,5,0,6,0,0,0,11,1,0,0,0,1,0,3,1,0,71,4,49,6,2,0,3,35,5,3,0,0,0,1,0,1,0,0,0,0,0,0,1,0,0,39,0,0,0,0,1,1,0,0,0,2,0,0,0,0,0,0,0,0,0,0,0,0,0,6,0,0,0,0,0,0,3,0,1,0,1,1,0,0,0,0,0,0,0,0,0,0,0,0,0,0,0,0,0,0,0,0,0,0,1,2,0,0,31,0,0,0,0,2,0,0,0,1,0,6,2,0,2,2,10,0,0,0,0,0,0,0,7,0,1,0,1,0,0,2,0,0,0,0,0,0,0,0,0,0,0,0,0,0,1,0,0,1,0,0,0,0,0,0,0,0,0,2,0,0,0,0,0,0,0,0,0,0,0,0,0,0,0,10,0,0,0,0,54,0,0,0,0,6,0,0,10,1,0,0,29,0,0,0,0,0,0,0,0,0,0,0,1,0,0,1,0,0,0,0,0,0,0,1,0,0,0,0,1,0,0,0,0,0,0,0,0,0,0,2,11,0,0,64,0,0,8,1,9,0,0,4,2,0,0,51,1,1,0,2,0,3,0,0,0,1,0,70,0,0,3,0,1,3,0,0,1,0,1,0,0,0,1,0,0,0,0,0,0,0,2,0,0,4,0,0,0,1,0,0,36,0,0,0,1,0,0,6,0,0,0,0,0,0,0,0,0,0,0,0,0,0,0,0,2,0,1,0,0,0,2,0,0,0,0,0,0,0,1,0,0,0,0,0,0,0,0,0,0,2,0,0,0,0,0,0,0,0,0,0,0,1,0,1,0,0,0,2,1,0,23,0,2,2,15,0,0,0,0,0,0,0,0,0,0,0,0,0,0,0,0,13,0,2,0,0,0,3,0,0,0,0,0,0,2,8,17,2,0,4,0,0,1,0,1,0,0,0,0,0,3,0,0,0,0,0,0,0,0,0,1,0,0,0,0,0,0,1,2,0,0,9,0,0,2,0,1,0,0,0,0,2,0,0,0,0,0,2,0,0,0,0,1,0,0,0,0,0,0,0,0,0,1,0,0,6,0,2,1,0,3,0,3,0,0,0,0,0,0,2,2,0,0,0,0,0,1,7,0,0,0,0,2,0,7,1,0,0,0,9,0,2,0,0,0,0,1,0,0,5,0,0,2,8,3,1,91,1,2,0,1,0,0,11,0,35,1,1,3,0,1,9,98,0,4,0,0,0,0,0,21,0,0,0,2,1,0,5,3,0,0,2,0,0,1,0,0,0,0,0,0,0,0,0,3,0,0,0,0,1,0,0,0,1,0,5,0,0,0,4,0,0,0,0,0,0,0,0,0,0,0,0,2,0,1,0,0,0,0,0,0,0,0,0,0,0,1,0,0,1,0,0,2,6,2,15,1,0,0,0,0,0,0,0,0,7,20,18,26,5,0,2,0,0,0,12,0,1,0,0,0,0,1,0,0,142,3,2,13,0,5,8,2,0,0,0,2,0,0,0,0,0,0,4,0,0,9,61,1,0,0,0,0,0,0,0,0,0,0,0,1,12,0,0,0,0,0,0,0,0,1,0,0,0,0,3,0,0,0,0,0,0,9,3,0,0,0,0,0,0,2,0,1,0,0,0,6,7,0,0,0,0,0,19,1,0,0,0,0,0,0,0,0,2,0,0,0,7,0
1,1856,COLEGIO ESTADUAL GELVIRA CORREA PACHECO,R CARMELINA CAVASSIN  385,BARREIRINHA,-25.36678148,-49.26462534,52,0,5136,4327,336,213,0,5,10,9,56,0,4,0,0,16,1,31,2,0,0,1,7,2,1,2,3,1,32,4,3,0,22,0,1,0,0,25,0,0,1,0,0,1,5,7,20,1,0,2,1,77,1,0,1,0,0,0,2,11,0,2,7,25,0,1,1,0,2,12,0,0,0,1,0,2,0,0,174,0,0,0,0,5,0,5,0,0,0,1,1,0,6,0,0,0,0,0,0,0,51,0,0,1,0,10,0,8,0,2,0,0,1,32,102,5,0,0,0,0,27,0,0,0,0,0,5,21,0,0,2,0,2,0,3,0,10,0,101,2,0,0,0,0,0,1,1,0,5,6,3,0,0,4,2,2,0,3,1,0,0,9,12,0,7,0,2,0,12,0,1,1,2,0,1,1,0,0,97,3,84,8,1,2,0,71,6,6,0,0,4,1,0,4,8,0,0,0,2,7,1,4,3,60,0,2,0,0,2,0,0,0,0,1,0,0,0,0,0,1,0,0,0,0,0,0,1,2,0,1,3,0,0,0,1,0,0,0,1,0,0,0,0,0,1,0,0,0,0,1,0,0,1,0,0,0,0,0,0,1,0,0,0,0,0,0,33,0,0,1,0,1,0,0,1,0,0,3,2,0,1,5,17,0,0,0,1,0,0,0,12,0,0,0,0,1,0,1,0,0,0,0,0,0,0,2,1,0,0,0,0,0,1,0,0,0,0,0,0,0,0,1,0,0,0,1,0,0,0,0,0,0,3,0,0,0,0,0,0,0,0,45,0,0,1,0,98,0,0,0,1,17,0,0,16,0,0,0,65,5,1,1,0,2,0,0,0,0,0,0,0,0,0,0,0,0,0,0,0,0,0,1,0,0,0,0,0,0,0,0,1,0,0,0,0,0,3,1,15,0,0,70,0,0,8,0,18,8,0,7,3,0,2,91,0,0,0,2,0,0,0,0,0,0,1,96,0,3,0,1,1,3,0,1,0,1,0,0,0,0,0,0,0,0,0,0,0,0,6,0,0,5,1,0,0,0,0,0,55,0,0,0,4,0,2,2,0,0,0,0,0,0,0,0,0,1,0,0,0,0,0,0,0,0,1,0,0,0,0,2,1,0,0,0,0,0,1,0,0,0,0,1,0,0,0,0,0,1,0,0,0,0,0,0,0,0,0,0,0,3,3,4,0,0,1,2,2,3,47,0,5,7,25,4,1,0,0,4,0,0,0,0,0,0,0,0,0,0,1,15,0,2,0,0,1,8,0,0,0,0,0,0,0,8,28,14,1,1,1,1,1,0,1,0,0,0,0,0,2,0,0,5,0,0,0,0,0,0,1,0,0,0,0,0,0,2,0,0,0,7,0,0,0,0,0,0,0,0,0,0,0,0,0,0,0,0,0,1,0,0,0,0,0,0,0,0,0,0,1,0,5,0,0,2,2,2,0,0,4,0,6,0,0,0,0,0,2,1,12,0,0,0,0,5,1,7,0,4,0,0,0,0,18,9,1,2,0,18,0,3,1,0,0,0,0,1,0,16,0,0,3,7,6,3,158,0,2,0,1,5,0,18,0,49,1,0,4,0,0,7,168,3,4,0,1,2,1,0,35,0,0,0,0,0,1,11,3,1,0,5,1,0,0,0,0,0,0,1,0,0,0,0,2,0,1,3,0,1,0,1,0,6,3,6,4,1,0,2,0,0,0,0,1,0,0,0,0,0,2,0,2,0,0,0,0,0,0,0,3,2,0,0,0,0,1,0,0,1,0,0,4,10,8,26,3,0,0,1,0,0,2,0,3,11,16,38,32,9,0,0,0,0,0,11,0,0,2,0,0,0,1,0,0,215,3,5,25,0,7,2,6,0,2,0,5,0,0,0,0,1,0,3,0,0,16,40,13,16,1,0,0,1,0,0,0,0,0,0,1,16,0,1,1,0,0,0,0,0,1,6,0,0,4,15,0,0,0,0,0,0,0,1,0,0,0,2,0,0,0,0,1,0,0,0,6,14,0,0,1,0,0,42,1,0,0,9,0,1,0,0,4,7,0,0,0,3,0
1,1864,ESCOLA MUNICIPAL JULIA AMARAL DI LENNA,RUA JOAO MACHADO DE CAMARGO 25,BARREIRINHA,-25.3767799,-49.25781793,52,0,5060,4178,321,238,0,0,7,10,54,0,7,0,2,14,5,37,2,0,0,0,14,1,1,2,5,4,24,6,5,0,24,0,2,3,1,25,1,0,0,0,0,1,10,1,2,2,0,0,0,63,1,0,5,0,0,0,1,2,0,0,3,18,0,0,2,1,4,7,0,0,0,1,0,1,2,2,140,1,0,0,0,2,0,0,0,0,0,4,0,1,14,0,0,0,0,1,2,0,14,0,0,0,0,15,1,7,0,1,0,0,0,21,74,5,0,0,0,0,4,0,0,2,0,0,0,14,2,0,0,0,2,0,5,0,1,3,89,1,2,2,2,0,0,0,1,0,9,1,3,0,0,0,1,1,0,1,0,0,0,3,9,0,10,0,0,0,18,0,0,1,3,1,1,1,1,1,101,0,83,3,2,5,0,64,4,4,0,0,2,3,0,3,5,2,1,0,0,2,0,0,3,54,0,1,0,0,1,0,0,0,0,0,0,0,3,0,0,0,0,0,0,0,0,0,0,5,2,0,0,0,0,0,2,0,0,0,0,0,0,0,0,0,0,0,0,0,0,1,0,4,0,0,0,0,0,3,0,0,0,0,0,1,0,0,40,0,0,1,0,1,0,0,0,7,0,1,0,0,10,10,13,0,0,0,0,0,0,0,12,0,0,0,0,0,0,10,0,0,0,0,0,0,0,6,0,0,0,0,0,0,1,0,0,1,0,0,0,1,0,1,0,0,0,0,0,0,0,0,0,2,2,0,3,0,0,0,0,0,0,26,1,0,0,0,91,0,0,0,0,23,1,0,31,0,1,0,43,1,0,0,0,0,0,0,0,0,0,0,0,0,0,0,0,0,2,0,0,0,0,5,0,0,0,0,0,0,0,0,0,0,0,0,0,0,5,1,8,0,0,80,0,0,17,0,23,2,2,10,2,0,0,101,1,2,1,5,10,0,0,4,0,8,0,128,1,2,2,0,2,0,0,0,1,0,0,0,0,0,0,0,1,1,1,0,0,0,7,0,2,7,0,0,1,0,0,0,47,0,0,1,6,1,0,0,0,2,0,0,0,0,0,1,0,0,0,0,0,0,0,0,0,0,0,0,0,0,0,0,0,1,0,0,0,0,1,0,0,0,0,0,0,0,5,0,0,0,0,0,0,0,0,0,0,0,0,0,0,1,2,4,0,1,3,2,5,0,29,0,3,1,17,4,0,0,0,0,0,0,1,0,0,0,2,0,0,3,0,5,1,0,0,0,1,0,0,0,0,0,4,0,0,11,15,2,0,4,0,2,2,2,0,0,0,0,0,0,7,0,0,1,0,0,0,0,0,0,0,0,0,0,0,0,0,0,1,0,0,16,0,0,2,0,0,0,1,0,0,4,0,0,2,0,0,0,0,0,0,0,0,0,0,0,1,0,0,0,2,0,1,0,0,4,0,5,0,0,10,0,3,0,0,0,0,0,0,6,5,0,0,0,0,0,0,4,0,0,2,0,0,0,25,6,0,1,0,18,0,0,0,0,0,0,1,4,0,4,0,0,13,16,1,2,182,1,0,0,0,2,0,33,0,63,0,1,3,0,0,4,178,0,3,0,0,0,0,0,65,0,0,0,0,0,1,7,3,0,0,0,0,0,0,0,0,0,1,0,0,0,0,0,1,0,0,0,0,0,0,0,0,3,2,3,5,1,0,0,0,0,0,0,1,1,0,0,0,0,0,0,2,0,4,0,0,0,0,0,0,7,1,0,0,0,0,0,0,1,0,0,9,11,3,52,0,0,0,0,1,1,1,0,1,6,5,60,15,5,1,3,0,1,0,5,0,0,0,0,0,1,3,0,0,201,3,10,13,0,16,4,1,0,5,2,1,2,2,2,0,1,0,3,0,0,52,18,2,2,1,1,0,0,0,4,0,0,0,0,0,14,0,1,0,0,2,0,0,0,0,5,0,0,1,5,0,0,0,0,0,0,2,1,0,0,0,0,1,0,0,0,1,0,0,3,14,19,0,0,0,0,0,36,1,0,0,0,0,0,0,0,3,4,0,0,0,5,0
1,1872,ESCOLA ESTADUAL MARIA PEREIRA MARTINS,AV ANITA GARIBALDI  5340,BARREIRINHA,-25.36693686,-49.25984971,52,0,3103,2496,186,107,0,4,2,14,26,1,10,0,0,15,0,33,1,0,0,0,11,2,2,0,1,3,12,4,2,0,11,0,2,1,0,10,1,0,3,0,0,1,6,5,10,2,0,0,0,33,1,1,3,0,0,0,1,3,0,0,4,5,0,2,2,1,2,16,0,1,0,0,0,0,0,0,85,0,0,0,0,2,1,0,0,1,1,1,0,0,5,0,0,1,0,0,0,0,4,0,0,0,0,10,0,9,0,0,0,0,0,8,60,2,0,0,0,0,4,0,0,0,0,0,2,11,0,0,0,0,0,0,3,0,13,3,83,0,0,0,0,1,0,0,1,0,1,1,0,0,0,0,0,0,0,0,0,0,0,2,8,0,5,0,1,0,19,0,0,0,0,1,0,0,2,0,73,1,41,7,2,1,0,44,2,2,0,0,0,0,0,1,2,0,0,0,0,2,1,2,0,42,0,1,0,0,5,0,0,0,0,0,2,0,0,0,0,0,1,0,0,0,1,0,0,1,0,0,0,0,0,0,3,0,0,0,0,2,0,0,0,0,0,0,0,0,0,0,0,1,1,0,0,0,0,0,0,1,0,1,0,0,0,0,25,0,0,1,0,0,0,0,0,0,0,1,0,0,0,1,4,0,0,0,2,0,0,0,16,0,0,0,0,0,0,2,0,0,0,0,0,0,0,0,0,0,0,0,0,1,0,0,0,0,0,0,0,0,0,1,0,0,0,1,0,0,1,0,0,2,1,0,2,0,0,0,0,2,0,23,0,0,0,0,52,0,0,0,0,9,0,0,8,0,0,0,53,0,0,0,0,0,1,0,0,1,0,1,0,0,0,0,0,0,0,0,0,0,0,1,0,0,0,0,0,1,0,0,0,0,0,0,0,0,5,0,12,1,0,53,1,0,0,1,12,0,0,6,4,0,0,41,2,2,1,2,0,0,0,1,0,0,1,45,0,1,0,0,0,1,0,0,3,0,0,0,2,0,0,0,0,0,0,0,0,0,5,0,0,5,0,1,0,0,0,0,35,0,0,0,4,0,0,1,0,1,0,0,0,0,0,0,0,0,0,0,0,0,0,0,0,0,1,0,0,0,2,0,0,0,2,0,0,0,2,0,0,0,0,0,0,0,0,0,2,0,0,0,0,0,0,0,0,0,0,2,0,0,0,3,0,0,0,3,3,0,23,0,1,0,9,0,0,0,0,2,0,0,1,0,0,1,0,0,0,0,0,4,0,1,0,0,0,2,0,0,0,0,1,0,0,7,23,5,0,4,0,2,3,0,0,0,0,0,0,0,5,0,0,3,0,0,0,0,0,0,0,0,0,0,0,0,0,0,2,0,0,1,0,0,0,0,0,0,0,0,0,3,0,0,0,0,0,0,0,0,0,0,0,0,1,0,1,0,0,0,1,0,0,0,0,1,0,3,0,0,1,0,3,0,0,0,0,0,0,5,2,0,0,0,0,1,0,4,0,3,0,0,1,0,25,7,0,2,0,11,0,1,0,0,0,0,1,3,1,3,0,0,1,7,7,1,75,0,1,0,0,3,0,8,0,50,0,1,1,0,0,3,94,0,0,0,0,0,1,0,16,0,0,0,0,0,0,4,0,0,0,3,0,0,0,0,0,0,0,0,0,0,0,0,0,0,0,3,0,0,0,1,2,9,1,6,2,2,0,1,0,1,0,0,0,0,0,0,0,0,1,0,0,0,0,0,0,0,0,0,2,2,1,0,0,0,0,0,2,0,0,0,2,9,0,15,3,0,0,0,1,0,0,0,3,2,4,12,22,4,0,0,0,0,0,5,1,0,1,0,1,0,0,1,0,158,3,2,10,0,8,1,10,0,1,0,0,0,1,0,0,0,0,5,0,0,3,13,6,2,0,1,0,0,0,2,0,0,0,0,0,13,0,0,0,0,0,0,0,0,1,3,0,0,0,3,1,0,0,0,0,0,0,1,0,0,1,0,0,0,0,0,0,0,0,0,7,7,0,0,0,0,0,9,0,0,0,0,0,0,0,0,1,0,0,0,0,2,0
1,1910,ESCOLA MUNICIPAL CEI ROMARIO MARTINS,R DAVID BODZIAK 100,CACHOEIRA,-25.35283297,-49.25518343,51,0,3662,2952,304,122,0,6,8,5,39,2,1,1,0,6,0,28,4,0,0,0,4,0,1,2,1,3,9,5,1,2,19,0,0,1,0,3,2,6,0,0,0,0,4,1,6,1,0,0,0,44,0,3,15,0,1,1,4,3,0,0,0,25,0,0,0,0,1,1,0,6,0,1,0,1,0,2,113,0,0,0,0,3,1,0,0,0,0,1,1,0,4,0,0,0,0,0,0,0,7,0,0,0,0,1,0,10,0,0,0,1,0,10,34,2,0,0,0,0,4,0,3,0,0,0,1,7,4,0,2,0,0,0,1,0,2,1,42,1,0,0,0,0,0,0,0,1,2,0,3,2,0,0,0,0,0,0,0,0,0,7,7,0,8,0,0,0,10,0,0,0,1,0,0,2,0,0,84,1,63,7,4,4,0,42,0,0,1,0,0,0,1,1,2,0,0,0,0,0,0,1,0,40,0,0,1,0,0,0,0,0,0,0,0,0,0,0,0,0,0,0,0,0,0,0,0,2,0,0,4,0,0,0,4,0,0,0,2,0,0,0,0,0,0,0,0,0,0,0,0,0,0,0,0,0,0,0,0,0,0,0,1,0,0,0,27,0,0,0,0,0,0,0,0,0,0,3,0,0,0,3,24,0,0,0,1,0,0,0,7,0,0,0,0,0,0,3,0,0,0,0,0,0,0,0,0,0,0,0,0,0,0,0,0,3,1,0,0,0,0,2,0,0,0,0,0,0,0,0,0,0,0,0,2,0,0,0,0,2,0,11,2,0,0,0,49,0,0,0,0,12,0,0,15,0,0,0,33,3,0,0,0,0,0,0,0,0,0,0,0,0,0,0,0,0,0,0,0,0,0,0,0,0,0,0,0,0,0,0,0,0,0,0,0,0,1,1,8,1,0,49,0,0,1,0,2,3,0,3,1,0,0,56,2,1,0,3,0,0,0,0,1,2,1,45,0,5,4,0,0,0,0,0,0,0,1,0,0,0,0,0,0,0,0,1,0,0,3,0,0,0,0,0,0,0,0,0,22,0,0,0,4,0,2,0,0,0,0,0,0,0,0,0,0,0,0,0,0,0,0,0,0,0,1,0,0,0,0,1,0,0,2,0,0,0,0,0,0,0,0,2,0,0,0,0,0,0,0,0,0,0,0,0,0,0,0,0,0,0,1,1,0,0,0,1,1,4,12,0,1,1,9,0,2,1,0,1,0,0,0,0,0,0,0,0,0,8,1,301,1,2,0,0,0,0,0,0,0,0,0,0,0,14,2,3,0,2,0,0,1,0,1,0,0,0,0,0,5,0,0,1,0,0,0,0,0,4,0,0,0,0,0,0,0,0,0,0,0,5,0,0,0,0,0,0,3,0,0,1,0,0,0,0,0,0,0,0,0,0,0,0,0,0,0,2,0,0,0,0,4,0,0,1,0,0,1,0,4,0,4,0,0,0,0,0,0,3,1,0,0,0,0,0,1,5,0,0,0,1,0,0,7,5,0,1,0,11,0,0,0,0,0,0,1,3,0,3,0,0,6,20,3,0,105,3,0,0,0,2,0,6,0,31,0,2,0,0,0,7,59,2,2,0,0,0,0,0,36,0,0,0,0,0,0,127,0,0,0,1,0,0,0,0,0,1,1,2,0,0,0,0,0,0,0,1,0,6,0,0,0,9,0,0,1,0,0,1,0,1,0,0,3,1,0,0,0,0,0,0,0,1,0,0,0,0,0,0,0,2,0,0,0,0,0,0,1,0,0,0,2,8,2,16,4,1,0,1,1,0,0,0,2,3,5,10,40,2,0,0,0,0,0,12,0,0,3,0,0,0,0,0,0,107,4,5,7,0,1,0,2,0,0,0,2,0,0,0,0,0,0,2,0,0,0,2,6,4,0,0,0,0,0,2,0,0,1,0,0,17,0,2,0,2,0,0,0,0,2,13,0,0,2,11,2,0,0,0,0,1,2,1,0,0,0,0,0,0,0,0,0,2,0,0,4,9,0,0,0,0,0,25,0,0,1,0,0,1,0,0,3,1,0,0,0,2,0
1,1929,CLUBE CURITIBANO SEDE CONCORDIA,"PRESIDENTE CARLOS CAVALCANTI,  815",SÃO FRANCISCO,-25.4256255,-49.27282461,2,0,2198,1767,80,42,0,1,2,8,28,1,1,0,1,2,1,21,0,0,0,0,9,0,0,0,3,4,4,0,2,1,3,0,0,0,1,11,0,0,0,0,0,0,3,1,1,0,0,0,0,5,2,1,0,0,2,0,2,7,0,0,1,7,0,1,1,0,1,6,0,0,0,0,0,0,0,1,35,0,1,0,1,5,0,1,0,0,0,2,0,0,11,0,0,0,0,0,0,2,5,0,0,0,0,8,1,18,0,1,1,0,0,17,2,0,0,0,0,0,0,0,0,0,0,1,0,0,1,0,0,0,0,0,0,0,2,0,133,0,0,0,0,0,0,0,2,0,3,1,4,1,4,0,0,1,0,0,0,0,0,0,25,0,4,0,0,0,14,0,0,1,0,1,1,0,0,0,124,10,31,16,0,0,0,35,5,11,2,0,1,0,0,0,0,0,0,2,0,4,0,0,1,60,0,0,0,0,1,0,0,0,0,1,0,0,0,0,0,0,0,0,0,0,0,0,0,3,0,1,0,0,0,0,1,0,0,0,0,0,0,0,0,0,0,0,0,2,0,2,0,0,0,0,0,0,0,0,0,0,0,0,0,0,0,0,14,0,0,0,0,0,0,0,1,1,0,2,0,0,1,3,0,0,1,0,0,0,0,0,1,0,0,0,0,1,0,1,0,0,0,0,0,0,0,0,0,0,0,0,0,0,0,0,0,1,0,0,0,0,0,2,0,0,0,0,0,0,0,0,0,0,9,0,0,0,0,0,2,0,0,24,0,1,0,0,17,0,0,0,0,2,0,0,3,0,0,0,29,1,0,1,0,0,0,0,0,0,0,0,0,0,0,0,0,0,0,0,0,0,0,0,0,0,0,0,0,0,0,0,0,0,0,0,0,0,4,1,27,0,0,38,0,1,2,0,6,1,0,5,1,0,0,12,3,0,0,2,0,0,1,0,0,0,0,10,0,5,0,1,0,0,0,0,0,0,0,0,2,0,0,0,0,0,0,0,0,0,3,0,0,0,0,0,0,0,0,0,17,0,2,0,4,0,0,0,0,0,1,0,0,0,0,0,1,0,0,0,0,1,0,0,1,0,0,0,0,0,0,0,0,0,0,0,0,1,1,1,1,0,0,0,0,0,0,0,0,1,0,0,1,0,0,0,0,0,0,1,0,0,2,1,2,0,0,2,3,0,21,0,3,5,19,0,0,0,0,2,0,0,0,0,0,0,0,1,0,0,1,0,0,0,0,0,0,0,0,0,0,0,0,0,0,0,0,1,0,6,0,0,0,0,0,0,0,0,0,0,1,0,0,3,0,0,0,0,0,1,0,0,0,0,0,0,0,1,0,0,0,4,0,0,2,0,0,0,0,0,0,0,0,0,0,0,0,0,0,0,0,0,0,0,0,0,0,0,0,0,1,2,0,0,1,2,0,2,0,0,10,0,5,0,0,0,0,0,0,1,3,2,0,0,0,4,1,1,0,0,0,0,0,0,39,4,1,0,0,22,0,1,0,0,1,0,1,2,1,5,0,1,3,3,5,1,19,0,0,0,2,2,0,2,0,24,0,1,1,0,0,8,85,0,0,0,0,0,0,0,6,0,0,0,0,0,0,0,0,0,0,2,0,0,0,0,0,0,0,3,0,0,1,0,2,0,0,6,0,1,0,0,0,0,0,6,2,1,0,0,0,0,0,0,0,0,0,0,0,0,0,0,0,0,0,0,0,0,0,0,0,3,1,0,0,0,0,0,0,0,0,0,5,1,1,13,1,0,0,1,1,0,1,0,0,4,8,2,25,6,1,1,0,0,0,4,0,0,0,0,0,0,1,0,0,81,2,0,8,0,8,0,4,2,1,4,1,0,0,0,0,0,0,4,0,0,0,0,1,2,0,0,0,0,0,0,0,0,0,0,1,4,0,0,0,0,0,0,0,0,0,0,0,0,0,1,0,0,0,0,1,0,0,0,0,0,0,0,0,0,0,0,1,0,0,0,1,5,0,0,0,0,0,5,0,0,0,0,0,0,0,0,0,1,0,0,0,1,0
1,1937,FUNDACAO DE ESTUDOS SOCIAIS DO PARANA - FESP,R GENERAL CARNEIRO   216,ALTO DA GLÓRIA,-25.42511006,-49.26323943,1,0,2102,1712,59,39,0,0,1,5,29,0,1,0,0,3,0,18,0,0,0,0,24,0,0,0,0,0,4,3,2,0,7,0,1,0,1,13,0,0,0,0,0,0,2,0,1,2,0,0,3,5,1,0,0,0,0,0,1,2,0,0,0,5,0,2,3,0,0,12,0,0,0,0,0,2,0,1,18,0,0,0,0,4,0,1,0,0,0,1,0,0,5,0,1,0,0,0,0,2,3,0,0,0,0,2,0,12,0,0,0,0,0,17,7,0,0,0,0,0,0,0,0,1,0,0,1,4,0,0,0,0,0,0,2,0,0,0,111,0,0,0,1,1,0,0,1,0,7,0,3,2,0,0,0,1,0,0,0,0,0,1,7,0,1,0,0,0,11,0,0,0,1,1,0,0,1,0,59,4,38,6,0,1,0,39,4,5,0,0,3,0,0,1,0,1,0,0,0,2,1,1,0,31,0,0,0,0,2,0,0,0,0,0,0,0,1,0,1,0,1,0,0,0,0,0,0,0,1,0,4,0,1,0,0,0,0,0,1,0,0,0,0,0,0,0,0,0,0,0,0,0,1,1,0,0,0,0,0,2,0,0,0,3,0,0,4,0,0,0,0,0,0,0,0,0,0,0,0,0,2,1,2,0,0,0,0,0,0,0,1,0,0,0,0,1,0,0,0,0,0,0,0,0,0,0,1,0,0,0,0,1,1,0,0,0,0,0,0,0,0,0,0,0,0,0,0,0,0,0,0,1,1,0,0,0,0,0,0,0,0,27,0,0,0,0,28,0,0,0,0,10,0,0,0,0,0,0,53,0,0,2,0,0,0,1,0,0,0,0,0,0,0,1,0,0,0,0,0,0,0,0,0,0,0,0,1,0,0,0,0,0,0,0,0,0,1,1,38,0,0,55,0,0,0,2,3,14,0,5,2,0,0,13,9,2,0,1,1,0,0,0,0,0,0,13,0,24,0,0,0,0,0,0,1,0,0,0,8,0,0,0,0,1,0,0,0,0,1,0,1,0,0,0,0,0,0,0,27,0,1,0,1,0,0,0,0,0,3,0,0,0,0,0,0,0,0,0,0,1,0,0,0,0,0,0,0,0,0,0,0,0,0,0,0,0,0,0,2,0,0,0,0,0,0,0,0,0,0,0,0,0,0,0,0,0,0,1,0,0,0,1,1,1,1,1,2,0,20,0,3,2,28,1,0,0,0,3,0,0,0,0,0,0,0,1,0,0,0,0,0,0,0,0,0,0,0,0,0,0,0,0,1,0,1,0,0,4,0,2,0,0,0,0,0,0,0,0,0,0,0,1,0,0,0,0,0,0,0,0,0,0,0,0,0,0,0,0,0,0,0,0,0,0,0,0,0,0,0,0,0,0,0,0,0,0,0,0,0,0,0,0,0,0,0,0,0,0,0,0,2,0,0,1,0,0,0,0,2,0,3,0,0,0,0,0,2,0,4,0,0,0,0,3,1,1,0,0,0,0,0,0,27,4,0,0,0,29,0,3,1,0,0,0,1,2,0,1,0,0,3,2,2,1,29,0,0,0,0,3,0,4,0,26,0,0,1,0,0,4,81,1,1,0,0,1,0,0,13,1,0,0,0,1,0,0,0,0,0,4,0,0,0,0,0,0,2,2,0,2,0,0,2,0,1,1,0,1,0,0,0,0,1,3,1,0,0,0,0,0,0,0,2,0,0,0,0,0,0,0,0,0,0,0,0,1,0,0,0,0,0,0,0,0,0,0,0,0,1,0,3,3,1,1,1,1,0,1,1,0,1,0,6,3,9,3,34,5,0,0,0,0,0,6,0,0,1,0,0,0,2,1,0,123,0,0,9,0,8,4,11,0,3,0,7,0,0,2,0,0,0,1,0,0,0,0,0,1,0,0,0,0,0,0,0,0,1,0,1,11,0,0,0,0,0,0,0,0,0,0,0,0,1,0,0,0,0,0,0,0,0,0,0,0,0,0,2,0,0,1,0,0,0,0,1,5,0,0,0,0,0,5,0,0,0,0,0,0,0,0,0,2,0,0,0,2,0
1,1945,ESCOLA MUNICIPAL  DUILIO CALDERARI,RUA JOSE SPERANCETTA   66,SÃO LOURENÇO,-25.38660019,-49.26212578,33,0,2465,2065,139,103,0,1,3,5,38,0,4,0,3,8,0,23,0,1,0,0,10,0,0,0,3,1,14,7,0,0,11,0,0,0,0,7,1,0,0,0,0,0,7,0,3,2,1,1,0,25,0,0,2,0,0,3,1,7,0,0,0,6,0,0,0,0,4,9,0,0,0,0,1,0,0,2,93,0,0,0,0,6,0,0,0,0,0,3,0,0,10,0,0,0,0,0,0,0,3,0,0,0,0,9,0,7,0,0,1,0,0,19,45,0,0,0,0,0,3,0,0,0,0,0,1,2,1,0,0,0,0,0,1,0,1,2,96,0,0,0,0,0,0,0,0,2,2,0,0,0,0,0,0,1,0,0,0,0,0,3,3,0,0,0,0,0,3,0,0,0,0,0,0,0,0,1,37,0,50,1,1,0,0,20,2,0,0,1,0,1,0,0,0,0,0,0,0,0,0,2,0,22,0,0,0,0,0,0,0,0,0,1,0,0,1,2,0,0,0,0,0,0,0,0,0,3,0,0,2,0,0,0,3,0,0,0,0,0,0,0,0,0,0,1,0,0,0,1,0,1,0,0,0,0,0,2,0,0,0,0,0,0,0,0,18,0,0,0,0,0,0,0,0,1,0,2,1,0,2,2,4,0,0,0,0,0,0,0,2,0,0,0,0,0,0,0,1,0,0,0,0,0,0,0,0,0,0,0,0,1,1,0,0,0,0,0,0,0,0,1,0,0,0,0,0,0,0,0,0,0,2,0,0,0,1,0,0,0,0,21,0,0,0,0,34,0,0,0,0,7,0,0,10,0,2,2,42,0,0,0,0,0,0,0,0,0,0,0,1,0,0,0,0,0,1,0,0,0,0,0,0,0,0,0,0,0,0,0,0,0,0,0,0,0,4,1,4,0,2,42,0,0,6,0,23,1,0,0,6,0,0,35,1,0,0,2,0,0,0,3,0,1,0,27,0,4,0,0,1,0,0,1,0,0,1,0,0,2,1,0,0,0,0,0,0,0,6,0,1,9,0,1,0,0,0,0,39,1,3,0,3,0,2,0,0,0,1,0,0,0,0,0,0,0,0,0,0,0,0,0,1,0,0,0,0,0,0,0,0,0,0,0,0,0,1,0,0,0,0,0,0,0,0,2,0,0,0,0,0,0,0,0,0,0,0,0,0,0,1,0,0,0,1,3,3,0,15,0,4,1,10,0,0,0,0,0,0,0,0,0,0,0,0,0,0,0,2,0,0,2,0,0,0,0,0,0,0,0,3,0,0,2,7,5,0,0,0,1,0,0,4,0,0,0,0,0,2,0,0,2,0,0,0,0,0,0,0,0,0,0,0,0,0,0,0,0,0,5,0,0,0,0,0,0,2,0,0,0,0,0,0,0,0,0,0,0,0,0,0,0,0,0,3,0,0,0,0,2,1,0,0,1,0,0,0,0,1,0,1,0,0,0,0,0,0,1,2,0,0,0,0,0,1,0,0,0,0,0,0,0,9,4,0,0,0,13,0,0,0,0,0,0,1,4,0,4,0,0,0,6,0,4,72,0,2,0,3,0,0,8,0,26,0,0,0,0,0,6,82,0,1,0,0,0,0,0,28,1,0,0,0,0,0,4,2,0,0,7,1,0,0,0,0,0,2,3,0,0,0,0,0,0,0,2,1,0,0,0,0,1,0,2,3,1,0,0,0,0,0,0,2,0,0,0,0,0,0,0,4,0,0,0,0,1,0,0,0,0,0,0,0,3,0,0,0,0,0,0,6,8,2,12,1,0,0,0,3,0,0,0,0,11,6,16,28,0,0,0,0,0,0,3,2,0,0,0,0,8,2,0,2,136,0,4,4,0,12,4,2,0,0,0,1,0,0,1,0,0,0,0,0,0,6,4,1,1,0,0,0,0,0,0,0,0,0,0,0,8,0,0,0,0,0,0,0,0,4,2,0,0,0,2,2,0,0,0,1,0,0,0,0,0,1,0,0,0,0,0,0,0,0,0,3,1,0,0,1,0,0,11,9,0,0,0,0,0,0,0,0,0,0,0,0,8,0
1,1953,ESCOLA ESTADUAL ERNANI VIDAL,R MATEUS LEME  3291,SÃO LOURENÇO,-25.39837175,-49.27155922,33,0,2651,2168,104,80,0,2,8,8,31,1,1,0,0,6,1,28,0,0,0,0,16,0,0,0,1,1,6,2,1,0,8,0,0,0,0,15,1,0,0,0,0,0,2,0,6,6,0,1,0,17,3,0,0,0,0,1,4,10,0,0,2,6,0,0,0,0,1,11,0,0,0,0,0,3,0,2,44,0,0,0,0,6,0,0,0,0,0,2,1,1,12,0,0,0,0,0,0,0,3,0,0,0,0,11,0,17,0,0,0,0,1,10,24,3,0,0,0,0,7,0,0,0,0,1,2,0,0,1,0,0,0,0,1,0,0,2,121,0,0,1,0,0,0,0,2,2,3,0,1,0,0,0,1,1,0,0,0,0,0,0,9,0,4,0,0,0,17,5,0,1,0,0,1,0,0,0,63,4,46,3,0,0,0,36,3,7,0,0,0,0,0,0,2,2,0,1,1,1,0,1,5,22,0,1,1,1,1,0,0,0,0,0,0,0,0,3,0,0,0,0,0,0,1,0,0,5,0,0,4,0,0,0,1,0,0,0,0,0,1,0,0,0,0,0,0,0,0,0,0,0,1,0,1,0,0,0,0,1,0,0,2,0,0,0,14,0,0,1,0,0,0,0,0,1,1,5,0,0,1,3,14,0,0,0,0,0,0,0,6,0,0,0,0,0,1,0,0,0,0,0,1,0,0,0,2,0,0,0,0,0,0,0,0,0,0,0,0,0,0,0,0,0,0,0,0,0,0,0,0,0,3,0,0,0,0,0,0,0,0,30,1,0,0,0,39,0,0,0,1,8,0,0,3,0,0,0,37,0,0,0,0,0,1,2,0,0,0,0,0,1,0,0,0,0,0,0,0,2,0,3,0,0,0,0,0,0,0,0,0,0,0,0,0,0,4,1,25,1,0,66,0,0,3,2,10,3,0,3,3,0,0,48,0,0,0,2,5,0,0,1,0,1,0,16,0,3,0,0,2,0,0,1,0,0,2,0,0,0,1,1,0,0,0,0,0,0,1,0,0,0,0,0,1,1,0,0,30,0,1,0,1,0,1,0,0,0,8,0,0,0,0,0,0,0,0,0,0,0,0,0,1,0,0,0,0,0,0,0,0,0,0,0,1,0,2,0,0,0,0,0,0,0,0,0,0,0,0,0,0,0,0,0,0,0,0,0,0,0,4,1,0,3,0,2,1,1,17,0,5,2,15,2,0,0,0,3,0,0,0,0,0,0,0,0,2,0,0,2,0,1,0,0,2,0,0,0,0,0,0,0,1,8,0,5,0,0,1,0,0,0,0,0,0,0,0,0,2,0,0,4,0,0,0,0,0,0,0,0,0,0,0,0,0,0,0,0,0,4,0,0,0,0,0,0,0,0,0,1,0,0,0,0,0,0,0,0,0,0,0,0,0,0,0,0,0,0,0,0,0,3,0,0,0,0,1,0,1,0,0,0,0,0,0,0,0,0,1,0,0,0,0,2,1,0,0,0,0,0,0,1,24,5,0,0,1,20,0,0,1,0,0,0,3,2,0,3,0,0,2,1,3,3,54,0,0,0,1,4,1,9,2,33,0,1,1,0,0,3,98,0,6,0,0,1,0,0,22,0,0,0,0,0,0,2,1,2,0,3,0,0,0,0,0,0,1,0,0,0,0,0,2,0,0,0,0,0,0,0,0,0,3,2,0,0,0,0,0,0,0,0,4,1,0,0,0,0,0,0,0,0,0,0,0,0,0,0,1,0,0,0,0,0,0,0,0,0,1,1,7,16,4,19,0,0,0,0,0,0,5,0,1,4,10,3,20,1,0,0,0,0,0,7,1,0,4,0,2,0,2,0,1,166,3,3,12,0,5,2,7,0,7,3,3,4,0,0,0,0,0,1,0,0,0,0,1,2,0,0,0,0,0,0,0,0,0,0,0,4,0,2,0,0,0,0,0,0,0,0,0,0,0,2,2,0,0,0,0,0,1,0,0,0,0,0,1,0,0,0,0,0,0,0,8,7,0,0,0,0,0,6,0,0,0,0,0,0,0,0,0,4,0,0,0,10,0
1,1961,COLEGIO MARTINUS (PARTICULAR),"RUA PRESIDENTE CARLOS CAVALCANTI, 999",SÃO FRANCISCO,-25.42515703,-49.27490012,2,0,2202,1786,80,64,0,1,1,6,25,2,3,0,1,7,0,25,0,0,0,0,27,0,0,0,2,2,8,3,1,1,12,1,0,0,0,13,1,0,0,0,0,0,3,1,4,5,0,1,10,10,1,1,1,0,1,0,3,5,0,0,0,8,0,0,0,0,0,9,0,0,0,0,0,0,0,0,32,0,0,0,0,6,0,1,1,0,0,0,0,0,8,0,0,0,0,0,0,0,1,0,0,0,0,5,0,6,0,1,1,0,0,14,10,0,0,0,0,0,0,0,0,2,0,0,1,4,0,0,0,0,1,0,2,1,0,0,128,0,0,1,0,0,0,0,0,0,0,0,1,0,0,0,2,3,0,0,0,0,0,1,12,0,4,0,0,0,13,3,0,1,0,0,0,1,1,0,87,6,41,5,0,0,0,35,1,4,0,0,1,0,2,0,0,1,0,0,0,2,0,0,3,42,0,0,0,0,2,0,0,0,0,0,0,0,0,0,0,0,1,0,0,0,1,0,0,2,0,0,0,0,0,0,1,2,0,0,2,1,0,0,0,0,0,0,0,0,0,2,0,0,1,0,3,1,0,0,0,1,0,0,0,1,0,0,14,0,0,3,0,0,0,0,0,1,0,2,0,0,4,3,4,0,0,0,1,0,0,0,4,0,0,0,0,0,0,0,0,0,0,0,0,0,0,0,0,1,0,0,1,1,1,0,0,1,0,0,0,0,0,4,0,0,0,0,0,0,0,0,0,0,2,1,0,0,0,0,0,0,0,23,0,0,0,0,20,0,0,0,2,12,0,0,1,0,0,0,38,4,0,0,0,0,0,0,0,0,0,0,0,0,0,0,0,0,0,0,0,0,0,0,0,0,0,0,0,0,0,0,0,0,0,0,0,0,5,4,15,0,0,50,0,0,2,0,5,3,0,7,1,0,0,16,1,0,0,0,0,0,0,0,0,1,0,26,0,6,3,0,1,0,0,0,1,0,1,0,0,0,0,0,0,0,0,0,0,0,4,0,0,1,0,0,0,1,0,0,13,1,0,1,0,1,0,0,0,0,1,0,1,0,0,0,0,0,0,0,0,0,0,0,1,0,0,0,0,0,0,0,0,0,0,0,1,0,0,0,2,0,0,0,0,0,0,0,0,0,0,0,0,0,0,0,0,0,0,0,0,0,1,3,0,0,3,3,3,0,10,1,2,1,21,2,0,0,0,0,0,0,0,0,0,0,0,0,0,0,0,0,2,0,0,0,0,0,0,0,0,0,0,0,0,4,0,1,0,4,0,0,0,0,0,0,0,0,2,0,0,0,0,2,0,0,0,0,0,0,0,0,0,0,0,0,0,0,0,0,0,0,0,0,1,0,0,0,0,0,0,3,0,0,0,0,0,0,0,0,0,0,0,0,0,0,1,0,0,0,1,0,0,0,0,2,0,0,0,0,4,0,1,0,0,0,0,0,0,0,9,0,0,0,0,2,1,2,0,0,0,0,0,0,26,5,0,0,0,14,0,2,0,0,1,0,2,2,0,5,0,1,4,4,1,1,35,0,1,0,1,5,0,4,0,28,0,0,0,0,0,3,78,3,1,0,0,1,0,0,7,0,0,0,0,0,0,1,3,3,0,0,0,0,0,0,0,0,0,1,0,0,0,0,0,0,2,3,0,2,0,0,0,0,4,4,0,0,0,0,1,0,0,0,0,0,0,0,0,0,0,1,0,0,0,0,0,0,0,0,2,0,1,0,0,0,0,0,0,0,0,0,2,2,0,8,0,0,0,0,0,0,0,0,1,2,8,0,15,3,0,0,1,0,0,9,0,0,3,0,1,0,1,0,0,81,1,3,11,0,8,1,7,0,3,2,7,0,0,0,0,0,0,6,0,0,1,4,0,1,0,3,0,0,0,3,0,0,0,0,0,5,0,0,0,0,0,0,0,1,2,4,0,0,0,2,0,0,0,0,0,0,1,0,0,0,0,0,0,0,0,0,1,0,0,0,3,6,0,0,0,0,0,10,0,0,0,0,0,0,0,0,0,3,0,0,0,1,2
1,1970,COLEGIO ESTADUAL SEBASTIAO SAPORSKI,RUA MARIA DE LOURDES MICKOSZ 350,TABOÃO,-25.37499232,-49.27813341,49,0,1305,1063,95,59,0,0,4,5,9,0,3,0,0,2,0,4,0,0,0,0,16,0,0,0,0,1,4,2,1,0,6,0,0,0,0,4,0,0,0,0,0,0,4,0,0,1,0,1,0,7,0,0,0,0,0,3,1,1,0,0,0,13,1,0,0,0,1,6,0,0,0,0,0,0,0,0,40,0,0,0,0,1,0,0,1,0,0,0,0,2,3,0,0,0,0,0,0,0,0,0,0,0,0,0,0,11,0,0,0,0,0,4,17,0,0,0,0,0,33,0,0,0,0,0,0,1,0,0,2,0,0,0,0,0,0,0,28,0,1,0,0,0,0,0,0,1,0,0,0,0,0,0,0,1,0,0,0,0,0,2,5,0,3,0,0,0,3,0,0,0,0,0,1,0,3,0,35,0,15,4,1,0,0,12,0,2,0,0,1,0,0,0,1,0,0,0,1,0,0,0,0,13,0,0,0,0,4,0,0,0,0,0,0,0,0,0,0,0,0,0,0,0,0,0,0,0,0,0,0,0,0,0,0,0,0,0,0,0,0,0,0,0,0,0,0,0,0,0,0,0,0,0,0,1,0,0,0,1,0,0,0,0,0,0,7,0,0,0,0,0,0,0,1,0,0,0,0,0,1,0,2,0,0,0,0,0,0,0,1,0,0,0,0,0,0,1,0,0,0,0,0,0,0,0,0,0,0,0,0,0,3,0,0,0,0,0,0,0,0,0,0,0,0,0,0,0,0,0,0,0,0,0,0,0,0,0,0,0,0,7,0,0,0,0,28,0,0,0,0,2,0,0,9,0,0,0,11,0,0,0,0,0,0,0,0,0,0,0,0,0,0,0,0,0,0,0,0,0,0,0,0,0,0,0,0,0,0,0,0,0,0,0,0,0,0,0,8,0,0,13,0,0,0,1,6,0,0,2,1,0,0,31,0,0,0,0,0,0,0,0,0,0,0,17,0,0,0,0,0,0,0,0,0,0,0,0,0,0,0,0,2,0,0,0,0,0,2,0,0,0,0,0,0,0,0,0,12,0,0,0,0,0,0,0,0,0,0,0,0,0,0,0,0,0,0,0,0,0,0,0,0,0,0,0,0,0,0,0,0,0,0,0,0,0,1,0,0,0,0,0,0,0,0,0,0,0,0,0,0,0,0,0,0,0,0,0,0,0,1,1,0,1,1,0,0,0,6,0,0,1,10,0,0,0,0,0,0,0,0,0,0,0,0,0,0,0,0,0,0,0,0,0,0,0,0,0,0,0,0,0,0,0,3,0,0,0,0,0,0,0,0,0,0,0,0,0,1,0,0,0,0,0,0,0,0,0,0,0,0,0,0,0,0,0,0,0,0,1,0,0,2,0,0,0,0,0,0,2,0,0,0,0,0,4,0,0,0,0,0,0,0,0,0,0,0,0,0,0,0,0,0,1,0,0,0,0,1,0,0,0,0,0,0,0,0,0,1,0,0,0,0,0,0,0,0,0,0,0,0,0,10,2,0,0,0,8,0,0,0,0,0,0,0,3,0,0,0,0,0,3,2,0,51,0,0,0,0,0,0,5,0,14,0,0,1,0,0,4,45,3,0,0,0,0,0,0,10,0,0,0,0,0,2,0,4,0,0,1,0,0,0,0,0,0,0,0,0,0,1,0,0,0,0,0,0,0,0,0,0,1,0,2,0,0,0,1,0,0,0,0,0,0,0,0,0,0,0,0,0,0,0,0,0,0,0,0,1,0,0,0,0,0,0,0,0,0,0,0,0,5,0,5,4,1,0,0,4,0,0,0,0,7,0,1,11,1,0,0,0,0,0,0,0,0,1,0,0,0,0,0,1,57,2,0,11,0,2,0,1,0,1,1,2,0,0,0,0,0,0,0,0,0,0,20,0,0,0,0,0,0,0,0,0,0,0,0,0,4,0,0,0,0,0,0,0,0,4,2,0,0,0,4,1,0,0,0,0,0,0,0,0,0,2,0,0,0,3,0,0,0,0,0,0,1,0,0,1,0,0,11,0,0,0,0,0,0,0,0,1,0,0,0,0,3,0
1,1988,COLEGIO INTEGRAL (PARTICULAR),"RUA ALBERTO FOLLONI, 220",JUVEVÊ,-25.41347846,-49.26359958,15,0,2641,2193,84,46,0,1,4,4,30,0,1,0,0,8,2,20,1,0,0,0,16,0,0,0,3,1,6,5,2,0,7,0,0,1,0,17,0,0,0,0,0,0,1,0,13,2,0,0,2,8,2,0,0,0,1,1,0,10,0,0,2,3,0,3,0,0,0,22,1,0,0,0,1,1,0,0,22,1,1,0,0,10,0,1,0,0,0,1,0,0,8,0,0,0,0,0,1,0,2,0,0,0,0,1,0,17,0,0,2,1,0,21,5,0,0,0,0,0,0,0,0,0,0,0,2,1,2,0,0,0,0,0,1,1,2,0,195,0,1,0,0,0,0,1,1,0,1,0,1,0,1,0,0,0,0,0,0,0,0,0,22,0,3,0,0,1,8,1,0,0,0,0,1,1,4,0,106,3,21,8,0,0,1,60,7,7,0,0,2,0,0,1,0,1,0,0,1,1,0,1,1,41,0,0,1,0,1,0,0,0,0,0,0,0,0,1,0,0,2,0,0,0,0,0,0,2,0,0,2,0,0,0,0,0,0,0,0,1,0,0,0,0,0,0,0,0,0,1,0,1,0,0,0,0,0,0,0,2,0,0,1,0,0,0,9,0,0,2,0,0,0,0,0,0,0,5,0,1,7,3,9,0,0,0,0,0,0,0,2,0,0,0,0,0,0,3,0,0,0,0,0,0,0,1,0,0,0,0,0,0,0,1,0,1,0,0,0,0,0,7,0,0,0,0,0,0,0,0,0,0,4,0,1,0,0,0,0,0,0,37,0,0,0,0,37,2,0,0,0,8,0,0,0,0,0,0,88,0,0,1,0,0,0,0,0,0,0,0,1,0,0,2,0,0,0,0,0,0,0,0,0,0,0,0,0,0,0,0,0,0,0,0,0,0,4,0,13,0,0,62,0,0,1,1,19,6,0,4,0,0,0,12,1,0,1,3,0,0,0,0,0,1,0,36,0,13,2,0,0,1,0,0,1,0,0,0,4,0,1,0,0,0,0,0,0,0,6,0,1,0,0,0,2,2,0,0,23,0,7,0,7,0,1,0,0,0,0,0,0,0,0,0,0,0,0,0,0,0,0,0,3,0,0,0,0,0,0,0,0,0,0,0,0,0,1,0,0,1,0,0,0,0,0,0,0,0,0,0,0,0,0,0,0,0,0,2,0,0,1,2,0,2,1,4,6,1,33,0,3,1,22,3,0,0,0,1,0,0,0,0,0,0,0,1,0,0,0,0,0,0,0,0,0,0,0,0,0,0,2,0,2,1,0,1,0,6,0,0,0,0,0,0,1,0,0,0,0,0,0,2,0,0,0,0,0,0,0,0,0,0,0,0,0,0,1,0,0,0,0,0,1,0,0,0,0,0,0,0,0,0,0,0,0,0,0,0,0,0,0,0,1,0,1,0,0,0,0,0,0,0,0,2,2,0,0,0,2,0,1,0,0,0,0,0,1,0,0,0,0,0,0,2,1,2,0,0,0,0,0,0,46,9,0,0,1,32,1,5,0,1,1,0,5,1,0,5,0,0,2,4,1,0,27,0,5,0,2,3,0,2,0,30,0,1,0,0,0,2,70,9,0,0,0,1,0,0,18,0,0,0,0,0,0,1,3,0,0,12,0,0,0,0,0,0,1,2,0,0,0,0,1,0,0,4,0,1,0,0,0,0,1,6,1,0,0,0,0,0,1,0,0,0,0,0,0,0,0,0,0,0,0,0,0,0,0,2,0,0,0,0,0,0,0,0,0,0,0,0,3,2,0,9,1,0,0,3,4,0,2,0,4,6,13,1,41,1,0,0,0,0,0,6,0,0,2,0,1,0,2,1,0,153,1,1,9,2,12,2,17,0,2,0,3,0,0,2,0,0,0,1,0,0,0,0,1,1,0,0,0,0,0,0,0,0,0,0,1,7,0,0,0,0,0,0,0,0,0,1,0,0,0,1,0,0,0,0,0,0,1,0,0,0,0,0,1,0,0,0,0,0,0,0,1,2,0,0,0,0,0,4,0,0,0,0,0,0,0,0,1,2,0,0,0,1,0
1,1996,COLEGIO BOM JESUS DIVINA PROVIDENCIA (PARTICULAR),LEONIDAS VICENTE DE CASTRO 81,AHÚ,-25.40153844,-49.26761273,14,0,4843,4061,158,107,0,4,4,15,50,1,2,0,2,7,1,37,2,0,0,1,66,0,1,0,1,5,11,4,6,0,31,1,1,0,1,29,0,0,0,0,0,1,17,0,8,4,0,3,7,24,3,0,0,0,0,1,2,19,0,0,1,6,0,5,7,0,3,46,0,0,0,0,0,0,0,0,69,0,0,0,0,11,2,1,1,0,0,2,0,0,23,0,0,0,0,0,0,2,1,0,1,0,0,10,1,30,0,0,1,0,0,20,32,1,0,0,0,0,11,0,0,1,0,1,5,2,0,1,0,0,1,0,3,3,5,3,233,0,0,0,0,2,0,0,5,0,4,0,1,0,2,0,0,0,0,0,1,0,1,0,24,0,2,0,0,0,14,0,0,0,2,0,1,1,1,0,104,9,45,4,1,1,0,80,4,2,0,1,0,1,1,5,1,0,0,1,1,1,0,2,6,53,0,0,0,0,2,0,0,0,0,0,1,0,0,0,0,0,0,0,0,0,1,0,0,4,0,0,4,0,1,0,2,0,0,0,0,1,3,0,0,0,0,0,0,3,0,6,0,1,0,0,0,0,0,0,0,1,0,1,0,2,0,0,9,0,0,0,0,0,0,0,0,0,0,2,0,0,2,4,9,0,0,0,0,0,0,0,4,0,0,0,0,2,0,4,0,0,0,0,0,0,0,0,0,0,0,0,0,2,0,0,0,0,0,0,0,0,0,3,0,0,0,1,0,0,0,0,0,0,8,0,0,0,0,0,0,0,0,83,1,0,0,4,81,0,0,0,0,26,0,0,1,2,0,0,139,1,2,1,0,1,0,0,0,0,0,0,2,0,0,2,0,0,0,0,0,0,0,0,0,0,0,0,1,0,0,0,0,0,0,0,0,0,4,9,54,1,0,97,0,0,12,4,50,12,0,18,4,0,0,31,8,1,1,3,2,0,0,0,0,2,1,44,0,11,4,0,0,0,0,1,0,0,0,0,8,1,0,0,3,0,1,0,0,0,13,0,2,7,0,0,0,1,1,0,98,0,2,0,3,0,0,0,0,0,3,0,0,0,0,0,0,0,0,0,0,0,0,0,0,0,0,0,0,0,0,0,0,0,0,0,0,0,1,0,0,0,0,0,0,0,0,0,0,0,0,0,0,0,0,0,0,0,0,0,0,0,13,4,0,1,2,10,10,2,76,0,13,3,62,4,0,0,0,4,0,0,0,0,0,0,0,1,0,0,0,2,0,0,0,0,0,0,0,0,0,0,1,0,1,3,1,17,0,2,0,0,0,0,2,0,0,0,0,0,1,0,0,4,0,0,0,0,0,0,0,0,0,0,0,0,0,0,0,0,0,0,0,0,0,0,0,0,0,0,0,4,0,0,0,0,0,0,0,0,0,0,0,0,0,0,1,0,0,0,1,0,0,1,1,2,0,0,0,0,3,0,0,0,0,0,0,0,0,0,5,1,0,0,0,2,0,5,0,0,0,0,0,0,78,15,0,1,0,59,0,2,0,0,0,0,2,3,1,11,0,0,12,8,4,2,61,0,3,0,0,10,0,10,2,60,0,1,3,1,0,6,158,3,5,0,0,2,0,0,56,1,0,0,0,0,1,2,1,1,0,9,0,0,0,0,0,0,3,6,0,0,0,0,4,0,2,1,3,0,0,0,0,2,3,3,4,0,0,0,0,0,2,0,3,1,0,0,0,0,0,0,0,0,2,0,0,0,0,4,2,0,0,0,0,0,0,0,1,0,0,0,10,5,1,22,1,0,0,4,3,0,2,0,4,7,30,4,54,9,0,0,0,0,3,19,1,0,6,0,0,7,2,0,1,281,5,5,18,1,12,5,13,0,5,0,9,3,0,0,0,0,0,3,0,0,0,1,1,2,0,1,0,0,0,0,1,0,0,0,0,27,0,1,0,0,0,0,0,0,1,2,0,0,0,0,0,0,0,0,2,0,0,3,0,0,0,0,1,0,0,0,2,0,0,0,6,6,0,0,0,0,0,19,2,0,0,0,0,0,0,0,1,4,0,0,0,2,2
1,2020,ESCOLA MUNICIPAL CEI ULYSSES SILVEIRA GUIMARAES,"RUA PEDRO DE SIQUEIRA CORTES, 323",ABRANCHES,-25.36413711,-49.2749189,50,0,1089,890,94,45,0,0,0,3,11,0,0,0,0,7,0,4,0,0,0,0,1,0,0,0,0,1,9,0,0,0,3,0,0,1,0,5,1,0,0,0,0,0,0,0,0,1,0,1,0,7,1,0,0,0,0,3,0,0,0,0,3,28,0,3,0,0,0,1,1,0,0,0,0,0,0,0,43,0,0,0,0,0,0,0,0,0,0,0,0,0,2,0,0,0,0,1,0,0,3,0,0,0,0,3,0,2,0,0,0,0,0,7,29,1,0,0,0,0,18,0,0,0,0,0,0,3,1,0,0,0,0,0,0,0,1,0,9,0,0,0,2,0,0,0,0,0,0,0,1,0,0,0,0,0,0,0,0,0,0,2,0,0,3,0,0,0,2,0,0,0,0,0,0,0,0,1,14,0,20,2,0,1,0,13,1,0,0,0,0,0,0,0,0,0,0,0,0,0,0,0,0,13,0,1,0,0,0,0,0,0,0,0,0,0,0,0,0,0,0,0,0,0,0,0,0,1,0,0,0,0,0,0,1,0,2,0,0,0,0,0,0,0,0,0,0,0,0,0,1,0,0,0,0,0,0,0,0,0,0,0,0,0,0,0,11,0,0,0,0,0,0,0,0,0,0,0,0,0,0,0,1,0,0,0,0,0,0,0,3,0,0,0,0,0,0,0,0,0,1,0,0,0,0,0,0,0,0,0,0,0,0,0,0,0,0,0,0,0,0,0,0,0,0,0,0,1,0,0,0,0,3,0,0,0,0,0,0,0,0,5,0,0,0,0,18,0,0,0,0,6,0,0,2,0,0,0,10,0,0,1,0,0,0,0,0,1,0,0,0,0,0,0,0,0,0,0,0,0,0,0,0,0,0,0,0,0,0,0,0,0,0,0,0,0,0,0,2,0,0,7,0,0,0,0,7,0,0,0,1,0,0,28,0,0,0,0,0,0,0,0,0,0,0,14,1,1,0,0,0,0,0,0,0,0,0,0,0,0,0,0,0,0,0,0,0,0,1,0,1,3,0,0,0,0,0,0,13,0,0,0,0,0,0,0,0,0,0,0,0,0,0,0,0,0,0,0,0,0,0,0,0,0,0,0,0,0,0,0,0,0,0,0,0,0,0,0,0,0,0,0,0,0,0,0,0,0,0,0,0,0,0,0,0,0,0,0,0,0,0,0,0,0,0,0,1,2,7,0,0,0,1,0,0,0,0,1,0,0,0,0,0,0,0,0,0,0,0,0,0,2,0,0,1,0,0,0,0,0,0,0,0,3,2,3,0,2,0,0,1,0,1,0,0,0,0,0,0,0,0,0,0,0,0,0,0,1,0,0,0,0,0,0,0,5,0,0,0,27,0,0,0,0,0,0,0,0,0,0,0,0,0,0,0,0,0,0,0,0,0,0,0,0,0,0,0,0,0,0,0,0,0,0,0,0,0,0,2,0,3,0,0,0,0,0,0,0,2,0,0,0,0,0,0,0,0,0,3,0,0,0,1,1,0,0,0,1,0,0,0,0,0,0,0,1,0,0,0,0,0,2,1,0,31,0,0,0,0,0,0,0,0,16,0,0,0,1,0,3,43,0,0,0,0,0,0,0,7,0,0,0,0,0,0,4,0,0,0,0,0,0,0,0,0,0,3,0,0,0,0,0,0,0,0,0,0,0,0,0,0,2,0,0,0,0,0,0,0,0,0,0,0,0,0,0,0,0,0,0,0,0,0,0,0,0,0,0,0,0,0,0,0,1,0,0,2,0,0,0,4,3,0,5,4,0,0,0,0,0,0,0,2,1,6,0,11,2,0,0,0,0,0,2,0,0,0,0,1,0,0,0,0,28,0,0,12,0,0,0,0,0,0,0,1,0,0,0,0,0,0,0,0,0,0,18,0,0,0,0,0,0,1,0,0,0,0,0,0,3,0,0,0,0,0,0,0,0,0,1,0,0,0,1,0,0,0,0,0,0,0,0,0,0,0,0,0,0,1,0,0,0,0,0,1,4,0,0,0,0,0,3,0,0,0,0,0,0,0,0,3,0,0,0,0,2,0
1,2038,ESCOLA MUNICIPAL CEI PROFESSOR  JOSE WANDERLEY DIAS,"RUA DOS IPES, 122",BARREIRINHA,-25.37475477,-49.25295774,52,0,2095,1755,97,100,0,2,6,6,17,1,3,0,1,8,0,21,1,0,0,0,7,0,0,0,2,0,9,2,0,0,7,0,2,1,0,9,4,0,0,0,0,2,0,1,3,2,0,0,0,31,0,0,2,0,0,0,0,0,0,0,0,6,0,0,0,0,1,5,0,0,0,0,0,1,0,0,54,0,0,0,0,2,0,0,0,0,0,0,0,0,5,0,0,0,0,0,0,0,2,0,0,0,0,5,0,14,0,0,0,2,0,10,32,1,0,0,0,0,3,0,0,0,3,2,1,37,0,0,0,0,0,0,0,0,0,0,53,0,0,0,1,0,0,0,0,1,0,0,0,0,0,0,1,2,0,0,0,0,0,4,6,0,3,0,0,1,10,0,0,3,7,0,0,1,0,0,30,1,32,2,0,2,0,27,1,1,0,0,6,0,0,1,0,0,0,0,0,1,0,0,0,37,0,0,0,0,1,0,0,0,0,0,0,0,0,0,1,0,0,0,0,0,0,0,0,0,0,0,0,0,0,0,2,0,1,0,0,0,0,0,0,0,0,0,0,0,0,0,0,0,0,0,1,0,0,0,0,0,0,0,0,0,0,0,21,0,0,2,0,0,0,0,0,2,0,1,0,0,5,1,14,0,0,0,0,0,0,0,7,0,0,0,0,0,0,1,0,0,0,0,0,0,0,0,1,0,0,0,0,0,1,1,0,0,0,0,0,0,0,0,0,0,0,0,0,0,0,0,0,1,0,0,1,0,0,0,0,0,0,10,0,0,0,0,33,0,0,0,0,13,0,0,5,1,0,0,35,0,0,0,0,0,1,0,0,0,0,0,0,0,0,0,0,0,0,0,0,0,0,3,0,0,0,0,0,0,0,0,0,2,0,0,0,0,4,0,4,0,0,32,0,0,9,3,17,3,0,2,0,0,0,32,1,0,0,1,0,0,0,0,0,0,0,45,0,3,0,0,0,0,0,0,0,0,0,0,0,0,0,0,0,0,0,0,0,0,1,0,1,4,0,0,1,0,0,0,30,0,0,0,2,0,0,0,0,0,0,0,0,0,0,0,0,0,0,0,0,0,0,0,0,0,0,0,0,0,0,0,0,0,1,0,1,0,1,0,0,0,0,0,0,0,0,0,0,0,0,0,1,0,0,0,0,0,0,0,0,0,0,2,0,0,0,1,1,1,11,0,5,0,3,1,0,0,0,1,0,0,0,0,0,0,0,0,0,2,1,4,0,0,0,0,0,0,0,0,0,0,3,0,0,4,9,2,0,3,0,0,6,0,3,0,0,0,0,0,16,0,0,0,0,0,0,0,0,0,0,0,0,0,0,0,0,0,0,0,0,3,0,0,0,0,0,0,0,0,0,2,0,0,0,0,0,0,0,0,0,0,0,0,0,0,0,0,0,0,0,0,1,0,0,0,0,1,1,0,0,0,2,0,0,0,0,0,0,1,2,0,0,0,0,0,2,3,0,0,1,0,0,0,16,7,0,0,0,5,0,0,0,0,0,0,0,2,0,1,0,1,0,3,3,2,57,0,1,0,4,2,0,10,0,30,0,0,0,0,0,3,48,1,0,0,0,0,0,0,23,0,0,0,0,0,0,4,2,1,0,5,0,0,0,0,0,0,0,0,2,0,0,0,3,0,1,1,0,0,0,1,0,1,2,1,2,0,0,0,0,0,0,0,0,1,0,0,0,0,0,0,0,0,0,0,0,0,0,0,0,2,0,0,0,0,0,0,0,0,0,0,4,4,0,12,0,0,1,1,0,0,1,0,0,7,3,7,14,3,0,0,0,0,0,11,0,0,1,0,0,4,0,0,0,91,0,3,6,2,4,1,6,0,0,1,2,3,0,0,0,0,1,0,0,1,7,2,4,3,0,0,0,0,1,4,0,0,0,0,2,6,0,0,0,0,0,0,0,0,0,1,0,0,0,1,0,0,0,0,0,0,0,0,0,0,0,0,1,0,0,0,0,0,0,1,0,11,0,0,0,0,0,28,0,0,0,0,0,0,0,0,0,4,0,0,0,5,0
1,2232,COLEGIO MARISTA SANTA MARIA (PARTICULAR),"RUA PROFESSOR JOAQUIM DE MATTOS BARRETO, 98",SÃO LOURENÇO,-25.38985747,-49.26867258,33,0,3919,3272,138,93,0,1,7,3,50,0,4,0,0,15,2,16,0,0,0,0,36,0,1,0,1,5,15,2,1,0,16,0,0,1,0,21,1,0,0,0,2,2,9,0,11,7,0,3,2,13,0,0,0,0,1,0,0,8,0,0,0,7,0,3,3,0,2,24,0,0,0,0,0,2,0,1,51,0,0,0,0,11,0,0,0,0,0,1,0,4,18,1,0,0,0,2,1,0,5,0,0,0,0,9,0,17,0,0,0,1,0,23,17,0,0,0,0,0,2,0,0,3,0,0,2,4,1,0,0,0,1,0,0,1,0,8,255,0,0,0,0,0,0,0,0,3,4,0,2,0,1,0,0,1,0,0,0,0,0,1,21,0,5,0,0,0,8,3,0,0,3,0,0,0,0,0,156,6,27,9,6,0,0,94,6,10,0,0,2,0,2,1,0,0,0,0,2,2,0,1,1,60,0,1,0,0,0,0,0,0,0,0,1,0,0,0,0,0,0,0,0,0,2,0,0,1,1,0,3,0,0,0,1,0,1,0,1,1,0,0,0,0,0,0,0,0,0,2,0,0,0,0,0,0,0,0,0,2,0,0,0,4,0,0,9,0,0,1,0,0,0,0,2,3,0,3,0,0,4,1,5,0,0,0,0,0,0,0,17,0,0,0,0,0,0,1,0,0,0,0,0,0,0,0,0,0,0,0,0,1,2,0,0,0,0,0,0,0,0,2,0,0,0,0,0,0,0,0,0,0,4,1,0,0,0,0,0,0,0,74,0,0,0,1,82,0,0,0,0,11,1,0,2,0,0,0,84,0,0,0,0,0,0,2,0,0,0,0,1,0,0,0,0,0,1,0,0,0,0,0,0,0,0,0,0,0,0,0,0,0,0,0,0,0,5,3,25,0,0,72,0,0,2,0,18,3,0,2,4,0,1,23,2,0,0,0,2,1,0,0,0,1,0,20,1,9,1,0,0,0,0,0,0,1,1,2,2,1,0,0,1,0,0,0,0,0,18,0,0,8,0,0,0,0,0,0,39,1,8,0,4,0,0,0,0,0,5,0,1,0,0,0,0,0,0,0,0,0,0,0,1,0,0,0,0,0,1,0,0,0,0,0,0,0,0,0,0,0,0,0,0,0,0,0,0,1,0,0,0,0,0,0,0,0,0,1,0,0,8,9,2,4,3,4,6,0,74,0,11,3,46,2,1,0,0,3,0,0,0,1,0,1,0,2,0,0,0,2,0,0,0,0,2,0,1,0,0,0,2,0,1,6,1,4,0,4,0,0,1,0,1,0,0,0,0,0,1,0,1,3,0,0,0,0,0,0,0,0,0,0,0,0,0,0,0,0,0,4,0,0,2,0,0,1,0,0,0,0,0,0,0,0,0,0,0,0,0,0,0,0,0,0,2,0,0,0,2,0,1,0,0,1,0,3,0,0,5,0,2,0,0,0,0,0,1,0,5,0,0,0,0,1,0,5,0,0,1,1,0,0,82,8,0,0,0,33,0,2,0,0,0,0,3,3,2,7,0,0,11,8,4,1,40,0,1,0,2,3,0,13,0,55,0,0,2,0,0,2,115,4,0,0,4,1,0,0,28,0,0,0,0,0,0,2,1,1,0,8,0,0,0,0,0,0,1,5,1,0,0,0,2,0,2,10,0,0,2,1,0,2,1,7,3,0,0,0,0,1,0,0,1,0,0,0,0,0,1,0,0,0,0,0,0,0,0,0,0,1,0,0,0,0,0,0,0,0,0,0,7,5,3,19,6,0,0,0,1,2,5,0,3,9,8,4,28,5,6,0,0,0,0,10,0,0,0,0,4,1,4,0,0,246,7,4,14,2,12,1,10,0,2,2,3,1,0,4,0,0,0,1,0,0,0,2,0,1,0,0,0,0,1,0,0,0,0,0,0,17,0,0,0,0,0,0,0,0,1,3,0,0,0,2,1,0,0,0,0,2,0,0,0,0,0,0,1,0,0,0,1,0,0,2,4,9,1,0,0,0,0,14,0,0,0,0,0,2,0,0,0,0,0,0,0,4,0
1,2240,FACULDADE INSPIRAR,"RUA JOÃO TSCHANNERL, 880",PILARZINHO,-25.4046383,-49.2891437,31,0,1975,1657,100,81,0,1,3,6,33,2,3,0,0,2,0,31,1,0,0,0,16,0,0,0,0,0,5,0,2,0,11,0,1,0,0,13,0,0,1,0,0,0,11,0,8,1,0,0,1,10,0,0,0,0,0,0,0,9,0,0,7,2,0,1,2,0,3,13,0,1,0,0,0,1,0,0,52,0,0,0,0,5,1,0,0,1,0,0,0,0,5,1,0,0,0,0,0,0,2,0,0,0,0,9,0,9,0,0,0,0,0,13,20,0,0,0,0,0,3,0,0,0,0,0,1,3,0,0,0,0,0,0,1,0,1,0,89,0,1,0,1,0,0,0,0,0,1,0,2,0,0,0,1,1,0,0,0,0,1,3,3,0,2,0,0,0,7,0,0,0,2,0,0,1,0,0,33,3,22,2,2,0,0,24,8,2,0,1,0,0,0,0,0,0,0,0,2,0,0,2,3,20,0,0,0,0,1,0,0,0,0,1,2,0,0,0,0,0,0,0,0,0,0,0,0,5,0,0,1,0,0,0,0,0,0,0,0,0,0,0,0,0,0,0,0,0,0,0,0,0,0,0,0,0,0,0,0,0,0,0,0,0,0,0,10,0,0,4,0,0,0,1,1,1,0,0,1,0,0,2,3,0,0,0,0,0,0,0,5,0,0,0,0,0,0,0,0,0,0,0,0,0,0,0,0,1,0,0,0,0,0,0,0,0,0,0,0,0,0,0,0,0,0,0,0,0,0,0,0,0,3,0,0,0,0,0,0,0,0,16,0,0,0,0,42,0,0,0,0,11,0,0,6,0,0,0,45,0,0,0,0,0,0,0,1,0,0,0,0,0,0,0,1,1,0,0,0,0,0,0,0,0,0,0,0,0,0,0,0,0,0,1,0,0,1,1,12,0,0,24,0,0,5,3,12,2,0,5,2,0,1,22,0,1,0,9,0,0,0,4,0,1,0,10,0,2,1,0,0,0,0,3,0,0,3,0,3,0,0,1,0,0,0,0,0,0,1,0,0,0,0,0,0,0,0,0,24,0,0,0,0,0,0,0,0,0,0,0,0,0,0,0,0,0,0,0,0,0,0,0,0,0,0,0,0,0,0,0,0,0,0,0,0,0,2,0,0,0,0,0,0,0,0,0,0,0,0,0,0,0,0,0,0,0,0,0,0,0,2,3,2,0,2,2,1,3,21,0,1,1,13,4,0,0,0,0,0,0,0,0,0,0,0,0,0,0,1,0,0,0,0,0,0,0,0,0,0,0,2,0,0,1,0,3,0,1,0,0,0,0,2,0,0,0,0,0,0,0,0,4,0,0,0,0,0,0,0,0,0,0,0,0,0,0,0,0,0,4,0,0,0,0,1,0,1,0,0,1,0,0,0,0,0,3,0,0,0,0,0,0,0,0,0,0,0,0,0,0,1,0,0,1,0,1,0,0,3,0,1,0,0,0,0,0,0,0,2,0,0,0,0,0,0,2,0,0,0,0,1,0,16,7,0,1,0,16,0,0,0,0,0,0,2,2,1,1,0,0,3,4,2,0,39,0,2,0,0,4,0,8,0,37,0,0,0,0,2,8,65,1,1,0,0,0,1,0,12,0,0,0,0,0,0,3,3,0,0,3,0,0,0,0,0,0,1,2,0,0,0,0,1,0,0,1,0,0,0,1,0,0,0,8,1,0,0,0,1,0,0,1,0,0,0,0,0,0,2,0,0,2,0,0,1,0,0,0,1,0,0,0,0,0,1,0,0,0,0,0,2,6,8,12,0,0,0,0,0,0,0,0,0,3,5,2,3,1,0,0,0,0,0,2,0,0,1,0,0,0,2,0,1,96,0,1,5,1,5,1,5,0,3,0,10,0,0,0,0,0,0,1,0,0,0,2,2,5,0,0,0,0,0,0,0,0,0,0,1,7,0,0,0,0,1,0,0,0,9,4,0,0,0,5,0,0,0,0,0,0,0,0,0,0,0,0,0,0,0,0,0,0,0,0,3,0,0,0,0,0,0,11,0,0,0,0,0,0,0,0,0,1,0,0,0,2,0
1,2259,ESCOLA MUNICIPAL TANIRA REGINA SCHMIDT,"RUA VICTOR KOTOVIS, 162",ABRANCHES,-25.35568909,-49.27415003,50,0,2010,1685,200,85,0,4,6,2,30,0,5,0,0,6,0,17,2,0,0,0,2,0,0,0,2,4,13,3,1,0,8,0,0,0,0,7,0,0,0,0,0,0,3,0,2,0,0,0,0,49,0,0,0,0,0,0,0,3,0,0,0,11,0,0,0,0,0,2,0,1,0,0,0,0,0,0,73,0,1,0,1,2,0,0,0,0,0,1,0,0,1,0,0,0,0,0,0,0,1,0,0,0,0,0,0,4,0,0,0,0,0,5,38,0,0,0,0,0,7,0,0,0,0,0,0,1,0,0,0,0,1,0,3,0,1,0,42,1,0,0,0,0,0,0,0,0,0,0,3,0,0,0,0,0,0,0,0,0,0,2,0,0,0,0,0,0,3,0,0,0,1,0,0,0,0,1,40,0,39,2,1,0,0,34,4,0,0,0,4,0,0,2,1,0,0,0,0,0,0,0,0,27,0,0,0,1,0,0,0,0,0,0,0,0,0,0,0,0,0,0,0,0,0,0,0,0,0,0,2,0,0,0,1,0,0,0,0,0,0,0,0,0,0,0,0,0,0,0,0,0,2,0,0,0,0,0,0,0,0,0,0,0,0,0,14,0,0,1,0,0,0,0,0,0,0,0,0,0,1,0,1,0,0,0,0,0,0,0,3,0,0,0,0,1,0,0,1,0,0,0,0,0,0,0,0,0,1,0,0,0,0,0,0,0,0,0,0,0,0,0,0,0,0,0,0,0,1,0,0,0,0,0,0,0,0,0,0,0,0,10,0,0,0,0,25,0,0,0,1,4,0,0,9,1,0,0,8,3,0,1,0,0,0,0,0,0,0,0,0,0,0,0,0,0,0,0,0,0,0,0,0,0,0,0,0,0,0,0,0,0,0,0,0,0,0,0,5,0,0,22,0,0,0,3,19,5,0,0,0,0,1,38,0,0,0,1,0,0,0,0,0,0,0,29,1,1,0,0,0,0,0,0,0,0,2,0,0,0,1,0,0,0,0,0,0,0,2,0,0,0,0,0,0,0,0,0,20,0,0,0,0,0,1,0,0,0,0,0,0,0,0,0,0,0,0,0,0,1,0,0,0,0,0,0,0,0,0,0,0,0,0,0,0,0,0,0,0,0,0,0,0,0,0,0,0,0,0,0,0,0,0,0,0,0,0,0,0,0,0,2,0,0,0,0,0,0,12,0,1,0,3,1,0,0,0,0,0,0,0,0,0,1,0,1,0,0,0,4,0,0,0,0,1,0,0,0,0,0,0,0,0,8,4,2,0,12,0,0,2,0,0,0,0,0,0,0,0,0,0,0,0,0,0,0,0,0,0,0,0,0,0,0,0,0,0,0,0,6,0,0,1,0,0,0,0,0,0,0,0,0,0,0,0,1,0,0,0,0,1,0,0,0,0,0,0,0,0,0,1,0,0,1,0,0,0,0,3,0,8,0,0,0,0,0,0,0,0,0,0,0,0,3,0,1,0,2,0,3,0,0,2,2,0,0,0,6,0,0,0,0,0,0,0,1,0,2,0,0,0,11,2,0,80,1,4,0,0,2,1,2,0,28,0,1,0,0,0,4,83,0,0,0,0,0,1,0,26,0,0,0,0,0,0,19,1,0,0,1,0,0,1,0,0,1,0,0,0,0,0,0,0,0,0,0,0,0,0,0,0,11,3,4,3,0,0,1,0,0,0,0,0,0,0,0,0,0,0,0,0,0,0,0,0,0,1,0,0,0,0,0,0,0,0,0,3,0,0,0,1,4,0,10,0,0,0,0,0,0,0,0,0,3,19,2,24,0,0,0,0,0,0,3,0,0,1,0,0,0,0,0,0,62,0,3,8,0,2,1,6,0,0,2,2,0,2,0,0,0,0,2,0,3,0,10,3,3,0,0,0,0,0,0,0,0,0,0,1,4,0,0,0,0,0,0,0,0,0,23,0,0,0,4,0,0,0,0,0,0,0,2,0,2,0,0,0,0,0,0,1,0,0,0,0,3,0,0,0,0,0,10,0,0,0,0,0,1,0,0,1,0,0,0,0,5,0
1,2330,CURSO DE COMUNICACÃO SOCIAL DA UFPR,R BOM JESUS     650,JUVEVÊ,-25.41376315,-49.25244683,15,0,3144,2642,97,73,0,3,2,4,51,0,5,0,1,4,1,34,1,0,0,0,36,0,0,1,0,4,3,2,4,0,19,2,0,0,0,17,0,0,0,0,3,2,5,3,9,4,0,0,4,2,2,0,0,0,0,0,4,10,0,0,1,6,0,0,9,0,0,43,0,0,0,0,0,2,0,2,23,0,0,0,0,6,0,0,0,0,0,1,0,0,14,1,0,1,0,0,2,0,1,2,0,0,0,8,0,14,0,0,0,0,0,20,14,1,0,0,0,0,0,0,0,1,0,2,4,3,1,0,0,0,0,0,6,0,0,2,155,0,0,0,1,1,0,1,0,0,5,0,4,0,0,1,2,1,0,0,0,0,0,2,16,0,6,0,2,1,12,5,0,0,1,0,0,2,3,2,113,3,29,6,0,0,2,59,5,7,0,0,0,0,0,1,1,0,0,0,2,3,0,0,1,62,0,0,0,0,4,0,0,0,1,0,1,0,0,0,0,0,0,0,0,0,0,0,0,3,0,0,1,0,1,0,0,0,0,0,0,0,0,0,1,0,0,0,0,0,0,3,0,2,0,0,0,0,0,0,1,2,0,0,0,0,0,0,6,0,0,0,0,0,0,0,0,0,0,1,0,0,0,3,5,0,0,0,0,0,0,0,16,0,0,0,0,0,0,5,1,0,0,0,0,0,0,0,1,0,0,0,0,1,0,0,0,0,0,0,0,0,0,2,0,0,0,0,0,0,0,0,0,0,3,0,1,0,0,1,0,0,0,47,0,0,0,0,62,0,0,0,0,13,0,0,1,0,0,0,82,1,0,1,0,0,0,1,0,0,0,0,1,0,0,0,0,0,1,0,0,2,0,0,0,0,0,0,0,0,0,0,0,0,0,0,0,0,9,6,37,0,0,69,0,0,7,2,14,7,0,3,2,0,0,18,6,0,0,3,1,0,0,0,0,2,0,18,0,6,0,0,0,1,0,0,3,0,1,2,12,0,3,0,1,0,0,0,0,0,8,0,1,1,0,0,0,0,0,0,32,0,0,0,4,1,0,0,0,0,0,0,0,0,0,0,0,0,0,0,0,0,0,0,3,0,0,0,0,0,0,0,0,0,1,0,0,0,0,0,0,0,0,0,0,0,0,0,0,0,0,0,0,0,0,0,0,0,0,0,0,1,3,5,1,2,1,6,9,0,38,0,5,2,32,1,0,0,0,0,0,0,0,0,0,0,0,0,0,0,0,0,0,0,0,0,0,0,3,0,0,0,0,0,0,4,0,2,0,4,0,0,0,0,0,0,0,0,0,0,0,0,0,2,0,0,0,0,0,0,0,0,0,0,0,0,0,0,0,0,0,0,0,0,0,0,0,0,0,0,0,0,0,0,0,0,0,0,0,0,0,0,0,0,0,0,0,0,0,0,0,0,0,0,0,0,0,0,0,0,2,0,0,0,0,0,0,0,0,2,7,0,0,0,0,2,1,0,0,0,0,0,0,0,57,10,0,0,0,28,0,1,0,0,0,0,1,5,0,6,0,0,4,12,11,0,32,0,1,0,1,5,0,14,0,45,0,0,3,0,0,2,113,1,0,0,0,1,0,0,27,0,0,0,0,0,2,0,1,1,0,8,0,0,0,0,1,0,2,1,0,1,1,0,6,0,0,1,0,1,0,0,0,0,1,7,2,0,0,0,0,0,1,0,0,2,0,0,0,0,0,0,0,0,0,0,0,0,0,2,0,0,0,0,0,0,0,0,0,0,1,0,3,1,3,14,1,0,0,1,5,0,2,0,1,7,8,1,35,16,0,0,0,0,0,12,0,0,2,0,5,0,0,0,1,208,0,3,8,1,4,0,6,0,4,0,2,1,0,1,0,0,0,4,0,0,0,0,0,0,0,3,0,0,0,2,0,0,0,0,0,7,0,0,0,0,0,1,0,0,2,1,0,0,0,0,0,0,0,0,0,0,0,0,0,0,0,0,4,0,1,1,0,0,0,0,2,6,0,0,0,0,0,5,2,0,0,0,0,0,0,0,0,1,0,0,2,4,0
1,2348,COLEGIO POSITIVO JUNIOR,R MARCELINO CHAMPAGNAT  733,MERCÊS,-25.4289114,-49.29418016,12,0,4333,3614,125,89,0,3,8,6,25,1,1,1,1,8,2,46,1,0,0,0,40,0,1,0,2,3,9,2,2,0,12,1,1,0,0,27,2,0,0,0,0,5,5,1,8,10,0,0,4,5,4,1,0,0,1,0,1,14,1,0,3,6,0,2,2,0,4,46,0,0,0,0,0,0,0,0,40,1,0,0,0,24,0,0,0,0,0,1,0,1,31,1,0,0,0,0,2,2,2,1,0,0,0,8,0,29,0,1,0,0,1,54,11,0,0,0,0,0,0,0,0,1,0,0,4,0,1,0,0,0,0,0,8,0,0,4,159,0,0,0,1,0,0,0,2,0,8,0,2,0,0,0,1,0,0,0,0,0,0,1,11,0,3,0,0,1,13,4,0,0,0,0,0,1,0,0,91,2,50,0,1,1,0,36,4,5,0,0,2,0,0,1,2,3,0,0,2,1,1,0,1,27,0,1,0,0,3,0,0,0,0,1,0,0,1,0,0,0,0,0,0,0,0,0,0,3,0,1,0,0,1,0,0,0,0,0,0,0,1,0,0,0,0,0,0,0,0,3,0,0,0,1,1,0,0,0,0,3,0,0,0,0,0,0,9,0,0,0,0,1,0,0,1,0,0,3,0,0,1,1,9,0,0,0,0,0,0,0,4,0,0,0,0,3,0,2,0,0,0,0,0,0,0,3,0,0,0,0,0,2,1,0,0,1,0,0,0,0,0,3,0,0,0,0,0,0,0,0,0,6,0,0,0,0,0,0,0,0,0,65,0,0,0,1,94,2,0,0,0,24,0,0,0,2,0,0,138,4,0,1,0,0,0,1,0,0,0,0,0,0,0,3,0,1,2,2,0,1,0,0,0,0,0,0,0,0,0,0,0,0,0,2,0,0,7,5,55,0,1,110,2,1,3,1,20,19,0,7,2,0,0,29,8,3,0,1,0,0,0,0,0,1,0,15,0,14,2,0,0,1,1,0,0,0,2,0,3,0,0,0,0,0,0,0,0,0,4,1,0,0,0,0,2,0,0,0,26,0,0,0,6,1,0,0,0,0,1,1,0,0,0,0,1,0,0,0,0,0,0,0,1,0,0,0,0,0,0,0,0,0,0,0,0,0,2,0,0,0,0,0,0,1,0,0,0,0,0,0,0,0,0,0,0,0,0,1,0,0,11,4,0,4,0,5,11,4,81,1,14,3,91,3,1,0,0,15,0,0,0,0,0,0,0,1,0,0,0,0,0,0,0,0,1,0,0,0,0,0,0,0,0,8,0,5,0,8,0,1,0,0,0,0,0,0,0,0,0,0,0,9,0,0,0,0,0,0,0,0,0,0,0,0,0,2,0,0,0,0,0,0,0,0,0,0,0,0,0,2,0,0,0,0,0,0,0,0,0,0,0,0,0,0,3,0,0,0,0,0,1,0,0,0,0,0,0,0,1,0,1,0,0,0,0,0,1,0,3,0,0,0,0,6,0,3,0,0,0,0,0,0,84,7,0,2,0,77,0,0,0,1,0,0,10,4,0,12,0,0,11,10,7,0,49,0,0,0,0,13,0,8,1,76,0,0,3,3,0,7,237,1,4,0,0,0,0,0,24,0,0,0,0,0,0,3,2,0,0,19,0,0,1,0,0,0,2,3,0,0,0,0,3,0,0,7,0,0,0,0,0,0,1,3,1,0,0,0,0,0,0,0,0,0,0,0,0,0,0,0,0,1,1,0,0,0,0,0,7,0,1,0,0,1,0,0,2,0,0,0,17,6,2,24,6,0,0,6,1,0,4,0,11,0,20,2,73,11,0,0,1,0,0,5,0,0,12,0,5,0,1,0,3,269,1,3,15,0,14,2,21,0,3,0,9,0,0,2,0,0,0,39,0,0,0,1,1,2,1,0,0,0,0,0,0,0,0,0,0,10,0,0,0,0,0,0,0,0,0,4,0,0,0,1,0,0,0,0,0,0,0,0,0,0,0,0,0,0,0,0,1,0,0,0,2,2,0,0,0,0,0,6,0,0,0,0,0,0,0,0,0,0,0,0,0,1,0
1,2356,COLEGIO DOM BOSCO,RUA PAULO MARTINS  314,MERCÊS,-25.41777304,-49.2964639,12,0,2515,2067,130,80,0,1,4,6,21,2,2,0,0,6,0,27,0,0,0,0,29,1,0,0,1,1,8,1,0,0,9,1,1,2,0,17,1,0,0,0,0,1,1,0,2,3,0,1,3,7,0,0,0,1,0,1,3,4,0,0,1,0,0,0,1,0,1,26,0,0,1,0,0,2,0,0,36,0,0,0,0,11,0,0,0,0,0,0,0,1,10,0,0,0,0,1,0,0,4,0,0,0,0,3,0,20,1,0,3,2,0,43,18,0,0,0,0,0,1,0,0,0,0,0,6,4,0,0,0,0,0,0,3,1,0,0,104,0,0,0,0,0,0,0,0,0,0,0,3,0,0,0,0,1,0,0,1,0,0,1,10,0,4,0,0,0,3,0,0,0,0,0,0,1,0,0,63,3,27,7,1,0,0,42,0,5,0,0,0,1,0,1,0,0,1,0,5,2,0,0,0,26,0,0,0,1,0,0,0,0,0,0,1,0,4,0,0,0,0,0,0,0,0,0,0,2,0,0,4,0,0,0,0,0,0,0,0,1,0,0,0,0,0,0,0,0,0,2,0,0,0,0,0,0,0,0,0,0,0,0,0,0,0,0,4,0,0,3,0,0,0,0,1,0,0,1,0,0,9,2,6,0,3,0,0,0,0,0,1,0,0,0,0,0,0,3,0,0,0,0,0,1,0,0,1,0,0,0,2,0,0,0,0,0,0,0,0,0,0,5,0,0,0,0,0,0,0,0,0,1,3,0,0,0,0,0,0,0,0,39,0,0,0,0,32,0,0,0,0,4,0,0,7,1,0,0,48,2,0,0,0,2,0,6,0,0,2,0,0,0,0,0,0,5,0,0,0,0,0,0,0,0,0,0,0,0,0,0,0,0,0,0,0,0,3,0,19,0,0,54,0,0,2,6,10,8,0,2,0,0,0,26,8,1,0,4,3,0,0,0,1,2,0,22,1,3,0,0,0,0,0,0,0,0,1,0,2,0,1,0,1,0,0,0,0,0,4,2,1,2,0,0,0,2,0,0,8,0,0,0,3,0,0,3,0,0,0,0,0,0,0,1,0,0,0,0,0,0,0,0,1,0,3,0,0,0,0,0,0,0,0,0,0,0,8,0,0,0,0,0,0,0,0,0,0,0,0,0,0,0,0,0,0,0,0,0,0,0,1,0,0,1,0,2,2,0,30,0,3,2,31,3,1,0,0,0,0,0,0,1,0,0,0,1,0,0,0,0,1,0,0,0,2,0,0,0,0,0,0,0,0,9,0,3,0,1,0,1,1,0,0,0,0,0,0,0,0,0,0,4,0,0,0,0,0,0,0,0,0,0,0,0,0,0,0,0,0,0,0,1,0,0,0,0,0,0,0,0,0,0,0,0,0,0,0,0,0,0,0,0,0,1,0,0,0,0,1,0,0,0,0,0,0,0,0,0,2,0,3,0,0,0,0,0,0,0,4,0,0,0,0,1,1,0,0,3,0,0,1,0,25,3,0,0,0,12,0,0,0,0,0,0,2,0,0,4,0,0,4,0,0,0,33,1,0,2,1,8,0,5,0,27,0,0,5,0,0,5,140,1,0,0,0,0,0,1,7,0,0,0,0,0,0,6,7,0,0,2,1,0,0,0,0,0,0,2,0,0,0,0,2,0,0,0,0,0,0,0,0,0,0,1,1,1,0,0,0,0,0,0,0,0,0,0,0,0,0,0,0,0,0,0,0,0,0,0,16,0,0,0,0,0,1,0,0,0,0,0,4,4,0,10,2,0,0,0,0,0,0,0,1,1,9,0,35,5,0,0,1,0,0,3,1,0,3,0,1,0,0,0,0,119,1,5,23,0,3,6,2,0,0,1,5,1,0,1,0,0,0,11,0,0,0,2,6,1,1,0,0,0,0,0,0,0,0,0,0,7,0,0,0,0,0,0,0,0,2,1,0,0,0,9,0,0,0,0,0,0,0,0,0,0,0,0,0,0,0,0,0,0,0,0,1,3,0,0,0,0,0,13,0,0,0,0,0,0,0,0,2,0,0,0,0,0,0
1,2364,COLEGIO ESTADUAL SENADOR MANOEL ALENCAR GUIMARAES,AV CANDIDO HARTMANN  1650,MERCÊS,-25.42513962,-49.30041889,12,0,2149,1775,77,82,0,0,1,6,21,2,2,0,3,10,0,24,1,0,0,0,12,0,0,0,0,0,9,0,3,2,9,2,0,0,1,9,0,0,1,0,0,2,3,0,0,1,0,0,5,12,1,4,0,1,0,0,1,6,3,0,4,4,0,2,0,0,0,25,0,0,2,1,0,1,0,0,35,1,0,0,0,10,0,0,0,1,0,0,0,0,3,0,0,0,0,0,0,0,2,0,0,0,0,10,1,5,0,0,0,0,0,14,14,1,0,0,0,0,0,0,1,0,0,0,0,3,0,1,0,0,0,1,4,1,0,0,72,0,0,0,1,0,0,0,0,1,2,0,1,0,0,0,0,3,0,0,0,0,0,0,8,0,7,0,0,0,2,0,1,0,0,0,0,0,1,0,43,1,27,3,0,1,1,45,0,0,0,0,7,0,1,1,2,0,0,0,0,3,1,1,0,17,0,0,0,0,0,0,0,0,0,0,0,0,2,1,0,0,0,0,0,0,0,0,0,2,0,0,2,0,1,1,0,0,0,0,0,0,0,0,0,0,0,0,0,1,0,2,0,0,0,0,1,0,0,0,0,3,1,0,0,0,0,0,5,0,0,1,0,0,1,0,0,0,0,0,0,0,0,0,4,0,0,0,0,0,0,0,0,0,0,0,0,0,0,0,0,0,0,0,0,0,0,0,0,0,0,0,0,0,1,0,0,0,0,0,0,0,0,2,0,0,0,0,0,0,0,0,0,1,3,0,0,0,0,0,0,0,1,12,0,0,0,0,37,0,0,0,0,6,0,0,3,0,0,0,48,0,0,0,0,0,0,0,0,0,0,0,0,0,0,0,0,8,0,0,0,2,0,0,0,0,0,0,0,0,0,0,0,0,0,0,0,0,2,2,23,0,0,40,0,0,2,0,9,4,0,6,3,0,0,19,1,3,1,1,1,0,0,0,0,2,0,8,0,0,0,0,0,0,1,0,2,0,3,0,0,0,0,0,0,1,0,0,0,0,1,0,1,0,0,1,0,1,0,0,24,0,0,0,3,0,0,0,0,0,6,0,0,0,0,0,0,0,0,0,0,0,0,0,2,0,10,0,0,0,0,0,0,0,0,0,0,1,6,0,0,0,0,0,0,0,0,0,0,0,0,0,0,0,0,0,0,0,0,0,0,1,3,1,0,0,0,0,0,1,20,1,2,0,19,7,0,0,0,0,0,0,0,0,1,0,0,0,0,0,0,0,0,0,0,0,0,0,0,0,0,0,0,0,0,1,0,5,0,2,0,0,0,0,0,0,0,0,0,0,0,0,3,1,0,0,0,0,0,0,0,0,0,0,0,0,0,0,1,0,0,1,0,0,0,0,0,0,0,0,0,3,0,0,0,0,0,0,0,0,0,0,1,0,0,0,0,0,0,0,0,0,0,0,0,0,0,0,0,0,0,0,1,0,0,0,0,0,0,2,3,0,0,0,0,6,0,0,0,0,0,0,0,0,27,11,2,1,0,16,0,0,0,0,0,0,0,3,0,1,0,0,5,3,3,0,48,1,0,0,1,4,0,3,0,28,0,0,0,2,0,3,136,2,1,0,0,1,0,0,17,0,0,0,0,0,0,1,0,3,0,5,0,0,0,0,0,0,0,0,0,0,0,1,1,0,0,2,0,0,0,0,0,0,0,3,0,1,0,0,1,0,0,0,0,0,0,0,0,0,0,0,0,0,0,0,0,0,0,1,4,2,0,0,0,0,0,0,0,0,0,0,7,7,2,5,1,1,0,0,2,0,2,0,0,4,9,0,18,3,0,0,0,0,0,2,0,0,0,0,0,0,0,0,1,136,3,2,4,1,2,1,13,0,2,0,3,1,0,0,0,0,0,7,0,0,0,0,0,1,0,0,0,0,0,1,0,0,0,1,0,7,0,0,0,0,1,0,0,0,0,2,0,0,0,7,0,0,0,0,0,0,0,0,0,0,0,0,0,0,1,0,0,1,0,0,0,6,0,0,0,0,0,14,0,0,0,0,0,0,0,0,0,0,0,0,0,4,2
1,2372,SETOR DE CIENCIAS AGRARIAS,R DOS FUNCIONARIOS 1540,JUVEVÊ,-25.41013795,-49.24888101,16,0,4263,3540,120,102,0,5,3,8,59,0,3,0,1,10,3,36,0,0,0,1,40,0,0,0,1,1,13,2,2,0,17,2,0,1,0,21,2,0,1,0,0,1,4,0,10,2,0,2,2,11,11,0,1,0,1,0,2,10,0,0,9,7,0,4,8,0,2,30,0,1,0,0,5,0,0,0,51,0,0,0,2,11,0,0,0,0,0,2,0,0,16,2,0,1,0,0,0,0,6,0,0,1,0,13,0,22,0,1,0,0,0,19,17,1,1,0,0,0,3,0,0,0,1,0,1,3,5,0,0,0,0,0,12,2,1,0,217,0,0,1,0,0,0,0,0,2,4,0,5,0,1,2,1,1,0,0,0,0,0,1,17,0,5,0,0,0,12,1,0,0,2,0,0,0,0,0,123,5,27,7,1,2,0,49,3,10,0,1,0,0,0,0,0,0,0,0,1,2,1,0,3,72,0,0,0,0,0,0,0,0,0,0,0,0,0,2,1,0,0,1,0,0,0,0,0,6,0,0,4,0,0,0,3,0,0,0,0,0,0,0,0,0,0,0,0,0,0,1,0,0,0,1,0,0,0,1,0,2,0,0,0,1,0,0,10,0,0,1,0,0,0,0,0,2,0,2,0,0,6,4,12,0,0,0,0,0,0,0,13,1,0,0,0,0,0,5,0,0,0,0,0,0,0,0,0,0,0,0,0,1,4,0,0,0,0,0,0,0,0,2,0,0,0,2,0,0,0,0,0,0,5,0,0,0,0,0,0,0,0,59,1,0,0,0,59,0,0,0,0,31,0,0,2,1,0,0,171,4,0,1,0,0,0,1,0,0,0,0,0,0,0,1,0,0,0,0,0,0,0,0,0,0,0,0,0,0,0,0,0,0,0,0,0,0,9,4,44,0,2,127,0,2,0,2,19,19,0,7,2,0,1,20,4,0,0,5,4,2,0,0,0,3,0,19,0,6,4,0,1,1,0,0,0,0,0,0,8,0,0,0,2,0,0,0,0,0,11,1,0,0,0,0,8,0,0,0,24,1,3,0,8,0,0,0,0,0,0,0,0,0,0,0,0,0,0,0,0,0,0,0,5,0,0,0,0,0,0,0,0,0,0,0,0,0,1,0,0,0,0,0,0,0,0,0,0,0,0,0,1,0,0,0,0,0,0,0,0,0,3,1,1,2,6,5,6,1,60,2,7,2,78,1,2,0,0,6,0,0,0,0,0,0,0,1,0,0,2,1,0,0,0,0,0,0,0,0,0,0,3,0,1,5,0,5,0,0,0,0,0,0,0,0,0,0,0,0,2,0,0,6,0,0,0,0,0,0,0,0,0,0,0,0,0,0,0,0,0,0,1,0,0,0,0,0,1,0,0,0,0,0,0,0,0,1,0,0,0,0,0,0,0,0,0,0,0,0,0,0,0,0,0,0,0,2,0,0,4,0,0,0,0,0,0,0,0,0,8,0,0,0,0,2,4,1,0,0,0,0,0,1,80,16,0,0,0,38,0,2,0,0,0,0,2,4,0,13,0,0,10,17,10,0,43,0,3,0,2,3,0,10,0,38,0,0,2,2,0,7,207,2,0,1,1,2,0,0,20,0,0,0,0,1,2,1,0,0,0,11,1,1,1,0,0,0,1,2,0,0,0,0,7,0,0,2,1,0,0,0,1,2,0,6,0,1,0,0,1,0,3,0,0,1,0,0,0,0,0,0,0,0,0,0,0,0,0,0,0,3,0,0,0,0,0,0,0,0,0,0,7,2,0,22,3,1,2,1,2,0,3,0,5,3,24,4,71,7,1,1,0,0,0,14,0,1,7,0,5,2,1,1,3,260,6,4,6,2,7,0,10,0,10,1,0,3,0,0,0,0,0,1,0,0,2,0,1,1,0,0,0,0,0,1,0,0,0,0,0,23,0,0,0,0,0,0,0,0,2,0,0,0,0,4,1,0,0,0,0,0,1,0,0,0,0,0,0,0,0,0,0,0,0,0,1,4,0,0,0,0,0,13,0,0,0,0,0,0,0,0,0,4,1,0,2,1,3
1,2380,ASSOCIAÇÃO EDUCATIVA STELLA MARIS,R ROCHA POMBO 792,JUVEVÊ,-25.41258457,-49.26139874,15,0,5469,4569,195,113,0,0,4,12,42,4,5,1,2,10,0,30,0,0,0,0,73,3,0,0,2,8,13,1,4,1,22,0,1,2,0,28,1,0,0,2,0,3,10,0,11,7,0,2,6,5,5,0,0,0,0,0,2,34,0,0,6,9,1,0,4,2,2,75,0,0,2,0,1,0,0,1,63,0,0,0,0,10,1,2,0,0,0,3,1,2,30,1,0,0,1,0,1,0,1,1,0,2,0,16,0,26,0,0,0,2,0,17,18,0,0,0,0,0,6,0,0,0,0,0,1,6,2,0,1,0,2,0,5,5,1,2,328,0,0,0,2,1,0,0,2,0,5,0,8,2,5,0,0,0,0,0,1,0,0,0,26,0,3,0,1,1,13,0,2,0,0,2,1,1,2,0,152,12,50,12,0,1,0,88,6,6,0,0,3,0,0,0,0,0,0,0,1,0,0,2,8,77,0,0,0,1,0,0,0,0,0,1,0,0,0,1,0,1,1,0,0,0,1,0,0,2,0,0,0,0,1,0,7,0,0,0,0,1,0,0,3,0,0,0,0,0,0,2,0,0,1,0,1,0,2,0,0,1,0,1,2,6,0,0,7,0,0,2,0,0,0,0,0,2,0,2,0,3,5,5,21,0,0,0,1,0,0,0,8,0,0,0,0,0,0,8,0,0,0,0,0,0,0,0,0,0,0,0,1,0,0,0,1,0,0,0,1,0,0,2,0,0,0,0,0,0,0,0,0,0,3,1,1,0,0,0,0,0,0,95,0,0,0,1,86,0,0,0,0,25,2,0,5,0,0,0,177,5,0,3,0,0,0,3,0,0,0,0,0,0,0,2,0,0,1,0,0,0,0,0,0,0,1,0,0,0,0,0,0,0,0,0,0,0,6,4,65,0,0,137,0,2,7,4,16,19,0,4,7,0,1,30,6,0,2,5,1,0,0,1,1,0,0,67,0,11,0,0,2,0,0,1,2,1,0,0,11,0,2,0,0,1,0,0,0,0,17,3,2,1,0,1,0,0,0,0,62,0,3,0,3,1,1,0,0,0,6,0,0,0,0,0,1,0,0,0,0,0,0,0,4,0,0,0,0,0,1,0,0,0,0,0,1,0,0,1,2,0,0,0,0,0,0,0,0,2,0,0,0,0,0,0,0,0,0,0,0,0,11,5,1,2,3,0,9,2,73,0,13,1,64,4,0,0,0,6,0,0,0,0,0,0,0,1,0,0,0,1,0,0,0,0,0,0,0,1,0,0,0,0,3,2,1,11,0,9,0,1,3,0,0,0,0,0,0,0,2,0,0,5,0,0,0,0,0,0,0,0,0,0,0,0,0,0,0,0,0,3,0,0,1,0,0,0,0,0,0,1,0,0,0,0,0,0,0,0,0,0,0,0,0,0,0,0,0,0,0,0,2,0,2,2,2,0,0,0,4,0,1,0,0,0,0,0,0,0,6,0,0,0,0,6,0,8,0,0,0,0,0,0,127,7,0,0,0,52,0,2,5,0,3,0,1,8,3,11,0,1,14,15,15,0,64,0,4,0,0,6,0,22,0,55,0,0,3,0,0,11,190,8,0,1,1,2,0,0,42,1,0,0,0,0,4,3,0,2,0,11,0,0,0,1,0,0,3,5,0,1,0,2,0,0,1,9,1,0,0,1,0,1,0,8,3,0,0,1,0,2,2,0,0,0,0,0,0,0,0,0,1,0,4,1,0,0,0,2,2,4,0,0,0,0,1,0,0,0,2,0,9,5,3,13,4,0,2,3,7,0,6,0,5,6,28,4,52,10,2,1,0,0,0,10,0,0,1,0,4,1,8,0,6,328,3,3,16,0,22,1,17,0,6,0,6,9,0,6,0,0,0,2,0,0,1,0,0,2,1,0,0,0,0,0,0,0,0,0,0,15,0,0,1,0,0,0,0,0,0,0,0,0,0,3,0,0,0,0,0,0,3,0,0,0,0,0,2,0,0,0,0,4,0,0,5,7,0,1,0,0,0,14,0,0,0,1,0,0,0,0,1,11,0,0,0,0,0
1,2399,CENTRO REDENTORISTA SANTO AFONSO,"R UBALDINO DO AMARAL, 204",ALTO DA RUA XV,-25.4231795,-49.2606732,4,0,3223,2612,117,106,0,1,3,12,45,0,3,1,1,5,0,36,1,0,0,0,24,1,0,0,0,1,4,1,2,0,9,1,1,0,0,11,1,0,0,1,1,4,9,0,5,4,0,0,1,11,2,1,0,0,2,0,4,3,0,0,0,2,0,2,6,0,0,20,0,3,0,0,0,1,1,0,28,0,0,0,0,7,0,0,0,0,0,2,0,0,8,3,0,0,0,0,0,3,0,0,0,0,0,5,0,17,0,0,0,0,0,13,11,0,0,0,0,0,0,0,0,0,0,0,1,7,0,0,0,0,0,0,4,0,2,1,170,0,0,0,0,0,0,0,1,1,1,0,3,0,2,0,0,0,0,2,0,1,0,5,9,0,4,0,0,0,20,0,0,1,2,0,0,1,1,0,128,11,44,10,0,0,0,67,5,4,0,0,1,0,2,0,0,0,0,2,3,2,1,2,3,58,0,0,0,0,0,0,0,0,0,1,0,0,1,0,0,0,0,0,0,0,0,0,0,0,0,0,0,0,0,0,1,0,0,0,0,0,0,0,0,0,0,0,0,0,0,3,0,0,0,0,0,0,0,0,0,0,0,0,0,1,0,0,9,0,0,0,0,0,1,0,0,0,0,1,0,0,1,3,11,1,0,2,0,0,0,0,6,0,0,0,0,0,0,1,0,0,0,0,0,0,0,0,0,0,0,0,1,1,0,0,0,1,0,0,0,0,0,0,0,1,0,0,0,0,2,0,0,0,5,0,0,0,0,0,1,0,0,38,0,0,0,2,45,0,0,0,0,21,0,0,1,0,0,0,82,1,0,0,1,0,0,2,0,0,0,0,0,0,0,5,2,0,0,0,0,0,0,0,0,0,0,1,0,0,0,0,0,0,0,0,0,0,5,4,34,0,0,63,0,0,3,0,7,4,0,7,2,0,0,17,2,0,0,4,1,0,0,0,1,2,2,19,2,8,2,0,0,0,1,1,1,0,0,0,8,0,0,1,0,0,2,0,0,0,6,3,2,0,0,2,2,0,0,0,40,0,1,0,2,0,0,0,0,0,0,0,0,0,0,0,0,0,0,0,0,0,0,0,1,0,1,0,0,0,0,0,0,0,1,0,0,0,0,0,0,0,0,0,0,0,0,0,0,0,0,0,1,0,0,0,0,0,0,0,0,2,1,4,2,0,1,7,3,3,31,0,3,1,38,3,1,0,0,0,0,0,0,0,0,0,0,2,0,0,0,0,0,0,0,0,0,2,0,0,0,2,0,0,0,4,0,3,0,5,0,1,2,0,0,0,1,0,0,0,0,0,0,3,0,0,0,0,0,0,0,0,0,0,0,0,0,0,0,0,0,0,0,0,1,0,0,0,0,0,0,2,0,0,0,0,0,0,0,0,0,0,0,0,0,0,1,0,0,0,3,1,0,0,1,1,0,0,0,0,8,0,1,0,0,0,0,0,0,0,6,0,0,0,0,6,3,2,0,0,0,0,0,0,45,17,0,0,0,33,1,1,0,0,0,0,1,3,1,5,0,1,2,4,13,1,37,0,0,0,1,5,0,2,0,42,0,2,2,0,0,11,97,3,1,3,0,3,0,0,19,0,0,0,0,0,0,2,4,0,0,9,0,0,0,0,0,0,1,2,0,0,0,3,2,0,0,1,1,2,0,0,0,0,1,5,1,1,0,2,0,0,0,0,0,0,0,0,0,0,0,0,0,1,0,0,0,0,0,0,0,0,0,0,0,0,0,0,0,0,0,0,12,4,0,8,3,1,0,2,1,1,3,0,8,1,10,2,30,1,2,1,0,0,0,15,1,0,2,0,6,0,0,0,1,158,3,2,7,0,9,6,7,2,5,0,1,7,0,0,0,0,0,0,0,0,0,1,0,1,0,1,0,0,3,0,0,0,0,0,1,22,0,0,0,0,0,0,0,0,0,1,0,0,1,2,0,0,0,0,0,0,1,0,0,0,0,0,1,0,0,0,0,0,0,0,6,2,0,0,1,0,0,15,0,0,0,0,0,0,0,0,0,2,0,0,0,4,0
1,2402,ESCOLA MADRE ANATOLIA,RUA MARTIN AFONSO  575,MERCÊS,-25.42779906,-49.28285509,12,0,1768,1435,60,36,0,4,1,4,12,0,0,0,1,4,0,13,1,0,0,0,10,0,0,0,1,3,4,2,2,0,7,0,0,1,0,13,0,0,0,0,0,1,1,0,8,1,0,0,1,7,3,0,1,0,0,0,2,4,0,0,0,0,0,0,0,1,1,22,0,0,0,0,0,1,1,0,19,0,0,0,0,8,0,0,0,0,0,2,0,0,8,0,0,0,0,0,0,0,2,0,0,0,0,8,0,16,0,2,0,0,2,12,4,0,0,0,0,0,0,0,0,4,0,0,4,0,0,0,0,0,1,0,2,0,0,1,83,0,0,0,0,0,0,0,1,0,1,0,0,0,0,0,0,0,0,0,0,0,0,1,12,0,3,0,0,0,6,0,0,1,3,1,0,0,0,0,57,1,15,6,0,1,0,31,2,2,0,0,3,0,0,0,0,0,0,0,1,4,0,1,2,31,0,0,0,0,0,0,0,0,0,0,0,1,0,0,0,0,0,0,0,0,0,0,0,1,0,0,2,0,0,0,0,0,0,0,1,0,0,0,0,0,0,0,0,1,0,0,0,0,0,0,0,0,0,0,0,2,0,0,1,6,0,0,3,0,0,0,0,0,0,0,0,0,0,4,0,0,2,0,3,1,0,0,0,0,0,0,1,0,0,0,0,0,0,4,0,0,0,0,0,0,0,0,0,0,0,0,0,1,0,0,0,0,0,0,0,0,0,2,0,0,0,0,0,0,0,0,0,0,1,0,0,0,0,0,0,0,0,17,0,0,0,0,24,0,0,0,0,12,0,0,1,1,0,0,25,1,0,3,0,1,0,2,0,0,1,0,0,0,0,0,0,0,0,0,0,1,0,0,0,0,0,0,0,0,0,0,0,0,0,0,0,0,4,0,14,1,0,40,0,0,1,0,9,2,0,1,4,0,0,9,3,0,0,0,0,0,0,0,0,0,0,2,0,4,0,0,0,0,0,0,1,0,0,0,0,0,1,0,0,0,0,0,0,0,3,1,0,0,0,0,3,0,0,0,9,1,0,0,1,0,0,0,0,0,0,0,0,0,0,0,0,0,0,0,0,0,0,0,0,0,0,0,0,0,0,0,0,0,0,0,0,0,2,0,0,0,0,0,0,0,0,0,0,0,0,0,0,0,0,0,0,0,1,0,0,0,3,0,0,0,1,4,7,0,17,0,2,1,21,6,0,1,0,6,0,0,0,0,0,0,0,4,0,0,0,0,0,0,0,0,0,0,3,0,0,0,0,0,0,2,0,1,0,2,0,0,0,0,0,0,0,0,0,0,0,0,0,4,0,0,0,0,0,0,0,0,0,2,0,0,0,0,0,0,0,0,0,0,0,0,0,0,1,0,0,0,0,0,0,0,0,0,0,0,0,0,0,0,0,0,4,0,0,0,0,0,0,1,0,2,0,0,0,0,2,0,1,0,0,0,0,0,0,0,2,0,0,0,0,2,2,0,0,0,0,0,0,0,21,1,0,0,0,19,0,2,0,0,0,0,7,2,0,5,0,1,4,0,0,0,24,0,2,0,0,1,0,3,0,19,0,0,1,0,0,2,67,0,0,0,0,0,0,0,7,1,0,0,0,0,0,0,1,2,0,7,0,0,0,0,0,0,0,2,0,0,0,2,3,0,1,3,0,1,0,0,0,0,0,1,3,0,0,1,0,0,0,0,0,0,0,0,0,0,0,0,0,0,1,0,0,0,0,1,1,2,0,0,0,2,0,0,0,0,0,0,1,5,4,3,0,0,1,0,0,0,1,0,4,2,14,1,18,2,0,0,0,2,2,3,0,0,3,0,1,0,0,0,0,120,3,0,2,0,10,3,7,1,8,0,0,1,0,0,0,0,0,23,0,0,2,0,0,0,0,0,0,0,0,0,0,0,0,0,0,9,0,0,0,0,0,0,0,0,0,0,0,0,0,1,0,0,0,0,0,0,0,0,0,0,0,0,0,0,0,0,0,0,0,0,2,5,0,0,0,0,0,1,0,0,0,0,0,0,0,0,0,1,0,0,0,0,1
1,2410,COLEGIO ESTADUAL PROFESSOR GUIDO STRAUBE,R JACAREZINHO   1680,MERCÊS,-25.41535155,-49.2898898,12,0,2396,1960,107,74,0,0,2,3,31,0,2,0,1,5,0,25,1,0,0,0,14,0,1,0,2,2,4,2,1,1,10,0,0,0,0,13,1,0,0,0,0,3,1,0,2,3,0,0,1,7,2,0,3,1,0,0,8,6,0,0,1,4,0,1,4,0,0,23,0,0,0,0,0,0,0,1,65,0,0,1,0,4,1,0,0,0,0,0,0,0,7,0,0,0,0,0,0,0,1,0,0,0,0,8,0,24,0,0,0,0,1,21,25,1,0,0,0,0,0,0,0,0,0,0,0,1,0,0,0,0,0,0,2,1,0,2,85,0,0,0,0,0,0,0,0,0,4,0,3,0,0,0,0,0,0,1,0,0,0,2,9,0,4,0,0,0,23,0,0,0,1,1,0,0,3,1,65,2,37,6,2,0,0,29,7,0,0,0,0,0,0,2,0,0,0,0,1,3,0,0,0,36,1,0,0,0,1,0,0,0,0,0,0,0,0,0,0,0,0,0,0,0,0,0,0,6,0,0,3,0,0,0,2,0,0,0,0,0,0,0,0,1,0,0,0,0,0,0,1,0,0,0,1,0,0,0,0,3,0,0,0,0,0,0,6,0,1,1,0,0,0,0,1,2,0,2,0,0,3,0,17,0,0,0,0,0,0,0,0,0,1,0,0,0,0,3,0,0,0,0,0,0,0,0,0,0,0,0,0,0,0,0,0,0,0,0,1,0,0,0,0,0,0,0,0,0,0,0,0,0,3,0,0,0,0,0,2,0,0,28,0,0,0,0,41,0,0,0,0,8,0,0,3,0,0,3,62,0,0,0,0,0,0,1,0,1,0,0,1,0,0,0,0,1,0,0,1,0,0,0,0,0,0,0,0,0,0,0,0,0,0,0,0,0,2,0,14,0,0,39,0,0,2,0,6,4,1,7,3,0,0,22,1,1,0,6,0,0,0,0,0,4,1,15,2,3,2,0,0,0,0,0,0,0,0,0,1,0,0,0,1,0,0,0,0,0,2,0,2,0,0,0,0,0,0,0,26,0,0,0,3,0,0,0,0,0,2,0,0,0,0,0,1,0,0,0,0,1,0,0,0,0,0,0,0,0,0,0,0,0,0,0,0,0,2,0,0,0,0,0,0,0,0,0,5,0,0,0,0,0,0,0,0,0,0,0,0,0,1,3,0,0,0,0,3,2,37,1,2,3,25,2,0,0,0,3,0,0,0,0,0,0,0,1,0,0,1,1,0,0,0,1,2,0,0,0,0,0,2,0,0,1,0,4,0,5,0,0,0,0,0,0,0,0,0,0,0,0,0,1,0,0,0,0,0,0,0,0,0,0,0,0,0,1,0,1,0,1,0,0,0,0,0,0,0,0,0,0,0,0,0,0,0,0,0,0,0,1,1,0,0,0,1,0,0,0,1,0,0,0,1,2,0,2,0,0,0,0,0,0,0,0,0,0,0,0,4,0,0,0,0,4,0,5,0,2,0,0,1,0,25,12,0,0,0,24,0,2,0,0,0,0,0,1,0,1,0,0,1,6,2,0,32,0,0,0,1,4,0,5,0,28,0,0,5,0,0,2,100,2,0,0,0,1,0,0,13,0,0,0,0,1,4,2,1,0,0,1,0,0,1,0,0,0,2,2,1,0,0,0,1,0,0,5,0,0,0,0,1,0,0,1,0,0,0,1,0,1,1,0,2,0,0,0,0,0,0,0,0,0,0,0,0,0,0,0,5,0,0,0,0,0,1,0,0,0,0,0,1,4,3,6,2,0,0,0,0,0,0,0,3,0,1,2,16,3,0,0,0,0,0,7,0,0,0,0,1,0,0,0,0,142,3,7,10,0,5,1,8,0,6,0,3,1,0,0,0,0,0,2,0,0,0,0,0,0,0,0,0,0,0,2,0,1,0,0,0,6,0,0,0,0,0,0,0,0,1,0,0,0,0,1,1,0,0,0,0,0,1,0,0,0,1,2,0,0,0,2,0,0,0,0,1,3,0,0,1,0,0,7,0,0,0,0,0,0,0,0,0,0,0,0,1,4,0
1,2429,ESCOLA ESTADUAL PROFESSOR CLETO,RUA VISCONDE DE NACAR   544,MERCÊS,-25.42753994,-49.28036107,2,0,1655,1308,63,52,0,1,1,3,24,0,3,0,0,4,1,11,0,0,0,0,8,0,0,0,2,1,5,0,2,0,9,0,0,0,0,2,1,0,0,1,0,2,0,0,6,0,0,1,1,12,0,0,0,0,1,2,0,5,0,1,0,2,0,0,1,0,2,15,0,0,0,0,0,0,0,2,28,0,0,1,0,5,0,2,0,0,1,2,0,0,9,0,0,0,0,0,0,0,1,0,0,0,1,0,0,6,0,0,0,1,0,7,14,0,0,0,0,0,0,0,0,0,0,0,0,3,1,1,0,0,0,0,0,0,0,2,64,0,0,0,1,0,0,0,0,0,1,0,0,0,0,0,0,0,0,0,0,0,0,1,2,0,9,0,0,0,8,0,0,0,2,1,0,0,0,0,85,2,36,7,0,0,0,37,0,6,0,0,0,0,0,1,0,0,1,0,0,2,0,1,1,26,0,0,0,0,1,0,0,0,0,0,0,0,2,0,0,0,0,0,0,0,0,0,0,1,0,0,0,0,3,1,1,0,0,0,0,0,0,0,1,0,0,0,0,0,0,8,0,0,0,0,1,1,0,1,0,0,0,0,0,0,0,0,4,0,0,2,0,0,0,0,0,0,0,1,0,0,0,1,3,0,0,0,0,0,0,0,1,0,0,0,0,0,0,0,0,0,0,0,0,0,0,0,0,0,0,0,0,0,0,0,0,0,0,0,0,0,0,0,0,0,0,0,0,0,0,0,0,0,1,1,0,0,0,0,0,0,0,12,0,0,0,0,19,0,0,0,0,6,0,0,2,0,0,0,29,0,0,0,0,0,1,0,0,0,0,0,0,0,0,0,0,1,0,0,0,1,0,0,0,0,0,0,0,0,0,0,0,0,0,0,0,0,2,3,18,0,0,35,0,0,1,1,10,6,0,1,0,0,0,16,0,0,0,0,0,0,0,0,0,0,0,6,0,3,3,0,0,0,0,0,0,0,0,0,0,0,1,0,0,0,0,0,0,0,3,3,0,0,0,0,1,0,0,0,7,0,0,0,1,0,0,0,0,0,1,0,0,0,0,1,1,0,0,0,0,0,0,0,0,0,1,0,0,0,1,0,0,0,0,0,0,0,0,0,0,0,0,0,0,0,0,0,0,0,0,0,0,0,0,0,0,0,0,0,0,0,0,0,0,0,2,0,5,1,15,0,2,0,12,2,0,0,0,1,0,0,0,0,0,0,1,0,0,0,1,0,0,0,0,0,0,0,0,0,0,0,3,0,0,1,0,1,0,1,0,0,2,0,0,0,0,0,0,0,0,0,0,0,0,0,0,0,0,1,0,0,0,1,0,0,0,1,1,0,0,0,0,0,0,1,0,0,0,0,0,0,0,0,0,0,0,0,0,0,0,0,0,0,0,0,0,0,0,0,0,0,0,0,2,0,0,0,1,0,5,0,0,0,0,0,0,0,0,0,3,0,0,0,0,5,0,1,0,0,0,1,0,0,24,7,0,0,0,12,0,0,0,0,0,0,1,2,0,5,0,0,1,3,0,0,22,0,0,0,0,3,0,2,0,28,0,0,0,0,0,3,59,1,1,0,0,0,0,0,3,0,0,0,0,0,1,0,0,0,0,3,0,0,0,0,0,0,0,1,0,2,0,0,2,0,1,2,1,1,0,1,0,0,1,5,1,0,0,0,0,0,0,0,0,0,0,0,0,0,0,0,0,0,0,0,0,0,0,1,2,0,0,0,0,0,0,0,0,0,0,0,1,3,1,6,0,0,0,0,1,1,0,0,1,0,9,1,9,1,1,0,0,0,0,11,0,0,1,0,3,0,0,0,0,68,0,1,11,0,5,0,8,0,2,0,1,0,1,0,0,0,0,5,0,0,0,0,1,0,0,0,0,0,0,2,0,0,0,0,3,3,0,0,0,0,0,0,1,0,0,0,0,0,0,0,0,0,0,0,0,1,0,0,0,0,0,0,0,0,0,0,0,0,0,1,0,2,0,0,0,0,0,6,0,0,0,0,0,0,0,0,0,2,0,0,0,1,0
1,2437,ESCOLA VICENTINA NOSSA SENHORA DAS MERCES,"AV MANOEL RIBAS, 1154",MERCÊS,-25.42279077,-49.29029039,12,0,2443,1983,106,60,0,2,6,6,34,0,1,0,0,7,0,17,0,0,0,0,27,0,0,0,0,1,9,0,4,2,7,1,0,0,0,12,0,0,0,0,1,1,2,0,15,7,0,0,2,13,0,0,0,1,0,0,0,2,0,0,5,1,0,2,1,0,1,24,0,1,0,0,0,0,0,1,23,0,0,0,0,13,0,0,0,0,0,5,0,0,9,0,0,0,0,0,1,0,0,0,0,1,0,8,0,15,0,1,1,0,0,33,13,3,0,0,1,0,0,0,0,3,0,1,3,0,0,0,1,0,0,0,4,0,0,1,93,0,0,0,1,1,0,0,2,0,2,0,0,1,0,0,0,0,0,0,0,0,0,3,9,0,4,0,0,0,12,1,0,0,2,0,0,0,0,0,67,1,31,11,1,2,1,39,1,4,0,1,0,0,0,0,1,0,1,0,1,1,0,1,4,39,0,0,0,0,0,0,0,0,0,0,0,0,0,2,0,0,0,0,0,0,0,0,0,1,0,0,1,0,0,0,0,0,0,0,0,0,0,0,0,0,0,0,0,0,0,2,0,0,0,0,0,0,0,0,0,0,0,0,0,0,0,0,2,0,0,0,0,0,0,0,1,0,0,0,1,0,8,1,4,0,0,3,1,0,0,0,3,0,0,0,0,0,0,2,0,0,0,0,0,0,0,0,0,0,0,0,0,0,0,0,0,0,0,0,0,0,0,0,0,0,0,0,0,0,0,0,0,0,0,0,0,0,0,0,0,0,0,41,0,0,0,0,38,0,0,0,0,10,0,0,0,0,1,0,41,0,0,0,0,0,0,1,0,0,0,0,2,0,0,3,0,3,3,0,0,0,0,0,0,0,0,0,0,0,0,0,0,0,0,0,0,0,7,2,22,0,1,52,0,0,3,0,14,4,0,2,2,0,2,15,2,0,0,2,0,1,0,0,0,0,0,10,0,10,1,0,0,0,2,0,0,0,1,0,1,0,0,0,2,0,1,2,0,0,5,1,0,0,0,0,3,0,0,0,20,0,2,0,0,0,0,0,0,0,3,0,0,0,0,0,0,0,0,0,0,0,0,0,3,0,0,2,0,0,0,0,0,0,0,0,0,0,1,0,0,0,0,0,0,0,0,0,0,0,0,0,0,0,0,0,0,0,0,1,0,0,6,2,0,5,1,2,3,0,20,0,5,0,20,1,0,0,0,3,0,0,0,0,0,0,0,0,0,0,0,0,0,0,0,0,0,0,0,0,0,0,0,0,0,2,0,9,0,1,0,0,0,0,0,0,1,0,0,0,0,0,0,3,0,0,0,0,0,0,0,0,0,0,0,0,0,1,0,0,0,0,0,0,0,0,0,0,0,0,0,0,0,0,0,0,0,0,0,0,0,0,0,0,0,0,1,0,0,0,0,0,0,0,0,0,0,0,0,0,1,0,1,0,0,0,0,0,0,0,0,1,0,0,0,2,0,2,0,0,0,0,0,0,41,4,0,3,0,17,0,0,0,0,0,0,2,3,0,10,0,0,3,2,4,0,24,0,0,0,1,4,0,4,0,26,0,2,2,0,0,8,122,1,2,0,0,1,0,0,23,0,0,0,0,0,0,0,0,0,0,4,1,0,1,0,0,0,1,0,0,0,0,0,1,0,0,1,0,1,0,0,0,0,0,2,0,0,0,1,0,0,0,0,0,0,0,0,0,0,0,0,0,2,0,0,0,0,0,0,5,0,0,0,0,0,0,0,0,0,0,0,10,9,2,8,4,0,0,2,0,3,1,0,4,3,13,2,21,0,1,1,0,0,0,3,0,0,3,0,0,0,0,0,0,136,1,5,9,1,6,0,14,0,4,0,2,1,0,0,0,0,0,9,0,0,0,0,0,1,0,0,0,0,2,1,0,0,0,0,0,12,0,0,0,0,0,0,0,0,1,1,0,0,0,3,0,0,0,0,0,0,0,0,0,0,0,0,0,0,0,2,0,0,0,0,4,1,0,0,0,0,0,10,2,0,0,0,0,0,0,0,0,2,0,0,0,2,2
1,2445,HOSPITAL DE CLÍNICAS,"RUA GENERAL CARNEIRO, 181",ALTO DA GLÓRIA,-25.4248837,-49.2620917,4,0,186,177,10,6,0,0,0,0,7,0,1,0,0,0,0,1,0,0,0,0,3,0,0,0,0,1,0,0,2,0,2,0,0,0,1,0,0,0,0,0,0,0,0,0,2,0,0,1,0,0,0,0,0,0,0,0,0,0,0,0,0,0,0,0,0,0,0,0,0,0,0,0,0,0,0,0,0,0,0,0,0,0,0,0,0,0,0,0,0,0,1,0,0,0,0,0,0,0,0,0,0,0,0,0,0,0,0,0,0,0,0,1,0,0,0,0,0,0,0,0,0,0,0,0,1,1,0,0,0,0,0,0,0,0,0,0,18,0,0,0,0,0,0,0,0,0,0,0,0,0,1,0,0,0,0,0,0,0,0,2,2,0,0,1,0,0,1,0,0,0,0,0,0,0,0,0,12,2,1,2,0,0,0,16,0,2,0,0,0,0,0,0,0,0,0,0,0,0,0,1,0,4,0,0,0,0,0,0,0,0,0,0,0,0,0,0,0,0,0,0,0,0,0,0,0,0,0,0,0,0,0,0,0,0,0,0,0,0,0,0,0,0,0,0,0,0,0,0,0,0,0,0,0,0,0,0,0,0,0,0,0,0,0,0,0,0,0,0,0,0,0,0,0,0,0,0,0,0,0,0,0,0,0,0,0,0,0,0,0,0,0,0,0,0,0,0,0,0,0,0,0,0,0,0,0,0,0,0,0,1,0,0,0,0,0,0,0,0,0,0,0,0,0,0,0,0,0,0,0,0,1,0,0,0,0,0,0,0,0,1,0,0,0,0,1,0,0,0,0,1,0,0,0,0,0,0,2,0,0,0,0,0,0,0,0,0,0,0,0,0,0,0,0,0,0,0,0,0,0,0,0,0,0,0,0,0,0,0,0,0,0,0,0,0,0,0,1,0,1,0,0,0,0,1,0,0,0,1,0,0,0,1,0,0,0,0,0,0,0,0,0,0,0,0,0,0,0,0,0,0,0,0,0,0,0,0,0,0,0,0,0,0,0,0,0,0,0,0,1,0,0,0,0,1,0,0,0,0,0,0,0,0,0,0,0,0,0,0,0,0,0,0,0,0,0,0,0,0,0,0,0,0,0,0,0,0,0,0,0,0,0,0,0,0,0,0,0,0,0,0,0,0,0,0,0,0,0,0,0,0,0,0,0,0,0,0,0,0,0,0,0,1,0,0,0,0,2,0,0,0,1,0,0,0,0,0,0,0,0,0,0,0,0,0,0,0,0,0,0,0,0,0,0,0,0,0,0,0,0,0,0,0,0,0,0,1,0,0,0,0,0,0,0,0,0,0,0,0,0,0,0,0,0,0,0,0,0,0,0,0,0,0,0,0,0,0,0,0,0,0,0,0,0,0,0,0,0,0,0,0,0,0,0,0,0,0,0,0,0,0,0,0,0,0,0,0,0,0,1,0,0,0,0,0,0,0,0,0,0,0,0,0,0,0,0,0,0,0,0,0,0,1,0,0,0,0,0,0,0,0,6,1,0,0,0,3,0,1,0,0,0,0,0,0,0,0,0,0,0,0,0,0,3,0,0,0,0,0,0,0,0,3,0,0,0,0,0,0,0,0,0,0,0,0,0,0,3,0,0,0,0,0,0,0,0,0,0,0,0,0,0,0,0,0,1,0,0,0,0,0,0,0,0,1,0,0,0,0,0,0,0,0,0,0,0,0,1,0,0,0,0,0,0,0,0,0,0,0,0,0,0,0,0,0,0,0,0,0,0,0,0,0,0,0,0,0,0,0,0,0,0,3,0,0,1,0,0,0,0,0,0,0,0,0,2,0,0,0,0,0,0,0,0,0,0,0,0,0,0,0,0,16,0,0,0,0,1,0,0,0,0,1,0,0,0,0,0,0,0,0,0,0,0,0,0,0,0,0,0,0,0,0,0,0,0,0,0,1,0,0,0,0,0,0,0,0,0,0,0,0,0,0,0,0,0,0,0,0,0,0,0,0,0,0,0,0,0,0,0,0,0,0,0,1,0,0,0,0,0,1,0,0,0,0,0,0,0,0,0,0,0,0,0,0,0
2,1112,ESCOLA MUNICIPAL ANISIO TEIXEIRA,R JOAO BATISTA SCUCATO 80 CJTO HABITACIONAL N ESPERANCA,ATUBA,-25.38417494,-49.20112808,55,0,3648,2954,340,142,0,3,4,11,61,0,4,0,0,13,0,32,2,0,0,0,12,0,1,1,1,3,21,8,2,0,17,0,1,0,0,6,0,0,0,0,0,3,3,0,4,0,0,1,0,50,0,0,0,0,2,0,2,4,0,0,2,46,1,0,2,0,3,4,1,2,0,0,0,2,0,1,152,0,0,0,0,7,0,0,0,0,0,4,2,1,3,0,0,0,0,0,0,0,0,1,0,2,0,7,2,10,0,0,0,4,0,10,43,1,0,0,0,0,0,0,0,0,0,1,2,2,0,0,0,0,3,0,3,0,0,0,54,0,0,0,1,0,0,1,0,0,0,1,1,0,0,0,0,0,0,0,0,0,0,5,2,0,23,2,0,0,11,0,0,1,1,0,0,6,0,0,44,11,49,4,1,1,0,33,2,2,0,0,0,0,1,1,3,0,0,0,0,2,0,1,1,33,0,0,0,0,9,0,0,0,0,1,0,0,0,0,2,0,0,0,0,0,0,0,0,6,0,0,0,0,0,1,0,0,1,0,0,0,1,0,0,0,0,0,0,1,0,0,0,0,0,0,0,0,0,0,0,0,0,0,2,1,0,0,36,0,0,0,0,0,0,0,0,2,1,2,0,0,0,1,15,0,0,0,2,0,0,0,67,0,0,0,0,0,0,1,39,0,0,0,0,0,0,1,0,0,0,0,0,0,0,0,0,0,0,0,0,0,1,0,0,0,0,0,0,0,0,0,0,0,0,0,0,0,0,0,0,0,0,10,0,0,0,0,63,0,0,0,0,13,0,0,10,1,0,0,39,2,0,2,0,0,0,0,0,0,0,0,0,0,0,0,0,0,0,0,0,0,0,0,0,0,0,0,1,0,0,0,0,0,0,0,0,1,0,0,6,0,1,46,0,0,1,1,32,3,0,4,1,1,4,73,1,1,0,1,0,0,0,0,0,3,0,55,0,0,5,0,0,0,0,0,0,0,0,0,0,0,0,0,0,4,2,0,0,0,2,0,0,37,0,1,0,0,0,1,9,0,0,0,5,1,0,0,0,0,2,0,0,0,0,0,0,0,0,0,0,0,0,0,0,0,0,0,0,0,0,0,0,0,0,0,0,0,0,0,0,0,0,0,0,0,0,0,0,1,0,0,0,0,0,0,0,0,0,0,0,0,2,0,1,0,0,2,1,1,11,0,3,0,8,0,0,0,0,1,0,0,0,0,0,0,0,1,1,0,0,2,0,3,0,2,0,1,0,0,0,0,7,0,4,12,5,2,0,7,0,0,6,0,1,0,0,0,0,0,9,0,0,0,0,0,0,0,0,0,0,0,0,0,0,0,0,0,0,0,0,0,0,0,0,0,0,0,0,0,0,0,0,1,0,0,0,0,0,0,0,0,0,0,0,0,1,0,0,0,0,0,3,0,4,1,0,0,0,0,1,0,5,0,0,0,0,0,0,0,1,0,0,0,0,0,3,0,0,0,3,0,0,0,13,6,0,0,0,8,0,0,0,0,0,0,3,6,0,2,0,0,3,0,1,9,103,0,2,0,1,3,0,9,1,48,0,1,3,0,0,11,109,1,0,0,0,0,0,0,25,1,0,0,0,1,0,2,5,1,0,0,0,0,0,1,0,0,0,0,0,0,0,0,0,0,0,2,1,0,0,0,0,4,0,4,1,0,0,0,0,0,0,0,0,0,0,0,0,0,0,0,0,1,2,0,0,2,0,0,0,5,0,0,0,0,0,0,1,0,0,0,3,4,0,6,1,7,0,1,3,0,1,0,2,1,5,2,26,1,0,2,0,0,0,10,0,0,1,0,0,0,0,0,0,133,5,3,3,0,18,1,8,0,1,0,0,1,0,0,0,0,2,3,0,0,6,0,8,1,0,0,0,0,0,4,0,0,1,0,0,56,0,1,2,0,1,0,0,0,1,29,0,0,0,3,0,0,1,2,0,0,1,0,0,0,0,0,0,0,0,0,1,0,0,1,2,15,0,0,0,0,0,18,1,0,0,2,0,1,0,0,4,1,0,0,0,4,0
2,1120,COLEGIO ESTADUAL LEONCIO CORREIA,R COSTA RICA   223,BACACHERI,-25.40139684,-49.24463919,35,0,8759,7110,412,289,0,7,13,21,98,1,4,6,0,22,1,87,2,0,1,0,47,1,3,0,5,7,18,7,15,0,40,2,1,3,0,51,2,0,0,0,0,4,16,1,17,15,1,2,7,74,6,0,3,0,2,1,2,29,0,0,2,16,1,8,2,0,4,37,2,1,0,0,1,3,0,11,134,0,0,0,2,6,0,5,0,1,0,5,0,1,23,0,0,1,0,0,2,1,1,0,0,0,0,47,0,44,1,0,0,0,0,35,51,2,0,0,0,0,3,0,0,0,0,3,4,12,1,0,0,0,4,0,14,1,1,3,299,2,0,0,0,1,1,0,3,0,4,0,8,0,2,2,0,1,0,2,0,3,1,6,25,0,12,0,0,0,45,1,0,0,2,3,3,4,0,1,289,9,113,20,5,5,0,161,14,18,0,0,2,1,2,6,2,0,0,0,3,6,0,10,11,92,0,1,0,0,5,0,0,0,0,7,0,0,0,2,3,0,0,0,0,0,3,0,0,15,0,0,8,0,1,0,6,0,0,0,2,3,0,0,0,0,0,0,0,3,0,3,0,2,0,1,0,1,0,1,0,0,0,0,0,1,0,0,31,0,0,3,0,0,0,0,0,8,0,9,0,0,9,1,21,0,0,0,4,0,0,0,42,0,0,0,0,3,0,8,0,0,0,1,0,0,0,0,4,0,0,1,0,2,3,1,0,3,0,0,0,0,1,0,0,0,0,0,0,0,0,0,0,3,6,1,1,0,0,0,5,0,0,89,2,0,0,1,137,0,0,0,0,60,0,0,22,2,0,1,223,11,0,3,5,0,0,1,0,0,0,0,0,0,0,0,0,1,0,0,0,2,0,0,0,0,1,0,1,0,0,0,0,0,0,0,0,1,11,5,52,2,2,228,3,1,13,3,43,10,0,15,3,1,2,91,4,0,0,12,0,3,0,2,0,5,5,82,2,8,11,0,2,4,0,2,2,0,0,1,6,6,1,0,1,0,0,0,0,0,17,2,0,5,0,1,2,3,0,0,60,1,1,0,6,1,1,0,0,0,8,0,1,0,0,0,1,0,0,0,0,1,0,0,4,0,4,0,0,0,2,0,0,0,0,0,0,1,1,3,3,0,0,0,0,0,0,0,0,0,0,0,1,0,0,1,0,0,0,1,0,0,4,11,4,3,4,6,6,1,84,0,17,2,60,11,0,0,0,2,0,1,0,0,0,0,0,1,1,0,3,1,0,2,0,0,3,1,1,0,0,0,26,0,5,28,0,12,0,10,0,1,2,0,2,0,0,0,0,0,13,0,0,2,0,0,0,0,0,0,0,0,0,2,0,0,0,0,0,0,0,1,0,0,0,0,0,0,1,4,0,8,0,0,0,0,0,0,0,0,0,0,0,0,0,0,4,3,0,0,1,3,3,2,1,9,0,1,0,0,8,0,1,0,0,0,0,1,1,0,7,2,0,0,0,6,4,9,0,1,1,0,0,0,87,15,0,0,1,80,0,2,0,1,1,0,1,7,1,12,0,1,10,20,5,3,167,0,12,0,4,2,0,38,0,125,0,1,3,0,1,14,235,5,1,1,0,7,1,0,68,0,0,0,0,0,0,9,8,0,0,9,3,0,1,0,0,0,3,2,2,0,0,1,5,0,1,4,5,1,0,4,0,9,2,21,4,1,0,1,1,1,0,0,2,0,1,0,0,0,0,0,1,0,5,0,0,0,0,0,4,1,2,0,0,0,2,0,2,0,3,0,12,18,4,16,7,0,0,2,5,0,0,0,8,10,12,4,56,6,5,2,0,0,1,24,0,0,1,0,8,0,0,5,1,424,7,13,26,3,29,5,21,0,11,4,9,11,0,1,0,1,0,7,0,0,3,3,3,6,2,3,0,0,0,12,0,1,0,0,9,58,0,0,1,0,1,0,2,3,2,5,0,0,3,7,1,0,0,0,0,1,8,0,0,0,0,0,1,0,0,0,2,2,0,0,13,14,0,1,0,0,0,53,2,0,0,2,0,0,0,0,4,5,0,0,0,11,0
2,1139,ESCOLA MUNICIPAL ENY CALDEIRA,R GUILHERME IHLENFELDT   51,BACACHERI,-25.38872635,-49.2259122,35,0,5590,4665,245,176,0,1,4,18,66,0,4,1,0,15,0,45,1,0,0,0,44,0,3,0,5,5,19,6,7,0,21,0,4,0,0,20,3,0,0,0,0,0,6,3,19,8,0,1,11,47,3,0,0,0,0,0,8,10,0,0,2,17,0,2,1,0,2,24,0,3,0,0,0,0,3,6,138,0,0,2,0,11,0,0,1,0,2,4,2,0,21,2,0,0,0,0,0,0,1,0,0,0,0,22,2,23,1,0,0,2,0,27,40,2,0,0,0,0,4,0,0,0,0,0,2,9,1,1,0,0,3,0,8,1,0,4,153,1,0,0,0,1,0,1,1,2,7,0,7,0,1,24,1,7,0,0,1,0,0,7,17,0,15,1,0,0,36,1,0,0,1,1,4,4,0,1,126,2,57,7,2,1,0,107,4,5,1,1,3,1,2,4,0,0,2,0,0,0,0,0,2,63,0,1,1,0,3,0,0,0,0,0,0,0,2,0,0,0,0,0,0,0,0,0,0,3,0,0,7,0,0,0,4,0,2,0,0,0,0,0,1,0,0,1,0,1,0,4,0,0,0,1,0,0,0,0,0,0,2,0,1,3,0,0,33,0,0,1,0,0,0,1,0,2,0,4,0,0,5,2,12,0,2,1,4,0,0,0,29,0,0,0,1,0,0,4,2,0,0,0,0,0,0,0,1,0,0,0,0,2,2,1,0,0,0,0,0,0,0,0,0,0,0,0,0,0,0,0,1,0,3,2,0,0,1,0,0,1,0,43,0,0,1,0,129,0,0,0,0,39,0,1,9,0,0,0,129,3,0,0,1,1,0,1,0,0,3,0,0,0,0,1,0,0,1,0,0,2,0,0,0,0,0,0,0,0,0,0,0,0,0,0,0,0,8,2,26,0,0,138,0,0,6,0,29,11,0,14,13,1,1,71,2,2,2,7,0,3,0,0,0,1,0,92,1,7,7,0,1,0,0,0,1,0,1,0,6,1,1,0,0,1,2,0,0,1,16,1,0,4,0,2,0,0,0,0,58,0,1,0,4,0,0,1,0,0,5,0,1,0,0,0,0,0,0,0,0,0,0,0,0,0,0,0,0,0,0,0,0,0,0,0,0,0,3,0,0,0,0,0,0,0,0,0,0,1,0,0,0,0,0,0,0,0,0,0,0,0,1,8,3,3,2,5,6,0,63,1,6,1,33,7,0,0,0,1,0,0,0,0,0,1,0,1,0,0,0,0,0,11,0,1,0,0,0,2,0,0,14,0,12,16,3,11,0,9,0,1,6,0,4,1,0,0,0,0,11,0,0,2,0,0,1,0,0,0,0,0,0,0,0,0,0,0,0,0,0,3,0,0,1,0,0,0,1,0,0,3,0,0,0,0,0,0,0,0,0,0,0,0,0,0,0,0,0,0,3,1,3,0,0,3,0,1,2,0,1,0,1,0,0,0,0,0,1,5,7,0,0,0,0,0,1,0,0,0,9,0,1,0,29,11,0,3,2,32,0,4,0,0,0,0,1,8,1,10,0,0,5,5,5,0,113,1,11,0,2,2,0,23,0,78,0,0,1,0,0,27,172,10,0,0,0,0,0,0,80,0,0,0,0,0,0,3,6,3,0,17,0,0,0,1,0,0,0,1,0,0,0,1,0,0,2,1,0,1,0,0,0,3,2,3,0,3,0,0,0,0,0,0,5,0,0,0,0,0,0,0,2,1,0,0,0,0,0,1,0,2,0,0,0,0,0,0,0,0,1,0,13,9,7,19,2,5,0,3,3,2,1,0,5,6,15,9,36,6,1,2,0,2,0,20,0,0,2,0,2,0,4,0,2,296,2,6,14,2,10,3,13,0,4,2,2,1,0,0,0,1,0,0,0,0,0,4,3,1,4,0,0,0,1,8,0,0,0,1,4,34,0,0,1,0,1,0,1,0,0,3,0,0,2,5,1,0,0,0,1,1,1,4,0,0,0,0,2,0,0,0,5,2,0,0,8,13,0,0,3,0,0,34,1,0,1,0,0,0,0,0,1,2,0,0,0,7,0
2,1147,ESCOLA MUNICIPAL JAGUARIAIVA,"RUA JOSÉ MAZEPA, 51",BACACHERI,-25.39634862,-49.21722528,35,0,2984,2513,111,75,0,3,2,10,33,2,3,0,0,6,3,31,1,1,0,0,17,0,3,0,3,0,13,4,9,0,10,0,2,0,0,14,5,0,0,0,0,1,5,0,4,4,0,0,5,9,2,0,0,0,2,0,0,12,0,0,2,13,0,1,0,0,7,9,0,0,0,0,0,2,0,0,62,0,0,1,0,3,0,0,0,0,0,0,0,0,11,0,0,0,0,0,0,0,1,0,0,0,0,16,0,20,0,1,0,0,0,14,36,0,0,0,0,0,3,0,0,0,0,0,1,4,2,1,1,0,0,0,6,0,0,3,129,0,0,0,0,0,0,0,2,2,1,0,1,0,1,9,0,0,0,0,0,0,0,0,8,0,2,0,0,0,11,1,0,0,0,0,0,1,0,0,79,2,49,4,0,0,0,44,1,3,0,0,7,0,0,0,0,1,1,0,0,1,0,0,0,38,0,0,0,0,3,0,0,0,0,4,0,0,0,0,0,0,0,0,0,0,3,0,0,3,0,0,2,0,0,0,0,0,1,0,0,0,0,0,0,0,0,0,0,0,0,0,0,0,0,0,0,0,0,0,0,0,1,0,0,0,0,0,11,0,0,0,0,0,0,0,0,4,0,0,0,0,3,3,1,0,0,0,0,0,0,0,19,0,0,0,1,0,0,3,0,0,0,0,0,0,0,0,0,0,0,0,0,0,2,0,0,0,0,0,0,0,0,0,0,0,0,0,0,0,0,0,0,3,2,0,0,0,0,0,0,0,0,24,0,0,0,0,70,0,0,0,0,13,0,0,13,1,0,0,51,3,0,2,0,0,0,4,0,2,0,0,0,0,0,1,0,0,0,0,0,1,0,0,0,0,0,0,2,0,0,0,0,0,0,0,0,0,3,4,36,0,0,72,1,0,0,0,29,5,1,7,3,0,1,39,0,0,0,6,0,0,0,0,0,2,0,54,0,3,5,0,0,1,0,0,0,0,0,0,9,0,1,2,1,0,0,0,0,0,3,0,0,7,0,0,2,0,0,0,46,1,0,0,0,0,1,0,0,0,4,0,0,0,0,0,0,0,0,0,0,0,0,0,4,0,0,0,0,0,0,0,0,0,0,0,0,1,1,0,0,0,0,0,0,0,0,0,3,1,0,0,0,0,0,0,0,0,0,0,0,0,0,3,0,3,1,1,5,2,25,0,6,4,7,0,1,0,0,1,0,0,0,0,0,0,0,0,1,0,1,0,0,5,0,2,0,0,0,0,0,0,13,0,6,0,0,3,0,6,0,0,2,0,0,0,0,0,0,0,2,0,1,6,0,0,0,0,0,0,0,0,0,0,0,0,0,0,1,0,0,2,0,0,0,0,0,0,1,0,0,0,0,0,0,0,0,0,0,1,0,0,0,0,0,0,1,0,0,0,0,0,4,0,0,2,0,0,0,0,1,0,0,0,0,0,0,0,0,0,0,0,0,0,0,3,1,1,0,0,11,0,0,2,24,0,1,0,0,16,0,0,0,0,0,0,0,2,0,4,0,0,1,0,2,0,54,0,4,0,1,5,0,12,0,37,0,1,1,0,0,5,143,2,3,0,0,0,1,0,44,0,0,0,0,0,0,0,0,0,0,1,7,0,0,0,0,0,1,0,0,0,0,3,2,0,1,2,0,0,0,0,0,0,0,6,1,3,0,0,0,0,0,0,1,0,1,0,0,0,0,0,0,0,1,0,0,0,0,0,1,2,0,3,0,0,0,0,0,0,0,0,6,0,1,4,1,0,0,5,1,0,1,0,1,0,3,1,29,3,1,0,0,0,0,5,0,0,2,0,0,0,1,1,1,147,0,5,3,1,16,0,4,0,3,1,0,3,0,0,0,1,0,2,0,0,2,0,3,2,0,0,0,0,1,7,0,0,0,0,0,30,0,0,1,0,0,0,0,0,0,7,0,0,0,2,1,0,0,0,0,0,1,0,0,0,0,1,0,0,0,0,1,1,0,0,2,8,0,0,0,0,0,14,0,0,0,0,0,0,0,0,0,0,0,0,0,1,0
2,1155,FACULDADE DE ARTES DO PARANÁ,RUA DOS FUNCIONÁRIOS 1357,CABRAL,-25.41250163,-49.24707089,16,0,2691,2196,85,61,0,2,2,7,25,0,1,0,2,4,0,18,1,0,0,0,27,0,0,0,2,1,10,3,1,0,10,0,0,0,0,14,0,0,1,0,0,3,1,1,8,2,0,0,4,9,5,0,1,0,0,0,2,10,0,1,2,3,0,0,0,0,2,22,0,0,0,0,0,1,0,1,31,0,0,0,0,11,0,0,0,0,0,1,0,0,20,1,0,0,0,0,0,0,4,0,0,0,0,11,0,10,0,0,0,0,0,7,14,2,0,0,0,0,3,0,0,0,0,0,2,2,0,0,0,0,3,0,6,1,2,1,110,1,0,0,0,0,1,0,0,0,5,0,1,0,1,0,0,0,0,1,0,0,0,3,13,0,4,0,1,0,7,3,0,0,2,0,0,0,1,0,84,6,32,9,0,5,0,56,2,10,0,0,1,0,0,1,0,2,0,0,1,3,0,4,0,48,0,0,0,0,0,0,0,0,0,1,0,0,2,1,0,0,0,0,0,0,0,0,0,1,0,0,1,0,0,0,0,0,0,0,1,0,0,0,0,0,0,0,0,0,0,1,0,1,0,0,0,0,0,0,0,5,0,0,0,4,0,0,10,0,0,2,0,0,0,0,1,0,0,0,0,1,0,1,3,0,0,0,0,0,0,0,8,0,0,0,0,0,0,2,0,0,0,0,0,0,0,1,0,0,0,0,0,0,0,0,0,2,0,0,0,0,0,0,0,0,0,0,0,0,0,0,0,1,4,1,0,0,0,0,0,0,0,37,0,0,0,0,40,0,0,0,0,18,3,0,3,0,0,3,51,2,0,2,0,0,0,0,0,0,0,0,1,0,0,0,0,0,0,0,0,0,0,0,0,0,0,0,0,0,0,0,0,0,0,0,0,0,6,6,24,0,0,55,0,0,2,1,17,4,0,5,1,0,1,17,1,2,2,3,0,0,0,1,0,0,1,21,1,1,1,0,1,0,0,0,0,0,0,0,4,0,1,0,1,0,0,0,0,0,1,0,1,3,0,1,0,1,0,0,16,0,0,0,8,0,0,0,0,0,0,0,0,0,0,0,0,0,0,0,0,1,0,0,0,0,0,0,0,0,0,0,0,0,0,0,1,0,3,0,0,1,0,0,0,0,0,0,0,0,1,0,0,0,0,0,0,0,0,0,0,0,4,2,1,4,0,3,0,2,55,0,8,1,39,1,0,0,0,0,0,0,0,0,0,0,0,1,0,0,0,1,0,1,0,0,0,0,0,0,0,0,3,0,1,8,0,2,0,1,0,0,1,0,0,0,0,0,0,0,1,0,0,4,0,0,0,0,0,0,0,0,0,0,0,0,0,0,0,0,0,1,0,0,0,0,0,0,0,0,0,0,0,0,0,0,0,0,0,0,0,0,0,0,0,0,1,0,0,0,0,0,0,0,0,1,0,1,0,0,2,0,0,0,0,0,0,0,1,0,2,0,0,0,0,5,0,2,0,0,4,0,0,0,28,6,0,0,0,29,0,1,1,0,1,0,0,4,0,8,0,0,10,10,2,1,32,0,1,1,0,2,0,6,0,25,0,2,0,0,0,4,95,0,0,0,0,0,0,0,19,0,0,0,0,0,0,1,1,0,0,6,0,0,1,0,0,0,3,0,0,0,0,0,2,0,0,2,0,1,1,0,0,0,3,6,4,1,0,1,0,0,1,0,1,0,0,0,0,1,0,0,0,0,0,0,0,0,0,0,0,1,0,0,0,0,0,0,0,0,2,0,2,5,4,9,1,0,0,2,4,1,0,0,3,11,4,0,28,8,0,0,0,1,0,6,0,0,3,0,3,1,2,2,1,168,2,0,11,0,7,1,4,0,4,1,7,3,0,1,0,0,0,4,0,0,4,1,0,3,0,0,0,0,0,2,0,0,0,0,0,10,0,0,0,0,0,0,1,0,0,0,0,0,3,3,0,0,0,0,0,0,3,1,0,0,0,0,0,0,0,0,0,1,0,0,3,3,0,0,0,0,0,7,1,0,0,0,0,0,0,0,0,5,0,0,0,2,0
2,1163,SOCIEDADE BENEFICENTE DUQUE DE CAXIAS,R COSTA RICA  1173,BACACHERI,-25.39714944,-49.23766519,35,0,5057,4245,210,165,0,1,3,9,60,4,1,0,1,8,3,49,3,2,0,0,38,0,1,0,6,4,17,4,7,1,19,1,1,0,1,25,2,0,0,0,1,2,9,0,16,5,1,2,11,23,3,2,4,0,4,1,0,11,1,0,3,18,0,3,4,0,4,29,0,1,0,0,2,1,1,4,51,0,1,0,0,6,0,4,0,0,0,2,0,1,11,0,0,0,0,0,2,0,1,0,0,0,0,12,0,39,1,0,0,5,0,17,17,3,0,0,0,0,1,0,1,0,0,0,2,3,0,0,0,0,0,0,4,2,1,2,184,0,0,0,0,1,0,0,0,2,1,0,1,0,0,0,3,1,0,0,0,1,0,1,17,0,12,0,0,0,19,0,0,0,2,0,0,3,0,0,103,8,47,5,6,0,0,61,8,8,0,0,4,1,0,2,1,0,0,0,1,4,1,1,1,58,0,0,0,1,0,0,0,0,0,0,0,0,2,0,0,0,0,0,0,0,0,0,0,3,0,0,3,0,0,0,2,0,1,0,0,1,0,0,0,0,0,0,0,0,0,2,0,0,0,0,0,2,0,0,0,0,0,0,0,0,0,0,20,0,0,2,0,1,0,0,0,3,0,2,0,0,3,4,17,0,1,0,1,0,0,0,41,0,0,0,0,2,0,7,0,0,0,0,0,0,0,0,0,0,1,0,0,0,1,0,0,0,0,0,0,0,1,4,0,0,0,0,0,0,0,0,0,1,4,0,0,0,0,0,2,1,0,45,0,0,0,1,112,0,0,0,0,40,0,0,6,0,0,0,159,7,0,3,3,0,3,0,0,0,0,0,0,0,0,3,0,0,0,0,0,2,0,0,0,0,0,0,0,0,0,0,0,0,0,3,0,0,28,3,37,0,0,169,0,0,6,6,44,8,0,10,5,0,0,57,10,1,0,5,1,4,2,1,0,1,1,37,1,8,0,0,2,5,0,0,0,0,0,0,5,0,0,0,2,0,0,0,0,1,10,0,0,5,0,0,2,0,0,0,63,0,0,0,19,0,0,0,0,0,5,0,2,0,0,0,0,0,0,0,0,2,0,0,0,0,0,0,0,0,0,0,0,0,0,0,0,1,1,0,1,0,0,0,0,0,0,1,0,1,0,0,0,0,0,0,0,0,0,1,0,0,3,6,0,0,3,4,9,1,51,1,3,1,50,6,1,0,0,8,0,0,0,0,0,0,0,3,0,0,3,2,0,9,0,1,0,0,0,4,0,0,15,0,6,7,0,5,0,21,0,0,0,0,1,0,0,0,0,0,7,0,0,4,0,0,0,0,0,0,0,0,0,0,0,0,0,1,0,0,0,2,0,0,0,0,2,0,1,0,0,5,0,0,0,0,0,0,0,0,0,0,0,0,0,0,0,0,0,0,1,0,0,0,0,8,0,0,0,0,3,0,4,0,0,0,0,0,3,0,0,0,0,0,0,0,2,3,0,0,10,0,0,0,51,11,0,2,2,60,0,2,0,1,0,0,0,4,0,16,0,0,3,9,9,4,64,0,4,0,1,4,0,8,0,84,0,0,4,3,0,11,165,4,1,0,0,1,0,0,44,0,0,0,0,0,1,0,1,0,0,6,0,0,2,0,0,0,9,8,2,0,0,0,1,0,1,1,0,0,0,1,0,2,0,5,1,1,0,0,0,0,0,0,0,1,0,0,0,1,0,0,0,0,0,0,0,0,0,0,1,2,0,0,0,0,0,0,1,0,0,0,7,18,1,9,4,0,0,0,2,0,2,0,11,15,25,3,49,5,0,1,0,0,0,24,0,0,2,0,1,2,1,0,2,310,2,7,13,2,12,3,14,0,4,1,3,1,1,0,0,0,1,4,0,1,4,0,1,3,1,0,0,0,0,5,0,1,1,0,3,24,0,1,0,0,1,0,1,0,1,3,0,0,1,1,2,0,2,0,0,0,2,2,0,0,0,0,1,0,0,0,1,0,0,0,4,9,0,0,0,0,0,24,0,0,0,1,0,0,0,0,0,4,0,0,5,7,0
2,1180,COLÉGIO MADALENA SOFIA,"R SANTA MADALENA SOFIA BARAT, 809",BAIRRO ALTO,-25.41267305,-49.21529014,36,0,7197,5935,350,192,0,7,14,22,96,1,9,1,2,16,3,81,1,0,2,0,47,0,0,0,3,4,29,5,3,1,33,0,9,0,1,51,2,0,0,0,3,5,6,1,12,6,0,9,3,60,13,0,2,1,0,0,1,8,2,0,6,15,0,4,3,2,0,26,3,4,0,0,0,4,0,5,116,0,0,1,0,5,0,1,0,1,7,4,1,0,15,0,0,0,0,0,2,2,5,0,0,0,0,15,0,31,2,0,0,1,0,30,38,2,0,1,0,0,5,0,1,0,0,0,3,10,0,0,0,0,3,0,26,1,0,2,234,0,0,1,1,2,1,0,1,0,9,1,6,0,0,0,2,2,0,2,0,0,0,4,22,0,8,0,2,0,31,2,0,1,4,2,0,5,0,0,153,5,80,17,2,3,0,100,5,7,3,1,4,0,0,6,3,3,2,0,8,3,4,8,0,76,0,1,0,0,1,0,0,0,0,0,0,0,0,1,2,0,0,0,0,0,2,0,0,13,0,0,8,0,0,1,2,0,4,0,0,0,2,1,0,0,0,0,0,1,0,0,0,0,2,0,4,1,0,0,0,0,0,0,3,1,0,0,41,0,0,0,0,0,0,0,0,1,0,5,0,1,6,7,8,0,1,0,0,0,0,0,27,0,0,0,0,1,0,9,0,0,0,0,0,0,0,1,3,0,0,2,0,2,2,4,0,0,0,0,0,0,0,2,0,0,0,0,1,0,2,0,0,2,9,0,1,0,0,0,5,0,1,50,1,1,0,0,122,0,0,0,0,94,0,1,14,3,0,0,208,3,0,0,0,0,0,0,0,0,0,1,1,0,0,1,0,1,0,0,0,1,0,0,0,0,0,0,0,0,0,0,2,0,0,0,0,0,7,10,60,0,0,123,1,0,7,2,24,11,0,16,7,1,1,81,5,2,3,8,0,0,0,1,0,0,0,93,1,5,3,1,0,0,0,0,3,0,2,0,3,0,2,0,2,1,1,1,0,0,17,1,4,4,0,7,1,3,0,0,47,0,0,0,6,0,0,0,0,0,8,0,0,0,0,1,0,0,0,0,0,0,1,0,6,0,2,0,0,1,0,0,0,0,0,0,0,1,7,2,0,0,0,0,0,1,0,0,0,8,0,0,0,0,0,0,0,0,0,3,0,0,1,5,0,3,2,5,9,5,67,0,7,4,57,3,0,1,0,1,0,0,0,0,0,0,0,1,0,0,2,0,0,1,0,1,0,0,0,0,0,1,2,0,1,14,2,15,0,8,0,0,7,0,4,0,0,0,0,0,2,0,0,12,0,0,0,0,1,0,0,0,0,0,0,0,0,0,3,0,0,3,3,0,0,0,0,0,0,1,0,0,0,0,1,0,0,0,0,0,0,1,0,0,0,0,3,0,0,1,3,0,0,1,1,2,0,4,0,1,2,0,1,0,0,0,0,0,0,1,4,0,0,0,0,7,2,3,0,0,6,1,0,0,46,6,1,4,0,59,0,4,1,0,0,0,2,13,0,6,0,0,4,11,7,1,152,0,7,0,4,7,0,19,0,83,0,3,4,2,0,30,229,0,1,0,0,1,0,0,43,0,0,1,1,0,0,1,12,4,0,8,0,0,1,0,0,0,5,2,0,0,0,0,2,0,2,2,6,0,0,1,0,1,3,14,4,0,0,0,0,0,2,1,0,0,3,0,0,0,0,0,0,0,5,0,0,0,1,0,0,3,0,0,0,2,0,0,1,0,2,0,9,15,1,23,9,6,0,3,13,2,4,0,3,14,20,1,84,7,3,1,0,1,0,32,0,0,0,0,6,0,1,0,0,413,12,4,26,0,8,4,14,0,2,0,8,7,0,0,0,1,0,1,1,0,0,3,1,2,0,0,0,0,0,8,0,0,0,0,4,209,0,3,0,0,1,1,2,0,2,12,0,0,0,3,0,1,0,0,0,0,0,0,0,0,0,0,2,0,0,0,2,5,0,1,11,38,0,0,0,0,0,30,0,0,0,0,0,0,0,0,4,5,1,0,0,11,2
2,1198,ESCOLA MUNICIPAL ARAUCARIA,R RIO IRIRI  355,BAIRRO ALTO,-25.40380732,-49.20740499,36,0,2927,2378,191,124,0,1,7,8,29,2,4,0,1,3,0,25,1,1,0,0,9,1,1,2,2,2,12,3,2,0,17,1,1,1,2,15,0,0,0,0,0,0,7,1,7,0,0,0,0,38,1,3,0,0,0,0,2,3,0,2,0,21,0,2,1,0,2,4,3,4,0,0,0,0,2,3,61,0,0,0,0,3,0,0,1,0,0,0,0,0,13,0,1,0,0,1,0,0,3,0,0,0,0,8,0,12,0,0,0,1,0,11,29,0,0,0,0,0,1,0,0,0,0,1,2,12,0,0,0,0,1,0,5,2,0,0,48,0,1,1,1,0,0,0,0,0,3,0,5,0,0,0,0,0,0,0,0,0,0,1,3,0,8,1,0,0,9,0,0,0,2,0,0,4,0,1,52,5,33,2,1,0,0,46,1,4,0,0,0,0,0,4,5,0,1,0,0,0,0,0,2,35,0,0,0,0,1,0,0,0,1,0,0,0,0,0,0,0,0,0,0,0,0,0,0,4,0,0,2,0,0,0,2,0,1,0,1,0,0,0,0,0,0,0,0,0,0,0,0,0,1,0,0,0,0,1,0,0,0,0,0,0,0,0,27,0,0,0,0,0,0,0,0,0,1,3,0,0,4,1,3,0,0,0,2,0,0,0,12,1,0,0,0,0,0,1,0,0,0,0,0,0,0,0,2,0,0,0,0,0,0,0,0,0,0,0,0,0,0,2,0,0,0,0,0,0,0,0,0,0,0,0,0,0,1,0,0,0,0,10,0,0,0,0,34,0,0,0,0,25,0,0,8,2,0,0,39,1,0,0,0,0,0,0,0,0,0,0,0,0,0,0,2,0,0,0,0,0,0,0,0,0,0,0,0,1,0,0,0,0,0,0,1,0,2,1,5,0,1,51,0,0,0,0,12,1,0,1,7,0,1,49,0,0,0,3,0,0,0,2,0,1,0,58,1,1,1,0,0,0,0,0,0,0,1,0,2,0,0,0,0,6,0,0,0,1,2,0,0,3,0,14,0,1,0,0,17,0,3,0,2,0,1,0,0,0,0,0,0,0,0,0,0,0,0,0,0,0,0,0,0,0,0,0,0,0,0,0,0,0,0,0,0,0,0,0,0,0,0,0,0,0,0,0,0,2,0,0,0,0,0,0,0,0,0,0,0,0,0,1,0,0,0,1,0,0,20,0,2,0,6,0,0,0,1,1,0,0,0,0,0,0,0,1,0,0,0,2,0,0,0,0,0,4,0,0,0,0,1,0,0,34,0,1,0,5,0,0,4,0,0,0,0,0,0,0,2,0,0,1,0,0,0,3,0,0,0,0,0,0,0,0,0,0,1,0,0,0,0,0,0,0,0,0,0,0,0,1,0,0,0,0,0,0,0,0,0,0,0,0,0,0,2,2,0,0,0,0,3,0,0,3,0,1,0,0,1,0,2,0,0,0,1,0,0,1,3,0,0,0,0,2,1,2,0,0,3,0,0,0,13,9,0,0,1,6,0,7,0,0,0,0,0,1,0,2,0,0,8,0,2,2,85,0,0,0,0,1,1,8,1,24,0,0,1,0,0,11,98,0,1,0,0,0,0,0,30,0,0,0,0,1,0,2,2,2,0,0,0,0,0,0,0,0,1,0,1,0,1,0,0,0,0,0,2,0,0,1,0,1,0,1,1,0,0,0,0,0,0,0,0,2,0,0,0,0,0,0,0,0,0,0,0,1,0,2,1,2,0,0,0,0,0,0,0,1,0,0,4,9,1,7,0,6,0,1,1,0,1,0,0,9,4,0,17,5,4,0,0,0,0,18,0,0,0,0,2,0,0,0,0,141,3,8,3,0,1,5,4,1,1,0,4,1,0,1,0,0,0,0,0,0,0,0,1,1,0,0,0,0,0,2,0,0,0,0,2,113,0,1,0,0,0,0,0,0,1,17,0,0,0,3,0,0,0,0,0,0,1,0,0,0,0,0,0,0,0,1,0,0,0,0,3,13,0,0,0,0,0,25,0,0,0,0,0,0,0,0,3,0,0,1,0,1,0
2,1201,ESCOLA DUNAMYS ENSINO FUNDAMENTAL (PARTICULAR),"RUA RIO IRIRI, 1125",BAIRRO ALTO,-25.40095963,-49.20114794,36,0,4697,3832,328,180,0,9,7,11,70,1,3,0,1,11,4,38,1,0,0,1,14,0,0,0,4,3,32,5,2,2,14,1,13,1,0,9,2,0,0,0,0,0,5,0,10,1,0,1,0,48,1,2,0,0,0,0,2,2,0,0,0,22,0,2,5,1,0,4,4,1,2,1,0,1,1,1,118,0,0,0,0,0,0,0,4,0,0,1,3,1,4,0,0,0,1,2,1,0,1,0,0,0,0,7,2,14,0,0,0,2,0,8,32,1,0,0,0,0,0,0,0,0,0,0,2,2,0,0,1,1,0,0,2,1,1,0,78,0,0,0,0,0,0,0,5,2,5,1,3,0,0,8,0,1,0,1,0,0,0,3,4,0,37,1,0,0,27,0,0,0,5,8,1,1,0,1,97,2,65,11,3,1,0,56,3,7,0,0,0,1,1,3,3,0,1,0,0,0,1,1,0,50,0,1,0,0,3,0,0,0,2,1,0,0,0,2,0,0,1,0,0,0,1,0,0,8,1,0,3,0,0,1,1,1,0,0,0,0,1,0,1,0,0,0,0,1,0,0,0,0,2,2,1,0,0,0,0,0,0,6,0,0,0,0,40,0,0,2,0,0,0,0,1,1,0,4,1,0,5,1,6,0,0,0,0,0,0,0,34,0,0,0,0,0,0,3,0,0,2,0,0,0,0,1,0,2,0,0,0,0,1,1,0,2,0,0,0,0,0,0,0,0,0,0,0,0,0,0,0,0,0,0,2,0,0,0,0,0,0,29,1,0,0,0,69,0,0,0,0,56,0,0,17,4,0,0,62,0,0,1,3,0,0,0,0,0,0,2,0,0,0,0,1,0,0,0,0,0,1,0,0,0,1,0,0,0,0,0,0,0,0,0,0,2,6,3,18,0,0,67,0,0,5,2,13,3,0,9,2,0,1,99,2,0,2,8,0,1,0,0,0,1,0,95,0,2,3,2,2,0,0,0,1,0,1,0,3,1,0,0,0,8,0,0,0,0,4,0,0,12,0,9,1,1,1,0,35,0,0,0,3,0,0,0,0,0,0,0,0,0,0,0,0,0,0,0,0,0,0,0,1,0,0,0,0,0,0,0,0,0,0,0,0,0,5,0,0,0,0,0,0,0,0,0,0,6,0,0,0,0,0,0,0,0,0,1,0,0,0,2,0,0,0,2,4,0,22,0,2,0,16,0,0,0,0,0,0,0,1,0,0,0,0,7,0,0,0,0,0,4,0,0,0,1,0,0,0,0,0,0,0,14,0,3,0,8,0,1,6,0,2,0,0,0,0,0,0,0,0,4,0,0,0,0,0,0,0,0,0,0,0,0,0,0,4,0,0,0,1,0,0,0,0,0,0,1,0,2,1,0,0,0,0,0,0,0,0,0,0,0,0,0,1,0,0,0,1,0,2,0,2,1,0,0,1,0,2,0,2,0,0,0,0,1,0,0,3,0,2,0,0,0,0,6,0,0,19,0,0,0,14,1,0,0,0,10,0,2,0,1,0,0,1,3,0,11,0,0,7,7,3,2,144,0,3,0,1,3,0,10,0,48,0,0,0,0,0,8,112,0,0,0,0,0,0,0,58,0,0,0,1,0,0,1,5,0,0,3,0,0,0,0,0,0,0,1,2,0,0,0,0,0,0,3,0,0,0,0,0,0,0,6,1,0,0,2,0,0,0,0,0,5,0,0,0,0,1,0,1,0,3,0,0,0,0,0,0,5,0,0,0,1,0,0,0,0,0,0,8,12,4,18,4,11,0,2,4,0,0,0,0,16,5,3,20,4,0,0,0,1,5,19,0,0,2,0,1,1,0,0,0,211,3,7,13,1,6,4,2,0,3,2,4,0,0,0,0,0,0,0,1,0,0,1,1,7,0,0,0,0,2,2,0,0,0,0,2,228,0,0,1,0,0,0,1,0,0,35,0,0,0,1,1,0,0,1,0,0,2,0,0,0,0,0,0,0,0,0,0,0,1,0,3,26,0,1,0,0,0,29,0,0,0,0,0,0,0,0,8,2,0,0,0,7,1
2,1279,COLEGIO NOSSA SENHORA DO ROSARIO,R EDUARDO GERONASSO  1266,BACACHERI,-25.39100582,-49.23496776,35,0,4786,4105,197,144,0,3,1,15,64,1,4,0,0,9,2,44,2,2,0,0,37,0,1,0,3,1,8,3,2,1,9,0,0,0,0,23,1,0,0,1,0,4,3,3,21,8,0,1,7,40,0,0,1,0,2,0,2,11,1,0,10,15,0,8,5,0,5,21,0,0,0,0,0,7,0,1,87,0,0,0,0,13,0,3,0,0,1,1,0,0,14,0,0,0,0,1,0,0,2,0,0,0,1,26,0,35,0,0,0,2,0,23,40,1,0,0,0,0,3,0,0,0,0,1,2,8,0,0,0,0,0,0,6,2,2,4,190,0,0,0,1,2,0,1,0,0,2,0,3,0,0,2,0,3,0,1,0,0,0,3,21,0,3,0,0,0,56,1,0,0,0,0,1,0,1,0,136,7,66,17,2,4,1,91,7,7,2,2,3,0,1,5,0,1,0,0,1,1,0,4,3,71,0,0,0,0,0,1,0,0,0,0,0,0,0,0,0,0,0,0,0,0,0,0,0,7,0,1,2,0,0,0,6,0,2,0,0,0,0,0,0,0,0,0,0,0,0,0,0,0,2,0,0,0,0,0,0,1,0,0,0,3,0,1,18,0,0,1,0,0,0,0,0,4,0,1,0,0,5,0,14,0,0,0,0,0,0,0,26,0,0,0,0,0,0,2,0,0,0,1,0,0,0,0,0,0,0,0,0,0,1,0,0,0,0,0,0,0,0,2,0,0,0,0,0,0,0,0,0,3,2,0,1,0,0,0,0,0,0,59,2,0,0,0,83,0,0,0,0,15,0,0,9,1,0,0,140,3,0,2,1,1,0,0,0,0,0,0,0,0,0,1,1,0,0,0,0,0,0,0,0,0,1,0,0,0,0,0,0,0,0,0,0,0,11,4,24,1,0,135,0,0,8,2,13,3,0,11,8,0,0,54,4,2,1,4,3,1,0,1,1,5,1,42,0,4,6,0,1,1,0,0,1,0,0,0,1,0,0,0,0,0,0,1,0,0,10,0,2,4,0,0,0,2,0,0,61,0,3,0,9,0,0,0,0,0,2,0,0,0,0,0,1,1,0,0,0,0,0,0,1,0,0,0,0,0,0,0,0,0,0,0,0,0,4,0,0,0,0,0,0,0,0,0,0,2,0,0,0,0,0,0,0,0,0,0,0,0,3,2,1,0,0,1,14,2,60,0,7,1,43,2,1,0,0,0,0,0,0,0,0,0,0,1,1,0,2,1,1,12,0,3,2,1,0,0,0,0,29,0,2,5,1,7,2,11,0,0,2,0,0,0,0,0,0,0,6,0,0,1,0,0,0,0,0,0,1,0,0,0,0,0,0,0,0,0,0,1,0,0,0,0,1,0,0,0,0,2,0,0,0,0,0,1,0,0,0,0,0,0,0,0,0,0,0,0,0,0,0,0,0,2,0,0,0,0,0,0,3,1,0,0,0,0,0,1,3,0,0,1,0,1,3,6,0,0,1,2,0,0,57,11,0,0,0,48,0,3,1,0,0,0,0,5,0,10,0,0,9,4,3,1,69,0,11,1,0,0,0,10,0,73,0,2,5,0,0,7,135,3,3,0,2,0,0,0,49,0,0,0,0,0,0,2,2,0,1,2,0,0,0,0,0,0,4,3,0,0,0,0,5,0,0,6,0,1,0,0,0,0,4,8,3,2,0,0,0,2,0,0,1,3,0,0,0,0,0,0,0,0,4,0,0,0,0,0,0,2,0,0,0,0,0,0,0,0,0,0,12,12,4,15,4,0,1,0,3,3,8,0,3,10,17,9,31,6,1,0,0,0,6,18,1,0,2,0,0,4,1,0,0,265,5,6,13,0,19,4,17,0,3,0,5,3,0,0,0,0,0,3,0,0,5,0,2,4,0,1,0,0,2,5,0,3,0,0,0,22,0,0,0,0,0,1,1,0,1,3,0,0,1,4,0,0,0,0,0,0,3,2,0,0,0,0,5,0,0,0,2,0,0,0,4,10,0,2,0,0,0,24,0,0,0,0,0,0,0,0,0,3,0,0,0,10,0
2,1295,ESCOLA MUNICIPAL CARAMURU,TRAV RODOLPHO ROSENAU 157,CABRAL,-25.39787701,-49.25545294,16,0,1460,1233,66,32,0,1,1,7,27,0,3,1,2,3,1,15,1,1,0,0,12,0,0,0,0,0,3,1,2,0,11,1,1,0,0,5,0,0,1,0,0,0,0,0,7,3,0,0,1,12,0,0,0,0,0,0,5,2,0,1,1,1,0,1,1,0,1,2,0,0,0,0,0,1,0,0,21,0,0,0,0,3,1,0,0,0,0,1,0,0,4,0,0,0,0,0,0,0,3,0,0,0,0,2,0,7,0,0,0,0,0,12,11,0,0,1,1,0,0,0,0,2,0,0,1,0,0,0,0,0,2,0,1,0,1,0,66,0,0,1,0,0,0,0,1,0,3,0,0,0,0,0,0,0,0,0,0,0,1,1,6,0,2,0,0,0,6,1,0,0,0,1,1,0,0,0,61,0,19,6,0,0,0,28,4,1,0,0,0,1,0,2,0,1,0,0,1,1,0,0,4,22,0,0,0,0,0,0,0,0,0,0,0,0,0,0,0,0,0,0,0,0,0,0,0,3,0,0,0,0,1,0,0,0,0,0,0,3,0,0,0,0,0,0,0,0,0,0,0,0,0,0,0,0,0,0,0,1,0,0,0,0,0,0,15,0,0,0,0,0,0,0,0,0,0,0,1,0,6,2,7,0,0,1,0,0,0,0,8,0,0,0,0,0,0,0,0,0,0,0,0,0,0,0,0,0,0,0,0,0,0,0,0,0,0,0,0,0,1,0,0,0,0,0,0,0,0,0,0,1,5,1,0,0,0,0,1,0,0,25,0,0,0,0,24,0,0,0,0,5,0,0,3,0,0,0,34,3,0,1,0,0,0,0,0,0,0,0,0,0,0,0,0,0,0,0,0,0,0,0,0,0,0,0,0,0,0,0,0,0,0,0,0,0,4,1,8,0,0,21,0,1,3,0,9,2,0,2,0,0,0,17,1,0,0,0,0,0,0,0,0,1,0,14,1,1,0,0,0,0,0,0,0,0,0,0,1,1,0,0,0,0,0,0,0,0,2,0,0,3,0,0,0,0,0,0,11,0,0,0,1,1,0,0,0,0,4,0,0,0,0,0,1,1,1,0,0,0,0,0,0,0,1,0,0,0,0,0,0,0,0,0,0,0,0,0,0,0,0,0,0,0,0,0,0,0,0,0,0,0,0,0,0,0,0,0,0,0,1,2,1,2,0,0,4,0,20,0,3,0,13,1,1,0,0,0,0,0,0,0,0,0,0,0,0,0,1,0,0,2,0,0,0,0,0,0,0,0,4,0,0,0,0,2,0,4,0,0,0,0,1,0,0,0,0,0,1,0,0,0,0,0,0,0,0,0,0,0,0,1,0,0,0,0,0,0,0,1,0,0,0,0,0,0,0,0,0,0,0,0,1,0,0,0,0,0,0,0,0,0,0,0,0,0,0,0,0,0,0,0,0,0,0,1,0,0,4,0,0,0,0,0,0,0,0,0,2,0,0,2,0,3,1,1,0,0,0,0,0,0,24,1,0,0,0,16,0,0,0,0,0,0,2,2,0,3,0,0,0,3,2,0,8,0,0,0,0,0,0,2,0,19,0,1,0,0,0,4,47,2,0,0,0,0,0,0,9,0,0,0,0,0,0,1,0,0,0,2,0,0,0,0,0,0,0,0,0,0,0,0,1,0,1,3,0,0,0,0,0,0,0,3,1,0,0,0,0,0,0,0,0,1,0,0,0,0,0,0,0,1,1,0,0,0,0,0,3,0,0,0,0,0,0,0,0,0,0,0,0,2,0,7,1,0,0,2,0,0,1,0,2,1,6,2,14,2,0,0,0,0,1,1,0,0,2,0,0,3,1,0,0,64,1,0,2,0,4,1,2,3,5,0,2,0,0,0,0,0,0,5,0,0,0,0,1,1,0,0,0,0,0,0,0,0,0,0,1,5,0,0,0,0,1,0,0,1,2,1,0,0,0,1,0,0,1,0,0,0,0,0,0,0,0,1,0,1,0,2,1,0,0,0,4,1,0,0,0,0,0,7,0,0,0,1,0,0,0,0,0,2,0,0,0,0,0
2,1384,COLÉGIO ESTILLO,"RUA DOUTOR LUIZ FERNANDO VAN DER BROOCKE, 17",BACACHERI,-25.41306796,-49.23204247,18,0,3973,3337,151,109,0,1,4,15,52,1,2,1,1,8,0,39,2,0,0,0,41,0,0,0,1,2,14,6,3,1,20,0,0,5,0,20,1,0,0,0,0,2,0,0,8,4,0,1,3,22,3,0,0,4,1,0,2,9,0,0,1,7,0,1,4,0,5,26,0,0,1,0,0,4,0,2,47,0,0,0,0,9,0,1,0,0,0,3,0,0,13,0,0,0,0,0,0,0,3,0,0,1,1,15,0,41,0,0,2,2,0,15,18,1,0,0,0,0,4,0,0,0,0,0,3,2,0,0,0,0,0,3,11,0,0,1,141,0,0,0,2,1,0,0,0,3,9,0,2,0,0,2,0,1,0,0,0,0,0,1,17,0,11,0,0,0,25,2,0,0,2,0,0,3,0,0,77,2,37,8,0,1,0,48,2,5,1,0,0,0,0,1,0,0,2,0,1,2,0,2,2,63,0,0,0,0,6,0,0,0,0,0,0,0,0,2,0,0,0,0,0,0,0,0,0,5,0,0,0,0,0,0,0,0,1,0,0,0,0,0,0,0,0,0,0,4,0,1,0,0,0,0,6,0,0,0,0,2,0,0,2,1,0,0,15,0,0,1,0,0,0,0,0,2,0,1,0,2,1,1,15,0,1,0,0,0,0,0,4,0,0,0,0,0,0,3,0,0,0,0,0,0,0,0,1,0,0,0,0,1,1,0,0,1,0,0,0,0,2,2,0,0,0,0,0,0,0,3,0,2,0,1,0,0,0,0,0,0,0,53,1,1,1,0,97,0,0,0,0,28,0,0,4,0,0,0,118,5,0,1,0,0,0,1,0,0,0,0,0,0,0,0,0,1,0,0,0,0,0,0,0,0,0,0,0,0,0,0,1,0,0,0,0,0,11,4,44,0,0,116,0,0,12,1,8,10,0,12,6,1,2,40,4,1,1,2,1,0,0,0,0,1,0,24,0,5,6,1,0,0,0,0,2,0,0,1,15,1,0,0,1,0,0,2,0,0,6,2,1,0,0,1,1,1,0,0,28,0,0,0,3,0,1,0,0,0,4,0,0,0,0,1,0,3,0,0,0,0,0,0,2,0,0,0,0,0,0,0,0,0,0,0,0,0,1,0,1,0,0,0,0,0,0,0,0,1,0,0,0,0,0,0,0,0,0,3,0,1,1,5,1,1,0,7,2,1,42,0,11,0,35,2,0,0,0,4,0,0,0,0,0,0,0,1,0,0,1,1,0,0,0,0,0,0,0,0,0,0,4,0,3,5,0,8,0,2,0,1,3,0,0,1,0,0,0,0,3,0,0,1,0,0,0,0,0,0,0,0,0,0,0,0,0,0,2,1,0,0,0,0,1,0,0,0,2,0,0,0,0,0,0,0,0,0,0,0,0,0,0,0,0,0,2,0,0,0,2,0,3,0,1,1,0,1,0,0,2,0,2,0,0,0,0,0,0,0,0,0,0,0,0,1,2,2,0,0,0,0,0,0,34,9,0,0,0,31,0,2,0,0,0,0,3,4,0,8,0,0,7,19,6,0,79,2,10,0,1,4,1,20,0,66,0,1,2,0,0,7,147,4,1,0,1,1,0,0,42,1,0,0,0,0,0,1,0,1,0,2,1,0,0,0,0,0,0,1,0,0,0,0,1,0,1,2,1,4,0,0,0,4,0,5,4,0,0,1,0,0,0,0,0,0,0,0,0,0,0,0,0,0,1,0,0,0,0,0,0,1,0,1,0,0,0,0,0,0,0,0,15,5,9,15,0,0,0,1,6,1,4,0,1,6,13,1,26,4,1,1,0,0,0,8,0,0,1,0,1,0,2,0,1,227,12,8,13,0,5,2,15,0,0,1,4,2,0,0,0,0,0,3,0,0,4,0,1,6,0,2,0,1,0,5,0,0,0,0,0,41,0,0,0,0,0,0,0,0,2,6,0,0,1,8,0,0,0,0,0,0,3,0,0,0,0,0,0,0,0,0,1,1,0,1,7,14,0,0,0,0,0,11,2,0,0,1,0,0,0,0,0,3,0,0,0,2,4
2,1414,ESCOLA ESTADUAL NOSSA SENHORA DA SALETE,AVENIDA WASHINGTON LUIZ  620,JARDIM SOCIAL,-25.41980079,-49.23009,18,0,5582,4570,184,147,0,1,2,11,62,1,2,0,3,19,2,65,1,0,0,0,46,2,1,1,3,7,12,2,4,2,31,0,1,0,0,26,1,0,1,0,0,2,11,0,13,11,0,1,4,8,4,0,0,1,4,0,3,12,0,4,6,6,0,2,9,1,1,46,0,4,1,0,0,3,0,12,57,0,1,0,0,18,1,6,0,0,0,2,0,3,31,0,2,0,0,0,0,0,2,0,1,0,0,10,0,30,0,0,0,0,0,14,21,0,0,0,0,0,3,0,0,1,0,0,1,4,3,0,1,0,0,0,11,5,3,2,213,0,0,0,0,1,0,0,0,1,6,0,3,0,0,1,0,0,0,0,0,0,0,0,26,0,8,0,0,0,18,0,0,0,0,1,0,1,0,0,130,5,41,5,0,4,0,59,4,2,1,0,4,0,0,5,1,1,0,1,5,3,2,3,1,76,0,0,1,0,0,0,0,0,0,0,0,0,0,0,0,0,0,0,0,0,1,0,0,3,1,0,0,0,1,0,1,0,0,0,0,4,0,0,0,0,0,1,0,0,0,0,0,0,2,0,5,0,0,0,0,0,0,0,0,0,0,0,14,0,1,2,0,0,0,0,0,1,0,3,0,0,2,4,8,0,0,0,0,0,0,0,9,0,0,0,0,0,0,6,0,0,0,0,0,0,0,0,0,1,0,0,0,3,2,0,0,2,0,0,0,0,2,1,0,0,0,0,0,0,0,0,0,1,4,0,0,0,0,0,3,0,0,94,0,0,0,3,85,0,0,0,0,57,0,0,3,2,0,1,175,8,0,0,0,0,0,1,0,0,0,0,1,0,0,3,0,0,0,0,0,0,0,0,0,0,0,0,1,0,0,0,0,0,0,0,0,0,9,6,50,0,0,179,2,0,4,4,22,27,0,11,9,0,0,44,0,1,0,3,1,3,0,0,1,1,0,38,0,12,4,0,0,0,0,0,2,0,0,0,42,4,0,0,0,0,1,0,0,0,14,1,0,0,0,1,4,4,0,0,56,0,0,0,2,0,0,0,0,0,5,0,0,0,0,1,0,0,0,0,0,0,0,0,3,0,0,0,0,0,0,0,0,0,0,0,0,0,2,1,1,0,0,0,0,0,0,0,0,0,0,0,0,0,0,0,0,0,0,0,0,0,5,2,4,0,1,9,12,1,90,2,4,1,65,2,1,0,0,3,0,0,0,0,0,0,0,2,0,0,3,0,0,0,0,0,1,1,0,0,0,0,2,0,0,5,0,18,0,8,0,0,0,0,0,0,0,0,0,0,2,0,0,5,0,0,0,0,0,0,0,0,0,0,0,0,0,0,1,0,0,0,0,0,1,0,0,0,2,0,0,0,0,0,0,0,0,0,0,0,0,0,0,0,0,0,6,0,0,0,3,0,0,0,0,1,0,0,0,0,1,0,3,0,0,0,0,0,0,0,1,0,0,0,0,3,0,3,0,0,2,3,0,2,55,16,0,3,1,73,0,3,0,1,0,0,1,3,0,8,0,1,2,13,13,0,108,0,3,0,0,11,0,26,0,92,0,0,2,0,0,15,222,2,1,0,0,4,0,0,33,0,0,0,1,0,0,2,3,1,0,9,0,0,0,1,0,0,1,5,0,0,1,0,5,0,1,0,2,0,0,0,0,2,0,8,3,0,0,1,0,0,0,0,0,0,0,0,0,0,0,0,0,0,2,0,0,0,0,3,0,0,0,0,0,0,0,0,0,0,0,0,6,5,2,17,5,1,1,4,2,1,1,0,6,12,32,1,75,9,1,0,0,1,0,25,0,0,0,0,2,0,3,0,5,283,1,8,26,0,10,3,33,1,7,2,4,3,0,0,0,0,0,0,0,0,0,2,0,0,0,0,0,0,0,11,0,0,2,1,0,62,0,0,1,0,0,1,0,0,0,6,0,0,1,5,0,0,0,0,0,0,4,0,0,0,0,0,4,0,0,0,0,0,0,0,7,10,0,0,0,0,0,25,0,0,0,0,0,0,0,0,2,7,0,0,0,4,1
2,1449,ESCOLA MUNICIPAL AUGUSTO CESAR SANDINO,R MOBRAL  413,SANTA CANDIDA,-25.36401272,-49.23234376,53,0,3563,2836,292,138,0,7,8,7,38,7,5,1,0,9,1,26,3,0,0,0,7,0,2,1,3,4,25,5,1,0,17,2,1,1,0,17,0,0,0,0,0,0,1,1,8,6,0,1,1,59,0,0,0,0,0,0,3,1,0,0,1,32,0,0,2,0,10,2,0,2,0,0,0,0,0,1,110,0,0,0,0,1,0,3,0,0,0,1,0,0,5,0,0,0,0,0,0,0,0,1,0,0,0,4,0,10,0,0,0,0,0,25,34,0,0,0,0,0,1,0,0,0,0,0,1,6,1,0,2,0,1,0,1,0,2,2,42,0,0,0,3,0,0,1,0,0,0,1,3,0,1,2,0,0,0,0,0,0,0,5,2,0,19,0,0,0,14,0,0,2,7,1,0,3,0,0,86,4,52,3,3,0,1,48,0,8,0,1,0,0,0,0,2,1,1,0,0,2,0,0,3,29,0,0,2,0,12,0,0,0,0,0,0,0,0,0,0,0,0,0,0,0,0,0,0,2,0,0,1,0,0,0,0,0,0,0,0,0,0,0,0,0,0,1,0,0,0,0,0,0,0,0,0,1,1,0,0,0,4,0,0,0,0,0,40,0,0,1,0,0,0,0,0,3,0,2,0,0,3,0,4,1,0,0,1,0,0,0,32,0,0,0,0,0,0,4,0,0,0,0,0,0,0,0,0,0,0,0,0,1,1,0,0,0,0,0,0,0,0,0,0,0,0,0,0,0,2,0,0,0,3,19,0,0,0,0,0,0,0,9,0,0,0,2,87,0,0,0,0,8,0,0,12,0,0,0,23,0,0,1,0,0,1,0,0,0,0,0,0,0,0,0,0,0,0,0,0,0,0,0,0,0,0,0,0,0,0,0,0,0,0,0,0,0,1,2,9,0,0,55,1,0,1,0,5,4,0,7,2,0,0,69,0,0,0,0,0,0,0,0,0,3,0,55,2,2,0,0,1,0,1,1,1,0,0,0,1,0,0,0,1,0,0,0,0,0,4,0,0,4,0,0,1,0,0,0,35,0,0,0,1,0,1,0,0,0,0,0,0,0,0,0,1,0,0,0,0,0,0,1,0,0,0,0,0,0,0,0,0,0,0,0,0,0,2,0,1,0,0,0,0,0,0,0,0,0,0,0,0,0,0,0,0,0,0,0,0,0,0,2,0,0,1,0,4,1,24,0,1,4,5,2,0,1,0,2,0,0,0,0,0,1,0,0,0,0,0,4,0,14,0,7,0,0,0,0,0,0,6,0,0,1,0,2,0,2,0,0,1,0,0,0,0,0,0,0,6,0,0,0,0,0,0,0,0,0,0,0,0,1,0,0,0,2,0,0,0,1,0,0,0,0,2,0,0,0,0,0,0,0,0,0,0,0,0,0,0,0,0,0,0,0,0,0,0,0,0,0,0,0,0,0,0,2,0,1,3,0,2,0,0,0,0,0,0,0,3,0,0,0,0,0,0,0,0,0,4,0,0,0,9,3,0,1,0,2,0,1,0,0,0,0,6,3,0,193,0,1,8,5,0,5,102,0,3,1,2,0,0,3,0,31,0,0,0,0,0,4,81,1,1,0,1,1,0,1,18,0,0,0,0,0,1,5,7,0,0,0,0,0,0,0,0,0,0,0,7,0,0,1,0,0,0,2,0,0,0,0,0,2,0,5,0,0,0,0,0,0,1,0,0,1,0,0,0,0,0,0,0,0,1,0,0,0,0,0,0,1,0,0,0,0,0,0,0,0,0,0,6,13,1,15,2,1,0,1,2,0,0,0,1,1,3,4,24,1,0,0,1,0,0,9,0,0,0,0,0,0,0,0,0,83,1,12,6,0,9,3,3,0,1,2,3,0,0,0,0,1,0,0,0,0,3,5,5,1,0,0,0,0,0,0,0,0,0,0,0,20,0,0,4,0,0,0,6,0,0,3,0,0,0,2,0,0,0,0,0,2,3,3,0,0,0,0,0,0,0,0,0,0,0,0,6,12,0,0,0,0,0,25,1,0,0,1,0,0,0,0,4,1,0,0,0,8,0
2,1457,ESCOLA MUNICIPAL RAUL GELBECK,RUA ODACIR SCHILIPAK 359,SANTA CANDIDA,-25.37337604,-49.2416653,53,0,3305,2634,239,155,0,4,4,4,37,1,5,1,0,8,2,26,2,1,0,1,11,0,0,2,1,4,22,1,3,0,15,1,1,1,0,8,0,0,0,0,0,0,2,3,1,1,0,3,1,45,0,0,0,0,1,0,2,1,0,0,2,10,0,2,2,0,7,8,0,0,0,0,0,0,0,1,137,0,0,1,0,2,0,2,0,0,0,0,2,0,1,0,0,0,0,0,0,1,1,2,0,0,1,3,0,3,0,0,0,6,0,15,60,2,0,0,0,0,0,0,0,0,0,0,2,53,0,0,0,0,0,0,1,0,0,0,43,0,0,0,0,1,0,0,0,0,7,0,2,0,0,3,0,0,0,1,0,0,0,3,4,0,4,0,0,0,28,0,0,0,1,2,0,0,0,0,65,1,22,6,1,2,0,39,1,7,0,2,0,0,0,3,1,0,1,0,1,2,0,0,1,34,0,0,1,0,3,0,0,0,0,0,0,0,2,0,0,0,0,0,0,0,0,0,0,5,0,1,0,0,0,0,0,0,0,0,0,2,3,0,0,0,0,0,0,0,0,0,0,1,1,0,1,0,0,0,0,0,0,0,0,2,0,0,53,0,0,0,0,0,9,0,0,1,1,0,1,0,5,1,7,0,1,0,0,0,0,0,16,0,0,0,0,0,0,3,0,0,0,0,0,0,0,0,0,0,0,1,0,0,1,0,2,0,0,0,0,0,0,0,0,0,1,0,0,0,0,0,0,0,1,0,0,0,0,1,0,0,0,15,3,0,2,0,59,0,0,0,0,18,0,0,6,0,0,0,22,1,0,1,1,0,0,0,1,0,0,0,0,0,0,0,0,0,0,0,0,0,0,1,0,0,0,0,0,0,0,0,0,0,0,0,0,1,2,0,6,0,0,41,0,1,2,0,23,5,0,2,3,1,1,63,0,1,0,0,0,0,0,1,0,1,1,68,0,3,4,0,0,0,0,0,0,0,0,0,3,0,1,0,0,0,0,1,0,0,5,0,1,2,0,3,0,1,0,0,22,0,0,0,2,0,1,0,0,0,2,0,0,0,0,0,0,0,0,0,0,0,0,0,4,0,0,0,0,0,0,0,0,0,0,0,0,0,0,0,0,0,0,0,0,0,0,0,0,0,0,0,0,0,0,0,0,0,1,0,0,0,0,0,3,0,1,0,1,1,19,0,2,1,13,2,0,0,0,0,0,0,0,0,0,0,0,0,0,0,0,2,0,6,0,0,0,4,0,0,0,0,1,0,0,7,2,3,0,5,0,0,4,0,3,0,1,0,0,0,6,0,0,0,0,0,0,0,0,0,0,0,0,0,0,0,0,0,1,0,0,1,0,0,0,0,0,0,0,0,0,0,0,0,0,0,0,1,0,0,0,0,0,0,0,0,4,0,0,0,0,0,1,0,0,1,0,0,2,0,1,0,1,0,0,0,0,0,0,2,7,0,0,0,0,1,5,0,0,1,0,0,0,0,8,12,0,0,0,18,0,1,0,0,0,0,0,1,0,8,0,0,5,1,5,0,99,0,0,0,0,3,0,9,1,35,0,0,4,0,0,4,105,0,0,1,1,0,0,0,28,1,0,0,0,0,0,2,4,0,0,2,0,0,1,0,2,0,0,1,6,0,1,0,1,0,0,2,0,0,0,0,0,0,0,5,0,0,0,0,0,0,0,0,1,0,0,0,0,0,0,0,0,0,0,0,0,0,0,0,0,0,0,0,1,0,2,0,0,0,0,1,1,9,0,16,0,2,0,0,2,0,0,0,1,7,12,21,22,11,0,0,0,0,0,8,1,0,0,0,0,0,0,0,0,119,3,5,9,0,3,6,0,0,1,0,4,0,0,1,0,0,0,0,0,0,4,4,2,1,0,1,0,0,0,0,0,0,0,0,0,14,0,0,0,0,1,0,0,0,0,8,0,0,2,3,0,0,2,0,0,0,3,1,0,0,1,0,0,0,0,2,0,0,0,0,12,9,0,0,3,0,0,11,1,0,0,0,0,0,0,0,8,1,0,0,0,7,0
2,1465,ESCOLA ESTADUAL SANTA CANDIDA,RUA THEODORO MAKIOLKA  155,SANTA CANDIDA,-25.37399365,-49.22445673,53,0,7781,6401,543,300,0,5,11,23,118,4,12,0,1,21,0,67,4,0,0,0,30,1,3,1,6,5,28,13,4,1,42,2,1,3,0,29,0,0,0,0,0,3,3,0,9,6,0,0,2,97,5,0,0,0,0,0,1,9,0,0,3,44,0,2,0,0,17,22,0,3,0,0,0,1,0,2,240,0,0,0,1,5,2,1,0,0,0,1,0,1,10,1,0,0,0,0,0,1,5,0,1,0,1,19,0,25,1,4,1,6,0,43,85,3,0,0,0,0,1,0,0,0,0,2,6,27,0,0,3,1,0,0,3,0,0,2,163,0,1,0,2,0,0,0,0,0,9,1,8,0,0,14,0,1,0,1,0,0,1,6,12,0,19,1,0,0,41,1,0,2,3,1,2,4,1,0,172,6,120,12,7,3,0,93,3,14,0,1,1,2,2,3,0,0,0,0,2,5,1,3,0,83,0,0,0,0,4,0,0,0,0,3,1,0,1,0,1,0,0,0,0,0,1,0,0,10,0,0,1,0,0,0,2,0,3,0,2,0,1,0,0,2,0,0,0,0,0,0,0,2,0,0,0,0,0,1,0,0,3,1,0,2,0,0,65,0,0,4,0,0,1,0,0,1,0,3,2,0,11,1,19,0,0,0,1,0,0,0,88,0,0,0,0,0,0,3,1,0,0,0,0,0,0,0,0,0,0,0,0,1,3,1,0,1,0,0,0,0,0,0,0,0,0,0,0,0,3,0,0,1,7,1,2,2,0,0,0,0,0,39,0,0,0,0,194,0,0,0,0,40,0,0,28,1,2,0,110,5,0,1,0,1,0,2,0,0,0,0,0,0,0,0,1,0,0,0,0,0,0,0,0,0,0,0,0,0,0,0,0,1,0,0,0,0,9,3,25,2,0,107,0,1,8,0,21,4,0,5,2,1,0,123,4,2,0,6,1,1,0,0,2,5,0,134,1,3,2,1,0,1,0,0,0,0,1,0,2,0,2,0,1,0,2,0,0,2,2,0,0,10,0,3,1,0,0,0,66,1,1,0,5,0,2,0,0,0,6,0,0,0,0,0,0,0,0,0,0,0,0,0,3,0,1,0,0,0,3,0,0,0,0,0,0,0,4,0,0,2,0,0,0,0,0,0,0,2,1,0,0,0,0,0,0,0,0,2,0,0,2,6,3,2,1,2,7,3,51,0,9,0,44,0,0,0,0,0,1,0,0,0,0,5,1,0,0,0,1,3,1,155,1,12,1,1,0,0,0,2,4,0,2,12,4,15,0,8,0,1,0,0,5,0,0,0,0,0,26,0,0,1,0,0,0,0,0,0,0,0,0,0,0,0,0,1,0,0,0,2,0,0,2,0,0,0,0,0,0,4,0,1,0,0,0,1,0,0,0,0,0,0,0,0,1,0,0,0,1,2,4,0,0,2,0,6,1,0,7,0,2,0,1,0,0,0,0,1,4,0,0,1,0,2,1,8,0,0,2,0,0,0,38,21,0,0,1,26,0,2,1,1,0,0,5,14,5,80,0,0,3,4,8,16,214,0,4,0,7,6,0,20,0,94,0,1,3,0,0,17,206,2,2,1,1,0,0,0,125,0,0,0,3,0,1,4,8,2,0,9,1,0,2,1,0,2,3,1,3,0,1,0,0,0,2,1,0,2,0,0,0,3,0,11,1,0,0,0,0,0,0,0,2,0,0,0,0,2,0,0,4,0,3,0,0,2,0,0,1,2,3,1,0,0,0,0,2,0,0,1,18,27,4,29,2,3,0,3,4,2,3,0,1,6,20,9,50,4,0,1,1,0,0,22,0,0,6,0,0,0,0,0,5,283,3,5,15,0,17,6,12,0,11,2,9,1,0,4,0,0,0,4,1,0,0,4,5,9,2,1,0,0,0,1,0,0,0,1,5,39,0,0,0,0,1,0,0,0,0,18,0,0,0,2,1,0,0,0,1,0,10,2,0,1,0,0,0,0,1,0,0,4,0,0,12,26,0,0,0,0,0,57,6,0,1,0,0,0,0,0,3,5,0,0,0,6,0
2,1503,COLEGIO ESTADUAL CECILIA MEIRELES,RUA PEDRO ELOY DE SOUZA  1700,BAIRRO ALTO,-25.42496838,-49.20393852,36,0,9487,7596,609,355,0,9,10,17,108,5,5,0,0,32,1,72,4,0,1,0,26,1,1,2,5,11,30,5,8,0,32,0,22,7,3,36,1,0,1,0,0,2,7,6,15,18,0,3,0,109,21,1,0,0,2,0,3,9,0,2,7,35,0,3,3,0,3,15,5,6,0,0,0,1,1,4,203,0,0,0,0,8,0,4,0,0,0,4,4,3,22,1,0,0,2,0,2,1,17,0,0,1,0,13,0,29,0,3,0,12,0,36,59,2,0,0,0,0,4,0,0,2,0,1,4,15,0,0,0,0,1,2,27,2,2,22,193,0,1,1,3,0,0,3,0,0,9,0,3,0,0,0,1,3,0,3,0,3,1,18,11,0,24,1,0,0,53,1,2,1,1,1,0,5,0,0,188,5,101,13,4,7,1,159,7,10,0,0,7,2,1,1,31,0,0,1,4,2,2,1,5,93,0,1,0,0,4,0,0,0,4,0,0,0,1,1,5,0,1,0,0,0,0,0,0,5,0,0,1,0,0,2,6,0,16,0,0,1,1,0,0,0,0,0,0,1,0,4,0,2,3,0,0,0,1,0,0,0,0,0,0,1,2,2,53,0,1,1,0,0,1,0,1,4,1,4,1,0,6,4,10,0,0,0,0,0,0,0,28,1,0,0,0,0,1,6,1,0,3,0,0,0,0,1,4,0,0,0,0,1,15,0,0,0,0,0,0,0,1,2,0,0,0,0,0,0,1,1,0,0,4,1,0,0,0,0,0,0,0,50,0,0,0,0,122,0,0,0,0,137,0,1,28,1,0,0,127,1,1,0,0,1,1,0,0,0,0,0,0,0,0,2,0,0,0,0,0,1,0,0,0,0,0,0,0,1,0,0,0,0,0,1,0,2,6,7,32,0,0,194,1,0,6,11,13,5,0,15,2,1,0,154,2,2,3,11,1,0,0,0,0,9,0,107,0,6,3,1,0,1,0,0,1,0,1,1,1,0,0,0,3,1,3,0,0,0,16,2,0,9,0,5,4,1,0,0,61,0,0,0,2,0,3,0,1,0,0,1,0,0,0,0,0,0,0,0,0,0,0,0,4,0,1,0,0,0,1,0,0,0,0,0,0,1,7,0,0,0,0,0,0,2,0,0,1,8,0,0,0,0,0,0,0,0,0,1,0,4,5,2,2,1,3,4,3,0,54,0,8,5,21,4,0,0,0,2,0,0,1,0,0,0,0,2,0,0,3,0,0,3,0,0,2,7,6,2,0,2,0,0,0,56,6,8,1,19,0,0,14,0,1,0,1,0,0,0,3,0,2,5,0,0,0,0,0,0,1,0,0,0,0,0,0,0,4,0,0,3,1,0,2,0,0,0,0,0,0,1,0,2,0,0,0,0,0,0,0,0,1,0,3,1,37,0,0,0,0,0,4,0,1,6,0,1,2,2,5,0,6,0,0,0,0,0,0,2,4,0,0,0,1,1,0,4,0,0,7,4,1,2,42,7,1,0,1,30,0,0,0,0,0,0,1,10,3,15,0,2,4,17,8,4,229,0,2,1,3,3,0,22,2,85,0,0,2,1,0,14,221,3,3,0,0,0,0,0,56,0,0,0,1,1,0,3,15,1,0,3,1,0,0,0,0,0,0,3,1,0,0,1,3,0,0,5,4,0,0,1,0,1,3,9,4,0,0,7,0,0,0,0,0,1,0,0,0,0,0,0,1,0,2,0,0,0,0,0,0,8,0,0,0,0,0,0,0,0,3,0,6,22,5,23,11,5,0,1,1,2,2,0,3,21,20,9,45,7,2,3,0,1,0,118,0,0,3,0,0,0,0,0,2,331,12,12,17,0,15,6,10,2,9,2,12,7,5,0,0,0,1,2,0,0,4,1,7,1,0,0,0,0,8,9,0,0,0,0,13,668,0,4,6,0,3,0,3,0,0,45,0,0,0,18,0,0,0,0,1,0,6,0,0,0,0,0,2,0,0,0,0,16,0,0,9,51,0,0,1,0,0,67,0,0,0,2,0,0,0,0,8,4,0,0,0,9,0
2,1511,ESCOLA ESTADUAL DONA BRANCA DO NASCIMENTO MIRANDA,R JORGE BONN 460 VILA TINGUI,TINGUI,-25.39210065,-49.21984325,54,0,3959,3305,210,129,0,2,4,14,38,1,3,1,0,13,0,15,3,0,0,0,24,0,2,0,3,6,21,5,3,0,4,0,0,0,0,22,0,0,0,0,0,2,4,0,12,2,0,4,0,22,5,0,0,0,2,0,1,8,0,0,4,18,0,1,6,1,2,4,2,2,0,0,0,0,0,5,92,1,0,0,0,1,0,1,0,0,0,1,5,0,12,0,0,0,2,0,0,2,5,0,0,0,0,14,0,22,0,0,1,1,0,16,40,1,0,0,0,0,0,0,0,0,0,0,2,4,0,0,2,0,1,0,6,5,2,1,117,0,0,0,1,0,0,0,0,5,3,0,0,0,0,19,0,0,0,0,0,0,0,1,3,0,5,0,0,0,23,2,0,1,1,1,0,2,2,0,86,3,54,7,2,2,0,60,1,8,0,0,1,1,1,4,2,0,0,0,0,1,0,2,2,32,0,0,0,0,2,0,0,0,0,1,0,0,0,0,1,0,0,0,0,0,0,0,0,1,0,0,4,0,0,0,1,0,1,0,0,1,0,0,0,0,0,0,0,0,0,0,0,0,0,0,0,0,0,0,0,0,2,0,2,2,0,0,24,0,0,0,0,0,1,0,0,3,0,0,0,0,2,1,7,0,1,0,0,0,0,0,22,0,0,0,0,1,0,4,1,0,0,0,0,0,0,0,0,0,0,0,0,0,0,0,0,0,0,0,0,0,0,1,0,0,0,0,0,0,0,0,0,2,6,0,0,0,0,0,0,0,0,42,0,0,0,0,81,0,0,0,0,17,0,0,5,0,0,0,86,0,0,0,0,0,1,0,0,0,0,0,0,0,0,0,0,0,0,0,0,0,0,0,0,0,0,0,0,0,0,0,0,0,0,1,0,0,5,8,19,1,0,78,0,0,0,8,22,5,0,2,3,0,0,73,1,0,1,6,3,0,0,0,0,3,0,55,1,4,0,0,0,0,0,0,0,0,5,0,3,0,1,0,1,0,0,0,0,1,8,0,0,1,0,1,4,0,0,0,46,0,0,0,3,0,2,0,0,0,2,0,0,0,0,0,0,0,0,0,0,0,0,0,2,0,0,0,0,0,0,0,0,0,0,0,0,0,0,0,0,0,0,0,0,0,0,0,0,1,0,0,0,0,0,0,0,0,0,0,0,0,2,3,1,0,1,3,8,1,28,0,0,2,31,0,2,0,0,0,1,0,0,0,0,0,1,2,0,0,0,0,0,7,0,1,0,0,0,3,1,0,13,0,2,11,0,3,0,6,0,1,0,0,3,0,0,0,0,0,4,0,0,5,0,0,0,0,0,0,0,0,0,0,0,0,0,0,0,0,0,0,0,0,0,0,0,0,0,0,0,7,0,0,0,0,0,0,0,0,0,0,0,0,0,0,2,0,0,0,0,0,2,0,1,2,0,1,0,0,4,0,7,0,0,0,0,0,1,1,5,0,0,0,0,1,2,2,0,0,73,0,1,0,25,5,0,2,2,29,1,0,0,0,0,0,0,11,0,2,0,0,9,11,4,3,97,0,8,2,2,2,0,13,1,66,0,0,1,0,0,14,83,0,0,0,0,0,0,0,90,0,0,0,0,0,0,0,7,3,0,6,0,0,1,0,0,0,1,1,0,0,0,0,2,0,2,0,0,1,1,0,0,0,2,9,0,0,0,0,0,3,0,0,1,0,0,0,0,0,0,0,2,0,0,0,0,0,0,0,1,5,0,0,0,0,1,0,0,0,0,0,8,9,1,11,3,2,0,0,0,1,0,0,3,7,2,1,31,6,0,1,0,0,3,13,0,0,1,0,3,0,0,0,0,210,1,3,13,4,6,2,8,0,3,0,4,2,0,4,0,0,0,0,0,0,2,2,4,3,3,1,0,0,0,1,0,0,0,0,0,34,0,1,0,0,0,0,0,0,1,6,0,0,3,7,0,0,0,0,0,0,0,0,0,0,0,0,0,0,0,1,0,1,0,0,4,10,0,0,0,0,0,28,4,0,0,0,0,0,0,0,0,0,0,0,0,2,0
2,1520,ESCOLA ESTADUAL MARIA MONTESSORI,R GUILHERME IHLENFELDT 980  VILA TINGUI,TINGUI,-25.38377993,-49.22941911,54,0,5163,4147,305,181,0,3,5,12,62,2,3,0,0,14,2,59,5,0,0,0,18,0,3,1,2,2,20,2,6,1,21,1,3,0,0,43,3,0,0,0,1,3,3,1,4,3,0,0,5,68,3,1,0,0,9,0,3,4,0,0,1,14,0,3,3,0,3,7,0,0,0,0,0,1,0,5,124,0,1,0,0,11,0,0,0,0,0,3,0,0,8,0,0,0,0,0,2,0,4,0,0,0,0,9,0,18,0,0,1,3,0,23,57,0,0,0,0,0,4,0,0,1,0,0,3,8,0,0,0,0,7,1,10,3,2,0,140,1,0,1,1,0,0,0,2,3,5,0,1,0,0,26,1,1,0,1,1,0,1,2,7,0,8,0,0,0,32,0,0,1,4,0,0,2,0,0,112,9,67,6,2,0,0,67,3,11,0,2,0,0,1,5,1,0,0,0,2,1,1,1,6,56,0,0,0,0,4,0,0,1,0,3,0,0,3,1,0,0,0,0,0,0,0,0,0,2,0,1,1,0,0,0,2,0,1,0,0,0,0,0,0,0,0,1,0,1,0,2,0,0,0,2,2,0,0,0,0,0,7,0,0,0,1,0,30,0,0,1,0,0,1,0,0,0,0,0,0,0,1,1,10,0,1,1,0,0,0,0,33,0,0,0,0,0,0,2,0,0,0,0,0,0,0,0,0,0,0,0,0,0,0,1,0,2,0,0,0,0,1,0,0,0,0,0,0,0,0,0,0,0,6,3,0,1,0,0,0,0,0,23,0,0,0,0,96,0,0,0,0,27,0,0,10,0,0,0,92,2,0,0,0,2,0,0,0,2,2,1,0,0,0,0,0,0,0,0,0,1,0,0,0,0,0,0,0,0,0,0,0,0,0,0,0,0,1,4,24,0,0,98,1,0,11,0,21,2,0,8,5,0,4,63,0,0,3,3,0,1,1,0,0,2,0,121,0,1,2,0,0,0,0,0,0,0,0,0,3,0,1,0,1,0,1,0,0,0,7,0,0,2,0,3,2,0,0,0,45,3,2,0,4,0,1,0,0,0,0,0,0,0,0,0,2,0,0,0,0,0,0,0,2,0,1,0,0,0,0,1,0,0,0,0,0,0,0,0,0,0,0,0,0,0,0,0,0,1,0,0,0,0,0,0,0,0,0,0,0,1,3,5,0,0,2,5,3,0,51,0,7,4,21,5,0,0,0,0,0,0,0,3,0,0,0,0,0,2,1,1,0,8,0,6,1,0,0,0,0,0,5,0,2,8,1,8,0,3,0,1,4,0,3,0,0,0,0,0,8,0,0,0,0,0,0,0,0,0,0,0,0,0,0,0,0,1,0,0,0,0,0,0,0,0,1,0,0,0,0,0,0,0,1,0,0,0,0,0,0,0,0,0,0,0,0,0,1,0,0,0,2,0,0,3,0,2,1,0,6,0,0,0,0,0,0,0,0,2,2,0,0,0,0,3,1,7,0,3,2,1,0,0,24,11,0,2,2,39,0,2,1,0,0,0,1,3,0,12,1,0,3,13,4,8,93,0,5,1,2,3,0,19,1,54,0,0,4,0,0,20,158,0,3,0,0,1,0,0,43,0,0,0,0,0,0,0,5,4,0,14,0,0,2,0,0,1,0,1,3,0,0,0,1,0,1,3,1,2,1,0,0,0,3,7,1,0,0,2,0,0,3,0,0,0,0,0,0,0,0,0,0,0,0,0,0,1,0,1,0,1,0,0,0,0,0,0,5,0,3,0,14,7,1,26,6,4,0,0,6,0,0,0,5,6,15,9,26,8,0,0,0,1,0,15,0,0,3,0,2,0,3,0,3,272,7,10,13,2,10,6,3,0,6,0,1,5,0,0,0,0,0,4,0,0,1,3,5,3,2,0,0,0,1,1,0,0,0,0,4,32,0,0,0,0,1,0,1,2,0,4,0,0,3,3,0,0,0,0,0,0,10,0,0,0,0,1,0,0,0,0,0,1,0,1,16,12,0,0,0,0,0,41,1,0,0,3,0,0,0,0,1,7,1,0,0,10,0
2,1538,SALAO DA IGREJA DE SANTA CANDIDA,RUA PADRE JOAO WILINSKI 755,SANTA CANDIDA,-25.37399302,-49.22427552,53,0,4180,3385,267,166,0,1,5,10,74,0,2,0,3,11,0,33,1,0,0,0,25,2,2,3,4,4,24,3,0,0,25,0,1,0,0,21,0,0,0,0,0,4,5,2,7,1,0,0,1,52,1,1,1,0,0,0,1,3,0,0,0,15,0,2,1,1,5,14,1,1,0,0,1,0,0,1,103,0,0,1,1,4,1,4,0,0,0,3,0,1,8,0,0,0,0,0,0,1,3,1,0,0,0,20,0,30,0,2,1,1,1,19,37,2,0,0,0,0,2,0,0,0,0,2,4,6,1,0,0,0,0,0,2,0,0,1,97,1,0,0,0,1,0,0,0,0,7,0,3,0,0,3,1,2,0,0,0,0,1,3,3,0,9,0,0,0,27,0,0,1,2,1,0,0,0,0,86,4,58,6,4,1,0,57,4,3,0,0,1,0,1,6,1,0,0,0,2,0,0,0,1,53,0,0,0,0,0,0,0,0,0,0,0,1,0,1,2,0,1,0,0,0,2,0,0,9,0,0,4,0,0,0,3,0,3,0,0,0,2,0,0,0,1,0,0,0,0,1,0,0,2,0,0,0,0,0,0,0,1,0,1,0,0,0,23,0,0,0,0,0,0,0,0,2,0,1,1,0,4,0,12,0,0,0,2,0,0,0,46,0,0,0,0,0,0,2,1,0,0,0,0,0,0,1,1,0,0,0,0,0,0,2,0,0,0,0,0,0,1,1,0,0,0,0,0,0,0,0,0,0,2,2,0,0,0,0,1,1,0,27,1,0,0,0,87,0,0,0,0,17,1,0,13,0,0,0,54,6,0,1,1,1,0,1,0,0,0,0,0,0,0,0,0,0,0,1,0,0,0,0,0,0,0,0,0,0,0,0,0,0,0,0,0,0,9,1,18,0,2,59,0,0,0,1,12,3,0,4,2,0,0,64,0,1,0,3,0,0,0,1,0,1,2,69,0,0,2,0,0,0,0,0,0,0,2,0,0,0,0,1,0,0,0,0,0,0,2,0,0,4,0,0,1,0,0,0,40,0,0,0,4,0,1,0,0,0,3,0,0,0,0,0,0,0,0,0,0,0,0,0,1,0,1,0,0,0,0,0,1,0,0,0,0,0,1,0,0,0,0,0,0,0,0,0,0,1,0,0,0,0,0,0,0,0,0,0,0,0,2,4,4,1,2,5,15,0,30,0,1,0,15,1,0,0,0,1,0,0,0,0,0,4,0,0,0,0,0,0,1,52,0,8,0,3,0,0,0,0,4,0,4,10,2,2,0,6,0,0,2,0,2,0,0,0,0,0,9,0,0,0,0,0,0,0,0,0,0,0,0,0,0,0,0,0,0,0,0,0,0,0,0,1,0,0,0,0,0,2,0,0,0,1,0,0,0,0,0,0,0,1,0,0,2,0,0,1,0,2,1,0,0,4,0,3,1,0,2,0,1,0,0,0,0,1,0,2,2,0,0,0,0,2,2,3,0,0,2,1,0,0,22,6,2,0,0,11,0,3,0,0,0,0,2,12,2,36,0,0,4,2,1,10,92,0,1,0,4,3,0,13,0,44,0,1,0,1,0,18,113,4,2,1,1,1,0,0,49,1,0,1,0,0,1,2,4,0,0,4,0,0,0,0,0,0,0,0,0,0,0,0,2,1,0,0,0,0,0,0,0,4,0,3,3,0,0,1,0,0,0,1,1,0,2,0,0,1,0,0,3,0,0,0,0,1,1,3,0,2,0,0,0,0,0,0,1,0,0,0,8,12,7,15,2,0,2,1,2,1,1,0,2,8,13,10,19,2,1,0,0,1,0,14,1,0,2,0,0,0,0,0,5,174,1,3,16,2,6,1,5,0,1,5,1,0,0,0,0,0,0,3,0,0,0,2,5,3,0,0,0,0,0,3,0,0,0,2,0,23,0,0,0,0,1,0,0,0,0,2,0,0,2,8,0,0,1,1,0,0,8,0,0,0,0,1,0,1,0,0,0,0,0,0,4,13,0,0,0,0,0,23,10,0,0,0,0,1,0,0,2,0,0,0,0,3,0
2,1546,GRUPO DE ESCOTEIROS SAO LUIZ DE GONZAGA,RUA OSORIO DUQUE ESTRADA 560,JARDIM SOCIAL,-25.4155791,-49.23394586,18,0,1186,1001,43,19,0,0,1,4,11,0,0,0,0,2,1,18,0,0,0,0,15,0,0,0,3,1,2,3,0,0,7,0,0,0,0,4,1,0,0,0,0,1,1,0,1,1,0,0,0,1,0,0,0,2,0,0,1,6,0,0,0,0,0,0,3,0,0,16,0,0,0,0,0,2,0,1,9,0,0,0,0,2,0,0,0,0,0,0,0,0,4,2,0,0,0,0,0,0,0,0,0,0,0,5,0,11,0,0,0,0,0,9,1,2,0,0,0,0,0,0,0,0,0,0,0,1,0,0,0,0,0,0,3,0,0,1,51,0,0,0,0,0,0,1,0,1,1,0,1,0,0,0,0,0,0,0,0,0,0,0,7,0,0,1,0,0,5,0,0,0,2,0,0,0,0,0,29,0,10,3,1,0,0,19,1,1,0,0,0,1,0,1,0,0,0,0,0,0,0,0,0,19,0,0,0,0,0,0,0,0,0,0,0,0,0,1,0,0,0,0,0,0,0,0,0,1,0,0,0,0,0,0,0,0,0,0,0,0,0,0,0,0,0,0,0,0,0,0,0,0,1,0,0,0,0,0,0,0,0,0,0,0,0,0,2,0,0,0,0,0,0,0,0,0,0,0,0,0,2,2,5,0,0,0,0,0,0,0,0,0,0,0,0,0,0,1,0,0,0,0,0,0,0,0,0,0,0,0,0,0,0,0,0,1,0,0,0,0,0,3,0,0,0,0,0,0,0,0,0,0,1,0,0,0,0,0,0,0,0,18,0,1,0,0,26,0,0,0,0,15,0,0,0,0,0,0,33,5,0,0,0,0,0,1,0,0,0,0,0,1,0,0,0,0,0,0,0,0,0,0,0,0,0,0,0,0,0,0,0,0,0,0,0,0,7,0,16,0,0,34,1,0,4,0,3,7,0,2,1,0,0,6,1,0,0,1,0,0,0,0,0,1,0,5,0,2,2,0,0,0,0,0,0,0,0,0,6,2,0,0,0,0,0,0,0,0,5,0,0,0,0,0,0,0,0,0,8,0,1,0,1,0,0,0,0,0,1,0,0,0,0,0,0,1,0,0,0,0,0,0,1,0,0,0,0,0,0,0,0,0,0,0,0,0,4,0,0,0,0,0,0,0,0,0,0,0,0,0,0,0,0,0,0,0,0,0,0,0,1,0,0,0,1,1,2,0,25,0,3,0,40,4,0,0,0,6,0,0,0,0,0,0,0,1,0,0,1,0,0,0,0,0,0,0,1,0,0,0,0,0,0,0,0,1,0,1,0,0,1,0,1,0,0,0,0,0,1,0,0,5,0,0,0,0,0,0,0,0,0,0,0,0,0,0,0,0,0,0,0,0,0,0,0,0,0,0,0,2,0,0,0,0,0,0,0,0,0,0,0,0,0,0,1,0,0,0,0,0,0,0,0,0,0,0,0,0,0,0,0,0,0,0,0,0,0,0,1,0,0,0,0,4,1,0,0,0,0,0,0,0,17,2,0,0,0,15,1,0,0,0,0,0,0,2,0,1,0,0,2,2,2,0,11,0,0,0,0,1,0,5,0,12,0,0,0,0,0,0,49,0,0,1,0,0,0,0,3,0,0,0,1,0,0,0,2,0,0,3,0,0,0,0,0,0,0,0,0,0,0,0,0,0,0,0,0,0,0,0,0,0,0,2,2,0,0,1,0,0,1,0,0,0,0,0,0,0,0,0,0,0,0,0,0,0,0,0,0,1,0,0,0,0,0,0,0,0,0,0,1,1,0,0,0,0,0,0,0,0,3,0,4,0,3,3,15,3,0,0,0,0,0,2,0,0,2,0,3,0,0,0,0,54,2,2,4,0,4,0,10,0,5,1,0,0,0,0,0,0,1,0,0,0,1,0,0,1,0,0,0,0,0,0,0,0,0,0,0,6,0,0,0,0,1,0,0,0,0,0,0,0,0,0,0,0,0,0,0,0,2,0,0,0,0,0,1,0,0,0,0,0,0,2,1,0,0,0,0,0,0,0,0,0,0,0,0,0,0,0,0,0,0,0,0,0,0
2,1570,CEI CURITIBA ANO 300,RUA JORNALISTA ALCEU CHICHORRO 180,BAIRRO ALTO,-25.41441618,-49.20623962,36,0,2731,2257,162,107,0,3,5,7,38,2,1,0,1,8,0,21,1,1,0,0,8,0,0,0,5,0,8,3,0,1,16,1,3,0,0,17,0,0,0,0,0,1,2,0,4,4,0,0,0,52,5,1,1,1,0,0,1,0,0,0,3,10,0,0,4,0,0,1,3,0,0,0,0,1,0,2,49,0,0,0,0,0,0,2,1,0,0,2,0,1,5,0,0,1,1,0,0,0,6,0,0,0,0,9,0,11,0,0,0,3,0,8,10,0,0,0,0,0,0,0,0,0,0,0,0,1,0,0,0,0,0,0,2,1,0,3,77,1,0,0,1,0,0,0,0,0,3,0,1,0,0,0,0,0,0,0,0,0,0,8,2,0,11,0,0,0,15,0,1,0,2,1,0,2,0,0,62,3,60,3,3,1,0,55,2,6,0,0,0,2,1,1,0,0,0,1,0,1,1,0,0,40,0,0,0,0,2,0,0,0,0,0,0,0,0,0,0,0,0,0,0,0,0,0,0,2,0,0,0,0,0,0,0,0,7,0,1,0,0,0,1,0,0,0,2,0,0,0,0,0,0,0,0,0,0,0,0,0,0,0,0,0,0,0,20,0,0,0,0,0,0,0,3,0,0,0,0,0,0,0,2,0,0,0,0,0,0,0,7,0,0,0,0,0,0,2,0,0,0,0,0,0,0,2,2,0,0,0,0,1,1,0,0,0,2,0,0,0,0,0,0,0,0,0,0,1,0,0,0,0,4,0,0,0,0,0,0,0,0,11,0,0,0,0,46,0,0,0,0,27,0,0,6,0,1,0,49,4,0,0,0,0,0,1,0,0,0,1,1,0,0,1,1,0,0,0,0,0,0,0,0,0,0,0,0,0,0,0,0,0,0,0,0,0,1,3,9,0,0,53,0,1,2,1,14,3,0,6,3,1,0,45,4,1,0,1,0,0,0,0,0,2,0,39,0,2,0,0,0,0,0,0,0,0,1,0,0,0,0,0,0,0,0,0,0,0,2,0,0,2,0,3,0,1,0,0,18,0,0,0,0,0,0,0,0,0,1,0,1,2,0,0,0,0,0,0,0,0,0,0,0,0,0,0,0,0,0,0,0,0,0,0,0,1,0,1,0,2,0,0,0,0,0,0,0,4,0,0,0,0,0,0,0,0,0,1,0,0,0,1,0,0,0,1,0,0,19,0,0,1,10,0,0,0,0,0,0,0,0,0,0,0,0,0,1,0,1,9,4,0,0,1,2,1,0,2,0,0,0,0,0,15,0,4,0,6,0,0,0,0,0,0,0,0,0,0,1,0,0,4,0,0,0,0,2,0,0,0,0,0,0,0,0,0,0,0,0,1,0,0,2,0,0,0,0,2,0,0,0,0,0,0,0,0,0,1,0,0,0,0,0,0,5,0,0,0,0,0,2,0,0,0,0,2,1,0,2,0,0,0,0,0,0,0,0,0,2,0,0,0,0,0,0,1,0,1,0,0,0,0,15,4,0,0,0,10,0,2,1,0,0,0,0,2,0,5,0,0,1,4,1,0,61,0,2,0,0,1,0,8,1,31,0,0,4,0,0,5,94,2,0,0,3,0,0,0,15,0,0,0,1,0,0,1,4,0,0,2,0,0,0,0,0,0,0,1,1,0,0,0,0,0,0,1,1,0,0,0,0,0,0,3,3,0,0,0,0,0,0,0,1,0,0,0,0,0,0,0,0,0,0,0,0,0,0,0,1,2,0,0,0,0,1,0,0,0,0,0,5,5,0,6,0,2,0,1,1,1,0,0,2,8,6,1,11,0,1,0,0,0,0,13,0,0,1,0,2,0,0,0,0,99,4,3,7,0,6,6,4,0,1,0,3,2,0,1,0,0,0,0,0,0,0,0,3,1,0,0,0,0,0,4,0,1,0,1,6,143,0,0,0,0,1,0,0,0,0,3,0,0,0,2,0,0,0,0,0,1,1,0,0,0,0,1,2,0,0,0,0,2,0,0,6,11,0,0,0,0,0,16,0,0,0,1,0,0,0,0,2,3,0,0,0,1,1
2,1589,ESCOLA MUNICIPAL ERASMO PILOTTO,RUA RIO JAPURA 648,ATUBA,-25.39452913,-49.20346469,55,0,4407,3661,305,152,0,3,6,9,56,6,7,0,0,8,1,42,0,0,0,0,5,0,0,0,9,1,18,2,1,1,24,1,5,1,0,13,1,0,0,0,0,1,7,1,23,1,0,2,0,51,9,1,0,0,1,0,7,3,0,2,0,25,0,3,6,0,2,9,0,6,0,0,0,0,3,3,92,0,0,1,0,2,1,1,1,0,0,1,4,0,11,0,0,0,0,0,0,5,0,6,0,0,0,17,0,27,0,3,0,1,0,9,23,4,0,0,0,0,2,0,0,0,0,1,1,6,0,0,1,0,5,0,7,0,0,0,113,0,0,0,2,0,0,0,0,0,5,0,2,0,0,1,0,0,0,2,0,0,0,5,2,0,27,0,0,0,10,0,0,0,6,0,0,2,0,0,85,2,54,7,4,1,0,43,2,4,0,0,0,0,1,1,5,0,0,0,0,2,1,0,0,32,0,0,1,0,3,0,0,0,0,1,0,0,0,0,0,0,0,0,0,0,0,0,0,11,0,0,5,0,0,0,0,1,4,0,0,0,3,0,0,0,0,0,0,0,0,0,0,1,1,0,0,0,0,1,0,0,0,0,0,0,0,0,28,0,0,0,0,0,0,0,0,3,0,3,2,0,4,0,11,0,0,0,0,0,0,0,24,0,0,0,0,0,0,2,2,0,0,0,0,0,0,0,0,0,0,0,0,0,2,0,0,1,0,0,0,0,0,0,0,0,0,0,0,0,0,0,0,0,0,0,0,0,0,0,0,0,1,19,3,1,0,0,88,0,0,0,0,29,0,0,11,1,1,1,44,0,0,2,0,0,0,0,0,0,0,0,0,0,0,0,0,0,0,0,0,0,0,0,0,0,0,0,0,0,0,0,0,0,0,0,0,0,6,2,21,0,0,88,2,0,11,1,17,4,0,6,7,0,1,87,1,2,0,5,1,0,0,1,0,3,0,104,0,1,1,0,2,0,0,0,0,0,0,0,5,0,0,0,0,1,0,0,0,0,5,0,2,6,0,4,0,1,0,0,33,0,0,0,6,0,0,0,0,0,0,0,1,0,1,0,0,0,0,0,1,0,0,0,4,0,0,0,0,1,0,0,1,0,0,0,0,1,3,1,0,0,0,0,0,0,0,0,1,3,0,0,0,0,0,0,0,0,0,0,0,0,2,4,0,4,1,2,1,0,21,0,4,0,15,0,0,0,0,0,0,0,0,0,0,0,0,1,0,1,0,0,1,6,0,0,0,4,0,0,0,1,2,0,1,22,3,3,0,5,0,0,7,0,1,0,0,0,0,0,7,0,0,4,0,0,0,0,0,0,0,0,0,0,0,0,0,1,0,1,0,0,0,0,0,0,0,0,0,0,0,2,0,0,0,0,0,0,0,0,0,0,1,0,0,0,2,0,0,0,1,0,1,0,2,4,0,2,1,0,1,0,0,0,0,0,0,0,0,3,4,0,1,0,0,4,0,8,0,0,44,0,0,0,13,7,0,1,0,13,0,0,2,2,0,0,0,7,0,4,0,1,2,7,2,2,144,0,6,0,4,2,0,21,1,46,0,0,2,0,2,9,90,3,1,0,0,0,1,0,58,0,1,0,0,0,0,1,4,0,0,0,0,0,0,0,0,0,1,1,1,0,0,0,1,0,0,1,1,0,1,0,1,0,1,7,0,0,0,1,0,1,0,0,2,0,0,0,0,0,0,0,0,0,0,0,0,0,0,0,0,7,0,0,0,0,0,0,0,0,0,0,8,3,3,8,9,10,1,0,5,1,0,0,3,3,8,1,20,7,1,0,0,0,0,28,1,0,3,0,0,0,0,0,0,261,10,9,12,2,7,5,5,0,0,1,2,3,1,0,0,0,0,4,0,0,0,0,4,5,0,0,0,0,1,8,0,0,2,0,10,128,0,0,0,0,0,0,1,0,0,8,0,0,0,2,0,0,0,0,0,0,3,0,0,0,0,0,0,0,0,0,0,1,0,0,10,30,0,0,2,0,0,29,1,0,0,0,0,0,0,0,3,0,0,0,0,9,1
2,1791,ESCOLA MUNICIPAL SANTA AGUEDA,"RUA JOSE ANTONIO LEPREVOST, 496",SANTA CANDIDA,-25.37673384,-49.23127177,53,0,2834,2379,185,130,0,3,3,11,35,0,0,1,1,10,1,29,1,0,0,0,10,0,0,0,5,5,19,2,3,1,10,0,0,0,1,5,0,0,0,0,0,0,4,0,4,2,0,0,1,43,0,1,1,0,0,0,3,6,0,0,0,14,0,3,0,0,5,6,0,0,0,0,0,0,0,0,71,0,0,0,0,3,0,2,0,0,0,2,1,0,3,0,0,0,0,0,0,0,1,0,0,0,0,9,0,26,0,0,0,0,0,12,29,2,0,0,0,0,1,0,0,0,0,1,2,10,0,0,0,0,1,0,0,1,0,1,73,0,0,0,0,0,0,0,0,0,6,0,2,0,0,5,0,0,0,4,0,0,1,1,5,1,1,1,0,0,17,0,0,6,0,0,1,2,0,0,55,3,44,4,2,0,0,39,0,1,0,0,0,0,1,1,0,0,0,1,0,0,0,1,2,36,0,0,0,0,0,0,0,0,0,0,0,0,1,0,0,0,0,0,0,0,0,0,0,1,0,0,1,0,0,0,1,0,2,0,2,0,2,0,0,0,0,0,0,0,0,1,0,0,0,0,1,0,0,0,0,0,0,0,0,0,0,0,21,0,0,1,0,0,0,0,0,6,0,0,0,0,1,2,10,0,0,0,0,0,0,0,29,0,0,0,0,0,0,2,1,0,0,0,0,0,0,0,0,0,0,0,0,1,0,0,0,0,0,0,0,0,0,0,0,0,0,0,0,0,0,0,0,0,1,0,2,0,0,0,0,0,0,21,1,0,0,0,60,0,0,0,0,18,1,0,9,0,0,0,39,2,0,1,0,0,0,0,0,0,0,0,0,0,0,0,0,0,0,0,0,0,0,0,0,0,0,0,0,0,0,0,0,0,0,0,0,0,2,2,9,0,0,33,0,0,5,2,21,0,1,1,4,0,0,43,0,0,0,2,0,0,0,0,1,0,1,35,1,0,1,0,0,0,0,0,0,0,0,0,1,0,1,0,0,0,0,1,0,0,2,0,2,1,0,0,0,0,0,0,23,0,0,0,2,0,1,0,0,0,0,0,0,0,0,0,1,0,0,0,0,2,0,0,4,0,3,0,0,0,0,0,0,0,0,0,0,0,1,0,0,0,0,0,0,0,0,0,0,1,0,0,1,0,0,0,0,0,0,0,0,0,1,2,0,0,0,2,0,2,12,0,2,1,14,1,0,0,0,1,0,0,0,1,0,0,0,2,0,0,0,0,0,9,0,0,1,1,1,0,0,0,4,0,1,7,0,4,0,3,0,0,0,0,0,0,0,0,0,0,7,0,0,0,0,0,0,0,0,0,0,0,0,0,0,0,0,0,0,0,0,0,0,0,2,0,0,0,0,0,0,3,0,0,0,0,0,0,0,0,0,0,0,0,0,0,0,0,0,0,0,0,2,0,0,0,0,0,1,0,0,0,0,0,0,0,0,0,0,4,0,0,0,0,0,0,0,1,0,0,2,0,0,0,14,7,0,3,1,8,0,0,0,0,0,0,0,7,0,14,0,0,1,6,3,5,75,0,1,1,1,2,0,8,1,37,1,0,2,0,0,11,108,0,1,1,0,0,0,0,30,0,0,0,0,0,0,1,5,0,0,2,0,0,1,0,0,0,0,0,5,1,1,0,1,0,0,3,0,0,0,0,0,0,1,4,0,1,0,0,0,0,0,0,0,0,0,0,0,0,0,0,0,0,3,0,0,1,0,0,1,2,0,0,0,0,0,0,3,0,0,0,8,8,2,7,1,1,0,0,19,0,0,0,5,3,6,4,20,4,0,0,1,3,0,17,1,0,1,0,0,0,0,0,0,141,3,2,4,1,1,3,5,0,2,1,1,2,0,0,0,0,0,2,0,0,3,9,2,6,0,0,0,0,0,0,0,1,0,0,0,21,0,0,0,0,0,0,0,0,0,6,0,0,1,1,0,0,0,0,0,0,3,0,0,0,0,0,0,0,0,0,0,0,0,0,6,13,0,0,0,0,0,28,0,0,0,1,0,0,0,0,2,1,0,0,0,7,0
2,1805,COLÉGIO PASSIONISTA N. S. MENINA,"RUA BOM JESUS, 881 - A",CABRAL,-25.41481835,-49.25088176,16,0,4227,3469,153,71,0,2,5,9,45,0,2,0,0,7,1,35,2,0,0,1,52,0,1,1,1,3,6,4,3,0,21,2,0,0,1,13,0,0,1,0,0,3,18,1,10,16,0,2,1,13,5,0,0,0,1,0,5,11,0,0,3,8,0,1,4,2,0,55,0,0,0,0,0,2,0,2,52,1,0,0,1,16,0,0,1,4,0,0,0,0,21,2,0,0,0,0,0,1,1,0,0,0,0,16,0,22,0,1,1,0,0,19,13,2,0,0,0,0,2,0,0,0,0,0,7,3,0,0,0,0,1,0,7,1,0,4,196,0,0,0,1,0,0,0,1,1,6,0,1,0,4,0,0,0,0,0,0,0,0,0,18,0,6,0,0,0,10,0,0,0,3,0,3,2,0,0,107,5,43,3,0,3,0,67,3,5,0,6,1,1,0,1,0,0,0,0,2,1,0,0,2,56,0,0,1,0,0,0,0,0,0,0,0,0,0,3,0,0,0,0,0,0,0,0,0,4,0,0,2,0,2,0,2,0,0,1,0,1,1,0,0,1,0,0,0,2,0,5,0,0,0,0,0,0,0,0,0,0,0,0,0,1,0,0,15,0,0,2,0,0,0,0,0,3,0,6,0,0,5,6,13,0,0,0,0,0,0,0,11,0,0,0,0,0,0,6,0,0,0,0,0,0,0,0,0,0,0,0,1,0,0,1,0,0,0,0,0,0,0,2,0,0,0,1,0,0,0,0,0,5,2,1,0,0,0,0,0,0,0,66,1,0,0,0,49,0,0,0,0,19,0,0,3,1,0,2,127,2,0,1,0,0,0,0,0,0,0,0,2,0,0,4,0,0,0,0,0,0,0,0,0,0,0,0,0,0,0,0,0,1,0,0,0,0,7,3,57,1,0,95,0,0,5,0,19,15,1,6,1,1,0,31,1,0,1,6,1,0,0,2,0,7,0,31,0,7,3,2,1,0,0,0,1,0,0,0,7,0,1,0,0,0,0,0,0,0,12,1,0,1,0,0,2,1,0,0,28,1,2,0,7,0,1,0,0,0,0,1,2,0,0,1,0,0,0,0,0,0,0,0,2,0,3,0,0,0,0,0,0,0,0,0,0,0,0,0,3,0,0,0,0,0,0,0,1,0,0,0,0,0,0,0,0,0,0,0,0,0,3,0,2,3,0,3,3,1,72,0,9,2,53,8,0,0,0,1,0,0,0,0,0,0,0,0,0,0,1,2,0,2,1,0,1,0,0,0,0,0,4,0,1,2,1,4,0,3,0,0,0,0,0,0,0,0,0,0,2,0,0,4,0,0,0,0,0,0,0,0,0,0,0,0,0,0,0,0,0,2,0,0,1,0,0,0,0,0,0,0,0,0,0,0,0,0,0,0,0,0,0,0,0,0,2,0,0,0,0,3,2,0,0,0,0,1,0,0,6,0,3,0,0,1,0,0,0,0,8,0,0,0,0,6,3,2,0,0,0,0,3,0,65,9,1,3,0,41,0,1,1,0,0,0,6,8,2,8,0,0,6,11,2,0,36,1,3,0,2,6,0,4,0,49,1,0,0,1,0,6,189,4,1,0,1,0,0,0,21,2,0,0,0,0,0,0,0,0,0,19,0,0,0,0,0,0,0,7,0,0,0,0,3,0,0,3,3,0,0,0,0,0,1,10,1,0,0,0,0,1,0,0,0,0,0,0,0,0,0,0,0,0,1,0,0,0,0,0,0,0,1,0,0,0,0,0,0,0,0,0,12,3,3,14,9,0,0,3,4,1,2,0,11,17,27,3,56,2,0,2,0,0,0,4,0,0,1,0,4,2,4,0,5,247,7,1,14,2,5,4,16,2,9,1,5,1,0,2,0,0,0,4,0,1,0,1,4,1,0,0,0,0,0,2,0,0,0,0,0,12,0,1,0,0,0,0,0,0,0,1,0,0,0,3,0,0,0,0,0,0,0,0,0,0,0,0,0,0,0,0,1,1,0,0,4,10,1,0,0,0,0,9,0,0,0,0,0,0,0,0,0,5,0,0,0,3,0
2,1880,ESCOLA ESTADUAL CRUZEIRO DO SUL,RUA BUDA 8,SANTA CANDIDA,-25.36718325,-49.21023656,53,0,2677,2127,220,100,0,2,3,5,31,1,5,1,0,11,0,15,1,0,2,1,5,0,4,0,2,3,14,3,0,1,11,0,0,0,0,7,0,0,0,0,0,0,2,2,9,5,0,1,1,24,3,0,3,0,1,0,0,5,0,0,0,38,1,0,2,3,2,2,0,0,0,0,0,0,0,1,68,0,0,2,0,0,0,0,0,0,0,2,0,0,3,0,0,0,0,0,5,0,0,0,0,0,0,7,0,11,0,0,0,1,0,5,29,1,0,0,0,0,0,0,0,0,0,1,1,3,0,1,1,0,0,0,0,0,1,0,36,0,2,0,0,0,0,0,1,1,0,0,2,0,0,0,0,0,0,0,0,0,0,0,2,0,6,0,0,1,6,0,0,0,1,2,0,3,0,0,49,2,41,4,0,0,0,30,1,3,1,0,0,0,0,2,3,0,1,3,1,0,0,3,3,22,0,0,0,0,1,3,0,0,0,1,0,0,0,0,0,0,0,0,0,0,0,0,0,7,0,0,1,0,0,0,1,0,0,0,0,0,0,0,0,0,1,0,0,1,0,0,0,1,0,1,0,0,0,0,0,0,0,2,0,0,1,0,27,0,0,0,0,0,0,0,0,1,0,1,0,0,4,0,10,0,0,0,0,0,0,0,32,0,0,0,0,0,0,1,0,0,0,0,0,0,0,0,0,0,0,0,0,0,1,0,0,0,0,0,0,0,0,0,0,0,0,0,0,0,0,0,0,0,1,0,2,0,0,0,1,0,0,4,0,0,0,0,44,0,0,0,0,7,0,0,4,0,2,0,26,1,0,0,0,0,0,0,0,0,0,0,0,0,0,0,0,0,0,0,0,0,0,0,0,0,0,0,0,0,0,0,0,0,0,0,0,0,2,0,3,0,0,33,0,0,2,1,12,3,0,2,1,0,0,39,5,0,0,1,0,0,0,1,0,1,0,41,0,2,0,1,0,0,0,0,0,0,0,0,0,0,0,0,0,0,0,0,0,0,3,0,0,5,0,1,0,0,0,0,15,0,0,0,1,0,0,0,0,0,0,0,0,0,0,0,0,0,0,0,0,0,0,0,0,0,0,0,0,0,2,0,0,0,0,0,0,0,0,0,0,0,0,0,0,0,0,0,0,0,0,0,0,0,0,0,0,0,0,2,0,0,0,0,0,1,0,0,0,0,18,0,1,0,8,0,0,0,0,0,0,0,2,0,0,0,0,0,0,0,0,1,0,171,0,44,0,0,0,0,0,0,1,0,1,15,2,6,0,4,0,1,1,0,0,0,0,0,0,0,12,0,0,0,0,0,0,0,0,0,1,0,0,0,0,0,0,0,0,0,0,0,0,0,0,0,0,0,0,0,1,0,0,0,0,0,0,0,0,0,0,0,0,0,0,0,2,0,0,0,0,0,0,0,0,0,0,0,0,0,1,0,3,0,0,0,0,0,0,0,0,0,0,0,0,0,0,2,0,0,0,0,0,0,8,2,0,1,1,6,0,0,0,0,0,0,0,1,0,12,0,0,0,2,1,3,66,0,2,0,0,2,1,0,0,31,0,0,3,0,0,13,69,1,0,0,2,0,0,0,18,0,1,0,0,0,0,1,1,0,0,1,0,0,0,0,0,0,0,0,2,0,0,0,1,0,1,0,0,0,0,0,0,1,1,2,4,0,0,1,0,0,0,0,0,0,0,0,0,0,0,0,0,0,4,0,0,0,0,0,0,0,0,0,0,0,1,0,2,0,0,0,5,8,1,8,3,4,1,0,2,1,2,0,0,4,1,0,14,0,0,0,0,0,0,1,0,0,1,0,1,0,0,0,0,84,0,2,10,0,5,3,2,0,2,0,1,1,0,0,0,0,0,0,0,0,0,1,6,0,0,3,0,0,0,1,0,0,0,0,1,15,0,0,1,0,0,0,0,0,0,4,0,0,0,4,0,0,0,0,0,0,13,0,0,1,0,0,0,0,0,0,1,5,0,0,1,9,0,0,0,0,0,23,6,0,0,0,0,0,0,0,0,1,0,0,0,0,0
2,1899,COLEGIO ESTADUAL PROFESSOR ALGACYR MUNHOZ MAEDER,"RUA SEBASTIAO ALVES FERREIRA, 1164",BAIRRO ALTO,-25.40423001,-49.206835,36,0,7565,6120,555,343,0,6,11,12,77,5,9,0,3,15,1,61,4,0,0,0,19,1,3,0,3,6,31,7,0,1,27,2,10,1,1,21,0,0,0,0,0,0,9,0,15,10,0,3,0,122,13,1,0,0,2,0,2,5,0,0,0,33,0,1,5,0,2,8,4,2,1,1,0,0,0,5,183,1,0,0,0,4,0,3,5,0,0,1,3,1,21,0,1,0,0,0,0,3,10,2,0,2,0,13,0,20,0,1,0,4,0,29,37,0,0,0,1,0,2,0,0,0,0,2,6,7,0,1,0,0,4,1,13,0,0,3,142,0,1,0,5,0,0,0,0,3,4,0,9,1,1,3,0,0,0,0,0,0,1,10,8,0,25,2,0,0,24,0,0,0,6,4,0,2,0,5,153,3,97,9,0,1,0,103,4,5,2,1,0,0,0,6,2,0,0,2,6,4,1,2,0,78,0,4,1,1,5,0,0,0,0,1,0,0,0,0,0,0,0,0,0,0,1,1,0,10,0,3,4,0,0,1,2,1,2,0,0,0,0,0,1,0,0,0,0,0,0,0,0,2,0,0,0,0,1,5,0,3,0,0,3,0,0,0,49,0,0,1,0,0,1,0,2,1,0,0,3,0,6,2,5,0,0,0,2,0,0,0,30,0,0,0,0,1,0,8,0,0,0,0,0,0,0,6,1,0,0,0,0,0,4,1,0,1,0,0,0,0,0,1,0,0,0,0,0,0,0,1,0,0,2,1,1,0,0,0,0,0,0,29,0,0,1,1,121,0,0,0,0,79,0,1,34,4,0,1,113,2,0,1,0,0,1,2,0,0,0,1,0,0,0,1,1,0,0,0,0,0,1,0,0,0,0,0,2,0,0,1,0,0,0,3,0,0,4,1,24,2,1,113,0,0,9,3,15,5,0,19,5,0,0,170,5,1,0,12,0,0,0,2,2,6,0,148,0,4,1,0,1,1,0,0,0,0,2,0,1,0,1,0,1,18,0,0,0,1,8,0,0,5,0,17,7,0,0,0,41,0,0,0,10,1,1,0,3,0,0,0,0,0,0,1,0,2,0,0,0,0,0,0,1,0,0,1,0,0,0,0,0,0,0,0,0,0,4,0,0,0,0,0,0,0,0,0,0,8,1,0,0,0,0,0,0,0,0,0,0,0,2,10,1,1,0,4,2,0,47,0,4,1,12,0,1,0,1,0,0,0,1,0,0,1,2,0,0,0,0,6,0,4,0,1,1,15,0,1,0,0,0,0,2,47,1,3,0,7,0,0,13,0,2,0,1,0,0,0,0,1,0,2,0,0,0,0,0,0,1,0,0,0,0,0,0,0,0,0,0,0,4,0,6,0,1,0,0,2,0,5,0,0,0,0,0,0,0,0,0,0,0,0,0,0,22,1,0,0,4,0,5,0,5,1,0,5,5,0,4,0,1,0,0,0,1,0,0,3,7,0,2,0,0,2,4,8,0,1,8,0,2,0,35,15,0,0,1,21,0,18,0,1,0,0,1,5,0,6,0,0,8,8,1,2,187,0,5,2,0,3,0,20,2,84,1,1,2,0,0,19,181,5,1,0,1,0,0,0,67,0,0,0,1,0,0,5,19,1,0,3,0,0,1,0,0,0,2,2,1,0,0,0,0,0,2,1,1,2,1,0,0,1,2,6,3,0,0,0,0,3,0,0,2,0,1,0,0,0,0,0,2,0,1,0,0,1,0,0,0,4,0,0,0,0,1,0,0,0,0,0,18,37,3,6,3,8,0,3,7,2,2,0,5,7,20,3,53,2,0,1,0,1,0,47,2,0,3,0,0,0,1,0,0,318,18,9,11,0,6,7,8,2,5,1,4,0,0,0,0,0,1,4,0,0,1,2,4,5,1,0,0,0,1,9,0,1,1,0,8,313,0,2,3,0,0,0,3,0,0,16,1,0,0,9,0,0,1,0,0,0,3,1,0,0,0,2,0,0,0,2,1,1,1,0,9,46,0,0,1,0,0,82,0,0,0,0,0,0,0,0,7,1,0,0,0,6,0
2,1988,COLEGIO ESTADUAL  ERMELINO DE LEAO,AV NOSSA SENHORA DE NAZARE  900,BOA VISTA,-25.39208318,-49.24743269,34,0,6100,4857,269,201,0,5,9,10,56,3,5,1,1,9,1,41,4,0,0,0,34,2,4,0,2,7,20,5,3,1,22,0,2,0,0,16,3,0,3,0,0,2,6,2,10,7,1,2,3,51,2,1,0,0,0,1,3,7,0,0,7,21,0,2,8,0,3,18,0,2,0,0,0,2,5,1,138,0,0,0,0,5,0,2,0,0,0,2,0,0,13,0,0,0,0,0,0,0,5,0,0,0,0,13,0,39,0,0,0,0,0,31,51,1,1,0,0,0,17,0,0,0,0,1,0,2,0,0,0,0,1,0,2,1,0,0,210,0,1,0,2,0,0,0,0,0,5,0,5,0,0,3,0,2,0,2,0,0,0,3,22,0,17,0,0,2,39,1,0,0,2,0,0,2,0,1,167,9,92,14,2,4,0,84,5,12,0,2,2,0,0,1,2,1,0,0,2,5,3,0,3,80,0,0,0,0,2,0,0,0,0,0,0,0,0,0,1,0,0,0,0,0,0,1,0,8,0,0,4,0,0,0,1,0,0,0,1,3,0,0,0,0,0,0,0,1,0,3,0,0,0,0,0,0,0,1,0,0,0,0,0,1,0,0,32,0,1,1,0,0,0,0,1,2,0,7,2,0,9,0,16,0,0,0,0,0,0,0,29,0,0,0,0,0,0,4,0,0,0,0,0,0,0,0,2,0,0,0,0,1,2,0,0,1,0,0,0,0,0,4,0,1,0,0,0,1,0,0,0,2,7,0,2,0,0,0,0,0,0,61,0,0,0,0,92,0,0,0,0,31,0,2,29,2,1,0,137,0,0,2,0,0,0,0,0,0,0,0,0,0,0,0,0,0,0,0,0,2,0,0,0,0,0,0,0,0,0,0,0,0,0,1,0,0,11,0,29,0,1,103,0,0,11,2,19,12,0,6,5,0,0,75,2,0,3,2,0,0,0,0,0,6,1,99,0,10,1,0,0,4,4,0,0,1,0,0,7,0,2,0,4,0,1,0,0,1,7,0,1,18,0,1,2,1,0,0,57,0,4,0,15,1,3,0,0,0,13,0,1,0,0,0,1,0,0,0,0,1,0,0,2,0,2,0,0,0,0,0,0,0,0,0,0,0,2,0,0,0,0,1,0,0,0,0,0,2,2,0,0,0,0,0,0,0,0,0,0,0,3,4,0,2,0,1,8,0,49,0,2,1,53,2,1,3,0,5,0,0,0,0,0,0,0,1,0,0,0,0,0,4,0,4,0,0,1,0,0,1,29,0,0,14,0,8,0,9,0,2,7,0,0,1,0,0,0,0,7,0,0,2,0,0,0,0,0,0,0,0,0,0,0,0,0,0,0,0,0,1,0,0,0,0,0,0,0,0,0,6,0,0,0,0,0,0,0,0,0,0,2,0,0,0,1,0,0,0,2,3,2,1,0,2,0,0,0,0,6,0,1,0,0,0,0,1,0,3,2,0,0,0,1,0,2,8,0,1,3,2,0,1,47,18,0,1,0,42,0,4,1,0,0,0,0,9,1,15,0,0,4,17,4,1,116,0,4,0,5,6,0,22,1,84,0,1,5,0,0,15,162,6,1,0,0,1,0,0,62,0,0,0,0,0,2,9,3,0,1,3,0,0,0,2,0,3,2,0,0,0,1,0,4,0,2,4,2,0,0,2,0,6,1,12,6,2,0,2,0,0,0,1,2,1,0,0,0,0,0,0,1,0,0,0,0,0,0,0,0,2,2,0,0,0,0,0,0,0,0,0,14,18,3,34,2,0,1,5,3,0,6,0,0,13,28,15,42,6,0,1,0,0,0,18,1,0,1,0,1,10,1,0,1,298,7,5,25,0,11,2,10,0,14,5,6,3,0,0,0,0,1,2,0,0,9,1,5,3,0,0,0,0,0,2,0,0,0,0,1,22,0,0,0,0,0,0,0,0,0,5,0,0,0,3,0,0,0,0,0,1,0,0,0,0,0,1,0,0,0,2,1,0,0,0,7,18,3,0,0,1,0,23,2,0,0,0,0,0,0,0,2,2,0,0,0,9,0
2,1996,ESCOLA MUNICIPAL PROFESSOR RICARDO KRIEGER,"RUA MARIA GERONASSO DO ROSARIO, 346",BOA VISTA,-25.38429345,-49.23731129,34,0,2092,1789,118,103,0,2,3,6,21,1,3,0,0,4,0,23,0,0,0,0,11,0,1,1,1,1,10,1,2,1,9,0,0,1,0,13,0,0,0,0,0,0,6,2,4,1,0,2,1,44,1,0,1,0,0,0,0,2,0,0,0,9,0,0,1,0,2,2,0,0,0,0,0,0,0,5,35,0,0,0,0,2,0,0,0,0,0,0,0,1,3,0,0,0,0,0,0,0,1,0,0,0,0,8,0,9,0,0,0,5,0,18,18,2,0,0,1,0,0,0,0,0,0,0,0,1,0,0,0,0,0,0,3,1,0,1,61,1,0,0,1,0,0,0,0,0,0,0,3,0,0,1,0,0,0,3,0,0,0,1,9,0,5,0,0,0,10,1,1,0,0,0,0,6,0,0,72,3,41,6,0,3,0,29,1,7,0,0,1,1,0,2,0,0,0,2,1,2,0,0,2,32,0,0,0,0,3,0,0,0,0,6,0,0,0,1,1,0,0,0,0,0,0,0,0,3,0,0,1,0,0,0,2,0,0,0,0,0,0,0,0,0,0,0,0,0,1,1,0,0,0,0,0,0,1,0,0,0,1,0,0,1,0,0,16,0,0,0,0,0,0,0,0,1,0,4,0,0,6,1,6,0,1,0,0,0,0,0,4,0,0,0,0,0,0,3,0,0,0,0,0,0,0,0,1,0,0,0,0,0,0,0,0,0,0,0,0,0,0,1,0,0,0,0,0,0,0,0,0,0,0,1,0,0,0,0,0,0,0,13,0,0,0,0,40,0,0,0,1,8,0,0,6,0,2,0,37,2,0,2,0,0,0,0,0,0,0,1,0,0,0,0,0,0,0,0,0,0,0,0,0,0,0,0,0,0,0,0,0,0,0,0,0,0,3,2,8,0,0,30,0,0,2,1,5,3,0,2,2,0,0,22,2,0,0,5,0,0,0,1,0,1,0,38,1,3,1,0,2,0,0,0,0,0,0,0,5,0,0,0,0,0,0,0,0,0,2,0,0,2,0,0,0,1,0,0,31,0,0,0,9,0,0,0,0,0,0,0,0,0,0,0,0,0,0,0,0,0,0,0,0,0,0,0,0,0,1,0,0,0,0,0,0,0,0,0,0,0,0,0,0,0,0,0,0,0,0,0,0,0,0,0,0,0,0,1,0,0,0,2,1,2,0,2,3,0,15,0,2,0,13,0,0,0,0,1,0,1,0,0,0,0,0,0,0,0,1,1,1,1,0,0,1,0,0,0,0,0,6,0,2,4,0,5,0,2,0,0,0,0,0,0,0,0,0,0,6,0,0,1,0,0,0,0,0,0,0,0,0,0,0,0,0,0,0,0,0,0,0,0,0,0,0,0,0,0,0,1,0,0,0,0,0,0,0,0,0,0,0,0,0,0,0,0,0,0,0,0,0,2,0,0,0,0,1,0,2,0,5,0,0,0,0,0,0,0,0,0,0,0,0,1,1,1,0,0,0,0,0,0,16,4,0,0,0,2,0,0,0,0,0,0,0,0,2,7,0,0,2,1,1,1,66,0,2,0,0,0,0,6,0,26,0,0,0,0,0,2,58,4,1,0,1,0,0,0,25,0,0,0,0,0,0,2,5,0,0,10,0,0,0,0,0,0,2,0,0,0,0,1,2,0,2,0,0,1,0,0,0,1,1,1,0,0,0,0,0,0,0,0,0,1,0,0,0,0,0,0,2,0,0,0,0,0,0,0,2,3,0,0,0,0,0,0,1,0,1,0,5,8,0,6,3,0,0,0,5,0,2,0,0,2,7,7,12,0,0,3,0,0,1,4,0,0,0,0,0,0,1,0,0,96,3,2,4,0,4,3,0,0,4,0,0,0,0,0,0,0,1,0,0,0,0,1,1,2,0,1,0,0,0,1,0,0,0,0,0,7,0,0,0,0,0,0,0,0,0,0,0,0,0,5,0,0,0,0,0,0,0,0,0,0,0,0,0,0,0,0,0,0,0,0,7,6,0,0,0,0,0,11,0,0,0,0,0,0,0,0,2,0,0,0,0,9,0
2,2003,COLEGIO ESTADUAL PAPA JOAO PAULO I,R MARIA GERONASSO DO ROSARIO  259,BOA VISTA,-25.3842462,-49.23793332,34,0,4198,3338,279,163,0,2,6,8,51,2,7,0,0,8,2,31,0,0,0,0,18,0,0,2,1,2,15,2,3,1,23,0,0,2,0,12,1,0,0,0,0,0,8,9,13,4,0,4,4,66,5,0,3,0,0,0,4,8,0,1,3,9,0,1,1,0,6,16,1,1,0,0,0,1,3,1,110,0,0,0,2,4,0,2,0,0,0,0,0,0,7,0,0,0,0,1,0,0,2,0,0,0,0,2,0,19,0,0,1,7,0,27,43,0,0,0,1,0,0,0,0,0,0,1,1,2,0,1,1,0,0,0,0,0,0,1,88,1,0,0,1,0,0,0,1,1,1,1,7,1,0,6,0,0,0,1,0,0,0,4,6,0,17,0,0,0,21,0,0,1,1,1,0,1,0,0,138,7,95,15,0,2,0,56,2,1,0,3,0,0,1,3,2,0,0,0,2,2,0,1,4,55,0,0,0,0,0,0,0,1,0,2,0,0,0,0,0,0,0,0,0,0,0,0,0,4,0,0,2,0,0,0,3,0,0,0,0,0,0,0,0,0,0,0,0,2,0,0,0,1,0,0,0,0,0,1,1,0,0,0,0,0,0,0,43,0,0,0,0,0,0,0,1,1,0,2,0,0,5,3,6,0,2,0,0,0,0,0,25,0,0,0,2,0,0,1,0,0,0,0,0,0,0,1,0,0,0,0,0,0,1,1,0,0,0,0,0,0,1,1,0,0,0,0,0,0,0,0,0,2,1,1,1,0,0,0,0,1,0,23,0,0,0,0,50,0,0,0,0,18,0,0,20,0,3,0,46,2,0,1,1,0,0,0,0,0,0,0,0,0,0,0,0,0,0,0,0,0,0,1,0,0,0,0,0,0,0,0,0,0,0,0,0,0,4,0,23,1,0,85,0,2,4,0,11,3,0,7,4,0,0,61,0,2,1,5,0,1,1,1,0,7,0,72,2,3,0,0,0,0,0,0,0,0,0,0,1,1,1,0,0,1,0,0,0,0,6,0,2,2,0,0,0,0,0,0,40,0,1,0,8,0,0,0,0,0,4,0,0,0,0,0,0,0,0,0,0,0,0,0,3,0,0,0,0,0,0,0,0,0,2,0,1,0,0,0,0,0,1,0,0,0,0,0,0,0,0,0,1,0,0,0,0,0,0,0,0,0,1,0,1,1,0,0,5,2,35,0,7,1,23,5,1,1,0,5,0,0,0,0,0,1,1,0,1,0,2,2,0,1,0,0,0,1,0,0,0,0,14,0,0,7,0,2,0,11,0,0,4,0,3,0,0,0,0,0,10,0,0,0,0,0,0,0,0,0,0,0,0,0,0,0,0,0,1,0,0,2,0,0,0,0,0,0,0,0,0,0,0,0,0,0,0,0,0,0,0,0,0,0,0,1,0,0,0,0,1,3,0,0,0,6,0,3,0,0,1,0,1,0,0,0,0,0,0,1,2,0,0,0,0,0,0,7,0,1,1,1,0,1,16,7,0,0,0,9,0,0,1,1,0,0,0,7,1,14,0,0,9,9,5,3,104,1,0,0,0,3,1,9,1,57,0,0,1,0,0,9,122,3,0,0,0,0,0,0,18,0,0,0,0,0,1,0,4,4,0,6,1,0,0,0,0,0,1,1,1,0,1,0,3,0,3,0,0,3,0,3,0,1,2,7,5,1,0,0,0,0,0,0,0,0,0,0,0,0,0,0,1,0,0,0,0,0,0,0,0,3,0,0,0,0,0,0,0,0,2,0,18,8,1,19,2,4,0,1,2,1,1,0,1,11,6,17,26,3,0,1,0,0,1,6,0,0,1,0,0,1,0,0,2,135,5,3,7,2,9,4,4,0,2,0,4,5,0,2,0,0,0,3,0,0,4,1,1,2,0,0,0,0,0,2,0,0,0,0,4,29,0,0,2,0,1,0,0,0,0,5,0,0,0,6,0,0,0,0,0,0,3,0,0,0,0,0,0,0,0,0,2,1,0,0,1,12,0,0,1,0,0,26,2,0,0,3,0,0,0,0,1,2,0,0,0,6,0
2,2011,COLEGIO ESTADUAL ANGELO GUSSO,"RUA JULIO PEDROSO DE MORAIS, 10",BOA VISTA,-25.3884335,-49.25934738,34,0,3630,2979,213,132,0,1,10,8,32,0,2,1,0,17,0,31,3,0,0,0,8,0,2,0,1,3,15,2,2,0,18,1,1,1,0,13,1,0,0,0,0,1,8,0,8,4,0,0,2,29,2,0,0,0,2,1,1,0,1,2,2,4,0,2,0,0,6,10,0,0,0,0,0,1,0,1,72,0,0,0,0,2,0,0,0,0,0,0,0,1,12,0,0,0,0,2,0,1,2,0,0,0,0,13,0,25,0,0,0,0,0,13,47,0,0,0,0,0,3,0,0,0,1,0,2,2,0,0,0,0,0,0,4,1,7,0,127,0,0,0,0,0,0,0,1,1,2,0,2,0,0,1,2,3,0,0,0,0,1,1,7,0,8,0,0,0,20,1,0,0,0,0,0,1,0,1,123,8,56,9,2,2,0,58,0,7,0,1,0,1,0,2,1,0,0,1,0,3,0,1,1,51,0,0,1,0,0,0,0,0,0,3,2,0,0,1,0,0,0,0,0,0,0,0,0,3,0,0,2,0,0,0,0,0,0,0,0,4,0,0,0,0,0,1,0,0,0,2,0,0,0,0,0,0,0,1,0,0,1,0,3,0,0,0,14,0,0,4,0,0,0,0,0,1,0,3,0,0,6,2,3,1,0,0,0,0,0,0,16,0,0,0,0,0,0,2,0,0,0,0,0,0,0,0,0,0,0,0,0,0,0,0,0,0,0,0,0,0,0,6,0,0,1,0,0,0,0,0,0,1,3,0,1,0,0,0,1,0,0,36,0,0,0,0,66,0,0,0,0,15,0,0,9,0,0,1,54,1,0,0,1,0,0,1,0,0,0,0,1,0,0,0,0,0,0,0,0,0,0,1,0,0,0,0,1,0,0,0,0,0,0,0,0,0,1,3,21,1,1,53,2,0,5,0,16,5,1,4,1,0,2,65,0,0,0,2,1,0,0,1,1,2,0,62,0,6,0,0,0,0,0,0,0,0,1,0,1,0,0,0,0,0,1,0,0,0,3,0,3,9,0,0,1,1,0,0,36,2,3,0,2,0,0,0,0,0,0,0,0,0,0,0,0,0,0,0,0,0,0,0,0,0,0,0,0,0,0,0,0,0,0,0,0,0,1,0,0,0,0,0,0,0,0,0,0,0,0,0,0,0,0,0,0,0,0,0,0,1,0,2,1,0,0,3,6,0,62,1,4,1,15,3,0,0,0,0,0,0,0,0,0,0,0,0,0,1,0,2,0,1,0,0,0,0,0,0,0,0,4,0,0,13,6,3,0,11,0,0,1,0,1,0,0,0,0,0,0,0,0,0,0,0,0,0,1,0,0,0,0,0,0,0,0,0,0,0,0,1,0,0,2,0,0,0,0,0,0,1,0,0,0,0,0,0,0,0,0,0,0,0,0,0,1,0,0,0,2,0,1,0,0,1,0,0,0,0,3,0,1,0,0,0,0,0,2,0,3,0,0,0,0,1,2,2,0,1,1,0,0,0,33,12,1,3,0,18,0,0,0,0,0,0,0,0,0,7,0,0,5,5,3,0,89,1,1,2,2,1,0,8,2,33,0,0,3,0,0,11,90,0,1,0,0,0,0,0,33,2,0,0,0,0,0,5,7,0,0,3,2,0,0,0,0,0,0,2,0,0,0,0,2,0,0,3,0,1,0,0,0,5,1,5,6,0,0,0,1,0,0,0,4,1,2,0,0,0,0,0,0,0,1,0,0,0,0,0,0,0,2,0,0,0,0,0,2,0,0,0,17,5,2,16,1,0,1,0,3,0,0,0,2,9,10,10,42,3,2,0,0,3,0,5,2,0,1,0,1,4,0,1,0,134,2,2,27,0,9,3,12,0,3,1,2,1,1,0,0,0,0,3,0,0,20,2,5,4,0,0,0,0,0,1,0,0,0,0,1,17,0,1,0,0,0,0,0,0,1,4,0,0,0,1,0,0,0,0,0,0,0,2,0,0,0,0,0,0,0,0,2,0,0,0,3,16,0,0,0,0,0,24,17,0,0,0,0,2,0,0,5,2,0,0,0,3,0
2,2020,COLEGIO POSITIVO BOA VISTA,"RUA CARLOS DE CAMPOS, 1090",BOA VISTA,-25.39211877,-49.24270216,34,0,7071,5822,294,220,0,5,7,23,97,5,4,2,2,17,1,62,2,1,0,0,73,1,0,0,6,5,20,5,7,1,35,0,1,2,0,44,2,0,0,0,0,1,9,2,18,9,0,1,6,69,5,2,0,2,2,0,3,20,1,0,7,13,2,5,4,0,2,29,0,2,0,0,1,0,1,5,144,0,0,0,1,6,0,2,1,0,0,1,0,0,9,0,0,0,1,0,1,0,3,0,0,0,0,10,1,31,0,1,0,0,0,39,47,4,0,0,0,0,7,0,0,0,0,2,0,12,0,0,0,1,1,0,5,5,5,2,237,1,0,2,1,1,1,0,0,1,9,0,7,1,0,1,1,2,0,3,1,0,0,4,24,0,10,0,0,0,39,1,0,0,3,1,0,1,1,2,189,7,98,12,1,0,0,94,3,4,0,0,1,0,1,0,0,0,0,0,3,5,1,3,3,80,0,1,1,3,1,1,0,0,0,2,1,0,0,1,0,0,1,0,0,0,2,2,0,11,0,0,4,0,0,1,4,0,1,0,2,0,2,0,0,1,0,4,0,0,0,4,0,1,0,1,0,0,0,0,0,0,0,0,0,1,0,0,33,0,0,0,0,0,0,0,0,8,0,1,1,0,7,3,12,0,0,0,1,0,0,0,28,0,0,0,1,1,0,6,1,0,0,0,0,1,0,1,0,0,0,0,0,0,0,0,0,0,0,0,0,0,0,2,0,0,0,0,0,0,0,0,0,4,3,0,2,0,0,0,0,0,0,70,1,0,3,0,146,0,0,0,0,30,0,0,20,0,2,1,149,5,0,2,0,0,0,3,0,0,1,0,0,1,0,0,0,0,0,1,0,0,1,0,0,0,0,0,0,0,0,0,0,0,0,0,0,0,15,5,35,0,0,140,0,1,15,3,33,17,0,6,1,0,4,76,3,0,4,9,0,2,1,0,0,2,0,78,0,8,4,0,0,2,0,0,1,4,0,0,6,0,2,0,0,1,0,1,0,0,14,1,2,11,0,1,1,2,0,0,66,0,2,0,8,0,2,0,0,0,7,0,0,0,0,0,0,0,0,1,0,0,0,0,3,0,1,0,0,0,0,1,0,0,0,0,0,3,3,0,0,0,0,0,0,0,0,0,0,0,0,0,0,0,0,0,0,0,0,0,0,0,2,4,1,2,1,9,16,3,91,0,21,0,76,4,0,0,0,3,0,0,0,0,0,3,0,0,0,0,1,1,0,0,0,1,1,0,3,0,0,0,48,0,1,11,5,18,0,8,0,0,2,1,1,0,0,0,0,0,8,0,0,10,0,0,0,0,0,0,0,0,0,0,0,0,0,0,1,0,0,1,0,0,0,0,0,0,0,0,0,1,0,0,0,0,0,0,0,0,0,0,0,0,0,0,10,0,0,0,2,1,6,0,1,2,0,1,1,0,1,0,3,0,0,0,0,0,0,1,5,1,0,0,0,2,1,6,0,1,2,0,0,0,77,22,0,1,0,66,0,3,1,2,4,1,5,3,0,14,0,2,5,4,8,4,138,0,7,1,6,16,0,27,0,91,0,1,3,4,0,13,202,8,2,0,1,4,0,0,80,1,0,0,0,0,0,8,8,2,0,5,0,0,1,0,0,0,0,1,0,0,1,0,3,0,0,4,2,4,0,0,0,8,1,10,5,2,0,1,0,2,0,0,3,1,0,0,0,0,0,0,7,1,1,0,0,1,0,2,1,0,0,0,0,0,0,0,0,0,0,0,23,8,4,29,11,0,1,2,6,1,1,0,8,14,32,14,56,7,0,0,0,0,3,21,0,0,0,0,2,6,1,0,1,387,4,2,25,4,16,2,14,0,8,3,5,5,1,5,0,0,0,7,0,0,7,1,5,5,0,0,0,0,3,5,0,0,0,0,3,49,0,0,1,0,0,1,0,0,0,3,0,0,0,12,0,0,0,0,2,1,3,1,0,0,0,0,5,1,0,1,2,1,0,0,10,16,0,0,2,0,0,31,1,0,0,0,0,0,0,0,3,3,0,0,0,4,3
2,2038,COLÉGIO ADVENTISTA UNIDADE BOA VISTA,"RUA FERNANDO DE NORONHA, 470",SANTA CANDIDA,-25.3815724,-49.23564726,53,0,2540,2033,173,74,0,0,0,6,44,1,1,0,0,3,2,25,0,0,0,0,9,2,0,0,1,4,4,2,6,0,6,0,1,0,0,6,0,0,0,0,0,0,0,0,6,1,0,0,0,29,0,0,0,0,0,0,2,1,0,0,2,22,0,2,3,0,7,13,0,0,0,0,0,0,0,3,45,0,0,0,0,2,0,0,0,0,0,1,0,0,4,0,0,0,0,0,0,1,0,0,0,0,0,7,0,9,0,0,0,0,0,9,4,0,0,0,0,1,1,0,0,0,0,0,0,4,0,0,0,0,0,0,6,2,0,0,85,0,0,0,1,0,0,0,0,0,1,0,3,0,1,3,2,3,0,1,0,1,0,4,10,0,1,0,0,0,10,1,0,0,0,2,0,1,0,0,90,7,29,13,1,1,2,80,5,6,0,0,0,1,0,1,0,1,0,0,1,2,1,4,4,30,0,0,0,0,2,0,0,0,0,0,0,0,0,1,0,0,0,0,0,0,0,0,0,5,0,0,0,0,0,0,0,0,2,0,0,0,0,0,0,0,0,0,0,1,0,0,0,1,0,1,0,0,0,0,0,1,0,0,0,0,0,0,14,0,0,0,0,0,0,0,1,5,0,7,0,1,1,1,8,0,0,0,0,0,0,0,14,0,0,0,0,0,0,2,1,0,1,0,0,0,0,1,0,0,0,0,0,2,1,0,0,0,0,0,0,0,0,1,0,0,0,0,0,0,0,1,0,2,1,0,1,0,0,0,0,0,0,14,0,1,0,0,43,0,0,0,0,4,0,0,6,0,1,0,35,4,0,0,0,0,1,4,0,0,1,0,0,0,0,0,0,0,0,0,0,1,0,0,0,0,0,0,0,0,0,0,0,0,0,0,0,0,4,4,5,1,0,41,0,0,4,1,11,1,0,5,0,0,0,26,1,0,0,2,0,4,0,0,0,4,0,31,0,3,2,1,0,0,0,0,0,0,0,0,0,0,0,0,0,0,0,0,0,0,4,0,0,0,0,1,4,0,0,0,16,0,0,0,3,0,2,0,0,0,5,0,0,0,0,0,0,0,0,0,0,0,0,0,0,0,0,0,0,0,0,0,0,0,0,0,0,0,1,0,0,0,0,0,0,0,0,0,0,3,0,0,1,0,0,0,0,0,0,0,0,1,0,3,0,0,1,0,3,0,39,0,7,0,6,1,0,0,0,0,0,0,0,0,0,0,0,0,0,0,0,1,0,11,0,6,0,0,0,0,0,1,2,0,0,10,1,3,0,8,0,0,1,0,0,0,0,0,0,0,2,0,0,0,0,0,0,0,0,0,0,2,0,0,0,0,0,0,0,0,0,1,0,0,0,0,2,0,0,0,0,0,0,0,0,0,0,0,0,0,0,0,0,0,0,1,1,0,0,1,0,0,1,0,0,2,0,0,0,0,10,0,2,0,0,0,0,0,1,0,2,0,0,0,0,0,1,5,0,0,0,1,0,0,17,4,0,0,0,16,0,4,2,0,0,0,1,2,1,14,0,1,2,1,3,3,59,0,0,0,0,3,0,3,0,29,0,0,0,1,0,4,40,0,1,0,2,0,0,0,24,0,0,0,0,2,0,1,5,0,0,1,1,0,0,0,0,0,0,0,0,0,0,1,1,0,1,1,0,1,0,0,0,0,0,11,5,0,0,1,0,0,0,0,0,2,0,0,0,0,0,0,0,2,1,0,0,0,0,0,0,1,0,0,0,0,0,0,0,0,0,0,4,4,2,20,0,1,1,0,0,1,1,0,2,1,7,0,9,1,0,3,0,1,1,2,0,0,0,0,0,0,0,0,2,90,5,2,5,0,4,0,2,0,2,2,1,4,0,0,0,0,0,2,0,0,1,1,0,3,0,2,0,0,1,3,0,0,0,0,1,16,0,0,1,0,0,0,1,0,0,4,0,0,0,4,0,0,0,0,0,0,1,1,0,0,0,0,0,0,0,0,1,0,0,2,1,15,0,0,0,0,0,21,0,0,0,1,0,0,0,0,1,1,0,0,0,1,0
3,1023,ESCOLA ESTADUAL REPÚBLICA ORIENTAL DO URUGUAI,"AV PRES. AFFONSO CAMARGO, N. 3407, CAPAO DA IMBUIA",CAPAO DA IMBUIA,-25.4404556,-49.2289774,20,0,4383,3650,237,154,0,3,4,8,47,4,3,0,1,17,1,45,0,0,0,0,19,0,2,0,0,6,9,8,1,0,13,0,2,5,0,24,3,0,0,1,0,0,3,1,10,9,0,5,1,41,2,2,0,1,0,0,1,6,0,0,2,13,0,0,3,0,1,16,0,0,1,1,0,2,2,3,103,0,0,0,3,8,0,1,0,0,0,1,1,0,10,0,0,0,0,0,0,0,4,0,0,0,0,8,0,14,0,1,0,2,0,27,28,2,0,0,0,0,0,0,0,1,0,0,0,6,0,1,0,0,4,0,4,1,1,0,135,0,0,0,0,0,0,0,2,2,3,0,2,0,1,0,0,0,0,0,0,0,0,8,18,0,7,0,0,0,27,1,1,0,0,2,1,3,0,1,99,7,52,4,0,4,0,62,2,7,0,1,3,1,0,2,2,0,0,0,1,2,1,0,3,49,0,1,0,0,1,0,0,0,0,0,0,0,0,0,0,2,0,0,0,0,1,0,0,2,0,0,1,0,0,2,5,0,0,0,2,2,1,0,0,0,1,0,0,2,0,0,0,0,2,0,2,0,0,0,0,0,0,0,2,1,1,0,15,0,0,0,0,0,1,0,1,1,0,0,2,0,5,0,10,0,0,0,0,0,0,0,4,0,0,0,0,1,0,13,0,0,0,0,0,1,0,0,0,0,5,0,1,1,2,0,0,0,0,0,0,0,0,2,0,0,1,0,0,0,0,0,0,0,2,0,0,0,0,0,0,0,0,42,0,0,0,0,72,0,0,0,0,55,0,0,12,0,0,3,84,5,0,0,0,0,1,1,0,0,0,0,0,0,0,1,0,0,0,1,0,0,0,0,0,0,0,0,0,0,0,0,0,0,0,2,0,0,2,2,10,0,0,88,0,0,4,2,24,5,0,12,2,0,0,69,4,1,0,2,2,1,0,0,1,4,0,60,0,7,1,0,0,1,0,1,1,0,0,0,5,0,3,0,0,0,0,0,0,0,5,0,0,1,0,0,0,0,0,0,53,0,4,1,1,1,1,0,0,0,1,0,1,0,0,0,0,2,0,0,0,0,0,0,6,0,0,0,0,0,0,0,0,0,0,0,0,0,1,0,0,0,0,0,0,10,0,0,0,1,0,0,0,0,0,0,0,0,0,0,0,1,1,4,0,3,1,2,6,1,41,2,3,1,20,4,0,0,1,0,0,0,0,0,0,0,0,0,0,0,1,0,1,0,0,0,0,9,0,9,0,0,0,0,0,25,2,12,0,7,0,1,5,0,0,0,0,0,0,0,3,0,0,2,0,0,0,0,1,0,0,0,0,0,0,0,0,0,1,0,0,0,0,0,0,1,0,0,0,0,0,1,0,0,0,0,0,0,0,0,0,0,1,0,0,0,6,1,0,0,0,0,5,0,1,4,0,0,0,0,0,0,4,0,0,0,0,0,0,0,2,0,0,0,0,4,0,5,0,0,0,0,0,0,20,8,2,0,0,21,0,2,5,1,0,0,0,2,0,10,0,0,7,6,6,0,125,0,3,0,0,0,0,35,0,59,0,0,3,1,0,19,110,0,2,0,1,0,0,0,24,0,0,0,1,0,0,0,1,0,0,1,0,1,0,0,0,0,0,1,0,0,0,0,2,0,0,0,2,1,1,0,1,3,0,1,5,0,0,1,0,0,0,0,0,0,0,0,0,0,0,0,0,0,6,0,0,0,0,0,0,3,0,0,0,0,1,0,0,0,0,0,15,8,2,13,1,0,0,1,5,1,2,0,0,17,11,3,22,1,2,3,0,0,1,28,1,0,1,0,0,0,1,0,0,187,2,9,23,0,7,6,4,0,3,1,11,3,1,0,0,0,0,1,0,0,0,0,3,2,0,1,0,0,1,13,0,0,0,0,3,100,0,0,2,0,0,0,1,1,0,16,0,0,1,29,0,0,1,0,1,0,2,1,0,0,0,0,0,0,0,0,0,0,0,0,8,24,0,0,1,0,0,40,0,0,0,1,0,0,0,0,9,5,0,0,0,7,0
3,1058,ESCOLA MUNICIPAL IRATI,"AV JORN ADERBAL GAERTNER STRESSER, N. 775, CONJUNTO MERCÚRIO",CAJURU,-25.4702853,-49.2024938,21,0,4593,3833,338,199,0,7,2,7,67,3,12,1,0,14,3,35,1,0,1,0,2,0,2,0,1,7,24,4,3,0,8,1,4,2,1,12,3,0,0,0,0,0,5,5,9,5,0,12,0,73,3,1,1,0,0,0,1,2,0,0,1,61,0,0,0,0,0,6,0,4,0,0,0,0,1,5,121,0,0,0,0,7,0,1,0,1,2,1,1,0,10,0,0,0,0,0,0,0,4,0,0,0,0,5,0,16,0,4,0,1,0,13,33,1,0,0,0,0,0,0,1,2,0,0,3,7,0,0,0,0,24,0,1,1,0,2,88,0,1,0,4,0,0,0,1,0,4,0,4,0,0,1,2,0,0,0,0,0,1,10,10,0,13,0,0,1,4,1,0,0,3,1,0,1,0,0,80,6,65,5,1,0,1,54,3,3,0,0,4,3,1,4,2,1,0,0,11,0,1,0,1,64,0,0,0,0,4,1,0,0,4,0,0,0,1,0,0,0,0,0,0,0,0,0,0,5,0,0,3,0,0,0,6,0,0,1,2,0,1,0,3,1,0,0,1,4,0,1,0,0,3,0,0,0,2,0,0,0,0,0,0,1,2,0,64,0,0,2,0,0,0,0,0,0,1,1,0,0,2,3,7,0,1,0,2,0,0,0,3,0,0,0,0,0,0,13,0,0,0,0,0,0,0,1,2,0,0,0,1,2,4,3,0,3,0,0,0,0,0,0,0,0,0,1,0,0,1,0,0,1,1,0,0,0,0,0,1,2,2,21,0,1,2,0,69,0,0,0,0,34,0,1,18,1,0,0,41,9,0,0,0,0,0,0,0,0,0,0,0,0,0,0,0,0,0,1,0,0,0,0,0,0,0,0,0,0,0,0,0,1,0,0,0,0,19,1,16,0,0,60,0,0,3,1,7,8,0,13,8,0,1,92,2,0,0,3,1,0,0,0,0,4,0,50,2,2,1,1,0,0,0,0,1,1,0,0,2,0,2,0,0,1,0,0,0,0,9,0,0,2,0,0,0,0,0,0,34,1,2,0,3,0,0,0,0,0,0,0,0,0,0,0,0,0,0,0,0,0,0,0,1,0,0,0,0,0,2,3,0,0,0,0,0,0,2,0,0,0,0,2,0,0,0,0,1,0,0,0,0,0,2,0,0,0,0,1,0,1,2,3,2,3,0,2,0,1,27,0,1,0,22,2,0,0,0,1,0,0,0,0,0,0,0,1,0,0,2,4,2,1,0,1,4,10,0,0,0,0,0,0,0,31,0,7,0,7,1,0,1,0,0,0,2,0,0,0,1,0,0,2,0,0,0,1,0,0,0,0,0,0,0,0,0,2,0,0,0,0,0,0,3,0,0,0,0,0,0,0,0,0,0,0,0,0,0,2,0,0,0,0,0,0,2,0,0,0,0,0,1,0,0,2,0,4,0,0,1,0,4,0,0,0,0,0,0,2,2,0,0,0,0,1,0,3,0,2,0,0,3,1,23,6,0,0,0,18,0,0,0,1,0,0,0,7,1,0,0,0,0,8,9,1,150,1,0,0,3,3,0,71,0,44,0,2,3,0,0,33,118,6,4,0,0,0,0,0,22,0,0,0,1,0,0,0,6,0,0,2,0,0,0,0,1,1,1,0,0,0,0,1,2,0,0,0,0,0,0,0,0,0,0,3,1,0,0,0,0,0,0,0,1,0,0,0,0,0,0,0,3,0,1,0,0,0,0,0,1,4,0,0,0,1,0,0,0,1,0,0,8,8,2,8,3,0,0,0,2,0,0,0,2,9,8,2,22,6,0,1,0,0,0,18,0,0,0,0,1,0,0,0,0,146,6,7,8,1,3,4,27,0,3,1,7,0,0,0,0,0,0,1,0,0,0,1,14,1,0,0,0,0,1,1,0,1,0,0,0,112,0,0,0,0,0,0,0,0,0,24,1,0,0,15,0,0,0,0,0,0,6,4,0,1,0,1,0,0,0,1,0,0,0,0,11,50,0,2,2,0,0,45,0,0,0,0,0,0,0,0,54,2,0,0,0,7,0
3,1066,ESCOLA MUNICIPAL AYRTON SENNA DA SILVA,"RUA ANTÔNIO MOREIRA LOPES, N. 1301, JARDIM ACRÓPOLE",CAJURU,-25.4709948,-49.1920684,21,0,4352,3480,372,163,0,8,12,11,64,3,4,0,0,14,3,34,1,0,0,0,5,1,0,0,3,12,26,5,0,0,16,2,17,1,1,5,0,0,0,0,0,4,1,2,8,3,1,5,0,79,0,0,3,0,0,0,2,0,0,0,0,26,1,2,0,2,5,2,0,5,0,2,0,0,4,0,148,0,1,0,1,4,0,1,0,2,0,2,1,0,5,0,0,0,0,0,0,0,6,0,0,0,0,5,0,17,0,0,0,1,0,26,48,2,0,0,0,0,0,0,0,0,0,0,0,1,4,0,4,0,4,0,1,0,1,0,33,2,0,0,5,1,0,0,0,2,6,0,1,2,0,0,2,0,0,0,1,0,16,3,5,0,22,0,0,0,15,2,0,0,6,1,0,6,3,6,57,1,63,7,2,0,0,34,3,2,0,1,6,0,0,5,1,0,0,1,2,0,0,2,0,78,0,0,1,0,0,0,0,0,0,3,0,0,0,0,0,1,1,0,0,0,0,0,0,1,0,0,0,0,0,0,1,0,0,1,0,0,0,0,0,0,0,0,0,0,0,0,1,0,9,0,0,0,4,0,0,0,0,0,1,0,4,0,50,0,0,0,0,0,0,0,0,2,0,2,0,0,0,0,10,0,3,0,0,0,0,0,3,0,0,0,0,0,0,1,0,0,0,0,0,1,0,0,0,0,0,0,1,0,4,0,0,0,0,0,0,0,0,0,0,0,0,0,0,3,0,0,0,0,1,2,1,0,0,0,1,1,0,8,0,0,0,0,39,0,0,0,2,32,0,0,4,0,0,1,19,21,0,0,0,0,0,0,0,0,0,0,0,0,0,0,0,0,0,0,0,0,0,0,0,0,0,0,0,0,0,0,0,1,0,0,0,0,12,2,9,0,0,41,0,0,2,0,6,6,0,7,8,0,0,160,1,1,0,1,1,0,0,0,0,5,0,46,0,2,5,0,1,0,0,0,0,0,2,0,0,0,0,0,0,6,0,0,0,0,4,0,2,0,0,0,0,0,0,0,16,1,0,0,5,0,0,0,0,0,0,0,0,0,0,0,0,0,0,0,0,0,0,0,0,0,5,0,0,0,1,0,0,0,0,0,0,0,1,0,0,0,0,3,0,0,0,0,0,0,0,0,0,0,0,0,0,0,0,0,0,0,1,0,0,1,0,0,0,0,12,0,2,0,5,0,0,0,0,0,0,0,0,0,0,0,1,1,0,0,0,0,3,0,0,0,0,5,0,0,0,0,0,0,0,36,3,0,0,3,1,2,0,0,1,0,1,0,0,0,0,0,1,0,0,0,0,0,0,1,0,0,0,0,0,0,0,0,1,0,0,0,0,0,0,0,1,0,0,0,0,1,0,0,1,0,0,0,0,1,0,0,1,0,0,0,1,0,0,0,0,0,0,0,0,2,0,0,0,0,4,0,5,0,0,0,0,0,0,2,1,0,0,0,0,1,0,6,0,0,0,0,0,0,5,1,0,0,0,11,0,2,0,0,0,0,1,3,0,3,0,0,0,5,9,0,163,1,0,0,6,2,0,91,0,41,0,0,1,1,0,23,68,9,0,0,0,0,5,0,11,0,0,0,0,0,0,0,4,0,0,2,0,0,0,0,0,0,0,0,0,0,0,1,3,0,2,0,0,0,1,0,0,2,0,1,1,0,0,0,0,0,0,0,0,0,0,0,0,0,0,0,0,0,0,0,0,1,0,0,0,1,0,0,0,0,0,0,0,2,0,0,3,4,0,18,1,1,0,0,0,0,1,0,1,7,3,4,17,2,0,0,1,1,0,23,0,0,1,0,0,0,0,0,1,54,2,5,1,0,9,1,16,0,0,0,1,0,0,0,0,0,1,1,0,0,0,0,15,0,0,0,0,0,2,0,0,0,0,0,0,237,0,1,1,0,0,0,0,1,0,35,0,0,0,15,0,0,0,0,0,0,0,1,0,0,0,0,2,0,0,0,0,2,0,0,6,42,0,1,0,0,0,34,0,0,0,0,0,0,0,0,77,0,0,0,0,4,0
3,1074,COLEGIO ESTADUAL MÁXIMO ATÍLIO ASINELLI,"RUA JÚLIO WISCHRAL, N. 650, UBERABA DE CIMA",UBERABA,-25.4744266,-49.2233534,37,0,3093,2570,189,102,0,1,2,6,34,1,3,0,1,12,1,30,1,0,0,0,25,1,1,0,1,1,10,0,2,1,15,0,0,1,0,10,0,0,0,0,0,0,0,0,5,7,0,1,0,37,1,0,0,0,0,0,6,9,0,0,0,9,0,2,1,0,2,4,0,0,0,0,1,2,1,2,50,0,0,0,0,4,0,2,0,0,0,3,0,0,10,1,1,0,0,0,0,0,1,0,0,0,0,5,0,12,0,0,0,0,0,26,36,0,0,0,0,0,2,0,0,0,0,3,2,3,0,0,1,0,2,0,5,1,0,1,79,0,0,0,1,0,0,1,2,0,10,0,0,0,7,0,0,1,0,1,0,1,0,2,7,0,6,0,0,1,13,0,0,0,2,1,2,0,0,0,68,3,36,6,1,3,0,49,0,0,0,1,1,1,0,2,8,0,1,2,2,0,0,3,2,38,0,0,0,0,1,0,0,0,0,0,0,0,0,0,0,0,0,0,0,0,0,0,0,7,0,0,1,0,0,0,7,0,0,0,0,2,0,0,10,0,4,1,0,0,0,0,0,0,2,0,0,0,0,0,0,0,0,0,0,0,0,0,27,0,1,1,0,0,0,0,0,0,0,0,0,1,2,1,0,0,0,0,1,0,0,0,1,0,0,0,0,0,0,13,0,0,0,0,0,0,0,0,1,0,0,0,0,2,1,0,0,0,0,0,0,0,1,1,0,0,0,0,0,1,1,0,0,1,3,0,0,0,0,0,0,0,0,25,0,0,0,0,57,0,0,0,0,21,0,0,3,0,0,0,68,9,0,2,0,0,0,0,0,0,0,0,4,0,0,2,0,0,0,0,0,0,0,0,0,0,0,0,0,0,0,0,0,2,0,0,0,0,5,3,12,0,0,61,0,0,0,3,7,20,0,10,2,2,0,58,0,0,0,2,1,1,0,0,0,3,0,29,1,6,0,0,0,1,0,0,1,0,1,0,0,0,0,0,0,0,1,0,0,0,10,0,0,6,0,0,2,0,0,0,31,0,1,0,12,0,3,0,0,0,2,0,0,0,0,0,0,0,0,0,0,0,0,0,2,2,0,0,0,0,1,0,0,0,0,0,0,0,2,0,0,0,0,0,0,0,0,0,0,0,0,0,0,0,0,0,0,0,0,2,0,0,1,6,1,2,0,3,3,0,44,0,8,4,28,4,0,0,0,0,0,0,0,0,0,3,0,2,0,0,3,0,0,0,0,0,1,0,0,0,0,0,0,0,0,13,0,1,0,18,0,1,1,0,0,0,0,0,0,0,0,0,0,8,0,0,0,0,0,1,0,0,0,0,0,0,0,0,0,0,0,0,0,0,1,0,0,0,2,0,0,0,0,0,1,0,0,0,0,2,0,0,0,0,0,0,1,0,0,0,0,0,3,0,0,1,0,0,0,0,4,0,1,0,0,0,0,0,1,0,0,0,0,0,0,1,0,0,0,0,0,0,0,0,18,5,0,1,0,15,0,0,0,0,0,0,0,5,0,8,0,0,1,0,22,0,68,0,2,0,4,3,0,30,0,42,0,0,1,2,0,33,75,1,1,0,1,0,0,0,3,0,0,0,0,0,0,0,0,0,0,2,0,0,0,0,0,0,0,0,0,0,0,0,3,0,0,2,0,0,0,0,0,0,0,13,2,0,0,1,0,0,0,0,0,3,0,0,0,0,0,0,0,0,0,0,0,0,0,0,0,1,0,0,0,0,0,0,0,0,0,0,8,4,1,6,5,2,0,0,6,0,0,0,0,0,10,4,11,4,0,0,0,0,0,10,0,0,1,0,0,0,0,0,0,108,4,6,9,0,4,5,8,0,1,0,3,0,0,0,0,0,0,0,0,0,0,0,3,0,0,0,0,0,0,1,0,0,0,0,1,28,0,1,0,0,2,0,0,0,0,8,0,0,0,5,0,0,0,0,1,0,1,0,0,0,0,0,0,0,0,0,1,0,0,0,10,35,1,0,0,0,0,15,0,0,0,0,0,0,0,0,18,1,0,0,0,4,2
3,1082,ESCOLA MUNICIPAL MARUMBI,"RUA FRANCISCO LICNERSKI, 50,  PRÓXIMO À SANEPAR DA BR 277",UBERABA,-25.4795245,-49.2027126,37,0,3834,3192,275,148,0,3,4,14,51,1,4,0,0,13,3,29,1,0,0,0,10,1,1,1,1,5,18,3,0,1,26,0,5,3,1,8,0,0,0,1,0,0,4,0,2,1,1,5,1,49,1,0,0,0,0,2,1,5,0,0,2,13,0,0,3,0,2,3,1,8,0,0,0,1,0,1,86,0,0,0,0,4,0,2,0,0,1,1,1,0,11,0,0,0,0,1,0,0,2,0,0,0,0,12,0,7,0,3,1,3,1,23,26,0,0,0,0,0,1,1,0,0,0,0,2,6,1,0,0,0,7,0,5,0,0,1,54,0,0,0,0,0,0,1,0,0,6,0,2,0,1,2,0,2,0,0,0,1,0,7,5,0,20,0,2,0,17,0,0,0,8,1,0,0,0,13,56,0,46,7,4,0,0,58,1,3,0,0,0,2,0,3,3,0,0,0,1,0,0,1,0,55,0,1,0,0,3,0,0,0,1,1,0,0,0,0,0,0,0,0,0,0,0,0,0,2,0,0,4,0,0,1,9,0,0,0,0,0,0,0,3,0,0,0,0,3,0,0,0,0,0,0,0,0,1,1,0,0,0,0,0,0,0,0,52,0,0,0,0,0,0,0,0,0,0,0,0,1,5,7,4,0,1,0,0,0,0,0,0,0,0,0,1,0,0,11,0,0,0,0,0,0,0,6,4,1,0,0,0,1,2,0,0,1,0,0,0,0,0,0,0,0,0,2,0,1,0,0,0,0,1,0,0,0,0,0,0,0,0,7,0,0,0,0,67,0,0,0,0,35,0,0,17,0,0,2,25,3,0,1,0,0,0,0,0,0,0,0,0,0,0,0,0,0,0,0,0,0,0,0,1,0,0,0,0,0,0,0,0,0,0,0,0,0,4,0,14,0,0,39,1,0,3,0,9,4,0,5,2,0,0,172,4,0,0,5,1,0,0,0,0,1,1,53,0,0,0,1,1,0,0,0,0,0,0,0,0,0,0,0,2,1,0,0,0,0,3,0,0,1,0,0,2,0,0,0,36,0,0,0,6,0,0,1,0,1,0,1,0,0,0,0,0,0,0,0,0,2,0,0,6,0,0,0,0,0,0,0,0,0,2,0,0,0,0,0,0,0,0,8,0,1,0,0,0,0,0,0,0,0,0,0,0,0,0,0,0,0,0,1,0,1,0,2,4,0,13,0,0,1,5,0,0,0,0,0,0,0,0,0,0,0,0,0,0,0,0,2,0,0,0,1,0,4,0,0,0,0,0,0,0,25,0,3,0,5,0,0,1,1,0,0,0,0,0,0,0,0,0,0,0,0,0,0,4,0,1,0,0,0,0,0,0,0,0,0,0,0,0,0,2,0,3,0,0,0,0,0,0,1,0,0,0,1,0,27,0,0,0,0,0,0,2,0,0,0,0,0,0,0,1,4,0,0,0,0,4,0,5,0,0,0,0,0,0,2,0,0,0,0,0,0,0,4,0,2,0,0,0,0,19,11,0,1,0,7,0,2,0,0,0,0,0,3,1,13,0,0,1,4,5,0,99,0,2,2,2,1,0,59,0,28,0,1,1,0,0,94,107,0,0,1,0,0,1,0,8,1,0,0,0,0,0,0,5,2,0,0,0,0,2,0,0,0,2,2,0,0,0,0,1,0,2,1,3,0,0,0,0,0,0,4,2,0,0,0,0,0,0,0,0,1,0,0,0,0,0,0,0,0,0,0,0,0,0,0,1,0,0,0,0,0,0,0,1,2,0,0,7,6,5,15,5,2,0,1,1,2,3,0,1,30,10,1,15,3,0,0,0,1,0,17,0,0,1,0,1,0,0,0,1,84,0,7,3,0,9,0,10,0,1,0,2,0,0,2,0,0,0,0,0,0,1,1,11,4,0,0,0,0,1,1,1,0,0,0,4,87,0,0,1,0,0,0,4,1,0,44,0,0,0,16,0,0,0,0,0,0,0,3,0,1,0,0,0,0,0,0,0,3,0,0,4,33,0,0,3,2,0,26,0,0,1,2,0,0,0,0,38,0,0,0,0,6,0
3,1090,ESCOLA MUNICIPAL CORONEL DURIVAL BRITTO E SILVA,"RUA EMÍLIO BERTOLINI, N. 44, VILAS OFICINAS",CAJURU,-25.4481352,-49.2158304,21,0,4091,3384,332,178,0,4,3,12,50,1,7,0,2,7,0,27,3,2,0,0,13,0,1,0,2,3,20,1,1,0,11,0,1,2,1,4,0,0,0,0,0,0,7,0,6,2,0,4,2,43,1,1,0,1,0,0,4,4,0,0,1,25,0,0,12,1,2,7,1,1,0,3,0,1,4,2,135,0,0,0,0,5,0,0,0,0,0,0,0,0,8,0,0,0,1,0,0,0,0,0,0,0,0,5,0,16,0,3,0,2,0,27,47,0,0,0,0,0,0,0,0,0,0,0,2,15,0,0,1,0,10,1,1,2,0,3,85,0,0,0,1,1,0,0,0,2,13,0,4,0,0,0,0,0,0,0,0,0,2,7,4,0,14,0,0,0,14,0,2,0,0,0,1,4,0,3,77,2,47,4,2,0,0,41,0,6,0,0,1,2,0,1,3,0,0,0,0,0,1,1,0,47,0,1,0,0,2,2,0,0,0,1,0,0,0,0,0,0,0,0,0,0,1,0,0,4,0,0,1,0,0,0,3,0,0,0,0,0,0,0,0,0,0,0,1,0,0,0,0,1,6,0,0,0,0,1,0,0,0,0,0,0,1,0,53,0,0,2,0,0,1,0,0,6,0,0,1,0,4,1,0,0,3,0,0,0,0,0,1,1,0,0,0,1,0,12,0,0,1,0,0,0,0,1,9,0,0,0,0,0,0,0,0,0,0,0,0,0,0,0,0,0,0,0,0,0,0,0,0,0,2,0,3,0,0,0,0,0,0,16,1,0,0,0,46,0,0,0,0,45,1,0,27,1,0,0,36,7,0,1,0,0,0,0,0,0,0,0,1,0,0,0,0,0,0,0,0,0,1,0,0,0,0,0,1,0,0,0,0,0,0,0,0,0,3,1,16,0,3,64,0,0,5,1,18,3,0,8,5,0,1,85,0,1,0,0,0,2,0,1,1,0,0,66,0,3,3,0,0,0,0,0,4,0,0,0,1,0,1,0,0,4,0,0,0,1,2,0,0,3,0,0,8,2,0,0,42,1,0,0,3,0,0,0,0,0,0,2,0,0,0,0,0,1,0,0,0,0,0,0,0,0,0,1,0,0,0,0,0,0,0,0,0,0,0,0,0,0,0,0,0,0,0,0,0,0,0,0,0,0,0,0,0,0,0,1,0,0,2,1,4,0,0,2,2,1,31,0,2,4,6,2,0,0,0,1,0,0,0,0,0,0,1,0,0,0,1,0,0,0,0,1,6,13,2,0,0,1,0,0,1,35,0,2,0,6,0,0,5,0,0,0,3,0,0,0,0,0,1,3,1,0,0,0,1,0,0,0,0,0,0,0,0,0,0,0,0,0,3,0,2,0,0,0,0,0,0,1,0,0,0,1,0,0,0,1,0,0,0,0,0,0,2,0,0,0,0,0,2,0,0,5,0,5,3,0,6,0,0,0,0,0,0,0,0,0,4,0,0,0,0,0,0,1,0,0,0,0,0,1,17,3,0,2,0,11,0,0,0,0,0,0,1,11,0,6,0,0,0,14,5,0,150,0,1,0,1,3,0,28,1,31,0,0,0,0,0,28,97,0,1,0,0,0,0,1,15,0,0,0,0,0,0,0,7,0,0,2,0,0,0,0,0,1,1,1,0,0,0,0,1,0,1,1,2,0,0,0,0,0,7,5,2,0,0,1,0,0,0,1,0,0,0,0,0,0,0,1,0,0,2,0,1,0,0,0,2,0,0,1,0,1,0,0,0,0,0,0,8,8,4,5,2,0,0,1,3,1,2,0,4,9,13,1,61,3,1,1,0,1,0,25,0,0,1,0,0,0,2,0,0,104,0,15,8,0,4,3,10,0,3,1,5,2,0,0,0,0,0,1,0,0,0,0,3,4,0,0,0,0,2,2,0,0,0,0,0,83,0,1,0,1,0,0,0,0,1,20,0,0,0,24,0,0,1,0,0,0,2,1,0,1,0,0,0,0,0,0,0,0,0,0,5,29,0,0,0,1,0,31,1,0,0,0,0,0,0,0,34,0,1,0,0,1,0
3,1104,ESCOLA MUNICIPAL PREFEITO LINNEU FERREIRA DO AMARAL,"RUA RORAIMA, N. 1570, VILAS OFICINAS",CAJURU,-25.4525528,-49.2082456,21,0,5083,4089,374,185,0,4,15,8,62,5,11,0,0,12,1,40,1,0,0,0,11,0,2,1,5,5,22,4,3,2,17,2,6,1,0,11,0,0,0,0,0,0,5,5,7,2,0,4,0,44,0,0,0,0,1,1,3,3,0,0,0,29,0,2,4,0,4,4,0,5,0,0,0,0,6,0,167,0,0,1,0,2,1,0,0,0,2,2,4,0,9,0,0,0,0,1,0,1,10,0,0,0,1,9,0,29,0,2,0,0,0,31,40,2,0,0,0,0,1,0,0,0,0,0,0,8,0,0,0,0,17,3,4,1,0,0,84,0,0,1,3,0,0,0,0,2,5,0,3,0,0,0,0,0,0,0,1,0,0,5,0,0,38,1,1,0,11,0,0,0,3,0,0,5,0,0,68,4,50,7,5,0,0,66,0,4,0,0,0,0,0,0,4,3,0,1,0,2,1,1,2,41,0,2,1,1,1,0,1,0,0,0,0,0,0,0,2,0,0,0,0,0,0,0,0,6,0,0,1,0,0,0,1,0,0,0,1,0,1,0,4,0,0,0,1,1,0,0,0,0,0,0,0,0,0,3,0,0,1,0,3,0,6,0,63,0,0,2,0,0,0,0,0,0,0,1,2,0,6,0,26,0,0,0,0,0,0,0,4,1,0,0,0,0,0,7,0,0,0,0,0,0,0,0,5,0,0,0,0,0,3,0,0,0,0,0,0,0,0,0,0,0,0,0,0,1,0,0,0,0,0,0,1,0,0,0,1,0,1,17,0,0,0,0,66,1,0,0,0,30,0,0,17,0,0,0,54,3,0,1,0,0,0,0,0,0,0,0,0,0,0,0,1,0,0,0,0,0,0,0,0,0,0,0,0,0,0,0,0,1,0,1,0,0,1,1,21,1,1,66,2,0,5,0,6,6,0,13,4,0,0,136,2,0,0,0,0,0,0,0,0,3,0,73,0,4,0,3,0,1,0,0,0,0,0,2,2,0,2,0,0,1,1,0,0,0,3,0,2,2,0,0,4,0,0,0,64,0,0,0,12,0,1,0,0,0,0,1,0,1,0,0,0,0,0,0,0,1,0,0,0,0,0,0,0,0,0,0,0,0,0,0,1,0,1,0,0,0,0,1,0,1,0,0,0,0,0,0,0,0,0,0,0,0,0,0,0,2,0,3,0,0,0,2,2,2,23,0,1,3,5,2,0,0,0,0,0,0,0,0,0,0,1,0,0,0,0,0,0,1,0,1,2,3,0,2,0,0,0,0,0,28,1,3,0,7,2,0,1,0,0,0,0,0,0,0,0,0,0,6,0,0,0,0,1,0,0,0,0,0,0,0,0,0,4,0,0,0,0,0,1,0,0,0,0,0,0,0,0,0,0,0,0,0,0,1,0,1,2,0,3,0,8,0,0,0,0,0,2,1,0,2,0,0,3,0,7,0,0,0,0,0,0,0,0,1,5,0,0,0,0,1,0,2,0,0,1,1,1,1,12,4,2,1,0,14,0,1,0,1,0,1,0,2,1,3,0,0,2,11,5,0,203,0,2,2,0,1,0,61,0,64,0,1,4,0,0,27,284,3,0,0,2,0,0,0,16,0,0,0,1,0,0,1,3,4,0,0,0,0,0,0,0,0,1,2,0,0,1,0,0,0,1,1,4,0,0,0,0,0,0,5,3,0,0,4,0,1,0,0,0,0,0,0,0,0,0,0,0,0,0,0,0,0,0,0,1,6,0,0,0,0,0,0,0,0,0,0,12,11,1,6,0,0,0,1,6,2,1,0,0,5,7,4,29,1,1,0,0,2,0,41,0,0,9,0,0,1,0,0,1,95,7,16,3,0,4,2,19,0,1,2,4,2,1,0,0,0,0,0,0,0,0,0,3,0,0,0,0,0,7,0,0,0,0,0,0,172,0,0,2,0,1,0,2,0,0,44,0,0,0,10,0,0,0,1,1,0,0,0,0,0,0,0,0,0,0,0,0,0,1,0,7,29,0,0,0,0,0,45,0,0,0,0,0,0,0,0,30,0,0,0,0,2,0
3,1112,COLÉGIO ESTADUAL NATÁLIA REGINATO,"RUA GOIÂNIA,  679, VILAS OFICINAS",CAJURU,-25.4548352,-49.2202622,21,0,2241,1791,147,106,0,0,7,3,29,1,3,1,0,7,1,26,3,0,0,0,7,0,1,0,4,3,7,0,2,0,10,0,2,4,0,5,0,0,0,0,0,0,5,0,3,1,0,2,1,31,4,0,0,0,2,0,2,1,0,0,0,10,0,2,9,0,0,2,0,0,0,0,0,0,4,0,63,0,0,0,0,5,0,0,0,0,0,0,0,0,10,1,0,0,0,0,0,0,5,0,0,0,0,8,0,12,1,2,0,0,0,18,31,1,0,0,0,0,0,0,0,0,0,0,1,7,0,0,0,0,3,0,1,0,0,0,24,2,0,0,2,0,0,0,0,0,6,0,2,0,1,0,0,1,0,1,0,0,0,5,3,0,13,0,1,0,4,0,0,0,3,0,0,1,0,0,18,1,23,5,0,2,0,33,4,6,0,0,0,1,1,1,1,0,1,0,0,1,0,0,0,12,0,0,0,0,0,0,0,0,0,2,0,0,0,0,1,0,0,1,0,0,0,0,0,1,0,0,5,0,0,0,4,0,0,0,0,0,0,0,0,0,0,0,1,3,0,0,0,0,1,0,0,0,0,0,0,0,0,0,0,0,1,1,35,0,0,1,0,0,1,0,1,2,0,0,0,0,1,0,2,0,0,0,0,0,0,0,1,0,0,0,0,0,0,5,2,0,0,0,0,0,0,0,0,0,1,1,0,1,0,0,0,0,0,0,0,0,0,0,0,0,0,0,0,0,0,0,0,3,0,0,0,0,0,0,0,1,0,7,0,1,0,0,33,0,0,0,0,12,0,0,6,0,0,0,21,4,0,1,0,0,0,1,0,0,0,0,0,0,0,0,0,0,0,1,0,0,0,0,0,0,0,0,0,0,0,0,0,0,0,1,0,0,3,0,6,0,0,33,0,0,1,2,4,5,0,3,2,0,0,47,0,0,0,0,1,0,0,0,0,0,0,28,0,3,0,0,0,0,0,0,3,0,0,0,0,0,2,0,0,0,0,0,0,0,7,0,0,1,0,0,0,0,0,0,26,0,0,0,4,0,0,0,0,1,0,0,0,0,0,0,0,0,0,0,0,0,0,0,4,0,0,0,0,0,0,0,0,0,2,0,0,0,0,0,0,0,0,0,0,0,0,1,0,0,0,0,0,0,0,0,0,0,0,0,0,0,1,1,0,1,1,0,1,0,8,0,2,1,4,0,1,0,0,0,0,0,0,0,0,0,1,0,0,0,0,0,0,0,0,0,0,9,0,0,0,0,0,0,1,23,0,0,0,2,0,0,0,0,1,0,2,0,0,0,1,0,0,1,0,0,0,0,0,0,0,0,0,0,0,0,0,1,0,0,0,0,0,0,0,0,0,1,0,0,0,0,0,0,0,0,0,0,0,2,0,0,0,0,0,0,5,0,0,0,1,0,0,0,0,0,0,1,0,0,3,0,0,0,0,0,0,0,0,1,3,0,0,0,0,0,2,2,0,0,1,0,0,0,10,2,0,1,0,9,0,0,0,2,0,1,0,8,0,2,0,0,2,5,3,1,72,0,2,0,2,1,0,12,0,21,0,0,0,0,0,13,62,1,1,0,0,0,0,0,6,1,0,0,0,0,0,0,3,0,0,1,0,0,0,0,0,0,0,0,0,0,1,0,0,0,0,0,0,0,0,0,0,0,2,2,0,0,0,0,1,0,0,0,0,0,0,0,0,0,1,0,0,0,1,0,0,0,0,0,0,0,0,0,0,0,0,0,0,1,0,0,0,1,3,1,4,0,0,1,1,0,0,0,1,3,2,0,12,1,0,0,0,0,0,16,0,0,1,0,0,1,0,0,0,52,2,10,2,0,1,3,8,0,0,0,2,4,0,0,0,0,0,0,0,0,1,0,6,1,0,1,0,0,1,1,0,0,0,0,1,43,0,0,0,0,0,0,0,0,0,8,0,0,0,24,0,0,0,0,0,0,0,0,0,1,0,0,0,0,0,0,3,0,0,0,5,22,0,0,1,0,0,11,1,0,0,1,0,0,0,0,24,1,0,0,0,2,0
3,1120,ESCOLA ESTADUAL PROFESSOR NILO BRANDÃO,"AV JORN. ADERBAL GAERTNER STRESSER, 748",CAJURU,-25.4709655,-49.2042646,21,0,4763,3849,289,196,0,1,3,6,58,5,2,0,2,16,1,53,2,0,0,0,18,0,2,0,3,5,25,2,3,1,7,0,4,2,0,14,2,0,0,0,0,0,7,1,12,4,1,6,0,62,0,1,0,0,0,0,0,3,0,0,6,24,0,1,0,0,1,3,1,5,0,0,0,0,3,1,99,0,0,0,0,5,0,2,0,0,0,1,0,2,17,2,0,0,1,0,0,1,8,0,0,0,0,9,0,13,0,2,0,2,0,22,35,2,0,0,0,0,5,0,1,1,0,0,2,1,2,0,0,0,7,0,1,0,1,1,104,1,0,0,5,1,0,0,0,3,4,0,5,0,0,0,0,2,0,0,2,0,0,5,7,0,9,0,1,0,21,1,0,1,1,1,1,3,0,2,84,3,84,5,2,2,0,71,9,2,0,0,1,0,1,4,1,1,0,0,2,1,0,1,1,71,0,0,2,0,3,0,0,0,0,0,0,0,0,1,0,0,0,0,0,0,0,0,0,12,0,0,3,0,0,0,4,0,0,0,2,2,1,0,0,0,0,0,0,0,0,3,0,0,0,0,0,0,0,2,0,0,0,0,0,0,1,0,55,0,0,0,0,0,0,0,0,0,0,1,0,0,5,1,4,1,0,0,0,0,0,0,3,0,0,0,0,0,0,6,0,0,0,0,0,0,0,4,9,0,0,0,0,1,3,0,0,1,0,0,0,0,0,2,0,0,0,0,0,1,0,0,0,1,3,0,0,0,0,0,1,0,0,24,4,0,0,0,71,0,0,0,0,36,0,0,19,0,0,0,72,6,0,1,0,0,0,1,0,0,0,0,0,0,0,0,0,0,0,1,0,0,0,0,0,0,0,0,0,0,0,0,0,1,0,2,0,0,17,0,17,0,0,80,0,1,2,2,15,12,0,12,8,0,2,82,2,2,0,3,0,1,0,0,0,2,1,52,0,3,1,1,0,0,0,0,1,0,0,1,7,0,0,0,4,3,0,0,0,0,7,2,2,1,0,0,1,0,0,0,27,0,1,1,0,0,0,0,0,1,0,0,0,0,0,0,0,0,0,0,0,0,0,0,3,0,0,0,0,0,0,1,0,0,0,0,0,2,3,0,0,0,0,0,0,0,0,0,1,0,0,0,0,0,0,0,0,0,0,2,0,0,1,5,2,0,0,2,3,1,35,0,7,6,16,2,0,0,1,5,0,0,0,0,0,0,0,2,0,0,1,0,4,1,0,0,1,3,0,0,0,0,1,0,0,27,0,5,0,8,0,3,1,0,3,0,1,0,0,0,0,0,0,4,0,0,1,0,0,0,0,0,0,0,0,0,0,2,1,0,0,0,0,0,2,1,2,0,0,0,0,2,0,0,0,0,0,0,0,1,0,0,0,0,0,0,1,0,0,1,0,1,3,0,0,4,0,4,0,0,4,0,3,0,0,0,0,0,0,2,2,0,0,1,0,1,1,5,0,3,0,0,0,0,12,4,0,0,0,16,0,0,0,0,0,0,0,9,3,6,0,0,4,11,8,0,138,0,4,0,5,2,0,63,0,50,0,0,1,0,0,19,118,3,5,0,0,0,0,0,20,0,0,0,1,0,0,1,4,3,0,6,2,0,0,0,0,0,0,1,0,1,0,0,2,0,0,2,0,4,0,0,0,0,0,7,2,0,0,0,0,3,0,0,0,0,0,0,0,0,0,0,1,0,2,0,0,0,1,0,0,1,0,0,0,0,0,0,0,0,0,0,14,16,0,10,2,0,0,2,6,2,1,0,0,8,9,6,20,4,1,1,0,0,1,24,2,3,0,0,4,0,0,0,0,156,4,6,11,0,14,2,39,0,4,2,2,3,1,0,0,0,0,0,0,0,0,0,5,1,0,0,0,0,2,0,0,0,0,0,1,107,0,1,0,0,0,0,0,0,0,14,0,0,1,25,1,0,0,0,0,3,0,9,0,0,0,0,3,0,0,0,1,0,0,0,10,44,0,2,0,0,0,37,1,0,0,1,0,0,0,0,52,1,0,0,0,3,0
3,1139,ESCOLA ESTADUAL DEPUTADO OLÍVIO BELICH,"RUA ENGENHEIRO COSTA BARROS, N. 629, VILA CAMARGO",CAJURU,-25.4599911,-49.2118333,21,0,5861,4662,446,208,0,2,12,7,75,2,10,0,0,17,1,39,3,0,1,1,8,1,0,0,5,8,33,5,3,0,26,0,3,1,0,11,0,0,0,0,0,0,3,1,13,10,0,1,0,74,5,2,0,0,0,0,1,9,0,0,2,14,0,4,6,0,3,8,2,2,0,0,0,2,4,0,142,0,1,1,0,7,0,0,0,0,0,2,3,1,15,4,0,1,0,1,0,0,17,0,0,0,0,22,0,17,0,3,1,1,0,42,91,2,0,0,0,0,1,0,0,0,0,0,1,10,0,0,0,0,38,0,1,0,1,0,101,1,1,0,11,0,1,1,0,1,2,0,6,0,2,0,0,1,0,1,0,0,0,9,10,0,18,0,0,0,16,0,0,0,2,2,1,0,1,1,86,4,81,6,1,2,0,74,3,8,1,0,1,0,0,2,14,0,0,0,0,1,0,1,2,62,0,0,0,1,2,1,0,0,0,1,1,0,1,0,0,0,0,0,0,0,0,0,0,8,0,0,1,0,0,0,2,0,0,0,0,1,0,0,0,0,0,0,0,1,0,0,0,0,4,0,0,0,0,0,0,0,0,0,1,1,1,1,36,0,0,0,0,0,2,0,0,1,0,2,4,0,15,1,14,0,1,0,0,0,0,0,10,1,0,0,2,0,0,17,2,0,0,1,0,0,0,1,31,0,0,0,0,3,1,0,0,0,0,0,0,0,0,1,0,0,0,0,0,0,2,0,0,0,1,0,1,0,0,0,4,2,1,20,1,0,1,0,68,0,0,0,2,44,0,0,15,0,0,2,67,6,0,7,0,0,0,0,0,0,1,0,0,0,0,0,0,0,0,0,1,1,1,0,0,0,0,0,0,0,0,0,0,0,0,2,0,1,12,2,13,1,0,93,0,0,0,2,25,7,0,18,2,1,0,122,2,1,2,7,6,0,0,1,1,1,0,74,0,2,0,2,1,0,0,1,0,0,1,0,1,0,2,0,0,3,0,0,0,1,3,0,0,3,0,0,1,0,0,0,44,0,1,1,7,0,1,0,0,0,0,3,0,0,0,0,0,0,0,0,0,0,0,0,2,0,0,0,0,0,1,0,3,0,0,0,0,0,3,0,0,0,0,1,0,2,0,0,0,2,1,0,0,0,0,0,1,0,0,0,1,0,1,1,1,1,3,1,8,2,30,0,6,1,16,1,0,0,0,0,0,0,0,1,0,0,0,1,0,0,1,1,0,0,0,1,1,5,0,0,0,1,0,0,2,41,0,6,0,12,2,2,3,0,1,0,0,0,0,0,1,1,0,0,0,0,0,0,0,0,1,0,0,0,0,1,0,0,2,0,0,0,0,0,1,0,0,0,0,0,0,0,2,0,0,0,0,1,0,3,0,0,1,0,0,0,9,0,0,0,2,0,0,0,0,7,0,3,2,0,9,0,0,0,1,0,0,0,0,0,1,0,0,0,0,0,2,4,0,1,0,0,0,0,22,6,0,0,0,19,0,0,1,0,0,0,2,10,3,7,0,1,1,10,7,0,183,0,2,0,2,1,0,85,0,63,1,0,4,0,1,60,159,0,2,0,0,0,0,0,25,0,0,0,2,0,0,1,9,1,0,0,1,0,0,0,0,0,0,1,1,1,0,0,1,0,0,1,2,2,1,0,0,0,3,4,0,0,0,2,0,0,2,0,0,0,0,0,0,0,0,0,0,3,0,0,0,2,0,0,0,3,0,0,1,0,0,0,0,0,0,0,22,14,7,10,3,0,0,1,4,0,0,0,2,2,8,1,19,6,0,1,0,1,0,36,0,0,1,0,0,0,0,0,0,170,12,7,9,1,4,9,46,0,4,2,4,1,0,0,0,0,0,1,0,0,1,0,3,4,0,0,0,0,0,3,2,0,0,0,1,90,0,2,2,0,1,0,0,0,1,31,1,1,0,31,16,0,0,0,1,0,2,1,0,0,0,0,0,0,1,1,0,2,0,0,5,41,1,1,1,0,0,51,0,1,0,1,0,0,0,0,38,9,0,0,0,7,0
3,1147,ESCOLA MUNICIPAL PREFEITO OMAR SABBAG,"RUA PEDRO BOCCHINO, N. 140, VILAS OFICINAS",CAJURU,-25.450722,-49.2181567,21,0,8014,6290,549,316,0,11,17,22,93,2,18,0,0,21,1,75,3,0,0,0,13,1,12,1,7,8,41,8,5,0,31,1,7,8,1,15,3,0,1,0,0,3,9,2,14,2,0,8,2,81,0,0,0,0,0,1,3,2,0,4,2,26,0,0,49,0,1,6,1,0,0,0,0,3,3,6,193,0,0,0,0,4,2,1,0,0,0,6,0,0,26,0,0,0,0,1,2,1,14,0,0,0,0,21,0,14,2,4,2,2,4,51,88,2,0,0,0,0,0,0,0,0,0,1,2,9,2,0,0,0,15,5,8,3,0,0,140,1,0,0,1,0,0,0,0,3,4,0,5,0,1,1,0,1,0,0,0,0,0,9,13,0,41,0,0,0,22,1,1,2,4,0,0,4,0,12,145,6,101,13,12,0,0,104,6,6,1,0,2,3,0,6,9,0,1,1,2,0,1,4,1,92,0,0,0,2,3,0,0,1,0,2,0,0,1,1,0,0,0,1,0,0,0,0,0,14,0,0,6,0,0,0,6,0,0,0,2,5,2,0,6,0,4,0,0,2,0,0,0,0,9,1,0,0,0,0,0,0,1,2,3,0,1,0,90,0,0,1,0,0,7,0,3,2,0,4,6,0,7,0,9,0,1,2,1,0,0,0,11,0,0,0,1,2,1,18,0,0,0,0,0,0,0,4,6,0,5,1,0,0,1,1,0,0,0,0,0,0,0,3,0,0,1,0,0,0,1,0,0,2,4,0,0,0,0,0,0,1,0,55,2,1,0,0,78,0,0,0,0,55,1,1,22,1,0,0,67,15,0,2,1,0,1,0,0,0,0,0,0,0,0,0,0,0,1,0,0,0,0,1,0,0,0,0,0,0,0,0,0,0,0,1,0,0,7,4,44,0,0,110,0,1,2,2,19,13,0,27,2,0,2,131,1,0,0,5,4,4,0,0,1,3,0,139,1,1,1,1,1,0,1,1,0,0,7,0,1,0,2,1,1,4,1,0,0,0,17,0,0,4,0,0,10,1,0,0,94,1,1,0,11,0,1,0,0,0,0,0,0,0,0,0,0,0,0,0,0,0,1,0,5,0,0,0,0,0,0,0,0,0,2,0,0,0,2,0,0,0,0,0,0,1,0,1,3,0,2,0,0,0,0,0,0,0,0,1,0,4,3,3,0,0,0,5,3,0,40,0,4,0,13,3,0,0,0,1,0,0,0,0,0,0,0,0,0,0,6,0,0,0,0,0,1,27,2,0,0,0,0,0,0,53,1,5,0,5,1,1,6,1,6,0,2,0,0,0,0,0,1,6,0,0,0,0,1,0,0,1,0,0,0,0,0,0,0,0,0,2,1,0,3,1,1,1,1,0,0,1,0,0,1,0,0,0,0,0,0,0,0,0,0,0,0,0,0,0,1,2,2,0,0,5,0,1,1,0,6,0,3,0,0,0,0,0,0,1,5,0,0,1,0,1,0,6,0,0,0,0,0,0,27,7,1,0,0,44,0,0,0,1,0,0,0,5,0,8,0,0,2,18,9,1,252,0,3,1,2,2,0,66,0,64,0,0,1,0,0,37,242,5,3,0,0,0,0,0,17,0,0,0,0,1,0,1,10,2,0,4,0,0,0,0,0,2,3,0,0,0,1,0,1,0,2,1,3,1,0,2,0,1,2,5,3,0,0,2,0,0,0,0,0,0,0,0,0,0,0,0,0,0,0,0,0,0,0,0,0,1,0,0,0,0,0,0,0,4,0,0,22,9,5,6,4,4,0,0,11,2,7,0,0,12,18,3,72,3,5,3,0,2,0,68,1,0,0,0,1,0,0,0,0,234,6,27,16,1,6,7,18,1,4,2,7,0,0,1,0,3,0,3,0,0,0,0,8,8,0,1,0,0,4,3,0,1,0,0,3,182,0,2,4,0,0,0,0,0,3,38,1,1,0,84,4,0,0,1,0,1,2,5,0,0,0,0,0,0,0,1,1,1,0,0,12,42,0,0,0,0,0,32,2,0,0,3,0,0,0,0,47,6,0,0,0,3,3
3,1155,ESCOLA ESTADUAL SANTA ROSA,"RUA AMÍLTON PORTUGAL PEREIRA, 515, SOLITUDE",CAJURU,-25.4759929,-49.1948777,21,0,3867,3007,328,142,0,1,6,8,45,1,6,0,0,22,1,30,1,0,0,4,3,1,0,0,3,8,20,0,1,0,15,0,5,3,0,14,0,0,0,0,0,0,4,2,5,7,0,2,1,73,0,0,0,0,0,1,0,1,0,0,0,21,4,1,1,0,0,6,0,3,0,1,0,1,4,4,120,0,0,0,0,5,0,0,0,0,0,1,0,0,5,0,0,0,0,0,0,0,2,0,0,0,0,5,0,6,0,2,0,2,1,13,38,1,0,0,0,0,0,0,1,0,0,1,0,1,0,0,1,0,0,0,2,0,1,0,32,1,0,0,2,0,0,0,0,0,2,0,2,0,0,0,0,0,0,0,0,0,6,4,1,0,15,0,0,0,15,0,0,0,0,2,0,3,0,14,57,4,60,6,0,4,0,43,0,2,0,0,1,0,0,4,2,1,0,0,0,0,0,0,0,44,0,0,0,0,1,0,0,1,0,1,0,0,0,0,0,1,0,0,0,0,0,0,0,0,0,0,0,0,0,0,4,0,0,0,2,0,0,0,1,0,1,0,0,0,0,0,0,2,9,3,0,0,2,0,0,0,0,0,0,2,3,0,50,0,0,0,1,0,0,1,0,0,1,0,1,0,1,0,2,0,2,0,0,0,0,0,4,0,0,0,1,0,0,4,0,0,0,0,0,0,0,0,2,0,0,0,0,0,2,0,0,0,0,0,0,0,0,0,0,0,0,0,0,0,0,0,0,0,0,2,4,0,0,0,0,0,0,22,0,0,0,0,36,0,0,0,1,30,0,0,8,0,0,0,12,8,0,0,0,0,0,0,0,0,0,0,0,0,0,0,0,0,0,0,0,0,0,0,0,0,0,0,0,0,0,0,0,0,0,0,0,0,22,1,6,0,0,44,0,0,1,1,17,4,2,9,0,0,1,170,2,0,0,1,1,0,0,1,0,0,0,44,0,1,1,0,0,0,0,0,0,0,1,0,0,0,0,0,0,0,0,0,0,0,3,0,0,0,0,0,2,0,0,0,16,0,0,0,6,0,1,0,0,0,0,0,0,0,0,0,0,0,0,0,0,0,0,0,0,0,2,0,0,0,0,0,0,0,0,0,0,0,0,0,0,0,0,2,0,0,0,0,0,0,0,0,0,0,0,0,0,0,0,0,0,0,0,1,1,1,0,0,1,0,14,0,2,0,7,0,0,0,0,0,0,0,0,0,0,1,1,1,0,0,0,1,0,0,0,0,0,7,0,1,0,0,0,0,1,15,0,0,0,0,0,1,8,0,2,0,0,0,0,0,0,0,2,0,0,0,0,0,0,0,0,0,0,0,0,0,0,0,0,0,0,0,0,0,0,0,1,0,0,0,0,0,0,0,0,0,0,0,0,0,0,0,0,0,0,0,2,1,0,0,0,0,0,0,0,0,0,0,0,0,2,0,4,0,0,0,0,0,0,1,1,0,0,0,0,5,0,4,0,2,0,1,3,0,11,1,0,0,0,5,0,0,0,0,0,0,0,5,1,0,0,0,0,3,12,0,131,0,0,0,0,0,0,53,1,36,0,0,2,0,0,28,72,6,0,0,0,0,1,0,6,0,0,0,1,0,1,2,3,0,0,1,0,0,0,0,1,0,0,0,2,0,0,0,0,0,0,1,0,0,0,1,1,0,0,0,0,1,0,1,0,0,0,0,1,0,0,0,0,0,1,2,0,0,1,0,0,0,0,0,0,4,0,0,0,0,0,0,0,2,0,0,5,5,1,20,0,1,0,0,1,0,0,0,0,4,4,2,11,6,0,0,0,0,0,14,0,0,0,0,0,0,0,0,3,51,8,1,1,1,4,5,11,0,0,4,9,2,0,0,0,0,0,2,0,4,1,0,5,3,0,0,0,0,0,0,0,0,0,0,0,132,0,1,0,0,0,0,0,0,0,30,1,0,0,10,0,0,0,0,0,0,0,5,0,0,0,1,0,0,0,0,0,1,0,0,5,54,0,0,0,0,0,38,0,0,0,0,0,1,0,0,102,1,0,0,0,5,0
3,1163,COLÉGIO ESTADUAL SENHORINHA DE MORAES SARMENTO,"RUA CATULO DA PAIXÃO CEARENSE, N. 1000, CENTENÁRIO",CAJURU,-25.4645076,-49.2046715,21,0,9783,7588,754,331,0,10,15,24,117,6,11,0,6,33,2,74,5,1,0,0,8,3,6,3,10,19,63,9,5,3,44,1,20,8,3,17,1,0,2,0,0,1,2,12,10,1,0,6,0,128,4,3,7,2,0,0,7,13,0,0,0,105,0,3,9,0,1,6,3,6,0,0,0,5,6,0,286,0,0,0,1,6,0,2,0,0,0,5,5,0,12,2,0,1,1,1,0,1,32,0,1,0,1,11,1,25,0,4,0,3,0,43,121,4,1,0,1,0,1,0,0,0,0,0,4,18,2,0,2,0,73,0,2,1,1,1,82,4,1,0,8,0,0,2,0,1,3,0,6,0,1,1,1,0,0,0,1,2,1,22,5,0,48,1,1,0,27,2,0,2,7,5,1,4,0,8,171,14,145,7,5,3,0,145,2,8,0,0,8,0,1,12,2,0,0,0,4,3,1,1,1,131,0,2,2,0,0,0,0,1,5,0,0,0,0,1,1,1,0,0,0,1,0,0,0,14,0,0,2,0,0,1,1,0,1,0,0,0,1,0,0,0,2,0,0,2,0,0,0,1,3,0,0,0,0,0,0,1,0,0,5,2,9,0,99,0,0,3,0,0,0,0,1,1,0,1,2,0,6,0,18,0,0,0,1,0,0,0,14,0,0,0,0,0,0,20,0,0,1,0,0,0,0,6,33,0,1,0,0,0,1,3,1,1,0,0,0,0,0,1,0,0,0,0,0,1,1,1,0,1,2,1,0,1,0,0,0,1,0,28,2,0,0,0,100,0,1,0,0,62,0,0,23,1,0,0,69,9,0,3,0,0,0,0,1,1,1,0,0,0,0,2,0,0,0,0,0,0,0,0,0,0,0,0,1,0,0,0,0,0,0,2,0,1,38,3,28,2,0,87,0,0,6,1,11,5,0,19,7,1,2,242,0,2,0,3,3,2,0,2,2,4,0,110,1,1,2,2,1,1,1,0,0,0,5,0,1,0,1,0,0,20,0,0,0,0,13,0,0,1,0,0,0,1,0,0,49,0,0,0,6,0,3,0,0,2,0,0,0,0,0,0,0,0,0,0,3,1,0,1,1,0,0,0,0,0,1,0,0,0,0,0,0,1,4,0,1,0,0,0,0,0,0,0,3,1,0,0,0,0,0,0,0,0,1,1,0,0,1,2,0,0,0,0,6,0,35,0,4,3,12,2,0,0,1,2,0,0,0,0,0,0,3,2,0,0,1,2,4,0,0,2,5,12,1,2,0,0,1,0,0,93,0,3,0,11,0,1,3,0,7,0,0,0,0,0,1,0,2,4,0,0,0,0,0,0,1,0,0,0,0,0,0,0,1,0,0,0,0,0,8,2,2,0,0,0,0,0,0,0,1,0,0,0,0,4,0,0,0,0,0,0,8,1,0,0,2,0,0,0,0,10,0,3,0,0,12,0,3,0,0,0,0,0,2,1,5,0,0,0,0,1,0,9,0,2,0,0,2,0,24,12,1,0,0,17,0,1,1,0,0,0,1,11,0,5,0,0,4,11,11,3,272,1,2,0,4,4,1,247,1,94,0,1,3,3,1,63,191,4,0,1,0,0,1,0,30,0,0,0,1,1,1,1,8,1,0,3,1,0,0,0,0,0,2,4,0,0,0,0,0,0,1,3,0,0,0,1,2,0,1,7,2,0,0,3,0,0,0,0,0,0,0,0,0,0,4,0,0,0,1,0,0,2,0,0,0,6,1,0,1,0,0,0,0,1,0,0,27,18,2,14,0,3,1,1,7,0,0,0,1,7,22,9,43,6,3,0,0,2,0,39,1,0,1,0,1,0,1,0,1,216,8,13,10,2,8,6,86,0,0,3,7,1,3,0,0,0,0,1,0,0,0,0,19,3,0,0,0,0,5,1,0,0,0,0,5,229,0,0,2,0,4,0,3,0,0,76,3,0,0,48,7,0,0,0,0,0,2,16,1,0,0,0,0,0,0,0,1,4,1,0,7,84,1,2,1,2,0,88,0,0,0,1,2,0,0,0,152,5,0,0,0,5,1
3,1198,ESCOLA MUNICIPAL PROFESSOR ENÉAS MARQUES DOS SANTOS,"RUA OSMÁRIO DE LIMA, N. 100",CAPAO DA IMBUIA,-25.433934,-49.2188575,20,0,3968,3165,203,136,0,3,7,15,46,1,1,0,1,11,0,33,3,0,0,0,8,0,1,2,2,5,16,3,1,1,15,0,6,5,0,7,3,0,0,0,0,1,1,5,4,7,0,1,9,31,3,0,3,0,1,0,2,6,0,0,0,14,0,0,4,0,1,18,0,2,0,0,0,0,0,2,83,0,0,0,0,2,0,0,0,0,0,1,0,0,9,0,0,1,0,0,1,0,4,0,1,0,1,10,0,15,0,0,0,1,0,17,29,3,0,0,0,0,0,0,0,4,0,0,3,4,1,0,1,0,4,0,8,3,1,1,83,1,0,0,1,0,0,1,2,0,4,0,3,0,0,0,0,0,0,0,0,0,0,3,14,0,13,0,0,0,15,0,0,0,3,0,0,4,0,0,79,4,48,6,2,1,0,60,0,2,0,1,3,0,0,0,7,0,0,0,1,1,1,4,0,48,0,0,0,2,2,0,0,0,0,0,0,0,0,0,0,0,0,0,1,0,2,0,0,2,0,0,1,0,0,0,1,0,0,0,0,0,0,0,3,0,0,0,0,0,0,0,0,0,2,0,0,0,0,0,0,0,0,0,3,0,1,0,13,0,0,1,0,0,0,0,0,0,0,1,0,2,3,3,17,0,1,0,2,0,0,0,2,0,0,0,0,0,0,9,0,0,0,0,0,0,0,0,2,0,3,0,2,1,2,0,0,0,0,0,1,0,0,0,0,0,0,0,0,0,0,0,1,1,0,0,0,0,0,0,0,0,0,26,2,0,0,0,40,0,0,0,0,65,0,1,28,0,0,0,47,2,0,0,0,0,0,1,0,0,0,1,0,0,0,0,0,0,0,0,0,0,0,0,0,2,2,0,0,1,0,0,0,0,0,0,0,0,8,1,13,2,0,88,0,0,4,4,10,8,1,19,3,0,1,51,2,0,1,3,3,0,1,0,0,5,0,50,1,4,5,1,0,0,0,0,0,0,2,0,0,1,0,0,0,0,0,0,0,0,6,0,0,0,0,1,0,0,0,0,36,0,0,0,6,0,1,0,0,0,0,0,2,0,0,0,0,0,0,0,0,0,0,0,0,0,0,0,0,0,0,0,0,0,0,0,0,0,2,0,0,0,0,0,0,36,0,0,0,0,0,0,0,0,0,0,0,0,0,0,0,0,2,3,0,0,0,2,4,3,25,0,3,1,4,0,0,0,0,1,0,0,0,0,0,0,0,0,0,0,0,0,0,2,0,0,0,10,0,5,0,0,0,0,0,19,0,10,0,6,0,0,0,0,1,0,1,0,0,0,0,0,0,2,0,0,0,0,1,0,0,0,0,0,0,0,0,0,1,0,0,2,0,0,2,0,0,0,2,0,0,0,0,0,0,0,0,0,0,0,0,0,0,0,0,0,5,0,1,0,0,0,3,0,1,0,0,0,0,1,2,0,0,0,0,0,0,0,0,0,2,0,0,0,0,1,1,2,0,0,0,0,0,3,19,2,0,0,0,19,0,0,0,0,0,0,5,3,1,4,0,3,3,5,0,4,112,0,2,0,3,3,0,23,0,41,0,0,0,0,0,18,145,0,0,0,0,0,1,0,22,1,0,0,0,0,0,1,6,2,0,6,1,0,0,0,0,0,1,0,0,1,0,0,4,0,1,0,4,1,0,0,0,0,4,2,1,0,0,0,0,0,1,0,0,0,0,0,0,0,0,0,0,0,1,0,0,0,0,0,0,0,2,0,0,0,0,0,0,0,0,0,6,9,7,3,0,3,0,0,1,2,2,0,4,2,7,8,26,2,1,0,1,0,0,28,0,0,4,0,2,0,0,0,1,161,8,3,10,0,8,1,2,0,1,0,12,3,0,0,0,0,3,4,0,0,0,0,3,12,0,0,0,0,9,9,0,0,0,0,2,114,0,1,0,0,0,0,0,0,1,5,0,0,1,22,1,0,0,1,0,0,6,1,0,0,1,0,0,1,0,2,0,0,0,0,4,10,0,1,3,0,0,34,2,0,0,0,0,0,0,0,7,1,0,0,0,4,0
3,1201,ESCOLA MUNICIPAL C.E.I. EVA DA SILVA,"RUA FREDERICO STADLER JÚNIOR, N. 1670",CAPAO DA IMBUIA,-25.4412945,-49.2052541,20,0,5216,4240,383,200,0,4,5,12,73,3,2,1,1,15,0,36,3,0,0,0,12,1,0,1,1,6,21,4,3,1,20,0,14,6,2,11,1,0,0,0,0,0,5,3,6,1,0,8,1,52,1,0,0,0,1,2,3,4,1,1,0,24,0,0,0,0,3,8,0,1,0,0,0,2,1,5,133,0,0,0,0,7,0,2,0,0,0,4,0,0,10,0,0,1,0,0,0,2,6,0,1,0,0,11,0,13,2,2,0,0,0,18,46,4,0,0,0,0,1,0,0,1,0,1,3,17,2,3,0,0,5,0,1,3,0,0,66,1,0,0,0,0,0,0,0,0,7,0,1,0,2,0,0,2,0,2,0,0,4,13,9,0,16,0,0,0,21,0,0,1,2,1,0,0,3,0,60,2,75,7,1,4,0,67,0,4,0,1,3,0,0,1,1,0,1,0,0,0,0,3,0,56,0,2,1,2,3,0,0,0,0,0,0,0,0,0,0,0,0,0,1,0,0,0,0,4,0,0,3,1,0,1,1,0,1,0,0,1,2,0,2,0,0,0,0,0,0,0,0,0,0,2,0,0,0,0,0,0,0,2,0,1,1,0,40,0,0,1,0,1,0,0,0,1,0,7,2,1,2,2,10,0,1,0,2,0,0,0,4,0,0,0,0,1,1,8,0,0,0,2,0,0,0,1,5,0,0,0,0,0,0,0,0,0,0,0,0,0,0,0,0,0,0,0,0,0,0,0,0,0,0,0,1,0,0,0,2,0,0,17,0,0,0,0,58,0,0,1,1,109,0,0,17,0,0,0,46,9,0,0,0,0,0,4,0,0,1,0,0,0,0,0,0,0,0,0,0,0,0,0,0,0,0,0,0,0,0,0,0,0,0,2,0,0,6,1,14,0,0,73,0,0,4,0,10,2,0,43,7,0,1,93,1,2,0,5,0,4,0,0,0,6,0,117,1,2,2,0,1,0,0,0,0,0,0,0,0,0,0,0,0,0,0,0,0,0,2,0,0,1,0,0,0,0,0,0,49,0,0,0,10,0,3,0,0,0,0,0,0,0,0,0,0,0,0,0,5,0,0,0,2,0,0,0,0,0,0,0,0,0,0,0,0,0,0,0,2,0,0,0,0,21,0,0,1,2,0,0,0,0,0,0,0,0,0,0,0,0,0,2,0,0,0,3,4,2,26,0,0,0,11,0,0,0,0,2,0,0,1,0,0,0,0,1,0,0,0,0,0,1,0,0,1,17,0,3,0,0,0,0,0,38,0,11,0,5,1,0,6,0,1,0,1,0,0,0,1,0,0,2,0,0,0,0,0,0,0,0,0,0,0,0,0,2,3,0,0,0,0,0,4,4,0,0,0,0,0,0,1,0,0,0,0,0,0,1,0,0,0,0,0,0,1,0,0,0,1,0,0,0,0,2,0,2,0,0,4,0,0,0,0,0,0,0,0,0,1,0,0,1,0,0,0,2,0,0,0,0,1,0,23,4,0,0,0,15,0,0,1,1,0,0,0,8,1,5,0,0,0,12,3,3,121,0,3,0,8,5,0,18,0,60,0,3,0,0,0,20,295,0,1,0,1,0,0,0,11,1,0,0,0,1,0,1,5,3,0,2,0,0,0,0,0,0,0,5,0,0,0,0,2,0,1,0,2,0,0,0,0,0,4,1,1,1,0,0,0,0,1,0,0,0,0,0,0,1,0,0,0,0,3,0,0,0,0,0,1,5,2,0,0,0,0,0,0,0,0,0,7,6,7,9,2,0,0,3,0,0,1,0,2,7,6,2,24,4,1,0,0,0,0,25,1,0,4,0,0,0,2,1,0,143,1,14,9,0,6,1,6,0,4,0,5,3,0,0,0,0,1,3,1,0,0,0,2,8,0,2,0,0,36,2,0,0,0,0,0,278,0,1,5,0,0,1,1,0,1,22,0,2,3,33,1,0,0,0,0,0,3,1,0,1,0,0,2,0,0,0,0,0,2,0,3,27,0,0,6,0,0,31,1,0,0,0,0,0,0,0,10,9,0,0,0,5,0
3,1210,COLÉGIO ESTADUAL PROFESSORA MARIA AGUIAR TEIXEIRA,"AV PRESIDENTE AFFONSO CAMARGO, N. 3463",CAPAO DA IMBUIA,-25.4395174,-49.2278613,20,0,6814,5373,389,228,0,4,11,13,73,3,5,0,2,14,3,47,3,0,1,0,23,1,5,0,2,11,22,5,4,0,29,1,1,2,0,28,4,0,0,0,0,1,10,3,11,7,0,1,2,44,1,0,0,0,5,0,3,8,0,0,3,19,0,0,5,0,1,15,1,2,1,0,1,4,0,0,148,0,0,0,0,2,0,0,0,0,0,2,0,0,21,0,0,0,1,0,0,1,5,0,0,0,0,21,0,32,0,3,1,4,1,30,56,1,0,1,0,0,1,0,0,0,0,0,2,16,1,0,6,0,4,2,5,0,0,1,164,0,0,0,0,0,0,0,3,0,5,0,3,0,1,0,2,0,0,4,0,1,0,6,12,0,23,0,0,0,37,0,0,0,1,2,1,4,2,0,168,8,84,20,2,1,1,119,5,6,0,0,6,1,1,7,6,1,0,2,0,3,0,1,2,86,0,0,1,0,0,0,0,1,0,3,1,0,0,5,0,1,0,0,0,0,0,0,0,7,0,1,8,0,0,0,1,1,1,0,1,1,0,0,1,0,0,0,0,1,0,1,0,1,4,0,0,0,0,0,0,0,0,0,1,1,2,0,32,0,1,4,0,0,0,0,0,2,1,2,3,0,3,0,14,0,0,0,0,0,0,0,8,0,0,0,0,0,0,22,0,0,0,0,0,1,0,2,2,0,11,0,0,0,2,0,0,0,0,0,0,0,1,0,0,0,0,0,0,1,0,0,0,1,2,0,0,0,0,0,3,0,0,34,2,0,0,0,89,0,0,0,0,91,0,0,18,0,0,1,101,3,0,4,0,0,0,3,0,0,2,2,0,0,0,0,0,0,0,0,0,1,1,0,0,0,0,0,0,0,0,0,0,0,0,0,0,0,12,4,30,0,0,154,1,0,14,5,18,12,1,21,5,0,1,92,5,3,0,4,5,0,1,2,0,7,1,118,0,10,1,0,0,0,0,0,3,0,2,0,8,2,3,0,6,0,1,0,0,0,16,0,1,1,0,0,0,0,0,0,65,1,1,1,9,0,2,1,0,0,1,0,0,0,0,0,0,0,0,0,0,0,0,0,5,0,0,0,0,0,0,0,0,0,1,0,0,0,1,0,0,0,0,0,0,21,0,0,1,1,0,0,0,0,0,1,0,0,0,0,0,2,0,4,2,0,1,4,8,2,54,0,7,0,26,0,1,0,0,3,0,0,0,1,0,0,1,4,1,0,3,0,0,0,0,1,6,7,1,7,0,1,1,0,0,21,0,13,0,17,0,1,5,0,2,0,0,0,0,0,3,0,0,3,0,0,0,0,0,0,0,0,0,0,0,0,0,0,0,0,0,1,3,0,0,1,8,0,1,0,0,2,0,0,0,0,0,0,0,1,0,0,0,0,0,0,7,1,0,0,1,0,2,0,0,2,0,1,1,0,4,0,3,0,0,0,0,0,2,0,7,0,0,1,0,1,3,5,0,0,0,0,1,2,40,12,4,1,0,40,0,3,2,0,0,0,0,7,1,9,0,1,2,18,12,0,159,0,5,4,7,6,1,17,0,76,0,0,0,1,0,27,203,2,7,0,1,0,0,0,19,1,0,0,0,0,1,2,10,1,1,10,0,0,0,0,0,0,4,0,0,1,0,0,4,0,1,2,2,2,0,0,1,5,1,9,3,0,0,2,0,0,0,0,0,0,0,0,0,0,0,0,0,0,4,0,0,4,0,0,0,4,4,0,0,0,0,0,0,0,0,0,10,17,3,14,3,2,0,4,3,1,2,0,0,8,10,8,52,4,1,0,0,0,0,49,0,0,0,0,0,0,3,0,1,246,6,12,15,0,8,3,17,0,7,0,9,5,0,0,0,0,0,1,0,1,0,0,7,13,0,1,0,0,5,5,0,0,0,0,4,113,0,2,0,0,0,0,0,0,1,12,3,0,1,59,1,0,0,1,0,0,2,0,0,1,0,0,0,0,0,0,1,1,3,0,9,34,0,0,3,1,0,42,1,0,0,2,0,0,0,0,12,6,0,0,0,14,0
3,1228,ESCOLA MUNICIPAL GUILHERME LACERDA BRAGA SOBRINHO,"RUA SIMÃO BRANTE, N. 1735",UBERABA,-25.4920289,-49.223117,37,0,1924,1584,131,63,0,1,9,6,11,1,3,0,1,6,1,24,1,0,0,0,8,1,1,0,1,2,9,2,0,1,6,1,0,2,0,7,0,0,0,0,0,0,0,0,0,0,0,5,0,15,1,0,0,0,0,0,1,2,0,0,0,2,0,0,1,0,1,4,1,0,0,0,0,0,0,0,54,0,0,0,0,0,0,0,0,1,1,0,0,0,10,0,0,0,0,0,0,0,6,0,0,0,0,9,1,4,0,1,0,1,0,28,25,0,0,0,0,0,0,0,0,0,0,1,0,2,1,0,1,0,2,0,0,0,0,0,47,0,0,0,0,0,0,0,0,0,4,0,1,1,0,0,0,0,0,0,0,0,0,2,3,0,7,0,0,0,8,0,0,0,2,0,0,0,0,1,26,4,34,0,1,0,0,18,0,5,0,0,0,0,0,1,0,0,0,0,0,0,1,1,0,18,0,3,0,0,1,0,0,0,0,0,0,0,0,1,0,0,0,0,0,1,0,0,0,2,0,0,2,0,1,0,1,0,4,0,0,0,0,0,0,0,4,0,0,0,0,0,0,0,1,0,2,0,0,0,0,0,0,0,0,0,0,0,9,0,0,0,0,0,0,0,0,0,1,0,0,0,4,0,8,0,0,0,0,0,0,0,0,0,0,0,0,0,0,4,0,0,0,0,0,0,0,0,0,0,0,0,1,0,0,0,0,0,0,0,0,0,0,1,0,0,0,0,0,0,1,0,0,0,1,0,1,0,0,0,0,0,0,12,1,0,0,0,29,0,0,0,0,14,0,0,4,0,0,0,37,2,0,0,0,0,0,0,0,0,0,0,0,0,0,0,0,0,0,0,0,0,0,0,0,0,0,0,0,0,0,0,0,0,0,0,0,0,3,2,9,1,0,34,0,0,4,2,3,5,0,4,3,0,0,49,0,0,0,1,0,0,0,0,0,3,0,10,0,1,0,0,0,0,0,0,0,0,0,0,0,0,0,0,0,0,0,0,0,0,4,0,0,0,0,0,0,0,0,0,18,0,0,0,8,0,0,0,0,0,0,0,0,0,0,0,0,0,0,0,0,1,0,0,1,0,0,0,0,0,0,0,0,0,0,0,0,0,0,0,0,0,0,0,0,0,0,0,0,0,0,0,0,0,0,0,0,0,0,0,0,0,0,2,1,0,0,1,1,0,7,1,3,0,4,1,0,0,0,0,0,0,0,0,0,0,1,0,0,0,0,0,0,0,0,0,0,1,0,0,0,0,0,0,0,23,0,2,0,5,0,0,0,0,0,0,0,0,0,0,0,0,0,0,0,0,0,0,0,0,1,0,0,0,0,0,0,0,0,0,0,0,0,0,1,0,1,0,0,0,0,0,0,0,0,0,0,0,0,1,0,0,0,0,0,0,0,0,0,0,0,0,0,0,0,1,0,0,0,0,1,0,0,0,0,0,0,0,0,0,0,0,5,0,0,1,0,2,0,0,0,1,0,0,2,4,0,0,0,3,0,0,0,1,0,0,3,3,0,2,2,0,3,8,6,0,70,0,1,1,1,0,0,20,1,17,1,0,0,2,0,55,55,0,2,0,1,0,0,0,2,0,0,0,0,0,0,1,1,0,0,0,0,0,0,0,0,0,1,0,2,0,0,0,2,0,1,0,0,0,1,0,0,0,0,1,0,0,0,0,0,0,0,0,1,0,0,0,0,0,0,0,0,0,0,0,0,0,0,0,0,1,0,0,0,0,0,0,0,0,0,0,5,4,2,6,1,0,1,0,22,1,0,0,2,0,5,2,12,1,0,0,2,0,0,6,0,0,0,0,0,0,0,0,1,69,4,3,0,0,5,2,1,0,6,0,1,2,0,0,0,0,0,0,0,0,0,0,6,3,0,0,0,0,0,0,0,5,0,0,0,9,0,0,0,0,0,0,0,0,0,12,0,0,0,3,0,0,0,0,0,1,1,0,0,0,0,0,0,0,0,0,2,0,0,0,2,22,0,0,0,0,0,14,0,0,0,0,0,0,0,0,2,1,0,0,0,1,4
3,1465,COLÉGIO ESTADUAL ALFREDO PARODI,"RUA ESPIRIDIÃO KALLUF, 125, JARDIM CENTAURO",UBERABA,-25.4939276,-49.2099997,37,0,5774,4508,391,193,0,4,8,12,70,0,7,1,1,14,1,47,2,0,0,0,14,1,2,3,7,1,12,4,2,0,27,2,2,2,0,31,6,0,0,0,1,0,9,2,7,4,0,4,1,48,2,0,1,0,0,0,1,6,0,0,1,11,0,1,3,0,1,11,1,0,0,0,0,1,0,0,131,0,0,1,0,4,0,7,0,0,0,1,0,0,19,0,0,0,1,0,1,0,9,0,0,1,0,13,1,9,0,2,0,5,0,33,40,2,1,0,0,0,1,0,0,1,0,0,2,9,3,0,1,0,5,0,4,1,0,4,94,0,0,0,1,0,0,0,0,0,11,1,3,0,1,0,0,3,0,0,0,0,0,3,9,0,25,0,0,0,17,0,2,1,5,3,3,0,0,7,123,3,96,13,2,3,0,86,10,6,1,0,0,0,1,1,3,0,0,1,8,1,1,0,0,55,0,0,0,0,0,0,0,2,0,1,0,0,0,0,0,0,0,0,0,0,0,0,0,11,0,0,3,0,0,0,2,1,2,0,0,0,2,0,0,0,4,0,0,3,0,2,0,0,7,1,0,0,1,1,1,0,0,0,1,2,1,0,42,0,1,1,0,0,0,0,0,2,0,2,0,0,0,0,16,0,1,0,0,0,0,0,5,1,0,0,0,0,0,9,2,0,0,0,0,0,0,1,2,0,0,0,0,3,3,0,0,2,0,0,0,0,0,1,0,0,1,1,0,0,0,1,0,7,6,0,3,0,0,0,1,0,0,30,3,0,0,0,78,0,0,0,0,19,0,0,7,0,0,1,60,12,0,2,0,1,0,0,0,0,0,0,0,0,0,0,0,0,0,0,0,0,0,0,0,1,0,0,0,0,0,0,0,0,0,0,0,1,8,1,26,0,0,80,0,1,15,3,22,10,0,10,5,0,2,113,1,2,0,6,3,2,0,0,1,5,0,71,2,0,5,1,1,0,1,1,0,1,1,1,0,0,0,0,0,3,0,0,0,0,14,2,2,2,0,1,0,1,0,0,55,0,0,0,34,0,3,0,0,0,0,0,0,0,0,0,1,0,0,1,0,0,0,0,9,0,0,0,0,0,0,4,0,0,0,0,0,0,4,0,0,0,2,3,0,0,0,0,0,0,0,0,1,0,1,0,0,1,0,0,0,0,0,12,0,0,1,8,1,0,55,1,7,8,28,2,0,0,0,3,1,0,0,2,0,0,0,0,0,0,2,2,0,0,0,0,0,4,3,0,0,0,2,0,1,42,0,2,0,12,0,11,4,0,1,0,0,0,0,0,0,0,0,3,0,0,0,0,0,0,1,0,0,3,0,0,0,0,9,0,0,0,0,0,2,0,0,0,0,0,0,1,0,0,1,0,0,0,0,20,0,0,1,0,0,0,3,0,0,0,2,0,3,1,1,1,0,1,1,1,2,0,4,0,0,0,0,0,0,2,2,0,0,0,1,1,2,5,0,0,0,0,0,0,30,4,4,1,0,15,0,0,1,0,0,0,1,9,0,6,0,0,5,10,23,0,129,0,4,0,1,6,0,101,1,43,0,1,1,6,0,117,132,0,16,0,3,0,0,0,11,0,0,0,1,0,0,3,7,2,0,7,0,0,0,0,0,0,3,1,0,1,0,0,3,0,0,1,0,0,0,2,0,5,2,3,1,0,0,0,0,0,0,0,0,0,0,0,0,0,0,0,0,0,4,0,0,0,0,0,4,3,3,0,0,0,2,0,0,1,0,0,14,15,13,8,2,1,1,0,3,3,1,0,3,4,21,5,39,3,5,0,0,0,1,23,0,0,1,1,0,0,0,0,3,207,4,3,6,1,24,6,17,0,0,2,11,3,0,1,0,0,0,1,1,1,2,0,2,1,0,1,0,0,2,0,0,1,0,0,0,38,0,0,1,0,0,1,1,0,0,26,0,0,1,6,0,0,0,0,0,0,2,0,0,0,0,0,4,0,0,0,0,0,0,1,11,48,0,0,1,1,0,23,0,0,0,0,0,0,0,0,26,0,0,0,0,1,0
3,1473,COLÉGIO ESTADUAL CONSELHEIRO CARRÃO,"RUA DOUTOR SIMÃO KOSSUBUDSKI, N. 165",UBERABA,-25.4970931,-49.2180592,37,0,4627,3654,363,152,0,4,6,6,53,4,2,1,1,13,0,40,1,0,0,0,7,1,1,0,4,6,25,9,3,2,16,1,4,2,0,12,0,0,0,0,0,0,4,7,7,3,1,1,0,48,1,0,0,0,1,0,1,4,0,0,0,32,0,2,1,0,2,4,0,0,0,0,0,2,0,0,123,0,0,0,1,4,0,0,0,0,0,3,1,0,12,0,0,0,0,0,0,0,8,0,0,0,1,3,0,21,0,3,0,20,0,46,36,1,0,0,0,0,2,0,0,1,0,0,3,2,0,0,0,0,12,0,3,0,0,0,48,0,0,0,1,2,0,1,0,0,4,0,2,0,1,0,0,0,0,0,0,0,1,9,0,0,22,0,0,0,22,1,0,0,2,1,0,1,0,2,62,6,61,13,3,0,0,44,2,8,0,1,0,0,1,1,2,0,0,0,0,2,0,0,1,56,0,2,0,0,1,0,0,0,0,0,0,0,1,0,0,1,0,0,0,0,0,0,0,5,0,1,1,0,0,0,3,0,0,0,0,2,1,0,13,0,5,0,1,0,0,0,3,0,2,1,0,0,0,0,0,0,0,0,1,2,3,1,46,0,0,0,0,0,9,0,0,3,10,0,1,0,3,0,9,0,1,0,0,0,0,0,2,0,0,0,0,0,0,7,0,0,0,0,0,0,0,1,3,0,0,0,0,0,1,0,0,0,0,0,0,0,0,1,0,0,0,0,0,0,0,0,0,1,0,0,2,0,0,0,0,11,0,21,0,0,0,0,53,0,0,0,1,17,0,0,10,0,0,0,52,10,0,1,0,2,0,0,0,0,0,0,0,0,0,0,0,0,0,1,0,0,0,0,0,0,0,0,0,0,0,0,0,0,0,0,0,0,0,2,10,0,0,55,1,0,1,3,6,8,0,3,7,0,1,130,3,5,0,2,0,0,0,0,1,2,1,30,0,6,4,0,1,0,0,0,0,0,0,0,1,0,2,0,0,7,0,0,0,0,1,0,0,4,0,0,0,1,0,0,30,0,1,0,21,0,2,0,0,0,0,6,0,0,0,0,0,0,0,0,0,0,0,2,0,0,0,0,0,0,0,2,0,0,0,0,0,1,2,0,0,0,0,0,0,1,0,0,0,0,0,1,0,1,0,0,0,0,0,0,0,0,1,4,0,0,0,6,2,0,34,0,1,0,8,0,0,0,0,0,0,0,0,0,0,0,0,0,0,0,3,1,0,0,0,0,2,6,1,0,0,0,0,0,0,77,0,0,0,5,0,4,2,0,0,0,4,0,1,0,1,0,0,1,0,0,0,1,0,0,1,0,0,0,0,0,0,0,1,0,0,1,0,0,1,0,1,0,0,0,0,0,0,0,0,0,0,0,0,5,0,0,0,0,0,0,2,0,0,0,0,0,1,0,2,3,0,0,0,0,4,0,2,0,0,0,0,0,0,4,7,1,2,0,0,2,0,1,0,0,0,0,0,0,9,2,0,1,0,13,0,0,0,0,0,0,0,3,3,2,0,0,1,4,14,0,154,0,4,0,0,2,0,50,1,60,0,2,0,0,0,193,109,1,2,0,3,1,0,0,13,0,1,0,0,0,0,0,2,0,0,5,1,0,0,0,0,0,0,0,1,0,0,0,0,0,0,1,1,1,0,0,0,0,0,4,0,1,0,0,0,0,0,0,3,0,0,0,0,0,0,0,0,1,0,1,0,0,0,0,0,4,0,0,0,0,1,0,0,0,0,0,16,28,15,4,3,0,0,1,17,0,0,0,3,10,21,2,25,1,0,1,0,0,0,14,0,0,1,0,0,0,0,0,0,102,6,6,3,0,3,3,6,0,1,0,5,1,1,0,0,0,1,0,0,0,0,1,5,1,0,0,0,0,1,0,1,1,0,0,0,38,0,1,0,0,0,0,0,1,0,36,0,0,0,10,0,0,0,0,0,2,0,0,0,0,0,0,0,0,0,0,1,1,0,0,4,52,0,0,0,0,0,49,0,0,0,0,0,1,0,0,19,0,0,0,0,2,0
3,1481,ESCOLA MUNICIPAL DONA LULA,"RUA ELIAS MOYSES SCHELELA, N. 570",UBERABA,-25.4860754,-49.2263022,37,0,2108,1730,132,90,0,2,6,5,30,1,3,1,1,3,0,17,2,0,0,0,10,0,1,0,1,4,11,0,2,0,12,0,0,2,0,7,2,1,0,0,0,0,0,2,1,3,0,1,1,15,2,0,0,0,0,0,0,2,0,0,3,10,0,1,0,0,2,5,0,0,0,0,0,1,0,0,47,0,0,0,1,1,0,0,0,0,0,0,0,0,11,0,0,0,5,0,4,0,2,0,0,0,0,8,0,10,0,2,0,0,0,16,19,1,1,0,0,0,0,0,0,0,0,1,2,1,1,0,0,0,2,0,0,0,0,0,36,0,0,0,5,0,0,0,0,2,5,1,0,0,0,0,0,1,0,0,0,0,1,2,1,0,3,1,0,0,6,0,1,0,1,0,2,0,1,0,35,2,28,4,1,0,0,34,0,6,0,1,0,0,0,0,0,0,2,0,0,1,0,1,0,26,0,0,0,0,0,0,0,0,0,0,0,0,0,0,1,0,0,0,0,0,0,0,0,3,0,0,4,0,0,0,1,0,0,0,0,1,0,0,0,0,17,0,0,0,0,0,0,0,0,0,0,0,0,0,0,0,0,0,0,2,0,0,19,0,0,0,0,0,0,0,1,0,0,0,0,0,0,0,0,0,0,0,0,0,0,0,0,0,0,0,0,0,0,2,0,0,0,0,0,0,0,3,0,0,0,0,0,1,0,0,0,1,0,0,0,0,0,3,0,0,0,0,0,0,1,0,0,2,2,0,0,0,0,0,0,0,2,12,0,0,1,0,27,0,0,0,0,7,0,0,5,0,0,1,17,2,0,0,0,0,0,0,0,0,0,0,0,0,0,0,0,0,0,0,0,0,0,0,0,0,0,0,0,0,0,0,0,0,0,0,0,0,1,2,7,0,0,30,0,0,2,0,1,19,0,2,6,0,1,35,0,0,0,2,0,1,0,0,0,4,0,33,0,0,0,0,0,0,0,0,0,0,0,1,4,0,4,0,0,0,0,0,0,0,9,0,0,5,0,0,0,0,0,0,24,0,0,0,6,0,0,0,0,0,0,0,0,0,0,0,0,0,0,0,0,0,0,0,1,0,0,0,0,0,0,1,0,0,0,0,0,0,0,0,0,0,0,0,0,0,0,1,0,0,0,0,0,0,0,0,0,0,0,0,0,0,4,0,0,0,1,2,2,0,15,0,1,1,11,1,0,0,0,0,0,0,0,0,0,0,0,0,0,0,2,0,0,0,0,0,0,0,1,0,0,0,0,0,0,22,0,3,0,1,0,2,4,0,0,0,0,0,0,0,0,0,0,1,0,0,0,0,0,0,0,0,0,0,0,0,0,0,0,0,0,0,0,0,0,0,0,0,0,0,0,0,0,0,0,0,0,0,0,1,0,0,0,0,0,0,2,0,0,0,1,0,1,0,0,0,0,0,1,0,3,0,0,0,0,0,0,0,0,2,2,2,2,0,0,1,0,2,0,0,0,0,0,0,8,6,0,1,0,17,0,0,0,0,0,0,0,13,0,1,0,0,0,2,6,0,56,0,1,0,0,0,0,12,2,24,0,0,1,0,0,44,51,0,1,0,0,1,0,0,7,0,0,0,0,0,0,0,0,1,0,9,0,0,0,0,0,0,0,0,0,0,0,0,1,0,0,1,2,0,0,0,0,0,0,7,1,0,0,0,0,0,0,0,0,0,0,0,0,0,0,0,1,0,0,0,0,0,0,0,0,1,0,0,0,0,0,0,0,0,2,0,8,1,3,6,0,0,0,0,2,1,1,0,0,5,1,0,9,0,0,2,0,1,0,7,0,0,1,0,0,0,0,0,0,99,5,2,3,0,8,0,5,0,0,0,2,0,0,0,0,0,0,1,0,0,0,0,3,0,0,0,0,0,0,0,1,5,0,0,0,16,0,0,0,0,0,2,0,0,0,21,0,0,0,1,0,0,0,1,0,0,0,0,0,0,0,1,0,0,0,0,0,0,0,0,3,23,0,0,0,0,0,14,0,0,0,0,0,7,0,0,3,0,0,0,1,1,0
3,1490,ESCOLA MUNICIPAL PROFESSORA DONATILA CARON DOS ANJOS,"RUA ALVORADA, N. 460, CANAL BELEM",UBERABA,-25.4785787,-49.2395903,37,0,2291,1867,201,88,0,3,0,0,33,3,4,0,0,6,0,28,2,0,0,0,6,0,0,1,2,2,8,6,0,0,16,0,2,2,0,11,0,0,0,0,0,1,1,0,3,1,0,1,0,14,1,0,0,0,1,0,2,2,0,2,2,7,2,1,0,0,2,6,0,0,0,0,0,1,0,1,49,0,0,0,0,2,0,0,0,0,0,1,0,0,3,0,0,0,0,0,0,0,3,0,0,0,0,6,1,4,0,0,0,0,0,22,19,0,0,0,0,0,0,0,0,2,0,0,6,1,0,0,0,0,2,0,2,0,0,0,36,0,0,0,0,0,0,1,0,0,2,0,1,0,0,4,0,4,0,0,0,0,0,1,5,0,3,0,0,0,9,0,0,0,3,0,2,0,0,0,46,2,21,4,1,2,0,31,0,1,0,0,2,0,2,0,3,0,0,0,0,0,0,1,1,23,0,0,1,0,0,0,0,0,0,1,0,0,0,0,0,0,0,0,0,0,0,0,0,5,0,0,0,0,0,0,1,0,3,0,1,0,1,0,1,0,7,0,0,0,0,0,1,0,8,0,0,0,0,0,0,1,0,0,2,0,0,0,18,0,0,0,0,0,0,0,0,2,1,1,0,0,1,1,6,0,0,0,0,0,0,0,0,0,0,0,0,0,0,4,0,0,0,0,0,0,0,0,0,0,0,0,0,0,0,0,0,0,0,0,0,0,0,1,0,0,0,0,0,0,2,0,0,0,2,0,4,1,0,0,0,1,0,15,0,0,0,0,31,0,0,0,0,18,0,1,2,0,0,0,18,1,0,2,0,1,0,1,0,0,0,0,0,0,0,0,0,0,0,0,0,2,0,0,0,0,0,0,0,0,0,0,0,0,0,0,0,0,3,0,7,0,0,20,0,0,5,0,5,6,0,5,13,0,0,32,2,1,0,3,0,3,0,0,0,0,1,23,0,2,0,1,0,0,0,0,0,0,1,0,0,1,2,0,0,0,0,0,0,0,16,0,0,2,0,0,0,0,0,0,23,0,0,0,5,0,0,0,0,0,0,0,0,0,0,0,0,0,0,0,0,0,0,0,2,0,0,0,0,0,0,0,0,0,0,0,0,0,0,0,0,0,0,0,0,0,0,0,0,0,0,0,0,0,0,0,0,0,0,0,0,0,0,2,0,0,0,0,1,0,18,0,1,0,2,0,0,0,0,0,0,0,0,0,0,0,0,0,0,0,3,0,2,0,0,0,1,0,0,0,0,0,0,0,0,19,0,3,0,11,0,0,0,2,0,0,0,0,0,0,0,0,0,6,0,0,0,0,0,0,0,0,0,0,0,0,0,0,1,0,0,1,0,0,0,0,0,0,0,0,0,0,0,0,1,0,0,0,0,0,0,0,1,0,0,0,0,0,0,0,1,0,0,0,0,2,0,1,0,0,1,0,3,0,0,0,0,0,0,4,2,0,1,0,0,3,1,2,0,0,0,0,0,0,6,2,0,0,0,2,0,1,0,0,0,0,1,4,0,1,0,0,1,4,8,1,85,0,0,0,2,1,0,21,0,28,0,0,1,1,0,66,61,1,2,0,0,0,0,0,5,0,0,0,0,0,0,0,2,0,0,0,0,0,1,0,0,1,0,0,0,0,0,0,0,0,3,1,0,0,0,0,0,0,1,3,0,0,0,0,0,0,0,0,0,0,0,0,0,0,0,0,0,0,0,0,0,1,0,0,0,0,0,0,0,0,0,0,0,0,0,0,11,5,1,9,1,0,0,0,4,0,0,0,5,0,7,1,19,1,1,0,0,0,0,3,0,0,2,0,0,0,0,0,2,92,1,8,9,0,2,1,2,0,3,2,3,0,0,0,0,0,0,0,0,0,0,0,0,2,0,0,0,0,0,3,0,2,0,0,0,10,0,0,0,0,0,0,1,2,0,19,0,0,0,2,0,0,0,0,0,0,0,0,1,0,0,0,0,0,3,0,0,0,0,0,10,10,0,0,0,0,0,21,0,0,4,0,0,0,0,0,3,1,0,0,0,1,0
3,1503,ESCOLA MUNICIPAL C.E.I. ISSA NACLI,"RUA CAPITÃO LEÔNIDAS MARQUES, N. 2147, UBERABA DE CIMA",UBERABA,-25.4820981,-49.2133185,37,0,5559,4605,285,180,0,10,12,12,67,0,8,0,4,24,3,61,0,2,0,0,37,2,2,0,4,8,24,5,5,0,26,1,3,2,0,32,0,0,0,0,0,1,5,2,13,7,1,7,0,61,3,1,2,0,0,0,1,0,0,0,1,23,0,2,1,0,3,20,0,1,0,0,0,3,5,3,120,0,0,0,0,7,0,0,0,2,0,8,0,0,18,0,0,0,0,0,0,3,3,0,0,0,0,16,0,23,0,0,0,1,0,25,44,2,0,0,0,0,3,0,0,0,0,3,5,9,2,0,0,0,6,1,3,4,1,0,118,0,0,0,1,0,1,0,0,0,11,1,3,0,6,0,2,1,0,0,0,3,0,5,23,0,18,0,0,1,17,0,0,0,2,0,0,3,0,0,95,2,74,8,1,1,0,72,5,8,0,0,4,2,0,4,4,1,1,0,1,4,1,1,2,82,0,0,0,0,2,0,0,0,0,6,0,0,0,0,0,0,0,0,0,0,0,0,0,9,0,0,2,0,0,0,13,0,0,0,1,0,0,0,18,0,6,0,0,0,0,3,1,0,3,0,0,0,0,1,0,0,0,0,2,1,1,0,37,0,0,0,0,0,0,0,1,2,0,1,1,0,4,4,8,0,0,0,0,0,0,0,8,1,0,0,0,0,0,18,0,0,0,0,0,0,0,2,7,0,0,0,0,0,0,0,0,0,0,0,1,0,0,0,0,0,0,1,0,0,2,0,0,0,7,0,1,0,0,0,0,0,0,34,0,1,0,0,108,0,0,0,0,28,0,0,13,1,0,0,70,16,0,3,0,0,0,0,0,0,0,0,0,0,0,0,0,1,0,0,0,0,0,0,0,0,0,0,0,0,0,0,0,0,0,0,0,0,20,1,18,0,0,110,0,0,3,0,13,27,0,10,9,0,1,117,7,1,0,7,0,0,0,2,0,3,0,59,0,0,3,0,2,4,0,0,2,0,2,0,4,1,1,0,0,3,0,3,0,0,17,0,2,4,0,0,4,1,0,0,53,1,0,0,10,1,1,0,0,0,0,0,0,0,0,0,0,0,0,0,0,2,0,0,2,0,0,0,0,0,1,0,0,0,1,0,0,0,1,0,0,0,2,0,0,0,0,0,0,0,0,1,1,0,0,0,0,0,0,0,0,0,1,3,3,1,1,8,3,2,43,0,7,5,27,3,0,0,0,1,0,0,0,0,0,0,0,0,0,0,2,0,0,0,0,0,2,1,0,0,0,0,2,0,0,20,0,6,0,10,1,0,2,4,0,0,1,0,0,0,2,0,0,6,0,0,0,0,0,0,0,0,0,0,0,0,0,1,1,0,0,0,0,0,3,0,0,0,0,0,0,0,0,0,0,0,0,0,0,25,0,0,0,0,0,0,3,0,0,0,0,0,1,0,0,1,0,1,0,0,3,0,1,0,1,0,0,0,2,3,4,0,0,0,0,0,5,7,0,2,0,0,0,0,25,5,0,2,1,26,0,2,0,2,0,0,0,9,0,6,0,1,7,10,22,1,144,0,0,0,5,0,1,50,0,69,0,0,0,0,0,131,132,1,1,0,0,0,0,0,26,0,0,0,0,2,0,1,4,0,0,5,0,0,0,0,0,0,0,4,0,0,1,0,3,0,1,0,1,0,0,0,0,1,0,5,1,0,0,0,0,1,0,0,0,0,0,0,0,0,1,0,0,3,1,0,0,0,0,0,1,0,0,0,0,0,2,0,1,0,0,0,22,25,9,4,4,2,1,0,3,0,1,0,4,9,13,6,43,3,1,0,0,0,0,21,1,0,3,0,0,0,0,0,1,265,21,5,13,2,8,5,22,1,3,0,12,3,1,1,0,0,0,2,0,1,2,1,6,6,0,1,0,0,0,0,0,0,1,0,3,39,0,1,0,0,1,0,4,0,0,28,0,0,0,7,0,0,0,0,2,0,1,0,0,0,0,0,8,0,0,0,3,2,0,0,9,39,0,0,0,0,0,29,0,0,0,0,0,0,0,0,40,8,0,0,0,2,1
3,1511,ESCOLA MUNICIPAL PROFESSOR JOÃO  MACEDO FILHO,"RUA ULISSES JOSÉ RIBEIRO, N. 410",UBERABA,-25.4719677,-49.2274428,37,0,2420,2029,120,97,0,1,5,6,23,2,4,1,0,6,4,27,0,0,0,0,20,0,0,0,1,1,13,1,2,0,9,1,0,1,0,18,0,0,0,0,0,0,4,1,4,1,0,3,0,13,1,0,0,0,1,0,0,4,0,0,1,11,0,2,0,0,0,2,0,0,1,0,0,1,2,2,54,0,0,0,0,2,0,1,0,0,0,2,0,0,10,0,0,0,0,0,0,0,0,0,0,0,0,7,12,19,0,0,0,3,0,9,21,3,1,0,0,0,0,0,0,2,0,0,1,2,2,0,0,0,1,0,1,1,0,2,64,0,0,0,1,0,1,0,0,0,4,0,0,0,0,0,0,1,0,0,1,0,0,1,2,0,2,0,0,0,5,0,0,0,1,0,0,1,0,0,37,1,33,2,0,0,0,35,0,7,0,0,1,0,0,1,0,0,2,0,0,0,0,0,1,38,0,0,0,0,1,0,0,0,1,0,0,0,0,0,4,0,0,0,0,0,0,0,0,7,0,0,0,0,0,0,3,0,2,0,0,0,0,0,4,0,3,0,0,0,0,1,0,0,1,1,0,0,0,0,0,0,0,0,0,1,0,0,14,0,0,0,0,0,0,0,0,1,0,1,0,0,8,0,6,0,0,0,1,0,0,0,3,0,0,0,0,0,0,5,0,0,0,0,0,0,0,0,0,0,0,0,0,0,0,0,0,0,0,0,0,0,0,1,0,0,0,0,0,0,0,0,0,0,0,0,5,0,0,0,1,0,0,13,0,2,0,0,54,1,0,0,0,14,0,0,4,0,0,1,62,12,0,4,0,0,0,0,0,0,0,0,0,0,0,0,0,0,1,0,0,0,0,0,0,0,0,0,1,1,1,0,0,2,0,0,0,0,5,9,12,0,0,62,0,0,0,0,7,18,0,5,1,0,0,33,2,0,0,5,2,0,0,0,0,2,1,19,0,1,0,0,0,0,0,0,1,0,1,0,0,0,0,0,0,0,1,0,0,1,24,0,2,4,0,0,0,0,0,0,28,0,0,0,20,1,0,0,0,0,2,0,0,0,0,0,2,0,0,0,0,0,0,0,2,0,0,0,0,0,0,0,0,0,0,0,0,0,0,0,0,0,0,0,0,0,0,0,0,0,0,0,0,0,0,0,0,0,0,2,0,0,4,3,1,0,0,11,0,0,29,0,6,1,16,3,0,0,0,1,0,0,0,0,0,0,0,0,0,0,3,0,0,0,0,0,1,2,0,0,0,0,0,0,0,11,0,3,0,6,0,0,0,0,0,0,0,0,0,0,1,0,0,1,0,0,0,0,0,0,0,0,0,2,0,0,0,0,0,0,0,0,0,0,1,0,0,0,1,0,0,0,0,0,0,0,0,0,0,1,0,0,1,0,0,0,0,0,0,0,0,0,0,0,0,2,0,0,0,0,5,0,1,0,0,0,0,0,0,1,1,0,1,0,0,1,1,1,0,0,0,0,0,0,6,3,0,0,0,13,0,0,2,1,0,0,1,3,1,5,0,0,2,4,7,0,70,1,1,0,1,2,0,23,1,12,0,0,1,1,0,15,85,2,0,0,0,1,0,0,6,0,0,0,0,0,1,0,4,0,0,0,0,0,0,0,0,0,0,1,0,0,0,0,1,0,1,1,0,1,0,0,0,0,0,4,0,0,0,0,0,0,0,0,0,0,0,0,0,0,2,0,0,0,0,0,0,0,0,0,0,1,0,0,0,0,0,0,0,0,0,0,8,4,2,4,6,0,0,0,2,0,0,0,2,3,4,0,16,3,3,2,0,1,0,4,0,0,0,0,1,1,0,0,0,114,3,3,9,0,4,2,3,0,0,0,5,4,0,2,0,0,0,0,0,0,0,0,2,0,0,0,0,0,2,0,0,0,0,0,0,15,0,0,0,0,0,0,0,0,1,4,0,0,0,1,0,0,0,0,0,2,0,0,0,0,0,0,0,0,0,0,0,0,0,0,8,16,0,0,0,0,0,8,0,0,0,0,0,0,0,0,3,1,0,0,0,3,0
3,1546,ESCOLA ESTADUAL SÃO PAULO APÓSTOLO,"RUA CORONEL JOSÉ CARVALHO DE OLIVEIRA, N. 1275",UBERABA,-25.4817072,-49.2271629,37,0,6163,5050,328,249,0,8,6,14,69,1,4,1,0,18,2,64,1,0,1,0,22,1,3,0,5,7,21,3,2,0,35,0,1,3,1,30,0,0,0,0,0,0,12,3,12,6,0,15,0,50,2,0,0,1,1,3,5,7,0,0,7,20,0,6,4,0,4,11,2,0,0,0,0,0,0,0,149,0,0,0,0,5,0,0,0,0,4,2,0,0,16,0,0,0,0,0,0,0,6,2,0,0,0,12,3,25,0,1,1,1,0,44,27,2,0,0,0,0,2,0,1,0,0,0,8,8,1,0,1,0,4,0,6,5,1,4,141,4,0,1,8,1,0,0,0,1,9,1,4,4,1,0,3,0,0,0,0,0,1,6,13,0,18,0,0,0,27,1,0,0,5,0,2,2,0,1,140,9,108,11,1,0,0,86,3,13,0,2,2,2,0,3,0,0,0,1,1,3,1,3,0,81,0,0,0,0,0,0,0,0,0,1,0,0,1,0,1,0,0,0,0,0,0,0,0,18,0,0,8,0,0,0,7,0,1,0,0,1,0,0,2,0,51,0,1,0,0,1,1,4,8,0,0,0,0,0,0,0,0,1,1,0,0,0,49,2,0,0,0,0,0,0,2,0,0,4,0,0,3,1,4,0,2,0,0,0,0,0,5,0,0,0,0,0,0,6,0,0,0,0,0,0,0,0,0,0,0,0,0,1,1,0,0,1,0,0,0,0,0,0,0,0,0,0,0,0,4,0,0,0,4,0,1,0,0,0,1,0,2,27,1,1,0,0,82,0,0,0,0,25,0,0,33,0,0,0,64,11,0,4,0,0,0,0,0,0,0,0,1,0,0,1,0,0,0,0,0,2,0,1,0,0,0,0,0,0,0,0,0,2,0,0,0,0,4,1,29,0,1,117,0,4,14,0,14,28,0,3,20,0,1,96,1,1,3,6,0,0,0,0,0,8,0,56,1,12,2,1,1,0,0,0,1,0,0,0,7,2,0,0,0,0,1,1,0,0,23,0,0,22,0,0,0,0,1,0,55,0,1,0,33,2,0,0,1,0,0,0,0,0,0,0,0,0,0,0,0,0,0,0,9,0,0,0,0,0,2,1,0,0,0,0,0,0,1,0,0,0,0,0,0,0,0,1,0,0,0,0,0,0,0,0,0,0,0,0,0,0,1,5,1,2,3,8,5,0,57,0,4,0,25,3,0,0,0,0,0,0,0,0,0,0,1,4,1,0,4,0,0,3,2,0,0,1,0,0,0,0,1,0,1,51,0,10,0,14,0,3,2,0,0,0,0,1,0,0,0,0,0,1,0,0,0,0,0,0,1,0,0,0,0,0,0,3,1,0,0,2,2,0,1,0,0,0,0,0,0,0,0,0,0,0,0,0,0,1,0,0,2,0,0,0,1,0,0,0,0,0,3,0,0,8,0,1,2,0,5,0,3,0,0,0,0,0,0,11,1,0,1,0,0,4,2,4,0,0,1,0,0,0,29,6,2,0,2,39,0,4,0,2,0,2,1,24,3,5,0,0,6,4,15,1,161,0,6,0,0,6,2,68,2,88,0,2,2,1,0,148,172,1,3,0,1,0,1,0,12,0,0,0,1,0,0,0,6,2,0,3,0,0,1,0,0,0,3,0,0,0,0,0,4,0,0,2,1,1,7,1,1,0,2,5,1,2,0,1,0,0,0,0,0,0,0,0,0,0,0,0,0,0,1,0,0,0,0,2,0,2,0,0,0,0,1,0,0,0,0,1,20,20,7,10,6,0,1,0,6,2,0,0,5,13,25,8,31,3,3,1,0,1,0,23,0,0,2,0,1,1,0,0,1,258,4,12,9,0,16,3,8,0,2,0,9,2,0,1,0,0,0,2,0,0,0,0,6,3,0,0,0,0,0,2,0,1,0,1,1,21,0,0,1,0,0,0,2,1,0,13,1,0,3,6,0,0,0,0,0,1,3,0,0,1,0,0,0,0,0,1,1,0,0,0,18,46,1,0,0,0,0,55,0,0,1,0,0,0,0,0,8,2,0,0,0,6,2
3,1562,CRECHE MUNICIPAL TRINDADE,"RUA DA TRINDADE, N. 368, VILA TRINDADE",CAJURU,-25.4467777,-49.2055083,21,0,2179,1743,160,80,0,3,4,1,32,2,1,0,1,8,0,16,2,0,0,0,4,0,1,0,3,1,13,1,2,0,4,0,2,0,0,11,0,0,0,0,0,0,3,1,2,0,0,2,0,44,0,0,0,0,0,0,0,3,0,0,3,16,0,0,0,0,0,2,1,0,0,0,0,0,0,0,53,0,0,0,0,1,0,0,0,0,0,0,0,0,2,0,0,0,0,0,0,0,3,0,0,0,0,4,0,10,0,0,0,0,0,11,19,0,0,0,0,0,0,0,0,0,0,0,0,6,0,0,1,0,4,0,0,1,0,0,14,0,0,0,0,0,0,0,0,0,0,0,2,0,0,0,0,0,0,1,0,1,0,2,1,0,16,0,0,0,10,0,0,0,1,1,0,3,0,0,42,0,25,1,0,0,0,19,2,3,0,2,0,1,0,0,1,0,0,0,1,1,0,0,3,15,0,0,0,0,1,1,0,0,0,0,0,1,0,0,0,0,0,0,0,0,0,0,0,2,0,0,0,0,0,0,1,0,0,0,0,1,0,0,1,0,0,0,1,0,0,0,0,1,0,0,0,0,0,0,0,0,0,0,1,0,0,0,33,0,1,2,0,0,0,0,0,2,0,3,0,2,1,0,4,0,0,0,1,0,0,0,3,0,0,0,0,0,0,3,0,0,0,0,0,0,0,0,0,0,0,0,0,0,0,0,0,0,0,0,0,0,0,0,0,0,0,0,0,0,0,0,0,0,0,0,0,0,0,0,0,0,0,3,0,0,0,0,27,0,0,0,0,18,0,0,6,2,0,0,21,5,0,0,0,0,0,0,0,0,0,0,0,0,0,0,0,0,0,0,0,0,0,0,0,0,1,0,0,0,0,0,0,0,0,0,0,0,1,0,5,0,0,23,0,0,2,0,4,2,0,4,3,1,2,57,0,1,0,1,1,0,0,0,1,1,0,43,0,2,1,1,0,0,0,0,0,0,1,1,0,0,0,0,0,0,0,0,0,0,0,0,0,2,0,0,1,1,0,0,12,0,0,0,2,0,0,0,0,0,0,0,0,0,0,0,0,0,0,0,0,0,0,0,1,0,0,0,0,0,0,0,2,0,0,0,0,0,0,0,0,0,0,0,0,0,0,0,0,0,0,0,0,0,0,0,0,0,0,1,0,0,0,1,0,0,0,2,0,1,10,0,3,0,1,0,0,0,0,0,0,0,0,0,0,0,0,0,0,0,2,0,0,0,0,0,0,2,0,0,0,0,0,0,0,17,1,0,0,1,0,1,1,0,0,0,0,0,0,0,2,0,0,2,0,0,0,0,1,0,0,0,0,0,0,0,0,0,0,0,0,0,0,0,1,0,0,0,0,0,0,0,0,0,0,0,0,0,0,0,0,0,0,0,0,0,5,0,0,0,0,0,0,0,4,0,0,1,0,0,5,0,0,0,0,0,0,0,0,0,0,0,0,0,0,0,3,0,0,1,0,0,0,0,9,0,0,2,0,9,0,0,0,0,0,0,1,4,0,1,0,0,0,9,3,0,69,0,0,0,1,1,0,23,0,21,1,1,0,0,0,5,114,0,1,0,0,2,0,0,7,0,1,0,0,0,0,0,1,1,0,0,0,0,0,0,0,0,0,0,0,0,0,0,0,0,1,2,1,0,0,0,0,0,0,4,0,1,0,0,0,0,0,0,0,0,0,0,0,0,0,0,0,0,0,0,0,0,0,0,0,0,0,0,0,0,0,0,0,0,0,0,4,9,0,12,0,0,0,2,3,0,0,0,0,0,3,1,11,0,0,0,0,0,0,26,0,0,0,0,1,0,0,0,0,62,6,7,3,0,1,1,5,1,0,1,2,0,0,0,0,0,0,0,0,0,0,0,2,3,0,0,0,0,0,1,0,1,1,0,1,95,0,0,0,0,0,0,0,0,0,8,0,0,0,7,0,0,0,0,0,0,1,0,0,1,0,0,0,0,0,1,3,4,0,0,2,11,0,0,0,0,0,18,0,0,0,0,0,0,0,0,15,0,0,0,0,2,0
3,1589,ESCOLA MUNICIPAL ELZA LERNER,"RUA LUIZ FRANÇA, 2873, VILA CAMARGO",CAJURU,-25.4619114,-49.2150122,21,0,4325,3630,316,178,0,2,6,8,54,3,5,0,0,8,0,50,0,0,0,0,17,1,2,2,2,4,12,4,4,1,18,0,5,1,0,16,1,0,0,2,0,0,5,1,10,6,0,4,0,51,2,0,0,0,2,0,5,9,0,2,6,16,2,1,3,0,2,6,0,0,0,0,0,2,1,3,102,0,0,0,1,2,0,0,0,0,2,1,0,0,9,2,0,0,0,3,1,3,8,0,0,0,0,19,1,19,0,0,0,1,0,23,40,2,0,0,0,0,1,0,1,0,1,0,4,8,0,0,1,0,19,0,0,0,0,0,74,0,0,0,4,0,0,0,1,0,6,0,3,0,0,0,1,0,0,0,0,0,0,3,5,0,27,0,0,0,24,0,0,1,3,1,1,3,0,2,81,1,65,4,1,7,0,64,3,6,0,0,0,0,0,0,8,0,0,0,2,1,0,0,1,62,0,1,0,0,2,0,0,0,0,0,1,0,2,0,0,1,0,0,0,0,1,0,0,3,0,0,0,0,0,0,3,0,0,0,0,0,0,0,2,0,0,0,0,0,0,0,0,0,3,1,0,0,0,0,0,0,0,0,0,1,3,0,29,0,0,4,0,2,0,0,0,3,2,0,3,0,6,0,8,0,0,0,0,0,0,0,7,0,0,0,0,0,0,8,1,0,1,0,0,0,0,3,11,0,0,0,0,1,3,0,0,0,0,0,0,0,0,0,0,0,0,0,0,0,0,0,0,0,2,0,2,0,0,0,1,0,0,17,0,1,1,4,53,0,0,0,0,35,0,0,17,0,0,1,48,5,0,1,0,0,0,0,0,0,0,0,0,0,0,1,0,0,0,0,0,0,0,0,0,0,0,0,0,0,0,0,0,0,0,2,0,0,14,1,18,0,0,56,0,0,13,1,10,11,0,6,6,0,0,98,2,1,0,5,4,0,0,0,0,1,0,36,1,7,1,0,0,0,0,0,0,0,0,0,1,0,3,0,2,0,0,0,0,0,12,0,0,2,0,0,1,0,0,0,52,0,1,0,3,0,0,0,0,0,0,1,0,0,0,0,1,0,0,0,0,0,0,0,1,0,1,0,0,0,0,0,0,0,0,0,0,0,1,0,0,0,0,0,0,1,0,0,0,1,0,1,0,0,0,0,0,0,0,0,0,0,2,5,2,3,0,3,0,0,44,1,2,0,20,0,0,0,4,2,0,0,0,0,0,0,0,1,0,0,0,0,4,0,0,2,0,7,0,1,0,0,1,0,0,22,0,3,0,6,0,3,2,0,3,0,0,0,0,0,1,0,0,0,0,0,0,0,0,0,2,0,0,0,0,0,2,0,0,0,0,0,1,0,0,0,0,0,0,0,0,0,0,0,0,0,0,0,0,0,0,0,0,0,0,0,8,0,0,0,0,0,0,0,0,9,0,0,2,0,1,0,1,0,0,0,0,0,0,0,7,0,0,0,0,3,4,6,0,0,0,1,0,0,21,6,1,0,0,25,0,0,0,2,0,0,0,5,0,6,0,0,0,11,9,2,155,0,7,1,3,0,0,56,0,48,0,0,3,0,0,34,105,2,2,1,0,0,0,0,15,0,0,0,0,0,0,1,3,1,0,2,0,0,1,0,0,0,1,0,1,2,1,0,1,0,0,0,1,1,0,0,0,0,0,6,3,1,0,0,0,0,0,0,0,0,0,0,0,0,0,0,0,2,3,0,0,1,0,0,1,3,0,0,0,0,2,0,0,0,0,0,22,4,0,14,2,0,0,1,3,0,0,0,3,12,3,3,21,1,1,1,1,0,0,18,0,0,1,1,0,0,0,0,0,171,11,7,5,0,3,0,42,0,1,0,6,0,0,0,0,0,0,0,0,0,3,1,6,6,0,0,0,0,0,0,0,1,0,0,1,69,0,0,0,0,0,2,1,0,0,19,0,0,1,13,8,0,0,0,0,1,0,4,0,1,0,0,0,0,1,0,4,0,0,0,11,19,0,0,1,0,0,31,0,0,0,0,0,0,0,0,34,0,0,1,0,0,0
3,1597,ESCOLA MUNICIPAL C.E.I.  RITTA ANNA DE CÁSSIA,"RUA FORTALEZA, N. 1343, VILA CAMARGO",CAJURU,-25.458176,-49.2046387,21,0,3237,2601,281,120,0,3,3,12,47,1,7,1,0,11,0,23,3,1,0,0,4,0,0,0,6,11,10,7,5,1,15,0,7,4,0,2,1,0,1,0,0,0,3,4,1,3,0,2,0,34,0,2,0,0,0,0,1,0,0,0,0,22,0,0,5,0,3,1,0,0,0,0,0,0,2,2,129,0,0,0,0,4,0,1,0,0,0,1,0,0,3,3,0,0,0,1,0,0,27,0,0,0,0,3,0,7,0,0,0,1,0,12,33,1,0,1,2,0,0,0,0,0,0,0,0,2,0,0,0,0,12,0,0,0,0,1,31,0,0,2,1,0,0,0,0,0,2,1,2,1,0,1,0,2,0,1,0,0,0,8,2,0,43,0,0,0,9,0,0,0,4,0,0,1,0,1,50,2,48,2,0,3,2,31,2,3,0,0,2,1,0,3,3,0,1,0,0,0,1,0,0,38,0,0,0,4,0,0,0,0,0,0,0,0,0,0,0,0,0,0,0,0,0,0,0,7,0,0,1,0,0,0,0,0,1,0,0,0,0,0,4,0,0,0,0,0,0,0,0,1,1,0,0,0,0,0,0,0,0,0,0,0,3,0,58,0,0,0,0,0,4,0,0,1,0,2,2,0,2,0,7,0,0,0,0,0,0,0,5,0,0,0,0,0,0,7,0,0,0,0,0,0,0,0,4,0,0,0,0,0,4,0,0,1,0,0,0,0,0,0,0,0,0,0,0,0,0,0,0,0,4,0,1,0,1,0,0,1,1,7,0,0,0,0,21,0,0,0,0,28,0,0,5,1,0,0,16,4,0,1,0,0,0,0,0,0,0,0,0,0,0,0,0,0,0,0,0,0,0,0,0,0,0,0,0,0,0,0,0,0,0,0,0,0,0,2,8,0,0,24,0,0,2,0,7,1,0,4,2,0,1,108,0,2,0,0,0,0,0,0,0,1,0,40,0,1,0,0,0,0,0,0,2,0,2,0,0,0,0,0,0,1,0,0,0,0,1,0,0,1,0,0,1,0,0,0,19,0,0,0,2,0,2,0,0,0,1,0,0,0,0,0,0,0,0,0,0,0,0,0,0,0,1,0,0,0,0,0,0,0,0,0,0,0,2,0,0,0,0,0,0,0,0,0,0,0,0,0,0,0,0,0,2,0,0,2,0,0,0,1,0,0,0,1,4,4,20,0,2,0,3,0,0,0,0,0,0,0,0,0,0,0,0,0,0,0,0,0,1,0,0,0,0,4,0,0,0,0,0,0,0,23,4,0,0,2,0,0,2,0,1,1,0,0,0,0,0,0,0,0,0,0,0,0,0,0,0,0,0,0,0,0,0,0,0,0,0,0,0,0,1,0,0,0,0,0,0,0,0,0,0,0,0,2,0,0,0,1,0,0,0,0,3,0,0,0,0,0,0,0,0,3,0,0,4,0,2,0,1,0,0,0,0,0,1,0,1,0,0,0,0,0,1,0,0,0,0,1,0,0,15,1,0,1,0,8,0,0,1,0,0,0,0,1,0,5,0,0,1,7,2,0,106,0,0,0,3,0,0,86,0,23,0,0,3,0,0,13,89,5,2,0,0,0,0,0,32,0,0,0,0,1,0,0,1,1,1,0,0,0,0,0,0,0,2,0,0,0,0,0,0,0,0,0,0,0,0,0,0,0,0,2,1,0,0,0,0,0,0,0,1,0,0,0,0,0,1,0,0,1,0,0,0,0,0,0,0,1,0,1,0,0,0,0,0,1,0,0,12,10,0,5,0,0,0,0,5,0,0,0,1,0,2,1,17,0,0,0,0,0,0,31,0,0,3,0,0,0,1,0,0,56,2,10,2,0,4,0,9,0,1,0,0,2,0,0,0,0,0,0,0,0,0,0,14,0,0,0,0,0,2,0,0,1,0,0,1,96,0,0,0,0,0,0,1,0,1,32,0,0,0,2,1,0,0,0,0,0,1,0,0,1,0,0,0,0,0,0,0,0,0,0,2,25,0,0,0,0,0,28,0,0,0,0,0,0,0,0,29,1,0,0,0,4,0
3,1600,ESCOLA BANDEIRANTES,"RUA CUIABÁ, N. 1284, VILAS OFICINAS",CAJURU,-25.4546388,-49.2098731,21,0,3082,2591,198,116,0,2,3,3,38,1,3,0,0,10,1,26,0,0,0,0,8,0,2,0,5,2,13,2,1,1,8,0,3,1,1,11,3,0,0,0,0,1,6,1,6,2,0,0,0,30,3,0,0,0,0,0,3,7,0,0,0,11,1,1,7,0,0,1,0,0,0,0,0,0,1,1,75,0,0,0,0,5,0,2,0,0,0,4,0,0,6,0,0,0,0,0,1,0,7,0,0,0,0,15,0,13,0,4,0,1,0,6,40,0,0,0,0,1,0,0,0,1,0,2,1,7,0,0,1,0,2,0,4,0,0,0,73,0,0,0,3,0,0,1,0,1,3,1,2,0,1,0,0,1,0,0,2,0,0,4,4,0,17,0,0,0,3,0,0,0,0,1,0,2,0,1,70,1,34,3,2,2,1,59,3,9,0,2,1,0,0,0,2,1,0,0,0,3,0,0,0,33,0,0,0,0,1,0,0,0,1,0,2,0,0,0,0,0,0,0,0,0,0,0,0,10,1,0,2,0,0,0,3,0,0,0,0,0,0,0,1,0,0,0,0,0,0,0,0,0,0,0,0,0,0,0,0,0,0,0,1,0,0,0,45,0,0,1,0,0,0,0,0,2,0,0,4,0,13,3,4,0,3,0,1,0,0,0,0,0,0,0,0,0,0,6,0,0,0,0,0,0,0,2,1,0,0,0,0,0,1,0,0,1,0,0,0,0,0,1,0,1,0,0,0,0,0,0,0,0,1,2,4,0,0,0,3,2,0,17,0,2,0,0,50,0,0,0,0,24,0,0,5,0,0,1,32,4,0,2,0,0,0,0,0,0,1,0,0,0,0,0,0,0,0,0,0,0,0,0,0,0,1,0,0,0,0,0,0,0,0,0,0,0,1,3,12,0,0,45,0,0,1,0,6,7,0,9,1,0,0,60,0,0,0,5,1,0,0,0,0,2,0,53,1,0,0,1,0,0,2,0,0,0,1,0,3,0,0,0,0,0,2,0,0,0,7,2,0,0,0,1,5,0,0,0,32,0,0,0,4,0,3,0,0,0,0,0,1,0,0,0,0,1,0,0,0,1,0,0,2,0,0,0,0,0,0,0,1,0,0,0,0,0,0,0,0,0,0,0,0,0,0,0,0,0,0,0,0,0,0,0,0,0,0,0,0,0,0,0,0,0,0,4,0,0,18,0,3,0,8,0,0,0,0,0,0,0,0,0,0,0,0,1,0,0,2,0,0,0,0,0,0,2,1,1,0,0,0,3,0,19,0,1,1,7,0,0,5,0,3,0,0,0,0,0,0,0,0,1,0,0,0,0,1,0,0,0,0,0,0,0,0,0,0,0,0,0,0,0,4,0,0,0,0,0,0,0,0,0,0,0,0,0,0,0,0,0,2,0,0,0,0,0,0,0,1,0,0,0,1,0,0,0,1,0,2,0,1,0,0,0,0,0,0,1,5,0,0,0,0,0,1,0,0,0,0,0,0,0,12,1,1,0,0,25,0,0,0,0,0,0,2,4,0,9,2,0,2,6,4,2,98,0,2,0,5,2,0,42,1,28,0,1,0,0,0,18,111,0,4,0,0,0,0,0,6,0,0,0,0,1,0,1,3,1,0,2,0,0,0,0,0,0,0,1,0,0,0,0,1,0,1,4,1,1,0,0,0,0,1,5,2,1,0,2,0,0,0,0,0,0,0,0,0,0,0,0,0,0,1,0,0,0,0,0,0,1,0,0,0,0,0,0,0,0,0,0,14,7,3,9,2,0,0,1,4,3,1,0,2,5,2,6,17,3,0,2,0,0,0,16,0,0,1,0,0,0,0,0,0,94,2,10,9,0,8,3,15,0,2,2,2,0,0,0,0,0,0,0,0,0,0,0,1,3,0,0,0,0,0,1,0,0,0,0,0,90,0,0,0,0,0,0,1,0,1,10,0,0,0,15,0,0,0,0,0,0,0,0,0,0,0,1,3,0,0,0,0,0,0,0,5,16,0,0,0,0,0,35,1,0,1,0,0,0,0,0,13,4,0,0,0,1,0
3,1643,COLÉGIO ESTADUAL ANÍBAL KHURY NETO,"RUA AVELINO MONTOVANI, N. 430",UBERABA,-25.4852021,-49.2037322,37,0,4382,3384,400,178,0,5,7,6,52,1,4,0,0,20,1,30,3,1,0,0,2,0,1,1,1,6,31,7,0,1,14,0,0,1,0,6,0,0,0,1,0,0,1,1,1,1,0,1,2,51,2,0,0,0,0,0,1,4,0,0,3,21,0,0,0,0,1,4,0,1,1,0,0,0,0,0,97,0,2,0,0,8,0,1,0,0,0,3,0,0,5,0,0,0,0,0,0,0,3,0,0,0,0,2,0,7,0,5,0,1,0,14,40,0,2,0,0,0,0,0,0,2,0,0,1,3,1,0,0,0,9,2,7,0,1,0,35,0,0,0,2,0,0,0,0,0,2,0,7,0,0,0,0,1,0,1,1,0,0,3,1,0,32,0,0,0,19,0,2,0,5,2,2,5,0,11,63,1,61,8,2,3,0,89,0,10,1,1,1,0,1,4,7,0,0,0,1,1,0,1,1,36,0,1,1,0,1,0,0,0,0,0,0,0,0,0,0,0,0,0,0,0,0,0,0,4,0,0,2,0,0,1,2,1,0,0,2,0,0,0,2,0,0,0,0,1,0,0,0,0,2,1,0,0,0,4,0,0,0,0,0,0,2,0,40,0,0,1,0,0,0,0,0,0,1,1,0,0,2,1,7,0,0,0,0,0,0,0,2,0,0,0,1,0,0,7,1,0,0,0,0,1,0,0,2,0,1,0,0,0,1,0,0,1,0,0,0,0,0,1,0,0,0,0,0,0,0,0,0,0,0,0,6,0,0,0,1,0,0,17,2,0,0,0,37,0,0,0,1,18,0,0,13,0,0,0,14,5,0,1,0,0,0,0,0,0,0,0,0,0,0,0,0,0,0,0,0,0,0,0,0,0,0,0,1,0,0,0,0,0,0,0,0,0,5,0,15,0,1,37,0,0,3,3,22,0,0,2,7,0,2,123,0,0,0,2,1,0,0,0,1,1,0,27,0,0,0,1,0,0,0,0,1,0,0,0,0,0,0,0,0,1,0,0,0,1,6,0,0,1,0,0,0,0,0,0,29,0,1,0,28,0,1,1,0,0,0,1,0,0,0,0,0,0,0,0,0,1,0,0,1,0,1,0,0,0,1,1,0,0,0,0,0,0,2,0,0,0,1,5,0,1,0,0,0,0,0,0,0,0,0,0,0,0,0,0,1,0,0,1,1,0,0,0,3,0,21,0,0,1,5,0,0,0,0,0,0,0,0,0,0,0,0,0,0,0,1,1,2,0,0,7,0,3,0,0,0,0,0,0,0,38,0,2,0,7,0,3,0,0,0,0,0,0,0,0,0,0,0,1,0,0,0,0,0,1,0,0,0,0,0,0,0,1,1,0,0,0,1,0,4,0,0,0,0,0,0,0,0,0,0,0,0,0,0,71,0,0,0,0,0,0,1,0,0,0,0,0,0,0,1,5,0,1,0,0,4,0,5,0,0,0,0,0,0,3,2,1,0,0,0,0,0,2,0,0,0,0,0,0,12,6,1,0,4,7,0,0,0,2,1,0,0,1,0,7,0,0,0,6,11,0,123,0,1,0,2,2,0,77,0,28,1,2,5,0,0,185,85,2,1,1,0,0,2,0,7,0,0,0,0,0,0,0,3,0,0,1,0,0,0,1,0,0,1,0,2,0,0,0,0,0,0,0,1,0,1,0,0,1,1,1,0,0,0,0,0,0,0,0,0,0,1,0,0,0,0,0,0,0,0,0,0,0,0,0,0,0,0,0,0,0,0,0,0,0,0,0,8,9,1,13,0,3,0,1,0,1,0,0,0,5,11,4,27,5,0,1,0,0,0,16,0,0,0,0,0,0,0,0,2,58,8,18,3,0,2,3,13,0,0,1,6,1,0,0,0,0,0,0,0,0,0,0,4,0,0,1,0,0,0,3,1,1,0,0,0,51,0,0,1,0,0,0,1,0,0,69,0,0,1,16,1,0,0,0,0,0,0,3,0,0,0,0,0,0,0,0,0,0,0,3,2,60,0,0,0,0,0,27,0,0,0,0,0,0,0,0,50,0,0,0,0,4,0
3,2054,ESCOLA MUNICIPAL MICHEL KHURY,"RUA ADHMAR VIEIRA DE ARAÚJO, N. 457",UBERABA,-25.4893901,-49.2022535,37,0,2709,2151,285,102,0,4,4,3,31,1,4,1,1,12,0,20,0,0,0,0,3,0,2,0,5,12,18,5,0,0,13,1,2,2,1,3,0,0,0,0,0,0,0,4,3,0,0,2,0,44,3,0,0,0,0,0,1,0,0,0,0,17,0,0,2,0,1,1,0,1,0,0,0,0,0,0,88,0,0,0,0,1,0,0,0,0,0,3,0,0,1,0,0,0,0,0,0,0,9,0,0,0,0,3,0,9,0,2,0,2,0,19,22,0,0,0,0,0,0,0,0,0,0,0,0,0,1,0,0,0,3,0,1,3,0,0,20,0,0,1,1,0,0,0,0,0,3,0,4,0,0,1,0,1,0,0,0,0,0,3,2,0,31,0,0,0,4,0,2,0,4,3,0,3,0,7,35,0,31,4,3,0,0,35,1,3,0,0,0,1,0,3,3,0,0,0,2,1,1,0,0,31,0,0,0,0,0,0,0,0,0,0,0,0,0,0,0,1,0,0,0,0,0,0,0,1,0,0,0,0,0,0,4,0,0,0,0,1,0,0,1,0,0,0,0,0,0,1,0,0,5,0,0,0,0,0,0,0,0,0,2,0,0,0,29,0,0,0,1,0,0,0,0,0,0,0,0,0,0,0,6,0,0,0,0,0,0,0,6,0,0,0,1,0,0,3,0,1,0,0,0,0,0,0,1,0,0,0,0,0,0,0,0,0,0,0,0,0,0,1,0,0,0,0,0,0,0,0,0,0,2,0,2,0,0,0,0,0,0,2,0,0,0,0,17,0,0,0,0,5,0,0,5,0,0,0,8,2,0,0,0,0,0,0,0,0,0,0,0,0,0,0,0,0,0,0,0,0,0,0,0,0,0,0,0,0,0,0,0,0,0,0,0,0,4,0,7,0,1,29,1,0,0,0,8,2,0,3,1,0,1,91,0,0,0,2,0,1,0,0,0,3,0,18,2,0,0,2,0,0,0,0,0,0,0,0,0,0,2,0,0,7,1,0,0,0,1,0,0,0,0,0,0,0,0,0,38,1,0,0,10,0,0,0,0,0,0,0,0,0,0,0,0,0,0,0,0,0,0,0,0,0,0,0,0,0,1,0,0,0,0,0,0,0,0,0,0,0,0,6,0,0,0,0,0,0,1,0,2,0,0,0,0,0,0,0,0,0,0,0,0,0,0,0,0,0,7,0,0,0,3,0,0,0,0,0,0,0,0,0,0,0,0,2,0,0,0,0,0,0,0,1,0,2,0,0,0,0,0,0,0,24,0,1,0,2,0,1,1,0,0,1,0,0,0,0,0,0,0,0,0,0,0,1,0,0,0,0,0,0,0,0,0,0,2,0,0,1,0,0,0,0,0,0,0,0,0,0,0,0,2,0,0,0,0,50,0,0,0,0,0,0,0,1,0,0,0,0,1,0,0,3,0,1,0,0,2,0,5,0,0,0,0,0,0,2,1,3,0,0,0,0,0,0,0,0,0,0,0,0,12,0,0,0,0,0,0,1,0,0,0,0,0,2,0,1,0,0,1,1,7,0,76,0,0,0,2,1,0,34,0,17,0,0,0,0,0,98,52,1,0,0,0,0,0,0,2,0,0,0,0,0,0,0,1,3,0,1,0,0,0,0,0,0,2,0,1,0,0,0,0,0,0,0,0,0,0,0,0,0,0,0,1,0,0,0,0,0,0,0,0,0,0,0,0,0,0,0,1,0,0,0,0,0,0,0,0,0,0,0,0,0,0,0,0,0,0,0,6,4,1,14,3,0,0,0,3,0,0,0,2,6,8,4,5,1,0,0,1,1,0,4,1,0,0,0,0,0,0,0,0,34,2,5,3,0,3,0,5,0,0,2,5,0,2,0,0,1,0,0,0,0,0,0,4,1,0,0,0,0,0,0,0,0,0,0,0,48,0,0,1,0,0,0,0,2,0,50,0,0,0,8,0,0,0,0,0,2,1,1,0,0,0,0,0,0,0,0,0,1,0,1,2,35,0,0,1,0,0,8,0,0,0,0,0,0,0,0,38,0,0,0,0,4,0
3,2062,ESCOLA MUNICIPAL RACHEL MADER GONÇALVES,"RUA GUSTAVO BARROZO GONÇALVES, 26",UBERABA,-25.4868275,-49.2003096,37,0,1641,1325,170,63,0,0,2,3,23,0,0,0,0,14,1,15,2,0,0,0,1,1,0,2,1,8,9,1,0,1,3,0,2,1,0,3,0,0,0,0,0,0,1,1,1,1,0,1,1,22,1,0,0,0,0,0,0,3,0,0,0,10,0,0,0,0,1,1,0,10,0,0,0,0,0,1,55,0,1,0,0,0,0,0,0,0,0,0,1,0,6,0,0,0,1,0,0,0,3,0,0,0,0,1,0,1,0,3,0,0,0,6,19,0,0,0,0,0,0,0,0,0,0,0,2,7,0,0,1,0,0,0,0,0,0,0,8,0,0,0,2,0,0,0,0,1,0,0,4,0,2,0,0,1,0,0,1,0,1,0,0,0,25,0,3,0,2,0,1,0,1,2,0,0,0,13,26,0,16,0,2,0,0,26,0,1,0,0,0,0,0,3,0,0,0,0,0,0,0,3,0,24,0,0,0,0,0,0,0,0,0,1,0,0,0,0,0,0,0,0,0,0,0,0,0,1,0,0,1,0,0,0,1,0,0,0,0,0,0,0,2,0,2,0,0,0,0,1,0,0,4,0,0,0,0,0,0,0,0,0,0,1,0,0,25,0,0,1,0,0,0,0,0,0,3,1,0,0,0,1,2,0,0,0,0,0,0,0,2,0,0,0,0,0,0,1,0,0,0,0,0,0,0,0,0,0,0,0,0,0,0,0,0,0,0,0,0,0,0,0,0,0,0,0,0,3,0,0,0,0,0,0,1,0,0,0,0,0,0,2,0,0,0,0,12,0,0,0,0,7,0,0,4,0,0,0,4,1,0,0,0,0,0,0,0,0,0,0,0,0,0,0,0,0,0,0,0,0,0,0,0,0,0,0,0,0,0,0,0,0,0,0,0,0,1,0,3,0,0,7,0,0,2,0,6,1,0,1,1,0,0,120,1,0,0,0,0,0,0,0,0,0,0,11,0,0,1,0,0,0,0,0,0,0,1,0,1,0,0,0,0,0,0,0,0,0,2,0,0,0,0,0,0,0,0,0,5,0,0,0,5,0,1,0,0,0,0,0,0,0,0,0,0,0,0,0,0,0,0,0,0,0,0,0,0,0,0,0,0,0,0,0,0,0,0,0,0,0,0,0,0,0,0,0,0,0,1,0,0,0,0,0,0,0,0,0,0,0,1,0,0,0,0,0,0,1,12,0,0,0,2,0,1,0,0,0,0,0,1,0,0,0,0,0,0,0,0,0,1,0,0,0,0,0,0,0,0,0,0,0,0,10,0,0,0,0,0,0,0,0,0,0,0,0,0,0,0,0,1,0,0,0,0,0,0,0,0,0,0,0,0,0,0,0,0,0,0,0,0,0,0,0,0,0,0,0,0,0,0,0,0,0,0,0,0,6,0,0,2,0,0,0,1,0,0,0,0,0,0,0,0,0,0,0,0,1,0,0,0,0,0,0,0,0,0,0,2,1,0,0,0,0,0,0,0,2,0,0,0,0,4,1,0,0,0,0,0,0,0,0,1,0,0,0,0,2,0,0,0,1,6,0,47,0,1,0,2,1,0,26,0,10,0,0,1,0,1,33,19,0,0,0,0,0,0,0,1,0,0,1,0,0,0,0,0,0,0,0,0,0,0,1,0,0,0,0,1,0,0,0,2,0,0,0,0,0,0,0,1,0,0,2,0,0,0,0,0,0,0,0,0,0,0,0,0,0,0,0,0,0,0,0,0,0,0,0,1,0,0,0,0,0,0,0,0,0,0,0,3,3,0,8,0,0,0,0,1,0,0,0,0,0,12,2,7,2,0,1,1,0,1,4,0,0,0,0,0,0,0,0,0,16,2,1,4,0,0,1,5,0,4,0,0,0,0,0,0,0,0,1,1,1,0,0,3,1,0,0,0,0,1,0,0,0,0,0,0,35,0,0,1,0,1,0,0,0,0,25,1,0,0,3,0,0,0,0,0,0,0,0,0,0,0,0,0,0,0,0,0,0,0,0,0,30,0,0,0,0,0,5,0,0,0,0,0,1,0,0,15,0,0,0,0,0,0
3,2070,ESCOLA MUNICIPAL PROFESSORA MARIA DE LOURDES LAMAS PEGORARO,"RUA JOÃO ALVES DE ARAÚJO, N. 273, SOLITUDE",CAJURU,-25.4751088,-49.1960493,21,0,1503,1231,106,63,0,1,3,2,14,3,2,0,0,0,0,11,1,0,0,1,1,1,1,0,3,2,4,0,0,0,5,0,1,1,0,3,1,0,0,0,0,0,3,0,2,1,0,0,1,28,0,0,0,0,0,0,0,1,0,0,0,9,0,0,0,0,3,0,0,0,0,0,0,0,0,2,51,0,0,0,0,0,0,0,0,0,0,0,0,2,1,0,0,0,0,0,0,0,7,0,0,0,0,3,0,3,0,4,0,0,0,9,7,0,0,0,0,0,0,0,0,0,0,1,2,3,0,0,0,0,1,0,0,1,0,1,19,1,0,0,2,1,0,0,0,0,1,0,1,0,0,1,0,0,0,0,0,0,0,1,0,0,8,0,0,0,1,1,0,0,1,0,2,2,0,1,17,0,13,2,2,0,0,18,0,2,0,0,1,0,0,0,3,0,0,0,4,0,0,1,0,15,0,1,0,0,1,0,0,0,0,0,0,0,0,0,0,0,0,0,0,0,0,0,0,1,0,0,0,0,0,0,0,0,0,0,0,0,0,0,2,0,0,0,0,0,0,0,0,0,4,0,0,0,2,0,0,0,0,0,1,0,0,0,26,0,0,1,0,0,0,0,0,0,0,0,1,0,0,0,4,0,3,0,0,0,0,0,2,0,0,0,0,0,0,1,0,0,0,0,0,0,0,1,0,0,0,0,0,0,1,0,0,0,0,0,0,0,0,0,0,0,0,0,0,0,0,0,0,0,0,3,0,0,0,0,0,3,0,12,0,0,0,0,22,0,0,0,0,14,0,0,4,0,0,0,8,7,0,0,0,0,0,0,0,0,0,0,0,0,0,0,0,0,0,0,0,0,0,0,0,0,0,0,0,0,0,0,0,0,0,0,0,0,1,0,2,0,0,27,0,0,2,1,6,2,1,1,0,0,0,59,0,0,0,1,0,0,0,0,0,0,0,19,0,0,1,0,0,0,0,0,0,0,0,0,1,0,0,0,0,0,0,0,0,0,1,0,0,0,0,0,3,0,0,0,8,0,0,0,2,0,0,0,0,0,0,0,0,0,0,0,0,0,0,0,0,0,0,0,0,0,0,0,0,0,0,0,0,0,0,0,0,0,0,0,0,0,0,1,0,0,0,0,0,0,0,0,0,0,0,0,0,0,0,0,0,1,0,1,0,0,0,1,0,3,11,0,1,0,5,0,0,0,0,0,0,0,0,0,0,0,2,0,0,1,0,0,0,0,0,0,0,0,0,1,0,0,0,0,0,13,0,5,0,1,0,0,3,0,0,0,0,0,0,0,0,0,0,0,0,0,0,0,0,1,0,0,0,0,0,0,0,0,0,0,0,0,0,0,0,0,0,0,0,0,0,0,0,0,0,0,0,0,0,1,0,0,0,0,0,0,0,0,0,0,0,0,0,0,0,4,0,0,0,0,2,0,0,0,0,0,0,0,0,0,2,0,0,0,0,0,0,0,0,0,0,0,1,0,3,3,0,0,0,3,0,0,0,0,0,0,0,1,0,0,0,0,0,1,0,0,62,0,0,0,0,3,0,16,0,9,0,1,2,0,0,15,28,4,0,0,0,0,1,0,4,0,0,0,0,0,0,1,2,0,0,0,0,0,0,0,0,0,1,1,2,0,0,0,0,0,0,0,0,0,0,0,0,0,0,0,0,0,0,0,0,0,0,0,0,0,0,0,0,0,0,0,0,0,0,0,0,0,0,0,0,0,0,0,0,0,0,0,0,0,0,0,1,0,3,1,0,0,0,0,1,0,2,0,0,1,1,1,12,0,0,0,0,0,0,13,0,0,1,0,0,0,0,0,0,21,3,4,0,1,3,0,6,0,0,2,5,1,0,0,0,0,0,0,0,0,0,0,0,0,0,0,0,0,0,0,0,0,0,0,0,62,0,0,0,0,0,0,0,0,0,6,0,0,1,3,0,0,0,0,0,0,1,2,0,0,0,1,0,0,0,0,0,0,0,0,0,23,0,0,0,0,0,19,0,0,0,0,0,1,0,0,43,2,0,0,0,0,0
3,2089,ESCOLA MUNICIPAL PROFESSORA MARIA MARLI PIOVEZAN,"RUA VELCY BOLÍVAR GRANDÓ, 105",UBERABA,-25.4953612,-49.2081413,37,0,2877,2246,262,99,0,5,9,3,52,1,6,0,0,9,0,21,1,1,1,0,5,1,0,0,2,9,16,5,1,0,14,0,3,1,0,13,4,0,0,0,2,0,1,2,1,0,0,2,0,51,1,0,0,1,1,0,3,0,0,0,0,14,1,0,2,0,1,2,0,1,0,0,0,0,2,1,73,0,0,0,1,4,0,1,0,0,0,0,0,0,2,0,0,0,0,0,0,0,3,0,0,1,0,2,1,5,0,0,0,0,0,11,23,0,3,0,1,0,0,0,0,0,0,0,0,3,0,0,0,0,5,0,0,0,0,0,28,0,0,0,0,0,0,0,0,0,6,0,1,0,0,0,0,1,0,0,0,0,0,4,2,0,57,0,0,0,10,2,0,0,3,1,0,3,0,3,29,1,48,12,2,0,0,31,1,13,0,1,3,0,0,1,2,2,1,0,6,0,1,0,1,33,0,1,0,0,1,0,0,0,0,3,0,0,0,0,0,0,0,0,0,0,0,0,0,4,0,0,1,0,0,0,4,0,1,0,0,0,0,0,1,0,0,0,0,2,0,0,2,1,3,0,0,0,0,1,0,0,0,0,1,0,1,0,9,0,0,0,0,0,0,0,0,1,1,0,0,0,1,0,1,0,0,0,0,0,0,0,1,0,0,0,0,0,1,4,0,0,0,0,0,0,0,0,0,0,0,0,0,0,0,0,0,0,0,0,0,0,0,1,0,0,0,0,0,0,0,0,0,1,1,0,1,0,0,0,0,0,0,21,1,0,0,0,16,0,0,0,0,18,0,0,4,0,0,0,27,2,0,0,0,0,0,1,0,0,0,0,0,0,0,0,0,0,0,0,0,0,0,0,0,0,1,0,0,0,0,0,0,0,0,1,0,0,7,1,7,1,0,41,0,0,2,1,7,1,1,1,3,0,1,64,0,0,0,1,0,0,0,0,0,1,0,18,0,2,4,0,3,0,0,0,0,0,0,0,0,0,1,0,0,3,0,0,0,0,7,0,0,0,0,0,0,0,0,0,69,1,0,0,12,0,0,0,0,0,2,1,0,0,0,0,1,0,0,0,0,0,0,0,1,0,0,0,0,0,0,0,0,0,0,0,0,0,0,0,0,0,1,0,0,0,0,0,0,0,0,0,1,0,0,0,0,0,0,0,0,0,0,0,0,0,0,1,1,0,18,0,3,4,3,0,0,0,0,0,0,0,0,0,0,0,0,0,0,0,0,1,1,1,0,0,0,2,0,0,0,0,1,0,0,26,1,3,0,1,0,0,0,0,0,0,0,0,0,0,0,0,0,0,0,0,0,0,0,0,0,0,0,0,0,0,0,0,6,1,0,0,0,0,0,0,0,0,0,0,0,0,0,0,1,0,0,0,0,10,0,0,0,0,0,0,1,0,0,0,0,0,3,0,0,0,0,0,0,0,3,0,29,0,0,0,0,0,1,0,0,0,0,0,0,0,0,2,0,0,0,0,0,0,10,4,0,1,0,6,0,0,0,0,1,0,3,4,0,5,0,0,0,2,12,0,70,0,2,0,2,0,0,32,0,18,0,0,0,0,0,90,64,1,1,0,0,0,0,0,5,0,0,0,0,0,0,1,1,0,0,1,0,0,1,1,0,0,1,0,0,2,1,0,0,0,1,0,0,0,0,0,0,0,1,1,0,1,0,0,0,0,0,0,0,0,0,0,0,0,0,0,0,1,1,0,0,0,0,0,0,0,0,0,1,0,0,0,1,0,0,0,9,5,1,10,2,1,0,2,0,0,0,3,1,2,2,0,9,2,1,2,1,0,1,9,1,0,0,0,1,0,0,0,1,36,0,5,5,0,2,0,7,0,0,0,1,1,0,0,0,0,0,0,0,0,0,0,2,0,0,0,0,0,0,2,0,0,0,1,0,21,0,0,2,0,2,0,0,0,0,38,0,0,0,1,0,0,0,0,0,0,0,2,0,0,0,0,0,0,0,0,1,0,0,0,2,46,0,0,0,0,0,14,0,0,0,4,0,0,0,0,16,3,0,0,0,1,1
3,2178,PARÓQUIA SÃO PAULO APÓSTOLO,"RUA PADRE JULIO SAAVEDRA, 170",UBERABA,-25.4765343,-49.2293418,37,0,3721,3099,198,130,0,2,5,4,41,3,10,0,0,8,1,43,2,0,0,0,22,2,4,0,2,1,13,1,1,0,13,0,0,0,0,23,3,0,0,0,0,1,4,3,4,3,0,5,4,27,1,0,3,0,0,1,2,4,1,0,1,5,0,1,0,0,0,7,0,0,0,0,0,1,1,2,87,0,0,0,0,7,0,1,0,0,0,0,0,0,20,0,0,0,0,0,0,0,2,0,0,0,0,9,9,18,0,0,0,3,0,43,25,0,0,0,0,0,0,0,0,0,0,0,2,4,2,0,0,0,3,0,10,1,3,2,72,0,0,1,3,0,0,0,0,0,3,1,1,0,0,0,1,0,0,0,0,0,0,8,1,0,4,0,0,0,13,0,0,0,3,0,3,0,0,0,66,7,34,4,2,3,0,54,3,8,0,1,3,1,0,4,1,0,1,0,1,1,0,1,2,31,0,0,2,0,1,0,0,0,0,1,0,0,0,0,2,0,0,0,0,0,0,0,0,19,3,0,0,0,0,0,5,2,1,0,0,0,0,0,4,0,30,0,0,0,0,1,0,0,4,0,0,0,0,0,0,0,0,0,0,0,0,0,9,0,0,0,0,0,1,0,0,2,0,6,0,0,1,1,7,0,1,0,0,0,1,0,1,0,0,2,0,0,0,8,0,0,0,0,0,0,0,1,1,0,0,0,0,0,0,1,0,0,0,0,0,0,0,1,0,0,0,0,0,0,0,0,0,0,0,1,5,0,0,0,4,0,1,30,1,1,0,0,68,0,0,0,0,22,0,0,13,0,0,0,76,5,0,6,0,0,0,0,0,0,0,0,0,0,0,0,0,0,0,0,0,1,0,0,0,0,0,0,0,0,0,0,0,0,0,1,0,0,4,6,11,1,0,51,0,0,4,0,19,31,0,9,7,0,0,72,0,0,0,6,4,2,0,0,0,1,0,26,1,2,1,1,0,1,0,0,0,0,4,1,2,0,1,0,0,2,0,0,0,0,10,2,0,28,0,0,0,0,0,0,35,0,0,0,53,0,1,0,0,0,1,0,1,0,0,0,1,0,0,0,0,1,0,0,0,0,0,0,0,0,0,1,1,0,0,0,0,0,0,0,0,0,0,0,0,1,0,0,0,0,0,0,0,0,0,0,0,0,0,0,0,0,0,3,0,0,0,11,6,0,37,0,9,0,19,0,0,0,0,0,0,0,0,2,0,0,0,0,0,0,2,0,0,1,0,1,7,0,0,0,0,0,0,0,0,24,0,8,0,9,0,0,10,1,0,0,0,0,0,0,0,0,1,0,0,0,0,0,0,0,0,0,0,0,0,0,0,0,4,0,0,0,0,0,3,0,0,0,0,0,0,1,0,0,0,0,0,0,0,2,0,0,1,0,0,0,0,0,0,0,0,0,3,0,2,3,0,0,1,0,1,0,2,0,0,0,0,0,0,6,2,0,0,0,0,1,1,2,0,0,0,0,0,1,19,6,0,3,1,43,0,0,0,1,0,0,0,20,0,6,0,0,5,6,7,0,103,0,0,0,3,4,0,37,0,59,0,1,2,3,0,62,87,1,5,0,0,0,0,0,14,0,0,0,0,0,0,2,2,0,0,2,0,0,0,0,0,0,0,0,0,0,0,0,0,0,0,0,1,0,0,0,0,0,1,4,4,0,0,0,0,0,0,0,0,0,1,0,0,0,0,0,0,0,0,0,0,0,0,0,1,0,0,0,0,0,0,0,0,0,1,0,19,2,2,2,4,1,0,0,7,0,1,0,0,5,8,4,16,2,2,0,0,0,0,12,0,0,1,0,1,0,0,0,0,168,2,2,7,0,2,4,7,0,6,0,4,0,0,0,0,0,0,0,0,0,0,0,2,8,0,3,0,0,0,1,0,0,0,0,0,14,0,0,0,0,0,0,2,0,0,8,0,0,1,5,0,0,0,0,0,0,4,0,0,0,0,1,0,0,0,1,1,2,0,0,10,37,0,0,0,0,0,27,0,0,0,0,0,0,0,0,5,4,0,0,0,2,0
4,1104,ESCOLA MUNICIPAL SIDONIO MURALHA,"RUA LUDOVICO KAMINSKI, 3460 - CJ CAIUA",CIDADE INDUSTRIAL,-25.4853905,-49.3502324,75,0,4902,3984,375,248,0,6,11,11,52,3,6,0,1,14,1,51,2,2,0,0,10,1,2,1,6,4,34,3,1,0,22,2,6,1,0,9,0,0,0,2,0,0,2,2,4,2,2,1,1,93,0,2,0,0,0,3,3,1,0,0,4,17,0,2,0,0,6,4,2,0,0,2,0,0,2,1,156,0,0,0,0,1,0,3,0,0,0,3,3,0,19,0,0,0,0,1,2,0,11,1,0,1,0,1,0,16,1,2,0,1,0,71,42,1,0,0,0,0,0,0,0,0,0,2,2,20,1,0,0,0,4,0,0,0,1,0,54,0,0,0,1,0,0,2,0,1,10,1,6,1,0,0,2,0,0,1,0,1,0,9,2,0,30,0,0,1,15,0,0,1,1,1,1,0,2,0,98,3,54,1,1,2,0,93,3,7,2,0,1,0,0,1,50,0,1,1,0,1,2,0,2,39,0,1,0,0,1,2,0,0,0,0,0,0,0,0,0,0,0,0,1,0,0,0,0,8,1,0,2,0,1,0,0,0,0,0,0,2,0,0,1,0,0,0,0,0,0,0,0,1,1,0,1,0,1,0,0,0,0,0,0,0,0,4,70,0,0,1,0,0,0,0,1,2,0,9,1,0,3,0,6,0,0,0,1,0,0,0,3,0,0,0,0,0,1,1,0,0,0,0,0,0,14,2,0,0,0,0,1,0,1,0,0,0,0,0,0,0,0,0,0,0,0,0,0,0,0,1,0,0,3,0,1,0,0,0,0,1,0,27,1,0,0,0,64,0,0,0,0,5,0,0,19,15,0,1,27,1,0,4,0,0,0,0,0,0,0,0,0,0,0,0,1,0,0,0,0,0,0,0,0,0,0,0,0,0,0,0,0,0,0,0,0,0,6,2,8,0,0,61,1,0,5,1,15,4,0,10,4,0,0,82,1,0,0,4,0,1,1,4,0,3,0,70,0,1,0,0,0,0,0,0,2,0,3,0,0,0,2,0,0,0,0,0,0,0,1,0,0,3,0,1,5,0,0,0,41,0,0,0,0,0,1,0,0,0,2,0,0,0,0,0,0,0,0,0,1,0,0,0,0,0,0,0,0,0,0,0,0,0,0,0,0,0,46,0,0,0,3,0,0,0,0,0,2,0,0,0,0,0,0,0,0,0,0,0,0,0,1,1,0,1,0,4,3,3,36,0,3,4,7,3,0,0,0,0,0,0,0,4,0,0,0,0,0,0,2,0,1,0,0,1,0,2,0,0,0,0,0,0,1,136,3,1,0,8,0,0,4,0,19,0,0,0,0,0,0,0,2,0,0,0,0,0,0,0,1,0,0,0,0,0,0,0,4,3,0,0,0,0,0,1,1,0,1,0,0,1,0,0,0,0,0,4,1,0,0,0,1,0,0,0,3,9,0,0,0,0,1,0,0,4,0,2,0,0,3,0,1,0,0,0,0,0,1,3,4,0,0,0,0,2,0,4,0,2,1,0,0,0,12,8,0,0,0,3,0,1,0,0,0,0,3,2,0,0,0,0,2,7,2,1,157,1,2,0,5,2,0,10,2,54,1,0,8,2,0,15,139,4,0,0,0,0,0,0,16,0,0,0,0,1,0,1,3,0,0,2,0,0,0,0,1,0,1,0,5,0,0,0,1,0,0,1,0,0,1,0,2,0,1,3,0,1,0,1,0,0,0,0,0,0,1,0,0,0,0,0,0,0,0,0,0,0,0,0,1,1,0,0,0,0,0,0,0,0,0,0,6,23,7,13,4,0,2,0,3,1,0,0,0,17,16,9,79,4,1,0,0,0,0,5,0,0,0,0,1,0,0,0,0,125,1,16,5,0,5,14,6,0,2,2,7,2,0,0,0,0,0,7,0,0,1,0,6,6,0,0,0,0,0,0,0,1,0,0,0,13,0,0,0,0,3,0,0,4,0,26,0,0,0,10,1,0,1,0,0,0,2,0,3,0,0,1,0,0,1,3,2,2,0,0,3,20,0,0,2,0,0,57,0,0,1,0,0,0,0,0,2,5,0,0,0,3,0
4,1392,COLEGIO ESTADUAL PAULA GOMES,RUA CURUPIS  903,SANTA QUITERIA,-25.459764,-49.3074766,43,0,6868,5601,378,252,0,4,9,18,98,4,7,0,1,18,2,87,3,1,0,0,28,2,1,0,3,4,29,6,5,0,30,2,1,2,0,26,0,0,0,0,0,1,7,2,6,2,0,0,4,62,8,0,2,1,1,0,2,6,0,2,2,19,0,2,5,1,1,27,0,3,0,0,0,0,9,6,173,0,0,0,0,14,0,1,2,0,0,1,0,0,29,0,0,1,0,0,2,0,9,1,0,0,0,23,0,17,0,1,3,1,0,57,74,1,0,0,0,1,0,0,0,0,0,2,4,17,1,0,1,0,1,0,2,5,0,1,139,0,2,0,0,0,0,2,0,0,18,0,5,0,0,1,1,1,0,3,0,2,0,7,12,0,21,0,0,0,20,4,1,0,20,1,2,0,2,1,127,5,87,13,2,3,1,86,6,10,0,3,2,1,1,2,4,2,0,2,2,4,1,3,2,89,0,0,0,0,0,2,0,0,0,0,0,0,0,0,0,0,0,0,0,0,0,0,0,3,0,0,2,0,0,0,4,0,3,0,0,1,1,0,0,0,0,0,2,0,0,2,0,0,1,1,4,0,0,0,0,0,0,0,0,1,0,0,32,0,0,4,0,0,0,0,0,10,0,4,0,0,4,3,11,0,2,0,0,0,0,0,9,0,0,0,0,0,13,5,0,0,0,0,0,0,1,0,0,0,0,0,0,0,2,0,0,0,0,0,1,0,0,5,0,0,7,0,0,0,1,0,0,5,6,0,0,0,0,0,2,0,0,66,0,0,1,0,87,0,1,0,0,24,0,0,13,2,0,1,87,0,0,3,0,0,0,0,0,1,0,0,0,0,0,2,0,0,0,0,0,0,1,0,0,0,0,0,0,0,0,0,0,0,0,2,0,0,13,4,35,0,0,132,0,0,6,5,39,6,0,9,10,1,0,85,5,0,2,6,1,1,0,1,0,3,0,87,1,5,2,2,0,0,0,0,1,0,0,1,5,1,2,0,0,0,21,0,0,0,4,0,3,2,0,0,2,1,0,0,56,7,0,0,10,0,0,0,0,0,0,0,0,0,0,0,0,1,0,1,0,0,0,0,3,0,5,0,0,0,0,0,0,0,0,0,0,0,3,0,0,0,0,0,0,0,0,1,0,0,0,1,0,0,0,0,0,0,0,2,0,0,3,6,0,2,2,4,37,2,57,0,8,3,30,3,0,0,0,1,0,0,0,16,0,0,0,1,0,0,1,1,7,2,0,0,0,1,0,0,0,0,0,0,0,31,1,7,0,11,2,0,12,4,6,0,0,0,0,0,1,0,0,13,0,0,0,0,0,0,0,0,0,0,0,0,0,0,2,0,0,0,3,0,0,0,0,0,3,0,0,0,0,0,0,0,0,0,0,0,0,0,0,0,0,1,1,0,0,0,1,0,4,1,3,9,0,1,0,0,4,0,6,0,0,0,0,0,1,1,8,0,0,0,0,1,1,1,0,2,0,2,3,0,33,14,0,0,1,22,0,5,1,1,0,1,0,8,0,5,0,0,7,6,7,1,170,0,1,4,8,2,0,17,2,67,0,0,15,1,0,27,410,5,4,0,0,1,0,0,53,0,1,0,0,0,0,1,11,0,0,4,1,0,0,0,0,0,0,2,2,0,1,5,3,0,1,7,1,1,0,0,0,0,0,9,5,0,0,0,0,3,3,0,0,0,0,0,0,0,0,0,0,2,1,0,0,0,0,1,1,15,0,0,0,1,0,0,0,0,0,1,12,28,7,14,7,0,0,0,1,1,1,0,1,8,14,6,58,10,18,1,0,0,0,13,0,1,2,0,1,1,7,0,1,282,9,5,20,1,15,9,10,0,7,2,5,0,0,5,0,0,0,4,0,0,0,1,9,101,0,2,0,1,2,1,0,0,0,0,3,19,0,0,0,0,0,0,0,0,1,20,0,0,0,11,0,0,0,1,0,6,0,1,0,0,0,0,0,0,0,3,0,1,0,0,10,23,0,0,0,0,0,47,2,1,0,0,0,0,0,0,6,12,0,0,0,5,0
4,1414,CENTRO MUNICIPAL DE EDUCAÇÃO INFANTIL NICE BRAGA,"RUA BOCAIUVA,  351",SANTA QUITERIA,-25.4630033,-49.304932,43,0,3912,3209,178,156,0,0,4,11,47,1,7,0,0,11,2,33,2,0,0,0,22,1,0,0,5,2,19,5,5,1,14,0,1,1,0,35,0,0,0,0,0,1,4,2,4,2,0,2,0,21,4,0,0,1,0,0,3,5,0,0,4,6,3,3,4,0,2,24,0,4,0,1,0,2,0,2,60,0,0,0,0,5,0,0,1,0,0,0,0,0,14,0,0,0,0,0,0,0,6,0,0,1,0,5,0,25,0,3,1,0,0,33,22,0,0,0,0,0,0,0,0,0,0,0,1,4,0,0,1,0,0,0,2,3,1,0,106,1,0,0,0,0,0,0,2,4,13,0,4,0,0,0,0,1,0,1,0,1,0,2,8,0,3,0,0,0,9,0,0,0,7,0,2,3,0,0,78,2,51,6,1,0,0,71,5,2,0,1,2,0,0,5,3,0,0,1,3,0,0,0,2,48,0,0,0,0,1,1,0,0,0,0,0,0,1,0,0,0,0,0,0,0,0,0,0,6,0,0,2,0,0,0,2,0,0,0,1,5,0,0,0,0,0,1,0,0,0,1,0,1,1,0,0,0,0,0,0,1,0,1,1,0,0,1,16,0,0,1,1,1,0,0,1,4,0,4,0,0,5,0,4,0,0,0,0,0,0,0,2,0,0,0,0,0,0,3,0,0,0,0,0,0,0,1,0,0,0,2,0,0,0,1,0,0,0,0,0,0,0,1,0,0,0,2,0,0,0,0,0,1,5,0,1,0,0,0,0,0,0,32,0,0,0,0,54,0,0,0,0,7,1,0,9,0,0,0,73,1,0,3,0,0,0,0,0,0,2,0,0,0,0,0,0,0,0,0,0,0,0,0,0,0,0,0,0,0,0,0,0,0,0,0,0,0,8,2,26,0,0,97,0,0,1,0,17,10,0,3,1,2,0,43,3,1,1,2,0,0,0,1,1,7,0,37,3,6,3,0,4,0,2,0,0,0,0,0,0,2,4,0,0,0,17,0,0,0,2,1,3,0,0,0,0,0,0,0,42,3,0,0,7,1,0,1,0,0,0,0,0,0,0,0,0,1,0,0,0,1,0,0,6,0,1,0,0,0,0,0,0,0,1,0,0,1,2,0,0,0,0,0,0,0,0,0,0,0,0,0,0,0,0,0,0,0,0,0,0,1,0,2,2,1,1,2,18,2,35,0,8,2,19,2,0,0,3,0,0,0,1,27,0,1,0,1,2,0,4,0,0,0,0,0,0,0,0,0,0,0,0,0,0,18,0,1,0,7,1,2,11,0,1,0,0,0,0,0,2,0,0,1,0,0,0,0,0,0,0,0,0,0,0,0,0,1,0,0,0,0,1,0,0,0,1,0,1,0,0,4,0,0,0,0,0,0,0,0,0,0,0,0,0,0,1,0,0,0,2,0,1,0,2,5,0,1,0,0,1,0,5,0,0,0,0,0,0,0,4,0,0,0,0,6,1,1,0,0,0,1,0,0,42,4,0,2,0,35,0,3,1,0,0,0,3,1,0,9,0,0,4,5,3,0,111,0,5,1,4,3,0,14,0,39,0,1,9,1,0,14,188,1,3,0,0,0,0,0,39,1,0,0,0,2,0,0,4,2,0,5,0,0,0,0,0,1,1,0,0,0,0,0,1,0,0,0,0,0,0,0,0,0,1,5,6,2,0,1,4,0,1,0,0,0,0,0,0,0,0,1,0,0,1,0,0,0,0,0,0,2,0,0,0,0,0,0,0,0,0,1,4,15,6,6,6,2,0,0,0,0,0,0,1,3,4,3,34,0,4,0,2,1,0,11,0,0,1,0,0,0,0,0,5,199,2,1,14,3,4,4,7,0,2,0,2,3,0,0,0,0,0,7,0,0,0,0,6,30,2,0,0,0,3,0,0,0,0,0,1,3,0,1,0,0,0,0,0,0,0,6,0,0,0,1,0,0,2,0,0,0,1,0,0,0,0,0,0,0,0,0,1,3,0,0,5,7,0,0,0,0,0,23,0,0,0,1,0,0,0,0,0,2,0,0,0,2,4
4,1430,COLEGIO (PARTICULAR) PADRE JOAO BAGOZZI,"RUA CALIXTO RAZZOLINI, 14",PORTÃO,-25.4755597,-49.2947683,27,0,6581,5328,301,192,0,4,6,11,94,0,11,0,0,14,0,63,1,1,0,0,49,0,0,0,7,4,13,4,9,0,23,0,0,2,0,44,1,0,0,1,0,3,7,1,22,3,0,2,4,51,5,2,0,0,0,0,8,19,0,0,3,14,0,4,5,5,0,23,0,0,0,0,0,1,2,7,68,0,0,0,0,8,2,3,1,0,2,0,0,0,22,1,0,0,0,0,1,1,9,6,0,3,0,17,0,24,0,0,0,4,0,39,36,1,0,0,0,0,2,0,0,1,0,2,6,9,0,0,3,0,1,0,7,0,1,4,251,1,0,1,0,0,0,0,2,2,12,1,2,0,3,0,3,1,0,0,1,0,0,9,13,0,19,0,0,1,26,2,2,0,4,5,0,3,0,2,170,5,96,16,2,3,3,127,4,13,1,0,2,1,1,0,1,0,0,0,2,2,1,9,3,91,0,0,0,0,0,1,0,0,0,0,2,0,0,1,0,1,0,0,0,0,2,0,0,5,0,0,3,0,2,0,6,1,1,0,2,0,2,0,0,0,0,1,0,5,0,2,0,0,1,0,3,0,0,1,0,3,0,0,2,0,0,0,12,0,0,1,0,1,0,0,0,2,0,6,0,0,6,5,15,0,0,0,1,0,0,0,4,1,0,0,0,0,1,10,0,0,0,0,0,1,1,0,0,0,0,0,0,3,1,5,0,2,0,0,0,0,0,1,0,0,0,0,0,0,1,1,0,1,4,1,1,0,0,0,0,1,0,70,1,1,0,0,89,0,1,0,0,30,0,0,10,1,0,0,94,4,0,0,0,0,0,0,2,0,0,0,2,0,0,1,0,0,0,1,0,1,0,0,0,0,0,1,1,0,0,0,0,0,0,5,0,0,21,5,33,4,1,157,1,0,13,22,17,16,0,18,10,0,0,69,3,0,0,3,2,1,0,0,0,2,0,56,0,9,2,0,1,0,3,0,4,0,0,0,2,1,2,0,0,1,2,0,0,0,21,5,1,2,0,0,1,3,0,0,38,0,1,0,6,1,2,0,0,0,1,0,0,1,0,1,0,0,0,0,2,1,0,0,0,0,1,0,0,0,0,3,0,0,0,0,0,3,6,0,0,0,0,0,0,0,0,0,1,0,0,0,0,0,2,0,0,0,0,2,0,0,5,5,4,6,3,6,21,2,81,1,6,2,63,7,0,0,0,1,0,0,0,6,0,2,0,1,0,0,12,0,0,0,0,0,2,1,0,1,0,0,0,0,0,23,0,5,0,7,0,0,25,0,2,0,0,0,0,0,0,0,0,11,0,0,0,0,0,0,0,0,0,0,0,0,0,0,1,0,0,0,0,0,2,0,0,0,3,0,0,0,0,0,0,0,0,0,0,0,0,0,0,0,0,0,8,0,0,0,2,1,2,0,0,5,0,3,0,0,5,0,2,0,0,0,0,0,0,0,10,0,1,0,1,10,1,2,0,0,0,1,0,0,66,26,0,3,0,72,0,4,0,0,0,0,2,5,0,18,0,0,9,18,7,0,113,0,3,0,7,4,0,18,0,97,0,3,4,1,0,16,229,2,1,0,0,0,0,0,39,0,0,0,0,2,0,1,6,1,0,6,1,0,0,0,0,0,3,2,0,2,0,0,4,1,0,8,0,0,0,1,0,0,0,19,10,0,0,1,0,0,1,0,0,0,0,0,0,0,0,1,0,1,2,0,0,0,0,0,0,5,0,0,0,0,0,0,0,0,1,0,20,26,5,23,3,0,0,5,4,3,7,0,3,9,11,3,46,8,1,3,0,0,0,15,0,0,0,1,0,0,1,0,8,369,4,8,11,0,13,8,12,0,6,4,8,2,1,7,0,1,0,1,0,0,0,1,0,5,0,1,0,0,3,3,0,0,0,0,0,13,0,3,0,0,0,0,0,0,1,5,0,0,0,20,0,0,1,0,0,3,1,1,0,2,0,0,0,0,0,3,4,0,0,0,3,23,0,3,1,0,0,42,0,0,0,1,0,0,0,0,0,15,0,0,1,5,1
4,1449,COLEGIO ESTADUAL PEDRO MACEDO,"AVENIDA REPUBLICA ARGENTINA,   2376",PORTÃO,-25.4675379,-49.29327,27,0,7642,6263,344,236,0,7,7,15,103,2,14,0,0,19,3,73,1,0,0,0,60,0,0,0,3,3,23,5,11,0,32,2,0,1,0,62,4,0,0,0,0,0,7,3,21,11,0,1,1,68,4,0,1,1,3,1,5,24,0,1,5,11,2,2,5,0,5,30,0,2,0,0,0,2,1,2,100,1,0,0,0,10,0,1,0,0,0,1,1,3,31,2,0,0,1,0,1,1,6,3,3,0,0,13,0,37,0,0,0,2,0,44,30,0,0,0,1,0,4,0,0,0,0,4,6,16,0,0,4,0,5,0,8,3,3,2,323,0,0,0,1,0,0,0,1,1,12,0,7,0,4,0,1,5,0,1,0,0,0,8,32,0,15,0,1,0,28,0,0,0,4,7,0,2,1,1,210,12,100,16,3,5,0,145,11,17,1,0,8,1,0,5,3,1,0,2,5,4,0,3,1,96,1,0,1,0,3,1,0,1,1,0,1,0,2,7,0,0,0,0,1,0,0,0,0,8,0,0,9,0,0,0,4,0,0,0,0,1,1,0,0,2,1,0,0,5,0,0,0,0,1,4,3,0,0,0,0,1,0,0,0,2,0,2,27,0,0,4,0,1,0,0,1,5,1,7,1,0,7,2,10,0,0,0,1,0,0,0,4,0,0,0,0,0,0,8,0,0,0,0,0,1,0,0,1,1,1,0,1,0,0,5,0,0,0,0,0,0,0,2,0,0,0,2,0,0,2,0,0,2,2,1,5,1,0,0,2,0,0,75,1,0,1,1,134,1,0,0,0,21,0,0,18,1,0,3,120,9,0,2,0,0,0,2,0,0,0,0,2,0,0,0,0,0,0,0,0,0,0,0,0,0,0,0,1,0,0,0,0,0,0,0,0,0,10,6,57,0,1,164,0,0,11,17,27,25,0,12,5,0,0,80,0,1,0,8,1,0,0,1,0,5,5,54,2,7,5,0,0,3,1,0,1,1,5,0,5,1,1,0,0,2,3,0,1,0,17,4,1,0,0,1,0,11,0,0,56,1,0,1,6,0,1,0,0,0,0,0,0,0,0,0,0,2,0,0,0,2,0,0,8,0,1,0,0,0,0,0,0,0,0,0,0,0,2,0,0,1,0,0,0,1,0,0,1,0,0,0,0,0,0,0,0,0,0,1,0,0,8,4,2,6,2,5,10,1,90,2,12,4,61,8,0,0,0,5,0,0,1,10,0,0,0,3,0,0,6,1,2,0,0,0,3,0,2,0,0,0,1,0,0,23,1,7,0,19,2,0,29,1,4,0,0,0,0,0,2,1,1,9,0,0,0,0,1,0,3,0,0,0,0,0,2,0,1,0,0,1,0,0,0,0,0,0,16,0,0,0,0,0,0,0,0,0,1,0,0,0,0,0,1,0,17,1,0,0,3,0,3,1,0,3,0,1,0,0,9,0,4,0,1,0,0,0,0,2,11,0,1,1,0,4,4,5,0,0,0,1,2,0,80,19,0,2,0,111,2,2,1,1,0,0,4,6,2,13,1,0,7,17,7,1,126,3,7,0,8,3,0,26,2,106,1,0,5,0,0,29,260,3,3,1,3,7,3,0,27,0,1,0,0,0,0,0,12,3,0,9,0,0,1,0,0,0,4,1,0,0,0,1,8,0,0,10,0,1,0,1,0,0,1,16,4,1,0,0,0,0,0,0,0,0,1,0,0,0,0,0,0,0,4,0,0,1,0,1,0,4,0,0,0,0,0,0,0,0,1,0,7,8,3,17,3,0,1,4,3,0,8,0,4,10,18,9,69,14,5,1,0,1,0,19,2,0,1,0,2,0,2,0,5,405,4,8,19,0,17,6,26,1,4,4,4,3,0,2,0,0,0,5,0,0,1,2,0,11,0,4,0,0,1,2,3,0,0,0,1,30,0,0,1,0,1,0,0,0,0,4,0,0,0,13,0,0,0,2,0,0,0,0,0,0,0,0,1,0,0,7,3,1,0,0,11,24,2,1,2,0,0,45,0,0,0,0,0,0,0,0,0,19,0,0,0,5,0
4,1457,ESCOLA MUNICIPAL PAPA JOAO XXIII,"RUA ITACOLOMI,  700 - VILA LEAO",PORTÃO,-25.4793874,-49.2993917,27,0,5052,4140,276,196,0,3,9,7,54,2,1,0,1,2,2,43,1,0,0,0,25,1,0,1,6,6,23,4,0,0,19,1,1,3,0,47,2,0,0,0,0,0,3,11,20,4,0,2,0,48,1,2,0,3,0,1,2,10,0,0,3,19,0,6,4,0,3,17,0,4,0,0,0,2,0,3,110,0,0,0,2,6,0,1,2,0,0,2,0,0,23,1,0,0,0,1,2,0,7,23,0,0,0,16,0,18,0,0,0,2,0,16,40,5,0,0,1,0,1,0,1,1,0,0,10,7,0,0,0,0,3,0,3,0,0,2,105,1,0,0,0,2,0,0,1,0,18,0,2,0,3,0,1,1,0,0,1,3,1,1,11,0,6,0,0,0,18,1,0,0,6,0,0,3,0,0,103,1,70,7,1,5,0,98,5,9,0,0,1,2,0,3,9,1,1,0,0,0,0,0,1,79,0,0,0,0,0,2,0,0,0,1,1,0,0,0,0,0,0,0,0,0,0,0,0,1,0,0,0,0,0,1,2,0,1,0,0,1,0,0,0,0,0,0,0,1,0,2,0,0,0,0,0,0,0,0,0,0,0,0,0,0,0,0,22,0,0,2,0,0,0,0,0,1,0,4,1,0,1,3,13,1,0,0,0,0,0,0,2,1,0,0,0,0,1,4,0,0,0,0,0,0,0,4,0,0,0,0,0,1,2,1,0,0,0,0,0,0,0,0,0,0,0,0,0,0,0,1,0,0,3,0,0,0,0,0,0,0,0,36,0,0,0,0,86,0,0,0,0,12,0,0,7,3,0,0,68,6,0,0,0,0,1,1,0,0,0,0,0,1,0,0,0,0,0,0,0,0,0,0,0,0,0,0,0,0,0,0,0,0,0,0,0,0,5,6,32,0,0,106,1,0,1,6,18,7,0,9,7,0,1,93,4,0,0,3,0,4,0,0,0,2,0,58,1,1,2,1,1,0,8,0,1,0,1,0,4,2,2,0,0,0,2,0,0,1,5,0,1,1,0,0,2,1,0,0,34,0,1,1,2,0,0,1,0,0,0,0,0,0,0,0,0,1,0,0,1,1,0,0,0,3,0,0,0,1,0,0,0,0,1,0,0,0,1,0,0,0,0,0,0,0,0,0,0,0,0,0,0,0,0,0,0,0,0,0,0,0,0,2,0,4,0,8,6,1,35,1,3,0,23,1,0,1,0,0,0,0,0,5,0,0,1,2,1,0,7,1,0,0,0,0,3,0,2,0,0,0,0,0,0,26,0,8,0,11,0,2,17,0,3,0,0,0,0,0,0,0,0,12,0,0,0,0,0,0,0,0,0,0,0,0,0,1,6,0,0,0,0,0,0,5,0,0,2,0,0,2,0,0,0,0,0,0,0,0,0,0,0,0,0,0,8,2,0,0,8,0,0,0,0,6,0,1,1,0,1,0,0,0,0,0,0,0,0,0,7,0,1,0,0,3,2,9,0,1,0,0,3,0,39,5,0,2,0,35,0,2,0,0,1,0,0,7,1,6,0,0,7,13,1,0,126,0,4,0,1,3,0,14,0,89,1,0,3,1,0,21,243,3,1,1,1,1,2,0,23,0,0,0,2,1,0,2,8,3,0,5,0,0,1,0,0,0,1,1,0,0,1,1,2,0,0,2,0,1,0,0,0,2,0,4,1,0,0,1,0,0,0,0,0,1,0,0,0,0,0,0,0,0,0,0,0,0,1,0,0,2,0,2,0,0,0,0,0,0,0,0,8,30,5,18,3,0,1,4,3,1,6,0,0,10,19,2,29,3,1,3,0,0,1,11,0,0,2,0,1,4,0,2,4,260,2,2,14,0,14,3,12,1,3,0,4,0,0,1,0,0,1,2,1,0,1,0,3,12,0,0,0,0,6,6,0,0,0,0,0,6,0,0,0,0,4,0,0,0,0,14,0,0,1,12,1,0,5,1,2,0,0,1,0,1,0,1,0,0,0,3,3,1,0,0,7,14,0,0,1,0,0,29,0,0,0,2,0,0,0,0,0,11,0,0,0,3,0
4,1490,ESCOLA ESTADUAL MARECHAL CANDIDO RONDON,"RUA RICARDO NEGRAO FILHO, 287",PORTÃO,-25.47445,-49.3110344,27,0,3808,3110,236,179,0,6,4,10,37,1,8,1,0,8,0,21,1,0,1,0,19,0,0,1,2,7,12,4,3,0,19,1,0,1,0,17,1,0,3,0,0,0,8,7,15,5,0,0,0,52,0,0,0,2,1,0,1,4,0,0,2,7,0,4,0,1,2,8,2,2,8,0,0,0,2,2,91,0,0,0,0,9,0,3,0,0,0,0,0,0,12,0,1,0,0,1,1,0,1,19,0,0,0,5,0,21,2,0,0,0,0,14,35,0,0,0,0,0,2,0,1,0,0,2,1,7,2,0,0,0,0,0,3,0,1,1,78,0,0,0,0,0,0,0,1,1,10,1,5,0,0,0,1,2,0,1,0,3,0,4,2,0,9,0,0,1,6,0,0,0,3,0,0,2,0,0,48,3,50,2,1,0,1,69,4,6,0,0,4,1,1,2,8,5,0,0,3,2,1,0,1,36,0,2,0,0,2,0,0,0,0,0,0,0,0,2,0,0,0,0,0,0,0,0,0,6,0,0,1,0,0,0,4,0,1,0,0,1,1,0,0,5,0,0,0,0,0,0,0,1,0,0,1,0,0,0,0,0,0,0,0,0,0,0,16,0,0,0,0,0,1,0,3,0,1,0,0,0,3,0,6,0,2,0,0,0,0,0,4,0,0,0,0,0,1,3,0,0,0,0,0,0,1,0,0,0,0,1,3,1,0,2,0,2,0,0,0,0,0,1,0,0,0,5,0,0,0,1,0,0,3,0,4,0,0,0,0,0,0,28,0,0,0,0,47,0,0,0,0,14,0,0,6,2,0,0,43,1,0,2,0,0,0,1,0,0,0,0,0,0,0,0,0,0,0,0,0,0,0,0,1,0,0,0,0,1,0,0,0,0,0,0,0,0,5,3,23,0,1,84,1,0,4,4,10,3,0,12,5,0,0,73,2,0,0,4,0,0,0,1,0,5,0,31,0,2,2,0,2,2,0,0,2,0,1,0,1,0,3,0,0,0,7,0,0,0,5,0,1,3,0,0,1,0,0,0,20,0,0,0,4,0,0,0,0,0,0,0,0,0,0,0,0,0,0,0,0,1,0,0,4,0,1,0,0,0,0,1,0,0,0,0,0,0,2,2,0,0,0,0,0,0,0,0,0,0,0,0,0,0,0,0,0,0,0,0,0,0,0,3,3,5,1,1,4,1,25,0,2,0,15,3,0,0,0,1,0,0,0,22,0,0,0,2,2,0,7,0,0,0,0,0,0,2,1,0,0,0,0,0,1,11,0,2,0,7,0,0,4,0,5,1,0,0,0,1,0,0,1,8,0,0,0,0,0,0,0,0,0,0,0,0,0,0,0,0,0,1,1,0,0,0,0,0,3,0,0,0,0,0,1,0,0,0,0,0,0,0,0,0,0,0,2,0,0,0,0,0,0,0,0,0,0,2,1,0,1,0,2,0,0,2,0,0,2,0,2,0,0,0,0,2,1,0,0,1,0,0,2,0,21,1,0,0,2,11,0,4,0,2,0,1,0,3,1,2,0,1,2,6,4,1,117,0,3,0,8,2,0,12,0,69,0,1,1,2,0,27,174,0,3,2,0,0,0,0,23,0,0,0,0,0,0,0,4,0,0,2,0,0,0,0,0,0,2,2,0,0,0,1,1,0,0,1,1,0,0,0,1,0,0,6,2,1,0,0,0,0,0,0,3,1,0,0,0,0,1,0,0,0,0,1,0,1,0,0,0,2,0,0,0,0,0,0,0,0,0,0,10,32,4,4,3,0,0,3,1,1,0,0,3,6,6,4,29,2,1,0,0,0,0,7,0,0,0,0,0,0,0,0,4,192,4,2,6,1,14,1,9,0,2,2,0,4,0,0,0,0,0,1,0,0,0,0,2,6,0,0,0,0,8,3,0,0,0,0,0,6,0,0,0,0,1,0,0,0,0,1,0,0,1,5,1,0,0,1,0,0,0,1,0,1,0,2,0,0,0,3,2,1,0,0,7,13,0,0,0,0,0,43,0,0,0,0,0,1,0,0,3,6,0,0,0,2,0
4,1503,ESCOLA MUNICIPAL PROFESSOR FRANCISCO KLENTZ,"RUA FRANCISCO TISSOT, 119 - VILA ROSINHA",PORTÃO,-25.4724158,-49.3159873,27,0,2639,2210,205,123,0,2,6,4,41,2,7,0,2,12,1,33,1,0,0,0,1,2,0,0,0,6,18,2,0,0,9,0,0,3,0,12,0,0,0,0,0,0,3,0,4,2,0,0,0,23,7,0,0,0,0,0,1,1,0,0,0,14,0,0,1,0,0,4,0,2,0,0,0,1,3,0,94,0,0,0,0,3,0,1,0,0,0,1,0,0,6,1,0,0,0,0,0,0,4,5,0,0,0,6,0,5,1,2,0,0,0,16,27,0,0,0,0,0,0,0,0,0,0,4,3,4,0,0,0,0,0,0,0,0,0,1,56,0,0,0,0,0,0,0,0,0,4,1,0,0,1,0,0,1,0,3,1,0,0,2,4,0,9,0,0,1,10,1,0,0,4,0,0,1,0,0,34,1,45,2,1,0,0,49,3,4,0,0,0,0,1,3,6,0,0,0,0,1,0,2,0,34,0,0,0,0,2,2,0,0,0,0,0,0,0,0,0,0,0,0,0,0,0,0,0,4,0,1,2,0,0,0,0,0,0,0,0,2,1,0,0,3,0,1,0,4,0,1,0,0,1,1,0,0,0,0,0,0,0,0,0,0,0,0,11,0,0,0,0,0,0,0,0,0,0,3,0,0,2,0,4,0,0,0,0,0,0,0,4,0,0,0,0,0,12,1,0,0,0,0,0,0,0,1,0,0,0,0,0,0,0,0,0,1,0,0,0,0,0,0,0,0,0,0,0,0,0,1,0,2,1,1,0,0,0,0,0,0,0,10,0,0,2,0,45,0,0,0,0,5,0,0,2,9,0,0,32,0,0,0,0,0,0,1,0,0,0,0,0,0,0,0,0,0,0,0,0,0,0,0,0,0,0,0,0,0,0,0,0,0,0,0,0,0,1,3,4,0,0,46,0,1,1,1,8,2,0,1,0,1,1,67,1,0,0,0,0,0,0,0,0,5,0,27,0,0,0,0,0,2,2,0,0,1,2,0,1,1,3,0,0,0,6,0,0,0,6,0,0,1,0,0,0,0,0,0,18,3,0,0,2,0,0,0,0,0,0,0,0,0,0,0,0,0,0,0,0,0,0,0,0,0,0,0,0,0,3,0,0,0,0,0,0,0,0,0,0,0,0,0,0,0,0,0,0,0,0,1,0,0,0,0,0,0,0,1,0,0,0,0,0,2,0,2,1,3,25,0,3,2,8,0,0,0,0,0,0,0,0,2,0,0,0,0,0,0,0,0,0,0,0,0,0,1,0,0,0,1,1,0,0,25,0,1,0,1,0,0,1,0,3,0,0,0,0,0,0,0,0,0,0,0,0,0,0,0,0,0,0,0,0,0,0,0,0,0,0,0,0,0,0,0,1,0,0,0,0,0,0,0,0,0,0,0,0,0,0,0,0,0,0,0,6,4,0,0,1,0,1,0,0,0,1,1,2,0,0,0,0,0,0,0,0,0,1,0,1,0,0,0,0,0,1,1,0,0,0,0,0,0,6,1,0,1,0,6,0,1,0,1,1,0,1,7,0,5,0,0,0,11,2,0,90,0,0,0,2,7,0,5,0,26,0,0,3,0,1,13,107,3,0,0,0,0,0,0,17,1,0,0,0,0,0,1,5,3,0,0,1,0,0,0,0,0,1,0,0,0,0,0,1,0,0,0,0,0,0,0,0,0,1,0,1,0,0,0,0,0,0,0,0,0,0,0,0,0,0,0,0,0,0,0,0,2,2,0,0,3,0,0,0,0,0,0,0,0,1,0,2,40,0,6,1,0,0,3,0,3,0,0,1,7,5,1,22,1,0,0,0,0,0,9,0,0,4,1,0,0,1,0,4,111,2,5,5,0,1,1,6,0,0,0,1,0,1,0,0,2,0,3,0,0,0,0,10,19,0,0,0,0,0,0,0,0,0,0,1,2,0,0,0,0,0,0,0,0,0,0,0,0,0,7,0,0,0,0,0,0,1,0,0,1,0,0,0,0,0,0,0,1,0,0,0,7,0,0,1,0,0,26,0,0,0,2,0,0,0,0,7,4,0,0,0,4,0
4,1554,ESCOLA MUNICIPAL SAO MIGUEL,"RUA RAUL ZANON, 175 - SANTA HELENA",CIDADE INDUSTRIAL,-25.479553,-49.3367299,75,0,5618,4503,384,240,0,6,10,12,68,1,12,0,1,25,1,40,2,0,0,0,6,2,2,1,3,6,33,7,1,1,31,0,4,4,1,16,0,0,0,2,0,0,11,0,14,1,0,0,0,72,2,0,1,0,0,1,1,9,0,0,5,38,1,1,0,0,0,6,0,5,3,4,0,2,4,2,162,0,0,0,0,9,0,3,0,0,3,3,0,0,8,0,0,0,1,0,0,0,9,0,0,0,0,23,0,17,0,0,0,3,0,88,57,1,0,0,0,0,0,0,0,0,1,1,2,10,0,0,0,0,0,0,0,1,0,0,60,0,0,1,0,0,0,1,0,0,12,0,6,0,0,0,0,0,0,0,0,1,0,2,3,0,38,3,0,0,14,0,0,1,5,1,1,3,0,0,91,6,95,9,8,1,0,77,3,4,0,0,2,2,0,5,72,0,2,0,0,1,1,0,0,50,0,1,0,1,18,0,0,0,1,0,1,0,0,0,0,0,0,2,0,0,0,0,0,4,0,0,0,0,0,0,4,0,0,0,0,3,0,0,0,0,1,0,0,3,0,0,0,0,1,0,0,0,0,1,0,0,0,2,0,0,1,1,78,0,0,1,0,0,0,0,0,0,0,6,0,0,0,1,7,0,3,0,1,0,0,0,4,0,0,0,0,0,3,4,0,0,0,0,0,0,5,1,0,0,0,2,1,3,0,3,0,0,1,0,0,0,0,0,0,0,1,0,0,0,0,0,0,2,0,0,1,0,0,0,0,0,0,23,2,0,1,0,47,0,0,0,0,22,1,0,10,56,0,0,34,2,0,1,0,0,0,0,1,0,0,0,1,0,0,0,0,0,0,0,0,1,1,0,0,0,0,0,0,0,0,0,0,0,0,0,0,0,5,3,23,2,0,49,0,1,1,2,17,6,0,4,2,0,1,100,0,3,0,10,0,0,0,1,0,3,0,141,1,1,0,0,0,0,0,0,2,0,0,0,0,0,2,0,0,0,0,0,0,0,2,1,0,2,0,4,1,1,0,0,30,0,0,2,4,0,0,0,2,0,0,0,0,0,0,0,0,0,0,0,1,2,0,0,0,0,1,0,0,0,0,0,0,0,0,0,0,0,3,0,0,0,0,0,0,0,0,2,1,0,0,0,0,0,0,0,0,0,0,1,0,0,2,2,0,1,0,1,3,5,35,1,5,3,8,0,0,0,0,1,0,0,0,0,0,0,0,0,0,0,1,4,1,0,0,0,1,2,0,2,0,1,0,0,2,36,1,4,0,11,1,0,13,0,6,0,0,0,0,0,4,0,0,1,0,0,0,0,0,2,0,0,0,0,0,0,0,0,2,0,0,0,0,0,0,0,0,0,0,0,0,0,0,0,0,0,0,1,0,0,0,0,1,0,0,0,7,6,0,0,0,0,0,0,1,3,0,0,2,0,5,0,1,0,1,0,0,0,0,2,7,0,0,0,0,0,0,2,0,1,1,2,0,0,9,5,2,3,0,20,0,1,0,0,0,1,1,9,1,4,0,0,4,3,0,0,184,2,2,0,17,5,0,15,1,51,0,0,8,6,0,9,271,4,3,0,1,1,1,0,30,0,0,0,0,3,0,1,11,1,0,1,0,0,0,1,0,0,0,0,0,0,0,1,1,0,0,1,0,0,0,0,0,0,1,7,2,1,0,0,0,2,0,0,0,0,0,0,0,0,0,0,0,1,0,0,0,1,0,0,0,5,0,0,0,0,1,0,0,0,0,0,8,47,10,18,3,2,0,0,0,0,3,0,3,5,7,4,90,7,1,1,1,0,2,8,0,1,2,0,1,0,0,8,0,199,2,8,13,0,9,3,3,0,2,1,10,3,0,0,0,2,3,2,0,2,0,1,9,4,0,0,0,0,0,0,0,0,0,1,1,8,0,1,0,0,2,0,0,0,0,21,0,0,0,9,0,0,0,1,0,3,0,0,0,1,4,2,0,1,0,1,1,0,0,5,2,14,1,0,1,0,0,66,0,0,0,0,0,0,0,0,4,18,0,0,0,2,0
4,1562,ESCOLA MUNICIPAL PROFESSORA MARIA DO CARMO MARTINS,"RUA JOAO DEMBINSKI, 1377",CIDADE INDUSTRIAL,-25.4603265,-49.3450213,75,0,4830,3965,346,211,0,5,11,15,86,0,11,0,0,21,2,50,4,0,0,0,12,1,0,0,5,15,37,4,0,0,16,1,3,6,0,16,0,0,0,1,0,0,7,4,5,2,0,1,0,67,0,1,0,0,0,0,1,1,0,0,0,37,0,0,4,0,5,1,0,2,0,4,0,3,3,0,110,0,2,0,0,9,0,2,1,0,0,1,1,0,16,0,0,0,0,0,0,0,9,0,0,0,0,10,0,16,0,0,1,0,0,123,38,1,0,0,0,0,1,0,0,0,0,0,3,6,1,0,1,0,3,0,1,0,0,0,42,0,1,0,2,1,0,0,0,3,11,1,3,0,0,0,1,0,0,0,0,0,0,4,7,0,36,0,0,0,9,0,0,0,2,1,6,1,0,0,92,1,63,10,5,0,1,55,1,8,0,0,3,3,0,5,43,0,0,0,0,0,0,0,2,49,0,0,0,1,4,0,0,0,2,1,0,0,0,0,0,0,0,0,0,0,0,0,0,26,0,0,2,0,0,0,7,0,0,0,1,0,0,0,0,0,0,0,0,5,0,0,0,0,0,0,0,0,1,0,0,1,0,0,1,0,0,0,63,0,1,5,0,2,0,0,0,0,0,0,0,0,2,1,3,0,0,0,0,0,0,0,2,0,0,0,0,0,1,4,0,0,0,0,0,0,0,0,1,0,0,0,0,0,1,0,0,0,0,0,0,0,1,1,0,0,0,0,0,1,1,0,0,2,1,0,1,0,0,0,0,2,0,25,0,0,1,0,50,0,0,1,0,7,1,0,4,4,0,0,31,1,0,0,0,0,1,0,0,0,0,0,0,0,0,1,0,0,0,0,0,0,0,0,0,0,0,0,0,0,0,0,0,1,0,0,0,0,2,0,10,0,0,48,0,0,1,2,15,1,0,3,3,0,0,90,2,0,0,1,0,2,0,0,0,3,0,67,1,1,4,0,0,0,1,0,0,0,2,1,0,1,1,0,0,0,0,0,0,0,5,0,0,0,0,0,0,1,1,0,17,0,1,0,6,0,0,0,0,0,0,0,0,0,0,0,0,0,0,0,0,0,0,0,1,0,6,0,0,0,1,0,0,0,0,0,2,0,0,0,0,0,0,0,0,0,0,2,0,0,0,3,0,0,0,0,0,0,0,0,0,0,0,2,1,1,0,0,5,11,30,0,3,2,30,0,0,0,0,1,0,0,1,0,0,0,0,0,0,0,2,3,0,0,0,0,1,0,0,1,0,0,0,0,0,30,1,1,0,6,0,0,2,0,10,0,0,0,1,0,1,0,0,0,0,0,0,0,0,0,0,0,0,1,0,0,0,0,4,0,0,0,0,0,0,0,0,0,0,0,0,0,0,0,2,0,0,0,0,1,0,0,0,0,0,0,5,1,0,0,0,0,0,0,2,4,0,2,0,0,3,0,11,0,0,0,0,0,0,2,4,0,0,0,0,0,1,5,0,4,0,1,2,0,7,3,0,1,0,11,0,1,1,0,0,0,1,2,0,9,0,0,3,4,4,0,147,0,1,0,4,1,0,7,1,36,1,3,2,1,0,13,414,1,1,0,1,0,0,0,14,1,0,0,0,0,0,1,3,2,0,2,0,0,0,0,0,0,0,0,1,0,0,0,3,0,0,2,1,2,0,0,0,1,0,4,2,0,0,0,2,0,0,0,0,0,0,0,0,0,0,0,0,7,2,0,0,0,0,1,0,3,0,0,0,0,1,0,0,0,0,0,9,14,12,13,3,0,0,0,1,0,0,0,1,4,11,1,44,5,2,1,0,0,0,3,0,0,0,0,1,0,0,0,3,148,7,5,14,0,7,4,6,0,1,2,0,4,0,0,0,0,2,9,0,1,1,2,7,7,0,1,0,0,0,3,0,1,0,0,0,6,0,0,0,0,2,0,0,0,0,11,0,0,0,18,0,0,0,4,0,73,0,2,0,0,1,2,1,0,2,0,0,0,0,0,0,18,0,0,3,0,0,75,0,0,0,0,0,0,0,0,1,6,0,0,3,1,0
4,1570,ESCOLA MUNICIPAL HEITOR ALENCAR FURTADO,"RUA ROBERT REDZINSKI,  150",CIDADE INDUSTRIAL,-25.4572599,-49.3494379,75,0,3974,3253,300,160,0,4,14,7,60,0,7,0,2,17,1,32,1,0,1,0,9,0,2,0,0,6,28,2,1,1,12,1,2,2,0,14,0,0,0,3,1,0,6,4,8,2,0,1,0,62,2,0,1,0,0,2,0,2,0,0,1,15,0,0,3,0,5,2,1,1,3,2,0,0,0,0,90,0,0,0,0,8,0,2,1,0,0,0,0,0,7,0,0,0,0,0,0,0,4,0,2,1,0,9,0,13,0,0,0,1,0,135,36,1,0,0,0,0,2,0,0,2,0,0,5,5,0,0,0,0,2,0,0,0,0,1,43,0,0,0,0,0,0,1,2,2,3,0,6,1,0,0,0,0,0,0,0,1,0,3,13,0,16,2,0,0,15,0,0,1,2,1,1,2,0,0,65,0,43,9,2,2,0,64,2,4,0,0,0,3,0,0,30,2,1,1,0,2,0,0,2,61,0,2,1,0,0,1,0,0,1,2,0,0,0,1,1,0,0,0,0,0,0,0,0,5,0,0,1,0,0,0,0,0,0,0,0,1,0,0,0,0,0,0,0,1,0,0,0,1,1,0,0,0,1,1,0,0,0,0,0,0,0,0,40,0,0,10,0,6,2,0,1,0,0,0,1,0,1,0,7,1,1,0,0,0,0,0,4,0,0,0,0,0,0,4,0,0,0,0,0,0,1,2,1,1,0,0,0,1,0,0,0,0,0,0,0,0,0,2,0,0,0,0,0,0,0,0,0,0,2,0,0,3,0,0,0,0,0,23,0,0,0,0,54,0,0,0,0,8,0,0,10,8,0,0,26,3,0,0,0,0,0,0,0,0,0,0,0,0,0,0,0,0,0,0,0,0,0,0,0,0,0,0,0,0,0,0,0,0,0,0,0,0,3,1,16,0,0,39,1,0,0,1,21,1,0,1,0,0,1,70,0,1,0,2,0,0,0,0,0,3,0,80,1,1,2,2,0,1,0,2,1,0,1,1,1,0,1,0,0,0,0,0,0,0,8,0,0,0,0,0,0,1,0,0,31,1,0,0,4,0,1,0,0,0,0,0,0,0,0,0,0,0,0,0,0,0,0,0,0,0,4,0,0,0,0,0,0,0,0,0,0,0,5,0,0,0,0,0,0,0,0,1,0,0,0,0,0,0,0,0,0,0,0,0,0,0,4,0,0,1,1,1,3,7,13,0,2,1,17,0,0,0,0,0,0,0,0,0,0,0,0,1,0,0,0,2,0,0,0,0,0,0,0,1,0,1,0,0,0,34,1,1,0,4,1,0,1,0,3,0,0,0,0,0,0,0,0,3,0,0,0,0,0,0,0,0,0,0,0,0,0,0,1,0,0,0,1,0,0,0,1,0,0,0,0,1,0,0,0,0,0,0,0,0,0,0,0,0,0,0,1,0,0,0,0,0,0,0,1,2,0,1,3,0,2,0,2,0,0,0,0,0,0,0,1,0,0,0,0,1,0,4,0,1,0,1,0,0,9,6,0,1,0,5,0,0,0,0,0,0,1,3,0,9,0,0,0,8,1,1,89,0,1,2,4,2,0,6,0,35,0,4,3,0,0,6,279,3,0,0,1,0,1,0,10,0,0,0,0,0,0,0,3,0,0,1,0,0,0,0,0,0,0,1,1,1,1,1,0,0,0,1,0,0,0,0,0,0,0,1,0,0,0,0,0,0,1,0,0,0,0,0,0,0,0,0,0,5,1,0,0,0,0,0,2,2,1,0,0,0,2,0,0,0,0,0,10,10,1,10,2,0,0,0,3,0,3,0,2,0,2,2,53,6,0,1,0,0,0,2,0,0,2,4,1,0,0,0,2,124,6,0,9,0,7,1,9,0,2,0,10,3,1,1,0,1,2,0,0,0,0,0,2,5,0,7,0,1,0,4,0,0,0,0,1,8,0,1,0,0,3,0,2,0,1,1,0,0,0,4,0,0,0,4,0,90,0,1,0,1,0,1,1,0,1,0,0,0,0,0,5,9,0,0,2,0,0,56,0,0,0,0,0,0,0,0,1,1,1,0,0,2,0
4,1589,ESCOLA MUNICIPAL JARDIM SANTOS ANDRADE,"RUA LUIZ ZILLI, 405",CAMPO COMPRIDO,-25.4565079,-49.3259374,44,0,2716,2178,173,96,0,1,5,8,43,2,2,0,1,9,0,22,4,0,0,0,9,0,0,0,6,4,18,2,2,0,12,0,0,2,0,11,0,0,0,0,0,0,2,1,7,3,0,0,0,27,0,1,0,0,0,1,2,6,1,0,1,6,0,0,3,0,3,4,1,1,0,1,0,1,1,2,58,0,0,0,0,4,0,0,0,0,0,2,0,1,7,1,3,0,0,0,1,0,3,0,0,1,0,8,0,9,0,0,2,0,0,23,18,3,0,0,0,0,1,0,0,0,0,1,1,5,0,0,0,0,0,0,2,0,0,1,69,0,0,0,0,0,0,1,0,0,8,0,5,0,0,0,0,0,0,0,0,0,0,7,2,0,6,1,0,0,6,1,0,0,1,1,8,0,0,0,52,3,22,6,2,0,3,42,1,4,0,0,2,0,0,8,2,3,0,0,0,2,1,0,0,40,0,0,0,1,1,0,0,0,0,0,0,0,0,0,0,0,0,0,0,0,0,0,0,4,0,0,2,0,0,0,1,0,1,0,0,3,0,0,0,0,1,0,0,0,0,1,0,1,0,1,0,0,0,0,0,0,0,0,0,1,0,0,20,0,1,4,1,1,0,0,0,0,0,2,0,0,2,0,1,0,0,0,0,1,0,0,3,0,0,0,0,0,0,1,0,0,0,0,0,0,0,3,0,0,0,0,0,0,0,0,0,2,0,0,0,0,0,0,0,0,0,0,0,0,0,0,0,2,0,1,2,0,0,0,0,0,0,16,0,0,0,0,29,0,0,0,0,7,0,0,7,0,0,0,38,1,0,0,0,0,0,0,0,0,0,0,0,0,0,0,0,0,0,0,0,0,0,0,0,0,0,0,0,0,0,0,0,0,0,0,0,0,0,1,10,0,0,36,0,3,0,2,8,2,0,5,3,1,0,37,0,0,0,0,0,0,0,0,0,3,0,22,0,0,1,0,0,0,0,0,1,0,0,0,0,0,2,0,0,0,3,0,0,0,4,0,0,1,0,0,0,0,0,1,8,0,0,0,4,0,1,0,0,0,0,0,0,0,0,0,0,0,0,0,0,0,0,0,2,0,4,0,0,0,0,0,0,0,1,0,0,0,0,1,0,0,0,0,0,0,0,0,0,0,0,1,0,0,0,0,0,0,0,0,1,0,0,1,0,0,0,2,1,1,22,0,4,0,24,1,0,0,0,1,0,0,0,0,0,0,0,1,0,0,0,0,0,0,0,0,0,1,0,0,0,0,0,0,0,34,0,2,0,8,0,0,1,0,1,0,1,0,0,0,1,0,0,0,0,0,0,0,0,0,0,0,0,0,0,0,0,0,1,0,0,1,0,0,0,0,0,0,0,0,0,0,0,0,0,0,0,0,0,0,0,2,0,0,0,0,1,0,0,0,3,0,1,0,0,4,0,0,0,1,1,0,0,0,2,0,0,0,0,1,1,0,0,0,0,0,0,8,0,0,0,0,0,0,10,2,0,0,0,14,0,0,0,0,0,0,0,1,0,1,0,1,2,4,1,0,63,0,2,0,2,1,0,2,0,21,0,0,1,0,0,5,219,0,0,0,0,0,0,0,10,0,0,0,0,1,0,1,6,1,0,1,0,0,0,0,0,0,2,0,6,0,0,1,0,0,0,1,0,0,0,0,0,0,0,2,2,0,0,1,0,0,0,0,0,0,0,0,0,0,0,1,0,0,0,0,0,0,0,3,0,8,0,0,0,0,0,0,0,0,0,0,2,4,2,8,0,0,0,2,1,0,3,0,1,6,8,2,45,0,1,1,0,1,0,1,0,0,0,0,0,0,0,0,2,118,1,3,5,0,5,1,4,0,1,0,0,0,0,1,0,0,0,2,0,0,0,1,2,8,0,3,0,0,1,0,0,0,0,0,2,2,0,0,0,0,0,0,0,0,0,21,0,0,1,5,0,0,0,2,0,3,0,0,0,0,0,0,0,0,0,1,1,0,0,0,1,17,0,0,0,0,0,32,0,0,1,0,0,0,0,0,1,3,3,0,0,0,0
4,1597,FUNDACAO DE AÇÃO SOCIAL DO CAMPO COMPRIDO - FAS (MUNICIPAL),"RUA EDUARDO SPRADA, 4520",CIDADE INDUSTRIAL,-25.4468243,-49.3486726,75,0,2868,2336,160,94,0,5,5,7,35,0,6,0,2,4,0,19,1,1,1,0,18,0,0,0,0,3,16,1,3,0,12,2,2,1,0,12,0,0,0,0,0,1,0,2,7,3,0,3,1,23,0,0,0,0,1,0,1,5,0,0,0,14,0,1,3,0,0,7,0,1,2,6,0,0,0,2,30,0,0,0,0,6,0,0,0,1,0,2,0,0,16,0,0,0,0,0,0,3,3,0,0,0,0,2,0,14,0,2,0,0,0,48,21,1,0,0,0,0,3,0,0,0,0,2,2,5,0,0,0,0,0,0,5,2,0,2,57,0,0,0,0,0,0,0,0,0,6,0,1,0,1,0,0,1,0,0,0,0,0,4,3,0,1,0,0,0,2,1,0,0,0,0,1,2,0,0,51,4,39,5,2,2,0,42,3,6,0,0,2,0,0,3,8,0,2,0,1,2,1,0,1,32,0,0,1,0,1,0,0,2,0,0,0,0,1,3,0,0,0,0,0,0,0,0,0,11,0,0,1,0,0,1,3,0,0,0,1,0,0,0,0,0,0,0,0,0,0,3,0,0,0,0,0,0,0,0,0,0,0,0,1,0,1,0,9,0,0,0,0,4,0,0,0,1,0,2,1,0,1,2,3,0,0,0,0,0,0,0,2,0,0,0,0,0,0,5,0,0,0,0,0,0,0,0,0,0,0,0,0,1,0,1,0,0,0,0,0,0,0,1,0,0,0,0,0,0,1,0,0,0,2,0,0,0,0,0,0,0,0,33,2,0,0,1,45,0,0,0,1,4,0,0,4,1,0,0,39,1,0,2,0,0,0,0,0,0,0,1,0,0,0,0,0,0,1,0,0,0,0,0,0,0,1,0,0,0,0,0,0,0,0,0,0,0,3,3,20,0,0,30,0,0,1,0,16,1,0,4,0,0,0,31,0,0,0,2,0,1,0,0,1,2,0,46,0,4,0,1,0,0,0,0,0,1,0,1,1,0,1,0,0,1,0,0,0,0,2,0,0,0,0,0,0,2,1,0,21,0,0,1,3,0,0,1,0,0,0,0,0,0,0,0,0,0,0,0,0,0,0,0,7,0,3,0,0,0,0,1,0,0,0,0,0,1,2,0,0,0,0,0,0,0,0,0,0,0,0,0,0,0,0,0,0,0,0,0,0,0,3,3,0,0,0,2,2,2,42,1,3,0,13,0,0,0,0,7,0,0,0,0,0,0,0,1,1,1,1,0,0,0,0,0,1,0,0,0,0,2,0,0,0,14,0,3,0,0,0,0,1,0,0,0,1,0,0,0,0,0,0,1,0,0,0,0,0,0,0,0,0,0,0,0,0,0,3,0,1,1,0,0,0,0,0,0,0,0,0,0,0,0,0,0,0,0,0,0,0,0,0,0,0,0,1,3,0,0,1,0,0,0,0,1,0,0,0,0,2,0,3,0,0,0,0,0,0,0,2,0,0,0,0,0,1,1,0,3,2,0,0,0,23,5,0,0,0,15,0,1,0,0,1,0,0,2,0,5,0,0,4,11,5,1,61,0,3,0,0,1,0,6,1,43,0,0,1,0,0,9,254,0,0,0,0,0,0,0,18,0,0,0,0,0,0,0,1,0,0,2,0,0,0,0,0,0,3,0,0,0,0,0,1,0,0,1,1,1,0,0,1,0,0,4,0,0,0,1,0,0,0,0,0,0,0,0,0,0,0,0,0,2,0,0,0,0,0,0,0,0,1,0,0,0,0,0,0,2,0,0,3,12,3,6,4,0,0,0,0,0,0,0,4,3,6,1,30,1,0,1,0,0,0,4,0,1,4,0,0,1,1,0,0,138,9,4,16,0,5,1,3,0,0,4,5,1,0,0,0,0,0,5,0,0,0,0,1,2,0,6,0,0,0,2,0,0,0,0,0,4,0,0,0,0,0,0,0,1,0,2,0,0,0,5,0,0,0,5,0,10,0,0,0,0,0,0,0,0,0,0,0,0,0,0,6,4,1,0,0,0,0,21,0,0,0,0,0,0,0,0,0,1,0,0,0,1,0
4,1600,ESCOLA MUNICIPAL MORADIAS DO RIBEIRAO,"RUA JOAO DEMBINSKI, 3030",CIDADE INDUSTRIAL,-25.4746405,-49.3394871,75,0,3463,2838,264,153,0,5,4,9,52,5,3,0,0,7,0,21,2,1,0,0,6,0,0,1,4,4,27,2,1,0,12,1,1,3,1,20,0,0,0,0,0,0,7,1,2,0,0,0,0,55,0,0,1,1,0,0,1,6,0,0,1,25,0,0,5,0,0,1,1,1,0,1,0,1,3,1,80,0,0,0,0,10,0,0,0,1,0,1,0,0,3,0,0,0,0,0,0,0,2,2,0,0,0,11,0,9,0,0,0,3,1,62,29,0,0,0,0,0,2,0,0,0,0,1,1,5,0,0,0,0,1,0,0,0,0,0,50,0,0,0,0,0,0,0,0,1,10,0,6,1,0,0,0,1,0,0,0,0,0,2,2,1,11,0,0,0,9,0,0,0,3,0,1,1,0,0,60,3,62,6,0,0,1,58,1,4,0,0,2,0,1,1,29,0,1,1,4,0,0,0,1,32,0,1,0,0,5,1,0,0,0,0,0,0,0,1,0,0,0,0,0,0,0,0,0,1,0,0,1,0,0,0,3,0,0,0,0,2,1,0,1,0,1,0,0,2,0,0,0,0,1,1,0,0,0,0,0,0,0,0,0,1,0,0,53,0,0,0,0,2,0,0,0,2,1,3,0,0,1,0,6,0,1,0,0,0,0,0,7,0,0,0,0,0,1,0,0,0,0,0,0,0,0,0,0,0,0,0,0,3,1,0,0,1,0,1,0,0,0,0,0,0,0,0,0,0,2,3,0,1,0,3,0,0,0,0,0,0,0,14,1,0,1,0,45,0,0,0,0,11,0,0,5,13,0,0,36,3,0,2,0,0,0,0,0,0,1,0,0,0,0,0,0,0,0,0,0,0,0,0,0,0,1,0,0,0,0,0,0,1,0,0,0,0,3,0,13,0,0,42,0,0,3,0,19,3,0,5,2,0,0,53,0,0,0,2,0,0,0,0,0,4,0,84,1,0,0,1,0,0,0,1,0,0,0,0,0,2,6,0,0,0,0,0,0,0,5,0,0,0,0,0,0,0,0,0,30,1,0,0,0,0,0,0,0,0,0,0,0,0,0,0,0,0,0,0,0,0,0,0,2,0,1,0,0,0,2,0,0,0,0,0,0,0,3,0,0,0,0,0,0,0,0,2,2,0,0,2,0,0,0,0,0,0,0,1,0,0,1,0,1,2,1,0,1,1,19,0,3,1,7,0,1,0,0,2,0,0,0,0,0,0,0,1,0,0,0,1,0,1,0,0,0,0,0,0,0,0,0,0,0,30,0,3,0,4,0,1,6,0,1,0,0,0,0,0,1,0,1,0,0,0,0,0,0,0,0,0,0,0,0,0,0,1,1,0,0,0,0,0,0,1,3,0,0,0,0,0,0,0,0,0,0,1,0,0,0,0,0,0,0,0,0,1,0,0,1,0,0,2,0,5,0,0,0,0,0,0,0,0,0,0,0,0,0,1,0,0,0,0,0,1,0,2,0,1,0,1,2,0,6,2,0,0,0,9,0,0,1,3,0,0,2,3,1,6,0,0,1,3,3,0,101,1,1,0,4,1,0,6,1,38,0,2,5,1,0,14,145,1,2,0,0,1,0,0,16,0,0,0,0,0,0,3,1,0,0,1,0,0,2,0,0,0,1,1,0,0,0,1,0,0,0,2,0,0,0,0,1,0,1,2,0,0,0,0,0,0,1,0,0,0,0,0,0,0,0,0,0,0,1,0,0,0,0,0,0,1,0,0,0,0,1,0,0,0,0,0,4,39,11,2,2,0,0,1,2,1,2,0,0,6,9,4,75,1,1,2,0,0,2,7,0,0,0,0,1,0,0,0,1,120,3,7,5,1,5,2,6,0,2,1,8,1,0,1,0,1,0,4,0,1,0,1,5,3,0,3,0,0,1,0,0,0,0,0,0,9,0,0,0,0,0,0,1,0,0,9,0,0,0,9,0,0,0,3,0,3,0,1,1,2,1,2,0,0,0,4,1,0,0,0,5,4,0,0,1,0,0,51,0,0,0,0,0,0,0,0,3,3,0,0,0,0,0
4,1619,ESCOLA ESTADUAL JOSE FRESSATO,"RUA NOVA LONDRINA, 30",AUGUSTA,-25.4572049,-49.3775575,68,0,1857,1501,124,69,0,4,3,3,18,0,2,0,0,12,0,11,1,0,0,0,1,0,1,0,1,5,11,1,1,0,8,2,0,0,0,4,3,0,0,0,0,0,0,2,1,0,0,0,0,16,0,0,0,0,0,1,0,0,0,0,0,6,0,0,1,0,0,0,0,0,0,182,0,0,0,0,40,0,0,0,0,12,0,0,0,0,0,2,0,0,1,0,0,0,0,0,0,0,10,0,0,0,0,1,0,5,0,0,0,0,0,75,19,1,0,0,0,0,0,0,0,0,0,0,0,5,0,0,0,0,0,0,1,0,0,0,25,0,0,0,0,0,0,0,0,0,3,0,2,1,0,0,0,0,0,0,0,1,0,1,2,0,0,0,0,0,3,0,0,0,1,0,0,0,0,0,9,2,7,1,1,0,0,15,0,0,0,0,0,1,0,1,90,0,1,0,1,0,0,3,0,7,0,0,0,0,0,0,0,0,1,1,0,0,0,1,0,0,0,0,0,0,0,0,0,0,0,0,0,0,0,0,1,0,0,0,0,0,0,0,0,0,0,0,0,0,0,0,0,0,0,0,1,0,0,0,0,0,0,0,0,0,0,0,20,0,0,0,0,0,0,0,0,0,0,0,0,0,4,0,1,0,0,0,0,0,0,0,1,0,0,0,0,0,0,0,0,0,0,0,0,0,0,0,0,0,0,0,1,0,0,0,0,0,0,0,0,0,0,0,0,0,0,0,0,0,1,0,0,0,0,0,0,0,0,0,0,0,0,3,0,0,0,0,19,0,0,0,0,3,0,0,2,0,0,1,22,1,0,0,0,0,1,0,0,0,3,0,0,0,0,0,0,0,0,0,0,0,0,0,0,0,0,0,0,0,0,0,0,0,0,0,0,0,12,0,2,0,0,21,0,0,0,0,1,0,0,2,2,0,0,26,0,0,0,0,0,0,0,0,0,0,0,22,1,0,0,0,0,0,0,0,0,0,0,0,2,0,0,0,0,0,0,0,0,0,1,0,0,0,0,0,0,0,0,0,9,0,0,0,1,0,1,0,0,0,0,0,0,0,0,0,0,0,0,0,0,0,0,0,0,0,6,0,0,0,0,0,0,0,0,0,0,0,0,0,0,0,0,0,0,0,0,0,0,0,0,0,0,0,0,0,0,0,0,0,0,0,0,0,0,0,0,0,0,0,3,0,0,0,1,0,0,0,0,0,0,0,0,0,0,0,0,0,0,0,0,0,0,0,0,0,0,0,1,0,0,0,0,0,0,30,0,0,0,5,0,0,3,0,1,0,0,0,0,0,1,0,0,0,0,1,0,0,0,0,0,0,0,0,0,0,0,0,11,0,0,0,0,0,0,0,4,0,0,0,0,0,0,0,0,0,0,0,0,0,0,0,0,0,0,0,1,0,0,0,0,0,0,0,0,0,0,0,0,0,1,0,0,0,0,0,0,0,0,0,1,0,0,0,0,0,2,0,0,0,0,0,4,0,1,2,0,0,0,2,0,0,0,0,0,0,1,1,0,2,0,0,0,3,0,0,63,1,0,0,1,0,0,3,0,24,0,0,11,2,0,5,73,0,0,0,0,3,0,1,2,0,0,0,0,0,1,0,2,0,0,2,0,0,0,0,0,0,0,0,5,0,0,0,0,0,0,0,0,0,1,0,0,0,0,2,0,0,0,0,1,0,0,0,0,0,0,0,0,0,0,0,0,0,0,0,0,0,0,0,0,0,0,0,0,0,1,0,0,0,0,0,2,2,0,4,0,0,0,0,0,0,0,0,0,0,2,0,20,1,0,0,0,1,0,3,0,0,0,0,0,0,0,0,0,39,1,0,11,0,0,0,5,0,0,0,1,1,0,0,0,0,0,1,0,0,0,0,3,0,0,12,0,0,0,1,0,0,0,0,0,1,0,0,0,0,1,0,0,1,0,4,0,0,0,1,0,0,0,5,0,0,0,1,0,0,0,0,1,0,0,0,0,0,0,0,0,2,1,0,0,0,0,37,0,0,0,0,0,0,0,0,2,2,0,0,0,5,0
4,1627,CEI - CENTRO DE EDUCAÇÃO INFANTIL OLIVIO SOARES SABOIA (MUNICIPAL),"R JOAO ALEXANDRE KOPP, 505",CIDADE INDUSTRIAL,-25.4805601,-49.3475155,75,0,3294,2699,269,155,0,4,5,8,28,0,4,1,1,6,2,27,0,0,0,0,9,3,1,1,6,1,22,2,4,2,6,1,0,1,0,5,0,0,2,0,0,0,1,0,4,1,0,0,0,27,0,2,0,0,0,0,1,3,0,0,0,17,0,0,0,0,2,2,1,0,0,4,0,0,0,2,104,1,0,0,0,6,0,2,0,0,0,2,3,0,5,0,0,0,0,0,0,1,3,3,0,0,0,10,0,10,0,0,0,0,0,109,31,4,0,0,0,0,0,0,0,1,0,0,1,9,0,0,1,0,0,0,1,0,0,0,27,4,0,0,2,0,0,0,0,1,9,0,3,0,0,0,0,0,0,0,0,0,0,5,1,0,13,0,1,0,12,0,0,0,5,0,0,1,0,0,73,2,50,2,1,0,0,35,1,5,0,1,2,1,0,1,32,0,1,0,5,1,1,0,0,32,0,0,1,0,0,0,0,0,0,0,0,0,0,1,0,1,0,0,0,0,0,0,0,4,0,0,0,0,0,0,0,0,0,0,0,0,1,0,1,0,0,0,0,0,0,0,0,0,0,1,1,0,0,0,0,0,0,0,0,0,0,0,35,0,0,1,0,0,0,0,0,0,6,4,0,0,4,0,2,0,2,0,0,0,0,0,0,1,0,0,0,0,1,5,0,0,0,0,0,0,2,0,0,0,0,0,0,0,1,0,0,0,0,0,0,0,0,0,0,1,0,0,0,1,0,0,0,1,0,0,0,0,0,0,0,0,0,27,0,0,0,0,48,0,0,0,0,6,1,0,1,29,0,0,28,3,0,0,0,0,0,0,0,0,0,0,0,0,0,0,0,0,0,0,0,0,1,0,0,0,0,0,2,0,0,0,0,0,0,0,0,0,3,1,20,1,0,29,0,0,0,3,4,3,0,3,0,0,1,60,0,0,0,2,2,0,0,0,0,6,1,69,0,0,0,0,0,0,1,1,0,1,1,0,0,0,2,0,0,0,0,1,0,0,4,0,1,1,0,0,0,0,0,0,11,0,0,0,0,0,1,0,0,1,0,0,0,0,0,0,0,0,0,1,0,0,0,0,1,0,0,0,0,0,4,0,0,0,0,0,0,0,3,0,0,0,0,0,0,0,0,0,1,0,0,3,0,0,0,0,1,0,0,0,0,0,0,1,2,0,0,0,1,0,26,0,3,2,8,1,0,0,0,0,0,0,1,1,0,0,0,0,0,0,1,4,0,0,0,0,2,3,0,1,0,0,0,0,0,47,0,4,0,7,0,0,4,0,2,0,0,0,0,0,0,0,1,0,0,0,0,0,0,3,0,0,0,0,0,0,0,0,0,0,0,0,1,0,0,0,0,0,0,0,0,1,0,0,0,0,0,1,0,0,0,0,0,0,0,0,1,3,0,0,0,0,1,0,0,1,0,3,0,0,1,0,1,0,0,0,0,0,0,0,1,0,0,0,0,0,0,0,0,7,0,0,2,0,13,2,0,0,2,8,0,0,0,0,0,0,1,0,0,1,0,1,2,6,2,0,137,0,1,0,1,2,0,12,0,42,0,0,2,7,0,14,102,0,1,0,0,0,0,0,14,0,0,0,0,1,0,0,4,1,0,2,0,0,0,0,0,0,0,0,0,0,0,0,3,0,1,0,0,0,0,0,0,0,0,2,0,2,0,0,0,0,0,0,0,0,2,0,0,0,0,0,0,4,2,0,0,0,0,0,1,0,0,0,0,1,1,0,0,0,0,0,5,28,6,10,2,0,0,1,1,0,0,0,0,7,6,3,61,0,0,0,0,0,1,6,0,0,2,0,0,0,0,0,0,66,3,1,6,0,2,1,1,0,4,0,0,0,0,0,0,0,1,3,0,0,0,0,6,7,0,7,0,0,0,2,0,0,0,0,0,14,0,0,0,0,1,0,0,0,1,24,0,0,0,12,0,0,0,0,0,1,0,1,0,0,0,0,1,0,1,1,2,2,0,0,3,9,0,0,0,0,0,62,0,0,0,1,0,0,0,0,7,4,0,0,0,2,0
4,1643,COLÉGIO ESTADUAL PROFESSORA HILDEGARD SONDAHL - EFM,"RUA JOAQUIM DE SIQUEIRA CORTES, 62",CIDADE INDUSTRIAL,-25.4871391,-49.3529339,75,0,3055,2496,283,162,0,3,4,9,26,4,4,0,0,4,0,29,0,0,0,2,6,0,0,0,3,1,19,1,0,1,14,0,1,2,0,11,1,0,0,0,0,0,1,2,3,1,2,0,1,57,0,0,1,0,0,0,2,2,0,0,0,12,0,1,0,1,1,1,0,0,0,1,0,1,0,2,71,0,0,0,0,4,0,2,0,0,0,1,1,0,20,0,0,0,0,0,0,1,17,0,0,0,0,5,0,9,0,6,0,0,0,47,20,1,0,0,0,0,0,0,0,0,0,0,3,5,0,0,1,0,1,0,1,0,2,1,37,0,1,0,0,1,1,0,2,0,12,0,4,0,0,0,0,0,0,0,0,0,0,4,0,0,15,0,0,0,5,0,0,0,1,2,0,2,1,0,69,2,37,8,1,0,0,64,2,1,1,0,2,0,0,1,17,0,0,0,0,0,0,0,0,17,0,1,0,0,1,3,0,0,0,0,1,0,1,0,0,0,0,0,0,0,1,0,0,7,0,1,1,0,0,0,5,0,0,1,0,2,0,0,0,0,0,0,0,1,0,0,0,1,3,0,2,0,0,0,0,0,0,1,0,0,0,2,39,0,0,1,0,0,0,0,0,1,0,1,0,0,1,0,5,0,1,0,0,0,0,0,1,0,0,0,0,0,0,1,0,0,0,0,0,0,5,0,0,0,0,0,0,0,4,0,0,1,0,0,0,0,0,0,0,0,0,0,0,0,0,0,0,1,1,0,1,0,0,0,0,0,0,11,0,0,0,2,51,0,0,0,0,8,0,0,6,10,0,0,12,2,0,0,0,0,0,1,0,0,1,0,0,0,0,0,0,0,0,0,0,0,0,0,1,0,0,0,0,0,0,0,0,0,0,0,0,0,2,0,10,0,0,34,0,0,2,0,5,1,0,3,1,0,0,63,0,0,0,3,0,0,0,0,0,1,0,35,0,0,1,0,0,1,0,0,0,0,0,0,0,0,2,0,0,0,0,0,0,0,1,0,2,2,0,0,1,0,1,0,8,0,0,0,1,0,2,0,0,0,0,0,0,0,0,0,0,1,1,0,0,0,0,0,0,0,1,0,0,0,0,0,0,0,0,0,0,0,38,0,0,0,0,0,0,0,0,0,0,0,0,1,0,0,0,0,0,0,0,0,0,0,0,0,2,2,0,0,0,0,24,0,2,4,9,0,0,0,0,0,0,0,0,3,0,0,0,2,0,0,3,1,1,0,0,0,1,1,0,0,0,0,1,0,0,90,0,1,0,1,0,0,0,0,5,0,0,0,0,0,2,0,0,2,0,0,0,0,0,0,0,0,0,0,0,0,0,0,5,0,0,0,0,0,1,0,0,0,0,0,0,0,0,0,0,0,0,2,0,0,0,0,0,0,0,0,2,8,0,0,0,0,1,0,1,2,0,0,0,0,4,0,1,0,0,0,0,0,0,1,3,0,0,0,0,0,0,1,0,1,0,0,0,0,7,3,0,0,0,8,0,0,0,0,0,0,0,0,0,4,0,0,1,3,4,1,120,0,0,0,3,1,0,8,2,33,0,2,5,0,0,4,80,4,0,0,0,0,1,0,13,0,0,0,0,0,0,0,4,0,1,0,0,0,0,0,0,0,0,0,0,0,0,0,1,0,0,0,0,0,0,0,2,0,0,4,3,0,0,0,0,0,0,0,0,0,0,0,0,0,0,0,0,0,1,0,0,0,1,0,3,0,0,0,0,0,1,0,0,0,0,1,7,14,5,6,0,1,0,0,1,0,2,0,0,4,2,1,38,0,0,0,0,0,1,5,0,0,1,0,0,0,0,0,0,72,2,2,11,0,0,3,1,0,1,1,1,2,0,0,0,0,0,2,0,0,0,0,2,2,0,1,0,0,1,0,0,0,0,0,0,9,0,0,0,0,0,0,0,1,0,19,0,0,0,3,1,0,0,0,0,0,0,0,0,1,0,0,0,0,0,1,0,1,0,0,2,26,0,0,2,0,0,76,0,0,0,2,0,0,0,0,0,2,0,0,0,0,0
4,1651,ESCOLA ESTADUAL MONSENHOR IVO ZANLORENZI,"R EDUARDO SPRADA, 4114",CAMPO COMPRIDO,-25.4448298,-49.3454058,44,0,4662,3804,288,184,0,3,6,15,62,2,4,2,1,8,1,31,0,0,1,0,40,1,1,0,6,3,15,5,4,0,20,2,4,2,0,24,2,0,0,0,0,1,2,1,9,8,2,5,0,31,4,0,0,0,1,0,1,9,0,0,2,9,0,2,6,0,2,18,1,2,2,25,0,3,1,8,52,0,0,0,0,10,1,1,1,0,0,5,1,0,16,1,0,0,0,1,2,2,2,0,0,0,0,15,0,19,0,1,0,1,0,37,33,1,0,0,0,0,2,0,0,0,0,2,6,11,0,1,0,0,0,0,3,2,1,0,127,0,0,0,0,1,1,1,0,1,9,0,6,0,1,0,0,0,0,0,0,0,0,1,15,1,9,0,0,0,6,0,3,0,1,0,1,2,0,0,79,6,43,11,2,2,0,73,6,6,0,0,3,1,2,3,10,1,0,0,4,1,0,1,0,50,0,0,0,0,0,0,0,0,0,0,0,0,2,0,0,0,0,0,0,0,0,0,0,10,0,0,4,0,1,0,1,0,0,0,1,0,0,0,0,0,0,0,0,0,0,0,0,0,0,0,0,0,0,0,0,0,0,0,0,0,0,1,12,0,0,0,0,0,0,0,0,0,1,5,1,0,1,2,12,0,0,0,0,0,0,0,4,0,0,0,0,0,0,1,0,0,0,0,0,0,0,1,0,0,0,0,0,0,0,0,0,0,0,0,0,1,0,0,0,0,0,0,0,0,0,0,0,3,3,1,0,0,0,0,0,0,0,53,1,0,1,0,83,0,0,0,0,12,0,0,4,0,0,0,75,1,0,0,0,0,0,0,0,0,1,0,2,0,0,1,0,0,0,0,0,0,0,0,0,0,0,0,0,0,0,0,0,0,0,0,0,0,6,5,13,0,0,52,0,1,4,0,21,1,0,8,2,0,1,51,2,0,1,6,0,2,0,0,1,6,0,80,0,6,2,0,0,1,0,0,1,1,0,0,0,2,1,1,0,0,1,0,0,0,4,0,0,2,0,1,0,1,0,0,37,0,0,0,14,0,0,0,0,0,0,0,0,0,0,0,0,0,0,0,0,0,0,0,2,0,18,0,0,0,1,0,0,0,0,0,0,14,2,2,0,0,0,1,0,0,0,0,0,1,0,1,0,0,0,0,0,0,0,0,0,0,2,1,0,3,3,2,5,5,54,0,4,2,33,2,1,0,0,5,0,0,0,0,0,0,1,0,0,0,3,1,0,0,0,0,0,1,0,0,0,0,1,0,0,18,0,2,0,5,0,0,3,0,2,0,0,0,0,0,1,0,0,2,0,0,0,0,1,0,0,0,0,0,0,0,0,0,3,0,0,0,0,0,0,0,0,0,0,0,0,0,0,0,0,0,0,1,0,0,0,0,0,0,0,0,3,2,0,0,1,0,0,0,0,4,0,0,0,0,3,0,1,0,0,0,0,0,0,0,9,0,0,0,0,5,4,1,0,2,7,0,2,0,31,15,1,1,0,48,0,2,1,0,0,0,1,7,0,9,0,0,9,5,4,1,93,2,1,0,1,4,0,9,0,59,0,2,1,1,1,15,362,3,0,0,2,2,0,0,11,1,0,0,0,0,0,1,3,2,0,9,0,0,0,0,0,0,8,2,0,0,0,0,0,0,1,1,1,0,1,0,0,0,0,3,0,0,0,1,0,0,0,0,0,0,0,0,0,0,0,0,0,7,1,0,0,0,0,0,2,1,0,0,0,1,1,0,0,0,0,0,7,7,4,15,4,0,0,1,5,0,0,0,6,6,10,2,47,4,0,0,2,0,0,5,0,0,1,0,0,0,2,0,0,203,2,2,15,0,9,1,9,0,2,0,1,5,0,8,0,0,0,12,0,0,0,0,3,1,0,10,0,0,0,4,0,0,0,0,2,10,0,0,1,0,0,0,0,0,1,6,0,2,0,10,0,0,1,7,0,12,0,0,0,0,0,2,2,0,0,1,3,0,0,0,11,9,0,0,0,0,0,37,0,0,0,1,0,1,0,0,0,10,0,0,0,4,0
4,1694,ESCOLA MUNICIPAL PROFESSOR ULISSES FALCAO VIEIRA,"RUA EDUARDO SPRADA,  5062",CIDADE INDUSTRIAL,-25.4495891,-49.3524682,75,0,4087,3310,281,174,0,2,3,9,47,2,1,2,0,4,0,36,2,0,1,0,17,0,0,0,5,3,32,5,2,0,16,0,1,3,1,28,1,0,0,0,0,0,2,1,7,2,0,0,1,46,2,0,0,0,1,1,0,9,0,0,0,22,0,1,1,0,5,5,0,2,0,22,0,0,1,2,56,0,0,0,0,9,0,1,1,0,0,0,0,0,12,2,0,0,0,0,0,0,7,0,0,0,0,10,0,14,0,3,0,0,0,71,29,1,0,0,0,0,4,0,0,0,0,0,2,5,1,0,0,0,0,0,1,1,0,1,81,1,0,0,2,0,0,2,1,0,9,0,1,0,0,1,0,0,0,0,0,0,1,7,4,0,12,0,1,0,16,0,0,0,4,0,4,2,0,0,71,1,40,9,0,3,0,70,3,6,0,0,1,0,0,2,22,0,1,0,0,1,0,0,0,55,0,1,0,0,1,0,0,0,2,0,1,0,4,0,1,0,0,0,1,0,0,0,0,7,0,0,0,0,0,0,2,0,0,0,0,0,1,0,0,0,0,0,0,0,0,0,0,0,0,0,0,0,0,1,0,0,0,1,1,0,0,2,12,0,0,1,1,0,2,0,0,0,0,1,0,0,3,0,13,0,0,0,1,0,0,0,0,0,0,0,0,0,2,0,0,0,0,0,0,0,2,0,2,0,0,0,1,0,0,0,0,2,0,0,0,0,0,0,0,0,0,0,0,0,0,0,0,1,3,0,0,0,0,0,1,0,0,41,1,0,0,0,72,0,0,0,0,8,0,1,9,2,0,0,41,2,0,1,0,0,0,0,0,0,0,0,0,0,0,0,0,0,0,0,0,0,0,0,0,0,0,0,0,0,0,0,0,3,0,0,0,0,9,3,17,0,0,64,0,0,3,3,8,11,0,9,1,0,0,57,0,0,0,1,0,1,0,1,2,3,0,89,0,0,1,2,1,1,0,0,1,0,0,1,0,0,0,0,0,0,2,0,0,0,4,0,0,1,0,0,0,1,0,0,38,0,0,0,6,0,0,0,0,1,0,0,0,0,0,1,0,0,0,0,1,0,0,0,1,0,5,0,0,0,0,0,0,0,0,0,0,0,2,0,0,0,0,0,0,0,0,0,2,0,0,0,0,0,0,0,0,0,0,0,0,0,3,0,1,2,0,4,3,4,34,0,1,3,21,0,1,0,0,2,0,0,0,1,0,0,0,3,0,3,1,1,1,0,0,0,0,2,3,0,0,0,0,0,0,22,0,1,0,5,0,0,3,0,0,0,0,0,0,0,0,0,0,2,0,0,0,0,0,0,0,0,0,0,0,0,0,0,3,0,0,0,0,0,2,0,0,0,0,0,0,0,0,0,1,0,0,0,0,0,0,0,0,0,0,0,0,1,0,0,0,0,0,0,0,0,0,3,0,0,4,0,5,0,0,0,0,0,0,2,2,1,0,0,0,1,0,2,0,5,2,0,6,0,24,4,0,1,1,16,0,1,0,1,1,0,2,4,1,6,0,1,1,5,4,3,104,0,1,0,0,6,1,8,3,37,0,0,0,1,0,10,280,4,0,0,0,0,0,0,15,0,0,0,0,0,1,0,4,0,0,1,0,0,0,0,1,1,0,0,0,1,0,0,0,0,0,2,0,0,0,0,0,0,0,1,1,0,0,0,0,0,0,0,0,0,0,0,0,0,0,0,0,11,0,0,0,2,0,0,1,2,0,0,0,3,0,0,0,0,0,0,8,16,2,19,1,0,0,0,2,0,0,0,0,4,9,0,31,7,0,1,0,0,0,7,0,0,2,0,2,2,0,0,1,163,6,5,20,0,10,2,1,0,2,5,5,4,0,0,0,3,0,6,1,0,0,1,5,2,0,4,0,0,0,1,0,0,0,0,1,5,0,0,0,0,0,1,0,0,1,6,0,0,0,6,0,0,0,5,0,18,0,0,2,0,1,0,0,0,2,0,1,0,0,0,2,13,0,0,1,0,0,50,0,0,1,0,0,0,0,0,1,0,0,0,0,3,0
4,1708,COLEGIO ESTADUAL TEOTONIO VILELA,"RUA ROBERT REDZIMSKI, 1000",CIDADE INDUSTRIAL,-25.4573312,-49.3490455,75,0,5696,4606,488,254,0,4,12,12,79,6,7,3,3,10,2,44,2,0,1,1,9,1,0,1,2,7,31,4,3,1,25,0,2,8,0,7,1,0,1,2,0,0,6,2,7,3,0,2,0,71,1,4,1,0,1,0,1,7,0,0,0,34,0,1,4,1,5,7,3,4,2,9,0,0,1,0,105,0,1,1,0,17,0,2,3,0,0,1,0,0,11,0,0,0,1,0,1,0,6,0,0,0,0,5,0,6,0,1,0,0,0,138,49,0,0,0,0,0,1,0,0,0,0,2,8,13,0,0,0,0,2,0,2,0,0,0,70,0,0,0,0,1,0,1,0,0,7,0,5,0,0,0,0,0,0,1,0,0,0,4,4,0,25,0,0,0,23,0,1,0,1,0,1,3,0,1,125,2,78,10,7,2,0,78,2,3,0,0,3,0,0,4,33,0,0,1,1,3,2,1,4,43,0,1,0,0,1,0,0,0,0,0,0,0,3,0,1,0,1,0,0,0,1,0,1,10,0,0,3,0,0,0,1,1,0,0,0,0,2,0,1,0,0,0,0,2,0,0,0,0,0,0,0,0,0,0,0,0,0,0,0,0,0,0,55,0,1,11,0,3,0,0,1,2,1,1,0,0,4,0,15,0,1,0,0,0,0,0,3,0,0,0,0,0,1,4,0,0,0,0,0,0,1,1,0,0,0,0,0,1,1,0,0,0,0,0,0,0,0,6,0,0,0,0,0,0,0,0,0,0,1,0,1,0,0,0,0,0,0,32,2,0,0,0,82,0,0,0,0,22,0,0,19,4,0,0,31,2,0,1,0,1,0,2,0,0,2,0,0,0,0,1,1,0,0,0,0,0,1,0,0,0,0,0,0,0,0,0,0,0,0,0,0,0,2,1,10,0,0,50,0,0,4,4,15,3,0,3,4,2,2,99,0,0,0,3,0,1,0,0,0,2,0,105,2,0,5,1,0,0,0,3,2,0,1,0,1,0,0,1,0,0,1,0,0,0,5,0,0,0,0,0,1,1,1,0,30,1,0,0,6,0,1,0,0,0,0,0,0,0,0,0,0,0,0,0,0,0,0,0,0,0,1,0,0,0,1,0,0,0,0,0,0,0,9,0,0,0,0,0,0,0,0,0,1,0,0,5,0,0,0,0,0,0,0,0,0,0,0,2,3,2,0,5,3,9,37,0,1,1,20,0,0,0,0,1,0,0,0,0,0,0,0,4,0,0,2,1,0,0,0,0,1,1,1,0,0,2,0,0,0,31,2,0,0,1,0,0,3,0,2,0,1,0,0,1,2,0,2,3,0,0,0,0,1,0,0,0,0,0,0,0,0,0,8,0,0,0,1,0,1,0,0,0,0,0,0,0,0,0,0,0,0,2,0,1,0,0,0,0,0,0,7,1,0,0,1,0,1,0,3,3,0,1,1,0,6,0,3,0,0,0,0,0,0,3,1,0,2,0,0,2,0,4,0,2,0,1,1,0,14,7,0,2,0,8,0,1,1,0,2,0,0,7,0,6,0,0,6,5,0,1,183,1,0,1,4,0,1,11,0,46,0,9,4,1,0,11,421,0,1,0,0,0,1,0,18,0,0,0,0,0,1,5,5,3,0,2,0,0,0,0,0,0,2,1,1,0,2,1,1,0,0,1,0,0,1,0,0,1,0,8,3,1,0,2,0,0,0,0,1,0,0,0,0,0,0,0,0,11,0,0,0,0,0,0,0,4,1,0,0,0,1,0,0,0,0,0,13,23,8,13,6,0,0,0,0,0,2,0,1,6,15,0,75,5,1,0,0,0,0,7,0,1,2,0,2,0,0,0,5,151,8,4,21,1,4,3,7,0,0,0,1,0,0,0,0,1,1,8,0,0,0,0,8,7,0,7,0,0,0,3,0,0,0,0,1,10,0,0,0,0,2,0,0,2,0,5,0,0,1,13,0,0,0,2,0,136,1,0,0,0,0,2,0,0,0,1,1,2,0,0,8,13,0,0,2,0,0,67,0,0,0,0,0,0,0,0,1,5,0,0,4,1,0
4,1716,COLEGIO (PARTICULAR) MARTINUS PORTÃO,"RUA ARTHUR MOHR,144",PORTÃO,-25.4728121,-49.2993114,27,0,2339,1967,91,46,0,3,1,5,39,2,1,0,0,3,0,27,1,0,0,0,31,0,2,0,1,1,8,1,3,0,6,0,0,1,2,31,0,0,0,0,0,0,7,0,4,2,0,1,1,16,0,0,0,0,1,0,1,5,0,0,0,7,0,1,1,0,0,12,0,0,1,0,0,0,0,0,19,0,0,0,0,5,0,1,0,0,0,0,0,0,5,0,0,0,0,0,0,0,6,4,0,0,0,14,2,10,0,0,1,2,0,9,10,2,0,0,0,0,0,0,1,0,0,0,4,2,0,0,0,0,3,0,4,0,0,1,86,0,0,0,1,0,0,0,0,1,3,0,2,0,2,0,0,0,0,0,0,1,0,6,8,0,2,0,0,0,13,1,0,0,1,1,0,0,0,0,60,3,29,7,0,0,0,48,1,13,0,0,3,0,0,1,0,0,0,0,0,1,1,1,1,30,0,0,0,0,1,0,0,0,0,0,1,0,0,0,0,0,0,0,0,0,0,0,0,1,0,0,1,0,0,0,1,0,0,0,0,0,0,0,1,0,0,0,0,0,0,0,0,0,0,0,0,0,0,0,0,0,0,0,0,3,0,0,9,0,0,0,0,0,0,0,2,0,1,0,0,0,5,2,6,0,0,0,0,0,0,0,2,0,0,0,0,0,0,1,0,0,0,0,0,1,0,0,0,0,0,0,0,1,0,1,0,0,0,0,0,0,0,1,0,0,0,0,0,0,0,0,0,1,4,0,1,0,0,0,0,0,0,27,1,0,1,0,47,0,0,0,0,9,0,0,1,0,0,0,43,2,0,0,0,0,0,1,0,0,0,0,0,0,0,0,0,0,0,0,0,0,0,0,1,0,0,0,0,0,0,0,0,0,0,0,0,0,5,8,19,0,0,54,3,0,4,2,12,2,0,7,2,0,0,21,1,2,0,2,0,0,0,0,0,0,0,30,0,3,2,0,0,0,0,0,0,0,0,3,0,0,0,0,0,0,6,0,0,0,8,0,0,1,0,0,0,0,0,0,15,0,1,0,3,0,0,0,0,0,1,0,0,0,0,0,0,1,0,0,0,0,0,0,0,0,0,0,0,0,0,1,0,0,0,0,0,0,3,0,0,0,0,0,0,0,0,0,0,0,0,0,0,0,0,0,0,0,1,0,0,0,0,0,1,0,2,1,7,2,34,0,3,3,24,8,0,0,0,1,0,0,0,3,0,0,0,3,0,0,3,0,0,0,0,0,0,2,0,0,0,0,0,0,0,9,0,3,0,7,0,0,5,0,2,0,0,0,0,0,0,0,0,0,0,0,0,0,0,0,0,0,0,0,0,0,0,0,0,0,0,0,0,0,0,0,1,0,1,0,0,0,0,0,0,0,0,0,0,0,0,0,0,0,0,0,11,0,0,0,1,0,1,0,1,0,0,0,0,0,2,0,0,0,0,0,0,0,0,2,6,0,2,0,0,1,0,5,0,0,0,0,0,0,25,4,1,0,0,25,0,5,0,1,0,0,1,4,0,5,0,0,0,2,2,1,34,0,0,0,3,3,0,8,0,26,0,1,0,1,0,4,93,2,0,0,0,2,0,0,7,1,0,0,0,0,0,0,2,2,0,2,1,0,0,0,0,0,0,0,0,0,0,0,1,0,0,0,0,0,0,0,0,1,1,4,0,0,0,0,0,0,1,0,0,0,0,0,0,0,0,0,0,0,1,0,0,1,0,0,0,1,0,0,0,0,0,0,0,0,0,1,4,6,1,6,1,0,0,1,2,1,3,0,3,3,10,0,16,1,1,1,0,1,0,9,1,0,1,0,1,0,0,0,4,149,0,3,10,0,2,5,4,0,1,0,1,2,0,0,0,0,0,3,0,0,2,0,0,3,1,0,0,0,0,1,0,0,0,0,2,9,0,0,0,0,1,0,0,0,1,1,0,0,0,5,0,0,0,0,0,3,0,1,0,0,0,0,0,0,0,1,0,2,0,0,3,12,0,0,0,0,0,19,0,0,0,0,0,0,0,0,0,3,0,0,0,0,2
4,1724,COLEGIO ESTADUAL PROTASIO DE CARVALHO,"RUA CIDADE GAUCHA, 120",CIDADE INDUSTRIAL,-25.4736887,-49.3471497,75,0,5641,4552,451,280,0,10,7,16,72,3,3,0,1,11,1,45,5,0,0,0,13,0,1,0,12,6,26,10,3,0,20,1,1,5,1,25,0,0,0,0,0,0,2,0,9,2,0,0,2,89,0,0,0,0,2,0,0,5,0,0,0,44,0,0,1,0,2,8,0,1,0,6,0,1,8,5,154,0,0,0,1,5,1,1,4,0,0,2,2,0,11,0,0,0,0,0,0,1,4,0,0,0,1,16,0,12,0,0,0,1,1,84,44,3,0,0,0,0,0,0,0,0,0,2,4,20,0,0,0,0,6,0,0,2,0,0,75,0,1,0,1,1,0,0,0,0,7,0,5,0,2,0,0,4,0,0,0,0,1,13,3,0,15,0,0,0,27,1,0,0,8,1,0,2,1,0,112,4,78,6,0,0,0,68,2,3,0,2,0,0,0,5,36,2,1,0,0,1,5,1,1,62,0,2,0,0,10,0,1,0,0,1,0,0,0,0,0,0,0,0,0,0,0,0,0,5,0,0,0,0,1,0,1,0,1,0,1,0,0,0,0,0,1,0,0,1,0,0,0,0,1,0,0,0,0,0,0,0,0,1,0,0,0,0,75,0,0,2,0,1,0,0,0,5,1,3,0,0,5,3,8,0,2,0,3,0,0,0,5,0,0,0,0,0,2,1,0,0,0,0,0,0,1,3,0,0,0,2,1,0,3,0,0,0,0,0,0,0,1,1,1,0,0,0,0,0,3,0,0,2,1,0,0,0,0,0,3,0,0,13,2,0,0,0,42,0,0,1,0,23,0,0,16,24,0,1,34,5,0,0,0,0,0,0,0,0,2,2,2,0,0,0,0,0,0,0,0,0,0,0,0,0,0,0,0,0,0,0,0,0,0,5,0,0,1,2,11,0,0,58,1,0,1,0,24,1,0,12,6,0,0,125,1,1,0,4,2,0,1,4,0,8,0,110,0,0,0,0,0,1,1,0,2,0,0,0,0,0,8,0,0,0,3,0,0,0,2,0,0,1,0,1,1,0,0,0,30,0,0,0,7,0,0,0,0,0,0,0,0,0,0,0,0,0,0,0,0,0,0,0,0,0,0,0,0,0,1,1,0,0,0,0,0,0,6,0,1,0,1,0,0,0,0,1,1,0,0,11,0,0,0,0,0,0,0,0,1,1,1,0,1,3,0,0,1,4,26,0,5,2,8,0,0,0,0,1,0,0,0,0,0,0,0,0,1,0,1,7,2,2,0,0,1,0,0,0,0,1,0,0,2,99,0,2,0,5,0,0,18,0,3,0,0,0,1,0,1,0,2,1,0,0,0,0,0,0,0,0,0,0,0,0,0,0,3,0,0,0,0,0,0,0,0,0,1,0,0,1,0,0,0,0,0,0,0,0,0,0,0,0,0,0,3,1,0,0,4,1,4,0,0,6,0,2,0,0,5,0,2,0,0,0,0,0,0,2,2,0,0,1,0,1,0,3,0,0,1,1,0,0,8,9,1,0,0,21,0,1,0,0,0,2,4,2,2,13,0,0,2,8,2,2,185,0,0,0,9,0,0,10,3,63,1,2,0,5,0,23,234,1,2,1,0,0,0,0,34,0,0,0,0,0,0,0,0,2,0,0,0,0,1,0,0,0,1,2,0,0,0,0,8,0,1,0,3,0,0,0,0,0,0,11,4,1,0,0,0,0,0,0,0,0,0,0,0,0,0,0,0,1,0,0,0,0,0,0,0,7,0,0,0,0,0,0,0,0,0,0,12,53,20,7,1,0,1,1,1,0,0,0,1,9,11,2,97,3,0,1,0,1,5,5,1,0,0,0,0,0,0,0,1,166,3,7,5,0,6,3,6,0,0,8,7,3,0,1,0,0,0,6,0,2,0,1,10,4,0,3,0,0,2,1,0,0,0,0,0,8,0,0,0,0,3,0,0,0,0,27,0,0,0,22,1,0,0,4,0,16,0,0,0,2,1,1,0,0,1,0,1,1,0,0,7,11,0,0,1,0,0,68,0,0,0,3,0,0,0,0,4,8,0,0,0,1,0
4,1740,ASPP - ASSOCIACAO DOS SERVIDORES PUBLICOS DO PARANA,"RUA PROFESSOR ULISSES VIEIRA, 2303",SANTA QUITERIA,-25.4634484,-49.3119603,43,0,7002,5711,388,229,0,2,8,10,96,1,6,1,1,8,2,57,3,1,1,0,31,2,2,1,2,6,31,4,7,0,28,2,0,2,0,37,2,0,4,0,0,3,2,6,15,5,0,2,3,52,0,0,1,4,2,0,5,9,0,1,5,25,2,11,4,0,0,15,0,8,0,0,0,1,7,2,122,0,0,0,1,12,0,0,0,1,0,1,0,2,26,0,0,0,0,0,2,0,15,0,0,1,0,25,0,23,0,1,1,1,0,38,61,3,0,0,0,0,1,0,0,0,0,0,3,18,1,0,0,0,4,0,7,2,2,7,219,0,0,0,0,2,0,1,0,1,10,0,5,1,1,1,0,2,0,2,2,0,0,6,10,0,15,1,1,0,26,2,1,1,7,1,2,2,0,0,149,5,90,10,4,5,0,127,7,11,0,0,4,0,5,3,8,1,0,0,4,5,1,1,3,101,0,1,0,1,3,3,0,0,0,4,0,0,0,1,0,1,0,0,0,0,2,0,0,8,0,0,2,0,1,0,3,1,0,1,1,1,0,0,2,0,0,0,0,4,0,2,0,0,2,1,4,0,0,0,0,1,0,0,0,2,0,0,33,0,1,1,0,0,0,0,2,7,1,12,1,1,3,4,16,0,0,0,4,0,0,0,10,0,0,0,0,0,4,6,0,0,0,0,0,0,3,0,0,0,0,1,0,0,2,0,0,1,0,0,0,0,0,1,0,0,4,0,0,0,0,0,0,7,7,0,1,0,0,0,0,0,0,52,0,0,1,0,115,0,0,0,0,22,1,0,18,2,0,0,94,3,0,5,0,0,0,2,0,0,2,0,0,0,0,2,0,0,0,0,0,0,0,0,0,0,0,0,0,0,0,0,0,1,0,2,0,0,9,1,27,0,1,110,0,0,5,1,33,10,0,5,12,1,0,81,0,1,0,9,0,0,1,3,0,2,0,68,1,6,4,0,0,1,3,0,2,0,0,0,3,0,6,0,0,0,24,0,0,0,8,0,0,2,0,0,0,2,1,0,55,2,0,0,7,0,1,0,0,0,0,0,0,0,0,0,0,2,0,0,0,4,0,0,1,0,1,0,0,0,2,0,0,0,0,0,0,3,4,0,0,0,1,0,0,0,0,0,1,0,0,0,0,0,0,0,0,0,0,1,0,2,3,3,1,3,3,3,55,1,54,0,14,0,32,2,0,1,0,2,0,0,1,22,0,0,0,1,0,0,3,1,1,0,0,0,0,0,2,0,1,2,0,0,1,29,0,4,0,26,1,0,24,0,17,0,0,0,0,0,2,0,1,9,0,0,0,0,0,0,0,0,0,0,0,0,0,0,0,0,0,0,0,0,0,0,0,0,5,0,0,0,0,0,0,0,0,0,0,0,0,0,0,0,0,0,3,0,0,0,4,0,2,0,1,2,0,5,0,0,5,0,3,0,0,0,0,0,0,1,7,0,0,1,0,4,0,6,0,0,0,0,0,0,56,14,0,1,0,31,0,4,1,1,1,0,1,8,0,5,0,0,7,14,11,0,145,0,1,1,14,5,1,14,0,89,0,2,20,3,1,24,351,3,4,0,0,0,0,1,61,0,0,0,0,0,0,0,9,1,0,6,0,0,0,0,0,2,2,0,0,0,0,0,2,2,1,3,0,0,0,0,0,0,0,11,6,1,0,1,0,0,0,0,0,0,0,0,0,0,0,0,0,1,3,0,0,0,0,0,1,17,1,0,0,0,0,0,0,2,0,0,18,34,14,16,6,1,0,1,4,0,3,0,3,5,22,4,41,1,18,3,1,0,0,14,0,0,3,0,0,0,1,0,7,352,9,4,25,0,17,3,12,1,8,6,5,6,0,2,0,0,0,5,0,0,0,0,5,81,0,1,0,0,2,3,0,0,0,0,2,10,0,1,0,0,1,0,0,0,5,9,0,0,0,12,0,0,1,2,0,5,2,0,0,0,1,0,0,0,1,1,1,3,0,0,9,23,0,0,0,0,0,40,0,0,0,2,0,1,0,0,5,15,0,0,0,2,0
4,1937,ESCOLA MUNICIPAL LINA MARIA MOREIRA,"RUA LUIZ RONALDO CANALLI, 3280",CAMPO COMPRIDO,-25.4617942,-49.3340344,44,0,2014,1665,127,69,0,1,4,4,31,0,2,0,0,4,0,16,0,0,0,0,11,0,0,0,3,1,5,5,2,0,9,0,0,0,0,13,1,0,0,1,0,0,1,1,3,1,1,2,0,18,2,0,0,0,0,0,0,10,0,0,0,1,0,2,0,0,0,3,0,1,0,0,0,0,4,0,40,0,0,0,0,3,0,1,0,0,0,0,1,0,7,0,0,0,0,0,0,0,1,0,0,0,0,3,0,1,0,0,0,0,0,16,10,0,0,0,0,0,0,0,0,0,0,0,0,6,0,0,0,0,1,0,2,0,0,0,59,0,0,0,0,2,0,0,0,1,2,0,1,0,1,0,0,0,0,0,0,0,0,2,3,0,3,0,0,0,6,2,0,1,2,1,12,0,0,0,44,5,29,5,1,0,0,47,2,3,0,1,0,0,0,1,4,2,0,0,0,1,0,0,1,27,0,0,0,0,0,0,0,0,0,0,0,0,1,0,0,0,0,0,1,0,0,0,0,16,0,1,3,0,0,0,0,0,0,0,0,0,0,0,0,0,0,0,0,0,0,0,0,0,0,2,2,0,0,0,0,0,0,0,0,2,0,0,16,0,0,0,0,0,3,0,0,3,0,2,0,0,0,0,2,0,0,0,0,0,0,0,2,0,0,0,0,0,2,0,0,0,0,0,0,0,0,0,0,0,0,0,0,0,0,0,0,0,0,0,0,0,0,0,0,0,0,1,0,0,3,0,0,9,0,0,0,0,0,0,0,0,0,13,0,0,0,0,35,0,0,0,0,7,0,0,8,0,0,1,27,0,0,0,0,0,0,1,0,0,0,0,2,0,0,0,0,0,1,0,0,0,0,0,0,0,0,0,0,0,0,0,0,0,0,0,0,0,2,2,13,0,0,21,0,2,1,1,14,2,0,1,5,0,0,26,0,1,0,1,0,0,0,0,0,0,0,15,1,0,0,0,0,0,0,0,0,0,0,0,0,0,2,0,0,0,1,0,0,0,5,0,0,0,0,0,0,0,0,0,7,0,1,0,7,0,2,1,1,0,0,0,0,0,0,0,0,0,0,0,0,1,0,0,0,0,2,0,0,0,0,0,0,0,0,0,0,0,4,0,0,0,0,0,0,0,0,1,1,1,0,1,0,0,0,0,0,0,0,0,0,1,2,2,0,0,0,2,5,1,17,0,4,1,6,3,0,0,0,2,0,0,0,0,0,0,0,0,0,0,0,0,0,0,0,0,0,2,0,0,0,0,0,0,0,7,0,2,0,4,0,0,3,0,0,0,0,0,0,0,1,0,0,0,0,0,0,0,0,0,0,0,0,0,0,0,0,0,2,0,0,0,0,0,0,0,0,0,3,0,0,0,0,0,0,0,0,0,0,0,0,0,0,0,0,1,0,0,0,0,0,0,0,0,0,2,0,0,0,0,1,0,1,0,0,0,0,0,0,0,4,0,0,0,0,1,0,7,0,2,1,0,4,0,19,2,0,0,0,7,0,0,0,0,0,0,0,6,0,6,0,0,1,4,2,0,48,0,2,0,0,1,0,3,0,17,0,2,0,0,0,1,117,4,2,0,0,0,0,0,10,0,0,1,2,0,1,0,1,1,1,1,0,0,0,0,0,3,0,0,0,0,0,1,2,0,0,0,1,0,0,0,0,0,0,2,0,0,0,0,0,0,0,0,0,0,0,0,0,0,0,0,0,1,0,0,0,0,0,0,0,0,0,0,0,0,0,0,0,0,0,0,2,1,3,7,1,0,0,1,0,0,0,0,0,3,2,1,22,2,2,0,0,0,0,3,0,0,2,0,0,0,1,0,0,98,5,4,10,0,6,3,2,0,2,0,3,0,0,0,0,0,0,2,0,0,1,0,0,7,0,1,0,0,0,1,0,0,0,0,2,8,0,0,0,0,0,0,0,0,0,5,0,0,0,9,0,0,0,0,0,14,0,0,0,0,0,0,0,0,0,1,0,1,0,0,0,7,0,0,0,0,0,14,0,0,0,0,0,0,0,0,3,0,1,0,0,2,0
4,1945,UNIVERSIDADE POSITIVO,"RUA PROFESSOR PEDRO VIRIATO PARIGOT DE SOUZA, 5300",CIDADE INDUSTRIAL,-25.4463624,-49.3587731,75,0,6207,5129,303,166,0,4,7,11,49,2,9,0,0,11,0,59,3,0,1,0,74,2,1,0,2,3,20,7,5,0,25,0,1,2,4,50,0,0,0,0,0,2,12,0,8,10,0,5,1,24,0,0,1,0,3,0,2,21,0,0,5,13,0,6,5,2,4,45,1,1,0,14,4,3,2,7,71,1,0,0,0,27,1,1,1,0,0,5,0,2,31,1,0,0,0,0,0,0,8,0,0,0,0,20,0,30,0,1,0,3,0,72,21,4,0,0,0,0,0,0,0,1,1,1,8,8,0,0,1,0,0,0,3,4,2,4,181,0,0,0,1,1,0,0,2,0,6,0,7,0,0,3,1,1,0,0,0,0,0,4,22,0,15,1,0,1,8,0,2,0,0,1,1,1,0,0,125,0,59,7,3,2,0,101,6,13,1,0,3,0,0,8,13,1,0,0,0,3,0,1,1,46,0,0,0,0,0,0,0,0,2,0,0,0,1,0,0,0,0,0,0,0,1,0,0,11,0,0,3,0,3,1,6,0,0,0,0,1,0,0,0,0,0,0,0,0,0,3,0,0,1,1,2,0,0,0,1,1,0,0,0,3,0,0,48,0,0,6,0,0,1,0,0,2,0,4,0,0,1,9,17,0,0,0,0,0,0,0,7,0,0,0,1,0,0,2,0,0,0,0,0,0,0,1,2,0,0,0,0,1,0,0,0,1,0,0,0,0,0,1,0,0,0,0,0,0,1,0,0,2,4,0,0,0,0,0,0,0,0,88,0,0,0,0,134,2,1,0,1,21,1,1,6,1,0,5,165,1,0,2,0,1,0,0,0,1,2,0,2,0,0,1,0,0,0,0,0,1,0,0,0,0,1,0,0,0,0,0,0,0,0,3,0,0,8,5,40,0,0,79,0,0,8,10,39,12,1,11,2,0,0,63,8,2,0,5,1,0,0,1,0,2,0,62,3,10,5,0,0,0,0,1,0,0,0,0,7,0,1,0,0,0,0,0,0,2,6,0,0,0,0,0,4,5,0,0,59,0,1,0,8,0,0,0,0,0,0,0,0,1,0,0,0,0,1,0,0,1,0,0,3,0,5,0,0,0,0,0,0,0,0,0,0,1,8,0,2,0,0,0,0,0,0,0,0,0,0,1,0,0,0,0,0,0,0,1,0,0,3,9,1,5,1,13,17,3,97,3,11,3,77,1,3,0,0,7,0,0,0,0,0,0,1,1,0,1,4,0,0,0,0,0,4,1,1,0,0,0,0,0,0,19,0,1,0,7,0,0,3,0,0,0,0,0,0,0,0,0,0,5,0,0,0,0,0,0,0,0,0,0,0,0,0,2,3,2,0,1,2,0,1,0,1,0,2,0,0,2,0,0,0,0,0,0,0,0,0,0,1,0,0,0,1,0,0,0,0,0,0,0,0,4,0,4,0,0,12,0,8,0,0,0,0,0,2,2,4,0,0,0,0,4,0,3,0,3,1,0,4,0,57,13,0,1,0,62,0,0,2,0,0,2,3,6,1,20,0,2,13,9,9,0,118,0,0,0,7,7,0,17,1,78,0,1,0,2,0,14,361,3,7,0,0,1,0,0,27,0,0,0,0,1,1,0,1,1,0,14,0,0,1,0,0,0,2,3,1,0,0,0,4,0,2,0,2,0,0,0,0,0,0,12,4,1,0,0,0,0,0,0,0,0,0,0,0,0,0,0,0,4,1,0,0,0,0,0,1,3,0,0,0,1,0,0,0,0,1,0,13,16,9,18,6,2,0,2,6,1,11,0,15,6,8,3,73,13,2,1,0,0,0,6,0,0,2,0,0,0,0,0,10,284,5,5,22,1,13,6,24,0,3,4,8,4,0,3,0,1,0,22,0,0,2,0,6,6,0,5,0,0,0,2,0,1,0,0,2,9,0,0,0,0,5,0,1,0,0,6,0,0,1,7,0,0,0,6,0,11,0,0,0,0,0,1,0,0,0,2,0,3,0,0,5,7,0,0,2,0,0,26,0,0,0,1,0,0,0,0,3,5,0,0,0,4,1
4,1953,ESCOLA MUNICIPAL PRESIDENTE TANCREDO DE ALMEIDA NEVES,"RUA DESEMBARGADOR CID CAMPELO, 7588",CIDADE INDUSTRIAL,-25.4844458,-49.3384813,75,0,1352,1124,108,74,0,1,2,1,26,2,7,1,1,2,0,18,0,0,0,0,5,0,0,0,1,5,4,0,0,0,4,0,0,0,0,10,1,0,0,0,0,0,0,0,4,0,0,0,0,10,0,4,0,0,0,1,1,0,0,0,0,6,0,0,0,0,0,1,0,0,0,0,0,0,1,0,28,0,0,0,0,0,0,0,0,0,0,0,0,0,2,0,0,0,0,0,1,0,4,0,0,0,0,2,0,6,0,1,0,0,0,18,13,1,0,0,0,0,0,0,0,0,0,0,0,2,0,0,0,0,0,0,1,0,0,0,17,1,0,0,0,0,0,0,0,0,4,0,1,0,0,0,0,0,0,0,0,0,0,11,0,0,7,2,0,0,1,0,0,0,1,0,0,1,0,1,20,1,25,1,1,0,1,30,3,7,0,0,0,0,0,1,8,3,1,0,0,1,0,0,0,5,0,0,1,0,2,0,0,0,0,0,0,0,0,0,0,0,0,1,0,0,0,0,0,2,0,0,0,0,0,0,1,0,0,0,0,0,0,0,0,0,0,0,0,0,0,0,0,0,0,0,0,0,0,0,0,0,0,0,0,0,0,0,25,0,0,0,0,0,0,0,0,0,0,1,0,0,1,1,1,0,0,0,0,0,0,0,0,0,0,0,0,0,1,1,0,0,0,0,0,0,0,0,0,0,0,1,3,0,0,0,0,0,0,0,0,0,0,0,0,0,0,0,0,0,0,0,0,0,0,0,0,0,0,0,0,0,0,5,0,0,0,0,8,0,0,0,0,2,0,0,8,29,0,0,17,0,0,0,0,0,0,0,0,0,0,0,0,0,0,0,0,0,0,0,0,0,0,0,0,0,0,0,0,0,0,0,0,0,0,1,0,0,3,1,1,1,0,13,2,1,0,0,5,1,0,3,1,0,0,30,0,0,0,2,0,0,0,0,0,0,0,17,0,0,0,0,0,1,0,0,0,0,0,0,2,0,0,0,0,0,1,0,0,0,0,0,0,0,0,0,0,0,0,0,6,0,0,0,1,0,0,0,0,0,0,0,0,0,0,0,0,0,0,0,0,0,0,0,0,0,0,0,0,0,0,0,0,0,0,0,0,0,0,0,0,0,1,0,0,0,0,0,1,0,0,0,0,0,0,0,0,0,0,0,0,0,1,1,0,0,0,0,0,1,6,0,1,0,2,0,0,0,0,0,0,0,0,0,0,0,0,0,0,0,0,0,1,0,0,0,0,1,0,1,0,0,0,0,0,5,2,1,0,1,0,0,3,0,1,1,0,0,0,2,0,0,0,0,0,0,0,0,0,0,0,0,0,0,0,0,0,0,0,0,0,0,1,0,0,1,0,0,0,0,0,0,0,0,0,0,0,0,0,0,0,0,0,0,0,0,1,1,0,0,0,0,0,0,0,0,0,0,0,0,0,0,0,0,0,0,0,0,0,3,0,0,0,0,0,5,0,0,0,0,0,0,0,0,6,1,0,0,0,6,0,0,0,0,0,0,0,3,0,1,0,1,0,4,1,0,38,0,1,0,5,0,0,3,0,11,0,0,5,0,0,2,64,0,1,2,0,0,0,0,7,0,0,0,0,0,0,0,1,0,0,0,0,0,0,0,0,0,1,0,0,0,0,0,1,0,1,0,0,0,0,0,0,0,0,4,0,0,0,0,0,0,0,0,0,0,0,0,0,0,0,0,0,0,0,0,0,0,0,0,0,2,0,0,1,0,0,0,0,0,0,0,1,13,3,5,1,0,0,0,0,0,0,0,1,0,6,2,21,1,1,2,0,0,0,3,0,0,0,0,0,0,0,0,0,31,0,3,3,0,2,3,4,0,0,1,2,0,0,0,0,0,0,0,0,0,0,0,1,1,0,0,0,0,0,0,0,1,0,0,0,2,0,0,0,0,2,0,0,0,0,7,0,0,0,1,0,0,0,2,0,0,1,0,0,0,0,0,0,0,0,0,0,0,0,0,3,7,0,0,0,0,0,23,0,0,0,0,0,0,0,0,1,4,0,0,0,2,0
4,1961,FACULDADE PADRE JOÃO BAGOZZI (PARTICULAR),"RUA CAETANO MARCHESINI, 952",PORTÃO,-25.4767386,-49.3024191,27,0,7014,5795,294,191,0,3,8,12,92,5,6,0,2,15,1,66,1,1,0,0,50,0,0,1,1,4,25,2,3,1,38,0,0,3,0,44,4,0,3,0,2,2,14,3,36,5,0,0,3,55,3,2,2,5,1,0,14,25,1,0,2,9,0,4,5,1,3,39,0,1,2,1,0,0,2,8,98,0,0,0,1,11,3,1,0,2,1,3,0,0,35,1,0,0,1,0,1,1,15,7,1,1,0,27,0,26,0,0,0,3,0,41,42,5,0,1,0,0,12,0,0,0,0,2,10,10,0,0,0,0,2,0,4,1,1,5,235,0,1,0,1,0,0,2,4,1,16,0,2,1,2,1,1,2,0,1,0,0,0,1,28,0,9,0,0,0,13,1,0,0,5,0,0,0,0,0,145,7,84,15,3,3,0,102,4,15,0,1,3,0,1,4,5,0,0,1,3,5,0,3,3,88,0,0,0,0,1,0,0,4,0,0,4,0,2,3,1,0,3,0,0,0,0,1,0,9,0,0,10,0,0,0,8,0,0,0,0,2,1,0,0,0,0,0,0,1,0,2,0,0,0,3,1,0,0,0,0,1,0,0,2,1,0,1,21,0,0,4,1,0,0,0,0,3,1,7,0,0,12,4,11,0,0,0,0,0,0,0,3,5,0,0,0,0,2,3,0,0,0,0,0,0,1,1,1,0,0,0,0,2,0,4,0,1,0,2,0,0,0,1,0,0,0,0,0,0,0,1,0,4,3,0,1,0,0,0,1,0,0,83,0,0,2,2,110,0,1,0,0,26,1,0,9,4,0,1,144,5,0,0,0,0,0,1,0,0,0,0,0,0,0,0,0,0,0,0,0,1,0,0,0,0,0,0,0,0,0,0,0,0,0,1,0,0,20,15,47,0,0,160,2,2,6,10,22,25,0,9,6,0,0,78,0,0,0,9,4,0,0,0,0,5,0,42,0,2,3,1,2,1,4,0,1,0,1,0,4,0,5,0,1,3,4,0,0,0,19,3,0,1,0,0,2,3,0,0,52,1,3,0,13,0,1,0,0,0,3,0,0,0,0,0,0,0,0,0,1,0,0,0,2,0,0,0,0,0,3,0,0,0,0,0,1,1,2,1,0,1,0,0,0,0,0,0,0,0,1,0,0,0,0,0,0,0,0,1,0,1,4,6,2,2,4,6,23,6,89,0,25,3,57,9,0,0,0,0,0,0,0,10,1,0,1,0,1,1,14,3,0,0,0,0,3,0,1,1,0,0,0,0,0,30,0,5,0,17,0,3,20,0,0,0,0,0,0,0,0,0,2,11,0,0,0,0,0,0,1,0,0,1,0,0,0,0,2,0,0,0,0,0,1,0,0,0,6,0,0,1,0,0,0,0,0,2,0,1,0,0,1,0,1,0,5,1,0,0,0,0,1,1,2,9,0,4,1,0,2,0,1,0,0,0,0,0,0,0,10,0,0,0,0,5,5,9,0,0,0,1,2,0,54,19,0,3,0,73,0,5,2,0,0,0,2,5,0,18,0,0,3,28,6,1,139,0,4,0,12,3,0,18,4,105,0,2,5,0,0,19,304,4,4,2,0,1,0,0,37,0,0,0,0,2,2,1,5,1,0,8,0,0,0,0,0,0,2,2,0,0,0,0,2,0,0,1,1,4,1,0,0,1,2,8,2,2,0,0,0,0,1,0,0,0,0,0,0,0,0,0,0,1,5,0,0,0,0,0,3,4,1,0,0,0,0,0,0,0,0,0,29,30,6,19,6,1,0,8,2,0,8,0,3,7,30,3,47,13,4,5,1,1,0,11,0,0,5,0,1,0,1,0,8,438,7,3,23,0,16,1,11,0,2,1,6,1,0,1,0,0,0,3,0,0,1,3,1,7,2,1,0,0,4,4,0,2,1,0,0,20,0,4,0,0,1,0,0,0,1,4,0,0,0,20,0,0,2,0,0,0,0,0,0,0,1,3,3,0,0,3,2,1,0,0,5,21,2,0,3,0,0,28,0,0,0,0,0,0,0,0,2,11,0,0,1,4,0
4,1970,ESCOLA MUNICIPAL COLONIA AUGUSTA,"RUA STANISLAU FELIBRANTE, 80",AUGUSTA,-25.4785772,-49.359235,68,0,1011,838,73,37,0,0,2,2,12,1,0,0,0,3,0,8,1,0,0,0,0,0,1,2,3,2,8,0,0,0,6,0,0,0,0,4,0,0,0,0,0,0,0,0,5,0,1,0,0,21,0,0,0,0,0,0,0,0,0,0,0,1,0,0,0,0,0,0,0,0,0,0,0,0,0,0,29,0,0,0,2,2,1,0,0,0,0,2,0,0,9,0,0,0,0,0,0,0,0,0,0,0,0,2,0,0,0,0,0,0,0,22,7,0,0,0,0,0,0,0,0,0,0,0,1,1,0,0,0,0,0,0,0,2,0,0,18,0,0,0,0,0,0,0,0,0,0,0,2,0,0,0,0,0,0,1,0,0,0,3,0,0,15,0,0,0,1,0,0,1,0,1,0,0,0,0,20,0,9,0,0,0,0,26,0,1,0,0,0,0,1,2,4,0,0,0,0,0,0,1,0,16,0,0,1,2,0,0,0,0,0,0,0,0,0,0,0,0,0,0,0,0,0,0,0,1,0,0,0,0,0,0,0,0,0,0,0,0,3,0,0,0,0,0,3,0,0,0,0,1,0,0,0,0,0,0,0,0,0,1,0,0,0,0,10,0,0,0,0,0,0,0,2,0,0,2,0,0,0,0,1,0,0,0,0,0,0,0,0,1,0,0,0,0,0,3,0,0,0,0,0,0,4,1,0,0,0,0,0,0,0,0,0,0,0,0,0,0,0,0,0,0,0,0,0,0,0,0,0,0,0,0,0,0,0,0,0,0,0,1,0,0,0,0,20,0,0,0,0,1,0,0,4,1,0,0,4,3,0,0,0,0,0,0,0,0,1,1,0,0,0,0,0,0,0,0,0,0,0,0,0,0,0,0,0,0,0,0,0,0,0,0,0,0,0,0,3,0,0,11,0,0,2,1,0,1,0,0,1,0,0,24,0,0,0,1,0,0,0,0,0,0,0,5,0,0,0,0,0,0,0,0,0,0,1,0,0,0,0,0,0,0,0,0,0,2,0,0,0,0,0,0,0,0,0,0,7,0,0,0,0,0,0,0,0,0,0,0,0,0,0,0,0,0,0,0,0,0,0,0,0,0,0,0,0,0,0,0,0,0,0,0,0,0,1,0,0,0,0,0,0,0,0,0,0,0,0,0,0,0,0,0,0,0,0,0,0,0,1,0,0,0,0,0,5,0,7,0,1,0,2,0,0,0,0,1,0,0,0,0,0,0,0,0,0,0,0,0,0,0,0,0,0,0,0,0,0,0,0,0,0,22,0,0,0,0,0,0,0,0,1,0,0,0,0,0,0,0,0,1,0,0,0,0,0,0,0,0,0,0,0,0,0,0,1,0,0,0,0,0,0,0,0,0,0,0,0,0,0,0,0,0,0,1,0,0,0,0,0,0,0,0,0,0,0,0,0,0,1,0,0,2,0,0,0,0,0,0,0,0,0,0,0,0,0,1,1,0,0,0,0,0,0,0,0,0,0,0,0,0,2,1,0,1,0,2,0,0,0,0,0,0,0,0,0,0,0,0,0,1,3,0,32,0,0,1,2,0,0,4,2,15,0,0,2,0,0,0,31,0,0,0,0,0,0,0,4,0,0,2,0,0,0,1,0,0,0,0,0,0,0,0,0,0,0,0,0,0,0,0,0,0,0,0,0,0,0,0,0,0,0,1,1,0,0,0,0,0,0,0,0,0,1,0,0,0,0,0,0,0,0,0,0,0,0,0,0,0,0,0,0,0,0,0,0,0,0,0,0,4,0,0,0,0,0,0,1,0,0,0,1,1,5,1,32,0,0,0,0,0,0,2,0,0,0,0,0,0,0,4,0,40,1,4,0,0,0,3,1,0,0,0,0,0,0,0,0,0,0,1,0,0,0,0,4,0,0,5,0,0,0,0,0,0,0,0,0,2,0,0,0,0,0,0,0,0,0,7,0,0,0,4,0,0,0,1,0,0,0,2,0,0,0,0,0,0,0,0,3,0,0,0,5,4,0,0,1,0,0,13,0,0,0,0,0,0,0,0,0,1,0,0,0,1,0
4,1988,ESCOLA MUNICIPAL PADRE JOÃO CRUCIANI,"RUA JOSÉ GONÇALVES JUNIOR, 259",CAMPO COMPRIDO,-25.466621,-49.3272552,44,0,1184,997,73,49,0,0,2,1,13,0,0,0,1,2,0,12,0,0,0,0,5,0,3,0,1,2,8,0,0,0,7,0,0,1,0,12,0,0,0,0,0,0,2,0,0,2,1,0,0,10,0,0,0,0,0,0,0,1,0,0,0,5,0,0,0,0,1,0,0,0,0,0,0,0,4,0,23,0,0,0,0,0,0,0,0,0,0,0,0,0,2,1,0,0,0,0,0,0,0,0,0,1,0,3,0,7,0,0,0,0,0,14,6,0,0,0,0,0,0,0,0,0,0,0,3,0,0,0,0,0,0,0,0,2,0,0,33,0,1,0,0,0,0,0,0,0,1,0,0,0,0,0,0,0,0,2,0,1,0,0,8,0,7,0,0,0,4,0,0,0,5,0,1,0,0,0,38,1,26,1,1,0,1,25,0,3,0,0,0,0,2,0,2,0,0,0,0,1,1,3,0,13,0,0,0,0,0,0,0,0,0,0,0,0,0,0,0,0,0,0,0,0,0,0,0,4,0,0,1,0,0,0,0,0,0,0,0,0,0,0,0,0,0,0,0,0,0,0,0,0,0,1,0,0,0,0,0,0,0,2,1,0,0,0,13,0,0,0,0,0,0,0,0,2,0,0,0,0,0,0,4,0,2,0,0,0,0,0,0,0,0,0,0,0,0,2,0,0,0,0,0,0,0,0,1,0,0,0,0,0,0,0,0,0,0,0,0,0,0,0,0,0,0,0,0,0,0,0,0,1,0,0,1,0,0,0,0,0,0,7,0,0,0,0,22,0,0,0,0,2,0,0,2,3,0,0,19,2,0,2,0,0,0,0,0,0,0,0,0,0,0,0,0,0,0,0,0,0,0,0,0,0,0,0,0,0,0,0,0,0,0,0,0,0,1,1,3,0,0,12,0,0,5,0,0,1,0,2,1,0,0,20,0,0,0,0,0,0,0,0,1,0,0,19,0,1,0,1,0,0,1,0,2,0,0,0,0,1,1,0,0,0,0,0,0,0,0,0,0,0,0,0,0,0,0,0,5,1,0,0,0,0,0,0,0,0,0,0,0,0,0,0,0,0,0,0,0,0,0,0,0,0,0,0,0,0,0,0,0,0,0,0,0,0,0,0,0,0,0,0,0,0,0,0,0,0,0,0,0,0,0,0,0,0,0,0,0,0,0,0,0,0,0,0,1,4,13,0,1,1,8,0,0,0,0,0,0,0,0,2,0,0,0,0,0,0,0,0,0,0,0,0,0,0,0,0,0,0,0,0,0,15,0,0,0,0,0,0,0,0,3,0,0,0,0,0,0,0,0,0,0,0,0,0,0,0,0,0,0,0,0,0,0,0,0,0,0,0,0,0,0,0,0,0,0,0,0,0,0,1,0,0,0,0,0,0,0,0,0,0,0,0,0,0,0,0,0,0,0,0,0,0,0,0,0,0,0,0,2,0,0,0,0,0,0,0,1,0,0,0,0,0,0,4,0,0,0,1,0,0,6,0,0,0,0,9,0,0,0,1,0,0,0,4,2,4,0,0,2,1,2,0,27,0,0,0,3,0,1,3,0,12,0,0,2,0,0,6,63,0,0,0,0,0,0,0,13,0,0,0,0,0,0,0,0,0,0,1,0,0,0,0,0,0,0,2,0,0,0,1,0,0,0,1,0,0,0,0,0,0,0,2,1,0,0,0,1,0,0,0,0,0,0,0,0,0,0,0,0,0,0,0,0,0,0,0,0,1,0,0,0,0,1,0,0,0,0,0,3,2,2,4,2,0,0,0,0,0,6,0,2,0,1,1,7,0,2,0,1,0,0,1,0,0,0,0,0,0,0,0,0,50,0,0,6,0,2,0,0,0,0,0,0,0,0,0,0,0,0,1,0,0,0,0,3,7,0,1,0,0,0,1,0,0,0,0,2,1,0,0,0,0,0,0,0,0,0,3,0,0,0,0,0,0,0,1,0,1,0,0,0,0,0,0,1,0,0,0,0,0,0,0,2,4,0,0,0,0,0,6,0,0,0,0,0,0,0,0,3,3,0,0,0,2,0
4,1996,COLÉGIO EFETIVO (PARTICULAR),"RUA JOÃO ALENCAR GUIMARÃES, 2883",CAMPO COMPRIDO,-25.4614147,-49.3250429,44,0,1509,1222,96,59,0,2,1,0,16,1,2,0,0,1,0,6,0,1,0,0,11,0,0,0,1,1,1,2,1,0,10,0,0,1,0,10,0,0,0,0,0,0,1,0,3,7,0,0,0,10,3,0,0,0,0,1,0,2,0,1,0,7,0,1,2,0,0,3,0,2,0,0,0,1,2,2,28,0,0,0,0,5,0,2,0,0,0,0,0,0,6,0,0,0,0,0,0,1,1,0,0,0,0,3,0,5,0,1,2,0,0,13,4,2,0,0,0,0,0,0,0,0,0,0,0,1,0,0,0,0,1,0,2,0,1,0,54,0,0,0,2,1,2,0,0,2,3,0,2,0,0,0,0,1,0,1,0,0,0,1,2,0,1,0,0,0,7,0,0,0,1,1,1,0,0,0,31,0,15,3,0,0,0,23,0,0,0,0,0,0,0,1,6,0,0,0,3,1,0,0,0,18,0,0,0,0,0,0,0,0,0,0,0,0,0,0,0,0,0,0,0,0,0,0,0,4,0,0,0,0,1,0,0,1,0,0,0,0,0,0,0,0,0,0,0,0,0,0,0,0,0,0,0,0,0,0,0,0,0,0,0,1,0,0,10,0,0,1,0,0,0,0,0,1,0,0,0,1,0,1,1,0,0,0,1,0,0,0,0,0,0,0,0,0,1,2,0,0,0,0,0,0,0,1,1,0,0,0,0,0,2,1,0,0,0,0,0,0,0,0,0,0,0,0,0,0,0,0,0,3,0,0,0,0,0,0,0,0,0,14,0,0,0,0,21,0,0,0,0,1,0,0,6,0,0,0,15,0,0,0,0,0,0,1,0,0,0,0,0,0,0,0,0,0,0,0,0,0,0,0,0,0,0,0,0,0,0,0,0,0,0,0,0,0,1,1,7,0,0,20,1,0,1,1,7,2,0,1,1,0,2,22,0,0,0,2,0,1,0,0,0,0,0,18,0,1,1,0,0,0,0,0,0,0,0,0,0,0,0,0,0,0,1,0,0,2,2,0,1,0,0,0,0,2,0,0,7,0,1,0,2,0,0,0,0,0,0,0,0,0,0,0,0,0,0,0,0,0,0,0,1,0,3,0,0,0,0,0,0,0,0,0,0,0,1,0,0,0,0,0,0,0,0,0,0,0,0,1,0,0,0,0,0,0,0,0,0,0,1,3,0,0,1,5,7,0,20,2,0,1,15,1,0,0,0,0,0,0,0,0,0,0,0,0,0,0,0,0,0,0,0,0,0,0,0,0,0,0,0,0,0,11,0,2,0,3,0,0,2,0,0,0,0,0,0,0,0,0,0,1,0,0,0,0,0,0,0,0,0,0,0,0,0,1,0,1,0,0,4,0,0,0,0,0,0,0,0,1,0,0,0,0,0,0,0,0,0,1,0,0,0,0,3,0,0,0,2,0,0,0,0,1,0,1,1,0,0,0,0,0,0,0,0,0,0,0,0,0,0,0,0,0,0,5,0,0,0,0,0,0,4,5,0,0,0,8,0,0,0,0,0,0,1,0,0,1,0,0,1,0,2,1,24,0,2,0,1,3,0,7,0,23,0,0,3,1,0,3,83,0,0,0,0,0,0,0,6,0,0,0,0,0,0,1,1,0,0,0,0,0,1,0,0,0,0,0,0,0,0,0,1,0,0,1,0,0,0,0,0,0,0,3,0,0,0,0,0,0,1,0,0,0,0,0,0,0,0,0,1,2,0,0,0,3,0,0,0,2,0,0,0,0,0,0,0,0,0,0,8,3,0,6,1,0,0,1,2,0,2,0,0,1,7,1,19,2,1,0,0,4,0,0,0,0,0,0,0,0,0,0,0,60,1,1,2,0,5,1,7,0,3,1,2,0,0,1,0,0,0,2,0,0,0,2,2,1,0,4,0,0,0,0,0,0,0,0,0,2,0,0,0,0,1,0,0,0,0,5,0,0,0,4,0,0,0,0,0,0,0,0,0,0,0,0,0,0,0,1,0,0,0,0,0,4,0,0,1,0,0,16,0,0,0,0,0,1,0,0,0,3,0,0,0,1,0
4,2100,ESCOLA MUNICIPAL GRACILIANO RAMOS,RUA ALCIR MARTINS BASTOS 560,FAZENDINHA,-25.4871426,-49.3265397,42,0,3558,2895,222,135,0,4,6,11,53,1,4,1,0,13,2,39,4,1,0,0,12,0,3,2,7,3,18,3,2,0,18,0,4,3,0,7,0,0,1,0,0,0,0,2,5,0,0,1,0,52,0,2,1,0,0,0,3,4,0,0,0,19,0,1,1,0,0,3,0,0,0,0,0,0,3,1,78,0,0,0,0,2,0,0,0,0,0,1,0,0,3,0,0,0,1,0,0,0,8,4,0,0,0,7,0,11,0,1,0,0,0,21,28,0,0,0,0,0,1,0,0,0,0,0,6,4,0,0,0,0,0,0,0,0,2,0,75,0,0,0,0,0,0,1,1,2,12,0,3,0,0,0,2,1,0,2,0,0,0,3,6,0,8,0,0,0,13,0,4,0,3,0,0,4,0,0,64,3,68,8,0,0,0,55,3,3,0,0,1,0,0,1,11,0,0,0,0,1,1,2,3,40,0,0,0,0,1,0,0,0,0,0,1,0,5,0,1,0,0,0,0,1,0,0,0,3,0,0,1,0,0,0,3,0,0,0,0,0,3,0,0,0,0,0,0,1,0,0,0,0,3,0,0,0,0,0,0,0,0,0,0,1,0,1,15,0,0,0,0,0,0,0,0,0,0,2,0,0,5,0,5,0,0,0,1,0,0,0,4,0,0,0,0,0,3,4,0,0,0,0,0,0,0,2,0,0,0,0,0,0,2,2,0,0,0,0,0,0,1,1,0,0,0,0,0,0,0,0,0,0,0,1,0,0,0,0,0,1,0,19,0,0,1,0,76,0,0,0,0,4,0,2,8,7,0,1,26,0,0,2,0,0,0,1,0,0,0,0,0,0,0,0,0,0,0,0,0,0,0,0,0,0,0,0,0,0,0,0,0,0,0,0,0,0,3,3,9,0,0,48,0,0,7,2,6,0,0,4,2,0,0,92,0,0,0,1,0,0,0,0,0,1,0,26,0,3,3,0,0,0,1,0,0,0,0,0,1,0,1,0,0,0,0,0,0,0,1,0,1,0,0,0,0,0,0,0,20,1,0,0,3,0,1,0,0,0,0,0,2,0,0,0,0,0,0,0,0,0,0,0,0,0,0,1,0,0,0,0,0,0,0,0,0,0,0,0,0,0,0,0,0,0,0,0,0,0,0,0,0,0,0,0,0,0,1,0,0,1,0,3,1,2,0,4,2,0,28,0,1,2,12,0,0,0,0,1,0,0,0,2,0,0,0,0,0,0,8,3,2,0,0,0,1,3,0,1,0,2,1,0,0,18,0,1,1,3,0,0,10,0,0,0,2,0,0,0,1,0,0,0,0,0,0,6,0,4,0,1,0,0,0,0,0,1,0,0,0,0,0,0,0,1,0,0,0,0,0,0,0,0,0,0,0,0,0,0,0,0,0,0,0,0,5,3,0,3,5,0,2,0,0,3,0,0,0,0,1,0,2,0,0,0,0,0,0,1,2,0,0,1,0,1,1,5,0,0,1,0,0,0,12,6,0,2,0,21,0,1,0,0,0,1,2,3,0,6,0,0,5,2,1,0,100,0,0,0,6,1,0,11,1,50,0,0,3,0,0,15,196,1,2,0,0,0,0,0,9,0,0,0,1,2,0,4,1,2,0,1,0,0,0,0,0,0,1,0,0,1,1,0,0,0,0,2,0,0,0,0,3,0,0,3,2,0,0,1,0,0,5,0,0,0,0,0,0,1,0,0,0,0,1,0,0,0,0,0,0,0,0,0,0,0,0,0,0,0,0,0,11,155,2,6,2,0,1,0,0,0,0,0,2,6,9,0,22,1,1,1,0,0,0,1,0,0,0,0,0,0,0,0,1,136,2,4,5,0,4,0,8,0,2,2,8,0,0,0,0,3,1,1,0,0,0,0,1,2,0,0,0,0,0,0,0,0,0,0,1,4,0,0,0,0,1,0,1,2,0,19,3,0,0,13,0,0,0,0,0,2,0,0,1,1,0,4,1,0,0,0,0,1,0,0,2,16,0,0,4,0,0,29,2,0,0,0,0,1,0,0,3,3,0,0,0,1,2
4,2119,REDE MARISTA DE SOLIDARIEDADE,"RUA RAUL POMPEIA, 188",CIDADE INDUSTRIAL,-25.477421,-49.3331403,75,0,1593,1277,91,72,0,3,6,7,23,1,7,0,0,2,1,15,0,0,2,0,12,2,0,0,1,2,11,2,0,0,9,0,2,0,2,9,0,0,0,0,0,0,0,0,2,0,0,0,0,29,0,0,0,0,0,0,1,2,0,0,0,6,1,1,1,0,0,1,0,0,0,0,0,0,3,0,37,0,0,0,0,4,0,0,0,0,0,1,0,0,5,0,0,0,0,0,0,0,3,1,0,0,0,2,0,1,0,0,0,0,0,10,11,0,0,0,0,0,0,0,0,0,0,0,0,3,0,0,0,0,1,0,0,0,0,0,12,0,0,0,0,0,0,0,0,0,6,1,1,0,1,0,0,0,0,0,0,0,0,2,3,0,5,0,0,0,4,0,0,0,1,1,0,3,0,0,38,1,26,0,0,0,0,37,1,2,0,0,0,0,0,0,11,0,0,0,0,0,0,0,0,18,0,1,1,0,1,0,0,0,2,0,0,0,0,0,0,0,0,0,0,0,0,0,0,4,0,0,0,0,0,0,0,0,0,0,0,1,0,0,0,0,0,0,0,1,0,1,0,0,0,0,0,0,0,0,0,0,0,0,0,0,0,0,25,0,0,2,0,0,0,0,0,2,0,0,0,0,1,0,2,0,0,0,0,0,0,0,0,0,0,0,0,0,1,1,0,0,0,0,0,0,1,0,0,0,0,0,0,0,0,0,0,0,0,0,0,0,0,2,0,0,0,0,0,0,0,3,0,1,0,0,0,0,0,0,0,0,0,9,0,0,0,0,25,0,0,0,0,1,0,0,3,13,0,0,13,0,1,0,0,0,0,2,0,0,0,0,0,0,0,0,0,0,0,0,0,1,0,0,0,0,0,1,0,0,0,0,0,0,0,0,0,0,2,0,2,0,0,17,0,0,2,2,3,0,0,4,1,1,2,33,1,1,0,0,0,1,0,0,0,1,0,22,1,1,0,0,0,0,0,0,1,0,0,0,0,0,1,0,3,0,2,0,0,0,1,0,0,0,0,0,0,0,0,0,5,0,0,0,1,0,0,0,0,0,0,0,0,0,0,0,0,0,0,0,0,0,0,0,0,0,0,0,0,0,0,0,0,0,0,0,0,0,4,0,0,0,0,0,0,0,0,0,0,0,0,2,0,0,0,0,0,0,0,0,0,0,0,0,0,0,0,0,1,1,12,0,0,0,9,1,0,0,0,0,0,0,0,1,0,0,0,1,0,0,0,0,0,0,0,0,0,0,0,0,0,0,0,0,1,13,0,0,0,0,0,1,1,0,1,0,0,0,0,0,0,0,0,0,0,0,0,1,0,0,0,0,0,0,0,0,0,0,2,0,0,0,0,0,0,0,0,0,0,0,0,0,0,0,0,0,0,0,0,0,0,0,1,0,0,0,1,0,0,0,3,0,2,0,1,0,0,0,0,0,1,0,0,0,0,0,0,0,0,2,0,0,1,0,0,1,0,3,0,0,0,0,1,0,2,1,0,1,0,6,0,1,0,0,0,0,0,1,0,5,0,0,0,2,0,0,57,0,1,1,2,0,0,4,1,16,0,0,0,2,0,4,64,0,1,0,0,1,0,0,8,0,0,0,0,1,0,1,1,2,0,1,0,0,0,0,0,0,0,0,0,0,0,0,1,0,0,2,0,0,0,0,0,1,0,2,2,0,0,0,0,0,0,0,0,0,0,0,0,0,0,0,0,1,1,0,0,0,0,0,1,1,0,0,0,0,0,0,0,0,0,0,2,48,2,5,0,0,0,0,0,0,0,0,2,3,3,1,7,0,1,0,0,0,1,1,0,0,0,0,0,0,0,0,0,45,0,0,8,0,0,0,3,0,0,2,3,0,0,0,0,0,0,5,0,0,0,0,5,2,0,0,0,0,1,0,0,0,0,0,0,0,0,0,0,0,6,0,0,0,0,7,0,0,0,4,1,0,0,1,0,0,1,0,0,0,0,0,0,0,0,2,0,0,0,0,4,5,0,0,1,0,0,10,0,0,0,0,0,0,0,0,0,0,0,0,0,2,0
4,2127,ESCOLA MUNICIPAL NOVA ESPERANCA,"RUA HENRIQUE MATTIOLI, 410",FAZENDINHA,-25.4836905,-49.3312954,42,0,2100,1733,128,107,0,3,0,4,29,1,1,0,0,2,0,21,1,0,0,0,2,0,0,1,3,3,17,2,0,0,5,0,0,1,0,3,0,0,0,0,0,0,3,0,3,0,0,0,0,36,0,1,1,0,0,1,1,1,0,0,0,10,0,0,3,0,0,2,2,3,0,0,0,1,0,1,51,0,0,0,0,5,0,1,0,0,0,3,0,0,6,0,0,1,0,0,2,0,3,8,0,0,0,2,0,1,0,2,0,0,0,22,19,2,0,0,0,0,0,0,0,1,0,0,0,8,0,0,0,0,1,0,0,0,0,1,34,0,0,0,0,0,0,0,0,0,6,0,1,0,0,0,0,2,0,0,0,0,1,3,4,0,4,0,0,0,6,0,0,0,0,0,0,1,0,1,28,2,47,3,0,0,0,22,0,2,1,1,0,0,0,3,7,1,1,0,1,0,0,0,1,36,0,0,1,0,0,1,0,0,0,0,0,0,2,0,0,0,0,0,0,0,0,0,0,0,0,0,0,0,0,0,1,0,0,0,0,0,0,0,0,0,0,0,0,1,0,0,0,0,0,0,0,0,0,0,0,0,0,0,0,0,0,0,7,0,0,2,0,0,0,0,0,2,0,0,1,0,0,0,4,0,0,0,1,0,0,0,1,0,0,0,0,0,2,0,0,0,0,0,0,0,0,0,0,0,0,0,1,0,1,0,0,0,0,0,0,1,0,1,0,0,1,0,0,0,0,0,0,0,0,0,0,0,0,0,0,1,0,8,0,0,0,0,31,0,0,0,0,2,0,0,8,9,0,0,17,1,0,0,0,1,0,0,0,0,0,0,0,0,0,1,0,0,0,0,0,0,0,0,0,0,0,0,0,0,2,0,0,0,0,0,0,0,0,1,5,0,0,48,0,0,2,1,7,3,0,4,3,0,0,64,0,0,0,6,2,3,0,2,0,1,0,22,1,1,0,0,0,1,0,0,0,0,1,0,0,0,2,1,0,0,0,0,0,0,2,0,4,0,0,0,2,0,0,0,8,0,0,0,3,0,0,0,0,0,0,0,0,0,0,0,0,0,0,0,0,3,0,0,0,0,0,1,0,0,0,0,0,0,0,0,0,0,0,0,0,0,0,0,0,0,1,0,0,0,0,0,0,0,0,0,0,0,0,0,0,0,0,1,1,0,0,0,4,1,14,0,1,0,11,1,0,0,0,0,0,0,1,0,0,0,0,1,0,0,0,1,0,0,0,0,0,0,0,0,0,0,0,0,0,21,0,0,0,1,0,0,5,0,1,0,0,0,0,0,0,0,0,0,0,0,0,0,0,0,0,0,0,0,0,0,0,0,1,0,0,0,0,0,0,0,0,0,2,0,0,0,0,0,0,0,0,0,0,0,0,0,0,0,0,0,0,2,0,0,1,0,0,0,0,12,1,0,0,0,4,0,1,0,0,0,1,0,0,0,1,0,0,0,0,1,0,1,0,0,0,0,0,0,9,1,0,0,0,8,0,0,0,0,0,0,1,2,0,2,0,0,0,3,0,0,74,0,1,0,4,1,0,7,0,18,0,0,3,1,0,5,108,1,3,0,0,0,0,0,9,0,0,0,0,1,0,2,2,0,0,1,0,0,1,0,0,0,1,0,0,3,0,0,0,0,0,0,0,0,0,0,0,0,0,1,0,0,0,0,0,0,1,0,0,0,0,0,0,0,0,0,0,0,0,0,0,0,0,0,1,0,0,0,0,0,0,0,0,0,0,0,5,66,4,2,0,0,0,0,1,0,0,0,2,4,6,1,15,2,0,0,1,1,0,2,0,1,0,0,0,0,2,0,1,75,1,3,5,1,0,0,3,0,0,0,5,0,0,0,0,0,0,2,0,0,0,0,6,2,0,2,0,0,0,0,0,0,0,0,0,5,0,0,0,0,6,0,0,0,0,7,0,0,0,7,0,0,0,2,0,0,1,0,0,0,0,0,0,0,0,0,0,0,0,0,3,7,0,0,1,0,0,22,0,0,0,0,0,1,0,0,1,1,0,0,0,2,0
4,2135,CMEI SANTA AMÉLIA,"RUA FERNANDO DE SOUZA COSTA, 375",FAZENDINHA,-25.4857635,-49.3253689,42,0,1227,944,107,51,0,3,3,4,13,0,0,0,1,1,0,12,0,0,0,0,1,0,0,0,3,2,6,2,1,0,3,0,0,0,0,8,1,0,0,1,0,2,4,1,2,0,0,0,0,14,0,0,0,0,0,0,1,0,0,0,0,9,0,0,0,0,1,2,0,0,1,1,0,0,2,0,14,0,0,0,0,5,0,0,0,0,0,0,0,0,1,0,0,0,0,0,0,0,2,0,0,0,0,1,0,4,0,0,0,0,0,4,9,0,1,0,0,0,1,0,0,0,0,0,0,6,0,0,0,0,0,0,0,0,0,1,15,1,0,0,0,0,0,0,0,0,3,0,0,0,0,0,0,0,0,0,0,2,0,4,3,0,5,0,0,0,1,0,0,0,1,1,1,0,0,1,24,1,13,1,1,2,0,19,1,2,0,1,1,0,0,0,4,0,0,0,1,0,0,0,0,15,0,0,0,0,0,0,0,0,0,0,0,0,0,0,0,0,0,0,0,0,0,0,0,0,0,0,0,0,0,0,0,0,0,0,0,0,0,0,0,0,0,0,0,0,0,0,1,1,0,0,0,0,0,0,0,0,0,0,0,0,0,0,14,0,0,0,0,0,0,0,0,1,0,0,0,0,1,1,2,0,0,0,0,0,0,0,1,0,0,0,0,0,0,0,0,0,0,0,0,0,0,0,0,0,0,0,0,0,0,0,0,0,0,0,0,0,1,1,0,0,0,0,0,2,0,1,0,0,1,1,0,0,0,0,0,0,0,5,2,0,0,0,16,0,0,0,0,5,0,0,6,1,0,0,6,0,0,0,0,0,0,0,0,0,0,0,0,0,0,0,0,0,0,0,0,0,0,0,0,0,0,0,0,0,0,0,0,0,0,0,0,0,2,0,3,0,0,16,0,0,0,0,5,0,0,0,1,0,0,27,0,0,0,1,0,0,0,0,0,1,0,10,0,0,1,0,1,0,0,0,0,0,0,0,0,0,3,0,0,0,1,0,0,0,1,0,1,0,0,0,0,0,0,0,6,0,0,0,0,0,0,0,0,0,0,0,0,0,0,0,0,0,0,0,0,1,0,0,0,0,0,0,0,0,0,0,0,0,0,0,0,0,1,0,0,0,0,0,0,0,0,0,1,0,0,0,0,0,0,0,0,0,0,0,0,0,0,0,0,0,0,0,0,0,12,0,0,0,4,0,0,0,0,0,0,0,0,1,0,0,0,0,0,0,0,0,1,0,0,0,0,0,0,0,0,0,0,0,0,11,0,0,0,4,0,0,2,0,2,0,0,0,0,0,0,0,0,0,0,0,0,0,0,0,0,0,0,0,0,0,0,0,0,0,0,0,0,0,1,0,0,0,0,0,0,1,0,0,0,0,0,0,0,0,0,0,0,0,0,0,2,3,0,0,0,0,1,0,0,1,0,0,0,0,1,0,0,0,0,0,0,0,0,0,2,0,0,0,0,0,0,2,0,0,0,1,0,1,2,0,0,0,0,6,0,0,0,0,0,0,0,4,0,0,0,0,2,1,3,0,39,0,0,0,3,1,0,4,1,22,0,0,1,0,0,5,41,0,1,1,0,0,0,0,5,0,0,0,0,0,0,0,5,0,0,0,0,0,0,0,0,0,0,0,0,0,0,0,0,0,0,0,0,0,0,0,0,0,0,2,1,0,0,1,0,0,1,0,0,0,0,0,0,0,0,0,0,0,0,0,0,0,1,0,0,0,0,0,0,0,0,0,0,0,0,0,1,31,1,2,0,0,0,0,1,0,1,0,0,0,0,0,12,0,0,0,0,0,0,0,0,0,0,0,0,0,0,1,1,33,1,2,7,0,3,0,2,0,0,1,1,1,0,2,0,0,0,1,0,0,1,0,1,1,0,0,0,0,0,0,0,0,0,0,0,3,0,0,0,0,1,0,0,0,0,8,0,0,0,4,0,0,0,0,0,1,0,0,0,0,1,0,0,0,0,1,0,1,0,0,1,2,0,0,5,0,0,12,0,0,0,0,0,0,0,0,1,0,0,0,0,0,0
4,2143,PARÓQUIA SANTA AMÉLIA - PAVILHÃO PAROQUIAL,"AVENIDA ALCIR MARTINS BASTOS, 510",FAZENDINHA,-25.4866489,-49.3257172,42,0,1705,1377,106,75,0,1,1,6,20,0,0,0,0,5,0,17,1,0,0,0,4,2,0,1,1,1,4,4,2,0,5,1,0,0,0,6,1,0,0,1,0,0,1,1,3,1,0,0,3,19,1,0,1,1,0,0,4,1,0,0,2,11,0,0,1,1,0,4,0,0,0,2,0,0,0,0,44,0,0,0,0,2,0,0,0,0,0,1,1,0,2,0,0,0,0,0,0,0,2,2,0,0,0,2,0,2,0,0,0,1,0,12,8,0,0,0,0,0,0,0,0,0,0,2,1,6,2,0,1,0,1,0,2,0,0,0,34,0,1,0,0,0,0,0,0,0,5,2,2,0,0,0,0,0,0,0,0,0,0,4,5,0,4,0,0,0,2,0,0,0,0,1,1,0,0,1,29,2,22,3,1,2,0,33,2,3,0,0,2,0,0,1,6,1,0,1,0,1,0,0,0,25,1,0,0,0,0,0,0,0,0,0,0,0,0,0,1,0,0,0,0,0,1,0,0,0,0,0,0,0,0,0,2,0,0,0,0,1,2,0,0,0,0,0,0,0,0,0,0,1,0,1,0,0,0,1,0,0,0,0,0,0,1,1,13,0,0,0,0,0,0,0,0,1,0,2,0,0,1,0,4,0,1,0,0,0,0,0,0,0,0,0,0,0,2,1,0,0,0,0,0,0,0,1,0,0,0,0,0,1,2,0,0,1,0,0,0,0,0,0,0,0,0,0,0,0,1,0,0,1,1,0,0,0,0,0,1,0,0,16,0,0,0,0,23,0,0,0,0,6,0,0,4,11,0,0,11,0,0,0,0,0,0,0,0,0,1,0,0,0,0,0,0,0,0,0,0,0,0,0,0,0,0,0,0,0,0,0,0,0,0,0,0,0,2,0,1,0,0,26,0,1,0,3,10,2,0,1,1,0,0,31,0,0,0,2,0,0,0,0,0,0,0,14,0,2,3,0,0,0,0,0,0,0,0,0,0,1,1,0,0,0,1,0,0,0,1,0,0,1,0,0,1,1,0,0,11,0,0,0,5,0,0,0,2,0,1,0,0,0,0,0,0,0,0,0,0,0,0,0,0,0,0,0,0,0,0,0,0,0,0,0,0,0,0,0,0,0,0,0,0,0,0,0,0,0,0,0,0,0,0,0,0,0,0,0,0,0,0,1,1,1,0,1,2,0,14,0,1,0,3,0,0,0,0,0,0,0,0,1,0,0,0,0,1,0,1,0,1,0,0,0,0,0,0,0,0,0,0,0,2,5,0,0,0,4,0,1,5,0,2,0,0,0,0,0,0,0,0,1,0,0,0,0,0,0,0,0,0,0,0,0,0,0,0,0,0,0,0,0,0,2,0,0,0,0,0,0,0,0,0,0,0,0,0,0,0,0,0,0,0,0,1,2,0,0,1,0,0,0,0,2,0,1,2,0,8,0,0,0,0,0,0,0,0,1,0,0,0,0,0,1,0,6,1,0,0,1,1,0,7,1,0,2,0,6,0,1,0,0,0,0,0,1,3,1,0,0,0,8,0,1,63,0,0,0,2,1,0,5,0,22,0,0,0,0,0,7,82,1,0,0,0,0,0,0,4,0,0,0,0,0,0,3,3,0,0,0,0,0,0,0,0,0,0,0,0,0,0,0,0,0,0,0,0,0,0,0,0,0,0,2,1,0,0,0,0,0,0,0,0,0,0,0,0,0,0,0,0,1,0,0,0,0,0,0,0,0,0,0,0,0,0,0,0,0,0,0,4,36,1,1,1,0,0,0,2,0,0,0,0,0,5,2,17,0,1,0,0,0,0,0,0,0,0,0,0,0,0,0,1,64,7,3,6,0,2,1,2,0,0,0,0,0,0,0,0,0,1,0,0,0,0,0,3,2,0,2,0,0,1,0,0,0,0,0,1,2,0,0,0,0,1,0,0,0,0,5,0,0,0,2,0,0,0,0,0,0,0,0,3,0,0,0,0,0,0,0,1,1,0,0,1,9,0,0,0,0,0,21,0,0,0,0,0,0,0,0,1,0,0,0,0,2,0
4,2151,CEI - PROFESSOR ADRIANO GUSTAVO CARLOS ROBINE,"RUA VEREADOR ELIAS KARAM, 480",FAZENDINHA,-25.4803666,-49.3313832,42,0,2146,1733,149,77,0,3,2,5,30,1,1,1,1,6,0,22,0,0,1,0,9,1,1,0,4,1,9,1,1,0,9,0,0,1,0,11,1,0,0,2,0,0,1,0,5,2,0,0,0,40,1,1,0,0,0,0,0,0,0,0,0,10,0,0,2,0,1,1,0,1,0,1,0,0,1,1,55,0,0,0,0,11,0,0,0,0,0,1,0,0,1,0,0,0,0,0,0,0,3,2,0,0,0,5,0,6,0,0,0,0,0,13,16,0,0,0,0,0,0,0,0,0,0,0,0,7,0,0,0,0,0,0,0,1,0,1,29,0,0,0,0,0,0,0,1,1,9,0,2,0,1,0,1,0,0,2,0,1,0,3,3,0,8,0,0,0,3,0,0,0,3,1,0,2,0,0,45,5,36,4,4,0,0,40,6,1,0,0,1,0,0,1,18,0,0,0,0,0,1,0,1,29,0,0,0,0,1,0,0,0,0,2,0,0,1,0,0,0,0,0,0,1,0,0,0,3,0,0,4,0,0,0,0,0,0,0,0,0,0,0,0,0,0,0,0,0,0,0,0,1,0,0,0,0,1,0,0,0,0,0,1,0,0,1,19,0,0,0,1,0,0,0,0,0,0,1,0,0,1,0,1,0,0,0,0,0,0,0,2,0,0,0,0,0,1,2,0,0,0,0,0,0,0,0,0,0,0,0,0,0,2,0,0,0,0,0,0,0,0,3,0,0,0,0,0,0,1,4,0,0,4,1,0,0,0,0,0,0,0,10,2,0,1,0,30,0,0,0,0,2,0,0,5,4,0,0,17,0,0,1,0,0,0,1,0,0,0,0,0,0,0,0,0,0,0,0,0,0,0,0,0,0,0,0,0,0,0,0,0,0,0,0,0,0,1,0,1,0,0,20,0,0,0,1,3,5,0,1,2,0,0,49,1,1,0,1,0,0,0,0,0,0,0,29,0,3,0,0,0,0,0,0,0,0,0,0,0,0,2,0,0,0,1,0,0,0,1,0,0,3,0,0,0,0,0,0,14,1,0,0,1,0,0,1,1,0,0,0,0,0,0,0,0,1,0,0,0,0,0,0,0,0,1,0,0,0,0,0,0,0,0,0,0,0,2,0,0,0,0,0,0,0,0,0,0,0,0,0,0,0,0,0,0,0,0,0,0,0,0,1,0,1,2,0,0,0,20,0,0,0,6,1,0,0,0,0,0,0,0,0,0,0,0,0,0,0,0,0,1,0,0,0,0,0,0,0,0,0,0,0,0,17,0,0,0,6,0,0,3,0,1,0,0,0,0,0,0,0,0,0,0,0,0,0,0,0,0,0,0,0,0,0,0,0,0,0,0,0,1,0,0,2,0,0,0,0,0,0,0,0,0,0,0,0,0,0,0,0,0,0,0,0,0,1,0,0,2,0,0,0,0,7,0,0,0,0,9,0,0,0,0,0,0,0,0,1,0,0,0,0,0,1,0,0,0,1,0,0,2,0,8,4,0,0,0,8,1,0,0,0,0,0,0,2,0,6,0,0,2,4,1,0,57,0,1,0,4,1,0,3,0,28,0,0,5,1,0,10,104,0,0,0,1,0,0,0,8,0,0,0,0,0,0,1,1,0,0,1,0,0,0,0,1,1,0,0,0,0,0,0,0,0,0,1,0,0,0,0,1,1,0,1,1,0,0,0,0,0,0,0,0,0,0,0,0,0,0,0,0,5,1,0,0,0,0,0,0,3,0,0,0,0,0,0,0,0,0,0,5,71,0,4,1,0,1,0,1,0,0,0,0,2,1,4,10,0,0,6,0,0,0,3,0,0,0,0,1,0,0,0,1,75,1,4,2,0,1,0,6,0,1,2,2,2,0,0,0,0,0,2,0,0,0,0,6,0,0,0,0,0,1,0,0,0,0,0,1,3,0,0,0,0,4,0,0,0,0,14,0,0,0,0,0,0,1,1,0,2,0,0,0,0,0,0,0,0,0,0,2,1,0,0,1,8,0,0,2,0,0,22,1,0,0,0,0,0,0,0,0,6,0,0,0,3,0
4,2160,COLEGIO ESTADUAL AVELINO ANTONIO VIEIRA,RUA JULIO MESQUITA 12,FAZENDINHA,-25.4868003,-49.3271029,42,0,5077,4097,321,237,0,6,10,9,70,3,4,0,0,18,1,44,0,0,0,0,10,3,0,1,11,4,22,1,4,1,26,1,1,2,1,26,2,0,0,0,0,0,6,3,12,0,0,3,0,68,1,4,0,0,0,0,1,3,4,0,0,31,0,2,3,0,3,5,0,0,0,0,1,0,5,0,145,0,0,0,0,10,0,0,1,0,0,5,2,1,7,0,0,0,0,0,1,0,4,3,0,0,0,8,0,12,1,3,0,1,0,34,43,0,0,0,0,0,0,0,0,0,0,1,1,9,3,0,0,0,1,0,0,0,0,0,76,0,0,0,2,0,1,0,1,0,10,0,5,0,0,0,2,1,0,1,0,1,1,14,4,0,22,0,0,0,13,0,0,0,7,1,0,5,3,1,95,1,58,5,2,0,0,59,3,12,0,0,2,0,0,3,23,0,0,0,0,0,0,0,0,40,0,0,0,0,1,1,0,0,1,1,1,0,2,0,0,0,0,0,0,0,0,1,0,6,0,0,4,0,0,1,3,1,0,0,0,2,1,0,0,0,0,0,0,4,0,0,0,0,0,1,0,0,0,0,0,0,0,0,0,0,0,0,26,0,1,0,0,0,0,0,0,4,1,6,1,0,7,0,7,0,0,0,0,0,0,0,5,3,4,0,0,0,7,2,0,0,0,0,0,0,0,2,0,1,0,2,1,1,5,0,0,0,0,1,0,0,0,0,0,0,3,0,1,0,1,0,0,1,2,2,0,0,0,0,3,1,0,37,3,0,0,0,86,0,0,0,0,8,1,0,21,4,0,1,27,0,0,0,1,0,0,0,0,0,0,0,0,0,0,0,0,0,0,0,0,1,1,0,0,0,0,0,0,0,0,0,0,0,0,0,0,0,2,0,9,0,0,51,0,0,14,4,9,7,1,3,4,0,1,101,1,1,0,4,1,2,0,0,0,6,0,52,0,2,1,0,0,1,0,0,0,0,0,0,1,1,1,0,0,0,1,0,0,0,3,0,2,1,0,0,1,0,1,0,33,2,1,1,4,0,1,1,1,2,0,0,0,0,0,2,0,1,0,0,0,1,0,0,0,0,0,0,0,0,0,0,0,0,0,0,0,0,10,1,0,0,0,0,0,1,0,0,0,0,0,0,0,0,0,0,0,0,1,2,0,0,0,2,2,0,0,3,14,0,28,0,2,0,25,2,1,0,0,0,0,0,0,2,0,0,1,0,1,0,1,0,2,0,0,0,0,0,0,0,0,0,0,0,0,40,2,0,0,8,0,0,6,0,3,0,0,0,0,0,0,0,0,0,0,1,0,3,0,2,0,0,0,0,0,0,0,1,3,0,0,0,0,0,1,3,3,0,0,0,0,0,0,0,0,0,0,1,0,0,0,0,1,0,0,0,4,7,0,0,0,0,2,1,0,4,0,1,0,0,5,0,2,1,0,0,2,0,0,2,4,1,0,0,0,8,1,3,0,0,0,1,1,0,13,8,2,1,0,12,0,0,0,0,0,2,1,2,1,5,0,0,9,10,2,1,171,0,3,1,9,7,0,21,3,48,0,0,6,2,0,28,244,3,1,0,0,0,0,0,15,0,0,0,0,4,0,1,7,2,1,2,0,0,0,0,0,1,2,0,1,0,0,0,1,0,2,0,1,1,0,0,4,0,0,6,1,0,0,0,0,0,3,0,1,0,0,0,0,0,0,1,0,2,2,0,0,0,1,0,1,4,0,0,0,0,0,0,0,0,1,0,16,202,6,10,4,0,0,0,3,0,1,0,10,3,11,0,41,3,0,3,1,0,0,3,0,0,1,0,0,0,0,0,3,195,2,4,17,0,2,2,16,1,0,2,4,2,0,0,0,1,1,3,0,0,0,0,16,3,0,0,0,0,2,0,0,0,0,0,0,10,0,0,0,0,7,0,0,0,1,29,0,0,0,19,0,0,1,0,0,1,1,0,0,6,0,0,0,0,0,1,3,1,0,0,6,12,0,0,0,0,0,56,0,0,0,0,0,0,0,0,1,6,0,0,0,3,0
4,2178,CENTRO MUNICIPAL DE EDUCAÇÃO INFANTIL FAZENDINHA,"RUA ELOI MICHELETI, 09",FAZENDINHA,-25.4795952,-49.327815,42,0,371,261,29,15,0,0,1,0,3,0,1,0,0,0,0,6,0,0,0,0,0,0,0,0,1,0,2,0,0,0,0,0,0,0,0,1,0,0,0,0,0,1,0,0,0,0,0,0,0,3,0,0,0,0,0,0,0,0,0,0,0,0,0,0,0,0,1,1,0,0,0,0,0,2,1,0,7,1,0,0,0,0,1,1,0,0,0,0,0,0,0,0,0,0,0,0,0,0,0,0,0,0,0,2,0,1,0,0,0,0,0,1,2,0,0,0,0,0,0,0,0,0,0,0,0,2,0,0,0,0,1,0,0,1,0,0,5,0,0,0,0,0,0,0,0,0,1,0,0,0,0,0,0,0,0,0,0,0,0,1,0,0,4,0,0,0,2,0,0,0,1,0,0,0,0,0,13,0,3,0,0,0,0,12,2,0,0,0,1,0,1,0,5,0,0,0,0,1,0,0,0,4,0,0,0,0,0,0,0,0,0,0,0,0,0,0,0,0,0,0,0,0,0,0,0,0,0,0,0,0,0,0,0,0,1,0,0,0,0,0,0,0,0,0,0,0,0,0,0,1,0,0,0,0,0,0,0,0,0,0,0,1,0,0,7,0,0,0,0,0,0,0,0,0,0,0,0,0,0,0,0,0,0,0,1,0,0,0,1,0,0,0,0,0,0,0,0,0,0,0,0,0,0,0,0,0,0,0,0,0,0,0,0,0,0,0,0,0,0,0,0,0,0,0,0,0,0,0,0,0,1,0,0,0,0,0,1,0,0,2,0,0,0,0,4,0,0,0,0,1,0,0,0,0,0,1,4,0,0,0,0,0,0,0,0,0,0,0,0,0,0,0,0,0,1,0,0,0,0,0,0,0,0,0,0,0,0,0,0,0,0,0,0,0,1,0,0,0,0,3,0,0,0,0,1,0,0,0,0,0,0,7,0,0,0,0,0,0,0,0,0,0,0,1,0,0,0,0,0,0,0,0,0,0,0,0,0,0,0,0,0,0,0,0,0,0,0,0,0,0,0,0,0,0,0,0,0,0,0,0,0,0,0,0,0,0,0,0,0,0,0,0,0,0,0,1,0,0,0,0,0,0,0,0,0,0,0,0,0,0,0,0,0,0,0,0,0,0,0,0,0,0,0,0,0,0,0,0,0,0,0,0,0,0,0,0,0,0,0,0,1,0,0,0,0,0,3,0,0,0,3,0,0,0,0,0,0,0,0,0,0,0,0,0,0,0,0,0,1,0,0,0,0,0,0,0,0,0,0,0,0,4,0,0,0,0,0,0,0,0,1,0,0,0,0,0,0,0,0,0,0,0,0,0,0,0,0,0,0,0,0,0,0,0,0,0,0,0,0,0,0,0,0,0,0,0,0,0,0,0,0,0,0,0,0,0,0,0,0,0,0,0,0,1,0,0,0,0,0,0,0,1,0,0,0,0,2,0,0,0,0,0,0,0,0,0,0,0,0,0,0,0,0,0,0,0,0,0,0,0,1,4,0,0,0,1,0,0,0,0,0,0,0,0,0,0,0,0,0,0,0,0,3,0,0,0,0,0,0,1,0,1,0,1,0,0,0,0,12,0,0,0,0,0,0,0,1,0,0,0,0,0,0,0,0,0,0,0,0,0,0,0,0,0,1,0,0,0,0,0,0,0,0,2,0,0,1,0,0,0,0,3,0,0,0,0,0,0,0,0,0,0,0,0,0,0,0,0,0,0,0,0,0,0,0,0,0,0,0,0,0,0,0,0,0,0,0,0,0,4,1,1,0,0,0,0,0,0,0,0,1,0,0,0,1,0,0,0,0,0,0,0,0,0,0,0,0,0,0,0,0,1,0,0,0,0,0,0,3,0,2,0,0,0,0,0,0,0,0,0,0,0,0,0,0,0,0,0,0,0,1,0,0,0,0,0,0,0,0,0,0,0,0,0,0,0,0,1,0,0,0,0,0,0,0,0,0,1,0,0,0,0,0,0,0,0,0,0,0,0,0,0,1,2,0,0,0,0,0,5,0,0,0,0,0,0,0,0,0,0,0,0,0,0,2
4,2186,ESCOLA MUNICIPAL PADRE JOSE DE ANCHIETA,R DANIEL MIKOVSKI  191,FAZENDINHA,-25.4805751,-49.321605,42,0,2519,2114,167,125,0,1,7,8,27,0,2,0,0,6,0,18,0,0,1,0,10,0,2,0,4,1,8,0,1,0,10,0,0,0,0,11,1,0,2,0,0,0,1,4,6,2,0,1,1,39,1,0,0,1,0,0,0,3,0,0,0,10,0,1,2,0,2,1,0,0,1,3,0,2,3,1,63,0,0,0,0,4,0,2,0,0,0,0,0,1,3,0,0,0,0,0,2,0,4,8,0,2,0,8,0,4,0,2,0,0,0,16,18,0,0,0,0,0,2,0,0,0,0,1,6,5,1,0,0,0,1,0,0,1,0,0,52,0,0,0,0,1,0,1,0,0,6,3,4,0,0,0,0,0,0,0,1,1,0,9,2,0,5,0,2,0,3,0,0,0,1,0,0,0,0,0,60,4,27,2,0,3,0,34,0,1,1,0,3,0,0,2,9,2,0,0,1,1,1,0,0,43,0,0,0,0,0,0,0,0,0,0,1,0,0,0,0,0,0,0,0,0,0,0,0,3,0,0,1,0,0,0,1,0,0,0,1,0,5,0,0,0,0,0,0,0,0,2,0,1,0,0,0,0,0,0,0,0,0,0,0,0,0,1,25,0,0,0,2,0,0,0,0,0,0,2,0,0,2,1,14,0,0,0,0,0,0,0,1,0,0,0,0,0,4,1,0,0,0,0,0,0,0,2,0,0,0,0,1,0,1,0,0,0,0,0,0,1,0,0,0,0,0,0,0,0,1,2,0,1,1,2,0,0,0,0,0,0,0,11,1,0,0,0,36,0,0,0,0,6,0,1,4,3,0,0,22,1,0,0,0,1,0,0,0,0,1,0,0,0,0,0,0,0,0,0,0,0,0,0,0,0,1,0,0,0,0,0,0,0,0,1,0,0,4,0,12,0,0,23,3,1,3,3,9,3,0,0,2,0,0,69,1,0,1,0,0,0,0,0,0,0,0,27,0,3,3,0,0,1,3,0,0,1,0,0,1,0,2,0,0,0,4,0,0,0,3,0,1,0,0,0,0,0,0,0,20,0,1,0,3,0,1,0,2,0,0,0,0,0,0,0,0,0,0,0,0,0,0,0,1,0,0,0,0,0,0,0,0,0,0,0,0,1,0,0,0,0,0,0,0,0,0,0,0,0,0,0,0,0,0,0,0,0,0,0,0,0,0,1,1,0,1,3,4,0,11,0,1,0,4,1,0,0,0,0,0,0,0,1,0,0,0,0,1,0,1,1,0,1,0,0,0,0,1,0,0,0,0,0,0,14,0,2,0,1,0,0,3,0,6,1,0,0,0,0,0,0,0,0,0,0,0,0,0,0,0,1,0,0,0,0,0,0,0,0,0,0,1,0,2,0,0,0,0,0,0,1,0,0,0,0,0,0,0,0,0,0,0,0,0,0,1,2,0,0,2,0,2,1,0,1,0,0,0,0,5,0,3,0,0,0,0,0,0,1,3,0,0,0,0,1,0,0,2,3,3,0,0,0,14,3,0,1,0,11,1,1,0,0,0,0,0,6,0,3,0,0,0,2,1,1,98,0,1,0,5,2,0,4,1,43,0,0,1,5,0,7,144,0,3,0,0,0,0,0,13,1,0,0,0,0,0,0,0,0,0,1,0,0,0,0,0,0,0,0,0,0,0,0,1,0,1,0,0,0,0,0,0,1,0,10,1,1,0,2,0,0,2,0,0,0,0,0,0,0,0,0,0,1,1,0,0,0,1,0,0,1,0,0,0,0,0,0,0,0,0,0,2,67,0,2,0,1,1,0,2,0,0,0,1,1,2,2,15,3,1,0,0,0,1,3,0,0,1,0,0,0,0,0,0,89,0,0,5,0,2,3,3,0,0,2,3,0,0,0,0,0,0,2,0,0,0,2,6,1,0,1,0,0,1,0,0,0,0,0,0,10,0,0,0,0,0,0,0,0,0,7,0,0,0,7,1,0,0,0,0,1,0,0,0,1,0,0,0,0,0,1,2,0,0,0,1,15,0,0,0,0,0,32,1,0,0,0,0,0,0,0,0,2,0,0,0,0,0
145,1503,ESCOLA MUNICIPAL PAULO ROGERIO GUIMARAES ESMANHOTO,RUA PEROLA DO OESTE 285,SITIO CERCADO,-25.5529209,-49.2752112,65,0,1440,1187,92,52,0,1,4,6,18,1,0,0,0,2,0,10,2,0,0,0,0,0,0,0,0,3,8,2,1,0,6,0,0,1,0,5,1,0,0,0,0,0,2,2,3,0,0,2,0,9,0,0,0,0,0,0,0,3,0,0,0,13,1,0,0,0,0,1,0,0,7,0,0,0,1,1,30,0,0,0,0,0,0,0,0,0,0,1,0,0,1,0,0,0,0,0,0,0,0,0,0,0,0,2,0,3,0,0,0,0,0,8,9,0,0,0,0,0,0,0,0,0,0,0,1,1,0,0,0,0,1,0,1,0,0,0,14,0,0,0,0,0,0,0,0,1,264,0,0,0,0,0,0,0,0,0,0,0,0,2,0,0,4,0,0,0,4,0,0,0,0,1,0,0,0,0,8,1,8,0,1,0,0,9,0,0,0,0,0,0,1,0,1,0,0,1,0,2,0,0,0,13,0,0,0,0,0,0,0,0,0,0,0,0,0,1,0,0,0,0,1,0,0,0,0,2,0,0,0,0,0,0,3,0,0,0,0,0,0,0,0,0,0,0,0,0,0,0,0,0,0,1,3,0,1,0,0,0,0,0,0,0,0,0,9,0,0,0,0,0,1,0,0,0,2,0,0,0,0,5,4,0,2,0,0,0,0,0,0,0,0,0,0,0,0,0,0,0,4,0,0,0,0,1,0,0,0,0,0,0,0,0,0,0,0,0,0,0,0,0,0,0,0,0,0,0,0,0,0,0,0,0,0,0,0,0,0,1,0,1,0,0,0,0,17,0,0,0,0,1,0,0,3,0,0,0,7,0,0,0,0,0,0,0,0,0,0,0,0,0,0,0,0,0,0,0,0,0,0,2,0,0,0,0,0,0,0,0,0,0,0,0,0,0,1,1,4,0,0,14,0,0,0,2,5,1,0,4,3,0,0,40,0,0,0,0,0,0,0,0,0,0,0,10,0,0,0,0,0,0,0,0,0,0,0,0,0,0,0,0,0,0,0,0,0,0,0,0,0,0,0,0,0,0,0,0,0,0,0,0,1,0,0,0,0,0,0,0,0,0,0,0,0,0,0,0,0,0,0,0,0,0,0,0,0,0,0,1,0,0,0,0,0,0,1,1,0,0,0,0,0,0,0,0,6,0,0,0,0,0,0,0,0,0,0,0,0,0,0,0,1,0,0,0,0,1,10,0,0,0,1,0,0,0,0,0,0,0,0,0,0,0,0,0,0,0,1,0,0,0,0,0,0,0,0,0,0,0,0,0,0,12,0,2,0,5,0,0,0,0,0,0,0,0,0,0,0,0,0,0,0,0,0,0,0,0,0,0,0,0,0,0,0,1,0,0,0,0,0,0,0,0,0,0,0,0,0,0,6,0,0,0,0,0,0,0,0,0,3,0,0,0,3,0,0,0,0,0,0,0,0,2,0,0,1,0,3,0,0,0,0,0,0,0,0,1,0,0,0,0,0,0,3,6,0,0,0,0,0,0,0,0,0,0,0,3,0,0,0,0,0,0,0,0,0,2,0,0,0,5,2,0,60,0,1,0,1,1,0,2,0,12,0,0,0,0,0,35,39,0,2,0,0,1,1,0,8,0,0,0,0,0,0,0,2,0,0,0,0,0,0,0,0,0,0,0,0,0,0,0,0,0,0,0,0,2,0,0,0,0,0,0,3,0,0,0,0,0,0,0,0,0,0,0,0,0,0,0,0,0,0,0,0,0,0,0,0,0,0,0,0,0,0,0,0,0,0,0,0,2,0,2,0,0,0,0,1,0,0,0,0,1,6,0,10,0,0,1,0,0,0,1,0,0,0,0,0,0,0,0,0,28,0,4,0,0,1,0,1,0,1,0,0,0,0,0,0,0,1,1,0,0,0,0,1,0,0,0,0,0,0,0,0,0,0,0,4,3,0,0,0,0,2,0,0,0,0,16,0,0,0,3,0,0,0,0,0,0,0,0,0,0,1,0,0,0,0,4,1,0,0,0,1,11,0,0,0,0,0,10,0,0,0,0,0,0,0,0,3,0,0,0,0,2,0
145,1511,ESCOLA MUNICIPAL BAIRRO NOVO - CAIC,"RUA WALDOMIRO BILESKI, 71",SITIO CERCADO,-25.542853,-49.2616204,65,0,5900,4707,451,243,0,8,20,31,76,3,10,0,1,23,0,53,3,1,0,0,7,0,0,1,7,2,37,9,1,0,19,3,2,5,0,13,2,0,0,0,0,0,6,12,9,3,0,2,0,67,0,2,1,0,0,0,0,1,0,0,1,71,0,1,0,0,2,4,0,0,7,0,0,2,0,1,135,0,0,0,0,3,1,0,0,0,0,0,2,0,16,0,0,1,0,0,0,0,9,4,0,1,0,8,0,15,1,4,0,1,0,28,33,0,0,0,0,0,0,0,0,0,0,1,1,6,0,0,1,0,11,0,3,0,1,0,37,0,1,1,0,0,0,1,0,1,682,0,5,0,0,0,2,0,1,0,1,0,0,8,2,0,32,1,1,0,13,0,0,1,4,2,1,1,0,0,67,7,49,9,6,2,1,49,3,4,0,1,0,1,1,4,13,0,2,0,2,0,0,0,2,53,0,1,0,0,0,1,0,0,0,1,0,0,0,1,0,0,0,0,0,1,0,0,0,5,0,0,3,0,0,0,3,0,0,0,3,2,0,0,10,0,1,0,0,2,0,0,0,0,0,7,0,0,0,0,0,0,0,2,1,1,1,0,39,0,0,0,1,0,0,0,1,1,2,0,0,0,6,2,9,0,0,0,0,0,0,0,2,0,0,1,0,0,0,9,0,0,0,1,0,3,0,9,0,0,1,0,2,0,2,0,0,0,0,2,0,0,0,1,0,0,0,2,0,0,4,1,0,3,0,0,1,0,0,0,0,0,0,15,3,0,0,0,59,0,0,0,0,12,0,0,4,0,0,0,31,1,0,0,0,0,0,0,0,0,0,0,0,0,0,0,0,0,0,0,0,0,0,0,0,0,1,0,0,1,0,0,0,0,0,0,0,0,7,2,14,0,1,56,0,0,7,5,22,1,2,13,12,1,0,157,0,1,0,2,0,1,0,0,0,2,1,73,0,4,1,0,1,0,0,0,1,1,1,0,0,0,1,0,0,0,0,0,0,1,2,0,0,1,0,2,1,0,0,0,24,0,2,0,5,0,2,8,0,0,0,0,0,0,0,0,0,0,0,0,0,0,0,0,0,0,0,0,0,0,1,0,0,0,0,0,0,0,1,1,0,0,1,0,0,0,0,0,5,0,0,0,0,0,0,0,0,0,0,1,0,0,0,0,6,0,0,0,0,0,23,0,1,0,6,1,0,0,0,0,0,0,0,0,0,0,0,1,0,0,3,0,3,4,0,0,0,2,0,1,0,0,0,0,0,70,0,3,0,14,0,0,2,2,1,0,0,0,0,0,1,0,0,0,0,0,0,0,0,1,1,0,0,0,0,0,0,1,1,0,0,1,0,0,0,0,2,0,0,0,0,0,1,0,0,0,0,2,0,0,0,0,0,0,0,0,8,0,0,0,0,0,1,0,0,2,0,2,0,0,1,0,1,0,0,0,0,0,0,13,3,6,0,0,0,0,1,6,0,1,0,0,0,0,3,2,1,0,0,6,0,0,0,0,2,0,2,4,1,2,0,1,0,2,5,0,162,2,2,0,6,2,0,25,1,49,0,1,0,0,0,222,138,3,1,1,1,0,0,0,27,0,0,1,0,0,1,3,2,1,0,0,0,0,1,0,0,5,1,0,0,0,0,0,2,0,1,1,0,8,0,1,0,0,0,8,1,2,0,1,0,0,0,0,0,0,0,0,0,0,0,0,0,0,1,0,0,0,0,0,0,0,0,0,0,0,0,0,0,1,0,0,12,10,6,3,1,0,0,2,2,0,1,0,14,7,5,4,27,0,0,0,1,0,0,8,0,1,2,0,0,0,0,0,1,109,2,4,2,0,1,1,7,0,0,0,9,1,0,0,0,0,0,0,1,0,0,0,8,3,0,0,0,0,0,1,0,1,0,0,0,11,0,0,0,0,1,0,0,3,0,74,0,0,0,16,1,0,0,1,0,0,0,2,2,2,0,0,0,0,0,5,0,3,0,0,14,31,0,0,2,0,0,47,0,0,0,0,0,0,0,0,3,1,0,0,0,7,0
145,1520,COLEGIO ESTADUAL LA SALLE,RUA DILERMANDO PEREIRA DE ALMEIDA  120,PINHEIRINHO,-25.5322471,-49.2917691,66,0,7186,5727,578,309,0,10,16,17,87,4,6,2,0,20,1,48,3,0,0,0,12,1,3,2,12,17,45,9,5,1,27,0,2,8,0,23,1,2,0,1,1,0,4,0,14,6,0,5,0,85,5,1,0,0,1,0,0,2,0,0,3,36,0,0,2,0,4,5,4,0,36,0,0,0,0,4,144,0,0,0,0,7,1,1,0,2,1,2,1,0,18,0,0,0,0,0,0,1,12,0,0,0,0,12,0,28,0,2,0,2,0,40,69,0,0,0,0,0,1,0,0,0,0,1,8,6,0,0,0,0,2,0,0,1,2,0,100,1,0,0,2,1,0,1,0,4,118,0,4,0,0,0,0,0,0,2,0,0,2,4,12,0,36,0,0,0,37,0,0,0,14,1,0,7,0,0,112,4,118,20,9,1,0,121,9,5,0,1,4,1,2,1,54,0,2,0,0,4,4,0,1,51,0,1,0,0,0,0,0,0,0,0,0,0,0,0,0,0,0,0,0,0,0,0,0,4,0,0,4,0,0,0,2,0,2,0,0,5,2,0,0,0,0,0,0,3,0,0,0,0,4,2,0,0,2,1,0,1,0,1,2,0,1,0,53,0,0,3,3,0,0,0,0,1,4,1,1,0,2,4,11,0,0,0,0,0,0,0,5,0,0,0,0,0,0,7,0,0,0,0,0,0,2,0,0,0,0,0,0,7,1,1,0,0,0,0,0,0,1,0,0,0,0,0,0,1,2,0,0,1,1,0,1,0,0,0,0,2,0,35,5,0,0,0,70,0,0,0,0,7,0,0,29,2,0,0,47,3,0,0,0,0,0,1,0,0,0,0,0,0,0,0,0,0,4,0,0,0,0,0,0,0,0,0,2,0,0,0,0,0,0,0,0,0,3,4,20,0,1,72,0,0,10,2,15,2,0,5,5,0,1,149,0,1,0,3,1,4,0,0,0,4,0,64,0,0,2,0,0,0,0,0,1,4,1,1,2,0,3,0,0,0,2,0,0,0,7,0,3,3,0,2,0,0,0,0,34,0,1,0,7,0,2,0,0,0,0,0,0,0,0,0,0,0,0,0,1,2,0,0,0,0,0,0,0,4,0,0,0,0,0,0,0,0,1,0,0,0,0,0,0,0,0,0,6,0,0,3,0,0,0,0,0,0,1,0,0,0,1,4,2,1,2,3,4,2,36,0,4,0,28,1,0,0,0,0,0,0,0,0,0,0,0,0,0,0,7,0,3,2,0,0,0,0,0,0,0,0,0,0,0,69,0,0,0,12,0,0,6,0,0,0,0,0,0,0,3,0,1,2,0,0,0,0,0,0,1,0,0,1,0,0,0,0,1,0,0,1,0,0,4,1,1,0,0,0,0,0,4,0,1,0,0,0,0,0,0,0,8,0,0,0,22,0,0,0,14,0,5,0,0,14,0,1,0,18,13,0,2,0,0,0,0,0,0,6,3,0,0,0,0,4,2,4,0,0,1,0,0,0,26,7,0,2,0,25,0,0,0,1,0,0,0,1,0,9,0,1,3,13,3,0,280,0,14,0,0,2,0,21,64,79,0,0,5,0,0,278,148,1,4,15,2,1,1,0,42,0,0,0,0,0,0,0,7,0,0,4,0,0,0,1,0,0,2,1,1,0,1,0,2,0,0,3,2,0,2,2,1,0,2,10,8,1,0,0,0,0,0,0,2,1,0,0,0,0,0,2,0,0,1,0,0,2,1,0,0,3,0,0,0,0,0,0,1,0,0,0,8,15,2,16,3,2,1,0,1,0,1,0,1,10,4,2,32,3,0,0,0,0,0,24,0,0,1,0,0,0,0,0,0,285,1,3,9,0,9,5,8,2,2,1,9,3,0,1,0,0,0,1,0,0,0,0,2,2,1,0,0,0,1,1,0,0,0,0,1,7,0,2,0,1,3,0,0,6,0,36,0,0,0,30,1,0,0,1,0,2,0,0,2,7,0,2,0,0,0,4,3,0,0,1,5,60,0,0,3,0,0,73,0,0,1,1,0,0,0,0,4,5,0,0,0,18,0
145,1538,CEI FRANCISCO FRISCHMANN,RUA CID MARCONDES DE ALBUQUERQUE 2640,PINHEIRINHO,-25.5268642,-49.2692436,66,0,6328,4985,492,202,0,6,10,16,91,3,7,2,1,25,1,62,1,1,0,0,9,1,1,0,7,14,51,14,2,1,23,1,1,7,2,23,3,4,0,1,5,0,14,1,15,5,0,2,1,87,3,0,1,0,1,0,2,2,0,0,1,36,1,1,4,2,0,3,1,0,4,0,0,0,3,3,132,0,2,0,0,3,0,0,0,0,0,3,1,0,7,0,0,0,0,0,0,0,6,0,0,0,0,12,0,12,2,1,0,3,0,45,49,4,0,0,0,0,1,0,2,0,0,1,9,20,2,0,0,0,14,0,2,0,1,0,54,2,0,0,0,0,0,0,1,0,112,1,4,0,1,1,1,0,0,0,1,0,0,4,7,0,51,0,0,0,19,0,0,0,3,2,0,5,0,0,89,8,87,12,1,5,0,88,4,9,0,0,3,1,0,5,15,0,1,3,0,1,0,0,2,113,0,0,1,1,3,1,0,0,1,1,0,0,0,0,0,0,0,0,0,0,0,0,0,4,0,0,3,0,0,0,2,0,0,0,0,0,3,0,0,2,1,0,0,1,1,1,0,0,4,3,0,0,0,0,0,0,0,0,0,0,1,0,79,0,0,1,0,0,0,0,0,1,1,0,0,4,1,0,21,0,0,0,2,0,0,0,4,0,0,0,0,0,0,2,0,0,0,0,0,0,0,5,1,0,0,0,0,8,4,0,0,0,0,0,0,0,0,0,0,0,0,0,0,0,2,0,0,0,1,0,0,0,0,0,0,2,0,27,6,0,0,0,72,0,0,0,0,12,0,0,9,1,0,1,39,1,3,2,0,0,0,0,0,0,1,0,0,0,0,0,0,0,0,0,0,0,0,0,0,0,0,0,0,12,0,0,0,0,0,0,0,0,4,3,8,0,2,76,0,0,4,2,11,3,0,3,10,1,0,88,1,1,0,4,0,3,1,1,0,6,0,63,0,1,0,3,0,1,1,0,1,87,0,2,1,1,4,0,0,0,0,0,0,0,9,0,0,1,0,0,0,0,1,0,22,0,0,0,3,0,1,0,0,0,3,0,0,0,0,0,0,0,0,0,0,0,0,0,2,0,0,0,0,2,0,0,0,0,0,0,0,0,2,0,0,0,1,0,0,0,2,0,3,0,0,0,0,0,0,0,0,0,1,0,0,0,1,5,4,1,0,0,1,0,28,0,0,4,13,0,1,0,0,0,0,0,0,0,0,0,0,0,0,0,19,0,2,2,0,0,2,5,0,1,0,0,1,0,0,45,0,1,0,26,0,1,6,0,0,0,0,0,0,0,3,0,1,1,0,0,0,1,0,0,2,0,0,0,0,0,0,0,1,1,0,0,0,0,0,0,0,0,0,0,0,0,2,0,0,0,0,0,0,0,0,0,0,0,0,0,10,0,0,0,0,0,1,0,0,8,2,2,0,1,8,0,20,0,0,0,0,3,0,3,2,1,1,0,0,0,2,3,0,0,0,0,2,0,10,8,1,0,1,4,0,0,0,0,0,1,0,6,1,4,1,1,1,6,12,0,221,0,2,0,1,4,1,13,4,77,0,2,6,1,0,445,125,11,0,8,8,0,2,0,20,0,0,0,0,0,0,1,3,0,0,0,0,0,0,0,0,0,0,1,0,1,0,0,1,0,0,0,3,2,0,0,0,0,0,1,2,0,0,0,0,0,2,0,0,0,0,0,0,0,0,0,0,1,1,0,0,2,0,0,0,2,0,0,0,0,0,0,0,1,0,0,19,7,6,8,2,4,0,0,5,1,4,0,4,20,4,0,44,8,0,0,0,0,0,16,0,0,2,1,1,0,0,0,0,149,5,3,5,3,5,4,2,0,0,1,3,1,0,0,0,2,0,0,0,0,0,0,3,0,0,0,0,0,2,3,0,0,0,0,0,9,0,0,0,0,1,0,0,3,0,41,0,0,0,17,2,0,2,0,0,0,0,0,0,0,0,0,0,0,0,0,3,1,3,0,3,51,0,0,5,0,0,55,0,0,0,1,0,0,0,0,8,3,0,0,0,6,0
145,1546,ESCOLA MUNICIPAL MARINGA,RUA BRASILIO PERY MOREIRA    17,PINHEIRINHO,-25.5347082,-49.2965879,66,0,2598,2191,191,111,0,2,9,9,38,2,3,0,0,11,3,21,1,0,0,0,10,2,1,1,9,7,19,6,0,2,9,0,0,5,0,10,1,2,0,0,0,0,0,1,3,1,0,2,0,24,0,0,0,0,0,0,0,0,0,0,0,7,0,1,2,0,0,0,0,0,22,0,0,0,0,0,75,0,0,0,0,2,0,0,0,0,3,0,0,0,2,0,0,0,0,0,1,0,6,0,0,0,0,2,0,18,1,0,0,0,0,30,36,3,0,0,0,0,1,0,1,0,0,1,3,4,0,0,0,0,6,0,0,0,0,0,29,0,1,0,0,0,0,0,1,1,77,0,2,0,0,0,0,0,0,1,0,0,1,0,0,0,16,0,0,0,9,0,0,0,1,0,0,4,0,0,34,1,38,3,0,0,0,21,0,2,0,1,0,2,2,2,21,0,0,0,1,1,0,0,0,29,0,0,2,0,0,0,0,0,0,2,0,0,0,0,0,0,0,0,0,0,0,0,0,1,0,0,0,0,0,0,0,0,0,1,0,0,0,0,2,0,0,0,0,1,0,0,0,0,0,0,0,0,0,0,0,0,0,0,1,0,0,0,21,0,1,1,5,0,0,0,0,2,0,1,0,0,0,0,4,0,0,0,1,0,0,0,0,2,0,0,0,0,0,1,0,0,0,0,0,0,0,3,0,0,0,0,0,18,1,0,0,0,0,0,0,0,0,0,0,0,0,0,0,1,0,0,0,1,1,0,0,0,0,0,0,0,0,13,0,0,0,0,23,0,0,0,0,4,0,0,5,1,0,0,16,0,0,0,0,0,0,0,0,0,0,0,0,0,0,0,0,0,0,0,0,0,0,0,0,0,0,0,0,0,0,0,0,0,0,0,0,0,0,1,4,0,0,27,0,0,1,2,6,0,0,3,2,0,1,50,0,0,0,3,0,0,0,0,0,1,0,13,0,1,0,0,0,0,0,0,0,0,0,0,0,0,2,0,0,0,0,0,0,0,1,0,1,0,0,0,0,0,0,0,17,0,1,0,2,0,0,0,0,0,0,0,0,0,0,0,0,0,0,0,0,0,0,0,1,0,0,0,0,0,0,0,0,0,0,0,0,0,1,0,0,0,0,0,0,0,0,0,2,0,0,2,0,0,0,0,0,0,0,1,0,1,0,3,1,1,0,0,2,0,18,0,1,0,5,0,0,0,0,0,0,0,0,0,0,0,0,0,0,0,5,0,0,0,1,0,0,3,0,0,0,0,0,0,0,16,0,1,0,7,0,0,4,0,1,0,0,0,0,0,1,0,0,2,0,0,0,2,0,0,0,0,0,0,0,0,0,0,2,0,0,0,0,0,0,0,0,0,0,0,0,0,1,0,0,0,0,2,0,0,0,1,0,0,0,0,8,0,0,0,16,0,1,0,0,3,0,0,0,13,2,0,2,0,0,0,0,0,0,1,0,1,1,0,0,1,0,1,0,0,0,0,0,0,6,0,0,0,0,11,0,0,0,1,0,0,0,4,0,1,0,0,0,3,2,1,117,0,2,0,0,0,0,11,16,43,0,1,3,0,0,108,90,1,2,1,0,0,0,0,14,0,1,0,0,0,0,0,2,0,0,1,0,0,0,0,0,0,0,0,0,0,0,0,3,0,0,0,0,0,0,0,0,1,0,2,3,0,0,3,0,0,0,0,0,0,0,0,0,0,0,0,0,0,0,0,0,2,0,0,0,0,0,0,0,0,0,0,0,0,0,0,8,8,3,6,0,1,0,1,0,0,0,0,1,4,3,0,17,0,0,1,0,0,0,1,0,0,0,0,0,0,0,0,0,123,0,0,1,0,2,0,2,0,0,0,2,1,0,0,0,0,0,0,0,0,0,0,3,0,0,0,0,0,0,0,0,0,0,0,0,3,0,0,0,0,0,0,0,1,0,22,0,0,0,16,0,0,0,0,0,0,0,0,0,3,0,0,0,0,0,1,1,0,0,0,0,19,0,0,0,0,0,16,0,0,0,3,0,0,0,0,2,2,0,0,0,1,0
145,1554,ESCOLA MUNICIPAL PROFESSORA JURANDYR BAGGIO MOCKELL,RUA BRIGADEIRO EDUARDO GOMES 270,PINHEIRINHO,-25.5195685,-49.286039,66,0,1941,1594,161,48,0,1,2,3,37,0,3,1,1,8,0,14,0,0,1,0,2,0,0,0,3,3,10,6,0,0,8,1,0,4,1,3,0,0,1,0,0,0,0,1,2,3,0,1,0,35,3,1,0,0,0,2,0,2,0,0,1,21,0,0,1,0,0,1,1,0,0,0,0,0,0,1,52,0,0,0,0,0,0,0,0,0,0,0,0,0,3,0,0,0,0,0,0,0,4,0,0,0,0,2,0,4,1,0,0,0,0,11,18,1,0,0,0,0,0,0,0,0,0,0,0,2,0,0,0,0,0,0,0,0,0,0,23,0,0,0,0,1,0,1,0,0,21,0,0,0,0,0,0,0,0,0,0,1,0,2,4,0,21,0,0,0,2,0,0,0,6,0,0,2,1,0,28,0,24,0,0,0,0,21,0,0,0,1,0,1,0,4,57,0,1,0,0,1,0,0,0,14,0,0,0,1,0,0,0,0,0,1,0,0,0,0,0,0,0,0,0,0,1,0,0,5,0,0,0,0,0,0,0,0,0,1,1,2,1,0,0,0,0,0,0,0,0,0,0,0,0,0,0,0,0,0,0,0,0,0,0,0,0,0,8,0,0,0,5,0,0,0,0,0,0,2,0,0,0,0,2,0,0,0,0,0,0,0,0,0,0,0,0,0,0,0,0,0,0,0,0,0,0,0,0,0,0,0,0,0,2,0,0,0,0,0,0,0,0,0,0,0,1,0,0,0,0,0,0,0,0,0,0,0,0,0,0,0,0,11,0,0,1,0,21,0,0,0,0,2,0,0,3,0,0,0,3,0,0,1,0,0,0,0,0,0,0,0,0,0,0,0,0,0,0,0,0,0,0,0,0,0,0,0,0,0,0,0,0,0,0,0,0,0,3,0,2,0,0,17,0,0,0,0,9,0,0,1,3,0,0,44,2,0,0,1,0,0,0,0,0,0,0,8,0,0,0,0,0,0,0,0,0,0,0,0,0,0,0,0,0,0,0,0,0,0,2,0,0,2,0,0,0,0,2,0,12,0,0,0,0,0,0,0,0,0,0,0,0,0,0,0,0,0,0,0,5,0,0,0,0,0,1,0,0,0,1,0,0,0,0,0,0,0,1,0,0,0,1,0,0,0,0,0,2,0,0,2,0,0,0,0,0,0,0,0,0,0,0,0,0,0,0,0,2,0,5,0,0,0,2,0,1,0,0,0,0,0,0,1,0,0,0,0,0,0,2,0,7,0,0,0,0,0,0,0,0,0,0,0,0,18,0,0,0,1,0,0,3,0,0,0,0,0,0,0,0,0,0,0,0,0,0,0,0,0,0,0,0,0,0,0,0,0,0,0,0,0,0,0,0,0,0,0,0,0,0,0,1,0,0,0,0,0,0,0,0,0,0,0,0,0,12,0,0,0,0,0,1,0,0,0,0,0,0,0,2,0,0,0,0,0,0,0,0,2,3,0,0,0,0,0,0,1,0,0,0,0,1,0,1,0,0,1,3,0,0,0,0,0,0,0,0,1,0,0,0,0,0,1,1,0,103,0,0,0,2,2,0,2,9,11,0,0,0,0,0,142,38,0,1,39,0,0,1,0,26,0,0,0,0,0,0,0,0,0,0,0,0,0,0,0,0,0,0,0,0,0,0,0,0,0,0,0,0,0,0,0,0,0,1,2,0,0,0,0,0,0,0,0,0,0,0,0,0,0,0,0,0,0,3,0,0,0,0,0,0,0,0,0,0,0,0,0,0,0,0,0,2,6,0,1,0,0,0,0,0,0,0,0,0,2,4,0,16,0,0,1,0,0,0,10,1,0,0,0,1,0,0,0,0,78,2,0,1,0,0,0,1,0,0,0,1,1,0,0,0,0,0,0,0,1,0,0,1,0,0,0,0,0,0,0,0,0,0,0,0,3,0,0,0,0,0,0,0,0,0,9,0,0,0,11,0,0,0,0,0,0,0,0,0,2,0,0,0,0,0,0,2,0,0,0,4,20,0,0,0,0,0,25,0,0,0,1,0,0,0,0,0,0,0,0,0,3,0
145,1562,ESCOLA MUNICIPAL PIRATINI,RUA JOAO MALTA DE ALBUQUERQUE MARANHAO 104     ,PINHEIRINHO,-25.5233215,-49.2871834,66,0,3718,3003,237,144,0,4,6,6,62,2,4,0,1,21,1,22,1,0,0,0,4,1,0,0,4,5,20,12,1,1,13,0,0,0,0,14,0,0,1,0,0,0,7,0,6,1,0,0,0,39,4,0,1,0,0,2,4,1,0,0,0,26,0,0,2,0,0,1,8,0,3,0,0,0,0,3,82,0,0,0,0,2,0,0,0,0,0,2,0,0,6,0,0,0,0,0,0,0,10,0,0,0,0,5,0,8,2,0,0,1,0,12,42,0,0,0,1,1,0,0,0,0,0,0,1,2,0,0,0,0,3,0,3,0,0,0,32,0,0,1,0,0,0,0,1,0,37,2,5,1,1,0,1,0,0,0,2,0,0,12,7,0,36,1,1,0,7,0,0,0,10,0,0,1,0,0,32,1,32,2,3,1,1,61,0,2,0,0,0,0,1,2,59,0,1,0,0,1,0,0,0,29,0,0,0,1,2,1,0,0,0,4,0,0,0,0,0,0,0,0,0,0,0,0,0,1,0,0,1,0,0,0,1,0,1,2,0,5,0,0,0,0,0,0,0,0,0,0,0,0,1,2,0,0,0,0,0,0,0,0,0,0,0,0,28,0,0,0,1,0,0,0,1,0,0,3,0,0,1,0,7,0,1,0,0,0,0,0,1,0,0,0,0,0,0,5,0,0,0,0,0,1,0,2,0,1,0,0,0,0,0,0,0,0,0,0,0,0,0,0,0,0,0,0,0,0,2,0,0,2,0,2,0,0,0,0,0,0,0,15,0,0,0,0,31,0,0,0,0,8,0,0,6,1,0,0,26,1,0,2,0,0,0,0,0,0,0,0,0,0,0,0,0,0,0,0,0,0,0,0,0,0,0,0,0,0,0,0,0,0,0,0,0,0,2,1,6,0,1,39,1,1,0,2,3,3,0,2,21,0,1,54,3,0,0,3,0,0,0,0,1,7,2,34,0,0,1,0,0,0,0,0,3,2,0,0,0,1,0,0,0,0,0,1,0,0,1,0,0,0,0,0,0,2,1,1,22,0,0,0,0,0,0,1,0,0,1,0,0,0,0,0,0,0,0,2,2,0,0,0,0,0,0,0,0,0,0,2,0,0,0,0,0,0,5,0,0,0,1,0,2,0,0,0,0,0,0,1,0,0,0,0,0,0,0,0,0,0,1,0,0,0,0,1,3,2,8,0,1,1,6,2,0,0,0,0,0,0,0,2,0,0,0,0,0,0,3,0,1,0,0,0,0,3,0,0,0,0,0,0,0,32,0,1,0,2,0,0,4,0,0,0,0,0,0,0,0,0,0,3,0,0,0,0,0,0,1,0,0,0,0,0,0,0,2,0,0,0,0,0,0,0,0,0,0,0,0,0,0,0,0,0,0,0,0,0,0,0,0,0,0,0,7,0,0,0,2,0,5,0,0,3,0,1,0,2,1,0,2,0,0,0,0,0,0,0,2,0,0,0,0,1,0,0,0,0,0,0,12,0,6,13,1,0,0,10,2,0,0,0,0,0,0,3,0,2,0,2,1,5,3,0,163,0,4,0,0,2,0,9,29,40,2,0,6,2,0,336,54,0,0,70,0,0,0,0,12,0,1,3,1,0,0,0,0,1,0,1,0,0,0,0,0,0,2,0,0,0,0,1,0,0,0,2,1,2,0,0,0,0,0,3,3,0,0,2,0,0,0,0,0,0,0,0,0,0,0,0,0,0,1,0,0,1,0,0,0,0,0,0,0,0,0,0,0,0,2,0,13,3,1,1,0,1,1,0,1,0,0,0,2,10,6,3,19,0,0,0,1,0,0,16,0,0,2,0,0,0,1,0,2,131,0,1,4,0,6,3,4,2,0,0,2,1,0,1,0,0,0,0,0,0,0,2,3,1,0,1,0,0,0,4,0,0,0,0,1,8,0,0,0,0,2,0,0,1,0,27,0,0,0,8,0,0,0,0,0,0,0,0,0,0,2,0,0,0,0,3,0,1,0,0,1,50,1,0,1,0,0,41,0,0,0,2,0,0,0,0,0,0,3,0,0,8,0
145,1570,ESCOLA ESTADUAL PROFESSORA IZABEL LOPES SANTOS SOUZA,RUA ROSA TORTATO 400,PINHEIRINHO,-25.5315413,-49.2883132,66,0,2773,2301,212,108,0,2,7,6,50,3,4,0,0,15,2,34,1,0,0,0,5,1,0,2,1,13,31,8,0,1,17,0,1,1,0,6,0,1,0,0,0,0,0,2,4,0,0,3,0,34,2,0,0,0,0,0,0,8,0,0,3,27,1,0,1,0,1,4,1,0,2,1,0,0,1,0,74,0,0,0,0,4,0,2,0,0,0,2,1,0,8,0,0,0,0,0,0,0,19,1,0,0,0,5,0,13,0,0,0,0,0,10,24,0,0,0,0,0,0,0,0,0,0,0,0,3,1,0,0,0,2,0,1,0,0,0,17,0,0,0,1,0,0,1,0,0,45,1,3,0,1,0,0,0,0,0,0,1,0,1,2,0,21,0,0,0,2,0,0,0,3,0,0,0,0,0,24,1,37,3,2,0,1,32,0,0,0,0,0,0,0,0,8,0,0,0,0,2,1,0,0,12,0,0,0,0,1,1,0,0,0,0,3,0,1,0,0,0,0,0,0,0,0,0,0,0,0,0,0,0,0,0,2,0,4,5,0,1,0,0,1,0,0,0,0,2,0,0,0,0,0,1,0,0,1,0,0,0,0,0,1,0,0,0,18,0,0,0,0,0,0,0,0,0,0,3,0,0,1,2,1,0,0,0,1,0,0,0,0,0,0,0,0,0,0,1,0,0,0,0,0,0,0,1,0,0,1,0,0,0,0,0,0,0,0,0,1,0,0,0,0,0,0,0,0,0,0,0,0,0,0,0,0,0,0,0,0,1,0,11,0,0,1,0,23,0,0,1,0,4,0,0,9,3,0,0,12,1,0,0,0,0,0,0,0,0,0,0,0,0,0,0,0,0,0,0,0,0,0,0,0,0,0,0,0,0,0,0,0,0,0,0,0,0,1,3,4,0,0,31,0,0,4,4,18,0,0,4,7,0,0,52,2,0,0,0,0,0,0,0,0,2,0,36,0,0,0,0,0,0,0,0,0,0,0,0,0,0,2,0,0,0,2,0,0,0,1,0,0,0,0,0,0,0,0,0,11,0,0,0,2,0,0,0,0,0,0,0,0,0,0,0,0,1,0,0,0,0,0,0,1,0,0,0,0,2,0,0,0,0,0,0,0,0,2,0,0,0,0,0,0,0,0,0,11,0,0,0,0,0,0,0,2,0,0,0,0,0,0,3,1,0,1,0,3,0,15,0,1,0,8,0,0,0,0,1,0,0,0,0,0,0,0,1,0,0,1,0,0,0,0,2,0,2,0,0,0,0,0,0,0,42,0,4,0,1,0,0,7,0,0,0,0,0,0,0,0,0,0,0,0,0,0,0,0,0,0,0,0,1,0,0,0,1,0,1,0,0,0,0,0,1,0,0,0,0,0,0,1,0,0,0,0,0,0,0,0,0,1,0,0,0,9,0,0,0,7,0,2,0,0,17,0,1,1,2,3,0,0,0,0,0,0,0,0,0,0,0,0,0,0,0,0,3,0,0,0,1,0,0,4,5,0,0,0,3,0,1,2,0,0,0,0,5,0,0,0,0,1,3,10,0,115,0,1,0,0,2,0,5,35,30,0,0,3,0,0,221,52,2,0,3,0,0,3,0,12,0,0,0,0,0,0,1,3,0,0,1,0,0,1,1,0,0,0,0,0,0,0,0,2,0,0,0,0,0,0,0,0,0,0,0,0,0,0,1,0,0,0,0,0,0,0,0,0,0,0,0,0,0,3,0,0,0,0,0,0,1,0,0,0,0,0,0,0,1,0,0,4,4,2,9,0,0,1,0,0,2,0,0,0,2,6,0,11,2,0,0,0,0,0,11,0,0,0,0,0,0,0,0,0,81,2,7,1,1,4,1,7,0,1,0,3,0,0,0,0,0,0,1,0,0,0,0,4,0,0,0,0,0,0,0,0,0,0,0,1,6,0,0,0,0,0,2,0,1,0,19,0,0,0,8,0,0,0,0,0,0,1,1,0,0,0,1,0,0,0,2,0,0,0,2,5,20,0,0,1,0,0,30,0,0,0,0,0,0,0,0,3,5,0,0,0,4,0
145,1589,COLEGIO ESTADUAL PROFESSOR JOAO LOYOLA,RUA MARIO GOMES CESAR   580,PINHEIRINHO,-25.5187688,-49.2995953,66,0,5095,4067,328,194,0,5,5,5,64,1,4,0,1,18,1,43,0,0,0,0,12,0,1,0,8,5,28,8,3,0,26,0,2,6,1,24,3,2,0,0,0,2,6,2,13,4,0,5,0,63,1,1,0,1,1,0,3,4,0,0,3,29,1,1,1,0,0,7,0,0,10,0,0,1,0,3,115,1,0,0,1,4,0,0,0,0,0,2,0,0,5,0,0,0,0,0,0,4,6,2,0,0,0,8,0,16,2,1,0,0,0,35,25,0,0,0,0,0,1,0,0,0,0,0,4,4,1,0,3,0,7,0,4,2,0,0,68,0,0,0,0,0,0,0,1,0,66,0,7,0,0,0,0,1,0,2,0,0,0,8,3,0,29,0,0,0,9,0,0,0,1,2,0,5,0,0,95,7,69,11,3,1,0,93,3,7,0,0,1,0,2,1,8,0,0,0,2,1,0,1,0,43,0,0,1,0,0,2,0,0,0,0,0,0,3,0,0,0,0,0,0,0,0,0,0,8,0,0,6,0,2,0,1,0,1,0,0,1,3,0,1,0,0,0,0,3,0,0,0,0,0,0,0,0,0,0,0,1,0,0,0,0,0,0,38,0,0,2,1,0,0,0,0,2,0,1,0,0,1,0,6,0,0,0,0,0,1,0,1,0,0,0,0,0,0,1,0,0,0,0,0,0,0,0,0,0,0,0,1,3,2,0,0,1,0,1,0,0,0,0,0,0,0,0,0,0,1,0,0,0,2,0,0,0,0,0,1,0,1,28,0,0,0,1,83,0,0,0,0,10,0,0,14,0,0,0,44,0,0,1,0,0,0,0,0,0,0,0,0,0,0,0,0,0,0,0,0,0,0,0,0,0,0,0,0,1,0,0,0,1,0,0,0,0,7,0,16,0,0,48,0,1,3,7,10,5,0,2,8,0,1,76,4,0,0,1,1,1,0,0,0,1,0,52,0,5,3,0,1,0,0,0,0,1,1,0,2,3,3,0,0,0,1,0,0,0,4,0,0,3,0,0,0,0,0,0,12,0,0,0,5,0,1,0,0,0,0,0,0,0,1,0,1,0,0,0,0,1,0,0,0,0,0,0,0,0,1,0,0,0,0,0,0,0,5,0,0,0,0,0,0,0,2,0,2,0,0,3,0,0,0,0,0,0,0,0,0,0,1,3,1,0,1,3,3,2,36,0,7,3,6,1,0,1,0,2,0,0,0,1,0,0,0,1,1,0,3,0,3,0,0,0,1,0,1,0,0,0,0,0,1,68,0,2,0,11,0,4,8,0,0,0,2,0,0,0,0,0,0,4,3,0,0,0,0,0,0,0,0,0,0,0,0,0,4,0,0,0,0,0,0,1,1,0,0,0,0,0,0,0,0,0,0,0,0,0,0,0,0,0,0,0,84,0,0,0,2,0,0,0,0,3,0,3,1,0,7,0,4,0,0,0,0,0,0,1,6,0,0,0,0,6,1,2,0,0,1,0,2,0,18,6,0,2,0,27,0,0,0,2,1,0,1,8,0,7,1,0,0,9,2,2,172,0,8,0,4,3,0,19,14,65,0,0,8,0,1,237,146,0,2,2,0,0,0,0,16,0,0,0,0,0,0,0,2,1,0,0,1,0,0,1,0,0,0,0,4,0,0,0,0,0,1,1,0,0,0,0,0,0,0,8,0,0,0,0,0,0,1,0,0,0,0,0,0,0,0,0,0,0,1,0,0,0,0,0,0,1,0,0,0,0,0,0,0,0,0,0,12,8,1,4,5,1,0,0,3,2,0,0,1,2,10,2,34,1,2,1,0,0,0,7,0,0,0,0,0,1,0,0,2,262,3,12,10,0,7,1,6,0,2,1,5,2,2,0,0,0,0,1,0,0,0,0,3,1,0,1,0,0,0,6,0,0,0,0,3,12,0,0,0,0,2,0,0,0,0,16,0,0,0,14,0,0,0,1,0,0,1,0,0,2,0,0,0,0,1,5,2,1,0,0,3,54,0,0,1,1,0,46,0,0,0,0,0,0,0,0,0,3,0,0,0,6,0
145,1597,ESCOLA MUNICIPAL SAO MATEUS DO SUL,RUA ORESTES CODEGA 165,PINHEIRINHO,-25.5251334,-49.2978496,66,0,2238,1872,139,102,0,4,2,7,27,0,1,0,0,4,0,21,0,0,0,0,5,0,1,2,3,1,11,4,0,1,10,0,1,5,0,12,0,0,0,0,0,0,0,2,2,1,0,0,0,19,3,0,0,0,0,0,1,3,0,0,2,13,0,0,0,0,0,2,0,1,1,0,0,2,0,0,48,0,0,0,0,1,0,0,0,0,0,0,2,0,3,0,0,0,0,1,0,0,4,3,0,0,0,1,0,14,0,0,0,0,0,13,26,1,0,0,0,0,0,0,0,0,0,0,2,2,0,0,0,0,3,0,0,0,0,0,28,0,0,0,0,0,0,0,0,0,30,0,1,0,0,0,0,1,0,1,0,0,0,4,1,0,15,0,0,0,7,0,0,0,0,1,0,0,0,1,19,1,54,6,1,1,0,33,1,0,0,0,0,0,0,0,2,0,0,0,2,0,0,1,0,10,0,0,2,1,0,0,0,0,2,0,0,0,0,0,0,0,0,0,0,0,0,0,0,3,0,0,1,0,0,0,0,0,1,0,1,0,1,0,0,0,0,0,0,6,0,0,0,0,0,0,1,0,0,0,0,0,0,0,0,0,0,0,7,0,0,0,0,0,0,0,0,1,0,6,0,0,0,0,7,0,0,0,0,0,0,0,3,0,0,0,0,0,0,2,3,0,0,0,0,0,0,4,0,0,0,0,0,1,0,0,0,1,0,1,0,0,0,0,0,0,0,0,0,0,0,0,0,0,2,0,0,0,0,0,0,0,0,8,0,0,0,0,41,0,0,0,0,2,0,0,10,4,0,0,21,0,0,0,0,0,0,1,0,0,0,0,0,0,0,0,0,0,0,0,0,0,0,0,0,0,0,0,0,0,0,0,0,0,0,0,0,0,4,0,3,0,0,45,0,0,0,2,5,0,0,8,5,1,0,30,0,0,0,0,0,0,0,0,0,0,0,45,0,0,1,0,0,0,0,0,0,0,0,0,2,1,1,0,0,0,0,0,0,0,2,0,0,0,0,0,1,0,0,0,8,0,0,0,3,0,1,0,0,0,0,0,0,0,0,0,0,1,0,0,0,0,0,0,0,0,0,0,0,0,0,0,0,0,0,0,0,0,0,0,0,0,0,0,0,0,0,0,0,0,0,0,0,0,0,1,0,0,0,0,0,0,0,1,0,0,0,2,0,0,10,0,2,0,5,1,0,0,0,0,0,0,0,0,0,0,0,0,1,0,4,0,3,0,0,0,0,0,0,0,0,0,0,0,0,17,0,2,0,3,0,1,6,0,1,0,0,0,0,0,1,0,0,0,2,0,0,0,0,0,0,0,0,0,0,0,0,0,1,0,0,0,0,0,0,0,0,0,0,0,0,0,0,0,0,0,0,0,0,0,0,0,0,0,0,0,38,0,0,0,1,0,0,0,0,0,0,0,0,0,3,0,1,0,0,0,0,0,0,0,3,0,0,0,0,5,0,0,0,0,0,1,0,0,5,2,0,0,1,6,0,0,1,0,0,0,0,1,0,2,0,1,1,10,5,2,89,1,0,0,0,2,0,7,20,36,0,1,1,1,0,108,44,0,0,0,0,1,0,0,9,0,0,0,0,0,0,0,2,0,0,0,0,0,0,0,0,0,0,1,1,0,0,0,0,0,0,0,0,0,0,0,0,0,0,0,1,0,0,0,0,0,0,0,0,0,0,0,0,0,0,1,0,0,1,0,0,0,0,0,0,3,0,0,1,0,0,0,0,0,0,0,11,8,0,2,0,0,0,0,0,0,0,0,0,1,2,3,11,2,0,0,0,0,0,1,0,0,0,0,0,0,0,3,0,155,0,1,4,0,0,1,7,0,0,1,2,2,1,0,0,0,0,0,0,0,0,0,0,0,0,3,0,0,0,7,0,0,0,0,0,7,0,0,0,0,0,0,0,0,0,5,0,1,0,10,1,0,0,0,0,0,0,0,0,1,0,0,3,0,0,1,0,0,0,0,3,21,0,0,0,0,0,28,1,0,0,0,0,0,0,0,0,0,0,0,0,4,1
145,1600,ESCOLA MUNICIPAL COLOMBO,"RUA IZAAC FERREIRA DA CRUZ, 2591",SITIO CERCADO,-25.5375491,-49.277844,65,0,3037,2495,212,127,0,3,9,7,49,2,4,0,0,17,2,31,0,0,1,1,4,0,1,1,2,6,15,11,1,0,19,1,0,1,0,8,1,1,0,0,0,0,2,1,7,5,0,2,0,35,3,0,0,0,0,0,0,4,0,0,0,30,1,1,1,0,0,3,2,0,5,0,0,0,1,0,100,0,0,0,0,2,0,0,0,0,0,1,0,0,4,0,0,0,0,0,0,0,7,1,0,0,0,5,0,12,0,0,0,0,0,22,37,0,0,0,1,0,0,0,0,0,0,0,4,0,3,0,0,0,5,0,2,1,0,0,30,0,0,0,1,0,0,0,0,0,166,1,4,0,0,0,0,0,0,0,0,0,2,3,1,0,18,0,0,0,10,0,0,0,0,1,1,1,0,0,35,4,47,3,5,0,0,27,4,2,0,0,0,1,0,0,13,0,0,1,0,0,0,0,1,34,0,1,1,1,0,1,0,0,0,0,0,0,0,1,0,0,0,0,0,0,1,0,0,3,0,0,2,0,0,0,2,0,1,3,1,0,0,0,0,0,0,0,1,1,0,0,0,0,0,1,0,0,0,0,0,1,0,0,0,0,1,0,28,0,0,1,2,0,0,0,0,0,0,0,0,0,1,1,8,0,0,0,0,0,0,0,0,0,0,0,0,0,0,3,0,0,0,0,0,0,0,4,0,0,0,0,0,3,1,0,0,0,0,0,0,0,0,1,0,0,0,0,0,0,0,0,0,0,0,0,0,0,0,0,0,2,0,9,2,0,0,0,28,0,0,0,1,4,0,0,5,2,0,0,6,0,0,0,0,1,0,0,0,1,0,0,0,0,0,0,1,0,0,0,0,0,0,0,0,0,1,0,0,3,0,0,0,0,0,0,0,0,0,1,6,0,1,29,0,0,0,3,11,4,0,4,2,0,1,58,0,3,0,7,0,0,1,0,1,3,0,39,0,2,0,0,0,0,0,0,0,3,0,0,0,0,0,0,0,1,0,0,0,0,0,0,0,0,0,0,1,0,0,0,22,0,0,0,2,0,0,1,0,0,0,0,0,0,0,0,0,0,0,0,0,0,0,0,0,0,0,0,0,1,0,0,0,0,0,0,0,0,3,1,0,0,0,0,0,0,0,0,3,0,0,0,0,0,0,0,0,0,0,0,0,0,0,1,0,0,0,0,0,0,13,0,1,0,3,0,0,0,0,0,0,0,0,0,1,0,0,2,0,0,3,0,1,0,0,0,0,1,1,0,0,0,0,0,0,40,0,4,0,7,0,0,0,0,0,0,0,0,0,0,1,0,0,0,0,0,0,0,0,0,0,0,0,0,0,0,0,0,0,0,0,0,0,0,0,0,1,0,0,0,0,0,0,0,1,0,0,0,0,0,0,0,2,0,0,0,5,0,0,0,1,0,0,0,2,8,0,2,0,3,0,0,0,0,0,0,0,0,3,1,2,0,1,0,0,2,1,0,0,0,0,0,2,1,12,3,0,0,0,11,1,0,0,0,0,0,0,2,0,2,0,0,0,5,1,0,106,0,2,0,1,1,0,12,4,31,0,2,1,2,1,136,78,0,0,0,0,0,0,0,13,0,0,0,0,0,0,0,7,0,0,2,1,0,3,0,0,0,0,0,2,0,0,0,2,0,0,0,0,1,0,0,0,0,0,2,1,0,0,1,1,1,0,0,1,0,0,0,0,0,0,0,0,0,0,0,0,0,0,0,1,2,0,0,0,0,0,0,0,0,0,0,8,3,3,4,3,0,0,0,2,1,0,0,6,3,3,0,9,2,0,1,0,0,0,7,1,0,2,0,2,0,1,0,1,92,3,3,4,0,2,0,3,0,0,1,3,1,3,0,0,0,0,1,1,0,0,0,2,0,0,0,0,0,0,1,0,0,0,0,1,2,0,0,0,0,0,0,0,1,0,25,1,0,0,11,0,0,0,1,0,0,0,0,0,0,0,1,0,0,0,5,2,3,1,0,5,29,0,0,0,0,0,20,0,0,0,0,0,0,0,0,7,3,0,0,0,4,0
145,1619,ESCOLA ESTADUAL HASDRUBAL BELLEGARD,"RUA IZAAC FERREIRA DA CRUZ, 3009",SITIO CERCADO,-25.5365001,-49.2738479,65,0,5963,4648,461,248,0,5,11,13,86,8,7,1,1,17,4,45,0,1,0,0,4,2,1,0,5,12,37,6,0,1,26,2,0,4,2,20,4,11,0,0,0,1,4,2,15,5,0,4,0,79,1,0,2,0,2,0,1,4,0,0,5,52,1,1,2,0,3,5,3,0,5,0,0,1,1,5,148,0,0,0,0,6,0,0,0,0,0,1,0,0,7,0,0,0,0,0,0,1,20,2,0,0,0,7,0,7,0,2,0,0,0,26,39,0,1,0,0,0,0,0,0,0,0,1,1,5,0,0,0,1,16,0,2,0,1,0,55,1,0,0,6,0,0,0,0,2,230,0,9,0,1,0,0,1,0,0,1,0,1,6,10,0,41,0,0,0,14,0,0,0,8,1,0,3,0,2,83,5,89,5,1,1,0,58,4,5,1,0,0,1,0,5,16,0,0,0,2,2,0,0,1,51,0,0,1,2,0,0,0,1,0,0,0,0,2,0,0,0,0,0,0,0,0,0,0,6,0,0,2,0,0,0,3,0,2,5,0,0,1,0,2,0,0,0,0,1,0,0,0,0,1,4,0,0,0,0,0,0,0,0,0,0,0,0,59,0,1,5,5,0,0,0,0,2,3,2,0,0,3,1,14,0,0,0,1,0,0,0,3,0,0,0,0,0,0,9,0,0,0,0,0,0,0,6,1,0,2,0,0,1,0,0,0,0,1,2,0,0,0,2,0,0,0,0,0,1,2,0,0,1,1,0,0,0,0,0,0,1,0,18,2,0,0,0,58,0,0,0,0,13,0,0,10,3,0,0,35,1,0,1,0,1,0,3,0,0,1,1,0,0,0,0,0,0,0,0,0,0,0,0,0,0,0,0,1,8,0,0,0,0,0,0,0,0,2,3,2,0,0,41,0,0,2,3,14,2,1,6,3,1,2,111,1,0,0,0,0,0,0,1,0,1,0,64,1,1,0,0,0,0,0,0,2,4,1,0,0,0,3,0,0,0,0,0,0,0,4,0,0,0,1,0,0,0,0,0,29,0,0,0,4,0,0,1,0,0,1,0,0,0,0,0,0,0,0,0,0,0,0,0,0,0,0,0,0,1,1,2,2,0,0,0,0,0,4,0,0,0,0,0,0,0,0,1,1,0,0,0,0,0,0,0,0,0,0,0,0,0,2,17,5,2,0,1,5,0,27,0,0,0,14,0,0,0,0,0,0,0,0,0,0,0,0,1,1,0,6,0,1,0,0,1,1,0,1,0,0,0,0,0,0,57,1,2,0,12,0,2,7,0,2,0,1,0,0,0,1,0,0,1,0,0,0,0,0,0,1,0,0,0,0,0,0,1,0,0,0,0,0,0,0,0,0,0,0,0,0,1,0,0,1,0,0,0,0,0,0,0,0,0,0,0,14,1,0,0,1,0,0,1,2,18,0,5,0,3,7,0,2,0,0,0,0,0,0,9,5,1,1,1,1,3,3,0,0,0,0,0,0,2,7,3,0,0,0,11,1,1,0,0,0,0,0,3,0,12,0,0,1,12,6,0,195,0,3,0,2,2,0,18,14,80,0,1,6,1,1,291,108,3,1,2,1,0,0,0,33,0,0,0,0,0,1,1,4,1,0,0,0,0,5,0,0,1,2,0,3,0,0,0,1,0,0,0,0,3,0,0,0,0,1,4,2,0,0,0,0,0,1,0,0,0,0,0,0,0,0,0,0,0,1,0,0,1,0,0,1,0,0,0,0,0,0,0,0,0,0,0,29,10,4,13,2,0,0,1,3,0,0,1,10,11,6,3,40,2,0,1,0,0,0,14,0,0,1,0,1,0,2,0,0,146,3,7,6,0,6,4,6,0,0,23,5,0,0,0,0,0,2,1,0,0,0,0,1,0,1,1,0,0,0,0,0,2,0,0,1,8,0,0,1,0,0,0,0,0,0,55,2,0,0,44,3,0,0,0,0,0,0,0,0,6,0,0,0,0,0,1,4,3,1,0,3,43,0,0,0,0,0,70,0,0,0,0,0,0,0,0,9,4,0,0,0,8,0
145,1627,CEI PROFESSOR JOSE CAVALLIN,RUA CALIFORNIA 954,SITIO CERCADO,-25.5445088,-49.2760737,65,0,2610,2019,185,99,0,9,9,5,39,2,2,0,1,6,2,31,2,0,0,0,5,0,1,0,3,7,14,2,2,0,9,1,2,1,2,8,0,0,0,0,0,0,1,1,1,0,0,2,0,26,0,0,0,0,0,0,0,1,0,0,2,35,0,0,1,0,0,3,3,0,4,0,0,0,4,0,80,0,0,0,0,4,0,2,0,0,0,0,0,0,4,0,0,0,0,0,0,0,7,0,0,0,0,4,0,3,2,1,0,1,0,8,20,1,0,0,0,0,0,0,0,0,0,0,1,3,0,0,0,0,1,0,0,0,0,0,23,0,0,0,2,0,0,0,0,1,135,0,8,0,0,0,0,1,0,0,0,0,0,13,1,0,16,0,0,0,5,0,1,0,1,1,0,1,0,0,42,1,29,4,1,0,0,31,0,3,0,1,0,1,0,0,8,0,0,0,0,1,2,0,1,34,0,0,0,0,0,0,0,0,0,0,0,0,0,0,0,0,0,0,0,0,0,0,0,0,0,0,0,0,0,0,0,0,0,1,0,1,0,0,2,0,0,0,0,1,0,0,0,0,0,4,1,0,0,0,0,0,0,0,0,0,0,0,23,0,0,0,1,0,0,0,0,0,1,1,1,0,0,2,1,0,0,0,0,0,0,0,0,0,0,0,0,1,0,2,0,0,0,0,0,0,0,2,0,0,0,0,1,2,0,0,0,0,0,0,0,0,0,0,0,0,0,0,0,0,4,0,0,3,0,1,0,0,0,0,0,0,0,6,0,0,0,0,21,0,0,0,0,12,0,0,4,2,0,0,7,0,0,0,0,2,0,2,0,0,0,0,1,1,0,0,0,0,0,0,0,0,0,0,0,0,0,0,0,0,0,0,0,0,0,0,0,0,2,1,3,0,0,23,0,0,0,4,6,1,0,3,2,0,1,41,1,0,0,1,0,2,0,0,0,2,0,25,1,0,0,0,0,0,0,0,2,0,0,0,0,0,0,0,0,0,0,0,0,0,0,0,0,0,0,0,1,0,0,0,10,0,0,0,0,0,0,1,0,0,0,0,0,0,0,0,0,0,0,0,0,0,0,0,1,0,0,0,0,0,1,0,0,0,0,0,0,0,1,0,0,0,0,0,0,0,0,0,4,0,0,1,0,0,1,0,0,0,0,0,0,0,0,0,1,0,0,0,1,0,4,0,1,1,3,0,0,1,0,0,0,0,0,0,0,0,0,0,0,0,0,1,2,0,0,0,0,1,0,0,0,0,0,0,0,39,0,0,0,1,0,0,2,0,1,0,0,0,0,0,5,0,0,0,0,0,0,0,6,0,0,0,0,0,0,0,0,0,0,0,0,0,0,0,0,2,0,0,0,0,0,0,0,0,0,0,0,0,0,0,0,0,5,0,0,0,2,0,0,0,2,0,0,0,0,9,0,0,0,4,6,0,1,0,0,0,0,0,0,4,1,3,0,0,0,0,2,1,0,1,0,0,1,0,1,2,0,0,0,5,1,0,0,0,0,0,0,8,0,1,0,0,2,3,3,0,95,0,3,0,1,1,0,8,0,29,0,0,1,0,0,103,55,1,3,1,0,0,0,0,10,0,0,0,1,0,0,1,0,3,0,1,0,0,0,0,0,0,1,0,1,0,0,0,2,0,0,0,0,3,1,0,0,0,0,1,1,0,0,0,0,0,0,0,0,0,0,0,0,0,0,0,0,0,1,0,0,0,0,0,1,1,0,0,0,0,0,0,0,0,1,0,5,10,1,10,0,1,0,0,0,0,1,0,3,3,4,0,11,0,2,0,0,0,0,3,0,0,0,0,0,0,0,0,0,71,2,2,6,0,3,1,2,0,3,3,3,0,0,0,0,0,0,0,0,2,0,0,4,3,0,0,0,0,0,1,0,1,0,0,0,3,0,0,0,0,0,0,0,1,0,24,0,0,0,9,1,0,0,0,0,0,0,0,0,0,1,0,0,0,0,1,5,0,1,0,2,19,0,0,1,0,0,17,0,0,0,0,0,0,0,0,2,1,0,0,0,0,0
145,1635,ESCOLA MUNICIPAL PROFESSOR PEDRO VIRIATO PARIGOT DE SOUZA,R PROF. DELMINDA SANTOS FERNANDES   80,SITIO CERCADO,-25.5291857,-49.2694545,65,0,4305,3507,285,213,0,2,6,6,64,3,5,0,2,10,6,36,1,0,0,0,7,0,2,1,4,10,26,9,2,0,21,0,2,1,1,23,1,2,0,0,1,0,5,2,13,3,0,2,0,52,0,0,1,0,0,0,0,2,0,0,2,36,0,2,4,0,1,3,0,0,3,0,0,1,0,0,93,0,0,0,0,8,0,0,0,0,0,1,0,0,5,0,0,0,1,0,0,0,16,1,0,0,0,9,0,11,0,0,0,1,1,34,51,0,0,0,0,0,3,0,0,0,0,2,0,6,0,0,0,0,15,0,1,1,1,3,61,1,1,0,1,0,0,0,0,0,95,0,1,0,0,3,0,0,0,0,1,0,0,8,5,0,29,0,0,1,17,0,0,0,6,1,0,2,0,0,50,5,63,2,1,0,0,35,2,4,0,0,1,2,1,2,17,1,1,0,0,0,1,0,2,46,0,0,0,0,2,1,0,0,0,2,0,0,0,0,0,0,0,0,0,2,0,0,0,5,0,0,1,0,0,0,0,0,0,6,0,0,0,0,8,0,0,0,0,1,0,0,0,2,0,5,0,0,0,2,0,0,0,0,0,0,0,0,43,1,0,1,0,0,0,0,0,1,1,0,0,0,2,0,6,0,1,0,0,0,0,0,1,0,0,0,0,0,0,9,0,0,0,0,0,0,0,4,0,1,0,0,0,2,0,0,0,0,0,0,0,0,0,0,0,0,1,0,0,0,1,0,0,1,1,0,0,0,0,0,1,2,0,18,5,0,0,1,50,0,0,0,0,12,0,0,9,1,0,0,33,2,0,1,0,0,0,1,0,0,1,0,0,0,0,0,0,0,0,0,0,0,0,0,0,0,0,0,1,4,0,0,0,0,0,0,0,0,4,2,10,0,1,48,1,0,1,2,9,1,0,4,4,0,0,69,3,0,0,0,0,4,0,0,0,3,0,51,0,2,4,0,0,1,0,0,0,13,0,0,0,0,0,0,0,0,0,0,0,0,7,0,0,0,0,0,0,2,0,2,16,0,0,0,3,0,0,0,0,0,0,0,0,0,0,0,0,0,0,0,0,1,0,0,1,0,0,0,0,1,1,0,0,0,0,0,0,0,0,0,0,0,3,0,0,0,0,0,0,0,0,0,0,0,2,0,0,0,1,0,0,0,1,8,2,0,0,2,1,1,20,0,1,1,10,0,0,0,0,1,0,0,0,0,0,0,0,0,0,0,10,0,1,0,0,0,2,0,2,3,0,0,0,0,0,54,6,0,0,18,0,1,6,0,0,0,0,0,0,0,0,0,0,0,0,0,0,0,0,0,1,0,0,0,0,0,0,0,0,0,0,0,0,0,0,0,0,0,0,0,0,0,0,0,0,0,0,0,0,0,0,0,0,0,0,0,7,0,0,0,1,0,0,0,2,41,0,9,0,0,1,0,1,0,0,0,0,0,0,3,1,0,3,0,0,0,3,5,1,0,0,0,2,1,9,5,0,1,0,6,0,0,0,3,0,1,0,1,0,1,0,0,2,5,4,1,156,1,0,0,0,3,0,8,5,51,0,1,0,8,0,263,81,4,2,1,3,0,1,0,20,1,0,0,1,0,0,0,2,0,0,2,0,0,0,0,0,0,0,0,0,0,0,0,0,0,0,1,0,7,0,0,0,0,0,3,0,0,0,0,0,0,2,0,0,0,0,0,0,0,0,0,0,0,2,0,0,0,0,0,0,0,0,0,1,0,0,0,0,0,1,0,16,5,0,4,3,1,0,0,2,0,0,1,12,5,3,4,21,0,0,1,0,0,0,7,0,0,0,0,0,0,0,0,2,135,0,2,6,0,4,5,2,0,1,10,3,0,1,0,0,0,0,0,0,0,0,0,7,0,0,0,0,0,0,2,0,3,0,0,0,19,0,0,4,0,1,0,1,0,0,35,0,0,0,21,0,0,0,0,0,0,0,1,0,2,0,0,0,0,0,1,2,0,0,0,3,32,0,0,1,1,0,44,2,0,0,0,0,0,0,0,7,3,0,0,0,6,0
145,1643,ESCOLA MUNICIPAL PROFESSORA AUGUSTA GLUCK RIBAS,"RUA IZAAC FERREIRA DA CRUZ, 3560",SITIO CERCADO,-25.5348789,-49.2685903,65,0,3189,2564,203,121,0,2,3,11,36,3,5,0,0,15,1,26,0,0,1,0,4,1,2,1,2,7,19,1,0,0,14,0,0,7,0,10,0,1,0,0,0,0,2,8,28,4,0,0,0,67,2,0,1,1,0,0,0,0,0,0,2,27,0,1,1,0,3,1,0,2,3,0,0,0,0,3,95,0,0,0,0,4,1,0,1,0,0,2,2,0,6,0,0,0,0,0,0,0,8,1,0,0,0,2,0,4,1,0,0,0,0,16,27,1,0,0,0,0,0,0,0,0,0,0,0,3,0,0,0,0,8,0,1,0,0,0,25,2,0,0,2,0,0,1,0,0,120,1,4,0,2,1,0,1,0,0,0,0,0,2,2,0,22,0,0,0,14,0,0,0,5,1,0,1,0,0,53,8,52,9,0,3,0,29,0,4,0,0,0,0,0,0,7,0,1,1,1,0,0,1,0,36,0,2,0,0,3,3,0,0,0,1,0,0,0,0,0,0,0,0,1,0,0,0,0,5,0,0,6,0,0,0,0,0,0,0,1,0,0,0,1,0,1,0,0,0,0,0,0,0,0,4,0,0,1,0,0,0,0,0,0,0,0,0,24,0,0,0,2,0,0,0,0,1,1,1,0,0,0,2,2,0,2,0,0,0,0,0,1,0,0,0,0,0,0,4,0,0,0,0,0,0,1,1,0,0,0,0,0,0,1,0,0,0,0,0,1,0,0,0,0,0,0,0,0,1,4,0,0,0,0,0,0,1,0,0,0,0,0,15,2,0,0,0,34,0,0,0,0,3,0,0,9,0,0,0,14,1,0,0,0,0,0,1,0,0,1,0,1,0,0,0,0,0,0,0,0,0,0,0,0,0,0,0,0,8,0,0,0,1,0,0,0,0,1,0,6,0,0,45,1,0,2,2,17,0,0,2,6,0,1,62,0,0,0,2,1,0,0,1,0,0,0,42,0,0,1,0,0,0,0,0,0,1,1,0,0,0,0,0,0,0,0,0,0,0,1,0,1,0,0,1,0,1,0,0,20,0,0,0,5,0,0,0,2,0,0,0,0,0,0,0,0,0,0,0,0,0,0,0,0,0,0,0,0,0,1,1,0,0,0,0,0,0,1,0,0,0,0,0,0,0,1,1,0,0,0,0,0,0,0,0,0,0,0,1,0,0,0,8,1,0,0,1,0,0,13,0,0,0,3,1,0,0,0,0,0,0,0,0,0,0,0,0,0,0,3,0,2,0,0,0,0,0,0,0,0,0,0,0,0,23,0,1,0,10,0,1,3,0,0,0,0,0,0,0,0,0,0,0,0,0,0,0,0,0,1,0,0,1,0,0,0,0,0,0,0,2,0,0,1,0,0,0,0,0,0,0,2,0,0,0,0,0,0,0,0,0,1,0,0,0,8,0,0,0,1,0,3,0,0,11,0,0,0,1,1,0,1,0,0,0,0,0,0,6,1,1,0,0,0,0,1,3,1,0,1,0,2,0,9,1,0,0,0,7,0,0,1,0,0,0,0,1,0,3,0,0,0,4,1,0,130,0,0,1,1,0,0,14,1,45,0,0,1,0,0,148,78,2,1,1,0,0,0,0,13,0,0,0,0,0,0,2,2,1,0,0,0,0,1,0,0,0,2,0,0,1,0,0,1,0,0,0,0,0,0,0,0,1,0,0,1,0,0,0,1,0,0,0,0,0,0,0,0,0,0,0,0,0,1,0,0,0,0,0,0,1,0,0,0,0,0,0,0,0,0,0,6,8,2,6,1,1,0,0,5,0,1,0,7,6,1,1,10,0,0,4,0,0,0,6,0,0,0,0,1,0,0,0,1,71,2,11,5,0,5,1,0,0,0,0,3,0,0,0,0,1,0,0,0,0,0,0,3,0,0,0,0,0,0,0,0,0,0,0,0,8,0,2,0,0,1,0,0,0,0,29,0,0,0,44,1,0,0,0,0,0,0,0,1,0,0,0,0,0,1,5,0,0,0,0,4,16,0,0,1,0,0,29,0,0,0,0,0,0,0,0,2,6,0,0,0,1,0
145,1651,ESCOLA MUNICIPAL RIO NEGRO,RUA CELESTE TORTATO GABARDO 1090,SITIO CERCADO,-25.5446357,-49.2835902,65,0,4344,3456,374,202,0,7,6,3,64,1,7,2,2,18,6,41,2,0,0,0,6,0,2,0,8,11,13,8,0,1,31,0,0,6,0,14,0,0,0,0,0,1,6,0,12,2,0,3,0,61,0,0,1,0,0,0,0,2,0,0,2,57,0,0,0,0,4,7,3,1,22,0,0,0,0,2,131,0,0,0,0,2,0,0,0,0,0,1,0,1,4,1,0,0,1,0,0,0,12,0,0,0,0,7,0,18,3,0,0,0,0,29,72,2,0,0,0,0,0,0,0,1,0,0,0,3,0,0,2,0,3,0,2,0,0,0,40,0,2,0,0,0,0,0,0,0,138,0,4,0,0,0,0,0,0,1,0,0,0,5,0,0,34,0,0,0,10,0,0,0,1,4,0,2,0,0,64,0,56,5,1,5,0,39,4,8,0,1,0,0,0,1,16,0,0,0,0,0,0,2,0,54,0,0,1,0,2,2,0,0,0,1,0,0,0,0,0,0,0,0,0,0,0,0,0,1,0,0,1,0,0,0,7,0,2,1,0,2,0,0,0,0,0,0,0,2,0,0,0,0,6,7,0,0,1,0,0,0,0,0,0,1,0,0,48,0,0,1,1,0,1,0,0,0,3,1,1,0,2,7,4,0,0,0,0,0,0,0,0,0,0,0,0,0,0,3,0,0,0,0,0,0,0,2,0,0,0,0,0,1,0,0,0,0,0,0,0,0,0,1,0,1,0,0,0,0,1,0,0,0,0,0,0,0,0,0,0,0,0,12,2,0,0,0,48,0,0,2,0,2,0,0,8,0,0,0,13,1,0,0,0,0,0,2,0,0,0,0,0,0,0,0,0,0,0,0,0,1,0,0,0,0,0,0,0,0,0,0,0,0,0,0,0,0,3,0,15,0,0,38,0,3,1,1,6,1,0,7,2,0,0,93,3,0,0,4,0,0,0,1,0,1,0,29,0,0,1,0,3,0,0,0,0,2,1,0,0,3,3,0,0,0,1,0,0,0,1,0,0,0,0,0,0,0,1,0,22,0,0,0,1,0,1,0,0,0,0,0,0,0,0,0,0,0,0,0,0,0,0,0,2,0,0,0,0,0,0,0,1,0,0,0,0,0,4,0,0,0,0,0,0,1,0,0,9,3,0,0,0,0,1,0,0,0,0,0,1,0,0,2,0,0,0,1,3,0,28,0,2,1,14,1,0,0,0,0,0,0,2,0,0,0,0,3,0,0,7,0,0,0,0,0,0,0,1,0,0,1,0,0,1,25,0,0,0,0,0,0,3,0,0,0,0,0,0,0,0,0,0,2,0,0,0,0,3,0,0,0,0,0,0,0,0,2,1,0,0,0,0,0,0,0,1,0,0,0,0,0,0,0,0,0,0,0,0,0,0,0,24,0,0,0,14,0,0,0,4,0,2,0,0,19,0,1,0,7,6,0,0,0,0,0,0,0,0,5,0,0,0,0,0,1,0,1,0,0,0,1,1,0,11,0,0,0,0,8,0,0,0,1,0,5,0,1,0,1,0,0,2,10,3,0,160,1,1,0,0,0,0,15,6,37,0,0,2,0,0,126,87,1,4,0,0,0,0,0,24,0,0,0,0,1,0,3,1,0,0,3,0,0,0,0,0,0,2,0,1,0,0,0,0,0,0,1,0,0,0,0,0,0,1,4,1,0,0,1,1,0,0,0,0,0,0,0,0,0,0,0,0,0,0,0,0,2,0,0,0,0,0,0,0,0,0,0,0,0,0,0,11,12,4,18,0,0,0,0,0,1,0,0,2,4,5,4,20,1,1,0,0,0,0,5,0,0,0,0,0,0,0,0,1,167,2,1,5,0,2,1,1,0,1,0,1,0,0,0,0,0,0,3,0,0,0,0,4,1,0,2,0,0,0,0,0,0,0,0,1,7,0,0,2,0,0,0,0,2,0,25,1,0,0,14,0,0,0,0,0,0,0,0,2,1,0,0,0,0,0,9,7,1,0,0,1,43,1,0,2,0,0,44,0,0,0,1,0,0,0,0,1,1,0,0,0,2,1
145,1686,ESCOLA ESTADUAL PADRE CLAUDIO MORELLI,RUA LUIZ NICHELLE  08,UMBARA,-25.5688566,-49.2856729,73,0,5751,4821,455,258,0,5,14,20,53,4,10,0,3,16,1,60,1,1,0,0,17,0,1,0,12,5,28,1,3,0,24,1,2,5,1,36,1,1,0,0,0,0,3,1,16,6,0,1,0,52,1,0,0,0,0,0,3,4,0,0,7,27,0,7,0,0,3,7,1,5,86,0,0,0,0,2,157,1,0,0,0,4,1,0,0,0,0,3,0,0,1,1,0,0,0,0,0,0,55,0,0,2,0,7,0,19,0,0,0,0,0,120,58,1,0,0,0,0,0,0,0,0,0,0,4,2,4,0,0,0,6,0,7,0,0,1,73,0,0,0,0,0,0,0,0,2,187,1,4,0,0,0,0,0,0,0,0,0,0,15,8,0,39,0,0,0,9,0,0,0,1,2,1,2,0,1,58,1,51,5,7,2,0,57,6,3,0,1,2,0,1,0,8,0,1,1,0,0,0,0,2,57,0,0,0,1,1,1,0,0,0,0,0,0,0,0,2,0,0,0,2,1,0,0,0,13,0,0,0,0,0,0,3,0,0,0,0,0,0,0,1,0,1,0,1,3,0,1,0,0,0,3,0,0,1,1,0,0,0,1,0,0,0,0,19,0,0,0,13,0,0,0,0,1,0,2,0,0,1,3,20,0,0,0,0,0,0,0,5,0,0,0,1,0,0,5,0,0,0,0,0,0,0,3,0,0,0,0,0,3,2,0,0,0,0,0,0,0,0,0,0,0,0,0,0,1,4,0,0,0,2,1,6,0,0,0,0,0,0,30,2,3,0,0,79,0,0,0,0,21,0,0,9,4,0,0,47,1,0,0,0,0,0,4,1,0,0,0,0,1,0,0,0,0,0,0,0,0,0,0,0,0,4,0,0,0,0,0,0,0,0,0,0,0,2,5,14,0,0,61,2,0,2,2,12,5,0,8,1,0,0,177,1,2,0,1,0,0,0,0,1,1,0,35,0,1,2,1,0,0,0,0,2,3,1,1,2,2,3,0,0,0,0,0,0,0,5,0,0,0,0,0,2,0,0,0,19,3,0,0,3,0,3,0,0,0,0,1,0,0,0,0,1,0,0,0,1,0,1,0,0,0,0,0,0,0,0,0,0,0,0,0,0,1,2,0,0,1,0,1,0,0,0,0,4,0,0,0,0,0,1,0,0,0,0,0,2,2,1,3,1,0,2,4,1,1,31,2,0,10,3,0,0,0,0,1,0,0,0,0,0,0,0,1,1,0,11,0,5,0,0,0,1,1,0,0,0,0,1,0,0,49,0,8,0,7,0,0,4,1,0,0,0,0,0,0,0,0,2,3,0,0,0,0,0,0,1,0,0,0,0,0,0,0,1,0,0,1,0,0,2,0,1,0,0,0,0,0,16,0,0,0,0,0,0,0,0,0,0,0,0,0,7,0,0,0,10,0,1,0,1,2,1,0,0,7,4,0,3,0,0,0,0,0,1,3,2,1,0,0,0,2,2,5,0,0,1,0,0,0,12,3,0,0,0,20,0,0,1,0,0,0,0,5,0,0,0,0,2,6,12,0,235,1,2,0,3,12,0,21,7,57,0,0,1,0,0,119,124,0,1,4,0,0,0,0,20,0,0,0,0,0,0,1,3,4,0,1,0,0,1,0,0,1,2,0,1,0,0,0,3,0,0,3,0,0,0,1,0,0,0,4,0,1,0,0,2,0,0,0,0,0,0,0,0,0,0,0,1,0,1,0,0,0,0,0,1,0,0,0,0,1,0,0,0,0,0,0,15,9,6,4,1,0,0,1,5,0,0,0,3,4,64,1,31,2,0,2,0,0,0,7,0,0,0,0,2,0,0,0,0,378,2,1,10,0,5,3,5,1,3,1,7,3,0,3,0,1,0,1,0,0,0,1,2,5,0,0,0,0,0,7,0,0,0,0,0,9,0,1,0,0,0,0,0,0,0,17,0,0,0,41,1,0,0,0,0,0,0,0,0,3,0,0,0,0,0,2,2,2,0,0,2,75,0,0,4,0,0,51,0,0,0,1,0,0,0,0,1,4,0,0,0,6,2
145,1694,ESCOLA ESTADUAL SAO SEBASTIAO,RUA NICOLA PELANDA    8065,UMBARA,-25.5924573,-49.276508,73,0,2323,1947,179,86,0,3,14,1,14,0,2,0,0,14,1,31,0,0,0,0,4,1,0,0,9,3,15,4,1,0,10,0,0,1,0,5,0,0,0,0,0,0,1,0,2,0,0,0,0,37,0,1,0,0,0,0,2,0,0,0,0,8,0,0,1,0,0,1,0,1,20,0,0,0,1,0,67,0,0,0,0,2,0,0,0,0,0,0,2,0,2,0,1,0,0,0,1,1,19,0,0,0,0,6,0,5,0,0,0,1,0,145,34,1,0,0,0,0,0,0,0,0,0,0,1,1,1,0,0,0,3,0,0,0,0,0,19,0,0,0,0,0,0,1,0,0,37,0,3,0,0,0,0,0,0,0,0,0,0,8,0,0,4,0,0,0,6,0,0,0,1,0,0,2,0,0,20,1,15,0,0,0,0,14,1,2,0,0,1,0,0,2,2,0,0,0,1,0,0,0,0,11,0,0,0,0,0,0,0,0,0,0,0,0,0,0,0,0,0,0,6,0,0,0,0,0,0,0,0,0,0,0,0,0,0,0,1,0,0,0,0,0,0,0,0,1,0,0,0,0,1,5,0,0,0,0,0,0,0,0,0,0,0,0,15,0,0,0,2,0,0,2,0,0,0,0,0,0,4,2,4,0,0,0,1,0,0,0,1,1,0,0,0,0,0,4,0,0,0,0,0,0,0,0,1,0,0,0,0,0,0,0,0,0,0,0,0,0,0,0,0,0,0,0,0,0,0,1,0,0,0,0,5,0,0,0,0,0,0,9,0,0,0,0,29,0,0,0,0,1,0,0,2,0,0,0,11,0,0,0,0,0,0,0,0,0,0,0,0,0,0,1,0,0,0,0,0,0,0,0,0,0,1,0,0,0,0,0,0,0,0,0,0,0,0,4,14,0,1,20,0,0,3,0,2,0,0,4,1,0,0,77,0,0,0,0,0,0,0,0,0,4,0,15,0,0,0,1,0,0,0,0,0,3,0,0,0,0,3,0,0,1,0,0,0,0,3,0,0,2,0,0,1,0,0,0,12,0,0,0,0,0,0,0,0,0,0,0,0,0,0,0,0,0,0,0,0,1,0,0,0,0,0,0,0,0,0,0,0,0,0,0,0,0,2,0,0,0,0,0,0,0,0,1,1,0,0,0,0,0,0,0,0,0,0,0,0,0,1,0,0,0,1,2,1,0,9,0,0,1,6,0,0,0,0,1,0,0,1,0,0,0,0,0,0,0,8,0,2,0,0,0,0,0,0,0,0,0,0,0,0,18,1,5,0,0,0,2,6,1,0,0,0,0,0,0,1,0,0,3,0,0,0,0,0,0,0,0,0,0,0,0,0,0,3,0,0,0,0,0,0,0,0,0,0,0,0,0,3,0,0,0,0,1,0,0,0,0,1,0,0,0,1,1,0,0,0,0,1,0,0,4,0,0,0,0,1,0,3,0,0,0,0,0,0,4,1,0,0,0,0,0,0,3,0,0,0,0,0,0,2,1,0,0,0,2,0,1,0,0,0,0,3,0,0,0,1,0,0,3,7,4,125,0,0,0,0,1,0,17,3,19,0,1,1,0,0,35,47,0,2,1,0,0,0,0,27,0,0,0,0,0,0,0,2,1,0,0,0,0,0,0,0,0,1,0,1,0,1,0,0,0,0,0,0,0,0,0,0,0,0,0,0,0,0,0,0,0,0,0,0,0,0,0,0,0,0,0,0,0,0,0,0,0,0,0,0,0,0,0,0,0,0,0,0,0,0,0,5,7,3,0,1,1,0,1,14,0,0,0,1,2,33,0,17,1,0,0,0,0,0,6,0,0,0,0,0,0,0,0,0,151,0,2,1,0,0,0,0,0,0,0,0,0,0,0,0,0,0,0,0,0,0,0,0,0,0,0,0,0,0,0,0,0,0,2,0,3,0,1,0,0,0,2,0,0,1,11,0,0,0,16,0,0,0,0,0,0,0,0,1,0,0,0,0,0,0,0,0,0,0,0,1,32,0,0,0,0,0,16,0,0,0,1,0,0,0,0,1,1,0,0,0,2,0
145,1783,ESCOLA MUNICIPAL CEI CARLOS DRUMOND DE ANDRADE,RUA JANDAIA DO SUL 50,SITIO CERCADO,-25.5546761,-49.253201,65,0,3567,2896,301,184,0,2,8,8,51,0,4,1,0,21,5,26,0,0,0,1,6,0,1,0,5,7,33,6,1,0,21,1,0,1,0,5,0,0,0,0,0,0,2,0,5,5,0,0,0,55,2,0,0,0,0,0,3,1,0,0,1,25,0,1,3,0,4,4,3,0,2,0,0,2,4,5,112,0,0,0,0,0,0,0,1,0,0,2,0,1,11,2,5,0,0,0,0,0,27,0,0,0,0,5,0,11,4,1,0,0,0,16,32,0,0,0,0,0,0,0,0,0,0,0,2,3,0,0,0,1,39,0,0,0,0,0,18,0,0,1,1,0,0,3,0,0,119,0,5,0,0,0,1,0,0,0,0,0,0,7,2,0,47,1,0,0,13,0,1,0,3,1,0,1,0,0,44,1,41,3,0,0,0,44,1,1,0,0,0,1,0,2,15,0,1,0,1,0,0,0,1,43,0,0,0,0,1,0,0,0,0,0,0,0,0,0,0,0,0,0,0,0,0,0,0,1,0,0,5,0,0,0,1,0,1,0,0,1,0,0,3,0,0,0,0,0,0,0,0,0,3,81,0,0,2,0,0,0,0,0,0,0,0,0,30,0,1,0,0,0,0,0,0,0,0,1,2,0,0,0,1,0,0,0,0,0,0,0,1,0,0,0,0,0,0,2,0,0,0,0,0,0,0,18,0,0,6,0,0,0,0,0,0,0,0,0,0,1,0,0,0,0,2,0,0,0,1,0,0,0,1,0,0,0,0,0,0,0,0,4,0,0,0,0,34,0,0,0,0,6,0,0,2,1,0,0,15,0,0,1,0,0,0,0,0,0,0,0,0,0,0,0,0,0,0,0,0,0,0,0,0,0,0,0,1,0,0,0,0,0,0,0,0,0,0,1,5,1,0,17,0,0,2,1,24,2,0,1,6,0,0,69,0,0,0,2,0,2,0,0,0,1,0,46,0,1,0,0,0,0,0,0,0,3,0,0,0,0,1,0,1,0,1,0,0,0,0,0,0,0,0,0,1,0,1,0,21,0,0,0,3,0,0,0,0,0,0,0,0,0,0,0,0,0,0,0,1,0,0,0,0,0,0,0,0,0,1,0,1,0,0,0,0,0,0,0,0,0,0,0,0,0,0,0,1,0,0,0,0,0,0,0,0,0,0,1,0,0,0,0,2,0,0,0,0,1,6,0,0,0,3,0,0,0,1,0,0,0,1,0,0,1,0,1,0,0,3,0,2,0,0,0,0,0,0,0,0,0,0,0,0,17,0,1,0,6,0,0,0,0,0,0,0,0,0,0,0,0,0,0,0,0,0,0,0,0,0,0,0,0,0,0,0,0,0,0,0,0,0,0,0,0,0,0,0,0,0,0,5,0,0,0,0,0,0,0,0,0,1,0,0,0,9,0,0,0,6,0,1,0,0,1,0,2,0,0,1,0,0,0,0,0,0,0,0,6,1,2,0,0,0,0,2,2,0,1,0,0,0,0,7,2,0,0,0,2,0,0,0,0,0,0,0,25,0,1,0,0,0,4,3,0,101,0,1,0,1,3,0,10,1,30,0,0,3,0,0,191,74,1,2,2,0,0,1,0,39,0,0,0,0,0,0,0,5,2,0,0,0,0,0,0,1,0,0,0,0,0,0,0,2,0,1,1,0,0,0,0,0,0,0,0,2,0,0,3,0,0,0,0,0,0,0,0,0,0,0,0,0,1,0,0,0,0,0,0,0,3,0,0,0,0,0,0,1,0,0,0,17,9,2,5,2,0,0,0,1,0,0,0,2,3,7,0,13,0,0,0,0,0,0,3,0,0,0,0,0,0,0,0,1,83,1,4,4,1,2,0,5,0,0,1,4,0,0,0,0,3,0,1,0,0,0,0,5,2,0,0,0,0,0,1,1,0,0,0,0,5,0,0,1,0,0,0,2,4,0,26,0,0,0,12,3,0,0,0,0,0,0,0,0,3,0,0,0,0,0,3,1,0,0,0,7,23,0,0,0,0,0,33,0,0,0,0,0,0,0,0,3,1,1,0,0,2,0
145,1791,ESCOLA MUNICIPAL PROFESSORA REJANE,RUA NOVA AURORA 1000 - VILA TECNOLOGICA,SITIO CERCADO,-25.5491428,-49.2707366,65,0,2970,2454,200,135,0,3,5,5,34,1,6,0,0,15,1,26,1,0,1,0,8,0,1,1,8,2,13,4,1,0,8,1,2,1,0,8,1,3,0,0,0,0,2,2,2,1,0,6,0,37,0,1,4,0,0,0,1,1,0,0,0,23,0,0,1,0,1,3,0,0,1,0,0,2,0,1,73,0,0,0,0,1,0,0,0,0,0,0,0,0,3,0,1,0,1,0,1,0,3,0,0,0,0,2,0,1,0,0,0,1,0,13,28,0,0,0,0,0,0,0,0,0,0,0,0,1,0,0,0,0,0,0,2,0,0,0,25,0,0,0,0,0,0,0,0,1,439,0,2,0,0,0,0,0,0,0,0,0,0,2,2,0,16,0,0,0,10,0,1,0,1,0,0,1,0,0,38,0,24,4,0,0,0,31,0,2,0,0,0,0,0,0,8,0,0,0,0,0,1,1,0,24,0,1,0,0,0,0,0,0,0,0,0,0,0,0,0,0,0,0,1,0,0,0,0,4,0,0,2,0,0,0,1,0,0,1,0,3,0,0,1,0,0,0,0,0,0,0,0,0,0,3,0,0,1,0,0,0,0,0,1,0,0,0,34,0,0,1,1,0,0,0,0,0,1,1,0,0,1,0,14,0,1,0,0,0,0,0,0,0,0,0,1,0,0,2,0,0,0,0,0,0,0,0,0,0,0,0,0,1,0,0,0,0,0,2,0,1,0,0,0,0,0,0,0,0,1,0,0,4,0,0,3,0,0,0,0,1,1,10,2,0,0,0,37,0,0,0,0,6,0,0,5,0,0,0,8,2,0,0,0,0,0,0,0,0,0,0,2,0,0,1,0,0,0,0,0,1,0,0,0,0,0,0,0,0,0,0,0,0,0,0,0,0,2,1,10,0,0,26,0,0,3,0,7,1,0,4,10,1,0,69,0,0,0,4,0,2,0,0,0,0,0,35,0,1,1,0,0,0,0,0,1,0,0,0,0,0,0,0,0,0,0,0,0,0,0,0,0,0,1,1,0,0,0,0,14,0,0,0,1,0,0,3,0,0,4,0,0,0,0,0,0,0,0,0,0,0,0,0,0,0,0,0,0,0,0,0,0,0,0,0,0,0,1,0,0,0,0,0,0,0,0,0,14,0,0,0,0,0,0,0,0,0,0,0,0,0,0,0,7,0,0,0,0,0,16,0,1,0,2,0,0,0,0,0,0,0,0,0,0,0,0,0,0,0,2,0,1,0,1,1,0,0,0,0,0,0,0,0,0,27,0,0,0,6,0,1,2,0,0,0,0,0,0,0,0,0,0,2,0,0,0,0,0,0,0,0,0,0,0,0,0,0,0,0,0,0,0,0,0,0,0,0,0,0,0,0,1,0,0,0,0,0,1,0,0,0,0,0,0,0,2,0,0,0,0,0,0,0,0,3,0,1,1,1,2,0,2,0,0,0,0,0,0,2,1,5,0,0,0,0,2,3,0,0,0,0,0,0,7,2,0,0,0,1,0,1,0,0,0,0,1,4,0,3,1,0,0,2,2,0,93,0,0,0,5,0,0,9,1,17,0,0,0,2,0,71,108,0,0,0,0,2,0,0,18,0,0,0,0,0,1,1,4,0,0,2,0,0,0,0,0,0,0,0,2,0,1,0,0,0,0,1,0,2,0,0,0,0,0,3,1,0,0,0,0,0,0,0,0,0,0,0,0,0,0,0,0,0,0,0,0,0,0,0,0,0,0,0,0,0,0,0,0,0,0,0,6,7,0,4,2,0,1,0,0,1,0,0,4,2,5,1,5,4,0,1,0,0,0,6,0,0,0,0,0,0,0,0,0,73,0,3,5,0,1,0,2,0,0,1,3,0,0,0,0,0,0,2,1,0,0,0,6,0,0,1,1,0,0,1,0,0,0,0,0,5,0,0,1,0,0,0,0,0,0,25,0,0,0,13,0,0,0,0,0,0,3,0,1,1,0,0,0,0,0,3,0,0,1,0,1,28,0,0,0,0,0,26,0,0,0,1,0,0,0,0,1,0,0,0,0,2,0
145,1805,ESCOLA MUNICIPAL SADY SOUSA,"RUA CEL. VICTOR AGNER KENDRICK, 440",SITIO CERCADO,-25.5338354,-49.2616557,65,0,4441,3736,323,180,0,7,8,9,56,1,3,0,0,12,2,48,9,1,0,0,13,0,0,2,6,11,29,4,1,0,15,0,2,4,0,13,1,5,0,1,0,0,7,3,11,4,0,1,0,42,3,0,0,0,0,0,2,5,0,0,4,25,0,1,0,0,7,7,2,2,2,0,0,1,0,1,133,0,0,0,0,2,0,3,0,0,0,2,0,0,8,0,1,0,0,0,0,0,7,0,0,0,0,6,0,3,1,0,0,0,0,22,40,1,0,0,0,0,0,0,0,0,1,0,2,5,0,0,0,0,24,0,0,0,0,0,44,2,0,0,4,0,0,0,0,0,197,1,5,0,0,0,0,0,0,0,0,0,0,3,2,0,21,0,1,0,12,0,0,0,5,0,0,1,0,0,42,1,61,6,2,0,0,61,1,3,0,1,0,2,1,3,19,0,0,0,2,1,1,0,0,61,0,1,0,2,0,0,0,0,0,4,0,1,0,0,1,0,0,0,0,1,0,0,0,3,0,0,3,0,0,0,6,1,0,2,0,0,2,0,2,1,0,0,0,0,0,3,0,0,3,0,0,0,0,0,0,0,0,1,2,3,1,0,37,0,0,0,0,0,1,0,0,3,0,3,0,0,1,0,4,0,0,0,0,0,0,0,2,0,0,0,0,0,0,5,0,0,0,0,0,0,0,2,1,0,0,0,0,2,2,0,0,0,0,0,0,0,0,1,0,0,1,0,0,1,2,0,0,0,0,0,0,0,0,1,0,0,1,23,13,0,0,0,40,0,0,0,0,7,0,0,11,0,0,0,20,0,0,1,0,0,0,0,0,0,0,0,0,0,0,0,0,0,0,1,0,0,0,0,0,0,0,0,0,3,0,0,0,0,0,0,0,0,3,2,12,0,0,48,0,0,5,1,11,4,0,5,7,0,0,103,1,0,1,1,1,1,0,2,1,2,0,64,1,0,0,0,0,2,0,0,0,2,1,0,0,0,5,0,0,0,1,0,0,0,0,0,0,0,0,0,0,1,0,0,18,0,0,0,64,0,1,1,0,0,0,0,0,0,0,0,0,0,0,0,0,0,0,0,0,0,1,0,0,0,1,2,0,0,0,0,0,0,0,0,2,0,2,0,0,0,0,1,1,0,0,0,0,0,0,0,0,0,0,0,0,0,2,37,0,0,1,1,1,1,12,0,4,1,10,2,0,0,0,0,0,0,0,0,0,0,0,0,0,0,2,1,7,0,0,0,0,0,0,0,0,0,0,0,1,73,0,5,0,20,0,4,5,0,0,0,0,0,0,0,0,0,0,1,0,0,0,0,0,0,0,0,0,1,0,0,0,1,1,0,0,0,0,0,1,0,0,0,1,0,0,0,0,0,0,0,0,1,0,0,0,0,1,0,0,0,6,0,0,0,0,0,1,0,1,5,0,4,0,0,4,1,2,0,0,0,0,0,0,5,3,0,0,1,0,0,1,5,2,1,0,0,2,1,9,2,0,0,0,3,0,0,0,0,0,0,0,8,0,3,0,0,0,5,2,0,142,0,6,0,0,5,0,21,1,52,0,0,4,0,0,229,114,0,2,0,0,0,1,0,37,0,0,1,0,0,0,1,2,1,0,3,0,0,0,0,0,0,1,0,0,2,0,0,0,0,0,1,0,2,0,0,0,0,0,1,0,0,0,0,1,0,0,0,0,0,0,0,0,0,0,0,0,1,3,0,0,3,1,0,1,0,0,0,0,0,1,0,0,0,0,0,5,13,5,3,3,1,0,0,5,0,0,0,5,8,5,1,26,3,0,3,0,0,0,2,0,0,0,0,0,0,1,0,0,156,1,3,4,0,8,4,1,0,2,0,0,0,1,1,0,0,0,5,0,0,0,0,2,3,0,1,0,0,0,2,0,3,1,0,1,10,0,3,0,0,1,0,0,2,0,32,0,0,0,42,8,0,0,0,0,0,0,1,2,1,0,1,0,0,0,5,1,1,0,0,13,26,0,0,2,0,0,30,0,2,0,0,0,0,0,0,4,4,2,0,0,3,0
145,1813,COLEGIO ESTADUAL BENEDICTO JOAO CORDEIRO,"RUA EURICO ZYTKIEVITZ, 143",SITIO CERCADO,-25.5416367,-49.2732583,65,0,7243,5783,613,312,0,8,11,16,88,4,10,0,1,20,3,59,0,2,0,0,12,1,2,1,6,10,36,8,4,3,27,0,6,2,0,24,0,4,0,1,0,0,6,10,10,3,0,2,0,89,1,0,1,0,1,0,2,3,0,0,7,100,0,4,0,0,0,7,10,1,5,0,1,1,2,3,200,0,0,0,0,6,0,3,0,0,0,0,1,0,9,0,0,0,0,0,0,0,4,2,0,0,0,5,0,15,1,1,0,2,0,46,58,0,0,0,0,0,0,0,2,0,0,0,6,9,0,0,0,1,4,0,1,0,0,2,67,0,0,0,6,1,1,1,0,1,506,0,7,0,0,0,1,0,0,0,0,1,1,3,2,0,28,0,0,0,25,0,1,0,4,5,0,1,1,0,98,6,98,10,8,3,0,88,4,6,0,2,1,0,1,1,12,1,0,1,2,0,0,2,1,68,0,2,0,0,1,1,0,0,0,1,1,0,1,0,1,0,0,0,0,0,0,0,0,3,0,0,0,0,0,1,0,0,0,1,0,3,4,0,1,0,1,0,0,2,0,0,0,1,1,4,0,0,1,1,0,0,0,0,1,1,1,0,85,0,0,0,0,0,0,0,0,1,0,2,1,0,4,3,13,0,0,0,0,0,0,0,2,3,0,0,0,1,0,4,0,0,0,0,0,1,0,9,0,0,1,0,0,1,0,1,0,0,0,0,0,0,0,1,0,0,0,0,0,1,5,1,0,2,1,0,1,1,0,0,0,1,0,18,5,0,0,0,88,0,0,0,0,14,0,0,18,6,0,0,29,2,0,6,0,0,1,5,0,0,0,0,0,0,0,0,0,0,0,0,0,0,0,0,0,0,0,0,0,5,0,0,0,1,0,0,0,0,3,2,15,0,2,68,0,3,7,3,17,4,1,7,7,0,0,143,1,0,0,4,0,2,0,0,2,3,0,67,0,6,0,0,0,0,0,0,2,3,3,0,0,2,2,0,1,0,4,0,0,0,3,0,1,1,0,3,3,0,0,1,29,0,0,0,2,0,0,2,0,0,0,0,0,0,0,0,0,2,0,0,1,0,0,0,0,0,0,0,0,1,2,1,0,0,0,0,0,0,1,0,0,0,4,0,0,0,0,1,18,0,0,0,0,0,1,0,0,0,0,0,0,0,0,1,0,1,0,1,1,2,33,0,0,1,10,1,0,0,0,0,0,0,4,0,0,0,0,2,0,0,8,0,4,0,0,0,0,0,2,0,0,0,0,0,0,94,0,2,0,21,0,0,8,5,0,0,1,0,0,0,1,0,0,1,0,0,0,0,4,0,0,0,0,0,0,0,0,0,0,1,0,0,1,0,0,0,0,0,0,0,0,0,4,0,0,0,0,0,0,0,0,0,8,0,0,1,12,0,0,0,9,0,2,0,2,14,0,3,0,0,3,0,3,0,0,0,0,0,0,19,4,2,0,0,0,0,1,5,1,3,0,0,0,0,10,2,0,0,0,5,0,0,0,0,2,0,2,4,0,5,0,0,1,5,8,0,271,0,2,0,2,0,1,21,5,78,2,0,4,0,0,259,120,2,0,1,0,0,0,0,27,0,0,0,0,0,1,1,9,1,0,4,0,0,3,0,0,2,0,1,1,0,1,0,2,0,2,1,0,13,1,0,0,0,0,5,4,0,0,1,0,0,0,0,0,0,0,0,0,0,2,2,0,0,4,0,0,1,0,0,0,2,0,0,0,0,2,0,1,1,0,0,30,16,8,14,3,1,0,0,2,2,2,0,16,9,8,4,32,3,0,2,0,0,0,6,0,1,3,0,0,0,0,0,2,190,3,7,8,0,8,3,3,0,6,2,2,2,1,0,0,0,0,1,0,0,0,0,5,1,0,1,0,1,0,2,0,1,0,0,2,12,0,0,0,0,0,0,0,0,0,58,0,0,0,38,1,0,0,0,0,0,0,1,1,1,0,2,0,0,0,4,3,5,0,0,13,60,0,0,5,0,0,81,0,0,0,0,0,0,0,0,2,7,0,0,0,4,2
145,1821,COLEGIO ESTADUAL LUIZ CARLOS PAULA E SOUZA,RUA ALBERTO SABIM 300,UMBARA,-25.5576492,-49.2804141,73,0,3973,3140,357,174,0,4,8,6,34,3,5,0,0,13,1,24,2,0,1,1,4,0,1,1,12,5,21,4,1,0,11,1,1,3,0,5,0,1,0,0,0,1,4,0,8,1,1,0,0,47,1,0,0,0,0,0,3,0,0,0,1,39,0,1,1,1,1,3,2,1,89,0,0,0,3,2,119,0,0,0,0,2,1,0,0,0,1,1,0,1,2,0,3,1,1,0,0,0,10,0,0,1,0,7,0,17,1,0,0,1,0,50,39,0,0,0,0,0,0,0,0,0,0,0,2,10,2,0,0,0,4,0,2,0,0,0,21,0,0,0,1,0,0,0,0,0,103,0,5,0,0,0,0,0,0,0,0,3,0,8,4,0,45,0,0,0,18,0,1,0,6,0,0,0,0,0,40,1,43,6,4,0,0,42,0,4,0,1,1,1,0,1,10,0,0,2,1,1,2,0,1,45,0,2,0,1,1,0,0,0,0,0,0,0,1,0,0,0,0,0,0,0,0,0,0,1,0,0,2,0,0,0,27,0,0,1,0,0,1,0,0,0,0,0,0,0,0,0,0,0,0,6,0,2,1,2,0,0,0,1,0,0,0,0,44,0,0,0,9,0,0,0,0,0,0,7,0,0,2,9,3,0,0,0,0,0,0,0,1,0,0,0,0,0,0,2,0,0,0,0,0,0,1,7,0,0,0,0,0,0,0,0,1,1,0,0,0,0,0,0,0,0,0,0,0,0,0,0,0,0,2,0,0,0,0,0,0,0,0,14,2,0,0,0,48,0,0,0,0,4,0,0,9,0,0,0,10,0,0,3,0,1,0,0,0,0,0,0,0,1,0,0,0,0,0,0,0,2,0,0,0,0,0,0,0,2,0,0,0,0,0,0,0,0,5,5,7,0,0,33,1,0,1,3,4,1,0,3,1,1,0,77,0,0,0,3,0,0,0,0,0,0,0,21,0,3,1,1,0,0,0,0,2,1,0,2,0,0,5,0,0,1,0,0,0,0,6,0,1,1,0,0,1,0,0,0,18,0,0,0,8,0,1,0,1,0,0,0,0,0,0,0,0,0,0,0,2,0,0,0,0,0,0,0,0,0,0,0,0,0,0,0,0,0,1,0,0,0,0,0,0,0,0,0,3,0,0,0,0,0,0,0,0,0,1,2,0,0,0,2,1,0,0,0,3,0,26,0,0,1,4,0,0,0,0,0,0,0,0,0,0,0,1,0,0,0,2,1,0,0,1,0,0,1,0,0,0,0,0,0,0,18,0,2,0,5,1,0,5,0,1,0,0,0,0,0,0,0,0,1,0,0,0,0,0,0,0,0,0,0,0,0,0,0,2,0,0,2,0,0,0,0,0,0,0,0,0,0,31,0,0,0,0,0,0,0,0,0,3,0,0,0,5,0,0,0,2,0,5,1,0,3,0,0,0,8,3,0,3,0,0,0,0,0,0,6,2,0,0,0,0,0,0,5,0,0,0,0,0,0,7,0,0,0,0,4,0,0,1,0,0,0,0,4,0,5,0,0,0,3,2,1,152,0,0,0,3,3,0,18,7,41,0,4,5,0,0,143,72,1,3,1,0,0,0,0,27,0,0,0,0,1,0,2,4,2,0,1,0,0,0,0,0,0,1,0,0,0,0,0,0,0,0,2,0,2,0,0,0,0,0,2,1,1,0,0,0,0,0,0,0,0,0,0,0,0,0,0,0,3,0,0,0,0,0,0,0,0,0,0,0,0,0,0,0,0,0,0,4,6,15,3,2,0,1,0,2,1,0,0,0,2,3,7,24,2,0,3,0,0,0,7,0,0,0,0,0,0,0,0,0,88,0,4,10,0,0,4,3,0,0,1,5,1,0,0,0,0,0,0,0,0,0,0,1,4,0,0,0,0,1,1,0,0,0,0,0,5,0,0,1,1,0,0,1,1,0,36,0,0,0,26,0,0,0,0,0,0,0,0,1,2,2,0,0,0,0,1,0,1,0,0,2,41,0,0,2,0,0,38,0,0,0,0,0,0,0,0,10,1,0,0,0,2,0
145,1848,ESCOLA ESTADUAL PROFESSOR TEOBALDO LEONARDO KLETEMBERG,"RUA MARIO GASPARIN, 950",SITIO CERCADO,-25.543921,-49.2527113,65,0,4326,3504,412,161,0,0,5,16,52,3,13,0,0,12,2,26,1,0,0,0,8,1,0,0,4,7,33,5,0,0,19,2,3,3,0,9,1,2,0,1,0,0,2,0,6,0,0,1,0,47,3,0,1,0,0,0,0,1,0,0,0,47,0,0,0,0,3,3,2,0,2,0,0,1,0,1,124,0,0,0,0,2,0,0,0,0,5,1,0,0,14,0,0,0,0,0,0,1,4,0,0,0,0,5,0,5,0,5,0,0,0,16,40,1,0,0,0,0,0,0,0,0,0,0,0,7,0,0,0,0,5,1,1,0,0,0,32,0,0,0,0,1,0,1,2,1,444,0,8,0,0,0,0,2,0,0,0,0,0,5,2,0,27,0,0,1,9,0,0,0,3,1,1,0,0,0,37,2,50,3,5,1,0,39,2,3,0,0,0,1,0,0,13,0,0,0,0,1,1,0,1,42,0,1,0,0,0,0,0,0,0,1,0,0,0,0,0,0,0,0,0,0,0,1,0,2,0,0,1,0,0,1,1,0,0,0,0,1,2,0,8,0,0,0,0,0,0,0,0,0,2,2,0,0,0,0,0,0,0,0,0,5,1,0,28,0,0,0,0,0,0,0,0,1,1,1,0,0,0,0,23,0,0,0,1,0,0,0,0,1,0,0,0,0,0,3,0,0,0,0,0,0,0,2,1,0,0,0,0,1,1,0,0,0,1,0,0,0,0,0,0,1,0,0,0,1,1,0,0,1,0,0,3,1,0,0,0,0,0,8,4,0,0,0,51,0,0,0,0,8,0,0,9,1,0,0,30,0,0,0,0,1,0,1,0,0,0,0,0,0,0,0,0,0,0,0,0,0,0,0,2,0,0,0,0,0,0,0,0,0,0,0,1,0,2,1,9,0,0,41,2,0,4,1,7,1,0,3,5,0,0,107,1,1,0,5,0,0,0,0,0,2,1,42,0,0,3,0,0,0,0,0,2,0,1,0,0,0,0,0,0,0,1,0,0,0,2,1,0,0,0,0,0,0,1,0,20,0,0,0,13,0,0,2,0,0,0,0,0,0,0,0,0,0,0,0,1,0,0,0,0,0,0,0,0,0,0,0,0,0,0,0,0,1,0,0,0,0,0,0,0,0,0,0,4,0,0,0,0,0,0,0,0,0,0,0,0,0,0,2,1,0,0,0,0,0,11,0,2,1,4,0,1,0,0,0,0,0,1,0,0,0,0,0,0,0,2,1,1,1,0,0,0,0,0,0,0,0,0,0,1,62,1,0,0,7,0,0,2,0,2,0,0,0,0,0,0,0,1,3,0,0,0,0,0,1,1,0,0,0,0,0,0,0,0,0,0,0,0,0,0,0,0,0,0,0,0,0,0,0,0,0,0,0,0,0,0,0,1,0,0,0,7,0,0,0,1,0,0,0,0,5,0,4,0,0,3,0,0,0,0,0,0,0,0,9,1,1,0,1,0,0,0,2,0,0,0,2,0,0,7,1,0,2,0,3,1,0,0,0,0,0,3,0,0,1,1,0,0,4,3,0,152,0,0,1,8,0,0,20,0,36,0,1,3,2,0,196,88,0,0,0,1,0,0,0,35,0,0,0,0,0,0,0,0,0,0,3,0,0,1,0,0,4,0,0,0,0,0,0,0,0,1,0,0,2,0,0,0,1,0,4,0,0,0,0,0,0,0,0,0,0,0,0,0,0,0,0,0,1,0,0,0,0,2,0,0,1,0,0,0,0,2,0,0,0,0,0,17,6,4,3,0,0,0,0,4,0,0,0,9,6,6,1,13,0,0,1,0,0,0,2,0,0,4,0,0,0,1,0,1,91,1,3,3,0,5,1,3,0,2,0,0,0,1,1,0,1,0,1,0,0,0,0,4,0,0,0,0,0,1,2,0,0,0,0,0,8,0,0,0,0,0,1,2,2,0,38,0,0,0,19,5,0,0,0,2,0,0,0,6,1,0,0,0,0,0,2,5,2,1,0,2,17,0,0,0,0,0,40,0,0,0,0,0,0,0,0,3,5,0,0,0,4,0
145,1864,ESCOLA MUNICIPAL CEI JOSE LAMARTINE CORREA DE OLIVEIRA LYRA,RUA CAROLINA DOS ANJOS 94,PINHEIRINHO,-25.5195641,-49.3060256,66,0,2284,1921,165,90,0,1,3,4,29,1,4,0,0,6,1,17,0,0,0,0,3,0,0,1,4,0,13,2,1,0,13,0,1,2,0,3,0,0,0,0,0,0,1,0,3,1,0,1,0,21,1,0,0,0,0,0,0,2,0,0,1,13,0,0,2,0,0,4,0,0,1,0,0,0,0,0,52,3,0,0,0,4,0,0,0,0,0,0,1,0,3,0,0,0,0,0,0,1,6,0,0,0,0,5,0,6,0,0,0,1,1,9,8,0,0,0,0,0,0,0,0,0,0,0,4,2,0,1,0,0,4,0,0,1,0,0,43,0,0,0,0,0,0,0,0,0,20,0,3,0,0,0,1,1,0,0,0,0,0,2,4,0,8,0,0,0,6,0,0,0,0,2,0,2,0,0,24,1,22,2,1,1,0,33,6,2,0,0,0,0,1,0,6,1,0,1,0,0,1,5,0,21,0,1,0,0,2,1,0,0,0,0,0,0,0,0,0,0,0,0,0,0,0,0,0,0,0,0,0,0,0,0,2,0,0,0,0,0,0,0,0,0,0,0,0,0,0,0,0,0,0,0,0,0,0,0,0,0,0,0,1,0,0,0,14,0,0,0,1,0,0,1,1,0,0,0,1,0,1,1,2,0,0,0,0,0,0,0,0,0,0,0,0,1,0,1,0,0,0,0,0,0,0,1,0,0,0,0,2,0,0,0,0,0,0,0,0,0,0,0,0,0,0,0,0,0,2,0,0,0,1,0,0,1,0,0,1,0,0,15,1,0,0,0,33,0,0,0,0,7,0,0,4,1,0,0,22,1,0,0,0,0,0,0,0,0,0,0,0,0,0,0,0,0,3,0,0,0,0,0,0,0,0,0,0,0,0,0,0,1,0,0,0,0,1,2,8,0,0,28,0,0,1,4,3,1,0,2,3,0,0,42,0,0,2,4,1,0,0,0,0,0,0,25,0,0,1,0,1,1,0,0,0,0,0,0,2,1,4,0,0,0,0,0,0,1,4,0,1,0,0,0,0,0,1,0,9,0,0,0,1,0,0,0,0,0,0,0,0,0,0,0,0,0,0,0,0,0,0,0,0,0,0,0,0,1,0,0,0,0,0,0,0,0,2,0,0,0,0,0,0,0,0,0,0,0,0,0,0,0,0,0,0,0,0,0,0,0,0,1,2,0,1,0,3,0,24,0,1,0,2,1,2,0,0,0,0,0,0,0,0,1,0,0,0,0,8,1,3,0,0,0,1,0,0,0,0,0,0,0,1,21,0,0,0,4,0,1,6,0,3,0,0,0,0,0,0,0,1,0,3,0,0,0,0,0,0,0,0,0,0,0,0,0,0,0,0,0,0,0,0,0,1,0,0,0,0,0,0,0,0,0,0,0,0,0,0,0,0,0,0,0,29,1,0,0,0,0,0,0,0,1,0,0,0,0,0,0,3,0,0,0,0,0,0,0,3,0,0,0,0,2,0,0,0,0,0,0,0,0,5,3,0,0,0,14,0,1,0,0,0,0,0,1,0,3,1,0,0,4,2,2,67,1,3,0,1,2,0,10,10,25,0,1,2,0,0,155,65,0,4,0,0,0,0,0,7,1,0,0,1,0,0,1,1,1,0,0,0,0,0,0,0,0,0,0,3,0,0,0,0,0,0,0,0,0,0,1,0,0,0,2,3,0,0,0,0,0,3,0,3,0,0,0,0,0,0,0,1,0,1,0,0,0,0,0,0,0,0,0,0,0,0,0,0,0,0,0,9,6,2,5,0,0,0,1,2,0,0,0,0,1,5,2,8,0,0,0,0,0,0,3,0,0,0,0,0,0,1,0,0,180,4,7,1,0,4,1,9,0,1,0,3,0,0,0,0,0,0,0,0,0,0,0,2,3,0,0,0,0,0,3,0,0,0,0,0,4,0,0,0,0,0,0,0,0,0,5,0,0,0,8,0,0,0,0,0,0,0,0,0,3,0,0,0,0,0,2,4,0,1,0,3,31,0,0,0,0,0,20,0,0,0,1,0,0,0,0,1,1,0,0,0,1,0
145,1872,COLEGIO ESTADUAL PROFESSORA IARA BERGMANN,"R.REINALDO DE CARVALHO-BOLA, 101 - OSTERNACK",SITIO CERCADO,-25.5537272,-49.2468355,72,0,3409,2704,320,112,0,3,6,5,58,2,12,0,2,13,2,29,3,1,0,0,1,0,0,0,5,21,19,2,0,0,8,0,2,0,1,8,0,0,0,0,0,0,2,0,7,2,0,0,1,48,6,0,1,0,0,0,8,1,0,0,0,17,0,0,2,0,0,2,2,1,1,0,0,1,0,1,107,0,0,0,0,1,0,0,3,0,0,1,1,0,3,0,0,0,0,0,1,0,13,0,0,0,0,4,0,10,0,0,2,3,0,12,37,0,0,0,1,0,0,0,0,1,0,0,0,6,0,0,1,1,24,0,3,0,0,0,18,0,0,1,1,0,0,0,0,0,66,0,4,0,0,0,6,0,0,0,0,0,0,6,1,0,72,0,0,0,19,0,2,0,4,1,0,0,0,1,54,0,48,3,2,1,0,61,2,1,0,0,0,0,0,3,14,0,1,1,0,0,1,0,0,56,0,0,0,1,3,0,0,0,0,0,0,0,0,0,0,0,0,0,0,0,0,0,0,1,0,0,9,0,0,1,0,0,1,0,0,0,1,0,2,0,0,0,0,1,0,0,0,0,0,41,0,0,0,0,0,0,0,1,0,1,0,0,29,0,0,1,0,0,1,0,0,0,0,0,0,1,0,0,3,0,0,0,2,0,0,0,1,0,0,0,0,0,0,1,0,0,0,1,0,0,0,11,0,0,5,0,0,2,3,0,0,0,0,0,0,0,0,0,0,0,0,0,0,0,1,0,0,1,0,0,5,0,0,0,0,0,0,7,2,0,1,0,23,0,0,0,0,4,0,0,4,1,0,0,13,0,0,0,0,0,0,0,0,0,0,0,0,0,0,0,0,0,0,0,0,0,0,0,0,0,0,0,0,0,0,0,0,0,0,0,0,0,0,0,4,2,0,26,1,0,1,3,20,2,0,0,3,1,0,84,1,0,0,0,0,0,0,0,1,0,1,41,0,0,1,1,2,0,0,0,0,1,0,0,0,0,0,0,0,0,0,0,0,0,0,0,0,1,0,0,0,0,0,0,16,0,0,0,0,0,0,0,0,0,0,0,0,0,0,0,0,1,0,0,0,0,0,0,0,0,0,0,0,0,0,0,2,0,0,0,0,0,0,0,0,0,1,0,0,0,0,0,3,0,0,0,0,0,0,0,0,0,0,0,0,1,1,0,3,1,0,0,0,1,8,0,1,0,3,0,0,0,0,0,0,0,0,1,0,0,0,0,2,0,3,2,3,0,0,0,0,0,0,0,0,0,0,0,0,23,0,3,0,5,0,1,3,0,0,0,1,0,0,0,0,0,0,0,0,0,0,0,0,0,0,0,0,0,0,0,0,0,1,0,0,0,0,0,0,0,0,0,0,0,0,0,1,0,0,0,0,0,0,0,0,0,0,0,0,0,8,0,0,0,1,0,0,0,0,2,0,0,0,0,0,0,3,0,0,0,0,0,0,4,1,0,0,0,0,0,0,2,0,0,0,0,0,0,4,0,0,0,0,3,0,0,0,0,0,0,0,8,0,0,0,0,0,3,3,0,141,1,2,3,0,0,0,5,0,35,0,0,0,0,0,166,75,4,1,0,0,0,2,0,28,0,0,1,0,0,0,0,0,0,0,0,0,0,2,0,0,0,0,5,0,0,0,0,1,0,0,1,0,2,0,0,0,0,0,0,2,0,0,2,0,0,0,0,0,0,0,0,0,0,0,0,0,0,0,0,0,0,0,0,0,1,0,0,0,0,0,0,0,0,0,0,8,8,3,1,1,0,1,0,5,0,0,0,6,6,5,0,14,1,0,2,0,1,0,2,0,0,0,0,0,0,0,0,1,54,2,4,3,0,2,3,5,0,2,0,1,2,0,0,0,0,0,0,0,0,0,0,9,0,0,0,0,0,2,1,1,0,0,0,0,2,0,0,0,0,0,0,0,0,0,40,0,0,0,12,0,0,0,0,0,0,0,0,0,2,0,0,0,0,0,2,0,0,0,0,3,24,0,0,4,0,0,25,0,0,0,1,0,0,0,0,3,7,0,0,0,4,0
145,1880,ESCOLA MUNICIPAL PROFESSORA MIRACY RODRIGUES DE ARAUJO,"RUA JOSE BASSA, 1175 - BAIRRO NOVO A",SITIO CERCADO,-25.5443705,-49.2569843,65,0,3545,2945,273,169,0,3,3,12,47,4,9,0,0,7,3,18,0,0,1,0,6,0,1,1,4,4,19,3,0,0,10,0,0,2,1,3,1,1,0,2,0,0,2,3,10,0,0,3,0,55,2,0,0,0,0,0,0,3,1,0,4,22,1,1,0,0,1,4,1,0,3,0,0,1,0,0,106,0,0,0,0,1,0,0,0,0,0,3,0,0,4,0,1,0,0,0,0,0,1,0,0,0,0,3,0,1,0,0,1,1,0,18,36,1,0,0,0,0,0,0,0,0,0,0,3,5,0,0,0,0,9,0,0,0,1,0,23,2,0,0,0,0,0,0,0,0,455,0,3,0,0,0,0,0,0,1,0,2,0,8,1,0,21,0,0,0,5,0,0,0,8,0,0,2,0,1,42,1,33,3,2,1,0,45,1,3,0,0,0,0,1,2,19,1,0,0,2,1,1,0,0,40,0,0,0,0,1,0,0,0,0,0,0,0,0,0,0,0,0,0,0,0,0,0,0,3,0,0,1,0,0,0,3,0,0,0,1,0,0,0,5,0,0,0,0,1,0,0,0,0,0,5,0,0,3,0,0,0,0,0,0,2,0,0,24,0,1,0,1,0,0,0,0,0,0,1,0,0,0,3,5,0,0,0,1,0,0,0,3,0,0,0,0,0,0,3,0,0,0,0,0,0,0,7,0,2,0,0,0,0,4,0,0,0,0,0,0,0,0,3,0,0,0,0,0,0,0,1,0,0,0,1,0,0,0,0,0,0,0,9,1,0,0,0,37,0,0,0,0,9,0,0,12,0,0,0,15,0,0,0,1,0,1,1,0,0,1,0,0,0,0,0,0,1,0,0,0,0,0,0,2,0,0,0,0,0,0,0,0,0,0,0,1,0,1,1,5,0,0,29,0,0,6,1,16,7,0,4,7,0,0,78,1,0,0,6,0,2,0,0,0,0,0,44,0,0,1,0,0,0,0,0,0,0,0,0,0,0,0,0,0,0,0,0,0,0,1,0,0,0,0,0,0,0,1,0,10,1,1,0,7,0,1,4,0,0,0,0,0,0,0,0,0,0,0,0,0,0,0,0,0,0,0,0,0,0,1,0,0,0,0,0,0,0,3,0,0,0,0,0,0,0,0,0,2,1,0,0,0,0,0,0,0,0,0,1,0,0,0,4,1,0,0,0,1,1,11,0,0,1,6,0,0,0,0,0,0,0,0,0,0,0,3,0,0,0,2,1,0,1,0,2,0,1,0,0,0,0,0,0,1,42,2,1,0,7,0,3,2,0,2,0,0,0,0,0,0,0,0,0,0,0,0,0,0,0,0,0,0,0,0,0,0,0,0,0,0,0,0,0,0,0,0,0,0,0,0,0,0,0,0,0,0,0,0,0,0,0,0,0,0,0,8,0,0,0,2,0,0,0,4,4,0,0,4,0,3,0,1,0,0,0,0,0,0,9,0,1,0,0,0,0,0,7,0,0,0,1,2,0,4,3,0,1,0,7,0,0,2,0,0,0,0,1,0,2,0,0,2,3,1,0,115,1,0,0,2,0,0,16,1,34,0,0,2,0,0,140,84,0,0,0,0,0,0,0,19,0,0,0,0,0,0,0,0,0,0,1,0,0,0,0,0,0,0,0,0,0,0,0,1,0,1,0,0,7,0,0,0,2,0,5,1,1,0,0,0,0,0,0,0,0,0,0,0,0,0,0,0,0,0,0,0,0,0,0,0,0,0,0,0,0,1,0,0,0,0,0,11,4,5,4,3,2,0,1,0,0,0,0,0,4,3,0,13,0,0,1,0,0,0,4,0,0,1,0,0,0,0,0,0,52,1,2,1,0,2,0,3,0,0,3,0,1,0,0,0,0,0,2,0,0,0,0,6,1,0,0,0,0,1,0,0,3,0,0,0,9,0,0,1,0,0,0,0,2,0,46,0,0,0,8,0,0,0,0,1,0,1,1,3,0,1,0,0,0,0,3,2,3,0,0,10,20,0,0,0,0,0,25,0,0,0,2,0,0,0,0,1,1,0,0,0,2,0
145,1899,COLEGIO ESTADUAL PROFESSORA ETELVINA CORDEIRO RIBAS,"R.JOAQUIM DE OLIVEIRA CRUZ, 645 - VILA ANGELICA",PINHEIRINHO,-25.5274088,-49.2748708,66,0,2929,2368,252,111,0,2,2,6,33,0,2,0,0,8,1,21,2,0,0,0,4,0,1,1,1,1,18,6,2,0,10,1,0,0,0,12,0,0,0,0,0,0,4,1,7,2,0,3,1,50,5,0,0,0,0,0,0,1,0,0,0,19,0,0,1,0,0,4,2,0,3,0,0,1,0,0,68,1,0,0,0,0,0,2,0,0,0,0,0,0,0,0,0,0,0,0,0,0,10,0,0,0,0,8,0,1,1,0,0,0,0,5,38,0,0,0,0,0,0,0,0,0,0,0,2,7,0,0,0,0,12,0,0,0,0,0,25,0,0,0,1,0,0,1,0,0,63,1,1,0,0,0,0,0,0,0,0,0,0,9,2,0,25,0,0,0,6,0,0,0,3,0,0,1,0,0,62,3,53,4,2,1,0,35,0,4,0,0,0,0,0,1,40,0,0,1,0,0,1,1,0,24,0,0,0,0,0,1,0,0,0,0,0,0,0,0,0,0,0,0,0,0,0,0,0,1,0,1,0,0,0,0,1,0,0,2,0,0,0,1,0,0,0,0,0,0,0,1,0,0,0,1,0,0,0,0,0,0,0,0,0,1,0,0,29,0,0,0,0,0,0,0,0,1,2,1,0,0,0,0,0,0,1,0,0,0,0,0,1,0,0,0,0,0,0,0,0,0,0,0,0,0,0,0,0,0,0,0,0,5,2,0,0,0,0,0,0,0,0,0,0,0,2,0,0,2,2,1,0,0,0,0,0,0,0,4,0,0,1,14,5,0,0,0,29,0,0,0,0,1,0,0,5,2,0,0,16,0,0,2,0,0,0,0,0,0,0,0,0,0,0,0,0,0,0,0,0,0,0,0,0,0,0,0,0,0,0,0,0,0,0,0,0,0,4,0,1,0,1,18,0,0,2,1,2,1,0,2,5,0,0,64,2,1,0,0,0,0,0,0,0,1,0,22,0,2,0,0,0,0,0,0,0,28,4,1,0,0,4,0,0,0,0,0,0,0,2,0,1,0,0,0,0,0,0,0,7,0,1,0,1,0,0,0,0,0,0,0,0,0,0,0,0,0,0,0,0,0,0,0,0,0,0,0,0,0,3,0,0,0,0,0,0,0,3,0,0,0,0,0,0,0,0,0,1,0,0,0,0,0,0,0,0,0,0,1,0,0,0,2,1,0,0,0,3,0,9,0,0,4,3,0,0,0,0,0,0,0,0,0,0,0,0,0,0,0,2,0,1,0,0,0,2,0,1,2,0,0,0,0,0,17,0,1,0,11,0,1,0,0,4,0,0,0,0,0,0,0,0,1,0,3,0,0,0,0,1,0,0,0,0,0,0,0,2,0,0,0,0,0,0,1,0,0,0,0,0,0,2,0,0,0,0,0,0,0,0,0,0,0,0,0,4,0,0,1,3,1,0,0,0,11,0,1,0,0,6,0,2,0,0,0,0,0,0,3,2,0,0,0,0,0,0,0,0,0,0,0,0,0,4,3,0,1,0,1,0,0,0,0,0,0,0,1,0,2,0,0,0,2,4,0,109,1,2,0,0,1,0,15,4,28,0,0,1,1,0,211,63,8,1,4,0,0,1,1,7,0,0,0,0,1,0,0,12,0,0,0,0,0,1,1,0,0,1,1,0,0,1,0,0,0,1,0,0,4,0,0,0,0,0,2,1,0,0,1,0,0,0,0,0,0,0,0,0,0,0,0,0,0,0,0,0,1,0,0,0,0,0,0,0,0,0,0,0,0,0,0,10,14,3,4,3,0,0,1,1,0,1,0,5,2,6,3,10,2,0,1,0,0,0,5,2,0,0,0,1,0,0,0,0,58,2,3,2,0,2,0,4,0,2,0,2,0,0,0,0,3,0,0,0,0,0,0,5,0,0,1,0,0,0,0,0,0,0,0,1,12,0,0,1,0,0,1,0,1,0,31,0,0,0,7,0,0,0,0,0,0,1,0,0,2,0,0,0,0,0,2,0,4,0,0,3,39,0,0,1,0,0,35,0,0,0,0,0,0,0,0,3,0,0,1,0,3,0
145,1910,ESCOLA MUNICIPAL MADRE TERESA DE CALCUTA,RUA DES. VATEL GONCALVES PEREIRA 60,SITIO CERCADO,-25.5371606,-49.2547186,65,0,2935,2471,233,133,0,3,4,4,34,0,7,0,1,12,1,28,0,0,0,0,5,1,2,1,1,3,16,3,1,0,10,0,0,2,0,14,0,0,1,0,0,0,1,2,9,0,0,2,1,22,2,0,0,0,1,0,2,0,0,0,0,28,0,0,1,0,4,0,0,6,0,0,0,0,0,0,104,0,0,0,0,0,0,0,0,0,0,1,0,5,9,0,0,0,0,0,1,0,13,0,0,0,0,5,0,3,0,0,0,0,0,12,24,0,0,0,0,0,0,0,0,0,0,1,1,2,0,0,0,0,5,0,1,0,0,0,20,0,0,1,0,0,0,1,0,0,276,0,2,0,0,0,0,0,0,0,0,0,0,2,1,0,10,0,0,0,11,0,0,0,1,0,0,1,0,0,37,2,31,2,3,0,0,30,2,3,0,1,1,0,0,0,7,0,0,0,1,4,0,0,0,31,0,0,0,0,1,0,0,2,0,4,0,0,0,0,0,0,1,0,0,0,0,0,0,0,0,0,2,0,0,1,0,0,0,0,0,1,2,0,4,0,0,0,0,1,0,0,0,0,1,0,0,0,0,0,0,0,0,0,2,0,0,0,32,0,0,0,0,0,1,0,1,0,0,0,0,0,0,0,5,0,0,0,1,0,0,0,0,0,0,2,1,0,0,2,1,0,0,0,0,0,0,4,0,0,0,0,0,0,0,0,0,0,0,0,0,0,0,0,0,0,0,0,0,0,1,1,0,0,0,0,0,0,0,0,0,0,0,8,10,0,0,0,45,0,0,0,0,3,0,0,9,1,0,0,26,0,0,1,0,0,2,0,1,0,0,0,0,0,0,0,0,0,0,0,0,0,0,0,0,0,0,1,0,1,0,0,0,0,0,0,0,0,5,0,5,0,1,41,0,0,1,0,14,2,0,4,2,0,0,56,0,1,1,0,1,0,0,0,0,0,0,34,0,0,1,2,0,0,0,0,1,1,0,0,0,0,0,0,0,0,0,0,0,0,4,0,0,0,0,1,0,0,1,0,13,0,0,0,2,0,0,0,0,0,0,0,0,0,0,0,0,0,0,0,1,0,0,0,0,0,0,0,0,0,0,1,0,0,0,0,0,0,2,0,0,0,10,0,0,0,0,0,2,0,0,0,0,0,0,0,0,0,0,1,0,0,0,0,1,3,0,1,1,0,13,0,0,0,4,0,0,0,0,0,0,0,1,0,0,0,0,0,0,0,6,0,5,0,0,0,1,1,0,0,0,0,0,0,0,31,0,1,0,9,0,0,1,0,2,0,0,0,0,0,0,0,1,0,0,0,0,0,0,1,0,0,0,0,0,0,0,0,0,0,0,1,0,0,1,2,0,0,1,0,0,0,1,0,0,0,0,0,0,0,0,0,0,0,0,0,6,0,0,0,3,0,1,0,0,1,0,1,0,0,0,0,1,0,0,0,0,0,0,2,0,0,0,0,0,0,0,0,0,0,0,0,0,0,3,2,0,0,0,2,0,0,0,0,1,0,0,2,0,4,0,0,1,1,0,0,104,0,3,0,3,4,0,11,2,42,1,0,4,1,0,142,84,0,0,0,0,0,0,0,16,1,0,0,0,0,2,0,2,0,0,2,0,0,0,0,0,2,0,0,0,0,0,0,0,0,0,1,2,3,0,0,0,0,0,1,1,0,0,1,0,0,0,0,0,0,0,0,0,0,0,0,0,0,0,1,0,2,0,0,0,0,0,0,0,0,0,0,0,0,0,0,13,4,9,4,1,0,0,0,2,0,1,0,4,2,1,0,19,0,1,0,0,0,0,1,0,0,0,0,0,0,0,0,1,56,3,2,0,0,1,3,3,0,0,0,1,0,0,0,0,0,0,0,0,0,0,0,3,1,0,0,0,0,0,1,0,0,0,0,0,1,0,0,0,0,1,0,0,0,0,23,0,0,0,17,2,0,0,0,0,0,0,0,3,0,0,0,1,0,0,2,0,1,0,0,5,18,0,0,0,0,0,30,0,0,0,1,0,0,0,0,2,5,0,0,0,1,1
145,1929,ESCOLA MUNICIPAL VEREADORA LAIS PERETTI,"RUA IZABEL RAKSA VOLUZ, 271 - PIRINEUS",PINHEIRINHO,-25.5301372,-49.2825444,66,0,1258,1046,107,49,0,1,2,3,23,0,4,0,0,7,1,14,0,0,0,0,4,0,0,0,3,5,8,3,0,0,7,0,1,1,0,3,2,0,0,0,0,0,0,0,3,1,0,0,0,32,0,0,0,1,0,0,1,6,0,0,0,13,0,0,0,0,1,3,1,0,5,0,0,0,1,3,40,0,0,0,0,0,0,0,0,0,0,0,0,0,3,0,2,0,0,0,0,0,12,2,0,1,0,1,0,6,0,0,0,0,0,3,27,0,0,0,0,0,0,0,0,0,0,0,1,3,0,0,0,0,4,0,0,0,0,0,15,0,0,0,0,0,0,0,0,0,18,0,1,0,0,0,0,0,0,0,0,1,0,1,0,0,4,0,0,0,2,0,0,0,0,0,0,1,0,1,15,1,17,2,0,1,0,13,1,2,0,0,0,0,0,0,3,0,0,1,0,0,0,0,0,10,0,1,0,0,0,2,0,0,0,0,0,0,0,0,0,0,0,0,0,0,0,1,0,0,0,0,1,0,0,0,0,0,0,1,0,0,0,0,0,0,0,0,0,0,0,0,0,0,0,0,0,0,0,0,0,0,0,0,1,0,0,0,22,0,0,0,0,0,0,0,0,0,0,2,0,0,1,0,5,0,0,0,0,0,0,0,0,0,0,0,0,0,0,0,0,0,0,0,0,0,0,0,0,0,0,0,0,0,0,0,0,0,0,0,0,0,0,0,0,1,0,0,0,0,0,0,0,0,0,0,1,0,0,1,0,0,0,4,1,0,0,0,7,0,0,0,0,3,0,0,1,0,0,0,12,0,0,0,0,0,0,0,0,0,0,0,0,0,0,0,0,0,0,0,0,0,0,0,0,0,0,0,0,0,0,0,0,0,0,0,0,0,0,0,0,1,0,15,0,0,0,0,6,0,0,0,0,0,0,17,1,0,0,0,0,0,0,0,0,0,0,26,0,0,0,0,0,0,0,0,0,0,0,0,0,0,0,0,0,0,0,0,0,0,0,0,1,0,0,0,0,0,0,0,7,0,0,0,0,3,0,0,0,0,1,0,0,0,0,0,0,0,0,0,0,0,0,0,0,0,0,0,0,0,1,0,0,0,0,0,0,0,0,0,0,0,1,0,0,0,0,0,1,0,0,0,0,0,0,0,0,0,0,0,0,0,0,4,0,0,0,0,0,0,4,0,0,0,3,0,0,0,0,0,0,0,0,0,0,0,0,0,1,0,1,0,0,0,0,0,0,1,0,0,0,0,0,0,0,18,0,2,0,4,0,0,0,0,0,0,0,0,0,0,0,0,1,1,0,0,0,0,0,1,0,0,0,0,0,0,0,0,1,0,0,0,0,0,0,0,0,0,0,0,0,0,0,0,0,0,0,0,0,0,0,0,0,0,0,0,0,0,0,0,0,0,0,0,1,0,0,0,0,0,1,0,1,0,0,0,0,0,0,0,1,0,0,0,1,0,0,0,0,0,0,0,0,0,0,1,0,0,0,2,0,0,0,0,0,0,0,6,0,1,0,0,0,2,5,0,46,0,4,0,0,0,0,3,11,14,0,0,1,0,0,55,21,1,0,0,0,0,0,0,10,1,0,0,0,0,0,0,0,0,0,0,0,0,1,0,0,0,0,4,0,0,0,0,1,0,0,0,0,0,0,0,0,0,0,0,0,0,0,0,0,0,0,0,0,0,0,0,0,0,0,0,0,0,0,0,0,0,0,0,0,1,0,0,0,0,0,0,0,0,0,0,3,3,0,3,0,0,0,0,1,0,0,0,0,1,3,0,7,5,0,0,0,0,0,1,0,0,0,0,0,0,0,0,0,33,0,1,2,0,4,0,3,0,0,0,1,0,0,0,0,0,0,0,0,0,0,0,4,2,0,0,0,0,1,0,0,0,0,0,0,0,0,0,0,0,0,0,0,0,0,13,2,0,0,5,0,0,0,0,0,0,1,1,0,2,0,0,0,0,0,0,0,0,0,0,0,11,0,0,2,0,0,7,0,0,0,0,0,0,0,0,1,0,0,0,0,2,0
145,1937,ESCOLA MUNICIPAL PAULO FREIRE,"RUA OLIVIO DOMINGOS LEONARDI, 162 - BAIRRO NOVO B",SITIO CERCADO,-25.5468182,-49.2678822,65,0,3042,2527,184,122,0,4,6,15,46,3,3,0,1,18,0,15,2,0,0,0,4,0,0,3,5,2,20,3,1,0,18,1,1,0,0,7,0,1,0,0,0,0,2,6,4,2,0,0,0,40,1,0,3,0,1,0,0,0,0,0,3,12,0,1,0,0,0,2,1,0,3,0,0,0,0,2,66,1,0,0,0,4,0,0,0,0,0,1,0,0,1,0,0,0,0,0,0,0,4,0,0,0,0,3,0,5,1,2,0,0,0,17,21,0,0,0,0,0,0,0,0,0,0,0,1,8,1,0,0,0,6,0,0,2,0,0,18,0,0,0,1,0,0,0,0,0,536,0,2,0,0,0,0,0,0,0,0,1,0,7,2,0,19,0,0,0,5,0,0,0,1,1,0,2,0,0,34,0,32,1,1,0,0,27,0,2,0,0,0,0,1,1,6,0,0,1,0,0,0,0,0,23,0,0,0,0,0,3,0,0,0,3,0,0,0,0,0,1,0,0,0,0,0,0,0,7,0,1,3,0,0,0,1,0,0,0,3,0,0,1,2,0,0,0,0,0,0,0,0,0,0,1,0,0,2,0,0,0,0,0,0,1,0,0,44,0,0,1,0,0,0,0,0,0,0,2,0,0,0,3,5,0,1,0,0,0,0,0,1,0,0,0,0,0,0,1,0,0,2,0,0,0,0,0,0,0,0,0,0,0,1,0,0,0,0,0,0,0,0,0,0,0,0,0,0,1,1,0,0,3,2,1,0,0,0,0,0,0,0,10,2,0,0,3,41,0,0,0,0,2,0,0,7,0,0,0,16,0,0,0,0,1,0,0,0,0,0,0,0,0,0,0,0,0,0,0,0,0,0,0,0,0,0,0,0,0,0,0,0,0,0,0,0,0,0,1,3,0,0,28,0,0,1,0,10,1,0,5,4,0,0,70,0,0,0,0,0,0,0,0,0,0,0,33,0,0,0,0,0,0,0,0,0,0,1,0,0,0,0,0,0,0,0,0,0,0,2,0,0,0,0,0,0,0,0,0,19,0,0,0,2,0,1,2,0,0,0,0,0,0,0,0,0,0,0,0,0,0,0,0,1,0,0,0,0,0,1,0,0,0,0,0,0,0,0,1,0,0,0,0,0,0,0,1,3,2,0,0,0,0,0,0,0,0,0,0,0,0,1,0,19,0,0,0,1,0,18,0,2,0,2,2,0,0,0,0,0,0,0,0,0,0,0,1,0,0,2,0,2,1,0,2,0,0,0,0,0,0,0,0,0,29,0,0,0,4,0,0,4,1,0,0,0,0,0,0,1,0,0,0,0,0,0,0,0,0,2,0,0,0,0,0,0,0,0,0,0,0,0,0,0,1,1,0,0,0,0,0,0,0,0,0,0,0,0,0,0,2,0,0,0,0,5,0,0,0,2,0,2,0,0,1,0,0,1,0,3,0,4,0,0,0,0,0,0,3,1,5,0,0,0,1,0,2,4,0,0,0,0,0,3,0,0,0,0,4,0,0,0,0,1,0,0,5,0,1,0,0,1,6,1,0,92,0,1,0,0,1,0,11,1,17,0,0,0,0,0,83,79,2,1,0,0,0,2,0,17,0,0,0,0,0,0,0,2,2,0,2,0,0,1,0,0,2,1,0,0,0,0,0,0,0,0,0,0,5,0,0,3,0,0,4,0,0,0,0,0,0,0,0,0,0,0,0,0,0,0,0,0,0,1,0,0,0,0,0,0,0,0,0,0,0,0,0,0,0,0,0,14,11,0,6,0,1,1,1,0,0,0,0,3,3,5,2,11,2,0,1,0,1,1,3,1,0,1,0,1,0,0,0,0,58,0,0,2,0,2,0,1,0,1,1,1,1,0,0,0,0,1,0,0,1,0,1,2,0,0,3,0,0,1,0,0,0,0,0,0,2,0,0,0,0,0,0,0,0,0,29,0,0,0,13,0,0,0,0,0,0,0,0,2,2,0,0,0,0,0,1,0,0,0,0,0,14,0,0,0,0,0,22,0,0,0,0,0,0,0,0,3,0,0,0,0,2,0
145,1945,ESCOLA NOSSA SENHORA DO SAGRADO CORACAO,RUA NICOLA PELLANDA 699,PINHEIRINHO,-25.5347404,-49.2955186,66,0,2249,1877,158,104,0,3,7,4,22,1,1,0,0,6,0,22,1,0,0,0,9,0,0,1,2,5,15,1,2,0,12,1,0,1,0,8,0,0,0,0,0,0,0,1,9,0,0,2,0,17,0,0,0,0,0,0,1,2,0,0,1,11,0,0,1,2,1,3,3,0,15,0,0,0,0,0,59,0,0,0,1,0,0,0,0,0,0,0,1,1,0,0,0,0,0,0,0,0,3,1,0,0,0,0,0,10,0,0,0,0,0,23,26,0,0,2,0,0,0,0,0,0,0,0,1,3,1,0,0,0,6,0,0,0,0,1,39,0,0,0,0,0,0,0,0,0,57,0,2,0,0,0,0,0,0,0,0,0,2,2,3,0,5,0,0,0,5,0,0,0,0,0,0,0,0,0,37,0,25,4,2,0,0,20,2,2,0,0,0,0,0,0,16,0,0,0,0,0,0,0,0,21,0,0,0,0,2,0,0,0,0,0,0,0,1,0,0,0,0,0,0,0,0,0,0,0,0,0,1,0,0,0,1,0,0,1,1,0,0,0,0,0,0,0,0,0,0,0,0,0,0,4,0,0,0,0,0,0,0,0,1,0,0,0,16,0,0,0,2,0,0,0,0,1,1,0,0,0,3,2,2,0,0,0,0,0,0,0,4,1,0,0,0,0,0,5,0,0,0,0,0,0,1,0,0,0,0,0,0,4,0,0,0,1,0,0,0,0,0,0,0,0,0,0,0,2,3,0,0,0,0,0,1,0,0,0,1,0,0,11,2,0,0,0,32,0,0,0,0,4,0,0,8,0,0,0,16,2,0,0,0,1,0,0,0,0,0,0,0,0,0,0,0,0,0,0,0,0,0,0,0,0,0,0,0,0,0,0,0,0,0,0,0,0,3,0,5,0,0,22,0,1,5,0,5,0,0,4,0,0,0,51,0,2,0,0,0,6,0,0,0,1,0,23,0,0,0,1,0,0,2,0,0,1,1,0,0,0,1,0,0,0,0,0,0,0,0,0,0,0,0,0,0,0,1,0,17,0,0,0,2,0,0,1,0,0,0,0,0,0,0,0,0,0,0,0,0,1,0,0,0,0,0,0,1,0,0,0,0,0,0,0,1,0,0,0,0,0,0,0,0,0,0,0,3,0,0,0,0,0,0,0,0,0,0,0,0,0,1,1,2,0,1,1,0,0,9,0,1,0,6,0,0,0,0,0,0,0,0,0,0,0,0,1,1,0,11,0,0,0,4,0,0,0,0,0,0,0,0,0,0,19,0,0,0,7,0,0,1,1,0,0,0,0,0,0,1,0,0,1,0,0,0,1,0,1,0,0,0,0,0,0,0,0,0,0,0,0,0,0,0,0,0,0,0,0,0,0,1,0,0,0,0,0,0,0,0,0,0,0,0,0,9,0,0,0,18,0,1,0,0,1,0,2,0,12,0,0,3,0,0,0,0,0,0,3,2,0,1,0,0,1,0,2,0,0,0,1,2,1,2,5,0,2,0,11,0,0,0,0,0,0,0,2,0,7,0,0,0,2,4,0,98,0,1,0,0,1,0,16,21,27,0,0,1,0,0,58,48,0,2,2,0,0,0,0,16,0,0,0,0,0,0,0,0,0,0,0,0,0,0,0,0,2,1,0,0,0,0,0,1,0,0,2,0,0,0,0,0,0,2,1,1,0,0,0,0,0,0,0,0,0,0,0,0,0,0,0,0,0,1,0,0,0,2,0,0,1,0,0,0,0,0,0,0,0,0,0,9,12,2,2,0,0,1,0,0,0,0,0,2,5,4,3,12,1,0,0,0,0,0,6,0,0,0,0,0,0,0,0,0,103,2,2,1,0,1,3,3,0,0,0,2,0,0,0,0,0,0,0,0,0,0,0,1,2,0,0,0,0,2,2,0,0,0,0,0,3,0,0,0,0,0,0,0,1,0,5,0,0,0,7,0,0,0,0,0,0,0,0,1,0,0,0,0,0,0,3,0,0,0,0,6,24,0,0,2,2,0,25,0,0,0,0,0,0,0,0,1,2,0,0,0,4,0
145,2178,COLEGIO ESTADUAL FLAVIO FERREIRA DA LUZ,"JOAO CISLINSK, 51 -  BAIRRO NOVO B",SITIO CERCADO,-25.5450566,-49.2714817,65,0,4063,3194,373,141,0,4,7,9,43,1,6,0,1,12,1,26,2,0,0,0,3,0,0,2,0,5,11,1,1,1,11,0,1,2,0,12,0,1,0,0,0,0,2,2,5,1,0,6,0,44,6,0,0,0,0,0,3,1,0,0,0,34,0,0,4,0,1,9,0,0,7,0,0,0,0,0,91,0,0,0,0,3,1,3,0,0,1,3,0,0,10,0,0,0,0,0,0,0,6,0,0,0,0,2,0,13,0,4,0,0,0,22,26,1,0,0,0,0,0,0,0,0,0,0,1,5,0,0,0,0,4,0,1,0,0,1,28,0,0,0,2,0,0,0,0,0,470,1,1,1,1,0,0,0,0,1,0,0,0,4,5,0,9,0,0,0,6,0,1,0,4,1,2,2,0,0,42,3,35,3,2,2,0,37,0,2,0,0,0,1,0,3,9,1,0,0,0,2,0,4,1,27,0,1,0,0,0,1,0,0,0,1,0,0,0,0,0,0,0,0,0,0,0,1,0,2,0,0,4,0,0,0,0,0,0,1,0,0,1,0,0,0,0,0,0,4,0,0,0,1,0,7,0,0,0,0,0,0,0,0,2,1,0,0,40,0,0,3,2,0,0,0,0,0,0,2,0,0,1,0,8,0,0,0,0,0,0,0,0,0,0,0,0,0,0,6,0,0,0,0,0,0,0,5,0,0,0,0,0,1,0,0,0,0,0,0,0,1,0,3,0,0,0,0,0,0,1,0,0,1,0,1,3,0,0,0,0,0,0,10,4,0,0,0,50,0,0,0,0,5,0,0,9,0,0,0,12,0,0,0,0,0,1,1,0,0,0,0,0,0,0,0,1,0,0,0,0,0,0,0,0,2,0,1,0,0,0,0,0,0,0,0,0,0,2,0,10,0,0,25,0,0,2,0,17,2,0,6,4,1,0,97,1,0,0,0,0,0,0,0,0,3,0,40,0,0,3,0,0,0,0,0,0,0,0,0,0,0,4,0,0,0,0,0,0,0,0,0,0,0,0,0,3,0,0,0,14,0,0,1,0,0,1,2,0,0,0,0,0,0,0,0,0,0,0,1,0,0,0,0,0,0,0,0,0,0,2,1,0,0,0,0,0,0,0,0,0,0,0,0,0,0,1,0,10,0,0,0,0,0,0,0,0,0,0,0,0,0,0,2,3,1,0,1,0,2,18,0,0,0,4,0,0,0,0,1,0,0,0,0,0,0,0,0,0,1,5,0,1,0,0,0,0,2,0,1,0,2,0,0,0,40,0,0,0,14,0,0,2,0,0,1,0,0,0,0,0,0,0,0,0,0,0,0,0,0,0,0,0,0,0,0,0,0,0,0,0,0,0,0,0,0,1,0,0,0,0,0,1,0,0,0,0,1,0,0,0,1,2,0,0,2,4,0,0,0,0,0,2,0,0,2,0,0,1,0,6,0,4,0,0,0,0,0,0,4,2,6,4,0,0,0,1,4,0,0,0,1,0,0,8,0,0,0,0,4,0,1,0,0,0,0,1,1,0,8,0,0,3,3,1,0,146,0,1,1,0,2,0,7,1,34,0,0,1,1,0,152,92,0,2,1,0,0,0,0,21,0,0,1,0,1,0,0,4,0,0,0,1,0,1,0,0,0,0,0,0,0,0,0,0,0,1,0,0,19,0,0,0,0,0,3,1,0,0,0,0,0,0,0,0,0,0,0,0,0,0,0,0,0,0,0,0,0,0,0,0,3,0,0,0,1,0,0,0,0,0,0,16,11,1,7,0,2,0,0,2,1,0,0,8,3,11,3,10,0,0,1,0,1,0,6,1,0,3,1,0,0,0,0,0,69,3,2,1,0,0,2,4,0,1,0,1,1,0,0,0,0,1,0,0,0,0,0,8,0,0,0,0,0,0,1,0,0,0,0,2,5,0,0,0,0,2,0,0,1,2,41,0,0,0,13,0,0,0,0,0,0,0,0,0,0,0,0,0,0,0,1,1,2,0,0,3,29,0,0,2,0,0,52,0,0,0,0,0,0,0,0,1,5,0,0,0,5,0
145,2186,COLEGIO ESTADUAL INEZ VICENTE BOROCZ,"RUA IGNEZ DE LOURDES GOMES DE MACEDO, 331 - BAIRRO NOVO C",SITIO CERCADO,-25.5378538,-49.2557731,65,0,3274,2643,282,119,0,4,3,2,36,1,6,0,0,4,0,16,0,0,1,0,5,1,3,1,7,5,14,5,1,0,10,3,2,3,0,15,0,0,0,1,0,0,3,2,6,1,0,1,0,33,2,0,1,0,0,0,0,0,0,0,0,24,0,2,1,1,1,1,0,0,1,0,0,1,1,1,73,0,0,0,0,1,0,1,2,0,0,3,0,1,9,0,0,0,0,0,0,0,5,0,0,0,0,4,0,11,0,0,0,0,0,22,31,0,0,0,0,0,0,0,0,1,0,0,2,6,0,0,0,0,6,0,1,0,0,0,40,0,1,0,1,0,0,0,0,0,264,0,4,0,0,0,0,3,0,0,1,0,0,7,3,0,9,0,1,0,15,0,0,0,3,0,0,1,0,0,50,3,43,5,1,0,0,32,5,7,0,0,1,1,0,1,11,0,0,0,1,0,0,0,0,25,0,0,0,0,0,0,0,1,0,2,0,0,0,0,0,0,0,0,0,0,0,0,0,1,0,0,2,0,0,0,0,0,0,0,0,0,1,0,0,0,0,0,0,0,0,0,0,0,1,2,0,0,0,0,0,0,0,0,2,1,0,0,26,0,0,1,0,0,0,0,0,0,2,0,0,0,0,0,2,0,0,0,0,0,0,0,1,0,0,0,0,0,0,5,0,0,1,0,0,0,0,3,0,0,0,0,0,1,4,0,0,0,0,0,0,0,0,0,0,0,0,0,0,0,2,0,0,0,1,0,1,0,0,0,0,3,0,7,6,0,0,0,45,0,0,0,0,6,0,0,7,2,0,0,26,0,0,1,0,1,0,0,0,0,0,0,0,0,0,0,0,0,0,1,0,0,0,0,0,0,0,0,0,1,0,0,0,0,0,0,0,0,10,1,3,0,0,50,0,1,3,0,12,1,0,1,3,0,0,76,0,1,0,0,0,1,0,0,1,1,0,28,0,0,0,0,0,0,1,0,0,1,1,0,0,0,1,0,0,0,0,0,0,0,2,0,0,0,0,0,0,0,1,0,14,0,0,0,10,0,0,1,0,0,0,0,0,0,0,0,0,0,0,0,0,0,0,0,0,0,1,0,0,0,0,0,0,0,0,0,0,0,1,0,0,0,3,0,0,0,0,0,4,0,0,0,0,0,0,0,0,0,0,0,0,0,0,2,1,2,2,0,3,0,18,0,0,0,6,0,0,0,0,1,0,0,0,2,0,0,0,0,0,0,3,0,4,0,0,0,0,1,0,0,0,0,0,0,0,35,0,0,0,7,0,0,6,0,0,0,0,0,0,0,0,0,0,0,0,0,0,2,0,0,0,0,0,0,0,0,0,0,1,0,0,0,0,0,0,0,1,0,1,0,0,0,0,0,0,0,0,0,0,0,0,0,0,0,0,0,7,0,0,0,0,0,1,0,0,2,0,1,0,0,5,0,3,0,0,0,0,0,0,9,1,0,0,0,0,0,0,0,0,0,0,0,0,0,10,7,0,1,0,1,0,0,0,0,0,0,0,7,0,2,0,0,1,6,0,0,120,1,3,0,3,1,0,9,0,39,0,0,1,5,0,149,57,0,3,1,0,0,1,0,11,0,0,0,0,0,0,0,2,0,0,0,0,0,0,0,0,0,0,0,0,0,0,0,1,0,2,0,1,4,0,1,0,0,0,2,1,0,0,0,0,0,1,0,0,0,0,0,0,0,0,0,0,0,3,0,0,0,2,0,0,1,0,0,0,0,0,0,0,0,0,0,21,4,8,0,3,0,0,0,0,1,0,0,0,6,5,1,23,2,0,2,0,0,1,2,0,0,1,0,0,0,1,0,1,62,1,3,3,0,0,2,2,0,1,0,0,0,0,0,0,0,0,1,0,0,0,0,1,2,0,1,0,0,0,0,0,2,0,0,0,7,0,0,0,0,2,0,0,1,0,34,0,0,1,19,1,0,0,0,0,0,0,0,1,0,0,0,0,0,0,1,1,2,0,0,3,26,0,0,1,0,0,28,0,0,0,0,0,0,0,0,2,4,0,0,0,5,0
145,2194,ESCOLA ENERGIA ATIVA - PARTICULAR,RUA IZAAC FERREIRA DA CRUZ 1905,SITIO CERCADO,-25.5356877,-49.2831471,65,0,2823,2247,214,102,0,5,5,7,35,1,3,0,0,1,2,21,1,0,0,0,7,0,0,1,4,3,19,5,0,0,6,0,1,0,1,9,1,4,0,1,0,1,6,0,7,2,0,1,1,35,3,0,0,0,0,0,0,4,0,0,4,12,0,0,0,1,1,3,2,0,4,0,0,0,0,0,79,0,0,0,0,2,1,0,1,0,0,0,0,0,6,0,0,0,0,0,0,0,7,0,0,0,0,11,0,8,0,1,0,0,0,16,18,0,0,0,0,0,1,0,0,0,0,0,0,4,0,0,1,0,3,0,2,0,0,0,35,0,0,0,0,0,0,0,0,2,82,0,4,0,0,0,0,0,0,0,0,0,0,6,5,0,7,0,0,0,10,0,1,0,6,2,0,0,0,0,44,1,29,0,1,0,0,43,1,1,0,0,2,1,0,1,11,0,0,1,0,2,0,0,0,24,0,0,0,0,0,2,0,0,0,0,1,0,2,0,0,0,0,0,0,0,0,0,0,2,0,0,4,0,0,0,1,0,0,0,0,2,1,0,1,0,0,0,0,2,0,0,1,0,1,4,0,0,2,0,0,0,0,0,0,1,0,0,15,0,0,0,0,0,0,0,0,2,0,0,0,0,2,1,4,0,1,0,0,0,0,0,6,0,0,0,0,0,0,5,0,0,0,0,0,0,0,0,0,0,2,0,0,1,0,0,0,0,0,0,0,0,0,0,0,0,1,0,0,0,1,0,0,0,2,0,0,0,0,0,0,0,0,7,0,0,0,0,41,0,0,0,0,4,0,0,5,1,0,0,12,0,0,0,0,0,1,0,0,0,1,0,0,0,0,0,0,0,0,0,0,0,0,0,0,0,0,0,0,0,0,0,0,0,0,0,0,0,2,0,9,0,0,43,0,0,1,1,5,2,0,5,1,0,0,56,0,0,0,2,0,0,0,0,0,0,0,34,0,2,3,1,0,0,0,0,0,0,0,0,1,0,0,0,0,0,0,0,1,1,3,0,2,1,0,0,0,0,0,0,16,0,1,0,1,0,0,0,0,0,0,0,0,0,0,0,0,0,0,0,0,0,0,0,0,0,0,0,0,2,1,0,0,0,0,0,0,0,0,2,0,0,1,0,0,0,0,1,6,0,0,0,0,0,0,0,0,0,0,0,1,0,0,4,2,1,1,2,0,1,8,0,2,1,10,0,0,0,0,0,0,0,0,0,0,0,2,0,0,0,5,0,1,0,0,0,0,0,0,2,0,0,0,0,0,41,0,0,0,11,0,0,1,0,0,0,0,0,0,0,1,0,0,0,0,0,0,0,0,0,0,0,0,0,0,0,0,0,1,0,0,0,0,0,1,1,0,0,0,0,0,3,1,0,0,0,0,0,0,0,0,0,1,0,0,0,5,0,0,0,0,0,0,0,0,8,0,0,0,2,5,0,2,0,0,0,0,0,0,1,1,1,0,0,0,1,1,3,0,0,0,0,0,0,11,13,1,0,0,12,0,0,0,0,0,0,0,8,0,3,0,0,2,8,2,0,108,0,3,0,1,2,0,15,4,27,0,0,3,0,0,84,66,2,1,1,0,1,0,0,19,0,0,0,0,0,0,0,4,0,0,1,0,0,0,0,0,1,0,0,1,0,0,0,0,0,0,1,0,0,0,0,1,0,0,3,2,0,0,1,0,0,0,0,1,0,0,0,0,0,0,0,0,0,0,0,0,0,0,0,0,0,0,0,0,0,1,0,0,0,0,0,5,6,2,5,2,0,0,0,1,0,0,0,3,6,6,0,20,3,0,0,0,0,2,7,0,0,3,0,0,0,1,0,2,92,4,3,3,1,1,3,5,0,1,3,4,0,0,0,0,0,0,1,0,0,0,0,1,1,1,0,0,0,0,0,0,0,0,0,0,5,0,0,2,0,1,0,0,3,0,11,0,0,0,8,1,0,0,0,0,0,0,0,1,4,0,0,0,0,0,4,1,1,1,0,4,25,0,0,3,1,0,37,0,0,0,2,0,0,0,0,0,2,1,0,0,4,0
145,2232,ESCOLA MUNICIPAL DONA LULU,RUA MILTON MIRAMIR VISINONI 45,SITIO CERCADO,-25.5401505,-49.2514302,65,0,2300,1870,196,95,0,2,3,6,30,3,2,0,0,10,0,22,0,0,0,0,3,0,0,1,0,2,12,2,1,0,10,0,2,2,0,8,3,0,1,0,0,0,3,2,4,2,0,1,0,23,1,0,1,0,0,0,0,0,0,0,0,29,0,0,3,0,2,0,0,1,1,0,0,2,2,0,74,0,0,0,0,4,0,0,0,0,0,0,0,0,8,1,0,0,0,0,0,0,3,0,0,0,0,3,0,1,0,0,0,1,0,10,21,0,0,0,0,0,0,0,0,1,0,0,0,0,0,0,0,0,7,0,0,0,0,0,14,0,0,0,1,0,0,0,0,0,188,0,1,1,0,0,0,0,0,2,1,0,0,3,1,0,10,0,0,0,6,0,0,0,1,0,0,0,0,0,39,1,24,1,3,0,0,21,0,0,0,0,0,0,0,1,7,0,0,0,0,0,0,2,0,30,0,0,0,0,0,0,0,0,0,0,2,0,0,0,0,0,0,0,0,0,0,0,0,4,0,0,0,0,0,0,3,0,0,0,0,0,0,0,2,0,0,0,0,0,0,0,0,0,1,1,0,0,0,0,0,0,0,0,0,1,0,1,21,0,0,0,0,0,0,0,0,1,1,0,0,0,1,0,16,0,0,0,0,0,0,0,0,1,0,0,0,0,0,0,0,0,0,0,0,1,0,1,0,0,0,0,0,0,4,0,0,0,0,0,0,0,0,0,0,0,0,0,0,0,0,0,0,0,1,0,1,0,0,0,0,0,0,7,0,0,0,0,29,0,0,0,1,3,0,0,3,0,0,0,13,1,0,0,0,0,0,0,0,0,0,0,0,0,0,0,0,0,0,0,0,0,0,0,0,0,0,0,0,1,0,0,0,0,0,0,0,0,2,2,16,0,1,22,1,0,1,2,0,0,0,6,5,0,0,39,2,1,0,2,0,0,0,0,0,1,0,13,0,1,0,0,0,0,0,0,1,0,1,1,1,0,0,0,0,0,0,0,0,0,2,0,0,0,0,0,0,0,0,0,6,0,0,0,0,0,0,1,0,0,0,0,0,0,0,0,0,0,0,0,0,0,0,0,0,0,0,0,0,0,0,0,0,0,2,0,0,0,0,0,0,0,2,0,0,0,0,0,1,0,0,0,0,0,0,0,0,0,0,0,0,0,0,1,3,1,1,0,1,1,6,0,1,0,2,0,1,0,0,0,0,0,0,0,0,0,0,0,0,0,1,0,2,3,0,1,0,0,0,0,0,0,0,0,0,28,0,0,0,1,0,0,1,0,1,0,0,0,0,0,0,0,1,0,0,0,0,0,0,0,0,0,0,1,0,0,0,1,1,0,0,1,0,0,1,0,0,0,0,0,0,0,1,0,0,0,0,0,0,0,0,0,0,0,0,0,7,0,0,0,0,0,2,0,0,1,0,1,0,0,5,0,0,0,0,0,0,0,0,0,0,1,0,0,0,0,1,1,0,0,0,0,0,0,6,2,1,1,0,3,0,0,0,0,0,0,0,3,0,1,0,1,0,2,2,0,82,0,0,0,5,0,0,6,2,22,0,0,6,1,0,107,68,0,0,0,0,0,0,0,17,0,0,0,0,2,0,0,0,0,0,0,0,0,0,0,0,0,0,0,0,0,0,0,0,0,2,0,0,0,0,0,0,0,0,1,1,0,0,0,0,2,0,0,0,0,0,0,0,0,0,0,0,0,0,0,0,0,0,0,0,0,0,0,0,0,0,0,0,0,0,0,9,4,3,3,2,0,0,0,0,0,0,0,1,2,3,1,7,0,0,0,0,1,0,2,0,0,2,0,0,0,0,0,0,39,1,0,2,0,1,2,2,0,0,2,0,2,2,0,0,1,0,0,0,0,0,0,2,1,0,0,0,0,0,3,0,0,0,0,0,6,0,0,1,0,0,1,0,0,0,20,0,0,0,8,3,0,0,0,0,0,0,1,3,1,0,1,0,0,0,2,2,0,0,1,2,14,0,0,1,0,0,22,0,0,0,0,0,1,0,0,7,2,0,0,1,0,0
145,2240,COLÉGIO ESTADUAL PROFESSOR GUIDO ARZUA,"RUA MANDIRITUBA, 2100 - BAIRRO NOVO B",SITIO CERCADO,-25.5504333,-49.2688383,65,0,2834,2207,203,125,0,4,3,5,30,2,7,0,2,12,1,17,1,0,0,0,9,0,0,2,2,6,9,1,0,2,5,0,1,1,0,10,1,1,0,2,0,0,4,5,1,1,0,3,0,36,1,0,0,0,0,0,0,1,0,0,0,21,0,0,0,0,2,0,0,0,5,0,0,1,0,0,59,0,0,0,0,3,0,0,1,0,0,1,1,0,12,0,0,0,0,0,0,1,3,0,0,0,0,4,0,7,0,1,0,2,0,15,18,1,0,0,0,0,0,0,0,0,0,0,1,3,0,0,0,0,2,0,0,0,0,0,20,0,0,2,0,0,0,0,0,0,257,0,1,0,0,0,0,0,0,1,0,0,0,1,3,0,25,0,0,0,8,1,0,0,2,0,0,2,0,0,41,2,27,7,1,1,0,21,2,3,0,0,0,0,0,1,18,1,0,0,0,1,0,0,0,33,0,1,1,0,0,0,0,0,0,0,0,0,0,1,0,0,0,0,0,0,0,1,0,0,0,0,0,0,0,0,2,0,1,1,0,2,1,0,1,0,0,0,0,1,0,0,0,1,0,1,0,0,7,2,0,0,0,0,0,1,0,0,44,0,0,0,0,0,0,0,0,0,0,0,0,0,0,0,10,0,0,0,0,0,0,0,1,0,0,0,0,0,0,4,0,0,0,0,0,0,0,1,0,0,0,0,0,0,1,0,0,0,0,0,0,0,0,0,0,0,0,0,0,0,0,0,0,1,0,0,0,0,0,0,0,1,0,9,1,0,1,0,31,0,0,0,0,2,0,0,4,0,0,0,10,0,0,2,0,0,0,0,0,0,1,0,0,0,0,0,0,0,0,0,0,0,0,0,1,0,0,0,0,0,0,0,0,0,0,0,0,0,4,1,6,0,0,26,0,1,1,2,21,1,0,5,1,0,0,65,2,0,0,1,0,2,0,0,0,0,0,28,0,0,1,0,0,0,1,0,2,0,1,1,1,0,1,0,0,0,0,0,0,0,1,0,0,0,0,1,0,0,0,0,12,0,0,0,3,0,0,1,0,0,0,0,0,0,0,0,0,0,0,0,0,0,0,0,0,0,0,0,0,0,0,0,0,0,0,0,0,0,0,1,0,0,0,0,0,0,0,0,10,0,0,0,0,0,0,0,0,0,0,0,0,1,0,0,3,2,0,0,0,0,12,0,0,0,9,1,0,0,0,1,0,0,0,0,0,0,0,1,0,0,3,1,0,0,0,0,0,2,0,0,0,1,0,0,0,29,1,3,0,7,0,0,2,0,0,0,0,0,0,0,0,0,2,0,0,0,0,0,2,0,1,0,0,0,0,0,0,0,1,0,0,0,0,0,0,2,0,0,0,0,0,0,2,0,0,0,0,0,0,0,0,0,0,0,0,0,2,0,0,0,2,1,1,0,1,1,0,0,0,0,7,0,0,0,0,0,0,0,0,0,0,6,0,1,0,1,1,1,1,0,0,0,0,0,5,3,0,0,0,2,0,0,0,0,0,0,0,4,0,1,0,0,0,2,1,0,72,0,1,0,2,0,0,14,0,23,0,1,5,1,0,92,81,1,0,1,0,0,0,0,9,0,0,0,0,0,0,1,2,0,0,1,0,1,0,0,0,1,0,0,0,0,0,1,0,0,0,0,0,2,0,0,1,0,0,1,0,0,0,1,0,0,0,0,0,0,0,0,0,0,0,0,0,0,1,0,0,0,0,0,0,0,0,0,0,0,0,0,0,0,0,0,10,3,0,0,0,0,0,0,2,0,0,0,4,5,1,0,17,1,0,0,0,1,1,2,0,0,1,0,0,0,0,0,0,63,0,4,4,0,1,1,0,0,0,1,5,0,0,0,0,0,0,0,0,0,0,0,5,1,0,0,0,0,0,0,0,0,0,0,0,2,0,0,0,0,0,0,0,0,1,32,0,0,1,8,0,0,0,0,0,0,0,1,0,0,1,0,0,0,0,1,1,0,0,1,5,17,0,0,1,0,0,31,0,0,0,0,0,0,0,0,4,0,0,0,0,1,1
145,2259,ESCOLA MUNICIPAL PROFESSORA NATHÁLIA DE CONTO COSTA,RUA EDUARDO PINTO DA ROCHA 6300,UMBARA,-25.5662152,-49.2792871,73,0,1344,1121,117,65,0,3,1,4,7,1,4,0,0,2,0,7,0,0,0,0,4,1,0,0,0,1,4,1,0,1,7,0,2,0,0,3,0,0,0,1,0,0,2,1,0,1,0,0,0,12,0,0,0,0,0,0,0,0,0,0,1,12,0,0,0,0,4,4,0,0,10,0,0,0,0,1,44,0,0,0,0,3,0,1,1,0,0,2,0,0,4,0,0,0,0,0,0,0,7,0,0,1,0,6,0,7,0,1,0,0,0,14,1,0,1,0,0,0,0,0,0,0,0,0,0,1,0,0,0,0,3,0,0,0,0,0,13,0,0,0,0,0,1,0,0,0,52,0,1,0,0,0,1,1,0,1,0,0,0,1,1,0,7,0,0,0,9,0,0,0,1,0,0,1,0,0,12,2,24,0,1,0,0,12,0,1,0,0,0,0,1,0,6,0,1,0,0,1,0,0,0,12,0,1,0,0,0,1,0,0,0,0,0,0,0,0,1,0,0,0,0,1,0,0,0,0,0,1,0,0,0,0,1,0,0,0,0,0,1,0,0,0,0,0,0,0,0,0,0,0,0,1,0,0,0,0,0,0,0,0,0,0,0,0,10,0,0,0,4,0,0,0,0,0,0,1,0,0,0,3,2,0,0,0,2,0,0,0,0,0,0,0,0,0,0,0,0,0,0,0,0,0,0,0,0,1,0,0,1,2,2,0,0,0,0,0,0,0,0,0,0,0,0,0,0,1,0,0,0,0,2,0,0,0,0,0,0,0,0,2,0,0,0,0,16,0,0,0,0,2,0,0,3,0,0,0,14,0,0,1,0,0,0,0,0,0,0,0,0,0,0,0,0,0,0,0,0,0,0,0,0,0,0,0,0,0,0,0,0,0,0,0,0,0,1,0,0,0,0,7,0,0,1,2,1,1,0,0,1,0,1,42,0,1,0,1,0,1,0,0,0,1,0,6,0,0,0,0,0,0,0,0,0,0,0,0,0,0,5,0,0,0,0,0,0,0,3,0,0,0,0,0,1,0,0,0,6,0,0,0,1,0,0,0,0,0,1,1,0,0,0,0,0,0,0,0,0,0,0,0,0,0,0,0,0,0,0,0,0,0,0,0,0,0,0,0,0,0,0,0,0,0,0,0,4,0,0,0,0,0,0,0,0,0,0,0,0,0,0,1,0,1,0,0,0,1,6,0,1,2,1,0,0,0,0,0,0,0,0,0,0,0,0,0,0,0,5,0,3,0,0,0,0,1,0,0,0,0,0,0,0,6,0,2,0,4,0,0,2,3,1,0,0,0,0,0,0,0,0,0,0,0,0,0,0,0,1,0,0,0,0,0,0,0,1,0,0,0,0,0,0,0,1,0,0,0,0,0,3,0,0,0,0,0,0,0,0,0,0,0,0,1,3,0,0,0,6,0,0,0,0,4,0,0,0,1,2,0,0,0,0,0,0,0,0,1,1,0,0,0,0,0,0,2,0,0,0,0,0,0,3,0,0,0,0,2,0,0,3,0,0,0,0,0,0,1,0,0,0,2,3,0,58,0,1,0,0,0,0,5,1,15,0,0,4,0,0,35,24,0,0,0,0,0,1,0,3,0,0,0,0,0,0,0,1,4,0,0,0,0,0,0,0,0,0,0,0,0,0,0,0,0,0,0,0,3,0,0,0,0,0,1,0,0,0,1,0,0,0,0,0,0,0,0,0,0,0,0,0,0,1,0,0,0,0,0,0,0,0,0,0,0,0,1,0,0,0,0,5,7,1,4,0,0,3,0,2,0,0,0,0,1,11,1,6,1,0,0,0,0,0,5,0,0,0,0,0,0,0,0,0,53,0,4,5,0,1,1,1,0,1,0,1,1,0,0,0,0,0,0,0,1,0,0,0,0,0,0,0,0,0,0,0,0,0,0,0,3,0,0,0,0,0,0,0,0,0,6,0,0,0,10,0,0,0,0,0,0,0,0,0,1,1,0,0,0,0,1,0,2,0,0,2,17,0,0,0,0,0,10,0,0,0,0,0,0,0,0,1,0,0,0,0,1,0
145,2267,ESCOLA MUNICIPAL HERACLITO FONTOURA SOBRAL PINTO,"RUA LUCIO DE OLIVEIRA LARA, 75 - VILA OSTERNACK",SITIO CERCADO,-25.5576684,-49.2570936,65,0,2037,1601,182,79,0,1,3,3,40,1,1,0,0,3,3,5,3,0,0,0,1,0,1,0,6,3,13,4,0,2,5,1,0,0,1,4,0,1,0,0,0,0,0,1,1,0,0,0,0,23,1,1,1,0,0,0,4,0,0,0,0,13,0,0,0,0,0,1,1,0,3,0,0,0,0,0,69,0,0,0,0,0,0,1,2,0,0,1,0,1,11,0,1,0,0,0,1,0,4,0,0,0,0,2,0,6,0,0,0,0,0,11,24,0,0,0,0,0,0,0,0,0,0,0,0,1,0,0,0,0,13,0,0,0,0,0,27,0,0,0,2,0,0,0,0,1,51,0,1,0,0,0,3,0,0,2,0,0,0,4,0,0,19,0,0,0,2,0,0,0,1,0,0,0,1,0,38,0,24,2,2,2,0,26,1,1,1,0,0,0,1,1,18,2,0,2,1,0,0,0,0,29,0,1,1,0,2,0,0,0,0,0,0,0,0,0,0,0,0,0,0,0,0,0,0,0,0,0,2,0,0,0,1,0,0,0,0,0,0,0,0,0,0,0,0,1,0,0,0,0,0,26,0,0,0,0,0,0,1,0,0,0,0,0,31,0,0,1,0,0,0,0,0,0,2,0,0,0,0,0,2,0,0,0,2,0,0,0,0,0,0,0,0,0,0,2,0,0,0,0,0,0,0,2,0,0,0,0,0,0,1,0,0,0,0,0,0,0,0,0,0,0,0,0,0,0,1,0,0,0,0,0,2,0,0,0,1,0,0,3,1,0,0,0,21,0,0,0,0,0,0,0,2,0,0,0,10,1,0,0,0,0,0,0,0,0,0,0,0,0,0,0,0,0,0,0,0,0,0,0,0,0,0,0,0,0,0,0,1,0,0,0,0,0,2,1,5,1,0,23,0,0,1,0,14,3,0,0,3,0,1,49,0,0,0,0,0,1,0,0,0,1,0,28,0,1,0,0,0,1,0,0,0,1,0,0,0,0,0,0,0,0,0,0,0,0,0,0,0,0,0,0,0,0,0,0,5,0,0,0,1,0,0,0,0,0,0,0,0,0,0,0,0,0,0,0,0,0,0,0,0,0,0,0,0,0,0,0,0,0,0,0,0,0,0,4,0,0,0,0,1,0,0,0,1,0,0,0,0,0,0,1,0,0,0,0,0,0,0,0,1,0,0,1,0,2,7,0,1,0,1,0,0,1,0,0,0,0,0,1,0,0,0,0,0,0,4,2,3,1,0,0,0,0,0,0,0,0,0,0,0,19,1,2,0,3,0,0,0,0,1,0,0,0,0,0,0,0,0,0,0,0,0,0,0,0,0,0,0,0,0,0,0,0,0,0,0,0,0,0,0,0,0,0,0,0,0,0,1,0,0,0,0,0,0,0,0,0,0,0,0,0,4,0,0,0,1,0,0,0,0,0,0,2,0,0,2,0,0,0,0,0,0,0,0,0,3,0,0,1,0,0,0,2,1,0,0,0,0,0,3,3,0,0,0,3,0,3,0,0,0,0,0,6,0,1,0,0,0,3,2,0,64,0,0,0,1,0,0,9,0,23,1,0,2,0,0,101,36,0,0,1,0,0,0,0,11,0,0,0,0,0,0,0,0,0,0,0,0,0,0,0,0,0,0,1,0,0,0,0,0,0,0,0,0,0,0,0,0,0,0,2,0,0,0,1,0,0,0,0,0,0,0,0,0,0,0,0,0,0,1,0,0,0,0,0,0,2,0,0,0,0,0,0,0,0,0,0,11,4,0,0,0,1,0,0,5,0,0,0,1,1,2,0,10,0,0,1,0,0,0,0,0,0,0,0,0,0,0,0,0,32,2,2,3,0,2,0,3,1,0,0,0,0,0,0,0,0,0,0,0,0,0,1,4,1,0,0,0,0,0,0,2,0,0,0,1,3,0,0,0,0,0,0,0,1,0,27,0,0,0,5,0,0,0,0,0,0,0,0,0,2,0,0,0,0,0,0,0,0,0,0,1,8,0,0,0,0,0,13,0,0,0,1,0,0,0,0,1,0,0,0,0,2,0
145,2283,COLÉGIO NOVO ÉDEN,"RUA MANDIRITUBA, 1327 - BAIRRO NOVO B",SITIO CERCADO,-25.5449858,-49.2725324,65,0,2427,1977,178,103,0,4,1,4,39,0,1,0,0,5,0,19,0,0,0,0,6,1,1,0,2,4,7,4,0,0,8,0,0,1,1,18,0,1,1,0,0,0,2,2,3,1,0,1,0,22,1,0,0,0,0,0,2,1,0,0,2,22,0,2,1,0,0,2,0,0,2,0,0,0,0,2,51,0,0,0,0,1,0,0,0,0,0,2,0,0,5,0,0,0,0,0,2,0,2,0,0,0,0,0,0,8,1,0,0,0,0,12,12,0,0,0,0,0,1,0,0,0,0,0,2,2,0,0,0,0,1,0,2,1,0,0,25,0,0,1,0,0,0,1,2,0,212,0,2,0,0,0,0,0,0,1,0,0,0,1,0,0,12,0,0,0,6,0,2,0,1,0,1,1,0,0,30,1,28,3,3,1,0,29,3,1,0,1,0,1,0,0,10,0,0,0,0,0,2,1,1,24,0,1,0,0,1,2,0,0,0,0,0,0,0,0,0,0,0,0,1,0,0,0,0,1,0,0,1,0,0,0,1,0,1,1,0,1,1,0,0,0,0,0,0,0,0,0,0,1,0,3,0,0,1,0,0,0,0,0,1,0,0,0,17,0,0,1,0,0,0,0,0,2,0,1,0,0,0,1,8,0,0,0,1,0,0,0,0,1,0,0,0,0,0,2,0,0,0,0,0,0,1,1,1,0,0,0,0,0,0,0,0,0,0,0,2,0,0,0,0,0,0,0,0,1,1,1,0,0,2,0,0,0,0,0,0,0,1,10,1,0,0,0,33,0,0,0,0,6,1,0,7,0,0,0,18,1,0,0,0,0,0,0,0,0,0,0,0,0,0,0,0,0,0,0,0,0,0,0,0,0,0,0,0,1,0,0,0,0,0,0,0,0,2,0,8,0,0,20,0,0,4,1,15,0,0,5,4,0,0,40,0,1,0,1,0,1,0,0,3,1,0,26,0,3,1,0,0,0,0,0,0,0,0,1,0,0,1,0,0,0,0,0,0,0,2,0,1,1,0,0,2,1,0,0,4,0,0,0,3,0,0,0,0,0,0,0,0,0,0,0,0,1,0,0,0,0,0,0,0,0,0,0,0,0,0,0,0,0,0,0,0,0,0,0,0,0,0,0,0,0,0,0,1,0,0,0,0,0,0,0,0,0,0,1,0,0,0,0,4,0,0,0,0,2,17,0,1,0,3,0,0,0,0,0,0,0,0,0,0,0,0,0,1,0,0,0,0,0,0,0,0,0,1,0,0,0,0,0,1,25,0,3,0,3,0,0,3,0,1,0,0,0,0,0,0,0,0,1,0,0,0,1,0,0,0,0,0,0,0,0,0,0,1,0,0,0,0,0,0,0,0,0,0,0,0,0,0,0,0,0,0,0,0,0,0,0,0,0,0,0,8,0,0,0,1,0,0,0,0,3,0,1,0,0,0,0,3,0,0,0,0,0,0,1,3,1,0,0,0,0,0,0,0,0,0,0,1,0,5,1,0,0,0,5,0,0,0,0,0,0,0,7,0,7,0,1,0,2,1,0,94,0,1,0,2,1,0,8,0,24,0,0,1,0,0,63,60,2,2,0,0,0,2,0,14,0,0,0,0,0,0,0,3,0,0,2,0,0,0,0,0,0,0,0,0,0,0,0,0,0,1,0,0,4,0,0,0,0,0,0,2,0,0,2,0,0,0,0,0,0,0,0,0,0,0,0,0,0,0,1,0,0,0,0,0,1,0,0,0,0,0,0,0,0,0,0,13,3,0,6,1,1,0,1,1,1,2,0,6,3,3,1,15,0,0,2,0,0,1,2,0,1,1,0,0,0,0,0,0,67,0,1,3,0,2,1,2,3,1,1,3,2,0,0,0,0,0,0,0,0,0,0,3,6,0,1,0,0,0,2,0,1,0,0,2,9,0,0,0,0,1,0,0,0,0,19,0,0,0,9,0,0,0,1,0,1,0,0,0,0,0,0,0,0,0,0,0,0,0,0,5,27,0,0,0,0,0,34,0,0,0,0,0,0,0,0,6,2,0,0,0,4,0
145,2291,GRUPO EDUCACIONAL UNINTER - POLO SITIO CERCADO,"RUA URAÍ, 78",SITIO CERCADO,-25.5414692,-49.2806062,65,0,211,159,19,7,0,0,0,1,6,0,0,0,0,0,0,3,0,0,0,0,1,0,0,0,1,0,0,0,1,0,1,0,0,0,0,2,0,0,0,0,0,0,0,0,1,0,0,0,0,3,0,0,0,0,0,0,0,0,0,0,0,0,0,0,0,0,0,0,0,0,0,0,0,0,0,0,5,0,0,0,0,0,0,0,0,0,0,0,0,0,1,0,0,0,0,0,0,0,0,0,0,0,0,1,0,1,0,0,0,1,0,0,4,0,0,0,0,0,0,0,0,0,0,0,0,0,0,0,0,0,0,0,0,0,0,0,0,0,0,0,0,0,0,0,0,0,10,0,0,0,0,0,0,0,0,0,0,0,0,0,0,0,3,0,0,0,2,0,0,0,0,0,0,0,0,0,3,0,2,0,2,0,0,3,0,1,0,0,0,0,0,0,1,0,0,0,0,0,0,0,0,2,0,0,0,0,0,0,0,0,0,0,0,0,0,0,0,0,0,0,0,0,0,0,0,0,0,0,0,0,0,0,0,0,0,0,0,0,0,0,0,0,0,0,0,0,0,0,0,0,0,0,0,0,0,0,0,0,0,0,0,0,0,0,1,0,0,0,0,0,0,0,0,0,0,0,0,0,0,0,0,0,0,0,0,0,0,0,0,0,0,0,0,0,0,0,0,0,0,0,0,0,0,0,0,0,0,0,0,0,0,0,0,0,0,0,0,0,0,0,0,0,0,0,0,0,0,0,0,0,0,0,0,0,0,0,0,0,0,0,1,0,0,0,1,0,0,0,0,0,0,0,0,0,0,0,2,0,0,0,0,0,0,0,0,0,0,0,0,0,0,0,0,0,0,0,0,0,0,0,0,0,0,0,0,0,0,0,0,0,0,0,0,0,0,0,0,0,0,0,0,0,0,0,0,0,0,1,0,0,0,5,0,0,0,0,0,0,0,0,0,0,0,1,0,0,0,0,0,0,0,0,0,0,0,0,0,0,0,0,0,0,0,0,0,0,0,0,0,0,0,0,0,0,0,0,2,0,0,0,0,0,0,0,0,0,0,0,0,0,0,0,0,0,0,0,0,0,0,0,0,0,0,0,0,0,0,0,0,0,0,0,0,0,0,0,0,0,0,0,0,0,0,0,0,0,0,0,0,0,0,0,0,0,0,0,0,0,0,0,0,0,0,0,0,0,0,0,0,0,1,0,0,0,0,0,0,0,0,0,0,0,0,0,0,0,0,0,0,0,0,0,0,0,0,0,0,0,0,0,0,3,0,0,0,0,0,0,0,0,0,0,0,0,0,0,0,0,0,0,0,0,0,0,0,0,0,0,0,0,0,0,0,0,0,0,0,0,0,0,0,0,0,0,0,0,0,0,0,0,0,0,0,0,0,0,0,0,0,0,0,0,1,0,0,0,0,0,0,0,2,0,0,0,0,0,0,0,0,0,0,0,0,0,0,2,0,0,0,0,0,0,0,0,0,0,0,0,0,0,0,0,0,0,0,0,0,0,0,0,0,0,0,0,0,0,0,0,0,0,0,0,4,0,0,0,0,0,0,0,0,2,0,0,0,0,0,3,5,0,1,0,0,0,0,0,3,0,0,0,0,0,0,0,0,0,0,0,0,0,0,0,0,0,0,0,0,0,0,0,0,0,0,0,0,0,0,0,0,0,0,0,0,0,0,0,0,0,0,0,1,0,0,0,0,0,0,0,0,0,0,0,0,0,0,0,0,0,0,0,0,0,0,0,0,0,0,0,0,1,0,1,0,0,0,0,0,0,0,0,0,0,0,0,0,0,0,0,0,0,0,0,0,0,0,0,0,0,0,0,0,6,1,0,0,0,0,0,0,0,0,0,1,1,0,0,0,0,0,0,0,0,0,0,0,2,0,0,0,0,0,0,0,0,0,0,0,1,0,0,0,0,0,0,0,0,0,4,0,0,0,0,0,0,0,0,0,0,0,0,0,0,0,0,0,0,0,0,2,0,0,0,3,2,0,0,1,0,0,2,0,0,0,0,0,0,0,0,1,0,0,0,0,0,0
145,2305,ESCOLA MUNICIPAL PROFESSORA JURANDYR BAGGIO MOCKELL,"RUA BRIGADEIRO EDUARDO GOMES, 270",PINHEIRINHO,-25.5195685,-49.286039,66,0,792,646,46,37,0,0,0,2,10,1,3,0,0,0,0,1,0,0,0,0,5,0,0,0,0,0,6,0,3,0,5,0,0,0,0,6,1,0,0,0,0,0,2,0,1,3,0,0,0,13,0,0,2,0,0,0,0,0,0,0,2,6,0,0,3,0,0,0,0,0,0,0,0,0,0,0,7,0,0,0,0,0,0,1,0,0,0,0,0,0,1,0,0,0,0,0,0,0,2,0,0,0,0,0,0,0,0,1,0,0,0,12,3,0,0,0,0,0,0,0,0,0,0,0,0,0,0,1,0,0,0,0,1,1,0,0,15,2,0,0,0,0,0,0,0,2,5,0,2,0,0,0,0,0,0,0,0,0,0,0,1,0,0,0,0,0,2,0,0,0,2,0,0,0,0,0,22,0,13,0,1,0,0,12,0,0,0,0,0,0,0,0,2,0,0,0,0,2,0,0,0,8,0,1,0,0,0,0,0,0,0,0,0,0,0,0,0,0,0,0,0,0,0,0,0,0,0,0,0,0,0,0,0,0,0,0,0,1,0,0,0,0,0,0,0,1,0,0,0,0,0,0,0,0,0,0,0,0,0,0,0,0,0,0,4,0,0,0,0,0,0,0,0,0,0,1,0,0,0,0,2,0,0,0,0,0,0,0,0,0,0,0,0,0,0,0,0,0,0,0,0,0,0,0,0,0,0,0,0,0,0,1,0,0,0,0,0,0,0,0,0,0,0,0,0,0,0,0,0,0,0,0,0,0,0,0,0,0,0,3,0,0,0,0,17,0,0,0,0,0,0,0,0,0,0,0,5,0,0,0,0,0,0,0,0,0,0,0,0,0,0,0,0,0,0,0,0,0,0,0,0,0,0,0,0,0,0,0,0,0,0,0,0,0,2,1,3,0,0,19,0,0,0,2,0,1,0,1,0,0,0,17,0,0,0,0,0,0,0,0,0,0,0,7,0,0,0,0,0,0,0,0,0,0,1,0,0,0,0,0,0,0,0,0,0,0,3,0,0,0,0,0,0,0,0,0,6,1,0,0,1,0,0,0,0,0,0,0,0,0,0,0,0,0,0,0,0,0,0,0,0,0,0,0,0,0,0,0,0,0,0,0,0,0,0,0,0,0,0,0,0,0,0,0,0,1,0,0,0,0,0,0,0,0,0,0,0,0,0,3,0,0,0,1,0,1,12,0,2,0,6,0,0,0,0,0,0,0,0,0,0,0,0,0,0,0,6,0,0,0,0,0,0,0,0,0,0,0,0,0,0,15,0,0,0,3,0,0,3,0,0,0,0,0,0,0,0,0,0,0,0,0,0,0,0,0,0,0,0,0,0,0,0,0,0,0,0,0,0,0,0,0,0,0,0,0,0,0,0,0,0,0,0,0,0,0,0,0,0,0,0,0,4,0,0,0,0,0,0,0,0,0,0,0,0,1,1,0,1,0,0,0,0,0,0,0,1,0,0,0,0,0,0,2,0,0,0,0,0,0,1,1,0,0,0,2,0,0,0,0,0,0,0,1,0,1,0,0,1,5,1,0,20,0,0,0,0,0,0,2,2,10,0,0,0,2,0,11,18,0,0,5,0,0,0,0,5,0,0,0,0,0,0,0,1,0,0,0,0,0,0,0,1,0,0,0,0,0,0,0,2,0,0,0,0,0,0,0,0,1,0,2,0,0,0,0,0,0,0,0,0,0,0,0,0,0,0,0,0,0,0,0,0,0,0,0,0,1,0,0,0,0,0,0,0,0,0,0,4,0,0,1,0,0,0,0,0,2,1,0,0,0,1,0,8,1,0,0,0,0,0,3,0,0,0,0,0,0,0,0,1,47,1,0,2,0,0,0,4,0,0,0,0,0,0,0,0,0,0,0,0,0,0,0,0,0,0,0,0,0,1,1,0,0,0,0,0,2,0,0,0,0,0,0,0,0,0,2,0,0,0,1,0,0,0,0,0,0,0,0,0,0,0,1,1,0,0,0,0,1,0,0,1,11,0,0,0,0,0,8,0,0,0,0,0,0,0,0,0,0,0,0,1,0,0
145,2372,FACULDADE FACEAR - CAMPUS SÍTIO CERCADO,"RUA MERCÚRIO, 463",SITIO CERCADO,-25.5322306,-49.2666216,65,0,404,306,37,16,0,0,0,1,2,0,1,0,0,1,0,0,0,0,0,0,0,1,0,0,0,0,1,1,0,0,0,0,1,0,0,1,0,2,0,0,0,0,0,0,0,1,0,0,0,14,0,0,0,0,0,0,1,0,0,0,0,2,0,0,0,0,0,0,0,1,0,0,0,1,0,1,6,0,0,0,0,0,0,0,0,0,0,0,0,0,0,0,0,0,0,0,0,0,0,0,0,0,0,0,0,2,0,0,0,0,0,4,0,0,0,0,0,0,1,0,0,0,0,0,0,0,0,0,0,0,1,0,0,0,0,0,5,0,0,0,1,0,0,0,0,0,14,0,0,0,0,0,0,0,0,0,0,1,0,2,1,0,2,0,0,0,1,0,0,0,0,0,0,0,0,0,3,1,6,1,0,0,0,3,0,1,0,0,0,1,0,0,1,0,0,0,0,0,0,0,0,3,0,0,0,0,0,0,0,0,0,0,0,0,0,0,0,0,0,0,0,0,0,0,0,0,0,0,0,0,0,0,0,0,0,0,0,0,0,0,0,0,0,0,0,0,0,0,0,0,0,0,0,0,0,0,0,0,0,1,0,0,0,0,7,0,0,0,0,0,0,0,0,1,0,0,0,0,0,0,0,0,0,0,0,0,0,0,0,0,0,0,0,0,0,3,0,0,0,0,0,0,0,0,0,0,0,0,0,0,0,0,0,0,0,0,0,0,0,0,0,0,0,0,0,0,0,0,0,0,0,0,0,0,0,0,0,1,0,3,0,0,0,0,2,0,0,0,0,2,0,0,1,0,0,0,4,1,0,0,0,0,0,0,0,0,0,0,0,0,0,0,0,0,0,0,0,0,0,0,0,0,0,0,0,0,0,0,0,0,0,0,0,0,0,0,1,0,0,5,0,0,0,0,1,0,0,1,0,0,0,9,1,0,0,0,0,0,0,0,0,0,0,3,0,0,0,0,1,0,0,0,0,1,1,0,0,0,0,0,0,0,0,0,0,0,1,0,0,0,0,0,1,0,0,0,5,0,0,0,0,0,1,0,0,0,0,0,0,0,0,0,0,0,0,0,0,0,0,0,0,0,1,0,0,0,0,0,0,0,0,0,0,0,0,0,0,0,0,0,0,0,0,0,0,0,0,0,0,0,0,0,0,0,0,0,0,0,0,1,0,0,0,0,0,0,2,0,1,0,1,0,0,0,0,0,0,0,0,0,0,0,0,0,0,0,0,0,0,0,0,0,0,0,0,0,0,0,0,0,0,5,0,0,0,1,0,0,0,0,0,0,0,0,0,0,2,0,0,0,0,0,0,0,0,0,0,0,0,0,0,0,0,0,0,0,0,0,0,0,0,0,0,0,0,0,0,0,0,0,0,0,0,0,0,0,0,0,0,0,0,0,1,0,0,0,0,0,0,0,0,0,0,0,0,0,0,0,0,0,0,0,0,0,0,0,0,0,0,0,0,0,0,0,0,0,0,0,2,0,2,0,0,0,0,1,0,0,0,0,0,0,0,0,0,1,0,0,0,1,0,0,18,0,0,0,0,0,0,1,0,2,0,0,1,0,0,9,8,0,0,0,0,0,0,0,3,0,0,0,0,0,0,0,0,0,0,0,0,0,0,0,0,0,0,0,0,0,0,0,0,0,0,0,0,0,0,0,0,0,0,0,0,0,0,0,0,0,0,0,0,0,0,0,0,0,0,0,0,0,0,0,0,0,0,0,0,0,0,0,0,0,0,0,0,0,0,0,1,0,0,2,2,0,0,0,0,0,0,0,2,0,0,0,1,0,0,0,0,0,0,0,0,0,0,0,0,0,0,0,0,10,0,1,0,0,0,0,0,0,0,0,0,0,0,0,0,0,0,0,0,0,0,0,1,0,0,0,0,0,0,0,0,0,0,0,0,0,0,0,1,0,0,0,0,0,0,1,0,0,0,1,0,0,0,0,0,0,0,0,0,1,0,0,0,0,0,0,2,0,0,0,1,5,0,0,0,0,0,4,0,0,0,0,0,0,0,0,1,0,0,0,0,0,0
174,1015,ESCOLA ESTADUAL GOTTLIEB MUELLER,R BOM JESUS DE IGUAPE   3333,BOQUEIRAO,-25.4931765,-49.23855342,56,0,2162,1718,121,73,0,3,4,3,27,1,1,1,1,5,0,18,1,0,0,0,4,0,1,0,0,1,8,4,1,0,3,0,0,2,0,9,0,0,0,2,0,0,1,1,2,0,0,5,0,26,0,4,0,0,0,0,0,0,0,0,0,4,1,0,1,2,5,1,0,0,1,1,0,2,0,0,64,0,0,0,0,1,0,0,0,0,1,0,0,0,16,0,0,0,0,0,0,0,3,0,0,0,0,7,0,12,0,0,0,0,0,18,20,0,0,0,1,0,0,0,0,0,0,0,0,8,0,0,0,0,4,0,0,1,2,0,32,0,0,0,2,0,0,0,0,1,8,0,1,0,0,0,1,0,0,0,0,0,4,1,0,0,8,0,0,0,5,0,0,0,0,0,0,2,0,0,42,0,23,3,1,1,0,21,0,0,0,0,0,0,0,0,5,1,0,1,0,0,0,0,0,19,0,0,0,0,2,0,0,2,1,0,0,0,0,0,0,0,0,0,0,0,1,0,0,4,0,0,2,0,0,0,1,0,0,0,0,1,0,0,4,0,0,0,0,0,0,0,1,0,1,0,0,0,0,1,0,0,1,0,1,0,0,0,10,0,0,0,0,0,0,0,0,2,0,0,0,0,0,0,5,0,0,0,0,0,0,0,0,0,0,0,0,0,0,5,0,0,0,0,0,0,0,0,0,0,0,0,1,0,1,1,0,0,0,0,0,0,0,2,0,0,0,0,0,0,0,0,0,1,1,0,1,0,0,0,0,1,1,8,0,0,0,0,35,0,0,0,0,9,0,0,10,0,0,0,22,1,0,0,0,3,0,0,0,0,0,0,0,0,0,1,0,0,0,0,0,0,0,1,0,0,0,0,0,0,0,0,0,0,0,0,0,0,2,1,12,1,0,34,0,0,0,0,5,1,0,5,5,0,0,50,0,0,0,3,0,0,0,0,0,0,0,25,0,1,0,0,1,1,0,0,1,0,0,0,1,0,0,0,0,0,0,0,0,0,6,0,2,2,0,0,0,0,0,0,20,0,0,0,0,0,0,0,0,0,0,0,0,0,0,0,0,0,0,0,0,0,0,0,0,0,0,0,0,0,0,0,0,0,0,0,0,0,1,0,0,0,0,0,0,0,0,0,0,0,0,0,0,0,0,0,0,0,0,0,0,0,3,0,0,0,0,4,0,0,15,0,2,4,4,0,0,0,0,3,0,0,0,0,0,0,0,1,3,0,1,0,2,0,0,0,0,0,0,0,0,0,1,0,0,21,2,0,0,13,0,0,0,0,0,0,0,0,0,0,0,0,0,0,0,0,0,0,0,0,0,0,0,0,0,0,0,0,0,0,0,1,0,0,2,0,0,0,0,0,0,1,0,0,0,0,0,0,0,0,0,0,0,0,0,0,2,0,0,0,0,0,0,0,0,0,0,2,3,0,2,0,2,0,0,0,0,0,0,0,0,0,0,0,0,0,0,0,0,0,0,0,0,0,6,0,0,0,0,9,0,1,0,0,0,0,0,4,0,2,0,0,0,1,12,0,72,0,0,0,1,3,0,15,3,19,0,0,1,0,0,133,51,3,4,0,0,0,0,0,11,0,0,0,0,0,0,0,2,0,0,0,0,0,0,0,0,0,0,2,0,0,0,0,0,0,0,4,0,0,0,0,0,2,0,1,1,0,0,0,0,0,0,0,0,0,0,0,0,0,0,0,2,0,2,0,0,0,0,1,0,1,0,0,0,0,0,0,0,0,0,0,12,6,5,3,2,2,0,0,10,0,1,0,2,1,4,0,6,1,0,0,0,0,0,2,0,0,1,0,0,0,0,0,0,50,0,3,5,0,6,1,4,0,0,3,1,0,0,0,2,0,0,1,0,0,0,0,1,0,0,0,0,0,0,0,0,4,0,0,0,8,0,0,0,0,0,0,3,0,0,41,0,0,0,6,0,0,0,0,0,0,0,0,0,0,0,0,0,0,0,1,0,0,1,0,1,14,0,0,0,0,0,21,0,0,0,0,0,0,0,0,1,0,0,0,0,2,1
174,1023,ESCOLA  MUNICIPAL LAPA,"R DIOGO MUGGIATTI, 1292",BOQUEIRAO,-25.51030383,-49.22836824,56,0,3046,2476,181,111,0,4,2,8,31,3,3,0,1,10,1,33,2,0,0,0,6,1,2,1,5,6,12,5,1,1,23,0,1,2,0,16,0,0,0,0,0,0,1,0,4,0,0,13,0,28,1,0,0,0,0,0,1,6,0,1,2,6,0,0,1,0,6,2,0,0,0,1,0,0,1,2,110,0,0,1,0,1,0,0,0,0,0,0,0,0,10,0,0,0,0,0,0,0,4,1,0,0,0,15,0,7,0,2,0,10,0,16,14,2,0,0,0,0,0,0,0,0,0,0,1,4,1,0,0,0,6,0,0,1,0,0,33,0,0,0,0,0,0,0,0,0,3,0,0,1,0,0,0,2,0,0,0,0,0,0,3,0,11,0,0,0,18,0,0,0,1,0,0,0,0,0,44,8,32,1,1,2,0,20,0,3,0,0,1,2,0,1,4,0,1,0,0,2,0,2,0,31,0,0,0,0,0,3,0,0,0,2,0,0,0,0,0,0,0,0,0,0,0,0,0,5,0,0,0,0,0,0,1,0,0,0,0,0,0,0,3,0,0,0,0,2,0,0,0,1,0,4,0,0,0,0,0,0,1,0,0,1,0,0,26,0,0,0,0,0,5,0,0,0,1,1,0,0,3,0,8,0,0,0,0,0,0,0,1,1,0,0,0,0,0,4,0,0,0,0,0,1,0,0,1,0,0,0,1,0,1,0,0,0,0,0,0,0,0,2,0,0,0,0,0,0,2,0,0,0,1,0,0,0,0,0,1,1,2,15,0,0,0,0,46,0,0,0,0,9,0,0,6,0,0,0,29,4,0,0,0,0,0,1,0,0,0,0,0,0,0,0,0,0,0,0,0,0,0,0,0,0,0,0,0,0,0,0,0,0,0,0,0,0,3,1,3,1,0,50,0,0,1,1,19,3,0,7,16,0,0,70,1,0,0,5,0,0,0,0,1,2,0,26,0,5,1,0,0,1,0,0,0,0,0,0,1,0,1,0,0,0,0,0,0,0,4,0,0,0,0,0,0,0,0,0,36,1,1,0,3,0,0,0,0,0,0,1,0,0,0,0,0,0,0,0,1,0,0,0,4,1,0,0,0,0,0,0,0,0,0,0,0,0,0,0,0,0,0,0,0,1,0,0,0,0,0,0,0,0,0,0,0,0,0,0,1,0,0,3,1,1,0,0,0,0,15,0,1,1,0,1,0,2,0,0,0,0,0,0,0,0,0,0,0,1,4,0,1,0,0,0,0,1,0,0,0,0,1,0,0,33,3,2,0,13,0,0,2,1,0,0,0,0,0,0,0,0,0,0,0,0,0,1,0,0,0,0,0,0,0,0,0,0,0,0,0,0,0,0,0,0,0,0,0,0,0,0,0,0,8,0,0,0,0,0,0,0,0,0,0,0,5,3,0,0,1,0,0,0,0,2,0,3,0,0,2,0,0,0,0,0,0,0,0,2,1,0,1,0,0,0,0,7,0,0,0,0,0,0,6,2,0,0,0,7,0,0,0,0,0,0,0,2,0,1,0,2,6,7,4,0,116,1,3,0,2,4,0,27,0,42,0,1,0,0,2,183,45,0,5,0,0,0,0,0,19,0,0,0,0,0,0,0,1,0,0,1,0,0,0,0,0,0,2,1,1,0,0,0,1,0,0,3,0,3,0,0,0,0,0,3,1,0,0,1,0,1,1,0,0,1,0,0,0,0,0,0,0,0,1,0,0,0,0,0,0,0,0,0,0,1,0,0,0,0,0,0,22,8,7,3,6,0,0,0,0,0,4,0,6,5,12,6,16,2,1,2,0,0,0,6,0,0,0,0,0,0,0,0,2,100,0,4,11,0,0,1,1,0,1,0,6,0,0,1,0,0,0,0,0,0,0,0,1,0,0,1,0,0,0,3,0,7,0,0,0,20,0,0,0,0,1,1,0,0,0,34,0,0,0,10,2,0,0,0,0,0,0,0,0,0,0,0,0,0,0,1,1,0,0,0,9,24,0,2,0,1,0,29,0,0,0,0,0,0,0,0,4,5,0,0,0,4,0
174,1031,ESCOLA ESTADUAL PROFESSORA LUIZA ROSS,"R MAESTRO CARLOS FRANK, 616",BOQUEIRAO,-25.51516795,-49.22468714,56,0,4436,3542,368,148,0,3,7,10,46,2,5,0,0,9,0,37,1,0,0,0,6,0,0,0,3,10,31,9,2,1,14,1,0,2,0,22,0,0,0,1,0,0,4,0,5,1,0,19,0,36,5,0,0,0,0,1,2,6,0,0,0,19,0,2,2,0,8,2,0,0,8,0,0,1,6,6,141,1,0,0,0,1,0,0,0,0,0,2,0,0,8,0,0,0,0,1,0,0,6,1,0,0,0,12,0,14,0,2,0,5,0,23,42,1,0,0,0,0,0,0,0,2,0,0,4,2,1,0,1,0,8,0,1,1,0,1,50,0,0,0,2,0,1,1,1,0,19,0,2,0,0,0,0,0,0,0,0,0,4,5,4,0,22,0,0,0,27,0,1,0,0,2,0,2,0,0,65,5,27,4,7,0,0,54,0,2,0,0,0,1,0,2,1,0,1,1,3,3,3,1,0,76,0,0,0,0,0,0,0,0,0,0,0,0,0,0,0,0,1,0,0,0,0,0,0,5,0,0,0,0,0,0,2,1,0,0,1,0,1,0,7,2,1,0,0,0,0,0,0,0,0,2,0,0,0,0,0,0,0,0,2,1,0,1,38,0,0,1,1,0,8,0,0,1,23,2,0,0,0,1,4,0,0,0,0,0,0,0,2,0,0,0,1,1,2,7,0,0,0,0,0,0,0,1,1,0,0,0,0,0,6,0,0,1,0,0,0,0,0,2,0,0,0,0,0,0,0,0,0,1,1,0,3,0,0,0,0,10,0,21,4,0,0,0,58,0,0,0,0,8,0,0,15,0,0,0,31,13,0,0,0,0,0,7,0,0,0,0,0,0,0,0,1,0,0,0,0,0,0,0,0,0,0,0,1,0,0,0,0,0,0,0,0,0,4,1,14,0,0,52,0,0,2,2,13,8,0,4,3,0,0,111,0,1,0,5,1,1,0,0,1,1,0,53,0,1,0,0,0,0,1,0,0,0,0,0,0,0,1,0,0,0,1,0,0,0,3,0,0,0,0,0,0,0,0,0,38,0,3,0,0,0,0,0,0,0,0,0,0,0,0,0,0,0,0,0,0,0,0,1,2,0,0,0,0,0,1,5,0,0,0,0,0,0,0,0,0,0,0,0,1,0,0,0,0,3,1,0,1,0,0,0,0,0,0,0,0,1,0,0,0,0,0,0,4,0,27,0,3,0,15,1,0,0,0,1,0,0,0,1,0,0,0,0,1,1,6,0,3,0,0,0,0,0,0,0,0,0,0,0,0,22,0,1,0,47,0,0,0,0,1,0,0,0,0,0,0,0,1,1,0,0,0,0,0,0,2,1,0,0,0,0,0,0,0,0,0,0,0,0,3,0,0,0,1,0,0,1,1,0,1,0,0,0,0,0,0,0,1,0,0,0,3,3,0,0,0,0,0,1,0,1,0,3,0,0,4,0,0,0,0,0,0,0,0,0,2,1,0,0,0,0,1,2,0,0,1,0,0,0,14,4,0,1,0,7,0,0,0,0,0,1,0,7,0,6,0,0,0,6,10,0,190,0,3,0,5,1,0,52,0,38,0,1,5,0,1,188,101,4,1,0,0,0,0,0,10,0,0,0,1,0,0,0,4,0,0,0,0,0,0,0,1,2,0,0,0,0,0,0,1,0,0,0,0,0,0,0,1,0,0,6,1,0,0,0,0,0,0,0,0,0,0,0,0,0,0,0,0,0,0,0,0,0,0,0,0,2,0,0,0,0,1,0,1,0,0,0,25,13,23,7,6,0,0,0,6,0,0,0,1,3,15,4,31,0,0,0,0,0,1,8,1,0,0,0,0,0,0,0,1,117,1,7,8,1,6,1,3,0,7,3,6,0,0,0,0,0,0,0,0,0,1,0,0,2,0,1,0,0,0,5,0,3,0,0,1,15,0,0,0,0,1,0,1,0,0,46,0,0,0,21,0,0,0,0,0,0,1,0,0,2,1,0,0,0,0,4,5,0,0,0,9,26,2,0,2,0,0,45,0,0,0,0,0,0,0,0,1,0,0,0,0,0,0
174,1040,ESCOLA MUNICIPAL DE EDUCAÇÃO ESPECIAL HELENA WLADIMIRNA ANTIPOFF,"RUA JOAQUIM CARDOSO DA SILVEIRA, 185",BOQUEIRAO,-25.50666229,-49.22110773,56,0,2766,2218,228,88,0,6,6,9,41,3,4,0,0,12,0,18,0,0,0,0,3,0,0,0,6,2,21,5,1,1,12,1,3,0,0,10,1,0,0,4,0,0,0,1,2,1,0,5,0,21,0,0,0,0,0,0,0,0,0,0,1,13,0,0,0,0,2,0,2,1,0,0,0,2,0,3,115,0,0,0,1,1,0,0,1,0,0,3,0,0,7,0,0,0,0,0,1,0,5,0,0,1,0,4,0,3,0,2,0,20,0,17,31,1,0,0,0,0,0,0,0,0,0,1,0,4,1,0,0,0,4,0,1,0,0,0,12,0,0,0,0,0,1,1,0,0,5,0,1,1,0,0,2,0,0,0,0,0,2,2,2,0,25,0,0,0,11,0,0,0,4,0,0,3,0,0,31,1,45,9,0,0,0,25,4,2,0,0,0,2,0,0,3,0,0,0,0,0,0,0,0,32,0,0,0,0,4,0,0,0,1,0,0,0,0,0,0,0,0,1,0,0,0,0,0,4,0,0,3,0,0,0,0,0,0,0,0,1,2,0,5,0,2,0,0,2,0,1,0,1,2,1,0,0,0,0,0,0,1,0,2,0,0,0,24,0,0,0,0,0,13,0,0,0,0,0,0,0,3,0,5,0,1,0,0,1,0,0,3,0,0,0,0,0,0,10,0,0,0,0,0,0,0,1,1,0,0,0,0,0,0,1,0,0,0,0,0,0,0,7,0,0,0,0,0,0,0,0,0,0,0,0,0,0,0,0,0,3,0,9,1,0,0,0,12,0,0,0,1,10,0,0,13,0,0,0,19,0,0,1,0,0,0,0,0,0,0,0,0,0,0,0,0,0,0,0,0,0,0,0,0,0,0,0,0,0,0,0,0,0,0,0,0,0,0,1,11,0,0,34,0,0,1,1,3,0,0,12,2,0,0,67,2,0,0,2,0,0,1,0,0,0,0,38,0,3,1,0,0,0,0,0,0,0,0,0,0,0,0,0,0,0,0,0,0,0,0,0,0,1,0,0,1,2,0,0,17,0,0,0,0,0,0,0,0,0,0,0,0,0,0,0,0,0,0,0,0,0,0,0,2,0,0,1,0,0,0,0,0,0,0,0,0,0,0,0,0,0,0,0,0,0,0,0,0,0,0,0,0,0,0,0,0,0,2,0,0,1,0,0,3,0,0,0,0,0,15,0,0,0,0,0,0,0,0,0,0,0,0,0,0,0,0,0,0,0,0,0,4,0,0,0,0,1,0,0,0,0,0,0,0,48,0,1,0,3,0,0,2,0,0,0,0,0,0,0,0,0,0,0,0,0,0,0,0,0,0,0,0,0,0,0,0,0,1,0,0,0,0,0,0,0,0,0,0,0,0,0,0,0,6,0,0,0,0,1,0,0,1,0,0,0,4,1,0,0,0,0,0,0,1,0,0,0,0,0,4,0,0,0,0,0,0,0,0,0,0,0,0,0,0,0,0,2,0,2,0,1,0,0,5,3,0,0,0,1,0,0,0,0,0,0,0,0,0,0,0,0,2,5,4,0,123,0,1,0,0,0,0,38,0,27,0,1,0,0,0,162,64,2,3,0,0,0,0,0,1,0,0,0,0,0,0,0,0,0,0,2,0,0,0,0,0,1,0,0,0,0,0,0,1,0,0,2,0,0,0,0,0,0,0,0,0,0,0,0,0,0,0,0,0,0,0,0,0,0,0,0,0,0,0,0,0,0,0,0,0,0,0,0,0,1,0,0,0,0,0,0,14,8,7,1,0,0,0,2,5,0,0,0,0,4,16,2,15,2,0,0,0,0,0,3,0,0,0,0,0,0,0,0,0,86,0,7,0,0,1,0,4,0,1,0,8,0,0,0,0,0,0,1,0,0,0,0,2,0,0,0,0,0,0,3,0,2,0,0,0,3,0,0,0,0,0,0,0,0,0,46,0,0,0,3,0,0,0,0,0,0,0,0,3,0,0,0,0,0,0,0,2,0,0,0,5,25,0,0,0,2,0,13,0,0,0,0,0,0,0,0,3,0,0,0,0,2,0
174,1058,ESCOLA MUNICIPAL NOSSA SENHORA DO CARMO,"RUA CARLOS DE LAET, 4130",BOQUEIRAO,-25.49853799,-49.23509445,56,0,1540,1243,76,59,0,5,2,1,18,1,1,0,1,3,0,13,2,0,0,0,2,0,2,1,1,4,5,2,0,0,5,0,1,2,0,5,0,0,0,0,0,0,3,2,0,0,0,0,0,16,0,0,0,0,0,0,1,3,0,0,0,2,0,0,0,0,1,2,0,0,0,0,0,0,0,1,46,0,0,0,0,4,0,1,0,0,0,0,0,1,3,0,0,0,0,0,0,0,0,0,2,0,0,5,0,11,0,1,0,0,0,17,12,0,0,0,0,0,0,0,0,0,0,1,1,0,1,0,0,0,5,0,0,0,0,0,23,0,0,0,0,0,0,0,0,0,4,0,3,0,0,0,0,0,0,0,0,0,0,1,1,0,9,1,0,0,2,0,0,1,0,0,0,0,0,0,20,0,18,7,0,0,0,16,0,2,0,0,2,0,0,0,0,0,0,0,0,0,1,1,1,13,0,0,0,0,2,0,0,0,0,0,0,0,1,0,0,0,1,0,0,1,0,0,0,6,0,0,0,0,1,0,0,0,0,0,0,0,1,0,2,0,1,0,0,0,0,0,0,0,2,0,0,0,0,0,0,0,2,0,0,0,0,0,12,0,0,0,0,0,2,0,0,0,1,0,0,0,1,0,5,0,0,0,1,0,0,0,0,0,0,0,0,0,0,2,0,0,0,0,0,0,0,0,2,0,0,0,0,0,5,0,0,0,0,0,0,0,0,0,0,0,0,0,0,0,0,0,0,0,0,0,1,0,0,0,0,0,0,9,0,0,0,0,20,0,0,0,0,7,0,0,11,0,0,0,20,1,0,0,0,0,0,0,0,0,0,0,0,0,0,0,0,0,0,0,0,0,0,0,0,0,0,0,0,0,0,0,0,0,0,0,0,0,4,0,7,0,0,21,1,1,1,1,5,3,0,4,0,0,0,39,0,0,0,4,0,0,0,0,0,0,1,15,0,2,0,0,1,0,0,0,0,0,0,0,0,0,0,0,0,0,2,0,0,0,2,0,0,1,0,0,0,0,0,0,8,0,0,0,2,0,0,0,0,0,0,0,0,0,0,0,0,0,0,0,0,0,0,0,0,0,0,0,0,0,0,1,0,0,1,0,0,0,1,0,0,0,0,0,0,0,0,0,0,0,0,0,0,0,0,0,0,0,0,0,0,0,0,1,0,1,0,0,4,0,5,0,1,0,1,0,0,0,0,0,0,0,0,0,0,0,0,0,0,0,6,0,0,0,0,0,0,0,0,0,0,0,0,0,0,7,0,0,0,8,0,0,1,0,0,0,0,0,0,0,0,0,0,0,0,0,0,0,0,0,0,0,0,0,0,0,0,0,0,0,0,0,0,0,0,1,0,0,0,0,0,0,0,0,1,0,0,0,0,0,0,0,0,0,0,0,1,0,0,0,0,0,0,0,0,0,0,0,0,0,0,0,0,0,0,0,0,0,0,0,1,0,1,0,0,0,0,1,0,0,0,0,0,0,5,0,0,0,0,6,0,0,0,0,0,0,0,2,0,0,1,0,0,8,4,0,68,0,0,0,0,1,0,25,0,15,0,0,1,0,0,103,43,0,1,0,0,0,0,0,0,0,0,0,0,0,0,0,0,1,0,1,0,0,0,0,0,0,1,0,0,0,0,0,0,0,0,1,0,0,0,0,0,0,0,0,0,0,0,0,0,0,0,0,0,0,0,0,0,0,0,0,0,0,1,0,0,0,0,0,0,0,0,0,0,1,0,0,0,0,0,0,11,3,1,2,0,0,0,0,1,0,0,0,0,4,2,4,6,0,0,1,0,0,0,3,0,0,2,0,0,0,0,0,0,42,4,0,3,0,2,1,1,1,1,0,4,0,0,1,0,0,1,0,1,0,0,0,0,1,0,0,0,0,0,0,0,12,0,0,0,6,0,0,0,0,0,0,0,1,0,12,0,0,0,10,0,0,0,1,2,0,0,0,0,1,0,0,0,0,0,2,0,0,0,0,4,8,0,1,1,0,0,15,0,0,0,0,0,0,0,0,5,1,0,0,0,0,0
174,1066,COLEGIO PROFESSOR VICTOR DO AMARAL,RUA BOM JESUS DE IGUAPE 4065,BOQUEIRAO,-25.50012449,-49.23541702,56,0,4733,3662,348,175,0,1,6,9,56,1,8,0,1,13,0,43,2,1,0,1,8,1,2,1,4,1,29,7,0,0,11,1,3,2,2,20,1,0,0,0,0,1,5,2,12,0,0,7,1,36,2,0,0,0,0,1,2,5,0,0,0,12,0,1,3,0,1,4,2,1,0,0,0,1,2,0,130,0,1,0,0,4,0,0,0,0,0,4,0,0,13,0,0,0,0,0,1,0,9,0,0,1,0,6,0,23,0,0,0,1,0,26,28,2,0,0,0,1,1,0,0,1,0,0,1,6,0,0,3,0,4,0,4,0,0,0,57,0,0,0,0,0,0,0,1,0,9,1,3,0,0,0,0,0,0,1,1,0,0,4,3,0,19,0,0,0,12,0,0,0,2,0,0,2,0,0,61,5,47,12,1,0,0,41,4,5,0,0,3,0,0,2,2,0,2,0,0,1,0,0,2,37,0,0,1,0,2,1,0,1,0,0,3,0,0,0,0,0,0,1,0,2,0,0,0,21,0,1,3,0,0,0,2,0,0,0,0,0,1,0,4,1,0,0,0,0,0,0,0,1,1,0,0,1,0,1,0,0,1,0,0,0,0,2,25,0,0,0,0,0,6,0,0,1,6,0,0,0,3,1,12,0,0,0,1,0,0,0,5,1,0,0,0,0,0,9,0,0,0,2,0,0,0,0,0,0,0,0,1,0,0,0,0,0,0,0,0,0,0,1,0,0,0,0,0,0,1,0,0,2,2,1,3,0,0,0,0,2,0,26,0,0,1,0,77,0,0,0,0,10,0,0,14,1,0,0,50,3,0,2,0,2,0,0,0,0,0,0,0,2,0,0,1,0,0,0,0,0,0,0,0,0,0,0,1,0,0,0,0,0,1,1,0,0,3,0,32,2,0,74,0,2,4,2,18,2,0,12,7,1,0,95,1,2,0,4,0,2,0,0,0,1,4,38,0,1,0,0,0,0,1,0,0,0,0,0,1,1,1,1,0,5,1,0,0,0,9,0,1,2,0,0,0,0,0,0,31,1,0,0,3,0,0,0,0,0,0,0,0,0,0,0,0,0,0,0,0,0,0,0,1,0,0,0,0,0,0,0,0,0,0,0,0,0,1,0,0,0,0,0,0,0,0,0,0,0,0,0,0,0,0,0,0,0,1,0,0,0,0,2,0,0,0,0,2,0,23,0,3,0,14,1,0,0,0,0,0,0,2,0,0,0,0,0,0,0,7,0,4,0,0,0,0,1,0,1,0,0,0,0,0,30,1,4,0,23,0,0,5,0,0,0,0,0,0,0,2,0,0,2,0,0,0,0,0,1,1,0,0,0,0,0,0,0,0,0,0,0,0,0,4,0,0,0,0,0,0,0,0,0,3,0,0,0,0,1,0,0,0,0,0,0,1,0,0,0,0,0,1,0,0,2,0,2,1,0,2,1,0,0,0,0,0,0,0,2,5,0,0,0,0,2,1,8,0,0,1,0,0,2,14,1,0,0,0,7,0,1,0,0,0,0,0,3,0,2,1,0,0,16,10,1,174,1,1,0,2,3,0,19,0,48,0,0,0,0,0,303,111,2,0,2,1,0,0,0,16,0,0,0,0,0,0,0,2,2,0,3,0,0,2,0,0,0,3,0,0,0,0,0,0,0,1,0,0,0,0,0,0,0,0,7,3,0,0,0,0,0,0,0,1,0,1,0,0,0,0,0,0,0,2,0,0,0,0,0,0,1,0,0,0,0,0,0,0,0,0,0,27,8,5,2,5,0,0,1,6,0,0,0,2,4,7,4,21,1,0,0,0,0,0,6,0,0,1,0,0,0,0,0,1,150,4,2,1,0,2,4,3,0,4,0,2,0,2,0,0,0,0,0,0,1,0,0,5,1,0,0,0,0,0,9,0,46,0,0,2,18,0,0,0,0,0,0,2,0,0,76,0,0,0,8,0,0,0,0,0,0,1,1,2,0,0,0,1,0,0,1,1,1,0,3,7,45,0,2,0,0,0,39,0,0,0,0,0,0,0,0,6,1,0,0,0,8,0
174,1074,ESCOLA MUNICIPAL WENCESLAU BRAZ,"RUA O BRASIL PARA CRISTO, 2090",BOQUEIRAO,-25.50244164,-49.22734221,56,0,2325,1896,172,96,0,2,0,5,31,1,2,0,0,8,0,21,0,1,0,0,1,0,1,0,2,1,23,6,0,0,6,1,1,1,0,14,0,0,0,0,1,0,4,0,0,1,0,1,1,20,0,0,0,0,0,0,1,5,0,0,1,9,0,0,0,0,1,0,0,0,0,0,0,0,0,1,63,0,0,0,0,3,0,0,0,0,0,2,0,0,5,0,0,1,0,0,0,0,2,0,0,0,0,5,0,20,0,0,0,1,0,23,11,0,1,0,0,0,0,0,0,0,0,0,0,1,0,0,0,0,1,0,3,0,0,1,29,1,1,0,0,0,0,0,0,0,9,0,2,0,0,0,0,0,0,0,0,0,0,2,0,0,8,0,0,0,3,0,1,0,2,0,0,1,0,0,33,3,22,2,2,0,1,29,0,3,0,0,1,0,0,0,2,2,1,0,0,0,0,1,4,33,0,0,0,0,2,0,0,0,0,0,0,0,0,0,0,0,0,0,0,1,0,0,0,5,0,0,3,0,0,0,3,0,0,0,0,0,0,0,4,0,0,0,0,0,0,0,0,0,1,0,0,0,1,0,0,0,0,0,0,0,0,0,24,0,0,0,0,0,16,0,0,0,0,0,0,0,1,0,3,0,0,0,0,0,0,0,0,0,0,0,0,0,0,2,0,0,0,0,0,0,0,0,0,0,0,0,0,0,4,1,0,0,0,0,0,0,0,0,0,0,0,0,0,0,0,0,0,0,1,0,0,0,0,0,0,4,0,14,2,0,2,0,34,0,0,0,0,7,0,0,11,0,0,0,17,2,0,2,0,1,0,0,0,0,0,0,0,0,0,0,0,0,0,0,0,1,0,0,0,0,0,0,0,0,0,0,0,0,0,0,0,0,0,0,3,0,0,33,1,0,0,0,9,2,0,3,0,0,0,51,4,2,0,4,1,0,0,0,0,1,0,26,0,0,1,0,1,0,0,0,0,0,0,0,0,0,0,0,0,1,0,0,0,0,3,0,0,0,0,1,2,4,0,0,11,0,0,1,1,0,0,0,0,0,0,0,0,0,0,0,0,0,0,0,0,0,0,0,1,0,0,0,0,0,0,0,0,0,0,0,0,0,1,0,0,0,0,0,0,0,0,0,0,1,0,0,0,0,0,0,0,0,0,1,0,0,0,3,2,0,0,1,0,0,11,0,2,0,2,0,0,0,0,0,0,0,0,0,0,0,0,0,0,0,1,0,0,0,0,0,0,3,0,0,0,0,0,0,0,43,0,1,0,4,0,0,0,0,0,0,0,0,0,0,0,0,0,0,1,0,0,0,0,0,1,0,0,0,0,0,0,0,0,0,0,1,0,0,1,0,0,0,0,0,0,0,0,0,1,0,0,0,0,2,0,0,0,0,0,0,1,0,0,0,0,0,1,0,0,1,0,0,0,0,1,0,1,0,0,0,0,0,0,6,1,0,0,0,0,2,0,4,0,0,0,0,1,0,8,1,0,0,0,6,0,0,0,0,0,0,0,0,0,1,0,0,0,9,7,0,90,0,3,0,5,0,1,28,3,30,0,0,0,0,0,141,66,2,0,0,1,0,0,0,3,0,0,0,0,0,0,0,1,1,0,6,0,0,0,0,0,0,1,0,0,0,0,0,0,0,0,0,0,0,1,0,0,2,0,0,0,1,0,1,0,0,0,0,0,0,0,0,0,0,0,0,0,0,0,0,1,1,0,0,0,0,0,0,0,1,0,0,0,0,0,0,17,10,2,0,3,1,0,3,1,0,0,0,0,4,11,0,11,0,0,0,0,0,0,3,0,0,2,0,0,0,0,0,0,51,1,7,1,0,2,2,4,0,1,0,2,0,1,0,0,0,0,0,0,0,0,0,1,3,0,0,0,0,0,0,0,8,0,0,0,8,0,0,0,0,0,0,0,0,0,34,0,0,0,1,0,0,1,0,0,0,1,1,0,0,0,0,0,0,0,0,0,1,0,0,7,20,0,0,0,1,0,18,0,0,0,0,0,2,0,0,6,0,0,0,0,0,0
174,1082,COLÉGIO NOSSA SENHORA DA ASSUNCAO,"RUA DR. ALCIDES VIEIRA ARCOVERDE, 620",GUABIROTUBA,-25.46015929,-49.24060575,23,0,3196,2552,152,99,0,1,1,7,53,0,6,0,2,7,0,33,1,1,0,0,19,0,0,0,1,1,20,1,0,0,18,0,1,0,1,26,1,0,0,0,0,0,4,0,8,0,0,5,0,22,3,1,0,0,0,1,1,8,0,0,2,7,0,1,3,0,1,11,0,0,0,0,0,2,2,4,60,2,1,0,0,6,0,3,0,3,0,0,0,0,13,0,0,0,0,0,0,0,4,0,0,0,0,9,2,19,0,0,1,0,0,19,30,3,0,2,0,0,0,0,0,0,0,0,1,1,0,0,0,0,2,0,2,3,0,1,65,0,0,0,0,2,0,1,2,0,7,1,1,0,0,0,1,3,0,0,0,0,0,4,5,0,7,0,0,0,7,0,0,0,5,1,0,0,1,0,59,1,33,6,2,3,0,39,3,3,0,0,2,0,0,2,2,1,0,0,1,0,0,0,2,40,0,0,0,0,1,0,0,0,0,5,0,0,0,0,1,0,0,0,0,0,1,0,0,6,0,0,2,0,0,0,0,0,0,0,0,1,0,0,1,0,2,0,0,1,0,2,0,1,5,0,3,0,0,0,0,0,0,0,3,1,0,0,16,0,0,0,0,0,0,0,0,2,0,2,0,0,0,0,3,0,0,0,0,0,0,0,2,1,0,0,0,0,0,6,0,0,0,0,0,0,0,0,0,0,0,0,0,0,0,0,0,0,0,0,0,0,0,0,0,0,0,0,0,0,2,0,0,0,1,0,2,0,0,0,1,0,1,24,1,0,0,0,45,0,0,0,0,15,0,0,23,0,0,0,57,5,0,5,1,0,3,1,0,0,0,0,0,0,0,2,0,0,0,0,0,0,0,0,0,0,0,0,0,0,0,0,0,0,0,0,0,0,4,1,31,0,1,65,0,0,2,3,14,12,0,8,10,0,0,55,4,0,0,0,1,0,0,0,0,3,1,41,2,7,4,2,0,0,1,0,0,0,0,0,0,1,0,0,0,2,0,0,0,1,11,1,1,9,0,0,1,0,0,0,29,0,0,0,12,4,0,0,0,0,0,0,0,0,0,0,0,1,0,0,0,0,0,0,5,0,0,0,0,0,1,1,0,0,0,0,0,0,1,0,0,0,0,0,0,0,0,0,0,0,0,0,0,0,0,0,0,0,1,0,0,0,2,2,1,0,2,3,6,0,34,0,2,1,12,1,0,0,0,1,0,0,0,0,0,0,1,1,0,0,4,0,1,0,0,0,0,0,0,0,0,0,0,0,0,18,0,2,0,6,0,0,6,0,1,0,0,0,0,0,2,0,0,4,0,0,0,0,0,0,0,0,0,0,0,0,0,0,0,0,0,0,0,0,3,0,0,0,1,0,0,0,0,0,0,0,0,0,0,0,0,0,0,0,1,0,2,0,0,0,0,0,0,1,0,2,0,0,0,0,3,0,3,0,0,0,0,1,0,0,3,0,1,0,0,2,0,0,0,1,0,0,4,1,16,8,0,0,0,16,0,0,0,0,0,0,0,4,0,6,0,0,3,2,9,0,69,0,2,0,12,0,0,21,0,38,1,3,2,1,0,27,107,0,1,0,0,0,0,0,12,0,0,0,1,0,1,0,2,2,0,1,1,0,0,0,0,0,0,0,0,0,1,0,1,0,0,0,0,0,0,0,0,0,0,14,0,0,0,0,0,0,0,0,0,0,0,0,0,0,0,0,0,0,1,0,0,2,0,1,0,1,0,0,0,0,0,0,0,3,0,0,14,1,0,16,2,0,0,0,0,0,2,0,0,7,7,4,17,3,0,1,0,1,0,9,0,2,1,0,1,0,0,0,3,148,4,2,6,0,4,1,9,0,2,0,4,3,0,0,0,0,0,2,0,0,0,0,1,1,0,0,0,0,1,1,0,1,0,0,0,21,0,0,0,0,0,0,0,0,0,9,0,0,1,3,2,0,2,0,0,0,0,0,0,0,0,2,0,0,0,0,4,0,1,0,2,19,0,0,0,0,0,17,0,0,0,0,0,0,0,0,2,1,0,0,0,3,0
174,1090,ESCOLA ESTADUAL PAULINA PACIFICO BORSARI,"RUA DR. JOAQUIM SILVEIRA DA MOTTA, 484",GUABIROTUBA,-25.46364051,-49.2378046,23,0,2125,1750,105,79,0,3,4,5,25,1,1,1,0,6,0,15,1,0,1,0,8,0,1,0,3,0,3,1,0,0,4,1,0,0,0,12,1,0,0,0,0,0,3,2,6,2,1,0,0,12,2,0,1,0,0,0,2,4,0,0,3,3,0,0,1,0,0,4,0,0,0,0,0,0,0,2,44,0,0,0,0,3,0,1,1,9,0,4,2,1,9,0,0,0,0,0,0,0,4,0,0,0,0,9,2,12,0,0,1,0,0,8,15,0,0,0,0,0,0,0,0,0,0,0,2,1,0,0,0,0,0,0,3,1,0,2,59,0,0,0,1,0,0,0,0,0,3,1,1,0,0,2,0,0,0,1,0,0,0,1,6,0,3,0,0,0,4,0,1,0,1,0,2,1,0,0,52,2,34,2,1,4,1,25,1,5,0,0,0,0,1,1,0,0,1,0,0,0,0,0,2,18,0,0,1,0,0,0,0,0,0,0,0,0,0,0,1,0,0,0,0,0,1,0,0,12,0,0,0,0,0,0,3,0,0,0,0,0,0,0,0,0,1,0,0,0,0,0,0,1,0,0,0,0,0,0,0,0,0,0,0,0,0,0,10,0,0,0,0,0,0,0,0,1,0,0,0,0,0,2,2,0,0,0,0,0,0,0,5,0,0,0,0,0,2,5,0,0,0,0,0,0,0,0,1,0,0,0,0,0,0,0,0,0,0,0,0,0,0,0,0,0,0,1,0,0,0,0,0,0,0,0,0,0,0,0,0,0,0,25,0,0,0,0,30,0,0,0,0,13,0,0,7,0,0,0,49,5,0,0,0,0,0,0,0,0,0,0,0,0,0,0,2,0,2,0,0,0,0,0,0,0,0,0,0,0,0,0,0,0,0,0,0,0,0,1,16,1,0,63,0,0,1,0,8,8,0,2,4,0,0,26,2,0,0,0,0,0,0,1,0,0,1,17,2,2,1,1,4,1,0,0,5,0,1,0,0,0,0,0,0,0,0,0,0,1,8,0,3,0,0,0,0,0,0,0,18,0,0,0,6,2,0,0,0,0,0,0,0,0,0,0,0,1,0,0,0,0,0,0,1,0,0,0,0,0,0,0,0,0,0,0,0,0,0,1,0,0,0,3,0,0,0,0,0,0,0,1,0,0,0,0,0,0,0,0,0,0,2,5,0,0,2,1,2,1,14,0,2,0,6,1,0,0,0,2,0,0,0,0,0,0,0,1,0,0,2,0,0,0,0,0,0,0,2,0,0,0,0,0,0,6,0,7,0,3,0,0,1,0,0,0,0,0,0,0,0,0,0,0,0,0,0,0,0,0,0,0,0,0,0,0,0,0,1,0,0,0,0,0,1,0,0,0,0,0,0,0,0,0,0,0,0,0,0,1,0,0,0,0,0,0,0,0,0,0,0,0,0,0,0,0,0,0,0,0,1,0,0,0,0,0,0,0,0,0,0,0,0,0,0,0,3,0,0,0,0,0,0,1,24,12,0,0,0,16,0,0,0,0,0,0,0,2,3,1,0,0,2,2,9,0,48,0,0,0,4,1,0,18,0,28,0,0,1,2,0,11,98,3,2,0,1,1,0,0,13,2,0,0,0,0,0,0,3,0,0,3,0,0,0,0,0,0,0,0,0,1,0,0,1,0,0,1,3,0,3,0,0,1,2,2,0,1,0,0,0,0,0,0,0,0,1,0,0,0,0,1,0,0,0,0,0,0,0,0,0,2,0,0,0,2,1,0,0,0,0,0,8,7,1,4,1,1,0,1,1,0,2,0,1,4,5,4,10,1,4,0,0,0,0,8,0,0,1,0,0,0,0,0,0,96,4,5,1,0,3,0,2,3,1,0,2,0,0,1,0,0,0,1,0,0,0,0,2,4,0,0,0,0,0,1,0,0,0,0,0,5,0,0,0,0,0,0,0,0,0,2,0,0,6,4,0,0,1,0,0,0,1,1,0,0,0,0,0,0,0,0,0,0,0,0,6,18,0,0,0,0,0,9,0,0,0,0,0,0,0,0,5,6,0,0,0,1,0
174,1104,ESCOLA ESTADUAL  ISOLDA SCHMID,"R ANNE FRANK, 1553",HAUER,-25.48001889,-49.24633477,38,0,4489,3638,273,144,0,3,3,8,63,2,4,2,0,10,1,40,2,0,1,0,11,0,0,0,7,6,21,4,4,1,17,1,3,2,1,27,1,0,0,0,2,2,4,2,7,2,0,8,0,41,4,0,3,0,0,0,2,5,1,1,1,16,1,1,0,0,0,8,0,0,1,6,0,0,0,5,124,0,0,0,0,4,0,4,0,0,0,0,0,1,12,0,0,0,0,0,0,1,5,0,0,0,1,13,0,17,0,1,0,2,0,48,38,0,0,0,0,0,0,0,0,1,0,0,3,2,0,0,0,0,4,0,1,0,0,1,93,0,0,0,1,0,0,0,0,0,3,0,2,0,0,0,3,0,0,0,0,1,13,2,6,0,23,0,0,0,23,0,0,0,3,1,0,0,0,0,65,3,61,5,1,1,0,77,3,8,1,0,1,1,0,5,1,0,3,0,1,0,0,3,2,33,0,0,0,0,0,0,0,0,0,0,2,0,1,1,0,0,0,0,0,0,0,0,0,3,0,0,0,0,1,0,4,0,1,0,1,4,1,0,1,0,1,0,0,1,0,0,0,0,3,0,0,0,2,0,0,0,1,0,0,3,0,0,42,0,0,3,0,0,5,0,0,2,0,0,1,0,2,3,3,0,1,0,0,0,0,0,2,1,0,0,0,0,0,5,0,0,0,0,0,0,0,0,4,0,0,0,0,1,0,0,0,0,0,0,0,0,0,1,0,0,0,0,0,0,1,0,0,0,4,0,2,0,0,0,0,1,1,32,1,0,0,0,88,0,0,0,0,17,0,6,7,2,0,0,56,12,0,0,0,1,0,0,0,1,0,0,2,0,0,1,0,0,0,0,0,2,0,0,0,0,0,0,0,1,0,0,0,0,0,0,0,0,10,0,11,0,0,75,0,0,1,5,9,9,0,6,30,0,2,66,1,2,0,8,0,0,0,0,0,0,0,50,1,1,0,1,0,0,0,0,1,0,0,0,3,0,0,0,1,6,0,0,0,0,3,0,0,1,0,0,0,0,2,0,35,0,2,0,8,0,0,0,0,0,0,0,2,0,0,0,0,0,0,0,0,2,0,0,3,0,0,0,0,0,0,0,1,0,0,0,0,0,0,0,0,0,0,0,1,0,0,0,0,0,0,0,0,0,0,0,0,0,0,4,0,1,4,2,1,0,0,5,6,0,25,0,7,1,10,0,0,0,0,0,0,0,0,1,0,3,0,0,0,0,7,0,6,0,0,0,1,3,3,0,0,2,0,0,1,31,0,6,0,19,0,0,5,0,2,0,0,0,0,0,1,0,0,1,0,0,0,0,0,0,0,0,0,0,0,0,0,0,2,0,0,0,0,0,1,0,0,2,1,0,0,0,0,0,1,0,0,0,0,1,0,0,0,0,0,0,2,0,0,0,0,0,5,0,2,3,0,2,0,0,5,0,1,0,0,0,0,0,0,0,5,1,1,0,0,0,0,2,0,0,2,0,1,0,15,11,1,2,2,19,0,0,0,0,0,0,1,4,5,8,0,0,3,8,7,0,164,0,4,0,7,3,0,24,1,45,0,0,0,0,1,125,134,0,2,0,7,0,0,0,19,1,0,0,0,0,0,0,3,1,0,5,0,0,0,0,0,0,0,3,0,0,0,1,1,0,1,3,0,0,0,0,0,0,0,5,2,0,0,0,0,0,2,0,2,0,0,0,0,0,0,0,0,0,1,2,0,0,0,0,0,1,0,0,0,0,0,0,0,0,0,0,48,13,3,4,3,0,0,0,1,1,2,0,4,3,8,1,16,6,0,0,0,0,0,16,0,0,0,0,0,0,0,0,0,180,5,8,8,0,10,1,15,0,4,0,3,5,1,0,0,0,0,1,0,0,1,0,6,3,0,0,0,0,0,4,0,2,0,0,0,20,0,0,0,1,2,0,0,0,0,41,0,0,1,5,0,0,0,0,0,2,1,0,0,0,0,0,0,0,4,0,2,0,0,0,11,32,0,1,0,0,0,38,0,0,0,1,0,0,0,0,8,4,0,0,0,3,0
174,1112,COLEGIO ESTADUAL PROFESSOR JOSE GUIMARAES,"R PRESIDENTE PADUA FLEURY, 418",HAUER,-25.47561361,-49.24799542,38,0,3181,2622,211,134,0,1,6,7,33,1,3,0,1,5,0,23,1,0,0,1,8,0,0,0,1,5,14,3,1,0,14,1,0,1,0,22,1,0,1,0,0,0,3,0,6,0,0,6,0,30,4,0,4,0,0,0,1,10,0,0,1,5,1,1,1,0,5,9,1,0,9,0,0,0,0,0,93,0,0,0,0,4,0,0,0,0,0,0,0,1,19,0,0,1,0,0,0,1,6,0,0,1,0,2,0,11,0,1,0,3,0,17,19,1,0,0,0,0,0,0,0,0,0,1,3,4,0,2,1,0,1,0,4,0,0,2,67,0,0,0,0,1,0,1,0,1,12,2,1,0,1,0,0,1,0,0,0,0,3,2,3,0,16,0,0,0,14,0,0,0,3,2,0,2,0,0,57,2,30,3,3,0,0,57,0,1,0,0,1,0,2,0,0,2,0,0,0,2,1,2,0,35,0,2,0,0,2,0,0,0,0,1,0,0,0,0,1,0,0,0,0,0,0,0,1,10,0,0,0,0,0,0,0,0,0,0,0,1,0,0,0,0,1,0,0,0,0,0,0,2,4,1,0,0,0,0,0,0,0,0,0,0,0,0,13,0,0,1,0,0,2,0,0,1,0,2,0,0,3,0,2,0,0,1,0,0,0,0,2,0,0,0,1,0,0,5,0,0,0,0,0,0,0,0,2,0,0,0,1,0,4,0,0,0,0,0,1,0,0,3,0,0,0,0,0,0,0,0,0,0,2,0,3,0,0,0,0,0,1,21,1,0,0,1,62,0,0,0,0,15,0,1,5,0,0,2,34,4,0,0,0,0,0,0,0,0,1,0,0,0,0,0,0,0,0,0,0,0,0,0,0,0,0,0,2,0,0,0,0,1,0,1,0,0,0,2,11,0,0,39,1,0,5,3,9,6,0,7,27,0,0,67,2,0,0,6,0,0,0,0,0,0,1,38,1,0,0,0,0,0,0,0,0,0,0,0,1,0,4,0,0,11,2,0,0,0,1,0,0,3,0,0,0,0,0,0,29,0,3,0,7,0,1,0,0,0,0,0,0,0,0,0,2,0,0,0,0,0,0,0,3,0,0,0,1,1,0,1,0,0,0,0,0,0,1,0,0,0,1,0,0,1,0,0,0,0,0,0,0,0,0,0,0,0,1,0,0,0,6,2,2,2,0,4,0,0,21,0,4,1,6,0,0,0,0,0,0,0,0,0,0,0,0,0,2,0,6,0,0,0,0,0,0,4,3,0,0,0,0,0,0,23,1,6,0,10,0,0,2,0,0,0,0,0,0,0,0,0,0,0,0,0,0,0,0,0,0,0,0,0,0,0,0,0,0,0,0,0,0,0,2,0,0,0,0,0,0,0,0,0,1,0,0,0,0,0,0,0,0,0,1,0,3,0,0,0,0,0,0,0,1,2,0,2,0,0,2,0,0,0,0,0,0,0,0,3,3,0,2,0,0,0,1,2,0,0,1,0,0,0,11,12,1,2,1,14,0,0,0,0,0,0,0,4,0,4,0,0,0,8,6,3,112,1,2,0,6,0,0,15,0,45,0,0,1,1,0,71,75,0,0,0,0,1,0,0,9,0,0,0,0,0,0,0,0,0,0,0,0,0,0,0,0,0,0,1,2,0,0,0,0,0,0,2,0,0,0,0,0,0,0,4,2,0,0,0,0,0,1,0,0,0,0,0,0,0,0,0,0,0,3,0,0,0,0,0,1,0,0,0,0,0,0,0,0,0,0,0,21,11,3,5,0,0,0,0,10,0,0,0,2,6,7,1,15,3,0,4,0,0,0,2,1,0,0,0,0,0,0,0,1,117,1,5,7,1,5,7,4,2,3,2,6,1,0,0,0,0,0,3,0,1,0,0,5,1,0,0,0,0,0,3,0,0,0,0,0,11,0,0,1,0,0,0,3,7,0,32,0,0,0,10,0,0,0,1,0,0,0,0,0,0,0,0,0,0,2,0,1,0,0,1,8,29,0,0,0,0,0,34,0,0,1,0,0,0,0,0,6,5,0,0,0,2,0
174,1120,CEI ERICO VERISSIMO,"RUA CAMPINA DA LAGOA, 418",ALTO BOQUEIRAO,-25.53183902,-49.25529178,64,0,4539,3577,333,172,0,2,6,12,59,4,8,0,0,13,3,44,1,0,0,0,9,0,1,1,3,2,23,8,1,2,23,0,1,1,0,16,7,0,0,0,1,0,2,0,7,1,0,3,2,38,2,0,4,0,0,0,2,10,0,0,3,34,2,3,0,0,1,5,0,0,1,0,0,0,3,2,132,0,0,0,0,1,1,0,0,0,2,4,0,0,14,0,0,0,0,0,0,0,8,0,1,0,0,9,0,12,0,1,0,1,0,21,44,2,0,0,0,0,3,0,0,0,0,1,11,11,0,0,0,1,12,1,0,0,0,0,41,0,1,0,1,0,1,0,0,2,79,0,4,0,0,0,0,0,0,1,1,0,0,4,5,0,19,0,0,0,21,0,0,0,6,4,0,2,0,0,61,1,54,5,1,2,0,54,1,4,0,1,4,0,0,1,21,1,0,0,4,0,3,1,0,78,0,2,5,0,0,0,0,0,0,6,0,0,1,0,0,0,0,0,1,0,0,0,0,5,0,1,5,0,0,0,0,0,1,1,0,3,1,0,3,0,0,0,0,1,0,0,0,0,1,5,0,0,0,0,0,0,0,1,2,0,1,0,69,0,0,2,1,0,0,1,0,1,7,0,0,0,1,2,11,0,1,0,0,0,0,0,4,0,0,0,0,0,0,8,0,0,0,0,0,0,0,2,1,0,2,0,0,2,2,0,0,1,0,1,0,0,0,1,0,0,0,0,0,0,0,0,0,3,1,0,1,0,0,0,0,8,1,19,3,0,2,0,52,0,0,0,0,8,1,0,7,2,0,1,18,1,0,2,0,0,0,1,0,0,1,0,0,0,0,0,0,0,0,0,0,1,0,0,0,0,0,0,0,0,0,0,0,0,0,0,0,0,0,3,17,3,0,56,0,0,6,5,6,2,1,9,7,1,0,80,1,0,1,5,0,2,0,1,0,3,0,45,1,1,1,1,0,1,0,0,0,0,0,0,0,0,0,0,0,1,0,0,0,0,4,0,2,0,0,1,1,1,0,1,20,1,0,0,9,0,0,0,0,0,0,0,0,0,0,0,0,0,0,0,0,0,0,0,3,0,0,0,0,0,1,0,0,0,0,0,0,0,0,0,1,2,12,0,0,0,0,0,0,0,1,0,0,0,1,0,0,0,0,0,0,0,0,2,2,3,0,1,1,3,29,0,3,0,6,0,0,0,0,0,0,0,0,2,0,0,0,1,0,1,4,0,7,1,0,0,0,2,0,0,0,0,0,0,0,43,0,4,0,24,0,0,0,0,1,0,0,0,0,0,0,0,0,0,0,0,0,0,0,0,3,0,0,0,0,0,0,0,2,0,0,0,0,0,0,0,0,0,0,0,0,2,4,0,1,0,0,0,0,1,0,0,1,0,0,0,8,0,0,0,1,0,1,2,0,1,0,6,0,0,2,0,0,0,0,0,0,0,0,0,1,0,0,0,0,0,0,1,0,0,0,0,0,1,6,1,0,0,0,7,0,0,0,0,0,0,0,1,0,2,1,1,2,8,7,0,215,0,1,0,5,1,0,26,1,40,0,0,1,0,0,134,98,1,3,0,0,0,3,0,26,0,0,0,1,0,0,1,4,0,0,2,0,0,0,0,0,0,0,0,1,0,1,0,1,0,0,1,0,0,0,0,1,0,0,2,1,0,1,0,0,0,0,0,0,0,0,0,0,0,0,0,0,0,1,0,0,1,0,0,0,2,0,0,0,0,0,0,0,0,0,0,56,15,14,7,1,0,0,0,1,0,0,0,2,4,6,3,21,1,0,1,0,1,1,3,0,2,1,0,1,0,0,0,1,143,2,9,11,0,3,4,7,0,4,0,1,1,2,0,0,0,0,0,0,0,0,0,9,1,1,0,0,0,1,5,0,4,0,0,2,4,0,0,0,0,0,0,1,2,0,43,0,0,0,16,0,0,0,0,0,0,1,3,0,0,0,0,0,0,0,0,1,2,0,0,7,18,0,0,0,0,0,33,0,5,0,0,0,0,0,0,7,3,0,0,0,5,1
174,1139,ESCOLA MUNICIPAL PROFESSOR FRANCISCO HUBERT,"RUA FRANCISCO DEROSSO, 5249",ALTO BOQUEIRAO,-25.5295587,-49.2461667,64,0,5849,4632,383,224,0,8,9,27,79,6,9,0,0,15,3,51,2,0,0,1,12,1,2,0,4,7,34,4,1,0,28,0,4,7,0,22,1,0,0,0,1,1,1,0,2,3,0,1,2,72,0,0,1,0,1,0,0,6,0,0,6,34,0,2,2,0,2,8,0,2,4,0,0,1,1,1,143,3,0,0,0,3,0,0,0,0,0,2,0,0,38,1,0,0,0,0,0,0,6,0,0,1,0,16,0,20,0,1,1,6,0,50,53,1,0,0,0,1,0,0,0,0,0,1,7,13,1,1,0,0,27,0,0,2,0,0,72,0,1,0,0,0,0,0,1,2,23,0,4,1,0,0,0,1,0,0,0,0,0,3,7,0,23,1,0,3,15,1,1,0,6,3,0,1,0,0,91,3,88,11,3,1,0,69,5,7,0,0,0,0,0,2,5,0,2,0,0,3,2,2,1,104,0,0,0,0,1,0,0,0,0,2,0,0,1,0,0,0,0,0,0,0,0,0,0,2,0,0,1,0,0,0,2,0,2,3,0,0,0,0,3,0,0,0,0,4,0,1,0,0,1,3,0,0,0,0,0,0,0,0,2,1,1,0,62,0,0,1,0,0,1,0,0,0,15,0,0,1,0,1,4,0,0,0,3,0,0,0,0,0,0,0,0,0,0,29,0,0,0,0,0,0,0,9,0,1,3,0,0,0,3,0,0,1,0,0,0,0,0,1,0,0,0,0,0,0,3,2,0,0,2,0,5,0,0,0,0,12,0,28,5,0,2,0,102,0,0,0,0,12,0,0,23,2,0,1,49,2,0,1,0,0,0,0,0,0,0,0,0,0,0,0,0,0,0,0,0,0,0,0,0,0,0,0,0,0,1,0,0,1,0,0,0,0,5,1,18,0,0,64,0,0,5,3,23,3,1,7,8,0,3,107,0,0,0,6,3,2,0,0,0,3,0,65,2,2,2,0,0,0,1,0,0,0,0,0,2,0,2,0,1,0,0,0,0,0,5,1,0,3,0,0,0,0,1,0,35,0,1,0,1,0,1,0,0,0,0,0,0,0,1,0,1,0,0,0,0,0,0,0,1,0,1,0,0,0,1,1,0,0,1,0,0,0,2,2,0,0,7,0,0,0,0,0,0,0,6,0,1,0,0,0,0,0,0,3,0,0,0,7,4,1,0,0,0,1,32,1,3,1,4,2,1,0,0,0,0,0,0,0,0,0,0,2,0,0,9,1,13,0,0,0,1,1,0,0,0,0,0,0,0,42,1,2,0,17,2,2,8,0,0,0,1,0,0,0,0,0,2,1,0,0,0,0,0,0,1,0,0,0,0,0,0,0,0,0,0,0,0,0,0,0,2,0,0,0,0,0,0,0,3,0,0,0,0,0,0,0,0,0,0,0,1,0,0,0,5,0,1,0,6,5,0,8,1,0,3,0,1,0,0,0,0,1,0,6,2,0,4,0,0,1,0,1,0,2,0,0,0,1,19,1,2,1,0,14,0,0,0,0,1,0,0,12,0,4,1,0,0,8,12,0,300,0,2,0,3,3,0,44,1,79,0,0,0,0,0,138,124,1,0,2,0,0,0,0,23,0,0,0,0,1,0,0,4,2,0,0,0,0,2,0,0,0,2,0,2,0,0,2,2,0,1,0,1,1,0,0,0,0,0,8,2,0,0,0,0,1,0,1,0,0,0,0,0,0,0,0,0,0,1,0,0,1,0,0,0,3,0,0,0,0,0,0,0,0,0,0,73,16,2,11,2,2,0,2,4,0,2,0,2,3,21,2,40,3,1,0,0,2,0,13,0,0,1,0,0,0,0,0,0,212,1,4,12,0,5,7,2,0,1,2,4,3,0,1,0,2,1,0,0,0,0,0,9,1,0,0,0,0,0,10,0,25,0,0,0,15,0,1,0,0,1,0,0,0,0,32,0,0,0,16,0,0,0,0,0,0,1,0,0,0,0,1,0,0,0,1,4,1,1,0,7,42,0,0,3,3,0,43,0,1,0,0,0,0,0,0,4,2,0,0,0,3,0
174,1147,CEI MAESTRO BENTO MOSSURUNGA,"RUA CAPITAO ROBERTO LOPES QUINTAS, 198",ALTO BOQUEIRAO,-25.5373066,-49.2383558,64,0,1951,1576,179,66,0,2,2,11,29,1,6,0,1,9,0,11,0,0,0,0,2,0,1,0,4,3,3,5,1,0,8,0,0,3,1,3,0,0,0,0,0,0,1,1,2,0,0,2,0,23,3,2,0,0,1,0,3,0,0,0,0,14,0,0,0,0,2,1,0,0,0,0,0,0,0,3,42,0,0,0,0,1,0,0,0,0,0,0,0,0,4,0,0,0,0,0,0,0,7,0,0,0,0,2,0,8,0,0,0,0,0,21,8,0,0,0,0,0,0,0,0,0,0,0,1,2,0,0,0,0,71,0,0,1,0,0,20,0,0,0,0,0,0,0,0,0,14,0,2,0,0,0,0,0,0,0,0,0,0,3,1,0,16,0,0,0,8,0,0,0,6,0,0,3,0,0,14,1,22,2,0,0,0,24,2,2,0,0,1,2,0,0,4,1,0,0,1,0,0,0,1,21,0,0,0,0,1,0,0,0,0,0,0,0,0,0,0,0,0,0,1,1,0,1,0,1,0,0,1,0,0,0,2,0,0,0,0,0,1,0,0,0,0,0,0,2,2,0,0,1,0,0,0,0,0,0,0,0,0,2,0,0,0,0,15,0,0,0,0,0,0,0,0,1,1,1,1,0,1,1,2,0,1,0,0,0,0,0,1,0,0,0,0,0,0,5,0,0,0,0,0,0,0,0,0,0,0,0,0,0,1,0,0,0,0,0,0,0,0,0,0,0,0,0,0,0,0,0,0,0,0,0,0,0,0,0,0,4,0,5,1,0,0,0,23,0,0,0,0,13,0,0,8,0,0,0,8,1,0,0,0,0,0,0,0,0,0,0,0,0,0,0,0,0,0,0,0,0,0,0,0,0,0,0,0,0,0,0,0,0,0,0,0,0,0,0,10,0,0,15,0,0,4,0,15,2,0,3,2,0,0,43,0,0,0,0,0,0,0,0,0,1,0,27,0,2,0,0,0,1,0,0,0,0,0,0,0,1,0,0,0,2,0,0,0,0,1,0,0,0,0,0,0,0,0,0,11,0,0,0,0,0,1,0,0,0,0,0,0,0,0,0,0,0,0,0,0,0,0,0,0,0,0,0,0,0,0,0,4,0,0,0,0,0,2,0,0,0,0,0,0,0,0,0,0,0,0,0,0,0,0,0,2,0,0,0,0,1,0,0,0,1,0,0,0,1,11,0,2,0,2,0,0,0,0,1,0,0,0,0,0,0,0,0,0,0,2,0,15,0,0,0,0,1,0,0,0,1,0,0,0,12,0,1,0,1,0,0,2,0,0,0,0,0,0,0,0,0,0,1,0,0,0,0,0,0,1,0,0,0,0,0,0,0,2,0,0,0,0,0,0,3,0,0,0,0,0,0,0,0,0,0,0,0,0,0,0,0,0,0,0,0,0,0,0,0,1,0,2,1,0,2,0,0,0,0,3,0,7,0,0,1,0,0,0,0,0,0,0,0,0,0,0,0,0,1,0,1,0,0,4,2,0,0,0,4,0,0,0,0,0,0,0,4,0,4,0,0,0,2,6,0,119,0,0,0,0,0,0,6,0,22,0,0,2,1,0,35,39,1,5,1,1,0,0,0,12,0,0,0,0,0,0,0,1,0,0,0,0,0,0,0,0,0,0,0,0,0,0,0,0,0,0,0,3,2,0,0,0,0,0,2,1,1,0,0,0,0,0,0,0,0,0,0,0,0,0,0,2,1,0,0,1,0,0,0,0,0,0,0,0,0,0,0,0,0,0,0,12,3,1,1,0,0,0,0,0,1,0,0,0,4,2,1,8,1,0,0,2,0,0,1,0,0,1,0,1,0,0,0,1,55,0,0,3,0,3,1,4,0,0,1,1,0,0,0,0,0,0,0,0,0,0,0,2,0,0,0,0,0,1,1,0,3,0,0,0,4,0,0,0,0,3,2,0,0,0,32,1,0,0,1,0,0,0,0,0,0,0,0,0,0,0,0,0,0,0,1,4,0,0,0,1,13,0,0,0,1,0,22,0,0,0,0,0,0,0,0,2,1,0,0,0,0,2
174,1155,ESCOLA ESTADUAL LUCIA BASTOS,"RUA CAPITAO AMERICO WALGER, 12",ALTO BOQUEIRAO,-25.5357616,-49.2392688,64,0,4105,3237,289,168,0,3,7,14,58,5,8,0,0,21,0,55,0,1,0,0,5,0,2,0,7,7,37,12,1,0,22,3,2,4,1,13,0,0,0,0,0,0,0,0,0,2,0,3,0,32,0,0,0,0,0,0,0,2,0,0,0,26,1,0,3,0,1,5,1,0,1,5,0,0,0,2,115,0,0,0,0,1,0,0,2,0,0,3,0,0,23,0,0,0,0,0,1,0,18,0,1,0,0,9,0,13,0,0,0,10,0,38,44,0,1,0,0,0,0,0,0,0,0,0,1,2,0,0,1,0,56,0,3,0,1,1,35,0,1,0,2,2,0,0,0,1,43,0,3,0,0,0,1,0,0,0,0,0,0,5,2,0,38,0,0,0,10,0,0,0,3,0,0,0,0,0,44,3,65,5,2,0,0,43,2,2,0,0,1,0,0,2,10,1,0,0,0,1,0,2,1,71,0,0,0,0,0,0,0,0,1,0,0,0,0,0,2,1,0,0,5,0,1,0,0,0,0,0,3,0,0,0,0,0,0,0,1,0,0,0,2,0,0,0,0,0,0,0,0,1,0,4,0,0,0,1,0,0,0,1,2,1,0,0,29,0,0,1,0,0,0,0,1,1,8,1,1,0,1,0,5,0,1,0,0,0,0,0,2,0,0,0,0,0,0,7,0,0,0,0,0,0,0,4,1,1,2,1,0,1,4,0,0,0,0,0,0,0,0,2,0,0,0,0,0,0,2,0,0,0,2,0,0,0,0,1,0,5,0,10,1,0,0,0,43,0,0,0,0,8,0,0,19,0,0,0,23,2,0,1,0,0,0,0,0,0,0,0,0,0,0,0,0,0,0,0,0,0,0,0,0,0,0,0,0,0,0,0,0,0,0,0,0,0,0,1,11,0,0,30,0,0,12,2,33,0,0,3,3,1,0,62,0,1,0,2,0,0,0,0,0,2,0,48,0,6,3,0,0,0,2,0,0,1,0,1,0,0,2,0,0,1,1,0,0,0,2,0,0,1,0,0,0,0,1,0,21,0,1,0,0,1,0,0,0,0,0,0,0,0,0,0,0,0,0,0,0,0,0,0,7,0,0,0,0,0,0,0,1,0,0,0,0,0,0,0,0,0,0,0,0,0,0,2,1,0,1,0,0,0,0,0,0,0,2,0,0,1,0,0,1,1,2,2,1,0,17,0,2,0,3,0,0,0,0,1,0,0,0,0,0,0,0,0,2,0,5,1,15,0,0,0,1,0,0,0,0,0,0,0,2,29,0,3,0,15,0,0,4,0,0,0,0,0,0,0,0,0,0,0,0,0,0,1,0,0,7,0,0,0,0,1,0,1,0,0,0,0,0,0,0,3,0,0,0,0,0,0,0,0,0,0,0,0,0,1,0,0,0,0,0,0,5,0,2,0,2,0,1,0,2,4,0,4,0,0,1,0,12,0,0,0,0,0,0,3,1,1,4,1,0,0,1,3,0,0,0,0,0,1,12,2,0,0,0,5,0,0,2,0,1,0,0,10,0,6,0,0,0,5,11,0,201,0,5,0,0,1,0,27,1,48,0,1,2,2,3,99,88,0,1,0,0,0,2,0,17,0,0,0,0,0,0,1,3,0,0,0,0,0,1,0,0,1,0,1,1,0,1,0,0,0,0,2,1,0,0,0,0,0,0,4,0,0,0,1,0,1,0,0,0,0,0,0,0,0,0,0,2,0,2,0,0,0,0,0,0,1,0,0,0,0,0,0,0,0,0,0,33,6,8,6,1,0,1,0,1,1,0,0,4,5,4,5,20,6,0,1,0,2,0,3,0,0,1,0,0,0,1,0,4,110,4,1,3,0,2,5,9,0,3,1,3,0,0,1,0,0,0,2,0,2,0,0,2,0,0,0,0,0,1,1,0,7,0,0,0,4,0,0,0,0,4,0,2,1,0,41,0,0,0,17,0,0,0,0,0,0,0,0,0,1,0,0,0,0,0,2,3,0,2,0,8,33,0,0,0,2,0,23,0,0,0,2,0,0,0,0,7,0,0,0,0,9,1
174,1163,COLEGIO ESTADUAL ROBERTO LANGER JUNIOR,"RUA ALBINO FREDERICO FOERSTER, 04",ALTO BOQUEIRAO,-25.5297172,-49.2410386,64,0,5647,4546,410,249,0,1,13,14,57,4,4,0,4,7,3,33,2,0,0,1,7,0,1,1,9,4,26,6,2,1,20,2,0,2,1,19,0,0,2,0,0,0,4,1,10,3,0,10,0,48,1,1,0,0,1,0,2,4,0,0,3,18,0,0,1,0,1,2,0,0,3,0,0,0,0,4,156,0,0,0,0,3,0,0,0,0,0,0,0,1,21,0,1,0,0,0,0,1,10,0,0,2,2,3,0,15,1,2,0,1,0,44,43,2,0,0,0,0,0,0,0,0,0,1,2,5,2,0,2,0,30,0,1,0,1,0,48,0,1,1,1,0,0,0,0,1,31,1,5,1,5,0,1,0,0,0,0,0,1,3,3,0,22,0,0,0,12,0,0,2,7,1,0,0,0,1,84,1,84,8,1,2,1,78,4,4,1,0,1,3,1,1,10,0,2,0,3,5,0,3,3,83,0,0,0,0,3,0,0,0,0,1,0,0,0,1,0,0,0,0,0,0,0,0,0,7,1,0,2,0,0,1,1,0,0,0,1,4,2,0,2,0,0,0,0,1,0,0,0,0,3,0,10,0,1,2,0,0,0,0,1,6,3,0,29,0,0,1,1,0,0,0,1,0,58,0,0,0,2,2,7,0,0,0,0,0,1,0,3,0,0,0,0,0,1,31,0,0,0,0,0,3,0,3,1,0,1,0,1,0,1,0,0,1,2,0,0,0,0,6,0,0,0,0,0,1,0,0,0,4,0,0,0,0,0,0,0,57,2,24,5,0,0,0,65,0,0,0,0,14,0,0,20,0,0,0,47,5,0,0,0,2,0,0,0,0,0,0,0,0,0,0,0,0,0,0,0,0,0,0,0,0,0,0,1,0,0,0,0,2,0,0,0,0,3,2,20,0,0,48,2,0,4,1,27,2,0,4,1,0,0,100,6,2,1,14,0,0,2,0,0,3,0,61,0,17,2,0,0,0,0,0,0,2,1,0,1,0,0,0,0,1,0,0,0,0,3,0,1,1,0,1,0,0,0,0,41,0,1,0,5,0,1,0,0,0,0,0,0,0,0,0,0,0,0,0,0,0,0,0,4,0,0,0,0,0,3,0,0,0,0,0,0,0,5,0,0,0,11,0,0,0,0,4,1,1,0,0,0,0,0,0,0,0,1,0,0,1,0,3,2,0,2,2,3,3,31,0,1,1,10,0,0,0,0,1,0,0,0,0,0,0,0,1,1,1,7,0,36,2,0,0,2,5,0,0,0,1,0,0,0,47,1,1,0,16,0,0,7,0,0,0,0,0,0,0,0,0,1,3,0,0,0,2,0,0,1,0,0,0,0,0,1,1,2,0,0,1,0,0,0,0,1,0,0,0,0,2,0,0,2,0,0,0,0,0,0,0,0,0,0,0,1,1,0,1,3,0,1,0,1,5,0,3,0,2,5,0,3,0,0,0,0,0,0,2,6,0,0,0,0,1,1,4,0,0,0,0,0,0,26,6,0,0,0,14,0,0,0,0,1,0,0,3,0,2,0,0,1,12,17,1,322,0,2,0,1,1,0,56,3,54,0,2,1,1,1,122,135,1,0,1,0,0,0,0,17,0,0,0,0,0,1,3,7,0,0,5,0,0,0,0,0,5,0,0,1,0,0,0,2,0,1,3,1,0,0,2,0,0,0,6,0,0,0,0,0,1,0,0,0,2,1,0,0,0,0,0,0,0,0,0,0,2,0,0,0,9,0,0,0,0,0,0,0,0,0,1,55,9,6,9,1,1,0,1,7,0,2,0,5,11,10,7,36,3,0,1,1,1,0,6,0,0,1,0,0,0,1,0,1,180,2,1,4,0,3,0,5,0,2,1,2,0,2,1,0,0,0,1,0,0,0,0,4,4,0,0,0,0,1,6,0,11,0,1,1,12,0,0,0,0,1,0,0,1,0,52,0,0,0,15,0,0,0,0,0,0,0,0,0,0,2,1,0,0,0,0,2,3,1,0,11,54,1,0,0,0,0,84,0,1,1,0,0,0,0,0,9,5,0,0,0,8,0
174,1171,COLEGIO ERASTO GAERTNER,RUA PASTOR DAVID KOOP 189,BOQUEIRAO,-25.50825662,-49.2522369,56,0,4796,4030,184,121,0,2,7,5,51,3,4,1,1,14,3,55,0,0,0,1,27,0,2,0,3,4,20,4,1,0,17,1,0,1,0,114,0,0,1,0,2,1,6,0,7,10,0,3,2,26,3,0,0,2,0,0,0,26,0,0,3,17,0,5,12,0,0,5,1,1,2,0,0,0,1,7,86,0,0,0,0,6,0,1,0,0,0,3,0,0,22,0,0,0,0,0,2,0,5,0,0,1,0,14,0,28,0,1,2,0,0,37,22,0,0,2,0,0,0,0,0,1,1,0,3,9,0,0,0,0,9,0,3,4,0,1,106,2,0,1,2,0,0,0,0,0,19,4,4,0,1,0,2,0,0,0,0,0,0,1,9,0,18,0,0,0,12,2,1,0,6,0,0,0,1,0,85,3,61,7,1,2,0,57,2,3,1,0,0,1,0,2,1,0,0,0,0,1,0,3,5,52,0,0,0,0,0,0,0,0,0,3,0,0,1,1,0,0,1,0,0,4,0,0,0,10,0,0,6,0,0,0,2,0,0,0,0,1,0,0,1,0,0,0,1,0,0,0,0,0,0,1,0,0,0,0,0,0,0,0,0,0,0,0,31,0,0,1,0,0,1,0,0,1,2,1,0,2,4,5,3,0,0,0,1,0,0,0,9,0,0,0,2,0,0,7,0,0,0,0,0,0,0,2,0,0,0,0,0,0,1,0,0,0,0,0,0,0,0,9,0,0,0,0,0,0,3,0,0,0,3,0,1,0,0,0,0,0,0,31,0,0,0,0,97,0,0,0,1,23,0,0,6,0,0,0,156,6,0,7,0,0,0,2,0,0,0,0,0,0,0,0,0,0,0,1,0,0,0,0,0,0,0,0,0,0,0,0,0,0,0,0,0,0,3,2,73,0,0,105,0,0,5,4,21,6,0,16,11,0,0,64,4,0,1,21,1,0,0,0,0,0,1,58,0,3,4,0,0,1,0,0,0,0,0,0,2,0,0,0,1,0,0,0,0,0,6,0,0,0,0,0,2,2,0,0,42,0,1,0,4,0,2,0,0,0,0,0,0,0,0,0,0,0,0,0,0,2,0,0,2,0,0,0,0,0,1,0,0,0,0,0,0,0,3,0,0,0,0,0,0,0,0,0,0,0,0,0,0,0,0,0,0,0,0,0,0,0,3,5,0,8,2,1,7,1,50,0,8,4,40,3,2,0,0,3,0,0,0,0,0,3,0,1,0,0,16,0,5,1,0,0,0,0,2,0,0,0,0,0,0,35,1,2,0,61,0,2,7,0,1,0,0,0,0,0,0,0,2,0,0,0,0,0,0,0,1,0,0,0,0,0,0,0,4,0,0,0,0,0,0,0,0,0,0,0,0,1,0,0,1,0,0,0,0,0,0,0,1,0,0,0,1,0,0,0,4,1,0,1,4,5,0,4,0,0,6,0,0,0,0,0,0,0,0,0,4,0,1,0,0,6,1,2,0,0,0,2,0,0,39,10,0,0,0,37,0,1,1,0,0,0,1,6,1,2,0,1,2,6,11,1,117,0,3,0,8,5,0,25,1,70,0,0,5,0,0,78,110,1,6,1,0,0,0,0,16,0,0,0,0,0,0,0,1,1,0,1,0,0,0,0,0,0,0,0,0,0,0,0,0,0,2,4,0,0,0,1,0,0,1,7,2,0,0,1,0,0,0,0,0,0,0,0,0,0,0,0,2,0,0,0,1,0,0,2,0,6,0,0,0,0,0,0,0,0,0,0,99,13,4,5,5,1,1,1,4,2,5,0,3,2,6,0,22,2,1,0,0,0,0,10,0,0,3,0,0,0,1,0,1,232,0,7,7,0,0,1,6,1,2,2,8,7,0,3,0,0,0,1,0,0,0,0,1,2,0,1,0,0,0,5,0,4,0,0,1,24,0,0,0,1,1,0,0,0,1,10,0,0,0,8,0,0,0,0,0,0,4,0,1,1,2,0,1,0,0,1,10,2,0,0,9,31,0,0,0,0,0,41,0,0,0,0,0,0,0,0,3,6,1,0,2,1,9
174,1180,ESCOLA ESTADUAL EUZEBIO DA MOTTA,"RUA CLARA TEDESCO,  2773",BOQUEIRAO,-25.50352479,-49.25317914,56,0,4562,3750,279,153,0,2,6,11,48,4,5,0,0,14,3,38,0,1,0,0,11,0,0,0,4,2,28,2,4,0,16,0,3,4,0,32,2,0,0,0,0,3,0,1,8,1,0,5,1,59,3,0,2,1,0,1,3,2,0,0,4,17,0,2,4,1,5,6,1,0,0,0,0,3,0,4,94,0,0,0,0,6,0,1,0,1,0,3,0,0,13,0,0,0,0,0,0,1,9,0,2,0,0,12,3,25,0,0,0,1,0,68,29,0,0,0,0,0,0,0,0,0,0,0,5,50,0,0,0,0,23,0,1,0,0,0,82,0,0,0,0,0,0,0,0,0,12,1,4,5,1,0,0,1,0,2,1,0,0,6,8,0,23,0,0,0,12,0,0,0,1,3,2,4,2,0,101,2,68,5,1,0,0,51,0,9,0,0,0,0,0,2,4,1,0,0,0,0,1,1,0,54,0,0,1,0,0,0,0,0,0,0,0,0,1,0,0,0,0,0,2,1,2,0,1,3,0,0,2,0,0,0,7,0,0,0,0,5,0,0,1,0,0,0,0,0,0,0,0,1,1,0,0,0,0,2,0,0,0,0,0,0,0,0,27,0,0,0,0,0,2,0,1,2,1,2,0,0,0,0,9,0,1,0,1,0,0,0,3,1,0,0,0,0,0,4,0,0,0,0,0,0,0,4,2,0,1,0,0,0,1,0,0,0,0,0,8,0,1,1,0,0,0,0,0,0,2,2,0,2,0,4,2,0,0,0,1,0,2,35,2,1,2,0,71,0,0,0,0,13,0,3,13,0,0,0,51,3,0,3,0,1,0,0,0,0,0,0,0,0,0,1,0,0,0,0,0,1,0,0,0,0,0,0,0,0,0,0,0,0,0,0,0,1,1,0,14,0,0,117,0,0,2,4,12,3,0,6,0,1,3,61,0,0,0,8,1,0,0,0,1,4,0,51,0,2,1,0,1,3,0,0,0,0,2,0,1,0,2,0,0,2,0,0,0,0,8,0,1,1,0,0,0,3,0,0,46,0,2,0,5,0,0,1,0,0,0,0,0,0,0,0,0,0,0,0,0,0,0,0,0,0,0,0,0,0,2,0,0,0,0,0,1,0,0,0,0,0,0,0,0,0,0,0,0,1,0,0,0,0,0,0,0,0,0,0,0,0,2,8,4,4,1,1,3,0,37,0,1,2,11,1,0,0,0,0,0,0,0,1,0,0,0,1,0,0,25,0,2,0,0,0,1,4,0,0,0,3,0,0,1,37,0,3,0,26,0,2,2,0,0,0,0,0,0,0,3,0,0,4,0,0,0,0,0,0,8,0,0,0,0,0,0,0,2,0,0,0,0,0,0,0,1,0,0,0,0,0,0,0,3,0,0,0,0,1,0,0,0,0,0,0,2,0,0,0,3,3,0,0,0,0,0,0,0,0,1,0,4,0,0,0,0,0,0,0,1,0,0,0,1,2,1,15,0,0,0,0,0,0,17,11,0,0,0,11,0,0,1,2,0,0,0,3,0,6,0,0,2,7,4,0,155,0,0,0,1,4,0,33,1,69,0,1,0,0,0,96,108,1,4,0,0,0,0,0,10,0,0,0,0,0,0,0,0,5,0,1,0,0,0,0,0,6,2,0,0,0,0,0,1,0,0,3,0,2,2,0,1,0,0,2,3,0,0,2,0,0,0,0,1,0,0,0,0,0,0,0,0,0,2,0,0,0,0,0,0,0,0,0,0,0,0,0,0,0,0,0,130,14,3,6,4,3,0,0,1,0,0,0,0,4,8,1,17,1,1,0,0,0,1,9,5,0,1,0,0,0,0,0,1,182,0,10,4,0,2,1,4,1,1,0,2,5,3,1,0,0,0,3,0,0,0,0,0,5,0,0,0,0,2,1,0,4,1,0,5,13,0,1,1,0,0,0,0,0,0,20,0,0,0,8,0,0,0,0,0,0,2,2,0,0,0,1,2,0,0,0,18,0,0,0,7,29,0,2,0,0,0,49,0,0,0,0,0,0,0,0,2,9,0,0,0,1,0
174,1198,COLEGIO ADVENTISTA DO BOQUEIRAO,"RUA PROF CLETO DA SILVA, 2260",BOQUEIRAO,-25.48858184,-49.24568631,56,0,4450,3571,243,125,0,1,8,9,43,0,3,0,0,5,2,28,0,0,0,0,27,1,0,0,2,1,17,2,4,0,13,0,1,1,0,22,1,0,0,1,0,2,9,0,1,4,0,9,0,38,5,0,2,1,0,0,3,9,0,2,6,8,0,1,2,0,0,6,1,0,0,0,0,0,1,1,84,0,0,0,0,4,0,1,0,1,0,3,0,0,15,0,0,0,0,0,0,0,4,0,0,0,1,5,0,37,0,0,0,0,0,28,21,0,0,0,0,0,0,0,0,0,0,2,0,4,0,0,1,0,15,1,4,1,0,0,103,0,0,1,1,1,0,0,0,3,10,0,2,0,0,0,2,1,0,0,0,0,3,0,8,0,18,1,0,0,19,0,0,0,1,2,1,1,0,0,83,3,56,6,2,1,0,66,2,6,0,3,1,1,2,2,2,0,0,0,1,1,1,2,3,40,0,0,1,0,2,0,0,0,0,0,0,0,0,2,2,0,0,2,1,1,0,0,2,3,0,0,0,0,0,0,2,1,0,0,3,3,0,0,0,0,0,0,1,0,0,0,1,0,1,2,2,1,0,0,0,0,0,0,1,0,0,0,27,0,0,0,0,0,2,0,0,1,1,3,0,0,4,3,14,0,1,0,1,0,0,0,3,1,0,0,0,0,0,9,0,0,0,0,0,0,0,1,1,0,0,0,0,0,0,0,0,1,0,0,0,0,0,2,0,0,1,0,0,0,0,0,0,2,6,1,1,0,0,0,0,0,2,43,1,0,0,0,107,0,0,0,0,17,0,0,14,1,0,0,70,13,0,0,0,0,0,0,0,0,0,0,0,0,0,3,0,0,0,0,0,0,1,0,0,0,0,0,0,0,0,0,0,0,0,0,0,0,5,5,26,0,0,89,1,0,4,2,15,9,1,5,7,0,1,59,5,3,0,10,1,1,0,0,0,4,1,57,4,1,6,4,0,0,0,0,0,1,2,0,2,1,7,0,1,0,0,0,0,0,10,1,1,1,0,0,1,1,0,0,47,0,0,1,8,2,0,0,0,0,0,0,0,0,0,0,0,0,0,0,0,0,0,0,0,0,0,0,0,0,0,5,0,0,0,0,0,0,2,0,0,0,0,0,0,0,0,0,0,1,0,0,0,0,0,0,0,0,0,1,0,0,5,3,1,1,0,2,0,0,44,0,9,0,17,2,0,0,0,1,0,0,0,0,0,0,0,1,0,0,19,2,0,0,0,0,2,0,1,0,0,0,0,0,0,48,0,6,0,22,0,0,1,1,0,0,0,0,0,0,0,1,0,4,0,0,0,0,0,0,0,0,0,0,0,0,0,0,3,0,0,1,0,0,1,0,0,0,0,0,0,0,1,0,0,0,0,0,0,0,0,0,0,0,0,0,1,0,0,0,0,0,1,1,0,1,0,2,0,1,5,1,1,0,0,0,0,0,0,0,2,0,0,1,0,0,0,6,0,2,1,0,0,0,25,4,0,1,0,23,0,0,1,1,0,0,2,6,1,5,0,0,1,3,14,0,102,0,4,0,0,5,0,24,0,57,0,0,1,0,0,95,97,0,4,0,2,1,0,0,17,0,0,0,0,3,0,1,0,0,0,4,0,0,0,0,0,0,1,2,3,0,1,0,1,0,1,2,0,1,0,0,0,0,1,6,2,1,0,1,0,0,0,0,0,0,0,0,0,0,0,0,0,0,0,1,0,0,0,1,0,1,0,0,0,0,2,0,0,0,0,0,51,5,2,54,5,2,0,1,3,0,4,0,4,2,8,2,21,9,0,0,0,0,2,2,0,0,3,0,1,1,0,0,0,195,6,1,7,0,10,5,14,1,2,3,3,3,6,1,1,0,1,0,0,1,0,0,3,7,1,0,0,0,1,0,0,3,0,0,0,12,0,0,0,0,1,0,0,0,0,20,0,1,4,11,0,0,0,0,0,0,1,2,0,0,0,0,1,0,0,2,3,3,0,0,12,35,1,0,0,0,0,53,0,0,0,0,0,0,0,0,5,6,0,0,0,4,1
174,1201,ESCOLA MUNICIPAL LEONOR CASTELLANO,"RUA MAESTRO CARLOS FRANK, 2114",BOQUEIRAO,-25.52077021,-49.23829486,56,0,3969,3279,231,147,0,5,11,10,34,3,4,0,2,10,0,36,2,1,1,0,10,0,4,1,5,2,22,2,0,0,18,0,0,3,2,36,0,0,0,3,0,0,19,0,8,1,0,5,0,30,2,0,4,0,2,0,0,15,0,0,4,10,0,4,2,0,0,5,0,0,4,0,0,0,0,1,101,0,0,0,1,0,0,2,0,0,0,0,1,1,34,0,0,0,0,0,2,0,6,0,2,1,2,8,0,17,0,1,0,0,0,23,27,0,0,0,0,0,0,0,0,1,0,0,5,8,1,0,3,0,13,0,1,0,0,0,86,0,3,0,2,0,0,0,1,0,21,0,4,0,0,0,0,4,0,0,1,0,0,5,5,0,9,0,0,0,15,0,0,0,2,1,2,2,0,0,63,3,54,5,2,0,0,53,6,5,0,2,2,0,0,1,4,1,0,0,0,0,1,2,0,60,0,0,0,1,3,0,0,1,0,2,0,0,6,0,0,0,0,0,1,0,0,0,0,5,0,0,4,0,0,0,3,0,0,0,0,1,0,0,0,0,0,0,2,1,0,1,0,1,0,2,0,0,0,1,0,0,0,0,0,0,0,0,19,0,0,1,0,0,0,1,0,2,19,3,0,3,2,0,12,0,0,0,0,0,0,0,2,1,0,0,0,0,0,8,0,0,0,0,0,0,0,1,1,1,0,0,0,2,2,0,0,0,0,0,2,0,0,10,0,0,0,0,0,0,2,0,0,2,1,1,0,0,0,0,0,5,0,31,0,1,0,0,78,0,0,0,0,18,0,0,18,1,0,0,41,4,0,0,0,0,0,0,1,0,0,0,0,0,0,0,0,0,0,0,0,1,0,0,0,0,0,0,0,0,0,0,0,0,0,0,0,0,6,0,22,0,0,62,0,1,8,6,22,4,0,3,7,1,0,58,6,0,0,3,0,2,0,0,0,3,0,27,0,2,4,0,0,0,0,0,0,0,0,1,1,0,0,0,1,0,0,0,0,0,13,0,0,0,0,0,0,2,0,0,27,0,0,0,3,0,0,0,0,0,0,0,0,0,0,0,0,0,0,0,1,0,0,0,6,0,0,0,0,0,0,0,0,0,0,0,0,0,0,0,0,0,0,0,0,0,3,1,0,2,0,0,0,0,0,2,0,0,0,0,0,0,1,3,2,0,0,0,1,1,23,0,2,1,6,1,1,0,0,0,0,0,0,2,0,0,0,0,0,0,16,0,5,0,0,0,0,1,2,0,0,0,0,0,0,25,0,5,0,16,0,5,3,0,1,0,0,0,0,0,0,0,0,0,0,0,0,0,0,2,3,0,0,0,0,1,0,0,1,0,0,0,0,0,0,0,2,0,1,0,0,0,0,0,0,0,0,0,0,0,0,0,0,0,0,0,0,0,0,0,2,0,6,3,1,2,0,8,0,0,1,0,1,0,0,0,0,0,0,1,0,0,1,0,0,0,2,1,0,0,0,1,0,0,18,1,0,1,0,16,0,0,1,1,0,0,0,2,1,5,0,0,1,1,9,2,140,0,2,0,2,2,1,24,0,66,0,1,1,2,0,90,115,1,0,0,1,0,1,0,8,0,0,0,1,0,2,2,5,1,0,2,0,0,0,0,0,0,2,2,0,0,0,0,0,0,0,0,0,0,0,0,0,0,1,5,1,1,0,0,0,0,0,0,0,0,0,0,0,0,0,0,0,0,0,0,0,0,0,0,3,3,0,0,0,0,0,0,0,1,0,0,44,11,3,11,5,0,0,2,3,2,1,0,12,3,4,2,27,4,1,0,0,0,1,9,0,0,1,0,1,0,1,0,1,176,1,2,2,0,6,3,7,0,1,1,2,0,1,0,0,0,0,0,0,0,0,0,3,1,0,1,0,0,0,7,0,18,0,0,0,18,0,0,1,0,0,1,0,0,0,15,0,0,0,11,0,0,0,0,0,0,0,0,0,1,0,1,0,0,0,2,5,1,0,0,10,27,1,1,0,0,0,31,0,0,0,0,0,1,0,0,7,0,0,0,0,2,0
174,1210,ESCOLA MUNICIPAL NIVALDO BRAGA,"RUA PROF JOAO SOARES BARCELOS,  3400",BOQUEIRAO,-25.50255976,-49.24400182,56,0,3345,2827,159,87,0,4,9,7,33,1,1,0,2,5,2,35,0,0,0,0,15,0,3,0,1,3,18,4,2,1,20,0,3,4,0,31,0,0,0,1,0,0,5,1,19,4,0,5,0,22,3,0,0,0,2,0,1,5,0,0,4,7,0,0,1,0,0,2,0,0,0,0,0,0,1,1,89,0,0,0,0,5,0,0,0,0,0,2,0,1,11,0,0,0,0,0,0,1,1,0,0,0,0,8,0,12,0,1,0,0,0,43,12,0,0,0,0,0,0,0,0,0,0,0,0,7,0,0,0,0,11,0,0,0,0,2,77,2,0,0,1,0,0,0,0,0,11,2,3,0,0,0,1,2,0,0,0,0,1,3,3,0,10,0,0,0,10,0,0,0,0,0,0,1,1,0,56,5,47,1,2,0,1,53,0,4,0,0,4,0,0,1,4,2,0,0,0,0,0,1,1,49,0,0,0,0,0,0,0,0,2,0,0,0,1,2,0,0,0,0,0,0,0,0,0,4,0,0,2,0,0,0,5,0,0,0,0,1,0,0,0,0,1,0,2,4,0,0,1,0,1,0,0,0,0,1,0,0,0,0,0,0,0,0,21,0,0,2,0,0,1,0,2,0,0,0,0,0,3,0,4,0,0,0,0,0,0,0,1,0,0,0,4,1,1,4,0,0,0,0,0,0,0,1,0,0,0,0,0,2,0,0,0,0,0,0,0,0,0,3,0,0,0,0,0,0,0,1,0,2,0,0,0,0,0,0,0,0,0,31,0,0,0,0,59,0,0,0,0,14,0,0,10,0,1,0,65,6,0,1,0,1,0,0,0,1,0,1,0,0,0,0,0,0,0,0,0,0,0,0,0,0,0,0,0,0,0,0,0,0,0,0,0,0,8,0,30,0,0,42,0,0,5,4,11,5,0,7,3,0,0,55,3,2,0,3,0,0,0,0,0,2,0,49,1,7,2,0,0,0,0,0,0,0,0,0,0,0,1,0,0,1,1,0,0,0,5,0,0,5,0,0,1,1,1,0,32,0,0,0,6,0,0,0,0,0,0,0,0,0,0,0,0,3,0,0,0,0,0,0,2,0,1,0,0,0,1,0,0,0,0,0,0,0,2,0,0,0,0,0,0,0,0,0,0,0,0,0,0,0,0,0,0,0,0,0,0,0,0,3,0,0,2,1,9,0,36,0,3,0,13,1,0,0,0,0,0,0,0,0,0,0,0,1,0,0,15,0,1,0,0,0,2,1,1,0,0,1,0,0,0,25,1,5,0,26,0,0,7,0,2,0,0,0,0,0,0,0,0,1,0,0,0,0,1,0,0,0,0,0,0,0,0,1,0,0,0,0,0,0,0,0,0,0,0,0,0,0,0,0,1,0,0,0,1,0,0,0,0,0,0,0,1,0,0,0,1,0,1,2,0,5,0,2,0,0,0,0,5,0,0,0,0,0,0,2,1,0,0,0,0,5,0,3,0,0,0,0,0,0,23,12,0,1,0,28,0,0,0,0,0,0,1,4,0,2,0,0,1,4,11,0,83,1,2,0,0,2,0,21,0,83,0,2,1,1,1,74,101,2,4,0,2,0,0,0,12,0,0,2,0,0,0,0,2,1,0,1,2,0,1,0,0,0,1,0,0,0,0,0,2,0,2,1,2,2,0,0,0,1,0,6,1,0,0,0,3,0,0,0,0,0,0,0,0,0,0,0,0,0,1,0,0,0,0,0,0,1,0,0,0,0,1,0,0,0,0,0,55,10,1,18,2,0,3,0,2,2,1,0,1,1,6,1,21,3,0,0,1,0,0,5,0,0,0,0,0,0,0,0,2,175,0,4,10,0,1,0,15,0,2,0,3,3,1,0,0,0,0,2,0,1,0,0,2,2,0,0,0,0,0,3,0,6,0,0,3,20,0,0,0,0,0,0,0,0,0,17,0,0,1,4,0,0,0,0,0,0,0,0,0,0,0,0,0,0,0,1,5,0,0,0,1,17,0,0,0,0,0,18,0,0,0,0,0,0,0,0,0,1,0,0,0,2,0
174,1228,ESCOLA ESTADUAL POLIVALENTE DE CURITIBA,RUA SALVADOR DE FERRANTE  1664,BOQUEIRAO,-25.49837793,-49.24227928,56,0,3427,2810,187,109,0,4,3,6,42,3,2,0,0,10,1,40,0,1,0,0,17,0,1,1,2,0,20,1,2,0,13,0,0,1,0,39,0,0,0,0,0,3,2,2,6,0,0,4,0,20,8,0,1,0,1,0,1,2,0,0,9,6,0,1,0,0,4,6,3,0,1,0,0,0,0,2,92,0,0,0,0,4,0,0,0,0,0,1,0,2,7,0,0,0,0,1,1,1,4,0,0,0,0,7,0,17,0,1,0,1,0,41,23,0,0,0,0,0,0,0,0,0,0,0,2,7,3,0,0,0,6,0,4,0,1,4,73,1,0,0,1,0,0,0,0,0,11,0,2,0,2,0,2,0,0,0,0,0,0,2,3,0,6,0,0,0,10,0,1,0,3,1,0,1,0,0,66,4,40,5,2,0,0,56,0,1,0,1,2,0,0,3,2,0,0,1,0,0,1,2,5,37,0,0,0,0,4,3,0,0,1,1,0,0,1,0,0,0,0,0,0,0,0,0,0,4,0,0,0,0,0,0,2,1,0,0,0,2,0,0,1,0,0,0,0,0,0,0,2,0,1,0,1,0,0,1,0,0,0,0,0,1,0,0,5,0,0,0,0,0,0,0,0,0,0,0,1,1,0,0,9,0,0,0,0,0,1,0,2,0,0,0,0,1,0,4,0,0,0,0,0,0,0,0,0,0,0,0,0,0,1,0,0,0,0,0,1,0,0,4,0,0,0,0,0,1,1,0,0,0,0,0,1,0,0,0,3,2,0,24,1,0,0,0,48,0,0,0,0,17,0,0,14,2,0,0,43,4,0,0,0,0,0,2,0,0,0,0,0,0,0,0,0,0,1,0,0,0,0,0,0,0,0,0,0,0,0,0,0,0,0,0,0,1,3,3,4,1,1,56,0,0,7,5,7,4,1,7,8,0,0,49,3,3,0,0,0,0,0,0,0,3,2,34,0,5,1,0,0,0,0,0,1,0,0,0,0,0,0,0,0,0,0,0,0,0,6,0,0,0,0,0,1,0,1,0,22,0,0,0,4,0,1,0,0,0,2,0,0,1,0,0,1,0,0,0,0,2,0,0,4,0,0,0,0,0,0,2,1,0,0,0,2,0,0,0,0,0,0,0,0,0,0,0,0,0,0,0,0,0,0,0,0,0,0,0,0,0,0,3,3,1,0,1,6,0,28,0,4,2,13,3,0,0,0,2,0,0,1,0,0,0,1,0,0,0,11,0,0,2,0,0,0,1,3,2,0,0,0,0,0,28,0,3,0,25,0,0,4,1,2,0,0,0,0,0,0,0,0,1,0,0,0,0,0,0,1,0,0,1,0,0,0,0,1,0,0,0,0,0,2,0,0,0,0,0,0,0,0,0,0,0,0,0,0,1,0,0,0,0,0,0,2,0,0,0,1,0,1,1,0,3,0,0,0,0,4,0,3,0,0,0,0,0,0,0,2,0,0,0,0,6,1,3,0,0,0,0,1,0,20,7,0,1,0,22,0,2,2,0,0,0,0,1,0,5,0,0,0,4,4,1,106,0,1,0,0,0,0,23,0,55,0,1,1,0,0,95,70,2,3,0,1,0,0,0,19,0,0,0,0,0,0,0,0,1,0,1,0,1,0,0,0,0,0,2,0,0,0,0,0,0,1,0,2,0,1,1,0,0,1,7,5,0,0,0,1,0,0,0,0,0,0,0,0,0,0,0,0,1,2,0,0,0,0,1,0,0,0,0,0,0,0,0,0,0,0,0,48,6,1,7,11,0,0,0,3,1,0,0,2,8,8,3,28,12,0,1,0,0,0,11,0,0,0,0,2,0,0,2,2,142,4,3,5,0,0,3,7,1,2,2,5,1,4,0,0,0,0,1,0,0,0,0,0,3,0,0,0,0,0,2,0,12,0,0,1,11,0,1,0,1,1,0,0,0,0,23,0,0,0,3,0,0,0,0,1,0,0,0,0,0,0,1,0,0,0,3,1,0,0,1,6,34,0,0,3,0,0,53,0,1,0,0,0,0,0,0,4,3,0,0,0,3,0
174,1236,ESCOLA MUNICIPAL ROLANDIA,RUA DESEMBARGADOR ANTONIO DE PAULA 3451,BOQUEIRAO,-25.51723371,-49.24944531,56,0,3881,3186,208,140,0,4,8,7,41,6,3,1,1,11,2,35,1,0,0,0,12,1,1,0,6,3,15,6,2,0,23,0,2,2,0,44,1,0,0,3,0,1,10,2,2,5,0,5,1,21,0,0,0,0,0,0,1,10,0,0,0,13,0,3,2,0,1,6,0,0,0,0,0,1,0,1,96,0,0,0,0,0,0,2,1,0,0,2,0,0,16,0,0,0,0,0,0,0,5,0,0,0,0,26,0,20,1,0,0,3,0,37,23,1,0,0,0,0,0,0,0,0,0,2,4,6,0,0,0,0,7,0,2,0,0,1,86,0,0,0,0,0,0,0,1,0,7,0,4,0,0,0,0,0,0,0,0,0,3,6,11,0,20,0,0,0,15,0,0,0,5,1,0,2,0,1,50,0,59,6,3,2,0,63,0,1,0,0,0,1,3,3,2,0,0,0,1,1,1,1,2,46,0,0,0,0,0,0,0,0,1,1,0,0,0,2,0,0,0,2,0,0,0,0,0,6,0,0,3,0,0,1,2,0,0,0,0,1,0,0,0,0,0,0,0,1,0,1,0,0,2,0,0,0,0,0,0,0,0,0,0,0,0,0,33,0,0,2,0,0,2,0,0,1,1,1,0,0,4,0,18,0,2,0,0,0,0,0,0,0,0,0,1,0,0,10,0,0,0,0,0,0,0,2,0,0,0,0,0,0,3,0,0,0,0,1,0,0,0,3,0,0,0,0,0,2,0,0,0,0,0,0,1,0,0,0,0,2,0,17,3,0,0,0,94,0,0,0,0,11,0,0,12,0,0,0,43,5,0,0,0,3,0,0,1,0,0,0,0,2,0,0,0,0,1,0,0,0,0,0,0,0,0,0,0,0,0,0,0,1,0,0,0,0,4,1,25,1,0,68,0,0,4,2,12,13,0,8,2,0,0,69,2,0,0,6,0,0,0,0,0,1,0,58,0,2,6,1,0,0,0,0,0,0,0,0,2,0,1,0,1,0,0,0,0,0,6,0,0,5,0,1,2,3,0,0,20,0,0,1,4,0,0,0,0,0,0,0,0,0,0,0,0,0,0,0,0,0,0,0,0,0,0,0,0,0,0,0,0,0,0,0,0,0,0,0,0,0,2,0,0,0,0,0,0,1,0,0,0,0,0,0,0,0,0,0,0,0,1,1,2,0,4,0,5,1,19,0,3,0,14,2,0,0,0,0,0,0,0,0,0,0,1,0,0,0,10,0,0,1,0,0,0,2,0,0,0,0,3,0,0,25,0,5,0,25,0,1,3,0,0,0,0,0,0,0,1,0,2,0,0,0,0,2,1,0,6,0,0,0,0,0,0,0,2,0,0,0,0,0,1,0,1,0,0,0,0,0,0,0,2,0,0,0,0,0,0,0,0,0,0,0,2,0,0,0,0,0,1,7,0,2,0,5,0,0,1,0,2,0,0,0,0,0,0,1,3,0,0,0,0,2,0,4,0,0,0,0,0,0,14,2,0,0,1,15,0,0,1,3,0,0,1,2,0,2,0,0,2,8,11,0,124,0,0,0,0,2,0,31,0,54,0,6,0,2,0,84,85,1,3,0,1,0,0,0,15,0,0,0,0,0,0,2,13,0,0,4,0,0,1,0,0,0,0,0,0,0,0,0,1,0,0,0,0,1,0,0,0,0,0,5,2,0,0,1,0,0,0,0,0,0,0,0,0,0,0,0,0,0,0,0,0,0,0,0,0,2,0,0,0,0,0,0,0,0,0,0,62,9,0,5,4,0,0,0,9,0,4,0,3,3,13,1,23,6,1,0,0,0,0,7,0,0,1,0,1,0,0,0,0,154,0,10,7,0,8,3,6,0,8,1,4,4,1,0,0,0,1,1,0,0,0,0,4,1,0,4,0,0,0,2,0,10,0,0,1,13,0,0,0,0,1,0,0,0,0,16,0,0,0,18,0,0,0,0,0,1,0,1,3,1,0,0,0,0,0,3,8,1,0,0,5,27,0,0,0,0,0,37,0,0,0,0,0,0,0,0,7,2,0,0,0,7,0
174,1244,CEI PROFESSORA TEREZA MATSUMOTO,"RUA CHANCELER OSWALDO ARANHA, 965",HAUER,-25.49197,-49.26165168,56,0,2500,2088,152,82,0,0,1,17,32,0,4,0,0,7,1,19,0,0,1,0,14,2,0,1,1,1,13,7,0,0,13,0,0,2,0,27,0,0,0,0,0,2,3,0,10,7,0,1,1,17,0,0,0,0,0,0,1,1,0,0,1,6,0,0,0,0,0,5,1,0,0,1,0,3,0,2,51,0,0,0,0,4,0,0,0,0,0,0,0,0,8,0,0,0,0,0,0,0,2,0,0,0,0,1,1,8,0,0,0,2,0,58,14,5,0,0,0,0,0,0,0,1,0,0,0,7,1,0,0,0,2,0,4,1,0,0,46,0,0,1,1,0,0,0,0,0,2,0,2,0,0,1,0,0,0,1,0,0,0,1,1,0,7,0,0,0,5,2,0,0,0,0,0,0,0,0,29,0,24,7,0,0,0,31,3,0,0,0,0,0,0,0,1,1,0,1,0,1,1,2,0,36,1,0,0,0,0,0,0,0,0,0,0,0,0,0,3,0,0,0,0,0,0,0,1,3,0,0,0,0,0,0,1,0,0,0,0,6,0,0,0,0,1,0,0,0,0,0,0,0,4,0,0,0,0,0,0,0,0,0,2,0,0,0,15,0,0,0,0,0,0,0,0,0,0,1,0,0,0,0,3,0,0,0,0,0,0,0,1,0,0,0,0,1,0,2,0,0,0,1,0,0,0,0,1,0,0,0,0,0,1,0,0,0,0,0,1,0,0,3,0,0,0,0,0,0,0,0,0,0,2,0,1,0,0,0,0,0,0,16,1,0,0,0,37,0,0,0,0,12,0,0,4,0,0,1,15,7,0,0,0,0,0,0,0,0,0,0,0,0,0,0,0,0,0,0,0,0,0,0,0,0,0,0,0,0,1,0,0,7,0,0,0,0,0,0,9,0,0,24,0,0,0,0,11,7,0,3,7,0,0,33,1,0,0,2,0,0,0,0,1,0,2,23,0,3,2,0,0,0,0,0,0,0,0,0,0,0,3,0,0,1,1,0,0,0,1,1,0,0,0,0,0,1,0,0,14,0,0,0,2,0,0,0,0,0,1,0,0,0,0,0,0,0,0,0,0,0,0,0,1,0,0,0,0,0,0,0,0,0,0,0,0,0,3,0,0,0,1,0,0,0,0,0,0,0,0,0,0,0,0,0,0,0,0,0,0,0,1,3,0,0,0,3,0,0,10,0,1,1,6,0,0,0,0,1,0,0,0,0,0,0,0,1,0,0,8,0,0,0,0,0,0,1,0,0,0,0,0,0,0,18,0,0,0,16,0,0,9,0,0,0,0,0,0,0,0,0,0,0,0,0,0,0,0,0,0,0,0,0,0,0,0,0,1,0,0,0,0,0,0,0,0,1,0,0,0,0,0,0,0,0,0,0,0,0,0,0,0,0,0,0,1,0,0,0,0,0,0,0,0,2,1,0,0,0,1,0,0,0,0,0,0,0,0,7,3,0,1,0,0,6,2,3,0,0,0,0,0,0,11,0,0,0,0,12,0,1,0,0,0,0,0,1,0,2,0,0,0,4,0,0,67,0,1,0,0,0,0,11,1,21,0,0,1,0,0,44,51,0,3,0,0,1,0,0,7,0,0,0,0,0,0,0,2,2,0,3,0,0,0,0,0,0,1,0,0,0,1,0,1,0,0,3,0,0,0,0,0,0,0,6,1,0,0,0,0,0,0,0,0,0,0,0,0,0,0,0,0,0,0,0,0,0,1,0,0,0,0,0,0,0,0,0,0,3,0,0,278,2,3,3,0,0,0,0,2,0,3,0,0,7,7,3,14,1,0,2,0,1,0,7,2,0,0,0,1,0,0,0,0,109,1,2,8,0,0,4,6,0,0,1,3,0,0,0,0,0,0,0,0,0,0,1,1,0,0,0,0,0,1,0,0,0,0,0,0,11,0,0,0,0,0,0,0,0,0,18,0,0,1,4,0,0,0,0,0,0,0,0,0,0,1,0,0,0,1,1,7,0,0,0,4,15,0,0,0,0,0,24,0,0,0,0,0,2,1,0,1,0,0,0,0,3,0
174,1252,CEEP CENTRO ESTADUAL DE EDUCAÇÃO PROFISSIONAL DE CURITIBA,R FREDERICO MAURER  3015,BOQUEIRAO,-25.49531434,-49.24259471,56,0,3086,2509,185,118,0,4,3,10,43,2,2,0,0,2,0,22,1,0,0,0,12,0,0,0,0,3,13,2,1,0,9,1,0,1,0,26,0,0,0,0,0,0,3,0,10,2,0,3,0,33,2,0,0,0,1,0,0,4,0,0,2,9,0,4,0,1,1,4,1,0,0,0,0,1,0,3,60,0,0,0,0,3,0,0,1,0,0,1,0,0,9,0,0,0,0,0,1,1,0,0,0,0,0,6,0,16,0,3,0,1,0,21,15,0,0,0,0,0,0,0,0,3,1,0,1,3,0,0,1,0,7,0,3,1,0,0,83,1,0,0,0,0,0,1,0,4,9,0,3,0,0,0,0,0,0,0,0,0,1,3,8,0,8,0,0,0,10,0,0,0,6,0,0,0,1,0,75,4,56,7,2,3,2,60,4,4,0,1,1,2,1,1,4,0,1,0,1,0,0,1,2,26,0,1,1,0,2,0,0,0,0,0,0,0,0,1,0,0,0,0,0,0,0,0,0,1,0,0,3,0,0,0,1,0,0,0,1,5,1,0,0,0,0,0,0,1,0,0,0,1,0,0,1,0,0,0,0,0,0,4,1,5,0,0,16,0,0,0,0,0,1,0,0,2,1,1,0,0,6,0,10,0,0,0,0,0,0,0,0,0,0,0,0,0,0,10,0,0,0,0,0,0,0,0,0,0,0,0,0,0,0,0,0,1,0,0,0,0,0,2,0,0,0,0,0,0,0,0,0,1,2,0,0,0,0,0,0,0,0,17,0,2,0,0,63,0,0,0,0,16,0,0,13,0,1,0,37,2,0,1,0,0,0,0,0,0,1,2,0,0,0,0,0,0,0,0,0,0,0,0,0,0,2,0,0,0,0,0,0,1,0,0,0,0,1,0,10,0,0,49,0,0,3,2,6,5,0,9,9,0,0,40,0,1,0,4,1,0,0,0,0,1,0,37,0,3,4,0,0,1,0,0,0,1,0,0,0,0,0,0,0,0,1,0,0,1,5,0,0,1,0,0,0,1,1,0,33,2,0,0,0,0,0,0,0,0,0,0,0,0,0,0,0,0,0,0,0,0,0,0,0,0,0,0,0,0,0,0,0,0,0,0,0,0,3,0,0,0,0,0,0,0,0,0,3,2,0,0,0,0,0,0,0,0,0,0,0,0,1,4,1,1,0,3,3,2,17,0,1,0,11,4,0,0,0,2,0,0,0,1,0,1,2,0,0,0,10,0,2,0,0,0,1,0,0,0,0,0,0,0,0,24,0,1,0,12,0,4,1,0,0,1,0,0,0,0,0,0,0,1,0,0,0,0,0,0,0,0,0,0,0,0,0,0,0,0,0,0,0,0,0,0,0,0,1,1,0,0,0,0,0,0,0,0,0,0,0,0,0,0,0,0,0,0,0,0,0,0,0,0,0,2,0,1,0,1,1,0,2,0,0,0,0,0,1,0,3,0,0,0,0,13,0,2,0,0,1,0,0,0,25,3,0,0,0,16,0,1,0,0,0,0,0,3,0,2,0,0,0,1,2,0,96,3,2,1,5,1,0,27,0,48,0,0,2,0,0,71,56,2,3,0,0,1,0,0,16,0,0,0,0,0,0,0,1,0,0,1,0,0,0,0,0,0,1,0,0,0,0,0,0,0,1,3,0,2,0,0,0,0,0,10,5,0,0,1,1,0,0,0,0,0,0,0,0,0,0,0,0,0,2,0,0,0,0,0,0,0,0,0,0,0,0,3,0,1,0,0,35,7,3,8,2,1,0,0,0,1,0,0,1,3,8,2,21,1,2,1,0,0,0,9,0,0,0,0,0,0,0,1,0,109,3,2,5,0,3,2,5,0,4,0,0,2,1,0,0,2,0,1,0,0,0,1,0,3,0,0,0,0,0,3,0,7,0,0,0,10,0,0,1,0,0,0,0,0,0,10,0,0,0,9,0,0,0,0,0,0,4,1,0,0,0,1,0,0,0,3,6,2,0,0,8,24,0,0,1,0,0,27,0,1,0,0,0,0,0,0,3,1,0,0,0,0,0
174,1260,ESCOLA MUNICIPAL PROF CARMEN SALOMAO TEIXEIRA,RUA PEDRINA ACCORDES COSTA  200,GANCHINHO,-25.57234339,-49.25933741,72,0,1582,1139,122,52,0,1,1,5,15,1,1,0,0,5,0,10,0,0,0,0,1,0,0,0,0,2,7,3,0,0,7,1,0,0,0,0,2,0,0,0,0,0,0,0,0,1,0,0,0,13,0,0,0,0,0,0,2,0,0,0,1,13,0,0,0,0,0,1,0,0,3,0,0,2,2,2,38,0,0,0,0,0,0,0,3,0,0,0,0,0,4,0,0,0,0,0,0,0,15,0,0,0,0,0,0,3,0,0,0,2,0,30,20,0,0,0,0,0,0,0,0,0,0,0,0,0,0,0,0,0,3,0,0,0,0,0,6,0,0,0,0,0,0,0,0,0,64,0,1,0,0,0,2,0,0,0,1,0,0,4,0,0,12,0,0,0,2,0,0,0,2,0,0,1,0,0,15,0,15,2,1,0,0,22,1,2,1,0,0,0,0,0,11,0,0,0,0,1,0,0,0,12,0,0,1,0,0,0,0,0,0,2,0,0,0,0,0,0,0,0,0,0,0,0,0,2,0,0,1,0,0,0,0,0,0,0,0,0,0,0,0,0,0,0,0,3,0,0,0,0,0,3,0,0,0,0,0,0,0,0,0,0,0,0,12,0,0,0,1,0,0,0,0,0,0,0,0,0,3,0,3,0,0,0,0,0,0,0,0,0,0,0,0,0,0,0,0,0,0,0,0,0,0,0,0,0,2,0,0,1,0,0,0,0,0,0,0,0,0,0,0,0,4,0,0,0,0,0,0,0,0,0,1,0,0,0,0,0,0,2,0,0,0,0,13,0,0,1,0,1,0,0,1,1,0,0,2,1,0,1,0,0,0,0,0,0,0,0,0,0,0,0,0,0,0,0,0,0,0,0,0,0,0,0,0,0,0,0,0,0,0,0,0,0,2,0,4,0,0,19,0,0,1,0,5,1,0,3,1,0,0,41,0,0,0,0,0,0,0,0,0,0,0,8,0,0,0,0,0,0,0,0,0,1,1,0,0,0,1,0,0,0,0,0,0,0,0,0,0,0,0,0,0,0,0,0,8,1,0,0,0,0,0,0,0,0,0,0,0,0,0,0,0,0,0,0,0,0,0,0,0,0,0,0,0,0,0,0,0,0,0,0,0,0,0,0,0,0,0,0,0,0,0,0,1,0,0,0,0,0,0,0,0,0,0,0,0,0,0,0,0,0,0,0,1,2,6,0,0,0,1,0,0,0,0,0,0,0,0,0,0,0,0,0,0,0,4,0,0,0,0,0,0,1,0,0,0,0,0,0,0,13,0,0,0,0,0,0,0,0,0,0,0,0,0,0,0,0,0,0,0,0,0,0,0,0,0,0,0,0,0,0,0,0,2,0,0,0,0,0,0,0,0,0,0,0,0,1,1,0,0,0,0,0,0,0,0,0,0,0,0,0,2,0,0,0,1,2,0,0,0,3,0,0,0,0,1,0,0,0,0,1,0,0,0,0,0,0,1,4,0,0,0,1,0,0,0,0,0,0,0,0,0,0,0,3,0,0,0,0,0,0,0,7,0,1,0,1,0,2,1,0,49,0,0,0,0,1,0,8,0,15,0,0,1,0,0,30,33,0,2,0,0,0,0,0,11,0,0,1,0,1,0,1,0,0,0,0,0,0,0,0,0,2,0,2,0,0,0,0,0,0,0,0,0,1,0,0,0,0,0,0,0,0,0,2,0,0,0,0,0,0,0,0,0,0,0,0,0,0,1,0,0,0,0,0,1,1,0,0,0,0,0,0,0,0,0,0,10,2,2,0,0,0,0,0,0,0,0,0,0,4,2,2,6,1,0,0,0,0,0,2,0,0,1,0,0,0,0,0,1,83,0,0,4,0,0,1,1,0,2,1,0,1,0,0,0,0,0,2,0,0,0,0,1,0,0,0,0,0,1,0,0,0,0,0,0,1,0,0,0,0,0,0,0,0,0,10,0,0,0,7,0,0,0,0,0,0,0,0,0,0,0,0,0,0,0,0,0,0,0,0,3,10,0,0,0,0,0,14,0,0,0,0,0,0,0,0,2,3,0,0,0,1,0
174,1279,ESCOLA SEBASTIAO PARANA,"RUA MAJOR FABRICIANO REGO BARROS, 1152",HAUER,-25.47596049,-49.25611279,38,0,1472,1248,65,60,0,1,1,4,27,2,2,0,0,5,0,21,0,1,0,0,8,1,0,0,1,1,4,3,0,0,7,0,1,1,0,16,0,0,0,0,0,0,2,0,4,3,0,0,0,10,1,0,3,0,0,0,1,5,0,0,0,5,0,0,0,0,2,5,0,0,1,0,0,1,0,1,32,0,0,0,0,1,0,0,0,0,0,0,0,0,8,0,0,0,1,0,0,0,0,0,0,0,0,3,0,7,0,0,0,0,0,12,9,4,0,0,0,0,0,0,0,0,0,0,4,2,0,0,0,0,3,0,5,2,1,0,32,0,0,0,0,1,0,0,0,0,1,0,1,0,0,0,0,0,0,0,0,0,0,1,2,0,3,1,0,0,5,0,0,0,2,0,0,0,0,0,22,0,19,1,1,0,0,21,2,2,0,0,4,0,0,1,1,0,1,0,0,0,0,1,1,14,0,0,0,0,0,0,0,0,0,0,0,0,0,0,1,0,0,0,0,0,0,0,0,2,0,0,3,0,0,0,1,0,0,0,0,0,0,0,0,0,0,0,0,0,1,1,0,1,0,0,0,0,0,0,0,0,0,2,0,2,0,0,3,0,0,0,0,0,0,0,0,0,0,0,0,0,0,0,1,0,0,0,0,0,0,0,2,0,0,0,0,0,0,2,0,0,0,0,0,0,0,1,0,0,0,0,0,0,0,0,0,0,0,0,0,0,0,4,0,0,0,0,0,0,0,1,0,0,0,0,1,0,0,0,1,0,0,14,0,0,0,0,27,0,0,0,0,8,0,0,7,0,0,0,32,6,0,0,0,0,0,1,0,0,0,0,0,0,0,0,0,0,0,0,0,0,0,0,0,0,0,0,0,0,0,0,0,0,0,1,0,0,0,0,16,1,0,21,1,0,2,1,4,7,0,5,3,0,0,22,1,0,0,2,0,0,0,0,0,0,1,11,0,0,1,0,0,0,0,0,1,0,0,0,0,0,0,0,1,0,0,0,0,0,2,0,0,1,0,0,5,0,0,0,14,0,0,0,3,0,0,0,0,0,0,0,0,0,0,0,0,0,0,0,0,0,0,0,0,0,0,0,0,0,0,1,0,0,0,0,0,0,1,0,0,0,0,0,0,0,0,0,0,0,0,0,0,0,0,0,0,0,0,0,0,0,1,0,0,0,2,3,1,2,17,0,0,0,6,0,0,0,0,0,0,0,0,0,0,0,0,0,0,0,7,0,0,0,0,0,0,0,0,0,0,0,0,0,0,1,0,0,0,4,0,0,5,0,0,0,0,0,0,0,0,0,0,1,0,0,0,0,0,0,0,0,0,0,0,0,0,0,0,0,0,0,0,0,1,0,0,0,0,0,0,0,0,0,0,0,0,0,0,0,0,0,0,0,0,0,2,0,0,0,1,0,0,0,0,0,0,0,0,0,5,0,0,0,0,0,0,0,0,1,1,0,0,0,0,2,0,1,0,0,0,0,0,0,3,3,1,0,0,18,0,0,0,0,0,0,0,3,0,1,0,0,0,3,2,0,42,0,3,0,1,0,0,13,0,22,0,0,0,0,0,32,36,0,0,0,0,2,0,0,13,0,0,0,0,0,0,0,1,0,0,0,0,0,0,0,0,0,0,0,0,0,0,0,0,0,0,0,0,0,0,1,0,0,0,3,0,0,1,0,0,1,0,0,0,0,0,0,0,0,0,0,0,0,0,0,0,0,0,0,0,1,0,0,0,0,0,0,0,0,0,0,16,4,0,0,0,1,0,0,7,0,0,0,1,2,2,0,4,1,1,0,0,0,0,0,0,0,0,0,0,0,0,0,0,86,0,2,4,0,1,0,5,0,2,1,2,0,0,0,0,0,0,1,0,0,0,0,0,0,0,0,0,0,0,1,0,0,0,0,0,10,0,3,0,0,0,0,0,0,0,7,0,0,0,0,0,0,0,0,0,1,1,0,0,0,0,0,0,0,0,0,1,0,0,0,3,16,0,0,0,0,0,27,0,0,0,1,0,0,0,0,0,0,0,0,0,0,0
174,1287,COLEGIO ESTADUAL SEGISMUNDO FALARZ,"RUA ISAIAS REGIS DE MIRANDA, 848",HAUER,-25.48042572,-49.253726,38,0,3703,2979,195,129,0,3,1,5,55,2,4,0,1,15,2,34,1,0,0,1,15,0,0,3,3,3,18,4,2,1,19,0,0,3,0,40,0,0,0,1,0,4,5,0,7,3,0,3,0,29,0,0,1,0,0,0,1,11,0,0,4,17,0,0,0,0,3,8,0,0,0,0,0,1,1,4,81,0,0,2,0,7,0,0,0,0,1,0,1,0,33,0,0,0,0,0,0,0,4,0,0,0,0,12,0,15,1,1,0,7,0,22,40,1,0,0,0,0,0,0,0,2,0,1,4,2,0,0,0,0,2,0,0,0,1,1,56,0,0,0,1,0,0,0,1,1,6,0,0,0,0,0,2,3,0,0,0,0,1,3,6,0,23,0,0,0,12,0,0,0,1,1,0,0,0,1,67,1,45,9,1,1,1,39,3,7,0,1,0,1,0,1,1,0,0,0,1,6,0,0,1,47,0,1,0,0,0,1,0,0,3,0,0,0,0,0,0,0,0,0,1,0,0,0,0,9,0,1,3,0,0,0,3,0,0,0,1,0,2,0,2,0,0,0,0,4,0,1,0,0,0,0,0,0,0,0,1,0,0,0,1,0,0,0,8,0,0,1,0,0,1,0,1,1,0,0,0,0,0,0,10,0,0,0,1,0,0,0,2,0,0,0,0,2,0,3,0,0,0,0,0,0,1,3,0,0,0,0,1,0,1,0,0,0,0,0,0,0,0,1,0,0,0,2,0,0,0,0,0,0,0,0,0,0,0,0,1,1,1,16,0,2,0,0,61,0,0,0,0,11,0,0,4,1,0,0,62,8,0,1,0,0,0,0,0,0,1,0,0,0,0,0,0,0,0,0,0,0,0,0,0,0,0,0,0,0,0,0,0,0,0,0,0,0,3,3,19,0,0,51,0,1,3,8,20,8,0,0,11,0,0,82,3,1,1,3,0,0,0,0,1,2,0,33,2,0,5,0,1,1,0,0,5,0,0,0,4,1,0,0,0,0,1,0,0,0,5,0,0,1,0,0,2,0,0,0,19,2,0,0,3,0,0,0,0,0,0,0,0,0,0,0,0,0,0,0,0,3,0,0,6,0,0,0,0,0,0,3,0,0,0,0,0,0,2,0,0,1,0,0,0,0,0,0,0,0,0,0,0,0,0,0,0,0,0,0,0,1,0,3,1,6,1,5,0,1,30,0,5,0,18,2,0,0,0,1,0,0,0,0,0,0,0,0,1,2,12,0,0,0,0,0,0,0,0,1,0,0,0,0,0,16,0,4,0,6,0,0,5,0,0,0,0,0,0,0,2,0,1,0,0,0,0,0,0,0,1,0,0,0,0,0,0,1,3,2,1,0,0,0,1,0,0,0,0,0,0,0,0,0,0,0,0,0,0,0,0,0,0,0,0,0,2,0,0,0,0,0,0,1,0,1,0,6,0,0,4,0,0,0,0,0,0,0,0,4,2,0,1,1,0,2,0,0,0,0,0,0,0,0,9,8,1,2,0,29,0,0,1,0,0,0,0,3,1,3,0,0,1,7,10,0,93,0,1,1,3,3,0,9,0,52,0,3,1,0,0,69,133,2,2,0,0,0,0,0,23,0,0,0,0,0,0,0,5,4,0,2,0,0,0,0,0,2,1,5,0,0,2,0,1,0,2,2,0,2,0,0,0,0,0,7,5,0,0,1,0,0,0,0,0,0,0,0,0,0,0,0,0,0,2,0,0,0,0,0,0,0,0,0,0,0,0,0,0,0,0,0,44,10,5,3,2,0,0,2,7,0,0,0,1,2,9,5,16,3,0,2,0,1,0,4,0,0,0,0,1,1,0,0,3,163,9,6,7,0,4,0,6,0,2,0,2,2,0,0,0,0,0,3,0,0,0,0,2,3,1,1,0,0,0,2,0,5,0,0,0,11,0,2,1,0,3,0,0,0,0,11,0,0,0,6,0,0,0,0,0,1,0,0,0,0,0,0,0,0,1,0,0,0,0,0,7,37,0,2,0,0,0,65,0,0,0,0,0,0,0,0,3,0,0,0,0,3,0
174,1295,ESCOLA MUNICIPAL PROFESSOR GUILHERME BUTLER,RUA IRMA FLAVIA BORLET 1189,HAUER,-25.48975805,-49.25758744,56,0,1512,1284,79,68,0,0,5,2,20,0,0,0,0,6,1,11,0,0,0,0,7,0,0,2,1,0,10,3,2,0,7,0,0,0,0,11,0,0,0,0,0,0,0,0,4,4,0,1,1,19,1,0,1,0,0,0,1,10,0,0,2,5,0,2,2,0,0,7,0,0,0,0,0,0,0,2,31,0,0,0,0,8,0,0,0,0,0,1,0,0,9,0,0,1,0,0,0,0,2,1,0,0,0,3,0,6,0,0,0,0,0,9,15,0,0,0,0,0,0,0,0,0,0,0,0,2,0,0,0,0,0,0,3,1,0,0,28,0,0,0,0,0,0,0,0,0,1,0,0,0,0,0,0,1,0,0,0,0,0,0,2,0,7,0,0,0,7,0,0,0,0,1,0,0,0,0,22,3,19,0,0,0,0,23,0,1,0,1,1,0,0,0,0,0,0,0,1,0,0,0,0,19,0,0,0,0,0,0,0,0,0,0,0,0,0,0,0,0,0,0,0,0,0,0,0,0,0,0,0,0,0,0,0,0,0,0,0,0,0,0,0,0,1,0,0,2,0,1,0,0,1,1,0,0,0,0,0,0,0,0,0,0,0,0,14,0,0,0,0,0,0,0,0,0,0,0,0,0,1,1,1,0,0,0,0,0,0,0,0,1,0,0,0,0,0,5,0,0,0,0,0,0,0,0,0,0,0,0,0,0,0,0,0,0,0,0,0,0,0,0,0,0,0,0,0,1,0,0,0,0,0,1,1,0,0,0,0,0,1,17,0,0,0,0,21,0,0,0,0,4,0,0,1,0,0,0,20,3,0,1,0,0,0,0,0,0,0,0,0,0,0,0,0,0,0,0,0,0,0,0,0,0,1,0,0,0,0,0,0,0,0,0,0,0,0,1,4,0,0,13,0,0,4,1,7,3,0,3,1,0,0,29,0,0,0,4,0,1,0,0,0,2,0,15,0,0,0,1,0,2,0,0,0,0,1,0,1,0,0,0,0,0,0,0,0,0,2,0,0,0,0,0,0,1,0,0,15,0,0,0,5,0,3,0,0,0,0,0,0,0,0,0,0,1,0,0,0,0,0,0,3,0,1,0,0,0,0,0,0,0,0,0,0,0,2,0,0,0,0,0,0,0,0,0,0,0,0,0,0,0,0,0,0,0,0,0,0,0,0,0,0,0,0,1,3,0,27,0,3,0,2,0,0,0,0,0,0,0,0,0,0,1,0,0,0,0,9,0,0,0,0,0,0,0,0,0,0,1,0,0,0,9,0,5,0,8,0,0,2,0,0,0,0,0,0,0,0,0,0,0,0,0,0,0,0,0,0,0,0,0,0,0,0,0,0,0,0,0,0,0,1,0,0,0,0,0,0,0,0,0,1,0,0,0,0,0,0,0,0,0,0,0,1,0,0,0,0,0,1,0,0,0,0,2,0,0,2,0,0,0,0,0,0,0,0,0,0,0,0,0,0,0,0,1,0,0,0,0,0,0,5,4,0,0,0,12,0,0,0,0,0,0,1,2,0,1,0,0,0,3,3,0,44,0,0,0,0,0,0,8,0,15,0,0,2,0,0,24,57,1,0,0,0,0,0,0,9,0,0,0,0,0,0,1,0,0,0,1,0,0,0,0,0,0,2,0,0,0,0,0,0,0,0,0,0,1,0,0,0,0,0,4,0,0,0,0,0,0,0,0,0,0,0,0,0,0,0,0,0,0,0,0,0,0,0,0,0,0,0,0,0,0,0,0,0,0,0,0,43,3,3,0,6,0,0,0,1,0,2,0,0,6,1,2,4,2,0,2,0,0,0,4,1,0,0,0,0,0,0,0,0,77,0,3,1,0,1,1,5,0,0,0,2,0,0,2,0,0,0,0,0,0,0,0,1,3,0,0,0,0,0,0,0,1,0,0,1,9,0,0,0,0,0,0,0,0,0,10,0,0,0,3,0,0,0,0,0,0,0,2,0,0,0,0,0,0,0,0,0,0,0,0,3,18,0,0,0,0,0,23,0,0,0,0,0,0,0,0,1,0,1,0,0,3,0
174,1309,ESCOLA ESTADUAL MILTON CARNEIRO,"RUA NELSO JOSÉ LAUTHART, 301",ALTO BOQUEIRAO,-25.5370888,-49.2384749,64,0,4610,3629,417,215,0,1,9,7,60,3,9,0,2,13,1,30,4,1,0,0,7,0,2,0,6,4,28,12,0,0,14,0,1,1,0,19,0,0,0,0,0,0,2,1,5,1,0,4,0,37,1,0,0,0,0,0,1,1,0,0,4,25,1,0,0,0,1,6,1,0,0,0,0,0,0,1,130,0,0,0,0,1,0,0,0,0,0,0,0,0,8,0,0,0,0,0,1,0,15,0,0,0,1,3,1,4,0,1,1,2,0,40,28,0,0,0,0,0,0,0,0,0,0,1,3,1,3,0,0,1,60,0,0,0,0,0,47,0,0,1,0,1,0,1,0,1,38,0,4,0,1,0,4,1,0,1,0,2,0,5,3,0,36,1,0,1,16,0,0,0,7,3,2,0,0,0,52,4,58,10,4,3,0,55,4,1,1,1,1,1,0,1,7,0,0,0,0,1,1,1,0,46,0,1,0,0,1,0,0,1,0,0,0,0,0,0,0,0,0,0,6,0,0,0,0,2,0,0,1,0,0,0,1,0,0,0,0,0,0,0,4,0,0,0,0,1,0,0,0,4,0,3,0,0,1,0,0,0,0,1,2,0,0,0,28,0,0,1,1,0,0,0,1,1,8,2,0,0,0,0,14,0,2,0,0,0,0,0,3,0,0,0,0,0,0,6,0,0,0,0,0,0,0,1,0,0,1,0,0,0,11,0,0,0,0,0,0,0,0,0,0,0,2,0,0,0,0,0,0,0,2,0,4,0,0,0,0,14,0,14,5,0,0,0,35,0,2,3,0,6,0,0,22,0,0,0,21,2,0,0,0,0,0,0,1,0,0,0,0,0,0,0,0,0,1,0,0,0,2,0,0,0,0,0,0,0,0,0,0,2,0,0,0,0,0,0,13,1,1,36,0,0,15,0,30,4,0,4,1,0,1,105,1,0,0,1,0,0,0,0,0,2,0,55,0,1,0,0,0,0,0,0,0,0,0,0,2,1,0,1,0,4,0,0,0,0,5,0,1,0,0,1,1,0,0,0,19,0,0,0,3,0,1,0,0,0,0,0,0,0,0,0,0,0,1,0,0,0,0,0,1,0,1,0,0,0,0,0,5,0,0,0,0,1,2,0,0,0,0,0,0,0,0,0,0,0,0,0,0,0,0,0,0,0,0,0,1,0,0,2,0,2,0,1,2,2,22,0,0,1,13,2,0,0,0,2,0,0,0,0,0,0,0,2,0,0,7,0,23,0,0,0,0,3,0,0,0,0,1,0,1,28,0,3,0,15,0,0,4,0,0,0,0,0,0,0,1,0,0,0,0,0,0,0,0,0,2,0,0,0,0,0,0,0,0,0,0,0,1,0,1,1,1,0,0,0,0,0,0,0,0,0,0,0,0,2,0,0,0,0,0,0,0,0,0,0,1,0,7,3,0,3,0,7,0,0,4,0,14,0,1,0,0,0,0,0,1,0,6,0,0,0,0,1,0,3,0,0,2,0,8,4,1,0,0,0,0,0,0,0,0,0,1,9,0,18,0,0,0,6,9,0,274,0,0,0,0,4,0,24,1,49,0,0,0,0,0,80,86,3,2,1,0,0,1,0,15,0,0,0,1,0,0,0,2,0,0,1,0,0,0,0,0,2,0,2,0,0,0,0,0,0,0,0,1,0,0,0,1,0,0,2,2,4,0,0,0,0,0,0,0,0,0,0,0,0,0,0,1,0,2,0,0,0,0,0,1,1,0,0,1,0,0,0,0,0,1,0,40,10,12,5,8,0,0,0,0,2,0,0,5,5,8,3,34,4,1,0,0,0,0,5,0,0,7,0,0,0,0,0,2,87,3,2,2,0,3,4,3,0,3,1,7,2,0,0,0,0,0,4,0,0,0,1,5,0,0,0,0,0,0,6,0,5,0,0,0,5,0,0,2,0,0,0,4,0,0,81,0,0,0,12,1,0,0,0,0,0,0,0,1,3,0,0,0,0,0,3,9,2,0,0,8,38,0,0,0,3,0,52,0,0,0,0,0,0,0,0,10,3,0,0,0,24,0
174,1317,CEI PROFESSORA MARIA AUGUSTA JOUVE,"RUA PASTOR ANTONIO POLITO, 1145",ALTO BOQUEIRAO,-25.52430893,-49.23358273,64,0,4175,3281,290,162,0,4,9,13,65,1,6,0,0,18,0,20,3,0,0,0,8,0,1,0,4,7,21,1,2,0,12,3,0,4,1,18,0,0,0,1,0,0,4,1,8,5,0,1,0,50,1,1,0,0,4,0,1,5,0,0,1,19,0,6,1,0,2,1,1,0,1,0,0,0,1,2,104,0,0,0,0,0,0,2,0,0,1,1,0,0,15,0,1,0,0,0,0,0,12,0,0,0,0,6,1,11,1,1,0,0,0,27,28,0,0,0,0,0,1,0,2,0,0,0,2,4,0,0,0,0,15,0,0,0,0,2,78,0,1,0,1,0,0,0,0,0,16,1,0,0,2,3,4,0,0,0,0,0,0,9,1,0,14,0,1,0,16,0,1,1,5,0,1,1,0,0,57,3,58,3,2,1,1,81,5,4,0,1,0,0,0,4,4,0,1,2,0,1,0,1,1,47,0,0,1,0,2,0,0,1,0,1,0,0,0,0,0,0,0,0,0,0,0,0,0,5,0,0,5,0,0,0,1,0,0,0,0,0,0,0,2,1,0,0,0,5,0,0,0,0,0,3,0,0,0,1,0,0,0,0,2,0,0,0,42,0,0,1,0,0,1,0,0,3,59,2,0,0,6,1,4,0,4,0,0,0,0,0,2,0,0,0,0,0,0,12,0,0,0,0,0,0,0,1,1,0,2,0,0,0,1,0,0,0,0,0,3,0,0,9,0,0,0,0,0,1,1,0,0,0,3,0,0,0,0,0,2,68,0,22,0,0,0,0,39,0,0,0,0,8,0,0,9,0,0,0,31,7,0,1,0,0,0,1,0,0,0,0,0,0,0,0,1,0,0,0,0,2,1,0,0,0,0,0,0,0,0,0,0,1,0,0,0,0,4,4,18,0,0,57,0,0,7,0,19,2,0,6,4,0,0,89,2,0,0,2,2,0,0,0,1,1,0,37,1,19,1,0,0,0,0,0,0,0,2,0,0,0,1,0,0,2,1,0,0,1,0,0,0,1,0,0,0,0,0,0,31,0,0,0,8,0,1,1,0,0,0,1,0,0,0,0,0,0,0,0,3,0,0,0,1,0,0,0,0,0,1,0,0,0,0,0,0,3,0,0,0,0,0,0,0,0,0,3,0,0,0,0,0,0,0,0,0,0,0,0,0,1,1,4,0,1,1,1,4,0,23,0,3,1,15,0,0,0,0,1,0,0,0,0,0,3,0,0,0,0,7,0,7,1,0,0,2,4,0,0,1,0,2,0,0,15,0,2,0,27,0,3,1,0,2,0,0,0,0,0,0,0,0,0,0,0,0,0,0,0,0,0,0,0,0,0,0,0,0,0,0,0,0,0,1,0,0,0,0,0,0,1,0,0,5,0,0,0,0,0,0,0,0,0,0,0,1,0,0,0,0,0,0,4,3,0,0,4,1,0,0,0,0,0,0,0,0,0,0,0,1,0,0,1,0,1,0,0,0,0,0,0,0,0,13,1,4,0,0,8,0,0,0,1,0,0,0,0,0,2,0,1,0,8,8,2,195,0,0,0,1,1,0,29,0,62,1,1,0,0,1,85,93,1,0,1,0,1,0,0,9,0,0,0,0,0,0,4,3,0,0,1,0,0,0,0,0,12,0,0,0,0,1,0,8,0,0,4,1,0,0,0,0,0,0,2,2,0,0,0,0,1,0,0,0,0,0,0,0,0,0,0,0,0,2,0,0,1,1,0,0,1,0,0,0,0,0,0,0,0,0,2,21,5,2,8,4,0,0,0,3,1,0,0,2,12,5,0,19,1,0,1,0,0,0,3,2,0,1,0,0,0,0,0,4,102,1,5,3,0,3,1,7,1,0,0,2,0,0,2,0,0,0,1,0,0,0,0,2,4,0,0,0,0,1,0,1,5,0,0,1,3,0,0,0,0,2,1,1,2,0,34,0,0,0,15,0,0,0,0,1,0,0,0,1,0,0,0,0,0,0,0,8,1,0,0,7,19,0,0,0,0,0,31,0,0,0,0,0,0,0,0,8,0,0,0,0,1,0
174,1333,COLEGIO ESTADUAL SANTO AGOSTINHO,"RUA CASCAVEL, 1610",BOQUEIRAO,-25.51474133,-49.2465292,56,0,4415,3608,289,181,0,2,5,4,54,2,1,0,0,5,2,39,1,0,0,0,10,0,3,1,3,1,19,4,2,1,16,1,1,0,1,40,0,0,0,0,0,0,10,1,5,5,0,5,0,29,3,1,0,0,0,0,6,8,0,0,0,12,0,3,0,0,0,4,0,0,1,1,1,0,0,8,108,0,0,0,0,2,1,0,0,0,0,3,0,0,25,0,0,0,0,0,1,0,9,0,0,3,0,11,0,21,0,1,0,5,0,28,17,0,0,0,0,0,0,0,0,2,0,2,4,5,0,0,1,0,9,0,0,2,1,3,107,0,0,0,1,1,0,0,0,6,20,2,5,0,1,0,0,2,0,1,0,0,1,5,6,0,16,0,0,2,22,0,0,1,3,2,1,2,0,2,94,1,69,5,1,0,0,79,11,4,0,2,1,0,3,3,8,0,0,1,1,0,1,3,0,35,0,1,0,1,4,0,0,0,0,1,0,0,1,0,0,0,0,0,2,1,0,0,0,8,0,0,3,0,0,0,1,0,0,0,0,2,1,0,1,0,0,0,0,0,0,0,0,1,2,1,0,0,0,0,0,0,0,0,0,0,0,0,16,0,0,0,0,0,0,0,0,0,2,2,0,0,3,0,10,0,0,0,1,0,0,0,1,0,0,0,0,0,0,8,0,0,0,0,0,0,0,0,0,0,0,0,0,0,2,0,0,0,0,0,0,0,0,2,0,2,0,0,0,0,0,0,0,2,0,0,1,0,0,0,0,1,0,33,3,0,0,0,74,0,0,0,1,19,0,0,12,0,0,0,51,5,0,3,0,0,0,1,1,0,0,0,0,0,0,0,0,1,0,0,0,0,0,0,0,0,0,0,0,0,0,0,0,1,0,0,0,0,2,2,14,0,0,63,1,0,2,3,20,4,0,5,3,0,0,87,0,0,0,12,1,0,0,0,0,0,0,43,3,5,4,0,2,0,1,0,0,3,0,0,1,2,2,0,3,3,0,0,0,0,4,0,0,1,0,0,0,0,0,0,36,0,0,0,5,0,0,0,0,0,0,0,0,0,0,0,2,1,0,0,1,0,0,0,3,0,0,0,0,0,0,1,0,0,1,0,0,0,2,0,0,0,1,0,0,0,0,0,2,0,0,0,0,0,0,1,0,0,6,0,0,0,0,7,0,3,4,5,3,0,29,0,4,0,19,0,0,0,0,0,0,0,1,0,0,0,0,1,0,0,10,2,2,0,0,0,0,1,1,0,0,0,0,0,2,32,1,1,0,23,1,2,5,0,3,1,0,0,0,0,0,0,1,3,0,0,0,0,0,1,1,0,0,0,0,0,0,0,0,0,0,0,0,0,0,0,0,0,0,0,0,2,0,0,0,0,0,0,0,0,0,0,0,0,0,0,3,0,0,0,3,0,2,3,0,0,0,4,1,1,2,0,4,0,0,0,1,0,0,0,6,0,1,0,0,2,1,5,0,0,0,0,0,0,20,3,0,3,3,15,0,1,2,1,1,0,2,2,1,7,0,0,5,7,8,4,137,1,3,0,5,5,0,38,4,53,0,2,2,1,0,105,93,0,2,0,0,1,0,0,22,0,0,0,0,0,1,0,7,2,0,0,0,1,0,0,0,1,2,0,0,0,0,0,0,0,0,1,0,1,2,0,0,2,1,4,0,0,0,1,0,0,0,0,0,0,0,0,0,0,0,0,0,0,0,0,0,0,0,0,0,4,0,0,0,0,0,0,0,0,1,0,45,7,3,8,4,0,0,2,8,1,0,0,1,2,12,3,20,5,0,0,0,0,0,13,0,0,2,0,2,0,0,0,0,176,2,4,7,0,5,4,7,0,5,0,7,10,3,0,0,1,1,0,0,1,0,0,3,5,0,1,0,0,0,6,0,3,0,0,4,11,0,2,1,0,0,1,0,0,0,23,0,0,0,14,1,0,0,0,0,0,1,0,0,0,0,1,0,0,0,0,16,1,0,0,7,40,1,0,0,0,0,46,0,0,0,0,0,0,0,0,7,5,0,0,0,4,0
174,1341,COLÉGIO NOSSA SENHORA DA ASSUNCAO,"RUA DR. ALCIDES VIEIRA ARCOVERDE, 620",GUABIROTUBA,-25.46015929,-49.24060575,23,0,3414,2905,127,86,0,2,4,8,37,0,2,1,2,9,0,34,0,1,0,0,43,0,0,0,2,2,10,2,7,0,11,0,0,0,0,18,2,0,1,0,0,0,2,0,11,0,0,1,0,20,3,0,1,0,0,0,1,9,0,0,2,6,1,3,1,0,0,11,0,0,0,0,0,0,0,0,35,0,0,0,0,8,0,1,0,3,0,3,0,0,23,0,0,0,0,2,0,0,6,0,0,0,0,10,0,23,0,0,1,1,0,16,21,0,0,0,0,0,0,0,0,0,0,0,5,1,1,0,0,0,2,0,4,0,0,3,147,0,0,0,0,0,0,0,1,1,2,0,1,0,0,0,0,1,0,0,2,0,0,3,7,0,12,2,0,0,14,0,0,0,3,2,0,0,0,0,74,2,39,4,1,2,0,38,5,2,0,0,1,1,0,1,0,0,0,0,2,0,1,0,1,36,0,2,0,0,2,0,0,0,0,2,0,0,1,0,0,0,0,0,0,1,2,0,0,3,0,0,1,0,0,0,3,0,0,0,0,2,1,0,1,0,0,0,0,3,0,5,0,1,4,1,4,0,0,0,0,0,0,0,0,3,0,0,10,0,0,0,0,0,0,0,0,1,1,4,0,1,3,2,12,0,0,0,0,0,0,0,0,0,0,0,0,0,0,1,0,0,0,0,0,0,0,1,0,0,0,0,1,0,1,1,0,0,0,0,0,0,0,0,0,0,0,0,0,0,1,0,0,1,1,0,3,0,0,0,0,0,0,67,0,0,0,0,66,0,0,0,0,14,2,0,7,1,0,0,89,4,3,5,0,0,0,1,0,0,0,0,0,0,0,0,0,0,0,0,0,2,0,0,0,0,0,0,0,0,0,0,0,0,0,0,0,0,6,5,32,0,0,103,0,0,9,3,14,21,0,6,6,0,0,40,0,0,0,2,1,0,0,0,0,2,3,19,1,3,4,1,1,2,0,0,1,0,5,0,1,0,2,0,0,0,0,0,0,0,13,1,1,6,0,0,0,4,0,0,37,0,0,0,13,1,0,0,0,0,1,0,0,0,0,0,0,1,0,0,0,0,0,0,5,0,0,0,0,0,0,0,0,0,0,0,0,1,0,0,0,0,0,0,0,0,0,0,0,0,0,0,2,0,0,0,0,0,0,0,0,1,6,1,4,0,0,12,5,0,48,0,6,3,25,4,0,0,0,2,0,0,0,0,0,0,0,2,0,0,15,0,1,2,0,0,0,2,0,0,0,0,0,0,0,20,0,1,0,3,0,0,0,0,0,0,0,0,0,0,0,0,0,4,0,0,0,0,0,0,4,0,0,0,0,0,0,0,0,0,0,0,0,0,1,0,0,0,1,0,0,0,0,0,0,0,0,0,0,0,0,0,0,0,0,0,1,0,0,0,0,1,1,1,0,2,0,2,0,0,4,0,3,0,0,0,0,0,0,1,1,0,0,0,0,5,1,0,0,0,2,0,2,0,36,2,0,2,0,60,0,0,3,0,0,0,0,3,1,5,0,0,3,5,8,0,57,0,3,1,7,3,0,26,0,58,0,1,5,1,1,9,120,1,1,0,1,3,0,0,8,0,0,0,0,0,0,0,0,4,0,9,0,0,1,0,0,0,0,0,0,1,0,0,0,0,0,1,0,1,0,0,0,1,0,5,0,1,0,1,0,0,0,0,0,0,0,0,0,3,0,0,0,0,0,0,0,1,0,1,0,0,0,0,0,1,0,0,0,0,0,0,9,8,3,33,4,0,0,0,1,0,8,0,0,7,19,3,15,1,0,0,0,0,0,12,0,0,1,0,2,0,1,0,0,174,6,5,11,0,6,0,7,2,6,0,4,3,0,0,0,0,0,0,0,0,0,0,1,0,0,0,0,0,1,1,0,0,0,0,0,21,0,0,1,1,0,0,0,0,0,7,0,0,0,12,0,0,0,0,0,0,2,0,0,0,0,1,1,0,0,0,4,0,0,0,8,19,0,0,1,0,0,14,0,0,0,0,0,0,0,0,1,3,0,0,0,1,2
174,1350,CRECHE MUNICIPAL ARAUCARIA,"RUA ROBERTO BARBOSA DE ALMEIDA, 225",ALTO BOQUEIRAO,-25.52755062,-49.25362448,64,0,1222,1050,76,51,0,1,0,4,12,1,2,0,0,4,0,16,1,0,0,0,4,0,0,0,1,1,2,0,2,0,5,1,0,0,0,7,0,0,0,0,0,0,0,0,2,0,0,2,1,18,2,0,0,0,0,0,1,1,0,0,0,5,0,0,0,0,0,0,1,0,0,0,0,0,0,0,41,0,0,0,0,0,0,0,0,0,0,1,0,0,2,0,0,0,0,0,0,0,5,0,0,0,0,2,0,6,0,0,0,0,0,9,16,1,0,0,0,0,0,0,0,0,0,1,2,1,0,0,0,0,2,0,0,0,0,0,12,0,0,0,0,0,0,0,0,0,17,0,0,0,0,0,0,0,0,0,0,0,0,1,0,0,5,0,1,0,11,0,0,0,0,0,1,1,0,0,10,0,15,2,1,1,0,12,1,0,0,0,0,0,0,0,0,0,0,0,0,0,0,0,1,35,0,0,0,0,1,0,0,0,0,0,0,0,1,0,1,0,0,0,0,0,0,0,0,0,0,0,0,1,0,0,0,0,0,0,0,0,0,0,1,0,0,0,0,0,0,0,0,0,0,0,0,0,0,0,0,0,0,0,0,0,0,0,16,0,0,0,0,0,0,0,0,0,1,0,0,0,0,0,1,0,0,0,1,0,0,0,0,0,0,0,0,0,0,3,0,0,0,0,0,0,0,2,0,0,0,0,0,0,0,0,0,0,0,0,0,0,0,0,0,0,0,0,1,0,0,0,0,0,0,0,0,0,0,0,0,1,0,4,1,0,0,0,20,0,0,1,0,4,0,0,1,1,0,0,15,2,0,0,0,1,0,0,0,0,0,0,0,0,0,0,0,0,0,0,0,0,0,0,0,0,0,0,0,0,0,0,0,0,0,0,0,0,1,1,7,0,0,18,0,2,0,0,4,1,0,0,1,0,0,30,0,0,0,1,0,0,0,0,0,1,0,17,0,0,1,0,0,0,0,0,1,0,0,0,0,0,0,0,0,0,0,0,0,0,0,0,0,0,0,0,0,0,0,0,11,0,0,0,0,0,0,0,0,0,0,0,1,0,0,0,0,0,0,0,0,0,0,0,1,0,0,0,0,0,0,1,0,0,0,0,0,0,2,0,0,0,0,0,0,0,0,0,0,0,0,0,0,0,0,0,0,0,0,0,0,0,0,2,1,2,0,0,1,0,8,0,2,0,3,0,0,0,0,0,0,0,0,0,0,0,0,1,0,1,4,0,2,0,0,0,0,0,0,0,0,0,0,0,0,7,0,1,0,4,0,0,3,0,1,0,0,0,0,0,0,0,1,0,0,0,0,0,0,0,2,0,0,0,0,0,0,0,0,0,0,0,0,0,0,0,0,0,0,0,0,0,0,0,0,0,0,0,0,1,0,0,0,0,0,0,2,0,0,0,0,0,0,0,0,0,0,1,0,0,1,0,1,0,0,0,0,0,0,1,0,0,0,0,0,2,0,2,0,0,0,0,0,0,0,1,0,0,0,4,0,0,0,0,0,0,0,1,0,0,0,0,0,7,0,0,94,0,0,0,1,0,0,11,0,15,0,0,1,0,0,36,26,0,0,0,0,0,0,0,3,0,0,0,2,0,0,0,4,2,0,0,0,0,0,0,0,0,0,0,0,0,0,1,3,0,0,0,0,2,0,0,0,0,0,2,0,0,0,0,0,0,0,0,0,0,0,0,0,0,0,0,0,0,0,0,0,0,0,0,0,0,0,0,0,0,0,0,0,0,0,0,15,4,4,5,0,0,0,0,1,0,0,0,1,0,0,0,7,2,2,0,1,0,0,4,0,0,1,0,0,0,0,0,0,38,0,2,2,0,1,4,1,0,0,0,2,0,1,0,0,0,0,0,0,0,0,0,0,0,0,0,0,0,0,0,0,6,0,0,0,6,0,0,0,0,0,0,0,0,0,9,0,0,0,5,0,0,0,0,0,0,0,0,0,0,0,0,0,0,0,0,1,0,0,0,0,10,0,1,0,1,0,10,0,1,0,0,0,0,0,0,1,0,0,0,0,5,0
174,1368,CENTRO DE EDUCACAO INFANTIL COLMEIAS,"RUA JULIO CESAR RIBEIRO DE SOUZA, 1332",HAUER,-25.4820632,-49.2536578,38,0,1764,1443,92,59,0,0,5,2,17,2,2,0,0,4,1,18,1,0,0,0,5,0,2,0,4,1,13,1,4,0,7,0,0,0,0,12,1,0,0,0,0,2,1,0,5,2,0,4,0,13,1,2,1,0,0,0,0,13,0,0,1,1,0,1,1,0,1,9,0,0,0,0,0,0,0,0,42,0,1,0,0,2,0,0,0,0,0,0,0,0,14,1,0,0,0,0,1,0,0,0,0,0,0,2,0,6,0,0,0,1,0,7,16,1,0,0,0,0,0,0,2,0,0,1,0,3,0,0,0,1,0,0,2,0,0,1,48,0,0,0,1,0,0,0,1,1,3,0,1,0,1,0,0,1,0,0,0,0,0,1,6,0,11,0,1,2,6,1,0,0,0,2,0,0,0,0,39,2,25,7,1,0,0,25,1,11,0,0,0,0,0,0,1,0,0,0,1,0,0,1,0,27,0,0,0,0,0,0,0,0,0,0,0,0,2,0,0,0,0,0,0,0,0,0,0,0,0,1,1,0,0,0,6,0,0,0,0,0,0,0,0,0,0,0,0,0,0,0,0,0,0,0,0,1,0,0,0,1,0,0,0,0,0,0,6,0,0,0,0,0,0,0,0,0,0,0,1,0,2,1,5,0,0,0,0,0,0,0,1,0,0,0,0,1,0,3,0,0,0,0,0,0,1,1,0,0,0,0,0,0,0,0,0,0,0,0,0,0,0,1,0,0,0,0,0,0,0,0,0,0,0,0,1,0,0,0,0,0,0,10,0,0,0,0,16,0,0,0,0,10,0,0,3,0,0,0,37,6,0,0,0,0,0,0,0,0,0,0,0,0,0,0,0,0,0,0,0,0,0,0,0,0,0,0,0,0,0,0,0,1,0,0,0,0,0,0,6,0,0,32,0,0,0,0,9,3,0,3,6,1,1,29,1,1,0,0,0,0,0,0,0,3,0,10,1,0,1,0,0,0,0,0,0,0,0,0,4,1,0,0,0,0,0,0,0,0,3,0,0,0,0,0,0,0,0,0,9,0,0,0,1,0,0,0,0,0,1,0,0,0,0,0,0,0,0,0,0,0,0,0,3,0,2,0,0,0,0,0,0,0,0,0,0,0,2,0,0,0,0,0,0,0,0,0,0,0,0,0,0,0,0,0,0,0,0,0,0,0,7,1,0,0,1,1,0,0,20,0,2,1,5,0,0,0,0,0,0,0,0,0,0,0,0,0,0,0,7,1,1,0,0,0,0,0,0,0,0,0,0,0,0,5,0,1,0,5,0,0,2,0,0,0,0,0,0,0,0,0,0,1,0,0,0,0,0,0,0,0,0,0,0,0,0,0,0,0,0,0,0,0,0,0,0,0,0,0,0,0,0,0,0,0,0,0,0,0,0,0,1,0,0,0,2,0,0,0,0,0,1,0,0,0,0,2,0,0,2,0,0,0,0,0,0,0,0,0,1,0,0,0,0,0,0,1,0,0,0,0,0,0,6,10,0,0,0,19,0,0,0,0,0,0,0,2,2,2,0,0,0,9,2,1,32,1,1,0,0,2,0,9,1,19,0,0,0,0,0,33,46,1,1,0,1,0,0,0,13,0,0,0,0,0,0,0,0,0,0,4,0,0,0,0,0,0,0,0,0,0,0,0,0,0,1,2,1,0,0,0,0,0,0,3,0,0,0,0,0,0,0,0,0,0,0,0,0,0,0,0,0,0,0,0,0,0,0,1,0,2,0,0,0,1,0,0,0,0,0,0,11,7,2,2,0,0,0,0,0,0,1,0,0,0,6,1,10,3,2,0,0,0,0,2,0,0,0,0,0,0,0,0,0,116,0,0,6,0,1,0,3,0,2,1,4,1,0,0,0,0,1,0,0,1,0,0,0,2,0,0,0,0,0,2,0,2,0,0,0,4,0,0,0,0,0,0,0,0,0,4,0,0,0,1,0,0,0,0,0,0,0,2,0,0,0,0,0,0,0,0,1,0,0,0,3,7,0,0,2,2,0,25,0,0,0,0,0,0,0,0,2,4,0,0,1,2,0
174,1724,SESI BOQUEIRÃO,"RUA DR. HELENO DA SILVEIRA, 351",BOQUEIRAO,-25.51469634,-49.23439517,56,0,3281,2665,206,124,0,2,5,6,32,3,5,0,0,6,0,32,1,0,0,0,17,1,4,0,2,0,12,1,1,0,15,1,1,0,0,26,1,0,0,0,0,0,3,0,5,0,0,7,0,21,3,0,3,0,1,0,1,3,0,0,2,7,0,3,4,1,0,6,0,0,1,1,0,1,0,1,60,0,1,0,0,3,0,0,0,0,0,0,0,1,11,0,1,0,0,0,0,0,3,0,0,0,0,10,0,10,0,0,0,1,0,20,14,1,0,0,0,0,1,0,0,2,0,0,0,7,0,0,0,0,9,0,0,1,0,0,66,0,2,0,1,0,0,1,0,1,18,0,0,0,0,1,0,0,0,0,1,0,0,8,4,0,4,0,0,0,9,0,0,0,6,0,0,5,1,0,61,2,38,8,1,1,0,51,4,5,0,0,0,1,0,1,2,0,0,1,1,1,0,0,0,31,0,0,1,0,1,0,0,0,0,2,0,0,0,0,0,0,0,0,0,0,0,0,0,8,0,0,0,0,0,3,2,0,0,0,0,0,0,0,2,0,0,0,1,2,0,0,0,0,1,0,0,0,1,0,0,0,0,0,0,0,0,0,19,0,0,0,0,0,3,0,0,0,2,2,0,0,2,0,7,0,0,2,1,0,0,0,6,1,0,0,0,0,0,10,0,0,0,1,0,0,0,0,0,0,1,0,1,1,3,0,0,0,0,0,1,0,0,1,0,0,0,0,0,5,0,0,0,0,3,0,1,0,0,1,1,0,1,12,0,0,0,0,51,0,0,0,0,19,0,0,6,0,0,0,49,8,0,3,0,1,0,0,0,1,0,0,0,0,0,1,0,0,0,0,0,0,0,0,0,0,0,0,0,0,0,0,0,0,0,0,0,0,3,0,13,0,0,49,1,0,2,0,9,2,0,4,7,0,0,46,0,1,0,3,0,0,0,2,0,3,0,37,0,6,6,0,0,0,0,0,1,0,0,0,0,0,1,0,1,0,0,0,0,0,4,0,0,3,0,0,0,0,0,0,14,0,0,0,13,0,0,0,0,0,0,0,0,0,0,0,0,0,0,1,0,0,0,0,1,0,0,0,0,0,0,0,0,0,0,0,0,0,0,0,0,0,0,0,0,0,0,0,0,0,0,0,0,2,0,0,0,0,0,0,0,0,5,3,2,0,0,0,4,2,30,0,1,2,12,1,0,0,0,0,0,0,0,0,0,0,0,1,0,0,12,0,1,0,0,0,2,0,0,0,0,0,0,0,0,27,2,5,0,24,0,0,1,0,0,0,0,0,0,1,1,0,1,1,0,0,0,1,0,0,0,0,0,0,0,0,0,0,1,1,0,0,0,0,0,0,1,0,0,0,0,0,1,0,2,0,0,0,0,0,0,0,0,0,0,0,2,0,0,0,0,0,1,4,1,3,0,5,0,0,6,0,2,0,0,0,0,0,0,2,5,0,1,0,0,1,2,5,0,0,0,0,0,0,25,8,0,0,0,23,0,0,0,6,0,0,0,6,0,3,0,0,2,8,11,2,97,0,3,0,2,3,0,33,1,38,0,2,1,2,0,88,73,0,3,0,0,0,0,0,5,0,0,0,0,1,3,0,2,1,0,1,1,0,0,1,0,1,4,0,0,0,0,0,2,0,0,1,1,1,0,0,0,2,0,5,2,0,0,1,0,1,0,0,0,0,0,0,0,0,0,0,0,1,0,0,0,0,0,0,0,4,0,0,0,0,2,0,0,0,0,0,39,4,0,4,2,0,0,0,1,0,0,0,4,2,4,2,13,3,0,1,0,0,0,6,0,0,1,0,0,0,0,0,2,143,0,1,7,0,1,4,3,0,1,0,7,4,2,0,0,0,0,2,0,0,1,0,2,3,0,3,0,0,0,3,0,9,0,0,0,12,0,0,0,0,2,0,1,0,0,20,0,0,0,12,0,0,0,1,1,0,0,0,0,1,0,0,0,0,0,2,6,2,0,0,7,23,0,0,1,0,0,39,0,0,0,0,0,0,0,0,9,8,0,0,0,5,1
174,1732,COLÉGIO ADVENTISTA DO ALTO BOQUEIRÃO,"RUA BOM PASTOR, 606",ALTO BOQUEIRAO,-25.52375675,-49.24923793,64,0,3266,2667,201,136,0,3,3,6,31,1,2,0,0,6,0,22,0,0,0,0,12,0,0,0,2,4,9,4,1,0,15,0,1,1,1,22,1,1,1,0,1,0,0,0,4,4,0,4,0,27,0,0,0,1,0,1,5,0,0,0,3,10,0,0,2,0,1,5,0,0,0,0,0,0,0,1,74,0,0,0,0,2,0,5,0,1,0,1,0,0,15,0,0,0,0,0,0,0,4,0,0,0,0,12,0,8,0,0,0,1,0,40,13,0,0,0,0,0,2,0,0,0,0,0,2,5,0,1,1,1,14,0,3,4,3,0,61,0,0,0,1,0,0,0,1,0,15,1,1,0,1,1,0,0,0,0,0,0,0,4,2,0,7,0,0,1,11,0,1,0,7,2,1,1,1,0,61,5,36,20,0,3,0,49,10,3,1,0,1,0,0,1,3,0,0,0,1,1,1,1,0,45,0,1,0,0,2,0,0,0,0,0,0,0,0,0,0,0,0,0,0,0,0,0,0,1,0,1,3,0,0,0,3,0,0,0,0,2,0,0,0,0,0,0,0,0,0,0,0,1,6,3,0,0,0,0,0,0,0,0,0,0,0,0,29,0,0,2,0,0,0,0,0,1,4,0,1,1,3,2,0,0,2,0,0,0,0,0,0,0,0,0,0,0,0,7,0,0,0,0,0,0,0,1,0,0,0,0,0,0,0,0,0,0,0,0,0,0,0,1,0,0,0,0,0,0,0,0,0,0,3,0,0,0,0,0,0,7,0,17,3,0,0,0,61,0,0,0,0,15,0,0,10,0,0,1,38,5,0,0,0,3,0,3,0,0,0,0,0,0,0,0,0,0,0,0,0,0,0,0,0,0,0,0,0,0,0,0,0,0,0,1,0,0,2,3,20,1,0,24,0,0,2,4,16,3,0,5,6,0,2,76,0,1,0,8,0,0,0,0,0,1,0,29,1,1,2,3,0,0,0,0,0,0,0,0,0,0,1,0,0,0,0,0,1,0,2,2,1,0,0,0,0,0,0,0,24,0,0,0,1,0,0,0,0,0,0,0,0,0,0,0,0,0,0,0,0,0,0,0,0,0,2,0,0,0,0,0,0,0,0,0,1,0,0,0,0,0,6,0,0,0,0,0,0,0,0,0,0,0,0,0,0,0,0,0,0,1,1,5,0,1,0,3,6,1,24,0,2,2,8,0,0,0,0,0,0,0,0,0,0,0,1,0,0,1,10,0,1,0,0,0,0,1,0,0,0,2,0,0,0,39,0,3,0,17,0,2,6,0,1,0,2,0,0,0,3,0,0,2,0,0,0,0,0,0,1,0,0,0,0,0,0,0,0,0,0,1,0,0,0,0,0,0,0,0,0,0,0,0,1,0,0,0,0,0,0,0,0,0,0,0,3,0,0,0,3,0,0,0,0,4,0,0,0,0,4,0,1,0,0,0,0,0,0,0,2,0,1,1,0,0,0,2,0,0,0,0,2,0,22,4,1,0,0,17,0,1,0,1,0,0,0,7,0,5,1,1,0,5,11,0,130,0,2,0,1,0,0,17,2,43,0,0,4,0,1,59,64,0,2,0,0,0,0,0,4,0,0,0,0,0,0,0,6,0,0,2,0,0,0,0,0,0,0,2,0,0,1,0,1,0,0,2,1,2,1,0,1,0,0,4,0,1,0,0,0,0,0,0,0,0,0,0,0,0,0,0,0,0,1,0,0,0,0,0,0,2,0,0,0,0,0,0,0,0,0,0,31,6,5,21,2,1,0,0,0,1,0,0,0,5,4,2,21,0,0,2,1,0,0,7,0,0,0,0,0,0,0,0,0,128,1,1,7,0,4,4,4,0,6,1,10,5,0,0,0,0,0,1,0,0,0,0,2,3,0,0,0,0,0,5,0,6,0,0,2,16,0,0,0,0,7,0,0,1,0,9,0,0,0,6,0,0,0,0,0,0,0,0,0,1,0,2,0,0,0,3,1,0,0,0,11,25,0,0,1,0,0,46,0,1,0,1,0,0,0,0,1,3,0,0,0,6,0
174,1740,ESCOLA MUNICIPAL PROFESSORA SOPHIA GAERTNER ROSLINDO - EF,"RUA EXPEDICIONÁRIO ESTANISLAU WOJCIK, 82",ALTO BOQUEIRAO,-25.5358722,-49.2433624,64,0,1420,1185,95,64,0,2,2,2,18,2,3,0,0,2,0,10,0,0,0,0,1,1,0,1,1,1,15,0,0,0,6,0,0,1,0,3,0,0,0,0,0,0,0,0,2,0,0,0,0,13,0,0,0,0,0,0,1,2,0,0,0,11,0,0,0,0,0,0,0,0,0,0,0,0,0,0,45,0,0,0,0,0,0,0,1,0,0,1,0,1,2,0,0,0,0,0,0,0,3,0,0,0,0,2,0,6,0,0,0,0,0,9,17,0,0,1,0,0,0,0,0,0,0,0,0,3,1,0,0,0,18,0,0,1,0,0,24,1,0,0,0,2,0,0,0,0,25,0,2,0,0,0,1,0,0,1,1,0,0,2,0,0,3,0,0,0,4,0,0,1,1,0,0,2,0,0,23,3,19,5,1,0,0,17,1,1,0,0,1,1,0,2,2,0,0,0,0,0,0,0,0,18,0,1,0,0,0,0,0,0,0,0,0,0,1,0,0,0,0,0,1,0,0,0,0,0,0,0,0,0,0,0,0,0,0,0,0,3,0,0,0,0,0,0,0,0,0,0,0,0,0,0,0,0,0,0,0,0,0,0,0,0,0,2,15,0,0,0,0,0,0,0,1,0,4,1,0,0,0,0,3,0,0,0,0,0,0,0,0,0,0,0,0,0,0,1,0,0,0,0,0,0,0,2,0,0,0,0,0,0,1,0,0,0,0,1,0,0,0,0,0,0,0,0,1,0,0,0,0,0,1,0,0,0,0,1,0,0,0,8,0,0,0,0,35,0,0,0,0,4,0,0,3,0,0,0,5,0,0,0,0,0,0,0,0,0,0,0,0,0,0,0,0,0,0,0,0,0,1,0,0,0,0,0,1,1,0,0,0,1,0,0,0,0,0,0,9,0,0,10,0,0,3,0,10,0,0,0,3,3,0,25,1,0,0,0,0,0,0,0,0,2,0,22,0,1,1,0,0,0,2,0,0,0,0,0,0,0,1,0,0,0,0,0,0,0,2,0,0,0,0,0,0,0,0,0,3,0,0,0,2,0,0,0,0,0,0,0,0,0,0,0,0,0,0,0,0,0,0,0,1,0,0,0,0,0,0,0,0,0,0,0,0,0,0,0,0,0,0,0,0,0,0,0,0,0,0,0,0,0,0,0,0,0,0,0,0,0,0,2,0,1,0,0,3,0,6,0,0,0,0,0,0,0,0,0,0,0,0,0,0,0,0,0,0,0,0,0,3,0,0,0,0,0,0,0,0,0,0,0,0,8,0,2,0,6,0,0,0,0,0,0,0,0,0,0,0,0,0,0,0,0,0,1,0,0,1,0,0,0,0,0,0,0,0,0,0,0,0,0,0,0,0,0,0,0,0,0,0,0,0,0,0,0,0,1,0,0,0,0,0,0,3,0,0,0,0,0,0,0,0,0,0,2,0,0,2,0,0,0,0,0,0,0,0,0,0,0,0,2,0,1,2,0,0,0,0,0,2,0,1,1,3,0,0,4,0,0,0,0,0,0,0,1,0,1,0,1,0,1,3,0,76,0,3,0,1,3,0,10,0,9,0,1,0,0,0,33,51,0,0,0,0,0,0,0,4,0,0,0,0,1,0,0,4,0,0,3,0,0,0,0,0,0,1,2,0,0,0,0,0,0,0,0,0,1,0,0,0,1,0,5,0,0,0,0,0,0,1,0,0,0,1,0,0,0,0,0,0,0,0,0,0,0,0,0,0,1,0,0,0,0,0,0,0,0,0,0,14,2,2,1,1,1,0,0,1,0,0,0,3,0,3,3,8,0,0,0,0,0,0,0,0,0,1,0,0,0,0,1,2,44,0,3,1,0,1,1,2,0,1,0,3,1,0,0,0,0,0,0,0,0,0,0,2,2,0,1,0,0,0,1,0,2,0,0,0,5,0,0,0,0,1,0,0,0,0,16,0,0,0,5,0,0,0,0,0,0,0,0,0,0,0,0,0,0,0,0,0,0,0,0,3,12,0,0,0,0,0,18,0,0,0,0,0,0,0,0,0,2,0,0,0,5,0
174,1830,UFPR - CENTRO POLITÉCNICO,"RUA EVARISTO F.F. DA COSTA, 346",JARDIM DAS AMERICAS,-25.45349187,-49.23292589,22,0,9035,7502,367,258,0,5,10,34,118,2,4,0,3,19,2,74,4,0,0,1,85,1,0,1,4,11,31,3,8,1,28,1,1,5,0,43,1,0,0,0,1,2,15,5,9,4,0,9,3,33,4,0,1,0,1,0,9,14,0,0,2,10,0,2,6,1,3,38,2,1,0,0,1,4,0,8,111,0,0,4,2,13,2,1,1,0,1,5,1,0,40,0,0,1,0,0,0,0,16,1,0,0,1,52,1,42,0,1,0,3,0,69,37,1,0,0,0,0,1,0,0,1,3,1,11,5,1,0,1,0,9,0,4,7,2,12,399,0,0,1,3,3,0,1,8,5,12,0,4,0,1,0,0,2,0,2,0,3,0,7,37,0,16,0,0,0,41,2,2,0,6,2,0,4,0,0,197,9,95,16,3,4,0,176,6,18,0,1,8,1,0,5,1,2,1,0,3,0,1,5,8,120,0,1,0,0,0,0,0,1,0,1,1,0,0,2,0,0,3,0,0,0,5,0,0,9,0,0,8,0,0,0,11,1,0,0,0,1,0,0,0,0,0,0,0,2,0,4,0,1,0,1,2,0,1,0,0,0,1,0,0,6,0,0,46,0,0,0,0,0,0,0,1,5,0,1,1,0,8,5,17,1,2,0,0,0,0,0,6,4,0,0,1,0,1,14,0,0,0,0,0,0,0,0,2,0,1,3,1,1,1,0,0,3,0,0,0,0,0,3,0,0,0,0,0,0,0,1,0,2,5,0,1,0,0,0,0,0,0,92,1,1,1,0,149,0,0,0,0,45,1,0,7,0,0,0,213,21,0,9,0,1,0,0,0,0,0,0,0,0,0,2,0,0,1,0,0,1,0,0,0,0,0,0,0,0,0,0,0,1,0,0,0,0,23,16,61,2,0,229,1,1,12,9,21,93,0,22,12,0,1,121,4,1,0,8,29,0,1,1,2,1,1,87,2,10,11,0,2,1,1,1,0,0,1,0,5,1,1,0,2,0,0,3,0,0,43,0,1,3,0,0,3,2,0,0,116,1,0,0,21,2,0,0,0,0,0,3,2,0,0,0,0,0,0,0,0,1,0,0,0,0,0,0,0,0,2,3,0,0,0,0,0,0,4,0,0,0,0,2,0,1,0,1,1,1,0,0,0,0,0,0,0,0,0,2,0,1,8,10,0,10,4,14,25,4,134,0,28,3,111,9,0,0,0,4,0,0,0,0,0,0,0,3,0,0,4,1,0,1,0,0,4,4,0,0,0,0,0,0,0,21,0,16,0,9,0,3,10,0,1,0,0,0,0,0,0,0,0,9,0,0,0,0,0,0,0,0,0,5,0,0,0,0,0,0,0,2,0,0,2,0,0,0,0,1,0,0,0,0,0,0,0,0,0,1,0,0,0,0,1,0,4,0,0,0,2,0,4,2,3,2,0,1,0,0,6,0,8,0,0,0,0,1,1,0,18,0,0,0,0,11,1,3,0,0,0,0,0,1,97,14,0,5,0,108,0,5,0,5,0,0,6,11,2,15,0,1,0,10,23,0,144,0,5,2,6,4,0,55,2,109,0,3,3,1,2,25,249,4,5,1,0,0,0,0,48,0,0,0,0,2,0,1,7,1,1,8,0,1,0,0,0,0,3,0,0,0,0,0,12,1,5,3,10,1,1,0,0,0,0,24,3,0,0,3,0,0,1,0,0,1,0,0,0,0,0,0,0,2,0,0,0,0,0,2,0,2,0,0,0,0,0,0,0,0,1,2,19,13,7,29,4,1,1,4,6,1,6,1,12,10,34,7,36,6,1,0,0,0,0,35,1,0,0,0,7,0,2,0,3,513,3,12,23,0,15,9,21,0,6,4,10,4,1,2,0,2,0,0,0,1,0,4,3,9,1,1,0,0,2,1,0,1,0,0,0,60,0,0,0,0,0,0,3,0,1,14,0,0,0,23,0,0,0,0,0,0,5,2,0,0,0,1,1,0,0,0,2,2,0,0,10,42,0,0,1,0,0,33,1,0,0,0,0,0,0,0,11,5,0,0,0,13,1
174,1848,ESCOLA ESTADUAL PROFESSOR JÚLIO MESQUITA,"TRAVESSA MARIA TEODORA PAULA COSTA, N. 49",JARDIM DAS AMERICAS,-25.45624383,-49.22867117,22,0,5679,4626,201,195,0,3,7,10,76,3,7,0,1,12,2,57,8,3,1,1,30,0,1,0,4,8,18,3,5,2,30,1,2,1,0,43,5,0,0,1,0,2,10,1,11,7,0,1,3,39,4,0,1,1,5,0,3,15,0,0,9,15,0,0,6,0,3,19,0,2,0,0,1,0,0,3,91,0,0,0,0,7,0,0,0,0,1,4,0,0,47,0,0,0,0,1,3,5,8,1,0,0,0,32,0,23,0,1,1,3,0,28,31,0,0,0,0,0,1,0,0,0,0,2,1,4,0,0,1,0,6,1,8,1,0,2,159,0,0,0,0,1,0,0,1,1,7,0,1,0,3,0,0,0,0,0,0,1,0,3,14,0,6,0,0,0,24,0,0,0,1,2,3,0,0,0,114,3,58,14,0,1,0,88,3,3,0,0,1,1,1,5,4,0,0,1,5,2,1,2,4,63,0,0,0,0,1,0,0,0,0,0,2,0,0,3,1,0,0,0,0,0,0,0,0,12,0,0,6,0,0,0,9,0,0,0,1,0,0,0,1,1,0,0,0,0,0,6,0,0,1,0,1,0,0,2,0,0,0,0,3,2,0,0,38,0,0,0,0,0,0,0,0,3,0,1,1,4,6,4,9,0,5,0,0,0,0,0,3,0,0,0,0,0,1,6,0,0,0,0,0,0,3,1,2,0,0,0,1,0,3,1,0,0,0,1,0,0,0,2,0,0,0,0,0,2,1,0,0,1,7,0,1,0,0,0,2,0,0,50,0,0,1,1,88,0,0,0,0,25,0,0,8,0,0,1,113,13,0,1,0,0,0,1,0,0,1,0,1,0,0,3,0,1,0,0,0,0,0,0,0,0,0,0,0,0,0,0,0,0,0,0,0,0,14,10,21,0,0,153,0,0,7,7,28,58,0,10,5,0,0,84,2,0,0,3,40,0,0,0,0,5,0,39,4,10,6,3,0,0,0,0,2,0,3,0,8,1,0,0,0,1,0,1,0,0,21,0,1,1,0,0,0,3,0,0,83,0,1,0,18,0,0,0,0,0,4,0,0,0,0,0,0,0,0,0,0,0,0,0,2,0,0,0,0,0,0,0,0,0,0,0,0,0,4,0,0,0,0,0,0,0,0,0,0,0,0,1,0,0,0,0,0,0,0,1,0,0,2,1,3,3,1,8,6,2,64,0,6,4,33,6,2,0,0,0,0,0,0,0,0,0,0,1,9,0,4,0,0,1,0,0,3,4,0,0,0,0,3,0,0,18,0,13,0,18,0,4,7,0,0,0,0,0,0,0,1,0,0,5,0,0,0,0,0,0,0,0,0,1,0,0,0,0,2,0,0,0,0,0,1,0,0,0,0,0,0,0,0,0,0,0,0,0,0,0,0,0,0,0,0,0,4,0,0,0,0,0,3,0,3,3,0,0,2,0,1,0,0,0,0,0,0,0,1,1,2,0,0,0,0,5,0,4,0,0,0,0,0,0,44,5,0,0,0,46,0,0,0,2,0,0,1,12,2,3,0,0,4,7,15,1,91,0,4,0,5,6,0,37,6,81,0,2,1,3,0,15,198,4,1,0,0,1,1,0,23,0,0,0,0,0,0,1,0,2,0,5,0,1,0,4,0,0,1,2,0,0,1,0,5,0,5,1,2,0,1,0,0,1,0,7,3,1,0,1,2,0,0,0,0,0,0,0,0,0,0,0,0,1,0,0,0,0,0,0,1,0,0,0,0,2,0,0,0,0,0,0,11,7,7,20,2,0,0,1,2,2,1,0,1,11,23,9,40,5,1,1,0,1,0,24,1,0,5,0,1,2,4,0,0,287,10,6,16,0,16,1,17,0,5,2,14,2,1,5,0,0,1,1,0,0,0,2,1,5,1,1,0,0,2,0,0,0,0,0,2,52,0,0,0,0,0,0,0,1,2,4,0,0,2,20,0,0,0,0,0,1,0,1,0,0,0,2,0,0,1,0,3,1,0,1,3,16,1,2,0,0,0,36,0,0,0,1,0,0,0,0,7,2,0,0,0,0,0
174,1864,HOSPITAL ERASTO GAERTNER,"RUA DR. OVANDE DO AMARAL, 201",JARDIM DAS AMERICAS,-25.45310137,-49.24001625,22,0,68,63,4,3,0,0,0,0,1,0,0,0,0,0,0,1,0,0,0,0,0,0,0,0,0,0,0,0,0,0,0,0,0,0,0,0,0,0,0,0,0,0,0,0,0,0,0,0,0,1,0,0,0,0,0,0,0,0,0,0,0,0,0,0,0,0,0,0,0,0,1,0,0,0,0,0,2,0,0,0,0,0,0,0,1,0,0,0,0,0,0,0,0,0,0,0,0,0,0,0,0,0,0,0,0,0,0,0,0,0,0,0,0,0,0,0,0,0,0,0,0,0,0,0,0,0,0,0,0,0,0,0,0,0,0,0,3,0,0,0,0,0,0,0,0,0,0,0,0,0,0,0,0,0,0,0,0,0,0,0,0,0,0,0,0,0,1,0,0,0,0,0,0,0,0,0,1,0,0,0,0,0,0,3,0,1,0,0,0,0,0,0,0,0,0,0,0,0,0,0,0,0,0,0,0,0,0,0,0,0,0,0,0,0,0,0,0,0,0,0,0,0,0,0,0,0,0,0,0,0,0,0,0,0,0,0,0,0,0,0,0,0,0,0,0,0,0,0,0,0,0,0,0,0,0,0,0,0,0,0,0,0,0,0,3,0,0,0,0,0,0,0,0,0,0,0,0,0,0,0,0,0,1,0,0,0,0,0,0,0,0,0,0,0,0,0,0,0,0,0,0,0,0,0,0,0,0,0,0,0,0,0,0,1,0,0,0,0,0,0,0,0,0,0,0,0,0,0,0,0,0,0,0,0,0,0,0,0,0,1,0,0,0,0,1,0,0,0,0,0,0,0,0,0,0,0,0,0,0,0,0,0,0,0,0,0,0,0,0,0,0,0,0,0,0,0,0,0,0,0,0,0,0,0,0,0,0,0,0,0,0,0,0,0,0,0,0,0,0,0,0,0,0,0,0,0,0,0,1,0,0,3,0,0,0,0,0,0,0,0,0,0,0,0,0,1,0,0,0,0,0,0,0,0,0,0,0,0,0,0,0,0,0,0,0,0,0,0,0,0,0,0,0,0,0,0,0,0,0,0,0,0,0,0,0,0,0,0,0,0,0,0,0,0,0,0,0,0,0,0,0,0,0,0,0,0,0,0,0,0,0,0,0,0,0,0,0,0,0,0,0,0,0,0,0,0,0,0,0,0,0,0,0,0,0,0,0,0,0,0,0,0,0,0,0,0,1,0,0,1,0,0,0,0,0,0,0,0,0,0,0,0,0,0,0,0,0,0,0,0,0,0,0,0,0,0,0,0,0,0,0,0,0,0,0,0,0,0,0,0,0,0,0,0,0,0,0,0,0,0,0,0,0,0,0,0,0,0,0,0,0,0,0,0,0,0,0,0,0,0,0,0,0,0,0,0,0,0,0,0,0,0,0,0,0,0,0,0,0,0,0,0,0,0,0,0,0,0,0,0,0,0,0,0,0,0,0,0,0,0,0,0,0,0,0,0,0,0,0,0,0,0,0,0,0,0,0,0,0,0,1,0,0,0,0,1,0,0,0,0,0,0,0,0,0,0,0,1,0,0,1,0,2,0,0,0,0,0,0,2,0,1,0,0,0,0,0,0,3,0,0,0,0,0,0,0,1,0,0,0,0,0,0,0,0,0,0,0,0,0,0,0,0,0,0,0,0,0,0,0,0,0,0,0,0,0,0,0,0,0,0,0,0,0,0,0,0,0,0,0,0,0,0,0,0,0,0,0,0,0,0,0,0,0,0,0,0,0,0,0,0,0,0,0,0,0,0,0,0,1,0,0,0,0,0,0,0,0,0,0,0,1,0,0,0,0,0,0,0,0,0,0,0,0,1,0,0,0,0,0,0,4,0,0,0,0,0,0,0,0,1,0,0,0,0,0,0,0,0,0,0,0,0,0,0,0,0,0,0,0,0,0,0,0,0,0,0,0,0,0,0,0,0,0,0,0,0,1,0,0,0,1,0,0,0,0,0,0,0,0,0,0,0,0,0,0,0,0,0,0,0,0,1,1,0,0,1,0,0,0,0,0,0,0,0,0,0,0,0,0,0,0,0,0,0
175,1015,ESCOLA MUNICIPAL PRO-MORAR BARIGUI-I,"RUA ARTHUR MARTINS FRANCO, 1803 - VILA BARIGUI - CIC",CIDADE INDUSTRIAL,-25.49525829,-49.33547548,75,0,3432,2752,269,146,0,6,5,6,57,3,9,0,0,18,1,29,1,0,0,0,2,0,1,1,5,11,31,3,1,1,16,2,1,1,1,17,0,0,0,0,0,0,0,0,0,0,0,0,2,56,0,0,0,0,1,0,2,2,0,0,0,28,0,0,0,0,0,3,0,0,2,0,0,1,1,5,114,0,0,0,0,3,0,0,0,1,0,1,1,0,10,0,0,0,0,0,3,0,23,0,1,0,0,1,0,7,10,0,0,0,0,96,70,1,0,0,0,0,1,0,0,0,1,0,6,4,0,0,0,0,0,0,0,0,0,0,20,0,0,0,2,0,0,1,0,1,15,2,2,0,0,0,2,0,1,2,0,0,0,1,0,0,41,0,0,0,8,0,0,0,12,0,0,0,0,2,69,3,106,4,5,1,0,60,2,5,0,0,0,2,0,4,17,2,0,1,0,0,0,1,0,18,0,0,1,0,1,0,0,0,0,0,0,0,0,0,0,0,0,0,0,0,0,0,0,0,0,0,1,0,0,0,5,0,0,1,0,0,7,0,0,0,0,0,0,1,0,0,0,0,3,1,0,0,0,0,0,0,0,0,0,0,1,0,34,0,0,2,5,0,0,0,0,0,0,0,0,0,2,0,6,0,0,0,0,0,0,0,0,0,0,0,0,0,2,2,0,0,0,0,0,0,0,0,0,0,0,0,1,0,0,0,0,0,0,0,0,0,0,0,0,0,0,0,0,1,0,0,0,0,1,0,1,0,1,0,1,0,0,6,0,0,0,0,22,0,0,0,0,6,0,0,4,8,0,0,15,0,0,1,0,0,0,0,0,0,0,0,0,0,0,0,0,0,0,0,0,0,0,0,0,0,0,0,0,0,0,0,0,0,0,0,0,0,0,1,8,0,0,36,1,1,1,1,0,1,0,8,1,0,0,85,0,1,0,1,0,0,0,0,1,0,0,23,0,1,0,0,0,0,0,0,0,0,0,0,0,0,2,0,0,0,0,0,0,0,2,2,0,0,0,0,0,0,0,0,18,0,1,0,1,0,0,0,0,0,0,0,0,0,0,0,0,0,0,0,0,0,0,0,0,0,0,0,0,0,0,0,0,0,0,0,0,0,3,0,0,0,0,0,0,0,0,0,1,0,0,0,0,0,0,0,0,0,0,0,0,0,0,1,0,0,0,1,0,0,17,0,2,2,2,0,0,0,0,0,0,0,3,0,0,0,1,0,1,0,0,2,2,2,0,0,0,5,0,0,0,0,0,0,0,23,0,0,0,5,0,0,0,0,4,0,0,0,0,0,0,0,0,0,0,0,0,0,0,0,0,0,0,0,0,0,0,0,4,0,0,0,2,0,0,0,0,0,0,0,0,0,1,2,0,0,0,0,0,0,0,0,0,0,0,0,6,15,0,0,0,0,0,0,0,2,0,2,0,0,3,0,3,0,0,0,1,0,0,0,1,0,0,0,0,0,0,2,0,3,0,0,1,0,7,8,0,1,2,4,0,0,0,0,0,0,0,1,0,1,0,1,2,6,1,0,94,0,2,0,4,2,0,7,1,31,0,0,4,1,0,13,144,0,2,0,0,0,0,0,12,1,0,0,1,1,0,0,1,0,0,1,0,0,0,0,0,0,1,0,0,1,0,0,1,0,0,5,0,1,2,0,0,0,0,1,2,0,0,0,0,0,0,0,0,1,0,0,0,0,0,0,0,0,0,0,0,0,0,0,0,0,0,0,0,0,0,0,0,0,0,0,6,28,4,5,1,2,0,0,0,0,0,0,0,6,3,1,79,1,0,0,0,0,0,1,0,0,1,0,0,0,1,0,2,66,6,4,5,0,1,5,6,0,0,0,2,5,0,0,0,2,0,2,0,0,0,2,8,0,0,0,0,0,0,0,0,0,0,1,0,1,0,0,0,0,3,0,0,1,0,45,0,0,0,7,2,0,0,1,0,0,1,0,0,1,0,0,0,0,0,3,0,2,0,0,3,20,0,0,2,0,0,47,0,0,0,0,0,0,0,0,3,1,0,0,0,4,0
175,1023,ESCOLA MUNICIPAL MANSUR GUERIOS,"RUA ESTRADA VELHA DO BARIGUI, 3200 - MORADIAS SABARA -  VILA CONQUISTA",CIDADE INDUSTRIAL,-25.50149543,-49.34851175,75,0,4282,3410,390,168,0,9,10,10,63,2,8,0,1,18,2,43,4,0,0,0,3,2,0,2,8,28,23,7,2,2,19,0,3,5,1,17,0,0,1,1,0,0,3,0,5,0,0,3,0,57,0,2,0,0,7,0,3,1,0,0,0,41,1,2,1,0,0,1,0,0,2,0,0,0,1,2,158,0,0,0,0,2,1,0,0,0,0,2,0,0,5,0,0,0,4,0,1,0,23,0,0,1,0,3,0,9,0,6,0,0,0,45,35,0,0,0,0,0,0,0,0,0,0,0,4,14,1,0,0,0,0,0,0,0,1,0,29,0,0,1,1,3,0,0,0,0,4,0,6,0,0,0,0,0,0,0,3,4,0,5,0,0,69,0,0,0,10,0,0,0,1,0,0,2,0,0,79,2,77,6,1,0,0,125,10,1,0,0,2,1,0,2,34,0,0,1,1,0,0,0,0,49,0,1,0,0,0,0,0,0,0,0,0,0,2,0,0,0,0,0,0,0,0,0,0,1,0,0,6,0,0,1,1,0,0,0,0,0,2,0,0,2,0,0,0,1,0,0,0,0,2,0,0,0,0,0,0,0,0,0,0,1,0,0,38,0,0,0,0,0,0,0,0,0,1,2,0,0,1,1,5,0,0,0,0,0,0,0,0,0,0,0,0,0,0,1,0,0,0,0,0,0,0,1,0,0,0,0,2,0,0,0,0,0,0,0,0,0,0,0,0,0,0,0,0,2,0,2,0,0,0,0,1,0,0,0,0,0,0,20,0,0,0,0,43,0,0,0,0,9,0,0,1,16,0,0,14,2,0,2,0,0,0,0,0,0,0,0,0,0,0,0,0,0,0,0,0,0,0,0,0,0,0,0,2,0,0,0,0,0,0,0,0,0,2,0,17,1,0,18,0,4,3,1,3,0,0,2,1,0,1,142,0,1,0,3,0,0,0,0,0,1,0,46,0,0,0,1,0,0,0,0,0,1,0,0,0,0,4,0,0,0,2,0,0,0,1,0,0,1,0,1,0,1,1,0,17,0,1,0,2,0,0,1,0,0,0,0,0,0,0,0,0,0,0,0,0,0,0,0,0,0,0,0,0,0,0,0,0,0,0,0,0,0,6,0,0,0,0,0,0,0,0,0,0,0,0,0,0,0,0,0,0,0,0,0,0,0,0,0,1,0,0,0,4,0,10,0,3,1,1,4,0,0,0,0,0,0,1,0,0,0,1,0,0,0,0,0,0,0,0,0,0,7,0,0,0,0,0,0,0,42,0,0,0,1,0,0,2,1,20,0,0,0,0,0,1,0,0,1,0,0,0,0,0,0,0,0,0,0,0,0,0,0,2,0,0,0,1,0,0,1,1,0,0,0,0,0,1,0,0,0,0,0,0,0,0,0,1,0,0,0,3,8,1,0,4,0,0,0,1,5,0,0,0,0,4,0,1,0,0,0,0,0,0,0,1,2,0,0,0,2,0,4,0,1,0,0,0,0,9,13,0,0,0,1,0,1,0,0,0,0,0,2,0,4,0,0,0,2,0,0,132,0,3,0,1,0,0,3,1,33,0,0,0,0,2,10,133,0,0,5,0,0,0,0,15,0,0,0,0,0,0,1,2,0,0,3,0,0,0,0,0,1,0,0,2,0,1,0,1,0,0,0,0,2,0,0,0,0,0,3,2,0,0,0,0,0,0,0,0,1,0,0,0,0,0,0,0,0,0,0,0,0,0,0,3,6,0,0,0,0,0,0,0,0,3,0,9,10,6,5,2,17,0,0,1,1,0,0,0,19,4,1,148,4,0,0,0,0,0,1,0,14,5,0,0,0,0,0,1,62,0,3,6,0,3,5,3,0,0,0,0,0,0,1,0,0,0,1,0,1,0,0,32,7,0,3,0,0,0,0,0,0,0,0,0,4,0,0,0,0,4,0,1,0,0,59,0,0,0,4,0,0,0,17,0,2,0,0,0,2,0,0,0,0,1,0,0,0,0,0,1,16,0,1,3,0,0,54,0,0,0,0,0,0,0,0,9,9,0,0,0,2,0
175,1031,ESCOLA MUNICIPAL ALBERT SCHWEITZER,RUA DECIO BARRETO 153-VILA NSA SRA DA LUZ,CIDADE INDUSTRIAL,-25.50373678,-49.32360338,75,0,4083,3366,310,211,0,1,7,8,68,3,7,0,0,13,0,30,4,0,0,0,4,1,1,1,1,7,18,3,1,0,14,1,0,3,0,8,0,0,0,2,1,0,0,0,8,1,0,2,0,44,0,0,0,0,0,0,0,1,0,0,0,27,0,0,2,0,1,3,8,0,1,0,0,0,0,0,116,0,0,0,0,5,0,2,0,0,0,1,0,0,11,0,0,0,0,0,0,0,76,0,0,0,0,3,0,6,8,0,0,1,0,116,40,1,0,0,0,0,0,0,0,0,0,0,5,9,0,0,0,0,0,0,1,2,0,0,47,0,0,0,1,3,0,0,1,0,7,0,6,0,0,0,0,1,0,0,0,0,0,6,3,0,13,0,0,0,7,0,1,0,2,1,0,5,1,0,58,4,157,7,3,3,0,81,6,4,0,0,0,0,0,1,53,1,0,0,0,3,2,3,0,47,0,0,0,0,0,0,0,0,0,0,0,0,1,0,0,0,0,0,0,0,0,0,0,1,0,0,3,0,0,0,1,0,0,0,0,1,2,0,0,0,0,0,0,0,0,0,0,1,0,0,1,0,0,0,0,0,0,0,0,0,0,1,41,0,0,0,1,0,0,0,0,4,6,9,0,0,2,0,5,0,0,1,2,1,0,0,1,0,0,0,0,0,0,4,0,0,0,0,0,0,0,4,0,0,0,0,2,3,0,0,0,0,0,0,0,0,0,1,0,0,0,0,0,1,0,0,0,0,0,0,0,0,0,0,0,0,0,12,0,0,0,0,46,1,0,0,0,7,0,1,3,11,0,3,17,0,0,0,0,2,0,0,0,0,0,0,0,0,0,0,0,0,0,0,0,0,0,0,0,0,0,0,1,0,0,0,0,0,0,0,0,0,5,3,14,0,1,52,0,3,2,0,7,1,0,4,2,1,0,101,0,1,0,1,0,0,0,0,0,7,2,40,2,1,0,0,0,0,0,0,0,0,1,0,1,0,3,0,0,0,0,0,0,0,0,0,1,1,0,0,1,2,1,0,28,1,2,0,0,0,1,0,0,0,1,0,0,0,0,0,0,0,0,0,9,0,0,0,0,0,0,0,0,0,1,0,0,0,0,0,0,0,3,0,0,0,0,0,0,0,0,1,5,0,0,0,0,0,0,0,0,0,0,0,0,0,0,0,0,0,0,0,3,0,28,0,6,0,6,1,0,0,0,0,0,0,1,0,0,0,0,1,0,0,2,0,2,0,0,0,0,0,0,0,0,0,0,0,0,68,0,0,0,4,0,1,3,0,2,0,0,0,0,0,1,0,0,0,0,0,0,2,0,0,0,0,0,0,0,0,0,1,2,0,0,0,0,0,0,0,1,0,0,0,0,0,0,2,0,0,0,0,0,0,0,0,0,0,0,0,3,2,0,0,1,0,0,1,0,1,0,0,0,0,1,0,1,0,0,0,0,0,0,0,3,0,0,0,0,0,0,1,0,1,0,0,0,0,9,3,0,2,0,10,0,0,0,0,0,0,3,1,1,3,0,0,0,4,0,0,173,0,1,0,3,1,0,9,5,49,0,0,17,1,0,36,139,0,0,0,0,0,1,0,9,0,0,0,0,0,0,0,0,0,0,1,0,0,0,0,0,0,2,0,4,0,0,0,0,0,0,4,1,0,0,0,0,2,0,1,3,0,0,0,0,0,0,0,0,0,0,0,0,0,0,0,0,1,0,0,0,4,0,0,1,2,1,0,0,0,0,0,0,1,0,0,5,25,2,5,5,0,0,0,1,1,0,0,1,2,3,0,36,2,0,1,0,0,0,7,1,0,2,0,0,0,1,0,7,98,3,10,9,0,5,2,1,1,0,1,1,1,0,1,0,0,1,2,0,0,0,0,11,1,1,1,0,0,2,0,1,0,0,0,0,6,0,0,2,0,2,0,0,0,0,26,0,0,0,21,1,0,0,1,1,1,0,1,3,0,0,0,0,0,1,0,0,0,0,0,4,17,0,0,3,0,0,64,0,0,0,0,0,0,0,0,1,5,0,0,0,2,0
175,1040,COLÉGIO ESTADUAL PROFESSOR ALCYONE MORAES DE CASTRO VELLOZO,R GOV CARLOS LACERDA- S/N CJ OSWALDO CRUZ II CIC -SUL,CIDADE INDUSTRIAL,-25.51291359,-49.3244871,75,0,4214,3373,336,176,0,1,10,12,67,5,3,0,0,19,1,34,3,0,0,1,5,0,0,1,2,9,21,5,1,0,20,0,1,0,0,7,0,0,1,2,0,0,0,0,18,0,0,0,0,54,1,0,0,0,1,0,7,1,0,0,6,19,0,0,4,0,0,4,1,0,0,3,0,1,0,1,107,0,0,0,0,1,0,0,0,0,0,1,1,0,3,0,0,0,0,0,0,0,31,3,1,1,2,7,0,12,7,0,1,1,0,85,36,0,0,0,0,1,0,0,0,0,0,0,5,19,0,0,0,0,1,0,10,3,0,0,41,0,1,0,1,0,0,0,0,3,7,0,0,1,0,0,0,0,0,0,0,0,0,8,3,0,34,1,0,0,10,0,0,0,2,0,0,2,0,0,54,4,108,6,4,0,1,100,6,2,0,1,2,0,0,4,76,0,0,0,1,0,0,6,0,30,1,0,0,0,0,1,0,0,1,0,0,0,1,0,0,0,0,0,0,0,0,0,0,6,0,1,0,0,0,0,5,0,0,0,0,2,3,0,0,0,0,0,2,2,0,0,0,1,0,0,0,0,0,0,0,0,0,4,0,0,8,0,43,0,0,0,1,0,0,0,0,0,1,3,0,0,0,1,12,0,0,0,0,0,0,0,1,0,0,1,0,0,2,5,0,0,0,0,0,0,0,0,1,0,0,0,1,0,0,1,0,1,0,0,0,0,0,0,0,0,0,0,0,1,0,0,0,0,0,0,0,0,0,0,0,0,0,12,1,0,0,0,24,0,0,0,0,6,0,0,1,5,0,0,22,4,1,3,0,0,0,0,0,0,0,0,0,0,0,0,0,0,0,0,0,0,0,1,0,0,0,0,0,0,0,0,0,0,0,0,0,0,3,0,18,0,0,59,0,0,5,1,4,6,1,4,4,0,1,81,0,0,0,1,0,2,0,0,1,0,0,49,0,3,0,0,0,0,0,0,2,0,0,0,0,0,2,0,0,0,4,0,0,0,3,0,1,0,0,0,0,3,0,0,30,1,0,0,2,0,0,0,2,0,2,0,0,0,0,0,0,0,0,1,0,1,0,0,0,0,1,0,0,0,0,0,0,0,0,0,0,0,2,0,0,0,1,0,0,0,0,0,2,2,0,0,0,3,0,0,0,0,0,0,1,1,0,3,0,0,0,0,2,3,18,0,5,5,6,0,0,0,0,0,0,0,1,0,0,0,0,0,0,0,1,1,3,0,0,0,0,2,0,0,0,0,0,0,0,47,0,0,0,4,0,0,4,1,0,0,0,0,0,0,0,0,3,0,0,0,0,0,0,0,1,0,0,0,0,0,0,1,0,0,0,0,0,0,1,0,1,0,0,0,0,0,0,0,0,0,0,0,0,0,0,0,0,0,0,0,12,2,0,0,1,0,1,0,0,2,1,0,0,0,4,0,3,0,0,0,0,0,0,9,3,0,0,0,0,0,0,2,0,0,1,5,0,0,8,3,0,0,0,7,0,0,0,0,0,0,0,0,2,5,0,0,0,5,1,2,138,0,0,0,2,0,0,9,3,39,1,0,5,0,0,80,160,0,0,6,0,0,0,0,20,0,0,0,0,0,0,0,3,1,0,0,0,0,1,0,0,0,2,0,0,0,0,4,1,0,1,0,0,0,0,0,1,0,1,0,1,0,0,0,0,0,0,0,0,0,0,0,0,0,0,0,0,0,3,0,2,0,0,0,1,2,0,0,0,0,0,0,0,0,0,0,5,29,3,8,2,0,0,0,1,1,0,0,1,3,1,1,37,1,0,1,0,0,1,7,0,0,0,0,0,0,0,0,5,146,2,5,11,0,2,2,5,1,2,1,6,0,0,1,0,1,1,0,0,1,0,1,1,5,0,0,0,0,2,1,0,0,0,0,0,10,0,0,0,0,2,0,0,0,0,22,0,0,0,7,1,0,0,3,0,1,0,0,0,2,0,0,0,0,0,1,3,0,0,0,3,26,0,0,14,0,0,60,0,0,0,0,0,0,0,0,4,3,0,0,1,1,1
175,1058,COLÉGIO ESTADUAL PROFESSOR BRASILIO VICENTE DE CASTRO,R STA ANGELA FOLIGNO 45 -CJ OSWALDO CRUZ I CIC-SUL,CIDADE INDUSTRIAL,-25.51157732,-49.32010007,75,0,4764,3904,397,201,0,5,8,13,45,1,7,0,0,9,1,38,1,0,0,0,10,0,1,2,3,2,10,3,4,1,16,1,0,6,0,31,1,0,0,3,0,0,6,1,5,0,0,0,0,44,1,1,0,0,0,0,0,2,1,0,1,21,0,2,3,0,0,7,0,1,0,1,0,0,0,2,111,0,0,0,0,5,0,2,0,0,0,4,0,0,13,0,1,0,0,0,2,0,38,0,0,0,0,12,0,21,2,0,0,2,0,48,26,0,1,0,0,0,0,0,0,1,0,0,5,22,0,2,0,0,0,0,8,0,0,0,61,0,0,0,0,1,0,0,0,2,23,0,7,1,1,0,2,0,0,1,0,1,0,7,2,0,23,0,0,0,13,0,0,0,1,0,3,1,0,1,104,1,96,12,2,0,0,84,2,3,0,1,0,0,0,4,41,0,0,0,0,2,3,3,0,34,1,0,1,0,1,1,0,0,1,0,0,0,2,0,0,0,0,0,0,0,0,0,0,3,0,0,0,0,0,0,4,0,0,0,2,6,4,0,0,0,0,0,0,6,0,0,0,1,0,0,0,0,0,0,0,0,0,1,0,0,0,3,42,0,0,1,0,3,0,0,1,0,2,10,2,0,1,1,15,0,0,0,0,0,0,0,1,0,0,0,0,0,0,1,0,0,0,0,0,0,0,2,0,0,1,0,3,0,1,0,0,4,0,0,0,0,0,0,0,0,1,1,0,0,1,0,0,0,3,0,1,0,0,0,0,0,0,17,0,0,0,0,64,0,0,0,0,18,0,0,8,1,0,1,36,2,0,0,0,0,0,0,0,0,0,0,0,0,0,0,0,0,0,0,0,0,0,0,0,0,0,0,0,0,0,0,0,0,0,1,0,0,2,0,21,0,0,57,0,1,3,1,10,3,0,3,4,1,0,107,0,0,0,5,1,0,1,0,0,1,0,51,1,0,0,1,0,0,0,0,0,0,0,0,1,0,3,0,1,0,0,0,0,0,11,0,2,2,0,0,0,0,0,0,29,3,0,1,2,0,2,0,0,1,0,0,0,0,0,0,0,0,0,0,0,1,0,0,0,0,0,0,0,0,0,0,0,0,0,0,0,0,17,0,0,0,0,0,0,0,0,0,2,0,0,0,0,0,0,1,0,0,0,2,0,0,2,1,2,3,0,2,5,3,40,0,3,3,21,0,1,0,0,0,0,0,0,1,0,0,0,0,0,0,1,1,4,0,0,0,0,2,1,0,0,0,0,0,0,66,3,1,0,4,0,0,12,0,5,0,0,0,0,0,0,0,0,0,0,0,0,2,0,1,1,0,0,0,0,0,0,0,6,2,0,0,0,0,3,0,1,0,1,0,0,0,0,0,0,0,0,0,0,0,0,0,0,0,0,0,19,5,0,0,1,0,3,0,0,1,0,1,0,0,4,0,2,0,0,0,0,0,1,3,8,0,0,0,0,0,0,3,0,0,1,1,0,0,28,3,1,5,0,16,0,0,0,1,0,0,0,9,0,5,0,0,0,8,2,1,191,2,0,0,2,3,0,9,2,60,0,1,19,0,0,45,163,1,1,0,0,0,0,0,27,0,0,0,0,0,0,0,2,1,0,1,0,0,1,0,0,3,2,0,0,0,0,0,0,0,1,3,0,0,0,1,0,0,0,3,1,0,0,0,0,0,0,0,0,0,0,0,0,0,0,0,0,0,0,0,0,0,0,0,0,1,0,0,0,0,0,0,0,0,0,0,6,15,0,16,5,2,0,0,1,1,2,0,1,6,7,2,72,2,3,0,0,0,0,3,0,0,3,0,0,0,1,0,6,162,4,4,10,0,3,4,5,0,2,1,2,0,0,1,0,2,0,1,0,0,0,1,6,1,0,2,0,0,4,0,0,0,1,0,0,7,0,0,0,0,1,0,1,1,0,21,0,0,0,22,0,0,0,4,1,1,0,1,1,1,0,1,0,0,0,7,0,2,0,0,4,32,1,0,10,0,0,100,0,0,1,0,0,0,0,0,2,2,0,0,0,2,0
175,1066,COLÉGIO ESTADUAL PROFESSORA DIRCE CELESTINO DO AMARAL,R PEDRO GUSSO 2020- CJ OSWALDO CRUZ I   CIC -SUL,CIDADE INDUSTRIAL,-25.5064019,-49.32051384,75,0,3281,2633,241,115,0,1,4,5,44,0,3,1,1,10,0,21,1,0,0,0,12,1,1,0,3,3,12,4,2,1,15,1,2,4,0,15,0,0,0,2,0,0,1,0,4,0,0,0,0,49,3,0,0,1,0,0,0,0,0,0,4,16,0,1,2,0,0,5,0,1,1,1,0,0,0,0,87,1,0,0,0,2,0,0,1,0,0,0,0,0,6,0,0,1,0,0,0,0,22,1,1,0,0,8,0,4,3,0,0,1,0,34,37,1,0,0,0,0,0,0,0,0,0,0,0,8,0,0,1,0,2,0,2,2,0,0,43,0,0,0,1,2,0,0,0,2,11,0,2,0,1,0,0,0,0,1,0,1,0,0,1,0,11,0,0,0,9,0,1,0,1,1,0,2,1,0,53,3,77,6,4,0,0,59,2,7,0,0,2,0,1,0,26,0,0,0,0,0,1,0,0,37,0,1,0,0,1,2,0,0,0,1,0,0,0,0,1,0,0,0,0,0,0,0,0,3,0,0,4,0,0,0,1,0,0,0,0,2,0,0,0,0,0,0,0,4,0,0,0,0,0,0,0,0,0,0,0,0,0,0,0,0,2,0,43,0,0,1,2,0,0,0,1,0,0,2,3,0,1,0,13,0,0,0,6,0,0,0,0,0,0,0,0,0,0,0,0,0,1,1,0,0,0,3,0,0,0,0,1,0,0,0,0,1,0,0,0,0,0,3,0,0,0,0,0,0,0,0,0,0,0,0,1,0,0,0,0,0,0,14,0,0,0,0,50,0,0,1,0,8,0,0,8,1,0,0,37,3,0,0,0,0,0,0,0,0,0,0,0,0,0,0,0,0,1,0,0,0,0,0,0,0,0,0,0,1,0,0,0,0,0,0,0,0,3,4,9,0,0,47,0,0,3,7,3,4,0,3,3,0,0,71,1,0,0,2,0,0,0,0,1,1,0,49,0,3,2,0,0,0,0,0,0,0,0,0,0,0,0,0,0,0,1,0,0,0,2,0,1,0,0,0,0,0,0,0,19,4,0,0,1,0,0,0,0,1,0,0,0,0,0,0,0,0,0,0,0,0,0,0,0,0,1,0,0,0,0,0,0,0,0,0,0,0,5,1,0,0,0,0,0,0,0,0,3,0,0,0,0,0,0,0,0,0,0,0,0,0,0,1,0,1,1,0,4,0,19,0,2,2,10,0,0,0,0,1,0,0,0,0,0,0,0,1,2,0,1,1,4,0,0,0,0,1,0,0,0,0,0,0,0,37,0,4,0,10,0,0,4,0,1,0,0,0,0,0,1,0,3,0,0,0,0,1,1,0,0,0,0,0,0,0,0,0,4,0,0,0,0,0,1,0,2,0,0,0,0,0,1,0,1,0,0,0,0,0,0,0,0,0,0,0,12,3,0,0,2,0,0,1,0,0,0,0,0,1,2,0,3,0,0,0,0,0,0,1,1,0,0,0,1,8,0,0,0,1,0,0,0,0,8,5,0,0,0,16,0,0,0,0,0,1,0,4,1,8,0,0,1,5,1,2,115,0,1,0,0,4,1,4,7,52,0,0,9,1,0,25,110,0,0,1,0,0,0,0,9,0,0,0,0,0,0,0,3,0,0,0,0,0,0,0,0,1,0,0,0,0,0,0,0,0,1,0,0,0,0,0,0,1,1,2,1,1,1,0,0,0,0,0,0,0,0,0,0,0,1,0,0,0,1,0,1,0,0,0,0,2,0,0,0,0,0,0,0,0,0,0,6,15,1,7,2,0,2,0,3,0,2,0,0,1,1,4,22,1,0,3,1,1,0,0,0,0,0,0,0,0,0,0,1,145,0,6,4,0,5,1,6,0,1,1,1,1,0,0,0,0,0,3,0,0,0,0,7,3,0,0,0,0,0,0,0,0,1,0,1,13,0,0,0,0,1,0,0,0,0,17,0,0,0,12,1,0,0,1,0,2,0,0,2,2,0,0,0,0,0,0,2,0,0,0,1,21,0,2,1,0,0,37,0,0,0,0,0,0,0,0,0,1,0,0,0,0,0
175,1074,ESCOLA MUNICIPAL DOM BOSCO,R NSA SRA DA CABECA 1181-CJ VISC MAUA/CJ RONDONCIC                1181,CIDADE INDUSTRIAL,-25.495794450000002,-49.31554344,75,0,1891,1595,119,78,0,1,5,4,27,0,3,0,0,2,0,19,1,0,0,0,5,1,0,0,3,3,11,2,1,0,13,1,1,1,1,22,0,0,0,0,0,0,0,0,8,3,0,0,1,24,0,0,0,0,1,0,0,4,0,0,0,8,0,0,1,0,0,1,2,0,1,0,0,0,1,0,55,0,0,0,0,2,0,0,0,0,0,1,0,0,5,0,0,0,0,0,0,0,10,0,0,0,0,9,0,8,0,0,0,4,0,10,17,1,0,0,0,0,0,0,3,2,0,0,6,5,0,1,0,0,2,0,2,0,1,1,35,2,0,0,0,0,0,0,0,0,14,1,0,0,0,0,0,0,0,0,0,0,0,2,2,0,6,0,0,0,6,0,0,0,1,0,1,2,0,0,31,0,20,2,3,0,0,24,5,2,0,0,0,0,1,3,12,0,0,0,0,1,1,1,0,26,0,0,0,0,1,1,0,0,0,0,0,0,0,1,0,0,0,0,0,0,0,0,0,4,0,0,0,0,0,0,0,0,0,0,0,0,5,0,0,1,0,0,0,0,0,0,0,0,0,2,0,0,0,0,0,0,0,0,0,0,0,0,15,0,0,0,2,0,0,0,0,1,0,3,1,0,4,0,3,0,0,1,1,0,0,0,0,0,0,0,0,0,0,1,0,0,1,0,0,0,0,1,0,1,0,0,1,1,0,0,0,0,0,0,0,0,0,0,0,0,0,0,0,0,0,0,0,0,0,0,0,0,0,0,0,0,0,11,2,0,0,0,35,0,0,0,0,1,0,0,0,3,0,0,20,1,0,1,0,0,0,0,0,1,0,0,0,0,0,1,0,1,0,0,0,0,0,0,0,0,0,0,0,0,0,0,0,0,0,0,0,0,1,0,6,0,0,22,0,0,3,0,5,1,0,4,0,1,1,40,0,0,0,1,0,0,0,0,0,3,0,13,0,0,0,0,0,0,0,0,2,0,0,0,0,0,1,0,0,0,0,0,0,0,0,0,1,0,0,3,0,0,0,0,8,0,0,0,0,0,1,0,0,0,0,0,0,0,0,0,0,0,0,0,0,0,0,0,0,0,0,0,0,0,0,0,0,0,0,0,0,0,3,0,0,0,0,0,0,0,0,0,0,0,0,0,0,0,0,0,0,0,0,0,0,0,2,1,0,0,0,0,4,1,13,0,2,2,5,0,0,0,0,0,0,0,0,0,0,0,0,0,0,0,1,0,1,0,1,0,0,4,2,0,0,0,0,0,0,41,0,2,0,3,0,0,0,0,0,0,0,0,0,0,2,0,0,1,0,0,0,0,0,0,0,0,0,0,0,0,0,0,1,0,0,0,0,0,0,0,0,0,0,0,0,0,0,0,0,0,0,0,0,0,0,0,0,0,0,0,9,1,0,0,0,0,3,0,0,2,0,0,1,0,0,0,0,0,0,0,0,0,0,3,3,0,0,0,0,2,0,2,0,0,0,0,1,0,13,2,0,1,0,5,0,0,0,0,0,0,0,1,0,1,0,0,0,7,0,0,65,0,2,0,1,0,0,7,3,15,0,0,3,1,0,15,78,3,2,0,0,1,0,0,11,0,0,0,0,0,0,0,2,0,0,3,0,0,0,0,0,0,1,0,0,0,0,0,0,1,0,1,0,0,0,0,0,0,0,0,0,0,0,0,0,1,0,0,0,0,0,0,0,0,0,0,0,0,1,0,0,1,0,0,0,0,0,0,1,0,0,0,0,2,1,1,10,8,1,7,0,0,0,1,0,2,1,0,2,0,11,1,10,1,2,0,1,0,0,7,0,0,1,0,0,0,0,0,3,63,3,0,1,0,2,0,2,0,1,2,1,1,0,0,0,0,0,6,0,0,0,0,3,2,1,0,0,0,0,0,0,0,0,0,0,4,0,0,0,0,1,1,0,0,0,8,0,0,0,18,0,0,0,0,0,0,0,0,0,0,0,2,0,0,0,0,0,1,0,0,5,15,0,0,2,0,0,32,0,0,0,0,0,0,0,0,0,1,0,0,0,2,0
175,1082,COLÉGIO ESTADUAL IVO LEAO,R NSA SRA DA CABECA 1183 -CJ VISC MAUA/CJ RONDON CIC SUL,CIDADE INDUSTRIAL,-25.49587022,-49.31673689,75,0,5558,4499,414,225,0,3,9,12,60,3,6,1,0,6,3,37,3,1,0,0,4,2,0,2,4,4,31,3,4,0,25,1,2,9,1,39,0,0,0,1,0,1,4,0,12,1,0,3,3,75,1,0,1,1,1,0,3,6,0,0,0,30,0,1,6,0,1,6,1,0,2,0,0,2,0,4,164,0,0,0,0,6,0,3,1,0,0,4,1,0,18,0,1,0,0,1,0,0,19,0,0,0,0,16,0,18,1,1,2,5,0,45,45,0,0,0,0,0,0,0,0,0,0,1,8,17,0,0,1,0,0,0,0,2,0,0,80,1,1,0,3,0,1,0,0,1,22,0,12,0,0,0,0,1,0,3,0,0,0,11,9,0,27,0,0,0,13,0,0,0,5,2,2,1,0,0,94,3,77,12,3,2,0,93,13,7,0,0,0,4,5,4,23,1,1,0,0,3,0,4,0,64,0,0,0,1,1,7,0,1,1,1,0,0,1,0,0,0,0,0,0,0,0,0,0,6,0,0,5,0,0,0,2,0,0,0,0,4,2,0,0,0,0,0,0,3,0,0,0,0,0,0,2,0,0,0,0,0,0,0,0,0,0,0,44,0,2,0,2,0,0,0,0,5,0,3,1,2,2,1,19,0,2,0,1,0,0,0,1,0,0,0,0,0,1,5,0,0,0,0,0,0,0,2,0,3,0,0,1,0,1,0,0,1,0,0,0,0,0,0,0,0,0,0,0,0,4,0,0,0,3,3,1,1,0,0,0,0,0,30,1,1,1,0,74,0,0,0,0,17,0,1,13,1,0,0,47,1,0,0,0,0,0,0,0,0,0,0,1,0,0,0,0,0,0,0,0,1,1,0,0,0,0,0,0,0,0,0,0,0,0,0,0,0,4,1,25,0,0,76,0,0,8,3,17,7,0,11,2,0,0,142,0,0,0,8,2,0,0,0,1,2,0,61,0,0,0,0,0,0,0,0,0,0,1,1,2,0,3,0,0,1,1,1,0,2,3,0,0,1,0,0,4,2,1,0,15,1,0,0,4,0,1,0,2,0,1,0,0,1,0,0,0,0,0,0,0,1,0,0,3,0,3,0,0,0,0,0,0,0,0,0,0,0,3,2,0,0,0,0,0,0,0,0,0,0,0,2,0,0,4,0,0,0,0,1,1,0,0,4,1,2,0,0,1,0,44,0,8,2,8,1,0,0,0,0,0,0,0,2,0,0,1,0,0,0,3,2,14,0,0,0,0,3,0,1,0,0,0,0,0,105,3,3,0,12,0,0,13,0,7,0,0,0,0,0,3,0,1,1,0,0,0,0,0,0,0,0,0,0,0,0,0,0,3,0,0,1,0,0,1,4,0,0,0,0,0,0,0,0,0,0,0,0,0,0,0,0,1,0,0,0,8,2,0,0,0,0,5,1,2,2,0,1,1,0,6,0,1,0,0,0,0,0,1,6,4,0,0,0,0,2,0,2,0,1,0,0,1,0,13,9,1,1,0,25,0,0,0,0,0,1,0,10,0,4,0,0,4,17,1,5,193,0,6,1,1,7,0,25,4,58,2,3,11,1,0,30,176,0,3,1,0,0,0,0,18,0,0,0,0,0,0,2,6,1,0,4,0,6,0,0,0,0,0,1,0,0,0,0,1,1,0,2,0,0,0,1,0,1,1,4,3,0,0,0,0,0,0,0,1,0,0,0,0,0,0,0,0,0,1,0,1,2,0,0,3,7,0,0,0,0,0,1,0,1,2,0,8,39,4,13,10,0,0,2,3,0,2,0,7,9,4,4,47,2,0,1,0,0,1,8,0,0,3,0,4,0,0,1,3,183,1,8,16,0,11,6,6,0,1,2,2,1,1,0,0,1,0,2,0,0,0,0,11,1,0,1,0,0,1,3,0,0,3,0,3,13,0,0,0,0,2,0,0,1,0,20,0,0,0,30,1,0,0,1,2,3,0,0,1,0,0,2,0,0,0,5,0,1,0,1,10,31,0,0,4,0,0,74,0,0,0,1,0,0,0,0,11,9,1,0,1,5,1
175,1090,ESCOLA MUNICIPAL JOAQUIM TAVORA,R ANGELINA T CAVALIM 90 -CJ OSWALDO CRUZ II CIC  SUL,CIDADE INDUSTRIAL,-25.5153144,-49.32646772,75,0,3614,2970,296,149,0,5,11,7,67,0,5,0,0,16,1,26,0,0,0,0,1,2,0,1,2,12,34,8,1,0,21,0,0,3,0,7,0,0,0,2,0,0,2,2,18,0,0,0,0,43,0,0,0,2,0,0,0,1,0,0,0,26,0,2,1,0,0,4,4,0,1,0,0,0,0,0,86,0,0,0,0,4,0,0,1,0,0,2,0,0,4,0,0,0,0,0,0,1,28,1,0,2,0,6,0,4,3,1,0,0,0,66,30,1,1,0,0,0,0,0,0,0,0,0,2,8,0,0,0,0,1,0,3,0,0,0,31,0,0,0,1,0,0,0,0,0,28,0,2,1,0,0,0,0,0,0,0,0,0,7,4,0,42,0,0,0,13,0,0,0,0,0,0,1,0,0,53,1,96,9,0,0,0,79,3,1,0,0,0,0,0,1,127,0,0,3,0,2,0,1,0,35,0,0,0,0,1,3,0,0,0,0,1,0,1,0,0,0,0,0,0,0,0,0,0,4,0,0,0,0,0,0,8,0,1,0,0,10,3,0,0,0,0,0,1,6,0,2,0,1,0,0,0,0,0,0,1,0,0,0,0,0,3,0,50,0,0,0,1,0,0,0,0,1,0,3,0,0,0,0,10,0,0,0,1,0,0,0,0,0,0,0,0,0,0,4,0,0,0,0,0,0,0,0,0,0,0,0,0,0,2,0,0,0,0,0,0,0,0,0,0,0,0,0,0,0,2,0,0,0,1,2,0,0,0,0,0,0,0,10,2,0,0,0,22,0,0,0,1,9,0,0,0,13,0,1,20,3,0,2,0,0,0,1,0,0,0,0,0,0,0,0,0,0,0,0,0,0,0,0,0,0,0,0,0,0,0,0,0,0,0,0,0,0,0,3,10,0,0,35,0,0,2,0,4,3,0,1,2,0,0,115,0,0,0,5,0,0,0,1,0,0,0,27,0,1,0,0,0,0,0,0,0,0,5,0,1,0,0,0,0,0,3,0,0,0,2,0,1,0,0,0,0,0,0,0,25,1,0,0,2,1,0,0,0,0,0,0,0,0,0,0,0,0,0,0,2,0,0,0,0,0,0,0,0,0,0,0,0,0,0,0,0,0,2,1,0,0,0,0,0,0,0,0,3,0,0,0,0,0,0,0,0,0,0,0,0,1,0,2,0,0,0,0,0,8,16,0,3,2,0,0,0,0,0,0,1,0,0,0,0,0,0,0,0,0,2,0,0,0,0,0,0,1,0,0,0,0,0,0,0,47,0,1,0,9,0,0,2,0,0,0,0,0,0,0,0,0,0,0,0,0,0,1,0,0,0,0,0,0,0,0,0,0,1,0,0,0,0,0,0,0,0,0,0,0,0,0,0,0,0,0,0,0,2,0,0,0,0,0,0,0,10,3,0,0,1,0,3,0,0,1,0,0,0,0,0,0,4,0,0,1,0,0,0,5,1,0,0,0,0,0,0,3,0,0,0,0,0,0,2,2,0,2,0,4,0,1,0,0,0,0,0,4,0,1,0,1,0,3,0,0,122,0,2,0,1,1,0,1,0,30,0,0,4,0,0,48,118,0,0,1,0,0,1,0,17,0,0,0,0,0,0,1,3,0,0,5,0,0,0,0,0,0,0,0,0,0,0,1,0,0,0,0,1,0,0,0,0,0,0,1,2,4,0,0,0,0,0,0,0,0,0,0,0,0,1,0,0,0,0,0,1,0,0,0,0,0,0,0,0,0,0,0,0,0,0,0,12,16,0,5,2,0,0,0,11,0,1,0,0,9,2,0,32,3,1,2,0,0,0,1,0,0,0,0,0,0,0,0,2,107,1,8,6,0,2,1,5,0,0,1,0,2,0,4,0,0,0,0,0,0,0,0,3,2,0,0,0,0,1,0,0,0,0,0,3,9,0,0,0,0,3,0,0,0,0,43,0,0,0,9,0,0,0,1,0,0,0,0,0,2,0,0,0,0,0,0,1,1,0,0,0,19,0,0,21,0,0,50,0,0,0,0,0,0,0,0,4,1,0,0,0,0,0
175,1104,ESCOLA MUNICIPAL CEI MONTEIRO LOBATO,R GUILHERME FUGMANN- 501 VL N SRA DA LUZ  DOS PINHAIS,CIDADE INDUSTRIAL,-25.50136033,-49.32031923,75,0,2536,1983,196,110,0,2,12,4,40,2,4,0,0,8,0,30,1,0,0,0,4,0,1,0,2,11,13,2,1,0,7,1,0,1,0,5,0,0,0,0,0,0,3,1,5,0,0,3,0,32,1,0,1,0,1,0,0,1,0,0,0,15,0,0,1,0,0,1,3,0,1,0,0,0,0,1,71,0,0,0,0,0,0,1,3,0,0,4,0,0,8,0,0,0,2,0,0,0,50,0,1,0,0,2,0,2,0,0,0,1,0,31,35,1,0,0,0,0,0,0,0,0,0,0,1,2,0,0,1,0,1,0,1,1,0,0,23,0,0,0,1,0,0,0,0,1,7,0,2,0,0,1,0,0,0,0,1,0,0,1,1,0,30,0,0,2,8,0,0,0,0,2,1,1,0,0,33,3,59,2,4,0,0,31,2,4,0,0,0,2,0,1,16,0,2,0,0,0,0,1,0,11,0,0,0,0,1,0,0,0,0,0,0,0,0,0,0,0,0,0,0,0,0,0,0,2,0,0,1,0,0,0,0,0,0,1,0,0,1,0,0,0,0,0,0,1,0,0,0,1,0,0,0,0,0,0,0,0,0,1,0,0,0,0,40,0,0,0,1,0,1,0,0,0,1,2,1,0,0,0,5,0,0,0,0,1,0,0,0,0,0,0,1,0,0,1,0,0,0,0,0,0,0,0,0,0,0,0,1,0,0,0,0,0,0,0,0,0,0,0,0,0,0,0,0,0,0,0,0,0,0,0,0,0,0,0,0,0,0,13,0,0,0,0,27,0,0,2,0,1,0,0,4,4,0,0,22,1,0,0,0,0,0,0,0,0,0,0,0,0,0,0,1,0,0,0,0,0,0,0,0,0,0,0,0,0,0,0,0,0,0,0,0,0,0,0,8,0,0,21,0,0,5,2,3,0,0,2,0,0,0,67,0,0,0,1,0,0,1,0,1,0,0,22,0,0,3,0,0,0,0,0,0,0,1,0,0,0,2,0,0,0,3,0,0,0,0,0,0,0,0,0,0,1,0,0,14,0,0,0,1,0,0,0,0,0,0,0,0,0,0,0,0,0,0,0,0,1,0,0,0,0,0,0,0,1,1,0,0,0,0,0,0,0,2,0,0,0,0,0,0,0,0,0,4,0,0,0,0,0,0,0,0,0,0,0,0,0,0,1,0,0,0,1,1,2,16,0,1,1,4,0,0,0,0,0,0,0,2,1,0,0,0,2,0,0,0,0,12,0,0,0,0,5,0,0,0,2,0,0,0,35,0,0,0,3,0,0,1,0,0,0,1,0,0,0,1,0,0,0,0,0,0,2,0,0,0,0,0,0,0,0,0,1,0,0,0,1,0,0,4,3,0,0,0,0,0,1,0,0,0,0,0,1,0,0,0,0,3,0,0,0,2,1,0,0,0,0,3,0,0,2,0,1,0,0,1,0,2,0,0,0,1,0,0,0,3,0,0,0,0,1,1,2,0,0,0,1,2,0,2,4,0,1,0,3,0,0,0,0,0,0,0,0,0,6,0,0,1,1,1,0,89,0,0,0,1,0,0,5,2,20,0,0,5,0,1,28,68,0,0,0,0,0,0,0,10,0,0,0,1,0,0,0,0,1,0,2,0,0,0,0,0,1,0,0,1,0,0,0,0,0,3,2,1,0,0,0,0,0,0,3,0,0,0,0,0,0,0,0,0,0,0,0,0,0,0,0,0,0,0,0,0,0,0,0,2,0,0,0,0,0,1,0,0,0,0,0,4,14,2,3,1,2,0,1,0,0,2,0,2,1,1,1,18,2,0,1,0,0,0,1,0,0,1,0,0,0,1,0,0,75,4,11,3,0,2,1,0,0,2,1,0,0,0,0,0,0,0,0,0,0,0,0,4,2,0,1,0,0,1,1,0,0,0,0,0,6,0,0,1,0,1,0,0,1,0,10,0,0,0,15,0,0,0,4,0,1,0,0,0,8,0,0,0,0,0,2,0,0,0,0,1,10,0,0,2,0,1,47,0,0,0,0,0,0,0,0,1,3,0,0,0,1,0
175,1112,ESCOLA MUNICIPAL NOSSA SENHORA DA LUZ DOS PINHAIS,RUA DAVI XAVIER DA SILVA   841   VL N. S. DA LUZ DOS PINHAIS CIC SUL,CIDADE INDUSTRIAL,-25.50813613,-49.32545629,75,0,2483,1966,185,100,0,1,2,8,44,2,1,0,0,11,0,23,2,1,0,0,7,2,3,0,3,2,18,5,1,0,11,0,2,1,0,9,1,0,0,1,0,0,1,0,5,1,0,1,0,37,0,0,0,0,0,0,2,2,0,0,0,4,0,0,0,0,0,3,3,0,1,0,0,0,0,0,66,0,0,0,0,1,0,0,0,0,0,2,0,0,2,0,0,0,0,0,0,0,43,0,0,0,0,4,0,7,1,0,1,0,0,36,19,0,0,0,0,0,0,0,0,0,0,0,1,12,0,0,0,0,0,0,2,0,0,0,19,0,0,0,0,0,0,1,0,0,7,0,4,0,0,0,0,0,0,0,0,0,0,1,0,0,17,0,0,0,2,0,0,0,0,1,0,0,0,0,46,1,79,5,1,0,0,35,0,2,0,1,2,0,0,2,49,0,0,0,0,2,0,0,0,28,0,1,1,0,3,1,0,0,0,0,0,0,2,0,0,0,0,0,1,0,0,0,0,0,0,0,1,0,0,0,1,0,0,0,0,0,1,0,0,0,0,0,0,2,0,0,0,0,0,0,0,0,0,1,0,0,0,0,0,0,1,1,24,0,1,0,1,0,0,0,0,0,1,4,0,0,0,0,7,0,0,0,0,0,0,0,1,0,1,1,0,0,0,3,0,0,0,0,0,0,0,1,0,0,0,0,0,0,1,0,0,0,0,0,0,0,0,0,0,0,2,0,0,0,0,0,0,0,0,0,0,0,0,0,0,0,0,16,0,1,0,0,24,0,0,0,0,4,0,0,5,7,0,0,11,0,0,1,0,0,2,0,0,0,0,0,0,0,0,0,0,0,0,0,0,0,0,0,0,0,0,0,0,0,0,0,0,0,0,0,0,0,4,1,6,0,0,32,0,0,1,2,1,2,0,2,0,1,1,46,3,0,0,0,0,0,0,0,0,0,0,25,0,0,1,0,0,0,0,0,1,0,2,0,0,0,1,0,0,0,0,0,0,0,0,0,1,0,0,0,0,0,0,0,14,0,1,0,4,0,1,0,0,0,0,0,0,0,0,0,0,0,0,0,2,0,0,0,0,0,0,0,0,0,0,0,0,0,0,0,0,0,3,0,0,0,0,0,0,0,0,0,0,1,0,0,0,0,0,0,0,0,0,0,0,0,0,0,1,0,1,0,0,4,13,0,2,0,1,0,0,0,0,1,0,0,0,0,0,0,0,0,1,0,4,0,0,0,0,0,0,0,0,0,0,0,0,0,0,25,0,0,0,2,0,0,2,0,2,0,0,0,0,0,0,0,1,0,0,0,0,5,0,0,0,0,0,0,0,0,0,0,0,0,0,0,0,0,0,0,0,0,0,0,0,1,0,0,0,0,0,0,0,1,0,0,0,0,0,0,8,8,0,0,1,0,0,0,0,1,0,0,0,0,2,0,6,0,0,0,0,0,0,1,1,0,0,0,0,0,0,4,0,0,0,0,0,0,3,3,0,0,0,3,0,0,0,0,0,0,0,1,0,5,0,0,2,4,0,0,102,0,0,0,1,0,0,5,3,28,0,0,19,2,0,26,97,0,1,0,1,0,0,0,9,0,0,0,0,0,0,0,2,0,0,0,0,0,0,0,0,0,0,0,2,0,0,0,0,0,0,0,0,0,0,0,0,0,0,0,3,1,0,0,0,0,0,0,0,0,0,0,0,0,1,0,0,0,0,0,0,0,0,0,0,2,0,0,0,0,0,0,0,0,0,0,6,6,0,5,0,0,0,0,0,0,0,0,1,2,1,1,28,1,0,1,0,0,1,1,0,2,0,0,0,0,0,0,3,60,1,0,8,0,0,0,0,1,1,0,1,0,0,0,0,0,0,0,0,0,0,0,6,0,0,0,0,0,0,1,0,0,0,0,1,3,0,0,0,0,0,0,0,1,0,17,0,0,0,12,0,0,0,1,0,0,0,1,0,3,0,0,0,0,0,1,0,0,0,0,2,24,0,0,2,0,0,27,0,0,0,1,0,0,0,0,2,0,0,0,0,2,0
175,1198,ESCOLA MUNICIPAL PROFESSORA JOANA RAKSA,"RUA FRANCISCA BERALDE PAOLINI, 99 - CAXIMBA",CAXIMBA,-25.61890847,-49.34854978,70,0,2680,2067,268,99,0,6,14,4,40,2,1,0,0,14,4,25,0,1,0,0,5,0,2,2,5,4,21,4,1,1,15,0,2,4,0,2,0,0,0,0,0,0,1,1,4,1,0,0,0,38,0,0,0,0,0,0,0,1,0,0,1,22,0,1,0,0,3,2,21,0,6,0,0,0,0,3,66,0,0,0,0,3,0,0,0,0,1,1,0,0,2,0,0,0,2,0,0,0,5,0,0,1,0,0,0,4,0,1,0,0,0,39,38,0,0,0,0,0,0,0,0,0,0,0,1,0,0,0,0,0,0,0,1,0,0,0,10,0,0,0,0,0,0,0,0,0,3,0,2,0,0,0,0,0,0,0,0,0,0,0,1,0,22,0,0,0,21,0,0,0,6,2,0,0,0,0,22,2,47,2,2,0,0,21,0,0,0,0,0,0,1,0,19,0,0,0,0,2,0,0,0,6,0,0,0,0,4,0,0,0,0,3,0,0,1,0,0,0,0,0,1,0,0,0,0,0,0,0,1,0,0,0,0,0,1,0,0,0,0,0,0,0,0,0,0,2,0,0,0,0,0,0,0,0,1,1,0,0,1,0,1,0,0,0,28,0,0,2,16,0,0,0,0,0,0,0,0,1,0,1,2,0,0,0,3,0,0,0,0,0,0,0,0,0,0,7,0,0,0,0,0,0,0,0,0,0,0,0,1,0,0,0,0,0,0,0,0,0,0,0,0,1,0,0,0,3,1,1,0,0,0,0,1,0,0,0,0,0,0,5,4,0,0,0,13,0,0,0,0,2,0,0,0,0,0,2,9,0,0,1,0,0,0,0,0,0,0,0,0,0,0,0,0,0,1,0,0,0,0,0,0,0,0,0,0,0,0,0,0,0,0,0,0,0,2,1,0,0,0,18,0,0,2,3,5,1,0,2,2,0,1,72,0,0,0,0,0,0,0,0,0,2,1,24,0,0,0,0,0,0,0,0,0,0,0,0,0,0,1,0,0,0,0,0,0,0,0,0,0,0,0,0,0,0,0,0,4,0,0,0,1,0,2,0,0,0,0,0,0,0,0,0,0,0,0,0,0,0,0,0,0,0,0,0,0,0,0,0,0,0,0,0,0,0,0,0,0,0,0,0,0,0,0,0,0,0,0,0,0,0,0,0,0,0,0,0,0,0,0,0,0,0,0,1,0,0,5,0,0,0,1,0,0,0,0,0,0,0,1,0,0,0,0,0,0,0,2,0,0,0,0,0,0,0,0,0,0,0,0,0,0,9,0,0,0,5,0,0,0,0,0,0,0,0,0,0,0,0,0,0,0,0,0,3,0,0,0,0,0,0,0,0,0,0,8,0,0,0,0,0,0,1,2,0,0,0,0,0,0,0,0,0,0,0,0,0,0,0,0,0,0,0,4,0,0,0,0,0,1,0,0,4,0,0,0,1,1,0,5,0,0,0,0,0,0,2,4,0,0,0,0,0,0,2,0,0,0,0,3,0,4,1,0,0,0,1,0,2,0,0,0,0,0,0,0,2,1,0,1,2,0,1,104,0,1,0,0,0,0,3,7,19,0,0,0,0,0,140,90,0,0,0,0,0,0,0,3,0,0,0,0,0,0,0,2,0,0,0,0,0,0,0,0,0,1,1,2,0,0,0,0,0,0,1,0,0,0,0,0,0,0,1,0,0,0,2,0,1,0,0,0,0,0,0,0,0,0,0,0,0,0,0,0,0,0,0,0,0,0,0,0,0,0,0,0,1,0,0,0,12,0,7,0,0,0,0,0,0,0,0,0,0,45,1,17,0,0,0,0,0,0,0,0,0,0,0,0,0,0,0,0,131,0,1,1,0,1,0,14,0,1,1,2,0,0,0,0,0,1,0,0,1,0,0,3,1,0,2,0,0,0,3,0,0,0,0,0,1,0,0,0,0,0,0,0,0,0,31,1,0,0,11,0,0,0,0,0,0,0,0,0,3,0,0,0,0,0,0,1,0,0,0,0,28,0,0,2,0,0,10,0,0,0,0,0,0,0,0,1,0,0,0,0,1,0
175,1201,ESCOLA ESTADUAL GUILHERME PEREIRA NETO,"RUA DELEGADO BRUNO DE ALMEIDA, 4386 - CAMPO DE SANTANA",CAMPO DE SANTANA,-25.59478532,-49.3223243,71,0,2762,2142,251,119,0,2,9,6,36,4,6,0,0,9,1,8,1,0,0,0,0,0,1,1,4,7,13,6,1,0,13,1,1,5,1,8,0,0,1,0,0,0,2,2,5,0,0,1,0,26,0,0,0,0,0,0,1,2,0,0,0,22,0,1,2,0,0,2,9,0,3,0,0,0,0,0,88,0,0,0,0,0,0,0,0,0,0,2,0,0,5,0,0,0,0,0,0,0,4,0,0,0,0,2,0,9,0,0,0,1,0,17,32,2,0,0,0,0,0,0,0,0,0,0,0,2,1,0,0,0,2,0,0,0,0,0,11,0,0,0,0,0,0,1,0,1,21,0,9,0,0,0,2,0,0,0,0,0,0,1,3,0,21,0,0,0,10,0,2,0,3,0,0,2,0,0,14,1,41,3,1,0,0,34,3,1,0,0,1,0,3,1,11,0,1,0,5,4,0,0,0,6,0,1,0,0,1,0,2,0,0,3,0,0,0,0,0,0,0,0,3,0,0,0,0,3,0,0,2,0,0,0,0,0,0,0,3,0,0,0,0,0,0,0,0,1,0,0,0,0,0,0,0,0,1,0,0,0,0,0,2,0,1,0,15,0,0,0,5,0,0,0,0,0,3,0,0,0,0,0,3,0,0,0,0,0,0,0,0,0,0,0,0,0,0,0,0,0,0,0,0,0,1,0,1,0,0,0,0,1,1,0,0,0,0,0,0,0,0,0,0,0,0,0,0,0,2,1,0,0,3,0,0,0,0,0,0,0,1,5,2,0,0,0,19,0,0,0,1,5,0,0,3,8,0,0,5,1,0,0,0,0,0,0,0,0,0,0,0,0,0,0,0,0,0,0,0,0,0,0,0,0,0,0,0,0,0,0,0,0,0,0,0,0,2,1,1,0,0,20,3,0,3,4,3,0,0,3,1,0,0,87,0,0,0,5,0,0,0,1,0,1,0,35,1,0,0,0,0,0,0,0,0,0,0,0,0,1,1,0,0,0,0,0,0,0,1,0,0,2,0,0,0,0,1,0,8,0,0,0,0,0,0,0,0,0,0,0,0,0,0,0,0,0,0,0,0,0,0,0,0,0,0,0,0,2,0,0,0,0,0,0,0,0,0,0,0,0,0,0,0,0,0,0,1,0,0,0,0,0,0,3,0,0,0,0,0,0,2,0,1,1,0,0,4,3,11,0,0,0,4,1,0,0,0,0,0,0,0,0,0,0,1,0,0,0,0,0,0,0,0,0,0,0,0,0,0,0,0,0,0,15,0,0,0,3,0,0,1,0,0,0,0,0,0,0,0,0,5,0,0,0,0,0,0,0,2,0,0,0,0,0,0,0,3,0,0,1,1,0,0,0,0,0,0,0,0,0,2,0,0,0,0,0,0,0,0,0,0,0,0,0,5,0,0,0,0,0,0,0,0,4,0,2,0,0,1,0,3,0,0,0,0,0,0,1,1,0,0,0,0,1,0,1,0,0,0,0,0,0,4,0,0,0,0,1,0,0,0,0,0,0,1,1,0,0,0,0,0,3,0,0,101,0,0,1,1,2,0,13,5,23,1,0,2,0,0,135,76,1,0,0,1,2,1,0,8,0,0,0,0,0,0,0,3,0,0,2,0,0,1,0,0,0,2,0,12,0,0,0,0,0,1,0,0,2,0,0,0,0,0,2,0,0,0,0,0,0,0,0,0,0,0,0,0,0,0,0,0,0,0,0,0,0,0,0,1,2,0,0,0,0,0,0,0,0,0,0,9,17,0,2,2,1,0,0,1,1,0,0,0,0,47,0,19,0,0,0,0,0,0,1,0,0,0,0,1,0,0,0,1,115,2,5,2,0,2,2,3,0,1,0,4,0,0,1,0,0,0,0,0,0,0,0,26,0,0,0,0,0,2,0,0,0,0,0,0,4,0,0,0,0,1,1,1,0,0,32,0,1,0,11,1,0,0,0,0,0,0,0,0,9,0,0,0,0,0,0,0,0,0,0,1,19,0,0,3,0,0,15,0,0,0,0,0,0,0,0,3,5,0,0,0,0,0
175,1210,ESCOLA MUNICIPAL CEI PROFESSOR ANTONIO PIETRUZA,"RUA JOAO AMADEU PEDRO BOM, 135 -VILA PALMEIRA",TATUQUARA,-25.55090549,-49.29463016,74,0,3297,2673,280,121,0,6,7,12,55,2,9,0,0,8,0,26,3,1,0,0,4,0,1,0,0,6,17,9,0,2,18,0,1,1,0,7,0,0,0,0,0,0,2,3,9,1,0,0,0,60,0,0,0,0,0,0,3,0,0,0,0,17,0,0,0,0,3,1,0,2,395,0,0,0,0,7,73,0,1,0,0,7,0,0,0,0,0,0,0,0,10,0,0,0,0,0,0,0,12,0,0,0,0,6,0,5,1,1,0,0,0,28,43,0,0,0,0,0,0,0,4,0,0,0,3,5,1,0,0,0,1,0,0,0,0,0,26,0,1,0,1,0,0,1,0,2,37,0,0,0,0,0,3,0,0,0,0,1,0,3,2,0,5,0,0,0,6,0,0,0,6,1,0,1,0,0,18,2,28,1,1,1,0,25,4,1,0,3,0,0,1,0,18,0,0,0,0,0,0,0,0,15,0,0,0,0,2,0,0,0,0,0,0,0,0,0,0,0,0,0,1,0,0,0,0,2,0,0,0,0,0,1,5,0,1,0,0,0,3,0,0,0,0,0,0,4,0,0,0,0,0,0,0,0,1,1,0,0,0,0,0,0,0,0,25,0,0,0,25,0,0,0,0,0,0,0,0,0,2,4,0,0,0,0,1,0,0,0,1,0,0,0,1,0,0,0,0,0,0,0,0,0,0,0,0,0,0,0,0,0,0,0,0,1,0,0,0,0,0,0,0,0,0,0,0,0,9,0,0,0,0,0,0,0,0,0,0,0,0,7,3,0,0,0,27,0,0,0,0,1,0,0,2,0,0,0,17,0,0,0,0,0,0,0,1,0,0,0,1,0,0,0,0,0,1,0,0,0,0,0,0,0,0,0,0,0,0,0,0,0,0,0,0,0,5,1,5,0,0,19,0,1,1,0,11,1,0,4,1,0,0,87,0,0,0,0,0,0,0,1,0,3,0,37,0,0,0,0,0,0,0,0,1,0,0,0,0,0,2,0,0,0,2,0,0,0,0,0,0,0,0,0,0,0,0,0,8,0,0,0,1,0,0,0,0,0,0,1,0,0,0,0,0,0,0,0,0,0,0,0,0,0,0,0,0,0,0,0,0,0,0,0,0,0,0,0,0,0,0,0,0,0,0,0,0,2,0,1,0,0,1,0,0,0,0,0,0,0,0,0,0,0,0,0,0,1,11,0,2,0,3,0,0,0,0,0,0,0,0,0,0,0,0,3,0,0,0,0,0,0,0,0,0,0,0,0,0,1,0,0,0,41,0,2,0,4,0,0,1,1,0,0,1,0,0,0,0,0,0,0,0,0,0,0,0,0,0,0,0,0,0,0,0,0,2,0,0,0,0,0,0,1,0,0,2,0,0,0,7,0,0,0,0,0,0,0,0,0,0,0,0,0,2,0,0,0,6,2,0,0,2,0,0,1,0,28,3,0,9,0,0,0,0,0,0,2,0,0,0,0,0,1,0,1,0,0,0,1,0,0,5,2,0,0,0,12,0,0,0,0,0,0,0,0,0,1,0,0,2,7,4,0,98,0,3,0,0,4,0,7,8,44,0,0,1,0,0,78,54,0,0,1,0,0,0,0,5,0,0,0,0,0,0,1,0,0,0,2,1,0,0,1,0,0,0,0,0,0,0,0,0,0,0,2,0,0,0,1,0,0,1,1,0,0,0,0,0,0,1,0,0,0,0,0,0,0,0,0,0,0,0,0,0,3,0,0,1,2,0,0,0,0,0,0,0,0,0,0,14,6,10,3,7,2,0,0,0,0,0,0,0,7,9,3,28,0,0,0,0,2,0,4,0,0,0,0,0,0,0,0,0,86,0,2,5,0,2,1,1,0,2,0,2,1,0,0,0,2,0,0,0,0,0,0,0,3,0,0,0,0,0,0,0,0,0,0,0,7,0,0,0,0,0,0,0,0,0,24,0,0,0,16,0,0,0,2,0,0,0,0,1,4,0,0,0,0,0,2,2,0,0,0,3,31,0,0,0,0,0,20,0,0,0,0,0,1,0,0,1,0,0,0,0,3,0
175,1236,ESCOLA MUNICIPAL PROFESSORA AMERICA DA COSTA SABOIA,"RUA EMILIO ROMANI, 2480 - VILA VERDE - CIC SUL",CIDADE INDUSTRIAL,-25.53143504,-49.33495486,75,0,3663,2881,402,169,0,2,6,13,69,3,8,1,0,17,1,24,2,0,0,0,0,1,3,1,14,18,28,7,1,1,26,0,5,3,0,3,0,0,0,0,0,0,2,1,2,0,0,1,2,65,1,1,0,1,0,0,1,3,0,0,0,37,0,0,0,0,0,9,5,1,5,0,0,0,3,2,135,0,0,0,0,2,0,4,2,0,0,3,0,0,4,0,0,0,2,0,0,1,29,0,0,0,0,1,0,5,30,0,0,0,0,59,38,0,0,0,0,0,0,0,0,0,1,1,1,15,0,1,0,0,0,0,0,0,0,0,7,0,3,0,1,0,0,0,0,0,11,0,6,1,0,0,1,1,1,0,0,0,0,9,0,0,54,0,0,0,10,1,0,0,3,0,0,4,1,0,42,0,57,2,3,3,0,108,1,1,0,0,2,0,0,3,29,0,0,0,0,2,2,1,0,18,0,0,0,0,0,1,0,0,0,0,0,0,1,0,0,0,0,0,0,0,0,0,0,4,0,0,0,0,0,0,5,0,0,0,0,1,1,0,0,0,0,0,0,6,0,0,0,1,1,1,0,0,1,0,0,0,0,1,1,0,0,1,50,0,0,1,3,0,0,0,0,0,0,0,0,0,0,0,4,0,1,0,0,0,0,0,4,0,0,0,0,0,2,4,0,0,0,0,0,0,2,0,0,0,0,0,0,1,1,0,0,0,0,0,0,0,0,0,0,0,0,0,0,0,0,0,0,0,0,0,0,0,0,0,0,0,0,12,2,0,0,0,41,0,0,0,0,2,0,0,8,0,0,1,5,0,0,1,0,0,0,0,0,0,0,0,0,0,0,0,1,0,0,0,0,1,0,0,0,0,0,0,0,0,0,0,0,0,0,0,0,0,0,2,9,0,0,30,2,0,3,2,10,1,0,7,1,0,0,83,0,0,0,1,0,1,0,0,0,3,0,23,0,0,0,0,0,0,0,0,1,0,0,0,0,0,0,0,0,0,2,0,0,0,0,0,0,0,0,1,0,1,0,0,22,0,0,0,0,0,0,0,0,0,0,0,0,0,0,0,0,0,0,0,0,0,0,0,0,0,0,0,0,0,0,0,0,0,0,0,0,0,2,0,0,0,1,0,0,0,0,1,7,0,0,0,0,0,0,0,0,0,0,0,0,1,0,0,1,1,0,1,0,0,10,0,3,1,3,1,0,0,0,0,0,0,0,0,0,0,0,0,0,0,3,0,4,0,0,0,0,0,0,0,0,0,0,0,0,21,0,1,0,4,0,0,4,0,3,0,0,0,0,0,0,0,14,2,0,0,0,0,0,0,0,0,0,0,0,0,0,0,1,0,0,0,0,0,0,2,0,1,0,0,0,0,3,0,0,0,0,0,0,0,0,0,0,0,0,0,6,2,0,0,0,0,0,0,0,1,0,0,0,1,1,0,0,0,1,0,0,0,0,0,0,0,0,0,0,0,0,3,0,0,0,0,1,0,0,6,0,0,0,3,0,2,0,0,0,1,0,0,0,13,0,0,1,0,0,0,99,0,0,0,10,2,0,7,3,12,1,0,2,0,0,24,58,0,0,1,0,0,4,0,12,0,0,1,0,0,0,0,2,0,0,0,0,0,0,0,0,0,0,0,0,2,0,0,0,0,1,1,2,1,0,1,0,0,0,3,0,1,0,0,0,0,0,0,0,0,0,0,0,0,0,0,0,0,0,0,0,0,0,0,0,1,0,0,0,0,0,0,0,2,0,0,2,8,3,7,2,0,0,0,0,0,0,0,0,1,7,1,167,0,0,0,0,0,0,1,0,0,0,0,2,0,0,1,1,52,1,0,1,0,0,0,11,0,1,0,0,0,0,1,0,0,0,0,0,0,0,0,17,4,0,0,0,0,0,0,0,0,0,0,0,2,0,0,0,0,0,0,0,1,0,26,0,0,0,13,1,0,0,2,0,3,1,0,0,6,0,1,0,0,0,0,0,0,0,0,2,20,0,0,5,0,0,39,0,0,0,0,0,0,0,0,7,0,0,0,0,0,0
175,1244,ESCOLA MUNICIPAL DONA POMPILIA,"RUA JOVENILSON AMERICO DE OLIVEIRA, 240 - JARDIM DA ORDEM - TATUQUARA",TATUQUARA,-25.55962911,-49.33205558,74,0,4384,3496,435,190,0,6,5,11,69,2,9,0,2,26,1,25,4,1,1,0,2,2,1,1,7,16,31,14,2,0,23,1,3,5,0,1,1,0,0,0,0,0,1,0,9,2,0,1,0,86,1,2,0,0,0,1,3,0,0,0,0,33,0,3,2,0,1,4,5,0,4,0,0,3,0,2,111,0,0,0,0,1,0,0,0,0,0,5,0,0,3,0,2,0,0,0,0,0,22,0,0,0,0,3,0,10,1,0,0,3,0,62,46,2,0,0,0,0,0,0,0,0,1,3,1,6,1,0,1,0,1,0,0,1,1,1,23,0,1,0,0,0,0,0,1,0,16,1,42,0,0,0,1,0,0,2,0,1,0,0,8,0,41,0,0,0,11,0,0,0,5,1,0,5,0,0,42,6,66,7,5,0,0,68,5,3,0,0,0,0,0,2,36,3,0,0,3,0,1,0,0,17,0,0,0,0,0,0,0,0,0,2,0,0,0,0,0,0,0,0,6,0,0,0,0,1,0,1,0,0,0,0,5,0,0,0,0,2,0,0,0,0,1,0,0,5,0,0,2,1,1,0,0,0,1,0,0,0,0,0,0,0,0,0,29,0,0,0,3,0,0,0,3,0,17,0,0,0,1,1,2,0,0,0,0,0,0,0,0,0,0,0,0,1,0,4,0,0,0,0,0,0,0,0,0,0,0,0,0,0,0,0,0,0,0,0,0,0,0,0,0,0,0,0,0,0,0,0,0,0,0,0,0,0,0,0,0,0,0,13,0,0,0,0,51,0,0,0,1,1,0,0,4,4,0,0,9,1,1,1,0,0,0,0,0,0,0,0,1,0,0,0,0,0,0,0,0,0,0,0,0,0,0,0,1,0,0,0,0,0,0,0,0,0,1,0,4,0,0,31,0,1,7,0,3,1,1,1,0,0,1,112,0,1,0,0,0,0,0,0,0,1,0,54,0,0,0,0,0,1,0,0,0,0,0,1,0,0,2,0,0,0,1,0,0,0,0,0,0,0,0,0,0,0,1,0,39,0,0,0,1,0,0,0,0,0,0,2,0,0,0,0,0,2,0,0,0,0,0,0,0,0,0,0,0,0,0,0,0,0,0,0,0,0,3,0,0,1,0,0,0,0,0,7,1,0,0,0,0,0,0,2,0,0,0,0,1,1,0,0,0,0,0,0,2,0,10,0,0,3,2,0,1,0,0,0,0,0,0,0,0,0,1,1,0,0,4,0,1,0,0,0,0,0,0,0,0,0,0,0,0,31,0,1,0,7,0,1,4,0,0,0,0,0,0,0,1,0,5,0,0,0,0,0,1,0,0,0,0,0,0,0,0,1,1,0,0,0,1,0,0,0,0,0,0,0,0,0,0,0,1,0,0,0,0,0,0,0,0,0,0,1,1,7,0,0,0,0,1,5,0,6,0,1,0,0,7,0,12,0,0,0,0,0,0,22,1,0,0,0,0,0,0,4,0,1,0,0,0,0,6,3,0,3,0,2,0,0,0,0,0,0,0,1,4,1,0,0,1,3,1,0,199,0,0,0,0,0,0,11,1,32,0,0,0,0,0,136,136,0,0,0,1,0,1,0,15,0,0,0,2,0,0,0,3,1,1,0,0,0,0,1,0,1,0,0,6,0,1,0,0,0,0,3,0,1,0,0,0,0,0,0,0,0,0,0,1,0,0,0,0,0,0,0,0,0,0,0,0,1,0,0,0,0,0,0,2,0,0,0,0,0,1,0,0,0,0,0,7,23,0,3,8,1,1,1,2,0,0,0,1,4,7,1,55,6,0,0,0,0,0,3,0,0,1,0,1,0,0,0,0,97,0,4,1,0,1,1,6,0,0,0,2,0,0,0,0,0,0,0,0,0,0,1,6,3,0,0,0,0,1,1,1,0,0,0,1,3,0,0,0,0,1,0,0,0,0,52,0,0,0,8,0,0,0,0,0,0,0,0,2,118,0,0,0,0,0,3,0,3,0,0,6,37,0,0,4,1,0,28,0,0,0,1,0,0,4,0,5,2,0,0,0,3,0
175,1260,ESCOLA MUNICIPAL PROFESSOR DARIO PERSIANO DE CASTRO VELLOZO,"RUA DESEMBARGADOR CID CAMPELLO, 4630  CIC SUL",CIDADE INDUSTRIAL,-25.50955845,-49.33538075,75,0,3620,2811,351,164,0,6,9,11,45,3,6,0,0,19,0,22,0,1,0,0,6,4,2,0,6,13,26,7,2,2,24,0,0,4,2,12,0,0,1,0,0,0,1,1,8,1,0,0,0,43,0,0,0,6,0,0,1,0,0,0,1,17,0,0,0,0,1,1,0,0,0,0,0,0,2,9,90,0,0,0,0,3,0,1,0,0,0,0,2,0,1,0,0,0,0,0,0,0,29,0,0,0,0,3,0,5,7,1,0,0,0,74,34,0,1,0,0,0,0,0,0,0,0,1,5,11,0,0,0,0,0,0,2,0,0,0,11,1,0,0,1,0,0,0,0,1,13,0,8,0,0,0,0,1,0,1,0,3,1,5,1,0,38,0,0,0,9,0,0,0,2,0,1,1,0,0,62,1,111,6,2,0,0,58,0,2,0,0,0,1,1,0,49,0,0,0,0,3,2,0,0,15,0,1,0,0,2,0,0,0,0,0,2,0,0,0,0,0,0,0,0,0,0,0,0,7,0,0,0,0,0,0,0,0,0,0,0,0,1,0,0,0,0,0,0,2,0,2,0,0,1,0,0,0,0,0,0,0,0,1,0,0,0,0,50,0,0,1,3,0,0,0,0,0,0,2,0,0,0,1,4,1,0,0,0,1,0,0,0,0,0,0,0,0,0,1,0,0,0,0,0,0,1,0,1,0,0,0,4,0,1,0,0,0,0,0,0,0,0,0,0,0,0,0,0,0,0,0,0,1,0,0,0,0,0,0,0,0,0,13,0,0,0,0,32,0,0,0,0,5,0,0,3,13,0,0,21,1,0,0,0,0,0,2,0,0,0,0,0,0,0,1,0,0,0,0,0,0,0,1,0,0,0,0,1,0,0,0,0,0,0,0,0,0,0,0,3,1,0,51,0,0,1,0,3,0,0,3,4,0,0,106,0,0,0,7,0,0,0,0,0,1,1,26,0,1,0,1,0,0,0,0,0,0,0,0,1,0,0,0,0,0,1,0,0,0,1,0,0,0,0,0,0,0,1,0,19,0,0,0,2,0,0,1,0,0,0,0,0,0,0,0,0,1,0,0,0,0,0,0,0,0,1,0,0,0,0,0,0,0,0,0,0,0,3,0,0,0,0,0,0,0,0,0,0,0,0,1,0,0,0,0,0,0,0,1,1,3,1,0,0,1,0,0,1,1,10,0,11,3,7,1,0,0,0,0,1,0,1,0,0,0,1,0,2,0,0,0,3,0,0,0,0,0,0,0,0,1,0,0,0,36,0,2,0,6,0,0,2,0,2,0,0,0,0,0,0,0,0,0,0,0,0,0,0,0,0,0,0,0,0,0,0,0,3,0,0,0,0,0,0,0,5,0,0,0,0,0,0,0,0,0,0,0,0,0,0,0,0,0,0,0,7,6,0,1,0,0,0,0,0,2,0,0,0,0,1,0,1,0,0,0,0,0,0,0,1,0,0,0,0,0,1,2,0,0,1,0,0,0,4,4,0,0,0,1,0,0,0,0,1,0,0,2,0,6,0,1,0,3,1,0,143,1,1,0,1,0,0,0,4,19,0,1,2,0,0,13,133,0,0,3,0,2,0,0,24,0,0,0,0,0,0,2,7,0,0,0,0,0,0,1,0,0,1,1,3,2,0,0,0,0,0,0,0,0,0,1,0,0,0,1,0,0,0,0,0,0,0,0,0,0,0,0,0,0,0,0,0,0,1,0,0,0,1,0,0,0,0,0,0,0,1,0,0,1,0,0,11,18,7,5,4,2,0,0,0,0,0,0,2,15,2,0,34,1,0,2,0,0,0,4,0,0,0,0,4,0,0,0,1,52,1,5,13,0,6,0,1,0,0,0,0,0,0,0,1,0,2,2,0,0,0,0,16,0,0,3,0,0,3,7,0,0,0,0,0,3,0,0,1,0,1,0,1,0,0,32,0,0,0,3,1,0,0,0,0,2,0,3,1,2,1,0,0,0,0,1,0,0,0,0,4,15,0,0,3,0,0,41,0,0,0,1,0,0,0,0,1,0,0,0,0,2,0
175,1279,COLEGIO ESTADUAL RODOLFO ZANINELLI,"RUA ANTÔNIA MOLINA BELLA, 610 - VILA VERDE - CIC",CIDADE INDUSTRIAL,-25.52727004,-49.33429867,75,0,5051,4039,595,244,0,8,7,12,76,3,9,1,0,17,0,42,1,0,0,2,5,0,2,2,10,15,18,3,2,0,33,2,2,1,3,4,0,0,0,0,0,0,13,2,3,0,0,1,0,59,0,0,0,0,0,0,0,3,0,0,3,30,0,0,2,1,5,5,0,0,3,2,0,1,6,2,135,0,0,0,0,3,0,7,10,1,0,2,0,0,6,0,1,0,0,0,0,0,29,0,0,0,0,10,0,8,71,3,0,0,0,69,44,6,0,0,0,0,0,0,0,0,0,0,11,16,0,0,1,0,0,0,0,0,1,0,17,0,1,0,1,0,0,0,0,1,14,0,3,0,0,0,2,0,0,0,0,0,1,5,1,0,110,0,0,0,11,1,0,0,5,2,0,1,0,0,101,2,63,4,9,0,0,152,3,4,0,1,1,1,2,3,48,1,0,1,0,1,0,4,0,34,0,0,0,0,1,1,0,0,0,0,0,0,3,0,0,0,0,0,0,0,0,0,0,13,0,0,2,0,0,0,1,0,0,0,0,0,1,0,0,0,0,0,0,0,0,0,0,0,1,0,0,0,0,0,0,0,0,0,0,0,0,2,48,0,0,4,7,0,0,0,1,0,1,0,1,0,1,0,6,0,0,0,1,1,0,0,2,0,0,0,0,0,0,4,0,0,0,0,0,0,1,0,0,0,0,1,0,1,0,0,0,0,0,0,0,0,0,1,0,0,0,0,0,0,0,0,0,0,0,0,0,0,0,0,0,0,0,10,0,0,1,0,48,0,0,0,0,7,0,0,17,3,0,0,11,0,0,0,0,0,0,0,0,0,0,0,0,0,0,0,1,0,0,0,0,0,0,0,0,0,0,0,0,0,0,0,0,0,0,0,0,0,1,1,14,1,0,46,1,0,2,2,7,1,0,4,1,0,1,152,1,0,0,1,0,1,1,3,0,2,0,31,0,0,0,1,0,2,0,0,1,0,0,0,2,0,0,0,0,0,0,0,0,0,1,0,1,0,0,1,1,0,1,0,21,0,0,0,0,0,1,0,0,1,1,0,0,0,0,0,0,0,0,0,0,0,0,0,0,0,0,0,0,0,0,0,0,0,2,0,0,0,1,0,0,0,1,0,0,0,1,3,13,0,0,0,0,0,0,0,0,0,0,0,0,1,0,0,0,0,0,0,0,3,24,0,3,2,4,0,0,0,0,1,0,0,0,0,0,0,1,0,0,0,0,0,1,0,0,1,0,2,0,0,0,0,0,0,0,21,0,0,0,16,0,0,8,0,1,0,1,0,0,0,1,0,21,0,0,0,0,0,0,0,0,0,0,0,0,0,0,0,0,0,0,0,0,0,0,0,0,0,0,0,0,0,0,2,0,0,0,0,0,0,0,0,0,0,0,0,16,7,0,0,0,0,1,0,0,0,0,0,0,4,4,0,3,0,0,0,0,0,0,0,0,0,0,0,0,0,0,1,0,1,0,0,1,0,4,2,0,1,0,5,0,0,0,0,0,0,0,1,0,15,0,0,1,9,1,0,173,2,0,0,7,0,0,15,1,38,0,0,1,1,0,51,91,0,0,0,0,0,2,0,24,0,0,0,0,0,0,0,6,0,0,0,0,0,0,0,0,0,2,0,0,0,0,0,0,0,0,0,0,0,0,2,0,0,0,3,0,1,0,1,0,0,0,0,0,0,0,0,0,0,0,0,0,0,0,0,0,0,0,0,0,1,0,0,0,0,0,0,0,0,1,0,12,11,1,8,5,2,0,1,3,0,0,0,1,2,7,5,270,3,0,1,0,0,0,4,1,1,1,0,1,0,0,0,1,46,0,0,1,0,0,3,5,0,0,0,1,1,0,1,1,0,1,1,0,0,0,1,14,0,0,2,0,0,0,0,0,0,0,0,2,5,0,0,0,0,0,0,0,1,0,24,0,0,0,21,3,0,0,1,0,1,0,1,1,8,2,0,0,0,0,1,0,1,0,0,0,19,0,0,3,2,0,50,0,0,0,3,0,0,0,0,15,2,0,0,0,1,0
175,1287,COLÉGIO ESTADUAL ARLINDO CARVALHO DE AMORIM,"RUA DESEMBARGADOR CID CAMPELLO,  6301 - CIC SUL",CIDADE INDUSTRIAL,-25.4956962,-49.338116,75,0,5011,3935,537,231,0,7,3,6,60,2,1,0,0,20,1,43,1,0,0,0,6,0,3,0,8,8,24,4,1,2,24,1,4,6,0,8,0,0,0,1,0,0,2,0,6,3,0,2,0,109,3,0,0,0,0,0,0,1,0,0,0,32,0,1,1,0,0,2,0,0,0,1,0,1,0,3,162,0,0,0,1,4,0,1,1,0,0,1,4,0,3,0,0,0,1,0,0,0,30,1,0,0,1,1,0,8,10,0,1,0,0,133,37,1,0,0,0,0,0,0,0,0,0,0,6,18,0,0,0,0,5,0,2,0,1,0,21,1,0,0,0,2,0,0,0,1,10,0,2,1,0,0,0,0,0,2,0,1,0,9,0,0,64,0,0,0,9,1,1,0,16,0,1,2,1,0,94,4,106,11,6,2,1,65,2,16,0,0,0,0,1,4,34,6,2,0,0,0,0,2,1,18,0,0,0,0,5,1,0,0,0,0,0,0,0,0,0,0,0,0,0,0,0,0,0,1,0,0,0,0,0,0,5,0,0,0,2,1,4,0,1,2,0,0,0,2,0,0,0,0,0,0,0,0,0,0,0,0,0,3,0,1,0,0,60,0,0,2,4,0,0,0,0,0,3,4,1,0,3,1,18,0,0,0,0,0,0,0,4,0,0,0,0,0,2,3,0,0,0,0,0,0,1,0,0,0,1,1,2,0,0,0,0,0,0,2,0,0,0,0,0,0,0,0,0,0,2,0,0,1,1,0,1,0,0,1,0,0,1,12,0,0,0,0,82,0,0,0,0,11,0,0,1,24,0,0,11,0,0,1,0,0,0,3,0,0,0,0,0,0,0,0,0,0,0,0,0,0,1,0,0,0,0,0,0,0,0,0,0,0,0,0,0,0,2,0,8,0,0,41,0,0,0,0,7,2,0,7,3,0,0,170,0,2,0,4,0,0,1,0,0,4,0,30,2,0,2,0,0,0,0,0,0,1,2,1,0,0,5,0,1,0,0,0,0,0,0,0,0,1,0,0,0,1,0,0,21,0,0,0,2,0,1,0,0,0,0,0,0,0,0,0,0,0,0,0,0,0,0,0,0,0,0,0,0,0,1,0,0,0,0,0,0,0,3,0,0,0,0,0,0,0,0,1,0,0,0,0,0,0,0,0,0,0,0,0,2,0,0,0,0,0,0,0,1,1,15,0,0,1,8,1,0,0,0,2,0,0,0,3,0,0,0,0,1,0,0,0,0,0,0,0,0,9,0,0,0,1,0,0,1,48,0,2,0,5,0,0,4,0,8,0,0,0,0,0,0,0,3,1,0,0,0,0,0,0,1,0,0,0,0,0,0,0,2,0,0,0,0,0,1,1,0,0,0,0,0,0,0,2,0,0,0,1,0,0,0,0,1,0,0,0,5,8,0,0,0,0,2,0,0,3,0,0,0,0,5,0,2,0,0,0,0,0,0,1,5,0,0,0,0,0,0,2,0,2,0,1,0,0,8,4,0,0,2,2,0,0,0,1,0,0,0,2,0,1,0,0,2,7,0,0,183,0,0,0,9,2,1,6,5,49,0,0,7,0,0,23,132,1,0,4,0,1,0,0,8,1,0,0,1,2,0,1,7,0,0,3,0,0,0,0,0,0,1,0,1,0,0,0,0,0,0,0,0,1,1,0,0,0,0,3,3,1,0,0,0,0,0,0,0,0,0,0,0,0,0,0,0,0,0,0,1,0,0,0,1,1,0,0,0,0,0,0,0,0,0,0,9,29,5,2,0,2,1,0,0,0,0,0,1,6,12,0,83,3,1,0,0,1,0,4,0,0,0,0,0,0,0,0,1,59,3,6,13,0,3,6,4,0,3,9,3,1,0,0,0,0,0,1,0,0,0,0,12,4,0,4,0,0,2,0,0,0,0,0,3,10,0,0,1,0,3,1,0,0,0,66,0,0,0,16,1,0,0,1,0,0,0,0,0,3,0,0,0,0,1,6,1,2,0,0,2,18,0,0,7,0,0,81,0,0,0,0,0,0,1,0,11,0,0,0,0,5,0
175,1295,ESCOLA MUNICIPAL SANTA ANA MESTRA,"RUA JOAO PEREIRA TRINDADE, 265 - MORADIAS JAMAICA",CAMPO DE SANTANA,-25.58484725,-49.32354513,71,0,4389,3517,446,171,0,9,8,10,57,2,5,0,0,16,1,44,2,1,0,0,6,2,0,1,3,3,35,7,0,2,12,1,0,4,2,3,0,0,0,1,0,1,1,9,1,5,0,1,0,68,0,0,0,0,0,0,0,0,0,0,3,43,0,2,5,0,0,4,3,1,1,0,0,2,0,0,119,0,0,0,0,2,0,1,0,0,0,3,0,0,8,0,0,0,1,0,0,0,20,0,0,0,0,2,0,5,0,1,0,2,0,32,49,1,0,0,0,0,0,0,0,1,0,0,7,6,0,0,0,0,1,0,1,0,0,0,26,0,0,0,0,0,0,1,0,0,16,0,11,0,0,0,0,0,0,0,0,0,0,7,5,0,25,0,0,0,11,0,0,3,7,0,0,5,0,0,31,6,82,7,4,1,0,32,0,0,0,0,0,0,2,0,22,0,1,0,0,0,1,0,0,27,0,0,2,0,9,0,0,0,0,0,0,0,1,0,0,0,0,0,2,0,0,0,0,3,0,0,0,0,0,0,2,0,0,0,0,7,0,0,0,0,1,0,0,0,0,0,0,0,0,0,0,0,0,0,0,0,0,0,3,0,0,0,32,0,0,0,5,0,0,2,0,1,0,1,0,0,0,6,4,0,1,0,0,0,0,0,2,0,0,0,0,1,0,0,0,0,0,0,0,0,1,1,0,0,0,0,0,0,0,0,0,1,0,0,0,0,0,0,0,0,0,0,0,0,0,1,0,0,0,0,0,0,0,0,0,0,0,10,1,0,0,0,51,0,0,0,0,16,0,0,3,5,0,0,17,0,0,3,0,0,0,0,0,0,0,0,0,0,0,0,0,0,0,0,0,0,1,0,0,0,1,0,1,0,0,0,0,4,0,0,0,0,3,1,3,0,0,47,0,0,5,1,7,1,0,3,5,0,0,157,0,1,0,0,0,1,0,0,0,5,0,69,0,0,0,0,0,0,0,0,0,0,0,0,0,0,1,0,0,0,0,0,0,0,2,1,0,2,0,0,0,0,0,0,30,0,0,0,0,0,1,0,0,0,0,0,0,0,0,0,0,0,0,0,0,0,0,0,0,0,0,0,0,0,0,0,0,0,0,0,0,0,0,0,0,0,0,0,0,0,0,0,0,0,0,0,0,0,0,0,0,0,0,1,0,0,0,0,0,0,0,0,0,0,6,0,1,0,10,0,1,0,0,0,0,0,0,0,0,0,0,2,1,0,0,1,1,0,0,0,0,1,0,0,0,0,0,0,0,25,2,2,0,7,0,1,3,0,0,0,0,0,0,0,0,0,3,0,0,0,0,0,0,0,2,0,0,0,0,0,0,0,0,0,0,0,0,0,0,0,1,0,0,0,0,0,0,0,0,0,0,0,0,0,0,0,0,0,0,0,11,6,0,0,1,0,0,2,0,6,0,0,0,0,1,0,4,0,0,0,0,0,0,0,0,0,0,0,0,3,0,2,0,0,0,0,1,0,7,4,0,1,1,1,0,0,0,0,0,0,0,0,0,2,0,0,5,5,2,0,181,1,0,0,0,0,1,13,1,30,1,1,1,1,0,264,128,1,3,2,2,0,0,0,13,0,0,0,0,0,2,0,2,0,0,3,0,0,0,0,0,0,0,3,59,0,0,0,0,0,0,0,0,0,0,0,0,0,0,2,0,1,0,2,0,0,0,0,0,0,0,0,0,0,0,0,0,1,0,0,1,0,0,0,0,1,0,0,0,0,0,0,0,0,0,0,26,11,0,7,8,0,0,0,2,1,0,0,1,0,22,3,46,5,0,2,1,0,0,0,0,0,0,1,1,0,0,0,1,110,1,5,6,0,0,2,6,0,0,0,7,2,0,0,0,0,2,0,0,0,0,0,7,1,2,2,0,0,0,0,0,0,0,0,2,7,0,0,0,0,1,0,0,2,0,49,0,0,0,22,0,0,0,0,0,0,0,3,0,21,0,1,0,0,0,4,2,0,0,0,3,60,0,0,10,0,0,25,0,0,0,0,0,0,0,0,5,0,0,0,0,5,0
175,1309,ESCOLA MUNICIPAL PROFESSOR DARCY RIBEIRO,"RUA  ENETTE DUBARD, N. 90 - MORADIAS SANTA RITA",TATUQUARA,-25.56018214,-49.33897268,74,0,4945,3955,422,191,0,6,12,11,67,6,9,1,1,23,3,38,4,0,1,0,0,1,0,1,5,21,43,5,3,1,22,0,0,7,1,4,3,0,2,2,0,0,2,0,15,6,0,0,0,95,1,0,0,0,0,0,2,1,0,0,3,30,1,0,2,0,1,3,5,1,12,1,0,0,0,2,134,0,0,0,0,6,0,0,0,0,1,1,0,0,3,0,1,0,0,0,1,0,13,1,0,0,0,4,0,14,2,1,0,2,0,87,46,0,0,0,1,1,0,0,0,0,0,1,3,11,0,0,5,0,1,0,2,0,1,0,29,1,1,0,0,0,0,1,0,0,19,0,67,0,0,0,2,1,0,0,0,0,1,5,2,0,30,0,1,0,13,0,0,0,1,1,1,4,0,2,56,4,56,4,3,4,0,84,4,0,0,1,0,1,0,6,52,0,0,0,2,1,0,0,1,33,0,1,0,1,10,0,0,0,0,1,0,0,0,0,3,0,0,0,5,0,0,0,1,1,0,0,2,0,0,0,1,0,0,0,2,1,0,0,0,0,0,0,0,2,0,0,0,1,1,0,0,0,0,0,0,0,0,0,1,1,0,1,26,0,0,2,13,1,0,0,0,0,11,0,0,0,1,0,6,0,0,0,5,0,0,0,1,0,0,0,0,0,0,4,0,0,0,0,0,0,0,0,3,0,0,0,0,0,1,0,0,0,0,0,0,0,0,0,0,0,0,0,1,0,0,0,0,0,0,0,1,0,0,2,0,1,0,7,0,0,0,0,67,0,0,0,0,10,0,0,2,8,0,0,16,0,0,0,0,0,0,0,0,0,0,0,0,1,0,0,0,0,0,2,0,0,0,0,0,0,0,0,0,0,1,0,0,1,0,0,0,0,3,3,6,0,0,34,0,2,4,0,11,2,0,3,1,0,1,117,0,1,0,4,0,0,0,0,0,1,0,65,1,1,2,0,0,0,0,1,1,0,0,1,0,0,4,0,0,0,0,0,0,0,6,0,0,1,0,1,0,0,0,0,46,0,0,1,1,0,0,0,0,0,1,0,0,0,0,0,0,0,0,0,0,0,0,0,0,0,0,0,0,0,0,0,1,0,0,0,0,0,1,0,0,0,0,0,0,0,0,3,0,0,0,0,0,0,0,0,0,0,0,0,0,0,0,0,0,0,0,0,0,0,9,0,0,0,6,2,0,0,0,0,0,0,0,1,0,0,1,1,0,0,0,2,0,0,1,0,0,0,0,0,0,0,0,0,1,50,0,1,0,5,0,0,2,0,2,0,1,0,0,0,0,0,20,0,0,0,0,0,0,0,0,0,0,0,0,0,0,0,0,0,0,2,1,0,0,0,1,0,0,0,0,0,0,0,0,0,0,0,0,0,0,0,0,0,0,0,4,0,0,0,1,0,2,2,0,2,0,1,2,0,4,0,7,0,0,0,0,0,0,7,5,0,0,0,1,0,0,4,0,0,0,0,2,0,3,2,0,1,0,6,0,0,0,0,0,0,0,2,1,11,0,0,2,0,6,0,247,0,1,0,1,0,0,13,3,31,0,0,4,0,0,197,128,0,3,0,0,1,3,0,29,0,0,0,0,0,2,0,8,1,0,3,0,0,1,0,0,0,2,0,9,0,0,0,1,0,0,4,0,1,0,0,2,0,0,4,1,2,0,0,0,0,0,0,0,0,0,0,0,0,1,0,0,0,2,0,0,1,0,0,0,1,0,0,1,0,1,0,0,0,0,0,14,28,5,3,10,2,0,0,0,0,1,0,1,9,4,1,40,1,0,2,0,1,0,2,0,0,0,0,0,0,0,0,1,96,1,4,3,0,1,2,7,0,2,1,2,0,0,0,0,2,3,2,2,0,0,0,17,5,0,0,0,0,3,3,0,0,1,0,0,6,0,0,0,0,0,0,0,1,0,39,0,0,0,13,0,0,0,0,0,0,0,0,4,131,1,0,0,0,0,0,0,1,0,0,1,30,0,0,5,0,0,39,0,0,0,0,0,0,0,0,2,2,0,0,0,4,1
175,1430,ESCOLA MUNICIPAL MARGARIDA ORSO DALLAGASSA,"RUA SARGENTO FRANCISCO DA SILVA COTRIM, 100 - VILA POMPEIA - TATUQUARA",TATUQUARA,-25.55955781,-49.31556282,74,0,5189,4037,536,212,0,4,9,15,96,5,9,0,0,25,4,45,0,0,1,0,1,0,0,0,11,20,31,10,2,0,25,1,4,4,0,8,0,0,0,0,0,0,3,5,2,0,0,2,1,99,2,0,0,1,0,0,2,1,0,0,0,32,0,1,0,0,1,5,7,0,6,0,0,0,1,1,165,0,0,0,0,3,0,0,0,0,0,3,0,0,9,0,0,0,0,0,1,0,17,0,1,0,0,6,0,12,0,0,0,3,0,35,49,1,1,0,0,1,0,0,0,0,0,0,4,6,1,0,0,0,1,0,0,0,0,0,21,1,0,0,0,2,0,2,0,1,15,0,22,0,0,0,0,0,0,1,0,0,0,7,1,0,37,1,0,0,12,0,0,0,4,0,0,1,1,0,55,3,58,1,6,0,0,82,18,1,0,1,0,0,0,0,10,0,1,1,0,0,1,0,0,32,0,0,0,0,5,0,1,0,0,2,0,0,0,0,0,0,0,0,5,0,0,0,0,1,0,1,0,0,0,0,0,0,0,0,0,3,0,0,0,0,0,0,0,0,0,0,0,0,1,0,0,0,1,0,0,0,0,0,2,0,0,0,47,0,0,2,14,0,0,0,0,0,7,4,1,2,1,7,7,0,2,0,0,0,0,0,7,0,0,0,0,0,0,1,0,0,0,0,0,0,0,0,0,0,0,0,1,3,0,0,0,0,0,0,0,0,0,1,0,0,0,0,0,0,3,0,0,0,0,0,0,0,0,0,0,0,0,11,0,0,0,2,49,0,0,0,0,7,0,0,6,5,0,0,21,1,0,0,0,0,0,1,0,0,0,0,0,0,0,0,0,0,0,0,0,0,0,0,0,0,1,0,1,0,0,0,0,0,0,0,0,0,2,0,3,0,0,43,0,0,6,0,7,2,0,2,4,0,1,138,0,0,0,3,0,0,0,0,0,0,0,56,0,2,0,0,0,0,0,0,0,0,4,0,0,0,3,0,0,0,2,0,0,0,2,0,2,0,0,0,2,0,0,0,20,0,0,0,2,0,1,0,0,0,0,0,0,0,0,0,0,0,0,0,0,0,0,1,0,0,2,0,0,0,0,0,0,0,0,0,0,0,0,0,0,0,0,0,0,0,0,1,1,0,0,0,0,0,0,0,0,0,0,0,0,0,1,6,0,0,1,0,0,3,26,0,0,0,5,0,0,0,0,0,0,0,0,0,0,0,0,0,1,0,0,0,0,0,0,0,1,1,0,0,0,0,0,0,0,54,0,2,0,0,0,0,6,0,1,0,0,0,0,0,0,0,2,0,0,0,0,1,0,0,0,0,0,0,0,0,0,0,5,0,0,0,0,0,0,0,0,0,0,0,0,0,1,0,0,0,0,0,0,0,0,0,1,0,0,0,12,8,0,0,2,0,1,0,0,4,0,1,0,1,4,0,23,0,1,0,0,0,1,2,1,0,1,0,0,0,0,2,0,0,0,0,2,0,8,2,0,1,0,9,0,0,0,0,0,0,0,1,0,5,1,0,1,7,5,0,246,4,1,0,0,1,0,22,2,75,0,0,4,0,0,110,165,1,3,0,0,0,0,5,8,0,0,1,0,0,2,0,3,1,0,2,0,0,0,0,0,0,1,1,13,0,0,0,1,0,1,0,0,1,0,0,0,0,0,3,3,2,0,1,0,0,0,0,0,0,0,0,0,0,0,0,0,0,1,0,0,0,0,0,0,0,0,0,0,0,0,0,0,0,0,0,18,11,1,9,5,0,0,2,2,0,1,0,0,0,9,5,41,2,0,0,0,0,2,7,0,0,6,0,0,0,0,0,16,130,0,6,5,1,8,3,2,0,3,2,4,1,0,0,0,3,1,3,0,0,1,0,3,0,0,0,0,0,0,0,0,0,0,0,2,8,0,1,1,0,1,0,0,1,0,77,0,1,0,29,0,0,0,1,0,0,0,1,2,69,0,2,1,0,0,1,0,0,0,0,1,55,0,0,5,0,0,28,0,0,0,0,0,0,0,0,4,0,0,0,0,8,0
175,1449,ESCOLA MUNICIPAL DO CAIC CANDIDO PORTINARI,R.ANTONIO GEROSLAU FERREIRA S/N - CJ.DIADEMA II - CIC-SUL,CIDADE INDUSTRIAL,-25.49611007,-49.34983475,75,0,4992,4018,470,233,0,7,13,9,58,3,6,0,0,19,0,39,2,0,0,0,2,3,5,0,5,10,20,10,1,0,25,0,1,4,1,11,0,0,0,0,0,0,0,0,9,3,0,5,0,106,0,0,0,0,1,3,0,1,0,0,0,25,0,0,1,1,0,1,1,1,6,0,0,0,0,1,169,0,0,0,0,9,0,0,0,0,0,2,4,0,9,0,1,0,0,0,0,0,22,0,0,0,0,17,0,14,0,15,0,3,0,73,43,0,0,0,0,0,0,0,0,0,0,2,3,8,0,0,1,0,3,0,0,0,1,0,38,0,0,0,2,4,0,0,2,1,23,0,11,0,0,1,0,3,0,0,0,0,0,0,5,0,61,0,0,0,14,0,0,1,1,1,1,1,1,0,83,8,64,6,1,2,0,125,7,5,0,0,1,0,0,1,22,1,0,1,1,1,1,3,0,52,0,0,0,0,3,0,0,0,1,1,0,0,0,0,0,0,0,0,2,0,0,0,0,7,0,0,1,0,0,2,5,0,0,0,0,2,0,1,0,0,0,0,0,2,0,2,0,3,5,0,0,0,0,0,0,0,0,0,0,1,1,1,58,0,0,3,1,0,0,0,1,1,2,4,0,0,2,2,13,0,0,0,0,0,0,0,1,1,0,0,0,0,0,3,0,0,0,0,0,0,1,0,1,0,2,2,0,0,2,0,0,1,0,0,0,0,0,0,0,0,0,0,0,2,0,0,0,0,1,0,0,0,0,0,1,0,0,21,0,1,5,0,41,0,0,0,0,7,0,0,4,12,1,0,16,0,0,0,0,0,0,0,0,0,0,0,0,0,0,0,0,0,0,0,0,0,0,0,0,0,0,0,0,0,0,0,0,0,0,0,0,0,3,0,10,0,0,50,0,2,4,2,32,6,0,3,2,1,0,134,0,0,0,2,0,0,0,0,0,2,0,80,1,0,2,0,0,0,1,0,0,0,1,0,0,0,3,0,0,0,0,0,0,0,1,0,0,1,0,1,1,0,0,0,35,0,0,0,1,2,0,0,0,0,1,0,0,0,0,0,0,0,0,0,0,1,0,0,0,0,1,0,0,0,3,0,0,0,0,0,0,0,5,0,0,0,0,0,0,0,0,0,0,0,0,0,0,0,0,0,0,0,0,0,0,0,0,2,1,0,0,0,3,1,19,0,1,1,5,0,0,0,0,0,0,0,0,0,0,0,0,0,0,0,0,0,0,0,0,0,0,1,0,0,0,0,0,0,1,61,2,1,0,5,0,1,4,1,85,0,0,0,0,0,1,0,0,2,0,0,0,1,0,0,0,0,0,0,0,0,0,0,1,0,0,0,0,0,0,0,1,0,0,0,0,0,0,0,0,0,0,0,0,0,0,0,1,0,0,0,1,10,0,0,0,0,0,0,0,5,0,1,0,0,4,0,0,0,0,0,0,0,0,7,1,0,0,0,0,0,0,3,0,0,0,0,2,0,7,9,0,0,0,7,0,1,0,0,0,0,0,3,0,2,0,1,0,4,0,0,178,0,1,0,1,2,0,3,1,49,0,1,0,0,0,15,123,2,0,5,0,0,0,0,28,1,0,0,0,0,0,0,6,0,0,2,0,0,0,0,0,0,4,0,0,1,0,0,2,0,1,1,0,4,0,0,0,0,0,2,1,0,0,1,0,0,0,0,0,0,0,0,0,2,0,0,0,0,0,0,0,2,0,0,1,4,0,0,0,0,0,0,0,1,0,0,5,15,9,6,1,3,0,0,4,0,0,0,1,9,4,2,163,8,0,0,0,0,2,4,0,2,1,0,0,0,0,0,1,69,1,3,3,1,3,4,3,0,0,0,9,5,1,1,0,1,1,4,0,0,0,0,14,6,0,1,0,0,1,0,0,0,0,1,0,8,0,1,0,0,3,0,0,2,0,35,0,0,0,8,1,0,0,5,0,4,1,0,2,1,2,0,0,0,3,1,1,1,0,1,6,25,0,0,7,0,0,74,0,0,0,0,0,0,0,0,4,10,0,0,0,1,0
175,1457,ESCOLA MUNICIPAL PROFESSOR OSVALDO ARNS,R. ODIR GOMES DA ROCHA 546 - VILA EVANGELICA,TATUQUARA,-25.57269649,-49.33718956,74,0,3658,2913,369,162,0,8,8,5,60,3,7,0,0,16,0,20,2,0,0,0,2,1,0,0,1,6,23,11,0,0,7,1,1,11,0,7,2,0,0,0,0,0,0,0,9,3,0,1,0,61,1,0,0,0,0,0,0,0,0,0,1,24,0,0,0,1,0,3,2,1,1,1,0,0,0,0,76,0,0,0,0,1,0,0,0,0,0,1,0,0,4,0,0,0,0,0,0,0,10,0,0,0,0,4,0,3,3,0,0,1,0,42,37,1,1,0,0,1,2,0,0,0,0,0,1,3,0,0,1,0,2,0,0,0,1,0,20,0,0,1,0,0,0,0,0,0,39,0,33,0,0,0,0,0,0,0,0,0,3,4,2,0,26,0,0,0,5,0,1,0,2,0,0,4,0,0,49,5,55,7,10,0,0,61,3,4,0,1,1,0,0,6,15,0,4,1,0,0,0,1,0,24,0,0,0,1,4,0,0,0,0,1,0,0,0,0,0,0,0,0,1,0,0,0,0,3,0,0,0,0,0,1,3,0,3,0,0,0,1,0,1,0,0,0,0,0,0,0,2,0,0,2,0,0,1,0,0,0,0,0,1,0,0,0,47,0,0,2,24,0,0,0,0,1,6,1,0,0,1,1,4,0,0,0,0,0,0,0,0,0,0,0,0,0,0,5,0,0,0,0,0,0,0,0,0,0,0,0,0,1,0,0,0,0,0,1,0,0,0,0,0,0,0,0,0,0,0,1,0,0,1,0,0,0,0,0,0,3,0,5,1,1,0,0,34,0,0,1,0,2,0,0,2,3,0,0,16,0,0,2,0,0,0,0,0,0,1,0,0,0,0,0,0,0,0,0,0,0,0,0,0,0,0,0,0,0,0,0,0,0,0,0,0,0,2,0,7,0,0,29,0,0,1,2,4,0,0,1,1,0,0,61,1,0,0,1,0,0,0,0,0,1,0,31,0,2,0,0,0,0,0,0,0,0,0,1,0,0,1,0,0,0,0,0,0,0,3,0,0,0,0,0,0,0,0,0,17,0,0,0,3,0,0,0,0,0,0,0,0,0,0,0,0,0,0,0,0,0,0,0,0,0,0,0,0,0,0,0,0,0,0,0,0,0,1,1,0,0,0,0,0,0,0,4,1,0,0,0,0,0,0,0,0,0,0,0,0,0,0,2,1,0,0,0,0,2,8,0,0,0,4,0,0,0,0,1,1,0,0,1,0,0,1,2,0,0,0,1,1,1,0,0,0,2,0,0,0,0,0,0,1,31,1,0,0,0,0,0,0,0,0,0,0,0,0,0,1,0,2,0,0,0,0,0,0,0,0,0,0,0,0,0,0,1,0,0,0,0,0,0,0,3,0,0,0,0,0,0,2,0,0,0,0,0,1,0,0,0,0,0,0,0,5,1,0,0,0,0,0,0,0,7,0,1,0,0,0,1,13,0,0,0,0,0,0,6,1,0,0,0,0,1,0,3,0,0,0,0,0,0,5,2,0,2,0,0,0,0,0,0,0,0,0,0,0,3,0,0,2,5,2,3,152,0,0,0,0,4,0,6,1,27,1,2,4,0,1,73,113,1,0,0,0,0,0,0,14,0,0,0,0,0,1,0,7,2,0,1,0,0,0,0,0,0,4,0,3,0,0,1,2,0,0,0,0,0,0,0,0,0,1,1,0,0,0,0,0,0,0,0,2,0,0,0,0,0,0,0,0,0,1,0,0,2,0,0,0,0,0,1,0,0,0,0,0,0,0,0,8,14,5,4,6,8,0,0,0,1,0,0,2,2,2,3,22,1,0,0,0,0,1,4,0,0,1,0,0,0,0,0,2,84,0,3,2,0,4,2,4,0,0,0,3,0,0,0,0,0,0,0,13,0,1,0,34,4,0,0,0,0,0,0,0,0,0,0,2,9,0,0,0,0,0,0,0,1,0,42,0,0,0,4,0,0,0,2,0,0,0,0,0,172,3,0,0,0,0,3,1,0,0,0,2,31,0,0,2,0,0,36,0,0,0,1,0,0,0,0,4,3,0,0,0,1,0
175,1481,ESCOLA MUNICIPAL NEWTON BORGES DOS REIS,"RUA ADRIANA CERES ZAGO BUENO, 1350 - MORADIAS SANTA RITA - TATUQUARA",TATUQUARA,-25.56579195,-49.33407192,74,0,3850,3113,382,196,0,2,6,7,52,1,6,0,0,11,1,19,2,0,0,0,3,1,1,0,3,8,20,7,0,0,12,0,4,3,0,3,2,0,0,0,0,0,1,0,4,2,0,1,0,74,1,1,0,0,0,3,0,0,0,0,1,29,1,0,0,0,1,1,2,2,2,0,0,0,0,3,117,0,0,0,0,3,0,0,0,1,1,0,1,0,5,0,0,0,0,0,2,0,8,0,0,2,0,0,0,13,0,6,0,7,0,63,27,1,0,0,0,0,0,0,0,0,0,0,1,5,0,0,2,0,1,0,1,0,0,0,20,0,0,0,0,0,0,0,0,0,22,0,35,0,0,0,1,0,0,0,0,0,0,6,1,0,45,0,0,1,10,1,0,0,3,2,0,0,0,1,49,4,32,3,4,0,0,82,5,1,0,0,2,1,0,0,39,0,0,2,0,0,0,1,0,25,0,1,0,0,3,1,0,0,0,4,0,0,0,0,0,0,0,0,5,0,0,0,0,1,1,0,0,0,0,0,0,0,1,0,1,0,0,0,0,0,2,0,0,1,0,0,0,0,0,1,0,0,0,0,0,0,0,0,0,2,0,2,33,0,0,0,13,0,0,0,0,2,14,3,0,0,0,0,9,0,0,0,0,0,0,0,2,0,0,0,0,0,0,3,0,0,0,0,0,0,0,0,2,0,0,0,0,0,0,0,0,3,0,0,0,0,0,0,0,0,0,0,0,0,0,0,0,0,0,0,0,0,0,0,0,1,0,10,0,0,0,0,61,1,0,0,0,6,0,0,9,2,0,0,18,0,0,0,0,0,0,0,0,0,0,0,0,0,0,0,0,0,0,0,0,0,0,0,0,0,0,0,1,0,0,0,0,0,0,0,0,0,0,0,4,0,0,20,0,0,3,11,7,1,0,9,1,0,4,87,0,0,0,1,0,0,0,0,0,3,0,55,0,0,2,0,0,0,0,0,1,0,0,0,0,0,0,0,0,0,0,0,0,0,1,0,0,0,0,0,0,0,2,0,35,0,0,0,1,0,0,0,0,0,0,0,0,0,0,0,0,0,0,0,0,0,0,0,0,0,0,0,0,0,0,0,0,0,0,0,0,0,2,0,0,0,1,0,0,0,0,1,0,0,0,0,0,0,0,0,0,0,0,0,0,0,0,0,0,0,0,0,0,0,12,0,3,0,2,0,1,0,0,0,0,0,2,0,0,0,3,0,0,0,1,0,2,0,0,0,1,0,0,0,0,0,0,0,0,52,1,0,1,2,0,0,7,0,3,0,0,0,0,0,0,0,8,0,0,0,0,0,0,0,1,0,0,0,0,0,0,0,0,0,0,1,0,0,0,2,2,0,0,0,0,0,0,0,0,0,0,0,0,0,0,0,0,0,0,0,0,2,0,0,0,0,0,0,0,3,0,0,0,0,3,1,12,1,0,0,0,0,0,2,4,0,0,0,0,2,0,3,0,0,0,0,5,0,12,2,0,1,0,7,0,0,0,0,1,0,1,4,0,1,2,0,1,3,0,0,206,0,0,0,1,3,0,6,3,26,0,0,1,0,0,85,78,2,0,0,0,0,0,0,13,0,0,0,0,0,0,0,3,1,0,1,0,0,0,0,2,0,4,0,3,0,0,0,1,0,0,0,0,0,0,0,1,0,0,0,0,1,0,1,0,0,0,0,0,0,0,0,0,0,0,0,0,0,1,0,0,1,0,0,0,0,0,0,0,0,0,0,0,0,0,0,10,20,0,2,7,2,0,0,1,3,0,0,1,4,8,3,40,5,1,3,0,0,0,8,0,0,5,0,0,0,0,0,0,64,0,10,3,0,1,0,14,0,1,0,3,2,0,0,0,0,1,3,1,0,0,0,9,3,0,0,0,0,2,0,0,0,0,0,0,5,0,0,1,0,0,1,0,0,0,31,0,0,0,3,0,0,0,2,0,0,0,0,0,106,1,0,0,0,0,0,0,1,0,0,1,33,0,0,5,0,0,30,0,0,0,1,0,0,1,0,8,2,0,0,0,0,0
175,1490,COLÉGIO ESTADUAL DESEMBARGADOR GUILHERME DE ALBUQUERQUE MARANHAO,"RUA JOSE ANGELO MARTINS, 101 - MORADIAS DA ORDEM",TATUQUARA,-25.55793089,-49.33251017,74,0,3762,2878,417,142,0,4,6,4,29,3,5,0,1,7,1,16,2,0,0,0,5,0,0,4,4,7,10,7,2,2,18,0,1,3,0,3,0,1,0,0,0,0,4,0,7,0,0,0,0,66,0,0,0,0,1,0,1,0,0,0,0,15,0,0,2,0,0,3,3,0,4,0,0,0,2,2,106,0,0,0,0,1,0,0,0,0,0,1,0,0,5,0,0,0,0,0,0,0,13,0,0,0,0,3,0,16,0,0,0,0,0,45,19,3,0,0,0,0,0,0,0,0,0,2,0,9,0,0,0,1,2,0,2,2,2,0,15,0,1,0,0,0,0,0,1,0,12,0,24,0,0,0,0,0,0,0,0,0,0,7,7,0,18,0,0,0,15,0,0,0,5,3,0,0,0,0,59,2,35,6,5,1,0,53,5,1,0,0,0,0,0,1,21,2,0,0,0,0,1,0,0,15,0,1,0,0,2,0,0,0,0,1,0,0,0,0,0,0,0,0,2,0,0,0,1,6,0,0,2,0,0,0,2,0,0,0,0,1,0,1,0,0,0,0,0,2,0,0,0,0,0,0,0,0,0,0,0,0,0,0,0,0,2,2,13,0,0,0,1,0,1,0,0,0,7,0,1,0,2,0,4,0,2,0,1,0,0,0,0,0,0,0,0,0,0,0,0,0,0,0,0,0,0,2,0,0,1,0,0,0,1,0,0,0,0,0,0,0,0,1,0,0,0,0,0,0,1,0,0,0,0,0,0,0,0,0,0,0,0,8,0,0,0,2,51,0,0,0,0,9,0,0,3,2,0,0,8,0,0,3,0,0,0,0,0,0,0,0,0,0,0,0,0,0,0,0,0,0,0,0,0,0,0,0,0,0,0,0,0,0,0,0,0,0,2,0,3,0,0,37,0,0,0,0,7,1,0,4,0,0,0,91,0,0,0,2,0,0,0,0,0,1,0,33,0,1,1,0,0,0,0,0,1,0,1,0,0,0,4,0,0,0,0,0,0,0,1,0,0,0,0,0,0,0,1,0,29,1,0,0,1,0,0,0,0,0,0,0,0,0,0,0,0,0,0,0,2,0,0,0,2,0,0,0,0,0,0,0,0,0,0,0,0,0,0,0,0,0,0,0,0,0,0,2,4,0,0,2,0,0,0,0,0,0,0,0,0,1,0,1,0,0,0,0,1,1,7,0,4,2,6,0,0,0,0,4,0,0,1,0,0,0,0,0,0,0,1,0,4,0,0,0,2,0,0,0,0,0,0,1,0,29,0,0,0,5,0,0,0,0,1,0,0,0,0,0,0,0,2,1,0,0,0,0,0,0,0,0,0,0,0,0,0,0,2,0,0,0,0,0,0,0,0,0,0,0,0,0,0,0,0,0,0,0,0,0,0,0,0,0,0,0,6,2,0,0,0,0,0,8,0,0,0,0,0,0,5,0,7,0,0,0,0,0,0,4,0,0,0,1,0,0,1,2,0,0,0,0,0,0,8,2,1,0,0,0,0,0,0,0,1,1,0,3,0,1,0,0,2,3,4,0,200,0,2,0,0,4,0,8,1,28,1,0,4,0,0,114,115,1,0,0,1,0,1,1,9,0,0,0,0,0,0,0,4,0,0,3,0,0,0,1,0,0,1,8,1,0,0,0,4,0,0,1,1,0,0,0,0,0,0,2,0,0,0,0,0,0,0,0,0,0,0,0,0,0,0,0,0,0,0,0,0,1,0,0,0,1,1,0,0,0,0,0,0,0,0,0,1,27,2,5,7,0,0,1,0,0,5,0,3,0,6,1,47,3,0,1,0,0,0,5,0,0,1,0,0,0,0,0,2,58,0,1,5,1,2,4,4,0,0,0,0,0,0,0,0,0,2,4,3,0,0,1,5,0,0,0,0,0,2,0,1,0,0,0,0,2,2,0,0,0,1,0,0,0,0,35,0,0,2,12,0,0,0,0,0,0,0,0,1,99,0,0,0,0,0,0,1,0,0,0,3,39,0,0,3,0,0,56,0,0,0,0,0,0,0,0,7,3,0,0,0,1,0
175,1503,COLEGIO ESTADUAL MORADIAS MONTEIRO LOBATO,RUA OLIVIO JOSE ROSSETI 430,TATUQUARA,-25.57348627,-49.33478104,74,0,5564,4143,545,230,0,8,12,11,68,2,10,0,0,25,1,32,4,2,1,0,4,0,1,1,9,15,31,9,2,0,19,3,1,2,2,16,1,0,0,0,0,0,1,1,2,1,0,1,0,92,1,1,1,0,1,0,1,0,0,0,0,48,2,0,5,0,3,10,0,3,2,0,1,0,1,1,168,0,2,2,1,4,1,0,0,2,1,3,1,1,3,0,0,0,0,0,0,0,13,0,0,0,0,7,0,16,0,4,0,0,1,50,44,2,0,0,0,2,0,0,2,0,0,0,2,3,0,0,0,0,4,0,1,1,1,3,35,1,1,0,1,0,0,0,0,0,21,0,22,0,1,0,0,0,0,0,1,0,0,9,4,0,50,0,0,0,19,0,0,1,2,0,1,4,0,0,56,9,80,5,7,3,0,89,10,7,0,0,3,0,2,6,24,0,0,0,0,3,0,0,1,33,0,0,0,0,2,1,0,0,1,1,0,0,0,0,0,0,0,1,3,0,0,0,0,0,0,0,2,0,0,0,5,0,0,0,0,3,0,0,0,0,2,0,0,1,0,0,0,0,1,0,0,0,0,0,0,0,0,0,1,0,0,0,35,0,0,4,17,0,0,0,0,0,1,3,0,0,2,0,9,0,2,0,0,0,0,0,1,0,0,0,0,0,0,6,0,0,1,0,1,0,0,0,0,0,0,0,0,0,0,0,0,0,0,0,0,0,0,1,0,0,0,0,0,0,0,0,0,1,1,1,0,0,0,0,0,7,0,12,0,1,0,1,53,0,0,0,1,6,1,0,6,5,0,0,17,0,0,1,0,0,1,0,0,0,0,0,0,0,0,0,0,0,0,1,0,0,0,0,0,0,0,0,0,0,0,0,0,0,0,0,0,0,3,0,9,0,0,33,1,0,5,1,8,1,0,0,3,0,0,116,0,1,0,6,0,2,0,0,0,0,0,58,0,3,1,0,1,1,0,0,2,1,2,0,0,0,3,1,0,1,2,0,0,0,1,0,1,1,0,0,0,0,0,0,11,0,0,0,1,0,4,0,0,0,0,0,0,0,0,0,0,0,1,0,0,0,0,0,0,0,0,0,0,0,1,3,0,0,0,0,0,0,1,0,0,0,0,0,0,0,1,12,1,0,0,0,0,0,0,0,0,0,0,2,0,0,0,2,1,1,0,1,0,1,25,0,0,1,6,0,0,0,0,0,1,0,0,0,0,0,2,0,0,1,1,0,1,0,0,0,1,1,0,0,0,0,0,0,0,42,0,2,0,3,0,0,1,0,2,0,0,0,0,0,1,0,4,0,0,0,0,0,0,0,0,0,0,0,0,0,0,0,4,0,0,0,0,0,0,0,0,0,0,0,0,0,2,0,0,0,0,0,3,0,0,1,0,0,0,0,5,1,1,0,0,0,3,0,0,3,0,2,1,1,5,0,18,0,0,0,0,0,0,4,5,0,0,0,0,2,0,7,0,0,1,0,0,1,10,1,0,4,0,2,0,0,0,0,0,0,0,2,0,5,0,0,3,3,2,1,219,0,1,0,3,2,0,14,3,38,0,0,3,0,0,88,147,0,0,2,0,0,1,0,19,0,2,0,1,0,0,1,5,2,0,4,0,0,3,0,2,3,4,0,1,0,0,0,1,0,1,0,0,0,0,0,0,0,0,3,2,0,0,2,0,0,0,1,1,0,0,0,0,0,0,0,0,0,2,0,0,0,0,0,0,0,0,0,0,0,0,0,0,0,0,0,8,26,4,7,9,7,3,0,0,1,0,0,5,5,6,0,25,4,0,0,0,0,0,6,0,0,1,0,0,0,0,0,0,117,0,4,2,0,4,7,3,0,0,1,3,0,0,0,0,0,0,0,3,0,0,1,33,9,0,0,0,0,1,0,0,0,0,0,0,6,0,0,1,0,0,0,1,1,0,52,0,0,0,13,1,0,0,2,0,0,0,0,1,231,0,0,0,0,0,3,1,0,0,0,2,46,0,0,4,0,0,44,0,0,0,3,0,0,1,0,2,5,0,0,0,2,0
175,1511,COLEGIO ESTADUAL EURIDES BRANDAO,"RUA JAIR COELHO, 260 - DIADEMA II",CIDADE INDUSTRIAL,-25.49405839,-49.34913903,75,0,5208,4107,454,256,0,10,15,13,51,2,10,0,2,14,3,44,1,0,0,0,11,1,1,0,7,3,17,3,4,0,20,1,1,4,0,11,1,0,0,0,0,0,5,1,16,0,1,0,0,103,0,1,0,0,1,0,0,0,0,0,1,46,1,0,0,1,4,2,2,1,2,0,0,0,3,1,135,0,1,0,0,3,0,0,0,0,0,1,2,0,11,0,0,0,0,0,2,0,17,3,0,0,0,3,0,14,3,12,0,9,0,53,25,0,0,0,0,0,0,0,0,0,0,0,3,12,0,0,0,0,2,0,1,1,1,0,69,1,1,0,0,2,0,0,0,0,28,1,5,0,0,0,1,1,0,0,0,0,0,5,7,0,24,0,0,2,11,0,0,0,7,1,1,2,1,0,92,2,43,20,3,2,0,87,6,3,0,0,5,2,0,4,25,3,0,0,1,5,1,0,2,62,0,0,0,0,0,2,0,0,0,0,1,0,0,0,0,0,0,0,1,0,0,0,0,5,0,2,1,0,1,0,10,0,0,0,0,5,5,0,0,6,0,0,0,1,0,0,1,2,0,0,0,0,0,0,0,0,0,0,0,0,0,1,50,0,0,1,0,0,0,0,0,1,1,5,0,0,2,3,7,0,2,0,0,0,0,0,1,0,0,0,0,0,0,1,0,0,0,0,0,0,8,0,0,0,0,1,2,5,0,0,0,0,0,0,0,0,0,0,0,0,0,0,0,1,1,0,0,1,2,0,1,0,0,0,0,0,0,28,0,2,0,0,65,0,0,0,0,14,0,0,11,18,0,0,40,0,0,1,0,0,0,0,0,0,0,0,0,0,0,0,0,0,0,0,0,0,0,0,0,0,0,0,0,0,0,0,0,0,0,0,0,0,3,2,10,0,0,43,0,2,10,0,39,1,0,4,2,0,0,120,0,0,0,0,0,0,0,0,0,4,0,90,0,0,0,1,0,1,1,0,0,0,0,0,0,0,2,0,1,0,3,0,0,0,1,0,0,2,0,1,0,0,2,0,19,0,0,0,0,0,2,0,0,0,0,0,1,0,0,0,0,0,0,0,0,1,0,0,0,0,0,0,0,0,0,0,1,0,0,1,0,0,8,0,0,1,0,0,0,0,0,0,1,2,0,0,0,0,0,0,0,0,0,0,1,0,0,2,0,1,3,2,2,2,32,0,4,3,8,0,0,0,0,0,0,0,1,1,0,0,0,0,0,0,0,0,3,0,0,0,0,1,0,0,0,1,0,0,2,70,0,3,0,7,0,0,14,1,64,0,1,0,0,0,0,0,0,0,0,0,0,0,0,0,1,0,0,0,0,0,0,1,3,1,0,0,1,0,0,0,1,0,0,0,0,0,0,0,0,0,0,1,0,0,0,0,1,0,0,0,6,14,0,0,4,0,4,0,0,0,0,0,0,0,10,0,2,0,0,0,0,0,2,3,0,2,0,0,0,2,0,4,0,3,1,0,0,0,15,7,0,1,0,13,0,1,0,0,0,0,0,0,2,5,2,1,2,10,1,1,172,0,0,0,5,2,0,12,0,53,2,0,2,1,0,27,137,2,0,3,1,0,1,0,21,0,0,0,1,0,0,1,6,3,0,4,0,0,0,0,0,0,3,0,0,0,0,0,0,0,2,2,0,0,0,1,0,0,0,15,0,0,0,0,0,0,0,0,1,0,1,0,0,1,0,0,0,0,0,0,0,1,0,0,2,6,0,0,0,0,0,0,0,0,0,0,16,18,1,8,4,1,0,2,1,1,0,0,3,13,9,3,76,3,0,1,1,0,2,8,1,3,1,0,0,0,0,0,2,94,3,4,13,0,3,3,7,1,0,2,5,1,1,0,0,0,1,3,0,1,0,1,6,1,0,0,0,0,2,1,0,0,0,0,2,10,0,0,2,0,4,1,0,2,0,39,0,0,1,13,0,0,0,1,0,6,1,1,1,0,0,0,0,0,2,0,2,0,0,0,9,24,0,0,2,0,0,88,0,0,0,0,0,0,0,0,3,6,0,0,0,3,0
175,1520,ESCOLA MUNICIPAL ALVARO BORGES,"RUA OSVALDO BAGGIO, N. 290 - CONJ. VITÓRIA RÉGIA",CIDADE INDUSTRIAL,-25.54527513,-49.33960707,75,0,3715,3172,305,196,0,3,9,8,45,2,1,1,1,13,0,42,3,0,0,0,4,0,1,0,2,5,27,4,2,0,13,0,1,3,0,12,0,0,0,2,0,0,8,1,36,2,0,2,1,43,0,1,0,2,0,0,0,2,0,0,1,28,0,0,0,0,1,3,2,2,3,0,0,0,3,2,99,0,0,0,0,2,0,0,0,0,0,0,0,1,4,0,0,1,0,0,0,0,34,0,0,0,0,4,0,16,3,2,1,0,0,111,39,1,0,0,0,0,0,0,0,1,0,0,3,4,1,0,2,0,2,0,0,0,0,0,19,0,0,0,2,0,0,0,0,0,20,0,3,0,0,0,0,0,0,0,0,0,0,6,2,0,25,0,0,0,7,0,2,0,4,0,0,2,0,0,52,3,78,6,5,0,0,58,2,4,0,0,2,0,0,2,33,0,0,0,0,0,1,0,2,47,0,0,1,0,1,2,0,0,0,0,0,0,0,0,0,0,0,0,1,0,1,0,2,4,0,0,1,0,0,0,2,0,0,0,0,4,0,3,0,0,0,0,0,0,0,0,0,0,1,0,0,0,0,1,0,1,4,0,0,0,1,0,83,0,0,0,3,0,0,1,0,3,1,1,1,0,0,0,9,0,0,0,0,0,0,0,0,0,0,0,0,0,0,2,1,0,0,0,0,0,0,1,0,0,0,0,0,0,0,0,0,0,0,0,0,0,0,0,0,0,0,0,0,0,0,0,0,2,0,0,0,0,0,0,0,0,1,8,0,0,0,0,28,0,0,0,0,5,1,0,17,3,0,2,17,4,0,0,0,0,0,1,0,1,0,0,0,0,0,0,0,0,0,0,0,0,0,0,0,0,0,0,0,0,0,0,0,0,0,0,0,0,9,2,7,1,0,39,1,1,3,1,4,4,0,2,1,1,0,79,0,2,0,4,0,0,0,0,0,2,0,56,0,0,0,0,0,0,0,0,0,0,1,0,0,0,5,0,0,0,0,0,0,3,1,0,0,0,0,0,0,2,0,0,36,0,0,0,1,0,0,0,0,0,0,0,0,0,0,0,0,0,0,0,0,0,0,0,0,0,1,0,0,0,3,0,0,0,0,0,0,0,4,2,0,0,0,0,0,0,0,0,5,0,0,0,0,0,0,0,0,0,0,0,0,4,0,0,0,0,0,1,0,0,9,0,4,0,6,0,0,0,0,1,0,0,1,0,0,0,0,0,0,0,5,1,1,0,0,0,0,0,0,0,0,0,0,0,0,41,1,1,0,2,0,2,2,0,2,0,0,0,0,0,2,0,11,0,0,0,0,0,1,0,0,0,0,0,0,0,0,1,1,0,0,1,0,0,0,2,0,0,0,0,0,0,0,0,0,0,0,0,0,0,0,0,0,0,0,0,5,1,0,0,3,0,3,0,0,8,0,1,3,0,0,0,1,0,0,0,0,0,0,2,0,0,0,0,0,2,2,2,0,0,0,0,1,0,1,16,0,1,0,9,0,0,1,0,0,0,0,2,0,1,0,0,3,5,3,0,149,0,0,0,0,2,0,23,2,35,0,2,7,0,0,67,90,1,0,0,0,0,1,0,15,0,0,0,0,0,0,1,4,0,0,0,0,0,0,0,0,0,0,0,0,0,0,0,0,0,0,1,0,0,0,0,0,0,0,0,0,0,0,0,0,0,0,0,0,0,0,0,0,0,0,0,0,0,0,0,0,0,0,0,1,9,0,0,0,0,1,0,1,0,0,0,10,18,1,7,4,1,0,0,4,0,1,0,0,8,10,5,101,0,1,2,0,0,1,6,2,0,1,0,0,0,0,0,1,122,4,6,6,0,3,2,4,1,0,1,16,0,0,0,0,1,1,2,7,0,0,0,3,0,1,0,0,0,2,2,0,0,1,0,0,3,0,0,0,0,2,0,0,1,0,17,1,0,0,10,0,0,0,3,0,1,0,0,0,2,0,0,0,0,0,4,0,0,0,0,2,27,0,0,3,0,0,51,0,0,0,0,0,0,0,0,4,2,0,0,0,4,0
175,1538,CMEI ITACOLOMI SABARA,"RUA ANTÔNIO PASTRE, 70 - CIC",CIDADE INDUSTRIAL,-25.49915801,-49.34445863,75,0,1217,890,82,51,0,3,1,2,19,0,0,0,0,7,0,5,0,0,0,0,1,0,1,1,1,1,5,0,0,0,2,0,0,0,0,5,0,0,0,0,0,0,0,1,0,1,0,0,1,12,0,0,0,0,0,0,0,0,0,0,0,10,0,0,0,0,0,0,0,0,0,2,0,0,0,1,36,0,2,0,0,4,0,0,0,0,0,1,0,0,1,0,0,0,1,0,0,0,3,0,0,0,0,3,0,1,0,1,0,0,0,13,7,0,0,0,0,0,0,0,0,0,0,1,0,0,0,0,0,0,0,0,0,0,0,0,13,0,0,1,0,0,0,0,0,0,1,0,1,0,0,0,0,0,0,0,0,0,0,2,0,0,13,0,0,0,2,0,0,0,0,0,0,1,0,0,22,0,19,3,1,0,0,31,1,0,0,1,0,0,0,2,6,0,0,0,0,0,2,1,0,11,0,0,0,0,0,0,0,0,0,0,0,0,0,0,0,0,0,0,0,0,0,0,0,1,0,0,5,0,0,0,0,0,0,0,0,0,0,0,0,0,0,0,0,0,0,0,0,2,0,0,0,0,0,0,0,0,0,1,1,0,0,0,19,0,0,0,0,0,0,0,0,0,0,0,0,0,1,0,2,0,0,0,0,0,0,0,0,0,0,0,0,0,0,0,0,0,0,0,0,0,0,0,0,0,0,0,2,0,0,0,0,0,0,0,0,0,0,0,0,0,0,0,0,0,0,0,0,0,0,0,0,0,0,0,0,0,0,8,0,0,0,0,9,0,0,0,0,3,0,0,2,5,0,0,6,1,0,0,0,0,0,1,0,0,0,0,2,0,0,0,1,0,0,0,0,0,0,0,0,0,0,0,0,0,0,0,0,0,0,0,0,0,1,1,0,0,0,16,0,0,0,2,0,1,0,0,1,0,0,34,0,0,0,3,0,0,0,1,0,0,0,15,0,0,0,0,0,0,0,0,0,0,1,0,0,0,5,0,0,0,0,0,0,0,0,0,0,0,0,0,1,0,0,0,3,0,0,0,0,0,0,0,1,1,0,0,0,0,0,0,0,0,0,0,0,1,0,0,0,0,0,0,0,0,0,0,0,0,0,0,0,0,1,0,0,0,0,0,0,0,0,0,0,0,0,0,0,0,0,0,0,0,0,2,0,0,1,0,0,1,0,0,0,0,7,0,0,0,2,0,0,0,0,0,0,0,0,0,0,0,0,0,0,0,0,0,0,0,0,0,0,0,0,0,0,0,0,0,0,11,0,0,0,3,0,0,1,0,8,0,0,0,0,0,0,0,5,0,0,0,0,0,0,0,0,0,0,0,0,0,0,0,1,1,0,0,0,0,0,0,0,0,0,0,0,0,0,0,0,0,0,0,0,0,0,0,0,0,0,0,0,5,0,0,0,0,0,0,0,0,0,0,1,0,1,0,0,0,0,0,0,0,0,1,1,0,0,0,0,0,0,1,0,1,0,0,0,0,2,0,0,0,0,1,0,1,1,0,0,0,0,0,0,3,0,0,0,1,0,0,20,0,0,0,0,1,0,2,0,10,0,0,1,0,0,4,24,1,0,0,0,0,0,0,3,0,0,1,0,0,1,0,0,1,0,2,0,0,0,0,0,0,1,0,0,0,1,0,0,0,0,1,0,0,0,0,0,0,0,1,0,0,0,1,0,0,0,0,0,0,0,0,0,0,0,0,0,0,0,0,0,0,0,0,0,6,0,0,0,0,0,0,0,0,0,0,2,1,0,1,3,6,0,1,0,0,1,0,2,0,2,0,54,0,0,1,0,0,0,0,0,0,0,0,0,0,0,0,0,21,0,0,0,0,2,0,0,0,0,2,1,0,0,0,0,0,0,0,0,0,0,0,13,3,0,1,0,0,0,0,0,0,0,0,0,3,0,0,2,0,1,0,0,1,0,10,0,0,0,2,0,0,0,0,0,1,0,0,0,0,0,0,0,0,0,1,0,0,0,0,0,6,0,0,3,0,0,11,0,0,0,0,0,0,0,0,1,2,0,0,0,0,0
175,1546,COLÉGIO ESTADUAL NIRLEI MEDEIROS,"RUA ANTÔNIO BERTOLDI, 409 - MORADIAS RIO BONITO - CAMPO DE SANTANA",CAMPO DE SANTANA,-25.58628678,-49.33765044,71,0,3959,3204,379,200,0,8,10,8,68,2,5,1,2,8,1,43,5,0,0,0,5,1,0,1,3,12,24,5,1,0,12,1,2,4,0,3,0,0,0,0,1,0,5,0,9,5,0,0,0,68,0,1,0,0,0,1,0,0,0,0,0,26,0,0,0,0,2,0,5,0,2,0,0,0,1,0,164,0,0,0,0,2,0,1,0,0,0,6,0,0,7,0,4,0,0,0,0,0,15,1,0,0,0,2,0,12,3,3,1,1,0,32,59,1,2,0,0,0,0,0,0,0,0,0,1,0,0,0,0,0,0,0,0,0,0,0,21,0,0,0,0,0,0,1,0,1,20,1,17,0,1,0,1,0,0,0,0,0,1,5,3,0,32,1,0,0,12,0,2,1,2,0,0,3,0,0,30,5,56,1,4,0,0,40,2,2,0,0,0,1,0,1,28,1,0,0,4,1,0,0,0,25,0,1,0,0,0,1,0,0,0,2,2,0,0,0,0,0,0,0,2,0,0,0,0,3,0,0,0,0,0,0,1,0,0,1,2,4,1,0,0,0,0,0,0,0,0,0,0,1,1,1,0,0,0,0,0,0,0,0,1,0,0,0,25,0,0,0,4,0,0,0,1,0,7,1,0,0,0,0,7,0,0,0,1,0,0,0,2,0,0,0,0,0,2,4,0,0,0,0,0,0,0,3,1,0,0,0,0,0,2,0,0,0,0,0,0,0,0,0,0,0,0,0,0,0,1,0,0,0,1,0,0,0,0,0,0,0,0,8,1,0,0,0,52,0,0,0,0,2,0,0,5,16,0,0,17,1,0,3,0,0,0,1,0,0,0,0,1,1,0,0,0,0,0,0,0,1,0,1,0,0,0,0,0,0,0,0,0,0,0,1,0,0,1,0,6,0,0,19,0,1,0,0,5,0,0,6,4,0,0,145,0,0,2,0,0,0,0,0,1,1,0,57,0,0,0,0,0,0,0,0,1,2,0,0,0,0,2,0,0,0,0,0,0,0,0,0,2,2,0,0,0,0,0,0,17,0,0,0,0,0,1,0,0,0,0,0,0,0,0,0,0,0,0,0,0,0,0,0,0,0,0,0,0,2,0,0,0,0,0,0,0,0,0,0,0,0,1,0,0,0,1,5,1,0,0,0,0,0,0,1,0,0,0,0,0,0,0,0,2,0,0,0,0,3,11,0,2,0,0,1,0,0,0,0,0,0,0,0,0,0,0,0,0,0,1,0,0,0,0,0,2,0,0,0,0,0,0,0,0,48,1,0,0,3,0,0,2,1,0,0,0,0,0,0,0,0,1,0,0,0,0,0,0,0,0,0,0,0,0,0,0,1,0,0,0,1,0,0,0,1,1,0,0,0,0,0,0,0,2,0,0,0,0,0,0,0,0,0,0,0,11,2,0,0,1,0,1,1,0,4,0,0,0,0,1,0,4,0,0,0,0,0,0,5,1,1,0,0,0,0,0,5,0,0,1,3,0,1,8,2,0,2,0,2,0,1,1,0,0,2,3,1,0,2,0,0,0,5,1,0,177,0,0,0,3,4,0,13,1,39,0,0,2,0,0,125,111,2,0,0,0,2,0,0,16,0,0,0,0,0,1,1,4,2,0,1,0,0,0,0,0,0,1,0,14,0,0,0,0,0,0,3,0,3,1,0,0,0,2,0,0,0,0,0,0,0,0,0,0,0,0,0,0,0,0,0,0,2,0,0,0,0,1,0,0,0,0,0,0,0,0,0,0,0,0,0,14,22,1,2,4,0,0,0,0,0,0,0,2,3,5,2,24,1,0,1,0,0,0,2,0,0,0,0,0,0,0,1,0,119,0,10,8,0,2,3,6,0,1,1,5,0,0,0,0,0,0,2,0,0,0,0,25,1,0,0,0,0,4,0,0,1,1,0,6,4,0,0,0,0,1,0,0,0,0,25,1,0,1,18,0,0,0,0,1,0,1,0,0,33,0,0,0,0,0,1,3,1,0,0,2,37,0,0,2,0,0,29,0,0,1,0,0,0,2,0,4,1,0,0,0,3,1
175,1554,ESCOLA MUNICIPAL PROFESSORA ERICA PLEWKA MLYNARCZYK,RUA JAIME JOSE VOJCIECHOVSKI 162,TATUQUARA,-25.56041072,-49.3132138,74,0,1267,1032,115,64,0,3,5,3,27,0,0,0,0,4,0,8,1,0,0,0,2,0,0,0,3,3,6,2,0,0,6,0,0,3,0,2,0,0,0,0,0,1,0,1,0,0,0,0,0,24,0,0,0,0,0,2,2,0,0,0,0,11,0,0,0,0,0,1,1,0,3,0,0,0,0,0,31,0,0,1,0,0,0,0,0,0,0,1,1,0,1,0,0,0,0,0,0,0,1,0,0,0,0,3,0,4,2,0,0,0,1,7,9,0,0,0,0,0,0,0,0,0,0,0,0,2,1,0,0,0,0,0,0,0,0,0,5,0,0,0,0,0,0,0,0,0,3,0,4,0,0,0,0,0,0,1,0,0,0,4,0,0,7,0,0,0,2,0,0,0,4,0,0,3,0,0,5,1,11,1,1,0,0,17,3,0,0,0,2,0,0,0,4,0,0,0,0,0,0,0,0,17,0,0,0,0,0,0,0,0,0,0,0,0,0,0,0,0,0,0,0,0,0,0,0,0,0,0,0,0,0,0,0,0,0,0,0,1,0,0,0,0,0,0,0,0,0,0,0,0,1,0,0,0,0,0,0,0,0,0,0,0,0,0,24,0,0,0,4,0,0,0,0,0,0,1,0,0,1,3,0,1,0,0,0,0,0,0,1,0,0,0,0,0,0,0,0,0,0,0,0,0,0,0,0,0,0,0,0,0,0,0,0,0,0,0,0,0,0,0,0,0,0,0,0,0,0,0,0,0,0,0,0,0,0,0,0,0,0,2,0,0,0,0,21,0,0,0,0,1,0,0,2,2,1,0,4,0,0,0,0,0,0,0,0,0,1,0,0,0,0,0,0,0,0,0,0,0,0,0,0,0,0,0,0,0,0,0,0,0,0,0,0,0,1,0,1,0,0,12,0,0,1,0,2,2,0,0,0,0,0,43,1,0,0,4,0,0,0,0,0,1,1,8,0,1,0,0,0,0,0,0,0,0,0,0,0,0,2,0,0,0,0,0,0,0,2,0,0,0,0,0,0,0,0,0,5,0,0,0,0,0,0,0,0,0,0,0,0,0,0,0,0,0,0,0,0,0,0,0,1,0,0,0,0,0,0,3,0,0,0,0,0,0,0,0,1,0,0,0,0,0,0,0,2,0,0,0,0,0,0,0,0,0,0,0,0,0,0,0,0,1,0,0,1,1,5,2,0,0,5,0,4,0,0,0,0,0,0,0,0,0,0,0,0,0,2,0,0,0,0,0,0,0,0,0,0,0,0,0,0,9,0,0,0,0,0,0,1,0,0,0,0,0,0,0,0,0,0,0,0,0,0,0,0,0,0,0,0,0,0,0,0,0,1,0,0,0,0,0,0,0,0,1,0,0,0,0,0,0,0,0,0,0,0,0,0,1,0,0,0,0,2,0,0,0,0,0,0,1,0,1,0,0,0,0,0,1,13,0,0,0,0,0,0,0,0,0,0,0,0,1,0,1,0,0,0,0,0,0,0,0,0,0,0,6,0,0,0,0,0,0,0,0,0,3,1,0,0,1,0,0,63,1,0,0,1,0,0,3,0,11,0,0,2,0,0,36,37,0,0,1,0,0,0,1,5,0,0,0,1,0,0,0,0,0,0,0,0,0,0,0,0,0,0,0,0,0,0,0,0,0,0,0,0,0,0,0,0,0,0,1,0,0,0,1,0,0,0,0,0,0,0,0,0,0,0,0,0,0,0,0,0,0,0,0,0,1,0,0,0,0,0,0,0,0,0,0,3,3,0,5,0,0,0,0,0,0,0,0,3,1,6,1,13,1,0,1,0,0,0,1,0,0,2,0,0,0,0,0,2,39,0,2,2,0,0,0,1,1,0,1,0,0,0,0,0,0,0,0,0,0,0,0,3,0,0,0,0,0,0,0,0,0,0,0,0,1,0,0,0,0,0,0,0,0,0,23,0,0,0,9,0,0,0,0,0,0,0,0,0,13,0,0,0,0,0,1,0,0,0,0,0,19,0,0,2,0,0,11,0,0,0,0,0,0,0,0,1,0,0,0,0,3,0
175,1562,ESCOLA MUNICIPAL JOÃO AMAZONAS,"RUA PALMYRA CRIVELLARO BERTOLDE, N. 813",CAMPO DE SANTANA,-25.59061282,-49.3412905,71,0,2505,2042,284,134,0,1,4,6,29,0,4,0,1,8,1,13,1,0,0,0,1,0,0,0,1,1,7,2,0,0,8,0,1,1,2,7,1,0,0,0,0,0,3,0,17,1,0,2,1,38,0,0,0,0,0,0,0,0,0,0,1,19,0,0,0,0,0,1,6,0,1,0,0,0,2,1,95,0,0,0,0,0,0,2,0,0,0,2,1,0,4,0,0,0,0,0,0,0,4,0,0,0,0,0,0,4,3,0,0,2,0,25,19,0,1,0,0,0,0,0,0,0,1,0,1,1,0,1,0,0,1,0,0,0,0,0,14,0,0,1,0,0,0,0,0,0,9,0,13,2,0,0,0,0,0,0,0,0,0,4,2,0,23,0,0,0,3,0,0,0,1,0,1,3,0,0,23,8,36,7,1,1,0,43,2,1,0,0,0,4,1,3,22,0,0,0,0,0,0,0,1,19,0,0,0,1,1,0,0,0,0,2,0,0,0,0,0,0,0,0,3,0,1,0,0,5,0,0,1,0,0,0,3,0,0,0,0,1,0,0,1,0,0,0,0,1,0,0,0,0,0,2,0,0,0,0,0,0,0,0,0,0,0,0,17,0,0,0,4,0,0,0,0,0,4,2,0,0,1,0,10,0,0,0,0,0,0,0,0,0,0,0,0,0,0,1,0,0,0,0,0,0,0,0,1,0,0,0,1,0,0,0,0,0,0,0,0,0,0,0,0,0,0,0,0,0,0,0,0,0,0,0,0,0,0,0,0,1,0,9,0,0,0,0,43,0,0,0,0,3,0,0,4,6,0,0,8,0,0,0,0,0,0,0,0,0,0,0,1,0,0,0,0,0,0,0,0,0,0,0,0,0,0,0,0,0,0,0,0,0,0,0,0,0,2,0,4,0,0,24,0,0,0,0,7,3,0,1,0,0,0,109,1,0,0,2,0,0,0,0,0,3,0,28,0,0,0,0,0,0,0,0,0,0,0,0,0,0,2,0,0,0,0,0,0,0,1,0,0,0,0,0,0,0,0,0,7,0,0,0,1,0,0,0,0,0,0,0,0,0,0,0,0,0,1,0,0,0,0,0,0,0,1,0,0,3,0,0,0,0,0,0,0,0,1,0,0,0,1,0,0,0,0,0,3,0,0,0,0,0,0,4,0,0,0,0,0,0,0,0,0,0,0,3,0,1,12,0,1,0,2,0,0,0,0,0,0,0,0,0,0,2,2,0,0,0,0,0,0,0,0,0,0,0,0,0,0,0,0,0,0,31,0,0,0,1,0,0,0,0,0,0,0,0,0,0,0,0,1,0,0,0,0,0,0,0,0,0,0,0,0,0,0,2,0,0,0,0,1,0,0,0,0,0,0,0,0,0,1,0,0,0,0,0,0,0,0,0,0,0,0,0,3,0,0,0,1,0,0,0,0,1,0,0,0,0,5,0,1,0,0,0,0,0,0,0,0,0,0,0,0,0,0,0,0,0,0,0,2,0,5,0,0,1,0,3,0,0,0,0,0,0,0,1,0,7,0,0,0,3,1,0,91,0,1,0,1,0,0,2,0,30,0,0,3,0,0,66,86,0,0,0,0,0,0,0,5,0,0,0,0,0,0,2,1,0,0,1,0,0,0,1,0,0,1,1,1,0,1,0,0,0,0,0,0,0,0,0,0,0,0,1,0,0,0,1,0,0,0,0,0,0,0,0,0,0,0,0,0,0,0,0,0,0,0,0,0,0,0,0,0,0,0,0,0,0,0,0,16,9,1,1,0,0,0,2,0,0,1,0,2,1,2,1,5,1,0,0,0,0,0,0,0,1,0,0,0,0,0,0,1,74,0,2,6,0,3,0,1,1,0,0,1,0,0,0,0,0,0,0,1,0,0,0,29,0,0,0,0,0,2,1,0,0,0,0,3,1,0,2,0,0,1,0,0,1,0,12,0,0,0,19,0,0,0,0,0,0,1,0,2,15,0,0,0,0,0,0,1,0,0,0,2,24,0,0,3,0,0,23,0,0,0,0,0,0,0,0,1,0,0,0,0,3,0
175,1570,ESCOLA MUNICIPAL RIO BONITO,"RUA LUCAS CARVALHO, N. 1486",CAMPO DE SANTANA,-25.59047948,-49.33578045,71,0,2746,2178,284,147,0,5,5,7,38,1,4,0,0,6,1,18,1,0,0,0,5,0,0,1,3,6,4,5,0,1,11,0,3,1,1,5,0,0,0,0,0,0,4,1,1,0,0,0,0,43,0,1,1,0,0,0,1,0,0,0,1,30,2,0,2,0,0,0,12,0,2,0,0,0,0,2,92,0,0,0,0,0,0,0,0,0,0,2,1,0,7,0,0,0,0,0,0,0,7,0,0,0,0,2,0,7,0,2,0,4,0,18,20,0,0,0,0,0,1,0,0,0,0,0,1,1,0,0,0,0,1,0,0,0,0,0,17,2,0,0,0,0,0,0,0,1,12,0,9,0,0,0,1,0,0,0,0,0,0,3,2,0,11,0,0,0,6,0,0,0,0,2,0,1,0,0,27,0,44,4,1,4,0,43,2,1,0,0,0,0,2,0,24,0,0,1,0,0,1,1,0,17,0,0,0,0,2,0,0,0,0,1,2,0,0,0,0,0,0,0,3,0,2,0,0,0,0,0,0,0,0,0,1,0,0,0,0,0,1,0,0,0,0,0,0,2,0,0,0,0,0,0,0,0,0,0,0,0,0,0,0,1,0,0,20,0,0,0,2,0,4,0,0,0,1,0,1,0,0,0,4,0,0,0,0,0,0,0,1,0,0,0,0,0,0,1,0,0,0,0,0,0,0,1,0,0,0,0,0,0,0,0,0,1,0,0,0,0,0,0,0,0,0,0,0,0,0,0,0,0,0,0,0,0,0,0,0,0,0,9,1,1,0,0,31,0,0,0,0,4,0,0,2,17,0,0,12,0,0,0,0,0,0,0,0,0,0,0,0,0,0,0,0,0,0,0,0,0,0,0,0,0,0,0,0,0,0,0,0,0,0,0,0,0,3,0,6,0,0,23,2,0,1,0,1,2,0,7,3,0,0,101,2,0,0,3,0,0,0,0,0,1,0,38,0,0,0,0,2,0,0,1,0,0,0,0,1,0,4,0,0,0,0,0,0,0,1,0,0,1,0,0,0,0,0,0,18,0,0,0,0,0,0,0,0,0,0,1,0,0,0,0,0,0,1,0,0,0,0,0,0,0,0,0,0,2,0,0,0,0,0,0,0,0,1,0,0,0,0,0,0,0,0,2,0,1,0,0,0,0,0,3,0,0,0,0,0,1,0,0,0,0,0,1,0,0,8,0,1,0,4,0,0,0,0,0,0,0,0,0,0,0,1,1,0,0,0,0,0,0,0,1,1,0,0,0,0,0,0,0,0,31,0,0,0,3,0,0,5,0,0,0,0,0,0,0,0,0,1,0,0,0,0,0,0,0,3,0,0,0,0,0,0,0,0,0,0,0,1,0,0,2,0,0,0,0,0,0,0,0,1,0,0,0,0,0,0,0,0,0,0,0,14,0,0,0,0,0,1,0,0,0,0,0,0,2,6,0,4,0,0,0,0,0,0,0,0,0,0,0,0,0,0,0,0,0,0,0,0,0,2,1,0,0,0,0,0,0,0,0,0,1,0,0,1,1,0,0,0,0,1,0,110,0,3,0,1,1,0,8,1,14,0,0,6,0,0,52,83,1,2,1,1,0,0,0,7,0,0,0,0,0,0,0,5,0,0,0,0,0,0,0,0,0,0,0,8,0,1,0,0,0,0,2,0,0,2,0,0,0,0,4,1,1,0,0,0,0,0,0,0,0,0,0,0,0,2,0,0,0,0,0,0,0,0,0,0,0,0,0,0,0,0,0,0,0,0,0,10,15,3,3,1,0,5,0,2,0,1,0,0,1,1,1,18,4,0,0,0,0,0,7,0,1,0,0,0,0,0,0,1,60,0,4,4,0,6,0,2,1,0,1,0,0,0,0,0,0,0,0,0,0,0,0,37,0,0,0,0,0,0,0,0,0,0,0,0,2,0,1,0,0,0,0,0,4,0,26,0,0,0,19,0,0,0,1,0,0,0,0,2,15,0,0,0,0,0,1,1,2,0,0,0,38,0,0,2,0,0,22,0,0,0,0,0,0,0,0,3,0,0,0,0,2,0
175,1589,ESCOLA MUNICIPAL GOVERNADOR LEONEL DE MOURA BRIZOLA,"RUA ANTONIO ZANON, N. 1371",TATUQUARA,-25.56592368,-49.3259738,74,0,1274,985,157,46,0,1,3,3,17,1,1,0,0,8,0,7,1,0,0,0,0,0,0,1,0,3,6,2,0,0,7,1,1,1,0,3,0,0,0,0,0,0,1,0,3,0,0,0,0,23,0,1,0,0,0,0,0,0,0,0,0,11,1,1,0,0,0,1,0,0,0,0,0,0,0,0,23,0,0,0,0,0,0,0,0,0,0,1,0,0,1,0,0,0,0,0,0,0,5,0,0,0,0,3,0,2,0,0,0,0,0,17,7,0,2,0,0,0,0,0,0,0,0,0,2,0,0,0,0,0,1,0,0,0,0,1,10,0,0,1,0,0,0,0,0,0,5,1,3,0,0,0,0,0,0,0,0,0,0,2,1,0,17,0,0,0,1,0,0,0,3,0,0,1,0,0,14,2,20,1,5,0,0,21,1,0,0,1,0,0,0,1,1,0,0,0,0,0,0,0,0,17,0,0,2,0,1,0,0,0,0,0,0,0,0,0,0,0,0,0,2,0,0,0,0,2,0,0,0,0,0,0,1,0,0,0,3,0,0,1,0,1,1,0,0,2,0,0,0,0,1,0,0,0,0,0,0,0,0,0,0,0,0,0,7,0,0,0,7,0,0,0,0,0,3,0,0,0,0,0,1,0,0,0,0,0,0,0,0,0,0,0,0,0,0,1,0,0,0,0,0,0,0,0,0,0,1,0,0,0,0,0,0,0,0,0,0,0,0,0,0,1,0,0,0,0,0,0,0,0,0,0,0,0,0,0,0,2,1,1,0,0,0,0,8,0,0,0,0,1,0,0,1,2,0,0,0,0,0,0,0,0,0,0,0,0,0,0,0,0,0,0,0,0,0,0,0,0,0,0,0,0,0,0,0,0,0,0,0,0,0,0,0,0,0,0,0,0,0,3,0,0,5,0,0,0,0,1,0,0,0,33,0,0,0,1,0,0,0,0,0,1,0,10,0,0,0,0,0,0,0,0,0,0,0,0,0,0,0,0,0,0,0,0,0,0,3,0,0,0,0,0,0,0,0,0,7,0,0,0,2,0,0,0,0,0,0,0,0,0,0,0,0,0,0,0,0,0,0,0,0,0,0,0,0,0,0,0,0,0,0,0,0,0,0,0,0,0,0,0,0,0,0,2,1,0,0,0,0,0,0,0,0,0,0,0,0,0,0,0,0,0,0,0,0,0,1,0,0,1,0,0,0,0,0,0,0,0,0,0,0,0,0,0,0,0,0,0,0,0,0,0,0,0,0,0,0,0,0,0,0,19,0,0,0,2,0,0,3,0,1,0,0,0,0,0,0,0,0,0,0,0,0,0,0,0,1,0,0,0,0,0,0,0,3,0,0,0,0,0,0,1,2,0,0,0,0,0,1,0,0,0,0,0,0,0,0,0,1,0,0,0,2,1,0,0,0,0,0,2,0,0,0,0,0,0,0,0,0,0,0,0,0,0,0,1,0,0,0,0,0,0,0,0,0,0,0,0,0,0,0,3,0,0,0,3,0,0,0,0,0,0,0,0,1,2,0,0,0,0,0,0,55,0,0,0,0,1,0,0,0,8,0,0,2,0,0,38,36,0,0,0,0,0,0,0,4,0,0,0,0,0,0,1,4,0,0,0,0,2,0,0,0,0,0,0,3,0,0,0,0,0,0,0,0,0,0,0,0,0,0,0,1,0,0,0,0,0,0,0,0,0,0,0,0,0,0,0,0,0,0,0,0,1,0,0,0,0,0,0,0,0,0,0,0,0,0,0,2,3,1,1,1,0,0,0,2,0,5,0,0,0,4,4,18,0,0,0,0,0,0,2,0,0,0,0,1,0,0,0,0,22,0,4,2,0,0,0,1,0,1,1,0,0,0,0,0,0,0,0,0,0,0,0,1,0,0,0,0,0,0,0,0,0,0,0,0,4,0,0,0,0,0,0,0,0,0,11,0,0,0,3,2,0,0,1,0,0,0,0,1,28,0,0,0,0,0,0,0,0,0,0,1,10,0,0,0,0,0,8,1,0,1,0,0,0,0,0,1,0,0,0,0,1,0
175,1597,COLÉGIO ESTADUAL PROFESSORA MARLI QUEIROZ AZEVEDO,"RUA CYRO CORREIA PEREIRA, N. 3506 - VITÓRIA RÉGIA",CIDADE INDUSTRIAL,-25.5438602,-49.33780893,75,0,2696,2147,234,124,0,3,1,2,36,0,4,0,0,6,0,17,0,0,0,0,2,0,1,0,7,0,11,0,3,0,9,0,0,0,0,10,0,2,0,1,0,0,4,2,15,1,0,0,0,34,0,2,0,0,0,2,1,3,0,0,3,22,0,2,0,0,0,1,0,1,1,0,0,0,0,1,56,0,0,0,0,3,0,0,0,0,0,0,0,0,3,0,0,0,0,0,0,0,16,0,0,0,1,1,0,5,1,2,0,0,0,45,24,0,0,0,0,0,0,0,0,0,0,0,1,8,0,0,0,0,1,0,0,0,0,0,38,0,0,0,1,1,0,0,0,0,9,0,6,0,1,0,0,0,0,1,1,1,0,9,2,0,11,0,0,1,10,0,0,0,9,1,0,6,0,0,34,2,54,7,2,0,0,66,1,2,1,0,0,1,0,0,15,0,0,0,3,4,0,0,0,22,0,0,1,0,0,2,0,0,0,0,0,0,0,0,0,0,1,0,0,0,0,0,1,1,0,0,0,0,0,0,1,0,0,0,1,3,0,0,0,0,0,0,0,0,0,0,0,0,0,0,0,0,0,0,0,0,0,0,1,0,0,0,58,0,0,1,2,0,0,0,0,0,0,1,0,0,1,0,3,0,0,0,0,0,0,0,0,0,0,0,0,0,0,0,0,0,0,0,0,0,0,0,2,0,0,0,0,0,1,0,0,0,0,0,0,0,0,0,0,0,0,0,0,0,1,0,0,2,0,0,0,0,0,0,0,0,0,5,0,1,0,1,13,0,0,0,0,7,0,0,3,4,0,1,17,0,1,0,0,0,0,0,1,0,0,0,0,0,0,0,0,0,0,0,0,0,0,0,0,0,0,0,0,1,0,0,0,0,0,0,0,0,3,2,4,1,0,19,0,0,0,0,1,2,0,3,2,0,0,62,1,0,0,4,0,0,0,0,0,4,0,25,0,0,2,0,0,0,0,0,0,0,0,0,1,0,5,0,0,0,0,0,0,0,1,1,0,0,0,0,0,1,0,0,34,0,0,0,1,0,0,0,0,0,0,0,0,0,0,0,0,0,0,0,0,0,0,0,0,0,2,0,0,0,0,0,0,0,0,0,0,0,0,0,0,0,0,0,0,0,0,0,2,0,0,0,0,0,0,0,0,0,0,0,0,3,1,0,1,0,1,0,0,0,17,0,3,0,6,0,0,0,0,0,0,0,1,0,0,0,0,1,0,0,1,0,0,0,0,0,0,0,0,0,0,0,0,0,0,26,0,1,0,4,0,1,2,0,0,0,0,0,0,0,0,0,5,0,0,0,0,0,0,1,2,0,0,0,0,0,0,0,0,0,0,0,0,0,0,0,1,0,0,0,0,0,0,0,0,0,0,0,0,0,0,0,0,0,0,0,2,0,0,0,0,0,0,0,0,3,0,0,0,0,2,0,0,0,0,0,0,0,2,2,3,0,0,0,0,0,0,4,0,0,0,0,0,0,13,3,0,2,0,12,0,0,0,0,0,0,0,1,0,1,0,1,1,2,3,0,117,0,0,0,1,4,0,10,1,18,0,2,0,0,0,69,55,1,1,2,1,0,0,0,14,0,0,0,0,1,0,0,8,1,0,1,0,0,2,0,0,0,0,0,0,0,1,0,0,0,0,1,0,2,0,0,0,0,0,1,1,2,0,0,0,0,0,0,0,0,0,0,0,0,0,0,0,0,0,0,0,0,3,0,0,3,1,0,0,0,1,0,0,0,0,0,4,7,1,5,0,0,0,3,1,2,1,0,0,11,10,0,59,1,0,1,1,0,0,1,0,1,1,0,0,0,0,0,0,57,0,1,2,0,3,0,3,0,1,1,1,2,0,0,0,0,2,2,1,0,0,0,4,2,0,1,0,0,4,2,0,1,0,0,0,4,0,0,0,0,1,0,0,0,0,8,0,1,0,2,0,0,0,0,0,1,0,0,0,4,0,0,0,0,0,1,0,0,0,0,3,22,1,0,2,0,0,53,0,0,0,0,0,0,0,0,4,0,0,0,0,1,0
175,1600,ESCOLA MUNICIPAL HELENA KOLODY,"RUA HUMBERTO BERTOLDI, N. 281 - RIO BONITO",CAMPO DE SANTANA,-25.58545643,-49.33707829,71,0,2103,1606,275,117,0,0,1,4,22,0,2,0,0,3,0,6,0,1,0,0,1,0,0,0,0,3,9,2,0,0,6,0,1,1,0,5,1,0,0,1,0,0,1,0,5,0,0,0,1,37,0,0,0,0,0,0,0,2,0,0,0,17,0,0,2,0,0,0,1,1,1,0,0,1,0,3,58,0,0,0,0,0,0,0,0,0,0,0,1,0,7,0,0,0,0,0,0,0,4,0,0,0,0,2,0,7,0,1,0,0,0,6,10,1,0,0,0,0,0,0,0,0,0,0,0,2,0,0,0,1,1,0,1,0,1,0,12,1,0,0,0,0,0,1,1,0,2,0,12,0,1,0,0,0,0,0,0,0,0,0,2,0,10,0,0,1,5,0,0,2,2,1,1,2,0,0,18,4,45,4,3,2,0,39,4,3,0,1,0,1,0,0,15,1,0,0,0,0,1,1,0,9,0,1,0,0,0,0,0,0,0,0,0,0,0,0,0,0,0,0,0,0,0,0,0,1,0,0,0,0,0,0,5,0,0,1,0,0,2,0,0,0,0,0,0,0,0,0,0,1,0,0,0,0,0,0,0,0,0,0,1,0,0,0,13,0,0,0,1,0,0,0,0,1,3,0,0,0,0,0,3,0,0,0,0,0,0,0,0,0,0,0,0,0,1,2,0,0,0,0,0,0,0,0,0,0,0,0,0,0,0,0,0,0,0,0,0,0,0,0,0,0,0,0,0,0,0,0,0,0,2,0,0,0,0,0,0,0,0,6,1,0,0,0,15,0,0,0,0,2,0,0,0,5,0,0,9,1,0,0,0,0,0,0,0,0,0,0,0,0,0,0,0,0,0,0,0,0,0,0,0,0,0,0,0,0,0,0,0,0,0,0,0,0,1,0,9,0,0,17,0,0,1,0,2,1,0,3,2,1,2,65,0,0,0,1,1,0,0,0,0,1,0,19,0,0,0,1,0,0,0,0,0,0,0,0,0,0,1,0,0,0,0,0,0,0,1,0,0,0,0,0,0,0,0,0,4,0,0,0,0,0,1,0,0,0,0,0,0,0,0,0,0,0,0,0,0,0,0,0,0,0,0,0,0,1,0,0,0,0,0,0,0,0,0,0,0,0,0,0,0,0,1,0,0,0,0,0,0,0,0,1,0,0,0,0,0,0,1,0,1,0,0,0,3,0,9,0,0,0,3,1,0,0,0,0,0,0,0,0,0,0,0,0,0,0,1,0,0,0,0,0,0,0,0,0,0,0,0,0,1,19,0,0,0,3,0,0,1,0,0,0,0,0,0,0,0,0,1,0,0,0,0,0,0,0,0,0,0,0,0,0,0,0,0,0,0,0,0,0,0,0,0,0,0,0,0,0,0,0,0,0,0,0,0,0,0,0,3,0,0,0,2,0,0,0,0,0,0,0,0,0,0,0,2,0,1,0,1,0,0,0,0,0,0,1,0,0,0,0,0,0,0,3,0,0,0,1,0,0,7,3,0,0,0,1,0,2,0,0,0,2,0,0,0,2,0,0,0,2,2,0,87,0,0,0,0,0,0,6,0,17,0,0,1,0,0,52,57,0,1,2,0,0,0,0,4,0,0,0,0,0,0,1,1,1,0,0,0,0,0,0,0,0,0,0,10,0,0,0,0,0,0,1,0,2,0,0,0,0,1,6,1,0,0,0,0,0,0,0,0,0,0,0,0,0,0,0,0,0,0,0,0,0,0,0,1,0,0,0,0,0,0,0,0,0,0,0,4,2,1,2,5,0,0,0,0,0,0,0,3,2,2,0,14,2,0,0,1,0,0,3,0,0,0,0,0,0,0,0,0,50,0,2,1,0,4,1,3,0,1,2,0,0,0,2,0,0,0,1,1,0,0,0,10,0,0,0,0,0,0,0,1,0,0,0,2,3,0,0,0,0,0,0,0,2,0,22,0,0,1,9,1,0,0,0,0,0,2,0,0,8,0,0,0,0,0,0,0,0,0,0,0,24,0,0,0,0,0,20,0,0,0,0,0,0,0,0,1,2,0,0,0,1,0
175,1619,COLÉGIO ESTADUAL TATUQUARA - EFM,"ESTRADA DELEGADO BRUNO DE ALMEIDA, N. 3339",CAMPO DE SANTANA,-25.58761857,-49.3181614,71,0,1574,1122,143,70,0,1,1,4,10,0,2,0,0,1,0,8,0,0,1,0,3,0,0,1,1,1,5,1,0,0,7,0,0,0,0,5,0,0,0,0,0,0,1,1,0,2,0,0,0,19,0,0,0,0,0,1,0,0,0,0,0,15,0,0,4,0,2,0,1,0,0,0,0,0,0,3,38,0,0,0,0,2,0,0,1,0,0,0,0,0,2,0,0,0,0,0,0,0,2,0,0,0,0,3,0,3,0,2,0,0,0,11,7,0,0,0,0,0,0,0,0,0,0,0,2,4,0,0,0,0,0,0,0,0,0,0,19,0,0,0,1,0,0,0,0,0,10,0,3,0,0,0,1,0,0,0,0,1,0,1,1,0,12,0,0,0,5,0,0,0,3,0,0,1,0,0,25,0,30,4,0,0,0,22,1,3,0,0,0,0,0,1,3,0,0,0,0,0,0,1,0,9,0,1,1,0,0,0,0,0,0,0,1,0,0,0,0,0,0,0,1,0,0,0,0,0,0,0,0,0,0,0,3,0,0,0,0,0,0,0,0,0,0,0,0,1,0,0,1,0,0,0,0,0,0,0,0,0,0,0,2,0,0,0,6,0,0,0,4,0,0,0,0,0,0,0,0,1,0,0,1,0,0,0,0,0,0,0,0,0,0,0,0,0,0,1,0,0,0,0,0,0,0,0,0,0,0,0,0,0,0,0,0,0,0,0,0,0,0,0,0,0,0,0,0,0,0,0,0,0,1,0,0,0,0,0,2,0,0,7,0,1,0,0,21,0,0,0,0,3,0,0,0,3,0,0,8,0,0,0,0,0,0,0,0,0,0,0,0,0,0,0,0,0,0,0,0,0,0,0,0,0,0,0,0,0,0,0,0,1,0,0,0,0,4,1,1,0,0,11,1,0,1,2,0,5,0,1,0,0,0,35,0,0,0,1,0,0,0,0,0,0,0,11,0,0,0,0,0,0,0,0,0,0,0,0,0,0,0,0,0,0,0,0,0,0,1,0,0,0,0,0,0,0,0,0,4,1,0,0,0,0,0,0,0,0,0,0,0,0,0,0,0,0,0,0,0,0,0,0,0,0,0,0,0,0,1,0,0,0,0,0,0,0,0,0,0,0,0,0,0,0,0,0,2,0,0,0,0,0,0,0,0,0,0,1,0,0,0,0,0,1,0,0,2,0,9,0,0,0,4,0,0,0,0,1,0,0,0,0,0,0,0,0,0,0,0,0,0,0,0,0,1,2,0,0,0,1,0,0,0,19,0,0,0,1,0,0,1,0,1,0,0,0,0,0,0,0,0,0,0,0,0,0,0,0,0,0,0,0,0,0,0,0,0,0,0,0,0,0,0,0,0,0,0,0,0,0,0,0,0,0,0,0,0,0,0,0,0,0,0,0,3,0,0,0,1,0,0,1,0,2,0,0,0,0,1,0,0,0,0,0,0,0,0,0,0,0,0,0,0,0,0,0,0,0,0,0,0,0,3,3,0,1,0,3,0,1,0,1,0,0,1,1,0,0,0,0,1,0,3,0,42,0,0,0,0,2,0,1,0,12,1,0,0,0,0,53,36,0,0,1,2,0,1,0,1,0,0,0,0,0,0,0,5,0,0,5,0,0,0,0,0,0,0,0,8,0,0,0,0,0,0,0,1,0,0,0,0,0,0,4,1,1,0,0,0,0,0,0,1,0,0,0,0,0,0,0,0,0,0,0,0,0,0,0,0,0,0,0,0,0,0,0,0,0,1,0,4,3,0,0,1,0,0,0,1,0,0,0,1,0,3,1,5,0,0,0,0,0,0,4,0,0,0,0,0,0,0,0,0,29,3,0,3,0,2,0,0,0,0,0,0,0,0,0,0,0,0,1,0,0,0,0,20,2,0,0,0,0,0,0,0,0,0,0,1,1,0,0,0,0,0,0,0,0,0,13,0,0,0,10,0,0,0,0,0,1,0,1,0,9,0,0,0,0,0,0,0,0,0,0,3,25,0,0,1,0,0,22,0,0,0,0,0,0,0,0,1,0,0,0,0,0,0
175,1724,ESCOLA MUNICIPAL PROFESSORA MARIA IENKOT ZEGLIN,"RUA PRESIDENTE JOÃO GOULART, N 1605",TATUQUARA,-25.57734431,-49.33207279,74,0,620,488,72,24,0,0,1,2,4,1,1,0,0,1,0,4,0,0,0,0,1,0,0,0,1,4,1,1,0,0,1,0,0,0,0,1,0,0,0,0,0,0,2,0,1,0,0,0,0,5,0,0,0,0,0,0,0,0,0,0,0,4,0,0,1,0,0,0,0,0,0,0,0,0,0,0,12,0,0,0,0,0,0,0,0,0,0,0,0,0,2,0,0,0,0,0,0,0,1,0,0,0,0,1,0,0,0,0,0,0,0,7,5,0,0,0,0,0,0,0,0,0,0,0,0,1,0,0,0,0,0,0,0,0,0,0,4,2,0,0,0,0,0,0,0,0,0,0,5,0,0,0,0,0,0,0,0,0,0,1,4,0,2,1,0,0,9,0,0,0,2,0,0,0,0,0,4,0,17,2,4,0,0,12,0,1,0,0,0,0,0,0,2,0,0,0,1,0,0,2,0,2,0,1,0,0,0,0,0,0,0,0,0,0,0,0,0,0,0,0,0,0,0,0,0,0,0,0,0,0,0,0,0,0,1,0,0,0,0,0,0,0,0,0,0,0,0,0,0,0,0,0,0,0,0,0,0,0,0,0,0,0,0,1,3,0,0,0,4,0,0,0,0,0,2,0,0,0,0,0,1,0,0,0,0,0,0,0,0,0,0,0,0,0,0,0,0,0,0,0,0,0,0,1,0,0,0,0,0,0,0,0,0,0,0,0,0,0,0,0,0,0,0,0,0,0,0,0,0,0,0,0,0,0,0,0,0,0,0,1,0,0,0,0,8,0,0,0,0,0,0,0,0,0,0,0,0,0,0,0,0,0,0,0,0,0,0,0,0,0,0,0,0,0,0,0,0,0,0,0,0,0,0,0,0,0,0,0,0,0,0,0,0,0,0,0,0,0,0,1,0,0,0,0,0,0,0,0,0,0,0,12,0,0,0,0,0,0,0,0,0,0,0,4,0,0,0,0,0,0,0,0,0,0,0,0,0,0,1,0,0,0,0,0,0,0,1,0,0,0,0,0,0,0,0,0,2,0,0,0,0,0,0,0,0,0,0,0,0,0,0,0,0,0,1,0,0,0,0,0,0,0,0,0,0,0,0,0,0,0,0,0,0,0,0,0,0,0,0,0,0,0,0,1,0,0,0,0,0,0,0,0,0,0,0,0,0,0,0,0,0,0,0,0,0,0,6,0,0,0,2,0,0,0,0,0,0,0,0,0,0,0,0,1,2,0,1,0,1,0,0,0,0,0,0,0,0,0,0,0,0,3,0,0,0,0,0,0,0,0,0,0,0,0,0,0,0,0,0,0,0,0,0,0,0,0,0,0,0,0,0,0,0,0,0,0,0,0,0,0,0,0,0,0,0,0,0,0,1,0,0,0,0,0,0,0,0,0,0,0,0,0,3,0,0,0,0,0,0,0,0,1,0,0,0,0,2,0,2,0,0,0,0,0,0,0,0,0,0,0,0,0,0,0,0,0,0,0,0,0,0,0,0,1,0,0,0,0,0,0,0,0,0,0,0,0,0,0,0,2,0,0,33,0,0,0,0,0,0,1,2,6,0,1,2,0,0,24,10,0,0,0,0,0,0,0,2,0,0,0,0,0,0,0,1,0,0,0,0,0,0,0,0,0,1,0,0,0,0,0,0,0,0,0,0,0,0,0,0,0,0,1,1,0,0,0,0,0,0,0,0,0,0,0,0,0,0,0,0,0,0,0,0,0,0,0,0,0,0,0,0,0,0,0,0,0,0,0,0,3,0,0,3,0,0,0,1,0,0,0,0,3,0,2,3,0,0,0,0,0,0,2,0,0,0,0,0,0,0,0,0,10,0,0,0,0,0,0,0,0,1,1,0,0,0,0,0,0,0,1,0,0,0,0,2,0,0,0,0,0,0,0,0,0,0,0,0,0,0,0,0,0,0,0,0,0,0,13,0,0,0,2,0,0,0,1,0,0,0,0,0,25,0,0,0,0,0,0,0,0,0,0,0,12,0,0,1,0,0,2,0,0,0,0,0,0,0,0,1,1,0,0,0,0,0
175,1732,ESCOLA MUNICIPAL DOUTOR HAMILTON CALDERARI LEAL,"RUA VICTOR GRYCAJUCK, 121",SAO MIGUEL,-25.50742647,-49.35454726,67,0,102,74,14,5,0,0,0,0,2,0,0,0,0,0,0,0,0,0,0,0,0,1,0,0,0,1,2,0,0,0,1,0,0,0,0,0,0,0,0,0,0,0,0,0,0,0,0,0,0,0,0,0,0,0,0,0,0,0,0,0,0,0,0,0,0,0,0,0,0,0,0,0,0,0,0,0,0,0,0,0,0,0,0,0,0,0,0,0,0,0,0,0,0,0,0,0,0,0,0,0,0,0,0,0,0,1,0,0,0,0,0,1,0,0,0,0,0,0,0,0,0,0,0,0,0,0,0,0,0,0,0,0,0,0,0,0,0,0,0,0,0,0,0,0,0,0,0,0,0,0,0,0,0,0,0,0,0,0,0,0,0,0,0,3,0,0,0,0,0,0,1,0,0,0,0,0,13,0,2,0,0,0,0,1,0,0,0,0,0,0,0,0,0,0,0,0,0,0,0,0,0,2,0,0,0,0,0,0,0,0,0,0,0,0,0,0,0,0,0,0,0,0,0,0,0,0,0,0,0,0,0,0,0,0,0,0,0,0,0,0,0,0,0,0,0,0,0,0,0,0,0,0,0,0,0,0,0,0,0,0,0,0,0,0,0,0,0,0,0,0,0,0,0,0,0,0,0,0,0,0,0,0,0,0,0,0,0,0,0,0,0,0,0,0,0,0,0,0,0,0,0,0,0,0,0,0,0,0,0,0,0,0,0,0,0,0,0,0,0,0,0,0,0,0,0,1,0,0,0,0,0,0,0,0,0,0,0,0,0,0,0,0,0,0,0,0,0,0,0,0,0,0,0,2,0,0,0,0,0,0,0,0,0,0,0,0,0,0,0,0,0,0,0,0,0,0,0,0,0,0,0,0,0,0,0,0,0,0,0,0,0,0,0,0,0,0,0,0,0,0,0,0,0,0,0,0,0,0,1,0,0,2,0,0,0,0,0,0,0,0,0,0,0,0,0,0,0,0,0,0,0,0,0,0,0,0,0,0,0,0,0,0,0,0,0,0,0,0,0,0,0,0,0,0,0,0,3,0,0,0,0,0,0,0,0,0,0,0,0,0,0,0,0,0,0,0,0,0,0,0,0,0,0,0,0,0,0,0,0,0,0,0,0,0,0,0,0,0,0,0,0,0,0,0,0,0,0,0,0,0,0,0,0,0,0,0,0,0,0,0,0,0,0,0,1,0,0,0,0,0,0,0,0,0,0,0,0,0,0,0,0,0,0,0,0,0,0,0,0,0,0,0,0,0,0,0,0,0,0,0,0,2,0,0,0,0,0,0,0,0,0,0,0,0,0,0,0,0,0,0,0,0,0,0,0,0,0,0,0,0,0,0,0,0,0,0,0,0,0,0,0,0,0,0,0,0,0,0,0,0,0,0,0,0,0,0,0,0,0,0,0,0,0,0,0,0,0,0,0,0,0,0,0,0,0,0,0,0,0,0,0,0,0,0,0,0,0,0,0,0,0,1,0,0,0,0,0,0,0,0,0,0,0,0,0,0,0,0,0,0,0,0,0,0,0,0,0,0,0,0,0,0,1,0,0,0,0,0,0,0,0,1,0,0,0,0,0,0,0,0,0,0,0,0,0,0,0,0,0,0,0,0,0,0,0,0,0,0,0,0,0,0,0,0,0,0,0,0,0,0,0,0,0,0,0,0,0,0,0,1,0,0,0,0,0,0,0,0,0,0,0,0,0,0,0,0,0,0,0,0,0,0,0,0,0,0,0,0,0,0,0,0,0,0,0,0,0,0,0,0,0,0,0,0,0,0,0,0,0,0,0,0,0,0,0,0,0,0,0,0,0,0,0,0,0,0,0,0,0,0,0,0,0,0,0,0,0,0,0,0,0,0,0,0,0,0,0,0,0,0,0,0,0,0,1,0,0,0,0,0,0,0,0,0,0,0,0,1,0,0,0,0,0,0,0,0,0,2,0,0,0,0,0,0,0,0,0,0,0,0,0,0,1,0,0,0,0,0,1,0,0,0,0,0,0,0,0,0,0,2,0,0,0,0,0,0,0,0,0,0,0,0,0,0,0
176,1120,COLEGIO ESTADUAL JOAO DE OLIVEIRA FRANCO,RUA PADRE MANUEL DA NOBREGA 1489,FANNY,-25.48852324,-49.27716062,39,0,3112,2581,182,129,0,1,4,1,25,0,3,0,1,5,1,37,2,0,0,0,11,0,3,0,0,3,12,4,1,0,4,0,2,1,0,7,0,1,0,0,0,0,0,0,5,1,0,1,0,24,5,0,0,1,0,0,1,13,0,0,2,8,0,1,4,0,1,8,3,0,0,0,0,0,1,0,68,0,0,0,0,10,0,0,0,0,0,0,0,1,3,0,0,0,0,0,0,0,2,1,0,0,1,9,0,7,1,0,0,6,0,24,33,1,0,0,0,0,0,0,0,0,0,0,2,0,0,0,0,0,3,0,1,0,0,0,69,0,0,0,2,0,0,0,0,0,8,0,0,0,2,0,0,1,0,0,0,0,0,3,6,0,9,0,0,0,2,1,0,0,1,0,0,0,0,0,70,1,30,9,2,1,0,57,4,10,0,3,0,2,0,1,0,0,1,0,0,0,1,0,0,35,0,1,0,1,0,1,0,0,0,0,0,0,0,0,0,0,0,0,0,0,0,0,0,2,0,0,1,0,3,1,1,0,0,0,0,0,0,0,0,0,0,0,0,3,0,0,0,0,0,0,0,0,0,0,0,1,0,0,0,0,0,1,14,0,0,1,0,0,0,0,0,0,0,0,0,2,0,0,1,0,0,0,0,0,0,0,2,0,0,0,0,0,1,1,0,0,0,0,0,0,0,1,0,0,0,0,0,0,0,0,0,0,0,0,0,0,0,1,0,0,0,1,0,0,2,0,0,0,2,0,0,0,0,0,0,0,0,25,1,0,0,0,44,1,0,0,0,9,0,0,8,2,0,0,54,2,0,0,0,0,0,0,0,0,0,0,1,0,0,0,0,0,0,0,0,0,0,0,0,0,0,0,0,0,0,0,0,0,0,0,0,0,5,1,22,0,0,69,0,0,3,3,4,6,1,5,3,0,0,50,2,0,0,2,0,0,0,0,0,5,0,29,0,1,1,0,0,0,1,0,0,3,0,0,2,0,0,0,0,0,4,0,0,1,6,0,1,1,0,0,0,1,1,0,20,0,0,0,2,0,1,0,0,0,0,2,0,0,0,0,0,0,0,0,0,0,0,0,2,0,0,0,0,0,5,0,0,0,0,0,0,0,3,0,0,0,0,0,0,0,0,0,1,0,0,0,0,0,0,0,0,0,0,0,0,0,0,5,1,0,0,11,2,0,40,0,3,0,17,0,0,0,0,1,0,0,0,0,0,0,0,1,0,0,27,0,0,0,0,0,0,1,0,1,0,0,0,1,0,24,0,0,0,10,0,0,4,0,21,0,0,0,0,0,0,0,0,4,0,0,0,0,0,6,1,0,0,0,0,0,0,0,0,0,0,0,0,0,0,3,0,0,3,0,0,0,0,0,0,0,0,0,0,0,0,0,0,0,0,0,4,0,0,0,0,0,2,0,0,4,1,2,0,0,5,0,0,0,1,0,0,0,0,1,1,0,0,0,0,0,0,1,0,0,0,0,3,1,17,5,0,2,1,15,0,1,3,0,0,0,1,4,0,3,0,0,2,5,2,0,97,0,27,0,1,1,0,7,2,82,0,6,2,0,0,14,125,0,0,0,0,0,0,0,16,0,0,0,0,0,1,0,3,3,0,4,0,0,0,0,0,0,0,1,0,1,0,0,2,0,1,2,0,0,0,0,0,1,0,7,3,0,0,0,1,0,0,0,0,0,0,0,0,0,0,0,0,0,2,0,0,0,0,0,0,1,0,0,0,0,0,0,0,0,0,0,35,8,2,6,5,0,1,1,4,0,3,0,5,1,7,2,20,2,0,0,0,0,0,10,0,0,0,0,0,1,0,0,1,156,1,5,6,0,6,0,3,0,0,1,1,1,0,0,0,0,0,0,0,0,0,0,0,8,0,3,0,0,0,1,0,0,0,0,0,17,0,0,0,0,0,0,0,0,0,5,0,0,0,13,1,0,1,0,0,0,1,0,0,1,0,0,1,0,0,1,1,0,0,0,5,26,0,0,1,0,0,24,0,0,0,0,0,0,0,0,1,3,0,0,0,2,0
176,1139,COLEGIO ESTADUAL JOSE BUSNARDO,RUA MAJOR VICENTE DE CASTRO  1.154,FANNY,-25.47968835,-49.26656426,39,0,2515,2053,155,90,0,1,4,6,23,2,4,0,0,7,0,25,2,0,0,0,4,0,4,1,6,4,11,2,0,0,11,0,2,2,0,11,1,0,0,0,0,0,0,0,1,0,0,0,0,9,1,0,0,0,0,0,0,5,1,0,3,5,0,2,1,0,3,2,0,0,0,1,0,1,0,0,74,0,0,0,0,13,0,1,0,0,0,2,0,0,8,0,0,0,1,0,0,0,0,0,1,0,0,1,0,4,0,0,0,5,0,14,32,0,0,0,0,0,0,0,1,0,0,0,3,2,0,0,1,0,0,0,3,0,1,0,44,0,0,0,0,0,0,0,0,0,6,0,1,0,1,0,1,0,0,1,0,0,0,2,3,0,7,0,0,0,6,0,0,0,0,0,0,0,0,0,30,1,20,19,0,1,0,31,3,4,0,0,2,0,0,1,3,0,0,1,5,1,0,2,0,40,0,0,0,0,1,0,0,0,0,0,0,0,0,0,0,1,0,0,0,0,0,0,0,1,0,0,3,0,0,0,2,0,0,0,0,1,0,0,0,0,0,0,0,1,0,0,0,0,0,1,0,0,0,0,0,0,0,0,0,0,0,0,17,0,0,1,0,0,0,0,0,0,0,1,0,0,3,1,1,0,0,0,0,0,0,0,2,0,0,0,0,0,1,4,0,0,0,0,0,0,0,0,0,0,0,0,0,0,6,0,0,0,0,0,0,0,0,0,0,0,0,0,0,0,0,0,0,0,1,0,0,0,0,0,0,0,0,26,0,0,8,0,39,0,0,0,0,7,0,0,7,1,0,0,39,2,1,0,0,0,0,0,0,0,0,0,0,0,0,0,0,0,0,0,0,0,2,0,0,0,0,0,0,0,0,0,0,0,0,0,0,0,2,1,7,0,0,47,0,0,1,2,4,0,0,5,8,0,0,36,2,0,0,3,0,3,0,3,0,3,0,22,0,2,0,0,2,0,2,0,1,0,0,0,0,0,0,0,0,0,0,0,0,0,5,0,0,0,0,0,0,0,0,0,11,0,1,0,12,0,0,0,0,0,0,0,0,0,0,0,0,0,0,0,0,2,0,0,4,0,0,0,0,0,1,1,0,0,0,0,1,0,1,1,0,0,0,0,0,0,0,0,0,0,0,0,0,0,0,0,0,0,0,0,0,0,1,1,3,0,0,1,0,0,17,0,3,0,8,0,0,0,0,0,0,0,1,0,0,1,0,1,0,0,21,0,0,0,1,0,0,0,0,0,0,0,0,0,1,20,1,2,0,7,1,1,7,0,7,0,0,0,0,0,2,0,0,2,0,0,0,0,0,7,0,0,0,0,0,0,0,0,0,0,0,0,0,0,0,2,0,0,0,0,0,1,0,0,0,0,0,0,0,0,0,0,0,0,0,0,7,0,0,0,3,0,0,0,1,2,0,2,0,0,0,0,1,0,0,0,0,0,0,0,1,0,0,1,0,3,0,3,0,0,0,0,1,0,14,4,0,2,0,10,0,0,1,0,0,0,0,1,0,3,0,0,1,13,1,0,92,0,4,0,0,0,0,8,0,26,0,0,2,0,0,19,111,3,0,0,0,1,0,0,16,0,0,0,1,0,0,0,4,1,0,2,0,0,0,0,0,0,0,2,1,0,0,0,0,0,0,1,2,1,0,2,0,0,0,3,0,0,0,0,0,0,0,0,0,0,0,0,0,0,0,0,0,1,0,0,0,0,0,0,0,3,0,0,0,0,0,0,0,0,1,0,37,7,0,6,2,0,2,1,2,0,4,0,0,1,6,0,17,0,0,2,0,0,0,5,1,0,7,0,0,0,1,0,0,132,3,5,7,0,1,6,6,0,1,2,2,0,0,0,0,0,0,2,0,0,0,1,1,0,0,1,0,0,0,0,0,0,0,0,0,10,0,0,0,0,0,0,0,0,0,6,0,0,0,6,0,0,0,0,0,0,0,0,0,0,0,0,0,0,0,2,1,0,0,0,9,23,0,0,0,0,0,21,0,0,0,1,0,0,0,0,1,6,0,0,0,1,0
176,1147,ESCOLA MUNICIPAL ELEVIR DIONISIO,RUA CAP JOSE MARIA SOBRINHO 1336,FANNY,-25.48370044,-49.27300234,39,0,2152,1797,116,94,0,0,0,3,24,2,1,0,0,5,1,25,0,1,0,0,4,0,3,0,0,0,11,1,1,0,7,0,0,0,0,7,2,0,0,0,0,2,2,0,6,1,0,0,0,7,3,0,1,1,0,0,2,5,0,0,1,7,0,0,0,0,0,1,0,0,0,0,0,1,1,1,58,0,0,0,0,3,0,0,0,0,0,1,0,2,11,0,0,0,0,0,0,0,1,0,0,1,0,5,0,5,0,0,0,3,0,14,17,0,0,0,0,0,0,0,0,0,0,0,8,7,0,0,1,0,1,0,0,1,3,1,39,0,0,0,0,0,0,0,2,0,3,0,2,0,0,0,0,2,1,0,0,0,0,6,3,0,16,0,0,0,2,0,0,0,1,0,0,1,0,0,26,1,35,8,1,1,0,24,5,3,0,4,8,1,0,2,3,1,0,1,0,1,0,0,0,32,0,0,0,0,4,2,0,0,0,1,0,0,1,0,0,0,0,0,0,0,0,0,0,1,0,0,3,0,0,0,3,0,0,0,2,0,0,0,0,1,1,0,0,2,0,0,0,0,0,0,0,0,0,0,0,2,0,0,0,2,0,0,14,0,0,1,0,0,0,0,1,1,2,0,0,0,1,1,3,0,0,0,1,0,0,0,0,0,0,0,0,0,0,3,0,0,0,0,0,0,0,0,1,0,0,0,0,1,3,0,0,0,0,0,0,0,0,0,0,0,0,0,0,0,0,0,0,0,0,0,0,0,0,0,0,0,0,26,1,0,0,0,41,0,0,0,0,8,0,0,0,1,0,0,27,1,0,2,0,0,0,0,0,0,0,0,0,0,0,0,0,0,0,1,0,0,0,0,0,0,0,0,0,0,0,0,0,0,0,0,0,0,4,0,11,0,0,26,2,0,1,1,6,6,0,5,8,0,1,28,8,0,0,2,0,0,0,2,0,0,1,11,3,1,1,0,0,0,1,0,1,0,1,0,5,0,0,0,0,0,0,0,0,0,4,0,0,1,0,0,0,1,1,0,7,0,0,1,7,0,0,0,0,0,0,2,0,0,0,0,0,0,0,0,0,0,0,0,4,0,0,0,0,0,2,0,0,0,0,0,0,0,4,0,0,0,0,0,0,0,0,0,0,0,0,0,0,0,0,0,0,0,0,0,0,2,0,0,0,0,0,4,2,2,23,0,3,0,10,3,0,0,0,1,0,0,0,0,0,0,0,0,0,0,11,0,0,0,0,0,0,0,0,0,0,1,0,0,0,24,0,1,0,2,0,0,3,0,13,0,0,0,0,0,0,0,0,6,0,0,0,0,0,0,5,0,0,0,0,0,0,0,0,1,0,0,0,0,0,0,0,0,1,0,0,0,1,0,0,0,0,0,0,0,0,0,0,0,0,0,1,0,0,0,0,0,3,0,0,0,2,1,0,0,1,0,0,0,0,0,0,0,1,0,2,0,0,0,0,1,0,0,0,0,0,0,0,0,16,8,1,0,0,12,0,0,2,0,0,0,0,3,0,2,0,0,1,8,1,0,67,0,2,1,3,1,3,8,0,30,0,0,8,2,0,14,85,0,0,0,0,0,0,0,6,0,0,0,0,0,1,0,3,2,0,4,0,0,0,0,0,0,0,0,0,2,1,0,1,0,1,0,0,0,0,1,0,0,0,4,0,0,0,1,0,0,0,0,0,0,0,0,0,0,0,0,0,0,1,0,0,0,3,0,0,1,0,0,0,0,0,0,0,0,0,0,22,3,8,1,1,0,0,0,3,0,1,0,0,2,3,0,10,0,1,1,0,0,0,8,1,0,1,0,0,0,0,0,0,130,0,0,3,0,1,4,5,0,3,0,1,1,0,0,0,0,1,0,0,0,0,0,0,5,0,0,0,0,0,2,0,0,0,0,0,6,0,0,0,0,0,0,0,0,1,14,0,0,1,9,1,0,0,0,0,0,0,0,0,0,0,0,0,0,0,2,2,0,0,0,4,16,0,0,0,0,0,13,0,0,0,0,0,0,0,0,0,1,0,0,0,0,0
176,1155,COLEGIO ESTADUAL NEWTON FERREIRA DA COSTA,RUA AMERICO VESPUCIO   745,LINDOIA,-25.48181571,-49.27665712,40,0,3989,3263,263,181,0,3,8,13,32,3,2,1,0,6,1,27,1,1,1,0,19,0,4,0,2,1,14,5,3,0,15,1,1,4,0,26,0,0,1,0,0,2,3,1,10,5,0,0,3,28,4,0,3,9,0,0,6,3,0,0,6,18,0,4,0,0,0,2,1,0,1,0,0,0,1,0,79,1,0,0,0,5,0,0,0,0,0,3,0,0,23,1,0,0,0,0,1,1,4,0,1,0,0,7,0,15,2,2,1,5,0,51,40,1,0,0,0,0,1,0,1,1,0,1,12,13,2,0,2,0,3,0,8,1,0,2,72,0,0,0,1,0,0,0,1,0,14,1,7,0,0,0,1,1,0,0,1,1,1,6,4,0,25,0,0,0,13,0,0,0,1,0,0,0,2,0,76,6,29,21,5,3,0,73,6,4,3,0,0,1,0,1,3,0,0,1,2,1,0,0,0,53,0,0,2,0,1,0,0,0,0,0,1,0,2,1,0,0,0,0,0,0,0,0,0,4,0,0,2,0,0,1,1,0,0,0,0,0,0,0,0,0,0,0,0,0,0,2,0,1,1,0,1,0,0,0,0,0,0,0,0,0,0,0,14,0,0,2,0,0,0,0,0,6,0,1,0,0,1,0,4,0,0,0,0,0,0,0,4,0,0,0,0,0,0,2,0,0,0,0,0,0,0,0,0,0,0,0,0,0,2,1,0,2,0,0,0,0,0,0,0,0,0,0,0,0,0,0,0,0,1,0,0,0,0,0,0,0,0,30,2,0,3,0,48,0,0,0,0,8,0,0,6,3,0,0,46,3,0,1,0,0,0,1,0,0,0,0,0,0,0,1,0,0,0,0,0,0,2,0,0,0,0,0,0,0,0,0,0,0,0,0,0,0,1,5,15,0,0,32,2,2,3,1,10,2,0,3,1,0,0,70,0,3,0,1,2,0,0,0,0,2,2,38,0,4,2,2,0,1,0,0,0,2,2,1,4,0,3,0,0,0,2,0,0,0,1,0,0,0,0,0,0,1,0,0,27,0,2,0,8,1,0,0,1,0,1,0,0,0,0,0,0,0,0,0,0,0,0,0,3,0,0,0,0,1,11,0,0,0,0,0,0,0,4,0,0,0,1,0,0,0,0,0,1,0,0,0,0,0,0,0,0,0,0,0,0,0,2,5,4,3,1,2,5,3,34,0,7,2,16,2,0,0,0,1,0,0,0,0,0,3,0,1,3,0,8,0,0,0,0,0,0,2,1,0,0,0,0,0,0,27,0,3,0,11,1,0,4,0,18,0,0,0,0,0,1,0,0,12,0,0,0,0,2,4,0,0,0,0,0,0,0,0,1,0,0,1,0,0,1,0,0,0,1,0,0,0,0,0,0,0,0,0,0,0,0,0,0,0,0,0,5,0,0,0,0,0,0,0,1,1,1,0,0,0,2,0,0,0,0,0,0,0,0,2,6,0,0,0,0,3,0,1,0,0,0,0,0,0,17,10,0,0,0,23,0,0,0,0,0,0,0,0,2,6,0,0,2,8,3,0,168,0,22,1,1,4,1,18,0,37,0,3,0,0,0,37,145,1,0,2,0,0,0,0,19,0,0,0,0,0,0,0,3,0,0,6,0,0,1,1,0,0,0,2,0,3,1,0,0,0,1,2,2,0,0,0,0,1,0,8,2,1,0,3,2,0,0,0,0,0,0,0,0,0,0,0,0,0,1,0,0,0,0,0,0,1,0,0,0,0,0,0,0,0,2,0,31,9,0,2,2,0,1,0,2,1,0,0,1,2,11,9,31,2,2,1,0,0,0,13,1,0,0,0,0,0,0,0,3,175,0,5,10,0,2,3,2,0,0,1,8,3,0,2,0,0,0,1,0,1,0,1,1,14,2,2,0,0,1,1,0,0,0,0,0,14,0,0,0,0,0,0,0,1,0,15,0,1,0,13,0,0,0,1,2,1,0,0,2,1,0,1,0,0,0,3,2,0,0,0,3,19,1,0,2,0,0,33,0,0,0,2,0,0,0,0,4,13,2,0,0,6,1
176,1163,COLEGIO ESTADUAL DOM ATTICO EUZEBIO DA ROCHA,AVENIDA PRESIDENTE WENCESLAU BRAZ   2779,GUAIRA,-25.47717084,-49.28163385,40,0,3551,2889,181,130,0,0,6,12,58,1,3,1,0,10,1,29,0,0,0,0,13,0,0,0,1,3,19,6,1,0,16,1,3,2,0,20,2,0,0,0,1,1,4,2,11,4,0,3,1,18,0,0,1,10,1,0,0,7,0,0,1,12,0,0,1,0,1,8,0,0,1,0,0,1,2,0,80,0,0,0,0,7,0,0,0,0,0,1,2,0,19,0,0,0,0,0,1,0,6,0,1,0,0,3,0,15,0,0,1,8,0,40,36,0,0,0,1,0,0,0,0,0,0,1,11,5,0,0,0,0,1,0,11,0,1,0,43,0,1,0,0,0,0,0,2,0,8,0,7,0,0,0,1,0,0,0,0,0,0,3,5,0,17,0,0,0,18,0,0,0,4,1,0,1,0,0,55,6,57,9,3,1,0,50,2,2,0,1,1,1,2,1,1,0,0,0,0,0,2,0,0,54,0,1,0,0,2,2,0,0,0,0,4,0,2,0,0,0,0,0,0,0,0,0,0,4,0,1,2,0,0,0,2,0,0,0,0,3,0,0,0,0,0,0,0,1,0,0,1,0,4,0,0,0,0,0,0,0,0,0,0,0,0,0,6,0,0,0,0,0,0,0,0,3,0,2,0,0,1,0,8,0,0,0,0,0,0,0,5,0,0,0,0,0,0,1,0,0,0,0,0,0,0,0,1,0,0,0,0,0,0,4,0,2,0,0,0,0,0,1,0,0,0,0,0,0,0,1,0,3,3,0,0,0,0,0,0,0,0,15,0,0,5,0,45,0,0,0,0,22,0,0,3,1,1,0,47,2,0,0,1,0,0,0,0,0,1,0,0,1,0,0,0,0,0,0,0,1,0,0,0,0,0,0,0,0,0,0,0,0,0,0,0,0,2,4,21,0,0,46,3,1,0,2,10,4,0,7,4,0,0,49,1,2,1,2,0,0,0,0,0,0,0,43,4,4,3,0,0,0,2,0,0,0,2,0,0,1,0,0,0,0,0,0,0,1,2,0,0,0,0,0,0,1,1,0,28,0,1,0,4,0,0,0,0,0,0,0,0,0,0,0,0,2,0,0,0,1,0,0,1,0,0,0,0,0,9,2,0,0,0,0,0,0,0,0,0,0,0,0,0,0,0,0,0,0,0,0,0,0,0,0,0,0,0,0,0,0,1,0,1,1,0,1,7,1,37,0,3,0,8,2,0,0,0,1,0,0,0,1,1,0,0,1,3,0,4,0,1,0,0,0,2,0,0,0,0,0,2,0,1,21,0,6,0,4,2,0,8,0,11,0,0,0,0,0,1,0,0,2,0,0,0,0,0,1,0,0,0,0,0,0,1,0,0,0,0,1,0,0,0,1,0,1,0,0,0,0,1,0,0,0,0,0,0,0,0,0,0,0,0,0,2,1,0,0,0,0,0,0,2,2,1,1,0,0,1,0,0,0,0,0,0,0,0,1,0,0,0,0,0,8,0,6,0,0,0,2,0,0,18,4,1,0,0,22,0,1,0,0,0,0,0,4,2,4,1,0,1,4,8,0,128,0,13,0,2,0,0,10,0,47,0,0,7,0,0,43,179,0,2,0,3,0,0,0,20,0,0,2,0,0,0,0,0,1,1,4,0,0,0,0,0,0,0,3,0,0,1,0,1,0,1,0,0,0,0,0,0,0,0,0,2,0,0,0,0,0,1,0,0,0,0,0,0,0,0,0,0,0,1,2,0,0,0,0,0,0,0,0,0,4,0,0,0,0,1,0,10,7,0,4,5,1,0,0,6,0,1,0,1,4,10,5,18,1,4,0,0,0,0,7,0,0,1,0,0,0,0,0,2,205,3,4,4,0,5,2,5,0,2,0,5,0,0,0,0,0,0,4,0,2,0,1,2,4,0,2,0,0,1,0,0,0,0,0,1,21,0,0,0,0,2,0,1,0,1,16,0,0,1,13,0,0,0,0,0,0,1,1,0,0,0,0,0,0,0,8,0,0,0,0,4,15,0,1,0,0,0,26,0,0,0,1,0,0,0,0,2,7,0,0,0,7,0
176,1180,CEEBJA - CIC (COLEGIO FRANCISCO AZEVEDO MACEDO),"TRAVESSA AUGUSTO MARACH, 224",NOVO MUNDO,-25.48874874,-49.29290674,41,0,3621,2910,184,141,0,3,1,4,33,0,4,0,2,9,0,23,1,0,0,0,18,0,1,0,6,2,20,4,0,0,16,1,0,8,0,17,1,0,0,0,0,3,3,0,6,8,0,3,0,31,3,2,2,2,0,0,2,12,0,0,5,16,1,1,0,0,0,11,0,0,0,0,0,1,1,0,56,0,0,0,0,3,0,3,0,0,0,2,0,0,19,0,1,0,0,0,4,0,3,1,0,0,0,11,0,18,1,0,1,0,0,22,27,0,0,0,2,0,1,0,0,0,0,0,11,9,0,0,0,0,4,1,2,1,0,1,76,0,0,0,0,1,0,0,1,0,5,0,2,0,0,2,0,4,0,0,0,0,3,3,9,0,12,0,0,2,13,0,0,0,1,0,0,1,0,0,54,1,45,1,3,3,0,64,3,2,2,0,0,0,1,7,4,1,0,0,0,0,4,0,0,73,0,0,0,0,0,0,0,0,0,0,1,0,1,3,0,0,0,0,0,0,0,0,0,5,0,0,1,0,0,0,6,0,0,0,0,1,0,0,0,1,0,0,1,3,0,0,0,0,0,1,0,0,0,0,0,3,0,0,0,0,0,0,18,0,0,4,0,0,0,0,1,0,0,6,0,0,3,0,12,0,0,0,3,0,0,0,2,0,0,0,0,0,0,0,0,0,0,0,0,0,0,0,0,0,0,0,0,0,0,1,0,1,0,0,0,0,0,0,0,0,0,0,0,0,0,0,0,1,0,0,1,0,0,0,0,0,0,27,3,0,1,0,60,0,0,0,0,11,0,1,5,3,0,0,45,1,0,1,0,0,0,3,0,0,0,0,0,0,0,0,0,0,0,0,0,0,0,0,0,0,0,0,1,0,0,0,0,0,0,0,0,0,7,3,21,0,0,59,0,0,1,1,10,3,0,5,1,0,0,63,3,2,0,2,0,0,0,0,1,3,0,51,0,3,1,0,0,0,1,0,1,0,0,0,2,0,2,0,0,0,3,0,0,0,3,0,2,0,0,0,0,3,0,0,32,0,2,0,0,0,0,0,0,0,0,0,0,0,0,0,0,0,0,0,0,0,0,0,5,1,0,0,0,1,3,2,0,0,0,0,0,0,5,0,0,0,0,0,0,0,0,0,1,0,0,0,0,0,0,0,0,0,1,0,0,0,3,2,2,3,0,0,8,1,30,0,3,0,15,2,0,0,0,0,0,0,0,0,0,0,0,0,0,0,22,0,0,0,0,0,0,0,0,0,0,0,0,0,0,52,0,7,0,16,0,0,1,0,3,0,0,0,0,0,0,0,0,9,0,0,0,0,0,0,1,0,0,0,0,0,0,1,0,0,0,0,1,0,0,3,0,0,0,1,0,0,0,0,2,0,0,0,0,0,0,0,0,0,0,0,8,0,0,0,0,0,1,0,0,5,0,0,1,0,2,0,1,0,0,0,0,0,0,1,3,0,0,0,0,2,1,1,0,0,0,0,3,0,26,14,1,0,0,29,0,2,0,0,0,0,0,3,0,9,0,0,2,2,1,1,101,0,23,0,1,0,0,9,3,45,0,0,0,0,0,17,134,2,8,0,0,0,0,0,15,0,0,0,0,0,0,0,2,0,0,2,0,0,1,0,0,0,0,1,1,0,0,0,1,0,0,0,1,0,0,0,0,0,0,3,2,0,0,0,0,0,0,0,0,0,0,0,0,0,0,0,0,1,0,0,0,0,0,1,0,1,0,0,0,0,0,0,0,0,0,0,12,7,0,4,0,0,1,0,3,0,3,0,3,6,6,5,32,1,0,0,1,1,0,6,0,0,0,0,1,0,0,0,2,195,7,4,3,1,5,2,7,1,1,1,5,0,0,3,0,0,0,0,0,0,0,0,2,1,0,0,0,0,2,0,0,0,0,0,3,6,0,0,0,0,5,0,0,0,0,7,0,0,0,7,0,0,0,0,0,1,1,1,0,1,0,0,1,0,0,13,1,0,0,0,4,19,0,0,0,0,0,35,0,0,0,0,0,0,0,0,2,15,0,0,0,1,0
176,1198,ESCOLA MUNICIPAL ARAPONGAS,RUA JOSE CASEMIRO STENZOWSKI  153,NOVO MUNDO,-25.48336828,-49.28706635,41,0,2144,1773,107,86,0,0,0,5,32,2,2,1,3,5,2,7,2,0,0,0,6,0,0,0,1,1,6,1,0,0,9,0,0,0,0,13,1,0,0,0,2,4,0,0,2,4,0,0,1,25,0,0,0,2,0,0,4,4,0,0,0,6,0,0,1,0,0,6,1,0,0,0,0,0,3,0,55,1,0,0,0,3,0,1,0,0,0,1,0,0,12,0,0,0,0,0,0,0,1,0,1,0,0,13,1,8,2,3,0,0,0,14,18,0,0,0,0,0,0,0,1,1,0,0,0,6,0,0,0,0,1,0,1,0,0,0,65,0,1,0,0,0,0,0,0,0,0,0,1,0,1,0,1,0,0,0,0,1,0,5,5,0,0,0,0,0,7,0,1,0,1,0,0,0,0,0,56,2,32,6,1,0,0,34,1,3,0,0,0,0,0,1,0,0,0,0,1,0,0,0,1,48,0,0,1,0,0,0,0,0,0,0,1,0,1,0,0,0,1,0,0,0,0,0,0,0,0,0,3,0,0,0,1,0,0,0,0,1,0,0,0,0,0,0,0,0,0,0,0,0,0,0,0,0,0,0,0,0,0,0,0,0,0,0,4,0,0,0,0,0,0,0,0,0,1,0,0,0,2,0,8,0,0,0,0,0,0,0,2,1,0,0,0,1,0,2,0,0,0,0,0,0,1,0,0,0,0,0,0,0,0,1,0,1,0,0,0,0,0,0,0,0,0,0,0,0,0,0,0,1,0,1,0,0,0,0,0,0,0,19,1,0,1,0,36,0,0,0,0,4,0,0,3,0,1,0,24,1,0,0,0,0,0,0,0,0,0,0,0,0,0,0,0,0,0,0,0,0,0,0,0,0,0,0,0,0,0,0,0,0,0,0,0,0,2,0,11,0,1,36,1,1,0,3,6,2,0,3,4,0,0,43,0,0,0,1,1,0,0,0,0,0,0,17,0,6,2,4,0,1,0,0,1,0,0,0,2,0,0,0,0,0,0,0,0,0,4,1,0,0,0,0,0,2,0,0,22,0,0,0,5,0,0,0,0,0,0,1,0,0,0,0,0,0,0,0,0,0,0,0,2,0,0,0,0,0,3,0,0,0,0,0,0,0,0,0,0,0,0,0,0,0,0,0,0,0,0,0,0,0,0,0,0,0,0,2,0,0,0,1,0,1,0,2,1,2,17,0,0,1,5,2,0,0,0,2,0,0,0,0,0,0,0,1,0,0,6,0,0,2,0,0,1,1,0,0,0,0,0,0,0,19,0,4,0,3,0,0,4,0,1,0,0,0,0,0,0,0,0,3,0,0,0,0,0,0,1,0,0,0,0,0,0,0,0,0,0,0,0,0,0,0,0,0,0,0,0,0,0,0,0,0,0,0,0,0,0,0,0,0,0,0,4,0,0,0,1,0,0,0,1,0,1,0,0,0,2,0,0,0,0,0,0,0,0,0,2,0,0,0,0,0,0,1,0,0,0,0,1,0,11,4,0,0,0,12,0,0,1,0,0,0,0,6,2,4,0,0,0,2,2,2,58,0,26,0,0,1,0,8,0,30,0,0,0,3,0,12,97,0,0,0,0,1,0,0,15,0,0,0,0,1,0,1,2,1,0,1,0,0,1,0,0,0,0,0,0,0,0,0,2,0,0,0,1,0,1,0,0,0,1,4,0,0,0,1,0,0,0,0,0,0,0,0,0,0,0,0,0,0,3,1,0,0,0,3,0,2,0,0,0,0,0,1,0,0,0,0,7,4,1,3,0,0,1,1,0,0,2,0,2,4,5,2,7,1,1,1,0,0,0,1,0,0,1,0,0,1,0,0,1,118,4,0,4,1,1,3,5,0,0,0,1,0,0,0,0,0,0,0,0,0,2,0,1,4,0,1,0,0,1,1,0,1,0,0,1,1,0,0,0,0,0,0,0,0,0,0,0,0,0,3,0,0,0,0,0,0,0,0,1,4,0,0,1,0,0,1,5,0,0,0,6,19,0,0,1,0,0,16,0,0,0,0,0,0,0,0,1,6,0,0,0,5,0
176,1201,ESCOLA MUNICIPAL DR. OSWALDO CRUZ,RUA JOSE ALCIDES LIMA  126,NOVO MUNDO,-25.48746403,-49.30680168,41,0,2404,1997,189,98,0,7,3,9,32,0,3,0,0,8,1,5,1,1,0,0,6,0,0,1,1,9,18,3,0,0,7,2,0,1,2,3,3,0,2,1,0,0,1,1,0,0,0,0,0,27,0,0,1,0,0,0,1,3,0,0,0,25,3,0,1,0,0,2,0,0,1,0,0,1,0,1,66,0,0,0,1,8,0,0,1,0,0,1,0,0,2,0,7,0,0,0,0,0,3,3,0,0,0,3,0,5,0,0,0,0,0,14,28,0,0,0,0,0,1,0,0,0,0,0,3,1,0,0,0,0,0,0,0,0,0,0,27,1,1,0,1,0,0,0,0,0,11,0,5,0,1,0,1,0,0,0,0,0,0,0,2,0,18,0,0,0,5,0,0,0,0,2,0,4,0,0,48,1,35,1,2,0,0,69,6,2,0,0,1,0,1,1,6,0,0,0,0,2,0,0,0,22,0,0,0,0,2,2,0,0,0,0,0,0,0,0,0,0,0,0,0,0,0,0,0,5,0,0,3,0,0,0,0,0,0,0,0,3,2,0,0,0,0,0,1,5,0,0,0,1,1,0,0,0,0,0,0,0,0,0,0,0,0,0,12,0,0,2,0,0,0,0,0,0,0,5,1,0,0,1,14,0,1,0,0,2,0,0,2,0,0,0,0,0,0,2,0,0,0,0,0,0,0,0,0,0,0,0,0,0,0,0,0,0,0,0,0,0,0,0,0,0,0,0,0,0,3,0,0,0,0,0,0,0,0,0,0,0,0,10,1,0,0,0,36,0,0,0,0,6,0,0,2,4,0,0,22,0,0,5,0,0,0,1,0,0,0,4,0,0,0,1,1,0,0,0,0,0,1,0,1,0,0,0,0,0,0,0,0,0,0,1,0,0,5,0,10,0,0,24,1,1,1,1,9,1,0,0,1,1,0,76,0,0,0,5,0,0,0,1,0,5,0,29,0,1,2,1,0,0,0,0,2,0,2,0,0,0,1,0,0,0,1,0,0,0,2,0,0,0,0,0,0,0,2,0,10,0,0,0,0,0,0,0,0,0,0,0,0,0,0,0,0,0,0,0,0,3,0,0,0,0,0,0,0,0,2,0,0,0,0,0,0,0,3,0,0,0,0,0,0,0,0,0,0,0,0,0,0,0,0,0,0,0,0,0,0,0,1,0,1,0,0,0,1,0,15,0,1,0,8,0,0,0,0,0,0,0,0,0,0,0,0,0,0,0,6,0,1,0,0,0,0,2,0,0,0,0,0,0,0,38,0,0,0,1,0,0,1,0,9,0,0,0,0,0,0,0,0,2,0,0,0,0,0,0,0,0,0,0,0,0,0,0,0,0,0,0,2,0,1,46,0,0,0,0,0,0,0,0,4,0,0,0,0,0,0,0,0,0,0,0,4,5,0,0,1,0,0,0,0,0,0,0,0,0,1,0,1,0,0,0,0,0,0,0,1,0,0,0,0,0,0,2,0,0,0,0,0,0,2,4,0,0,0,8,0,0,0,0,0,0,0,4,0,2,0,0,0,5,2,0,105,0,0,0,0,1,0,5,1,20,0,0,2,1,0,20,70,0,0,1,0,0,0,1,12,0,0,0,0,0,0,0,5,1,0,0,0,0,0,0,0,0,0,0,0,0,1,0,1,0,2,1,0,0,0,0,0,1,0,1,0,0,0,0,0,0,0,0,0,0,0,0,0,1,0,0,0,5,1,0,0,1,0,0,0,0,0,0,0,0,0,0,0,0,0,0,9,4,1,1,1,0,0,6,0,0,0,0,0,4,1,0,13,1,0,0,0,0,0,8,0,0,1,0,0,0,0,0,0,78,0,3,3,0,6,5,2,0,2,0,2,0,0,0,0,0,2,1,0,1,0,1,3,1,0,0,0,0,3,3,0,0,0,0,2,7,0,0,0,0,1,0,0,0,0,19,0,0,0,6,1,0,0,0,0,1,0,0,0,2,0,0,0,0,0,1,0,0,0,0,7,22,0,0,9,1,0,31,0,0,0,0,0,0,0,0,1,1,0,0,0,1,0
176,1210,COLEGIO ESTADUAL YVONE PIMENTEL,"RUA SEBASTIAO MALUCELLI, 1.312",NOVO MUNDO,-25.49599761,-49.29986607,41,0,3754,3047,251,149,0,4,7,5,46,0,1,0,0,4,2,31,2,0,0,1,13,1,1,1,2,4,19,2,1,0,18,0,1,8,1,13,1,0,0,1,0,2,4,0,7,1,0,3,0,42,1,1,0,0,0,0,0,1,0,0,4,22,0,0,1,0,2,14,1,1,1,0,1,0,0,2,112,0,0,0,0,1,0,1,0,0,0,1,0,0,14,0,0,0,1,0,1,0,2,0,1,0,0,14,0,8,1,0,0,0,0,23,22,1,0,0,0,0,0,0,0,1,0,0,37,6,0,0,0,0,0,0,0,0,0,0,72,0,0,0,0,0,0,1,0,0,17,1,4,0,0,0,1,2,0,0,1,0,0,7,6,0,13,2,0,0,14,0,1,0,1,0,0,2,0,0,94,2,55,5,3,0,0,88,15,0,0,1,0,0,1,1,4,0,1,0,1,4,2,0,1,47,0,0,2,1,2,2,0,2,0,0,0,0,0,0,0,0,0,0,0,0,0,0,0,7,0,0,0,0,0,1,0,0,0,0,1,1,2,0,0,0,0,0,0,3,0,0,0,1,0,0,0,0,1,0,0,0,0,0,0,1,1,0,28,0,0,0,2,0,0,1,0,0,1,1,0,0,0,2,12,0,0,0,1,0,0,0,1,0,0,0,0,0,0,1,0,0,0,0,0,0,0,2,1,0,0,0,0,2,2,1,0,0,0,0,0,0,0,0,0,0,0,0,0,0,1,0,0,0,1,0,1,0,0,0,1,0,0,27,0,0,1,0,64,0,0,0,0,16,0,0,11,5,0,0,35,2,0,1,0,0,0,1,0,0,0,0,0,0,0,0,1,0,2,0,0,0,0,0,0,0,0,0,0,0,0,0,0,0,0,0,0,0,1,1,18,0,1,60,0,0,3,4,8,3,0,5,6,0,0,47,1,0,0,4,1,0,0,0,1,2,0,50,0,0,7,0,0,0,0,0,0,0,1,0,1,0,0,0,0,0,1,0,0,0,4,0,1,0,0,0,0,3,0,0,21,0,0,0,4,0,0,1,0,0,0,0,0,0,0,0,0,0,0,0,0,0,0,0,0,0,0,0,0,0,9,0,0,0,0,0,0,0,0,2,0,0,0,0,0,0,0,0,1,0,0,1,0,0,0,0,0,0,0,1,0,1,0,0,2,1,2,5,3,2,29,1,4,1,10,3,0,0,0,2,0,0,1,0,0,2,0,0,0,0,16,2,1,0,0,0,0,1,0,0,0,0,0,0,1,45,0,3,0,4,0,0,10,0,0,0,0,0,0,0,0,0,1,4,0,0,0,0,0,0,0,0,0,0,0,0,0,0,0,0,0,0,0,0,0,6,2,0,1,0,0,1,0,0,0,0,0,0,0,0,0,0,0,0,0,0,8,1,0,0,5,0,2,0,0,1,0,0,0,0,1,0,1,0,0,0,0,0,1,1,2,0,0,0,0,2,1,2,0,0,0,0,0,0,13,9,0,1,1,28,0,1,0,1,0,0,1,2,0,5,0,0,4,10,1,0,89,1,3,0,3,1,1,13,6,47,0,1,8,0,0,20,96,1,3,0,0,0,0,1,16,0,0,0,0,0,0,3,2,1,0,4,0,0,0,0,0,0,2,0,0,0,1,1,0,0,0,0,0,0,2,0,0,0,0,6,5,0,0,0,0,0,1,0,1,0,0,0,0,0,0,0,0,0,0,0,0,1,0,0,0,3,0,0,1,0,0,0,0,0,0,0,20,12,1,14,2,1,0,0,1,0,0,0,0,2,6,4,27,6,0,4,0,0,0,6,0,0,2,0,1,0,0,1,3,172,2,5,6,0,7,3,4,3,1,2,5,2,0,0,0,0,0,0,0,0,0,2,2,4,0,1,0,0,1,2,0,0,0,0,2,6,0,0,0,0,6,0,0,2,0,8,0,0,0,17,0,0,0,0,0,0,3,0,0,0,3,0,2,0,0,1,1,3,0,0,6,21,0,0,2,0,0,48,0,0,0,0,0,0,0,0,5,8,0,0,0,2,0
176,1228,COLEGIO ESTADUAL JOAO BETTEGA,"RUA DALILA ROLIM VARGAS,   1.020",NOVO MUNDO,-25.48606225,-49.30423734,41,0,3796,3086,321,169,0,5,3,8,54,3,7,1,1,23,2,25,0,1,2,0,11,1,2,1,4,14,23,4,1,1,20,0,2,1,3,8,0,0,0,0,0,3,1,3,2,1,0,0,0,37,2,0,0,0,0,3,3,5,0,0,0,25,0,2,1,0,1,3,2,0,1,1,0,0,6,2,94,0,0,0,0,4,0,1,0,0,0,0,0,0,10,0,0,1,0,0,1,0,6,4,0,0,0,11,0,9,1,0,0,0,0,16,35,0,0,0,0,0,0,0,0,0,0,0,7,15,1,0,0,0,4,0,3,0,0,0,54,0,0,0,0,0,0,0,0,0,29,0,10,0,0,0,0,0,0,1,1,0,2,3,2,0,31,1,0,0,8,0,0,0,3,0,0,0,0,1,75,4,54,5,3,0,0,147,6,2,0,0,2,0,1,0,6,0,0,0,0,3,1,0,0,20,0,1,0,0,1,5,0,2,0,0,0,0,0,1,0,0,0,0,1,0,0,0,0,0,0,0,2,0,0,0,3,0,0,0,2,1,2,0,0,0,0,0,0,7,1,0,0,0,0,0,1,0,0,0,0,0,0,0,0,0,0,1,31,0,0,0,0,0,0,0,1,0,0,5,1,0,0,3,17,0,1,0,0,1,0,0,6,0,0,0,0,0,1,3,0,0,0,0,0,0,0,1,0,0,1,0,0,0,2,0,0,0,0,1,0,0,0,1,0,0,0,0,0,0,1,0,0,0,0,0,0,0,0,0,0,0,0,11,0,0,0,0,73,0,0,0,0,7,0,1,19,2,0,0,33,0,0,0,0,0,0,0,0,0,0,0,0,0,0,1,1,0,0,0,0,0,0,0,0,0,0,0,0,0,0,0,0,0,0,0,0,0,1,0,9,0,0,53,0,0,0,4,13,4,0,4,2,0,0,72,1,1,0,5,0,0,0,0,0,3,0,39,0,0,3,1,1,1,0,0,1,0,0,0,2,1,2,0,0,0,0,0,0,1,1,1,2,1,0,0,1,1,0,1,20,0,0,0,0,0,1,0,0,1,0,0,0,0,0,0,0,0,0,0,0,0,0,0,2,0,0,0,0,1,0,0,0,0,0,0,0,0,0,0,0,0,0,0,0,0,0,0,1,0,0,0,0,0,0,0,0,0,0,0,0,0,0,4,0,0,1,0,3,1,15,0,1,1,7,0,0,0,0,0,0,0,0,0,0,0,0,1,1,0,5,0,0,0,0,0,1,3,1,0,0,0,0,0,0,43,0,0,0,10,0,0,4,0,6,0,0,0,0,0,1,0,0,2,0,0,0,0,0,0,0,0,0,0,0,0,0,0,1,0,0,1,0,0,0,73,0,0,0,0,0,0,0,0,0,0,0,0,0,0,0,0,0,0,0,0,7,3,0,0,1,0,2,0,0,3,0,2,0,0,1,1,1,0,0,0,0,4,1,0,3,0,0,0,0,0,1,4,1,0,0,0,0,0,21,3,0,2,0,18,0,0,0,0,0,0,2,8,4,3,0,1,0,6,1,0,107,1,1,1,1,2,0,3,7,45,0,1,1,6,0,35,113,1,0,0,0,0,0,0,10,0,0,0,0,2,0,2,3,0,0,1,0,0,0,0,2,0,0,0,1,1,1,0,1,0,1,2,0,5,0,0,0,1,0,8,0,1,0,0,0,0,0,0,0,0,0,0,0,0,0,0,0,3,0,0,0,1,0,1,0,5,0,0,0,0,0,0,0,0,0,0,22,22,2,2,1,0,0,16,3,0,1,0,1,4,6,4,17,0,0,1,0,0,0,5,0,0,0,0,2,0,0,1,1,96,1,1,6,1,3,2,5,0,1,3,0,1,0,0,0,0,0,2,0,0,0,0,6,1,1,1,0,0,5,0,0,0,0,0,4,8,0,0,0,0,13,0,0,0,0,15,0,0,1,8,2,0,0,0,0,1,1,0,0,2,0,0,0,0,0,4,3,0,0,1,6,26,0,0,4,0,0,33,0,0,0,1,0,0,0,0,0,1,0,0,0,1,0
176,1236,ESCOLA MUNICIPAL MADRE MARIA DOS ANJOS,RUA SANTA MARIA  540,NOVO MUNDO,-25.48932411,-49.28050952,41,0,2313,1939,128,87,0,0,2,4,23,2,2,0,0,6,0,20,2,0,0,0,9,0,2,1,1,1,12,3,0,1,11,0,1,1,0,11,0,0,0,0,0,3,6,1,9,3,0,0,1,8,1,0,1,6,0,1,3,3,0,0,2,9,0,0,4,0,0,3,0,0,0,0,0,1,1,2,58,0,0,0,1,5,0,1,0,0,0,1,0,0,3,0,0,0,0,0,1,0,7,0,0,0,0,7,0,7,0,1,3,1,0,15,20,2,0,0,0,0,0,0,0,0,0,0,2,1,0,0,0,0,0,0,2,0,0,0,58,0,0,0,0,0,0,0,0,0,3,1,2,0,0,0,0,0,0,0,0,0,0,0,3,0,7,0,0,0,6,1,0,0,2,0,0,1,0,2,42,1,21,4,1,1,0,36,5,2,0,0,4,0,0,0,0,0,0,0,0,0,1,2,0,38,0,0,0,0,0,4,0,0,0,2,3,0,1,0,1,1,0,0,0,0,0,0,0,4,0,0,6,0,0,0,1,0,1,0,0,0,1,0,0,0,0,0,0,1,0,0,0,0,1,0,1,0,0,0,0,0,0,1,0,2,0,0,7,0,0,0,1,0,0,0,0,0,0,1,0,0,1,1,5,0,0,0,0,0,0,0,4,0,0,0,0,0,0,1,0,0,0,0,0,0,0,0,0,0,0,0,1,0,0,0,0,0,0,0,0,0,0,0,0,0,0,0,1,0,1,0,0,0,2,0,3,0,0,0,0,0,0,12,10,0,0,0,60,0,0,0,0,3,0,0,5,0,0,0,25,2,0,0,0,0,0,0,0,0,0,0,0,0,0,0,0,0,0,0,0,0,0,0,0,0,0,0,1,0,0,0,0,0,0,0,0,0,2,0,16,1,0,47,0,0,1,0,9,8,0,2,5,0,0,42,0,0,0,4,0,2,0,0,0,3,0,18,0,1,0,0,0,0,0,0,0,2,0,0,0,1,1,0,0,0,0,0,0,0,1,0,2,0,0,1,0,0,0,0,15,0,0,0,0,0,0,0,0,0,0,0,0,0,0,0,0,0,0,0,0,0,0,0,1,0,0,0,0,0,1,0,0,0,0,0,0,0,1,0,0,0,0,0,0,0,0,0,1,0,0,3,0,0,0,0,0,0,0,0,0,0,0,2,2,0,0,1,1,2,21,0,2,1,6,0,0,0,0,6,0,0,0,0,0,0,1,1,0,0,26,0,0,3,0,0,0,1,0,0,0,2,0,0,0,24,0,4,0,4,0,1,3,0,4,0,0,0,0,0,1,0,0,3,0,0,0,0,0,2,0,0,0,0,0,0,0,0,0,0,0,0,0,0,0,0,1,0,0,0,0,0,0,0,2,0,0,0,0,0,0,0,0,0,0,0,5,1,0,0,0,0,0,1,0,0,0,0,0,0,2,0,0,0,0,0,0,0,0,1,1,0,0,0,0,3,0,2,0,0,0,0,0,0,13,6,0,1,0,10,0,1,0,1,0,0,1,3,0,4,0,0,1,3,2,0,82,0,22,0,1,2,0,12,2,36,0,7,0,0,0,14,111,0,1,0,0,0,0,0,10,0,0,0,0,0,0,0,2,5,1,1,0,0,0,0,0,0,1,2,0,0,0,0,2,0,0,0,0,0,0,1,0,0,0,1,1,0,0,0,0,0,1,0,0,0,0,0,0,0,0,0,0,0,1,0,0,0,3,0,0,0,0,0,0,1,0,0,0,0,0,0,17,5,1,1,0,0,0,0,1,0,1,0,0,1,10,3,11,1,0,0,0,0,0,5,0,0,0,0,0,0,0,0,0,116,0,3,7,0,3,1,5,1,0,0,3,0,0,0,0,0,0,1,0,1,0,0,0,3,0,0,0,0,0,4,0,0,0,0,0,2,0,0,1,0,1,0,0,0,0,4,0,0,0,7,0,0,0,0,0,0,0,1,0,0,0,0,0,0,0,7,2,0,0,0,3,18,0,1,0,0,0,20,0,0,0,0,0,0,0,0,2,2,1,0,0,0,1
176,1244,ESCOLA MUNICIPAL MARIA CLARA BRANDAO TESSEROLI,"RUA JOAO RIBEIRO LEMOS,  361",NOVO MUNDO,-25.48796354,-49.287917,41,0,4115,3428,241,185,0,3,6,14,54,2,5,0,1,9,1,34,2,0,0,0,11,0,2,0,2,2,14,5,4,0,17,0,0,5,0,9,1,0,0,0,0,1,2,0,5,9,0,3,1,41,1,0,0,1,0,0,6,11,0,0,0,26,0,0,3,0,3,10,2,0,0,0,0,3,5,3,90,0,0,0,0,6,2,0,1,1,0,6,0,0,11,5,0,0,1,0,0,0,4,1,0,0,0,7,0,13,0,0,0,0,0,24,36,1,0,0,0,0,0,0,0,0,0,0,16,2,0,0,0,0,3,0,0,1,0,1,72,0,0,0,0,1,0,0,2,0,10,0,3,0,1,0,0,0,0,0,0,0,0,6,8,0,9,0,0,1,6,0,1,0,4,0,0,1,0,0,77,1,58,7,1,1,1,77,0,6,0,1,1,2,0,4,3,0,0,0,1,4,0,0,1,80,1,0,1,0,1,0,0,0,0,1,0,0,0,0,0,0,0,0,0,0,0,0,0,2,0,0,2,0,0,0,13,0,2,0,1,2,1,0,0,0,0,3,0,2,0,0,0,0,2,0,0,0,0,0,0,0,0,0,0,1,0,0,12,0,0,0,0,0,0,1,1,2,1,10,0,0,5,2,6,0,0,0,1,0,0,0,0,0,0,0,0,0,0,5,0,0,0,0,0,0,0,1,1,1,0,0,1,0,0,1,0,0,0,0,1,0,0,0,0,0,1,0,1,0,0,0,0,0,4,1,3,0,0,0,0,0,0,38,14,0,0,0,74,0,0,0,1,7,0,0,10,1,0,0,47,2,1,1,0,0,0,0,0,1,0,0,0,0,0,0,0,0,0,0,0,0,0,0,0,0,0,0,0,0,0,0,0,0,0,0,0,0,3,4,15,0,2,72,0,0,5,6,11,6,0,8,1,0,1,67,1,0,0,2,1,0,0,0,0,2,0,69,0,0,0,1,0,0,0,0,1,0,0,0,0,0,2,0,0,0,1,0,0,0,9,0,2,1,0,0,4,0,0,0,32,0,0,1,6,0,1,0,0,0,0,0,0,0,0,0,0,0,0,0,0,0,0,0,0,0,0,0,0,0,0,0,0,0,0,0,0,0,4,0,0,1,0,0,0,0,0,0,0,0,0,0,0,0,0,0,0,0,0,0,0,0,1,2,1,1,0,1,2,0,26,0,5,0,20,1,0,1,0,0,0,0,0,0,1,0,0,0,3,0,24,1,0,0,0,0,2,2,0,0,0,0,0,0,0,80,0,4,0,7,0,0,5,0,1,0,0,0,0,0,0,0,1,7,0,0,0,0,0,0,0,0,0,0,0,0,0,0,1,0,0,0,0,0,0,0,2,0,0,0,0,0,0,0,1,0,0,0,0,0,0,0,0,0,0,0,6,1,0,0,1,0,2,0,1,1,1,4,1,0,4,0,8,0,0,0,1,0,0,0,2,1,0,0,0,9,0,6,0,2,0,0,1,0,28,10,0,1,0,24,0,0,0,0,0,0,0,8,0,4,0,0,0,5,3,0,131,1,91,0,7,2,0,14,6,41,0,1,0,1,0,27,135,2,5,1,1,0,0,0,15,1,0,0,0,0,0,0,1,3,0,1,0,0,0,0,0,0,0,5,0,0,0,0,0,0,2,0,1,0,0,0,0,0,1,8,3,1,0,2,0,0,0,0,0,0,0,0,0,0,0,2,0,0,2,0,0,1,0,0,0,0,0,0,0,0,0,0,0,0,1,0,20,14,3,3,0,0,0,0,0,0,0,0,0,3,6,0,22,5,3,0,0,0,0,6,1,0,3,1,0,0,0,0,6,200,5,3,6,0,3,2,5,0,1,1,2,2,0,0,0,1,0,4,0,0,0,0,0,3,0,1,0,0,1,1,0,0,0,0,0,8,0,0,0,0,1,0,0,1,0,9,0,0,0,19,0,0,0,2,0,0,0,0,0,0,0,1,0,0,0,10,2,2,0,0,12,22,0,0,3,1,0,37,1,0,0,0,0,0,0,0,4,9,0,0,0,9,0
176,1252,ESCOLA MUNICIPAL PROFESSORA NAIR DE MACEDO,RUA FIORAVANTE SLAVIERO  750,NOVO MUNDO,-25.4905905,-49.31009731,41,0,3316,2771,250,135,0,5,4,8,47,3,5,0,0,14,0,34,0,0,0,0,8,0,2,0,1,5,15,3,2,0,11,0,0,11,0,14,2,0,0,0,0,0,4,1,5,3,0,0,0,38,1,0,1,1,1,1,1,1,0,0,1,20,0,4,0,1,1,5,0,0,5,0,0,1,0,2,74,0,0,0,0,10,1,0,0,0,0,1,0,0,7,0,2,0,1,0,0,0,0,9,0,0,0,8,0,11,0,0,0,2,0,32,40,1,0,0,0,0,0,0,0,0,0,1,10,13,0,1,2,0,3,1,1,0,0,0,40,0,0,0,0,0,0,0,0,2,17,0,9,0,0,0,0,0,0,2,1,0,0,2,6,0,20,0,0,0,9,0,0,0,2,0,0,5,0,0,42,7,40,6,1,1,0,90,17,3,0,0,1,0,2,1,2,1,0,0,0,4,1,1,0,38,0,0,0,0,2,13,0,0,0,0,0,0,0,1,1,0,0,0,0,0,1,0,0,1,0,0,0,0,0,0,6,1,0,0,0,3,10,0,0,0,0,0,0,3,0,0,0,0,1,0,2,0,0,1,0,0,0,2,1,0,0,2,24,0,0,0,0,0,0,0,1,0,1,0,0,0,3,2,8,0,0,0,0,0,0,0,0,0,0,0,0,0,0,3,0,0,0,0,0,0,0,0,0,0,0,0,0,1,1,0,0,1,0,0,0,0,0,0,0,0,0,0,0,0,0,0,0,0,1,3,0,0,0,0,0,0,0,22,1,0,0,0,57,0,0,0,0,1,0,0,4,1,0,0,23,1,0,2,0,1,0,0,0,0,0,0,0,0,0,0,0,0,0,0,0,0,2,0,0,0,1,0,0,0,0,0,0,0,0,0,0,0,4,1,15,0,0,43,2,0,5,0,7,1,0,3,7,0,0,81,2,0,0,2,1,0,0,0,0,2,0,52,0,3,2,0,0,0,0,0,0,0,1,0,3,0,3,0,0,0,3,0,0,0,5,0,0,0,0,1,0,3,0,0,26,1,1,0,4,0,0,0,0,0,0,0,0,0,0,0,0,0,0,0,0,0,0,0,3,0,0,0,0,2,3,0,0,0,0,0,0,0,2,0,0,0,0,0,0,0,0,0,0,0,0,0,0,0,0,0,0,0,0,0,0,0,1,2,0,0,0,1,4,2,23,0,1,0,8,3,0,0,0,0,0,0,0,0,0,0,0,0,0,0,3,0,0,0,0,0,0,0,0,0,0,0,0,0,0,59,0,1,0,8,0,0,2,0,2,0,0,0,0,0,1,0,0,0,0,0,0,0,0,0,0,0,0,0,0,0,0,1,0,0,0,0,0,0,0,10,0,0,0,0,0,0,0,0,0,0,0,0,0,0,0,0,0,0,0,0,11,5,0,1,2,0,3,1,0,3,0,1,0,0,0,0,3,0,0,0,0,0,0,4,7,0,0,0,0,0,0,1,0,0,0,0,1,0,10,1,0,3,0,13,0,0,2,0,0,0,0,5,0,4,0,1,2,6,1,0,126,0,2,0,0,2,0,9,1,33,0,1,0,0,0,29,96,0,1,1,0,0,0,0,7,0,0,0,0,2,0,1,3,0,0,2,0,0,0,0,0,0,0,0,0,0,1,0,1,0,0,3,0,0,0,0,0,2,1,2,3,0,0,0,0,0,0,0,0,0,0,0,0,0,0,0,0,3,0,0,0,0,0,0,0,0,0,0,0,0,0,0,0,0,0,0,3,16,4,3,4,0,0,2,0,1,1,0,0,6,5,16,12,5,1,0,0,0,1,6,0,0,0,1,0,1,0,0,5,129,1,3,11,0,2,7,2,0,0,1,2,3,0,0,0,0,0,0,0,0,0,0,14,3,0,1,0,0,5,0,0,0,0,0,1,8,0,0,1,0,1,1,0,0,1,26,0,0,0,21,1,0,0,1,0,0,2,0,0,2,2,1,0,0,0,2,1,1,0,0,4,18,0,0,7,0,0,33,0,0,0,0,0,0,0,0,1,7,0,0,0,5,0
176,1295,CEI BELMIRO CESAR - ESCOLA MUNICIPAL,"RUA PADRE MANUEL DA NOBREGA,  327",FANNY,-25.47979377,-49.27079256,39,0,2145,1759,134,97,0,1,1,2,29,1,4,0,0,4,0,12,0,0,0,0,7,0,3,0,3,0,6,1,0,0,7,1,0,1,0,7,1,0,0,0,0,0,2,0,1,1,0,0,0,16,0,0,0,1,0,0,1,0,1,0,2,3,0,1,2,1,1,1,0,1,0,0,0,0,0,0,37,0,0,0,0,8,0,0,2,0,0,1,0,0,1,0,0,0,0,0,0,0,3,0,0,0,0,7,0,5,0,0,0,3,0,14,20,1,0,0,0,0,0,0,0,0,0,0,1,2,0,0,0,0,2,0,2,2,0,2,55,0,0,0,2,0,0,0,3,0,2,0,0,0,1,0,0,0,0,0,0,0,0,3,5,0,8,0,0,0,6,0,1,0,3,0,0,0,0,0,34,3,27,14,0,0,0,25,0,1,0,1,1,0,1,3,2,0,0,0,0,0,1,3,3,31,0,0,1,0,0,0,0,0,0,0,0,0,1,0,0,0,1,0,0,0,0,0,0,1,0,0,1,0,0,0,3,0,0,0,0,0,0,0,1,0,0,0,0,0,0,0,0,1,0,2,0,0,0,0,0,0,0,0,0,2,0,0,9,0,0,0,0,0,0,0,0,1,0,0,0,0,3,0,2,0,0,0,0,0,0,0,2,0,0,0,0,0,0,3,0,0,0,0,0,0,0,1,0,0,0,0,0,0,1,0,0,2,0,0,0,0,0,0,0,0,0,0,0,0,0,0,0,1,0,0,0,0,0,0,0,0,0,23,0,0,0,0,35,0,0,0,1,8,0,1,3,0,0,0,27,4,0,1,0,0,0,0,0,0,0,0,0,0,0,0,0,0,0,0,0,0,0,0,0,0,0,0,0,0,2,0,0,0,0,0,0,0,3,2,6,0,0,26,0,0,0,1,6,6,0,3,8,1,0,29,1,0,0,3,0,1,1,0,0,4,0,23,1,0,2,0,0,0,1,0,0,0,0,0,1,0,1,0,0,0,1,0,0,1,0,3,0,2,0,0,0,0,0,0,19,0,0,0,7,0,0,0,0,0,0,0,0,0,0,0,0,0,0,0,2,1,0,0,0,0,0,0,0,0,1,0,0,0,0,0,0,0,1,0,0,0,0,0,0,1,0,0,0,1,0,0,0,0,0,0,0,0,0,0,0,0,0,4,0,0,0,1,2,0,16,0,5,0,13,2,0,0,0,0,0,0,0,0,0,0,0,1,0,0,8,0,0,0,0,0,0,1,0,0,0,0,0,0,0,13,0,1,0,2,0,0,1,0,20,0,0,0,0,0,0,0,0,2,0,0,0,0,0,0,1,0,0,0,0,0,0,1,0,0,0,2,0,0,1,0,0,0,0,0,0,0,1,0,2,0,0,0,0,0,0,1,0,1,0,0,2,0,0,0,0,0,0,0,0,0,0,0,1,0,2,0,0,0,0,0,0,0,0,0,3,0,0,1,0,3,1,2,0,0,0,0,0,0,18,6,0,0,0,14,0,0,0,0,0,0,0,2,5,2,0,1,1,10,1,0,71,0,5,0,0,2,0,6,0,40,0,0,3,0,1,29,81,0,0,0,0,0,0,0,11,0,0,0,1,0,0,0,0,0,0,1,0,0,0,0,0,1,2,0,0,1,0,0,1,0,0,0,1,0,0,0,0,0,0,1,1,0,0,0,0,0,1,0,0,0,0,0,0,0,0,0,0,0,0,0,0,0,0,0,0,0,0,0,0,0,1,0,0,0,0,1,25,8,1,5,5,0,0,1,1,0,0,0,0,1,3,1,17,0,0,0,0,0,0,2,1,0,1,0,1,0,0,0,0,90,0,1,10,0,3,4,2,1,2,0,3,2,0,0,0,0,0,0,0,0,0,0,1,0,0,0,0,0,1,1,0,1,0,0,1,10,0,0,1,0,0,1,0,0,0,15,0,0,1,18,0,0,0,0,0,0,0,0,0,0,0,0,0,0,0,1,2,0,0,0,6,26,0,0,0,0,0,14,0,0,0,0,0,0,0,0,0,0,2,0,0,4,0
176,1317,ESCOLA GRACE - PARTICULAR (ANTIGA FACULDADE SANTA CRUZ - CAMPUS BONAT),"RUA PEDRO BONAT, 103",NOVO MUNDO,-25.49456224,-49.29272103,41,0,4334,3551,221,168,0,6,2,9,46,1,4,0,2,11,0,33,0,0,1,1,16,1,2,0,3,2,6,2,4,2,14,0,1,5,1,27,1,0,0,0,0,2,12,7,17,6,0,5,0,31,1,0,0,0,0,1,2,9,0,0,5,16,1,0,3,0,1,8,1,0,0,0,0,2,0,2,72,0,0,0,0,5,0,0,1,0,0,2,1,0,14,0,0,1,0,0,0,1,7,0,0,0,0,13,0,19,0,0,0,2,0,13,30,2,0,0,0,0,0,0,0,0,0,1,16,9,1,1,0,0,1,0,2,1,0,4,111,0,0,0,0,1,0,0,1,3,20,0,4,0,1,0,0,3,0,1,0,0,1,5,10,0,8,0,0,0,13,0,1,0,2,1,1,4,0,0,102,3,58,10,1,3,1,75,5,4,0,1,3,1,0,1,8,3,0,1,3,1,0,2,5,51,0,0,0,1,1,0,0,0,0,0,0,0,1,0,0,0,1,0,0,0,0,0,0,1,0,0,4,0,1,0,3,0,0,0,2,1,0,0,0,1,0,0,0,1,0,1,0,0,0,0,1,0,0,0,0,2,1,0,1,0,0,0,11,0,0,0,0,0,0,0,0,1,2,2,0,0,3,7,8,0,1,0,1,0,0,0,1,1,0,0,0,2,0,4,0,0,0,0,0,0,0,1,0,0,1,0,0,0,0,1,0,3,0,0,0,0,0,0,0,0,0,0,0,0,1,0,0,1,0,0,1,0,0,0,1,0,1,39,1,0,3,0,103,0,0,0,0,11,0,0,15,0,0,0,59,1,0,2,2,0,0,0,0,0,2,1,0,0,0,0,0,0,1,0,0,0,0,0,0,0,0,0,0,0,0,0,0,0,0,0,0,0,4,5,17,0,0,87,0,0,0,5,12,1,0,8,2,0,1,53,1,1,1,3,4,0,0,1,1,4,0,56,1,2,4,2,0,0,0,0,1,0,0,0,0,1,2,0,0,0,0,0,0,0,5,2,0,1,0,3,0,1,0,0,13,0,0,0,4,0,1,0,0,0,0,0,0,0,0,0,3,0,0,0,0,0,0,0,2,0,1,0,0,0,3,0,0,0,0,0,0,0,3,1,0,0,0,0,0,0,0,0,4,0,0,0,0,1,0,0,0,0,0,0,0,0,0,5,2,2,1,5,9,0,59,0,10,1,24,4,0,0,0,0,0,0,0,1,0,0,1,2,1,1,19,0,0,0,0,0,0,0,0,2,0,0,0,0,2,27,0,2,0,19,0,1,7,0,3,0,0,0,0,0,1,0,0,3,0,0,0,0,0,0,1,0,0,0,0,0,0,0,2,0,0,0,0,0,0,2,1,0,0,0,0,0,0,0,0,0,0,0,0,0,0,0,0,0,0,0,14,0,0,0,8,1,1,0,0,0,0,4,0,1,8,0,1,0,0,0,0,0,0,1,5,1,0,0,0,3,1,5,0,1,0,2,1,0,25,16,1,1,0,38,0,2,0,1,0,0,1,6,2,2,0,0,7,8,2,1,109,1,8,0,1,9,1,18,1,56,0,1,0,2,2,39,147,0,0,1,2,1,0,0,26,0,0,0,0,0,0,0,3,5,0,2,0,0,0,0,0,0,4,0,0,0,1,0,1,0,0,4,1,0,0,1,0,1,0,6,5,0,0,0,0,0,0,0,1,0,0,0,0,0,0,1,2,0,1,0,0,0,0,1,0,0,0,0,0,0,0,0,0,0,0,0,8,4,1,11,1,0,0,0,5,0,1,0,3,7,14,1,38,6,1,2,0,0,0,6,0,0,3,1,0,1,1,0,0,255,7,7,17,0,8,4,8,2,2,0,6,5,1,0,0,0,0,1,0,0,0,0,2,3,0,0,0,0,0,2,0,0,0,0,3,18,0,0,1,0,1,0,0,1,3,4,0,0,0,9,0,0,0,0,1,0,0,0,0,0,0,0,0,0,0,5,0,0,0,0,7,25,0,0,0,0,0,33,0,0,0,0,0,0,0,0,5,9,0,0,0,2,0
176,1333,FACULDADE SANTA CRUZ - CAMPUS SEDE,"RUA AFFIF MANSUR, 565",NOVO MUNDO,-25.4956438,-49.3032937,41,0,3608,3079,229,130,0,3,9,7,37,0,3,0,1,5,1,28,2,0,0,0,16,1,1,0,1,3,11,3,4,0,24,0,0,8,0,26,0,0,0,0,0,1,7,0,10,5,0,0,1,24,0,0,0,0,0,1,5,7,0,0,8,22,0,0,2,3,0,5,0,0,1,1,0,1,1,1,73,0,0,0,0,1,1,2,1,0,0,0,0,0,8,0,1,0,0,0,0,2,6,1,1,0,0,12,0,19,1,0,0,0,0,19,26,3,0,0,0,0,1,0,0,0,0,0,28,5,1,1,0,0,0,0,1,2,1,1,62,0,0,0,0,0,0,0,2,1,8,0,2,1,0,0,0,1,0,1,0,0,1,5,10,0,12,0,0,0,16,0,0,1,0,1,0,0,0,1,65,6,36,2,0,1,0,86,2,7,0,1,0,0,0,2,6,0,0,0,2,0,0,1,0,32,0,0,0,1,3,5,0,0,0,0,0,0,1,1,1,0,0,0,1,0,0,0,0,4,0,0,4,0,0,0,4,0,0,0,0,0,2,0,0,0,1,0,0,2,0,0,0,0,0,1,0,0,0,0,0,0,0,0,1,0,0,0,32,0,0,1,0,0,0,0,0,0,0,2,0,1,4,1,7,0,0,0,0,0,0,0,3,0,0,0,0,2,0,5,0,0,0,1,0,0,0,1,1,0,0,0,0,0,0,0,0,0,0,0,0,0,0,0,0,0,0,0,0,0,1,0,0,0,0,0,2,0,0,0,0,0,0,39,1,0,0,0,85,0,0,0,0,13,1,0,12,1,0,2,61,4,0,0,0,0,0,0,0,0,0,2,0,0,0,0,0,0,0,0,0,1,0,0,0,0,0,0,0,0,0,0,0,0,0,0,0,0,4,2,16,0,1,52,0,0,8,0,13,1,0,7,1,0,3,64,0,0,0,1,1,0,0,0,0,4,2,51,0,0,3,0,0,0,0,0,1,0,0,0,2,0,1,0,0,1,0,0,0,0,5,0,0,0,0,0,1,1,0,0,16,0,1,0,3,0,1,0,0,0,1,0,0,0,0,0,0,0,0,0,0,0,0,0,1,0,1,0,0,1,1,0,0,0,0,0,0,0,1,0,0,0,0,0,0,0,0,0,0,0,0,0,0,0,0,0,0,0,0,0,0,0,0,1,0,0,2,3,8,1,50,0,6,0,14,2,0,0,0,0,0,0,0,1,0,0,0,0,0,0,13,2,1,0,0,0,1,1,0,0,0,0,0,0,0,31,0,3,0,10,0,0,6,0,4,0,0,0,0,0,0,0,0,6,0,0,0,0,0,0,0,1,0,0,0,0,0,0,0,0,0,0,0,0,0,6,0,0,0,0,0,0,0,0,1,0,0,0,0,0,0,0,0,0,0,0,16,0,0,0,3,0,3,0,1,5,0,1,0,0,5,0,2,0,0,0,0,0,0,2,7,0,0,0,1,3,0,6,0,1,0,0,0,0,9,10,0,0,0,35,1,1,0,0,0,0,0,6,0,6,0,0,2,11,3,0,112,0,4,0,2,3,0,13,1,40,0,6,6,1,0,36,130,2,1,0,0,2,0,0,18,0,0,0,0,0,0,1,2,1,0,8,0,0,1,0,0,0,0,0,0,0,1,1,1,0,0,4,0,1,0,0,0,0,0,4,0,0,0,0,0,0,0,0,0,0,0,0,0,0,0,0,0,3,1,0,0,0,0,0,1,1,0,0,0,0,0,0,0,0,0,0,17,10,4,13,3,1,0,1,1,0,1,0,3,6,7,1,41,2,0,0,0,0,0,5,0,0,1,0,1,0,1,0,2,211,6,11,2,0,7,5,6,1,1,2,4,3,0,0,0,0,0,2,0,0,0,0,0,5,0,0,0,0,0,5,0,0,0,0,3,13,0,0,0,0,4,0,0,1,0,6,1,0,0,18,2,0,0,0,0,0,0,0,0,0,1,0,2,0,0,4,1,1,0,0,1,19,0,0,4,0,0,36,0,0,2,0,0,0,0,0,1,2,0,0,0,1,0
176,1341,CMEI VILA LEÃO,"RUA PRIMO LOURENÇO TOSIN, 21",NOVO MUNDO,-25.48510498,-49.30237197,41,0,1427,1075,115,55,0,4,2,5,12,0,0,0,0,4,1,12,0,0,2,0,3,0,1,0,0,3,6,2,0,0,2,0,0,0,0,5,0,0,0,0,0,0,0,0,1,3,0,0,0,20,0,0,1,0,0,0,0,0,0,0,1,14,0,1,1,0,0,3,1,0,0,0,0,0,2,2,35,0,0,0,0,4,0,0,0,0,0,0,0,0,3,0,0,0,0,1,0,0,1,0,0,0,0,1,0,6,0,0,0,0,0,11,6,0,0,0,0,0,0,0,0,0,0,1,3,1,1,0,0,0,0,0,1,0,0,1,23,0,0,1,0,0,0,0,0,0,8,0,2,0,0,0,0,0,0,0,0,0,0,1,2,0,9,0,0,0,6,0,2,0,2,0,0,1,0,0,26,2,20,1,1,0,0,29,4,1,0,0,1,0,0,0,0,1,0,0,1,3,0,0,1,15,0,0,0,0,2,2,0,0,0,0,0,0,0,0,0,0,0,0,0,0,0,0,0,1,0,0,2,0,0,0,2,0,0,0,0,0,1,0,0,1,0,0,0,1,0,0,0,0,0,0,0,0,0,0,0,0,0,0,0,0,0,0,16,0,0,0,0,0,0,0,0,0,1,2,0,0,0,0,2,0,0,0,0,0,0,0,0,0,0,0,0,0,0,6,0,0,0,0,0,0,0,0,0,0,0,0,1,0,1,1,0,0,0,0,0,0,0,0,0,0,0,0,0,0,0,0,0,0,0,0,0,0,0,0,0,0,0,3,0,0,0,0,23,0,0,0,0,6,1,0,2,0,1,0,15,0,0,1,0,0,0,0,0,0,0,0,0,1,0,0,0,0,0,0,0,0,0,0,0,0,0,0,0,0,0,0,0,0,0,0,0,0,2,0,2,0,0,17,0,0,1,1,6,0,0,1,0,0,0,25,0,0,0,0,0,0,0,0,0,0,0,22,0,1,0,0,0,0,0,0,0,1,1,0,0,0,1,0,0,0,0,0,0,0,0,0,0,0,0,0,0,2,0,0,5,0,0,0,0,0,0,0,0,0,0,0,0,2,0,0,0,0,0,0,0,0,0,0,0,0,0,0,0,0,6,0,0,0,0,0,0,0,1,0,0,0,0,0,0,0,0,0,0,0,0,0,0,0,0,0,0,0,0,0,2,1,0,2,0,0,0,0,1,1,4,0,1,5,6,0,0,0,0,0,0,0,0,0,0,0,0,0,0,0,0,0,0,0,0,0,0,0,0,0,0,0,0,0,0,18,0,1,0,4,0,0,2,0,0,0,0,0,0,0,0,0,0,2,0,0,0,0,0,0,1,0,0,0,0,0,0,0,1,0,0,0,0,0,0,8,0,0,0,0,0,0,0,0,0,0,0,0,0,0,0,0,0,0,0,0,1,0,0,0,0,0,0,0,0,1,0,0,0,0,0,0,1,0,0,0,0,0,0,1,1,0,0,0,0,2,1,3,0,0,0,0,0,0,2,1,0,1,0,8,0,0,0,1,0,0,0,0,0,3,0,0,0,3,0,0,34,0,2,1,0,1,0,3,0,12,0,2,2,0,0,6,32,0,0,0,0,0,0,0,6,0,0,0,0,0,0,0,0,0,0,0,0,0,0,1,2,0,0,1,0,0,0,0,0,0,0,1,0,1,0,0,0,0,0,0,1,0,0,0,0,0,0,0,0,0,0,0,0,0,0,0,0,0,0,0,0,0,0,0,0,2,0,0,0,0,1,0,0,0,0,0,10,5,3,1,0,0,0,3,1,2,1,0,0,0,2,0,7,1,0,0,1,1,0,1,0,1,0,0,1,0,1,0,1,52,2,0,1,0,0,0,4,0,0,0,1,2,0,0,0,0,0,1,0,0,0,0,0,0,0,0,1,0,0,0,0,0,0,0,1,1,0,1,0,0,4,0,0,0,1,9,0,0,0,4,0,0,0,0,0,0,1,0,0,0,0,0,0,0,0,0,1,2,0,0,0,5,0,0,0,0,0,21,0,0,0,0,0,0,0,0,0,1,0,0,0,0,0
176,1457,CEC KIDS (ANTIGA FACULDADE MACHADO DE ASSIS),"RUA PROF WALDIR DE JESUS,  99",CAPAO RASO,-25.50609303,-49.29703408,58,0,2508,2111,142,124,0,4,1,0,30,1,2,0,0,6,0,28,0,0,0,0,7,0,0,0,3,3,9,2,0,0,10,0,0,2,1,9,2,0,0,0,0,0,6,0,4,2,0,4,1,32,1,0,0,0,0,3,1,6,0,0,0,2,2,0,0,1,0,7,1,0,1,0,0,1,0,0,59,0,0,0,0,5,0,0,1,1,0,4,0,2,10,0,0,0,0,0,0,0,3,0,0,0,0,5,0,15,0,2,0,0,0,17,23,1,0,0,0,0,0,0,0,0,0,0,13,3,0,0,0,0,1,0,3,1,0,1,58,0,0,0,0,0,0,0,0,0,13,0,3,0,0,0,0,1,0,0,0,1,0,5,3,0,4,0,0,0,14,0,0,0,3,0,0,4,0,0,64,6,25,1,1,2,0,41,1,14,1,0,0,0,0,3,2,1,1,0,0,2,1,1,0,44,0,1,0,0,1,0,0,0,0,1,0,0,0,0,2,0,0,0,0,0,0,0,0,3,0,0,2,0,0,0,0,0,0,0,0,1,2,0,0,0,0,0,0,1,0,0,0,0,0,0,0,0,0,1,0,0,0,0,0,0,0,0,12,0,1,0,1,0,0,0,0,0,0,1,0,0,1,2,13,0,0,0,0,0,0,0,1,0,0,0,0,1,0,1,0,0,4,0,0,0,0,0,0,0,0,0,1,1,0,0,0,0,0,0,0,0,0,0,0,0,0,0,0,0,1,0,0,1,1,0,0,0,0,0,0,0,0,21,1,0,0,0,43,0,0,0,2,2,0,0,6,0,0,0,36,0,1,0,0,0,0,0,0,0,0,0,0,0,0,0,0,0,0,0,0,0,0,0,0,0,0,0,0,0,0,0,0,0,0,0,0,0,1,4,14,0,0,30,1,0,2,1,5,3,0,5,1,0,0,33,0,0,0,0,0,0,0,0,0,2,0,24,0,1,2,0,0,0,0,0,0,0,0,0,2,0,2,0,0,0,0,0,0,0,5,0,1,0,0,0,0,2,0,0,17,0,0,0,3,0,0,0,1,0,1,1,0,0,0,0,0,0,0,0,0,0,0,0,1,0,0,0,0,1,2,0,0,0,0,0,0,0,1,0,0,0,0,0,0,0,0,0,1,0,0,1,0,0,0,0,0,0,0,0,1,1,1,0,2,0,1,1,2,1,29,0,3,0,9,0,1,0,0,0,0,0,0,0,0,0,0,1,1,0,9,1,1,0,0,0,0,0,0,0,0,0,0,0,0,39,0,0,0,11,0,0,4,0,2,0,0,0,0,0,0,0,0,4,0,0,0,0,0,0,0,0,0,0,0,0,0,0,0,0,0,0,0,0,0,0,0,0,0,0,0,0,0,0,2,0,0,0,0,0,0,0,0,0,0,0,32,0,0,0,3,0,2,0,0,1,0,1,0,0,4,0,0,0,1,0,0,0,0,0,1,0,0,0,0,2,0,6,0,0,0,0,0,0,13,2,0,1,0,15,0,5,0,0,0,0,0,5,0,2,0,0,0,5,0,0,74,0,5,0,0,2,0,9,7,27,0,1,0,3,0,43,76,1,4,0,0,0,0,0,8,2,0,0,0,0,0,0,0,0,0,0,0,0,0,0,0,0,1,0,2,0,1,0,0,0,0,1,1,1,0,0,0,0,0,3,1,0,0,0,0,0,0,0,0,0,0,0,0,0,0,0,0,0,0,0,0,0,0,0,0,3,0,0,0,0,0,0,0,0,0,0,9,2,1,4,0,0,0,1,2,0,0,0,1,2,5,4,18,3,0,0,0,0,0,3,0,0,0,0,0,0,0,2,2,152,0,2,4,0,4,1,5,0,2,0,4,1,0,0,0,0,0,0,0,0,0,0,2,2,0,0,0,0,1,3,0,2,0,0,0,2,0,0,0,0,0,0,0,1,0,2,0,0,0,12,0,0,0,0,0,0,0,0,1,1,0,0,0,0,0,2,0,0,0,0,2,16,1,0,1,0,0,27,0,0,0,0,0,0,0,0,0,1,0,0,0,2,0
176,1465,COLEGIO STELLA MARIS - PARTICULAR - (ANTIGA ESCOLA DOMINIUS),"RUA PROFESSOR NARCISO MENDES, 484",XAXIM,-25.50375222,-49.26969019,57,0,2237,1883,124,81,0,1,1,2,15,0,1,0,0,0,1,23,1,0,0,0,4,0,1,0,0,2,4,3,1,0,3,0,1,0,1,28,1,0,0,0,0,0,8,0,10,3,0,0,2,12,0,0,0,0,1,0,1,6,0,0,0,2,0,1,1,0,2,3,0,0,0,0,1,0,0,3,39,0,0,0,0,2,0,0,0,0,0,0,0,0,4,0,0,0,0,0,0,1,3,0,0,0,0,5,0,10,0,1,0,1,0,22,8,0,1,0,0,0,0,0,0,3,0,0,1,12,1,0,0,0,8,0,4,0,0,1,50,0,0,0,1,0,0,0,4,0,19,0,0,0,0,0,1,2,0,0,0,0,0,6,9,0,5,0,0,0,3,0,0,0,0,1,0,0,0,0,52,2,13,6,1,1,0,29,1,1,0,0,2,0,0,0,0,0,0,1,0,2,0,1,0,12,0,0,0,0,0,0,0,0,0,0,1,0,0,1,0,0,0,0,1,0,0,0,0,6,0,0,5,0,0,0,1,0,2,0,0,3,0,0,0,0,0,0,0,0,0,0,0,1,0,1,1,0,0,0,0,0,1,0,3,2,0,0,15,0,0,0,0,0,1,0,0,0,1,0,0,0,2,1,1,0,0,0,0,0,0,0,4,0,0,0,0,0,0,1,0,0,0,0,0,0,0,1,0,0,0,0,0,0,0,0,0,0,0,0,0,0,0,2,0,0,0,0,0,0,2,0,0,0,2,0,0,0,0,0,0,0,0,15,1,0,0,0,37,0,0,0,0,6,0,0,0,1,0,1,34,0,0,0,0,0,0,0,0,0,0,0,0,0,0,0,0,0,0,0,0,0,1,0,0,0,0,0,0,0,0,0,0,0,0,0,0,0,2,1,12,0,0,48,0,0,3,1,9,7,0,2,1,0,1,33,4,0,0,4,0,0,0,0,0,0,0,24,0,0,1,0,0,0,0,0,2,1,0,0,0,0,1,0,0,0,0,0,0,0,4,0,0,2,0,0,0,0,0,0,17,0,0,1,1,0,0,0,0,0,0,0,0,0,0,0,0,0,0,0,0,0,0,0,0,0,0,0,0,0,0,0,0,0,0,0,0,0,2,0,0,0,0,0,0,0,0,0,0,0,0,0,0,0,0,0,0,0,0,0,0,0,0,0,0,0,0,3,4,0,29,0,2,1,10,0,2,0,0,0,0,0,0,0,0,0,0,0,0,0,34,0,0,0,0,0,0,0,1,0,0,1,0,0,0,23,0,1,0,23,0,0,6,0,1,0,1,0,0,0,0,0,0,0,0,0,0,0,0,0,20,0,0,0,0,0,0,0,0,0,0,0,0,0,0,6,0,0,0,0,0,0,1,0,7,0,0,1,0,0,0,0,0,0,0,0,3,0,0,0,2,1,3,0,0,1,0,0,0,0,0,0,0,0,0,0,0,0,0,1,1,0,0,0,0,2,0,2,0,0,0,0,3,0,6,3,0,1,0,26,0,0,2,0,0,0,0,1,0,1,0,1,0,2,1,0,37,1,1,0,3,0,1,15,3,29,0,0,1,0,0,58,40,1,0,0,1,0,0,0,9,0,0,0,0,0,0,0,1,0,0,1,0,0,3,0,0,0,1,0,0,0,1,0,0,0,0,0,0,0,0,0,1,1,0,5,1,0,0,0,0,0,1,0,0,0,0,0,0,1,0,0,0,0,2,0,0,0,0,0,2,0,0,0,0,0,0,0,0,0,0,0,104,9,2,10,0,0,0,0,4,0,1,0,0,1,2,3,11,0,0,0,0,0,0,5,1,0,3,0,0,0,0,0,0,86,3,0,2,0,5,0,3,0,0,2,4,0,0,0,0,0,0,0,0,0,0,0,1,0,0,0,0,0,0,3,0,0,0,0,1,15,0,0,0,0,0,0,0,1,0,9,0,0,0,9,0,0,0,0,0,0,0,1,0,0,0,1,0,0,0,4,0,0,0,0,3,25,0,0,0,0,0,23,0,0,0,0,0,0,0,0,3,13,0,0,0,0,0
176,1473,COLEGIO SENHORA DE FATIMA - PARTICULAR,"RUA GABRIEL FRECCEIRO DE MIRANDA, 1.118",XAXIM,-25.50682207,-49.273851,57,0,4490,3724,270,126,0,3,5,4,46,1,2,0,1,14,0,36,1,0,0,0,30,0,4,0,1,3,15,5,0,0,21,0,1,1,0,40,2,0,1,0,0,1,2,0,16,1,2,0,0,27,0,1,0,0,0,0,3,7,0,0,2,14,0,2,1,0,2,11,1,0,1,1,0,0,2,2,84,0,0,0,0,10,0,0,0,0,0,3,0,0,10,1,0,0,0,0,0,0,2,0,0,0,1,8,0,21,0,1,0,1,0,59,29,0,0,0,0,0,0,0,0,0,0,0,1,15,1,0,0,1,1,0,2,0,0,2,94,0,0,0,0,0,0,0,0,1,21,0,2,0,0,0,0,1,0,0,0,0,0,3,3,0,15,0,0,0,11,0,0,0,1,2,1,2,0,0,92,0,47,10,4,1,0,84,1,1,0,0,2,0,0,3,3,0,0,1,0,1,0,0,5,55,0,1,0,0,4,0,0,1,0,0,0,0,0,3,0,0,0,0,0,0,0,0,0,3,0,0,1,0,0,0,2,0,0,0,0,3,0,0,0,0,0,0,0,2,0,0,1,0,6,0,1,0,0,0,0,0,0,0,0,0,0,0,32,0,0,2,2,0,0,0,0,4,2,4,1,0,0,0,2,0,0,0,0,1,0,0,2,0,0,0,0,0,0,1,0,0,0,0,0,0,0,0,0,0,0,0,1,3,1,0,0,0,0,0,0,0,0,1,0,0,0,0,0,1,3,1,0,2,1,0,1,0,0,0,0,2,0,24,3,0,0,0,69,0,0,0,0,8,0,0,6,2,0,0,52,5,0,0,0,0,0,0,0,0,0,0,0,0,0,0,0,0,0,0,0,0,0,0,0,0,0,0,0,1,0,0,0,1,0,0,0,0,4,2,14,0,0,80,0,1,3,1,16,7,0,5,9,0,0,66,2,0,0,7,0,0,0,0,0,1,0,45,0,2,6,0,1,1,0,0,1,1,0,2,2,0,3,0,0,0,0,0,0,0,13,0,1,4,0,0,1,0,0,0,23,0,2,0,5,0,0,0,0,0,2,0,0,0,1,0,0,0,0,0,0,1,0,0,0,0,0,0,0,0,1,0,0,0,1,0,0,0,3,0,0,0,0,0,0,0,0,0,1,0,0,0,0,0,0,0,0,0,0,1,2,0,3,0,0,3,2,0,4,1,54,0,7,1,23,2,0,0,0,1,0,0,0,0,0,0,0,0,0,0,184,0,1,0,0,0,0,0,0,0,0,3,0,0,0,51,0,4,0,25,0,5,9,0,2,0,0,0,0,0,1,1,0,7,0,0,0,0,0,0,12,0,0,1,0,0,0,0,2,0,0,0,0,0,0,0,0,0,2,0,0,0,0,0,3,0,0,0,0,0,0,0,0,0,0,0,5,1,0,0,3,0,1,0,0,1,0,0,0,0,7,0,1,0,0,0,0,0,0,3,3,0,0,0,0,4,1,4,0,0,0,1,1,0,17,5,0,1,0,36,0,0,0,1,0,0,0,4,1,6,0,0,1,7,3,0,129,0,6,0,1,4,0,16,0,55,0,1,2,0,0,160,77,1,3,0,3,1,0,0,13,0,1,1,0,0,0,0,3,0,0,2,0,0,1,0,0,1,2,0,1,0,0,0,1,0,0,0,0,4,0,0,1,0,0,10,4,0,0,0,0,0,0,0,0,1,0,0,0,0,0,0,0,0,2,0,0,0,0,0,0,1,0,0,0,0,0,0,0,0,0,0,150,4,2,8,1,0,0,0,1,0,0,0,3,1,8,10,27,1,0,2,0,0,1,7,1,0,0,0,1,0,1,0,4,194,1,2,5,0,1,2,4,2,4,2,1,5,0,0,0,0,0,2,1,0,0,0,3,2,0,0,0,0,0,1,0,3,0,0,0,6,0,0,0,0,0,0,1,0,0,15,0,0,0,22,0,0,0,2,0,0,0,0,0,0,0,1,0,0,0,6,0,1,1,0,7,42,0,0,3,0,0,32,0,0,0,0,0,1,0,0,5,5,0,0,0,1,0
176,1481,COLEGIO ESTADUAL JAYME CANET,"RUA ANA APARECIDA LOPOS CANET, 133",XAXIM,-25.49982593,-49.26591609,57,0,6555,5362,319,263,0,3,9,14,52,8,7,1,1,18,2,55,1,1,0,0,23,1,3,1,3,3,33,11,3,1,36,0,0,3,0,44,0,0,0,0,2,0,5,1,21,0,0,4,0,46,5,0,1,0,0,0,5,5,0,0,9,19,0,5,2,2,4,17,1,0,0,0,0,1,1,4,147,0,0,1,1,5,0,1,0,0,0,3,0,1,13,0,0,0,0,0,1,0,3,0,1,0,0,14,0,28,0,0,0,1,1,120,33,1,0,0,0,0,1,0,0,5,0,0,3,54,2,1,0,0,6,0,5,2,1,0,115,0,0,0,2,0,0,0,0,0,26,0,2,0,1,0,0,0,0,1,0,0,0,1,12,0,19,0,0,0,14,0,2,1,1,3,1,1,0,0,100,8,85,10,3,2,1,75,3,11,0,0,6,0,0,4,2,0,1,0,4,0,0,0,1,100,0,0,0,0,3,0,0,0,0,0,0,0,1,0,2,0,1,1,1,1,0,0,0,10,0,0,3,0,0,0,5,0,3,0,3,6,0,0,0,0,1,0,0,4,0,2,0,0,3,0,0,2,1,0,0,1,0,0,1,0,0,0,45,0,0,1,0,0,0,0,0,2,2,0,0,0,6,1,21,0,1,0,3,0,0,0,3,0,0,0,0,0,1,3,0,0,0,0,0,0,4,1,1,0,0,0,0,0,2,0,0,0,0,0,0,0,0,3,0,0,0,1,0,1,0,0,0,1,3,0,5,0,0,0,0,1,0,27,4,0,2,0,105,0,0,0,0,22,0,0,11,4,0,0,84,5,0,0,0,0,0,3,0,0,0,0,0,0,0,0,0,0,1,0,0,0,0,0,0,0,0,0,0,0,0,0,0,1,1,0,0,0,4,3,25,0,0,107,1,0,1,0,40,13,0,8,7,1,0,74,2,0,0,16,0,0,0,1,0,4,1,89,0,1,4,0,0,0,0,0,4,2,1,0,1,2,0,0,1,0,0,0,0,0,6,0,0,1,0,1,0,2,1,0,52,0,3,0,2,0,0,0,0,0,2,0,0,0,0,0,0,1,0,0,0,1,0,0,0,0,0,0,0,0,0,0,0,0,0,0,0,0,1,0,0,0,0,0,0,0,1,0,0,1,0,0,0,0,0,0,0,0,0,2,0,0,0,3,0,2,2,2,7,0,51,0,6,2,10,0,0,1,1,2,0,0,0,0,1,0,0,0,0,0,54,1,1,0,0,0,0,1,2,1,0,5,0,0,0,33,0,6,0,43,0,3,9,0,1,0,0,0,0,0,1,0,0,0,0,0,0,0,0,0,15,0,0,0,0,0,0,0,3,0,0,0,1,0,0,0,1,0,0,0,0,0,0,0,4,0,0,0,0,0,0,0,2,0,0,0,3,0,0,0,5,0,4,0,0,8,0,1,1,1,4,0,6,0,0,0,0,0,0,0,3,0,0,0,0,4,1,7,0,0,0,0,0,0,19,9,0,0,0,37,0,0,2,1,0,0,0,6,0,6,1,0,1,18,18,1,171,0,5,0,1,5,1,34,1,98,0,1,2,1,0,164,170,1,3,1,1,0,0,0,23,0,0,0,1,0,0,2,7,0,1,0,0,0,0,0,0,0,7,1,0,0,0,0,0,0,1,1,0,0,0,0,0,0,3,5,5,2,0,1,0,0,1,0,0,0,0,0,0,0,0,0,0,0,1,0,0,0,0,0,0,0,0,0,0,0,0,0,0,0,0,0,501,14,2,23,0,0,1,0,4,1,3,0,2,10,15,7,32,1,0,0,0,1,0,23,0,2,1,1,0,0,0,0,1,218,1,8,13,0,7,3,8,0,4,1,2,1,0,3,0,0,0,0,0,0,0,0,2,5,0,0,0,0,0,2,1,0,0,0,1,10,0,0,0,0,2,0,1,1,1,22,0,0,0,14,0,0,0,0,0,0,3,0,0,0,0,1,1,0,0,2,1,0,0,0,7,48,0,0,1,1,0,60,0,0,0,0,0,1,0,0,3,9,0,0,1,2,0
176,1490,COLEGIO ESTADUAL JOAO PAULO II,"RUA JOAO BARBOSA DE ALMEIDA, 545",XAXIM,-25.51624423,-49.26984176,57,0,4117,3295,289,140,0,2,11,13,38,4,2,0,1,15,1,37,1,0,0,0,12,0,3,0,1,7,27,6,3,0,18,1,2,7,1,22,1,1,0,5,0,2,5,0,11,1,0,0,0,46,1,0,0,0,1,0,4,7,0,0,1,23,0,1,0,0,0,5,0,0,1,0,1,0,0,1,101,0,1,0,0,2,0,0,0,0,0,5,1,0,12,0,0,0,0,0,0,0,10,1,0,0,0,7,0,15,0,0,0,2,0,46,38,0,0,0,0,0,0,0,0,0,0,0,3,31,2,0,0,0,3,1,2,0,0,2,50,0,0,1,1,0,0,0,0,1,28,0,3,0,0,0,0,1,0,0,0,2,0,4,4,0,35,0,0,0,9,0,0,0,4,3,0,2,0,0,49,1,57,4,5,1,0,59,0,3,0,0,0,4,0,0,5,0,0,0,0,0,3,0,1,38,0,0,1,0,9,0,0,0,0,2,0,0,0,0,0,0,0,0,0,0,0,0,0,6,0,1,1,0,0,0,1,0,5,0,0,0,0,0,0,0,0,0,0,0,0,0,0,1,7,3,0,0,0,0,1,0,0,0,0,0,0,1,28,0,0,0,1,0,0,0,0,0,3,0,0,0,1,0,5,0,0,0,0,0,0,0,3,1,0,0,0,0,0,6,0,0,0,2,0,0,0,5,0,0,0,0,1,0,0,0,0,0,0,0,0,0,1,2,0,0,0,0,0,0,1,0,0,0,0,0,4,0,0,0,0,0,0,13,1,0,0,0,57,0,0,0,0,3,0,0,14,0,0,0,32,3,0,0,0,0,0,2,1,0,0,0,0,0,0,0,0,0,0,0,0,0,0,0,0,0,0,0,0,1,0,0,0,2,0,0,0,0,5,2,13,0,0,51,0,0,2,1,9,0,0,2,4,0,1,86,0,1,0,1,1,1,0,0,0,2,0,31,0,0,0,0,0,0,0,0,1,7,0,0,2,0,1,0,0,0,1,0,0,0,8,0,0,1,0,0,0,1,4,0,17,1,0,0,0,0,0,0,0,0,0,0,0,0,0,0,0,0,0,0,0,0,0,0,1,0,0,0,0,0,0,1,0,0,0,0,0,0,1,0,0,0,1,0,0,0,0,0,1,0,0,0,0,0,0,1,0,0,0,0,0,0,3,9,0,0,1,0,2,0,32,0,1,0,9,1,0,0,0,0,0,0,0,0,0,0,0,2,0,0,16,1,5,0,0,0,0,0,0,0,0,1,0,0,1,46,0,7,0,14,0,0,2,0,0,0,0,0,0,0,0,0,0,3,0,0,0,0,0,0,5,0,0,0,0,0,0,1,1,0,0,1,0,0,0,0,0,0,0,0,0,0,0,0,3,0,0,0,0,0,0,0,0,0,0,0,0,0,0,0,1,0,1,0,1,6,0,5,0,0,6,0,0,0,0,0,0,0,0,1,8,0,0,0,0,0,1,1,0,0,0,0,0,0,6,3,1,4,0,9,0,1,0,0,0,0,0,1,0,0,0,2,1,3,8,1,144,0,3,0,2,1,0,16,0,42,0,0,3,0,0,283,97,2,1,1,0,0,1,0,7,0,0,0,1,0,0,0,1,2,0,0,0,0,0,0,0,0,3,0,0,0,1,0,0,0,0,2,0,2,0,1,0,1,0,5,2,1,0,0,0,1,3,0,0,0,0,0,0,0,0,0,0,0,0,0,0,0,0,0,1,0,1,0,0,0,0,0,0,0,0,0,49,4,1,15,1,0,0,0,1,0,1,0,2,2,2,1,23,3,0,2,0,0,0,10,1,0,0,0,0,0,0,0,0,117,2,3,3,0,0,0,10,0,3,4,4,0,0,2,0,0,0,1,0,0,0,0,5,3,0,0,0,0,1,4,0,1,0,0,0,13,0,1,0,0,0,0,0,1,0,46,0,0,0,23,0,0,0,0,0,0,0,1,0,4,0,2,0,0,0,3,1,0,0,0,6,55,0,0,0,0,0,41,0,0,0,0,0,0,1,0,4,0,0,0,0,3,0
176,1503,ESCOLA MUNICIPAL - CEI DAVID CARNEIRO,"R. JOAO BATISTA ZAGONEL PASSOS, 1161",XAXIM,-25.52296634,-49.26669479,57,0,3984,3258,262,168,0,2,6,8,48,2,5,0,0,17,0,32,0,0,0,0,7,0,0,0,6,4,16,4,2,0,27,1,3,2,0,26,2,0,1,0,0,0,19,1,13,0,0,5,0,54,5,1,0,3,2,0,7,3,0,0,0,15,0,1,1,0,5,3,0,0,1,0,0,1,1,3,90,0,0,0,1,3,0,0,0,0,0,3,0,0,7,0,0,0,0,0,1,0,8,2,2,0,0,7,0,7,0,0,0,1,0,23,39,0,0,0,0,0,0,0,0,0,0,1,0,57,0,0,0,0,6,0,4,1,1,0,46,0,0,0,1,0,0,0,0,0,33,0,2,0,0,2,0,1,0,0,0,0,0,10,6,0,40,0,0,0,11,0,0,0,3,4,3,1,0,0,48,1,57,10,3,5,0,58,3,0,0,1,0,2,0,0,7,0,0,1,1,2,0,0,0,60,0,0,0,0,5,1,0,0,1,1,0,0,1,0,0,0,0,0,0,1,1,0,0,2,0,0,0,0,0,0,5,0,0,0,0,0,0,0,2,0,0,0,0,2,0,1,0,0,0,3,0,2,0,0,0,0,0,0,0,0,2,0,31,0,0,5,0,0,1,0,2,0,3,0,0,0,1,1,4,0,0,1,0,0,0,0,0,0,0,0,0,0,0,11,0,0,0,0,0,0,0,1,0,0,2,0,3,0,0,0,0,0,1,0,0,0,3,0,0,0,0,0,0,0,2,6,0,0,1,0,0,0,0,0,0,0,0,12,3,0,0,0,54,0,0,0,0,9,0,0,10,4,0,0,25,1,0,2,0,0,0,1,0,0,0,0,0,0,0,1,0,0,0,0,0,0,0,0,0,0,0,0,0,0,0,0,0,0,0,0,0,0,3,3,6,0,0,30,1,0,6,0,6,0,0,3,4,1,0,69,3,0,0,3,0,0,0,1,0,1,0,35,0,2,1,0,0,0,0,0,1,17,0,1,2,0,3,0,0,0,0,1,0,0,4,0,0,0,0,0,1,0,1,0,20,0,0,0,4,0,0,0,0,0,0,0,0,0,0,0,0,0,0,0,0,0,0,0,3,0,1,0,0,0,0,1,0,0,0,0,0,0,1,1,0,0,0,0,0,0,0,0,1,0,0,0,0,0,0,0,0,0,0,0,0,1,0,1,2,2,1,0,4,1,20,0,6,1,8,0,0,0,0,2,0,0,0,0,0,0,0,0,0,0,11,3,4,1,0,0,0,7,0,0,0,0,0,0,0,52,1,1,0,25,0,1,4,0,0,0,0,0,0,0,0,0,0,3,0,0,0,0,0,0,7,0,0,0,0,0,0,0,0,0,0,0,0,0,2,2,1,0,1,0,0,0,2,0,0,0,0,0,0,0,0,0,0,0,0,0,2,0,0,0,5,0,0,4,0,11,0,0,0,0,3,0,6,0,0,0,0,0,0,5,0,0,0,0,0,2,2,0,0,0,0,0,0,0,11,2,0,0,0,13,0,0,0,1,0,0,2,2,0,3,0,0,2,4,2,3,119,1,1,0,1,2,0,16,0,60,1,0,0,0,0,242,73,2,0,1,0,0,0,0,7,1,0,0,0,3,1,0,1,2,0,1,0,0,0,0,0,0,1,0,0,0,0,0,0,0,0,4,0,1,0,0,0,2,1,2,0,0,0,0,0,0,0,0,0,1,0,0,0,0,0,0,0,0,0,0,0,0,0,0,0,3,0,0,0,0,0,0,0,0,1,0,59,6,3,6,6,0,0,0,1,1,1,0,1,5,5,5,19,1,2,0,0,1,0,14,0,0,1,0,1,0,0,0,0,118,1,4,8,0,5,3,3,0,0,4,2,2,1,3,0,1,0,1,0,0,0,1,10,2,0,0,0,0,0,3,0,0,0,0,2,16,0,1,0,0,0,0,0,0,0,36,0,0,1,13,0,0,0,0,0,0,0,1,1,0,0,3,0,0,0,2,0,3,0,0,3,49,0,0,0,0,0,36,0,1,1,0,0,0,0,0,4,2,0,0,0,7,0
176,1511,ESCOLA DE ENSINO FUNDAMENTAL FRANCISCO DEROSSO,"RUA FRANCISCO DEROSSO, 905",XAXIM,-25.49858002,-49.26741347,57,0,2618,2194,133,82,0,2,3,3,22,1,4,0,0,3,0,17,0,0,0,0,11,0,1,1,2,2,10,3,2,1,11,0,0,0,1,16,1,0,0,0,0,3,6,0,11,2,3,3,0,19,3,1,0,0,0,0,0,3,0,0,2,13,0,7,1,0,1,4,0,0,2,0,0,0,0,4,55,0,0,0,0,1,0,1,0,0,0,2,0,0,6,0,0,1,0,0,0,0,1,0,0,0,0,4,0,14,0,3,0,2,0,51,13,0,0,0,0,0,0,0,0,0,0,0,0,18,0,0,1,0,3,0,1,1,0,1,49,0,0,0,0,0,0,1,0,1,11,1,1,0,0,2,0,1,0,1,0,0,0,3,5,0,13,1,0,1,11,0,0,0,2,0,1,1,0,0,43,1,44,3,1,2,0,39,1,2,0,0,0,1,0,0,1,0,0,0,1,2,0,0,0,34,0,0,0,0,3,0,0,0,0,0,0,0,0,0,0,0,1,0,2,0,0,0,0,3,0,0,3,0,0,0,1,0,0,0,0,2,1,0,0,0,0,0,0,1,0,0,0,0,2,0,0,0,0,1,0,0,1,0,2,0,0,0,17,0,0,0,1,0,1,0,0,1,1,1,0,0,3,1,4,0,0,0,1,0,0,0,0,0,0,0,0,0,0,1,0,0,0,1,0,0,1,0,0,0,0,0,0,0,1,0,0,2,0,0,0,0,0,2,0,0,0,0,0,0,0,0,0,0,0,0,1,0,0,0,0,1,0,11,2,0,0,0,51,0,0,0,0,8,0,0,8,1,0,0,32,2,0,0,0,0,0,0,0,0,0,1,0,0,0,0,0,0,0,0,0,0,1,0,0,0,0,0,0,0,0,0,0,1,0,0,0,0,5,1,15,0,3,39,1,0,3,2,8,2,0,2,3,0,0,27,1,0,0,6,0,1,0,0,0,1,0,30,0,1,2,0,0,0,0,0,0,1,3,0,1,0,2,0,0,0,0,0,0,0,1,0,0,1,0,0,1,1,0,0,26,0,0,0,0,0,0,0,0,0,0,0,0,0,0,0,0,0,0,0,0,0,0,0,2,0,0,0,0,0,2,1,0,0,0,0,0,0,0,0,0,0,0,0,0,0,0,0,1,0,0,0,0,0,0,0,0,0,0,0,0,0,0,5,0,1,4,1,2,0,25,1,5,0,15,0,0,0,0,0,0,0,0,1,0,0,0,1,0,0,29,0,0,0,0,0,0,0,0,0,0,2,0,0,0,33,0,1,0,15,0,0,5,0,0,0,0,0,0,0,2,0,0,2,0,0,0,0,0,0,5,0,0,0,0,0,0,0,0,0,0,0,0,0,1,0,0,0,0,0,0,0,0,0,4,0,0,0,0,1,0,0,0,0,0,0,5,0,0,0,3,0,1,0,0,1,0,0,0,0,0,0,0,0,0,0,0,0,0,0,3,0,0,0,0,0,0,8,0,0,1,0,0,0,9,2,0,2,0,15,0,0,0,1,0,0,0,7,0,5,0,0,2,11,2,0,87,0,3,1,0,0,0,11,0,27,0,1,3,0,0,63,70,0,1,0,0,0,0,0,10,0,0,0,1,0,0,3,5,2,0,0,0,0,0,0,0,1,1,0,1,2,0,0,2,0,0,1,2,1,0,0,0,0,0,2,0,0,0,0,0,0,0,0,0,0,1,0,0,0,0,0,0,0,0,0,0,0,0,2,0,0,0,0,0,0,0,0,1,0,0,0,144,3,0,9,1,0,0,1,0,2,1,0,1,8,2,2,11,0,0,0,0,0,0,2,0,0,2,0,0,0,0,2,2,75,0,0,11,0,3,0,4,0,2,3,5,0,2,0,0,0,1,0,0,0,0,0,1,0,0,3,0,0,1,1,0,0,1,0,1,10,0,0,0,0,2,0,0,0,1,3,0,0,0,5,0,0,0,0,0,0,1,1,0,0,0,0,0,0,0,1,3,0,0,0,7,15,0,0,0,0,0,23,0,0,0,0,0,0,0,0,1,9,0,0,0,3,0
176,1520,ESCOLA MUNICIPAL UMUARAMA,"RUA FREI TEOFILO,  730  - VILA FELIZ",CAPAO RASO,-25.50237081,-49.30343979,58,0,2556,2072,189,95,0,3,1,6,26,1,3,1,0,15,0,16,1,0,0,0,10,0,0,0,3,4,12,4,2,0,12,1,1,6,0,11,0,0,0,1,0,3,0,0,5,1,0,1,0,31,0,0,0,0,0,1,1,4,0,0,2,22,0,3,3,0,0,3,2,0,1,0,0,0,0,5,57,0,0,0,0,3,0,0,0,0,0,0,0,0,5,0,0,0,0,0,2,0,3,0,0,1,0,13,0,4,0,0,0,1,0,16,27,2,0,0,0,0,0,0,0,0,0,0,3,8,0,0,0,0,2,0,1,0,0,0,32,0,0,0,0,0,0,0,0,0,25,1,3,0,0,0,0,0,0,1,0,0,0,7,4,0,7,0,0,0,7,0,0,0,0,0,0,0,1,0,33,2,30,5,1,1,0,61,3,3,0,0,5,0,0,1,5,0,1,0,1,1,1,2,0,39,0,0,1,0,0,27,0,0,0,0,0,0,0,0,1,0,0,0,0,0,0,0,0,1,0,1,0,0,0,0,5,0,0,0,1,0,0,0,1,0,0,0,0,1,0,0,0,0,0,0,0,0,0,0,1,0,0,0,0,0,0,0,17,0,0,0,0,0,0,0,0,0,0,2,0,0,0,0,7,0,0,0,0,0,0,0,0,1,0,0,0,0,0,0,0,0,0,0,0,0,0,1,1,0,0,0,1,0,0,0,0,0,0,0,0,0,0,0,0,0,0,0,0,0,0,0,0,0,0,1,1,0,0,0,0,0,0,14,0,0,0,0,30,0,0,0,0,6,0,0,8,0,0,0,5,0,0,0,0,0,0,0,0,0,0,0,0,0,1,0,0,0,0,0,0,0,0,0,0,0,0,0,0,0,0,0,0,0,0,0,0,0,3,1,11,0,2,34,1,0,5,5,2,1,0,7,3,0,0,47,1,0,0,0,0,0,0,0,0,3,0,23,0,2,3,0,0,0,0,0,0,0,0,0,3,0,0,0,0,0,0,0,0,0,4,0,1,2,0,1,0,1,0,0,14,0,0,0,0,0,0,0,0,0,0,0,0,0,0,0,0,0,0,0,0,0,0,0,0,1,0,0,0,1,0,0,0,0,0,0,0,0,2,0,0,0,0,0,0,0,0,0,1,0,1,4,0,0,0,0,0,0,0,0,0,0,0,0,0,0,1,1,3,0,13,0,0,2,12,0,0,0,0,0,0,0,0,0,0,0,0,1,0,0,1,0,0,0,0,1,0,0,0,0,0,0,0,0,1,33,1,2,0,3,0,2,5,0,2,0,0,0,0,0,0,0,0,0,0,0,0,0,0,0,0,0,0,0,0,0,0,1,0,0,0,0,0,0,0,1,0,0,0,0,0,0,0,0,0,0,0,0,0,0,0,1,0,0,0,0,41,0,0,0,1,0,1,0,0,7,0,0,0,0,1,0,0,0,0,0,0,0,0,0,1,0,0,0,0,2,1,8,0,0,0,0,0,0,4,3,0,2,0,14,0,0,0,0,0,0,0,0,0,6,0,1,0,5,1,0,88,0,1,0,1,2,0,6,5,39,0,0,0,0,0,48,90,1,0,0,0,0,0,0,8,0,0,0,0,1,0,0,4,3,0,2,0,0,0,0,0,1,0,0,0,0,0,0,0,0,0,2,0,0,0,0,0,0,0,2,5,0,0,0,0,0,0,0,0,0,0,0,0,0,0,0,0,0,1,0,0,0,0,0,0,3,0,0,0,0,0,0,0,3,0,0,11,6,3,5,0,0,2,0,1,0,1,0,0,3,0,7,11,0,0,0,0,1,0,0,0,0,2,0,0,0,0,0,3,132,0,0,0,1,12,2,2,0,0,0,3,1,0,0,0,0,0,2,0,0,0,0,0,4,0,3,0,0,0,1,1,0,0,0,0,3,0,0,0,0,1,1,0,0,0,4,1,0,0,5,0,0,2,0,0,0,0,0,0,0,1,0,0,0,0,10,2,1,0,0,3,21,0,0,0,0,0,20,0,1,0,0,0,0,0,0,2,0,0,0,0,2,1
176,1538,ESCOLA MUNICIPAL IVAIPORA,"RUA VEREADOR ADEODATO VOLPI,   550 - VILA ARAÇA",CAPAO RASO,-25.49607531,-49.2905843,58,0,1937,1619,100,61,0,1,3,3,22,0,1,0,0,2,0,14,1,0,0,0,6,0,3,0,1,0,8,2,1,0,10,0,0,5,0,2,0,0,1,0,0,0,3,1,2,0,0,0,0,9,1,0,0,0,0,0,0,1,0,0,2,6,0,0,0,0,0,3,2,0,0,0,0,2,0,0,41,0,0,1,0,1,0,1,0,0,0,1,0,0,5,0,0,1,0,0,0,0,3,0,0,0,0,8,0,3,0,0,0,2,0,12,21,0,0,0,0,0,1,0,0,0,0,1,2,5,0,0,0,0,4,0,3,0,0,0,40,0,0,0,0,0,0,0,0,0,6,1,5,1,0,0,0,0,0,0,0,0,0,3,2,0,7,0,0,0,5,0,1,0,1,0,1,1,0,0,21,0,37,4,1,0,0,43,1,2,0,0,3,0,0,4,5,0,0,0,0,0,0,0,0,36,0,0,0,0,0,3,0,0,0,0,0,0,0,0,2,0,0,0,0,0,0,0,0,0,1,0,1,0,0,0,1,0,0,0,0,0,0,0,0,0,0,0,0,1,0,0,0,1,0,0,0,0,0,1,1,0,0,0,0,0,0,0,10,0,0,0,0,0,0,0,0,1,0,1,0,0,0,2,3,0,0,0,0,0,0,0,2,0,0,0,0,0,0,1,0,0,0,0,0,0,0,0,0,0,0,0,1,2,2,0,0,0,0,0,0,0,0,1,0,0,0,0,0,0,2,0,0,0,0,0,0,0,0,0,0,0,0,13,0,0,1,0,28,0,0,0,3,5,0,0,5,0,0,3,28,0,0,0,0,0,0,0,0,0,0,0,0,0,0,0,0,0,1,0,0,0,0,0,0,0,0,0,0,0,0,0,0,0,0,0,0,0,2,1,11,0,0,30,1,0,0,4,6,1,0,2,0,0,0,37,0,1,1,5,0,0,0,0,0,0,2,29,0,2,0,1,0,0,0,0,0,0,0,0,0,0,0,0,0,0,0,1,0,0,1,0,0,1,0,0,1,0,0,0,14,0,0,0,1,0,1,0,0,0,0,0,0,0,0,0,0,0,0,0,0,0,0,0,0,0,0,0,0,2,0,0,0,0,0,0,0,0,3,0,0,0,0,0,0,0,0,0,0,0,0,0,0,0,0,0,0,0,1,0,0,0,0,1,1,0,0,0,3,1,11,0,3,1,3,1,0,0,0,0,0,0,0,0,0,0,0,0,0,0,20,0,0,0,0,0,0,2,0,0,0,0,0,0,0,18,0,0,0,8,0,1,0,0,5,0,0,0,0,0,0,0,0,0,0,0,0,0,0,0,0,0,0,0,0,0,0,0,0,0,0,0,1,0,0,0,0,0,2,0,0,0,0,0,0,0,0,0,0,0,0,0,0,1,0,0,9,0,0,0,9,0,0,1,0,0,0,2,0,0,0,0,0,0,0,0,0,0,0,3,0,0,0,1,0,2,0,4,1,0,0,0,0,0,9,6,0,0,0,10,0,0,0,0,1,0,0,4,1,2,0,0,0,1,2,0,68,0,3,0,0,6,0,11,0,31,0,0,2,0,0,20,81,0,5,0,0,0,0,0,7,0,0,0,0,0,0,0,3,3,0,0,0,0,0,0,0,0,0,0,1,0,0,0,0,0,0,0,0,0,0,0,0,0,0,1,0,0,0,0,0,1,0,0,0,0,0,0,0,0,0,0,0,3,1,0,0,0,0,0,0,0,0,0,0,0,0,0,0,0,0,1,5,3,0,5,0,0,0,1,0,0,2,0,0,1,2,0,14,2,1,0,0,0,0,4,0,1,0,0,2,0,0,2,0,150,1,3,8,0,7,1,7,0,0,0,1,2,0,0,0,0,0,0,0,0,0,0,0,1,0,2,0,0,0,0,0,0,1,0,0,2,0,0,0,0,5,0,0,1,0,10,0,0,1,18,0,0,0,0,0,1,1,0,0,0,0,2,0,0,0,3,0,0,0,0,0,14,0,1,2,0,0,14,0,0,0,0,0,0,0,0,0,0,0,0,0,1,0
176,1546,ESCOLA MUNICIPAL PROFESSOR LEONEL MORO,"R.JOSE OSIRES BAGLIOLI, 408",XAXIM,-25.51766883,-49.27677172,66,0,2179,1815,148,85,0,3,5,1,34,4,5,0,0,6,1,16,2,0,0,0,3,0,3,0,3,2,11,4,0,0,11,0,0,2,0,17,0,0,2,0,1,0,0,1,3,1,0,1,0,27,3,0,0,0,1,0,2,7,0,0,5,13,0,0,0,0,0,1,0,0,2,0,0,0,2,2,49,1,0,0,0,2,0,0,0,0,0,0,0,0,4,0,2,0,0,0,0,0,5,0,0,0,0,16,0,9,0,0,1,1,0,7,18,0,0,0,0,0,1,0,0,0,0,0,2,3,0,0,4,0,0,0,0,0,0,0,25,0,1,0,0,0,0,0,0,0,26,0,2,0,0,0,0,0,0,0,0,0,0,1,0,0,21,0,0,0,2,0,0,0,1,2,0,1,0,0,22,1,35,0,1,0,0,30,3,2,0,0,0,0,0,1,22,0,0,0,0,0,0,0,0,27,0,0,0,0,0,0,0,0,0,0,0,0,0,0,0,0,0,0,0,0,0,0,0,0,0,0,0,0,0,0,0,0,0,0,0,0,0,0,0,0,0,0,0,2,0,0,0,0,0,0,0,0,0,0,0,0,0,0,0,1,0,0,26,0,0,1,0,0,0,0,0,1,0,1,0,0,0,0,2,0,0,0,0,0,0,0,4,0,0,0,0,0,0,4,0,0,0,0,0,0,0,0,0,0,0,0,0,2,1,0,0,0,0,0,0,0,0,0,0,0,0,0,0,0,0,0,0,2,1,0,1,0,0,0,0,0,0,4,7,0,1,0,31,0,0,0,0,7,0,0,0,1,0,0,28,0,0,3,0,0,0,0,0,0,0,0,0,0,0,0,0,0,0,0,0,0,0,0,0,0,0,0,0,2,0,0,0,0,0,0,0,0,0,0,5,0,0,35,0,0,4,1,3,2,0,5,1,0,3,38,0,0,0,0,0,0,0,0,0,3,0,27,0,0,0,0,0,0,0,0,0,5,0,0,0,0,1,0,0,0,0,0,0,0,0,0,1,0,0,0,0,0,0,0,12,0,0,0,0,0,0,0,0,0,1,0,0,0,0,0,0,0,0,0,0,0,0,0,1,0,0,0,0,0,0,0,0,0,0,0,0,0,1,0,0,0,0,0,0,0,0,0,1,0,0,0,0,0,0,0,0,0,0,0,0,0,0,1,0,2,0,0,3,0,5,0,0,0,5,2,0,0,0,1,0,0,0,0,0,0,0,0,0,0,13,0,3,0,0,0,0,0,0,0,0,0,0,0,0,23,0,2,0,8,0,7,0,0,0,0,0,0,0,0,0,0,0,0,0,0,0,1,0,0,1,0,0,0,0,0,0,0,0,0,0,0,0,0,0,0,0,0,0,0,0,0,0,0,0,0,0,0,0,0,0,0,0,0,0,0,4,0,0,0,1,0,1,0,0,7,0,0,0,0,1,0,0,0,0,0,0,0,0,2,1,0,0,0,0,0,1,3,1,0,0,1,2,0,4,2,0,0,0,0,0,2,1,0,0,0,0,0,0,1,0,0,0,1,0,0,74,0,1,0,2,5,0,5,2,18,0,0,0,0,0,186,44,0,0,6,1,0,0,0,4,0,0,0,0,0,0,0,0,0,0,2,0,0,1,0,0,0,0,0,2,0,1,0,1,0,0,0,0,1,0,0,0,0,0,0,0,0,0,0,0,0,0,0,0,0,0,0,0,0,0,0,0,0,1,0,0,0,0,0,0,1,0,0,0,0,0,0,0,0,0,0,12,6,1,3,0,0,0,0,1,1,0,0,2,6,5,0,6,1,0,2,0,0,0,3,0,0,0,0,0,0,0,0,1,99,0,0,0,1,4,0,4,0,0,0,4,0,0,0,0,0,0,0,0,0,0,0,4,2,0,0,0,0,0,0,2,0,0,0,0,2,0,0,0,0,1,0,0,0,0,12,0,0,0,2,0,0,0,0,0,0,0,0,0,1,0,0,0,0,0,2,0,0,0,0,5,39,0,0,4,0,0,26,0,1,0,0,0,0,0,0,2,1,0,0,0,2,0
176,1562,ESCOLA MUNICIPAL CASTRO,"RUA AYRTON PIZZATTO GUSI, 240",XAXIM,-25.52489568,-49.25626537,57,0,2248,1863,149,99,0,2,2,8,31,2,1,0,0,7,1,18,2,0,0,0,5,0,0,0,3,4,9,3,1,0,12,0,0,1,0,16,0,1,0,0,0,1,5,0,1,1,0,0,1,24,1,0,0,2,0,0,3,5,0,0,0,16,0,0,0,0,0,1,2,0,2,0,0,1,1,1,72,0,0,0,0,1,0,1,0,0,0,2,0,0,1,0,0,0,0,0,0,0,5,0,0,0,0,5,0,6,1,0,0,0,0,24,17,0,0,0,0,0,1,0,0,0,0,0,0,25,0,0,0,0,7,0,2,0,0,0,32,0,0,0,0,0,0,0,0,1,17,0,2,0,0,0,0,1,0,0,0,0,0,0,3,0,17,0,0,1,1,0,0,0,4,0,0,0,0,0,35,2,30,2,0,1,0,43,4,0,0,1,2,1,2,0,2,0,0,1,0,1,0,0,0,34,0,0,0,0,2,0,0,0,0,0,0,0,2,0,0,0,0,0,0,0,0,0,0,5,0,0,0,0,0,0,0,0,0,0,0,0,0,0,0,0,0,0,0,0,0,0,0,0,1,4,0,1,0,2,0,0,0,0,0,0,0,0,12,0,0,1,0,0,0,0,0,1,0,0,0,0,1,0,5,0,0,0,0,0,0,0,2,0,0,0,0,0,0,3,0,0,0,0,0,0,0,1,0,0,0,0,0,3,1,0,0,0,0,0,2,0,0,0,0,0,0,0,0,0,0,0,0,0,0,0,0,0,0,0,0,2,0,14,2,0,0,0,29,0,0,0,0,2,0,0,2,0,0,0,19,3,3,0,0,0,0,0,0,0,1,0,0,0,0,0,0,0,0,0,0,2,0,0,0,0,0,0,0,3,0,0,0,0,0,0,0,0,6,4,4,0,0,17,0,0,3,2,7,0,0,3,2,0,0,37,1,0,0,0,0,0,0,0,1,1,0,39,0,0,2,0,0,0,0,0,4,2,0,0,2,0,0,0,0,0,0,0,0,0,1,0,0,0,0,0,0,0,0,0,17,0,0,0,2,0,0,0,0,0,0,0,1,0,0,0,0,0,0,0,0,0,0,0,1,0,0,0,0,0,2,0,0,0,0,0,0,0,1,0,0,0,0,0,0,0,0,1,4,0,0,0,0,0,0,0,0,0,0,0,3,0,2,1,0,0,0,0,0,0,9,0,0,0,1,1,0,0,0,0,0,0,0,0,0,0,0,0,0,0,4,2,2,0,0,0,0,1,0,0,0,0,0,0,0,29,1,1,0,15,0,0,8,0,0,0,0,0,0,0,0,0,0,0,0,0,0,0,0,0,1,0,0,0,0,0,0,0,0,0,0,0,0,0,0,0,0,0,0,0,0,0,0,0,0,0,0,0,0,0,0,0,0,0,0,0,1,0,0,0,0,0,1,0,0,2,0,0,0,0,0,0,1,0,2,0,0,0,0,0,1,0,0,0,0,0,0,0,0,0,0,0,0,0,5,2,0,1,0,9,0,0,0,0,0,0,0,1,2,1,0,0,0,0,4,0,93,0,7,0,1,1,0,14,0,36,3,0,0,0,0,89,61,4,1,0,0,0,0,0,4,0,0,0,0,0,0,0,3,0,0,3,0,0,0,0,0,0,2,0,1,0,0,0,0,0,0,1,0,0,0,1,0,0,0,3,1,0,0,0,0,0,0,0,0,0,0,0,0,0,0,0,0,0,0,0,0,0,0,0,0,1,0,0,0,0,0,0,0,0,0,0,27,1,1,8,3,0,0,0,0,0,0,0,0,1,2,1,14,3,0,0,1,0,0,4,0,0,0,0,0,0,0,0,0,68,0,2,6,0,2,2,0,0,1,0,1,1,0,0,0,0,0,0,0,0,0,0,6,0,0,0,0,0,0,3,0,1,0,0,3,9,0,0,0,0,0,0,1,3,0,22,0,0,0,6,0,0,0,0,2,0,0,0,0,0,0,2,0,0,0,0,2,0,0,0,6,22,0,0,1,0,0,24,0,0,0,0,0,0,0,0,4,0,0,0,0,0,0
176,1570,COLÉGIO SOCIAL MADRE CLELIA - PARTICULAR,"RUA WALDIR DE JESUS,  90",CAPAO RASO,-25.50567939,-49.29682311,58,0,5793,4846,330,229,0,1,5,8,73,5,6,1,0,11,1,55,2,0,0,0,31,0,0,0,6,9,20,5,2,0,28,1,1,10,1,27,2,0,0,0,0,3,7,2,8,5,1,2,0,48,3,1,1,0,1,4,6,15,0,0,2,14,2,4,1,0,1,13,1,1,6,1,0,5,0,1,104,0,0,0,0,9,0,0,0,2,0,1,0,2,10,0,0,0,0,0,2,2,13,1,0,0,0,12,0,35,0,0,0,3,0,34,49,2,0,0,0,0,2,0,0,1,0,2,4,8,0,0,2,0,6,0,7,0,1,0,128,0,0,0,1,1,0,0,0,2,39,0,3,0,0,1,0,2,0,1,0,0,0,7,14,0,15,0,0,0,13,2,0,1,6,1,0,1,0,0,142,7,86,14,0,3,0,124,2,11,0,1,1,3,1,1,12,0,0,1,0,2,0,3,0,75,0,0,0,0,2,5,0,0,0,0,2,0,2,0,1,0,0,0,2,0,0,0,0,4,0,0,1,0,0,0,2,1,1,1,2,2,1,0,1,0,0,1,0,1,0,0,0,0,0,0,0,0,0,0,2,0,0,0,0,0,0,0,30,0,1,4,1,0,0,0,0,1,2,10,1,0,6,3,17,0,1,0,2,0,0,0,4,1,0,0,0,0,0,2,0,0,0,0,0,0,0,1,0,0,0,0,2,0,0,0,0,0,0,0,0,0,0,0,0,0,0,0,0,0,0,0,0,0,5,0,3,0,0,0,1,0,0,34,3,0,0,0,87,0,0,1,3,15,0,0,13,4,0,1,70,2,0,1,0,0,0,2,0,0,0,0,0,0,0,3,0,0,1,0,0,0,0,0,0,0,0,0,0,0,0,0,0,0,0,0,0,0,8,2,13,0,0,92,1,1,7,1,10,0,0,7,5,0,0,94,1,0,0,0,0,3,1,0,0,0,1,56,0,1,1,0,2,0,0,0,0,0,0,0,6,0,2,0,0,0,2,0,0,0,4,0,2,2,0,1,0,6,0,0,40,0,1,0,5,0,0,0,0,0,0,0,0,0,0,1,0,0,0,0,1,3,0,0,0,0,0,0,0,1,4,0,0,0,0,0,0,0,2,0,0,0,0,0,0,0,0,0,2,0,0,0,0,0,0,0,0,0,1,1,0,0,2,4,4,2,0,6,5,2,57,1,11,0,22,4,2,0,0,1,0,0,0,0,0,0,0,2,7,0,25,0,1,0,0,0,3,2,1,0,0,0,0,0,0,45,0,3,0,21,1,0,12,0,1,0,1,0,0,0,1,0,0,1,0,0,0,0,0,0,0,0,0,0,0,0,0,0,0,0,0,0,0,0,0,0,0,0,0,0,0,0,0,0,0,0,0,0,0,0,0,0,0,0,0,0,114,0,0,0,5,0,2,0,1,6,0,3,0,0,2,0,1,0,0,0,0,0,3,3,4,0,0,1,0,4,1,9,0,0,0,0,0,1,36,6,0,3,0,49,0,2,0,0,0,0,4,9,1,5,1,0,2,13,3,4,151,0,2,0,1,2,0,22,28,64,0,1,5,3,0,86,170,3,1,2,2,0,0,0,23,0,0,0,1,1,0,2,4,0,0,5,0,0,1,0,0,0,2,1,4,0,0,0,2,0,0,3,0,0,3,0,0,0,0,10,6,2,0,1,1,0,0,0,0,0,1,0,0,0,0,0,0,0,2,0,0,1,0,0,0,1,0,0,0,0,0,0,0,1,0,0,19,11,3,6,3,2,0,1,7,0,1,0,2,11,13,4,37,13,2,1,0,0,0,8,0,0,0,0,1,0,2,0,1,432,3,4,14,0,9,3,8,0,3,2,1,3,0,0,0,2,1,1,0,0,2,1,1,4,0,4,0,0,1,4,0,1,1,0,1,8,0,0,0,0,2,0,0,2,0,15,0,0,0,19,2,0,0,0,0,0,0,0,0,1,0,4,0,0,0,12,5,1,0,0,4,45,0,0,6,0,0,43,1,0,0,0,0,0,0,3,5,2,0,0,0,6,1
176,1589,COLEGIO ESTADUAL NOSSA SENHORA APARECIDA,"RUA JOSE OSIRES BAGLIOLI, 430",XAXIM,-25.51676499,-49.27679417,57,0,2140,1681,138,84,0,4,0,2,34,0,3,1,0,10,0,22,1,0,0,0,2,0,0,0,0,4,14,4,0,1,10,0,0,1,0,12,0,0,0,0,0,0,0,0,6,4,0,0,0,21,2,0,1,0,3,0,0,1,0,0,3,11,0,1,0,0,1,4,0,0,0,0,0,0,0,2,48,0,0,0,0,1,0,0,0,0,0,0,0,0,5,0,0,1,0,0,0,0,5,0,0,1,0,9,0,7,0,0,0,0,0,15,15,0,0,0,0,0,0,0,0,0,0,0,2,5,1,0,0,0,2,0,1,0,0,3,22,0,0,0,0,0,0,1,0,0,19,0,0,0,0,0,0,0,0,0,0,0,0,3,4,0,18,0,0,0,3,2,0,0,0,0,0,0,0,0,30,1,26,3,1,0,0,25,2,1,0,0,1,0,1,0,12,0,0,0,0,0,0,1,1,27,0,0,0,0,2,0,0,0,0,0,0,0,0,0,0,0,1,0,0,0,0,0,0,3,0,0,0,0,0,0,3,0,0,0,0,0,0,0,0,0,1,0,0,0,0,0,0,0,0,1,0,0,0,1,0,0,0,2,0,0,0,0,17,0,0,0,0,0,0,0,0,0,0,0,0,0,1,0,4,0,0,0,0,0,0,0,0,0,0,0,0,0,0,1,0,0,0,0,0,0,0,0,1,0,0,0,0,0,0,0,0,0,0,1,0,0,2,0,0,0,0,0,0,0,0,0,0,0,1,2,0,0,0,0,0,0,0,7,0,0,0,0,21,0,0,0,0,3,0,0,2,0,0,0,18,0,0,0,0,0,0,0,0,0,0,0,0,0,0,0,0,0,0,0,0,0,0,0,0,0,0,0,0,7,0,0,0,0,0,0,0,0,1,2,9,0,0,26,0,1,2,0,6,1,0,0,5,0,1,38,2,0,0,0,0,0,0,0,1,0,0,26,0,0,1,0,0,0,0,0,0,3,0,0,0,0,1,0,0,0,0,0,0,0,1,0,1,0,0,1,0,0,0,0,9,1,0,0,1,0,0,0,1,0,0,0,0,0,0,0,0,0,0,0,0,0,0,0,2,0,0,0,0,0,0,0,0,0,0,0,0,0,1,0,0,0,0,0,0,0,2,0,0,0,0,1,0,0,0,0,0,0,1,0,1,0,0,1,1,1,0,0,0,0,12,0,2,1,1,0,0,0,0,1,0,0,0,0,0,0,0,0,0,0,6,0,0,0,0,0,0,1,0,0,0,1,0,0,1,27,0,3,0,9,0,3,0,0,0,0,1,0,0,0,0,0,0,0,0,0,0,0,0,0,5,0,0,0,0,0,0,0,2,0,0,0,0,0,0,0,0,0,0,0,0,0,0,0,0,0,0,0,0,0,0,0,2,0,0,0,3,0,0,0,1,0,0,0,0,6,0,1,0,0,3,0,5,0,0,0,0,0,0,1,2,0,0,0,0,3,0,1,0,0,0,0,0,0,8,1,0,1,0,3,0,0,0,0,0,0,0,1,0,0,0,0,0,3,1,0,61,0,1,0,0,1,0,8,3,28,0,0,1,0,0,197,37,1,0,6,0,0,0,0,9,0,0,0,0,0,0,0,0,0,0,1,0,0,1,0,0,0,0,0,0,1,0,0,0,0,0,0,2,0,0,0,0,0,1,2,0,0,0,0,0,0,0,0,0,0,0,0,1,0,0,0,0,0,0,0,0,0,0,0,0,0,0,0,0,0,0,0,0,0,0,0,18,11,2,2,0,2,0,0,0,0,1,0,3,3,6,0,8,0,0,0,0,0,0,6,0,0,0,0,0,0,0,1,0,51,0,1,0,0,1,2,4,0,0,0,0,1,0,0,0,0,1,1,0,0,0,0,0,0,0,0,0,0,0,0,0,0,0,0,0,6,0,0,0,0,0,1,0,0,0,17,0,0,0,7,1,0,0,1,0,0,0,0,2,1,0,0,0,1,0,2,0,1,0,0,1,22,0,0,0,0,0,16,0,0,0,0,0,1,0,0,4,0,0,0,0,1,1
176,1597,ESCOLA MUNICIPAL PARANAVAI,"RUA PEDRO SIEMENS, 691",XAXIM,-25.5125707,-49.26738444,57,0,3994,3238,237,116,0,2,9,5,63,3,4,0,0,12,2,28,2,1,0,0,6,0,4,0,5,4,31,7,3,2,23,0,6,4,1,24,0,2,0,0,0,3,2,0,8,3,0,5,0,33,9,0,0,0,0,0,5,10,0,0,3,25,0,0,0,0,1,10,1,0,2,0,0,0,1,0,95,0,0,0,0,3,0,0,0,0,0,1,0,0,12,0,0,0,0,0,0,0,7,0,0,0,0,8,0,19,4,0,0,1,0,43,35,0,0,0,0,0,0,0,0,0,0,0,0,43,1,0,0,0,5,0,0,2,0,0,52,0,0,0,0,0,0,0,0,0,13,0,2,0,0,0,0,1,0,0,0,0,0,11,3,0,38,0,0,0,4,0,0,0,0,0,0,0,0,0,56,4,36,6,3,0,0,46,0,4,0,2,3,1,0,1,3,0,0,0,0,0,0,1,0,55,0,0,0,0,8,0,0,0,0,0,0,0,0,0,2,0,0,0,0,0,0,0,0,15,0,0,2,0,0,0,1,0,2,0,0,2,0,0,0,0,0,0,0,1,0,3,0,0,3,0,0,0,0,0,0,0,0,0,0,1,0,0,46,0,0,1,1,0,0,0,0,1,5,0,0,0,2,2,2,0,0,0,0,0,0,0,2,0,0,0,0,0,0,5,0,0,0,0,0,0,0,0,0,0,0,2,1,1,0,0,0,0,0,0,0,0,0,0,0,0,0,0,0,0,1,2,0,0,1,0,1,0,0,0,0,0,0,17,4,0,0,0,52,0,0,0,0,8,0,0,6,0,0,0,32,1,0,2,0,0,0,1,0,0,0,1,0,1,0,0,0,0,0,1,0,1,0,0,0,0,0,0,0,1,0,0,0,1,0,0,0,0,3,1,13,1,0,68,1,0,3,1,16,3,0,1,2,0,1,89,0,0,0,4,1,0,0,0,0,0,0,49,0,1,5,0,0,1,0,0,1,0,1,0,6,0,1,0,0,0,0,0,0,0,5,0,1,2,0,0,0,0,0,0,30,0,0,0,3,0,0,0,0,0,0,0,0,0,0,0,0,0,0,0,0,1,0,0,2,0,0,0,0,0,1,0,0,1,0,0,0,0,1,0,0,0,0,0,0,0,0,0,1,0,0,0,0,0,0,0,0,0,0,0,2,0,3,3,0,1,0,0,6,1,23,0,5,0,6,0,0,0,0,0,0,0,0,0,0,0,0,0,0,0,17,0,2,1,0,0,1,0,0,0,0,1,0,0,0,48,2,5,0,18,1,4,7,1,4,0,0,0,0,0,0,0,4,2,0,0,0,0,0,0,7,0,0,0,0,0,0,0,0,0,0,0,0,0,1,1,0,0,1,0,0,0,2,0,2,0,0,0,0,0,0,2,1,0,0,0,3,0,0,0,1,0,0,0,0,3,0,3,0,0,8,0,1,0,0,0,0,0,0,1,5,0,0,0,0,1,0,3,0,0,0,0,0,0,9,7,0,0,0,15,0,0,0,0,0,0,0,2,0,2,0,0,0,3,5,2,144,0,5,0,1,4,0,26,0,56,1,0,1,0,0,241,86,1,1,0,0,0,0,0,6,0,0,0,0,0,0,0,5,1,0,0,0,0,0,1,0,1,3,0,1,1,0,0,0,0,0,2,0,0,0,1,0,0,0,6,2,0,0,1,0,1,0,0,0,0,0,0,0,0,0,0,0,0,2,0,0,0,0,0,0,1,0,0,2,0,0,0,0,0,1,0,63,6,6,25,0,1,0,0,0,0,0,1,0,3,6,4,20,3,0,1,0,0,0,9,1,0,1,0,2,1,3,0,2,109,1,9,7,0,4,0,6,0,5,0,0,2,2,0,0,0,0,0,0,0,0,0,2,0,0,0,0,0,0,1,0,0,0,0,0,9,0,0,0,0,0,0,2,2,0,27,0,0,0,15,0,0,0,0,0,0,1,0,0,0,1,1,0,0,0,2,0,0,0,0,1,43,0,0,1,0,0,36,0,0,0,0,0,0,0,0,0,4,0,0,1,4,1
176,1600,COLEGIO ESTADUAL HOMERO BAPTISTA DE BARROS,"RUA FERNANDES VIEIRA, 17",CAPAO RASO,-25.49640942,-49.28115187,58,0,3937,3211,229,140,0,1,3,10,48,2,2,1,0,11,2,29,1,0,0,1,13,0,3,0,3,3,16,2,3,0,17,1,2,4,0,9,0,1,0,0,0,1,1,0,20,2,0,0,3,41,1,1,0,1,0,0,0,5,0,0,0,15,0,8,1,0,0,6,0,2,0,0,0,1,0,2,75,0,0,0,0,6,1,0,0,0,0,1,0,0,11,0,0,0,0,0,0,0,6,1,0,0,0,4,0,17,0,0,0,1,0,26,51,1,0,0,0,0,0,0,0,0,0,1,0,2,1,0,1,2,2,0,5,3,0,2,79,1,0,0,0,0,0,0,0,1,16,2,10,1,0,0,2,1,0,0,0,1,0,9,9,0,12,0,1,0,7,0,0,2,1,0,1,0,0,0,72,5,51,5,2,2,1,62,3,9,0,0,1,1,1,0,9,0,1,0,0,1,0,1,1,52,0,0,0,0,0,0,0,0,0,2,0,0,1,0,0,0,0,0,0,0,0,0,0,4,0,0,2,0,0,0,2,0,1,0,1,1,4,0,0,0,2,0,0,3,0,1,0,0,0,1,0,0,0,0,1,0,0,0,0,0,0,0,28,0,0,1,0,0,0,0,0,2,1,4,0,2,4,5,7,0,0,0,0,0,0,0,2,0,0,0,0,0,0,9,0,0,0,0,0,3,2,2,0,0,0,0,0,0,0,2,0,2,0,0,0,0,0,1,0,0,0,0,0,1,1,0,0,1,5,0,0,0,0,0,0,0,1,19,7,0,2,0,65,0,0,0,0,8,0,0,10,0,0,0,75,0,0,0,0,0,0,2,0,0,0,0,0,0,0,0,0,0,0,0,0,1,0,0,0,0,0,0,0,0,0,0,0,0,0,0,0,0,4,5,25,0,0,61,0,0,1,9,9,5,0,6,4,0,0,51,1,2,0,2,0,0,0,0,0,2,0,37,0,0,0,0,0,0,0,0,0,0,0,0,2,0,0,0,0,0,0,2,0,0,4,0,0,2,0,3,0,1,1,0,26,0,0,0,5,0,0,0,0,0,0,1,0,0,0,0,0,0,0,0,0,1,0,0,0,0,0,0,0,0,0,0,0,0,0,0,0,0,4,0,0,0,0,0,0,0,0,0,0,1,0,0,0,0,0,0,0,0,0,7,0,0,0,10,3,0,0,4,3,0,19,0,6,0,17,0,0,0,0,0,0,0,2,0,0,0,1,0,0,0,41,0,2,0,0,0,0,3,0,0,0,1,0,0,0,35,0,3,0,13,0,0,1,0,13,0,0,0,0,0,0,1,0,9,0,0,0,0,0,0,2,0,0,0,0,0,0,0,0,0,0,0,0,0,0,0,0,0,0,0,0,0,0,0,2,0,0,0,0,0,0,0,1,0,0,0,11,0,0,0,0,0,2,5,0,0,0,2,0,0,1,0,1,0,0,0,0,0,0,6,3,0,0,0,0,0,0,0,0,0,0,0,1,0,18,10,4,0,0,26,0,0,1,0,0,0,2,0,0,9,0,0,6,6,11,0,127,0,11,0,1,1,2,21,1,35,0,2,1,0,0,49,140,1,3,0,2,0,1,0,15,0,0,0,0,0,0,4,6,0,0,0,0,0,0,0,0,0,0,1,0,2,1,0,3,0,0,1,0,0,0,0,0,0,0,3,3,0,0,1,2,0,1,0,0,0,0,0,0,0,0,0,0,1,2,0,0,0,0,0,0,2,0,0,0,2,0,0,1,0,0,1,27,18,2,6,1,2,1,0,3,1,3,0,0,3,4,1,19,3,0,2,0,0,0,3,0,0,0,1,0,0,1,0,0,208,4,6,6,2,3,7,7,4,2,0,4,4,1,0,0,0,0,2,1,0,0,0,1,3,0,2,0,0,0,0,0,2,0,0,1,5,0,0,0,0,2,0,0,0,0,12,0,0,0,20,0,0,0,0,0,0,2,0,0,2,2,0,0,0,0,11,2,0,0,0,7,50,0,0,0,0,0,40,1,0,0,0,0,0,0,0,0,4,0,0,0,4,0
176,1619,ESCOLA MUNICIPAL - CEI JORNALISTA CLAUDIO ABRAMO,"RUA OURO VERDE, 655",CAPAO RASO,-25.50772735,-49.30164616,58,0,3598,2961,248,162,0,3,4,14,42,2,2,1,0,11,0,38,0,0,0,1,16,0,1,0,0,1,20,4,1,0,18,0,0,9,0,24,0,0,0,0,0,0,1,2,2,6,0,4,0,52,2,0,0,0,0,1,0,6,0,0,0,25,0,3,0,0,1,8,2,2,1,0,0,2,0,0,97,3,0,0,0,4,0,0,0,0,0,1,0,0,6,0,0,0,0,0,0,2,14,0,1,0,0,4,0,7,0,4,0,1,0,28,37,0,1,0,0,1,0,0,0,0,0,1,3,2,0,0,1,0,6,0,0,1,0,0,46,1,0,1,4,0,0,0,0,0,14,0,3,0,2,0,0,0,0,0,0,0,0,3,1,0,16,0,0,0,5,2,2,0,5,2,0,0,0,0,71,2,69,5,0,0,0,61,2,3,0,0,0,1,0,1,10,0,0,0,4,0,2,1,4,49,0,1,0,0,0,7,0,0,0,0,0,0,0,0,0,1,0,0,4,0,0,0,0,0,0,0,0,0,0,0,2,0,0,0,0,0,1,0,0,0,0,0,0,0,0,0,0,0,0,1,0,0,0,0,0,0,0,0,0,1,0,0,32,0,0,1,0,0,0,0,0,0,0,2,0,0,2,1,1,0,0,1,0,0,0,0,5,0,0,0,0,0,0,1,0,0,1,0,0,0,1,0,0,0,0,0,0,0,0,0,0,0,0,0,0,0,0,0,0,0,0,0,0,0,0,0,0,0,2,0,1,0,0,0,0,0,2,16,0,1,1,1,59,0,0,0,0,8,0,0,4,0,0,1,36,3,0,0,0,0,0,0,0,0,0,0,0,0,0,0,0,0,1,0,0,0,0,0,0,0,0,0,0,0,0,0,0,0,0,0,0,0,4,4,6,0,0,28,0,0,2,1,10,0,0,2,2,0,0,69,0,1,0,0,1,1,0,0,0,0,0,32,2,1,0,0,0,0,0,0,1,0,0,0,0,1,4,0,0,0,1,0,0,0,2,0,0,1,0,0,0,3,2,0,15,1,0,0,3,0,2,0,0,0,0,0,0,0,0,0,0,0,0,0,0,0,0,0,1,0,1,0,0,4,0,0,0,0,0,0,0,0,0,0,0,0,0,0,0,0,0,1,1,0,0,5,0,0,0,0,0,0,0,0,0,0,0,0,0,0,0,3,2,1,26,0,4,1,7,0,0,0,0,0,0,0,0,0,1,0,0,0,1,0,3,0,2,0,3,0,1,4,0,0,0,1,0,0,0,51,2,0,0,2,0,1,3,0,1,0,0,0,0,0,1,0,0,0,0,0,0,0,0,0,0,0,0,0,0,0,0,0,3,0,0,0,0,0,0,0,0,0,0,0,0,0,2,0,0,0,0,2,0,0,0,0,1,0,0,0,96,0,0,0,1,0,1,0,0,3,0,1,0,0,6,0,2,0,0,0,0,0,0,2,4,0,0,0,0,5,0,5,0,0,0,0,1,0,10,3,0,0,0,12,0,1,1,1,0,0,0,2,0,9,0,0,3,5,2,0,125,1,0,0,1,3,0,11,15,32,0,2,0,0,0,86,107,0,2,1,0,1,0,1,11,0,1,0,0,0,0,1,7,0,0,0,0,0,1,0,0,0,3,0,5,0,0,0,0,0,0,2,0,0,0,0,0,0,0,7,3,0,1,0,0,0,0,0,0,0,0,0,0,0,0,0,0,0,1,0,0,0,0,0,1,2,0,0,0,0,0,0,0,0,0,0,6,7,1,2,2,1,0,0,1,1,1,0,1,3,7,4,20,4,0,0,0,1,0,5,0,2,1,0,1,0,0,0,2,172,7,7,4,0,3,2,14,0,1,0,1,1,0,1,0,0,0,4,0,0,0,0,4,6,0,2,0,0,0,3,0,0,0,0,1,10,0,0,1,0,1,0,0,1,0,4,0,0,0,21,0,0,0,3,0,0,0,0,1,4,1,0,0,0,0,2,2,0,0,1,4,40,0,0,4,0,0,28,0,0,0,0,0,0,0,0,2,7,0,0,0,3,0
176,1627,COLEGIO ESTADUAL JOAO MAZZAROTTO,R SANTA REGINA  664,CAPAO RASO,-25.50223933,-49.28947764,58,0,4366,3565,310,171,0,4,6,11,50,3,9,0,0,15,1,28,1,0,0,0,7,0,2,0,4,4,22,7,1,0,19,1,1,11,1,13,0,0,0,0,0,0,1,1,9,0,0,1,0,55,0,0,0,0,0,0,1,11,0,0,3,22,0,2,1,3,0,5,1,0,2,0,0,0,0,0,116,0,0,2,0,2,0,0,0,0,0,2,0,0,12,0,0,0,0,0,1,1,14,0,0,0,1,8,0,29,0,3,0,1,0,43,36,2,0,0,0,0,0,0,0,0,1,0,6,8,0,0,0,0,2,0,3,2,0,0,65,0,0,0,2,0,0,0,1,0,19,0,5,0,0,0,3,0,2,2,0,3,0,7,5,0,27,0,0,0,8,0,0,0,4,2,0,4,0,2,65,4,77,9,2,0,0,63,4,4,0,1,2,0,0,1,13,0,0,3,0,0,1,0,0,61,0,1,0,0,1,2,0,0,0,0,0,0,1,1,0,0,0,0,0,0,0,0,0,6,0,0,6,0,0,1,2,0,1,0,2,0,6,0,1,0,0,0,0,1,0,0,0,0,0,0,0,0,0,0,0,1,0,2,0,0,0,0,20,0,0,0,1,0,1,0,2,0,0,4,0,0,2,0,24,0,0,0,0,0,0,0,3,0,0,0,1,0,0,6,0,0,1,0,0,0,0,0,0,0,0,0,0,0,1,0,0,0,0,0,0,0,0,1,0,0,0,0,0,2,0,0,0,4,0,0,1,0,0,0,0,0,1,14,2,0,0,0,64,0,0,0,1,8,0,0,15,0,0,0,40,0,0,1,0,0,0,0,0,0,0,0,0,0,0,0,0,0,0,0,0,0,0,0,0,0,0,0,0,0,0,0,0,0,0,0,0,0,2,2,13,0,1,65,0,0,7,1,13,7,0,5,2,0,0,99,1,0,0,5,0,2,0,1,2,1,0,30,0,1,5,0,2,0,1,0,0,1,0,0,0,0,8,0,0,0,4,0,0,1,5,0,2,1,0,0,0,2,0,0,30,0,0,0,7,0,2,0,0,0,0,1,0,0,0,0,0,0,0,0,0,0,0,0,5,0,0,0,0,0,1,0,0,0,0,0,0,0,9,0,0,0,0,0,0,0,0,0,1,0,0,1,0,0,0,0,0,0,0,0,0,0,0,0,2,0,0,1,1,2,22,0,3,0,24,1,0,0,0,0,0,0,0,0,0,0,0,0,0,0,14,0,3,0,0,0,2,2,0,1,0,0,0,0,0,56,0,2,0,11,0,0,5,0,4,0,0,0,0,0,1,0,0,0,0,0,0,0,0,0,0,0,0,1,0,0,0,0,4,0,0,0,0,0,0,6,0,0,0,0,0,0,0,0,3,0,0,0,0,0,0,0,0,1,0,0,27,0,0,0,0,2,0,0,0,0,0,1,0,0,5,0,4,0,0,0,0,0,0,1,1,1,0,1,0,0,0,4,0,0,2,1,0,0,15,14,0,0,1,14,0,1,0,1,0,0,1,3,2,3,0,0,0,7,6,0,158,0,9,0,0,1,0,25,4,59,0,0,3,0,0,68,133,3,1,0,1,0,4,0,18,0,0,0,0,0,0,0,3,2,0,2,1,0,0,0,0,0,2,0,0,0,1,0,0,0,0,1,0,1,0,0,0,0,0,3,0,0,0,0,0,3,0,0,0,0,0,0,0,0,0,0,0,0,0,0,0,0,0,1,0,1,0,0,0,0,0,0,0,0,0,0,8,15,4,4,1,1,0,0,1,1,1,0,3,2,6,4,46,6,1,0,0,0,0,7,0,0,0,0,1,0,1,1,0,184,1,6,10,0,5,10,9,0,2,0,4,5,0,3,0,1,0,2,0,0,0,0,2,3,0,1,0,0,0,7,0,0,0,0,3,6,0,0,0,0,3,0,0,2,0,21,0,0,0,28,1,0,0,0,0,0,0,0,0,0,0,1,0,0,0,1,2,0,0,1,4,55,0,0,3,0,0,63,0,0,0,0,0,0,0,0,6,6,0,0,0,2,0
176,1635,COLÉGIO ESTADUAL EMILIO DE MENEZES,"RUA JOSE ZALESKI,  450",CAPAO RASO,-25.5014171,-49.30137023,58,0,4957,4048,373,237,0,3,4,11,47,3,3,3,0,16,1,40,1,0,0,0,17,0,3,1,3,0,18,7,0,0,13,0,1,9,1,20,0,0,1,0,0,2,6,0,15,4,0,5,3,46,2,0,0,0,1,0,5,10,0,0,4,25,0,4,1,0,2,5,1,0,3,0,0,1,0,7,116,0,0,0,0,5,0,0,0,0,0,3,0,1,16,0,0,0,1,0,0,1,13,4,0,1,0,5,0,32,3,1,0,1,0,29,53,0,0,0,0,0,3,0,0,3,0,2,5,7,0,0,1,0,2,0,3,0,1,0,85,0,0,3,1,1,0,0,0,0,31,0,9,0,0,0,0,0,0,0,0,0,0,6,2,0,18,0,0,0,15,0,0,0,1,0,0,5,0,1,64,0,82,10,2,0,0,67,2,8,0,0,0,2,0,1,13,1,1,0,1,0,2,0,0,66,0,0,1,0,1,25,0,0,0,0,0,0,0,0,1,0,0,0,0,0,0,0,0,1,0,0,1,0,0,0,1,0,2,0,0,4,6,0,0,0,0,0,4,6,0,1,0,0,0,0,0,0,0,0,0,0,0,0,0,0,0,0,28,0,0,1,1,0,0,0,0,0,0,3,0,0,0,0,18,0,0,0,1,0,0,0,2,1,0,0,0,0,0,3,0,0,0,0,0,0,0,1,0,0,0,0,1,0,0,1,0,0,0,0,0,0,0,0,0,0,0,0,0,0,1,0,0,1,2,0,0,0,0,0,0,1,0,32,1,1,0,0,89,0,0,0,1,12,0,0,10,2,0,1,34,0,0,1,0,0,0,0,0,0,0,0,2,0,0,0,0,0,1,0,0,2,0,0,0,0,0,0,0,0,0,0,0,0,0,0,0,0,3,1,14,0,1,79,0,2,5,0,12,7,0,5,10,0,0,104,0,1,0,7,1,2,0,1,0,0,0,42,0,3,2,0,0,0,0,0,0,0,3,0,0,4,2,0,0,0,0,0,0,0,13,0,0,1,0,0,0,1,0,0,24,0,0,0,5,0,1,0,0,0,1,0,0,2,0,0,0,0,0,0,0,0,0,0,0,0,0,0,0,4,4,0,0,0,0,0,0,0,4,0,0,0,0,0,0,0,0,0,2,0,0,8,0,0,0,0,0,0,0,0,0,1,2,1,2,4,1,1,1,1,30,1,3,7,11,1,0,0,0,0,0,0,0,0,0,0,0,0,0,0,14,0,0,0,0,1,0,1,0,0,0,0,0,0,0,80,0,2,0,9,0,0,3,0,2,0,0,0,0,0,3,0,1,0,0,0,0,0,0,0,1,0,0,0,0,0,0,0,1,0,0,1,1,0,0,0,0,0,0,0,0,0,0,0,0,0,0,0,0,0,0,0,0,0,0,0,75,0,0,0,3,0,1,0,0,7,0,2,0,1,7,0,1,0,0,0,0,0,0,2,5,0,0,0,0,6,0,9,0,0,0,0,0,0,17,11,1,3,0,20,0,1,0,0,0,0,0,4,0,5,0,0,3,10,2,1,165,1,11,0,0,3,0,21,15,51,0,0,1,0,0,128,150,1,3,0,0,0,0,0,13,0,0,0,0,0,0,0,6,1,0,1,0,0,1,0,0,0,0,0,3,0,0,0,0,0,0,2,1,0,0,0,1,2,0,4,0,0,0,0,0,0,0,0,0,0,1,0,1,0,0,0,0,0,0,0,0,1,0,0,0,2,0,0,0,0,2,0,0,0,0,0,16,8,1,1,2,1,0,1,2,1,2,0,1,7,7,9,26,8,0,1,0,1,0,10,1,0,0,0,4,1,0,2,3,248,8,8,10,0,7,1,10,0,0,1,1,0,0,1,0,2,0,0,0,0,0,0,3,5,0,2,0,0,2,0,1,0,0,0,0,16,0,0,0,0,2,0,0,1,0,6,0,0,0,28,1,0,0,0,0,0,0,1,0,3,0,0,0,0,1,8,0,0,0,0,4,32,0,0,3,0,0,36,0,0,0,1,0,0,0,0,2,11,0,0,0,0,0
176,1643,FACULDADES BAGOZZI - UNIDADE XAXIM,"RUA PROFESSOR NARCISO MENDES, 484 - (ATUAL ESCOLA STELLA MARIS)",XAXIM,-25.503937,-49.269562,57,0,1911,1553,111,72,0,0,1,6,20,1,1,0,0,2,2,9,1,0,0,0,12,0,0,0,1,1,7,3,1,0,6,1,0,2,0,22,0,0,0,0,1,0,7,0,6,0,0,2,0,19,1,0,0,0,0,0,2,5,0,0,1,6,0,1,0,0,0,9,0,0,0,0,0,0,0,0,30,0,0,0,0,0,0,0,0,0,0,0,0,0,4,0,0,0,0,0,0,2,4,0,0,0,0,3,0,9,0,0,2,4,0,23,8,1,0,0,0,0,0,0,0,0,0,0,2,4,1,0,0,0,1,0,1,0,0,1,42,0,0,0,0,1,0,0,1,0,7,0,0,0,0,0,0,0,0,0,0,0,0,0,2,0,7,1,0,1,3,0,1,0,0,0,0,0,0,0,39,1,14,6,0,1,0,30,0,1,0,0,0,1,0,1,2,0,0,0,1,2,0,0,1,11,0,0,0,0,0,0,0,2,0,0,0,0,1,0,0,0,0,1,0,0,0,0,0,5,0,0,1,0,0,0,0,0,0,0,1,0,0,0,1,0,0,0,0,2,0,0,0,0,4,0,2,0,0,0,0,0,0,0,0,0,0,0,11,0,0,0,0,0,0,0,0,0,0,1,0,0,0,0,6,0,0,0,0,0,0,0,1,0,0,0,0,0,0,3,0,0,1,0,0,0,0,0,0,0,0,0,0,1,0,0,0,0,0,0,0,0,0,0,0,0,0,0,0,0,2,0,0,1,1,0,1,0,0,0,0,0,0,8,0,0,0,0,37,0,0,0,0,4,0,0,7,0,0,0,35,0,0,0,0,1,0,0,0,0,1,0,0,0,0,0,0,0,0,0,0,0,0,0,0,0,0,0,0,0,0,0,0,0,0,0,0,0,2,2,10,0,0,37,0,0,5,4,12,3,0,5,2,0,0,21,0,0,0,7,0,0,0,0,0,0,0,22,0,0,6,0,0,0,0,0,1,0,0,0,0,0,1,0,0,0,0,0,0,0,1,0,0,0,0,0,0,1,0,0,13,0,0,0,4,0,0,0,0,0,0,0,0,0,0,0,0,0,0,0,0,1,0,0,0,0,0,0,0,0,0,0,0,0,2,0,0,0,2,0,0,0,0,0,0,0,0,0,0,0,0,0,0,0,0,0,0,0,0,0,0,0,0,4,0,0,0,1,5,0,20,0,3,1,11,0,1,0,0,0,0,0,0,0,0,0,0,0,0,0,14,0,1,0,0,0,1,0,0,0,0,3,0,0,0,17,0,0,0,13,1,0,1,0,0,0,0,0,0,0,1,0,0,1,0,0,0,0,0,0,3,0,0,0,0,0,0,0,2,0,0,0,0,0,3,0,0,0,0,0,0,0,0,0,1,0,0,0,0,0,0,0,0,0,0,0,2,0,0,0,0,0,0,0,0,0,0,0,0,0,3,0,0,0,0,0,0,0,0,0,3,0,0,0,0,1,0,1,0,2,0,0,0,0,11,2,0,0,0,12,0,0,1,2,0,0,2,4,0,0,1,0,1,1,3,0,39,0,0,0,0,1,2,12,0,33,0,0,0,0,0,29,40,3,3,1,0,0,0,0,14,0,0,0,0,0,0,0,0,2,0,0,0,0,0,0,0,0,0,0,0,0,1,0,0,0,1,0,0,0,0,0,0,0,0,1,1,0,0,0,0,0,0,0,0,0,0,0,0,0,0,0,0,0,0,0,0,0,0,0,0,1,0,0,0,0,0,0,0,0,0,0,87,4,0,2,2,0,0,0,2,0,1,0,0,2,7,2,4,1,0,0,0,0,2,1,0,0,0,0,0,0,1,0,1,80,0,3,4,0,1,0,7,0,1,1,1,0,1,0,0,0,1,0,0,0,0,0,1,2,0,0,0,0,0,0,0,0,0,0,1,9,0,0,0,0,0,0,1,0,0,5,0,0,0,3,0,0,0,0,0,0,0,0,0,0,0,0,0,0,0,1,1,0,0,0,4,13,0,1,1,0,0,15,0,0,0,0,0,0,0,0,2,3,0,0,1,1,0
176,1651,COLEGIO ESTADUAL SAO PEDRO APOSTOLO,"RUA PRIMEIRO DE MAIO, 1160",XAXIM,-25.51533999,-49.27630541,57,0,6765,5373,421,273,0,9,11,12,83,4,8,1,0,26,1,62,4,0,0,1,15,1,5,2,6,11,59,15,1,1,36,3,1,1,4,23,1,1,1,0,2,0,4,1,13,5,0,2,0,74,5,4,1,0,0,1,1,9,0,0,6,32,0,4,0,0,3,9,1,0,7,0,0,2,2,2,140,0,2,0,0,4,0,0,0,0,0,2,1,0,13,0,0,1,0,0,0,0,20,0,0,0,0,10,0,21,0,0,0,1,0,55,53,0,0,0,0,1,2,0,0,1,0,1,1,14,3,0,4,0,5,0,3,2,0,2,53,0,0,0,1,0,0,0,1,1,74,2,4,0,1,0,2,0,0,2,0,0,1,9,5,0,51,0,0,0,15,0,0,0,1,0,0,1,0,0,88,2,47,10,2,0,0,63,7,5,0,2,1,0,0,4,38,0,0,0,0,3,1,0,0,140,0,1,0,0,5,0,0,3,1,1,1,0,0,0,1,0,0,0,0,0,0,0,0,8,0,0,0,0,0,0,1,1,1,0,0,2,0,0,1,0,1,0,0,0,0,0,0,1,1,1,0,0,1,1,0,0,0,0,0,1,0,0,54,0,0,1,6,0,0,0,0,2,2,1,1,0,3,3,8,0,0,0,0,0,0,0,4,0,0,0,0,0,0,7,0,0,0,0,0,0,0,3,0,0,0,0,0,2,1,0,0,0,0,0,0,0,0,2,0,0,0,0,0,0,0,0,0,0,0,0,1,0,0,0,0,2,0,16,3,0,0,0,69,1,0,0,0,15,0,0,3,2,0,0,46,0,1,0,0,0,0,0,0,0,2,0,0,0,0,0,2,0,0,0,0,2,0,2,0,0,0,0,1,13,0,0,0,2,0,0,0,0,4,2,28,0,1,99,0,2,9,4,9,6,0,7,17,0,0,129,1,1,0,0,0,1,0,0,0,2,0,77,0,0,1,1,0,0,1,0,0,10,0,0,0,2,0,0,0,0,0,0,0,0,3,0,0,1,0,0,0,3,0,2,37,3,0,0,1,0,1,1,0,0,1,0,0,0,0,0,0,0,0,0,0,0,0,0,2,0,0,0,0,0,1,0,0,0,0,0,0,0,3,0,0,0,2,0,0,0,2,0,2,0,0,1,0,0,0,0,0,0,0,4,2,0,2,2,3,0,0,0,2,1,24,1,2,1,16,2,0,0,0,1,0,0,0,0,0,0,0,0,0,0,34,0,9,0,0,1,1,4,0,1,0,3,0,0,0,113,0,4,0,24,0,12,6,0,6,0,0,0,0,0,1,0,0,3,0,0,0,0,0,0,6,0,0,0,0,0,0,0,0,0,0,0,0,0,0,1,1,0,0,0,0,0,3,0,2,0,0,1,0,0,0,0,1,0,0,0,6,0,0,0,2,0,2,0,0,6,0,0,0,0,3,0,2,0,0,0,0,0,1,6,5,0,0,0,0,0,0,2,0,0,0,0,3,0,9,6,0,0,0,10,0,0,1,0,0,0,1,7,1,4,0,0,1,8,4,2,200,1,6,0,3,5,0,17,6,84,0,0,7,0,0,639,143,2,0,10,3,0,1,0,18,1,0,0,0,0,0,3,2,1,0,2,0,0,0,0,0,1,3,0,0,1,0,0,0,1,0,2,0,2,0,0,1,0,0,6,1,0,0,2,0,0,0,0,0,0,0,0,0,0,0,0,0,0,1,0,0,0,0,1,0,0,0,0,0,0,2,0,0,0,1,0,47,11,4,10,1,3,0,0,4,2,0,0,1,10,7,0,32,0,0,0,1,3,1,4,0,0,0,0,0,0,0,0,3,213,2,13,14,1,7,3,11,0,4,1,12,0,1,1,0,0,0,2,0,1,0,0,2,3,0,0,0,0,1,2,0,1,0,0,2,10,0,0,0,0,1,0,1,1,0,27,0,0,0,23,3,0,0,2,0,0,3,0,0,1,0,0,0,0,0,3,1,6,1,0,12,111,0,0,4,0,0,47,1,0,0,0,0,0,0,0,7,1,0,0,0,6,0
176,1660,COLEGIO ESTADUAL PROFESSOR NARCISO MENDES,"RUA NARCISO MENDES, 283",XAXIM,-25.50348731,-49.27197362,57,0,4104,3411,255,149,0,3,5,6,45,5,3,1,1,10,1,28,2,1,0,0,12,0,2,0,5,1,31,6,2,0,23,0,0,1,1,16,2,1,0,0,0,0,6,0,12,6,0,1,0,40,1,3,0,0,0,0,1,2,0,0,1,10,0,3,1,0,1,5,3,0,0,0,2,1,0,3,92,0,0,0,0,8,0,0,0,0,0,3,1,0,7,0,0,0,0,0,0,0,9,0,0,0,0,5,1,11,0,1,0,1,0,84,36,1,0,0,0,0,0,0,0,2,0,0,2,28,0,0,0,0,6,0,1,2,0,0,57,0,0,0,0,1,0,0,0,0,11,0,0,0,1,0,1,0,0,0,0,0,0,1,8,0,15,0,0,0,7,0,0,0,0,0,0,3,0,0,58,2,66,4,2,1,0,58,4,6,0,0,1,1,0,0,3,1,0,1,0,0,0,1,1,35,0,0,0,0,3,0,0,0,0,0,0,0,0,0,0,0,0,0,1,0,0,0,1,8,0,0,6,0,0,1,0,0,0,0,0,0,0,0,1,0,1,0,0,2,0,0,0,0,0,0,0,0,0,0,0,0,0,1,1,0,0,0,25,0,0,3,0,0,0,0,0,2,0,2,1,0,1,0,7,0,0,0,0,0,0,0,3,0,0,0,0,0,0,10,0,0,0,0,0,0,0,0,0,0,0,0,0,0,1,0,0,0,0,0,0,0,0,0,0,0,0,0,0,0,0,1,0,1,0,0,1,0,0,0,0,1,0,25,0,0,0,0,58,0,0,0,0,11,0,0,12,0,0,0,55,0,0,1,0,0,0,0,0,0,0,0,0,0,0,0,0,0,0,0,0,0,0,0,0,0,0,0,0,0,0,0,0,0,0,0,0,0,4,2,23,0,0,66,2,0,12,3,19,6,0,7,9,0,0,65,0,0,0,7,0,1,1,0,0,3,0,37,0,1,7,0,0,2,0,0,0,1,0,0,1,2,1,0,0,0,1,0,0,0,10,0,0,0,0,0,0,1,0,0,20,0,0,0,10,1,0,0,0,0,0,0,1,0,0,0,0,0,0,0,0,0,0,0,1,0,0,0,0,0,0,0,0,0,0,0,0,0,2,0,0,0,0,0,0,0,0,1,0,2,0,0,0,0,0,0,0,0,0,0,2,0,1,3,0,0,0,0,0,1,36,0,3,0,4,0,1,0,0,0,0,0,0,0,0,0,0,0,0,0,76,0,3,1,0,0,0,0,0,0,0,4,0,0,0,36,1,3,0,15,0,1,7,0,3,0,0,0,0,0,0,1,0,2,0,0,0,0,0,0,30,0,0,3,0,0,0,0,0,0,0,0,0,0,0,1,0,0,0,0,0,0,3,0,17,0,0,0,0,0,0,0,0,0,0,0,1,0,0,0,4,0,1,1,0,4,0,3,1,0,2,0,3,0,0,0,0,0,0,1,4,0,0,0,0,3,0,2,0,0,0,0,0,0,8,3,0,1,0,10,1,0,0,0,0,0,1,3,0,1,0,0,0,11,1,1,117,0,9,0,1,3,1,20,0,41,0,4,1,1,0,182,111,0,0,1,0,0,0,0,14,0,0,0,0,0,0,0,1,1,0,0,1,0,0,0,0,0,1,2,1,0,0,0,0,0,0,1,0,2,0,0,0,1,0,6,0,2,0,2,0,0,0,0,0,0,0,0,0,0,0,0,0,0,1,0,0,0,3,0,0,1,0,0,0,0,0,0,0,0,0,0,218,9,0,8,3,0,0,2,0,2,0,0,4,0,6,7,15,1,1,0,0,1,0,7,0,0,0,0,0,0,0,0,0,120,4,5,4,0,2,3,6,0,2,7,2,2,2,0,0,0,0,0,0,0,0,0,3,1,0,0,0,1,0,2,0,1,0,0,2,13,0,0,0,0,1,0,0,0,0,21,0,0,0,13,1,0,0,0,0,0,0,0,0,0,0,0,0,0,0,1,3,0,0,0,2,44,0,0,2,0,0,33,0,0,2,0,0,0,0,0,1,5,0,0,0,3,2
176,1678,ESCOLA MUNICIPAL JARDIM EUROPA,"RUA HERMENEGILDO BONAT,  26",XAXIM,-25.50544158,-49.279486,57,0,2491,2150,169,90,0,1,2,3,34,1,0,0,0,3,1,22,1,0,0,0,4,0,2,0,2,2,18,7,1,0,20,1,0,1,0,5,0,0,2,0,0,0,2,0,2,1,0,0,1,23,4,0,0,0,0,0,0,11,0,0,4,11,0,0,0,0,0,5,0,0,1,0,0,4,2,3,53,0,0,0,0,3,2,0,0,0,0,1,1,0,5,0,0,0,0,0,0,0,8,0,0,0,0,2,0,26,1,0,0,0,0,22,16,0,0,0,0,0,0,0,0,0,0,1,5,1,0,0,1,0,4,0,1,1,0,0,31,0,0,1,0,0,0,0,0,0,29,0,0,0,0,0,0,3,0,0,0,0,0,2,0,0,9,1,0,0,6,0,0,0,0,0,0,1,0,0,24,1,26,4,1,0,0,27,1,0,0,0,1,0,0,0,4,2,0,0,0,0,0,0,3,38,0,0,0,0,3,1,0,0,0,1,0,0,1,0,0,0,1,0,0,0,0,0,1,0,0,0,0,0,1,0,1,0,1,0,0,2,0,0,3,0,0,0,0,0,0,0,0,0,1,0,1,0,0,0,0,0,0,0,0,0,0,0,27,0,0,1,4,0,0,0,0,0,0,0,0,0,1,0,3,0,0,0,3,0,0,0,0,0,0,0,0,0,1,1,0,0,0,0,0,0,0,1,0,0,0,0,0,2,2,3,0,1,0,0,0,0,0,2,0,0,1,0,0,0,1,0,0,0,0,0,1,0,0,0,0,1,0,10,1,1,0,0,41,0,0,0,0,6,0,1,3,3,0,0,16,0,0,2,0,0,0,0,0,0,0,1,0,0,0,0,0,0,0,0,0,0,0,0,0,0,0,0,0,4,0,0,0,0,0,0,0,0,0,0,11,1,0,37,0,0,5,1,0,1,0,0,2,0,0,57,1,2,0,1,0,0,0,0,1,2,0,21,0,0,0,0,0,0,0,0,1,2,0,0,0,0,1,0,0,1,0,0,0,0,0,0,0,6,0,0,1,0,0,0,15,0,0,0,2,0,0,1,0,0,0,0,0,0,0,0,0,0,0,0,0,0,0,0,2,0,0,0,0,0,0,0,0,0,0,0,0,0,1,0,0,0,0,0,0,0,1,0,2,0,0,0,0,0,0,0,0,0,0,0,0,0,0,0,0,0,0,1,0,0,13,0,1,1,4,0,0,0,0,3,0,0,0,0,0,0,0,0,0,0,28,0,5,0,0,0,0,1,1,0,0,0,0,0,0,46,0,1,0,3,0,11,8,0,1,0,0,0,0,0,0,0,0,0,0,0,0,0,0,0,4,0,0,0,0,0,0,0,0,0,0,0,0,0,0,0,1,0,0,0,0,0,0,0,0,0,0,0,0,0,0,0,0,0,0,0,3,0,0,0,0,0,0,0,0,3,0,1,0,0,2,0,2,0,0,0,0,0,0,0,0,0,0,0,0,2,0,2,0,0,0,0,0,0,3,5,0,0,0,12,0,0,0,0,0,0,2,2,0,2,0,0,0,4,1,0,91,0,3,0,1,1,0,11,1,42,0,0,0,0,0,209,61,1,0,0,0,0,0,0,9,0,0,0,0,0,0,0,8,1,0,2,0,0,1,0,0,0,0,0,0,0,0,0,0,0,0,0,0,1,0,0,0,0,0,2,0,0,0,0,0,0,0,0,0,0,0,0,0,0,0,0,0,1,0,0,0,0,0,0,0,1,0,0,0,0,0,0,0,0,0,0,42,6,3,3,1,0,0,0,0,3,1,0,1,4,2,0,17,0,0,1,1,0,0,3,0,0,1,0,0,0,0,0,1,113,0,5,5,0,3,0,12,0,1,0,0,0,0,0,1,0,0,1,0,0,0,0,1,1,1,0,0,0,0,0,0,0,0,0,0,5,0,0,0,0,0,0,0,0,0,12,0,0,0,8,0,0,0,0,0,1,0,0,0,2,0,0,0,0,0,0,1,1,1,0,5,43,0,0,0,0,0,25,0,0,0,0,0,0,0,0,6,3,0,0,0,0,0
177,1260,UTFPR - UNIVERSIDADE TECNOLÓGICA DO PARANA,"AVENIDA SETE DE SETEMBRO, 3165 -",REBOUÇAS,-25.4386589,-49.2686415,8,0,4167,3221,183,112,0,2,0,11,43,0,1,0,3,4,1,22,0,0,0,0,44,0,1,0,2,5,6,1,9,2,14,0,0,1,0,17,2,0,0,0,0,0,4,2,12,8,0,1,2,109,1,2,0,0,0,0,8,5,0,0,1,8,0,2,6,0,1,15,0,0,0,0,0,0,0,4,42,0,0,0,0,3,1,2,0,0,0,0,0,3,14,0,0,0,0,0,4,0,0,0,1,0,0,13,0,12,0,0,0,2,0,23,9,1,0,0,0,0,0,0,0,2,1,0,2,5,2,0,0,1,2,0,6,1,0,2,185,0,0,0,0,1,1,0,0,1,5,0,2,0,2,0,2,2,0,1,1,0,0,2,18,0,7,0,0,0,10,2,0,0,3,2,1,6,0,2,173,13,60,19,2,1,0,140,2,11,1,0,4,0,2,6,1,0,0,0,4,4,5,3,2,80,0,0,0,0,0,0,0,0,0,1,0,0,1,0,0,0,0,0,0,0,1,0,0,1,0,0,4,0,1,1,2,0,0,0,0,3,0,0,0,0,0,0,0,0,0,0,0,0,0,0,1,0,0,2,0,0,0,0,0,1,0,0,11,0,0,0,0,0,0,0,0,1,0,4,0,0,0,2,5,0,1,2,0,0,0,0,1,0,0,0,0,0,2,4,0,0,0,0,0,0,0,2,1,0,2,0,0,3,1,0,0,0,0,0,0,0,0,1,0,0,0,0,0,0,0,0,0,0,10,0,0,0,0,0,0,0,0,53,0,0,2,0,29,0,0,0,0,11,0,0,3,1,0,0,57,0,2,1,0,0,0,2,0,2,0,0,0,0,0,0,0,0,0,0,0,0,0,0,0,0,0,0,0,0,0,0,0,0,0,0,0,0,4,5,20,0,0,78,0,1,4,1,16,11,1,3,3,0,1,33,1,0,0,2,0,0,0,0,0,2,0,16,0,7,0,0,0,0,0,0,0,0,0,0,7,0,3,0,1,0,0,0,0,1,13,3,0,0,0,0,3,2,0,0,17,3,1,0,5,1,0,0,0,0,1,0,0,1,0,0,1,0,0,0,0,0,0,0,1,0,0,0,0,0,0,0,0,0,0,0,0,0,2,0,0,0,0,0,0,0,0,0,0,0,0,0,0,0,0,0,0,0,0,1,0,0,2,3,0,3,0,4,4,0,45,2,7,1,40,7,0,0,0,4,0,0,0,0,0,0,0,0,0,0,0,0,0,0,0,1,0,0,1,1,0,0,0,0,0,2,0,1,0,5,0,0,0,0,0,0,0,0,0,0,0,0,0,4,0,0,0,0,0,0,0,0,0,0,0,0,0,0,1,0,0,0,0,0,1,1,1,0,0,0,0,0,0,0,1,0,0,0,1,0,0,0,0,0,1,0,1,0,1,0,2,0,4,0,0,1,0,0,0,0,9,0,0,0,0,0,0,1,0,1,15,0,0,0,0,3,5,7,0,0,0,0,1,0,59,6,0,1,0,44,0,2,2,0,0,0,2,0,0,7,0,2,1,12,8,1,63,0,0,1,1,3,0,10,0,28,0,2,3,1,0,12,89,2,0,0,8,2,0,0,19,0,0,0,0,0,2,0,1,1,0,3,0,0,2,0,0,0,5,0,0,0,0,0,8,0,2,4,2,3,0,0,0,1,3,21,18,1,0,5,3,0,0,0,0,0,0,0,0,0,0,0,0,1,0,0,0,0,0,0,1,1,0,0,0,0,0,0,0,0,0,0,2,6,5,11,5,0,1,1,1,0,1,0,5,0,11,2,21,5,3,0,0,0,0,9,0,0,3,0,3,1,0,1,1,166,4,10,11,0,9,2,8,0,3,6,4,2,0,0,0,0,0,1,0,1,0,0,1,3,0,0,0,0,0,1,0,0,0,0,0,22,0,1,1,0,0,0,1,0,0,7,0,0,0,9,0,0,0,0,0,0,1,0,0,0,0,0,0,0,0,0,0,0,0,0,9,12,0,0,2,0,0,9,0,0,0,0,0,0,0,0,0,8,0,0,0,3,1
177,1279,ESCOLA ESTADUAL LAMENHA LINS,RUA LAMENHA LINS  2185,REBOUÇAS,-25.45468558,-49.26812439,8,0,2067,1663,91,68,0,1,1,2,33,1,0,0,1,0,3,18,2,0,0,0,8,0,0,0,2,2,6,1,2,0,6,0,0,1,0,17,0,0,0,0,0,0,6,1,3,3,1,0,0,9,2,0,0,0,0,0,2,6,0,0,0,5,0,2,2,0,0,8,0,0,2,0,0,1,1,3,24,0,0,0,0,2,1,2,0,0,0,1,0,0,7,0,0,0,0,0,0,1,4,0,0,0,0,5,0,11,0,0,0,3,0,8,7,0,0,0,0,0,0,0,0,0,0,0,0,2,3,0,0,0,0,0,0,0,0,0,65,0,0,0,0,1,0,0,0,0,2,1,3,0,0,0,0,0,0,0,0,0,0,0,15,0,2,0,0,0,15,2,1,0,0,0,0,1,0,0,49,4,23,9,0,0,0,39,1,4,2,1,1,1,0,1,1,0,0,0,0,2,0,1,3,29,0,0,1,0,0,0,0,0,0,0,0,0,0,0,0,0,0,0,0,0,0,0,0,0,0,0,1,0,0,0,1,0,0,0,1,1,0,0,0,0,0,0,0,1,0,0,0,0,0,0,0,2,0,0,0,0,0,0,1,0,0,0,11,0,0,0,0,0,0,0,0,3,3,0,0,0,2,1,8,0,1,0,0,0,0,0,1,1,0,0,0,0,0,3,0,0,0,0,0,0,0,0,1,1,0,0,0,0,0,0,0,0,0,0,0,0,0,0,0,0,0,0,0,0,0,0,0,0,0,0,0,0,0,0,0,0,0,38,0,0,2,0,37,0,0,0,0,13,0,0,5,0,0,2,33,2,0,0,0,0,0,0,0,0,0,0,1,0,0,0,0,2,0,0,0,0,0,0,0,0,0,0,0,0,0,0,0,0,0,0,0,0,3,3,9,0,0,55,0,0,1,1,6,8,0,3,3,0,0,27,0,0,0,0,0,0,0,0,0,4,0,17,0,2,0,0,0,0,1,0,1,0,0,0,0,0,1,0,1,0,0,0,0,0,4,0,0,1,0,0,1,0,0,0,17,1,0,0,6,0,0,0,0,0,0,0,0,0,0,0,0,0,0,0,0,0,0,0,4,0,0,0,0,0,0,0,0,0,0,0,0,1,1,0,0,0,0,0,0,0,0,0,0,0,0,0,0,0,0,0,0,0,0,0,0,0,1,1,0,0,0,2,4,0,23,0,1,3,14,1,1,0,0,0,0,0,0,0,0,2,0,0,0,0,3,0,0,0,0,0,0,0,0,0,0,0,0,0,0,2,0,3,0,6,0,2,3,0,0,0,0,0,0,0,0,0,0,1,0,0,0,0,0,0,0,0,0,0,0,0,1,0,1,0,0,0,0,0,1,1,0,0,0,0,0,0,0,0,0,0,0,0,0,0,0,0,0,0,1,1,1,0,0,0,1,0,4,0,0,2,0,0,0,0,1,0,0,0,0,0,0,0,1,0,0,0,0,0,0,9,1,3,0,1,0,0,0,1,19,5,0,0,0,11,0,0,0,0,0,0,0,1,0,4,0,0,0,3,0,0,52,0,2,0,1,0,0,10,2,23,0,0,2,0,0,15,69,0,3,0,0,2,0,0,8,2,1,0,0,0,0,0,0,0,0,3,0,0,1,0,0,0,0,4,0,0,0,0,3,0,1,3,1,0,0,1,0,0,0,3,1,0,0,0,0,0,0,0,0,0,0,0,0,0,0,0,0,0,0,0,0,0,0,0,0,5,0,0,0,0,0,0,0,0,0,0,7,1,3,3,0,0,0,2,4,0,0,0,1,1,6,1,24,1,1,0,0,2,2,5,0,0,3,0,1,0,0,0,0,100,0,1,9,0,0,2,1,0,1,0,7,0,0,1,0,0,0,0,0,0,0,0,0,0,0,0,0,0,0,1,0,0,0,0,0,13,0,0,0,0,0,0,0,0,0,2,0,0,0,1,1,0,0,0,0,0,2,0,0,0,0,0,0,0,0,4,4,0,0,0,3,11,0,0,0,0,0,6,0,0,0,0,0,0,0,0,5,10,0,0,0,0,0
177,1287,OPET - ORGANIZACAO PARANAENSE DE ENSINO TECNICO,"AVENIDA GETULIO VARGAS, 902",REBOUÇAS,-25.44338439,-49.26907979,8,0,2795,2263,98,72,0,2,2,3,45,3,2,0,0,9,0,17,1,0,0,0,13,0,0,0,2,3,5,0,4,0,14,1,2,1,0,13,0,0,0,0,0,0,5,5,19,5,0,2,1,66,1,0,2,4,0,0,6,8,0,0,2,5,0,0,2,2,1,14,0,1,0,0,0,0,0,3,25,0,0,0,0,5,0,0,0,1,0,0,0,2,21,0,0,0,0,0,0,0,1,0,0,0,0,7,0,12,0,0,0,0,0,16,19,2,0,0,0,0,2,0,0,1,0,0,4,4,1,1,0,0,0,0,1,1,2,1,96,0,0,0,0,0,0,0,1,0,3,0,0,0,2,0,0,0,0,0,0,0,0,2,8,1,1,1,0,0,17,3,0,0,1,0,0,1,0,0,69,2,32,10,1,1,0,53,1,6,0,0,3,0,0,0,0,0,0,0,1,1,0,2,0,36,0,0,0,0,2,0,0,0,1,0,1,0,1,0,0,0,0,0,0,0,0,0,0,5,0,0,1,0,0,0,0,0,0,0,0,0,0,0,0,0,0,0,0,0,0,0,0,0,0,0,0,0,0,2,0,0,0,0,0,3,0,0,10,0,0,1,0,0,0,0,0,0,0,1,1,0,1,1,4,0,0,0,0,0,0,0,4,0,0,0,1,0,0,4,0,0,0,0,0,0,2,1,0,0,0,0,0,0,0,2,0,0,0,0,0,0,0,0,0,0,0,0,0,1,0,0,0,0,3,0,0,0,0,0,0,2,0,45,0,0,2,0,41,0,0,0,0,12,0,0,0,2,0,1,63,2,0,2,0,0,0,0,0,0,0,0,1,0,0,0,0,0,1,0,0,0,0,0,0,0,0,0,0,0,0,0,0,0,0,0,0,0,3,3,17,0,0,42,1,1,4,5,9,10,0,8,2,0,2,20,0,0,0,1,0,0,0,0,1,0,3,22,0,7,2,0,0,0,0,0,2,0,0,0,3,0,0,0,1,0,0,0,1,0,3,0,0,1,0,1,5,0,0,0,26,0,2,0,7,0,0,0,0,0,3,0,0,0,0,1,0,0,0,0,0,0,0,0,1,0,2,0,0,0,0,2,0,0,0,0,0,0,0,0,1,0,0,0,0,0,0,0,0,0,0,0,0,0,0,0,0,0,0,0,0,1,1,0,0,2,3,6,8,0,26,0,3,1,35,2,0,0,0,0,0,0,0,0,0,0,0,0,0,0,0,0,0,0,0,0,2,3,0,0,0,0,0,0,0,8,0,3,0,9,0,0,1,0,0,0,0,0,0,0,3,0,0,2,0,1,0,0,0,0,0,0,0,0,0,0,0,0,0,0,0,0,0,0,1,0,0,0,0,0,0,1,0,0,0,0,0,0,0,1,0,0,0,0,1,0,4,0,0,0,0,0,0,0,0,8,0,1,0,0,0,0,0,0,0,0,0,3,0,0,3,0,0,0,0,0,0,1,0,0,1,0,0,0,35,4,0,0,0,30,0,2,0,0,0,0,1,4,0,8,0,1,3,9,10,0,40,0,0,0,2,3,0,13,1,44,0,0,8,2,0,9,98,3,0,0,8,5,0,0,17,0,0,1,0,0,0,0,1,0,0,2,0,0,3,0,0,0,2,0,0,0,0,0,0,0,1,1,0,0,0,0,0,1,0,2,2,0,0,0,0,0,0,0,0,0,0,0,0,0,0,0,0,0,1,0,1,0,0,1,0,1,0,0,0,0,0,0,0,0,0,0,8,0,3,1,0,0,1,2,2,0,1,0,5,3,9,6,32,3,2,4,0,1,0,7,0,0,7,0,0,0,1,0,0,137,5,5,5,0,6,1,13,0,2,2,2,1,0,3,0,0,0,0,0,0,0,0,1,10,0,1,0,0,0,0,0,0,0,0,0,9,0,0,0,0,0,0,0,0,1,4,0,0,0,3,1,0,0,0,0,0,0,0,0,0,0,0,0,0,0,3,0,1,0,0,1,3,0,0,0,0,0,10,0,0,0,0,0,0,0,0,2,6,0,0,0,0,0
177,1309,ESCOLA ESTADUAL GUAIRA,RUA LAMENHA LINS 1962,REBOUÇAS,-25.45312038,-49.26944167,8,0,1608,1288,74,63,0,1,0,5,15,0,0,0,1,5,0,13,0,0,0,0,5,0,0,0,0,1,7,0,1,0,6,0,0,0,0,12,0,0,0,0,0,2,2,0,9,0,0,1,0,13,1,0,0,0,0,0,1,3,0,0,1,4,0,3,0,1,1,5,0,0,0,0,0,1,0,1,25,0,0,0,0,1,0,1,0,1,1,1,0,1,19,0,0,0,0,0,0,2,7,0,0,0,0,2,0,13,0,1,0,0,0,7,6,0,0,0,0,0,0,0,0,0,0,0,1,0,0,0,0,0,0,0,0,0,1,0,57,0,0,0,0,1,0,0,0,0,1,0,2,0,0,0,0,0,0,0,0,1,3,0,2,0,2,0,0,0,3,1,0,0,0,1,0,0,0,2,36,3,22,7,0,0,0,35,2,6,0,0,1,0,1,2,0,0,0,0,1,1,0,1,0,26,0,0,0,0,1,0,0,0,0,0,0,0,1,0,0,0,0,0,0,0,0,0,0,0,0,0,1,0,0,0,1,0,0,0,1,0,0,0,0,0,0,0,0,0,0,2,0,0,0,0,0,0,0,0,0,0,0,0,0,0,0,0,6,0,0,0,0,0,0,0,0,1,0,0,0,0,3,1,2,0,0,0,0,0,0,0,1,1,0,0,0,0,0,3,0,0,0,0,0,0,0,0,0,0,0,0,0,0,0,0,0,0,0,0,0,0,0,1,0,0,0,0,0,0,0,0,0,0,0,0,0,0,0,0,0,0,0,51,0,0,0,0,21,0,0,0,0,5,0,0,2,0,0,0,31,0,0,0,1,0,0,1,0,0,0,0,0,0,0,3,0,0,0,0,0,0,0,0,0,0,0,0,0,0,0,0,0,0,0,0,0,0,1,1,24,0,0,37,0,1,7,0,4,11,0,0,3,0,0,10,1,0,0,0,1,0,1,0,0,1,0,18,0,1,0,0,0,1,2,0,0,0,0,0,2,0,0,0,0,0,0,0,0,0,3,2,0,0,0,0,1,1,0,0,6,2,0,0,1,0,1,0,0,0,1,0,0,0,0,0,0,0,0,0,0,0,0,0,1,0,0,0,0,0,0,0,0,0,0,0,1,0,0,0,0,0,0,0,0,0,0,0,0,0,0,0,0,0,0,0,0,0,0,0,0,0,2,0,0,0,0,1,0,0,5,0,0,2,6,2,0,0,0,1,0,0,0,0,0,0,0,0,0,0,1,0,1,0,0,0,0,0,0,0,0,0,0,0,0,5,1,3,0,8,0,0,0,0,0,0,2,0,0,0,1,0,0,2,0,0,0,0,0,0,0,0,0,0,0,0,0,0,0,0,0,0,0,0,1,0,0,0,0,0,0,0,0,0,0,0,0,0,0,0,0,0,0,1,0,0,2,1,0,0,0,0,0,0,0,3,0,0,0,0,1,0,0,0,0,0,0,0,0,0,1,0,0,0,0,2,1,0,0,0,0,0,0,0,7,2,0,0,0,7,0,2,0,0,0,0,0,2,2,3,0,0,0,7,4,0,18,0,0,0,0,2,0,6,0,22,0,0,1,1,0,8,56,1,0,0,1,3,0,0,6,0,0,0,0,0,1,0,3,0,0,0,0,0,0,0,0,0,0,0,0,0,0,0,1,0,0,0,1,0,0,0,0,1,0,1,0,0,0,0,0,0,0,0,0,0,0,0,0,0,0,0,0,0,0,0,0,0,0,0,1,5,0,0,0,0,0,0,0,1,0,0,5,3,1,7,3,1,0,0,3,0,0,0,0,1,6,1,17,1,0,0,0,1,0,4,0,0,4,0,0,0,0,0,0,59,2,3,8,0,4,1,3,0,3,1,2,1,0,0,0,1,2,0,0,0,0,1,1,0,0,2,0,0,0,0,0,0,0,0,0,7,0,0,0,0,0,0,1,0,0,1,0,0,0,1,1,0,0,0,0,0,1,0,0,0,0,0,0,0,0,0,0,0,0,0,3,14,0,0,0,0,0,10,0,0,0,0,0,0,0,0,1,5,0,0,1,2,0
177,1317,UNICURITIBA (CENTRO UNIVERSITÁRIO CURITIBA),"RUA CHILE, 1678",REBOUÇAS,-25.45041763,-49.26517144,8,0,3698,2902,168,109,0,2,4,12,48,1,4,0,1,8,2,27,0,1,0,0,19,0,0,1,2,5,13,5,3,0,11,1,0,1,0,16,0,0,2,0,0,3,11,2,4,2,0,0,0,37,3,0,1,3,3,0,3,14,0,0,0,8,0,1,4,1,1,11,0,0,0,0,0,0,0,2,52,1,0,0,0,7,0,0,0,0,0,3,0,0,22,1,0,0,1,0,0,1,4,0,1,2,0,9,0,25,0,0,0,3,1,19,18,0,0,0,0,0,4,0,0,0,0,2,1,5,0,0,0,0,4,0,5,1,0,2,97,0,0,0,1,0,0,1,0,1,7,1,4,0,0,0,0,0,0,0,0,0,0,3,11,0,9,0,0,0,16,1,0,0,1,2,0,1,1,0,74,4,52,17,1,1,0,56,2,3,1,2,2,2,0,6,0,1,0,0,0,2,0,2,0,46,0,1,1,0,1,0,0,0,1,1,0,0,0,0,0,0,0,0,0,0,1,0,0,5,0,0,2,0,0,0,8,0,0,0,1,0,0,0,1,2,2,0,0,2,0,2,0,0,0,1,0,0,0,0,0,0,0,0,1,3,0,0,17,0,0,0,0,0,0,0,4,2,1,6,2,0,3,0,7,0,0,2,0,0,0,0,9,0,0,0,0,0,0,1,0,0,0,0,0,0,0,0,1,0,0,0,0,0,0,0,0,0,0,0,1,0,0,0,0,0,0,0,0,0,3,0,0,0,1,0,0,0,0,0,1,0,0,49,0,0,4,1,58,0,0,0,0,10,0,0,5,2,0,0,56,2,0,1,1,0,0,1,0,0,0,0,0,0,0,1,0,1,0,0,0,0,0,0,0,0,0,0,0,0,0,0,0,0,0,0,0,0,3,5,28,0,0,57,0,0,5,3,25,7,0,6,10,0,0,30,1,1,2,4,1,0,0,0,0,0,0,23,0,7,3,0,0,0,0,0,1,0,0,0,1,1,1,0,0,0,0,0,0,1,8,0,2,2,0,0,0,7,0,0,32,1,0,0,5,0,0,0,0,0,0,0,0,0,0,0,0,0,0,0,0,0,0,0,7,0,1,0,0,0,0,0,0,0,0,0,0,0,1,0,0,0,0,0,0,0,0,0,0,1,0,0,0,0,0,0,0,0,0,0,0,0,1,5,1,1,0,3,3,0,56,0,1,2,26,0,1,0,1,3,0,0,0,0,0,0,0,3,0,0,4,0,0,0,0,0,0,1,0,0,0,1,0,0,0,7,0,5,0,2,0,0,1,2,0,1,3,0,0,0,0,0,0,1,0,0,0,0,0,0,0,0,0,0,0,0,0,3,0,0,0,1,0,0,0,1,0,0,0,0,0,0,0,0,0,0,0,0,2,0,0,0,0,0,0,0,3,1,0,0,2,0,2,0,0,1,0,0,0,0,4,0,2,0,0,0,0,0,0,0,4,0,0,0,0,2,1,5,0,0,0,0,0,0,28,5,0,0,0,35,0,0,2,0,0,0,1,5,0,10,0,2,4,20,5,0,98,0,0,0,1,2,0,13,0,51,0,1,0,1,0,21,137,5,6,1,1,2,0,0,18,1,0,0,0,0,0,0,1,5,0,4,0,0,0,0,0,0,4,1,0,0,0,1,3,0,1,4,0,0,0,2,0,0,0,12,4,0,0,0,2,0,0,0,2,0,0,0,0,0,0,0,0,0,1,0,0,0,0,0,1,0,0,0,0,1,0,0,0,0,0,0,14,4,3,9,8,1,0,3,4,0,5,0,1,2,20,3,35,1,1,1,0,0,0,10,0,0,0,0,0,0,0,0,0,163,0,7,7,0,7,1,3,0,1,1,3,4,0,0,0,0,0,1,0,0,0,1,2,3,0,1,0,0,0,1,0,0,0,1,0,22,0,0,0,0,0,0,1,0,0,5,0,0,1,6,3,0,0,0,2,0,7,0,0,0,0,0,1,0,0,0,2,1,0,0,5,8,0,1,0,0,0,13,0,0,0,0,0,0,0,0,1,9,0,0,0,1,0
177,1333,ESCOLA MUNICIPAL DESEMBARGADOR MARCAL JUSTEN,RUA SANTA CATARINA  710,ÁGUA VERDE,-25.46327505,-49.28299252,9,0,3528,2925,115,101,0,2,1,8,50,1,4,0,0,5,0,29,0,2,0,0,30,0,3,0,2,2,12,1,1,0,8,1,2,1,0,21,2,0,1,1,1,2,11,1,22,7,0,2,1,26,0,0,0,0,0,0,2,4,0,0,3,14,0,5,10,4,0,18,1,0,0,0,0,1,0,1,42,1,0,0,0,10,0,1,0,2,0,0,0,0,17,0,0,0,0,0,3,0,3,0,1,0,0,12,0,21,0,1,0,1,0,11,14,0,0,0,0,0,2,0,0,1,0,0,4,3,0,0,0,0,0,0,5,1,0,2,152,0,0,0,0,0,0,0,0,0,7,0,3,0,1,0,0,0,0,0,0,0,0,0,12,0,4,0,0,1,18,0,1,2,3,0,2,0,0,1,86,6,46,11,1,1,0,50,2,2,2,0,3,0,0,0,2,1,1,1,0,0,0,1,2,63,0,0,1,0,0,0,0,0,0,0,0,0,2,6,0,1,0,0,0,0,0,0,0,2,2,0,1,0,0,0,0,0,0,0,0,1,0,0,0,0,0,0,0,3,0,0,0,0,0,1,1,0,0,0,0,0,0,0,1,2,0,0,12,0,0,0,0,0,0,0,0,1,0,2,0,1,4,1,9,0,1,0,0,0,0,0,6,9,0,0,0,2,0,5,0,0,0,0,0,0,0,0,0,0,0,0,0,0,0,3,0,2,0,0,0,0,0,1,0,0,0,1,0,0,0,0,0,0,1,2,0,1,0,0,2,0,0,48,1,0,3,0,54,1,0,0,0,9,0,0,1,2,0,0,95,5,0,0,0,0,0,3,0,0,0,0,2,0,0,0,0,1,0,2,0,0,0,0,0,0,0,0,0,0,0,0,0,0,0,0,0,0,4,4,27,1,0,101,0,0,6,7,8,9,0,8,4,0,0,37,1,0,0,3,2,2,0,0,0,0,0,28,0,12,0,1,0,1,1,0,3,0,0,0,3,1,0,0,0,0,2,0,0,0,8,0,0,2,0,0,1,1,0,0,27,0,0,0,4,0,0,0,0,0,2,0,0,0,0,0,0,0,0,0,0,3,0,0,2,0,0,0,0,0,0,0,0,0,0,0,0,0,2,0,0,0,0,0,0,0,0,0,2,0,0,0,0,0,0,0,0,0,0,2,0,0,5,2,1,3,0,5,11,0,52,2,6,1,31,3,1,0,0,1,0,0,0,0,0,0,0,0,1,0,3,0,0,0,0,0,0,0,0,0,0,0,0,0,1,12,1,3,0,10,0,0,4,0,0,0,0,0,0,0,0,0,0,8,0,0,0,0,0,0,0,0,0,0,0,0,0,0,1,0,0,1,0,0,0,1,0,0,0,0,0,0,0,0,0,0,0,0,0,0,0,0,0,0,0,0,0,0,0,0,3,0,0,0,0,2,0,0,1,0,1,0,1,0,0,0,0,0,1,0,3,0,0,0,0,4,3,2,0,0,0,0,1,0,38,6,1,0,0,45,0,1,1,0,0,0,1,8,0,7,0,0,3,8,10,1,41,0,2,0,1,6,0,11,0,40,0,1,0,1,0,10,141,3,2,1,1,0,0,0,22,0,0,0,0,0,0,0,0,0,0,5,0,0,0,0,0,0,2,1,0,0,0,0,3,0,1,2,0,0,0,0,0,0,1,3,3,1,0,0,0,0,0,0,0,0,1,0,0,0,0,0,0,0,2,0,0,0,0,0,0,3,0,0,0,0,0,0,0,0,0,2,6,10,2,10,5,1,0,6,2,0,4,0,4,14,16,1,20,1,2,0,0,0,2,5,0,0,2,0,0,0,1,0,1,210,7,2,7,2,7,0,9,0,3,1,7,2,1,1,0,0,0,0,1,0,0,1,5,3,0,0,0,0,0,5,0,0,0,0,0,12,0,0,0,0,0,0,0,0,0,3,0,0,0,14,1,0,0,0,0,0,0,0,0,0,0,1,0,0,0,0,1,0,0,2,4,2,0,0,0,0,0,14,0,0,0,0,0,1,0,0,0,5,0,0,0,3,1
177,1341,COLÉGIO STELLA MARIS (AGUA VERDE),"RUA PARÁ, 186",ÁGUA VERDE,-25.46248566,-49.27846939,9,0,1816,1514,89,56,0,1,1,8,25,1,0,0,0,1,0,13,1,0,0,0,16,0,0,0,0,2,0,3,7,0,8,0,0,0,0,15,0,0,0,0,0,0,7,3,4,3,0,0,0,13,0,1,0,0,0,0,0,7,0,0,1,0,0,0,0,0,0,13,0,1,0,0,0,0,0,1,17,0,0,0,1,11,0,0,0,0,0,0,0,0,8,0,0,0,0,0,1,0,0,1,1,0,0,4,0,9,0,0,0,0,0,12,6,0,2,0,0,0,0,0,0,1,0,0,1,3,1,0,0,0,0,0,3,0,0,3,82,0,0,0,0,0,0,0,0,1,4,2,1,0,0,0,0,0,0,0,0,0,0,1,5,0,11,1,0,0,2,0,0,0,2,0,0,1,0,0,36,3,17,1,0,0,0,33,0,3,0,0,0,0,1,0,0,0,0,0,2,0,1,1,0,29,0,0,0,0,0,0,0,0,0,0,0,0,0,0,0,0,0,0,0,0,0,0,0,1,0,0,2,0,1,1,1,0,0,0,1,0,0,0,0,0,0,0,0,0,0,0,0,1,0,0,0,0,0,1,0,0,0,0,0,0,0,0,5,0,0,2,0,0,0,0,0,0,0,2,0,0,2,1,5,0,0,0,0,0,0,0,1,1,0,0,0,0,2,1,0,0,0,0,0,0,0,0,0,0,0,0,0,0,0,2,0,0,0,0,0,0,0,1,0,0,0,0,0,0,0,0,0,0,1,0,0,0,0,0,0,0,0,28,0,0,0,0,27,0,0,0,0,5,0,0,0,0,0,0,43,1,0,0,0,0,0,0,0,0,0,0,0,0,0,2,0,0,0,0,0,1,1,0,0,0,0,0,0,0,0,0,0,0,0,0,0,0,0,5,7,0,1,58,0,0,3,8,7,5,0,7,5,0,0,14,2,0,0,0,0,1,0,0,0,0,0,21,2,0,0,0,0,0,1,0,0,0,0,0,1,0,1,0,0,1,0,0,0,0,0,1,0,0,0,0,5,3,0,0,11,1,0,0,2,0,1,0,0,0,2,0,0,0,0,0,0,0,0,1,0,0,0,0,1,0,0,0,0,0,0,1,0,0,0,0,0,0,0,0,0,0,0,0,0,0,0,0,0,1,0,0,0,0,0,0,0,0,0,0,0,0,2,3,0,0,0,1,1,0,27,0,7,1,19,2,2,0,0,0,0,0,0,0,0,0,0,0,0,0,3,0,0,1,0,0,0,0,0,0,0,0,0,0,0,6,0,2,0,9,0,0,1,0,1,0,0,0,0,0,0,0,0,4,0,0,0,0,0,0,0,0,0,0,0,0,0,0,0,0,0,0,0,0,0,0,0,0,2,0,0,0,0,0,0,0,0,0,0,0,0,0,0,0,0,0,1,0,0,0,1,0,0,0,0,2,0,1,0,0,0,0,2,0,0,0,0,0,2,0,3,0,0,0,0,1,2,2,0,0,0,1,0,0,12,1,0,2,0,19,0,5,0,0,0,0,0,2,0,0,0,0,1,5,2,0,28,0,0,0,0,2,0,2,0,31,0,0,0,2,0,5,52,0,0,0,0,0,0,0,14,0,0,0,0,0,0,0,0,0,0,2,0,0,1,0,0,0,1,0,0,0,0,0,1,0,0,2,0,0,0,0,0,0,0,2,1,0,0,0,0,0,0,0,0,0,0,0,0,0,0,0,0,0,0,0,0,0,0,0,0,0,0,0,0,0,0,0,0,0,0,0,7,1,3,10,1,0,4,0,2,1,0,0,3,3,11,1,20,3,1,0,0,0,1,0,1,0,1,0,1,0,2,0,1,119,1,5,8,0,1,2,6,0,1,0,4,0,0,0,0,1,0,0,0,0,0,0,0,4,0,1,0,0,0,0,0,0,0,0,0,6,0,0,0,0,0,0,0,0,0,0,0,0,0,5,0,0,0,0,0,0,0,0,0,0,0,0,0,0,0,0,0,0,0,0,4,3,0,0,0,0,0,2,0,0,0,0,0,0,0,0,0,5,0,0,0,2,0
177,1350,ESCOLA ESTADUAL PROFESSOR LYSIMACO FERREIRA DA COSTA,AVENIDA IGUACU    3012,ÁGUA VERDE,-25.44967343,-49.29047436,9,0,5219,4290,161,139,0,0,7,12,49,1,2,0,3,4,0,44,2,1,0,0,50,0,0,2,1,3,18,3,3,0,22,1,1,2,0,45,0,0,1,0,2,7,5,1,15,6,0,5,1,15,5,2,0,1,2,0,3,27,1,0,4,5,0,2,4,0,4,44,0,0,0,0,0,1,0,4,44,0,0,0,1,31,0,1,0,0,0,3,1,0,67,0,0,0,0,0,3,2,11,0,0,0,1,14,0,21,0,0,1,2,0,44,14,1,0,0,0,0,1,0,0,1,0,1,9,11,0,0,0,0,3,0,20,1,1,4,195,0,0,1,0,0,0,0,3,0,3,0,4,0,2,0,0,0,0,1,0,1,0,0,12,0,3,0,0,0,23,1,2,0,2,0,3,0,0,0,132,5,54,10,0,1,0,66,2,8,0,0,2,0,0,0,0,1,0,2,0,4,0,1,0,38,0,0,0,0,0,0,0,0,0,0,0,0,1,2,0,0,0,0,0,0,0,0,0,2,0,0,0,0,0,0,8,0,0,0,2,0,0,0,0,2,2,0,0,0,0,3,0,1,0,0,0,0,0,0,0,0,0,0,1,7,0,0,6,0,0,0,1,0,0,0,1,6,0,8,0,0,3,5,18,0,0,0,0,0,0,0,1,3,0,0,0,0,0,2,0,0,0,1,0,0,0,2,0,1,0,0,1,1,1,0,0,0,0,0,0,0,0,2,0,0,1,0,0,0,0,0,0,0,1,0,0,0,0,0,0,1,0,76,0,0,1,0,73,0,0,0,0,18,0,0,2,0,0,0,138,3,0,0,0,0,0,2,0,0,2,0,4,0,0,1,0,0,0,0,0,2,0,0,0,0,0,0,0,0,0,0,0,0,0,0,0,0,9,7,46,0,0,135,0,0,7,5,33,14,0,11,3,0,0,26,4,2,0,9,4,2,0,1,0,3,0,22,1,12,2,0,1,3,2,0,5,0,0,0,2,0,0,0,0,0,0,0,0,0,6,1,1,1,0,1,4,1,3,0,34,1,2,0,10,0,1,0,0,0,0,0,0,0,0,0,0,0,0,0,0,1,0,0,3,0,0,0,0,0,0,0,0,0,0,0,0,0,1,0,2,0,0,0,0,0,0,0,0,0,0,0,0,0,0,0,0,0,0,1,0,0,9,6,1,5,1,10,8,2,88,0,18,1,84,10,0,0,0,13,0,0,0,0,1,0,0,5,0,0,2,0,0,0,0,0,0,0,0,0,0,0,0,0,0,6,0,5,0,5,0,1,2,0,0,0,0,0,0,0,0,0,0,6,0,0,0,0,0,0,0,0,0,0,0,0,0,0,0,0,0,0,0,0,0,0,0,0,0,1,0,0,0,0,0,0,0,0,3,1,0,0,1,0,1,0,4,0,0,0,1,0,1,0,1,0,0,0,0,0,2,0,1,0,0,0,0,0,5,0,6,0,0,1,0,3,2,2,0,0,0,1,0,0,71,9,0,1,1,56,0,2,1,1,0,0,6,7,0,15,0,0,14,17,4,0,67,0,1,0,1,2,0,17,2,65,0,0,4,1,0,12,327,6,2,0,0,2,0,0,35,0,0,0,0,1,0,1,1,0,0,14,0,0,0,0,0,0,2,3,0,0,0,0,5,0,2,0,0,0,1,0,0,0,0,3,5,1,0,0,0,0,1,0,1,0,0,0,1,0,0,0,0,0,2,0,0,0,0,4,0,2,0,0,0,0,0,0,0,0,0,0,13,5,6,19,4,0,4,0,5,2,7,0,14,6,26,2,61,8,1,2,0,0,1,14,0,0,10,0,6,0,1,0,2,299,0,5,14,0,13,2,16,0,6,3,4,2,0,6,0,0,0,4,0,1,2,1,0,6,0,3,0,0,0,1,0,0,0,0,0,16,0,1,0,0,1,0,0,1,0,4,0,0,0,2,0,0,0,0,0,0,1,0,0,0,0,2,1,0,0,2,1,1,1,0,0,4,0,0,0,0,0,5,0,0,0,0,0,0,0,0,0,6,0,0,0,6,0
177,1368,COLEGIO SAGRADO CORACAO DE JESUS,AVENIDA IGUACU  1550,ÁGUA VERDE,-25.44473452,-49.27669345,9,0,6603,5304,232,155,0,3,6,14,53,1,8,0,0,11,0,47,1,0,0,0,67,1,1,1,1,4,14,1,4,0,43,0,2,3,0,32,2,0,0,0,0,3,6,0,14,16,0,0,0,23,3,0,0,0,0,0,4,29,0,0,5,7,0,3,10,2,0,56,0,0,0,1,0,8,1,1,59,1,0,0,2,19,0,0,0,1,3,2,0,0,46,0,0,1,0,1,3,2,10,3,0,1,0,17,0,39,0,0,0,1,0,48,25,2,0,0,0,0,2,0,0,1,0,1,15,7,2,0,0,0,1,1,9,0,0,5,244,0,0,0,0,2,0,0,2,3,6,0,6,2,1,0,0,3,0,1,0,0,0,4,20,0,6,0,0,3,14,2,0,1,2,0,1,0,0,0,144,6,58,13,0,0,0,105,2,7,1,1,3,2,0,0,2,0,1,0,0,3,0,1,5,72,0,1,0,0,0,0,0,0,0,0,0,0,1,4,0,0,0,0,0,0,0,0,0,1,0,2,1,0,0,0,2,0,1,0,0,0,0,0,0,0,2,0,1,0,0,3,0,2,2,1,0,0,0,0,0,4,0,0,1,3,0,0,12,0,5,0,0,0,0,0,1,2,0,7,0,1,6,1,25,0,1,1,1,0,0,0,7,0,0,0,0,0,0,2,0,0,0,0,0,0,0,3,1,0,0,0,1,0,1,3,0,0,0,0,0,0,0,0,0,0,0,0,0,0,1,0,0,0,3,0,0,0,0,0,0,1,0,94,1,0,2,1,116,0,0,1,3,24,0,0,3,2,0,0,188,1,0,3,0,0,0,4,0,0,1,0,1,0,0,4,0,0,0,0,0,1,0,0,0,0,0,0,1,0,0,0,0,0,1,2,0,0,16,9,73,0,1,153,1,1,9,12,37,28,0,12,4,0,1,44,5,1,0,3,3,0,0,1,0,6,0,31,2,18,5,0,2,2,1,0,2,0,2,2,8,0,0,0,1,0,0,0,0,1,18,3,2,1,0,0,6,5,0,0,60,1,3,0,10,0,0,0,0,0,1,0,0,0,0,0,0,1,0,0,0,0,0,0,2,0,0,0,0,0,0,0,4,0,0,0,0,0,3,0,0,0,0,0,0,0,0,0,0,0,0,0,0,0,0,0,0,0,0,1,0,1,12,12,2,7,1,4,7,1,85,0,15,5,90,25,1,0,0,8,0,0,0,0,0,0,0,2,1,0,3,0,0,0,0,0,2,0,0,4,0,0,4,0,1,17,0,6,0,7,0,0,2,0,1,0,0,0,0,0,1,0,1,7,0,0,0,0,0,0,0,0,0,0,0,0,0,0,5,0,0,0,0,0,0,1,0,0,0,0,0,0,0,0,0,0,0,0,0,0,0,0,0,0,0,1,1,0,0,0,1,0,3,0,4,5,1,0,1,0,2,0,3,0,0,0,0,0,1,0,8,0,0,0,0,16,2,12,0,0,0,0,0,0,90,9,0,1,0,72,0,4,2,0,0,0,0,7,4,16,0,0,17,10,6,0,78,0,2,0,0,16,0,16,2,94,0,0,4,4,0,17,318,4,1,0,1,3,0,0,38,0,0,0,0,3,0,1,3,2,0,12,0,0,0,1,0,0,4,10,0,0,0,0,2,0,0,3,2,3,0,0,0,0,0,10,6,0,0,2,0,0,3,0,0,0,0,0,0,0,0,0,0,0,5,0,0,0,0,8,1,3,3,0,0,0,0,0,0,0,0,0,10,11,7,16,3,0,2,1,1,0,10,0,11,9,32,1,81,9,8,2,0,2,0,21,0,0,8,0,1,0,0,0,3,339,6,5,30,5,26,4,17,0,8,2,5,6,1,4,0,0,1,7,0,0,0,0,5,7,0,2,0,0,0,1,0,0,0,0,0,20,0,0,0,0,0,1,0,1,0,1,0,0,1,11,0,0,0,0,0,2,0,0,0,0,0,1,2,0,0,0,0,0,0,0,2,5,3,2,0,0,0,17,0,0,0,0,0,0,0,0,1,9,0,0,0,2,0
177,1384,ESCOLA ESTADUAL BARAO DO RIO BRANCO,RUA BRIGADEIRO FRANCO   2532,ÁGUA VERDE,-25.44247767,-49.27634705,9,0,2479,1975,93,51,0,2,3,5,33,1,0,0,0,0,1,24,1,0,0,0,31,0,0,0,2,1,5,2,5,0,5,0,0,1,0,19,0,0,0,0,0,3,7,7,7,2,0,0,0,17,0,0,0,0,1,1,0,6,0,0,2,4,0,2,3,0,1,14,0,0,0,1,0,0,0,0,13,0,0,0,0,10,1,2,0,0,0,1,0,0,27,0,0,0,0,0,0,0,1,0,0,0,0,11,0,11,0,0,0,0,0,14,9,0,0,0,0,0,0,0,0,0,0,0,3,1,3,0,0,0,1,0,4,2,3,3,81,1,1,0,0,0,0,0,0,1,2,0,1,0,1,0,0,0,0,2,0,0,0,0,20,0,3,0,0,0,11,0,0,0,0,1,4,0,0,0,70,4,33,6,2,0,0,37,0,3,0,1,0,0,0,0,0,0,0,0,3,1,0,0,2,22,0,0,2,0,0,0,0,0,0,0,0,0,1,0,0,0,0,0,0,0,0,0,0,1,0,0,0,0,2,0,1,0,0,0,0,1,0,0,0,0,0,0,1,0,0,0,0,1,0,0,0,0,0,0,0,5,0,1,0,0,0,0,10,0,0,0,0,0,0,1,0,5,0,3,0,0,0,3,5,0,0,0,0,0,0,0,0,1,0,0,0,0,0,1,0,0,0,0,0,0,0,0,0,0,0,0,0,0,0,0,0,0,0,0,0,0,0,5,0,0,0,0,0,0,0,0,0,0,4,0,0,0,0,0,0,0,0,33,0,0,0,0,17,0,0,0,0,10,0,1,4,0,0,0,59,1,0,1,0,0,0,0,0,0,0,0,0,0,0,0,0,0,0,0,0,0,0,0,0,0,0,0,0,0,0,0,0,0,0,1,0,0,6,3,15,1,3,37,2,1,1,4,9,14,0,13,1,0,0,14,0,0,1,7,0,1,0,0,0,1,0,15,0,4,1,0,0,2,0,0,1,0,1,0,1,0,1,0,1,0,0,0,0,0,5,2,0,0,0,0,1,2,0,0,11,1,0,0,3,1,0,0,0,0,0,0,0,0,0,0,0,0,0,0,0,0,0,0,0,0,0,0,0,0,0,0,0,0,1,0,0,0,1,0,0,0,0,0,0,0,0,0,1,0,0,0,0,0,0,0,0,0,0,0,0,0,8,0,2,0,1,1,3,0,27,0,2,2,41,5,0,0,0,2,0,0,0,0,0,1,0,0,0,0,0,0,0,0,0,0,0,0,4,0,0,0,0,0,2,3,0,3,0,3,0,0,0,0,0,0,0,0,0,0,0,0,0,5,0,0,0,0,0,0,0,0,0,0,0,0,0,0,4,0,0,0,0,0,1,0,0,0,0,2,0,0,0,0,0,0,0,0,0,0,0,0,0,0,0,0,0,0,0,0,1,0,1,0,0,1,0,0,1,0,3,0,1,0,0,0,0,0,0,0,6,0,0,0,0,2,0,1,0,1,0,0,0,0,42,4,0,0,0,32,0,1,0,0,0,0,0,4,0,11,0,1,3,7,2,0,32,0,0,0,1,4,0,11,0,30,1,0,1,0,0,8,101,2,0,1,1,1,1,0,12,0,0,0,0,0,0,0,0,0,0,7,0,0,1,0,0,0,2,2,0,0,0,0,2,0,0,0,0,0,0,0,0,1,2,3,1,0,0,0,1,0,0,0,0,0,0,0,0,0,0,0,0,0,0,0,0,0,0,2,0,0,1,0,0,0,0,0,0,0,0,2,7,1,2,9,3,0,2,0,2,0,1,0,4,3,23,0,23,1,0,1,0,0,0,4,0,0,2,0,0,0,2,0,0,152,3,7,12,0,5,1,12,0,2,0,0,1,0,1,0,0,0,3,0,0,1,0,1,2,0,0,0,0,0,2,0,0,0,0,0,10,0,0,0,0,0,0,0,0,0,0,0,0,0,4,0,0,0,0,0,0,1,0,0,0,0,0,0,0,0,0,0,0,0,0,1,6,0,1,0,0,0,5,0,0,0,0,0,0,0,0,0,1,0,0,0,2,1
177,1406,ESCOLA ESTADUAL JOAO TURIN,RUA ALMIRANTE GONCALVES  2800,ÁGUA VERDE,-25.45234795,-49.27892789,9,0,3334,2755,129,95,0,1,2,10,34,2,3,1,2,6,2,27,0,0,0,0,19,0,0,0,0,4,7,2,2,0,11,1,0,0,0,30,2,0,0,0,1,1,7,1,25,1,0,0,0,17,1,0,0,1,0,0,3,6,0,0,3,5,5,4,2,1,0,22,1,1,0,2,0,0,0,2,42,4,0,0,0,9,0,4,1,4,0,4,1,3,14,0,0,0,1,0,0,1,5,0,0,0,0,4,0,17,0,0,0,1,0,22,12,0,0,0,0,0,1,0,0,0,0,0,1,3,0,0,0,0,1,2,1,2,1,2,158,1,0,0,1,0,0,0,0,0,6,0,0,0,0,0,0,0,0,0,1,0,0,0,9,0,9,1,0,0,5,0,0,0,1,4,0,2,1,0,69,2,46,7,0,1,0,64,2,3,0,0,1,1,0,2,0,0,0,0,1,4,1,1,0,55,0,0,0,0,0,0,0,0,0,0,0,0,0,0,0,0,0,0,0,0,1,0,0,11,0,0,2,0,0,1,4,0,0,0,0,0,0,0,0,0,0,0,0,0,0,0,0,0,0,0,0,0,0,0,0,0,0,0,0,0,0,0,5,0,0,0,0,0,0,0,0,3,0,4,0,1,9,2,8,0,0,0,0,0,0,0,0,0,0,0,0,0,0,0,0,0,0,0,0,0,0,0,0,0,0,0,1,1,0,1,0,0,0,0,0,0,0,1,0,0,0,0,0,0,0,0,0,1,1,0,0,0,0,0,3,0,0,59,0,0,0,0,51,0,0,0,0,8,0,1,5,0,0,0,72,1,0,1,0,0,0,0,0,1,0,0,0,0,0,0,0,0,0,0,0,0,0,0,0,0,0,0,0,0,0,0,0,0,0,0,0,0,10,1,26,0,0,80,0,1,4,5,13,7,0,4,6,0,1,25,2,0,1,9,0,0,0,0,0,1,0,48,0,4,1,3,1,1,3,0,0,0,0,0,0,0,0,0,0,0,0,0,0,0,10,3,0,0,0,0,1,7,1,0,32,0,0,0,6,1,0,0,0,0,2,0,0,0,0,0,0,1,0,0,0,3,0,0,2,0,0,0,0,0,1,0,0,0,2,0,0,0,0,0,0,0,0,0,0,0,0,0,0,0,0,0,0,0,0,0,0,0,0,2,0,0,4,0,1,2,2,5,2,3,36,0,3,1,20,5,0,0,0,2,0,0,0,0,0,0,0,4,0,0,3,0,0,0,0,1,1,0,0,0,0,0,1,0,0,3,0,4,0,4,0,0,5,0,0,0,0,0,0,0,0,0,0,4,0,0,0,0,0,0,3,0,0,0,0,0,0,1,0,0,0,1,0,0,0,0,0,0,0,1,0,0,0,0,0,0,0,0,0,0,0,0,0,0,0,0,3,0,0,0,1,0,0,0,0,3,0,0,0,0,0,0,1,0,0,0,0,0,0,0,5,0,0,0,0,3,0,5,0,0,0,0,0,0,35,6,0,0,0,31,0,0,0,0,0,0,4,3,1,8,0,0,1,6,3,0,57,0,0,0,2,3,0,6,0,49,0,0,1,1,0,12,155,3,1,0,1,2,0,0,21,1,0,0,1,0,1,1,4,0,0,7,0,0,1,0,0,0,0,0,0,1,0,0,1,0,0,0,1,0,0,1,0,1,0,3,0,1,0,2,0,0,0,0,0,0,0,0,0,0,0,0,0,1,2,0,0,0,0,0,1,3,1,0,0,0,0,0,0,0,0,1,6,8,2,6,4,0,0,3,3,0,4,0,6,3,9,2,16,19,3,2,0,0,0,6,2,0,4,0,0,0,1,0,0,207,1,3,15,1,6,6,11,0,3,4,11,2,0,2,0,0,0,1,0,0,0,0,2,2,0,0,0,0,1,1,0,0,0,0,0,4,0,1,1,0,0,1,0,0,0,6,0,0,1,6,0,0,0,0,3,0,1,0,0,0,0,0,3,0,0,1,0,0,0,0,0,11,0,0,1,0,0,14,0,0,0,0,0,0,0,0,1,3,0,0,0,2,0
177,1430,COLÉGIO POSITIVO (ÁGUA VERDE),"RUA PEDRO MENA BARRETO MONCLARO, 411",ÁGUA VERDE,-25.44987525,-49.27470485,9,0,3294,2765,129,91,0,1,4,9,25,2,3,0,0,5,2,38,0,0,0,0,29,0,2,0,2,1,6,1,2,1,12,0,0,0,0,43,0,0,0,0,0,3,9,1,12,4,0,0,0,16,4,0,0,0,1,0,9,12,0,0,0,2,0,2,1,0,0,18,0,0,0,0,0,3,0,2,29,0,0,0,0,5,0,1,0,0,2,1,0,0,23,0,0,0,0,0,0,0,3,0,0,0,0,10,0,22,1,0,0,1,0,27,19,0,0,0,0,0,1,0,0,1,0,0,9,6,0,0,0,0,0,0,0,0,1,2,149,1,0,0,0,1,0,0,0,0,4,0,2,0,1,0,0,0,0,1,0,0,1,0,12,0,6,0,0,1,7,0,0,2,1,0,0,1,0,0,69,2,38,3,1,1,2,50,3,5,1,0,0,0,0,0,0,1,0,0,0,0,0,0,2,44,0,0,0,0,0,0,0,0,0,1,0,0,0,0,0,0,0,0,0,0,1,0,0,7,0,0,0,0,0,0,1,0,0,1,1,0,0,0,0,0,0,0,0,0,0,4,0,0,0,0,0,0,0,0,0,1,0,0,0,1,0,0,3,0,0,0,0,0,0,0,0,1,1,0,0,0,1,1,5,0,0,0,0,0,0,0,6,6,0,0,0,0,0,3,0,0,0,0,0,0,1,0,0,0,0,0,0,0,1,3,0,0,0,0,0,0,0,2,0,0,0,0,0,0,1,0,0,0,2,0,0,0,0,0,3,0,0,70,1,2,1,0,58,0,0,0,0,13,0,1,3,0,0,0,65,1,0,0,0,0,0,0,0,0,0,0,0,0,0,0,0,0,0,0,0,0,0,0,0,0,0,0,0,0,0,0,0,0,0,1,0,0,3,6,42,0,0,88,0,0,1,3,15,12,0,12,5,0,0,21,1,0,0,6,0,0,0,0,0,1,2,52,0,5,5,0,0,1,5,0,1,0,0,0,2,0,2,0,4,0,0,0,0,0,7,0,0,0,0,1,2,1,0,0,26,1,1,0,9,0,1,0,0,0,0,0,0,0,0,0,0,0,0,0,0,2,0,0,1,0,0,0,0,0,0,0,0,0,0,0,0,0,1,1,0,0,0,0,0,0,0,0,0,0,0,0,1,0,0,0,0,0,0,1,0,0,4,1,0,3,0,8,6,0,33,1,4,1,39,1,1,0,0,4,0,0,0,0,0,0,0,0,2,0,2,0,0,0,0,0,0,0,0,0,0,0,0,0,0,5,0,3,0,7,0,0,1,0,2,0,2,0,0,0,2,0,0,13,0,0,0,0,0,0,0,0,0,0,0,0,0,0,1,0,0,0,0,0,1,0,0,0,0,0,0,0,0,0,0,0,0,0,0,0,0,1,0,0,0,3,2,0,0,0,1,0,1,0,1,1,2,0,0,0,2,0,1,0,0,0,0,1,0,0,1,0,0,1,0,2,1,3,0,0,0,0,1,0,61,6,1,1,0,53,0,1,0,0,0,0,0,4,4,9,0,0,3,10,6,0,66,0,2,0,5,2,0,10,0,51,0,0,0,0,0,7,139,2,7,0,2,0,0,0,14,0,0,0,0,0,1,0,0,0,0,3,0,0,0,0,0,0,0,3,1,0,0,0,2,0,0,1,1,0,1,0,0,0,0,6,4,0,0,0,0,1,0,0,0,0,0,0,0,0,0,0,0,2,0,0,1,0,0,0,0,4,0,0,0,0,0,0,0,0,0,0,6,3,2,10,1,0,0,4,2,0,3,0,0,6,11,5,34,2,5,0,0,0,0,5,0,0,0,0,3,0,5,0,0,163,4,2,8,1,7,7,14,0,1,0,4,2,0,1,0,0,0,0,0,0,0,1,0,2,0,2,0,0,0,2,0,0,0,0,1,8,0,2,0,0,0,0,0,0,0,2,0,0,0,6,0,0,0,0,0,1,1,1,0,0,0,0,0,0,0,0,0,0,0,1,3,10,0,3,0,0,0,16,0,0,0,0,0,0,0,0,2,1,0,0,0,2,0
177,1554,FACULDADE CURITIBANA (SPEI - AGUA VERDE),"AV. REPUBLICA ARGENTINA, 1285",ÁGUA VERDE,-25.45776939,-49.28864442,9,0,4338,3548,173,128,0,1,3,7,46,1,5,0,2,11,0,36,2,0,0,0,52,1,0,0,0,2,7,5,5,1,18,1,0,0,0,29,0,0,0,0,3,1,5,0,10,1,0,0,2,30,0,0,0,0,2,0,8,13,0,0,3,5,0,3,0,4,0,25,2,1,0,0,0,1,0,0,42,0,0,0,0,8,0,1,0,0,0,1,0,0,30,2,0,0,0,0,2,1,5,1,0,0,0,13,0,28,0,0,2,5,0,34,14,0,0,0,0,0,0,0,0,0,0,0,3,8,0,0,0,0,0,0,0,1,2,2,163,0,0,0,1,0,0,0,0,2,6,1,1,0,1,0,0,0,0,0,0,0,0,3,18,0,3,0,0,0,12,0,1,0,3,1,0,0,0,0,107,5,48,6,0,0,2,75,6,8,0,1,5,0,0,4,1,1,0,1,4,3,0,4,6,58,0,0,0,0,3,0,0,0,1,0,0,0,1,1,0,0,2,0,0,0,1,0,0,3,0,0,0,0,0,0,4,0,0,0,0,0,0,0,0,0,1,0,0,0,0,0,0,1,1,0,0,0,0,0,1,2,0,1,0,1,0,0,3,0,0,0,0,0,0,0,2,1,1,1,0,0,7,0,13,0,0,0,0,0,0,0,1,7,0,0,0,0,0,5,0,0,0,0,0,0,2,0,0,1,0,0,0,1,0,0,0,0,0,0,0,0,0,2,0,0,0,0,0,1,0,0,0,2,2,0,0,0,0,0,0,0,0,66,1,0,2,1,59,0,0,0,0,23,0,0,0,1,0,0,86,0,0,0,0,0,0,1,0,1,0,0,0,0,0,1,0,0,3,0,0,0,0,0,0,0,0,0,0,0,1,0,0,0,0,2,0,0,6,3,37,0,0,112,0,0,5,8,16,19,0,8,3,0,2,43,3,1,1,8,1,2,0,0,0,2,1,37,0,5,5,0,4,0,0,0,4,0,1,0,1,0,0,0,0,0,1,2,0,0,3,1,0,2,0,0,0,2,0,0,34,2,2,0,5,0,0,0,0,0,1,0,0,0,0,0,0,0,0,0,0,1,0,0,4,0,0,0,0,0,3,0,0,0,3,0,0,0,0,0,0,0,0,0,0,0,0,0,0,0,0,0,0,0,0,0,0,0,0,5,0,0,3,5,0,4,1,9,12,1,54,0,8,3,43,14,2,0,0,5,0,0,0,0,0,0,0,0,0,1,7,0,0,0,0,0,0,0,0,1,0,0,0,0,0,8,0,8,1,13,0,1,4,0,0,0,0,0,0,0,0,0,0,3,0,0,0,0,0,0,1,0,1,0,0,0,0,3,1,0,0,0,0,0,0,1,0,0,0,1,0,0,0,0,0,0,0,0,0,0,0,0,0,0,0,0,1,0,0,0,1,0,0,2,0,3,0,1,0,0,5,0,2,0,0,0,0,0,1,1,5,0,0,0,0,4,0,4,0,1,0,3,1,0,50,5,0,1,0,56,0,1,1,0,0,0,2,1,0,7,0,0,2,16,11,0,65,0,0,0,1,4,0,16,0,58,1,0,9,0,0,9,159,2,6,0,0,5,0,0,26,0,0,0,1,0,0,0,1,0,0,7,0,0,0,0,0,0,11,1,0,0,1,0,0,0,1,2,0,1,0,2,0,0,1,11,2,0,0,0,0,1,0,0,0,0,0,0,0,0,0,0,1,0,0,0,0,0,0,2,0,1,0,0,0,0,0,0,0,0,0,0,7,2,1,11,5,0,2,0,5,0,1,0,2,6,21,0,43,4,2,1,0,0,0,10,1,0,1,0,1,0,1,0,3,287,1,5,14,1,18,3,23,0,6,3,3,0,0,2,0,0,0,3,0,0,0,0,2,4,0,1,0,0,0,4,0,0,0,0,0,10,0,0,0,0,0,0,0,0,0,1,0,0,0,14,0,0,0,0,2,0,1,0,0,0,1,1,0,0,0,1,1,0,0,1,4,10,0,0,0,0,0,14,0,0,0,0,0,0,0,0,1,5,0,0,0,2,0
177,1686,CLUBE CURITIBANO (SEDE ADMINISTRATIVA),"RUA PETIT CARNEIRO, 970",ÁGUA VERDE,-25.4505693,-49.28640043,9,0,9195,7399,280,181,0,3,7,9,111,2,5,0,3,18,2,64,1,0,0,0,108,2,1,1,3,4,29,7,9,0,20,1,3,4,0,51,3,0,0,0,0,6,10,0,34,16,0,1,11,39,2,0,1,2,4,0,2,38,0,0,5,8,0,1,10,5,2,82,0,1,0,1,0,3,0,6,59,3,0,0,0,23,2,3,0,8,1,5,0,0,70,1,0,0,3,0,2,2,9,1,0,0,0,41,0,42,0,1,1,3,0,66,23,1,0,0,1,0,4,0,0,2,0,2,6,10,0,0,0,0,1,0,10,3,3,8,339,0,0,1,1,2,0,0,2,8,7,0,1,0,3,0,0,0,0,2,2,0,1,3,43,0,18,0,1,0,23,1,1,0,3,7,2,1,0,0,265,10,81,18,1,9,0,159,11,23,1,2,8,0,4,2,1,1,1,2,1,7,0,6,5,115,0,2,1,1,1,0,0,0,0,3,1,1,2,5,0,0,0,0,0,0,1,0,0,4,0,0,4,0,1,0,3,0,0,0,3,2,0,0,0,0,0,0,0,1,0,10,0,0,0,0,1,0,0,0,0,1,0,0,0,2,1,1,13,0,0,1,0,0,0,0,0,7,0,7,1,0,3,2,36,0,0,0,1,0,0,0,10,5,0,0,0,2,0,5,0,0,0,0,0,0,0,2,0,0,0,0,0,1,1,1,0,0,0,0,0,0,0,8,0,0,0,0,0,0,0,2,0,3,8,1,0,0,0,0,2,0,0,157,3,0,1,0,148,0,0,0,0,31,1,0,4,4,0,0,221,7,0,1,0,0,0,2,0,0,0,0,1,0,1,0,0,1,1,1,0,0,1,1,0,0,0,0,0,0,0,0,0,0,0,0,0,0,5,13,62,0,0,212,3,0,14,6,31,18,0,17,7,0,4,56,5,1,3,7,4,0,0,0,0,4,0,43,1,7,7,1,0,2,1,0,3,0,2,0,7,0,0,0,0,0,0,1,0,0,16,5,2,0,0,2,6,5,0,0,58,1,4,0,17,1,0,0,0,0,2,0,3,0,0,0,0,0,0,0,0,0,0,0,3,0,2,1,0,0,0,0,0,0,0,0,1,0,1,1,0,0,0,0,0,0,0,0,0,0,0,1,0,0,0,0,0,0,0,1,0,1,7,11,3,9,7,10,28,5,147,0,28,7,117,16,5,0,0,10,0,0,0,0,1,2,1,3,1,0,13,0,0,0,0,0,0,0,2,1,0,0,0,0,0,14,0,5,0,16,2,0,4,0,1,0,0,0,0,0,0,0,0,13,0,0,0,0,0,0,0,0,0,0,0,0,0,1,2,0,0,0,0,0,3,0,1,0,1,0,0,0,0,0,0,0,0,0,0,0,0,0,0,0,1,0,3,0,0,0,6,0,1,0,4,2,0,2,1,0,12,0,1,0,0,0,0,0,0,0,18,0,0,0,0,11,8,11,0,0,0,2,0,0,174,22,0,4,1,167,0,4,1,1,0,0,5,7,0,29,0,1,10,32,14,0,110,1,3,1,3,12,0,13,0,117,0,0,2,6,0,23,410,4,3,0,1,2,0,0,53,3,0,0,0,2,1,0,2,3,1,13,1,0,0,0,0,0,5,4,0,1,0,0,5,0,2,7,0,2,2,0,0,2,3,19,6,1,0,0,1,0,2,0,1,0,0,0,0,0,0,0,0,0,3,1,0,0,0,1,0,2,0,0,0,0,0,0,0,0,0,0,15,19,10,24,11,0,0,1,7,2,6,0,14,17,32,7,96,11,4,1,0,2,1,23,0,0,7,0,8,0,1,0,6,573,10,4,41,0,24,4,43,0,9,6,4,7,0,2,0,0,0,10,0,0,0,1,1,9,0,2,0,0,1,0,0,0,0,0,0,26,0,0,0,0,1,0,0,1,0,0,0,0,1,11,0,0,0,0,2,0,0,0,0,1,0,1,2,0,0,0,0,1,0,0,6,24,1,2,0,0,0,31,0,0,0,0,0,0,0,0,0,5,0,0,0,4,2
177,1740,ESCOLA MUNICIPAL MIGUEL KRUG,"RUA MORRETES, 1115",GUAIRA,-25.47480497,-49.286212570000004,27,0,1549,1307,83,38,0,0,1,4,24,1,2,0,0,5,0,16,1,0,0,0,6,0,0,0,2,0,7,0,0,0,3,0,0,0,0,10,0,0,0,0,0,0,0,1,10,1,0,0,0,16,0,0,0,3,1,0,6,3,0,0,0,6,0,0,1,0,0,1,0,0,0,0,0,0,1,0,26,0,0,0,0,2,0,0,0,0,0,1,0,0,3,0,0,0,2,0,0,0,0,2,0,0,0,6,0,4,0,0,0,3,0,12,7,0,0,0,0,0,0,0,0,0,0,0,1,1,0,0,0,0,0,0,2,0,0,0,47,0,0,0,0,1,0,0,0,0,3,0,2,0,0,0,0,0,0,0,0,0,0,0,2,0,2,0,0,0,4,2,0,0,2,0,1,0,0,0,24,0,16,3,1,0,0,25,2,4,0,0,0,0,0,0,0,0,0,0,3,0,0,3,0,24,0,1,0,0,2,0,0,0,0,0,1,0,0,0,0,0,0,0,0,0,0,0,0,5,0,0,0,0,0,0,0,0,0,0,0,1,0,0,1,0,0,0,0,1,0,0,1,0,0,0,0,0,0,0,0,0,0,0,1,1,0,0,6,0,0,0,0,0,2,0,0,0,0,0,0,0,4,0,0,0,0,0,0,0,0,0,0,1,0,0,0,0,0,5,0,0,0,0,0,0,0,0,1,0,0,0,0,0,1,2,0,0,0,0,0,0,0,0,0,0,0,0,0,0,0,0,0,3,0,0,2,0,0,0,0,0,0,23,0,0,0,0,33,0,0,0,0,11,0,0,3,0,0,0,13,2,0,1,0,0,0,5,0,0,0,0,0,0,0,0,0,0,1,0,0,0,0,0,0,0,0,0,0,0,0,0,0,0,0,0,0,0,2,2,8,0,0,26,0,0,1,2,10,1,0,0,0,0,0,28,0,1,0,2,0,0,0,0,0,0,0,17,0,2,3,0,0,0,0,0,0,0,0,0,0,0,0,0,0,1,1,0,0,0,4,0,2,0,0,0,1,0,0,0,9,0,0,0,1,0,0,0,0,0,0,0,0,0,0,0,1,0,0,0,0,0,0,0,3,0,0,0,0,0,0,0,0,0,0,0,0,0,1,0,0,0,0,0,0,0,0,0,1,0,0,0,0,0,0,0,0,0,0,0,0,0,2,1,0,0,0,2,6,1,15,0,5,0,7,4,0,0,0,0,0,0,0,0,0,0,0,0,0,0,6,0,0,0,0,0,0,0,2,0,0,0,0,0,0,5,0,0,0,1,0,0,9,0,1,0,0,0,0,0,0,0,0,2,0,0,0,0,0,0,0,0,0,0,0,0,0,0,0,0,0,0,0,0,0,0,0,0,0,0,0,0,0,0,0,0,0,0,0,0,0,0,0,0,0,0,4,0,0,0,1,0,0,0,0,2,0,0,1,0,1,0,0,0,0,0,0,0,0,0,0,0,0,0,0,3,0,4,0,0,0,2,3,0,12,4,0,0,0,10,0,0,0,0,0,0,0,3,0,4,2,0,0,3,2,0,68,0,5,1,1,0,0,4,0,34,0,0,0,3,0,9,50,0,2,0,0,0,0,0,5,0,0,0,0,2,1,2,0,0,0,0,1,0,0,0,0,0,1,0,0,1,0,0,1,0,0,1,0,0,0,0,0,0,0,5,1,0,0,0,0,0,0,0,0,0,0,0,0,0,0,0,0,0,1,0,0,0,0,0,0,1,0,0,0,0,0,0,0,0,0,0,5,3,1,5,0,0,0,0,2,0,0,0,3,1,2,1,8,4,0,0,0,0,0,5,1,0,0,0,1,0,0,1,1,95,1,3,7,0,2,0,2,0,0,0,5,3,0,0,0,0,0,0,0,0,0,2,0,1,0,0,0,0,0,0,0,0,0,0,0,7,0,0,1,0,2,0,0,0,0,4,0,0,0,5,1,0,0,0,0,0,0,0,0,0,0,0,0,0,0,0,0,0,0,0,3,8,0,0,0,0,0,15,0,0,0,2,0,0,0,0,0,2,0,0,0,2,0
177,1759,COLÉGIO ESTADUAL HILDEBRANDO DE ARAÚJO,"AV PREFEITO OMAR SABBAG, N. 721",JARDIM BOTANICO,-25.44097847,-49.24934747,7,0,3102,2472,110,91,0,1,3,7,39,3,1,0,2,12,0,21,1,0,0,0,21,0,1,0,2,7,11,1,2,1,13,3,0,1,0,16,2,0,0,0,0,0,0,2,3,1,0,6,1,17,0,0,0,0,4,1,3,5,0,0,3,2,0,0,1,0,0,12,0,0,0,0,0,0,1,1,39,0,0,0,0,10,0,0,0,0,0,0,0,0,26,1,0,0,0,0,0,0,2,0,0,0,0,9,0,13,0,1,0,0,0,16,33,1,0,0,0,0,3,0,0,1,0,0,4,2,0,0,0,0,0,0,6,0,1,1,94,0,0,0,0,1,0,0,0,0,2,0,4,0,0,0,0,1,0,0,0,1,0,2,7,0,12,0,0,1,10,1,0,1,2,0,1,0,0,8,61,5,44,6,1,2,0,64,3,5,0,1,0,1,0,2,0,0,0,0,0,1,0,2,11,39,0,0,1,0,5,0,0,0,0,0,0,0,1,0,0,0,0,0,0,0,0,0,0,5,0,0,0,0,0,1,4,1,0,0,2,0,0,0,0,0,0,0,0,2,0,0,0,0,0,0,3,0,0,0,0,0,0,0,0,1,0,0,17,0,0,3,0,0,0,0,0,0,0,3,11,0,2,3,5,0,1,0,0,0,0,0,2,0,0,0,0,0,0,1,0,0,0,0,0,0,2,1,1,0,0,0,0,0,1,0,0,6,0,0,0,0,1,3,0,0,0,1,0,1,0,0,0,0,3,0,0,0,0,0,1,0,0,32,1,1,0,0,40,0,0,0,0,15,0,0,5,0,0,0,57,1,0,1,0,0,0,0,0,0,0,0,0,0,0,0,0,1,1,0,0,0,0,0,0,0,0,0,0,1,0,0,0,0,0,0,0,0,0,5,15,2,0,76,0,0,5,0,14,18,0,8,6,0,2,28,4,0,4,2,3,0,0,2,0,1,2,23,0,1,2,0,0,0,0,0,0,0,0,0,5,1,0,1,0,0,0,0,0,0,2,1,0,0,1,1,0,0,1,0,38,0,0,0,4,1,2,0,0,0,0,0,2,0,0,0,0,0,0,0,0,0,0,0,0,0,1,0,0,0,0,0,0,0,2,0,0,2,0,2,0,0,0,0,0,0,0,0,0,0,0,1,0,0,0,0,0,0,0,1,0,1,1,0,1,2,0,2,1,0,26,0,3,0,27,2,1,0,0,1,0,0,0,0,0,0,0,2,0,0,0,0,0,0,0,0,2,0,0,0,0,0,1,0,0,8,0,5,0,2,0,2,0,0,0,0,0,0,0,0,0,0,0,7,0,0,0,0,0,0,0,0,0,0,0,0,0,0,1,0,0,0,0,0,8,0,0,0,0,0,0,0,0,0,0,0,0,0,0,1,0,0,0,0,0,0,1,0,0,0,0,0,1,0,1,0,0,1,0,0,4,0,7,0,0,0,0,0,0,1,8,0,0,0,0,1,0,2,0,0,0,0,0,0,24,12,0,1,0,19,0,0,0,0,0,0,0,0,0,1,0,0,4,4,8,0,54,0,4,0,0,2,0,11,0,31,0,0,3,1,0,19,156,2,2,1,1,0,0,0,13,0,0,1,1,0,1,2,3,2,0,5,0,0,1,0,0,0,2,0,0,0,0,0,1,0,0,1,0,0,0,0,0,3,0,2,0,1,0,1,0,0,0,0,0,0,0,0,0,0,0,0,0,0,2,0,0,0,0,0,0,2,0,0,0,0,0,0,0,0,0,0,7,7,4,4,1,2,0,3,4,0,0,0,1,6,16,7,26,0,0,1,0,0,0,7,0,0,2,0,12,1,1,0,2,121,2,2,13,0,8,0,12,0,3,1,5,0,0,0,0,0,0,2,0,0,0,0,1,4,0,1,0,0,0,0,0,0,0,0,0,43,0,0,0,0,1,0,0,0,0,7,0,0,0,5,0,0,0,0,0,0,4,0,0,0,0,0,0,0,0,0,0,0,1,0,5,16,0,0,0,0,0,11,0,0,0,1,0,0,0,0,5,1,0,0,1,1,0
177,1767,COLÉGIO POSITIVO - JARDIM AMBIENTAL,RUA ITUPAVA 985,ALTO DA RUA XV,-25.42128662,-49.25055304,17,0,3730,3047,137,88,0,1,4,15,41,0,1,1,1,7,1,26,1,1,1,0,45,0,1,0,0,1,5,2,3,0,9,0,0,1,0,14,4,0,0,0,0,2,11,0,14,15,0,2,2,15,2,0,0,0,1,0,0,16,0,0,3,7,0,3,8,0,0,25,0,3,0,0,0,0,0,2,33,0,0,0,0,5,0,2,0,1,0,3,1,3,19,0,1,0,0,1,0,2,0,1,0,1,0,6,0,21,0,1,0,0,0,17,18,1,0,0,0,0,1,0,0,0,0,0,1,7,2,0,0,0,1,0,4,4,4,0,192,0,0,0,0,0,0,0,0,0,3,0,6,0,0,0,1,1,0,0,0,0,1,0,23,0,9,0,1,1,11,3,0,0,1,2,2,2,0,0,131,8,44,7,0,6,0,61,5,10,1,0,1,1,2,5,0,1,0,0,1,3,0,1,12,54,0,0,0,0,0,0,1,0,0,1,0,0,2,0,0,0,0,0,0,0,0,0,0,7,0,0,0,0,0,0,2,0,0,0,3,1,0,0,0,0,0,0,0,0,0,3,0,0,0,0,1,0,0,0,0,1,0,0,0,1,1,0,14,0,0,3,0,0,0,0,1,0,0,6,0,0,6,0,7,0,0,0,0,0,0,1,2,0,0,0,0,0,0,2,0,0,0,0,0,4,0,0,0,0,0,0,0,2,0,0,0,2,0,0,0,0,0,1,0,0,0,0,1,0,1,0,0,0,7,1,2,0,0,0,0,0,0,38,0,0,0,0,62,0,0,0,0,36,1,2,2,0,0,0,86,1,0,0,0,0,1,3,0,0,0,0,0,1,0,0,0,0,0,2,0,1,0,0,1,0,0,0,0,0,0,0,0,0,0,0,0,0,8,7,30,0,0,76,1,0,5,3,10,11,0,8,3,0,3,30,3,0,0,1,1,2,0,0,0,3,2,23,0,8,6,0,0,0,0,0,0,0,0,0,17,0,0,0,0,0,0,0,0,0,11,0,0,0,0,0,0,0,0,0,36,0,2,0,3,2,0,0,0,0,1,0,0,0,0,0,1,0,0,0,1,0,0,0,1,0,0,0,0,0,0,1,0,0,0,0,0,0,0,3,0,0,0,0,0,0,0,0,0,0,0,0,0,0,0,0,0,0,0,0,0,0,2,2,1,3,4,2,6,0,59,0,7,2,47,3,0,0,0,5,0,0,0,0,0,0,0,1,0,0,0,0,0,0,0,0,0,2,0,1,0,0,0,0,0,7,0,19,0,3,2,0,0,0,0,1,0,0,0,0,0,0,0,5,0,0,0,0,0,0,0,0,0,0,0,0,0,1,0,0,0,0,0,0,0,0,0,0,0,0,0,0,0,0,0,0,0,0,0,0,1,0,0,0,1,0,0,0,0,0,0,0,0,0,0,0,0,0,0,0,4,0,1,0,2,0,0,0,0,0,2,0,0,0,0,3,8,1,0,0,0,0,0,0,64,10,1,1,0,55,0,1,1,0,0,0,0,9,1,8,0,0,2,11,5,0,49,0,5,0,1,7,0,7,0,40,0,0,2,0,0,1,118,5,0,0,1,1,0,0,11,0,0,0,0,0,0,0,4,0,0,7,0,0,2,0,0,0,0,0,0,0,0,0,5,0,0,4,1,0,0,1,0,0,3,2,1,1,0,1,0,0,0,0,0,0,0,0,0,0,0,0,0,0,1,0,0,1,0,3,0,0,2,0,0,0,0,0,0,0,0,0,2,10,1,13,1,1,0,2,2,0,2,0,5,1,16,2,17,5,0,0,0,0,0,16,1,0,0,0,3,0,2,0,4,185,3,2,9,2,14,2,10,0,4,3,1,2,1,0,0,0,0,1,0,0,0,0,1,2,0,0,0,0,1,1,0,0,1,0,3,30,0,0,0,0,0,0,0,0,0,1,0,0,3,1,0,0,0,1,0,0,1,0,0,0,0,0,0,0,0,0,0,0,0,0,4,9,1,1,0,0,0,8,0,0,0,0,0,0,0,0,0,4,0,0,0,2,0
177,1783,COLEGIO DECISIVO (CENTRO),"RUA COMENDADOR ARAUJO, 327",CENTRO,-25.43571107,-49.27899158,1,0,2047,1604,101,46,0,1,1,5,42,1,2,0,1,3,0,11,1,0,0,1,15,1,2,0,2,0,5,0,1,0,4,1,1,1,0,9,1,0,0,0,0,1,4,0,4,6,0,1,0,12,0,1,0,0,0,0,1,4,0,0,1,1,0,0,2,0,0,7,0,1,0,0,0,0,0,0,16,1,0,0,0,5,1,0,0,0,0,0,0,0,6,0,0,0,0,0,0,0,1,1,1,0,0,3,0,16,0,0,1,0,0,14,4,1,0,0,0,0,0,0,0,0,0,0,0,2,0,0,0,0,1,0,1,0,0,0,101,1,0,0,1,1,0,0,0,2,3,0,2,1,0,0,1,1,0,0,0,0,2,0,12,0,0,0,0,0,10,1,0,0,2,4,0,4,0,0,104,5,29,15,1,3,0,61,0,7,0,0,2,0,1,3,0,2,0,0,1,2,1,3,1,18,0,0,2,0,0,0,0,0,0,2,0,0,1,0,0,0,0,0,0,0,0,0,0,1,0,0,1,0,1,0,2,0,0,0,0,0,1,0,0,0,0,0,0,0,0,1,0,0,1,0,0,0,0,0,0,2,0,0,0,1,0,0,4,0,0,1,0,0,0,0,1,1,0,1,0,1,2,0,2,1,0,0,0,0,0,0,2,0,0,0,0,0,0,3,0,0,0,1,0,0,0,0,0,0,0,0,0,1,0,0,0,0,0,0,0,0,0,0,0,0,0,0,0,0,0,0,0,1,3,0,0,0,0,0,0,0,0,17,0,0,0,0,15,0,0,0,0,10,0,0,0,0,0,3,47,2,0,0,0,0,0,0,0,0,0,0,1,0,0,0,0,0,0,0,0,0,0,0,0,0,0,0,0,0,0,0,0,0,0,0,0,0,2,5,11,0,0,19,0,0,2,4,3,4,0,1,3,0,1,14,4,0,0,4,1,0,0,2,1,3,0,7,0,3,0,1,0,0,0,0,3,0,1,0,2,0,1,0,0,0,0,0,0,0,2,0,0,0,0,0,2,0,0,0,15,0,2,0,3,0,0,0,0,0,0,0,0,0,0,0,1,0,0,0,0,0,0,0,1,0,0,0,0,0,0,1,0,0,0,0,0,0,0,0,0,0,0,1,0,0,0,0,0,0,0,0,0,0,0,0,0,0,0,2,0,0,1,2,2,0,1,2,4,0,28,1,6,1,14,6,0,0,0,0,0,0,0,0,0,0,0,2,0,0,1,0,0,1,0,0,0,1,0,0,0,0,0,0,0,4,0,1,0,2,0,0,0,0,0,0,0,0,0,0,0,0,0,0,0,0,0,0,0,0,0,0,0,0,0,0,0,0,2,0,0,0,0,0,0,0,0,0,1,0,0,0,0,0,0,0,0,0,0,0,0,0,0,0,0,0,2,0,0,0,1,0,0,0,1,0,0,1,0,0,9,0,0,0,0,0,0,0,0,0,12,0,0,0,0,2,3,3,0,0,0,0,0,0,29,10,0,3,0,36,0,1,0,0,0,0,0,3,0,4,0,0,1,6,2,0,17,0,0,0,1,1,0,2,0,17,0,0,2,0,0,4,55,0,1,0,0,1,0,0,8,1,0,0,0,0,0,0,0,0,0,4,0,0,0,0,0,0,2,1,0,1,0,0,1,0,0,3,0,0,0,1,1,1,0,8,6,0,0,0,1,0,0,0,0,0,0,0,0,1,0,0,0,0,0,0,0,0,0,1,0,1,1,0,0,0,0,0,0,0,0,0,7,0,3,11,0,0,0,1,0,0,2,0,2,2,3,1,18,2,0,1,0,0,0,4,0,0,1,0,1,0,1,0,0,78,3,1,13,0,2,1,1,0,4,2,2,0,0,0,0,0,1,3,1,0,0,0,0,0,0,0,0,0,0,0,0,0,0,0,0,5,0,0,0,0,0,0,0,0,0,1,0,0,0,0,0,0,0,1,0,0,0,0,0,0,0,0,0,0,0,1,0,2,0,0,1,2,0,0,0,0,0,7,0,0,0,0,0,0,0,0,0,0,0,0,0,0,0
177,1791,UFPR -  SETOR DE CIÊNCIAS SOCIAIS APLICADAS,"AVENIDA PREFEITO LOTHÁRIO MEISSNER, 632",JARDIM BOTANICO,-25.44473588,-49.2385769,7,0,1929,1494,82,45,0,1,0,11,16,0,1,0,0,7,1,16,0,0,0,0,9,0,0,0,1,0,5,0,1,0,8,0,1,1,0,12,0,0,1,0,0,0,3,1,8,5,0,0,0,16,2,0,0,0,0,0,2,9,0,0,1,5,0,0,0,0,0,11,0,0,0,0,1,0,0,2,11,2,0,0,0,5,1,0,0,1,0,1,0,1,6,0,0,1,0,0,0,0,0,0,0,0,0,3,0,10,1,2,0,0,0,8,9,0,0,0,0,0,1,0,0,0,0,0,3,1,1,0,0,0,1,0,1,0,0,2,79,0,0,0,0,0,0,0,0,0,5,0,0,0,0,0,0,1,0,0,0,1,0,2,12,0,1,0,0,0,3,0,0,0,2,0,1,0,0,1,75,5,21,2,2,2,1,50,1,1,0,0,1,0,0,0,1,0,0,0,0,2,3,3,1,30,0,0,0,0,0,0,0,0,0,0,0,0,0,0,0,0,0,0,0,0,0,0,0,1,0,0,2,0,0,2,0,0,0,0,1,0,0,0,0,0,0,0,0,2,0,2,0,0,1,0,0,0,0,0,0,0,0,0,0,0,0,0,9,0,0,1,0,0,0,0,2,0,0,0,3,0,3,2,0,0,0,0,0,0,0,0,6,0,0,0,0,0,0,3,0,0,0,0,0,0,0,2,0,0,0,0,0,0,0,0,0,1,0,0,0,0,0,1,0,0,0,0,0,0,0,1,0,0,1,0,0,0,0,0,0,0,0,24,0,0,0,0,22,0,0,0,0,5,0,1,1,0,0,0,39,0,0,0,0,0,0,0,0,0,0,0,0,0,0,0,0,1,0,0,0,0,0,0,0,0,0,0,0,0,0,0,0,1,0,0,0,0,1,0,12,0,0,35,0,0,1,1,10,1,1,3,1,0,0,23,6,0,1,0,0,0,0,0,0,1,0,15,0,2,0,1,0,0,0,0,0,1,0,0,1,0,2,0,0,0,0,0,0,0,3,0,0,0,0,0,1,1,0,0,12,0,0,0,3,0,3,0,0,0,0,0,0,0,0,0,0,0,0,0,1,0,0,0,1,0,0,0,0,0,0,0,0,0,0,0,0,0,0,0,0,0,0,0,0,0,0,0,0,0,0,0,0,0,0,0,0,0,0,0,0,0,4,6,3,1,1,3,2,1,22,1,1,0,19,3,0,0,0,2,0,0,0,0,0,0,0,0,0,0,0,0,0,0,0,0,0,0,1,2,0,0,2,0,0,1,0,5,0,3,0,0,2,0,0,0,0,0,0,0,2,0,0,0,0,0,0,0,0,0,0,0,0,0,0,0,0,0,0,0,0,0,0,0,1,0,0,0,0,0,0,0,0,0,0,0,0,0,0,0,0,0,0,0,0,0,0,0,0,0,0,0,0,0,0,0,0,1,1,0,4,0,4,0,0,0,0,0,0,0,0,0,0,0,0,1,0,4,0,0,0,0,0,0,31,5,0,0,0,19,0,0,1,0,0,0,0,5,1,2,0,0,0,1,2,1,26,0,4,0,0,4,0,8,1,25,0,0,0,0,1,7,58,1,1,1,1,0,0,0,8,0,0,0,0,0,1,2,0,0,0,3,0,0,0,0,0,0,0,0,0,0,0,0,6,0,0,1,0,0,0,0,0,0,1,3,1,1,0,2,0,0,0,0,0,0,0,0,0,0,0,0,0,0,2,0,0,0,0,0,0,2,0,0,0,0,0,0,0,0,0,0,3,1,3,0,0,1,0,3,0,0,3,0,2,2,6,0,11,1,1,0,0,0,0,10,1,0,0,0,3,0,0,1,2,71,3,2,7,0,6,0,5,0,3,0,2,0,0,0,0,0,0,1,0,0,0,0,0,2,0,0,0,0,1,1,0,0,0,0,0,14,0,0,0,0,0,0,0,0,0,3,0,0,0,4,0,0,0,0,0,0,1,0,0,0,0,0,0,0,0,1,0,0,0,0,2,8,0,3,0,0,0,5,0,0,0,0,0,0,0,0,0,2,0,0,0,1,0
177,1805,SOCIEDADE THALIA,R COMENDADOR ARAUJO 338,CENTRO,-25.43604408,-49.27890618,1,0,1278,1035,53,35,0,0,0,1,11,0,2,0,0,4,1,13,0,1,0,0,10,0,0,0,1,1,3,0,0,0,6,0,0,0,0,8,1,0,0,0,0,0,4,1,2,1,0,0,0,6,1,0,0,0,1,0,0,4,0,0,3,1,0,0,0,0,0,3,0,0,0,0,0,0,0,1,18,0,0,0,1,7,0,0,0,0,0,0,0,0,2,0,0,0,0,0,0,0,0,0,0,0,0,3,0,5,1,0,0,0,0,6,7,0,0,0,0,0,0,0,0,0,0,0,5,0,0,0,1,0,0,0,0,0,0,2,44,0,0,0,0,0,0,0,1,0,3,0,1,0,0,0,0,1,0,0,0,0,0,0,4,0,0,0,0,0,1,1,1,0,0,0,2,0,0,0,42,3,16,5,0,0,0,35,2,2,0,0,0,0,1,2,0,0,0,0,0,1,0,1,1,14,0,0,0,0,0,0,0,0,0,0,0,0,0,0,0,0,0,0,0,0,0,0,0,1,0,0,1,0,0,0,0,0,0,0,0,0,0,0,0,0,0,0,0,1,0,0,0,0,0,0,0,0,0,0,0,6,0,0,0,2,0,0,0,0,0,0,0,0,0,0,0,0,0,0,0,0,1,1,2,0,0,0,0,0,0,0,1,0,0,0,0,0,0,0,0,0,0,0,0,0,0,0,0,0,0,0,0,2,0,0,0,0,0,0,0,0,0,0,0,0,0,0,0,0,0,0,0,0,2,0,2,0,0,0,0,0,0,23,0,0,0,0,7,0,0,0,0,3,0,0,0,0,2,0,38,0,0,0,0,0,0,1,0,0,0,0,1,0,0,0,0,0,0,0,0,0,0,0,0,0,0,0,0,0,0,0,0,0,0,0,0,0,0,3,20,0,0,46,0,0,1,1,8,10,0,0,0,0,0,11,0,0,0,3,0,1,0,1,0,0,0,6,0,1,1,0,0,0,0,0,0,0,0,0,2,0,2,0,0,0,1,0,0,0,1,1,0,0,0,0,1,0,0,0,12,0,0,0,1,0,0,0,0,0,0,0,1,0,0,0,1,0,0,0,0,0,0,0,1,0,0,0,0,0,0,0,0,0,0,0,0,0,0,0,0,0,0,0,0,0,0,0,0,0,0,0,0,0,0,0,0,0,0,0,0,1,0,0,0,0,0,0,2,1,6,0,0,2,13,2,1,0,0,4,0,0,0,0,0,0,0,0,0,0,0,0,0,0,0,0,0,0,0,0,0,0,0,0,0,1,0,2,0,2,0,1,0,0,0,0,0,0,0,0,0,0,0,3,0,0,0,0,1,0,0,0,0,0,0,0,0,0,0,0,0,0,0,0,0,0,0,0,0,0,0,0,0,0,0,0,0,0,0,0,0,0,0,0,0,0,0,0,0,0,1,0,0,0,0,0,0,0,0,0,2,0,0,0,0,0,0,0,0,0,3,0,1,0,0,3,0,2,0,2,0,0,0,0,12,4,0,0,0,9,0,0,0,0,0,0,0,1,0,2,0,0,3,4,3,0,16,0,1,0,0,5,0,2,1,13,0,1,0,0,0,4,54,0,3,0,0,0,0,0,3,0,0,0,0,1,0,1,0,0,0,3,0,0,0,0,0,0,2,0,0,0,0,3,1,0,0,0,0,0,0,0,0,0,0,0,2,1,0,0,0,2,0,0,0,0,0,0,0,0,0,0,0,0,0,0,0,0,0,0,0,0,0,0,0,0,0,0,0,0,0,0,4,2,4,7,0,0,0,0,0,0,2,0,0,2,11,1,19,0,0,0,0,0,0,7,0,0,2,0,1,1,1,0,0,63,0,1,6,0,2,0,3,0,7,1,1,0,0,0,0,0,0,2,0,0,0,0,0,2,0,0,0,0,0,0,0,0,0,0,0,9,0,0,0,0,0,0,0,0,0,0,0,0,0,0,0,0,0,0,1,0,0,0,0,0,0,0,1,0,0,0,0,0,0,0,0,1,0,0,0,0,0,0,0,0,0,0,0,0,0,0,0,2,0,0,0,1,0
177,1821,SENAC - SERVICO NACIONAL DE APRENDIZAGEM COMERCIAL,"RUA ANDRE DE BARROS, 750",CENTRO,-25.43355728,-49.26580759,1,0,2091,1594,95,41,0,1,7,9,35,0,2,0,0,6,0,23,2,0,0,0,14,0,0,0,3,1,10,4,1,0,9,0,0,1,0,7,0,0,0,0,0,2,3,1,2,0,0,1,0,27,4,0,0,0,1,0,3,2,0,0,1,2,0,0,0,0,0,12,0,1,0,0,0,0,0,2,27,0,0,0,0,5,0,0,0,0,0,1,1,0,11,0,0,0,0,0,0,0,2,0,0,0,0,4,0,2,0,1,0,0,0,5,12,0,0,0,1,0,0,0,0,4,0,0,0,0,0,0,0,0,0,0,4,0,0,0,50,0,0,0,0,0,0,1,0,0,1,0,2,1,0,0,0,1,0,0,0,0,0,0,8,0,12,0,0,0,7,4,0,0,2,0,1,1,0,0,67,2,41,5,1,0,0,50,3,4,0,0,1,0,0,0,0,0,0,1,0,1,1,1,3,37,0,0,1,0,1,0,0,0,0,1,0,0,0,1,0,0,0,0,0,0,1,0,0,4,0,0,0,0,1,3,3,0,0,0,1,0,0,0,0,0,0,0,0,0,0,0,0,0,0,0,0,0,0,0,0,0,0,0,0,0,0,0,4,0,0,0,0,0,1,0,1,3,0,1,0,0,2,3,8,0,1,0,0,1,0,0,2,0,0,0,0,0,0,1,0,0,0,0,0,0,0,0,0,0,0,0,0,0,0,4,0,0,0,0,1,0,0,0,0,0,0,0,1,0,0,0,0,1,3,1,0,0,0,0,0,0,0,9,1,1,0,1,15,0,0,0,0,11,0,0,1,1,2,0,26,1,0,0,0,0,0,1,0,0,1,0,0,0,0,0,0,0,0,0,0,0,0,0,0,0,0,0,0,0,0,0,0,0,0,0,0,0,5,4,16,0,0,33,0,0,1,7,5,5,0,4,1,1,0,17,7,1,0,1,1,0,0,0,0,2,0,27,0,8,1,0,0,0,0,0,0,0,0,0,1,0,0,0,0,0,0,0,0,0,4,2,0,0,0,0,3,3,0,0,9,0,2,0,1,1,0,0,0,0,1,0,0,0,0,0,0,0,0,0,0,0,0,0,0,0,1,0,0,0,0,0,0,0,1,0,2,0,4,0,0,0,0,0,0,0,0,0,0,0,0,0,2,0,0,0,0,0,0,7,0,0,0,2,1,0,0,0,3,1,15,0,3,0,13,1,1,1,0,1,0,0,0,0,0,0,0,0,0,0,0,1,0,0,0,0,3,0,0,1,0,0,0,0,0,5,0,2,0,1,0,0,0,0,1,0,0,0,0,0,0,0,0,1,0,0,0,0,0,0,0,0,0,0,0,0,0,0,0,0,0,0,0,0,3,0,0,0,0,0,0,0,0,0,0,0,0,0,0,0,0,1,0,0,0,0,0,0,0,0,0,0,0,0,0,0,0,2,0,0,3,0,2,0,0,0,0,0,0,0,3,0,0,0,0,0,1,2,0,0,0,1,0,0,20,0,0,0,0,11,0,0,0,0,1,0,1,2,0,1,0,0,1,4,8,0,53,0,0,0,1,3,0,11,0,20,0,1,1,0,0,4,50,0,1,0,0,2,0,0,16,0,0,0,0,0,1,0,1,0,0,1,0,0,0,0,0,0,0,2,0,0,1,2,0,0,0,4,0,2,0,0,0,0,1,3,0,0,0,2,0,0,0,0,0,0,0,0,0,0,0,0,0,0,0,0,0,0,0,1,0,1,0,0,0,0,0,0,0,0,0,0,4,2,0,12,1,3,0,2,0,0,1,0,3,3,2,0,14,3,0,1,0,0,0,9,0,0,1,0,1,0,0,0,2,93,3,7,4,0,1,0,4,0,4,0,4,3,0,1,0,0,0,2,1,0,0,0,1,1,0,0,0,0,0,0,0,0,0,0,0,16,0,1,0,0,1,0,0,0,0,3,1,0,0,7,0,0,0,0,0,0,0,0,0,0,0,0,0,0,0,0,0,0,0,0,3,13,0,0,1,0,0,1,0,0,0,0,0,0,0,0,0,0,2,0,0,1,0
177,1830,INSTITUTO SALESIANO,RUA RIO GRANDE DO SUL 1661,GUAIRA,-25.47165993,-49.27919826,26,0,1299,1072,82,42,0,0,0,4,9,0,0,0,0,4,0,8,2,1,0,0,7,0,0,0,0,1,5,0,2,0,3,0,0,1,0,12,0,0,0,0,0,0,3,0,2,2,0,0,1,11,0,0,0,1,0,1,0,3,0,0,1,0,0,0,0,0,2,4,0,0,0,0,0,1,0,0,27,0,0,0,0,0,0,4,1,0,0,0,0,0,0,0,0,0,0,0,0,0,2,0,0,0,0,0,0,10,0,0,0,0,0,13,3,1,0,0,0,0,0,0,0,0,0,0,0,1,0,0,0,0,2,0,0,0,0,0,24,0,0,0,0,0,0,0,0,0,5,0,3,0,1,0,0,0,0,0,0,0,0,2,2,0,6,1,0,0,0,0,0,0,0,0,1,0,0,0,39,4,23,8,0,0,0,22,1,4,0,0,2,0,1,0,0,0,0,0,0,1,0,2,1,17,0,0,0,0,0,0,0,1,0,1,1,0,0,0,0,0,0,0,0,0,0,0,1,2,0,0,0,0,0,0,1,0,0,0,0,0,0,0,0,0,0,0,0,1,0,0,0,0,0,0,0,0,1,0,0,0,0,0,0,0,0,0,5,0,0,0,0,0,0,0,0,4,0,0,0,0,1,0,3,0,0,0,0,0,0,0,1,0,0,0,0,0,0,2,0,0,0,0,0,0,0,0,0,0,0,0,0,0,0,4,0,0,0,0,0,0,0,1,0,0,0,0,0,0,0,0,0,0,0,0,2,0,0,0,0,0,0,24,0,0,0,0,11,0,0,0,0,1,0,0,2,1,0,0,24,1,0,0,0,0,0,0,0,0,1,0,0,0,0,0,0,0,0,0,0,0,0,0,0,0,0,0,0,0,0,0,0,0,0,0,0,0,1,0,7,0,0,20,0,1,0,1,0,1,0,0,1,0,0,23,0,0,0,2,0,0,0,0,0,2,0,8,0,0,0,0,0,0,0,0,0,1,0,0,0,0,0,0,0,0,0,0,0,0,1,0,0,0,0,0,0,1,0,0,13,0,1,1,2,0,0,0,0,0,0,0,0,0,0,0,0,0,0,0,0,0,0,0,0,0,0,0,0,0,3,0,0,0,0,0,0,0,0,0,0,1,0,0,0,0,0,0,0,0,0,0,0,0,0,2,0,0,0,0,0,0,4,0,0,0,0,1,2,1,14,0,3,0,7,0,0,0,0,0,0,0,0,0,0,0,0,0,0,0,0,0,0,0,0,0,0,0,0,0,0,0,0,0,0,7,0,1,0,1,0,0,0,0,0,0,0,0,0,0,0,0,0,3,0,0,0,0,0,0,0,0,0,0,0,0,0,0,1,0,0,0,0,0,0,0,0,0,0,0,0,0,0,0,0,0,0,0,0,0,0,0,0,0,0,0,1,0,0,0,1,1,0,0,0,0,0,2,0,0,2,0,2,0,0,0,0,0,0,0,2,0,0,0,0,3,0,1,0,0,0,0,0,0,7,4,0,0,0,10,0,0,0,0,0,0,0,1,1,1,0,0,1,4,3,0,49,0,2,0,1,3,0,6,0,12,0,0,0,0,0,13,51,2,0,0,0,0,0,0,6,0,0,0,0,0,1,0,1,0,0,1,0,0,1,0,0,0,3,0,0,0,0,0,3,0,0,1,1,1,0,0,0,0,0,2,0,0,0,0,2,0,0,0,0,0,0,0,0,0,0,0,0,0,1,0,0,0,0,0,0,2,0,0,0,0,0,0,0,0,0,0,3,1,2,2,0,1,0,0,0,0,1,0,2,1,2,1,23,0,0,0,0,0,0,0,0,0,0,0,1,0,0,0,1,83,0,3,2,0,1,0,3,0,0,0,0,0,0,0,0,0,0,0,0,0,0,0,0,1,0,0,0,0,0,0,0,0,0,0,0,4,0,0,0,0,0,0,0,0,0,11,1,0,0,5,0,0,0,0,0,0,0,0,0,0,0,0,0,0,0,2,0,0,0,0,1,4,2,0,0,0,0,8,0,0,0,1,0,1,0,0,1,0,0,0,0,1,0
177,1848,ESCOLA ESTADUAL DORACY CEZARINO,RUA EUGENIO PAROLIN  588,PAROLIN,-25.46213836,-49.26278951,25,0,3150,2425,217,101,0,1,10,7,36,2,4,0,0,9,1,22,1,0,0,0,1,0,0,1,4,9,12,3,2,1,13,0,0,2,0,6,1,0,0,0,0,0,3,1,4,0,0,0,0,27,1,0,0,0,1,1,2,2,0,0,1,16,0,0,0,0,3,4,0,1,2,0,0,3,3,2,79,0,0,0,0,5,0,2,0,2,0,1,2,0,4,0,0,0,0,0,0,1,4,0,0,0,0,10,0,9,0,0,0,3,0,15,37,0,0,0,0,0,0,0,0,0,0,0,2,4,1,0,0,1,1,0,3,2,0,0,40,1,0,0,0,0,0,0,2,0,8,0,2,0,0,0,0,1,0,0,1,0,0,1,0,0,5,1,0,1,8,0,0,1,5,1,0,0,0,0,43,1,31,143,3,4,0,38,3,0,0,0,0,3,0,2,5,0,0,0,0,6,0,0,0,28,0,0,0,0,11,0,0,0,0,0,0,0,0,0,0,0,0,0,0,0,0,0,0,5,0,0,0,0,0,0,0,0,0,0,0,0,0,0,0,0,0,0,0,0,0,1,0,0,5,0,0,0,0,3,0,0,0,0,0,1,0,0,8,0,0,2,0,0,0,0,0,1,0,3,0,0,2,1,6,0,0,0,0,0,0,0,1,0,0,0,0,0,0,5,0,0,0,0,0,0,0,0,0,0,1,0,0,0,0,0,0,0,0,0,0,0,0,0,0,0,0,0,0,0,0,0,0,0,3,0,0,0,0,0,1,1,0,21,0,1,0,0,23,0,0,0,0,7,0,0,2,0,0,0,19,3,0,0,0,1,0,2,0,0,1,0,0,0,0,0,2,0,0,0,0,0,0,0,0,0,0,0,1,0,0,0,0,0,0,0,0,0,6,0,17,0,0,45,0,1,4,3,10,4,0,4,3,1,0,48,1,0,0,4,0,0,0,0,0,3,0,19,0,2,3,0,0,0,0,0,1,0,0,0,0,0,0,0,0,1,0,0,1,0,0,0,0,0,0,0,0,1,0,0,15,0,0,0,2,0,0,0,0,0,0,0,0,0,0,0,2,0,0,0,0,0,0,0,0,0,1,0,0,0,0,0,0,0,0,0,0,0,0,0,0,0,0,0,0,0,0,0,0,0,0,0,0,0,0,0,0,0,0,0,0,0,1,4,0,0,0,1,2,0,9,0,2,1,15,1,0,0,0,0,0,0,2,0,0,0,0,1,1,0,1,0,0,0,0,0,0,1,3,0,0,0,0,0,0,20,0,0,0,1,0,0,0,0,2,0,0,0,0,0,0,0,0,1,0,0,0,0,0,0,2,0,0,0,0,0,0,0,0,0,0,0,0,0,1,0,0,0,0,0,0,1,0,1,2,0,0,0,0,0,0,0,0,0,0,0,5,0,0,0,2,0,0,0,2,2,0,0,2,0,5,0,2,0,0,0,0,0,0,1,0,0,0,0,0,0,0,0,0,1,0,0,0,0,8,3,0,0,0,14,0,0,0,0,0,0,0,1,13,2,0,1,0,2,5,0,153,1,0,0,0,0,0,21,0,34,0,0,3,0,0,15,108,1,0,1,0,0,0,0,9,0,0,0,0,0,0,1,4,0,0,1,0,0,1,0,0,0,1,0,0,0,0,1,13,0,0,0,1,1,0,0,0,1,1,2,2,0,0,1,0,0,0,0,0,0,0,0,0,0,0,0,0,0,9,0,0,0,0,0,1,5,0,0,0,0,0,0,0,1,0,0,17,1,5,3,2,0,0,0,2,0,0,0,2,3,7,4,155,3,1,0,0,0,0,4,0,0,0,0,3,0,0,0,2,78,0,0,5,1,7,3,4,0,1,1,2,0,0,2,0,1,0,0,0,0,1,0,3,2,0,2,0,0,0,2,0,0,0,0,0,6,0,0,0,0,0,0,1,2,0,24,0,0,0,14,1,0,0,0,0,0,0,0,0,0,0,0,0,0,0,0,0,0,0,0,3,15,0,1,0,0,0,19,0,0,0,0,0,0,0,0,2,1,0,0,0,2,0
177,1856,SOCIEDADE BENEFICENTE MORGENAU,"AV SENADOR SOUZA NAVES, N. 945",CRISTO REI,-25.43130887,-49.24828359,6,0,1010,830,30,24,0,0,0,0,13,1,0,0,1,3,0,7,0,0,0,1,7,0,0,0,0,1,1,0,2,1,7,1,0,0,0,7,1,0,0,0,0,0,0,1,0,1,0,0,0,3,2,0,1,0,0,0,0,1,0,0,0,1,0,0,0,0,0,1,0,0,0,0,0,0,0,1,8,0,0,0,0,0,0,0,0,0,0,0,1,1,8,0,0,0,0,0,0,0,0,0,1,0,0,4,0,2,0,0,0,0,0,11,10,1,0,0,0,0,1,0,0,0,0,0,0,1,0,0,0,0,0,0,3,0,0,4,29,0,0,0,1,0,0,0,0,0,0,0,0,0,0,0,0,0,0,0,0,0,0,0,2,0,4,0,0,0,6,0,0,0,1,0,0,0,0,0,25,0,7,1,1,0,0,22,0,3,0,1,0,0,0,0,0,0,0,0,0,0,0,1,0,10,0,0,2,0,0,0,0,0,0,0,0,0,0,0,0,0,0,0,0,0,0,0,0,0,0,0,0,0,0,0,1,0,0,0,0,0,0,0,0,0,0,0,0,0,0,3,0,0,0,0,0,0,0,0,0,1,0,0,0,1,0,0,5,0,0,0,0,0,0,0,0,0,0,0,0,0,0,0,3,0,0,0,0,0,0,0,1,0,0,0,0,0,0,1,0,0,0,0,0,0,0,0,0,0,0,0,0,0,0,1,0,0,0,0,0,0,0,0,0,0,0,0,0,0,0,0,0,0,1,0,0,0,0,0,3,0,0,14,0,0,0,0,12,0,0,0,0,7,0,0,1,0,0,0,27,0,0,1,0,0,0,0,0,0,0,0,0,0,0,0,0,0,0,0,0,0,1,0,0,0,0,0,0,0,0,0,0,0,0,0,0,0,1,1,9,0,0,36,0,0,1,0,3,2,0,2,4,0,0,5,2,0,0,1,1,1,0,0,0,0,0,6,0,4,0,0,0,1,0,0,0,0,0,0,1,0,0,0,0,0,0,0,0,0,2,0,0,0,0,0,0,0,0,0,14,0,0,0,3,0,0,0,0,0,0,0,2,0,0,0,0,0,0,0,0,0,0,0,1,0,0,0,0,0,0,0,0,0,1,0,0,0,0,0,0,0,0,0,0,0,0,0,0,0,0,0,0,0,0,0,0,0,0,0,0,0,4,3,0,1,0,1,0,0,7,0,0,0,4,0,0,0,0,2,0,0,0,0,0,0,0,0,0,0,0,0,0,0,0,0,0,0,0,0,0,1,0,0,0,2,0,34,0,0,0,1,0,0,0,0,0,0,0,0,0,0,0,0,0,0,0,0,0,0,0,0,0,0,0,0,0,0,0,0,0,0,0,0,1,0,0,0,0,0,0,0,0,0,0,0,0,0,0,0,0,0,0,0,1,0,0,0,0,0,0,0,0,0,0,0,0,0,0,0,0,0,1,0,0,0,0,0,0,0,0,0,0,0,0,1,0,0,0,0,1,0,0,0,7,4,0,0,0,16,0,0,0,0,0,0,0,1,1,3,0,0,0,1,2,0,17,0,1,0,1,0,0,2,1,17,0,0,0,0,0,0,41,0,0,0,0,0,0,0,4,0,0,0,0,0,0,0,0,0,0,2,0,0,0,0,0,0,0,2,0,0,0,0,0,0,0,1,0,0,0,0,0,0,1,1,0,0,0,0,0,0,2,0,0,0,0,0,0,0,0,0,0,0,1,0,0,0,0,0,1,0,1,0,0,0,0,0,0,0,0,0,6,0,1,3,1,0,0,0,0,0,1,0,4,2,3,4,9,1,0,1,0,0,0,6,0,0,0,0,2,0,0,0,0,64,0,0,6,1,0,0,0,0,0,0,1,0,0,2,0,0,0,3,0,0,2,0,0,1,0,0,0,0,0,0,0,0,0,0,1,16,0,0,0,0,0,0,0,0,0,1,0,0,3,2,0,0,0,0,0,0,0,0,0,0,0,0,0,0,0,0,0,0,0,0,0,2,0,0,0,0,0,2,0,0,0,0,0,0,0,0,0,0,0,0,0,2,1
177,1864,COLEGIO BOM JESUS (CENTRO),R 24 DE MAIO   135,CENTRO,-25.4384742,-49.27298933,1,0,6333,4726,298,151,0,3,4,15,77,2,4,1,5,11,3,51,2,0,0,0,49,0,1,0,6,2,13,6,8,0,22,2,1,1,1,12,0,0,0,0,0,1,11,2,17,9,0,0,1,79,2,0,3,1,0,1,5,12,0,0,5,7,1,1,0,2,1,34,0,0,2,0,0,3,0,5,68,0,0,0,1,9,0,2,0,1,1,3,0,1,12,0,3,1,0,0,2,0,7,0,0,0,0,12,0,26,0,3,2,0,0,20,23,1,0,0,0,0,0,0,0,1,0,1,1,3,0,0,0,0,1,0,5,0,2,1,268,1,1,0,3,0,0,1,0,3,6,0,3,0,0,0,0,2,0,0,0,0,0,6,32,0,11,0,1,0,22,1,0,1,4,3,3,3,1,0,257,10,76,25,4,3,0,193,11,20,4,0,3,0,1,4,1,1,1,0,6,8,2,3,4,68,1,2,2,5,1,0,0,0,0,3,0,0,0,1,0,0,0,0,0,0,0,0,0,6,0,0,1,0,0,0,7,0,0,0,0,0,0,0,0,0,0,0,0,1,0,2,0,0,0,1,0,0,0,0,0,2,0,0,1,3,0,0,8,0,2,3,0,0,0,0,0,1,0,8,0,0,5,3,7,0,0,0,0,0,0,0,2,0,0,0,0,0,0,0,0,0,0,0,0,0,0,1,0,1,0,0,0,1,0,1,0,2,0,0,0,0,0,0,1,0,0,0,0,0,0,0,0,1,8,0,1,0,0,0,0,0,0,60,0,1,0,0,61,0,0,1,0,19,0,0,3,2,1,0,89,3,0,1,0,0,0,0,0,0,0,0,1,0,0,1,1,0,0,0,0,0,0,0,0,0,0,0,0,0,0,0,0,0,0,4,0,0,6,1,20,1,0,103,0,0,8,8,19,27,0,15,4,0,0,38,1,15,0,6,3,0,0,1,0,3,0,33,0,14,2,1,1,0,0,0,3,0,0,0,4,1,1,0,1,0,0,0,0,0,18,4,0,0,2,0,5,2,0,0,32,2,1,0,9,0,1,0,0,0,5,0,0,2,0,0,1,0,0,0,0,2,0,0,1,0,0,0,0,0,0,0,0,0,0,2,0,1,4,1,3,0,0,0,0,0,0,0,1,0,0,0,3,0,0,0,0,0,0,2,0,1,7,5,0,5,0,2,12,3,90,0,7,5,46,7,0,0,0,1,0,0,0,0,0,0,0,2,1,0,1,0,0,0,0,0,2,0,1,1,0,2,0,0,0,11,0,7,0,8,0,0,3,0,0,0,0,0,0,0,0,0,0,1,0,0,0,0,0,0,0,0,0,0,0,0,0,0,1,0,0,0,0,0,1,0,0,0,0,0,0,0,0,0,0,0,0,0,0,0,0,0,0,0,0,0,2,0,0,0,4,0,1,0,0,4,0,1,1,0,25,0,0,0,0,0,0,0,0,0,12,0,0,0,0,6,3,9,0,0,0,0,0,0,120,6,0,0,0,65,0,2,0,0,0,1,0,6,0,13,0,0,9,8,4,1,88,0,3,1,2,6,0,17,0,55,0,1,0,4,0,12,166,6,1,0,1,2,0,0,19,0,1,0,1,0,0,1,4,1,0,11,0,0,1,0,0,0,2,3,2,1,1,1,3,0,2,9,2,2,0,1,0,2,1,27,11,2,0,4,1,1,0,0,1,0,0,0,0,0,0,0,0,1,2,0,1,0,0,1,2,2,2,0,0,0,0,0,0,0,0,0,11,4,9,17,4,3,2,3,2,1,3,0,6,4,24,3,55,13,2,1,0,0,0,17,0,0,6,0,3,0,0,0,2,250,2,13,21,0,19,5,25,0,7,4,6,3,3,3,0,0,0,3,0,0,0,0,2,3,0,1,0,0,0,1,0,0,0,0,0,21,0,0,0,0,2,0,2,0,0,8,0,0,2,7,1,0,0,0,0,0,0,0,0,3,0,1,2,0,0,4,2,2,0,1,2,11,0,0,0,0,0,12,0,0,0,0,0,0,0,0,3,3,0,0,1,3,0
177,1872,FACULDADE INTERNACIONAL DE CURITIBA (FACINTER),"RUA SALDANHA MARINHO, 131",CENTRO,-25.42879487,-49.27313812,1,0,396,310,13,16,0,0,0,0,3,1,0,1,0,1,0,3,1,0,0,0,2,1,0,0,0,0,3,1,1,0,2,0,0,0,0,0,0,0,0,0,0,0,0,0,0,0,0,0,0,3,0,0,0,0,0,0,3,0,0,0,0,1,0,0,0,0,0,1,0,0,0,0,0,0,0,0,9,0,0,0,0,0,0,0,0,0,0,0,0,0,1,0,0,0,0,0,0,0,0,0,0,0,0,2,0,3,0,0,0,0,0,3,2,0,0,0,0,0,0,0,0,0,0,0,0,0,0,0,0,0,0,0,0,0,0,1,15,0,0,0,0,0,0,0,0,0,0,0,0,0,0,0,0,0,0,0,0,0,0,5,2,0,1,0,0,0,1,3,0,0,1,0,0,1,0,0,16,0,8,3,0,0,0,14,1,1,0,0,0,0,0,0,0,0,0,0,0,0,0,0,0,13,0,0,1,0,0,0,0,0,0,1,0,0,0,0,0,0,0,0,0,0,0,0,0,1,0,0,0,0,0,0,0,0,0,0,0,0,0,0,0,0,0,0,0,0,0,0,0,0,0,0,0,0,0,0,0,0,0,0,0,1,0,0,0,0,0,1,0,0,0,0,0,0,0,0,0,0,0,0,0,0,0,0,0,0,0,0,0,0,0,0,0,0,0,0,0,0,0,0,0,0,0,0,0,0,0,0,0,0,0,0,0,0,0,0,0,0,0,0,0,0,0,0,0,0,0,0,0,0,1,0,0,0,0,0,0,0,0,3,0,0,0,0,0,0,0,0,0,0,0,0,0,0,0,0,7,0,0,0,0,0,0,0,0,0,0,0,0,0,0,0,0,0,0,0,0,0,0,0,0,0,0,0,0,0,0,0,0,0,0,0,0,0,0,0,7,0,0,4,0,0,2,1,0,0,0,3,0,1,0,5,0,1,0,0,0,0,0,0,0,0,0,2,0,0,0,0,0,0,0,0,0,0,0,0,0,0,0,0,0,0,0,0,0,0,0,0,0,0,0,0,0,0,0,0,1,0,0,0,0,0,0,0,0,0,0,0,0,0,0,0,0,0,0,0,0,0,0,0,0,0,0,0,0,0,0,0,0,0,0,0,0,0,0,0,0,0,0,0,0,0,0,0,0,0,0,0,0,0,0,0,0,0,0,0,0,0,0,0,0,0,0,0,1,1,1,0,0,0,1,0,0,0,0,0,0,0,0,0,0,1,0,0,0,0,0,0,0,0,0,0,0,0,0,0,0,0,0,0,0,0,0,0,0,0,0,0,0,0,0,0,0,0,0,0,1,0,0,0,0,0,0,0,0,0,0,0,0,0,0,0,0,0,0,0,0,0,0,0,0,0,0,0,0,0,0,0,0,0,0,0,0,0,0,0,0,0,0,0,0,0,0,0,0,0,0,0,0,0,0,0,0,0,0,0,1,0,0,0,0,0,0,0,0,0,1,0,0,0,0,1,0,2,0,0,0,0,0,0,2,0,0,1,0,1,0,0,0,0,0,0,0,0,0,0,0,0,2,2,0,0,6,0,0,0,0,0,0,0,0,9,0,0,0,0,0,0,16,0,0,0,0,0,0,0,2,0,0,0,0,0,0,0,0,0,0,0,0,0,0,0,0,0,0,0,0,2,0,0,0,0,0,6,0,0,0,0,0,0,0,2,0,0,0,0,0,0,0,0,0,0,0,0,0,0,0,0,0,0,0,0,0,0,0,0,0,0,0,0,0,0,0,0,0,0,0,0,0,1,0,0,0,0,0,0,1,0,0,0,0,4,2,0,5,1,0,0,0,0,0,0,0,0,0,0,0,0,0,0,0,12,0,0,0,0,2,0,1,0,2,1,0,0,0,0,0,0,0,0,0,0,0,0,0,0,0,0,0,0,0,0,0,0,0,0,1,5,0,0,0,0,1,0,0,0,0,0,0,0,0,0,0,0,0,0,0,0,0,0,0,0,0,0,0,0,0,0,0,0,0,0,0,2,0,0,0,0,0,1,0,0,0,0,0,0,0,0,0,0,0,0,0,0,0
177,1880,ESCOLA MUNICIPAL BATEL (ESCOLA ESTADUAL DEZENOVE DE DEZEMBRO),RUA DESEMBARGADOR MOTTA  2082,CENTRO,-25.43650529,-49.28172644,1,0,1625,1284,53,47,0,0,0,3,14,0,3,0,0,4,0,13,0,0,0,0,18,0,0,0,2,1,5,0,3,1,9,0,0,0,0,3,0,0,0,0,1,0,0,2,1,1,0,0,0,5,1,0,0,2,0,0,1,6,0,0,0,0,0,1,2,0,1,17,0,0,0,0,0,0,0,3,20,0,0,0,0,2,0,0,0,0,0,2,0,0,5,0,0,0,0,0,0,0,0,0,0,0,0,0,0,10,0,0,1,0,0,10,3,0,0,0,0,0,0,0,0,1,0,0,3,4,0,0,0,0,0,0,1,1,0,0,91,0,0,0,0,0,0,0,1,0,5,0,1,0,0,0,0,0,0,0,0,0,0,3,9,0,4,0,0,0,4,0,0,0,0,0,0,3,0,0,51,5,14,6,2,1,0,33,3,3,0,0,0,0,4,1,1,1,0,0,0,1,0,0,1,21,0,0,0,0,1,0,0,0,0,0,0,0,0,0,0,0,0,0,0,0,1,0,0,1,0,0,1,0,0,0,1,0,0,0,0,0,0,0,0,0,0,0,0,0,0,4,0,0,0,0,3,0,0,0,0,0,0,0,1,1,0,0,5,0,1,0,0,0,0,0,0,2,0,3,0,1,0,0,3,0,0,0,0,0,0,0,3,0,0,0,0,0,0,6,0,0,0,1,0,0,0,0,0,0,0,0,0,0,1,0,0,0,0,0,0,0,0,2,0,0,0,1,0,0,0,0,0,0,2,0,1,0,0,0,0,0,0,22,0,0,0,0,26,0,0,0,0,2,0,0,0,0,0,0,33,0,0,0,0,0,0,0,0,0,1,0,0,0,0,0,0,1,0,0,0,0,0,0,0,0,0,0,0,0,0,0,0,0,0,0,0,0,3,4,12,0,0,34,0,0,1,2,5,5,0,6,1,0,0,12,0,0,0,0,0,0,0,0,0,0,0,4,0,1,2,1,0,0,0,0,0,0,0,0,0,0,1,0,2,0,0,0,0,0,2,0,0,0,0,0,0,1,0,0,12,0,1,1,3,0,0,0,0,0,0,0,0,0,0,0,0,0,0,0,0,0,0,0,0,0,0,0,0,0,0,0,0,0,0,0,0,0,0,0,0,0,0,0,0,0,0,0,0,0,0,0,0,0,0,0,0,0,0,0,0,0,3,1,0,0,0,5,4,0,31,2,5,2,15,1,0,0,0,4,0,0,0,0,0,0,0,0,0,0,0,0,0,0,0,1,1,0,0,0,0,0,0,0,0,1,0,1,0,0,0,0,0,0,0,0,0,0,0,0,0,0,0,1,0,0,0,0,0,0,0,0,0,0,0,0,0,0,0,0,0,0,0,0,0,0,0,0,0,0,0,0,0,0,0,0,0,0,0,0,0,0,0,0,0,0,1,0,0,0,0,0,0,1,0,2,0,0,0,0,2,0,2,0,0,0,0,1,0,0,6,0,0,1,0,4,0,1,0,0,0,1,0,0,31,1,0,0,1,20,0,1,0,0,1,0,0,1,0,3,0,0,3,6,3,0,16,0,0,0,0,0,0,8,0,24,0,2,0,1,0,3,49,1,2,0,0,2,0,0,7,0,0,0,0,0,0,0,0,0,0,8,0,0,0,0,0,0,0,0,0,1,0,0,1,0,0,0,0,0,0,0,0,0,2,0,1,0,0,0,0,0,0,0,0,0,0,0,0,0,0,0,0,0,0,0,0,0,0,0,0,0,0,0,0,0,0,0,0,0,0,0,3,1,4,5,0,0,0,2,1,1,2,0,1,2,5,2,13,1,0,0,0,1,0,0,0,0,2,0,1,0,0,0,1,74,5,2,8,0,7,0,6,0,2,4,2,0,0,1,0,0,0,5,0,0,0,1,0,1,0,0,0,0,0,0,0,0,0,0,0,3,0,0,0,0,0,0,1,0,0,1,0,0,1,0,0,0,0,0,0,0,0,0,0,0,0,0,0,0,0,0,0,1,0,0,2,6,0,0,0,0,0,2,0,0,0,0,0,0,0,0,0,0,0,0,0,0,0
177,1899,COLEGIO BOM JESUS (ÁGUA VERDE),"RUA NESTOR VICTOR, 910",ÁGUA VERDE,-25.45728382,-49.27247158,9,0,3572,2985,171,115,0,0,3,4,36,1,3,0,3,8,0,38,0,0,0,0,26,0,0,0,2,3,13,2,4,0,10,0,0,0,0,24,2,0,0,0,0,0,10,1,22,5,0,0,2,20,0,3,1,0,0,1,3,6,0,3,1,5,0,0,5,0,1,12,0,0,0,0,0,1,0,5,32,1,0,0,0,4,0,2,0,0,0,3,0,2,18,0,0,0,0,0,2,0,4,0,1,0,0,9,0,13,0,0,0,1,0,27,18,0,0,0,0,0,1,0,0,0,0,0,1,3,0,0,0,0,1,0,4,2,0,4,121,0,1,0,1,0,1,0,0,0,6,2,5,0,7,0,2,5,0,0,1,2,3,2,20,0,6,0,0,0,21,1,0,0,2,1,2,1,1,0,103,6,35,16,1,0,0,71,2,2,1,1,3,0,0,2,0,0,0,0,0,2,0,2,1,38,0,0,0,0,4,0,0,0,0,0,1,0,0,0,0,0,0,0,0,0,0,0,0,7,0,0,1,0,0,0,0,0,0,0,0,1,1,0,0,0,0,0,0,3,0,3,0,0,1,0,0,0,0,0,0,1,0,0,0,2,0,0,10,0,0,1,1,0,0,0,0,3,1,0,0,0,0,0,4,0,0,0,2,0,0,0,4,4,0,0,0,0,0,2,0,0,0,0,0,0,1,0,0,0,0,0,0,0,0,2,0,0,0,0,0,0,0,4,0,0,0,0,0,0,1,0,0,0,1,0,4,0,0,0,0,1,0,62,0,0,3,0,53,0,0,0,0,15,0,0,3,0,0,0,60,0,0,1,0,0,0,3,0,0,0,0,0,0,0,0,0,0,0,0,0,0,0,0,0,0,0,0,1,0,0,0,0,0,0,0,0,0,5,1,27,0,0,64,1,0,5,4,12,5,0,8,6,2,0,44,1,0,0,4,0,0,0,1,0,1,1,52,0,2,2,0,0,0,4,0,0,0,1,0,7,0,0,0,0,0,0,0,1,0,15,0,0,1,0,0,1,0,0,1,14,0,0,0,6,0,1,0,0,0,0,0,0,0,0,0,0,0,0,0,0,0,0,0,5,0,2,0,0,0,3,0,0,0,0,0,1,0,3,0,0,0,0,0,0,0,0,0,1,1,0,0,0,0,0,0,0,0,0,2,0,0,5,0,0,1,3,5,6,1,54,1,3,0,31,3,0,0,0,2,0,0,0,0,0,1,0,0,0,0,6,0,0,0,0,0,0,0,0,0,0,0,0,0,0,17,1,8,0,5,0,1,9,0,1,0,0,0,0,0,0,0,0,5,0,0,0,0,0,0,2,0,0,0,0,0,0,0,0,0,0,0,0,0,0,0,0,0,3,0,0,0,0,0,1,0,0,0,0,0,0,0,0,0,0,1,3,0,0,0,1,0,2,0,1,1,0,0,0,0,2,0,2,0,0,0,0,0,2,0,6,0,0,0,0,7,1,4,0,0,0,0,1,1,41,7,0,0,0,51,0,0,0,0,0,1,0,2,7,6,0,0,6,7,1,0,97,0,2,0,0,6,0,11,0,41,1,2,2,3,0,19,103,0,0,0,0,2,0,0,14,0,0,0,0,0,0,1,2,4,0,7,0,0,1,0,0,0,1,1,0,0,1,1,5,0,1,4,1,1,0,0,0,0,0,7,3,1,0,2,0,0,0,0,1,0,1,0,0,0,0,0,1,0,0,0,0,0,0,0,1,3,0,0,0,0,0,0,0,0,1,0,9,11,3,10,4,1,0,4,3,1,2,0,4,6,12,3,22,7,1,0,0,0,0,9,0,1,5,0,0,0,0,0,2,182,1,3,15,0,7,1,11,0,3,1,7,2,0,2,0,1,0,2,0,0,0,2,0,9,0,0,0,0,0,0,0,2,0,0,2,5,0,0,0,0,1,0,0,0,0,1,0,0,0,14,0,0,0,0,0,0,0,0,0,0,0,0,0,0,0,1,2,6,0,0,7,20,3,0,1,0,0,17,0,0,0,0,0,0,0,0,1,14,0,0,0,7,0
177,1902,FACULDADE DOM BOSCO,AV WENCESLAU BRAZ 1046,GUAIRA,-25.47182976,-49.26554031,26,0,3403,2720,236,127,0,1,4,7,19,0,0,0,0,3,0,39,2,0,0,0,22,0,0,1,0,3,11,1,0,0,15,2,1,0,3,15,0,0,0,0,1,1,2,0,6,5,0,0,1,39,1,0,0,0,0,0,6,4,0,0,3,17,0,3,2,0,0,6,0,0,2,0,0,2,0,2,57,0,0,0,0,8,0,3,0,0,1,0,0,0,10,0,0,0,0,0,0,0,4,0,0,0,0,3,0,13,1,0,0,0,0,21,17,0,0,0,0,0,0,0,0,1,0,0,11,2,0,0,0,0,0,0,3,0,0,2,79,0,0,0,0,2,0,0,0,3,8,0,3,1,0,0,0,1,0,0,0,0,0,6,5,0,9,0,0,2,10,0,0,1,1,1,0,0,0,0,48,4,42,57,3,0,0,54,2,10,0,0,0,0,1,0,3,0,0,0,0,4,1,1,0,28,0,0,0,0,4,0,0,0,0,0,0,0,0,1,0,0,0,0,0,1,0,0,0,4,0,0,4,0,0,0,0,0,1,0,1,0,2,0,0,0,1,0,0,1,0,1,0,0,1,0,0,0,0,0,0,0,0,0,0,0,1,0,13,0,0,0,0,0,0,0,2,4,0,3,2,2,3,2,4,0,0,0,1,0,0,0,3,0,0,0,0,0,0,0,0,0,0,0,0,0,0,0,0,0,0,0,0,0,0,2,0,0,0,0,0,0,0,2,0,0,0,0,0,0,0,0,0,0,1,0,2,0,0,0,0,0,0,28,1,0,4,0,45,0,0,0,0,9,0,2,8,3,0,0,40,4,0,0,0,0,3,0,0,0,0,0,0,0,0,0,1,0,0,0,0,0,0,0,0,0,0,0,0,0,0,0,0,0,0,0,0,0,6,0,17,0,0,53,0,2,0,2,6,7,0,8,3,0,0,50,0,0,1,1,1,0,0,0,0,0,1,51,0,2,0,1,0,0,0,0,1,0,0,0,2,1,0,0,3,0,0,0,0,1,2,0,0,0,0,0,5,1,0,0,21,0,1,0,7,0,0,0,0,0,0,0,0,0,0,0,0,0,0,0,0,0,0,0,1,0,1,0,0,0,9,1,0,0,0,0,0,0,1,0,0,0,0,0,0,0,0,0,0,0,0,0,0,0,0,0,0,0,0,0,0,0,1,2,1,0,4,4,4,1,31,0,8,0,25,0,0,0,0,0,0,0,0,0,0,0,0,0,0,0,6,1,0,0,0,0,2,2,0,1,0,2,0,0,0,18,0,0,0,12,0,0,1,0,0,0,0,0,0,0,0,0,0,0,0,0,0,0,0,1,0,0,0,0,0,0,0,1,0,0,0,0,0,0,1,1,0,0,0,0,0,1,0,0,1,0,0,0,0,0,0,0,0,0,0,0,3,0,0,0,3,0,0,0,4,1,0,0,1,1,2,0,0,0,0,0,0,0,0,0,3,0,0,1,0,0,0,1,0,0,0,0,1,1,31,5,0,0,0,19,0,0,1,0,0,0,0,1,6,2,1,0,2,8,3,0,122,0,5,0,3,2,0,14,2,44,1,2,6,0,0,21,147,2,1,0,2,0,0,0,10,1,0,0,0,0,1,0,4,0,2,6,0,0,0,0,0,0,2,1,0,0,0,0,0,0,0,1,0,0,0,0,1,0,0,5,3,1,0,1,0,0,0,0,0,0,0,0,0,0,0,0,0,0,6,0,0,1,0,2,2,1,0,0,0,0,0,0,0,0,0,0,14,8,1,9,1,0,0,0,1,2,3,0,2,2,6,2,45,2,0,0,0,0,0,4,1,1,2,0,1,0,0,0,0,125,5,3,10,0,4,1,6,0,0,0,7,3,0,0,1,1,0,3,0,0,0,0,4,0,0,1,0,0,0,2,0,0,0,0,1,7,0,0,0,0,2,0,0,1,0,17,0,0,0,16,0,0,0,0,0,0,4,0,0,1,0,1,0,0,0,1,1,0,0,0,8,31,0,1,2,0,0,21,0,0,0,0,0,0,0,0,2,10,0,0,0,3,0
177,1910,ESCOLA MUNICIPAL PROFESSORA NANSYR CECATO CAVICHIOLO,"RUA FRANCISCO PAROLIN, 930",PAROLIN,-25.46506806,-49.26390398,25,0,1167,890,88,42,0,0,1,2,12,1,1,0,1,5,1,9,1,0,3,0,4,1,0,0,0,2,4,4,1,0,5,1,0,0,0,3,0,0,0,0,0,0,1,1,2,0,0,1,0,16,0,0,0,0,0,0,0,0,0,0,0,7,0,0,1,0,0,3,0,1,4,0,0,1,0,0,22,0,0,0,0,1,0,2,1,0,0,0,0,0,5,0,0,0,0,0,0,1,0,0,0,0,0,0,0,2,0,0,0,1,0,9,12,0,0,0,0,0,0,0,0,0,0,0,0,0,0,0,0,0,0,0,0,0,0,1,21,0,0,0,0,0,0,0,0,0,1,0,4,0,0,0,0,0,0,0,0,0,0,3,0,0,1,0,0,0,3,0,0,0,1,0,0,0,0,0,19,0,11,68,0,0,0,12,2,1,0,0,0,0,0,0,1,0,1,0,0,0,0,0,0,7,0,0,0,0,2,0,0,0,0,0,0,0,0,0,0,0,0,0,0,0,0,0,0,2,0,0,0,0,0,0,0,0,0,0,0,0,0,0,0,0,0,0,0,0,0,0,0,0,1,0,0,0,0,0,0,0,0,0,0,0,0,0,2,0,0,0,0,0,0,0,0,0,0,0,1,0,0,0,0,0,0,0,0,0,0,0,0,0,0,0,0,0,0,0,0,0,0,0,0,0,0,0,0,0,0,0,0,0,0,0,0,0,0,0,0,0,0,0,0,0,0,0,0,0,0,0,0,0,0,0,0,0,0,0,0,0,0,7,0,0,0,0,5,0,0,0,0,7,0,0,1,0,0,0,9,0,0,0,0,0,0,0,0,0,1,0,0,0,0,0,0,0,0,0,0,0,0,0,0,0,0,0,0,0,0,0,0,0,0,0,0,0,2,1,3,0,0,6,0,0,3,1,1,1,0,0,1,0,0,22,1,2,0,0,0,0,0,0,1,0,0,6,0,1,0,0,0,0,0,0,0,0,0,0,0,0,0,0,1,0,0,0,0,0,0,0,0,0,0,0,0,0,0,0,7,0,0,0,0,0,0,0,0,0,0,0,0,0,0,0,0,0,0,0,0,0,0,0,0,0,0,0,0,0,1,1,0,0,0,0,0,0,0,0,0,0,0,0,0,0,0,0,0,0,0,0,0,0,0,0,0,0,0,0,1,0,0,0,0,0,0,0,1,0,2,0,0,0,5,1,0,0,0,0,0,0,1,0,0,0,0,0,0,0,1,0,0,0,0,0,0,0,0,0,0,0,0,0,0,5,0,0,0,0,0,0,0,0,1,0,0,0,0,0,1,0,0,0,0,0,0,0,0,0,1,0,0,0,0,0,0,0,1,0,0,0,0,0,0,0,0,0,0,0,0,0,0,0,4,0,0,0,0,0,0,0,0,0,0,0,2,0,0,0,0,0,0,0,0,1,0,0,0,0,0,0,0,0,0,0,0,0,0,0,0,0,0,0,0,0,0,0,0,0,0,0,0,0,9,3,0,0,0,3,0,0,0,0,0,0,0,0,4,3,0,0,0,2,1,0,53,0,0,0,0,0,0,13,1,7,0,0,0,0,0,5,33,2,0,0,1,0,0,0,2,0,0,0,0,0,1,0,1,0,0,0,0,0,0,0,0,0,0,1,0,0,0,0,2,0,0,0,0,0,0,0,0,0,0,0,1,0,0,0,0,0,0,0,0,0,0,0,0,0,0,0,0,0,0,0,0,0,0,0,0,1,0,0,0,0,0,0,0,1,0,0,2,5,0,0,2,1,0,0,0,0,0,0,1,3,2,0,91,1,0,0,0,3,0,4,0,0,0,0,0,0,0,0,0,15,0,0,2,0,2,1,1,0,0,0,0,2,0,0,0,0,0,0,0,0,0,0,2,1,0,0,0,0,1,0,0,0,0,0,0,2,0,0,0,0,0,0,0,0,0,13,0,0,0,0,0,0,0,0,0,0,0,0,0,0,0,0,0,0,0,0,0,0,0,0,1,4,0,0,0,0,0,5,0,0,0,0,0,0,0,0,0,1,0,0,0,1,0
177,1929,COLÉGIO BOM JESUS - NOSSA SENHORA DE LOURDES (CRISTO REI),"RUA FIORAVANTE DALLA STELLA, N. 90",CRISTO REI,-25.43451249,-49.24702678,6,0,7137,5771,257,184,0,3,3,16,100,2,5,0,1,11,0,54,2,2,0,0,115,1,2,0,2,3,15,3,11,2,24,1,1,1,0,38,2,0,0,0,0,3,8,0,14,10,0,3,1,30,6,3,0,0,1,0,4,12,0,1,4,11,0,3,8,0,5,34,0,0,0,0,0,4,0,5,57,2,0,2,0,18,0,3,0,2,0,2,0,3,27,1,0,0,3,1,0,1,1,0,1,1,0,15,0,42,0,1,1,1,0,26,17,1,0,0,0,0,0,1,0,0,0,0,5,8,0,0,0,0,3,1,12,6,1,14,353,1,0,0,3,4,0,1,3,5,5,0,2,0,3,0,0,3,0,7,0,2,0,6,49,0,13,2,1,1,24,2,0,0,2,1,1,3,1,0,224,12,88,24,1,3,0,182,4,17,0,2,3,0,0,0,1,0,0,0,4,9,0,4,6,123,0,0,1,0,0,0,0,0,0,2,0,0,0,0,1,0,0,0,0,0,1,0,0,3,0,0,5,0,1,2,4,0,0,0,0,1,0,0,0,0,0,0,1,1,0,5,0,1,0,0,3,0,0,5,0,1,0,1,2,1,0,1,21,0,0,4,0,0,0,0,0,1,0,1,0,2,10,9,9,0,2,0,0,0,0,1,9,0,0,0,0,0,0,6,1,0,0,0,0,0,1,0,0,0,0,0,0,3,2,1,0,4,0,0,0,0,0,2,0,0,0,1,0,0,1,0,0,3,12,1,1,0,0,0,1,0,0,73,1,1,5,0,102,1,0,0,0,53,0,1,4,0,0,1,164,2,0,1,0,1,0,1,0,0,0,0,0,0,0,1,1,0,0,0,0,0,0,0,0,0,0,0,1,0,0,0,0,0,0,1,0,0,20,9,27,0,0,142,1,0,5,8,40,32,1,12,11,1,0,51,5,1,0,3,0,1,0,0,0,8,0,42,0,12,4,0,0,0,0,0,1,0,0,0,9,0,2,0,2,1,1,0,0,0,23,1,1,2,0,0,3,2,0,0,47,0,0,1,18,2,1,0,0,0,1,0,1,0,2,0,1,0,0,0,0,0,0,0,3,2,0,0,0,1,0,0,0,0,1,0,0,0,4,0,0,0,0,0,0,0,0,0,0,0,0,0,0,0,0,0,0,0,0,0,0,1,4,7,1,5,2,13,15,2,91,0,12,1,76,2,1,0,1,3,0,0,0,1,0,0,1,3,0,0,3,0,0,1,0,0,4,0,7,2,0,0,0,0,1,13,0,88,0,7,1,0,6,0,1,0,0,0,0,0,1,0,0,4,0,0,0,0,0,0,0,0,0,1,0,0,0,0,0,0,0,0,0,0,1,0,0,0,0,0,0,0,0,0,0,0,0,0,0,0,0,0,0,0,0,0,2,0,0,0,2,0,3,0,0,4,0,0,0,0,6,0,4,0,0,0,0,0,0,0,17,0,0,0,0,10,6,5,0,0,0,1,2,0,114,18,0,2,0,86,0,5,3,0,0,0,3,7,1,22,0,1,4,10,7,0,99,0,7,0,1,4,0,30,2,74,0,5,0,0,0,5,194,5,1,1,1,5,0,0,36,0,0,0,0,0,1,0,1,1,0,6,0,0,0,0,0,0,4,5,0,1,1,0,4,0,0,0,7,1,0,2,0,0,2,20,8,0,0,1,0,0,3,0,1,0,0,0,0,0,0,0,0,1,2,0,0,0,0,3,0,3,0,0,0,0,0,0,0,0,0,0,14,4,8,15,11,0,0,10,6,1,9,0,3,10,27,8,61,6,2,2,0,0,2,25,2,0,4,0,2,0,2,0,0,327,14,5,28,2,24,2,21,0,5,1,8,4,0,3,0,0,1,1,0,0,3,0,5,5,0,1,0,0,2,4,0,2,0,1,0,54,0,1,0,0,1,0,0,0,0,2,0,0,0,16,0,0,0,0,3,0,2,0,0,0,0,1,2,0,0,1,2,1,0,0,5,17,0,0,0,0,0,22,3,0,0,0,0,0,0,0,1,2,0,0,0,2,2
177,1937,FACULDADE DE DIREITO DA UNIVERSIDADE FEDERAL DO PARANA,PRACA SANTOS ANDRADE   50,CENTRO,-25.42906287,-49.26748216,1,0,4047,3127,175,80,0,2,4,7,61,1,3,1,0,7,2,37,1,0,0,0,25,0,0,0,3,5,8,9,7,0,8,1,1,0,0,13,1,0,0,0,0,0,5,2,7,5,0,2,3,24,0,0,0,0,0,0,4,6,0,0,0,7,0,1,1,0,4,16,1,1,0,0,0,0,0,1,46,0,0,0,0,11,3,2,0,0,0,2,0,1,12,0,0,0,0,0,1,0,0,1,0,1,0,3,0,12,0,2,0,0,0,17,12,1,0,0,2,0,1,0,0,1,0,0,1,2,0,0,0,0,1,2,0,1,2,0,227,0,0,0,0,0,0,0,1,0,4,0,2,0,4,0,0,1,0,0,0,0,1,6,19,0,9,0,0,0,23,2,1,0,1,2,0,4,3,0,254,24,47,31,0,3,0,142,9,23,0,2,3,3,0,2,0,0,0,0,3,3,1,10,9,105,0,1,0,1,0,0,0,0,0,0,0,0,1,0,1,0,0,0,0,0,0,0,0,3,0,0,0,0,0,0,3,0,1,0,1,1,0,0,0,0,0,0,0,1,0,1,0,0,0,0,2,0,0,0,0,0,0,0,1,2,1,0,3,0,0,1,0,0,0,0,1,1,0,0,1,0,6,1,8,0,0,0,0,0,0,0,7,0,0,0,0,0,0,2,0,0,0,0,0,0,0,2,0,0,0,0,0,1,0,1,0,1,0,0,0,0,0,0,0,0,0,0,0,0,0,0,0,2,8,1,0,0,0,0,0,0,0,21,0,0,0,0,39,0,0,0,0,14,0,0,6,0,0,0,65,3,0,1,0,0,1,0,0,0,1,1,0,0,0,1,0,0,0,0,0,0,0,0,0,0,0,0,0,0,0,0,0,0,0,0,0,0,3,0,21,0,0,66,0,0,3,5,14,8,1,10,5,0,0,31,6,1,1,0,1,1,0,1,0,1,0,23,0,4,0,0,0,0,1,0,0,0,1,0,1,1,0,0,0,0,0,0,0,0,7,0,1,0,0,1,1,1,0,0,22,0,0,0,5,0,0,0,0,0,1,0,0,0,0,0,0,0,0,0,0,0,0,0,1,0,0,0,0,0,0,0,0,0,0,0,0,0,0,0,2,0,0,0,0,0,0,1,0,1,0,0,0,0,0,0,0,0,1,1,0,1,3,2,1,0,2,3,7,1,35,0,7,1,28,4,0,0,0,2,0,0,1,0,0,0,0,1,0,0,0,1,0,0,0,0,3,1,2,0,0,0,0,0,0,5,0,4,0,5,0,1,2,0,0,0,1,0,0,0,0,0,0,0,0,0,0,0,0,1,0,0,0,0,0,0,0,0,0,0,0,0,0,0,0,0,0,0,1,0,0,0,0,0,0,0,0,0,0,0,0,0,0,0,0,0,3,0,0,0,1,0,0,0,1,4,0,0,0,0,13,0,0,0,0,0,0,0,0,2,14,0,0,0,0,1,1,3,0,0,0,1,1,1,68,8,1,2,0,27,0,1,0,0,0,0,0,8,1,11,0,0,4,2,2,0,54,0,2,2,3,1,0,7,0,41,0,0,1,0,1,7,88,5,0,0,0,2,0,0,12,0,1,0,0,0,0,3,3,0,1,1,2,0,0,0,0,0,1,1,0,0,0,0,7,0,1,14,0,3,3,2,0,0,2,21,6,1,0,4,0,0,0,0,1,0,0,0,0,0,0,0,0,0,1,0,0,1,0,0,0,2,0,0,0,0,0,0,0,0,0,0,4,3,0,9,1,0,0,0,1,1,3,0,2,4,7,6,24,2,2,0,0,0,0,14,0,0,1,0,4,1,0,1,1,121,5,6,20,0,8,0,11,0,6,6,2,2,2,0,0,0,0,4,0,0,0,1,2,3,0,0,0,0,0,3,0,0,0,0,2,21,0,2,1,0,0,1,0,0,0,3,0,0,2,1,0,0,0,0,0,0,0,0,0,0,0,0,0,0,0,0,0,0,0,0,3,18,0,0,0,0,0,3,0,0,0,0,0,1,0,0,1,4,0,0,2,0,1
177,1945,SETOR DE CIÊNCIAS HUMANAS DA UNIVERSIDADE FEDERAL DO PARANA,R GENERAL CARNEIRO   460,CENTRO,-25.42668363,-49.26187041,1,0,2804,2266,84,82,0,1,1,7,58,0,4,0,0,9,0,26,1,0,1,0,18,1,0,0,0,2,5,1,7,0,7,1,0,0,0,13,1,1,0,0,0,0,0,1,5,2,0,2,2,6,0,0,0,0,3,0,1,3,0,0,1,4,0,3,2,0,3,26,0,1,0,0,0,0,0,1,27,0,0,0,0,7,0,0,0,0,0,0,0,0,12,0,0,0,0,1,0,1,4,0,0,0,0,5,0,12,0,0,2,0,0,9,4,0,0,0,0,0,1,0,0,0,0,0,3,2,0,0,0,0,0,0,4,2,1,5,197,0,0,0,1,0,0,0,1,0,4,0,4,0,2,0,0,3,0,0,0,0,0,2,20,0,6,0,0,0,10,0,0,0,0,0,2,1,2,0,142,14,35,14,1,0,0,80,4,16,0,0,2,0,0,1,0,0,0,0,2,7,0,2,4,54,0,0,0,0,0,0,0,0,0,0,0,0,2,0,1,0,0,0,0,0,0,0,0,3,0,0,0,0,1,0,3,0,0,0,0,0,1,0,0,0,0,0,0,0,0,1,0,0,1,0,2,0,0,0,0,0,0,0,1,3,0,0,5,0,0,2,0,0,0,0,0,0,0,4,0,0,0,4,3,0,0,0,1,0,0,0,3,0,0,0,0,0,0,1,0,0,0,0,0,0,0,1,0,0,0,0,0,0,0,0,0,0,0,0,0,0,0,1,0,0,0,0,0,0,0,0,0,1,5,1,0,0,0,0,0,0,0,28,0,0,0,0,36,0,0,0,0,18,0,0,3,0,0,0,57,6,0,1,0,1,0,0,0,0,0,0,0,0,0,0,0,0,0,0,1,0,0,0,0,0,0,0,0,0,0,0,0,0,0,0,0,0,2,1,28,0,0,61,0,0,6,0,6,9,0,9,4,0,0,11,4,0,0,2,0,1,1,0,0,4,0,21,0,5,0,0,1,0,0,0,0,0,0,0,6,1,0,0,0,0,0,0,0,0,4,4,0,1,0,0,0,1,0,0,22,2,1,0,4,0,0,0,0,0,1,0,0,0,0,0,0,0,0,0,1,1,0,0,0,0,0,0,0,0,0,0,0,0,0,0,0,0,2,0,0,0,0,0,0,0,0,0,0,0,0,0,0,0,0,0,0,0,0,1,0,0,1,1,1,0,0,0,6,4,22,1,3,1,25,4,0,0,0,4,0,0,0,0,0,0,0,0,0,0,1,0,0,0,0,0,3,0,0,0,0,0,0,0,0,0,0,1,0,0,0,1,0,0,0,0,0,0,0,0,0,0,0,0,0,0,0,0,0,0,0,0,0,0,0,0,0,0,1,0,0,1,1,0,0,0,0,0,0,0,0,0,0,0,0,0,1,0,0,0,0,0,0,0,0,0,1,0,0,0,0,0,0,0,0,1,0,1,0,0,6,0,0,0,0,0,0,0,0,0,1,0,0,0,0,0,0,2,0,0,1,0,0,0,56,7,0,0,0,24,0,2,0,0,0,0,1,4,1,5,0,0,0,1,2,0,41,0,1,0,0,5,0,2,0,30,0,2,0,0,0,6,78,1,1,0,0,0,0,0,19,0,0,0,0,0,1,0,0,1,0,1,1,0,0,1,0,0,0,2,0,0,1,0,2,0,1,5,1,2,0,0,0,0,2,18,4,3,0,1,0,1,0,0,0,1,0,0,0,0,0,0,0,0,1,0,0,0,1,0,1,1,2,0,0,0,0,0,0,0,0,0,7,2,0,4,1,0,0,6,2,0,1,0,1,3,6,7,17,1,0,1,0,0,0,10,0,0,1,0,2,0,0,0,0,111,4,7,8,1,4,2,7,0,5,5,1,5,0,1,0,1,1,0,0,0,0,0,0,1,0,0,0,0,0,0,0,0,0,0,1,6,0,0,1,0,1,0,0,0,0,1,0,0,0,3,0,0,0,0,0,0,0,0,0,0,0,0,0,0,1,0,0,0,0,0,1,4,0,0,1,0,0,7,0,0,0,0,0,0,0,0,1,0,0,0,0,0,0
177,1953,ESCOLA ESTADUAL TIRADENTES (CEAD POLO POTTY LAZAROTTO),R PRESIDENTE FARIA   625,CENTRO,-25.42496828,-49.26936639,1,0,1058,794,58,21,0,0,1,4,16,0,2,0,1,2,0,6,0,1,0,0,4,1,1,0,1,1,4,0,0,0,1,1,0,0,0,2,0,0,0,0,0,0,3,2,4,0,0,0,1,6,0,0,0,0,0,0,4,0,0,0,0,8,0,0,0,0,1,5,0,0,0,0,0,0,0,0,16,0,0,0,0,5,0,2,0,0,0,0,0,1,6,0,0,0,0,0,0,0,1,0,0,0,0,3,0,1,0,0,0,0,0,6,6,0,0,0,0,0,1,0,0,0,0,0,1,0,0,0,0,0,0,0,2,1,0,0,36,0,0,0,1,0,0,0,0,0,4,0,1,0,0,0,0,0,0,0,0,0,0,0,4,0,2,0,1,0,9,1,0,0,0,0,0,0,0,0,33,1,12,1,0,1,0,23,2,3,0,0,0,0,0,0,0,0,0,0,0,1,0,0,1,14,0,0,0,0,0,1,0,0,0,0,0,0,0,0,0,0,0,0,0,0,0,0,0,1,0,0,0,0,0,0,0,0,0,0,0,0,0,0,0,0,0,0,0,0,0,0,0,0,0,0,0,0,0,0,0,0,0,0,0,0,1,0,5,0,0,1,0,0,0,0,0,0,0,1,0,0,3,0,3,0,0,0,0,0,0,0,3,0,0,0,0,0,0,0,0,0,0,0,0,0,0,0,1,0,0,0,0,2,0,0,0,0,0,0,0,0,0,0,0,0,0,0,0,1,0,0,0,0,1,0,0,0,0,0,0,0,0,13,0,0,0,0,11,0,0,0,0,5,0,0,0,0,0,0,16,1,0,1,0,0,0,0,0,0,0,0,0,0,0,1,0,0,0,0,0,0,0,0,0,0,0,0,0,0,0,0,0,0,0,0,0,0,1,0,13,0,0,24,0,0,3,1,1,2,0,1,0,0,0,17,0,0,0,0,0,0,0,0,0,0,0,12,0,2,3,0,0,0,0,0,0,0,0,1,2,0,0,0,0,0,0,0,0,0,1,0,0,0,0,0,0,1,0,0,6,0,0,0,0,0,0,0,0,0,0,0,0,0,0,0,0,0,1,0,0,0,0,0,0,0,0,0,0,0,0,0,0,0,0,0,0,0,0,0,0,0,0,0,0,0,0,0,0,0,0,0,0,0,0,0,0,0,0,0,0,0,0,0,1,0,0,0,0,0,5,0,1,0,3,0,0,0,0,2,0,0,0,0,0,0,0,0,0,0,0,1,0,0,0,0,0,0,1,0,0,0,0,0,0,6,0,0,0,0,0,0,0,0,1,0,0,0,0,0,0,0,0,1,0,0,0,0,0,0,0,0,0,0,0,0,0,0,0,0,0,0,0,0,0,1,0,0,0,0,0,0,0,0,0,0,0,0,0,0,0,0,0,0,0,0,0,0,0,0,0,0,1,0,0,2,0,0,0,0,0,0,0,0,0,0,0,0,0,0,2,0,0,1,0,1,0,0,0,0,0,0,0,0,7,8,0,0,0,8,0,0,0,0,0,0,1,0,0,1,0,0,1,3,2,3,24,0,0,0,0,1,0,6,0,12,0,0,0,0,0,3,26,0,0,0,0,0,0,0,4,0,0,0,0,0,0,0,0,0,0,1,0,0,0,0,0,0,2,1,0,1,0,0,0,0,1,3,0,0,0,0,0,0,0,0,0,1,0,2,0,0,0,0,1,0,0,0,0,0,0,0,0,0,0,0,0,0,0,0,0,0,0,0,0,0,0,0,0,0,0,0,1,2,1,6,0,1,0,0,1,0,1,0,0,0,1,2,5,0,0,0,0,0,0,6,0,0,0,0,0,0,0,0,0,39,0,2,1,0,5,0,2,0,8,0,3,0,0,0,0,0,0,2,0,0,0,1,1,1,0,1,0,0,0,0,0,0,0,0,0,5,0,0,0,0,0,0,0,0,0,0,0,0,0,3,0,0,0,0,0,0,0,0,0,0,0,0,0,0,0,0,1,0,0,0,0,2,0,0,0,0,0,1,0,0,0,0,0,1,0,0,0,0,0,0,0,4,2
177,1961,COLEGIO SAO JOSE,"PRAÇA RUI BARBOSA, 661",CENTRO,-25.43555322,-49.27460825,1,0,3454,2588,144,84,0,3,3,4,33,4,4,1,0,13,2,25,1,0,0,0,19,0,0,0,0,4,4,4,7,0,6,0,0,0,0,10,0,0,0,0,0,1,6,1,5,3,0,0,3,47,1,1,0,0,0,0,2,4,1,0,1,6,0,5,0,0,4,17,0,1,0,0,0,1,0,2,55,0,0,2,1,11,3,1,0,0,0,4,0,4,13,0,3,0,0,0,1,1,2,1,0,0,0,7,1,18,0,0,2,1,0,8,14,1,0,0,0,0,0,0,0,0,0,2,1,2,0,0,0,0,1,0,5,0,0,3,125,0,0,0,0,0,0,0,0,2,8,0,5,0,3,0,0,1,0,0,0,4,0,7,12,0,6,1,0,0,16,1,0,0,2,1,1,1,1,0,133,9,44,21,0,0,1,105,10,7,1,1,2,0,0,0,0,2,1,0,6,5,3,1,3,58,0,1,0,0,2,0,0,0,0,2,0,0,1,1,0,0,1,0,0,0,0,0,0,1,0,0,3,0,0,0,1,0,0,0,0,0,1,0,0,0,0,0,0,0,0,2,0,0,0,0,1,0,0,1,0,2,0,0,0,2,0,0,7,0,0,2,0,0,0,0,0,0,0,2,0,0,3,0,2,0,1,1,0,0,0,0,6,2,0,0,0,0,0,1,1,0,0,0,0,0,0,1,2,0,1,0,0,1,0,0,0,2,0,0,0,0,0,3,0,0,0,0,0,0,0,1,0,0,7,3,0,0,0,0,0,0,0,35,0,0,1,0,35,0,0,1,0,3,0,0,5,1,0,0,52,3,0,1,0,0,0,1,0,0,1,0,0,0,0,2,0,0,0,0,0,0,0,0,1,0,0,0,0,0,0,0,0,0,0,2,0,0,3,2,10,0,0,51,0,0,3,15,7,11,0,5,6,0,0,26,3,4,0,2,1,1,0,0,0,0,0,19,0,6,1,0,0,0,0,0,2,0,0,0,0,1,4,0,0,0,2,0,0,0,12,0,0,0,0,0,4,1,0,0,19,1,1,0,3,0,0,0,0,0,2,0,0,0,0,0,2,0,0,0,0,0,0,0,1,0,0,0,0,0,0,0,0,0,0,0,0,0,1,0,0,0,0,0,0,0,0,0,0,0,0,0,1,0,0,0,0,0,0,1,0,1,2,3,1,2,0,5,6,3,42,0,1,2,19,3,0,0,0,2,0,0,0,0,0,0,0,0,0,0,2,0,0,1,0,0,1,1,1,0,0,0,0,0,0,3,0,5,0,2,0,1,3,0,0,0,0,0,0,0,1,0,0,2,0,0,0,0,0,0,0,0,0,0,0,0,0,0,1,0,0,0,0,0,1,0,0,0,1,0,0,1,0,0,0,0,0,0,0,0,0,1,0,0,0,0,1,0,0,0,3,0,1,0,0,1,0,0,0,0,10,0,3,0,0,0,0,0,0,0,7,0,0,0,0,3,0,2,0,2,1,0,1,0,48,8,0,0,0,25,0,0,0,0,0,0,0,5,0,10,0,0,0,6,1,1,78,0,0,0,0,6,0,7,0,43,0,0,0,0,0,4,114,2,0,0,0,0,0,0,11,0,0,0,0,1,0,0,1,0,0,8,0,0,0,0,0,0,1,1,0,0,0,0,3,1,0,3,3,0,0,2,0,0,2,6,0,1,0,3,0,1,0,0,1,0,0,0,0,0,0,0,0,0,0,1,0,0,0,1,0,0,0,0,0,0,0,0,0,0,0,0,5,2,5,5,2,2,1,1,1,0,3,0,0,3,9,2,24,4,0,0,0,0,1,6,0,0,2,0,0,0,2,0,0,134,4,2,12,0,5,1,7,0,1,4,6,2,3,0,0,0,0,4,1,0,0,1,0,2,0,2,0,0,1,0,0,0,0,0,0,13,0,0,0,0,0,0,0,1,0,1,0,0,0,3,0,0,0,0,0,0,0,0,0,0,0,3,0,0,0,0,1,0,0,0,2,4,0,0,0,0,0,6,2,0,0,1,0,1,0,0,0,0,0,0,0,0,0
177,1970,ESCOLA MUNICIPAL ITACELINA BITTENCOURT,RUA SAO PAULO  47,GUAIRA,-25.47072448,-49.27565301,26,0,4147,3275,251,135,0,5,4,11,42,1,8,1,1,11,0,44,0,0,1,0,11,0,0,0,6,6,30,3,4,1,15,1,1,0,3,13,0,0,0,0,0,0,6,1,26,2,0,4,0,40,2,0,5,1,1,0,4,3,0,0,1,14,0,5,0,0,1,5,1,1,4,0,1,0,1,3,107,0,0,0,0,4,0,0,0,0,0,3,1,2,8,0,0,0,0,0,1,2,3,1,0,0,0,8,0,10,0,2,0,4,0,27,44,2,0,0,0,0,1,0,0,0,0,0,1,9,0,0,1,0,2,0,0,2,0,2,66,0,0,0,0,3,3,0,1,0,7,0,5,0,0,0,1,0,0,4,0,0,1,7,3,0,17,0,0,0,7,2,0,3,1,1,0,0,0,1,65,1,54,22,2,0,0,82,4,0,1,1,2,1,3,2,0,1,0,1,1,0,0,0,3,54,0,0,0,0,3,0,0,0,0,0,1,0,0,0,0,0,0,0,0,0,0,0,0,6,0,1,1,0,0,0,2,0,0,0,0,0,2,0,0,3,0,0,0,8,0,0,0,0,2,1,0,0,1,0,0,0,0,0,0,0,0,0,7,0,0,1,1,0,1,0,0,1,0,0,1,0,2,0,7,0,0,0,0,0,0,0,2,1,0,0,1,1,0,5,0,0,0,0,0,0,1,1,2,0,0,0,0,0,3,1,0,0,0,0,0,0,0,7,0,0,0,0,0,0,0,1,0,0,3,0,1,0,0,0,2,0,0,39,6,0,12,0,55,0,0,1,0,14,1,0,12,0,0,0,58,0,0,0,0,0,0,0,0,0,2,0,0,2,0,0,0,0,0,0,0,0,0,0,2,0,0,0,1,0,0,0,0,0,0,0,0,0,2,3,19,0,0,61,0,1,1,4,8,4,0,8,8,0,0,62,3,1,0,7,2,0,0,0,0,2,0,61,0,7,0,0,2,0,2,0,0,0,1,0,0,3,0,0,3,0,0,0,0,0,7,0,0,0,0,1,0,2,0,0,15,0,1,0,4,0,1,0,0,0,0,0,0,0,0,0,0,0,0,0,0,0,0,0,4,0,0,0,0,0,22,4,0,0,0,0,1,0,0,0,0,0,0,0,0,0,0,2,0,0,0,0,0,0,0,1,0,0,0,0,1,0,1,1,2,0,0,1,0,2,22,0,4,0,13,1,0,0,0,1,0,0,1,0,0,0,0,2,1,0,0,0,1,0,0,0,0,1,0,0,0,0,0,0,0,36,0,1,0,10,0,2,7,0,2,0,0,0,0,0,0,0,0,2,0,0,0,0,0,1,0,0,0,0,0,0,0,0,0,0,0,0,0,0,0,0,2,0,0,0,0,0,0,0,4,0,0,0,0,0,0,0,3,0,0,0,5,0,0,0,0,0,0,0,1,1,0,0,1,0,4,0,1,0,0,0,0,0,0,1,5,0,0,0,0,12,1,0,0,0,0,0,0,0,9,11,0,0,0,17,0,1,0,0,0,0,0,10,9,9,8,1,2,4,8,1,165,0,1,0,1,0,0,11,2,65,0,0,1,0,0,26,161,2,2,0,1,0,0,0,8,0,0,0,0,0,0,0,2,0,0,0,0,0,0,0,0,0,4,1,0,2,0,0,4,0,2,0,0,0,0,1,0,0,0,3,2,0,0,0,0,0,0,0,0,0,0,0,0,0,0,0,0,0,4,0,0,1,0,1,0,1,0,0,0,0,0,0,0,0,0,0,8,5,1,4,4,0,0,0,0,0,4,0,0,4,10,2,80,6,0,0,0,0,0,5,0,0,4,0,0,0,0,1,1,168,2,6,8,0,2,0,0,0,3,0,4,1,2,0,0,6,0,1,0,2,0,1,0,11,0,1,0,0,0,0,0,0,0,0,1,8,0,0,0,0,1,0,1,0,2,20,0,0,0,15,1,0,0,0,0,2,0,2,0,1,1,1,1,0,0,3,0,2,0,0,6,24,0,0,0,0,0,25,0,0,0,0,0,2,0,0,8,18,0,0,0,2,0
177,1988,COLEGIO ESTADUAL SANTOS DUMONT,R RIO GRANDE DO SUL 1800,GUAIRA,-25.473585,-49.2800827,26,0,2860,2262,178,111,0,2,5,6,27,0,1,0,0,12,3,29,0,0,0,0,14,1,0,0,3,5,11,4,1,0,14,1,1,1,0,10,0,0,0,0,0,0,3,0,5,1,0,3,1,23,0,0,0,3,1,0,4,1,0,0,2,11,0,2,0,0,1,3,3,0,1,0,1,0,0,1,55,1,0,0,0,6,0,0,0,0,0,2,0,0,4,0,0,0,0,0,0,0,9,2,0,0,0,6,0,10,1,1,0,2,0,8,15,0,0,0,0,0,0,0,0,0,0,7,4,6,3,0,0,0,2,0,2,0,0,1,59,0,0,0,2,0,0,0,0,4,16,0,7,0,0,0,2,1,0,0,0,0,0,1,4,0,9,0,0,0,9,0,0,1,0,1,0,2,0,0,58,0,33,29,3,2,0,52,2,4,0,2,0,1,0,5,0,0,0,0,2,0,0,2,1,33,0,0,0,0,0,0,0,0,0,0,1,0,1,0,0,0,0,0,0,0,0,0,0,1,0,0,0,0,0,0,4,0,1,0,0,0,0,0,0,0,0,0,0,3,0,2,0,0,0,0,1,0,0,0,0,0,0,0,0,0,0,0,5,0,0,0,0,0,0,1,0,4,0,0,0,0,1,0,6,0,0,0,2,0,0,0,0,0,0,0,0,0,0,3,0,0,0,0,0,0,0,1,0,1,0,0,0,0,0,1,0,0,0,0,0,0,0,2,0,0,0,0,0,0,0,0,0,0,3,0,2,0,0,0,0,0,0,27,0,0,2,0,27,0,0,0,0,7,0,0,5,0,0,0,48,3,0,0,0,0,0,0,0,0,0,0,0,0,0,0,0,0,0,0,0,0,0,0,0,0,1,0,0,0,0,0,0,0,0,0,0,0,2,2,15,0,0,33,0,0,3,3,4,4,0,0,0,0,0,30,2,0,0,1,0,0,0,4,0,0,0,38,1,0,2,0,0,0,0,0,0,0,1,0,0,0,1,0,0,0,1,0,0,0,3,0,0,0,0,0,3,0,0,0,13,1,0,0,1,0,0,0,0,0,0,0,0,2,0,0,0,0,0,0,0,0,0,0,1,0,1,0,0,0,20,3,0,0,0,0,1,0,0,0,0,0,0,0,0,0,0,0,0,0,0,0,0,0,0,0,0,0,0,0,0,0,2,0,1,0,0,0,1,0,20,0,3,2,19,2,0,0,0,0,0,0,1,0,0,0,0,3,0,0,6,0,0,0,0,0,0,0,1,0,0,0,0,0,0,21,0,2,0,6,0,0,5,0,2,0,0,0,0,0,0,0,0,4,0,0,0,0,0,0,0,0,0,1,0,0,0,1,3,0,0,0,0,0,0,0,1,0,0,0,1,0,0,0,0,0,0,0,0,0,0,0,1,0,0,0,1,1,0,0,0,0,0,0,0,3,0,3,0,0,1,0,2,0,0,0,0,0,0,0,1,0,0,0,0,3,0,2,0,0,0,1,0,0,3,6,0,0,0,14,0,1,0,0,0,0,0,3,16,6,1,0,2,1,5,1,135,0,2,0,3,1,0,7,0,28,0,0,1,1,0,36,82,1,3,0,0,0,0,0,7,0,0,0,0,3,0,0,2,0,0,2,0,0,0,0,0,0,1,0,0,2,0,0,2,0,1,1,0,2,0,0,0,1,1,5,1,0,0,0,0,1,0,0,0,0,0,0,0,0,0,0,0,0,2,0,0,0,0,0,0,2,0,0,0,0,0,0,0,0,0,0,4,15,2,6,2,0,0,0,4,0,1,0,1,5,11,1,53,1,0,1,0,0,0,4,0,0,0,0,0,0,1,1,4,120,1,2,2,0,4,3,6,0,2,0,9,0,0,1,0,1,0,0,0,1,0,0,2,5,0,0,0,0,2,0,0,0,0,0,1,7,0,0,0,0,1,0,2,0,0,13,0,0,1,5,0,0,0,0,0,0,0,0,0,2,0,0,0,0,0,0,0,0,0,0,7,18,0,0,0,0,0,30,0,0,0,0,0,0,0,0,1,8,0,0,0,0,0
177,1996,COLÉGIO ESTADUAL PROFESSOR ELIAS ABRAHÃO,"AV SENADOR SOUZA NAVES, N. 1221",CRISTO REI,-25.43137327,-49.24553573,6,0,2479,2036,88,66,0,2,3,5,24,0,2,0,0,10,0,36,0,0,0,1,21,0,0,0,2,3,6,2,2,0,9,0,1,0,0,11,3,0,0,0,0,0,1,0,5,4,0,0,0,6,1,0,1,0,0,0,1,3,0,0,1,9,0,0,3,0,0,13,0,4,0,0,0,1,0,0,30,0,0,0,1,6,0,2,0,0,0,1,0,0,7,0,0,0,0,0,1,0,0,0,0,0,0,9,0,10,0,0,0,0,0,10,9,0,0,0,0,0,0,0,0,0,0,0,3,4,0,0,0,0,0,0,5,0,0,5,101,0,1,0,3,2,0,0,2,0,1,0,2,0,0,0,0,0,0,0,0,0,1,2,1,0,6,0,0,0,14,0,0,0,2,1,0,1,0,0,66,4,27,3,0,0,0,32,3,5,0,0,0,0,0,1,0,1,0,0,0,4,0,1,3,54,0,0,0,0,0,0,0,0,0,0,1,0,1,0,0,0,0,0,0,0,0,0,0,1,0,0,0,0,2,0,1,0,0,0,0,0,0,0,1,0,0,0,0,2,0,1,0,0,0,2,0,0,0,0,0,0,0,0,0,0,0,0,8,0,0,0,0,0,0,0,0,0,0,0,0,1,2,2,3,0,0,0,0,0,0,0,5,0,0,0,0,0,0,4,0,0,0,0,0,0,0,1,0,0,0,0,0,0,0,0,0,0,0,0,0,0,0,3,0,0,0,0,0,0,0,1,0,1,1,0,1,0,0,0,1,0,0,21,0,0,0,0,30,0,0,0,0,14,0,0,3,0,0,1,49,1,0,2,0,0,0,1,0,0,0,1,0,0,0,0,0,0,0,0,0,1,0,0,0,0,0,0,0,0,0,0,0,0,0,0,0,0,1,4,45,0,0,80,0,0,8,1,6,13,0,7,6,0,0,24,6,0,0,1,2,0,0,0,1,1,1,23,0,4,4,0,0,0,0,0,2,0,0,1,4,0,0,0,0,0,2,0,0,0,10,0,2,0,0,0,1,0,0,0,10,0,2,0,8,0,0,2,0,0,0,0,1,0,0,0,0,0,0,0,0,0,0,0,0,0,0,0,0,0,1,0,0,0,1,0,0,0,1,0,0,0,0,0,0,2,0,0,0,1,0,0,0,0,0,0,0,0,0,0,0,0,3,0,0,0,1,2,2,1,20,0,0,2,10,0,0,0,0,1,0,0,0,0,0,2,0,0,0,0,1,1,0,0,0,0,1,2,0,0,0,0,0,0,0,9,0,33,0,0,0,0,1,0,0,0,0,0,0,0,1,0,0,1,0,0,0,0,0,0,0,0,0,0,0,0,0,0,0,0,0,0,0,0,0,0,0,0,0,0,0,0,0,0,0,0,0,0,0,0,0,0,0,0,0,0,0,0,0,0,0,0,0,0,0,0,0,0,0,0,2,0,1,0,1,0,0,0,0,1,2,0,1,0,0,2,6,1,0,0,0,1,0,0,24,13,0,0,0,32,0,3,0,0,0,0,1,3,1,7,0,0,6,3,2,0,44,0,1,2,1,4,0,12,0,35,0,0,3,0,0,4,93,1,0,0,0,0,0,0,20,0,0,0,0,0,0,1,0,0,0,0,0,0,0,0,0,0,0,4,0,1,0,0,2,0,0,0,3,0,0,0,0,1,2,4,1,0,0,0,0,1,2,0,0,0,0,0,0,0,0,0,0,0,1,0,0,0,0,0,1,1,0,0,0,0,0,0,0,0,0,0,4,2,3,3,1,0,0,1,2,0,2,0,0,5,10,0,34,2,0,0,1,1,0,13,0,0,0,0,4,1,2,0,0,142,1,1,9,1,5,0,5,0,4,0,4,0,0,2,0,0,0,1,0,0,1,0,1,0,0,2,0,0,0,1,0,0,0,0,0,24,0,0,0,0,0,0,0,0,0,0,0,0,4,9,0,0,0,0,0,0,0,1,0,0,0,0,0,0,0,1,0,0,0,0,3,5,0,0,0,0,0,5,0,0,0,0,0,0,0,0,1,4,0,0,0,0,0
177,2003,ESCOLA ESTADUAL NOSSA SENHORA DE FÁTIMA,"RUA SUÉCIA, N. 197, PRÓXIMO AO KM 400 DA BR 116",TARUMA,-25.43250165,-49.22854458,19,0,3844,3233,161,95,0,2,3,4,46,1,5,0,2,7,1,42,4,0,0,0,20,0,0,0,3,5,10,3,3,0,17,0,0,1,0,13,3,0,1,0,0,0,16,1,1,3,0,0,0,20,0,0,0,0,0,0,1,12,0,1,1,6,0,0,3,0,1,16,0,4,0,0,0,0,1,4,55,2,0,0,0,5,0,1,0,0,0,1,0,3,15,0,0,0,0,0,1,0,4,0,0,3,0,18,0,20,0,3,0,0,0,18,14,1,0,0,0,0,0,0,0,0,0,2,1,4,0,0,1,0,1,0,1,3,1,3,94,0,0,1,0,0,0,0,0,0,4,0,7,0,1,0,1,0,0,0,0,0,0,1,6,0,8,0,0,1,20,0,1,0,3,0,0,1,0,0,89,3,62,9,2,0,2,47,1,5,0,0,3,0,0,1,1,3,0,0,4,2,0,0,2,47,0,0,0,0,4,0,0,0,0,1,0,0,2,0,4,0,0,0,0,0,0,0,0,2,0,0,5,0,0,0,9,0,0,0,0,0,0,0,0,0,0,0,0,5,0,2,0,0,1,0,1,0,0,2,0,1,0,0,0,1,0,0,11,0,0,5,0,1,0,0,2,4,0,1,0,2,4,0,6,0,2,1,0,0,0,0,5,0,0,0,1,0,0,13,0,0,0,0,0,0,1,1,0,0,0,0,1,0,4,2,0,0,0,0,0,0,0,0,0,0,0,0,0,0,0,0,0,0,2,0,1,0,0,0,5,0,0,40,2,0,0,0,63,0,0,0,0,39,0,0,13,1,0,0,86,4,0,2,0,0,0,2,0,0,0,0,1,0,0,0,0,0,1,0,0,0,0,0,0,0,0,0,0,0,0,0,0,0,0,0,0,0,2,3,26,0,0,119,0,0,2,5,22,17,0,11,5,1,0,34,2,0,3,9,9,0,0,0,0,4,1,51,0,4,1,0,0,2,0,0,0,0,0,0,9,6,0,0,1,0,0,0,0,0,16,0,2,2,0,0,0,1,0,0,48,0,0,0,3,0,0,0,0,0,3,0,4,0,0,0,0,0,0,0,0,1,0,0,6,0,0,0,0,0,0,0,0,0,0,0,1,0,1,0,0,0,0,0,0,1,0,0,0,0,0,0,0,0,0,0,0,0,0,0,0,0,0,2,1,7,3,11,1,0,53,0,5,1,29,4,0,0,0,0,0,0,0,0,1,0,0,0,0,0,0,0,0,1,0,0,0,2,0,1,0,0,0,0,0,4,0,12,0,5,0,0,6,0,1,1,0,0,0,0,0,0,0,2,0,0,0,0,0,0,0,0,0,2,0,0,0,1,0,0,0,0,0,0,3,0,0,0,1,0,0,0,0,0,0,0,0,0,0,0,0,0,0,0,1,0,2,0,0,0,1,0,1,0,0,1,0,1,0,0,3,0,2,0,0,0,0,0,0,0,2,1,0,0,0,3,1,1,0,0,0,0,0,1,29,6,0,1,0,49,0,0,0,0,0,0,1,5,3,8,0,0,4,3,4,0,68,1,8,0,2,3,0,16,0,59,0,1,2,0,0,5,144,1,10,0,0,2,0,0,16,0,0,0,0,0,0,0,2,1,2,6,0,0,0,1,0,0,0,1,0,0,0,1,0,0,0,0,2,0,0,0,0,0,6,7,1,2,0,2,0,0,1,0,0,0,0,0,0,0,0,0,0,0,2,0,0,0,0,4,1,2,1,0,0,0,0,1,0,0,0,0,12,8,2,6,2,0,0,0,3,2,1,0,4,7,8,2,25,2,1,0,0,0,0,32,0,0,3,0,0,0,0,0,0,219,0,4,12,1,15,4,14,1,1,1,6,1,0,1,0,0,1,3,0,0,0,0,1,1,0,0,0,0,1,21,0,0,0,0,0,90,0,0,1,0,0,0,0,0,1,3,0,0,2,25,0,0,0,0,0,0,0,0,0,0,0,0,2,0,0,0,2,3,0,0,3,10,0,0,0,0,0,14,0,0,0,0,0,0,0,0,3,3,0,0,0,2,0
177,2011,CURSO POSITIVO (CENTRO),AVENIDA VICENTE MACHADO 317,CENTRO,-25.4344775,-49.2796553,1,0,2004,1519,88,41,0,1,2,7,23,1,1,0,1,1,0,20,0,0,0,0,16,0,0,0,0,0,4,0,3,0,5,0,0,1,0,3,0,0,0,0,2,0,1,0,3,4,1,0,0,11,2,1,0,0,2,0,0,10,0,0,0,2,0,3,0,0,0,11,0,0,0,0,0,0,0,2,21,0,0,0,1,5,0,0,0,0,1,2,0,0,1,1,0,0,0,0,2,0,1,0,0,0,0,3,0,16,0,0,0,0,0,6,5,0,0,0,0,0,1,0,0,0,0,1,3,0,0,0,0,0,1,0,3,0,1,0,98,2,0,0,0,0,0,0,0,0,1,0,0,0,1,0,0,0,0,0,0,0,0,0,18,0,4,0,0,0,5,1,0,0,0,1,0,2,0,2,84,3,25,5,0,0,0,39,1,3,1,0,0,0,1,0,0,2,0,0,2,2,0,0,0,16,0,0,0,1,1,0,0,0,0,0,0,0,0,0,0,0,0,0,0,0,0,0,0,0,0,0,0,0,1,0,2,2,0,0,0,0,0,0,0,0,0,0,0,0,0,1,0,0,0,0,0,0,0,0,0,1,0,0,0,0,0,0,6,0,0,2,0,0,0,0,0,1,0,2,0,0,2,2,4,0,0,0,0,0,0,0,0,0,0,0,0,0,0,1,0,0,0,0,0,0,0,1,0,0,0,0,0,1,0,0,0,1,0,0,0,0,0,2,0,0,0,0,0,0,0,0,0,0,1,0,0,0,0,0,0,1,0,17,0,0,0,0,26,0,0,0,0,7,0,0,0,0,0,0,37,0,0,0,0,0,0,1,0,0,0,0,0,0,0,0,2,0,0,0,0,0,0,0,0,0,0,0,0,0,0,0,0,0,0,0,0,0,2,2,10,0,1,28,0,0,0,2,6,6,0,2,2,0,1,11,0,0,0,4,0,0,0,0,0,1,0,7,1,1,0,0,1,0,0,0,1,1,1,0,1,1,0,0,0,0,1,0,0,0,5,0,1,0,0,0,0,0,0,0,10,0,0,0,8,0,1,0,0,0,1,0,0,0,0,0,1,0,0,0,0,0,0,0,0,0,1,0,0,0,0,0,0,0,0,0,0,0,0,0,0,0,0,0,0,0,0,0,0,0,0,0,0,0,0,0,0,0,0,0,0,0,5,1,1,1,0,1,0,3,31,0,6,1,29,3,1,0,0,0,0,0,0,0,0,0,0,0,0,0,0,0,0,0,0,0,0,0,0,0,0,0,0,0,0,1,0,0,0,4,0,0,0,0,3,0,0,0,0,0,0,0,0,0,0,0,0,0,0,0,0,0,0,0,0,0,0,1,0,0,0,1,0,0,0,0,0,0,0,0,0,1,0,0,1,0,0,0,0,0,0,0,0,0,0,0,0,0,0,0,0,0,0,0,0,0,0,0,0,0,9,0,1,0,0,0,0,0,0,0,9,0,0,0,0,1,0,2,0,0,0,0,1,0,34,3,0,0,0,56,0,2,0,1,0,0,1,1,0,8,0,0,1,4,2,0,21,0,1,0,0,5,0,3,0,26,0,1,3,0,0,3,58,2,0,0,0,3,0,0,12,0,0,0,0,0,0,0,0,0,0,2,0,0,0,0,0,0,2,1,0,3,0,1,2,0,0,3,3,2,0,0,0,0,0,5,1,2,0,0,1,0,0,0,0,0,0,0,0,0,0,0,0,0,0,0,0,0,0,1,0,0,0,0,0,0,0,0,0,0,0,1,1,4,0,10,1,0,2,0,1,0,3,0,3,0,14,1,16,2,0,0,0,0,0,8,0,0,2,0,1,0,1,0,0,78,2,2,6,1,5,2,7,0,7,0,2,1,0,1,0,0,0,1,0,0,0,0,0,0,0,0,0,0,0,1,0,0,0,0,0,4,0,0,2,0,1,0,0,0,0,0,0,0,0,1,0,0,0,0,0,1,0,0,0,0,0,0,0,0,0,1,0,0,0,1,0,3,0,0,0,0,0,2,0,0,0,0,0,0,0,0,1,1,0,0,0,1,0
177,2020,INSTITUTO DE EDUCACAO PROFESSOR ERASMO PILOTTO,R EMILIANO PERNETA 92,CENTRO,-25.43312088,-49.27390943,1,0,2650,2041,137,86,0,2,0,9,41,0,6,0,1,7,0,21,1,0,0,0,8,0,0,0,1,0,13,0,1,0,12,0,2,0,2,14,1,0,0,0,0,1,3,0,4,3,1,1,5,23,5,1,1,0,0,1,1,9,0,0,1,1,1,0,1,0,5,17,1,0,2,0,0,0,1,0,61,0,0,0,1,8,0,0,0,0,0,1,0,1,5,0,0,0,0,0,0,1,0,0,0,0,0,8,0,13,0,0,0,0,0,16,9,0,0,0,0,0,1,0,1,0,0,0,1,0,0,0,0,0,0,1,1,0,1,0,96,0,0,0,0,1,0,0,3,4,1,0,1,0,0,0,0,3,0,0,0,0,0,1,3,0,2,1,0,0,13,3,3,1,3,0,0,2,3,0,82,10,40,24,1,1,0,61,3,13,0,2,5,0,1,0,0,0,0,0,2,2,0,0,3,52,0,0,0,1,2,0,0,0,0,0,2,0,1,0,0,0,0,0,0,0,0,0,0,3,0,0,2,0,0,2,0,0,1,0,0,0,0,0,0,0,1,0,0,0,0,0,0,0,0,0,1,0,0,0,0,1,0,0,0,0,2,0,6,0,0,4,0,0,0,0,1,0,0,2,0,0,5,1,4,0,0,0,0,0,1,0,3,0,0,0,0,0,0,1,0,0,0,0,0,0,0,2,0,0,0,0,0,2,1,0,0,1,0,0,0,0,0,0,0,0,0,0,0,0,0,0,0,0,5,0,0,0,0,0,1,0,0,16,0,0,0,0,18,0,0,0,0,7,0,0,6,2,0,0,36,0,0,0,0,0,0,2,0,0,0,0,0,0,0,0,0,0,0,0,0,0,0,0,0,0,0,0,0,0,0,0,0,1,0,0,0,0,2,3,21,0,0,43,0,0,5,4,6,8,0,3,0,0,0,26,14,4,1,1,0,0,0,0,0,4,0,15,1,2,0,0,0,0,0,0,1,1,0,0,1,1,1,0,0,0,0,0,0,0,1,3,0,2,0,0,1,0,0,0,12,0,0,0,3,0,0,0,0,0,1,0,0,0,0,0,0,0,0,0,1,0,0,0,1,0,1,0,0,0,0,0,0,0,0,0,0,1,2,0,0,0,0,0,0,0,0,1,0,0,0,0,1,0,0,0,0,0,0,0,0,0,1,1,0,2,1,1,4,1,24,0,0,0,20,5,0,0,0,3,0,0,0,0,0,0,0,2,0,0,1,4,0,0,0,0,0,0,0,0,0,0,0,0,0,4,0,3,0,4,0,0,1,0,1,0,0,0,0,0,0,0,0,0,0,0,0,0,1,0,0,0,0,0,0,0,0,0,2,0,0,0,0,0,0,0,0,0,0,0,0,0,0,0,0,0,0,1,0,0,0,0,0,0,0,0,2,0,0,0,5,0,0,0,0,3,0,0,0,0,9,0,0,0,0,0,0,0,0,0,3,0,0,0,0,1,0,5,0,0,0,0,1,0,18,4,0,0,1,14,0,0,0,0,0,0,1,3,0,3,0,0,1,0,3,0,66,0,0,0,1,0,0,11,0,25,0,0,3,0,0,4,74,1,0,0,3,1,0,0,10,0,1,0,0,0,1,2,2,0,0,3,0,0,0,0,0,0,0,4,0,1,0,0,0,0,1,0,0,1,0,0,0,3,0,5,3,0,0,2,0,0,0,0,0,0,0,0,0,0,0,0,0,1,1,0,0,0,0,0,0,0,0,0,0,0,2,0,0,0,0,0,5,1,1,3,3,0,1,0,7,2,0,0,6,1,8,1,24,1,1,1,0,0,1,8,0,0,2,0,2,0,0,0,1,87,1,5,9,0,6,3,6,0,7,1,4,1,2,3,0,0,1,6,0,0,0,0,0,2,0,1,0,0,0,0,0,0,0,0,0,12,0,0,0,0,3,0,0,0,0,3,0,0,0,1,0,0,0,0,0,1,1,0,0,0,0,0,1,0,0,1,0,0,0,0,2,3,1,0,1,0,0,9,0,0,0,0,0,0,0,0,1,4,0,0,0,0,0
177,2038,FUNPAR - FUNDAÇÃO DA UNIVERSIDADE FEDERAL DO PARANÁ,"RUA JOÃO NEGRÃO, 280",CENTRO,-25.43175409,-49.2659358,1,0,569,424,29,16,0,0,1,4,8,0,1,0,0,4,0,1,0,0,0,0,1,1,0,0,0,0,3,0,4,0,5,0,0,0,0,3,0,0,0,0,0,0,0,2,1,0,0,0,0,6,0,0,0,0,0,0,1,1,0,0,0,0,0,0,0,0,0,3,0,0,0,0,0,0,0,0,8,0,0,0,0,1,0,2,0,0,0,0,0,1,2,0,0,0,0,0,0,0,0,0,0,0,0,1,0,0,0,0,0,0,0,6,3,0,0,0,0,0,0,0,0,0,0,0,0,0,0,0,0,0,1,0,0,0,0,0,18,0,0,0,0,0,0,0,0,1,1,0,0,0,1,0,0,0,0,0,0,0,0,0,0,0,4,0,0,0,5,0,0,0,0,0,0,0,0,0,16,2,5,1,1,0,0,15,0,1,0,0,0,0,0,0,0,0,0,0,0,0,1,4,0,11,0,0,0,0,1,0,0,0,0,0,0,0,0,0,0,0,0,0,0,0,0,0,0,1,0,0,0,0,1,0,0,0,0,0,0,0,0,0,0,0,0,0,0,0,1,0,0,0,0,0,0,0,0,0,0,0,0,0,1,0,0,0,1,0,0,0,0,0,0,0,0,1,0,1,0,0,0,0,0,0,0,1,0,0,0,0,0,0,0,0,0,0,0,0,0,0,0,0,0,0,0,0,0,0,0,0,0,0,0,0,0,0,0,0,0,0,0,0,0,0,0,0,0,0,0,0,0,0,0,0,0,0,0,0,0,0,0,4,0,0,0,0,0,0,0,0,0,4,0,0,0,0,0,0,9,0,0,0,0,0,0,0,0,0,0,0,0,0,0,0,0,0,0,0,0,0,0,0,0,0,0,0,0,0,0,0,0,0,0,0,0,0,0,4,2,0,0,11,0,0,2,1,1,2,0,5,0,0,0,9,2,0,0,0,0,0,0,0,0,0,0,2,2,1,0,0,0,0,0,0,0,0,0,0,0,0,0,0,0,0,0,0,0,0,1,0,0,0,0,0,0,1,0,0,2,0,0,0,0,0,0,0,0,0,0,0,0,0,0,0,0,0,0,0,0,0,1,0,0,0,0,0,0,0,0,0,0,0,0,0,0,0,0,0,0,0,0,0,0,0,0,0,0,0,0,0,0,0,0,0,0,0,0,0,0,1,0,1,0,0,0,0,0,0,9,0,2,0,0,0,0,0,0,0,0,0,0,0,0,0,0,0,0,0,0,0,0,0,0,0,0,0,0,0,0,0,0,0,0,0,0,0,0,1,0,0,0,0,0,0,0,0,0,0,0,0,0,0,0,0,0,0,0,0,0,0,0,0,0,0,0,0,0,0,0,0,0,0,2,0,0,0,0,0,0,0,0,0,0,0,0,0,0,0,0,0,0,0,0,0,0,0,0,0,1,0,0,0,0,0,0,0,0,0,1,0,0,0,0,0,0,0,1,0,2,0,0,0,0,0,0,2,0,0,0,0,0,0,5,4,0,0,0,1,0,0,0,0,0,0,0,2,0,0,0,0,0,0,0,0,10,0,0,0,0,0,0,1,0,4,0,0,0,0,0,0,19,1,0,0,0,0,0,0,1,0,0,0,0,0,0,0,0,0,0,0,0,0,0,0,0,0,0,5,0,0,0,0,1,0,0,0,0,0,0,0,0,0,1,0,1,0,0,0,0,0,0,0,0,0,0,0,0,0,0,0,0,0,0,0,0,0,0,0,0,0,0,0,0,0,0,0,0,0,0,0,0,0,1,1,1,0,0,0,0,0,0,0,1,1,1,0,5,0,0,0,0,0,0,2,0,0,0,0,0,0,0,0,0,22,2,1,0,0,0,0,3,0,0,1,0,1,0,0,0,0,0,1,0,0,0,0,0,0,0,0,0,0,0,5,0,0,0,0,0,5,0,1,0,0,0,0,1,0,0,1,0,0,0,0,0,0,0,0,0,0,0,0,0,0,0,0,0,0,0,0,0,0,0,0,2,0,0,0,0,0,0,0,0,0,0,0,0,0,0,0,0,0,0,0,0,4,0
177,2046,PONTIFICIA UNIVERSIDADE CATOLICA DO PARANÁ (PUC/PR),R IMACULADA CONCEICAO  1155,PRADO VELHO,-25.45053682,-49.25260877,24,0,5995,4716,383,175,0,4,11,16,106,1,7,0,2,31,2,41,2,0,0,2,22,2,1,0,1,26,24,5,8,6,38,0,0,1,1,9,3,0,0,0,0,1,10,2,4,2,0,5,1,74,2,6,1,2,0,0,5,12,0,0,0,11,1,2,1,1,3,12,0,2,1,0,2,1,0,6,98,0,2,0,0,6,0,0,0,1,0,2,0,0,19,0,0,0,0,0,0,0,8,4,2,0,1,13,2,18,0,2,0,1,2,16,43,2,0,0,0,0,2,0,0,0,0,0,2,3,0,0,1,0,8,0,1,1,0,0,117,0,0,0,1,0,0,0,1,1,23,0,1,0,0,0,0,3,0,0,0,0,1,2,6,0,27,0,1,0,32,0,0,4,6,7,1,3,0,27,118,8,93,27,4,2,0,181,3,4,0,3,7,2,2,5,6,1,0,1,2,8,2,4,5,78,0,0,0,0,3,0,0,0,0,0,0,0,0,0,0,0,0,0,0,0,1,0,0,15,0,0,2,0,0,2,5,0,0,0,1,3,0,0,3,0,0,0,0,4,0,0,1,3,2,0,1,0,0,0,0,0,0,3,0,0,0,0,26,0,0,1,0,0,0,0,1,3,0,4,41,1,7,5,5,0,0,0,0,0,0,0,6,2,0,0,0,1,2,10,0,0,0,0,0,0,0,0,5,0,2,0,1,2,3,1,0,8,0,0,0,0,1,0,0,0,0,0,0,0,0,0,0,2,4,0,0,1,0,0,0,0,0,34,0,0,3,1,61,0,0,0,0,20,0,0,11,2,0,1,56,2,0,4,0,0,0,13,0,0,0,0,0,0,0,0,0,0,0,0,0,0,0,0,0,0,0,0,0,0,0,0,0,0,0,1,0,0,4,1,13,0,0,54,1,1,1,1,14,10,1,7,5,1,0,87,6,0,0,9,1,0,0,0,0,5,0,34,8,0,3,1,0,0,0,0,2,0,0,0,0,0,0,0,0,0,0,0,0,0,12,1,0,6,0,0,0,0,0,0,39,0,1,1,1,0,1,0,0,0,1,0,0,0,0,0,0,0,0,0,0,0,0,0,1,0,1,0,0,1,1,1,0,0,0,0,1,0,1,0,0,0,0,0,0,0,0,0,0,1,0,2,1,0,0,0,0,0,1,0,0,0,1,4,1,0,0,5,6,1,32,0,6,2,30,2,1,0,0,0,0,0,1,0,0,1,0,0,2,3,1,0,0,0,0,0,0,4,2,0,0,0,0,0,2,19,2,3,0,6,0,0,4,0,0,0,0,0,0,0,1,0,0,1,0,0,0,0,0,1,0,0,0,0,0,0,0,0,0,0,0,1,0,0,0,0,0,0,0,0,0,1,0,0,0,0,0,0,0,2,0,0,0,0,0,1,1,3,0,0,1,0,2,0,2,0,0,2,0,0,12,0,8,0,0,0,0,0,1,1,10,1,0,0,0,1,0,7,0,1,1,0,0,0,44,3,0,4,0,28,0,2,0,0,0,0,1,15,0,10,0,2,4,6,3,0,139,1,0,0,2,3,0,27,0,41,0,2,6,0,0,64,407,1,1,0,5,0,0,0,15,0,0,0,0,0,0,1,4,5,0,7,0,0,0,0,0,0,4,4,0,0,0,1,3,1,0,0,0,2,0,1,0,0,1,5,9,2,0,0,0,1,0,0,0,0,0,0,0,0,0,0,0,0,1,0,0,0,0,1,1,1,0,0,0,0,2,0,1,0,0,0,16,2,12,12,1,1,0,1,4,0,2,0,1,5,8,3,56,3,2,0,0,0,0,16,0,0,4,0,1,0,0,1,1,175,3,11,16,0,16,3,10,0,6,1,3,2,0,2,0,0,0,3,0,0,0,1,4,5,1,0,0,0,2,7,0,0,0,0,1,112,0,0,1,0,0,0,0,0,0,29,0,0,2,15,1,0,0,0,0,0,11,0,0,1,0,3,1,0,0,7,0,1,0,0,10,28,0,1,0,0,0,28,0,0,0,0,0,0,0,0,1,2,0,0,0,3,0
177,2054,COLÉGIO DECISIVO DO CRISTO REI - SUBSEDE I,"RUA DO HERVAL, N. 801",CRISTO REI,-25.43258815,-49.24907486,6,0,5616,4595,204,134,0,0,8,19,78,2,3,0,1,11,0,56,0,0,0,0,51,1,0,1,1,0,10,2,4,0,16,1,0,1,0,27,6,0,0,0,0,0,4,2,24,5,0,3,1,25,4,1,1,0,0,0,8,10,0,0,0,5,0,1,4,1,0,35,0,0,0,1,0,2,0,2,62,0,0,0,0,5,0,3,0,0,2,2,0,0,27,1,0,0,0,0,0,0,1,1,0,0,0,19,0,20,0,2,1,2,0,26,17,0,0,0,0,0,1,0,0,2,0,1,7,5,0,0,1,0,4,0,13,1,2,3,244,0,0,0,0,4,0,0,1,3,1,1,7,0,3,0,2,1,0,2,0,0,0,1,39,0,12,2,0,0,23,2,0,0,4,0,1,1,0,0,175,12,72,16,2,4,0,106,12,14,0,0,1,0,0,3,1,1,0,0,3,4,0,0,1,78,0,0,0,0,1,0,0,0,0,3,0,0,0,0,1,0,0,0,0,0,0,0,0,9,0,0,1,0,0,0,5,0,2,0,0,0,0,0,0,0,0,0,0,3,0,1,0,0,0,0,0,0,0,0,0,0,0,1,0,0,2,0,13,0,0,0,0,0,0,0,1,0,0,8,0,0,7,4,14,0,0,0,0,0,0,0,6,0,0,0,0,0,0,2,0,0,0,0,0,0,0,0,0,0,0,0,0,0,0,3,0,2,0,0,0,0,0,4,0,0,0,0,0,0,1,0,0,3,3,1,6,0,1,0,6,0,0,44,3,0,1,0,60,0,0,0,0,51,1,0,3,0,0,0,138,7,0,3,0,0,0,1,0,0,1,0,0,0,0,1,0,0,0,0,0,0,0,0,0,0,1,0,0,0,0,0,0,0,0,0,0,0,5,5,40,0,0,122,0,0,2,3,22,27,0,11,2,0,0,45,1,0,0,4,2,0,0,1,0,2,0,43,2,9,2,1,0,0,0,0,4,0,0,0,16,2,0,0,0,0,0,0,0,0,15,0,4,0,0,0,6,1,0,0,38,0,0,0,19,3,0,0,0,0,2,0,1,0,0,0,0,0,0,0,0,0,0,0,4,0,0,0,0,0,0,2,0,0,2,0,0,0,1,2,0,0,2,0,0,1,0,0,0,0,0,0,0,0,0,0,0,0,0,2,0,1,6,9,1,2,4,5,7,5,75,0,11,8,68,12,0,0,0,1,0,0,0,0,0,2,0,4,0,0,4,0,0,1,0,2,0,1,1,1,0,1,0,0,0,13,0,42,0,6,1,0,13,1,2,0,0,0,0,0,1,0,0,8,0,0,0,0,0,0,0,0,0,0,0,0,0,0,1,0,0,1,0,0,3,0,0,0,0,0,0,0,0,0,0,0,0,0,0,0,0,0,1,0,1,0,2,0,0,0,6,0,0,0,2,6,0,2,0,0,11,1,7,0,0,0,0,0,0,1,2,1,0,1,0,1,6,2,1,1,0,1,0,0,85,13,1,3,0,87,0,3,1,1,0,1,4,4,9,21,0,0,9,10,8,3,89,1,3,0,1,5,0,14,1,76,0,2,4,0,0,10,176,0,2,0,1,1,0,0,21,0,0,0,0,1,0,1,4,0,0,6,0,0,0,0,0,0,2,1,0,0,0,0,1,0,0,3,7,2,0,0,0,0,1,21,2,1,1,1,1,1,2,0,1,0,0,0,0,0,0,0,0,0,2,0,0,0,0,0,0,0,0,0,0,0,1,0,0,0,0,0,10,4,2,16,5,1,1,0,1,0,2,0,4,2,17,6,44,4,0,6,0,1,0,23,2,0,3,0,3,0,0,0,2,315,10,3,23,2,15,8,22,0,7,3,5,6,0,3,0,0,0,2,0,1,1,0,4,0,0,0,0,0,0,2,0,0,0,0,1,40,0,0,0,0,0,0,0,0,2,1,0,0,10,4,0,0,0,0,0,1,2,0,0,0,0,2,1,0,0,0,2,0,0,0,1,18,0,1,0,0,0,22,0,0,0,0,0,0,0,0,3,1,0,0,1,5,0
177,2062,COLÉGIO ESTADUAL PAULO LEMINSKI,"AV CORONEL AUGUSTO DE ALMEIDA GARRET, N. 135, PRÓXIMO AO DETRAN",TARUMA,-25.42884861,-49.21125648,19,0,2982,2450,196,118,0,2,2,12,40,2,3,0,0,8,1,37,1,0,1,0,12,0,1,0,0,5,13,3,2,0,9,1,2,0,0,10,0,0,0,0,0,0,1,0,4,1,0,1,1,30,1,0,0,0,0,0,1,4,0,0,0,16,0,0,2,0,3,5,0,0,0,1,0,2,1,1,54,1,0,0,1,4,0,1,0,0,0,2,0,0,9,0,0,0,1,0,0,0,6,0,0,0,0,11,0,12,0,0,2,1,0,16,14,0,0,0,0,0,0,0,0,0,0,0,1,2,0,0,0,0,2,1,5,0,1,1,60,1,0,0,2,1,0,1,0,0,0,0,4,0,0,0,0,0,0,0,0,0,0,4,7,0,9,0,0,0,15,0,0,0,0,0,0,0,0,0,74,4,51,17,1,1,0,45,0,1,0,0,0,0,2,1,1,0,0,0,2,1,0,4,1,19,0,0,1,0,4,0,0,0,0,0,0,0,0,0,0,0,0,0,0,0,1,0,0,1,0,0,1,0,0,1,1,0,0,0,0,0,0,0,0,0,0,0,1,0,0,2,0,0,0,0,0,0,0,0,1,0,0,0,0,0,0,0,36,0,0,2,0,0,1,0,1,1,0,0,1,0,3,0,6,0,0,0,0,0,0,0,3,0,0,1,0,0,0,5,0,1,0,0,0,0,0,0,6,0,0,0,0,0,3,0,0,0,0,0,0,0,0,0,0,0,0,0,0,0,0,0,0,0,1,0,1,0,0,0,0,0,0,12,6,0,0,0,28,0,0,0,1,45,0,1,11,0,0,0,30,1,0,1,0,0,0,0,0,0,0,0,0,1,0,0,0,0,0,0,0,1,0,0,0,0,0,0,0,0,0,0,0,0,1,0,0,0,0,0,12,0,0,50,0,0,4,1,3,1,0,19,1,0,0,49,1,0,0,1,1,0,0,0,0,0,0,40,1,1,2,0,0,0,0,0,0,0,0,0,6,2,0,0,0,1,1,0,0,0,4,2,0,1,0,0,0,0,0,0,14,1,0,0,6,0,0,0,0,0,2,0,2,0,0,0,0,0,0,0,0,0,0,0,1,0,0,0,0,0,0,0,0,0,0,0,0,0,1,0,0,0,0,0,0,13,0,0,0,1,0,0,0,0,0,0,0,0,1,1,0,0,1,2,0,3,0,1,0,0,25,0,2,0,12,0,0,0,0,0,0,0,0,0,0,0,0,4,0,0,0,0,0,0,0,0,1,4,0,1,0,1,0,0,0,13,0,2,0,6,1,0,2,0,2,0,0,0,0,0,0,0,0,2,0,0,0,0,3,0,0,0,0,0,0,0,0,1,0,0,0,0,0,0,0,0,0,0,0,0,0,0,1,0,0,0,0,0,0,0,0,0,0,0,0,1,4,1,0,0,1,2,2,0,0,1,0,0,0,0,2,0,4,0,0,0,0,0,0,0,5,0,0,0,0,0,0,1,0,0,0,0,0,0,12,6,1,0,1,9,0,0,0,0,0,0,0,7,0,11,0,0,2,2,1,0,78,0,1,0,2,0,0,15,0,23,0,1,1,0,0,6,106,1,0,0,0,0,0,0,13,0,0,0,2,0,0,0,7,1,0,5,2,0,0,1,0,0,0,0,0,0,0,0,0,0,0,0,2,2,0,0,0,0,0,3,2,3,0,1,0,0,0,0,0,0,0,0,0,0,0,0,0,0,0,0,0,0,0,0,0,0,0,0,0,0,0,0,0,0,0,0,8,6,5,2,1,2,0,1,1,3,1,0,2,0,8,4,29,1,1,0,0,0,1,28,0,0,0,0,1,0,1,0,0,103,3,8,4,0,2,0,4,0,2,0,0,4,1,0,0,0,0,1,0,0,1,0,3,2,0,0,0,0,7,8,0,0,0,0,1,151,0,0,0,0,4,0,0,0,0,7,0,0,0,21,0,0,0,0,1,0,0,1,0,0,0,0,0,0,0,0,0,2,1,0,3,14,0,0,0,0,0,21,0,0,0,2,0,0,0,0,2,5,0,0,0,6,0
177,2070,COLEGIO ESTADUAL DO PARANA,AV JOAO GUALBERTO   250,CENTRO,-25.42329539,-49.26741276,1,0,4824,3821,231,112,0,5,4,14,83,1,3,1,0,4,0,26,3,0,0,0,54,1,0,0,2,1,8,1,10,0,12,1,1,0,1,24,1,0,1,0,0,6,6,1,17,3,0,5,1,30,2,1,1,0,0,0,3,7,0,1,2,17,0,0,3,0,3,15,0,1,0,0,0,0,2,2,39,0,0,0,0,12,0,0,1,0,0,2,0,2,15,0,0,0,0,0,0,0,0,0,0,0,0,11,0,14,1,0,0,1,0,15,18,0,0,0,0,0,2,1,0,1,0,0,3,10,0,0,0,1,1,0,3,2,3,5,298,0,0,0,1,2,0,0,2,2,2,0,6,1,6,0,0,2,0,0,0,1,0,4,23,0,8,0,0,0,35,6,0,1,2,5,0,3,0,1,350,25,86,31,4,2,0,184,11,19,0,1,4,1,2,2,1,0,0,1,3,9,0,3,13,105,0,2,1,0,1,0,0,1,0,0,0,0,0,2,0,0,0,0,0,0,0,0,0,2,0,0,1,0,1,0,1,0,0,0,1,0,0,0,0,0,0,0,0,0,0,0,0,1,0,0,0,0,2,0,0,0,0,1,0,2,0,1,15,0,0,1,0,0,0,0,2,1,0,2,0,0,4,2,3,0,0,0,2,0,0,0,9,2,0,0,0,0,1,4,0,0,0,0,0,0,0,1,0,1,2,0,0,1,0,0,0,0,0,0,0,0,0,2,0,0,0,0,0,0,0,0,0,1,14,3,0,0,0,0,1,0,0,28,0,0,0,0,45,0,1,0,1,23,0,1,3,4,0,1,63,3,0,5,0,0,0,0,0,2,0,0,2,1,0,0,1,0,0,0,0,1,0,0,0,0,0,0,0,0,0,0,0,0,0,0,0,0,6,4,24,1,0,61,1,1,4,2,10,7,0,10,2,0,3,32,4,4,1,0,2,0,1,0,0,6,0,22,0,5,1,1,1,0,0,0,2,0,0,0,4,0,1,1,0,0,0,0,0,0,8,4,0,1,0,0,2,0,0,0,19,0,0,0,4,0,0,0,0,0,4,0,0,0,0,0,0,0,0,0,0,0,0,0,2,0,0,0,0,0,0,1,0,0,1,0,1,0,3,0,0,0,0,0,0,1,0,0,0,0,0,0,1,0,0,0,0,0,0,0,0,2,3,1,5,0,3,3,3,0,53,0,7,2,34,8,0,0,0,2,0,0,0,0,0,0,0,1,1,0,1,0,1,0,0,0,0,2,0,0,0,1,0,0,1,4,0,1,0,5,0,0,2,0,0,0,0,0,0,0,2,0,0,2,0,0,0,0,0,0,0,0,0,0,0,0,0,0,0,0,0,0,0,0,0,0,0,0,0,0,0,0,0,0,0,0,0,0,0,0,0,0,0,0,0,0,0,0,0,0,3,0,1,0,2,1,0,0,0,0,15,0,3,0,0,0,0,0,2,0,22,0,0,0,0,3,1,2,0,0,0,0,2,0,65,11,1,1,0,30,0,0,1,0,0,0,0,6,0,6,0,0,5,8,5,1,50,0,0,0,1,2,0,15,1,46,1,0,0,0,0,7,91,3,1,0,1,4,0,0,23,0,0,1,1,1,0,0,1,0,1,3,0,0,0,0,0,0,3,0,0,0,0,3,7,0,1,9,0,4,0,1,0,2,4,25,4,4,0,4,2,1,0,0,0,0,0,0,0,0,0,1,0,0,1,0,0,0,0,0,0,3,0,0,0,0,0,0,0,0,0,0,6,6,9,16,2,0,1,1,1,0,0,0,5,4,16,5,33,3,2,1,0,0,0,15,0,0,4,0,2,0,2,0,0,149,4,5,8,1,10,3,16,0,11,7,3,0,0,1,0,0,0,5,0,0,0,1,2,0,0,0,0,0,0,1,0,0,0,0,2,11,0,0,0,0,0,0,0,0,0,3,0,0,0,3,3,0,0,1,0,0,0,0,0,0,0,0,1,0,0,0,1,1,0,0,5,12,0,0,1,0,0,10,1,0,0,0,0,0,0,0,2,1,0,0,0,2,0
177,2127,LAR DOS IDOSOS - RECANTO DO TARUMÃ,"RUA KONRAD ADENAUER, 576",TARUMA,-25.425063,-49.214813,19,0,57,51,5,0,0,0,0,0,0,0,0,0,0,0,0,0,0,0,0,0,0,0,0,0,0,0,0,0,0,0,1,0,0,0,0,0,0,0,0,0,0,0,0,0,0,0,0,0,0,0,0,0,0,0,0,0,0,0,0,0,0,0,0,0,0,0,0,0,0,0,0,0,0,0,0,0,0,0,0,0,0,0,0,0,0,0,0,0,0,0,0,0,0,0,0,0,0,0,0,0,0,0,0,0,0,0,0,1,0,0,0,0,0,0,0,0,0,0,0,0,0,0,0,0,0,0,0,0,0,0,0,0,0,0,0,0,0,0,0,0,0,0,0,0,0,0,0,0,0,0,0,0,0,0,0,0,0,0,0,0,0,0,0,0,0,0,0,0,0,0,0,0,0,0,0,0,0,0,0,0,0,0,0,1,0,1,0,0,0,0,0,0,0,0,0,0,0,0,0,0,0,0,0,0,0,0,0,0,0,0,0,0,0,0,0,0,0,0,0,0,0,0,0,0,0,0,0,0,0,0,0,0,0,0,0,0,0,0,0,0,0,0,0,0,0,0,0,0,0,0,0,0,0,0,0,0,0,0,0,0,0,0,0,0,0,0,0,0,0,0,0,0,0,0,0,0,0,0,0,0,0,0,0,0,0,0,0,0,0,0,0,0,0,0,0,0,0,0,0,0,0,0,0,0,0,0,0,0,0,0,0,0,0,0,0,0,0,0,0,0,0,0,0,0,0,0,0,0,0,0,0,0,0,0,0,0,0,0,0,0,0,0,0,0,0,0,0,0,0,0,0,0,0,0,0,0,0,0,0,0,0,0,0,0,0,0,0,0,0,0,0,0,0,0,0,0,0,0,0,0,0,0,0,0,0,0,0,0,0,0,0,0,0,0,0,0,0,0,0,1,0,0,0,0,0,3,0,0,0,0,0,1,0,0,0,0,0,0,0,0,0,0,0,0,0,0,0,0,0,0,0,0,0,0,0,0,0,0,0,0,0,0,0,0,0,0,0,0,0,0,0,0,0,0,0,0,0,0,0,0,0,0,0,0,0,0,0,0,1,0,0,0,0,0,0,0,0,0,0,0,0,0,0,0,0,0,0,0,0,0,0,0,0,0,0,0,0,0,0,0,0,0,0,0,0,0,0,0,0,0,0,0,0,0,0,0,0,0,0,0,0,0,0,0,0,0,0,0,0,0,0,0,0,0,0,0,0,0,0,0,0,0,0,0,0,0,0,0,0,0,0,0,0,0,0,0,0,0,0,0,0,0,0,0,0,0,0,0,0,0,0,0,0,0,0,0,0,0,0,0,0,0,0,0,0,0,0,0,0,0,0,0,0,0,0,0,0,0,0,0,0,0,0,0,0,0,0,0,0,0,0,0,0,0,0,0,0,0,0,0,0,0,0,0,0,0,0,0,0,0,0,0,0,0,0,0,0,0,0,0,0,0,0,0,0,0,0,0,0,0,0,0,0,0,0,0,0,0,0,0,0,0,0,0,0,0,0,0,0,0,0,0,0,0,0,0,0,0,0,0,1,0,2,0,0,0,0,0,0,0,0,0,0,0,0,0,0,0,1,0,0,0,0,0,0,0,0,0,0,0,0,0,0,0,0,0,0,0,0,0,0,0,0,0,0,0,0,0,0,0,0,0,0,0,0,0,0,0,0,1,0,0,0,0,0,0,0,0,0,0,0,0,0,0,0,0,0,0,0,0,0,0,0,0,0,0,0,0,0,0,0,0,0,0,0,0,0,0,0,0,0,0,0,0,0,0,0,0,0,0,0,0,0,0,0,0,0,0,0,0,0,1,0,0,0,0,0,0,0,0,0,9,0,0,0,0,0,0,0,0,0,0,0,0,0,0,0,0,0,0,0,0,0,0,0,0,0,0,0,0,0,0,0,0,0,0,0,2,0,0,0,0,0,0,0,0,0,19,0,0,0,0,0,0,0,0,0,0,0,0,0,0,0,0,0,0,0,0,0,0,0,0,0,0,0,0,0,0,0,0,0,0,0,0,0,0,0,0,0,0,0,0,0,0,0
177,2143,SENAC - SERVIÇO NACIONAL DE APRENDIZAGEM COMERCIAL (VT),"RUA ANDRÉ DE BARROS, 750",CENTRO,-25.433813,-49.265687,1,1,0,340,8,5,0,0,0,0,9,0,0,0,0,1,0,3,1,0,0,0,2,0,0,0,0,1,1,0,0,0,0,0,0,0,0,3,0,0,0,0,0,1,0,0,1,1,0,0,0,5,2,0,1,0,0,0,0,1,0,0,0,1,0,0,0,1,0,3,0,0,0,0,0,0,0,0,2,0,0,0,0,0,0,2,0,0,0,0,0,0,1,0,0,0,0,0,1,0,1,0,0,0,0,2,0,4,0,0,0,0,0,0,1,0,0,0,0,0,0,0,0,0,1,0,3,2,0,0,0,0,0,0,0,1,0,0,11,2,0,0,0,0,0,0,1,0,1,0,0,0,2,0,0,0,0,0,0,0,0,0,2,0,1,0,0,0,2,0,0,0,0,0,0,0,0,0,10,2,10,2,0,1,0,13,4,0,0,0,0,0,0,0,0,0,0,0,1,0,0,0,0,6,0,0,0,0,0,0,0,0,0,0,0,0,0,0,0,0,0,0,0,0,1,0,0,0,0,0,0,0,0,0,0,0,0,0,0,0,0,0,0,0,0,0,0,0,0,0,0,0,0,0,0,0,0,0,0,0,0,0,0,0,0,0,2,0,0,5,0,0,0,0,0,0,0,2,0,0,0,4,1,0,0,0,0,0,0,0,0,0,0,0,0,0,0,0,0,0,0,0,0,0,0,0,0,0,0,0,0,0,0,0,0,0,0,0,0,0,0,2,0,0,0,0,0,0,0,0,0,0,1,1,1,0,0,0,0,0,0,0,0,0,0,0,3,0,0,0,0,1,0,0,3,0,0,0,4,0,0,0,0,0,0,0,0,0,0,0,0,0,0,0,0,0,0,0,0,0,1,0,0,0,2,0,0,0,0,0,0,0,0,0,0,0,4,2,2,0,0,5,0,0,1,1,0,0,0,1,0,0,0,2,0,0,0,0,0,0,0,0,0,0,0,0,0,0,0,0,0,0,0,0,2,0,0,0,0,0,0,0,0,0,0,0,0,0,2,0,1,0,0,0,2,0,0,0,0,0,0,0,5,0,1,0,0,0,0,0,0,0,0,0,0,0,0,0,0,0,0,0,0,0,0,0,0,0,0,0,0,0,0,0,0,0,0,0,0,0,0,0,0,0,0,0,0,0,0,0,0,0,0,0,0,0,0,0,0,0,2,0,0,0,2,0,1,0,3,0,0,0,2,0,0,0,0,0,0,0,0,0,0,0,0,0,0,0,0,0,0,0,0,0,0,0,0,0,0,0,0,0,0,0,0,0,0,0,0,0,0,0,0,0,0,0,0,0,0,0,0,0,0,0,0,0,0,0,1,0,0,0,0,0,0,0,0,0,0,0,0,0,0,0,0,0,0,0,0,0,0,0,0,0,0,0,0,0,0,0,0,0,0,0,1,0,0,0,0,0,0,0,0,0,0,0,0,0,0,0,1,0,0,0,0,0,0,1,0,0,1,0,0,1,0,0,0,0,0,0,0,0,6,2,0,0,1,1,0,1,0,2,0,0,0,1,0,8,1,0,0,1,2,0,4,0,0,0,2,0,0,0,0,9,0,1,0,0,0,2,2,0,0,0,0,0,0,0,1,0,0,0,0,0,0,0,0,0,0,2,0,0,0,0,0,0,1,0,0,0,0,0,1,0,0,0,0,1,0,0,0,0,0,0,1,0,0,0,0,0,0,0,0,0,0,0,0,0,0,0,0,0,0,0,0,0,0,0,0,1,0,0,0,0,0,0,0,0,0,0,1,1,1,3,2,0,1,1,1,0,0,0,0,1,3,2,3,5,0,0,0,0,0,0,0,0,1,0,1,0,0,0,1,11,0,1,1,0,4,0,4,0,2,0,0,0,0,0,0,0,0,1,0,0,0,0,0,0,0,1,0,0,0,0,0,0,0,0,0,2,0,0,0,0,0,0,0,0,0,1,0,0,1,2,0,0,0,0,0,0,0,0,0,0,0,0,0,0,0,0,0,0,0,0,3,0,0,0,0,0,0,0,0,0,0,0,0,0,0,0,0,0,0,0,0,0,0
177,2151,COLÉGIO ESTADUAL DO PARANÁ (VT),"RUA JOÃO GUALBERTO, 250",CENTRO,-25.423063,-49.266437,1,1,0,506,18,3,0,1,0,0,13,0,0,0,0,0,0,4,0,0,0,0,4,0,0,0,0,0,1,2,1,0,0,0,0,0,0,2,0,0,0,0,2,0,0,0,2,3,0,0,0,3,1,0,0,0,0,0,0,1,0,0,0,5,0,0,0,0,0,5,0,0,0,0,0,0,0,0,1,2,0,0,0,1,0,0,0,0,1,0,1,1,3,0,0,0,0,0,0,0,0,0,0,1,0,0,0,3,0,1,0,0,0,4,2,0,0,0,0,0,0,0,0,0,0,0,1,3,0,0,0,0,0,0,0,0,0,0,27,0,0,0,0,0,0,0,2,1,1,0,0,0,4,0,0,2,0,0,0,0,0,5,0,0,6,0,0,0,10,0,0,0,0,1,0,0,1,0,17,0,18,2,0,0,0,27,2,1,0,0,0,0,0,0,0,0,0,0,1,2,0,0,0,5,0,0,0,1,0,0,0,0,1,2,0,0,0,0,0,0,0,0,0,0,1,0,0,0,0,0,0,0,1,0,0,1,0,0,0,0,0,0,0,0,0,0,0,0,0,0,0,0,0,0,0,0,0,0,0,0,0,0,1,0,0,0,0,0,0,1,0,0,0,0,0,0,0,0,0,0,0,4,4,0,0,0,0,0,0,0,4,0,0,0,0,0,0,0,0,0,0,0,0,0,0,0,0,0,0,0,0,0,0,0,0,0,0,0,0,0,0,0,0,0,0,0,0,0,2,1,0,0,1,0,0,0,0,0,0,0,0,7,0,0,0,0,3,0,0,0,0,0,0,0,0,0,0,0,4,0,0,1,0,0,0,0,0,0,0,0,0,0,0,0,0,0,0,0,0,0,0,0,0,0,0,0,0,0,0,0,0,0,0,0,0,0,3,2,4,0,0,7,0,0,0,1,0,2,0,0,2,0,0,2,0,0,0,0,0,0,0,0,0,0,0,1,0,1,1,0,0,0,0,0,0,0,0,0,0,0,0,0,0,0,0,0,0,0,0,0,0,0,0,0,0,0,0,0,1,0,1,0,3,0,0,0,0,0,0,0,0,0,0,0,0,0,0,0,0,0,0,0,0,0,0,0,0,0,0,0,0,0,0,0,0,0,0,0,0,0,0,0,0,0,0,0,0,0,0,0,0,1,0,0,0,0,0,0,0,0,0,0,0,0,0,0,0,0,5,0,0,1,5,0,1,0,0,3,0,0,0,0,0,0,0,0,0,0,0,0,0,0,0,0,0,0,0,0,0,0,0,0,0,2,0,1,0,2,0,0,0,0,0,0,0,0,0,0,0,0,0,0,0,0,0,0,0,0,0,0,0,1,0,0,0,0,1,0,0,1,0,0,0,0,0,0,0,0,0,0,0,0,0,0,0,0,0,0,0,0,0,0,0,0,1,0,0,0,0,0,0,0,0,0,0,2,0,0,0,0,5,0,0,0,0,0,0,0,0,0,0,0,0,2,1,0,0,0,0,0,0,0,8,2,0,0,0,3,0,1,2,0,0,0,0,0,0,6,0,0,0,0,0,0,5,0,0,0,3,0,0,0,0,13,0,1,1,0,0,3,6,1,0,0,0,4,0,0,1,0,0,0,0,0,0,0,1,0,0,1,0,0,0,0,0,0,0,0,0,0,0,0,1,0,0,0,0,0,0,0,0,0,0,0,1,0,0,0,0,0,0,0,0,0,0,0,0,0,0,0,0,0,0,0,0,0,0,0,0,0,0,0,0,0,0,0,0,0,0,0,2,0,0,4,2,0,1,3,3,0,4,0,1,4,8,0,14,4,0,0,1,0,0,2,0,0,2,0,2,0,0,0,1,8,2,0,4,1,3,3,9,0,0,0,0,2,0,0,0,0,0,2,0,0,0,1,0,0,0,0,0,0,0,1,0,0,0,0,0,1,0,0,0,0,0,0,0,0,0,1,0,0,0,0,0,0,0,0,0,0,0,0,0,0,0,0,1,0,0,0,0,0,0,0,5,0,0,0,0,0,0,3,0,0,0,0,0,0,0,0,0,0,0,0,0,0,0
177,2160,FACULDADE DE DIREITO DA UNIVERSIDADE FEDERAL DO PARANÁ (VT),"PRAÇA SANTOS ANDRADE, 50",CENTRO,-25.429063,-49.267688,1,1,0,469,11,6,0,0,0,0,16,0,0,0,0,1,0,1,0,0,0,0,1,0,0,0,0,0,3,0,1,0,1,0,0,0,0,0,1,0,0,0,0,0,0,0,4,1,1,0,0,4,0,0,0,0,0,0,2,0,0,0,0,2,0,0,0,0,0,4,0,0,0,0,0,0,0,1,2,1,0,0,0,1,0,0,0,0,1,1,0,1,0,0,0,0,0,0,5,1,0,0,0,0,2,0,0,1,0,0,0,0,0,3,0,1,0,0,0,0,0,0,0,0,0,0,3,0,0,0,0,0,0,0,0,1,1,0,24,0,0,0,0,0,0,1,1,1,1,0,0,0,0,0,0,0,0,1,0,0,0,1,3,0,1,1,0,0,5,0,0,0,1,0,0,0,0,1,32,1,11,2,1,0,0,30,4,2,0,2,0,0,0,0,0,0,1,0,5,5,0,0,0,8,0,0,0,0,0,0,0,0,0,0,0,0,0,0,0,0,0,0,0,0,0,0,0,0,0,0,0,0,0,0,0,0,0,0,0,0,0,0,0,0,0,0,0,0,0,0,0,0,0,0,0,0,0,0,0,0,0,0,5,0,0,0,0,0,0,1,0,0,0,0,0,0,0,3,0,0,0,3,2,0,0,0,0,0,0,0,0,0,0,0,0,0,0,0,0,0,0,0,0,0,0,0,0,0,0,0,0,0,0,0,0,1,0,0,0,0,0,0,0,0,0,0,0,0,0,0,0,0,0,0,0,0,0,0,1,0,0,1,0,0,0,0,1,0,0,0,0,3,0,0,0,0,0,0,1,0,0,0,0,0,0,0,0,0,0,0,0,0,0,0,0,0,0,0,0,0,0,0,0,0,0,0,0,0,0,0,0,0,0,0,0,0,2,3,0,0,0,8,1,0,4,0,3,0,0,0,0,0,0,2,0,0,0,0,0,0,0,0,0,0,0,3,0,0,1,0,0,0,0,0,0,0,0,0,0,0,1,0,0,0,0,0,0,0,0,0,0,0,0,0,1,0,0,0,1,0,0,0,0,1,0,0,0,0,0,0,0,0,0,0,0,0,0,0,0,0,0,0,0,0,0,0,0,0,0,0,0,0,0,0,0,0,0,0,0,0,0,0,0,0,0,0,0,0,0,0,0,0,0,0,0,0,0,0,0,1,0,0,0,0,1,0,0,0,3,0,0,0,0,0,0,0,0,0,0,0,0,0,0,0,0,1,0,0,0,0,0,0,0,0,0,0,0,0,0,0,0,0,0,0,0,0,0,1,0,1,0,0,1,0,0,0,0,0,0,0,0,0,0,0,0,0,0,0,0,0,0,0,0,0,0,0,0,0,0,0,0,0,0,0,0,0,0,0,0,0,0,0,0,0,0,0,0,0,0,0,0,0,0,0,0,0,0,0,0,0,0,0,0,1,0,0,0,0,2,0,2,0,0,0,0,0,0,0,2,0,0,0,0,1,0,0,0,0,0,0,0,0,4,1,0,0,0,6,0,1,0,0,0,0,1,0,0,24,0,0,0,0,0,0,5,0,0,0,1,0,0,0,0,2,0,2,2,0,0,2,4,0,0,0,1,1,0,0,3,0,1,0,1,0,0,0,0,0,1,0,0,0,0,0,1,0,0,0,0,0,0,0,4,0,0,0,0,0,0,1,0,0,2,0,1,0,0,1,0,0,0,0,0,0,0,0,0,0,0,0,0,0,0,0,0,0,0,0,0,0,0,0,0,0,0,0,0,0,0,0,2,0,0,1,0,0,2,1,1,0,2,0,2,0,8,0,6,3,0,2,0,0,0,4,0,0,0,0,1,0,0,1,3,4,3,0,9,0,4,0,11,1,0,0,0,4,0,0,0,0,0,0,0,1,1,0,0,0,0,0,0,0,1,2,0,0,0,0,0,9,0,0,0,0,0,0,0,0,0,0,0,0,0,1,0,0,0,0,2,0,0,0,0,0,0,0,1,0,0,0,0,0,0,0,0,1,0,0,0,0,0,0,0,0,0,0,0,0,0,0,0,0,0,0,0,0,0
177,2178,COLÉGIO BOM JESUS CENTRO (VT),"RUA 24 DE MAIO, 135",CENTRO,-25.437937,-49.273563,1,1,0,466,17,6,0,0,1,2,8,0,0,0,0,1,0,2,0,0,0,0,4,0,0,0,1,0,0,0,0,0,1,0,0,0,0,1,0,0,0,0,3,0,0,0,3,0,0,0,0,9,1,1,0,0,0,0,3,0,0,0,0,2,0,0,1,1,0,11,0,0,0,0,0,0,0,1,0,0,0,0,1,0,0,0,0,0,0,0,0,0,0,1,0,0,0,1,2,2,0,0,0,0,0,0,0,4,0,0,0,0,0,2,0,0,0,0,0,0,0,0,0,0,2,0,0,1,0,0,0,0,1,0,0,0,0,0,11,1,0,0,1,0,0,2,0,1,0,0,0,0,1,0,0,0,0,0,0,0,0,0,0,0,5,0,1,1,5,0,0,0,1,1,0,0,0,0,21,1,14,2,0,2,0,14,1,0,1,1,0,0,0,1,0,0,0,0,4,3,0,1,0,4,0,0,0,0,0,0,0,0,0,0,0,0,0,1,0,0,0,0,0,0,4,0,0,0,0,0,0,0,0,0,1,0,0,0,0,0,0,0,0,0,0,0,0,0,0,0,0,0,0,0,0,0,0,0,0,0,0,0,0,0,0,0,1,0,0,6,0,0,0,0,0,0,0,2,0,0,0,0,0,0,0,0,0,0,0,0,0,0,0,0,0,0,0,0,0,0,0,0,0,1,0,0,1,0,0,0,0,0,0,0,0,0,0,0,0,0,0,0,0,0,0,0,0,0,0,0,0,0,1,0,0,0,0,0,0,0,0,4,2,0,1,0,3,0,0,0,0,0,0,0,0,0,0,0,12,0,1,0,0,0,0,1,0,0,0,0,0,0,0,2,0,0,0,0,0,0,1,0,0,0,0,0,0,0,0,0,0,0,0,0,0,0,5,1,2,0,0,14,0,0,1,1,6,4,0,0,0,0,1,3,0,0,2,0,0,0,1,0,0,1,0,3,0,0,1,0,0,0,0,0,1,0,0,0,0,0,0,0,0,0,0,0,0,0,1,0,1,0,0,0,0,0,0,0,2,0,0,0,0,0,0,0,0,0,0,0,0,0,0,0,0,0,0,0,0,0,0,0,0,0,0,0,0,0,0,0,0,0,0,0,0,0,0,0,0,0,0,0,0,0,0,0,0,0,0,0,0,0,0,0,0,0,0,0,0,0,2,0,0,0,2,0,0,1,3,0,1,0,1,0,0,0,0,0,0,0,0,0,0,0,0,0,0,0,0,0,0,0,0,0,0,0,0,0,0,0,0,0,0,0,0,0,0,0,0,0,0,0,0,0,0,0,0,0,0,0,0,0,0,0,0,0,0,0,0,0,0,0,0,0,0,0,1,0,0,0,0,0,0,0,0,0,0,0,0,0,0,0,0,0,0,0,0,0,0,0,0,0,0,0,1,0,0,0,0,0,0,0,0,3,0,0,0,0,0,0,2,0,0,0,0,0,0,2,0,0,0,0,0,1,0,0,0,0,0,0,0,0,13,0,0,0,1,5,0,0,0,0,0,0,0,0,0,12,1,0,0,0,0,0,9,0,2,2,0,0,0,0,0,9,0,2,1,0,0,2,4,0,0,0,0,0,0,0,0,0,0,0,0,0,1,0,0,0,0,6,0,0,0,0,0,0,0,0,0,0,0,0,0,1,0,1,0,0,0,0,0,0,1,3,0,1,0,0,0,0,0,0,0,0,0,0,0,0,0,0,0,0,0,0,0,0,0,0,0,0,0,0,0,0,0,0,0,0,0,0,0,0,2,6,2,0,0,2,5,0,2,0,0,0,4,1,3,4,0,0,0,0,0,1,0,0,0,0,0,0,0,2,1,14,0,0,5,0,2,0,5,0,0,0,0,0,0,0,0,0,0,0,0,0,0,0,0,0,0,0,0,0,0,0,0,0,0,0,0,7,0,2,0,0,0,0,0,0,0,0,0,0,0,1,0,0,0,0,0,0,0,0,0,0,0,0,1,0,0,0,0,0,0,0,0,0,0,0,0,0,0,1,0,0,0,0,0,0,0,0,1,0,0,0,0,0,1
178,1201,COLÉGIO IMACULADA CONCEIÇÃO,AVENIDA MANOEL RIBAS  6318,SANTA FELICIDADE,-25.4022832,-49.3312097,63,0,6337,5293,313,211,0,4,4,18,67,5,9,1,1,7,2,69,0,1,0,0,29,0,2,2,2,5,31,5,3,0,27,0,1,0,0,22,1,0,1,0,0,2,20,3,26,15,0,0,7,32,0,0,2,0,1,0,0,14,0,0,6,10,0,5,1,0,0,21,0,0,0,1,1,1,0,4,106,0,0,2,0,14,0,2,1,0,0,4,0,0,22,0,0,0,0,0,1,2,2,1,0,0,0,19,0,43,0,0,0,1,5,64,33,2,0,0,0,0,5,0,0,0,0,2,3,12,4,0,4,0,1,0,3,2,1,0,190,0,1,2,1,0,0,0,2,1,6,0,7,2,0,2,0,2,0,0,0,0,0,1,14,0,21,0,0,0,13,0,1,0,2,1,1,1,0,1,98,4,45,12,1,3,1,67,1,3,0,0,1,0,0,1,2,1,1,0,1,2,0,1,0,53,1,0,2,0,1,0,0,1,0,1,0,0,2,1,0,0,0,0,0,0,0,0,0,18,0,1,21,0,1,0,3,0,0,0,0,1,0,0,0,0,0,0,0,0,0,7,0,0,5,0,2,0,0,0,0,0,0,0,0,9,0,0,18,0,0,2,0,2,0,0,1,0,0,8,0,0,7,0,25,0,1,1,1,0,0,0,7,0,0,0,0,0,0,3,0,0,0,0,0,0,0,0,0,0,0,0,0,1,0,1,0,0,0,0,0,0,0,0,0,0,0,0,0,0,0,0,0,0,4,2,1,0,2,0,0,0,0,63,0,0,0,0,114,0,0,0,3,25,0,0,5,0,1,1,89,1,0,0,0,0,0,0,0,2,2,0,0,0,0,0,0,0,0,0,0,2,0,0,0,0,0,0,1,0,0,0,0,0,0,2,0,0,1,1,33,0,1,125,0,0,5,1,17,9,0,6,4,1,2,70,2,3,0,8,1,0,0,2,0,3,2,47,1,3,9,2,0,1,3,1,2,0,1,0,5,2,0,0,1,1,2,0,0,0,11,0,3,0,0,2,8,3,0,0,57,0,1,0,2,0,0,0,0,0,2,0,1,0,0,0,0,0,0,0,0,0,0,0,1,0,2,0,0,0,0,0,0,0,0,0,0,4,7,0,0,0,0,0,0,0,0,0,0,0,0,0,0,0,0,0,0,0,0,0,0,0,4,3,0,1,1,5,6,2,69,0,12,6,54,5,2,1,0,3,0,0,0,1,0,2,0,1,0,0,1,0,0,0,0,0,1,0,1,0,0,0,0,0,0,13,0,4,0,9,0,0,5,0,0,0,0,0,0,0,0,0,0,6,0,0,0,0,0,2,0,0,0,0,0,0,0,10,1,0,0,2,0,0,0,0,1,1,0,0,0,4,0,0,0,0,0,0,0,0,0,3,0,0,0,0,1,2,0,0,1,0,1,0,0,2,0,0,0,0,3,0,1,0,0,0,0,0,0,0,1,1,0,1,0,1,1,1,0,14,0,0,9,0,68,26,0,1,1,52,0,0,0,0,0,0,0,2,0,19,0,0,11,20,1,0,104,0,3,0,0,19,0,8,0,82,0,2,6,1,0,15,748,2,4,0,4,2,0,0,19,0,0,0,0,0,1,7,1,1,0,6,1,0,0,0,0,0,0,2,0,0,0,0,1,0,0,1,0,1,1,0,0,2,0,2,2,0,0,0,0,0,1,0,0,0,0,0,0,1,0,0,2,0,3,1,0,0,0,2,1,0,0,0,0,2,10,0,0,0,1,0,10,13,3,28,21,0,0,0,5,0,5,1,0,22,34,2,47,4,0,0,0,0,0,9,0,0,13,0,3,0,0,1,3,376,4,1,51,0,8,5,52,1,8,0,7,2,0,1,0,0,0,11,0,0,0,2,2,1,0,1,0,0,0,1,0,0,0,0,0,8,0,1,0,0,3,0,0,0,0,0,0,0,1,14,0,0,0,1,0,1,3,0,0,1,2,1,0,0,0,0,1,2,0,0,4,6,0,0,0,0,0,23,1,0,0,0,0,2,0,0,0,1,0,0,0,1,0
178,1210,COLÉGIO ESTADUAL ÂNGELO VOLPATO,RUA JOAO VALLE 23,SANTA FELICIDADE,-25.39754909,-49.31871687,63,0,3668,2997,265,172,0,3,9,14,48,4,4,1,0,15,3,17,3,0,1,0,9,0,4,1,2,6,22,0,0,0,25,0,2,4,0,6,0,0,0,0,0,0,2,1,5,2,0,0,2,23,2,0,0,0,2,0,0,1,0,0,1,11,0,0,0,0,1,9,1,2,0,2,0,0,0,1,97,0,0,0,0,7,0,1,0,0,0,1,1,0,5,0,2,0,0,0,1,0,0,0,0,0,0,11,0,12,0,0,0,0,47,17,24,0,0,0,0,0,3,0,0,0,0,0,2,13,2,0,2,0,0,0,3,0,1,2,73,0,1,0,1,0,0,1,0,0,7,0,2,0,1,0,0,0,0,0,0,0,0,1,5,0,11,0,0,0,9,1,0,0,2,0,1,2,0,0,60,1,40,7,3,0,1,50,1,7,0,0,1,0,0,0,1,1,0,0,0,1,0,0,0,42,0,0,0,0,1,0,0,2,0,5,0,0,0,0,0,0,0,0,0,0,1,0,0,6,1,1,16,0,0,0,1,0,0,0,1,1,0,0,0,0,0,0,0,2,0,0,0,0,10,0,0,0,0,0,0,0,0,0,0,0,0,0,34,0,0,0,0,0,1,0,2,1,0,1,0,0,1,0,4,0,1,0,1,0,0,0,1,0,0,0,0,1,0,6,1,0,1,1,0,0,0,0,0,0,0,0,0,0,0,0,0,0,0,0,0,0,0,0,0,0,1,0,0,2,0,0,0,0,0,0,0,0,1,0,0,0,0,24,1,0,0,0,38,0,0,0,0,13,0,0,4,1,1,0,51,0,0,1,0,0,0,0,0,0,1,0,0,0,0,0,0,0,0,0,0,0,0,0,0,0,0,0,1,0,0,0,0,0,0,0,0,0,2,0,10,0,0,56,0,0,2,0,4,1,0,1,2,0,1,49,1,1,1,1,0,0,0,0,0,2,0,23,0,8,0,0,0,1,0,0,0,0,0,0,5,0,0,0,0,0,0,0,0,0,9,0,3,0,0,0,0,0,0,0,26,0,0,0,0,0,0,0,0,0,0,0,0,0,0,0,0,0,0,1,0,0,0,0,0,0,1,0,0,0,1,0,0,0,0,0,0,0,0,0,0,0,0,0,0,0,0,1,0,0,0,0,0,0,0,0,0,0,0,0,0,1,1,0,0,1,0,2,5,0,25,0,3,0,16,1,0,0,0,0,0,0,0,0,0,1,0,0,0,0,0,1,1,0,0,0,0,2,0,0,0,0,0,0,0,10,0,0,0,9,0,0,4,0,0,0,0,0,0,0,1,0,0,2,0,0,0,0,0,0,0,0,0,0,0,0,0,3,2,0,0,0,0,0,4,0,0,0,0,0,0,3,0,0,0,0,0,1,0,0,0,2,0,0,0,0,0,0,0,0,0,0,1,0,2,2,0,0,0,0,4,0,0,0,0,0,0,0,0,0,1,0,0,0,0,2,3,0,0,5,0,0,3,0,20,8,0,0,0,13,0,0,0,0,0,0,0,2,0,3,0,0,2,5,1,0,93,0,1,0,0,3,0,10,0,52,0,0,2,0,0,6,296,0,1,0,2,3,0,1,14,0,0,0,0,0,0,14,0,0,0,2,0,0,1,0,0,0,1,0,0,1,2,0,2,0,1,2,0,0,1,0,0,0,0,4,4,0,0,0,0,0,0,0,0,0,0,0,0,0,0,0,0,0,0,0,0,0,0,0,3,0,0,0,0,2,69,0,0,0,1,0,6,5,2,14,2,0,0,0,4,0,1,0,0,26,8,1,34,5,0,0,1,1,1,46,2,0,5,0,0,0,2,0,0,184,6,0,20,1,5,1,26,0,0,0,3,3,0,0,0,0,0,1,0,0,0,1,2,3,0,2,0,0,0,2,0,0,0,0,0,8,0,0,0,0,1,0,1,0,0,0,0,0,0,1,2,0,0,1,0,0,0,0,0,2,0,0,0,0,0,0,0,1,0,0,0,6,0,0,0,0,0,18,0,0,0,2,0,2,0,0,0,0,0,0,0,0,0
178,1228,COLÉGIO ESTADUAL PROFESSOR FRANCISCO ZARDO,AVENIDA MANOEL RIBAS 7149,SANTA FELICIDADE,-25.39918274,-49.33900531,63,0,3561,2910,224,167,0,3,9,10,41,2,2,1,0,11,0,33,1,0,0,0,11,0,0,0,8,1,31,1,1,0,11,0,1,1,0,15,0,0,0,0,0,0,6,1,23,1,0,1,1,24,0,0,0,0,2,0,0,8,0,2,0,10,1,2,2,0,1,10,1,0,0,0,0,0,0,1,91,0,0,0,1,8,0,3,0,0,0,1,0,1,5,0,0,0,0,0,0,0,0,0,0,0,0,3,0,20,0,0,0,1,4,39,37,1,0,0,0,0,4,0,0,0,0,1,0,3,2,0,1,0,0,0,1,0,2,0,77,0,1,1,1,0,0,0,1,0,6,0,1,0,1,0,0,2,0,3,0,0,0,1,6,0,5,1,0,0,9,1,0,0,1,0,0,0,0,0,53,6,55,4,0,1,0,40,0,1,0,0,3,0,0,5,0,0,1,0,1,0,0,1,0,31,0,0,0,0,0,0,0,0,0,3,0,0,1,0,0,0,1,0,0,0,0,0,0,7,0,0,9,0,0,0,1,0,0,0,0,0,0,0,0,0,0,0,0,0,0,5,1,0,2,0,0,0,0,0,1,0,0,0,0,0,0,0,12,0,0,0,0,0,1,0,1,2,0,1,0,0,1,1,7,0,0,0,0,0,0,0,3,0,0,0,0,0,0,2,0,0,0,0,0,0,0,0,0,0,0,0,0,0,1,1,0,0,0,0,0,0,0,0,0,0,0,0,0,0,1,0,0,0,1,0,2,0,0,0,0,0,0,27,0,0,0,0,81,1,0,0,2,11,0,0,9,0,0,0,32,0,0,0,0,0,0,0,0,1,0,0,0,0,0,0,0,0,0,0,0,0,0,0,0,0,0,0,0,0,0,0,0,0,0,1,0,0,4,1,7,0,0,57,0,1,4,2,7,7,0,3,1,0,0,52,6,0,0,4,0,0,0,0,0,2,0,18,0,0,3,0,0,1,0,1,1,0,0,0,0,0,0,1,0,0,1,0,0,0,4,0,0,1,0,0,1,0,0,0,23,1,0,0,0,4,0,0,0,0,0,0,0,0,0,0,0,0,0,0,0,0,0,0,0,0,3,0,0,1,0,0,0,0,0,0,0,0,3,0,0,0,0,0,0,0,0,1,0,0,0,0,0,0,0,0,0,0,0,0,0,0,2,0,0,1,0,5,4,0,32,0,3,0,19,1,0,0,0,0,0,0,0,0,0,0,0,0,0,0,0,0,0,0,0,0,0,1,1,0,0,0,0,0,0,7,0,0,0,2,0,0,0,0,0,0,0,0,0,0,0,0,0,2,0,0,0,0,0,0,0,0,0,0,0,0,0,10,1,0,0,0,0,0,0,0,0,0,0,0,0,2,0,0,0,0,0,0,0,0,0,5,0,0,0,1,1,1,0,0,1,0,0,0,0,0,0,0,4,0,4,0,3,0,0,0,0,1,0,0,1,1,0,0,0,1,2,0,0,24,0,0,1,0,19,11,0,1,0,12,0,0,0,0,0,0,0,1,0,2,0,1,7,11,0,0,96,0,2,0,1,9,1,5,0,60,0,0,2,0,0,11,343,2,0,0,0,1,0,0,21,0,0,0,0,0,1,2,2,1,0,5,0,0,1,0,0,0,1,0,0,0,1,1,3,0,0,1,0,0,0,0,0,0,0,1,1,0,0,0,0,0,0,0,0,0,0,0,0,0,0,0,0,2,3,0,0,0,0,0,0,1,0,0,0,3,5,0,0,0,0,0,8,6,1,9,3,1,0,1,3,1,5,0,5,10,21,3,28,3,1,1,0,1,0,4,0,0,2,0,0,0,0,0,0,164,2,0,24,0,8,0,38,0,0,1,6,1,0,2,0,0,1,6,0,0,0,1,1,1,1,4,0,0,0,0,0,0,0,0,0,5,0,0,0,0,0,0,0,0,0,5,0,0,0,5,0,0,0,2,0,0,0,0,0,0,0,0,0,0,0,0,0,0,0,0,2,10,0,0,2,0,0,12,0,0,0,0,0,1,0,0,0,0,0,0,0,0,0
178,1236,COLÉGIO ESTADUAL SANTA FELICIDADE,"RUA BORTOLO PAULIN, 227",SANTA FELICIDADE,-25.40646444,-49.33907447,63,0,2655,2236,139,98,0,0,4,3,33,0,3,0,3,5,0,21,0,0,0,0,23,0,0,0,4,1,8,2,1,0,10,1,0,0,0,14,0,0,0,0,0,0,7,1,5,2,0,0,0,19,3,0,1,0,3,1,0,6,0,0,0,3,0,2,0,0,0,11,2,0,0,1,1,0,0,2,35,0,0,0,0,3,0,2,0,0,0,1,0,0,7,1,0,0,0,0,0,0,0,0,0,0,0,8,0,33,0,2,0,0,0,13,10,4,0,0,0,0,2,0,0,0,0,2,2,1,1,0,0,0,0,0,2,1,0,1,72,0,1,0,0,0,0,0,3,0,2,0,4,1,0,0,0,2,0,1,0,0,0,2,7,0,5,0,0,0,6,0,0,0,1,0,1,0,0,0,43,4,42,6,1,1,0,64,1,5,0,0,3,0,0,3,1,1,0,0,0,1,0,1,1,40,0,0,1,0,0,0,0,0,0,5,0,0,0,0,0,0,0,0,0,0,0,0,0,4,0,1,7,0,0,0,2,0,0,0,0,0,0,0,0,0,0,0,0,0,0,3,0,1,1,0,1,0,0,0,0,0,0,0,0,0,0,0,2,0,0,0,0,0,0,0,0,1,0,0,0,1,5,0,4,0,0,0,0,0,0,0,1,0,0,0,0,0,0,1,0,0,0,0,0,0,0,0,0,0,0,0,0,0,0,0,0,0,0,0,0,0,0,0,0,0,0,0,0,0,0,0,0,0,1,0,0,0,0,0,0,0,1,26,0,0,0,0,47,0,0,0,3,9,0,0,3,2,1,0,50,0,0,2,0,0,0,1,0,0,1,0,2,0,0,0,0,0,0,0,0,0,0,0,0,0,0,0,0,0,0,0,0,0,0,0,0,0,2,4,13,0,1,36,0,0,3,0,9,5,0,0,1,0,1,29,1,0,0,3,0,0,0,0,0,3,0,13,4,1,2,0,0,0,0,0,1,0,1,0,1,0,0,0,1,0,0,0,0,0,3,1,1,1,0,0,1,0,0,0,20,0,0,0,2,0,0,0,0,0,1,0,0,0,0,0,0,0,0,0,0,0,0,0,1,0,2,0,0,0,0,2,0,0,0,0,0,0,3,0,0,0,0,0,0,0,0,0,0,0,0,0,0,0,0,0,0,0,0,0,0,0,0,1,1,1,0,2,1,0,27,0,10,1,21,1,0,0,0,0,0,0,0,0,0,0,0,0,0,0,0,1,0,0,0,0,0,0,0,0,0,0,0,0,0,10,0,3,0,1,1,2,0,0,0,0,2,0,0,0,1,0,0,4,0,0,0,0,0,0,0,0,0,0,0,0,0,8,0,0,0,0,0,0,0,0,0,0,0,0,0,3,0,0,0,0,0,0,0,0,0,3,0,0,0,0,0,3,0,0,3,0,1,1,0,3,0,0,0,0,2,0,4,0,0,0,0,0,2,0,1,0,0,0,0,0,1,0,0,4,0,0,6,0,14,6,0,0,0,19,0,1,0,0,0,0,0,1,0,4,0,0,3,6,1,1,49,0,0,0,1,2,0,4,0,27,0,0,0,0,0,3,305,0,0,0,0,0,0,0,18,0,0,0,0,0,0,4,2,0,0,0,0,0,0,0,0,0,1,0,0,0,0,0,0,0,0,2,2,0,0,0,0,0,0,1,0,0,0,0,0,0,1,0,0,0,0,0,0,0,0,0,0,3,0,1,0,0,0,0,0,0,0,0,0,0,0,0,0,0,0,0,4,3,0,9,3,0,0,0,0,0,0,0,4,5,11,1,16,0,1,0,0,0,0,3,0,0,1,0,1,0,2,0,0,159,0,3,20,0,7,1,26,0,2,0,7,1,0,0,0,0,0,7,0,0,0,0,1,4,0,4,0,0,0,0,0,0,0,0,0,4,0,0,0,0,0,0,0,0,0,2,0,0,0,5,0,0,0,0,0,1,1,0,0,0,0,1,0,0,0,0,0,0,0,0,1,8,0,0,0,0,0,21,0,0,0,3,0,0,0,0,1,0,0,0,0,1,0
178,1244,ESCOLA MUNICIPAL FOZ DO IGUACU,"RUA JOAO REFFO, 1304",SANTA FELICIDADE,-25.38099051,-49.33415651,63,0,3412,2740,187,151,0,5,3,7,43,2,3,0,1,18,0,35,3,1,0,0,13,0,0,6,3,3,19,3,0,0,14,0,0,1,0,13,1,0,0,0,0,0,2,1,8,1,0,0,0,23,0,0,0,0,0,0,0,3,0,0,0,21,0,0,0,0,1,10,0,1,0,1,0,0,0,3,89,0,0,0,0,4,0,1,0,0,0,2,0,0,2,0,0,0,0,0,0,0,0,1,0,0,0,6,0,14,0,1,0,0,4,47,32,1,0,0,0,0,3,0,0,0,2,0,0,20,0,0,0,0,2,0,0,1,1,0,45,0,0,0,0,0,0,1,1,0,1,2,4,0,1,0,0,0,0,0,0,0,0,0,3,0,5,0,0,0,10,0,0,0,0,0,0,3,0,0,49,0,46,7,2,1,0,40,0,3,0,0,3,0,0,0,4,2,0,0,0,0,1,0,0,39,0,0,0,0,0,0,0,0,1,11,0,0,0,0,0,0,0,0,0,0,0,0,0,4,0,0,35,0,0,0,0,0,0,0,0,0,0,0,0,0,1,0,0,0,0,9,0,0,0,0,0,0,0,0,0,0,0,0,0,1,0,0,19,0,0,0,0,1,0,0,2,1,0,0,1,0,1,0,8,0,0,0,0,0,0,0,5,0,0,0,0,0,0,3,0,0,0,0,0,0,0,0,0,1,0,0,2,0,0,0,0,0,0,0,0,0,0,0,0,0,0,0,0,0,0,0,0,2,2,0,0,0,1,0,0,0,0,26,0,0,1,0,40,0,0,0,3,28,0,0,11,0,0,0,45,2,0,1,0,0,0,0,0,0,1,0,0,0,0,0,0,0,0,0,0,0,1,0,0,0,0,0,0,0,0,0,0,0,0,0,0,0,1,3,17,0,0,61,0,0,1,1,4,2,0,6,3,0,0,43,0,1,0,3,0,0,1,0,0,5,0,41,0,3,1,1,0,0,0,0,0,0,1,0,0,0,2,0,0,0,0,0,0,0,4,0,0,5,0,0,4,0,0,0,26,0,0,0,0,0,0,0,0,0,0,1,0,0,0,0,0,0,0,0,0,0,0,0,2,0,1,0,0,2,0,0,0,0,0,0,0,1,3,0,0,0,0,0,0,0,0,0,0,0,0,0,0,0,0,0,0,0,0,0,0,0,1,0,1,0,0,2,5,2,21,0,1,2,7,0,0,0,0,2,0,0,0,0,0,0,0,0,0,0,0,0,0,0,0,0,0,0,0,0,0,0,0,0,0,14,0,0,0,3,0,0,0,0,1,0,0,0,0,0,0,0,0,2,0,0,0,0,0,0,0,0,0,0,0,0,3,30,2,0,0,0,1,0,0,0,0,0,0,0,0,4,0,0,0,0,0,0,0,0,0,61,0,0,0,0,0,0,1,0,0,0,0,0,0,1,0,0,1,0,3,0,2,0,0,0,0,0,2,0,2,0,0,0,0,0,0,2,0,9,0,0,2,0,8,14,0,0,0,15,0,1,0,0,0,1,2,3,0,8,0,0,1,6,1,0,100,0,0,0,2,7,0,3,0,42,0,0,1,2,0,7,298,0,6,0,0,0,0,0,8,0,0,0,0,0,3,4,1,0,0,0,0,0,1,0,0,1,0,0,0,0,0,0,1,0,0,5,1,0,0,1,0,0,0,0,1,0,0,0,1,0,0,0,0,0,0,0,0,0,0,0,0,3,0,0,1,0,1,0,1,1,0,0,0,1,7,0,0,0,0,0,3,17,3,17,4,1,0,0,2,0,2,1,1,5,7,2,13,0,0,0,0,0,0,0,0,0,0,0,0,0,0,0,0,124,1,6,30,0,6,2,24,0,0,1,2,2,4,1,0,0,0,1,0,0,0,1,1,3,0,1,0,0,0,0,0,0,0,0,0,2,0,0,0,0,1,0,0,0,0,4,0,0,0,9,3,0,0,0,0,0,0,0,0,2,0,0,0,0,1,0,1,2,0,0,6,3,0,0,0,0,0,16,0,0,0,1,0,0,0,0,1,2,0,0,0,1,0
178,1252,ESCOLA MUNICIPAL VEREADOR JOÃO STIVAL - CONTRA TURNO (SOC IGUACU),AVENIDA MANOEL RIBAS  8172,BUTIATUVINHA,-25.39491811,-49.34761984,61,0,1127,952,65,35,0,0,3,0,15,0,0,1,0,1,0,8,1,0,0,0,8,0,0,0,1,2,4,1,0,0,11,0,0,0,0,4,0,0,0,0,0,0,1,0,10,2,0,3,0,11,0,0,0,0,1,0,0,1,0,0,3,3,0,2,0,0,0,4,1,2,0,0,0,0,0,1,28,0,0,0,0,11,0,0,0,0,0,1,0,0,3,0,0,0,0,0,0,0,5,0,0,0,0,2,0,5,0,0,0,0,0,8,13,0,0,0,0,0,2,0,0,0,0,0,0,2,0,0,0,0,0,0,1,0,0,0,23,0,0,0,0,0,0,0,2,0,5,0,0,0,0,0,0,0,0,1,0,0,0,2,3,0,2,0,0,0,3,0,0,0,1,0,0,1,0,0,11,1,13,4,0,0,0,13,1,0,0,0,1,0,0,1,0,0,0,0,0,0,1,1,1,11,0,0,0,0,0,0,0,0,0,3,1,0,0,0,0,0,0,0,0,0,0,0,0,5,0,0,7,0,0,0,0,0,0,0,0,0,0,0,0,0,0,0,0,0,0,1,0,1,0,0,0,0,0,0,0,0,0,0,0,0,0,0,4,0,0,0,0,0,0,0,0,0,0,1,0,0,0,0,3,0,0,0,0,0,0,0,0,0,0,0,0,0,0,1,0,0,0,0,0,0,0,0,0,0,0,0,0,0,0,0,0,0,0,0,0,0,0,0,0,0,0,0,0,0,0,0,0,0,0,0,0,0,0,0,1,0,0,12,0,0,0,0,16,0,0,0,1,12,0,0,1,0,0,0,10,0,0,0,0,0,0,0,0,0,1,0,0,0,0,0,0,0,0,0,0,0,0,0,0,0,0,0,0,0,0,0,0,0,0,0,0,0,0,1,3,0,0,16,0,0,0,0,6,0,0,3,1,0,0,9,0,0,0,3,1,0,0,0,0,0,0,12,0,2,1,1,0,1,0,0,0,0,0,0,2,0,1,0,0,0,0,0,0,0,0,0,0,0,0,0,1,0,0,0,8,0,0,0,1,0,0,0,0,0,0,0,0,0,0,0,0,0,0,0,0,0,0,0,0,0,0,0,0,0,0,0,0,0,0,0,0,0,0,0,0,0,0,0,0,0,0,0,0,0,0,0,0,0,0,0,0,0,0,0,0,0,1,0,0,2,0,1,1,0,8,0,5,1,6,0,0,0,0,0,0,0,0,0,0,0,0,0,0,0,0,0,0,1,0,0,0,1,0,0,0,0,0,0,0,4,1,0,0,0,0,0,1,0,0,0,0,0,0,0,0,0,0,0,0,0,0,0,0,0,0,0,0,0,0,0,0,3,0,0,0,0,0,0,0,0,0,0,0,0,0,0,0,0,0,0,0,0,0,0,0,1,0,0,0,0,0,0,0,0,0,0,1,0,0,0,0,0,0,0,0,0,2,0,0,0,0,0,0,1,0,0,0,0,0,2,2,0,0,11,0,0,1,0,3,1,0,0,0,5,0,0,0,0,0,0,0,0,0,3,0,0,3,3,0,0,24,0,0,0,0,2,0,3,0,7,0,0,0,0,0,0,130,1,1,0,0,4,0,0,6,0,0,0,0,0,0,1,0,1,0,0,0,0,1,0,0,0,0,0,0,0,0,0,0,0,0,0,0,0,0,0,0,0,0,0,0,0,0,0,0,0,0,0,0,0,0,0,0,0,0,0,0,0,1,0,0,0,0,0,0,0,0,0,0,2,2,0,0,0,0,0,3,2,1,9,3,0,0,0,1,0,0,0,0,2,5,0,8,1,0,0,0,2,0,1,0,0,0,0,0,0,1,0,0,62,1,0,8,0,3,0,21,0,0,0,2,0,0,0,0,0,0,0,0,0,0,0,1,0,1,0,0,0,0,0,0,0,0,0,0,1,0,0,0,0,0,0,0,0,0,0,0,0,0,2,0,0,0,1,0,0,0,0,0,0,0,0,0,0,0,0,0,0,0,0,0,3,0,0,0,0,0,4,0,0,0,0,0,0,0,0,0,0,0,0,0,0,0
178,1287,ESCOLA ESTADUAL PADRE COLBACCHINI,"RUA CAETANO ALESSI , 268",BUTIATUVINHA,-25.39218346,-49.34779356,61,0,1594,1319,149,52,0,1,0,2,14,4,3,0,2,5,0,15,1,0,0,0,7,0,1,0,2,0,11,5,0,0,7,1,0,1,0,3,0,0,0,0,1,0,1,0,14,0,0,0,0,12,0,0,1,0,1,0,0,5,0,0,0,5,0,0,0,1,0,4,0,0,0,0,0,0,0,0,39,0,0,0,0,1,0,2,0,0,0,0,0,0,1,0,0,0,0,0,0,0,2,0,0,0,0,2,0,8,0,1,0,0,2,21,17,0,0,0,0,0,2,0,0,0,0,1,1,2,0,0,0,0,1,0,0,0,0,0,24,0,1,0,0,0,0,0,1,0,0,0,1,0,0,0,0,0,0,0,0,0,0,2,4,0,7,0,0,0,1,0,0,0,1,0,0,0,0,0,20,0,13,1,1,1,0,15,4,0,0,0,0,0,0,0,2,0,1,0,3,0,0,0,0,11,0,0,0,0,0,0,0,0,0,2,0,0,0,0,0,0,0,0,0,0,0,0,0,10,0,0,6,0,0,0,1,0,0,0,1,0,0,0,0,0,0,0,0,0,0,0,0,0,0,0,0,0,0,0,0,0,0,0,0,0,0,0,2,0,0,0,0,0,0,0,0,1,0,3,0,0,0,0,2,0,0,0,0,0,0,0,3,0,0,0,0,0,0,1,0,0,0,0,0,0,0,0,0,0,0,0,0,0,0,0,0,0,0,0,0,0,0,0,0,0,0,0,0,0,0,0,0,0,0,0,0,0,0,0,0,0,0,10,0,0,0,0,30,0,0,0,0,3,0,0,2,1,0,0,13,1,0,0,0,0,0,0,0,0,1,0,0,0,0,0,0,0,0,0,0,0,0,0,0,0,0,0,0,0,0,0,0,0,0,0,0,0,1,0,5,0,0,25,0,0,2,0,8,1,0,0,3,0,1,20,0,0,0,3,0,0,0,0,0,0,0,11,0,2,0,0,0,0,1,0,0,0,0,0,0,0,0,0,0,0,1,0,0,0,1,1,1,0,0,0,1,0,0,0,23,0,0,1,0,0,0,0,0,0,0,0,0,0,0,0,0,0,0,0,0,0,0,0,0,0,0,0,0,0,0,0,1,0,0,0,0,0,1,0,0,0,0,0,0,0,0,0,0,0,0,0,0,0,0,0,0,0,0,0,0,0,0,2,0,2,0,0,2,0,6,0,2,0,6,3,0,0,0,0,0,0,0,0,0,0,0,0,0,0,0,0,0,0,0,0,0,0,0,0,0,0,0,0,0,6,0,0,0,1,0,0,0,0,0,0,0,0,0,0,0,0,0,0,0,0,0,0,0,0,0,0,0,0,0,0,0,1,0,0,0,0,0,0,0,0,0,0,0,0,0,1,0,0,0,0,0,0,0,0,0,1,1,0,0,0,0,1,0,0,0,0,0,0,0,2,0,0,0,0,1,1,0,0,0,0,0,0,0,1,1,0,0,0,0,0,2,1,0,11,0,0,4,0,12,3,0,1,0,3,0,0,0,0,0,0,0,1,1,3,0,0,3,7,0,0,44,2,0,0,1,6,0,2,0,17,0,0,0,0,0,2,151,0,0,0,0,2,0,0,10,1,0,0,0,0,0,0,2,0,0,0,0,0,0,0,0,1,0,0,2,0,0,0,1,0,0,0,0,0,0,0,0,0,0,1,0,0,0,1,0,0,0,0,3,1,0,0,0,0,0,0,0,0,4,0,0,0,0,0,1,1,0,0,0,3,3,0,0,0,0,0,4,9,2,9,0,0,0,1,1,0,1,0,1,2,13,2,10,4,0,0,0,0,0,3,0,0,1,0,1,0,1,0,0,70,1,0,13,0,1,0,18,0,1,0,0,0,0,1,0,0,0,2,0,0,0,0,2,0,0,0,0,0,0,0,0,0,0,0,1,2,0,0,0,0,0,0,0,0,0,1,1,0,0,8,0,0,0,0,0,0,0,0,0,0,0,0,1,0,1,0,0,0,0,0,0,4,0,0,0,0,0,10,0,0,0,1,0,0,0,0,0,4,0,0,0,1,0
178,1295,COLÉGIO ESTADUAL PINHEIRO DO PARANÁ,"RUA DANIEL CESARIO PEREIRA,  559",SANTA FELICIDADE,-25.38684986,-49.33319271,63,0,2190,1800,139,86,0,3,0,6,26,2,4,0,0,7,0,23,2,1,0,0,17,0,1,3,2,1,13,1,0,0,12,0,3,0,0,7,1,0,0,0,0,2,6,0,5,0,0,0,0,8,0,0,0,0,1,0,0,0,0,0,1,8,0,0,3,0,0,11,0,0,0,0,0,0,0,1,47,0,0,0,0,1,0,0,0,0,0,0,0,1,3,0,0,0,0,0,0,0,0,0,0,0,0,1,0,11,0,0,0,1,4,16,17,0,0,0,0,0,0,0,0,0,1,0,0,5,0,0,0,0,0,0,1,0,0,1,46,0,2,0,0,0,0,0,1,0,3,0,1,0,2,0,0,0,0,0,0,0,0,2,4,0,5,0,0,0,2,0,2,0,3,2,1,2,0,1,30,2,36,0,1,0,0,41,1,4,0,0,2,0,0,3,2,0,0,0,0,1,2,1,0,22,1,0,0,0,3,0,0,0,0,5,0,0,0,0,0,0,0,0,0,0,0,0,0,2,0,0,7,0,0,0,3,0,0,0,0,0,0,0,0,0,0,0,0,0,0,1,0,0,4,0,0,0,0,0,0,0,0,0,0,1,0,1,12,0,1,0,0,0,0,0,0,0,0,1,0,0,3,1,4,0,0,0,0,0,0,0,3,0,0,0,0,0,1,2,3,0,0,0,0,0,1,0,0,0,0,0,0,0,1,0,0,0,0,0,0,0,0,0,0,0,0,1,0,0,0,0,0,0,2,0,0,0,0,0,1,0,0,18,0,0,0,0,34,0,0,0,1,19,0,0,2,0,0,0,38,2,0,0,0,1,0,0,0,0,0,0,0,0,0,0,0,0,0,2,0,0,0,0,0,0,0,0,0,0,0,0,0,0,0,0,0,0,2,1,17,0,0,42,0,0,3,1,2,1,0,1,3,0,0,29,1,1,0,0,0,0,1,0,0,3,0,21,0,1,0,0,0,1,0,1,0,1,0,0,1,0,1,0,0,1,0,0,0,0,4,0,1,0,0,0,1,2,0,0,18,0,0,0,1,0,0,0,0,0,0,1,0,0,0,0,0,0,0,0,0,0,0,0,0,1,1,0,0,0,0,0,0,0,0,0,0,0,2,1,0,0,0,0,0,0,0,0,0,1,0,0,0,0,0,0,0,0,0,0,0,0,1,3,0,2,0,1,1,0,23,0,5,0,11,0,0,0,0,0,0,0,0,0,0,0,0,0,0,0,0,0,0,0,0,1,0,0,0,0,0,0,0,0,0,2,0,0,0,4,0,0,0,1,0,0,0,0,0,0,0,0,0,3,0,0,0,0,0,0,0,0,0,0,1,0,0,21,2,0,0,2,0,0,0,0,0,0,0,0,0,1,0,0,0,0,0,1,0,0,0,21,0,0,2,0,0,0,0,0,0,0,0,1,1,1,0,0,0,0,3,0,0,0,0,0,0,2,1,0,1,0,1,0,0,0,0,1,0,5,0,0,3,0,9,3,0,0,0,16,0,0,0,0,0,0,0,2,0,1,0,0,9,1,3,0,59,0,0,1,2,1,0,5,2,29,0,0,0,0,0,8,137,0,0,0,0,2,0,0,9,0,0,0,0,0,0,0,0,1,0,0,0,0,0,0,0,1,0,1,0,0,0,0,2,0,0,2,0,1,0,1,0,0,0,2,2,1,0,0,0,0,0,0,0,0,0,0,0,0,0,0,0,0,0,0,0,0,0,0,1,1,0,0,0,0,2,0,0,0,0,0,1,5,1,15,0,0,0,0,1,0,0,0,2,0,7,5,13,2,0,0,0,0,0,2,0,0,5,0,0,0,0,0,2,108,1,0,12,0,6,2,11,0,1,0,4,0,1,0,0,0,0,3,0,0,0,0,0,1,0,0,0,0,0,2,0,1,0,0,0,12,0,0,0,0,1,0,0,0,0,2,0,0,1,0,0,0,0,0,0,0,0,0,0,0,1,0,0,0,1,0,1,0,0,0,5,4,0,0,2,0,0,8,0,0,0,0,0,0,0,0,2,3,1,0,0,1,0
178,1309,ESCOLA MUNICIPAL PROFESSORA SÕNIA MARIA COIMBRA KENSKI,RUA WANDA WOLFF1186 -CJ MONTE VERDE,SANTA FELICIDADE,-25.37541488,-49.32734162,63,0,1497,1268,79,52,0,0,2,6,33,3,0,2,0,3,1,23,0,0,0,0,2,0,0,1,1,2,4,5,0,0,6,0,1,0,0,1,0,0,0,0,0,0,3,0,1,3,0,2,0,23,0,0,0,0,0,2,0,1,0,0,1,8,0,4,0,0,0,4,0,2,0,0,1,0,0,0,48,0,0,0,0,2,0,1,0,1,0,1,0,0,0,0,0,0,0,0,0,0,0,0,0,0,0,6,0,10,0,0,0,0,1,13,16,2,0,0,0,0,3,0,0,0,0,1,0,0,0,0,1,0,0,0,2,2,1,0,38,0,0,0,2,0,0,0,0,0,3,0,2,0,1,0,0,0,0,0,0,0,0,3,3,0,0,0,0,0,5,1,0,0,0,0,0,0,0,0,24,0,21,2,0,1,0,17,2,2,0,0,1,0,0,1,0,0,0,1,0,0,1,0,0,16,0,0,0,0,0,0,0,0,0,10,1,0,0,0,0,0,0,0,0,0,0,0,0,6,0,1,9,0,0,0,0,0,0,0,0,0,0,0,0,0,0,0,0,0,0,0,0,0,0,0,0,0,0,0,0,0,0,0,0,0,0,1,9,0,0,0,0,2,0,0,0,1,2,3,0,0,0,0,0,0,0,0,0,0,0,0,2,0,0,0,0,0,0,0,0,0,0,0,0,0,0,2,0,0,0,0,0,0,0,0,0,0,0,0,0,0,0,1,0,0,0,0,0,0,0,0,0,1,0,0,0,0,0,0,0,0,0,14,0,0,2,0,20,0,0,0,1,14,0,0,7,0,0,0,19,1,0,0,0,0,0,0,0,0,0,0,0,0,0,0,0,0,0,0,0,0,0,0,0,0,0,0,0,0,0,0,0,0,0,0,0,0,0,0,7,0,0,21,1,1,2,2,1,1,0,1,1,0,0,17,0,0,0,0,0,0,0,0,1,1,0,12,0,1,0,0,0,1,0,0,0,0,0,0,3,0,0,0,0,0,0,0,0,0,0,0,0,1,0,0,2,0,0,0,2,1,0,0,2,0,0,0,0,0,0,0,0,0,0,0,0,0,0,0,0,0,0,0,0,0,0,0,0,0,0,0,0,0,0,0,0,0,0,0,0,0,0,0,0,0,0,0,0,0,0,0,0,0,0,0,0,0,0,0,0,0,1,0,0,0,0,1,1,0,11,0,0,4,8,0,0,0,0,2,0,0,0,0,0,0,0,0,0,0,0,0,0,0,0,0,0,0,0,0,0,0,0,0,0,3,1,0,0,5,0,0,0,0,0,0,0,0,0,0,0,0,0,0,0,0,0,0,0,1,0,0,0,0,0,0,0,10,1,0,0,1,0,0,1,0,0,0,0,0,0,0,0,0,0,0,0,0,0,0,0,11,0,0,0,0,5,0,0,0,0,0,0,0,0,2,0,0,0,0,0,0,0,0,0,0,0,0,0,0,1,0,0,0,0,0,3,1,0,3,0,0,2,0,13,1,0,0,0,4,0,0,0,2,0,0,2,4,0,1,0,0,1,2,0,0,41,0,0,0,0,1,0,5,0,21,0,0,0,0,0,1,120,0,1,0,0,0,0,0,3,0,0,0,0,0,3,4,1,0,0,3,0,0,0,0,0,0,2,0,0,0,1,1,0,0,0,1,0,0,0,0,0,3,0,1,3,0,0,0,0,0,0,0,0,0,0,0,0,0,0,0,0,0,0,0,0,0,0,0,1,0,0,0,0,0,1,0,0,0,0,0,2,3,0,15,1,0,0,0,2,0,3,0,5,5,5,3,10,1,0,4,0,0,0,1,1,0,2,0,0,0,0,0,0,49,0,4,13,1,0,1,11,0,0,5,1,2,0,0,0,0,0,3,0,0,1,0,4,0,0,1,0,0,0,0,0,0,0,0,0,3,0,0,0,0,0,0,0,0,0,1,0,0,0,1,0,0,0,0,0,0,0,0,0,0,0,0,0,0,0,0,1,0,0,0,0,2,0,0,0,0,0,15,0,0,0,1,0,1,1,0,0,3,0,0,0,1,1
178,1635,ESCOLA BAMBINATA,RUA BASSAMO DE GRAPPA 625,SANTA FELICIDADE,-25.3979605,-49.32190762,63,0,2005,1715,86,57,0,2,1,4,19,2,2,0,1,2,1,15,0,0,0,0,17,0,0,0,1,1,2,2,2,0,11,1,0,0,0,15,0,0,0,0,0,1,2,0,3,4,0,0,1,13,1,0,0,0,0,0,1,6,0,0,3,3,0,0,0,0,0,6,0,1,0,0,0,2,0,0,35,0,0,0,0,7,0,2,0,0,0,3,0,1,7,0,2,0,0,0,0,1,1,0,0,0,0,11,0,9,0,0,0,0,14,10,4,0,0,0,0,0,1,0,0,1,0,1,5,3,0,0,2,0,0,0,4,1,0,0,86,0,0,0,0,0,0,0,0,0,0,0,4,0,1,0,0,0,0,0,1,0,0,0,12,0,7,0,0,0,7,0,0,0,0,0,0,1,0,0,26,0,24,1,1,5,1,45,0,0,0,0,1,0,0,1,0,2,0,0,0,1,0,3,2,21,0,0,0,0,4,0,0,0,0,1,0,0,0,0,0,0,0,0,0,0,0,0,0,0,0,0,7,0,0,0,0,0,0,0,0,0,0,0,0,0,0,0,0,0,0,2,0,0,4,0,1,0,0,0,0,0,0,1,0,1,0,1,3,0,0,0,0,0,0,0,0,0,0,1,0,0,3,1,10,0,2,0,1,0,0,0,2,0,0,0,0,0,0,3,1,0,0,0,0,0,0,0,0,0,0,0,0,0,0,0,0,0,0,0,0,0,0,1,0,0,0,0,0,0,0,0,0,0,0,1,0,0,0,0,0,0,0,22,0,0,0,0,52,0,0,0,1,4,0,0,3,0,0,0,51,0,0,0,0,0,0,2,0,0,0,0,0,0,0,0,0,0,0,0,0,0,0,0,0,0,0,0,0,0,0,0,0,0,0,1,0,0,1,1,15,0,0,48,0,0,2,3,6,1,0,3,0,0,0,13,1,0,0,2,0,0,0,0,0,0,0,19,0,0,1,2,0,0,0,0,0,0,0,0,1,0,2,0,2,0,0,0,0,0,7,0,1,0,0,0,0,0,0,0,8,0,0,0,3,0,0,0,0,0,2,0,0,0,0,0,0,0,0,0,0,0,0,0,1,0,0,0,0,0,0,0,0,0,0,0,0,1,5,1,0,0,0,0,0,0,0,0,0,0,0,0,0,0,0,0,0,0,0,0,0,1,5,3,4,1,1,2,3,1,33,0,6,1,17,1,0,0,0,4,0,0,0,0,0,0,0,0,0,0,0,0,0,0,0,0,0,0,0,0,0,0,0,0,0,8,0,3,0,5,0,0,6,0,0,0,0,0,0,0,1,0,0,0,0,0,0,0,0,0,0,0,0,0,0,0,0,1,0,0,0,2,0,0,0,0,0,0,0,0,0,2,0,0,0,0,0,0,0,0,0,1,0,0,0,0,0,0,0,0,0,0,0,0,1,0,0,0,0,0,2,0,0,0,0,0,0,0,0,0,2,0,0,1,0,1,2,0,0,1,0,1,0,0,18,4,0,1,0,30,0,1,0,0,0,0,1,2,0,1,0,0,2,0,0,0,30,0,1,0,0,5,0,6,1,27,0,0,0,2,0,5,124,4,0,0,1,0,0,0,7,0,0,0,0,0,0,1,0,0,0,1,0,0,0,0,0,0,0,0,0,0,0,0,0,0,0,1,0,0,0,0,0,1,0,2,1,0,0,0,0,0,0,0,0,0,0,0,0,0,0,0,0,0,0,0,0,0,0,0,0,2,0,0,0,0,13,0,0,0,0,0,5,7,1,15,2,0,0,0,3,0,1,0,2,2,4,0,14,4,0,1,0,0,0,11,1,0,2,0,0,0,0,0,0,125,2,0,15,0,7,1,14,0,0,1,2,2,0,0,0,0,0,4,0,0,0,0,1,1,0,0,0,0,0,0,0,0,0,0,0,8,0,0,0,0,0,0,0,0,0,3,0,0,1,3,0,0,0,0,0,1,0,0,0,0,0,0,0,0,0,0,0,0,0,0,7,2,0,0,0,0,0,11,0,0,0,0,0,0,0,0,1,0,0,0,0,2,0
178,1643,ESCOLA MUNICIPAL DOS VINHEDOS,"RUA ZEM BERTAPELLE, 284",SANTA FELICIDADE,-25.39825624,-49.33090682,63,0,2062,1717,147,62,0,1,0,3,25,0,0,0,0,3,1,14,0,0,0,0,6,0,1,0,2,3,9,0,1,1,4,1,2,0,0,7,1,0,0,0,0,0,7,0,12,4,0,1,0,23,0,0,0,0,0,0,0,4,0,0,1,1,0,2,1,0,4,9,0,0,0,0,0,0,0,0,35,0,0,0,0,3,0,0,0,0,0,2,0,0,9,0,0,0,0,0,0,0,5,0,0,0,0,3,0,14,0,0,2,1,1,12,11,4,0,0,0,0,1,0,0,0,0,1,2,5,0,0,2,0,0,0,1,0,0,0,64,0,0,1,1,0,0,0,1,0,2,0,2,0,1,0,0,1,0,0,0,0,0,2,7,0,6,0,0,0,6,0,0,0,0,0,0,2,1,0,60,2,26,3,2,3,0,55,2,3,0,0,2,0,0,2,0,0,0,0,0,0,0,1,0,23,1,0,1,0,1,0,0,0,0,2,0,0,0,0,0,0,0,3,0,0,0,0,0,2,0,1,12,0,0,0,0,0,0,0,0,1,0,0,0,0,0,0,0,0,0,0,0,0,1,0,0,0,1,0,0,0,0,0,0,4,0,0,8,0,0,1,0,0,0,0,1,0,0,0,0,0,1,1,3,0,0,1,0,0,0,0,0,0,0,0,0,0,0,4,0,0,0,0,0,0,0,0,0,0,0,0,1,0,0,0,0,0,0,0,0,0,0,0,0,0,0,0,0,0,0,0,0,0,0,0,0,0,1,0,0,0,0,17,0,0,0,0,28,0,0,0,1,9,0,0,2,0,0,0,19,0,0,0,0,0,0,0,0,0,0,0,0,0,0,0,2,0,0,0,0,1,1,0,0,0,0,0,0,0,0,0,0,0,0,0,0,0,1,1,4,0,0,32,0,0,2,3,6,2,0,2,0,0,0,18,3,1,0,1,0,0,0,0,0,1,0,20,0,2,2,0,0,0,0,0,5,0,0,3,0,0,2,0,0,0,0,0,0,0,8,0,1,0,0,0,0,0,0,0,9,0,0,0,0,0,0,0,0,0,0,0,1,0,0,0,0,0,0,0,0,0,0,0,2,0,1,0,0,0,0,0,0,0,0,0,0,0,1,0,0,0,0,0,0,0,0,0,0,0,0,0,0,0,0,0,0,0,0,0,0,0,2,0,0,0,0,1,1,2,19,0,9,1,14,1,0,0,0,2,0,0,0,0,0,0,0,4,2,0,2,0,0,0,0,0,0,0,0,0,0,0,0,0,0,7,0,1,0,3,0,0,0,0,0,0,0,0,0,0,0,0,0,2,0,0,0,0,0,0,0,0,0,0,0,0,0,5,0,0,0,1,0,0,0,0,1,0,0,0,0,6,0,0,0,0,0,0,0,0,0,2,0,0,0,0,0,0,0,0,0,0,0,0,2,1,0,0,0,0,1,0,1,0,0,0,0,0,0,0,3,0,0,0,0,0,3,1,0,5,0,0,4,0,12,7,0,0,0,17,0,2,0,0,0,0,0,0,0,3,0,0,5,2,0,1,48,0,1,0,0,1,0,2,0,15,0,0,0,0,0,4,159,1,0,0,2,0,0,0,7,0,0,0,0,0,0,1,0,0,0,0,0,0,1,0,0,0,0,0,0,0,1,0,2,0,0,1,0,1,0,0,0,0,1,7,1,0,0,0,1,0,0,0,0,0,0,0,0,0,0,0,0,0,2,0,0,0,0,0,0,3,0,0,0,1,2,0,0,0,2,0,5,9,0,9,4,0,0,0,1,1,1,0,1,9,15,2,12,0,0,0,0,0,0,4,0,0,1,0,4,0,0,1,5,94,0,3,17,0,5,0,7,1,1,0,5,0,0,0,0,0,0,3,0,1,1,0,3,1,0,0,0,0,0,0,0,0,0,0,0,5,0,0,0,0,0,0,1,0,0,3,0,0,0,3,0,0,0,2,0,0,0,0,0,0,1,0,0,0,0,0,0,0,0,0,6,8,0,0,0,0,0,9,0,0,0,0,0,0,0,0,0,1,0,0,1,2,0
178,1651,ESCOLA MUNICIPAL VEREADOR JOÃO STIVAL,"RUA JOÃO BUDEL, 163",BUTIATUVINHA,-25.39075513,-49.35514715,61,0,1436,1150,132,57,0,0,2,2,8,4,1,0,0,4,1,9,0,0,0,0,5,0,0,2,0,1,14,1,0,0,11,0,0,0,0,2,0,0,0,0,0,0,2,0,11,0,0,0,0,12,0,0,0,1,0,0,0,3,0,0,0,3,0,0,0,0,0,4,0,0,0,0,0,0,0,2,32,1,0,0,0,5,0,2,0,0,1,0,0,0,2,0,0,0,0,0,0,0,2,0,0,0,0,2,0,3,0,1,0,1,0,12,17,0,0,0,0,0,0,0,0,0,0,0,0,4,0,0,0,0,0,0,0,0,1,0,11,0,0,0,0,1,0,0,0,0,0,0,0,0,0,0,0,0,0,1,1,0,0,0,2,0,1,0,0,0,6,0,0,0,1,0,0,2,1,0,15,1,17,5,1,0,0,12,4,0,0,0,0,0,0,0,3,1,0,0,0,0,0,0,0,12,0,0,0,0,3,0,0,0,0,3,0,0,0,0,0,0,0,0,0,0,0,0,0,3,0,0,3,0,0,0,0,0,0,0,0,0,0,0,0,0,0,0,0,0,0,0,0,1,0,0,0,0,0,1,0,0,0,0,0,1,0,0,5,0,0,0,0,0,0,0,2,0,0,0,0,0,0,1,4,0,0,0,0,0,0,0,3,0,0,0,0,0,0,0,0,0,0,0,0,0,0,0,0,0,0,0,0,0,1,0,0,0,0,0,0,0,0,0,0,0,0,0,0,0,0,0,0,0,0,0,1,1,0,0,0,0,0,7,0,0,0,0,12,0,0,1,0,4,0,0,1,0,0,0,7,0,0,0,0,0,0,0,0,0,0,0,2,0,0,0,0,0,0,0,0,0,0,0,0,0,0,0,0,0,0,0,0,0,0,0,0,0,0,3,6,0,0,31,0,0,2,1,9,0,0,1,0,0,0,27,0,0,0,2,0,0,0,0,0,0,0,35,0,1,2,0,0,0,0,0,0,0,0,0,0,0,0,1,0,0,0,0,0,0,5,0,0,0,0,0,0,0,0,0,17,0,0,0,1,0,0,0,0,0,0,0,0,0,0,0,0,0,0,0,0,0,0,0,0,0,0,0,0,0,0,0,0,0,0,0,0,0,0,0,0,0,0,0,0,0,0,0,0,0,0,0,0,0,0,0,0,0,0,0,0,0,0,0,0,1,0,2,0,0,4,0,2,1,8,1,0,0,0,0,0,0,0,0,0,0,0,0,0,0,0,1,0,0,0,0,0,0,0,0,0,0,0,0,0,3,0,0,0,1,0,1,0,0,0,0,1,0,0,0,0,0,0,0,0,0,0,0,0,0,0,0,0,0,0,0,0,1,0,0,0,0,0,0,0,0,0,0,0,0,0,0,0,0,0,0,0,0,0,0,0,1,0,0,0,0,0,0,0,0,0,0,0,0,0,0,0,0,0,0,2,0,1,0,0,0,0,0,0,0,1,1,0,0,0,0,0,0,0,16,0,0,4,0,3,1,0,0,0,6,0,0,1,0,0,0,0,0,0,0,0,0,5,6,0,0,42,0,0,1,0,3,0,2,0,23,0,0,0,0,0,4,121,0,0,0,0,0,0,0,17,0,0,0,0,0,0,1,0,1,0,0,0,0,0,0,0,0,0,0,7,0,0,0,0,0,0,0,0,0,0,0,0,0,0,2,0,0,0,1,0,0,0,0,0,0,0,0,0,0,0,0,0,0,0,0,0,0,0,0,1,0,0,0,0,1,4,0,0,0,0,0,3,2,4,5,0,1,0,0,0,1,0,0,3,1,15,0,5,2,0,0,0,0,0,2,0,0,0,0,0,0,0,0,1,35,1,0,5,0,0,0,10,0,4,0,1,0,0,0,0,0,0,6,0,0,0,0,4,0,0,0,0,0,0,0,0,0,0,0,0,3,0,0,1,0,0,0,0,0,0,4,0,0,0,3,0,0,0,0,0,0,0,0,0,6,0,1,0,0,0,0,0,0,0,0,1,9,0,0,0,0,0,8,0,0,0,0,0,0,0,0,2,3,0,0,0,3,0
178,1880,COLÉGIO ESTADUAL JÚLIA WANDERLEY,AVENIDA VICENTE MACHADO  1643,BATEL,-25.4393078,-49.291963,10,0,6070,4882,210,141,0,3,7,10,39,2,5,0,5,11,0,42,2,0,0,1,64,0,0,0,3,6,19,2,4,0,20,0,1,2,0,57,3,0,2,0,0,8,16,3,10,9,0,0,5,9,2,0,0,3,3,4,1,15,0,1,2,3,0,4,9,1,5,63,0,1,0,0,0,2,1,5,51,0,0,1,0,34,0,1,0,0,0,7,0,0,43,4,0,1,0,0,2,0,4,0,1,0,0,16,0,35,0,1,0,1,0,49,31,0,0,0,0,0,3,0,0,1,0,1,15,7,0,0,0,0,1,0,5,1,3,3,221,0,0,0,1,2,0,0,3,0,3,0,5,0,1,0,0,1,0,2,0,0,2,2,27,0,2,1,0,0,19,3,1,0,1,3,1,2,0,1,113,6,50,11,3,0,0,78,1,7,0,1,1,1,0,0,0,0,0,0,2,2,1,0,1,62,0,0,0,0,0,0,0,0,0,1,3,0,0,1,0,0,0,0,0,0,2,0,0,19,0,0,3,0,2,0,2,0,1,0,1,1,0,0,0,0,0,0,1,0,0,7,0,0,0,0,0,0,0,0,0,11,0,0,1,3,0,2,11,0,0,0,1,1,0,0,1,2,0,5,0,0,3,2,20,0,0,0,2,0,0,0,3,0,0,0,0,0,0,2,0,0,0,0,0,0,0,1,0,1,0,0,1,0,0,2,0,1,0,0,0,0,0,2,0,0,0,3,0,0,0,0,0,1,1,1,1,0,0,0,0,1,0,85,2,0,2,2,92,0,0,0,0,22,2,1,5,1,1,0,147,2,0,0,0,0,0,0,1,3,0,0,1,0,0,1,0,0,0,0,0,0,0,0,0,0,0,0,0,0,0,0,0,0,0,0,0,0,9,9,75,0,0,140,1,0,7,7,29,12,0,3,4,0,1,24,3,0,0,4,0,1,0,0,0,2,4,38,0,15,1,0,1,1,0,0,1,0,0,0,1,0,0,0,3,0,0,0,0,0,9,3,0,0,0,0,3,1,0,0,47,1,3,0,14,0,0,0,0,0,0,0,2,0,0,1,0,0,0,0,0,2,0,0,2,0,3,0,0,0,0,0,0,0,0,0,0,0,2,1,0,0,0,0,0,0,0,0,0,0,0,0,0,0,0,0,0,0,0,0,0,0,3,3,1,3,0,10,12,2,89,1,17,2,66,5,0,0,0,12,0,0,0,0,0,0,0,6,0,0,1,0,0,0,0,0,0,1,2,0,0,0,0,0,0,3,0,5,0,11,0,0,0,1,0,0,2,0,0,0,2,0,0,1,0,0,0,0,1,0,0,0,0,0,0,0,0,2,0,0,0,0,0,0,1,0,0,0,0,0,0,0,0,0,0,0,0,0,0,0,0,1,0,0,0,0,1,0,0,0,7,0,0,0,1,4,0,1,0,0,2,0,5,0,0,0,0,0,0,0,10,0,0,0,0,9,0,5,0,1,0,0,0,0,89,10,0,0,0,72,0,0,0,1,0,0,3,10,0,18,0,0,13,17,14,0,77,0,0,1,1,7,0,12,0,97,0,0,2,5,0,15,372,5,7,0,1,9,0,0,29,10,0,0,0,0,1,5,4,0,0,17,0,0,0,0,0,0,2,7,0,0,0,0,5,0,0,1,0,0,2,1,0,0,1,7,3,0,0,2,0,0,0,0,1,0,0,0,0,0,0,0,0,0,1,0,0,0,0,0,0,3,1,0,0,1,0,0,0,0,0,1,6,7,4,14,4,0,2,0,0,1,9,0,10,6,28,1,134,3,1,0,0,0,0,14,0,0,10,0,2,1,0,1,10,337,9,3,36,0,23,2,20,0,6,1,2,1,0,5,0,0,0,24,0,1,0,0,0,7,1,0,0,0,0,4,0,0,0,0,1,6,0,0,0,0,1,0,0,0,0,3,0,0,0,2,1,0,0,0,3,0,2,0,0,0,0,0,0,0,0,0,0,0,0,0,9,6,0,0,0,0,0,10,0,0,0,0,0,0,0,0,0,6,0,0,0,5,0
178,1899,FACULDADE EVANGÉLICA MACKENZIE DO PARANÁ,RUA PADRE ANCHIETA 2770,BIGORRILHO,-25.4359762,-49.3055076,11,0,2437,1935,100,56,0,2,2,2,20,1,3,0,1,5,1,30,1,0,0,0,16,1,1,0,1,0,6,3,1,0,12,1,0,0,0,13,0,0,1,0,0,3,4,0,3,4,0,0,1,5,1,0,0,0,2,1,1,9,0,0,4,2,0,0,1,0,0,24,0,0,0,1,0,0,0,5,27,0,0,0,0,11,0,2,0,0,0,3,1,0,14,0,0,0,0,1,0,0,2,0,0,0,0,9,0,17,0,1,1,0,1,17,5,0,0,0,0,0,0,0,1,0,0,0,4,1,0,0,0,0,0,0,1,1,0,2,82,0,0,0,0,0,0,0,0,0,3,0,3,0,2,0,0,0,0,1,0,0,0,1,9,0,2,0,0,0,6,0,1,0,2,0,3,1,0,0,69,2,39,3,0,0,1,30,2,9,1,0,0,1,0,1,0,1,0,0,1,3,0,0,1,29,0,0,0,0,0,0,0,0,0,1,0,0,0,0,0,0,0,0,0,0,1,0,0,2,0,0,0,0,1,0,2,2,0,0,0,0,2,0,0,0,0,0,0,0,0,4,0,0,0,0,1,0,0,0,0,3,0,0,0,0,0,0,2,0,0,2,0,0,0,0,0,1,0,0,1,0,0,4,6,0,0,0,0,0,0,0,2,0,0,0,0,0,0,1,0,0,0,0,0,0,0,0,0,0,0,0,0,0,0,0,0,0,0,0,0,0,0,0,0,0,0,0,0,0,0,0,0,0,0,1,0,0,0,0,0,0,0,31,0,0,0,0,32,0,0,0,0,6,0,0,0,0,0,0,63,7,0,1,0,0,0,0,0,3,0,0,0,0,0,0,0,0,0,0,0,0,0,0,0,0,0,0,0,0,0,0,0,0,0,0,0,0,3,1,36,0,1,66,0,0,3,4,10,12,0,7,5,0,1,13,3,1,0,4,4,0,0,0,0,0,0,12,0,4,0,0,0,1,0,0,0,0,0,0,5,0,0,0,0,0,0,0,0,0,2,0,0,1,0,0,0,1,0,0,15,3,1,0,1,0,1,0,0,0,1,0,0,0,0,0,0,0,0,0,0,1,0,0,3,0,1,0,0,0,0,0,0,0,0,0,0,0,2,0,0,0,0,0,0,0,0,0,0,0,0,0,0,0,0,0,0,0,0,1,0,0,5,4,0,0,0,3,4,0,30,0,5,0,28,1,0,0,0,4,0,0,0,0,0,0,0,1,0,0,0,0,0,1,0,0,0,0,2,0,0,0,0,0,1,2,0,0,0,5,0,0,2,0,0,0,2,0,0,0,0,0,0,3,0,0,0,0,0,0,0,0,0,0,0,0,0,0,2,0,0,0,0,0,0,0,0,0,1,0,0,0,0,0,0,0,0,0,0,0,0,0,0,0,0,0,0,0,0,0,0,0,0,0,0,1,0,0,0,0,1,0,0,0,0,0,0,0,0,0,6,0,0,0,0,2,0,1,0,0,0,0,1,0,31,4,0,1,0,22,0,0,0,1,0,0,3,0,0,5,0,2,5,3,5,0,33,0,2,0,0,2,0,1,2,22,0,1,0,0,0,8,109,1,4,0,0,0,0,0,16,2,0,0,0,0,0,0,2,0,0,5,0,0,1,0,0,0,0,2,0,0,0,0,1,0,0,1,0,0,0,0,0,0,0,3,1,0,0,0,0,0,0,0,0,0,0,0,0,1,0,0,0,0,0,0,0,0,0,1,0,1,0,0,0,1,0,0,0,0,0,0,7,1,2,5,1,0,0,0,3,2,3,0,1,2,12,2,25,6,1,0,0,1,0,1,2,0,1,0,2,0,0,0,1,150,2,4,5,0,8,0,7,0,1,0,9,2,0,2,0,0,0,19,0,0,0,0,0,3,0,0,0,0,0,2,0,0,0,0,0,5,0,1,0,0,0,0,0,0,0,1,0,0,0,6,0,0,0,0,0,0,0,0,0,0,0,0,0,0,0,0,0,0,0,0,0,3,1,0,0,0,0,3,0,0,0,0,0,0,0,0,0,1,0,0,0,2,0
178,1902,ESCOLA MUNICIPAL PARANAGUÁ,RUA PROFESSOR ANGELO ANTONIO DALLEGRAVE  12,SANTO INÁCIO,-25.4281934,-49.3437133,46,0,2602,2165,157,126,0,4,3,6,23,2,0,0,2,10,0,26,0,0,1,0,15,0,0,0,1,0,14,1,0,0,13,0,0,3,0,13,1,0,0,0,0,0,5,0,6,3,0,0,0,17,1,1,0,0,0,0,0,0,0,0,5,2,0,4,2,0,1,13,0,0,0,4,0,1,0,0,52,0,0,0,0,7,0,0,0,0,0,1,0,0,7,0,0,0,0,0,2,0,6,0,0,0,0,3,0,13,0,0,0,1,0,66,26,2,5,0,0,0,5,0,0,0,0,0,0,0,0,1,0,0,0,0,3,1,0,0,43,1,0,0,0,0,0,0,0,0,0,0,6,0,1,0,0,2,0,0,0,0,0,3,2,1,6,0,0,0,13,1,0,0,0,0,2,0,0,0,37,1,19,3,3,0,0,55,0,2,0,0,1,1,0,0,0,0,0,0,0,3,0,3,0,28,0,0,1,0,3,1,0,0,0,1,0,0,0,0,0,0,0,0,0,0,0,0,0,4,0,0,5,0,0,0,0,0,0,0,0,0,0,0,0,0,0,0,0,0,0,0,0,0,5,3,0,0,0,0,0,0,0,0,1,0,0,0,10,0,0,1,0,0,0,0,0,0,0,5,1,0,1,0,8,0,2,0,0,0,0,0,5,0,0,0,0,0,0,4,0,0,0,0,0,0,0,0,0,0,0,0,1,1,0,0,0,0,0,0,0,0,0,0,0,0,0,0,0,0,0,0,0,0,1,0,2,0,0,0,0,0,0,21,0,0,0,0,43,0,0,0,3,5,0,0,6,0,0,0,26,1,0,0,0,0,0,2,0,0,1,0,0,0,0,0,0,1,0,0,0,0,0,0,0,0,0,0,0,0,0,0,0,0,0,0,0,0,0,0,11,0,0,35,0,0,0,1,7,1,0,7,2,0,0,27,0,3,0,3,2,1,0,0,0,5,0,35,0,4,0,1,0,0,0,0,0,1,0,0,0,0,0,0,0,0,0,0,0,0,2,0,0,0,0,0,0,0,0,0,24,1,0,0,0,0,0,0,0,0,2,0,0,0,0,0,0,0,0,2,0,0,0,0,0,0,7,0,0,0,0,0,0,0,0,0,0,0,2,0,0,0,0,0,0,0,0,0,0,0,0,0,0,0,0,0,0,0,1,0,0,0,2,1,1,0,0,1,3,0,22,0,6,0,9,1,0,0,0,0,0,0,0,0,0,0,0,1,0,0,0,1,0,0,0,0,0,0,0,0,0,0,0,0,0,7,0,5,0,2,0,0,1,0,0,0,0,0,0,0,0,0,0,3,0,0,0,0,0,0,0,0,0,1,0,0,0,3,0,0,0,0,0,0,0,0,0,0,0,0,0,2,0,0,0,0,0,0,0,0,0,1,0,0,0,0,1,0,0,0,1,0,1,0,0,1,0,0,0,0,1,0,0,0,0,0,0,0,0,0,1,0,0,0,0,2,0,2,0,5,0,0,7,0,18,2,0,0,3,17,0,0,0,0,0,0,0,1,0,3,0,0,6,0,2,0,75,0,1,0,0,0,0,1,1,21,0,0,0,4,0,1,228,0,1,0,0,0,0,0,16,0,0,0,1,0,0,0,3,0,0,0,0,0,1,0,0,0,0,0,0,1,0,0,3,0,0,1,0,0,0,0,0,0,1,0,0,0,0,0,0,0,0,0,0,0,0,0,0,0,0,0,0,1,1,0,0,0,0,0,1,1,0,0,0,10,1,0,0,0,1,0,2,3,2,17,2,0,0,0,1,0,0,0,1,3,3,8,11,3,0,1,0,1,0,2,0,0,3,0,1,0,0,0,0,178,1,6,17,0,4,0,14,0,0,0,1,4,2,0,0,0,0,4,0,0,0,1,1,1,0,4,0,0,0,0,0,0,0,0,0,9,0,0,0,0,0,0,0,0,0,4,0,0,2,11,0,0,3,3,0,0,1,1,0,1,0,1,0,0,0,0,0,0,0,0,7,3,0,0,0,0,0,7,0,0,0,0,0,0,0,0,0,1,0,0,0,0,0
178,1910,COLÉGIO SION,ALAMEDA PRESIDENTE TAUNAY 260,BATEL,-25.4367752,-49.2838242,10,0,3949,3257,121,84,0,1,6,7,33,0,3,2,0,6,3,31,0,0,0,0,40,0,0,0,1,3,12,4,6,0,18,0,1,0,1,28,2,0,2,0,0,0,11,2,6,7,0,0,2,9,0,0,0,0,1,0,6,22,0,0,0,2,0,0,3,0,2,58,0,0,0,0,0,0,0,2,26,0,0,1,0,16,1,2,0,2,0,1,0,2,34,1,0,0,0,1,1,0,1,0,0,0,2,9,0,18,0,0,0,0,0,35,12,3,0,0,0,0,1,0,0,0,3,1,0,0,0,0,0,0,2,0,1,2,0,0,196,0,0,0,1,0,0,0,4,2,4,0,2,0,0,0,1,2,0,0,0,0,0,1,26,0,5,0,1,0,5,3,0,0,1,0,0,0,0,0,101,5,35,8,0,0,0,64,6,5,1,0,0,0,0,1,0,3,0,0,2,5,1,1,0,45,0,0,0,0,0,0,0,0,0,0,0,0,0,0,0,0,0,0,0,0,1,0,0,3,0,0,5,0,4,0,2,0,0,0,0,0,0,0,0,0,0,0,0,0,0,1,0,2,0,0,1,0,1,0,0,13,0,0,0,0,0,0,5,0,1,3,0,0,0,1,1,2,0,4,0,1,2,1,13,0,0,0,0,0,0,0,2,0,0,0,0,0,0,1,0,0,0,0,0,0,0,1,0,0,0,0,0,0,1,0,0,0,0,0,0,0,0,2,0,0,0,0,1,0,1,0,0,0,3,1,1,0,0,0,0,0,0,56,0,0,0,0,65,0,0,0,0,13,1,0,2,0,0,0,102,1,0,3,0,0,0,5,0,0,0,0,1,0,0,2,0,0,0,0,0,0,0,0,0,0,0,0,0,0,0,0,0,0,0,0,0,0,7,1,49,0,0,90,0,0,2,1,15,5,0,11,0,0,0,15,3,0,0,3,0,0,0,1,0,1,0,8,0,4,2,0,0,0,1,0,0,0,0,0,4,0,0,0,0,0,0,0,0,0,12,0,2,0,0,0,2,4,0,0,23,0,1,0,6,0,1,0,0,0,0,0,0,0,0,0,0,0,0,0,0,0,0,0,1,0,1,0,0,0,0,0,0,0,1,0,1,0,1,0,0,0,0,0,0,1,0,0,0,1,0,0,0,0,0,0,0,0,0,0,0,1,7,4,0,2,1,4,5,3,76,0,7,6,51,10,3,0,0,2,0,0,0,0,0,0,0,2,0,0,1,0,0,0,0,1,1,0,0,0,0,0,0,0,0,1,1,3,0,5,0,0,0,0,0,0,0,0,0,0,1,0,0,7,0,0,0,0,0,0,0,0,0,0,1,0,0,0,2,0,0,1,0,0,1,0,0,0,0,0,0,0,0,0,0,0,0,0,0,0,0,0,0,0,0,0,1,0,1,0,1,0,0,0,0,1,1,0,0,0,1,0,3,0,0,0,0,0,0,0,8,0,0,0,0,2,2,4,0,0,0,0,0,0,90,4,0,0,0,85,0,5,0,0,0,0,1,1,0,8,0,1,14,10,3,1,36,0,1,0,0,2,0,11,0,49,0,0,2,2,0,4,242,5,4,0,2,8,0,0,20,0,0,0,0,0,0,2,1,0,0,14,0,0,4,0,0,0,1,4,0,0,0,0,3,0,0,3,0,0,0,0,1,0,0,4,1,1,0,0,0,0,0,0,0,0,0,0,0,0,0,0,0,0,0,0,0,0,0,3,1,1,0,0,0,0,0,0,0,0,0,0,1,6,1,9,0,0,1,2,2,0,6,0,3,2,17,5,86,3,0,0,0,0,0,8,0,0,5,0,1,0,3,0,4,211,5,0,22,0,14,0,13,0,2,1,4,2,0,2,0,0,0,10,0,0,1,0,0,2,0,1,0,1,0,0,0,0,0,0,0,13,0,1,0,0,0,0,2,0,0,0,0,0,0,5,0,0,0,0,1,0,0,0,0,3,0,2,0,0,0,0,1,0,0,0,0,0,0,0,0,0,0,3,0,0,0,0,0,0,0,0,2,1,0,0,0,1,0
178,1929,UNIVERSIDADE TUIUTI DO PARANÁ (CAMPUS BARIGUI),"RUA SYDNEI ANTONIO RANGEL SANTOS, 238",SANTO INÁCIO,-25.4244459,-49.3185512,46,0,12687,10153,561,372,0,5,11,23,138,7,17,4,2,23,4,103,5,0,0,0,116,0,2,2,7,12,54,6,12,0,65,4,3,1,0,72,2,0,0,0,0,7,10,1,20,16,1,2,8,45,7,2,2,0,1,1,14,34,0,1,12,29,1,4,9,0,14,91,3,4,0,10,2,4,4,9,170,1,0,0,0,48,0,3,0,0,2,3,0,5,42,1,0,0,0,1,0,1,17,2,0,0,2,28,0,65,0,3,1,0,4,67,106,4,1,0,1,0,19,0,0,0,0,2,12,10,0,0,2,0,3,0,6,7,2,10,345,1,0,0,1,1,0,1,1,2,11,0,5,0,3,0,4,2,0,1,0,0,2,14,45,0,21,1,0,1,26,1,2,0,5,0,6,0,1,2,279,5,160,15,7,6,2,251,17,18,0,1,7,1,1,1,2,0,0,1,2,3,0,1,6,111,0,2,0,0,3,0,0,1,1,5,0,0,0,2,0,0,0,0,0,0,0,0,1,13,0,1,8,0,2,0,15,1,0,0,1,0,1,0,0,0,2,0,0,4,0,12,0,0,0,0,6,0,0,0,0,7,0,0,0,7,0,1,29,0,0,3,2,3,0,0,3,3,0,6,2,0,7,4,56,0,0,0,0,0,0,0,5,2,0,0,0,1,1,11,0,0,0,1,0,0,0,0,1,0,0,0,1,3,0,5,0,1,0,0,0,0,0,1,0,0,0,0,0,0,1,0,0,4,5,0,0,0,0,0,1,2,1,154,1,0,0,0,196,2,0,0,2,51,0,0,17,0,0,0,255,7,0,5,0,0,1,3,0,1,10,0,3,0,0,2,0,1,0,0,0,0,2,0,0,0,0,0,0,0,0,0,0,0,0,0,0,0,15,9,98,1,2,269,0,2,13,7,44,41,0,18,8,0,4,116,4,7,0,14,2,1,0,3,0,5,1,88,1,18,9,0,0,2,0,0,2,1,0,1,11,0,7,0,3,6,1,0,0,0,25,0,1,1,0,0,8,6,0,0,77,0,4,2,12,0,0,0,0,0,4,0,0,0,0,1,0,5,0,0,0,1,0,0,6,0,13,0,0,0,0,1,0,0,2,0,1,0,10,0,0,0,0,0,0,0,0,0,0,1,0,0,0,0,0,0,0,0,0,0,0,1,18,10,4,6,5,13,28,4,155,0,25,5,116,11,1,0,0,33,0,0,0,1,0,2,0,5,0,0,5,3,1,1,0,0,0,0,0,0,0,1,2,0,1,28,2,7,0,29,0,0,4,0,1,0,0,0,0,0,0,0,0,14,0,0,0,0,0,0,1,0,0,0,0,0,0,5,4,1,0,0,1,0,3,0,0,0,1,0,0,1,0,0,0,0,0,0,0,0,0,0,0,0,0,0,3,0,0,0,2,1,3,0,3,7,0,4,0,0,11,0,2,0,0,0,0,0,0,0,10,0,0,0,0,15,5,11,0,7,0,0,8,0,144,48,0,0,0,145,0,3,0,1,0,0,6,19,0,26,0,1,12,14,15,1,231,3,3,1,5,20,0,16,0,151,0,0,4,4,0,21,757,10,12,1,1,6,2,0,73,3,0,0,0,0,0,4,5,2,0,8,0,0,1,0,0,0,1,5,0,0,0,0,11,0,2,5,1,3,2,0,0,0,2,10,2,0,1,2,0,0,0,0,0,0,0,0,0,0,0,0,0,2,0,0,0,0,0,0,4,6,0,0,0,10,2,0,0,0,1,0,26,17,8,30,19,0,1,4,14,1,5,0,10,16,61,19,135,18,0,3,1,4,0,27,0,0,20,1,7,0,1,0,7,683,15,10,47,2,32,12,45,0,12,6,20,5,0,7,0,4,1,49,0,0,2,3,5,5,0,3,0,2,0,4,0,0,0,0,2,26,0,1,0,0,0,0,0,0,2,9,0,0,0,13,2,0,0,1,0,1,0,1,0,0,0,3,5,0,0,0,1,0,0,0,13,21,1,0,1,0,0,58,0,0,0,0,0,0,0,0,3,7,1,0,0,7,0
178,1937,COLÉGIO ESTADUAL SÃO BRAZ,AVENIDA VEREADOR TOALDO TULIO    2880,SÃO BRAZ,-25.41579682,-49.35108891,60,0,2128,1670,104,68,0,3,2,2,20,4,1,0,0,2,1,11,2,0,0,0,8,0,0,0,2,1,8,1,2,0,5,0,1,0,0,18,2,0,0,0,0,0,8,1,8,3,0,0,4,12,0,1,1,0,0,0,3,3,0,0,3,7,0,1,4,0,3,4,0,2,0,0,0,0,2,2,42,0,0,0,0,6,0,2,0,0,0,0,0,0,4,0,0,0,0,0,0,0,1,0,2,0,0,4,0,7,0,0,1,2,0,27,16,1,0,0,0,0,1,0,0,0,0,0,1,1,0,0,0,0,2,0,2,1,2,0,47,0,0,0,0,0,0,0,0,0,5,0,2,0,0,0,0,0,0,0,2,0,0,2,4,0,7,0,0,0,5,0,0,0,0,2,0,0,0,0,53,4,29,2,0,2,0,37,0,2,0,0,1,0,0,0,0,0,0,0,0,0,1,0,2,31,0,0,0,0,0,0,0,0,0,2,0,0,0,0,0,0,0,0,0,0,0,0,0,12,0,0,3,0,0,1,0,0,0,0,0,0,0,0,0,0,0,0,0,1,0,0,0,0,0,0,2,0,0,0,0,2,0,1,0,1,0,0,7,0,0,3,0,0,0,0,0,0,0,1,2,0,2,2,3,0,0,0,0,0,0,0,0,0,0,0,1,0,0,0,0,0,0,0,0,0,0,1,0,0,0,0,0,0,0,0,0,0,0,0,0,0,0,1,0,0,0,0,0,0,0,0,0,2,2,0,0,2,0,0,0,0,0,15,0,0,0,1,37,0,0,0,1,1,0,0,5,0,0,0,28,0,0,0,0,0,0,0,0,0,3,0,0,0,0,0,0,0,0,0,0,0,0,0,0,0,0,0,0,0,0,0,0,0,0,0,0,0,1,1,12,0,0,25,1,1,3,0,6,1,0,3,3,0,0,19,1,0,0,2,0,1,1,0,0,2,0,20,0,1,1,0,0,0,0,0,0,0,1,0,0,0,2,0,0,0,0,0,0,0,1,0,0,0,0,0,0,0,0,0,16,0,0,0,0,0,0,0,0,0,0,0,0,0,0,0,0,0,0,0,0,0,0,0,0,0,1,0,1,0,0,0,0,0,0,0,1,0,1,0,0,0,0,0,0,0,0,0,0,0,0,0,0,0,0,0,0,0,0,0,0,0,1,2,0,0,0,3,3,0,19,0,4,3,9,0,2,0,0,2,0,0,1,0,0,1,0,0,0,0,0,1,0,0,0,0,2,0,0,0,0,0,0,0,0,9,0,1,0,9,0,0,0,0,0,0,0,0,0,0,0,0,0,2,0,0,0,0,0,1,0,0,0,0,0,0,0,1,0,0,0,0,0,0,0,0,0,0,0,0,0,0,0,0,0,0,0,0,0,0,0,0,0,0,0,0,0,0,0,0,1,0,0,0,0,0,0,0,0,0,3,0,1,0,0,0,0,0,0,0,0,0,0,0,0,2,1,3,0,7,0,0,21,0,19,7,0,1,0,20,0,2,0,0,0,0,0,0,0,2,0,0,0,0,0,0,40,0,0,0,0,1,0,1,0,30,0,0,3,0,0,2,182,1,0,0,0,1,0,0,8,0,0,0,0,0,0,2,0,0,0,5,0,0,0,1,0,0,2,0,0,0,1,0,0,0,0,0,1,1,0,0,0,0,0,2,2,0,0,0,0,0,0,0,0,0,0,0,0,0,0,1,0,3,2,0,0,0,0,0,1,0,0,0,0,3,1,0,0,0,0,0,3,9,3,2,1,0,0,0,1,1,2,0,1,2,3,3,9,2,0,0,0,0,0,2,0,0,1,0,0,0,0,0,0,99,2,3,5,0,8,1,18,0,0,1,5,0,0,1,0,0,0,2,0,0,0,0,2,2,0,4,0,0,0,0,0,0,0,0,0,3,0,0,0,0,0,0,0,0,0,2,0,0,0,1,0,0,0,5,0,0,0,0,0,0,0,0,0,0,0,0,0,0,0,0,1,1,0,0,0,0,0,12,0,0,0,0,0,2,0,0,1,0,0,0,1,1,0
178,1945,ESCOLA MUNICIPAL CAMPO MOURÃO,"RUA ACYR SANTOS, 14",VILA IZABEL,-25.459816,-49.2988024,28,0,1681,1399,76,45,0,2,0,2,19,1,3,0,1,1,1,14,1,0,0,0,17,0,0,0,4,0,4,1,1,0,7,0,2,0,0,22,0,0,0,0,0,0,4,0,2,3,0,1,0,5,2,0,0,4,0,0,0,5,0,0,0,1,0,3,4,1,1,8,0,0,0,0,0,1,0,1,26,0,0,0,0,8,0,0,0,0,0,0,0,0,2,0,0,0,0,0,0,0,1,0,0,0,0,4,0,13,0,1,0,0,0,7,8,0,0,0,0,0,0,0,0,0,0,2,0,0,0,0,1,0,1,0,0,0,0,1,71,0,0,0,0,0,0,0,0,0,3,1,2,0,0,0,0,0,0,0,0,0,0,0,5,0,1,0,0,0,9,0,0,0,1,1,1,0,0,0,41,1,13,5,0,0,0,30,3,2,0,0,1,0,0,0,0,0,0,0,2,0,0,0,0,28,0,0,0,0,1,0,0,0,0,0,0,0,0,0,0,0,0,0,0,0,0,0,0,1,0,0,2,0,4,0,3,0,0,0,0,1,1,0,0,0,0,0,0,0,0,1,0,0,0,0,2,0,0,0,0,1,0,0,0,0,0,0,1,0,0,1,0,0,0,0,0,0,0,5,0,0,2,1,5,0,0,0,0,0,0,0,0,0,0,0,0,0,0,1,0,0,0,2,0,0,0,1,0,0,0,0,0,0,0,2,0,0,0,0,0,0,0,0,0,0,0,1,0,0,0,0,0,3,1,0,0,0,0,0,1,0,0,29,0,0,0,0,26,0,0,0,0,10,0,0,2,0,1,0,38,2,0,0,0,0,0,0,0,1,0,0,0,0,0,1,0,0,0,0,0,0,0,0,0,0,0,0,0,1,0,0,0,0,0,0,0,0,2,2,9,1,1,22,0,0,3,1,10,3,0,7,1,0,0,18,1,0,1,0,0,0,0,0,0,0,0,3,2,1,2,1,0,0,1,0,0,0,1,0,0,0,1,0,0,0,1,0,0,0,2,1,2,0,0,0,0,0,0,0,13,0,0,0,6,0,0,0,0,0,0,0,0,0,0,0,0,0,0,0,0,0,0,0,6,0,0,0,0,0,0,0,0,0,0,0,1,0,0,0,0,0,0,0,0,0,0,0,0,0,0,0,0,0,0,0,0,0,0,0,0,1,1,2,0,4,3,3,3,0,20,0,8,0,20,1,0,0,0,1,0,0,0,0,0,0,0,0,0,0,0,0,0,0,0,0,0,1,0,0,0,0,0,0,0,8,2,1,0,4,0,0,3,0,0,0,0,0,0,0,0,0,0,2,0,0,0,0,0,0,0,0,0,0,0,0,0,0,0,0,0,0,0,0,0,0,0,0,5,0,0,0,0,0,0,0,0,0,0,0,0,0,0,0,0,0,0,0,0,0,2,0,0,0,0,2,0,0,0,0,0,0,0,0,0,0,0,0,0,0,0,0,0,0,0,3,0,1,0,0,0,0,0,0,32,6,0,1,0,13,0,0,1,0,0,0,0,3,0,7,0,0,6,2,3,2,28,0,1,0,5,1,0,3,1,18,0,0,0,0,0,6,77,0,0,0,2,0,0,0,12,0,0,0,0,0,0,0,0,0,0,1,0,0,0,0,0,0,0,0,0,0,0,0,0,0,1,4,1,0,0,0,0,0,0,1,0,0,0,1,0,0,0,0,0,0,0,0,0,0,0,0,0,0,1,0,0,0,0,0,0,5,0,0,0,0,0,0,0,0,0,0,3,7,0,0,1,0,0,2,0,0,2,0,5,2,6,1,6,0,2,0,0,0,0,0,0,0,0,0,0,0,1,1,0,97,1,2,5,0,5,1,4,0,1,1,1,3,0,0,0,0,0,3,0,0,0,1,0,4,0,0,0,0,0,2,0,0,0,0,0,9,0,0,0,0,1,0,0,0,0,0,0,0,0,5,0,0,0,0,0,0,0,0,0,0,0,0,0,0,0,2,0,0,0,0,3,0,0,2,0,0,0,10,0,0,0,0,0,0,0,0,0,0,0,0,0,4,0
178,1961,COLÉGIO ESTADUAL PADRE SILVESTRE KANDORA,RUA PROFESSORA MARIA HELENE KRUZIELSKI BREDOW   26,SÃO BRAZ,-25.419938,-49.346812,60,0,3612,2966,247,155,0,1,6,5,25,1,3,0,2,8,1,34,0,1,0,1,13,0,0,1,1,1,14,3,3,1,16,0,0,0,1,13,4,0,0,2,0,0,7,0,18,2,1,2,0,37,0,1,0,0,0,1,2,5,1,0,1,5,0,1,7,0,0,5,1,0,0,1,0,0,0,0,58,0,0,0,0,10,0,2,0,0,0,2,0,0,16,0,0,1,0,0,0,0,1,1,0,0,0,6,0,8,0,1,0,2,0,54,34,3,1,0,0,0,1,0,0,0,0,0,2,2,1,0,0,0,0,0,1,0,0,0,77,0,1,0,0,2,0,0,3,0,6,0,3,0,0,0,0,0,0,0,0,0,0,2,5,0,3,0,0,0,17,0,0,0,4,0,0,0,0,0,75,1,53,4,0,3,0,109,2,0,0,1,2,0,1,1,0,0,0,0,5,0,1,0,1,34,0,0,0,0,2,0,0,0,0,2,0,0,1,0,0,0,0,0,0,0,0,0,0,19,0,1,1,0,0,0,1,0,0,0,0,2,1,0,0,0,0,0,0,0,0,1,0,1,0,3,0,0,0,1,0,0,1,0,0,3,0,0,11,0,0,1,0,0,0,0,2,2,1,2,0,0,0,2,14,0,0,0,2,0,2,0,2,0,0,0,0,0,0,1,0,0,0,0,0,0,1,0,0,0,0,0,0,0,0,0,0,1,0,0,0,0,0,0,0,0,0,1,0,0,0,0,0,2,0,2,0,0,1,0,0,0,0,19,0,1,0,0,42,0,0,0,2,4,0,0,11,0,0,0,33,1,0,1,0,0,0,0,0,0,9,0,0,0,0,0,0,0,0,0,0,0,0,0,0,0,0,0,0,0,0,0,0,0,0,0,0,0,4,4,27,1,0,48,0,0,3,1,11,2,0,10,6,2,2,56,1,1,0,4,0,1,2,1,0,2,1,46,0,0,0,2,0,0,0,1,0,2,0,0,1,0,0,1,1,0,0,0,2,0,2,0,0,1,0,0,0,1,0,0,15,1,2,2,2,0,0,0,0,0,1,0,0,0,0,0,0,1,0,0,0,1,0,0,0,0,3,0,0,0,0,1,0,0,0,0,0,0,6,0,0,0,0,0,0,0,0,0,0,1,0,0,0,0,0,0,0,0,0,0,0,0,0,2,1,0,0,0,6,0,12,2,4,0,13,0,0,0,0,2,0,0,0,0,0,0,0,0,0,0,0,5,0,1,0,1,0,3,0,0,0,0,0,0,0,21,0,2,0,7,2,0,1,0,0,0,0,0,0,0,0,0,0,1,0,0,0,0,0,1,1,0,0,0,0,0,0,11,2,0,0,1,0,0,1,0,0,0,2,0,0,6,0,0,0,0,0,0,0,0,0,0,0,0,0,0,1,0,0,0,1,0,2,0,0,3,0,0,0,0,0,0,1,0,0,0,0,0,0,2,5,0,0,0,0,0,3,0,0,17,1,0,22,0,10,5,1,0,0,7,0,1,0,2,1,0,2,4,0,4,0,0,3,5,2,0,93,0,1,0,0,4,1,3,0,21,0,1,6,4,0,11,346,1,2,0,0,0,0,0,13,0,0,0,0,0,0,2,1,0,0,0,0,0,0,0,0,0,3,0,0,0,0,1,0,0,0,1,1,0,1,0,0,0,0,2,2,0,1,0,0,0,0,0,0,0,0,0,0,0,3,0,0,2,1,0,0,0,0,0,9,19,1,1,0,3,2,0,0,0,0,0,4,12,1,8,5,0,0,0,1,0,0,0,8,3,3,1,22,1,1,1,0,0,0,5,0,0,2,0,0,0,0,0,2,167,2,5,16,0,8,0,15,0,2,2,8,2,0,3,0,0,0,8,0,0,0,0,2,2,0,0,0,0,0,0,0,0,0,0,0,10,0,0,0,0,1,0,0,0,0,6,0,0,0,8,1,0,0,2,0,2,0,0,0,0,0,0,0,0,0,0,0,0,0,0,5,15,0,0,1,0,0,20,0,0,0,2,0,0,0,0,5,1,0,0,0,3,0
178,1970,COLÉGIO ESTADUAL PROFESSOR OLAVO DEL CLARO,"RUA CLARA FILLA, 282",SÃO BRAZ,-25.41555888,-49.36101334,60,0,2537,2071,198,102,0,4,6,5,32,1,4,0,0,10,1,13,1,0,1,0,5,1,2,0,4,2,11,2,0,0,17,0,2,0,0,16,3,0,0,0,0,0,1,1,15,1,0,1,1,22,1,0,0,0,0,1,0,1,0,0,2,18,0,9,0,0,0,5,0,0,0,5,0,1,1,1,59,0,0,0,0,15,0,0,0,0,0,0,0,0,5,0,0,0,0,0,1,0,10,0,0,0,0,5,0,8,0,2,0,0,1,54,23,0,0,0,0,0,1,0,0,0,0,1,1,3,0,0,0,0,0,1,1,3,0,1,26,0,0,0,0,0,0,0,0,0,3,0,3,0,0,0,0,0,0,1,0,0,0,4,2,0,3,0,0,0,1,1,0,1,1,1,1,1,0,0,43,0,24,1,1,0,0,34,0,1,0,0,2,0,0,1,3,1,0,0,0,1,0,1,1,9,0,1,2,0,1,0,0,0,1,0,0,0,0,1,0,0,0,0,0,0,0,0,0,7,0,0,22,0,0,0,2,0,0,0,0,0,0,0,1,0,0,0,0,0,0,0,0,0,0,0,0,0,0,0,0,0,0,0,1,3,1,0,26,0,0,0,0,0,0,0,0,1,0,0,0,0,0,1,3,0,0,0,0,0,0,0,1,0,0,0,0,0,0,1,0,0,0,0,0,0,0,0,0,0,0,0,0,0,0,0,0,0,0,0,0,0,0,0,0,0,0,0,1,0,0,0,0,0,1,0,0,0,0,0,0,0,0,8,1,0,0,0,48,1,0,0,0,7,0,0,7,3,0,1,24,1,0,1,0,0,0,0,0,3,4,0,0,0,0,0,0,0,0,0,0,0,0,0,0,0,0,0,0,0,0,0,0,0,0,0,0,0,3,1,9,0,0,30,1,0,2,0,2,1,0,0,0,0,1,45,0,1,1,0,0,1,0,0,1,3,0,39,0,1,1,0,0,1,0,0,2,0,0,0,0,0,0,0,0,0,1,0,0,0,0,0,0,1,0,0,0,0,0,0,11,0,0,0,1,0,1,0,0,0,0,0,0,0,0,0,0,0,0,0,0,0,0,0,0,0,1,0,0,0,0,0,0,0,0,0,0,0,5,0,0,0,0,0,0,0,0,0,0,0,0,0,0,0,0,0,0,0,0,0,0,0,0,0,0,0,0,2,0,0,16,0,4,3,11,0,0,0,0,0,0,0,0,0,0,0,0,0,0,0,0,1,0,0,0,0,1,0,1,0,0,0,0,0,0,10,0,1,0,0,0,0,1,0,0,0,0,0,0,0,2,0,0,3,0,0,0,0,0,0,0,0,0,0,0,0,0,1,1,0,0,0,0,0,0,0,0,0,0,0,0,1,0,0,0,0,0,0,0,0,0,0,0,0,0,0,0,0,0,0,0,0,1,0,0,1,0,3,0,0,5,0,1,0,0,0,0,0,0,2,1,0,0,0,0,6,0,1,0,1,0,0,64,1,3,11,0,0,0,9,0,1,0,1,0,0,1,0,0,6,0,0,0,1,1,0,66,0,3,0,2,2,0,0,0,31,1,0,0,0,0,4,252,1,1,0,1,0,0,0,2,0,0,0,0,0,0,0,4,0,0,1,0,0,0,0,0,0,0,0,0,0,0,0,0,0,0,0,0,0,3,0,0,0,0,0,1,1,0,0,0,0,0,0,0,0,0,0,0,0,0,1,0,0,0,0,0,0,0,0,3,2,0,0,0,7,0,0,0,0,0,0,1,6,0,18,1,0,0,0,0,0,0,0,0,15,10,1,9,2,0,0,0,0,0,7,0,0,1,0,0,0,0,0,0,77,0,4,13,0,4,0,7,0,1,1,4,1,0,0,0,0,0,5,0,0,0,0,3,4,0,1,0,0,2,0,0,0,0,0,0,3,0,0,0,0,0,0,0,0,1,0,0,0,0,4,0,0,0,7,0,1,0,0,0,2,0,2,0,0,2,0,1,0,0,2,6,6,0,1,0,0,0,13,0,0,0,1,0,1,0,0,0,0,0,0,0,0,0
178,1988,COLÉGIO MARISTA PARANAENSE,AVENIDA BISPO DOM JOSE 2674,SEMINÁRIO,-25.44782,-49.2978255,29,0,6242,5126,207,117,0,4,5,7,42,3,7,0,1,17,2,45,2,1,0,0,59,0,2,0,1,4,19,5,9,0,20,0,1,0,0,50,4,0,0,0,1,5,11,0,16,23,0,0,2,22,0,0,1,0,5,1,4,25,0,1,5,8,3,2,0,1,7,56,0,2,0,1,0,4,0,4,47,1,0,0,2,25,1,0,0,2,0,2,0,0,35,1,0,0,0,0,2,0,4,0,0,3,4,13,0,37,0,1,0,0,0,55,23,0,0,0,0,0,1,0,0,0,0,0,11,2,1,0,2,0,1,0,2,3,0,2,252,0,0,0,1,0,0,0,1,1,4,0,1,1,3,0,1,1,0,2,0,0,2,1,35,0,11,0,0,0,20,2,1,0,1,3,1,1,0,0,170,9,64,13,0,2,0,91,7,11,0,1,2,0,2,2,1,1,0,0,4,2,1,2,1,47,0,0,0,1,1,0,0,0,0,5,0,0,0,1,0,0,0,1,0,0,0,0,0,7,0,1,2,0,1,0,5,0,0,0,2,3,0,0,0,0,0,0,0,0,0,1,0,0,0,1,3,0,0,0,0,1,0,0,0,2,0,0,7,0,0,0,0,3,0,1,0,3,0,5,0,0,2,1,19,1,0,0,2,0,1,0,2,0,0,0,0,0,0,5,0,0,0,0,0,0,0,0,0,0,0,0,0,1,3,7,0,0,0,0,2,0,0,5,0,0,2,0,0,0,0,0,0,0,4,2,1,1,0,0,0,0,0,99,1,2,3,0,114,2,0,0,2,19,0,1,3,0,0,0,170,4,1,0,0,0,0,4,0,0,0,0,8,0,0,0,0,0,0,0,0,1,0,0,0,0,0,0,2,0,0,0,0,0,0,0,0,1,13,5,60,1,0,128,0,2,6,7,30,14,0,14,6,0,0,55,1,1,0,3,2,3,1,0,0,2,0,33,0,16,6,1,2,2,0,0,0,0,0,0,1,1,3,0,3,0,0,0,0,0,18,1,2,2,0,0,1,1,0,0,37,0,4,0,8,1,0,0,0,0,1,0,1,0,0,0,0,1,0,0,0,4,0,0,2,0,2,0,0,0,0,0,0,0,0,0,0,2,1,0,0,0,0,0,0,0,0,0,0,0,0,0,0,0,0,0,0,0,0,0,0,0,6,4,1,6,2,5,7,2,124,0,21,2,80,8,0,1,0,11,0,0,0,0,0,0,0,3,0,0,2,2,1,1,0,0,3,0,0,0,0,0,1,0,0,8,0,3,1,10,0,0,5,0,0,0,0,0,0,0,0,0,0,12,0,0,0,0,0,0,0,0,0,0,0,0,0,0,0,0,0,1,0,0,0,0,0,0,0,0,0,1,0,0,0,0,0,0,0,0,0,0,0,0,4,0,1,1,0,0,5,0,1,4,2,1,0,1,0,0,4,0,4,0,0,0,0,0,0,0,12,0,0,0,0,8,3,4,0,0,0,0,1,0,116,16,0,3,0,113,0,1,1,0,1,0,6,1,0,11,0,0,20,14,10,0,71,0,1,1,2,14,1,10,1,92,0,3,3,3,1,11,335,4,6,0,2,4,0,0,48,1,0,0,0,2,6,1,2,2,1,10,0,0,0,0,0,0,0,1,1,0,0,0,3,0,0,3,1,1,0,0,0,0,0,12,2,0,0,2,0,0,0,0,1,0,0,0,0,0,0,1,0,0,6,0,0,0,0,1,1,3,0,0,0,3,0,0,0,0,0,0,12,11,3,18,4,0,1,2,4,1,8,0,4,7,20,3,115,14,3,0,3,0,0,14,1,1,8,0,3,0,2,0,9,319,5,3,22,1,12,3,29,0,4,1,6,1,0,1,0,0,0,12,0,0,0,0,1,6,0,3,0,0,0,14,0,0,0,0,2,4,0,1,0,0,0,1,0,0,0,5,0,0,0,5,1,0,0,0,0,0,0,0,0,0,0,1,0,0,0,0,0,0,0,0,3,8,0,0,0,0,0,15,0,0,1,0,0,0,0,0,1,6,0,0,0,3,0
178,1996,ESCOLA ESTADUAL RIO BRANCO,AVENIDA BISPO DOM JOSE  2426,SEMINÁRIO,-25.4457152,-49.2956519,29,0,2312,1911,84,55,0,0,1,3,18,0,1,0,0,7,1,19,0,0,0,0,15,1,0,0,1,1,7,0,0,0,6,0,0,0,0,17,1,0,1,1,0,1,1,0,2,5,0,0,0,5,0,0,0,0,2,1,1,13,0,0,3,1,0,1,0,0,0,40,0,0,0,2,0,2,0,2,14,0,0,0,0,16,0,0,0,0,0,1,0,0,18,0,0,0,0,0,0,0,0,0,0,0,1,6,0,16,0,0,0,0,0,16,13,0,0,0,0,0,0,0,0,0,0,0,9,4,0,0,0,0,2,0,1,0,0,2,80,0,0,0,0,0,0,0,0,1,0,0,0,0,1,0,0,0,0,1,0,0,0,0,12,0,5,0,0,0,12,1,0,0,1,0,0,1,2,1,44,1,24,7,0,2,0,34,2,3,0,0,0,2,0,1,0,0,0,0,0,0,0,0,0,13,0,0,0,0,0,0,0,0,0,0,1,0,0,0,0,0,0,0,0,0,0,0,0,4,0,0,2,0,0,0,1,0,0,0,0,0,0,0,0,0,0,0,0,0,0,2,0,0,0,0,0,0,0,0,0,1,1,0,2,0,0,0,2,0,0,0,0,0,0,0,1,3,0,6,0,0,3,1,16,0,0,0,2,0,0,0,4,0,0,0,0,0,0,0,0,0,0,0,0,0,0,3,0,0,0,0,1,1,0,0,0,0,0,0,0,0,0,0,0,0,0,0,0,0,1,0,0,1,1,1,1,1,0,0,0,0,0,34,0,0,0,0,52,0,1,0,0,7,0,0,0,0,0,0,70,0,0,0,0,0,0,2,0,0,1,0,0,0,0,0,0,0,0,0,0,0,0,1,0,0,0,0,0,0,0,0,0,0,0,0,0,0,1,0,21,0,0,47,0,0,3,0,8,5,0,4,1,0,0,16,1,0,0,3,0,1,0,0,0,0,0,6,0,7,1,0,0,1,0,0,0,0,0,0,4,0,0,0,0,0,0,0,0,0,2,0,0,0,0,0,5,3,0,0,19,0,0,0,4,0,0,0,0,0,1,0,0,0,0,0,0,0,0,0,0,0,0,0,0,0,1,0,0,0,0,0,0,0,0,0,0,0,1,0,0,1,0,0,0,0,0,0,0,0,0,0,0,0,0,0,0,0,0,1,0,0,1,2,0,0,3,4,3,0,41,0,7,1,22,2,0,0,0,6,0,0,0,0,0,0,0,4,1,0,2,1,0,0,0,0,0,0,1,0,0,0,0,0,0,3,0,0,0,1,0,0,2,0,2,0,0,0,0,0,0,0,0,0,0,0,0,0,0,0,0,0,0,0,0,0,0,0,1,0,0,0,0,0,0,0,0,0,2,0,0,0,0,0,0,0,0,0,0,0,0,0,0,0,0,0,0,3,0,0,1,0,0,0,0,2,0,0,0,0,3,0,1,0,0,0,0,0,0,0,2,0,0,0,0,6,0,0,0,0,0,0,0,0,23,5,0,0,0,30,0,1,0,0,0,0,2,4,0,4,0,0,8,9,8,2,37,0,0,0,0,4,0,3,0,25,0,1,0,3,0,4,182,1,1,0,0,1,0,0,13,0,0,0,0,0,0,0,0,1,1,3,0,0,0,0,0,0,1,0,1,0,0,0,1,0,0,1,0,0,0,0,0,0,0,1,0,0,0,0,0,0,0,0,0,0,0,0,0,0,0,0,0,0,1,0,1,0,0,0,0,2,0,0,0,1,1,0,0,1,0,0,8,2,0,2,4,0,0,0,1,0,5,0,5,1,9,2,59,4,0,1,0,0,0,8,0,0,1,0,1,1,1,0,1,107,1,1,7,3,7,1,7,0,0,0,6,2,0,1,0,0,0,9,0,0,0,0,2,1,0,1,0,0,0,3,0,1,0,0,0,6,0,0,0,0,0,0,0,0,0,1,0,0,0,2,0,0,0,0,0,0,0,0,0,0,0,0,1,0,0,0,0,0,0,0,2,4,0,0,0,0,0,5,0,0,0,0,0,1,0,0,0,3,0,0,0,1,0
178,2011,ESCOLA MUNICIPAL CEI PEDRO DALLABONA,RUA VIRGINIA DALLABONA 456,ORLEANS,-25.4296141,-49.3563186,59,0,2440,2029,125,93,0,1,8,1,27,1,0,1,1,6,2,16,0,0,0,0,20,0,0,2,3,3,11,2,1,1,13,0,0,0,0,24,1,0,0,3,0,0,9,0,2,4,0,0,0,20,0,0,0,1,0,2,1,5,0,0,0,10,0,0,3,0,2,6,2,0,0,1,0,0,0,2,58,0,0,0,0,20,0,0,1,1,0,0,0,0,3,0,0,0,0,0,0,0,2,0,1,0,0,1,0,11,0,0,1,1,0,17,11,0,0,0,0,0,0,0,1,0,0,1,0,4,4,0,0,0,0,0,3,0,0,0,59,2,0,1,0,0,0,0,0,0,8,0,1,0,0,0,0,0,0,0,0,0,0,1,7,0,10,0,0,0,7,0,1,0,0,0,2,0,0,0,34,0,39,2,1,4,0,66,1,5,0,2,0,0,0,2,9,0,1,0,2,1,1,0,0,30,0,0,0,0,0,0,0,0,2,0,0,0,0,0,0,0,0,0,0,0,0,0,0,16,0,0,2,0,0,0,1,0,0,0,0,0,0,0,0,0,0,0,0,0,0,0,0,0,0,0,1,0,0,0,0,0,1,0,0,0,0,0,10,0,0,0,0,0,0,0,0,1,0,1,0,0,1,0,2,0,0,0,0,0,0,0,0,0,0,0,0,0,0,1,0,0,0,0,0,0,0,4,0,0,0,0,0,1,0,0,0,0,0,0,0,0,0,2,0,0,0,0,0,0,0,2,0,15,0,1,0,0,0,0,0,0,0,15,0,0,0,0,23,0,0,0,0,2,0,0,2,5,0,0,30,1,0,2,0,0,0,1,0,0,7,0,0,0,0,0,0,0,0,0,0,0,0,0,0,0,0,0,0,0,0,0,0,0,0,0,0,0,1,0,13,1,0,21,0,0,1,2,9,1,0,5,0,0,1,32,0,0,0,7,0,1,0,1,0,1,0,27,0,4,2,0,0,0,2,0,0,0,0,0,1,0,1,0,0,0,0,0,0,0,6,0,0,1,0,2,0,0,0,0,25,0,0,0,2,0,0,0,0,0,0,0,0,0,0,0,0,0,0,0,0,0,0,0,0,0,1,0,0,0,0,0,0,0,0,0,0,0,1,4,0,0,0,0,0,0,0,0,0,0,0,0,0,0,0,0,0,0,0,0,0,0,4,2,0,0,1,1,5,1,23,0,3,2,14,0,2,0,0,0,0,0,0,0,0,0,0,1,0,0,0,0,0,0,0,0,0,0,0,0,0,0,0,0,0,3,0,1,0,3,0,0,2,0,2,0,0,0,0,0,0,0,0,2,0,0,0,0,0,0,0,0,0,0,0,0,0,1,1,0,0,0,0,0,0,0,0,0,0,0,0,1,0,0,0,0,0,0,1,0,0,0,0,0,0,0,1,0,0,0,0,0,0,0,0,0,0,0,0,0,0,0,0,0,0,0,0,0,0,1,3,0,0,0,0,0,1,1,0,1,0,0,34,0,16,5,0,0,0,17,0,1,0,0,3,0,0,2,0,5,0,0,1,1,1,0,62,0,0,0,1,2,0,2,0,40,0,2,1,1,0,0,214,4,1,0,1,0,0,0,10,0,0,0,0,0,0,0,0,0,0,4,0,0,0,0,1,0,0,4,0,0,0,1,0,0,0,1,0,1,0,0,0,0,0,1,0,0,0,0,0,0,0,0,0,0,0,0,0,0,0,0,0,1,1,0,0,0,0,2,0,3,0,0,0,1,0,0,0,0,0,0,3,10,3,5,3,1,0,0,0,0,1,0,2,10,12,3,13,3,0,0,1,0,0,4,1,0,2,0,1,0,0,0,1,111,1,1,7,0,3,1,21,0,2,0,3,3,0,0,0,0,0,10,0,0,0,1,1,9,0,0,0,0,0,0,0,0,0,0,0,10,0,0,0,0,1,0,0,1,0,1,0,0,0,3,0,0,0,3,0,4,0,0,0,0,0,0,0,0,0,0,0,0,0,0,1,1,0,0,0,0,0,11,0,0,0,0,0,0,0,0,0,3,0,0,1,0,0
178,2020,ESCOLA MUNICIPAL CEI RAOUL WALLENBERG,"RUA HERMENEGILDO LUCA, CJ FERNAO DIAS   2400",BUTIATUVINHA,-25.41091467,-49.36148374,61,0,1607,1327,95,70,0,0,0,5,19,1,1,0,0,5,0,11,0,0,0,0,5,0,0,0,2,2,6,0,0,0,11,0,0,4,0,4,0,0,0,0,0,0,3,1,3,2,0,3,0,11,0,0,0,0,0,0,0,2,0,0,4,2,0,4,0,0,0,1,0,0,0,0,0,0,0,1,26,0,0,0,0,9,0,0,0,0,0,0,0,0,3,0,0,0,0,0,0,0,6,1,0,0,0,2,0,1,0,0,0,0,0,18,18,0,0,0,0,0,0,1,0,0,0,0,0,2,0,0,1,0,4,0,3,1,0,0,23,0,0,0,0,0,0,0,3,1,0,0,4,0,0,0,0,0,0,0,0,1,0,1,1,0,5,0,0,0,4,1,0,0,0,0,0,0,0,0,18,0,31,2,1,0,0,34,2,0,0,0,0,0,0,2,0,0,0,0,0,0,0,3,0,13,0,0,0,0,0,0,0,0,0,1,0,0,0,0,0,0,0,0,0,0,0,0,0,0,0,0,20,0,0,0,0,0,0,0,0,0,2,0,0,0,0,0,0,0,0,1,0,0,0,0,0,0,0,0,0,0,0,0,0,2,0,0,14,0,0,0,0,0,0,0,0,0,0,0,0,0,2,0,0,0,0,0,0,0,0,0,0,1,0,0,0,0,0,0,0,0,0,0,0,0,0,0,0,0,0,0,2,0,0,0,0,1,0,0,0,0,0,0,0,0,0,0,0,0,0,0,0,0,1,0,0,0,0,0,0,0,0,6,1,0,0,0,24,0,0,0,2,3,0,0,4,3,0,0,17,2,0,0,0,0,0,0,1,0,2,0,0,0,0,0,0,0,0,0,0,0,0,0,0,0,0,0,0,0,0,0,0,0,0,0,0,0,4,0,4,0,1,18,0,0,0,0,3,3,0,0,0,0,0,21,1,0,0,4,0,1,0,0,0,0,0,18,0,3,0,0,0,0,0,0,0,0,0,0,0,0,1,0,0,0,0,0,0,0,0,0,0,0,0,0,0,0,0,0,14,0,0,0,0,1,0,0,0,0,0,0,0,0,0,0,0,0,0,0,0,0,0,0,0,0,0,0,0,0,0,0,0,0,0,0,0,0,1,0,0,0,0,0,0,0,0,0,0,0,0,0,0,0,0,0,0,0,0,0,1,0,0,3,1,0,0,5,1,0,7,0,1,0,6,0,0,0,0,1,0,0,0,0,0,2,0,0,0,0,0,0,0,0,0,0,0,0,0,0,0,0,0,0,0,5,0,1,0,0,0,0,8,0,0,0,0,0,0,0,0,0,0,0,0,0,0,0,0,0,0,0,0,0,0,0,0,1,0,0,0,0,0,0,0,0,0,0,0,0,0,0,0,0,0,0,0,0,0,0,0,0,1,0,0,0,0,0,0,0,0,0,0,0,0,0,0,3,0,0,0,0,1,0,0,0,0,0,0,0,1,0,0,0,0,2,0,0,0,3,0,0,25,0,5,3,3,0,0,8,0,0,0,2,0,0,0,0,1,8,0,0,0,2,2,0,54,0,1,0,0,0,0,0,0,11,0,0,0,0,0,1,146,0,0,0,1,0,1,0,13,0,0,0,0,0,0,0,3,2,0,1,0,0,0,0,0,0,0,1,0,0,0,0,0,0,0,1,0,0,0,0,0,1,0,0,0,0,0,0,0,0,1,0,0,0,0,0,0,0,0,0,0,2,0,0,0,1,0,1,0,0,2,0,0,10,0,0,0,0,0,0,3,4,0,7,0,0,0,0,0,1,0,0,1,5,8,2,8,0,0,0,0,0,0,2,1,0,2,0,0,0,0,0,0,69,1,2,23,0,9,0,12,1,0,1,6,0,1,0,0,0,0,1,0,0,0,0,0,1,3,1,0,0,0,0,0,0,0,0,0,0,0,0,0,0,0,0,0,0,1,2,0,0,2,1,0,0,0,2,0,0,0,3,0,0,0,0,0,0,0,0,1,0,0,0,5,4,0,0,0,0,0,26,0,0,0,1,0,0,0,0,2,1,0,0,0,0,0
178,2046,ESCOLA ESTADUAL HELENA DIONYSIO,RUA FRANCISCO JUGLAIR  94,MOSSUNGUE,-25.4383667,-49.3331773,45,0,1740,1426,74,33,0,2,7,5,27,0,3,1,1,4,0,11,1,0,0,0,12,0,0,0,0,1,4,2,0,0,5,0,0,0,0,14,2,0,0,0,0,0,7,0,0,7,0,0,0,4,0,0,2,0,0,0,0,9,0,0,2,4,0,2,1,0,0,13,1,1,0,4,0,1,0,1,22,0,0,0,0,16,1,0,0,0,0,1,0,0,6,1,0,0,0,0,0,0,1,2,0,0,0,3,0,28,0,0,1,0,0,9,9,1,0,0,0,0,0,0,0,0,0,0,0,1,0,0,0,0,2,0,2,0,0,0,46,0,0,0,1,0,0,0,0,0,2,0,2,0,0,0,0,0,0,0,0,0,0,1,1,0,2,0,0,0,1,0,0,0,2,0,1,0,0,0,27,0,18,1,0,0,0,27,2,2,0,0,0,0,0,0,1,0,0,0,1,0,0,0,1,18,0,0,0,0,0,0,0,0,1,0,0,0,0,2,0,0,0,0,0,0,0,0,0,1,0,0,0,0,1,0,0,0,0,0,0,1,0,0,0,0,0,1,0,0,0,1,0,1,2,0,0,0,0,0,0,3,0,0,1,0,0,0,9,0,0,0,0,0,0,0,0,1,0,2,0,0,0,0,4,0,0,0,0,0,0,0,0,0,0,0,0,0,0,2,0,0,0,0,0,0,0,0,0,0,0,0,0,1,0,0,0,0,0,0,0,0,0,4,0,0,0,0,0,0,0,0,0,1,0,0,0,0,0,0,0,0,0,27,0,0,0,0,28,0,0,0,0,8,0,0,1,0,0,0,38,1,0,0,0,0,0,0,0,0,0,0,0,0,0,0,0,0,0,0,0,0,0,0,0,0,0,0,0,0,0,0,0,0,0,0,0,0,2,2,14,0,0,38,0,0,0,2,7,1,0,2,0,0,0,12,1,0,0,0,0,1,0,1,0,1,0,10,0,0,2,0,0,0,0,0,2,3,0,0,0,0,1,0,0,0,0,0,0,0,2,0,0,0,0,0,0,0,0,0,20,0,0,0,0,0,0,0,0,0,1,0,0,0,0,0,0,1,0,0,0,0,0,0,0,0,1,0,0,0,1,0,0,0,0,0,0,0,0,0,0,0,0,0,0,0,0,0,0,0,0,0,0,0,0,0,0,0,0,1,0,4,2,5,0,2,1,5,7,3,14,0,4,1,25,2,1,0,0,2,0,0,0,0,0,0,0,0,0,0,0,0,0,0,0,0,3,0,1,0,0,0,0,0,0,3,0,1,0,3,0,0,2,0,0,0,0,0,0,0,0,0,0,1,0,0,0,0,0,0,0,0,0,1,0,0,0,0,1,0,0,0,0,0,1,0,0,0,0,0,0,1,0,0,0,0,0,0,0,0,0,1,0,0,0,0,0,0,0,0,1,0,0,0,0,0,0,0,0,0,1,0,1,0,0,0,0,0,1,0,0,0,0,0,0,1,0,1,0,0,0,0,0,0,24,2,0,0,0,21,0,1,0,0,1,0,0,1,0,8,0,0,10,3,0,0,33,0,2,0,0,8,0,1,0,23,0,0,0,1,0,0,116,2,2,0,1,0,0,0,8,0,0,0,0,1,0,0,1,0,0,2,1,0,0,0,0,0,1,0,0,2,0,0,0,0,0,0,0,0,0,0,0,0,0,0,0,0,0,0,0,0,1,0,0,0,0,1,0,0,0,0,0,0,0,0,0,0,0,1,1,1,0,0,0,0,0,0,0,0,0,0,5,3,0,9,3,0,0,0,1,0,1,0,7,2,7,2,25,4,0,1,0,0,0,4,0,0,1,0,0,0,0,0,2,96,1,2,12,0,2,0,3,0,2,0,3,3,0,3,0,0,0,2,0,0,0,0,0,0,0,1,0,0,0,1,0,0,0,0,0,3,0,0,0,0,0,0,0,0,0,2,0,0,0,1,0,0,0,0,0,0,0,0,0,1,0,0,0,0,0,0,1,0,0,0,8,2,0,0,0,0,0,11,0,0,0,0,0,0,0,0,0,0,0,0,1,1,1
178,2054,ESCOLA ESTADUAL DOM ORIONE ( ANTIGA ESC. EST.  NILSON BATISTA RIBAS),RUA JAIME VEIGA 472,SEMINÁRIO,-25.4522023,-49.310843,29,0,1083,907,44,29,0,1,1,2,11,0,2,1,2,2,0,11,0,1,0,0,9,0,0,0,0,1,3,2,0,0,2,0,0,0,0,6,0,0,0,1,0,2,7,0,0,1,0,1,1,5,2,0,0,0,2,0,0,11,0,0,0,1,0,0,0,0,1,6,0,0,0,0,0,0,0,0,12,0,0,0,0,5,0,0,0,0,1,0,0,1,5,0,0,0,0,0,0,0,1,0,0,0,0,2,0,6,0,0,1,0,0,10,10,0,0,0,0,0,0,0,0,0,0,0,5,2,0,0,0,0,0,0,0,0,0,0,27,0,0,0,0,0,0,0,1,1,2,0,0,0,0,0,0,0,0,0,0,0,0,0,0,0,1,0,0,0,0,0,0,0,0,0,0,0,0,0,30,1,13,0,0,2,0,7,0,2,0,0,0,0,0,1,0,0,0,0,0,0,0,0,0,8,0,0,0,0,0,0,0,0,0,1,0,0,0,0,0,0,0,0,0,0,0,0,0,0,0,0,1,0,0,0,0,0,0,0,0,0,0,0,0,0,0,0,0,0,0,0,0,0,1,0,0,0,0,0,0,0,0,0,0,1,0,0,6,0,0,0,0,0,0,0,0,1,1,0,0,0,0,0,2,0,0,0,0,0,0,0,2,0,0,0,0,0,0,1,0,0,0,0,0,0,0,0,0,0,0,0,0,0,0,0,0,0,0,0,0,0,0,0,0,0,0,0,0,0,0,0,0,0,2,0,0,0,0,0,0,0,0,13,0,0,0,0,18,0,0,0,0,2,1,0,1,0,0,0,25,1,0,0,0,0,0,0,0,0,0,0,0,0,0,0,0,0,0,0,0,0,0,0,0,0,0,0,0,0,0,0,0,0,0,0,0,0,3,0,16,0,0,34,0,1,2,0,7,5,0,0,0,0,0,12,1,0,0,1,0,0,0,0,0,1,0,4,0,4,0,0,0,0,0,0,0,0,0,0,0,0,0,0,0,0,0,0,0,0,3,0,0,0,0,0,0,1,0,0,14,0,0,0,6,0,0,0,0,0,0,0,0,0,0,0,0,0,0,0,0,0,0,0,0,0,1,0,0,0,0,0,0,0,0,0,0,0,0,0,0,0,0,0,0,0,0,0,0,0,0,0,0,0,0,0,0,0,0,0,0,0,3,0,1,1,0,0,2,0,7,0,1,1,13,2,0,0,0,0,0,0,0,0,0,0,0,0,0,0,0,0,0,0,0,0,0,0,0,0,0,0,0,0,0,0,0,2,0,0,0,0,0,0,0,0,0,0,0,0,0,0,0,1,0,0,0,0,0,0,0,0,0,0,0,0,0,0,0,0,0,0,0,0,0,0,0,0,3,0,0,0,0,0,0,0,0,0,0,0,0,0,0,0,0,0,0,0,0,0,0,0,0,0,0,0,0,0,0,0,0,0,0,0,0,0,0,0,0,0,0,0,0,0,0,0,0,0,0,1,0,0,0,0,15,3,0,0,0,11,0,0,0,0,0,0,0,0,0,3,0,0,1,2,0,0,16,0,1,0,0,3,0,0,0,23,0,0,0,0,0,1,103,0,0,0,0,2,0,0,10,0,0,0,0,0,0,0,0,0,0,3,0,0,0,0,0,0,0,1,0,0,0,1,0,0,0,2,0,0,0,0,0,0,0,2,1,0,0,0,0,0,0,0,0,0,0,0,0,0,0,0,0,0,1,0,0,0,2,2,3,4,0,0,0,0,0,0,0,0,0,0,0,1,0,0,0,0,0,0,0,0,2,0,0,1,9,0,15,2,3,0,0,0,0,0,0,0,0,0,2,0,0,0,0,65,1,0,10,0,1,0,3,0,1,0,0,5,0,0,0,0,0,1,0,0,0,0,0,0,0,0,0,0,0,0,0,0,0,0,0,0,0,0,0,0,0,0,0,0,0,0,0,0,0,1,0,0,0,0,0,0,0,1,0,0,0,0,0,0,0,0,0,0,0,0,0,2,0,0,0,0,0,2,0,0,0,0,0,0,0,0,0,1,0,0,0,0,0
178,2062,FACULDADE PARANAENSE - FAPAR,"ALAMEDA DOM PEDRO II, 432",BATEL,-25.4391433,-49.2852161,10,0,2423,1910,85,34,0,3,5,7,17,1,3,0,3,8,0,20,0,0,0,0,34,0,0,2,1,4,6,0,1,1,6,0,1,1,0,29,0,0,0,0,1,1,1,0,5,8,0,0,2,2,0,0,0,0,0,0,2,14,0,0,2,4,0,1,4,2,0,20,0,0,0,0,0,0,0,2,32,0,1,0,0,12,0,1,0,0,1,0,0,0,9,0,0,0,0,0,1,0,1,0,0,0,0,1,0,13,0,1,0,0,0,24,3,0,0,0,0,0,0,0,0,0,0,1,2,1,0,0,0,0,0,0,0,2,0,3,105,0,0,0,0,0,2,0,2,4,0,0,2,0,1,0,0,0,0,0,0,0,0,0,20,0,5,1,0,0,9,1,0,0,0,4,2,0,1,0,67,5,24,7,0,1,0,27,2,5,1,0,0,1,0,2,0,1,0,0,1,2,0,4,4,17,0,0,0,0,0,0,0,0,0,1,0,0,0,1,0,0,0,0,0,0,3,0,0,2,0,0,2,0,4,0,0,0,1,0,0,0,0,0,0,0,0,0,0,2,0,0,0,0,0,0,1,0,0,0,0,2,0,0,0,1,0,0,6,0,0,3,0,0,0,0,1,1,0,0,0,2,4,2,4,0,0,0,0,0,0,0,2,0,0,0,0,0,0,4,0,0,0,0,0,0,0,0,0,0,0,0,0,0,0,0,0,0,0,0,0,0,0,0,0,0,0,0,0,0,0,0,0,0,0,0,0,0,0,0,0,0,0,33,0,0,0,0,39,0,0,0,0,6,0,0,3,0,0,0,50,0,0,1,0,0,0,2,0,0,0,0,0,0,0,0,0,0,0,0,0,0,0,0,0,0,0,0,0,0,0,0,0,0,0,1,0,0,2,3,20,0,0,61,0,0,2,0,15,3,0,3,2,0,0,8,0,0,0,0,0,0,0,2,0,1,1,10,0,2,2,1,0,1,0,0,1,0,1,0,1,0,1,0,0,0,0,0,0,0,7,2,1,2,0,0,1,0,0,0,7,0,0,0,2,0,0,0,0,0,1,0,0,0,0,0,1,0,0,0,0,2,0,0,2,0,0,0,0,0,0,0,0,0,0,0,0,0,0,0,0,1,0,0,0,0,0,0,0,0,0,0,0,0,0,0,0,0,0,0,0,0,2,7,1,0,1,4,3,3,42,0,7,3,35,5,0,0,0,2,0,0,0,0,0,0,0,0,0,0,0,0,0,0,0,0,0,0,0,0,0,0,0,0,0,2,0,1,0,6,0,0,0,0,0,0,0,0,0,2,0,0,0,6,0,0,0,0,1,0,0,0,0,0,0,0,0,0,0,0,0,0,0,0,1,0,0,0,0,0,0,0,0,0,0,0,0,0,0,0,0,0,0,0,0,0,1,0,0,0,1,0,0,0,0,0,0,0,0,0,3,0,0,0,0,0,0,0,0,0,1,0,0,0,0,2,1,2,0,0,0,0,0,0,43,5,0,0,0,42,0,2,0,0,0,0,0,2,0,10,0,0,6,6,5,0,25,0,0,0,3,0,0,4,0,32,0,0,3,0,0,6,111,0,1,0,0,2,0,0,10,1,0,0,0,0,0,1,0,0,0,2,0,0,0,0,0,0,1,3,0,2,0,0,1,0,2,0,0,1,0,0,0,1,0,6,2,1,0,0,0,0,0,0,1,0,0,0,0,0,0,0,0,0,1,0,0,0,0,0,0,3,0,0,0,0,0,0,0,0,0,0,6,0,2,7,3,0,0,0,2,0,0,0,1,1,15,1,34,3,0,0,0,0,0,5,0,0,3,0,2,0,2,0,0,128,3,0,11,0,6,1,5,0,2,0,3,3,0,4,0,0,0,7,0,0,0,0,2,2,0,1,0,0,0,1,0,0,0,0,0,4,0,0,0,0,0,0,0,0,0,0,0,0,0,2,0,0,0,0,0,0,0,0,0,0,0,1,0,0,0,0,0,0,0,0,1,2,0,0,0,0,0,2,0,0,0,0,0,0,0,0,0,1,0,0,1,0,0
178,2070,ESCOLA MUNICIPAL CEI PROFESSOR JÚLIO MOREIRA,RUA ALEXANDRE MARKOSKI   82,SÃO BRAZ,-25.418062,-49.342938,60,0,3253,2622,242,130,0,5,7,8,38,2,4,1,0,10,0,35,2,1,0,0,6,0,4,2,0,3,35,6,1,0,14,1,0,1,0,7,2,0,0,2,0,0,3,5,16,3,0,3,0,29,3,0,0,0,0,1,2,9,0,0,1,16,0,0,0,0,2,11,0,0,0,0,0,0,0,0,61,0,0,0,0,11,0,0,0,0,0,1,0,0,5,0,0,0,0,0,1,0,5,0,0,0,0,4,1,10,0,3,0,0,0,20,27,2,1,0,0,0,0,0,0,0,0,0,2,1,0,0,0,0,0,0,1,0,0,0,53,0,0,0,1,0,0,0,2,0,4,0,2,0,0,0,0,1,0,0,0,1,0,1,2,0,3,0,0,0,4,0,0,0,1,0,1,1,0,1,57,3,39,4,0,0,0,62,1,3,0,0,0,0,0,3,4,0,0,0,5,3,0,1,0,30,0,0,0,0,0,0,0,0,0,3,0,0,0,0,0,0,0,0,0,0,0,0,0,7,0,0,3,0,0,0,0,0,0,0,0,3,1,0,0,1,0,0,0,0,0,1,0,0,0,0,2,0,0,0,0,0,0,0,0,0,0,0,22,0,0,0,0,0,0,0,0,4,0,0,0,0,0,4,7,0,0,0,1,0,0,0,0,0,0,0,0,0,0,2,0,0,0,0,0,0,0,0,0,0,0,0,0,0,3,0,0,0,0,0,0,1,0,1,0,0,0,0,0,1,0,0,0,0,0,1,0,0,0,0,0,0,0,12,0,0,0,0,49,0,0,0,2,4,0,0,7,1,0,1,23,1,0,1,0,0,0,0,0,0,4,0,0,0,0,0,0,2,0,1,0,0,0,0,0,0,0,0,0,0,0,0,0,0,0,0,0,0,6,1,15,0,0,43,0,0,2,1,25,1,0,1,2,0,0,39,2,3,1,3,0,0,0,0,0,0,0,27,0,1,2,0,0,0,0,1,0,0,0,0,0,0,1,0,0,0,0,0,0,0,0,1,0,1,0,0,1,0,0,0,36,0,1,0,0,1,0,0,0,0,0,0,0,0,0,0,0,0,0,0,0,0,0,0,2,0,1,0,0,3,0,0,0,1,0,0,0,1,0,0,0,0,0,0,0,0,0,0,0,0,0,0,0,0,0,0,0,0,0,0,0,0,0,0,2,1,0,1,1,0,16,0,3,0,9,2,0,0,0,2,0,0,0,0,0,0,1,1,0,0,0,5,0,1,0,0,0,1,0,0,0,0,0,0,0,10,0,7,0,4,0,0,0,0,1,0,0,0,0,0,0,0,0,1,0,0,0,0,0,0,0,0,0,0,0,0,0,3,4,0,0,0,0,0,0,0,0,0,0,0,0,6,0,0,0,0,0,0,0,0,0,1,0,0,0,2,0,2,0,0,4,0,1,0,0,1,0,3,0,0,4,0,3,0,0,0,0,0,1,0,3,1,0,0,0,1,1,2,0,4,0,0,11,0,16,3,1,0,0,17,0,0,0,0,0,0,0,4,0,1,0,0,1,21,4,1,103,0,1,0,1,2,0,7,0,32,0,0,5,1,0,9,389,0,0,0,0,1,0,0,8,0,0,0,0,1,0,2,0,3,0,0,0,0,0,0,0,0,1,2,0,0,0,1,1,0,0,2,0,0,0,0,1,0,0,4,2,0,0,0,0,0,0,0,2,0,0,0,0,0,0,0,0,0,0,0,0,2,0,0,10,4,0,0,0,1,0,0,0,0,0,0,2,20,2,6,3,0,0,0,2,0,0,0,1,2,2,4,11,1,0,0,0,0,0,3,0,0,2,0,1,0,1,0,0,129,2,0,16,0,5,2,12,0,0,0,8,0,0,0,0,0,1,4,0,0,0,0,1,3,0,0,0,0,0,1,0,0,0,0,0,3,0,0,0,0,0,0,0,0,0,6,0,0,0,6,0,0,0,1,0,0,0,0,0,0,0,0,2,0,1,0,2,0,0,0,3,5,1,0,0,0,0,19,0,0,1,1,0,1,0,0,1,0,0,0,0,4,0
178,2089,COLÉGIO BOM JESUS - SEMINÁRIO (ANTIGO NOVO ATENEU),AVENIDA NOSSA SENHORA APARECIDA 1468,SEMINÁRIO,-25.4478345,-49.3121452,29,0,2223,1869,116,39,0,0,1,5,23,1,4,0,2,2,0,18,1,0,0,0,18,0,0,0,7,0,3,2,2,0,8,0,0,1,1,22,0,0,0,0,1,2,3,0,9,7,0,0,1,3,0,0,0,0,0,0,3,6,0,0,2,4,0,0,0,0,2,17,0,0,0,0,0,0,0,2,21,0,0,0,0,9,0,1,0,0,0,1,0,0,7,0,0,1,0,0,0,1,2,1,0,0,0,3,0,18,0,0,0,0,0,27,10,0,0,0,0,0,0,0,0,0,0,0,2,6,0,0,0,0,0,0,1,0,0,0,80,0,0,0,0,0,1,0,0,1,0,0,4,0,2,0,0,0,0,0,0,0,0,0,12,0,8,0,0,0,4,1,0,0,1,0,0,3,0,0,44,4,27,3,1,2,0,45,1,4,0,0,0,0,0,2,0,0,0,0,0,3,0,2,0,23,0,0,0,0,2,0,0,0,0,1,0,0,0,0,0,0,0,0,0,0,0,0,0,1,0,0,3,0,2,0,0,0,0,0,0,0,0,0,0,0,0,0,0,0,0,2,0,0,0,0,0,0,0,0,0,0,0,0,0,3,1,0,7,0,1,0,0,1,0,0,0,0,0,0,0,0,4,0,6,0,1,0,0,0,0,0,1,0,0,0,0,0,0,0,0,0,0,0,0,0,0,4,0,0,0,0,0,0,0,1,0,0,0,0,0,0,0,0,0,0,0,0,0,0,0,0,0,0,3,0,0,0,0,0,1,0,0,29,0,0,0,0,41,0,0,0,0,10,0,0,1,0,0,1,70,0,0,0,0,0,0,1,0,0,0,0,0,0,0,1,0,0,0,0,0,0,0,2,0,0,0,0,0,0,0,0,0,0,0,0,0,0,5,4,13,0,0,41,0,0,3,2,13,2,0,1,0,0,0,11,1,1,0,4,0,0,0,0,1,1,0,12,0,1,5,0,0,0,2,0,3,3,0,0,1,0,1,0,0,2,0,0,0,0,3,0,2,0,0,0,1,3,0,0,14,0,3,0,8,0,1,0,0,0,0,0,0,0,0,0,0,0,0,0,0,1,0,0,1,0,2,1,0,0,0,0,0,0,0,0,0,0,1,0,0,0,0,0,0,0,0,0,0,1,0,0,0,0,0,0,0,0,0,0,0,0,2,3,5,0,0,0,10,0,32,0,6,0,26,2,0,0,0,2,0,0,0,0,0,0,0,2,0,0,2,0,0,0,0,0,0,1,0,0,0,0,0,2,0,4,0,0,0,6,0,0,2,0,0,0,1,0,0,0,0,0,0,4,0,0,0,0,0,0,0,0,0,0,0,0,0,0,1,0,0,1,0,0,1,0,0,0,2,0,0,0,0,0,0,0,0,0,0,0,0,0,0,0,0,0,0,0,0,0,0,0,0,0,0,0,0,0,0,0,1,0,4,0,0,0,0,0,0,0,6,0,0,0,0,3,4,0,0,0,0,0,0,0,26,3,0,0,0,35,0,1,0,0,0,0,1,5,0,12,0,0,6,9,2,0,27,0,0,0,0,6,0,2,0,40,0,5,0,0,0,0,129,0,0,0,1,2,0,0,11,1,0,0,0,3,1,1,0,0,0,11,0,0,0,0,0,0,2,0,0,0,0,0,0,0,1,2,0,0,0,0,0,0,0,3,1,0,0,0,0,0,0,0,0,0,0,0,0,0,0,0,0,0,0,0,0,0,0,0,1,3,0,0,0,0,0,0,0,0,0,0,7,2,0,8,2,0,2,2,1,1,1,0,2,1,7,4,34,2,0,0,0,0,0,4,1,0,0,0,0,0,0,0,0,113,3,1,10,0,7,1,7,0,3,0,1,3,0,2,0,0,0,3,0,0,0,0,0,3,0,3,0,0,1,4,0,0,0,0,1,1,0,0,0,0,0,0,0,0,0,0,0,0,0,4,0,0,0,1,0,0,0,1,0,0,0,0,0,0,0,0,0,0,0,0,2,2,0,2,0,0,0,12,0,0,0,0,0,0,0,0,0,6,0,0,0,0,0
178,2097,PARÓQUIA SANTA ISABEL,"RUA ULISSES VIEIRA, 621",VILA IZABEL,-25.4610314,-49.2964064,27,0,2753,2296,100,95,0,1,5,9,35,0,4,0,2,5,0,24,1,0,0,0,21,0,1,0,0,1,6,4,4,0,9,0,0,1,0,21,0,0,1,0,0,3,3,0,4,4,0,0,0,16,2,0,0,0,0,0,1,11,0,0,1,0,1,1,1,3,0,18,0,0,0,0,0,1,0,1,33,1,0,0,0,12,1,0,0,0,0,0,0,0,20,0,0,0,1,0,1,0,5,0,0,1,0,8,0,15,0,1,0,2,0,9,11,0,0,0,0,0,0,0,0,1,0,0,1,1,0,0,1,0,0,0,2,2,1,2,121,0,0,0,0,0,0,0,0,3,5,0,1,0,0,0,0,0,0,0,0,0,0,0,9,0,2,0,0,0,8,1,0,0,1,0,1,0,0,0,56,6,51,5,0,1,0,42,2,1,0,0,0,0,0,1,1,0,1,0,1,0,0,0,0,36,0,0,0,0,0,0,0,0,0,3,0,0,4,2,0,0,0,0,0,0,1,0,0,1,0,0,0,0,0,0,1,0,0,0,0,0,1,0,0,0,0,0,0,0,0,3,0,0,0,0,0,0,0,1,0,1,0,0,3,2,0,0,10,0,0,1,0,1,0,0,0,0,0,1,0,3,2,0,12,0,0,1,0,0,0,0,1,1,0,0,0,1,0,2,0,0,0,1,0,0,0,0,0,0,0,0,0,0,0,0,0,0,0,0,1,0,0,1,0,0,0,0,0,0,0,0,0,4,2,2,0,0,0,0,0,0,0,40,1,0,0,0,41,0,0,0,0,7,0,0,0,1,0,0,60,1,0,0,0,0,0,2,0,2,0,0,1,0,0,0,0,0,0,0,0,0,0,0,0,0,0,0,0,0,0,0,0,0,0,1,0,0,2,3,23,0,0,65,1,0,2,4,7,6,0,6,3,2,0,29,0,0,0,1,1,1,0,0,0,2,2,14,0,3,3,0,1,0,0,0,4,0,0,0,2,1,0,0,0,0,0,0,0,0,0,2,3,0,0,0,0,7,0,0,23,0,0,0,7,1,0,0,0,0,1,0,0,1,0,2,0,2,0,0,0,0,0,0,2,0,0,0,0,0,1,0,0,0,0,1,0,0,3,0,0,0,1,0,0,0,0,0,1,0,1,0,0,0,0,0,0,0,0,3,0,0,2,1,0,1,0,1,10,3,34,1,9,0,22,1,0,0,0,0,0,0,0,0,0,0,0,0,0,0,1,0,0,0,0,0,0,0,0,0,0,0,2,0,0,3,0,2,0,6,1,0,2,0,0,0,0,0,0,0,0,0,0,2,0,0,0,0,0,0,2,0,0,1,0,0,0,0,0,0,0,0,0,0,0,0,0,0,3,0,0,0,0,0,0,0,0,0,0,0,0,0,0,0,0,0,0,0,0,0,3,0,0,0,0,0,0,0,0,0,0,0,3,0,0,0,0,0,2,0,1,0,0,0,0,3,1,2,0,2,0,0,0,0,30,4,0,0,1,17,0,1,0,0,0,0,1,4,0,7,0,1,6,11,4,0,48,0,0,0,2,9,0,3,2,50,0,0,0,0,1,8,153,1,1,0,1,0,0,0,21,0,0,0,0,0,0,0,0,1,0,3,0,0,1,0,0,0,2,3,1,1,0,0,0,0,1,1,2,0,4,0,0,0,1,5,3,0,0,0,0,0,0,0,0,0,0,0,0,0,0,0,0,0,2,0,0,0,0,2,1,1,0,0,0,0,1,0,0,0,0,0,7,8,0,9,1,0,0,1,2,1,4,0,1,7,10,4,13,1,0,0,0,0,0,3,0,0,3,0,0,0,0,1,0,193,3,2,10,0,16,1,3,1,2,1,3,1,0,0,0,0,0,0,0,0,1,0,0,6,0,2,0,0,1,3,0,0,0,0,0,4,0,0,0,0,4,0,0,1,2,1,0,0,0,3,0,0,0,0,0,0,0,0,0,0,0,1,1,0,0,0,3,0,0,0,3,0,0,0,0,0,0,5,0,0,0,0,0,0,0,0,0,6,0,0,0,1,0
178,2100,INSTITUTO PARANAENSE DOS CEGOS,AVENIDA VISCONDE DE GUARAPUAVA   4186,BATEL,-25.4417162,-49.2814206,10,0,1958,1563,54,40,0,1,0,7,9,1,0,0,0,4,1,18,1,2,0,0,16,0,0,0,1,1,5,0,1,0,6,0,2,0,0,11,0,0,0,1,2,2,5,0,2,1,0,2,0,5,1,1,0,0,0,0,5,15,0,0,2,0,0,0,0,1,1,23,0,0,0,0,0,1,0,2,13,0,0,0,0,17,0,0,0,0,0,0,0,1,16,0,1,0,0,0,0,0,5,0,0,0,0,7,0,12,0,0,3,0,0,17,6,1,0,0,0,0,0,0,1,0,0,0,9,2,0,0,0,0,0,0,1,0,0,3,77,0,0,0,0,0,0,0,0,1,3,0,1,0,0,0,0,0,0,0,0,0,0,0,14,0,1,0,0,0,4,0,0,0,0,1,0,1,0,0,31,1,16,3,0,0,0,31,0,3,0,0,0,0,0,0,2,0,0,0,0,0,0,0,0,12,0,0,0,0,0,0,0,0,1,1,0,0,0,0,0,0,0,0,0,0,0,0,0,3,0,0,1,0,0,0,1,0,0,0,0,0,0,0,0,0,0,0,0,0,0,2,0,0,0,0,0,0,0,0,0,6,0,0,1,0,0,0,11,0,0,1,0,0,0,0,1,0,0,4,0,0,5,1,11,0,0,0,0,0,0,0,0,2,0,0,0,0,0,0,0,0,0,0,0,1,0,0,0,0,0,0,0,0,2,0,0,1,0,0,0,0,0,0,0,0,0,0,0,0,0,1,0,0,0,0,0,0,0,0,0,0,0,26,0,0,0,0,12,0,0,1,0,6,0,0,0,0,0,0,53,0,0,2,0,0,0,0,0,0,0,0,1,0,0,3,0,0,0,0,0,0,0,0,0,0,0,0,0,0,0,0,0,0,0,0,0,0,4,2,25,0,0,75,0,0,2,1,13,3,0,5,3,0,0,10,6,0,0,1,0,3,0,1,1,2,0,4,0,4,3,0,0,0,0,0,0,0,0,0,0,0,1,0,0,0,0,0,0,0,2,0,1,0,1,0,2,0,0,0,15,0,0,0,5,0,0,0,0,0,0,0,0,0,0,0,0,0,0,0,0,1,0,0,2,0,0,0,0,0,0,0,0,0,0,0,0,0,3,0,0,0,0,0,0,0,0,0,0,0,0,0,0,0,0,0,0,0,0,0,0,0,5,2,1,1,0,3,0,0,23,1,3,0,37,6,0,0,0,5,0,0,0,0,0,0,0,0,0,0,1,0,0,0,0,0,0,0,0,0,0,0,0,0,0,0,0,4,0,1,1,0,1,0,0,0,0,0,0,0,0,0,0,7,0,0,0,0,0,0,0,0,0,0,0,0,0,0,0,0,0,0,0,0,0,0,0,0,0,0,0,0,0,0,0,0,0,0,0,0,0,0,0,0,0,0,0,0,0,0,0,0,0,0,1,0,0,0,0,0,2,0,2,0,0,0,0,0,0,0,3,0,0,0,0,0,1,0,0,0,0,0,0,0,39,5,0,0,0,15,0,1,0,0,0,0,1,0,1,6,0,0,4,3,7,0,12,0,0,0,0,2,0,3,0,24,0,0,2,1,0,6,118,0,0,0,0,0,0,0,12,0,0,0,0,0,0,0,0,0,0,7,0,0,0,0,0,0,4,2,0,0,0,0,2,0,0,1,0,0,0,0,0,0,0,1,1,0,0,1,2,0,0,0,0,0,0,0,0,0,0,0,0,0,0,0,0,0,0,1,0,0,0,0,0,0,0,0,0,0,0,0,0,2,0,10,2,0,4,1,1,0,2,0,1,3,14,3,27,4,1,0,0,0,0,7,0,0,2,0,3,0,0,0,2,97,4,0,9,0,3,0,4,0,0,0,0,2,0,0,0,0,0,4,0,0,0,0,0,3,0,0,0,0,0,1,0,0,0,0,0,8,0,1,0,0,0,0,1,0,0,1,0,0,0,1,0,0,0,0,0,0,0,0,0,0,0,0,0,0,0,0,0,0,0,0,0,5,0,0,0,0,0,2,0,0,0,0,0,0,0,0,0,1,0,0,0,0,0
178,2119,ESCOLA SANTA TERESINHA DO MENINO JESUS,AVENIDA SETE DE SETEMBRO   4926,BATEL,-25.4450264,-49.2868614,10,0,5293,4255,145,102,0,2,9,9,36,3,9,0,1,6,0,38,1,1,0,0,51,0,1,0,3,5,16,2,1,0,28,0,1,1,1,32,0,2,0,0,0,3,11,0,13,6,0,1,0,7,0,1,2,1,3,0,2,37,0,1,1,6,1,4,1,1,2,64,0,0,0,0,0,2,0,7,35,0,0,0,2,32,1,0,0,0,0,3,0,0,71,0,2,0,0,0,0,4,5,0,1,0,1,27,0,29,0,0,1,0,0,41,15,1,0,0,0,0,0,0,0,0,0,1,18,4,0,0,1,0,1,0,7,0,0,3,157,0,0,0,0,0,0,0,0,1,5,0,1,0,2,0,1,1,0,2,0,0,0,0,14,0,5,0,0,0,10,1,2,0,0,1,2,1,0,0,91,3,27,4,0,1,1,46,4,4,0,0,0,0,0,1,0,1,0,0,0,2,1,0,1,40,0,0,0,0,1,0,0,0,0,0,0,0,0,2,0,0,0,0,0,0,0,0,0,7,0,0,1,0,2,1,4,0,0,0,0,0,0,0,0,0,0,0,0,0,0,3,0,0,0,1,2,0,0,0,0,3,0,0,0,2,0,0,9,0,0,3,0,0,0,0,0,0,0,6,0,0,8,4,40,0,0,0,0,0,1,0,4,0,0,0,0,0,0,6,0,0,0,0,0,0,0,0,0,0,0,1,0,0,0,0,0,0,0,0,0,0,0,0,0,0,0,0,0,0,0,0,0,0,1,0,0,0,0,0,1,0,0,103,0,0,0,1,67,0,0,0,0,22,0,0,0,0,0,0,134,5,1,2,0,0,0,2,0,1,0,0,1,0,0,1,0,0,0,0,0,0,0,0,0,0,0,0,0,0,0,0,0,0,0,3,0,0,13,8,67,1,0,137,0,1,6,3,22,21,0,6,7,0,0,26,11,0,0,6,1,2,0,1,0,1,0,20,0,12,8,0,1,1,1,0,1,0,0,0,5,0,0,0,3,0,1,0,1,0,5,4,0,0,0,0,2,2,0,0,40,0,0,0,8,0,0,0,0,0,1,0,5,0,0,0,0,0,0,0,0,0,1,0,4,0,0,0,0,0,0,0,0,0,0,0,1,0,0,1,0,0,0,0,0,0,0,0,0,0,0,0,0,0,0,0,0,0,0,0,0,0,3,3,1,1,1,9,14,0,82,3,9,3,81,6,0,0,0,7,0,0,0,0,0,1,0,2,0,0,0,0,0,0,0,0,1,1,0,0,0,0,0,0,0,1,0,6,0,5,0,0,3,0,3,0,0,0,0,0,4,0,0,8,0,0,0,0,0,0,0,1,0,0,0,0,0,0,0,0,0,1,0,0,1,0,0,0,0,0,0,0,0,0,1,0,0,0,0,0,0,0,0,0,0,0,5,0,0,0,1,0,0,0,0,4,0,0,0,0,0,0,2,0,0,0,0,0,0,0,6,0,0,0,0,9,2,6,0,0,0,0,0,0,81,16,0,0,0,66,0,0,0,0,0,0,3,4,0,14,0,1,23,15,11,1,53,0,3,1,1,18,0,13,2,77,0,0,4,4,0,11,417,6,0,1,0,7,0,0,14,0,0,0,0,0,0,0,1,0,0,25,0,0,0,0,0,0,2,9,0,1,0,0,2,1,1,1,0,2,0,0,0,0,0,1,1,0,0,0,0,0,1,0,0,0,0,0,0,0,0,0,0,1,0,0,0,0,0,2,2,1,0,0,0,0,0,0,0,0,0,1,4,8,2,10,2,0,4,4,4,0,11,0,6,1,37,2,101,8,3,1,1,0,0,13,0,1,2,0,4,0,2,0,5,309,3,4,29,1,11,1,31,0,3,0,6,1,0,0,0,0,0,4,0,0,0,0,1,3,0,0,0,0,0,0,0,0,0,0,0,13,0,0,0,0,0,0,0,0,0,2,0,0,1,6,0,0,1,0,0,0,3,0,0,0,0,2,0,0,0,2,0,3,0,0,1,6,0,0,0,0,0,3,0,0,0,0,0,0,0,0,0,2,0,0,0,1,1
178,2127,COLÉGIO POSITIVO,RUA ALFERES ANGELO SAMPAIO     2300,BIGORRILHO,-25.4346412,-49.2887324,11,0,5696,4590,159,119,0,3,3,7,37,0,3,0,3,5,3,49,1,1,0,0,74,0,0,1,1,6,16,4,4,0,27,1,0,1,2,26,1,0,0,0,1,4,11,2,17,11,0,1,4,18,1,1,0,0,2,2,5,21,1,1,5,4,0,1,3,0,2,75,0,0,0,0,0,0,0,1,41,1,0,1,0,22,0,0,0,2,0,2,1,3,52,3,0,0,0,0,0,1,6,0,0,1,4,16,0,45,0,0,1,3,0,35,28,2,0,0,0,0,0,0,0,0,0,1,11,4,1,0,0,0,1,0,7,3,0,1,234,0,0,0,3,0,1,0,1,1,8,0,4,0,1,0,1,1,0,1,0,0,0,0,29,0,3,0,0,0,6,0,1,1,0,1,2,1,0,0,104,12,57,10,2,1,1,69,3,7,0,0,2,1,1,0,0,1,3,2,0,3,3,1,2,50,0,0,0,0,0,0,0,0,1,0,0,0,1,2,0,0,0,0,0,0,0,0,0,2,0,0,4,0,1,0,2,0,0,0,1,0,0,0,0,0,0,0,0,0,0,3,0,0,0,1,0,0,0,1,0,5,0,0,0,2,0,0,10,0,0,1,0,0,0,0,2,0,0,7,0,0,2,5,18,0,0,0,0,0,1,0,3,0,0,0,0,0,1,5,0,0,0,0,0,0,0,0,0,0,0,0,0,1,0,1,0,0,0,0,0,0,0,0,0,0,0,1,2,0,0,1,0,1,7,0,0,0,0,1,0,0,0,73,0,1,0,0,84,0,0,0,0,12,0,0,0,0,1,0,146,2,0,1,1,0,0,1,0,0,0,0,6,0,0,1,0,0,0,0,0,1,0,0,0,0,0,0,0,0,1,0,0,0,0,0,0,1,15,6,57,0,1,161,0,0,8,5,37,25,0,15,1,0,1,33,4,2,0,4,0,0,0,1,0,2,1,16,0,4,2,0,2,0,1,0,1,0,0,1,2,0,1,0,0,0,1,1,0,0,10,3,2,1,0,0,4,3,0,0,35,0,2,0,5,1,0,0,0,0,2,0,0,0,0,0,0,0,0,0,0,3,0,0,0,0,1,0,0,0,0,0,0,0,0,0,0,1,3,0,0,0,0,0,0,0,0,0,0,0,0,0,0,0,0,0,0,0,0,0,0,1,6,5,4,4,0,8,13,4,96,0,11,2,101,13,8,0,0,14,0,0,0,0,0,2,0,0,0,0,0,0,0,0,0,0,0,0,2,0,0,0,0,0,0,9,0,5,0,6,0,0,6,0,0,0,0,0,0,0,0,0,0,8,0,0,0,0,0,0,0,0,0,0,0,0,0,1,2,0,0,1,0,0,1,0,0,0,1,0,0,1,0,0,0,0,0,0,0,0,0,0,0,0,0,2,2,0,0,0,1,0,0,0,3,0,0,4,0,0,4,1,3,0,0,0,0,0,0,1,3,0,0,0,0,7,0,2,0,0,0,0,0,0,117,13,0,2,0,107,0,2,1,0,0,0,7,4,1,15,0,0,15,15,9,0,46,0,2,1,1,13,0,10,0,72,0,1,2,1,0,5,299,2,6,0,1,3,0,0,24,1,0,0,0,1,0,0,1,1,0,18,0,0,0,1,0,0,0,6,1,1,1,0,4,0,0,3,1,0,0,0,0,0,2,5,1,1,0,0,1,0,0,0,1,1,0,0,0,0,0,0,0,0,2,0,0,0,0,4,0,0,0,0,0,1,0,0,0,0,0,0,8,7,5,19,1,0,0,3,2,1,4,0,12,0,37,9,87,12,0,2,1,0,0,19,0,0,5,0,8,0,2,0,4,330,5,11,19,0,22,1,13,1,5,0,6,3,0,8,0,0,0,26,0,0,0,2,0,1,0,1,0,0,0,4,0,0,0,0,0,13,0,0,0,0,0,0,0,0,0,3,0,0,0,3,0,0,0,0,0,0,1,0,0,2,0,0,0,0,0,2,0,0,0,0,2,6,0,0,2,0,0,9,0,0,0,0,0,0,0,0,0,6,0,0,0,10,1
178,2135,ESCOLA MUNICIPAL WALTER HOERNER,"RUA DOMINGOS IMBRONIZIO, 129",MOSSUNGUE,-25.4350332,-49.3248542,45,0,2559,2111,112,67,0,2,3,3,32,3,7,0,3,7,0,24,1,1,0,1,40,0,2,0,2,2,7,0,0,0,13,0,0,0,0,11,1,0,3,0,0,2,3,0,9,11,0,0,4,16,0,0,1,0,0,0,1,8,0,0,0,3,0,3,5,0,2,10,0,0,0,2,0,0,0,0,32,0,0,0,1,9,0,0,0,0,0,1,0,0,20,0,0,0,0,0,0,0,5,1,1,0,0,4,0,28,0,0,0,0,0,13,16,0,0,0,0,0,0,0,0,0,0,0,6,3,0,1,0,0,0,0,1,3,0,0,66,0,0,0,0,2,0,0,0,3,1,0,1,1,1,0,0,0,1,0,0,0,0,3,10,0,4,0,0,0,3,0,0,0,0,0,3,0,0,1,46,2,15,9,0,0,0,38,4,4,0,1,0,0,0,0,0,0,0,0,1,0,0,1,0,13,0,3,0,0,0,0,0,1,0,0,0,0,0,0,0,0,0,0,0,0,0,0,0,5,0,0,1,0,0,0,0,0,0,0,0,0,0,0,1,0,0,0,0,1,0,5,0,0,0,0,2,0,0,0,0,1,0,0,0,2,0,0,10,0,0,1,0,0,0,0,0,1,0,1,0,0,1,1,5,0,0,0,0,0,0,0,1,0,0,0,0,0,0,1,0,0,0,0,0,0,0,5,0,0,0,0,0,0,0,0,0,0,0,0,0,0,0,0,0,0,0,0,0,0,0,0,0,1,1,0,0,0,0,0,0,0,0,27,0,0,1,0,47,0,0,0,0,13,0,0,1,0,0,0,77,1,0,0,0,0,0,1,0,0,0,0,0,0,0,0,0,0,0,0,0,0,0,0,0,0,0,0,0,0,0,0,0,0,0,0,0,0,9,4,27,0,0,70,0,0,3,1,13,10,0,2,2,0,0,13,2,0,0,3,0,0,0,1,0,0,0,8,0,0,3,1,0,0,0,0,2,0,3,0,1,0,1,0,0,0,0,0,0,0,4,0,2,0,0,0,3,5,0,0,18,0,0,0,10,0,0,0,0,0,0,0,0,0,0,0,0,1,0,0,0,0,0,0,1,0,2,0,0,0,0,0,0,0,0,0,0,0,2,0,0,0,0,0,0,0,0,0,0,0,0,0,0,0,0,0,0,0,0,0,0,0,3,2,1,1,2,1,7,1,31,2,7,0,43,0,0,0,0,1,0,0,0,0,0,0,0,0,0,0,1,1,0,0,0,0,0,0,0,0,0,0,0,0,0,6,0,1,0,7,0,0,1,0,4,0,0,0,0,0,2,0,0,4,0,0,0,0,0,0,0,0,0,0,0,0,0,0,0,0,0,0,0,0,0,0,0,0,0,0,0,0,0,0,0,0,0,0,0,0,0,1,0,0,0,0,0,0,0,0,0,0,0,0,0,1,0,1,0,0,3,0,0,0,0,0,0,0,0,0,2,0,0,0,0,1,0,1,0,0,0,0,0,0,30,4,0,0,0,34,0,0,0,0,0,0,1,5,0,4,0,0,16,7,1,0,35,0,1,0,2,3,0,3,1,39,0,0,0,0,0,4,119,2,0,0,0,8,0,0,16,0,0,0,0,0,0,0,1,1,0,4,0,0,0,0,0,0,2,2,0,1,0,0,1,0,1,2,0,0,0,0,0,0,0,4,0,0,0,0,0,0,0,0,0,0,0,0,0,0,0,0,0,0,0,0,0,0,0,0,0,2,0,0,0,0,2,0,0,1,0,0,6,1,3,12,3,0,1,0,1,0,3,0,5,2,12,5,44,11,0,0,0,0,0,7,0,1,6,0,1,0,1,0,3,128,2,0,7,0,2,1,8,0,3,3,1,6,0,13,0,0,0,8,0,0,0,0,0,3,0,2,0,0,0,2,0,0,0,0,0,6,0,1,0,0,0,0,0,0,2,3,0,0,0,5,2,0,0,1,0,0,0,1,0,0,0,2,2,0,0,0,3,0,0,0,2,1,0,0,0,0,0,7,0,0,0,0,0,0,0,0,0,1,5,0,0,0,0
178,2143,ESCOLA MUNICIPAL ESPECIALIZADA ALI BARK,RUA VICENTE PONTAROLLA 91,SEMINÁRIO,-25.4443577,-49.3125291,29,0,1394,1176,74,48,0,1,1,8,20,0,1,0,0,4,0,13,0,0,0,0,13,0,0,0,1,2,6,1,0,0,5,0,0,0,0,3,0,0,0,0,0,0,1,0,1,3,0,1,0,2,3,0,0,0,0,0,2,3,0,0,0,1,0,0,0,0,0,13,0,0,0,0,0,0,0,0,12,0,0,0,0,1,0,0,0,0,0,2,0,0,5,0,0,0,0,0,1,0,2,0,0,0,0,3,0,8,0,0,0,0,0,5,5,0,0,0,0,0,0,0,0,0,0,0,2,3,0,0,0,0,0,0,0,1,0,2,55,0,0,0,0,0,0,0,0,1,1,0,8,0,0,0,0,0,0,0,0,0,0,1,8,0,2,1,0,0,0,0,0,0,1,0,0,0,0,0,34,1,18,2,0,0,0,26,1,0,0,0,0,1,0,0,0,0,0,0,1,0,0,0,1,15,0,0,0,0,0,0,0,0,0,0,0,0,0,0,0,0,0,0,0,0,0,0,0,0,0,0,0,0,0,0,0,0,0,0,0,1,0,0,0,0,0,1,0,0,0,2,0,0,0,0,0,0,0,0,0,0,0,0,0,2,0,0,2,0,0,0,0,7,0,0,0,0,0,0,0,0,0,0,3,0,0,0,0,0,0,0,2,0,0,0,0,0,0,1,0,0,0,0,0,0,0,0,0,0,1,0,1,0,0,0,0,0,0,0,0,0,0,0,0,0,0,0,0,0,0,0,0,0,1,0,0,0,0,0,0,0,0,4,0,0,0,0,25,0,0,0,0,9,0,0,0,0,0,0,29,0,0,0,0,0,0,0,0,1,0,0,0,0,0,0,0,0,0,0,0,0,0,0,0,0,0,0,0,0,0,0,0,0,0,0,0,0,0,3,14,0,0,27,0,1,1,1,14,2,0,11,0,0,0,11,4,0,0,1,0,0,0,0,0,0,0,5,0,1,1,0,0,3,0,0,1,0,0,0,0,0,1,0,0,0,0,0,0,0,3,0,0,0,0,0,0,0,0,0,9,0,1,0,2,0,0,0,0,0,0,0,0,0,0,0,0,0,0,0,0,0,0,0,0,0,2,0,0,0,0,0,0,0,0,0,0,0,1,0,0,1,0,0,0,0,0,0,0,0,0,0,0,0,0,0,0,0,0,0,0,0,3,1,0,2,0,1,1,1,18,0,5,0,12,2,0,0,0,0,0,0,0,0,0,0,0,0,0,0,1,0,1,0,0,0,0,0,0,0,0,0,0,0,0,1,0,0,0,0,0,0,0,0,0,0,0,0,0,0,2,0,0,1,0,0,0,0,0,0,0,0,0,0,0,0,0,0,0,0,0,0,0,0,2,0,0,0,0,0,0,0,0,0,0,0,0,0,0,0,0,2,0,0,0,0,0,0,0,0,0,0,0,0,0,2,0,1,0,0,1,0,0,0,0,0,0,0,0,0,2,0,0,0,0,2,0,3,0,0,0,0,0,0,12,3,0,1,0,16,0,0,0,0,0,0,0,1,0,0,0,0,1,0,1,0,31,0,1,0,2,2,0,8,0,22,0,0,0,0,0,5,96,0,0,0,0,1,0,0,7,0,0,0,0,0,0,0,0,0,0,0,0,0,0,0,0,0,1,1,0,0,1,0,1,0,0,2,1,0,0,0,1,0,0,1,2,0,0,0,0,0,0,0,0,0,0,0,0,0,0,0,0,0,1,0,0,0,0,0,0,0,0,0,0,0,0,0,0,0,0,0,2,0,0,4,1,0,2,0,5,0,1,0,0,2,8,1,20,0,0,0,0,1,0,4,0,0,3,1,0,0,0,0,1,87,1,6,5,1,5,0,3,0,3,0,0,6,0,4,0,0,0,10,0,0,1,0,0,0,0,0,0,0,0,0,0,0,0,0,0,2,0,0,0,0,0,0,0,0,0,1,0,0,0,2,0,0,0,0,0,0,2,0,0,0,0,0,0,0,0,2,0,0,0,0,2,1,2,0,0,0,0,7,0,0,0,0,0,0,0,0,0,2,0,0,0,2,0
178,2160,ESCOLA MUNICIPAL MONSENHOR BOLESLAU FALARZ,"RUA LUIZ HOMANN, 290",SÃO BRAZ,-25.42125396,-49.35579303,60,0,1708,1392,106,88,0,1,4,4,10,2,4,0,0,6,0,11,0,1,0,0,7,1,1,1,0,3,13,0,0,0,11,0,1,1,0,8,1,0,0,0,0,0,2,0,11,1,0,1,0,10,0,0,0,0,0,1,0,4,0,0,0,7,0,0,0,0,0,4,0,0,0,0,0,0,0,0,25,0,0,0,0,18,0,0,0,0,0,1,0,0,2,0,0,0,0,0,0,1,2,0,1,0,0,7,0,12,0,0,0,0,0,15,20,0,0,0,1,0,1,0,0,0,0,0,1,3,4,1,0,0,0,0,1,0,0,2,35,0,0,0,0,0,0,0,0,0,5,0,1,0,0,0,0,0,0,0,0,3,0,5,1,0,1,0,0,0,0,0,0,0,0,0,1,0,0,0,26,1,22,1,0,0,0,19,1,2,0,0,2,0,0,1,3,0,0,0,0,1,0,0,1,29,0,1,0,0,0,0,0,0,0,0,0,0,0,0,0,0,0,0,0,0,0,0,0,9,0,0,3,0,0,0,0,0,0,0,0,0,0,0,0,0,0,0,0,2,0,0,0,0,0,0,0,0,0,0,0,0,0,0,0,1,0,0,9,0,0,0,0,0,0,0,0,0,0,2,0,0,0,0,3,0,0,0,0,0,0,0,2,0,0,0,0,0,0,2,0,0,0,0,0,0,0,0,0,0,0,0,0,0,0,0,0,0,0,0,0,0,0,0,0,0,0,0,0,0,0,0,0,2,0,0,0,0,0,0,0,0,0,18,0,0,0,0,43,0,0,0,0,2,0,0,1,0,0,2,22,1,0,0,0,0,0,0,0,0,9,0,2,0,0,0,0,0,0,0,0,0,0,0,0,0,0,0,0,0,0,0,0,0,0,0,0,0,0,1,3,0,0,28,0,0,2,1,4,1,0,0,2,0,0,26,6,0,1,7,0,0,0,0,0,2,0,24,0,3,0,0,0,0,0,1,0,0,0,0,0,0,1,0,1,0,0,0,0,0,2,0,0,0,0,0,0,0,0,0,9,1,0,0,1,0,0,0,0,0,0,0,0,1,0,0,0,0,0,0,0,0,0,0,0,0,0,0,0,0,0,0,0,0,0,0,0,0,3,0,0,0,0,0,0,0,0,0,0,0,0,0,0,0,0,0,0,0,0,0,0,0,0,0,0,0,0,0,2,0,8,0,0,0,7,1,0,0,0,0,0,0,0,0,0,0,0,1,0,0,0,0,0,0,0,0,1,0,0,0,0,0,0,0,1,14,0,1,0,1,0,0,0,0,1,0,0,0,0,0,0,0,0,1,0,0,0,0,0,0,0,0,0,0,0,0,0,1,1,0,0,2,0,0,0,1,0,0,0,0,0,2,0,0,0,0,0,0,0,0,0,0,0,0,0,0,0,0,0,0,0,0,0,0,0,0,0,0,0,0,4,0,0,1,0,0,0,0,0,0,0,0,0,0,0,2,0,1,0,2,0,0,36,0,8,2,0,0,0,13,0,0,0,0,0,0,0,2,0,1,0,0,1,1,1,0,37,0,2,0,0,1,0,3,0,15,0,0,0,0,0,8,144,0,0,0,0,0,0,0,14,0,0,0,0,0,0,1,2,0,0,0,0,0,0,0,0,0,0,0,0,0,0,0,0,0,0,0,0,0,0,0,0,0,0,0,0,0,1,0,0,0,0,0,0,0,0,0,0,0,0,0,0,0,0,0,0,0,0,0,0,0,0,0,0,0,0,0,0,0,0,0,4,4,0,6,0,0,0,0,0,0,0,0,0,3,8,2,7,0,1,0,0,2,0,3,0,0,0,0,2,0,1,0,0,83,3,0,1,0,1,0,2,0,0,1,3,1,0,0,0,0,0,2,0,0,0,1,0,1,0,1,0,0,0,0,0,0,0,0,0,3,0,0,0,1,0,0,0,0,1,1,0,0,0,2,0,0,0,2,0,0,1,0,0,1,0,1,0,0,0,0,0,0,0,1,2,1,0,0,0,0,0,10,0,0,0,0,0,0,0,0,0,1,0,0,0,0,0
178,2178,COLÉGIO ESTADUAL DOMINGOS ZANLORENZI,"RUA PADRE PAULO WARKOCZ,670",CIDADE INDUSTRIAL,-25.44094308,-49.35504692,75,0,1746,1403,140,75,0,2,2,3,23,0,2,0,0,3,0,25,0,0,1,0,3,0,0,1,0,1,8,1,0,0,7,0,1,2,0,5,0,0,0,0,0,0,0,0,5,3,0,1,0,27,1,0,1,0,1,1,0,0,0,0,1,15,0,4,0,1,1,6,0,0,0,40,0,0,0,0,32,0,0,0,0,3,1,0,0,0,0,0,0,0,3,0,0,0,0,0,0,0,5,2,0,1,1,5,0,3,0,0,0,3,1,53,16,0,0,0,0,0,0,0,0,1,0,0,1,3,0,0,0,0,1,0,2,1,1,0,25,0,0,0,0,0,0,0,0,1,4,0,1,0,0,2,0,0,0,1,0,0,0,2,1,0,2,0,0,0,5,0,1,0,0,2,3,1,0,1,29,0,28,2,0,1,0,29,1,3,0,0,0,0,1,2,4,1,0,0,0,0,1,0,1,11,0,0,0,0,0,0,0,0,0,2,0,0,0,0,0,0,0,0,0,0,0,0,0,1,0,0,1,0,0,0,1,0,0,0,1,1,0,0,0,0,0,0,0,0,0,0,0,0,1,0,0,0,0,0,0,0,0,0,0,0,0,0,26,0,0,0,0,0,0,0,0,1,0,0,0,1,1,0,2,0,0,0,0,0,0,0,1,0,0,0,0,0,0,0,0,0,0,1,0,0,0,0,0,0,0,0,0,0,0,0,0,0,0,0,0,0,0,2,0,0,0,0,0,0,1,0,0,0,0,0,0,0,0,0,0,0,1,4,0,0,0,0,27,1,0,0,0,2,0,0,6,2,0,1,8,0,0,1,0,0,0,0,1,0,2,0,0,0,0,0,0,0,0,0,0,0,0,0,0,0,0,0,0,0,0,0,0,0,0,0,0,0,0,1,4,0,0,12,0,0,0,0,11,3,0,0,1,0,0,41,1,0,0,0,0,0,0,0,0,3,0,16,0,7,1,0,0,1,0,0,0,0,2,0,0,0,0,0,0,2,0,0,0,0,1,0,0,0,0,0,0,0,0,0,8,0,0,0,2,0,0,0,0,0,0,0,0,0,0,0,0,0,0,0,0,0,0,0,0,0,4,0,0,0,1,0,0,0,0,0,0,0,1,0,0,0,0,0,0,0,0,0,0,1,0,0,0,0,0,0,0,0,0,0,0,0,0,0,0,0,0,0,0,1,14,0,0,0,7,0,0,0,0,0,0,0,0,0,0,0,1,0,0,0,1,0,0,0,0,0,0,0,0,0,0,0,0,0,0,7,0,2,0,1,0,2,2,0,0,0,0,0,0,0,0,0,0,0,0,0,0,0,0,0,0,0,0,0,0,0,0,1,2,0,0,0,0,0,0,0,3,0,0,0,0,0,0,0,0,0,0,0,0,0,0,0,1,0,0,0,0,0,0,0,1,0,0,0,0,1,0,0,0,0,1,0,1,0,0,0,0,0,0,0,2,0,0,0,0,0,0,1,0,1,0,0,1,0,3,6,0,0,0,3,0,0,0,0,0,0,0,0,0,7,0,0,4,1,4,0,36,0,3,0,0,1,0,2,0,29,0,0,1,0,0,4,101,3,1,0,0,0,0,0,3,0,0,0,0,0,0,0,0,0,0,3,0,0,0,0,0,0,0,0,0,0,0,0,2,0,0,0,0,0,0,0,0,0,0,2,0,0,0,0,0,0,0,0,0,0,0,0,0,0,0,0,0,4,2,0,0,2,0,0,0,2,0,0,0,0,0,0,0,0,0,0,1,1,2,1,1,0,0,0,3,0,0,0,0,4,2,1,12,0,0,0,0,1,0,0,0,0,2,1,0,0,0,0,0,49,4,1,10,0,1,2,3,0,0,2,1,1,0,1,0,1,0,2,0,0,0,0,16,2,0,5,0,0,0,0,0,0,0,0,0,1,0,0,0,0,0,0,0,0,0,4,0,0,0,3,0,0,0,13,1,2,0,1,0,0,0,0,1,0,1,0,0,0,0,0,2,1,0,0,1,0,0,11,0,0,0,0,0,0,0,0,1,2,0,0,0,0,0
178,2186,ESCOLA MUNICIPAL PRESIDENTE PEDROSA,"RUA BORORÓS, 1279",PORTÃO,-25.4657885,-49.294924,27,0,2772,2289,95,69,0,2,6,8,33,1,1,0,2,8,0,18,0,0,1,0,29,0,0,0,3,4,4,2,3,0,16,0,0,3,0,24,0,0,1,0,0,5,6,0,12,0,0,2,0,16,1,0,0,0,1,0,2,6,0,1,2,2,0,0,2,0,2,28,0,0,0,0,0,1,1,1,31,1,0,1,0,7,1,0,0,0,0,1,0,1,15,0,0,0,0,0,1,2,3,0,0,0,0,13,0,15,0,1,0,0,0,15,9,2,0,0,1,0,1,0,0,1,1,0,7,4,0,0,0,0,4,0,3,0,0,2,100,1,0,0,0,0,0,0,0,1,3,1,1,0,4,0,0,1,0,0,0,0,0,0,5,0,1,0,0,0,14,0,0,0,4,3,0,1,0,0,63,1,45,3,2,1,0,40,4,5,0,0,1,0,2,1,0,1,0,0,0,2,0,0,5,40,0,0,0,0,3,0,0,0,0,0,0,0,0,1,1,0,0,0,0,0,1,0,0,3,0,0,2,0,0,0,2,0,0,0,1,0,0,0,0,0,0,0,0,0,0,3,0,0,0,0,3,0,0,0,0,0,0,0,0,3,0,0,5,0,0,0,0,0,0,0,0,2,0,2,0,0,4,2,7,0,0,0,0,0,0,0,5,2,0,0,0,0,0,2,0,0,0,0,0,0,0,1,0,1,0,0,1,0,0,0,0,0,0,0,0,1,0,1,0,0,0,0,0,0,0,0,0,0,2,0,1,0,0,0,1,0,0,47,0,0,0,0,58,0,0,0,1,4,0,0,4,0,0,0,71,0,0,0,0,0,0,0,0,0,0,0,0,0,0,0,0,0,0,0,0,0,1,0,0,0,0,0,1,0,1,0,0,0,0,1,0,0,5,0,14,0,0,72,0,0,5,2,7,1,0,10,5,0,0,16,5,0,0,5,0,0,0,0,0,0,0,10,0,5,4,0,0,1,0,0,0,0,0,0,2,0,0,0,0,0,0,0,0,0,1,0,1,0,0,0,2,5,0,0,29,0,1,0,5,0,1,0,0,0,0,1,0,0,0,0,0,0,0,0,0,1,0,0,2,0,0,0,0,0,0,0,2,0,0,0,0,0,3,0,0,0,0,0,0,0,0,0,0,0,0,0,0,0,0,0,0,0,0,1,0,0,1,1,0,2,1,3,6,0,32,2,7,1,25,3,1,0,2,3,0,0,0,0,0,0,0,1,0,0,8,0,0,0,0,0,0,2,4,1,0,0,0,0,0,3,1,3,0,6,0,0,4,0,0,0,0,0,0,0,1,0,0,3,0,0,0,0,0,0,0,0,0,0,0,0,0,0,0,0,0,0,0,0,0,0,0,0,3,0,0,0,0,0,0,0,0,0,0,0,0,0,0,0,0,0,3,0,0,0,4,0,1,0,0,1,0,0,0,0,1,0,0,0,0,0,0,1,1,0,3,0,0,0,0,1,1,6,0,0,0,0,0,0,33,7,0,0,0,24,0,1,0,0,0,0,0,5,0,9,1,2,2,5,0,1,47,1,1,0,1,3,0,7,1,37,0,0,0,0,0,4,132,1,0,0,0,3,0,0,15,0,0,0,0,0,0,0,0,0,0,2,0,0,0,0,0,0,2,1,0,1,0,0,1,0,0,0,3,3,0,0,0,0,2,5,0,0,0,1,0,0,1,0,0,1,0,0,0,0,0,0,0,1,1,0,0,1,0,2,0,1,0,0,0,0,0,0,0,0,0,0,5,8,3,7,1,0,0,2,3,1,4,0,4,2,13,0,27,2,3,0,1,0,0,5,0,0,2,0,1,0,2,0,3,180,0,4,6,0,4,6,4,1,5,1,2,1,0,1,0,0,0,0,0,0,0,0,0,2,0,0,0,0,0,1,0,0,0,0,1,6,0,2,0,0,2,0,0,0,0,6,0,0,0,3,0,0,0,0,0,0,1,0,0,0,0,0,2,0,0,0,2,0,0,0,2,4,0,0,0,0,0,8,0,0,0,0,0,0,0,0,0,5,0,0,0,4,0
178,2194,ESCOLA ESTADUAL SANTO ANTÔNIO,"RUA AMADEU PIOTTO, 37",CIDADE INDUSTRIAL,-25.43375941,-49.35485794,75,0,3950,3230,286,175,0,8,9,13,52,1,4,0,1,23,0,36,1,3,1,0,4,1,1,0,5,8,31,5,1,0,27,1,1,2,0,15,3,0,0,0,0,0,7,0,11,0,0,2,0,45,5,0,1,3,1,6,1,3,0,0,4,22,0,9,0,0,1,6,1,0,3,23,0,1,0,3,111,0,0,0,0,22,0,0,0,0,1,1,1,0,7,0,0,0,0,0,0,1,4,0,0,0,0,9,0,8,0,1,0,0,0,125,33,0,1,0,0,0,0,0,0,0,0,1,0,5,0,1,0,0,0,0,3,0,1,1,75,1,0,0,0,0,0,1,1,0,5,0,4,0,0,0,0,2,0,0,0,0,0,1,2,0,11,0,0,0,14,0,2,1,3,1,4,3,0,0,62,4,49,2,2,0,0,61,2,1,0,0,0,0,0,6,18,0,1,0,0,1,0,3,1,29,0,0,0,1,0,0,0,1,0,1,1,0,0,0,0,0,0,0,0,0,0,0,0,3,0,0,1,0,0,0,0,4,0,0,0,0,0,0,0,0,0,0,0,0,0,0,0,0,1,0,2,0,0,0,0,0,0,0,0,0,0,0,42,0,0,0,0,2,0,0,0,0,0,2,1,0,0,0,8,0,0,0,0,0,0,0,0,2,0,0,0,0,0,1,0,0,0,0,0,0,0,3,0,0,0,0,3,0,1,0,0,1,0,0,0,0,0,1,0,0,0,0,1,0,0,0,0,2,2,0,0,0,0,0,1,0,0,12,0,0,0,0,39,2,0,0,1,5,0,0,13,0,0,0,22,1,0,0,0,0,0,0,0,0,0,0,2,0,0,0,1,0,0,0,0,0,0,0,0,0,0,0,0,0,0,0,0,0,0,0,0,0,2,2,10,0,0,33,1,1,2,1,25,6,0,1,2,0,0,77,0,1,0,7,0,1,0,0,0,1,2,39,0,7,3,0,0,0,0,2,0,0,0,0,0,0,1,0,0,1,0,0,0,0,2,0,0,0,0,0,0,0,0,0,30,0,0,0,7,0,0,0,0,0,0,0,0,0,0,0,0,0,0,0,0,1,0,0,0,0,8,0,0,0,0,0,0,1,0,0,2,0,3,1,0,0,0,0,0,0,0,0,0,0,0,0,0,0,0,0,0,0,0,0,0,0,0,0,0,1,0,1,1,0,26,0,4,0,10,1,0,0,0,1,0,0,0,0,0,0,0,0,0,0,0,2,0,0,0,0,1,0,0,0,0,0,0,0,0,12,0,4,0,3,0,2,0,0,1,0,0,0,0,0,0,0,0,1,0,0,0,0,0,1,0,0,0,0,0,0,0,1,7,0,0,0,0,0,0,0,2,0,0,0,0,2,0,0,0,0,0,0,0,0,0,2,1,0,0,0,0,0,0,0,0,0,1,0,0,0,0,0,0,0,1,0,5,0,0,0,0,0,4,2,1,0,0,0,0,0,2,3,0,3,0,2,5,0,15,11,0,0,0,11,0,0,0,0,2,0,2,2,0,4,0,0,1,4,4,0,123,0,1,0,0,0,1,6,0,42,1,1,1,1,0,7,301,1,3,0,0,0,0,0,9,0,0,0,0,0,0,1,3,1,1,1,0,0,0,0,0,0,1,2,0,0,0,1,5,0,0,0,1,0,0,0,2,0,1,0,0,0,0,0,0,0,0,0,0,0,0,0,0,3,0,0,0,20,1,0,0,0,0,1,0,4,0,0,0,2,0,0,0,0,0,0,4,4,3,6,0,0,0,0,5,0,0,0,0,2,4,4,29,2,1,2,0,0,0,3,0,2,4,0,0,0,0,0,0,133,4,4,58,0,3,0,10,0,2,0,3,4,1,0,0,0,0,3,0,0,0,0,24,3,0,6,0,0,2,0,0,0,0,0,1,5,0,0,0,0,4,0,0,0,0,3,0,0,0,6,0,0,0,41,0,3,0,2,0,0,2,0,1,0,1,0,0,0,0,0,8,11,0,0,0,0,0,25,0,0,0,0,0,0,0,0,2,2,0,0,0,2,0
178,2208,ESCOLA MUNICIPAL CEI PADRE FRANCISCO MESZNER,RUA JOSE TISSI 114 - CONJUNTO CAMPONESA,CIDADE INDUSTRIAL,-25.43611978,-49.35060692,75,0,2121,1817,148,92,0,6,3,6,27,0,1,0,0,1,0,17,1,0,0,1,20,0,0,0,2,3,12,1,2,0,11,2,0,2,0,9,0,0,0,0,0,0,0,1,1,2,0,0,0,20,0,0,1,0,2,0,1,1,0,0,6,18,0,7,1,0,2,5,2,1,0,9,0,1,0,0,61,0,0,0,0,6,0,1,0,0,0,3,0,1,3,0,0,0,1,0,0,0,1,0,0,0,0,1,0,2,0,1,0,1,1,36,19,0,1,0,0,0,1,0,0,0,0,0,1,3,0,0,0,0,1,0,0,1,3,2,34,2,0,0,0,0,0,1,0,0,2,0,2,0,0,0,0,0,0,0,0,0,0,0,1,0,6,0,0,0,9,0,0,0,1,0,6,1,0,0,40,0,18,2,1,0,0,44,1,0,0,0,0,1,0,2,6,0,0,0,1,0,2,1,0,25,0,1,0,0,0,0,0,0,0,0,0,0,0,0,0,0,0,0,0,0,0,0,0,2,0,0,2,0,0,0,2,0,0,0,0,1,0,0,0,0,0,0,0,0,0,0,0,0,3,1,0,0,0,0,0,0,0,0,0,0,0,0,18,0,0,0,0,3,0,0,0,0,0,0,0,0,1,0,3,0,0,0,0,0,0,0,1,0,0,0,0,0,0,1,0,0,0,1,0,0,0,1,0,0,0,0,0,0,2,0,0,0,0,0,0,0,0,0,0,0,0,0,0,0,0,1,0,1,0,0,0,0,0,0,0,0,0,8,0,0,0,0,35,0,0,0,0,1,0,0,4,0,0,0,18,0,0,0,0,0,0,0,0,0,2,0,2,0,0,0,1,0,0,0,0,0,0,0,0,0,0,0,0,0,0,0,0,0,0,0,0,0,6,0,6,1,0,22,0,0,0,2,5,4,0,2,1,1,0,42,1,0,0,4,0,0,0,0,0,0,0,51,0,5,1,0,0,0,0,0,0,0,0,0,0,0,0,0,0,0,0,0,0,0,3,0,1,0,0,0,0,1,0,0,17,0,0,1,2,0,0,0,0,0,0,0,0,0,0,0,0,0,0,0,0,0,0,0,2,0,3,0,0,0,0,0,0,0,0,0,0,0,3,0,0,0,0,0,0,0,0,0,0,0,0,0,0,0,0,0,0,0,0,0,0,0,0,0,0,0,1,0,1,0,18,0,3,0,7,0,0,0,1,0,0,0,0,0,0,0,0,1,0,0,0,0,0,0,0,0,0,0,0,0,0,0,0,0,0,10,0,0,0,2,0,0,1,0,1,0,0,0,0,1,0,0,0,0,0,0,0,0,0,0,0,0,0,0,0,0,0,0,3,0,0,0,0,0,0,0,0,0,0,0,0,0,0,0,0,0,0,0,0,0,0,0,1,0,0,0,0,0,0,0,0,0,0,0,0,0,0,0,0,0,3,0,1,0,0,0,0,0,0,1,4,0,0,0,0,6,0,1,0,0,0,0,4,0,13,4,0,0,0,4,0,0,0,0,3,0,0,0,0,10,0,3,0,4,3,0,79,0,0,0,0,1,0,3,0,18,0,0,1,0,0,9,183,2,1,0,0,0,0,0,6,0,0,0,0,0,0,0,1,0,0,2,0,0,0,0,0,0,0,3,0,0,0,0,4,0,0,0,0,0,0,0,0,2,0,0,2,0,0,0,0,0,0,0,0,0,0,0,0,0,0,0,0,0,1,0,0,0,0,0,0,4,0,0,0,1,0,0,0,1,3,0,5,1,2,6,1,0,0,0,3,0,1,0,1,3,2,1,10,2,1,1,0,2,0,3,0,0,0,0,0,0,0,1,1,95,1,2,14,0,2,2,5,0,3,2,3,2,0,0,0,0,0,8,0,0,0,0,9,1,0,2,0,0,0,0,0,0,0,0,0,1,0,0,0,0,0,0,0,0,0,6,0,0,4,1,0,0,0,13,0,1,0,0,0,0,2,0,3,0,0,0,2,0,0,0,1,4,0,0,0,0,0,22,0,0,0,0,0,0,0,0,1,3,0,0,0,2,0
178,2216,COLÉGIO ESTADUAL GABRIELA MISTRAL,RUA TABAJARAS   840,PORTÃO,-25.4625849,-49.2983969,27,0,3302,2707,124,117,0,0,0,4,27,1,3,0,1,5,0,29,1,0,1,1,31,0,2,0,0,1,8,2,0,0,23,0,0,3,0,22,0,0,0,0,0,2,5,1,5,1,0,0,0,9,1,0,0,0,0,0,3,14,0,0,3,3,1,1,0,1,0,20,1,0,0,0,0,2,3,0,47,0,0,0,1,17,0,1,0,0,0,0,0,0,12,0,0,0,2,0,0,2,2,0,0,0,0,16,0,17,0,0,0,0,0,19,27,0,0,0,0,0,1,0,0,0,0,0,3,5,0,0,1,0,0,0,2,0,1,2,125,0,0,0,0,0,0,0,1,1,7,0,2,0,0,1,0,0,0,0,0,0,0,1,15,0,7,1,0,0,10,1,0,0,4,1,0,0,0,1,78,0,48,11,0,0,0,35,1,5,0,0,2,0,1,3,0,2,0,0,1,0,0,3,2,53,0,0,0,0,0,0,0,0,0,0,0,0,1,0,0,0,0,0,0,0,1,0,0,4,0,1,2,0,0,0,5,0,0,1,1,0,0,0,0,1,0,0,0,0,0,2,0,0,0,0,3,0,0,0,0,0,0,0,0,1,0,0,6,0,0,3,0,2,0,0,0,1,0,1,0,0,0,0,11,0,0,0,0,0,0,0,1,0,0,0,0,0,0,1,0,0,0,0,0,0,0,0,1,0,0,0,0,0,1,0,0,0,0,0,1,0,0,0,0,0,0,0,0,0,0,0,0,0,4,1,1,0,0,0,0,0,0,43,1,0,1,0,40,0,0,0,0,6,0,0,2,2,0,0,71,0,0,2,0,0,0,0,0,0,0,0,1,0,0,0,0,0,0,0,0,0,0,0,0,0,0,0,0,1,0,0,0,0,0,0,0,0,6,1,22,0,0,68,0,0,0,3,17,4,0,7,1,0,1,19,0,0,0,6,0,1,0,0,0,2,0,21,0,5,1,0,0,0,2,0,0,0,3,1,0,1,1,0,0,0,5,0,0,0,3,1,0,1,0,0,2,4,0,0,32,0,2,0,1,1,1,0,0,0,0,0,0,0,0,1,0,0,0,1,0,0,0,0,6,0,0,0,0,0,1,0,0,0,2,0,0,0,5,0,0,0,0,0,0,0,0,0,0,0,0,0,0,0,0,0,0,0,0,0,0,0,10,2,0,1,1,1,9,0,45,1,6,3,43,4,0,0,1,2,0,0,0,3,0,0,0,1,0,0,0,0,0,0,0,0,0,2,1,0,0,0,0,0,0,4,0,9,0,4,0,0,3,0,1,0,0,0,0,0,1,0,0,1,0,0,0,0,0,0,0,0,0,0,0,0,0,0,1,0,0,0,0,0,0,0,0,0,16,0,0,0,0,0,2,0,0,0,0,0,0,0,0,0,0,0,3,0,0,0,0,0,0,0,0,1,0,0,0,0,1,0,3,0,0,0,0,0,0,0,5,0,0,0,0,5,3,6,0,0,0,0,3,0,26,8,0,0,0,34,0,1,1,0,1,0,0,1,0,12,0,1,4,11,3,1,74,2,2,0,3,2,2,7,1,50,0,1,1,1,0,9,167,1,8,0,0,0,0,0,13,0,0,0,0,0,1,0,3,3,0,1,0,0,0,0,0,0,3,1,1,2,1,2,3,0,0,1,0,0,0,0,0,0,0,3,1,0,0,1,0,0,0,0,0,1,0,0,0,0,0,0,0,0,2,0,0,0,0,0,0,2,0,0,0,0,0,0,0,0,0,0,9,8,6,7,0,0,1,1,0,0,3,0,8,5,5,2,21,2,0,2,0,1,0,9,0,0,3,0,0,0,1,0,1,242,5,0,6,3,6,3,6,0,6,0,7,2,0,1,0,0,0,2,0,0,0,0,0,2,0,2,0,0,3,1,0,0,0,0,0,7,0,0,1,0,1,0,0,1,0,2,0,0,0,8,1,0,0,0,0,0,0,0,0,1,0,1,0,0,0,1,0,1,0,0,2,7,0,1,0,0,0,11,0,0,0,1,0,0,0,0,0,7,0,0,0,0,0
178,2232,ESCOLA ESTADUAL DE EDUCAÇÃO ESPECIAL LUCY REQUIÃO MELLO E SILVA,"AV MANOEL RIBAS, 7119",SANTA FELICIDADE,-25.39954936,-49.33840637,63,0,2188,1770,139,63,0,0,3,1,23,2,1,0,0,2,0,21,1,0,0,0,13,0,0,0,0,0,10,0,2,1,7,0,1,0,0,12,1,0,0,0,0,0,5,0,17,5,0,0,0,25,1,2,0,0,1,0,0,2,0,0,0,2,0,2,0,0,2,9,0,0,0,0,0,0,0,1,32,0,0,0,0,6,0,1,0,0,0,2,0,0,1,0,0,0,0,0,0,0,2,0,0,0,0,1,0,15,0,0,2,0,0,15,12,0,0,0,0,0,3,0,0,0,0,0,0,9,1,0,2,0,0,0,3,1,0,1,49,0,0,0,1,0,0,0,0,0,6,0,1,0,0,0,0,0,0,1,0,0,0,1,5,0,3,0,0,0,13,0,0,0,0,1,0,0,0,0,48,3,17,2,1,0,0,33,3,5,0,0,0,0,0,1,2,0,2,0,0,3,0,1,3,20,0,0,0,0,1,0,0,0,0,1,0,0,0,0,0,0,0,0,0,0,0,0,0,6,0,0,6,0,0,0,3,0,0,0,0,0,0,0,0,0,0,0,0,1,0,3,1,0,0,0,0,0,0,0,0,0,0,0,0,0,0,0,5,0,0,0,0,0,0,0,0,1,1,1,0,0,3,2,3,0,0,0,0,0,0,0,1,0,0,0,0,0,0,0,0,0,0,0,0,0,0,0,0,0,0,0,0,1,0,1,0,0,0,0,0,0,0,0,0,0,0,0,0,0,3,0,0,0,3,0,0,0,0,0,0,0,0,26,0,0,0,0,41,0,0,0,0,1,0,0,4,1,0,0,35,1,0,1,0,0,0,0,0,0,0,0,0,0,0,0,0,0,0,0,0,0,0,0,0,0,1,0,0,0,1,0,0,0,0,0,0,0,3,2,11,0,0,42,0,0,2,2,6,0,0,2,0,0,0,22,3,0,0,2,0,0,0,0,0,1,0,9,0,1,0,0,0,0,0,3,0,0,0,0,0,0,1,0,0,0,0,0,0,0,9,0,1,0,0,0,4,0,0,0,16,0,1,0,5,0,1,0,0,0,0,0,0,0,0,0,0,0,0,0,0,1,0,0,0,0,1,0,0,1,0,0,0,0,0,0,0,0,3,0,0,0,0,0,0,0,0,0,0,0,0,0,0,0,0,0,0,0,0,0,0,0,2,0,0,0,2,4,3,0,21,0,5,1,14,1,0,0,0,1,0,0,0,0,0,0,0,0,0,0,0,0,0,0,0,0,0,0,0,0,0,0,0,1,0,5,0,1,0,3,0,0,2,0,1,0,0,0,0,0,0,0,0,0,0,0,0,0,0,0,0,0,0,0,0,0,0,5,1,0,0,0,0,0,0,0,0,0,0,0,0,0,0,0,0,0,0,0,0,0,0,4,0,0,0,0,0,0,0,0,1,0,0,0,0,2,0,0,0,0,3,0,3,0,0,0,0,0,0,0,2,0,0,0,0,2,4,5,0,5,0,0,2,0,13,9,0,0,3,18,3,0,0,0,0,0,0,4,0,2,0,0,6,5,0,0,55,0,2,0,0,2,0,5,0,25,0,0,0,0,0,6,169,0,2,0,0,1,0,0,10,0,0,0,0,0,0,1,2,1,1,2,0,0,0,0,0,0,1,0,0,0,1,0,0,0,0,0,0,0,0,0,0,0,0,4,0,1,0,1,2,0,0,0,0,0,0,0,0,0,0,0,0,0,3,0,0,0,0,0,0,0,0,0,0,2,2,0,0,0,0,0,4,4,0,9,3,0,0,0,3,0,2,0,2,6,12,0,21,7,1,0,0,0,2,5,0,0,0,0,1,0,0,0,0,107,1,1,17,0,3,2,16,1,3,1,3,0,0,0,0,0,1,2,0,0,0,0,1,0,0,2,0,0,0,0,0,0,0,0,0,9,0,0,0,0,0,0,0,0,0,2,0,0,0,2,0,0,0,0,1,0,0,0,0,0,0,0,0,0,0,0,2,0,0,0,1,7,0,0,0,0,0,7,0,0,0,0,0,0,0,0,0,0,0,0,1,0,0
178,2240,PARÓQUIA N. SENHORA DA CONCEIÇÃO (PARÓQUIA BUTIATUVINHA),RUA PADRE ARTURO SEPPI 51,BUTIATUVINHA,-25.3963863,-49.3483101,61,0,1952,1660,92,70,0,2,5,4,24,1,1,0,0,11,0,13,2,0,0,0,5,0,1,0,1,1,29,2,2,1,18,0,2,1,0,13,1,0,0,0,0,1,2,0,14,1,0,3,0,12,0,0,0,0,0,0,0,3,0,0,1,7,0,2,1,1,1,9,1,0,0,0,0,0,0,0,40,0,0,0,0,7,0,2,0,0,0,2,1,0,5,0,0,0,0,0,1,0,4,0,0,0,0,1,0,9,0,1,0,0,1,20,20,1,0,0,0,0,0,0,0,0,0,0,2,2,0,0,1,0,1,0,1,0,1,0,27,0,0,0,0,0,0,0,0,0,4,2,0,0,0,0,0,0,0,1,0,0,0,2,5,0,6,0,0,0,9,0,0,0,1,0,0,1,0,0,20,1,23,2,0,2,0,17,3,1,0,0,0,0,1,0,1,0,0,0,2,0,1,1,0,20,0,0,0,0,0,0,0,0,0,4,1,0,0,1,0,0,0,0,0,0,0,0,0,7,0,0,7,0,0,0,1,0,0,0,0,0,0,0,0,0,0,0,0,0,0,4,0,0,0,0,0,0,0,0,0,0,0,0,0,0,0,0,4,0,0,0,0,0,0,0,0,0,0,0,0,0,3,0,1,0,0,0,0,0,0,0,3,0,0,0,0,0,0,1,0,0,0,0,0,0,0,0,0,0,0,0,0,0,1,0,0,0,0,0,0,0,0,1,0,0,0,0,0,0,0,0,0,0,0,0,1,0,0,0,1,0,0,16,0,0,0,0,20,0,0,0,1,6,0,0,1,1,0,0,38,1,0,0,0,0,0,0,1,0,1,0,1,0,0,0,0,1,0,0,0,0,0,0,0,0,0,0,0,0,0,0,0,0,0,0,0,0,0,4,8,0,0,30,0,0,1,2,6,1,0,5,1,0,0,22,0,0,0,1,0,0,0,0,0,0,0,15,0,1,1,0,0,0,0,0,1,0,0,0,1,0,1,0,0,0,1,0,0,0,3,1,0,0,0,1,0,0,0,0,21,0,0,0,4,0,0,0,0,1,0,0,0,0,0,0,0,0,0,0,0,0,0,0,0,0,0,0,0,0,0,0,1,0,0,0,0,0,0,0,0,0,0,0,0,0,0,0,0,0,0,0,0,0,0,0,0,0,0,0,0,2,0,1,0,2,0,4,2,1,14,0,5,1,11,1,0,0,0,1,0,0,0,0,0,0,0,0,0,0,0,0,0,0,0,0,1,0,0,0,0,0,0,0,0,5,0,0,0,2,1,0,0,0,0,0,0,0,0,0,0,0,0,0,0,0,0,0,0,0,0,0,0,0,0,0,0,4,0,0,0,0,0,0,0,0,0,0,0,0,0,1,0,0,0,0,0,0,0,0,0,0,0,0,0,0,0,1,0,0,0,0,0,0,0,0,0,0,0,0,0,1,1,0,0,0,0,0,0,0,0,0,0,0,0,2,0,1,0,22,0,0,0,0,3,10,0,0,0,7,0,0,0,0,0,0,0,3,0,3,0,0,5,4,3,1,51,0,0,1,1,7,0,2,0,23,0,0,1,0,0,2,230,0,1,0,0,2,0,0,7,0,0,0,0,0,0,0,2,0,0,0,0,0,0,0,0,0,0,1,0,0,0,0,0,0,0,2,0,0,0,0,0,0,0,0,1,0,0,0,0,1,0,0,0,0,0,0,0,0,0,0,0,0,1,0,0,0,0,0,0,0,0,0,0,5,3,0,0,0,0,0,4,3,1,4,3,0,0,0,1,0,0,0,0,3,10,1,23,5,0,1,0,0,0,1,0,0,3,0,0,0,0,0,0,104,5,2,22,0,7,1,63,0,0,0,1,0,0,1,0,0,0,2,0,0,0,0,1,0,0,1,0,0,0,1,0,0,0,0,0,4,0,0,0,0,0,0,0,1,0,0,0,0,0,3,0,0,0,1,0,0,0,0,0,0,0,0,0,0,0,0,0,0,0,0,1,2,0,0,0,0,0,3,0,0,0,0,0,0,0,0,0,0,0,0,0,1,0
178,2259,CURSO E COLÉGIO ACESSO,"AVENIDA VEREADOR TOALDO TULIO, 1930",SANTA FELICIDADE,-25.410187,-49.345937,60,0,3757,3083,226,105,0,3,8,9,39,2,3,0,1,8,0,30,0,0,0,0,23,0,0,0,0,2,20,3,4,0,8,0,0,0,0,27,2,0,0,0,0,1,15,6,17,7,0,0,5,15,4,0,0,0,0,0,2,7,0,0,2,4,0,2,0,1,0,13,0,0,0,0,1,0,1,7,61,0,0,1,0,11,0,0,0,0,0,0,0,0,2,0,0,0,0,0,0,0,6,0,1,0,0,15,0,10,0,1,0,4,0,36,28,2,0,0,0,0,1,0,1,0,0,0,4,8,0,0,1,0,2,0,2,2,5,2,104,1,1,0,0,0,0,0,1,0,2,0,2,0,2,0,0,4,0,0,0,0,2,0,10,0,6,0,0,0,16,0,0,0,2,1,0,2,0,0,92,8,44,7,2,0,0,88,4,1,0,0,4,2,0,5,2,2,0,0,0,1,0,3,0,33,0,0,1,0,0,0,0,0,0,1,0,0,0,0,0,0,0,0,0,0,0,0,0,17,0,0,7,0,0,0,1,0,0,0,0,2,0,0,0,0,0,0,0,0,0,2,0,0,0,0,2,0,0,0,0,2,0,1,2,5,0,1,13,0,0,0,0,0,0,0,0,0,1,3,0,1,1,1,2,0,0,0,0,0,0,0,2,0,0,0,0,0,0,2,0,0,0,1,0,0,0,1,0,0,0,0,2,0,0,0,0,0,0,0,0,0,0,0,0,0,0,0,0,0,0,1,0,1,5,0,0,1,0,0,0,0,0,28,0,0,0,0,76,0,0,0,1,9,0,0,2,1,0,1,49,2,0,0,0,0,0,0,0,1,1,0,1,0,0,1,0,0,1,0,0,1,0,0,0,0,1,0,0,0,0,0,0,0,0,1,0,0,4,2,24,0,0,69,0,0,5,1,14,5,0,5,8,0,1,31,3,0,0,2,0,0,0,0,0,0,1,36,0,2,2,0,0,1,2,0,0,0,0,0,0,0,1,0,0,0,1,0,0,0,11,0,1,0,0,0,1,1,0,0,21,0,0,1,2,1,0,0,0,0,2,0,0,0,0,0,0,0,0,0,0,0,0,0,0,2,3,0,0,0,0,1,0,0,1,0,0,0,4,0,0,0,0,0,0,0,0,0,0,0,0,0,0,0,0,0,0,0,0,0,0,1,3,3,1,0,2,3,11,5,39,1,8,0,30,2,2,0,0,1,0,0,0,0,1,1,0,0,1,0,0,1,0,0,0,0,1,0,3,1,0,0,0,0,0,8,0,3,0,7,0,0,1,0,0,0,1,0,0,0,0,0,0,2,0,0,0,0,0,0,2,0,0,0,0,0,0,1,0,0,0,0,0,0,1,0,0,0,0,0,0,3,0,0,0,0,0,0,0,0,0,0,0,0,0,0,4,0,0,0,1,0,2,0,0,2,0,2,0,0,6,0,4,0,0,0,0,0,0,1,4,0,0,0,0,3,6,2,0,7,0,1,21,0,32,4,0,0,1,34,0,6,0,1,3,0,1,3,0,3,0,1,1,12,1,0,65,0,1,1,0,1,0,4,0,31,0,0,2,2,0,3,295,3,0,2,0,0,0,0,9,0,0,1,0,0,0,0,4,0,0,2,0,0,0,0,0,0,4,1,0,0,0,0,4,0,0,0,0,0,1,0,0,0,1,7,0,1,0,2,0,1,0,0,0,0,0,0,0,0,0,0,1,0,0,0,0,0,0,0,2,2,0,0,0,6,0,0,0,0,0,0,9,13,3,18,2,0,0,2,2,1,2,0,0,5,15,1,23,2,0,4,0,0,1,11,2,0,2,0,1,0,0,0,1,193,3,1,36,0,6,6,28,0,1,3,4,6,0,0,0,0,0,4,0,0,0,0,1,3,0,1,0,0,0,0,0,0,0,0,0,6,0,0,0,0,0,0,0,0,0,2,0,0,0,3,0,0,1,2,0,0,0,0,0,0,0,2,0,0,0,0,0,0,0,0,6,7,1,0,0,0,0,26,0,0,1,0,0,0,0,0,1,3,0,0,0,4,0
178,2267,COLÉGIO ESTADUAL PARA SURDOS ALCINDO FANAYA JUNIOR,RUA VITAL BRASIL 447,VILA IZABEL,-25.4635105,-49.2968165,27,0,1394,1186,66,31,0,1,0,3,17,0,1,1,1,2,0,8,0,0,0,0,17,0,0,0,0,0,1,0,4,0,6,0,0,0,0,11,0,0,0,0,0,0,3,0,3,7,0,0,0,13,1,0,1,0,0,0,2,7,0,0,0,0,0,0,2,3,0,3,0,0,0,0,0,1,0,2,6,0,0,0,0,2,0,1,0,0,0,2,0,1,9,0,0,0,0,0,0,0,2,0,0,0,0,6,0,13,0,0,1,1,0,9,3,0,0,0,0,0,0,0,0,0,0,0,0,1,0,0,0,2,0,0,2,1,1,1,87,0,1,0,1,0,0,0,1,0,2,0,0,0,0,0,0,0,0,0,0,0,0,1,8,0,1,0,0,0,5,0,0,0,1,2,1,0,1,0,76,7,30,8,1,3,0,48,3,7,0,0,2,0,1,6,0,0,0,0,0,5,0,1,2,8,0,0,0,0,0,0,0,0,0,0,0,0,0,0,0,0,0,0,0,0,3,0,0,0,0,1,0,0,0,0,0,0,0,0,0,0,0,0,0,0,0,0,0,0,0,0,0,0,0,0,0,0,0,1,0,0,0,0,0,0,0,0,2,0,0,0,0,0,0,0,0,0,0,4,0,0,0,0,4,0,0,0,0,0,0,0,0,0,0,0,0,0,0,1,0,0,0,0,0,0,0,0,0,0,0,0,0,0,0,1,0,0,0,0,1,0,0,0,0,0,0,0,0,0,0,0,0,0,4,0,0,0,0,0,0,0,0,13,1,0,0,0,18,0,0,0,0,3,0,0,0,0,0,0,21,2,1,0,0,0,0,1,0,0,0,0,0,0,0,0,0,0,0,0,0,0,0,0,0,0,0,0,0,0,0,0,0,0,0,0,0,0,4,0,9,0,0,14,1,0,0,7,4,3,0,2,0,0,0,7,0,0,0,0,0,0,0,0,0,0,0,3,0,0,2,0,0,0,0,0,0,0,0,0,1,0,0,0,0,0,0,0,0,0,6,0,1,0,0,0,1,2,0,0,5,0,1,0,1,0,0,0,0,0,0,0,0,0,0,0,0,0,0,0,0,0,0,0,1,0,1,0,0,0,0,0,0,0,0,0,0,0,1,1,0,0,1,0,0,0,0,0,0,0,0,0,0,0,0,0,0,0,0,0,0,0,0,1,1,0,0,0,3,3,23,0,5,1,8,1,0,0,0,0,0,0,0,0,0,0,0,0,0,0,0,0,0,0,0,0,0,0,0,0,0,0,0,0,0,3,0,0,0,7,0,0,1,0,0,0,0,0,0,0,0,0,0,1,0,0,0,0,0,0,0,0,0,0,0,0,0,0,0,0,0,0,0,0,0,0,0,0,1,1,0,0,0,0,0,0,0,0,0,0,0,0,0,0,0,0,1,0,0,0,0,0,0,0,0,0,0,0,0,0,1,0,2,0,0,0,0,0,2,0,8,0,0,0,0,1,1,1,0,0,0,1,0,0,27,4,0,0,0,23,0,1,0,0,0,0,0,2,0,4,0,0,0,1,1,0,19,1,2,0,1,0,1,2,0,13,0,0,0,0,0,1,38,0,1,0,0,1,0,0,8,0,0,0,0,0,0,0,2,0,0,1,0,0,0,0,0,0,1,0,1,1,0,0,1,0,0,5,0,1,0,0,0,1,0,6,3,0,0,0,0,0,0,0,0,0,0,0,0,0,0,0,0,0,0,0,0,0,0,0,0,2,0,0,0,0,0,2,0,0,0,0,0,0,1,9,1,0,0,2,1,0,1,0,2,1,2,1,7,1,0,1,0,0,0,0,0,0,2,0,3,0,0,0,1,84,1,0,4,0,3,2,3,0,0,5,1,1,0,0,0,0,0,0,0,0,0,0,1,2,0,0,0,0,0,0,0,0,0,0,0,4,0,0,0,0,0,0,0,0,0,0,0,0,0,5,2,0,0,0,1,0,0,0,0,0,0,3,0,0,0,0,0,0,0,0,0,1,0,0,0,0,0,5,0,0,0,0,0,0,0,0,0,2,0,0,0,1,0
178,2275,UNIFACEAR - CAMPUS SANTA FELICIDADE,"AVENIDA VEREADOR TOALDO TÚLIO, 4523",ORLEANS,-25.4281732,-49.35347391,59,0,4633,3873,222,149,0,3,3,6,38,3,3,0,0,12,1,31,2,0,0,1,25,0,2,0,1,6,11,6,0,0,19,0,0,0,0,23,1,0,0,0,0,2,5,0,11,5,0,2,4,24,1,0,0,2,5,0,8,10,0,0,6,11,0,3,2,0,2,18,0,2,3,1,0,2,0,0,75,0,0,0,0,26,0,0,0,0,0,2,0,1,7,0,0,0,0,0,0,1,4,1,0,0,0,16,0,20,0,0,1,1,0,70,38,2,1,0,0,0,2,0,0,0,0,1,3,10,0,0,3,0,1,0,3,5,0,2,124,0,0,0,0,0,0,0,0,1,6,0,4,0,3,0,0,2,0,0,0,2,0,2,17,0,19,0,0,0,9,0,0,0,0,1,2,0,0,0,89,5,49,4,1,0,0,100,2,6,0,0,4,1,1,1,4,0,0,0,0,1,0,3,1,43,0,0,0,0,0,0,0,0,0,2,0,0,0,0,0,0,0,0,0,0,1,0,0,32,0,0,18,0,0,0,1,0,0,0,1,0,0,0,0,1,0,0,0,0,0,1,0,0,0,0,0,0,0,0,0,1,1,0,0,2,0,0,25,0,1,0,0,0,0,0,0,1,0,1,0,0,4,1,6,0,0,0,2,0,0,0,0,0,0,0,0,0,0,3,0,0,0,0,0,0,0,0,0,0,0,0,1,2,0,1,0,0,0,0,0,0,0,2,0,0,1,0,0,1,0,0,0,8,3,1,0,0,0,0,0,0,0,32,0,0,0,0,90,0,0,0,1,9,0,0,5,5,0,0,81,2,0,1,0,0,0,0,0,0,11,0,2,0,0,0,0,2,0,0,0,0,0,0,0,0,0,0,0,0,0,0,0,0,0,0,0,0,9,3,24,0,0,94,0,0,5,1,16,7,1,14,4,0,0,72,2,2,2,3,0,0,0,0,0,2,0,60,0,1,6,0,0,0,0,1,2,0,4,0,0,2,2,0,0,0,0,0,0,0,13,0,1,0,1,0,0,0,0,0,24,1,0,4,2,0,0,0,0,0,2,0,0,0,0,0,0,0,0,1,0,1,0,0,0,0,2,0,0,0,0,0,0,0,0,0,0,1,2,0,1,0,0,0,0,0,0,0,0,0,0,0,0,0,0,0,0,0,0,1,0,0,7,5,0,2,0,3,5,0,38,0,11,1,50,4,3,0,0,1,0,0,0,0,0,0,0,1,0,0,1,3,0,1,0,0,1,0,3,2,0,0,0,0,0,21,0,2,0,7,0,0,0,0,0,0,0,0,0,0,0,0,0,4,0,0,0,0,0,0,1,0,0,0,0,0,0,2,7,0,0,2,0,0,1,0,0,1,0,0,0,1,0,0,0,0,0,0,1,0,0,0,0,0,0,0,0,0,0,0,1,0,0,0,1,2,0,0,1,0,7,0,0,0,0,0,0,0,0,1,1,0,0,0,0,1,1,5,0,4,0,0,32,0,46,14,0,0,0,43,0,2,0,0,1,1,3,7,0,12,0,0,7,3,4,0,88,1,0,0,0,5,1,11,3,46,0,0,3,2,0,13,376,3,2,0,0,1,0,0,23,1,0,0,2,0,0,0,6,2,0,4,0,0,0,0,0,0,2,7,0,1,2,0,0,0,0,0,0,1,0,0,0,0,0,1,3,0,0,0,0,2,0,0,0,0,0,0,0,0,0,0,0,4,0,0,0,0,0,0,1,1,0,0,0,1,1,0,0,0,0,0,6,11,2,11,0,2,0,0,4,0,1,0,4,8,24,9,22,7,2,2,1,2,0,12,0,1,9,0,4,0,0,1,2,253,1,5,18,1,19,3,21,0,3,1,8,1,0,3,0,0,0,10,0,0,0,2,3,8,0,2,0,0,0,2,2,0,0,0,0,20,0,0,2,0,0,0,0,0,0,5,0,0,0,6,1,0,0,5,0,0,0,0,0,0,0,0,0,0,0,0,0,0,0,0,4,8,0,0,1,0,0,26,0,0,0,0,0,1,1,0,0,3,0,0,0,3,0
178,2283,PARÓQUIA SÃO JOSÉ TRABALHADOR,"RUA MAJOR HEITOR GUIMARÃES, 1526",CAMPINA DO SIQUEIRA,-25.439272,-49.309998,30,0,1112,969,50,17,0,0,2,1,12,0,0,2,0,2,0,3,0,0,0,0,22,1,0,0,0,0,2,0,1,0,0,0,0,0,0,11,0,0,0,0,0,0,1,0,1,2,0,2,2,6,0,0,1,0,0,0,0,2,0,1,1,1,0,0,0,0,1,4,0,0,0,0,0,0,0,0,3,0,0,0,0,1,0,0,0,0,0,1,0,1,6,0,0,0,0,0,2,0,2,1,0,0,0,1,0,3,0,0,0,0,0,8,4,0,0,0,0,0,1,0,0,0,1,0,2,1,0,0,0,0,0,0,1,1,0,1,55,1,0,0,0,1,0,0,0,0,1,0,1,0,0,0,0,4,0,0,2,0,0,0,5,0,0,0,0,0,6,0,0,0,1,1,1,0,0,0,48,0,14,3,2,0,0,49,0,10,0,0,1,0,0,2,0,0,0,0,2,0,0,3,1,10,0,1,1,0,0,0,0,0,1,0,0,0,0,0,0,0,0,0,0,0,0,0,0,0,0,0,0,0,0,0,0,0,0,0,1,2,0,0,0,0,0,0,0,0,0,1,0,0,0,0,0,0,0,0,0,0,0,0,0,0,0,0,4,0,0,0,0,0,0,0,0,0,0,0,0,0,0,2,2,0,1,0,0,0,0,0,0,0,0,0,0,0,0,0,0,0,0,0,0,0,0,0,0,0,0,0,0,0,0,0,0,0,0,0,0,0,0,0,0,0,0,0,0,0,0,0,0,0,1,0,0,0,0,0,0,0,0,14,0,0,1,0,12,0,0,0,0,2,0,0,1,0,0,0,29,0,0,0,0,0,0,0,0,0,0,0,1,0,0,0,0,0,0,0,0,0,0,0,0,0,0,0,0,0,0,0,0,0,0,0,0,0,4,0,8,0,0,14,0,0,0,0,3,0,0,0,0,0,1,10,0,0,0,1,0,0,0,0,1,1,0,5,0,2,0,0,0,1,0,0,0,0,0,0,0,0,2,0,0,0,0,0,0,1,6,0,1,0,0,0,1,1,0,0,5,0,0,0,0,0,0,0,0,0,0,0,0,0,0,0,0,0,0,0,0,0,0,0,0,0,1,0,0,0,0,0,0,0,0,0,0,0,3,0,0,0,0,0,0,0,0,0,0,0,0,0,0,0,0,0,0,0,0,0,0,0,0,0,1,0,1,0,2,0,31,0,3,1,10,2,1,0,0,1,0,0,0,0,0,0,0,0,0,0,0,0,0,0,0,0,0,0,0,0,0,0,1,0,0,2,0,0,0,6,0,0,1,0,0,0,0,0,0,0,0,0,0,0,0,0,0,0,0,0,1,0,0,0,0,0,0,0,0,0,0,0,0,0,0,0,0,0,0,0,0,1,0,0,0,0,0,0,0,0,0,0,0,0,0,0,1,2,0,0,0,0,0,0,0,1,0,0,0,0,9,0,1,0,0,0,0,0,0,0,6,0,0,0,0,0,1,0,0,1,0,0,0,0,37,3,0,2,0,20,0,1,1,0,2,0,0,0,1,5,0,0,0,3,0,0,15,0,0,0,0,0,0,2,0,9,0,1,0,0,0,1,24,0,0,0,0,1,0,0,4,0,0,0,0,0,0,0,0,1,0,4,0,0,0,0,0,0,0,0,0,2,0,0,0,0,0,0,0,0,0,3,2,0,0,7,2,1,0,1,0,0,0,0,0,0,0,0,0,0,0,0,0,0,0,0,0,0,0,1,0,0,0,0,0,0,0,0,0,0,0,0,1,0,1,7,0,0,0,0,3,1,0,0,3,0,8,2,12,1,0,0,0,0,0,4,0,0,3,0,0,0,0,0,0,63,4,1,9,1,2,6,4,0,2,2,0,0,0,2,0,0,0,5,0,1,0,0,0,0,0,0,0,0,0,0,0,0,0,0,0,3,0,0,0,0,0,0,0,0,0,0,0,0,0,0,0,0,0,0,0,0,0,0,0,0,0,1,0,0,0,0,0,0,0,0,1,1,0,0,0,0,0,2,0,0,0,0,0,0,0,0,0,1,0,0,2,0,2
178,2291,UFPR - DEPARTAMENTO DE MÚSICAS E ARTES (BATEL),"RUA CORONEL DULCIDIO, 638",BATEL,-25.4388461,-49.2831409,10,0,651,592,25,14,0,1,0,3,9,1,0,0,0,0,0,2,0,0,0,0,8,0,0,0,0,2,1,0,0,0,3,0,0,0,0,2,0,0,0,0,0,1,1,0,3,0,0,0,0,5,0,0,0,0,0,0,4,3,0,0,0,0,0,0,0,0,0,1,0,0,0,0,0,0,0,0,3,0,0,0,0,2,0,0,0,0,0,0,0,1,1,0,0,0,0,0,1,0,1,0,0,0,0,2,0,3,0,0,0,0,0,3,0,0,0,0,0,0,0,0,0,0,0,0,1,0,0,0,0,0,1,0,1,0,0,0,52,0,0,0,0,0,0,0,0,0,3,0,1,0,0,0,0,0,0,1,0,0,0,0,9,0,2,0,0,0,1,0,0,0,2,2,0,0,0,0,60,2,7,5,0,0,0,25,2,1,0,3,0,0,0,0,0,0,0,1,0,2,0,0,0,6,0,1,0,0,0,0,0,0,0,0,0,0,0,0,0,0,0,0,0,0,0,0,0,0,0,0,0,0,0,0,0,1,0,0,0,0,0,0,0,0,0,0,0,0,0,0,0,0,0,0,0,0,0,0,0,0,0,0,0,0,0,0,2,0,0,1,0,0,0,0,0,0,0,2,0,0,1,0,0,0,0,0,0,0,0,0,0,0,0,0,0,0,0,1,0,0,0,0,0,0,0,0,0,0,0,0,0,1,0,0,0,0,0,0,0,0,0,2,0,0,1,0,0,0,0,0,0,0,5,1,0,0,0,0,0,0,0,5,0,0,0,1,9,0,0,0,0,1,0,0,0,0,0,0,8,0,0,0,0,0,0,0,0,0,0,0,0,0,0,0,0,0,0,0,0,0,0,0,0,0,0,0,0,0,0,0,0,0,0,1,0,0,0,1,2,0,0,14,0,0,0,3,2,1,0,2,2,0,0,3,0,0,0,0,0,0,0,0,0,0,1,2,0,0,1,1,0,0,0,0,0,0,0,0,0,0,0,0,0,0,0,0,0,0,1,0,0,0,0,0,0,0,0,0,2,0,0,0,1,0,0,0,0,0,0,0,0,0,0,0,0,0,0,0,0,0,0,0,0,0,0,0,0,0,0,0,0,0,0,0,0,0,0,0,0,0,0,0,0,0,0,0,0,0,0,0,0,0,0,0,0,0,0,0,0,0,0,0,0,0,0,1,3,0,16,0,1,1,7,0,0,0,0,2,0,0,0,0,0,0,0,0,0,0,0,0,0,0,0,0,0,0,0,0,0,0,0,0,0,1,0,0,0,3,1,0,0,0,0,0,0,0,0,0,0,0,0,0,0,0,0,0,0,0,0,0,0,0,0,0,0,0,0,0,0,0,0,0,0,0,0,0,0,0,0,0,0,0,0,0,0,0,0,0,0,0,0,0,0,0,0,0,0,0,0,0,0,0,0,1,0,0,0,0,4,0,1,0,0,0,0,0,0,0,5,0,0,0,0,2,0,0,0,0,0,0,0,0,29,1,0,0,0,19,0,3,0,0,0,0,1,0,0,1,0,0,1,1,0,1,8,0,0,0,0,3,0,1,0,4,0,0,0,0,0,1,16,0,0,0,0,0,0,0,0,0,0,0,0,0,0,0,0,0,0,0,0,0,0,0,0,0,0,0,0,0,0,0,1,0,0,0,0,0,0,0,0,0,0,3,5,1,0,0,0,0,0,0,0,0,0,0,0,0,0,0,0,0,0,0,0,0,0,0,0,0,0,0,0,0,0,0,0,0,0,0,0,1,1,3,1,0,2,0,0,0,0,0,1,0,1,0,11,1,0,0,0,0,0,0,1,0,1,0,2,0,0,0,0,24,1,0,1,0,0,1,0,0,2,0,0,0,0,0,0,0,0,1,0,0,0,0,0,0,0,0,0,0,0,0,1,0,0,0,0,1,0,0,0,0,0,0,0,0,0,0,0,0,0,0,0,0,0,0,0,1,0,0,0,0,0,1,0,0,0,0,0,0,0,0,1,3,0,0,0,0,0,0,0,0,0,0,0,0,0,0,0,0,0,0,0,0,0
178,2305,ESCOLA SEB - DOM BOSCO - UNIDADE BATEL,"AVENIDA VISCONDE DE GUARAPUAVA, 5581",BATEL,-25.4469769,-49.2943425,10,0,701,640,34,7,0,1,0,1,14,0,0,0,0,0,0,2,0,0,0,0,2,0,0,0,0,0,2,0,2,0,1,0,0,0,0,4,0,0,0,0,0,2,0,0,1,3,1,0,0,1,1,0,0,0,0,0,0,3,0,0,1,6,0,0,1,0,0,2,0,0,0,0,0,1,0,0,1,0,0,0,0,5,0,2,0,0,0,2,0,0,5,0,0,0,0,0,0,4,0,0,0,0,0,2,0,4,0,0,0,0,0,4,0,0,0,0,0,0,0,0,0,0,0,0,0,0,0,0,0,0,0,0,2,0,0,1,28,0,0,0,0,0,0,0,1,0,0,0,0,0,0,0,0,0,0,0,0,0,0,0,4,0,2,0,0,0,2,0,0,0,0,1,0,0,0,0,30,2,12,1,1,1,0,23,4,2,0,0,1,0,0,0,0,0,0,1,1,3,0,0,2,13,0,0,0,0,0,0,0,0,0,0,0,0,0,0,0,0,0,0,0,0,1,0,0,1,0,0,0,0,0,0,0,0,0,0,0,0,0,0,0,0,0,0,0,0,0,0,0,0,0,0,0,0,0,0,0,0,0,0,0,0,0,0,1,0,0,0,0,0,0,0,0,0,0,1,0,0,0,0,2,0,0,0,0,0,0,0,1,0,0,0,0,0,0,1,0,0,0,0,0,0,0,0,1,0,0,0,0,0,0,1,0,1,0,0,0,0,0,0,0,0,0,0,0,0,0,0,0,0,0,0,0,0,0,0,0,0,0,10,0,0,0,0,8,0,0,0,1,0,0,0,0,0,0,0,26,0,0,0,0,0,0,0,0,1,0,0,0,0,0,0,0,0,0,0,0,0,0,0,0,0,0,0,0,0,0,0,0,0,0,0,0,0,2,0,7,0,0,11,0,0,1,1,4,3,0,0,0,0,0,2,0,0,0,1,0,0,0,0,0,1,0,0,0,0,0,0,0,0,0,0,1,1,1,0,0,0,0,0,0,0,0,0,0,0,5,1,0,0,0,0,0,0,0,0,4,0,0,0,0,0,1,0,0,0,0,0,0,0,2,0,0,0,0,0,0,0,0,0,0,0,0,0,0,0,0,0,0,0,0,0,0,0,0,0,0,0,0,0,0,0,0,0,0,0,0,0,0,0,0,0,0,0,0,0,0,0,1,1,0,0,0,0,1,0,10,0,0,0,11,1,0,0,0,2,0,0,0,0,0,0,0,0,0,0,0,0,0,0,0,0,0,1,0,0,0,0,0,0,0,2,0,1,0,2,1,0,0,0,0,0,0,0,0,0,0,0,0,0,0,0,0,0,0,0,0,0,0,0,0,0,0,0,0,0,0,0,0,0,0,0,0,0,0,0,0,0,0,0,0,0,0,0,0,0,0,0,0,0,0,0,0,0,0,0,0,0,1,0,0,0,0,0,0,0,0,0,1,0,0,0,0,0,0,0,1,0,0,0,0,1,0,2,0,0,0,0,0,0,22,1,0,1,0,23,0,1,0,0,0,0,0,3,0,3,0,0,0,2,0,0,8,2,0,0,0,0,0,1,0,22,0,0,0,1,0,0,29,1,0,0,0,2,0,0,2,0,0,0,0,0,0,0,1,0,0,2,0,0,0,0,0,0,0,0,0,0,0,0,0,0,1,0,0,0,0,0,0,0,1,2,1,1,1,0,0,0,1,0,0,0,0,0,0,0,0,0,0,0,0,0,0,0,0,0,0,0,0,0,0,0,0,0,0,0,0,0,2,2,1,2,1,0,0,0,0,0,0,0,1,0,4,0,10,1,0,0,0,0,0,0,0,0,4,0,0,0,0,0,0,32,3,2,2,0,6,1,1,0,2,3,2,0,0,3,0,0,0,1,0,0,0,0,0,1,0,0,0,0,0,0,0,0,0,0,0,3,0,0,0,0,0,0,0,0,0,0,0,0,0,3,0,0,0,0,0,0,0,0,0,0,0,0,0,0,0,0,0,0,0,0,1,1,0,0,1,0,0,3,0,0,0,0,0,0,0,0,0,0,0,0,0,0,0
178,2313,EGREGORA ENSINO FUND MODALIDADE ESPECIAL(DOMINGOS ZANLORENZI-BL BAIXO),"RUA PADRE PAULO WARKOCZ, 670",CIDADE INDUSTRIAL,-25.4407331,-49.3551038,75,0,1393,1149,117,53,0,1,1,4,17,0,0,0,0,4,1,9,1,0,0,0,5,0,0,0,0,1,4,1,1,0,6,0,1,2,0,4,0,0,0,0,0,1,2,0,2,3,0,1,0,14,0,0,0,0,2,0,0,2,0,0,0,12,0,4,1,0,0,1,0,1,0,16,0,0,0,1,26,0,0,0,0,8,1,1,0,0,0,2,1,0,5,0,0,0,0,0,0,0,2,2,0,0,0,0,0,1,1,0,0,1,0,30,14,1,0,0,0,0,0,0,0,0,0,0,4,2,0,0,0,0,0,0,1,1,0,0,21,1,0,0,0,0,0,1,0,0,0,0,2,0,0,0,0,0,0,0,0,0,0,5,1,0,3,0,0,0,3,0,0,0,1,1,1,1,0,0,27,0,17,2,2,0,0,25,0,0,0,0,0,0,0,0,4,0,0,0,0,0,1,0,0,6,0,0,0,0,0,0,0,0,0,2,0,0,0,0,0,0,0,0,0,0,0,0,0,3,0,0,1,0,0,0,0,0,0,0,0,1,0,0,0,0,0,0,0,1,0,1,3,0,1,0,0,0,0,1,0,0,0,0,0,0,0,0,18,0,0,0,0,0,0,0,0,1,0,0,0,0,1,0,2,0,0,0,0,1,0,0,0,0,0,0,0,0,0,2,0,0,0,0,0,0,0,0,0,0,0,0,0,0,1,0,0,0,0,2,0,0,0,1,0,0,0,0,0,0,0,0,0,0,2,0,0,0,0,0,0,0,0,8,0,0,0,0,20,0,0,0,0,1,0,0,4,2,0,0,9,1,0,0,0,0,0,0,0,0,6,0,1,0,0,0,0,0,0,1,0,0,0,0,0,0,0,0,0,0,0,0,0,0,0,0,0,0,1,1,1,0,0,13,0,0,0,0,9,1,0,0,2,0,0,25,1,0,0,1,0,0,0,0,0,0,0,26,0,4,1,0,0,0,0,0,0,0,0,0,0,0,0,0,0,0,0,0,0,0,2,0,1,0,0,0,0,0,0,0,10,0,0,0,1,0,0,0,0,0,1,0,0,0,0,0,0,0,0,0,0,0,0,0,0,0,1,0,0,0,0,0,0,0,0,0,0,0,4,0,1,0,0,0,0,0,0,0,0,0,0,0,0,0,0,0,0,0,0,1,0,0,0,0,2,1,0,0,1,1,6,0,0,0,0,0,0,0,0,0,0,0,0,0,0,0,0,0,0,0,0,0,0,0,0,0,0,0,0,0,0,0,0,0,0,2,1,1,0,4,0,1,0,0,1,0,0,0,0,1,0,0,1,0,0,0,0,0,0,0,0,0,0,0,0,0,0,1,1,0,0,0,0,0,0,0,2,0,0,0,0,0,0,0,0,0,0,0,0,0,0,0,0,0,0,0,0,0,0,0,1,0,0,0,0,0,0,0,0,0,1,0,3,0,0,0,0,0,0,2,0,0,0,0,0,0,0,1,0,2,0,0,2,0,4,5,0,0,0,2,0,0,1,1,0,0,0,2,0,3,0,0,1,1,0,0,58,0,1,0,0,0,0,2,0,14,0,0,0,0,0,4,87,1,0,0,0,0,0,0,13,0,0,0,0,0,0,0,3,0,0,0,0,0,0,0,0,0,0,0,1,0,1,0,0,0,0,1,1,0,0,0,0,1,0,0,0,0,0,0,1,0,0,0,0,0,0,0,0,1,0,0,0,1,0,0,0,1,0,0,0,0,0,0,0,0,0,0,0,0,0,0,3,3,1,2,1,0,0,0,0,1,0,0,0,2,4,1,8,0,0,0,0,2,0,1,0,1,0,0,1,0,0,0,0,44,5,2,10,0,2,0,2,0,1,0,0,0,0,0,0,0,0,2,0,0,0,0,10,0,0,6,0,0,0,0,0,0,0,0,1,2,0,0,1,0,0,0,0,0,0,4,0,0,0,5,0,0,0,10,1,2,0,0,0,0,0,0,0,0,3,0,0,0,0,0,1,5,0,0,0,0,0,15,0,0,0,0,0,0,0,0,0,0,0,0,0,2,0
