NR_ZONA,NR_LOCAL_VOTACAO,NM_LOCAL_VOTACAO,DS_LOCAL_VOTACAO_ENDERECO,NM_BAIRRO,NR_LATITUDE,NR_LONGITUDE,ID_BAIRRO,FL_TRANSITO,QT_ELEITORES,QT_VOTOS_TOTAL,QT_VOTOS_BRANCOS,QT_VOTOS_NULOS,QT_VOTOS_ANULADOS,LEG_10,LEG_11,LEG_12,LEG_13,LEG_14,LEG_15,LEG_16,LEG_18,LEG_19,LEG_20,LEG_21,LEG_22,LEG_23,LEG_27,LEG_28,LEG_29,LEG_30,LEG_33,LEG_35,LEG_36,LEG_40,LEG_43,LEG_44,LEG_45,LEG_50,LEG_51,LEG_55,LEG_65,LEG_77,LEG_90,CAND_1000,CAND_1001,CAND_1002,CAND_1007,CAND_1010,CAND_1011,CAND_1012,CAND_1017,CAND_1020,CAND_1022,CAND_1023,CAND_1025,CAND_1030,CAND_1034,CAND_1038,CAND_1040,CAND_1042,CAND_1044,CAND_1050,CAND_1055,CAND_1057,CAND_1060,CAND_1070,CAND_1077,CAND_1080,CAND_1088,CAND_1089,CAND_1090,CAND_1099,CAND_1100,CAND_1101,CAND_1102,CAND_1103,CAND_1107,CAND_1110,CAND_1111,CAND_1112,CAND_1120,CAND_1121,CAND_1122,CAND_1123,CAND_1124,CAND_1125,CAND_1133,CAND_1138,CAND_1141,CAND_1143,CAND_1144,CAND_1147,CAND_1150,CAND_1151,CAND_1155,CAND_1160,CAND_1166,CAND_1168,CAND_1177,CAND_1180,CAND_1188,CAND_1190,CAND_1199,CAND_1200,CAND_1201,CAND_1202,CAND_1203,CAND_1205,CAND_1207,CAND_1208,CAND_1210,CAND_1211,CAND_1212,CAND_1213,CAND_1214,CAND_1221,CAND_1222,CAND_1223,CAND_1230,CAND_1233,CAND_1234,CAND_1235,CAND_1236,CAND_1242,CAND_1243,CAND_1244,CAND_1255,CAND_1272,CAND_1277,CAND_1288,CAND_1290,CAND_1292,CAND_1299,CAND_1300,CAND_1301,CAND_1302,CAND_1303,CAND_1310,CAND_1311,CAND_1312,CAND_1313,CAND_1314,CAND_1316,CAND_1330,CAND_1331,CAND_1333,CAND_1345,CAND_1350,CAND_1355,CAND_1363,CAND_1366,CAND_1369,CAND_1377,CAND_1380,CAND_1390,CAND_1399,CAND_1400,CAND_1401,CAND_1403,CAND_1406,CAND_1407,CAND_1408,CAND_1409,CAND_1410,CAND_1412,CAND_1414,CAND_1415,CAND_1417,CAND_1420,CAND_1421,CAND_1422,CAND_1423,CAND_1430,CAND_1432,CAND_1433,CAND_1434,CAND_1440,CAND_1441,CAND_1444,CAND_1450,CAND_1451,CAND_1455,CAND_1456,CAND_1470,CAND_1477,CAND_1494,CAND_1499,CAND_1500,CAND_1501,CAND_1503,CAND_1505,CAND_1510,CAND_1511,CAND_1512,CAND_1515,CAND_1516,CAND_1517,CAND_1519,CAND_1520,CAND_1522,CAND_1525,CAND_1528,CAND_1530,CAND_1531,CAND_1533,CAND_1540,CAND_1542,CAND_1544,CAND_1545,CAND_1550,CAND_1551,CAND_1555,CAND_1567,CAND_1577,CAND_1578,CAND_1580,CAND_1599,CAND_1616,CAND_1800,CAND_1801,CAND_1808,CAND_1811,CAND_1812,CAND_1813,CAND_1818,CAND_1819,CAND_1821,CAND_1822,CAND_1827,CAND_1833,CAND_1840,CAND_1844,CAND_1850,CAND_1855,CAND_1857,CAND_1881,CAND_1888,CAND_1890,CAND_1899,CAND_1900,CAND_1901,CAND_1902,CAND_1905,CAND_1907,CAND_1908,CAND_1909,CAND_1910,CAND_1911,CAND_1912,CAND_1917,CAND_1918,CAND_1919,CAND_1920,CAND_1933,CAND_1939,CAND_1947,CAND_1950,CAND_1955,CAND_1960,CAND_1970,CAND_1977,CAND_1984,CAND_1988,CAND_1990,CAND_1991,CAND_1997,CAND_1999,CAND_2000,CAND_2001,CAND_2002,CAND_2003,CAND_2004,CAND_2005,CAND_2006,CAND_2009,CAND_2010,CAND_2012,CAND_2017,CAND_2018,CAND_2020,CAND_2022,CAND_2024,CAND_2027,CAND_2030,CAND_2033,CAND_2044,CAND_2051,CAND_2055,CAND_2056,CAND_2066,CAND_2077,CAND_2088,CAND_2090,CAND_2099,CAND_2100,CAND_2121,CAND_2201,CAND_2202,CAND_2210,CAND_2211,CAND_2212,CAND_2217,CAND_2220,CAND_2221,CAND_2222,CAND_2223,CAND_2230,CAND_2232,CAND_2233,CAND_2234,CAND_2238,CAND_2240,CAND_2241,CAND_2242,CAND_2244,CAND_2255,CAND_2266,CAND_2268,CAND_2277,CAND_2282,CAND_2288,CAND_2299,CAND_2300,CAND_2301,CAND_2311,CAND_2312,CAND_2323,CAND_2324,CAND_2332,CAND_2333,CAND_2345,CAND_2355,CAND_2360,CAND_2366,CAND_2700,CAND_2702,CAND_2707,CAND_2709,CAND_2710,CAND_2715,CAND_2716,CAND_2717,CAND_2720,CAND_2722,CAND_2726,CAND_2727,CAND_2733,CAND_2734,CAND_2747,CAND_2755,CAND_2757,CAND_2759,CAND_2765,CAND_2767,CAND_2770,CAND_2772,CAND_2777,CAND_2789,CAND_2790,CAND_2796,CAND_2800,CAND_2802,CAND_2810,CAND_2811,CAND_2815,CAND_2820,CAND_2821,CAND_2828,CAND_2832,CAND_2842,CAND_2846,CAND_2855,CAND_2875,CAND_2887,CAND_2899,CAND_2929,CAND_3000,CAND_3001,CAND_3003,CAND_3005,CAND_3009,CAND_3010,CAND_3011,CAND_3012,CAND_3020,CAND_3022,CAND_3023,CAND_3030,CAND_3031,CAND_3032,CAND_3033,CAND_3034,CAND_3036,CAND_3040,CAND_3043,CAND_3050,CAND_3051,CAND_3055,CAND_3066,CAND_3068,CAND_3070,CAND_3077,CAND_3099,CAND_3300,CAND_3303,CAND_3313,CAND_3319,CAND_3321,CAND_3322,CAND_3330,CAND_3331,CAND_3333,CAND_3334,CAND_3338,CAND_3344,CAND_3345,CAND_3351,CAND_3363,CAND_3377,CAND_3381,CAND_3399,CAND_3500,CAND_3501,CAND_3502,CAND_3504,CAND_3507,CAND_3510,CAND_3511,CAND_3518,CAND_3519,CAND_3522,CAND_3523,CAND_3525,CAND_3528,CAND_3533,CAND_3535,CAND_3536,CAND_3540,CAND_3545,CAND_3551,CAND_3553,CAND_3555,CAND_3565,CAND_3567,CAND_3577,CAND_3578,CAND_3580,CAND_3588,CAND_3590,CAND_3591,CAND_3600,CAND_3602,CAND_3606,CAND_3607,CAND_3610,CAND_3611,CAND_3612,CAND_3613,CAND_3619,CAND_3621,CAND_3622,CAND_3623,CAND_3633,CAND_3636,CAND_3644,CAND_3645,CAND_3655,CAND_3656,CAND_3660,CAND_3663,CAND_3666,CAND_3667,CAND_3676,CAND_3677,CAND_3678,CAND_3699,CAND_4000,CAND_4004,CAND_4010,CAND_4012,CAND_4013,CAND_4015,CAND_4019,CAND_4020,CAND_4021,CAND_4025,CAND_4027,CAND_4035,CAND_4040,CAND_4041,CAND_4044,CAND_4045,CAND_4050,CAND_4055,CAND_4080,CAND_4088,CAND_4090,CAND_4099,CAND_4343,CAND_4377,CAND_4400,CAND_4401,CAND_4403,CAND_4404,CAND_4410,CAND_4411,CAND_4412,CAND_4417,CAND_4420,CAND_4422,CAND_4424,CAND_4425,CAND_4433,CAND_4438,CAND_4440,CAND_4442,CAND_4443,CAND_4444,CAND_4445,CAND_4450,CAND_4455,CAND_4456,CAND_4467,CAND_4477,CAND_4478,CAND_4480,CAND_4488,CAND_4499,CAND_4500,CAND_4511,CAND_4522,CAND_4523,CAND_4545,CAND_4546,CAND_4554,CAND_4555,CAND_4567,CAND_4590,CAND_5000,CAND_5005,CAND_5010,CAND_5013,CAND_5020,CAND_5025,CAND_5050,CAND_5051,CAND_5055,CAND_5077,CAND_5100,CAND_5101,CAND_5103,CAND_5105,CAND_5107,CAND_5115,CAND_5122,CAND_5123,CAND_5125,CAND_5131,CAND_5133,CAND_5147,CAND_5151,CAND_5155,CAND_5177,CAND_5178,CAND_5180,CAND_5181,CAND_5188,CAND_5192,CAND_5500,CAND_5501,CAND_5503,CAND_5505,CAND_5507,CAND_5510,CAND_5511,CAND_5512,CAND_5514,CAND_5515,CAND_5520,CAND_5522,CAND_5525,CAND_5533,CAND_5540,CAND_5544,CAND_5545,CAND_5550,CAND_5555,CAND_5556,CAND_5560,CAND_5566,CAND_5570,CAND_5573,CAND_5577,CAND_5580,CAND_5588,CAND_5590,CAND_5599,CAND_6500,CAND_6513,CAND_6555,CAND_6565,CAND_7700,CAND_7706,CAND_7707,CAND_7711,CAND_7714,CAND_7717,CAND_7722,CAND_7733,CAND_7741,CAND_7744,CAND_7750,CAND_7751,CAND_7755,CAND_7757,CAND_7766,CAND_7777,CAND_7778,CAND_7780,CAND_7788,CAND_7789,CAND_7790,CAND_7799,CAND_9000,CAND_9001,CAND_9002,CAND_9009,CAND_9010,CAND_9011,CAND_9013,CAND_9015,CAND_9016,CAND_9019,CAND_9020,CAND_9022,CAND_9025,CAND_9030,CAND_9033,CAND_9038,CAND_9040,CAND_9041,CAND_9050,CAND_9051,CAND_9055,CAND_9060,CAND_9066,CAND_9070,CAND_9077,CAND_9078,CAND_9088,CAND_9090,CAND_9099
1,1244,COLEGIO ESTADUAL ANGELO TREVISAN,R CARLOS RAZERA   445,VISTA ALEGRE,-25.41149479,-49.29358008,31,0,4990,4073,201,161,0,1,4,7,35,2,0,0,1,2,0,1,22,1,0,0,0,26,0,2,1,1,5,4,0,2,2,11,0,0,3,6,2,0,0,35,0,0,2,3,5,0,1,0,0,0,0,15,0,6,17,0,0,0,7,0,0,0,1,5,5,57,0,13,0,0,32,0,22,0,4,6,0,0,22,21,1,0,12,0,12,18,2,0,2,52,2,5,26,0,6,2,0,0,1,1,1,0,3,0,6,0,3,0,0,0,0,0,127,1,0,0,0,0,1,0,0,0,0,0,4,3,1,0,2,4,1,1,107,0,0,3,141,9,0,1,4,284,0,0,0,0,0,3,1,0,0,1,1,0,1,0,0,20,0,0,1,0,1,0,0,0,5,0,0,0,1,0,0,7,0,1,0,0,0,1,0,0,1,0,0,16,53,0,0,10,0,1,0,0,0,0,2,1,1,0,0,0,3,1,0,0,0,1,0,0,0,0,0,2,0,0,0,1,0,0,0,0,4,0,0,4,0,0,0,1,0,9,1,0,0,0,3,0,0,0,0,0,0,802,1,0,1,0,0,0,0,2,1,2,2,0,0,0,0,2,0,0,0,0,0,1,0,0,0,0,2,19,6,1,0,0,0,0,0,0,1,1,0,0,0,0,3,2,199,1,1,1,1,0,2,2,21,1,1,5,0,1,0,0,0,0,31,0,0,0,2,0,0,1,7,1,0,3,3,4,0,2,0,1,0,0,0,2,1,1,0,0,0,0,0,0,0,0,0,0,0,0,0,0,0,0,0,1,13,0,0,0,0,0,0,0,0,0,0,1,0,0,0,0,0,0,1,0,20,5,1,0,6,3,0,0,1,0,2,27,0,2,0,0,3,0,0,0,0,0,0,0,1,0,1,0,0,0,0,3,0,0,0,1,0,0,0,0,0,0,0,0,0,1,0,0,0,0,0,0,0,0,0,0,0,0,0,0,0,2,3,1,1,2,0,0,0,0,0,0,0,0,0,0,0,0,0,0,0,0,0,0,0,0,0,2,0,0,0,0,0,0,0,0,0,0,1,0,1,0,0,0,6,0,5,1,0,1,0,2,40,0,3,0,1,1,0,0,0,9,8,8,11,0,0,0,1,194,4,1,0,28,0,0,3,16,3,0,0,111,0,2,8,47,0,4,0,1,0,16,1,0,0,0,57,0,4,1,2,0,2,2,5,1,1,0,3,0,1,0,0,0,0,0,0,4,0,0,0,0,0,0,13,0,0,0,0,0,1,0,4,137,0,1,0,2,6,11,0,30,3,3,3,0,0,1,1,16,18,3,3,0,0,0,0,1,5,67,0,0,5,6,0,0,0,0,0,1,0,0,0,0,1,0,0,0,2,0,0,0,0,18,2,3,0,0,0,0,0,2,0,0,2,0,4,0,0,14,0,0,0,0,18,0,0,0,0,0,0,4,0,0,3,0
1,1252,ESCOLA ESTADUAL DONA CAROLA,R SOLIMOES  290,SÃO FRANCISCO,-25.41958047,-49.27991765,2,0,1701,1410,44,43,0,0,1,8,14,0,0,0,0,0,0,1,13,0,0,0,0,8,1,0,0,1,1,2,0,2,0,2,1,0,0,4,0,3,0,5,0,0,1,0,4,0,1,0,0,0,0,2,0,2,8,0,0,0,1,0,0,1,2,0,2,20,0,2,0,0,11,0,3,0,0,0,0,0,6,7,1,0,1,0,7,6,0,0,0,2,0,0,11,0,1,0,0,0,0,0,0,0,0,0,5,0,1,0,0,0,0,0,52,1,0,0,0,0,0,0,1,0,0,0,1,0,0,1,0,2,1,3,33,0,0,1,63,3,0,0,0,125,2,0,0,0,0,0,0,0,0,1,1,0,0,0,0,6,0,0,0,0,0,0,0,2,2,0,0,0,1,0,0,0,0,0,0,0,0,0,2,0,0,0,0,1,15,0,0,0,0,0,0,0,0,0,2,0,0,0,0,0,2,0,0,0,0,0,0,0,2,0,0,0,1,0,2,0,0,0,0,0,2,0,0,1,1,0,0,0,0,0,0,0,0,0,0,0,0,0,0,0,0,290,0,0,0,0,0,0,0,3,0,1,1,0,0,0,0,0,0,0,0,0,0,0,0,1,0,0,0,4,1,0,0,0,0,0,0,0,0,0,0,0,0,0,0,1,95,3,0,0,1,0,0,1,9,0,0,0,0,0,0,0,0,0,9,0,0,0,2,1,0,0,8,0,0,0,1,0,0,0,0,0,0,0,0,0,0,0,0,0,0,0,0,0,0,0,0,0,0,0,0,0,0,0,0,0,8,0,0,0,0,0,0,0,0,0,0,0,0,0,0,0,0,0,0,0,3,0,0,0,5,1,1,0,0,0,1,1,0,0,1,0,0,0,0,0,0,0,0,1,1,0,0,0,0,0,0,0,0,0,0,0,0,0,0,0,0,0,0,0,0,0,0,0,0,0,0,0,0,0,0,0,0,0,0,0,0,1,0,0,0,1,0,0,0,0,0,0,3,0,0,0,0,3,0,0,0,0,0,0,0,0,0,1,0,0,0,0,0,0,0,0,0,0,0,0,0,0,0,0,1,0,1,0,0,2,1,0,14,0,1,3,0,1,0,0,0,3,6,11,0,0,0,0,0,68,3,0,0,12,0,0,0,7,0,0,2,33,0,0,2,7,0,1,0,0,0,5,0,0,0,0,25,0,1,0,2,0,0,3,0,3,0,0,0,0,0,0,0,0,0,0,0,0,0,0,0,0,0,0,2,0,0,0,0,0,0,0,0,36,0,0,0,0,0,0,0,18,2,1,0,0,0,0,0,18,2,0,1,0,0,0,0,0,0,18,0,0,5,5,0,0,0,0,0,0,0,0,0,0,2,0,0,0,0,0,0,0,0,9,0,1,0,0,0,0,0,0,0,0,0,0,2,0,0,3,0,1,0,0,2,0,0,0,0,0,0,1,0,0,4,0
1,1260,ESCOLA MUNICIPAL MIRAZINHA BRAGA,R CORONEL JOAO GUILHERME GUIMARAES 1500,BOM RETIRO,-25.40885668,-49.28136751,13,0,2104,1764,89,66,0,2,0,5,18,0,1,0,0,0,0,1,5,1,0,0,0,10,0,0,0,0,0,2,0,2,0,4,1,0,1,7,1,0,0,12,0,0,0,0,8,0,0,0,0,0,0,0,0,3,8,0,0,0,4,0,0,0,0,0,1,20,0,9,0,1,14,1,13,0,0,1,0,0,18,7,0,0,11,0,3,10,2,0,0,5,3,1,8,0,3,1,2,0,0,1,2,1,0,0,2,0,3,0,0,0,0,0,76,0,0,0,0,0,2,0,0,0,1,0,1,0,0,0,0,2,5,2,33,0,1,3,58,4,0,0,1,115,1,0,0,1,0,0,0,0,0,0,0,0,0,0,0,11,0,0,0,0,0,0,0,1,2,0,0,0,0,0,0,2,3,0,0,0,0,0,0,0,0,0,1,11,16,0,0,1,0,0,0,0,0,0,0,0,0,0,0,1,0,0,0,0,0,0,0,0,2,0,0,0,1,0,1,0,0,0,0,1,1,1,0,0,0,0,0,0,0,1,0,0,0,0,1,2,5,0,4,0,0,366,1,0,3,0,0,0,1,0,0,1,0,0,0,0,0,0,2,0,0,0,0,2,0,0,0,0,1,2,0,0,0,0,0,0,0,1,0,0,0,0,0,0,1,3,81,3,0,0,1,0,0,0,5,0,0,2,0,0,0,0,0,0,7,0,0,0,1,0,0,2,10,0,0,0,0,0,2,0,0,0,0,0,0,1,0,0,0,0,0,0,0,0,0,0,0,0,0,0,0,0,0,0,0,0,3,0,0,0,0,0,0,0,0,0,0,0,0,0,0,0,0,0,0,0,13,2,0,0,4,0,1,0,0,1,4,14,0,9,1,0,0,0,0,0,0,0,0,0,0,0,1,0,0,0,0,0,0,0,0,1,0,0,0,0,0,0,0,0,0,0,0,0,0,0,0,0,1,0,0,0,0,0,0,0,0,0,0,0,0,0,0,0,0,0,0,0,0,0,0,0,0,0,0,0,0,0,0,0,0,0,0,0,0,0,0,0,0,0,0,0,0,0,0,0,0,0,1,0,6,0,3,0,0,0,0,0,31,0,5,1,0,0,0,3,0,0,1,8,4,0,0,0,0,75,1,0,0,3,0,0,1,15,2,0,0,37,0,1,1,1,0,0,0,2,0,8,0,0,0,0,22,0,1,0,0,2,0,4,1,0,1,0,1,0,1,0,0,0,0,0,0,0,0,0,0,0,0,0,5,1,0,0,0,0,0,0,0,55,0,0,0,0,0,3,0,29,4,1,0,0,0,0,0,8,2,2,2,0,0,0,1,0,7,27,0,0,1,3,0,0,0,2,0,0,0,0,0,0,1,0,0,0,0,0,0,0,0,12,0,1,0,0,0,1,0,0,0,0,0,0,1,0,0,9,0,2,2,0,10,0,0,0,0,1,0,0,0,0,5,0
1,1279,ESCOLA MUNICIPAL NYMPHA MARIA DA ROCHA PEPLOW,R BATISTA PESSINE  933,VISTA ALEGRE,-25.41214346,-49.30378369,31,0,1516,1257,71,36,0,0,0,1,15,0,0,0,0,1,0,0,5,2,0,0,0,4,0,0,0,0,1,3,0,1,0,1,0,1,0,12,0,0,0,34,0,0,1,0,4,0,0,0,0,0,0,3,0,1,2,0,0,0,4,0,0,3,0,0,1,12,0,7,0,1,4,0,3,0,0,1,0,0,17,5,0,0,5,0,2,6,1,0,0,4,1,0,12,0,4,2,0,0,0,0,1,0,0,0,4,0,1,0,0,0,1,0,49,0,0,0,0,0,0,0,0,0,0,0,0,0,0,0,0,2,0,0,42,0,0,2,35,1,0,0,4,54,0,0,0,0,0,2,0,0,0,0,0,0,0,0,0,9,0,0,1,0,0,0,0,2,0,0,0,0,0,0,0,0,0,0,0,0,0,0,0,0,0,0,0,15,6,0,0,0,0,0,0,0,0,0,0,1,0,0,0,0,3,0,0,0,0,1,0,0,0,0,0,0,0,0,0,0,0,0,0,0,1,0,0,0,0,0,0,3,0,1,0,0,0,0,0,0,0,0,1,0,0,206,1,0,0,0,0,0,0,0,1,2,0,0,0,0,0,0,0,0,0,0,0,1,0,0,0,0,2,8,0,0,0,0,0,0,0,0,0,1,0,0,0,0,0,0,67,4,1,2,0,0,0,0,11,0,0,0,1,0,0,0,0,0,7,0,0,1,2,0,0,2,3,0,0,1,0,4,0,0,0,0,0,0,0,0,0,0,0,0,0,0,0,0,0,0,0,0,3,0,0,0,0,0,0,0,2,0,0,0,0,0,0,0,0,0,0,0,0,0,0,1,0,0,0,1,3,3,2,0,1,1,0,0,0,0,0,5,0,1,2,0,3,0,0,0,0,0,0,0,1,0,0,0,1,0,0,0,0,0,0,0,0,0,0,0,0,0,0,0,0,0,0,0,0,0,0,0,0,0,0,0,0,3,0,0,0,0,0,0,0,0,0,0,0,0,0,0,6,0,0,0,0,0,0,0,0,0,0,0,0,0,0,3,0,0,0,0,0,0,0,0,0,0,0,0,0,0,0,0,2,0,0,0,0,0,0,2,28,0,4,0,0,0,2,0,0,0,1,3,1,0,0,2,0,40,0,0,0,9,0,0,0,10,0,0,0,32,1,0,0,17,0,0,0,0,0,0,0,0,0,0,21,2,0,0,0,0,0,0,1,0,0,0,0,0,0,0,0,0,0,0,0,0,0,0,0,0,0,0,2,0,0,0,0,0,0,0,0,51,0,1,1,0,3,6,0,4,0,2,0,0,0,0,1,13,7,0,1,0,0,0,1,0,0,40,0,0,0,2,0,0,0,1,0,0,0,0,0,0,3,1,0,0,0,0,0,0,0,12,0,0,0,0,0,0,0,0,0,0,0,0,3,0,0,2,0,1,2,0,2,0,0,0,0,0,0,6,0,0,5,0
1,1317,COLÉGIO ADVENTISTA BOM RETIRO (PARTICULAR),R LYSIMACO FERREIRA DA COSTA 980,BOM RETIRO,-25.41612053,-49.27517221,13,0,3914,3128,128,94,0,0,0,7,43,2,3,0,0,1,0,1,23,0,0,0,0,13,0,0,0,2,3,4,1,12,1,3,0,0,0,4,1,1,0,12,0,0,0,0,33,0,3,0,0,0,0,2,0,1,14,0,0,0,3,0,0,0,0,0,5,62,0,11,0,0,20,0,10,2,1,3,0,0,27,16,3,0,4,0,5,6,0,1,0,6,2,1,28,0,3,4,1,0,0,1,1,1,5,0,2,0,1,0,1,0,0,0,110,0,1,0,0,1,0,0,2,0,0,0,5,2,2,0,1,7,2,2,87,0,1,10,111,5,1,1,6,257,2,0,0,1,0,0,1,0,0,5,0,0,0,0,1,15,0,0,0,0,0,0,0,2,0,0,0,0,1,1,0,2,1,0,0,0,0,1,1,0,0,0,0,5,39,0,1,0,2,1,0,0,0,0,0,1,0,0,0,0,1,0,0,0,0,0,0,0,2,0,0,1,1,0,3,0,0,0,0,0,4,2,0,4,4,0,0,0,0,8,0,0,0,0,1,0,3,1,0,1,1,604,5,0,2,1,0,0,0,1,0,2,0,4,0,0,0,0,3,0,0,2,0,0,0,0,0,0,0,1,0,0,0,0,0,0,0,3,0,0,0,0,0,0,4,2,164,2,1,1,2,1,0,2,20,1,3,0,1,1,2,0,0,0,14,0,0,0,1,1,0,0,15,0,1,2,0,0,1,0,0,2,0,0,0,0,0,0,0,0,0,0,0,0,0,0,0,0,0,0,0,0,0,0,0,0,9,0,0,0,0,2,0,0,0,0,0,0,0,0,0,0,0,0,1,0,18,2,2,1,6,4,1,1,0,0,0,18,0,3,2,0,2,0,0,1,0,2,1,0,0,5,0,0,0,0,0,0,1,0,0,0,0,0,0,0,0,0,0,0,1,0,0,1,0,0,0,0,0,0,0,0,0,1,0,0,0,0,0,0,0,0,0,0,0,0,0,0,1,0,0,0,0,0,0,0,0,0,0,0,0,0,0,4,0,0,0,0,0,0,0,0,0,0,0,0,0,0,0,2,9,0,3,1,0,0,0,1,33,1,5,1,0,1,0,0,0,1,2,1,3,0,0,0,0,147,6,0,0,24,0,0,7,21,2,0,0,65,0,0,9,27,0,1,0,3,0,7,1,0,0,0,29,0,2,2,1,0,0,4,5,1,1,0,5,3,0,0,0,1,0,0,0,0,0,0,1,0,0,1,2,0,0,0,0,0,0,0,8,99,0,0,0,0,6,8,1,38,2,4,0,0,0,2,1,29,16,0,2,1,0,0,1,0,1,51,0,0,7,2,0,0,0,2,3,0,0,0,0,0,1,0,0,1,0,0,2,0,0,31,1,2,0,0,0,1,0,0,0,0,0,0,2,0,0,2,0,1,1,0,9,0,0,0,0,2,0,1,0,0,1,0
1,1325,COLÉGIO CATÓLICA DE CURITIBA,NILO PECANHA  1635,BOM RETIRO,-25.406049,-49.2759618,13,0,4793,3934,133,107,0,0,1,15,39,1,1,0,1,1,0,0,28,2,0,0,0,18,0,0,0,0,2,11,3,8,0,10,0,2,0,11,0,0,0,16,0,1,0,4,10,0,0,2,0,0,0,5,0,6,12,0,0,0,3,0,0,0,1,8,1,56,0,13,0,0,25,0,23,0,1,2,0,0,25,28,1,0,13,0,7,18,5,1,3,16,3,0,34,2,16,3,1,0,0,4,1,0,1,0,8,0,0,3,0,0,0,1,169,1,0,0,0,0,0,0,1,0,0,0,6,3,2,0,2,5,0,2,88,0,2,5,127,2,1,3,2,324,4,0,0,0,0,0,0,0,0,3,0,0,0,0,0,12,0,0,0,1,0,0,0,8,2,0,0,0,0,0,1,3,7,0,0,0,0,0,0,0,0,0,0,9,51,1,0,0,1,0,0,0,0,0,0,2,1,0,0,0,0,1,0,0,0,0,0,0,6,0,0,2,0,0,2,0,0,1,0,0,2,0,0,1,2,0,0,1,0,3,0,0,0,0,5,0,1,1,0,0,0,839,12,1,0,0,0,0,0,3,0,5,1,0,0,1,3,0,0,0,0,0,0,1,0,0,0,0,0,7,0,0,0,0,0,0,0,0,0,0,0,0,0,0,3,8,235,7,0,2,0,0,0,1,19,1,0,1,1,0,0,0,0,0,10,0,0,0,16,1,0,0,36,0,0,1,1,0,1,0,0,0,0,0,0,0,0,0,0,0,0,0,0,0,0,0,0,0,0,0,0,0,0,0,0,1,11,0,0,0,0,0,0,0,0,0,0,0,0,0,0,0,1,0,0,1,30,4,3,1,7,3,2,1,2,2,2,26,0,2,5,3,6,1,0,0,1,0,0,0,3,2,0,0,0,0,0,0,0,0,0,2,0,2,0,0,0,0,0,0,0,0,0,0,0,0,0,0,0,0,0,0,0,1,0,0,0,1,6,0,0,0,0,0,0,0,0,0,0,0,0,0,0,0,0,0,0,0,0,1,0,0,0,0,0,1,0,0,2,0,0,0,0,0,0,0,0,0,1,0,10,0,7,1,0,1,0,1,36,2,4,0,0,4,3,1,0,3,9,19,2,0,0,2,0,178,2,0,0,35,0,0,2,26,2,0,0,67,2,0,4,19,0,0,0,0,0,13,0,1,1,0,37,1,1,0,1,0,0,2,10,0,0,0,5,1,5,1,0,1,0,0,0,1,0,0,0,0,0,0,3,0,1,0,0,0,0,0,3,118,0,0,0,2,5,2,3,71,2,12,0,1,0,2,0,14,5,2,4,0,0,0,1,0,4,55,0,1,10,12,1,0,0,1,1,2,0,0,0,0,1,0,0,0,0,0,1,0,1,22,1,1,0,0,0,0,0,0,0,0,0,1,4,0,0,8,0,0,0,0,14,0,0,1,0,0,1,2,0,1,4,0
1,1422,COLEGIO ESTADUAL BENTO MUNHOZ DA ROCHA NETO,R ELVIRA B POLAK  67,PILARZINHO,-25.39678581,-49.28933367,32,0,3970,3221,244,143,0,1,2,7,43,0,0,2,0,1,0,1,13,2,0,0,1,11,1,0,0,1,4,4,1,4,0,12,0,0,2,27,1,0,0,47,0,0,6,0,16,0,0,1,0,0,0,2,1,2,6,0,0,0,4,0,0,0,0,2,9,29,0,12,1,0,17,0,21,0,0,4,0,0,25,14,2,0,12,0,14,15,5,0,0,11,3,0,22,1,10,5,1,0,0,0,1,0,1,0,3,0,2,0,0,0,0,3,92,3,1,0,0,0,3,0,0,0,0,0,4,0,0,0,2,9,1,2,109,0,1,11,86,9,1,2,9,205,2,0,0,0,0,3,0,0,0,0,2,0,0,0,1,10,0,0,2,0,0,2,0,0,0,0,0,0,2,0,0,0,2,0,0,0,0,0,3,0,2,2,0,8,23,0,0,14,0,0,0,0,0,0,1,1,0,0,0,0,10,1,0,0,1,0,0,0,0,0,0,0,0,0,2,0,0,0,0,0,11,0,0,5,0,0,0,0,0,2,1,1,0,0,0,2,4,2,0,0,0,399,2,0,0,0,0,1,2,2,0,2,3,1,0,0,0,0,2,0,0,0,0,0,0,0,0,0,2,5,0,0,1,0,0,0,0,0,0,2,0,0,0,0,0,4,142,8,5,1,1,0,0,1,30,0,0,0,3,0,0,0,0,0,34,0,0,0,2,2,0,1,11,0,0,2,0,1,2,0,0,0,0,0,0,0,0,0,0,0,0,0,0,0,0,0,0,0,0,0,0,0,0,0,0,0,5,0,0,0,0,0,0,0,0,0,0,0,0,0,0,0,0,0,0,1,4,3,0,2,5,0,1,0,0,0,1,5,0,0,3,0,4,0,0,2,2,1,0,0,1,1,0,0,1,0,0,0,3,0,0,2,0,0,0,0,0,0,0,0,0,0,0,0,0,0,0,0,0,0,0,0,1,0,0,2,0,0,0,0,2,5,0,0,0,0,0,0,3,0,0,0,0,0,2,0,0,0,0,0,1,0,0,2,0,1,0,0,0,0,0,0,0,0,0,0,0,0,0,0,6,3,4,6,0,0,0,4,48,0,3,0,0,0,0,3,0,1,2,7,0,0,0,0,0,217,6,2,0,13,0,0,1,36,0,0,0,107,1,0,4,9,0,4,0,0,0,10,0,0,0,0,30,0,3,0,0,0,1,4,7,1,0,0,5,1,10,0,0,0,0,0,0,0,0,0,0,0,0,0,1,0,0,0,0,0,0,0,7,100,0,1,0,3,3,3,0,25,6,5,0,0,0,5,4,2,15,6,0,0,0,0,1,0,0,81,0,2,6,11,0,1,0,0,1,0,0,0,0,0,3,0,0,0,0,0,0,0,0,19,0,2,0,1,0,0,0,0,1,0,0,0,5,0,0,11,0,0,8,0,37,0,0,1,0,2,0,2,0,1,10,0
1,1430,ESCOLA MUNICIPAL HERLEY MEHL,RUA SATURNINO ARRUDA DOS SANTOS 80,PILARZINHO,-25.38869683,-49.28458932,32,0,4637,3734,258,212,0,0,3,7,44,3,2,0,1,2,0,0,37,1,0,0,0,14,0,0,1,3,1,19,3,3,2,8,0,1,1,17,0,0,0,47,0,0,12,0,36,1,0,1,0,0,0,6,0,4,2,0,0,1,17,2,0,0,0,3,26,28,0,15,1,2,22,0,14,1,2,3,0,0,29,21,3,0,14,0,20,18,10,0,3,4,0,1,31,1,7,2,2,0,0,0,0,0,0,0,2,0,1,0,0,0,1,0,145,2,1,0,0,0,2,0,2,0,1,0,2,4,0,0,0,1,1,2,119,0,1,6,127,5,0,0,12,164,1,1,0,0,0,9,3,1,0,1,1,0,0,0,1,32,0,0,1,0,0,0,0,0,0,0,0,2,2,3,0,1,1,0,0,1,0,1,0,0,0,0,1,7,26,1,0,21,0,0,0,0,0,0,1,1,0,0,0,0,13,1,0,0,0,1,1,0,3,0,0,0,4,0,1,1,0,0,0,1,5,0,0,1,1,0,0,5,0,0,4,0,0,0,2,0,5,0,0,0,0,356,3,0,0,0,0,0,0,0,0,5,1,2,0,0,0,0,1,0,0,1,0,0,0,0,0,0,1,6,0,0,1,0,0,0,0,0,0,0,0,0,0,0,2,1,152,5,2,0,0,0,0,0,33,2,0,0,0,0,2,0,0,1,56,1,0,0,3,0,0,0,16,0,0,0,1,1,0,0,0,1,0,0,0,0,0,0,0,0,0,1,0,0,0,0,0,1,0,0,0,0,0,0,0,0,4,0,0,0,0,0,0,0,0,0,0,0,0,0,0,0,1,0,0,0,6,2,0,2,7,3,2,0,1,0,3,6,0,0,1,1,0,0,0,2,0,0,1,0,0,0,0,0,0,1,0,0,0,0,0,1,0,0,0,0,0,0,2,0,0,0,0,0,0,0,0,0,0,0,0,0,0,0,0,0,0,1,0,0,3,0,0,0,0,0,0,0,0,0,1,0,0,0,2,0,2,0,0,0,0,0,4,0,0,0,0,0,0,0,0,0,0,0,0,0,0,0,0,2,6,0,3,1,0,2,0,2,59,0,4,0,0,0,5,0,0,0,2,6,1,0,0,0,0,197,5,0,0,13,0,0,16,37,2,0,1,146,3,0,5,23,0,0,0,3,0,4,2,0,0,1,65,0,4,0,1,0,0,4,3,0,0,0,5,1,62,0,0,0,1,0,0,2,0,0,0,0,0,0,2,0,0,0,0,0,0,0,3,163,0,0,1,5,5,9,4,39,4,6,0,0,0,7,1,14,15,8,5,0,0,0,0,0,1,84,1,0,12,2,0,0,0,0,1,0,0,0,0,0,3,0,0,0,0,3,1,0,0,37,0,1,0,1,0,6,0,0,1,3,0,0,7,0,0,13,0,1,3,1,14,0,0,0,0,0,0,0,0,0,6,0
1,1457,ESCOLA ESTADUAL PROFESSORA MARIA HELOISA CASSELI,RUA CATHARINA POTINA DE MAURO 80,PILARZINHO,-25.39274258,-49.30096661,32,0,2112,1720,138,81,0,1,3,4,20,0,1,0,0,1,0,0,15,0,0,0,0,4,0,2,0,0,0,6,1,1,0,4,0,0,0,29,0,0,0,30,0,1,0,0,29,0,0,0,0,0,0,5,0,0,1,0,0,0,3,1,0,0,0,0,10,15,0,3,1,2,3,1,2,0,1,1,0,0,15,16,0,0,9,0,7,21,1,0,1,2,0,0,19,1,3,0,0,0,0,0,0,0,0,0,3,0,0,0,0,0,1,0,43,1,0,0,0,0,0,0,0,1,0,0,0,0,1,0,0,1,0,1,70,0,2,2,33,1,0,0,8,78,0,0,0,0,2,8,0,0,0,0,0,0,0,0,0,8,0,0,0,0,0,1,0,0,0,1,0,0,0,0,0,0,1,0,0,0,0,1,0,0,2,0,0,10,17,0,0,5,0,0,0,0,0,0,2,0,0,0,0,0,23,0,0,0,0,1,0,0,0,0,0,0,0,0,0,0,0,0,0,0,4,0,0,7,0,0,0,9,0,0,2,0,1,0,0,0,3,1,0,0,0,166,1,0,0,0,0,0,0,0,0,3,0,0,0,0,1,0,0,0,0,0,0,0,0,0,0,0,0,6,0,0,0,0,0,0,0,0,0,9,0,0,0,0,0,1,55,2,0,0,0,0,0,0,21,3,0,1,0,1,0,0,0,0,40,0,0,0,4,0,0,2,6,0,0,5,0,1,0,1,2,0,0,0,0,0,1,0,0,1,0,0,0,0,0,0,0,0,0,0,0,0,0,0,0,0,1,0,0,0,0,0,0,0,0,0,0,0,0,0,0,0,0,1,0,0,3,2,0,0,5,0,1,2,0,0,0,0,0,0,1,1,0,0,0,0,0,0,0,0,0,0,0,0,0,0,0,0,1,0,0,0,0,0,0,0,0,0,0,0,0,0,0,0,0,0,0,0,0,0,0,0,0,2,0,0,0,0,1,0,0,0,0,1,0,0,0,0,14,1,0,0,0,0,0,0,0,0,0,0,0,0,1,2,1,1,0,0,1,0,0,0,0,0,0,0,0,0,0,0,4,0,4,0,0,0,0,0,32,0,1,0,0,0,0,0,0,1,0,8,1,0,0,0,0,70,2,0,0,11,0,0,2,16,0,0,0,53,1,0,1,4,0,0,0,2,9,2,0,0,0,0,19,0,1,1,0,0,0,0,0,0,0,0,2,0,0,0,1,0,0,0,0,3,0,0,0,0,0,0,2,0,0,0,0,0,0,0,0,55,0,1,0,1,0,4,0,30,6,0,0,0,0,1,1,8,4,2,3,0,0,0,0,0,0,56,0,1,0,0,0,0,1,0,1,1,0,0,0,0,2,0,0,0,0,0,0,0,0,12,0,9,0,0,0,0,0,0,0,0,0,0,5,0,0,4,0,0,1,0,4,1,0,0,0,1,0,2,0,0,4,0
1,1465,ESCOLA MUNICIPAL PILARZINHO,R JORNALISTA GERALDO RUSSE  275,PILARZINHO,-25.38910219,-49.29454348,32,0,2438,1931,214,97,0,1,2,8,23,1,1,1,1,3,1,0,14,1,0,0,0,0,0,2,1,2,1,6,1,3,1,3,0,0,0,4,0,0,0,53,0,0,2,0,20,1,1,0,0,0,0,0,0,1,3,0,0,0,13,1,0,0,0,0,11,30,1,2,2,0,8,0,7,0,1,0,0,0,5,13,1,0,10,1,15,10,5,0,0,3,1,0,9,1,0,1,0,1,0,1,0,1,0,0,2,0,0,0,0,0,1,0,43,2,0,0,0,0,0,0,0,0,0,0,0,3,0,0,1,2,2,1,73,0,1,1,32,14,2,0,10,82,0,0,0,0,2,9,0,1,0,0,0,2,0,0,1,17,0,0,1,0,0,0,0,0,0,0,0,1,0,0,0,0,0,0,0,0,0,1,1,0,0,0,0,1,13,0,0,9,0,0,0,0,0,0,2,1,1,0,0,0,10,1,0,0,0,1,0,0,0,0,0,0,0,0,0,0,0,0,0,1,0,0,0,1,0,0,0,1,0,2,0,1,0,0,0,1,0,0,0,0,0,161,2,0,0,0,0,0,0,0,0,0,0,0,0,1,0,0,0,0,0,0,0,0,0,0,0,0,0,0,1,0,0,1,0,0,0,1,3,0,0,0,0,1,0,2,49,4,0,0,1,0,0,2,16,2,0,1,0,0,1,0,1,1,15,0,0,0,1,0,0,0,11,0,0,2,1,0,1,3,0,1,0,0,0,0,0,0,0,0,0,0,0,0,0,0,0,0,0,0,0,0,0,0,0,0,6,0,0,0,0,0,0,0,0,0,0,0,0,0,0,0,0,1,0,0,2,0,0,0,0,0,0,0,1,0,0,4,0,0,2,0,0,0,0,0,0,2,0,0,0,0,0,0,0,0,0,0,0,0,0,0,0,0,0,0,0,0,0,0,0,0,0,0,0,0,0,0,0,0,0,0,0,0,0,0,0,1,0,0,0,1,0,0,0,3,0,0,2,0,0,0,0,0,2,0,1,0,0,0,0,0,1,2,0,1,0,0,1,0,0,0,0,0,1,0,0,0,0,0,9,0,6,3,0,0,1,7,31,0,3,0,0,0,8,1,0,2,1,6,0,0,0,0,0,101,1,0,0,3,0,1,11,16,2,0,0,74,0,0,7,15,0,0,0,0,0,4,1,1,0,0,27,0,1,0,0,0,0,0,0,0,0,0,1,0,3,0,0,0,0,0,0,0,0,0,0,0,0,0,2,0,0,0,0,0,0,0,4,62,0,0,0,1,1,3,0,14,5,2,0,0,0,7,2,3,11,5,0,0,0,1,0,0,2,58,0,0,2,1,0,1,0,1,1,0,0,0,0,0,0,0,0,1,0,0,0,0,2,31,1,6,0,1,0,0,0,0,0,0,0,0,5,0,0,13,0,0,0,0,22,0,0,0,0,0,0,0,0,0,12,0
1,1716,ESCOLA MUNICIPAL ANA HELLA,RUA JOSE HELLA  93,VISTA ALEGRE,-25.39926059,-49.29778979,31,0,1748,1482,114,65,0,0,1,1,11,1,0,0,0,1,0,0,12,0,0,0,0,4,0,0,0,0,3,4,0,3,0,1,0,0,1,14,0,0,0,12,0,0,0,1,6,0,1,0,0,0,0,1,0,4,6,0,0,0,3,3,0,0,0,4,3,27,0,1,0,0,5,1,5,0,0,1,0,0,12,2,1,0,12,0,3,5,1,0,0,6,2,0,16,1,0,0,0,0,0,0,0,1,2,0,0,0,2,0,0,0,0,2,50,0,0,0,0,0,0,0,0,0,0,0,1,0,1,0,0,0,0,2,47,0,0,0,33,5,0,1,3,74,0,0,0,0,0,4,0,0,0,0,0,0,1,0,0,10,0,0,0,0,1,0,0,0,0,1,0,0,0,0,0,0,0,0,0,0,0,0,1,0,0,0,0,4,15,0,0,4,0,0,0,0,0,0,3,1,0,0,0,0,3,0,0,0,0,1,0,0,1,0,0,1,0,0,0,0,0,0,0,3,3,0,0,1,0,0,0,0,0,1,0,0,0,0,0,0,0,0,2,0,0,201,0,0,0,0,0,1,0,0,0,2,0,0,0,1,1,0,0,0,0,3,0,0,0,0,0,0,0,1,0,0,0,0,0,0,0,0,0,0,0,1,0,0,1,2,66,3,0,0,0,2,1,0,14,0,0,0,0,0,1,0,0,1,16,0,0,0,1,0,0,0,3,0,0,3,0,0,3,2,0,0,0,0,0,0,0,0,0,0,0,0,0,0,0,0,0,0,0,0,0,0,0,0,0,0,2,0,0,0,0,0,0,0,0,0,0,0,0,0,0,0,0,0,0,1,6,0,0,0,3,0,0,0,0,0,0,2,0,0,2,0,1,0,0,4,0,0,0,0,0,0,0,0,0,0,0,0,0,0,0,0,0,0,0,0,0,0,0,0,0,0,0,0,0,0,0,0,0,0,0,0,0,0,0,0,0,0,0,0,0,0,0,0,0,0,0,0,3,0,0,0,0,0,0,0,0,0,0,0,0,0,0,3,0,0,0,0,0,0,0,0,0,0,0,0,0,0,0,0,5,0,1,0,0,0,0,0,39,0,1,0,1,1,0,0,0,0,1,2,1,0,0,0,0,71,3,0,1,4,0,0,1,15,0,0,0,60,1,1,2,15,0,1,0,2,0,0,0,0,0,0,18,0,2,1,0,0,0,0,4,0,0,0,3,0,1,0,0,0,0,0,0,0,0,0,0,0,0,0,0,0,0,0,0,0,0,0,1,68,0,0,0,0,1,1,0,7,2,1,0,0,0,0,0,2,4,0,0,0,0,0,0,0,0,26,0,0,5,1,0,0,0,0,0,0,0,0,0,0,6,0,0,0,0,0,2,0,0,20,0,1,0,1,0,1,0,0,0,0,0,2,5,1,0,14,0,0,1,0,19,0,0,0,0,1,0,5,0,0,3,0
1,1732,ESCOLA MUNICIPAL CEI PROFESSOR LAURO ESMANHOTO,RUA AFFONSO BARONI  175,PILARZINHO,-25.38022836,-49.29552678,32,0,2109,1739,130,85,0,0,0,2,18,0,1,0,0,2,0,1,10,0,0,0,1,0,0,0,0,0,0,7,3,1,0,3,0,0,0,7,0,0,1,42,0,2,1,0,26,0,3,1,0,0,0,2,0,1,1,0,0,0,30,0,0,0,0,0,6,16,0,6,1,0,10,0,7,0,2,2,0,0,10,7,0,0,12,0,5,3,6,0,1,1,3,0,16,0,4,0,0,2,0,0,0,0,1,0,3,0,0,0,0,0,0,0,62,1,0,0,0,0,0,0,0,0,0,0,1,0,0,0,1,6,1,5,85,0,0,5,40,3,0,1,3,91,4,0,0,0,0,22,0,1,0,0,1,0,0,0,0,14,0,0,0,0,0,0,0,0,0,0,0,0,1,0,0,0,0,0,0,0,0,1,0,0,0,0,0,5,21,0,0,1,0,0,0,0,0,0,0,0,0,0,0,0,15,1,0,0,0,0,0,0,0,0,0,0,1,0,0,1,0,0,0,1,5,0,0,1,0,0,0,2,0,1,0,0,0,0,0,0,0,0,0,0,0,138,0,1,0,0,0,0,0,0,2,2,1,0,0,0,0,0,0,0,0,0,0,0,0,0,0,0,0,4,1,0,0,0,0,0,0,0,0,0,0,0,0,0,0,1,47,4,0,0,0,0,0,1,14,0,0,0,2,0,0,0,0,2,17,0,0,0,2,1,0,0,8,0,0,1,2,0,2,3,0,2,0,0,0,0,0,0,0,0,0,0,0,0,0,1,0,0,1,0,0,0,0,0,0,0,0,0,0,0,0,0,0,0,0,0,0,0,0,0,0,0,1,0,2,0,3,0,1,0,4,0,0,0,0,0,3,3,0,0,0,0,0,0,0,1,0,0,0,0,1,0,0,0,0,0,0,0,0,0,0,0,0,0,0,0,0,3,0,0,0,0,0,0,0,0,0,0,0,0,0,0,0,1,0,0,0,1,1,0,0,0,1,0,0,0,0,0,0,0,1,0,0,0,3,0,1,0,0,0,0,0,0,1,0,0,0,0,0,0,0,0,0,0,0,0,0,0,1,1,5,0,0,3,0,1,0,2,20,0,0,0,0,0,2,1,0,0,2,3,1,1,0,0,0,91,1,0,0,4,0,0,5,10,0,0,1,78,0,0,7,8,0,0,0,0,0,1,0,0,1,0,30,0,2,0,1,0,0,2,1,1,0,0,2,0,9,0,0,0,0,0,0,1,0,0,0,0,0,0,0,0,0,0,0,0,0,0,0,51,0,0,0,0,1,3,0,30,8,1,0,0,0,7,1,1,10,0,0,0,0,0,0,0,0,62,0,0,5,11,0,1,0,1,0,0,1,0,0,0,0,0,0,0,0,0,0,0,0,17,1,1,0,0,0,0,0,0,0,0,0,1,1,0,0,7,1,0,4,0,9,0,0,1,0,0,0,2,0,0,0,0
1,1740,COLEGIO VICENTINO SAO JOSE (PARTICULAR),R PADRE JOSE JOAQUIM GORAL  182,ABRANCHES,-25.3823401,-49.27253978,50,0,3175,2707,136,106,0,1,2,3,33,0,3,0,0,0,2,0,18,3,0,0,0,10,0,0,0,3,4,7,3,7,1,5,0,0,1,5,1,1,0,30,0,0,2,3,11,0,2,1,0,0,0,1,0,2,9,0,0,0,6,0,0,1,0,1,7,37,0,8,2,0,13,0,6,0,2,1,0,0,15,11,0,0,11,0,10,20,8,2,4,7,1,1,26,1,6,0,0,0,1,0,0,0,1,0,5,0,0,0,0,0,0,1,104,0,0,0,0,1,1,0,0,0,0,0,1,1,0,0,0,4,3,2,75,0,2,7,102,5,0,2,6,167,1,0,0,0,2,5,0,0,0,0,3,0,0,0,0,13,0,0,0,0,0,0,0,0,2,0,0,0,0,0,0,0,1,0,0,0,0,1,0,0,0,1,0,6,21,2,0,2,1,0,0,0,0,0,1,0,0,0,0,0,0,0,0,1,0,1,0,0,3,0,0,0,1,0,3,0,0,0,0,0,4,0,0,0,0,0,0,0,0,2,1,1,0,0,0,0,5,0,0,0,0,474,1,2,0,0,0,0,0,0,2,4,1,0,0,0,0,2,0,0,0,0,0,0,0,0,0,0,0,5,0,0,0,0,0,0,0,0,0,0,1,0,0,0,1,2,116,1,1,0,1,0,1,1,26,3,0,0,0,0,0,0,1,0,6,0,0,0,4,1,0,0,16,0,0,1,0,1,2,0,1,0,0,0,0,0,0,0,0,0,0,0,0,0,0,0,0,0,0,0,0,0,0,0,0,0,7,0,0,0,0,0,0,0,0,0,0,0,0,0,0,0,0,0,1,0,14,1,0,0,11,4,1,0,0,0,0,9,0,6,2,0,0,0,0,1,0,0,1,0,0,0,1,0,0,0,0,0,0,0,0,0,0,0,1,0,0,2,0,0,0,0,1,0,0,0,0,0,0,0,0,0,0,0,0,0,0,0,0,0,0,1,0,0,0,0,0,0,0,0,0,0,0,0,0,0,0,0,0,0,0,0,0,1,0,0,0,0,0,0,0,0,0,0,0,0,0,2,0,0,6,0,6,0,0,7,0,2,50,0,0,1,1,1,0,0,0,1,5,12,1,0,0,0,1,146,5,0,0,9,0,0,4,19,4,0,0,69,3,0,12,7,0,0,0,0,0,8,1,0,0,0,30,0,1,0,1,0,0,2,0,0,0,0,3,1,0,1,0,0,1,0,0,0,0,0,0,0,0,0,1,0,0,0,0,0,1,0,7,134,0,0,0,2,3,10,2,26,2,1,0,0,0,1,1,8,8,6,0,0,0,0,0,0,1,54,0,0,6,6,1,0,1,1,1,2,0,0,0,0,6,0,0,0,0,0,0,0,0,18,0,0,0,0,1,0,0,0,0,0,0,0,2,0,0,5,0,0,3,0,15,0,0,0,0,0,0,2,0,0,5,0
1,1759,PAROQUIA SANTANA DE ABRANCHES,RUA VITORIO JOAO BRUNOR 688,ABRANCHES,-25.38173497,-49.27189896,50,0,1630,1327,55,58,0,0,2,3,8,0,1,0,0,3,0,0,6,2,0,1,0,6,0,0,0,0,1,11,0,0,0,3,0,0,0,5,0,1,0,14,0,0,1,1,8,0,0,0,0,0,1,0,0,2,3,0,0,0,7,0,0,0,0,0,4,18,0,3,1,0,7,0,7,0,1,1,0,1,8,5,1,0,7,0,9,11,0,0,2,1,2,0,15,0,7,2,0,0,0,2,0,0,0,0,0,0,0,0,1,0,0,0,60,0,0,0,1,0,0,0,0,0,0,0,0,0,0,0,0,1,0,3,49,0,1,1,49,0,0,0,5,52,0,1,0,0,1,1,0,0,0,2,0,0,0,0,0,4,0,0,1,0,0,0,0,1,0,0,0,0,0,0,0,0,2,0,0,0,0,0,0,0,1,0,0,4,10,0,0,2,0,0,0,0,0,0,0,0,0,0,0,2,2,0,0,0,0,0,0,0,0,0,0,0,0,0,2,0,0,0,0,0,4,1,0,1,0,0,0,1,0,3,1,1,1,0,0,0,0,0,0,0,0,187,1,0,0,0,0,1,0,0,0,2,1,1,0,0,3,0,1,0,0,0,0,0,0,0,0,0,0,4,0,0,0,0,0,0,0,1,4,0,0,0,0,0,0,0,52,1,0,0,0,0,0,2,9,0,0,0,0,0,0,0,1,0,14,0,0,0,0,0,0,1,9,0,0,0,0,0,0,0,0,0,0,0,0,2,0,0,0,0,0,0,0,0,0,0,0,0,0,0,0,0,0,0,0,0,1,0,0,0,0,0,0,0,0,0,0,0,0,0,0,0,0,0,0,0,1,1,0,0,2,0,0,0,0,0,0,3,0,0,1,0,1,0,0,1,1,0,0,0,1,0,0,0,0,0,0,0,0,0,0,0,0,0,0,0,0,0,0,0,0,0,0,0,0,0,0,0,0,0,0,0,0,0,0,0,0,0,0,0,1,0,0,0,1,0,0,0,0,0,0,0,0,0,0,0,0,0,0,0,0,0,0,2,1,0,0,0,0,0,0,0,0,0,0,0,0,0,0,0,0,0,0,1,0,0,0,0,45,0,1,2,0,1,0,0,0,0,1,10,1,0,0,0,0,75,6,0,0,9,0,0,2,9,4,0,1,41,0,0,4,4,0,0,0,1,0,2,0,0,0,0,19,0,0,0,0,0,0,3,0,0,0,0,0,0,0,0,0,0,1,0,0,0,0,0,2,0,0,0,0,0,0,0,0,0,0,0,3,79,0,0,0,3,1,4,1,13,0,1,1,0,0,1,0,2,4,1,1,0,0,0,1,0,0,24,0,0,2,1,0,0,0,0,0,0,0,0,0,0,1,1,0,0,0,0,0,0,0,11,0,0,0,0,0,0,2,0,0,0,0,1,2,0,0,4,0,1,1,0,5,0,0,0,0,0,0,0,0,0,5,0
1,1767,COLEGIO ESTADUAL PROFESSOR LOUREIRO FERNANDES,R MARECHAL MALLET    540,AHÚ,-25.40759083,-49.2607406,14,0,4269,3615,113,90,0,3,0,7,36,1,1,0,0,3,0,0,16,0,0,0,0,29,0,1,0,2,2,10,0,10,0,3,0,0,0,9,2,0,0,18,0,0,0,0,2,1,2,0,0,0,0,4,0,9,12,0,0,0,2,0,0,0,0,3,1,51,0,7,0,0,24,0,17,0,2,4,0,0,29,7,2,0,4,0,6,13,2,0,0,1,0,0,24,1,12,6,1,2,0,2,0,0,2,0,6,1,4,0,0,0,0,0,111,3,0,0,0,0,0,0,1,2,0,0,4,0,0,0,1,7,0,5,76,0,1,7,143,4,0,0,5,334,4,0,0,0,0,1,0,0,0,2,0,0,0,0,0,17,0,0,1,0,0,0,0,0,2,0,0,0,0,1,0,2,2,0,0,0,0,0,0,0,0,0,0,5,44,0,0,2,0,0,0,0,0,0,2,0,0,0,0,2,1,0,0,0,0,0,1,0,1,0,0,0,3,0,3,1,0,1,0,0,5,0,0,1,1,0,0,0,0,2,0,0,0,0,0,0,1,0,2,0,0,952,11,0,0,0,0,0,0,0,0,4,3,2,2,0,0,2,0,0,0,0,0,3,0,0,0,0,0,13,0,0,1,0,0,0,0,2,0,0,0,0,0,0,1,4,215,4,0,1,0,0,0,1,14,5,0,1,0,2,0,0,0,0,35,0,0,0,5,0,0,0,58,2,0,0,1,1,0,0,0,1,0,0,0,0,0,0,0,0,0,0,0,0,0,0,0,0,0,0,0,0,0,0,0,0,3,0,0,0,0,0,0,0,0,0,0,0,0,0,1,0,0,0,0,0,23,4,4,3,11,2,0,2,2,1,0,23,0,5,3,1,2,1,0,0,0,0,0,0,3,1,4,0,0,1,0,0,0,0,0,0,0,0,0,0,0,0,0,0,0,0,0,0,0,0,0,0,0,0,2,0,0,2,0,0,0,0,0,0,0,0,0,0,1,0,1,0,1,0,0,0,0,0,0,0,0,0,0,0,0,0,0,1,0,0,0,0,0,0,0,0,0,0,0,0,0,0,1,2,7,0,7,0,0,0,0,0,40,0,2,0,0,3,0,2,0,1,9,14,3,0,0,0,0,91,5,0,0,19,0,0,1,38,4,2,0,70,0,0,1,5,0,4,1,3,0,6,3,1,1,0,34,0,2,1,1,0,0,8,4,4,0,0,4,1,1,1,0,0,0,0,0,0,0,0,0,0,0,0,1,0,0,0,0,0,0,0,13,105,0,2,0,0,2,21,0,27,2,3,1,0,0,0,0,12,3,0,6,0,0,0,0,0,1,40,0,0,14,14,0,1,0,0,0,0,0,0,0,0,0,0,0,0,0,0,1,0,0,15,6,1,1,0,0,0,0,1,0,0,0,0,5,0,0,2,0,1,0,0,15,0,0,0,0,1,0,1,0,0,0,0
1,1775,ESCOLA ESTADUAL ALINE PICHETH,R EURIPEDES GARCEZ DO NASCIMENTO    921,AHÚ,-25.40413701,-49.26540599,14,0,3134,2579,76,63,0,0,1,9,27,0,1,0,1,1,1,2,21,1,0,0,0,14,0,0,0,1,1,3,0,1,0,1,0,0,0,7,2,0,0,10,0,1,0,0,2,0,0,0,0,0,0,0,1,5,6,0,0,0,3,0,0,0,4,0,1,40,0,15,0,0,11,0,10,0,2,2,0,0,22,7,2,1,4,0,3,14,0,0,2,5,1,1,24,2,7,1,0,0,0,0,0,0,0,0,4,0,0,0,0,0,0,0,103,0,1,0,0,0,1,0,0,0,0,0,4,1,1,0,0,6,0,0,57,0,0,0,99,2,0,0,1,167,4,0,0,0,0,0,0,0,0,4,0,0,0,0,0,8,0,1,0,0,0,0,0,0,0,0,0,0,0,0,0,7,1,0,0,0,0,0,0,0,0,0,1,3,24,0,0,1,0,1,0,0,0,0,0,0,0,0,0,0,1,0,0,1,0,0,0,0,1,1,0,0,5,0,1,3,0,0,0,0,1,0,0,0,2,0,0,1,0,2,0,0,0,0,0,0,0,0,2,0,0,613,4,0,1,0,0,0,0,2,0,3,2,1,1,0,0,0,0,0,0,0,0,1,0,0,0,0,1,17,1,0,0,0,0,0,0,3,0,0,0,0,0,0,5,0,184,6,0,1,0,0,0,2,19,1,0,1,1,3,0,0,0,0,21,0,0,0,3,0,0,1,30,2,0,0,1,0,0,1,0,1,0,0,0,1,0,0,0,0,0,0,0,0,0,0,0,0,0,0,0,1,0,0,0,0,5,0,0,0,0,0,0,0,0,0,0,0,0,0,1,0,0,0,0,0,21,3,4,0,9,1,0,1,2,0,0,12,0,1,4,0,0,1,0,0,0,0,0,0,0,0,0,0,0,0,0,0,0,0,0,0,0,0,1,0,0,0,0,0,3,0,0,0,0,0,0,0,0,0,0,0,0,1,0,0,0,0,0,0,0,1,0,0,2,0,0,0,3,0,0,0,0,0,0,0,0,0,0,1,0,0,0,2,0,0,0,0,0,0,0,0,0,0,0,0,0,0,0,0,5,0,1,1,0,1,0,0,33,0,1,0,2,1,2,2,0,2,2,9,3,0,0,0,0,108,2,0,0,14,0,0,4,17,3,0,0,47,0,0,4,11,0,0,0,0,0,6,0,0,0,1,35,0,2,0,1,0,0,5,2,0,0,0,3,1,1,0,0,0,0,0,0,0,0,0,0,0,0,0,0,0,0,0,0,0,1,0,4,86,1,0,0,3,3,4,0,29,2,3,0,0,0,2,0,11,2,0,5,0,0,0,0,0,1,30,0,0,12,14,0,0,0,1,0,0,0,0,2,0,1,0,0,1,0,0,0,0,0,16,2,3,0,2,0,0,0,0,0,0,1,0,4,0,0,1,0,3,1,0,12,0,0,0,0,1,0,2,0,0,1,0
1,1830,ESCOLA MUNICIPAL PROFESSOR BRANDAO,AV JOAO GUALBERTO  953,ALTO DA GLÓRIA,-25.41836088,-49.26361423,4,0,4416,3541,110,82,0,0,1,10,39,0,1,1,1,5,0,0,19,1,0,0,0,23,0,0,0,0,4,5,1,4,0,5,1,0,0,11,1,1,0,16,0,1,0,0,10,1,1,0,0,1,0,1,0,11,26,0,0,0,4,2,3,0,1,2,1,65,0,6,0,0,15,1,14,2,0,1,0,0,25,22,7,0,7,0,1,16,1,0,0,5,1,0,16,0,12,3,0,1,0,1,1,0,1,0,15,0,0,0,0,0,0,0,155,0,1,0,0,0,0,0,1,0,0,0,3,1,0,0,5,6,0,3,112,0,3,7,134,6,0,1,0,299,8,1,0,0,1,1,0,0,0,6,0,0,1,0,0,9,1,0,3,0,0,0,0,2,5,0,0,0,1,0,0,1,5,0,0,0,0,0,0,0,2,0,1,5,49,0,0,1,0,0,0,0,0,0,1,3,0,0,0,0,3,2,0,0,0,0,0,0,3,0,0,0,4,0,2,1,0,0,0,1,5,0,0,1,2,0,0,0,0,5,0,0,0,0,3,2,1,0,2,1,0,839,5,0,1,0,0,1,0,2,2,3,5,0,0,0,0,0,0,0,0,0,0,3,0,0,0,0,2,13,1,0,0,0,0,0,0,2,0,0,0,0,0,0,3,7,202,9,1,0,0,0,0,3,24,2,0,1,0,0,1,0,0,0,15,0,0,0,7,0,0,1,25,1,0,0,1,0,0,1,0,4,0,0,1,1,0,0,0,0,0,0,0,0,0,0,0,0,0,0,0,0,0,0,0,0,14,0,0,0,0,0,0,0,0,0,0,1,0,0,0,0,0,0,1,1,13,6,2,1,7,2,0,1,0,0,1,16,0,2,5,0,0,2,1,2,0,0,0,0,2,1,0,0,0,1,0,0,1,0,0,2,0,0,1,0,0,0,0,0,0,0,0,0,0,0,0,0,0,0,0,0,0,1,0,0,0,0,1,0,2,0,0,0,0,0,0,0,0,0,0,0,0,0,0,0,0,0,1,0,0,0,0,1,0,0,0,0,2,0,0,0,0,0,0,0,1,0,0,1,9,0,0,3,0,1,0,2,37,0,5,0,1,1,1,0,0,1,2,9,6,0,0,2,0,109,3,0,0,21,0,0,4,22,0,0,0,59,0,1,7,10,0,0,0,0,0,4,1,0,0,0,29,0,1,0,4,0,0,5,9,0,1,0,1,1,1,3,1,0,0,0,0,0,0,0,0,0,0,0,1,0,0,0,0,0,0,0,7,108,0,1,0,0,8,10,2,54,3,7,1,0,0,1,0,17,9,3,3,0,0,0,1,0,2,31,0,1,12,3,0,0,0,0,0,2,0,0,0,0,2,0,0,0,0,0,0,0,0,27,2,0,0,0,0,0,1,0,0,0,0,0,3,0,0,3,1,0,3,0,17,0,0,0,0,0,0,1,0,0,4,0
1,1848,COLEGIO ESTADUAL SANTA GEMMA GALGANI,R ASSIS BRASIL    983,ABRANCHES,-25.37190675,-49.26778731,50,0,3263,2730,236,165,0,0,1,5,22,0,4,1,0,1,0,0,23,1,0,0,0,7,0,2,0,1,1,11,0,0,0,8,1,1,2,4,0,0,0,36,0,0,0,0,25,0,1,0,0,0,0,1,0,1,5,0,0,0,11,3,0,0,0,1,9,30,0,7,0,2,6,0,11,0,0,0,0,0,15,12,0,0,13,0,14,18,7,3,4,3,4,0,20,1,12,0,0,0,0,0,1,0,0,0,1,0,0,0,0,0,0,0,95,0,0,0,0,0,2,0,1,0,0,1,0,1,0,0,0,3,5,1,83,0,0,3,85,6,0,0,7,133,2,0,0,0,1,2,3,0,0,7,0,0,0,0,1,11,0,0,1,0,0,0,0,0,0,0,0,1,0,0,0,1,4,0,0,0,0,0,1,0,1,0,0,4,38,0,0,2,0,0,0,0,0,0,1,0,0,0,1,0,1,1,0,0,1,0,0,1,3,0,0,1,2,0,0,0,0,0,0,0,2,0,0,1,0,0,0,0,0,3,0,0,1,0,0,0,7,0,1,0,0,276,0,0,0,0,0,0,2,0,0,1,1,1,0,0,0,0,3,0,0,0,0,0,0,0,0,0,0,4,1,0,0,0,0,0,0,0,0,0,0,1,0,0,1,1,93,6,1,2,0,0,1,0,27,1,0,0,1,0,0,0,0,1,49,0,0,0,1,1,0,2,18,1,0,4,0,2,0,0,0,1,3,0,0,1,1,0,0,0,0,0,0,0,0,0,0,0,0,0,0,0,0,0,0,0,5,0,0,0,0,0,0,0,0,0,0,0,0,0,1,0,0,0,0,1,5,0,0,0,6,0,1,0,0,0,1,4,0,0,8,1,0,0,0,0,0,0,0,0,0,0,2,0,1,0,0,0,3,0,0,0,0,0,0,0,0,0,0,0,0,0,0,0,0,0,0,1,0,0,0,0,0,0,0,2,0,0,1,0,4,0,0,0,8,0,0,0,2,0,0,0,0,0,1,0,0,0,0,0,1,0,1,1,0,0,0,0,2,0,0,0,0,0,0,0,1,1,2,2,6,0,2,3,0,4,0,3,58,1,1,0,2,2,0,0,0,1,2,4,0,0,0,0,0,146,4,0,0,7,0,1,5,33,2,1,0,71,0,1,17,15,0,2,0,1,0,5,0,1,1,0,29,0,4,0,1,0,0,4,1,0,0,0,4,1,1,0,0,0,0,0,0,0,0,0,0,0,0,0,1,0,0,0,0,0,0,0,7,95,0,0,0,10,1,38,2,16,3,1,0,0,1,0,21,6,9,5,0,0,0,1,0,0,1,96,1,0,2,4,0,0,4,0,2,0,0,0,0,0,2,0,0,0,0,0,0,0,0,27,0,1,0,0,0,0,0,0,0,0,0,1,5,0,0,15,0,0,2,0,5,0,0,0,0,8,0,1,0,0,4,0
1,1856,COLEGIO ESTADUAL GELVIRA CORREA PACHECO,R CARMELINA CAVASSIN  385,BARREIRINHA,-25.36678148,-49.26462534,52,0,5136,4327,314,191,0,2,5,2,54,4,2,0,0,4,1,0,28,2,0,0,0,4,0,0,0,0,3,15,3,2,1,17,0,0,0,18,0,0,0,78,0,2,2,2,25,0,0,3,0,0,0,8,0,5,7,2,0,0,5,1,0,1,0,2,17,41,0,8,0,1,15,1,20,0,1,9,0,0,44,7,2,0,27,1,28,18,10,1,3,2,0,0,34,0,17,6,1,0,0,3,1,0,2,0,2,4,1,0,1,0,0,0,130,0,2,0,0,0,1,0,6,0,1,0,1,2,2,0,1,3,5,4,156,0,0,6,124,8,0,2,9,223,2,0,0,0,1,8,1,0,0,1,0,2,0,0,0,26,0,0,0,0,0,1,0,0,3,0,0,0,0,0,0,3,1,0,0,0,0,1,1,0,0,0,0,7,45,0,0,6,1,1,0,0,0,0,2,0,0,0,0,0,1,1,0,0,0,1,0,0,2,1,0,0,3,0,6,0,0,0,0,0,4,1,0,0,0,0,0,3,0,5,0,1,0,0,3,0,10,1,0,1,0,573,4,0,0,0,0,1,0,4,0,3,2,1,1,0,0,0,1,0,0,1,0,0,0,0,0,0,0,4,1,0,0,0,0,0,0,0,0,0,1,0,0,0,2,5,115,2,1,0,2,3,0,1,37,1,0,2,1,0,1,1,2,0,74,1,0,0,1,0,0,0,23,4,0,2,1,1,0,1,0,0,0,0,0,0,1,0,0,0,0,0,0,0,0,0,0,0,0,0,0,0,0,0,0,0,5,0,0,0,0,0,0,0,0,0,0,1,0,0,1,0,2,0,0,1,10,9,1,1,4,3,0,0,0,0,0,7,0,0,4,2,0,0,0,4,0,0,0,0,1,0,7,0,0,0,0,0,1,0,0,0,0,0,0,0,0,0,0,0,0,0,0,1,0,0,0,0,0,0,0,0,0,0,0,2,0,0,0,0,1,3,0,0,7,0,0,0,0,0,1,0,0,0,2,0,0,0,0,0,0,0,0,3,0,0,1,0,0,0,0,0,0,0,0,0,0,0,1,4,10,2,6,5,0,4,0,5,84,0,2,2,0,1,0,0,1,1,6,14,2,0,0,1,0,257,5,0,0,10,1,1,5,55,5,0,0,128,5,0,27,30,0,0,0,2,0,11,1,1,1,0,54,1,2,0,1,2,0,0,6,0,0,2,6,1,0,0,0,0,0,0,0,0,0,0,1,0,0,0,0,0,0,0,0,0,0,0,23,151,1,4,1,16,9,69,0,20,7,2,1,1,0,1,16,12,8,8,6,1,0,4,0,0,2,120,0,0,2,5,1,0,1,2,0,1,0,0,0,0,2,0,1,0,0,0,0,0,0,39,0,4,0,2,0,0,0,0,0,0,0,0,13,0,0,14,1,1,5,0,9,0,0,1,0,1,0,3,0,1,10,0
1,1864,ESCOLA MUNICIPAL JULIA AMARAL DI LENNA,RUA JOAO MACHADO DE CAMARGO 25,BARREIRINHA,-25.3767799,-49.25781793,52,0,5060,4178,316,244,0,1,3,7,47,2,1,0,1,5,1,3,35,2,0,0,0,9,0,2,0,1,3,21,2,6,1,9,1,4,1,7,1,0,0,53,1,0,0,0,9,0,2,0,0,0,1,0,0,2,10,0,0,0,21,1,0,0,0,2,15,58,0,21,0,0,12,2,13,1,4,2,0,0,40,23,0,0,11,0,20,10,3,0,0,1,2,1,50,2,9,1,2,1,0,0,0,0,1,0,8,0,3,0,0,0,2,0,136,1,0,0,0,0,1,0,2,0,0,0,3,0,0,0,1,6,7,1,114,0,0,4,96,10,0,0,6,159,2,1,0,0,1,9,0,0,0,1,1,0,0,0,0,16,0,0,2,0,0,0,0,1,0,1,1,0,3,0,0,0,0,0,0,0,0,1,0,0,0,0,1,1,35,0,0,8,0,1,0,0,0,0,9,0,0,0,0,4,0,4,0,0,1,0,0,0,0,0,0,0,0,0,1,1,3,1,0,0,7,0,0,9,0,0,0,10,0,1,2,0,0,0,0,0,19,1,3,0,0,481,0,0,1,1,0,0,0,0,0,6,0,3,0,1,1,0,3,1,0,0,0,0,0,0,0,0,0,8,2,0,0,0,0,0,0,0,0,0,9,0,2,0,5,3,137,3,2,0,1,0,1,4,38,3,0,0,2,0,0,0,1,4,91,0,0,0,0,0,0,0,12,0,0,1,0,2,4,0,0,0,0,0,1,0,9,1,0,0,0,0,0,0,0,1,0,1,0,0,0,0,0,0,0,0,3,0,0,0,0,0,0,0,0,0,0,0,0,0,1,0,0,0,0,1,5,2,0,1,4,6,1,0,0,0,1,8,0,1,6,0,0,1,0,0,0,1,0,1,1,0,3,0,0,0,0,0,0,1,0,1,0,0,0,0,1,0,0,0,0,1,0,0,0,0,0,0,0,1,0,0,0,1,0,0,0,0,6,0,2,0,0,0,9,0,0,0,2,0,0,0,0,0,0,0,0,0,0,0,0,0,0,7,0,0,0,0,4,0,0,0,0,4,0,0,0,0,0,4,20,1,2,1,0,2,0,5,76,1,6,2,0,2,2,0,0,5,2,11,1,1,0,1,1,281,12,1,0,18,0,0,2,61,1,1,0,106,1,1,49,48,0,1,0,2,0,4,0,2,0,0,48,0,4,0,1,0,0,1,4,1,0,0,4,0,0,1,0,0,1,0,0,2,0,0,1,0,0,0,0,0,0,0,0,0,0,0,14,153,0,1,0,2,2,89,2,17,9,3,2,0,0,0,1,10,11,2,3,0,0,0,0,0,1,94,0,1,1,6,0,0,0,2,0,0,0,0,0,0,4,0,0,0,0,2,0,0,0,45,2,4,0,0,1,0,1,0,0,0,0,1,8,0,0,42,0,0,10,0,17,0,0,0,0,2,0,4,0,0,6,0
1,1872,ESCOLA ESTADUAL MARIA PEREIRA MARTINS,AV ANITA GARIBALDI  5340,BARREIRINHA,-25.36693686,-49.25984971,52,0,3103,2496,185,103,0,0,4,3,22,0,3,0,0,4,0,0,25,2,0,0,0,3,1,2,0,0,1,5,0,2,0,8,1,2,2,17,0,0,0,30,0,0,0,0,15,0,1,2,0,0,1,1,0,2,2,0,0,0,5,5,0,0,0,2,4,19,0,10,0,1,6,1,16,0,4,2,0,0,24,8,0,0,17,2,8,9,8,1,0,1,1,0,15,0,7,3,2,0,0,0,0,0,5,0,2,0,2,0,1,0,0,0,85,0,0,0,0,0,0,0,0,0,0,0,1,1,0,0,0,0,0,0,104,0,0,2,90,5,0,0,4,140,4,0,0,0,0,10,0,0,0,0,1,0,0,0,0,16,0,0,1,0,0,0,0,0,1,0,0,0,1,0,0,2,1,0,0,0,0,1,1,0,1,0,0,5,20,0,0,1,1,2,0,0,0,0,7,0,0,0,0,0,0,0,0,0,0,1,0,0,2,0,0,0,3,0,0,1,0,0,0,0,7,0,0,1,0,0,0,0,0,1,1,2,1,0,0,0,1,0,1,0,1,368,1,0,0,0,1,1,0,1,0,1,1,1,0,0,0,1,2,0,0,0,0,1,0,1,0,0,0,10,1,0,1,0,0,0,0,0,0,0,0,0,0,0,0,2,77,6,1,0,0,0,0,0,21,0,0,0,0,0,1,0,1,1,35,0,0,0,3,0,0,1,12,0,0,0,0,0,0,0,0,3,0,0,0,0,0,0,0,0,0,0,0,0,0,0,0,1,0,0,0,0,0,0,0,0,7,0,0,0,0,0,0,1,0,0,0,0,0,0,0,0,0,2,0,0,8,1,1,0,1,1,1,0,0,0,2,5,0,0,2,2,0,0,0,1,0,0,0,0,0,0,1,0,0,0,0,0,1,0,0,1,0,0,0,0,0,1,0,0,1,0,0,0,0,0,0,0,0,0,0,0,0,0,0,2,0,0,1,0,2,4,0,1,7,0,0,0,0,0,0,0,0,0,0,0,0,0,0,0,0,0,0,7,0,0,0,0,0,0,0,0,1,0,0,0,0,0,0,0,7,1,4,0,0,1,0,1,52,0,0,0,1,1,0,1,0,0,4,9,2,0,0,0,0,133,7,0,0,15,0,0,0,24,3,0,0,53,0,0,16,13,0,0,0,1,0,2,1,0,0,0,23,0,1,0,0,0,0,1,3,0,0,0,5,0,0,0,0,0,0,0,0,0,0,0,0,0,0,0,2,0,0,0,0,0,0,0,5,105,0,3,0,4,5,28,1,16,6,0,1,2,0,0,3,7,10,4,1,0,0,0,0,0,1,51,0,1,7,2,0,0,0,0,3,0,0,0,0,0,2,0,0,1,0,0,1,0,0,16,0,0,0,0,0,0,0,0,0,0,0,0,7,0,0,6,0,0,2,0,10,0,0,1,0,1,0,1,0,0,2,0
1,1910,ESCOLA MUNICIPAL CEI ROMARIO MARTINS,R DAVID BODZIAK 100,CACHOEIRA,-25.35283297,-49.25518343,51,0,3662,2952,303,121,0,5,3,4,33,0,2,0,1,6,0,1,24,1,0,0,0,1,0,4,0,1,3,12,7,2,0,8,0,3,1,34,0,0,0,44,0,1,1,0,20,0,0,1,0,0,0,4,0,1,0,1,0,0,10,0,0,2,0,0,7,23,0,7,0,0,21,0,11,0,1,2,0,0,63,15,0,0,24,0,8,4,7,0,0,7,1,0,18,0,10,0,0,0,0,0,0,0,1,0,0,2,3,0,1,1,2,1,72,0,1,0,0,0,1,0,0,0,0,0,1,1,0,0,0,1,1,7,114,0,0,3,55,3,2,0,11,116,2,0,0,0,3,9,1,0,0,2,0,0,0,0,1,12,0,0,2,0,0,0,0,0,0,0,2,1,2,0,0,0,1,0,0,0,0,3,2,0,0,0,0,10,19,0,0,1,2,0,0,0,0,0,2,0,0,0,0,0,2,0,0,0,0,0,0,0,0,0,0,1,0,0,1,2,0,0,0,0,4,0,0,2,0,0,0,3,0,0,0,3,0,0,0,0,6,1,1,0,0,257,4,0,0,1,0,0,1,0,0,3,1,3,0,0,0,0,3,0,0,0,0,1,0,0,0,0,0,5,0,0,0,0,0,0,0,1,0,0,0,0,0,0,1,0,85,4,3,0,0,2,0,4,20,2,0,0,4,0,2,0,0,1,35,0,0,0,0,0,0,0,12,1,0,0,2,5,10,2,0,0,0,0,0,0,1,0,0,0,0,0,0,0,0,0,0,0,1,0,0,0,0,0,0,0,2,0,0,0,1,0,0,0,0,0,0,0,0,0,0,0,0,0,1,0,4,2,0,0,0,0,0,0,0,1,0,4,0,0,2,0,0,0,0,0,0,0,0,0,1,0,1,0,0,0,0,0,1,0,0,1,0,0,0,0,0,0,2,0,0,9,1,0,0,0,1,0,0,0,1,0,0,0,0,0,0,1,2,0,3,27,0,0,2,0,0,0,1,0,0,0,0,0,0,0,0,0,0,0,0,0,1,0,0,0,1,0,0,0,0,0,0,0,0,0,4,1,1,2,6,2,3,7,0,7,0,6,92,0,5,0,0,2,0,0,0,0,9,5,3,0,0,0,0,168,8,0,0,5,0,0,5,27,0,0,1,80,0,0,3,26,0,2,0,0,0,0,2,1,2,2,46,0,2,1,2,0,1,2,1,0,1,0,4,3,4,0,0,0,0,0,0,0,0,0,0,1,0,3,1,0,0,0,0,0,0,1,21,89,0,1,0,4,1,37,0,12,20,4,1,1,0,3,8,4,6,11,1,0,0,0,0,0,0,94,1,1,1,2,0,1,1,5,0,1,0,0,0,0,1,0,0,1,2,0,2,0,0,41,0,1,0,3,0,0,3,0,0,0,0,0,12,2,0,14,0,0,6,0,9,0,0,0,0,1,0,4,0,0,12,0
1,1929,CLUBE CURITIBANO SEDE CONCORDIA,"PRESIDENTE CARLOS CAVALCANTI,  815",SÃO FRANCISCO,-25.4256255,-49.27282461,2,0,2198,1767,67,41,0,0,2,5,27,1,1,0,2,2,0,1,21,0,0,0,0,6,0,0,0,0,1,4,1,3,0,3,0,0,0,8,1,0,0,6,0,0,0,2,11,0,0,0,0,1,0,3,0,4,3,0,0,0,1,0,0,0,0,1,3,22,0,7,0,0,16,1,10,0,2,0,0,1,12,12,2,0,3,0,2,8,1,0,5,2,0,1,5,1,4,3,0,0,0,0,0,0,0,0,1,0,1,0,0,0,0,1,56,1,0,0,0,0,0,0,0,0,0,0,2,0,0,0,0,6,0,1,57,0,1,4,92,5,0,0,0,302,0,0,0,3,0,1,0,0,0,0,0,1,0,0,0,7,0,0,1,0,0,0,0,2,4,0,0,0,0,0,0,1,0,0,0,0,0,1,0,1,0,0,0,0,17,0,0,0,1,0,0,0,0,0,0,1,0,0,0,0,0,0,0,0,0,0,0,0,1,0,0,0,1,0,0,1,0,0,0,0,2,0,0,0,1,0,0,0,0,0,0,0,0,0,0,1,0,0,0,0,0,269,0,1,1,0,0,0,0,0,0,0,0,0,0,0,0,0,0,0,0,0,0,0,0,0,0,0,2,4,1,0,0,0,0,0,0,0,0,0,0,0,0,0,0,2,76,6,1,0,1,0,0,0,9,1,0,1,0,0,1,0,0,0,8,0,0,0,2,0,0,1,4,1,0,0,0,0,0,0,0,0,0,0,0,0,0,0,0,0,0,1,0,0,0,0,0,0,0,0,0,0,0,0,0,0,1,0,0,0,0,0,0,0,0,1,0,0,0,0,0,0,0,0,0,0,8,3,1,0,4,1,1,0,0,0,0,4,0,1,3,1,0,0,0,1,0,0,0,0,1,0,0,0,0,0,0,0,1,0,0,0,0,0,0,0,0,0,0,0,0,0,0,0,0,0,0,0,0,0,0,0,0,0,0,0,0,0,0,0,2,0,0,0,0,0,0,0,0,0,0,0,0,0,0,0,0,0,0,0,0,0,0,6,0,0,0,0,0,0,0,0,0,0,0,0,0,0,0,0,23,0,2,0,0,1,0,1,22,0,3,0,0,1,3,1,0,1,2,8,1,0,0,0,0,63,0,0,0,2,0,0,1,4,0,0,0,34,0,0,0,7,0,1,0,0,0,2,1,0,0,0,26,0,0,0,0,0,0,3,1,0,0,1,3,0,0,0,0,0,0,0,0,0,0,0,0,0,0,0,2,0,0,0,0,0,1,0,1,27,0,0,0,3,1,5,0,30,1,0,0,0,0,0,0,5,11,3,1,0,0,0,0,0,6,24,0,2,22,2,1,0,0,1,0,0,0,0,0,0,1,1,0,0,0,0,0,0,0,12,0,1,0,0,0,8,0,0,0,0,0,0,3,0,0,0,0,0,0,0,6,0,0,0,0,0,0,0,0,1,4,0
1,1937,FUNDACAO DE ESTUDOS SOCIAIS DO PARANA - FESP,R GENERAL CARNEIRO   216,ALTO DA GLÓRIA,-25.42511006,-49.26323943,1,0,2102,1712,42,35,0,0,2,3,18,0,1,0,0,3,1,0,12,0,0,0,0,10,0,0,0,0,2,6,2,4,0,2,0,1,0,6,3,0,0,2,0,0,0,0,5,0,0,0,0,0,0,1,0,4,5,0,0,0,2,0,0,0,0,1,0,29,0,1,0,2,10,0,7,1,3,1,0,0,7,16,2,0,2,0,0,10,1,0,0,1,0,0,3,2,6,2,1,1,0,0,0,0,1,0,5,3,2,0,0,0,0,0,63,0,0,0,0,0,0,0,0,0,0,0,3,0,0,0,0,5,0,3,57,0,1,8,68,3,0,0,0,160,2,0,0,0,1,0,0,0,0,0,0,0,0,0,0,9,0,0,0,0,0,0,0,0,2,0,0,0,0,0,0,0,0,0,0,0,0,0,0,0,1,0,0,0,21,0,0,0,0,0,0,0,0,0,1,0,0,0,0,0,0,1,0,0,0,0,0,1,0,0,0,2,3,0,2,0,0,0,0,0,1,0,0,1,4,0,0,0,0,1,0,0,0,0,2,0,0,0,0,0,0,396,2,0,1,0,0,2,0,1,0,0,1,0,0,0,0,0,0,0,0,0,0,0,0,0,0,0,2,7,0,0,0,0,0,0,0,2,0,1,0,0,0,0,1,2,99,3,1,1,0,0,0,0,6,0,0,1,0,0,0,0,1,0,10,0,0,0,4,0,0,1,17,0,0,0,0,0,0,0,0,1,0,0,0,0,0,0,0,0,0,0,0,0,0,0,0,0,0,0,0,0,0,0,0,0,8,0,0,0,0,0,0,0,0,0,0,0,0,0,0,0,0,0,1,0,16,1,0,0,2,2,0,0,0,0,1,8,0,0,0,0,0,0,0,1,0,0,0,0,0,1,0,0,0,0,0,3,0,0,0,1,0,0,0,0,0,0,0,0,0,0,0,0,0,0,0,0,0,0,0,0,0,0,0,0,0,0,1,0,0,0,0,0,1,0,0,0,0,0,0,0,0,0,0,0,0,0,0,0,0,0,0,1,0,0,0,0,0,0,0,0,0,0,0,0,0,0,0,0,4,0,4,0,0,0,0,1,17,0,3,0,1,0,0,0,0,0,5,3,4,0,0,2,0,65,0,0,0,11,0,0,0,11,2,0,0,34,0,0,2,0,0,0,1,1,0,4,1,0,0,0,21,0,1,1,0,0,0,3,1,0,0,0,2,1,0,1,0,0,0,0,0,0,0,0,0,0,0,0,0,0,0,0,0,0,0,1,7,40,0,1,0,0,5,6,1,24,1,2,2,0,0,1,1,10,3,2,0,0,0,0,0,0,1,25,0,0,1,4,0,0,1,1,0,1,0,0,0,0,2,0,0,0,0,0,0,0,0,17,0,0,0,0,0,0,0,0,0,0,0,0,1,0,0,3,0,1,0,0,7,0,0,0,0,0,0,2,0,0,2,0
1,1945,ESCOLA MUNICIPAL  DUILIO CALDERARI,RUA JOSE SPERANCETTA   66,SÃO LOURENÇO,-25.38660019,-49.26212578,33,0,2465,2065,107,100,0,0,1,0,29,1,2,1,4,2,0,0,13,1,0,0,0,6,0,0,0,2,1,8,0,0,0,3,0,0,0,11,1,1,0,23,0,0,0,0,8,0,1,0,0,0,0,0,0,2,5,0,0,0,9,3,0,1,1,0,2,29,0,10,0,0,9,0,6,0,1,1,0,0,25,12,0,0,16,1,11,2,2,0,0,2,1,0,13,2,4,0,0,0,0,4,0,0,0,0,0,0,0,0,1,0,0,0,76,0,0,0,0,0,0,0,6,0,0,0,1,0,0,0,0,0,0,1,33,0,0,2,75,0,0,0,1,75,4,2,0,0,0,3,2,0,0,0,0,1,0,0,0,12,0,0,1,0,0,0,0,1,1,0,2,0,0,0,0,0,2,0,0,0,0,3,2,0,0,0,1,3,20,0,0,1,0,0,0,0,0,0,6,0,0,0,0,5,1,4,0,0,0,0,0,0,0,0,0,2,0,0,1,0,0,0,0,0,3,0,0,1,0,0,0,2,0,1,2,0,0,0,0,1,0,0,0,0,0,352,2,0,0,0,0,0,0,2,0,2,0,0,0,0,0,0,0,0,0,0,0,0,0,0,0,0,0,7,0,0,0,0,0,0,0,0,0,0,0,0,0,0,2,1,89,6,5,3,0,0,1,0,17,0,1,2,0,0,1,0,0,1,16,0,0,0,1,1,0,0,12,0,0,0,0,0,0,4,0,1,0,2,0,1,1,0,0,0,0,0,0,0,0,0,0,0,0,0,0,0,0,0,0,0,1,0,0,0,0,0,0,0,0,0,0,0,0,0,4,0,0,0,0,0,13,0,0,0,2,0,0,0,0,0,1,5,0,0,4,0,0,0,0,0,0,0,0,0,0,0,0,0,0,1,0,0,0,0,0,0,0,0,0,0,0,0,0,0,1,0,0,0,0,0,0,0,0,0,0,0,0,1,0,0,0,0,1,0,0,0,0,0,1,0,0,0,0,0,1,0,0,0,0,1,0,0,0,0,0,0,0,1,1,0,0,0,0,0,0,0,0,0,0,0,0,0,0,0,3,0,3,1,0,2,0,1,47,0,6,0,2,1,0,0,1,1,6,9,0,1,0,0,0,130,1,0,0,10,0,0,2,13,3,0,0,53,0,0,17,12,0,0,0,2,0,2,2,1,0,0,27,0,1,0,2,0,0,1,3,0,0,0,2,0,1,1,0,0,1,0,0,0,0,0,0,0,0,0,0,0,0,0,0,0,0,0,2,65,0,1,0,7,4,27,0,14,3,1,0,0,0,2,2,6,11,3,4,0,0,0,0,0,0,48,0,0,4,0,0,0,0,3,0,0,0,0,0,0,1,0,0,0,0,0,0,0,1,26,1,1,0,0,0,0,0,0,0,0,0,0,2,0,0,7,0,0,1,0,8,0,0,2,0,0,0,3,0,0,1,0
1,1953,ESCOLA ESTADUAL ERNANI VIDAL,R MATEUS LEME  3291,SÃO LOURENÇO,-25.39837175,-49.27155922,33,0,2651,2168,89,69,0,2,1,2,19,1,0,0,2,2,0,0,18,0,0,0,0,15,0,0,0,0,0,4,1,2,0,2,2,0,0,7,2,0,0,14,0,0,1,0,8,0,0,0,0,0,0,1,0,0,7,0,0,0,4,0,0,0,0,0,12,18,0,8,1,0,13,0,6,0,1,2,0,0,10,20,0,0,4,0,7,12,9,0,2,12,3,0,20,1,2,0,0,0,0,4,0,0,1,0,4,1,0,0,0,0,1,0,95,1,0,0,0,0,0,0,0,0,0,0,7,0,1,0,0,2,1,2,49,0,0,3,78,7,0,0,4,135,1,0,0,1,2,1,1,0,0,7,0,0,0,0,0,17,0,0,2,0,0,0,0,1,1,0,0,0,0,1,0,0,4,0,0,0,0,3,1,0,0,0,0,2,20,0,0,0,0,0,0,0,0,0,1,0,0,0,0,1,1,0,0,0,0,0,0,0,1,1,0,0,1,0,0,0,0,0,0,0,0,0,0,2,0,0,0,0,0,3,0,0,0,0,0,1,4,4,0,0,0,376,3,1,0,0,0,0,0,0,1,3,0,0,0,0,0,0,0,1,0,1,0,1,0,0,0,0,0,8,1,0,0,0,0,0,0,3,0,0,1,0,0,1,1,2,141,4,1,1,0,0,0,3,22,0,0,0,0,0,0,0,1,0,4,0,0,0,3,0,0,2,8,2,0,1,4,0,1,0,0,1,0,0,0,0,7,0,0,0,0,0,0,0,0,0,0,0,0,0,0,0,0,0,0,0,8,0,0,0,0,0,0,0,0,0,0,5,0,0,0,0,0,0,0,0,6,7,1,0,1,3,0,0,0,0,0,14,0,0,0,0,0,0,0,1,0,0,0,0,2,0,1,0,0,0,0,0,2,0,0,0,0,0,0,0,0,0,0,0,0,0,0,1,0,0,0,0,0,0,0,0,0,0,0,0,0,0,1,0,0,0,0,1,0,0,0,0,0,0,1,0,0,0,0,0,0,0,0,0,0,0,0,2,0,0,0,0,0,0,0,0,0,0,0,0,0,0,0,0,3,0,5,0,0,0,0,3,24,0,2,2,0,0,2,0,0,0,4,13,3,0,0,0,0,104,1,0,0,14,0,1,3,14,1,0,1,52,2,0,5,13,0,0,0,0,0,0,1,1,0,0,33,1,0,1,2,0,1,1,5,1,0,0,2,0,0,0,0,0,0,0,0,1,0,0,0,0,0,0,0,0,0,0,0,1,0,0,5,71,0,1,0,3,0,5,0,23,0,6,0,0,0,3,1,6,13,4,0,0,0,0,0,0,0,51,0,0,10,5,0,0,1,2,0,0,0,0,0,0,2,0,0,0,0,0,0,0,0,17,0,1,0,1,0,0,0,0,0,0,0,0,6,1,0,7,0,0,2,0,10,0,0,0,0,1,0,0,0,0,1,0
1,1961,COLEGIO MARTINUS (PARTICULAR),"RUA PRESIDENTE CARLOS CAVALCANTI, 999",SÃO FRANCISCO,-25.42515703,-49.27490012,2,0,2202,1786,66,54,0,1,2,4,28,0,1,0,0,3,0,1,17,1,0,0,0,14,0,0,0,1,2,2,0,5,1,4,0,0,0,8,1,1,0,13,0,1,2,0,7,1,4,0,0,0,0,7,0,7,5,0,0,0,6,2,0,0,1,0,0,21,0,5,0,0,4,0,6,0,1,1,0,1,8,11,1,0,1,0,2,3,0,0,1,1,1,1,10,2,3,1,0,0,0,0,1,1,3,0,0,1,1,0,2,0,0,0,56,0,0,0,1,0,0,0,2,0,0,0,3,0,0,0,1,3,0,0,67,0,1,5,61,4,1,1,2,200,1,0,0,0,0,2,1,0,0,0,0,0,0,0,0,24,0,0,0,0,0,0,0,0,1,0,0,0,1,2,0,1,0,1,0,0,0,0,0,0,1,0,0,0,14,0,0,1,0,0,0,0,0,0,1,0,0,0,0,0,0,0,0,0,0,0,1,1,0,0,0,2,0,0,1,0,0,0,0,0,4,1,0,9,1,0,0,1,0,0,0,0,0,0,0,0,0,0,2,0,0,305,0,1,0,0,0,1,0,0,0,0,2,0,0,0,0,0,3,0,0,0,0,0,0,0,0,0,0,1,1,0,0,0,0,0,0,0,0,0,0,0,0,0,1,4,103,2,1,2,0,0,0,2,5,0,0,0,0,0,0,0,0,0,16,0,0,0,2,0,0,0,9,3,0,0,0,0,1,0,0,2,0,0,0,0,0,0,0,0,0,0,0,0,0,0,0,0,0,0,0,0,0,0,0,0,3,0,0,0,0,0,0,0,0,0,0,0,0,0,0,0,0,0,0,0,11,2,4,1,3,2,1,0,0,0,0,7,0,2,3,0,1,2,0,0,0,0,0,0,0,0,0,0,0,0,0,0,1,0,0,0,0,0,0,1,0,0,0,0,0,0,0,0,0,0,0,0,0,0,0,0,0,0,1,0,0,1,3,0,1,1,0,0,0,0,0,0,0,0,0,0,0,0,0,0,0,0,0,0,0,0,0,2,0,0,0,0,1,0,0,0,0,0,0,2,0,0,2,1,4,0,5,0,0,2,1,2,18,0,0,0,0,0,0,0,0,1,3,11,2,0,0,0,0,61,3,0,0,18,0,0,0,16,0,0,0,35,0,0,2,3,0,0,0,2,0,7,0,0,1,0,22,0,0,0,0,0,1,3,6,0,0,0,3,0,0,0,0,0,0,0,0,2,0,0,0,0,0,0,1,0,0,0,0,0,0,0,2,55,0,1,0,0,1,1,1,15,7,1,0,0,0,0,1,4,3,0,2,0,0,0,0,0,3,15,0,0,20,3,0,0,0,0,1,0,0,0,0,0,2,0,0,0,0,0,0,0,0,11,0,0,0,1,0,3,0,0,0,0,0,0,2,0,0,4,0,0,2,0,11,0,0,0,0,0,0,1,0,0,3,0
1,1970,COLEGIO ESTADUAL SEBASTIAO SAPORSKI,RUA MARIA DE LOURDES MICKOSZ 350,TABOÃO,-25.37499232,-49.27813341,49,0,1305,1063,94,49,0,0,1,1,9,0,0,0,0,0,0,0,9,0,0,0,0,8,0,0,0,0,1,2,0,2,0,3,0,1,0,5,0,0,0,10,0,0,2,0,14,2,1,0,0,0,0,0,0,1,4,0,0,0,9,0,0,0,0,0,6,8,0,0,0,2,7,0,5,0,0,2,0,0,10,2,2,0,8,0,1,9,6,0,0,0,1,0,13,0,5,2,0,0,0,0,1,0,0,0,0,0,0,1,0,0,0,0,27,0,2,0,0,0,0,0,0,0,0,0,2,0,1,0,0,1,0,2,28,0,1,3,36,1,0,1,1,56,0,0,0,0,0,0,0,0,0,0,0,0,0,0,0,9,0,0,2,0,0,0,0,0,0,0,0,0,1,0,0,0,2,0,0,0,0,0,2,0,0,0,0,4,7,0,0,0,0,0,0,0,0,0,0,0,0,0,0,0,0,1,0,0,0,0,0,0,0,0,0,0,0,0,0,0,0,0,0,0,0,0,0,0,1,0,3,1,0,1,0,0,0,0,0,0,0,1,0,0,0,122,0,0,0,0,0,0,0,0,0,0,0,0,0,0,0,0,0,0,0,0,0,0,0,0,0,0,0,4,0,1,0,0,0,0,0,0,4,0,0,0,0,0,0,0,24,2,1,0,0,0,0,0,11,4,0,4,0,0,1,0,2,1,15,0,0,0,0,0,0,0,2,1,0,0,0,0,0,0,0,0,0,0,0,0,0,0,0,0,0,0,0,0,0,0,0,0,0,0,0,0,0,0,0,0,2,0,0,0,0,0,0,0,0,0,0,0,0,0,0,0,0,0,0,0,3,0,0,0,3,0,1,1,0,0,0,0,0,0,0,0,0,0,0,0,0,0,0,0,1,0,0,0,0,0,0,0,0,0,0,0,0,0,0,0,0,0,0,0,0,0,0,0,0,0,0,0,0,0,0,0,0,0,0,0,0,0,0,0,1,1,0,0,0,0,0,0,0,0,0,0,0,0,0,0,0,0,0,0,0,0,0,0,0,0,0,0,0,0,0,0,0,0,0,0,0,1,3,0,0,0,0,0,0,0,0,1,39,0,0,0,0,1,3,0,0,0,3,5,0,0,0,0,0,60,1,0,0,1,0,0,0,13,2,0,1,39,0,0,13,5,0,0,0,0,0,2,0,2,0,0,10,0,0,0,0,0,0,0,1,1,0,0,4,0,0,1,0,0,0,0,0,0,0,0,1,0,0,0,0,0,0,0,0,0,0,0,0,35,0,0,0,1,0,4,0,6,2,0,0,0,0,4,0,3,1,0,2,0,0,1,0,0,0,27,0,0,2,0,0,0,0,0,1,0,0,0,0,0,0,0,0,0,0,0,0,0,0,12,0,0,0,0,1,0,0,0,0,0,0,0,1,0,0,1,0,0,4,0,7,0,0,0,0,0,0,2,0,0,5,0
1,1988,COLEGIO INTEGRAL (PARTICULAR),"RUA ALBERTO FOLLONI, 220",JUVEVÊ,-25.41347846,-49.26359958,15,0,2641,2193,51,40,0,0,2,6,27,0,0,0,2,4,1,0,11,1,0,0,0,9,0,0,0,0,4,3,0,2,0,2,1,0,0,7,2,0,0,7,0,1,0,0,9,0,3,0,0,0,0,3,0,2,8,0,0,0,3,2,0,0,0,1,0,21,0,3,0,0,20,0,11,0,1,1,0,0,11,15,4,0,1,0,3,4,0,0,1,2,0,2,12,2,5,4,0,0,0,1,0,1,0,0,7,0,0,0,0,0,0,0,79,0,0,0,0,0,0,0,0,0,1,0,6,0,1,0,0,2,0,5,65,0,0,3,122,3,1,1,4,221,5,1,0,1,0,1,0,0,0,7,1,0,0,0,0,10,0,0,0,0,0,0,0,0,5,0,0,0,0,0,2,2,0,0,0,0,0,0,1,0,0,0,0,5,29,0,0,2,0,0,0,0,0,0,1,1,0,0,0,0,0,0,0,1,0,0,0,0,2,0,0,0,3,0,2,1,0,0,0,1,3,1,0,3,3,1,0,0,0,2,0,0,0,0,0,0,0,1,0,5,0,534,8,0,0,0,1,1,0,2,0,1,3,2,0,0,0,0,3,0,0,0,0,0,0,0,0,0,0,6,0,0,0,0,0,0,0,0,0,0,0,0,0,0,3,2,108,1,1,2,2,0,0,2,12,0,0,1,0,1,1,0,1,0,10,0,0,0,4,0,0,0,16,0,0,0,0,0,0,0,2,0,0,0,0,0,0,0,0,0,0,0,0,0,0,0,0,0,0,1,0,0,0,0,0,0,5,0,0,0,0,0,0,0,0,0,0,0,0,0,0,0,0,0,1,0,14,3,2,1,8,5,0,0,1,0,2,16,0,0,3,0,1,0,0,0,0,0,0,0,1,0,0,0,0,0,0,0,0,0,0,0,0,0,0,0,0,1,0,0,0,0,0,0,0,0,0,0,0,0,1,0,0,0,0,0,0,0,1,0,0,0,0,0,0,0,0,0,0,0,0,0,0,0,0,0,0,0,0,0,0,0,0,2,0,0,0,0,1,0,0,0,1,0,0,0,0,0,0,3,11,0,1,0,0,1,0,0,17,0,3,0,0,0,1,1,0,2,6,11,5,0,0,0,0,58,1,0,0,13,0,0,2,14,2,0,0,29,0,0,3,4,0,2,0,1,0,7,1,0,0,0,32,0,0,1,0,0,1,4,9,0,0,0,1,0,0,0,0,0,0,0,0,1,0,0,0,0,0,0,0,0,0,0,0,0,0,0,8,59,0,2,0,1,0,2,1,16,1,3,0,0,0,0,0,11,6,0,1,0,0,0,3,0,2,16,0,0,14,3,0,0,0,0,0,2,0,0,0,0,4,0,0,0,0,0,1,0,0,9,3,1,0,0,0,0,0,0,0,0,0,0,1,0,0,3,0,0,0,0,6,0,0,0,0,0,0,2,0,0,0,0
1,1996,COLEGIO BOM JESUS DIVINA PROVIDENCIA (PARTICULAR),LEONIDAS VICENTE DE CASTRO 81,AHÚ,-25.40153844,-49.26761273,14,0,4843,4061,121,105,0,0,6,9,40,1,1,1,3,4,1,2,26,2,0,0,1,39,0,0,0,0,6,10,1,4,0,7,0,1,0,10,3,0,0,14,0,0,3,3,10,3,3,0,1,0,0,2,0,1,16,0,0,0,6,3,0,0,0,2,4,60,0,3,1,0,23,0,17,0,3,2,0,0,25,19,0,1,3,0,6,11,0,0,1,6,3,0,26,0,17,2,0,3,0,0,0,0,4,0,3,0,1,0,0,1,0,1,149,0,0,0,0,0,0,0,1,0,0,0,5,1,2,0,2,4,0,6,93,1,0,5,129,6,0,1,6,301,2,0,0,2,1,1,0,0,0,0,2,0,0,0,0,20,0,0,0,0,0,0,0,0,1,0,0,0,0,1,0,4,2,0,0,0,0,0,0,0,1,0,0,10,66,0,0,1,0,0,0,0,0,0,1,2,0,0,0,0,1,0,0,0,0,1,0,0,2,0,0,0,7,0,0,1,0,0,0,0,2,0,0,1,4,0,0,0,0,1,0,2,0,0,1,1,0,1,0,0,0,1102,13,1,1,0,0,0,1,0,1,4,0,1,0,0,0,1,0,0,0,0,0,6,0,0,0,0,4,7,1,0,1,0,0,0,0,1,1,0,0,0,0,0,3,6,241,6,2,0,0,1,0,0,20,1,0,0,3,1,0,0,1,0,24,2,0,0,6,0,0,0,30,1,0,1,0,0,0,0,0,3,0,0,0,1,0,0,0,0,0,0,0,0,0,0,0,0,1,0,0,1,0,0,0,0,8,0,0,0,0,0,0,0,0,0,0,0,0,0,1,0,0,0,0,0,24,10,5,0,14,7,1,0,0,0,2,24,0,6,7,2,1,0,0,2,0,0,0,0,1,0,0,0,0,0,0,0,0,0,0,0,0,0,1,0,0,0,0,0,1,0,0,0,0,0,0,0,0,0,0,0,0,2,0,1,0,0,2,0,1,0,0,0,0,0,0,0,0,0,0,0,0,0,0,1,0,0,0,0,0,0,0,6,0,0,0,0,0,0,0,0,0,0,0,0,0,1,0,0,3,0,9,0,0,1,0,0,47,0,5,0,1,2,3,1,0,5,4,8,7,0,0,0,0,171,7,0,0,18,0,0,3,27,3,1,0,67,1,0,3,6,0,1,0,1,1,5,1,1,0,0,40,0,0,3,0,0,0,7,8,2,1,0,2,0,0,0,0,0,0,0,0,1,0,0,0,0,0,0,2,0,0,0,0,0,1,2,5,121,0,0,0,0,4,10,1,41,3,4,3,0,0,0,2,20,12,0,2,0,0,2,0,0,2,47,0,0,13,8,0,1,0,0,1,0,0,0,0,0,0,1,0,0,0,2,1,0,0,35,0,1,0,1,0,0,0,0,0,0,0,0,2,1,0,10,0,3,3,0,13,0,0,1,0,0,0,0,0,0,0,0
1,2020,ESCOLA MUNICIPAL CEI ULYSSES SILVEIRA GUIMARAES,"RUA PEDRO DE SIQUEIRA CORTES, 323",ABRANCHES,-25.36413711,-49.2749189,50,0,1089,890,102,39,0,0,1,2,12,0,1,0,0,0,0,0,5,0,0,0,0,0,0,0,0,2,1,1,3,3,0,3,0,0,0,3,0,1,0,8,0,2,0,0,32,0,0,0,0,0,0,0,0,1,1,0,0,0,4,0,0,0,0,1,4,12,0,1,0,1,4,0,4,0,0,1,0,0,10,2,1,0,4,0,9,5,2,0,0,0,0,0,9,1,2,1,0,1,0,0,0,0,0,0,0,0,0,0,0,0,0,1,16,0,0,0,1,0,0,0,0,0,0,0,0,0,0,0,0,2,0,0,28,0,0,3,20,1,0,0,2,27,1,0,0,0,2,1,0,0,0,2,0,0,0,0,0,3,0,0,0,0,0,0,0,0,0,0,0,0,0,0,0,0,0,0,0,0,0,0,0,0,0,0,0,6,4,0,0,0,0,1,0,0,0,0,0,2,0,0,0,0,0,0,0,0,0,1,0,0,0,0,0,0,1,0,0,0,0,0,0,1,1,0,0,0,0,0,0,0,0,1,0,0,0,0,0,0,5,0,0,0,0,100,0,0,0,0,0,0,0,0,0,0,1,0,0,0,0,0,0,0,0,0,0,0,0,0,0,0,0,1,0,0,0,0,0,0,0,1,1,0,0,0,0,0,2,0,18,2,0,0,0,0,0,0,12,0,0,0,0,0,3,0,0,0,4,0,0,0,0,0,0,1,7,0,0,0,0,0,0,0,0,1,0,0,0,1,0,0,0,0,0,0,0,0,0,0,0,0,0,0,0,0,0,0,0,0,0,0,0,0,0,0,0,0,0,0,0,0,0,0,0,0,0,0,0,0,1,1,0,0,0,1,0,0,0,0,0,1,0,0,0,0,0,0,0,0,1,0,0,0,0,0,3,0,0,0,0,0,0,0,0,2,0,0,0,0,0,0,0,0,0,0,0,0,0,0,0,0,0,0,0,0,0,0,0,0,0,0,0,0,1,0,0,0,1,0,0,0,0,0,0,0,0,0,6,0,0,0,0,0,0,0,0,0,0,0,0,0,0,0,0,0,0,0,0,0,0,0,0,0,2,0,0,0,0,0,1,0,25,0,0,0,0,0,0,0,0,0,0,1,0,0,0,0,1,32,0,0,0,2,0,0,0,8,0,0,0,34,2,0,7,7,0,0,0,0,0,0,2,0,1,0,21,0,0,1,1,0,0,0,0,0,0,0,1,4,0,0,0,0,0,0,0,0,0,0,0,0,0,0,4,0,0,0,0,0,0,0,1,30,0,0,0,3,0,4,2,1,4,0,0,0,0,0,3,9,0,6,0,0,0,0,0,0,0,34,0,0,0,3,0,0,0,0,0,0,0,0,0,0,2,0,0,0,0,0,0,0,0,7,0,0,0,0,0,0,0,0,0,0,0,0,7,0,0,2,0,0,1,0,1,0,0,0,0,0,0,0,0,0,5,0
1,2038,ESCOLA MUNICIPAL CEI PROFESSOR  JOSE WANDERLEY DIAS,"RUA DOS IPES, 122",BARREIRINHA,-25.37475477,-49.25295774,52,0,2095,1755,94,88,0,1,2,1,12,1,1,0,0,2,0,0,16,2,0,0,0,4,0,0,0,0,1,4,0,1,0,2,0,0,1,5,1,0,0,27,0,0,0,0,8,0,0,0,0,0,0,4,0,2,2,0,0,0,1,0,0,0,0,0,9,15,0,4,0,0,2,0,6,0,1,1,0,0,25,1,0,0,8,0,7,4,5,0,0,4,0,0,10,3,5,0,1,0,0,1,1,0,2,0,0,0,0,0,0,0,0,0,49,1,0,0,0,0,1,0,1,0,0,0,3,1,1,0,3,3,0,3,68,0,0,2,60,6,0,0,6,80,0,0,1,0,0,2,0,0,0,3,0,0,0,0,0,15,0,0,2,0,0,0,0,0,1,0,0,0,1,1,0,2,0,2,0,0,0,0,0,0,0,0,0,7,22,0,0,0,2,0,0,0,0,0,6,0,0,0,0,1,6,0,0,0,0,0,0,0,0,0,0,1,1,0,3,0,0,0,0,1,3,0,0,3,0,0,0,1,0,1,1,1,1,0,1,0,2,0,0,0,0,250,0,2,0,0,0,0,0,1,1,1,0,3,0,0,0,0,0,0,0,1,0,0,0,0,0,0,0,3,0,0,0,0,0,0,0,2,0,0,2,0,0,0,0,0,70,5,0,0,0,0,0,1,11,0,0,0,2,0,0,0,0,0,31,2,0,0,1,0,0,0,9,2,0,0,0,0,1,0,0,4,0,0,1,0,0,0,0,0,0,1,0,0,0,0,0,0,0,0,0,0,0,0,0,0,2,0,0,0,0,0,0,0,0,0,0,0,0,0,0,0,0,0,0,0,1,1,0,0,0,0,0,0,0,0,0,1,0,0,0,0,0,0,0,0,0,0,0,0,0,0,0,0,0,0,0,0,1,0,0,2,0,0,0,0,0,0,0,0,0,0,0,0,0,0,0,1,0,0,1,0,0,0,0,0,0,0,1,0,2,2,0,1,0,0,0,0,0,0,0,0,0,0,0,0,0,0,0,0,0,0,0,3,0,0,0,0,0,0,0,0,0,0,0,0,0,0,0,1,0,0,2,2,0,1,0,5,29,0,1,1,0,1,0,0,0,0,0,2,0,0,0,1,0,102,4,0,0,11,0,0,2,30,0,0,0,58,0,0,19,10,0,2,0,0,0,1,0,0,0,0,9,0,0,0,0,0,0,1,1,0,0,0,1,0,1,1,1,0,0,0,0,3,0,0,0,0,0,0,0,0,0,0,0,0,0,0,5,77,0,0,0,1,3,12,0,11,5,3,0,0,0,0,4,8,5,1,0,0,0,0,0,0,0,54,0,0,2,2,0,0,0,1,1,0,1,0,0,0,1,1,0,0,2,0,0,0,0,17,1,0,0,0,1,0,0,1,0,0,0,0,8,0,0,8,0,0,1,0,8,0,0,0,0,0,0,0,0,0,1,0
1,2232,COLEGIO MARISTA SANTA MARIA (PARTICULAR),"RUA PROFESSOR JOAQUIM DE MATTOS BARRETO, 98",SÃO LOURENÇO,-25.38985747,-49.26867258,33,0,3919,3272,114,85,0,1,1,6,40,1,1,1,0,1,0,2,12,0,0,0,0,19,0,0,0,0,4,6,1,5,0,3,0,0,0,15,0,0,0,9,0,0,1,1,6,1,2,0,0,0,0,3,0,1,14,1,0,0,2,0,0,3,0,2,0,45,0,5,0,0,14,0,14,0,0,0,0,1,23,9,1,0,6,0,5,17,3,0,1,3,4,1,15,0,9,2,0,1,0,5,0,1,1,0,10,0,1,0,4,1,0,1,140,0,0,1,0,0,0,0,0,0,0,1,7,1,0,0,1,6,0,2,96,0,1,4,119,3,0,1,3,361,1,0,0,2,1,1,1,0,0,0,0,0,0,0,0,14,0,0,0,0,0,1,0,0,1,0,0,0,0,0,0,1,5,0,1,0,0,0,1,0,1,0,0,2,40,0,2,0,0,0,0,0,1,0,3,1,0,0,0,1,2,0,0,0,0,0,0,0,2,0,0,1,9,0,4,0,0,0,0,0,3,0,0,0,1,0,0,0,0,3,0,1,1,0,3,0,3,1,2,0,0,732,6,1,1,0,0,0,0,2,1,3,2,1,0,0,0,0,1,0,0,0,0,1,0,0,0,0,2,3,1,0,0,0,0,0,0,0,0,0,0,0,0,0,3,4,114,2,1,0,1,0,0,0,17,0,0,2,1,0,0,1,0,3,10,0,0,0,4,0,0,0,20,2,0,0,1,0,1,0,0,2,0,0,0,0,0,0,0,0,0,0,0,0,0,0,0,0,0,0,0,0,0,0,0,0,4,0,0,0,0,0,0,0,0,0,0,0,0,0,0,0,0,0,0,0,15,14,6,2,10,5,1,1,1,1,3,37,1,3,6,1,3,0,0,1,0,0,0,1,3,0,1,0,0,0,0,0,0,1,0,1,0,0,0,0,0,0,0,0,3,0,0,0,0,0,0,0,0,0,0,0,0,3,0,0,0,0,1,0,0,2,0,0,1,0,0,0,0,0,0,0,0,0,0,0,0,0,0,0,0,0,0,1,0,0,0,0,0,0,0,0,0,1,0,0,0,0,1,3,9,1,2,1,0,1,0,1,35,0,2,0,1,0,0,0,0,4,11,11,2,0,0,0,0,139,2,0,0,27,0,0,1,23,1,0,0,75,1,0,1,5,0,2,0,2,0,3,2,0,0,0,20,1,0,0,1,0,0,5,18,3,0,0,3,0,3,0,0,0,0,0,0,1,0,0,0,0,0,0,0,0,0,0,0,0,0,0,8,95,0,0,0,0,3,9,1,50,0,3,1,0,0,1,0,29,9,0,2,0,0,0,1,0,2,35,0,0,10,13,1,0,0,1,0,1,0,0,0,2,1,0,0,0,0,2,0,0,0,26,0,0,0,0,0,0,0,0,0,0,0,0,6,1,0,8,1,0,1,0,8,0,0,0,0,0,0,2,0,0,4,0
1,2240,FACULDADE INSPIRAR,"RUA JOÃO TSCHANNERL, 880",PILARZINHO,-25.4046383,-49.2891437,31,0,1975,1657,90,66,0,1,0,8,25,0,2,0,0,0,0,0,32,0,0,0,0,11,0,0,0,0,1,2,0,2,0,3,0,0,0,12,2,0,0,14,0,0,1,0,3,0,0,2,0,2,0,1,0,1,4,0,0,0,2,0,0,0,0,1,2,24,0,4,0,0,3,0,7,0,0,1,0,0,11,6,0,0,7,0,7,5,2,0,0,3,0,0,12,0,0,0,0,0,0,0,0,1,1,0,3,0,1,0,0,0,0,0,71,0,0,0,0,0,0,0,0,0,0,0,4,1,0,0,1,1,0,1,48,0,1,1,52,1,0,1,4,76,0,0,2,0,0,0,0,0,0,0,0,0,0,0,0,6,0,0,2,0,0,0,0,0,2,0,0,0,0,0,0,0,0,0,0,0,0,0,1,0,2,0,0,1,20,0,0,1,0,2,0,0,0,0,3,1,0,0,0,0,0,2,0,0,0,0,0,0,0,2,0,0,4,0,0,0,0,0,0,1,3,2,0,0,2,0,0,1,0,3,0,0,0,0,0,0,0,0,0,0,1,334,6,0,0,0,0,0,0,0,0,0,0,0,0,1,0,0,0,0,0,2,0,0,0,0,0,0,0,2,0,0,1,0,0,0,0,1,0,0,0,0,0,0,1,4,82,1,0,1,0,0,0,0,14,0,0,4,1,0,0,0,0,1,6,0,0,0,0,0,0,0,1,0,0,1,1,1,0,0,0,0,1,0,0,0,0,0,0,0,0,0,0,0,0,0,0,0,0,0,0,0,0,0,0,0,2,0,0,0,0,0,0,0,0,0,0,0,0,0,0,0,0,0,3,0,8,4,2,1,5,0,0,0,0,0,1,13,0,0,2,0,1,0,0,0,0,0,0,0,1,0,0,0,0,0,0,0,0,0,0,0,0,1,0,0,0,0,0,0,0,0,0,0,0,0,0,0,0,0,0,0,0,0,0,0,0,1,0,0,0,1,0,0,0,0,0,0,0,0,0,0,0,0,0,0,1,0,0,0,0,0,0,0,0,0,0,0,0,0,0,0,0,0,0,0,0,0,0,3,6,0,6,0,0,1,0,0,26,0,0,0,0,0,0,0,0,3,3,7,1,0,0,0,0,90,2,0,0,9,0,0,5,19,2,0,1,38,0,0,5,5,0,0,1,1,0,7,1,0,1,0,14,0,0,0,0,0,0,2,2,0,0,0,2,0,1,0,0,0,0,0,0,0,0,0,0,0,0,0,0,0,0,0,0,0,0,0,2,43,0,2,0,0,2,1,1,8,2,1,0,0,0,2,0,4,10,1,0,0,0,0,0,0,0,32,0,1,1,8,0,0,0,0,0,0,0,0,0,0,0,0,0,0,0,0,0,0,0,12,0,0,0,0,1,0,0,0,0,0,0,0,1,0,0,2,0,0,2,0,20,0,0,0,0,0,0,3,0,1,1,0
1,2259,ESCOLA MUNICIPAL TANIRA REGINA SCHMIDT,"RUA VICTOR KOTOVIS, 162",ABRANCHES,-25.35568909,-49.27415003,50,0,2010,1685,207,80,0,1,2,2,20,1,2,0,0,7,0,0,10,0,0,0,0,2,0,0,0,0,1,8,1,1,0,2,0,0,0,7,0,0,0,41,0,1,0,0,19,0,0,2,0,0,0,0,0,0,2,0,2,0,0,1,0,0,0,0,3,15,1,5,2,0,11,0,3,0,1,2,0,0,15,2,0,0,8,0,11,4,5,0,0,0,2,0,5,3,5,0,0,0,0,0,0,0,0,0,0,0,0,0,0,0,1,1,28,1,1,0,0,0,0,0,0,0,0,0,0,0,0,1,0,2,0,4,66,0,0,2,43,6,0,0,10,88,0,0,0,0,0,4,0,0,0,1,0,0,0,0,0,4,0,0,0,1,0,0,0,0,0,0,0,0,1,0,0,0,1,1,0,0,0,0,0,0,0,0,0,8,8,0,0,0,0,0,0,0,0,0,0,0,0,0,0,0,2,1,0,0,0,0,0,1,0,0,0,0,0,0,2,2,0,0,0,0,5,0,0,1,0,0,0,2,0,2,0,0,0,0,0,0,6,0,0,0,0,97,0,0,0,0,0,0,2,0,1,0,1,0,0,0,0,0,0,0,0,0,0,0,0,0,0,0,0,5,0,0,0,0,0,0,0,0,0,0,0,0,0,0,0,0,39,0,0,4,0,0,0,1,13,0,0,0,0,0,0,0,0,0,18,0,0,0,0,0,0,1,4,0,0,1,0,6,0,0,0,0,0,0,0,0,1,0,0,0,0,0,0,0,0,0,0,0,0,0,0,0,0,0,0,0,0,0,0,0,0,0,0,0,3,0,0,0,0,0,0,0,0,0,0,0,1,2,0,0,1,0,0,0,0,0,0,4,0,0,0,0,0,0,0,0,0,0,0,0,0,0,0,0,0,0,0,1,0,0,0,1,0,0,0,0,0,0,0,0,0,0,0,0,0,1,0,0,0,0,0,0,0,0,0,0,0,1,0,0,0,1,0,0,0,0,0,0,0,0,0,0,0,0,0,0,0,0,0,0,0,0,0,0,0,0,0,0,1,0,0,0,0,0,0,0,0,0,1,1,3,1,1,1,0,1,0,0,79,0,0,5,1,3,0,0,0,0,4,1,0,0,0,0,1,130,1,0,0,7,0,0,1,21,1,0,0,66,0,0,13,12,0,2,0,0,1,4,2,0,0,0,56,1,0,0,1,0,0,0,4,0,0,0,1,3,0,0,0,0,0,0,0,0,0,0,0,0,1,0,4,0,0,0,0,0,0,0,8,53,0,1,0,6,1,6,0,5,5,1,0,0,0,0,1,4,11,5,0,0,0,0,0,1,0,36,0,0,0,4,0,0,0,0,0,0,0,0,0,0,1,0,0,0,0,0,0,0,0,32,0,0,0,0,0,0,0,0,0,0,0,0,1,0,0,8,0,0,4,2,0,0,0,0,0,1,0,6,0,0,4,0
1,2330,CURSO DE COMUNICACÃO SOCIAL DA UFPR,R BOM JESUS     650,JUVEVÊ,-25.41376315,-49.25244683,15,0,3144,2642,55,55,0,1,0,4,35,0,2,0,0,1,0,0,24,1,0,0,0,17,0,0,1,1,6,7,0,5,0,1,0,0,0,8,0,0,0,3,0,0,2,1,6,0,1,0,0,0,0,1,0,4,8,0,0,0,0,0,0,0,0,0,1,36,0,4,0,0,23,0,16,0,2,1,0,0,14,16,2,0,1,0,1,8,1,0,1,0,1,0,8,1,6,1,0,0,0,1,1,0,0,0,4,0,1,0,1,0,0,0,116,1,0,0,0,0,0,0,0,0,0,0,4,1,1,0,1,2,0,1,55,0,1,5,114,1,0,0,3,272,2,0,0,3,0,0,0,0,0,0,0,0,0,0,0,11,0,0,0,0,0,0,0,0,2,0,0,0,1,1,0,0,2,0,0,0,0,0,0,0,5,0,0,3,37,0,0,0,1,0,0,0,0,0,0,0,0,0,0,0,0,1,0,0,0,0,0,0,2,0,0,1,3,0,0,0,0,0,0,0,3,0,0,1,2,1,0,1,0,1,0,0,0,0,3,1,0,0,0,0,0,664,3,0,0,0,0,1,0,2,0,0,2,0,0,1,0,0,0,0,0,0,0,0,0,0,0,0,0,13,0,0,0,0,0,0,0,0,0,0,0,0,0,0,0,4,160,4,1,3,0,0,0,0,12,0,0,0,1,1,2,0,0,0,7,0,0,0,7,0,1,0,23,2,0,0,0,0,0,0,0,1,0,0,0,1,0,0,0,0,0,0,0,0,1,0,0,0,0,0,0,0,0,0,0,0,8,0,0,0,0,0,0,0,0,0,0,0,0,0,0,0,0,0,0,1,24,5,2,2,7,1,2,0,1,0,0,21,0,1,2,0,0,1,1,0,0,0,0,2,1,1,0,0,0,0,0,0,0,0,0,1,0,0,0,0,0,0,0,0,0,0,0,0,0,0,0,0,0,0,0,0,0,0,0,0,0,0,1,0,1,0,0,0,0,0,0,0,1,0,0,0,0,0,0,0,0,0,0,0,0,0,0,2,2,0,0,0,0,0,0,0,0,0,0,0,0,0,0,3,2,0,3,0,0,1,0,0,33,0,6,1,0,0,0,0,0,4,7,10,10,0,1,1,1,76,3,0,0,15,0,0,1,7,1,0,0,55,1,0,7,6,0,3,0,2,0,3,0,0,1,0,20,0,2,1,0,0,0,7,15,5,0,0,5,0,0,0,0,0,0,0,0,2,0,0,0,0,0,0,1,0,0,0,0,0,0,0,13,73,0,0,0,0,0,4,1,31,2,1,1,0,0,0,0,14,4,1,2,0,0,0,0,0,6,18,0,3,9,3,1,0,0,0,0,2,0,0,0,0,3,0,0,0,0,0,0,0,0,32,3,0,0,0,0,1,0,0,0,0,0,0,6,0,0,4,0,0,0,0,6,0,0,0,0,0,0,0,0,0,0,0
1,2348,COLEGIO POSITIVO JUNIOR,R MARCELINO CHAMPAGNAT  733,MERCÊS,-25.4289114,-49.29418016,12,0,4333,3614,104,71,0,2,0,6,29,0,0,0,0,2,0,0,31,0,0,0,0,15,0,0,0,2,2,10,2,5,0,3,0,0,0,10,2,0,0,3,0,0,0,5,1,0,6,0,0,0,0,5,0,11,10,0,0,0,0,0,0,0,0,1,2,110,0,12,0,0,30,0,20,1,0,3,0,0,19,11,5,0,1,0,3,26,1,0,4,0,3,0,30,0,10,4,0,0,0,1,0,2,0,0,7,0,0,0,0,0,1,0,85,1,0,0,0,0,0,0,0,0,0,0,2,1,0,0,1,4,0,3,56,0,0,8,99,2,0,0,1,205,0,0,0,1,0,0,0,0,0,0,0,0,0,0,0,19,1,0,0,0,0,0,0,2,0,0,0,0,1,3,0,6,5,0,0,0,0,0,0,0,1,0,1,6,66,0,0,0,0,1,0,0,0,0,1,0,0,0,0,0,0,1,0,1,0,0,0,1,1,0,0,0,0,0,2,0,0,0,0,1,4,0,0,1,1,0,0,0,0,5,1,1,0,0,5,0,0,0,0,0,0,1087,8,5,0,1,0,1,0,1,1,1,1,2,0,0,2,0,0,0,0,0,0,1,0,0,0,0,0,9,2,0,0,0,0,0,0,1,0,0,0,0,0,0,0,4,235,3,4,1,0,0,0,3,26,3,0,2,0,4,0,0,0,0,3,2,0,0,2,0,0,0,17,2,0,1,0,0,3,0,2,1,0,0,0,1,0,0,0,0,0,0,0,0,0,0,0,0,0,1,0,1,0,0,0,0,9,0,0,0,0,0,0,0,0,0,0,0,0,0,0,0,0,0,0,0,30,7,5,1,19,0,2,0,1,0,0,28,1,8,3,0,1,3,0,1,0,0,1,0,1,0,1,0,1,0,0,0,0,0,0,0,0,0,0,0,0,0,0,0,1,0,0,0,0,0,0,0,0,0,0,0,0,1,0,0,0,0,1,1,2,0,0,0,0,0,0,0,5,0,0,0,0,0,0,1,0,0,0,0,0,0,0,0,0,0,0,0,0,0,0,0,0,0,0,0,0,0,0,0,6,0,5,0,0,2,0,0,27,0,0,0,2,1,0,0,0,4,6,4,5,0,0,1,0,94,8,0,0,21,0,0,2,19,7,0,0,58,0,0,4,24,0,3,0,4,0,13,0,0,0,0,31,0,0,0,1,0,0,0,5,0,0,0,1,0,0,0,0,0,0,0,0,1,0,0,0,2,0,0,2,0,0,0,0,0,0,0,6,101,0,1,0,0,7,9,3,97,2,5,1,0,0,1,0,67,8,1,3,0,0,0,0,0,2,38,0,1,8,1,0,0,0,0,0,0,0,0,0,0,4,0,0,1,0,0,1,0,0,26,3,5,0,0,0,2,0,0,0,0,0,0,1,0,0,3,0,1,0,0,12,0,0,0,0,0,0,0,0,0,0,0
1,2356,COLEGIO DOM BOSCO,RUA PAULO MARTINS  314,MERCÊS,-25.41777304,-49.2964639,12,0,2515,2067,126,77,0,0,2,2,16,1,0,0,0,3,0,1,13,0,0,0,0,11,2,0,0,0,0,1,0,0,0,3,0,1,0,2,2,0,0,6,1,0,0,2,0,0,4,0,0,0,0,1,0,8,6,0,0,0,4,0,0,1,0,3,2,27,0,12,0,0,18,0,9,0,0,4,0,0,22,13,0,0,3,0,2,23,3,0,0,4,0,0,22,1,4,1,0,0,0,0,0,0,1,0,2,0,2,0,0,2,0,0,67,0,0,0,0,0,1,0,0,0,0,0,4,1,3,0,0,1,0,0,49,0,1,3,62,1,0,1,2,144,0,0,0,1,1,1,0,0,0,2,1,0,0,0,0,7,0,0,0,0,0,0,0,1,2,0,0,0,0,1,0,0,1,0,0,0,0,0,0,0,1,0,0,4,28,0,0,0,0,0,1,0,0,0,0,1,0,0,0,0,1,1,0,0,0,0,0,0,1,0,0,1,0,0,1,5,0,0,0,0,3,2,0,3,0,0,0,2,0,0,2,0,0,0,0,0,0,0,0,0,3,406,7,2,0,0,1,0,1,1,0,0,3,2,1,0,0,0,1,0,0,0,0,0,0,0,0,0,0,7,0,0,0,0,0,0,0,0,0,0,0,0,0,0,0,1,92,1,1,0,0,0,0,0,16,0,0,2,1,2,1,0,3,0,16,0,0,1,3,0,1,0,13,0,0,0,0,0,1,0,0,0,0,0,0,3,0,0,0,0,0,0,0,0,0,0,0,0,1,0,0,0,0,1,0,0,6,0,0,0,0,0,0,0,0,0,0,0,0,0,0,0,0,0,0,0,10,4,2,0,9,1,1,1,0,0,1,12,0,1,4,0,2,1,0,3,0,0,0,0,0,0,1,0,0,0,0,0,0,0,0,0,0,0,0,0,0,0,0,0,1,0,0,0,0,0,0,0,0,0,0,0,0,0,0,0,0,0,2,0,4,0,0,0,0,2,0,0,4,0,0,0,0,0,0,0,0,0,0,0,0,0,0,0,0,0,0,0,2,0,0,0,0,0,0,0,1,0,0,0,8,0,0,0,0,0,0,0,26,0,1,0,2,0,0,0,0,0,1,4,3,0,0,0,0,95,2,0,0,11,0,0,4,9,2,0,0,51,0,0,4,9,0,2,0,2,1,4,1,0,0,0,20,0,0,0,0,0,0,1,2,1,0,0,2,0,0,0,0,0,0,0,0,0,0,0,0,0,0,0,1,0,0,0,0,0,0,0,3,54,0,1,0,1,9,16,0,21,0,3,0,0,0,0,1,16,1,0,3,0,0,0,0,0,0,38,0,2,1,2,0,0,0,0,0,3,0,0,0,0,5,0,0,0,0,0,0,0,0,13,4,0,0,0,0,0,0,0,0,0,0,1,2,0,0,6,0,0,1,0,17,0,0,0,0,0,0,3,0,0,10,0
1,2364,COLEGIO ESTADUAL SENADOR MANOEL ALENCAR GUIMARAES,AV CANDIDO HARTMANN  1650,MERCÊS,-25.42513962,-49.30041889,12,0,2149,1775,75,79,0,0,0,4,22,0,0,0,2,4,0,0,21,0,0,0,0,8,0,1,0,1,2,3,1,2,0,2,0,2,0,9,0,0,0,11,0,0,0,0,8,0,2,1,0,0,0,8,0,5,5,0,0,0,0,0,0,3,0,1,2,31,1,1,2,1,12,0,8,0,0,0,0,0,15,8,0,0,2,0,1,3,3,2,1,0,0,0,27,0,1,1,0,1,0,0,0,0,0,0,2,0,0,0,0,0,0,0,56,0,0,0,0,0,0,0,0,0,0,0,1,0,1,0,0,6,0,0,40,0,1,3,57,1,0,0,0,118,2,1,0,0,0,5,0,0,0,0,1,0,0,0,0,10,0,0,0,0,0,0,0,0,2,0,0,0,0,0,0,0,0,0,0,0,0,0,1,0,0,0,0,2,26,0,0,0,0,0,0,0,0,0,0,0,0,0,0,0,0,0,0,0,0,0,0,0,1,0,0,1,2,0,0,0,0,0,0,0,4,0,0,2,0,0,0,1,0,0,0,0,0,0,2,0,0,0,0,0,0,331,3,0,0,2,0,0,0,1,1,1,0,1,0,4,1,0,1,0,0,0,0,1,0,0,0,0,0,2,1,0,0,0,0,0,0,0,0,0,0,0,0,0,0,2,88,3,0,1,0,0,0,1,8,1,0,0,1,1,0,0,0,0,3,1,0,0,2,0,0,0,14,0,0,0,0,0,1,0,1,0,0,0,0,1,0,0,1,0,0,0,0,0,0,0,0,0,1,0,0,0,0,0,0,0,15,0,0,0,0,0,0,0,0,0,0,0,0,0,0,0,0,0,0,0,5,0,0,0,9,1,1,0,0,1,0,10,0,1,3,0,2,0,0,2,0,0,0,1,0,0,0,0,0,0,0,0,1,0,0,0,0,0,0,0,0,0,0,0,0,0,0,0,0,0,0,0,0,1,0,0,0,2,0,0,0,0,2,0,0,0,0,0,0,0,0,0,1,0,1,0,0,0,0,0,0,0,0,0,0,0,0,4,0,0,0,0,3,0,0,0,0,0,0,1,1,0,0,0,3,2,0,0,0,0,0,0,33,0,0,0,0,1,0,0,0,1,2,8,5,0,0,0,0,97,0,0,0,13,0,0,1,11,0,0,0,51,0,0,1,3,0,1,0,2,3,1,0,0,0,0,14,2,0,0,1,0,1,0,0,1,1,0,1,1,0,0,0,0,0,0,0,0,0,0,0,0,0,0,0,0,0,0,0,0,0,2,1,50,0,1,0,0,1,21,1,14,2,0,0,0,0,0,1,19,5,2,8,0,0,0,0,0,3,37,0,0,5,4,1,1,0,0,0,0,0,0,0,0,2,0,0,0,0,0,0,0,0,13,2,1,0,0,0,0,0,0,0,0,0,1,3,0,0,5,0,1,0,0,3,0,0,0,0,0,0,0,0,0,1,0
1,2372,SETOR DE CIENCIAS AGRARIAS,R DOS FUNCIONARIOS 1540,JUVEVÊ,-25.41013795,-49.24888101,16,0,4263,3540,101,91,0,1,2,2,36,0,4,0,3,2,0,0,18,2,0,0,0,25,1,1,0,0,1,4,1,8,0,7,0,0,0,5,3,0,0,5,0,0,0,0,3,0,2,0,0,0,0,1,0,3,17,0,0,0,2,1,0,0,0,2,0,64,0,10,0,0,20,0,14,1,2,0,0,0,10,16,1,0,4,0,5,10,3,0,1,2,3,0,23,2,9,0,0,0,0,0,0,0,0,1,10,0,3,0,1,1,0,0,139,0,0,1,0,0,0,0,0,0,0,0,2,2,1,0,0,0,0,4,65,0,2,8,148,5,1,0,2,249,2,0,0,1,1,0,0,0,0,1,0,0,0,0,0,10,0,0,0,0,0,0,0,2,0,0,0,0,0,0,0,0,3,0,0,0,0,0,0,0,0,0,0,2,51,0,0,1,0,0,0,0,0,0,1,0,0,0,0,1,0,1,0,0,1,0,0,1,5,0,0,0,7,0,1,0,0,0,0,0,5,0,0,2,0,0,0,1,0,7,0,5,0,0,0,0,0,2,1,0,0,969,10,0,1,0,0,3,0,0,1,2,1,1,1,0,0,0,1,0,0,0,0,2,0,0,0,0,0,4,1,0,0,0,0,0,0,1,0,0,0,0,0,0,1,4,175,3,1,2,0,0,0,5,18,2,0,3,0,0,1,0,1,2,5,0,0,0,2,0,0,2,30,1,0,0,0,3,2,0,0,3,0,0,0,0,0,0,0,0,0,0,0,0,0,1,0,0,0,0,0,0,0,0,0,0,6,0,0,0,0,0,0,0,0,0,0,0,0,0,0,0,0,0,0,0,32,2,4,2,9,4,1,0,0,0,0,41,1,3,11,1,3,0,0,1,2,0,0,0,3,1,0,0,0,0,0,0,1,0,0,0,0,0,0,0,0,0,0,0,0,0,0,0,0,0,0,0,0,0,0,0,0,0,0,0,0,1,2,0,0,0,0,0,0,0,0,0,0,0,0,0,0,0,0,0,0,0,0,0,0,0,0,2,1,0,1,0,0,0,0,0,1,0,1,0,0,0,5,0,5,0,9,0,0,4,0,0,41,1,1,0,0,0,0,0,0,3,3,23,3,0,0,0,0,132,4,0,0,14,0,0,1,18,1,0,0,71,0,0,16,4,0,3,0,4,0,12,0,0,0,0,37,0,1,1,0,0,0,3,5,3,0,0,3,1,0,0,0,0,0,0,0,1,0,0,2,0,0,0,4,0,0,0,0,0,0,0,7,89,0,0,0,0,3,8,3,85,1,15,1,0,0,1,1,40,5,3,5,0,0,0,0,0,2,35,0,0,13,13,0,0,0,0,0,0,0,0,0,0,2,0,0,0,0,0,0,0,0,25,2,1,0,0,0,2,0,0,0,0,0,0,2,0,0,5,0,0,2,0,11,0,0,0,0,0,0,0,0,0,3,0
1,2380,ASSOCIAÇÃO EDUCATIVA STELLA MARIS,R ROCHA POMBO 792,JUVEVÊ,-25.41258457,-49.26139874,15,0,5469,4569,120,87,0,1,1,10,37,0,1,0,2,1,0,0,21,0,0,0,2,41,0,0,0,0,2,8,2,5,0,6,0,0,1,10,3,0,0,8,0,0,2,0,2,0,3,0,0,0,0,6,0,5,12,0,0,0,4,0,0,0,0,7,1,61,0,15,0,1,28,0,16,1,0,3,0,0,21,35,0,0,8,0,5,6,0,0,0,3,0,1,23,2,19,5,0,0,0,0,1,0,5,0,14,1,0,0,0,1,1,0,187,0,1,0,0,1,0,0,3,0,0,0,6,1,0,0,2,1,0,7,80,0,2,7,168,1,2,1,4,444,7,0,1,0,1,0,0,0,0,5,1,0,0,0,0,28,0,0,0,0,0,0,0,0,1,0,0,0,0,0,0,1,4,0,0,0,0,1,0,0,0,0,0,7,67,0,0,1,0,0,0,0,0,0,0,1,0,0,0,0,1,1,0,0,0,0,0,0,3,0,0,3,3,0,2,0,0,1,0,0,6,0,0,0,2,0,0,1,0,2,1,2,0,0,1,0,0,1,1,0,0,1260,15,0,0,0,0,0,0,2,0,5,9,3,1,1,1,1,0,0,0,0,0,2,0,0,0,2,4,8,0,0,0,0,0,0,0,3,0,0,0,0,0,0,2,5,266,3,2,1,1,0,0,3,19,0,3,4,1,0,3,0,0,0,30,1,0,0,6,1,0,1,47,2,0,0,0,0,2,2,1,4,0,0,0,1,0,0,0,0,0,1,0,0,0,0,1,0,0,0,0,0,0,0,0,0,7,0,0,0,0,0,0,0,0,0,0,0,0,0,0,0,0,0,0,0,23,5,4,0,14,10,1,0,0,0,5,26,0,2,5,1,2,0,0,5,2,1,0,0,2,4,0,0,0,0,0,0,0,0,0,0,0,0,0,0,0,0,0,0,0,0,0,0,0,0,0,0,0,0,0,0,0,0,0,0,0,0,6,0,1,1,0,0,0,0,1,0,0,0,0,0,0,0,0,0,0,0,1,0,0,0,0,0,0,0,0,0,0,0,0,0,0,0,0,0,0,0,0,0,5,0,3,2,0,3,1,0,34,0,7,0,1,1,0,0,0,5,5,13,9,0,0,0,0,157,4,0,0,26,0,0,1,29,3,0,0,79,0,0,11,16,0,3,0,1,0,8,3,0,0,0,62,0,1,0,2,0,0,4,7,3,0,0,6,1,0,2,0,0,0,0,1,1,0,0,0,0,0,0,2,1,0,0,0,0,0,0,13,117,0,0,0,0,6,5,5,67,1,5,1,0,0,1,1,39,10,1,5,2,0,0,1,0,5,40,0,2,17,11,0,1,0,1,0,2,0,0,2,0,3,0,0,1,0,0,2,0,1,27,6,0,0,1,0,2,0,0,0,0,0,1,4,0,0,3,0,0,0,1,7,0,0,0,0,0,0,3,0,0,2,0
1,2399,CENTRO REDENTORISTA SANTO AFONSO,"R UBALDINO DO AMARAL, 204",ALTO DA RUA XV,-25.4231795,-49.2606732,4,0,3223,2612,77,89,0,0,1,5,29,1,1,0,1,0,0,1,23,1,0,0,0,14,0,1,0,0,2,5,0,7,0,2,1,0,0,3,1,0,0,6,0,0,0,0,8,0,2,0,1,0,0,3,0,3,9,0,0,0,0,1,0,0,0,3,5,40,0,4,0,1,15,0,6,0,2,0,0,0,17,16,0,0,6,0,4,7,1,0,0,2,1,0,19,1,5,1,0,0,0,2,0,0,1,0,5,0,5,0,0,0,0,0,102,0,0,1,0,0,0,0,0,0,0,0,3,0,1,1,2,4,0,1,82,0,0,4,127,2,3,0,0,272,5,0,0,0,2,1,0,0,0,2,0,0,0,1,0,5,2,0,2,0,0,0,0,0,1,0,0,0,2,0,0,0,6,0,0,0,0,0,0,0,0,0,0,2,31,0,0,0,1,0,0,0,0,0,2,0,0,0,0,0,0,0,0,0,0,0,0,1,0,0,0,1,4,0,1,0,0,0,0,1,5,1,0,0,2,0,0,0,0,0,0,0,0,0,0,0,0,0,1,1,0,544,7,0,0,0,0,0,0,0,3,1,1,0,0,1,1,0,0,0,0,0,0,0,0,0,0,0,0,5,0,0,0,1,0,0,0,1,0,0,0,0,0,0,3,7,133,7,0,1,1,0,0,1,19,1,1,2,2,0,0,0,0,0,16,0,0,0,2,0,0,0,16,1,0,0,0,0,0,0,0,2,1,0,0,0,0,0,0,0,0,0,0,0,0,0,0,0,0,0,0,0,0,0,0,0,6,0,0,0,0,0,0,0,0,0,0,0,0,0,0,0,0,0,0,0,21,2,0,1,9,1,1,0,0,0,0,14,1,1,3,1,0,0,0,0,1,0,0,0,1,0,0,0,0,0,0,0,1,0,0,1,0,0,0,0,0,0,0,0,0,0,0,0,0,0,0,0,0,0,0,0,0,3,0,0,0,0,2,0,0,1,0,0,0,0,0,0,0,0,0,0,0,0,0,0,0,0,0,0,1,0,0,3,0,0,0,0,2,0,0,0,0,0,0,0,0,0,0,0,7,0,3,0,0,1,0,0,32,0,2,0,6,1,1,0,0,0,5,10,3,2,0,3,0,89,1,0,0,16,1,0,2,10,0,0,0,45,1,0,4,9,0,1,0,2,0,9,0,0,0,0,20,0,2,0,1,0,0,0,8,3,0,0,5,1,0,0,0,0,0,0,0,0,0,0,0,0,0,0,2,0,0,0,0,0,0,0,7,66,0,0,0,0,6,4,0,36,1,2,1,0,0,2,0,27,6,1,1,0,0,0,0,0,2,39,0,1,19,7,0,0,0,0,0,7,0,0,0,0,3,0,0,0,1,0,0,0,0,27,1,0,0,0,0,0,0,0,0,0,0,0,4,0,0,2,1,1,5,0,8,0,0,0,0,0,0,0,0,0,3,0
1,2402,ESCOLA MADRE ANATOLIA,RUA MARTIN AFONSO  575,MERCÊS,-25.42779906,-49.28285509,12,0,1768,1435,52,30,0,1,2,2,15,1,0,0,2,3,1,1,11,0,0,0,0,4,0,0,0,0,2,0,0,1,0,2,1,0,0,7,0,0,0,4,0,0,1,0,2,0,0,0,0,0,0,2,0,3,7,0,0,0,1,1,0,0,0,0,0,22,0,6,0,0,13,0,5,0,1,1,2,0,12,1,1,0,3,0,1,8,0,0,4,1,4,0,14,3,6,2,0,0,0,1,0,0,0,0,4,0,0,0,0,0,0,0,51,0,0,0,0,0,0,0,0,0,1,0,0,0,0,0,0,3,1,2,55,0,2,3,56,1,0,0,0,130,0,0,0,0,0,0,2,0,0,0,0,0,0,0,0,2,0,0,0,0,1,0,0,2,0,0,0,0,0,1,0,0,1,0,0,0,0,0,1,0,0,0,0,1,17,0,0,0,0,0,0,0,0,0,0,0,0,0,0,0,0,0,0,0,0,0,1,0,1,0,0,0,0,0,0,1,1,0,0,1,3,0,0,0,0,0,0,0,0,1,0,0,0,0,0,0,0,0,0,0,0,315,2,0,0,0,0,1,0,0,0,2,2,0,0,0,0,0,0,0,0,0,0,0,0,0,0,0,0,5,0,0,0,0,0,0,0,0,0,0,0,0,0,0,1,0,105,5,0,0,0,0,0,0,6,1,0,0,1,0,0,0,0,0,1,1,0,0,0,0,0,3,8,0,0,0,1,0,8,0,0,0,0,0,0,1,0,1,0,0,0,0,0,0,0,0,1,0,0,0,0,0,0,0,0,0,11,0,0,0,0,0,0,0,0,0,0,0,0,0,0,0,0,0,0,0,5,2,0,1,4,1,0,0,1,0,1,3,1,0,2,1,0,0,0,3,0,0,0,0,1,0,0,0,0,0,0,0,1,0,0,0,0,0,0,0,0,0,0,0,0,0,0,0,0,0,0,0,0,0,0,0,0,1,0,0,0,0,0,0,0,0,0,0,0,0,0,0,1,0,0,0,0,0,1,0,0,0,0,0,0,0,0,1,0,0,0,0,0,0,0,0,0,0,0,0,0,0,2,0,3,0,0,0,0,0,0,0,19,0,2,0,1,0,0,0,0,1,0,3,0,0,0,1,0,56,0,0,0,12,0,0,1,5,0,0,0,24,0,1,2,2,0,0,0,0,0,2,1,1,0,0,10,0,0,0,0,0,0,4,5,0,0,0,2,0,0,0,0,0,0,0,0,0,0,0,0,2,0,0,0,0,0,0,0,0,0,0,6,34,0,0,0,0,3,2,1,11,1,0,0,0,0,0,1,11,6,3,3,1,0,0,0,0,1,19,0,0,7,1,0,0,0,0,0,0,0,0,0,0,0,0,0,0,0,1,0,0,0,13,0,0,0,0,0,1,0,0,0,0,0,0,1,0,0,4,0,0,0,0,8,0,0,0,0,0,0,0,0,2,3,0
1,2410,COLEGIO ESTADUAL PROFESSOR GUIDO STRAUBE,R JACAREZINHO   1680,MERCÊS,-25.41535155,-49.2898898,12,0,2396,1960,92,68,0,3,0,0,13,1,1,0,1,6,0,0,13,0,0,0,0,12,0,0,1,0,2,2,2,5,0,2,0,0,0,2,0,0,0,7,0,0,0,3,1,0,0,0,0,0,0,4,0,2,6,0,0,0,2,0,0,0,0,2,7,22,0,7,0,0,9,0,10,0,0,6,0,0,15,16,0,0,6,0,4,12,0,0,1,3,1,0,9,0,2,0,0,0,0,1,0,4,4,0,3,0,1,0,0,0,0,0,57,0,0,0,0,0,0,0,0,0,0,0,3,1,0,0,0,4,0,2,77,0,0,2,80,3,0,0,1,121,3,0,0,0,0,1,0,0,0,0,0,0,0,0,0,10,0,0,1,0,2,0,0,2,1,0,0,0,2,3,0,1,1,1,0,0,0,0,0,0,0,0,1,4,32,0,0,1,0,0,0,0,0,0,1,2,0,0,0,0,3,0,0,0,0,0,0,0,1,0,0,0,1,0,0,0,0,0,0,0,5,0,1,0,0,0,0,1,0,0,0,0,0,0,0,0,0,0,0,0,0,377,7,0,0,0,0,0,0,0,1,2,3,0,0,1,0,0,1,0,0,0,0,0,0,0,0,0,0,9,0,0,0,0,0,0,0,0,0,0,0,0,0,0,0,2,84,4,3,1,0,0,0,0,21,0,0,0,0,1,0,0,0,0,7,0,0,0,0,0,0,3,13,0,0,0,0,1,0,0,0,0,0,0,0,0,0,0,0,0,0,0,0,0,0,0,0,1,2,0,0,1,0,0,0,0,8,0,0,0,0,0,0,0,0,0,0,0,0,0,0,0,0,0,0,0,10,1,4,0,9,1,0,1,0,0,2,14,0,2,0,0,1,0,0,0,0,0,0,0,1,0,0,0,0,0,0,0,0,0,0,1,0,0,0,0,0,0,0,0,0,0,0,3,1,0,0,0,0,0,0,0,0,1,0,0,0,0,1,0,0,0,0,0,0,0,0,0,0,0,0,0,0,0,0,0,0,0,0,0,0,0,0,1,0,0,0,0,0,0,0,0,0,0,0,0,0,0,0,0,4,0,1,0,0,1,0,0,23,0,4,0,0,2,2,0,0,4,3,9,3,0,0,0,2,98,4,2,0,6,0,0,2,9,4,0,0,50,2,0,2,7,0,1,0,1,0,4,2,0,0,0,21,0,3,0,0,1,0,0,4,0,0,0,0,0,1,0,0,0,0,0,0,0,0,0,0,0,0,0,2,0,0,0,0,0,0,0,3,81,0,2,0,1,7,4,1,13,0,2,2,0,0,3,1,17,11,1,1,0,0,0,1,0,1,40,0,0,9,1,0,0,0,0,0,0,0,0,0,0,0,0,0,0,0,0,0,0,0,9,0,0,0,1,0,0,1,0,0,0,1,0,3,0,0,4,0,0,2,0,10,0,0,0,0,1,0,3,0,0,4,0
1,2429,ESCOLA ESTADUAL PROFESSOR CLETO,RUA VISCONDE DE NACAR   544,MERCÊS,-25.42753994,-49.28036107,2,0,1655,1308,40,42,0,0,0,4,20,0,4,0,0,1,0,0,8,1,0,0,0,5,0,1,0,1,2,5,0,4,0,5,0,0,0,1,0,0,0,12,0,0,0,0,5,0,1,0,0,1,0,0,0,1,4,0,0,0,3,0,0,1,0,2,2,19,0,4,0,0,17,0,7,0,0,0,0,0,3,2,1,0,1,0,4,3,0,1,3,0,2,0,8,2,1,0,0,0,0,0,0,0,0,0,0,1,1,0,0,0,0,0,49,0,0,0,0,0,0,0,1,0,0,0,0,0,0,0,1,2,2,2,43,0,2,3,53,0,2,0,4,168,0,0,0,0,0,1,0,0,0,0,0,0,0,1,0,2,0,0,2,0,0,0,0,0,0,0,0,0,0,0,0,1,0,0,0,0,0,0,2,0,0,0,0,1,15,0,0,0,0,0,0,0,0,0,0,0,0,1,0,0,0,0,0,0,0,0,3,0,1,0,0,0,0,1,0,0,0,0,0,0,0,0,0,0,0,0,0,0,0,1,1,0,0,0,0,0,0,0,1,0,0,234,0,0,0,0,0,0,0,0,0,0,2,0,0,0,0,0,0,0,0,0,0,0,0,0,0,0,0,1,0,0,0,0,0,0,0,1,0,0,0,0,0,0,0,2,66,0,1,1,0,0,0,0,9,0,0,0,0,0,0,0,0,0,3,0,0,0,2,0,0,2,11,0,0,0,0,0,1,0,0,3,0,0,0,0,0,0,0,0,0,0,0,0,0,1,0,0,0,1,0,2,0,0,0,0,8,0,0,0,0,0,0,0,0,0,0,0,0,0,0,0,0,0,0,0,5,0,1,1,2,2,2,0,0,0,1,8,0,1,2,0,0,0,0,0,0,0,0,0,0,0,0,0,0,0,0,0,0,0,0,0,0,0,0,0,0,0,0,0,0,0,0,0,0,0,0,0,0,0,1,0,0,0,0,0,0,1,0,0,0,0,0,0,0,0,0,0,1,0,0,0,0,0,0,0,0,0,0,0,0,0,0,2,0,0,0,0,0,0,1,0,0,0,0,0,0,0,0,0,9,0,1,0,0,0,0,0,7,0,3,0,0,0,0,2,0,0,3,2,1,0,0,0,0,60,2,0,0,6,0,0,1,4,0,0,0,37,0,1,0,7,0,0,0,0,0,2,0,0,0,0,20,0,2,0,0,0,0,2,5,0,0,0,4,0,0,0,0,0,0,0,0,0,0,0,0,0,0,0,0,0,0,0,0,0,0,0,2,33,0,0,0,0,2,2,2,14,1,6,0,0,0,0,0,7,1,0,1,0,0,0,0,0,2,14,0,1,3,4,0,0,0,1,0,0,0,0,0,0,1,0,0,0,0,0,0,0,0,11,0,1,0,0,0,0,0,0,0,0,0,0,2,0,0,4,0,0,0,0,7,0,0,0,0,0,0,0,0,0,1,0
1,2437,ESCOLA VICENTINA NOSSA SENHORA DAS MERCES,"AV MANOEL RIBAS, 1154",MERCÊS,-25.42279077,-49.29029039,12,0,2443,1983,86,54,0,0,1,7,30,1,2,0,0,0,0,0,13,2,0,0,0,9,0,1,0,0,2,9,0,2,0,3,0,0,1,16,1,0,0,13,1,0,0,0,0,0,1,0,0,0,0,0,0,3,6,0,0,0,0,0,0,0,0,3,2,22,0,2,0,0,13,0,6,0,0,0,0,0,10,12,0,0,3,0,3,12,1,1,0,4,2,0,18,0,4,0,0,0,0,0,0,0,0,0,1,0,1,0,0,1,0,0,71,0,0,0,0,0,0,0,0,0,0,0,3,0,0,0,0,9,0,3,65,0,3,3,94,3,0,0,2,133,2,0,0,1,0,1,0,0,0,1,1,0,0,0,0,12,1,1,1,0,0,0,0,0,2,0,0,0,2,1,0,4,1,0,0,0,0,0,0,0,0,0,0,2,25,0,0,1,0,0,0,0,0,0,0,2,0,0,0,0,0,2,0,0,0,0,0,0,2,0,0,0,3,0,0,0,0,0,0,0,0,0,0,2,0,0,0,0,0,0,1,0,0,0,2,0,0,0,1,0,0,397,3,0,0,0,0,0,0,2,0,1,0,1,1,0,0,0,1,0,0,1,0,0,0,0,0,0,0,3,1,0,0,0,0,0,0,0,0,0,0,0,0,0,1,3,114,5,1,0,0,0,3,1,16,1,0,1,1,1,0,0,0,1,3,0,0,0,5,0,0,1,9,1,0,0,1,0,1,1,1,0,0,0,0,1,0,0,0,0,0,0,0,0,0,0,0,0,0,0,0,2,0,0,0,0,6,0,0,0,0,0,0,0,0,0,0,0,0,0,0,0,0,1,0,0,15,5,4,0,4,1,0,0,1,0,1,18,0,5,3,0,3,0,0,0,0,0,0,0,0,0,2,0,0,0,0,0,0,0,0,1,0,1,0,0,0,0,0,0,0,0,0,0,0,0,0,0,0,2,0,0,0,1,0,0,0,0,2,0,0,1,0,0,0,0,0,0,2,0,0,0,0,0,0,0,0,0,0,1,0,0,0,3,0,0,0,0,0,0,0,0,0,0,0,0,1,0,0,0,8,0,2,0,0,0,0,0,26,0,2,1,0,1,0,0,0,5,4,2,3,0,0,0,0,72,4,0,1,12,0,0,2,4,2,1,0,31,0,1,3,10,0,0,0,5,1,4,0,0,0,0,20,0,1,1,1,0,0,2,1,0,0,0,1,0,1,0,0,0,0,0,0,0,0,0,0,0,0,0,0,1,0,0,0,0,0,0,3,69,0,0,0,0,8,10,4,22,0,4,2,0,0,0,0,10,5,2,11,0,0,0,0,0,3,21,0,0,7,5,0,2,0,1,0,0,0,0,0,0,0,0,0,0,0,0,1,0,0,20,2,0,0,1,0,0,0,0,0,0,0,0,1,0,0,5,0,0,1,0,6,0,0,0,0,0,1,1,0,0,1,0
1,2445,HOSPITAL DE CLÍNICAS,"RUA GENERAL CARNEIRO, 181",ALTO DA GLÓRIA,-25.4248837,-49.2620917,4,0,186,177,13,7,0,0,0,1,5,0,0,0,0,1,0,0,0,0,0,0,0,1,0,0,0,0,0,0,0,3,0,0,1,0,0,1,0,0,0,0,0,0,0,0,0,0,0,0,0,0,0,0,0,0,0,0,0,0,0,0,0,0,0,0,0,0,0,0,0,0,0,0,0,0,0,0,0,0,1,2,0,0,0,0,0,0,0,1,0,0,0,0,0,0,0,0,0,0,0,0,0,0,0,0,0,0,0,0,0,0,0,0,5,0,0,0,0,0,0,0,0,0,0,0,0,0,0,0,2,1,0,0,10,0,1,0,1,0,0,1,0,40,0,0,0,0,0,0,0,0,0,0,0,0,0,0,0,1,0,0,0,0,0,0,0,0,0,0,0,0,0,0,0,0,0,0,0,0,0,0,0,0,0,0,0,2,2,0,0,0,0,0,0,0,0,0,0,0,0,0,0,0,0,0,0,0,0,0,0,0,0,0,0,0,0,0,0,0,0,0,0,0,1,0,0,0,0,0,0,0,0,0,0,0,0,0,1,0,0,0,0,0,0,16,0,0,0,0,0,0,0,0,0,0,0,0,0,0,0,0,0,0,0,0,0,0,0,0,0,0,0,0,0,0,0,0,0,0,0,0,0,0,0,0,0,0,0,1,7,1,0,0,0,0,0,0,1,0,0,0,0,0,0,0,0,0,0,0,0,0,0,0,0,0,1,0,0,0,0,0,0,0,0,0,0,0,0,0,0,0,0,0,0,0,0,0,0,0,0,0,0,0,0,0,0,0,0,0,1,0,0,0,0,0,0,0,0,0,0,0,0,0,0,0,0,0,0,0,1,1,0,0,1,0,0,0,0,0,0,1,0,1,0,0,0,0,0,0,0,0,0,0,0,0,0,0,0,0,0,0,0,0,0,0,0,0,0,0,0,0,0,0,0,0,0,0,0,0,0,0,0,0,0,0,0,0,0,0,0,0,0,0,0,0,0,0,0,0,0,0,0,0,0,0,0,0,0,0,0,0,0,0,0,0,0,0,0,0,0,0,0,0,0,0,0,0,0,0,0,0,0,0,2,0,0,0,0,0,0,0,3,0,0,0,0,0,0,0,0,0,2,1,0,0,0,0,0,7,1,0,0,0,0,0,0,0,0,0,0,1,0,0,0,0,0,1,0,0,0,0,0,0,0,0,2,0,0,0,0,0,2,1,2,4,0,0,0,0,0,0,0,0,0,0,0,0,0,0,0,0,0,0,0,0,0,0,0,0,0,0,0,3,0,0,0,0,0,0,0,1,0,0,0,0,0,0,0,0,0,0,0,0,0,0,0,0,0,2,0,0,0,2,0,0,0,0,0,0,0,0,0,0,0,0,0,0,0,0,0,0,0,2,0,0,0,0,0,0,0,0,0,0,0,0,0,0,0,0,0,0,0,0,0,0,0,0,0,0,0,0,0,0,0,0
2,1112,ESCOLA MUNICIPAL ANISIO TEIXEIRA,R JOAO BATISTA SCUCATO 80 CJTO HABITACIONAL N ESPERANCA,ATUBA,-25.38417494,-49.20112808,55,0,3648,2954,306,135,0,1,3,5,44,1,3,0,0,4,1,2,27,4,0,0,1,5,2,3,0,3,6,18,0,2,1,7,0,1,0,4,1,1,0,52,0,1,1,0,79,0,0,6,1,2,0,0,0,3,3,0,0,0,5,0,0,0,2,0,10,28,0,15,0,2,11,0,5,0,2,0,0,0,15,11,2,3,33,0,2,9,13,0,0,0,0,0,19,0,4,1,0,0,0,1,0,0,0,0,0,0,0,0,2,0,0,2,41,1,0,0,0,1,0,0,0,0,0,0,1,2,1,0,0,2,2,2,124,0,1,2,49,24,0,1,11,97,0,0,0,0,0,19,0,1,0,0,0,0,0,0,0,11,0,0,2,0,0,1,0,0,0,0,0,0,3,3,0,1,3,0,0,0,0,0,2,0,1,1,0,1,8,0,0,0,0,0,0,0,4,0,19,0,0,0,0,0,1,1,0,0,0,1,0,0,0,0,0,1,0,0,2,0,0,0,0,2,4,0,0,0,0,0,1,9,0,1,1,0,0,0,1,0,1,1,1,0,0,297,0,0,1,0,0,1,0,0,0,0,3,3,0,2,1,0,1,0,0,2,0,0,0,0,0,0,2,9,0,1,0,0,0,0,0,0,0,0,0,0,0,0,3,2,85,7,2,0,2,1,0,5,42,1,0,0,0,1,1,0,0,0,24,1,0,1,4,0,0,0,16,0,0,2,0,2,0,8,0,1,0,0,0,0,0,0,0,0,0,0,0,0,0,0,0,0,0,0,0,0,0,0,0,0,2,0,0,0,1,1,0,0,0,0,0,0,1,0,0,0,0,0,0,0,1,1,2,0,0,0,2,0,0,0,1,7,0,0,5,1,0,0,0,0,0,0,0,0,0,0,3,0,1,0,0,0,2,0,0,2,0,0,0,0,0,0,2,0,1,0,1,0,0,0,0,0,0,0,0,0,1,0,0,0,0,0,2,0,5,4,0,0,0,0,0,0,0,1,0,0,0,0,0,0,0,0,0,0,0,0,0,6,0,0,0,0,0,0,0,0,1,0,0,0,0,0,0,0,4,0,5,2,0,8,0,0,103,0,1,1,0,1,0,0,0,3,5,9,5,0,0,0,1,146,3,0,0,16,1,0,3,33,1,0,0,125,1,0,12,22,0,1,0,2,0,0,1,1,0,0,28,0,8,0,0,0,1,1,0,0,0,0,6,0,0,0,0,0,0,0,0,0,0,0,2,0,0,0,2,0,0,0,0,0,0,0,10,67,0,0,0,1,2,12,0,18,10,2,0,0,0,0,0,5,12,5,0,0,0,0,0,0,0,73,0,1,5,6,0,0,0,0,0,1,0,0,0,0,0,1,0,0,0,0,2,0,1,110,2,0,2,0,0,0,0,0,0,0,0,0,8,0,0,13,1,1,5,0,6,0,0,0,0,0,0,0,0,0,11,0
2,1120,COLEGIO ESTADUAL LEONCIO CORREIA,R COSTA RICA   223,BACACHERI,-25.40139684,-49.24463919,35,0,8759,7110,315,223,0,1,4,14,74,2,6,6,0,7,0,1,56,1,1,0,1,30,0,2,0,1,13,16,0,15,0,8,1,1,1,20,5,0,0,54,0,1,1,6,26,8,0,1,0,1,1,7,0,8,18,0,0,5,9,3,0,1,2,3,6,54,1,16,0,2,31,0,45,0,2,4,0,0,67,27,1,1,17,1,3,13,4,2,4,3,2,1,46,4,11,8,1,0,0,1,0,0,3,0,10,0,3,0,0,1,2,2,196,1,1,2,0,0,0,0,2,0,0,0,3,0,0,0,3,10,2,6,222,0,1,18,250,24,0,0,11,527,5,1,1,0,1,4,1,0,0,16,6,0,0,0,1,36,1,0,2,0,0,0,0,2,0,0,3,1,0,0,0,3,1,1,0,0,0,0,3,0,2,1,0,7,78,0,1,0,0,2,0,0,1,0,12,2,0,0,0,0,1,5,0,1,0,0,0,2,1,0,0,1,9,0,4,1,0,0,0,4,9,0,0,2,4,0,0,3,0,14,3,2,0,0,0,0,0,3,2,0,0,1387,5,2,0,0,0,1,0,1,1,2,1,5,1,2,2,0,0,1,0,2,0,2,0,0,1,1,0,24,5,0,0,1,0,0,0,1,0,0,0,0,0,0,6,11,422,23,2,5,0,1,0,13,64,2,0,3,1,1,10,0,2,0,52,0,0,0,10,1,0,2,35,2,0,0,1,1,2,0,0,1,0,0,1,0,0,0,0,0,0,0,0,0,0,0,0,0,0,0,0,0,0,0,0,0,14,0,0,0,0,0,0,0,0,0,0,2,0,0,0,0,0,0,1,0,16,10,2,2,22,3,2,0,3,1,2,31,1,4,12,2,3,0,0,1,0,0,0,2,8,0,2,0,0,0,0,0,5,1,0,1,0,0,0,0,0,0,0,0,2,1,0,0,0,0,0,2,0,0,2,0,2,1,0,0,0,0,14,1,2,0,0,0,0,0,1,0,1,0,1,0,0,0,0,0,0,0,0,0,0,0,0,14,4,0,1,0,0,0,0,0,0,0,0,0,0,0,1,0,18,1,30,1,0,7,0,7,101,0,10,0,3,4,1,0,1,4,6,25,12,0,0,0,0,331,11,1,1,47,0,0,5,100,6,0,1,146,2,0,19,12,0,2,0,6,1,14,1,1,0,0,69,0,8,4,4,2,3,7,14,3,0,2,10,1,2,0,0,3,0,0,1,2,0,0,0,0,1,0,2,0,0,0,0,0,1,0,14,195,0,1,0,0,8,12,5,97,7,8,1,0,0,4,1,29,8,7,3,0,0,2,1,0,0,137,0,6,22,12,1,0,0,12,0,2,0,0,0,0,4,0,0,0,0,0,2,0,0,109,1,1,0,0,0,3,0,0,0,0,1,0,9,0,0,16,0,5,8,0,19,0,0,0,0,0,0,5,0,1,5,0
2,1139,ESCOLA MUNICIPAL ENY CALDEIRA,R GUILHERME IHLENFELDT   51,BACACHERI,-25.38872635,-49.2259122,35,0,5590,4665,189,155,0,1,1,14,53,1,3,1,0,9,0,1,34,2,0,0,0,30,0,0,0,2,6,18,4,7,0,5,0,0,2,18,1,1,0,39,0,0,1,0,29,0,3,2,2,1,0,5,2,5,10,0,0,0,7,1,0,0,1,0,2,34,0,12,0,3,15,0,22,0,2,1,0,1,27,32,0,1,22,0,11,13,6,0,0,0,0,2,35,4,9,2,0,2,0,1,1,0,0,0,5,2,0,0,1,2,0,0,133,1,0,0,0,0,0,0,0,0,0,0,5,4,0,0,0,2,2,1,122,0,0,7,160,19,0,0,10,269,2,1,1,0,2,4,0,0,0,4,5,0,0,0,0,38,0,0,5,0,0,0,0,0,1,0,0,0,3,2,0,2,1,0,0,0,0,2,0,0,0,1,0,2,55,0,0,0,0,1,0,0,0,0,14,3,0,0,0,0,0,0,0,0,0,0,0,1,0,0,0,1,6,0,2,1,1,0,0,0,8,0,0,1,1,0,0,3,0,5,2,0,1,0,0,0,2,1,2,0,0,769,3,0,1,0,0,0,1,1,0,6,1,7,0,0,1,2,1,0,0,0,0,0,0,0,0,1,1,13,0,0,0,0,0,0,0,4,0,0,0,0,0,0,4,2,249,29,3,2,2,0,0,6,35,5,1,0,2,0,1,0,1,4,36,2,0,0,3,0,0,0,27,1,0,2,1,2,1,0,0,4,0,0,0,0,0,0,0,0,0,0,0,0,0,0,0,0,0,0,0,0,0,0,0,0,16,0,0,0,0,0,0,0,0,1,0,1,0,0,0,0,0,0,2,0,14,4,4,0,10,2,0,0,0,3,0,7,0,3,13,0,0,0,0,2,1,0,1,1,1,0,3,0,0,0,0,0,5,0,0,0,0,0,0,0,0,0,0,0,0,0,2,0,0,0,0,1,0,0,0,0,3,0,0,0,0,0,23,0,1,5,1,0,0,0,1,0,3,0,1,0,0,0,1,0,0,0,0,0,0,0,0,4,0,0,0,0,0,0,0,0,0,0,0,0,0,0,0,4,10,1,11,1,0,10,0,12,74,0,2,0,0,2,2,0,0,2,3,17,3,0,0,0,1,297,7,0,0,39,0,0,3,114,0,0,0,96,0,0,18,16,0,1,0,0,1,11,1,0,0,1,42,0,6,3,1,0,1,7,12,2,0,0,3,0,0,1,0,0,0,0,0,0,0,0,0,0,0,0,1,0,0,0,0,1,2,0,5,163,0,0,0,4,5,19,0,78,8,5,0,0,0,8,0,17,4,0,9,0,0,0,0,0,1,106,0,0,14,6,0,0,0,1,0,1,0,0,0,0,4,0,0,0,1,0,4,0,0,75,1,0,0,1,0,0,0,4,0,0,0,0,6,1,0,15,0,0,7,0,8,1,0,0,1,0,0,1,0,0,4,0
2,1147,ESCOLA MUNICIPAL JAGUARIAIVA,"RUA JOSÉ MAZEPA, 51",BACACHERI,-25.39634862,-49.21722528,35,0,2984,2513,90,69,0,2,1,3,24,0,1,0,3,1,0,1,16,1,0,0,0,11,0,0,0,1,3,3,0,5,0,4,0,0,0,2,7,0,0,5,0,0,0,0,10,0,0,1,0,0,1,5,0,1,11,0,0,0,7,1,0,0,0,0,0,17,0,8,0,0,8,1,10,0,4,2,0,0,25,16,0,0,7,0,0,9,1,0,1,0,1,0,19,0,4,0,0,0,0,1,0,0,0,0,2,1,2,0,0,0,0,0,78,0,0,3,0,0,2,0,0,0,0,0,3,0,0,0,0,1,2,0,76,0,1,3,117,5,0,4,5,119,3,0,0,0,0,2,0,0,0,4,7,0,0,0,0,8,0,0,0,0,0,0,0,0,0,0,0,0,0,2,0,2,2,0,0,0,0,0,1,0,1,0,0,1,32,0,0,0,0,0,0,0,0,0,7,0,0,0,0,2,1,0,0,0,0,0,0,0,1,0,0,1,1,0,0,0,0,0,0,0,2,0,0,3,0,0,0,1,0,4,1,2,0,0,1,2,0,0,1,0,0,454,0,0,0,0,0,1,0,1,0,0,1,1,0,0,0,0,0,0,0,0,0,0,0,0,0,0,1,5,0,0,0,0,0,0,0,1,0,0,0,0,0,0,0,2,156,7,5,0,1,1,0,10,29,2,0,5,2,0,1,0,0,2,30,0,0,0,6,0,0,0,21,1,0,4,0,0,6,1,0,2,0,0,0,0,0,0,0,0,0,0,0,0,0,0,1,0,0,2,0,0,0,0,0,0,8,0,0,0,0,0,0,0,0,0,0,0,0,0,0,0,0,0,0,0,7,1,0,0,4,1,1,2,0,1,0,3,0,1,4,3,1,0,0,2,0,0,1,0,0,0,2,0,0,0,0,0,0,0,0,0,0,0,0,0,0,0,0,1,0,0,0,0,0,0,0,0,0,0,0,0,1,0,0,1,0,0,99,0,3,1,0,0,0,0,0,0,2,0,0,0,0,0,0,0,0,0,0,0,1,0,0,1,0,0,0,0,0,0,1,0,0,1,0,0,0,0,0,0,2,0,3,1,0,2,0,1,31,0,2,0,1,0,0,0,0,1,8,10,1,0,0,0,0,149,2,0,0,10,0,0,0,24,0,0,0,56,0,0,5,3,0,1,0,0,0,3,1,3,0,0,19,0,0,2,1,3,1,3,2,0,1,0,7,0,0,0,0,3,0,0,0,1,0,0,0,0,0,0,5,0,0,0,0,0,0,0,4,84,1,0,0,0,4,6,0,38,1,4,0,0,0,0,1,6,7,2,3,0,0,0,0,0,0,38,0,2,4,1,0,0,0,1,0,2,0,0,0,0,0,0,0,0,0,0,2,0,0,43,0,3,0,0,0,0,0,0,0,0,0,1,7,0,0,11,0,1,1,0,4,0,0,0,0,0,0,0,0,3,1,0
2,1155,FACULDADE DE ARTES DO PARANÁ,RUA DOS FUNCIONÁRIOS 1357,CABRAL,-25.41250163,-49.24707089,16,0,2691,2196,69,51,0,0,0,4,27,0,0,0,2,0,0,1,8,2,0,0,0,15,0,0,0,1,4,3,1,3,0,3,0,1,0,10,0,0,0,7,0,0,0,2,4,0,2,0,0,0,0,2,0,5,6,0,0,0,0,0,0,1,1,3,1,39,0,5,0,1,13,0,10,0,0,0,0,0,14,4,1,2,2,0,5,4,1,1,0,1,5,0,8,0,4,1,0,0,0,2,0,0,0,0,3,0,1,0,0,0,0,1,68,1,0,0,0,0,0,0,1,0,0,0,1,0,0,0,3,1,0,1,53,0,1,2,77,6,0,2,1,220,1,0,0,1,1,1,0,0,0,2,1,0,0,0,1,11,0,0,2,0,0,0,0,0,1,0,0,0,0,0,0,1,6,0,0,0,0,0,0,0,1,0,1,2,32,0,0,0,2,0,0,0,0,0,0,0,0,0,0,0,0,0,0,0,0,0,0,0,0,0,0,1,3,1,4,0,0,0,0,1,5,0,0,0,0,0,0,0,0,3,0,0,0,0,0,0,0,0,0,0,0,526,1,0,0,0,0,0,0,0,0,5,1,2,0,0,0,0,1,0,0,0,0,2,0,0,0,0,1,8,0,0,0,0,0,0,0,0,0,0,0,0,0,0,1,6,120,5,0,3,1,1,1,1,14,0,0,1,1,0,0,0,0,1,8,0,0,0,4,0,0,0,18,2,0,0,2,0,2,0,2,3,0,0,0,0,0,0,0,0,0,0,0,0,0,0,0,0,0,0,0,0,0,0,0,0,8,0,0,0,0,0,0,0,0,0,0,0,0,0,0,0,0,0,0,0,11,4,3,1,9,0,1,1,0,0,0,28,0,0,7,3,4,0,0,1,0,0,0,1,1,2,0,0,0,0,0,0,0,0,0,1,0,0,0,0,0,0,0,0,0,0,0,0,1,0,0,0,0,0,0,0,0,1,0,0,0,0,7,0,0,0,0,0,0,0,0,0,0,0,0,0,1,0,0,0,0,0,0,0,0,0,0,0,0,0,0,0,0,0,0,0,0,0,0,0,0,0,0,1,4,1,6,0,0,2,0,1,27,0,1,0,2,0,1,0,0,2,1,8,8,1,0,0,0,57,1,0,0,15,0,0,1,15,3,0,0,36,0,0,4,2,0,3,0,0,0,2,0,0,0,0,14,0,0,0,1,0,0,5,0,1,0,0,4,0,0,1,0,0,0,0,0,0,0,0,0,0,0,0,0,0,0,0,0,0,0,0,5,66,0,0,0,0,4,6,2,39,0,6,0,0,0,1,1,18,3,1,0,0,0,0,1,0,2,21,0,0,9,7,0,0,0,0,1,0,0,0,0,0,2,1,0,0,0,0,0,1,1,21,0,1,0,3,0,1,0,0,0,0,0,1,1,0,0,5,0,1,0,0,0,0,0,1,0,0,0,0,0,0,2,0
2,1163,SOCIEDADE BENEFICENTE DUQUE DE CAXIAS,R COSTA RICA  1173,BACACHERI,-25.39714944,-49.23766519,35,0,5057,4245,164,123,0,2,0,11,44,0,2,0,0,4,3,1,31,0,1,1,0,24,0,0,1,1,9,9,1,7,0,6,0,0,0,20,3,2,0,16,1,0,1,0,9,0,0,0,0,1,0,5,0,6,10,0,0,0,4,2,0,0,0,10,3,49,0,8,0,1,23,0,32,0,0,2,0,0,28,17,1,1,10,0,8,12,1,1,0,4,3,1,31,4,7,2,0,0,0,0,0,1,3,0,4,0,2,0,0,1,0,0,121,2,0,0,0,0,0,0,0,0,0,0,6,2,0,0,1,5,3,4,83,0,1,10,130,11,0,1,4,239,4,0,0,0,0,1,0,0,0,5,1,0,0,0,0,17,0,0,2,0,0,0,0,1,2,0,0,0,1,1,0,2,3,0,0,0,0,1,1,0,0,0,0,4,62,0,0,0,0,0,0,0,0,0,6,1,0,0,0,0,0,0,0,0,0,0,0,0,6,0,0,0,9,0,3,0,0,0,0,0,1,0,1,2,0,0,0,0,0,7,1,1,0,0,0,0,0,1,0,0,0,1036,5,0,0,0,0,0,0,0,1,2,4,3,0,1,0,0,0,0,0,0,0,3,0,0,0,0,0,11,2,0,0,0,0,0,0,2,0,0,0,0,0,0,1,5,312,23,1,1,1,0,0,13,40,3,2,0,1,0,2,3,0,0,19,0,0,0,5,1,0,2,34,0,0,1,0,0,2,0,0,2,0,0,0,0,0,0,0,0,0,0,0,0,0,0,0,0,0,0,0,0,0,0,0,0,5,0,0,0,0,0,0,0,0,0,0,0,0,0,0,0,0,0,2,0,14,9,2,0,15,3,2,1,0,2,1,14,0,6,9,2,0,0,0,3,2,1,0,0,3,1,2,0,0,1,0,0,0,1,0,0,0,0,0,0,0,0,1,0,0,0,0,0,0,0,0,0,0,0,0,0,0,0,0,0,0,0,22,0,0,4,0,0,0,0,0,0,0,0,0,0,0,0,0,0,0,0,0,0,0,0,0,2,0,0,0,0,0,0,0,0,0,0,0,0,0,0,0,0,5,2,9,0,0,9,0,1,59,0,7,0,0,1,4,0,0,0,4,12,3,0,0,0,0,188,3,1,0,22,0,0,3,45,0,0,0,91,0,0,4,10,0,2,0,4,0,10,2,2,0,0,31,0,1,2,12,0,0,1,2,2,0,0,5,0,1,0,0,0,1,0,0,1,0,0,1,0,0,0,0,0,0,0,0,0,0,0,7,141,0,0,0,0,13,10,0,57,2,1,2,0,0,2,2,25,7,4,0,0,0,0,0,0,4,50,3,0,4,8,0,2,0,6,1,1,0,0,0,0,1,0,0,0,1,0,1,0,1,49,0,1,0,1,0,0,0,0,1,2,0,0,5,0,0,8,0,1,1,0,12,0,0,0,0,0,0,0,0,3,3,0
2,1180,COLÉGIO MADALENA SOFIA,"R SANTA MADALENA SOFIA BARAT, 809",BAIRRO ALTO,-25.41267305,-49.21529014,36,0,7197,5935,292,189,0,2,3,15,75,0,2,1,1,7,0,3,44,6,0,1,0,17,1,1,0,2,5,26,4,3,2,2,1,0,1,12,3,0,0,64,0,0,0,5,18,6,1,7,0,0,0,4,0,3,20,0,0,0,9,2,0,0,3,2,5,37,0,9,0,1,19,1,32,0,2,6,0,0,52,12,3,0,30,3,8,16,2,0,5,1,3,0,48,4,3,2,2,0,0,2,0,0,3,0,0,0,4,2,0,0,1,0,131,1,0,0,0,0,5,1,1,0,0,0,4,2,1,0,4,5,6,4,155,0,1,6,207,6,0,0,13,327,5,0,0,4,0,7,1,1,0,1,0,1,1,0,1,37,0,0,1,1,0,1,0,1,3,0,0,0,6,3,0,11,4,2,0,0,0,1,0,0,0,1,0,5,84,1,0,0,0,0,2,0,0,0,14,0,0,0,0,0,1,2,0,0,0,0,2,1,1,0,0,1,5,0,0,1,0,0,0,2,7,0,0,11,1,0,0,3,0,8,2,4,1,0,2,2,0,2,1,0,0,1133,3,0,0,0,0,0,1,1,0,2,1,4,0,1,0,1,0,0,0,1,0,1,0,0,0,0,0,24,1,0,0,0,0,0,0,2,0,0,0,0,0,0,4,8,279,22,4,2,1,0,0,4,35,2,1,1,1,0,1,0,1,0,65,1,0,0,12,1,0,4,25,4,0,0,5,2,0,1,0,6,0,0,0,4,0,0,0,0,0,0,0,0,0,0,0,0,0,0,0,0,0,0,0,0,16,0,0,0,0,1,0,0,0,0,0,0,0,1,0,0,0,0,0,0,13,8,4,1,14,2,4,2,2,0,5,16,0,1,8,2,3,0,0,0,0,0,0,0,0,1,2,0,0,0,0,0,2,0,1,1,0,0,1,0,0,0,0,0,0,0,0,0,1,0,0,0,0,0,1,0,0,1,0,0,0,0,0,0,4,0,0,0,1,1,0,0,2,0,0,0,0,0,1,0,0,0,0,2,0,0,0,3,0,0,0,0,0,0,0,0,0,1,1,0,1,0,1,0,3,0,42,1,0,2,0,0,85,0,4,0,1,4,1,1,0,1,7,22,3,1,0,1,0,305,10,0,0,43,2,0,2,56,0,0,0,151,1,1,19,20,0,0,0,12,0,8,1,7,0,0,57,0,0,2,4,0,2,4,5,1,0,0,5,0,1,0,0,0,2,0,0,1,0,0,0,0,0,0,6,0,0,0,0,0,0,0,4,171,0,1,0,0,4,25,3,43,10,43,1,0,0,0,0,20,20,3,3,0,0,0,0,0,0,105,0,2,8,10,1,0,0,1,0,1,0,0,0,0,2,1,0,1,0,0,3,1,2,328,5,1,1,0,0,0,0,0,0,0,0,0,25,0,0,10,0,1,7,0,25,0,0,0,0,1,0,3,0,0,5,0
2,1198,ESCOLA MUNICIPAL ARAUCARIA,R RIO IRIRI  355,BAIRRO ALTO,-25.40380732,-49.20740499,36,0,2927,2378,165,119,0,1,0,8,23,0,1,0,0,4,1,0,22,1,0,0,0,4,1,1,0,0,2,10,0,2,0,7,0,2,1,9,0,0,0,39,0,1,2,0,24,1,2,2,0,0,1,2,0,8,3,0,0,0,3,2,0,1,1,0,2,21,1,3,1,0,11,0,9,0,1,2,0,0,20,9,0,0,16,0,5,5,4,1,1,1,1,0,22,1,8,3,0,1,0,0,0,1,0,0,0,0,5,0,0,1,0,0,53,0,0,0,0,0,5,0,0,0,0,0,1,0,0,2,0,8,0,1,93,1,0,3,45,13,0,0,6,95,1,0,0,0,0,9,0,0,0,1,0,0,0,0,0,24,0,0,1,0,0,0,0,0,0,0,0,0,3,0,0,5,1,3,0,0,0,1,0,0,1,0,1,3,9,0,0,0,0,0,0,0,0,0,8,0,0,0,0,0,0,0,0,0,0,0,0,0,0,0,0,0,0,0,0,1,0,0,0,0,11,0,0,1,0,0,0,2,0,5,0,3,0,0,0,0,1,0,0,0,0,255,0,0,0,0,0,1,0,1,0,0,0,3,0,1,0,0,0,0,0,0,0,0,0,0,0,0,0,3,2,0,0,0,0,0,0,0,0,0,0,0,0,1,1,0,87,11,1,1,1,0,1,3,22,0,0,0,1,1,4,0,0,2,47,0,0,1,3,0,0,1,7,1,0,4,0,0,0,0,0,1,0,0,0,0,0,0,1,0,0,0,0,0,0,0,0,0,0,0,1,0,0,0,0,0,4,0,0,0,0,0,0,0,0,0,0,3,0,0,0,0,0,0,0,0,2,0,2,1,1,0,1,1,0,0,0,3,0,0,3,1,1,0,0,0,0,0,0,0,1,0,2,0,0,0,0,0,0,0,0,0,0,0,0,0,0,0,0,0,0,0,0,1,0,0,0,0,0,0,0,0,0,1,0,1,0,0,0,0,4,0,0,0,0,1,0,0,1,0,0,0,0,0,1,0,0,0,0,0,0,0,0,1,0,2,0,0,2,0,0,0,0,1,0,0,2,0,0,0,8,0,6,2,0,1,0,0,75,0,0,0,0,1,0,0,0,0,5,6,0,0,0,0,0,85,5,0,0,19,0,0,0,25,0,0,0,64,0,0,9,7,0,0,0,1,0,3,0,1,0,0,24,0,2,0,1,1,0,0,0,0,0,0,2,0,1,0,0,0,0,0,0,0,0,0,0,0,0,0,2,0,0,0,0,0,2,0,0,84,0,0,0,0,2,12,1,20,13,1,0,0,0,0,0,5,17,2,0,0,0,1,0,1,2,57,0,1,0,7,0,1,0,1,0,0,0,0,0,0,3,1,0,0,0,0,0,1,1,176,1,1,0,1,0,0,0,0,0,0,0,0,8,0,0,13,0,0,1,1,9,0,0,0,0,1,0,2,0,0,5,0
2,1201,ESCOLA DUNAMYS ENSINO FUNDAMENTAL (PARTICULAR),"RUA RIO IRIRI, 1125",BAIRRO ALTO,-25.40095963,-49.20114794,36,0,4697,3832,278,154,0,1,5,3,59,3,4,1,0,1,1,1,33,2,0,1,0,8,0,1,0,2,1,15,2,4,0,6,0,3,1,16,2,1,0,53,1,0,1,1,19,1,0,1,0,0,1,5,0,4,2,0,0,0,3,3,0,2,0,1,6,43,0,7,0,0,19,2,10,0,1,2,0,0,32,20,0,0,22,0,5,4,4,0,0,1,0,0,21,1,2,2,0,2,0,0,2,0,0,0,0,0,8,0,0,1,0,0,91,0,0,0,0,0,2,0,1,0,0,0,1,0,0,1,0,6,2,6,176,0,0,4,76,19,2,0,10,145,3,0,2,0,0,0,0,0,0,0,1,0,0,0,1,34,0,1,0,0,0,0,0,1,0,0,0,0,3,2,1,0,2,1,0,0,0,1,2,0,0,0,0,5,30,0,0,1,0,0,0,0,0,0,12,0,0,0,0,0,2,3,0,0,0,1,0,1,0,0,0,0,1,0,1,0,0,0,0,0,11,0,0,0,0,0,0,4,0,2,0,1,0,0,0,1,3,0,1,0,0,375,1,0,3,9,0,0,2,0,2,4,1,4,0,1,0,0,0,0,0,1,0,0,0,0,0,0,0,17,0,0,0,0,0,0,0,0,0,0,0,0,0,2,1,3,101,6,3,3,1,0,0,4,34,5,1,1,0,0,3,0,0,1,54,1,0,0,1,0,0,1,10,7,0,3,0,0,1,5,1,0,0,0,0,0,0,0,0,0,0,0,0,0,0,0,0,0,0,0,2,0,0,0,0,1,13,0,0,0,0,0,0,0,0,0,0,0,0,0,0,0,0,0,0,0,1,3,2,1,1,1,1,0,0,0,0,7,0,0,1,7,1,0,0,0,0,1,0,0,2,1,2,0,0,0,0,0,1,0,0,1,0,0,0,0,0,0,0,0,0,1,0,0,0,0,0,0,1,0,0,0,0,0,0,0,0,0,2,0,3,0,0,0,0,0,0,0,1,0,4,0,0,0,0,0,0,0,0,0,0,0,0,6,1,0,0,0,0,0,0,0,0,0,0,0,0,0,3,5,2,0,13,2,0,2,0,1,159,0,1,0,0,2,0,0,0,2,0,9,2,1,0,0,0,173,2,0,1,12,0,0,2,62,0,0,0,107,1,0,10,14,0,0,0,2,0,12,3,1,0,0,42,0,1,0,0,0,2,1,0,1,0,0,4,0,1,2,0,0,2,0,2,0,0,0,0,0,0,0,2,0,0,0,0,0,0,0,9,119,0,0,0,1,4,10,0,24,18,9,0,0,0,0,2,10,9,4,0,0,0,0,0,0,0,100,0,23,5,2,0,1,0,2,0,0,0,0,0,0,1,7,0,0,1,0,1,0,1,403,0,0,0,0,0,0,0,0,1,0,0,0,21,0,0,19,0,0,3,0,12,0,0,0,0,0,0,0,0,0,1,0
2,1279,COLEGIO NOSSA SENHORA DO ROSARIO,R EDUARDO GERONASSO  1266,BACACHERI,-25.39100582,-49.23496776,35,0,4786,4105,156,118,0,2,4,9,48,2,4,0,1,3,0,1,23,1,0,0,0,28,0,0,0,1,2,5,0,2,0,10,0,1,0,24,2,0,0,36,0,0,0,1,14,1,0,2,1,2,0,3,0,2,11,0,0,0,3,1,0,0,3,3,1,18,0,9,0,1,28,0,19,2,1,4,0,0,33,12,1,0,6,0,3,13,1,0,5,3,3,0,34,8,6,0,0,6,0,0,1,0,1,0,1,0,4,2,0,1,0,0,141,0,0,0,0,1,2,0,3,0,0,0,2,0,3,0,0,9,1,1,98,0,1,3,164,20,2,0,6,350,7,1,0,0,0,2,0,0,0,1,0,0,0,0,0,13,0,1,2,0,0,0,0,1,0,0,0,0,0,4,0,1,2,0,0,0,0,0,0,0,0,0,0,1,46,0,0,0,0,1,0,0,0,0,3,1,0,1,0,0,1,1,0,0,0,0,0,1,0,0,0,3,11,0,2,0,0,0,0,0,4,0,0,6,1,0,1,0,0,5,0,0,1,0,1,0,0,0,0,0,0,823,3,0,2,0,0,0,0,3,0,5,2,1,0,1,0,0,0,0,0,0,0,1,0,0,0,0,0,18,0,1,0,0,0,0,0,3,0,0,0,0,0,0,2,9,229,24,0,3,0,0,0,7,32,5,0,3,0,1,1,0,0,0,21,0,0,0,5,0,0,2,25,1,0,1,1,0,1,0,0,6,0,0,0,0,0,0,0,0,0,0,0,0,0,0,0,0,0,0,0,0,0,0,0,0,6,0,0,0,0,0,0,0,0,0,0,0,0,0,0,0,0,0,0,0,23,4,6,2,10,1,3,3,0,1,1,10,1,2,12,1,0,0,1,5,0,1,0,0,2,2,2,0,0,0,0,0,0,0,0,0,0,0,0,0,1,0,0,0,0,0,0,0,0,0,0,0,0,0,1,0,0,0,0,0,0,0,12,0,5,0,2,0,0,0,0,0,0,0,0,0,0,0,0,0,0,0,0,0,0,0,0,2,0,0,0,0,0,0,0,0,0,0,0,0,1,0,0,0,4,0,2,0,0,6,0,1,44,0,12,2,0,1,1,0,0,1,6,8,3,0,0,1,0,208,6,0,0,27,0,0,1,43,0,0,0,95,2,0,8,10,0,1,0,3,0,19,1,2,0,0,42,0,3,1,1,1,0,5,9,1,1,0,3,0,0,0,0,0,1,0,0,2,0,0,0,0,1,0,5,0,0,0,0,0,0,0,5,153,0,0,0,0,8,11,2,39,2,4,2,0,0,0,1,12,8,1,3,0,0,0,0,0,1,70,0,0,7,10,0,0,0,0,0,0,0,0,1,0,1,0,0,0,0,0,3,0,0,59,1,0,1,0,0,2,0,5,0,1,0,0,3,0,0,10,0,3,2,0,15,0,0,0,0,1,0,4,0,2,3,0
2,1295,ESCOLA MUNICIPAL CARAMURU,TRAV RODOLPHO ROSENAU 157,CABRAL,-25.39787701,-49.25545294,16,0,1460,1233,49,29,0,0,0,3,21,1,1,0,1,1,0,0,9,0,0,0,0,7,0,0,0,0,2,3,0,5,0,4,0,1,0,2,1,2,0,16,0,0,0,0,5,0,0,0,0,0,0,3,0,2,6,0,0,0,1,0,0,0,0,0,0,10,0,3,0,0,4,0,9,0,0,0,0,0,8,2,0,0,1,0,3,0,0,0,0,2,0,1,3,3,4,1,1,0,0,1,0,0,0,0,1,2,0,0,0,0,1,0,37,0,0,0,0,0,0,0,0,0,0,0,1,0,0,0,2,2,0,1,31,0,3,2,60,0,0,0,2,142,3,0,2,0,1,1,0,0,0,0,0,0,0,0,0,7,0,0,1,0,0,0,0,1,0,0,0,0,0,0,0,0,2,0,0,0,0,0,1,0,0,2,0,2,15,0,0,3,0,0,0,0,0,0,2,0,0,0,0,0,1,0,0,0,0,0,0,0,0,0,0,1,2,0,0,0,0,0,0,0,1,0,0,0,0,0,0,0,0,4,0,0,0,0,0,0,1,0,0,0,0,240,5,0,0,0,0,0,0,1,0,0,0,0,0,0,0,0,0,0,0,0,0,0,0,0,0,0,1,9,1,0,0,0,0,0,0,0,0,0,0,0,0,0,1,4,56,2,0,1,1,0,0,0,9,0,1,0,1,0,2,0,0,3,10,0,0,0,3,0,0,0,5,0,0,0,0,0,0,0,0,2,0,0,0,0,0,0,0,0,0,1,0,0,0,0,0,1,0,0,0,0,0,0,0,0,1,0,0,0,0,0,0,0,0,0,0,0,0,0,0,0,0,0,0,0,8,0,1,0,5,1,0,0,0,0,2,3,0,0,1,0,0,0,0,1,0,0,0,0,1,0,0,0,0,0,0,0,0,0,0,0,0,0,0,0,0,0,0,0,0,0,0,0,0,0,0,1,0,0,0,0,0,0,0,0,0,0,3,0,0,0,0,0,1,0,0,0,0,0,0,0,0,0,0,0,0,0,0,0,0,0,0,5,0,0,0,0,0,0,1,0,0,0,0,0,0,0,0,6,2,2,0,0,0,1,0,0,13,0,2,0,0,0,0,0,0,1,1,2,3,0,0,0,0,34,2,0,0,3,0,0,2,11,1,0,0,26,2,1,2,6,0,0,0,1,0,0,0,0,0,0,11,1,3,0,0,1,0,0,2,0,0,0,1,0,0,0,0,0,0,0,0,0,0,0,0,0,0,0,0,0,0,0,0,0,0,0,1,49,0,1,0,0,4,3,0,8,2,1,5,0,0,1,1,2,1,2,1,0,0,0,2,0,0,10,0,0,5,2,0,0,0,1,0,0,0,0,0,0,0,0,0,1,0,0,0,0,0,15,0,0,0,0,0,0,0,0,0,0,0,0,1,0,0,2,0,0,1,0,2,0,0,0,0,0,0,0,0,0,0,0
2,1384,COLÉGIO ESTILLO,"RUA DOUTOR LUIZ FERNANDO VAN DER BROOCKE, 17",BACACHERI,-25.41306796,-49.23204247,18,0,3973,3337,130,87,0,1,3,10,41,1,1,1,0,1,2,1,25,2,0,0,0,14,0,0,1,0,2,6,1,5,0,4,2,1,2,7,2,0,0,13,0,0,0,0,6,1,1,0,0,0,0,6,1,7,9,0,0,0,2,1,0,0,0,3,2,46,0,11,0,0,23,0,28,0,1,1,0,0,31,18,0,0,17,1,0,9,4,0,1,2,0,0,27,4,10,3,0,0,0,0,0,0,1,0,9,0,1,0,0,0,0,0,103,0,0,0,0,0,0,0,0,0,0,0,5,1,1,0,1,4,0,1,79,0,0,9,125,3,0,2,2,192,0,0,0,0,0,3,0,0,0,1,1,0,0,0,0,29,0,0,0,0,0,0,0,3,1,0,0,0,2,1,0,2,2,0,0,0,0,0,1,0,0,0,0,5,50,0,0,6,0,0,0,0,0,0,0,0,0,0,0,0,0,1,0,0,0,0,0,1,1,0,0,0,6,0,1,3,0,0,0,0,8,0,0,1,0,0,0,1,0,2,3,0,0,0,0,0,1,0,4,0,0,769,0,0,0,0,0,0,0,1,0,2,1,0,1,0,1,0,0,0,0,0,0,0,0,0,0,0,0,3,0,0,0,0,0,0,0,2,0,0,0,0,0,0,2,2,225,10,1,2,1,0,0,4,23,2,0,2,0,0,4,0,0,0,13,1,0,1,1,0,0,0,27,0,0,0,0,0,0,0,0,4,0,0,0,0,0,0,0,0,0,1,0,0,0,0,0,0,0,0,0,0,0,0,0,0,4,0,0,0,0,0,0,0,0,0,0,0,0,0,0,0,0,0,0,0,12,5,6,0,2,6,0,0,0,0,5,13,0,2,7,0,0,0,0,0,0,0,0,0,1,1,0,0,0,0,0,0,1,1,0,0,0,0,0,0,0,0,0,0,0,1,0,0,0,0,0,0,0,0,0,0,0,1,0,0,0,0,5,0,3,4,0,0,0,0,0,0,1,0,0,0,0,0,0,0,0,0,0,0,0,0,0,0,0,0,0,0,1,0,1,0,0,0,0,0,0,0,0,1,5,0,6,0,0,1,0,1,30,0,1,0,0,1,0,0,0,1,7,9,4,0,0,1,0,144,3,2,0,15,0,0,1,22,1,0,1,75,0,0,4,11,0,1,0,0,0,9,0,1,0,0,31,0,3,0,0,1,0,2,3,0,0,0,4,0,1,0,0,0,0,0,0,0,0,0,0,1,0,0,9,0,0,0,0,0,0,0,6,119,0,2,1,1,3,24,0,52,1,6,1,0,0,0,2,14,10,4,1,0,0,0,0,0,0,54,0,1,8,5,0,0,0,0,1,0,0,0,0,0,0,0,0,0,0,0,1,0,0,56,0,1,0,3,0,0,0,0,0,0,0,0,3,0,0,10,0,0,1,0,11,0,0,0,0,0,0,6,0,0,6,0
2,1414,ESCOLA ESTADUAL NOSSA SENHORA DA SALETE,AVENIDA WASHINGTON LUIZ  620,JARDIM SOCIAL,-25.41980079,-49.23009,18,0,5582,4570,129,118,0,0,3,13,45,0,3,0,1,5,0,1,34,0,0,0,0,27,2,2,0,0,4,10,1,8,0,7,1,0,0,15,2,0,0,8,0,0,1,0,4,0,2,0,0,0,1,5,3,2,26,0,0,1,5,1,0,0,1,3,3,62,0,30,0,2,25,1,25,0,3,6,0,0,26,20,1,0,23,0,5,16,3,2,0,2,3,2,23,1,8,6,0,0,0,4,1,0,1,0,6,0,1,0,2,0,0,0,139,0,1,0,0,0,1,0,0,0,0,0,3,2,1,1,0,12,0,2,87,0,0,6,151,5,0,0,3,292,2,0,0,0,0,0,0,0,0,0,0,0,0,0,1,17,0,0,0,0,0,0,0,0,5,0,0,0,0,0,0,4,3,0,0,0,0,0,0,0,2,0,0,3,65,0,0,0,0,0,0,0,0,0,2,0,0,0,0,0,0,1,0,0,0,0,0,2,2,0,1,1,5,0,0,1,0,0,0,0,12,0,0,0,0,0,0,0,0,2,1,2,0,0,0,2,0,1,0,0,0,1151,7,1,0,0,0,1,0,13,0,1,5,1,0,0,0,0,0,0,0,0,0,1,0,0,0,0,2,11,0,0,0,0,0,0,0,0,0,0,0,0,0,0,3,3,283,19,1,5,0,0,0,0,10,3,0,3,1,1,3,0,0,1,8,0,0,0,2,0,0,0,24,6,0,0,2,1,3,0,2,3,0,0,0,0,0,0,0,0,0,0,0,0,0,0,0,0,0,0,0,0,0,0,0,3,6,0,0,0,0,0,0,0,0,0,0,0,0,0,0,0,0,0,0,0,26,7,3,0,11,4,1,0,0,0,5,21,0,8,8,0,2,0,0,0,1,0,0,0,4,0,0,0,0,2,0,0,0,0,0,0,0,0,0,0,0,0,0,0,0,0,1,0,0,0,0,0,0,0,0,0,0,0,0,0,0,0,3,0,0,0,0,0,0,0,0,0,0,0,0,0,0,0,0,0,0,0,0,0,0,0,0,3,0,0,0,0,1,0,0,0,0,0,0,0,0,0,8,1,9,0,19,0,0,0,1,0,53,0,6,0,1,1,1,0,0,2,1,13,6,1,0,0,0,178,3,0,0,24,0,0,0,30,1,0,0,94,2,0,4,10,0,2,0,1,1,13,0,0,1,0,56,0,0,0,0,1,0,5,3,3,0,0,9,0,1,0,0,1,1,0,2,1,0,0,0,0,0,0,9,0,0,0,0,0,0,0,3,99,0,0,0,1,4,8,4,181,6,14,1,0,0,0,1,52,19,1,8,0,0,0,0,0,4,67,0,1,17,5,0,0,0,1,0,0,0,0,0,0,0,1,0,0,1,0,0,0,0,87,3,0,1,0,0,2,0,0,0,1,0,0,3,0,0,10,0,0,0,0,22,0,0,0,0,1,0,7,0,0,4,0
2,1449,ESCOLA MUNICIPAL AUGUSTO CESAR SANDINO,R MOBRAL  413,SANTA CANDIDA,-25.36401272,-49.23234376,53,0,3563,2836,249,132,0,1,5,5,36,0,2,0,2,1,2,1,19,4,0,0,0,2,1,2,0,2,0,16,2,1,1,8,0,0,4,6,1,2,0,65,0,1,3,0,70,0,0,1,0,0,0,1,0,1,1,0,0,0,9,1,0,2,0,1,9,31,1,5,1,1,9,0,16,0,5,4,0,0,23,3,1,0,27,0,13,16,5,0,0,0,0,0,25,0,9,1,2,0,0,1,1,0,1,0,1,0,0,0,0,1,0,0,58,0,0,0,0,2,1,0,0,0,0,0,1,1,1,1,1,3,1,4,129,1,0,5,57,24,0,0,23,101,2,1,1,0,0,3,0,0,0,2,1,0,0,0,0,22,0,0,2,0,0,0,0,0,0,0,1,0,4,2,0,0,0,1,0,0,0,1,2,0,0,0,0,6,15,0,0,0,0,1,0,0,1,0,17,1,0,0,0,0,0,0,1,0,0,4,0,1,0,0,0,0,0,0,2,1,0,0,0,2,5,0,0,2,0,0,0,2,0,3,2,1,0,0,0,0,0,1,0,0,0,285,0,0,0,0,1,0,0,0,0,4,0,4,0,0,0,0,0,0,0,0,0,0,0,0,0,0,0,0,1,0,0,0,0,0,2,1,0,0,0,0,0,0,0,5,76,6,2,0,0,0,0,2,25,2,2,0,0,0,0,0,1,1,51,0,0,0,1,0,0,0,8,1,0,0,1,0,2,0,1,4,0,0,0,0,0,0,0,0,0,0,0,1,0,0,0,0,1,0,0,0,0,0,0,0,3,0,0,0,0,0,0,0,0,0,0,0,0,0,0,0,0,0,3,0,4,1,0,0,8,1,0,2,1,0,0,3,0,0,0,0,0,0,0,1,0,0,0,0,1,0,2,0,0,0,0,0,4,1,0,1,0,0,0,0,0,0,0,0,0,0,1,0,0,0,0,0,0,0,0,0,1,3,0,0,0,0,5,0,3,1,0,1,0,0,0,0,0,0,5,0,0,0,0,0,0,0,0,0,0,0,0,2,0,0,0,0,0,0,0,0,0,0,0,0,0,2,0,1,4,1,5,0,0,4,0,0,56,0,1,0,0,3,0,1,0,1,2,5,4,0,0,3,0,145,3,0,0,15,0,0,3,55,0,1,1,80,1,0,8,46,0,0,0,0,0,2,2,0,2,0,54,0,2,1,0,1,0,1,1,0,0,0,5,0,0,0,0,0,1,0,0,0,1,0,0,0,0,1,0,0,0,0,0,0,0,0,10,73,0,1,1,4,5,5,13,24,19,4,0,0,0,0,0,4,7,3,0,0,0,1,0,0,3,72,0,0,1,2,0,1,0,0,0,0,0,0,0,0,1,0,0,0,0,1,0,0,0,58,0,1,0,1,0,0,0,0,0,0,0,0,14,0,0,18,0,0,1,0,6,0,0,0,0,0,0,2,0,2,2,0
2,1457,ESCOLA MUNICIPAL RAUL GELBECK,RUA ODACIR SCHILIPAK 359,SANTA CANDIDA,-25.37337604,-49.2416653,53,0,3305,2634,225,157,0,2,2,4,29,0,2,0,0,5,1,1,18,2,0,0,0,5,0,0,0,0,3,14,2,2,0,4,1,0,1,6,5,0,0,49,0,0,4,0,31,0,0,7,1,0,0,2,0,1,3,0,0,0,4,2,0,0,0,0,7,28,1,8,1,0,5,3,7,3,2,3,0,0,23,11,0,0,30,1,12,9,7,0,0,6,0,0,17,3,2,0,0,0,0,0,0,0,0,0,1,0,0,0,0,0,0,0,70,0,0,0,0,0,0,0,1,0,1,0,2,2,5,0,1,2,1,1,67,0,0,4,70,12,0,0,4,102,0,0,0,1,1,8,0,1,0,0,0,0,0,0,0,14,0,0,3,0,0,2,0,0,0,0,0,1,1,1,0,0,0,0,0,0,0,0,0,1,1,0,0,2,20,0,0,0,1,0,0,0,0,0,9,0,0,0,0,1,3,0,0,0,0,0,0,0,0,2,0,0,0,0,1,0,0,0,0,0,5,0,0,0,0,0,0,3,0,2,1,0,0,0,0,0,1,1,0,0,0,278,6,0,0,2,0,0,0,0,3,2,0,3,0,0,0,0,0,0,0,0,0,0,0,0,0,0,0,8,1,0,0,0,0,0,0,0,0,0,0,0,0,0,2,1,55,4,3,0,0,0,0,9,27,0,1,1,0,0,2,0,0,3,52,0,0,0,0,0,0,5,11,0,0,4,1,0,0,0,1,0,0,6,0,0,0,0,0,0,0,0,0,0,0,0,0,0,0,1,1,0,0,0,0,0,14,0,0,0,0,0,0,0,0,0,0,0,0,0,0,0,0,0,0,0,2,0,1,0,7,0,0,0,0,0,0,9,0,0,2,0,1,0,0,0,0,0,1,0,0,1,1,0,0,0,0,0,0,0,0,0,0,0,0,0,0,0,1,0,0,0,0,0,0,0,0,0,0,0,0,0,0,0,0,0,0,0,1,0,2,2,0,0,0,0,0,0,0,1,0,0,0,0,0,0,0,0,0,1,0,0,0,3,0,0,0,0,0,0,0,0,0,0,0,0,0,0,1,1,2,0,7,2,0,2,0,2,53,0,1,0,0,0,0,0,0,0,4,5,1,0,0,0,0,151,8,0,1,6,0,0,1,49,0,0,0,65,1,0,17,21,0,1,0,1,0,9,1,1,0,0,34,0,15,0,1,0,0,1,2,0,1,0,2,0,1,0,0,0,0,0,0,1,1,0,0,0,0,0,2,0,0,0,0,0,0,0,9,71,0,2,0,0,0,26,3,31,12,11,0,0,0,1,1,6,7,5,1,0,0,0,0,0,0,103,1,0,2,1,1,0,0,2,0,0,0,0,0,0,1,0,1,0,1,0,0,0,0,54,0,0,4,3,1,0,0,0,0,0,0,0,6,0,0,10,0,0,5,0,7,0,0,0,0,1,0,1,0,1,7,0
2,1465,ESCOLA ESTADUAL SANTA CANDIDA,RUA THEODORO MAKIOLKA  155,SANTA CANDIDA,-25.37399365,-49.22445673,53,0,7781,6401,500,286,0,0,7,13,82,2,5,1,2,6,1,4,43,3,0,0,0,25,1,1,0,4,4,25,5,7,0,25,3,0,1,11,3,0,0,95,0,2,2,2,52,0,1,1,0,0,0,7,0,6,6,0,0,0,14,2,0,0,0,5,18,51,0,21,1,0,33,3,13,0,14,5,0,0,46,28,0,0,47,0,11,24,12,1,2,0,1,1,47,3,8,0,0,0,0,0,1,0,3,1,8,0,4,0,0,4,2,0,158,2,0,1,0,0,1,0,2,0,0,0,1,2,1,0,0,15,2,9,199,0,2,12,192,47,0,0,24,269,6,0,0,2,0,7,2,0,0,1,1,0,0,0,2,39,0,0,3,0,0,0,0,0,0,0,0,0,5,6,0,4,4,1,0,0,0,0,2,1,2,1,1,5,42,0,1,0,2,2,1,0,2,0,37,1,0,0,1,0,1,2,0,0,0,1,0,0,3,0,0,0,2,0,4,0,0,1,0,0,8,0,0,2,0,1,0,9,0,2,2,1,1,0,2,2,3,2,0,0,0,818,0,0,0,0,0,1,0,1,0,7,6,14,1,1,0,0,1,0,0,0,0,1,0,0,0,0,0,12,2,0,0,0,0,0,1,3,1,0,0,0,0,0,4,2,180,16,2,1,5,0,1,10,53,4,2,0,7,0,4,0,0,0,84,0,0,1,6,1,0,0,22,3,0,0,2,3,2,2,1,2,0,0,0,1,0,0,0,0,0,0,0,0,0,0,0,1,2,1,0,0,0,0,0,0,9,0,0,0,0,0,0,0,0,0,0,0,0,0,0,0,0,0,1,0,11,3,2,2,7,2,1,0,0,4,1,16,0,0,3,2,0,0,0,1,0,0,0,0,1,1,6,0,1,0,1,0,8,1,0,6,0,0,0,0,0,0,0,1,2,1,3,0,0,0,0,0,0,0,0,1,0,0,0,3,0,1,27,2,2,2,0,3,5,0,0,0,1,0,0,0,0,0,1,0,0,0,0,0,0,0,0,11,1,0,1,0,4,0,0,0,0,0,0,0,1,1,1,1,13,0,10,1,0,18,0,1,123,1,7,0,1,1,0,2,0,2,6,32,5,2,0,1,1,337,13,3,0,47,0,0,10,167,3,1,0,255,1,1,35,30,0,2,0,3,0,14,1,4,0,0,105,1,11,1,4,0,2,3,7,0,0,0,10,0,0,0,1,0,1,0,1,2,0,0,1,0,0,0,0,0,0,0,0,0,0,1,15,212,1,0,0,1,2,20,5,56,14,4,0,0,0,1,3,22,23,4,3,0,0,1,0,1,6,153,0,0,13,11,1,1,1,3,2,1,0,0,0,0,8,0,0,0,0,0,3,0,0,93,0,0,0,3,0,0,0,0,3,0,0,0,19,1,1,41,0,1,2,0,20,0,0,0,0,0,0,0,1,1,8,0
2,1503,COLEGIO ESTADUAL CECILIA MEIRELES,RUA PEDRO ELOY DE SOUZA  1700,BAIRRO ALTO,-25.42496838,-49.20393852,36,0,9487,7596,490,314,0,3,11,12,89,0,6,1,2,8,0,2,51,5,0,1,1,15,0,2,0,3,5,30,1,8,0,13,1,6,3,27,3,0,1,97,0,2,0,0,25,2,1,3,0,1,0,9,0,14,8,1,1,1,3,5,0,0,3,5,8,73,1,12,0,6,26,0,37,0,3,4,0,0,56,27,3,0,95,0,18,19,10,4,3,2,7,0,61,3,15,3,1,0,0,0,5,0,5,2,5,0,5,1,0,2,1,2,112,1,0,0,0,0,15,0,2,1,0,0,1,8,2,0,0,14,3,7,279,0,2,7,214,17,0,5,15,320,4,0,1,1,1,45,0,0,0,7,0,3,0,0,0,36,0,0,5,0,0,0,0,0,2,0,1,0,9,1,0,4,5,0,0,0,0,4,1,0,5,0,2,7,37,0,0,2,0,1,1,0,0,0,8,5,0,0,0,0,2,2,0,0,0,1,2,2,2,1,0,6,2,0,2,0,0,0,0,2,17,0,1,0,2,0,1,5,0,3,1,19,2,0,0,2,2,2,0,0,0,802,0,1,1,3,0,1,0,0,6,4,0,6,1,3,2,1,0,0,0,0,0,0,0,0,0,2,3,15,3,0,0,0,0,3,0,4,1,0,0,0,0,0,5,3,303,26,1,2,2,2,0,2,72,2,2,1,4,2,3,0,0,3,71,0,1,0,9,0,1,8,29,0,0,6,0,1,2,0,1,5,0,0,0,1,0,0,0,0,0,0,0,0,0,0,0,2,0,0,0,0,0,0,0,0,15,0,0,0,0,0,0,0,1,1,0,1,0,0,0,0,0,0,0,4,11,6,1,2,5,4,1,0,1,2,1,16,0,2,3,2,2,0,0,1,0,2,0,0,2,1,5,0,0,0,0,0,5,0,0,0,0,0,0,0,0,0,0,0,0,0,0,2,1,0,0,0,0,0,0,0,0,0,0,0,0,0,6,1,8,9,0,0,0,0,0,0,0,0,1,0,0,0,0,0,0,0,0,0,0,2,0,9,0,5,0,0,2,0,0,0,0,1,0,0,0,2,0,2,10,0,54,3,0,4,0,6,120,0,4,1,1,3,0,0,0,6,6,13,3,0,0,0,0,370,28,0,1,54,1,0,13,65,2,0,0,175,2,0,13,33,0,0,2,10,3,13,2,9,0,0,66,0,3,2,1,2,0,5,8,2,0,0,7,1,0,0,0,1,2,0,0,1,0,0,0,0,0,0,0,0,0,0,0,0,0,0,10,168,0,0,0,4,9,14,2,31,13,18,0,0,0,2,1,19,19,9,10,0,0,4,0,1,7,162,1,2,24,19,0,2,0,5,0,0,0,1,0,0,3,9,0,4,0,0,3,1,6,1032,3,3,2,1,0,0,0,1,2,1,0,0,36,0,0,26,1,4,5,0,36,0,0,0,1,2,0,11,0,0,9,0
2,1511,ESCOLA ESTADUAL DONA BRANCA DO NASCIMENTO MIRANDA,R JORGE BONN 460 VILA TINGUI,TINGUI,-25.39210065,-49.21984325,54,0,3959,3305,185,110,0,1,2,9,36,0,1,1,0,4,0,5,15,0,0,0,0,15,0,0,0,0,4,11,4,2,1,2,1,0,0,12,0,0,0,24,0,0,0,0,21,0,0,0,0,0,0,4,0,2,3,0,0,0,1,2,0,0,1,1,2,31,0,17,0,1,9,0,15,0,3,5,0,0,34,8,3,1,22,0,9,7,2,1,4,2,0,0,27,0,11,5,1,1,0,1,0,0,4,0,0,0,10,0,0,1,1,1,75,0,0,0,0,0,0,0,0,0,0,0,1,0,0,0,0,4,1,3,90,2,1,2,95,15,0,1,4,179,2,0,1,0,0,3,0,0,1,9,0,0,0,0,0,23,0,0,1,0,0,0,0,0,1,0,0,0,2,4,0,0,3,1,0,0,0,1,0,0,0,0,0,1,27,0,0,3,0,0,0,0,0,0,5,0,0,0,0,0,1,0,0,0,0,1,1,0,1,0,0,0,2,0,0,0,0,0,0,0,7,0,0,1,0,0,0,2,0,3,1,10,0,0,0,0,1,0,2,0,0,504,3,0,3,0,0,0,0,5,0,1,1,9,0,0,0,0,0,0,0,0,0,4,0,0,0,0,1,4,0,0,0,0,0,0,0,2,0,2,0,0,0,2,5,4,150,3,2,4,0,1,1,4,30,1,1,0,0,0,1,0,0,1,32,0,0,0,3,0,0,1,8,1,1,2,0,0,0,0,0,2,1,0,0,0,0,0,0,0,0,0,0,0,0,0,0,1,0,0,0,0,0,0,0,0,2,0,0,0,0,0,0,0,0,3,0,0,0,0,0,0,0,0,1,0,6,3,2,0,3,0,0,1,3,0,1,5,1,0,2,1,1,1,0,0,0,0,0,0,5,0,4,0,0,0,0,0,0,0,0,3,0,0,0,0,0,0,0,0,0,0,1,0,0,1,0,1,0,0,0,0,0,2,0,1,0,2,28,0,3,6,0,0,0,0,0,0,0,0,1,0,0,0,1,0,0,0,0,1,0,0,0,1,0,0,0,0,1,0,0,0,0,0,0,0,0,0,0,1,11,0,5,1,1,10,0,13,47,0,1,0,0,1,1,2,0,2,4,15,13,0,1,1,0,210,6,0,0,14,1,0,4,95,1,0,0,108,1,0,3,9,0,2,0,4,0,11,1,3,0,0,30,0,9,0,0,0,0,2,1,0,0,0,7,0,0,1,0,0,0,0,0,0,0,0,0,0,0,0,5,0,0,0,0,0,0,0,8,98,0,2,0,2,6,5,2,85,14,3,1,2,0,0,2,4,14,1,1,0,0,0,0,0,1,54,0,0,11,4,0,0,0,4,0,2,0,0,0,0,3,0,0,0,2,0,0,0,0,62,0,0,0,1,0,1,0,0,0,0,0,1,10,0,0,8,0,0,2,0,9,1,0,0,0,0,0,6,0,1,2,0
2,1520,ESCOLA ESTADUAL MARIA MONTESSORI,R GUILHERME IHLENFELDT 980  VILA TINGUI,TINGUI,-25.38377993,-49.22941911,54,0,5163,4147,248,172,0,0,2,8,51,1,5,0,0,6,1,0,45,2,0,0,0,7,1,0,1,0,5,16,2,4,0,6,0,0,3,8,4,4,0,63,0,1,6,1,19,0,1,3,0,0,4,5,0,8,5,0,0,0,1,0,0,0,1,1,2,35,0,16,0,0,11,0,20,0,10,4,0,0,37,14,0,1,21,1,7,7,3,0,0,3,3,0,26,1,4,2,1,0,0,1,0,0,1,0,3,1,2,0,1,3,0,0,136,1,0,0,0,0,1,0,1,0,1,0,2,2,3,0,3,10,2,3,129,0,1,7,124,23,2,0,8,213,0,1,0,2,0,4,0,0,1,8,0,0,0,0,0,41,0,0,4,0,0,0,0,0,2,0,0,0,0,4,0,2,4,0,0,0,0,0,2,0,0,1,0,2,46,0,0,0,0,1,0,0,0,0,11,2,0,0,0,0,0,4,0,0,0,1,0,0,0,1,0,0,0,0,6,0,0,0,0,3,6,0,0,4,1,0,1,5,1,0,2,0,0,0,0,1,2,1,0,0,0,631,0,1,0,0,0,0,0,0,3,5,6,5,0,0,0,0,0,0,0,0,0,0,0,0,0,1,2,10,1,0,0,0,0,0,0,0,0,0,0,0,0,1,1,7,180,13,0,2,0,0,2,4,32,1,1,4,0,0,3,0,1,3,53,1,0,0,7,1,1,0,11,4,0,5,1,3,1,0,0,0,1,0,0,0,0,0,0,0,0,0,0,0,0,0,0,0,2,0,0,0,0,0,0,0,3,0,0,0,0,0,0,0,0,0,0,1,0,0,0,0,0,0,3,2,8,4,4,0,9,4,0,0,1,3,1,6,0,2,6,1,0,0,1,0,0,0,0,0,2,0,7,0,0,0,0,0,2,0,0,0,0,0,0,0,0,0,0,0,0,0,0,0,0,3,0,0,0,0,2,0,0,2,1,0,0,0,7,2,6,1,2,3,0,0,0,0,0,0,0,0,0,0,1,0,0,0,0,0,0,0,0,7,1,0,0,0,0,0,0,0,0,0,0,0,0,2,0,0,11,2,5,2,0,11,0,10,66,0,3,1,0,1,0,0,2,1,4,14,7,0,0,0,1,221,5,0,0,24,0,0,2,93,0,2,0,91,2,0,10,24,0,0,0,1,0,6,2,1,1,1,31,0,10,3,0,0,1,1,3,0,0,0,5,0,0,1,0,1,0,0,0,0,0,0,1,0,0,1,2,0,0,0,0,0,0,2,6,141,0,1,0,2,8,12,4,40,8,2,0,0,0,3,1,22,12,4,3,0,0,2,1,0,0,90,0,3,8,5,0,0,0,5,1,1,0,1,0,0,1,1,0,1,3,0,1,0,0,78,2,4,0,0,0,2,0,0,0,0,0,0,10,0,0,18,0,0,4,0,6,0,0,2,0,0,0,0,0,1,6,0
2,1538,SALAO DA IGREJA DE SANTA CANDIDA,RUA PADRE JOAO WILINSKI 755,SANTA CANDIDA,-25.37399302,-49.22427552,53,0,4180,3385,224,153,0,4,2,6,66,0,4,0,4,2,0,1,23,4,0,0,0,14,0,1,0,2,1,13,2,1,1,11,0,0,0,16,0,0,0,46,1,0,3,1,20,0,0,2,0,0,1,4,0,4,3,0,0,0,5,4,0,1,0,1,5,38,0,8,1,1,20,0,13,0,2,4,0,0,24,17,1,0,15,0,6,8,2,0,0,0,1,0,33,0,6,3,0,0,0,3,0,0,0,0,1,0,1,0,0,0,1,1,95,1,0,0,0,0,0,0,0,0,0,0,4,3,1,1,2,10,1,1,122,1,2,13,75,29,0,3,11,134,0,1,0,1,0,3,0,0,0,0,0,0,0,0,0,21,0,0,1,0,0,0,0,2,0,0,0,0,1,2,0,3,2,1,1,0,0,3,0,0,0,0,0,2,36,1,0,0,1,0,0,0,0,0,18,2,0,0,0,0,2,0,0,0,0,0,0,0,0,0,0,2,3,0,5,0,0,0,0,0,3,0,0,1,1,0,0,3,0,3,1,0,0,0,1,1,0,0,0,0,0,495,1,0,0,1,0,0,0,0,2,7,3,5,1,1,0,0,1,0,0,0,0,0,0,0,0,2,2,6,0,0,1,0,0,0,0,4,0,0,0,0,0,1,4,3,93,11,5,0,2,0,0,5,26,0,1,0,1,0,2,0,0,0,45,0,0,0,4,0,0,0,17,0,0,1,0,2,0,0,0,0,0,0,0,0,1,0,0,0,0,0,0,0,0,0,0,0,1,0,0,0,0,0,0,0,3,0,0,0,0,0,0,0,0,0,0,0,0,0,0,0,0,0,0,0,8,4,2,0,2,3,1,1,0,0,0,12,0,0,3,0,2,0,0,0,0,2,0,0,1,0,2,0,1,0,0,0,3,2,0,1,0,0,1,0,0,2,0,0,1,0,3,1,0,0,0,0,0,0,0,0,1,2,0,0,0,0,11,0,2,1,0,1,2,0,0,0,1,0,2,0,1,0,0,0,0,0,1,0,0,0,0,2,0,0,0,0,0,0,0,0,0,0,0,0,1,0,0,1,2,0,7,0,0,7,0,6,57,0,1,0,0,1,1,2,0,1,3,12,1,0,0,0,0,184,4,1,1,24,0,0,1,87,0,0,0,95,0,0,13,18,0,0,0,3,0,8,2,4,0,0,44,0,1,0,3,1,0,3,2,0,0,0,2,2,2,0,0,0,0,0,0,1,0,0,0,0,0,0,0,0,0,0,0,1,0,0,6,138,0,0,0,0,3,9,1,25,2,3,7,0,0,3,1,6,9,4,1,0,0,1,0,0,1,75,1,1,3,9,1,0,0,2,1,0,0,0,0,0,2,0,0,1,0,0,0,0,0,61,0,0,0,4,1,0,0,0,0,0,0,0,9,0,0,14,0,0,1,0,12,2,0,0,0,0,0,2,0,0,5,0
2,1546,GRUPO DE ESCOTEIROS SAO LUIZ DE GONZAGA,RUA OSORIO DUQUE ESTRADA 560,JARDIM SOCIAL,-25.4155791,-49.23394586,18,0,1186,1001,34,16,0,0,0,2,13,0,0,0,0,0,0,0,5,0,0,0,0,4,0,0,0,0,0,1,3,0,0,2,0,0,0,4,0,0,0,3,0,0,0,0,2,0,0,0,0,1,0,2,0,5,6,0,0,0,0,3,0,0,3,0,0,8,0,6,0,1,9,0,1,0,0,1,0,0,4,5,2,0,5,0,0,1,1,0,0,1,0,0,14,0,3,0,0,0,0,0,0,0,0,0,3,0,0,0,0,0,0,0,45,0,0,0,0,0,0,0,0,0,0,0,2,0,0,0,0,0,0,0,23,0,0,1,38,1,0,0,1,67,0,0,0,0,0,0,0,0,0,0,0,0,0,0,0,4,0,0,0,0,0,0,0,0,3,0,0,0,0,0,0,0,0,0,0,0,0,0,0,0,0,0,0,3,7,0,0,0,0,0,0,0,0,0,0,0,0,0,0,0,0,0,0,0,0,0,0,0,1,1,0,0,4,0,0,0,0,0,0,0,0,0,0,0,1,0,0,1,0,1,0,0,0,0,0,0,0,1,0,0,1,254,4,0,0,0,0,0,0,2,0,0,0,0,0,0,0,0,0,0,0,0,0,0,0,0,0,0,1,0,0,0,0,0,0,0,0,0,0,0,0,0,0,0,2,1,70,2,0,3,0,0,0,0,3,2,0,0,0,0,2,0,0,0,1,0,0,0,0,0,0,1,5,0,0,0,0,0,0,1,0,2,0,0,0,0,0,0,0,0,0,0,0,0,0,0,0,0,0,0,0,0,0,0,0,0,4,0,0,0,0,0,0,0,0,0,0,0,0,0,0,0,0,0,0,0,11,3,1,0,6,1,1,0,0,0,0,8,0,1,1,0,0,0,1,0,0,0,0,0,0,0,0,0,0,0,0,0,0,0,0,0,0,0,0,0,0,0,0,0,0,0,0,0,0,0,0,0,0,0,0,0,0,0,0,0,0,0,1,0,1,0,0,0,0,0,0,0,0,0,0,0,0,0,0,0,0,0,0,0,0,0,0,1,0,0,0,0,0,0,0,0,0,0,0,0,0,0,0,0,1,0,2,0,0,0,0,0,11,0,1,0,0,0,0,1,0,0,0,1,0,0,0,0,0,26,3,0,0,8,0,0,0,4,3,0,0,21,0,0,3,1,0,0,0,0,0,4,0,0,0,0,7,0,0,0,0,0,1,2,1,0,0,0,0,0,0,0,0,0,0,0,0,1,0,0,0,0,0,0,0,0,0,0,0,0,0,0,2,24,0,0,0,0,1,1,0,32,0,1,0,0,2,3,0,15,4,0,0,0,0,0,0,0,0,15,0,0,3,3,0,0,0,0,0,0,0,0,1,0,0,0,0,0,0,0,0,0,0,4,0,0,0,0,0,0,0,0,0,0,0,0,1,0,0,0,0,0,0,0,10,0,0,0,0,0,0,0,0,0,0,0
2,1570,CEI CURITIBA ANO 300,RUA JORNALISTA ALCEU CHICHORRO 180,BAIRRO ALTO,-25.41441618,-49.20623962,36,0,2731,2257,132,90,0,1,0,8,31,0,0,0,0,3,1,0,23,0,0,0,0,8,0,1,0,0,1,12,2,1,0,6,0,0,1,7,0,0,0,47,0,0,0,2,15,0,1,4,0,1,0,1,0,1,1,0,0,0,4,3,1,0,3,1,1,18,0,0,0,0,9,0,12,0,0,1,0,0,11,6,1,0,6,0,3,7,4,0,2,0,0,2,10,0,0,0,0,0,0,0,1,0,1,0,1,0,1,0,0,0,0,0,55,0,0,0,0,0,1,0,0,0,0,0,1,1,2,0,0,9,0,3,91,0,0,2,71,5,0,2,6,128,1,0,0,1,0,0,0,1,0,0,0,0,0,0,0,26,0,0,3,0,0,0,0,0,2,0,0,0,3,1,1,1,0,2,0,0,0,1,1,0,1,0,1,4,22,0,0,0,0,0,0,0,0,0,3,0,0,0,0,0,0,1,0,2,0,0,0,1,0,0,0,1,2,0,1,1,0,2,0,0,1,0,0,0,0,0,0,0,0,2,2,3,1,0,0,0,0,0,1,0,0,272,0,0,0,2,0,0,0,1,0,1,0,1,0,0,0,0,1,0,0,0,0,0,0,0,0,0,0,10,0,0,0,0,0,0,0,0,0,0,0,0,0,0,1,3,109,3,4,2,1,0,0,5,25,0,0,0,1,0,0,0,0,0,21,0,0,1,0,0,0,2,6,1,0,1,0,0,0,1,0,1,0,0,0,0,0,0,0,0,0,0,0,0,0,0,0,0,0,0,0,0,0,0,0,0,3,0,2,0,0,0,0,0,0,0,0,1,0,0,0,0,0,1,0,0,0,1,2,1,4,1,0,0,0,0,0,4,0,0,0,0,0,0,0,0,0,0,0,0,1,0,2,0,1,0,0,0,1,0,0,1,0,0,1,0,0,0,0,0,0,0,0,1,0,0,0,0,0,0,0,0,0,0,0,0,0,0,0,0,0,7,0,0,0,0,0,0,0,0,0,0,0,0,1,0,0,0,0,0,0,0,0,3,0,0,0,0,1,0,0,0,0,0,0,0,0,0,0,0,3,0,11,1,0,3,0,1,28,0,0,0,0,1,0,0,1,0,4,5,1,0,0,0,0,96,17,0,0,18,0,0,1,17,0,0,0,73,0,0,3,9,0,1,0,3,0,6,2,3,0,0,12,0,1,0,1,0,0,1,0,0,0,0,6,1,0,0,0,0,1,0,0,0,0,0,0,0,0,0,1,1,0,0,0,0,0,0,1,56,0,0,0,2,1,4,1,7,7,2,1,0,0,1,0,3,6,1,0,0,0,1,1,0,0,50,0,1,4,5,0,0,0,2,0,0,0,0,0,0,0,3,0,0,0,0,1,0,0,229,1,0,0,0,0,2,0,0,0,0,0,0,10,0,0,3,0,1,1,0,10,0,0,0,0,1,0,2,0,2,2,0
2,1589,ESCOLA MUNICIPAL ERASMO PILOTTO,RUA RIO JAPURA 648,ATUBA,-25.39452913,-49.20346469,55,0,4407,3661,250,138,0,0,3,3,38,0,4,1,0,2,0,0,21,0,0,0,0,1,0,0,0,2,4,5,5,1,0,14,0,1,3,12,2,1,0,51,0,1,2,1,19,0,0,7,0,0,0,2,2,1,2,0,0,0,3,1,0,0,3,4,8,19,0,6,0,0,18,0,30,0,1,3,0,0,23,15,1,0,23,0,8,6,4,0,3,3,1,1,30,4,7,4,0,2,1,1,0,0,2,0,1,0,2,0,1,0,0,0,76,1,0,0,0,0,4,0,0,0,0,0,0,4,0,0,1,9,0,3,126,0,2,8,67,15,2,0,13,146,1,0,1,0,0,12,0,0,0,2,1,0,0,0,1,45,0,0,1,0,0,0,0,0,1,2,0,0,0,3,0,3,3,0,0,0,0,2,3,0,2,0,0,3,31,0,0,0,1,0,0,0,0,0,12,2,0,0,0,0,0,0,0,0,0,0,0,0,0,0,0,0,1,0,1,0,0,0,0,0,13,0,0,2,1,0,0,6,0,4,1,2,0,0,0,0,0,0,0,0,0,399,1,0,0,6,0,0,0,2,6,2,0,5,1,0,0,0,0,0,0,1,0,0,0,0,0,0,1,16,0,2,0,0,0,0,0,1,0,0,0,0,0,2,3,4,138,15,0,0,0,0,1,2,41,5,0,0,0,2,6,0,0,2,68,1,0,0,1,2,0,0,20,5,0,7,1,1,0,0,0,1,0,0,0,0,0,0,0,0,0,0,0,0,0,1,1,0,2,0,0,0,0,0,0,0,9,1,0,0,0,0,0,0,0,0,0,2,0,0,0,0,0,0,0,0,7,4,0,3,5,4,0,0,0,0,1,6,0,1,0,1,0,0,0,0,0,0,0,0,1,0,1,1,0,0,0,0,1,0,0,1,0,0,0,0,0,0,0,0,0,0,0,0,0,0,0,0,0,0,0,0,0,1,0,0,0,1,0,0,2,0,0,1,0,0,0,0,0,0,0,0,0,0,0,0,0,0,0,0,0,0,0,5,0,0,0,0,0,0,0,0,2,0,0,0,0,0,0,4,8,0,9,1,0,7,0,1,186,0,2,0,0,0,0,0,0,2,1,2,5,0,0,0,1,180,8,0,0,19,0,0,3,52,0,0,0,103,0,0,8,12,0,2,0,0,0,5,1,6,0,0,71,2,2,0,0,0,0,1,1,0,0,0,5,1,0,0,0,0,0,0,0,0,0,0,0,0,0,0,2,0,0,0,0,0,2,0,14,99,0,0,0,0,2,16,1,21,17,5,1,0,0,0,1,24,10,11,4,0,0,0,0,0,0,90,0,8,1,2,0,0,0,2,0,0,0,0,0,0,2,3,0,0,0,0,3,0,0,240,1,0,1,1,0,0,0,2,0,0,0,0,15,0,0,9,0,1,3,0,11,0,0,0,0,1,0,0,0,0,10,0
2,1791,ESCOLA MUNICIPAL SANTA AGUEDA,"RUA JOSE ANTONIO LEPREVOST, 496",SANTA CANDIDA,-25.37673384,-49.23127177,53,0,2834,2379,162,119,0,2,1,7,37,1,3,0,0,3,0,0,9,1,0,0,0,6,0,0,1,1,0,7,3,3,0,1,0,1,1,5,5,0,0,47,1,0,15,0,21,0,1,3,2,0,1,6,0,1,4,0,0,0,4,0,0,0,0,0,1,36,0,11,0,0,10,2,11,0,0,3,0,0,38,10,0,0,20,0,3,2,2,0,0,0,2,0,18,1,2,0,0,0,0,0,0,1,0,0,0,0,0,0,1,0,0,0,62,2,0,0,0,0,0,0,0,0,1,0,0,0,2,0,0,6,1,1,86,0,1,3,58,11,0,0,8,101,1,0,0,0,0,0,1,0,0,1,1,0,0,0,0,17,1,0,0,0,0,0,0,1,1,0,0,0,0,2,0,5,0,2,0,0,0,0,0,0,1,0,0,2,24,0,0,1,0,0,0,0,3,0,13,0,0,0,0,1,0,1,0,0,0,0,2,0,2,0,0,1,1,0,2,0,0,0,0,0,1,0,0,0,0,0,0,5,0,3,2,2,0,0,0,0,1,0,1,0,0,313,2,0,0,0,0,0,0,0,0,1,1,3,0,1,0,2,1,0,0,0,0,0,0,0,0,0,0,4,2,0,0,0,0,0,0,1,0,0,1,0,0,0,0,3,71,7,1,2,0,1,0,2,25,0,1,0,0,1,0,0,0,2,16,0,0,0,2,0,1,2,17,0,0,3,0,0,0,0,0,2,0,1,0,0,0,0,0,0,0,0,0,1,0,0,0,0,0,0,0,0,0,0,0,0,10,0,0,0,0,0,0,0,0,0,0,0,0,0,0,0,0,0,0,0,4,2,1,0,0,3,2,0,0,0,0,3,0,0,4,0,0,0,0,3,0,0,0,0,1,1,0,0,0,0,0,0,0,0,0,1,0,0,0,1,0,0,0,0,0,0,2,0,0,0,0,0,0,0,1,0,0,0,0,0,0,0,4,0,0,0,2,1,0,0,0,0,0,0,0,0,0,0,0,0,0,0,0,0,0,0,0,5,0,0,0,0,3,0,0,0,0,0,0,0,0,0,0,0,1,0,10,0,0,2,0,4,55,0,4,1,0,0,0,0,0,1,0,5,4,2,0,0,1,151,1,0,1,9,0,0,2,38,1,1,1,74,1,1,10,13,0,0,1,0,0,3,1,1,0,0,20,0,6,0,1,1,0,7,0,0,1,0,2,1,0,0,1,0,1,0,0,0,0,0,0,0,0,0,1,0,0,0,0,0,0,0,5,80,0,0,0,6,3,7,0,11,6,1,1,0,0,2,1,7,5,4,1,0,0,0,0,0,0,60,0,0,6,5,0,0,0,0,1,0,0,0,0,0,2,0,0,0,0,0,0,0,0,32,4,0,0,0,0,0,0,0,0,0,0,0,5,0,0,17,0,0,6,0,4,0,0,0,0,1,0,1,0,0,2,0
2,1805,COLÉGIO PASSIONISTA N. S. MENINA,"RUA BOM JESUS, 881 - A",CABRAL,-25.41481835,-49.25088176,16,0,4227,3469,108,61,0,1,1,6,29,1,0,0,1,4,0,0,24,3,0,0,0,16,0,0,0,0,7,9,1,6,0,3,1,0,0,14,1,0,0,15,0,0,0,0,11,1,3,1,0,0,1,3,0,8,8,0,0,0,4,0,0,0,0,0,2,76,0,9,0,0,19,0,16,0,1,2,0,1,27,19,1,0,1,0,1,8,3,0,4,2,2,0,17,4,16,1,0,1,0,1,0,0,3,0,2,3,1,0,0,0,0,0,118,0,0,0,0,0,0,0,0,0,0,0,6,0,1,0,1,6,2,0,68,0,0,4,131,5,0,0,5,275,2,0,0,1,0,2,0,0,0,2,1,0,0,0,0,24,0,0,0,0,0,0,0,1,3,0,0,0,0,2,0,0,4,0,0,0,0,2,1,0,0,0,1,5,49,0,0,0,0,0,0,0,0,0,1,2,0,0,0,0,0,3,0,0,0,0,0,0,3,0,0,0,0,0,0,0,0,0,0,0,7,1,0,6,1,0,0,0,0,3,1,1,0,0,1,1,0,1,0,0,1,891,11,0,0,0,0,0,0,4,0,1,1,2,0,0,1,0,0,0,0,0,1,5,0,0,0,0,1,8,5,0,0,0,0,0,0,0,0,0,0,0,0,0,2,4,200,10,0,2,2,1,0,4,19,0,0,2,1,1,4,0,0,0,11,0,0,0,12,0,0,0,24,0,0,0,0,0,0,1,0,0,0,0,0,1,0,0,0,0,0,0,0,0,0,0,0,0,0,0,0,0,0,0,0,0,9,0,0,0,0,0,0,0,0,0,0,2,0,0,0,0,0,0,0,0,19,13,3,0,11,2,2,0,3,0,2,27,0,3,7,0,3,0,1,1,0,0,0,0,2,0,2,0,0,0,0,0,1,0,0,0,0,0,0,0,0,0,0,0,0,0,0,0,0,0,0,0,0,0,0,0,0,0,0,0,0,0,1,1,1,0,0,0,1,0,0,0,1,0,0,0,0,0,0,0,0,0,0,0,0,0,0,1,0,0,0,0,0,0,1,0,0,0,0,0,0,0,0,5,8,1,8,0,0,0,0,2,46,0,5,0,3,1,3,0,0,1,7,8,2,1,0,0,0,115,4,0,0,15,0,0,1,18,3,0,0,54,0,0,2,12,0,3,0,0,0,8,3,1,0,0,24,0,1,0,1,0,1,4,18,2,0,0,2,0,0,0,0,0,0,0,0,1,0,0,0,0,0,0,1,0,0,0,0,0,0,0,13,93,0,3,0,1,9,3,2,51,2,8,0,0,0,0,0,38,12,3,7,0,0,0,0,0,1,31,0,1,13,5,1,0,0,2,0,3,0,0,0,0,2,0,0,0,1,0,2,0,0,29,2,2,0,0,0,0,0,0,0,0,0,0,7,1,0,6,0,0,0,0,11,0,0,0,0,0,0,2,0,3,2,0
2,1880,ESCOLA ESTADUAL CRUZEIRO DO SUL,RUA BUDA 8,SANTA CANDIDA,-25.36718325,-49.21023656,53,0,2677,2127,194,97,0,3,1,2,30,0,1,0,0,1,0,1,17,1,0,0,1,2,0,5,0,1,1,8,1,1,0,3,0,1,0,8,1,1,0,27,0,0,1,0,55,0,0,5,0,0,0,2,0,0,5,0,0,0,2,7,0,0,0,0,6,27,1,14,0,0,8,0,7,0,2,2,0,0,21,9,0,0,24,0,6,8,4,0,0,1,0,0,11,0,2,0,0,0,0,0,0,0,2,0,3,1,1,0,1,0,0,0,55,1,0,0,0,0,0,0,0,0,0,0,1,2,0,0,0,3,1,2,98,0,0,1,51,12,0,2,16,88,3,0,0,0,1,6,0,0,0,1,0,0,0,0,0,12,0,0,2,0,0,0,0,0,0,0,0,0,0,5,0,1,1,0,0,0,0,5,0,0,0,0,0,2,15,0,0,0,0,0,0,0,0,0,8,1,0,0,0,0,0,0,0,0,0,0,0,0,0,1,0,0,0,0,0,0,0,0,0,0,0,0,0,0,0,0,0,2,0,2,0,0,0,0,0,1,0,0,0,0,1,189,0,0,0,0,0,0,0,0,1,1,0,4,0,1,0,0,4,0,0,0,0,1,0,0,0,0,1,4,1,3,0,0,0,0,0,0,0,0,0,0,0,0,1,1,59,6,0,3,0,0,0,3,11,3,0,0,2,0,2,0,2,1,28,0,0,0,0,0,0,1,5,0,0,4,0,0,0,0,0,1,0,0,0,0,0,0,0,0,0,0,0,1,0,0,0,0,0,0,0,0,0,0,0,0,5,0,0,0,0,0,0,0,0,0,0,0,0,0,0,0,0,0,0,1,3,0,0,0,2,0,0,0,0,0,0,5,0,0,3,0,0,0,0,0,0,0,0,0,1,0,3,0,1,0,0,0,13,0,0,1,0,0,0,1,0,1,0,0,0,0,5,0,0,0,0,0,0,0,0,0,0,0,0,0,0,1,23,0,2,0,0,1,3,0,0,0,0,0,0,0,0,0,0,0,0,0,0,0,0,0,0,2,0,0,0,0,0,0,0,0,0,0,0,0,0,0,2,1,4,0,1,0,0,2,0,0,21,0,3,0,0,1,0,0,0,3,0,4,0,0,0,2,0,112,2,0,0,19,0,0,7,52,0,0,0,54,2,0,5,12,0,6,0,0,0,7,0,0,0,1,42,0,0,0,0,0,0,2,0,0,0,0,0,0,0,0,0,0,0,1,1,2,0,0,0,0,0,0,2,0,0,0,0,0,2,0,5,72,0,0,1,1,0,10,2,18,8,2,0,0,0,0,1,4,4,6,2,0,0,1,0,0,0,50,0,0,3,3,0,1,0,2,0,1,0,0,0,0,3,1,0,0,1,0,2,0,0,44,0,0,0,0,0,0,0,0,0,0,0,0,5,0,0,13,0,0,0,0,5,0,0,1,0,1,0,4,0,0,4,0
2,1899,COLEGIO ESTADUAL PROFESSOR ALGACYR MUNHOZ MAEDER,"RUA SEBASTIAO ALVES FERREIRA, 1164",BAIRRO ALTO,-25.40423001,-49.206835,36,0,7565,6120,500,300,0,1,3,8,63,1,6,1,4,4,1,2,52,2,0,0,0,6,2,1,0,2,4,16,5,2,1,12,0,1,2,15,2,0,0,110,0,1,3,0,33,0,1,5,4,0,0,8,0,7,9,0,0,0,9,11,0,0,3,1,7,45,0,14,0,5,13,0,35,1,4,4,0,0,55,23,2,2,31,0,11,11,5,0,2,6,0,0,39,2,11,3,0,4,0,1,3,0,0,0,1,0,4,0,1,1,0,1,101,1,0,0,0,0,12,0,0,0,1,0,3,2,0,1,0,11,2,5,172,0,0,5,132,12,0,1,17,285,2,0,0,0,2,8,0,1,0,5,0,1,0,0,0,48,0,0,5,0,0,2,0,0,1,0,1,0,6,1,0,3,0,0,0,0,0,4,2,1,2,1,0,5,64,0,1,0,0,0,0,0,0,0,18,1,0,0,0,0,0,3,0,0,0,0,0,0,0,0,0,0,0,0,0,0,0,0,0,0,19,2,0,0,1,0,0,2,0,5,0,7,0,0,0,0,1,2,4,0,0,646,2,0,0,10,0,1,0,1,3,0,0,10,0,2,0,0,0,0,0,0,0,0,0,0,0,0,1,6,2,0,1,0,0,0,0,3,0,0,0,0,0,0,2,4,211,17,7,1,1,3,0,12,68,3,2,1,9,1,3,0,2,1,96,0,0,0,6,0,0,1,23,1,0,0,2,1,0,1,0,4,0,0,0,3,0,0,0,0,0,0,0,3,0,0,0,0,0,0,0,0,0,0,0,0,6,0,0,0,0,0,0,0,0,0,0,1,0,5,0,0,0,0,0,2,7,2,2,4,1,5,0,0,0,1,1,8,0,0,4,1,0,0,0,0,0,1,1,0,1,0,8,0,0,1,0,0,6,0,0,1,0,0,0,0,0,1,0,0,0,0,0,0,0,0,0,0,0,0,0,0,3,0,0,4,0,0,0,1,8,2,0,0,0,0,0,0,4,0,7,0,0,0,1,0,0,0,0,0,0,0,0,8,1,8,0,0,3,0,0,0,0,2,0,0,1,1,1,3,10,0,30,6,0,5,0,2,131,1,4,0,0,1,0,0,0,2,4,14,2,0,0,0,0,319,17,0,0,32,0,0,8,89,0,0,4,179,1,0,19,15,0,0,0,6,0,11,1,6,0,0,66,0,9,0,2,0,0,2,7,1,0,0,11,0,1,0,0,0,2,0,0,2,0,0,0,0,0,0,4,0,0,0,0,0,0,0,10,161,0,3,0,0,5,24,0,55,17,6,0,0,0,0,1,11,19,5,3,0,0,0,0,0,1,141,0,11,7,9,1,0,0,9,0,1,0,0,0,0,7,4,0,2,0,1,1,0,3,576,1,1,0,1,0,0,0,5,1,0,1,0,28,0,0,36,0,0,9,1,32,1,0,2,0,3,0,3,0,0,5,0
2,1988,COLEGIO ESTADUAL  ERMELINO DE LEAO,AV NOSSA SENHORA DE NAZARE  900,BOA VISTA,-25.39208318,-49.24743269,34,0,6100,4857,210,160,0,1,2,9,56,1,5,0,1,3,0,3,26,1,0,0,0,17,0,1,0,4,8,11,0,1,0,5,1,2,1,16,6,0,0,52,1,1,2,1,33,0,1,1,0,0,0,5,1,8,10,0,0,0,12,1,1,1,2,2,7,44,0,22,1,2,23,1,23,1,2,2,0,0,29,33,2,0,20,0,15,19,4,2,2,3,2,0,28,0,5,3,0,0,0,0,4,0,2,0,2,1,0,0,0,1,1,0,162,0,0,0,0,0,0,0,1,0,1,0,2,1,3,0,1,9,2,3,140,0,0,7,190,7,0,1,12,356,3,0,0,0,2,1,0,0,0,2,2,0,0,0,0,22,0,0,2,0,1,0,0,1,2,0,0,0,0,1,1,0,7,0,0,0,0,0,2,0,2,0,1,10,37,0,1,1,0,0,0,0,0,0,11,2,0,0,0,0,3,4,0,0,0,0,0,0,4,0,0,1,9,0,6,0,0,0,0,4,6,0,0,1,0,0,1,7,0,5,1,2,1,0,0,0,3,4,0,0,0,828,0,1,0,0,0,0,0,2,4,0,2,6,1,1,1,1,1,0,0,0,0,0,0,0,0,1,1,10,0,0,0,0,0,0,0,1,0,0,0,0,0,0,2,9,212,8,1,0,3,1,1,7,36,2,0,1,5,0,2,0,0,1,61,0,0,0,1,4,0,5,47,1,0,1,4,1,0,1,0,2,0,0,0,0,3,0,0,0,0,0,0,0,0,0,0,0,1,0,0,2,0,0,0,0,10,0,0,0,0,0,0,0,0,0,0,0,0,0,1,0,0,0,0,0,12,5,7,1,11,3,0,1,2,0,2,23,0,1,11,1,6,0,0,1,0,0,0,0,3,0,2,0,0,5,0,0,6,0,0,1,0,0,0,0,0,0,0,0,1,0,0,0,0,0,0,0,0,0,0,0,0,0,0,0,0,0,11,1,8,1,0,0,0,0,0,0,0,0,0,0,0,0,1,0,1,0,0,0,0,0,0,8,0,0,0,0,0,0,0,0,0,0,0,0,0,0,1,2,5,1,6,1,0,4,0,5,80,0,3,0,0,2,2,1,0,6,9,20,3,0,0,0,0,270,1,0,0,24,0,0,2,69,0,0,1,131,0,0,9,27,0,2,0,6,0,6,0,3,0,1,43,0,5,1,1,0,1,2,10,2,1,0,7,1,3,0,1,0,2,0,0,0,0,0,0,0,0,0,3,0,0,0,0,0,1,0,9,176,0,4,0,2,5,16,1,61,6,4,4,0,0,4,2,17,12,5,5,0,0,1,0,0,2,94,0,0,13,7,1,4,0,7,1,0,1,0,0,0,1,0,0,1,0,0,0,0,0,46,0,1,1,0,0,0,0,2,0,0,0,0,16,0,0,11,0,0,1,0,22,0,0,0,0,0,0,3,0,0,2,0
2,1996,ESCOLA MUNICIPAL PROFESSOR RICARDO KRIEGER,"RUA MARIA GERONASSO DO ROSARIO, 346",BOA VISTA,-25.38429345,-49.23731129,34,0,2092,1789,112,84,0,0,2,6,20,1,1,0,1,2,0,1,15,3,0,0,0,5,0,2,0,0,0,4,1,0,0,1,0,0,0,6,1,0,0,31,0,0,5,0,16,1,1,2,0,0,0,5,0,2,0,0,0,0,7,2,0,0,0,0,0,9,0,8,0,2,7,0,6,1,1,3,0,0,26,12,1,0,11,0,0,1,2,0,0,0,0,0,20,0,4,0,0,0,0,0,0,0,0,0,0,0,1,0,0,0,0,0,71,0,0,0,0,0,0,0,1,0,0,0,0,0,0,0,0,3,1,1,65,0,2,2,65,4,1,0,4,112,1,1,0,0,0,1,0,0,0,0,0,0,4,0,0,10,0,0,0,0,0,0,0,0,0,0,0,0,0,1,0,0,0,0,0,0,0,0,0,0,0,0,1,2,18,0,0,1,0,0,0,0,0,0,2,1,0,0,0,1,1,2,0,0,0,0,0,0,0,0,0,0,1,0,2,0,0,0,0,0,3,0,0,2,1,0,0,2,0,2,0,0,0,0,1,0,0,0,2,0,0,228,1,1,0,0,0,0,0,1,0,0,0,5,0,0,1,0,0,0,0,0,0,0,0,0,0,0,2,4,0,0,0,0,0,0,0,0,0,0,0,0,0,0,0,1,68,8,0,0,0,0,0,4,8,1,0,0,0,1,0,0,0,0,28,0,0,0,3,0,0,1,5,0,0,2,0,0,7,0,1,1,0,0,0,0,2,0,0,0,0,0,0,0,0,0,0,0,0,0,0,0,0,0,0,0,2,0,0,0,0,0,0,0,0,0,0,0,0,0,0,0,0,0,0,0,5,0,0,0,3,1,1,0,1,0,1,3,0,0,2,0,1,0,0,0,0,0,0,1,1,0,0,1,0,1,0,0,2,0,0,0,0,0,0,0,0,0,0,0,0,0,0,0,0,0,0,0,0,0,0,0,1,0,0,0,0,0,0,0,0,1,0,0,0,0,0,0,0,0,0,0,0,0,1,0,0,0,0,0,0,0,0,4,0,0,0,0,0,0,0,0,0,0,0,0,0,0,0,1,1,0,2,0,0,9,0,0,25,0,0,1,0,0,0,0,0,4,2,8,0,0,0,0,0,92,5,0,0,8,0,0,1,30,4,0,0,42,0,0,8,9,0,0,0,0,0,6,0,0,0,0,26,0,4,1,2,0,0,2,2,1,0,0,0,0,0,0,0,0,0,0,0,0,0,0,0,0,1,0,1,0,0,0,0,0,1,0,2,68,0,0,0,0,1,19,0,10,6,4,1,0,0,0,0,6,7,2,3,0,0,0,0,1,2,39,0,1,2,4,0,1,0,1,0,1,0,0,0,0,0,0,0,0,0,0,0,0,0,13,0,0,0,0,0,0,0,0,0,0,0,0,8,0,0,7,0,0,4,0,6,0,0,0,0,0,0,0,0,0,4,0
2,2003,COLEGIO ESTADUAL PAPA JOAO PAULO I,R MARIA GERONASSO DO ROSARIO  259,BOA VISTA,-25.3842462,-49.23793332,34,0,4198,3338,243,144,0,1,3,6,42,0,7,1,1,1,0,1,23,1,0,0,0,13,0,3,0,0,7,11,1,1,0,9,0,0,0,10,1,0,0,57,0,1,7,0,26,0,1,0,0,0,0,6,0,5,8,0,0,0,11,1,0,0,0,0,1,38,1,12,0,1,16,2,13,2,5,4,0,0,20,13,1,0,17,0,16,9,4,0,0,4,0,0,31,2,5,1,0,1,0,0,0,2,0,0,3,0,0,0,1,0,0,0,83,0,0,2,0,1,0,0,2,0,0,0,1,2,5,1,2,4,0,4,107,0,4,7,136,15,1,0,14,184,0,0,0,1,0,6,0,0,0,3,0,0,0,0,1,19,0,0,1,0,0,0,0,1,0,0,0,2,2,0,0,1,1,0,0,0,0,1,1,0,0,0,1,3,28,0,0,6,1,0,0,0,0,0,8,1,0,0,0,0,0,0,0,0,0,0,0,0,1,0,0,0,1,0,5,0,0,0,0,0,4,0,0,1,0,0,0,2,0,3,0,1,0,0,0,0,1,0,2,0,0,421,1,0,0,0,0,0,1,0,1,3,1,1,0,0,0,0,2,0,0,0,0,0,0,0,0,1,2,23,3,0,0,0,0,0,0,1,1,0,0,0,0,0,3,4,137,8,1,0,1,1,0,4,29,1,0,3,0,0,0,0,0,2,43,1,0,0,3,0,1,1,22,0,0,1,2,0,2,0,1,0,0,0,0,0,0,0,0,0,0,0,0,0,0,0,0,2,1,0,1,0,0,0,0,0,6,0,0,0,0,0,0,0,0,0,0,0,0,0,0,0,0,0,1,0,8,3,1,1,8,1,0,1,0,0,2,6,0,1,1,2,0,0,0,0,0,0,0,2,0,0,0,0,0,1,0,0,4,0,0,1,0,0,0,0,0,0,0,0,1,0,0,0,0,0,1,0,0,1,0,0,1,0,0,0,0,0,6,0,2,0,0,0,0,0,0,0,0,0,0,0,0,0,0,0,0,0,0,0,0,0,0,7,0,0,0,0,0,0,0,0,0,0,0,0,0,0,0,3,4,0,3,0,0,9,0,0,42,2,1,0,0,2,0,0,0,0,7,7,2,0,0,0,1,182,4,0,0,12,0,0,2,58,2,0,0,112,0,0,5,14,0,0,0,1,0,5,2,1,2,0,42,0,13,2,1,0,0,3,3,0,0,0,6,0,0,2,0,0,0,0,0,2,0,0,0,0,0,0,2,0,0,0,0,0,0,0,9,96,0,0,0,4,4,19,1,18,5,4,0,0,0,4,0,12,8,3,6,0,0,0,1,1,3,83,0,2,9,6,0,0,0,2,1,1,0,0,0,0,1,0,0,0,1,0,0,0,0,48,0,0,0,0,1,0,0,0,0,0,0,0,14,1,0,12,0,0,5,0,12,0,0,0,1,1,0,1,0,0,9,0
2,2011,COLEGIO ESTADUAL ANGELO GUSSO,"RUA JULIO PEDROSO DE MORAIS, 10",BOA VISTA,-25.3884335,-49.25934738,34,0,3630,2979,190,110,0,0,2,5,29,0,1,0,0,1,0,1,21,2,0,0,0,5,0,0,0,1,1,10,2,4,0,11,0,0,0,10,3,1,0,33,0,0,1,1,13,0,1,0,0,0,0,1,1,8,9,0,0,0,9,3,0,0,0,1,3,35,0,9,0,1,20,2,14,0,1,1,0,0,14,12,5,2,15,0,11,6,6,0,0,2,2,0,32,0,2,3,0,2,0,2,0,0,0,0,0,0,4,0,0,1,0,0,70,1,0,0,0,0,0,0,2,0,0,0,6,0,2,0,0,4,0,2,72,0,2,3,122,4,1,1,13,226,2,1,0,0,0,0,0,0,0,1,0,0,0,0,0,10,0,0,0,0,0,0,0,0,0,0,0,0,0,0,0,0,3,0,2,0,0,0,0,0,0,0,0,5,28,0,0,0,0,0,0,0,0,0,9,0,0,1,0,0,0,1,0,0,0,0,0,0,0,0,0,1,0,2,8,0,0,0,0,0,8,0,0,3,2,0,0,1,0,5,0,0,0,0,3,0,4,2,0,1,0,461,1,0,0,0,0,0,0,2,0,12,1,0,0,0,2,0,4,0,0,0,0,0,0,0,0,0,5,13,0,0,0,0,0,0,0,0,0,0,0,0,0,0,2,5,100,3,0,0,0,0,0,1,26,1,0,2,2,0,2,0,0,1,38,0,0,0,2,0,0,0,9,1,0,0,2,0,0,0,0,1,0,0,1,0,0,0,0,0,0,0,0,0,0,0,0,0,0,0,0,0,0,0,0,0,7,0,0,0,0,0,0,0,0,0,0,0,0,0,0,0,0,0,0,1,6,1,1,2,5,3,5,1,2,1,0,11,1,2,3,2,2,2,0,2,0,0,0,0,3,0,1,0,0,1,0,0,0,0,0,1,0,0,0,0,0,0,0,0,0,0,0,0,0,0,0,0,0,0,0,0,0,0,0,0,0,0,2,0,1,2,0,0,1,0,0,0,1,0,0,0,0,0,0,0,0,1,0,0,0,0,0,1,0,0,0,0,4,0,0,0,0,0,0,0,0,0,1,0,7,0,2,1,0,2,0,0,50,0,2,0,2,0,0,0,0,2,3,23,3,0,0,0,0,190,3,0,0,12,0,1,0,27,5,0,0,78,1,0,15,14,0,2,0,1,1,2,1,0,0,0,39,0,2,1,1,0,0,5,6,0,1,0,2,2,3,0,0,0,2,0,0,0,0,0,0,0,0,0,1,0,0,0,0,0,0,1,4,72,0,1,0,5,3,22,0,23,4,3,3,0,0,2,0,13,16,1,2,0,0,0,0,0,0,67,0,1,5,5,1,0,4,0,0,0,0,0,0,0,0,0,0,0,0,0,0,0,0,41,0,2,0,1,0,1,0,0,0,0,0,0,11,0,0,10,1,0,6,0,10,0,0,3,0,1,0,3,0,1,3,0
2,2020,COLEGIO POSITIVO BOA VISTA,"RUA CARLOS DE CAMPOS, 1090",BOA VISTA,-25.39211877,-49.24270216,34,0,7071,5822,250,178,0,0,3,15,78,3,3,1,1,6,0,0,53,2,1,0,0,37,0,1,0,1,9,9,2,10,0,7,0,2,0,20,2,0,0,53,1,2,4,4,20,0,3,1,0,0,3,9,2,4,10,0,0,0,4,4,0,0,2,6,5,72,0,19,1,3,30,0,16,0,3,1,0,0,44,21,3,0,26,1,4,22,5,1,0,5,1,0,47,1,5,4,2,0,0,1,1,0,1,0,8,3,7,0,2,0,2,1,218,0,1,0,0,0,0,0,1,0,0,0,4,2,0,0,3,4,2,4,130,0,2,11,197,12,0,1,13,387,6,0,0,0,0,5,0,0,0,4,1,0,0,1,0,40,0,1,5,0,1,2,0,0,0,0,0,0,2,5,0,5,0,1,0,1,0,1,2,0,1,0,0,10,79,0,0,3,2,0,0,0,0,0,8,0,0,0,0,0,5,3,0,0,0,0,0,0,4,1,0,0,8,0,1,0,0,0,0,0,6,0,0,2,1,0,0,6,0,7,1,0,1,0,0,1,0,2,1,0,0,1182,9,0,1,0,0,0,0,2,2,2,3,1,0,1,5,1,1,0,0,0,0,1,0,0,0,1,0,18,0,1,0,0,0,0,0,1,0,0,0,0,0,0,1,10,225,11,1,5,2,0,0,3,51,6,1,3,1,1,0,0,0,0,51,0,1,0,6,1,0,5,49,3,0,1,1,0,5,2,0,4,0,0,0,1,0,0,0,0,0,0,0,1,0,0,0,0,1,0,0,0,0,0,0,0,13,0,0,0,0,0,0,0,0,2,0,0,0,0,0,0,0,0,0,0,16,8,1,2,17,3,0,0,5,0,4,20,0,2,10,1,2,0,0,3,0,1,0,1,1,1,3,0,2,2,0,0,4,0,0,0,0,0,0,0,0,0,0,0,4,0,0,0,0,0,0,0,0,0,0,0,0,1,0,0,0,0,13,0,1,2,0,0,1,0,0,0,0,0,0,0,0,0,0,0,0,0,0,0,0,0,0,7,0,0,0,0,1,0,1,0,0,0,0,0,2,0,2,0,16,0,10,1,0,12,0,4,79,0,4,1,2,2,2,0,0,4,6,18,10,0,0,2,2,283,4,0,0,20,0,0,5,86,3,0,0,160,1,0,19,13,0,3,1,2,0,11,3,0,0,0,66,0,14,0,0,1,0,2,10,2,0,0,13,0,0,1,4,0,0,0,0,1,0,0,0,0,0,0,0,0,0,0,0,0,0,0,12,210,0,0,0,6,9,27,2,80,9,9,2,0,0,4,0,8,17,3,4,1,0,1,2,0,5,80,0,1,8,10,0,0,0,5,0,0,0,0,2,0,6,1,0,1,1,0,0,1,0,54,4,2,1,2,0,0,0,1,0,0,0,1,13,0,0,3,1,2,4,0,20,0,0,1,0,2,0,2,0,4,9,0
2,2038,COLÉGIO ADVENTISTA UNIDADE BOA VISTA,"RUA FERNANDO DE NORONHA, 470",SANTA CANDIDA,-25.3815724,-49.23564726,53,0,2540,2033,149,71,0,1,0,2,26,0,0,0,0,0,0,0,9,0,0,0,0,8,0,1,0,0,2,7,0,4,0,2,0,0,4,8,1,0,0,25,0,0,1,1,20,1,1,2,0,0,0,2,1,0,1,0,0,0,4,5,0,1,0,0,2,15,0,4,0,0,7,0,16,1,2,2,0,1,11,18,0,0,8,0,1,4,2,0,0,1,4,0,19,0,4,3,2,0,0,1,1,3,1,0,0,2,0,0,0,0,0,0,31,0,0,1,0,0,1,0,2,0,0,0,4,0,1,0,1,7,2,2,83,0,0,1,49,7,0,0,10,216,3,0,0,2,1,2,0,0,0,0,0,0,0,0,0,14,0,0,1,0,0,0,0,0,0,0,0,0,6,2,0,0,0,0,1,0,0,0,1,0,1,0,0,3,29,1,0,0,0,0,0,0,0,0,6,1,0,0,0,0,1,1,0,0,0,0,0,2,0,0,0,0,0,0,1,0,0,0,0,0,6,0,1,1,1,0,0,2,0,3,1,0,0,0,1,0,1,1,0,0,0,243,0,1,0,0,0,0,0,0,0,0,0,0,1,0,2,0,0,1,0,1,0,0,0,0,0,0,2,1,0,1,0,0,0,0,0,1,0,0,0,0,0,0,1,5,50,4,0,0,2,0,0,2,18,3,0,1,1,0,2,0,0,0,21,1,0,0,0,0,0,3,8,0,0,0,1,1,1,1,0,0,0,0,0,0,0,0,0,0,0,0,0,0,0,0,0,0,1,0,0,0,0,0,1,0,0,0,0,0,0,0,0,1,0,0,0,0,0,0,0,0,0,0,0,2,5,1,1,0,5,0,2,0,0,0,1,7,0,1,3,0,0,0,0,0,0,0,0,1,1,0,1,0,1,0,0,0,2,0,0,1,0,0,0,0,0,0,0,0,0,0,0,0,0,0,0,1,0,0,0,0,0,0,0,0,0,0,2,0,1,0,0,0,1,2,0,0,0,0,0,0,0,0,0,0,0,0,1,0,0,0,0,5,0,0,0,0,0,0,0,0,0,2,0,0,0,0,1,2,9,0,1,0,0,6,0,2,19,0,4,0,0,0,0,0,0,0,7,14,1,1,0,0,1,123,1,0,0,11,0,0,5,39,2,0,0,51,0,0,6,20,0,0,0,1,0,4,0,1,0,0,12,0,3,1,1,0,0,1,4,0,0,1,12,1,0,2,0,0,0,0,0,0,0,0,0,0,0,0,0,0,0,0,0,0,0,0,1,43,0,0,0,1,5,6,0,20,0,2,0,0,0,3,2,5,4,0,3,0,0,0,1,0,0,57,0,0,8,3,0,0,0,2,0,0,0,0,0,0,0,0,0,0,1,0,0,0,0,20,0,0,0,0,0,1,0,1,0,0,0,0,7,0,0,12,0,0,2,0,4,0,0,1,0,0,0,4,0,0,1,0
3,1023,ESCOLA ESTADUAL REPÚBLICA ORIENTAL DO URUGUAI,"AV PRES. AFFONSO CAMARGO, N. 3407, CAPAO DA IMBUIA",CAPAO DA IMBUIA,-25.4404556,-49.2289774,20,0,4383,3650,173,135,0,0,0,8,36,0,4,0,0,3,0,0,26,2,1,0,0,5,0,0,0,1,5,9,1,4,2,3,0,1,1,11,0,0,0,39,0,0,1,3,11,0,4,0,0,0,0,0,0,4,11,0,0,1,11,1,0,0,3,0,8,36,0,6,0,7,12,0,27,0,1,0,0,0,31,20,6,0,20,0,8,2,5,0,0,2,0,1,32,5,6,1,0,0,0,0,0,0,3,0,0,0,3,0,0,0,2,1,84,1,0,0,0,0,0,0,1,0,0,0,6,0,0,0,2,3,0,0,102,0,1,5,131,8,0,2,5,199,1,0,0,2,1,2,1,0,0,1,0,0,0,0,0,22,0,0,2,0,0,0,0,1,0,0,0,0,3,1,0,1,1,1,0,0,0,2,1,0,1,0,0,3,42,0,0,4,0,1,0,0,0,0,1,1,0,0,0,0,1,4,0,0,0,0,2,0,1,1,0,0,0,0,0,0,0,0,0,0,13,0,0,4,0,0,0,1,0,2,0,0,1,0,0,1,0,2,0,0,1,548,3,0,0,0,0,2,0,2,3,3,3,0,0,0,0,0,1,0,0,0,0,0,0,0,0,0,0,55,3,0,0,0,0,0,0,0,0,0,0,0,0,1,3,2,161,8,2,3,0,1,1,5,27,2,0,2,0,0,1,0,1,1,44,0,0,0,1,0,0,1,16,2,1,1,0,4,0,0,0,0,0,0,0,1,0,0,0,0,0,0,0,0,0,0,1,0,0,0,0,1,0,0,0,0,16,0,0,0,0,0,0,0,1,0,0,0,0,0,0,0,0,0,0,0,6,6,2,0,9,4,1,0,0,1,0,10,0,0,0,0,1,0,1,0,3,0,0,0,0,1,0,0,0,0,0,0,0,0,0,1,0,0,0,0,0,0,0,0,0,0,0,1,0,0,0,0,0,0,0,0,0,5,0,0,0,0,1,0,4,21,0,0,2,0,0,0,0,0,0,0,0,0,0,0,0,0,0,0,0,0,0,12,0,0,0,0,6,0,0,0,0,0,0,0,2,0,0,5,1,0,19,0,0,1,0,0,47,0,6,0,0,0,0,2,0,0,3,10,5,0,0,0,0,203,0,1,0,14,0,0,1,37,1,0,0,89,0,0,24,9,0,2,0,8,0,2,1,3,2,0,43,0,2,0,0,0,0,2,4,1,0,0,1,0,0,0,0,0,1,0,0,0,0,0,0,0,0,0,1,0,1,0,0,0,0,1,9,89,0,1,0,0,3,9,0,21,16,5,1,0,1,2,4,13,8,5,2,0,0,2,1,0,0,84,0,3,4,9,0,0,0,3,0,0,0,0,0,0,3,0,0,1,0,1,1,0,0,173,2,0,3,2,1,1,0,0,0,0,0,1,17,0,0,15,0,0,4,0,90,0,0,0,1,0,0,4,0,0,3,0
3,1058,ESCOLA MUNICIPAL IRATI,"AV JORN ADERBAL GAERTNER STRESSER, N. 775, CONJUNTO MERCÚRIO",CAJURU,-25.4702853,-49.2024938,21,0,4593,3833,274,197,0,1,2,4,38,3,8,1,0,1,0,0,31,2,0,0,0,2,0,0,0,2,5,4,1,2,0,2,0,1,1,15,2,1,0,71,1,1,0,0,59,0,2,1,2,0,0,10,0,2,6,0,0,0,4,3,0,0,1,0,11,44,1,2,2,1,17,0,16,0,0,0,0,0,31,23,8,0,23,0,5,4,6,1,1,2,0,0,21,0,4,10,3,0,0,0,0,0,0,0,2,0,1,0,1,0,1,0,74,1,0,0,0,0,0,0,0,0,0,0,0,0,0,0,0,1,0,1,106,0,4,7,107,7,0,1,9,155,0,0,1,0,0,3,0,0,0,0,0,0,0,0,1,27,0,0,3,1,1,0,0,2,0,0,1,0,0,2,0,0,1,0,0,0,0,8,2,0,3,0,1,0,41,0,0,0,0,0,0,1,0,0,0,0,0,0,0,1,0,1,0,0,0,0,1,0,1,0,0,0,0,0,0,1,0,0,0,0,15,0,0,4,0,0,0,5,1,7,0,4,0,0,2,1,1,1,1,0,0,441,1,0,0,0,0,1,0,2,0,0,1,1,0,0,0,0,0,0,2,0,3,0,0,0,0,0,1,69,2,0,0,0,0,0,0,0,0,0,0,0,0,0,1,3,136,9,2,1,1,0,0,3,31,4,0,0,2,1,1,0,1,0,36,1,0,0,4,3,0,1,18,5,0,1,4,12,0,0,0,4,0,0,0,0,0,0,2,0,0,0,0,0,0,0,0,0,0,0,0,0,0,0,0,0,9,0,0,0,0,0,0,0,0,0,0,0,0,0,0,0,0,1,0,1,5,1,0,0,7,0,2,1,3,0,1,7,0,2,1,1,1,1,0,1,0,0,0,0,1,1,0,0,0,0,0,0,0,0,0,0,0,0,0,0,0,0,0,0,0,0,0,0,1,0,0,0,0,0,0,0,0,6,0,0,0,0,1,0,3,3,0,0,1,0,0,0,0,0,0,0,0,0,0,0,0,0,0,0,0,0,1,4,0,0,0,0,2,0,0,0,0,1,1,0,0,0,0,7,1,0,13,3,0,1,0,2,79,0,3,2,0,0,0,0,0,0,3,7,2,1,0,0,0,172,5,0,0,30,0,0,7,27,1,0,0,95,1,0,51,16,0,0,0,12,1,6,1,4,0,0,64,0,1,0,0,0,0,2,7,0,0,0,5,0,0,0,0,0,0,0,0,0,1,0,0,3,0,0,0,0,0,0,0,0,2,0,6,77,0,0,1,1,3,10,0,25,27,19,1,1,0,1,1,14,11,2,1,0,0,0,0,0,0,122,0,0,7,6,0,4,0,3,0,4,0,0,0,0,4,4,0,0,0,0,0,1,1,230,0,1,0,0,1,0,0,1,0,0,0,0,35,0,0,19,0,2,6,0,29,0,0,0,0,0,0,2,0,1,6,0
3,1066,ESCOLA MUNICIPAL AYRTON SENNA DA SILVA,"RUA ANTÔNIO MOREIRA LOPES, N. 1301, JARDIM ACRÓPOLE",CAJURU,-25.4709948,-49.1920684,21,0,4352,3480,340,135,0,0,4,7,57,0,2,0,0,6,0,0,32,4,1,0,1,1,1,1,1,0,1,13,2,2,0,6,0,3,4,15,1,0,0,95,0,0,2,0,25,0,2,2,0,0,0,1,0,2,4,0,0,0,2,0,0,0,0,0,10,28,0,7,1,4,9,0,16,0,3,4,0,1,18,10,1,7,61,0,7,15,8,0,1,0,1,0,20,1,0,11,0,1,0,0,1,1,0,0,1,0,3,0,0,0,12,2,48,0,1,0,0,0,1,0,0,0,0,0,0,6,1,0,0,15,1,1,160,1,3,3,58,53,0,1,12,115,0,0,1,0,1,16,0,0,0,0,2,0,0,0,0,16,0,0,3,0,0,0,0,0,0,0,0,0,0,6,0,0,0,1,0,0,0,5,1,0,0,0,0,1,11,0,0,0,1,0,0,0,1,0,4,0,0,0,0,0,2,4,1,0,0,1,2,0,0,0,0,0,0,0,0,0,0,0,0,0,4,0,0,3,0,0,0,1,0,1,0,4,1,0,1,1,1,0,0,0,2,179,0,0,0,0,0,0,0,0,0,0,3,1,0,0,1,0,0,0,0,0,0,0,0,0,0,0,1,22,4,0,0,0,0,0,0,0,2,0,0,0,0,0,0,1,86,9,2,0,2,3,0,2,33,0,1,1,0,0,11,0,0,0,45,0,0,0,4,2,0,3,8,9,0,1,0,28,0,0,0,1,0,0,0,0,0,0,0,0,0,0,0,0,0,0,0,0,0,0,0,0,0,0,0,0,6,0,0,0,0,0,0,0,0,0,0,0,0,0,0,0,0,1,0,0,4,0,3,0,2,0,0,0,1,0,0,9,0,2,0,0,0,0,0,0,0,0,0,0,0,0,0,0,0,0,0,0,0,0,0,0,0,0,1,0,0,1,0,0,0,0,0,0,0,0,0,0,0,0,0,0,0,2,0,1,0,0,0,0,0,1,0,0,0,0,0,0,0,0,4,0,0,0,0,0,0,0,0,1,0,0,0,1,0,0,0,0,0,0,0,0,1,0,0,0,0,1,0,2,5,0,12,0,0,1,0,0,66,0,0,0,0,3,0,0,0,0,2,3,2,0,0,0,0,130,1,0,0,12,0,0,13,20,0,0,0,80,1,3,86,24,0,0,1,6,0,1,2,3,0,1,44,0,0,1,0,0,0,1,1,0,0,0,1,0,2,0,0,1,0,0,0,0,0,0,0,0,0,0,1,0,0,0,0,0,0,0,4,55,0,0,0,1,2,4,0,43,25,4,0,0,0,0,1,28,10,10,0,0,0,0,0,0,1,66,0,0,1,1,0,7,0,4,0,1,0,0,1,0,0,18,0,0,0,0,1,0,3,429,1,0,1,1,0,1,0,0,0,0,0,0,36,0,0,13,0,0,8,0,21,0,0,0,0,0,0,7,0,1,12,0
3,1074,COLEGIO ESTADUAL MÁXIMO ATÍLIO ASINELLI,"RUA JÚLIO WISCHRAL, N. 650, UBERABA DE CIMA",UBERABA,-25.4744266,-49.2233534,37,0,3093,2570,169,89,0,0,6,5,27,0,0,0,0,1,0,0,22,2,0,0,0,12,0,0,0,0,1,9,1,3,0,5,0,0,0,6,0,2,0,31,0,1,0,0,17,0,0,0,1,0,0,5,1,1,15,0,0,0,5,0,0,0,0,1,9,36,0,3,0,12,14,0,2,0,2,1,0,0,12,27,1,0,29,0,11,7,7,0,0,0,0,0,19,3,2,1,0,3,0,1,1,0,1,0,0,0,0,0,1,0,0,1,42,0,0,0,0,0,0,0,0,0,0,0,3,1,0,1,0,1,0,3,77,0,3,5,73,0,1,2,6,166,0,0,0,0,0,7,0,0,0,0,0,0,0,0,0,17,0,0,1,0,0,1,0,1,0,0,0,0,0,5,0,0,0,1,0,0,0,2,2,0,2,0,0,0,24,0,1,0,0,0,0,0,0,0,1,0,0,0,0,0,2,1,0,0,0,3,0,1,0,0,0,0,0,0,1,2,0,0,0,2,25,0,0,3,0,0,0,2,0,4,1,0,0,0,1,0,1,1,1,0,0,492,0,0,0,0,0,2,1,3,0,1,1,0,0,0,0,1,0,0,0,0,0,1,0,0,0,0,8,11,1,1,0,0,0,0,0,2,1,0,0,0,0,0,1,1,101,3,0,1,2,1,2,1,28,0,0,1,0,0,0,0,1,0,16,0,0,0,2,1,1,1,12,2,0,0,1,2,0,0,0,1,0,0,0,0,0,0,0,0,0,0,0,0,0,0,0,0,0,0,0,0,0,0,0,0,4,0,0,0,0,0,0,0,0,0,0,0,0,0,0,0,0,0,0,0,10,4,5,0,5,2,0,0,0,1,2,13,0,0,0,0,0,0,0,3,0,1,0,2,0,0,0,0,0,0,0,0,0,0,0,1,0,0,0,0,0,0,0,0,0,0,0,0,0,0,0,0,0,0,0,0,0,3,0,0,0,0,0,0,0,1,0,0,0,0,0,0,0,0,0,0,0,0,0,0,0,0,0,0,0,0,0,7,0,0,0,0,2,0,0,0,0,0,0,0,0,0,0,1,6,0,2,0,0,0,0,0,24,0,5,0,0,3,1,0,1,3,4,5,2,0,0,0,0,134,1,0,0,13,1,0,1,29,0,1,0,66,1,2,10,10,0,1,0,5,0,5,0,1,1,0,8,0,1,0,0,0,0,1,2,0,0,1,3,0,0,1,0,0,0,0,0,0,0,0,0,0,0,1,1,0,0,0,0,0,0,0,1,55,0,1,0,0,2,4,3,14,6,8,1,0,0,2,3,4,7,3,3,0,0,0,0,1,1,53,0,0,3,7,0,1,0,0,0,7,0,1,0,0,3,0,0,0,0,0,1,0,0,45,1,0,0,2,0,2,0,0,0,0,0,2,22,0,0,8,0,0,0,0,7,0,0,0,0,0,0,4,0,0,6,0
3,1082,ESCOLA MUNICIPAL MARUMBI,"RUA FRANCISCO LICNERSKI, 50,  PRÓXIMO À SANEPAR DA BR 277",UBERABA,-25.4795245,-49.2027126,37,0,3834,3192,252,140,0,1,4,9,23,1,2,0,0,5,0,2,27,2,0,0,0,7,0,1,4,0,1,12,2,1,1,7,1,3,0,16,1,0,0,53,0,0,0,0,31,1,3,0,0,0,0,1,0,1,9,0,0,0,12,3,3,0,0,1,10,40,0,0,0,1,4,0,10,0,0,5,0,0,29,11,5,1,33,0,9,4,6,0,2,1,1,0,18,0,1,0,2,0,0,1,1,0,1,0,1,1,2,0,2,0,0,0,57,0,0,0,1,0,0,0,0,0,0,0,0,3,2,0,1,4,1,1,151,2,0,7,91,6,1,0,16,115,1,0,0,0,1,7,0,0,0,0,0,0,0,0,0,30,0,1,1,0,1,0,0,1,0,1,0,0,5,0,0,1,4,0,0,0,0,4,1,0,0,0,1,0,22,0,0,1,1,1,0,0,0,0,1,0,0,0,0,0,0,0,0,0,0,1,0,0,0,0,0,5,0,0,0,3,0,0,0,1,12,0,0,2,0,0,0,4,0,5,0,0,0,0,3,1,3,1,1,0,0,267,0,0,1,0,0,1,0,1,5,1,1,0,0,0,0,0,0,0,0,0,0,3,0,0,0,0,0,52,1,0,0,0,0,0,0,0,3,0,0,0,0,0,1,2,102,7,0,0,0,5,0,0,47,0,0,2,1,0,2,0,0,0,53,0,0,0,3,0,0,1,15,1,0,3,0,6,1,0,0,3,0,0,1,0,0,0,0,0,0,0,0,0,1,0,0,0,0,0,0,1,0,0,0,0,11,0,0,0,0,0,0,0,0,1,0,0,0,0,0,0,1,0,1,0,5,0,1,2,3,1,0,0,0,0,0,3,0,0,3,0,0,0,0,0,0,0,0,0,0,0,2,0,0,0,0,0,0,0,0,0,0,0,0,0,0,0,0,0,0,0,0,0,2,0,2,0,0,0,0,0,0,0,0,1,0,0,0,0,0,3,0,0,0,0,0,0,0,0,0,0,0,0,0,0,0,0,0,1,0,0,0,4,0,0,0,0,2,0,0,0,0,0,0,0,0,0,0,3,7,1,12,0,0,5,0,3,49,0,0,0,1,2,1,0,1,6,2,1,0,0,0,0,0,119,2,0,0,14,0,0,1,24,0,0,0,79,1,0,57,18,0,0,0,9,0,3,1,0,3,0,47,1,2,3,1,0,0,7,3,0,0,0,1,1,0,1,0,0,0,0,0,0,0,0,0,0,0,0,0,0,0,0,0,0,7,0,10,93,0,1,0,0,0,8,0,70,20,13,0,0,0,0,0,17,13,11,1,0,1,3,0,0,0,66,1,0,3,8,0,2,0,2,0,2,0,0,1,0,0,3,0,0,0,1,1,0,0,164,0,2,0,0,0,0,0,0,0,0,0,2,27,0,0,18,1,0,5,0,25,1,0,2,0,0,0,10,0,1,9,0
3,1090,ESCOLA MUNICIPAL CORONEL DURIVAL BRITTO E SILVA,"RUA EMÍLIO BERTOLINI, N. 44, VILAS OFICINAS",CAJURU,-25.4481352,-49.2158304,21,0,4091,3384,294,179,0,1,2,6,40,0,1,0,3,2,0,1,26,1,0,0,0,8,1,1,0,2,1,7,2,4,1,5,0,0,0,9,1,0,0,55,2,0,1,0,31,0,1,1,1,0,0,5,0,2,5,0,0,0,6,0,0,0,0,1,30,52,0,5,1,3,17,0,16,0,1,3,0,0,32,20,10,0,49,0,7,9,2,0,1,0,1,1,17,2,2,0,1,0,0,2,0,0,2,2,1,0,2,0,1,0,0,0,73,0,0,0,0,0,0,0,0,0,0,0,1,1,0,0,1,3,0,2,121,0,2,1,84,4,1,0,15,136,2,1,0,0,0,5,0,0,0,3,1,0,0,0,0,19,0,0,3,0,0,0,0,1,0,0,1,1,4,1,0,3,0,0,0,0,0,13,5,0,5,0,0,3,28,0,0,0,0,1,0,0,0,0,0,0,0,0,0,0,1,3,0,0,0,0,0,0,2,0,0,0,1,0,3,0,0,0,0,0,14,0,0,3,0,0,0,7,0,4,0,2,0,0,0,0,1,0,0,0,0,311,2,0,0,0,0,1,0,1,1,2,2,2,1,0,0,0,0,0,0,1,0,0,1,0,0,0,0,30,5,0,0,0,0,0,0,0,0,0,0,1,0,0,1,8,95,8,0,1,1,3,0,2,31,1,0,0,0,0,0,0,0,0,44,0,0,0,2,0,0,2,63,5,0,1,4,8,2,0,0,1,0,0,0,0,0,0,1,0,0,0,0,0,0,0,0,0,0,0,0,0,0,0,0,0,1,0,0,0,1,0,0,0,0,0,0,0,0,0,0,0,0,0,1,0,3,1,2,0,5,2,2,0,0,0,0,2,0,0,2,0,0,0,0,0,0,0,0,0,0,1,1,0,0,0,0,0,2,0,1,2,0,0,1,0,0,0,0,0,0,0,0,0,0,0,0,0,0,1,0,1,1,30,0,0,0,0,0,3,4,5,0,0,0,0,0,0,2,0,0,0,0,0,1,0,0,0,0,0,0,0,0,0,0,0,0,0,3,0,0,0,0,0,0,0,1,0,1,13,6,1,9,0,0,0,0,0,72,0,0,0,0,1,0,0,0,5,7,1,3,0,0,2,0,167,6,0,0,21,0,1,5,30,0,0,1,66,1,2,28,14,0,1,0,6,0,6,1,1,1,0,35,0,0,0,0,0,0,1,8,1,0,0,4,1,0,0,0,0,1,0,0,1,0,0,0,0,0,0,2,0,0,0,0,0,0,0,3,61,0,1,0,0,4,4,0,26,31,14,0,0,0,0,0,5,6,6,1,1,0,3,1,0,0,85,0,0,1,3,0,0,0,1,1,1,2,0,0,0,0,1,0,0,1,0,0,0,0,169,0,4,0,0,0,0,0,0,0,0,0,0,14,0,0,23,0,0,3,0,45,0,0,0,0,1,0,3,0,0,12,0
3,1104,ESCOLA MUNICIPAL PREFEITO LINNEU FERREIRA DO AMARAL,"RUA RORAIMA, N. 1570, VILAS OFICINAS",CAJURU,-25.4525528,-49.2082456,21,0,5083,4089,313,172,0,4,7,9,36,3,7,0,0,5,0,1,26,2,0,0,0,7,1,0,2,2,2,13,3,1,1,12,0,0,2,5,0,0,0,52,0,1,0,0,46,0,5,1,0,0,0,3,0,4,5,0,0,0,3,0,0,0,1,2,21,58,0,2,0,5,22,0,10,1,3,6,0,0,66,16,4,0,73,0,5,4,6,2,1,1,0,0,9,2,0,1,1,0,0,1,0,1,0,1,3,1,2,0,0,0,3,0,65,0,1,0,0,0,0,0,0,0,2,0,0,1,1,0,0,7,0,2,133,0,0,2,105,15,0,1,11,176,4,1,0,1,0,3,3,0,0,9,0,0,0,0,0,12,0,1,3,1,1,0,0,2,0,0,3,0,2,3,0,0,0,2,0,0,0,60,1,1,4,0,0,1,26,0,0,0,2,0,0,0,0,0,2,1,0,0,0,0,0,4,0,0,0,3,2,0,0,0,0,0,2,0,0,0,0,0,0,0,17,0,0,1,0,0,0,9,0,0,0,3,0,0,0,1,0,1,5,0,0,312,4,0,0,0,0,0,0,0,2,2,2,0,0,2,0,0,1,0,0,0,0,0,0,0,0,0,1,33,4,0,0,0,0,0,0,1,5,0,0,0,0,1,0,1,122,9,1,3,1,1,2,2,46,1,0,1,1,1,2,0,1,4,68,0,0,0,0,0,0,0,19,1,0,2,1,7,0,0,0,0,1,0,0,0,0,0,0,0,0,0,0,0,0,0,0,0,0,0,0,0,0,0,0,0,8,0,0,0,0,0,0,0,0,0,0,0,0,0,0,0,0,0,0,0,4,1,0,0,2,0,0,1,0,1,1,10,0,1,0,0,0,0,0,0,0,0,0,0,2,0,5,0,0,0,0,0,0,0,0,0,0,0,0,0,0,0,0,0,1,0,0,0,0,1,0,0,0,0,0,0,0,10,0,0,0,0,0,0,4,9,0,0,1,0,0,0,0,0,1,0,0,0,0,0,0,0,0,0,0,0,0,4,0,0,0,0,0,0,1,0,4,1,0,0,0,0,3,0,9,0,7,0,0,0,0,5,86,0,1,0,1,0,0,0,2,0,6,4,0,0,0,0,0,222,9,0,1,15,0,0,7,29,1,0,0,125,0,0,44,17,0,2,1,9,0,8,0,1,0,0,47,0,2,0,1,0,1,0,1,0,0,0,1,0,1,0,0,0,0,0,0,0,0,0,0,0,0,0,2,0,0,0,0,0,0,0,7,123,0,0,0,0,1,7,1,24,35,82,0,0,0,0,2,6,8,5,2,0,0,4,0,0,0,87,0,1,5,9,0,0,0,2,1,0,0,1,0,0,0,4,0,0,0,0,1,0,1,354,0,1,0,1,0,0,0,1,0,1,0,1,21,0,0,14,0,2,4,0,27,0,0,0,0,3,0,6,0,0,13,0
3,1112,COLÉGIO ESTADUAL NATÁLIA REGINATO,"RUA GOIÂNIA,  679, VILAS OFICINAS",CAJURU,-25.4548352,-49.2202622,21,0,2241,1791,117,82,0,0,1,2,21,1,3,0,0,3,0,2,21,1,0,0,0,5,0,1,0,0,0,5,0,2,0,3,0,1,3,7,0,0,0,27,0,1,1,0,15,0,1,0,0,1,0,2,0,0,6,0,0,0,2,0,1,0,0,0,12,20,0,1,0,4,8,0,9,0,1,1,0,0,20,7,2,0,12,0,5,6,3,0,0,0,1,1,15,0,2,6,0,0,0,1,0,0,1,1,0,0,0,0,0,0,1,1,31,2,0,0,0,0,0,0,1,0,0,0,0,1,1,0,5,1,1,0,66,0,0,4,46,3,0,1,4,58,0,0,0,0,0,3,0,0,0,0,0,1,1,0,0,14,0,0,4,0,0,0,0,0,0,0,0,0,3,0,0,0,1,0,0,0,0,8,0,1,2,0,0,0,17,0,0,0,0,0,0,0,0,0,0,0,0,0,0,0,0,3,0,0,0,0,0,1,0,0,0,0,1,0,0,0,0,0,0,1,7,0,0,2,0,0,0,2,0,2,1,2,0,0,0,0,0,0,1,0,0,185,1,0,0,0,0,0,0,0,1,1,1,0,0,0,1,0,0,0,0,0,0,0,0,0,0,0,0,23,0,1,0,0,0,0,0,1,0,1,0,0,0,0,0,3,71,10,2,2,0,3,0,0,11,0,1,2,2,0,1,0,1,0,14,1,0,0,1,0,0,0,7,3,0,3,0,4,1,0,0,2,0,0,0,0,0,0,0,0,0,0,0,0,0,0,0,0,0,0,1,0,0,0,0,0,4,0,0,0,0,0,0,0,0,0,0,0,0,0,0,0,0,0,0,0,3,0,1,0,2,2,0,0,0,0,0,1,0,0,1,0,0,0,1,2,0,1,0,0,1,0,2,0,0,0,0,0,0,0,0,0,0,0,0,0,0,0,0,0,0,0,0,0,0,0,0,0,0,0,1,0,0,16,0,0,0,0,0,0,0,1,1,0,0,0,0,0,1,0,0,0,0,0,0,0,1,0,0,0,0,0,0,1,0,0,0,0,0,0,0,0,5,0,0,0,1,0,0,1,2,0,3,0,0,1,0,0,33,0,2,0,0,1,0,0,1,0,2,3,0,0,0,0,0,91,1,0,1,20,0,0,5,19,0,0,0,57,0,1,17,8,0,0,0,1,0,0,0,0,0,0,16,0,0,1,0,0,0,0,2,0,0,0,2,0,0,1,0,0,0,0,0,0,0,0,0,0,0,0,2,0,0,0,0,0,0,2,1,51,0,1,0,0,1,2,0,13,10,11,0,0,0,0,0,7,6,1,0,0,0,0,0,0,0,46,0,0,0,1,0,0,0,1,0,0,0,0,0,0,0,0,0,0,0,0,0,0,1,71,0,0,0,0,0,0,0,0,0,0,0,1,12,0,0,9,0,0,5,0,44,0,0,0,0,0,0,1,0,0,6,0
3,1120,ESCOLA ESTADUAL PROFESSOR NILO BRANDÃO,"AV JORN. ADERBAL GAERTNER STRESSER, 748",CAJURU,-25.4709655,-49.2042646,21,0,4763,3849,261,174,0,2,1,4,42,2,3,0,0,1,0,2,20,1,0,0,0,10,1,0,0,2,4,9,0,1,0,5,0,1,0,11,1,1,0,50,0,2,0,3,33,1,1,0,0,0,0,10,1,1,11,0,0,0,3,0,3,0,1,2,6,28,0,8,2,0,10,0,19,0,4,0,0,2,42,16,4,0,16,0,10,13,1,1,0,0,0,0,32,0,3,3,0,0,0,2,1,0,1,0,2,1,1,0,2,0,7,0,92,0,0,0,0,0,0,0,2,0,0,0,2,0,5,0,0,5,2,1,122,0,1,5,132,16,0,1,15,191,1,0,0,0,0,5,0,0,0,2,0,0,0,0,0,20,0,0,2,0,0,0,0,0,1,0,0,0,0,3,0,0,0,2,0,0,0,3,0,0,2,0,1,2,31,0,0,1,0,0,0,0,0,0,1,0,0,1,0,0,2,4,0,0,0,0,2,0,0,0,0,1,0,0,0,0,0,0,0,0,21,0,0,2,1,0,0,3,0,2,1,0,0,0,1,0,6,1,0,0,1,494,3,0,1,0,0,0,0,0,0,0,1,0,0,0,0,0,2,0,1,0,0,0,0,0,0,0,1,76,1,0,0,0,0,0,0,0,1,0,0,0,0,0,0,0,162,11,3,4,0,2,0,5,44,4,0,2,1,0,2,0,0,0,29,0,0,0,3,0,1,0,9,0,1,2,2,5,3,0,0,1,0,1,0,0,0,0,0,0,0,1,0,0,0,0,0,0,0,0,0,0,0,0,0,0,11,0,0,0,0,1,0,0,0,0,0,0,0,0,0,0,0,0,0,1,5,0,0,0,3,1,1,1,0,0,0,7,0,0,1,0,1,0,0,3,0,0,1,0,1,0,0,0,0,0,0,0,1,0,0,3,1,0,0,0,0,0,0,0,1,0,0,0,1,0,0,0,0,0,0,0,1,3,3,0,0,0,2,0,0,5,0,0,0,0,0,0,0,0,1,0,0,0,0,1,0,0,0,0,0,0,0,4,0,0,0,0,4,0,0,0,0,0,1,0,0,0,0,0,5,1,18,0,0,2,0,0,80,1,3,0,0,1,0,0,1,0,5,7,2,0,0,0,0,179,7,0,0,21,0,0,7,43,2,0,0,112,1,0,56,14,0,0,0,5,0,4,0,1,0,0,50,0,2,0,0,0,1,3,7,1,0,0,4,0,0,0,0,0,0,1,0,2,0,0,2,2,0,0,2,0,0,0,0,0,0,0,5,90,0,0,0,0,5,8,3,16,17,10,0,3,0,1,0,8,14,5,2,0,0,0,0,0,1,99,0,2,3,6,0,2,0,4,0,5,0,0,1,0,4,4,0,0,0,0,1,0,1,175,1,0,1,1,0,0,0,0,0,0,0,2,31,0,0,14,0,0,7,0,45,0,0,1,0,0,0,1,0,0,10,0
3,1139,ESCOLA ESTADUAL DEPUTADO OLÍVIO BELICH,"RUA ENGENHEIRO COSTA BARROS, N. 629, VILA CAMARGO",CAJURU,-25.4599911,-49.2118333,21,0,5861,4662,384,198,0,5,6,13,52,0,4,1,0,2,0,1,30,4,0,0,3,5,1,2,0,1,5,22,0,4,0,8,0,1,2,17,2,0,0,71,0,0,0,0,18,0,4,0,1,2,0,3,0,4,1,0,0,0,4,1,0,0,1,3,44,46,0,2,0,3,10,0,21,2,0,2,0,0,68,29,8,0,42,0,24,18,8,0,2,2,10,1,20,1,5,12,5,0,0,0,0,1,1,0,5,0,1,0,0,0,1,0,74,1,0,0,0,0,0,0,1,0,0,0,1,3,1,0,0,8,2,4,152,0,0,9,123,17,1,2,19,208,1,2,1,0,3,4,1,0,0,4,0,0,0,0,0,7,0,0,9,1,2,2,0,0,0,0,1,0,1,5,0,1,1,1,0,0,0,23,0,1,6,0,0,4,27,0,0,1,2,1,0,0,0,0,5,0,0,0,0,1,1,2,0,0,0,0,0,0,1,0,0,0,2,0,1,0,0,0,0,0,19,0,0,0,0,0,0,4,0,5,2,8,0,0,0,1,3,1,0,0,0,505,7,1,1,0,0,0,0,1,0,1,1,1,0,1,0,0,0,0,0,0,0,1,4,0,0,0,1,28,1,0,0,0,0,0,0,0,2,0,1,0,0,1,5,3,155,11,4,0,1,1,1,2,48,5,1,0,5,0,2,0,0,0,57,0,0,0,5,0,0,2,13,7,0,3,3,9,1,1,0,0,1,0,0,0,0,0,0,0,0,0,0,0,0,0,0,0,0,0,0,1,2,0,0,0,10,0,0,0,0,0,0,1,0,0,0,0,0,0,0,0,0,0,1,0,7,1,0,0,4,3,2,1,1,0,1,6,0,1,0,0,1,0,1,0,0,0,0,1,0,0,1,0,0,0,0,0,3,0,0,0,0,0,0,0,1,2,1,0,0,0,0,0,0,0,0,0,0,0,1,3,0,9,0,0,0,0,0,0,1,1,3,0,0,0,0,0,1,0,1,0,0,0,5,0,0,0,0,0,0,0,0,4,0,0,0,0,5,1,0,0,5,2,0,0,2,0,0,4,6,0,8,0,0,4,0,0,147,1,11,1,2,1,0,0,0,1,2,4,13,0,0,0,3,244,3,0,0,48,0,0,6,39,1,0,0,140,0,0,51,10,0,0,0,5,2,2,2,3,0,0,59,0,8,0,0,0,1,0,8,2,2,0,6,0,1,0,0,0,0,0,0,1,0,0,0,1,0,0,0,0,0,0,0,0,1,0,13,107,0,2,0,0,4,6,2,28,13,18,0,1,0,0,2,13,8,3,0,0,0,1,0,0,4,113,0,0,6,2,0,0,0,3,1,1,0,1,2,0,2,1,0,1,0,0,1,0,4,207,2,1,1,16,0,0,0,0,0,0,0,1,22,0,0,22,0,0,5,0,56,2,3,0,0,4,0,8,0,0,20,0
3,1147,ESCOLA MUNICIPAL PREFEITO OMAR SABBAG,"RUA PEDRO BOCCHINO, N. 140, VILAS OFICINAS",CAJURU,-25.450722,-49.2181567,21,0,8014,6290,459,262,0,1,6,16,79,1,4,0,0,7,0,1,53,3,0,0,0,13,0,3,0,3,2,21,5,6,1,15,0,0,3,13,2,0,0,97,2,0,0,0,54,0,6,0,0,0,0,6,0,7,18,0,0,3,14,1,1,0,0,2,45,68,0,8,0,26,15,1,28,1,11,3,0,0,80,27,27,0,62,2,24,17,8,4,1,0,5,0,50,8,5,3,2,1,0,2,0,1,1,0,1,1,3,0,0,0,1,1,125,0,0,0,0,1,0,0,3,0,0,0,3,4,1,0,7,9,0,5,274,0,3,5,153,16,1,1,18,268,4,0,0,0,0,8,2,0,0,4,0,0,0,0,0,42,0,0,3,1,0,0,0,0,2,0,4,0,12,6,1,0,2,1,0,0,0,15,5,0,2,0,0,4,38,0,0,0,2,1,3,0,0,0,1,2,0,0,0,0,0,6,0,0,0,0,0,0,0,0,0,3,1,0,2,0,0,0,0,0,16,0,0,5,0,0,1,7,0,3,1,1,0,0,0,0,2,0,3,0,0,589,4,1,0,0,0,0,0,0,1,1,3,1,0,0,0,0,0,0,1,0,0,0,1,0,0,0,0,53,3,0,0,0,0,0,0,0,1,0,0,0,0,0,2,4,195,17,1,0,1,4,0,5,56,2,0,2,1,2,3,0,0,3,102,2,0,0,4,0,1,0,60,7,0,2,2,11,4,0,0,2,0,0,0,0,0,0,1,0,0,0,0,1,0,0,0,1,0,0,4,0,0,0,0,0,12,0,0,0,0,0,0,0,0,0,0,0,0,0,1,0,0,0,0,3,6,1,2,0,4,1,2,2,0,0,1,7,0,1,1,0,2,0,3,0,0,1,0,1,1,1,0,0,0,0,0,0,0,0,0,0,1,0,0,0,0,1,0,0,0,0,0,0,1,0,0,0,0,0,0,0,0,137,0,1,0,0,1,0,2,9,2,0,1,0,0,0,0,0,0,0,1,0,0,0,0,0,0,0,0,0,0,5,0,0,0,0,3,0,0,0,0,0,2,1,2,0,0,9,6,0,22,1,0,1,0,2,157,0,6,0,0,2,0,1,0,2,3,12,5,2,0,1,2,287,4,0,1,28,1,0,9,54,0,0,0,142,0,0,43,39,0,0,0,8,0,11,3,3,0,0,81,0,1,1,3,0,0,1,6,0,0,1,11,0,0,1,0,0,1,0,0,0,0,0,0,0,0,0,4,0,0,0,0,0,1,0,8,157,0,5,0,1,14,7,1,36,35,40,1,0,0,0,1,14,15,3,3,0,0,4,1,0,1,115,0,0,5,9,3,0,0,0,1,1,0,0,0,0,1,5,0,0,1,0,2,2,0,334,0,0,1,7,0,0,0,0,0,0,0,1,27,0,0,21,0,2,7,0,149,0,0,0,0,1,0,3,0,0,36,0
3,1155,ESCOLA ESTADUAL SANTA ROSA,"RUA AMÍLTON PORTUGAL PEREIRA, 515, SOLITUDE",CAJURU,-25.4759929,-49.1948777,21,0,3867,3007,305,140,0,2,4,3,24,0,4,0,0,3,0,0,24,2,0,0,0,4,0,0,0,3,1,13,0,0,0,7,0,0,0,2,1,0,1,70,0,1,1,0,37,0,1,3,0,0,0,2,0,5,2,0,0,0,2,0,0,0,0,1,9,24,0,4,0,0,8,0,9,0,5,3,2,0,19,13,2,0,32,0,7,11,4,1,9,0,0,0,4,1,1,12,0,1,0,1,0,1,2,0,1,3,3,0,0,1,18,1,37,1,0,0,0,0,0,0,0,0,0,0,1,2,2,0,0,9,1,5,106,0,0,6,78,20,0,0,10,91,0,0,0,4,2,9,0,0,0,1,0,0,0,0,0,13,0,0,2,0,0,0,0,0,0,0,1,0,0,4,0,2,0,0,0,0,1,5,1,0,2,1,0,1,16,1,0,0,0,0,0,0,1,0,1,2,0,0,0,1,0,1,0,1,0,1,1,0,0,0,0,0,0,0,1,0,0,0,0,0,12,0,0,2,0,0,0,2,0,1,0,1,1,0,0,0,5,0,0,0,0,178,1,0,0,0,0,0,0,0,0,0,1,0,0,1,0,0,0,0,0,1,0,2,0,0,0,0,0,32,3,0,0,0,0,0,0,1,3,0,0,0,0,0,0,1,96,5,0,0,0,2,0,1,34,2,1,1,1,0,0,0,2,0,35,0,0,0,0,0,0,0,10,0,0,2,0,11,0,0,0,1,0,0,0,0,0,0,0,0,0,0,0,0,0,0,0,0,0,0,0,0,0,0,0,0,3,0,0,0,0,0,0,0,0,0,0,0,0,0,0,0,0,0,0,0,3,0,2,0,1,0,1,0,0,2,0,3,0,2,0,0,0,0,0,0,0,0,0,0,1,0,0,0,0,0,0,0,0,0,0,0,0,0,0,1,0,0,0,0,0,0,0,0,0,0,0,0,0,0,0,0,0,2,0,2,0,0,0,0,2,2,0,0,0,0,0,0,1,2,0,0,0,0,1,0,0,0,0,1,0,0,0,1,0,0,0,0,0,0,0,0,1,0,0,0,0,1,0,3,7,0,14,0,0,1,0,1,50,0,1,0,0,2,1,0,0,1,6,4,0,0,0,0,1,136,3,1,0,19,0,0,2,19,0,0,0,98,0,0,43,8,0,0,0,6,1,2,0,3,0,0,43,0,6,0,0,0,0,1,1,0,0,0,1,0,0,1,0,0,0,0,0,1,0,0,0,0,0,0,0,0,0,0,0,0,3,0,5,64,0,0,0,0,4,7,1,50,20,6,0,2,1,0,0,55,6,2,0,0,0,1,0,0,1,95,0,2,1,1,0,8,0,0,1,1,0,0,0,0,0,7,0,0,0,2,0,2,1,242,1,0,0,0,0,0,0,0,1,0,0,1,40,0,0,13,0,0,3,1,38,0,0,0,0,0,0,5,1,1,11,1
3,1163,COLÉGIO ESTADUAL SENHORINHA DE MORAES SARMENTO,"RUA CATULO DA PAIXÃO CEARENSE, N. 1000, CENTENÁRIO",CAJURU,-25.4645076,-49.2046715,21,0,9783,7588,646,308,0,10,8,13,89,3,7,1,3,5,1,1,52,3,1,0,0,3,2,3,1,2,6,25,8,2,2,26,1,2,1,12,2,0,0,139,2,4,1,0,85,0,3,2,2,1,0,5,0,2,6,0,0,0,1,0,0,0,1,2,44,66,1,6,0,5,18,0,34,0,4,7,1,0,82,27,6,0,116,0,29,23,23,0,0,2,2,1,28,3,4,16,3,0,0,2,1,1,1,0,5,2,1,0,3,1,6,5,142,2,2,0,0,0,0,0,0,0,1,0,0,8,3,2,1,17,1,10,311,0,2,8,208,44,1,3,20,261,3,1,0,1,0,12,0,0,0,2,2,1,0,0,0,33,0,0,12,0,0,0,0,0,1,0,2,1,1,1,1,2,0,1,0,0,0,31,2,0,5,0,1,5,53,0,0,1,1,0,0,0,0,0,9,3,0,0,3,0,4,10,0,0,0,3,1,0,1,1,0,0,3,0,2,0,0,0,0,1,12,0,0,2,0,0,0,16,0,6,2,12,1,0,0,0,2,2,2,0,0,594,1,0,1,0,0,1,0,0,1,3,4,5,1,1,1,0,1,0,0,0,0,1,0,0,0,0,3,68,1,0,0,0,0,0,0,0,8,0,0,0,0,2,2,5,207,13,8,2,2,8,1,1,69,8,1,2,1,1,8,0,0,4,90,0,0,0,3,0,0,5,26,5,0,4,5,45,2,2,1,3,0,0,0,0,0,0,0,0,0,0,0,0,0,0,0,0,0,0,1,1,0,0,0,0,2,0,0,0,0,1,0,0,0,0,0,0,0,0,0,0,0,1,0,0,3,1,1,0,6,3,1,2,1,0,2,5,0,1,9,0,0,0,0,0,0,0,0,0,1,1,0,0,0,0,0,0,0,0,0,1,1,0,1,0,0,1,1,0,0,2,0,1,1,0,0,0,0,0,0,1,0,11,0,5,0,1,1,1,2,11,1,2,0,0,0,0,0,0,1,0,0,0,1,1,0,0,0,0,0,2,0,6,0,0,4,0,14,0,0,0,6,1,0,0,1,0,2,7,21,2,31,0,0,3,0,3,240,0,8,0,0,3,2,0,0,1,3,8,5,0,0,0,2,337,4,1,0,62,0,0,17,29,0,0,0,190,0,1,190,47,0,1,0,11,2,8,0,5,1,0,107,0,7,0,1,1,1,0,6,2,0,0,10,0,0,2,0,0,3,1,0,1,2,0,0,3,0,0,3,0,0,0,0,0,3,0,13,176,0,1,0,4,7,14,1,46,41,41,0,2,1,1,1,16,24,14,2,0,0,4,0,1,7,175,0,1,5,13,0,1,1,3,0,4,0,1,0,0,5,8,0,1,0,0,2,1,1,535,0,1,0,9,0,0,0,0,0,0,0,4,73,2,0,46,0,2,3,0,90,0,0,1,0,0,0,2,0,0,20,0
3,1198,ESCOLA MUNICIPAL PROFESSOR ENÉAS MARQUES DOS SANTOS,"RUA OSMÁRIO DE LIMA, N. 100",CAPAO DA IMBUIA,-25.433934,-49.2188575,20,0,3968,3165,166,98,0,2,4,7,33,0,1,0,0,3,0,0,21,3,0,0,0,6,0,0,0,2,3,17,3,2,1,6,1,1,0,9,3,0,0,36,1,1,0,0,7,0,5,3,0,0,0,2,0,4,6,0,0,0,4,0,1,1,4,1,5,18,0,11,0,5,14,0,15,1,0,1,0,0,41,12,0,1,26,0,5,3,3,1,1,1,2,0,11,2,1,3,0,0,0,4,0,0,1,0,0,1,3,0,0,0,0,1,81,0,0,0,0,1,0,0,0,0,0,0,1,2,2,0,3,1,2,0,99,0,0,5,122,4,1,0,3,151,0,0,0,1,1,10,4,0,0,2,0,0,0,0,0,28,0,0,2,0,0,0,0,0,1,2,0,1,2,4,0,0,3,0,0,0,1,1,1,0,4,0,0,4,36,1,0,1,0,0,0,0,0,0,0,0,0,0,0,0,0,4,0,1,0,0,3,1,1,0,0,2,3,0,1,0,0,0,0,1,7,0,0,2,1,0,0,10,0,1,0,9,0,0,1,0,3,1,0,0,0,414,2,1,1,0,0,1,0,1,0,0,3,1,0,2,0,0,0,0,0,0,0,0,0,0,0,1,1,17,3,0,0,0,0,0,0,0,0,0,0,0,0,0,1,2,139,12,2,0,0,1,0,1,22,1,0,1,3,0,8,0,0,0,28,1,0,2,2,0,0,0,11,4,0,0,1,1,0,0,0,0,0,0,0,0,0,0,0,0,0,0,0,0,0,0,0,0,1,0,0,0,0,0,0,0,4,0,0,0,0,0,0,0,8,1,0,1,0,0,0,0,0,0,0,0,14,0,0,0,2,3,0,0,0,0,0,3,0,0,0,0,2,0,0,0,0,0,0,0,0,0,0,0,0,0,0,0,0,0,0,0,0,0,0,0,1,0,0,0,0,0,0,0,0,0,0,0,0,0,0,0,0,7,0,0,0,0,0,2,1,14,0,0,0,0,0,0,2,3,0,0,0,0,0,0,0,0,0,0,0,0,0,10,0,0,0,0,2,0,0,0,0,0,0,0,0,0,0,2,4,1,24,1,0,1,0,5,31,0,0,0,0,3,1,0,0,0,5,11,4,0,0,0,0,174,9,0,0,15,1,0,1,20,1,0,0,85,1,0,22,9,0,0,0,0,3,4,1,1,0,0,43,1,0,0,1,0,1,1,6,1,0,0,4,0,0,1,0,0,0,0,0,0,0,0,0,1,0,0,1,0,0,0,0,0,0,0,3,108,0,0,0,1,1,3,0,21,7,4,1,0,0,0,0,15,4,2,5,0,0,1,0,0,3,62,0,0,3,1,0,0,0,0,2,0,0,0,0,0,3,1,0,0,0,0,0,0,0,225,1,0,1,0,0,0,0,0,0,0,0,1,10,0,0,15,0,2,3,0,74,0,0,0,0,0,0,3,0,2,3,0
3,1201,ESCOLA MUNICIPAL C.E.I. EVA DA SILVA,"RUA FREDERICO STADLER JÚNIOR, N. 1670",CAPAO DA IMBUIA,-25.4412945,-49.2052541,20,0,5216,4240,290,181,0,1,3,9,49,1,1,0,0,7,0,1,30,0,0,1,0,5,0,1,0,1,3,16,2,2,0,12,0,6,4,11,3,0,0,52,2,1,0,2,22,1,1,1,0,0,0,0,2,3,1,0,0,1,12,0,0,0,0,5,7,48,0,5,0,2,5,0,20,0,1,6,0,0,43,20,2,0,39,0,6,8,3,1,0,0,0,0,37,2,3,1,3,3,0,4,0,0,1,1,0,2,3,0,0,0,0,0,80,0,0,0,0,0,0,0,1,0,0,0,0,0,2,0,2,6,0,1,164,0,0,3,99,7,0,1,19,150,1,0,0,0,2,10,2,0,0,2,1,0,0,0,0,19,0,0,4,1,0,1,0,3,1,0,0,0,1,5,0,0,0,0,0,0,0,8,0,0,4,1,0,8,26,0,0,3,0,0,0,0,0,0,1,0,0,1,0,0,0,3,0,0,0,0,0,0,0,0,0,0,5,1,0,0,0,0,0,0,8,0,0,0,1,0,0,3,0,1,1,10,0,0,0,0,3,0,3,0,0,320,1,2,0,1,0,0,0,0,2,0,6,0,0,0,0,0,0,0,0,2,0,0,0,0,0,0,0,14,0,0,0,0,0,0,0,2,3,0,0,0,0,0,0,2,137,18,2,3,0,2,0,6,44,0,2,2,0,2,15,1,0,2,94,1,0,0,5,0,0,0,26,6,1,5,1,1,1,0,0,1,0,0,0,0,0,0,0,0,0,0,0,0,0,0,0,0,0,0,0,0,0,0,0,0,10,0,0,0,0,0,0,0,1,0,0,0,0,0,0,0,0,0,1,0,3,0,0,0,5,0,0,1,1,0,0,10,0,0,2,0,0,0,0,0,1,0,0,2,2,0,1,0,0,0,0,0,0,0,0,0,0,0,0,0,0,0,0,0,0,0,0,0,0,0,0,0,0,1,0,0,1,18,0,0,0,0,0,0,1,13,0,0,0,0,0,0,0,0,1,0,0,0,0,0,0,1,0,0,0,0,0,6,0,0,0,0,2,0,0,0,1,0,0,0,0,0,0,9,5,0,49,2,0,3,0,1,60,0,0,0,0,4,0,3,1,2,6,11,2,0,0,0,1,197,6,0,1,25,0,0,3,25,2,0,1,105,0,0,17,16,0,3,0,2,1,7,1,1,0,0,49,0,1,0,0,0,0,2,1,0,0,0,3,0,0,0,0,0,1,0,0,0,0,0,0,0,0,0,1,0,0,0,0,0,0,0,5,101,0,0,0,0,3,12,0,26,18,87,0,0,0,1,2,15,11,3,2,0,0,1,0,0,0,80,0,0,3,1,0,0,0,2,0,5,0,0,0,0,4,9,0,1,1,0,0,1,1,580,1,0,1,5,0,0,0,2,1,0,0,0,17,0,0,10,0,1,6,0,49,0,0,0,0,0,0,3,0,7,13,0
3,1210,COLÉGIO ESTADUAL PROFESSORA MARIA AGUIAR TEIXEIRA,"AV PRESIDENTE AFFONSO CAMARGO, N. 3463",CAPAO DA IMBUIA,-25.4395174,-49.2278613,20,0,6814,5373,302,207,0,0,4,8,69,0,5,1,1,2,0,1,33,2,0,0,0,10,0,2,1,1,3,15,1,3,1,9,0,1,0,10,2,1,1,53,0,1,3,1,17,0,6,0,0,0,0,6,0,10,8,1,0,0,12,0,0,0,2,6,20,51,0,5,0,7,17,0,23,0,2,3,0,0,49,42,8,1,34,0,9,7,3,0,0,3,1,0,59,3,9,2,0,0,0,1,0,0,0,0,5,2,1,0,1,1,0,0,92,0,0,0,1,0,0,0,1,0,0,0,2,1,2,0,6,4,2,0,164,0,0,4,210,9,1,1,6,336,2,0,0,0,2,13,0,0,0,4,2,0,0,0,0,33,0,0,2,0,0,2,0,2,0,0,0,1,2,2,0,0,2,0,0,0,0,5,1,0,1,1,0,5,49,0,0,2,1,2,0,0,0,0,3,2,0,0,0,0,3,2,0,0,0,2,0,1,0,0,0,0,3,0,1,0,0,0,0,0,4,0,0,3,2,1,0,6,0,4,1,12,0,0,1,3,1,2,2,0,0,720,5,0,0,0,0,3,4,1,1,1,12,1,1,0,1,0,0,0,0,0,0,0,0,0,0,2,1,37,0,0,0,0,0,0,0,3,0,0,0,0,0,0,8,14,255,15,0,2,1,2,2,8,47,4,1,2,2,0,11,2,2,1,76,1,0,0,2,0,0,4,21,16,0,6,1,1,0,0,0,1,1,0,0,4,0,0,0,0,0,0,0,0,0,0,0,0,0,0,0,2,0,0,0,0,20,0,0,0,0,0,0,1,3,0,0,0,0,0,0,0,0,0,0,2,7,4,4,0,14,5,3,1,0,0,1,8,0,2,5,0,1,0,0,0,0,0,0,0,2,1,2,0,0,0,0,0,1,1,0,0,0,0,0,0,0,0,0,0,0,1,0,0,0,0,1,0,0,0,2,0,0,8,0,0,0,0,0,1,5,11,0,0,0,0,1,0,0,0,0,0,0,0,4,0,0,0,0,0,0,0,0,15,0,0,0,0,6,0,0,0,1,0,0,1,1,1,2,6,12,0,26,1,0,2,0,3,57,0,2,0,5,1,0,0,0,0,4,9,4,0,0,0,0,298,10,1,1,31,0,0,3,36,1,0,0,130,1,0,20,15,0,5,0,3,0,8,1,3,0,0,85,0,5,3,4,0,0,9,5,0,0,1,2,0,0,2,0,0,0,0,1,2,0,0,0,0,0,0,1,0,0,0,0,0,2,2,6,126,0,1,0,0,0,13,1,39,12,13,3,0,0,2,2,14,14,3,2,0,0,4,7,1,3,106,0,2,8,12,1,1,0,4,0,5,0,0,1,0,5,1,0,0,1,1,1,0,0,241,3,0,1,2,0,0,0,0,0,0,0,1,20,0,0,17,0,1,4,0,148,0,0,1,0,4,0,2,0,0,5,0
3,1228,ESCOLA MUNICIPAL GUILHERME LACERDA BRAGA SOBRINHO,"RUA SIMÃO BRANTE, N. 1735",UBERABA,-25.4920289,-49.223117,37,0,1924,1584,106,68,0,0,2,1,10,0,3,0,1,1,0,0,10,1,0,0,0,4,0,0,0,0,1,8,2,0,0,4,2,1,0,3,1,0,0,13,0,0,0,0,4,0,1,0,8,0,0,1,0,4,1,0,0,0,3,0,0,0,0,3,4,17,0,1,0,0,3,0,5,0,1,0,0,0,12,5,0,1,30,0,6,19,1,0,1,0,0,0,10,2,0,0,0,0,0,0,0,0,0,0,0,2,0,0,0,1,0,0,39,0,0,0,0,0,0,0,0,0,0,0,0,0,1,0,0,3,3,0,64,0,0,1,45,2,0,0,5,70,0,0,0,0,0,0,0,0,0,0,0,0,0,0,0,18,0,0,0,0,0,0,0,0,0,0,0,0,0,2,0,0,1,0,0,0,0,1,0,0,0,0,1,0,21,0,0,0,0,0,0,0,0,0,1,0,0,0,0,0,0,0,0,0,0,0,0,0,0,0,0,0,0,0,0,0,0,0,0,1,16,0,0,0,0,0,0,0,0,2,3,0,0,0,0,0,0,0,5,0,0,217,0,1,0,0,0,0,0,0,1,1,0,0,1,0,1,0,0,0,0,0,0,0,0,0,0,0,2,4,1,0,0,0,0,0,0,7,0,0,0,0,0,0,1,0,53,5,1,0,0,4,0,0,11,1,0,0,0,0,3,0,0,0,10,0,0,0,1,0,0,0,13,1,0,1,0,2,2,0,0,2,0,0,0,0,0,0,0,0,0,0,0,0,0,0,0,0,0,0,0,0,0,0,0,0,6,0,0,0,0,0,0,0,0,0,0,0,0,0,0,0,0,0,0,0,3,0,1,0,5,2,3,0,0,0,2,3,0,0,2,2,0,0,0,2,0,0,0,0,0,0,0,0,0,0,0,0,3,0,0,0,0,0,0,0,0,0,0,0,0,0,0,0,0,3,0,0,0,0,0,0,0,1,0,1,0,0,0,0,0,0,0,0,0,0,0,0,0,0,0,0,0,0,0,0,0,0,0,0,0,0,0,0,0,0,0,0,1,0,0,0,0,0,0,0,0,0,0,4,4,0,5,0,0,2,0,0,32,0,1,0,0,0,0,0,0,1,0,1,0,0,0,0,1,92,0,0,0,9,0,0,1,13,0,0,0,41,0,0,3,14,0,1,0,2,0,3,0,0,0,0,22,0,1,0,0,0,0,3,0,0,0,0,1,0,0,0,0,0,0,0,1,1,0,0,0,1,0,0,0,0,0,0,0,0,0,0,7,65,0,1,0,0,0,2,1,10,8,7,1,0,1,4,1,5,4,0,0,0,0,0,0,0,1,52,1,0,1,2,0,0,0,1,0,0,0,0,0,0,1,0,0,0,0,0,0,0,0,26,0,0,0,1,0,0,0,0,0,0,0,1,17,2,0,5,0,0,4,0,5,0,0,0,0,1,0,4,0,0,2,0
3,1465,COLÉGIO ESTADUAL ALFREDO PARODI,"RUA ESPIRIDIÃO KALLUF, 125, JARDIM CENTAURO",UBERABA,-25.4939276,-49.2099997,37,0,5774,4508,367,183,0,0,2,6,47,3,4,1,0,3,0,0,35,1,0,0,0,12,0,0,2,2,6,14,2,5,1,9,1,1,1,10,1,0,0,58,0,0,2,2,22,2,1,0,2,0,0,6,0,2,8,0,0,0,4,0,0,1,1,4,17,62,0,5,0,9,14,2,18,0,1,3,0,0,40,23,2,0,54,0,10,12,6,2,0,0,0,0,26,11,1,2,0,1,0,2,5,0,0,0,2,0,3,0,1,1,4,2,89,2,1,0,0,0,0,0,0,0,0,0,0,2,0,1,0,5,2,1,202,0,0,10,148,4,0,0,14,196,3,0,0,1,1,2,0,0,0,2,0,1,0,0,1,31,1,0,4,0,0,1,0,0,0,0,0,0,2,1,0,5,0,2,0,0,0,2,8,1,1,0,0,6,28,0,0,1,1,1,0,0,0,0,1,0,0,0,0,0,15,2,0,0,0,1,0,2,1,0,0,0,1,0,0,1,0,0,0,1,19,0,0,1,0,0,0,3,0,2,1,2,2,0,0,0,0,3,9,0,1,585,0,0,0,0,0,2,2,2,1,0,3,0,1,0,1,1,3,0,0,0,0,0,0,0,0,0,2,11,3,0,0,0,0,0,0,2,1,0,0,0,0,0,1,12,153,12,1,0,2,34,2,2,66,2,0,0,2,0,1,0,0,0,57,0,0,0,7,0,0,2,45,0,0,2,0,6,4,0,0,2,1,0,1,0,0,0,0,0,0,0,0,0,0,0,0,0,0,0,0,0,0,0,0,0,17,0,0,0,0,1,0,0,0,0,0,2,0,0,0,0,0,0,0,1,6,5,2,0,7,4,1,0,3,0,4,6,0,1,2,0,0,0,1,1,0,0,0,0,2,2,1,0,0,0,0,0,0,2,0,0,0,0,0,0,0,0,0,0,2,0,0,1,0,0,0,0,0,0,0,0,0,0,1,2,0,1,0,0,1,3,0,0,0,0,0,0,0,0,0,0,0,0,0,0,0,0,0,0,0,0,0,4,0,0,0,0,3,0,0,0,0,0,0,0,0,0,0,5,7,1,4,2,0,3,0,1,89,0,4,0,1,2,2,0,0,6,6,5,4,0,0,0,0,243,2,0,0,33,0,0,4,56,1,1,0,91,2,1,47,19,0,1,0,9,1,10,1,2,2,0,71,1,2,0,3,3,1,2,4,1,0,0,2,0,0,0,0,0,1,0,0,2,0,0,0,0,0,0,1,0,0,0,0,0,1,0,15,119,1,2,0,0,5,7,0,36,27,7,0,2,0,1,2,19,11,11,8,1,0,0,0,1,2,102,0,0,4,5,0,1,0,2,0,4,0,0,0,0,3,1,0,0,3,1,1,0,1,83,0,1,0,1,0,1,0,0,0,0,0,2,40,0,0,11,1,0,4,1,27,0,0,2,0,1,0,4,0,2,6,0
3,1473,COLÉGIO ESTADUAL CONSELHEIRO CARRÃO,"RUA DOUTOR SIMÃO KOSSUBUDSKI, N. 165",UBERABA,-25.4970931,-49.2180592,37,0,4627,3654,342,144,0,3,6,3,61,4,3,1,2,7,1,2,33,3,0,0,0,2,0,0,0,3,1,17,3,2,0,6,1,0,4,14,0,0,0,50,1,2,0,0,37,0,1,0,7,0,0,4,0,0,1,0,0,0,4,0,0,0,0,2,12,47,0,4,0,5,17,2,12,0,1,3,0,1,32,17,2,0,73,1,1,17,6,0,3,0,1,0,29,5,2,3,1,0,0,1,0,0,2,0,0,0,3,0,0,1,2,1,78,10,0,0,0,0,1,0,0,1,0,0,0,0,1,0,0,1,0,1,139,0,0,5,99,2,2,1,8,126,0,0,0,4,1,9,0,0,0,0,0,0,0,0,0,39,0,0,3,0,0,0,0,1,0,0,1,0,2,2,0,3,0,0,0,0,0,3,5,2,1,0,0,1,33,0,0,0,0,0,0,0,1,0,1,0,0,0,0,0,2,3,0,0,0,0,0,0,0,0,0,0,0,0,0,0,0,0,0,0,27,0,0,0,0,0,1,9,0,3,0,0,1,0,1,0,0,0,49,0,0,335,1,0,0,0,0,0,0,0,2,4,1,0,0,0,0,0,6,0,0,0,0,0,0,0,0,1,0,22,2,2,1,0,0,0,0,0,0,0,0,0,0,0,3,5,96,8,1,1,0,19,0,1,41,3,0,0,1,0,4,0,0,2,22,1,0,0,3,0,1,2,28,0,0,2,0,4,0,0,0,0,0,0,0,0,0,0,0,0,1,0,0,0,0,0,0,0,0,0,0,0,0,0,0,0,5,0,0,0,1,0,0,0,0,1,0,4,0,0,0,0,1,0,0,0,0,2,2,0,1,0,1,0,1,0,0,6,0,1,1,0,0,0,0,0,2,0,0,0,0,1,0,0,3,0,0,3,0,0,0,0,0,0,0,0,0,1,1,0,0,0,0,0,0,0,1,0,0,0,3,0,1,3,0,5,0,0,1,0,5,0,0,1,0,0,0,0,0,0,1,0,0,0,0,0,0,0,0,0,2,0,0,3,0,0,1,0,0,0,0,0,0,0,1,0,1,1,0,4,5,6,8,1,0,1,0,0,116,0,2,0,0,1,0,0,0,1,4,8,1,0,0,0,0,210,3,3,0,22,0,0,3,37,0,0,0,137,1,1,37,21,0,1,0,7,0,13,0,1,0,0,44,0,0,0,0,1,0,1,3,0,0,0,1,0,0,0,1,0,0,0,0,0,0,0,0,1,0,0,3,0,0,0,0,0,0,0,8,94,0,0,0,0,4,11,0,17,26,11,1,0,0,1,1,1,9,9,1,0,0,0,0,0,3,106,0,0,3,3,0,1,0,0,0,2,0,0,0,0,2,1,0,1,1,0,1,0,0,70,1,5,0,1,0,0,0,0,0,0,0,0,36,0,0,18,0,1,1,0,13,1,0,0,0,0,0,5,0,0,13,0
3,1481,ESCOLA MUNICIPAL DONA LULA,"RUA ELIAS MOYSES SCHELELA, N. 570",UBERABA,-25.4860754,-49.2263022,37,0,2108,1730,116,74,0,1,1,1,22,0,2,1,1,1,1,0,11,1,0,0,0,4,0,0,0,2,0,7,0,1,0,7,0,1,0,13,1,0,0,18,0,1,0,1,6,0,1,0,0,0,0,1,0,2,1,0,0,0,3,0,0,0,0,4,2,14,0,4,0,1,4,1,5,0,0,2,0,0,13,8,1,0,46,0,0,5,1,0,0,0,0,0,10,4,0,3,0,0,0,0,0,0,1,1,1,1,0,0,0,0,0,0,21,2,0,0,0,0,0,0,0,0,0,0,0,3,0,0,0,4,0,2,43,1,0,0,65,1,0,0,1,93,0,1,0,0,1,0,0,0,0,2,0,0,0,0,0,7,0,0,0,0,0,0,0,0,0,0,1,0,0,5,0,2,1,0,0,0,0,0,1,0,0,0,2,3,20,0,0,0,0,3,0,0,0,0,0,0,0,0,0,0,2,2,0,0,0,0,0,1,1,0,0,0,0,1,1,0,0,0,0,0,8,1,0,2,0,0,0,2,0,0,0,0,1,0,0,0,0,0,0,0,0,219,2,0,0,0,0,0,0,2,0,3,0,0,0,0,0,0,1,0,0,0,0,0,0,0,0,0,0,13,0,0,0,0,0,0,0,0,0,0,0,0,0,0,1,4,70,3,0,0,1,0,2,1,19,0,0,0,0,0,1,1,0,3,17,0,0,0,4,0,1,1,11,0,0,2,1,1,2,3,0,0,0,0,0,0,0,0,0,0,0,0,0,0,0,0,0,0,0,0,2,0,0,0,0,0,6,0,0,0,0,0,0,0,0,0,0,0,0,0,0,0,0,0,0,0,1,0,1,0,6,2,0,1,0,0,0,6,0,0,1,0,0,0,0,0,2,1,0,0,0,0,0,0,0,0,0,0,0,0,0,0,0,0,0,0,1,0,0,0,0,0,0,0,0,1,0,0,0,0,0,0,0,2,0,0,0,0,0,0,2,0,0,0,0,0,0,0,0,0,0,0,0,0,0,0,0,0,0,0,0,0,0,1,1,0,0,0,0,0,0,0,0,0,0,0,0,0,0,1,3,0,1,0,0,0,0,0,26,0,0,0,0,0,0,0,0,0,1,2,6,0,0,0,0,102,2,0,0,43,0,0,0,15,0,0,0,39,0,0,7,9,0,0,0,4,1,9,0,2,0,0,21,0,0,3,1,1,0,0,1,0,0,0,4,0,1,0,0,0,0,0,0,2,0,0,0,1,0,0,1,0,0,0,0,0,0,0,5,56,0,0,0,0,1,2,0,4,3,8,0,0,0,0,0,3,3,3,1,0,0,0,0,0,0,60,0,0,2,4,0,0,0,0,0,6,0,0,0,0,4,0,0,0,0,0,0,0,0,31,1,0,0,2,0,0,0,0,0,0,0,4,19,1,0,5,0,0,2,0,13,0,0,0,0,0,0,5,0,0,5,0
3,1490,ESCOLA MUNICIPAL PROFESSORA DONATILA CARON DOS ANJOS,"RUA ALVORADA, N. 460, CANAL BELEM",UBERABA,-25.4785787,-49.2395903,37,0,2291,1867,205,86,0,0,0,3,24,0,3,2,0,0,1,0,23,0,0,0,0,5,1,0,1,1,3,3,1,0,0,7,0,1,0,1,0,0,0,15,0,1,0,3,10,0,0,0,0,0,0,0,0,2,2,0,0,1,3,0,0,0,0,4,5,25,0,10,0,1,10,0,8,0,0,0,0,0,16,16,2,1,20,0,8,3,1,0,2,0,0,0,14,12,3,0,1,0,0,0,1,0,1,0,0,0,1,0,0,0,0,0,54,4,1,0,0,1,0,0,0,0,0,0,0,0,2,0,0,7,2,0,66,0,2,2,35,2,0,0,7,71,0,0,0,0,0,2,0,0,1,0,0,0,0,0,1,10,0,0,1,0,0,1,0,0,0,0,0,0,0,7,0,0,0,1,0,0,0,2,2,0,0,0,0,1,16,0,0,1,0,0,0,0,1,0,0,0,0,0,0,1,2,0,0,0,0,0,0,0,1,0,0,0,0,0,0,0,0,0,0,0,6,0,0,0,1,0,0,0,0,1,0,0,1,0,0,0,0,0,4,1,0,189,1,0,2,0,0,2,0,0,0,0,1,0,0,0,0,2,0,0,0,0,0,0,0,0,0,0,1,15,1,0,0,0,0,0,0,0,0,0,0,1,0,0,0,3,60,8,0,0,0,1,0,1,15,0,0,0,2,0,1,1,0,0,14,1,0,0,7,0,0,0,9,0,0,0,0,1,1,0,0,0,0,0,0,0,0,0,0,0,0,0,0,0,0,0,0,0,0,0,0,0,0,0,0,0,5,0,0,0,0,0,0,0,0,0,0,0,0,0,0,0,0,0,0,0,2,1,0,0,3,0,0,0,0,0,0,9,0,0,1,0,0,0,0,0,0,4,0,0,1,0,0,0,0,0,0,0,0,0,0,1,0,0,0,0,0,0,0,0,0,0,0,0,0,0,0,0,0,0,0,0,0,0,0,0,0,0,2,0,6,4,0,0,0,0,0,0,0,0,4,0,0,0,0,0,0,0,0,1,0,0,0,4,0,0,0,0,0,0,0,0,0,0,0,0,1,0,0,1,1,0,9,0,0,0,0,0,47,0,2,1,0,0,0,1,0,0,0,8,1,0,0,1,0,92,0,0,0,17,0,0,1,21,0,0,0,36,0,0,17,8,0,1,0,4,0,4,1,0,0,0,34,0,0,1,0,1,0,0,0,0,0,0,4,1,0,0,0,0,0,0,0,1,0,0,0,0,0,0,1,0,0,0,0,0,3,0,3,68,0,1,0,0,3,1,1,4,4,4,0,0,0,0,5,1,4,6,1,0,0,0,0,0,1,64,0,1,1,2,0,0,0,0,1,0,0,0,0,0,1,1,0,0,0,0,0,0,0,30,0,2,0,2,0,0,2,0,1,0,0,3,4,1,0,17,0,0,2,0,13,1,0,0,0,0,0,2,0,0,6,0
3,1503,ESCOLA MUNICIPAL C.E.I. ISSA NACLI,"RUA CAPITÃO LEÔNIDAS MARQUES, N. 2147, UBERABA DE CIMA",UBERABA,-25.4820981,-49.2133185,37,0,5559,4605,258,161,0,4,5,6,56,1,2,0,0,3,2,1,44,2,0,0,0,23,0,1,0,1,2,18,2,13,0,9,0,0,3,9,1,0,0,56,0,3,1,2,17,0,3,0,1,0,0,2,0,3,15,0,0,0,7,1,0,2,1,2,10,69,0,7,0,3,17,1,27,0,5,3,0,2,30,29,2,1,49,0,16,6,8,1,6,0,1,0,34,0,11,7,0,1,0,2,0,0,4,0,4,0,3,0,1,1,1,0,112,3,0,1,0,0,0,0,1,1,1,0,4,0,0,1,0,4,2,4,153,0,0,7,171,6,0,3,19,224,2,1,0,1,0,9,0,1,0,0,1,0,1,0,1,26,0,0,6,1,0,0,1,1,0,0,0,0,0,4,0,5,0,2,0,0,0,7,3,0,4,0,1,4,42,1,0,0,0,2,0,0,0,0,4,1,0,0,0,0,4,2,0,1,0,1,1,0,0,0,0,1,0,0,3,2,0,0,0,0,18,0,0,2,0,0,0,8,0,1,4,0,0,0,0,1,2,0,8,0,0,662,2,1,1,0,0,2,3,0,3,0,2,1,1,0,0,0,4,0,0,0,0,1,0,0,0,0,2,41,2,1,0,0,0,0,0,1,0,0,1,0,0,0,7,3,219,17,0,1,2,14,0,1,44,3,0,2,3,0,2,0,0,1,40,1,0,0,8,0,0,1,25,3,0,0,0,1,2,1,0,2,0,0,0,0,0,0,0,0,0,0,0,0,0,0,1,0,0,0,0,0,0,0,0,0,16,0,0,0,0,1,0,0,0,0,0,5,0,0,0,0,0,0,0,0,13,3,5,1,15,1,2,0,0,0,1,5,1,1,2,0,0,0,0,9,1,1,0,0,4,0,0,0,1,0,0,0,0,0,0,1,0,0,0,0,1,0,0,0,1,0,0,0,0,0,0,0,0,0,0,0,0,1,0,0,0,0,0,0,2,1,0,0,0,0,0,0,2,0,2,0,0,0,0,0,0,0,1,0,0,0,0,8,0,0,0,0,1,0,0,0,0,0,0,0,0,0,0,2,5,0,9,0,0,0,0,1,98,1,4,0,1,4,2,0,0,8,7,7,1,0,0,0,0,234,0,0,0,22,1,0,1,59,1,0,1,122,1,2,35,22,0,0,0,13,1,11,0,2,0,0,47,0,4,2,2,0,2,2,4,1,0,0,1,0,0,0,0,0,0,0,1,1,0,0,0,0,0,0,2,0,0,0,0,0,0,1,11,142,0,0,0,0,3,14,1,22,14,7,0,0,0,1,1,18,14,2,4,1,0,1,0,0,7,120,0,0,1,3,0,0,0,4,0,6,0,0,0,0,3,2,0,0,1,0,2,1,4,88,0,3,0,0,0,0,0,0,1,0,0,1,36,0,0,10,0,0,5,0,20,1,0,2,2,0,0,9,0,0,12,0
3,1511,ESCOLA MUNICIPAL PROFESSOR JOÃO  MACEDO FILHO,"RUA ULISSES JOSÉ RIBEIRO, N. 410",UBERABA,-25.4719677,-49.2274428,37,0,2420,2029,103,82,0,0,1,4,21,1,0,0,0,5,0,0,19,1,0,0,0,11,0,1,0,0,2,6,0,3,0,3,0,1,0,5,3,0,0,10,0,0,0,1,3,0,0,0,0,0,0,3,1,2,1,0,0,0,3,0,0,1,0,2,1,34,0,1,0,1,12,1,11,0,0,0,0,0,13,5,0,0,19,1,5,9,6,0,5,1,0,0,16,0,3,3,0,0,0,2,0,0,1,0,3,0,6,0,0,0,0,0,42,0,0,0,0,0,2,0,0,0,0,0,3,0,0,0,0,2,0,3,59,0,0,3,79,1,0,0,2,82,0,0,0,0,1,5,0,1,0,0,0,0,0,0,0,13,0,1,0,0,0,0,0,0,0,0,0,0,1,1,0,0,2,0,0,0,0,0,0,0,0,0,0,3,27,0,0,0,1,0,0,0,0,0,2,1,0,0,0,0,3,0,0,0,0,0,0,0,0,0,0,0,1,0,1,0,0,0,0,0,4,0,0,2,0,0,0,2,0,0,1,1,0,0,0,1,0,0,1,0,0,381,0,2,0,0,0,0,0,0,0,1,1,1,0,0,1,0,0,0,0,0,0,0,0,0,0,1,3,23,0,0,0,0,0,0,0,0,0,0,0,0,0,0,3,1,106,3,0,0,1,0,0,2,13,3,0,1,3,0,0,0,0,0,13,0,0,0,3,0,0,1,29,5,0,0,2,1,1,2,1,1,0,0,0,0,0,0,0,0,0,0,0,0,0,0,0,0,0,0,0,0,0,0,0,0,3,0,0,0,0,0,0,0,0,0,0,0,0,0,0,0,0,0,1,0,3,2,3,0,5,0,1,0,0,0,0,7,0,4,1,2,2,0,0,2,0,0,0,0,1,0,0,0,0,0,0,0,0,0,0,0,0,0,0,0,0,1,1,0,0,0,0,0,0,0,0,0,1,0,0,0,0,0,0,0,0,0,0,0,0,0,0,1,0,0,0,0,0,0,0,0,0,0,0,0,0,0,0,0,0,0,0,2,0,0,0,0,1,0,0,0,0,0,0,0,0,0,0,2,7,0,3,1,0,0,0,0,31,0,1,0,1,0,0,0,0,0,3,2,3,0,0,1,0,102,0,1,0,18,0,0,2,29,0,0,0,41,1,0,12,3,0,0,0,3,0,10,0,0,0,0,28,0,2,1,0,0,0,0,0,0,0,0,1,0,0,0,0,0,0,0,0,0,0,0,0,0,0,0,0,0,0,0,0,0,0,0,2,65,0,0,0,0,3,2,1,7,5,11,5,0,0,0,1,8,4,5,2,0,0,0,0,0,1,56,0,1,1,3,0,0,0,0,0,18,0,0,0,0,2,1,0,0,0,0,0,0,0,18,1,2,0,0,0,0,0,0,0,0,0,1,9,0,0,2,0,0,0,1,7,0,0,0,1,1,0,6,0,0,2,0
3,1546,ESCOLA ESTADUAL SÃO PAULO APÓSTOLO,"RUA CORONEL JOSÉ CARVALHO DE OLIVEIRA, N. 1275",UBERABA,-25.4817072,-49.2271629,37,0,6163,5050,298,219,0,2,3,3,51,1,6,2,1,5,0,1,44,1,0,0,0,17,1,0,1,3,0,14,2,2,1,12,0,0,2,23,3,0,0,49,0,2,2,1,32,2,0,0,1,0,0,5,0,1,4,0,0,0,5,0,0,0,0,6,8,60,0,18,0,3,21,4,24,1,3,3,0,0,39,19,3,0,65,0,10,13,11,0,6,1,4,1,37,4,2,9,1,1,0,1,1,0,1,0,7,0,1,0,0,0,1,2,118,2,0,0,0,1,1,0,4,0,0,0,8,4,1,0,2,7,0,0,172,0,2,8,190,4,0,1,7,295,1,0,0,0,1,3,0,0,0,0,0,1,1,0,0,28,0,0,5,1,0,0,0,3,0,0,0,0,5,14,0,8,0,2,0,0,0,2,5,0,2,0,0,6,59,0,0,2,1,0,0,0,4,0,3,0,0,0,0,0,0,0,0,0,0,0,1,0,0,0,0,0,0,0,2,0,0,0,0,1,30,0,0,1,3,0,0,20,0,3,3,1,0,0,1,1,0,1,3,0,0,637,1,0,0,0,1,3,0,7,2,2,1,1,0,0,0,0,2,0,0,0,0,0,0,0,0,1,3,51,2,1,0,1,0,0,0,0,0,1,0,0,0,0,4,4,207,14,0,1,3,3,7,0,43,2,0,2,0,0,2,0,1,2,45,0,0,0,8,0,0,2,55,3,0,1,4,3,0,0,1,1,1,0,0,0,0,0,0,0,0,0,0,0,0,0,1,0,0,0,0,0,0,0,0,0,21,0,1,0,0,0,0,0,0,0,0,0,0,0,0,0,0,0,0,0,9,7,14,0,3,2,0,0,2,3,4,16,0,2,4,2,0,0,0,0,0,1,0,0,0,0,1,0,0,0,0,0,0,0,0,1,0,0,0,0,0,0,0,0,0,0,0,0,2,0,0,0,0,0,0,0,1,4,1,0,0,0,6,0,2,1,0,0,0,0,0,0,2,1,1,0,0,0,0,0,0,0,0,0,0,0,0,4,0,0,0,0,0,0,1,0,0,0,1,0,0,1,2,1,4,0,10,0,0,3,0,1,96,1,5,0,0,2,0,1,0,3,3,10,5,0,0,0,0,273,8,0,0,109,0,0,3,39,2,1,1,134,1,1,32,13,0,0,1,18,0,14,3,1,0,0,48,0,6,0,1,1,1,2,3,0,0,0,3,0,0,1,0,1,0,0,0,4,2,0,0,2,0,0,0,0,0,0,0,0,0,0,16,164,0,0,0,0,7,12,0,19,22,14,1,0,0,0,0,9,12,10,6,0,0,0,1,0,3,165,0,1,4,9,0,0,0,0,0,7,0,0,0,0,5,0,0,1,0,1,1,0,0,45,0,4,0,1,0,0,0,0,0,0,0,0,24,0,1,28,0,0,7,0,26,1,0,0,0,4,0,5,0,5,7,0
3,1562,CRECHE MUNICIPAL TRINDADE,"RUA DA TRINDADE, N. 368, VILA TRINDADE",CAJURU,-25.4467777,-49.2055083,21,0,2179,1743,147,68,0,1,4,2,20,1,1,0,2,2,0,0,15,2,0,0,0,3,0,0,0,1,0,6,1,0,0,3,0,1,0,7,0,0,0,39,0,0,0,0,14,0,0,0,1,0,0,0,1,2,2,0,0,0,0,0,0,0,0,0,6,28,1,0,0,1,7,0,8,0,0,0,0,0,24,13,2,0,14,1,3,1,2,0,0,0,1,0,7,3,0,2,0,0,0,0,0,0,0,0,0,0,0,0,2,0,2,0,30,0,0,0,0,0,0,0,1,0,0,0,5,1,0,0,0,4,0,2,71,0,0,1,45,5,0,0,11,63,1,0,0,0,0,4,0,0,0,1,1,0,0,0,0,7,0,0,1,0,0,0,0,0,0,0,2,0,2,2,0,1,0,0,0,0,0,14,1,0,2,0,0,1,17,0,1,1,2,0,0,0,0,0,1,0,0,0,1,0,0,0,0,0,0,1,0,0,0,0,0,0,1,0,2,0,0,0,0,0,2,0,0,0,0,0,0,2,0,1,1,4,0,0,0,0,0,1,0,0,0,140,0,0,0,0,0,0,0,1,1,0,0,1,0,0,0,0,0,0,0,0,0,0,0,0,0,0,0,8,2,1,0,0,0,0,0,0,0,0,0,0,0,0,0,1,52,2,1,0,0,2,0,0,9,2,1,1,0,0,0,0,0,0,36,0,0,0,0,0,0,0,9,0,0,1,0,0,2,0,0,0,1,0,0,0,0,0,0,0,0,0,0,0,0,0,0,0,0,0,0,0,0,0,0,0,4,0,0,0,0,0,0,0,0,0,0,0,0,0,0,0,0,0,0,0,1,1,1,0,3,2,0,0,0,0,0,6,0,0,1,1,0,1,0,0,0,1,0,0,0,0,1,0,0,0,0,0,0,0,0,0,0,0,0,0,0,0,0,0,0,0,0,0,0,0,0,0,0,0,0,0,0,8,0,0,0,0,0,0,1,3,0,0,0,0,0,0,0,0,0,0,0,0,0,0,0,0,0,0,0,0,0,3,0,0,0,0,2,0,0,0,6,0,0,0,0,0,0,3,3,0,11,2,0,0,0,0,24,0,0,0,0,0,0,0,1,0,3,4,2,1,0,0,0,64,9,0,0,17,0,1,3,6,0,0,0,43,1,0,20,19,0,1,0,6,0,4,0,1,0,0,21,0,0,0,0,0,0,0,0,0,0,0,2,0,0,0,0,0,0,0,0,0,0,1,0,0,0,0,0,0,0,0,0,0,0,0,1,37,0,0,0,0,0,3,0,14,8,48,0,0,0,0,0,6,1,0,0,0,0,3,0,0,2,35,0,1,3,3,0,0,0,0,0,0,0,0,0,0,2,1,0,0,0,1,0,0,0,151,1,0,1,0,0,0,0,0,0,0,0,1,9,0,0,7,0,0,0,0,10,0,0,0,1,0,0,0,0,1,7,1
3,1589,ESCOLA MUNICIPAL ELZA LERNER,"RUA LUIZ FRANÇA, 2873, VILA CAMARGO",CAJURU,-25.4619114,-49.2150122,21,0,4325,3630,270,155,0,1,3,6,36,2,1,0,2,3,0,0,29,0,0,0,0,11,1,1,0,0,0,8,1,4,0,7,0,3,0,10,5,2,0,49,1,0,2,0,13,1,13,1,0,0,1,0,0,4,4,0,0,0,1,0,0,0,0,2,27,40,0,9,1,7,16,1,18,0,7,2,0,0,44,24,2,0,42,0,7,8,11,1,3,0,1,0,25,4,1,6,2,0,0,0,0,0,1,0,2,1,3,0,0,0,0,0,83,0,0,1,0,0,0,0,0,0,0,0,1,0,1,0,1,4,1,0,135,0,0,5,105,11,0,0,17,177,0,0,0,3,0,6,0,0,0,0,0,1,0,1,0,9,0,0,6,0,0,1,0,3,0,0,0,0,2,2,0,1,0,0,2,0,0,13,0,0,1,0,0,1,44,0,0,0,0,0,0,0,0,0,3,0,0,0,0,1,0,3,0,1,0,1,2,0,0,0,0,0,2,0,2,0,0,0,0,0,7,0,0,0,0,0,0,4,0,1,0,4,0,0,0,0,3,0,1,0,0,427,1,1,0,0,0,1,1,1,0,0,1,1,1,1,4,0,2,0,0,0,0,0,0,0,0,0,0,45,0,0,0,0,0,0,0,0,0,0,0,0,0,0,0,1,126,6,3,0,0,1,0,1,38,2,1,1,1,0,4,0,0,0,29,1,0,1,3,0,0,0,9,6,0,2,0,6,2,0,0,0,0,0,0,0,0,0,0,0,0,0,0,0,0,0,0,0,0,0,0,0,0,0,0,0,7,0,0,0,0,0,0,0,1,0,0,0,0,0,2,0,0,0,0,0,9,1,0,0,9,5,1,0,0,1,1,9,1,1,2,0,0,0,0,0,0,0,0,0,0,0,0,0,0,0,0,0,0,0,0,0,0,0,0,0,0,0,0,0,0,1,0,1,0,0,0,0,0,0,2,0,0,11,0,0,0,0,0,0,1,4,1,0,0,0,0,0,1,0,0,0,0,0,3,0,0,0,0,0,0,0,0,4,0,0,0,0,1,0,0,0,4,0,0,0,1,0,4,5,5,0,9,0,0,1,0,0,133,0,4,0,1,0,1,0,1,2,2,5,5,0,0,0,2,177,11,0,0,24,0,0,3,41,0,0,0,77,0,3,32,10,0,2,0,1,0,12,0,1,0,0,45,0,2,0,2,1,0,2,6,1,0,0,2,0,1,1,0,0,3,0,0,0,0,0,0,0,0,0,0,0,0,0,0,0,1,0,6,90,0,3,0,0,5,5,4,17,18,12,0,0,0,2,3,14,8,3,1,0,0,0,0,0,4,89,0,1,7,4,0,0,0,1,0,1,0,0,0,0,1,1,0,0,0,0,0,0,0,134,0,0,0,9,0,0,0,0,0,0,0,1,18,1,0,16,0,0,5,0,31,2,0,1,0,0,0,1,0,0,12,0
3,1597,ESCOLA MUNICIPAL C.E.I.  RITTA ANNA DE CÁSSIA,"RUA FORTALEZA, N. 1343, VILA CAMARGO",CAJURU,-25.458176,-49.2046387,21,0,3237,2601,239,124,0,1,3,8,31,1,3,0,1,5,0,0,16,2,0,0,0,3,0,0,0,0,2,10,1,3,0,5,0,1,0,8,1,0,0,43,1,0,0,1,17,0,0,0,1,0,0,0,0,0,1,0,0,0,14,0,0,0,0,0,24,18,0,2,0,3,5,1,7,0,1,2,0,0,46,14,1,0,35,0,10,1,6,0,1,0,0,0,7,0,0,1,1,0,0,0,0,0,0,0,1,0,0,0,0,0,0,1,32,0,0,0,0,0,0,0,0,0,0,0,1,1,0,0,0,5,0,4,114,0,0,0,59,16,0,0,15,96,1,0,0,1,0,6,0,0,0,0,0,0,0,0,0,13,0,0,2,0,0,0,0,0,0,0,0,0,1,2,0,0,0,1,0,0,0,24,3,0,0,0,0,2,22,0,0,0,0,0,0,0,0,0,3,0,0,0,0,1,0,1,0,0,0,0,2,0,1,0,0,0,0,0,0,0,0,0,0,0,8,0,0,1,0,0,0,2,0,1,0,2,0,0,0,4,1,1,1,0,0,172,0,1,1,0,0,0,0,0,2,0,1,0,2,1,0,0,0,0,0,0,0,0,1,0,0,0,0,29,1,0,0,0,0,0,0,0,0,1,0,0,0,0,2,3,60,3,2,0,0,3,1,2,22,2,2,0,2,0,1,0,0,0,32,2,0,0,2,0,0,0,5,0,0,9,0,8,3,1,0,0,1,2,0,0,0,0,0,0,0,0,0,0,0,0,0,0,0,0,0,0,0,0,0,0,1,0,0,0,0,0,0,0,2,0,0,0,0,0,0,0,0,0,0,0,5,2,1,0,2,2,0,0,2,0,0,1,0,0,1,0,1,0,0,0,0,0,0,0,0,0,0,0,0,0,0,0,0,0,0,0,0,0,0,0,0,0,0,0,0,4,0,0,0,0,0,0,0,0,1,0,0,4,0,0,0,0,0,1,1,4,0,0,1,0,0,0,1,0,2,0,0,0,0,0,0,0,0,0,0,0,0,3,0,0,2,0,1,0,0,0,2,0,0,0,0,0,2,0,4,0,8,0,0,2,0,1,64,0,1,0,0,0,0,0,0,1,1,2,0,0,0,1,0,117,1,0,0,15,0,0,7,14,0,0,0,76,2,0,80,17,0,0,0,4,0,2,0,0,1,0,46,0,0,0,0,0,0,2,0,0,0,0,1,0,0,0,0,0,0,0,0,0,0,1,0,0,0,0,1,0,0,0,0,0,0,0,3,66,0,1,0,0,1,5,4,31,20,21,0,2,0,0,0,6,4,1,3,0,0,3,0,0,0,64,0,0,3,1,1,0,0,0,0,0,0,0,0,0,2,2,0,0,1,0,0,0,0,212,0,0,0,0,0,0,0,0,0,0,0,0,15,0,0,15,0,0,2,1,14,0,0,0,0,0,0,4,0,0,6,0
3,1600,ESCOLA BANDEIRANTES,"RUA CUIABÁ, N. 1284, VILAS OFICINAS",CAJURU,-25.4546388,-49.2098731,21,0,3082,2591,160,94,0,0,4,3,22,0,1,0,1,2,0,0,26,2,0,0,0,5,0,1,0,1,2,10,2,2,1,2,0,0,1,10,0,0,0,35,1,0,2,0,17,1,0,1,0,0,0,0,0,1,3,0,0,1,3,0,0,0,1,3,23,23,0,1,0,1,9,0,10,0,5,1,0,0,28,7,4,0,17,1,10,4,5,1,1,1,4,0,10,2,2,3,1,0,0,1,0,0,0,0,2,0,3,0,0,0,1,1,44,0,0,0,0,0,1,0,1,0,0,0,2,0,1,0,1,2,1,0,100,0,0,4,58,7,0,0,17,147,2,0,0,1,1,4,1,0,0,6,0,0,0,0,0,9,0,0,0,0,0,0,0,0,0,0,0,1,2,0,0,0,2,0,0,0,0,25,0,0,1,0,0,3,31,0,1,0,0,0,0,0,0,0,0,0,0,0,0,0,0,0,0,0,0,0,0,0,0,0,0,0,0,0,1,0,0,1,1,0,10,0,0,0,0,0,0,1,0,3,1,1,0,0,0,2,0,1,0,0,0,328,0,0,0,0,0,1,0,1,0,0,2,0,0,0,1,0,0,0,0,0,0,0,0,0,0,0,1,27,1,0,0,0,0,0,0,0,1,0,0,0,0,0,3,2,77,8,0,1,0,0,1,0,21,1,1,0,0,0,0,1,0,0,30,0,0,0,1,0,0,0,16,1,0,1,0,0,1,0,0,0,0,0,0,0,0,0,0,0,0,0,0,0,0,0,0,0,0,0,0,0,0,0,0,0,3,0,0,0,0,0,0,0,0,0,0,0,0,0,0,0,0,0,0,0,2,2,2,0,1,0,0,1,0,0,0,5,0,0,0,2,0,0,0,0,0,0,0,1,0,1,0,0,0,0,0,0,1,0,0,0,0,0,1,0,0,0,0,0,1,0,0,0,0,0,0,0,0,0,2,0,0,5,0,1,0,0,0,0,3,5,0,0,0,0,0,0,1,0,0,0,0,0,0,0,0,0,0,0,0,0,0,6,1,0,0,0,3,0,0,0,1,0,0,0,0,0,0,3,7,0,10,0,0,1,0,1,45,0,5,0,1,0,0,0,0,0,3,9,1,0,0,1,0,157,1,0,1,12,0,1,3,18,0,0,0,59,0,0,21,20,0,0,0,5,0,1,1,1,0,0,16,0,0,0,0,0,1,2,3,0,1,0,4,0,1,1,0,0,0,0,0,0,0,0,0,0,0,0,0,0,0,0,0,0,0,0,3,96,0,1,1,0,5,3,0,16,16,13,0,0,0,1,2,5,6,5,0,0,0,0,0,0,0,69,0,0,2,6,0,0,0,2,0,1,0,0,0,0,1,0,0,0,0,0,0,0,0,156,2,1,2,1,0,1,0,0,0,0,0,2,11,1,0,15,0,0,2,0,30,1,0,0,0,0,0,2,0,2,10,0
3,1643,COLÉGIO ESTADUAL ANÍBAL KHURY NETO,"RUA AVELINO MONTOVANI, N. 430",UBERABA,-25.4852021,-49.2037322,37,0,4382,3384,400,186,0,3,6,3,26,1,1,0,0,2,0,1,17,4,0,0,0,1,0,0,4,4,5,20,0,0,0,8,0,1,1,10,0,0,0,50,0,1,1,0,30,1,0,0,0,0,1,3,0,1,12,0,0,0,7,2,0,0,1,1,11,80,0,1,0,0,6,0,9,0,0,2,0,0,30,7,0,0,43,0,14,5,8,0,1,0,0,0,17,2,4,4,1,1,1,3,1,0,0,0,0,0,1,0,1,0,3,2,52,0,0,0,0,0,0,0,0,0,1,0,1,1,0,0,4,4,3,5,234,0,0,2,77,2,1,1,12,120,0,0,0,0,0,12,1,0,0,0,0,1,0,0,1,12,0,0,1,0,0,0,0,0,0,0,3,0,2,1,0,2,0,0,0,0,0,1,1,0,0,1,0,4,12,0,0,0,1,2,0,0,1,0,1,3,0,0,0,0,1,1,0,0,0,0,0,0,0,0,0,1,0,0,0,0,0,0,0,0,18,0,0,2,0,0,0,7,0,3,0,0,0,0,0,1,0,0,1,1,2,199,1,0,0,1,0,0,0,0,1,0,2,0,0,0,0,0,0,0,0,0,0,0,0,0,0,0,1,17,1,3,1,0,0,0,0,0,1,0,0,0,0,0,0,2,90,11,1,0,1,14,0,3,47,2,0,0,1,1,2,0,0,1,17,0,0,1,2,0,0,1,24,4,0,1,0,9,0,0,0,1,0,0,1,0,0,0,0,0,0,1,0,0,0,0,0,0,0,0,0,0,0,0,0,0,6,0,0,0,0,0,3,0,0,0,0,1,0,0,1,0,0,0,0,1,3,1,1,0,4,4,0,0,2,0,0,1,0,0,0,2,0,0,0,0,0,0,0,0,2,0,0,0,0,0,0,0,0,0,0,0,1,0,0,0,0,0,0,0,0,0,0,0,0,0,1,0,0,0,0,0,0,3,0,0,0,0,0,0,0,0,0,0,0,0,0,0,1,0,0,0,0,0,0,0,0,0,0,1,0,0,0,1,0,0,0,0,5,0,0,0,0,0,0,0,0,0,1,1,3,1,10,5,0,2,0,0,61,0,3,0,0,1,0,0,1,10,1,4,0,0,0,1,0,155,0,0,0,22,0,0,5,23,1,0,0,90,0,0,73,24,0,1,2,9,0,1,0,2,0,0,68,0,0,1,1,0,0,2,0,1,0,0,4,1,1,0,0,0,1,0,0,0,0,0,0,1,0,0,1,0,0,0,0,0,0,0,4,88,0,0,0,0,2,9,0,34,20,4,1,0,0,1,4,12,9,5,0,0,0,1,0,1,2,96,0,0,6,3,0,1,0,2,0,0,0,1,0,0,2,3,0,0,0,0,3,0,0,172,1,1,1,0,0,0,0,0,0,0,0,0,43,0,0,10,0,1,5,0,18,0,0,0,0,0,0,4,0,0,14,0
3,2054,ESCOLA MUNICIPAL MICHEL KHURY,"RUA ADHMAR VIEIRA DE ARAÚJO, N. 457",UBERABA,-25.4893901,-49.2022535,37,0,2709,2151,278,123,0,1,2,2,26,0,0,0,0,0,0,0,13,0,0,1,0,2,1,3,2,3,2,6,1,1,0,5,0,3,0,7,1,0,0,47,1,0,0,0,27,0,1,0,0,0,0,2,0,1,15,0,0,0,6,0,0,0,0,0,6,66,0,1,0,1,5,0,7,0,0,0,0,0,22,6,1,0,39,1,5,8,3,0,0,0,0,0,15,3,0,2,1,0,0,2,0,0,0,1,0,0,0,0,0,0,0,0,17,1,0,0,0,0,0,0,0,0,0,0,1,2,0,0,1,3,0,1,163,0,0,1,60,2,0,0,9,53,1,0,0,0,0,5,0,0,0,0,1,0,0,0,0,12,0,0,4,0,0,0,0,0,0,0,1,0,0,1,0,0,0,0,0,0,0,0,3,0,0,0,0,1,4,0,0,0,0,1,0,0,0,0,3,1,0,1,0,0,1,1,0,0,0,0,0,0,0,0,0,0,0,0,3,0,0,0,0,0,10,0,0,2,0,0,0,0,0,0,1,0,0,0,0,1,0,1,2,0,0,114,0,0,0,0,0,0,0,0,0,1,2,0,0,0,1,0,2,0,0,0,0,0,0,0,0,0,1,19,0,1,0,0,0,0,0,0,0,0,0,0,0,0,3,2,36,5,0,0,1,9,0,0,34,0,0,0,0,0,1,0,0,0,19,1,0,0,3,0,0,3,7,1,0,0,0,5,0,2,0,2,0,0,0,0,0,0,0,0,0,0,0,0,0,0,0,0,0,0,0,0,0,0,0,0,1,0,0,0,0,0,0,0,0,2,0,1,0,0,0,0,0,0,0,0,0,0,0,0,1,1,0,0,0,0,0,1,0,0,3,3,2,0,0,1,0,0,0,0,0,0,0,0,0,0,0,0,0,0,0,0,0,0,0,0,0,0,0,0,0,0,0,0,0,0,0,0,0,0,0,0,0,1,0,1,0,0,0,0,0,0,2,0,0,0,0,0,0,1,2,0,0,0,0,0,0,0,0,0,0,0,0,1,0,0,0,0,0,0,0,0,0,0,0,0,0,0,0,1,3,0,6,2,0,1,0,0,40,1,0,1,0,0,0,0,0,8,6,6,4,0,0,0,0,75,4,0,0,7,0,0,3,16,0,0,0,55,0,0,14,21,0,0,0,3,1,0,0,1,0,0,60,0,2,0,2,0,1,0,1,0,0,0,1,1,0,0,0,0,0,0,0,0,0,0,0,0,0,0,0,0,0,0,0,0,1,0,4,38,0,0,0,0,1,7,0,17,19,2,2,3,0,1,6,9,6,1,2,0,0,0,0,1,3,46,0,0,1,1,0,3,0,3,2,1,0,0,0,0,3,2,0,0,0,0,1,1,0,96,0,0,0,0,0,0,0,0,0,0,0,2,23,0,0,7,0,1,5,0,15,0,0,0,0,1,0,5,0,2,8,0
3,2062,ESCOLA MUNICIPAL RACHEL MADER GONÇALVES,"RUA GUSTAVO BARROZO GONÇALVES, 26",UBERABA,-25.4868275,-49.2003096,37,0,1641,1325,157,56,0,0,1,6,16,0,3,0,0,0,0,1,4,2,0,0,0,0,1,0,1,1,0,11,0,1,1,3,0,1,1,5,0,0,0,21,0,0,0,0,15,0,0,2,0,0,0,0,0,0,2,0,0,0,1,0,0,0,0,0,10,21,3,1,0,2,1,1,1,0,1,0,0,0,11,2,2,0,36,0,0,3,0,0,0,0,0,0,5,1,0,1,0,0,0,0,0,0,0,0,1,0,1,0,0,0,1,1,24,1,1,0,0,0,0,0,0,0,1,0,0,2,1,1,0,3,0,4,115,0,0,1,28,7,0,0,4,55,0,0,0,0,0,3,0,0,0,0,0,0,0,0,0,11,0,0,0,0,0,0,0,0,0,0,0,0,0,1,0,0,0,3,0,0,0,5,0,0,0,0,0,2,4,0,0,0,0,0,0,0,0,0,1,0,0,0,0,1,1,0,0,0,0,0,0,0,0,0,0,0,0,0,0,0,0,0,0,0,3,0,0,0,0,0,0,0,0,0,0,0,0,0,0,0,0,0,0,0,0,54,1,0,0,0,0,0,0,0,1,0,2,0,0,0,0,0,0,0,0,1,1,0,0,0,0,0,0,11,1,0,0,0,0,0,0,1,2,0,0,0,0,0,0,1,22,0,2,0,0,0,0,1,28,1,0,0,0,0,0,0,0,0,9,0,0,0,1,0,0,0,3,0,0,2,2,7,0,0,0,0,0,0,0,0,0,0,0,0,0,0,0,0,0,0,0,0,0,0,0,0,0,0,0,0,2,0,0,0,0,0,0,0,0,0,0,0,0,0,0,0,0,0,0,0,0,0,0,0,1,0,1,0,2,0,0,3,0,0,0,0,1,0,0,1,0,0,0,0,0,0,0,0,0,0,0,0,2,0,0,0,0,0,0,0,0,0,0,0,0,1,0,0,0,0,0,0,0,0,0,0,0,0,0,0,0,0,0,0,0,0,0,1,0,0,0,0,0,0,0,0,0,0,0,0,0,0,0,0,0,0,0,0,0,0,0,0,0,0,0,0,0,0,0,0,0,0,0,0,1,0,2,0,0,1,0,1,28,0,0,0,0,0,0,0,0,1,1,0,0,0,0,0,0,37,2,0,0,1,0,0,2,10,0,0,0,32,2,0,17,5,0,1,0,1,0,1,0,1,0,0,32,0,0,1,0,0,0,2,0,0,0,0,3,0,0,0,0,0,0,0,0,0,0,0,0,0,0,0,0,0,0,0,0,0,1,0,0,27,0,0,0,0,0,2,0,45,8,4,1,0,0,0,0,3,4,3,0,0,0,0,0,0,1,43,0,0,1,0,0,0,0,0,0,0,0,0,0,0,0,3,0,0,0,0,0,0,0,81,0,0,0,0,0,0,0,0,0,0,0,0,23,0,0,4,0,0,4,0,5,0,0,0,0,0,0,3,0,0,3,0
3,2070,ESCOLA MUNICIPAL PROFESSORA MARIA DE LOURDES LAMAS PEGORARO,"RUA JOÃO ALVES DE ARAÚJO, N. 273, SOLITUDE",CAJURU,-25.4751088,-49.1960493,21,0,1503,1231,107,64,0,0,1,4,10,0,0,0,1,0,0,0,8,0,0,0,0,1,1,0,0,0,0,4,2,1,0,3,0,0,0,3,0,0,0,34,0,0,0,0,12,0,0,0,0,0,0,2,0,0,0,0,0,0,0,0,0,0,0,0,3,7,0,5,0,0,3,0,8,0,0,0,0,0,8,6,0,1,12,0,0,4,0,1,2,0,0,0,2,0,1,4,0,0,0,1,0,0,0,0,1,1,2,0,0,0,1,0,18,0,0,0,0,0,0,0,0,0,0,0,0,0,0,0,0,3,0,0,46,0,0,1,34,4,0,0,4,27,0,0,0,0,4,5,0,0,0,0,0,0,0,0,0,7,0,0,1,0,0,1,0,0,0,0,0,0,0,2,0,0,0,0,0,0,0,2,0,0,1,0,0,0,10,0,0,0,0,0,0,0,0,0,1,0,1,0,0,0,0,0,0,0,1,0,0,0,0,0,0,0,0,0,0,0,0,0,0,0,2,0,0,1,0,0,0,3,0,1,0,2,0,0,0,0,2,0,0,0,0,93,0,0,0,0,0,0,0,0,1,0,0,0,1,0,0,0,0,0,0,0,0,0,0,0,0,0,1,5,0,0,0,0,0,0,0,0,0,0,0,0,0,0,0,0,40,1,0,0,2,1,0,2,17,1,0,0,0,0,0,2,0,0,19,0,0,0,0,0,0,1,0,0,0,0,0,6,0,0,0,0,0,0,0,0,0,0,0,0,0,0,0,0,0,0,0,0,0,0,0,0,0,0,0,0,0,0,0,1,0,0,0,0,0,0,0,0,0,0,0,0,0,1,0,2,6,0,0,0,1,0,0,0,0,0,0,1,0,0,0,0,0,0,0,0,0,0,0,0,1,0,0,0,0,0,0,0,0,0,0,0,0,0,0,0,0,0,0,0,0,0,0,0,0,0,0,0,0,0,0,0,0,1,0,0,0,0,0,0,2,1,0,0,1,0,0,0,0,0,0,0,0,0,0,0,0,0,0,0,0,0,0,0,0,0,0,0,0,0,0,0,0,0,0,0,0,0,0,0,6,0,2,0,0,0,0,3,32,0,0,0,0,0,0,0,0,0,1,2,1,0,0,0,0,62,1,0,0,7,0,0,1,13,0,0,0,30,1,0,22,4,0,0,1,3,0,5,0,1,1,0,10,0,0,0,0,0,0,1,0,0,0,0,3,0,0,0,0,0,0,0,0,0,0,0,0,0,0,0,0,0,0,0,0,0,0,0,0,11,0,1,0,0,2,4,0,14,10,2,0,5,0,0,0,16,3,0,1,0,0,0,1,0,1,41,0,0,1,5,0,8,0,0,0,0,0,0,0,0,1,2,0,1,0,0,0,0,0,113,0,0,1,0,0,0,0,1,0,0,0,0,16,0,0,7,0,0,2,0,13,0,0,0,0,0,0,3,0,3,3,0
3,2089,ESCOLA MUNICIPAL PROFESSORA MARIA MARLI PIOVEZAN,"RUA VELCY BOLÍVAR GRANDÓ, 105",UBERABA,-25.4953612,-49.2081413,37,0,2877,2246,220,87,0,2,4,3,31,3,4,0,1,3,1,0,20,5,0,0,0,4,0,1,0,3,1,15,0,1,0,4,0,0,0,6,0,0,0,44,0,1,0,1,16,1,3,0,0,0,0,1,0,1,9,0,0,3,4,0,0,0,0,1,18,56,0,3,0,1,2,0,5,0,2,4,1,0,16,9,3,0,47,0,3,8,4,0,2,0,1,0,7,0,3,0,0,0,0,1,1,0,1,0,0,0,0,0,0,0,0,0,32,1,0,0,0,0,0,0,0,0,0,0,0,1,0,0,2,5,0,4,174,0,0,4,74,6,1,0,5,65,0,0,0,0,0,3,0,0,0,2,0,0,0,0,0,22,0,0,0,0,0,0,0,0,0,0,2,0,2,5,0,0,1,2,0,0,0,1,2,0,0,0,0,3,4,0,1,0,0,0,0,0,0,0,1,1,0,0,0,0,0,3,0,0,0,0,1,0,0,0,0,0,0,0,2,0,1,0,0,0,7,0,0,0,0,0,0,2,0,1,0,10,1,0,0,0,2,0,0,1,1,154,0,0,0,0,0,0,0,3,1,0,0,0,0,2,0,0,1,0,0,0,0,0,0,0,0,0,0,13,0,1,0,0,0,0,0,0,4,0,0,0,0,0,3,3,52,4,1,0,1,21,0,1,27,2,0,0,1,0,1,1,0,2,10,1,0,0,3,0,0,0,13,0,0,0,0,11,1,0,0,1,0,0,0,0,0,0,0,0,0,0,0,0,0,0,1,0,0,0,0,0,0,0,0,0,2,0,0,0,0,0,0,0,0,0,0,0,0,0,0,0,0,0,0,0,1,0,1,0,4,1,0,0,0,0,0,3,0,0,0,0,0,0,0,0,0,0,0,0,4,0,0,0,0,0,0,0,1,0,0,0,2,0,0,1,0,1,0,0,0,0,0,0,0,0,0,0,0,0,0,0,0,0,0,2,0,0,0,0,0,1,0,0,0,0,0,0,0,0,1,0,0,0,0,0,0,0,0,0,0,0,0,2,0,0,3,0,0,0,0,0,0,0,0,0,0,0,0,2,4,0,4,0,0,0,0,1,40,0,1,3,1,2,0,0,0,0,17,4,3,0,0,0,0,93,4,0,0,15,0,0,5,24,0,0,0,53,1,0,16,18,0,0,0,13,0,1,1,1,0,0,43,0,1,0,0,3,0,0,2,1,0,0,3,0,0,0,0,0,0,0,0,1,0,0,0,0,0,0,0,0,0,0,0,0,0,0,5,50,1,0,0,0,1,6,1,23,12,2,0,0,0,0,1,5,2,7,0,0,0,0,0,0,0,58,0,0,1,7,0,1,0,2,0,2,0,0,0,0,0,0,0,0,0,0,2,0,1,84,0,0,1,0,1,0,0,0,0,0,0,0,34,0,0,7,0,0,1,0,9,1,0,0,0,0,0,0,0,3,4,0
3,2178,PARÓQUIA SÃO PAULO APÓSTOLO,"RUA PADRE JULIO SAAVEDRA, 170",UBERABA,-25.4765343,-49.2293418,37,0,3721,3099,160,107,0,0,2,8,22,1,4,0,1,5,1,2,35,0,0,0,0,6,1,0,0,0,0,10,1,1,0,4,0,0,1,5,1,0,0,23,1,0,0,0,5,0,1,0,1,0,0,0,0,1,2,0,0,0,6,0,0,0,1,0,2,42,0,9,0,1,20,0,13,0,0,3,0,0,25,12,2,0,38,0,2,6,3,1,8,0,1,0,26,2,1,5,0,0,0,1,0,0,1,0,2,0,1,0,0,0,2,0,83,1,0,0,0,0,0,0,1,0,1,0,0,0,0,0,1,2,0,5,64,0,0,4,110,1,0,1,4,131,2,1,0,0,0,3,0,1,0,0,0,0,0,0,1,22,0,0,1,0,0,1,1,0,1,0,0,0,0,7,0,5,2,1,0,0,0,2,1,0,0,0,1,6,37,0,0,2,0,0,0,0,0,0,1,1,0,0,0,0,4,1,0,0,0,0,1,0,0,0,0,0,0,0,0,0,0,0,0,0,10,0,0,0,0,0,0,6,0,2,0,2,0,0,0,1,0,1,0,1,0,542,1,0,0,0,0,1,0,3,1,1,0,1,0,0,0,2,3,0,0,0,0,2,0,0,1,0,0,28,2,0,0,0,0,0,0,0,0,0,0,0,0,0,1,3,132,7,4,0,0,3,1,1,31,1,0,0,2,0,2,0,0,2,9,1,0,1,8,0,0,1,66,4,0,1,2,1,1,0,1,0,0,0,0,0,0,0,0,0,0,0,0,0,0,0,0,0,0,0,0,0,0,0,0,0,16,0,0,0,0,0,0,0,0,0,0,0,1,0,0,2,0,0,0,0,8,0,8,2,7,4,0,1,1,2,2,9,0,0,1,0,0,0,0,0,1,0,0,0,3,0,0,0,0,0,0,0,0,0,0,0,0,0,0,0,0,0,0,0,0,0,0,0,0,0,0,0,0,0,0,0,1,1,0,0,0,0,4,0,0,0,0,0,0,0,0,0,0,0,0,0,0,0,0,0,0,0,0,0,0,0,0,3,0,0,0,0,5,0,0,0,0,0,0,0,0,0,1,3,3,0,2,3,0,4,1,0,51,1,3,0,1,0,0,1,0,5,3,5,3,0,0,0,0,170,5,0,0,68,0,0,4,34,0,0,0,97,2,0,22,6,0,1,0,8,0,14,1,1,1,0,31,1,1,1,0,1,0,3,2,0,0,0,0,0,0,0,0,0,0,0,0,2,0,0,1,1,0,0,1,0,0,0,0,0,0,0,7,97,0,1,1,0,0,4,0,20,5,12,4,0,0,0,2,18,8,6,3,0,0,0,0,0,1,93,0,0,1,0,0,0,0,0,1,2,0,0,0,0,1,0,0,1,0,0,0,0,0,34,0,2,0,0,0,0,0,0,0,0,0,4,20,0,0,13,0,1,3,0,15,0,0,0,0,0,0,3,0,2,3,0
4,1104,ESCOLA MUNICIPAL SIDONIO MURALHA,"RUA LUDOVICO KAMINSKI, 3460 - CJ CAIUA",CIDADE INDUSTRIAL,-25.4853905,-49.3502324,75,0,4902,3984,346,229,0,1,5,6,40,1,8,0,0,1,0,0,35,1,0,1,0,9,2,5,0,3,2,28,2,2,1,8,1,1,0,11,3,0,0,99,0,2,5,0,30,2,2,0,0,1,0,2,1,1,2,0,0,0,19,0,0,0,0,4,11,100,0,8,2,2,15,1,9,0,1,6,0,0,38,16,1,0,37,0,8,20,4,1,0,3,2,0,38,4,7,1,0,1,0,4,0,0,1,0,1,0,4,0,0,0,0,0,103,0,2,0,0,0,1,0,1,0,0,0,1,3,4,0,2,7,1,7,209,0,0,3,67,5,0,0,19,159,4,0,0,0,0,2,0,0,0,1,0,0,0,0,0,15,0,0,5,0,1,0,0,0,0,0,0,0,2,0,0,0,0,0,0,0,0,0,1,0,0,0,0,9,28,0,0,0,1,0,0,0,0,0,0,3,0,0,0,0,0,2,0,0,0,0,0,0,0,0,0,1,0,0,1,0,0,7,0,0,11,0,0,0,0,0,0,2,0,4,2,1,0,0,0,0,0,1,1,0,0,324,1,5,0,0,0,4,0,2,4,0,0,0,0,0,0,0,0,0,0,1,0,0,0,0,0,0,1,12,0,0,0,1,0,0,0,0,0,0,0,0,0,0,0,3,97,7,4,1,0,2,2,0,39,3,1,0,1,1,2,0,0,2,58,0,0,0,2,0,0,3,10,1,0,1,4,1,0,0,0,0,0,0,0,0,0,0,0,0,0,0,0,0,0,0,0,0,0,0,0,0,0,0,1,0,5,0,0,0,0,0,0,0,1,0,0,0,0,0,0,0,0,0,0,0,7,2,0,0,3,4,2,1,0,0,0,8,0,0,1,0,0,0,2,1,0,0,0,1,0,2,0,0,1,0,0,0,0,3,0,0,0,0,0,0,0,0,0,0,1,0,0,0,0,0,2,0,0,0,0,0,0,0,0,0,0,10,5,0,4,0,0,2,0,0,0,0,1,0,0,0,0,0,0,0,0,0,0,0,0,1,0,2,0,0,0,1,0,0,1,0,1,1,1,0,0,1,4,4,1,1,4,1,0,2,0,0,185,0,1,0,1,3,0,0,0,0,5,2,10,0,0,0,0,207,6,0,0,19,0,0,1,33,1,0,0,141,1,3,13,38,0,1,0,1,0,23,1,1,0,0,42,0,0,1,1,0,0,3,3,0,3,1,4,1,0,0,0,1,0,0,0,2,0,0,0,0,0,0,0,0,0,0,0,0,1,0,2,150,1,0,0,0,3,20,1,15,40,0,0,0,1,2,6,18,12,12,4,0,0,2,0,0,2,118,0,0,1,11,0,1,1,1,1,0,0,0,0,0,2,0,0,0,1,0,1,0,0,35,0,1,0,3,1,0,1,0,0,2,0,2,15,3,0,20,0,1,1,0,26,1,0,0,0,4,0,7,0,1,8,0
4,1392,COLEGIO ESTADUAL PAULA GOMES,RUA CURUPIS  903,SANTA QUITERIA,-25.459764,-49.3074766,43,0,6868,5601,345,231,0,4,8,14,62,0,4,0,1,5,0,2,67,0,0,0,0,17,1,0,1,2,3,24,7,3,0,16,0,3,1,13,2,0,1,63,0,1,1,8,21,2,9,0,0,0,0,7,2,8,17,0,0,0,19,1,0,0,1,12,10,124,1,6,0,3,20,0,22,0,1,6,1,0,51,30,1,0,27,0,15,10,8,0,2,3,2,0,56,7,12,1,0,0,5,0,1,0,1,0,3,5,1,0,1,0,1,2,165,0,0,0,0,1,0,0,0,0,1,0,1,1,1,0,3,10,2,9,192,0,2,8,215,3,0,1,8,243,2,0,0,0,0,7,1,0,0,0,3,1,0,0,0,18,0,0,1,0,0,0,0,0,6,0,0,0,0,0,0,8,3,0,0,0,0,1,2,0,2,1,0,4,64,1,0,0,3,0,0,0,0,0,2,3,0,0,0,1,2,43,0,0,0,0,0,1,4,0,0,0,2,0,2,1,0,0,0,0,13,0,0,2,0,0,0,1,0,2,1,5,0,0,2,0,0,1,2,0,2,799,1,0,0,0,0,0,0,5,2,4,1,0,0,0,0,2,2,0,0,0,0,3,0,0,0,1,2,17,1,1,0,0,0,0,0,3,0,1,0,0,0,0,0,5,206,13,2,1,0,1,0,0,43,4,1,4,0,2,1,0,0,2,71,3,0,0,8,0,0,0,21,3,0,0,4,2,0,0,1,0,0,0,0,3,0,0,1,0,0,0,0,0,0,0,1,1,2,0,0,0,0,0,0,2,18,0,0,0,0,0,0,0,0,0,0,2,0,0,0,0,1,0,1,0,11,6,3,0,7,3,1,0,1,0,1,7,0,4,6,0,0,0,0,2,2,1,0,0,5,0,0,0,0,0,0,0,0,6,0,0,0,0,0,0,0,0,2,0,0,0,0,0,0,1,0,0,0,0,1,0,0,3,0,0,0,2,1,0,2,0,0,0,0,0,0,1,0,0,0,1,0,0,0,0,0,0,0,0,0,0,0,3,0,0,0,0,0,0,1,0,1,0,2,0,0,1,1,17,8,0,9,5,0,22,0,1,124,1,5,1,0,1,0,5,0,3,5,18,4,2,1,0,0,292,2,0,0,43,0,0,4,54,3,0,1,149,6,0,16,23,0,2,0,6,1,15,3,2,1,1,73,2,1,0,0,0,1,6,4,3,0,2,4,0,1,0,2,2,2,0,2,0,0,0,0,2,0,0,0,0,0,0,0,0,0,0,18,182,0,3,0,1,4,19,0,57,19,2,5,0,0,8,4,24,9,8,4,2,0,0,0,0,6,114,0,0,6,10,0,0,0,2,1,0,0,2,1,0,14,0,0,0,2,0,4,1,0,55,4,4,0,1,0,1,0,0,0,0,0,1,15,0,0,24,0,1,3,1,66,0,0,0,0,2,0,11,0,2,17,0
4,1414,CENTRO MUNICIPAL DE EDUCAÇÃO INFANTIL NICE BRAGA,"RUA BOCAIUVA,  351",SANTA QUITERIA,-25.4630033,-49.304932,43,0,3912,3209,148,150,0,0,1,11,32,2,2,0,0,5,0,0,20,2,0,0,0,11,2,1,0,0,3,12,3,5,0,7,3,0,0,23,0,0,0,28,0,0,1,0,13,0,0,1,0,0,2,4,0,4,12,0,0,0,7,0,0,0,0,4,4,53,0,7,0,0,19,0,18,0,1,5,0,0,22,29,0,0,9,0,3,6,6,3,4,0,0,1,19,2,3,1,0,1,0,0,0,0,0,1,2,1,1,0,0,0,0,1,104,0,0,0,1,0,0,0,1,0,0,0,3,1,0,0,0,5,1,2,89,0,0,2,122,5,0,0,2,198,3,0,0,0,0,5,0,0,0,0,0,0,0,0,0,17,1,0,4,0,0,0,0,3,1,0,0,0,0,0,0,5,1,0,0,0,0,1,5,0,0,0,0,6,56,0,0,2,0,3,0,0,0,0,1,0,0,0,0,0,2,9,0,0,0,1,0,0,1,0,0,0,0,0,0,0,0,0,0,0,4,0,0,0,0,0,0,1,0,1,2,0,0,0,0,0,2,0,3,0,0,547,1,0,0,0,0,1,0,2,0,3,5,1,0,0,0,0,0,0,0,0,0,0,0,0,0,0,2,7,0,0,0,0,0,0,0,0,0,0,0,0,0,0,1,4,170,7,0,0,0,0,0,2,15,2,1,1,0,3,2,2,0,2,26,0,0,0,4,0,0,0,14,4,0,0,0,3,0,0,1,0,0,0,1,1,2,0,0,0,0,0,0,0,0,0,0,0,1,0,0,2,0,0,2,0,6,0,0,0,0,0,0,0,0,0,0,0,0,0,0,0,0,0,0,1,12,2,2,0,3,2,3,0,1,2,0,14,0,1,2,3,0,0,1,1,0,0,0,1,1,1,0,0,0,0,0,0,0,11,0,1,0,0,0,0,0,0,0,0,0,0,0,1,0,0,0,0,0,0,1,0,0,0,0,0,0,0,0,0,4,1,0,0,0,0,0,0,3,0,0,0,0,0,0,0,0,0,0,0,0,0,0,2,0,0,0,0,1,0,0,0,1,0,0,0,0,0,2,4,14,2,0,0,0,4,0,0,53,0,4,2,1,0,0,2,0,5,8,9,2,0,0,0,0,161,2,0,1,13,0,0,2,21,0,0,0,74,2,0,7,8,0,3,0,2,0,6,1,0,0,0,57,2,0,2,2,0,0,4,7,3,0,0,1,0,0,0,0,0,1,0,0,0,0,0,0,0,0,0,0,0,0,0,0,0,0,0,3,115,0,1,1,2,1,5,0,19,7,5,1,0,1,2,2,11,5,3,3,0,0,1,0,0,7,54,0,0,1,17,0,0,2,4,0,1,1,0,1,0,1,0,0,0,0,0,0,0,0,12,0,2,0,0,0,0,0,0,1,0,0,0,3,0,0,8,0,1,2,0,53,2,0,0,0,1,0,2,0,1,6,0
4,1430,COLEGIO (PARTICULAR) PADRE JOAO BAGOZZI,"RUA CALIXTO RAZZOLINI, 14",PORTÃO,-25.4755597,-49.2947683,27,0,6581,5328,246,160,0,2,2,10,85,1,3,1,1,3,0,3,43,1,0,0,0,23,0,0,1,3,3,9,1,8,0,5,0,0,0,13,3,0,0,48,0,1,3,1,10,0,4,2,0,3,0,4,1,11,13,0,0,0,15,1,0,0,0,22,1,60,0,7,0,1,17,0,42,0,3,9,0,1,44,35,1,0,4,0,18,12,4,1,1,2,3,0,37,5,6,6,1,2,0,2,1,1,1,0,3,0,7,0,1,0,1,1,155,1,0,3,0,0,0,0,1,0,0,0,5,1,1,1,1,12,0,2,179,0,1,10,190,2,0,0,11,432,6,1,0,2,1,2,0,1,0,1,6,0,0,0,1,21,0,0,0,0,0,0,0,2,2,2,0,0,4,1,0,2,1,0,0,0,0,1,3,0,0,1,0,4,122,0,0,0,3,0,0,0,1,0,0,4,0,0,1,0,3,21,0,0,1,0,0,1,1,0,0,1,3,0,1,0,0,0,0,0,12,0,0,1,0,0,1,3,0,7,2,1,0,0,1,2,0,2,1,0,0,948,6,0,0,0,0,1,3,3,1,1,4,2,1,0,0,0,4,0,0,1,0,0,0,0,0,1,1,30,2,0,0,0,0,0,0,1,0,0,2,0,0,0,2,7,250,22,2,6,3,2,2,1,43,0,2,4,2,0,0,0,3,0,23,2,1,2,9,0,0,3,31,1,0,0,4,0,5,0,0,0,0,0,0,1,0,0,0,0,0,0,0,0,0,0,0,1,1,0,0,0,0,0,0,0,8,0,0,0,0,2,0,0,0,2,0,0,0,0,0,0,0,2,1,0,20,4,0,2,13,2,1,2,3,1,2,36,0,2,6,0,0,1,0,2,1,0,1,1,5,3,1,0,0,0,0,0,0,2,0,2,0,0,0,0,0,0,1,0,1,0,0,3,0,0,0,0,0,0,0,0,0,0,0,0,0,2,4,2,4,3,0,0,0,0,0,0,3,0,0,0,0,0,0,0,0,0,0,0,0,2,0,3,0,0,0,0,1,0,1,0,0,0,0,0,0,0,2,0,14,0,9,0,0,4,0,0,69,0,4,0,3,1,0,0,0,2,4,11,7,1,0,0,2,262,5,0,2,38,0,0,8,38,1,0,1,118,0,1,11,18,0,1,1,1,1,14,0,0,0,0,49,0,3,0,4,0,1,6,4,1,1,0,11,0,0,0,0,0,1,1,0,1,0,0,0,0,0,0,0,0,0,0,0,0,0,2,13,157,0,2,0,2,6,17,1,19,7,3,0,0,0,2,0,22,14,9,1,0,0,0,0,0,17,82,1,4,8,13,0,0,1,3,0,2,0,0,1,0,4,0,0,0,1,1,2,0,0,35,0,1,0,3,0,0,0,0,0,0,0,3,21,1,0,13,0,0,7,1,88,0,0,0,0,2,0,3,0,4,8,0
4,1449,COLEGIO ESTADUAL PEDRO MACEDO,"AVENIDA REPUBLICA ARGENTINA,   2376",PORTÃO,-25.4675379,-49.29327,27,0,7642,6263,290,198,0,2,0,11,72,0,6,0,0,5,1,2,52,1,0,0,0,26,0,2,0,0,10,13,1,16,0,13,2,1,1,18,8,1,0,64,1,1,1,4,21,0,10,1,0,3,0,4,3,8,12,0,1,0,7,0,1,0,0,24,9,59,0,4,0,0,28,0,23,0,3,6,0,2,64,37,2,0,39,0,7,14,1,1,2,1,1,1,35,8,5,3,2,1,0,1,0,0,3,0,7,0,2,0,1,0,0,4,162,0,0,0,0,0,0,0,2,0,0,0,5,2,2,0,4,12,1,1,176,1,0,13,226,10,0,1,7,533,1,4,0,1,1,2,3,0,0,0,5,0,0,0,0,22,0,0,1,0,1,0,0,0,3,0,2,0,1,0,0,9,1,0,0,0,0,0,2,0,0,0,2,11,147,0,0,2,5,0,0,0,1,0,3,2,0,0,0,0,2,17,0,0,0,0,0,0,3,0,0,0,1,0,2,0,0,0,0,0,17,0,0,6,0,0,0,6,0,9,5,2,0,0,3,1,2,0,1,0,0,1166,8,0,0,0,0,1,0,3,2,0,7,0,0,0,3,0,1,0,0,0,0,3,0,0,0,0,7,13,11,1,0,0,0,0,0,5,0,1,0,0,0,0,2,6,306,27,2,1,2,1,0,5,46,3,2,1,4,3,2,0,0,0,24,1,0,0,5,0,0,4,27,1,0,1,5,4,0,0,2,4,1,0,0,0,0,0,0,0,0,0,0,0,0,0,0,0,0,0,0,0,0,0,0,0,31,0,0,0,0,0,0,0,0,0,0,0,0,2,0,0,0,0,1,0,25,7,3,0,19,8,1,1,1,0,8,31,0,0,5,1,2,0,0,6,0,0,0,0,5,1,0,0,2,0,0,0,1,6,0,0,0,0,1,0,0,0,0,0,1,0,0,2,0,0,0,0,0,0,0,1,0,0,0,2,0,1,0,0,12,3,0,0,0,0,0,0,2,0,0,0,0,0,0,0,0,0,0,0,0,0,0,11,1,0,0,0,0,0,0,0,3,0,1,0,0,1,6,0,19,0,5,3,0,2,1,1,70,1,8,1,2,3,2,0,0,2,9,13,5,1,0,0,2,275,10,0,3,22,0,0,2,68,1,0,1,142,1,3,9,17,0,1,0,6,0,10,1,2,3,0,65,0,3,2,0,1,0,8,7,4,0,0,5,0,0,1,0,0,1,0,1,2,0,0,0,0,0,0,1,0,0,0,0,0,1,1,9,199,0,3,0,1,7,20,1,26,10,12,4,0,0,1,2,13,26,8,5,0,0,0,0,1,21,116,0,1,9,20,0,0,1,2,0,1,0,0,0,0,1,0,0,0,2,0,2,0,0,42,3,2,0,0,0,1,0,0,1,0,0,0,19,0,0,25,0,2,0,0,86,0,0,1,0,0,0,13,0,0,14,0
4,1457,ESCOLA MUNICIPAL PAPA JOAO XXIII,"RUA ITACOLOMI,  700 - VILA LEAO",PORTÃO,-25.4793874,-49.2993917,27,0,5052,4140,223,169,0,0,2,2,48,3,1,0,1,2,0,0,28,3,0,0,0,11,0,0,1,1,1,15,2,5,1,7,0,0,0,16,3,1,0,53,0,0,0,0,19,0,6,0,0,1,0,5,0,3,8,0,0,0,8,1,0,0,0,6,14,41,0,6,0,0,12,1,20,0,0,2,0,0,43,30,2,1,8,0,9,10,4,0,6,0,4,0,25,1,4,0,0,3,0,0,1,0,0,0,4,4,15,0,0,0,0,0,132,0,0,0,0,0,0,0,1,0,0,1,3,1,1,0,2,4,0,3,142,0,1,4,109,4,0,0,10,226,5,0,0,0,1,9,1,0,0,1,0,0,0,0,0,30,0,0,0,0,1,0,0,0,0,0,0,0,0,1,0,0,0,0,0,0,0,0,6,0,2,1,0,1,68,0,0,0,5,0,0,0,0,0,3,4,0,0,0,0,1,5,0,2,0,0,0,1,0,0,0,0,0,0,0,0,0,0,0,0,11,0,0,5,0,0,0,1,0,0,1,1,0,0,1,0,2,0,1,0,0,623,1,1,0,0,0,0,2,2,1,1,3,0,0,0,4,0,6,0,0,0,0,1,0,0,0,3,0,27,1,2,0,1,0,0,0,0,0,0,0,0,0,2,3,2,169,12,2,1,2,0,0,1,39,4,0,1,0,2,5,0,1,0,46,1,0,0,11,1,0,0,12,1,0,1,5,0,1,0,0,0,0,0,0,0,0,0,0,0,0,0,0,0,0,0,1,0,0,0,0,0,0,0,0,0,21,0,0,0,0,1,0,0,0,4,1,0,0,0,0,0,0,0,1,0,10,7,0,1,3,2,0,0,0,2,0,19,0,0,2,0,1,0,0,0,0,0,0,0,2,0,0,0,0,0,0,0,0,4,0,0,0,0,0,0,0,2,0,0,0,0,0,0,1,0,0,0,0,0,0,0,1,2,0,0,0,1,0,0,4,0,0,0,0,0,0,0,0,0,0,0,0,0,2,0,0,0,0,0,0,2,0,8,0,0,0,3,0,0,0,0,0,0,1,1,1,0,0,2,8,0,3,2,0,0,0,2,71,0,1,0,0,4,0,1,0,0,2,9,7,0,0,0,0,219,12,1,0,28,1,0,3,50,2,0,0,135,0,0,8,19,0,2,0,1,0,6,0,2,0,0,53,0,1,0,0,2,1,2,2,0,0,0,2,0,1,0,0,0,0,0,0,0,0,0,0,0,0,0,0,0,0,0,0,0,0,0,5,185,0,0,0,0,4,6,0,26,13,0,0,1,0,1,7,22,13,4,1,0,0,0,2,0,18,92,0,1,8,9,2,0,0,2,1,0,0,0,0,0,2,0,1,0,0,0,3,0,0,26,0,0,1,0,1,0,0,1,0,0,1,3,14,0,0,11,0,2,2,0,108,0,0,0,0,1,0,8,0,1,10,0
4,1490,ESCOLA ESTADUAL MARECHAL CANDIDO RONDON,"RUA RICARDO NEGRAO FILHO, 287",PORTÃO,-25.47445,-49.3110344,27,0,3808,3110,192,162,0,1,5,4,31,0,4,0,0,1,1,0,24,2,0,0,0,6,0,2,0,0,2,8,1,2,1,4,0,2,1,23,0,1,0,54,1,2,1,0,16,0,6,0,2,3,0,3,0,4,5,0,0,0,1,0,0,0,0,3,5,39,0,5,1,0,6,0,8,0,2,3,0,1,24,35,1,0,23,0,3,8,5,0,1,0,0,1,38,1,7,1,0,0,0,0,1,0,1,0,2,0,4,0,0,1,0,0,115,1,2,0,0,0,0,0,1,0,0,0,1,1,1,0,2,6,0,1,109,0,0,9,90,6,0,0,3,102,2,0,0,0,0,5,0,0,0,0,0,0,0,0,0,18,0,0,4,0,0,0,0,0,3,0,2,0,0,0,0,0,6,1,0,0,0,0,2,0,2,0,0,4,41,0,0,0,0,0,0,0,0,0,1,0,1,0,0,0,3,5,0,0,0,0,0,0,0,0,0,0,1,0,0,0,0,0,0,0,6,0,0,1,0,0,0,1,0,3,0,1,0,0,0,0,1,0,1,0,0,430,0,0,0,0,0,2,0,0,0,0,4,0,0,0,2,0,2,0,0,2,0,1,0,0,0,0,0,12,3,0,0,0,0,0,0,0,0,1,0,0,0,0,0,1,139,14,3,0,0,0,2,3,23,1,1,2,0,0,1,0,1,0,27,3,0,0,1,1,0,3,8,0,0,6,4,1,1,0,0,0,1,0,0,1,0,0,0,0,0,0,0,0,0,0,0,0,1,0,0,0,0,0,0,0,11,0,0,0,0,0,0,0,0,0,0,0,0,0,0,0,0,0,0,0,5,3,2,0,2,4,0,0,1,1,1,11,0,0,2,0,0,0,0,1,0,0,0,0,2,0,0,0,0,0,0,0,0,17,0,0,0,0,0,0,1,3,0,1,0,0,0,0,2,0,0,0,0,0,0,0,0,1,0,0,0,1,0,0,1,0,0,0,0,0,0,0,0,0,0,0,0,0,0,0,0,0,0,0,1,0,0,6,1,0,0,0,1,0,0,0,0,0,0,0,0,0,3,5,3,0,7,2,0,2,0,1,80,0,1,0,0,3,0,1,0,0,4,6,5,1,0,0,0,167,5,1,0,18,0,0,0,23,0,0,0,106,1,1,1,8,0,0,0,1,0,5,0,6,0,0,25,0,1,1,1,0,0,3,1,1,0,0,4,1,1,0,0,0,0,0,1,0,0,0,0,0,0,0,3,0,0,0,0,0,1,0,6,118,0,0,0,0,5,11,3,20,0,1,1,0,0,8,7,6,9,8,7,0,0,0,0,0,5,60,0,0,1,5,0,0,3,1,0,0,0,0,0,0,1,0,0,0,0,1,1,0,0,15,0,0,0,2,1,0,0,0,1,0,0,1,10,1,0,26,2,1,1,0,77,0,0,2,0,1,0,4,0,0,3,0
4,1503,ESCOLA MUNICIPAL PROFESSOR FRANCISCO KLENTZ,"RUA FRANCISCO TISSOT, 119 - VILA ROSINHA",PORTÃO,-25.4724158,-49.3159873,27,0,2639,2210,183,112,0,2,0,7,38,0,2,0,0,2,0,0,29,0,0,0,0,4,1,1,0,0,2,13,1,0,0,4,0,0,1,15,0,0,0,26,0,0,0,0,15,1,2,1,0,0,0,0,0,1,2,0,0,0,2,0,0,0,3,5,5,38,0,4,0,1,9,0,6,0,1,0,0,0,26,16,0,0,16,0,7,13,11,2,0,0,1,0,24,1,9,0,0,0,0,0,0,0,0,0,0,2,1,0,0,1,0,1,52,1,1,0,0,0,0,0,0,0,0,0,1,1,0,0,0,13,0,2,89,0,0,1,45,2,0,1,4,88,4,0,1,0,0,11,1,0,0,0,0,0,0,0,0,20,0,0,8,0,0,0,0,0,0,0,0,0,1,0,0,1,1,0,0,0,0,1,1,0,0,0,0,1,21,0,2,0,1,0,0,0,0,0,4,0,0,0,0,0,1,4,0,0,0,1,0,0,0,0,0,0,0,0,2,0,1,0,0,0,1,0,0,1,1,0,0,1,0,1,0,0,0,0,0,0,1,2,1,0,0,279,1,2,0,0,0,1,1,0,0,0,0,0,0,1,0,0,1,0,0,0,0,0,0,0,0,0,0,8,0,0,0,0,0,0,0,0,0,0,0,0,0,0,1,0,64,6,1,0,1,0,0,0,23,1,0,0,1,0,2,0,0,3,12,1,0,0,4,0,0,2,8,2,0,3,7,2,0,0,1,0,0,0,0,0,0,0,0,0,0,0,0,0,0,0,0,0,0,0,0,0,0,0,0,0,0,0,0,0,0,0,0,0,0,0,0,0,0,0,0,0,0,0,0,0,2,2,1,0,4,1,0,0,0,4,0,7,0,0,1,0,0,0,0,0,0,0,0,0,0,0,0,0,0,0,0,0,0,4,0,0,0,0,0,0,0,1,0,0,0,0,0,0,0,0,0,0,0,0,0,0,0,2,0,0,0,1,0,0,2,1,0,0,0,0,0,0,0,0,0,0,0,0,0,0,0,0,0,0,0,0,0,4,0,0,0,0,0,0,0,0,0,0,0,0,0,0,2,4,4,2,0,2,0,0,0,1,55,1,0,0,0,1,0,0,0,0,0,7,2,0,0,1,0,122,4,0,1,15,0,0,1,20,0,0,0,92,0,3,2,14,0,0,0,0,0,2,0,0,0,0,23,0,0,0,0,0,0,1,4,0,0,0,1,4,0,0,0,0,1,0,0,0,0,0,0,0,0,0,1,0,0,0,0,0,0,0,2,71,0,2,0,0,5,0,0,7,15,3,1,0,0,2,0,4,8,8,0,0,0,0,0,0,1,64,0,0,4,7,0,0,0,0,0,1,0,0,0,0,1,0,0,0,0,0,0,0,0,5,0,0,0,0,5,0,0,0,0,0,0,0,9,0,0,10,0,0,0,0,25,0,0,0,0,2,0,4,0,0,7,0
4,1554,ESCOLA MUNICIPAL SAO MIGUEL,"RUA RAUL ZANON, 175 - SANTA HELENA",CIDADE INDUSTRIAL,-25.479553,-49.3367299,75,0,5618,4503,317,215,0,1,6,13,54,0,6,1,3,1,0,0,30,2,0,1,0,8,0,0,1,2,3,33,3,2,1,9,1,1,2,12,4,1,0,82,1,2,0,1,63,0,4,0,0,2,0,4,0,1,2,0,0,0,10,0,0,0,3,10,15,111,0,3,0,1,26,0,13,0,1,5,1,0,29,13,2,0,25,0,13,18,11,0,2,0,8,1,58,2,4,3,0,0,1,0,0,0,2,0,4,0,2,0,3,0,2,0,129,1,0,0,0,0,0,0,2,0,0,0,0,3,0,0,0,14,0,3,281,1,0,3,106,8,0,0,16,161,0,0,1,0,0,18,0,0,1,0,2,0,0,0,0,27,0,0,6,0,0,0,0,2,0,0,0,3,0,0,0,4,0,2,0,0,0,0,3,0,1,0,0,9,46,0,0,0,0,0,0,1,1,0,2,0,0,0,0,1,0,4,0,0,0,1,0,3,0,0,0,1,0,0,0,0,0,0,0,0,10,0,0,1,0,0,0,1,0,7,3,1,2,0,0,0,1,0,3,0,1,377,0,4,0,0,0,0,0,3,4,2,0,0,0,0,1,0,9,1,0,0,0,2,0,0,0,0,5,16,3,1,0,0,0,0,0,1,0,0,0,0,0,0,0,6,115,6,0,1,0,1,0,2,41,1,0,2,0,0,1,1,0,1,106,1,0,1,6,1,1,0,17,1,0,0,5,1,2,1,0,0,0,0,0,0,0,0,0,0,0,0,0,0,0,0,0,0,4,2,1,0,0,0,0,1,1,0,0,0,0,0,0,0,0,0,0,0,0,0,1,0,0,0,0,0,8,1,1,2,5,0,3,0,0,1,0,12,0,0,0,0,0,0,0,3,0,0,0,0,2,0,1,0,0,0,0,0,0,0,0,0,0,0,0,0,0,1,0,0,0,0,0,2,2,0,2,0,0,0,0,0,0,1,0,0,0,4,3,0,3,2,1,1,0,0,0,0,1,0,2,0,0,0,0,0,0,0,0,0,0,0,0,4,0,0,0,0,0,0,0,0,3,0,0,0,0,2,1,4,8,0,7,0,0,3,0,8,213,0,3,0,0,2,0,0,0,2,9,4,5,0,0,0,0,249,5,0,1,29,0,0,2,41,0,0,1,181,0,0,7,35,0,0,0,0,1,10,1,1,0,0,70,1,3,0,1,2,0,6,4,1,0,2,5,0,0,0,0,0,1,0,0,0,0,0,0,0,0,0,2,0,1,0,0,0,4,0,5,131,0,0,0,3,11,8,0,18,38,6,0,0,1,3,3,14,9,10,6,0,0,0,0,1,4,113,0,0,5,4,0,0,6,0,0,0,0,0,0,0,5,0,0,0,0,0,0,0,0,26,0,4,0,1,12,0,0,0,1,1,0,0,13,1,0,21,0,0,3,0,31,0,0,0,0,2,0,7,0,1,12,0
4,1562,ESCOLA MUNICIPAL PROFESSORA MARIA DO CARMO MARTINS,"RUA JOAO DEMBINSKI, 1377",CIDADE INDUSTRIAL,-25.4603265,-49.3450213,75,0,4830,3965,333,196,0,4,8,11,71,3,4,1,2,7,0,2,28,1,0,0,0,11,0,0,0,1,3,22,1,5,0,13,0,2,3,10,3,2,0,64,1,1,1,6,50,0,1,0,0,3,0,4,1,4,2,1,0,2,4,0,0,0,0,1,5,193,1,5,0,0,13,0,15,1,0,2,0,0,61,16,0,0,36,0,4,17,10,0,5,0,2,0,36,4,2,1,0,0,0,1,1,0,1,0,0,0,1,0,1,0,0,0,88,1,1,3,0,0,0,0,0,0,0,0,1,2,1,0,1,7,2,4,202,0,2,3,146,4,0,1,8,156,4,1,0,1,0,9,2,0,0,0,0,1,0,0,2,34,0,0,3,1,1,1,0,1,4,0,0,0,2,0,0,0,1,0,0,0,0,2,0,0,0,0,0,23,24,0,0,0,0,0,0,0,0,0,1,3,0,0,0,0,0,4,0,0,0,0,0,0,0,0,0,3,1,0,0,0,0,0,0,0,7,0,0,2,1,0,0,0,0,0,0,0,1,0,2,0,2,0,2,0,1,303,5,5,0,0,0,0,0,0,0,1,1,1,0,0,1,0,0,0,0,0,0,0,0,0,0,0,1,8,1,1,0,0,0,0,0,1,0,0,0,0,0,0,2,0,75,7,1,0,1,0,0,2,54,6,0,1,3,0,2,0,0,2,45,1,0,0,6,1,0,1,5,0,0,4,9,1,1,0,0,2,0,0,1,1,0,0,0,0,0,0,0,0,0,0,0,0,0,0,0,3,0,0,0,0,1,0,0,0,0,0,0,0,0,1,0,0,0,0,0,0,0,0,0,0,7,0,0,1,5,3,1,1,1,1,2,5,0,3,1,0,1,2,0,0,0,0,0,1,0,0,0,0,0,0,0,1,0,0,0,1,0,0,1,0,2,0,0,0,0,0,2,0,0,0,0,0,0,0,1,0,0,0,0,0,0,1,0,0,4,0,1,0,1,0,0,0,0,0,0,0,0,0,0,0,0,0,0,0,0,0,0,5,1,0,0,0,0,0,0,0,0,0,0,0,0,0,0,17,4,0,2,1,0,0,0,3,97,0,0,0,1,0,0,0,1,2,3,7,4,0,0,0,0,201,7,0,0,15,2,0,2,50,2,1,0,126,1,0,7,38,0,3,0,1,1,7,1,1,0,0,55,0,1,0,1,2,0,2,0,3,1,0,1,0,1,0,0,0,0,0,0,2,0,0,0,0,0,0,1,0,0,0,0,0,1,0,2,155,0,1,0,3,4,7,0,12,34,3,0,0,1,3,10,45,13,10,2,0,0,1,0,0,1,99,0,1,2,7,0,0,0,2,1,0,0,0,0,0,2,0,0,0,0,1,0,0,0,27,1,1,0,0,11,0,0,1,0,0,0,1,10,1,0,28,2,1,5,0,34,0,0,0,1,0,0,2,0,0,7,0
4,1570,ESCOLA MUNICIPAL HEITOR ALENCAR FURTADO,"RUA ROBERT REDZINSKI,  150",CIDADE INDUSTRIAL,-25.4572599,-49.3494379,75,0,3974,3253,288,158,0,1,7,5,43,1,7,0,1,2,0,0,26,2,0,0,0,6,1,0,1,2,4,20,1,1,0,8,0,2,3,11,6,0,0,61,0,0,1,8,26,0,0,0,1,0,0,0,0,2,1,0,0,0,6,1,0,0,0,2,8,135,0,3,0,1,14,0,10,0,2,1,0,0,45,13,0,0,23,0,2,19,5,0,0,0,1,1,22,1,1,2,0,0,0,0,0,0,2,0,2,0,1,0,1,0,0,2,89,0,0,0,0,0,0,0,2,0,0,0,2,2,2,0,0,3,3,3,162,0,0,6,106,3,1,1,9,117,3,1,2,0,1,16,0,1,0,0,2,1,0,0,1,34,0,0,3,0,0,0,0,0,0,0,1,0,1,1,0,0,3,0,0,0,0,1,5,0,3,0,0,3,29,0,0,0,1,1,0,0,0,0,1,0,0,0,0,0,0,1,0,2,0,1,0,1,2,0,0,0,0,0,0,0,2,0,0,0,5,3,0,0,0,0,0,3,0,1,3,1,0,1,3,0,0,0,0,0,1,287,1,2,0,0,0,1,0,1,3,1,1,0,1,0,0,0,0,0,0,0,0,0,0,0,0,0,0,12,0,0,0,0,0,0,0,0,0,0,0,0,0,0,0,1,77,8,1,4,3,0,0,0,38,1,1,1,4,0,0,0,0,1,66,3,1,2,5,1,0,1,6,0,0,1,4,2,2,0,0,0,0,0,0,0,0,0,0,0,0,0,0,0,0,0,1,0,0,1,0,0,0,0,1,0,7,1,0,0,1,0,0,0,0,0,0,0,0,0,0,0,0,0,0,0,6,1,1,0,4,3,2,0,0,3,0,4,0,1,1,0,1,0,0,0,0,0,2,0,3,0,1,0,0,0,0,0,0,0,0,3,0,0,0,0,4,0,0,0,0,0,0,0,0,0,0,0,0,0,0,0,0,0,0,0,0,0,0,0,1,1,0,1,0,0,0,0,1,3,0,0,0,0,0,0,0,0,0,0,0,0,0,5,0,0,0,0,0,0,0,0,1,0,0,1,0,1,1,6,9,0,1,0,0,3,0,3,51,0,0,1,0,2,0,0,0,2,2,2,1,0,0,1,0,168,3,0,0,15,1,0,3,29,0,0,0,99,0,2,5,11,0,3,0,1,0,7,0,3,0,0,30,0,1,0,1,0,2,2,2,0,0,0,0,0,1,0,1,0,1,0,0,0,0,0,0,0,0,0,2,0,0,1,0,0,0,0,3,125,0,0,0,1,3,4,1,14,16,2,1,0,0,2,3,42,9,12,2,0,0,1,0,1,1,106,0,0,2,6,0,0,0,2,1,0,0,0,0,0,1,0,0,0,0,0,0,0,0,30,2,6,0,2,1,0,0,0,0,0,0,0,9,1,0,23,0,4,5,0,22,0,0,0,1,1,0,1,0,0,5,0
4,1589,ESCOLA MUNICIPAL JARDIM SANTOS ANDRADE,"RUA LUIZ ZILLI, 405",CAMPO COMPRIDO,-25.4565079,-49.3259374,44,0,2716,2178,158,98,0,1,1,3,25,2,0,0,1,4,1,0,17,1,0,0,0,9,1,0,0,0,1,11,1,6,0,4,0,2,3,9,0,0,0,15,0,1,1,13,7,1,0,0,1,0,0,5,0,1,1,0,0,0,2,0,0,0,1,2,14,28,1,2,0,0,12,0,8,0,0,2,0,0,18,16,0,0,13,0,3,6,2,0,1,2,1,0,17,4,3,2,1,0,0,0,1,0,2,0,0,1,1,0,0,0,0,1,52,0,0,0,0,0,0,0,1,0,0,0,3,1,0,0,1,2,0,0,91,0,0,5,58,2,0,0,3,125,0,0,0,1,2,5,2,0,0,0,1,0,0,0,0,14,0,0,2,0,0,0,0,0,0,0,0,0,0,0,0,0,1,0,0,0,0,0,1,0,1,0,1,4,28,0,0,0,3,2,0,0,0,0,2,2,0,0,0,0,0,4,0,0,0,0,0,0,1,0,0,0,0,0,1,0,0,0,0,0,4,0,0,1,0,0,0,8,0,4,1,0,0,0,2,1,0,3,1,0,0,284,1,1,0,0,0,0,0,2,0,0,0,0,0,0,0,0,2,0,0,0,0,0,0,0,0,5,0,3,1,0,0,0,0,0,0,1,0,0,0,0,0,0,3,6,65,5,0,0,1,0,0,1,18,1,0,1,0,1,0,0,0,0,14,0,0,0,4,0,0,0,6,0,0,4,1,0,0,0,0,0,0,0,1,0,0,0,0,0,0,0,0,0,0,0,0,0,0,0,0,0,0,1,0,0,6,0,0,0,0,0,0,0,0,1,0,0,0,0,0,0,0,0,1,0,4,4,0,0,6,0,0,0,2,0,0,10,0,3,0,0,0,0,0,1,0,0,0,0,0,0,0,0,0,0,0,0,0,0,0,0,0,0,1,0,0,0,0,0,0,0,0,0,0,0,0,0,0,0,0,0,0,0,0,1,0,0,0,0,1,0,0,1,0,0,0,0,0,0,0,0,0,0,0,0,0,0,0,0,0,0,0,5,0,0,0,0,0,0,0,0,0,0,0,0,0,0,1,5,3,0,3,3,0,1,0,0,106,0,1,1,0,3,0,0,0,2,0,4,1,1,0,0,0,118,2,0,0,5,0,0,2,16,2,0,0,46,1,0,10,15,0,3,0,0,0,6,0,1,0,0,31,0,0,0,1,0,0,3,2,1,0,0,3,0,0,3,0,0,0,0,0,4,0,0,0,0,0,0,3,0,0,0,0,0,0,0,3,72,0,0,0,0,2,5,0,12,10,3,1,0,0,0,4,13,4,5,0,0,0,0,0,0,0,42,0,0,2,5,0,0,0,0,0,1,0,0,0,0,2,0,0,0,1,0,0,0,0,24,0,2,0,0,0,0,0,0,0,0,0,0,7,0,0,14,0,1,3,0,22,1,0,0,0,0,0,0,0,0,5,0
4,1597,FUNDACAO DE AÇÃO SOCIAL DO CAMPO COMPRIDO - FAS (MUNICIPAL),"RUA EDUARDO SPRADA, 4520",CIDADE INDUSTRIAL,-25.4468243,-49.3486726,75,0,2868,2336,156,108,0,0,3,3,30,1,2,0,0,2,0,2,17,2,0,1,0,8,0,0,0,0,2,10,2,6,0,4,1,1,1,7,0,1,0,21,0,0,0,9,10,0,4,0,0,0,0,3,0,0,4,0,0,1,3,0,0,0,0,4,1,75,0,8,0,0,8,1,7,2,0,0,0,0,22,21,0,0,12,0,2,9,3,0,0,0,0,1,24,0,5,1,0,0,0,4,0,0,0,0,1,0,1,0,0,0,0,0,54,0,0,0,0,0,0,0,3,0,0,0,0,1,0,0,0,3,0,1,78,0,2,0,79,0,1,0,6,121,0,1,0,0,0,4,0,1,0,0,1,0,0,0,0,10,0,0,1,0,0,0,0,0,0,0,0,0,2,0,0,1,1,0,0,0,0,0,2,0,0,0,0,3,22,0,0,0,1,0,1,0,0,0,3,0,0,0,0,0,1,3,0,0,0,0,0,1,3,0,0,0,0,0,1,0,0,0,0,0,0,0,0,3,0,0,0,4,0,1,2,1,0,0,2,0,1,0,0,0,0,367,5,0,0,0,0,0,0,1,2,1,0,0,0,0,1,0,1,0,0,0,0,0,0,0,0,0,1,10,2,0,0,0,0,0,0,0,0,0,0,0,0,0,2,0,82,4,0,3,0,0,0,0,25,1,1,0,2,0,2,0,0,1,37,1,0,0,3,0,0,0,5,0,0,0,1,0,0,0,0,0,0,0,0,0,0,0,0,0,0,0,0,0,0,0,0,0,0,0,0,0,0,0,0,0,8,0,0,0,0,0,0,0,0,0,0,0,0,0,0,0,0,0,0,0,9,4,0,0,4,3,0,0,1,0,1,2,0,2,1,0,0,0,1,1,0,0,0,0,0,1,0,0,0,0,0,0,0,0,0,1,0,0,0,0,1,0,0,0,0,0,0,0,2,0,0,0,0,0,0,0,0,1,0,0,0,1,0,0,0,0,0,0,0,0,0,0,6,0,1,0,0,0,0,0,0,0,0,0,0,0,0,9,3,0,0,0,0,0,0,0,2,0,0,0,1,0,1,0,2,0,3,0,0,0,0,2,29,0,1,0,0,2,0,0,0,1,4,2,2,0,0,0,0,119,7,0,0,8,0,0,0,30,0,0,2,68,0,2,7,11,0,1,0,2,0,7,0,3,0,0,25,0,0,1,3,2,0,1,3,1,0,0,6,0,1,1,0,0,0,0,0,0,0,0,0,0,0,0,0,0,0,1,0,0,0,0,3,80,0,1,0,1,3,4,2,18,6,2,0,0,0,1,2,20,5,2,6,0,0,0,2,0,0,49,0,0,2,4,1,0,0,1,2,0,0,0,0,0,2,0,0,0,0,0,1,0,0,19,1,5,0,0,0,0,0,0,0,0,0,0,8,0,0,6,0,0,0,0,17,0,0,0,0,1,0,4,0,0,4,0
4,1600,ESCOLA MUNICIPAL MORADIAS DO RIBEIRAO,"RUA JOAO DEMBINSKI, 3030",CIDADE INDUSTRIAL,-25.4746405,-49.3394871,75,0,3463,2838,212,153,0,1,4,9,39,2,2,1,0,3,1,1,17,4,0,0,0,2,2,3,2,1,1,18,1,1,0,5,0,0,2,13,0,3,0,54,1,1,1,0,34,0,0,0,0,0,0,0,1,3,1,0,0,0,11,0,0,0,0,1,7,77,1,2,1,2,12,0,11,0,0,3,0,0,33,5,1,0,16,0,3,14,3,0,2,0,0,0,34,0,5,0,0,1,0,0,0,0,0,0,0,0,3,0,0,0,0,2,99,0,1,2,0,1,0,0,0,0,0,0,1,4,1,0,1,5,1,3,140,0,0,2,73,2,0,0,9,116,1,0,0,0,2,14,0,1,0,0,0,0,0,0,0,28,0,0,9,0,0,0,0,0,0,0,2,0,0,0,0,0,1,3,0,0,0,1,2,0,1,0,0,1,24,0,0,2,0,0,0,0,1,0,0,0,0,0,0,0,1,4,0,0,0,0,0,0,1,0,0,0,0,0,0,0,0,1,0,0,8,0,0,1,0,0,0,1,0,2,1,1,1,0,3,1,1,0,2,0,0,265,1,3,0,0,0,0,0,0,2,1,0,1,0,0,2,0,1,0,0,0,0,0,0,0,0,1,1,8,0,2,0,0,0,0,0,0,1,1,0,0,0,1,1,3,72,3,0,2,0,0,0,0,20,4,0,2,0,0,0,0,2,0,67,0,0,0,2,0,1,1,7,0,0,1,4,2,2,0,0,1,0,0,0,0,0,0,0,0,0,0,0,0,0,0,0,0,1,1,0,0,0,0,0,0,0,0,0,0,0,0,0,0,1,3,0,1,0,0,1,0,0,0,0,0,4,1,0,0,2,3,1,1,1,3,1,7,1,0,1,0,0,0,0,1,0,0,0,0,2,0,0,0,0,0,0,0,1,1,0,0,0,0,0,0,0,1,0,0,0,0,0,0,0,1,0,0,0,2,0,0,0,2,0,0,0,0,0,0,3,1,0,0,0,0,0,0,1,0,1,0,0,0,0,0,0,0,0,0,0,0,0,4,0,0,0,0,0,0,0,0,0,0,0,1,0,0,1,6,1,1,2,0,0,3,0,2,62,0,2,1,0,3,0,0,1,2,2,2,4,1,0,1,1,159,4,0,0,24,0,0,1,34,6,0,0,128,0,1,3,21,0,0,0,2,0,5,0,1,0,0,33,0,0,1,1,0,1,4,0,0,1,0,3,1,0,0,0,0,1,0,0,0,0,0,0,0,0,0,0,0,0,0,0,0,0,0,4,78,0,0,1,0,4,14,0,6,16,0,0,0,0,1,4,8,11,6,3,0,0,0,0,0,2,67,0,0,5,2,0,1,0,2,0,1,0,0,0,0,1,0,0,0,0,0,0,0,0,18,0,1,0,0,16,0,0,0,0,0,0,0,9,0,0,14,0,0,0,0,20,0,0,0,0,0,0,4,0,0,10,0
4,1619,ESCOLA ESTADUAL JOSE FRESSATO,"RUA NOVA LONDRINA, 30",AUGUSTA,-25.4572049,-49.3775575,68,0,1857,1501,136,96,0,6,1,0,12,0,1,0,0,0,0,0,11,0,0,0,0,0,0,0,1,3,1,6,0,2,0,0,0,1,1,2,0,0,0,19,0,0,0,37,7,0,0,0,0,0,0,1,0,4,0,0,0,0,4,0,0,0,1,0,2,119,2,2,3,1,15,0,1,0,1,2,0,0,12,9,3,0,24,0,4,6,4,0,1,0,1,0,13,0,6,0,1,0,0,0,0,0,2,1,0,0,0,0,0,0,0,0,23,3,0,0,0,0,0,0,4,0,0,0,3,0,0,0,0,11,0,0,83,0,0,1,10,0,0,0,1,46,1,1,0,0,0,4,0,0,0,0,0,0,0,0,0,4,0,0,0,1,0,0,0,0,0,0,0,0,0,1,0,0,0,6,0,0,0,0,1,0,0,2,0,3,12,0,0,0,0,1,0,0,0,5,0,0,0,0,0,0,0,1,0,0,0,0,3,0,0,0,0,0,0,0,0,0,0,0,0,0,3,0,0,1,0,0,0,3,0,0,0,1,0,0,3,2,0,0,0,0,0,127,1,0,0,0,0,0,0,0,3,0,0,0,0,0,0,0,0,0,0,0,0,0,0,0,0,0,3,6,0,0,0,0,0,0,0,0,0,0,0,0,0,0,0,0,34,3,0,0,0,0,0,0,20,6,0,0,0,0,0,0,1,0,27,1,0,0,0,1,0,0,4,1,0,1,6,0,0,0,0,0,0,1,0,0,0,0,0,0,0,0,0,0,0,0,0,0,0,0,0,0,0,0,0,0,6,0,0,0,0,0,0,0,0,0,0,0,0,0,0,0,0,0,0,0,1,0,1,0,1,1,0,0,0,0,0,1,0,0,0,1,1,0,0,0,0,0,0,0,1,0,0,0,0,0,0,0,0,0,0,0,0,0,0,0,0,0,0,0,0,0,0,0,0,0,0,0,0,0,0,0,0,0,0,0,0,1,0,0,0,1,0,0,0,0,0,0,0,0,0,0,0,0,0,0,0,0,0,0,0,0,0,0,0,0,0,0,0,0,0,0,0,0,1,0,0,0,0,2,0,0,0,0,0,0,0,0,35,0,1,0,0,1,0,0,0,0,4,1,0,0,0,0,0,54,1,0,0,4,0,0,0,11,0,0,0,72,0,1,4,13,0,0,0,0,0,0,0,0,0,0,16,0,0,0,0,2,0,0,0,0,0,0,1,0,0,0,0,0,0,0,0,0,0,0,0,0,0,0,0,0,0,0,0,0,0,0,0,24,0,0,0,0,0,5,0,7,22,0,0,0,0,2,0,1,4,11,0,0,0,0,0,0,0,42,1,0,0,14,0,0,0,0,0,0,0,0,0,0,5,0,0,0,0,2,0,1,0,15,0,2,0,0,1,0,0,0,0,0,0,1,1,0,1,11,2,0,1,0,3,0,0,0,0,0,0,2,0,2,0,0
4,1627,CEI - CENTRO DE EDUCAÇÃO INFANTIL OLIVIO SOARES SABOIA (MUNICIPAL),"R JOAO ALEXANDRE KOPP, 505",CIDADE INDUSTRIAL,-25.4805601,-49.3475155,75,0,3294,2699,243,146,0,0,5,4,32,0,2,1,2,0,0,1,22,0,0,0,0,4,0,2,0,1,2,12,2,0,0,6,0,2,1,11,2,3,1,33,0,2,1,0,18,0,1,0,0,0,0,4,0,3,1,0,0,0,13,0,0,0,0,0,7,110,1,1,1,1,14,0,4,0,2,5,0,0,29,13,0,0,25,0,0,6,3,0,0,1,0,1,30,0,3,5,1,0,0,2,0,0,0,0,3,1,2,0,0,0,0,0,55,0,0,0,0,0,0,0,0,0,0,0,0,2,0,0,0,4,0,0,126,0,1,3,64,3,0,1,11,91,1,1,0,1,1,12,0,0,0,0,0,0,0,0,1,17,0,0,2,0,0,0,0,0,0,0,0,0,0,0,0,0,0,1,0,0,0,1,2,0,0,2,1,4,27,0,0,1,0,0,0,0,0,0,1,1,0,0,0,0,0,5,0,0,1,1,0,0,1,0,0,0,0,0,0,0,0,0,0,0,4,0,0,0,1,0,0,1,0,2,0,1,0,0,2,1,3,1,0,0,0,203,0,1,0,0,0,0,0,2,1,1,1,1,0,0,0,0,4,0,0,0,0,0,0,0,0,0,6,16,1,2,0,0,0,0,0,0,0,0,0,0,0,0,0,3,97,5,0,4,1,0,1,4,21,3,0,0,0,1,2,1,0,0,63,1,0,0,0,1,0,1,4,0,0,0,4,1,0,0,0,0,0,0,0,0,0,0,0,0,0,0,0,0,0,0,0,0,0,0,0,0,0,0,0,0,3,0,0,0,0,0,0,0,1,1,0,0,0,0,0,0,0,0,0,1,1,0,4,0,3,1,0,0,0,0,0,2,0,0,1,0,0,0,0,1,0,0,0,0,1,0,1,0,0,0,0,0,0,0,0,1,0,0,0,0,0,0,0,0,0,0,0,0,0,0,0,0,0,0,0,0,0,1,0,0,0,0,0,0,1,0,0,0,0,0,0,0,0,0,1,0,0,0,0,0,0,0,0,0,0,1,0,4,0,0,1,0,0,0,0,0,0,0,0,0,0,0,1,4,3,0,3,2,0,0,0,0,108,0,1,0,0,2,0,1,0,3,3,2,2,0,0,0,0,165,6,0,0,16,0,0,2,15,1,0,0,136,0,0,5,17,0,0,0,0,0,5,0,0,1,1,27,0,0,1,0,0,1,2,2,0,0,0,1,0,0,0,0,0,0,0,1,2,0,0,0,0,0,0,0,0,0,0,0,1,0,0,2,81,0,1,1,0,1,6,0,10,23,2,1,0,0,1,0,8,6,4,2,0,0,0,1,0,1,78,0,1,2,6,0,0,3,1,0,1,0,0,0,0,4,1,0,0,0,0,0,0,0,25,0,3,0,2,7,0,0,0,0,0,0,0,6,1,0,23,0,0,3,0,21,0,0,0,0,0,0,4,0,0,9,0
4,1643,COLÉGIO ESTADUAL PROFESSORA HILDEGARD SONDAHL - EFM,"RUA JOAQUIM DE SIQUEIRA CORTES, 62",CIDADE INDUSTRIAL,-25.4871391,-49.3529339,75,0,3055,2496,246,144,0,0,3,4,25,0,2,0,0,3,0,0,20,0,0,0,0,1,0,1,0,2,2,8,0,1,0,7,0,0,0,8,1,1,0,53,0,1,2,0,32,1,3,0,0,0,0,1,0,1,2,0,0,0,9,0,0,0,0,2,10,80,0,3,0,1,18,0,10,1,0,3,0,0,29,19,0,0,20,1,4,17,1,1,0,2,3,0,18,3,1,0,0,0,0,0,1,0,0,0,0,0,3,0,0,0,0,1,51,0,0,0,0,1,0,0,2,0,0,1,2,1,1,0,0,2,2,4,110,0,0,2,35,2,0,1,23,85,1,0,0,0,1,5,0,0,0,0,1,0,0,0,0,16,0,0,0,1,0,0,0,0,0,0,0,1,2,1,0,0,0,1,0,0,0,0,1,0,0,0,0,12,22,0,0,1,0,0,0,0,0,0,0,0,0,0,0,0,1,4,0,0,1,1,0,0,0,2,0,0,0,0,0,0,0,10,0,1,5,0,0,0,0,0,0,0,0,5,0,1,1,0,0,0,1,0,0,0,0,161,0,0,0,0,0,2,0,0,0,0,0,0,0,0,0,0,2,0,0,3,0,0,0,0,0,0,0,4,2,0,0,0,0,0,0,0,0,0,0,0,0,0,2,5,57,2,5,0,1,0,0,2,20,0,0,0,2,0,2,1,0,0,33,1,0,0,4,0,0,2,5,1,0,1,6,2,0,0,1,0,0,0,0,0,0,0,0,0,0,0,0,0,0,0,0,0,0,0,0,0,0,0,0,0,1,0,0,0,1,0,0,0,0,0,0,0,0,0,0,0,0,0,1,0,5,1,0,0,0,1,2,1,0,1,1,6,0,0,1,0,1,0,2,1,0,0,0,0,0,0,0,0,0,0,0,0,0,5,0,0,0,0,0,0,0,0,0,0,0,0,0,0,0,0,0,0,0,0,0,0,0,0,0,0,0,1,1,0,1,1,0,0,0,0,0,0,0,1,1,0,0,0,0,0,0,0,0,0,0,0,0,2,0,0,0,0,0,0,0,0,0,0,0,0,0,0,5,1,8,1,2,2,0,1,0,1,112,0,0,0,0,0,0,0,0,0,0,2,3,0,0,0,0,144,6,0,0,13,0,0,3,28,2,0,1,104,1,1,13,21,0,1,0,2,0,10,0,0,0,0,31,0,1,5,0,1,0,2,0,1,1,0,6,0,0,1,0,0,0,0,0,1,0,0,0,0,0,0,0,0,0,0,0,0,0,0,0,64,1,0,1,0,2,4,1,11,20,0,1,0,0,0,4,7,6,5,0,0,0,0,0,0,1,91,0,1,2,7,0,0,0,1,2,0,0,0,0,0,1,0,0,0,1,0,0,1,0,23,1,0,0,0,0,0,0,1,0,0,0,0,20,1,0,22,0,0,2,0,13,0,0,0,0,0,0,4,0,0,8,0
4,1651,ESCOLA ESTADUAL MONSENHOR IVO ZANLORENZI,"R EDUARDO SPRADA, 4114",CAMPO COMPRIDO,-25.4448298,-49.3454058,44,0,4662,3804,247,166,0,2,2,7,51,1,3,1,0,3,0,1,36,1,1,0,0,21,1,1,0,2,3,15,3,2,1,7,4,1,0,25,2,4,0,23,0,3,0,6,8,2,6,0,0,0,0,6,0,2,5,1,0,0,6,0,0,0,1,5,3,79,1,7,0,0,25,0,16,2,3,5,0,0,33,20,4,0,10,0,4,16,3,0,0,1,2,3,25,2,8,1,1,0,0,1,2,0,2,0,4,0,2,0,3,0,0,0,92,1,0,0,1,0,0,0,0,0,1,0,5,2,1,0,1,9,2,3,125,0,1,3,107,1,1,1,5,198,0,0,0,0,0,5,1,0,0,0,2,0,0,0,2,26,1,0,0,0,0,0,0,1,2,0,0,0,1,1,0,2,3,0,0,0,0,0,1,0,1,0,1,3,44,0,0,0,1,0,0,0,0,0,1,1,0,0,0,0,5,3,0,0,0,0,0,0,4,0,0,0,0,0,0,0,0,1,0,1,7,1,0,4,1,0,0,0,0,6,0,0,0,0,1,0,0,0,0,0,0,627,6,0,1,0,0,0,0,2,0,3,0,1,1,0,0,0,1,0,0,0,0,0,0,0,1,0,1,8,1,0,0,0,1,0,0,1,0,0,0,0,0,0,2,4,153,5,1,1,1,1,0,4,35,3,1,3,2,1,2,1,0,1,50,3,0,1,4,0,0,2,13,2,0,2,3,3,1,0,2,0,1,0,0,0,0,0,0,0,0,0,0,1,0,0,0,0,0,0,0,0,0,0,0,0,11,0,0,0,0,1,0,0,0,1,0,1,0,0,0,0,0,0,0,0,14,5,4,0,9,2,3,0,2,3,1,14,0,5,2,0,0,0,0,2,3,0,0,0,2,1,0,0,0,0,0,0,0,1,0,0,0,0,0,0,0,2,0,0,0,0,0,0,0,1,0,0,0,0,0,0,0,2,0,0,0,1,1,0,3,0,0,0,0,0,0,0,1,0,0,0,0,0,0,0,0,0,0,0,0,0,0,5,0,0,1,0,0,0,0,0,0,0,0,0,0,1,0,0,6,0,3,0,0,2,1,2,70,0,1,2,0,3,0,0,0,3,4,8,9,1,1,1,0,240,5,1,0,17,1,0,4,18,0,0,0,103,1,2,5,10,0,4,0,0,0,7,0,0,0,0,33,1,1,0,1,2,0,3,2,3,0,0,3,0,0,1,0,0,1,0,0,0,0,0,0,0,0,0,1,0,0,1,0,0,2,0,3,143,0,0,0,2,3,8,0,34,10,0,1,0,0,0,1,24,13,8,7,1,0,1,0,0,0,81,0,0,8,10,0,0,1,0,0,0,0,0,0,0,8,0,0,1,0,0,1,0,0,28,6,0,0,1,0,0,0,0,0,0,0,1,11,1,1,14,0,1,2,0,27,0,0,0,0,1,0,2,0,0,10,0
4,1694,ESCOLA MUNICIPAL PROFESSOR ULISSES FALCAO VIEIRA,"RUA EDUARDO SPRADA,  5062",CIDADE INDUSTRIAL,-25.4495891,-49.3524682,75,0,4087,3310,246,170,0,1,4,4,38,1,1,0,1,4,0,1,25,3,0,0,0,9,0,0,0,0,3,25,2,3,1,9,0,1,2,11,3,2,1,43,0,0,3,4,18,1,1,0,0,5,0,1,0,0,7,0,0,0,5,1,0,0,0,2,5,99,2,8,2,0,18,1,14,0,1,2,0,0,36,29,0,1,15,0,6,16,2,0,1,0,7,0,22,0,4,1,0,1,1,0,0,0,2,0,1,1,0,0,1,0,0,0,85,2,0,0,0,0,0,0,0,0,0,0,1,1,0,0,0,8,1,2,142,0,0,5,83,6,1,0,4,166,1,1,0,1,1,5,1,0,0,3,1,0,1,0,0,26,0,0,0,0,1,0,0,0,0,1,0,0,3,0,0,0,1,0,0,0,0,1,1,0,0,0,1,10,29,0,0,0,1,0,0,0,0,0,1,2,0,0,0,0,5,2,0,0,0,0,0,0,4,0,0,1,1,0,0,0,0,0,0,0,6,0,0,0,1,0,0,2,0,3,3,3,0,0,1,1,1,0,0,0,2,428,3,0,0,0,0,1,0,0,0,0,0,0,0,1,2,0,2,0,0,0,0,0,0,0,0,0,2,12,0,0,0,0,0,0,0,0,0,1,0,0,0,0,0,4,127,5,0,0,1,0,0,3,36,1,0,0,1,0,0,0,0,1,60,1,0,13,2,1,0,1,16,0,0,3,2,0,1,0,0,0,0,0,0,0,0,0,0,0,0,0,0,0,0,0,0,0,0,0,0,2,0,0,0,0,6,0,1,0,0,0,0,0,0,0,0,4,0,0,0,0,0,0,0,0,5,4,1,0,10,1,2,0,0,0,3,5,0,2,4,0,1,0,0,1,0,0,1,0,3,0,0,0,0,0,0,0,0,1,0,0,0,0,0,0,0,0,0,0,1,0,0,1,0,0,0,0,0,0,0,0,0,4,0,0,0,0,1,1,1,0,0,1,0,0,0,0,1,1,1,0,0,0,0,0,0,0,0,3,0,0,0,2,1,0,0,0,2,0,0,0,0,0,0,0,0,1,1,1,3,2,2,1,0,1,0,0,56,1,0,0,0,0,1,0,0,0,4,6,6,0,0,0,0,169,1,0,0,18,0,0,4,20,1,0,0,94,0,0,5,19,0,0,0,0,0,6,1,1,0,0,38,0,0,2,0,0,0,0,9,2,0,0,2,0,1,0,0,0,0,0,0,0,0,0,0,0,0,0,0,1,0,2,0,0,0,0,1,114,0,0,1,1,4,16,1,20,14,3,1,0,0,0,1,23,14,6,4,1,0,0,0,0,1,93,0,0,1,5,0,0,0,0,0,1,0,0,0,0,1,1,1,0,1,0,2,1,1,22,0,6,0,2,1,0,0,0,0,0,0,0,14,0,0,14,0,1,0,0,11,1,0,3,0,1,0,2,0,3,7,0
4,1708,COLEGIO ESTADUAL TEOTONIO VILELA,"RUA ROBERT REDZIMSKI, 1000",CIDADE INDUSTRIAL,-25.4573312,-49.3490455,75,0,5696,4606,463,266,0,3,3,14,61,0,1,0,1,5,0,0,44,0,1,0,1,11,0,0,0,2,5,20,2,6,1,12,0,0,3,26,1,1,0,76,0,4,2,11,57,1,3,1,0,0,0,6,0,5,1,0,0,0,4,2,0,0,0,3,12,187,1,9,2,0,12,0,21,0,0,2,0,0,49,17,1,0,35,0,11,13,11,1,0,1,0,0,40,1,7,1,0,1,0,4,0,0,1,0,2,0,2,0,2,0,0,1,95,0,0,0,0,0,0,0,3,0,0,0,0,5,0,0,1,6,0,7,232,1,1,5,127,8,0,1,11,180,3,0,0,1,0,13,0,0,0,0,0,0,0,2,1,39,0,0,1,0,0,0,0,0,0,0,0,0,8,0,0,0,0,0,0,0,0,1,6,0,0,0,0,12,23,1,1,0,0,1,0,0,0,0,4,1,0,0,0,1,1,4,1,0,0,4,0,1,2,0,1,0,0,0,1,0,0,0,0,1,12,1,0,1,0,0,0,2,0,2,2,0,0,0,4,0,1,2,0,0,1,333,0,0,0,0,0,3,0,0,0,2,1,0,0,0,1,0,1,0,0,0,0,0,0,1,0,0,0,11,0,1,1,0,0,0,0,2,0,0,0,0,0,0,0,3,97,4,2,1,6,1,1,1,37,9,0,0,3,1,2,1,0,2,78,2,0,5,8,0,0,3,9,0,0,3,4,0,5,0,0,1,1,0,0,0,1,0,0,0,0,0,0,0,0,0,0,0,0,0,0,0,0,0,0,0,4,1,1,0,1,0,0,0,0,0,0,1,0,0,0,0,0,0,1,0,5,4,1,0,4,1,2,4,0,2,2,4,0,2,3,0,0,0,0,0,0,0,0,0,0,0,2,0,0,1,0,0,0,0,0,0,0,0,0,0,2,3,0,0,0,0,0,0,0,0,0,0,1,0,0,0,0,2,0,0,0,0,1,0,2,1,0,1,0,0,0,0,4,0,1,0,0,0,0,0,0,0,0,1,0,0,0,4,0,0,0,0,3,0,0,0,0,0,0,0,0,1,2,11,4,1,6,0,0,4,0,5,94,0,2,1,1,2,0,0,1,2,5,9,2,0,0,2,0,236,7,1,0,18,2,0,5,40,4,0,0,168,0,0,7,24,0,3,0,1,0,12,2,3,0,0,58,0,2,2,2,2,1,2,1,0,0,0,6,0,1,0,0,0,0,0,0,0,0,0,0,0,0,0,1,0,0,1,0,0,0,0,5,165,0,0,0,3,7,10,0,29,24,0,2,0,0,1,6,63,14,8,4,0,0,1,0,0,2,157,0,0,9,18,0,0,1,1,0,0,0,1,0,0,4,1,0,2,0,0,0,0,0,37,1,9,0,2,6,0,0,0,0,0,0,0,13,3,0,27,0,4,1,0,28,0,0,0,1,1,0,5,0,0,21,0
4,1716,COLEGIO (PARTICULAR) MARTINUS PORTÃO,"RUA ARTHUR MOHR,144",PORTÃO,-25.4728121,-49.2993114,27,0,2339,1967,70,36,0,0,0,4,31,0,1,0,0,2,1,0,17,1,0,1,0,14,0,0,0,2,3,9,1,5,0,5,0,0,0,15,0,2,0,11,0,0,1,1,3,0,2,0,0,0,0,0,0,2,9,0,0,0,7,0,0,1,0,4,1,23,0,3,0,0,5,0,18,0,0,0,0,0,19,7,0,0,7,0,4,2,0,0,1,0,0,0,14,0,2,0,0,1,0,3,0,0,2,0,6,0,2,0,0,0,0,1,61,0,0,0,0,0,0,0,0,0,0,0,1,0,0,0,0,4,0,4,44,0,0,3,71,2,0,1,2,158,1,1,0,1,1,1,0,0,0,0,0,0,0,0,0,29,0,0,0,0,0,0,1,0,0,0,0,1,0,2,0,0,0,0,0,0,0,0,0,0,0,0,0,3,39,0,0,0,1,0,0,0,1,0,0,1,0,0,0,0,1,2,0,0,0,0,1,0,0,0,0,0,0,0,0,0,0,0,0,0,1,0,0,0,0,0,0,0,0,5,1,0,0,0,1,1,0,0,1,0,0,405,2,0,0,0,0,0,0,0,0,2,0,0,0,0,0,0,1,0,0,0,0,0,0,0,0,0,0,3,0,0,0,0,0,0,0,0,0,0,0,0,0,0,3,3,125,1,0,2,0,0,0,0,14,0,0,0,0,0,1,0,0,1,6,0,0,0,2,0,0,1,16,0,0,0,0,0,1,1,0,1,0,0,0,0,1,0,0,0,0,0,0,0,0,0,0,0,0,0,0,0,0,0,0,0,4,0,0,0,0,0,0,0,0,0,0,1,0,0,0,0,0,0,0,0,11,2,1,0,6,1,0,0,0,3,3,6,0,1,2,0,0,0,0,2,0,0,0,0,7,0,1,0,1,0,0,0,0,2,0,0,0,0,0,0,0,0,0,0,0,0,0,0,0,0,0,0,0,0,0,0,0,0,0,0,0,0,2,0,1,1,0,0,0,0,0,0,2,0,0,0,0,0,1,0,0,0,0,0,0,0,0,3,0,0,0,0,2,0,0,0,0,0,0,0,1,0,0,0,5,0,0,0,0,1,0,0,37,0,4,0,0,2,0,0,0,0,5,2,5,0,0,0,0,84,8,0,0,9,0,0,1,14,0,0,0,39,0,1,1,6,0,0,0,2,0,2,1,0,0,0,8,0,0,0,2,0,0,0,2,0,1,0,3,0,0,0,0,0,0,0,0,2,0,0,0,0,0,0,1,0,0,0,0,0,0,0,4,79,0,0,0,0,1,1,1,10,2,4,0,0,0,0,1,6,3,5,3,0,0,0,0,0,4,27,0,1,2,5,0,0,0,1,0,0,0,0,0,0,2,0,0,0,0,1,0,0,0,11,1,0,0,0,0,0,0,0,0,0,0,0,7,0,0,8,0,0,0,0,36,0,0,0,0,0,0,0,0,0,4,0
4,1724,COLEGIO ESTADUAL PROTASIO DE CARVALHO,"RUA CIDADE GAUCHA, 120",CIDADE INDUSTRIAL,-25.4736887,-49.3471497,75,0,5641,4552,390,267,0,2,5,10,48,2,2,0,2,2,0,4,35,1,0,1,0,10,0,3,1,3,2,25,1,1,1,8,1,3,2,14,3,3,0,92,0,1,0,2,70,1,1,0,0,0,0,2,0,6,5,0,0,0,26,0,0,1,0,1,15,125,0,3,1,2,11,0,9,0,2,5,0,0,49,15,4,1,42,0,7,9,6,0,0,0,0,1,63,0,10,2,0,0,0,3,1,0,0,0,0,2,5,0,2,0,2,2,109,0,0,0,0,0,0,0,2,0,0,0,0,2,3,1,0,12,0,5,209,0,1,4,94,11,0,1,17,204,2,0,3,0,0,14,1,0,0,0,0,0,0,2,0,34,0,0,1,0,1,0,0,0,0,0,0,0,0,3,0,0,0,2,1,0,0,2,3,0,2,0,1,6,27,0,0,1,3,0,0,0,1,0,0,2,0,0,0,0,3,8,0,0,0,0,1,0,2,0,0,0,0,0,2,0,0,1,0,0,18,0,0,3,1,1,0,9,0,0,3,1,2,0,0,1,1,1,2,0,0,361,2,8,0,0,0,2,0,0,3,0,6,1,0,0,0,0,5,0,0,0,0,0,0,0,0,2,2,12,2,0,0,0,0,0,0,1,0,0,0,0,0,0,1,2,109,10,6,2,0,1,3,3,51,5,0,0,0,0,1,0,0,2,90,1,0,1,2,2,0,1,14,1,0,1,2,0,1,3,0,1,0,0,0,0,0,0,0,0,0,0,0,0,0,1,1,0,3,0,0,0,0,0,0,0,3,0,0,0,0,2,0,0,0,0,0,2,0,0,0,0,0,0,1,2,2,2,1,0,1,0,1,1,0,1,0,11,0,4,2,0,1,0,0,0,0,1,0,0,1,0,0,0,0,0,0,0,1,1,0,1,0,0,0,1,0,1,0,0,0,0,1,1,0,0,1,0,0,0,0,0,0,1,0,0,0,2,2,0,4,0,1,2,0,0,0,0,0,0,0,0,0,0,0,0,0,0,2,0,0,0,0,1,0,0,0,0,0,0,0,0,0,0,0,0,0,2,4,7,5,1,3,1,0,3,0,3,111,0,6,1,0,3,2,2,1,2,3,7,3,0,0,1,2,230,7,0,0,38,0,0,6,38,0,0,1,222,1,2,12,54,0,0,1,0,0,9,2,0,0,0,45,1,3,1,2,1,0,12,4,1,0,1,4,1,0,0,0,0,0,0,0,1,0,0,0,0,0,0,2,0,0,0,0,0,1,0,5,134,0,1,0,1,3,8,1,11,32,6,0,0,2,5,2,17,8,8,3,0,0,0,1,0,2,133,0,1,2,7,0,2,3,3,0,2,0,1,0,0,5,0,0,0,0,0,0,0,0,34,0,2,0,3,29,0,2,0,0,0,0,2,9,0,0,25,0,0,3,1,29,0,0,0,0,4,0,13,0,0,14,1
4,1740,ASPP - ASSOCIACAO DOS SERVIDORES PUBLICOS DO PARANA,"RUA PROFESSOR ULISSES VIEIRA, 2303",SANTA QUITERIA,-25.4634484,-49.3119603,43,0,7002,5711,345,196,0,0,3,12,81,0,4,0,2,5,0,3,28,0,0,0,0,23,1,1,1,4,5,19,4,9,1,13,1,2,2,35,1,1,1,54,0,1,2,4,26,4,17,0,0,1,0,6,1,5,18,0,0,0,17,1,1,0,0,5,2,105,0,11,0,7,27,0,28,0,3,5,0,0,54,28,3,1,27,0,10,12,9,1,2,2,4,1,69,3,11,1,0,0,0,4,0,0,2,0,3,1,2,1,1,0,0,0,176,3,0,0,0,0,0,0,0,0,0,0,3,2,3,0,3,10,1,1,200,0,4,6,204,8,0,0,7,367,5,3,0,0,0,4,0,0,1,0,1,0,0,0,0,45,0,0,1,0,0,0,0,0,1,0,0,0,1,1,0,3,0,1,1,0,0,2,5,0,1,0,0,6,87,2,0,0,2,0,0,0,0,0,6,1,0,0,0,4,2,23,0,0,0,1,0,0,3,0,1,0,1,0,0,0,0,0,0,0,10,0,0,5,1,0,1,4,2,3,0,4,0,0,1,1,5,1,1,0,0,852,4,0,2,0,0,0,0,5,2,1,0,0,1,1,3,0,1,0,0,0,0,0,0,0,0,2,7,14,1,0,0,0,0,0,0,2,0,3,0,0,0,0,1,7,195,9,0,3,2,2,1,2,59,2,0,6,4,0,1,0,1,1,48,0,0,0,9,0,0,3,24,2,0,0,5,3,1,0,0,0,0,0,1,3,0,0,0,0,0,0,0,0,0,0,1,0,3,0,0,0,0,0,0,0,11,0,0,0,0,0,0,0,0,2,1,1,0,0,0,0,0,1,2,1,24,11,5,2,11,2,2,3,1,1,3,14,0,1,1,1,1,0,0,3,1,1,0,0,17,0,1,0,0,0,0,1,0,7,0,1,0,1,0,0,0,0,0,0,0,0,0,0,0,0,0,0,0,0,0,0,0,1,0,0,0,3,4,0,11,1,0,0,0,0,0,0,2,2,0,0,0,0,0,0,0,0,1,1,0,0,0,4,0,0,1,0,2,0,0,0,1,0,0,0,1,0,6,7,13,0,5,3,0,6,0,2,100,0,3,0,4,9,0,3,0,3,5,15,8,0,0,0,0,286,1,1,0,33,0,0,0,44,2,0,0,178,1,0,18,25,0,1,0,6,1,14,5,3,0,0,53,1,3,0,0,2,1,4,4,1,0,0,7,0,0,2,1,1,1,0,0,0,0,0,0,2,0,0,0,2,0,0,0,0,1,0,9,161,0,2,0,6,10,11,3,43,12,4,3,0,1,7,2,23,11,4,4,0,1,0,1,0,7,128,0,3,22,12,0,0,0,2,1,2,0,0,0,0,8,0,1,0,0,0,0,0,1,34,2,4,0,1,2,1,0,0,0,0,0,1,22,0,0,17,0,3,2,0,69,0,0,0,0,2,0,10,0,0,11,0
4,1937,ESCOLA MUNICIPAL LINA MARIA MOREIRA,"RUA LUIZ RONALDO CANALLI, 3280",CAMPO COMPRIDO,-25.4617942,-49.3340344,44,0,2014,1665,104,71,0,0,1,4,20,0,0,1,1,2,0,0,9,0,0,0,0,4,0,0,0,1,0,5,3,2,0,4,0,0,0,5,0,0,0,20,0,0,2,2,7,0,2,0,0,0,0,3,0,3,5,0,0,0,0,0,0,0,0,6,3,19,0,5,0,0,3,0,8,0,1,5,0,0,22,5,0,0,11,0,3,3,0,0,1,3,0,0,14,0,3,4,1,0,0,1,1,0,1,0,1,1,0,1,0,0,0,0,44,0,0,0,0,0,0,0,2,0,0,0,4,0,0,0,0,8,0,2,52,0,0,2,52,2,0,1,5,128,0,1,0,0,0,1,0,0,0,0,0,0,0,0,1,10,0,0,2,0,0,0,0,0,0,0,0,0,0,0,0,3,0,2,0,0,0,1,0,0,0,0,0,5,17,0,0,0,1,0,0,0,0,0,0,4,0,0,0,1,0,1,0,0,0,0,0,0,1,0,0,0,1,0,0,0,0,0,0,0,5,0,0,0,0,0,0,4,0,0,0,0,0,0,1,0,0,1,0,0,0,206,0,0,0,0,1,0,0,1,1,0,2,0,0,0,0,0,0,0,0,1,0,0,0,0,0,0,3,3,3,0,0,0,0,0,0,1,0,0,0,0,0,0,1,4,61,9,0,1,0,0,0,2,15,1,0,0,1,1,1,0,1,0,12,0,0,0,0,0,0,0,6,2,0,0,1,1,0,0,0,2,0,2,0,0,0,0,0,0,0,0,0,0,0,0,0,0,0,0,0,0,0,0,0,0,0,0,0,0,0,0,0,0,0,0,0,0,0,0,0,0,0,0,0,2,7,1,0,0,6,1,0,1,1,2,0,9,0,2,0,0,0,0,0,0,0,1,0,0,3,0,0,0,0,0,0,0,0,1,0,0,0,0,1,0,1,0,0,0,0,0,0,0,0,0,0,0,0,0,0,0,0,0,0,0,0,0,0,0,0,0,0,0,0,0,0,0,0,0,0,0,0,0,0,0,0,0,0,0,0,0,0,3,0,0,0,0,0,0,0,0,0,0,0,0,0,0,0,3,1,0,2,1,0,0,0,0,40,1,0,1,0,0,0,0,0,0,0,4,1,0,0,0,1,114,3,0,0,11,0,0,2,16,1,0,0,40,0,1,4,8,0,0,0,1,0,3,2,0,0,0,12,0,0,0,0,0,1,1,0,1,0,0,1,0,0,0,0,0,3,0,0,0,0,0,0,0,0,0,1,0,0,0,0,0,0,0,2,68,0,0,0,0,3,7,0,5,13,0,0,0,0,1,0,14,6,0,1,1,0,0,0,0,0,39,0,0,3,4,0,0,0,0,0,2,0,0,0,0,0,0,0,0,0,0,0,0,0,14,0,0,0,0,1,0,0,0,0,0,0,0,6,0,0,6,0,0,3,0,15,0,0,0,0,0,0,3,0,0,7,0
4,1945,UNIVERSIDADE POSITIVO,"RUA PROFESSOR PEDRO VIRIATO PARIGOT DE SOUZA, 5300",CIDADE INDUSTRIAL,-25.4463624,-49.3587731,75,0,6207,5129,252,156,0,2,4,6,39,1,4,0,0,3,0,0,38,0,0,0,0,43,1,3,0,2,1,13,2,6,0,9,1,0,0,20,1,2,0,24,2,1,1,9,19,1,5,0,0,0,0,8,0,7,18,0,0,0,8,0,0,1,0,7,1,124,0,1,1,2,35,0,29,2,0,0,0,0,37,24,2,0,15,0,9,25,7,0,0,1,14,2,47,1,15,4,1,0,0,0,2,0,3,1,8,0,3,0,0,0,0,0,132,2,0,0,0,0,0,0,3,0,0,0,4,0,3,1,4,7,1,2,133,0,1,9,97,6,0,2,5,317,1,1,0,2,1,1,0,0,0,1,6,0,0,0,0,18,0,0,1,0,0,0,0,2,1,0,0,0,1,0,1,2,0,1,0,0,0,0,1,0,1,0,0,4,97,1,0,0,0,0,0,0,1,0,3,1,0,0,0,0,2,3,0,0,0,0,0,0,5,0,0,1,0,0,1,0,0,0,0,1,7,0,0,1,1,0,0,2,0,6,4,1,0,0,6,0,3,3,0,0,2,1150,6,0,0,1,0,1,0,3,0,6,4,1,0,0,0,1,0,0,0,0,0,3,0,0,0,0,2,13,0,0,1,0,0,0,0,2,0,0,0,0,0,0,2,3,213,4,1,3,1,0,1,3,29,0,1,1,3,0,3,1,0,0,42,1,0,2,4,0,0,2,24,0,0,0,1,0,1,0,3,1,1,0,0,0,0,0,0,0,0,0,0,0,0,0,0,0,1,1,0,0,0,0,0,0,7,0,0,0,0,0,0,0,0,0,0,5,0,0,0,0,0,0,5,0,35,7,5,1,17,6,0,1,0,0,6,32,0,4,2,1,3,0,0,0,0,0,0,0,4,0,0,0,1,0,0,2,0,1,0,1,0,0,0,0,0,0,0,0,2,0,0,0,0,0,0,0,0,0,0,0,0,0,0,0,0,1,6,3,1,1,0,0,0,0,0,0,2,0,0,0,0,0,1,0,0,0,0,0,0,0,0,7,0,0,0,0,2,0,0,0,2,0,0,0,0,1,5,0,18,1,3,2,0,2,0,2,74,0,2,2,0,2,1,1,0,2,5,5,8,0,0,2,2,220,9,1,0,26,0,0,2,35,2,0,0,128,2,1,5,15,0,5,0,0,0,16,1,0,0,0,45,0,3,2,3,0,0,2,2,1,1,0,5,2,1,0,0,0,0,0,0,0,0,0,0,0,1,0,0,1,0,0,0,0,0,0,5,177,0,0,0,2,16,19,3,65,15,6,3,0,1,2,1,65,16,9,4,0,0,0,0,0,1,103,0,0,10,17,0,0,0,1,3,0,0,1,0,0,16,1,0,0,0,0,0,0,1,39,2,2,0,2,3,2,0,0,0,0,0,1,5,0,0,9,0,1,2,0,29,0,0,0,0,0,0,3,0,0,5,0
4,1953,ESCOLA MUNICIPAL PRESIDENTE TANCREDO DE ALMEIDA NEVES,"RUA DESEMBARGADOR CID CAMPELO, 7588",CIDADE INDUSTRIAL,-25.4844458,-49.3384813,75,0,1352,1124,100,61,0,0,1,2,17,2,1,0,0,1,1,0,10,2,0,0,0,4,0,0,1,2,2,2,0,0,0,2,0,1,0,3,0,1,0,18,0,0,0,1,15,0,1,0,0,0,0,0,0,0,0,0,0,0,2,0,0,0,0,2,5,25,0,0,0,0,7,0,7,0,0,2,0,0,8,7,1,0,7,0,1,7,2,0,2,1,0,0,18,0,3,0,0,0,0,0,0,0,0,0,0,1,0,0,0,2,0,0,23,0,0,0,1,0,0,0,3,0,0,0,0,1,0,0,0,5,1,1,81,2,1,0,27,3,0,1,4,40,0,0,1,0,0,6,0,0,0,0,1,0,0,0,0,8,0,0,2,0,0,0,0,0,0,0,0,0,0,0,1,0,0,1,0,0,0,0,1,0,2,0,0,0,3,0,1,0,0,0,0,0,0,1,2,0,0,0,0,0,0,3,0,0,0,0,0,0,0,0,0,0,0,0,0,0,0,0,0,0,1,0,0,0,0,0,1,2,0,1,0,0,0,0,0,0,0,0,0,0,0,86,0,1,0,0,0,0,0,0,0,1,0,0,0,1,2,0,0,0,0,0,0,0,0,0,0,0,1,0,1,0,0,0,0,0,0,0,0,0,0,0,0,1,0,0,23,5,2,0,0,1,0,0,15,2,0,0,0,0,0,0,0,0,15,1,0,0,2,0,0,0,3,0,0,0,3,0,0,2,0,0,0,0,0,0,0,0,0,0,0,0,0,0,0,0,0,0,0,0,0,0,0,0,0,0,1,0,0,0,0,0,0,0,0,0,0,0,0,0,0,0,0,0,0,0,1,1,0,0,0,1,0,1,0,0,1,0,0,1,0,0,0,0,0,0,0,0,0,0,1,2,0,0,0,0,0,0,0,0,0,0,0,1,0,0,0,0,0,0,0,0,0,0,0,0,0,0,0,0,0,0,0,1,0,0,0,0,0,0,0,1,0,0,0,0,0,0,4,0,1,0,0,0,0,0,0,0,0,0,0,0,0,0,0,0,0,0,0,0,0,0,1,0,0,0,0,1,0,0,2,0,0,0,0,2,0,3,66,0,2,0,0,0,0,0,0,0,0,1,4,0,0,1,0,52,4,0,0,6,0,0,1,9,0,0,1,32,0,0,3,7,0,0,0,3,0,1,0,0,0,0,10,0,1,1,2,0,0,1,0,0,0,0,0,1,0,0,0,0,1,0,0,0,0,0,0,1,0,0,0,0,0,0,0,0,0,0,0,25,0,0,0,0,2,2,0,5,4,2,0,0,0,2,0,1,0,2,5,0,0,0,0,0,0,30,0,0,0,2,0,0,1,0,0,0,0,0,0,0,2,0,0,0,0,0,0,0,0,5,0,0,0,1,1,0,0,0,0,0,0,0,4,0,0,6,0,1,4,0,13,0,0,0,0,1,0,2,0,0,2,0
4,1961,FACULDADE PADRE JOÃO BAGOZZI (PARTICULAR),"RUA CAETANO MARCHESINI, 952",PORTÃO,-25.4767386,-49.3024191,27,0,7014,5795,245,167,0,2,1,11,80,2,1,1,2,2,0,3,57,1,0,0,0,23,2,0,1,2,2,9,3,7,1,10,1,0,1,43,6,0,0,51,0,1,0,5,14,0,7,0,0,0,0,5,1,7,17,0,0,0,6,0,0,2,1,22,11,75,0,12,2,0,26,4,18,0,2,3,0,2,51,34,2,0,11,0,15,15,4,3,1,2,0,1,43,2,4,6,3,0,0,1,1,0,4,1,0,1,4,0,1,2,1,0,189,0,0,0,0,0,0,0,0,0,0,0,0,0,1,0,0,7,2,1,128,0,1,5,169,5,0,1,5,385,1,0,1,3,1,4,0,0,0,0,6,0,0,0,0,27,0,0,1,0,0,0,1,0,5,0,0,0,1,0,0,0,3,0,0,0,0,0,6,0,1,0,0,4,108,0,0,0,2,0,0,0,0,0,0,4,0,0,0,1,3,6,0,0,0,0,1,1,1,0,0,1,1,0,0,1,0,0,0,0,11,0,0,2,2,0,0,1,0,4,5,0,0,0,5,2,0,3,4,0,0,1162,11,1,0,0,0,0,4,7,2,2,5,2,0,1,0,0,6,0,0,0,0,1,0,0,0,0,3,19,4,0,0,0,0,0,0,1,1,0,1,0,0,0,3,4,296,18,1,0,2,0,0,1,46,2,0,6,1,0,1,0,2,0,29,4,0,0,7,0,1,3,28,0,0,0,0,1,3,0,0,4,0,0,2,2,2,0,0,0,0,0,0,0,0,0,0,0,0,2,0,0,0,0,1,0,13,0,0,0,0,2,0,0,0,1,0,0,0,0,0,0,0,0,0,0,31,13,5,2,12,5,5,1,2,1,6,30,0,0,4,0,0,0,1,5,0,0,0,0,4,1,2,0,1,0,0,0,1,3,1,0,0,0,0,0,0,1,0,0,1,0,0,2,0,1,0,0,0,0,0,0,0,2,0,0,0,1,3,0,9,3,0,0,0,0,0,0,2,0,0,0,0,0,0,0,0,0,0,1,0,0,0,8,0,0,0,0,3,0,0,0,1,0,0,1,0,0,3,4,10,0,6,1,0,3,1,1,83,1,7,2,0,4,0,2,1,2,8,10,3,0,0,2,0,268,6,0,0,30,0,0,3,35,0,1,1,161,3,0,5,10,0,0,0,4,1,17,1,1,0,0,45,0,0,2,4,0,0,3,9,1,1,0,4,2,0,0,0,0,2,0,1,0,0,0,1,0,0,0,2,0,0,0,0,0,0,0,12,234,0,2,0,0,13,11,5,54,8,9,4,1,0,2,0,26,10,6,9,0,0,0,1,1,23,102,0,0,16,19,1,0,1,1,0,0,0,0,0,0,1,0,0,0,4,0,1,0,2,29,1,4,0,2,0,0,0,0,0,0,0,0,11,0,0,9,0,2,3,0,128,1,0,1,0,0,0,7,0,0,18,0
4,1970,ESCOLA MUNICIPAL COLONIA AUGUSTA,"RUA STANISLAU FELIBRANTE, 80",AUGUSTA,-25.4785772,-49.359235,68,0,1011,838,75,33,0,0,1,1,15,0,3,0,0,2,0,1,3,0,0,0,0,0,0,0,0,0,0,5,1,0,0,0,0,0,1,8,0,0,0,23,0,0,0,0,2,0,0,0,0,0,0,0,0,0,4,0,0,0,1,1,0,0,0,0,6,22,0,0,0,0,3,1,0,0,0,0,0,0,3,2,0,0,3,1,0,9,3,0,1,0,2,0,3,0,3,0,0,0,0,0,0,0,0,0,0,0,0,0,0,0,0,0,15,0,0,0,0,0,0,0,0,0,0,0,0,1,0,0,1,1,0,5,57,0,0,5,17,1,1,0,2,33,1,0,0,1,0,2,0,0,0,0,0,0,0,0,0,9,0,0,2,0,4,0,1,0,0,0,0,2,0,0,0,1,0,0,0,0,0,0,0,0,1,0,0,1,8,2,0,0,0,0,0,0,0,0,0,0,0,0,0,0,1,4,0,0,0,1,0,0,0,0,0,0,0,0,0,0,0,4,0,0,4,0,0,0,0,0,0,1,0,0,1,0,0,0,0,0,0,0,0,0,0,60,0,0,0,0,0,0,0,0,1,0,0,0,0,0,0,0,0,0,0,0,0,0,0,0,0,0,0,3,0,0,0,0,0,0,0,0,0,0,0,0,0,0,1,0,22,2,0,0,0,0,2,0,8,0,0,0,0,0,2,0,1,1,7,0,0,0,1,1,0,0,1,0,0,0,0,0,0,0,0,0,0,0,0,0,0,0,0,0,0,0,0,0,0,0,0,0,0,0,0,0,0,0,0,0,0,0,0,0,0,0,0,0,0,0,0,0,0,0,0,0,0,0,0,0,1,0,0,0,2,0,0,0,0,0,0,0,0,0,0,0,0,0,0,3,0,0,0,0,0,0,0,0,0,0,0,0,0,0,0,0,0,0,0,0,0,0,0,0,0,0,0,0,0,1,0,0,0,0,0,0,0,0,0,0,0,0,2,0,0,0,0,0,0,0,0,0,0,0,0,0,0,0,0,0,0,0,0,0,0,0,0,1,0,0,0,0,0,0,0,0,0,0,0,0,0,0,3,0,2,0,1,0,0,3,0,0,44,0,1,0,0,0,1,0,0,0,1,0,0,0,0,0,0,58,1,0,0,4,0,0,0,3,0,0,0,30,0,0,2,9,0,0,1,0,0,5,0,1,0,0,9,0,0,0,0,1,0,0,0,1,0,0,1,0,0,0,0,0,0,0,0,0,0,0,0,0,0,0,0,0,0,0,0,0,0,0,3,20,0,0,0,0,0,1,0,2,10,0,0,0,0,0,0,0,1,3,4,0,0,0,0,0,0,19,0,0,0,6,0,0,0,0,0,0,0,0,0,0,0,0,0,0,1,0,0,0,0,8,1,0,0,1,0,0,0,1,0,0,0,1,3,0,0,9,0,0,0,0,6,0,0,0,0,0,0,0,0,0,1,0
4,1988,ESCOLA MUNICIPAL PADRE JOÃO CRUCIANI,"RUA JOSÉ GONÇALVES JUNIOR, 259",CAMPO COMPRIDO,-25.466621,-49.3272552,44,0,1184,997,59,44,0,0,0,1,15,0,0,0,0,3,0,0,4,0,0,0,0,4,0,0,0,0,0,4,0,2,0,4,0,1,0,6,1,0,0,5,0,0,1,2,4,0,0,1,0,0,0,0,0,3,3,0,0,0,1,0,0,0,1,1,0,12,0,0,0,0,3,0,2,0,2,2,0,0,6,6,0,0,6,0,1,3,1,1,1,0,0,0,8,1,1,0,0,0,0,0,0,0,1,0,1,0,1,0,0,0,0,0,41,1,0,0,0,0,0,0,1,0,0,0,0,0,0,0,0,5,1,0,45,1,0,0,31,4,0,0,6,66,0,0,1,0,1,4,1,0,0,0,0,0,0,0,1,16,0,0,0,0,0,0,0,0,0,0,0,0,0,0,0,3,1,0,0,0,0,0,0,0,0,0,0,1,14,0,0,0,0,0,0,0,1,0,0,0,0,0,0,0,0,2,0,0,0,0,0,0,0,0,0,0,0,0,0,0,0,0,0,0,3,0,0,0,0,0,0,0,0,0,0,0,0,0,0,1,0,0,2,0,0,127,0,0,0,0,0,0,0,0,1,0,0,0,0,0,2,0,0,0,0,0,0,0,0,0,0,0,0,1,1,0,0,0,0,0,0,0,0,0,0,0,0,0,1,4,36,0,0,0,1,0,0,0,5,2,0,0,0,0,2,0,0,0,12,0,0,0,2,0,0,0,1,0,0,0,0,0,0,0,0,0,0,0,0,0,0,0,0,0,0,0,0,0,0,0,0,0,1,0,0,0,0,0,0,0,6,0,0,0,0,0,0,0,0,0,0,0,0,0,0,0,0,0,0,0,5,1,0,0,2,1,0,0,0,1,0,4,0,0,1,0,4,0,0,0,0,1,0,0,0,0,0,0,0,0,0,0,0,0,0,0,0,0,0,0,0,0,0,0,0,0,0,0,0,0,0,0,0,0,0,0,0,0,0,0,0,1,0,0,1,0,1,0,0,0,0,0,0,1,0,0,0,0,0,0,0,0,0,0,0,0,0,1,0,0,0,0,0,0,0,0,0,0,0,0,0,0,0,0,2,0,0,0,0,3,0,1,27,1,1,0,0,0,0,1,0,1,2,3,0,0,0,0,0,49,3,1,0,7,0,0,0,12,0,0,0,35,1,0,0,10,0,2,0,0,0,0,0,0,0,0,8,0,0,0,0,0,0,0,0,0,0,0,1,0,0,0,0,0,1,0,0,0,0,0,0,0,0,0,1,0,0,0,0,0,0,0,0,27,0,0,0,1,2,2,0,7,2,0,0,0,0,1,0,3,2,7,1,0,0,0,0,0,0,27,0,0,0,4,0,0,0,0,0,0,0,1,0,0,1,1,0,0,0,0,1,0,0,4,0,0,0,0,0,0,0,0,0,0,0,0,0,0,0,2,0,0,0,0,11,0,0,0,0,1,0,2,0,0,1,0
4,1996,COLÉGIO EFETIVO (PARTICULAR),"RUA JOÃO ALENCAR GUIMARÃES, 2883",CAMPO COMPRIDO,-25.4614147,-49.3250429,44,0,1509,1222,79,54,0,0,1,4,13,0,0,0,1,0,0,0,5,0,0,0,0,10,0,0,0,1,1,2,0,1,0,2,0,1,0,4,1,0,0,9,0,0,0,1,4,0,0,1,0,0,0,1,0,0,6,0,0,0,1,0,0,0,0,4,1,13,0,3,0,0,11,0,3,0,2,1,0,0,15,2,1,0,3,0,2,1,0,0,0,0,0,0,22,0,5,3,1,0,0,0,1,0,1,0,0,1,2,0,0,0,0,1,32,0,0,0,0,0,0,0,2,0,0,0,1,0,0,0,0,3,0,0,33,0,0,5,39,2,0,1,2,71,0,0,0,0,0,1,0,0,0,0,1,0,0,1,0,4,0,0,0,0,0,0,0,0,0,0,0,0,2,0,0,1,1,0,0,0,0,0,5,0,1,1,0,0,16,0,0,0,1,0,0,0,0,0,0,1,0,0,0,0,0,2,0,0,0,0,0,0,0,0,0,0,0,0,0,0,0,0,0,0,2,0,0,1,0,0,0,1,0,0,0,1,0,0,2,0,1,2,0,0,0,193,0,0,0,0,0,0,0,2,0,0,2,0,0,0,1,0,0,0,0,0,0,0,0,0,0,1,0,1,0,0,0,0,0,0,0,0,0,0,0,0,0,0,0,3,46,1,0,0,0,0,1,0,9,0,0,0,0,2,0,0,0,0,14,0,0,0,0,1,0,0,8,0,0,0,0,0,0,0,0,1,0,0,0,0,0,0,0,0,0,0,0,0,0,0,0,0,0,0,0,0,0,0,0,0,3,0,0,0,0,0,0,0,0,1,0,0,0,0,1,0,0,0,1,0,9,0,1,0,6,2,0,0,0,0,0,5,0,1,0,0,0,0,0,0,1,0,0,0,0,0,0,0,0,0,0,0,0,0,0,1,0,0,0,0,0,0,0,0,0,0,0,0,1,0,0,0,0,0,0,0,0,0,0,0,0,0,1,2,1,1,0,0,0,0,0,0,2,0,0,0,0,0,0,0,0,0,0,0,1,0,0,3,0,0,0,0,0,0,0,0,0,0,0,0,0,0,2,3,0,0,0,0,0,2,0,0,36,0,0,0,0,0,0,0,0,0,0,3,2,0,0,0,0,66,2,0,0,4,1,0,3,8,1,1,0,28,0,0,5,3,0,0,0,2,0,3,0,0,0,0,20,0,0,0,0,0,0,2,0,1,0,0,2,0,0,0,0,0,0,0,0,0,0,0,0,0,0,0,0,0,0,0,0,0,0,0,3,24,0,1,0,0,3,4,0,8,4,0,0,0,0,3,1,10,6,2,2,0,0,0,0,0,1,38,0,0,0,4,0,0,0,0,0,0,0,0,0,0,1,0,0,0,0,0,0,0,1,9,0,0,0,0,0,1,0,0,0,0,0,0,5,3,0,6,0,0,1,0,8,0,0,0,0,0,0,0,0,0,2,0
4,2100,ESCOLA MUNICIPAL GRACILIANO RAMOS,RUA ALCIR MARTINS BASTOS 560,FAZENDINHA,-25.4871426,-49.3265397,42,0,3558,2895,194,128,0,3,2,5,41,0,1,0,1,5,0,0,22,0,1,0,0,9,0,3,0,3,1,17,4,1,0,10,0,1,2,11,1,0,0,38,1,3,0,0,21,1,3,0,0,0,0,0,0,0,1,0,0,0,4,0,0,0,0,5,6,58,0,6,0,0,6,2,13,2,1,2,0,0,18,15,0,0,23,0,3,8,5,0,2,2,1,0,33,2,0,1,0,0,0,0,0,0,0,0,0,1,5,0,2,1,0,0,92,0,1,1,0,0,0,0,0,0,0,0,0,2,0,0,3,4,1,0,126,0,1,3,75,1,0,0,13,138,1,0,0,2,0,3,0,0,0,0,0,0,0,0,0,19,0,0,3,0,0,0,0,0,0,0,0,0,0,0,0,0,0,1,1,0,0,0,0,0,0,0,0,0,35,0,0,1,1,0,0,0,0,0,0,0,0,0,0,0,2,5,0,0,0,0,0,0,0,0,0,0,4,0,1,0,0,0,0,0,4,0,0,2,2,0,0,1,0,0,3,1,0,0,0,0,1,0,0,0,0,338,0,1,0,2,0,0,0,5,3,2,0,1,0,0,0,0,1,0,0,0,0,0,0,0,0,0,0,5,0,0,0,0,0,0,0,2,0,0,0,0,0,0,1,5,108,8,4,0,1,0,2,0,35,1,1,0,0,0,1,0,0,2,22,3,0,0,8,0,0,1,5,0,0,4,3,0,0,0,0,0,0,0,0,0,0,0,0,0,0,0,0,0,0,0,0,0,0,0,0,0,0,0,0,0,1,0,0,0,0,0,0,0,0,0,0,1,0,0,0,0,0,0,0,1,6,1,4,0,7,1,0,0,0,0,0,3,0,0,1,0,1,0,0,2,0,0,1,0,1,0,1,0,0,0,0,0,0,0,0,1,0,0,0,0,0,1,0,0,0,0,0,0,1,0,0,0,1,0,1,0,0,0,0,0,0,14,0,0,0,1,0,1,0,1,0,0,4,0,0,0,0,0,0,0,0,0,1,0,0,0,0,3,0,0,0,0,0,0,0,0,7,0,0,0,0,0,3,3,5,0,1,2,0,1,0,0,139,1,2,0,0,2,0,2,0,2,2,2,6,0,0,0,0,151,4,0,0,10,0,0,2,28,1,0,2,95,0,1,2,9,0,0,0,3,0,5,1,0,1,0,28,0,1,0,1,0,0,3,0,0,0,0,2,0,0,0,0,0,0,0,0,1,0,0,0,0,0,0,0,0,0,0,0,0,0,0,8,127,0,0,0,1,4,5,0,5,16,1,1,0,0,4,3,12,8,4,5,0,0,0,0,0,4,71,0,0,0,4,0,0,0,1,1,0,0,0,0,0,2,0,0,0,0,0,0,0,0,25,1,0,0,2,4,0,0,0,0,0,0,0,11,0,0,11,1,0,2,0,54,0,0,0,0,0,0,5,0,0,9,0
4,2119,REDE MARISTA DE SOLIDARIEDADE,"RUA RAUL POMPEIA, 188",CIDADE INDUSTRIAL,-25.477421,-49.3331403,75,0,1593,1277,88,63,0,1,2,0,16,0,3,0,1,0,1,0,9,2,0,0,0,7,0,0,1,0,4,3,2,1,1,4,1,0,0,2,1,0,0,29,0,0,1,0,23,1,1,0,0,0,0,0,0,0,0,0,0,0,1,0,0,0,0,1,3,25,0,1,0,0,1,0,3,0,1,1,0,0,8,3,0,0,12,0,1,6,0,0,0,0,0,2,35,3,2,0,1,0,0,0,0,0,0,0,1,2,1,0,2,0,0,1,39,0,0,0,0,0,0,0,2,0,0,0,1,0,0,0,0,3,0,1,72,0,0,1,28,0,0,1,2,55,1,0,0,0,1,4,0,0,0,0,2,0,0,0,0,18,0,0,1,0,0,0,0,0,1,0,0,0,1,0,0,3,0,0,0,0,0,0,1,0,0,0,0,1,11,0,0,0,0,0,0,0,0,0,0,0,0,0,0,1,1,4,0,0,0,0,0,0,0,0,0,0,1,0,0,0,0,0,0,0,3,0,0,2,0,0,0,0,0,0,0,0,0,0,1,2,0,1,3,0,0,132,0,1,0,0,0,2,0,0,1,0,0,1,1,0,0,0,0,0,0,0,0,0,0,0,0,0,0,5,0,0,0,0,0,0,0,0,0,0,0,0,0,0,1,0,30,1,0,0,1,0,0,1,13,1,0,0,0,0,3,0,0,1,10,0,0,0,1,0,0,2,5,2,0,2,2,0,1,2,0,0,0,0,0,0,0,0,0,0,0,0,0,0,0,0,0,0,0,0,0,0,0,0,0,0,3,0,0,0,0,0,0,0,0,0,0,2,0,0,0,2,0,0,0,0,2,3,1,0,1,0,0,0,0,0,0,0,0,0,1,0,0,0,0,1,0,0,0,0,2,0,0,0,0,0,0,0,0,0,0,1,0,0,0,0,0,0,0,0,0,0,0,0,1,0,0,0,0,0,0,0,0,0,0,0,0,1,0,0,0,0,0,0,0,0,0,0,1,0,0,0,0,0,0,0,0,0,0,0,0,0,0,2,0,0,0,0,1,0,1,0,0,0,1,0,0,0,0,2,1,0,1,0,0,0,0,1,52,1,0,0,0,1,0,0,0,0,1,0,0,0,0,0,0,64,2,0,0,9,0,0,1,7,0,0,0,46,1,0,1,3,0,0,0,1,1,3,2,0,0,0,16,0,0,0,0,0,0,1,0,0,0,0,1,0,0,0,0,0,0,0,0,0,0,0,0,0,0,0,0,0,0,0,0,0,0,0,6,45,0,0,0,0,1,2,0,7,3,2,0,0,0,1,0,1,5,0,1,0,0,0,0,0,1,30,0,0,0,1,0,0,0,1,0,0,0,0,0,0,2,0,0,0,0,0,0,0,0,10,0,0,0,0,0,0,0,0,0,0,0,0,4,0,0,7,1,0,1,0,15,1,0,0,0,0,0,2,0,0,5,0
4,2127,ESCOLA MUNICIPAL NOVA ESPERANCA,"RUA HENRIQUE MATTIOLI, 410",FAZENDINHA,-25.4836905,-49.3312954,42,0,2100,1733,112,106,0,2,0,3,22,0,3,0,0,4,0,1,19,0,0,0,0,5,0,0,0,2,1,9,2,0,0,3,0,0,0,7,0,1,0,34,0,1,0,0,11,0,0,0,0,0,0,0,0,1,1,0,0,0,3,0,0,0,0,2,3,36,0,3,0,0,4,0,7,0,0,2,0,0,21,9,0,1,7,0,1,8,2,1,1,4,1,0,36,0,3,0,0,0,0,0,0,0,1,0,0,0,0,0,1,0,0,1,38,0,0,0,0,0,0,0,2,0,0,0,0,0,0,0,0,1,0,1,90,0,0,0,44,4,0,0,2,64,0,0,0,0,0,7,0,0,0,0,2,0,0,0,0,9,0,0,2,0,0,0,0,0,1,0,0,0,0,0,0,0,0,0,0,0,0,0,1,0,0,0,0,1,15,0,0,0,2,0,0,0,0,0,0,0,0,0,0,2,0,2,0,0,0,0,0,0,1,0,0,0,0,0,1,0,0,0,0,0,2,0,0,5,0,0,0,3,0,1,1,0,0,0,0,1,0,0,0,0,0,156,0,0,0,0,0,1,0,0,0,0,1,0,0,0,0,0,4,0,0,0,0,0,0,0,0,0,1,8,2,0,0,0,0,0,0,0,0,0,0,0,0,0,1,2,68,4,0,1,1,0,0,0,31,1,0,0,2,0,0,0,0,0,11,0,0,0,2,0,0,3,5,0,0,2,2,0,0,0,0,0,0,0,0,0,0,0,0,0,0,0,0,0,0,0,0,0,0,0,0,0,0,0,0,0,4,0,0,0,0,0,0,0,0,0,0,0,0,0,0,1,0,0,0,0,1,2,1,0,1,0,1,0,0,0,0,3,0,0,0,0,1,0,0,0,0,0,1,0,2,0,0,0,0,0,0,0,0,3,0,1,0,0,0,0,0,2,0,0,0,0,0,0,0,0,0,0,0,0,0,0,0,0,0,1,0,4,0,0,1,0,0,0,0,0,0,0,3,0,0,0,0,0,0,0,0,0,0,0,0,1,0,2,0,0,0,0,0,0,0,0,2,0,0,0,0,0,1,1,2,0,0,0,0,2,0,1,97,0,0,0,1,0,0,1,0,0,1,3,4,1,0,0,0,101,3,0,0,4,0,0,2,26,0,0,0,57,1,0,2,6,0,1,0,1,0,6,2,0,0,0,17,0,0,0,1,1,0,1,0,0,0,0,1,0,1,0,0,0,0,0,0,0,0,0,0,0,0,0,0,0,0,0,0,0,0,0,1,55,0,0,0,1,0,1,0,12,9,2,0,0,0,6,0,1,1,2,1,0,0,0,0,1,1,44,0,0,2,4,0,0,2,0,0,0,0,0,0,0,2,0,0,0,1,0,0,0,0,15,0,1,0,0,0,0,0,0,0,0,0,0,7,0,0,10,0,1,1,0,19,2,0,0,0,0,0,12,0,3,4,0
4,2135,CMEI SANTA AMÉLIA,"RUA FERNANDO DE SOUZA COSTA, 375",FAZENDINHA,-25.4857635,-49.3253689,42,0,1227,944,88,51,0,0,0,0,15,2,0,0,0,0,0,0,9,0,0,0,0,0,0,1,0,4,1,6,1,1,0,2,0,0,0,0,1,0,0,19,0,0,0,0,12,0,2,0,0,0,0,0,0,1,1,0,0,0,0,0,0,0,0,0,0,14,0,0,0,0,2,0,4,0,0,0,0,0,7,6,0,0,8,0,0,1,2,0,0,1,0,0,20,1,1,1,0,0,0,0,0,0,0,0,2,0,1,0,0,0,0,0,24,0,0,0,0,0,1,0,1,0,0,0,3,2,0,0,0,4,0,0,30,0,0,0,14,1,0,1,3,50,1,0,0,0,1,8,0,0,0,0,0,0,0,0,0,3,0,0,1,0,0,0,0,0,1,0,0,0,0,0,0,0,0,0,0,0,0,1,2,0,0,0,0,1,10,0,0,0,1,0,0,0,0,0,0,0,0,0,0,0,0,1,0,0,0,0,0,0,0,0,0,0,0,0,0,0,0,0,0,0,2,0,0,1,0,0,0,0,0,0,0,0,0,0,1,0,0,0,0,0,0,90,0,0,0,1,0,0,0,0,1,0,0,0,0,0,0,0,1,0,0,0,0,0,0,0,0,0,0,4,0,0,0,0,0,0,0,0,0,0,0,0,0,0,0,3,20,2,1,3,0,1,0,0,9,0,0,0,0,0,0,0,0,1,8,0,0,0,2,0,0,1,3,0,0,3,1,0,0,0,0,0,0,0,0,0,0,0,0,0,0,0,0,0,0,0,0,0,0,1,0,0,0,0,0,0,1,0,0,0,0,0,0,0,0,0,0,0,0,0,0,0,0,0,0,0,1,1,0,0,1,1,1,0,0,0,0,2,0,0,0,0,0,0,0,0,0,0,0,0,0,0,0,0,0,1,0,0,1,0,0,1,0,0,0,0,0,0,0,0,0,0,0,0,0,0,0,0,0,0,0,0,0,0,1,0,1,0,1,0,0,0,0,0,0,0,0,0,0,0,0,0,0,0,0,0,0,0,0,0,0,0,0,2,0,0,0,0,1,0,0,0,0,0,0,0,0,0,0,1,3,0,0,1,0,0,0,0,34,0,2,0,0,1,0,1,0,1,1,5,2,0,0,0,0,53,1,0,0,11,0,0,1,12,0,0,0,47,1,0,3,4,0,1,0,0,0,0,0,1,0,0,11,0,0,0,0,0,0,0,0,0,0,0,2,0,0,0,0,0,0,0,0,0,0,0,0,0,0,0,0,0,0,0,0,0,0,0,1,21,1,0,0,0,0,0,0,4,2,1,1,0,0,4,0,0,2,4,0,0,0,0,1,0,0,22,0,0,2,2,0,0,0,0,0,0,0,0,0,0,1,0,0,0,0,0,0,0,0,4,0,0,0,0,0,0,0,0,0,0,0,0,2,0,0,9,0,0,0,2,20,1,0,0,0,0,0,3,0,1,3,0
4,2143,PARÓQUIA SANTA AMÉLIA - PAVILHÃO PAROQUIAL,"AVENIDA ALCIR MARTINS BASTOS, 510",FAZENDINHA,-25.4866489,-49.3257172,42,0,1705,1377,97,72,0,1,1,3,15,0,0,0,2,2,1,0,9,0,0,0,0,2,0,0,0,2,1,2,1,3,0,2,1,0,0,3,0,0,0,19,0,1,2,2,16,0,4,0,0,0,0,4,1,2,1,0,0,0,1,0,0,0,1,1,2,32,0,3,0,3,3,1,5,0,0,2,0,1,10,12,2,0,13,0,1,3,3,0,0,0,0,0,20,1,2,1,0,0,0,0,0,0,0,0,4,0,1,0,1,0,0,0,24,0,0,0,0,0,0,0,1,0,0,0,4,1,0,0,2,1,0,0,52,0,0,2,30,2,0,0,4,70,1,0,0,0,0,1,0,0,0,0,0,0,0,1,0,6,0,0,1,0,0,0,0,0,0,0,0,1,0,0,0,1,0,0,1,0,0,0,1,0,0,0,0,2,17,0,0,0,0,0,0,0,0,0,0,0,0,0,0,0,2,8,0,0,0,0,0,0,0,0,0,0,0,0,0,0,0,0,0,0,8,0,0,1,0,0,0,1,0,0,0,0,0,0,0,0,0,0,1,0,0,153,0,2,0,0,0,0,0,1,0,0,1,0,0,0,0,0,0,0,0,0,0,0,0,0,0,0,0,5,0,0,0,0,0,0,0,0,0,0,0,0,0,0,0,4,34,2,0,0,1,0,1,1,19,1,0,0,0,0,0,0,0,0,7,0,0,0,1,0,1,0,3,1,0,3,2,0,0,0,0,0,0,0,0,0,0,0,0,0,0,0,0,0,0,0,0,1,0,0,0,0,0,0,1,0,1,0,0,0,0,0,0,0,0,0,0,0,0,0,0,0,0,0,0,0,5,1,0,0,1,1,0,0,0,3,0,5,0,1,1,0,0,0,0,1,0,0,1,0,1,0,0,0,0,0,0,0,0,0,0,0,0,0,0,0,0,5,0,0,0,0,0,1,0,0,0,0,0,0,0,0,0,0,0,0,0,3,0,0,2,0,0,0,0,0,0,0,1,0,0,0,0,0,0,0,0,0,0,0,1,0,0,2,0,0,0,0,0,0,0,0,0,0,1,0,0,0,2,5,7,0,3,0,0,0,0,0,34,0,4,0,0,1,0,0,0,0,3,3,4,0,0,0,0,78,1,0,0,5,0,0,0,11,0,0,0,50,0,0,4,3,0,0,0,1,0,3,1,0,0,1,27,0,0,0,0,2,0,2,0,0,0,0,1,0,0,0,0,1,0,0,0,0,0,0,0,0,0,0,0,0,0,0,0,0,0,0,2,53,1,0,0,0,0,1,2,7,4,2,0,0,0,4,1,9,8,2,1,0,0,0,0,0,0,33,0,0,4,1,0,0,0,1,0,1,0,0,0,0,0,0,0,0,0,0,0,1,0,7,0,0,0,1,0,0,0,0,0,0,0,0,4,0,0,5,0,0,2,0,22,0,0,0,0,0,0,1,0,0,9,0
4,2151,CEI - PROFESSOR ADRIANO GUSTAVO CARLOS ROBINE,"RUA VEREADOR ELIAS KARAM, 480",FAZENDINHA,-25.4803666,-49.3313832,42,0,2146,1733,126,73,0,0,2,2,19,2,1,1,0,1,0,0,16,1,0,1,0,3,0,0,0,1,1,4,0,2,0,2,0,0,0,5,1,0,0,41,0,1,0,0,14,1,4,0,0,0,0,0,0,0,1,0,0,0,1,0,0,0,0,0,5,33,0,3,0,0,8,0,3,0,0,1,0,0,13,11,0,0,14,0,8,5,3,0,0,0,0,0,50,3,1,0,0,0,0,0,0,0,0,0,1,0,0,0,0,0,0,3,38,0,0,0,0,0,0,0,0,0,1,0,2,0,0,0,1,4,1,2,96,0,0,0,44,2,0,1,6,83,0,0,0,0,0,2,0,0,0,0,0,0,0,0,0,11,0,0,3,0,0,1,0,0,0,0,2,0,3,0,0,0,3,0,2,0,0,0,1,0,1,0,1,4,17,0,0,0,0,0,0,0,0,0,2,0,0,0,0,0,0,1,0,0,0,0,0,0,1,0,0,0,0,0,2,0,0,0,0,0,2,0,0,1,0,0,0,2,0,2,0,0,0,0,1,0,1,0,2,0,1,174,0,0,0,0,0,0,0,0,1,0,1,0,0,0,0,0,1,0,0,0,0,0,0,0,0,0,1,5,0,0,0,0,0,0,0,4,0,0,0,0,0,0,1,1,54,5,0,0,0,0,0,3,20,2,0,0,1,0,0,0,0,0,21,1,0,0,0,0,0,0,8,0,0,0,1,0,1,0,0,0,0,0,0,0,0,0,0,0,0,0,0,0,0,0,0,0,0,0,0,0,0,0,0,0,1,0,0,0,0,0,0,0,0,0,0,0,0,0,0,0,0,0,0,0,1,2,1,0,4,0,1,0,0,0,0,4,1,0,3,0,0,0,0,0,0,0,0,0,0,0,0,0,0,0,0,0,0,0,0,1,0,0,0,0,0,2,0,0,0,0,0,0,0,0,0,0,0,0,0,0,0,1,1,0,0,2,0,0,0,0,0,0,0,0,0,0,0,0,0,0,0,0,0,0,0,0,0,0,0,0,0,1,0,0,0,0,0,0,0,0,2,0,2,0,1,0,4,2,4,0,0,0,0,1,0,1,64,0,1,0,0,0,0,0,0,1,4,3,3,0,0,0,1,106,1,0,0,14,0,0,4,14,0,2,1,57,0,1,4,10,0,1,0,1,0,2,1,0,0,0,21,0,1,1,0,0,0,2,0,0,0,0,4,1,0,0,0,1,0,0,0,1,0,0,0,0,0,0,0,0,0,1,0,0,1,0,1,62,0,0,2,0,1,2,0,7,9,1,0,0,0,2,0,5,4,4,3,0,1,0,0,0,0,42,1,0,0,6,0,0,0,1,0,2,0,0,0,0,1,0,0,0,0,0,0,0,0,17,0,2,0,0,0,0,0,0,0,0,0,0,4,0,0,5,0,0,0,0,17,2,0,0,0,0,0,4,0,0,4,0
4,2160,COLEGIO ESTADUAL AVELINO ANTONIO VIEIRA,RUA JULIO MESQUITA 12,FAZENDINHA,-25.4868003,-49.3271029,42,0,5077,4097,284,217,0,4,6,7,43,1,1,1,1,6,1,0,25,0,0,0,0,8,0,1,0,2,4,19,4,4,0,7,1,1,0,19,3,0,0,63,1,1,2,0,33,0,7,0,0,0,0,4,1,3,4,0,0,0,9,1,0,0,0,4,7,92,0,5,0,1,12,0,18,1,0,5,0,0,38,20,0,0,35,0,5,11,10,2,1,1,3,0,63,1,3,1,3,0,0,0,0,0,3,0,1,0,8,0,0,1,0,0,103,0,0,0,0,0,0,0,2,0,0,0,1,3,0,0,1,6,0,1,174,0,2,1,110,4,1,0,11,142,2,1,0,0,1,3,1,0,0,0,2,0,0,0,0,29,0,1,2,0,0,0,0,2,0,1,0,0,0,0,0,1,0,0,4,0,0,1,4,0,0,0,0,5,37,0,0,0,4,0,0,1,0,0,0,0,0,0,0,0,2,4,0,0,0,0,1,2,0,0,0,0,2,0,0,0,0,2,0,1,13,1,0,4,0,0,0,4,0,2,1,2,1,0,0,1,0,1,0,0,2,447,0,2,0,0,0,1,0,2,4,0,2,0,0,0,0,0,6,0,0,0,0,0,0,0,0,1,3,19,5,0,0,0,0,0,0,0,0,0,0,0,0,0,0,2,103,6,6,2,0,0,2,2,53,2,2,1,2,0,1,1,1,0,41,1,0,0,10,1,0,4,26,1,0,4,5,0,0,1,0,0,0,0,0,0,0,0,0,0,0,0,0,0,0,0,0,0,0,0,0,0,0,0,0,0,5,0,0,0,0,0,0,1,0,3,0,0,0,0,0,0,0,0,0,0,9,1,1,0,2,1,0,0,1,2,1,5,0,0,3,0,0,0,0,0,0,0,0,0,3,0,0,0,0,0,0,0,0,2,0,2,0,0,0,1,0,4,0,0,0,0,0,0,1,0,0,0,0,0,0,0,0,0,0,0,0,11,0,0,1,2,0,0,0,1,0,0,3,0,0,0,0,0,1,0,0,0,0,0,0,0,0,7,0,0,0,0,1,0,0,0,6,0,3,0,0,2,3,16,4,0,3,2,0,5,2,3,184,2,2,0,0,2,0,0,0,3,8,7,9,2,0,0,2,213,7,0,0,10,0,0,1,27,0,0,0,142,3,1,7,27,0,2,1,3,0,11,3,0,1,0,65,0,0,0,3,0,0,4,4,0,0,0,3,1,0,2,1,0,1,0,0,0,0,0,0,0,0,0,0,0,0,0,0,0,0,0,8,132,0,3,1,0,8,2,3,17,24,2,3,0,0,10,4,13,8,17,2,0,1,0,0,0,6,126,0,1,3,4,0,0,0,0,0,1,0,0,0,0,1,0,0,0,0,0,1,0,0,34,1,1,1,1,0,3,1,0,0,0,0,1,11,2,0,31,0,0,8,0,48,4,0,0,0,0,0,11,0,1,13,0
4,2178,CENTRO MUNICIPAL DE EDUCAÇÃO INFANTIL FAZENDINHA,"RUA ELOI MICHELETI, 09",FAZENDINHA,-25.4795952,-49.327815,42,0,371,261,24,18,0,1,0,0,0,1,0,0,0,0,0,0,0,0,0,0,0,0,0,0,0,0,0,1,0,0,0,2,0,0,0,0,0,0,0,2,0,0,1,0,2,0,0,0,0,0,0,1,0,0,0,0,0,0,1,0,0,0,0,0,0,5,0,0,0,0,1,0,3,0,0,0,0,0,3,2,0,0,0,0,1,0,1,0,0,0,0,0,3,0,1,0,0,0,0,0,0,1,0,0,0,0,0,0,0,0,0,0,2,0,0,0,0,0,0,0,0,0,0,0,1,0,0,0,0,0,0,0,19,0,0,0,3,0,0,0,0,25,1,0,0,0,1,1,0,0,0,0,0,0,0,0,0,1,0,0,0,0,0,0,0,0,0,0,0,0,0,0,0,1,0,0,0,0,0,0,0,0,0,0,0,0,2,0,0,0,0,0,0,0,0,0,1,0,0,0,0,0,0,0,0,0,0,0,1,0,0,0,0,0,0,0,0,0,0,0,0,0,2,0,0,0,0,0,0,0,0,0,0,0,0,0,0,0,0,0,1,0,0,19,0,0,0,0,0,0,0,0,0,1,0,0,0,0,0,0,0,0,0,0,0,0,0,0,0,0,0,0,0,0,0,0,0,0,0,0,0,0,0,0,0,0,0,2,3,3,0,1,0,0,0,0,3,0,0,0,0,0,0,0,0,0,3,0,0,0,0,0,0,0,2,0,0,1,0,0,0,0,0,0,0,0,0,0,0,0,0,0,0,0,0,0,0,0,0,0,0,0,0,0,0,0,0,0,0,0,0,0,0,0,0,0,0,0,0,0,0,0,0,0,0,0,0,0,1,1,0,0,0,0,0,0,0,0,0,0,0,0,0,0,0,0,0,0,0,0,0,0,0,0,0,0,0,0,0,0,0,0,0,0,0,0,0,0,0,0,0,0,0,1,0,0,0,0,0,0,0,0,0,0,0,0,0,0,0,0,0,0,0,0,0,0,0,0,0,0,0,0,0,0,0,0,0,0,0,0,0,0,0,0,0,0,0,0,0,0,0,0,0,0,1,0,0,0,0,0,0,1,3,0,1,0,0,0,0,0,6,0,0,0,0,0,0,0,0,0,0,2,3,0,0,0,0,22,0,0,0,1,0,0,1,1,0,0,0,9,0,0,0,1,0,0,0,0,0,0,0,0,0,0,2,0,0,0,0,0,0,0,0,0,0,0,0,0,0,0,0,0,0,0,0,0,0,0,0,0,0,0,0,0,0,0,0,0,0,0,0,4,0,0,0,0,1,3,2,1,0,0,0,0,0,0,0,0,3,0,0,0,0,0,0,0,0,8,0,0,0,1,0,0,0,0,0,0,0,0,0,0,0,1,0,0,0,0,0,0,0,0,0,0,0,0,0,0,0,0,0,0,0,0,1,0,0,3,0,0,0,0,1,0,0,0,0,0,0,0,0,0,0,0
4,2186,ESCOLA MUNICIPAL PADRE JOSE DE ANCHIETA,R DANIEL MIKOVSKI  191,FAZENDINHA,-25.4805751,-49.321605,42,0,2519,2114,148,117,0,1,1,2,14,2,3,0,1,1,0,0,16,1,0,0,0,6,0,0,0,0,0,12,1,1,0,2,1,0,0,9,2,0,0,42,0,0,3,1,15,0,2,0,0,1,0,1,0,3,1,0,0,0,1,0,0,0,0,1,6,50,0,1,1,0,12,0,5,0,0,1,0,0,14,6,1,0,6,0,2,8,4,0,1,1,3,0,33,4,4,0,0,0,0,0,1,0,0,0,0,0,8,0,0,0,0,0,59,0,0,0,0,0,0,0,3,0,0,0,3,1,0,0,0,5,0,2,84,0,0,2,59,2,0,0,7,98,3,0,1,0,0,2,0,0,1,0,3,0,0,0,0,17,0,0,0,0,1,0,0,0,0,0,1,0,0,1,0,1,0,0,0,0,0,0,4,0,0,0,0,1,33,0,0,0,2,0,0,0,0,0,0,1,0,0,0,0,0,9,0,0,0,0,0,0,2,0,0,0,0,0,0,1,1,0,0,0,8,0,0,1,0,0,0,1,0,2,0,1,0,0,0,0,0,0,1,0,0,237,1,0,0,0,0,1,0,1,3,1,0,1,0,0,0,0,1,0,0,0,0,0,0,0,1,1,0,8,3,0,0,0,0,0,0,1,0,0,0,0,0,0,0,0,56,4,0,1,0,0,0,0,22,1,0,0,0,0,2,0,0,1,17,0,0,0,3,0,0,0,4,1,0,0,1,0,0,0,0,0,0,0,0,0,0,0,0,0,0,0,0,0,0,0,0,0,0,1,0,0,0,0,0,0,1,0,0,0,0,0,0,0,0,0,0,1,0,0,0,0,0,0,0,0,3,1,0,0,3,0,0,0,0,0,0,3,0,0,2,0,0,0,0,0,0,0,0,0,0,0,0,0,0,0,0,0,0,2,0,0,0,0,1,0,0,7,0,0,0,0,0,0,0,0,1,0,0,0,0,0,0,1,0,0,0,8,0,0,2,0,0,0,1,0,0,0,4,0,0,0,0,0,0,0,0,0,0,0,0,1,0,1,0,0,0,0,2,0,0,0,0,0,0,0,0,0,1,5,8,0,0,3,0,0,0,1,88,0,1,1,0,2,0,0,0,0,5,3,1,1,0,0,1,124,2,1,1,10,0,0,0,29,0,0,0,74,3,0,7,12,0,0,0,1,0,4,0,1,0,0,23,0,0,0,0,0,0,1,0,0,0,0,8,1,1,1,1,0,0,0,0,0,0,0,0,1,0,0,0,0,0,0,0,0,0,0,6,71,0,1,0,0,0,1,0,15,6,0,1,0,0,2,1,6,6,5,2,0,0,0,0,0,2,55,0,0,2,1,0,0,1,0,0,1,0,0,0,0,4,0,0,0,0,0,0,1,0,15,0,0,0,0,0,1,0,0,1,0,0,0,11,0,0,14,0,0,1,0,15,0,0,0,0,0,0,3,0,0,9,0
145,1503,ESCOLA MUNICIPAL PAULO ROGERIO GUIMARAES ESMANHOTO,RUA PEROLA DO OESTE 285,SITIO CERCADO,-25.5529209,-49.2752112,65,0,1440,1187,97,64,0,1,1,3,9,0,0,0,0,1,0,0,9,0,0,0,0,0,0,0,0,0,0,5,0,1,0,6,0,0,0,9,0,0,0,10,0,0,0,0,4,0,0,0,0,0,0,3,0,0,0,0,0,0,2,0,0,0,0,2,4,19,0,2,0,2,3,0,1,0,0,2,0,0,13,8,1,1,13,0,3,2,5,0,0,0,0,0,4,0,0,0,1,0,0,0,0,0,0,0,0,0,2,0,0,0,0,0,65,1,0,0,0,0,0,0,0,0,0,0,0,0,1,0,0,3,1,4,65,0,0,0,16,3,1,0,8,35,0,0,0,0,0,2,0,1,0,0,0,0,0,0,0,6,0,0,0,0,0,0,0,0,0,0,1,0,0,1,0,1,0,0,0,0,0,0,11,0,0,0,1,5,4,0,0,0,0,0,0,0,0,0,0,1,0,0,0,0,0,4,0,0,0,2,0,0,0,3,0,0,0,0,2,0,5,0,0,0,5,1,0,0,0,0,0,3,0,1,0,0,0,0,0,0,0,0,0,0,0,69,0,0,0,0,0,0,0,0,2,0,5,0,0,0,0,0,0,0,0,1,0,0,0,0,1,0,1,5,0,4,0,0,0,0,0,0,0,0,0,0,0,0,0,0,38,3,0,0,1,1,0,2,15,1,0,0,0,0,0,0,1,0,7,0,0,0,2,0,0,0,3,0,0,3,5,1,0,0,0,0,0,0,0,0,0,0,0,0,0,0,0,0,0,0,0,0,0,0,0,1,0,0,0,0,0,0,0,0,0,3,0,0,0,0,0,0,0,0,0,0,0,0,0,0,0,1,0,0,0,0,0,0,2,0,0,4,0,0,0,0,0,0,0,0,0,0,0,0,0,0,0,0,0,0,0,0,0,0,0,0,0,0,0,0,0,0,0,0,0,0,0,0,0,0,1,0,0,0,0,0,0,0,0,0,0,0,2,0,0,1,0,0,0,0,0,0,0,0,8,0,0,0,0,0,1,0,0,0,0,0,0,1,1,0,0,0,0,0,0,0,0,2,0,0,0,0,1,2,3,0,0,2,0,2,0,0,41,0,0,0,0,2,0,0,0,0,0,0,0,0,0,0,0,61,4,0,0,4,0,0,1,12,0,1,0,55,0,0,6,7,0,1,0,0,0,0,1,0,0,0,24,0,0,0,0,0,0,0,0,0,0,0,1,0,0,0,0,0,1,0,0,0,0,0,0,0,0,0,0,0,2,0,0,0,0,0,1,40,0,1,0,0,1,1,0,5,13,2,0,0,0,0,0,1,3,2,0,0,0,4,0,0,0,48,0,0,2,3,0,0,0,0,0,0,0,0,0,0,2,0,0,0,0,1,0,1,0,18,1,0,0,0,0,0,0,0,0,0,0,0,12,0,0,4,0,0,1,0,3,0,0,0,0,1,0,1,0,1,5,0
145,1511,ESCOLA MUNICIPAL BAIRRO NOVO - CAIC,"RUA WALDOMIRO BILESKI, 71",SITIO CERCADO,-25.542853,-49.2616204,65,0,5900,4707,458,220,0,5,4,20,53,3,5,1,1,4,0,1,36,5,0,1,0,3,0,0,0,2,4,23,6,7,0,9,1,0,2,20,4,1,0,78,0,1,3,0,57,0,2,1,0,0,0,5,0,2,1,1,0,0,7,1,0,0,0,1,18,53,0,6,1,5,16,1,7,0,1,9,0,0,28,14,1,1,41,0,18,13,16,0,0,3,0,0,22,2,3,3,0,0,2,1,0,0,3,0,1,0,4,1,1,0,0,0,151,2,0,0,0,0,2,2,1,0,0,0,0,5,0,0,0,5,2,15,229,0,1,3,124,4,0,0,11,117,5,0,0,0,1,17,0,0,0,0,0,0,0,0,0,37,0,0,7,1,2,0,0,0,0,0,0,0,1,8,0,1,1,0,0,0,0,2,214,0,0,0,0,5,18,0,0,1,2,0,0,0,0,1,1,1,0,0,0,0,3,20,0,0,0,1,0,0,0,2,0,0,0,0,0,1,6,0,0,0,14,1,1,2,0,0,0,4,0,2,1,2,0,0,0,0,1,0,3,0,2,315,2,0,0,0,0,0,0,0,20,2,2,1,0,1,1,0,2,0,0,0,1,0,0,0,0,0,5,6,0,25,0,0,0,0,0,1,0,0,0,0,0,0,1,4,134,9,2,1,1,1,4,0,61,6,0,1,1,0,1,0,6,1,48,2,0,0,3,0,0,2,25,0,0,4,2,4,0,0,0,1,0,0,0,0,0,0,0,0,0,0,0,0,0,0,0,0,0,0,0,0,0,0,0,0,4,0,0,0,0,0,0,0,0,0,0,5,0,0,0,0,0,0,0,0,1,0,3,0,1,1,1,0,1,3,0,8,0,1,0,0,1,0,0,0,0,0,1,0,1,0,0,0,2,0,0,0,0,0,0,3,0,0,0,1,0,1,0,0,0,0,0,0,1,0,2,0,0,0,0,0,0,0,0,0,0,2,0,0,2,0,0,5,0,1,0,0,2,0,36,0,0,0,0,0,0,0,0,0,0,0,0,5,0,0,0,0,1,0,0,0,0,0,0,0,0,0,7,9,4,0,4,3,0,3,0,0,143,0,2,1,1,3,0,1,0,2,0,7,3,0,0,2,3,188,11,0,1,27,0,0,5,42,1,0,0,153,1,1,19,19,0,1,1,4,1,9,2,2,1,0,95,0,1,1,1,0,0,2,3,0,1,0,3,0,0,2,0,0,0,0,0,0,0,1,2,1,0,0,13,0,0,0,0,0,3,0,11,134,0,0,0,3,11,10,0,11,28,3,0,0,0,2,2,7,7,7,2,0,1,0,2,0,0,164,0,1,0,3,0,1,0,4,0,0,1,0,0,0,5,0,0,0,0,0,1,0,0,76,1,0,0,3,3,0,0,1,0,0,0,1,28,1,0,39,0,0,3,2,52,0,0,0,0,5,0,15,0,0,15,0
145,1520,COLEGIO ESTADUAL LA SALLE,RUA DILERMANDO PEREIRA DE ALMEIDA  120,PINHEIRINHO,-25.5322471,-49.2917691,66,0,7186,5727,497,315,0,3,3,15,69,0,4,1,2,9,0,1,36,2,0,0,0,10,0,3,1,5,2,30,2,4,2,6,0,0,4,24,0,0,0,91,0,2,1,0,42,0,1,0,0,0,0,9,1,5,15,0,0,1,13,0,0,0,0,7,18,85,1,7,1,1,20,1,21,0,1,4,0,0,54,19,0,0,52,0,17,11,14,0,2,1,2,0,41,5,2,6,0,0,0,1,0,0,0,0,0,1,5,0,1,1,0,1,125,2,0,1,0,0,0,0,8,0,0,0,1,1,3,0,2,12,1,7,322,1,1,35,134,8,4,1,15,234,3,1,1,0,0,41,2,0,0,0,0,0,1,0,0,45,2,0,3,0,0,0,1,1,2,1,0,0,0,2,0,1,1,0,0,0,0,4,22,0,1,0,0,4,37,0,0,1,2,0,0,0,0,0,3,2,0,0,0,0,2,41,0,0,0,0,0,2,1,0,0,2,0,0,0,0,0,0,0,0,12,0,0,3,0,0,0,10,0,3,2,2,1,1,0,1,1,0,1,0,3,481,2,0,2,0,0,1,0,1,24,1,0,0,0,1,0,0,1,0,0,1,0,0,0,0,0,0,1,18,1,12,0,1,0,0,0,0,0,0,0,0,0,0,3,3,154,9,2,1,1,0,2,1,55,2,1,0,1,1,0,0,0,2,61,2,0,0,9,2,0,1,12,0,0,3,10,1,1,0,1,0,2,0,0,0,0,0,0,0,0,0,0,0,0,0,0,0,0,2,0,0,0,0,0,0,5,0,0,0,0,0,0,0,0,0,0,2,0,0,0,0,0,0,1,0,12,1,2,0,11,1,2,0,1,0,1,10,0,2,2,0,0,0,0,0,0,1,0,1,2,0,0,0,0,0,0,0,0,0,0,0,0,0,0,0,0,4,0,0,1,0,1,1,0,0,0,0,0,0,0,0,0,1,0,0,0,1,0,0,1,0,0,0,0,0,0,0,0,0,3,0,0,0,1,0,0,0,0,0,0,0,0,5,0,2,0,0,3,0,0,0,0,0,0,0,0,0,2,2,10,1,2,29,0,3,0,2,184,0,5,0,0,6,0,0,1,1,5,6,6,2,0,0,1,306,8,0,0,23,0,0,6,34,0,1,1,230,1,1,19,29,0,3,2,7,2,21,0,2,0,0,70,0,1,1,2,0,0,3,7,1,0,0,4,1,0,0,0,0,3,0,0,0,0,0,0,1,0,0,0,0,0,0,0,0,0,0,5,178,0,0,0,1,4,11,1,17,34,1,1,0,0,3,3,5,16,15,2,0,0,1,0,0,5,185,0,1,2,6,1,0,0,2,4,1,0,0,0,0,7,0,0,1,3,0,1,0,0,43,0,4,1,0,2,1,0,6,0,0,0,5,48,0,1,36,2,0,8,0,132,0,0,2,1,0,1,21,0,4,36,0
145,1538,CEI FRANCISCO FRISCHMANN,RUA CID MARCONDES DE ALBUQUERQUE 2640,PINHEIRINHO,-25.5268642,-49.2692436,66,0,6328,4985,450,191,0,5,8,10,64,3,7,1,1,5,0,3,40,1,0,1,0,4,1,6,0,4,4,25,3,5,3,7,1,0,1,36,2,0,0,98,0,2,2,2,61,1,2,2,0,0,0,9,1,5,2,0,0,0,12,0,0,0,1,3,16,79,0,6,0,8,9,2,16,0,3,6,0,0,42,33,0,0,43,0,11,13,7,5,0,4,3,1,46,6,6,3,1,0,0,1,0,0,0,0,2,0,1,1,3,3,1,1,123,2,0,5,0,0,2,0,1,1,0,0,1,5,0,0,1,5,0,7,267,1,3,13,207,11,1,2,10,175,2,0,0,0,0,43,0,0,0,1,1,0,0,0,2,53,0,0,4,0,0,1,0,2,1,0,0,0,1,0,0,2,0,0,0,0,0,2,21,0,5,1,1,4,28,0,0,1,0,0,1,0,1,0,0,0,0,0,0,0,4,65,0,0,0,1,1,2,0,0,0,7,1,0,0,1,0,0,0,0,20,0,0,0,1,0,2,3,0,2,1,1,2,0,0,1,0,0,3,0,2,419,0,0,0,1,0,0,0,3,23,0,2,1,1,2,1,0,11,0,0,1,0,0,0,0,0,1,0,12,4,20,0,0,0,0,0,0,0,0,0,0,1,0,3,5,148,10,4,0,1,4,2,3,55,5,1,0,3,0,1,0,0,0,35,0,0,2,10,3,0,4,8,0,0,8,1,0,0,0,0,0,0,0,0,0,0,0,0,0,0,0,0,0,1,0,0,0,0,0,1,0,0,0,0,0,4,0,0,0,0,2,0,0,0,0,0,0,0,0,0,0,0,0,0,0,6,0,0,0,4,2,8,0,1,0,0,7,0,0,2,1,1,1,0,0,0,0,0,0,2,0,0,0,0,0,0,0,1,0,1,0,0,0,0,0,0,0,0,0,0,0,0,0,0,0,0,0,0,0,0,0,0,0,0,0,0,0,2,0,4,8,1,2,0,0,0,0,2,0,1,0,0,0,0,0,0,0,0,0,0,0,0,6,0,0,0,0,0,0,0,0,1,0,0,0,0,0,2,7,6,0,1,4,0,1,0,1,115,0,2,0,1,9,0,8,0,2,3,14,5,0,0,0,0,206,3,0,0,29,0,0,1,71,5,0,0,174,1,2,22,15,0,0,1,4,0,18,1,1,2,0,42,0,1,0,0,1,0,1,2,0,2,0,4,2,1,0,0,0,1,0,0,0,0,1,2,0,0,1,0,0,0,0,0,0,0,0,9,147,0,1,0,0,6,4,2,21,45,2,1,0,1,0,1,6,13,13,1,0,1,0,0,0,6,129,0,1,4,4,0,1,0,7,1,0,0,2,0,0,7,0,0,0,1,0,2,0,0,52,0,1,0,0,1,0,0,1,0,0,1,3,47,1,2,37,0,1,2,1,55,0,0,2,0,2,0,6,0,2,22,0
145,1546,ESCOLA MUNICIPAL MARINGA,RUA BRASILIO PERY MOREIRA    17,PINHEIRINHO,-25.5347082,-49.2965879,66,0,2598,2191,175,104,0,1,4,6,36,3,2,1,0,1,0,0,16,2,0,0,0,6,0,0,2,2,1,15,1,0,0,5,1,0,1,7,1,1,0,37,0,0,0,0,19,0,0,0,0,0,0,2,0,2,15,0,0,0,3,0,0,0,0,1,13,51,0,8,1,0,13,0,9,0,0,0,0,0,32,9,2,2,26,0,2,5,4,0,0,0,0,0,25,2,0,0,0,0,0,0,0,0,0,0,0,1,1,0,0,0,0,0,59,0,2,0,0,1,0,0,2,0,0,0,1,2,1,0,0,2,0,2,126,0,0,8,69,4,1,0,11,54,1,0,0,0,0,8,3,0,0,0,0,0,1,0,0,10,0,0,3,0,0,0,0,0,0,1,0,0,1,0,0,2,8,0,0,0,0,0,5,0,0,0,0,0,17,1,2,3,0,0,0,0,0,0,1,0,0,0,0,1,0,7,0,0,0,0,0,3,1,0,0,0,1,0,0,0,0,0,0,0,3,0,0,1,0,0,0,1,0,3,0,0,0,1,0,0,0,0,0,0,0,205,0,0,0,0,0,0,0,0,6,0,2,1,0,0,0,0,0,1,0,1,0,0,0,0,0,0,3,16,0,1,0,0,0,0,0,0,0,0,0,0,0,0,2,1,54,3,0,0,3,0,1,0,30,5,0,1,1,0,1,0,1,0,10,1,0,0,6,0,0,0,4,0,0,1,3,1,1,0,0,3,0,0,0,0,0,0,0,0,0,0,0,0,0,0,0,0,0,0,0,0,0,0,0,0,7,0,0,0,0,0,0,0,1,0,0,1,0,0,0,0,0,0,0,0,2,0,0,0,0,0,2,2,0,0,2,2,0,0,0,0,0,2,0,0,0,0,0,0,1,0,0,0,0,0,0,0,0,0,0,0,0,0,0,0,0,0,0,0,0,0,0,0,1,0,0,0,0,0,0,0,0,0,0,0,0,0,0,1,2,1,0,0,0,0,0,0,0,0,4,0,0,0,0,0,0,0,1,0,0,0,0,2,0,1,0,0,1,0,0,0,0,0,0,0,0,0,3,0,0,0,0,6,0,0,0,0,72,0,0,0,0,2,0,0,0,0,0,2,1,0,0,0,0,83,2,0,0,6,0,0,0,16,1,0,0,108,0,0,8,12,0,1,0,1,2,3,2,0,1,1,29,0,0,0,0,0,0,1,0,0,0,0,2,0,0,0,0,1,4,0,0,0,0,0,0,0,0,0,1,0,0,0,0,0,0,0,0,92,0,0,0,0,5,2,1,7,9,1,0,0,0,0,0,3,4,0,2,0,0,0,0,0,0,55,0,0,2,3,0,0,1,2,0,1,0,0,0,0,1,0,0,0,0,0,0,0,0,23,0,2,0,0,4,0,0,0,0,0,0,2,13,0,0,5,0,0,0,0,40,0,0,0,0,0,0,2,0,4,16,0
145,1554,ESCOLA MUNICIPAL PROFESSORA JURANDYR BAGGIO MOCKELL,RUA BRIGADEIRO EDUARDO GOMES 270,PINHEIRINHO,-25.5195685,-49.286039,66,0,1941,1594,157,62,0,2,1,3,26,0,1,0,1,1,0,1,12,0,0,0,0,2,1,1,0,1,0,5,1,0,0,1,0,1,0,11,1,0,0,32,0,1,0,0,18,0,0,0,0,0,0,3,0,0,1,0,0,0,14,0,0,0,0,0,9,26,0,0,0,0,5,0,6,0,1,2,0,0,9,7,0,0,24,0,4,5,3,0,0,0,0,1,4,0,0,1,2,0,0,1,0,1,0,0,0,1,0,0,0,1,0,1,32,0,0,0,0,0,0,0,0,0,0,0,0,0,0,0,0,4,0,2,142,0,0,14,30,3,0,0,5,60,0,2,0,1,0,11,0,0,0,0,0,0,0,0,0,10,0,0,0,0,0,0,0,0,0,1,0,0,0,0,0,1,0,1,0,0,0,1,1,0,0,0,0,0,6,0,0,0,0,0,0,0,0,0,0,0,0,0,0,0,0,13,0,0,0,4,0,0,1,0,0,0,0,0,0,0,0,0,0,0,4,0,0,0,0,0,0,0,0,4,1,0,0,0,0,0,0,1,0,0,0,84,0,0,0,0,0,0,0,0,2,0,0,1,0,0,1,0,1,0,0,0,0,0,0,0,0,0,0,4,0,0,0,0,0,0,0,0,0,0,0,0,0,0,0,0,27,10,0,0,2,0,0,0,12,1,0,0,0,0,0,0,0,0,8,0,0,0,3,0,0,0,1,1,0,0,3,0,0,0,0,0,0,0,0,0,1,0,0,0,0,0,0,0,0,0,0,0,0,0,0,0,0,0,0,0,0,0,0,0,0,0,0,0,0,0,0,0,0,0,0,0,0,0,0,0,0,0,0,0,1,0,0,0,0,0,0,0,0,0,0,1,0,0,0,1,0,0,0,0,2,0,0,0,0,0,0,0,0,1,0,0,0,0,0,0,0,2,0,0,0,0,0,0,0,0,0,0,0,0,0,0,0,0,0,0,0,0,0,0,2,0,0,0,0,0,0,0,0,0,1,0,0,0,0,0,0,0,0,0,0,0,0,0,0,0,0,0,0,0,0,0,0,0,0,0,3,0,1,0,2,0,0,0,0,0,0,0,94,0,0,0,0,5,0,0,0,0,1,1,1,0,0,0,1,99,0,0,0,6,0,0,1,7,0,0,0,62,0,0,6,12,0,0,0,2,1,25,0,0,0,0,17,0,0,0,0,0,0,0,0,1,0,0,0,0,0,1,0,0,0,0,0,1,0,0,2,0,0,0,2,0,0,0,0,0,0,0,1,51,0,0,0,0,5,4,0,3,22,1,0,0,0,0,1,4,7,0,0,0,0,0,0,0,4,49,0,0,0,2,0,0,0,0,0,0,0,0,0,0,3,0,0,0,0,0,0,0,0,13,0,0,1,0,0,0,0,1,0,0,0,0,16,0,0,13,0,0,0,0,20,0,0,0,0,0,0,0,0,0,16,0
145,1562,ESCOLA MUNICIPAL PIRATINI,RUA JOAO MALTA DE ALBUQUERQUE MARANHAO 104     ,PINHEIRINHO,-25.5233215,-49.2871834,66,0,3718,3003,261,140,0,1,3,4,40,0,2,1,0,3,0,0,23,1,0,0,0,4,1,0,0,2,5,16,1,2,1,4,0,0,1,17,0,0,0,41,0,1,0,0,24,1,0,0,1,0,0,6,0,6,3,0,0,0,11,0,0,1,1,2,28,33,0,1,0,0,13,1,10,0,0,2,0,0,27,14,0,0,24,0,11,6,5,0,4,0,1,0,21,3,0,4,1,0,0,0,0,0,0,0,2,1,1,0,0,0,0,2,52,1,0,0,0,0,1,0,0,0,0,0,0,1,0,0,0,8,3,3,218,0,0,17,89,3,0,1,6,81,1,1,0,0,0,26,0,1,0,0,0,0,0,0,0,34,0,0,1,0,0,1,0,2,0,0,0,0,0,1,0,3,0,0,0,0,0,1,10,0,3,0,0,3,25,0,0,0,0,0,0,0,0,0,3,0,0,0,0,0,2,11,0,0,0,0,0,0,2,0,0,0,0,0,0,0,1,0,0,0,8,0,0,5,0,0,0,2,0,0,0,1,0,0,1,0,0,0,0,0,3,217,2,0,0,0,0,0,0,0,19,1,1,1,0,1,1,0,0,0,0,1,0,0,0,0,0,0,1,11,1,4,0,0,0,0,0,1,0,0,0,0,0,0,0,2,76,9,0,0,0,0,1,0,28,4,0,1,0,0,2,0,0,0,29,0,0,1,0,2,0,0,5,0,0,2,4,0,0,0,0,0,0,0,0,0,0,0,0,0,0,0,0,0,0,0,0,0,0,0,0,0,0,0,0,0,5,0,0,0,0,0,0,0,0,0,0,2,0,0,0,0,0,0,0,0,1,1,2,0,4,0,2,0,0,2,0,4,0,2,0,0,0,0,0,0,0,0,0,0,0,0,0,0,0,0,0,0,0,0,0,0,0,0,0,0,0,5,1,0,0,0,0,0,1,0,0,0,0,0,0,0,0,0,0,2,0,0,0,0,4,0,0,2,0,0,0,0,1,0,3,0,0,0,0,0,0,0,0,0,0,0,0,2,1,1,0,0,0,0,0,0,0,0,0,0,0,0,2,0,3,0,3,5,0,2,0,0,114,0,1,0,0,5,0,0,0,2,4,1,3,0,0,0,0,145,2,0,0,9,0,0,3,21,1,0,0,146,0,0,10,13,0,2,0,0,0,34,0,0,0,2,53,0,0,0,6,0,0,2,0,0,0,1,4,0,0,1,0,1,1,0,0,0,0,0,0,1,0,0,1,0,0,0,0,0,0,0,0,86,0,0,0,1,5,3,2,14,29,0,0,0,1,1,1,6,12,6,0,0,0,0,0,1,1,107,0,0,1,3,0,0,0,1,0,1,0,0,0,0,2,0,0,0,0,0,0,0,1,27,0,0,0,0,0,0,0,2,0,0,0,1,41,0,1,25,0,0,1,0,35,0,0,0,0,1,0,5,0,0,17,0
145,1570,ESCOLA ESTADUAL PROFESSORA IZABEL LOPES SANTOS SOUZA,RUA ROSA TORTATO 400,PINHEIRINHO,-25.5315413,-49.2883132,66,0,2773,2301,203,108,0,0,2,6,47,0,0,0,2,3,0,0,32,1,1,0,0,2,0,1,0,0,0,17,3,0,1,8,0,1,1,12,0,1,0,38,1,1,0,1,27,2,0,0,0,0,0,1,0,0,4,0,0,0,5,0,1,0,0,3,6,49,0,2,0,0,8,0,9,0,0,5,0,0,24,7,0,0,20,0,2,9,3,1,1,0,1,1,16,0,2,0,0,0,0,0,3,0,0,0,0,0,1,0,0,1,0,4,49,0,1,0,0,1,0,0,0,0,0,0,0,3,0,1,0,6,1,3,94,0,0,32,48,2,1,0,6,40,2,0,0,0,0,32,1,0,0,0,0,0,0,0,0,12,1,0,2,0,0,0,0,0,0,0,0,0,0,0,0,1,0,0,0,0,0,1,7,0,2,0,2,5,15,0,0,0,0,0,0,0,0,0,4,0,0,0,0,0,1,10,0,0,0,0,0,0,0,0,0,0,0,0,0,1,0,0,0,0,0,0,0,0,0,0,0,0,0,0,1,0,0,0,0,0,1,1,0,0,0,165,0,0,1,0,0,0,0,2,16,1,0,0,0,0,1,0,0,0,0,0,0,0,0,0,0,0,1,9,1,8,0,0,0,0,0,0,0,0,0,0,0,0,0,0,59,7,2,0,3,0,0,2,27,3,1,0,1,0,1,0,1,1,34,0,0,0,1,0,1,1,13,0,1,7,10,1,0,2,0,2,0,0,0,0,0,0,0,0,0,0,0,0,0,0,0,0,0,0,0,0,0,0,0,0,4,0,0,0,0,1,0,0,0,1,0,0,0,0,0,0,0,0,0,0,1,0,1,0,1,1,1,0,0,0,0,3,0,0,0,0,0,0,0,1,0,0,0,0,3,1,1,0,0,0,0,0,2,0,0,0,0,0,0,0,0,0,0,0,0,0,0,0,0,0,0,0,0,0,0,0,0,1,0,0,0,0,0,0,1,0,0,5,0,0,0,0,0,0,1,0,0,0,0,0,0,0,0,0,0,0,0,1,0,0,0,0,0,0,0,0,0,0,0,0,0,0,0,1,3,0,2,6,0,1,0,0,100,0,0,0,0,6,0,0,0,2,0,1,5,1,0,0,0,83,2,0,0,16,1,0,3,32,0,0,0,88,1,0,5,10,0,1,0,0,1,3,2,0,0,1,41,0,1,0,0,0,1,0,0,0,0,0,0,0,0,0,0,1,2,0,0,0,0,0,0,0,0,0,1,0,0,0,0,0,0,0,0,76,0,0,0,0,2,6,0,12,23,1,0,0,1,0,0,3,6,6,3,0,0,0,1,1,2,63,0,0,0,3,0,1,0,0,0,0,0,0,0,0,2,0,1,0,1,0,4,0,0,28,0,1,0,0,0,0,1,1,0,0,0,0,20,0,0,26,0,0,4,0,35,0,0,0,0,0,0,17,0,0,8,0
145,1589,COLEGIO ESTADUAL PROFESSOR JOAO LOYOLA,RUA MARIO GOMES CESAR   580,PINHEIRINHO,-25.5187688,-49.2995953,66,0,5095,4067,313,182,0,1,3,9,37,2,2,0,1,2,1,0,34,1,0,0,0,10,1,2,0,2,1,24,3,4,0,7,0,0,0,8,0,0,0,62,0,1,2,0,49,1,1,0,0,0,0,4,0,8,7,0,0,0,6,0,0,1,2,7,9,62,0,2,0,1,18,3,14,0,1,1,0,0,43,25,2,0,29,0,5,7,4,2,8,1,3,0,31,5,3,4,0,0,0,0,0,0,0,0,0,1,3,0,0,0,0,0,103,2,1,0,0,0,0,0,10,0,0,1,2,4,1,1,1,12,0,2,184,0,0,3,133,3,0,1,15,167,1,0,1,2,1,7,0,2,1,1,1,0,0,0,0,28,0,0,5,0,0,0,0,0,0,1,0,0,0,0,0,0,0,0,0,0,0,0,6,0,0,0,0,12,41,0,0,1,0,0,0,0,0,0,0,0,0,0,0,0,0,7,0,1,0,0,2,0,0,0,0,0,0,0,0,0,0,0,0,0,6,0,0,4,0,0,0,5,0,2,0,1,0,0,1,0,0,0,0,0,0,427,0,0,5,0,0,1,0,0,2,1,0,0,0,2,2,0,2,0,0,0,0,0,0,0,0,0,0,11,0,3,0,0,0,0,0,1,0,0,0,0,0,0,4,4,151,7,2,1,1,3,1,2,37,0,0,1,2,0,7,1,0,1,36,1,0,0,5,1,1,0,16,0,0,9,6,1,0,0,0,1,0,0,0,0,0,0,0,0,0,1,0,0,0,0,1,1,0,0,0,0,0,0,0,0,3,0,0,0,0,0,0,0,0,0,0,0,0,0,0,1,1,0,2,0,3,2,2,2,6,0,3,2,0,0,0,8,0,0,1,0,0,0,0,1,1,1,1,0,0,0,0,0,0,0,0,0,0,0,0,1,0,0,0,0,0,1,0,0,0,0,0,0,0,1,0,0,0,0,0,0,0,0,0,0,0,1,0,0,4,0,0,2,0,0,0,0,0,0,3,0,0,0,0,0,0,0,0,0,0,0,0,8,0,3,0,0,0,0,0,0,0,0,0,0,0,1,3,1,8,0,5,2,0,1,0,0,131,0,2,0,0,6,0,0,0,1,7,6,5,1,0,0,0,220,3,0,0,19,0,0,1,25,0,0,0,144,0,1,14,22,0,2,0,3,0,7,1,2,0,0,44,0,0,0,1,0,1,1,0,0,0,2,5,0,0,0,0,0,0,0,0,4,0,0,0,0,0,0,2,0,0,0,0,1,0,0,6,121,0,0,0,2,6,11,0,11,29,3,0,0,0,0,0,5,14,5,2,0,0,0,0,0,4,114,0,0,5,11,0,0,0,5,0,0,2,0,0,0,4,1,0,0,0,0,2,0,0,33,0,0,1,0,2,0,0,0,0,0,0,0,47,0,0,15,0,0,6,1,162,0,0,0,0,1,2,7,0,2,20,0
145,1597,ESCOLA MUNICIPAL SAO MATEUS DO SUL,RUA ORESTES CODEGA 165,PINHEIRINHO,-25.5251334,-49.2978496,66,0,2238,1872,124,89,0,0,0,4,18,2,2,1,0,1,0,0,13,2,0,0,0,4,0,1,1,3,1,8,0,0,0,2,1,1,1,7,0,0,0,22,0,2,0,0,24,0,3,0,0,0,0,1,0,0,1,0,0,0,2,0,0,0,0,0,4,25,0,2,0,0,12,0,9,0,0,3,0,0,10,13,1,0,15,0,7,1,3,0,2,0,0,0,9,0,4,1,0,0,0,0,0,0,0,0,0,1,0,0,0,1,0,0,54,0,0,0,0,0,0,0,3,1,0,0,0,0,0,0,2,3,0,1,74,0,0,0,59,0,0,0,4,69,0,0,0,0,0,3,1,4,0,0,0,0,0,0,0,8,0,0,1,0,0,0,0,0,0,0,0,0,1,0,0,1,0,0,0,0,0,0,3,0,0,0,0,3,29,0,0,0,0,1,0,0,0,0,1,0,0,0,0,0,0,5,0,0,0,0,0,0,0,0,0,1,0,0,0,0,0,0,0,0,6,0,0,1,0,0,0,1,0,1,0,0,0,0,0,1,0,0,0,0,0,212,0,1,1,0,0,0,0,0,9,0,0,0,0,0,0,0,0,0,0,0,0,0,0,0,0,1,1,9,0,2,0,0,0,0,0,0,0,0,0,0,0,0,1,2,54,9,0,2,0,0,1,0,14,0,0,0,0,0,1,0,0,0,25,1,0,0,1,1,0,0,3,1,0,0,2,2,0,0,0,0,0,0,0,0,0,0,0,0,0,0,0,0,0,0,0,0,0,1,0,0,0,0,0,0,1,0,0,0,0,0,0,0,0,0,0,0,0,0,0,0,0,0,1,0,2,0,0,0,1,2,1,0,1,0,1,4,0,0,4,0,0,0,0,0,0,0,0,0,2,0,0,0,0,0,0,0,0,0,1,0,0,0,0,0,0,0,0,0,0,0,0,0,0,0,0,0,0,0,0,0,0,0,0,0,0,1,0,0,2,0,0,3,0,0,0,0,0,0,2,0,0,0,0,0,0,0,0,0,1,0,0,1,0,4,0,0,0,0,1,0,2,1,0,0,0,0,0,0,4,0,0,2,0,0,0,0,75,0,0,0,0,1,0,0,1,1,1,0,4,0,0,0,0,86,0,0,0,11,0,0,4,24,0,0,0,70,2,0,4,7,0,0,0,0,0,2,0,1,0,0,12,0,2,0,0,0,0,1,1,0,0,0,0,0,0,0,0,0,0,0,0,0,0,0,0,0,0,0,0,0,0,0,0,1,0,0,2,67,0,0,0,0,1,5,0,9,3,1,0,0,0,0,0,7,7,8,0,0,0,0,0,0,4,54,0,0,1,0,0,0,0,0,0,0,0,0,0,0,2,1,0,0,0,0,0,0,0,16,0,0,0,2,0,0,0,0,0,0,0,0,27,0,1,18,0,0,0,0,103,0,0,1,0,2,0,3,0,1,7,0
145,1600,ESCOLA MUNICIPAL COLOMBO,"RUA IZAAC FERREIRA DA CRUZ, 2591",SITIO CERCADO,-25.5375491,-49.277844,65,0,3037,2495,206,134,0,1,2,8,30,3,1,0,1,3,2,1,15,2,0,0,0,1,0,1,0,2,0,12,3,2,0,7,1,1,2,21,1,2,0,46,0,0,0,0,19,1,3,0,0,0,0,1,0,1,4,0,0,0,4,0,0,0,0,2,4,39,0,6,0,0,10,1,9,0,1,0,0,0,22,5,0,0,30,0,7,10,4,0,0,0,0,0,12,1,0,3,0,0,0,1,0,0,0,0,1,1,0,0,1,0,0,0,61,1,0,0,0,0,0,1,0,0,0,0,1,2,0,0,0,0,0,7,132,0,0,7,74,2,0,0,7,70,1,1,0,0,0,34,1,0,0,0,0,1,0,0,2,18,0,0,1,1,0,0,0,0,0,0,3,0,1,2,0,0,0,0,1,2,0,2,35,0,2,0,0,4,21,0,0,0,0,1,0,0,0,0,0,1,0,0,0,1,1,12,0,0,0,1,0,0,0,0,0,0,0,0,1,0,0,0,0,0,8,0,0,0,0,0,1,1,0,0,0,3,1,0,0,0,0,0,2,0,1,147,0,0,0,0,0,0,0,0,32,3,3,0,0,0,0,0,3,0,2,3,0,0,1,0,0,0,2,8,1,32,0,0,0,1,0,0,0,0,0,0,0,0,1,0,67,2,0,2,2,2,2,0,33,0,0,1,1,0,2,0,2,1,32,1,0,0,3,1,0,0,14,0,0,3,3,0,0,0,0,3,1,0,0,0,0,0,0,0,0,0,0,0,0,0,0,0,0,0,0,0,0,0,0,0,0,0,0,0,0,0,0,0,0,1,0,0,0,1,0,0,0,0,0,0,1,1,0,0,1,0,1,0,1,0,1,4,0,0,0,0,0,0,0,0,0,0,1,0,1,0,0,0,0,0,0,0,0,0,0,0,0,0,0,0,0,1,0,0,0,0,1,0,0,0,0,0,0,0,1,0,0,1,0,0,0,2,0,0,7,0,0,0,0,0,0,0,1,0,6,0,0,0,0,0,0,0,0,0,0,0,0,3,0,0,0,0,0,0,0,0,0,0,0,1,0,0,0,7,4,1,2,3,0,1,0,0,75,0,0,0,0,5,0,0,0,1,3,3,2,0,0,0,1,113,10,0,0,10,0,0,2,22,0,0,0,78,1,0,4,12,0,1,0,1,1,5,1,0,0,1,42,0,0,0,1,1,0,4,2,0,0,0,0,0,0,0,0,0,0,0,0,0,0,0,0,0,0,0,2,0,0,0,0,0,0,0,2,82,0,2,0,2,8,5,2,9,29,0,1,0,1,0,1,2,7,4,1,0,0,1,0,0,5,78,0,1,0,3,0,0,0,1,0,1,0,0,0,0,3,0,0,1,2,0,0,0,0,26,2,1,0,1,3,0,0,1,0,0,0,0,26,0,0,8,0,0,1,0,36,0,0,0,0,1,0,6,0,0,5,0
145,1619,ESCOLA ESTADUAL HASDRUBAL BELLEGARD,"RUA IZAAC FERREIRA DA CRUZ, 3009",SITIO CERCADO,-25.5365001,-49.2738479,65,0,5963,4648,421,229,0,4,2,9,49,3,8,0,2,7,1,2,43,3,0,1,0,7,0,1,1,9,3,26,1,8,1,12,2,0,4,35,0,1,0,78,0,1,1,0,49,2,7,1,1,0,0,3,0,3,3,0,0,0,5,0,0,0,0,1,13,79,0,3,0,11,18,0,5,0,1,6,0,0,57,9,0,0,46,0,10,10,8,0,3,1,2,2,28,1,3,2,0,1,0,1,0,1,0,0,0,0,0,0,0,2,0,0,85,2,2,1,0,0,0,0,0,0,0,0,2,3,1,0,1,9,0,16,245,0,0,9,126,6,0,0,8,152,2,1,0,0,1,72,0,0,0,0,1,1,0,0,0,43,0,0,3,0,1,2,0,1,0,1,0,0,0,3,0,1,0,1,0,0,0,2,50,0,0,0,0,9,30,0,1,1,0,0,0,0,2,0,3,1,0,0,0,0,0,29,0,1,0,0,2,0,0,0,0,0,1,0,1,1,0,0,0,1,12,1,0,3,0,0,2,2,0,1,0,3,1,1,0,0,0,0,1,0,2,339,2,0,0,0,0,3,1,0,54,4,2,0,0,0,2,0,2,0,0,0,0,0,0,0,0,0,3,20,2,49,0,0,1,0,0,0,0,0,0,0,0,0,4,1,110,14,0,4,0,0,6,5,51,3,0,0,0,2,2,0,5,2,41,0,0,0,1,1,0,1,23,0,0,2,4,1,2,0,0,1,0,0,0,0,0,0,0,0,0,0,0,0,0,0,0,0,0,0,1,0,0,0,0,0,3,0,0,0,0,0,0,0,0,1,0,4,0,0,0,0,0,0,0,0,2,6,3,1,0,6,1,0,0,0,0,6,1,0,0,0,1,2,0,0,0,0,0,0,2,0,0,0,1,0,0,0,0,0,0,2,2,0,0,0,0,0,0,0,0,0,1,1,0,0,1,0,0,0,0,0,0,0,0,0,0,1,0,0,1,1,0,1,0,0,0,0,2,0,17,0,0,0,0,0,0,0,1,0,0,0,0,5,0,0,0,0,1,0,1,0,0,0,0,0,0,0,4,3,10,0,2,0,0,2,0,1,133,0,0,0,2,7,0,0,0,2,5,6,4,0,0,0,0,192,2,0,1,15,0,0,7,52,1,0,0,183,0,0,11,28,0,1,0,2,0,6,0,0,1,0,85,0,2,0,1,0,0,0,2,2,0,0,3,0,0,0,0,0,0,0,0,0,0,0,0,0,1,0,6,1,0,0,0,0,1,0,3,121,0,1,1,1,17,13,0,20,50,3,1,0,1,0,3,2,14,8,4,0,0,0,0,0,3,132,1,0,0,11,0,0,0,7,0,0,0,0,0,0,4,0,0,0,0,0,3,2,0,64,1,3,1,6,0,0,0,2,1,0,0,1,38,0,0,34,0,0,0,0,62,0,0,0,0,3,0,4,0,1,26,0
145,1627,CEI PROFESSOR JOSE CAVALLIN,RUA CALIFORNIA 954,SITIO CERCADO,-25.5445088,-49.2760737,65,0,2610,2019,183,109,0,5,1,0,32,1,2,0,0,0,0,0,24,1,0,0,0,2,0,1,0,1,2,15,1,3,0,5,0,0,0,9,0,0,0,29,0,2,0,0,17,1,0,0,1,0,0,2,0,0,1,0,0,0,6,1,0,0,1,0,5,33,1,2,0,4,1,0,16,0,1,3,0,0,31,9,3,0,19,0,5,7,6,1,0,1,1,0,11,0,4,0,0,0,0,0,1,2,0,1,1,0,1,0,0,1,0,0,53,0,0,0,0,1,0,0,1,0,0,0,2,1,0,0,2,2,1,9,84,0,0,2,53,6,1,0,5,69,0,1,0,0,0,13,0,0,0,0,0,0,0,0,0,11,0,0,6,0,3,2,0,0,0,0,1,0,0,2,0,0,1,0,0,0,0,0,21,0,0,0,2,1,15,0,0,0,0,1,0,0,0,0,0,0,1,0,0,1,0,7,0,0,0,1,1,0,0,0,0,0,0,0,0,1,2,0,0,0,9,0,0,2,0,0,0,2,0,0,0,1,0,0,0,1,0,0,1,0,0,143,0,0,1,0,0,0,0,0,17,1,3,1,0,0,0,0,0,1,0,0,0,0,0,0,0,0,1,8,1,11,0,0,0,0,0,0,0,0,0,0,0,0,3,2,41,1,1,3,0,1,3,0,20,0,0,0,0,0,3,0,1,0,19,0,0,0,0,0,0,1,5,0,0,2,3,0,0,0,0,1,0,0,0,0,1,0,0,0,0,0,0,0,0,0,1,0,0,0,0,0,0,0,0,0,1,0,0,0,0,0,0,0,0,0,0,0,0,0,0,2,0,0,0,0,1,1,0,0,2,1,5,0,0,0,0,2,0,0,0,0,0,0,0,0,0,0,1,0,0,0,0,0,0,0,0,0,0,0,0,0,0,0,0,0,0,0,0,0,0,0,0,0,0,1,0,0,0,0,0,0,0,0,0,0,0,2,0,0,0,2,1,0,0,0,0,0,3,0,11,0,0,0,0,0,0,0,0,0,0,0,0,1,2,0,0,0,0,0,0,0,0,0,0,0,0,0,3,2,5,0,0,2,0,1,0,0,72,0,1,0,0,3,0,0,0,0,5,5,1,0,0,0,0,90,1,1,0,18,0,0,0,19,0,0,0,57,0,0,6,12,0,0,1,0,0,5,0,0,1,1,33,0,0,0,0,0,0,0,2,0,0,0,2,0,1,0,0,0,1,0,0,1,1,0,0,0,1,0,2,0,0,0,0,0,1,0,1,75,0,0,0,0,7,5,0,7,19,2,1,0,0,1,1,3,4,1,0,0,1,0,1,0,1,56,0,0,0,0,0,0,1,1,0,2,0,0,0,0,8,0,0,0,0,0,2,0,0,19,0,0,0,1,1,0,0,0,0,0,0,1,22,1,0,16,0,0,0,0,17,0,0,0,0,1,0,6,0,0,7,0
145,1635,ESCOLA MUNICIPAL PROFESSOR PEDRO VIRIATO PARIGOT DE SOUZA,R PROF. DELMINDA SANTOS FERNANDES   80,SITIO CERCADO,-25.5291857,-49.2694545,65,0,4305,3507,276,208,0,1,3,8,44,0,0,0,0,11,0,1,34,2,0,0,0,7,1,0,0,2,0,27,0,1,0,6,0,3,1,19,0,1,0,53,0,1,0,0,43,1,1,0,0,0,0,2,0,2,7,0,0,0,12,0,0,0,1,0,16,65,0,3,0,3,8,0,10,0,0,4,0,0,32,12,0,0,35,0,13,12,10,0,0,0,0,1,29,2,4,7,0,0,0,0,0,0,1,0,0,0,0,0,0,0,0,1,107,0,0,3,0,0,0,0,0,0,0,0,0,1,0,0,1,3,0,13,145,0,1,7,97,2,2,0,6,104,5,0,0,0,1,41,0,1,0,0,0,2,0,0,0,27,0,0,4,0,0,1,0,7,0,1,0,0,2,0,0,0,0,1,0,0,0,0,24,0,0,0,0,2,27,0,0,0,4,0,0,0,0,0,0,0,0,0,0,0,0,55,0,0,0,0,0,0,2,0,0,1,0,0,0,0,0,0,0,0,1,0,0,0,0,0,0,2,0,2,2,0,1,0,0,0,0,0,0,0,5,290,0,0,0,0,0,0,0,0,53,1,1,0,0,0,0,0,1,0,0,0,0,0,0,0,0,0,0,28,2,27,1,0,0,0,0,2,0,0,0,0,0,0,1,0,125,11,1,0,0,1,1,4,30,1,1,0,4,0,2,1,0,0,38,2,0,0,2,0,0,3,8,0,1,5,5,0,0,2,0,0,0,0,0,0,0,0,0,0,0,0,0,0,0,0,0,0,0,0,0,0,0,0,0,0,3,0,0,0,0,0,0,0,0,0,0,0,0,0,0,0,0,0,0,0,3,1,2,0,1,1,2,0,1,0,0,6,1,0,1,0,0,2,0,0,2,0,0,0,0,0,1,0,1,0,0,0,0,0,0,1,0,0,0,0,0,0,1,0,0,1,0,0,0,0,4,0,0,0,0,0,0,0,1,2,0,0,1,0,9,5,0,0,0,0,0,0,2,0,6,0,0,0,0,0,0,0,0,0,0,0,0,8,0,0,0,0,0,0,0,0,0,0,1,0,0,0,2,6,3,0,1,1,0,2,0,1,81,0,1,0,1,4,0,0,0,2,1,7,3,0,0,0,0,174,4,0,0,13,0,0,0,38,1,0,0,105,0,0,10,17,0,0,1,2,0,1,1,2,1,0,51,0,2,0,0,0,0,1,7,0,0,0,2,0,0,0,0,2,0,0,0,0,0,0,4,1,0,0,0,0,0,0,0,0,3,0,6,101,0,0,0,1,15,6,0,11,27,3,0,0,0,0,1,7,12,3,1,0,1,0,0,0,1,87,0,0,1,2,0,1,0,0,1,1,0,0,0,0,6,0,0,0,2,0,0,0,0,48,1,2,0,0,0,0,0,1,0,0,0,0,29,0,0,23,0,0,2,0,42,0,0,0,0,2,0,2,0,0,14,0
145,1643,ESCOLA MUNICIPAL PROFESSORA AUGUSTA GLUCK RIBAS,"RUA IZAAC FERREIRA DA CRUZ, 3560",SITIO CERCADO,-25.5348789,-49.2685903,65,0,3189,2564,192,130,0,1,1,5,29,1,4,0,0,5,0,0,21,1,0,0,0,1,1,2,0,2,2,14,1,1,1,7,0,0,4,30,0,0,0,72,0,1,1,1,28,0,1,0,1,0,0,2,0,2,1,0,0,0,8,0,0,0,0,0,10,39,0,2,0,5,6,0,6,0,0,2,0,0,20,9,1,0,15,0,7,8,7,0,0,0,1,0,16,2,1,3,1,0,0,0,0,0,0,0,0,1,3,0,0,0,0,1,63,1,0,0,0,0,0,0,3,0,0,0,0,1,0,0,2,3,1,24,111,0,1,5,58,4,0,0,9,92,1,0,0,0,0,9,1,0,0,0,3,0,0,0,0,15,0,0,2,0,0,1,1,0,0,0,0,0,0,0,0,0,0,0,0,0,0,0,34,0,1,1,0,0,13,0,0,0,0,0,0,0,0,0,1,0,0,0,0,1,0,15,0,0,0,1,0,0,2,0,0,0,0,0,0,0,0,0,0,0,8,0,0,1,0,0,0,6,0,0,0,1,0,0,0,0,0,0,1,0,2,214,3,0,0,0,0,4,0,0,42,0,0,0,0,0,0,0,0,0,0,0,0,0,0,0,0,0,5,14,1,31,0,0,0,1,0,0,0,0,0,0,0,0,1,2,76,3,3,0,1,0,0,1,21,1,0,1,0,0,0,0,3,2,30,0,0,0,0,1,0,0,13,0,0,0,2,1,0,0,0,0,0,0,0,0,0,0,0,0,0,0,0,0,0,0,0,0,0,0,0,0,0,0,0,0,1,0,0,0,0,0,0,0,0,0,0,3,0,0,0,0,0,0,0,0,4,1,1,0,1,1,0,0,1,0,0,4,0,0,3,0,0,0,0,0,0,0,1,0,0,0,1,0,0,0,0,0,0,0,1,0,0,0,0,0,0,1,0,0,0,1,0,0,0,0,0,0,0,0,0,0,0,0,1,0,0,0,0,0,3,0,0,1,0,0,0,0,0,0,7,0,0,0,0,0,0,0,1,0,0,0,0,4,0,0,3,0,2,0,0,0,2,1,0,0,1,0,1,0,4,0,1,4,0,0,0,0,48,0,0,0,0,1,0,1,0,4,2,5,3,0,0,1,0,107,3,0,0,19,0,0,0,21,0,0,0,88,0,0,8,10,0,1,0,2,0,5,1,2,0,0,48,0,0,2,1,0,0,1,0,0,0,0,1,0,0,0,0,0,0,0,0,1,0,0,0,0,0,0,1,0,0,0,0,0,1,0,6,70,0,1,0,0,11,5,0,13,27,1,0,1,1,0,0,6,8,7,1,0,0,0,0,0,1,71,0,0,0,1,0,1,0,4,0,0,0,0,0,0,3,0,0,0,0,1,3,1,1,30,3,1,0,4,0,0,0,1,0,0,0,0,14,1,0,16,0,0,3,1,69,0,0,0,0,0,0,3,0,2,6,0
145,1651,ESCOLA MUNICIPAL RIO NEGRO,RUA CELESTE TORTATO GABARDO 1090,SITIO CERCADO,-25.5446357,-49.2835902,65,0,4344,3456,334,222,0,4,4,8,53,2,4,0,0,9,2,0,31,4,0,1,0,5,1,1,1,3,1,17,3,0,0,11,0,1,0,19,1,0,0,68,0,3,0,0,53,1,0,0,0,0,0,3,1,0,8,0,0,0,2,0,0,0,0,1,25,68,0,11,0,4,13,3,8,0,0,10,0,0,34,13,1,0,37,0,12,7,7,0,1,0,2,0,20,1,3,2,0,0,0,0,1,0,0,1,0,0,1,0,0,1,0,2,80,0,1,0,0,1,0,0,0,0,0,0,1,2,0,0,1,4,3,11,143,0,0,7,97,1,1,1,17,118,2,0,2,0,0,25,0,0,0,0,0,3,0,0,0,19,2,0,2,0,2,0,0,1,2,0,0,0,1,3,0,0,1,1,0,0,0,0,25,0,0,0,0,2,16,0,0,2,1,0,0,0,0,1,0,0,0,0,0,0,0,4,0,0,0,0,0,0,2,0,0,0,0,0,0,0,1,0,0,0,20,0,0,3,0,0,0,5,1,0,0,2,1,1,0,1,0,1,0,0,1,243,1,0,0,0,0,0,0,0,15,0,8,0,0,0,0,0,3,0,0,2,0,0,0,0,0,0,0,26,2,14,0,0,0,0,0,0,0,0,0,0,0,0,0,0,95,4,1,0,2,1,6,0,40,0,0,0,1,0,1,0,3,2,20,2,0,0,2,1,0,2,6,2,0,7,3,1,0,3,1,0,0,0,0,0,0,0,0,0,0,0,0,0,0,0,0,0,0,0,0,0,0,0,0,0,0,0,0,0,1,0,0,0,0,0,0,2,0,0,0,0,0,0,0,0,2,3,0,0,5,3,4,0,1,0,1,4,0,0,1,0,0,0,0,0,0,0,0,0,2,0,0,0,0,0,0,0,0,0,0,0,0,0,0,0,0,0,0,0,0,0,0,6,0,0,1,0,0,0,2,0,0,1,0,0,0,0,0,0,2,2,0,0,0,0,0,0,0,0,4,0,0,0,0,0,0,0,0,0,0,0,0,2,0,1,0,0,0,0,0,0,0,0,0,0,0,0,6,1,5,1,2,10,0,4,0,0,106,0,0,0,0,11,0,0,0,0,1,1,4,0,0,0,2,172,7,0,0,7,0,0,3,15,1,0,0,111,1,0,9,27,0,2,0,3,1,9,2,1,0,0,43,0,0,1,1,0,0,0,2,0,0,0,1,1,4,1,0,0,0,0,0,0,0,0,1,2,0,0,0,0,0,0,0,0,0,0,9,124,0,0,0,0,3,9,1,3,30,2,0,0,0,0,0,6,13,8,2,0,0,0,0,0,0,99,0,0,0,5,0,0,0,2,0,0,0,0,0,0,9,0,0,0,0,2,1,0,0,22,1,0,0,3,1,2,0,0,0,0,0,0,34,0,0,23,0,0,0,0,50,0,0,0,0,1,0,12,0,2,10,0
145,1686,ESCOLA ESTADUAL PADRE CLAUDIO MORELLI,RUA LUIZ NICHELLE  08,UMBARA,-25.5688566,-49.2856729,73,0,5751,4821,431,249,0,4,4,10,38,3,4,1,1,2,0,0,50,1,0,0,0,12,0,0,1,2,5,18,6,4,0,3,0,0,3,40,0,0,0,72,0,1,0,0,39,0,2,0,0,1,0,2,0,5,10,0,0,0,4,2,0,0,3,2,7,199,0,1,0,3,18,0,13,0,4,3,0,0,30,17,0,0,36,0,13,17,21,2,1,1,2,1,15,3,5,5,0,0,0,0,0,0,0,0,2,0,1,0,1,2,0,0,169,1,0,1,0,0,0,0,0,0,3,0,2,2,0,0,1,4,1,5,144,0,0,4,87,6,1,0,5,150,1,0,2,1,0,18,0,0,0,0,1,0,0,0,0,13,0,0,4,0,1,0,0,3,0,1,0,1,0,0,0,0,1,0,0,0,0,4,19,0,0,2,0,7,50,0,0,0,1,1,0,0,0,0,0,0,0,0,0,0,1,17,0,0,0,1,0,1,1,0,0,1,1,0,2,0,0,0,0,0,12,0,0,1,0,0,0,3,0,3,0,2,1,1,0,1,0,0,0,0,0,394,3,1,0,0,0,2,0,1,8,4,2,0,0,0,3,0,1,0,0,0,0,0,0,0,0,0,0,59,1,16,0,0,0,0,0,0,0,0,0,0,0,0,0,3,162,7,6,0,1,0,0,0,61,2,0,2,1,1,4,0,2,0,30,1,0,0,3,2,0,1,12,0,0,5,10,3,1,0,0,3,0,0,0,1,0,0,0,0,0,0,0,0,0,0,0,0,0,0,0,0,0,0,0,0,4,0,0,0,0,0,0,0,0,0,0,2,0,0,0,0,0,0,0,0,6,3,0,0,3,2,0,0,0,0,0,10,0,0,4,0,1,0,0,0,2,0,0,0,2,0,1,0,1,0,0,0,0,0,0,0,0,0,0,0,1,0,0,0,0,0,0,0,0,0,0,0,0,1,1,0,0,0,0,0,0,0,2,3,3,1,0,1,0,0,0,0,1,0,4,0,0,0,0,0,0,0,0,0,0,0,0,10,0,0,0,0,3,0,0,0,0,0,0,0,0,0,9,5,8,1,1,25,0,2,2,3,129,1,1,0,0,23,1,0,0,0,9,2,5,0,0,0,0,230,5,0,0,13,0,0,4,14,0,0,0,168,1,1,29,18,0,4,0,2,2,2,0,3,0,0,58,1,0,0,2,0,0,3,3,3,0,0,3,2,0,0,2,1,3,0,0,2,0,0,0,0,0,0,4,0,0,0,0,4,0,0,1,247,0,0,0,0,6,6,1,27,34,4,1,0,0,0,1,5,15,38,6,0,0,1,1,0,4,160,0,0,1,2,0,0,1,4,0,0,0,1,0,0,2,0,0,1,0,0,0,2,0,39,0,0,0,6,2,1,0,0,1,0,0,3,63,0,0,23,0,0,6,0,109,0,0,0,0,3,0,4,0,4,56,0
145,1694,ESCOLA ESTADUAL SAO SEBASTIAO,RUA NICOLA PELANDA    8065,UMBARA,-25.5924573,-49.276508,73,0,2323,1947,166,78,0,3,1,3,11,1,1,0,0,3,0,1,24,1,0,0,0,2,0,0,0,0,0,3,1,3,0,6,1,1,1,17,0,0,0,47,1,1,0,2,15,1,0,0,6,0,0,1,0,6,1,0,0,0,6,0,0,0,0,0,11,213,2,0,0,0,6,0,3,0,1,1,0,0,11,7,0,0,32,0,3,14,7,0,0,0,0,0,7,0,0,1,0,1,0,1,1,0,0,0,1,0,0,0,0,0,0,0,54,0,0,0,1,0,0,0,0,0,0,0,0,2,0,0,0,3,0,0,40,0,0,2,18,0,0,0,2,37,0,0,0,0,0,3,0,0,0,0,0,0,1,0,0,5,0,0,4,0,0,0,0,0,0,0,0,0,0,0,0,0,0,0,0,0,0,0,6,0,0,0,0,3,10,0,0,0,0,0,0,0,0,0,1,0,0,0,0,0,0,4,0,0,0,0,0,0,0,0,0,0,0,0,0,0,1,0,0,0,7,0,0,0,0,0,1,1,0,2,0,0,0,0,0,2,0,0,1,0,2,127,0,0,0,0,0,0,0,0,0,0,0,0,0,0,0,0,1,0,0,0,0,0,0,0,0,0,0,20,0,2,0,0,0,0,0,0,0,0,0,0,0,0,1,0,58,2,6,0,1,0,0,0,20,0,0,1,1,1,1,0,0,0,11,0,0,0,1,0,0,0,7,0,0,1,7,1,0,1,0,1,0,0,0,0,0,0,0,0,0,3,0,0,0,0,0,0,0,0,0,0,0,1,0,0,0,0,0,0,0,0,0,0,0,1,0,0,0,0,0,0,0,0,0,0,1,0,1,0,0,0,1,1,0,0,0,5,0,0,2,0,0,0,0,0,0,0,0,0,0,2,0,0,0,0,0,0,0,0,0,0,0,0,0,0,0,3,0,0,0,2,0,0,0,0,0,0,0,0,0,0,0,1,0,0,0,1,2,0,3,0,0,1,0,0,0,0,0,0,3,0,0,0,0,0,0,0,0,0,0,0,0,2,0,0,0,0,0,0,0,0,0,0,1,0,0,0,6,0,2,1,0,4,0,0,0,0,80,0,2,2,2,8,1,1,0,1,2,1,9,1,0,0,0,62,0,0,0,4,0,0,0,11,0,0,0,77,2,1,20,15,0,1,0,7,0,4,1,0,1,0,22,0,0,1,0,1,0,0,0,0,0,0,1,0,0,0,0,0,0,0,0,0,0,0,0,0,0,0,2,0,0,0,0,0,0,0,6,93,0,0,0,3,1,5,0,6,11,0,0,0,0,0,0,1,9,9,1,0,0,0,0,0,2,60,0,0,0,1,0,0,0,1,0,0,0,0,0,0,1,0,0,0,0,0,0,0,0,14,2,0,0,0,0,0,0,0,0,0,0,0,32,2,0,7,0,1,0,0,44,0,0,1,0,2,0,5,0,3,8,0
145,1783,ESCOLA MUNICIPAL CEI CARLOS DRUMOND DE ANDRADE,RUA JANDAIA DO SUL 50,SITIO CERCADO,-25.5546761,-49.253201,65,0,3567,2896,296,175,0,3,6,9,35,0,5,0,2,3,1,0,25,3,0,0,2,4,0,0,0,0,0,14,4,0,2,8,0,0,0,17,1,1,0,63,0,0,0,0,21,1,2,1,0,1,0,0,1,0,7,0,0,1,1,0,0,0,0,0,16,38,0,3,0,0,12,3,2,1,0,1,0,0,24,10,0,0,43,1,17,9,12,2,2,5,2,0,10,0,1,4,0,1,0,0,0,0,0,0,0,0,1,0,3,0,0,1,47,0,0,0,0,1,0,0,0,0,1,0,1,4,1,0,0,6,3,6,174,1,0,6,93,3,1,0,7,86,2,1,1,0,1,12,1,0,0,0,0,1,0,0,0,29,0,0,8,1,0,1,0,1,0,0,0,0,0,1,0,1,0,0,0,0,0,1,43,0,0,0,1,4,17,0,0,0,0,1,0,0,0,0,1,2,0,0,0,1,0,6,0,0,1,1,1,0,0,0,0,0,0,0,0,0,0,0,1,0,10,0,0,6,0,0,0,0,0,4,3,0,0,0,1,0,0,1,1,0,3,142,2,0,0,0,0,2,0,0,8,0,3,1,0,0,2,0,0,0,0,0,0,0,0,0,0,0,1,19,0,38,0,0,0,1,2,2,0,0,0,0,0,1,0,0,75,3,1,3,3,1,0,1,45,2,1,0,0,1,2,0,2,5,43,3,0,0,4,0,0,0,9,0,0,1,1,2,0,1,0,1,0,0,0,0,0,0,0,0,0,0,0,0,0,0,0,0,0,0,0,0,0,0,0,0,1,0,0,0,0,0,0,0,0,0,0,0,0,0,1,0,0,0,0,0,1,2,0,0,1,1,2,0,0,0,0,4,0,0,1,0,0,0,0,0,0,0,1,0,0,1,0,0,0,0,0,0,0,0,0,0,0,0,0,0,0,2,1,0,0,0,0,0,0,0,1,0,0,0,0,0,0,0,0,0,0,0,0,0,1,0,1,1,0,0,0,0,2,0,4,0,0,0,0,0,0,0,0,0,0,0,0,2,0,0,0,0,3,0,0,0,0,1,0,0,3,1,1,4,0,0,0,0,0,0,0,1,126,0,0,0,0,4,0,0,0,1,0,4,6,0,0,1,0,113,4,2,1,30,0,0,1,16,3,0,0,91,0,0,9,8,0,0,0,6,0,8,0,0,0,0,55,0,1,0,0,0,0,0,1,0,0,0,1,1,0,4,0,0,0,0,0,0,0,0,0,0,0,0,1,0,0,0,0,0,1,0,5,66,0,1,0,0,7,3,1,11,32,0,1,0,0,0,3,2,18,13,3,0,0,0,0,0,1,85,1,0,2,1,0,0,0,0,1,0,0,0,0,0,1,0,0,0,0,0,0,0,0,37,0,0,0,6,0,0,0,2,0,0,0,0,18,0,0,15,0,0,5,0,13,1,0,1,0,1,0,0,0,0,10,0
145,1791,ESCOLA MUNICIPAL PROFESSORA REJANE,RUA NOVA AURORA 1000 - VILA TECNOLOGICA,SITIO CERCADO,-25.5491428,-49.2707366,65,0,2970,2454,210,150,0,1,0,13,25,0,0,0,0,1,0,0,21,0,0,1,0,4,0,2,0,1,2,12,2,1,0,7,0,1,2,7,0,0,0,36,0,0,0,0,17,2,0,1,0,0,0,1,2,2,3,0,0,0,1,0,0,0,1,1,11,32,0,1,0,1,4,1,13,0,0,2,0,0,19,8,0,2,23,0,5,3,5,0,1,0,0,1,16,2,1,2,0,0,0,0,0,1,0,0,1,0,1,0,0,0,0,0,96,0,0,0,1,0,0,0,2,0,0,0,0,4,0,0,1,2,0,8,115,0,0,1,59,0,0,0,4,83,0,0,1,1,1,6,0,0,0,0,1,0,0,0,0,32,0,0,0,0,0,0,0,0,0,1,0,0,0,2,0,0,0,3,0,0,0,0,71,0,0,0,0,6,13,0,0,0,1,0,0,0,0,0,1,0,0,0,0,0,0,8,0,0,0,2,0,0,0,0,0,0,0,0,0,0,0,0,0,0,24,0,0,1,0,0,1,2,0,0,0,0,0,0,0,0,0,0,1,0,0,159,0,1,3,1,0,0,0,1,4,2,14,2,0,0,0,0,1,0,0,0,0,0,0,0,0,0,3,10,1,13,0,0,0,0,0,0,0,0,0,0,0,0,1,1,54,4,0,1,2,0,1,0,34,0,0,0,1,1,1,0,2,1,36,0,0,0,4,0,0,0,15,0,1,1,5,0,0,0,0,1,0,0,0,0,0,0,0,0,0,0,0,0,0,1,0,0,0,0,0,0,0,0,0,0,0,0,1,0,0,2,0,0,1,0,0,0,0,0,0,0,0,0,0,0,3,0,2,0,2,1,0,0,0,0,1,2,0,0,1,2,1,0,0,1,0,0,2,0,0,0,0,0,0,0,0,0,0,0,0,1,0,0,0,0,0,4,0,0,0,0,0,0,1,0,0,0,0,0,0,0,0,1,0,0,0,0,0,0,2,0,0,4,0,0,0,0,0,0,5,0,0,0,0,0,0,0,0,0,0,0,0,1,0,1,0,0,1,0,0,0,0,0,0,0,0,0,0,2,3,2,1,1,0,2,0,0,86,0,1,1,3,4,0,0,0,0,3,1,2,0,0,0,0,97,10,0,0,19,0,0,0,16,0,0,0,85,1,0,9,15,0,3,0,6,0,1,1,0,0,0,44,0,4,0,0,0,1,1,1,0,0,0,1,0,0,0,0,0,1,0,0,0,0,0,1,0,0,0,2,0,3,0,0,0,0,0,6,86,0,0,0,0,6,1,0,6,27,0,0,0,1,0,0,5,6,9,0,0,0,1,0,0,1,80,0,0,3,3,0,0,0,0,0,0,0,1,0,0,2,0,0,0,1,0,0,0,0,34,0,1,0,0,0,0,0,0,0,0,0,0,24,0,0,8,0,0,2,0,21,0,0,0,0,0,0,2,0,0,16,0
145,1805,ESCOLA MUNICIPAL SADY SOUSA,"RUA CEL. VICTOR AGNER KENDRICK, 440",SITIO CERCADO,-25.5338354,-49.2616557,65,0,4441,3736,294,179,0,0,8,10,59,1,3,0,0,6,1,2,31,2,0,0,0,3,0,1,2,0,2,22,4,2,4,10,1,1,3,21,1,0,0,50,0,0,0,0,44,2,0,0,2,0,0,3,0,4,2,0,0,0,8,0,0,0,0,3,29,41,0,5,0,5,1,0,11,0,1,3,0,0,25,15,1,0,34,4,17,6,7,1,0,2,0,0,21,1,1,4,0,0,0,0,0,0,1,0,0,0,0,0,0,0,0,0,95,1,0,0,1,0,0,1,0,0,0,0,0,0,0,0,3,9,0,21,149,1,0,5,86,3,0,1,7,105,0,1,0,0,1,4,1,0,0,0,2,0,0,0,0,33,0,0,2,1,0,0,0,0,0,1,0,0,1,1,0,1,0,0,0,0,0,1,46,0,1,2,0,6,15,0,0,0,0,0,0,0,0,0,0,1,0,0,0,1,1,21,0,0,0,0,8,1,2,0,0,0,3,0,0,1,1,0,0,0,5,0,0,4,0,0,0,3,0,1,1,5,0,0,0,0,0,0,0,0,2,273,1,0,0,0,0,1,0,0,59,3,0,1,0,0,0,0,2,0,0,0,2,0,0,0,0,0,2,13,1,46,0,0,0,0,0,0,0,0,0,0,0,0,1,2,112,6,1,4,0,2,0,0,31,3,0,1,1,0,0,1,3,2,50,0,0,0,4,0,0,2,109,0,0,5,4,6,0,0,0,0,3,0,0,0,0,0,0,0,0,0,0,0,0,0,0,0,0,0,0,0,0,0,1,0,4,0,0,0,0,0,0,0,0,0,0,1,0,0,0,0,0,1,0,0,0,0,0,0,3,1,1,0,0,0,1,5,0,0,5,3,0,0,0,0,0,0,6,0,1,0,0,0,3,0,0,1,0,0,0,1,0,0,1,0,0,0,1,0,0,0,0,0,0,0,1,0,0,0,0,0,0,0,0,0,0,0,0,0,6,0,1,3,0,0,0,0,2,0,28,0,0,0,0,0,0,0,0,1,0,0,0,11,0,0,0,0,2,0,0,0,1,1,1,0,0,0,4,9,6,0,0,2,0,0,0,0,136,0,1,0,1,11,0,0,0,0,1,6,1,0,0,0,0,162,8,0,0,32,0,0,6,38,0,0,1,116,0,0,9,16,0,0,0,10,0,10,3,0,0,0,57,0,0,0,0,1,0,0,1,0,1,0,4,0,0,1,0,0,0,0,0,1,0,0,0,0,0,0,0,0,0,1,0,1,2,0,2,100,1,0,0,0,11,3,2,13,31,0,0,0,2,1,0,3,13,8,2,0,0,1,0,0,0,122,0,0,0,7,0,0,0,0,0,0,0,0,0,0,3,1,0,0,0,0,3,0,0,49,0,1,0,16,0,0,0,0,0,0,0,0,19,2,0,14,1,0,6,2,58,0,0,0,1,0,0,5,0,0,23,0
145,1813,COLEGIO ESTADUAL BENEDICTO JOAO CORDEIRO,"RUA EURICO ZYTKIEVITZ, 143",SITIO CERCADO,-25.5416367,-49.2732583,65,0,7243,5783,574,324,0,14,10,23,74,5,4,1,0,7,0,1,55,3,0,0,1,9,1,1,0,2,3,23,3,5,0,7,0,0,2,45,0,0,0,99,0,1,1,3,106,0,6,0,2,0,0,6,0,3,9,0,0,0,4,0,0,0,0,2,12,73,0,9,1,3,5,1,24,0,2,1,0,0,69,17,2,0,46,0,12,16,14,0,0,0,1,1,43,3,8,12,0,0,0,0,0,1,0,0,2,0,5,1,3,0,2,2,126,4,2,0,0,0,0,0,1,0,0,1,2,5,2,2,2,6,1,20,271,0,0,7,147,10,1,0,31,203,5,2,0,0,1,24,1,1,2,0,0,0,1,0,0,42,1,0,6,0,0,0,1,0,1,0,0,0,0,2,0,1,0,1,1,1,0,0,115,0,0,0,1,15,24,0,0,1,0,0,2,0,0,2,1,3,0,0,0,1,2,17,0,0,0,0,2,0,0,0,0,1,0,0,0,0,0,1,0,0,17,1,0,1,0,0,0,2,0,1,0,4,0,0,2,0,0,0,3,0,1,423,1,0,1,1,0,5,0,0,29,3,4,0,0,2,0,0,3,0,0,0,0,0,0,1,0,0,3,34,0,38,0,0,0,0,0,0,0,1,0,0,0,0,1,5,161,13,2,1,1,0,1,0,68,4,0,0,5,0,3,1,5,0,50,0,1,0,6,1,0,0,18,0,1,5,6,0,0,1,0,1,1,0,0,0,0,0,0,1,0,0,0,0,0,0,0,0,0,0,0,0,0,0,0,0,2,0,2,0,0,0,0,0,0,0,0,0,0,0,0,1,0,0,0,0,6,4,1,0,7,2,1,0,0,0,0,14,0,0,5,0,1,0,0,1,0,0,0,0,1,0,0,0,0,0,0,0,1,0,0,0,0,0,0,1,0,0,0,0,0,0,0,4,0,0,3,0,0,0,1,0,0,1,0,0,0,2,1,0,10,2,0,2,0,0,0,0,0,1,24,0,0,0,0,0,0,0,1,0,0,0,0,2,0,0,0,0,1,0,0,0,1,0,1,0,1,0,4,9,4,0,1,1,0,3,0,1,125,0,2,0,1,8,0,2,0,1,2,7,10,0,0,0,0,288,12,0,0,32,0,0,4,52,0,0,0,215,0,1,17,24,0,2,0,5,0,11,0,0,0,0,88,0,2,0,1,0,1,3,2,1,0,0,8,1,0,2,0,1,0,0,0,0,0,0,0,1,0,1,5,0,0,0,0,0,1,0,5,158,0,2,1,2,21,11,1,13,62,3,0,0,0,0,4,8,15,22,4,0,0,0,1,1,0,161,0,0,4,6,0,0,1,2,1,0,0,0,0,0,6,0,0,0,0,1,0,0,1,69,0,1,2,3,3,0,0,3,1,0,0,0,48,2,0,42,0,0,12,3,61,0,0,0,0,2,0,9,1,0,34,0
145,1821,COLEGIO ESTADUAL LUIZ CARLOS PAULA E SOUZA,RUA ALBERTO SABIM 300,UMBARA,-25.5576492,-49.2804141,73,0,3973,3140,327,156,0,5,5,11,37,1,4,1,1,3,0,0,27,1,0,0,0,3,0,1,0,1,4,15,0,1,0,3,0,0,2,9,1,1,0,57,0,1,0,0,54,2,0,1,0,0,0,0,0,1,21,0,0,1,2,0,0,1,0,1,12,75,0,6,1,1,21,0,7,0,1,1,0,0,25,13,0,1,33,3,6,9,11,0,0,1,1,2,17,0,3,0,0,0,0,0,1,0,0,0,1,0,2,0,0,0,0,0,57,1,0,0,0,1,0,0,1,0,0,0,1,0,0,0,1,6,0,0,180,0,0,4,62,8,1,0,7,99,2,0,0,0,3,36,0,1,0,1,0,4,0,0,2,13,0,0,0,0,0,1,0,1,0,0,1,0,1,0,0,1,0,0,0,0,0,0,10,0,1,0,2,1,7,0,0,0,0,0,0,0,0,0,0,0,0,0,0,0,0,25,0,0,0,1,0,0,0,1,0,0,0,0,1,1,0,0,0,0,13,0,0,1,0,0,0,2,0,2,1,3,0,0,0,1,1,0,0,0,3,170,0,0,2,0,0,1,0,0,13,1,1,0,0,0,0,1,4,0,0,1,0,0,0,0,0,0,0,38,0,9,0,0,0,0,0,0,0,1,0,0,0,0,0,8,64,1,0,2,1,0,0,0,39,1,0,1,1,0,1,0,1,0,23,2,0,0,0,0,2,1,13,0,0,1,3,3,0,0,0,1,0,0,0,0,0,0,0,0,0,0,0,0,0,0,0,1,0,0,0,0,0,0,0,0,2,0,0,0,0,0,0,0,0,0,0,3,0,0,0,0,0,0,0,0,1,0,0,0,0,0,0,1,0,0,0,3,0,0,2,0,1,0,0,0,0,0,2,0,1,0,0,0,2,0,0,0,0,0,0,0,0,0,0,0,0,1,0,0,0,1,0,0,1,0,1,0,0,1,0,0,0,0,0,1,0,0,1,0,5,0,0,2,0,0,0,0,0,0,3,0,0,0,0,0,0,0,0,0,0,0,0,3,0,0,0,0,0,0,0,0,0,2,0,0,0,0,6,8,6,0,1,61,0,3,0,0,80,0,2,1,0,10,0,0,1,0,2,1,0,0,0,1,0,173,1,0,0,21,1,0,1,12,1,0,0,116,0,0,16,13,0,1,0,2,0,2,0,4,1,0,53,0,0,1,0,0,0,0,0,1,0,0,3,0,0,1,2,0,2,0,0,3,0,0,0,0,1,0,0,1,0,0,0,1,0,0,4,63,0,0,0,0,5,10,0,3,52,6,2,0,0,0,5,3,8,21,0,0,0,1,0,0,0,115,0,0,1,3,0,0,0,2,2,0,0,1,0,0,2,0,0,0,0,0,0,0,0,42,0,1,0,3,1,0,0,1,0,0,0,0,43,0,0,15,0,0,9,1,19,0,0,0,0,3,0,4,0,1,30,0
145,1848,ESCOLA ESTADUAL PROFESSOR TEOBALDO LEONARDO KLETEMBERG,"RUA MARIO GASPARIN, 950",SITIO CERCADO,-25.543921,-49.2527113,65,0,4326,3504,326,143,0,1,3,14,36,0,7,0,1,4,0,1,25,2,0,0,0,3,0,1,1,2,1,22,3,4,0,6,0,0,1,18,0,0,0,50,0,0,0,0,25,1,0,0,0,0,0,2,0,0,1,0,0,0,4,0,0,1,1,1,8,40,0,5,0,3,9,0,16,0,3,3,0,0,22,8,0,0,36,1,9,8,11,0,0,0,0,0,8,0,4,2,0,1,0,1,0,0,0,1,1,0,0,1,0,2,0,0,88,0,0,0,0,0,0,0,0,0,0,0,0,2,1,1,1,3,1,12,134,0,2,2,70,2,0,0,13,83,0,0,0,0,0,18,0,1,0,0,1,2,0,0,0,5,0,0,0,0,0,0,0,0,0,0,1,0,2,1,0,1,0,0,0,0,0,1,533,1,0,0,0,1,15,0,0,0,1,1,0,0,0,0,3,0,0,0,0,0,1,11,0,1,0,1,0,0,0,2,0,0,1,0,1,0,1,0,0,0,8,0,0,4,0,0,0,7,0,1,1,8,0,0,0,2,0,0,1,0,1,204,5,0,0,0,0,0,0,0,9,0,3,2,0,0,2,0,1,0,0,3,0,0,0,0,0,0,2,5,2,16,0,0,0,0,0,0,0,0,0,0,0,0,0,0,86,9,3,0,0,4,1,0,29,2,1,0,5,0,1,1,3,1,35,0,0,0,1,0,0,1,18,3,0,5,0,4,0,0,1,1,0,0,0,0,0,0,0,0,0,0,0,2,0,0,0,0,0,0,0,0,0,0,0,0,4,0,0,0,0,0,0,0,0,0,0,0,0,0,0,0,0,0,0,0,4,0,0,0,2,3,0,0,0,0,0,1,0,0,0,0,0,0,0,0,0,0,1,0,0,0,2,0,2,0,0,2,0,0,0,0,0,0,0,0,0,0,0,0,1,0,0,0,0,0,0,0,0,0,1,0,0,1,0,0,0,0,0,0,0,0,0,0,0,0,0,0,0,0,32,0,0,0,0,0,0,0,0,0,0,0,0,1,1,0,0,0,1,0,0,0,0,1,0,0,0,0,3,9,2,0,4,1,0,0,0,1,98,0,0,0,0,10,0,0,1,2,0,2,2,1,0,0,0,165,22,0,0,18,0,0,5,26,0,0,1,113,0,1,12,12,0,0,0,5,0,7,0,1,0,0,55,1,1,0,1,1,0,0,0,0,0,0,5,0,1,0,1,0,1,0,0,2,0,0,0,1,0,0,7,0,0,0,0,0,1,0,0,80,0,0,1,1,10,6,0,14,25,4,0,0,0,0,1,5,7,2,5,0,0,0,0,0,0,105,0,0,0,5,2,0,0,1,0,0,0,0,0,0,0,0,0,0,0,1,0,1,0,38,0,1,0,4,0,0,0,0,0,0,0,0,12,2,0,18,2,0,1,0,16,0,0,0,0,1,0,8,0,0,23,0
145,1864,ESCOLA MUNICIPAL CEI JOSE LAMARTINE CORREA DE OLIVEIRA LYRA,RUA CAROLINA DOS ANJOS 94,PINHEIRINHO,-25.5195641,-49.3060256,66,0,2284,1921,166,90,0,1,2,5,26,2,4,0,0,3,1,0,15,3,1,0,0,2,0,0,0,1,1,8,2,1,0,7,0,0,2,3,0,1,0,29,2,0,0,0,24,2,0,0,0,0,0,0,0,0,4,0,0,0,0,0,0,0,0,2,5,14,0,1,0,0,4,0,6,0,0,1,0,0,10,11,0,0,9,0,2,4,2,1,2,0,1,1,14,0,1,1,0,0,0,2,0,1,1,0,1,0,0,0,0,0,0,0,54,0,0,0,1,0,0,0,2,0,0,0,0,0,0,0,0,2,0,2,68,0,0,5,68,2,0,0,4,65,1,0,0,0,0,5,0,1,1,0,0,2,0,0,0,12,0,0,4,0,0,0,0,0,0,0,0,0,0,0,0,1,0,1,0,0,0,0,4,0,0,0,0,14,24,0,0,0,0,0,0,0,0,1,0,0,0,1,1,0,3,0,0,0,0,0,0,0,1,0,0,0,1,0,0,0,0,0,0,0,3,0,0,2,0,0,0,2,0,1,0,0,1,0,0,0,0,1,1,0,0,198,2,0,0,0,0,0,0,0,0,1,0,0,0,0,0,0,0,0,0,0,0,0,1,0,0,0,1,7,2,0,0,0,0,0,0,0,0,0,0,0,0,0,0,1,68,6,1,1,1,1,1,0,22,0,0,0,2,0,2,0,1,2,20,0,0,0,3,2,0,0,6,0,0,0,3,0,0,0,0,0,0,0,0,0,0,0,0,0,0,0,0,0,0,0,0,0,1,0,0,0,0,0,0,0,0,0,0,0,0,0,0,0,0,0,0,0,0,0,0,0,0,0,0,0,0,3,0,0,1,1,0,1,0,0,0,5,0,0,1,0,1,0,0,0,1,0,0,0,1,0,0,0,0,0,0,0,0,1,0,1,0,0,0,0,0,0,0,0,0,0,0,0,0,0,0,0,0,0,1,0,1,0,0,0,0,1,0,0,1,0,0,0,0,0,0,0,0,0,1,0,0,0,0,0,0,0,0,0,0,0,0,4,0,1,0,0,0,0,0,0,0,1,0,0,0,0,7,0,3,1,2,0,0,1,0,0,43,1,0,0,2,0,0,1,0,0,3,2,0,0,0,1,0,111,3,0,0,7,0,0,1,17,0,0,0,56,0,0,6,7,0,1,0,0,0,3,0,5,0,0,21,0,1,2,0,0,0,1,2,0,0,0,5,0,0,0,0,0,3,0,0,0,0,0,0,0,0,0,0,0,0,0,0,0,0,0,4,83,0,0,0,0,4,4,0,10,6,0,0,0,0,0,0,2,10,2,0,0,0,0,0,0,2,43,0,0,2,3,0,0,0,0,0,0,0,0,0,0,4,0,0,0,0,0,0,0,0,7,0,0,0,0,0,0,0,0,0,0,0,0,21,0,0,11,0,0,1,0,119,0,0,0,0,0,0,2,0,4,7,0
145,1872,COLEGIO ESTADUAL PROFESSORA IARA BERGMANN,"R.REINALDO DE CARVALHO-BOLA, 101 - OSTERNACK",SITIO CERCADO,-25.5537272,-49.2468355,72,0,3409,2704,314,122,0,1,5,6,45,0,4,0,1,3,3,0,21,2,0,0,0,2,0,0,0,1,2,17,0,2,0,11,0,0,2,17,1,0,0,54,0,1,0,0,22,1,2,3,0,0,0,2,0,5,5,0,0,0,2,0,0,0,1,1,15,49,0,1,0,4,5,3,2,0,0,3,0,0,21,9,0,0,48,0,7,8,6,0,0,3,0,0,9,1,2,7,0,1,0,0,1,0,2,0,0,2,0,1,0,0,0,1,48,0,0,1,0,3,0,0,0,0,0,1,0,1,1,0,1,4,1,28,184,0,0,4,138,3,0,0,17,72,3,0,2,0,2,18,0,0,0,0,0,0,0,0,1,25,1,0,6,0,0,0,0,0,0,0,0,0,1,0,0,0,0,0,1,0,0,0,32,0,0,0,1,0,9,0,0,0,1,2,1,0,0,0,1,1,0,0,0,0,2,5,0,0,0,3,0,3,0,3,0,0,0,0,0,1,0,0,3,0,7,0,0,6,0,0,0,0,0,4,2,1,0,0,0,0,0,1,0,1,2,108,0,0,0,0,0,2,0,0,12,0,2,0,0,0,0,0,0,0,1,0,0,0,0,0,0,0,1,15,0,30,0,0,0,0,0,1,0,0,0,0,0,0,0,0,39,7,3,1,2,1,0,0,29,3,1,1,2,1,0,0,3,4,37,0,0,0,1,0,0,0,2,0,0,5,2,1,0,0,0,0,0,0,0,0,0,0,0,0,0,0,0,0,0,0,0,0,0,0,0,0,0,0,0,0,0,0,0,0,0,0,0,0,2,0,0,1,0,0,0,0,0,0,0,0,5,4,0,0,2,0,1,0,0,0,1,0,0,0,0,0,0,0,0,0,0,0,1,0,0,0,1,0,2,0,0,0,0,0,0,0,0,0,0,0,0,0,0,0,0,0,0,0,0,0,3,0,0,0,0,0,0,0,0,1,0,0,0,0,5,1,0,1,0,0,0,0,0,0,3,0,0,1,0,0,0,0,0,0,0,0,0,3,0,0,0,0,3,0,0,0,0,0,0,0,0,0,1,2,2,0,1,1,0,6,0,1,86,2,1,0,0,5,0,0,0,0,0,7,3,0,0,0,0,108,3,0,1,14,0,0,0,17,1,0,0,96,1,0,5,18,0,0,0,8,0,7,1,0,0,1,63,0,0,1,0,0,2,1,2,0,0,0,3,0,0,2,0,0,0,0,0,1,0,0,0,0,0,0,1,0,0,0,0,0,0,0,3,49,0,0,0,0,10,2,0,12,22,0,0,0,0,0,1,4,11,12,3,0,0,0,0,0,0,89,0,1,2,5,0,1,0,1,0,0,0,0,1,0,1,0,0,0,0,0,0,0,0,29,0,2,0,2,0,0,0,0,0,0,0,1,20,0,0,13,0,0,2,0,11,0,0,0,0,0,1,0,0,0,9,0
145,1880,ESCOLA MUNICIPAL PROFESSORA MIRACY RODRIGUES DE ARAUJO,"RUA JOSE BASSA, 1175 - BAIRRO NOVO A",SITIO CERCADO,-25.5443705,-49.2569843,65,0,3545,2945,233,175,0,1,3,12,41,1,2,0,0,5,1,0,20,3,0,0,0,2,2,1,0,3,2,10,2,2,0,6,1,0,1,23,0,0,0,57,0,0,0,0,21,0,2,0,0,0,0,1,3,1,0,0,0,0,3,2,0,0,0,4,4,46,0,2,0,1,10,0,17,0,1,1,0,1,30,14,0,1,22,0,17,1,7,0,0,1,3,0,11,0,3,4,1,0,1,1,0,0,0,0,0,0,1,0,1,1,0,2,99,0,0,0,0,0,0,0,0,0,0,0,0,1,1,0,0,4,3,6,142,0,0,4,60,7,1,0,4,86,4,0,0,1,1,8,0,0,0,0,0,0,0,0,0,17,0,0,3,0,0,0,0,1,0,3,1,0,1,5,0,0,0,0,0,0,0,1,214,0,0,0,2,3,27,0,0,0,0,0,1,0,0,0,0,0,0,0,0,0,0,8,0,0,0,0,1,0,0,2,0,0,0,0,0,0,2,0,0,0,11,1,0,0,0,0,0,4,0,3,0,3,0,0,0,0,0,0,1,0,0,202,0,0,0,1,0,1,0,0,8,0,1,0,0,0,0,0,5,1,0,1,1,0,0,0,0,0,1,3,1,7,0,0,0,1,0,0,0,0,0,0,0,0,1,0,80,4,1,0,1,1,1,0,39,3,1,0,1,0,1,0,0,2,38,0,0,0,4,0,1,3,12,1,1,2,2,0,0,0,0,0,0,0,0,0,0,0,0,0,0,0,0,0,0,0,0,0,0,0,0,0,0,0,0,0,3,0,0,0,0,0,0,0,1,0,0,2,0,0,0,0,1,0,0,0,3,0,0,0,3,1,0,0,0,0,0,2,0,0,0,0,0,0,0,0,0,1,1,0,0,0,0,0,0,0,0,0,0,1,0,0,0,0,0,2,0,2,0,0,0,0,0,0,0,0,0,0,0,0,0,0,0,0,0,0,0,2,1,0,3,0,0,3,0,0,0,0,0,0,25,0,0,0,0,0,0,0,0,0,0,0,0,1,0,0,0,0,0,0,0,0,0,1,0,0,1,0,0,5,5,0,3,0,0,6,0,0,94,0,0,0,1,8,0,0,0,5,4,6,3,0,0,0,1,123,35,1,1,9,0,0,0,15,0,0,0,82,1,0,6,11,0,2,0,3,0,7,0,0,0,1,49,0,0,0,0,1,0,0,0,0,0,0,2,0,0,1,0,0,1,0,0,1,0,0,0,1,0,0,0,0,0,0,0,0,1,0,1,72,0,0,0,1,7,2,0,3,30,1,1,0,0,0,5,8,3,6,4,0,0,0,0,0,0,80,0,1,3,7,0,0,0,0,0,0,0,0,0,0,3,0,0,2,0,0,0,0,0,49,0,0,0,1,0,0,0,0,0,0,0,1,14,1,0,13,0,0,1,0,26,0,0,0,0,0,0,3,0,0,9,0
145,1899,COLEGIO ESTADUAL PROFESSORA ETELVINA CORDEIRO RIBAS,"R.JOAQUIM DE OLIVEIRA CRUZ, 645 - VILA ANGELICA",PINHEIRINHO,-25.5274088,-49.2748708,66,0,2929,2368,232,113,0,2,3,11,32,1,0,0,0,1,1,0,12,0,0,0,0,3,2,0,1,0,0,7,1,0,0,4,0,2,2,17,1,0,0,40,0,0,0,1,25,1,0,0,1,0,0,2,0,4,7,0,0,0,3,0,0,0,0,2,9,19,0,2,0,1,5,0,9,0,1,1,0,0,16,7,2,2,26,0,9,3,6,0,3,2,0,1,44,0,2,3,0,0,0,1,0,0,1,0,1,0,1,0,1,0,1,0,39,0,1,14,0,0,0,0,0,0,0,0,2,2,1,0,1,2,0,4,153,1,0,10,76,2,0,2,9,73,0,0,0,0,0,40,0,0,0,0,0,0,0,0,0,9,0,0,0,1,0,0,0,4,0,0,0,0,1,1,0,0,2,0,0,0,0,0,13,0,1,0,2,1,11,0,0,0,0,0,0,0,0,0,0,0,0,1,0,0,1,28,0,1,0,0,0,0,0,0,0,2,0,0,0,1,0,0,0,0,4,1,0,1,0,0,0,3,0,2,1,0,0,0,0,0,0,0,0,0,1,156,0,0,0,0,0,1,0,0,29,0,2,0,0,0,0,0,0,0,0,0,0,0,0,0,0,0,2,5,0,10,0,0,0,0,0,0,0,0,0,0,0,0,1,3,58,11,0,1,1,0,0,1,23,0,0,0,1,0,0,0,0,0,24,0,0,0,1,1,0,1,6,0,0,0,0,1,1,0,0,0,0,0,0,0,0,0,0,0,0,0,0,0,1,0,0,0,0,0,0,0,0,0,0,0,4,0,0,0,2,0,0,0,0,0,0,0,0,0,0,1,0,0,0,0,2,2,4,0,1,0,9,0,0,0,0,4,0,1,2,0,0,0,0,0,0,0,0,0,1,0,0,0,1,0,0,0,0,0,0,0,0,0,0,0,0,0,0,0,0,0,0,0,0,0,0,0,0,0,0,0,0,0,2,0,0,1,1,0,7,2,1,1,0,1,0,0,1,0,5,0,0,0,0,0,0,0,0,0,0,0,0,6,0,0,1,0,0,0,0,0,0,0,1,0,0,0,2,1,5,2,2,1,0,2,0,2,55,0,3,0,0,7,0,0,0,0,3,5,4,0,0,0,0,97,1,0,0,12,0,0,2,29,0,0,1,86,0,0,6,10,0,0,1,2,0,1,0,1,1,0,32,0,0,0,0,0,0,0,1,0,0,0,3,0,0,2,0,0,0,0,0,0,0,0,1,0,0,0,0,0,0,0,0,0,0,0,6,59,0,0,0,0,5,4,1,5,28,1,2,0,0,0,0,2,9,11,0,0,0,0,0,0,0,71,1,0,0,6,0,0,0,1,0,0,0,0,0,0,0,1,0,0,0,1,0,0,0,28,0,1,0,1,0,0,0,0,0,0,0,0,33,0,0,18,0,1,0,0,31,0,0,0,0,0,1,0,0,1,13,0
145,1910,ESCOLA MUNICIPAL MADRE TERESA DE CALCUTA,RUA DES. VATEL GONCALVES PEREIRA 60,SITIO CERCADO,-25.5371606,-49.2547186,65,0,2935,2471,224,130,0,3,2,5,24,3,0,0,0,6,1,0,20,2,1,0,0,4,0,0,1,0,1,10,0,3,0,4,1,1,0,11,0,0,0,20,0,1,2,0,26,0,0,0,0,0,0,3,0,1,2,0,0,0,0,0,0,0,1,0,5,25,0,0,0,0,8,0,7,0,0,1,0,0,11,9,0,1,21,0,3,5,2,2,0,0,0,0,8,0,1,0,1,0,0,0,0,0,0,1,0,0,0,1,0,1,0,0,71,0,1,1,0,0,0,0,0,0,0,0,0,0,0,0,1,2,1,4,106,0,0,3,53,2,0,0,9,73,1,1,0,0,0,10,0,0,0,0,0,2,0,0,0,25,0,0,2,0,1,0,0,0,0,0,0,2,0,3,0,1,0,0,0,0,0,1,108,1,0,0,0,8,14,0,0,0,0,2,0,0,0,2,2,4,0,0,0,2,1,9,0,0,0,0,0,0,0,0,0,0,0,0,0,0,0,0,0,0,8,0,0,1,1,0,1,6,0,3,0,1,1,0,0,0,0,0,0,0,0,223,0,0,0,2,0,1,0,0,10,2,1,0,0,0,0,0,0,0,0,0,0,0,0,0,0,0,0,7,1,20,0,0,0,0,0,0,0,0,0,0,0,0,0,2,59,7,0,0,2,0,2,0,18,1,0,0,1,0,0,0,0,2,19,0,0,0,1,0,0,0,16,0,0,4,2,0,0,0,0,0,0,0,0,0,0,0,0,0,0,0,0,0,0,0,1,0,0,0,0,0,0,0,1,0,5,0,0,0,0,0,1,0,0,0,0,12,0,0,0,0,0,0,0,0,1,1,0,0,2,0,0,0,0,0,0,1,0,0,0,1,0,0,0,1,0,0,7,0,1,0,0,0,0,0,0,0,0,0,0,1,0,0,0,0,1,1,0,0,0,0,1,0,0,0,0,0,0,0,0,0,0,0,0,0,0,0,1,0,0,2,0,0,0,0,0,0,0,2,70,0,0,0,0,0,0,0,0,0,0,0,0,1,0,0,0,0,0,0,0,0,0,0,0,0,0,1,1,11,3,0,1,2,0,2,0,1,73,0,1,1,1,2,0,0,0,0,0,1,5,0,0,0,5,111,14,0,0,10,0,0,0,12,0,0,0,93,2,2,8,6,0,0,0,4,0,7,1,0,0,0,48,0,1,0,1,0,0,0,1,0,0,0,2,1,0,1,0,1,2,0,0,0,0,0,0,0,0,0,2,0,0,0,0,0,0,0,4,73,0,0,0,0,4,0,0,10,26,0,0,0,0,0,1,9,3,3,2,1,0,0,0,0,1,75,0,0,0,0,0,0,0,1,0,0,0,0,0,0,1,0,0,0,0,0,2,0,0,25,0,0,0,3,0,0,0,1,0,0,0,0,18,0,0,11,0,0,3,0,31,0,0,0,3,1,0,10,0,0,13,0
145,1929,ESCOLA MUNICIPAL VEREADORA LAIS PERETTI,"RUA IZABEL RAKSA VOLUZ, 271 - PIRINEUS",PINHEIRINHO,-25.5301372,-49.2825444,66,0,1258,1046,86,52,0,0,0,3,10,0,0,0,0,2,0,1,7,1,1,0,0,5,0,0,0,0,0,6,0,2,0,1,1,0,0,10,0,0,0,31,0,0,0,0,28,0,0,0,0,0,0,0,0,0,2,0,0,0,3,0,0,0,0,0,2,17,0,1,0,2,1,1,4,0,0,1,0,0,14,1,0,0,13,0,6,0,2,0,0,0,0,0,8,0,2,1,0,0,0,0,1,0,1,0,0,0,0,0,0,0,0,0,20,0,0,0,0,0,0,0,1,0,0,0,1,0,0,1,0,3,0,4,49,0,0,4,25,3,0,0,4,27,1,0,0,1,0,25,0,0,0,0,0,0,0,0,0,3,0,0,1,0,0,0,0,0,0,0,0,0,0,0,0,0,0,0,0,0,0,1,4,0,0,0,0,3,9,0,0,0,0,0,0,0,0,0,0,0,0,0,0,0,0,8,0,0,0,0,0,0,0,0,0,0,0,0,0,0,0,0,0,2,0,1,0,1,0,0,0,2,0,1,0,0,0,0,0,0,0,0,0,0,1,54,0,0,0,0,0,0,0,0,12,0,2,0,0,0,0,0,0,0,0,0,0,0,0,0,0,0,2,4,0,1,0,0,0,0,0,0,0,0,0,0,0,0,0,0,29,1,0,0,0,0,0,1,16,0,0,0,0,0,2,0,0,0,17,0,0,0,1,0,0,0,2,0,0,1,2,0,0,0,0,0,0,0,0,0,0,0,0,0,0,0,0,0,0,0,0,0,0,0,0,0,0,0,0,0,1,0,0,0,0,1,0,0,0,0,0,1,0,0,0,0,0,0,0,0,0,0,0,0,1,0,0,0,1,0,0,0,0,0,0,0,0,0,0,0,0,0,1,0,0,0,0,0,0,0,0,0,0,0,0,0,0,0,0,0,0,1,0,0,0,0,0,0,0,0,0,0,0,0,0,0,0,1,0,0,0,0,0,0,0,0,0,0,0,0,0,0,0,0,2,0,0,0,0,0,0,0,0,0,0,0,0,0,0,0,0,0,0,0,0,0,0,0,0,0,0,0,0,0,1,0,0,0,0,0,0,0,50,0,0,0,0,0,0,0,0,0,0,2,1,0,0,4,0,56,4,0,0,7,0,0,0,3,0,0,1,48,0,0,4,6,0,0,0,0,0,1,1,1,0,1,15,0,1,0,0,0,0,0,1,0,0,0,4,0,0,0,0,0,0,0,0,0,0,0,0,1,0,0,1,0,0,0,0,0,0,0,1,33,0,0,0,0,0,0,0,7,15,0,0,0,0,0,1,0,1,0,0,0,0,0,0,0,0,29,0,0,0,2,0,0,0,1,0,0,0,0,0,0,0,0,0,0,0,0,0,0,0,10,0,4,0,0,0,0,0,0,0,0,0,0,14,0,0,0,0,0,1,0,14,0,0,0,0,1,0,0,0,1,4,0
145,1937,ESCOLA MUNICIPAL PAULO FREIRE,"RUA OLIVIO DOMINGOS LEONARDI, 162 - BAIRRO NOVO B",SITIO CERCADO,-25.5468182,-49.2678822,65,0,3042,2527,224,139,0,1,3,18,28,1,2,0,0,2,0,1,17,0,0,0,0,3,0,1,0,3,1,18,1,0,1,3,3,0,1,13,0,0,0,44,0,5,0,1,18,0,0,0,0,1,0,5,0,0,4,0,0,0,3,1,0,0,0,1,7,32,0,2,1,0,10,0,14,0,0,2,0,0,17,12,2,4,35,0,6,10,6,1,0,1,0,0,10,2,1,2,1,0,0,0,0,0,0,2,3,0,2,1,1,0,0,1,107,0,1,0,0,1,0,0,0,0,0,0,0,2,1,0,0,2,0,9,147,0,2,3,71,2,1,1,8,75,0,1,0,0,0,13,1,0,0,0,0,0,0,0,0,21,0,0,1,0,0,0,0,0,1,0,0,0,0,2,0,0,0,1,0,1,0,0,59,0,0,0,1,5,15,1,0,0,1,0,1,0,0,0,1,1,0,0,0,0,1,3,0,1,0,1,0,1,0,0,0,0,0,0,2,0,1,0,0,0,12,0,0,0,0,0,0,2,0,0,3,0,0,0,0,0,0,0,0,0,0,181,0,0,0,0,0,0,0,0,9,2,9,0,0,0,0,0,1,0,0,0,0,0,0,2,0,0,2,5,4,13,0,0,0,0,0,0,0,0,0,0,0,0,0,1,55,6,1,1,0,0,0,1,22,1,0,1,2,0,0,0,0,2,31,0,0,0,1,0,0,2,5,0,0,2,1,4,0,0,0,1,0,0,0,0,0,0,0,0,0,0,0,0,0,0,0,0,0,0,0,0,0,0,0,0,1,0,0,0,0,0,0,0,0,0,0,0,0,0,0,0,0,0,0,0,3,2,1,0,1,1,0,1,0,1,1,3,0,0,2,0,1,0,0,0,0,1,0,0,2,0,0,0,0,0,0,0,0,0,0,0,0,0,0,0,0,0,0,0,0,0,0,0,0,0,0,0,0,0,0,0,0,0,0,0,0,0,0,0,7,3,0,3,0,0,0,0,0,1,8,0,0,0,0,0,0,0,0,0,0,0,0,1,0,0,0,0,0,0,0,0,0,1,0,0,0,0,2,2,3,0,0,4,0,1,0,1,75,1,1,0,1,2,0,1,1,3,1,2,3,1,1,0,0,109,5,0,0,15,0,0,0,29,1,0,0,80,0,1,6,20,0,1,1,2,1,5,0,0,0,0,62,0,0,1,0,0,1,3,0,0,0,0,3,0,0,0,0,1,0,0,0,0,0,0,0,1,1,0,0,0,0,0,0,0,0,1,1,77,0,0,0,0,3,7,0,7,23,3,1,0,0,0,0,2,6,3,1,0,0,1,0,0,2,80,0,0,3,1,0,0,0,2,0,0,0,0,0,0,2,1,0,0,0,0,0,0,0,16,2,1,0,1,0,0,1,0,0,0,0,0,10,0,0,20,0,0,1,1,13,0,0,0,0,0,0,6,0,1,17,0
145,1945,ESCOLA NOSSA SENHORA DO SAGRADO CORACAO,RUA NICOLA PELLANDA 699,PINHEIRINHO,-25.5347404,-49.2955186,66,0,2249,1877,152,114,0,4,1,3,17,1,2,0,1,4,0,0,25,1,0,0,0,3,0,0,2,1,2,12,0,3,0,5,0,1,0,16,0,0,0,27,1,1,0,0,9,0,1,0,0,0,0,0,0,0,15,0,0,0,0,0,0,0,0,5,8,37,0,1,0,0,9,0,4,0,2,0,0,0,17,4,0,0,18,0,6,2,3,1,1,0,0,0,22,2,0,0,0,0,0,0,0,1,0,0,1,0,2,0,0,0,0,0,50,0,0,0,0,0,1,0,1,0,0,0,0,2,1,0,0,0,0,3,70,0,0,6,38,2,0,1,3,57,1,0,0,0,0,8,0,0,0,0,0,0,0,0,0,6,0,0,0,0,0,0,0,0,0,0,0,0,0,0,0,0,1,0,0,0,0,1,4,0,0,0,1,0,14,0,1,0,0,0,0,0,0,0,1,2,0,0,0,0,0,6,0,0,0,0,0,0,0,0,0,0,0,0,1,0,0,0,0,0,5,0,0,0,0,0,0,3,0,3,0,0,0,0,0,0,0,1,0,0,0,192,1,0,0,0,0,0,0,0,5,0,1,1,0,0,0,0,0,0,0,0,0,0,0,0,0,0,1,16,0,2,0,0,0,0,0,0,0,0,0,0,0,0,1,2,43,2,1,2,0,0,0,0,30,1,0,0,0,0,3,0,0,0,17,0,0,0,2,0,0,0,5,0,0,0,3,1,0,0,0,0,0,0,0,0,0,0,0,0,0,0,0,0,0,0,0,0,0,0,0,1,0,0,0,0,1,0,0,0,0,0,0,0,3,0,0,0,0,0,0,0,0,0,0,0,5,0,1,1,3,0,0,0,0,1,0,5,0,0,0,1,0,0,0,1,1,0,1,0,0,0,0,0,0,0,0,0,0,0,0,3,1,0,0,0,0,2,0,0,0,0,0,0,0,0,0,0,0,0,0,0,0,1,0,0,0,0,0,0,1,0,0,0,0,1,0,0,1,1,3,0,0,0,0,0,0,0,0,0,0,0,0,2,0,0,0,0,0,0,0,0,0,0,0,0,0,0,5,1,3,0,0,17,0,2,0,0,49,0,2,0,0,8,0,0,0,0,1,2,1,0,0,0,0,90,3,0,0,4,0,0,5,17,0,0,0,79,0,0,12,10,0,0,0,2,0,3,1,0,0,0,23,0,0,0,0,0,0,1,0,0,0,0,0,0,0,0,2,0,1,0,0,0,0,0,0,0,0,0,0,0,0,1,0,0,0,0,1,76,0,0,0,0,3,5,0,6,14,2,0,0,0,0,0,2,7,1,1,0,0,1,0,0,4,55,0,2,0,1,0,0,0,1,0,0,0,0,1,0,0,0,0,0,0,0,2,0,0,9,0,0,0,3,0,0,0,0,0,0,0,0,20,0,0,17,0,0,1,0,39,0,0,0,0,0,0,11,0,2,8,0
145,2178,COLEGIO ESTADUAL FLAVIO FERREIRA DA LUZ,"JOAO CISLINSK, 51 -  BAIRRO NOVO B",SITIO CERCADO,-25.5450566,-49.2714817,65,0,4063,3194,361,154,0,1,2,15,32,0,2,0,1,4,1,0,26,2,0,1,0,3,0,0,0,0,0,10,2,2,1,4,0,0,1,15,6,0,0,51,0,2,0,0,33,1,1,0,0,0,0,4,3,2,3,0,0,0,3,1,0,0,0,0,9,37,1,0,0,1,9,1,15,0,1,4,0,0,31,17,2,1,33,0,8,3,5,0,0,0,1,1,25,3,2,1,0,0,0,0,0,0,0,0,2,0,2,0,0,1,0,1,84,1,0,0,0,1,1,0,1,0,0,0,0,1,0,0,0,7,0,21,123,0,0,3,65,1,2,1,7,108,2,0,1,0,1,11,1,0,0,0,0,0,0,0,0,30,0,0,4,0,0,0,0,0,0,0,0,0,0,0,0,1,3,0,0,0,0,1,82,0,0,3,0,6,21,0,3,0,2,0,0,0,1,0,2,1,0,0,0,0,0,3,0,2,1,0,0,0,0,0,0,2,0,0,0,0,1,0,0,0,11,3,0,2,0,0,0,5,0,1,0,0,2,0,0,0,0,1,0,0,1,230,1,0,1,0,0,0,0,0,9,0,7,0,0,0,0,0,0,2,0,1,0,0,0,0,0,0,4,3,1,22,0,0,0,0,0,0,0,0,0,0,0,0,1,3,71,9,2,1,1,0,1,1,37,1,0,0,4,0,1,0,4,1,38,1,2,0,2,0,0,1,15,0,0,1,3,0,0,1,0,2,0,0,0,0,0,0,1,0,0,0,0,0,0,0,0,0,1,0,0,0,0,0,0,0,5,0,0,0,0,2,0,0,0,0,0,0,0,0,0,0,0,0,0,0,3,0,3,0,1,2,0,0,0,0,0,1,0,0,0,0,0,0,0,0,1,0,1,0,1,0,0,1,0,0,0,0,0,0,0,1,0,0,0,0,0,4,0,0,0,0,0,0,0,0,0,0,0,0,0,0,0,0,0,0,0,0,0,0,4,1,0,1,0,0,0,0,0,0,12,0,0,0,0,0,0,0,0,0,0,0,0,0,0,0,0,0,0,0,0,0,0,1,1,0,0,0,5,2,8,0,1,2,0,2,0,1,80,0,1,0,1,6,0,0,0,2,1,5,2,0,1,0,0,175,6,0,0,19,0,0,1,25,1,0,0,116,2,0,11,9,0,1,0,3,0,11,0,0,0,0,81,0,3,0,1,1,3,0,1,0,0,0,5,0,1,4,0,0,0,0,0,0,0,0,0,1,0,0,2,0,0,0,0,1,3,0,4,68,0,0,0,1,8,4,0,11,37,3,0,0,0,1,2,4,5,11,1,0,0,0,0,0,2,117,0,0,2,3,0,0,0,0,0,1,0,0,0,0,1,0,0,0,0,0,0,0,0,46,1,1,1,0,0,0,0,1,0,0,0,0,29,0,1,28,0,1,2,0,22,0,0,1,1,1,0,7,0,0,20,0
145,2186,COLEGIO ESTADUAL INEZ VICENTE BOROCZ,"RUA IGNEZ DE LOURDES GOMES DE MACEDO, 331 - BAIRRO NOVO C",SITIO CERCADO,-25.5378538,-49.2557731,65,0,3274,2643,258,124,0,0,3,7,25,0,2,1,0,2,0,0,20,0,0,0,1,1,1,3,0,0,0,17,4,2,0,5,1,1,1,17,0,0,0,38,0,0,1,0,24,0,1,3,0,0,0,4,0,0,2,0,0,0,5,0,0,1,0,0,6,28,1,1,0,1,14,1,9,0,1,1,0,0,19,10,1,0,20,0,9,3,3,0,0,0,4,1,15,1,3,1,0,0,0,1,2,0,2,0,1,0,1,0,0,0,0,1,61,1,0,0,0,0,1,0,0,0,0,0,1,1,1,0,1,2,0,8,119,0,0,4,41,6,0,1,5,111,1,1,0,0,1,12,0,0,0,0,0,0,0,0,0,25,0,0,5,0,0,0,0,0,0,0,0,0,0,1,0,1,1,0,0,0,0,0,112,0,0,0,0,0,15,0,0,0,0,1,0,0,0,0,2,0,0,0,0,0,0,2,0,0,0,1,0,0,0,0,0,1,0,0,0,0,0,0,0,0,12,0,0,1,0,0,0,1,0,0,0,2,0,0,0,0,0,0,1,0,1,177,0,0,0,0,0,0,0,0,7,2,0,0,0,1,0,0,1,0,0,0,0,0,0,0,0,0,1,8,2,8,0,0,0,0,0,0,0,0,0,0,1,0,1,3,74,5,1,1,3,0,0,0,30,1,1,0,1,1,0,0,0,0,16,2,0,0,3,1,1,0,22,1,0,0,2,0,0,0,0,0,0,0,0,1,0,0,0,0,0,0,0,0,0,0,0,0,1,0,0,0,0,0,0,0,5,0,2,0,0,0,0,0,0,0,0,8,0,0,0,0,0,0,0,1,6,0,1,0,1,1,0,0,0,0,0,4,0,1,1,0,0,0,0,0,0,0,14,0,0,0,0,0,0,0,0,0,0,0,0,0,0,0,0,0,1,0,0,0,0,0,0,0,0,0,1,0,0,0,0,0,0,1,0,1,0,0,1,0,7,0,0,1,0,0,0,0,0,0,70,0,0,0,0,0,0,0,0,0,0,0,0,2,0,0,0,0,1,0,0,0,0,0,0,0,0,0,2,8,3,0,1,2,0,2,0,0,58,0,0,0,0,6,0,0,0,1,1,4,2,1,0,0,2,137,6,1,0,13,0,0,3,23,0,0,0,112,1,0,9,11,0,1,0,7,0,5,0,0,0,0,39,0,1,0,0,1,0,0,2,0,0,0,6,0,0,1,0,0,2,0,0,1,0,0,0,0,0,0,3,0,0,0,0,0,0,0,6,60,0,0,0,0,5,1,1,9,27,4,1,0,0,0,1,2,6,2,4,0,0,1,0,0,0,83,0,1,1,0,0,0,0,0,1,0,0,0,0,0,4,0,0,1,0,0,0,0,0,36,0,2,0,2,0,0,0,0,0,0,0,0,24,2,0,14,0,0,2,0,32,1,0,0,0,0,0,4,0,1,13,0
145,2194,ESCOLA ENERGIA ATIVA - PARTICULAR,RUA IZAAC FERREIRA DA CRUZ 1905,SITIO CERCADO,-25.5356877,-49.2831471,65,0,2823,2247,206,105,0,3,0,4,26,0,2,0,0,2,2,1,26,0,0,0,0,3,0,0,0,1,0,10,2,1,0,2,0,0,0,16,0,0,0,36,1,0,0,1,15,0,1,0,0,0,0,1,0,0,1,0,0,2,4,0,0,0,0,0,6,42,0,1,1,0,13,0,6,0,1,0,0,0,17,9,0,0,14,0,6,4,4,1,1,0,1,1,17,4,2,1,0,0,0,0,0,0,1,1,1,1,0,0,0,0,0,0,46,0,0,0,0,0,0,0,1,0,0,0,0,4,0,0,0,5,0,3,86,0,0,7,45,7,0,0,4,102,2,0,0,0,0,14,0,0,0,0,1,0,0,0,0,16,1,0,1,0,0,0,0,0,0,2,1,0,1,1,0,1,1,0,0,0,0,2,13,0,1,0,0,1,21,0,0,0,1,0,0,0,0,0,6,3,0,0,0,1,0,15,0,0,0,0,0,0,1,0,0,0,1,0,0,0,0,0,0,0,12,0,0,0,0,0,0,1,0,1,0,2,0,0,0,2,0,0,0,0,0,175,0,0,2,0,0,2,0,0,11,0,0,1,0,0,0,0,1,0,0,0,0,0,0,0,0,0,1,6,0,9,0,0,0,0,0,0,0,0,0,0,0,0,3,1,76,3,0,0,2,1,0,0,16,2,0,0,0,0,2,1,1,0,30,0,0,0,0,0,0,1,11,0,1,5,0,2,0,0,0,0,0,0,0,0,0,0,0,0,0,0,0,0,0,0,0,0,0,0,0,0,0,0,0,0,1,0,0,0,0,1,0,0,2,0,0,1,0,0,0,0,0,0,0,0,4,3,2,1,1,4,1,0,0,0,0,3,0,0,2,0,1,0,0,0,1,0,5,0,0,0,0,0,1,0,0,0,0,1,0,0,1,0,0,0,0,0,0,0,0,0,0,0,0,0,0,0,0,0,2,0,0,0,0,0,0,0,0,0,0,2,0,1,0,0,0,0,2,0,3,0,0,0,1,0,0,0,0,0,0,0,0,1,0,1,0,0,0,0,0,0,0,0,0,0,0,0,6,5,4,0,2,5,0,1,0,0,52,0,0,0,0,3,0,0,0,0,3,1,1,0,0,0,1,130,2,0,0,18,0,0,0,24,1,0,0,86,0,0,6,8,0,0,0,5,0,4,2,2,0,0,50,0,0,1,0,0,0,1,0,0,0,0,1,1,0,1,0,1,1,0,0,0,0,0,0,1,0,0,1,0,0,0,0,1,1,0,2,96,0,1,0,0,6,2,0,7,10,3,0,0,1,0,1,5,5,6,3,0,0,0,0,0,2,64,0,0,2,5,0,0,0,1,2,1,2,0,0,0,2,0,0,0,0,0,1,0,0,15,0,0,0,2,0,0,0,0,0,0,0,0,24,0,0,21,0,0,2,0,29,0,0,0,0,1,0,4,0,0,5,0
145,2232,ESCOLA MUNICIPAL DONA LULU,RUA MILTON MIRAMIR VISINONI 45,SITIO CERCADO,-25.5401505,-49.2514302,65,0,2300,1870,185,93,0,2,5,3,25,0,3,0,0,0,0,1,14,0,0,0,0,1,0,1,0,3,1,12,1,3,1,3,1,1,1,12,0,0,0,28,0,1,0,0,33,0,0,0,0,0,0,0,0,0,3,0,0,0,2,2,0,0,1,2,6,31,0,1,1,1,2,0,2,0,1,4,0,0,18,7,0,0,11,0,4,2,2,1,0,0,0,0,16,1,4,0,0,0,0,0,0,0,0,0,3,0,0,0,0,0,0,1,42,1,0,1,0,0,0,0,0,0,0,0,0,2,0,1,1,2,0,5,56,0,0,1,47,10,0,1,4,56,1,0,0,0,0,2,0,3,0,0,2,1,0,0,0,12,0,0,3,0,0,1,0,0,0,0,0,0,0,0,0,1,0,0,0,0,0,4,228,0,1,0,1,0,7,0,0,0,0,0,0,0,0,0,0,0,0,0,0,0,0,3,0,0,1,0,0,0,0,0,0,0,0,0,0,0,0,0,1,0,3,0,0,0,0,0,0,0,0,1,1,1,1,0,1,0,0,0,0,0,0,111,0,1,0,1,0,0,0,0,3,0,0,0,0,0,1,0,0,0,0,0,0,0,0,0,0,0,1,3,0,7,0,0,0,0,0,0,0,0,0,0,0,0,0,0,43,11,0,0,1,0,0,0,19,3,0,0,0,1,1,0,2,0,9,0,0,0,2,0,1,1,10,0,0,2,1,0,0,1,1,0,0,0,0,0,0,0,0,0,0,0,0,0,0,0,0,0,0,0,0,0,0,0,1,0,1,0,0,0,0,1,0,0,0,0,0,3,0,0,0,0,0,0,0,0,1,0,1,0,0,0,0,0,0,1,0,3,0,0,0,0,0,0,0,0,0,0,1,0,0,0,0,0,3,0,0,0,0,0,0,0,0,0,0,0,0,0,0,0,0,0,0,0,0,0,0,0,0,0,0,0,0,0,0,0,0,1,0,0,0,2,0,0,0,0,0,0,0,0,17,0,0,0,0,0,0,0,0,0,0,0,0,1,0,0,0,0,0,0,0,0,0,0,0,0,1,1,0,4,5,0,1,3,0,2,0,0,46,0,1,0,0,3,0,0,0,1,0,1,0,0,0,0,1,79,7,0,0,12,0,1,1,14,1,1,1,46,1,0,4,7,0,0,0,1,0,4,0,0,0,0,29,0,0,1,0,0,0,0,1,0,0,0,7,0,0,0,0,0,0,0,1,0,1,0,0,0,0,0,2,0,0,0,0,0,0,0,1,47,0,0,0,0,2,2,0,6,14,2,0,0,0,0,1,3,2,4,1,0,0,1,1,0,0,62,1,0,1,3,0,0,0,2,0,0,0,0,0,0,0,0,0,0,0,0,0,0,0,20,0,0,0,4,0,0,0,0,0,0,0,3,13,0,0,10,0,1,4,0,6,0,0,0,0,1,0,1,0,1,11,0
145,2240,COLÉGIO ESTADUAL PROFESSOR GUIDO ARZUA,"RUA MANDIRITUBA, 2100 - BAIRRO NOVO B",SITIO CERCADO,-25.5504333,-49.2688383,65,0,2834,2207,216,133,0,1,3,7,26,0,0,0,0,1,1,0,12,1,0,0,0,7,1,1,0,0,2,11,2,2,0,0,0,1,0,9,0,4,0,35,0,0,0,1,29,0,0,0,0,0,1,1,1,0,1,0,0,0,2,1,0,0,0,0,12,32,0,1,1,2,8,0,9,0,3,1,0,2,17,12,0,0,30,0,4,4,3,0,0,4,1,0,7,1,0,1,0,0,0,0,0,0,0,0,1,0,1,0,0,0,0,0,74,2,1,2,0,0,0,0,0,0,0,0,0,3,3,1,0,1,1,15,121,0,0,1,49,5,0,2,8,75,1,0,0,0,0,11,0,0,0,0,0,0,0,0,0,19,0,0,1,0,0,0,0,0,0,0,0,0,0,0,0,0,1,0,3,0,0,0,64,0,0,0,0,14,11,0,1,0,2,1,0,0,0,0,0,0,0,0,0,1,2,12,0,1,0,0,0,0,0,0,0,0,0,0,0,0,3,0,0,0,8,0,0,1,0,1,2,1,0,1,0,0,0,0,0,0,0,0,0,0,0,128,1,0,0,0,0,1,0,2,9,1,8,0,0,0,0,0,0,1,0,1,0,0,0,1,0,0,4,5,2,9,0,0,0,0,0,0,0,0,0,0,1,0,0,0,64,3,0,1,2,1,0,0,35,1,0,0,0,0,1,0,2,0,21,0,0,0,1,1,1,0,13,0,1,3,1,0,0,0,0,2,0,0,0,0,0,0,0,0,0,0,0,0,0,0,0,0,0,0,0,0,0,0,2,0,2,0,0,0,0,5,0,0,0,0,0,0,0,0,0,0,0,0,0,1,2,1,0,1,1,2,1,1,2,2,0,3,0,0,1,2,1,0,0,0,0,0,1,0,1,0,0,0,0,0,0,0,0,0,0,2,0,0,0,0,0,3,0,0,0,0,0,0,0,0,2,0,0,0,0,0,0,1,0,0,0,0,0,0,5,0,0,0,0,0,0,0,1,0,8,0,0,0,0,0,0,0,0,0,0,0,0,2,0,0,0,0,0,1,0,0,0,0,0,0,1,0,1,5,5,0,0,2,0,1,0,1,57,0,2,0,0,4,0,0,0,0,0,1,3,0,0,1,0,78,6,0,0,15,0,0,2,18,0,0,0,59,0,0,10,10,0,2,0,5,0,3,1,0,0,0,45,0,0,1,0,0,0,0,0,0,0,0,3,0,0,0,0,0,0,0,0,0,0,0,2,0,0,0,1,0,0,0,0,0,0,0,2,54,0,0,0,0,2,4,0,10,20,4,1,0,1,1,1,1,5,5,0,0,1,1,0,0,1,60,0,0,1,3,0,0,1,2,0,0,0,0,0,0,1,0,0,0,0,0,0,0,0,30,0,2,0,0,0,0,0,0,0,0,0,0,14,0,0,14,1,0,5,0,18,0,0,0,2,0,1,3,1,0,8,0
145,2259,ESCOLA MUNICIPAL PROFESSORA NATHÁLIA DE CONTO COSTA,RUA EDUARDO PINTO DA ROCHA 6300,UMBARA,-25.5662152,-49.2792871,73,0,1344,1121,96,60,0,0,0,0,4,1,1,0,0,2,0,0,6,0,0,0,0,3,0,0,0,1,1,5,0,1,0,3,0,0,0,3,0,0,0,13,0,0,0,0,10,1,0,0,1,0,0,1,0,2,6,0,0,0,3,0,0,0,0,0,1,46,0,1,0,0,1,0,9,0,0,0,0,0,5,4,0,0,7,0,5,3,3,0,0,0,0,0,8,1,4,2,0,0,0,0,0,0,0,1,0,0,0,0,0,0,0,0,34,0,0,0,0,0,0,0,0,0,0,0,0,0,0,0,0,1,3,2,54,0,0,2,24,0,0,0,1,34,0,0,0,0,0,2,0,0,0,0,0,0,0,0,0,7,0,0,2,0,0,0,0,0,0,0,0,0,0,0,0,0,0,0,0,0,0,0,4,0,0,0,0,0,8,0,0,0,3,0,0,0,0,0,0,0,0,0,0,0,0,1,0,0,0,0,0,0,0,0,0,0,0,0,0,1,0,0,0,0,2,0,0,2,0,0,0,0,0,0,0,2,0,0,0,0,0,0,0,0,0,103,0,0,0,0,0,0,0,0,1,0,0,0,0,0,0,0,1,0,0,0,0,0,0,0,0,0,0,9,0,8,0,0,0,0,0,0,1,0,0,0,0,0,1,1,21,0,0,0,0,0,1,0,13,0,0,0,2,0,1,0,3,2,6,0,0,0,2,0,0,0,5,0,0,0,1,5,0,0,0,0,0,0,0,0,0,0,0,0,0,0,0,0,0,0,0,0,0,0,0,0,0,0,0,0,0,0,0,0,0,0,0,0,0,0,0,0,0,0,0,0,0,0,0,0,2,0,0,0,0,0,0,1,0,0,0,0,0,0,1,0,1,0,0,0,1,0,2,0,0,0,1,0,0,0,0,1,0,0,0,1,1,0,0,0,0,0,0,0,0,0,0,0,0,0,0,0,0,0,0,0,0,0,0,0,0,0,0,1,1,0,0,2,0,0,0,0,0,0,2,0,0,0,0,0,0,0,0,0,0,0,0,0,0,0,0,0,0,0,0,0,0,0,0,0,0,0,0,0,2,1,1,2,0,1,0,0,31,0,0,0,0,2,0,0,0,1,0,0,1,0,0,0,0,45,0,0,0,3,0,0,0,9,0,0,0,48,0,0,8,5,0,0,0,4,0,0,0,0,0,0,6,0,0,0,1,0,0,0,1,0,0,0,3,0,0,0,0,0,1,0,0,0,0,0,0,0,1,0,7,0,0,0,0,0,3,0,0,46,0,0,0,0,0,3,0,4,16,0,0,0,0,0,0,0,7,9,1,0,0,0,0,0,1,54,0,1,2,3,0,0,0,0,1,0,0,0,0,0,4,1,0,0,0,0,1,0,0,11,0,0,0,0,2,0,0,0,0,0,0,0,15,0,0,3,0,0,1,0,14,0,0,0,0,1,0,1,0,1,12,0
145,2267,ESCOLA MUNICIPAL HERACLITO FONTOURA SOBRAL PINTO,"RUA LUCIO DE OLIVEIRA LARA, 75 - VILA OSTERNACK",SITIO CERCADO,-25.5576684,-49.2570936,65,0,2037,1601,192,92,0,0,0,8,22,0,1,0,0,2,0,0,10,0,0,0,0,1,0,0,0,0,0,12,0,0,0,2,0,0,0,15,0,0,0,28,0,1,0,1,19,0,0,2,0,2,0,1,0,0,3,0,0,0,3,0,0,0,0,0,12,22,1,1,0,1,4,0,4,0,0,0,0,0,16,4,0,0,22,0,5,1,6,0,0,2,1,0,6,0,1,0,0,1,0,1,0,0,1,0,0,0,2,0,1,0,0,1,22,1,1,0,0,0,0,0,1,0,0,0,0,2,2,0,0,4,1,14,86,0,0,3,58,0,0,0,6,56,0,1,1,0,0,5,1,0,0,0,0,0,0,0,0,14,0,0,1,0,0,0,0,0,0,0,0,0,0,0,1,0,0,0,0,0,0,0,15,0,0,0,1,9,12,0,0,0,0,2,0,0,0,0,0,0,0,1,0,0,1,8,0,0,0,1,0,0,0,0,0,0,0,0,0,0,0,0,0,0,4,0,0,1,0,0,0,2,0,1,1,0,0,0,0,0,0,1,1,0,0,65,0,0,2,0,0,1,0,0,9,2,3,0,0,0,0,0,0,0,0,0,0,0,1,0,0,0,1,2,2,13,0,0,0,0,0,0,0,0,0,0,0,0,0,0,26,2,2,2,3,0,1,0,17,2,0,0,0,1,0,0,0,2,18,0,0,0,2,0,0,0,3,0,0,1,5,0,0,2,0,1,0,0,1,0,0,0,0,0,0,0,0,0,0,0,0,0,0,0,0,0,0,0,0,0,0,0,0,0,0,0,0,0,0,0,0,0,0,0,0,0,0,0,0,0,2,0,0,0,0,1,1,0,0,0,0,3,0,0,0,0,0,0,0,0,1,0,1,0,0,0,0,0,0,0,0,0,0,0,0,0,0,0,0,0,0,0,0,0,0,0,0,1,0,0,0,0,0,0,0,0,0,0,0,0,0,0,0,0,6,2,0,0,0,0,0,0,1,0,1,0,0,0,0,0,0,0,0,1,0,0,0,0,0,0,0,0,0,0,0,0,0,1,0,0,0,0,0,2,1,0,0,2,0,0,0,1,54,0,0,0,0,5,0,0,0,0,2,5,1,0,0,0,1,70,3,0,0,21,0,0,1,12,0,0,0,57,0,0,13,3,0,0,0,1,0,9,0,0,1,0,30,0,0,1,0,0,0,0,0,0,0,0,4,0,0,1,0,0,0,0,0,0,0,0,0,0,0,0,0,0,0,0,0,0,0,0,0,30,0,0,0,0,2,0,0,6,9,2,1,0,0,0,1,3,4,9,3,0,1,0,0,0,0,53,0,0,1,0,1,0,0,8,0,0,0,0,0,0,2,0,0,0,0,0,2,0,0,35,0,0,0,1,0,0,0,1,0,0,0,1,8,1,0,5,0,0,0,0,12,1,0,0,0,0,1,1,0,0,6,0
145,2283,COLÉGIO NOVO ÉDEN,"RUA MANDIRITUBA, 1327 - BAIRRO NOVO B",SITIO CERCADO,-25.5449858,-49.2725324,65,0,2427,1977,170,94,0,1,3,5,32,1,1,0,0,2,0,0,13,0,0,1,0,3,0,0,0,0,0,17,3,2,1,4,0,0,1,8,0,0,0,24,0,1,0,0,18,0,0,0,0,3,0,4,0,0,2,0,0,0,3,0,0,0,0,0,4,16,0,2,0,2,12,0,2,0,2,2,0,0,16,17,0,0,15,1,7,4,2,0,1,0,0,0,9,3,1,0,2,0,0,0,1,0,2,0,1,0,1,3,0,0,0,0,50,0,0,0,0,0,0,0,0,0,0,0,0,1,0,0,0,7,1,5,102,0,0,2,36,4,0,0,7,67,0,0,0,0,1,9,0,0,0,1,0,0,0,0,0,12,0,0,1,0,0,0,1,0,0,0,0,0,2,0,0,0,0,0,0,0,0,0,57,0,0,0,1,3,17,0,0,0,3,0,0,0,0,1,0,2,1,0,0,0,0,5,0,0,0,3,0,0,1,1,0,0,0,0,0,0,4,0,0,0,10,0,0,0,0,0,0,1,0,2,1,2,0,0,0,0,0,0,0,0,0,149,1,0,0,1,0,0,0,0,7,0,5,0,0,0,0,0,0,0,0,1,0,0,0,0,0,0,1,7,0,13,0,1,0,0,0,3,0,0,0,0,0,0,1,2,43,8,1,0,0,2,0,0,30,3,0,0,1,0,0,0,1,0,17,0,0,0,3,0,0,1,5,0,0,1,4,0,0,0,0,1,1,0,0,0,0,0,0,0,0,0,0,1,0,0,0,0,0,0,0,0,0,0,0,0,0,0,0,0,0,0,0,0,0,0,0,0,0,0,0,0,0,0,0,0,6,0,0,0,1,0,0,0,2,0,0,5,0,0,0,0,1,0,0,0,0,0,0,0,0,0,0,0,0,0,0,0,0,0,0,1,0,0,0,0,0,0,0,0,0,0,0,0,0,0,0,0,0,0,0,0,0,1,0,0,0,1,0,0,1,0,0,1,0,0,0,0,0,0,11,0,0,0,0,0,0,0,0,0,0,0,0,2,0,0,0,0,0,0,0,0,0,0,0,0,1,0,0,0,0,2,2,1,0,1,0,0,57,0,1,0,0,2,0,0,0,1,3,5,1,0,0,0,1,95,8,0,0,27,0,0,1,14,0,0,0,83,0,0,5,9,0,0,0,2,0,2,1,0,2,0,30,0,0,1,0,1,0,2,2,3,0,0,2,0,0,1,0,0,0,0,0,0,0,1,1,0,0,0,0,0,0,0,0,0,0,0,3,65,0,0,0,0,4,2,0,4,15,2,0,0,0,2,1,2,5,1,1,0,0,3,0,0,1,68,1,0,0,2,0,0,0,0,0,0,0,0,0,0,1,1,0,0,1,0,0,0,0,20,0,2,0,0,0,0,0,0,0,0,0,0,19,0,0,28,0,0,5,0,16,0,0,0,0,0,2,4,0,0,8,0
145,2291,GRUPO EDUCACIONAL UNINTER - POLO SITIO CERCADO,"RUA URAÍ, 78",SITIO CERCADO,-25.5414692,-49.2806062,65,0,211,159,17,6,0,0,0,2,7,2,0,0,1,0,0,0,4,0,0,0,0,0,0,0,0,0,0,2,0,0,0,0,0,0,0,3,0,0,0,4,0,0,0,0,0,0,0,1,0,0,0,0,0,0,0,0,0,0,0,0,0,0,0,0,0,1,0,1,0,0,1,0,0,0,0,0,0,0,4,1,0,0,0,0,0,0,0,0,0,0,0,0,0,0,0,0,0,0,0,0,0,0,0,0,0,0,0,0,0,0,0,0,7,0,0,0,0,0,0,0,0,0,0,0,0,0,0,0,0,0,0,2,10,0,0,0,3,1,0,0,0,3,0,0,0,0,0,0,0,0,0,0,0,0,0,0,0,1,0,0,0,0,0,0,0,0,0,0,0,0,0,0,0,0,0,0,0,0,0,0,5,0,0,0,0,0,0,0,0,0,0,0,0,0,0,0,0,0,0,0,0,0,0,0,0,0,0,0,0,0,0,0,0,0,0,0,0,0,0,0,0,0,0,0,0,0,0,0,0,0,0,0,0,0,0,0,0,0,0,0,0,0,0,16,0,0,0,0,0,0,0,0,0,0,0,0,0,0,0,0,0,0,0,0,0,0,0,0,0,0,0,1,0,1,0,0,0,0,0,0,0,0,0,0,0,0,0,0,2,1,0,0,0,0,0,0,1,0,0,0,0,0,0,0,0,0,1,0,0,0,0,0,0,0,0,0,0,1,1,1,0,0,0,0,0,0,0,0,0,0,0,0,0,0,0,0,0,0,0,0,0,0,0,0,0,0,0,0,0,0,0,0,0,0,0,0,0,0,0,0,0,0,0,0,0,0,0,0,0,0,0,0,0,0,0,0,0,0,0,0,0,0,0,0,0,0,0,0,0,0,0,0,0,0,0,0,0,0,0,0,0,0,0,0,0,0,0,0,0,0,0,0,0,0,0,0,0,0,0,0,0,0,0,0,0,0,0,0,0,0,0,0,0,0,0,0,0,0,0,0,0,0,0,0,0,0,0,0,0,0,0,0,0,0,0,0,0,0,0,0,0,0,0,0,0,0,0,0,0,0,0,1,0,0,0,2,0,0,0,0,5,0,0,0,0,0,0,0,0,0,0,1,0,0,0,0,0,9,0,1,0,1,0,0,0,1,0,0,0,5,0,0,2,1,0,0,0,0,0,0,0,0,0,0,1,0,1,0,0,0,0,0,0,0,0,0,0,0,0,0,0,0,0,0,0,0,0,0,0,0,0,0,0,0,0,0,0,0,0,0,0,1,0,0,0,0,0,0,0,1,0,0,0,0,0,1,0,0,0,0,0,0,0,0,0,0,0,2,0,0,0,0,0,0,0,0,0,0,0,0,0,0,0,0,0,0,0,0,0,0,0,3,0,0,0,0,0,0,0,0,0,0,0,0,1,0,0,2,0,0,0,0,2,0,0,0,0,0,0,0,0,0,0,0
145,2305,ESCOLA MUNICIPAL PROFESSORA JURANDYR BAGGIO MOCKELL,"RUA BRIGADEIRO EDUARDO GOMES, 270",PINHEIRINHO,-25.5195685,-49.286039,66,0,792,646,45,31,0,0,0,2,9,0,1,0,2,0,0,0,3,0,0,0,0,5,0,1,0,1,0,1,0,0,0,2,0,0,0,1,0,0,1,12,0,0,0,0,7,0,0,0,0,0,0,2,0,0,1,0,0,0,2,0,0,0,1,1,0,8,0,0,0,1,0,0,2,0,0,0,0,0,3,2,0,0,3,0,1,3,1,0,1,0,1,0,2,0,0,0,0,0,0,0,0,0,0,0,1,0,1,0,0,1,0,0,9,0,0,0,0,0,0,0,0,0,0,0,0,1,0,0,0,0,0,0,18,0,0,0,9,1,0,0,2,47,0,0,0,0,0,0,0,0,0,0,0,0,0,0,0,10,0,0,0,0,0,0,0,0,0,0,0,0,0,0,0,0,2,0,0,0,0,0,3,0,2,0,0,0,9,0,0,0,0,0,0,0,1,0,1,2,0,0,0,0,0,2,0,0,0,0,0,0,1,0,0,0,0,0,0,0,0,0,0,0,1,0,0,0,0,0,0,0,0,0,0,0,1,0,0,0,0,0,0,0,0,100,0,0,0,0,0,0,0,0,2,0,0,0,1,0,0,0,0,0,0,0,0,1,0,0,0,0,0,1,0,0,2,0,0,0,0,0,0,1,0,0,0,0,0,1,30,3,1,1,0,0,0,0,4,0,0,0,0,0,0,0,0,0,2,0,0,0,0,0,0,0,0,0,0,0,4,2,0,0,0,1,0,0,0,0,0,0,0,0,0,0,0,0,0,0,0,0,0,0,0,0,0,0,0,0,2,0,0,0,0,0,0,0,0,0,0,1,0,0,0,0,0,0,0,0,7,1,0,0,3,1,0,0,0,0,0,4,0,0,0,0,0,0,0,0,0,0,0,0,1,0,0,0,0,0,0,0,0,0,0,0,0,0,0,0,0,0,0,0,0,1,0,1,0,0,0,0,0,0,0,0,0,0,0,0,0,0,0,0,0,0,0,0,0,0,0,0,0,0,0,0,0,0,0,0,0,0,0,0,0,0,0,1,0,1,0,0,0,0,0,0,0,0,0,0,0,0,3,0,4,0,1,1,0,1,0,0,7,0,0,0,0,0,0,0,0,0,2,0,0,0,0,0,0,26,0,0,0,5,0,0,2,9,0,0,0,22,0,0,3,6,0,0,0,0,0,1,0,0,1,0,3,0,0,0,0,0,0,0,3,0,0,0,0,0,0,0,0,0,0,0,0,0,0,0,0,0,0,0,0,0,0,0,0,0,0,0,1,18,0,0,0,0,0,0,1,0,9,1,0,0,0,0,0,0,2,1,0,0,0,0,0,0,0,16,0,0,0,0,0,0,0,0,0,2,0,0,1,0,0,0,0,0,0,0,0,0,0,8,0,0,0,0,0,0,0,0,0,0,0,0,6,0,0,5,0,0,1,0,8,0,0,0,0,0,0,0,0,0,1,0
145,2372,FACULDADE FACEAR - CAMPUS SÍTIO CERCADO,"RUA MERCÚRIO, 463",SITIO CERCADO,-25.5322306,-49.2666216,65,0,404,306,38,17,0,0,0,1,2,0,0,0,0,0,0,0,0,1,0,0,0,0,1,0,0,0,0,0,0,0,0,0,0,0,1,0,0,0,0,9,0,0,0,0,5,0,0,0,0,0,0,0,0,0,0,0,0,0,0,0,0,0,0,0,1,4,0,0,0,0,0,0,3,0,0,0,0,0,3,0,0,0,3,0,0,0,0,0,0,0,0,0,4,0,0,1,0,0,0,1,0,0,0,0,0,0,0,0,0,0,0,0,6,0,0,0,0,0,0,0,0,0,0,0,0,2,0,0,0,0,0,1,8,0,0,1,4,0,0,0,0,13,0,0,0,0,0,0,0,0,0,0,0,0,0,0,0,1,0,0,0,0,0,0,0,0,0,0,0,0,0,0,0,0,0,0,0,0,0,0,2,0,0,0,0,1,2,0,0,0,0,0,0,0,0,0,1,1,0,0,0,0,0,2,0,0,0,0,0,0,0,0,0,0,0,0,0,0,0,0,0,0,1,0,0,1,0,0,1,1,0,0,0,1,0,0,0,0,0,0,0,0,0,29,0,0,0,0,0,0,0,0,1,0,0,0,0,0,0,0,0,0,0,0,0,0,0,0,0,0,0,1,1,1,0,0,0,0,0,0,0,0,0,0,0,0,0,0,9,0,0,0,0,0,0,0,4,0,0,0,0,0,0,0,0,0,3,0,0,0,1,0,0,0,1,0,0,0,1,1,0,0,0,0,0,0,0,0,0,0,0,0,0,0,0,0,0,0,0,0,0,0,0,0,0,0,0,0,0,0,0,0,0,0,0,0,0,0,0,0,0,0,0,0,0,0,0,0,1,0,0,0,1,0,0,0,0,0,0,0,0,0,0,0,0,0,0,0,0,0,0,0,0,0,0,0,0,0,0,0,0,0,0,0,0,0,0,0,0,0,0,0,0,0,0,0,0,0,0,0,0,0,0,0,0,0,0,0,0,0,0,0,0,0,0,0,0,0,0,0,0,0,2,0,0,0,0,0,0,0,0,0,0,0,0,1,0,0,0,0,0,0,0,0,0,0,0,0,0,0,1,0,1,0,0,0,0,1,0,0,6,0,0,0,0,0,0,0,0,0,0,1,1,0,0,0,0,18,0,0,0,1,0,0,0,8,0,0,0,15,0,0,1,0,0,0,0,0,0,0,0,0,0,0,4,0,0,0,0,0,0,0,0,0,0,0,0,0,0,1,0,0,0,0,0,0,0,0,0,0,0,0,0,0,0,0,0,0,0,0,0,9,0,0,0,0,2,1,0,0,6,0,0,0,0,0,0,1,2,0,0,0,0,0,0,0,1,10,0,0,1,0,0,0,0,0,0,0,0,0,0,0,0,0,0,0,0,0,0,0,0,1,0,0,0,0,0,0,0,0,0,0,0,0,3,0,0,1,0,0,3,0,3,0,0,0,0,0,0,0,0,0,0,0
174,1015,ESCOLA ESTADUAL GOTTLIEB MUELLER,R BOM JESUS DE IGUAPE   3333,BOQUEIRAO,-25.4931765,-49.23855342,56,0,2162,1718,104,71,0,1,1,5,17,2,1,0,2,4,0,1,18,3,0,0,0,3,0,0,0,0,0,5,0,0,0,4,3,0,3,3,0,3,0,32,0,0,0,2,9,0,0,0,7,0,0,2,0,1,2,0,0,0,2,1,0,0,0,0,8,25,0,2,0,4,10,0,15,0,0,1,0,0,20,9,0,0,19,0,3,4,2,0,0,1,1,0,26,13,1,0,0,0,0,0,0,0,1,0,0,1,0,0,1,0,0,0,45,20,1,0,0,1,0,0,0,0,0,0,0,1,0,0,0,4,0,2,72,0,1,1,42,2,0,0,5,60,0,0,0,0,0,6,0,0,0,0,0,0,0,0,0,23,0,0,1,0,0,0,0,0,1,0,0,0,0,3,0,1,0,0,0,0,0,0,3,0,2,0,0,0,16,0,0,0,0,0,0,0,0,0,0,0,0,0,0,0,1,1,0,0,0,1,1,0,0,0,0,0,0,0,1,0,0,0,0,0,4,0,0,1,0,0,0,4,0,3,0,0,0,0,0,0,0,0,2,0,0,182,0,2,0,1,0,0,0,0,4,0,0,0,0,0,0,0,0,0,0,1,0,0,0,0,0,0,2,2,0,0,0,0,0,0,0,0,0,0,0,0,0,0,0,0,68,6,0,0,0,2,1,3,20,2,0,0,0,0,1,1,0,1,20,1,0,0,1,0,0,1,9,0,0,3,0,1,0,0,0,2,0,0,0,0,0,0,0,0,0,0,0,0,0,0,0,0,0,0,0,0,0,0,0,0,5,0,0,0,0,0,0,0,0,0,0,0,0,0,0,0,0,0,0,0,5,0,0,0,1,0,0,0,1,0,0,3,0,0,2,0,0,0,0,0,1,0,0,0,0,0,0,0,0,0,0,0,0,0,0,1,0,0,0,0,0,0,0,0,0,0,0,0,0,0,0,0,0,0,4,0,0,3,0,2,0,1,1,0,4,0,0,0,0,0,0,0,0,1,1,0,0,0,0,0,0,0,0,0,0,0,0,0,2,0,0,0,6,0,0,0,1,0,0,1,0,0,1,3,0,0,4,2,0,4,0,1,44,0,0,0,0,0,0,0,0,0,1,4,2,0,0,0,0,85,0,1,0,11,0,0,3,11,2,0,0,57,1,0,15,8,0,0,0,7,0,9,3,0,0,0,17,0,0,0,0,0,0,0,0,0,0,0,7,0,0,0,0,0,2,0,0,0,0,0,0,0,0,0,0,0,0,0,0,0,0,0,2,36,0,0,0,0,0,1,0,9,12,0,0,0,0,2,0,2,3,2,0,0,0,4,0,1,0,56,0,0,1,5,0,0,0,0,0,0,1,0,0,0,0,0,0,2,0,0,0,0,0,34,1,0,2,0,0,0,3,0,0,0,0,0,12,0,0,6,0,0,2,2,10,0,0,0,0,0,0,2,0,1,5,0
174,1023,ESCOLA  MUNICIPAL LAPA,"R DIOGO MUGGIATTI, 1292",BOQUEIRAO,-25.51030383,-49.22836824,56,0,3046,2476,185,99,0,2,0,7,29,0,1,0,0,2,0,0,22,1,0,1,0,4,0,0,0,0,1,15,1,1,0,5,2,1,0,11,4,0,0,36,1,0,0,2,12,1,0,0,0,0,0,2,0,1,1,3,0,0,6,2,0,0,4,1,9,41,0,2,1,4,28,0,16,0,1,6,0,0,18,14,2,0,22,0,4,12,4,0,0,0,0,0,31,11,2,4,0,1,0,1,0,0,0,0,0,1,0,0,0,0,0,0,69,3,0,0,0,0,3,0,1,0,0,0,1,0,1,0,0,6,1,1,68,0,1,1,67,5,0,0,5,75,0,0,0,0,0,0,0,0,0,3,1,0,0,0,0,15,1,0,0,0,0,0,0,0,0,0,0,1,2,4,0,2,0,0,0,0,0,0,2,0,0,0,0,1,17,0,0,0,2,0,0,0,0,0,1,1,0,0,0,0,1,1,0,0,1,0,0,0,1,0,0,0,1,0,0,0,0,0,0,0,12,0,0,0,0,0,0,4,0,1,1,0,0,0,0,1,2,1,6,0,0,261,0,0,0,0,0,1,0,0,2,1,1,0,0,0,0,0,0,0,0,0,0,1,0,0,0,0,0,13,3,0,0,0,0,0,0,1,0,0,0,0,0,0,3,3,90,10,0,2,2,2,0,1,34,2,0,0,3,1,4,1,0,0,20,0,1,0,1,0,0,1,4,1,0,0,1,2,0,0,0,0,0,0,0,0,0,0,0,0,0,0,0,0,0,0,0,0,0,0,0,0,1,0,0,0,6,0,0,0,0,0,0,0,0,1,0,0,0,0,0,0,0,0,0,0,1,1,2,0,1,3,0,0,0,0,0,3,0,0,0,2,0,0,0,0,0,0,0,0,0,0,0,0,3,0,0,0,0,0,0,0,0,0,0,1,1,0,0,0,0,0,0,0,1,0,1,0,0,0,4,0,0,0,0,0,0,1,1,0,0,1,8,0,0,0,3,0,0,0,1,0,0,0,0,0,0,0,0,0,0,0,0,4,3,0,0,0,1,0,0,0,0,0,0,0,0,0,0,8,6,0,0,2,0,0,0,1,77,0,0,0,0,2,0,0,0,4,2,6,2,0,0,0,0,127,3,0,0,17,0,0,3,23,0,0,1,89,0,0,26,10,0,0,1,5,1,5,2,1,1,0,29,2,2,1,2,2,0,0,3,0,0,0,3,0,0,0,0,0,0,0,0,0,0,0,0,0,0,0,0,0,0,0,0,0,0,0,2,90,0,0,0,0,7,8,0,14,20,4,0,0,0,1,1,5,10,5,1,0,0,0,0,0,0,78,0,0,1,1,0,0,0,1,0,1,0,0,1,0,2,0,0,0,0,0,0,0,0,49,1,0,0,4,0,0,1,0,0,0,0,0,14,0,0,17,0,0,2,2,26,0,0,0,0,0,0,2,0,7,6,0
174,1031,ESCOLA ESTADUAL PROFESSORA LUIZA ROSS,"R MAESTRO CARLOS FRANK, 616",BOQUEIRAO,-25.51516795,-49.22468714,56,0,4436,3542,342,148,0,2,7,7,45,0,2,0,0,3,0,1,23,2,1,0,0,5,0,1,1,0,1,21,5,0,0,2,0,1,2,21,2,1,0,40,1,1,0,3,18,2,1,0,0,0,0,6,1,1,5,0,0,0,8,1,0,0,1,0,16,40,0,7,3,5,20,0,12,0,0,3,0,0,33,14,2,0,31,0,8,12,15,1,0,2,0,0,38,25,2,1,0,0,0,0,1,0,1,1,1,0,3,0,2,0,0,1,71,10,4,0,0,0,1,0,0,0,0,0,0,1,4,0,4,6,0,5,131,2,0,1,115,2,2,0,11,121,0,0,2,0,0,8,0,1,1,0,0,0,0,0,0,22,0,0,3,0,0,0,0,1,0,1,0,0,3,1,0,1,0,0,0,0,0,2,9,2,1,0,0,3,18,0,0,1,2,0,0,0,0,0,1,0,0,0,0,0,0,2,0,0,0,0,0,0,0,0,0,0,4,0,0,0,0,0,0,0,10,1,0,1,0,0,1,2,0,2,0,1,0,0,0,0,1,0,4,0,1,318,0,0,0,0,0,0,0,1,4,0,3,0,0,0,0,1,1,0,0,0,0,0,0,0,0,0,13,7,1,6,0,0,0,0,0,0,0,0,0,0,0,0,3,3,100,6,2,0,1,2,2,0,38,1,0,2,1,0,3,0,0,3,50,0,0,0,3,0,0,1,6,2,0,1,3,12,1,0,0,0,0,0,0,1,0,0,0,0,0,0,0,0,0,0,0,0,0,0,0,0,0,0,0,0,9,0,0,0,0,0,0,0,0,1,0,1,0,0,0,0,0,0,0,1,1,0,2,0,3,4,0,1,0,0,2,11,0,0,3,1,0,1,0,0,0,0,4,0,1,0,1,0,1,0,0,1,1,0,0,1,2,1,0,0,1,1,0,1,2,0,0,1,0,0,0,0,0,0,2,0,0,0,0,1,0,1,0,0,2,1,8,0,0,0,1,0,0,0,1,0,0,0,0,0,0,0,0,0,0,0,0,1,0,0,0,0,3,0,1,0,0,0,0,2,0,1,0,23,11,0,2,0,0,2,0,1,105,0,5,0,0,1,0,1,0,3,1,6,4,0,0,1,1,180,6,0,0,15,0,0,4,29,0,0,1,138,1,0,33,7,0,1,1,19,0,7,1,0,0,0,34,0,0,2,0,1,2,1,1,0,0,1,2,0,0,0,0,0,1,0,0,2,0,0,0,0,0,0,3,0,0,0,0,0,0,0,6,121,0,1,0,1,6,10,0,19,37,2,0,0,0,1,1,4,8,9,7,0,0,2,0,0,1,105,0,1,6,6,0,0,0,2,1,0,0,0,0,0,8,0,0,0,2,0,3,0,1,70,1,0,0,1,0,0,0,1,0,0,0,1,28,0,0,28,0,1,3,0,23,0,0,0,0,0,0,3,1,11,13,0
174,1040,ESCOLA MUNICIPAL DE EDUCAÇÃO ESPECIAL HELENA WLADIMIRNA ANTIPOFF,"RUA JOAQUIM CARDOSO DA SILVEIRA, 185",BOQUEIRAO,-25.50666229,-49.22110773,56,0,2766,2218,213,85,0,2,4,5,27,2,1,0,0,1,0,1,30,2,0,0,0,2,0,1,0,4,1,18,1,0,0,3,1,0,0,7,2,1,0,27,0,1,0,1,15,0,0,0,0,0,0,0,0,1,1,0,0,0,4,1,1,0,0,1,8,27,0,3,0,5,6,0,6,0,0,1,0,1,28,12,4,0,34,0,6,8,4,0,0,0,0,0,22,8,2,0,0,0,0,0,0,0,0,0,0,0,0,0,2,1,1,1,82,2,0,1,0,0,1,0,0,0,0,0,0,4,0,0,0,4,1,4,112,0,0,3,51,1,0,0,11,68,1,0,0,1,0,2,0,1,0,0,4,0,1,0,1,23,0,0,0,0,0,0,0,1,0,0,0,0,1,4,0,0,0,5,0,0,0,3,1,1,2,1,1,6,14,0,0,0,0,0,0,0,0,0,4,2,0,0,0,0,1,4,0,0,1,0,0,0,0,0,0,1,1,0,1,0,0,0,0,0,8,0,0,2,0,0,1,5,0,0,1,0,0,0,0,0,0,0,6,0,0,158,0,0,2,0,0,0,0,0,1,0,0,1,1,0,0,0,0,0,0,0,0,0,0,1,0,2,1,6,1,3,3,0,0,0,0,0,0,0,0,0,0,0,0,1,49,5,1,2,1,1,1,1,34,1,0,1,0,0,0,0,1,0,37,0,0,0,1,0,0,0,7,0,0,0,0,4,0,0,0,0,0,0,0,0,0,0,0,0,0,0,0,0,0,0,0,0,0,0,0,0,0,0,0,0,2,0,0,0,0,0,0,0,1,0,0,0,0,0,0,0,0,0,0,1,1,0,1,0,0,1,0,1,1,0,0,1,0,0,1,1,1,0,0,0,0,0,1,0,0,0,0,0,6,0,0,0,0,0,0,1,0,0,0,0,0,0,0,0,1,1,0,0,0,0,0,0,0,0,1,0,0,1,0,0,0,4,1,0,2,1,4,0,0,0,0,0,0,0,1,0,0,0,0,0,0,0,0,0,0,0,0,0,1,0,0,0,0,0,0,0,0,0,0,0,0,0,1,11,3,0,3,0,0,1,0,0,86,0,0,0,0,1,0,0,0,1,6,1,3,0,0,0,0,137,1,0,0,6,0,0,2,20,0,0,0,106,0,0,13,22,0,0,0,8,0,2,0,0,0,0,24,0,0,1,0,5,0,2,0,0,0,0,0,0,0,0,0,0,0,0,0,0,0,0,0,0,0,0,4,0,0,0,0,0,2,0,2,53,0,0,0,1,2,5,0,10,22,1,0,0,0,0,0,2,11,2,0,0,0,2,0,0,0,45,0,0,1,1,0,0,0,1,0,0,0,0,0,0,5,2,0,0,0,0,1,0,0,35,0,3,1,0,0,2,0,0,0,0,0,0,19,0,0,9,0,0,6,0,12,0,0,0,0,0,0,1,0,1,7,0
174,1058,ESCOLA MUNICIPAL NOSSA SENHORA DO CARMO,"RUA CARLOS DE LAET, 4130",BOQUEIRAO,-25.49853799,-49.23509445,56,0,1540,1243,83,59,0,1,1,2,11,0,1,0,1,0,0,0,9,0,0,0,0,2,0,1,0,0,1,8,0,2,0,3,0,0,0,3,2,0,0,13,0,0,0,0,9,0,0,0,0,0,0,1,0,0,0,0,0,0,1,0,0,0,1,2,3,23,0,2,0,0,5,0,7,0,2,0,0,0,13,3,2,0,13,0,2,0,0,0,1,1,0,0,14,16,3,0,0,0,0,0,0,0,1,0,1,1,1,0,0,0,0,0,35,4,0,0,0,0,0,0,0,0,0,0,0,1,1,0,0,1,0,0,40,0,0,0,34,2,0,0,3,38,1,1,0,0,1,1,1,0,0,0,0,0,0,0,0,10,0,0,1,0,0,0,0,0,0,0,0,0,1,1,0,0,0,0,0,0,0,0,1,0,0,0,0,0,9,0,0,0,0,2,0,0,0,0,0,0,0,0,0,0,0,3,0,0,0,0,0,0,0,0,0,0,0,0,0,0,0,0,0,0,9,0,0,0,0,0,0,8,0,0,0,1,0,0,0,0,0,0,3,0,0,156,0,0,0,0,0,0,0,0,2,1,0,1,0,0,0,0,0,0,0,0,0,0,0,0,0,0,2,2,0,0,0,0,0,0,0,0,0,0,0,0,0,0,0,1,46,1,0,0,0,0,1,1,8,0,0,0,3,0,0,0,1,1,12,0,0,0,2,0,0,1,3,0,0,0,1,7,0,0,0,1,0,0,0,0,0,0,0,0,0,0,0,0,0,0,0,0,0,0,0,0,0,0,0,0,2,1,0,0,0,0,0,0,0,0,0,0,0,0,0,0,0,0,0,0,0,0,1,0,0,0,0,0,0,0,0,1,0,0,0,2,0,0,0,0,0,0,0,0,0,0,2,0,0,0,0,0,0,0,0,0,0,0,0,0,0,1,0,0,0,0,0,0,0,0,0,0,0,0,0,0,0,2,0,0,0,1,0,0,2,2,0,1,0,0,0,0,0,0,1,0,0,0,0,0,0,0,0,0,0,0,0,3,0,0,0,0,0,0,0,0,2,0,0,0,0,1,1,0,3,0,1,0,0,0,0,2,45,0,0,0,0,2,0,0,0,0,0,8,3,0,0,0,0,56,1,0,0,5,0,0,0,25,0,0,0,57,0,0,10,7,0,0,0,7,0,6,1,0,0,0,13,0,0,0,0,0,0,0,2,0,0,0,2,0,0,0,0,0,1,0,0,0,0,0,0,0,0,0,1,0,0,0,0,0,1,0,1,41,0,0,0,0,0,4,1,5,1,4,1,0,0,1,1,0,0,3,3,0,0,0,0,0,0,33,0,0,0,1,0,0,0,0,1,0,0,0,0,0,1,0,0,0,0,0,1,0,0,15,0,0,0,0,0,0,0,0,0,0,0,1,6,0,0,13,0,0,4,0,6,0,0,0,0,0,0,2,0,1,9,0
174,1066,COLEGIO PROFESSOR VICTOR DO AMARAL,RUA BOM JESUS DE IGUAPE 4065,BOQUEIRAO,-25.50012449,-49.23541702,56,0,4733,3662,322,159,0,3,4,10,50,0,2,0,1,4,0,2,36,1,0,0,0,4,0,1,1,1,2,11,2,6,0,3,1,1,1,15,0,0,0,37,0,2,2,4,18,1,0,1,0,0,0,3,1,5,3,0,0,0,3,0,0,0,4,5,13,43,0,4,0,2,19,1,15,0,0,2,0,0,34,23,2,0,32,0,3,17,10,1,0,0,2,1,29,39,2,2,0,0,0,2,0,0,0,0,2,2,2,0,1,1,1,0,72,8,3,0,0,0,0,0,1,0,0,0,0,0,0,0,1,3,1,5,124,0,0,3,61,3,0,1,8,116,3,1,1,3,0,1,0,0,1,1,0,0,0,0,2,34,0,0,3,0,0,0,0,0,0,0,0,0,2,4,0,0,0,0,0,0,0,0,5,0,1,0,0,7,29,0,2,2,0,0,0,0,0,0,2,2,0,0,0,0,2,1,0,0,0,0,0,0,2,0,0,0,2,0,0,0,0,0,0,2,12,0,0,1,0,0,0,6,0,0,0,0,2,0,0,1,0,0,2,0,1,425,1,0,4,0,0,3,0,1,3,3,1,2,0,0,0,0,3,0,0,1,1,0,0,0,0,0,5,8,2,1,0,0,0,0,0,4,0,0,0,0,0,0,1,1,165,13,2,1,0,2,0,0,49,1,0,0,1,0,8,2,0,2,27,0,0,0,0,0,1,1,16,1,0,0,2,4,1,0,0,0,1,0,0,0,0,0,0,0,0,0,0,0,0,0,0,1,0,0,0,0,0,0,1,0,11,0,0,0,0,0,0,0,0,1,0,0,0,0,0,0,0,0,0,0,2,0,1,2,1,2,0,0,1,1,2,9,0,1,2,0,0,0,0,3,0,0,1,0,2,1,2,0,3,0,0,0,0,0,0,0,0,0,0,1,0,0,1,0,0,0,0,0,3,0,0,0,0,0,1,0,0,1,0,2,0,3,3,0,8,4,4,0,0,0,0,0,0,0,0,0,0,0,0,0,0,0,0,0,0,0,0,3,0,0,0,0,2,0,0,0,0,0,0,0,0,0,1,4,3,0,5,0,0,0,0,4,119,0,4,0,1,1,0,0,0,2,1,8,4,0,0,0,0,213,5,0,0,11,0,0,2,32,2,0,0,143,0,0,24,19,0,2,0,9,0,6,0,3,1,0,40,0,2,0,1,2,0,2,3,0,0,0,8,0,3,1,0,0,2,0,0,0,0,0,0,0,0,0,2,0,0,0,0,0,0,0,5,107,0,0,0,0,2,5,0,28,17,3,2,0,0,1,1,11,12,9,1,0,0,0,0,0,0,103,0,0,4,3,1,0,0,2,0,0,0,0,0,0,2,0,0,0,1,0,4,0,0,89,2,1,0,1,0,0,0,0,0,0,0,0,36,0,0,24,0,1,5,1,24,0,0,1,0,0,0,3,0,1,9,0
174,1074,ESCOLA MUNICIPAL WENCESLAU BRAZ,"RUA O BRASIL PARA CRISTO, 2090",BOQUEIRAO,-25.50244164,-49.22734221,56,0,2325,1896,171,87,0,1,4,3,23,0,0,0,0,0,0,0,23,0,0,0,0,2,0,1,0,0,1,13,1,1,0,2,0,0,1,7,0,0,0,20,1,0,0,1,9,0,1,0,1,0,0,1,0,6,1,1,0,0,4,0,0,0,0,2,12,42,0,2,0,1,11,0,12,0,0,0,0,0,22,8,0,0,20,0,0,6,0,0,0,0,0,0,11,5,5,1,0,0,0,0,1,0,0,0,0,0,0,0,0,0,0,1,43,2,0,0,0,1,0,0,2,0,3,0,2,1,3,0,1,3,1,2,64,0,0,0,57,0,0,0,0,52,0,0,0,0,2,0,0,0,0,0,1,0,0,0,0,27,1,0,3,0,0,0,0,0,0,0,0,0,0,0,0,0,2,0,0,0,0,0,10,1,0,0,0,4,25,0,0,0,0,0,0,0,0,0,0,0,0,0,0,0,1,2,0,0,0,1,0,0,1,0,0,2,0,0,0,0,0,0,0,0,4,0,0,0,1,0,0,5,0,0,0,0,0,0,0,1,0,0,3,0,0,169,0,0,0,0,0,1,0,0,1,0,0,2,1,0,0,0,0,0,0,0,0,0,0,0,0,0,1,4,0,0,0,0,0,0,0,0,0,0,0,0,0,0,0,1,50,4,5,0,0,0,1,3,14,4,0,0,0,1,2,0,0,3,14,0,0,0,0,1,0,1,8,0,0,0,0,4,0,0,0,0,0,0,0,0,0,0,0,0,0,0,0,0,0,0,0,1,0,1,0,0,0,0,0,0,1,0,0,0,0,3,0,0,0,1,0,3,0,0,0,0,0,0,0,0,3,0,3,0,0,1,0,0,0,0,0,0,0,2,0,0,0,0,0,0,0,0,0,2,1,0,0,1,2,0,0,0,1,0,0,0,0,0,0,0,0,1,0,0,0,0,0,0,0,0,0,0,0,0,0,0,1,0,0,4,0,0,0,0,0,1,5,0,0,0,0,0,0,0,3,0,0,0,0,0,0,0,0,0,0,0,0,1,0,0,0,0,1,0,0,0,0,0,0,0,3,0,0,2,5,2,1,1,0,2,0,4,77,0,2,0,0,1,0,0,0,3,5,6,0,1,0,1,0,130,7,0,0,10,0,0,4,20,0,0,0,56,0,0,12,11,0,1,1,8,0,1,0,0,1,1,32,0,0,0,0,0,0,1,0,0,0,0,3,0,0,1,0,0,0,0,0,0,0,0,0,1,0,0,1,0,0,0,0,0,0,0,2,69,0,0,0,0,0,1,0,5,10,3,0,0,0,0,2,2,6,3,0,0,0,1,0,0,2,48,0,0,2,0,0,0,0,1,2,1,0,0,0,0,2,0,0,0,0,0,0,0,0,45,2,2,0,0,0,0,0,0,3,0,0,1,14,1,0,6,0,0,1,0,11,0,0,0,0,1,0,5,0,2,1,0
174,1082,COLÉGIO NOSSA SENHORA DA ASSUNCAO,"RUA DR. ALCIDES VIEIRA ARCOVERDE, 620",GUABIROTUBA,-25.46015929,-49.24060575,23,0,3196,2552,125,88,0,1,3,9,36,1,1,0,0,2,0,3,18,3,1,0,0,9,0,0,0,1,4,10,1,0,0,6,1,0,1,6,1,0,0,22,0,2,1,1,13,0,0,1,0,0,0,3,0,1,9,0,0,0,5,0,0,0,1,2,3,25,0,8,0,0,17,0,13,0,1,1,0,0,16,13,1,0,17,0,6,3,3,0,0,0,3,1,17,5,7,1,0,1,1,1,1,0,1,0,1,0,0,0,1,0,0,0,62,0,0,0,0,0,0,0,2,0,0,0,0,1,0,1,1,7,2,2,82,0,1,3,71,7,2,0,6,105,1,0,0,0,0,4,0,0,0,0,0,0,0,0,1,17,0,0,0,0,0,0,0,0,1,0,0,0,1,1,0,3,1,1,0,0,0,0,0,1,0,0,0,4,35,0,1,0,3,0,0,0,0,0,0,0,0,0,0,0,0,0,0,0,0,0,0,0,3,0,0,0,0,0,1,0,0,0,0,0,15,0,0,1,0,0,0,6,0,7,1,0,0,0,2,0,1,4,1,0,0,451,4,1,0,0,0,0,0,1,1,1,1,0,0,0,1,0,3,0,0,0,0,1,0,0,0,0,1,16,1,0,0,0,0,0,0,0,0,0,0,0,0,0,0,0,118,8,2,2,0,1,0,1,29,2,0,0,2,0,3,0,0,1,13,0,0,0,1,0,0,0,14,1,0,1,3,2,2,0,0,1,1,0,0,0,0,0,0,0,0,0,0,0,0,1,0,0,0,0,0,0,0,0,0,0,18,0,1,0,0,0,0,0,0,1,0,0,0,0,0,0,0,0,0,1,7,0,4,0,0,2,0,0,0,2,0,4,0,1,1,0,1,1,0,1,0,0,0,0,0,1,0,0,1,0,0,0,0,1,1,0,0,0,0,0,0,0,0,0,0,0,0,0,0,0,0,0,0,0,0,0,3,0,0,0,0,2,0,0,2,0,0,0,0,0,0,0,0,0,1,0,0,0,0,0,0,0,0,0,0,0,0,5,0,0,0,0,4,0,0,0,0,0,0,0,0,0,2,4,4,0,6,0,0,1,0,0,48,0,0,0,1,0,0,0,0,0,3,12,5,0,0,1,0,132,0,1,0,28,0,0,1,41,0,0,2,59,0,1,17,5,0,3,0,9,0,12,1,2,1,0,22,0,0,0,0,3,1,0,4,0,1,0,6,0,0,0,0,0,0,0,0,0,0,0,0,0,0,0,0,0,0,0,0,0,0,0,5,94,1,0,0,1,1,7,1,14,18,11,0,0,0,0,0,18,7,3,3,0,0,0,0,0,0,66,0,1,4,1,0,1,1,0,0,3,0,0,0,0,1,0,0,0,0,0,0,0,0,23,0,2,0,1,0,0,0,0,0,0,0,0,5,1,0,6,0,0,4,0,14,0,0,0,0,0,0,2,0,0,3,0
174,1090,ESCOLA ESTADUAL PAULINA PACIFICO BORSARI,"RUA DR. JOAQUIM SILVEIRA DA MOTTA, 484",GUABIROTUBA,-25.46364051,-49.2378046,23,0,2125,1750,85,66,0,0,3,2,21,0,0,1,1,2,0,1,13,3,0,0,0,3,0,0,0,0,1,0,0,0,1,2,1,0,0,5,1,1,0,8,0,0,0,1,3,0,2,0,0,0,0,5,0,2,2,0,0,0,3,1,0,0,0,3,2,12,0,1,0,0,11,0,9,0,1,2,1,0,9,9,0,0,13,0,4,14,2,0,0,1,2,0,13,0,0,0,1,1,0,0,0,0,0,0,0,0,0,0,0,0,0,0,60,0,0,0,0,0,0,0,1,0,0,0,2,0,0,0,0,1,1,0,58,0,0,2,65,2,0,1,3,97,0,0,0,0,0,1,0,0,0,0,2,0,0,0,0,5,0,0,1,0,0,0,0,0,0,2,0,0,1,0,0,8,2,0,0,0,0,1,0,0,1,0,0,1,8,0,0,0,4,0,0,0,0,0,1,0,0,0,0,0,0,1,0,0,0,0,0,0,0,0,0,0,1,0,1,0,0,0,0,0,7,0,0,0,1,0,0,2,0,1,0,0,1,0,0,0,0,1,1,0,1,335,2,0,0,0,0,0,0,2,0,0,1,0,0,0,0,0,0,0,0,1,0,0,0,0,0,0,0,21,0,0,0,0,0,0,0,0,0,0,0,0,0,0,2,2,109,2,0,0,0,0,0,0,14,0,0,0,0,0,0,0,0,1,8,0,0,0,2,0,0,0,12,2,0,1,0,0,0,0,0,0,0,0,0,0,0,0,0,0,0,0,0,0,0,0,0,0,0,0,0,0,0,0,0,0,5,0,0,0,0,0,0,0,0,0,0,0,0,1,0,0,0,0,1,0,4,2,0,1,0,0,2,0,0,0,0,4,0,0,4,0,0,1,0,0,0,0,0,0,0,0,0,0,0,0,0,0,0,0,0,0,0,0,0,0,0,0,0,0,0,1,0,0,0,0,0,0,0,0,0,0,0,1,0,0,0,0,0,0,2,0,0,0,0,0,0,0,0,0,0,0,0,0,0,0,0,0,0,0,0,0,0,3,1,0,0,0,1,0,0,0,0,0,0,0,0,0,1,0,1,0,4,0,0,1,0,1,24,0,2,1,0,0,0,0,0,0,2,4,0,0,0,0,0,112,1,0,1,10,0,0,2,23,0,0,0,46,0,0,5,2,0,2,0,2,0,5,1,2,0,0,20,0,1,0,2,0,0,1,1,2,0,1,1,0,0,0,0,0,0,0,0,1,0,0,0,0,0,0,0,0,0,0,0,0,0,0,5,62,0,1,0,0,0,7,1,7,3,5,0,0,0,0,0,27,1,2,1,0,0,0,1,0,0,30,0,0,1,2,0,0,0,1,0,2,0,0,0,0,2,0,0,0,0,0,0,0,0,10,0,0,0,0,0,0,0,0,0,0,0,0,18,0,0,4,0,0,3,0,7,0,0,0,0,0,0,2,0,0,9,0
174,1104,ESCOLA ESTADUAL  ISOLDA SCHMID,"R ANNE FRANK, 1553",HAUER,-25.48001889,-49.24633477,38,0,4489,3638,242,138,0,0,2,8,41,2,6,0,0,5,0,1,38,0,0,0,0,12,0,0,0,0,6,16,1,3,2,10,0,0,2,14,1,0,0,45,1,3,0,1,28,1,1,0,0,1,0,7,4,4,5,0,0,0,1,1,1,0,0,6,9,47,0,7,0,6,12,1,26,0,0,2,0,0,33,11,3,0,25,0,7,8,4,1,0,3,2,0,41,27,4,3,1,2,0,0,0,0,1,0,2,0,0,0,0,0,1,0,103,17,0,0,0,0,0,0,1,0,1,0,3,2,0,0,0,2,1,1,117,0,0,3,118,5,1,0,4,163,4,0,1,0,0,6,0,1,0,0,0,2,0,0,0,21,0,0,0,0,0,0,0,0,1,2,2,0,0,1,0,2,0,1,0,0,0,1,2,0,3,0,0,5,32,1,1,0,0,1,0,0,0,0,3,0,0,0,0,0,2,1,0,0,0,1,0,0,1,0,0,0,3,0,1,0,2,0,0,0,15,0,0,0,0,0,0,3,0,0,0,0,4,0,0,1,2,1,1,0,0,448,1,0,1,0,1,0,0,5,3,1,3,0,0,0,1,1,1,0,0,1,0,1,0,0,0,0,4,6,0,1,0,0,0,0,0,0,0,0,0,0,1,0,0,3,133,13,1,2,1,0,0,0,37,2,0,5,1,0,1,0,0,0,45,1,0,0,3,0,0,2,15,3,0,0,6,4,5,0,0,0,0,0,1,0,0,0,0,0,2,0,0,0,0,0,0,0,0,0,0,2,0,0,0,0,10,0,0,0,0,0,0,0,0,0,0,0,0,0,0,0,0,0,0,1,3,1,1,0,0,8,0,0,0,1,0,11,0,0,3,0,1,1,0,0,0,0,0,0,1,1,2,1,1,0,0,0,1,0,0,0,0,0,0,0,0,0,1,0,0,0,0,0,0,0,0,0,0,0,3,0,0,0,0,0,0,0,1,0,5,0,0,1,0,1,0,0,2,0,2,0,0,0,0,0,0,0,0,0,0,0,0,10,2,0,1,0,1,0,0,0,0,0,0,0,0,0,3,4,8,1,1,1,0,3,0,0,106,0,0,1,1,0,0,2,0,0,3,9,3,0,0,0,0,188,3,0,0,42,0,0,1,37,1,0,0,150,0,0,17,12,0,2,0,8,0,11,1,0,0,0,32,0,5,1,1,2,0,2,0,0,0,0,9,0,1,0,0,0,1,0,0,0,0,0,0,0,0,0,2,0,0,0,0,1,3,1,7,125,0,0,0,0,3,2,3,7,14,11,0,0,0,0,0,18,11,7,5,0,0,1,0,1,2,94,0,0,5,2,0,0,0,2,1,1,0,1,2,0,3,0,0,0,0,0,0,0,0,73,1,1,0,0,0,0,0,1,1,0,0,2,23,0,0,17,0,4,3,0,21,3,0,0,0,1,0,1,0,0,10,0
174,1112,COLEGIO ESTADUAL PROFESSOR JOSE GUIMARAES,"R PRESIDENTE PADUA FLEURY, 418",HAUER,-25.47561361,-49.24799542,38,0,3181,2622,167,119,0,1,1,6,26,0,2,1,1,1,0,1,20,1,0,0,0,3,0,1,0,2,2,13,0,3,0,3,0,1,0,9,0,0,0,23,1,2,1,2,19,0,0,0,0,0,0,2,1,2,4,0,0,2,5,1,0,0,0,7,2,31,0,7,0,0,8,0,15,0,1,2,0,0,38,20,2,1,17,0,3,5,3,1,0,1,1,0,18,10,3,1,0,1,0,0,0,0,0,0,1,0,0,0,0,0,0,0,75,7,0,1,0,0,0,0,0,0,0,0,0,1,1,0,0,1,0,1,76,0,0,2,50,4,2,1,11,125,0,0,0,0,0,2,0,0,0,0,1,0,0,0,0,16,0,0,2,0,1,1,0,0,0,0,0,0,2,0,0,2,0,1,0,0,0,0,3,0,1,0,0,1,27,0,0,0,0,1,0,0,0,0,2,0,0,0,0,0,0,4,0,0,0,0,1,0,0,0,0,0,0,0,0,0,0,0,0,0,21,0,0,3,1,0,0,1,0,0,0,0,3,0,0,0,0,0,1,0,0,354,0,0,0,0,0,0,0,2,7,0,1,0,0,0,0,0,0,0,0,0,0,0,0,0,0,1,0,12,0,1,0,0,0,0,0,0,0,0,0,0,0,0,0,2,117,7,2,1,0,0,2,6,27,2,0,0,1,0,1,0,0,1,33,0,1,0,2,0,0,1,12,1,0,1,5,1,0,0,0,1,0,0,0,0,0,0,0,0,0,0,0,0,0,0,0,0,0,0,0,0,0,0,0,0,9,0,0,0,0,0,0,0,0,0,0,2,0,0,0,0,0,0,2,2,4,1,1,0,3,1,0,0,0,3,1,1,0,0,2,0,0,0,0,0,0,0,0,0,0,1,0,0,0,0,0,0,0,0,0,0,1,0,0,0,0,0,0,0,0,0,0,0,0,0,1,0,0,0,1,0,0,2,0,0,0,0,1,0,4,1,0,0,0,0,0,0,0,0,0,0,0,0,0,0,0,0,0,0,0,0,0,4,0,0,0,0,0,1,0,0,0,0,0,0,0,0,2,0,6,0,5,2,0,0,0,2,92,0,2,0,1,1,0,1,0,0,4,12,3,0,0,0,1,172,0,0,0,16,0,0,1,39,1,0,0,76,0,1,7,8,0,0,0,11,0,10,0,0,0,0,24,0,1,0,1,1,0,2,0,0,0,0,1,0,0,0,0,0,0,0,0,2,0,0,0,0,0,0,1,0,0,0,0,0,0,0,6,93,0,0,1,0,2,5,2,15,8,3,0,0,0,1,0,5,5,6,2,0,0,1,0,1,2,76,0,0,5,2,0,1,0,0,0,0,0,0,0,0,2,1,0,0,0,0,2,0,0,42,1,0,1,3,0,0,0,0,0,0,0,0,16,0,0,9,0,1,3,0,19,0,0,0,0,0,0,3,0,0,10,0
174,1120,CEI ERICO VERISSIMO,"RUA CAMPINA DA LAGOA, 418",ALTO BOQUEIRAO,-25.53183902,-49.25529178,64,0,4539,3577,322,174,0,1,2,6,50,1,8,0,1,10,1,3,27,1,0,0,0,5,0,0,0,2,0,27,1,3,2,8,1,1,1,16,0,0,0,34,0,0,0,0,53,1,5,0,0,0,0,2,0,2,1,0,0,3,2,0,0,0,1,1,14,32,0,2,1,0,9,0,9,0,0,6,0,0,33,16,0,0,28,1,12,6,12,1,0,0,0,1,30,5,1,1,1,0,0,1,0,0,3,0,1,0,0,0,0,0,1,1,82,2,1,0,0,0,0,0,1,0,0,0,2,4,2,1,0,2,2,3,176,0,0,5,90,3,1,0,17,109,0,1,4,0,3,15,1,0,0,0,1,3,0,0,2,37,0,0,2,0,0,1,0,1,2,0,1,0,1,2,0,1,5,1,2,0,0,1,27,1,0,0,0,4,27,0,0,1,7,2,0,0,0,0,6,1,0,0,0,1,1,2,0,0,1,0,3,1,0,0,0,0,0,0,0,0,0,0,0,0,13,0,0,1,0,0,0,2,0,0,0,2,0,0,0,1,0,0,0,0,0,251,0,2,0,1,0,0,0,1,13,5,1,2,0,0,0,0,0,0,0,0,0,0,0,0,1,0,14,16,1,18,0,0,0,0,0,0,0,0,0,0,0,0,2,2,118,7,0,2,1,4,2,1,63,2,0,0,3,0,1,0,1,5,25,1,0,0,15,2,0,0,21,0,0,5,0,5,0,0,0,0,1,0,0,0,0,0,0,0,0,0,0,0,0,0,0,0,0,0,0,0,0,0,1,0,4,0,0,0,0,0,0,0,0,0,0,12,0,0,1,0,0,0,0,0,2,1,1,0,4,2,1,0,0,1,1,8,0,0,1,1,1,0,0,1,0,0,1,0,2,0,1,0,0,0,0,0,0,3,0,1,0,0,0,0,1,1,0,0,0,1,0,0,0,0,5,0,0,0,0,0,0,1,0,0,0,3,1,0,19,0,0,0,0,0,0,0,0,0,8,0,0,0,0,0,0,0,0,0,0,0,0,12,0,0,0,0,1,0,0,0,1,0,0,0,1,0,0,10,6,0,2,3,0,4,1,3,108,0,3,0,0,5,1,0,0,1,5,3,5,0,0,0,0,162,6,0,1,18,0,0,1,38,1,0,0,159,2,1,27,13,0,0,0,4,0,7,2,0,1,2,48,0,2,3,1,0,1,4,0,0,0,0,4,0,0,0,0,0,1,0,0,0,0,0,0,0,0,0,1,0,0,0,0,1,0,0,8,130,0,1,0,2,4,5,0,19,49,1,0,0,0,0,2,4,12,9,3,0,0,0,0,0,0,102,0,0,1,3,0,0,0,2,0,1,2,0,0,0,0,0,0,0,0,0,0,0,1,38,0,0,0,1,0,0,0,0,1,0,0,1,11,0,0,19,0,0,3,1,37,0,0,0,0,4,0,3,0,0,4,0
174,1139,ESCOLA MUNICIPAL PROFESSOR FRANCISCO HUBERT,"RUA FRANCISCO DEROSSO, 5249",ALTO BOQUEIRAO,-25.5295587,-49.2461667,64,0,5849,4632,350,202,0,1,2,17,53,0,1,2,2,8,1,0,46,1,0,0,0,10,0,0,1,2,1,22,1,2,0,9,1,3,2,13,4,2,0,65,0,1,0,2,46,0,2,0,2,0,0,2,0,1,4,0,0,0,5,0,0,0,2,8,16,73,0,4,0,3,20,0,28,3,0,2,0,0,51,25,7,0,19,4,10,6,6,1,0,1,1,1,54,6,6,1,1,0,0,0,0,0,3,0,1,0,0,0,1,0,1,0,133,1,0,6,0,0,0,0,2,0,0,0,1,5,0,1,1,9,2,7,191,0,0,4,135,2,1,0,17,203,1,0,0,0,1,22,0,0,0,0,4,3,0,0,5,65,0,0,1,0,0,0,0,0,1,0,0,0,1,1,0,1,0,1,0,0,0,0,6,0,0,0,1,1,40,0,0,0,0,0,0,0,0,0,3,1,0,1,0,0,0,6,0,1,0,3,1,0,5,0,0,2,1,0,0,0,0,1,0,0,27,0,0,0,0,0,0,5,0,1,2,1,1,0,1,0,0,1,2,0,0,458,0,1,0,0,1,0,0,0,9,1,1,0,0,0,0,0,3,0,0,0,0,0,0,0,0,0,0,21,3,5,0,0,0,0,0,2,0,0,0,0,0,0,4,3,154,10,4,0,1,3,1,3,37,1,0,2,4,2,4,0,3,2,36,0,1,2,8,1,0,1,12,0,0,0,4,3,0,0,0,0,0,0,0,0,0,0,0,0,0,0,0,1,0,0,0,0,1,0,0,0,0,0,0,0,7,0,0,0,0,0,0,0,0,0,0,9,0,0,0,0,0,0,0,0,2,2,2,4,4,1,4,1,0,0,0,4,0,1,0,3,0,0,0,0,0,0,0,0,0,0,1,0,0,0,0,0,0,0,0,1,0,0,0,0,0,1,0,0,0,1,1,0,0,0,0,0,0,0,1,0,0,2,0,0,0,1,0,0,10,1,2,0,0,0,0,0,0,0,4,0,1,0,0,0,0,0,0,0,0,0,0,12,0,0,0,0,0,0,0,0,0,0,1,0,0,0,5,4,3,1,5,1,1,8,0,1,134,1,0,1,0,2,1,2,0,3,1,13,9,0,0,0,1,257,5,1,0,28,0,0,5,49,1,0,0,175,1,0,17,21,0,1,1,11,0,8,1,0,0,0,67,1,8,1,1,0,1,1,3,0,0,0,4,0,0,0,0,1,0,0,0,0,0,0,0,0,0,0,4,0,0,0,0,0,1,3,11,194,0,1,0,0,6,9,1,27,25,2,1,1,0,0,1,8,13,6,1,0,0,0,0,0,5,155,0,0,0,4,0,1,0,3,0,0,0,0,0,0,1,0,0,0,0,0,2,0,0,71,3,5,0,1,0,0,0,0,0,0,0,1,31,0,0,21,0,1,6,1,29,0,0,1,0,3,0,7,0,0,5,0
174,1147,CEI MAESTRO BENTO MOSSURUNGA,"RUA CAPITAO ROBERTO LOPES QUINTAS, 198",ALTO BOQUEIRAO,-25.5373066,-49.2383558,64,0,1951,1576,147,61,0,0,2,8,22,4,1,0,0,3,0,1,10,1,0,0,0,3,1,1,0,1,1,10,1,1,0,4,0,0,0,7,0,0,0,25,0,0,0,0,24,0,0,0,0,1,0,1,0,0,2,0,0,0,0,0,1,0,0,0,10,12,0,2,1,0,6,0,4,0,1,4,1,0,31,4,0,0,8,0,2,3,4,0,0,0,0,0,16,5,0,2,0,0,0,0,0,0,0,0,0,0,0,0,0,0,0,1,34,0,0,0,0,2,0,0,1,0,0,0,0,1,3,0,0,3,0,3,72,0,0,1,47,2,0,0,12,45,0,0,0,0,0,8,1,0,0,0,1,0,0,0,0,16,1,0,0,0,0,0,0,0,0,0,0,0,0,1,0,0,0,1,1,0,0,0,15,0,0,0,1,2,5,0,0,0,0,0,0,0,0,0,2,0,0,0,0,0,1,6,0,0,0,1,0,0,0,0,0,0,1,0,0,0,3,0,0,0,6,0,0,0,0,0,1,1,0,1,2,0,0,0,0,0,0,3,0,0,0,99,1,0,0,0,0,1,1,0,9,3,0,2,0,0,1,1,0,0,0,0,0,0,0,0,0,0,0,8,1,2,0,0,0,0,0,1,0,0,0,0,0,0,0,1,50,0,0,0,0,0,1,0,13,1,0,0,0,1,1,0,1,0,18,2,0,0,2,0,0,0,1,0,0,2,1,1,0,0,4,0,1,0,0,0,0,0,0,0,0,0,0,0,0,0,1,0,0,1,0,0,0,0,0,0,1,0,0,0,0,0,0,0,0,0,0,1,0,0,0,0,0,0,0,2,1,0,0,0,2,0,0,0,0,0,0,0,0,0,2,0,2,0,0,0,0,0,2,0,0,0,0,0,1,0,0,0,0,0,0,1,0,0,0,0,0,0,0,0,0,0,0,0,0,0,0,0,0,0,0,0,0,0,0,0,0,0,0,0,0,0,0,1,0,0,0,0,0,0,5,0,0,0,0,0,0,0,0,0,0,0,0,2,0,0,0,0,1,0,0,0,0,0,0,0,0,1,1,8,4,0,0,2,0,0,0,0,45,0,1,0,0,0,1,0,0,0,2,0,1,0,0,0,1,76,5,0,0,11,0,0,1,20,3,0,0,40,0,0,16,8,0,0,0,3,0,12,0,0,0,0,22,0,1,0,1,0,0,0,0,3,0,0,2,0,0,0,0,0,0,0,0,0,0,0,0,0,0,0,1,0,0,0,0,0,0,0,0,38,0,1,0,0,0,2,0,60,13,0,0,0,0,0,0,0,4,3,1,0,0,0,0,0,0,65,0,1,0,3,0,0,0,3,0,0,0,0,0,0,0,0,0,1,1,0,3,0,0,29,0,0,0,1,0,0,0,0,1,0,0,0,10,0,0,9,0,0,0,0,7,0,0,0,0,0,0,1,0,0,2,0
174,1155,ESCOLA ESTADUAL LUCIA BASTOS,"RUA CAPITAO AMERICO WALGER, 12",ALTO BOQUEIRAO,-25.5357616,-49.2392688,64,0,4105,3237,283,172,0,0,3,9,43,0,4,1,0,8,2,0,40,1,0,1,0,5,1,2,0,3,4,18,4,0,0,10,1,0,1,12,2,0,0,32,0,0,0,0,25,0,0,0,0,0,0,4,1,1,2,0,0,0,6,0,0,0,1,0,15,46,1,5,0,5,16,1,11,0,0,0,0,0,49,10,0,1,26,1,3,8,7,0,0,0,0,0,16,14,10,6,0,1,0,0,0,0,1,0,3,0,1,0,2,0,1,0,77,2,1,0,0,0,0,0,0,0,0,0,2,2,1,0,1,5,0,3,172,0,0,5,95,3,1,0,14,79,2,0,0,1,1,22,0,0,0,0,0,0,0,0,0,27,0,0,0,0,0,0,0,4,0,0,0,0,0,2,0,1,3,0,3,0,0,0,16,0,0,0,1,3,17,0,0,0,0,0,0,0,0,0,0,0,0,1,0,0,8,5,0,0,0,1,0,0,1,2,0,1,0,1,0,1,0,0,0,0,15,0,0,4,0,0,0,9,0,0,0,3,0,0,0,0,0,0,3,0,0,235,0,0,0,1,0,0,0,0,11,3,1,1,0,0,0,0,1,0,0,0,0,0,0,0,0,0,4,7,1,7,0,0,0,0,0,0,0,0,0,0,0,0,0,1,76,9,3,3,2,4,0,0,31,0,0,0,5,1,6,0,0,4,32,1,0,0,0,0,1,0,2,0,0,4,2,5,0,0,1,0,0,0,0,0,0,0,0,0,0,0,0,0,0,0,0,0,0,0,0,0,0,0,0,0,5,0,0,0,0,0,0,0,1,0,0,0,0,0,0,0,0,0,0,0,3,0,2,0,4,0,0,3,0,0,0,7,0,1,0,0,0,0,0,0,0,0,0,0,1,0,0,0,0,0,0,0,0,0,0,0,0,0,0,0,0,1,0,0,0,1,0,0,1,0,2,0,0,0,0,0,0,1,0,0,0,4,1,0,6,3,1,0,0,0,0,0,1,1,7,0,0,0,0,0,0,0,0,0,0,0,0,3,0,0,0,0,0,0,0,0,0,0,0,0,0,0,1,11,3,0,1,2,0,4,0,0,98,1,0,0,0,7,0,0,0,2,3,3,4,0,0,0,1,131,10,1,0,30,0,0,2,31,0,0,0,103,0,1,15,9,0,0,0,10,0,6,1,1,0,0,52,2,2,1,2,2,0,1,5,0,0,0,2,1,0,1,0,0,0,0,0,1,0,0,0,0,0,0,2,0,0,0,0,1,0,0,12,97,0,0,1,1,5,12,0,97,25,2,1,0,1,1,3,3,8,14,2,0,0,0,0,0,5,111,1,0,2,1,0,0,1,4,0,0,0,0,0,0,3,0,0,0,0,0,0,0,0,50,0,1,0,0,0,0,0,1,1,0,0,0,26,0,0,17,0,0,7,0,25,0,0,0,0,2,0,5,0,0,14,0
174,1163,COLEGIO ESTADUAL ROBERTO LANGER JUNIOR,"RUA ALBINO FREDERICO FOERSTER, 04",ALTO BOQUEIRAO,-25.5297172,-49.2410386,64,0,5647,4546,400,235,0,1,3,7,46,1,2,0,1,2,1,1,56,2,0,0,0,4,0,1,0,2,3,14,4,4,0,9,0,0,3,24,0,0,0,51,0,0,0,0,34,2,4,0,0,0,0,5,0,1,2,1,0,0,5,0,0,0,0,6,13,48,0,10,0,3,9,1,19,0,1,1,0,2,46,39,5,0,36,0,8,10,16,0,2,1,0,1,41,9,7,4,0,0,0,2,0,0,0,0,2,0,0,0,1,0,1,0,93,0,0,1,0,0,0,0,0,0,0,0,1,4,0,0,1,7,3,5,159,2,3,8,140,7,0,0,9,167,0,0,1,0,2,14,4,0,0,1,1,0,0,0,8,62,0,0,5,2,0,0,0,2,0,0,0,0,3,0,1,0,0,0,0,0,0,1,14,0,1,4,0,8,42,0,0,0,0,1,0,0,0,0,3,1,0,0,0,1,7,6,0,0,0,1,2,0,1,0,0,1,1,0,0,0,0,0,0,0,27,0,0,6,0,0,3,12,0,2,2,0,0,0,0,1,0,0,3,0,0,376,3,0,0,0,0,1,0,0,11,5,1,0,0,0,1,0,1,0,0,3,0,0,0,0,0,0,6,8,0,5,0,0,0,0,0,1,0,0,0,0,0,0,3,4,128,9,3,0,2,1,1,1,46,3,1,0,4,0,1,0,0,4,53,0,0,0,11,1,0,0,16,1,0,3,0,4,0,1,0,0,2,0,0,0,0,0,2,0,0,0,0,0,0,0,0,0,0,1,0,0,0,0,0,0,5,0,0,0,0,0,0,0,4,2,0,9,0,0,1,0,0,0,0,1,2,3,1,0,2,0,0,0,0,1,0,5,0,1,1,0,0,0,0,1,2,2,1,0,0,0,1,0,0,0,0,0,0,0,0,1,0,0,0,2,0,0,0,0,1,2,1,0,0,0,2,0,0,0,0,0,0,0,0,0,0,1,0,0,10,0,0,0,0,0,0,0,0,0,4,0,0,0,0,0,0,0,0,0,0,0,0,11,0,0,0,0,0,0,0,0,0,0,0,0,0,0,1,6,9,1,1,0,0,5,2,1,127,0,4,0,1,9,0,0,0,8,5,9,5,0,0,0,1,288,7,0,0,21,0,0,3,29,2,0,0,198,0,1,42,12,0,0,0,16,0,6,0,1,0,0,55,2,5,1,0,0,1,0,5,0,0,0,11,0,0,2,0,0,3,0,0,1,0,0,0,0,0,0,1,0,0,0,1,0,0,0,14,131,0,1,0,0,8,17,0,27,33,1,0,0,0,0,1,4,15,16,2,0,0,0,0,1,2,186,0,0,4,7,1,1,0,6,0,2,0,0,0,0,4,0,1,0,2,0,0,1,0,59,0,3,0,0,0,1,1,2,0,0,0,0,31,0,1,46,0,0,5,0,26,3,0,1,0,0,0,3,0,0,17,0
174,1171,COLEGIO ERASTO GAERTNER,RUA PASTOR DAVID KOOP 189,BOQUEIRAO,-25.50825662,-49.2522369,56,0,4796,4030,155,101,0,3,2,4,40,3,2,1,1,2,1,2,43,1,1,0,0,12,0,1,1,1,0,16,0,6,2,5,0,2,0,7,0,0,0,24,0,0,0,3,16,0,0,0,0,0,0,10,0,3,9,0,0,0,2,0,0,0,2,5,5,36,0,4,0,2,17,1,10,0,0,2,0,0,43,41,6,1,19,0,4,14,4,0,5,1,0,0,25,3,2,6,0,0,1,0,0,0,0,0,4,0,1,0,1,0,0,1,78,0,0,0,0,0,1,0,0,0,0,0,1,0,0,0,1,6,0,0,104,0,1,7,123,4,0,2,10,184,3,1,1,0,0,0,0,0,0,0,0,3,0,0,3,94,0,0,1,0,0,0,0,1,0,0,1,0,2,1,0,0,0,0,0,0,0,0,7,0,3,0,1,2,57,1,0,0,0,0,0,0,2,0,0,1,0,0,0,0,1,1,0,0,0,0,0,0,1,0,0,0,2,0,1,1,0,0,0,0,14,0,0,1,0,0,0,1,0,3,0,1,0,0,1,0,0,1,3,0,0,847,2,0,0,0,0,0,1,2,3,1,0,0,0,0,0,1,4,0,0,0,0,0,0,0,0,0,2,11,0,2,0,0,0,0,0,1,0,1,0,0,0,0,6,5,243,10,1,1,3,2,0,4,36,3,0,3,2,0,0,0,0,2,32,0,0,0,3,0,2,0,16,3,0,0,2,0,0,1,0,2,1,0,0,2,0,0,0,0,0,0,0,0,0,0,0,0,0,0,0,0,0,0,0,0,7,0,0,0,0,0,0,0,1,0,0,0,0,0,0,0,0,0,1,0,15,6,9,0,8,4,0,0,0,1,2,26,0,0,3,2,0,0,0,0,0,0,0,2,1,0,0,0,0,0,0,0,0,0,0,6,0,0,0,0,0,0,0,0,0,0,0,0,0,0,0,0,0,0,1,0,0,4,0,0,0,1,2,0,3,1,3,1,0,0,0,0,0,0,0,0,0,0,0,0,0,1,0,0,0,0,0,6,0,0,0,0,0,0,0,0,0,0,0,0,0,0,1,2,7,0,6,1,0,5,0,1,55,0,4,0,2,0,0,1,0,0,1,10,7,0,0,0,0,187,1,0,0,23,0,0,7,98,2,0,0,131,2,6,22,12,0,0,0,4,0,15,0,2,0,0,24,0,1,1,2,1,0,2,3,1,0,1,6,0,0,0,0,0,0,0,0,0,0,0,0,0,0,0,5,0,0,0,0,0,1,0,6,113,0,0,0,0,1,1,2,47,15,4,0,0,0,0,0,13,11,1,5,0,0,1,0,1,3,98,0,1,6,8,0,0,0,2,0,1,0,0,0,0,4,1,0,0,0,0,0,0,0,42,0,0,0,1,0,0,0,1,0,0,1,2,19,0,0,20,0,0,5,0,42,0,0,0,0,1,3,8,0,1,9,0
174,1180,ESCOLA ESTADUAL EUZEBIO DA MOTTA,"RUA CLARA TEDESCO,  2773",BOQUEIRAO,-25.50352479,-49.25317914,56,0,4562,3750,251,149,0,2,3,6,35,0,2,0,0,4,0,3,30,4,0,0,0,5,2,0,0,1,4,15,4,6,0,13,0,0,2,5,2,0,0,52,0,1,0,1,12,0,1,0,0,0,0,3,0,0,9,0,0,0,14,0,0,0,0,6,10,51,0,6,0,2,24,0,22,0,1,1,0,2,53,18,1,0,28,4,2,16,4,0,3,2,8,1,28,6,0,1,1,0,0,1,3,0,1,0,4,0,2,0,0,0,0,0,109,3,0,0,0,0,0,0,1,0,0,0,0,2,0,0,0,5,0,3,114,0,1,6,129,4,3,0,6,160,0,0,0,1,1,4,12,0,0,0,1,3,0,0,0,23,0,0,0,0,0,0,0,1,0,0,1,0,0,0,0,8,0,1,0,0,0,2,3,0,0,0,0,3,29,0,0,0,0,1,0,0,0,0,0,0,0,0,0,0,0,2,0,0,0,0,0,0,0,0,0,1,0,0,0,1,0,0,0,0,13,0,0,2,1,0,0,4,0,7,0,0,0,0,1,1,1,0,0,0,0,483,1,3,1,0,0,0,0,0,4,3,2,1,0,3,2,2,0,0,0,0,0,0,0,0,0,0,7,7,1,0,0,0,0,0,0,0,0,0,0,0,0,0,1,5,179,5,3,0,1,3,3,0,22,3,0,0,2,1,5,0,2,2,42,0,0,0,3,1,0,1,14,1,0,0,7,0,0,0,0,1,0,0,0,0,0,0,0,0,0,0,0,0,0,0,1,0,0,0,0,0,0,0,0,0,3,0,1,0,0,0,0,0,0,0,0,2,0,0,0,0,0,0,0,1,9,3,5,1,4,0,2,2,0,0,0,5,1,1,3,0,0,0,0,0,0,0,0,0,3,0,1,0,0,0,0,0,0,0,0,0,0,0,0,0,0,0,0,0,0,1,0,0,0,0,0,0,0,0,1,0,0,1,0,0,0,2,0,0,4,3,1,0,0,0,1,0,1,0,1,0,0,0,0,0,0,0,0,0,0,0,0,5,0,0,0,0,2,0,0,0,0,0,1,0,1,1,3,3,6,0,2,1,0,1,0,2,59,0,1,0,0,3,0,1,0,0,0,5,4,0,0,0,0,254,5,0,0,16,0,1,8,52,3,0,0,110,1,7,17,12,0,2,1,5,1,5,1,0,0,0,35,0,2,0,0,1,0,3,2,0,0,0,4,0,0,2,0,0,1,0,0,0,1,0,2,0,0,0,0,0,0,0,0,0,0,0,8,148,0,1,0,0,2,0,0,15,23,5,0,0,2,2,0,5,8,3,1,0,0,0,1,1,17,169,0,0,1,8,0,0,0,3,0,0,0,0,0,0,3,0,0,0,0,0,0,0,1,53,0,1,0,2,0,0,0,0,0,0,0,0,26,1,0,19,0,3,10,0,20,0,0,0,0,0,0,0,0,2,13,0
174,1198,COLEGIO ADVENTISTA DO BOQUEIRAO,"RUA PROF CLETO DA SILVA, 2260",BOQUEIRAO,-25.48858184,-49.24568631,56,0,4450,3571,205,119,0,1,1,4,39,1,2,0,0,0,0,2,21,1,0,0,1,17,1,1,0,0,2,8,1,2,0,11,0,0,0,7,1,0,0,31,0,0,3,0,10,1,0,0,0,0,0,4,2,8,8,0,0,0,6,1,0,1,0,8,4,37,0,3,0,0,16,0,21,0,0,1,0,0,28,11,1,0,14,0,6,12,6,0,0,2,4,0,26,8,1,3,0,0,0,0,0,1,1,0,3,1,0,0,0,0,0,0,107,1,0,0,0,0,1,1,1,0,0,0,1,2,1,0,0,2,0,3,112,0,0,8,98,1,0,2,4,179,1,1,0,0,0,3,1,1,0,2,1,0,0,0,0,32,0,0,4,1,1,1,0,1,0,0,0,0,3,0,0,4,0,2,0,0,0,1,4,0,2,1,0,1,50,0,0,0,0,0,0,0,0,0,2,3,1,0,0,0,0,2,0,1,0,0,0,0,0,0,0,0,1,0,0,0,0,0,1,0,18,0,0,0,0,0,0,6,0,13,3,0,1,0,0,0,0,1,0,0,1,621,0,0,2,0,0,1,0,2,3,3,3,1,0,1,1,0,1,0,0,1,0,2,0,0,0,1,2,13,2,1,0,0,0,0,0,0,1,0,0,0,0,0,2,4,190,7,1,0,0,0,0,3,33,2,0,0,4,0,0,0,2,0,33,1,0,0,6,0,0,0,12,2,0,3,3,4,2,0,0,1,0,0,0,1,0,0,0,0,0,1,0,0,0,0,0,0,0,0,0,0,0,0,0,0,12,0,0,0,0,0,0,0,0,0,0,0,0,0,0,0,0,0,1,0,6,2,5,0,2,2,2,0,0,0,0,21,0,1,0,1,0,0,0,1,0,0,0,0,1,0,1,0,0,0,0,0,0,0,0,1,0,0,0,0,0,0,0,0,0,0,0,0,0,0,0,0,0,0,0,1,0,1,0,0,0,1,0,0,4,3,0,0,0,0,0,0,0,0,0,0,0,0,1,0,0,0,0,0,0,0,0,6,0,0,0,0,1,0,0,0,0,0,0,0,0,0,4,2,8,0,1,0,0,2,0,0,65,0,3,1,1,4,1,0,0,0,4,6,5,0,1,0,1,183,6,0,5,28,0,0,6,55,0,1,0,106,1,1,12,30,0,0,0,13,0,6,1,0,0,0,24,0,5,1,0,0,1,4,3,3,0,0,2,0,0,2,0,0,0,0,0,0,0,0,0,0,0,0,0,0,0,0,0,0,0,1,7,139,0,2,0,0,8,6,0,15,10,2,0,0,0,0,0,10,10,4,0,0,0,0,2,0,0,92,0,1,3,6,0,0,2,0,0,0,1,0,0,0,4,1,0,0,0,1,1,2,0,37,2,1,1,1,0,0,0,0,0,0,0,0,24,0,0,21,0,2,3,0,23,0,0,1,0,2,0,2,0,9,11,0
174,1201,ESCOLA MUNICIPAL LEONOR CASTELLANO,"RUA MAESTRO CARLOS FRANK, 2114",BOQUEIRAO,-25.52077021,-49.23829486,56,0,3969,3279,198,149,0,1,3,5,26,0,2,0,1,7,1,0,25,4,0,1,0,5,0,2,0,0,2,21,1,1,0,4,0,1,2,16,2,0,0,29,0,1,0,0,14,1,1,0,3,0,0,2,0,2,9,0,0,0,4,0,0,3,0,0,1,39,1,5,0,6,6,0,21,0,0,3,0,0,22,11,0,0,17,0,6,12,7,2,0,0,4,0,23,14,12,2,0,0,0,1,0,1,0,0,0,0,0,0,2,0,0,0,92,1,0,1,0,0,1,0,1,0,0,0,1,0,2,0,1,1,0,1,95,0,0,6,111,3,1,0,3,179,2,0,0,0,0,4,0,0,0,0,3,0,0,0,0,43,0,0,3,0,1,0,0,1,0,1,0,0,2,0,0,0,3,0,1,0,0,0,12,0,0,0,0,4,45,1,0,0,1,0,0,0,0,0,1,0,0,0,0,1,1,5,0,0,0,3,1,0,1,0,0,0,0,0,0,0,0,0,0,0,15,0,0,5,0,0,1,7,0,1,1,0,0,0,0,0,2,2,3,0,0,477,3,0,0,1,0,0,0,2,2,0,2,1,0,0,2,0,4,0,0,0,0,0,0,0,0,0,2,18,0,1,0,0,0,0,0,1,0,0,0,0,0,0,2,4,143,4,0,0,0,0,1,1,28,0,1,6,2,0,0,1,1,0,19,0,0,0,1,1,0,0,11,2,0,4,2,2,0,0,0,3,0,0,0,1,0,0,0,0,0,0,0,0,0,0,0,0,0,0,0,0,0,0,0,0,14,0,0,0,0,0,0,0,0,1,0,0,0,0,1,3,0,0,0,0,4,2,2,1,1,2,0,0,0,0,0,16,0,0,2,1,0,0,0,1,0,0,0,0,1,0,0,0,0,0,0,0,0,1,0,0,0,0,0,0,0,0,0,0,1,0,0,0,0,2,0,0,0,0,2,0,1,2,0,0,0,3,1,0,5,0,1,0,0,0,0,0,0,0,0,0,0,0,0,0,0,0,0,0,0,0,0,5,0,0,0,0,0,0,0,0,0,0,0,0,0,0,0,6,4,0,7,3,0,3,0,0,96,1,0,1,1,4,1,0,2,3,1,8,2,0,0,0,0,162,2,0,0,11,0,0,3,35,3,1,0,120,0,1,21,6,0,0,0,13,1,4,0,2,0,0,20,0,1,2,0,2,0,2,3,1,0,0,1,0,0,0,0,0,0,0,0,0,0,0,0,0,0,0,1,0,0,0,0,0,0,0,3,135,0,2,0,2,10,5,2,11,14,5,0,0,0,3,0,12,11,2,3,0,0,0,0,0,0,67,0,0,4,5,0,0,0,3,0,0,0,0,0,0,2,0,0,0,0,0,3,1,0,35,0,2,0,2,0,0,0,0,0,0,0,1,29,0,0,11,0,0,5,0,32,0,0,0,0,2,0,2,0,5,11,0
174,1210,ESCOLA MUNICIPAL NIVALDO BRAGA,"RUA PROF JOAO SOARES BARCELOS,  3400",BOQUEIRAO,-25.50255976,-49.24400182,56,0,3345,2827,122,100,0,0,0,6,24,3,1,1,0,4,1,1,29,0,1,0,0,4,0,0,0,1,6,10,2,2,0,3,0,1,0,15,2,0,0,17,0,0,0,2,26,0,1,0,0,0,0,4,1,3,12,0,0,0,5,0,0,0,1,1,7,17,0,9,0,0,11,0,16,0,1,1,0,1,32,13,0,0,16,0,4,8,6,0,0,3,4,0,23,12,3,2,1,0,0,0,2,0,0,0,3,1,0,0,0,1,0,0,91,0,1,0,0,0,0,0,1,0,0,0,4,0,2,0,2,2,1,0,88,0,2,1,103,0,0,0,9,113,0,0,0,1,0,0,0,0,0,0,0,1,0,0,0,22,0,0,1,0,0,0,0,0,0,0,1,0,0,2,0,1,1,0,0,0,0,0,8,0,1,0,1,7,42,0,0,0,0,0,0,0,0,0,0,0,0,0,0,0,2,4,0,0,2,1,1,1,0,0,0,0,1,0,0,0,0,1,1,0,17,0,0,1,0,0,0,0,0,1,1,0,0,0,0,0,0,0,1,0,0,487,2,1,0,0,0,0,0,3,5,0,2,0,0,0,0,0,1,3,0,0,0,0,0,0,0,0,3,7,1,1,0,0,1,0,0,0,0,0,0,0,0,0,1,2,151,7,3,0,0,0,1,0,40,0,0,1,0,1,0,0,1,0,37,0,0,0,2,0,0,0,11,2,0,1,2,3,0,0,0,1,0,0,0,0,0,0,0,0,2,0,0,0,0,0,0,0,0,0,0,0,0,0,0,0,16,0,0,0,0,0,0,0,0,0,0,1,0,0,0,0,0,0,1,1,0,4,5,1,2,4,0,1,0,0,1,16,0,0,1,4,3,0,0,1,0,0,0,0,1,0,1,0,0,0,0,0,0,0,0,0,0,0,0,0,0,0,0,0,0,0,0,0,0,0,0,0,0,0,0,0,1,0,0,0,0,2,1,0,1,1,0,0,0,0,0,0,2,0,3,0,0,0,0,0,0,0,0,0,0,0,0,2,1,0,1,0,1,0,0,0,0,0,0,0,0,0,0,1,1,0,3,0,0,0,0,1,44,0,2,1,2,1,1,0,0,0,1,14,4,1,0,1,1,136,6,0,0,17,0,0,2,37,2,0,0,92,0,2,7,12,0,0,0,5,0,4,1,0,1,0,29,0,5,0,0,0,0,3,3,0,0,0,4,0,0,0,0,0,2,0,0,4,0,0,0,0,0,0,1,0,0,0,0,0,1,0,2,97,0,0,0,0,3,2,0,15,7,0,3,0,0,1,0,10,10,4,5,0,0,0,0,0,2,67,0,0,3,5,0,0,0,5,0,0,0,0,0,0,5,0,0,0,0,0,0,0,0,34,4,1,1,0,0,0,0,0,1,0,0,0,14,0,0,7,0,1,3,0,30,0,0,0,0,0,1,2,0,3,5,0
174,1228,ESCOLA ESTADUAL POLIVALENTE DE CURITIBA,RUA SALVADOR DE FERRANTE  1664,BOQUEIRAO,-25.49837793,-49.24227928,56,0,3427,2810,157,110,0,0,2,6,35,0,1,0,1,1,0,2,35,0,1,0,0,10,1,0,0,3,1,5,0,4,0,4,0,2,1,10,1,0,0,19,0,0,2,0,10,1,2,0,0,0,0,0,0,0,1,0,0,0,1,0,0,0,1,8,3,44,0,7,0,0,13,0,6,0,0,0,0,0,34,20,1,0,12,0,2,10,1,0,0,3,2,0,21,9,2,4,0,0,0,0,0,0,0,0,0,0,0,0,0,0,0,0,76,2,0,0,0,0,0,0,0,0,0,0,0,2,0,0,1,3,1,0,84,0,1,4,82,3,0,1,11,138,1,0,0,0,0,1,0,1,0,0,1,3,0,0,0,29,0,0,2,0,0,1,0,1,0,0,0,0,0,0,0,1,3,0,0,1,0,0,3,0,2,0,0,5,24,0,0,0,1,1,0,0,0,0,0,1,0,0,0,1,0,2,0,0,0,0,0,0,2,0,0,2,0,0,1,0,0,0,1,0,12,0,0,0,0,0,0,5,0,1,1,3,0,0,1,1,1,1,0,0,0,403,0,0,0,0,0,1,1,1,0,0,3,0,0,2,0,0,2,0,0,0,0,1,0,0,0,0,2,5,1,2,0,0,0,0,0,0,0,0,0,0,0,0,2,2,139,7,0,1,0,0,2,0,19,2,3,0,1,1,1,0,1,0,25,0,0,0,1,0,0,0,16,0,0,2,5,4,1,0,0,0,0,0,0,0,0,0,0,0,0,0,0,1,0,0,0,0,0,0,0,0,0,0,0,1,8,0,0,0,0,0,0,0,0,0,0,0,0,0,0,0,0,0,0,0,8,3,4,1,4,1,0,0,0,1,3,5,0,0,1,0,0,0,1,0,0,1,0,0,1,1,1,0,0,0,0,0,0,1,2,0,0,0,0,0,0,0,0,1,0,0,0,0,0,0,0,0,0,0,2,0,1,2,0,0,0,1,1,0,0,2,0,0,0,0,0,0,1,0,0,0,0,0,0,0,0,0,0,0,0,0,0,4,0,0,0,0,2,0,0,0,0,0,0,0,0,0,0,0,4,0,5,0,0,1,0,2,63,0,2,1,0,1,0,0,0,1,5,7,6,0,0,0,0,192,1,0,1,11,0,0,9,36,2,0,0,82,0,2,23,10,0,1,0,15,0,12,1,0,0,0,27,0,0,0,0,0,1,1,8,0,0,0,3,0,0,0,0,0,0,0,0,0,0,0,0,0,0,0,2,0,0,0,0,0,0,0,6,90,0,0,0,0,7,6,1,17,13,2,2,0,0,0,0,6,13,3,1,0,0,0,2,0,0,90,0,1,5,3,0,1,0,0,1,0,0,0,0,0,0,0,0,0,0,0,1,0,0,33,0,0,0,2,0,0,0,0,0,0,0,0,22,0,0,19,0,2,3,0,28,0,0,0,0,0,0,0,0,3,6,0
174,1236,ESCOLA MUNICIPAL ROLANDIA,RUA DESEMBARGADOR ANTONIO DE PAULA 3451,BOQUEIRAO,-25.51723371,-49.24944531,56,0,3881,3186,182,135,0,0,2,6,38,1,1,1,1,1,0,1,36,2,0,0,0,10,0,1,0,1,1,15,1,1,0,7,0,0,2,5,5,0,2,22,0,0,1,0,18,1,1,0,2,0,0,4,0,2,1,0,0,0,4,2,0,0,0,6,12,45,0,3,1,14,17,0,16,0,0,6,0,0,41,18,0,0,26,0,4,4,2,3,1,0,1,0,24,9,4,1,3,0,0,0,2,0,1,0,0,0,0,0,0,0,0,1,82,0,1,1,0,0,0,0,0,0,0,0,3,0,0,1,0,5,2,1,106,0,2,4,106,4,1,0,4,130,2,2,0,0,2,1,0,0,0,0,1,12,0,1,1,32,0,0,7,0,0,0,0,2,1,0,0,0,0,0,2,1,0,0,0,0,0,1,12,0,0,0,1,2,37,0,0,0,3,0,0,0,0,0,0,2,0,0,0,0,0,4,0,0,0,1,0,0,0,0,0,0,0,0,1,1,0,0,0,0,12,0,1,0,0,0,0,3,0,1,1,0,0,0,0,0,0,0,1,0,0,415,0,2,0,0,0,0,0,0,1,0,2,1,0,0,1,0,0,0,0,0,0,0,0,0,0,1,2,12,3,1,0,0,0,0,0,0,0,0,0,0,0,0,1,1,145,3,3,4,1,1,0,2,24,3,1,0,0,1,0,0,0,1,41,0,0,1,2,1,0,1,6,4,0,0,3,3,0,1,0,0,0,0,0,0,0,0,0,0,0,0,0,0,0,0,0,0,0,1,0,0,0,0,0,0,4,0,0,0,0,0,0,0,0,0,0,1,0,0,0,0,0,0,0,0,10,2,2,0,0,1,0,0,0,2,0,9,0,0,1,0,0,0,0,0,0,0,0,0,0,0,0,0,0,0,0,1,0,0,0,1,0,0,0,0,0,2,0,0,1,0,0,0,0,0,0,0,0,0,0,0,0,1,0,2,0,0,1,0,7,0,0,0,0,0,0,0,0,0,1,0,0,0,0,0,0,0,0,0,2,0,0,6,0,0,0,0,2,0,1,0,2,0,0,1,1,2,2,6,2,0,1,0,0,1,0,1,79,0,3,0,1,2,0,0,0,3,3,4,5,0,0,0,1,172,4,1,0,19,0,0,4,41,1,0,0,130,0,0,24,8,0,3,0,11,0,16,0,0,0,0,43,0,0,1,0,3,0,0,5,0,2,0,1,0,0,0,0,0,0,0,0,0,0,1,1,0,0,0,1,0,0,0,0,0,0,1,9,100,0,1,0,3,3,2,2,12,26,4,0,0,0,1,1,15,12,2,1,0,0,0,1,0,0,75,0,0,2,7,0,0,0,2,0,2,0,0,0,0,3,0,0,0,0,0,0,1,0,36,0,0,1,0,1,0,1,1,0,0,0,0,20,1,0,17,2,0,3,0,42,0,0,0,0,0,2,1,0,0,14,3
174,1244,CEI PROFESSORA TEREZA MATSUMOTO,"RUA CHANCELER OSWALDO ARANHA, 965",HAUER,-25.49197,-49.26165168,56,0,2500,2088,129,82,0,0,1,7,33,1,1,0,0,4,0,2,12,3,0,0,0,7,0,3,0,0,1,6,2,3,0,0,0,0,1,4,2,0,0,18,0,1,0,0,5,0,2,0,0,0,0,1,1,1,7,0,0,0,7,0,0,1,0,5,8,22,1,3,1,0,10,0,13,0,0,4,0,0,70,3,0,0,8,0,3,7,1,0,0,0,4,0,26,4,0,1,0,0,0,0,0,0,0,0,4,0,2,0,1,0,0,0,64,1,0,0,0,0,0,0,0,0,0,0,0,2,0,0,2,7,0,0,73,0,1,1,54,1,0,2,3,84,1,0,0,0,0,1,0,0,0,0,0,0,0,0,0,20,0,0,0,0,0,0,0,0,0,0,0,0,1,1,0,1,0,0,0,0,0,2,3,0,0,0,0,7,22,0,0,0,1,0,0,0,0,0,1,3,0,0,0,0,0,4,0,0,0,0,5,0,1,0,0,1,1,0,0,0,0,0,0,0,4,0,0,1,0,0,0,0,0,2,0,0,0,0,0,1,2,0,1,0,0,253,0,0,0,0,0,0,1,0,0,0,3,0,0,0,0,2,2,0,0,0,1,0,0,0,0,0,2,7,0,2,0,0,0,0,0,0,0,0,0,0,0,0,0,2,74,11,3,0,0,0,0,0,18,1,0,0,0,2,1,0,1,0,22,1,1,0,0,0,0,0,5,0,0,3,2,0,0,0,0,1,0,0,0,0,0,0,0,0,0,0,0,0,0,0,0,0,0,0,0,0,0,0,0,0,3,0,2,0,0,1,0,0,0,0,0,1,0,0,0,0,0,0,0,0,2,3,1,0,2,0,1,0,0,0,0,2,0,0,0,1,0,0,0,0,2,0,0,0,3,0,1,0,0,0,0,0,0,0,0,0,0,0,2,0,0,0,0,0,0,0,1,0,0,0,0,0,0,0,0,0,0,0,0,0,0,3,0,0,8,1,0,0,0,0,0,0,0,0,1,0,0,0,0,0,0,0,0,0,0,0,0,5,0,0,0,0,0,0,0,0,0,0,0,0,0,0,0,1,4,0,3,0,0,1,0,0,67,1,0,1,0,1,0,0,0,3,1,1,24,0,0,0,0,99,3,0,0,14,0,0,3,22,1,0,0,76,0,7,8,2,0,1,1,3,0,1,2,1,0,0,26,0,0,0,0,5,0,0,1,0,0,0,3,0,0,0,0,0,0,0,0,0,0,0,0,0,0,0,1,0,0,0,0,0,1,0,8,86,0,1,1,0,0,6,0,7,10,1,1,0,0,2,1,3,7,3,0,0,0,0,0,0,6,55,0,0,2,4,0,0,0,1,0,0,3,0,0,0,0,0,0,0,0,0,1,0,0,34,0,1,0,0,0,0,0,0,0,0,0,0,13,0,0,8,0,0,3,1,24,1,0,0,0,1,0,1,0,1,4,0
174,1252,CEEP CENTRO ESTADUAL DE EDUCAÇÃO PROFISSIONAL DE CURITIBA,R FREDERICO MAURER  3015,BOQUEIRAO,-25.49531434,-49.24259471,56,0,3086,2509,175,107,0,0,1,5,35,1,3,0,0,0,0,0,15,1,0,1,0,11,0,0,1,1,5,10,1,6,0,3,1,0,1,18,0,0,0,27,0,0,0,3,14,0,0,0,0,0,0,1,0,2,2,0,0,2,2,0,0,0,1,4,2,29,0,5,0,2,17,0,14,0,0,2,3,0,17,11,2,0,11,0,2,9,3,0,0,0,0,0,13,7,2,2,0,0,0,1,0,0,1,0,1,0,0,0,0,0,0,0,66,1,0,0,0,0,0,0,1,0,0,0,1,3,1,0,0,1,2,0,80,0,2,8,88,3,0,1,5,169,3,0,0,1,3,3,1,0,0,0,0,0,0,0,0,34,0,0,1,1,0,0,0,0,1,0,0,0,0,0,0,0,0,0,0,0,0,1,6,0,3,0,0,4,22,0,0,0,1,1,0,0,0,0,0,0,0,0,0,0,0,5,0,0,0,1,0,0,0,0,0,0,0,0,0,0,0,0,0,0,4,0,0,2,1,0,0,2,0,4,1,1,3,0,2,0,0,1,1,0,0,344,1,0,1,0,1,1,0,0,1,0,0,0,1,0,0,0,1,0,0,1,0,0,0,0,0,0,2,4,0,0,0,0,0,0,0,0,0,0,0,0,0,0,3,8,119,5,0,1,1,0,0,2,14,0,0,0,2,1,0,0,0,0,21,1,0,0,1,0,0,3,10,0,0,2,1,0,0,0,0,1,1,0,0,0,0,0,0,0,0,0,0,0,0,0,0,0,0,0,0,0,0,0,0,0,13,0,0,0,0,0,0,0,0,0,0,0,0,0,0,0,0,0,1,1,3,4,3,0,5,2,0,0,0,0,1,10,0,0,0,1,0,0,0,1,0,0,0,0,2,0,1,0,0,0,0,0,0,0,0,0,0,0,0,1,0,0,0,0,0,0,0,0,0,0,0,0,0,0,1,0,0,0,0,0,0,1,0,0,0,4,2,0,0,0,0,0,2,0,0,0,0,0,0,0,0,0,0,0,0,0,0,4,1,0,0,0,1,0,0,0,0,0,0,0,1,0,1,2,4,2,2,0,0,2,0,2,34,1,2,1,1,0,0,0,0,0,1,4,1,0,0,0,0,130,1,0,0,15,0,0,1,45,2,0,0,65,0,2,11,11,0,0,0,5,0,8,0,0,0,0,13,0,4,0,1,1,0,4,4,0,0,0,7,0,1,1,0,0,0,0,1,0,0,0,0,0,0,0,0,0,0,0,0,0,0,0,3,95,0,0,0,1,2,6,0,7,12,2,2,0,0,1,1,5,5,1,1,0,0,0,3,0,2,65,0,0,13,8,0,0,0,0,0,0,0,0,0,0,1,0,0,0,0,0,0,0,0,27,1,0,0,1,0,0,0,0,0,0,0,2,18,0,0,17,0,0,2,0,18,0,0,0,0,1,0,2,0,4,4,0
174,1260,ESCOLA MUNICIPAL PROF CARMEN SALOMAO TEIXEIRA,RUA PEDRINA ACCORDES COSTA  200,GANCHINHO,-25.57234339,-49.25933741,72,0,1582,1139,121,71,0,1,1,2,14,0,2,0,0,1,0,0,8,2,0,0,0,1,0,1,0,0,0,4,1,0,0,3,0,1,0,8,0,0,0,11,0,0,0,0,11,0,0,0,0,1,0,2,0,0,2,0,0,0,2,0,0,0,0,0,1,49,0,1,0,0,1,0,4,0,0,1,0,0,12,3,0,0,15,0,6,6,2,0,0,0,2,0,3,0,0,0,0,0,0,0,0,0,0,1,0,0,1,0,0,0,0,0,33,0,0,0,0,0,0,0,2,0,0,0,0,1,0,1,0,2,0,6,50,0,1,3,23,3,0,0,7,30,0,0,0,0,1,0,0,0,0,0,0,0,0,0,0,7,0,0,1,0,0,0,0,0,0,0,0,0,0,0,0,0,0,0,0,0,0,0,8,0,0,0,0,1,12,0,0,0,1,0,1,0,0,0,0,0,0,0,0,0,1,3,0,0,0,0,1,1,0,0,0,0,0,0,0,0,0,0,1,0,3,0,0,4,0,0,0,0,0,0,0,1,0,0,0,0,0,0,1,0,1,60,0,0,0,0,0,0,0,0,6,0,0,2,0,0,0,0,0,0,0,0,0,1,0,0,0,0,2,17,0,14,0,0,0,0,0,0,0,0,0,0,0,0,0,0,33,2,1,0,0,0,0,0,16,0,0,0,0,0,1,0,0,0,9,1,0,0,1,0,0,1,2,1,0,2,0,0,0,1,0,0,0,0,0,0,0,0,0,1,0,0,0,0,0,0,0,0,0,0,2,0,0,0,0,0,0,0,0,0,0,0,0,0,0,0,0,0,0,0,0,0,0,0,0,0,1,1,0,0,0,1,0,0,0,0,0,3,0,0,0,0,0,0,0,0,0,0,0,0,0,0,0,0,0,0,0,0,0,0,0,0,0,0,0,0,0,0,0,0,0,0,0,0,0,0,0,0,0,0,0,0,0,0,0,0,0,0,0,0,0,0,0,0,0,0,0,0,0,0,2,0,0,0,0,0,0,0,0,0,0,0,0,3,0,0,0,0,0,0,0,0,0,0,0,0,0,0,10,3,3,0,0,0,0,2,0,1,39,0,0,0,0,4,0,0,0,0,0,1,1,0,0,0,0,30,3,0,0,11,0,0,0,3,0,0,0,37,0,0,8,4,0,0,0,1,1,3,1,0,0,0,22,0,2,0,0,0,0,0,0,0,0,0,1,0,0,3,0,0,0,0,0,0,0,0,0,0,0,0,1,0,0,0,0,0,0,0,0,40,0,0,0,1,0,2,2,2,4,2,0,0,1,0,1,2,5,4,3,0,0,0,0,0,0,28,0,0,1,1,0,0,0,2,0,0,0,0,0,0,2,0,0,0,0,0,0,0,0,8,1,0,0,0,0,0,0,0,0,0,0,0,11,0,0,8,0,0,4,0,16,0,0,0,0,0,0,3,0,0,13,0
174,1279,ESCOLA SEBASTIAO PARANA,"RUA MAJOR FABRICIANO REGO BARROS, 1152",HAUER,-25.47596049,-49.25611279,38,0,1472,1248,49,62,0,0,0,3,20,1,1,0,0,0,0,0,12,0,0,0,0,5,0,2,0,0,3,3,0,0,0,4,0,1,0,2,0,0,0,11,0,0,0,0,3,0,0,0,0,0,0,0,0,0,5,0,0,0,3,0,0,0,1,1,1,32,0,1,0,0,3,0,4,0,0,0,0,0,13,9,0,0,1,0,1,2,1,0,1,0,0,0,10,2,5,2,0,0,0,0,0,0,1,0,2,0,0,0,0,0,0,0,43,0,0,0,0,0,0,0,0,0,0,0,2,0,0,0,0,1,1,1,15,0,0,0,48,0,0,2,4,48,0,0,0,0,0,0,0,0,0,0,0,0,0,0,0,1,0,0,0,0,0,0,0,1,0,0,0,0,0,0,0,0,0,0,0,0,1,0,2,0,0,0,0,1,14,0,0,0,0,0,0,0,0,0,1,0,0,0,0,0,0,0,0,0,0,0,0,0,0,0,0,0,2,0,0,0,0,0,0,0,2,0,0,2,0,0,0,0,0,0,0,0,1,0,0,1,0,0,0,0,0,237,0,0,0,0,1,0,0,0,1,1,1,0,0,1,0,0,0,0,0,0,0,0,0,0,0,0,1,11,0,1,0,0,0,0,0,0,0,0,0,0,0,0,0,2,55,3,2,0,0,0,0,2,15,0,0,0,0,1,1,0,0,0,2,0,0,0,7,0,0,0,3,0,0,0,0,1,0,0,0,0,0,0,0,0,0,0,0,0,0,0,0,0,0,0,0,0,0,0,0,0,0,0,0,0,7,0,0,0,0,0,0,0,0,0,0,0,0,0,0,0,0,0,1,0,2,1,2,0,4,0,0,0,2,0,2,4,0,0,0,0,0,0,0,1,0,0,0,0,2,0,1,0,0,1,0,0,0,0,0,0,0,0,0,0,0,0,0,0,0,1,0,0,0,0,0,0,0,0,0,0,0,0,0,1,0,0,0,0,3,0,0,0,0,0,0,0,0,0,0,0,0,0,0,0,0,0,0,0,0,0,0,4,3,0,0,0,0,0,0,0,0,0,0,0,0,0,0,1,6,0,2,0,0,0,0,0,22,0,1,0,2,2,0,0,0,0,0,2,2,0,0,0,0,73,0,0,0,10,0,0,1,11,0,0,0,39,0,0,4,0,0,0,0,2,0,5,0,0,0,0,18,0,0,1,0,0,0,0,0,0,0,0,1,0,0,0,0,0,0,0,0,0,0,0,0,0,0,0,2,1,0,0,0,0,0,0,1,58,0,0,0,0,3,1,0,4,2,1,1,0,0,0,0,1,3,4,0,0,0,0,0,0,1,36,0,0,2,1,0,0,0,0,0,0,0,0,0,0,2,0,0,0,0,0,0,0,0,18,0,2,0,0,0,0,0,0,0,0,0,0,15,0,0,9,0,0,0,0,6,0,0,0,0,0,0,0,0,0,1,0
174,1287,COLEGIO ESTADUAL SEGISMUNDO FALARZ,"RUA ISAIAS REGIS DE MIRANDA, 848",HAUER,-25.48042572,-49.253726,38,0,3703,2979,177,116,0,1,0,4,42,0,1,0,0,5,1,0,27,3,0,0,0,9,0,0,0,0,3,11,0,4,0,4,0,0,3,4,3,0,0,28,0,1,0,0,17,1,1,0,0,0,0,0,1,0,5,0,0,1,4,0,0,3,1,6,4,34,0,5,0,2,14,0,21,0,1,2,0,0,34,19,0,0,19,0,6,9,2,0,1,1,6,1,21,6,0,4,2,0,1,0,0,0,0,0,0,0,0,0,0,0,0,0,89,3,0,0,0,0,0,0,1,0,0,0,0,1,0,0,0,3,0,2,87,0,1,2,114,2,1,1,2,113,6,1,0,1,0,1,0,0,0,0,0,0,0,0,0,14,0,1,2,0,0,0,0,2,0,0,0,0,3,0,0,3,1,2,0,0,0,2,1,0,1,0,0,6,28,0,0,0,0,0,0,0,0,0,0,2,0,0,0,1,0,4,0,0,1,1,0,0,0,0,0,0,0,0,0,0,0,0,0,0,6,0,0,0,0,0,0,1,0,1,0,2,1,0,0,3,2,0,3,0,0,475,0,0,0,0,0,2,0,0,2,1,0,0,0,0,2,0,0,0,0,0,0,0,0,0,0,0,0,18,1,0,0,0,0,0,0,0,0,0,0,0,0,0,4,2,142,8,3,2,2,0,0,2,42,2,0,0,2,1,4,0,0,0,26,0,0,0,6,0,0,0,13,1,0,1,1,2,0,1,0,2,0,0,0,0,0,0,0,0,0,0,0,0,0,0,0,0,0,1,0,0,0,0,0,0,17,0,0,0,0,0,0,0,0,0,0,0,0,0,0,0,0,0,0,1,6,2,1,1,7,0,0,2,0,0,2,15,0,0,0,0,0,0,0,0,0,0,0,0,1,0,0,0,0,0,0,0,0,0,0,0,0,0,0,0,0,0,0,0,0,0,0,0,0,0,0,0,0,0,0,0,0,1,0,2,0,0,0,0,1,0,0,1,0,0,0,0,1,0,3,0,0,0,0,0,0,0,1,0,0,0,0,1,0,0,0,0,1,0,0,0,0,0,0,2,0,1,0,2,4,0,1,0,0,1,1,1,70,0,3,4,2,4,3,0,0,1,2,6,7,0,0,0,0,157,1,0,0,16,0,0,2,36,2,0,0,88,0,2,14,6,0,0,0,1,0,10,0,0,1,0,39,0,1,0,0,0,0,2,8,1,0,0,4,0,0,0,0,0,0,0,0,0,0,0,0,0,0,0,2,0,0,0,0,0,0,0,7,112,0,0,0,1,3,5,2,18,12,5,1,0,0,0,0,12,10,6,2,0,0,0,0,0,0,63,0,0,1,2,0,0,0,4,0,1,0,0,0,0,5,1,0,1,1,0,0,0,1,34,1,0,1,1,0,0,0,0,0,0,0,0,24,0,0,31,2,1,0,0,24,1,0,0,0,0,0,1,0,1,8,0
174,1295,ESCOLA MUNICIPAL PROFESSOR GUILHERME BUTLER,RUA IRMA FLAVIA BORLET 1189,HAUER,-25.48975805,-49.25758744,56,0,1512,1284,71,57,0,0,3,3,12,0,0,0,0,1,0,0,8,0,0,0,0,3,0,0,0,0,2,6,0,2,0,2,1,0,1,9,0,0,0,15,0,0,0,0,7,0,0,0,0,0,0,3,0,0,0,0,0,0,7,0,0,2,0,0,3,25,0,4,0,0,7,0,8,0,0,1,0,0,17,3,0,0,7,0,1,4,3,0,1,0,0,0,8,4,0,0,0,0,0,0,0,0,1,0,0,0,0,0,3,0,0,0,36,3,0,0,0,0,0,0,0,0,0,0,0,1,0,0,2,1,0,1,39,0,0,0,39,0,0,0,9,52,3,0,0,0,0,1,0,0,0,0,0,0,0,0,0,14,0,0,0,0,2,0,0,0,0,0,0,0,0,0,0,0,0,0,0,0,1,0,4,0,0,0,0,1,24,0,0,0,0,0,0,0,0,0,0,0,0,1,0,0,0,1,0,0,0,0,0,0,0,0,0,0,0,0,0,0,0,0,0,0,3,0,0,0,0,0,0,0,0,0,0,0,0,0,0,0,0,0,0,0,0,209,0,0,0,0,0,1,0,2,0,2,1,1,0,0,1,0,1,0,0,0,0,0,0,0,0,0,4,16,0,0,0,0,0,0,0,0,0,0,0,0,1,0,0,1,47,3,0,1,1,1,0,0,14,0,0,0,0,0,0,0,1,0,9,0,0,0,0,0,0,0,1,0,0,2,0,0,0,0,1,0,0,0,0,0,0,0,0,0,0,0,0,0,0,0,0,0,0,0,0,0,0,0,0,0,9,0,0,0,0,0,0,0,0,0,0,0,0,0,0,0,0,0,0,0,4,0,0,0,1,2,0,0,1,0,0,8,0,0,2,1,0,0,0,3,1,0,0,0,0,0,0,0,0,0,0,0,0,0,0,0,0,0,0,0,0,0,0,0,0,0,0,0,0,0,0,0,0,0,1,0,0,0,0,0,0,0,0,0,2,0,0,0,0,0,0,0,0,0,0,0,0,0,0,0,0,0,0,0,0,0,0,5,0,0,0,0,0,0,0,0,0,0,0,0,0,0,0,0,2,0,1,0,0,0,0,0,33,0,1,0,0,0,0,0,0,0,0,1,5,0,0,1,0,75,0,0,0,1,0,0,2,11,0,0,0,37,0,0,7,2,0,0,0,1,0,0,0,2,0,0,12,0,0,0,1,0,0,2,2,2,0,0,1,1,0,0,0,1,0,0,0,0,0,0,0,0,0,0,0,0,0,0,0,0,0,0,0,56,0,0,0,0,0,5,1,1,3,0,2,0,0,0,0,4,2,2,1,0,0,0,0,0,0,22,0,0,1,3,0,0,0,0,0,1,0,0,0,0,4,0,0,0,0,1,1,0,0,14,0,0,0,0,1,0,0,0,0,0,0,0,16,0,0,6,0,0,0,0,11,0,0,0,0,0,0,2,0,0,6,0
174,1309,ESCOLA ESTADUAL MILTON CARNEIRO,"RUA NELSO JOSÉ LAUTHART, 301",ALTO BOQUEIRAO,-25.5370888,-49.2384749,64,0,4610,3629,426,218,0,1,0,8,42,1,2,0,1,6,1,3,25,1,0,0,1,5,0,1,0,1,0,13,2,1,0,5,0,0,4,13,1,3,0,44,0,0,1,0,21,0,0,1,0,0,0,4,0,0,2,0,0,0,10,0,0,1,0,1,15,36,0,4,1,2,7,0,16,0,1,5,0,0,44,8,3,0,30,1,8,17,11,1,0,0,1,0,15,16,3,1,0,0,0,0,0,0,1,0,0,0,0,0,1,1,1,1,52,1,0,0,0,2,0,0,0,0,0,0,1,1,0,1,0,7,2,3,196,0,0,6,75,3,1,0,16,93,0,0,0,1,1,11,0,0,0,0,0,0,0,1,0,18,0,0,2,0,0,0,0,0,0,0,1,0,0,2,0,1,1,0,1,0,0,0,33,0,0,3,1,5,24,0,0,0,0,0,0,0,1,0,1,3,0,0,0,1,17,5,0,0,0,0,0,0,1,0,0,0,0,0,0,0,0,0,0,0,18,0,0,1,0,0,2,9,0,3,1,1,3,0,2,1,1,0,1,0,5,221,1,0,0,0,0,0,3,0,11,0,2,0,0,0,0,0,0,0,0,0,0,0,0,0,0,0,1,10,0,8,0,0,1,0,0,0,0,0,0,0,1,2,0,7,104,4,2,1,5,1,1,1,43,2,1,1,1,0,1,0,0,2,43,0,0,0,3,1,0,2,11,0,0,4,6,1,0,0,0,1,0,0,0,0,0,0,0,0,0,0,0,0,0,0,0,0,0,1,0,0,0,0,0,0,5,0,0,0,0,0,0,0,6,0,0,0,0,0,0,0,0,0,0,0,3,2,3,2,1,0,0,0,0,0,0,7,0,0,3,0,0,0,0,0,0,0,0,0,2,0,0,0,1,0,0,0,3,1,0,1,0,0,0,0,0,1,0,0,0,0,0,0,0,0,3,0,0,0,1,0,0,0,0,0,0,0,0,0,0,0,2,0,0,0,0,0,0,0,2,0,0,0,0,0,0,0,1,0,0,0,0,5,0,0,0,0,1,0,0,0,1,0,0,0,0,2,3,22,5,1,5,5,0,2,0,0,107,0,1,1,0,3,0,0,1,4,0,3,5,0,0,0,0,177,12,0,0,32,0,0,0,42,0,0,0,118,0,0,11,14,0,0,0,5,3,7,1,0,0,1,60,0,2,1,3,0,0,1,3,0,0,0,3,0,0,2,0,0,1,0,1,0,0,0,0,1,0,0,2,0,0,0,0,0,1,0,8,79,0,0,0,3,5,11,2,90,39,3,0,0,0,1,4,4,12,11,6,1,0,0,0,1,1,128,0,3,1,1,0,1,0,0,0,0,0,0,0,0,5,0,0,0,0,0,1,0,1,76,0,0,0,3,0,0,0,0,0,0,0,2,33,1,0,28,0,0,4,0,24,0,0,1,0,3,0,7,0,1,18,0
174,1317,CEI PROFESSORA MARIA AUGUSTA JOUVE,"RUA PASTOR ANTONIO POLITO, 1145",ALTO BOQUEIRAO,-25.52430893,-49.23358273,64,0,4175,3281,279,154,0,0,1,3,51,2,0,0,1,2,1,0,15,3,0,0,0,6,2,2,0,0,2,15,1,10,2,7,0,0,0,10,0,0,0,56,2,1,0,0,23,1,0,3,0,0,1,2,0,1,1,0,0,0,1,0,0,0,0,1,12,26,1,3,0,4,10,1,22,0,3,4,0,0,43,12,1,0,23,0,6,4,9,0,0,1,2,0,15,3,3,6,0,0,0,1,0,0,4,0,2,0,0,0,2,0,0,0,82,3,1,0,0,0,0,0,0,0,0,0,0,2,2,1,3,5,1,4,148,0,0,3,89,3,0,0,8,171,1,0,1,3,1,10,0,0,0,0,0,0,0,0,0,31,0,0,2,0,0,0,0,1,1,0,0,0,2,1,0,0,3,0,0,0,0,5,7,0,0,6,0,10,33,0,1,1,0,0,0,0,2,0,4,0,0,0,0,1,1,2,0,0,0,2,2,0,0,0,0,1,0,0,0,0,0,0,0,0,25,0,0,0,0,0,3,3,0,0,0,0,1,0,0,0,1,0,1,0,1,283,0,0,0,0,1,0,1,3,6,1,4,0,0,0,1,0,0,1,0,0,0,0,0,0,0,0,3,9,1,6,0,0,0,0,0,0,1,0,0,0,0,0,0,3,108,10,6,1,1,3,4,0,35,0,0,0,1,1,2,0,1,0,26,0,0,0,3,1,0,1,14,4,0,3,0,6,1,1,0,2,1,0,0,0,0,0,0,0,0,0,0,0,0,0,0,0,0,0,1,0,0,2,0,0,7,0,0,0,0,0,0,0,4,5,0,1,0,0,2,0,0,0,0,1,2,3,3,0,4,0,0,4,0,0,4,11,0,0,0,1,0,0,0,0,0,0,1,0,1,2,1,0,0,0,0,0,1,0,0,2,0,0,0,0,1,1,0,0,0,0,0,0,0,0,0,0,0,0,2,0,0,0,1,0,0,0,0,1,7,1,0,0,0,0,0,0,1,0,2,0,0,0,0,0,0,0,0,0,0,0,0,4,0,0,0,0,0,0,0,0,0,0,0,0,0,0,3,2,3,0,8,0,0,4,1,5,79,0,1,0,1,6,0,1,0,4,0,5,2,0,1,0,0,185,11,0,1,14,0,0,3,26,0,0,2,121,0,1,41,10,0,0,1,10,1,6,0,1,1,0,56,0,5,3,3,1,1,6,2,2,1,0,4,0,0,1,0,0,5,0,0,1,0,0,0,0,0,0,4,0,0,0,2,0,5,0,7,103,0,0,0,0,5,12,0,15,14,1,1,0,0,2,0,2,5,3,2,0,0,0,0,0,1,101,0,0,2,3,0,0,0,0,0,0,0,0,0,0,4,0,0,0,0,0,0,0,0,41,0,0,0,2,0,0,2,1,0,0,0,1,13,0,0,9,0,1,4,0,20,0,0,0,0,0,0,9,0,1,6,0
174,1333,COLEGIO ESTADUAL SANTO AGOSTINHO,"RUA CASCAVEL, 1610",BOQUEIRAO,-25.51474133,-49.2465292,56,0,4415,3608,237,170,0,0,4,3,40,0,3,0,1,3,4,0,29,0,0,0,0,4,0,3,0,1,0,14,1,2,0,5,0,0,0,7,3,0,0,25,0,1,2,0,21,1,3,0,0,0,0,2,0,2,5,1,0,0,3,0,0,0,0,2,8,33,0,2,0,6,16,0,23,0,1,2,0,0,42,13,1,0,26,0,3,6,0,0,0,0,3,0,16,11,15,1,2,0,0,1,0,4,2,0,1,1,1,0,0,0,0,0,109,1,1,1,0,0,0,0,1,0,0,0,0,5,2,0,2,6,2,1,120,1,0,6,136,2,1,1,4,177,0,2,0,0,0,5,0,0,0,0,0,5,0,0,0,30,0,0,7,0,1,0,0,1,0,0,0,0,0,0,0,3,0,0,2,0,0,0,9,0,1,0,2,4,40,0,0,0,1,0,0,0,0,0,0,1,0,0,0,0,4,3,0,0,0,1,0,0,0,0,0,0,1,0,0,0,0,0,0,0,13,0,0,0,0,0,0,3,0,1,0,0,1,0,0,0,1,1,0,0,0,473,0,0,1,0,0,0,0,0,1,0,2,1,0,0,0,0,2,0,0,0,0,0,0,0,0,1,2,7,4,3,0,0,0,1,0,1,0,0,0,1,0,0,4,7,143,9,1,2,1,0,2,3,42,3,0,0,3,0,2,0,0,0,47,0,0,2,7,0,0,0,14,0,0,3,6,3,0,0,0,1,0,0,3,3,0,0,0,0,0,0,0,0,0,0,0,1,0,1,0,0,0,0,0,0,12,0,0,0,0,0,0,0,0,0,0,2,0,0,0,0,0,0,0,1,8,0,7,0,2,1,4,1,0,1,0,7,0,0,1,4,2,0,0,2,0,0,0,0,1,0,0,0,0,0,0,0,0,0,0,1,0,0,0,1,0,1,0,0,0,2,0,0,0,0,0,0,0,0,0,0,0,0,0,0,0,1,1,0,1,1,2,0,0,0,1,0,2,0,0,0,0,0,0,0,0,0,0,0,0,0,0,8,1,0,0,0,2,0,0,0,0,0,0,0,0,0,3,6,3,1,5,2,0,1,0,0,84,0,2,0,2,1,1,0,0,2,14,6,4,0,0,0,0,209,5,1,0,19,0,0,2,33,4,0,0,121,2,3,32,5,0,3,0,11,0,7,0,1,0,0,35,0,6,0,3,0,0,0,2,0,0,2,5,1,0,1,0,0,2,0,0,0,0,0,0,0,0,0,1,0,0,0,0,0,0,0,3,117,0,0,0,0,2,5,2,11,31,3,0,0,0,0,0,11,10,9,4,0,2,1,0,1,2,107,0,0,3,9,0,1,1,0,0,1,0,0,0,0,0,1,0,0,4,0,0,0,0,47,0,1,1,0,0,0,0,3,0,0,0,1,28,2,0,19,0,0,5,1,34,0,1,0,0,1,0,1,0,2,8,1
174,1341,COLÉGIO NOSSA SENHORA DA ASSUNCAO,"RUA DR. ALCIDES VIEIRA ARCOVERDE, 620",GUABIROTUBA,-25.46015929,-49.24060575,23,0,3414,2905,97,68,0,3,2,4,22,1,0,0,2,3,0,0,30,1,1,0,0,18,0,0,0,1,5,4,1,7,0,4,0,0,0,2,1,0,0,22,0,1,0,0,12,0,0,0,0,0,0,3,0,6,10,0,0,0,0,0,0,0,2,6,3,26,0,1,1,2,10,0,10,0,0,5,0,0,16,11,0,0,12,0,1,8,6,1,1,0,0,0,13,1,6,3,0,0,0,1,0,0,0,0,4,0,1,0,0,0,0,0,95,0,0,0,1,0,0,0,0,0,0,0,0,1,0,0,0,4,0,1,75,0,0,5,92,5,4,0,4,173,0,0,0,0,0,0,0,0,0,0,1,0,0,0,0,19,0,0,0,0,0,0,0,0,1,0,0,0,0,0,0,5,1,0,0,0,0,1,1,0,0,0,1,5,64,0,0,1,0,0,0,0,0,0,0,0,0,0,0,0,4,3,0,0,0,0,1,1,1,0,0,0,0,0,0,0,0,0,0,0,13,1,0,1,2,0,0,0,0,2,0,0,0,0,1,0,0,0,0,0,0,691,1,0,0,0,0,0,0,2,1,0,1,0,0,0,0,0,0,0,0,0,0,5,0,0,0,0,0,16,0,0,0,0,0,0,0,0,0,2,0,0,0,0,0,3,171,9,0,1,0,0,0,1,24,0,2,0,2,0,0,0,0,0,11,0,0,0,5,0,1,1,20,1,0,0,3,2,0,1,0,1,0,0,0,0,0,0,0,0,0,0,0,0,0,0,0,0,0,0,0,0,0,0,0,0,20,0,0,0,0,0,0,0,0,0,0,0,0,0,0,0,0,0,0,1,12,6,2,1,3,4,0,0,2,1,3,16,0,1,0,0,1,0,0,0,0,0,0,0,2,0,1,0,0,0,0,0,0,0,0,0,0,0,0,0,0,0,0,0,0,0,0,0,0,0,0,0,0,0,0,0,1,2,0,0,0,1,0,0,2,2,0,0,0,0,0,0,0,0,0,0,0,0,0,0,0,0,0,0,0,0,0,2,0,0,0,0,1,0,0,0,1,0,0,0,0,0,0,7,2,0,5,0,0,0,0,1,58,0,1,0,1,2,0,1,0,1,6,5,4,0,0,0,0,128,4,1,0,22,0,0,0,18,5,0,0,80,0,1,5,21,0,0,0,5,0,7,0,2,0,0,28,0,1,0,0,1,1,2,12,0,0,0,1,2,0,1,0,0,0,0,0,0,0,0,0,1,0,0,0,0,0,0,0,0,0,0,3,85,0,0,0,0,0,5,1,19,0,2,2,0,0,1,0,38,7,2,6,0,0,0,0,0,2,32,0,0,4,7,0,0,2,0,0,2,0,0,0,0,2,0,0,0,0,0,0,0,0,40,3,1,0,1,0,0,0,0,0,1,0,0,11,0,0,7,0,0,1,0,33,0,0,0,0,0,0,0,0,0,4,0
174,1350,CRECHE MUNICIPAL ARAUCARIA,"RUA ROBERTO BARBOSA DE ALMEIDA, 225",ALTO BOQUEIRAO,-25.52755062,-49.25362448,64,0,1222,1050,62,51,0,0,0,4,11,0,2,0,0,1,0,2,15,0,0,0,0,2,0,1,0,0,0,6,0,1,0,3,0,0,1,5,0,0,0,15,0,0,0,1,10,0,0,0,0,0,0,3,1,0,2,0,0,0,0,0,0,0,1,2,2,8,0,0,1,0,4,0,4,0,0,1,2,0,3,8,1,0,5,0,4,0,2,0,3,1,0,0,13,1,1,1,0,0,0,0,0,0,0,0,1,0,0,0,0,0,0,1,32,0,0,0,0,0,0,0,1,0,0,0,0,1,1,0,0,0,0,0,42,0,0,2,34,0,0,0,8,20,0,0,0,0,0,1,0,0,0,0,3,0,0,0,0,14,0,0,2,0,0,0,0,0,1,0,0,0,0,0,0,0,0,1,0,0,0,0,2,0,0,0,0,0,9,0,0,0,0,0,0,0,0,0,0,0,0,0,0,0,0,3,0,0,0,0,0,0,0,0,0,0,0,0,0,0,0,0,1,0,2,0,0,0,0,0,0,1,0,0,0,0,0,0,1,2,0,1,1,0,0,127,0,0,0,0,0,0,0,0,0,0,0,0,0,5,0,0,0,1,0,0,0,0,0,0,0,0,0,6,0,5,0,0,0,0,0,0,0,0,0,0,0,0,0,0,27,1,1,2,0,0,0,0,7,1,0,0,0,0,0,0,1,0,9,0,0,0,0,0,0,0,2,0,0,0,1,0,0,1,0,0,0,0,0,0,0,0,0,0,0,0,0,0,0,0,0,0,0,0,0,0,0,0,0,0,2,0,0,0,0,0,0,0,1,0,0,0,0,0,0,0,0,0,0,0,0,1,0,0,0,1,0,0,0,0,0,3,0,0,0,1,0,0,0,0,0,0,0,0,1,0,0,0,0,0,0,2,0,0,0,1,0,0,0,0,0,0,0,0,0,0,0,0,0,0,0,0,0,0,0,0,0,0,0,0,0,0,0,0,0,0,0,3,0,0,0,0,1,0,0,0,0,0,0,0,0,0,0,0,0,0,0,3,0,0,0,0,0,0,0,0,0,0,0,0,0,1,0,2,1,0,3,0,2,1,0,0,31,0,0,0,0,2,0,0,0,1,0,3,0,1,0,0,0,63,0,0,0,10,0,0,2,15,0,0,0,35,0,1,9,4,0,0,0,1,0,0,0,0,0,0,17,0,0,2,1,0,0,4,0,0,0,0,0,0,0,0,0,0,1,0,0,0,0,0,0,0,0,0,2,0,0,0,0,0,3,0,0,42,0,0,0,0,0,1,0,9,4,1,1,0,0,0,0,4,0,3,1,0,0,0,0,0,0,46,0,0,1,2,0,0,0,2,0,0,0,0,0,0,0,0,0,0,0,0,0,0,0,12,0,0,0,0,0,0,0,0,0,0,0,0,7,0,0,4,0,0,2,0,10,0,0,0,0,4,0,1,0,0,3,0
174,1368,CENTRO DE EDUCACAO INFANTIL COLMEIAS,"RUA JULIO CESAR RIBEIRO DE SOUZA, 1332",HAUER,-25.4820632,-49.2536578,38,0,1764,1443,84,44,0,0,0,4,17,0,2,0,0,1,0,0,18,0,0,0,0,6,1,0,0,0,0,7,1,0,0,1,0,0,0,8,2,1,0,11,0,1,0,4,1,0,1,0,0,0,0,3,1,2,3,0,0,0,8,0,0,1,0,7,2,16,1,1,0,0,7,0,5,0,1,1,0,0,16,4,1,0,5,0,5,2,0,0,2,0,0,0,7,2,2,0,0,0,0,2,0,0,1,0,1,0,0,0,0,0,0,1,27,2,0,0,0,0,2,0,0,0,0,0,2,1,0,1,2,1,0,0,42,0,0,4,55,0,0,2,3,89,2,0,0,0,0,1,3,0,0,0,0,0,0,0,0,9,0,0,1,0,0,0,0,1,1,0,0,0,1,0,0,0,0,0,0,0,0,1,4,0,0,0,0,4,24,0,0,0,2,0,0,0,0,0,0,0,0,0,0,0,0,1,0,0,0,0,0,0,0,0,0,0,0,0,0,0,0,0,0,0,5,0,0,3,0,0,0,0,0,0,0,0,0,0,0,0,1,0,2,0,0,238,0,0,0,0,0,0,0,0,3,0,2,0,0,0,0,0,0,0,0,0,0,0,0,0,0,0,1,8,0,1,0,0,0,0,0,0,0,0,0,0,0,0,2,1,69,4,1,0,0,2,0,0,14,1,0,0,0,0,0,0,0,1,9,1,0,0,0,0,0,1,8,1,0,0,0,0,0,0,0,3,0,0,0,0,0,0,0,0,0,0,0,0,0,0,0,0,0,0,0,1,0,0,0,0,2,0,0,0,0,0,0,0,0,0,0,0,0,0,0,0,0,0,1,0,2,3,1,0,5,1,0,0,0,0,0,4,0,0,1,1,1,0,0,1,0,0,0,0,3,0,0,0,0,0,0,0,0,0,0,1,0,0,0,0,0,0,0,0,0,0,0,0,0,0,0,0,0,0,0,0,0,0,0,0,0,2,3,0,0,2,0,0,0,0,0,0,0,0,0,0,0,0,0,0,0,0,0,0,0,0,0,0,0,0,0,0,1,0,0,0,0,0,0,0,0,1,0,0,5,0,3,1,0,1,1,0,24,0,1,1,0,0,1,0,0,1,1,5,0,0,0,0,0,80,5,1,0,6,0,0,1,15,0,0,0,35,1,0,3,1,0,1,0,2,0,3,0,0,0,0,10,0,0,1,0,0,0,1,2,0,0,0,0,0,0,0,0,0,0,0,0,1,0,0,0,1,0,0,0,0,0,0,0,0,0,0,0,62,0,2,2,0,2,3,0,9,8,4,0,0,0,0,0,1,6,0,0,0,0,0,0,0,2,35,2,0,0,1,0,0,0,1,0,1,0,0,0,0,5,0,0,0,0,0,0,0,0,10,0,0,0,0,0,0,0,0,0,0,0,0,7,0,0,16,0,0,1,0,13,0,0,0,0,0,0,0,0,0,3,0
174,1724,SESI BOQUEIRÃO,"RUA DR. HELENO DA SILVEIRA, 351",BOQUEIRAO,-25.51469634,-49.23439517,56,0,3281,2665,168,119,0,0,0,3,24,0,2,0,1,2,1,1,31,0,0,0,0,11,0,0,0,0,0,13,0,0,0,3,0,0,0,6,2,0,0,20,0,1,0,0,7,1,1,0,0,0,0,2,0,3,4,0,0,0,2,0,0,0,0,0,2,28,0,1,0,0,6,1,15,0,0,5,0,0,31,14,3,0,17,0,5,14,8,0,1,1,4,0,14,2,1,2,0,0,0,1,1,0,0,1,0,1,4,0,0,1,0,0,56,0,0,0,1,0,0,0,3,0,0,0,2,1,1,0,1,3,0,4,83,0,3,2,55,2,0,0,8,155,1,0,0,0,0,0,1,0,0,0,1,0,0,0,0,18,0,0,2,0,0,0,0,0,5,0,0,0,2,0,0,0,3,0,0,0,0,0,11,0,2,0,0,3,29,0,1,2,0,0,0,0,0,0,1,1,0,0,0,0,1,0,0,1,0,0,1,0,0,0,0,0,0,0,1,0,0,0,1,0,17,0,0,0,0,0,0,3,0,0,2,3,1,0,0,0,1,0,1,0,0,414,1,3,0,0,0,1,0,0,4,3,0,0,0,0,0,0,0,0,0,0,1,0,0,0,0,0,4,9,2,1,0,0,0,0,0,1,0,0,0,0,0,0,3,2,73,7,2,0,0,0,0,1,21,0,0,0,3,0,1,1,0,3,27,0,0,0,1,0,2,0,12,2,0,0,6,4,0,1,0,1,0,0,1,0,0,0,0,0,0,0,0,0,0,0,0,1,0,0,0,0,0,0,0,0,10,0,0,0,0,0,0,0,0,0,0,1,0,0,0,0,0,0,0,0,8,2,2,0,2,3,2,0,1,3,1,6,0,0,2,2,3,0,0,1,2,0,0,1,0,0,1,0,0,0,0,0,0,0,0,0,0,0,0,0,0,1,0,0,0,1,0,0,0,0,0,0,0,0,2,0,0,0,1,0,0,0,3,0,6,0,3,0,0,0,0,0,0,0,3,0,0,0,0,0,0,0,0,0,1,0,0,2,0,0,0,0,0,0,0,0,1,0,0,0,0,1,3,2,3,0,4,1,0,1,0,1,64,1,1,0,2,0,0,0,0,0,3,3,4,0,0,0,0,177,2,0,1,18,0,0,5,28,3,0,0,89,1,0,17,9,0,1,1,13,0,5,0,0,0,0,26,0,3,0,3,0,1,1,2,3,0,0,1,0,0,1,0,0,0,0,0,0,0,0,0,0,0,0,1,1,0,0,0,0,4,0,6,78,0,0,1,0,7,7,1,20,13,1,0,0,0,0,0,4,3,9,1,0,0,0,0,0,1,85,0,0,2,2,0,0,0,3,0,0,0,0,0,0,0,0,0,0,1,0,2,0,0,37,0,0,1,0,0,1,0,0,0,0,0,0,12,0,0,14,0,0,5,0,20,0,0,0,0,0,0,5,0,0,8,0
174,1732,COLÉGIO ADVENTISTA DO ALTO BOQUEIRÃO,"RUA BOM PASTOR, 606",ALTO BOQUEIRAO,-25.52375675,-49.24923793,64,0,3266,2667,170,118,0,0,2,3,17,0,2,0,0,1,0,0,13,2,0,2,0,10,0,0,0,1,3,7,1,4,0,11,1,0,2,8,2,0,0,16,0,1,0,0,18,1,2,0,0,0,0,3,0,5,2,0,0,0,0,1,0,0,1,0,4,35,0,7,0,0,23,0,13,0,1,0,0,0,35,19,3,0,14,0,1,3,3,2,0,0,0,0,29,4,1,3,0,0,1,0,2,0,1,0,0,0,1,0,1,0,0,1,60,0,0,0,0,0,0,0,0,0,0,0,0,2,1,0,0,9,0,2,93,0,0,3,57,3,1,0,6,174,1,0,1,0,0,2,1,0,0,0,0,13,0,0,1,27,0,0,6,0,0,0,0,0,0,0,0,0,0,0,0,0,0,2,0,0,0,0,6,0,0,0,0,1,55,0,0,0,0,0,0,0,0,0,1,0,0,0,0,0,1,5,0,0,0,1,0,0,0,0,0,0,0,0,0,0,0,0,0,0,12,0,0,0,0,0,0,2,0,3,1,2,0,0,0,2,0,0,0,0,0,324,1,0,0,0,0,0,2,1,3,2,0,0,1,0,1,0,1,0,0,0,0,0,0,0,0,0,5,4,1,3,0,0,0,0,0,1,0,0,0,0,0,0,0,3,86,8,0,0,0,0,0,1,28,1,1,3,2,0,0,0,0,0,17,0,0,1,1,0,0,1,7,1,0,0,1,1,0,2,0,0,0,0,0,0,0,0,0,0,0,0,0,0,0,0,0,0,0,0,0,0,0,0,0,0,7,0,0,0,0,0,0,0,0,0,0,2,0,0,0,0,0,0,2,1,6,0,0,0,2,1,0,0,4,0,2,5,0,2,1,0,0,1,0,1,1,0,0,0,2,0,0,0,0,0,0,0,1,0,0,0,0,0,0,0,0,0,0,0,0,1,0,1,0,0,0,0,0,0,1,0,0,0,0,0,0,2,0,0,6,0,2,1,0,0,0,0,2,0,1,0,0,0,0,0,0,0,1,0,0,0,0,2,0,0,0,0,1,0,0,0,0,0,0,0,1,1,0,3,7,1,4,0,1,1,0,1,37,1,3,0,0,0,0,0,0,1,2,3,4,1,0,0,0,152,3,0,0,16,0,0,6,50,0,2,0,98,0,1,16,24,0,0,1,5,0,17,0,1,0,0,29,0,3,3,0,1,0,2,3,0,0,1,3,0,0,0,0,0,1,0,0,0,0,0,0,1,0,0,0,0,0,0,0,1,0,0,2,93,0,0,0,0,3,5,1,10,20,1,0,0,0,0,0,11,3,5,4,0,0,0,0,0,5,87,0,1,3,7,0,0,0,7,0,0,0,0,0,0,5,0,0,0,0,0,0,0,0,32,0,1,0,0,0,0,0,0,0,0,0,1,17,0,0,19,1,0,2,0,21,1,0,1,0,2,0,4,0,0,9,0
174,1740,ESCOLA MUNICIPAL PROFESSORA SOPHIA GAERTNER ROSLINDO - EF,"RUA EXPEDICIONÁRIO ESTANISLAU WOJCIK, 82",ALTO BOQUEIRAO,-25.5358722,-49.2433624,64,0,1420,1185,93,67,0,0,1,1,8,0,1,0,0,0,0,0,10,1,0,0,0,2,0,0,0,0,1,7,1,2,0,3,0,1,0,3,1,0,0,16,0,0,0,0,11,0,0,1,0,0,0,2,0,0,0,0,0,0,2,0,0,0,0,0,2,23,0,1,0,1,3,0,2,0,1,0,0,0,21,7,0,0,5,0,2,6,4,0,0,0,2,0,10,6,1,1,1,0,0,2,1,0,0,0,0,0,0,0,1,0,0,0,32,0,0,1,0,0,1,0,0,0,0,0,2,1,0,0,0,1,0,0,43,1,0,5,32,4,0,0,2,38,0,0,0,0,0,10,0,0,0,0,0,0,0,0,0,5,0,0,0,0,0,0,0,0,0,0,0,0,0,3,0,0,0,1,0,0,0,0,14,0,0,0,0,2,9,0,0,0,0,0,0,0,0,0,0,1,0,0,0,0,1,2,0,0,0,0,0,0,0,0,0,0,0,0,0,0,0,0,0,0,3,0,0,0,0,0,0,0,0,1,1,0,1,0,0,0,0,0,0,0,0,81,0,0,0,0,0,0,0,0,0,5,0,0,0,0,0,0,4,0,0,0,0,0,0,0,0,0,3,2,1,1,0,0,0,0,0,1,0,0,0,0,0,0,2,2,33,0,0,1,2,0,0,0,8,0,0,0,0,0,3,0,0,1,10,2,0,0,0,0,0,0,2,0,0,0,0,4,0,2,0,0,0,0,0,0,0,0,0,0,0,0,0,0,0,0,0,0,0,0,0,0,0,0,0,0,1,0,0,0,0,0,0,0,1,0,0,0,0,0,0,0,0,0,0,0,1,0,2,0,1,0,0,0,0,1,3,2,0,0,0,0,0,1,0,0,0,0,0,0,1,0,1,1,1,0,0,0,0,0,0,0,0,0,0,0,0,0,0,0,0,0,1,0,1,0,0,0,0,0,0,0,0,0,0,0,0,0,0,0,0,0,0,0,0,0,0,0,0,0,0,0,0,0,0,0,0,0,0,0,0,0,0,0,0,0,0,0,0,0,0,0,0,0,0,0,0,0,0,3,2,1,0,0,0,2,1,0,45,0,0,0,0,2,0,0,0,0,1,5,1,0,0,0,0,61,0,0,0,5,0,0,2,18,0,0,0,38,0,0,2,6,0,0,0,2,0,1,0,0,0,0,11,0,0,1,1,0,0,0,0,0,0,1,3,0,0,0,0,0,1,0,1,0,0,0,0,0,0,0,0,0,0,0,0,0,1,0,0,46,0,0,0,0,1,3,0,24,18,0,0,0,0,0,1,1,3,3,1,0,0,0,0,0,1,38,0,0,0,1,0,0,1,1,0,1,0,0,0,0,0,0,0,0,0,0,0,0,1,30,0,2,0,1,2,0,0,0,0,1,0,0,13,0,0,14,0,0,2,0,5,0,0,0,0,1,0,4,0,0,3,0
174,1830,UFPR - CENTRO POLITÉCNICO,"RUA EVARISTO F.F. DA COSTA, 346",JARDIM DAS AMERICAS,-25.45349187,-49.23292589,22,0,9035,7502,287,227,0,0,5,14,85,2,5,1,2,8,0,2,50,2,0,0,0,51,0,0,0,1,8,21,1,7,0,13,1,0,1,26,3,0,0,34,0,0,2,0,7,0,2,0,0,0,0,20,7,5,32,0,0,0,14,1,0,3,0,8,5,57,0,9,0,1,24,2,41,0,1,7,0,0,45,26,2,0,18,0,6,26,6,0,5,0,5,0,38,3,11,7,1,2,0,9,1,1,0,0,13,0,2,0,1,0,1,1,237,1,0,0,3,0,0,0,1,0,0,1,5,3,3,0,6,9,1,1,193,0,7,8,289,9,0,3,6,548,3,1,0,0,0,0,1,0,0,2,1,0,0,0,0,50,0,0,2,1,1,0,0,3,2,0,0,1,1,2,0,2,0,0,0,0,0,3,3,0,2,0,0,4,139,0,0,0,0,0,0,0,0,0,2,1,0,0,0,0,2,0,0,0,0,1,0,1,3,0,0,4,5,0,2,2,0,0,0,3,17,1,1,3,2,0,0,2,0,7,0,3,0,0,0,0,0,2,5,0,0,1618,11,1,0,0,0,1,0,1,4,3,3,3,1,0,4,0,0,0,0,0,0,4,0,0,1,1,2,61,0,1,1,0,0,0,0,0,0,1,0,0,0,0,7,6,419,22,2,2,1,2,2,3,43,6,2,3,4,3,3,0,0,2,38,1,0,0,5,0,1,4,37,8,0,1,7,4,0,2,0,5,0,0,0,1,0,1,0,0,0,0,0,0,0,0,0,0,0,0,0,0,0,0,0,0,37,0,0,0,0,0,0,0,0,0,0,0,0,0,0,0,0,1,0,3,33,12,20,2,20,16,1,2,3,1,6,46,2,8,8,5,0,0,0,5,0,0,0,0,12,4,3,0,1,0,0,0,0,0,0,0,0,0,0,0,1,0,0,0,2,0,1,0,0,0,3,0,0,0,0,0,0,5,0,0,0,3,5,0,5,1,0,0,0,0,0,0,0,0,0,0,0,0,2,0,0,0,0,0,0,0,0,8,1,0,0,0,2,0,0,0,0,0,1,0,0,0,1,3,15,3,14,5,0,1,0,1,104,0,7,0,1,5,0,0,1,6,13,20,8,1,0,0,1,336,5,1,0,50,0,0,8,65,2,0,0,143,1,2,28,35,0,4,0,7,2,18,3,8,2,0,38,1,2,0,1,1,2,9,18,3,1,0,13,1,0,1,1,0,2,0,0,0,0,0,0,0,0,0,3,0,1,0,0,0,0,0,13,247,0,2,1,2,16,17,1,37,9,43,5,0,0,3,1,34,11,5,8,0,0,0,0,0,7,88,0,0,17,19,0,0,1,1,0,14,0,0,0,0,7,0,0,0,1,0,1,0,0,129,13,0,0,1,0,0,0,1,0,0,0,0,23,1,0,7,2,1,5,0,38,0,0,1,0,0,0,4,0,0,15,0
174,1848,ESCOLA ESTADUAL PROFESSOR JÚLIO MESQUITA,"TRAVESSA MARIA TEODORA PAULA COSTA, N. 49",JARDIM DAS AMERICAS,-25.45624383,-49.22867117,22,0,5679,4626,184,154,0,0,1,6,52,3,5,0,1,7,0,1,36,2,0,0,0,18,0,2,0,1,4,15,5,4,1,4,0,0,3,16,1,0,0,20,0,0,0,0,22,1,1,0,0,0,0,3,0,10,11,0,0,0,7,1,0,1,3,4,1,45,0,13,0,2,12,0,33,0,0,3,0,0,41,30,0,0,13,0,13,6,2,0,1,3,2,1,20,5,8,2,0,0,0,17,0,0,2,0,6,0,0,0,1,1,1,2,130,3,0,1,0,0,1,0,2,0,0,0,1,2,0,0,1,9,2,1,119,0,1,5,163,10,1,0,8,245,3,0,0,0,0,0,0,0,0,1,0,1,0,0,0,35,0,1,3,0,0,1,0,0,0,0,3,0,0,3,0,4,2,0,0,0,0,0,2,0,3,0,0,7,58,0,0,1,0,0,0,0,0,0,1,0,0,0,0,1,0,0,0,0,0,0,0,0,0,0,0,0,0,0,0,0,0,0,0,0,9,0,0,4,0,0,0,2,0,0,0,4,0,0,1,0,1,0,0,0,0,978,10,1,0,0,0,0,0,3,1,1,3,0,0,0,1,2,2,0,0,0,0,1,0,0,0,0,3,39,0,0,0,0,0,0,0,1,1,4,0,0,0,0,4,5,316,17,2,4,0,2,0,0,30,3,0,2,1,2,2,0,0,2,21,0,0,0,0,1,0,0,17,13,0,1,1,0,0,0,1,2,0,0,0,0,0,0,2,0,0,0,0,0,0,0,0,0,0,0,0,0,0,0,0,1,27,0,0,0,0,0,0,0,0,0,0,0,0,0,0,0,0,0,2,0,14,9,4,0,5,2,1,1,0,0,4,13,0,4,3,0,2,0,0,3,0,0,0,0,2,2,0,0,0,1,0,0,0,0,0,1,0,0,1,0,0,0,0,0,1,0,0,0,0,0,0,0,0,1,0,0,0,7,0,0,0,1,2,0,1,3,0,0,0,0,0,0,0,0,0,0,0,0,5,0,0,0,0,0,0,0,0,7,1,0,0,0,0,0,0,0,0,0,1,0,1,1,0,8,6,0,12,1,0,1,0,0,68,0,2,0,1,5,2,1,0,2,1,12,2,0,0,0,1,210,5,1,0,42,1,1,2,40,1,0,1,90,0,0,11,13,0,2,0,3,3,13,2,0,1,0,32,0,4,1,0,0,1,4,6,1,0,3,5,1,0,0,0,0,2,0,0,0,0,0,0,0,0,0,1,0,0,0,0,0,4,1,5,167,0,1,0,0,5,10,3,40,3,31,14,0,0,1,0,20,14,1,3,0,0,0,1,0,7,77,0,0,10,9,0,1,2,0,0,10,0,0,0,0,12,1,0,0,0,0,0,0,0,74,8,3,1,0,0,0,1,0,0,0,0,0,12,1,0,10,0,1,0,2,19,0,0,1,0,0,0,3,0,1,20,0
174,1864,HOSPITAL ERASTO GAERTNER,"RUA DR. OVANDE DO AMARAL, 201",JARDIM DAS AMERICAS,-25.45310137,-49.24001625,22,0,68,63,6,3,0,0,1,0,2,0,0,0,0,1,0,0,0,0,0,0,0,0,0,0,0,0,1,0,0,0,0,0,0,0,0,0,0,0,0,1,0,0,0,0,0,0,0,0,0,0,0,0,0,0,0,0,0,0,0,0,0,0,0,0,0,1,0,0,0,0,0,0,0,0,0,0,0,0,4,0,0,0,0,0,0,0,0,0,0,0,0,0,0,0,0,0,0,0,0,0,0,0,0,0,0,0,0,0,0,0,0,0,1,0,0,0,0,0,0,0,0,0,0,0,0,0,0,0,0,0,0,0,0,0,0,0,1,0,0,0,0,11,2,0,0,0,0,0,0,0,0,0,0,0,0,0,0,0,0,0,0,0,0,0,0,0,0,0,0,0,0,0,0,0,0,0,0,0,0,0,0,0,0,0,0,0,0,0,0,0,0,0,0,0,0,0,0,0,0,0,0,0,0,0,0,0,0,0,0,0,0,0,0,0,0,0,0,0,0,0,0,0,1,0,0,0,0,0,0,0,0,0,0,0,0,0,0,0,0,0,0,0,0,9,0,0,0,0,0,0,0,0,0,0,0,0,0,0,0,0,0,0,0,0,0,0,0,0,0,0,0,0,0,0,0,0,0,0,0,0,0,0,0,0,0,0,0,0,0,0,0,0,0,0,0,0,2,0,0,0,0,0,0,0,0,0,0,0,0,0,0,0,0,0,1,0,0,0,0,0,0,0,0,0,0,0,0,0,0,0,0,0,0,0,0,0,0,0,0,0,0,0,0,0,0,0,0,0,1,0,0,0,0,0,0,0,0,0,0,0,0,0,0,0,0,0,0,0,0,0,0,0,0,0,0,0,0,0,0,0,0,0,0,0,0,0,0,0,0,0,0,0,0,0,0,0,0,0,0,0,0,0,0,0,0,0,0,0,0,0,0,0,0,0,0,0,0,0,0,0,0,0,0,0,0,0,0,0,0,0,0,0,0,0,0,0,0,0,0,0,0,0,0,0,0,0,0,0,0,0,0,0,0,0,0,0,0,0,0,0,0,0,0,0,0,0,0,0,0,0,0,0,0,0,0,0,0,0,0,0,0,0,0,0,0,0,0,0,0,0,0,0,0,0,0,0,0,0,0,0,0,1,0,0,0,0,0,0,0,1,0,0,0,0,0,0,0,1,0,0,0,0,0,0,1,0,0,0,0,0,0,0,0,0,0,0,0,0,0,0,0,0,0,0,0,0,0,0,0,0,0,0,0,0,0,0,0,0,0,0,0,4,0,1,0,0,0,0,0,0,2,0,0,0,0,0,0,0,0,0,0,0,0,0,0,0,0,0,0,0,0,0,0,0,0,0,0,0,0,0,0,0,0,0,0,0,0,0,0,0,0,1,0,0,0,0,0,0,0,0,0,0,0,0,1,0,0,0,0,0,0,0,0,0,0,0,0,0,0,0,0,0,1,0
175,1015,ESCOLA MUNICIPAL PRO-MORAR BARIGUI-I,"RUA ARTHUR MARTINS FRANCO, 1803 - VILA BARIGUI - CIC",CIDADE INDUSTRIAL,-25.49525829,-49.33547548,75,0,3432,2752,248,136,0,2,3,8,45,1,1,1,0,8,2,1,19,1,1,0,0,2,2,2,0,0,2,19,2,1,0,5,0,1,1,2,0,0,0,61,0,1,4,1,37,1,2,0,0,0,0,1,0,0,3,0,0,0,0,0,0,0,0,0,6,47,0,2,0,0,9,1,4,0,0,4,0,0,29,15,0,0,28,1,17,17,5,0,1,1,0,0,21,2,6,0,0,0,0,0,0,0,0,0,1,0,4,0,1,0,0,1,55,1,1,0,0,1,0,0,3,0,0,0,0,2,0,0,1,11,0,2,254,1,1,4,96,2,2,0,10,66,0,1,0,0,2,5,0,0,1,0,4,0,0,0,0,6,0,0,1,0,1,0,1,0,0,0,0,0,0,1,0,0,1,1,2,0,0,0,4,0,0,0,0,3,14,0,0,0,4,1,0,0,1,3,0,0,0,0,0,0,1,7,0,0,0,2,0,0,1,0,0,0,0,0,0,0,0,0,0,0,6,1,0,1,0,0,0,2,0,4,1,0,0,0,0,0,0,1,1,0,1,142,3,1,2,0,0,0,0,0,1,0,0,0,0,0,0,0,0,3,0,3,0,0,0,0,0,0,0,4,2,0,1,1,0,0,0,0,0,0,0,0,0,0,1,0,66,2,1,0,0,1,0,0,33,2,1,0,1,0,1,0,0,0,26,0,0,0,7,0,0,1,7,0,0,5,3,1,0,0,0,0,0,1,0,0,0,0,0,0,0,0,0,0,0,0,0,0,0,0,0,0,0,0,0,0,3,0,0,0,0,1,0,0,0,2,0,0,0,0,0,0,0,0,0,0,0,0,0,0,1,0,0,1,3,1,0,2,1,0,0,0,0,0,0,0,0,0,0,0,0,1,0,0,0,0,0,0,1,0,0,0,0,0,0,0,0,18,0,0,0,0,0,0,0,0,0,1,0,0,1,0,0,0,0,0,0,0,0,0,0,0,0,0,0,0,0,0,1,0,1,0,0,0,0,0,0,0,1,0,0,2,0,1,0,0,2,0,0,0,0,0,0,0,2,0,0,0,4,4,1,1,0,0,0,2,0,1,216,0,0,0,0,5,1,0,0,0,1,1,11,0,0,1,1,121,2,0,0,8,0,0,6,23,2,0,0,76,0,2,6,18,0,0,0,4,0,7,0,1,0,1,40,0,0,3,1,0,0,0,0,0,0,0,2,0,0,0,0,0,0,0,0,1,0,0,0,0,0,0,3,0,0,0,0,0,0,0,4,98,1,2,0,0,3,6,0,3,32,3,1,0,0,1,6,5,3,5,2,0,0,0,0,1,3,67,0,0,1,7,0,0,0,1,0,0,0,0,0,0,2,0,0,0,0,1,0,0,1,20,0,0,2,2,0,0,0,0,0,0,0,0,17,0,0,14,0,0,0,0,25,0,0,0,0,5,0,6,0,0,6,0
175,1023,ESCOLA MUNICIPAL MANSUR GUERIOS,"RUA ESTRADA VELHA DO BARIGUI, 3200 - MORADIAS SABARA -  VILA CONQUISTA",CIDADE INDUSTRIAL,-25.50149543,-49.34851175,75,0,4282,3410,357,145,0,3,3,4,60,2,2,0,2,2,1,0,29,2,0,0,0,2,0,0,0,2,3,20,1,1,1,2,0,1,0,25,0,1,0,61,0,2,2,1,63,0,2,0,0,1,0,5,0,7,2,0,0,1,3,0,0,0,0,0,6,86,0,0,1,0,17,1,13,0,0,3,0,0,27,19,0,0,46,2,2,25,4,2,1,1,6,0,14,4,5,0,0,0,0,1,0,0,1,0,2,0,2,0,0,0,0,0,44,1,2,0,0,0,0,0,2,0,0,0,0,2,1,0,0,7,1,4,426,0,3,11,55,0,1,0,19,82,2,0,0,0,0,6,0,0,1,0,0,0,0,0,0,9,0,0,0,0,0,1,0,0,0,1,0,0,0,0,0,0,0,1,0,0,0,6,8,0,2,1,0,1,17,0,0,0,2,0,0,0,0,0,0,5,0,0,0,0,0,3,0,0,0,2,0,0,0,0,0,0,0,0,0,0,1,0,0,0,4,0,0,0,0,0,0,0,0,4,1,2,0,0,0,0,2,0,2,0,0,149,0,0,0,0,0,0,0,0,6,1,2,0,0,0,0,0,1,0,0,2,0,1,0,0,0,0,0,10,3,1,0,0,0,0,0,0,0,0,0,0,1,4,1,0,75,1,2,0,0,0,1,0,50,4,0,1,5,0,4,1,2,0,39,1,0,0,5,1,0,1,9,0,0,1,0,1,1,3,0,0,0,0,0,0,0,0,0,0,0,0,0,0,0,0,0,0,0,0,0,0,0,0,0,0,1,0,0,0,1,0,0,0,0,0,0,2,0,0,0,0,0,0,0,0,1,2,4,0,0,0,0,1,1,1,2,2,0,0,0,1,0,0,0,0,0,0,0,0,2,0,0,0,0,0,0,0,0,0,0,0,0,0,0,0,0,2,0,0,0,0,0,0,0,0,0,0,0,0,0,0,0,0,2,4,0,2,0,0,1,0,0,2,0,0,1,0,1,0,1,0,0,0,0,0,0,0,0,0,0,1,0,1,0,0,0,0,0,0,0,0,0,0,1,0,0,0,6,4,2,0,3,0,0,0,0,1,299,0,0,0,0,0,0,0,0,0,7,4,4,0,0,0,0,136,3,0,0,11,0,0,0,25,0,0,0,94,1,0,5,25,0,1,0,2,0,4,1,0,0,0,50,0,0,4,1,0,1,2,0,0,0,0,8,0,0,0,0,0,0,0,0,2,0,0,0,0,0,0,5,0,1,0,0,0,0,0,3,63,2,1,0,0,7,7,0,3,23,0,0,0,0,1,20,4,8,11,5,0,2,0,10,0,2,96,0,0,0,0,1,0,0,1,0,0,0,0,0,0,7,2,0,0,0,0,0,0,0,58,1,0,0,0,0,0,0,0,0,0,0,2,8,0,0,22,1,0,2,0,18,0,0,0,0,3,0,2,0,0,15,0
175,1031,ESCOLA MUNICIPAL ALBERT SCHWEITZER,RUA DECIO BARRETO 153-VILA NSA SRA DA LUZ,CIDADE INDUSTRIAL,-25.50373678,-49.32360338,75,0,4083,3366,299,207,0,2,0,8,53,0,3,0,0,5,1,0,28,3,0,0,0,4,1,0,0,1,4,19,1,1,0,9,0,2,2,6,1,2,0,39,1,0,2,1,24,0,4,0,0,0,0,2,0,2,1,0,0,0,8,0,0,0,0,3,14,70,0,11,0,3,5,1,6,0,1,3,2,0,32,36,0,0,39,0,5,26,7,0,0,0,0,0,25,0,1,2,0,0,0,0,0,1,0,0,0,2,4,0,0,0,0,0,76,3,1,0,0,0,0,0,1,0,0,0,0,0,0,0,4,4,0,4,228,0,1,0,125,3,0,1,10,137,1,0,0,0,0,12,0,0,3,0,3,0,0,0,0,21,0,0,3,0,0,0,0,3,0,0,0,0,3,0,0,1,0,1,2,0,0,1,4,0,0,0,0,9,31,0,0,0,7,1,0,0,0,1,0,2,0,0,0,10,0,9,0,0,0,5,0,1,1,0,0,0,0,0,0,0,1,0,0,0,7,0,0,6,0,0,0,0,0,2,1,0,0,0,2,0,0,0,1,0,1,232,0,0,0,0,0,1,0,0,6,1,1,0,0,0,0,0,2,0,0,0,0,0,0,0,0,0,0,4,2,0,0,0,0,0,0,0,0,0,0,0,0,0,1,3,81,6,0,0,1,0,1,1,25,6,0,0,3,0,4,0,0,0,33,0,0,0,1,1,0,1,5,0,0,0,4,0,0,0,0,0,0,0,0,0,0,0,0,0,0,0,0,0,0,0,0,0,0,0,0,0,0,0,0,0,5,0,0,0,0,0,0,0,0,2,0,0,0,1,0,0,0,0,0,1,4,2,0,1,1,0,0,0,0,0,0,2,0,1,2,1,0,0,0,1,0,1,2,0,2,0,2,0,0,0,0,0,0,0,0,3,0,0,0,0,0,8,0,0,0,0,0,0,3,0,0,0,4,0,0,0,0,0,1,0,0,0,0,0,0,0,0,0,0,0,0,0,1,2,2,0,2,0,0,0,0,0,0,0,0,0,0,5,0,0,0,0,0,0,0,0,1,0,0,1,0,0,4,3,4,0,0,1,0,1,0,1,75,0,0,0,0,4,2,0,0,0,2,5,3,0,0,0,0,226,1,1,0,9,0,0,1,24,0,2,0,100,0,0,10,32,0,0,0,0,0,5,1,0,0,0,59,0,0,0,1,0,0,1,1,0,0,0,1,0,0,0,0,0,0,0,0,0,0,0,0,0,0,0,6,0,0,0,0,0,2,0,2,102,0,0,1,1,4,5,0,9,22,0,0,0,0,0,2,5,8,2,2,0,0,1,1,1,3,91,0,0,2,3,2,0,0,8,1,0,0,0,0,0,1,0,0,0,0,0,0,0,0,41,0,3,0,2,0,0,0,0,0,0,1,2,9,0,0,23,0,0,7,0,68,0,0,0,0,0,0,44,0,0,10,0
175,1040,COLÉGIO ESTADUAL PROFESSOR ALCYONE MORAES DE CASTRO VELLOZO,R GOV CARLOS LACERDA- S/N CJ OSWALDO CRUZ II CIC -SUL,CIDADE INDUSTRIAL,-25.51291359,-49.3244871,75,0,4214,3373,313,173,0,1,2,10,44,4,5,0,0,4,1,0,24,1,0,0,1,3,0,3,1,0,1,10,1,1,0,8,0,0,1,13,1,0,0,53,0,1,0,1,26,1,2,0,0,0,0,3,0,0,1,0,0,0,21,2,0,0,0,4,5,43,3,3,0,1,12,0,17,1,2,5,0,0,45,23,1,0,39,1,5,20,15,0,1,3,3,0,20,2,2,3,0,0,0,1,0,0,2,0,1,0,3,0,0,1,0,3,63,1,1,0,0,0,0,0,0,0,0,0,1,2,1,0,0,8,1,3,286,1,1,6,104,3,1,0,12,96,1,0,0,0,0,21,0,2,2,0,0,0,0,0,0,31,0,1,2,1,1,0,0,0,2,1,0,0,5,0,0,1,5,0,0,0,0,0,1,0,2,2,0,5,17,0,0,1,14,0,0,0,0,5,1,3,0,0,0,3,0,10,0,0,0,1,0,0,0,0,0,0,0,0,0,0,0,0,0,0,4,0,0,0,0,0,0,0,0,0,1,1,0,0,0,1,1,0,0,0,1,243,0,1,0,0,0,2,0,0,0,2,0,0,0,0,0,0,1,0,0,0,0,0,0,0,0,0,0,17,0,2,0,0,0,0,0,3,0,0,0,0,0,1,1,1,78,6,6,0,0,2,0,0,35,1,2,0,0,0,3,0,1,1,27,0,0,0,1,0,0,0,8,0,0,4,12,0,0,0,0,0,0,0,1,0,0,0,0,0,0,0,0,0,0,0,0,0,0,0,0,0,0,0,0,0,2,0,0,0,0,0,0,0,0,2,0,0,0,0,0,0,0,0,0,1,4,1,3,0,0,0,0,1,0,2,0,2,0,1,0,1,2,0,0,2,0,0,1,1,0,0,0,0,0,0,0,0,0,0,0,0,0,0,0,0,0,6,1,0,0,2,0,0,0,0,1,0,0,0,0,1,0,0,0,0,0,0,0,0,1,0,0,0,0,0,0,0,1,0,1,0,0,0,0,0,0,0,0,0,0,0,0,3,0,0,0,0,2,0,0,0,2,1,0,2,0,0,1,2,2,8,3,0,0,0,0,2,92,4,0,1,0,1,0,0,0,2,3,3,1,0,0,0,0,199,0,0,0,6,0,0,2,24,2,0,0,88,1,1,7,53,0,1,0,2,1,10,0,1,0,0,54,1,0,1,3,0,0,0,2,1,0,0,0,1,0,0,0,0,2,0,0,2,0,2,0,0,0,0,0,0,0,0,0,0,2,0,5,146,0,1,0,1,3,5,0,7,24,21,1,0,1,0,1,2,5,12,2,0,1,4,0,0,1,90,0,0,1,4,1,0,0,4,2,0,0,0,1,0,1,0,0,0,0,0,3,0,0,25,0,0,0,2,3,0,0,0,0,0,0,6,22,1,2,19,0,0,0,0,39,0,0,0,0,2,0,22,0,0,6,0
175,1058,COLÉGIO ESTADUAL PROFESSOR BRASILIO VICENTE DE CASTRO,R STA ANGELA FOLIGNO 45 -CJ OSWALDO CRUZ I CIC-SUL,CIDADE INDUSTRIAL,-25.51157732,-49.32010007,75,0,4764,3904,357,172,0,2,6,9,33,3,3,0,0,1,1,1,27,2,0,0,3,6,0,0,0,2,5,7,1,5,0,2,0,2,2,12,1,1,0,38,0,1,2,1,30,0,1,0,0,0,0,3,2,1,3,0,0,0,7,2,0,0,0,1,3,55,2,6,0,0,19,1,11,0,0,2,0,1,48,29,1,0,41,0,9,15,11,1,1,0,1,0,42,2,5,1,0,0,0,0,1,0,0,0,2,1,2,0,1,0,0,1,108,0,0,0,0,0,0,0,0,0,0,0,2,2,0,0,0,0,2,1,206,0,0,2,79,5,0,0,14,188,0,0,0,0,1,15,0,1,0,0,0,0,0,0,0,31,0,0,1,0,0,0,0,0,0,1,1,0,0,0,0,0,1,0,0,0,0,4,5,0,4,2,0,8,26,0,0,1,16,0,0,0,0,3,0,3,0,0,0,3,0,5,0,0,0,0,0,0,0,0,0,1,0,0,0,0,0,0,0,0,11,0,0,2,0,0,0,4,0,1,0,2,0,0,1,0,0,0,0,0,0,399,2,1,0,0,0,3,1,1,2,0,0,1,1,0,0,0,1,0,0,0,0,0,0,0,0,0,0,16,1,1,1,2,0,0,0,2,0,0,0,0,0,0,1,4,118,5,1,0,0,1,0,1,38,1,0,0,0,0,0,0,1,1,38,1,0,0,3,0,0,0,10,0,0,3,4,0,0,0,1,0,0,0,0,0,0,0,0,0,0,0,0,1,0,0,0,0,0,0,0,0,0,0,0,0,4,0,0,0,0,0,0,1,0,2,0,0,0,0,0,0,0,0,0,0,5,2,3,0,4,0,2,1,0,0,1,5,0,0,2,1,0,0,0,1,0,0,0,0,2,0,2,0,1,0,0,0,1,0,0,0,0,0,0,0,0,7,0,0,0,0,0,0,0,0,0,0,0,0,0,0,0,0,1,0,0,1,1,0,4,0,0,1,0,0,0,0,0,0,2,0,0,0,0,0,0,0,1,0,0,0,0,5,0,0,0,0,0,0,0,0,1,0,0,0,1,0,13,4,7,2,2,0,0,0,0,4,72,2,2,0,0,3,0,0,0,2,3,6,2,3,0,0,0,235,1,0,0,24,0,0,5,30,0,0,1,143,0,0,4,27,0,1,0,2,0,10,0,5,0,0,55,0,5,1,1,0,0,1,3,0,0,0,4,0,0,0,0,0,0,0,0,0,0,0,0,0,0,0,2,0,0,0,0,1,0,0,5,150,1,1,0,0,5,12,0,19,32,2,0,0,0,0,2,1,9,9,3,0,0,1,0,0,2,107,0,0,2,11,0,0,0,12,1,0,0,0,0,0,1,0,0,0,0,2,0,0,0,20,0,2,0,1,6,0,0,0,0,0,0,4,19,2,1,39,0,1,0,0,107,0,0,0,0,0,0,32,0,1,21,1
175,1066,COLÉGIO ESTADUAL PROFESSORA DIRCE CELESTINO DO AMARAL,R PEDRO GUSSO 2020- CJ OSWALDO CRUZ I   CIC -SUL,CIDADE INDUSTRIAL,-25.5064019,-49.32051384,75,0,3281,2633,221,117,0,1,3,8,25,1,2,0,0,2,0,1,12,1,0,0,0,7,0,0,0,1,1,9,0,1,0,5,0,1,5,5,0,0,0,51,1,0,0,1,26,0,0,0,0,0,0,2,0,3,2,0,0,0,9,0,0,0,0,0,8,36,0,5,0,4,7,0,6,1,1,3,0,0,14,18,1,0,21,2,5,9,9,0,0,0,0,0,25,2,3,1,0,0,0,0,1,0,0,0,2,0,0,0,0,0,0,0,77,0,0,0,0,0,0,0,1,0,0,0,1,1,0,0,0,8,1,2,165,0,0,5,79,1,0,0,14,88,1,0,0,0,1,6,1,1,0,0,1,0,0,0,0,19,0,0,1,0,0,0,0,0,0,1,1,0,0,0,0,0,0,0,0,0,0,0,3,0,0,0,0,7,24,0,0,0,13,0,0,0,1,0,0,0,0,0,0,0,2,5,0,1,0,1,0,0,0,0,0,0,0,0,0,1,0,0,0,0,3,0,0,3,0,0,0,1,0,1,1,1,0,0,0,0,0,0,0,0,0,264,0,0,0,1,0,0,0,0,3,2,1,0,1,0,1,0,5,0,0,0,0,0,0,0,0,0,0,4,0,0,0,0,0,0,0,0,0,0,0,0,0,0,1,1,69,7,0,1,0,0,1,0,22,0,0,2,0,0,2,0,0,1,31,0,0,0,0,0,0,0,4,0,0,2,6,0,2,0,1,0,0,0,0,0,0,0,0,0,0,0,0,0,0,0,0,0,0,0,0,0,0,0,0,0,7,0,0,0,0,0,0,0,0,0,0,0,0,0,0,0,0,0,0,0,3,4,0,0,1,1,0,0,1,0,0,7,0,0,1,1,0,0,0,0,0,0,0,0,1,0,1,0,0,0,0,0,0,0,0,0,0,0,0,0,0,9,0,0,0,0,0,0,0,0,1,0,0,0,0,0,0,0,0,1,0,0,0,0,0,0,1,0,0,0,0,0,0,0,0,0,0,0,0,0,0,0,0,0,0,0,0,4,0,0,0,0,0,0,0,0,2,0,1,0,0,1,3,7,2,2,0,2,0,1,0,2,69,0,0,0,0,1,1,0,0,1,4,2,5,0,0,0,4,120,1,0,0,11,0,1,1,30,1,0,0,87,1,0,7,22,0,1,1,0,0,6,0,0,0,0,30,0,1,1,2,0,0,0,2,1,0,0,5,0,0,0,0,0,1,0,0,0,0,0,0,0,0,0,5,0,0,0,0,0,0,0,6,108,0,0,0,0,4,4,0,12,23,2,1,0,0,1,3,2,10,4,1,0,0,0,0,0,0,88,0,0,2,1,0,0,0,3,1,0,1,0,0,0,7,0,0,0,0,0,0,0,0,26,0,0,0,2,3,0,0,0,0,0,0,3,14,0,0,24,0,0,1,0,67,0,0,0,0,0,0,24,0,0,6,0
175,1074,ESCOLA MUNICIPAL DOM BOSCO,R NSA SRA DA CABECA 1181-CJ VISC MAUA/CJ RONDONCIC                1181,CIDADE INDUSTRIAL,-25.495794450000002,-49.31554344,75,0,1891,1595,97,74,0,0,3,2,21,1,1,0,0,4,0,0,12,0,1,0,0,6,0,0,0,2,2,5,0,0,0,8,0,0,1,4,1,0,0,25,0,1,0,0,10,0,2,1,0,0,0,1,0,3,2,0,0,0,2,0,0,0,0,0,4,19,2,3,0,0,6,0,8,0,0,3,0,1,16,4,0,1,7,0,4,7,4,1,2,0,4,0,8,1,2,0,0,0,0,0,1,0,2,0,3,1,0,0,0,0,0,0,44,0,0,0,0,0,0,0,2,0,0,0,0,1,0,0,0,3,0,0,65,0,0,1,57,1,0,0,5,57,0,0,0,0,1,6,2,0,2,0,0,0,0,0,0,12,0,0,0,0,1,0,0,0,1,1,0,0,0,0,0,0,0,0,2,0,0,0,1,0,0,0,0,0,17,0,0,0,0,0,0,0,0,0,0,0,0,0,0,0,0,2,0,0,0,0,0,0,0,0,0,0,1,0,0,0,0,0,0,0,5,0,0,0,1,0,1,0,0,2,0,0,0,0,2,0,0,0,0,0,0,184,0,0,1,0,0,0,0,1,0,0,0,0,0,0,0,0,0,0,0,0,0,0,0,0,0,1,0,4,1,0,0,0,0,0,0,0,0,0,0,0,0,0,0,3,63,3,0,0,1,2,0,0,13,2,1,0,0,0,1,0,0,1,16,0,0,0,10,0,0,0,3,0,0,1,1,0,0,0,0,0,0,0,0,0,0,0,0,0,0,0,0,0,0,0,0,0,0,0,0,0,0,0,0,0,0,0,0,0,0,0,0,0,0,1,0,0,0,0,0,0,0,0,0,0,2,0,0,0,3,2,1,0,0,0,0,3,0,0,0,0,0,0,0,0,0,0,0,0,0,0,0,0,0,0,0,0,0,0,0,0,0,0,0,0,0,1,0,0,0,0,0,0,0,0,0,0,0,0,0,0,0,0,0,0,0,1,0,1,0,0,0,0,0,0,0,0,1,0,0,0,0,0,0,0,0,0,0,0,0,0,0,3,0,0,0,0,0,0,0,0,0,0,0,0,0,0,6,0,3,0,0,4,0,1,0,2,44,0,2,0,0,0,0,2,0,1,1,9,0,0,0,0,0,96,1,0,0,9,0,0,0,16,0,0,0,45,0,0,4,13,0,0,0,1,0,0,0,0,1,0,22,0,1,0,0,0,2,1,0,0,0,0,0,0,3,0,0,0,0,0,0,1,0,0,0,0,0,0,1,0,0,0,0,0,0,0,1,59,0,0,0,0,2,1,0,2,3,0,0,0,0,0,0,3,1,2,5,0,0,0,0,0,7,45,0,0,0,5,0,0,0,1,0,6,0,0,0,0,1,0,0,0,0,0,0,0,0,10,0,0,0,1,1,0,0,0,1,0,0,0,11,0,0,12,0,0,2,0,63,0,1,0,0,1,0,11,0,0,11,0
175,1082,COLÉGIO ESTADUAL IVO LEAO,R NSA SRA DA CABECA 1183 -CJ VISC MAUA/CJ RONDON CIC SUL,CIDADE INDUSTRIAL,-25.49587022,-49.31673689,75,0,5558,4499,367,213,0,0,5,5,50,1,7,0,0,3,1,0,29,4,0,0,0,6,0,0,1,0,1,15,3,2,0,7,0,0,0,14,2,0,0,81,1,1,0,2,40,1,1,0,0,0,0,4,0,10,0,0,0,0,8,1,0,0,0,3,15,51,1,2,1,0,29,0,16,0,0,7,0,0,48,21,1,0,36,0,10,20,6,2,2,2,1,1,42,4,1,4,2,0,0,0,0,0,1,0,0,2,2,1,1,1,0,1,83,5,0,0,0,0,0,0,8,0,0,0,3,3,2,0,3,14,1,4,221,0,4,4,125,3,0,1,14,175,1,0,1,0,1,8,2,0,2,0,0,0,0,0,0,25,0,0,2,0,0,0,0,3,0,0,0,0,1,0,0,0,1,0,0,0,0,0,3,0,0,0,0,5,45,0,0,0,0,0,0,0,1,0,3,0,0,0,0,3,2,7,2,0,0,0,0,0,5,0,0,1,0,0,3,0,1,0,0,0,13,1,0,1,0,0,0,9,0,2,1,2,0,0,0,3,0,0,3,0,1,478,0,0,0,0,0,1,1,3,5,0,2,0,0,0,0,0,8,0,0,0,0,0,0,0,0,0,4,12,1,0,0,0,0,0,0,0,0,0,0,0,0,0,5,4,152,7,1,1,1,0,0,0,39,1,0,1,2,1,1,0,0,2,47,3,0,0,12,1,0,3,13,1,0,1,11,1,0,0,1,0,2,0,0,0,0,0,0,0,0,1,0,1,0,0,1,1,0,0,0,0,0,0,1,0,0,0,0,0,1,0,0,0,1,3,0,0,0,0,0,1,0,0,0,0,2,11,1,2,2,6,2,0,0,1,0,8,0,0,3,0,0,3,0,3,2,0,3,0,3,1,1,0,2,0,0,0,0,1,0,0,0,0,0,0,0,5,0,0,0,0,0,0,0,0,1,0,0,0,0,0,0,0,0,1,0,3,1,0,2,2,0,0,0,0,0,0,6,0,0,0,0,0,0,0,0,0,1,0,0,0,0,4,0,0,0,0,1,0,0,0,0,0,0,0,0,0,3,3,20,0,4,8,0,6,0,5,97,1,1,0,1,2,0,1,0,1,5,11,4,0,0,0,1,234,5,0,0,17,1,1,5,72,1,0,0,155,2,0,7,51,0,0,0,4,0,9,1,1,0,0,51,0,2,1,0,0,0,3,0,1,1,0,3,0,0,0,0,0,1,0,0,1,0,1,0,1,0,0,4,0,0,0,0,1,0,0,4,155,1,0,0,0,4,12,2,13,24,7,3,0,0,1,3,11,12,8,2,0,0,0,0,0,4,127,0,0,3,9,0,0,2,2,0,1,0,0,0,0,2,1,0,0,0,0,0,0,0,22,0,1,1,5,0,0,0,0,0,0,0,1,29,0,0,30,0,0,2,0,110,0,0,0,0,2,0,65,0,0,23,0
175,1090,ESCOLA MUNICIPAL JOAQUIM TAVORA,R ANGELINA T CAVALIM 90 -CJ OSWALDO CRUZ II CIC  SUL,CIDADE INDUSTRIAL,-25.5153144,-49.32646772,75,0,3614,2970,269,137,0,2,5,4,52,1,2,0,0,5,1,0,27,1,0,0,0,2,0,0,0,0,0,21,3,0,0,8,0,0,3,18,0,0,0,44,1,0,1,1,29,0,0,0,1,0,0,3,0,1,0,0,0,0,11,0,0,0,1,1,9,31,1,1,0,1,12,0,18,0,1,4,0,0,34,36,2,0,64,0,4,16,14,0,1,1,0,0,19,0,2,0,0,0,0,0,0,0,2,0,0,0,9,0,1,0,0,1,59,0,1,0,0,0,1,0,0,0,0,0,2,0,0,0,0,6,1,1,320,0,0,7,78,5,2,0,14,71,0,1,0,0,0,25,0,0,7,0,1,0,0,0,0,17,0,0,2,0,0,0,0,0,0,0,0,0,0,0,0,0,0,0,1,0,0,2,1,0,2,0,0,18,18,1,0,0,14,0,0,0,0,0,0,1,0,0,0,0,0,3,0,1,0,0,0,0,1,0,0,2,0,0,0,0,0,0,0,0,3,0,0,0,0,0,0,0,0,0,1,5,0,0,0,0,0,0,0,0,2,185,0,1,1,0,0,0,0,0,3,0,0,0,0,0,0,0,2,0,0,0,1,0,0,0,0,0,1,14,0,1,0,2,0,0,0,0,0,0,0,0,0,0,0,3,58,4,8,1,0,0,0,0,38,1,0,0,1,0,2,0,0,0,32,1,0,1,1,1,0,1,4,0,0,1,3,0,0,0,0,2,0,0,0,0,0,0,0,0,0,0,0,0,0,0,0,0,0,0,0,0,0,0,0,0,2,0,0,0,1,0,0,1,0,0,0,0,0,0,0,0,0,0,0,1,5,0,0,0,1,0,0,1,1,0,2,3,0,0,1,0,1,0,0,0,0,0,0,0,1,0,1,0,0,0,0,0,0,0,0,1,0,0,0,0,0,9,0,0,0,0,0,0,2,0,0,0,0,0,0,0,0,0,0,0,0,0,0,0,0,0,1,0,0,0,0,0,3,0,2,0,0,0,0,0,0,0,1,0,0,0,0,0,0,0,0,0,0,0,0,0,0,1,1,3,1,0,4,8,6,4,1,0,0,0,0,0,100,0,0,1,0,3,0,0,0,2,17,1,5,0,0,0,0,138,8,0,0,9,0,0,0,20,0,0,2,72,0,0,2,22,0,1,0,1,0,6,3,1,0,0,27,1,1,1,0,0,0,0,0,0,0,0,5,0,0,0,0,0,1,0,0,0,0,0,0,0,0,0,1,0,0,0,0,0,1,0,0,104,0,0,0,1,4,1,2,13,27,3,0,0,0,2,8,5,9,5,1,0,0,1,0,0,1,87,0,0,1,5,0,0,0,4,0,0,0,0,0,0,1,0,0,0,1,0,2,0,0,36,0,0,0,0,0,1,0,0,0,0,0,4,21,0,0,18,0,0,0,0,40,0,0,0,0,0,0,18,0,1,11,0
175,1104,ESCOLA MUNICIPAL CEI MONTEIRO LOBATO,R GUILHERME FUGMANN- 501 VL N SRA DA LUZ  DOS PINHAIS,CIDADE INDUSTRIAL,-25.50136033,-49.32031923,75,0,2536,1983,181,102,0,2,2,4,36,2,5,0,0,3,0,0,13,2,0,0,0,5,0,0,0,2,4,8,1,5,0,8,1,1,1,1,1,0,0,30,0,0,2,2,24,0,0,0,0,1,1,2,0,0,1,0,0,0,2,0,0,0,0,1,11,27,0,6,1,0,3,1,8,0,2,6,0,0,19,13,0,0,19,0,12,13,5,1,0,0,0,0,22,0,3,1,0,0,0,0,0,0,1,0,0,0,0,0,0,0,0,0,44,1,1,0,0,0,0,0,0,0,0,0,0,2,0,0,2,6,1,0,122,1,0,1,50,3,1,2,11,59,1,0,0,0,0,10,0,0,8,0,2,2,0,0,3,27,0,0,4,0,0,0,1,0,0,0,0,0,1,1,0,0,2,0,0,0,0,0,1,0,0,0,0,0,18,2,0,0,0,0,0,0,0,0,0,2,0,0,0,4,2,3,0,0,0,1,0,0,0,0,0,0,0,0,0,0,0,0,0,0,3,0,0,2,0,0,1,0,0,0,1,0,0,0,0,0,0,0,0,0,0,162,0,2,0,0,0,1,0,0,0,0,0,1,0,0,0,0,3,0,0,1,0,0,0,0,0,0,0,8,0,2,0,0,0,0,0,0,0,0,0,0,0,0,2,2,70,4,0,0,0,0,3,1,20,2,0,1,0,0,0,0,0,1,19,0,0,0,2,2,0,0,1,0,0,0,4,0,0,0,0,0,0,0,0,0,0,0,0,0,0,0,0,0,0,0,1,0,0,1,0,0,0,0,0,0,2,0,2,0,0,0,0,0,0,0,0,0,0,0,0,0,0,0,0,0,1,0,1,0,6,0,0,0,0,0,0,2,0,0,1,0,0,0,0,2,0,0,0,0,0,0,0,0,0,0,0,0,0,0,0,0,0,0,0,0,0,1,0,0,0,0,0,0,0,0,0,0,0,0,0,0,0,0,0,0,0,1,0,0,2,1,0,0,0,0,0,0,0,0,1,0,0,0,0,0,0,0,0,0,0,0,0,1,0,0,0,0,2,0,0,0,0,0,1,0,0,0,1,1,4,1,1,0,0,0,0,0,42,0,1,0,0,1,0,0,0,0,1,2,4,0,0,0,0,107,2,0,0,8,0,0,0,22,1,1,0,56,0,0,5,10,0,0,0,0,1,2,0,0,0,0,18,0,0,3,0,0,0,0,1,0,0,0,1,0,0,0,0,0,0,0,0,0,0,0,0,0,0,0,5,0,0,0,0,0,0,0,1,59,0,0,0,0,2,1,1,7,20,0,0,0,0,0,0,3,3,4,1,0,0,0,0,0,1,44,1,0,2,0,0,0,0,4,0,0,0,0,0,0,4,0,0,0,0,3,0,0,0,12,0,0,0,3,0,1,0,0,0,0,0,1,10,0,0,26,0,0,0,0,51,1,0,0,0,0,0,23,0,0,9,1
175,1112,ESCOLA MUNICIPAL NOSSA SENHORA DA LUZ DOS PINHAIS,RUA DAVI XAVIER DA SILVA   841   VL N. S. DA LUZ DOS PINHAIS CIC SUL,CIDADE INDUSTRIAL,-25.50813613,-49.32545629,75,0,2483,1966,179,95,0,1,4,2,40,0,1,0,0,5,0,0,13,2,0,0,0,4,1,0,1,0,2,15,2,1,1,4,0,0,1,6,0,0,0,28,0,2,0,0,16,0,1,0,0,0,0,1,0,2,1,0,0,0,4,0,0,0,0,1,6,25,0,6,0,0,11,0,5,0,1,4,3,0,17,20,0,0,29,0,3,19,5,0,2,0,1,0,16,1,3,1,0,0,0,0,1,0,0,0,0,1,0,0,1,0,0,1,52,0,0,0,0,0,0,0,0,0,0,0,1,1,2,0,1,1,1,1,152,0,0,0,57,2,0,0,3,62,0,0,0,0,1,3,0,1,0,0,0,0,0,0,0,10,0,0,1,0,0,0,0,0,0,0,0,0,0,0,0,0,0,0,0,0,0,2,1,0,1,0,0,10,10,0,0,0,5,0,0,0,0,4,0,3,0,0,1,2,2,2,0,0,0,0,0,0,1,0,0,0,0,0,0,0,0,0,0,0,4,0,0,0,0,0,0,3,0,1,0,0,0,0,2,0,0,0,0,0,1,129,0,0,0,0,0,0,0,0,1,0,0,0,0,0,0,2,0,0,0,0,0,0,0,0,0,0,0,3,1,0,0,0,0,0,0,0,0,0,0,0,0,0,0,3,49,4,2,0,0,0,0,0,18,4,0,1,2,0,0,0,0,2,23,1,0,0,1,0,0,0,7,0,0,0,5,0,0,1,0,0,0,0,0,0,0,0,0,0,0,0,0,0,0,0,0,0,0,0,0,0,0,0,0,0,3,0,0,0,0,0,0,0,0,0,0,0,0,0,0,0,0,0,0,0,2,1,2,0,0,0,0,0,0,0,0,1,0,0,3,1,3,0,0,1,0,0,1,0,0,0,0,0,0,0,0,0,1,1,0,0,0,0,0,0,0,7,0,0,0,0,0,0,5,0,0,0,0,0,0,0,0,0,1,0,0,1,1,0,1,0,0,0,0,0,1,0,0,0,0,0,0,0,0,0,0,0,0,0,0,0,0,1,0,0,0,0,0,0,0,0,1,0,0,0,0,0,2,2,1,0,0,0,0,1,0,0,50,0,3,0,0,3,5,0,0,0,0,0,2,0,0,0,2,123,1,0,0,2,0,0,4,12,0,0,0,67,0,0,10,18,0,0,0,0,0,4,0,0,0,0,35,0,0,3,0,0,0,3,3,0,0,0,1,0,0,0,0,1,0,0,0,0,0,0,0,1,0,0,5,0,0,0,0,0,0,1,3,62,0,0,0,2,1,5,3,10,6,3,0,0,0,0,8,5,5,1,0,0,0,0,0,0,0,36,0,0,0,0,0,1,0,6,1,0,0,0,0,0,1,0,0,0,0,0,1,0,0,27,0,1,1,1,0,0,0,1,0,0,0,1,20,1,0,9,0,0,0,0,36,0,0,0,0,0,0,17,0,0,3,0
175,1198,ESCOLA MUNICIPAL PROFESSORA JOANA RAKSA,"RUA FRANCISCA BERALDE PAOLINI, 99 - CAXIMBA",CAXIMBA,-25.61890847,-49.34854978,70,0,2680,2067,243,100,0,2,2,1,33,1,2,0,0,5,1,0,28,1,0,0,0,3,0,0,0,0,2,13,2,2,1,4,0,0,1,11,0,0,0,41,0,1,0,1,37,0,1,0,0,0,0,0,0,1,0,0,0,0,18,0,0,0,0,0,5,60,0,1,0,0,3,0,2,0,1,0,0,0,14,9,0,0,20,0,9,18,5,0,0,0,0,0,0,0,1,2,1,0,0,0,0,0,0,0,0,3,0,0,1,0,0,0,45,2,0,0,0,0,0,0,0,0,0,0,0,0,1,0,1,8,0,6,135,0,0,2,39,1,0,0,8,42,1,0,0,0,0,4,0,0,0,0,0,0,0,0,1,8,0,0,2,0,0,0,1,0,1,36,0,0,1,0,0,0,1,0,1,0,1,1,11,1,0,0,0,2,12,0,0,0,0,0,0,0,0,0,0,0,0,0,0,0,0,2,1,1,0,0,0,0,0,0,0,0,0,0,0,2,1,0,0,0,3,0,0,0,0,0,0,1,0,0,0,1,0,0,1,0,1,0,0,0,34,71,0,0,0,0,0,0,6,0,2,0,1,1,0,0,0,0,1,0,0,0,0,0,0,0,0,0,3,3,0,6,1,0,0,0,0,0,0,0,0,0,0,0,0,2,31,0,1,2,1,0,1,1,27,2,2,0,0,0,3,0,2,0,26,3,0,0,1,3,0,0,3,0,0,0,29,0,0,0,0,0,1,0,0,0,0,0,0,0,0,0,0,0,0,0,0,0,0,0,0,0,0,0,0,0,1,0,0,0,0,0,0,0,0,1,0,1,0,0,0,0,0,0,0,0,4,0,0,0,0,0,1,0,0,0,0,3,0,0,0,0,0,0,0,1,0,0,0,0,0,0,0,0,0,0,0,0,0,0,0,0,0,0,0,0,0,0,0,0,0,0,0,0,2,0,0,0,0,0,0,1,0,0,0,0,0,0,0,0,0,0,0,0,0,0,0,0,0,0,5,0,0,0,0,0,0,0,0,0,0,0,0,6,0,0,0,0,0,0,0,0,0,0,0,0,0,0,9,2,2,1,0,1,0,1,0,0,122,0,0,0,0,16,0,3,0,0,4,0,3,0,0,0,0,86,2,0,0,0,0,0,1,2,0,1,1,53,0,0,4,37,0,0,1,2,0,2,1,2,1,0,42,0,0,0,2,0,1,1,1,1,0,0,0,0,0,0,0,0,1,0,0,0,0,0,0,0,0,0,0,0,0,0,0,0,0,0,1,32,0,0,0,3,7,3,0,3,25,9,0,0,0,0,0,0,2,5,0,0,0,0,0,0,1,65,0,0,0,5,0,0,0,0,0,0,0,0,0,0,1,0,0,0,0,0,0,0,0,30,1,1,0,2,0,0,0,1,0,0,0,1,20,0,0,1,0,0,0,0,26,0,1,0,0,0,0,1,0,0,13,0
175,1201,ESCOLA ESTADUAL GUILHERME PEREIRA NETO,"RUA DELEGADO BRUNO DE ALMEIDA, 4386 - CAMPO DE SANTANA",CAMPO DE SANTANA,-25.59478532,-49.3223243,71,0,2762,2142,224,127,0,0,1,3,30,1,2,0,0,3,0,1,9,1,0,0,0,0,0,0,0,1,1,13,5,2,0,3,0,2,1,6,0,0,0,21,1,0,0,0,31,0,0,0,0,0,0,0,0,1,2,0,0,0,1,0,0,0,0,0,4,35,0,0,0,0,3,0,3,0,3,4,0,0,37,4,0,1,20,0,4,4,3,0,0,3,0,0,8,1,2,0,0,0,0,1,0,0,1,0,0,1,0,0,2,1,0,1,47,0,1,0,0,0,0,0,1,0,0,0,0,2,0,0,0,6,0,2,145,0,1,3,29,2,0,0,3,37,0,0,3,0,0,14,0,1,0,0,0,0,0,0,1,15,0,0,0,0,0,0,0,0,0,22,0,0,0,1,0,0,1,0,2,0,0,1,18,0,0,0,0,1,10,0,0,0,1,0,0,0,0,0,1,0,0,0,0,0,4,1,0,0,0,1,0,0,0,0,0,0,1,0,0,0,0,0,0,0,4,1,0,0,0,0,0,1,0,1,1,0,1,0,0,0,0,1,2,0,4,108,0,0,0,0,4,0,0,0,2,0,0,0,0,0,0,0,2,0,0,0,0,0,0,0,0,0,0,5,1,4,0,0,1,0,0,0,0,0,0,0,0,0,0,2,53,7,0,0,1,0,0,0,18,0,2,0,0,0,2,0,0,0,35,0,0,0,1,1,0,1,2,0,0,3,10,0,0,0,0,0,0,0,0,0,0,0,0,0,0,0,0,0,0,0,0,0,0,0,0,0,0,0,0,0,1,0,0,0,0,1,0,1,0,1,0,1,0,0,0,0,0,0,0,0,3,2,0,0,2,2,1,0,0,0,0,1,0,0,0,0,1,0,0,1,0,0,1,0,2,0,0,0,0,0,0,0,0,1,0,1,1,0,0,0,0,0,0,0,0,0,0,0,0,0,0,1,0,0,0,1,0,0,0,0,0,0,0,0,1,0,1,1,0,0,0,0,0,0,0,0,0,0,0,0,0,0,0,0,0,0,0,3,0,2,0,0,0,0,0,0,0,0,0,0,0,0,2,2,1,1,0,2,0,0,0,1,128,1,2,1,0,12,1,1,0,0,1,1,6,0,0,0,0,89,3,0,0,2,0,0,0,21,0,0,0,64,0,1,10,11,0,0,1,2,0,4,0,0,1,0,43,0,0,0,3,1,0,8,3,0,0,0,3,0,1,0,0,0,0,0,0,0,0,0,0,0,0,0,0,0,0,0,0,0,2,0,3,77,0,0,0,0,5,3,1,17,27,2,0,0,0,0,1,3,8,8,0,0,0,0,0,0,2,74,0,0,1,2,1,0,0,1,0,0,0,0,0,0,3,0,0,0,0,0,1,1,0,25,0,0,0,2,0,0,0,0,0,0,0,0,22,0,0,10,0,0,1,2,48,0,0,0,0,1,0,1,0,0,21,0
175,1210,ESCOLA MUNICIPAL CEI PROFESSOR ANTONIO PIETRUZA,"RUA JOAO AMADEU PEDRO BOM, 135 -VILA PALMEIRA",TATUQUARA,-25.55090549,-49.29463016,74,0,3297,2673,331,147,0,12,2,6,35,3,7,0,0,6,0,0,23,3,0,0,0,2,1,3,2,2,4,14,2,1,0,8,0,0,1,12,1,0,0,111,0,2,1,0,20,0,3,0,1,0,1,1,0,0,20,0,0,0,1,0,0,0,0,0,14,30,0,1,0,0,9,2,5,0,1,2,0,0,31,16,0,0,32,0,16,7,13,0,0,0,0,0,18,3,4,1,0,0,0,0,0,0,0,0,3,0,2,1,1,0,0,1,42,1,0,1,0,0,1,0,2,0,0,0,0,1,0,0,1,8,1,2,136,0,0,4,33,2,0,0,11,61,0,0,0,0,0,13,0,0,0,0,0,0,0,0,0,12,0,0,0,0,0,1,6,0,0,3,0,0,0,0,0,0,0,1,0,0,0,0,3,0,1,0,0,5,11,0,0,0,0,0,0,0,1,0,0,0,0,0,0,0,0,8,0,0,0,0,0,0,1,0,0,0,0,0,0,0,0,0,0,0,2,0,0,10,0,0,0,0,0,3,1,0,1,0,0,4,0,0,1,0,5,144,0,0,0,2,0,0,0,0,1,0,0,0,0,0,0,1,1,0,0,0,0,0,0,0,0,0,0,25,0,10,0,0,0,0,0,0,0,0,0,0,1,0,0,0,67,4,2,2,2,0,1,1,32,3,0,0,2,0,0,0,0,3,25,1,1,0,8,0,0,0,4,0,0,5,1,0,0,5,0,8,0,0,0,0,0,0,0,0,0,0,0,0,0,0,0,0,0,0,0,0,0,0,0,0,5,0,0,0,1,0,0,0,0,0,0,1,0,0,0,0,0,0,0,0,0,2,0,0,0,2,0,0,0,0,0,4,0,0,1,1,1,0,0,0,0,0,0,0,0,0,0,0,0,0,0,0,1,0,0,2,0,0,0,0,0,1,0,0,0,0,0,0,0,0,2,0,0,0,1,0,0,0,0,0,0,0,1,5,1,0,0,3,0,0,0,0,0,0,2,0,0,0,0,0,0,0,0,0,0,0,0,0,0,0,0,0,0,0,0,0,0,0,0,0,0,0,3,0,4,0,0,7,0,1,0,5,94,0,0,0,0,10,0,0,0,0,0,1,2,0,1,1,0,107,0,0,0,17,0,0,1,15,0,0,0,126,0,0,15,9,0,0,0,2,2,4,1,1,0,0,54,0,0,0,0,2,0,0,1,2,0,0,2,0,0,0,0,0,0,0,0,0,0,0,0,0,0,0,1,0,0,0,0,0,0,0,5,80,0,0,0,0,3,4,0,22,29,1,0,0,0,1,0,0,4,10,1,0,0,0,0,0,0,71,0,2,0,3,0,0,0,0,0,0,0,1,0,0,2,0,1,0,0,0,0,0,0,26,0,1,0,3,0,0,0,0,0,0,0,0,25,0,0,11,1,0,0,1,27,0,0,0,0,0,0,11,0,9,26,0
175,1236,ESCOLA MUNICIPAL PROFESSORA AMERICA DA COSTA SABOIA,"RUA EMILIO ROMANI, 2480 - VILA VERDE - CIC SUL",CIDADE INDUSTRIAL,-25.53143504,-49.33495486,75,0,3663,2881,375,179,0,3,7,9,39,1,5,2,0,8,0,0,28,2,0,1,0,0,1,0,0,2,3,10,2,4,0,8,0,3,3,1,0,4,0,65,0,0,0,0,30,0,4,0,0,0,0,2,0,1,0,0,0,0,5,0,0,0,0,1,14,41,0,2,0,2,6,1,6,0,1,3,0,0,24,13,2,3,35,0,5,15,24,0,0,0,0,1,15,0,1,1,0,0,0,0,0,1,0,0,6,0,0,0,0,0,1,3,47,0,1,0,0,0,1,0,0,0,0,0,1,2,1,0,0,3,0,1,287,0,0,5,33,4,2,0,2,98,0,0,0,2,0,13,0,0,1,0,0,0,0,0,0,24,0,0,4,0,0,0,0,0,0,0,0,0,0,0,0,0,0,1,0,0,0,3,5,0,0,1,0,4,7,0,0,0,0,0,0,0,0,0,2,1,0,0,0,0,0,18,0,0,1,0,0,0,0,0,0,0,0,0,2,0,0,0,2,0,5,0,0,1,0,0,0,1,0,1,3,1,0,0,1,1,0,0,0,0,1,129,0,0,0,0,0,5,0,3,2,0,4,0,0,2,0,0,3,0,0,0,0,0,0,0,0,0,4,4,1,0,0,0,0,0,0,0,0,0,0,0,0,0,2,0,48,6,0,0,1,0,1,0,23,0,0,0,0,1,1,0,1,1,15,1,1,0,0,0,0,1,4,1,0,2,7,0,1,0,0,0,1,0,0,0,0,0,0,0,0,0,0,0,0,0,0,0,0,0,0,0,0,0,0,0,0,0,0,0,0,0,0,0,0,0,0,1,0,0,0,0,0,0,0,2,3,1,0,0,2,0,1,0,0,1,1,0,0,0,0,0,0,0,0,1,1,0,0,0,0,0,0,0,0,0,0,0,0,0,0,0,0,0,0,0,0,1,0,0,0,1,0,0,1,0,2,0,0,0,0,0,0,0,0,0,0,5,2,0,1,0,0,0,1,0,0,0,1,0,2,0,0,0,0,0,0,0,0,0,0,0,0,0,0,0,0,0,2,0,0,0,0,2,0,0,0,0,5,2,4,9,1,2,0,5,0,1,292,0,0,0,0,5,0,2,0,0,6,2,1,0,0,0,0,103,0,0,0,10,0,0,0,14,1,0,0,74,2,0,9,19,0,0,0,0,0,4,0,0,0,0,46,0,0,1,0,0,0,1,0,0,0,0,1,1,0,0,0,0,0,0,0,0,0,0,0,0,0,0,0,0,0,0,0,0,0,0,1,78,0,2,0,0,4,7,0,3,31,0,1,0,0,2,0,1,11,9,0,0,1,4,0,0,0,58,0,0,0,1,0,2,1,2,0,0,0,0,2,1,0,1,0,0,1,0,0,0,1,17,1,1,0,2,3,0,0,1,0,0,0,0,18,0,0,19,0,0,1,0,15,0,0,0,0,0,0,3,0,0,13,0
175,1244,ESCOLA MUNICIPAL DONA POMPILIA,"RUA JOVENILSON AMERICO DE OLIVEIRA, 240 - JARDIM DA ORDEM - TATUQUARA",TATUQUARA,-25.55962911,-49.33205558,74,0,4384,3496,408,166,0,4,1,4,62,1,4,0,0,8,2,1,22,4,0,1,1,1,0,0,0,2,3,21,4,1,0,17,2,0,8,9,0,1,0,91,1,4,0,3,37,1,4,0,0,0,0,1,0,2,1,0,0,0,7,0,0,1,0,0,13,130,1,2,0,0,9,0,8,0,0,3,0,0,38,28,0,0,48,0,8,12,6,0,2,1,3,0,12,0,15,2,0,1,0,0,0,0,0,0,2,2,1,0,0,0,2,3,57,1,2,2,0,0,1,0,1,0,0,0,1,2,1,0,0,14,0,6,256,0,0,5,30,19,0,1,12,87,0,0,2,0,0,65,0,4,0,0,1,2,0,0,1,21,0,0,1,0,0,0,0,0,0,4,0,0,1,1,0,1,0,3,1,0,0,1,8,0,0,0,1,4,23,0,0,0,3,0,0,0,0,0,0,5,0,0,0,0,0,2,0,0,0,0,0,0,0,0,0,0,0,0,1,0,0,0,0,0,4,0,0,1,0,0,0,0,0,2,3,1,0,0,0,0,0,0,0,0,1,143,4,0,0,0,0,0,0,0,0,2,0,0,0,0,0,0,1,0,0,0,0,0,0,0,1,0,1,11,1,1,0,0,0,0,0,0,0,0,0,0,0,0,2,0,52,3,1,1,0,0,0,0,36,4,1,0,1,0,1,0,1,1,48,2,0,0,0,1,0,0,11,0,0,4,10,0,0,0,0,0,5,0,0,0,0,0,0,0,0,0,0,0,0,0,0,0,0,0,0,0,2,0,0,0,6,0,0,0,0,1,0,0,4,14,0,2,0,0,0,0,2,0,0,2,0,1,0,0,2,2,0,0,0,0,0,5,0,0,0,0,0,0,0,0,0,1,0,0,1,0,0,0,0,0,0,0,0,0,0,0,0,0,0,0,0,1,0,0,0,0,0,0,3,0,0,0,0,0,0,0,0,0,0,0,0,0,5,0,1,0,0,3,0,0,0,0,1,0,0,0,0,0,0,0,0,0,0,0,0,5,0,5,0,0,0,0,0,0,0,0,1,0,0,0,0,0,7,0,6,0,1,1,0,2,0,0,128,0,1,1,0,5,0,0,0,0,1,0,3,1,0,0,1,142,12,0,1,12,0,0,4,21,0,1,0,109,0,1,14,68,0,0,0,3,0,5,0,1,3,0,89,1,0,3,1,0,0,1,3,0,1,0,1,0,0,0,0,0,0,0,0,1,0,0,0,0,0,0,1,0,0,0,0,0,0,0,2,97,0,0,0,0,7,2,0,29,49,2,0,0,0,0,1,7,8,19,1,0,0,1,1,0,0,97,0,0,0,3,0,0,0,5,0,1,0,0,0,0,1,0,0,0,0,0,1,0,0,41,0,2,0,2,0,0,0,0,0,0,0,0,35,0,0,12,1,0,1,2,19,2,0,0,1,5,0,2,0,2,29,0
175,1260,ESCOLA MUNICIPAL PROFESSOR DARIO PERSIANO DE CASTRO VELLOZO,"RUA DESEMBARGADOR CID CAMPELLO, 4630  CIC SUL",CIDADE INDUSTRIAL,-25.50955845,-49.33538075,75,0,3620,2811,338,156,0,1,3,6,39,2,2,0,0,2,0,0,21,3,0,0,1,0,1,1,0,2,0,13,2,2,1,12,0,2,4,21,0,0,0,48,1,2,1,2,36,0,1,1,0,0,0,0,0,1,0,0,0,0,7,0,0,0,0,0,4,32,11,1,0,1,1,0,12,0,2,5,0,0,17,26,1,0,35,0,3,16,11,0,0,1,0,0,13,1,0,0,0,0,0,0,0,0,0,0,3,0,0,0,0,0,0,1,33,0,1,0,0,0,0,0,1,0,0,0,0,3,0,0,1,2,0,5,277,0,0,2,75,1,0,0,10,59,1,0,0,1,0,30,0,0,0,0,0,0,0,0,0,27,0,0,2,0,0,0,0,0,1,0,0,1,0,0,0,0,0,1,0,0,0,1,9,0,1,0,0,0,22,0,0,0,4,0,0,0,0,0,0,0,0,0,0,0,0,4,0,0,0,1,0,0,0,0,0,0,1,0,0,0,0,0,0,0,1,0,0,2,0,0,0,0,0,5,2,1,1,0,0,0,0,0,0,0,1,171,3,5,2,0,0,0,0,1,1,1,0,0,1,0,0,0,3,0,0,0,0,0,0,0,0,0,0,4,1,4,0,2,0,0,0,0,0,0,0,0,0,0,0,1,59,7,2,0,0,0,0,0,35,0,0,0,0,0,2,0,0,1,26,2,0,0,4,0,0,4,6,0,0,4,3,0,0,0,0,0,0,0,0,0,0,0,0,0,0,0,0,0,0,0,0,0,0,0,0,0,0,0,0,0,6,0,0,0,0,0,0,0,0,0,0,0,0,0,0,0,0,1,0,2,2,3,0,0,0,0,1,0,0,1,0,5,0,0,1,0,1,0,0,0,0,0,0,0,0,0,0,0,3,0,0,0,0,1,0,1,0,0,0,0,0,17,0,0,0,0,0,0,0,0,2,0,0,0,0,0,0,0,0,0,0,1,0,0,3,0,0,0,0,1,0,0,1,0,4,0,0,0,0,0,0,0,0,0,1,0,0,0,0,0,0,0,0,0,0,0,0,2,2,0,0,0,4,1,0,0,1,1,0,4,0,0,138,0,0,0,0,1,0,0,0,1,4,2,7,2,0,1,0,114,1,0,0,14,0,0,1,26,1,0,0,85,1,0,0,37,0,1,0,0,0,9,1,2,2,0,48,1,1,0,0,1,0,0,0,2,0,0,2,0,0,0,0,1,0,0,0,0,0,0,0,0,0,0,0,0,0,0,0,0,0,0,8,77,0,0,0,1,3,1,2,6,37,2,0,0,0,1,2,5,3,6,0,0,0,0,0,0,1,95,0,0,1,1,0,1,0,2,0,0,0,0,0,0,2,0,0,0,0,0,0,0,0,29,0,1,0,0,0,0,0,0,0,0,0,0,11,0,0,23,0,0,0,0,11,0,0,0,0,0,0,16,0,0,5,1
175,1279,COLEGIO ESTADUAL RODOLFO ZANINELLI,"RUA ANTÔNIA MOLINA BELLA, 610 - VILA VERDE - CIC",CIDADE INDUSTRIAL,-25.52727004,-49.33429867,75,0,5051,4039,545,244,0,3,11,7,63,1,6,1,0,7,0,1,29,0,0,1,1,3,0,2,0,0,2,18,1,0,0,11,1,3,1,8,0,7,0,63,0,3,4,3,41,0,12,0,0,0,1,3,0,0,3,0,0,1,1,0,0,1,1,0,10,57,0,0,0,0,10,0,6,0,5,1,2,0,42,23,0,3,43,1,8,15,36,0,0,1,0,0,35,2,2,2,0,0,0,0,0,0,1,0,9,1,1,0,0,0,1,1,39,0,0,0,0,0,0,0,0,0,0,0,0,5,1,0,2,7,2,4,385,0,0,8,44,6,1,0,9,139,0,0,0,0,0,35,0,1,0,0,0,0,0,0,2,29,1,0,2,0,0,0,0,0,1,0,0,1,0,0,0,0,0,1,0,0,0,2,5,0,1,1,0,6,7,0,0,0,0,1,0,1,0,0,0,1,0,1,0,0,1,15,0,0,0,10,0,0,0,0,0,0,0,0,0,0,0,0,0,0,8,0,0,0,0,0,0,3,0,3,0,2,1,0,0,0,1,0,2,0,3,147,0,0,0,0,0,0,0,0,4,0,0,0,0,0,0,0,0,0,0,0,0,0,0,0,0,1,3,6,1,2,0,0,0,0,0,1,0,0,0,0,0,0,0,3,95,6,1,3,1,1,0,2,58,4,0,0,6,0,1,0,2,1,22,1,0,0,7,1,1,0,18,0,0,1,4,2,0,0,0,0,0,0,0,0,0,0,0,0,0,0,0,0,0,0,0,0,1,1,0,0,0,0,0,0,5,0,0,0,0,0,0,0,0,0,0,0,0,0,0,0,0,0,0,3,3,0,0,0,4,0,0,1,2,2,0,3,0,0,0,2,1,0,0,0,1,0,0,0,1,0,1,0,0,0,0,0,0,0,0,0,0,1,0,0,0,0,0,0,0,0,0,0,0,0,0,0,0,0,1,0,0,0,0,1,0,1,7,0,2,1,0,0,0,0,0,0,1,0,1,0,0,0,0,0,0,0,0,0,0,0,0,2,0,0,0,0,0,0,0,0,1,1,0,0,0,0,4,3,6,15,0,0,0,0,0,1,396,0,0,1,0,6,0,1,0,0,4,4,3,0,0,3,0,162,1,0,0,10,0,0,0,17,1,0,0,114,0,0,4,24,0,1,0,2,0,1,0,0,0,1,67,0,1,0,0,0,0,0,0,0,0,0,1,2,0,1,1,0,0,0,0,0,0,0,0,0,0,0,1,0,0,0,0,0,0,0,2,88,0,1,1,1,2,13,0,5,37,2,1,0,0,0,5,4,4,25,1,0,0,4,0,0,2,141,2,0,0,1,0,0,1,4,4,0,0,0,0,0,0,0,1,0,0,0,3,0,0,34,0,0,0,1,0,0,0,0,0,0,0,0,19,0,0,30,2,0,0,0,24,0,0,0,0,2,0,7,0,0,17,0
175,1287,COLÉGIO ESTADUAL ARLINDO CARVALHO DE AMORIM,"RUA DESEMBARGADOR CID CAMPELLO,  6301 - CIC SUL",CIDADE INDUSTRIAL,-25.4956962,-49.338116,75,0,5011,3935,538,224,0,1,3,3,58,0,1,0,1,5,3,1,29,1,0,0,0,3,1,0,0,0,4,12,1,1,0,9,0,0,1,12,1,3,1,113,0,2,1,2,39,2,3,0,1,1,0,1,0,0,2,0,0,0,1,0,0,0,0,1,13,57,0,3,0,1,9,1,13,0,1,0,0,0,34,22,0,0,36,5,12,13,21,2,1,1,1,0,40,1,6,4,0,0,0,0,0,0,0,0,1,1,4,0,1,0,0,2,35,0,0,0,0,0,0,0,0,0,0,0,1,6,1,0,1,10,0,6,304,0,1,3,104,3,2,1,24,89,2,0,0,0,1,11,0,0,0,0,0,0,0,0,0,23,0,0,0,0,0,0,1,0,1,0,0,1,0,1,1,2,0,3,0,0,0,1,5,0,0,1,0,8,22,0,0,1,7,0,0,0,0,6,5,2,0,0,0,1,1,8,0,0,0,3,0,0,0,0,0,0,0,0,1,0,0,0,0,0,6,0,0,0,0,0,0,0,1,4,4,2,0,0,0,1,0,0,1,0,0,189,0,1,0,1,0,0,0,0,1,1,1,0,0,0,2,0,2,0,0,1,0,1,0,0,0,0,2,17,0,1,1,0,0,0,0,1,2,0,0,0,0,0,8,2,103,4,2,2,0,0,0,2,57,5,1,1,2,0,0,0,1,2,25,1,0,0,7,1,1,0,7,1,0,1,7,1,0,1,1,3,2,0,0,0,0,0,0,0,0,0,0,0,0,0,0,0,0,0,0,0,0,1,0,0,0,0,0,0,0,0,0,0,1,3,0,0,0,0,1,0,0,0,0,0,1,0,0,0,2,0,1,1,1,0,0,0,0,0,0,1,1,0,0,0,0,0,0,0,0,0,1,0,0,0,0,0,0,2,0,0,0,0,0,0,0,3,0,0,0,0,0,0,0,0,0,1,0,0,0,0,0,0,0,0,0,3,1,0,0,0,0,0,0,0,0,0,8,0,1,0,0,0,0,1,0,0,0,0,0,1,0,1,0,0,0,0,1,0,0,0,4,0,0,0,0,2,3,3,10,3,3,2,0,1,0,1,234,0,0,0,0,5,0,0,0,6,2,7,8,0,0,1,0,192,1,0,0,13,0,0,3,31,1,0,0,147,1,0,6,24,1,1,0,0,0,11,1,0,0,0,62,0,2,7,1,0,0,1,1,1,1,0,1,0,0,0,0,0,2,0,0,4,0,0,0,0,0,0,2,0,0,0,0,0,0,0,3,85,2,3,1,0,2,5,1,8,51,2,0,0,4,0,15,0,3,9,2,0,0,0,0,0,5,126,1,0,1,7,0,0,1,2,0,1,0,0,0,0,0,2,0,0,0,0,0,0,0,46,0,2,0,4,0,2,0,0,0,0,0,0,13,0,0,18,0,0,0,0,37,0,0,1,0,0,0,12,0,0,11,0
175,1295,ESCOLA MUNICIPAL SANTA ANA MESTRA,"RUA JOAO PEREIRA TRINDADE, 265 - MORADIAS JAMAICA",CAMPO DE SANTANA,-25.58484725,-49.32354513,71,0,4389,3517,420,170,0,0,4,7,35,1,3,1,1,4,0,2,31,2,0,0,0,2,0,2,1,3,8,26,8,2,0,3,0,1,2,15,2,1,0,70,1,4,0,0,38,2,0,0,1,0,1,2,0,4,0,0,0,6,0,0,0,0,0,3,11,75,0,2,0,2,4,0,8,0,0,4,0,0,51,12,1,0,29,0,11,14,8,0,1,22,4,0,16,0,7,3,0,0,0,1,0,0,0,0,0,0,2,0,10,0,0,0,72,0,2,0,0,0,0,0,2,0,0,0,0,2,2,0,0,8,0,3,191,0,0,6,54,3,1,0,13,95,4,0,1,0,0,9,3,0,0,0,0,0,0,0,0,17,1,0,4,0,0,1,0,1,0,14,0,0,0,1,0,0,0,0,0,0,0,0,8,0,0,5,0,0,18,0,0,0,0,1,0,0,0,0,1,1,0,0,0,0,4,2,0,0,0,4,0,0,0,0,0,0,0,0,1,0,0,0,0,0,4,0,0,2,0,0,0,1,0,0,1,0,0,0,0,0,1,1,1,0,2,186,0,0,0,0,0,5,0,0,4,1,2,0,0,0,0,0,1,0,0,0,0,0,0,1,0,0,1,5,1,1,0,0,0,0,0,0,0,0,0,0,0,0,0,1,87,2,3,1,0,1,0,3,48,2,0,2,3,0,1,0,1,0,51,0,0,0,7,0,0,1,6,0,0,2,12,0,0,0,1,2,0,0,0,0,0,0,0,0,0,0,0,0,0,0,0,0,0,0,0,0,0,0,0,0,1,0,0,0,0,0,0,0,0,0,0,1,0,0,0,0,0,0,0,0,0,1,2,0,2,3,3,1,0,1,0,1,0,0,0,0,0,0,0,2,0,0,1,0,0,0,0,0,3,2,0,0,0,0,0,0,0,0,0,0,0,3,0,0,0,0,0,0,0,0,0,0,0,0,4,0,0,0,0,0,0,1,0,0,0,0,0,0,1,0,0,0,0,1,2,0,0,0,4,0,0,0,0,0,0,0,0,2,0,0,0,0,0,0,0,0,1,0,0,0,0,0,6,2,3,3,0,2,0,8,0,0,126,0,0,0,0,4,0,1,0,1,2,6,8,0,0,0,0,155,3,0,0,5,0,0,1,34,1,0,0,116,0,1,21,36,0,1,0,2,0,5,1,4,3,0,57,0,1,1,0,1,0,2,2,0,0,0,0,0,0,1,0,0,0,0,0,0,0,0,0,0,0,0,0,0,0,0,0,0,0,0,17,109,0,0,0,0,10,12,0,31,64,5,0,0,0,0,3,4,14,9,3,0,0,0,0,0,3,128,0,0,0,0,0,1,0,2,0,0,0,1,0,0,3,0,0,0,1,0,0,0,0,44,0,1,0,4,0,0,0,1,0,0,0,1,55,0,0,13,0,0,0,2,76,0,0,0,0,2,0,2,0,2,25,0
175,1309,ESCOLA MUNICIPAL PROFESSOR DARCY RIBEIRO,"RUA  ENETTE DUBARD, N. 90 - MORADIAS SANTA RITA",TATUQUARA,-25.56018214,-49.33897268,74,0,4945,3955,387,193,0,0,3,10,54,0,3,2,0,6,1,1,30,2,0,0,0,0,0,0,2,1,4,24,3,2,0,5,0,2,6,37,0,3,0,108,2,2,0,0,23,0,0,0,0,0,0,2,1,1,0,0,0,1,6,1,0,0,1,0,11,147,1,5,0,0,7,0,16,0,0,2,0,0,39,35,0,2,30,0,6,29,13,0,0,0,5,0,13,0,24,2,1,0,0,0,1,0,1,0,2,1,4,0,0,2,1,2,54,1,1,0,0,0,0,0,5,0,0,0,1,3,1,0,0,4,2,4,311,0,0,1,68,2,2,1,13,102,0,0,0,0,1,65,3,3,0,0,0,0,0,0,1,25,1,0,1,0,2,3,0,0,0,4,0,0,0,0,0,0,0,0,0,0,0,4,12,0,0,0,0,7,25,0,0,0,0,1,0,0,0,0,2,1,0,1,0,0,0,5,0,0,0,1,0,0,0,0,0,0,0,0,0,0,0,0,0,0,7,0,0,0,0,0,0,1,0,5,4,1,0,0,1,0,0,1,0,0,3,180,2,0,1,0,0,0,0,0,5,1,0,1,0,0,0,0,2,0,0,0,0,0,0,0,1,0,0,25,1,4,0,0,0,0,0,0,0,0,0,0,0,0,1,4,65,3,1,2,4,0,1,1,47,3,0,0,0,0,3,0,0,2,57,0,0,0,1,0,0,1,5,3,0,2,7,2,0,1,0,0,3,0,0,0,0,0,0,0,0,0,1,0,4,0,0,0,0,0,0,0,0,0,0,0,3,0,1,0,0,0,0,0,1,9,0,0,0,0,0,0,0,0,0,0,4,0,0,0,3,1,0,0,0,0,0,5,0,0,0,0,0,0,0,0,0,0,0,0,1,0,2,0,0,0,0,0,0,0,0,0,0,0,0,0,0,1,0,0,0,0,0,0,1,0,0,0,0,0,0,0,1,1,0,0,0,1,3,2,2,1,0,0,0,0,0,0,2,0,7,0,0,0,0,0,0,0,0,0,0,2,0,2,0,0,0,0,0,0,0,0,1,0,0,0,0,1,5,4,4,0,5,4,0,1,0,1,157,0,3,0,0,0,0,0,0,0,7,3,1,0,0,1,3,228,25,3,0,13,0,0,1,17,0,1,1,125,1,0,15,34,0,1,4,5,0,6,0,1,0,0,70,0,2,2,0,1,0,1,4,1,0,0,4,0,0,0,0,0,0,0,0,2,0,0,0,0,1,0,3,0,0,0,0,0,0,0,2,94,1,0,0,0,8,6,0,36,58,3,0,0,0,0,6,7,11,17,1,0,1,0,0,2,1,130,0,2,1,5,0,0,1,4,0,0,0,0,0,0,3,0,0,0,0,0,0,0,0,37,1,0,0,5,0,0,0,0,0,0,0,2,24,0,0,26,0,0,2,0,25,2,0,0,0,5,0,9,0,5,38,0
175,1430,ESCOLA MUNICIPAL MARGARIDA ORSO DALLAGASSA,"RUA SARGENTO FRANCISCO DA SILVA COTRIM, 100 - VILA POMPEIA - TATUQUARA",TATUQUARA,-25.55955781,-49.31556282,74,0,5189,4037,455,191,0,2,5,9,81,0,8,0,0,8,1,1,39,3,0,0,0,1,1,2,2,3,3,22,6,5,0,12,0,3,5,9,2,0,0,97,0,1,2,1,63,0,0,0,0,0,0,3,0,1,2,0,0,0,15,0,1,0,0,0,11,77,0,2,0,0,17,1,11,0,1,4,0,0,59,7,0,0,40,0,10,15,15,0,0,0,2,0,27,1,3,1,0,0,0,1,1,0,1,0,0,0,0,0,3,0,0,2,48,0,2,0,0,1,0,0,1,0,0,0,2,2,4,0,2,4,2,11,263,0,0,6,49,6,0,1,11,112,0,0,1,0,0,33,0,0,4,0,0,0,0,0,6,19,0,0,2,0,0,0,0,0,0,3,0,0,1,0,0,0,0,2,1,0,0,1,4,0,0,2,2,8,23,0,0,0,0,2,0,0,1,0,1,0,0,0,0,0,0,28,0,0,0,0,0,0,0,0,0,0,0,0,2,0,0,0,0,1,13,0,0,0,0,0,0,2,0,0,1,0,0,0,0,0,1,0,2,0,9,198,0,2,0,0,0,1,0,0,3,0,1,0,3,0,0,0,0,0,0,0,0,0,0,0,0,0,0,0,0,4,0,0,0,0,0,0,0,0,0,0,0,0,0,0,79,11,5,1,2,0,0,3,55,3,0,2,2,0,3,0,3,2,44,1,0,0,0,1,0,0,11,0,0,5,5,5,0,0,0,0,0,0,0,0,0,0,0,0,0,0,0,0,0,0,0,0,0,0,0,0,0,0,0,0,3,0,0,0,0,0,0,0,0,7,0,1,0,0,0,0,0,0,1,0,2,0,3,0,3,4,0,0,0,0,0,15,0,0,1,0,0,0,0,2,0,0,0,1,0,0,0,0,0,0,0,0,0,0,0,0,0,0,0,0,0,0,1,0,1,0,0,0,0,0,0,0,0,0,0,1,0,0,0,0,0,0,3,0,5,1,0,3,0,0,0,0,1,0,2,0,0,0,0,0,0,0,0,2,0,4,0,3,0,0,0,0,0,0,0,0,0,1,0,0,0,0,10,3,7,0,3,2,0,0,0,3,161,0,0,1,0,6,0,0,1,0,2,6,7,0,0,0,0,143,0,0,0,19,0,0,11,27,0,0,0,185,6,0,25,54,0,1,0,1,0,7,1,2,2,0,69,0,0,2,1,0,0,0,2,1,1,0,4,0,1,1,0,0,4,0,0,0,0,0,0,0,0,0,1,1,0,1,0,0,0,0,12,99,0,0,0,1,5,6,0,65,25,13,3,0,0,0,4,3,13,24,1,0,0,0,0,0,2,111,0,1,4,8,0,0,0,0,0,0,0,0,0,0,2,0,0,0,0,0,1,1,0,59,0,0,0,2,1,0,0,1,0,0,0,0,67,0,0,12,0,0,1,2,42,0,0,0,3,1,0,6,0,11,35,0
175,1449,ESCOLA MUNICIPAL DO CAIC CANDIDO PORTINARI,R.ANTONIO GEROSLAU FERREIRA S/N - CJ.DIADEMA II - CIC-SUL,CIDADE INDUSTRIAL,-25.49611007,-49.34983475,75,0,4992,4018,421,249,0,1,6,7,54,0,3,0,0,13,0,1,37,3,0,0,1,1,2,1,0,1,2,25,1,1,0,9,0,0,2,20,1,1,0,102,1,1,2,1,46,0,0,2,0,0,0,6,0,3,1,0,0,2,4,0,0,0,1,2,12,83,0,4,0,1,27,0,9,0,0,4,0,0,44,23,0,0,37,5,7,16,7,0,0,1,1,1,29,5,3,2,0,0,0,0,0,1,2,0,3,1,2,0,0,0,0,0,70,1,1,1,1,0,0,0,1,0,0,0,1,4,4,0,0,6,3,6,275,0,0,10,80,9,1,0,16,124,2,1,0,0,1,8,0,5,1,0,0,0,0,0,0,20,0,0,5,0,0,0,0,2,0,0,0,0,1,0,0,2,1,1,0,0,0,0,4,0,0,0,0,6,28,0,0,1,1,0,0,1,1,0,3,0,0,0,0,0,1,4,0,0,0,1,0,0,3,0,0,0,1,0,1,1,0,1,0,0,0,1,0,1,0,0,0,0,0,6,0,1,0,0,2,0,0,1,0,0,0,237,2,3,0,0,0,1,0,0,4,0,1,2,0,0,0,0,2,0,0,0,0,0,0,0,1,0,0,11,1,1,0,0,0,0,0,0,0,0,0,0,0,0,1,4,86,11,1,1,2,0,1,4,64,1,0,1,1,1,0,0,1,3,67,3,0,0,0,1,0,1,6,0,0,2,8,0,0,1,0,0,0,0,0,0,0,0,0,0,0,0,0,0,0,0,0,0,0,1,0,0,0,0,0,0,2,0,1,0,0,0,0,0,0,2,0,2,0,0,0,0,0,0,0,0,3,1,0,0,0,1,0,0,0,2,1,2,0,0,1,1,1,0,0,1,0,0,2,0,1,0,0,0,0,0,0,1,0,2,1,0,0,0,0,0,0,0,0,0,0,0,0,1,2,0,0,0,0,0,0,0,0,0,3,1,0,4,1,0,4,0,0,2,0,6,0,0,1,0,0,0,0,0,0,0,0,0,1,0,0,1,0,6,1,0,1,0,0,0,2,0,0,0,0,0,0,0,2,3,5,2,0,1,0,5,0,0,271,0,1,0,0,1,0,0,0,2,3,4,5,0,0,0,0,201,0,0,0,16,0,0,1,44,0,0,0,141,1,0,5,37,0,0,0,1,0,6,1,1,1,1,51,0,1,0,4,0,0,1,0,1,0,0,3,0,1,1,0,0,0,0,0,2,0,0,0,0,0,0,0,0,0,0,0,1,0,0,3,110,1,0,1,0,1,10,0,7,32,2,1,0,0,0,2,8,12,10,2,0,0,0,2,0,0,130,0,0,2,4,0,0,0,5,0,1,0,0,0,0,0,0,0,0,0,0,1,0,0,33,0,1,1,1,1,0,0,0,0,0,0,1,22,2,0,27,1,1,3,0,26,0,0,1,0,0,0,7,0,1,9,0
175,1457,ESCOLA MUNICIPAL PROFESSOR OSVALDO ARNS,R. ODIR GOMES DA ROCHA 546 - VILA EVANGELICA,TATUQUARA,-25.57269649,-49.33718956,74,0,3658,2913,354,171,0,5,6,5,41,1,3,2,0,6,2,0,12,2,0,0,0,2,0,1,0,1,2,21,3,5,0,8,0,0,5,22,0,0,0,62,0,3,0,1,42,1,3,3,0,0,0,2,0,1,1,0,0,1,0,1,0,5,0,2,12,67,0,7,0,0,4,0,5,2,0,5,0,0,40,20,0,1,31,2,13,13,9,0,1,1,1,0,10,0,5,1,1,0,0,2,1,0,3,0,1,0,1,0,2,0,0,1,47,0,1,0,0,0,0,0,5,0,0,0,1,0,0,0,1,7,1,5,235,1,0,5,44,7,0,0,9,91,2,0,3,0,0,42,0,1,0,0,0,0,0,0,4,22,0,0,0,0,0,0,0,0,0,6,0,0,1,3,0,1,0,0,0,0,0,1,4,0,0,1,0,2,20,0,0,0,0,0,0,0,0,0,0,1,0,0,0,0,0,0,0,0,0,1,0,0,0,0,0,0,0,0,0,0,0,0,0,0,6,0,0,0,0,0,1,1,0,1,1,0,0,0,0,1,1,0,0,0,5,135,0,1,0,0,0,3,0,0,3,0,1,2,0,0,0,0,4,0,0,0,0,0,0,0,0,0,0,7,0,0,0,0,0,0,0,0,0,0,0,0,0,0,1,1,55,7,1,1,2,1,0,0,27,0,1,0,0,1,1,0,0,1,16,0,0,0,1,3,0,0,7,1,0,0,9,0,0,4,0,0,4,0,0,0,0,0,0,0,0,0,0,0,0,0,0,0,0,0,0,0,0,0,0,0,4,0,0,0,0,0,0,0,1,0,0,0,0,0,1,0,0,0,0,0,4,3,0,0,0,0,0,1,0,0,0,1,0,2,0,0,0,0,1,2,0,0,1,0,0,0,0,0,1,0,0,0,1,1,0,0,0,0,1,0,0,2,0,0,0,0,0,0,1,0,1,0,0,0,0,0,0,2,0,0,0,0,1,0,0,0,0,0,1,0,0,0,0,0,0,0,0,0,0,0,0,0,0,0,0,1,0,0,0,0,0,0,0,0,0,0,1,0,0,0,2,0,0,5,2,1,1,0,0,2,0,0,90,0,0,0,0,3,0,0,0,2,1,0,4,1,0,0,0,141,3,0,0,4,0,0,5,20,0,0,1,102,0,0,6,25,0,0,0,0,0,1,0,3,0,0,92,0,1,0,0,1,0,2,0,0,0,0,2,0,0,0,0,1,0,0,0,0,0,0,0,0,0,0,3,0,0,0,0,0,0,0,1,56,1,0,0,0,7,2,0,31,35,4,0,0,0,0,5,3,6,10,0,0,0,0,0,0,3,71,0,0,0,1,0,0,0,5,0,0,0,0,0,0,4,3,0,0,0,0,0,0,0,33,0,1,0,2,2,0,0,0,0,0,0,0,23,0,1,20,0,0,1,2,27,1,0,0,0,1,0,3,0,0,23,0
175,1481,ESCOLA MUNICIPAL NEWTON BORGES DOS REIS,"RUA ADRIANA CERES ZAGO BUENO, 1350 - MORADIAS SANTA RITA - TATUQUARA",TATUQUARA,-25.56579195,-49.33407192,74,0,3850,3113,368,168,0,2,7,8,46,0,6,1,1,2,1,0,22,1,0,0,0,0,1,1,0,0,1,16,0,3,0,4,1,0,5,18,3,0,0,85,2,1,0,1,40,0,0,0,0,0,0,2,0,1,0,0,0,1,0,2,0,0,0,2,11,90,0,1,0,0,12,0,18,0,3,5,0,0,46,29,0,1,35,5,8,12,6,0,0,2,0,0,14,0,14,1,0,0,1,0,0,0,0,0,0,0,1,0,0,0,0,0,54,0,0,0,0,0,0,0,0,0,0,0,0,1,3,0,1,3,0,2,203,0,0,1,53,4,0,0,11,106,0,0,0,0,0,41,2,0,0,0,0,1,0,0,1,32,0,0,1,0,0,0,0,1,0,7,0,0,0,0,0,0,2,1,2,0,0,1,15,0,0,0,2,2,24,0,0,0,1,0,0,0,0,0,2,2,0,0,0,1,0,1,0,0,0,0,0,0,0,0,0,0,1,0,0,0,0,0,0,0,4,0,0,1,0,0,0,3,0,2,0,0,0,0,1,2,1,0,0,0,1,140,0,0,0,0,0,0,0,0,10,0,1,1,0,0,0,0,0,0,0,0,0,0,0,0,0,0,0,19,1,0,0,0,0,0,0,0,0,0,0,1,0,0,0,0,71,11,0,0,0,0,1,0,33,0,3,0,2,0,3,0,2,2,37,0,0,0,1,4,0,0,18,0,1,10,9,0,0,0,0,0,0,0,0,0,0,0,0,0,0,0,0,0,0,0,0,0,0,0,0,0,0,0,0,0,6,0,0,0,0,0,0,0,0,2,0,3,0,0,0,0,0,0,1,0,7,2,0,0,2,1,1,0,0,0,0,2,0,0,1,0,0,0,0,0,0,0,0,1,0,0,0,0,0,0,0,0,0,0,1,1,0,0,0,0,0,0,0,0,2,0,0,1,0,0,2,0,0,0,0,0,0,0,1,0,0,1,1,0,1,0,0,0,0,0,0,0,0,0,1,0,0,0,1,0,0,0,0,0,0,0,0,3,0,0,0,0,0,0,1,0,1,0,0,0,0,0,5,10,2,0,1,4,0,3,0,2,103,0,1,2,0,3,0,0,1,0,2,2,0,0,0,1,2,137,7,0,0,7,0,0,3,18,2,0,0,101,0,0,8,22,0,0,0,0,0,0,1,0,0,0,52,0,0,2,2,0,0,1,1,0,0,0,1,0,0,0,0,0,0,0,0,2,0,0,0,1,0,0,2,0,0,0,0,0,1,0,2,64,0,1,0,1,8,2,0,30,41,4,0,0,0,1,5,3,9,9,0,0,0,0,0,1,2,98,1,0,0,3,0,0,0,3,0,0,0,0,0,0,1,0,1,0,0,0,1,0,0,33,0,0,0,2,1,0,0,0,0,0,0,0,28,1,0,13,0,0,2,0,13,1,0,3,0,1,0,7,0,0,36,0
175,1490,COLÉGIO ESTADUAL DESEMBARGADOR GUILHERME DE ALBUQUERQUE MARANHAO,"RUA JOSE ANGELO MARTINS, 101 - MORADIAS DA ORDEM",TATUQUARA,-25.55793089,-49.33251017,74,0,3762,2878,391,166,0,2,7,3,28,2,0,0,0,5,2,0,18,1,0,0,0,7,0,0,1,3,0,19,5,0,1,9,0,1,4,9,1,2,0,73,0,1,0,1,18,0,1,0,0,1,0,5,0,1,0,0,0,0,6,1,0,0,0,0,11,119,1,1,0,0,11,0,10,0,2,1,0,2,34,15,1,0,39,0,3,4,10,0,2,0,1,0,21,1,17,1,0,1,0,0,1,0,0,0,1,1,1,0,1,1,0,1,37,0,0,0,0,0,0,0,1,0,0,0,2,2,1,0,3,11,0,2,156,1,0,5,23,3,0,0,13,95,0,0,0,0,1,26,1,0,0,1,0,0,0,0,1,14,0,0,4,0,0,3,0,0,0,3,0,0,0,0,0,1,0,0,0,0,0,3,9,0,0,1,2,7,20,0,0,0,1,3,0,0,0,0,0,5,0,0,0,0,1,2,0,0,0,0,1,0,0,0,0,0,0,0,0,0,0,0,0,0,5,0,0,0,1,0,0,0,0,0,3,0,0,0,0,0,0,0,1,0,4,103,0,0,0,0,0,0,0,0,2,1,2,1,0,0,0,0,2,0,1,0,0,0,0,0,0,0,0,7,0,0,0,0,0,0,0,0,0,0,0,0,0,0,2,0,38,7,4,0,1,0,0,0,25,2,2,1,0,0,1,0,1,0,28,0,0,0,0,1,0,1,3,0,0,2,6,0,0,0,1,1,2,0,0,0,0,0,0,0,0,0,0,0,0,0,1,0,0,0,0,0,0,0,1,0,9,0,0,0,0,0,0,0,1,10,0,2,0,0,0,0,0,0,0,1,2,1,0,0,1,0,0,0,2,2,0,6,0,1,1,0,1,0,0,0,0,0,0,0,1,0,0,0,0,0,0,0,0,0,0,1,0,0,0,0,0,0,0,0,0,0,0,0,2,0,1,0,0,0,0,0,0,0,0,0,0,0,0,0,0,0,0,1,0,0,0,0,0,0,0,0,0,0,1,0,0,0,0,0,0,1,0,10,0,0,0,0,0,0,0,0,0,0,0,0,0,0,3,3,4,0,2,3,0,2,0,0,107,0,1,0,0,0,0,0,0,0,1,6,3,0,0,0,0,123,3,0,0,8,0,0,0,10,1,0,0,125,1,0,10,41,0,0,0,0,1,6,3,0,1,0,83,0,0,3,1,0,0,0,1,0,0,0,3,0,0,0,0,0,0,0,0,3,0,0,0,0,0,0,2,0,0,0,0,1,1,0,3,58,1,0,0,0,6,7,1,38,40,5,2,0,0,1,3,2,11,9,0,0,0,0,0,0,0,93,0,0,1,0,0,0,0,2,0,0,0,0,0,0,0,0,0,0,0,0,1,0,0,20,0,0,0,0,2,0,0,0,0,0,0,0,35,0,0,26,0,0,1,0,19,0,1,0,0,3,0,4,0,2,18,0
175,1503,COLEGIO ESTADUAL MORADIAS MONTEIRO LOBATO,RUA OLIVIO JOSE ROSSETI 430,TATUQUARA,-25.57348627,-49.33478104,74,0,5564,4143,519,205,0,0,3,8,44,3,9,0,0,8,1,3,24,1,0,0,1,2,1,2,0,0,1,16,3,2,0,5,2,1,6,16,0,0,0,93,0,1,0,0,43,0,3,0,0,0,0,6,0,0,1,0,0,0,3,0,0,5,0,1,21,84,0,8,1,0,12,2,16,0,1,4,0,0,98,31,0,0,50,1,14,15,7,0,2,1,2,0,18,1,7,3,3,0,0,1,2,0,0,0,1,3,0,0,1,1,0,1,71,3,0,0,0,0,1,0,1,0,0,0,2,2,4,0,1,13,4,4,299,0,1,4,74,7,2,5,28,148,1,0,3,0,2,48,2,0,0,0,0,0,0,0,11,19,0,0,4,0,0,0,0,0,0,7,0,0,0,0,0,2,0,1,2,1,0,1,4,0,0,0,0,5,25,0,0,0,1,0,0,0,0,0,0,0,0,0,1,1,0,8,0,0,0,2,0,0,0,0,0,0,0,0,0,0,0,0,0,0,6,0,0,1,0,0,0,2,0,1,5,0,1,0,0,0,1,0,0,0,9,173,0,0,0,0,1,1,0,0,3,0,2,0,0,0,0,0,1,0,0,0,0,0,0,0,0,0,2,7,2,0,0,0,0,0,0,0,0,0,0,0,1,0,0,3,80,11,2,1,2,2,0,0,34,2,1,0,4,0,3,0,1,0,43,1,0,0,0,2,0,1,4,0,0,2,3,2,0,1,0,1,2,0,0,0,0,0,0,0,0,0,0,2,0,0,0,0,0,0,0,0,1,0,0,0,4,1,0,0,0,0,0,0,0,1,0,1,0,0,1,0,0,3,0,0,7,1,0,0,7,1,0,4,0,0,0,3,1,0,0,0,0,0,0,0,0,0,0,0,0,0,0,0,0,0,0,0,0,0,0,1,0,0,0,0,0,1,0,0,0,0,0,0,0,0,0,0,0,0,0,1,0,0,0,0,0,0,2,2,1,0,0,1,0,0,0,0,1,0,2,0,0,0,0,0,0,0,0,0,0,2,0,5,0,0,0,0,0,0,0,0,0,0,0,0,1,0,6,2,5,1,0,5,0,3,0,3,154,0,1,0,0,4,0,0,0,1,5,1,4,0,0,0,1,212,6,0,2,18,0,1,1,21,1,0,0,147,0,0,11,24,0,2,0,1,1,1,1,2,0,0,92,0,0,2,1,0,0,1,3,0,1,0,7,0,0,4,0,0,0,0,0,2,0,0,0,0,0,0,0,0,0,0,0,0,0,0,3,89,2,0,0,1,7,3,0,77,44,3,0,0,0,0,5,5,9,19,3,0,0,0,0,5,3,111,0,0,3,2,0,0,0,3,1,0,0,0,0,0,2,0,0,0,0,0,1,0,0,47,1,0,0,3,0,0,0,0,0,0,0,2,43,0,0,26,0,0,2,0,31,0,0,0,1,4,0,6,0,1,50,0
175,1511,COLEGIO ESTADUAL EURIDES BRANDAO,"RUA JAIR COELHO, 260 - DIADEMA II",CIDADE INDUSTRIAL,-25.49405839,-49.34913903,75,0,5208,4107,441,232,0,2,7,9,39,2,6,0,2,5,0,1,32,2,1,1,0,7,0,0,1,5,5,14,0,3,1,5,0,0,0,28,1,2,0,113,0,0,3,3,41,0,2,1,0,0,0,5,1,1,3,0,0,0,12,0,0,0,2,2,7,70,0,4,1,4,19,1,13,0,1,1,0,0,38,13,1,2,36,3,8,7,5,0,1,8,0,0,38,0,5,3,0,2,0,2,0,0,2,0,1,0,1,1,0,0,0,0,77,3,1,0,0,1,0,0,3,1,0,0,1,3,0,0,1,7,0,1,170,0,0,4,95,4,0,0,30,172,1,2,0,1,2,13,1,2,0,0,1,0,0,0,0,30,0,0,8,0,0,0,0,0,1,0,1,0,0,0,0,0,0,0,0,0,0,1,6,0,1,0,0,6,45,1,1,0,2,0,0,1,0,0,0,1,0,0,0,0,2,2,0,0,0,2,0,0,0,1,0,1,1,0,0,1,0,0,0,0,3,0,0,3,0,0,0,3,0,3,3,0,2,0,0,0,0,0,1,0,0,281,0,6,0,0,0,2,1,0,8,1,1,0,1,1,0,0,1,0,0,1,0,0,0,0,0,0,0,14,1,2,1,0,0,0,0,1,0,0,0,0,0,0,0,3,84,8,6,0,2,2,1,1,50,3,0,1,4,1,2,1,0,0,74,2,0,0,3,2,0,6,12,0,0,3,3,0,0,0,0,1,0,0,0,0,0,0,0,0,0,0,0,0,0,0,1,0,0,0,0,0,0,0,0,0,2,0,1,0,0,0,0,0,0,0,0,0,0,0,0,0,0,0,0,0,3,3,3,0,3,1,2,1,0,1,1,7,0,3,1,1,1,1,0,2,0,0,0,0,4,0,1,0,0,0,0,0,0,1,0,1,0,0,1,0,0,0,0,0,0,0,0,1,0,0,0,0,0,0,1,0,0,0,0,2,0,14,0,0,6,0,0,3,2,0,0,0,1,0,0,0,0,0,0,0,0,0,0,0,1,0,0,7,0,0,0,0,0,0,0,0,0,0,0,0,0,0,8,4,12,0,1,2,0,3,0,0,207,0,9,0,1,0,0,1,0,0,1,9,7,0,0,0,2,225,7,0,0,9,0,0,2,33,0,0,0,138,2,0,8,37,0,2,0,1,0,8,0,0,0,0,52,0,1,0,1,0,0,1,1,1,0,0,8,0,0,0,0,0,0,0,0,0,0,0,0,0,0,0,5,0,0,0,0,0,0,0,9,88,0,2,0,1,2,9,1,14,29,0,0,0,0,1,4,10,9,9,0,0,0,1,2,0,5,136,0,0,8,11,0,0,1,4,0,0,0,0,0,0,3,0,0,0,2,0,2,1,0,47,2,5,0,0,9,0,0,0,1,0,0,1,18,1,0,31,0,0,10,0,29,0,0,0,0,1,0,10,0,0,16,0
175,1520,ESCOLA MUNICIPAL ALVARO BORGES,"RUA OSVALDO BAGGIO, N. 290 - CONJ. VITÓRIA RÉGIA",CIDADE INDUSTRIAL,-25.54527513,-49.33960707,75,0,3715,3172,293,192,0,2,1,4,37,1,2,1,0,8,0,0,29,1,0,0,2,3,0,0,0,5,1,12,4,1,1,6,0,0,2,36,2,0,0,51,3,1,0,2,27,0,0,0,0,0,0,0,0,4,4,0,0,1,5,0,1,0,0,0,7,123,0,2,1,1,12,0,9,0,2,0,0,0,28,12,0,0,21,0,6,9,11,0,1,1,2,0,16,2,0,1,0,0,0,0,0,0,0,0,1,1,2,0,0,0,0,0,55,1,0,0,0,0,0,0,2,0,0,0,0,5,0,2,1,7,5,1,225,0,0,3,62,4,0,0,14,68,2,1,0,0,1,8,0,1,0,0,0,0,0,0,5,41,0,0,7,0,0,0,0,0,0,1,0,1,0,0,0,0,0,0,1,0,0,3,11,0,2,2,0,5,12,0,0,0,2,0,0,0,0,0,0,0,1,0,0,0,1,11,2,0,0,2,0,0,0,0,0,0,0,0,0,0,0,0,0,0,5,0,0,4,0,0,0,3,0,1,1,0,0,0,0,0,0,1,0,0,2,196,0,0,0,0,0,1,0,0,6,0,0,1,0,0,0,1,2,0,0,0,0,0,0,0,1,0,1,11,0,0,0,0,0,0,0,0,0,0,0,0,0,0,2,0,66,9,6,0,0,2,0,1,32,3,0,0,3,1,0,0,0,1,48,0,0,0,2,0,0,4,1,1,0,4,3,0,0,1,0,1,0,0,0,0,0,0,0,0,1,0,0,0,0,0,0,0,0,0,0,0,0,0,0,0,5,0,0,0,0,0,0,0,0,0,0,2,0,0,0,0,0,0,0,2,1,0,0,0,4,0,4,2,1,0,0,2,0,0,1,2,1,0,1,0,0,0,0,0,0,0,0,0,0,0,0,0,0,0,0,0,1,0,0,0,0,1,1,0,0,0,0,0,0,0,1,0,0,0,0,0,0,0,0,0,0,3,9,0,0,0,0,0,0,0,0,0,8,0,2,0,0,0,0,0,0,0,0,0,0,0,0,0,0,0,0,0,0,0,0,0,0,0,0,1,1,0,4,3,1,1,1,1,0,0,0,1,259,0,2,1,0,3,0,0,0,0,0,4,8,0,0,1,0,142,2,0,0,14,0,0,1,32,0,0,0,87,2,0,14,25,0,1,0,3,1,4,0,0,0,0,41,0,0,0,3,0,0,1,1,0,0,0,2,0,0,0,0,1,1,0,0,1,0,0,0,0,0,1,1,0,0,0,0,0,0,0,4,117,0,2,0,0,5,6,2,5,53,1,0,0,0,0,7,4,2,13,3,0,1,0,0,1,0,78,0,0,1,3,0,2,0,0,0,1,0,0,0,0,2,0,0,0,0,0,0,0,0,22,0,2,0,0,0,0,0,0,1,0,0,0,14,1,0,15,0,0,1,0,22,0,0,0,0,1,0,14,0,4,12,0
175,1538,CMEI ITACOLOMI SABARA,"RUA ANTÔNIO PASTRE, 70 - CIC",CIDADE INDUSTRIAL,-25.49915801,-49.34445863,75,0,1217,890,74,49,0,0,1,3,17,1,2,0,0,2,0,0,5,0,0,0,0,0,0,0,0,0,0,1,1,1,0,4,0,0,0,2,0,2,0,14,0,0,1,1,8,0,0,0,0,0,0,1,0,1,2,0,0,1,0,0,0,0,0,0,4,14,0,0,0,0,3,0,1,0,0,1,0,0,3,6,0,0,4,0,1,8,3,1,0,0,2,0,5,0,0,0,0,0,0,0,0,0,0,0,0,1,0,0,0,0,0,0,8,0,0,0,0,0,0,0,0,0,0,0,1,1,0,0,1,2,0,1,99,0,0,2,7,2,0,3,3,30,2,0,0,0,0,3,0,0,0,0,0,0,0,0,0,1,0,0,0,0,0,0,0,0,0,0,0,0,0,0,0,0,0,0,0,0,0,0,0,0,0,0,0,2,4,0,0,0,0,0,0,0,0,0,0,2,0,0,0,0,0,2,0,0,0,0,0,0,0,0,0,0,0,0,0,0,0,0,0,0,2,0,0,0,0,0,0,0,0,0,1,0,0,0,0,0,0,0,0,0,0,58,1,0,1,0,0,0,0,0,1,0,0,0,0,0,0,0,0,4,0,1,0,0,0,0,0,0,0,2,0,1,0,0,0,0,0,0,0,0,0,0,0,0,0,0,26,0,1,0,0,0,0,0,11,1,0,0,0,0,2,0,0,0,11,0,0,0,0,1,0,0,1,0,0,0,0,0,0,0,0,0,0,0,0,0,0,0,0,0,0,0,0,0,0,0,0,0,0,0,0,0,0,0,0,0,2,0,0,0,0,0,0,0,0,0,0,0,0,0,0,0,0,1,0,0,3,0,0,0,4,0,0,0,0,0,1,0,0,0,0,0,0,0,0,0,0,0,0,0,0,0,0,0,0,0,0,0,0,0,0,0,0,0,0,0,0,0,0,0,0,0,0,0,0,0,0,0,0,0,0,0,0,0,0,0,0,1,0,0,0,0,0,0,0,0,0,0,0,0,0,0,0,0,0,0,0,0,0,0,0,0,0,4,0,0,0,0,0,0,0,0,2,0,2,0,0,0,2,0,4,0,0,0,0,0,0,0,92,0,2,0,0,0,0,0,0,1,1,0,1,0,0,0,0,34,0,1,0,6,1,0,0,10,0,0,0,25,0,0,2,9,0,0,0,0,0,2,0,0,0,0,11,0,0,0,1,0,1,2,0,0,0,0,1,0,0,1,0,0,0,0,0,0,0,0,0,0,0,0,0,0,0,0,0,0,0,0,1,12,0,0,0,0,0,3,0,0,12,0,0,0,0,2,5,5,4,2,0,0,0,0,0,0,1,31,0,0,0,2,0,0,0,0,0,0,0,0,0,0,0,0,0,0,0,0,0,0,0,6,3,0,0,0,0,0,0,0,0,0,0,1,2,0,0,4,0,0,0,0,6,0,0,0,0,1,0,0,0,0,4,0
175,1546,COLÉGIO ESTADUAL NIRLEI MEDEIROS,"RUA ANTÔNIO BERTOLDI, 409 - MORADIAS RIO BONITO - CAMPO DE SANTANA",CAMPO DE SANTANA,-25.58628678,-49.33765044,71,0,3959,3204,355,197,0,5,1,5,58,0,3,2,1,8,0,1,31,5,0,0,0,3,0,2,1,1,3,15,3,1,0,15,0,4,0,10,1,0,0,66,0,3,3,2,22,3,1,0,0,0,1,0,0,1,2,0,0,0,4,0,0,2,0,0,9,74,0,2,0,1,15,1,15,0,0,4,0,0,86,16,1,3,36,0,13,7,8,0,0,0,3,1,12,0,15,1,0,0,0,0,0,0,2,0,0,0,1,0,1,1,0,1,48,1,0,0,0,0,0,0,0,0,0,0,2,1,2,0,0,10,0,5,236,0,0,2,53,5,1,0,14,85,1,0,1,1,2,28,0,0,0,0,0,0,0,1,1,16,2,0,0,0,0,0,0,0,0,2,0,0,0,0,0,0,0,0,0,0,0,2,21,0,0,0,0,3,6,0,2,0,0,1,0,1,1,0,1,3,0,0,0,1,0,3,0,0,0,0,0,0,0,2,0,0,0,0,0,0,0,0,0,0,6,0,0,0,0,0,0,1,0,0,0,0,2,0,0,0,0,0,2,0,0,172,0,2,0,0,1,0,0,0,3,0,0,1,0,0,0,0,2,0,0,1,0,0,0,0,0,0,2,7,0,0,0,0,0,0,0,0,0,0,0,0,0,0,0,0,72,3,0,0,1,1,1,0,52,1,0,0,0,0,0,0,0,2,53,0,0,0,6,0,0,0,6,1,0,1,2,0,1,4,0,0,1,0,0,0,0,0,0,0,0,0,0,0,0,0,0,0,0,0,0,0,0,0,0,0,2,0,0,0,0,0,0,1,0,0,0,1,0,0,0,0,0,0,0,0,3,4,1,0,1,0,1,1,0,0,1,1,0,0,1,1,0,0,0,0,0,0,0,0,0,0,0,0,0,0,0,0,0,0,0,0,2,0,0,0,0,2,0,0,0,1,0,0,0,0,1,0,0,0,0,0,0,0,0,0,0,0,0,0,1,0,0,2,1,0,0,0,0,0,1,0,0,0,1,0,0,0,0,0,0,0,0,4,0,0,0,0,0,0,0,0,0,0,0,0,0,0,2,4,6,4,0,1,0,2,0,4,109,0,1,0,0,3,0,1,0,0,2,1,7,0,0,1,0,119,3,0,0,17,0,0,4,23,0,1,0,103,0,0,5,25,0,2,0,2,0,4,2,1,0,0,58,0,0,2,0,0,0,0,1,0,0,0,2,0,1,2,0,0,0,0,0,0,0,0,0,2,0,0,1,0,0,1,0,0,1,0,7,103,0,1,0,0,8,4,1,22,41,5,0,0,0,2,5,7,9,16,2,0,1,0,0,0,1,100,0,0,2,6,0,0,0,0,0,1,0,0,0,0,0,0,0,0,0,0,3,0,0,29,0,1,0,1,0,0,0,0,0,0,0,0,27,0,0,16,0,1,2,0,38,0,0,0,0,2,1,7,0,0,20,0
175,1554,ESCOLA MUNICIPAL PROFESSORA ERICA PLEWKA MLYNARCZYK,RUA JAIME JOSE VOJCIECHOVSKI 162,TATUQUARA,-25.56041072,-49.3132138,74,0,1267,1032,114,56,0,0,2,1,19,0,0,0,0,0,0,0,8,1,0,0,0,1,1,0,0,0,0,7,0,0,0,2,0,1,1,2,0,0,0,32,0,0,0,0,11,0,1,1,0,0,0,4,0,0,0,0,0,2,8,0,0,0,1,0,1,14,0,0,1,0,2,0,2,0,0,0,0,0,17,3,0,0,13,0,1,3,6,0,0,3,0,0,11,1,0,0,0,0,0,0,0,0,0,0,0,0,0,0,0,0,0,1,17,0,0,0,0,0,0,0,0,0,0,0,0,3,0,0,0,0,0,0,47,0,0,0,20,2,0,0,3,22,1,0,0,0,0,1,0,0,0,0,0,0,0,0,1,7,0,0,0,0,0,0,0,0,0,0,0,0,0,0,0,0,0,0,0,0,0,0,3,0,1,0,0,3,4,0,0,0,0,0,0,0,0,0,0,0,0,0,0,0,1,1,0,0,0,0,0,0,0,0,0,0,0,0,0,0,0,0,0,0,2,0,0,0,0,0,0,0,0,2,0,0,0,0,0,0,0,0,0,0,5,69,0,0,0,0,0,0,0,0,1,0,1,0,0,0,0,0,1,0,0,0,0,0,0,0,0,0,0,1,0,1,0,0,0,0,0,0,0,0,0,0,0,0,0,2,26,4,0,0,0,0,0,0,9,0,0,1,0,0,1,0,0,1,10,1,0,0,2,0,0,0,5,0,0,1,3,0,0,0,0,1,0,0,0,0,0,0,0,0,0,0,0,0,0,0,0,0,0,0,0,0,0,0,0,0,1,0,0,0,0,0,0,0,0,0,0,0,0,0,0,0,0,0,3,0,1,2,0,0,1,2,0,0,0,0,0,1,0,0,0,1,0,0,0,0,0,0,0,0,0,0,0,0,0,0,0,0,0,0,0,0,0,0,0,0,0,0,0,0,0,0,0,0,0,0,0,0,0,0,0,0,0,0,0,0,0,1,0,3,1,0,0,1,0,0,0,0,0,0,0,0,0,0,0,0,0,0,0,0,0,0,0,0,0,0,0,0,0,0,0,0,0,0,0,0,0,0,1,0,0,0,0,1,0,0,0,0,28,0,0,0,0,1,0,0,0,0,1,0,1,0,0,1,0,42,0,0,0,1,0,0,0,3,0,0,0,36,0,0,5,21,0,1,0,0,0,1,0,1,0,0,16,0,0,0,0,0,1,0,0,0,1,0,1,0,0,1,0,0,0,0,0,0,0,0,0,0,0,0,0,3,0,1,0,0,0,0,3,42,0,0,0,0,7,2,0,20,8,6,0,0,0,0,2,1,4,8,0,0,0,0,0,0,1,33,0,0,4,1,0,0,0,0,0,0,0,0,0,0,0,0,0,0,0,0,0,0,0,9,0,0,0,0,0,0,0,1,0,0,0,0,16,0,0,8,0,0,1,0,14,0,0,0,1,0,0,5,0,0,6,0
175,1562,ESCOLA MUNICIPAL JOÃO AMAZONAS,"RUA PALMYRA CRIVELLARO BERTOLDE, N. 813",CAMPO DE SANTANA,-25.59061282,-49.3412905,71,0,2505,2042,262,135,0,2,4,3,22,0,3,0,1,2,1,0,12,1,0,0,0,0,0,1,1,1,1,5,0,1,0,3,0,0,0,20,0,0,0,42,0,0,1,0,12,0,0,0,0,0,0,3,0,0,0,0,0,1,3,3,0,1,0,0,8,43,0,0,0,0,7,0,4,0,0,1,0,0,50,11,0,0,18,0,5,6,6,0,0,1,0,0,4,1,5,0,0,1,0,0,0,0,0,0,1,0,1,0,1,1,0,0,51,1,0,0,0,1,0,0,0,0,0,0,0,1,0,0,0,8,1,0,188,0,0,2,35,0,0,1,7,65,0,0,0,0,0,6,0,0,0,1,0,2,0,3,2,12,0,0,3,0,0,0,0,0,1,5,0,0,0,0,0,0,0,0,0,0,0,1,13,0,0,0,0,6,10,0,0,0,0,0,0,0,6,0,1,0,0,0,0,0,0,2,0,0,0,1,0,0,1,0,0,0,0,1,0,0,0,0,0,0,2,0,0,0,0,0,0,2,0,5,0,0,0,0,0,0,1,1,0,0,2,91,0,0,0,0,0,0,0,0,0,0,0,0,1,1,0,1,2,0,0,1,0,0,0,0,0,0,0,6,2,1,0,0,0,0,0,0,0,0,0,0,0,0,0,0,34,1,1,0,2,0,0,0,35,0,1,0,1,0,0,0,0,0,28,0,0,0,2,0,0,1,3,0,1,4,6,0,0,1,0,0,0,0,0,0,0,0,0,0,0,0,0,0,0,0,0,0,0,0,0,0,0,0,0,0,0,0,0,0,0,0,0,0,0,1,0,0,0,0,0,0,0,0,0,0,0,0,0,0,1,0,0,0,1,1,0,0,0,0,2,1,0,0,0,0,0,0,0,0,1,0,0,0,0,0,1,0,1,0,0,0,0,0,0,1,0,1,0,0,0,0,0,1,0,0,1,0,0,0,0,0,0,0,0,0,0,0,1,0,0,0,0,0,0,0,0,0,2,0,2,0,0,0,0,0,0,0,0,0,0,0,1,4,0,0,0,0,0,0,0,0,0,1,0,0,0,0,0,2,3,0,3,2,0,0,0,0,58,0,1,1,0,2,0,0,0,0,0,0,7,1,0,0,0,84,0,0,0,12,0,0,3,13,1,0,0,58,0,0,6,12,0,0,0,1,0,0,2,1,1,0,33,0,0,2,0,0,0,0,0,0,0,0,0,0,0,0,0,0,0,0,0,0,0,0,0,0,0,0,0,0,0,0,0,0,0,0,2,48,0,0,1,0,3,4,0,18,25,0,0,0,0,0,1,2,2,17,2,0,0,0,0,0,0,69,0,0,0,4,0,0,0,1,0,0,0,0,0,0,0,0,0,0,0,0,1,0,0,12,1,1,0,1,0,0,0,0,1,0,0,0,24,0,0,17,0,0,3,0,15,0,0,0,5,3,0,4,0,1,20,0
175,1570,ESCOLA MUNICIPAL RIO BONITO,"RUA LUCAS CARVALHO, N. 1486",CAMPO DE SANTANA,-25.59047948,-49.33578045,71,0,2746,2178,260,145,0,2,1,4,24,1,4,0,0,5,2,0,15,0,0,0,0,2,0,1,0,1,2,13,0,2,0,5,0,0,0,3,1,0,0,39,0,0,0,1,26,0,1,0,0,1,0,0,0,2,0,0,0,0,2,0,0,0,1,0,9,37,0,0,0,1,10,3,4,0,0,4,0,0,50,8,0,2,28,0,5,7,12,0,0,1,1,0,8,0,5,1,0,0,0,0,0,0,3,0,1,0,0,0,1,0,0,1,22,1,2,0,0,0,0,0,0,0,0,0,1,1,1,0,0,7,0,0,178,0,0,4,25,4,1,0,5,68,0,0,1,1,0,15,0,0,0,0,2,0,0,0,0,15,0,0,0,0,0,0,0,0,0,5,0,0,0,0,0,0,0,0,2,0,0,1,12,0,0,0,0,2,6,0,0,0,0,0,0,0,0,0,0,2,0,0,0,0,0,1,0,0,0,0,0,0,0,0,0,0,0,0,0,0,0,0,0,1,14,0,0,0,0,0,0,0,0,0,1,0,1,0,0,1,2,0,1,0,1,94,0,0,0,0,0,1,0,0,3,0,0,0,0,0,0,0,3,0,0,0,0,0,0,0,0,0,2,6,0,0,0,0,0,0,0,0,0,0,0,0,0,0,0,0,58,0,1,0,1,1,1,1,34,2,0,0,0,0,2,0,0,2,31,0,0,0,2,1,0,0,3,0,0,3,4,2,2,1,0,0,0,0,0,0,0,0,0,0,0,0,0,0,0,1,0,0,0,0,0,0,0,0,0,0,4,0,0,0,0,0,0,0,0,1,0,0,0,0,0,0,0,0,0,0,1,0,1,0,1,0,1,0,1,0,0,1,0,0,1,2,0,0,0,0,0,0,1,0,0,0,0,0,0,0,0,0,0,0,0,1,0,0,0,0,0,1,0,0,0,0,0,0,0,0,0,0,0,0,0,0,0,0,0,0,0,0,0,0,5,0,0,2,0,0,1,0,0,0,0,0,0,0,0,0,0,0,0,0,0,0,0,4,2,0,0,0,0,0,0,0,0,0,0,0,0,0,0,1,5,1,4,0,0,3,0,0,53,0,2,0,0,3,0,1,0,0,1,3,1,0,0,0,0,105,2,0,0,10,0,0,7,16,0,0,2,64,1,0,7,16,0,0,0,6,0,5,1,0,2,0,32,0,0,2,0,0,0,0,1,0,0,0,5,2,0,0,0,0,0,0,0,0,0,0,0,0,0,0,2,0,0,0,0,0,2,0,6,43,0,0,0,1,5,5,0,24,35,0,1,0,0,2,3,6,8,9,2,0,0,0,0,0,0,69,0,0,1,1,0,0,0,0,0,0,0,0,0,0,1,0,0,0,0,0,0,2,0,28,0,0,0,1,0,0,0,0,0,0,0,0,24,0,0,12,0,0,1,0,22,0,0,0,0,0,0,5,0,1,24,0
175,1589,ESCOLA MUNICIPAL GOVERNADOR LEONEL DE MOURA BRIZOLA,"RUA ANTONIO ZANON, N. 1371",TATUQUARA,-25.56592368,-49.3259738,74,0,1274,985,150,48,0,2,0,0,8,0,2,0,0,0,0,0,6,0,0,0,0,0,0,0,0,0,1,6,1,0,0,1,1,0,1,8,0,0,0,22,0,2,0,0,7,0,0,0,0,0,0,2,0,1,0,0,0,0,3,0,0,0,1,0,8,28,0,0,0,1,2,0,3,0,0,3,0,1,24,6,0,1,16,0,0,0,2,0,0,0,0,0,3,1,2,1,0,0,0,3,0,0,1,0,0,0,0,0,1,1,0,1,16,0,0,0,0,0,0,0,2,0,0,0,0,0,0,0,1,2,0,1,79,0,0,1,6,3,0,1,1,32,0,0,0,0,0,11,3,1,0,0,0,0,0,0,0,3,0,0,0,0,0,0,0,0,0,2,0,0,0,0,0,0,0,0,1,0,0,1,5,0,0,0,0,0,7,0,0,0,0,0,0,0,0,0,0,0,0,0,0,0,0,3,0,0,0,1,0,1,0,0,0,0,0,0,0,0,0,0,0,0,2,0,0,0,0,0,0,0,0,1,0,0,0,0,0,0,0,0,0,0,1,41,0,0,0,0,0,0,0,0,1,0,0,0,1,0,0,0,0,0,0,1,0,0,0,0,0,0,0,1,0,0,0,0,0,0,0,0,0,0,0,0,0,0,1,1,14,0,0,0,0,0,0,1,3,0,0,0,0,0,1,0,0,0,10,0,0,0,2,0,0,0,3,0,0,0,1,0,0,0,0,0,0,0,0,0,0,0,0,0,0,0,0,0,0,0,0,0,0,0,0,0,0,0,0,0,1,0,0,0,0,0,0,0,0,2,0,0,0,0,1,0,0,0,0,0,0,0,0,0,0,0,0,0,0,0,0,0,0,0,0,0,0,0,0,0,0,0,0,0,0,0,0,0,0,0,0,0,0,0,0,0,0,0,0,0,0,0,0,0,0,0,0,0,0,0,0,0,0,0,0,0,0,0,0,0,0,0,0,0,3,0,0,0,0,0,0,0,0,0,1,0,0,0,0,0,0,0,0,0,0,0,0,0,0,0,0,0,0,0,0,0,0,0,0,0,0,0,0,1,1,0,0,0,0,2,0,1,23,0,0,0,0,0,0,0,1,0,2,0,0,0,0,0,0,55,0,0,0,1,0,0,1,9,1,0,0,33,0,0,1,8,0,0,0,1,0,2,0,0,0,0,30,0,1,1,0,0,0,0,0,0,0,0,0,0,0,0,0,0,0,0,0,0,0,0,0,0,0,0,3,0,0,0,0,0,0,0,1,21,0,0,0,0,0,6,0,16,7,0,1,0,0,0,0,0,7,3,1,0,0,0,0,0,0,30,0,0,0,3,0,0,0,0,0,0,0,0,0,0,0,0,0,0,0,0,0,0,0,15,0,0,0,1,0,0,0,0,0,0,0,0,13,0,0,4,0,0,0,0,6,0,0,0,0,1,0,3,0,0,8,0
175,1597,COLÉGIO ESTADUAL PROFESSORA MARLI QUEIROZ AZEVEDO,"RUA CYRO CORREIA PEREIRA, N. 3506 - VITÓRIA RÉGIA",CIDADE INDUSTRIAL,-25.5438602,-49.33780893,75,0,2696,2147,230,111,0,2,0,3,29,0,1,0,0,5,1,1,10,1,0,0,0,0,1,1,0,1,0,6,0,0,0,3,0,0,0,22,2,0,0,33,0,0,0,0,17,2,0,0,0,0,0,3,1,2,4,0,0,0,10,0,0,0,0,1,8,44,0,1,0,1,9,0,7,0,0,2,0,0,24,5,0,0,12,1,3,0,7,0,0,0,0,0,6,2,2,1,1,0,0,0,0,0,0,0,0,0,2,0,0,0,0,2,35,0,0,0,0,0,0,0,1,0,0,0,1,0,2,0,1,10,1,1,139,0,0,2,32,4,0,0,10,111,0,0,0,0,2,3,0,0,0,0,0,0,0,0,5,24,0,0,0,0,0,0,0,0,0,0,0,0,0,0,0,0,0,0,0,0,0,0,6,0,0,0,0,3,16,0,0,1,1,0,0,0,0,0,0,2,0,0,0,0,0,8,0,0,0,0,0,0,0,0,0,0,0,0,0,0,1,0,0,1,7,0,0,0,0,0,0,0,0,3,1,3,0,0,0,0,2,1,1,0,0,138,0,0,0,0,0,0,0,0,3,3,0,0,0,0,0,0,1,1,0,0,0,0,0,0,0,0,0,4,1,0,0,0,0,0,0,0,0,0,0,0,0,0,2,5,32,3,2,1,0,0,0,0,18,1,0,1,1,0,1,0,0,0,26,0,0,0,1,0,0,2,3,1,0,1,6,0,2,0,0,0,0,0,0,0,0,0,0,0,0,0,0,0,0,0,0,0,0,0,0,0,0,0,0,0,1,0,0,0,1,0,0,0,2,1,0,0,0,0,0,0,0,0,0,2,3,0,1,0,2,0,3,0,1,0,0,6,0,0,1,1,1,0,0,0,0,0,0,0,3,0,0,0,0,0,0,0,0,0,0,0,0,0,0,0,0,1,0,0,0,0,0,0,0,0,0,0,0,0,0,0,0,0,0,0,0,4,2,0,1,1,0,0,0,0,0,0,5,0,0,0,0,0,0,0,0,0,0,0,0,0,0,0,0,0,0,0,0,0,0,0,0,0,0,0,0,1,1,0,4,1,0,1,0,1,0,0,144,0,0,0,0,2,0,0,0,0,2,1,2,0,0,1,1,148,1,0,0,8,1,0,2,19,2,0,0,72,0,0,1,13,0,2,0,0,2,3,1,1,0,0,25,0,1,0,0,1,0,4,1,0,0,0,4,0,2,0,0,0,2,0,0,2,0,0,0,0,0,0,0,0,0,0,0,0,0,0,3,52,1,0,0,0,3,4,0,8,32,0,0,0,0,0,2,1,3,4,3,0,0,0,0,0,0,78,0,0,0,7,0,0,0,3,0,0,0,0,0,0,0,0,0,0,0,0,0,0,0,15,0,0,0,2,0,1,0,0,0,0,0,0,19,0,0,13,0,0,1,0,14,0,0,0,1,1,0,7,0,0,2,0
175,1600,ESCOLA MUNICIPAL HELENA KOLODY,"RUA HUMBERTO BERTOLDI, N. 281 - RIO BONITO",CAMPO DE SANTANA,-25.58545643,-49.33707829,71,0,2103,1606,263,117,0,2,0,2,16,1,3,0,0,1,0,0,8,1,0,0,0,0,0,0,0,0,1,7,1,0,0,1,0,0,0,7,1,0,0,33,0,0,0,0,20,0,1,0,0,0,0,1,0,1,2,0,0,0,0,0,0,1,0,0,6,20,0,0,0,1,5,0,0,0,0,4,0,0,38,8,0,0,18,0,2,4,4,2,0,0,4,0,7,0,2,0,0,0,0,0,0,1,1,0,1,0,2,0,2,1,0,1,9,0,0,0,1,0,0,0,1,1,0,0,0,1,1,0,0,5,0,1,112,0,0,1,17,3,0,0,4,76,0,0,0,0,1,9,0,0,0,0,0,0,0,0,2,3,0,0,0,0,0,0,0,0,0,0,0,0,0,0,0,0,0,0,0,0,0,2,17,0,0,1,1,3,9,0,0,0,0,0,0,0,1,0,0,1,0,0,0,0,0,1,0,0,0,0,0,0,0,2,0,0,0,0,0,0,0,0,0,0,2,0,0,0,0,0,0,0,0,0,0,0,0,0,0,1,0,2,0,0,0,57,0,0,0,0,0,1,0,0,1,0,0,0,0,0,0,0,0,0,0,1,0,0,0,0,0,0,1,4,0,1,0,0,0,0,0,0,0,0,0,0,0,0,1,0,27,2,1,1,1,0,1,0,29,0,0,0,0,0,0,0,0,1,15,0,0,0,3,2,0,0,2,0,0,0,3,0,0,0,0,0,0,0,0,0,0,0,0,0,0,0,0,0,0,0,0,0,0,0,0,0,0,0,0,0,1,0,0,0,0,0,0,0,0,0,0,1,0,0,0,1,0,0,0,1,1,0,0,0,0,0,0,0,0,0,1,4,0,0,0,0,0,0,0,0,0,0,0,0,1,0,1,0,0,0,0,0,0,0,0,0,0,0,0,0,0,2,0,0,0,0,0,0,0,0,0,0,0,0,0,0,0,0,0,0,0,0,1,0,1,0,0,2,0,0,0,0,0,0,0,0,0,0,0,0,0,0,0,0,0,0,0,7,0,0,0,0,0,0,0,0,0,0,0,0,0,0,1,2,1,0,0,0,0,0,2,0,58,0,1,0,0,1,0,1,0,0,1,2,1,0,0,0,1,66,0,0,0,2,0,0,0,10,1,1,0,64,1,1,7,19,0,0,0,2,0,0,1,0,0,1,21,0,0,3,0,0,0,0,3,0,0,0,4,0,0,0,0,0,1,0,0,0,0,0,0,0,0,0,0,0,0,0,0,0,0,0,4,27,0,0,0,0,7,0,1,13,17,6,0,0,0,0,1,2,1,13,1,0,0,0,0,0,0,40,0,0,5,3,0,0,0,0,0,0,0,0,0,0,0,0,0,0,0,0,0,0,0,23,0,0,1,2,0,0,0,0,0,0,0,1,22,1,0,10,0,0,0,0,14,0,0,0,1,0,0,4,0,0,10,0
175,1619,COLÉGIO ESTADUAL TATUQUARA - EFM,"ESTRADA DELEGADO BRUNO DE ALMEIDA, N. 3339",CAMPO DE SANTANA,-25.58761857,-49.3181614,71,0,1574,1122,128,79,0,0,2,3,7,0,0,0,0,1,0,0,10,0,0,0,0,3,0,0,0,1,3,3,0,0,0,3,0,0,2,3,0,0,0,21,0,0,0,1,16,1,0,0,0,0,0,1,0,1,0,0,0,1,3,0,0,0,0,0,0,19,0,2,0,0,1,0,4,1,0,0,0,0,21,6,0,0,14,0,0,6,7,1,0,0,1,0,3,0,0,1,0,0,0,0,0,0,0,0,0,0,0,0,4,1,1,0,24,1,0,0,0,0,0,0,0,0,1,0,0,1,0,0,0,2,0,0,79,0,2,0,16,1,0,0,5,49,1,0,1,0,0,1,0,0,0,0,0,0,0,0,2,5,0,0,0,0,0,0,0,0,0,1,0,0,0,0,0,0,0,0,4,0,0,0,6,0,0,0,0,0,6,0,0,1,0,0,0,0,0,0,0,1,0,0,0,0,1,2,0,0,0,0,0,0,0,1,0,0,0,0,0,0,0,0,0,0,4,0,0,0,0,0,0,0,0,0,1,0,0,0,0,0,2,0,0,0,0,53,0,0,0,0,0,1,0,0,2,0,0,0,0,0,0,0,0,0,0,0,0,0,0,0,0,0,1,2,0,0,0,0,0,0,0,0,0,0,0,0,0,0,0,1,23,0,1,0,0,0,0,0,11,1,0,1,0,0,0,0,1,0,9,0,0,0,1,0,0,0,1,0,0,1,1,0,0,0,0,1,0,0,0,0,0,0,0,0,0,0,0,0,0,0,0,0,0,0,0,0,0,0,0,0,0,0,0,0,0,0,0,0,0,0,0,2,0,0,0,0,0,0,0,0,2,1,0,1,1,0,0,0,0,1,0,3,0,0,1,0,0,0,0,1,0,0,0,0,0,0,0,0,0,0,0,1,0,0,0,1,0,0,0,0,0,0,0,0,0,0,0,0,0,0,0,0,0,0,0,0,0,0,0,0,0,2,0,0,0,1,0,0,0,0,0,0,0,0,2,0,0,0,0,0,0,0,0,0,0,0,0,1,0,0,0,0,0,0,0,0,0,0,0,0,1,0,1,0,3,0,1,0,0,1,1,0,27,1,0,0,0,1,0,1,0,0,2,1,2,0,0,0,0,64,2,0,0,5,0,0,0,9,0,0,0,39,0,0,5,13,0,0,0,0,0,1,0,0,1,0,15,0,2,0,0,0,0,3,0,0,0,0,0,1,0,0,0,0,0,0,0,0,0,0,0,0,0,0,0,0,0,0,0,0,0,0,4,26,0,0,0,0,6,2,0,8,8,2,0,0,0,0,1,1,4,5,0,0,0,1,0,0,0,39,0,0,3,1,0,0,0,0,0,0,0,0,0,0,0,0,0,0,0,0,0,0,0,10,0,2,0,1,0,0,0,0,0,0,0,0,15,0,0,8,0,1,0,0,18,0,0,0,0,0,1,2,0,2,8,0
175,1724,ESCOLA MUNICIPAL PROFESSORA MARIA IENKOT ZEGLIN,"RUA PRESIDENTE JOÃO GOULART, N 1605",TATUQUARA,-25.57734431,-49.33207279,74,0,620,488,68,21,0,1,1,0,6,0,0,0,0,1,0,0,6,1,0,0,0,0,0,0,0,0,1,2,1,0,0,3,0,1,0,2,0,0,0,6,0,0,0,0,2,0,0,0,0,0,0,1,0,0,0,0,0,0,0,0,0,0,0,0,2,15,0,0,0,0,1,0,0,0,0,3,0,0,9,2,0,0,3,1,2,2,1,1,0,0,1,0,0,0,1,0,0,0,0,0,0,0,0,0,0,0,0,0,0,1,0,0,4,0,0,0,0,0,0,0,0,0,0,0,0,1,0,0,0,2,0,0,36,0,0,0,6,1,0,1,2,25,0,0,0,0,0,8,0,0,0,0,1,0,0,0,3,0,0,0,0,0,0,0,0,0,0,0,0,0,0,0,0,0,1,0,0,0,0,0,0,0,0,0,0,0,4,0,0,0,1,0,0,0,0,0,0,0,0,0,0,0,0,0,0,0,0,0,0,0,0,0,0,0,0,0,0,0,0,0,0,0,0,0,0,0,0,0,0,0,0,0,1,0,0,0,0,0,0,0,0,0,0,19,0,0,0,0,0,0,0,0,0,0,0,0,0,0,0,0,0,0,0,0,0,0,0,0,0,0,0,0,1,0,0,0,0,0,0,0,0,0,0,0,0,0,0,0,11,0,3,0,0,1,0,0,3,0,0,0,0,0,1,0,0,1,3,0,0,0,0,0,0,0,2,0,0,2,1,0,1,0,0,0,0,0,0,0,0,0,0,0,0,0,0,0,0,0,0,0,0,0,0,0,0,0,0,0,0,0,0,0,0,0,0,0,0,0,0,0,0,0,0,0,0,0,0,0,0,0,0,0,0,0,0,0,1,0,0,1,0,0,0,0,0,0,0,0,0,0,0,0,0,0,0,0,0,0,0,0,0,0,0,0,0,0,0,0,0,2,0,0,0,0,0,0,0,0,0,0,0,0,0,0,0,0,0,0,0,0,0,0,0,0,0,0,0,0,0,0,0,0,0,0,0,0,0,0,0,0,0,0,0,0,0,0,0,0,0,0,0,0,0,0,0,0,0,0,0,0,0,1,2,0,0,0,0,2,0,0,17,0,0,0,0,0,0,0,0,0,3,0,0,0,0,0,0,28,0,0,0,0,0,0,0,3,0,0,0,18,0,0,2,4,0,0,0,1,0,0,0,0,0,0,10,0,0,0,0,0,0,0,1,0,0,0,2,1,0,0,0,0,0,0,0,0,0,0,0,0,0,0,0,0,0,0,0,0,0,0,0,11,0,0,0,0,0,3,0,4,6,0,0,0,0,0,0,0,2,2,0,0,0,0,0,0,0,11,0,0,1,1,0,0,0,0,0,0,0,0,0,0,0,0,0,0,0,0,0,0,0,7,0,0,0,0,0,0,0,0,0,0,0,0,10,0,0,1,0,0,0,0,3,0,0,0,0,0,0,0,0,0,12,0
175,1732,ESCOLA MUNICIPAL DOUTOR HAMILTON CALDERARI LEAL,"RUA VICTOR GRYCAJUCK, 121",SAO MIGUEL,-25.50742647,-49.35454726,67,0,102,74,14,5,0,0,0,0,2,0,0,0,0,0,0,0,0,0,0,0,0,0,0,0,0,0,0,0,0,1,0,0,0,0,0,0,0,0,0,0,0,0,0,0,0,0,0,0,0,0,0,0,0,0,0,0,0,0,0,0,0,0,0,0,0,1,0,0,0,0,1,0,1,0,0,0,0,0,0,0,0,0,0,0,0,0,0,0,0,0,0,0,0,0,0,0,0,0,0,0,0,0,0,0,0,0,0,0,0,0,0,0,0,0,0,0,0,0,0,0,0,0,0,0,0,0,0,0,0,0,3,0,15,0,0,0,2,1,0,0,0,1,0,0,0,0,0,0,0,0,0,0,0,0,0,0,0,2,0,0,0,0,0,0,0,0,0,0,0,0,0,0,0,0,0,0,0,0,0,0,0,0,0,0,0,0,0,0,0,0,0,0,0,0,0,0,0,0,0,0,0,0,0,0,0,0,0,0,0,0,0,0,0,0,0,0,0,0,0,0,0,0,0,0,0,0,0,0,0,0,0,0,0,0,0,0,0,0,0,0,0,0,0,2,0,0,0,0,0,0,0,0,1,0,0,0,0,0,0,0,0,0,0,0,0,0,0,0,0,0,0,0,0,0,0,0,0,0,0,0,0,0,0,0,0,0,0,0,0,0,0,0,0,0,0,0,0,0,0,0,0,0,0,0,0,0,0,0,0,0,0,0,0,0,0,0,0,0,0,0,0,0,0,0,0,0,0,0,0,0,0,0,0,0,0,0,0,0,0,0,0,0,0,0,0,0,0,0,0,0,0,0,0,0,0,0,0,0,0,0,0,0,0,0,0,0,0,0,0,0,0,0,0,0,0,0,0,0,0,0,0,0,0,0,0,0,0,0,0,0,0,0,0,0,0,0,0,0,0,0,0,0,0,0,0,0,0,0,0,0,0,0,0,0,0,0,0,0,0,0,0,0,0,0,0,0,0,0,0,0,0,0,0,0,0,0,0,0,0,0,0,0,0,0,0,0,0,0,0,0,0,0,0,0,0,0,0,0,0,0,0,0,0,0,0,0,0,0,0,0,0,0,0,0,0,0,0,0,0,0,5,0,0,0,0,0,0,0,0,0,0,0,0,0,0,0,0,3,0,0,0,0,0,0,1,0,0,0,0,2,0,0,0,1,0,0,0,0,0,0,0,0,0,0,3,0,0,0,0,0,0,0,0,0,0,0,0,0,0,0,0,0,0,0,0,0,0,0,0,0,0,0,0,0,0,0,0,0,0,0,0,2,0,0,0,0,0,0,0,0,1,0,0,0,0,0,0,0,0,0,1,0,0,0,0,0,0,1,0,0,0,0,0,0,0,0,0,0,0,0,0,0,0,0,0,0,0,0,0,0,0,0,0,0,0,0,0,0,0,0,0,0,0,0,0,0,0,1,0,0,0,0,0,0,0,0,0,0,0,0,1,0,0,0
176,1120,COLEGIO ESTADUAL JOAO DE OLIVEIRA FRANCO,RUA PADRE MANUEL DA NOBREGA 1489,FANNY,-25.48852324,-49.27716062,39,0,3112,2581,150,111,0,2,0,2,15,2,1,0,0,0,0,1,36,1,0,0,0,8,0,0,0,0,4,11,0,2,0,2,0,1,0,7,2,0,0,23,1,0,0,0,6,0,0,1,0,0,0,2,1,3,2,0,0,1,5,3,0,0,0,6,2,20,0,6,0,0,6,0,19,0,0,1,0,0,20,7,0,0,10,0,6,3,5,0,6,0,1,0,18,4,4,5,0,0,0,0,1,1,2,0,4,0,1,0,0,0,0,0,78,0,0,0,0,1,0,0,0,0,0,0,0,1,1,1,0,0,0,2,81,0,0,0,68,0,0,0,3,140,1,0,0,1,0,5,0,0,0,0,2,0,0,0,0,17,0,0,0,0,0,0,0,0,1,0,0,0,1,0,0,0,0,0,0,0,0,1,3,0,0,0,0,0,27,0,0,0,0,0,0,0,0,0,0,1,0,0,0,0,3,2,0,1,0,0,0,0,0,1,0,0,0,0,1,0,2,0,0,0,7,1,0,1,0,0,0,1,0,3,1,2,0,0,0,0,1,1,0,0,0,425,3,0,0,0,0,2,0,0,1,1,1,0,0,0,0,0,0,0,0,0,0,0,0,0,0,1,0,5,0,0,0,0,0,0,0,0,0,0,0,0,0,0,1,8,114,8,2,0,1,1,0,0,19,0,0,0,0,0,1,0,0,1,16,0,0,0,3,0,0,0,3,0,0,0,1,0,0,0,0,0,0,0,1,0,0,0,0,0,0,3,0,0,0,0,0,0,0,0,0,0,2,0,0,0,6,0,0,0,0,0,0,0,0,0,0,2,0,0,0,1,0,0,1,1,4,0,1,0,13,3,1,0,0,0,0,3,0,0,1,1,0,1,0,1,0,2,0,0,0,1,0,0,0,0,0,0,0,0,0,1,0,0,0,1,0,0,0,0,0,0,0,0,0,1,1,0,0,0,0,0,0,1,0,0,0,65,0,0,0,3,0,0,0,0,0,0,0,0,0,0,0,0,2,0,0,0,2,0,0,0,1,2,0,0,0,0,0,0,0,0,1,0,0,0,0,0,1,1,2,0,2,1,0,0,0,0,38,2,5,0,0,2,0,1,1,3,3,4,2,0,0,0,0,131,4,1,0,16,0,0,1,13,1,0,0,97,1,1,7,12,0,2,0,1,0,1,0,0,0,0,22,0,0,0,0,0,0,5,2,1,0,0,7,0,2,0,0,0,0,0,0,1,0,0,0,0,0,0,0,0,0,0,0,0,0,1,6,116,0,0,1,0,4,14,2,10,7,4,2,0,0,3,0,3,3,3,1,0,0,0,0,0,1,60,0,0,1,5,0,0,0,1,0,2,0,0,0,1,2,0,0,0,0,0,0,0,0,17,3,0,0,0,0,0,0,0,0,0,0,0,18,1,0,7,1,0,2,0,100,1,0,0,0,1,0,1,0,0,3,0
176,1139,COLEGIO ESTADUAL JOSE BUSNARDO,RUA MAJOR VICENTE DE CASTRO  1.154,FANNY,-25.47968835,-49.26656426,39,0,2515,2053,137,87,0,0,2,4,18,0,1,0,0,0,0,0,14,2,0,0,0,2,0,0,0,1,1,4,3,1,2,5,0,0,1,4,1,0,0,11,0,0,0,2,2,0,0,0,0,0,0,1,0,3,4,0,0,0,3,1,0,0,0,4,8,23,1,3,0,2,6,0,8,0,0,0,0,0,23,9,0,1,9,0,8,5,1,1,2,0,0,0,9,0,3,0,0,0,1,3,0,0,0,0,1,0,4,0,0,0,0,1,55,1,0,0,0,0,0,0,0,0,0,0,2,0,0,0,0,1,0,1,50,0,1,2,71,3,0,0,4,91,0,0,0,0,1,5,0,1,0,0,0,0,0,0,0,13,0,0,3,0,0,0,0,0,1,0,0,0,1,0,0,5,2,2,0,0,0,0,1,0,1,0,0,3,12,0,0,0,0,0,0,0,0,0,0,0,0,0,0,0,1,2,0,0,0,2,0,0,0,0,0,0,0,0,0,0,0,0,0,1,5,0,1,0,0,0,0,1,0,1,0,1,0,0,0,1,0,1,0,0,0,305,1,0,0,0,0,0,0,1,0,0,2,0,0,0,2,0,2,0,0,0,0,1,0,0,0,2,2,1,2,0,0,0,0,0,0,0,0,0,0,0,0,0,0,1,85,5,1,0,0,0,0,1,22,1,0,0,0,0,1,0,0,0,19,0,0,0,4,0,0,2,2,4,0,1,3,1,1,1,0,0,0,0,0,0,0,0,0,0,0,0,0,0,0,0,0,0,0,0,2,0,0,0,0,0,2,0,0,0,0,0,0,0,0,1,0,0,0,0,0,0,0,0,0,0,6,0,1,0,4,2,2,0,0,0,0,4,0,0,1,0,0,0,0,0,0,0,0,0,2,0,1,0,1,1,0,0,0,0,0,3,0,0,0,0,0,0,0,0,0,0,1,0,0,0,0,0,0,0,0,0,0,0,0,0,0,48,0,0,1,1,0,0,1,1,0,0,0,0,1,0,0,0,0,0,0,0,1,0,0,0,0,1,4,0,0,0,0,0,0,0,0,0,0,0,0,0,0,0,2,0,2,0,0,1,0,0,65,0,1,0,0,10,1,0,0,0,4,7,2,0,0,0,0,122,0,0,0,13,0,0,0,28,1,0,0,69,1,3,8,10,0,0,0,2,1,3,0,1,0,0,20,0,1,0,0,0,0,2,0,0,0,0,2,0,0,0,0,0,0,0,0,0,0,0,0,0,0,0,0,0,0,0,0,0,1,0,1,78,0,0,0,1,1,38,0,15,9,0,0,0,1,3,1,1,10,2,4,0,0,0,0,0,5,36,0,0,1,7,0,0,1,1,0,0,0,0,0,0,1,0,0,0,0,0,0,0,0,13,0,1,0,0,0,0,0,0,0,0,0,0,21,0,0,11,0,1,4,0,20,0,0,1,0,0,0,4,0,3,2,0
176,1147,ESCOLA MUNICIPAL ELEVIR DIONISIO,RUA CAP JOSE MARIA SOBRINHO 1336,FANNY,-25.48370044,-49.27300234,39,0,2152,1797,97,75,0,0,0,2,17,2,0,0,0,4,0,1,12,0,0,0,1,2,0,0,0,2,1,11,0,2,0,2,0,0,1,6,1,0,0,5,0,0,0,0,8,0,0,0,0,0,0,4,0,1,2,0,0,1,2,0,0,0,2,10,0,32,0,1,0,0,7,0,9,0,2,1,0,0,19,12,0,0,17,0,6,3,0,0,0,2,1,0,10,0,0,4,0,0,0,0,0,0,1,0,2,0,1,0,0,0,0,0,66,0,3,0,0,0,0,0,1,0,0,0,3,0,1,0,0,3,1,1,51,0,0,1,60,1,0,0,4,69,0,0,0,0,1,2,0,0,0,0,0,0,0,0,0,13,0,0,3,0,0,0,0,0,2,0,0,0,0,0,0,0,0,0,0,0,0,0,1,0,1,0,1,1,19,0,0,0,0,0,0,0,0,0,0,1,0,0,0,0,0,3,0,0,0,1,0,1,2,0,0,0,0,0,0,0,1,0,0,0,5,0,0,0,1,0,0,0,0,1,0,1,0,0,0,0,1,0,0,0,0,259,0,0,2,0,0,0,0,1,0,0,2,0,0,0,0,0,0,0,0,0,0,0,0,0,0,1,1,4,1,0,0,0,0,0,0,0,0,0,0,0,0,0,0,2,59,6,2,0,2,2,0,1,15,3,0,1,1,0,0,0,0,0,12,0,0,0,9,0,0,0,10,0,0,0,5,6,0,1,0,0,0,0,0,0,0,0,0,0,0,0,0,0,0,0,0,0,0,0,0,0,0,0,0,0,5,0,0,0,0,1,0,0,0,0,0,1,0,0,0,0,0,0,1,0,4,1,0,1,3,0,0,0,0,0,1,4,0,1,2,1,0,0,0,0,0,0,0,0,1,0,1,0,0,0,0,0,0,0,0,0,0,0,0,0,0,0,0,0,1,0,0,0,0,0,0,0,0,0,0,0,0,0,0,0,0,58,0,0,1,4,1,0,0,0,0,0,0,0,0,0,0,0,2,0,1,0,1,0,0,0,0,0,0,0,0,0,1,0,0,0,0,0,0,0,0,0,0,0,0,0,0,0,0,0,0,0,32,0,0,0,0,5,0,0,0,0,0,6,0,0,0,0,3,111,2,0,0,15,0,0,0,17,1,0,0,47,0,4,2,7,0,2,0,0,0,7,0,1,0,0,24,0,0,0,1,0,1,1,1,0,0,0,4,0,0,0,0,0,0,0,0,0,0,0,0,0,0,0,0,0,0,0,0,0,0,1,2,65,0,0,0,0,2,12,0,12,4,2,0,0,0,1,0,4,5,1,2,0,0,2,0,2,5,52,0,0,3,2,0,0,0,3,0,0,0,0,0,0,1,0,0,0,0,2,0,0,0,23,1,0,0,1,0,0,0,0,0,0,0,0,11,0,0,5,0,0,0,0,36,0,0,0,0,0,0,1,0,1,2,0
176,1155,COLEGIO ESTADUAL NEWTON FERREIRA DA COSTA,RUA AMERICO VESPUCIO   745,LINDOIA,-25.48181571,-49.27665712,40,0,3989,3263,217,143,0,1,1,8,34,0,2,0,1,2,0,3,25,2,0,0,1,13,0,3,0,0,1,13,2,5,0,11,0,1,0,5,3,0,0,24,0,0,1,0,12,1,1,0,0,0,0,4,1,3,6,0,0,1,5,0,0,0,0,13,3,86,0,3,0,0,12,3,17,0,1,4,0,0,35,12,0,0,23,0,12,3,4,0,4,0,0,0,33,2,3,0,0,0,0,0,1,0,0,0,1,0,3,0,0,0,1,0,81,0,0,0,0,0,0,0,1,1,0,0,1,0,3,0,3,4,1,4,115,0,2,1,84,2,0,0,10,182,1,0,0,0,0,5,0,0,0,0,0,0,0,0,0,14,0,0,0,0,0,0,0,0,1,0,0,0,2,0,0,0,0,0,1,0,0,1,4,0,2,0,0,7,38,0,0,0,2,0,0,0,0,0,1,0,0,0,0,0,2,3,0,0,0,0,0,0,2,0,0,0,0,0,0,0,3,0,0,0,6,0,0,2,0,0,0,3,0,2,2,2,0,0,0,2,1,0,2,0,0,378,4,0,0,0,0,0,0,0,2,2,1,0,1,0,1,0,1,0,1,0,0,2,0,0,0,3,1,7,1,0,0,0,0,0,0,0,0,0,1,0,0,0,2,1,96,11,0,0,0,0,0,3,36,3,0,0,0,0,0,0,0,3,21,1,0,0,12,0,0,0,15,2,0,0,0,2,0,0,0,1,0,0,0,0,0,0,0,0,0,0,0,0,0,0,0,0,0,0,0,0,0,0,0,0,5,0,0,0,0,2,0,0,0,0,1,0,0,0,0,0,0,0,0,0,8,0,3,0,3,1,2,0,0,0,0,7,0,2,1,2,0,0,0,1,0,1,0,0,0,0,0,0,0,0,0,0,0,0,0,1,0,0,0,0,0,0,0,0,0,0,0,0,0,1,1,0,0,0,0,0,0,0,1,0,0,42,2,0,1,0,0,0,0,0,0,0,2,0,0,0,0,0,1,0,0,0,0,0,0,0,0,6,0,0,0,0,0,0,1,0,1,0,0,1,0,0,3,0,7,1,2,2,0,2,0,0,69,0,0,0,0,5,0,0,0,1,1,7,4,0,0,0,0,220,2,2,0,17,0,0,3,44,3,0,0,97,0,1,11,14,0,4,0,1,1,9,1,5,0,0,53,0,3,1,0,2,0,0,6,0,0,0,2,0,4,1,0,0,1,0,1,0,0,0,0,0,0,0,0,0,0,0,0,1,0,0,4,94,0,1,0,1,2,43,0,17,18,3,1,0,0,0,0,7,6,5,2,0,0,1,0,0,3,89,0,1,4,5,0,0,1,0,0,1,0,0,0,0,4,0,0,0,0,0,0,0,1,41,0,2,0,3,1,0,0,0,0,0,0,3,16,0,0,14,0,1,3,0,70,1,0,0,0,0,0,5,0,5,14,0
176,1163,COLEGIO ESTADUAL DOM ATTICO EUZEBIO DA ROCHA,AVENIDA PRESIDENTE WENCESLAU BRAZ   2779,GUAIRA,-25.47717084,-49.28163385,40,0,3551,2889,156,108,0,0,3,8,33,2,2,0,3,0,0,1,19,0,0,0,0,5,2,0,0,1,2,16,5,1,1,5,0,0,1,5,2,0,0,18,0,0,0,1,7,0,2,0,0,1,0,2,0,3,5,0,0,0,6,0,0,0,0,14,7,55,0,7,0,0,10,0,12,0,1,0,0,2,31,10,0,0,19,0,9,7,5,0,11,3,2,0,30,0,5,1,2,0,0,0,0,0,2,0,0,0,1,0,0,0,0,0,99,0,1,0,0,0,0,0,1,0,0,0,0,1,0,0,0,4,2,2,124,0,0,6,116,6,0,0,9,111,3,0,0,1,0,2,0,0,0,0,1,0,0,0,0,14,1,0,0,0,0,0,0,0,5,1,0,0,0,0,0,4,2,0,0,0,0,1,3,0,2,0,0,2,24,0,0,0,0,0,0,0,0,0,4,1,0,0,0,0,0,2,0,0,0,0,0,0,0,0,0,0,0,0,0,0,2,0,0,0,5,0,0,2,0,0,0,3,0,1,0,2,0,0,0,0,0,0,0,0,0,432,0,1,1,0,0,2,0,6,1,0,0,1,0,0,0,0,0,0,0,0,1,0,0,0,0,1,1,4,2,1,0,0,0,0,0,0,0,0,0,0,0,0,0,1,109,4,0,0,0,1,0,0,27,2,0,1,0,0,0,0,0,0,34,0,0,0,15,0,0,0,13,1,0,0,1,2,1,0,0,0,0,0,0,0,0,0,0,0,0,0,0,0,0,0,0,0,0,0,0,0,0,0,0,0,6,0,0,0,0,1,0,0,0,1,0,0,0,0,0,0,0,0,1,0,3,0,0,0,8,0,0,1,2,0,1,7,0,0,2,1,2,0,0,0,2,0,0,1,0,0,0,0,0,0,0,0,0,1,0,2,0,0,0,0,0,1,0,0,0,0,0,0,0,0,0,0,0,0,0,0,0,2,1,0,0,17,0,0,2,0,0,0,0,1,0,0,1,0,0,0,0,0,0,0,0,0,1,0,0,0,0,6,0,0,0,0,0,0,0,0,0,0,0,0,0,1,1,1,2,0,3,0,0,2,0,1,51,1,2,0,0,0,2,0,0,0,4,3,1,0,0,0,0,151,5,0,0,22,0,0,1,17,2,0,1,96,0,0,15,8,0,0,0,1,0,9,2,1,0,0,49,0,0,1,0,1,0,2,3,0,0,0,0,0,0,0,0,0,0,0,0,0,0,0,0,0,0,0,1,0,0,0,0,0,0,0,4,126,0,1,0,2,5,31,1,12,0,4,0,1,0,2,0,7,6,5,0,0,0,0,0,0,14,56,0,1,2,4,0,0,0,0,0,0,0,0,0,0,5,0,1,0,0,0,1,0,0,40,2,0,0,1,0,0,0,0,0,0,0,1,17,0,0,16,0,0,1,0,65,2,0,0,0,0,0,1,0,3,4,0
176,1180,CEEBJA - CIC (COLEGIO FRANCISCO AZEVEDO MACEDO),"TRAVESSA AUGUSTO MARACH, 224",NOVO MUNDO,-25.48874874,-49.29290674,41,0,3621,2910,153,125,0,2,5,2,33,0,1,0,1,1,0,0,27,0,0,0,0,5,1,2,0,2,0,13,1,1,0,6,0,0,2,10,0,4,0,25,0,0,0,2,10,1,0,2,0,0,0,2,0,0,4,0,0,0,4,0,0,0,0,10,1,25,0,3,1,2,8,1,12,0,2,1,0,0,21,21,2,0,11,0,9,6,1,0,3,0,0,0,24,3,1,3,0,0,0,1,0,0,1,0,4,1,0,1,0,0,1,1,84,0,0,0,0,0,0,0,0,0,0,0,0,2,0,0,1,4,0,4,108,0,0,5,104,6,1,0,2,117,1,0,0,0,0,1,0,0,0,0,1,0,0,0,0,15,0,0,1,0,2,0,1,0,0,1,0,0,1,0,0,0,2,1,0,0,0,0,4,0,1,0,0,0,40,0,0,3,3,0,0,0,0,0,1,2,1,0,0,1,0,2,0,0,0,0,0,0,2,0,0,0,0,0,2,0,0,0,0,0,3,0,0,0,0,0,0,3,0,1,2,2,0,0,2,0,0,0,0,0,0,419,0,0,0,0,0,0,1,0,1,3,1,0,0,0,0,0,0,0,0,0,0,1,0,0,0,0,9,13,0,1,0,0,0,0,0,0,0,0,0,0,0,0,0,0,127,17,0,0,1,0,0,1,26,1,0,0,0,0,1,0,1,1,32,0,1,0,10,1,0,0,4,0,0,0,4,0,0,0,1,0,0,0,0,0,0,0,0,0,0,1,0,0,0,0,0,0,0,0,0,0,0,0,0,0,3,0,0,0,0,0,0,0,0,1,0,0,0,0,0,0,0,0,0,0,3,2,0,0,5,0,0,0,1,0,2,4,0,1,0,1,0,1,0,0,0,1,0,0,5,1,0,0,0,0,0,0,0,0,0,0,0,0,0,1,1,0,0,0,0,0,0,0,0,0,0,0,0,0,0,0,0,1,2,0,0,6,0,0,0,0,0,0,0,0,0,0,2,0,0,0,0,0,1,0,0,0,1,0,0,0,0,10,0,0,0,0,0,0,0,0,1,0,0,0,0,0,1,2,5,0,5,1,0,2,1,0,39,0,1,0,2,3,0,0,0,1,2,8,0,0,0,1,0,132,4,0,0,11,0,0,1,31,0,0,1,78,1,0,1,6,0,2,0,1,0,8,2,1,1,0,23,0,0,0,1,2,0,1,1,0,0,0,3,0,1,0,0,0,1,0,0,0,0,0,0,1,0,0,1,0,0,0,0,0,0,0,2,99,0,1,0,0,1,14,1,15,5,3,0,0,0,4,1,5,6,3,0,0,0,0,0,0,81,42,0,0,4,2,0,0,0,1,2,3,0,0,0,0,3,0,0,0,0,0,3,0,0,19,0,1,1,1,1,0,0,0,0,0,0,0,16,0,0,19,0,0,3,0,245,0,0,0,0,0,0,2,0,3,4,0
176,1198,ESCOLA MUNICIPAL ARAPONGAS,RUA JOSE CASEMIRO STENZOWSKI  153,NOVO MUNDO,-25.48336828,-49.28706635,41,0,2144,1773,92,85,0,1,1,2,27,2,2,0,0,1,1,1,4,0,0,0,0,3,0,0,0,0,0,5,0,1,0,3,0,0,0,12,1,0,0,21,0,0,0,0,4,1,0,1,1,0,0,1,0,0,4,0,0,0,3,0,0,0,1,2,1,26,0,1,0,0,3,0,13,0,1,4,0,1,20,15,0,0,2,0,4,2,1,0,1,0,1,0,15,2,2,1,0,0,0,0,1,0,1,0,1,1,0,0,0,0,2,0,73,1,0,2,0,0,0,0,1,0,0,0,0,2,0,0,0,3,2,0,56,0,1,3,65,0,0,0,4,115,2,0,0,3,0,1,0,0,0,0,5,0,0,0,0,11,0,0,1,0,0,0,0,0,1,0,0,0,0,0,0,0,1,0,0,0,0,0,2,0,0,0,0,0,26,0,0,0,0,0,0,0,0,0,0,1,0,0,0,0,0,2,0,0,0,0,0,0,0,0,0,0,2,0,1,0,0,0,0,0,4,0,0,0,0,0,0,0,0,1,0,0,0,0,0,2,1,0,0,0,0,255,3,0,0,0,0,0,1,1,1,1,0,0,0,0,0,0,0,0,0,0,0,0,0,0,0,2,0,2,0,0,0,0,0,0,0,0,0,0,0,0,0,0,0,0,66,3,0,0,0,0,0,0,12,1,0,0,1,1,1,0,3,0,9,0,0,0,1,0,0,0,6,1,0,0,1,1,1,0,1,0,0,0,1,0,0,0,0,0,0,0,0,0,0,0,0,0,0,0,0,0,0,0,0,0,4,0,0,0,0,0,0,0,0,0,0,1,0,0,0,0,0,0,0,1,6,3,5,1,0,0,0,0,0,0,1,2,0,0,2,0,0,0,0,0,0,0,0,0,0,1,1,0,0,0,0,0,0,0,0,0,0,0,0,2,0,0,0,0,0,0,0,0,0,8,0,0,0,0,1,0,0,1,0,0,0,5,1,1,4,1,0,0,0,0,0,0,0,0,0,0,0,0,0,0,0,0,0,0,0,0,0,1,2,0,0,0,0,0,0,0,0,0,0,0,0,0,1,0,7,2,3,0,0,3,0,0,24,1,0,0,1,0,0,0,0,0,1,3,3,0,0,0,0,77,5,0,1,12,0,0,2,17,0,0,1,34,1,0,4,0,0,0,0,0,0,8,0,0,0,0,13,0,1,0,0,1,0,1,2,0,0,0,3,1,0,0,0,0,0,0,0,1,0,1,0,0,0,0,1,0,0,0,0,0,0,0,3,100,0,0,1,0,0,5,0,11,4,1,0,0,1,0,0,5,5,1,2,0,0,0,0,0,34,40,0,0,2,1,0,0,0,1,0,0,0,2,0,0,2,0,0,0,0,0,0,0,0,6,0,1,0,2,0,0,0,0,0,0,0,0,9,0,0,4,0,0,4,0,53,0,0,0,0,3,0,1,0,0,2,0
176,1201,ESCOLA MUNICIPAL DR. OSWALDO CRUZ,RUA JOSE ALCIDES LIMA  126,NOVO MUNDO,-25.48746403,-49.30680168,41,0,2404,1997,178,96,0,0,1,3,24,1,1,0,0,1,0,1,6,1,0,0,0,4,0,1,1,0,1,4,1,1,0,2,0,0,1,13,2,0,0,28,0,0,0,0,19,0,1,0,0,0,0,0,0,4,8,0,0,0,2,3,0,0,0,3,3,28,0,2,0,0,7,0,7,0,0,4,0,0,18,25,2,0,9,0,6,7,1,3,0,1,1,0,20,2,2,0,0,0,1,0,1,0,1,0,1,0,17,0,1,0,0,2,49,1,0,0,0,1,0,0,0,0,0,0,0,1,0,0,0,10,1,7,149,0,0,0,36,1,0,0,2,72,0,1,0,0,0,2,0,0,0,0,0,0,0,0,0,24,0,0,2,0,0,0,0,0,1,0,0,0,1,0,0,0,3,2,1,0,0,0,3,0,1,0,1,0,16,0,0,0,15,0,0,0,0,0,1,0,1,0,0,0,0,1,0,0,0,0,1,0,0,0,0,2,0,0,0,0,0,0,0,0,4,0,0,4,0,0,0,1,0,1,0,0,1,0,0,0,0,0,0,0,0,183,1,3,0,0,0,0,0,1,1,1,1,0,0,0,0,2,1,0,0,0,0,1,0,0,0,0,0,3,0,0,0,0,0,0,0,1,0,0,0,0,0,0,1,1,50,5,0,0,0,1,0,0,20,0,0,0,0,0,2,0,0,1,19,0,0,0,5,0,0,4,3,0,0,2,2,1,0,0,0,1,0,0,0,0,0,0,0,0,0,0,0,0,0,0,0,0,0,0,0,0,0,0,0,0,2,0,0,0,0,0,0,0,0,22,0,1,0,0,0,0,1,0,0,0,2,1,0,0,2,2,0,0,0,2,2,9,0,0,2,0,1,0,0,0,0,0,0,0,0,0,0,0,0,0,0,0,0,0,0,1,0,0,0,0,0,1,0,0,0,0,0,0,1,0,0,0,0,0,0,0,0,0,0,0,0,1,0,0,0,0,0,1,0,0,0,0,0,0,0,0,0,0,0,0,0,0,0,0,0,0,0,6,0,0,0,0,0,0,0,0,0,0,0,0,0,0,1,2,2,0,0,0,0,0,0,0,40,1,0,1,0,1,0,0,2,1,0,3,1,0,0,0,0,102,3,0,0,10,0,0,1,16,0,0,0,60,1,0,0,1,0,0,0,4,0,3,1,0,0,0,22,0,1,0,0,0,0,0,2,0,0,0,2,0,0,0,0,0,0,0,0,1,0,0,0,0,0,0,1,0,0,0,0,0,1,0,0,56,0,1,0,0,1,1,0,4,11,1,0,0,0,0,0,0,3,7,5,1,0,0,0,0,10,55,0,0,1,2,0,0,0,2,0,1,0,0,0,0,4,0,0,1,0,2,2,0,0,25,0,0,0,1,0,0,0,0,0,0,0,2,16,0,0,8,1,0,2,0,88,0,0,0,0,0,0,10,0,0,5,0
176,1210,COLEGIO ESTADUAL YVONE PIMENTEL,"RUA SEBASTIAO MALUCELLI, 1.312",NOVO MUNDO,-25.49599761,-49.29986607,41,0,3754,3047,213,120,0,1,1,2,40,1,2,0,0,4,0,0,23,0,1,0,1,9,0,1,0,1,1,10,1,1,0,6,1,2,0,7,2,2,0,36,0,1,0,0,35,0,1,0,0,0,0,6,0,1,2,0,0,2,6,0,0,0,2,2,3,40,0,3,1,0,7,0,15,0,1,0,0,0,25,17,1,1,22,0,5,9,3,1,0,0,2,1,20,0,4,1,0,0,0,1,0,0,0,0,3,0,4,0,1,0,0,1,87,1,0,1,0,0,0,0,0,0,0,0,1,0,1,1,1,20,0,3,124,0,0,1,86,4,0,0,12,173,0,1,0,0,2,5,0,2,0,0,0,0,0,0,0,23,0,0,0,0,2,0,0,0,0,0,0,0,0,1,1,0,0,2,0,0,1,0,1,0,1,0,0,2,41,0,0,0,7,0,0,0,0,0,0,0,0,0,0,0,1,2,0,0,0,1,0,0,2,0,0,0,0,0,1,0,1,0,0,0,7,0,0,2,0,0,0,5,0,1,0,0,2,0,1,0,0,0,1,0,0,324,2,0,0,0,0,4,0,1,3,1,1,0,0,1,0,0,1,0,0,1,0,0,0,0,0,0,1,13,0,1,0,0,0,0,0,2,0,0,0,0,0,0,4,7,104,5,0,2,0,0,1,0,24,1,1,0,0,0,0,0,1,0,24,0,0,0,44,1,0,3,7,0,0,1,3,0,0,0,0,0,0,0,0,1,0,0,0,0,0,0,0,0,0,0,0,0,0,0,0,0,0,0,0,0,9,0,0,0,0,1,0,0,0,4,0,0,0,0,0,0,0,0,0,1,3,2,0,0,2,2,1,2,0,0,1,9,1,1,2,0,0,0,0,1,1,0,0,0,5,1,0,0,0,0,0,0,0,0,0,0,0,0,0,10,0,1,0,0,0,0,0,0,0,0,0,0,0,0,0,0,0,1,2,0,0,1,0,0,3,0,0,0,0,0,0,0,0,0,0,0,0,0,0,0,0,0,2,0,0,0,0,9,0,0,0,0,1,0,0,0,1,0,0,0,0,0,1,2,4,0,0,2,0,2,0,0,34,1,0,0,1,4,0,0,0,2,6,8,1,0,0,0,1,129,2,0,0,13,0,0,2,31,0,0,0,78,0,0,9,13,0,1,0,2,0,8,1,0,0,1,36,0,0,2,0,2,0,0,3,1,0,0,6,0,0,0,0,0,4,0,0,0,0,0,0,0,0,0,1,0,0,0,0,0,0,1,13,93,0,0,0,0,8,3,2,14,12,1,1,0,0,3,2,4,10,5,1,1,0,0,0,0,4,76,0,0,3,5,0,1,0,1,0,0,0,0,0,0,4,1,0,0,0,0,1,0,0,13,1,0,0,1,2,0,0,0,0,0,0,1,18,1,0,16,0,0,3,1,246,0,1,0,0,0,0,6,0,0,9,0
176,1228,COLEGIO ESTADUAL JOAO BETTEGA,"RUA DALILA ROLIM VARGAS,   1.020",NOVO MUNDO,-25.48606225,-49.30423734,41,0,3796,3086,300,158,0,0,5,9,43,0,3,0,1,4,3,0,26,0,0,0,0,8,0,0,3,1,2,8,5,1,0,8,0,0,3,15,3,2,0,37,0,2,0,1,41,0,18,0,0,0,0,1,0,1,7,0,0,0,18,0,0,1,0,2,16,34,0,1,0,2,9,1,18,0,0,0,0,0,29,24,1,0,11,0,12,5,5,0,3,0,3,0,32,0,5,1,1,1,1,0,0,0,1,0,0,1,23,0,0,2,1,3,66,0,0,0,0,1,0,1,1,0,0,0,2,0,0,0,1,11,0,3,258,0,0,3,50,3,0,0,5,113,1,0,0,1,0,5,1,0,0,0,0,0,0,0,0,17,0,0,2,0,0,0,0,0,1,0,0,0,0,0,0,1,2,1,0,0,0,0,3,0,0,1,0,3,30,0,0,2,59,0,0,0,2,0,0,0,0,0,0,0,2,3,0,1,0,0,0,0,2,2,0,1,0,0,1,0,0,0,0,0,3,0,0,1,0,0,0,6,0,2,5,1,0,0,0,1,0,3,0,0,0,244,0,1,1,0,0,1,0,0,2,0,1,2,0,0,0,0,5,0,0,0,0,0,0,0,0,0,2,6,2,0,0,0,0,0,0,0,1,0,0,0,0,0,0,2,86,6,1,1,0,1,0,0,42,2,0,0,0,0,1,0,1,0,34,1,1,0,10,0,0,2,3,0,0,0,2,0,0,0,0,0,0,0,0,0,0,0,0,0,0,0,0,0,0,0,3,0,0,0,0,0,0,0,0,0,3,0,0,0,0,0,0,0,0,59,0,4,0,0,0,0,0,0,0,0,2,3,0,1,4,0,0,0,0,1,0,7,0,2,0,1,0,0,0,0,1,0,0,0,1,0,0,0,0,0,0,0,0,0,0,0,0,0,0,0,0,1,0,0,0,0,0,0,1,1,1,0,0,0,0,0,0,0,1,1,0,1,0,0,3,0,0,0,0,0,0,0,0,0,0,0,0,0,0,0,0,0,0,0,0,0,0,1,1,0,0,0,0,0,0,0,0,0,0,0,1,0,2,2,3,1,2,1,0,1,0,0,76,0,4,0,0,4,0,0,0,1,1,4,2,0,0,0,0,114,2,1,0,20,0,0,1,29,0,1,0,89,1,0,4,8,0,3,0,1,1,5,0,1,0,0,37,0,1,1,0,0,0,0,1,0,0,0,5,0,0,0,0,0,0,0,0,0,0,0,0,2,0,0,1,0,0,0,1,0,0,0,9,71,0,1,0,0,0,7,0,14,15,4,1,0,0,0,4,2,7,8,1,0,0,0,0,0,19,62,1,0,4,4,0,0,0,3,0,0,0,0,0,0,1,1,0,0,0,0,2,0,1,22,0,5,3,1,0,0,0,0,1,0,0,1,17,0,0,15,0,1,6,0,80,0,0,0,0,1,0,6,0,0,12,0
176,1236,ESCOLA MUNICIPAL MADRE MARIA DOS ANJOS,RUA SANTA MARIA  540,NOVO MUNDO,-25.48932411,-49.28050952,41,0,2313,1939,103,89,0,0,1,4,13,0,0,0,0,2,0,0,26,2,0,0,0,7,1,1,0,1,1,8,2,0,0,6,0,0,1,12,0,0,0,10,0,1,0,0,7,0,0,0,0,0,0,2,0,4,6,0,0,0,4,0,0,1,0,2,6,27,0,4,0,0,8,0,13,0,0,3,0,0,10,15,0,0,7,0,3,1,5,0,3,2,1,0,15,0,0,0,0,0,0,0,1,0,1,0,0,2,0,0,0,0,0,0,82,0,0,0,0,0,0,0,0,0,0,0,0,0,0,0,1,1,0,1,48,0,0,1,64,3,0,0,8,93,2,2,0,0,0,0,1,0,0,1,0,0,0,0,0,11,0,1,0,0,0,0,0,0,0,0,0,0,2,0,0,0,1,0,0,0,0,0,5,0,0,0,0,4,14,0,0,0,1,1,0,0,0,0,1,0,0,0,0,0,0,5,0,0,0,0,0,0,1,0,0,0,0,0,0,0,0,0,0,0,6,0,0,1,0,0,1,3,0,2,0,0,0,0,0,0,0,0,2,0,2,284,0,0,0,0,0,0,0,0,0,0,3,1,0,0,0,0,1,0,0,0,0,3,0,0,0,0,1,9,2,0,0,0,0,0,0,0,0,1,0,0,0,0,0,2,69,2,0,0,0,0,2,0,27,2,0,1,0,0,0,3,0,1,10,0,0,0,5,0,0,0,5,0,0,0,1,0,0,0,0,0,0,0,0,0,0,0,0,0,0,1,0,0,0,0,0,0,0,0,0,0,0,0,0,0,3,0,0,0,0,0,0,0,0,0,0,0,0,0,0,2,0,0,0,0,2,0,1,0,5,2,0,1,1,0,0,0,0,1,1,0,0,0,0,0,0,0,0,0,1,0,0,0,0,0,0,0,0,0,0,0,0,0,1,0,0,0,0,0,0,0,0,0,0,0,0,0,0,0,0,0,0,0,0,0,0,30,0,0,0,0,0,0,0,0,0,0,3,0,1,0,0,0,2,0,0,0,4,0,0,0,0,1,0,0,0,0,0,0,1,0,1,0,0,0,0,0,0,0,1,0,1,0,0,2,0,0,39,1,0,0,0,1,1,0,0,0,5,3,4,0,0,0,0,117,7,3,0,11,0,0,1,10,0,0,0,59,0,0,7,3,0,0,0,1,0,6,1,0,0,0,18,0,0,2,1,1,0,1,1,1,0,0,0,0,0,0,0,0,0,0,0,1,0,0,0,0,0,0,0,0,0,0,0,0,0,0,0,68,0,0,0,0,1,16,1,8,2,3,0,0,0,0,0,4,4,1,2,0,1,0,0,0,15,47,0,0,2,1,0,0,0,1,0,2,0,0,0,0,7,0,0,0,0,1,0,0,0,13,1,1,0,0,0,0,0,0,0,0,0,0,16,0,0,5,0,0,0,1,83,0,0,1,0,0,0,1,0,2,2,0
176,1244,ESCOLA MUNICIPAL MARIA CLARA BRANDAO TESSEROLI,"RUA JOAO RIBEIRO LEMOS,  361",NOVO MUNDO,-25.48796354,-49.287917,41,0,4115,3428,204,166,0,1,1,5,34,0,1,0,0,7,1,1,35,2,0,0,0,6,0,3,2,0,1,6,3,8,1,12,0,0,0,15,1,0,0,36,0,0,0,0,10,0,0,0,0,0,0,4,0,1,3,0,0,0,5,0,0,1,2,9,4,44,0,5,0,0,16,1,14,0,1,3,0,1,18,12,2,0,13,0,3,9,2,0,2,1,1,0,19,0,1,1,0,0,1,0,2,0,0,0,2,1,2,0,0,0,0,1,107,0,1,0,0,1,0,0,0,0,0,0,0,0,1,0,2,4,0,1,105,0,1,10,99,4,0,0,4,195,2,0,0,0,0,5,0,0,0,0,2,0,0,0,0,26,1,0,3,0,0,0,0,0,0,1,0,0,0,4,0,0,0,0,0,0,0,0,1,1,0,0,0,2,43,0,0,1,3,0,0,0,0,0,0,0,0,0,0,1,2,4,0,0,0,2,0,0,0,0,0,0,0,0,1,0,0,0,0,0,13,0,0,2,0,0,1,2,0,3,1,3,0,0,0,1,0,3,0,0,2,432,0,0,0,0,0,0,0,1,3,1,4,1,0,0,1,2,2,0,0,0,0,0,0,0,0,0,2,12,2,0,0,0,0,0,0,0,0,0,0,0,0,0,0,1,138,6,0,0,1,0,2,2,31,1,0,1,0,1,1,0,0,0,52,1,0,0,13,0,0,3,13,1,0,0,5,0,0,0,0,0,0,0,1,0,0,0,0,0,0,2,0,0,0,0,0,0,0,0,0,0,0,0,0,0,0,0,0,0,1,0,0,0,0,1,0,0,0,0,0,0,0,0,1,0,2,3,4,2,4,1,0,0,0,1,4,9,0,0,1,0,1,0,0,0,0,0,0,0,1,0,0,0,0,0,0,0,0,0,0,1,0,0,0,0,0,0,0,0,0,0,0,0,0,1,0,0,0,0,0,0,0,2,0,0,0,18,0,0,1,0,0,0,0,0,0,0,0,0,0,0,0,0,0,0,0,0,1,0,0,0,0,24,1,0,0,0,0,0,0,0,2,0,0,0,0,1,2,1,11,0,1,0,0,0,0,0,52,1,0,0,0,3,0,0,0,1,3,6,3,0,0,0,0,169,2,1,0,16,0,0,4,19,0,0,0,104,1,0,6,12,0,2,0,3,0,2,1,1,0,0,58,0,0,0,0,2,0,2,3,0,0,0,2,0,0,1,0,0,0,0,0,0,0,0,0,0,0,0,1,0,0,0,0,0,1,2,4,140,0,0,2,0,2,19,1,23,11,2,0,0,0,0,5,7,9,5,3,0,0,1,0,1,42,76,1,1,2,5,0,0,0,1,1,0,0,0,0,0,7,0,1,0,0,0,0,0,1,21,0,3,0,1,0,0,0,1,0,0,0,0,12,0,0,14,0,0,5,0,220,0,0,0,0,0,0,4,0,0,8,0
176,1252,ESCOLA MUNICIPAL PROFESSORA NAIR DE MACEDO,RUA FIORAVANTE SLAVIERO  750,NOVO MUNDO,-25.4905905,-49.31009731,41,0,3316,2771,221,137,0,1,1,5,37,2,3,0,1,1,1,1,28,1,0,0,0,5,0,2,0,4,1,14,0,3,0,4,0,0,1,9,0,1,0,26,0,2,1,0,12,0,2,0,1,0,0,2,0,2,4,0,0,0,5,0,0,0,1,1,7,35,0,6,0,1,8,1,8,0,1,3,0,0,23,18,0,0,12,0,8,11,3,0,0,2,0,0,12,2,2,2,0,0,0,2,0,0,0,1,1,0,14,0,0,0,1,2,63,0,0,1,0,0,0,0,0,0,0,0,2,3,0,1,0,30,1,2,112,0,2,1,63,1,0,1,7,121,1,0,0,0,0,2,0,3,0,0,0,0,0,0,0,30,0,0,1,1,0,0,1,0,0,0,0,0,0,0,0,0,3,0,0,0,0,0,0,0,0,0,0,1,24,1,0,0,4,0,0,0,1,0,2,0,0,0,0,0,0,1,0,0,0,1,0,0,0,0,0,0,0,0,0,0,0,0,0,1,5,0,0,1,0,1,0,3,0,3,1,0,0,0,0,1,1,0,0,0,0,288,2,1,1,0,0,0,0,0,3,1,1,0,1,0,0,0,1,0,0,0,0,0,0,0,0,0,0,5,3,0,0,0,0,0,0,0,0,0,0,0,0,0,0,0,92,6,2,0,0,2,0,0,34,3,0,0,0,0,0,0,0,0,27,0,0,0,11,0,0,4,12,1,0,0,1,0,0,0,0,0,1,0,0,0,0,0,0,0,0,0,0,0,0,0,0,0,0,0,0,0,0,0,0,0,1,0,0,0,0,0,0,0,0,7,0,1,0,0,0,0,0,0,0,0,3,1,2,0,6,1,0,0,0,0,1,11,0,0,3,0,0,1,0,0,0,0,0,0,0,0,2,0,0,0,0,0,0,1,0,4,0,0,0,0,0,1,0,0,0,0,0,0,0,0,0,0,0,0,0,0,0,0,0,0,0,1,0,2,0,0,0,0,0,1,0,0,0,0,0,0,0,0,0,0,0,0,0,0,0,1,0,4,0,0,0,0,2,0,0,0,0,0,0,0,0,0,2,2,5,3,2,5,0,1,0,0,53,0,0,0,0,5,0,0,0,2,5,3,0,0,0,0,0,140,1,0,0,18,2,0,3,32,1,0,0,100,0,1,2,10,0,0,0,7,0,4,1,1,0,0,33,0,1,0,0,0,0,3,3,0,0,0,2,0,0,0,0,0,1,0,0,1,0,0,0,0,0,0,2,0,0,0,0,0,1,0,0,79,0,1,0,0,0,20,0,7,7,2,0,0,0,0,0,10,7,10,7,0,2,0,2,0,14,77,0,1,0,8,0,1,0,2,0,4,0,0,0,0,3,0,0,0,0,0,1,0,0,23,2,0,1,2,0,3,0,0,0,0,0,0,14,0,0,14,3,0,2,0,153,0,0,0,0,0,0,20,0,3,14,0
176,1295,CEI BELMIRO CESAR - ESCOLA MUNICIPAL,"RUA PADRE MANUEL DA NOBREGA,  327",FANNY,-25.47979377,-49.27079256,39,0,2145,1759,114,90,0,1,1,2,26,0,1,0,0,0,0,1,9,2,0,0,0,5,0,0,0,1,1,7,2,1,0,4,0,0,1,5,1,1,0,16,0,0,0,0,2,0,0,0,0,0,0,5,0,4,1,0,0,1,2,1,0,0,0,1,1,30,0,1,0,1,2,0,8,0,0,0,0,0,14,9,0,0,10,0,7,3,1,0,0,0,0,0,6,5,1,0,1,0,0,1,0,0,0,0,2,1,0,0,0,0,0,0,49,0,0,0,0,0,0,0,1,0,0,0,0,0,0,2,2,2,0,1,61,0,0,3,54,2,0,0,4,92,6,0,0,1,2,1,0,2,0,0,0,0,0,0,0,7,0,0,0,0,0,1,0,0,0,0,0,0,2,1,0,1,0,0,0,0,0,0,0,0,0,0,0,0,15,0,0,0,1,0,0,0,2,1,0,0,0,0,0,0,0,1,0,0,0,0,0,0,0,0,0,0,0,0,0,0,0,0,0,0,4,0,0,0,0,0,0,3,0,3,0,0,0,0,0,0,6,2,2,0,0,230,1,1,0,0,0,0,0,0,0,2,0,0,0,0,0,0,1,0,0,0,0,1,0,0,0,0,1,5,3,0,1,0,0,0,0,0,0,0,0,0,0,0,2,2,51,1,0,0,0,0,1,0,10,2,0,0,1,0,3,0,0,2,19,1,0,0,3,0,0,1,5,4,0,0,1,2,0,3,0,0,0,0,0,0,0,0,0,0,0,0,0,0,0,0,0,0,0,0,0,0,0,0,0,0,2,0,0,0,0,0,0,0,0,0,0,0,0,0,0,0,0,0,0,0,1,2,0,0,4,0,2,0,1,0,1,4,0,0,2,1,0,0,0,0,0,0,0,0,0,2,0,0,0,0,0,0,0,0,0,0,0,0,0,0,0,0,0,0,0,1,0,0,0,0,0,0,0,0,0,0,0,0,0,0,0,40,0,0,1,0,0,0,0,0,0,0,0,0,1,0,0,0,0,0,0,0,0,1,0,0,0,1,0,0,0,0,1,0,0,0,0,0,0,0,0,0,0,1,2,0,1,3,0,1,0,0,24,0,5,0,0,4,1,0,0,1,5,4,5,0,0,0,0,115,3,0,0,4,0,0,0,17,0,0,0,63,0,0,7,9,0,1,0,1,0,5,1,0,0,0,21,0,2,1,0,0,0,2,4,0,2,0,1,1,0,0,0,0,1,0,0,0,0,0,0,0,0,0,1,0,0,0,0,0,0,0,0,54,0,0,0,0,3,22,1,7,8,6,0,0,0,2,0,8,1,6,3,0,0,0,0,1,3,36,0,1,2,5,0,1,1,1,0,0,0,0,0,0,0,0,1,0,0,0,0,0,0,19,0,0,0,1,0,0,0,0,0,0,0,1,18,0,0,10,0,0,1,0,30,0,0,1,0,0,0,0,0,3,5,0
176,1317,ESCOLA GRACE - PARTICULAR (ANTIGA FACULDADE SANTA CRUZ - CAMPUS BONAT),"RUA PEDRO BONAT, 103",NOVO MUNDO,-25.49456224,-49.29272103,41,0,4334,3551,174,138,0,1,1,7,37,0,3,0,2,3,1,1,26,1,0,2,0,12,0,0,1,1,2,3,4,7,0,2,1,0,1,26,0,1,0,30,0,0,0,2,9,1,2,0,0,0,0,8,0,3,3,0,0,0,5,2,0,0,0,8,1,34,0,0,0,1,12,0,15,1,4,3,0,0,26,14,2,0,18,0,1,8,4,0,3,1,1,0,34,2,3,5,0,4,0,1,0,0,0,0,5,0,0,0,2,0,0,0,85,0,0,0,0,0,0,0,4,0,0,0,1,1,0,0,1,7,1,0,114,0,0,9,91,2,0,1,4,214,4,0,0,0,0,3,0,0,0,0,3,0,0,0,0,25,0,0,5,0,0,0,0,0,2,0,0,0,0,0,0,0,0,0,0,0,0,0,5,0,0,0,0,7,75,0,0,1,0,0,0,0,0,0,2,0,0,0,0,1,4,3,0,0,0,0,0,0,1,0,0,1,0,1,2,0,0,0,0,0,4,0,0,2,0,0,0,5,0,4,3,1,1,0,0,0,0,2,1,0,1,527,3,0,0,0,0,1,1,0,5,1,0,0,0,0,0,2,2,0,0,1,0,2,0,0,0,0,1,11,0,0,0,0,0,0,0,0,3,0,0,0,0,0,5,5,156,4,1,2,1,0,0,2,25,2,1,2,3,1,4,0,0,0,34,0,0,0,16,0,0,1,13,1,0,2,1,0,3,0,0,2,0,1,0,1,0,0,0,0,0,0,0,1,0,0,0,0,0,0,0,0,0,0,0,0,4,0,0,0,0,0,0,0,0,0,0,0,0,0,0,0,0,0,1,0,8,8,7,0,8,0,0,0,0,0,2,12,0,0,0,1,1,0,0,1,1,0,0,0,8,0,0,0,0,0,0,0,0,0,0,0,0,0,0,2,3,3,0,0,0,0,0,0,0,0,0,0,0,0,0,0,0,1,0,0,0,9,0,0,3,0,0,0,0,0,0,0,1,0,1,0,0,0,0,0,0,0,1,0,0,0,0,9,0,0,0,0,0,0,0,0,0,1,0,0,0,0,1,0,11,1,0,2,0,0,0,1,66,1,3,0,0,4,0,3,0,3,2,8,5,0,0,1,0,151,6,0,0,12,0,0,0,33,1,0,1,94,0,1,11,14,0,1,0,2,0,5,1,3,2,0,43,0,0,0,3,0,0,1,3,0,0,0,4,0,1,0,0,3,0,0,0,0,0,0,0,0,0,2,2,0,0,0,0,1,0,0,5,134,0,1,0,0,2,2,1,27,6,0,0,1,0,1,4,14,12,8,2,0,0,0,0,0,12,72,0,0,3,10,0,0,1,1,1,5,0,0,0,0,4,1,0,0,0,0,0,0,0,27,1,0,0,0,0,0,0,1,0,0,1,0,10,1,0,10,3,0,6,0,243,0,0,0,0,1,1,9,0,1,7,0
176,1333,FACULDADE SANTA CRUZ - CAMPUS SEDE,"RUA AFFIF MANSUR, 565",NOVO MUNDO,-25.4956438,-49.3032937,41,0,3608,3079,191,118,0,2,2,2,32,0,6,0,0,1,0,0,21,0,0,0,0,8,0,0,0,3,2,6,1,3,0,4,0,1,2,16,1,2,0,18,0,2,0,0,20,0,1,0,0,0,0,1,0,2,5,0,0,0,4,0,0,0,0,3,1,32,0,6,0,1,9,0,11,0,3,4,0,1,28,23,1,0,13,0,2,9,6,0,1,0,3,0,19,0,1,4,0,0,0,0,0,1,0,0,1,0,2,0,1,0,1,1,81,1,0,0,0,0,0,0,0,0,0,0,0,0,0,0,0,6,0,2,93,0,1,4,81,4,0,0,4,162,2,0,0,0,0,1,1,0,0,0,1,0,0,0,0,22,0,0,1,0,0,0,0,2,2,0,0,0,1,0,0,1,0,0,0,0,0,0,1,0,0,0,0,1,40,1,0,0,2,0,0,0,0,0,0,0,0,0,0,1,0,4,0,0,0,0,0,0,1,0,0,0,1,0,0,0,0,0,0,0,10,0,0,3,0,0,0,4,0,5,4,0,1,0,0,1,0,0,2,0,0,492,3,1,0,0,0,1,0,3,2,0,3,0,1,0,0,0,2,0,0,0,0,1,0,0,0,0,1,8,1,1,0,0,0,0,0,0,0,0,0,0,0,0,1,4,129,3,1,2,4,0,0,1,24,2,1,0,0,0,0,0,1,0,27,0,0,0,27,0,0,1,12,1,0,4,2,0,1,0,0,3,1,0,0,2,0,0,0,0,0,0,0,0,0,0,0,0,0,0,0,0,0,0,0,0,4,0,0,0,0,0,0,0,0,3,0,0,0,0,0,0,0,0,0,0,2,2,4,0,4,1,1,0,0,0,2,5,0,2,1,0,0,0,0,2,0,0,0,0,2,1,0,0,0,0,0,0,0,0,0,0,0,0,0,8,0,1,0,2,1,0,0,0,0,0,0,0,0,0,0,0,0,2,1,0,0,1,1,0,0,0,0,0,0,0,0,0,1,0,2,0,0,0,0,0,0,0,3,0,0,0,0,4,0,1,0,0,1,0,0,0,2,0,0,0,1,1,7,0,7,0,1,2,0,2,0,2,34,0,0,0,0,2,0,0,0,1,2,3,4,0,0,1,0,166,2,0,0,11,0,0,2,34,0,0,0,74,0,2,12,11,0,0,0,1,0,4,1,0,0,0,42,1,0,0,0,1,0,3,4,1,0,0,0,0,1,0,0,0,1,0,0,0,0,0,0,0,0,0,2,0,0,0,0,0,0,0,6,85,0,3,0,0,1,7,1,20,8,3,1,0,0,6,1,12,21,1,0,0,0,0,0,0,6,81,0,1,3,3,0,0,0,1,0,0,0,0,0,0,6,0,0,0,2,0,0,0,0,17,0,2,0,1,1,1,0,0,0,0,0,1,13,0,0,10,0,0,2,0,229,0,0,0,0,4,0,5,0,0,7,0
176,1341,CMEI VILA LEÃO,"RUA PRIMO LOURENÇO TOSIN, 21",NOVO MUNDO,-25.48510498,-49.30237197,41,0,1427,1075,104,46,0,0,0,2,13,0,0,0,0,0,0,0,12,0,0,0,0,3,0,2,0,0,1,4,1,0,0,5,0,1,0,1,0,0,0,17,0,0,0,0,10,0,4,0,0,0,0,0,0,0,5,0,0,0,4,1,0,0,1,3,3,14,0,2,0,0,3,0,10,0,1,2,0,0,13,4,0,0,10,0,4,1,0,0,2,0,0,0,12,0,0,0,0,0,0,0,0,0,0,0,1,0,5,0,0,0,0,1,24,0,0,0,0,0,0,0,1,0,0,0,0,0,0,0,0,4,0,0,46,0,0,1,23,2,1,0,5,64,0,0,0,0,0,1,0,0,0,0,0,0,0,0,0,5,1,0,0,0,0,0,0,0,0,0,0,0,1,0,0,1,0,0,0,0,0,0,0,0,0,1,0,1,16,1,0,0,14,0,0,0,0,0,0,0,0,0,0,0,0,0,0,0,0,0,0,0,0,0,0,0,0,0,0,1,0,0,0,0,2,0,0,0,0,0,0,0,0,0,1,0,0,0,0,0,0,2,0,0,0,103,1,0,0,0,0,0,0,0,0,1,0,0,0,0,0,0,0,0,0,0,0,0,0,0,0,0,2,3,0,0,0,0,0,0,0,0,0,0,0,0,0,0,1,1,41,1,0,2,1,0,0,0,7,0,0,2,0,0,0,0,0,0,12,0,0,0,1,0,0,0,3,0,0,0,1,5,0,0,0,1,0,0,0,0,0,0,0,0,0,0,0,0,0,0,0,0,0,0,0,0,0,0,0,0,1,0,0,0,0,0,0,0,0,8,0,0,0,0,0,0,0,0,0,0,1,1,4,0,1,1,1,0,0,0,0,4,0,0,0,1,1,0,0,1,0,0,0,0,0,0,0,0,0,0,0,0,0,0,0,1,0,0,0,1,0,0,0,0,0,0,0,0,0,0,0,0,0,0,0,0,0,0,0,0,0,0,0,0,0,0,0,0,0,0,0,0,0,0,0,0,0,0,0,0,0,0,0,0,0,0,0,0,0,0,0,0,0,0,0,0,0,0,0,0,0,0,0,0,0,0,2,0,0,0,0,0,22,0,4,0,0,3,0,0,0,1,3,0,2,0,0,0,1,63,2,0,0,10,0,0,1,15,1,0,0,25,1,0,0,1,0,1,0,0,0,0,1,0,0,0,19,0,0,0,1,0,0,1,0,0,0,0,0,0,0,0,0,0,1,0,0,0,0,0,0,0,0,0,0,0,0,0,0,0,0,0,2,20,0,0,0,0,0,2,0,5,9,0,0,0,0,0,0,5,2,5,1,0,0,0,0,0,4,21,0,0,1,0,0,0,0,2,0,0,0,0,0,0,0,0,0,0,0,0,0,0,0,5,0,2,0,1,0,0,0,0,0,0,0,1,2,0,0,11,0,0,1,0,23,0,0,0,0,0,0,3,0,1,2,0
176,1457,CEC KIDS (ANTIGA FACULDADE MACHADO DE ASSIS),"RUA PROF WALDIR DE JESUS,  99",CAPAO RASO,-25.50609303,-49.29703408,58,0,2508,2111,123,98,0,0,0,4,27,0,3,0,1,0,0,1,16,0,0,0,0,4,0,0,0,1,0,7,0,3,0,4,1,0,0,12,0,0,0,33,1,0,0,0,5,0,1,0,0,0,0,1,0,1,5,0,0,1,2,0,0,0,0,2,3,18,0,0,0,0,10,1,9,0,0,0,0,0,12,10,2,0,10,0,1,7,4,0,0,1,1,0,11,2,1,3,0,0,0,0,0,0,1,0,2,0,0,0,0,0,1,0,46,1,0,0,0,0,1,0,3,0,0,0,0,0,2,0,3,1,0,0,89,0,0,1,58,5,1,3,10,146,0,0,0,0,1,0,0,1,0,0,0,0,0,0,0,14,0,0,1,0,0,0,0,0,0,0,0,0,0,0,0,0,1,0,0,0,0,0,4,0,0,0,0,2,33,0,0,0,1,0,0,0,0,0,0,0,0,0,0,0,2,1,0,0,0,0,0,0,1,0,0,0,1,0,0,0,0,0,0,0,5,0,0,0,0,0,0,0,0,1,0,0,0,0,0,0,0,0,2,0,0,257,1,0,0,0,0,0,0,0,4,1,0,0,0,0,0,0,1,0,0,0,0,0,0,0,0,0,4,20,1,0,0,0,0,0,0,1,0,0,0,0,0,0,0,4,80,7,0,0,0,0,0,0,23,0,0,0,2,0,0,0,1,0,18,1,0,0,7,0,0,1,13,0,1,1,1,1,0,0,0,0,0,0,0,0,0,0,0,0,0,0,0,0,0,0,0,0,0,0,0,0,0,0,0,0,4,0,1,0,0,0,0,0,0,0,0,0,0,0,0,0,0,0,2,1,0,2,0,0,3,0,1,0,0,1,0,4,0,1,2,1,0,0,0,0,0,0,0,0,1,4,3,0,0,1,0,0,1,0,0,0,0,0,0,2,0,0,0,0,0,0,0,0,0,0,0,0,0,0,2,0,0,1,0,0,0,0,1,0,2,0,0,0,0,0,0,0,0,0,3,0,0,0,1,0,0,0,0,0,0,0,0,1,0,0,0,0,1,0,0,0,1,0,0,0,0,0,0,1,6,1,1,0,0,2,0,2,41,0,3,0,1,5,0,0,0,1,5,0,1,0,0,1,0,113,0,0,0,9,0,0,2,29,0,0,0,63,0,0,4,5,0,0,0,1,0,2,1,0,1,0,24,0,0,0,3,0,0,0,0,0,0,0,0,0,0,0,0,1,2,0,1,0,0,0,0,0,0,0,0,0,0,0,0,0,0,0,2,67,0,0,1,0,0,5,0,9,6,2,3,0,0,2,2,2,3,7,1,0,0,0,0,0,1,54,0,0,2,4,0,0,2,2,0,0,0,0,1,0,1,0,0,0,1,0,0,0,0,6,0,0,0,0,1,0,0,0,0,0,0,0,12,0,0,6,1,1,1,0,151,0,0,0,0,0,0,1,0,0,12,0
176,1465,COLEGIO STELLA MARIS - PARTICULAR - (ANTIGA ESCOLA DOMINIUS),"RUA PROFESSOR NARCISO MENDES, 484",XAXIM,-25.50375222,-49.26969019,57,0,2237,1883,111,86,0,0,0,0,18,0,1,0,0,2,1,0,15,0,0,0,0,4,0,1,0,1,3,2,0,2,0,1,1,0,0,7,1,1,0,14,0,0,0,2,6,0,0,1,1,0,0,0,0,0,5,0,0,0,4,1,0,0,0,5,3,21,0,1,0,1,9,0,17,0,1,1,0,0,44,10,0,0,4,0,0,1,0,0,0,0,1,0,19,1,1,3,0,0,0,1,0,0,1,0,2,0,1,0,0,0,0,0,50,0,0,0,0,0,0,0,0,0,0,0,0,0,0,0,0,1,0,0,36,0,0,1,44,0,0,0,3,111,3,0,0,0,0,0,0,0,0,0,0,1,0,0,0,17,0,0,2,1,0,0,0,0,0,0,0,2,1,0,0,0,1,0,0,0,0,0,4,0,0,0,0,4,34,0,0,0,0,1,0,0,0,0,1,1,0,0,0,0,0,3,0,0,0,0,0,0,0,0,0,0,2,0,0,0,0,0,0,0,6,0,0,0,0,0,0,0,0,0,2,2,0,0,0,0,1,1,1,0,0,278,0,0,0,0,0,0,0,3,0,0,0,0,0,0,0,0,0,0,0,0,0,0,0,0,0,0,1,8,1,0,0,0,0,0,0,0,0,0,0,0,0,0,2,6,99,2,2,0,0,1,2,1,14,2,0,1,1,1,0,0,0,0,11,0,0,0,3,0,0,1,8,0,0,2,1,0,2,0,0,0,0,0,0,0,0,0,0,0,0,0,0,0,0,0,0,0,0,0,0,0,0,0,0,0,7,0,0,0,0,0,0,0,0,0,0,0,0,0,0,0,0,0,0,0,3,3,2,0,8,1,1,0,0,0,1,9,0,1,2,0,1,0,0,1,0,0,0,0,1,0,0,0,0,0,0,0,1,0,0,0,1,0,0,0,1,0,0,0,0,1,0,0,0,0,1,0,0,0,0,0,0,0,0,0,0,2,0,0,2,7,0,0,0,0,0,0,0,0,0,0,0,0,0,0,1,0,0,0,0,0,0,2,1,0,0,0,1,0,0,0,0,0,0,0,0,0,0,3,0,0,1,0,0,2,0,0,25,0,1,0,0,5,0,0,0,2,2,2,7,0,0,0,0,86,0,1,1,14,0,0,2,25,2,1,0,71,0,0,11,6,0,1,0,3,0,4,1,0,0,0,9,0,0,0,2,3,0,0,0,0,0,0,4,0,0,0,0,0,0,0,0,0,0,0,0,0,0,0,0,0,0,0,0,0,0,0,2,76,0,0,0,0,4,8,1,11,7,1,0,0,0,0,0,3,4,2,2,0,0,0,1,0,1,65,0,0,0,3,0,1,0,0,0,0,0,0,0,0,1,0,0,0,1,0,0,0,0,15,0,0,0,1,0,0,0,0,0,0,0,1,27,0,0,8,0,0,1,0,40,0,0,0,0,0,0,1,0,0,6,0
176,1473,COLEGIO SENHORA DE FATIMA - PARTICULAR,"RUA GABRIEL FRECCEIRO DE MIRANDA, 1.118",XAXIM,-25.50682207,-49.273851,57,0,4490,3724,241,124,0,0,3,2,37,1,4,1,1,5,1,1,21,2,0,0,0,12,0,3,0,2,4,14,1,1,1,5,0,0,1,13,3,0,0,28,0,2,0,1,21,3,4,0,0,0,0,5,0,3,6,0,0,0,5,2,0,0,1,3,3,49,0,4,1,0,16,0,13,0,0,4,0,0,80,24,1,2,27,0,7,7,6,1,3,4,4,0,22,3,4,2,0,1,0,0,1,1,1,1,1,0,0,0,1,0,0,0,79,0,0,0,0,0,0,0,0,0,0,0,0,2,1,0,1,1,0,0,103,0,0,3,117,5,0,0,11,208,2,0,0,0,0,14,1,0,0,0,1,0,0,0,0,29,0,0,1,0,0,0,0,2,0,1,0,0,1,0,0,2,0,0,0,0,0,0,5,0,0,0,2,13,65,0,0,0,0,0,0,0,0,0,3,1,0,0,0,0,0,3,0,0,1,0,0,0,2,0,0,0,3,0,1,2,0,0,0,0,9,0,0,0,1,2,0,3,0,4,1,0,0,0,1,1,0,1,1,0,0,589,4,0,0,0,0,1,0,1,4,2,2,2,0,0,0,0,0,0,0,0,0,0,0,0,0,0,4,11,1,1,0,0,0,0,0,0,0,0,0,0,0,0,2,8,167,10,1,4,2,2,2,2,32,0,0,2,1,1,2,0,2,1,20,1,0,0,5,0,0,0,15,1,0,1,5,1,0,0,0,1,0,0,0,1,0,0,0,0,0,0,0,0,0,0,0,1,0,0,0,0,0,0,0,0,19,0,2,0,0,1,0,0,0,0,0,1,0,0,0,0,0,1,0,0,8,4,3,0,8,5,1,2,0,1,1,10,0,1,4,0,3,0,0,1,0,0,0,0,1,0,1,0,1,0,0,0,0,0,0,1,0,0,0,0,0,0,0,0,3,1,0,0,0,0,1,0,0,0,0,0,0,0,0,1,0,10,0,0,4,4,0,0,0,0,0,0,0,0,1,0,0,0,0,0,0,0,0,0,0,0,0,7,0,0,0,0,0,0,0,0,0,0,0,0,1,1,1,0,8,0,2,2,0,4,0,0,40,1,2,0,0,5,0,0,0,6,6,8,17,0,0,0,0,210,3,0,0,18,0,1,4,39,0,0,0,110,0,1,18,11,0,0,0,8,0,10,0,0,0,0,30,0,3,0,2,0,0,3,2,0,0,0,3,0,1,0,0,0,1,0,0,2,0,0,0,0,0,0,0,0,0,0,0,0,0,0,5,125,0,2,1,0,3,16,1,9,22,10,2,0,0,1,0,6,6,2,3,0,0,0,0,0,4,111,0,0,2,2,0,0,0,0,2,0,0,0,0,0,3,0,0,0,0,0,1,0,0,20,2,0,0,2,0,0,0,0,0,0,0,2,33,0,0,11,1,0,5,0,85,0,0,3,0,1,0,3,0,0,14,0
176,1481,COLEGIO ESTADUAL JAYME CANET,"RUA ANA APARECIDA LOPOS CANET, 133",XAXIM,-25.49982593,-49.26591609,57,0,6555,5362,288,240,0,1,6,8,52,1,4,0,0,3,0,0,46,1,0,0,0,13,0,4,0,2,2,21,4,2,0,16,1,0,1,22,3,0,0,36,1,3,0,2,18,0,2,0,0,0,0,5,1,3,9,0,0,0,5,0,0,2,2,5,5,72,0,11,1,1,23,2,16,0,2,1,0,1,141,30,0,4,22,0,9,19,6,0,4,0,4,0,46,9,1,4,0,1,0,1,0,0,3,0,2,0,1,0,1,0,0,0,146,1,1,0,0,0,1,0,2,0,0,0,2,2,0,1,0,5,4,6,151,0,0,9,169,3,3,3,13,222,1,1,0,0,0,9,0,0,0,0,0,3,0,2,1,41,0,0,5,1,0,3,0,1,0,0,0,0,0,2,0,2,1,1,0,0,0,0,8,0,1,0,0,5,58,0,1,0,1,1,0,0,0,0,1,2,0,0,0,0,7,6,0,0,0,0,1,0,4,0,0,1,1,0,0,0,1,0,1,0,30,0,0,2,0,0,0,3,0,5,2,3,0,0,2,3,0,2,1,0,0,798,3,0,0,1,0,2,2,3,9,1,2,0,1,2,5,0,4,0,0,0,0,0,0,0,0,0,8,17,2,0,0,0,0,0,0,1,0,0,0,0,0,0,0,7,220,12,0,6,1,0,0,0,49,3,0,0,1,1,1,0,1,3,57,0,0,1,6,0,0,0,19,2,0,3,1,2,0,1,0,0,1,0,2,2,0,0,0,0,0,0,0,0,0,0,0,0,0,3,0,0,0,0,0,0,12,0,0,0,0,0,0,0,0,0,0,0,1,0,0,0,0,0,0,0,8,5,5,2,5,13,5,0,0,1,1,14,0,5,2,0,0,0,0,1,0,0,0,2,3,0,0,0,0,0,0,0,0,1,0,1,0,0,1,0,0,0,0,0,0,0,0,0,0,0,0,0,0,0,2,0,0,6,0,0,0,12,0,1,6,5,1,1,0,0,0,0,1,0,0,0,0,0,0,0,0,0,0,0,0,0,0,9,0,0,0,0,1,0,0,0,2,0,0,0,1,1,3,6,3,1,6,3,0,5,0,3,100,0,3,0,1,4,0,0,1,0,4,7,36,0,0,1,1,258,3,1,2,36,0,0,4,56,2,1,0,202,0,2,26,25,2,3,1,16,1,12,1,0,0,0,64,0,0,2,7,1,4,2,12,0,0,0,5,2,0,0,0,0,0,0,0,1,0,0,0,0,0,0,0,0,0,0,0,0,2,0,22,206,0,0,0,0,2,20,1,41,28,5,1,1,0,0,2,13,13,5,2,0,0,2,0,0,4,155,1,0,1,4,1,1,1,0,2,0,0,0,1,0,6,0,0,0,0,0,1,0,0,47,0,1,0,1,0,0,0,1,0,1,0,1,42,0,0,33,0,3,5,1,78,0,0,0,0,2,0,0,0,1,7,0
176,1490,COLEGIO ESTADUAL JOAO PAULO II,"RUA JOAO BARBOSA DE ALMEIDA, 545",XAXIM,-25.51624423,-49.26984176,57,0,4117,3295,288,136,0,2,4,10,38,1,3,0,0,4,0,0,31,3,0,0,0,5,1,0,0,0,1,20,6,1,1,5,1,3,1,15,0,0,1,38,0,0,0,2,24,0,1,0,1,0,0,9,0,4,2,0,0,0,2,0,0,0,0,7,5,43,0,5,0,1,22,0,14,0,2,3,0,0,49,13,2,0,37,0,5,12,5,0,0,0,1,1,32,7,2,1,0,0,0,0,2,0,1,0,2,0,1,0,1,0,0,0,77,0,0,0,0,1,0,0,1,0,0,0,1,2,4,0,0,5,1,3,142,0,0,7,119,5,0,1,11,126,0,0,0,0,0,11,0,0,0,0,0,2,0,0,0,46,0,0,1,0,0,0,0,0,1,1,0,0,1,0,0,1,3,1,0,0,0,1,16,0,2,0,0,17,38,0,0,0,0,0,0,0,0,0,1,1,0,0,0,1,2,6,0,0,0,2,0,0,0,0,0,1,0,0,0,0,0,0,0,0,6,0,0,0,0,0,0,3,0,2,1,5,0,0,0,0,0,1,1,0,0,326,1,0,0,0,0,0,0,0,9,3,0,1,0,0,0,0,1,0,0,0,0,0,0,0,0,0,4,10,2,2,0,0,0,0,0,0,0,0,0,0,0,0,1,4,103,6,1,2,1,0,1,0,34,2,0,0,0,0,1,0,0,0,31,1,0,0,2,0,0,0,10,0,0,5,1,5,0,0,0,0,0,0,0,0,0,0,0,0,0,0,0,0,0,0,0,0,3,0,0,0,0,0,0,1,5,0,0,0,0,0,0,0,0,0,0,1,0,0,2,0,0,0,0,0,3,0,0,0,4,0,1,0,0,2,1,4,0,0,1,1,0,1,0,1,0,1,2,0,0,0,1,0,1,0,0,0,0,0,0,1,1,0,0,0,0,1,0,0,0,0,0,0,0,2,1,0,0,0,0,0,0,0,0,0,0,0,1,0,2,0,1,0,0,0,0,0,2,0,2,0,0,0,0,0,0,0,0,0,0,0,0,3,0,0,0,0,0,0,0,0,0,0,0,0,3,0,0,2,12,0,0,1,0,3,0,0,69,0,1,0,0,5,1,0,0,1,2,2,8,0,0,0,0,146,4,0,0,11,0,1,9,32,0,0,0,99,1,0,21,15,0,0,0,5,0,2,0,1,0,1,34,0,3,0,3,0,0,1,2,1,1,0,6,0,2,2,0,0,0,0,0,0,0,0,0,2,0,0,1,0,0,0,0,0,0,0,1,114,0,1,0,0,7,5,1,13,37,2,0,0,0,1,0,2,8,4,6,0,0,0,0,0,3,129,1,0,1,0,0,0,0,1,0,0,0,0,1,0,4,1,0,0,0,0,1,0,0,31,1,1,0,0,1,0,0,3,0,0,0,2,39,0,0,23,0,0,0,2,71,0,0,0,0,0,0,4,0,1,12,0
176,1503,ESCOLA MUNICIPAL - CEI DAVID CARNEIRO,"R. JOAO BATISTA ZAGONEL PASSOS, 1161",XAXIM,-25.52296634,-49.26669479,57,0,3984,3258,264,178,0,1,2,6,39,3,3,0,2,5,0,0,25,1,0,0,1,4,0,0,0,1,1,16,1,2,0,9,0,2,1,21,1,0,0,54,0,0,6,1,31,1,1,0,0,0,0,4,0,0,1,0,0,1,4,0,0,0,0,3,7,39,0,8,0,0,14,0,8,0,6,2,0,0,39,8,1,0,46,0,3,5,15,1,0,2,0,0,18,13,5,0,0,0,0,0,0,1,1,0,1,0,0,0,0,0,0,0,72,0,0,1,0,1,0,0,1,0,0,0,2,3,2,0,1,4,0,1,150,0,0,5,110,4,1,1,11,119,3,0,0,0,1,21,1,0,0,0,1,0,0,0,0,25,0,1,7,1,0,0,0,2,0,0,0,0,2,1,0,0,2,0,0,0,0,1,8,0,2,0,0,6,28,0,0,1,0,0,0,0,0,0,1,0,0,0,0,0,0,18,0,0,0,0,0,0,0,0,0,0,1,0,0,0,0,0,0,0,6,0,0,1,1,0,0,8,0,1,1,2,0,0,0,0,0,0,1,0,0,352,1,0,0,1,0,0,3,2,9,2,0,4,0,1,0,0,4,0,0,1,0,0,0,1,0,2,0,9,0,8,0,0,0,0,0,0,0,0,0,0,0,0,1,3,95,8,0,0,0,0,0,3,23,3,0,0,0,2,0,1,3,1,16,0,1,0,3,0,0,3,13,0,0,0,6,2,0,0,0,0,0,0,0,2,0,0,0,0,0,0,0,0,0,0,0,0,0,0,0,0,0,0,0,0,4,0,0,0,0,0,0,0,0,0,0,0,0,0,0,0,0,0,0,0,1,1,2,0,3,1,0,1,1,0,0,6,0,1,3,0,0,0,1,0,0,0,0,0,0,0,0,0,0,1,0,0,0,0,0,1,0,0,0,0,0,0,0,0,0,0,0,0,0,0,0,0,0,0,0,0,0,0,0,0,0,0,0,0,3,2,0,0,0,0,0,0,2,0,4,0,0,0,0,0,0,0,0,0,0,0,0,1,2,0,0,0,1,0,1,0,0,0,0,0,2,1,2,7,4,0,4,0,0,1,0,0,77,0,0,0,0,1,0,5,1,0,4,7,10,0,0,0,1,130,0,0,0,16,0,0,4,42,0,0,0,115,0,0,20,11,0,1,0,4,0,6,0,1,0,0,26,0,3,0,0,0,0,3,2,0,3,0,2,0,11,0,0,0,5,0,0,0,0,0,0,0,0,0,0,0,0,0,0,0,0,0,1,98,0,1,0,1,4,8,0,13,27,0,0,0,0,0,1,4,7,4,1,0,0,0,0,0,7,154,2,0,1,2,0,2,0,2,0,0,0,1,0,0,7,0,0,0,2,0,0,0,1,42,2,0,2,0,0,0,0,0,1,1,0,1,46,0,0,18,0,0,3,0,27,0,0,0,0,0,0,3,0,0,14,0
176,1511,ESCOLA DE ENSINO FUNDAMENTAL FRANCISCO DEROSSO,"RUA FRANCISCO DEROSSO, 905",XAXIM,-25.49858002,-49.26741347,57,0,2618,2194,122,79,0,1,4,2,27,0,3,0,0,4,0,0,17,1,0,0,0,6,0,1,0,1,1,10,2,2,1,3,0,0,0,15,1,0,0,19,1,1,0,0,13,0,2,0,0,0,0,0,0,1,2,0,0,0,3,0,0,2,0,11,5,23,0,7,2,0,13,0,10,0,0,0,0,0,49,13,1,0,11,3,1,3,1,0,0,2,0,0,10,3,2,1,0,0,0,1,1,0,0,0,0,0,0,0,0,1,0,1,56,1,1,0,0,0,0,0,1,0,0,0,0,1,1,0,2,2,0,2,61,0,1,4,65,4,1,0,9,99,2,0,0,0,0,3,2,1,0,0,0,0,0,0,3,27,0,0,3,0,0,0,0,0,1,0,1,0,0,0,0,1,0,0,0,0,0,0,3,0,2,0,0,1,26,0,0,0,2,1,0,0,0,0,1,1,0,0,0,0,4,2,1,0,0,1,1,0,0,0,0,0,0,0,0,1,0,0,0,0,3,0,0,0,0,0,0,1,0,3,0,1,1,0,0,1,1,0,1,0,0,354,2,0,0,0,0,2,0,2,1,2,1,1,1,1,1,0,3,0,0,0,0,0,0,0,0,0,4,5,2,1,0,0,0,0,0,0,0,0,0,0,0,0,1,1,92,5,1,2,0,1,0,2,19,0,0,0,0,0,1,0,1,0,16,0,0,0,1,0,0,0,8,2,0,2,2,0,0,1,0,0,0,0,0,0,0,0,0,0,0,0,0,0,0,0,0,0,0,1,0,0,0,0,0,0,12,0,0,0,0,1,0,0,1,0,0,0,0,0,0,0,0,0,0,0,3,2,3,0,2,2,2,2,1,0,1,4,0,0,3,0,0,0,1,0,0,0,0,0,1,0,0,0,0,0,0,0,0,2,0,0,0,0,3,0,0,0,0,0,0,0,0,0,0,0,0,0,0,0,0,0,0,0,0,1,0,3,2,0,1,1,0,0,0,0,0,0,0,0,0,0,0,0,0,0,0,0,0,0,0,0,0,1,0,0,1,0,3,0,0,0,0,0,0,0,0,0,1,0,0,0,0,0,0,0,1,0,34,1,0,0,0,3,0,0,0,0,7,4,9,0,0,0,0,111,4,2,0,19,0,0,2,24,0,0,0,52,0,3,9,13,3,0,4,5,0,7,0,0,1,0,19,0,0,0,1,0,1,1,3,1,1,0,3,0,0,0,0,0,0,0,0,3,0,0,0,0,0,0,0,0,0,0,0,0,1,0,6,55,0,0,0,0,2,4,0,10,14,0,1,1,0,2,1,3,4,5,3,0,0,0,1,0,2,81,0,0,1,5,0,0,0,0,0,0,0,0,0,0,0,0,1,0,0,0,1,0,0,23,0,1,0,0,0,0,0,0,0,0,0,2,14,0,0,14,0,0,6,0,25,0,0,2,0,3,0,6,0,1,4,0
176,1520,ESCOLA MUNICIPAL UMUARAMA,"RUA FREI TEOFILO,  730  - VILA FELIZ",CAPAO RASO,-25.50237081,-49.30343979,58,0,2556,2072,157,100,0,2,1,6,19,0,1,0,1,3,0,0,11,0,0,0,0,9,0,1,0,4,1,8,0,3,0,2,0,1,3,14,1,0,0,28,0,0,0,0,22,0,1,0,0,0,0,1,0,3,4,0,0,0,4,0,0,1,0,1,5,16,0,0,0,0,5,0,5,0,0,0,0,0,16,10,0,0,15,4,5,8,4,0,0,0,0,0,14,1,0,1,0,0,0,0,0,0,0,0,4,0,0,0,0,0,0,0,43,0,0,0,0,0,0,0,0,0,0,0,0,1,0,0,0,3,0,2,65,0,0,2,60,1,5,0,4,83,1,0,0,0,0,2,1,0,0,0,0,0,0,0,0,30,0,0,4,0,0,0,0,0,0,0,0,0,1,0,0,0,1,0,1,0,1,0,0,0,0,2,0,7,26,0,0,0,0,0,0,0,0,0,0,1,0,0,0,0,0,1,0,0,0,0,0,0,1,0,0,0,0,0,0,0,0,0,0,0,5,0,0,0,0,0,0,1,0,2,1,0,2,0,0,0,0,0,0,0,0,184,1,0,0,0,0,0,0,0,0,0,0,0,0,0,1,0,0,0,0,0,0,0,0,0,0,1,0,9,0,0,0,0,0,0,0,0,0,0,0,0,0,0,0,2,47,7,2,5,1,0,1,2,8,0,0,0,2,0,2,0,0,0,15,0,0,2,4,0,0,1,5,0,0,1,2,1,0,0,0,0,0,0,0,0,0,0,0,0,0,0,0,0,0,0,0,0,0,0,0,0,0,0,0,1,1,0,0,0,0,0,0,0,0,0,0,0,0,0,0,0,0,0,0,0,2,2,1,0,3,0,1,0,0,3,0,4,1,2,4,0,1,0,0,0,0,3,0,0,1,0,0,0,0,0,0,0,0,0,0,1,0,0,0,1,0,0,0,0,0,1,0,0,0,0,0,0,0,0,0,0,0,0,0,0,0,0,1,0,3,0,0,0,0,0,0,0,0,0,0,0,0,0,1,0,0,0,0,0,0,0,0,3,0,0,0,0,0,0,1,0,2,0,0,0,0,0,1,3,1,0,0,2,0,0,0,1,57,0,0,0,0,2,0,1,0,3,0,2,1,0,0,2,0,109,0,0,0,4,1,0,3,27,0,0,0,62,0,0,2,20,0,0,0,2,0,9,0,4,0,0,30,0,0,0,0,0,0,0,1,0,0,0,1,0,0,0,0,0,0,0,1,1,0,0,0,0,0,0,0,1,0,1,0,0,0,0,3,72,0,0,0,0,2,8,1,7,11,0,2,0,0,0,5,1,10,8,4,0,0,0,0,0,4,55,2,0,2,10,0,0,0,2,0,0,0,0,0,0,0,0,0,0,0,0,0,0,0,7,0,0,0,3,1,0,0,0,0,0,0,0,25,0,0,12,0,0,1,0,209,0,0,0,0,1,0,3,0,3,7,0
176,1538,ESCOLA MUNICIPAL IVAIPORA,"RUA VEREADOR ADEODATO VOLPI,   550 - VILA ARAÇA",CAPAO RASO,-25.49607531,-49.2905843,58,0,1937,1619,73,53,0,0,2,1,19,2,0,0,0,1,0,2,11,1,0,0,0,3,0,1,0,1,0,9,1,1,0,1,0,0,0,1,0,0,0,12,0,0,0,0,9,0,1,1,0,0,0,1,0,1,18,0,0,1,2,0,0,0,0,3,2,10,0,1,0,0,3,0,7,0,0,0,0,0,14,12,0,0,2,0,3,2,3,0,0,1,1,0,9,0,2,1,0,1,0,0,0,0,1,0,0,0,0,0,0,0,0,0,61,0,0,0,0,0,0,0,0,0,1,0,0,1,0,0,0,1,0,0,53,0,0,2,41,1,0,1,3,66,0,0,0,0,0,2,0,0,0,0,0,0,1,0,1,19,0,0,0,0,0,0,0,1,1,0,0,0,0,0,0,0,16,1,0,0,0,0,2,0,0,0,0,1,15,0,0,1,1,0,0,0,0,0,1,0,0,0,0,0,0,0,0,0,0,0,0,1,0,0,0,0,0,0,0,0,0,0,0,0,1,0,0,1,0,0,0,3,0,0,0,2,0,0,0,0,0,0,4,0,0,197,0,0,0,0,0,0,0,0,0,0,0,0,0,0,3,0,0,1,0,0,1,1,0,0,0,1,1,3,2,0,0,0,0,0,0,0,0,0,0,0,0,0,0,1,47,2,1,0,1,1,1,0,11,0,0,0,1,1,0,0,0,0,21,0,0,0,4,0,0,0,8,0,0,0,0,0,0,0,0,0,0,0,0,0,0,0,0,0,0,0,0,0,0,0,0,0,0,0,0,0,0,0,0,0,2,0,0,0,0,0,0,0,0,0,0,0,0,0,0,0,0,0,0,0,1,2,0,0,2,1,2,0,0,1,1,1,0,2,0,0,0,0,1,0,2,0,0,0,0,0,0,0,0,0,0,0,0,0,0,0,0,0,0,3,0,1,0,0,0,2,0,0,0,0,0,0,0,0,0,0,0,0,0,0,0,4,0,0,0,0,0,0,0,0,0,0,0,0,0,0,0,0,0,0,0,0,0,1,0,0,0,5,0,0,0,0,0,0,0,0,0,0,0,0,0,0,0,1,2,0,2,2,0,0,0,0,26,1,0,0,0,0,0,0,0,1,4,0,1,0,0,0,1,87,1,0,0,10,0,0,1,12,1,0,0,45,1,0,6,6,0,0,0,1,0,0,0,0,0,0,15,0,0,1,0,0,0,1,2,0,0,0,0,0,0,0,0,0,0,0,0,0,0,0,0,0,0,0,0,0,0,0,0,0,0,0,1,41,0,0,0,1,4,4,1,8,4,2,0,0,0,0,1,2,5,4,0,0,0,0,0,0,5,29,0,0,0,2,0,0,0,0,0,0,0,0,0,0,4,0,0,0,0,0,1,0,0,14,0,0,0,2,0,0,1,0,0,0,0,0,8,0,0,6,0,0,1,0,267,0,0,0,0,2,1,4,0,0,6,0
176,1546,ESCOLA MUNICIPAL PROFESSOR LEONEL MORO,"R.JOSE OSIRES BAGLIOLI, 408",XAXIM,-25.51766883,-49.27677172,66,0,2179,1815,165,79,0,2,2,2,16,3,0,0,0,1,0,1,14,0,0,0,0,1,0,0,0,0,1,8,0,1,0,8,0,0,2,14,0,0,0,33,0,0,0,0,17,0,0,0,0,0,0,2,1,0,1,0,0,0,9,2,0,1,0,1,9,25,0,1,0,0,10,0,5,0,0,1,0,0,18,11,0,0,16,1,2,2,5,0,0,1,1,0,18,0,1,2,0,0,0,0,0,0,0,0,0,0,1,0,0,0,0,1,44,0,0,0,0,0,0,0,0,0,0,0,0,0,0,0,1,0,1,1,79,0,0,3,78,3,0,0,1,42,0,0,0,0,0,6,0,0,0,0,0,0,0,0,1,10,0,0,2,0,0,0,0,0,0,0,0,0,0,0,0,0,0,0,0,0,0,0,7,0,0,1,0,7,15,0,0,0,0,0,0,0,0,0,2,0,0,0,0,1,0,12,0,0,1,2,0,0,0,0,0,0,0,0,0,0,0,0,0,0,1,0,0,1,0,0,0,0,0,0,1,0,0,0,0,0,0,0,1,0,1,216,0,0,0,0,0,0,0,0,3,1,1,1,0,0,0,0,2,0,0,0,0,0,0,0,0,0,0,6,1,2,0,0,0,0,0,0,0,0,0,0,0,0,2,1,62,3,0,1,0,2,1,0,15,0,0,1,2,0,1,0,0,1,23,0,0,0,0,0,0,0,9,0,0,1,4,1,0,0,0,0,0,0,0,2,0,0,0,0,0,0,0,0,0,0,0,0,0,0,0,0,0,0,0,0,1,0,1,0,0,0,0,0,0,0,0,0,0,0,0,0,0,0,0,0,2,0,0,1,5,0,0,0,0,0,1,0,0,0,2,1,0,1,0,0,0,0,0,0,1,1,0,0,0,0,0,0,0,0,0,0,0,0,0,0,0,0,0,0,0,0,0,0,0,0,2,0,0,0,0,0,0,0,0,0,1,0,0,0,1,1,1,0,0,0,0,0,0,0,2,0,0,0,0,0,0,0,0,0,0,0,0,3,0,0,0,0,1,0,0,0,0,0,0,0,0,0,1,6,2,0,0,1,0,0,0,0,29,0,1,0,0,3,0,0,1,4,1,1,5,0,0,0,0,87,4,0,1,15,0,0,0,15,2,0,0,60,0,0,2,3,0,2,0,1,0,2,0,1,0,0,16,0,1,1,0,0,0,0,0,2,0,0,0,0,0,0,0,1,6,0,0,0,0,0,0,0,0,0,1,0,0,0,0,0,0,0,9,85,0,0,0,1,2,1,0,10,14,5,1,0,0,0,0,2,2,2,0,0,0,0,0,0,0,46,0,0,0,1,0,0,0,0,1,0,0,0,0,0,0,0,0,0,0,0,2,0,0,16,0,0,1,0,0,0,0,0,0,0,0,0,40,0,0,20,0,0,0,0,32,0,0,0,0,0,0,2,0,0,5,0
176,1562,ESCOLA MUNICIPAL CASTRO,"RUA AYRTON PIZZATTO GUSI, 240",XAXIM,-25.52489568,-49.25626537,57,0,2248,1863,136,98,0,2,0,3,28,0,0,0,0,4,0,0,14,0,0,0,0,4,0,1,0,3,1,8,0,0,0,6,1,0,1,6,1,0,0,21,0,1,1,0,16,0,2,0,0,0,0,0,0,0,2,0,0,1,12,0,0,0,0,0,7,16,0,3,0,1,6,0,4,0,1,1,0,0,11,13,1,0,22,0,6,6,4,0,2,1,1,0,17,2,0,1,0,0,0,0,2,1,0,0,0,0,0,0,0,0,0,0,32,1,0,1,0,0,0,0,1,0,0,0,0,3,1,0,0,1,1,1,64,0,1,0,74,4,0,0,10,82,1,0,0,0,0,8,0,0,0,0,1,1,0,0,0,20,0,0,1,1,0,0,0,0,2,0,0,0,1,0,0,0,0,0,0,0,0,1,20,0,1,0,0,2,16,0,0,1,0,0,0,0,0,0,0,0,0,0,0,0,0,10,0,0,1,0,0,1,0,0,0,0,0,0,0,0,3,0,0,0,9,0,0,0,0,0,0,0,0,0,0,1,0,0,0,0,0,0,0,0,0,199,0,0,0,1,0,3,0,0,3,0,0,1,0,0,0,0,2,0,0,0,0,0,0,0,0,1,4,7,2,9,0,0,0,0,0,0,0,0,0,0,0,0,0,0,38,3,0,1,1,0,0,0,16,0,0,0,1,0,2,0,0,0,22,0,0,0,0,2,0,1,13,0,0,0,0,4,0,0,0,0,1,0,0,1,0,0,0,0,0,0,0,0,0,0,0,0,0,0,0,0,0,0,0,0,0,0,0,0,1,0,0,0,0,0,0,1,0,0,0,0,0,0,0,0,0,0,0,0,0,2,1,0,0,1,0,4,0,0,0,0,1,0,0,0,0,0,2,0,1,0,0,0,0,0,0,0,0,0,0,0,0,0,0,0,0,0,0,0,0,0,0,0,0,0,0,0,0,0,0,0,0,0,0,0,0,0,1,0,2,0,1,0,0,0,0,0,0,0,2,0,0,0,0,0,0,0,0,0,1,0,0,4,1,0,0,0,0,0,0,0,0,0,0,0,0,0,1,1,2,0,0,1,0,3,0,0,38,0,3,0,0,0,2,1,0,1,1,4,6,1,0,0,0,82,0,0,0,13,0,0,3,24,0,0,0,62,0,0,11,7,2,0,0,8,0,6,1,1,0,0,18,0,0,1,3,0,0,1,2,0,0,0,5,0,0,0,0,0,0,0,0,0,0,0,0,0,0,0,1,0,0,0,0,0,2,0,4,62,0,0,1,0,1,2,0,7,18,0,0,0,0,0,0,2,5,2,1,0,0,0,0,1,0,81,1,0,0,0,0,2,0,0,0,0,0,0,0,0,3,0,0,0,1,0,0,0,0,26,1,0,0,1,0,0,0,0,0,0,0,0,22,0,0,20,0,0,0,0,22,0,0,0,0,3,2,3,0,0,6,0
176,1570,COLÉGIO SOCIAL MADRE CLELIA - PARTICULAR,"RUA WALDIR DE JESUS,  90",CAPAO RASO,-25.50567939,-49.29682311,58,0,5793,4846,278,192,0,1,3,6,55,0,3,2,1,4,1,0,35,1,0,0,0,15,1,1,1,6,5,12,1,4,1,17,1,1,3,31,2,2,0,51,0,0,0,2,18,0,1,0,0,0,0,2,0,3,6,0,0,1,5,0,0,0,1,4,5,63,0,7,0,0,27,0,20,0,0,0,0,0,35,26,0,0,17,0,12,12,10,1,1,2,1,1,37,2,1,3,1,0,0,1,1,0,5,0,2,2,3,1,0,1,0,0,114,0,0,0,0,0,0,0,0,0,0,0,8,0,2,0,0,3,1,4,168,1,1,8,146,9,1,5,12,293,3,1,0,0,0,6,0,3,0,2,0,0,0,0,2,32,0,0,3,0,0,0,0,0,0,0,0,0,2,1,0,2,2,0,0,0,0,1,5,0,0,0,0,9,63,0,0,2,1,0,0,0,0,0,0,0,0,0,0,0,5,7,0,0,0,0,0,0,2,0,0,0,0,0,0,1,0,0,0,0,15,0,0,2,0,0,0,6,0,3,3,0,0,0,3,0,0,0,0,0,2,616,3,0,0,0,0,1,2,0,8,4,1,0,0,0,0,0,1,0,1,0,1,0,0,0,0,0,5,32,0,0,0,0,0,0,0,1,0,1,0,0,0,0,3,10,155,14,3,0,1,1,1,0,38,1,0,5,2,2,3,0,2,0,41,1,0,0,3,0,0,0,14,0,0,1,5,0,0,0,0,0,0,0,0,0,0,0,0,0,0,0,0,0,0,0,0,0,1,0,0,0,0,0,0,0,6,0,0,0,0,0,0,0,0,0,0,0,0,0,0,0,0,0,1,1,7,7,0,0,12,6,1,1,1,1,1,8,0,3,3,1,0,0,0,4,0,0,1,3,1,0,1,0,0,0,0,2,1,0,0,0,0,0,0,1,1,0,0,0,0,2,0,0,0,0,0,0,0,0,2,0,0,0,0,1,0,1,0,0,6,2,0,0,0,0,0,0,5,0,3,0,0,0,1,0,0,0,0,0,3,0,0,2,0,1,0,0,0,0,0,1,0,3,0,0,0,0,1,4,7,4,2,5,0,0,0,0,102,0,2,0,0,4,1,0,0,4,3,7,1,0,0,0,0,202,5,0,0,28,0,0,7,30,1,0,1,126,0,0,22,18,0,2,0,4,2,16,0,1,0,0,70,0,1,1,2,0,0,7,6,1,0,0,7,0,0,1,3,0,0,0,0,0,0,0,0,0,0,0,1,0,0,0,0,0,1,0,4,188,0,0,0,2,7,15,2,22,16,5,0,0,0,0,3,8,9,6,6,0,0,0,0,0,5,104,0,3,6,3,0,0,0,1,0,1,0,0,0,0,7,0,0,0,1,0,3,0,1,25,1,1,0,1,0,0,0,0,0,0,0,0,28,2,1,15,0,2,0,0,460,1,0,0,0,1,0,14,0,5,11,0
176,1589,COLEGIO ESTADUAL NOSSA SENHORA APARECIDA,"RUA JOSE OSIRES BAGLIOLI, 430",XAXIM,-25.51676499,-49.27679417,57,0,2140,1681,130,83,0,2,3,4,18,1,1,0,0,2,0,0,17,0,0,1,0,2,0,3,0,3,0,10,2,2,0,1,0,0,0,12,1,0,0,21,0,3,0,1,10,0,0,0,0,0,0,1,0,4,1,0,0,0,5,3,0,0,0,3,4,35,0,0,0,0,2,0,6,0,1,2,0,0,26,11,0,0,10,2,5,8,4,0,2,0,0,0,16,0,2,1,0,0,0,0,0,0,0,0,0,0,0,0,1,0,1,0,34,1,0,0,0,0,0,0,0,0,0,0,1,0,0,0,0,1,1,3,79,0,1,3,55,5,0,0,2,54,1,0,0,0,1,9,0,0,0,0,0,0,0,0,0,18,2,0,0,0,0,0,0,0,0,0,0,0,0,2,0,0,2,0,0,0,0,0,6,0,1,0,1,2,9,0,0,0,0,0,0,0,0,0,0,0,0,0,0,1,0,2,0,0,0,0,1,0,0,0,0,0,0,0,0,0,0,0,0,0,3,0,0,0,0,0,0,2,0,1,0,1,0,0,0,0,0,0,2,0,1,150,1,0,0,0,0,0,0,0,4,0,1,0,0,0,0,0,1,0,0,0,0,0,0,0,0,0,3,2,2,10,0,0,0,0,0,1,0,0,0,0,0,0,0,1,50,6,2,0,1,0,0,0,23,1,0,0,2,0,1,0,0,0,18,1,0,0,1,0,0,1,3,0,0,1,0,1,0,0,0,0,1,0,0,0,0,0,0,0,0,0,0,0,0,0,0,0,0,0,0,0,0,0,0,0,0,0,0,0,1,0,0,0,0,0,0,0,0,0,0,2,0,0,0,0,0,0,1,0,0,0,0,0,0,0,0,1,0,0,0,0,0,0,0,0,0,0,0,0,0,0,1,0,0,0,0,0,0,0,0,2,0,0,0,0,0,1,0,0,0,0,0,0,0,0,1,0,0,0,0,0,0,2,1,0,0,0,0,0,4,3,0,0,0,0,0,0,0,0,1,0,0,0,0,0,0,0,0,0,0,0,0,2,0,0,0,0,0,0,0,0,0,0,0,0,0,0,0,2,5,1,0,2,0,1,0,1,42,0,0,1,1,2,0,0,0,0,4,2,4,0,0,0,0,92,3,1,1,8,0,0,0,16,0,0,0,70,0,0,14,7,0,2,1,0,0,1,0,0,0,1,26,0,0,1,1,0,0,1,1,0,0,0,6,1,0,0,0,0,0,0,0,0,0,0,1,0,0,0,1,1,0,0,0,0,0,0,1,59,0,1,1,0,5,1,1,7,16,1,0,0,0,0,1,0,6,3,0,0,0,0,0,0,0,49,0,0,1,1,0,1,0,0,0,1,0,0,0,0,1,0,0,0,0,0,0,1,0,15,0,0,0,1,0,0,0,0,0,0,0,0,24,1,0,10,0,0,0,0,31,0,0,0,0,2,0,0,0,0,5,0
176,1597,ESCOLA MUNICIPAL PARANAVAI,"RUA PEDRO SIEMENS, 691",XAXIM,-25.5125707,-49.26738444,57,0,3994,3238,225,114,0,2,2,4,47,2,2,0,0,2,0,1,20,4,0,0,0,4,1,1,0,1,1,14,2,3,1,11,0,0,1,26,3,2,0,27,0,2,0,4,23,4,0,1,0,0,0,6,0,0,7,0,0,0,9,3,0,0,1,3,8,42,0,4,1,1,10,1,23,0,1,0,0,0,49,15,1,0,32,0,15,10,12,0,2,1,1,0,25,3,4,2,0,2,0,0,0,0,0,0,1,0,1,0,0,0,0,2,79,0,0,0,0,0,0,0,2,0,0,0,0,2,1,0,0,3,3,1,106,0,0,2,99,0,1,0,20,132,1,0,0,1,0,23,0,2,0,1,0,4,0,0,1,43,0,0,3,0,0,0,0,0,0,1,0,0,0,1,0,1,0,3,0,0,0,1,10,0,0,0,0,6,34,0,1,0,1,0,0,0,0,0,2,1,0,0,0,1,0,8,0,0,0,0,0,0,0,0,0,0,3,0,0,0,0,0,0,0,10,0,0,0,0,0,0,0,0,1,0,1,1,0,0,0,0,0,3,0,0,372,0,0,0,0,0,0,0,3,5,0,1,0,0,0,2,0,1,0,0,0,0,0,0,0,0,0,4,6,1,2,0,0,0,0,0,2,0,0,0,0,0,0,3,0,91,8,1,1,1,0,1,3,45,0,0,0,4,0,0,0,0,0,42,0,0,0,4,0,0,0,11,1,0,1,3,3,0,1,1,0,0,0,1,0,0,0,0,0,0,0,0,1,0,0,1,0,0,0,0,0,0,0,1,0,2,0,0,0,0,0,0,0,0,2,0,0,0,0,1,0,0,0,0,0,7,1,1,0,3,0,1,0,1,1,0,9,0,2,2,1,0,0,0,0,0,0,0,0,0,0,3,0,2,0,0,0,0,0,0,1,0,0,0,0,0,1,0,0,0,0,0,0,0,2,1,0,0,0,1,0,0,0,0,0,0,2,1,0,0,3,0,0,0,0,0,0,3,0,0,0,0,0,0,0,0,0,0,0,0,0,0,6,0,0,0,0,3,0,0,0,0,0,0,0,0,0,4,4,3,0,1,0,0,0,0,0,57,0,1,0,0,5,0,0,1,1,1,5,10,0,0,1,0,145,4,1,0,15,0,0,3,43,0,0,0,139,1,0,13,15,0,0,0,0,0,6,1,1,0,0,29,0,0,0,1,0,0,1,0,0,1,0,3,0,0,1,0,0,1,0,0,0,1,1,0,5,0,0,0,0,0,0,0,0,1,0,11,110,0,0,0,0,3,8,4,16,25,5,1,0,1,0,3,4,5,8,2,0,0,0,0,1,2,150,0,0,3,4,0,0,0,0,0,1,0,0,0,0,2,0,0,0,1,1,0,1,0,28,0,1,0,2,0,0,0,0,0,0,0,0,38,0,0,22,0,1,4,1,56,0,0,0,1,0,2,2,0,0,14,2
176,1600,COLEGIO ESTADUAL HOMERO BAPTISTA DE BARROS,"RUA FERNANDES VIEIRA, 17",CAPAO RASO,-25.49640942,-49.28115187,58,0,3937,3211,179,117,0,1,1,6,38,0,1,1,2,3,0,2,24,0,0,0,0,5,1,0,1,1,1,14,0,6,0,5,0,0,3,15,2,3,0,35,0,0,0,1,9,1,2,0,0,0,0,0,0,2,3,0,0,0,14,0,0,2,0,6,7,47,0,6,0,0,4,1,12,0,0,0,0,0,33,30,2,0,16,0,6,9,1,0,1,0,0,0,17,3,2,2,1,1,0,1,0,1,0,0,1,0,1,0,1,1,0,1,48,1,0,0,0,0,0,0,2,0,2,0,3,2,0,0,0,4,1,7,88,0,0,3,109,2,0,0,6,132,4,0,0,1,0,15,0,0,0,0,1,0,0,0,0,12,0,0,2,0,0,0,0,0,2,0,0,0,0,2,0,0,16,0,0,0,0,0,1,0,1,0,0,3,46,0,0,0,3,0,0,0,0,0,2,1,0,0,0,0,0,2,0,0,0,1,0,0,0,0,0,1,1,0,2,1,0,0,0,3,21,0,0,0,0,0,0,3,0,3,3,1,0,0,0,0,0,0,0,0,2,454,0,0,0,0,0,0,0,0,0,0,1,0,0,0,0,0,0,0,0,0,0,1,0,0,0,0,1,11,2,1,0,0,0,0,0,0,0,0,0,0,0,0,2,2,111,7,2,3,0,0,0,1,31,1,0,2,1,0,3,1,3,1,29,0,0,0,1,0,0,0,9,0,0,1,1,3,3,0,0,0,0,0,0,0,0,0,0,0,0,4,0,0,0,0,0,0,0,1,0,0,0,0,0,1,3,0,2,0,0,0,0,0,0,0,0,0,0,0,0,0,0,4,2,0,13,0,1,0,7,1,2,0,0,0,1,7,0,0,1,0,0,0,0,0,0,0,0,0,2,0,0,0,0,0,0,1,0,0,0,1,0,0,0,1,0,0,0,0,0,0,0,0,0,5,0,0,0,0,2,0,0,0,0,0,0,29,1,0,0,1,0,0,0,0,1,0,0,0,0,0,0,0,0,0,0,0,0,0,0,0,0,1,0,0,0,0,0,0,0,0,0,1,0,0,0,0,1,0,5,0,3,3,0,2,0,1,47,1,0,0,0,0,0,0,0,3,1,8,3,0,0,0,0,157,3,0,1,9,0,0,0,32,0,0,0,92,2,0,8,20,0,2,0,2,1,3,0,0,0,0,22,1,2,0,0,0,0,10,5,0,1,0,0,1,0,0,0,0,2,0,0,0,0,1,0,0,0,0,0,0,0,0,0,0,0,0,2,89,0,0,0,0,4,16,0,13,12,1,1,0,0,0,0,9,11,5,2,0,0,0,0,0,5,57,0,0,6,7,0,0,0,1,0,0,0,0,0,0,4,0,0,0,0,3,1,0,0,17,0,0,0,2,0,0,0,0,0,0,0,0,37,0,0,18,0,1,1,1,345,0,0,0,0,2,0,5,0,0,12,0
176,1619,ESCOLA MUNICIPAL - CEI JORNALISTA CLAUDIO ABRAMO,"RUA OURO VERDE, 655",CAPAO RASO,-25.50772735,-49.30164616,58,0,3598,2961,234,170,0,1,0,9,25,0,3,0,0,3,1,0,25,2,0,0,0,8,0,0,0,0,1,21,1,0,0,5,0,1,4,15,3,0,0,61,0,0,0,0,25,1,0,0,0,0,0,7,0,4,5,0,0,1,4,1,0,0,1,1,5,28,1,1,0,0,8,0,13,0,1,2,0,0,19,22,0,0,32,0,10,6,5,1,0,0,1,0,17,3,2,4,1,0,0,1,1,0,0,0,0,0,3,0,0,0,0,1,76,0,1,1,0,5,0,0,1,0,1,0,2,3,0,0,2,4,0,0,119,0,1,4,99,2,0,4,18,93,0,0,0,0,1,3,1,1,0,0,3,0,0,0,0,21,0,0,1,0,0,0,0,0,0,0,0,0,0,0,0,1,0,0,0,0,0,1,3,0,0,0,0,5,28,0,0,3,4,0,0,0,0,0,1,2,0,0,0,0,0,5,0,0,0,0,0,0,0,0,0,0,0,0,0,0,0,0,0,0,13,0,0,0,0,0,0,2,0,0,1,2,0,0,0,0,0,0,0,0,0,289,0,1,0,1,0,0,2,0,6,0,2,0,0,2,2,1,1,1,0,0,0,0,0,0,0,0,0,14,4,0,0,0,0,0,0,0,0,0,0,0,0,0,2,3,69,5,4,1,0,0,0,3,27,1,0,0,0,0,1,0,1,1,21,0,0,0,3,0,0,0,9,0,0,0,0,1,0,0,0,1,0,0,0,0,0,0,0,0,1,0,0,0,0,0,0,0,0,0,0,0,0,0,0,0,3,0,0,0,0,0,0,0,0,0,0,1,0,0,0,0,0,0,0,0,1,1,2,0,0,2,3,0,0,0,0,7,0,0,0,0,0,0,0,0,0,2,0,0,0,0,4,0,0,0,0,0,0,0,0,0,0,0,0,0,0,2,0,0,0,0,0,1,0,0,1,0,0,0,0,0,0,2,0,0,0,1,0,0,2,0,0,0,2,0,1,0,2,0,5,0,0,0,0,0,0,0,0,0,0,0,0,9,2,0,0,0,0,0,0,0,1,1,0,0,0,0,6,1,8,0,0,1,0,1,2,0,70,1,0,0,0,8,0,0,0,2,5,2,1,1,0,2,1,167,0,0,0,10,0,0,4,29,0,0,0,73,3,1,11,6,0,2,0,4,0,7,0,6,0,0,43,0,1,2,0,1,0,1,1,1,0,0,2,1,0,0,0,0,0,0,2,1,0,0,0,0,0,0,0,0,0,0,0,0,1,0,6,95,0,0,1,1,11,6,0,8,22,0,0,0,0,0,4,3,7,7,0,0,0,0,0,0,3,81,1,0,4,7,0,0,0,1,0,0,0,0,0,0,0,0,0,1,0,0,0,0,0,8,0,1,0,1,2,0,1,1,0,0,0,3,27,1,0,14,0,1,1,0,206,0,0,0,2,2,0,5,0,0,17,0
176,1627,COLEGIO ESTADUAL JOAO MAZZAROTTO,R SANTA REGINA  664,CAPAO RASO,-25.50223933,-49.28947764,58,0,4366,3565,263,157,0,2,1,10,37,1,6,0,0,6,1,1,25,3,0,0,0,4,2,0,0,8,6,26,0,1,1,2,1,0,2,19,4,0,0,45,0,0,1,0,11,0,0,0,0,0,0,7,1,3,4,0,0,0,2,1,0,0,0,0,6,36,0,0,0,3,16,0,8,0,2,1,0,0,30,23,3,0,24,0,8,10,8,0,0,0,2,1,21,1,1,2,0,1,0,0,0,1,2,0,2,0,0,0,1,0,0,1,94,0,0,0,0,0,0,0,3,0,0,0,2,3,0,2,0,12,0,1,129,0,0,2,94,3,1,1,6,146,0,0,0,0,1,9,2,0,0,0,0,1,0,0,2,15,1,0,1,0,0,1,0,0,4,0,0,0,0,0,0,0,9,0,2,0,0,1,2,0,0,4,0,2,36,0,0,1,0,0,0,0,0,0,1,0,0,0,0,0,1,8,0,0,0,0,0,0,0,0,0,0,0,0,0,0,0,0,0,2,10,0,0,2,0,0,0,2,1,3,3,3,0,0,0,0,0,0,0,0,0,290,1,0,1,0,0,0,0,2,1,0,1,1,0,0,1,1,2,0,0,2,0,0,0,0,0,0,2,6,1,0,0,0,0,0,0,0,0,0,0,0,0,0,3,5,112,5,1,0,1,0,1,3,29,0,1,0,0,2,2,0,1,0,20,0,0,0,5,0,0,0,11,1,0,1,5,3,7,0,0,0,0,0,0,0,0,0,0,0,0,0,0,0,0,0,0,0,0,0,0,0,1,0,0,0,1,0,0,0,0,0,0,0,0,0,0,0,0,0,0,0,0,0,0,0,6,0,1,1,5,2,1,1,0,0,0,6,0,0,0,0,1,1,0,0,0,0,2,0,0,0,2,0,0,0,0,0,0,0,0,0,0,0,0,2,0,0,0,0,0,0,0,0,0,2,1,0,0,0,0,0,0,0,0,1,0,12,1,0,8,5,0,0,0,0,0,0,2,0,3,0,0,0,0,0,0,0,0,0,2,0,0,1,0,0,0,0,1,0,0,0,1,0,0,0,0,0,2,2,1,0,1,1,0,2,0,0,60,2,5,0,0,11,0,2,0,3,1,10,1,0,0,0,1,169,17,2,0,9,0,0,1,31,1,0,0,96,0,0,10,20,0,0,0,3,0,11,0,0,0,0,39,0,1,0,1,0,0,0,3,1,0,1,5,0,0,0,0,0,0,0,0,0,0,0,0,0,0,0,2,0,0,0,0,2,0,0,4,99,0,1,0,1,5,12,1,5,15,0,2,0,0,0,2,4,6,6,4,0,0,0,2,0,7,87,1,1,3,3,0,1,0,1,0,0,0,0,0,0,8,0,0,0,0,0,0,0,1,24,0,0,0,1,0,0,1,0,0,1,0,0,44,0,0,30,0,0,7,1,502,0,0,0,0,2,0,12,0,0,17,0
176,1635,COLÉGIO ESTADUAL EMILIO DE MENEZES,"RUA JOSE ZALESKI,  450",CAPAO RASO,-25.5014171,-49.30137023,58,0,4957,4048,326,206,0,1,2,7,44,0,3,1,1,4,0,0,33,0,1,1,0,11,0,3,0,1,1,16,2,2,0,7,0,1,1,36,1,0,0,45,0,0,0,0,24,0,3,2,0,0,0,3,0,1,5,0,0,0,4,0,0,0,0,2,9,44,0,6,2,2,26,0,14,0,1,3,0,0,32,22,0,2,19,0,10,11,6,1,2,1,1,0,25,4,2,0,1,0,0,0,0,0,2,2,1,1,1,0,0,0,0,0,81,0,1,0,0,0,0,0,1,0,0,0,3,1,1,0,5,5,0,1,128,0,0,2,118,11,0,1,11,170,0,0,1,0,0,5,1,2,0,0,0,0,1,0,2,45,0,0,4,0,0,0,0,0,0,0,0,0,2,1,0,1,0,0,0,0,0,0,4,0,0,1,1,5,41,0,0,1,0,0,0,0,0,0,0,2,0,0,0,1,0,3,0,0,0,1,0,1,0,0,0,0,1,0,0,0,0,1,0,0,3,0,0,3,0,0,0,1,0,7,0,1,0,0,0,1,4,0,2,0,1,411,1,0,0,0,0,2,1,0,1,0,2,4,0,0,0,0,4,1,0,0,0,0,0,0,0,1,0,22,2,1,0,0,0,0,0,0,0,0,0,0,0,0,2,2,105,7,1,0,1,2,2,1,44,1,2,0,3,0,6,0,0,1,33,3,0,0,5,0,0,1,6,0,0,3,3,0,0,0,0,0,0,0,0,0,0,0,0,0,0,0,0,0,0,0,0,0,0,0,0,0,0,0,0,0,2,0,0,0,0,0,0,0,0,0,0,2,0,0,0,0,0,0,0,0,4,4,2,2,0,0,0,0,0,0,0,13,0,1,5,0,0,0,0,0,0,0,0,0,0,1,0,0,0,0,0,0,0,0,0,1,0,0,0,0,0,1,0,0,0,1,0,0,0,0,0,0,0,0,0,0,0,0,2,0,0,1,2,0,0,2,0,2,0,0,0,0,2,0,2,0,0,0,0,0,0,0,0,0,0,0,0,3,0,0,0,0,0,0,1,0,0,3,0,0,0,1,3,1,10,0,4,2,0,2,0,0,93,3,7,1,0,6,1,0,0,7,5,3,1,0,0,0,0,218,3,0,0,9,0,0,10,23,1,1,0,116,0,0,19,28,0,1,2,6,1,28,0,1,0,0,46,0,0,0,0,1,0,1,0,0,1,0,5,0,0,2,0,1,2,0,1,0,0,0,0,0,0,0,0,2,0,0,0,0,0,0,8,119,0,0,0,0,8,9,1,12,16,0,0,0,0,0,3,4,13,8,4,1,0,0,0,0,1,125,1,1,1,3,0,0,1,3,0,0,0,0,0,0,4,0,0,0,0,0,1,0,0,27,0,0,0,1,1,0,0,0,0,0,0,0,23,1,0,16,0,0,4,3,416,0,0,0,0,1,0,6,0,4,28,0
176,1643,FACULDADES BAGOZZI - UNIDADE XAXIM,"RUA PROFESSOR NARCISO MENDES, 484 - (ATUAL ESCOLA STELLA MARIS)",XAXIM,-25.503937,-49.269562,57,0,1911,1553,101,62,0,0,0,3,14,2,0,0,0,1,0,0,13,0,0,0,0,6,1,1,0,1,1,11,1,2,0,1,1,0,1,7,0,0,0,16,0,0,0,1,3,0,0,0,0,0,0,1,0,2,0,0,0,0,3,0,0,0,1,1,2,15,0,3,1,1,3,1,3,0,2,1,0,0,31,13,1,0,4,0,2,5,1,0,3,0,0,0,10,0,1,0,0,1,0,0,1,0,0,0,0,0,1,0,0,0,0,0,36,0,0,0,0,0,1,0,1,0,0,0,0,1,0,0,0,3,2,0,27,0,0,0,39,1,0,0,2,85,1,0,0,0,1,3,0,0,0,0,0,0,0,0,0,17,0,0,0,2,0,0,0,0,0,0,0,0,1,2,0,0,0,0,0,0,0,0,1,0,0,1,0,1,34,0,0,0,2,0,0,0,0,0,0,0,0,0,0,0,1,2,0,1,0,0,0,0,0,0,0,0,0,0,0,0,0,0,0,0,6,0,0,3,0,0,1,1,0,0,0,0,0,0,0,0,0,0,0,0,0,256,1,0,0,0,0,0,1,2,0,0,0,1,0,0,0,0,1,0,0,0,0,0,0,0,0,0,1,7,0,0,0,0,0,0,0,0,0,0,0,0,0,0,1,0,79,4,0,1,0,0,0,1,16,0,0,0,2,0,0,0,0,1,13,0,0,0,3,0,0,2,6,1,1,0,2,0,0,0,0,0,0,0,0,0,0,0,0,0,0,0,0,0,0,0,0,0,0,0,0,0,0,0,0,0,1,0,0,0,0,0,0,0,0,1,0,0,0,0,0,0,0,0,0,0,4,0,2,0,4,1,0,1,0,0,0,7,0,0,2,0,1,0,0,0,1,0,0,0,2,1,0,0,0,0,0,0,0,1,0,1,0,0,0,0,0,0,0,0,0,0,0,0,0,0,0,0,0,0,0,0,0,0,0,0,0,0,0,0,0,1,0,0,0,0,0,0,1,0,0,0,0,0,0,0,0,0,0,0,0,0,0,2,0,0,0,0,2,0,0,0,1,0,0,0,0,0,1,1,4,0,1,0,0,0,0,0,14,0,1,0,0,0,0,0,0,0,0,2,2,0,0,0,1,76,2,4,0,16,0,0,2,34,0,0,0,46,1,3,10,4,0,2,0,0,0,2,0,1,0,0,8,0,1,0,0,0,0,1,3,0,0,0,5,0,0,0,0,0,0,0,0,0,0,0,0,0,0,0,1,0,0,0,0,0,0,0,2,62,0,0,0,0,2,5,0,10,14,0,0,0,0,0,1,3,6,3,0,0,0,0,0,0,5,41,0,0,0,1,0,0,0,0,0,0,1,0,0,0,0,0,0,0,0,0,2,0,0,13,2,1,0,0,0,0,0,0,0,0,0,0,15,0,0,6,0,0,0,0,20,0,0,1,0,0,0,3,0,0,2,0
176,1651,COLEGIO ESTADUAL SAO PEDRO APOSTOLO,"RUA PRIMEIRO DE MAIO, 1160",XAXIM,-25.51533999,-49.27630541,57,0,6765,5373,435,267,0,3,7,12,57,1,4,0,1,5,0,1,53,1,0,0,0,9,0,2,0,1,3,46,2,1,0,11,0,3,2,54,5,0,0,86,0,3,0,2,34,1,0,1,0,0,0,8,0,0,4,0,0,1,14,6,0,0,1,6,20,97,0,8,0,1,8,1,15,0,0,6,0,0,67,27,1,1,67,0,14,15,16,0,1,0,1,0,37,3,8,3,0,0,0,0,1,0,0,0,1,0,0,1,0,0,0,2,132,2,0,0,0,0,0,0,0,0,0,0,3,3,2,0,1,3,0,6,184,0,4,4,250,8,0,0,10,162,3,0,0,0,1,16,0,2,0,0,0,0,0,1,1,76,0,0,2,3,0,1,0,0,0,0,0,0,1,2,0,0,1,0,0,0,0,1,18,0,0,0,0,13,28,0,0,0,0,3,0,0,0,0,2,0,0,1,0,0,1,29,0,1,0,0,0,0,0,0,0,0,3,1,0,0,0,0,0,0,11,0,0,0,0,0,0,1,0,2,2,3,0,0,0,1,0,2,2,0,0,491,0,0,0,1,0,0,0,2,10,2,3,0,0,0,0,0,3,0,0,0,0,0,0,0,0,0,7,13,2,13,0,0,0,0,0,3,1,0,0,0,0,0,0,3,173,13,5,4,0,1,0,2,61,0,1,1,1,1,9,0,3,0,64,1,1,2,3,0,0,5,9,4,0,3,1,4,1,0,0,1,0,0,0,1,0,0,0,0,1,0,0,0,0,0,0,0,0,0,0,0,0,0,0,0,6,0,2,0,0,1,0,0,0,2,0,1,0,0,4,0,0,0,0,1,1,0,0,0,4,3,2,0,0,0,0,7,0,1,3,0,0,2,0,0,1,0,0,0,0,1,0,0,0,0,0,0,1,0,0,3,0,0,0,0,0,1,0,0,0,1,0,0,0,2,3,0,1,0,1,0,0,1,1,0,1,5,1,0,2,7,0,0,0,0,0,0,3,1,2,0,0,0,0,0,0,0,0,1,0,0,0,5,1,0,0,0,0,0,0,0,0,0,0,0,0,0,3,6,8,4,1,4,0,0,0,3,128,0,1,1,3,8,0,0,0,1,2,9,7,0,0,1,0,242,10,0,1,29,0,0,6,59,2,1,0,185,1,1,22,32,0,3,0,3,0,6,0,3,0,0,59,0,1,1,1,0,0,2,2,0,0,0,5,2,1,2,0,0,1,0,0,2,0,0,4,0,0,0,7,0,0,0,0,0,0,0,6,218,0,0,0,0,8,10,0,15,46,4,2,0,0,0,1,4,12,11,5,0,0,0,0,0,7,155,0,0,3,3,0,0,0,1,2,0,0,0,0,0,7,0,0,0,6,0,0,0,2,56,1,1,1,1,2,0,0,0,0,1,0,1,107,0,0,42,0,0,4,3,104,0,0,1,0,3,0,7,2,1,21,0
176,1660,COLEGIO ESTADUAL PROFESSOR NARCISO MENDES,"RUA NARCISO MENDES, 283",XAXIM,-25.50348731,-49.27197362,57,0,4104,3411,228,142,0,2,6,2,44,2,1,0,0,7,0,0,29,0,0,0,0,6,0,2,0,1,1,13,2,2,0,6,2,1,1,10,1,0,0,38,0,1,0,0,15,0,0,0,0,0,0,1,0,1,5,0,1,0,4,2,0,0,0,6,4,49,0,8,0,0,12,0,14,0,0,1,0,0,140,15,2,0,21,0,6,8,6,0,1,1,0,0,29,2,1,0,0,0,0,2,0,0,1,0,1,1,0,0,0,0,0,0,84,1,0,0,0,0,1,0,0,0,0,0,0,1,1,0,0,1,1,2,114,0,1,2,85,4,0,1,7,121,2,0,0,0,0,8,2,0,0,1,1,5,0,0,0,31,0,0,0,0,0,0,0,0,2,0,0,0,2,1,0,0,0,0,0,0,0,2,8,0,2,0,0,8,27,0,0,0,1,0,0,1,0,0,2,0,0,0,0,0,1,7,0,0,0,0,0,0,0,0,0,2,3,0,0,0,0,0,0,0,7,0,0,0,0,0,0,4,0,3,0,6,0,0,0,0,0,0,2,0,1,468,0,0,0,1,0,1,1,0,5,1,0,0,0,0,0,0,0,2,1,0,0,2,0,0,0,0,1,7,1,0,0,0,0,1,0,0,0,0,0,0,0,0,0,2,149,14,1,2,1,1,4,0,30,3,0,2,1,0,3,0,0,0,34,1,0,0,3,0,0,3,13,3,0,7,5,1,0,0,0,1,0,0,0,0,0,0,0,0,0,0,0,0,0,0,0,0,3,0,0,0,0,0,0,0,11,0,0,0,0,1,0,0,0,0,0,0,0,0,0,0,0,0,0,0,0,1,2,0,0,5,0,0,0,1,0,15,0,2,0,0,0,0,0,1,0,1,0,0,1,0,0,0,0,0,0,0,0,0,0,1,0,0,1,0,0,0,0,0,0,3,0,0,0,0,0,0,0,0,0,0,0,0,0,0,0,5,0,1,2,4,1,0,0,0,0,0,1,0,1,0,0,0,2,0,0,0,0,0,0,0,0,4,0,0,0,0,0,0,0,0,0,0,1,0,0,0,3,5,11,1,3,1,0,3,0,0,66,0,1,0,1,4,0,1,0,4,2,3,14,0,0,0,0,146,1,0,0,12,0,0,3,31,4,0,0,106,1,2,13,15,1,1,0,3,0,10,1,1,0,0,35,2,1,0,2,0,0,4,1,1,1,1,4,0,0,4,0,0,1,0,0,0,0,0,0,0,0,0,0,0,0,0,0,0,1,0,6,124,0,0,0,1,5,13,1,11,20,2,0,0,0,0,2,4,10,4,2,1,0,0,0,0,4,145,0,0,5,6,0,1,0,0,0,0,1,0,0,0,4,1,0,0,0,0,2,0,0,34,0,1,0,2,0,0,0,1,1,0,0,1,42,1,0,20,0,0,8,0,51,0,0,0,0,1,0,0,0,1,14,0
176,1678,ESCOLA MUNICIPAL JARDIM EUROPA,"RUA HERMENEGILDO BONAT,  26",XAXIM,-25.50544158,-49.279486,57,0,2491,2150,174,86,0,0,2,5,25,0,2,1,0,1,1,0,28,1,1,0,0,3,0,2,0,1,0,12,1,1,0,7,0,1,1,17,0,0,0,22,0,1,0,1,13,0,0,0,0,0,0,0,0,0,3,0,0,0,3,0,0,0,0,1,5,32,0,0,0,0,21,0,13,0,1,2,0,0,40,27,0,0,10,1,2,3,2,0,3,0,0,0,25,2,5,1,0,0,0,0,0,0,0,0,0,0,0,0,0,0,0,0,59,0,0,0,0,1,0,0,0,0,0,0,0,2,0,0,0,3,1,2,72,1,0,6,56,2,0,0,6,59,0,0,0,0,0,8,0,0,0,1,0,0,0,0,1,20,0,0,1,0,0,0,0,1,0,0,0,0,0,2,0,1,2,3,0,0,0,0,10,0,0,0,0,3,15,0,0,0,0,0,0,0,0,0,0,0,0,0,0,0,0,7,0,0,1,0,1,1,0,0,0,0,0,0,0,0,0,0,0,0,8,0,0,1,0,0,0,0,0,0,0,0,0,0,0,1,0,1,1,0,0,234,0,0,0,0,0,0,0,0,3,0,0,0,0,0,0,0,0,0,0,0,0,0,0,0,0,0,1,9,2,2,0,0,0,0,0,0,0,0,0,0,0,0,0,5,74,5,0,0,0,0,0,1,21,0,0,0,0,0,1,0,1,0,13,0,0,1,4,1,0,1,8,0,0,7,2,3,0,0,0,0,0,0,0,0,0,0,0,0,0,0,0,0,0,0,0,0,0,0,1,0,0,0,0,0,3,0,0,0,0,0,0,0,0,0,0,0,0,0,0,0,0,0,0,1,8,0,1,0,3,3,0,0,0,0,0,2,0,0,0,0,0,0,0,3,0,0,0,0,0,0,0,0,0,0,0,0,0,0,0,0,0,0,0,0,0,0,0,0,0,0,0,0,1,0,1,1,0,0,0,0,0,0,0,0,0,2,0,0,0,1,0,1,0,0,0,0,0,0,0,0,0,0,0,0,0,0,0,0,0,0,0,8,0,1,0,0,0,0,0,0,0,0,0,0,0,0,2,1,3,0,0,1,0,2,0,0,50,1,1,0,0,3,0,0,0,1,0,1,4,2,0,0,0,89,0,0,0,24,0,0,0,20,0,3,1,93,0,2,14,7,0,3,0,2,1,2,0,0,0,0,23,0,0,0,0,0,0,1,4,0,0,0,2,0,0,0,0,2,0,0,0,1,0,0,0,0,0,0,0,0,0,0,0,0,0,0,8,88,0,0,0,0,2,2,0,10,12,0,2,0,0,1,0,3,8,7,0,0,0,4,1,1,4,67,0,0,1,0,0,0,0,0,0,1,0,0,0,0,3,0,0,0,0,0,0,0,1,19,0,0,0,2,1,0,0,1,0,0,0,0,43,0,0,11,0,0,4,0,52,0,0,1,0,0,0,6,0,0,6,0
177,1260,UTFPR - UNIVERSIDADE TECNOLÓGICA DO PARANA,"AVENIDA SETE DE SETEMBRO, 3165 -",REBOUÇAS,-25.4386589,-49.2686415,8,0,4167,3221,130,107,0,0,0,11,43,1,2,0,3,1,1,2,17,0,0,0,1,23,0,1,1,0,4,8,2,9,0,5,0,0,0,9,0,0,0,111,0,1,0,0,6,0,1,0,0,0,0,5,1,4,18,0,0,0,6,0,0,0,1,2,5,19,0,3,0,0,11,0,16,0,3,1,0,2,17,20,0,0,3,0,3,5,6,0,0,0,0,0,14,3,7,2,2,0,0,2,1,0,2,0,2,0,1,0,0,0,0,0,95,0,0,1,0,0,1,0,1,0,0,0,2,2,1,0,4,6,1,4,101,0,4,6,100,3,0,1,0,539,6,0,0,0,1,2,1,0,0,0,0,0,0,0,0,12,0,0,3,0,0,0,0,0,3,0,0,0,1,2,0,0,3,0,0,0,0,1,0,0,0,0,1,1,68,0,0,1,0,2,1,0,1,0,0,1,0,0,0,0,1,0,0,0,0,1,1,0,2,0,1,0,0,1,4,1,0,0,0,0,12,0,0,2,1,0,0,0,1,6,0,1,0,0,5,0,1,1,0,0,0,491,5,0,0,0,1,0,0,1,2,1,2,0,0,0,2,0,1,0,0,0,0,1,0,0,0,0,1,5,0,0,0,0,0,0,0,1,0,0,0,0,0,0,8,8,137,4,1,0,0,0,0,0,23,3,0,2,0,0,0,0,0,1,7,0,0,0,7,0,0,1,20,1,0,0,1,0,0,0,0,0,0,0,0,0,0,0,0,0,0,0,0,0,0,0,0,0,0,0,0,0,0,0,0,0,8,0,0,0,0,1,0,0,0,0,0,0,0,0,0,0,0,1,0,0,17,5,4,2,18,2,0,1,1,0,1,16,0,3,7,2,0,0,0,1,0,1,0,0,2,0,0,0,0,0,0,0,0,0,0,1,0,0,0,0,0,0,0,0,0,0,0,0,0,0,0,0,0,0,0,0,0,0,0,1,0,0,1,0,1,1,0,0,0,0,0,0,5,0,0,0,0,0,0,0,0,0,0,0,0,0,0,5,0,0,0,0,1,0,0,0,0,0,0,0,0,0,0,0,21,0,1,1,0,2,0,0,31,0,4,0,4,1,0,1,0,3,8,7,4,0,0,1,2,119,1,0,0,11,0,0,2,18,0,0,1,51,1,0,6,7,0,3,0,1,0,6,2,1,0,0,20,0,0,1,1,1,2,5,3,0,0,1,10,0,1,3,0,0,0,0,0,1,0,0,0,1,0,0,0,0,0,0,0,0,0,0,5,75,0,2,0,1,2,5,2,11,1,7,3,0,0,0,1,13,7,5,4,0,0,0,0,0,3,37,0,1,17,6,0,0,0,3,0,0,0,0,0,0,1,1,0,1,0,0,0,0,0,36,2,1,0,0,0,0,1,0,0,0,0,0,10,0,0,3,0,0,2,2,17,0,0,0,0,0,0,0,0,0,3,0
177,1279,ESCOLA ESTADUAL LAMENHA LINS,RUA LAMENHA LINS  2185,REBOUÇAS,-25.45468558,-49.26812439,8,0,2067,1663,84,59,0,0,2,0,24,1,2,0,0,2,0,0,11,2,0,0,0,6,0,0,0,1,2,5,1,2,0,0,0,1,1,2,1,0,0,12,0,0,0,0,3,0,1,0,0,0,0,2,0,5,5,0,0,0,0,0,0,0,1,7,0,33,0,5,0,1,7,0,15,0,0,0,0,0,16,12,2,0,2,0,1,1,2,0,5,2,0,0,12,0,2,1,0,0,0,2,3,0,2,0,2,0,0,0,0,0,0,0,68,0,0,0,1,0,0,0,2,0,0,0,1,0,0,0,0,3,1,1,46,0,0,8,61,1,0,0,0,119,2,1,0,1,2,0,0,0,0,0,0,0,0,0,0,17,0,0,0,1,0,0,0,0,0,0,0,0,0,0,0,0,1,0,0,0,0,1,1,0,0,0,0,2,10,0,0,0,2,0,0,0,0,0,0,2,0,0,0,0,0,0,0,0,0,0,0,0,0,0,0,0,0,0,1,0,0,0,0,1,5,0,0,1,0,0,0,3,0,2,0,0,0,0,0,0,0,0,1,0,0,270,1,0,0,0,0,0,2,1,2,0,0,0,0,0,1,1,0,0,0,0,0,0,0,0,0,0,0,2,0,0,0,0,0,0,0,1,0,0,0,0,0,0,0,3,78,4,0,1,1,1,1,1,11,0,0,1,0,1,2,0,1,0,6,0,0,1,4,0,0,1,8,0,0,1,2,0,0,0,0,0,0,0,1,0,0,0,0,0,0,0,0,0,0,0,0,0,0,0,0,0,0,0,0,0,2,0,2,0,0,0,0,0,0,2,0,3,0,0,0,0,0,0,1,0,3,2,0,0,2,2,1,0,0,0,0,5,0,2,1,0,0,0,0,0,0,0,0,0,1,0,0,0,0,0,0,0,0,0,0,0,0,0,0,0,0,1,0,0,1,0,0,0,0,0,0,0,0,0,0,0,0,2,0,0,0,1,0,0,2,0,0,0,0,0,0,0,0,0,2,0,0,0,0,0,0,0,1,0,0,0,0,3,0,0,0,0,2,0,0,0,0,0,0,0,0,0,0,2,5,0,2,2,0,0,0,0,17,0,5,0,0,0,0,1,0,0,1,6,3,0,0,0,0,82,4,0,0,13,0,0,3,18,5,0,1,35,0,1,6,1,0,1,0,6,1,4,0,1,0,0,15,0,0,1,1,0,0,5,4,0,0,0,4,0,0,0,0,0,0,0,0,0,0,0,0,0,0,0,1,0,0,0,0,0,2,0,3,54,0,0,0,0,1,7,0,15,3,5,0,0,0,0,2,6,7,2,0,0,0,0,0,1,0,30,0,4,4,2,0,0,0,0,0,0,0,0,0,0,1,0,0,0,0,0,1,0,0,17,4,0,0,0,0,0,0,0,0,0,0,0,4,1,0,5,0,0,3,0,17,1,0,0,0,0,0,2,0,0,5,0
177,1287,OPET - ORGANIZACAO PARANAENSE DE ENSINO TECNICO,"AVENIDA GETULIO VARGAS, 902",REBOUÇAS,-25.44338439,-49.26907979,8,0,2795,2263,87,53,0,1,1,5,33,0,0,0,0,3,1,0,14,2,0,0,0,12,0,1,0,0,1,5,2,3,1,3,0,1,0,12,1,0,0,68,0,1,3,0,7,0,0,0,0,0,0,1,0,1,9,0,0,0,3,0,0,0,0,4,0,24,0,8,0,0,21,1,16,0,0,0,0,1,16,13,0,1,9,0,5,3,1,0,0,1,5,0,12,2,4,0,0,1,0,0,1,0,0,0,2,0,1,0,0,0,0,1,70,0,0,0,0,0,0,0,1,0,0,0,3,2,0,0,0,2,0,3,69,0,2,5,64,0,0,0,2,178,4,0,0,1,0,0,0,0,0,0,0,0,0,0,0,11,0,0,2,0,0,0,0,2,1,0,0,0,0,1,0,1,3,0,0,0,0,0,1,0,1,0,0,1,34,0,2,0,0,0,0,0,0,0,0,0,0,0,0,0,0,1,0,0,0,0,0,0,0,0,0,0,3,0,0,0,0,0,0,0,4,0,0,0,0,0,0,1,0,2,0,0,0,0,1,1,1,3,0,0,0,477,6,1,3,0,0,0,0,2,0,2,1,0,0,0,0,0,0,0,0,0,0,1,0,0,0,0,3,7,1,0,1,2,0,0,0,1,0,0,0,0,0,0,2,1,98,4,0,1,2,0,2,0,15,1,1,0,0,2,0,0,0,2,13,0,0,0,4,0,0,1,16,0,0,0,1,0,1,0,0,0,0,0,0,1,1,0,0,0,0,0,0,0,0,0,0,0,0,0,0,2,0,0,0,0,9,0,0,0,0,0,0,0,0,0,0,0,0,0,0,0,0,1,1,0,14,3,2,0,5,2,1,0,0,0,0,6,0,2,3,0,0,0,0,0,3,0,0,0,1,0,0,0,0,0,0,0,0,0,1,0,0,0,0,0,0,0,0,0,0,0,0,0,0,0,0,0,0,0,0,0,0,1,0,0,0,0,2,0,1,0,0,0,0,0,0,0,3,0,0,0,0,0,0,0,0,0,0,0,0,0,0,1,0,0,0,0,0,0,0,0,0,1,0,0,0,0,0,1,5,0,8,0,0,0,0,0,26,0,0,0,1,4,2,0,0,0,4,10,3,0,0,1,0,87,1,0,0,19,0,0,1,17,1,0,1,46,1,2,8,7,0,1,0,2,0,13,0,1,0,0,29,0,1,0,1,2,0,0,3,1,0,0,3,0,0,0,0,0,1,0,0,0,0,0,0,0,0,0,0,0,0,0,0,0,1,0,3,71,0,0,0,0,1,8,0,23,1,8,3,0,1,1,0,21,11,1,4,0,0,0,0,0,0,23,0,3,1,1,0,0,0,0,0,2,0,0,0,0,5,0,0,0,2,0,2,0,0,17,2,0,0,0,0,0,0,0,0,0,0,0,2,0,0,2,0,0,2,0,10,0,0,0,0,1,0,1,0,0,2,0
177,1309,ESCOLA ESTADUAL GUAIRA,RUA LAMENHA LINS 1962,REBOUÇAS,-25.45312038,-49.26944167,8,0,1608,1288,49,52,0,0,0,4,14,0,1,0,0,1,0,2,16,2,0,0,0,2,0,0,0,1,1,4,0,0,0,1,0,0,0,6,0,0,0,15,1,0,0,0,9,0,0,0,0,0,0,1,1,3,1,0,0,0,1,0,0,0,0,12,4,22,0,3,0,0,5,0,9,0,0,1,0,0,10,13,0,0,3,0,1,2,0,0,0,0,1,3,6,0,5,0,0,0,0,0,0,0,0,0,0,0,1,0,0,0,0,0,47,0,0,0,0,0,0,0,0,0,0,0,1,0,0,0,0,0,1,0,48,0,0,2,55,2,0,4,2,75,1,0,0,0,0,0,0,0,1,0,0,0,0,0,0,4,0,0,1,0,0,0,0,0,0,0,0,0,0,0,0,0,0,0,0,0,0,0,1,0,0,0,0,1,15,0,0,0,0,0,0,0,0,0,0,0,0,0,0,1,1,2,0,0,0,0,0,0,0,0,0,1,2,0,0,0,0,0,0,0,6,0,0,0,0,0,0,0,0,0,0,0,1,0,2,0,0,0,0,0,0,218,1,0,0,0,0,0,0,1,0,0,0,1,0,3,0,1,0,0,0,0,0,1,0,0,0,0,2,3,0,0,0,0,0,0,0,0,0,0,0,0,0,0,0,1,99,1,1,1,0,0,0,0,7,0,0,0,0,0,0,0,0,0,9,0,0,0,1,0,0,0,7,0,0,0,2,0,0,0,0,0,0,0,0,1,0,0,0,0,0,0,0,0,0,0,0,0,0,0,0,1,0,0,0,0,7,0,1,0,0,2,0,0,0,0,0,0,0,0,0,0,0,0,1,1,1,0,0,0,2,0,1,0,0,0,2,3,0,0,0,0,0,0,0,0,1,0,0,0,0,0,0,0,0,0,0,0,1,0,0,0,0,0,0,0,0,0,0,0,0,0,0,0,0,0,0,0,0,0,0,0,0,1,0,0,0,0,0,0,0,0,0,0,1,0,0,0,0,0,0,0,0,0,0,0,0,0,0,0,0,0,0,0,0,0,0,0,0,0,1,0,0,0,1,0,0,0,0,0,4,0,3,0,0,0,0,0,18,0,1,0,0,0,0,0,0,0,1,6,2,2,0,1,0,65,0,0,0,5,0,0,4,10,0,0,0,26,0,0,2,5,0,0,0,2,1,6,1,0,0,0,14,0,0,0,0,0,1,5,8,0,0,0,2,0,0,0,0,0,0,1,0,1,0,0,0,1,0,0,0,0,0,0,0,0,0,0,8,26,0,0,0,3,0,1,1,4,4,3,1,0,0,0,0,2,5,0,2,0,0,0,0,0,0,21,0,1,3,4,0,0,0,0,0,0,0,0,0,0,3,0,0,0,0,0,3,0,0,11,0,0,0,1,0,0,0,0,0,0,0,0,5,0,0,4,0,0,2,0,15,0,0,0,0,0,0,0,0,0,2,0
177,1317,UNICURITIBA (CENTRO UNIVERSITÁRIO CURITIBA),"RUA CHILE, 1678",REBOUÇAS,-25.45041763,-49.26517144,8,0,3698,2902,150,80,0,3,4,9,34,2,1,2,1,3,0,0,19,0,1,0,0,14,0,0,0,0,3,5,5,4,0,5,0,0,2,17,1,0,0,36,0,0,0,0,12,1,0,3,0,0,1,0,0,3,14,0,0,0,7,2,0,1,0,12,2,30,0,7,0,0,21,0,15,1,2,7,0,0,32,33,0,0,7,1,4,6,6,0,0,1,2,0,21,3,3,2,1,1,0,2,0,0,0,0,0,0,2,0,0,0,0,0,129,0,0,0,0,0,1,0,0,0,0,0,4,3,0,1,0,2,0,3,105,0,0,4,83,7,0,2,5,197,2,0,0,0,0,0,0,0,0,1,1,0,0,0,0,17,0,0,0,1,0,0,0,0,5,0,1,0,0,0,0,0,1,0,0,0,0,0,0,0,0,0,0,7,49,0,0,0,0,0,0,0,0,0,1,0,0,0,0,0,2,0,0,0,0,1,0,0,4,0,0,2,2,0,0,1,0,0,0,0,8,0,0,3,1,0,0,1,0,3,0,1,1,0,0,0,0,1,1,0,0,484,4,0,0,0,0,0,0,1,0,1,0,1,0,0,0,0,0,0,0,0,0,0,0,0,0,0,0,7,1,0,0,1,0,0,0,1,0,0,0,0,0,0,2,7,152,8,3,0,1,0,1,0,11,2,1,2,0,1,1,1,1,0,13,1,0,0,1,0,0,1,14,1,0,0,0,3,0,0,0,0,0,0,1,1,0,0,0,0,0,0,0,0,0,0,0,0,0,0,0,0,0,0,0,0,9,0,0,0,0,1,0,0,0,1,0,0,0,0,0,0,1,0,0,1,10,2,4,0,13,1,2,0,1,0,0,15,0,2,4,1,0,0,0,0,0,0,0,0,2,1,2,0,0,0,0,1,0,0,0,1,0,0,0,0,0,0,0,0,0,0,0,0,0,0,2,0,0,0,0,0,0,3,0,0,0,0,0,0,1,0,0,0,0,0,0,0,0,0,0,0,0,0,0,0,0,0,1,0,0,0,0,3,0,0,0,0,0,0,0,0,0,0,1,0,2,0,4,3,6,0,0,0,0,0,0,0,33,0,3,1,1,4,0,0,0,3,2,7,5,0,0,0,0,138,3,1,0,19,0,0,2,28,4,1,0,63,0,0,4,13,0,0,0,1,0,17,2,6,0,0,20,2,1,0,2,0,1,4,4,0,0,0,7,1,0,0,0,0,0,0,0,0,0,0,0,0,0,0,0,0,0,0,0,0,0,0,1,84,0,3,1,1,1,7,2,19,5,15,0,0,0,4,1,17,12,4,4,0,0,0,1,0,1,51,0,0,5,1,0,0,0,1,1,0,0,0,0,0,1,1,0,0,0,0,1,0,0,35,1,1,0,2,0,0,0,1,0,0,0,0,6,1,0,6,0,0,2,0,31,0,0,0,0,0,0,0,0,1,2,0
177,1333,ESCOLA MUNICIPAL DESEMBARGADOR MARCAL JUSTEN,RUA SANTA CATARINA  710,ÁGUA VERDE,-25.46327505,-49.28299252,9,0,3528,2925,84,86,0,0,3,2,42,2,2,0,0,4,0,1,29,0,0,0,0,21,0,0,1,0,1,11,3,3,1,3,0,0,0,21,1,0,0,24,0,0,4,1,10,0,2,0,0,0,0,3,2,2,10,0,0,0,7,0,0,0,3,33,1,27,0,4,0,1,10,0,24,0,2,1,1,0,30,18,1,0,12,0,3,2,0,0,3,0,0,1,18,0,2,1,1,0,0,1,1,0,1,0,6,1,4,0,0,0,0,0,107,0,0,1,1,0,0,0,3,0,1,1,2,3,0,0,1,4,0,1,78,0,0,2,114,5,0,3,2,206,7,0,0,0,0,1,0,1,0,0,0,0,0,0,0,25,0,0,0,0,0,0,0,0,0,0,0,0,0,0,1,0,0,0,1,0,0,0,2,0,1,0,0,6,38,1,0,1,1,0,0,0,0,0,1,0,0,0,0,0,4,3,0,0,0,0,0,0,0,0,0,0,0,0,1,0,0,0,0,0,4,0,0,1,2,0,0,1,0,3,2,0,0,0,0,0,1,1,0,0,0,641,8,1,0,0,0,0,0,2,0,2,1,1,0,0,1,0,0,0,0,0,0,0,0,0,0,0,1,8,0,0,0,0,0,0,0,2,0,1,0,0,0,0,0,3,165,11,0,2,0,0,0,0,23,0,1,2,0,1,0,0,1,0,18,0,0,0,7,0,0,0,18,0,0,0,0,2,0,0,0,2,0,0,0,1,0,0,0,0,0,0,0,0,0,0,0,0,0,0,0,0,0,0,0,0,7,0,0,0,0,0,0,0,0,0,0,0,0,0,0,0,0,0,0,0,12,6,4,0,8,0,1,0,1,0,1,13,0,0,1,0,2,0,0,0,0,0,0,0,1,1,0,0,0,0,0,0,0,0,0,0,0,0,0,1,0,0,0,0,0,0,0,0,0,0,0,0,0,0,0,0,0,1,0,0,0,0,2,0,3,0,0,0,0,0,0,0,0,0,0,0,1,0,0,0,0,0,0,0,0,0,0,4,0,0,0,0,0,0,0,0,0,0,0,0,0,0,0,3,3,0,4,0,0,1,0,3,28,0,3,0,4,3,1,0,0,1,1,9,4,0,0,0,0,141,3,0,0,14,0,0,1,15,1,0,0,53,1,0,5,9,0,1,0,1,0,4,0,0,1,0,32,2,2,0,0,0,1,4,2,0,0,0,5,0,0,0,0,0,0,0,0,1,0,0,0,0,0,0,0,0,0,0,2,0,0,0,7,101,0,0,0,0,3,2,1,18,3,4,1,0,0,0,0,7,9,0,5,0,0,1,0,0,8,50,1,0,8,10,0,0,0,0,0,0,0,0,0,0,0,0,0,1,0,0,0,0,2,23,0,2,0,1,0,1,0,0,0,0,0,1,2,0,0,4,1,0,4,0,30,0,0,0,0,0,0,1,0,0,4,0
177,1341,COLÉGIO STELLA MARIS (AGUA VERDE),"RUA PARÁ, 186",ÁGUA VERDE,-25.46248566,-49.27846939,9,0,1816,1514,65,48,0,3,0,3,21,0,0,0,0,1,0,0,5,1,0,0,0,9,0,0,0,0,2,0,0,6,0,7,0,0,0,1,2,0,0,9,0,0,0,2,5,1,1,0,0,1,0,1,0,1,5,0,0,0,2,0,0,1,0,14,1,22,0,1,0,2,10,0,6,0,1,2,1,0,13,5,0,0,3,0,1,4,0,0,1,0,0,0,11,2,3,0,0,0,0,0,1,0,0,0,0,0,0,0,0,0,0,0,50,0,0,0,0,0,0,0,0,0,0,0,2,0,0,0,0,1,0,2,33,0,0,6,41,2,0,0,0,113,2,0,0,0,0,1,0,0,0,0,1,0,0,0,0,9,0,0,0,0,0,0,0,0,2,0,0,0,0,0,0,1,0,0,0,0,0,0,0,0,0,0,0,3,24,0,0,0,0,0,0,0,0,0,0,0,0,0,0,0,0,1,0,0,0,0,0,0,0,0,0,0,0,0,1,1,0,0,0,0,2,0,0,0,0,0,0,0,0,0,1,0,0,0,1,0,0,0,1,0,0,320,0,1,0,0,0,0,1,0,0,2,2,0,0,0,0,1,0,2,0,0,0,0,0,0,0,0,0,5,0,0,0,0,0,0,0,0,0,0,0,0,0,0,0,3,88,10,0,1,1,0,0,1,8,1,0,0,0,1,2,0,0,0,9,0,0,0,5,0,0,2,9,0,0,0,0,0,0,0,1,0,0,0,0,0,0,0,0,0,0,0,0,0,0,0,0,0,0,0,0,0,0,0,0,0,1,0,0,0,0,1,0,0,0,0,0,0,0,0,1,0,0,0,0,0,10,5,4,1,6,1,1,0,0,2,0,7,0,0,0,1,0,1,0,0,0,0,0,0,2,0,0,0,0,0,0,0,0,0,0,1,0,0,0,0,0,0,0,0,0,0,0,0,0,0,0,0,0,0,0,0,0,1,0,0,0,0,2,0,1,0,0,0,0,0,0,0,0,0,0,0,0,0,0,0,0,0,0,0,0,0,0,2,0,0,0,0,0,0,0,0,0,0,0,0,0,0,1,0,2,0,4,0,0,1,0,0,15,0,3,0,1,1,0,0,0,0,5,3,1,0,0,0,0,62,5,0,0,16,0,0,0,10,1,2,0,42,0,0,2,2,0,1,0,0,0,2,1,0,0,0,11,0,2,0,0,0,0,1,1,1,0,0,1,0,0,0,0,0,1,0,0,0,0,0,0,0,0,0,0,0,0,0,0,0,0,0,2,60,0,0,1,0,0,3,0,11,5,2,1,0,1,0,1,6,8,2,2,0,0,0,0,0,6,24,1,1,3,1,0,0,1,0,0,0,0,0,0,0,1,0,0,0,1,0,0,0,0,8,4,0,0,0,0,0,0,0,0,0,0,1,0,0,0,0,0,0,0,0,19,0,0,0,0,0,0,0,0,0,2,0
177,1350,ESCOLA ESTADUAL PROFESSOR LYSIMACO FERREIRA DA COSTA,AVENIDA IGUACU    3012,ÁGUA VERDE,-25.44967343,-49.29047436,9,0,5219,4290,124,119,0,1,1,9,39,1,2,1,5,1,0,1,26,1,0,0,0,25,0,0,0,0,4,9,3,4,1,3,0,0,1,27,0,2,0,10,0,0,0,3,1,2,2,0,0,3,0,2,0,3,19,0,0,0,4,0,0,0,0,12,1,107,0,8,2,0,25,0,23,0,5,4,0,0,27,24,0,0,3,0,4,18,4,0,4,5,1,1,21,3,9,2,0,0,0,0,0,0,0,1,1,1,0,0,1,0,1,0,127,1,0,0,0,0,0,0,0,0,0,0,5,3,0,0,2,8,1,2,83,0,0,8,137,2,0,1,0,274,2,0,0,0,0,0,0,1,0,0,0,0,0,0,0,8,0,1,0,0,0,1,0,0,1,0,0,0,0,0,0,2,0,0,0,0,0,0,0,0,0,0,0,5,59,0,0,1,1,0,0,0,1,0,1,0,0,0,0,0,0,6,0,0,0,1,0,0,3,1,0,0,4,2,1,0,0,0,0,0,11,0,0,3,0,0,0,0,1,6,5,0,0,0,1,0,1,0,0,0,0,1221,13,0,0,0,1,0,2,2,2,2,4,2,0,1,0,0,1,0,0,0,0,2,0,0,0,1,1,5,1,0,0,0,1,0,1,2,0,1,0,0,0,0,0,0,269,12,2,0,1,0,1,3,23,2,1,2,2,0,0,0,2,0,9,0,0,0,9,0,0,1,13,0,0,1,0,0,2,1,0,0,1,0,0,3,0,0,0,0,0,0,0,0,0,0,0,0,0,0,0,0,0,0,0,0,14,0,0,0,0,0,0,0,0,0,0,0,0,0,0,0,2,0,2,0,25,4,3,2,32,1,0,2,5,0,3,22,0,0,5,0,3,0,0,2,0,0,0,0,2,2,0,0,1,0,0,0,0,1,0,0,0,0,0,0,0,1,0,0,0,0,0,0,0,0,0,0,0,0,0,0,0,1,0,0,0,0,1,0,1,0,0,0,0,0,0,0,2,0,0,0,0,0,0,0,0,0,0,0,0,0,0,5,0,0,0,0,0,0,0,0,1,0,1,0,0,0,4,3,7,0,1,0,0,0,0,2,37,0,2,0,3,1,0,0,0,1,8,7,15,1,0,1,1,153,10,0,1,35,0,0,1,17,3,0,0,84,1,0,7,14,0,3,0,1,0,7,1,0,0,0,35,0,1,1,0,0,0,2,7,0,0,0,4,0,0,1,0,0,3,0,0,2,0,0,0,0,0,0,2,0,0,0,0,0,0,0,5,142,0,0,0,0,5,1,0,52,7,2,0,0,0,2,0,68,9,2,7,0,0,1,0,0,17,41,0,0,12,2,0,0,0,0,1,2,0,0,0,0,9,0,0,0,0,0,0,0,0,21,6,1,0,1,0,1,0,0,1,1,0,0,6,0,0,1,1,1,0,0,32,0,0,0,0,0,0,2,0,1,4,0
177,1368,COLEGIO SAGRADO CORACAO DE JESUS,AVENIDA IGUACU  1550,ÁGUA VERDE,-25.44473452,-49.27669345,9,0,6603,5304,185,123,0,0,1,5,46,0,6,0,0,2,0,1,45,2,0,0,0,37,0,0,0,1,5,13,2,1,0,13,0,0,0,15,2,3,0,15,0,0,5,1,4,1,2,0,0,0,0,5,1,3,11,0,0,1,10,0,0,0,1,7,1,115,0,9,0,0,36,0,24,0,1,4,0,0,35,23,2,0,5,0,3,20,2,0,2,0,4,1,27,2,13,1,0,2,0,0,0,0,3,0,8,0,2,0,0,0,0,0,166,0,0,0,0,0,0,0,2,0,0,0,5,1,2,0,3,7,0,0,123,0,2,10,121,3,3,1,7,380,2,1,0,1,1,0,0,0,0,1,1,0,0,0,0,13,0,0,1,0,0,0,0,0,2,0,0,0,1,2,0,9,0,0,0,0,0,0,2,0,0,0,0,8,112,0,0,0,0,1,0,0,0,0,1,3,0,0,0,0,0,5,0,1,1,2,0,0,0,0,0,0,4,0,2,0,0,1,0,0,6,0,0,7,0,0,0,0,0,6,2,1,1,0,0,0,1,2,0,0,0,1461,21,0,1,1,0,1,0,3,1,3,4,0,1,0,1,0,0,0,0,1,0,4,0,0,0,0,1,4,2,0,0,0,0,0,0,2,0,0,0,0,0,0,2,7,307,4,3,1,3,1,0,5,36,1,0,1,1,5,0,1,2,0,12,2,0,0,18,0,0,1,31,0,0,0,1,0,3,0,0,3,0,0,1,1,0,0,1,0,0,0,0,0,0,0,0,0,0,0,0,0,0,0,0,0,14,0,0,0,0,0,0,0,0,0,2,2,0,0,0,0,0,0,1,0,32,16,6,0,27,4,2,0,2,0,4,33,0,6,9,0,4,0,0,2,2,1,1,0,1,0,1,0,0,2,0,0,0,0,0,0,0,0,0,0,0,0,0,0,0,0,0,0,0,0,0,0,0,0,0,0,0,0,0,0,0,0,2,0,1,1,0,0,0,2,0,0,2,0,0,0,0,0,0,0,0,0,0,0,0,0,0,3,1,0,0,0,2,0,0,0,1,0,0,0,0,0,1,1,10,0,6,0,0,2,0,0,51,0,6,1,2,3,1,2,1,4,8,8,7,0,0,1,0,234,12,0,1,41,0,0,7,27,1,0,1,99,3,1,13,14,0,6,1,1,0,11,1,0,0,0,52,0,1,0,1,0,0,3,8,0,0,0,5,0,0,1,0,0,1,0,0,0,0,0,0,0,0,0,4,0,2,0,0,0,1,0,7,135,0,0,1,2,11,12,2,50,2,13,2,1,0,2,0,45,19,6,17,0,0,1,1,1,7,48,0,2,22,10,0,0,0,2,0,0,0,0,0,0,4,0,0,0,0,0,0,0,0,27,0,0,0,1,0,0,0,0,0,0,0,0,5,0,0,8,0,3,2,0,35,0,0,0,0,0,0,5,0,0,10,0
177,1384,ESCOLA ESTADUAL BARAO DO RIO BRANCO,RUA BRIGADEIRO FRANCO   2532,ÁGUA VERDE,-25.44247767,-49.27634705,9,0,2479,1975,80,49,0,0,0,5,25,0,0,0,0,1,0,1,16,1,0,0,0,10,0,0,0,2,3,4,1,4,0,2,1,0,0,5,1,0,0,12,0,0,1,0,3,0,3,1,0,0,0,4,0,1,12,0,0,0,1,0,0,0,0,3,1,44,0,2,0,0,13,0,12,0,0,2,0,0,22,8,0,0,5,0,0,2,0,0,1,0,4,0,16,0,6,7,0,2,0,2,0,0,0,0,3,0,0,0,0,0,0,0,58,0,0,0,0,0,0,0,1,0,0,0,0,0,0,0,1,3,0,0,39,0,1,7,49,1,0,2,0,189,1,0,0,0,0,0,0,0,0,0,0,0,0,0,0,13,0,0,0,0,0,0,0,0,0,0,0,0,0,0,0,3,5,0,0,0,0,0,0,0,0,0,0,4,41,0,0,1,0,0,0,0,0,0,0,0,0,0,0,0,0,3,0,0,0,0,0,0,0,0,0,0,1,0,1,0,0,0,0,0,1,0,0,3,0,1,0,0,0,6,0,0,0,0,1,0,1,2,0,0,0,472,10,0,0,0,0,0,0,2,0,1,3,0,0,0,0,0,0,0,0,0,0,0,0,0,0,0,1,1,0,1,0,0,0,0,0,0,0,0,0,0,0,0,3,1,119,3,0,0,0,0,0,0,11,1,1,3,0,0,0,0,0,0,6,0,0,1,3,0,0,0,11,0,0,0,0,1,2,0,0,0,0,0,0,0,0,0,0,0,0,0,0,0,0,0,0,0,0,0,0,1,0,0,0,0,2,0,0,0,0,0,0,0,0,0,0,0,0,0,0,0,0,0,0,0,10,1,5,3,16,1,1,0,0,1,0,8,0,3,5,0,1,0,0,1,0,0,0,0,1,0,0,0,0,0,0,0,0,1,0,0,0,0,0,0,0,0,0,0,0,0,0,0,0,0,0,0,0,0,0,1,0,0,0,0,0,0,0,0,0,0,0,0,0,0,0,0,0,0,0,0,0,0,0,1,0,0,0,0,0,1,0,3,0,0,0,0,0,0,0,0,0,0,0,0,0,0,1,0,7,0,1,0,0,0,0,0,12,0,3,0,0,1,0,0,0,0,9,4,4,0,0,0,0,54,2,0,1,7,0,0,1,6,0,0,0,35,1,0,1,5,0,1,1,1,0,8,0,0,0,0,20,0,0,1,1,1,0,0,4,1,0,0,1,0,0,0,0,0,0,0,0,0,0,0,0,0,0,0,0,0,0,0,0,0,0,0,5,50,0,1,0,0,2,0,1,34,2,4,0,0,0,1,1,22,9,2,4,0,0,1,0,0,2,17,0,0,3,5,0,0,0,0,0,0,0,0,0,0,3,0,0,0,0,0,0,0,0,12,4,1,0,0,0,1,0,0,0,0,0,0,3,0,0,2,0,0,1,0,15,0,0,0,0,1,0,1,0,0,3,0
177,1406,ESCOLA ESTADUAL JOAO TURIN,RUA ALMIRANTE GONCALVES  2800,ÁGUA VERDE,-25.45234795,-49.27892789,9,0,3334,2755,98,84,0,0,0,3,27,0,1,1,1,3,0,0,15,0,0,0,0,13,0,1,0,1,3,6,1,2,0,2,1,0,0,6,1,1,0,23,0,0,2,0,2,0,0,0,0,0,0,2,1,5,7,0,0,0,1,0,0,0,0,40,3,40,0,7,0,1,13,1,10,0,3,2,1,0,28,15,0,0,3,1,3,19,0,0,1,1,1,0,29,0,2,1,1,0,0,0,1,0,1,0,1,0,0,1,0,2,0,0,148,0,0,0,0,0,0,0,0,0,0,0,2,1,0,0,0,2,1,0,75,0,2,8,106,4,1,1,1,192,2,0,0,1,0,1,0,0,0,1,3,0,0,0,0,15,0,0,0,1,0,0,0,2,2,0,0,0,0,0,0,0,2,0,0,0,0,0,1,0,0,0,0,4,52,0,0,0,0,0,0,0,1,0,0,2,0,0,0,1,0,5,0,0,0,0,0,0,2,0,0,0,1,0,3,0,0,0,0,0,7,0,0,1,3,0,1,1,0,0,2,0,1,0,1,0,0,0,1,0,0,539,2,0,1,1,0,0,1,1,1,0,3,0,1,0,0,1,0,0,0,1,0,0,0,0,0,0,1,6,0,0,0,0,0,0,0,0,0,0,0,0,0,0,2,1,154,7,0,0,0,0,0,1,23,1,0,1,2,0,0,0,1,0,31,2,0,0,5,0,0,0,15,0,0,0,0,0,0,0,0,0,0,0,0,1,0,0,0,0,0,0,0,0,0,0,0,0,0,0,0,0,0,0,0,0,11,0,0,0,0,1,0,0,0,0,0,0,0,0,0,0,0,0,0,0,1,6,3,0,5,3,1,0,0,2,0,7,0,2,4,0,2,0,1,1,0,0,0,0,1,1,0,0,0,0,0,0,0,0,0,0,0,0,0,0,0,0,0,0,3,0,0,0,0,0,0,0,0,0,0,0,0,1,0,0,0,1,1,0,1,0,0,0,0,0,0,0,3,0,0,1,0,0,0,0,0,0,1,0,0,0,0,0,1,0,0,0,0,0,0,0,0,0,0,0,0,0,1,0,2,0,2,0,0,0,0,0,30,0,1,0,1,0,0,0,0,0,2,6,1,1,0,0,0,147,5,0,0,13,0,0,3,15,1,1,0,56,1,0,4,3,0,0,0,4,0,14,0,0,0,0,23,0,0,0,0,1,0,2,1,0,0,0,3,0,0,1,0,0,2,0,0,0,0,0,0,0,0,0,1,0,0,0,0,0,0,0,0,110,0,0,0,0,3,1,0,25,4,2,3,0,0,2,0,15,8,3,5,0,0,0,0,0,3,40,0,3,16,9,0,0,1,0,1,1,0,0,0,0,1,0,0,0,0,0,0,0,0,19,1,0,0,0,0,1,0,0,0,0,0,1,6,0,0,8,0,0,0,0,24,0,0,0,0,0,0,5,0,0,5,0
177,1430,COLÉGIO POSITIVO (ÁGUA VERDE),"RUA PEDRO MENA BARRETO MONCLARO, 411",ÁGUA VERDE,-25.44987525,-49.27470485,9,0,3294,2765,100,76,0,0,1,10,24,2,1,0,0,1,0,1,17,1,0,0,0,21,0,0,0,0,1,5,1,2,1,2,0,0,0,12,3,0,0,9,0,0,1,0,4,0,1,0,0,0,0,4,1,7,7,0,0,0,4,0,0,0,1,22,0,35,0,4,0,0,19,0,7,0,1,3,0,1,30,22,0,0,1,0,4,7,0,0,0,0,1,0,17,3,4,0,1,0,0,0,0,0,1,0,2,0,1,0,0,0,0,0,101,0,0,0,1,0,0,0,1,0,0,0,3,2,2,0,0,3,0,0,73,0,2,3,84,2,0,1,2,185,3,0,0,0,0,0,0,0,0,0,1,1,0,0,0,12,0,0,0,0,0,0,0,1,2,0,0,0,0,0,0,0,2,0,0,0,0,0,1,0,0,1,0,4,66,0,0,0,0,0,0,0,0,0,1,2,0,0,0,0,1,2,0,0,0,0,1,0,0,0,0,0,0,0,0,0,0,0,0,0,4,0,0,2,0,0,0,0,0,1,0,2,0,0,0,1,0,0,1,0,0,671,1,1,0,0,0,0,0,1,0,2,1,0,1,0,0,0,0,0,0,0,0,1,0,0,0,1,0,3,1,0,0,0,0,0,0,0,0,0,0,0,0,0,1,4,157,4,0,0,0,0,4,1,16,2,1,1,1,1,0,0,0,1,16,0,0,0,8,0,0,1,17,1,0,2,0,0,1,1,0,0,0,0,0,2,0,0,0,0,0,0,0,0,0,0,0,0,0,0,0,0,0,0,0,0,6,0,0,0,0,0,0,1,0,0,0,0,0,0,0,0,0,1,0,0,16,10,1,1,5,3,2,1,0,0,0,12,0,1,2,1,1,0,0,0,0,0,0,0,0,0,2,0,0,0,0,0,0,0,0,2,0,0,3,0,0,0,0,0,0,0,0,0,0,1,0,0,0,0,1,0,0,3,2,0,0,1,0,0,1,0,0,0,0,0,0,0,0,0,0,0,0,0,0,0,0,0,0,0,1,0,0,2,1,0,0,0,0,0,0,0,0,0,0,0,0,0,2,0,5,0,3,2,0,0,0,1,37,0,3,0,2,0,1,2,0,1,2,10,8,0,0,0,0,112,1,0,0,27,0,0,0,23,0,0,0,49,0,0,5,4,0,0,1,1,0,7,0,0,0,1,20,0,1,0,0,0,1,3,5,1,0,0,0,0,0,0,0,0,0,0,0,2,0,0,0,0,0,0,0,0,0,0,0,0,0,0,5,83,0,1,0,0,3,4,1,41,3,1,2,0,0,2,1,22,10,4,2,0,0,3,0,0,9,44,0,0,1,7,0,1,0,0,0,1,0,0,0,0,11,0,0,0,0,0,0,0,1,17,0,1,0,0,0,2,0,0,0,0,0,0,2,0,0,4,1,0,0,0,25,1,0,2,0,0,0,1,0,0,8,0
177,1554,FACULDADE CURITIBANA (SPEI - AGUA VERDE),"AV. REPUBLICA ARGENTINA, 1285",ÁGUA VERDE,-25.45776939,-49.28864442,9,0,4338,3548,142,103,0,0,1,4,37,0,1,0,0,3,0,2,23,0,0,0,0,30,0,0,0,0,2,8,5,4,0,8,0,0,0,7,1,0,0,22,1,0,0,0,4,0,7,0,0,0,0,3,2,3,12,0,0,0,3,0,0,0,0,3,3,60,0,6,0,0,17,1,18,0,2,6,0,0,24,9,0,0,7,0,2,6,4,1,1,2,5,1,19,5,6,3,0,1,0,0,0,0,5,0,2,0,3,0,1,0,0,0,106,0,0,0,0,0,0,0,1,0,0,0,3,0,0,0,1,5,1,1,102,0,1,10,115,0,0,1,1,262,0,0,0,2,0,2,0,0,0,2,0,0,0,0,0,13,0,0,3,2,0,0,0,0,1,0,0,0,0,0,2,0,4,0,0,0,0,0,0,0,1,0,0,8,76,0,0,0,1,0,0,0,0,0,0,2,0,0,0,0,2,6,0,0,0,0,0,0,0,1,0,0,2,0,1,0,0,1,0,0,5,0,0,2,1,0,0,0,0,2,0,0,1,0,1,1,0,0,0,0,0,802,4,2,0,0,0,0,1,3,1,1,0,1,0,0,0,0,0,0,0,0,0,0,0,0,0,0,2,14,2,0,0,0,0,0,0,0,0,0,0,0,0,0,4,2,230,6,4,0,0,1,2,1,35,3,0,0,3,1,0,0,0,0,13,0,0,0,3,0,0,2,12,1,0,0,2,1,0,0,2,0,0,0,0,0,0,0,0,0,0,0,0,0,0,0,0,1,0,0,0,0,0,0,3,0,25,0,0,0,0,0,0,0,0,0,0,0,0,0,0,0,0,1,0,0,19,4,5,0,10,4,2,0,0,0,4,22,0,2,2,0,0,1,0,2,0,2,0,0,5,0,0,0,0,0,0,0,2,0,0,1,0,0,0,0,0,1,0,0,1,0,0,0,0,0,0,0,0,0,1,0,0,2,0,0,0,0,1,0,2,2,0,0,0,0,0,0,0,0,1,0,0,0,0,0,0,0,0,0,0,0,0,3,2,0,0,0,1,0,0,0,0,0,0,0,1,0,1,1,13,0,1,1,0,3,0,0,49,0,9,0,4,4,0,1,0,0,6,4,7,1,0,3,2,115,1,0,0,21,0,0,2,26,0,1,0,69,0,0,7,9,0,2,0,3,0,7,0,0,0,0,32,0,1,1,2,0,0,4,3,1,0,0,3,0,0,1,0,0,0,0,0,0,0,0,0,0,0,0,0,0,0,0,0,0,0,0,3,156,0,0,1,1,6,4,2,28,3,6,1,0,0,1,0,10,12,0,5,0,0,0,1,0,12,52,0,1,10,7,0,0,1,1,1,1,0,0,0,0,2,1,0,0,0,0,0,0,0,19,0,0,0,1,0,0,0,0,0,0,0,0,6,0,0,3,0,5,0,0,42,0,0,0,0,0,0,0,0,0,10,0
177,1686,CLUBE CURITIBANO (SEDE ADMINISTRATIVA),"RUA PETIT CARNEIRO, 970",ÁGUA VERDE,-25.4505693,-49.28640043,9,0,9195,7399,225,154,0,1,3,13,84,0,5,2,6,4,0,0,46,2,0,0,0,53,0,0,0,4,6,13,2,13,0,8,0,1,1,21,2,3,0,39,0,1,4,2,11,0,3,1,0,0,0,10,3,10,28,0,0,0,15,0,0,3,1,22,1,106,0,6,0,2,54,2,28,0,10,1,0,0,60,39,1,1,12,0,6,20,2,2,5,7,3,2,41,1,19,4,0,0,0,1,2,0,6,0,9,0,1,0,0,0,0,3,207,0,0,0,0,0,0,0,1,0,1,0,4,0,2,0,4,15,0,2,174,0,3,14,195,3,0,3,8,741,12,0,0,2,1,3,0,0,0,3,2,1,0,1,0,19,0,0,1,0,0,0,0,3,5,1,1,0,1,2,0,2,2,0,1,0,0,1,3,0,2,0,0,10,147,1,0,0,1,1,0,0,0,0,0,0,0,1,0,0,1,8,0,0,2,0,0,0,3,0,0,2,1,0,0,1,0,1,0,0,17,0,0,3,2,0,0,0,0,8,2,0,0,0,1,1,0,1,0,0,0,1838,8,3,0,0,0,2,0,8,1,11,3,0,0,0,4,0,0,1,0,3,0,4,0,0,0,2,9,17,1,1,0,0,0,0,0,3,0,0,0,0,0,0,6,3,409,18,3,5,1,0,2,5,46,3,0,2,4,1,1,0,0,1,19,0,0,0,10,0,0,0,39,2,0,0,4,0,7,0,1,2,0,0,1,5,0,1,0,0,0,0,0,0,0,0,0,0,0,0,0,0,0,0,1,0,22,0,0,0,0,2,0,0,0,0,0,0,0,0,0,0,0,1,0,1,47,11,7,1,49,23,3,3,3,0,1,54,0,19,6,2,4,1,1,4,1,0,0,0,4,3,0,0,0,0,0,0,0,0,0,0,0,0,1,0,0,0,0,0,2,0,0,0,1,1,0,0,0,0,0,0,0,2,0,0,0,2,2,1,2,0,0,0,0,0,0,0,5,0,1,0,0,0,0,0,0,0,0,0,0,0,0,3,1,0,0,0,2,1,0,0,0,0,1,0,0,1,2,0,22,0,2,0,0,0,0,0,79,0,9,0,2,1,0,2,0,1,18,18,10,1,0,3,0,301,6,0,0,41,0,0,8,29,1,2,0,136,1,0,6,22,0,4,0,5,0,27,0,0,0,0,72,1,2,0,1,0,1,8,8,6,0,0,4,0,0,1,0,0,1,0,0,3,0,0,0,0,0,0,3,0,0,0,0,1,0,1,6,211,0,1,0,0,12,5,8,73,0,5,0,1,1,2,1,103,15,3,7,0,0,1,1,0,20,87,0,0,14,11,1,1,0,1,0,1,0,0,1,0,9,0,0,0,3,2,2,0,0,45,2,0,0,0,0,1,0,0,0,0,0,0,15,0,0,7,3,1,1,1,59,0,0,0,0,2,0,3,0,1,11,0
177,1740,ESCOLA MUNICIPAL MIGUEL KRUG,"RUA MORRETES, 1115",GUAIRA,-25.47480497,-49.286212570000004,27,0,1549,1307,63,40,0,0,0,4,12,0,1,0,0,0,0,0,10,1,0,0,0,4,0,1,0,3,2,3,0,2,0,4,0,1,0,5,0,0,0,19,0,0,0,0,4,0,1,0,0,0,0,0,0,0,2,0,0,0,5,1,0,1,0,6,0,18,0,2,1,0,3,0,11,0,4,1,0,0,12,3,0,0,9,0,0,2,3,1,1,0,1,0,10,1,4,3,1,0,0,0,0,0,0,0,1,0,0,0,1,0,0,0,33,0,0,0,0,0,0,0,0,0,0,0,0,2,0,0,0,0,2,0,44,0,0,2,56,3,0,0,3,70,3,0,0,0,0,0,0,0,0,0,1,0,0,0,0,3,0,0,0,0,0,0,0,0,0,0,0,0,0,0,0,0,0,0,0,0,0,0,1,0,1,0,0,0,27,0,0,0,0,1,0,0,0,0,0,1,0,0,0,0,1,1,0,0,0,0,0,0,1,0,0,0,0,0,0,0,0,0,0,0,3,0,0,0,0,0,0,0,0,2,0,0,0,0,0,1,0,0,0,0,0,211,2,0,0,0,1,0,0,0,1,1,0,0,0,0,0,0,0,0,0,0,0,0,0,0,0,0,0,4,0,0,0,0,0,0,0,0,0,0,0,0,0,0,0,0,58,5,0,1,0,0,0,0,10,0,0,0,0,0,0,0,0,0,12,0,0,0,1,0,0,0,6,0,0,4,2,0,0,0,0,0,0,0,0,0,0,0,0,0,0,0,0,0,0,0,0,0,0,0,0,0,0,0,0,0,5,0,0,0,0,0,0,0,0,1,0,0,0,0,0,0,1,0,0,0,1,3,0,1,5,2,1,0,0,0,0,3,0,0,0,0,0,0,0,1,0,0,0,0,0,0,0,0,0,0,0,0,1,0,0,0,0,0,0,0,0,1,0,0,0,0,0,0,0,0,0,0,0,0,0,0,0,0,0,0,0,0,0,0,4,3,0,0,0,0,0,0,2,0,0,0,0,0,0,0,0,0,0,0,0,0,0,11,0,0,0,0,0,0,0,0,0,0,0,0,0,0,1,0,0,0,3,0,0,0,0,0,15,1,1,0,0,1,0,0,0,0,1,1,2,0,0,0,0,70,2,0,0,2,0,0,1,10,0,0,0,58,0,2,7,1,0,0,0,0,0,4,1,0,0,0,10,0,0,0,0,0,0,4,0,0,0,0,3,0,0,0,0,0,0,0,0,0,0,0,0,0,0,0,1,0,0,0,0,0,0,0,2,45,1,0,0,0,0,7,3,7,2,2,0,0,1,0,0,2,5,2,0,0,0,1,1,0,7,36,0,0,1,2,0,0,0,1,0,1,0,0,0,0,1,0,0,0,0,0,0,0,0,13,0,0,0,2,0,0,0,0,0,0,0,0,9,0,0,6,0,1,1,0,24,0,0,0,0,0,0,2,0,0,2,0
177,1759,COLÉGIO ESTADUAL HILDEBRANDO DE ARAÚJO,"AV PREFEITO OMAR SABBAG, N. 721",JARDIM BOTANICO,-25.44097847,-49.24934747,7,0,3102,2472,98,74,0,2,2,8,28,1,0,1,2,0,1,0,17,0,0,0,0,8,0,0,0,0,5,10,0,3,0,11,0,0,1,12,0,1,0,21,0,0,0,0,8,0,1,0,0,0,0,4,0,1,7,0,0,0,7,0,0,0,0,1,7,30,0,4,0,0,5,0,15,0,0,1,0,0,30,11,2,1,9,0,4,8,0,0,2,2,0,3,13,0,2,1,1,0,0,3,0,0,1,0,0,0,2,0,0,0,1,2,100,0,0,0,0,0,0,0,0,0,0,0,1,0,2,1,1,10,2,3,126,0,0,5,68,9,2,1,1,123,2,0,0,1,0,1,2,0,0,0,0,0,0,0,0,17,0,0,1,0,0,0,0,0,1,0,0,0,0,0,0,0,4,0,0,0,0,2,2,0,0,0,0,0,33,0,0,1,0,0,0,0,0,0,2,2,0,0,0,0,0,1,0,0,0,0,0,0,1,0,0,0,1,0,1,0,0,0,0,0,2,0,0,4,0,0,0,0,0,2,0,0,0,0,4,3,0,1,0,0,0,454,2,0,0,0,0,0,0,0,1,0,3,0,2,0,1,0,0,0,0,0,0,0,0,0,0,0,0,8,1,0,0,2,0,0,0,2,0,0,0,0,0,0,1,1,130,6,0,1,0,2,0,0,23,2,0,0,1,0,2,0,0,0,11,0,0,0,7,1,0,0,10,0,0,0,0,5,0,0,0,0,0,0,0,1,0,0,0,0,0,0,0,0,0,0,0,0,0,0,0,0,0,0,0,0,15,0,0,0,0,0,0,0,0,0,0,0,0,0,0,0,0,0,0,0,9,1,1,0,14,6,0,1,1,0,0,3,0,1,1,0,1,0,0,2,0,0,0,0,2,0,0,1,0,0,0,0,0,0,0,1,0,0,0,0,0,0,0,0,0,0,0,0,0,0,0,0,0,0,0,0,0,0,0,0,0,0,2,0,0,0,0,0,0,0,0,0,2,0,0,0,0,0,0,0,0,0,0,0,0,0,0,5,0,0,0,0,4,0,0,0,0,0,0,0,1,0,0,1,6,0,5,0,0,0,0,0,33,0,1,0,2,0,0,0,0,1,0,7,3,0,0,0,0,90,2,0,0,18,0,0,2,22,0,0,0,50,2,0,7,7,0,2,1,1,0,10,1,3,1,0,24,0,2,2,1,0,3,2,2,0,0,0,2,5,0,0,0,0,0,0,0,5,0,0,0,6,0,0,0,0,0,0,0,0,0,0,8,58,0,0,0,0,1,9,3,28,4,65,0,0,0,2,2,11,5,1,3,0,0,0,0,0,3,30,1,0,3,4,0,0,0,1,0,1,0,0,0,0,0,1,0,0,0,0,0,0,0,60,1,0,0,0,0,0,0,0,0,0,0,0,14,0,0,2,0,0,3,0,19,0,0,0,0,0,0,0,0,0,2,0
177,1767,COLÉGIO POSITIVO - JARDIM AMBIENTAL,RUA ITUPAVA 985,ALTO DA RUA XV,-25.42128662,-49.25055304,17,0,3730,3047,113,64,0,0,1,6,38,0,2,0,0,0,0,0,17,2,0,0,0,19,0,0,0,0,2,4,3,5,0,4,0,0,1,4,3,0,0,15,0,0,1,2,5,0,0,0,0,0,0,2,0,4,9,0,0,0,4,0,0,1,0,7,1,42,0,2,0,0,18,2,20,0,4,1,0,0,17,22,0,0,4,0,8,5,2,0,0,0,3,3,17,3,9,3,0,1,0,1,0,0,0,0,0,0,1,0,0,0,0,0,119,0,0,0,0,0,0,0,0,0,0,0,1,4,0,1,2,8,2,4,104,0,1,11,119,1,0,2,3,284,8,0,0,0,2,1,0,0,0,0,1,0,0,0,0,15,0,0,0,0,0,0,0,3,2,0,0,0,1,1,0,0,3,0,0,0,0,1,0,0,0,0,0,6,67,0,0,0,0,1,0,0,0,0,0,1,0,0,0,0,5,0,0,0,0,0,2,3,1,0,0,2,0,0,0,1,0,0,0,1,13,0,0,6,0,0,0,0,0,0,1,0,0,0,0,0,1,4,0,0,0,638,9,0,3,0,1,0,0,5,0,1,0,0,0,2,0,0,0,0,0,0,0,2,0,0,0,0,0,8,2,0,0,0,0,0,0,0,0,0,0,0,0,0,3,5,171,6,0,0,0,0,0,3,23,3,3,2,1,0,2,0,0,0,8,0,0,0,1,0,0,0,10,2,0,0,0,0,0,0,0,2,0,0,0,0,0,0,0,0,0,0,0,0,0,0,0,0,0,0,0,1,0,0,0,0,14,0,0,0,0,0,0,0,0,0,0,0,0,0,0,0,0,0,0,0,25,0,7,1,11,4,2,0,0,0,1,14,1,0,5,0,0,0,0,2,0,0,0,0,2,0,0,0,0,1,0,0,0,0,0,2,0,0,0,0,0,0,0,0,0,0,0,0,0,0,0,0,0,1,0,0,0,0,0,0,0,0,3,0,0,1,0,0,0,0,0,0,0,0,2,0,0,0,0,0,0,0,0,1,0,0,0,5,0,0,0,0,0,0,0,0,0,0,0,0,0,0,0,0,5,0,3,1,0,1,0,0,25,0,4,0,1,0,0,0,0,1,2,9,4,0,0,2,0,103,4,0,0,30,0,0,4,16,1,0,2,55,0,0,5,7,0,0,0,1,0,10,2,0,0,0,24,0,1,0,0,0,0,4,6,0,0,0,3,2,0,1,0,0,0,0,0,2,0,0,0,0,0,0,4,0,0,0,0,0,0,0,13,82,0,1,0,1,2,2,0,42,3,14,0,0,0,1,0,10,7,1,1,0,0,1,1,0,2,38,0,2,15,7,1,0,0,1,0,0,0,0,0,0,3,0,0,0,1,0,1,0,0,36,2,0,2,0,0,1,0,0,0,0,0,1,8,0,0,7,1,1,2,0,13,0,0,0,0,1,0,2,0,0,4,0
177,1783,COLEGIO DECISIVO (CENTRO),"RUA COMENDADOR ARAUJO, 327",CENTRO,-25.43571107,-49.27899158,1,0,2047,1604,70,37,0,0,2,3,32,0,0,0,1,2,1,1,8,1,0,0,0,10,2,0,0,0,3,3,0,3,0,1,0,1,0,7,0,0,0,6,0,0,0,0,0,0,1,0,0,0,0,2,0,5,8,0,0,0,2,0,0,0,0,0,0,14,0,5,0,0,8,0,8,0,1,0,0,0,12,13,1,0,0,0,0,6,3,0,0,0,0,0,6,2,4,3,0,0,0,1,0,0,0,0,4,0,1,0,0,0,1,1,37,0,0,0,0,0,0,0,0,0,0,0,1,0,0,0,0,8,0,0,68,0,0,3,44,3,2,0,1,280,6,1,0,0,0,0,0,0,0,0,0,0,0,0,0,6,0,0,0,0,0,1,0,0,2,0,0,0,0,0,0,2,2,0,0,0,0,0,0,0,0,0,2,2,32,0,0,0,0,0,0,0,0,0,0,1,0,0,0,0,0,1,0,0,0,0,0,1,3,3,0,1,1,0,0,0,0,0,0,0,1,1,0,1,1,0,0,0,0,0,0,0,0,0,0,0,0,1,0,0,0,276,2,1,0,0,0,0,0,0,0,1,3,2,0,0,0,0,0,0,0,0,0,0,0,0,0,0,1,3,1,0,0,0,0,0,0,2,0,0,0,0,0,0,2,4,66,3,0,0,0,0,0,0,8,1,1,0,0,0,0,0,0,0,1,2,0,0,0,0,0,2,3,1,0,0,0,1,1,0,0,0,0,0,0,0,0,0,0,0,0,0,0,0,0,0,0,0,0,0,0,1,0,0,0,0,5,0,0,0,0,0,0,0,0,0,0,0,0,0,0,0,1,2,0,0,4,5,2,1,11,1,1,0,0,0,3,9,0,1,3,0,1,0,0,1,0,1,0,0,1,0,0,0,0,0,0,0,0,0,0,0,0,0,0,0,0,0,0,0,0,0,0,0,0,0,0,0,0,0,0,0,0,0,0,0,0,0,0,0,0,0,0,0,0,0,0,0,0,0,0,0,0,0,0,0,0,0,0,0,0,0,0,0,0,0,0,0,1,0,0,0,0,0,0,0,0,0,0,1,19,0,6,0,0,1,0,0,13,0,2,1,0,0,0,0,0,1,1,3,1,0,0,0,1,49,6,0,0,10,0,1,2,5,0,1,0,20,0,0,2,9,0,3,0,0,0,4,0,0,0,0,12,0,0,0,0,0,1,2,5,0,0,0,5,1,0,0,0,0,0,0,0,0,0,0,0,0,0,0,0,0,0,0,0,0,1,1,3,30,0,1,0,0,5,2,1,11,1,3,0,0,0,1,0,8,5,0,5,0,0,1,0,0,2,14,0,0,11,8,0,0,0,0,0,0,0,0,0,0,3,0,0,0,0,0,0,0,2,12,1,1,0,0,0,0,0,0,0,0,0,0,1,0,0,3,0,1,0,0,6,0,0,0,0,0,0,2,0,0,2,0
177,1791,UFPR -  SETOR DE CIÊNCIAS SOCIAIS APLICADAS,"AVENIDA PREFEITO LOTHÁRIO MEISSNER, 632",JARDIM BOTANICO,-25.44473588,-49.2385769,7,0,1929,1494,77,45,0,0,0,5,15,0,0,0,0,2,0,2,11,1,0,0,0,8,0,1,0,0,0,1,1,4,0,3,0,1,0,8,0,1,0,12,0,0,0,0,4,0,0,0,0,1,0,2,0,0,3,0,0,0,1,0,0,0,0,5,5,11,0,5,0,0,5,1,6,0,0,1,0,0,16,4,0,0,6,0,1,3,0,0,0,1,2,1,7,2,3,1,0,0,0,1,0,0,0,0,5,1,0,0,1,0,0,1,57,0,1,0,0,0,0,0,0,0,0,0,1,0,0,0,1,2,0,0,45,0,1,3,51,1,1,0,1,161,2,0,0,0,0,1,0,0,0,1,1,0,0,0,0,4,0,0,0,0,0,0,0,0,0,0,0,0,0,0,0,1,1,0,0,0,0,0,0,0,0,0,0,0,22,0,0,0,0,0,0,0,0,0,0,2,0,0,0,0,0,1,0,0,0,0,0,0,1,0,0,1,3,0,1,0,0,0,0,0,2,0,0,1,0,0,0,1,0,1,0,0,0,0,0,0,0,1,0,0,0,267,2,0,0,0,0,0,0,0,0,0,1,0,1,0,0,0,0,0,0,0,0,0,0,0,0,0,1,3,0,0,0,1,0,0,0,0,0,2,0,0,0,0,1,1,56,6,0,0,0,0,0,4,13,0,1,0,0,2,0,0,0,0,8,0,0,0,3,0,0,0,5,1,0,0,0,0,0,0,0,0,0,0,0,0,0,0,0,0,0,0,0,0,0,0,0,0,0,0,0,0,0,0,0,0,7,0,0,0,0,0,0,0,0,0,0,0,0,0,0,0,0,0,0,0,6,2,2,0,8,2,1,0,1,0,1,4,0,1,0,2,0,0,0,2,0,0,0,0,3,0,0,0,0,0,0,0,0,0,0,0,0,0,0,0,0,0,0,0,0,0,0,0,0,0,0,0,0,0,0,0,0,1,0,0,0,0,0,0,2,2,0,0,0,0,0,0,0,0,0,0,0,0,0,0,0,0,0,0,0,0,0,0,0,0,0,0,2,0,1,0,0,0,0,0,0,0,0,0,3,0,3,1,0,2,0,0,14,0,0,0,0,0,0,0,0,2,3,5,3,1,0,0,0,71,2,0,0,10,0,0,3,16,0,0,0,27,1,0,5,2,0,0,0,1,0,7,0,0,2,0,8,0,0,1,1,0,0,4,1,1,0,0,3,0,0,0,0,0,0,0,0,3,0,0,0,1,0,0,0,0,0,0,0,0,0,0,3,41,0,0,0,0,4,2,1,11,0,7,3,0,0,0,2,11,4,3,1,0,0,0,0,0,0,27,0,0,8,4,0,0,0,0,0,0,0,0,0,0,0,0,0,0,0,0,0,0,0,24,4,1,0,2,0,1,0,0,0,0,0,0,7,0,0,0,1,1,0,0,5,0,0,0,0,0,0,1,0,0,1,0
177,1805,SOCIEDADE THALIA,R COMENDADOR ARAUJO 338,CENTRO,-25.43604408,-49.27890618,1,0,1278,1035,33,31,0,0,0,0,11,0,0,0,0,2,0,0,3,0,0,0,0,8,0,0,0,0,1,1,1,0,0,3,0,2,0,4,1,0,0,5,0,0,0,0,1,0,1,0,0,0,0,1,0,1,2,0,0,0,6,1,0,3,0,2,0,20,0,2,0,1,6,0,7,0,0,0,0,0,10,7,0,0,0,1,0,5,0,0,1,0,0,1,4,0,3,1,0,0,0,1,2,0,0,0,2,0,0,0,0,0,0,0,27,0,0,0,0,0,0,0,0,0,0,0,0,1,0,0,2,1,0,0,34,0,0,6,30,0,1,0,0,102,1,0,0,1,1,0,0,0,0,0,0,0,0,0,0,4,0,0,0,0,0,0,0,1,0,0,0,0,0,0,0,0,0,0,0,0,0,0,0,0,0,0,0,2,6,0,0,0,0,0,0,0,0,0,0,1,0,0,0,0,0,3,0,0,0,0,0,3,1,0,0,0,0,0,0,0,0,0,0,0,0,0,0,1,0,0,0,0,0,0,0,0,0,0,1,0,0,0,0,0,0,238,1,0,0,0,0,0,0,0,3,3,1,0,0,0,0,0,0,0,0,0,0,0,0,0,0,0,1,2,1,0,0,0,0,0,0,0,0,0,0,0,0,0,0,0,68,4,0,0,0,0,0,0,7,0,0,0,1,1,0,0,0,0,2,0,0,0,3,0,0,0,7,0,0,0,1,0,0,0,0,0,0,0,0,0,0,0,0,0,0,0,0,0,0,0,0,0,0,0,0,0,0,0,0,0,2,0,0,0,0,0,0,0,0,0,0,2,0,0,0,0,0,0,0,0,3,2,2,0,2,1,0,0,0,0,1,8,0,0,0,0,0,0,0,0,0,0,0,0,0,0,0,0,0,0,0,0,0,0,0,0,0,0,0,0,0,0,0,0,0,0,0,0,0,0,0,0,0,0,0,0,0,0,0,0,0,0,1,0,0,0,0,0,0,0,0,0,0,0,0,0,0,0,2,0,0,0,0,0,0,0,0,2,0,0,0,0,0,0,0,0,0,0,0,0,1,0,0,0,5,0,0,0,0,0,0,0,9,0,1,0,0,1,0,0,0,1,0,3,0,1,0,0,0,41,2,0,0,7,0,0,1,3,0,0,0,18,0,0,0,2,0,2,0,1,0,2,0,0,0,1,16,0,1,0,0,0,0,0,2,0,0,0,1,0,0,0,0,0,0,0,0,0,0,0,0,0,0,0,0,0,0,0,0,0,1,0,3,28,0,1,0,0,0,3,0,17,1,6,0,0,0,0,1,6,2,0,2,1,0,0,0,0,0,12,0,0,6,2,0,0,0,0,0,0,0,0,0,0,1,0,0,0,0,0,0,0,0,14,3,1,0,0,0,0,0,0,0,0,0,0,0,0,0,0,0,0,0,0,2,0,0,0,0,0,0,0,0,0,0,0
177,1821,SENAC - SERVICO NACIONAL DE APRENDIZAGEM COMERCIAL,"RUA ANDRE DE BARROS, 750",CENTRO,-25.43355728,-49.26580759,1,0,2091,1594,75,42,0,1,1,3,24,0,3,0,0,0,0,0,13,1,0,1,0,13,0,0,0,0,1,2,0,3,0,1,1,0,1,5,0,0,0,29,0,1,0,0,1,0,1,0,0,5,0,3,0,10,6,0,0,0,1,0,0,1,0,1,1,13,1,4,0,2,2,0,9,1,0,1,0,0,10,7,1,0,5,1,3,10,0,0,0,2,4,0,5,1,5,2,0,0,0,0,1,0,1,0,1,0,1,0,0,1,0,0,35,0,0,0,0,0,0,0,0,0,0,0,1,1,1,0,1,2,0,2,87,0,0,1,52,4,0,2,1,145,1,0,0,1,1,1,0,0,0,1,0,0,0,0,0,11,0,0,1,0,0,0,0,2,1,0,0,0,0,0,1,1,0,1,0,0,0,1,2,0,0,0,0,2,14,0,0,1,0,0,0,0,0,0,0,3,0,0,0,0,0,1,0,0,0,0,0,0,0,0,0,0,1,0,1,0,0,0,0,1,3,0,0,2,0,0,1,1,0,1,0,1,0,0,0,0,1,0,0,0,0,239,5,0,0,0,0,1,0,0,0,0,2,0,0,1,0,0,0,0,0,2,0,0,0,0,0,0,1,4,1,0,0,0,0,0,0,0,0,0,0,0,0,0,0,2,86,2,1,1,0,1,0,0,8,0,1,0,1,1,0,0,1,0,12,0,0,0,0,0,0,0,12,2,0,0,0,1,0,0,0,0,0,0,0,0,0,0,0,0,0,0,0,0,0,0,0,0,0,0,0,0,0,0,0,0,13,0,0,0,0,0,0,0,0,0,0,0,0,0,0,0,0,5,0,1,4,0,1,0,4,3,0,0,0,1,0,6,0,0,4,1,2,0,0,0,0,0,0,0,2,0,0,0,0,0,0,0,0,0,0,0,0,0,0,0,0,0,0,0,0,0,0,0,0,0,0,0,0,0,0,0,0,2,0,0,0,0,0,0,0,1,0,1,0,0,0,0,1,0,0,0,0,0,1,0,0,0,0,0,0,0,0,1,0,0,0,0,1,0,0,0,0,0,0,0,1,0,2,0,8,0,3,0,0,0,0,0,20,0,0,1,0,0,0,0,0,1,1,4,1,0,0,0,0,60,2,1,0,8,0,0,3,9,1,1,0,29,0,1,4,6,0,4,0,2,0,7,0,1,0,0,26,1,0,0,0,0,2,4,3,0,0,0,2,0,0,0,0,0,0,0,0,0,0,0,0,0,0,0,0,0,0,0,0,0,0,0,1,60,0,1,0,0,3,1,0,19,1,1,0,0,0,0,0,4,4,1,3,0,0,0,0,0,1,16,0,0,5,7,0,0,0,2,0,1,0,0,0,0,1,0,0,0,0,0,0,0,0,30,0,3,0,1,1,0,0,0,0,0,0,0,7,0,1,2,0,0,1,1,4,1,0,0,0,0,0,1,0,0,7,0
177,1830,INSTITUTO SALESIANO,RUA RIO GRANDE DO SUL 1661,GUAIRA,-25.47165993,-49.27919826,26,0,1299,1072,72,37,0,0,2,2,6,1,0,0,0,0,0,1,9,0,0,0,1,3,1,0,1,0,1,3,1,1,0,1,0,0,0,3,0,0,0,12,0,0,3,0,2,0,1,0,0,0,0,0,0,0,2,0,0,0,1,0,0,0,0,6,1,41,0,1,0,0,7,0,2,0,1,0,0,0,10,4,0,0,3,0,1,1,2,0,1,0,0,0,7,0,2,0,0,0,0,1,0,1,2,0,0,2,1,0,1,0,0,0,30,0,0,0,0,0,0,0,1,0,0,0,0,0,0,0,0,1,0,2,40,0,0,1,43,1,0,1,3,49,6,1,0,0,1,1,0,0,0,0,0,0,0,0,0,3,0,0,1,0,0,0,0,0,2,0,0,0,0,0,0,0,0,0,0,0,0,0,1,0,0,0,0,0,16,1,0,0,0,0,0,0,0,0,0,0,0,0,0,0,1,1,0,0,0,0,0,0,0,0,0,0,0,0,3,0,0,0,0,0,2,0,0,1,0,0,0,0,0,1,0,3,0,0,2,2,0,0,0,0,0,176,0,0,0,0,0,0,1,3,0,0,1,0,0,0,0,0,0,0,0,0,0,0,0,0,0,2,1,0,0,0,0,0,0,0,0,0,0,0,0,0,0,0,2,1,41,3,0,1,0,0,1,0,8,0,0,0,0,0,0,0,0,1,4,1,0,0,0,0,0,0,5,2,0,0,0,0,0,0,0,0,1,0,0,0,0,0,1,0,0,0,0,0,0,0,0,0,0,0,0,0,0,0,0,0,0,0,0,0,0,0,0,2,0,0,0,0,0,0,0,0,0,0,0,0,1,1,1,1,0,1,0,0,0,2,0,3,0,0,0,1,0,0,0,1,0,0,0,0,0,0,0,0,0,0,0,0,0,0,0,0,0,0,0,0,0,0,0,0,0,0,0,0,0,0,0,0,0,0,0,0,0,0,0,0,0,0,0,0,0,0,0,0,0,0,0,0,0,0,1,0,0,0,0,0,0,0,0,0,0,0,0,2,1,0,0,0,0,0,0,0,0,0,0,0,0,0,1,0,1,0,1,0,0,0,0,0,23,1,1,0,0,1,0,1,0,0,1,1,0,0,0,0,0,41,2,0,0,7,0,0,0,13,0,0,0,29,0,0,3,3,0,0,0,2,0,0,1,0,0,1,16,0,0,0,2,0,0,9,2,0,0,0,1,0,0,0,0,0,0,0,0,0,0,0,0,0,0,0,0,0,0,0,0,0,0,0,1,51,0,0,0,0,2,6,2,2,1,0,0,0,0,0,0,2,6,4,0,0,0,0,0,0,4,22,0,0,2,4,0,0,0,0,0,0,0,0,0,0,0,0,0,0,0,1,0,0,0,15,0,0,0,1,1,0,0,0,0,0,0,0,5,0,0,2,0,0,0,0,12,0,0,0,0,0,0,0,0,0,2,0
177,1848,ESCOLA ESTADUAL DORACY CEZARINO,RUA EUGENIO PAROLIN  588,PAROLIN,-25.46213836,-49.26278951,25,0,3150,2425,214,94,0,1,4,5,37,1,2,0,0,7,1,0,14,2,0,0,0,0,0,0,0,3,1,5,3,2,0,7,0,1,2,2,0,0,0,25,1,0,0,1,10,0,2,1,0,0,0,4,0,2,6,0,0,0,2,0,0,0,1,8,14,183,2,5,0,0,9,0,6,0,2,0,0,0,15,16,0,1,16,0,3,2,2,0,0,0,2,0,21,0,1,1,0,0,0,0,0,0,0,1,1,1,0,0,0,0,1,0,52,1,0,0,0,0,0,0,0,0,0,0,1,0,1,0,3,2,3,3,117,0,1,2,48,38,1,0,9,91,2,0,0,0,1,9,1,0,0,0,0,0,0,0,0,24,0,0,2,0,0,0,0,0,2,0,0,0,2,2,0,0,0,1,0,0,0,1,4,0,0,0,0,1,24,0,1,1,3,0,0,0,0,0,1,0,0,0,0,0,0,7,0,0,0,0,1,0,1,0,0,0,0,0,1,0,0,0,0,0,4,1,0,0,0,0,0,4,0,3,1,0,3,0,2,0,0,0,0,0,1,248,2,0,1,0,0,0,0,1,1,2,1,3,0,0,0,1,0,0,0,0,0,0,0,0,0,0,0,2,0,0,0,0,0,0,0,1,0,0,0,0,0,0,0,0,77,0,2,2,3,0,0,2,18,0,0,0,0,0,1,0,0,0,15,0,0,0,5,0,0,1,13,0,0,0,2,0,1,0,0,1,0,0,0,1,0,0,0,0,0,0,0,0,0,0,0,0,0,0,0,1,0,0,0,0,7,0,0,0,0,2,0,0,0,7,0,0,0,0,0,0,0,0,0,0,1,1,1,0,5,1,0,0,0,0,1,4,0,0,1,0,2,0,0,0,0,0,0,1,0,0,1,0,1,0,0,0,0,0,0,0,0,0,0,0,0,3,0,0,0,0,0,0,1,0,0,1,0,0,0,0,0,0,0,0,0,2,1,0,0,1,0,0,0,0,0,0,1,1,0,0,0,0,0,0,0,0,0,0,0,0,0,1,1,0,0,0,1,0,0,0,0,0,0,0,0,0,2,2,5,0,1,0,0,0,0,0,46,0,0,2,0,1,0,0,0,0,4,4,2,0,0,0,1,122,3,0,1,11,0,0,4,12,0,0,0,55,1,1,15,5,0,3,0,4,0,2,1,1,1,0,57,0,1,0,1,0,0,23,1,0,0,1,1,0,1,1,0,0,0,0,0,3,0,0,0,1,0,0,0,0,0,0,0,0,0,0,0,58,0,1,0,0,3,36,1,15,10,2,0,0,0,0,0,6,4,2,1,0,0,0,0,0,4,57,0,0,3,1,0,0,0,0,0,0,0,0,0,0,2,0,0,0,0,0,0,0,0,39,3,0,0,2,0,0,0,0,0,0,0,0,15,0,0,8,0,1,2,0,15,0,0,0,0,0,0,0,0,0,13,0
177,1856,SOCIEDADE BENEFICENTE MORGENAU,"AV SENADOR SOUZA NAVES, N. 945",CRISTO REI,-25.43130887,-49.24828359,6,0,1010,830,21,21,0,0,1,0,7,0,0,0,0,0,0,0,6,0,0,0,1,2,0,0,0,0,1,8,0,1,0,0,0,0,0,1,0,0,1,1,0,0,0,0,1,0,4,0,0,0,0,0,0,10,1,0,0,2,0,0,0,0,0,0,3,15,0,3,1,1,2,0,2,0,0,0,0,0,2,7,0,0,2,0,0,5,1,0,0,1,1,1,2,2,4,0,0,0,0,1,0,0,0,0,2,0,1,1,0,0,0,0,28,0,0,0,0,0,0,0,0,0,0,0,0,0,0,0,0,2,1,0,13,0,0,1,35,1,0,0,0,48,0,0,0,0,0,0,0,0,0,0,0,0,0,0,0,3,0,0,0,0,0,0,0,0,0,0,0,0,0,0,0,0,0,0,0,0,0,0,0,0,0,0,0,1,18,0,0,0,1,0,0,0,0,0,0,0,0,0,0,0,0,0,0,0,0,0,0,0,0,0,0,1,2,0,0,0,0,0,0,0,1,0,0,0,0,0,0,1,0,1,0,0,0,0,0,0,0,0,0,0,0,190,2,0,0,0,0,0,0,0,0,0,2,0,0,0,0,0,0,0,0,0,0,0,0,0,0,0,0,4,0,0,0,0,0,0,0,0,0,0,0,0,0,0,0,0,69,4,0,0,0,0,0,0,8,0,0,1,0,0,0,0,0,1,0,0,0,0,1,0,0,0,4,2,0,0,1,0,2,0,0,0,0,0,0,0,0,0,0,0,0,0,0,0,0,0,0,0,0,0,0,0,0,0,0,1,5,0,0,0,0,0,0,0,0,0,0,0,0,0,0,0,0,0,0,0,5,1,0,1,0,2,0,0,1,0,0,4,0,0,0,0,3,0,0,0,0,0,0,0,0,0,0,0,0,0,0,0,0,0,0,0,0,0,0,0,0,0,0,0,0,0,0,0,0,0,0,0,0,0,0,0,0,0,0,0,0,0,1,0,1,0,0,0,0,0,0,0,0,0,0,0,0,0,0,0,0,0,0,0,0,0,0,0,0,0,0,0,0,0,0,0,0,0,0,0,0,0,0,0,0,0,3,0,0,0,0,0,17,0,0,0,0,0,0,0,0,0,0,0,1,0,0,0,0,24,0,1,0,8,1,0,2,6,0,0,0,14,0,0,1,1,0,0,0,2,0,1,0,0,1,0,4,1,0,0,1,0,0,0,1,0,0,0,0,0,0,0,0,0,0,0,0,0,0,0,0,0,0,0,0,0,0,0,0,0,0,0,2,30,0,0,0,0,3,3,1,17,1,4,2,0,0,0,0,6,2,0,0,0,0,0,0,0,2,6,0,0,1,2,1,0,0,0,0,0,0,0,0,0,2,0,0,0,0,0,0,0,0,18,1,0,0,0,1,0,0,0,0,0,0,0,2,0,0,0,0,0,0,0,9,0,0,0,0,0,0,0,0,0,0,0
177,1864,COLEGIO BOM JESUS (CENTRO),R 24 DE MAIO   135,CENTRO,-25.4384742,-49.27298933,1,0,6333,4726,236,126,0,0,3,14,69,1,3,2,6,1,1,7,40,0,0,0,0,30,0,2,0,2,2,8,3,12,0,6,1,2,3,16,1,1,0,94,1,0,1,3,6,1,3,0,0,0,0,5,1,9,11,0,0,0,2,1,0,0,0,3,0,52,0,11,0,1,24,0,26,0,3,4,0,1,36,26,2,0,7,0,3,9,1,1,1,0,3,0,24,2,3,15,1,0,0,4,1,0,2,0,11,0,4,1,1,2,0,1,131,1,1,1,0,0,0,0,3,0,1,0,2,2,3,0,3,10,1,3,175,1,2,15,158,13,1,4,7,668,5,0,0,0,0,0,0,0,0,1,0,1,0,0,0,17,0,0,0,0,0,0,0,0,1,0,0,0,0,0,0,2,2,0,0,0,0,0,2,0,0,0,0,7,73,1,0,2,3,0,0,0,1,0,0,0,0,0,0,0,1,3,0,0,0,0,0,0,3,1,0,0,2,1,0,1,0,0,0,1,6,1,0,0,0,0,0,0,0,3,0,0,1,0,1,1,0,3,1,0,1,796,8,1,0,0,0,2,0,4,2,4,0,0,1,0,0,0,2,0,0,0,0,0,0,0,0,0,1,12,2,0,0,0,0,0,0,3,0,0,1,0,0,0,11,12,203,11,0,0,2,1,0,4,24,1,0,5,3,0,2,0,0,0,22,0,0,1,8,0,0,3,20,0,0,0,2,3,5,1,0,2,0,0,0,0,2,0,0,0,0,0,0,0,0,0,0,0,0,0,0,5,0,0,0,0,8,0,0,0,0,0,0,0,0,0,3,0,0,0,0,0,0,1,2,1,24,14,5,1,20,5,0,0,1,0,3,30,0,3,8,0,4,0,0,5,2,0,0,0,2,0,0,0,0,0,0,0,3,0,0,1,0,0,1,0,0,0,1,0,0,0,0,0,0,0,0,0,0,1,0,0,0,1,1,0,0,0,0,0,0,3,0,1,0,0,0,0,2,0,0,0,0,0,0,0,0,0,0,0,0,1,0,7,0,0,0,0,1,0,1,0,0,0,0,0,0,0,2,0,55,0,5,1,0,1,0,1,44,0,4,0,4,1,1,1,0,1,7,8,7,0,0,2,0,155,2,0,0,22,0,0,2,20,3,0,3,70,2,2,9,12,0,3,1,5,0,17,1,2,0,0,40,0,3,2,1,0,5,7,10,1,0,0,13,0,3,3,0,0,0,0,0,2,0,0,0,0,0,0,1,0,0,0,0,0,1,1,9,133,0,2,0,0,11,7,3,29,5,5,6,0,0,3,0,23,18,2,4,0,0,0,1,0,4,50,0,0,22,9,0,0,0,3,0,1,0,0,0,0,5,0,0,0,0,0,0,0,0,22,3,0,0,1,0,1,0,2,0,0,0,1,9,1,0,2,0,0,2,0,14,0,0,0,0,1,0,4,0,0,3,0
177,1872,FACULDADE INTERNACIONAL DE CURITIBA (FACINTER),"RUA SALDANHA MARINHO, 131",CENTRO,-25.42879487,-49.27313812,1,0,396,310,9,9,0,0,0,0,4,1,1,0,0,1,0,1,2,0,0,0,0,3,0,0,0,0,0,2,1,0,0,0,0,0,1,3,0,0,0,3,0,0,0,0,0,0,0,0,0,0,0,0,0,1,0,0,0,0,0,0,0,0,0,0,2,3,0,0,0,0,2,0,5,0,0,3,0,0,0,0,0,0,0,0,0,0,0,0,0,0,0,0,1,0,0,0,0,0,0,0,0,2,0,0,0,0,0,0,1,0,0,0,8,0,0,0,0,0,0,0,0,0,0,0,0,0,0,0,0,0,0,0,30,0,0,1,13,1,0,0,1,44,0,0,0,0,0,0,0,0,0,0,0,0,0,0,0,0,0,0,1,0,0,0,0,0,0,0,0,0,0,1,0,0,1,0,0,0,0,0,0,0,0,0,0,0,1,0,0,0,0,0,0,0,1,1,0,0,0,0,0,0,0,1,0,0,0,0,0,0,0,0,0,0,1,0,0,0,0,0,0,0,1,0,0,0,0,0,0,0,0,1,0,0,0,0,0,0,0,0,0,0,1,42,0,0,0,0,0,0,0,0,0,0,0,0,0,0,0,0,0,0,0,0,0,0,0,0,0,0,0,3,0,0,0,0,0,0,0,0,0,0,0,0,0,0,1,0,17,0,0,0,0,0,0,0,3,0,0,0,0,0,0,0,0,0,3,0,0,0,0,0,0,0,0,0,0,0,0,0,0,0,0,0,0,0,0,0,0,0,0,0,0,0,0,0,0,0,0,0,0,0,0,0,0,0,0,0,0,0,0,0,0,0,0,0,0,0,0,0,0,0,0,0,0,0,0,0,0,0,0,0,0,0,0,0,0,0,0,0,0,0,0,0,0,0,0,0,0,0,0,0,0,0,1,0,0,0,0,0,0,0,0,0,0,0,0,0,0,0,0,0,0,0,0,0,0,0,0,0,0,0,0,0,0,0,0,0,0,0,0,0,0,0,0,0,0,0,0,0,0,0,0,0,0,0,1,0,0,0,0,0,0,0,0,1,0,0,0,0,0,0,0,0,0,0,0,0,0,0,0,0,1,0,0,0,0,0,0,0,3,0,0,0,1,0,0,0,0,0,0,0,0,0,0,0,0,14,0,0,0,1,0,0,0,2,0,0,0,8,0,0,0,0,0,0,0,0,0,0,0,0,0,0,8,0,0,0,0,0,1,0,0,0,1,0,0,0,0,0,0,0,0,0,0,0,0,0,0,0,0,0,0,0,0,0,0,0,0,0,0,6,0,0,0,0,1,1,0,1,0,1,0,0,0,0,0,1,4,0,1,0,0,0,0,0,0,2,0,0,2,0,0,0,0,0,0,0,0,0,0,0,0,0,0,0,0,0,0,0,0,6,0,0,0,0,0,1,0,0,0,0,0,0,0,0,0,0,0,0,0,0,1,0,0,0,0,0,0,0,0,0,0,0
177,1880,ESCOLA MUNICIPAL BATEL (ESCOLA ESTADUAL DEZENOVE DE DEZEMBRO),RUA DESEMBARGADOR MOTTA  2082,CENTRO,-25.43650529,-49.28172644,1,0,1625,1284,55,35,0,1,0,6,8,0,3,0,0,2,0,0,9,3,0,0,0,12,0,0,0,0,1,3,0,4,0,4,0,0,1,2,0,0,0,5,0,1,0,0,0,0,2,0,0,0,0,1,0,7,5,0,0,0,0,0,0,0,0,0,1,19,0,0,0,0,9,0,13,0,0,0,1,0,7,4,2,0,1,0,1,7,2,0,1,1,1,0,3,2,4,0,0,0,0,1,0,1,1,0,2,0,0,0,0,0,0,0,42,0,0,0,0,0,0,0,0,0,0,0,1,0,0,0,1,1,0,1,42,0,0,5,39,0,0,0,0,153,1,0,0,1,0,1,0,0,0,0,0,0,0,0,0,5,0,0,0,0,0,0,0,2,0,0,0,0,0,0,0,0,1,0,0,0,0,0,0,0,0,0,0,2,24,0,0,0,0,0,0,0,0,0,1,0,0,0,0,0,0,0,0,0,0,0,0,0,2,0,0,1,0,0,0,0,0,0,0,2,1,2,0,0,0,0,0,0,0,1,0,0,0,0,0,0,0,0,0,0,0,294,4,0,1,0,0,1,0,0,0,1,0,0,0,0,0,0,0,0,0,0,0,1,0,0,0,0,1,4,1,0,0,0,0,0,0,0,0,0,0,0,0,0,0,3,60,1,0,0,0,0,0,3,9,0,0,1,1,0,2,0,0,0,4,0,0,0,5,0,0,0,6,1,0,0,0,0,0,0,0,0,0,0,0,0,0,1,0,0,0,0,0,0,0,0,0,0,0,0,0,0,0,0,0,0,2,0,0,0,0,0,0,0,0,0,0,0,0,0,0,0,0,0,0,0,12,1,0,0,3,3,0,0,0,0,3,3,0,2,2,0,0,0,0,0,0,0,1,0,0,0,0,0,0,0,0,0,0,0,0,0,0,0,1,0,0,0,0,0,0,0,0,0,0,0,0,0,0,0,0,0,0,0,0,0,0,0,0,0,0,0,0,0,0,0,0,0,0,1,0,0,0,0,0,0,0,0,0,0,0,0,0,1,0,0,0,0,0,0,0,0,0,0,0,0,0,0,0,0,5,0,0,0,0,1,0,0,17,0,2,0,0,0,0,0,0,0,2,3,6,0,0,1,0,38,0,0,0,7,0,0,1,5,0,0,0,26,0,0,4,3,0,0,0,1,0,2,0,0,0,0,9,0,0,0,0,0,0,1,1,0,0,0,1,0,1,0,0,0,0,0,0,0,0,0,0,0,0,0,0,1,0,0,0,0,0,0,0,25,0,0,0,0,3,4,2,22,0,2,0,0,0,0,0,13,1,1,0,0,0,0,0,0,1,13,0,2,7,4,0,0,0,1,0,0,0,0,0,0,1,0,0,0,0,0,0,0,0,7,1,0,1,0,0,0,0,0,0,0,0,0,3,0,0,0,2,0,0,0,4,0,0,0,0,0,0,0,0,0,0,0
177,1899,COLEGIO BOM JESUS (ÁGUA VERDE),"RUA NESTOR VICTOR, 910",ÁGUA VERDE,-25.45728382,-49.27247158,9,0,3572,2985,129,96,0,0,1,2,29,2,3,0,1,2,0,1,17,0,0,0,0,16,0,0,0,1,3,5,0,6,0,6,0,2,3,16,4,0,0,19,0,0,2,1,10,0,0,0,0,0,0,7,2,5,5,0,0,0,2,0,0,0,4,29,2,28,0,0,0,0,10,0,16,0,2,1,0,0,25,5,0,0,8,0,1,5,2,0,5,2,2,0,35,2,2,0,0,0,0,0,2,0,1,0,1,0,1,0,1,0,0,0,78,1,0,0,0,0,1,0,2,1,0,0,3,0,3,0,2,3,0,2,89,0,1,2,85,7,0,1,4,242,4,0,0,0,0,1,0,1,0,2,1,1,0,0,0,11,0,0,0,0,0,0,0,0,0,0,0,0,1,0,0,0,1,0,0,0,0,0,0,0,2,0,0,4,62,0,0,0,0,0,0,0,0,0,0,3,0,0,0,0,0,1,0,0,0,0,0,0,0,0,0,0,0,0,0,0,0,0,0,0,7,0,0,0,0,0,0,0,0,1,0,0,0,0,0,1,1,1,1,0,0,569,3,0,0,1,0,1,9,6,4,0,0,1,0,1,0,1,0,0,0,2,0,2,0,0,0,0,0,8,0,0,0,0,0,0,0,0,0,0,0,0,0,0,2,1,161,10,1,4,1,0,0,2,22,0,0,1,4,3,0,0,1,1,41,0,0,0,10,0,0,1,7,0,0,1,0,0,0,1,0,1,0,0,0,0,0,0,0,0,0,0,0,0,0,0,0,0,0,0,0,0,0,0,0,0,6,0,0,0,0,3,0,0,0,0,0,0,0,0,0,0,0,0,1,0,11,1,5,1,6,4,1,0,0,1,0,8,0,3,3,2,1,0,0,1,0,0,0,0,1,0,0,0,0,0,0,0,0,0,0,0,0,0,0,1,0,0,0,0,0,0,0,0,0,0,0,0,1,0,0,0,0,1,0,0,0,5,0,0,4,0,0,0,0,0,0,0,2,0,0,0,0,0,0,0,0,0,0,0,0,0,0,6,0,0,0,0,4,0,0,0,0,0,0,0,0,0,0,0,6,0,1,0,0,0,0,1,32,0,6,0,0,1,0,0,0,0,3,8,5,0,0,0,2,166,2,0,0,15,0,0,3,29,1,0,0,78,0,0,3,4,0,1,0,6,1,7,0,0,0,0,36,0,2,1,3,0,0,9,3,1,0,0,6,1,0,1,0,0,0,0,0,0,0,0,0,0,0,0,1,0,0,0,0,0,0,0,4,83,0,1,0,1,3,3,1,11,6,6,1,0,0,2,0,14,10,5,4,0,0,0,0,0,7,54,1,3,8,3,0,0,0,0,0,0,0,1,0,0,5,0,0,0,0,2,0,0,2,17,3,0,0,1,0,0,0,0,1,0,1,0,15,1,0,5,0,0,4,0,44,0,0,0,0,0,0,3,0,0,13,0
177,1902,FACULDADE DOM BOSCO,AV WENCESLAU BRAZ 1046,GUAIRA,-25.47182976,-49.26554031,26,0,3403,2720,203,91,0,0,2,2,23,0,2,0,0,2,1,4,29,2,1,0,0,13,0,0,0,2,5,9,1,0,1,9,0,1,0,7,1,0,0,35,0,0,0,0,25,0,3,1,1,0,0,5,0,0,4,0,0,0,8,1,0,1,0,6,3,71,1,0,1,1,17,0,9,0,2,0,0,0,17,9,0,1,11,1,2,11,1,0,1,1,2,0,38,0,1,0,2,1,0,1,0,1,1,0,2,0,2,0,1,0,1,0,48,1,0,0,0,0,0,0,2,0,0,0,3,1,2,1,3,5,0,4,112,1,0,5,66,9,0,1,1,134,2,0,1,1,0,1,0,1,0,0,1,0,0,0,0,22,0,0,0,0,1,0,0,2,0,0,1,0,0,2,0,1,1,1,0,0,0,0,0,0,1,0,0,1,25,0,0,0,0,4,0,0,0,0,2,2,0,0,0,0,1,4,0,0,0,0,2,0,0,1,0,0,0,0,0,0,0,0,0,3,10,0,0,1,0,0,0,3,0,5,0,0,0,0,3,1,1,0,0,0,0,336,3,0,0,0,0,0,0,0,2,1,0,1,0,0,0,1,1,0,0,0,0,0,0,0,1,0,2,4,0,0,0,0,0,0,0,0,1,0,0,0,0,0,0,2,100,3,4,0,0,0,1,0,21,0,0,0,0,1,1,0,0,2,28,1,0,0,8,0,0,0,8,0,0,7,1,0,0,1,0,2,0,0,0,0,0,0,0,0,0,1,0,0,0,0,0,0,0,0,0,0,0,0,0,0,3,0,0,0,0,0,0,0,0,1,0,0,0,0,0,0,0,0,1,0,7,2,2,0,11,3,2,0,0,0,2,7,0,4,5,2,3,0,0,1,1,0,0,1,0,0,0,0,0,0,0,0,0,0,0,2,0,0,2,0,0,4,0,0,0,0,0,0,0,0,0,0,0,0,1,0,0,0,0,0,0,10,0,0,1,3,1,0,0,0,0,0,0,0,0,0,0,0,0,0,0,0,0,0,0,0,0,3,2,0,0,0,0,0,0,0,0,0,0,0,0,0,1,1,6,0,5,0,0,4,0,0,42,0,7,0,0,1,1,0,1,1,1,4,6,0,0,0,1,163,2,0,0,10,0,0,2,21,0,0,0,85,3,1,8,15,0,1,0,3,0,5,1,0,0,0,35,0,3,3,0,1,1,3,3,2,1,1,3,0,3,0,0,0,1,0,0,5,0,0,0,0,0,0,0,0,0,0,0,0,0,0,6,77,0,0,0,0,8,35,0,12,8,6,0,0,0,2,0,9,12,4,3,0,0,0,0,0,3,78,0,2,4,5,0,1,0,0,1,0,1,0,1,0,0,0,0,0,0,1,0,0,0,29,1,1,0,1,0,0,0,1,0,0,0,0,24,1,0,6,0,0,9,0,36,0,0,0,0,0,0,7,0,2,3,0
177,1910,ESCOLA MUNICIPAL PROFESSORA NANSYR CECATO CAVICHIOLO,"RUA FRANCISCO PAROLIN, 930",PAROLIN,-25.46506806,-49.26390398,25,0,1167,890,91,40,0,1,3,0,16,0,2,0,0,2,1,0,6,0,0,0,0,3,0,0,0,0,1,2,0,0,0,0,0,0,1,0,0,1,0,15,0,0,1,0,7,0,3,2,0,0,0,0,0,0,0,0,0,0,2,0,0,0,0,2,5,107,0,1,0,0,4,0,1,2,0,0,0,0,5,1,0,0,11,0,2,4,2,0,0,0,0,0,4,0,0,0,0,0,0,0,0,0,1,1,0,0,1,0,0,0,0,0,19,0,0,0,0,0,0,0,0,0,0,0,2,1,0,0,0,0,0,3,59,1,0,0,8,14,0,0,2,33,0,0,0,0,0,1,0,0,0,0,0,0,0,0,0,3,0,0,0,0,0,0,0,0,0,0,0,0,0,0,0,0,0,0,0,0,0,0,0,1,0,0,0,0,4,0,0,0,1,0,0,0,0,0,0,0,0,0,0,0,0,0,1,0,0,1,0,0,0,0,0,0,0,0,0,0,0,0,0,0,0,0,0,0,0,0,0,0,0,3,0,0,0,0,0,0,1,0,0,0,0,70,0,0,0,0,0,0,0,0,0,0,0,1,0,0,0,0,0,0,0,0,0,0,0,0,0,0,0,2,1,0,0,0,0,0,0,0,1,0,0,0,0,0,0,0,17,0,1,0,0,0,0,0,11,0,0,0,0,0,3,0,0,0,5,0,0,0,0,0,0,0,1,0,0,0,2,0,0,0,0,0,0,0,0,0,0,0,0,0,0,0,0,0,0,0,0,0,0,0,0,0,0,0,0,0,1,0,0,0,0,0,0,0,0,5,0,0,0,0,0,0,0,0,0,0,0,0,0,0,1,0,0,0,0,0,0,2,0,0,0,0,0,0,0,0,0,0,0,0,0,0,0,0,0,0,0,0,0,0,0,1,0,0,0,0,0,0,0,0,0,0,0,1,0,0,0,0,0,0,1,0,0,0,0,0,0,2,0,0,0,0,0,0,0,0,0,0,0,0,0,0,0,0,0,0,0,0,0,0,0,0,0,0,0,0,0,0,0,0,0,0,0,0,0,0,0,0,0,0,0,0,1,0,0,0,0,1,19,0,0,0,0,0,0,0,0,0,1,1,0,0,0,0,0,44,1,0,0,3,0,0,0,7,0,0,0,24,0,0,9,3,0,0,0,0,0,0,2,0,0,0,25,0,0,0,0,0,0,7,0,0,0,0,2,0,0,0,0,0,0,0,0,0,0,0,0,0,0,0,0,0,0,0,0,0,0,0,2,17,0,0,0,0,1,6,0,3,0,1,0,0,0,0,1,1,5,3,1,0,0,0,0,0,4,20,0,0,0,0,1,0,0,2,1,0,0,0,0,0,0,0,0,0,2,0,0,0,0,10,0,1,0,0,0,0,0,0,0,0,0,0,8,0,0,2,0,1,1,0,4,0,0,0,0,0,0,0,0,0,1,0
177,1929,COLÉGIO BOM JESUS - NOSSA SENHORA DE LOURDES (CRISTO REI),"RUA FIORAVANTE DALLA STELLA, N. 90",CRISTO REI,-25.43451249,-49.24702678,6,0,7137,5771,197,150,0,0,0,13,71,1,4,0,0,6,1,1,49,1,0,0,0,66,0,1,1,0,4,9,0,11,0,11,0,0,1,17,3,2,0,32,0,0,0,1,15,0,2,0,0,0,0,8,3,11,22,0,0,1,9,1,0,1,0,2,4,75,0,11,2,2,21,0,19,1,4,3,0,0,54,20,3,0,16,0,5,10,0,0,1,1,8,0,21,3,11,6,1,5,0,2,1,1,1,0,6,0,2,0,0,0,0,0,167,0,0,0,0,0,0,0,1,0,0,0,3,1,2,0,0,8,0,2,197,0,3,9,227,6,0,2,9,633,9,1,1,2,3,1,0,0,0,2,2,0,0,0,0,16,0,0,1,0,0,0,0,0,8,1,0,0,0,0,0,2,2,0,0,0,0,0,2,0,0,0,0,11,126,0,0,1,0,0,0,0,0,0,2,1,0,0,0,0,2,5,0,0,0,0,0,0,0,0,0,3,8,0,0,0,0,0,0,1,8,0,0,2,2,0,0,1,0,5,0,2,1,0,2,1,1,3,1,0,0,1247,24,1,3,0,0,0,0,3,4,2,4,1,1,0,4,1,0,0,0,0,0,0,0,0,0,0,5,21,1,0,0,0,0,0,0,2,0,1,0,0,0,0,5,14,297,11,2,0,3,0,1,4,32,5,3,2,1,1,0,0,0,0,18,0,0,0,2,0,3,1,43,3,0,0,2,0,0,0,1,4,0,0,0,0,0,0,0,0,0,0,0,0,0,0,0,0,0,0,0,0,0,0,0,0,19,0,0,0,0,0,0,0,0,0,0,0,0,0,0,0,0,0,0,1,41,10,7,0,15,6,3,1,0,0,3,28,1,1,7,3,2,0,2,2,0,1,1,1,5,2,1,0,0,0,0,1,1,0,0,0,0,0,1,0,0,0,0,0,0,0,0,0,0,0,0,0,0,0,1,0,0,1,1,0,0,0,3,0,1,3,0,0,0,0,0,0,0,0,0,0,0,0,0,0,0,0,0,0,0,0,0,6,0,0,0,0,2,0,0,0,1,0,0,0,1,1,2,2,19,0,10,3,0,4,0,0,59,0,16,0,6,1,1,0,0,4,13,13,5,0,0,2,2,237,4,0,1,31,0,0,5,33,0,0,0,87,1,1,9,12,0,1,0,7,0,9,1,0,0,0,47,0,3,0,4,0,1,13,12,4,0,0,8,0,0,0,0,0,0,0,1,3,0,0,0,0,0,0,2,0,0,0,0,0,0,1,13,144,0,5,1,1,7,8,2,58,2,8,6,0,0,1,0,10,19,1,4,0,0,0,4,0,2,53,0,0,18,10,0,0,0,1,1,3,0,0,0,0,5,2,0,0,0,0,0,0,0,88,5,0,2,5,0,1,0,2,0,0,0,0,5,0,0,4,0,0,2,0,24,0,0,0,0,2,0,3,0,3,6,0
177,1937,FACULDADE DE DIREITO DA UNIVERSIDADE FEDERAL DO PARANA,PRACA SANTOS ANDRADE   50,CENTRO,-25.42906287,-49.26748216,1,0,4047,3127,149,82,0,1,1,9,58,0,2,1,1,4,0,2,29,1,0,0,1,17,0,1,0,0,4,5,3,6,0,5,1,0,0,11,1,0,0,29,0,0,2,1,6,0,5,0,0,0,0,4,0,9,3,0,0,0,3,0,0,0,1,4,1,21,0,12,1,0,12,0,7,1,1,0,0,2,16,8,1,0,3,0,3,6,1,0,1,0,1,0,9,1,6,4,0,4,0,1,0,0,1,0,2,0,2,0,0,0,0,0,92,0,0,0,0,0,0,0,0,0,0,0,2,2,2,0,3,4,1,4,164,0,1,12,123,4,0,0,3,622,10,0,1,1,0,5,0,0,0,0,1,0,0,0,0,12,0,0,0,2,0,0,0,0,0,0,0,0,1,0,0,0,1,1,0,0,0,0,0,0,1,1,0,0,30,0,1,4,0,0,0,0,1,0,0,0,0,0,0,0,1,0,0,0,0,1,0,1,0,0,0,3,2,0,1,0,1,0,0,0,5,1,0,4,2,0,0,0,0,2,1,0,0,0,0,1,0,1,0,0,0,444,2,0,0,2,0,0,0,1,1,2,0,0,0,0,0,0,2,0,0,1,0,0,0,0,0,0,1,7,0,0,0,0,0,0,0,2,0,0,0,0,0,0,1,7,119,8,1,1,1,0,0,2,15,0,0,1,0,0,0,0,1,1,17,0,0,0,5,0,0,2,13,1,0,0,1,0,0,0,1,0,0,0,0,0,0,0,0,0,0,0,0,0,0,0,0,0,0,0,0,0,0,0,0,0,9,0,1,0,0,0,0,1,0,0,0,0,0,0,0,0,0,0,0,1,14,3,2,0,9,3,0,0,0,1,2,10,0,2,0,1,0,0,1,4,0,0,1,1,1,0,0,0,0,0,0,0,2,0,0,0,0,0,1,0,0,1,0,0,0,0,1,0,0,0,0,0,0,1,0,0,0,1,0,0,0,0,1,0,1,0,0,0,0,0,0,0,3,0,0,0,0,0,1,0,0,1,0,1,0,0,0,2,0,0,0,0,0,0,0,0,0,0,0,0,0,0,0,1,21,0,3,0,0,0,0,0,22,0,5,0,4,3,0,1,0,2,6,8,9,0,0,1,0,80,3,0,0,12,0,0,3,8,2,0,0,46,1,0,3,4,0,1,0,0,0,10,1,1,0,0,38,0,1,1,1,0,2,9,12,2,0,1,11,0,0,4,0,1,2,0,0,1,0,0,0,0,0,0,0,1,0,0,0,0,0,0,3,61,0,1,0,0,4,5,4,23,3,4,1,0,0,0,1,8,7,3,0,0,0,0,0,0,1,32,0,1,29,10,1,0,0,3,0,2,0,0,0,0,3,0,0,0,0,0,2,0,0,42,4,1,0,0,0,1,0,3,1,0,0,1,19,0,0,2,0,0,4,0,7,0,0,0,0,0,0,1,0,1,4,0
177,1945,SETOR DE CIÊNCIAS HUMANAS DA UNIVERSIDADE FEDERAL DO PARANA,R GENERAL CARNEIRO   460,CENTRO,-25.42668363,-49.26187041,1,0,2804,2266,64,66,0,0,0,6,39,2,4,0,2,1,0,1,14,1,0,0,0,11,0,0,0,0,1,7,4,7,0,3,0,0,0,13,0,0,0,7,0,0,0,0,4,0,1,0,0,0,0,1,1,4,5,0,0,0,2,1,0,1,0,1,1,13,0,5,0,0,7,0,4,1,1,0,0,0,14,4,1,0,1,0,0,4,0,0,1,0,0,0,5,0,5,4,0,0,0,1,0,0,2,0,10,0,3,0,0,0,0,1,114,1,0,0,0,0,0,0,0,0,0,0,2,0,0,0,0,7,0,1,88,0,1,6,115,4,0,1,0,367,6,0,0,0,1,0,0,1,0,0,0,0,0,0,0,7,0,0,1,0,0,0,0,3,0,0,0,0,0,2,0,0,2,0,0,0,0,0,0,0,0,0,0,0,28,0,0,0,0,0,0,0,0,0,2,3,0,0,0,0,0,2,0,0,0,0,0,0,1,0,0,1,2,0,0,1,2,0,0,0,3,1,0,1,1,0,0,1,0,0,0,0,0,0,0,1,1,0,0,0,0,429,5,0,0,0,0,0,0,1,0,0,1,1,0,0,4,0,0,1,0,0,0,1,0,0,0,1,0,2,0,0,0,0,0,0,0,0,0,0,1,0,0,0,3,2,103,8,0,0,0,0,0,2,8,0,1,1,0,0,2,0,0,0,14,1,0,0,2,0,0,2,13,2,0,0,0,0,0,0,0,0,0,0,0,0,0,0,0,0,0,0,0,0,0,0,0,0,0,0,0,3,0,0,0,0,10,0,0,0,0,0,0,0,0,0,0,0,0,0,0,0,0,0,0,1,6,0,2,0,8,6,0,1,2,1,1,14,0,1,2,0,0,0,1,1,0,0,0,0,1,0,0,0,0,0,0,0,0,0,0,0,0,0,0,0,0,0,0,0,0,0,0,0,0,0,0,0,0,0,0,0,0,1,0,0,0,0,1,0,0,0,0,0,0,0,0,0,0,0,0,0,0,0,2,0,0,0,0,0,0,0,0,2,0,0,0,0,0,0,0,0,0,0,0,3,0,0,0,0,9,0,1,0,0,0,0,1,13,0,0,0,3,2,0,0,0,3,3,6,3,0,0,0,0,60,5,0,0,15,0,0,0,3,1,1,0,44,0,0,3,7,0,1,1,1,0,7,0,2,0,0,24,0,1,1,2,0,1,8,7,2,0,0,6,1,1,2,0,0,0,0,0,1,0,0,0,0,0,0,1,0,0,0,0,0,0,0,1,51,0,0,0,0,0,5,1,24,0,2,1,0,0,0,0,11,11,1,0,0,0,0,0,0,1,21,0,1,14,9,0,0,0,5,0,0,0,0,0,0,1,0,0,0,0,0,0,0,1,12,0,1,1,1,0,0,0,0,0,0,0,2,3,0,0,2,0,0,0,1,4,0,0,0,0,0,0,0,0,0,1,0
177,1953,ESCOLA ESTADUAL TIRADENTES (CEAD POLO POTTY LAZAROTTO),R PRESIDENTE FARIA   625,CENTRO,-25.42496828,-49.26936639,1,0,1058,794,51,26,0,0,0,4,6,0,0,1,0,0,0,2,3,1,0,0,0,2,1,0,0,0,1,2,1,2,0,2,0,0,0,1,0,0,0,6,0,0,0,0,1,0,0,0,0,0,0,3,1,5,0,0,0,0,0,0,0,0,0,0,3,7,0,3,0,0,1,0,2,0,0,1,0,0,8,3,0,0,1,0,2,3,0,0,0,3,0,0,3,0,5,2,1,0,0,0,0,0,3,1,4,0,0,0,0,0,0,0,15,0,0,0,0,0,0,0,0,0,0,0,0,1,0,0,1,2,1,0,38,0,0,1,29,1,0,1,0,76,0,0,0,0,0,0,0,0,0,0,1,0,0,0,0,4,0,0,1,0,0,0,0,1,0,1,0,0,1,0,0,0,1,0,0,0,0,0,0,0,0,0,0,0,9,0,0,0,0,0,0,0,0,0,2,1,0,0,0,0,0,0,0,0,0,0,0,2,0,1,0,1,0,0,0,0,0,0,0,0,4,0,0,0,1,0,0,0,0,1,0,0,0,0,0,0,0,0,0,0,0,129,0,1,0,0,0,0,0,0,0,0,0,0,1,0,0,0,0,0,0,0,0,0,0,0,0,0,0,1,0,1,0,0,0,0,0,0,0,0,0,0,0,0,0,1,50,2,0,0,0,1,1,0,2,0,0,1,0,1,0,1,0,1,7,0,0,0,0,0,0,0,0,0,0,0,0,0,0,0,0,0,0,0,0,0,0,0,0,0,0,0,0,0,0,0,0,0,0,0,0,0,0,0,1,0,0,0,0,0,0,0,0,0,0,0,0,0,0,0,0,0,0,0,0,0,1,1,2,0,0,4,0,0,0,0,0,3,0,1,0,1,0,1,0,0,0,0,0,0,0,0,0,0,0,0,0,0,0,0,0,0,0,0,0,0,0,0,0,0,0,0,0,0,0,0,0,0,0,0,0,0,0,0,0,0,0,0,0,0,0,0,0,1,0,0,0,0,1,0,0,0,0,1,0,0,0,0,0,0,0,0,0,1,0,0,0,0,0,0,0,0,0,0,0,0,0,0,1,0,5,0,0,0,0,0,0,1,10,0,0,0,0,1,0,3,1,2,3,0,0,0,0,1,0,28,0,1,0,9,0,0,0,4,0,0,0,16,0,1,2,2,0,1,0,0,0,0,2,0,0,0,15,0,0,0,0,0,0,1,0,0,1,0,1,0,0,1,0,0,0,0,0,0,0,0,0,0,0,0,0,0,0,0,0,0,0,0,0,19,0,0,0,0,1,3,2,7,2,0,0,0,0,0,0,2,2,0,2,0,0,0,0,0,0,16,0,0,7,1,0,0,0,1,0,0,0,0,0,0,0,0,0,0,0,0,0,0,0,8,0,0,0,1,0,1,0,1,0,0,0,1,1,0,0,0,0,0,0,0,2,0,0,0,0,0,0,2,0,0,3,0
177,1961,COLEGIO SAO JOSE,"PRAÇA RUI BARBOSA, 661",CENTRO,-25.43555322,-49.27460825,1,0,3454,2588,123,71,0,1,1,9,37,0,1,0,2,1,1,0,15,2,0,1,2,11,0,0,0,1,3,3,2,8,0,3,0,0,0,13,2,0,0,43,0,2,4,0,5,3,2,0,0,2,0,3,2,14,11,0,0,0,2,1,0,1,0,2,1,21,0,7,1,0,14,1,8,0,2,4,0,1,14,11,1,0,2,0,4,5,0,0,0,1,2,0,10,0,5,2,0,0,0,7,0,0,2,0,4,0,3,1,3,0,0,0,76,0,0,1,0,0,0,0,1,0,0,0,2,1,2,0,0,5,2,4,129,0,2,11,98,5,2,1,10,301,6,0,0,0,1,0,1,0,0,0,0,0,0,0,0,11,0,0,3,0,0,0,0,1,3,0,0,0,0,1,0,0,0,0,0,0,0,1,1,0,1,0,1,3,33,0,0,0,1,0,0,0,0,0,3,1,0,0,0,0,1,0,0,0,0,0,1,1,3,0,0,0,1,1,0,0,0,0,0,0,4,3,0,2,0,2,1,0,0,0,0,0,0,0,0,0,2,0,0,0,0,412,4,0,0,0,0,1,0,0,0,2,1,2,0,1,0,0,0,0,0,0,0,1,0,0,0,0,0,5,3,0,0,0,0,0,0,4,0,0,0,0,0,0,4,5,118,1,0,4,0,2,0,1,19,1,0,0,2,0,1,0,0,0,17,1,0,0,3,0,0,1,10,1,0,0,0,1,0,0,0,1,0,0,0,0,0,0,0,0,0,0,0,0,0,0,0,0,0,0,0,6,0,0,0,0,10,0,0,0,0,0,0,0,0,0,0,0,0,0,0,0,1,1,0,1,8,5,0,1,8,1,0,0,0,0,0,14,1,2,3,0,4,0,0,0,0,0,0,0,0,1,1,0,0,0,0,0,0,0,0,0,0,0,0,0,0,0,0,0,0,0,1,0,0,0,0,0,0,0,0,0,0,1,1,0,0,1,1,0,1,1,0,0,0,0,0,0,0,0,0,0,0,0,0,0,0,0,0,0,1,0,0,1,0,0,0,0,1,0,0,0,0,0,0,0,0,0,1,0,25,0,2,0,0,1,0,2,33,0,2,1,0,0,1,0,0,4,5,6,2,0,0,0,0,95,2,0,0,21,0,0,2,9,0,0,0,51,2,2,3,7,0,3,0,5,1,12,1,0,0,0,33,0,1,0,0,0,1,3,3,3,0,0,8,2,0,1,1,1,0,0,0,0,0,0,0,1,0,0,0,0,0,0,0,1,1,0,11,64,0,1,0,0,1,3,2,17,2,3,1,0,0,3,1,10,8,3,2,0,0,0,0,1,1,31,0,0,14,3,0,2,0,0,0,1,1,0,0,0,3,0,0,0,0,0,0,0,0,15,0,4,1,0,0,0,0,1,0,0,0,0,2,0,0,3,0,0,2,0,5,0,0,0,0,0,0,0,0,2,2,0
177,1970,ESCOLA MUNICIPAL ITACELINA BITTENCOURT,RUA SAO PAULO  47,GUAIRA,-25.47072448,-49.27565301,26,0,4147,3275,231,134,0,3,5,4,40,3,2,2,0,2,0,1,20,2,1,0,0,7,1,2,0,0,6,17,0,3,0,4,0,1,2,12,1,0,0,45,1,1,1,0,26,3,4,1,0,0,0,5,1,2,9,0,0,3,2,0,0,0,1,34,7,96,0,5,0,0,10,1,20,0,2,0,0,1,31,15,2,0,31,0,7,7,8,0,14,4,0,0,25,1,0,1,1,0,3,2,0,0,0,0,2,0,3,0,1,0,0,0,94,0,1,0,0,1,0,0,0,0,0,0,0,1,3,0,0,5,3,3,120,0,0,5,91,6,0,2,3,140,2,0,0,1,0,2,0,1,0,2,1,0,0,0,1,18,0,0,1,0,0,0,0,0,2,0,0,0,2,1,0,0,2,3,0,0,0,4,2,0,1,0,0,2,35,1,0,0,4,2,0,0,0,0,0,1,0,0,0,0,0,8,0,0,0,0,0,0,1,0,0,0,2,0,1,1,0,0,0,0,7,0,0,12,0,0,0,0,0,0,0,0,1,0,1,1,1,0,2,0,0,413,2,1,0,0,0,1,3,1,3,0,5,2,0,0,0,2,1,0,0,0,0,0,0,0,0,0,3,3,2,1,0,0,0,0,0,1,0,0,0,0,0,0,0,4,113,8,1,0,0,1,0,0,28,3,0,1,4,0,1,0,0,2,45,1,0,1,4,0,0,1,19,3,0,2,5,3,0,0,0,0,0,0,1,0,0,0,0,0,0,0,0,0,0,0,0,1,1,0,0,0,0,0,0,0,10,0,0,0,0,0,0,4,0,5,0,0,0,0,0,0,0,0,0,0,6,1,1,1,3,2,1,0,0,0,0,4,0,0,2,0,0,0,0,1,0,0,0,0,0,0,0,0,0,0,0,0,0,0,0,0,0,0,0,0,0,0,0,0,0,0,1,0,0,0,0,0,0,0,1,0,0,1,0,0,0,7,0,0,2,1,0,0,0,0,0,1,3,0,1,0,0,0,1,0,0,0,0,0,0,0,0,0,0,0,0,0,2,0,0,0,0,0,0,2,1,1,0,1,5,0,1,0,0,2,0,0,76,0,5,0,1,3,0,0,0,2,1,6,3,0,0,0,0,148,2,0,0,19,0,0,0,24,1,1,1,118,0,0,6,8,0,1,0,3,4,7,2,0,0,0,51,0,1,0,3,0,0,6,3,0,0,0,1,0,1,1,0,0,2,0,0,4,0,0,0,0,0,0,1,0,0,0,0,0,0,0,5,106,0,0,0,0,3,28,2,11,6,2,0,0,0,1,1,8,12,13,4,0,0,0,1,0,13,62,0,1,1,7,2,2,0,0,3,2,0,0,0,0,4,0,0,0,0,0,0,0,0,31,0,0,0,1,0,0,0,0,0,0,0,0,17,0,0,7,0,0,3,0,56,0,0,0,0,0,0,11,0,1,8,0
177,1988,COLEGIO ESTADUAL SANTOS DUMONT,R RIO GRANDE DO SUL 1800,GUAIRA,-25.473585,-49.2800827,26,0,2860,2262,155,98,0,0,0,5,20,1,1,0,0,4,1,0,18,0,0,0,1,13,0,0,0,0,2,13,0,2,0,2,1,1,1,2,0,0,0,27,1,1,0,1,12,0,3,0,0,2,0,2,0,1,2,0,0,0,9,0,0,0,0,27,2,60,0,3,0,1,9,0,10,0,0,1,0,0,14,11,0,0,16,0,4,2,6,0,4,0,0,0,23,0,3,0,0,0,0,0,0,0,0,0,0,0,0,0,0,0,0,0,62,0,0,0,1,0,0,0,0,0,0,0,0,1,1,0,0,3,0,1,90,0,0,5,85,7,1,1,2,108,1,0,0,2,0,1,0,0,0,0,1,0,0,0,0,13,0,0,1,0,0,0,0,0,1,0,0,0,1,0,0,0,0,0,0,0,0,0,3,0,3,0,1,1,18,0,0,1,0,4,0,0,0,0,0,0,0,0,0,0,2,3,0,0,0,1,0,0,0,1,0,0,0,0,1,0,0,0,0,0,6,0,0,0,0,0,0,0,0,2,1,2,0,0,1,0,2,0,1,0,1,273,4,0,0,0,0,1,0,2,1,1,1,1,0,0,0,0,0,0,0,0,0,1,0,0,0,0,2,1,0,2,0,0,0,0,0,0,2,0,0,0,0,0,2,3,80,2,1,0,0,0,0,0,28,1,0,1,3,1,0,0,0,0,21,0,0,0,4,0,0,1,11,1,0,1,1,1,0,1,0,0,0,0,0,0,1,0,0,0,0,0,0,0,0,0,1,0,0,0,0,0,2,0,0,0,5,0,0,0,0,0,0,0,0,1,0,0,0,0,0,0,0,0,0,0,5,1,5,0,4,1,0,1,0,0,1,5,0,0,1,0,1,0,0,2,0,0,0,0,1,1,0,0,0,0,0,0,0,0,0,0,0,0,0,0,0,0,0,0,0,0,0,0,0,0,0,0,0,0,0,0,0,1,0,0,0,4,0,0,1,0,0,0,0,0,0,0,0,0,0,0,0,0,1,0,0,0,0,0,0,0,0,4,1,0,0,0,0,0,0,0,0,0,0,0,0,0,2,0,3,0,2,1,0,1,0,0,42,0,1,0,2,0,0,2,0,1,3,2,2,0,0,0,0,159,2,1,2,18,0,0,1,23,1,0,0,75,0,0,7,3,0,1,0,3,0,7,0,0,0,0,16,0,2,1,1,0,0,9,3,1,0,0,1,0,3,0,0,0,1,0,0,2,0,0,0,0,0,0,0,0,0,0,0,0,0,0,5,58,0,0,0,0,8,19,0,8,3,2,0,0,0,2,1,4,9,4,4,0,0,1,0,0,3,64,0,0,2,5,0,0,0,3,0,1,0,0,0,0,5,0,2,0,0,0,0,0,0,19,1,0,0,1,0,0,0,0,0,0,0,0,15,0,0,20,0,1,3,0,27,0,0,0,0,0,0,2,0,0,4,0
177,1996,COLÉGIO ESTADUAL PROFESSOR ELIAS ABRAHÃO,"AV SENADOR SOUZA NAVES, N. 1221",CRISTO REI,-25.43137327,-49.24553573,6,0,2479,2036,72,59,0,0,0,2,19,0,2,0,0,1,0,0,14,0,0,0,1,17,0,1,0,1,1,5,0,1,0,3,0,0,0,2,1,0,0,7,0,0,0,0,5,0,1,0,0,0,0,0,1,14,14,0,0,1,0,0,0,0,0,2,2,21,0,4,0,0,7,0,13,0,1,1,0,0,17,11,2,0,3,0,0,13,0,0,2,0,0,0,12,0,1,2,0,0,0,1,0,0,0,0,1,0,1,0,0,0,0,0,56,0,0,0,0,0,0,0,0,0,0,0,1,0,0,0,1,5,0,0,60,0,0,5,98,1,0,1,3,126,1,0,0,0,1,1,0,0,0,0,0,0,0,0,0,16,0,0,0,0,0,0,0,1,2,0,0,0,1,0,0,1,0,0,0,0,0,0,3,0,1,0,1,1,39,0,0,1,0,0,0,0,0,0,1,0,0,0,0,0,0,4,0,0,0,0,0,0,0,0,0,0,3,0,0,0,0,0,0,0,3,0,0,1,0,0,0,0,0,3,0,0,0,0,0,0,0,1,0,0,0,421,16,0,1,0,0,0,1,2,2,2,0,0,0,0,0,0,0,0,0,0,0,0,0,0,0,0,0,6,0,0,0,0,0,0,0,0,0,0,0,0,0,0,0,2,144,10,2,3,1,0,1,1,14,0,0,2,0,0,2,0,0,0,12,0,0,0,0,0,0,0,24,2,0,0,0,0,1,0,0,2,0,0,0,0,0,0,0,0,0,0,0,0,0,0,0,0,0,0,0,0,0,0,0,0,6,0,0,0,0,0,0,0,0,0,0,0,0,0,0,0,0,0,0,0,7,2,3,0,6,4,3,0,0,0,0,6,0,2,4,0,1,0,0,0,0,0,0,0,0,0,1,0,0,0,1,0,1,0,0,0,0,0,0,0,0,0,0,0,0,0,0,0,0,0,0,0,0,0,0,0,0,1,0,0,0,0,4,0,0,1,0,0,0,0,0,0,0,0,0,0,0,0,0,0,0,0,0,0,0,0,0,4,0,0,0,0,0,0,0,0,1,0,0,0,0,1,0,1,1,0,4,0,0,1,0,0,14,0,0,0,0,1,0,0,0,0,0,6,0,0,0,0,0,101,0,0,0,13,0,0,2,14,0,0,0,50,0,0,5,3,0,0,0,0,1,6,0,0,0,0,22,0,0,0,2,0,0,3,3,0,0,1,2,0,0,2,0,0,0,0,0,1,0,0,0,0,0,0,2,0,0,0,0,0,0,0,1,76,0,0,0,0,1,5,0,20,4,1,1,0,0,2,0,13,6,0,2,0,0,0,0,0,1,30,0,1,12,3,0,0,0,0,1,0,0,0,0,0,3,0,0,0,0,0,0,0,0,26,3,0,0,0,0,1,0,0,0,0,0,0,4,0,0,0,0,0,0,1,11,0,0,0,0,1,0,3,0,0,4,0
177,2003,ESCOLA ESTADUAL NOSSA SENHORA DE FÁTIMA,"RUA SUÉCIA, N. 197, PRÓXIMO AO KM 400 DA BR 116",TARUMA,-25.43250165,-49.22854458,19,0,3844,3233,133,86,0,0,1,4,31,1,5,0,0,1,0,0,24,0,0,0,0,9,0,0,0,0,4,8,0,0,0,2,0,0,1,11,5,0,0,12,0,0,4,0,9,0,2,0,0,0,0,3,1,12,4,0,0,0,3,0,0,0,1,0,6,37,0,8,0,0,13,0,11,0,3,2,0,0,24,28,0,0,6,0,3,5,0,0,1,7,1,1,22,4,2,4,1,0,0,0,0,0,0,0,0,0,0,0,0,0,0,0,89,0,0,0,0,0,0,0,2,0,0,0,1,0,2,0,2,1,3,0,60,0,0,2,189,1,0,0,3,162,3,0,0,0,0,0,0,0,0,1,1,0,0,0,0,24,0,0,1,0,0,0,0,0,1,0,0,0,1,0,0,4,5,0,0,0,0,0,0,0,2,0,0,11,67,0,0,1,0,1,0,0,0,0,1,2,0,0,0,0,0,2,0,0,0,0,0,0,1,0,0,3,1,0,0,1,0,0,0,0,1,0,0,1,0,0,0,1,0,1,0,3,4,0,0,0,0,0,0,1,0,663,6,0,1,0,0,0,0,0,2,4,3,0,0,0,0,0,0,0,0,0,0,0,0,0,0,0,0,23,0,0,0,0,0,0,0,0,0,0,0,0,0,0,3,3,217,22,2,0,0,3,1,0,13,6,0,2,2,0,8,0,0,0,32,1,0,1,1,0,0,0,19,5,0,0,0,0,0,0,0,1,0,0,0,0,0,0,0,0,0,0,0,0,0,0,0,0,0,0,0,0,0,0,0,0,10,0,0,0,0,0,0,1,0,0,0,0,0,0,0,0,0,0,1,0,19,6,4,3,11,7,1,0,1,2,4,8,0,0,2,1,2,0,0,0,1,0,0,0,4,0,0,0,0,0,0,0,0,0,0,0,0,0,0,1,0,0,0,0,0,0,0,0,0,0,0,0,0,0,0,0,0,0,0,0,0,0,0,0,2,12,0,0,0,0,0,0,0,0,0,0,0,0,0,0,0,0,0,0,0,0,0,6,0,0,0,0,3,0,0,0,0,0,0,0,0,0,1,1,6,1,5,1,0,5,0,3,25,0,5,0,2,2,1,1,0,1,6,5,3,1,0,0,0,123,3,0,0,22,0,0,0,21,0,0,0,65,0,0,6,4,0,2,0,0,0,12,1,3,0,0,18,0,2,0,0,0,0,0,3,1,0,0,6,0,0,0,0,0,0,0,0,1,0,0,0,1,0,0,4,0,0,0,0,0,0,0,8,80,0,0,0,0,2,3,0,36,4,6,1,0,0,3,1,19,2,7,3,0,0,4,3,0,0,44,0,2,10,7,0,0,0,0,0,0,0,0,0,0,1,0,0,0,0,0,0,0,0,149,2,2,0,0,0,0,0,0,0,0,0,0,3,0,0,6,0,0,3,0,57,0,0,0,0,0,0,2,0,0,5,0
177,2011,CURSO POSITIVO (CENTRO),AVENIDA VICENTE MACHADO 317,CENTRO,-25.4344775,-49.2796553,1,0,2004,1519,73,40,0,0,0,9,22,0,2,1,0,0,0,0,9,0,0,0,1,10,0,0,0,0,1,3,0,4,0,2,0,0,0,2,1,0,0,9,0,0,0,0,2,0,0,0,0,0,0,2,0,2,4,0,0,0,2,0,0,0,0,0,0,15,0,2,1,0,11,0,4,0,4,0,0,0,7,9,0,0,2,1,3,7,1,0,0,2,0,1,6,2,4,2,0,0,0,1,0,0,0,0,1,0,0,0,0,0,0,0,43,1,0,0,0,0,0,0,1,0,0,0,0,0,0,0,0,2,0,2,53,0,0,2,44,1,1,0,0,205,0,1,0,0,0,0,0,1,0,1,0,0,0,1,0,10,0,0,0,0,0,0,0,1,2,0,0,0,0,1,0,0,0,0,0,0,0,0,0,0,1,0,0,3,65,1,0,0,0,0,0,0,0,0,0,0,0,0,0,0,0,0,0,0,0,1,0,0,0,1,0,0,0,0,0,1,0,0,0,0,1,1,0,0,1,0,0,0,0,2,0,0,2,0,1,0,1,1,0,0,0,259,9,0,0,0,0,0,0,0,0,0,1,3,0,0,1,0,0,0,0,0,0,0,0,0,0,0,1,0,0,1,0,0,0,0,0,0,0,0,0,0,0,0,3,0,71,3,0,1,0,0,0,1,5,1,0,1,0,0,0,0,0,0,1,0,0,0,2,0,0,0,9,0,0,0,0,0,0,0,0,0,0,0,0,0,0,0,0,0,0,0,0,0,0,0,0,0,0,0,0,0,0,0,0,0,7,0,0,0,0,0,0,0,0,0,0,0,0,0,0,0,0,1,0,0,9,2,0,0,16,1,0,0,1,1,1,12,0,3,2,0,0,0,0,0,0,0,1,0,1,0,1,0,0,0,0,0,0,0,0,0,0,0,0,0,0,0,0,0,1,0,0,0,0,0,0,0,0,0,0,0,0,0,0,0,0,0,0,0,0,0,0,0,0,0,0,0,1,0,0,0,0,0,0,0,0,0,0,0,0,0,0,2,0,0,0,0,0,0,0,0,0,0,0,0,1,0,0,1,13,0,1,0,0,1,0,0,20,0,5,1,3,0,0,0,0,0,4,6,3,0,0,0,0,61,2,0,0,5,0,0,0,11,1,0,0,24,0,0,2,4,0,1,0,0,0,6,1,0,0,1,22,0,3,0,0,0,1,3,2,0,0,2,5,0,1,0,0,0,0,0,0,0,0,0,0,0,0,0,0,0,0,0,0,0,0,0,6,23,0,1,0,0,7,1,0,14,4,1,0,0,0,0,0,9,5,1,4,0,0,0,0,0,0,20,0,0,3,2,0,0,0,0,0,0,0,0,0,0,0,0,0,0,0,0,0,0,1,8,0,0,0,0,0,1,0,0,0,0,0,0,2,1,0,0,0,2,0,0,5,0,0,0,0,0,0,0,0,0,2,0
177,2020,INSTITUTO DE EDUCACAO PROFESSOR ERASMO PILOTTO,R EMILIANO PERNETA 92,CENTRO,-25.43312088,-49.27390943,1,0,2650,2041,114,75,0,1,0,8,29,0,4,0,0,1,1,0,11,1,1,0,0,4,0,0,0,0,0,4,0,0,0,2,0,0,1,7,0,0,0,23,0,3,1,1,2,0,0,0,0,0,0,3,0,11,4,0,0,0,5,0,0,0,0,3,0,21,2,7,0,0,15,0,12,0,1,0,0,1,18,5,3,0,6,0,2,6,6,1,0,0,0,0,8,1,2,0,1,0,0,2,0,0,0,0,1,1,0,0,0,0,0,0,51,1,0,0,0,0,0,0,0,0,0,0,1,1,0,0,3,7,3,2,101,0,4,8,93,2,1,1,5,201,0,1,0,0,0,0,0,0,0,1,1,0,0,0,0,13,0,0,0,0,0,0,0,0,1,0,0,0,0,1,0,0,0,0,1,0,0,0,0,0,1,0,0,4,17,0,0,0,0,0,0,0,0,0,1,0,0,0,0,0,0,1,0,0,0,0,0,1,1,1,0,0,0,0,0,1,0,0,0,0,6,4,2,1,1,0,2,3,0,2,0,0,0,0,0,0,0,1,2,0,0,327,2,0,0,0,0,1,0,1,0,0,2,0,1,0,0,0,0,0,0,0,0,1,1,0,0,0,0,2,0,1,0,0,0,0,0,3,0,0,0,0,0,0,1,4,93,1,1,0,1,1,0,1,14,1,0,0,2,1,3,0,0,0,11,0,0,0,1,0,0,0,10,0,0,0,0,0,2,0,0,0,0,0,0,1,0,0,0,0,1,0,0,1,0,0,0,0,0,0,1,0,0,0,0,0,3,0,0,0,0,0,0,0,0,0,1,0,0,0,0,0,0,0,0,0,5,3,4,1,2,0,0,1,0,0,4,7,0,0,3,0,0,0,0,1,0,0,0,0,1,1,0,0,0,0,0,0,0,0,0,1,0,0,0,0,0,0,0,0,0,0,0,0,0,0,0,0,0,0,0,0,0,1,0,0,0,0,0,0,2,2,0,0,3,0,0,0,0,0,0,0,0,0,0,0,0,0,0,0,0,1,0,2,0,0,0,0,0,0,0,0,0,0,0,0,0,0,0,1,19,0,5,0,0,0,0,0,23,0,0,0,0,0,0,0,0,0,5,12,2,0,0,0,0,87,3,0,0,14,0,0,2,7,1,2,1,42,1,0,8,2,0,1,0,2,0,6,0,0,0,0,35,0,2,1,0,0,0,0,1,1,0,0,4,0,0,0,0,0,0,0,0,4,0,0,0,0,0,0,1,0,0,0,0,0,0,1,4,42,0,1,0,0,5,4,3,12,0,0,0,0,0,0,1,13,8,2,0,0,0,0,0,0,0,37,0,0,15,3,0,0,0,0,1,0,0,2,0,0,3,1,0,0,0,0,0,0,0,20,1,2,1,0,0,1,0,1,0,0,0,1,5,0,0,5,0,0,0,0,5,0,0,0,0,0,0,2,0,0,3,0
177,2038,FUNPAR - FUNDAÇÃO DA UNIVERSIDADE FEDERAL DO PARANÁ,"RUA JOÃO NEGRÃO, 280",CENTRO,-25.43175409,-49.2659358,1,0,569,424,23,15,0,0,0,5,7,0,0,0,0,1,0,0,3,0,0,0,0,0,0,0,0,0,0,1,0,4,0,2,0,0,0,0,0,0,0,7,0,0,0,0,0,0,1,0,0,0,0,1,0,0,1,0,0,0,0,0,0,0,0,0,0,7,0,0,0,1,1,0,0,0,0,0,2,0,6,4,0,0,2,0,0,2,0,0,1,0,0,0,1,1,3,2,0,0,0,0,0,0,0,0,0,0,0,0,0,1,1,0,8,0,0,0,0,0,0,0,0,0,0,0,0,0,0,0,0,0,0,0,25,0,0,2,8,0,0,0,0,56,0,0,0,0,0,3,0,0,0,1,0,0,0,0,0,6,0,0,0,0,0,0,0,0,0,0,0,0,0,0,0,1,0,0,0,0,0,0,0,0,0,0,0,0,1,0,0,0,0,0,0,0,0,0,0,0,0,0,0,0,0,1,0,0,0,0,0,0,0,0,0,0,1,0,0,0,0,0,0,0,0,0,0,0,0,0,0,0,0,0,0,0,0,0,0,0,0,0,0,0,0,57,3,0,0,0,0,0,0,0,0,0,0,1,0,0,0,0,0,0,0,0,0,0,0,0,0,0,0,2,0,0,0,0,0,0,0,0,0,0,0,0,0,0,0,0,16,2,0,2,0,0,0,1,3,1,0,0,0,0,0,0,0,0,0,0,0,0,2,0,0,1,5,2,0,0,0,0,0,0,0,1,0,0,0,0,0,0,0,0,0,0,0,0,0,0,0,0,0,0,0,0,0,0,0,0,3,0,0,0,0,0,0,0,0,0,0,0,0,0,0,0,0,0,0,0,0,0,0,0,0,0,0,0,2,0,0,1,0,0,0,1,0,0,0,0,0,0,0,0,0,0,1,0,0,0,0,0,0,0,0,2,0,0,0,0,0,0,0,0,0,0,0,0,0,0,0,0,0,0,0,0,0,0,0,0,0,1,0,0,0,0,0,0,0,0,0,0,0,0,0,0,0,0,0,0,0,0,0,0,0,0,0,1,0,0,0,0,1,0,0,0,0,0,0,0,0,0,0,0,1,0,0,0,0,0,0,1,7,0,0,0,0,0,0,0,0,0,0,1,2,0,0,0,0,13,0,0,0,3,0,0,0,0,0,0,0,8,0,0,0,2,0,1,0,1,0,1,1,0,0,0,6,0,0,0,0,1,0,2,1,0,0,0,1,0,0,1,0,0,0,0,0,0,0,0,0,0,0,0,0,0,0,0,0,0,0,0,0,14,0,0,0,1,1,0,0,1,0,0,0,0,0,1,0,4,0,0,0,0,0,0,0,0,1,3,0,0,1,2,0,0,0,0,2,0,0,0,0,0,0,0,0,0,0,0,0,0,0,6,0,0,0,0,1,0,0,0,0,0,0,0,1,0,0,0,0,0,0,0,0,0,0,0,0,0,0,0,0,0,0,0
177,2046,PONTIFICIA UNIVERSIDADE CATOLICA DO PARANÁ (PUC/PR),R IMACULADA CONCEICAO  1155,PRADO VELHO,-25.45053682,-49.25260877,24,0,5995,4716,329,177,0,2,4,15,74,2,3,0,1,9,0,2,26,1,0,0,0,14,2,0,1,5,1,26,2,7,0,9,0,2,2,7,0,0,0,91,0,0,1,1,23,0,1,0,2,4,0,2,0,4,9,0,0,0,11,0,0,0,0,5,7,54,0,7,2,1,44,3,18,1,1,4,0,0,45,19,0,0,34,0,7,9,7,1,1,1,2,0,31,1,3,5,0,3,0,1,0,0,1,0,2,2,0,0,0,0,0,0,148,1,1,0,0,0,1,0,3,0,0,0,4,1,1,0,2,8,3,10,371,1,2,15,95,22,0,1,7,308,3,0,0,1,2,3,2,0,0,0,0,0,0,0,0,14,0,0,1,1,0,0,0,1,3,0,0,0,2,0,0,0,2,0,1,0,0,0,5,0,6,0,0,5,55,0,0,0,2,0,0,0,1,0,4,0,0,0,0,1,2,5,0,0,0,0,0,0,1,0,0,0,0,0,0,0,0,0,0,0,9,0,0,7,3,0,0,1,0,4,0,4,1,0,0,0,1,1,2,0,0,462,2,0,0,0,0,0,1,3,1,1,1,0,0,0,2,0,2,0,0,0,0,0,0,0,0,0,0,5,0,0,0,0,0,0,0,0,0,0,0,0,0,1,5,4,126,18,5,1,0,2,4,3,37,0,1,3,1,1,0,0,1,2,32,1,0,0,3,0,0,3,14,5,0,2,5,14,2,1,0,1,0,0,0,0,0,0,0,0,0,0,0,0,0,0,0,0,0,0,0,0,0,0,0,0,9,0,1,0,0,0,0,0,0,0,0,0,0,0,0,3,0,0,0,0,11,3,1,2,8,1,6,0,1,0,2,11,0,1,3,2,1,0,0,0,0,0,0,0,2,0,0,0,1,1,0,0,0,0,0,0,0,0,0,0,0,0,1,0,0,0,0,0,0,0,0,0,0,1,0,0,0,5,1,0,0,0,0,0,2,2,0,0,0,0,0,0,2,0,0,0,0,0,1,0,0,0,0,0,0,0,0,5,0,0,0,0,2,0,0,0,3,0,0,0,0,0,1,0,18,0,7,2,0,0,0,2,73,0,6,1,0,2,3,1,1,4,9,8,8,0,1,1,3,213,5,0,0,30,0,0,3,20,0,0,0,89,2,0,29,17,0,1,0,5,0,5,0,14,0,0,51,1,0,0,2,0,0,3,4,0,1,0,7,0,0,5,0,0,1,0,1,0,0,0,0,0,0,0,2,0,0,0,0,0,1,0,3,103,0,1,0,0,1,13,3,26,6,221,0,1,0,1,5,16,13,8,1,1,0,0,0,0,1,86,0,2,10,9,1,0,0,0,0,7,0,0,0,0,7,2,0,0,0,0,2,0,1,195,0,0,0,4,0,0,0,0,0,0,0,1,21,2,0,13,1,0,2,0,24,1,0,0,0,2,0,1,0,2,5,0
177,2054,COLÉGIO DECISIVO DO CRISTO REI - SUBSEDE I,"RUA DO HERVAL, N. 801",CRISTO REI,-25.43258815,-49.24907486,6,0,5616,4595,177,116,0,1,1,11,64,1,4,1,1,3,0,0,29,2,0,0,0,30,0,2,0,0,4,6,1,7,0,4,0,0,1,10,1,0,0,16,0,0,3,3,8,0,5,0,0,0,0,6,1,20,19,0,0,0,4,0,0,0,0,3,2,63,2,3,0,0,9,0,13,0,3,1,0,1,40,23,6,0,11,0,8,5,4,0,0,3,3,1,28,3,8,1,0,1,0,2,1,0,1,0,9,0,3,0,0,0,0,1,167,0,0,1,0,0,0,0,0,0,0,0,3,1,2,0,3,13,4,2,121,0,3,7,164,6,0,1,7,435,6,1,0,1,0,2,1,0,0,5,0,0,0,0,0,17,0,0,1,0,0,0,0,0,2,0,0,0,3,0,0,3,2,0,0,0,0,0,1,0,2,0,0,3,104,0,0,0,1,0,0,0,0,0,0,5,0,0,0,0,2,2,0,1,0,0,0,0,1,0,0,8,1,0,3,0,0,0,0,0,9,0,0,1,1,0,0,0,0,8,0,1,0,0,3,1,2,1,2,0,0,949,10,0,0,0,0,0,0,4,1,4,2,0,0,1,1,0,0,0,0,0,1,1,0,0,0,0,2,15,1,0,0,0,0,0,0,0,0,0,0,0,0,0,3,9,219,8,1,1,1,0,0,1,28,1,0,2,3,2,2,0,0,1,17,1,0,0,7,0,0,1,37,2,0,0,0,0,0,0,0,0,0,0,0,1,0,0,0,0,0,0,0,0,0,0,0,0,0,0,0,0,0,0,0,0,8,0,0,0,0,0,0,0,0,0,0,3,0,0,0,0,0,2,0,1,28,12,6,1,13,4,4,1,1,1,6,18,0,2,14,2,2,0,0,2,1,0,0,0,3,0,2,0,0,0,0,0,4,0,0,0,0,0,0,0,0,0,0,0,0,0,0,0,0,0,0,0,0,0,0,0,0,0,0,0,0,0,2,0,2,2,0,0,0,0,0,0,1,1,0,0,0,0,0,0,0,0,0,0,0,0,0,20,0,0,0,0,3,0,1,0,0,0,0,0,1,2,1,1,10,0,9,0,0,1,0,2,66,0,3,0,5,1,1,0,0,1,8,12,9,0,0,0,1,189,8,0,0,28,0,0,0,22,0,1,0,99,0,0,7,6,0,1,1,3,1,8,1,1,0,0,47,0,1,0,1,0,0,6,5,3,0,0,6,0,1,0,0,0,0,0,0,1,0,0,0,1,0,0,0,0,0,0,0,0,0,0,8,146,0,0,0,1,4,15,6,35,6,17,4,0,0,6,0,23,10,0,3,0,0,0,0,0,4,61,0,3,16,9,0,0,1,0,0,1,0,0,0,0,3,0,0,1,0,0,0,0,1,76,2,0,7,0,0,1,0,1,1,0,0,0,6,0,0,5,0,3,4,0,28,0,0,0,0,0,0,4,1,2,4,0
177,2062,COLÉGIO ESTADUAL PAULO LEMINSKI,"AV CORONEL AUGUSTO DE ALMEIDA GARRET, N. 135, PRÓXIMO AO DETRAN",TARUMA,-25.42884861,-49.21125648,19,0,2982,2450,155,102,0,1,2,5,34,0,2,0,1,0,0,0,18,1,0,0,0,7,0,0,0,0,3,8,0,3,0,5,0,1,1,7,0,0,0,27,0,0,0,0,13,1,0,0,0,0,0,2,0,1,6,0,0,0,3,1,0,0,1,1,5,18,0,4,0,1,10,1,10,0,0,4,0,0,17,10,0,0,22,0,3,8,2,0,0,0,0,0,18,6,2,2,0,0,0,1,0,0,0,0,1,1,3,0,0,0,0,0,40,0,0,0,0,0,0,0,0,0,0,0,3,1,0,0,2,3,0,0,84,1,0,1,77,6,0,0,9,99,5,0,0,0,2,6,2,0,0,0,0,0,0,0,0,8,0,0,2,0,0,0,0,0,0,0,1,0,5,0,0,0,3,0,0,0,0,3,0,0,4,0,0,1,27,0,0,1,0,0,0,0,0,0,0,0,0,0,0,0,0,0,0,0,0,1,1,0,0,0,0,1,1,0,0,0,1,0,0,1,2,0,0,0,0,0,0,3,0,1,1,10,0,0,0,0,1,1,0,0,0,285,1,1,0,0,0,0,0,0,0,0,1,0,0,2,0,0,0,0,0,0,0,0,0,0,0,0,0,6,0,0,0,0,1,0,0,1,0,0,0,0,0,0,0,6,83,9,2,0,1,1,0,1,24,0,0,0,0,1,5,0,0,0,27,2,0,0,4,0,0,0,6,3,0,0,3,0,1,0,0,6,0,0,0,0,0,0,0,0,0,0,0,0,0,0,0,0,0,0,0,0,0,0,0,0,5,0,0,0,0,0,0,0,3,0,0,0,0,0,0,0,0,0,0,0,5,0,1,0,3,1,0,0,0,1,0,7,0,0,2,0,1,0,0,0,0,0,0,0,1,0,0,0,0,0,0,0,0,0,0,2,0,0,0,0,0,0,0,0,0,0,0,0,0,0,0,0,0,0,0,0,1,3,0,0,0,0,0,0,1,7,0,0,0,0,0,0,0,1,0,0,0,0,0,0,0,0,0,0,0,0,0,6,0,0,0,0,1,0,0,0,0,1,0,0,0,0,0,1,5,0,17,0,0,0,0,1,29,1,0,0,0,2,0,0,0,2,3,4,1,0,0,3,0,131,5,0,0,18,0,0,3,21,0,0,0,67,1,0,11,4,0,1,0,1,0,2,0,1,0,0,30,0,1,0,0,0,0,0,1,1,0,0,6,0,1,0,0,0,0,0,0,1,0,0,0,0,0,0,0,0,0,0,0,0,1,0,2,91,0,0,0,0,2,4,0,24,4,5,0,0,0,0,0,2,7,2,4,0,0,0,0,0,0,49,0,0,6,4,0,0,0,0,2,2,0,0,0,0,3,2,0,1,0,0,0,0,1,272,0,0,0,0,0,1,0,0,0,0,0,0,8,0,0,4,0,1,3,0,36,2,0,0,0,0,0,3,0,0,8,0
177,2070,COLEGIO ESTADUAL DO PARANA,AV JOAO GUALBERTO   250,CENTRO,-25.42329539,-49.26741276,1,0,4824,3821,187,100,0,0,1,12,76,0,4,0,2,5,0,2,20,1,0,0,1,37,0,0,0,2,7,4,2,12,1,6,1,3,0,17,1,0,0,20,0,0,2,3,14,1,10,0,0,1,0,5,1,3,6,0,0,0,7,1,0,0,0,5,2,36,1,6,2,0,20,0,19,1,1,2,0,0,23,17,0,0,7,0,1,8,1,2,0,1,0,1,18,2,7,10,1,0,0,5,1,0,2,0,3,0,0,2,0,0,1,0,100,0,0,0,0,0,0,0,3,0,0,0,3,0,1,0,6,11,2,6,167,0,6,8,137,10,1,2,6,819,4,0,0,2,2,1,1,0,0,1,0,0,0,0,0,17,0,0,1,0,0,0,0,1,0,0,0,1,0,0,0,2,1,1,0,0,0,0,0,0,1,0,0,1,43,0,1,0,0,1,0,0,0,0,4,1,1,0,0,0,1,3,0,0,0,0,0,0,1,0,0,0,7,0,0,0,0,0,0,0,16,0,0,4,0,0,0,1,0,2,1,1,3,0,1,1,1,3,1,0,0,466,6,0,0,0,0,0,1,2,3,3,4,0,0,0,3,0,1,0,0,1,0,1,0,0,0,0,0,5,0,0,0,0,0,0,0,1,0,0,0,0,0,0,4,22,149,2,2,3,1,0,1,4,19,0,0,2,1,0,0,2,0,1,18,0,0,0,3,0,0,0,16,1,0,1,0,0,2,0,0,2,0,0,0,0,0,0,0,0,0,0,0,0,0,0,0,0,0,0,0,0,0,0,0,0,8,0,0,0,0,0,0,0,0,0,0,0,0,0,1,0,1,0,0,1,12,5,1,0,16,3,2,0,1,0,3,20,1,3,5,2,0,0,1,1,0,0,1,0,0,1,0,0,0,0,0,0,0,0,0,0,0,0,0,0,0,0,0,0,0,0,0,0,0,0,0,0,0,0,0,0,0,0,0,0,0,0,2,0,3,0,0,0,0,0,0,0,1,0,0,0,0,0,0,0,0,0,0,0,0,0,0,8,0,0,0,0,0,0,1,0,0,0,0,0,0,1,0,2,42,0,6,1,0,6,0,5,22,0,4,0,1,0,2,0,0,4,7,8,3,0,0,0,0,124,5,0,0,33,0,0,1,19,2,0,0,56,1,0,3,9,0,3,0,3,0,7,0,0,0,0,24,0,0,2,4,0,1,10,8,0,1,0,11,1,0,3,0,0,0,0,0,0,0,0,0,0,0,0,0,0,0,0,0,0,0,0,3,70,0,3,0,0,4,11,3,30,8,7,0,0,0,0,1,10,7,2,2,0,0,0,0,0,1,33,0,2,35,8,0,1,0,1,0,0,0,0,1,0,7,0,0,0,1,0,0,0,0,25,1,0,0,1,1,1,0,0,0,0,0,0,7,0,0,4,0,0,2,0,8,1,0,0,0,0,0,2,0,3,3,0
177,2127,LAR DOS IDOSOS - RECANTO DO TARUMÃ,"RUA KONRAD ADENAUER, 576",TARUMA,-25.425063,-49.214813,19,0,57,51,4,0,0,0,0,0,0,0,0,0,0,0,0,0,0,0,0,0,0,0,0,0,0,0,0,0,0,0,0,0,0,0,0,0,0,0,0,1,0,0,0,0,0,0,0,0,0,0,0,0,0,0,0,0,0,0,0,0,0,0,0,0,0,0,0,0,0,0,0,0,0,0,0,0,0,0,0,0,0,0,0,0,0,0,0,0,0,0,1,0,0,0,0,0,0,0,0,0,0,0,0,0,0,0,0,0,0,0,0,0,0,0,0,0,0,0,0,0,0,0,0,0,0,0,0,0,0,0,0,0,0,0,0,0,1,0,0,0,0,1,0,0,0,0,0,0,0,0,0,0,0,0,0,0,0,1,0,0,0,0,0,0,0,0,0,0,0,0,0,0,0,0,0,0,0,0,0,0,0,0,0,0,0,0,1,0,0,0,0,0,0,0,0,0,0,0,0,0,0,0,0,0,0,0,0,0,0,0,0,0,0,0,0,0,0,0,0,0,0,0,0,0,0,0,0,0,0,0,0,0,0,0,0,0,0,0,0,0,0,0,0,1,0,0,0,0,0,0,0,0,0,0,0,0,0,0,0,0,0,0,0,0,0,0,0,0,0,0,0,0,0,0,0,0,0,0,0,0,0,0,0,0,0,0,0,0,0,0,0,0,0,0,0,0,1,0,0,0,0,0,0,0,0,0,0,0,0,0,0,0,0,0,0,0,0,0,0,0,0,0,0,0,0,0,0,0,0,0,0,0,0,0,0,0,0,0,0,0,0,0,0,0,0,0,0,0,0,0,0,0,0,0,0,0,0,0,0,0,0,0,0,0,0,0,0,0,0,0,0,0,0,0,0,0,0,1,0,0,0,0,0,0,0,0,0,0,0,0,0,0,0,0,0,0,0,0,0,0,0,0,0,0,0,0,0,0,0,0,0,0,0,0,0,0,0,0,0,0,0,0,0,0,0,0,0,0,0,0,0,0,0,0,0,0,0,0,0,0,0,0,0,0,0,0,0,0,0,0,0,0,0,0,0,0,0,0,0,0,0,0,0,0,0,0,0,0,0,0,0,0,0,0,0,0,0,0,0,0,0,0,0,0,0,0,0,0,0,0,0,0,0,0,0,0,0,1,0,0,0,0,0,0,0,0,0,0,0,0,0,0,0,0,0,0,0,2,0,0,0,0,0,0,3,0,0,0,0,0,0,0,0,0,0,0,0,0,0,0,0,0,0,0,0,0,0,0,0,0,0,0,0,0,0,0,0,0,0,0,11,0,0,0,0,0,0,0,0,0,0,3,0,0,0,0,0,1,0,0,0,0,0,0,0,0,0,0,0,0,0,0,0,0,0,0,0,0,0,0,0,0,0,0,0,0,0,0,1,0,0,16,0,0,0,0,0,0,0,0,0,0,0,0,0,0,0,0,0,0,0,0,0,0,0,0,0,0,0,0,0,0,0,0
177,2143,SENAC - SERVIÇO NACIONAL DE APRENDIZAGEM COMERCIAL (VT),"RUA ANDRÉ DE BARROS, 750",CENTRO,-25.433813,-49.265687,1,1,0,340,11,5,0,0,0,1,4,0,0,0,0,0,0,0,3,0,0,0,0,0,0,0,0,1,0,1,0,0,0,0,0,0,0,4,1,0,0,7,0,0,0,1,2,0,0,0,0,0,0,1,1,1,1,0,0,0,0,0,0,0,0,0,0,4,0,1,0,0,5,0,0,0,0,1,0,0,3,2,0,2,0,0,0,0,1,0,1,0,4,0,0,1,3,0,0,0,0,0,2,0,0,0,0,0,1,1,0,0,0,0,5,0,0,0,0,0,0,0,0,0,0,0,0,0,1,0,0,1,0,1,17,0,0,1,9,0,0,0,0,36,2,0,0,0,0,0,0,0,0,0,0,0,0,0,0,2,0,0,0,0,0,0,0,0,0,0,0,0,0,0,0,0,0,0,0,0,0,0,0,0,0,0,0,2,3,0,1,0,0,0,0,0,0,0,0,1,0,0,0,0,0,0,0,0,0,0,0,0,0,0,0,0,0,0,0,0,0,0,0,0,0,0,0,0,0,1,0,0,0,1,0,0,0,0,0,0,0,0,0,0,0,45,1,0,0,0,0,0,0,0,0,0,0,0,0,0,0,0,0,0,0,0,0,0,0,0,0,1,0,0,0,0,0,0,0,0,0,0,0,0,0,0,0,0,1,1,33,1,2,0,0,0,0,0,4,0,0,0,0,0,0,0,0,0,0,0,0,0,3,0,0,0,1,0,0,0,0,0,0,0,2,0,0,0,0,0,0,0,0,0,0,0,0,0,0,0,0,0,0,0,0,0,0,0,0,0,4,0,0,0,0,0,0,0,0,0,0,0,0,0,0,0,0,0,0,0,0,0,0,0,5,0,0,0,1,0,0,1,0,1,0,0,0,0,0,0,1,0,0,0,0,0,0,0,0,0,0,0,0,0,0,0,0,0,0,0,0,0,0,0,0,0,0,0,0,0,0,0,0,0,0,0,0,0,0,0,0,0,0,0,0,0,0,0,0,0,0,0,0,0,0,0,0,0,0,0,0,0,0,0,0,0,0,0,0,0,0,0,0,0,0,0,0,0,0,0,0,0,0,0,0,0,0,0,0,0,0,0,2,1,0,0,1,0,0,0,0,0,1,1,1,0,0,0,0,8,0,0,0,0,0,0,0,1,0,0,0,5,0,0,0,1,0,0,0,0,0,0,0,0,0,0,4,0,0,0,0,0,0,0,0,0,0,2,1,0,0,0,0,0,0,0,0,0,0,0,0,0,0,0,0,0,0,1,0,0,0,0,4,12,0,0,0,0,0,2,0,1,0,1,1,0,0,0,0,0,1,0,0,0,0,0,1,0,0,3,0,0,0,1,0,0,0,0,0,0,0,0,0,0,1,0,0,0,0,1,0,0,0,5,0,0,0,0,0,0,0,0,0,0,0,0,0,0,0,0,0,0,3,0,0,0,0,0,0,1,0,0,0,0,3,0
177,2151,COLÉGIO ESTADUAL DO PARANÁ (VT),"RUA JOÃO GUALBERTO, 250",CENTRO,-25.423063,-49.266437,1,1,0,506,12,3,0,0,0,1,4,0,0,0,0,0,0,0,0,0,0,0,0,3,0,0,0,0,0,0,0,1,0,0,0,0,1,7,2,0,0,1,0,0,0,2,5,0,0,0,0,1,0,0,0,2,2,0,0,0,0,0,0,0,0,0,0,9,0,0,0,2,3,1,2,0,0,0,0,0,2,0,0,0,2,0,2,1,0,1,0,0,3,0,1,4,1,0,0,0,0,0,0,0,0,0,1,0,0,0,0,0,0,0,15,1,0,0,0,0,0,0,0,0,0,0,0,0,0,0,2,6,0,2,21,0,1,6,17,2,0,1,0,59,0,0,0,2,0,0,0,0,0,0,0,0,0,0,0,0,0,0,0,0,0,0,0,0,0,0,0,0,0,0,0,0,0,0,0,0,0,0,0,0,0,0,0,0,3,0,0,0,0,0,0,0,0,0,0,5,0,0,0,0,0,0,0,0,0,0,1,0,0,0,0,0,0,0,0,1,0,0,0,1,1,0,0,0,0,0,0,0,0,1,0,0,0,0,0,0,0,0,0,0,0,64,0,0,0,0,0,0,0,0,0,0,0,0,0,0,0,0,0,0,0,0,0,1,0,0,0,0,0,0,2,0,0,0,0,0,0,0,0,0,0,0,0,0,1,0,29,5,0,0,0,0,0,0,7,0,0,0,0,0,0,0,0,0,0,2,0,0,5,0,0,0,4,0,0,1,0,0,0,0,0,0,0,0,1,0,0,0,0,0,0,0,0,0,0,0,0,0,0,0,0,0,0,0,0,0,1,0,0,0,0,0,0,0,0,0,0,0,0,0,0,0,0,0,0,0,1,0,2,0,10,1,0,0,0,0,0,0,1,0,0,0,0,0,0,0,0,0,0,0,1,0,0,0,0,0,0,0,0,0,0,0,0,0,0,0,0,0,2,0,0,0,0,0,0,0,0,0,0,0,0,0,0,0,0,0,0,0,0,0,1,0,0,0,0,0,0,0,0,0,0,0,0,0,0,0,0,0,0,0,0,0,0,1,0,0,0,0,0,0,0,0,0,0,0,0,0,0,0,1,1,0,0,0,0,1,0,0,4,0,1,1,0,0,0,0,0,2,4,0,0,0,0,0,0,7,1,0,0,5,0,0,1,5,0,0,0,15,1,0,1,6,0,0,0,0,2,1,0,0,0,0,9,0,0,0,1,0,0,1,1,1,0,0,1,0,0,0,0,0,0,0,0,0,0,0,0,0,0,0,0,0,0,0,0,0,0,0,3,14,0,1,0,0,2,3,1,2,2,1,1,0,0,0,0,2,4,0,0,0,0,0,0,0,0,11,0,0,3,1,0,0,0,0,0,0,0,0,0,0,0,0,0,0,0,0,0,0,2,2,0,0,0,0,0,1,0,0,0,0,0,0,0,0,0,1,0,0,1,0,0,0,0,0,0,0,1,0,0,0,0,0
177,2160,FACULDADE DE DIREITO DA UNIVERSIDADE FEDERAL DO PARANÁ (VT),"PRAÇA SANTOS ANDRADE, 50",CENTRO,-25.429063,-49.267688,1,1,0,469,9,5,0,0,0,0,6,0,0,0,0,0,0,0,0,0,0,0,0,1,0,0,0,0,0,1,0,1,0,0,1,0,0,1,0,0,0,5,0,0,0,1,2,2,0,0,1,0,0,0,0,0,1,0,0,0,0,0,0,0,0,2,0,1,0,0,0,0,5,0,1,0,6,0,0,0,1,3,0,0,2,0,1,4,0,1,0,0,6,0,1,8,4,0,0,1,0,0,0,0,0,0,2,1,0,0,0,0,0,0,1,0,0,0,1,0,0,0,0,0,0,0,0,1,0,0,0,4,0,3,37,0,0,1,18,1,0,0,0,84,1,0,0,3,0,0,0,0,0,0,0,0,0,0,0,1,0,0,2,0,0,0,0,0,0,0,0,0,2,0,0,1,0,0,0,0,0,0,1,0,0,0,0,1,8,0,0,0,0,0,0,0,0,0,0,8,0,0,0,0,0,0,0,0,0,0,0,0,0,0,0,0,1,0,0,1,0,0,0,0,4,0,0,0,0,0,0,0,0,2,0,1,0,0,0,0,0,1,0,0,0,27,1,0,0,0,0,0,0,0,0,0,0,0,0,0,0,0,0,0,0,0,0,0,0,0,0,0,0,0,0,0,0,0,0,0,0,0,0,0,0,0,0,0,1,3,29,0,0,0,0,0,0,1,7,0,0,0,0,0,0,0,0,0,3,0,0,0,3,0,0,0,0,0,0,0,0,0,0,0,0,0,0,0,0,0,0,0,0,0,0,0,0,0,0,0,0,0,0,0,0,0,0,0,0,0,1,0,0,0,0,0,0,0,0,0,0,0,0,0,0,0,0,0,0,1,0,0,1,0,1,0,0,0,0,0,0,2,0,0,1,0,0,0,0,0,0,0,0,0,0,0,0,0,0,0,0,0,0,0,0,0,0,0,0,0,0,0,0,0,0,0,0,0,0,0,0,0,0,0,0,0,0,0,0,0,0,0,0,0,0,0,0,0,0,0,0,0,0,0,0,0,0,0,0,0,0,0,0,0,0,0,0,1,0,0,0,0,0,0,0,0,0,0,0,0,0,0,0,2,3,0,0,0,0,0,0,0,2,0,0,0,1,0,0,0,0,0,4,0,0,0,0,0,0,8,1,0,0,0,0,0,2,2,0,0,0,8,0,0,1,0,0,1,0,1,0,0,0,0,0,0,11,0,0,0,2,0,0,2,0,0,0,0,0,0,0,2,0,0,0,0,0,0,0,0,0,0,0,0,0,0,0,0,0,0,0,2,6,11,0,0,0,1,5,0,0,1,1,1,0,0,0,0,0,1,7,0,0,0,0,0,0,0,0,4,0,0,1,1,0,0,0,0,0,1,0,0,0,0,0,0,0,0,0,0,0,1,0,9,0,0,0,0,0,0,0,0,0,0,0,0,0,0,0,0,1,0,1,0,1,0,0,0,0,0,1,0,0,0,0,0
177,2178,COLÉGIO BOM JESUS CENTRO (VT),"RUA 24 DE MAIO, 135",CENTRO,-25.437937,-49.273563,1,1,0,466,9,5,0,0,1,2,8,0,0,0,0,0,0,0,2,0,0,0,0,1,0,0,0,0,0,1,0,0,0,0,0,0,1,5,0,0,0,8,0,0,0,3,0,0,0,0,0,1,0,0,4,0,3,0,0,0,0,0,0,0,0,0,0,2,0,0,0,0,2,0,3,0,3,0,0,0,3,3,0,0,1,0,1,5,0,0,0,0,6,1,0,4,2,1,1,0,0,0,0,0,0,0,0,0,0,0,1,0,0,0,10,0,0,0,0,0,0,0,0,0,0,0,1,0,0,0,2,2,0,0,33,0,0,2,11,0,0,3,0,47,0,0,0,3,0,0,0,0,0,0,0,0,0,0,0,3,0,0,0,0,0,0,0,0,0,0,0,0,0,0,0,0,0,0,0,0,0,0,0,0,0,0,0,2,1,0,0,0,0,0,0,0,0,0,0,2,0,0,0,0,0,0,0,0,0,0,0,0,0,0,0,0,0,0,0,0,0,0,0,0,1,0,0,2,0,0,0,0,0,2,0,0,0,0,0,0,0,1,0,0,0,82,4,0,0,0,0,0,0,0,0,0,0,0,0,0,0,0,0,0,0,0,0,0,0,0,0,0,0,0,0,0,0,0,0,0,0,0,0,0,0,0,0,0,0,1,27,1,0,0,0,0,0,0,4,1,0,0,0,0,0,0,0,0,1,0,0,0,1,0,0,0,0,0,0,0,0,0,0,0,0,0,0,0,0,0,0,0,0,0,0,0,0,0,0,0,0,0,0,0,0,0,0,0,0,0,2,0,0,0,0,0,0,0,0,0,0,0,0,0,0,0,0,0,0,0,0,0,0,0,5,2,0,0,0,0,1,1,0,0,0,0,0,0,0,0,0,0,0,0,0,1,0,0,0,0,0,0,0,0,0,0,0,0,0,0,0,0,0,0,0,0,0,0,0,0,0,0,0,0,1,0,0,0,0,0,0,0,0,0,0,0,0,0,0,0,0,0,0,0,0,0,0,0,0,0,0,0,0,0,0,0,0,0,0,0,0,0,0,0,0,0,0,0,0,0,0,0,0,0,0,0,0,0,0,0,0,0,1,0,0,0,1,0,0,0,0,0,5,2,1,0,0,0,0,9,0,0,0,2,0,0,0,2,0,0,0,11,0,0,0,1,0,2,1,0,3,1,0,0,0,0,8,0,0,0,0,0,0,1,1,1,0,0,0,0,0,0,0,0,0,0,0,0,0,0,0,0,0,0,0,0,0,0,0,0,0,0,5,13,0,1,0,0,3,2,0,1,2,1,1,0,0,0,0,1,1,0,0,0,0,0,1,0,0,10,2,0,0,0,0,0,0,0,0,0,0,0,0,0,0,0,0,0,0,1,0,0,0,9,0,0,0,0,0,0,0,0,0,0,0,0,0,0,0,0,0,0,2,0,0,0,0,0,0,0,0,1,0,0,0,0
178,1201,COLÉGIO IMACULADA CONCEIÇÃO,AVENIDA MANOEL RIBAS  6318,SANTA FELICIDADE,-25.4022832,-49.3312097,63,0,6337,5293,255,187,0,3,1,5,52,6,3,0,0,5,0,2,57,0,0,0,0,16,0,0,0,0,7,20,1,6,0,6,1,1,0,39,2,0,1,41,0,0,0,5,9,0,4,0,1,0,0,4,0,8,23,0,0,0,3,1,0,1,0,6,6,80,0,12,0,1,37,0,14,0,1,2,0,0,40,23,2,2,7,0,8,48,5,0,0,5,11,1,83,1,24,4,1,1,0,0,0,0,1,1,1,0,0,0,0,1,0,1,182,0,0,0,0,0,0,0,0,0,0,1,4,1,0,0,0,7,0,2,114,0,1,3,135,4,0,0,10,233,2,1,0,0,1,3,0,1,0,1,2,0,1,0,0,21,0,0,2,0,0,0,1,5,0,0,0,0,0,1,0,2,1,0,0,0,0,1,2,0,1,0,0,22,64,3,0,0,0,0,0,0,0,0,4,2,0,0,0,0,7,0,0,0,0,2,0,1,6,0,0,1,0,1,1,0,0,0,0,0,6,0,0,2,0,0,0,3,0,4,2,1,0,0,0,2,2,0,3,1,0,1047,13,0,1,0,0,3,1,4,1,1,0,3,0,2,3,0,1,0,0,1,0,2,0,0,0,0,2,26,1,0,0,0,0,0,0,3,0,0,1,0,0,0,3,5,267,16,1,3,2,0,4,1,48,4,0,35,1,2,2,0,0,2,29,1,0,0,2,1,0,3,19,1,0,1,3,2,0,0,0,1,0,0,0,0,0,0,0,0,0,0,0,0,0,1,1,0,10,0,0,0,0,0,0,2,20,0,0,0,0,0,0,0,0,0,0,1,0,0,0,0,0,0,0,0,26,9,0,1,14,5,4,1,1,1,3,13,0,4,3,1,29,0,0,0,2,0,0,0,7,3,1,0,0,0,0,0,0,0,1,6,0,0,0,0,0,0,0,0,0,0,0,0,0,0,0,0,0,0,0,0,0,0,0,0,0,0,2,0,2,1,0,0,0,0,0,0,7,0,0,0,0,0,1,2,1,0,0,0,0,0,0,5,0,0,0,0,0,0,0,0,0,0,1,0,0,0,1,2,8,0,9,0,0,1,0,1,151,0,5,0,2,0,0,2,1,5,2,6,9,0,0,0,0,226,17,0,0,23,0,0,2,26,2,0,0,235,1,1,6,13,0,2,0,6,0,11,1,0,0,0,52,0,1,0,0,0,0,1,4,0,1,0,4,1,0,0,0,0,0,0,0,3,0,0,0,2,0,0,3,0,0,0,0,0,0,0,7,207,0,0,1,3,4,14,1,52,2,10,1,0,0,0,3,29,16,10,6,0,0,0,1,1,3,91,0,1,2,9,0,0,0,0,1,1,0,0,0,0,5,0,0,0,0,4,1,0,0,34,2,1,0,1,0,0,0,0,0,0,0,4,2,0,2,8,0,1,1,0,32,0,0,0,0,0,0,1,0,1,7,2
178,1210,COLÉGIO ESTADUAL ÂNGELO VOLPATO,RUA JOAO VALLE 23,SANTA FELICIDADE,-25.39754909,-49.31871687,63,0,3668,2997,230,163,0,0,2,5,43,1,3,0,0,1,0,0,28,4,0,0,0,4,0,2,0,3,1,20,1,2,0,2,0,0,1,13,3,1,0,24,0,0,0,0,27,0,6,0,0,0,0,1,0,5,6,1,0,0,1,1,0,0,0,0,4,46,0,4,1,0,14,0,11,0,1,1,0,0,27,18,2,0,17,0,2,27,6,0,0,7,6,0,32,0,4,0,0,0,0,1,0,1,0,0,1,0,0,0,1,1,1,0,96,0,0,0,0,3,0,0,1,0,0,0,1,2,1,0,1,4,1,2,80,1,0,7,81,3,1,0,2,135,0,0,0,0,0,5,0,0,0,0,0,0,0,0,0,17,0,0,1,0,0,0,0,1,1,0,0,0,0,0,0,1,2,1,0,0,0,0,1,0,1,1,0,8,24,1,0,2,0,1,1,0,0,0,0,5,0,1,0,0,7,2,0,0,0,0,0,0,5,0,0,1,0,0,1,1,0,0,0,0,4,0,0,2,3,0,0,3,0,0,1,0,0,0,3,0,1,0,0,0,0,383,2,0,1,0,0,0,0,0,2,1,0,0,0,0,1,0,1,0,0,0,0,1,0,0,0,0,0,8,0,0,0,0,0,0,9,1,0,0,0,0,0,0,1,5,99,6,0,0,0,0,2,0,21,0,0,8,0,2,0,0,0,0,11,0,0,0,1,0,0,1,7,3,0,0,1,4,0,0,0,0,0,0,2,0,0,0,0,0,0,0,0,0,0,0,0,0,6,0,0,0,0,0,0,0,2,0,0,0,0,0,0,0,0,0,0,0,0,0,0,0,0,0,0,0,5,2,0,0,10,0,0,0,0,0,0,5,0,1,1,0,4,0,0,0,0,0,0,0,1,0,0,0,0,0,0,0,0,0,0,6,0,0,0,0,0,3,0,0,0,0,0,0,0,0,0,0,0,0,0,0,0,0,0,2,0,0,1,0,1,1,0,1,0,0,0,0,3,0,0,1,0,0,0,0,0,0,0,0,0,0,0,7,0,0,0,0,3,0,0,0,0,0,0,0,0,0,1,1,8,0,4,0,0,1,1,3,86,0,0,0,0,1,0,0,0,3,2,9,2,0,0,0,0,154,4,0,2,11,0,0,5,24,1,0,1,163,0,0,7,17,0,1,0,0,0,5,0,0,0,0,31,0,1,0,0,0,2,0,7,0,0,0,5,0,2,0,0,0,0,0,0,0,0,0,0,0,0,0,11,1,0,0,0,0,0,0,0,129,0,0,1,5,0,11,1,16,25,3,0,0,0,4,0,14,16,5,2,0,0,0,0,0,3,84,0,0,2,1,0,1,0,0,0,0,0,0,0,0,3,0,0,0,0,1,1,0,0,30,0,1,0,0,0,0,0,0,0,0,0,2,10,0,0,7,0,0,0,0,7,0,0,0,0,0,0,6,0,2,5,0
178,1228,COLÉGIO ESTADUAL PROFESSOR FRANCISCO ZARDO,AVENIDA MANOEL RIBAS 7149,SANTA FELICIDADE,-25.39918274,-49.33900531,63,0,3561,2910,210,158,0,0,3,6,31,1,0,0,0,1,0,0,32,1,0,0,0,10,0,2,0,3,2,19,0,3,1,6,0,1,0,15,0,0,0,32,0,1,0,0,19,0,6,1,0,1,0,2,0,5,5,0,0,0,0,1,0,0,0,2,4,31,0,7,0,0,16,0,13,0,0,3,0,0,18,14,0,1,13,0,11,18,6,2,0,6,5,0,57,1,22,0,1,0,0,0,0,0,1,1,2,0,0,0,0,1,0,1,71,0,0,0,0,0,0,0,1,0,0,0,0,1,2,1,1,3,2,4,73,0,1,3,67,1,0,0,4,121,1,0,0,1,0,1,0,0,1,0,0,0,0,0,0,5,0,0,0,1,0,0,0,2,0,0,0,0,1,0,0,2,1,0,0,0,0,0,4,0,0,0,1,1,20,0,0,0,0,0,0,0,0,0,2,0,0,0,0,0,15,1,0,0,0,0,1,1,0,0,0,0,0,0,0,1,0,0,0,0,0,0,0,0,3,1,0,3,0,2,1,0,0,0,1,1,0,1,1,0,0,398,7,0,0,0,0,0,0,0,1,1,0,0,0,0,0,0,0,0,0,0,0,0,0,0,0,0,0,24,1,0,0,0,0,0,0,1,0,0,0,0,0,0,0,1,107,10,2,0,0,0,0,1,35,1,1,7,0,0,1,1,0,0,19,0,0,0,3,0,0,1,7,0,0,2,2,1,0,0,1,2,0,0,0,0,0,0,0,0,0,0,0,0,0,0,0,0,4,0,0,0,0,0,1,0,5,0,0,0,0,0,0,0,1,0,0,0,0,0,0,0,0,0,0,0,11,1,1,1,6,2,1,1,0,1,0,8,0,0,1,1,12,0,0,0,0,0,0,0,3,0,1,0,0,1,0,0,0,0,1,0,0,0,1,0,0,0,0,0,0,0,0,0,0,0,0,0,0,0,0,0,0,0,0,0,0,0,0,1,0,1,0,0,0,0,0,0,6,0,0,0,0,0,0,0,0,0,0,0,0,0,0,1,0,0,0,0,2,0,0,0,0,0,0,0,0,0,0,0,9,0,1,0,0,2,0,0,110,1,2,0,1,0,0,0,0,1,5,9,3,0,0,1,1,173,1,1,0,12,0,0,3,16,0,0,0,155,2,0,6,9,0,0,0,0,0,5,2,0,0,0,30,0,2,2,0,0,0,0,2,1,0,0,1,0,1,0,0,0,0,0,0,2,0,0,0,1,0,0,2,0,0,0,0,0,0,0,4,89,0,1,0,2,2,13,0,14,6,2,2,0,2,0,5,13,8,11,1,0,0,0,0,1,0,80,0,0,3,2,0,0,0,0,0,1,0,0,0,0,2,0,0,0,0,1,2,0,0,35,3,0,0,0,0,0,0,0,0,0,0,1,5,1,0,16,0,0,1,0,11,0,0,0,1,0,0,2,0,0,10,0
178,1236,COLÉGIO ESTADUAL SANTA FELICIDADE,"RUA BORTOLO PAULIN, 227",SANTA FELICIDADE,-25.40646444,-49.33907447,63,0,2655,2236,124,92,0,1,2,2,29,1,3,0,3,1,0,1,18,0,1,0,0,16,0,0,0,1,1,9,0,5,0,2,0,0,1,7,0,0,0,23,0,0,1,0,5,0,0,0,0,0,0,3,0,4,4,0,0,0,0,0,0,0,0,1,7,34,0,3,0,0,23,0,14,0,0,5,0,0,7,12,2,0,6,0,2,5,6,0,0,1,2,0,56,1,9,1,0,0,0,6,0,0,0,0,2,1,1,0,0,0,3,0,50,0,0,0,0,0,0,0,0,0,0,0,0,2,2,0,0,1,0,2,63,0,1,4,79,6,2,0,0,120,3,1,0,0,0,3,0,0,0,1,0,0,0,0,0,5,0,0,1,0,0,0,0,2,0,0,0,0,0,0,0,2,0,0,0,0,0,2,2,0,0,0,0,1,21,0,0,0,1,0,0,0,0,0,0,0,0,0,0,0,3,1,0,0,0,0,0,0,6,0,0,0,0,0,0,1,0,0,0,0,8,0,0,0,0,0,1,0,0,1,0,1,0,0,2,0,1,0,1,0,0,396,9,0,0,0,0,0,0,1,0,1,0,0,0,0,0,0,0,0,1,0,0,2,0,0,0,0,0,8,0,0,0,0,0,0,0,0,0,1,0,0,0,0,0,1,101,4,1,0,1,0,0,1,13,3,0,1,1,1,1,1,0,0,5,0,0,1,3,0,0,0,5,0,0,1,1,0,0,0,3,4,0,0,0,1,0,0,0,0,0,0,0,0,0,0,0,0,8,0,0,0,0,0,0,0,3,0,0,0,0,0,0,0,0,0,0,0,0,0,0,0,0,0,0,0,6,4,0,0,7,2,1,1,0,0,0,10,0,0,1,0,4,0,0,0,0,0,0,0,3,0,1,0,0,0,0,0,1,0,1,0,0,0,0,0,0,0,0,0,0,0,0,1,0,0,0,0,0,0,0,0,0,1,0,0,0,1,0,2,0,0,0,0,0,0,0,0,4,0,0,0,0,0,0,0,0,0,0,0,0,0,0,2,0,0,0,0,0,0,0,0,0,0,0,0,0,0,1,0,4,0,4,0,0,0,0,1,64,0,1,0,0,2,2,1,0,1,3,0,2,0,0,1,0,116,0,1,0,3,0,0,2,19,0,0,0,90,1,0,1,11,0,0,0,0,2,8,1,2,2,0,15,0,1,1,1,0,0,1,2,2,0,0,2,1,0,0,0,0,0,0,0,0,0,0,0,0,0,0,0,0,0,0,0,0,0,0,7,69,0,0,0,0,2,10,0,13,5,1,0,0,0,0,5,4,4,1,2,0,0,0,1,0,1,60,0,1,3,4,0,1,0,0,0,0,0,0,0,1,2,0,0,0,0,1,0,0,0,11,0,1,0,1,0,2,0,0,0,0,0,1,5,0,0,7,0,0,4,0,15,0,0,0,0,0,0,3,0,0,6,0
178,1244,ESCOLA MUNICIPAL FOZ DO IGUACU,"RUA JOAO REFFO, 1304",SANTA FELICIDADE,-25.38099051,-49.33415651,63,0,3412,2740,189,138,0,5,4,4,31,0,4,0,0,2,0,0,20,1,0,0,0,5,0,2,11,0,0,10,4,1,0,12,0,1,0,9,0,2,0,28,0,0,0,1,27,0,17,0,0,0,0,2,0,1,3,0,0,0,7,0,0,0,1,0,3,45,0,7,1,0,10,1,10,0,2,0,0,0,23,6,0,0,14,0,13,30,3,0,0,3,2,1,30,1,12,1,1,0,0,0,0,0,1,0,1,0,1,0,0,0,0,1,86,0,0,0,0,0,0,0,1,0,0,0,1,0,0,0,0,6,1,2,110,0,0,4,65,1,0,0,5,106,1,0,0,0,0,5,0,0,0,0,1,0,0,0,0,14,0,1,1,0,0,0,0,1,1,0,0,1,0,1,0,0,0,0,0,0,0,0,0,0,1,0,0,8,37,0,0,0,0,0,0,0,0,0,3,0,0,0,0,0,5,0,0,0,0,0,0,0,4,0,0,0,0,0,0,0,0,0,0,0,4,0,0,8,0,2,1,2,0,1,1,0,0,0,1,0,5,1,0,0,2,308,0,0,1,0,0,0,0,2,2,0,1,0,0,0,0,0,0,0,0,2,0,0,0,0,0,0,1,10,2,0,0,0,0,0,0,1,0,0,0,0,0,0,0,2,129,17,1,0,0,0,0,3,19,2,0,1,0,2,2,0,0,1,31,0,0,0,1,2,0,1,6,1,0,1,0,0,0,0,0,1,1,0,0,0,0,0,0,0,0,0,0,0,0,0,0,0,1,0,0,0,0,0,0,5,11,0,0,0,0,0,0,1,0,2,0,0,0,0,0,0,0,0,1,0,4,0,0,0,9,1,1,0,0,0,1,4,0,1,0,0,3,0,0,2,0,1,0,0,2,0,0,0,0,0,0,0,0,0,0,2,0,0,0,0,0,0,0,0,0,0,0,0,0,0,0,0,0,0,0,0,0,0,0,0,0,0,0,0,0,0,0,0,0,0,0,0,5,0,0,3,0,0,0,0,0,0,0,0,0,0,0,3,0,0,0,0,0,0,0,0,0,0,0,0,0,0,0,2,4,0,12,0,0,1,0,0,96,0,0,0,0,4,0,0,0,1,3,13,2,1,0,0,0,163,5,0,0,15,0,0,0,9,0,0,0,142,3,2,6,12,0,4,0,0,1,5,1,0,0,0,44,0,0,0,1,0,1,2,2,0,0,0,4,0,0,0,0,0,0,0,0,0,0,0,0,0,0,0,6,0,0,0,0,0,0,0,2,82,0,0,0,2,1,11,1,16,12,3,1,0,0,0,0,5,9,3,0,0,0,0,1,1,1,64,0,0,1,1,0,0,0,1,0,0,0,0,0,0,4,0,0,0,0,0,1,0,0,22,0,3,0,0,0,0,0,0,0,0,0,0,5,0,0,11,0,0,3,0,10,1,0,1,0,0,0,6,0,0,5,0
178,1252,ESCOLA MUNICIPAL VEREADOR JOÃO STIVAL - CONTRA TURNO (SOC IGUACU),AVENIDA MANOEL RIBAS  8172,BUTIATUVINHA,-25.39491811,-49.34761984,61,0,1127,952,59,42,0,1,0,1,10,0,0,0,0,2,0,0,8,2,0,0,0,6,0,0,0,0,0,3,0,0,0,3,0,0,0,2,0,0,0,10,0,0,0,0,3,0,0,0,0,0,0,0,0,1,4,0,0,0,0,0,0,0,0,1,2,14,0,1,0,0,13,0,2,0,0,3,0,0,7,5,0,0,2,0,0,5,2,0,0,0,3,1,26,1,3,1,0,0,0,1,1,0,0,0,1,0,0,1,0,0,0,0,25,0,0,0,0,0,0,0,0,0,0,0,0,0,0,0,0,1,2,1,40,0,0,0,26,2,0,1,2,31,0,0,0,0,0,0,0,1,0,2,0,0,0,0,0,1,0,0,1,0,0,0,0,0,0,0,0,0,0,0,0,0,0,0,0,0,0,1,2,0,0,0,0,5,7,0,0,0,0,0,0,0,0,0,0,0,0,0,0,0,3,0,0,0,0,0,0,0,0,0,0,0,1,0,0,0,0,0,0,0,1,0,0,0,1,0,0,0,0,0,0,0,0,0,0,0,0,0,0,0,0,103,5,0,0,0,0,0,0,0,0,0,0,0,0,1,0,0,0,0,0,0,0,0,0,0,0,0,0,14,0,1,0,0,0,0,0,1,0,0,0,0,0,0,0,0,49,2,0,1,0,0,0,0,8,0,0,0,0,0,0,0,0,0,5,1,0,0,0,0,0,0,4,0,0,0,0,0,0,0,0,0,0,0,0,0,0,0,0,0,0,0,0,0,0,0,0,0,1,0,0,0,0,0,0,2,4,0,0,0,0,0,0,0,0,0,0,0,0,0,0,0,0,0,0,0,4,2,0,0,1,0,0,0,0,0,0,2,0,1,0,0,5,1,0,0,0,0,0,0,0,0,0,0,0,0,0,0,0,0,0,1,0,0,0,0,0,0,0,0,0,0,0,0,0,0,0,0,0,0,0,0,0,0,0,0,0,0,0,0,0,0,0,0,0,0,0,0,5,0,0,0,0,0,0,0,0,0,0,0,0,0,0,1,0,0,0,0,0,0,0,0,0,0,0,0,0,0,0,0,0,1,4,0,0,0,0,0,59,0,0,0,0,0,0,0,0,0,0,0,1,0,0,0,0,45,0,0,0,2,0,0,1,8,1,0,0,39,2,0,1,3,0,0,0,1,0,1,0,0,0,0,10,0,0,1,0,1,0,0,1,0,0,0,0,0,0,0,0,0,1,0,0,1,0,0,0,0,0,0,0,0,0,0,0,0,0,0,1,37,0,0,0,2,0,8,0,7,5,0,0,0,0,0,4,7,3,4,4,0,0,0,0,0,0,24,0,0,0,1,0,1,0,1,0,2,0,0,1,0,0,0,0,0,0,1,0,0,0,5,1,0,0,2,0,0,0,0,0,0,0,0,3,0,0,1,0,0,0,0,6,0,0,0,0,0,0,0,0,0,2,0
178,1287,ESCOLA ESTADUAL PADRE COLBACCHINI,"RUA CAETANO ALESSI , 268",BUTIATUVINHA,-25.39218346,-49.34779356,61,0,1594,1319,123,54,0,0,2,2,9,0,1,0,0,0,0,0,11,0,0,0,0,2,0,0,0,0,0,7,1,1,0,3,0,0,2,4,1,0,0,16,0,0,0,4,1,1,0,0,0,0,0,1,0,2,6,0,0,0,2,0,0,0,0,0,3,17,0,0,0,1,9,0,2,0,0,2,0,0,12,2,1,0,4,0,1,9,1,0,1,1,2,0,41,0,12,2,0,0,0,0,0,0,0,0,0,0,0,0,0,0,0,0,23,0,0,0,0,0,0,0,0,0,0,0,1,0,0,0,0,2,0,5,40,0,0,1,28,3,0,0,2,42,0,0,0,0,0,5,0,0,0,4,0,0,0,0,0,6,0,0,0,0,0,0,0,0,0,0,0,0,1,0,0,0,0,0,0,0,0,0,0,0,1,0,2,2,9,0,0,0,0,0,0,1,0,0,0,0,0,0,0,0,6,0,0,0,0,0,0,0,1,0,0,0,0,0,0,0,0,0,0,0,2,0,0,1,0,0,0,0,0,1,1,0,0,0,0,0,0,0,0,0,0,148,2,1,0,0,0,0,0,0,0,0,0,0,0,0,1,0,0,1,0,0,0,0,0,0,0,0,0,17,1,0,0,0,0,0,0,0,0,0,0,0,0,0,0,1,35,7,0,0,1,0,0,0,13,1,0,0,0,2,0,0,0,0,8,1,0,0,3,0,0,1,5,0,0,1,0,0,0,2,0,1,0,0,0,0,0,0,0,0,0,0,0,0,0,0,0,0,0,0,0,0,0,0,0,0,4,0,0,0,0,0,0,0,0,0,0,0,0,0,0,0,0,0,0,0,8,0,0,0,4,0,0,2,0,0,0,4,0,0,2,1,1,0,0,3,0,0,0,0,1,0,0,0,0,0,0,0,1,0,0,0,0,0,0,0,0,0,0,0,0,0,0,0,0,0,0,0,0,0,0,0,0,0,0,0,0,0,0,0,0,0,0,0,0,0,0,0,6,0,0,1,0,0,1,0,0,0,0,0,0,0,0,0,0,0,0,0,0,0,0,0,0,0,0,0,0,0,0,0,2,0,0,0,0,2,0,0,53,0,0,0,0,0,0,0,0,0,1,1,1,0,0,1,0,100,1,0,0,5,0,0,2,7,1,0,0,58,0,0,3,3,0,0,0,0,0,3,0,0,0,0,21,0,0,0,0,0,0,0,0,0,0,0,1,0,0,0,0,0,0,0,0,0,0,0,1,0,0,0,0,0,0,0,0,0,0,0,2,37,0,0,0,3,2,9,0,8,11,0,0,0,0,0,10,3,3,8,2,0,0,0,0,1,2,42,0,0,1,2,0,1,0,0,1,0,0,0,0,0,3,0,0,0,0,0,0,0,0,20,0,0,0,0,0,0,0,0,0,1,0,0,3,0,0,4,0,0,0,0,6,0,0,0,0,0,0,0,0,0,6,0
178,1295,COLÉGIO ESTADUAL PINHEIRO DO PARANÁ,"RUA DANIEL CESARIO PEREIRA,  559",SANTA FELICIDADE,-25.38684986,-49.33319271,63,0,2190,1800,123,85,0,0,0,3,18,1,3,0,0,0,0,0,22,1,0,0,0,10,0,0,1,0,0,9,1,1,0,4,0,0,0,1,0,0,0,11,0,0,0,2,22,0,7,0,0,0,0,0,0,4,1,0,0,0,1,0,0,0,2,1,1,21,1,2,0,1,7,0,11,0,1,0,0,0,16,5,0,0,14,0,4,11,6,0,0,1,0,2,17,0,7,1,0,0,0,1,0,0,0,0,3,1,0,0,0,0,0,1,48,0,2,0,0,0,0,0,1,0,0,0,1,0,0,0,1,3,1,2,61,0,0,6,57,0,0,0,4,82,3,0,0,0,1,1,0,0,0,0,2,0,0,0,0,12,0,0,0,0,0,0,0,0,0,0,0,0,0,1,0,0,0,0,0,0,0,0,0,0,0,0,0,4,24,0,0,0,0,0,1,0,0,0,3,0,0,0,0,0,1,0,0,0,0,0,0,0,1,0,0,0,0,0,0,0,0,0,0,0,4,0,0,0,1,1,0,1,0,1,2,0,0,0,1,0,1,0,0,0,0,229,0,0,0,0,0,1,0,0,1,0,0,0,1,0,0,0,0,0,0,0,0,0,0,0,0,0,0,5,1,0,0,0,0,0,0,0,0,0,0,0,0,0,0,2,72,7,1,0,0,0,6,2,17,1,0,1,3,0,0,0,0,1,14,0,0,1,0,2,0,1,5,1,0,1,0,1,0,0,0,1,0,0,0,0,0,0,0,0,0,0,0,0,0,0,0,0,1,0,0,0,0,0,0,0,3,0,0,0,0,0,0,0,0,0,0,0,0,0,0,0,0,0,0,0,6,2,2,1,3,0,0,0,0,1,1,2,0,0,0,0,1,0,0,0,0,0,0,0,1,0,0,0,0,0,0,0,0,0,0,0,0,0,0,0,0,0,0,0,0,0,0,0,0,0,0,0,0,0,0,0,0,0,0,0,0,0,1,0,0,0,0,0,0,0,0,0,1,1,0,0,0,0,0,0,0,0,0,0,0,0,0,1,1,0,0,0,0,0,0,0,0,0,0,0,0,0,2,2,2,0,5,0,0,1,0,0,58,0,1,0,0,1,0,0,0,1,2,3,3,0,0,0,0,109,5,0,0,7,0,0,0,6,0,0,0,78,0,0,3,15,0,2,0,1,0,5,1,0,0,1,23,0,0,1,1,0,2,2,1,1,0,0,2,0,1,0,0,0,0,0,0,1,0,0,0,0,0,0,0,0,0,0,0,0,0,0,1,52,0,1,0,0,3,18,0,9,6,2,0,0,0,0,1,4,6,3,0,0,0,0,0,1,1,62,0,0,3,3,0,0,0,2,0,1,0,0,0,0,6,0,0,0,0,0,2,0,0,27,0,1,0,0,0,0,0,0,0,0,0,0,7,0,0,4,0,1,2,0,6,0,0,0,0,1,0,4,0,0,0,0
178,1309,ESCOLA MUNICIPAL PROFESSORA SÕNIA MARIA COIMBRA KENSKI,RUA WANDA WOLFF1186 -CJ MONTE VERDE,SANTA FELICIDADE,-25.37541488,-49.32734162,63,0,1497,1268,74,56,0,3,0,2,22,0,2,0,0,2,0,0,14,0,0,0,0,4,0,0,1,0,2,10,0,0,1,2,0,0,0,10,0,0,0,27,0,0,2,0,7,0,3,0,0,0,0,0,0,3,0,0,0,0,0,0,0,0,0,1,4,13,0,4,0,0,6,0,3,0,0,2,0,0,9,5,0,0,7,0,2,14,3,0,0,1,0,0,20,0,7,0,0,0,0,0,0,0,1,0,3,0,1,0,0,0,0,0,44,0,0,0,0,0,0,0,1,0,0,0,0,0,1,0,0,0,1,3,34,0,0,0,23,2,0,0,3,78,3,0,0,0,0,3,0,0,0,0,3,0,0,0,0,8,0,0,2,0,0,0,0,0,0,0,0,0,0,1,0,0,0,1,0,0,0,0,0,0,0,0,0,5,11,0,0,0,0,0,0,0,0,0,0,0,0,0,0,0,2,0,0,0,0,0,1,0,3,0,0,0,0,0,1,2,0,0,0,0,3,0,0,2,0,0,0,0,0,0,0,0,0,0,0,0,1,0,1,0,1,124,0,0,0,0,0,0,0,0,1,1,1,0,0,0,0,0,0,0,0,3,0,0,0,0,0,0,0,3,0,0,0,0,0,0,0,0,0,0,0,0,0,0,0,1,70,3,0,0,0,0,0,4,9,1,0,0,1,0,0,0,0,1,12,0,0,0,0,0,1,0,1,0,0,2,0,1,1,1,0,0,0,0,0,0,0,0,0,0,0,0,0,0,0,0,0,0,0,0,0,0,0,0,0,0,2,0,0,0,0,0,0,0,0,0,0,0,0,0,0,0,0,0,0,0,2,2,0,0,4,0,4,1,0,0,0,5,0,0,1,0,2,0,0,0,0,0,0,0,0,1,0,0,0,0,0,0,0,0,0,0,0,0,0,0,0,0,0,0,0,0,0,0,0,0,0,0,0,0,0,0,0,0,0,0,0,0,0,0,0,0,0,0,1,0,0,0,1,0,0,0,0,0,0,1,0,0,0,0,0,0,0,6,0,0,0,0,1,0,0,0,0,0,0,1,0,0,1,0,3,0,6,1,0,0,0,0,33,0,0,0,0,0,0,0,0,0,0,4,5,0,0,0,0,75,1,0,0,8,0,0,0,16,0,0,0,51,2,0,5,10,0,1,0,1,0,0,0,0,0,0,18,0,0,0,0,0,0,0,0,0,0,0,0,0,4,0,0,0,1,0,0,0,0,0,0,0,0,0,0,0,0,0,0,0,0,0,1,27,0,0,0,3,10,6,1,5,11,1,1,0,0,0,0,0,13,1,2,0,0,0,0,0,0,38,0,0,0,5,0,0,0,0,0,0,0,1,0,0,0,0,0,0,0,0,0,0,0,6,0,0,0,0,0,0,0,0,0,0,0,0,2,0,0,5,0,1,2,0,0,0,0,0,0,1,0,4,0,0,1,0
178,1635,ESCOLA BAMBINATA,RUA BASSAMO DE GRAPPA 625,SANTA FELICIDADE,-25.3979605,-49.32190762,63,0,2005,1715,76,59,0,0,0,1,17,1,2,0,1,0,0,0,11,1,2,0,0,10,0,1,0,1,1,2,1,0,0,2,0,2,0,5,0,0,0,15,0,0,0,0,11,0,0,0,0,0,0,2,0,4,3,0,0,0,2,0,0,0,0,0,1,28,1,1,1,2,6,1,11,0,0,1,0,0,8,6,2,0,1,0,4,9,1,0,0,3,1,0,17,0,7,1,1,0,0,1,1,0,0,1,1,0,0,0,0,1,0,0,44,1,0,0,0,0,0,0,0,0,1,0,2,0,0,0,1,3,1,3,39,0,0,4,48,0,0,0,6,126,1,0,0,1,0,0,0,0,0,0,1,0,0,0,0,11,0,0,0,0,0,0,0,0,0,0,0,0,0,0,0,1,1,0,0,0,0,0,1,0,0,0,0,5,36,0,0,0,0,0,0,0,0,0,0,0,0,0,0,0,0,2,0,0,0,0,0,0,5,0,0,1,0,0,0,0,0,0,0,0,3,0,0,0,0,0,0,2,0,0,0,0,0,0,2,1,0,0,0,0,0,333,0,0,0,0,0,0,0,0,0,0,1,0,0,1,2,0,0,0,0,0,0,0,0,0,0,0,0,6,0,0,0,0,0,0,0,0,0,0,0,0,0,0,0,4,81,5,0,5,0,0,2,0,12,0,0,4,0,0,1,0,1,0,15,0,0,0,5,0,0,0,7,0,0,1,1,0,0,0,0,0,1,0,0,0,0,0,0,0,0,0,0,0,0,0,0,0,5,0,0,0,0,0,0,1,10,0,0,0,0,0,0,0,0,0,0,0,0,0,0,0,0,0,1,1,8,3,0,0,5,1,1,1,0,0,3,3,0,0,3,1,4,0,0,2,0,0,0,0,1,1,0,0,0,0,0,0,0,0,0,0,0,0,0,0,0,0,0,0,0,0,0,0,0,0,0,0,0,0,0,0,1,1,0,0,0,0,0,2,1,0,0,0,0,0,0,0,4,0,0,0,0,0,0,0,0,0,0,0,0,0,0,1,0,0,0,0,0,0,0,0,0,0,0,0,0,0,1,0,5,0,0,0,0,0,0,0,29,0,3,0,1,1,0,0,0,2,3,1,1,0,0,0,1,102,6,0,0,10,0,0,5,5,0,0,0,56,0,0,1,11,0,0,0,0,0,2,0,0,0,1,9,0,1,0,0,0,0,0,0,0,0,0,2,1,0,0,0,0,0,0,0,0,0,0,0,0,0,0,1,0,0,0,0,0,0,0,1,53,0,1,0,1,4,1,2,12,4,0,0,0,0,0,2,11,6,2,4,0,0,0,1,0,5,39,0,1,2,2,0,0,0,1,0,0,0,0,0,0,0,0,0,0,0,0,0,0,0,16,1,0,0,1,0,0,0,0,0,0,0,1,1,0,0,7,0,0,1,0,3,0,0,0,0,0,0,5,0,0,5,0
178,1643,ESCOLA MUNICIPAL DOS VINHEDOS,"RUA ZEM BERTAPELLE, 284",SANTA FELICIDADE,-25.39825624,-49.33090682,63,0,2062,1717,131,71,0,0,1,4,18,0,0,0,0,0,0,1,12,1,0,0,0,1,0,0,0,1,0,3,0,2,0,6,0,0,0,15,1,0,0,20,0,1,0,0,5,0,3,0,0,0,0,2,0,3,5,0,0,0,2,0,0,0,0,0,4,20,0,0,0,0,10,0,2,0,0,1,0,0,12,4,0,0,7,0,1,12,3,1,3,0,5,1,29,0,16,2,0,2,0,1,0,0,0,0,1,0,1,0,0,0,0,0,45,0,0,0,0,0,0,0,0,0,0,0,0,0,0,0,0,3,0,0,56,0,1,1,41,4,0,0,6,123,0,0,1,0,0,1,0,0,0,0,2,0,0,0,0,8,0,0,1,0,0,0,0,0,0,0,0,0,0,0,0,0,1,1,0,0,0,0,0,0,0,0,0,3,28,0,0,0,0,0,0,0,0,0,0,0,0,0,0,0,1,1,0,0,0,0,0,0,2,0,0,0,1,0,0,1,0,0,0,0,1,0,0,1,0,0,0,1,0,0,0,0,0,0,0,1,0,1,0,0,0,200,1,0,2,0,0,1,0,0,1,2,0,0,1,0,2,0,1,0,0,0,0,0,0,0,0,0,0,6,0,0,0,0,0,0,1,0,0,0,0,0,0,0,2,3,74,2,1,1,0,0,1,1,13,1,0,3,2,0,0,0,0,1,16,1,0,0,4,0,0,1,5,0,0,1,1,0,0,0,0,1,0,0,0,0,0,0,0,0,0,0,0,0,0,0,0,0,3,0,0,0,0,0,0,1,8,0,0,0,0,0,0,0,0,1,0,0,0,0,0,0,0,0,0,0,5,1,0,0,3,0,0,1,0,0,0,9,0,0,5,1,4,0,0,0,0,0,0,0,0,1,0,0,0,0,0,0,0,0,0,4,0,0,1,0,0,2,0,0,1,0,0,0,0,0,0,0,0,0,0,0,0,0,0,0,0,0,0,1,0,0,0,0,0,0,0,0,1,0,0,1,0,0,0,1,0,0,0,0,0,0,0,3,0,0,0,0,0,0,0,0,0,0,0,0,0,0,0,0,3,0,4,0,0,1,0,1,44,1,2,0,0,0,0,0,0,2,2,2,1,0,0,0,0,108,3,0,0,5,0,0,3,14,1,0,1,62,0,0,3,7,0,2,0,1,0,1,0,0,0,0,20,0,0,0,0,0,1,1,5,0,0,0,3,1,0,0,0,0,0,0,0,3,0,0,0,0,0,0,0,0,0,0,0,0,0,0,2,58,0,2,0,1,2,13,1,9,0,3,0,0,0,0,4,8,5,8,3,0,0,0,0,0,0,41,0,0,1,3,0,2,0,0,0,0,0,0,0,0,1,0,0,0,0,0,0,0,1,22,0,1,0,0,0,0,0,0,1,0,0,1,4,1,0,5,0,0,3,0,5,0,0,0,0,0,0,0,0,0,3,0
178,1651,ESCOLA MUNICIPAL VEREADOR JOÃO STIVAL,"RUA JOÃO BUDEL, 163",BUTIATUVINHA,-25.39075513,-49.35514715,61,0,1436,1150,120,57,0,0,0,1,8,1,3,0,0,1,0,0,12,0,0,0,0,5,1,0,0,0,1,1,0,1,0,1,0,1,1,7,0,0,0,13,0,0,0,0,2,0,0,0,0,0,1,0,0,3,5,1,0,0,1,0,0,0,0,0,5,8,0,5,1,2,4,0,8,0,1,1,0,0,7,0,1,0,13,0,3,3,3,1,0,1,1,0,21,0,14,0,0,0,0,1,0,0,0,0,3,0,0,0,0,0,0,0,21,0,0,0,0,0,0,0,0,0,0,0,1,1,0,0,0,0,0,1,41,0,0,2,25,2,0,0,1,31,0,0,0,0,0,3,0,0,0,1,0,0,0,1,1,3,0,0,0,0,0,0,0,0,0,0,0,0,0,0,0,0,1,0,0,0,0,1,3,0,0,0,1,2,13,0,0,0,0,0,0,0,0,0,1,0,0,0,0,0,4,0,0,0,0,1,0,0,0,0,0,0,0,0,0,0,0,0,0,0,4,0,0,0,0,0,0,0,0,2,0,3,0,0,0,0,0,0,0,0,0,96,0,0,0,0,0,0,0,3,0,1,0,0,0,0,0,0,1,0,0,0,0,0,0,0,1,0,0,12,0,0,0,1,0,0,0,0,0,0,0,0,0,0,0,0,38,5,1,0,0,0,0,0,10,1,1,2,0,0,0,0,0,0,27,0,0,0,6,0,0,1,2,0,0,1,1,0,0,0,0,0,0,0,0,0,0,0,0,0,0,0,0,0,0,0,0,0,0,0,0,0,0,0,0,1,2,0,0,0,0,0,0,0,0,0,0,0,0,0,0,0,0,0,0,0,6,1,0,0,1,0,0,0,0,0,0,1,0,1,0,0,2,1,0,0,0,0,0,0,1,0,0,0,0,0,0,0,0,0,0,0,0,0,0,0,0,0,0,0,0,0,0,0,0,0,0,0,0,0,0,0,0,1,0,0,0,0,0,0,0,0,0,0,0,0,0,0,8,1,0,0,0,0,0,0,0,0,0,0,0,0,0,0,0,0,0,0,0,0,0,0,0,0,0,0,0,0,0,0,2,0,2,0,0,2,0,3,41,0,0,0,0,1,0,0,0,1,1,1,1,0,0,0,1,77,1,0,0,1,0,0,1,8,0,0,0,46,0,0,2,6,0,0,0,0,0,0,0,0,0,0,21,0,0,0,0,0,0,0,0,0,0,1,3,0,0,1,0,0,0,0,0,0,0,0,0,0,0,0,1,0,0,0,0,0,0,0,0,35,0,1,0,1,4,3,0,4,1,0,0,0,0,1,9,8,0,2,1,0,0,0,1,3,0,39,0,0,2,0,0,0,0,0,0,0,0,0,0,0,0,0,0,0,0,0,0,0,0,23,0,1,0,1,0,0,0,0,0,0,0,0,10,0,0,5,0,1,0,0,3,0,0,0,0,0,0,0,0,0,2,0
178,1880,COLÉGIO ESTADUAL JÚLIA WANDERLEY,AVENIDA VICENTE MACHADO  1643,BATEL,-25.4393078,-49.291963,10,0,6070,4882,169,115,0,0,2,7,44,0,5,1,1,7,0,0,27,1,0,0,0,29,0,1,0,1,3,12,0,3,0,6,0,0,3,18,1,1,1,11,0,0,1,0,8,0,5,1,0,0,0,1,0,9,25,0,0,0,11,0,0,0,1,0,4,125,0,21,0,0,79,1,20,0,5,7,0,0,28,29,2,0,5,0,4,31,0,0,1,2,1,5,45,6,16,1,0,0,0,0,1,0,2,0,3,0,2,0,0,0,0,0,158,0,0,0,0,0,0,0,0,0,0,0,3,0,0,0,2,10,0,0,102,1,1,10,138,6,0,0,2,278,6,1,0,1,0,0,1,1,0,1,1,0,0,1,0,15,0,2,0,1,0,0,0,0,1,0,0,0,0,0,0,5,1,0,1,0,0,0,1,0,0,0,0,3,73,0,0,0,2,1,0,0,2,0,0,0,0,0,0,0,0,5,0,0,0,0,1,0,1,0,0,0,0,0,1,0,0,0,0,0,4,0,0,3,0,0,1,1,0,4,3,0,0,0,5,0,0,1,1,0,0,1287,10,0,0,0,0,3,0,1,1,0,5,1,0,0,1,0,1,0,0,0,0,3,0,0,0,0,7,7,2,0,0,0,0,0,0,4,0,0,1,0,0,0,2,1,330,2,2,4,0,0,1,0,21,1,0,4,1,2,1,0,1,0,14,0,0,0,15,1,1,3,26,1,0,2,3,0,1,0,0,1,0,0,0,0,0,0,1,0,0,0,0,0,0,0,0,0,0,0,0,0,0,0,0,0,12,0,0,0,0,0,0,0,0,0,0,0,0,0,0,0,0,0,0,1,29,2,2,3,18,4,0,1,0,2,2,25,1,8,4,0,4,0,0,2,0,0,1,1,4,0,0,0,0,0,0,0,1,0,2,0,0,0,0,0,0,0,0,0,0,0,0,0,0,0,1,0,0,0,0,0,0,3,0,0,0,0,0,0,0,1,0,0,0,0,0,0,14,0,0,0,0,0,0,0,0,0,0,0,0,0,0,8,0,0,0,0,0,0,0,0,0,0,0,0,0,0,0,0,5,0,2,1,0,0,0,0,57,0,3,0,0,6,0,0,0,1,2,5,7,0,0,0,0,181,3,0,0,31,0,1,3,24,1,1,0,98,1,0,7,13,0,5,1,1,0,11,2,0,0,0,78,0,0,1,1,1,0,3,2,4,0,0,5,0,0,4,0,1,0,0,0,0,0,0,0,1,0,0,2,0,0,0,0,0,0,0,5,130,0,0,0,0,6,8,7,68,4,6,0,0,1,6,0,108,22,2,7,0,0,0,0,0,6,50,0,0,14,4,0,0,0,1,0,0,0,0,0,0,6,0,0,0,1,0,2,0,0,17,1,0,0,1,0,1,0,0,0,0,0,0,5,0,0,9,0,1,0,0,25,0,0,0,0,2,0,1,0,2,4,1
178,1899,FACULDADE EVANGÉLICA MACKENZIE DO PARANÁ,RUA PADRE ANCHIETA 2770,BIGORRILHO,-25.4359762,-49.3055076,11,0,2437,1935,72,58,0,1,1,1,14,1,1,0,0,1,0,1,11,2,0,0,0,9,0,0,0,0,1,2,0,3,1,3,0,0,0,2,0,2,0,6,0,0,0,1,0,0,5,0,0,0,0,5,2,2,16,0,0,0,2,0,0,0,1,1,0,41,1,9,0,0,16,0,11,0,2,0,0,0,15,9,1,0,1,0,0,9,1,0,3,1,2,0,7,0,6,1,0,0,0,0,0,0,0,0,2,0,0,0,0,0,0,0,66,0,0,0,0,0,0,0,0,0,0,0,1,0,0,0,0,1,0,1,59,0,0,4,51,5,0,0,0,136,3,0,0,0,0,1,0,0,0,0,0,0,0,0,0,13,0,0,0,0,0,0,0,0,2,0,0,0,0,0,0,0,0,0,0,0,0,0,0,0,0,0,0,2,33,1,0,0,0,0,0,0,0,0,1,1,0,0,1,0,0,0,0,0,0,0,0,0,0,0,0,0,1,0,0,0,0,0,0,0,2,0,0,0,0,0,0,0,0,4,0,0,0,0,1,0,0,0,0,0,0,519,5,0,0,0,0,0,0,0,0,1,2,0,0,2,0,0,0,0,0,0,0,2,0,0,0,0,0,7,1,0,1,0,0,0,0,0,0,0,0,0,0,0,0,1,126,3,0,0,0,0,0,0,9,0,0,0,1,1,0,0,0,0,8,0,0,0,4,0,0,1,10,2,0,0,0,0,1,0,1,1,0,0,0,1,0,0,0,0,0,0,0,0,0,0,0,0,0,0,0,0,0,0,0,0,8,0,0,0,0,0,0,0,0,0,0,0,0,0,0,0,0,0,0,0,15,2,0,1,11,0,0,0,0,0,0,6,0,0,0,1,1,1,0,1,0,0,0,0,0,0,0,0,0,0,0,0,0,0,0,1,0,0,0,0,0,1,0,0,0,0,0,1,0,0,0,0,0,0,1,0,0,1,0,0,0,1,0,0,1,0,0,0,0,0,0,0,18,0,0,0,0,0,1,0,0,0,0,0,0,0,0,7,0,0,0,0,0,0,0,0,0,0,0,0,0,0,0,0,4,0,1,0,0,0,0,1,17,0,3,0,0,0,0,0,0,0,4,1,0,0,0,2,0,51,3,2,1,9,0,0,2,9,1,0,0,36,0,0,0,7,0,2,0,0,0,4,0,0,0,1,24,0,1,0,1,0,0,1,1,0,0,0,3,0,0,0,0,1,1,0,0,0,0,0,0,0,0,0,0,0,0,0,0,0,0,0,2,71,0,1,0,0,0,4,0,25,0,4,0,0,0,0,0,18,4,0,3,0,0,0,0,0,2,15,0,1,5,6,0,0,0,1,0,1,0,0,0,0,1,0,0,0,0,0,1,0,0,13,1,1,0,1,0,0,0,0,0,0,0,0,2,0,0,0,0,0,0,0,10,0,0,0,0,0,0,0,0,0,2,0
178,1902,ESCOLA MUNICIPAL PARANAGUÁ,RUA PROFESSOR ANGELO ANTONIO DALLEGRAVE  12,SANTO INÁCIO,-25.4281934,-49.3437133,46,0,2602,2165,130,108,0,0,3,6,16,2,1,1,1,2,0,0,19,2,0,1,0,7,0,0,0,1,0,7,2,1,0,5,0,0,0,15,1,1,0,11,0,0,0,1,3,2,0,0,0,0,0,2,1,2,8,0,0,0,7,0,0,0,0,2,0,79,0,2,0,1,10,0,8,1,3,1,0,0,17,11,1,0,11,0,5,21,4,1,2,0,1,2,32,0,10,0,0,1,0,0,1,0,0,0,3,0,1,0,1,0,0,0,67,0,1,0,0,0,0,0,0,0,0,0,1,0,0,0,0,1,1,0,50,0,1,1,65,4,0,0,11,90,2,0,0,0,0,0,0,0,0,0,0,0,0,1,0,11,0,2,1,0,0,0,0,0,0,0,0,0,0,0,0,2,1,4,0,0,0,0,1,0,1,0,1,3,16,0,1,0,0,0,1,0,0,0,0,0,0,0,0,0,2,1,0,0,0,0,2,0,2,0,0,0,1,0,1,0,0,0,0,0,1,0,0,2,1,0,0,0,0,1,0,0,0,0,4,0,0,0,2,0,0,332,1,0,0,0,0,0,0,9,2,0,3,0,0,0,0,0,1,0,0,0,0,0,0,0,0,0,0,2,0,0,0,0,0,0,0,0,0,3,0,0,0,0,1,0,73,1,1,0,0,0,0,0,19,1,0,1,0,0,3,0,0,0,29,0,0,0,0,0,0,0,8,2,0,0,0,0,0,1,0,6,0,0,0,2,0,0,0,0,0,0,0,0,0,0,0,0,0,1,0,0,0,0,0,0,5,0,0,0,0,1,0,0,0,0,0,0,0,0,0,0,0,0,0,0,3,4,1,0,2,2,1,0,0,0,0,3,1,1,0,0,2,0,0,0,0,0,0,0,0,0,0,0,0,0,0,0,1,1,0,1,0,0,0,0,0,0,0,0,0,0,0,0,0,0,0,0,0,0,0,0,0,0,0,0,0,0,2,5,1,1,0,0,0,0,0,0,2,0,0,0,0,0,0,0,0,0,0,0,0,0,0,3,0,0,0,0,2,0,0,0,0,0,0,0,0,0,0,1,1,0,0,1,0,0,0,3,71,0,3,0,0,0,0,2,0,0,1,0,2,0,0,0,0,126,2,0,1,8,0,0,6,15,0,0,1,73,0,0,4,13,0,0,0,0,0,9,0,1,0,0,26,0,0,0,0,1,0,2,2,0,0,0,1,0,0,0,0,0,0,0,0,0,0,0,0,0,0,0,0,1,0,0,0,0,0,0,4,100,0,0,0,0,8,13,1,6,6,0,0,0,0,0,5,17,6,6,4,0,0,0,0,0,0,44,0,0,3,6,0,0,0,0,0,0,0,0,0,0,1,0,0,0,0,2,0,0,0,14,0,0,0,3,0,0,0,0,0,0,0,0,1,1,0,1,0,0,1,0,22,0,0,0,0,0,0,0,0,1,3,0
178,1910,COLÉGIO SION,ALAMEDA PRESIDENTE TAUNAY 260,BATEL,-25.4367752,-49.2838242,10,0,3949,3257,83,62,0,0,2,7,26,0,1,1,0,4,1,1,19,3,0,0,0,25,0,0,0,1,5,4,3,2,0,5,0,0,0,8,0,1,0,5,0,0,0,1,4,0,3,0,0,0,0,2,0,8,11,0,0,0,5,0,0,2,1,3,2,91,0,12,0,0,39,0,12,0,2,0,0,0,21,16,1,0,2,0,1,23,0,1,2,4,2,0,16,1,6,3,2,2,0,1,1,0,0,0,5,0,1,0,0,1,0,0,96,0,0,3,0,0,0,0,2,0,0,0,5,0,0,0,0,2,0,3,71,0,1,5,80,6,1,1,4,291,5,0,0,2,1,2,0,0,0,0,0,0,0,0,0,16,0,0,0,0,0,0,0,0,6,1,0,0,0,1,0,1,0,0,0,0,0,0,0,0,0,0,0,1,87,0,1,0,0,0,0,0,0,0,0,1,0,0,0,0,1,0,0,0,0,1,0,0,2,0,0,2,0,0,2,0,0,0,0,0,2,0,0,3,3,0,0,0,0,3,1,0,0,0,0,0,1,2,0,0,0,912,10,0,0,0,0,1,0,5,0,3,7,1,1,0,3,0,0,0,0,0,0,1,0,0,0,0,0,5,2,0,0,0,0,0,0,0,0,0,0,0,0,0,3,1,179,0,0,5,0,0,1,2,15,0,0,3,0,2,0,0,0,0,5,1,0,0,1,0,0,0,13,1,0,0,1,0,0,0,0,0,0,0,0,0,0,0,0,0,0,0,0,0,0,0,0,0,1,0,0,1,0,0,0,0,9,0,0,0,0,1,0,0,0,0,0,0,0,0,0,0,0,0,0,1,31,4,2,0,17,4,1,2,0,0,1,20,0,5,3,0,1,0,1,1,0,0,0,0,1,1,0,0,0,0,0,1,0,0,0,0,0,0,0,0,0,2,0,0,0,0,0,0,0,0,0,0,0,0,0,0,0,1,0,0,0,0,0,0,0,0,0,0,1,0,0,0,3,0,0,0,0,0,0,0,0,0,0,0,0,0,0,5,0,0,0,0,1,0,0,0,0,0,0,0,0,0,0,0,3,0,1,0,0,1,0,0,32,0,2,0,0,1,3,0,0,3,2,9,9,0,0,1,0,100,3,1,1,22,0,0,1,12,2,1,0,50,0,0,6,16,0,3,0,1,0,6,0,0,0,0,46,0,1,2,0,1,0,3,1,0,0,0,2,0,0,0,0,0,0,0,0,0,0,0,0,1,0,0,1,0,0,0,0,0,1,0,6,66,0,0,0,0,4,6,5,69,0,0,0,0,0,1,1,54,10,3,4,0,0,0,1,0,5,19,1,0,15,4,0,0,0,0,0,0,0,0,0,0,4,0,0,0,0,0,0,0,0,16,0,0,0,1,0,0,0,0,0,0,0,0,0,0,0,2,0,0,0,0,0,0,0,0,0,0,0,0,0,0,5,0
178,1929,UNIVERSIDADE TUIUTI DO PARANÁ (CAMPUS BARIGUI),"RUA SYDNEI ANTONIO RANGEL SANTOS, 238",SANTO INÁCIO,-25.4244459,-49.3185512,46,0,12687,10153,436,364,0,6,7,15,120,4,8,4,2,9,0,2,69,4,0,0,1,65,0,0,0,4,6,34,0,18,0,16,1,0,1,17,6,2,0,40,1,3,4,9,29,1,14,1,0,0,0,14,4,13,33,0,0,1,20,3,0,0,6,9,10,165,0,17,2,1,70,1,72,1,5,8,4,1,85,58,5,0,33,1,25,36,15,6,11,6,5,6,103,3,23,7,0,0,0,3,1,0,4,1,3,0,2,0,0,0,1,0,284,2,1,0,1,0,0,0,2,0,2,0,8,0,2,0,4,13,2,7,245,1,2,10,296,10,2,2,10,658,3,2,1,3,1,6,1,0,0,0,3,0,0,0,1,41,0,0,3,0,0,0,0,0,6,0,0,1,1,4,0,9,2,0,1,0,0,0,2,0,2,0,1,12,173,1,0,1,0,1,0,0,0,0,1,4,1,0,0,0,9,5,1,0,0,0,3,2,12,1,0,3,1,0,2,0,0,1,1,1,7,1,0,5,3,1,0,0,0,6,2,0,0,0,12,0,3,2,1,0,0,2105,17,1,1,0,0,2,5,3,4,7,3,2,3,1,4,0,2,0,0,1,0,2,0,0,0,0,10,44,2,0,0,0,0,0,0,3,0,1,0,0,0,0,7,9,538,26,3,1,4,0,2,3,80,5,0,1,2,0,3,0,2,4,41,1,0,0,17,0,2,2,48,7,0,4,2,3,5,0,1,4,0,0,1,2,1,0,0,0,0,0,0,0,0,0,1,0,10,0,0,1,0,0,0,0,51,0,0,0,0,0,0,0,0,0,0,2,0,0,0,0,0,0,0,1,42,19,7,0,38,3,3,5,1,1,9,54,0,5,10,3,21,1,0,2,2,0,2,0,10,0,1,0,0,1,0,1,3,0,0,0,0,0,3,0,0,0,1,0,1,0,0,4,0,0,0,0,0,0,1,0,0,2,0,0,0,2,4,0,1,1,0,0,0,0,0,0,43,0,1,0,0,0,0,1,0,0,0,0,0,0,0,16,0,0,1,0,3,0,2,0,0,1,0,0,0,1,3,0,21,0,2,2,0,1,0,0,180,0,8,0,3,1,0,2,0,7,23,25,12,1,0,3,0,459,13,1,0,45,0,0,8,45,8,1,2,251,0,0,17,32,1,4,0,2,2,29,2,3,3,0,108,0,4,0,2,4,0,13,13,2,1,0,7,1,1,1,0,0,0,0,0,1,0,0,0,0,0,0,3,0,0,0,0,1,0,0,19,319,0,3,0,3,16,45,2,113,13,22,3,0,0,2,0,68,44,13,15,0,0,1,0,2,7,179,3,2,18,22,0,0,0,3,0,2,0,1,1,1,19,0,0,0,0,2,1,0,0,54,5,4,0,4,2,1,0,3,0,0,0,0,13,0,0,21,0,3,6,1,48,0,0,1,0,0,2,3,0,0,18,0
178,1937,COLÉGIO ESTADUAL SÃO BRAZ,AVENIDA VEREADOR TOALDO TULIO    2880,SÃO BRAZ,-25.41579682,-49.35108891,60,0,2128,1670,82,69,0,0,2,2,16,1,0,0,1,1,1,0,8,1,0,0,0,8,0,1,0,2,1,7,0,2,0,1,0,1,0,6,0,0,0,13,0,0,2,1,5,0,3,0,0,0,0,3,0,7,8,0,0,0,2,0,0,0,0,0,2,33,0,1,0,0,4,0,10,0,1,2,0,0,13,4,0,0,4,0,2,12,2,0,0,0,0,0,39,0,1,0,0,0,0,1,0,0,1,0,0,0,0,0,0,0,0,0,47,0,0,0,0,0,1,0,0,0,0,1,2,0,0,1,1,2,0,3,53,0,0,1,65,3,0,0,1,103,1,0,0,0,0,0,0,0,0,0,1,0,0,0,0,12,0,0,1,0,0,1,0,0,2,0,0,0,0,0,0,0,0,0,0,0,0,2,2,0,1,0,0,6,10,0,0,0,2,0,0,0,0,0,1,0,0,0,0,0,1,0,0,0,0,0,0,0,3,0,0,0,1,0,1,0,0,0,0,0,2,0,0,1,1,0,0,2,0,0,0,0,0,0,2,0,0,0,0,0,0,279,0,0,0,0,0,0,0,1,0,0,0,0,1,0,1,0,0,0,0,0,0,0,0,0,0,0,0,6,1,0,0,0,0,0,0,1,1,0,0,0,0,0,1,1,70,4,1,1,0,0,1,0,11,0,0,1,3,0,1,1,0,0,8,0,0,2,2,0,1,1,5,1,0,0,0,0,0,0,0,4,0,0,0,0,0,0,0,0,0,0,0,0,0,0,0,0,2,0,0,0,0,0,0,0,4,0,0,0,1,0,0,0,0,0,0,0,0,0,0,0,0,0,0,0,8,2,2,0,4,4,0,0,1,1,0,2,0,0,0,0,2,0,0,0,0,0,0,0,1,0,1,0,1,0,0,0,0,0,0,1,0,0,0,0,0,0,0,0,0,0,0,0,0,0,0,0,0,0,0,0,0,0,0,0,0,0,0,0,0,1,0,0,0,0,0,0,1,0,0,0,0,0,0,0,0,0,0,0,0,0,0,4,2,0,0,0,1,0,0,0,0,0,0,1,1,0,0,1,4,0,2,0,0,0,0,0,45,0,0,0,0,0,0,0,0,0,2,3,1,0,0,0,0,76,4,0,0,8,1,0,1,16,2,0,0,66,0,0,1,4,0,0,0,1,0,8,0,0,0,0,20,0,0,0,4,0,0,1,1,0,0,0,0,0,0,0,0,0,0,0,0,2,0,0,0,0,0,0,0,0,0,0,0,0,0,0,1,61,0,0,0,0,2,9,0,10,5,1,3,0,0,0,3,8,8,3,2,0,0,0,0,0,2,38,0,1,0,6,0,0,0,0,0,0,0,0,0,0,5,0,0,0,0,1,0,0,0,18,0,0,0,0,0,0,0,0,0,0,0,0,0,0,0,5,0,0,2,0,7,0,0,0,0,0,0,2,0,0,5,0
178,1945,ESCOLA MUNICIPAL CAMPO MOURÃO,"RUA ACYR SANTOS, 14",VILA IZABEL,-25.459816,-49.2988024,28,0,1681,1399,48,40,0,1,1,2,16,0,1,1,1,0,0,2,8,1,0,0,0,9,1,0,0,1,1,1,0,2,0,3,0,0,0,7,0,0,0,6,0,0,0,0,1,0,0,0,0,0,0,2,0,0,13,0,0,0,0,1,0,0,0,0,2,32,0,0,0,0,7,0,6,1,1,2,0,0,14,5,0,0,2,0,2,2,4,1,0,0,0,0,14,1,2,0,0,0,0,0,0,0,0,0,1,0,1,0,0,0,1,1,72,1,0,0,0,0,0,0,0,0,0,1,5,1,0,0,0,0,1,0,36,0,0,4,65,0,3,0,0,98,2,0,0,0,0,1,0,0,0,0,0,0,0,0,0,11,0,0,0,0,0,0,0,0,0,0,0,0,0,0,0,1,1,0,0,0,0,0,0,0,1,1,0,0,13,0,0,0,0,0,0,0,0,0,0,0,0,0,0,0,0,1,0,0,0,0,0,0,1,0,0,0,0,0,0,0,0,0,0,0,4,0,0,2,1,0,0,0,0,2,0,0,0,0,0,1,0,0,0,0,0,275,4,0,0,1,0,0,1,0,4,0,0,0,0,0,0,0,0,0,0,0,0,0,0,0,0,0,1,2,0,0,0,0,0,0,0,0,0,0,1,0,0,0,0,2,59,1,4,0,0,0,0,1,14,0,0,0,1,0,0,0,0,0,4,0,0,0,6,0,0,0,9,0,0,0,0,0,0,0,0,0,0,0,0,0,0,0,0,0,0,0,0,0,0,0,0,0,0,0,0,0,0,0,0,0,4,0,0,0,0,0,0,0,0,0,0,0,0,0,0,0,0,0,0,0,9,3,0,0,7,2,1,0,0,1,1,10,0,2,0,0,1,0,0,0,0,0,2,0,1,0,0,0,0,0,0,0,0,0,0,1,0,0,0,0,0,0,0,0,0,0,0,1,0,0,0,0,0,0,0,0,0,1,0,0,0,0,0,0,2,0,0,0,0,0,0,0,0,0,0,0,0,0,0,0,0,0,0,0,0,0,0,1,0,0,0,0,0,0,0,0,0,0,0,0,0,0,0,0,1,0,1,0,0,0,0,1,19,0,1,1,1,1,0,0,0,0,2,1,2,0,0,1,3,62,0,0,0,13,0,0,3,18,0,0,0,22,0,0,0,1,0,1,0,1,0,1,1,0,0,0,9,0,0,0,0,0,0,0,1,0,0,0,3,1,0,1,0,0,1,0,0,1,0,0,0,0,0,0,0,0,0,0,0,0,0,0,0,55,0,0,0,0,5,4,2,16,1,0,0,0,0,0,0,18,1,1,0,0,0,0,0,0,7,24,0,0,1,1,0,0,0,0,0,1,0,0,0,0,2,0,0,0,0,0,0,0,0,18,0,0,0,0,0,0,0,0,0,0,0,0,0,0,0,3,0,0,1,0,16,0,0,0,0,0,0,1,0,0,4,0
178,1961,COLÉGIO ESTADUAL PADRE SILVESTRE KANDORA,RUA PROFESSORA MARIA HELENE KRUZIELSKI BREDOW   26,SÃO BRAZ,-25.419938,-49.346812,60,0,3612,2966,241,148,0,1,2,2,22,0,2,0,2,0,0,1,30,0,0,0,1,6,0,1,0,1,1,15,0,2,2,4,0,0,1,12,0,1,0,34,0,1,1,1,2,0,0,2,0,0,0,2,0,2,5,0,0,0,2,0,0,0,2,2,9,82,0,7,1,1,12,1,9,0,1,5,0,0,30,13,1,1,29,0,4,17,4,0,0,0,2,0,67,0,2,1,0,0,0,0,1,2,0,0,4,0,1,0,0,0,0,0,82,0,0,0,0,0,0,0,0,0,0,0,0,0,0,0,0,4,2,1,98,0,0,5,115,1,2,3,7,158,1,0,0,0,2,1,1,0,0,0,0,0,0,0,0,17,0,0,2,0,0,0,0,0,0,0,0,0,0,0,0,0,5,1,0,0,0,0,1,0,0,0,0,3,24,0,0,1,0,2,0,0,0,0,1,0,0,1,0,0,8,2,0,0,0,1,0,0,3,0,0,0,1,0,1,0,0,0,0,5,3,0,0,2,0,0,0,1,0,0,0,0,0,0,0,0,0,0,0,0,0,382,1,0,0,0,1,0,0,2,0,3,1,0,1,0,0,0,1,0,0,0,0,0,0,0,0,0,0,17,1,0,0,0,0,0,0,0,0,0,0,0,0,0,0,2,115,1,1,3,0,0,0,1,40,0,1,3,2,0,0,3,0,0,28,1,0,1,7,0,0,0,7,0,0,1,2,0,0,0,0,2,0,0,0,0,0,0,0,0,0,0,0,0,0,0,0,0,0,3,0,0,0,0,0,0,13,0,0,0,0,0,0,0,0,0,0,0,0,0,0,0,0,0,0,0,8,2,2,0,2,0,0,1,0,0,1,7,0,0,1,1,3,0,0,1,0,0,1,0,3,0,0,0,0,0,0,2,0,0,0,1,0,0,0,1,0,0,0,0,0,0,0,0,0,0,0,0,0,0,0,0,0,0,0,0,0,0,0,2,4,1,0,0,0,0,0,0,3,0,1,0,0,0,0,0,0,0,0,0,0,0,0,4,0,0,0,0,2,0,0,0,0,0,0,0,0,0,0,0,2,0,5,3,0,0,0,0,83,0,0,1,0,0,0,0,0,0,2,6,1,0,0,0,2,169,0,1,0,4,0,0,1,21,0,0,0,107,0,1,6,15,0,0,0,0,0,3,1,0,0,0,25,0,5,2,1,1,0,0,1,0,0,0,3,0,2,1,0,0,0,1,0,0,0,0,0,0,0,0,7,0,0,0,1,0,0,0,4,90,0,0,0,1,10,15,0,23,7,1,2,0,0,1,6,12,6,10,1,0,0,0,0,0,1,88,0,1,0,6,0,0,0,0,1,0,0,0,0,0,4,0,0,0,1,0,0,0,0,20,1,1,0,1,0,0,0,0,0,0,0,0,7,0,0,8,0,0,0,0,13,0,0,0,0,0,0,0,0,0,9,1
178,1970,COLÉGIO ESTADUAL PROFESSOR OLAVO DEL CLARO,"RUA CLARA FILLA, 282",SÃO BRAZ,-25.41555888,-49.36101334,60,0,2537,2071,184,107,0,0,2,4,24,0,2,0,0,3,0,0,17,2,0,0,0,4,0,0,0,5,0,9,1,2,1,3,0,3,0,19,1,0,0,25,1,0,0,0,17,0,6,0,0,0,0,5,1,6,3,0,0,0,6,1,0,0,0,0,8,57,0,6,0,0,10,0,8,0,0,1,0,1,19,8,0,0,19,0,2,18,5,0,0,0,0,0,43,0,4,0,1,0,1,0,0,0,1,0,1,0,0,0,0,0,0,0,53,0,0,0,0,0,0,0,0,0,0,1,0,1,0,1,0,4,0,0,66,0,1,1,47,3,1,1,6,34,1,0,1,0,0,3,0,0,0,0,0,0,0,0,1,32,0,0,3,0,0,0,0,0,0,0,0,0,0,0,0,0,0,0,0,0,0,0,0,0,0,0,0,4,15,0,0,0,0,1,0,0,0,0,1,1,0,0,0,0,4,2,0,0,0,1,0,0,1,0,0,0,0,0,0,0,0,0,0,0,0,0,0,2,0,0,0,1,0,0,0,0,0,0,0,1,0,0,0,0,0,203,1,0,0,0,0,0,0,0,0,1,0,0,2,1,2,0,1,0,0,2,0,0,0,0,0,0,0,27,1,0,0,0,0,0,0,0,0,0,0,0,0,0,0,0,75,6,1,0,0,0,0,2,19,2,0,0,0,0,0,0,0,1,36,0,0,0,3,2,0,0,3,3,0,3,0,0,0,0,0,2,0,0,0,6,0,0,0,0,0,0,0,0,0,0,0,0,0,0,0,0,0,0,0,1,1,0,0,0,0,0,0,0,0,0,0,0,0,0,0,0,0,0,1,0,6,2,2,0,2,0,0,0,0,0,1,12,1,0,0,0,0,0,0,0,0,0,0,0,2,0,0,0,0,0,0,0,1,0,0,2,0,0,0,0,0,0,0,0,0,0,0,0,0,0,0,0,0,0,0,0,0,0,0,0,0,0,0,1,0,0,0,0,1,0,0,0,0,0,1,0,0,0,0,0,0,0,0,0,0,0,0,2,0,0,0,0,0,0,0,0,0,0,0,0,0,0,0,3,9,0,2,1,0,2,0,3,77,1,0,0,0,1,0,0,0,0,0,2,6,0,0,0,0,127,6,0,0,2,0,0,1,17,1,0,0,93,0,0,2,18,0,0,0,4,0,4,0,0,1,0,38,0,2,1,1,0,1,0,0,0,0,0,1,0,5,0,0,0,0,0,0,1,0,0,0,0,0,0,0,0,0,0,0,1,0,0,1,66,0,0,0,0,3,5,0,3,11,0,1,0,0,1,3,2,8,8,1,0,0,0,0,1,3,54,2,1,1,1,0,1,0,1,0,0,0,0,0,0,2,0,0,0,0,0,0,0,0,14,1,0,0,0,1,0,0,0,0,1,0,0,5,0,0,5,0,0,1,1,7,0,0,0,0,0,0,3,0,0,2,0
178,1988,COLÉGIO MARISTA PARANAENSE,AVENIDA BISPO DOM JOSE 2674,SEMINÁRIO,-25.44782,-49.2978255,29,0,6242,5126,165,98,0,2,4,6,36,1,1,0,1,4,0,1,33,1,0,0,1,39,0,0,0,0,6,11,2,4,0,4,0,2,1,15,1,2,0,14,0,0,1,3,5,1,6,0,0,1,0,7,0,5,17,0,0,0,11,1,0,0,0,4,4,128,0,13,0,0,59,1,28,0,1,4,0,0,19,26,2,0,6,0,7,22,4,0,8,3,3,0,25,3,19,7,2,0,2,4,3,0,3,0,7,0,5,0,1,0,1,0,157,0,0,2,0,0,0,0,3,0,0,0,2,2,2,0,4,10,2,1,109,0,2,7,120,2,1,1,4,439,6,1,0,1,0,2,0,0,0,1,1,0,0,0,0,28,0,0,0,0,0,0,0,4,4,0,0,0,0,1,0,5,3,0,0,0,0,0,3,0,1,0,0,2,98,0,0,0,0,0,0,0,0,0,1,1,0,0,0,0,0,1,0,0,0,1,0,2,1,4,0,1,3,1,4,0,0,0,0,0,2,0,0,3,1,0,0,0,0,4,3,0,0,0,6,1,0,1,1,0,0,1289,19,2,0,0,0,0,2,6,2,0,6,1,0,0,2,0,1,1,0,1,0,2,0,0,0,0,1,6,6,0,0,0,0,0,0,2,0,0,0,0,0,0,3,6,302,11,1,3,2,1,0,2,39,1,0,2,3,2,1,0,0,0,17,1,0,0,11,0,0,1,34,1,0,1,1,1,3,0,0,1,0,0,0,6,0,0,0,0,0,0,0,0,0,0,0,1,0,0,0,0,0,0,0,0,19,0,0,0,0,1,0,0,0,0,0,1,0,0,0,0,0,0,0,0,30,9,3,0,29,11,1,4,4,1,3,42,0,5,10,0,2,2,0,0,0,0,0,0,3,0,1,0,0,0,0,0,0,0,0,2,0,0,0,0,0,1,1,0,0,0,0,2,0,1,0,0,0,0,0,0,0,0,0,0,0,0,0,0,0,1,0,0,0,0,0,0,6,0,0,0,0,0,1,0,0,0,0,0,0,0,0,6,1,0,0,0,1,0,0,0,0,0,0,0,1,0,2,0,8,1,2,1,0,0,0,0,52,0,3,0,0,1,0,1,1,2,3,4,6,0,0,0,0,200,2,1,0,43,0,0,8,18,0,0,0,92,0,0,5,12,0,2,0,2,0,16,3,0,1,0,56,0,1,2,0,0,0,6,3,1,1,0,4,2,1,1,0,0,0,0,0,0,0,0,0,0,0,0,6,0,0,0,0,0,0,1,11,128,0,0,0,0,4,9,5,79,0,3,1,0,0,0,0,60,20,1,12,0,0,6,1,0,8,58,1,0,10,4,0,0,0,1,0,2,0,0,1,0,12,0,0,0,0,0,2,0,0,16,10,0,0,2,0,0,0,0,0,0,0,2,5,0,0,3,0,0,0,0,40,1,0,0,0,0,0,2,0,1,6,0
178,1996,ESCOLA ESTADUAL RIO BRANCO,AVENIDA BISPO DOM JOSE  2426,SEMINÁRIO,-25.4457152,-49.2956519,29,0,2312,1911,70,39,0,0,1,4,7,0,1,0,0,1,0,0,12,0,0,0,0,8,0,0,0,1,4,7,0,1,0,2,0,0,0,8,0,0,0,2,0,0,0,0,2,1,0,0,0,2,0,4,0,4,6,0,0,0,3,1,0,0,0,2,0,61,0,5,0,0,27,0,12,0,0,1,0,0,13,8,1,0,1,0,3,9,1,0,3,1,5,0,19,3,8,6,0,0,0,1,0,0,2,0,1,0,0,0,0,0,1,0,66,0,0,0,0,0,0,0,0,0,0,0,4,1,1,0,0,3,0,0,46,0,0,6,54,2,0,1,0,95,1,0,0,0,0,0,0,0,0,0,0,0,0,0,0,8,0,0,0,0,0,0,0,2,1,0,0,0,0,0,0,0,1,0,0,0,0,0,0,0,2,0,0,4,34,0,0,0,0,0,0,0,0,0,1,0,0,0,0,0,0,0,0,0,0,0,0,0,1,1,0,0,0,0,0,0,0,0,0,0,1,0,0,0,0,0,0,0,0,2,0,0,0,0,0,0,0,0,0,0,0,511,5,0,0,0,0,1,0,2,0,0,2,0,0,0,0,0,1,0,0,0,1,1,0,0,0,0,1,0,1,0,0,0,0,0,0,1,0,0,0,0,0,0,1,1,99,2,0,2,1,0,1,1,14,1,0,1,0,2,1,1,0,0,3,1,0,0,6,0,0,0,13,0,0,1,0,0,1,0,0,0,0,0,0,0,0,0,0,0,0,0,0,0,0,0,0,0,0,0,0,1,0,0,0,0,2,0,0,0,0,0,0,0,0,0,0,0,0,0,0,0,0,0,0,2,13,8,2,2,8,2,0,2,0,0,2,14,0,0,5,0,2,0,0,0,0,0,0,0,0,0,0,0,0,0,0,0,0,0,0,0,0,0,0,0,0,1,0,0,0,0,0,0,0,0,0,0,0,0,1,0,0,0,0,0,0,0,0,0,0,0,0,0,0,0,0,0,6,0,0,0,0,0,0,0,0,0,0,0,0,0,0,3,1,0,0,0,3,0,0,0,0,0,0,0,0,0,1,0,3,0,0,0,0,0,0,0,21,0,2,0,0,2,0,0,0,0,4,3,3,0,0,0,0,77,2,0,0,16,0,0,0,6,1,0,0,34,0,0,3,1,0,2,0,0,0,1,0,0,1,0,20,0,0,0,0,0,0,2,1,0,0,0,2,0,0,0,0,0,0,0,0,1,0,0,0,0,0,0,0,0,0,0,0,0,0,0,3,43,0,1,0,0,3,2,1,53,1,5,0,0,0,0,0,36,3,0,2,0,0,0,0,0,2,23,0,0,1,2,0,0,0,0,0,0,0,0,0,0,1,1,0,0,0,0,0,0,0,11,4,0,0,0,0,0,1,0,0,0,0,0,3,0,0,0,0,0,0,0,14,0,0,0,0,0,0,0,0,0,3,0
178,2011,ESCOLA MUNICIPAL CEI PEDRO DALLABONA,RUA VIRGINIA DALLABONA 456,ORLEANS,-25.4296141,-49.3563186,59,0,2440,2029,115,83,0,0,0,1,15,0,4,0,0,5,0,2,16,0,0,0,0,9,0,2,0,0,1,8,0,1,0,4,0,0,0,9,0,0,0,26,0,0,0,1,7,0,0,0,0,0,0,6,1,5,3,0,0,0,5,2,0,0,3,1,6,25,0,2,0,0,10,0,15,0,0,2,0,0,18,16,1,1,12,0,5,11,5,1,2,2,0,1,29,2,0,3,1,0,0,0,0,0,0,1,1,0,0,0,0,0,0,0,58,0,0,0,0,0,0,0,0,0,0,0,0,0,1,0,0,0,1,0,81,0,1,6,86,2,0,0,9,109,0,0,0,3,0,0,0,0,0,0,0,0,0,0,2,11,0,0,1,0,0,0,0,0,0,0,0,0,0,0,0,0,3,0,0,0,0,0,3,0,1,0,0,4,29,0,0,1,1,0,0,0,0,0,0,0,0,0,0,0,1,4,0,0,1,0,0,0,0,0,0,0,0,0,0,0,0,1,0,1,0,0,0,4,0,0,0,0,0,0,0,0,0,0,1,0,0,1,0,0,0,317,1,0,0,0,0,0,0,0,1,0,0,1,1,0,0,1,4,0,0,0,0,1,0,0,0,0,1,14,0,0,0,0,2,0,0,0,0,1,0,0,0,0,1,3,63,3,2,0,0,0,0,0,15,0,0,0,0,0,0,0,2,0,23,0,0,8,0,0,0,0,4,0,0,1,0,0,0,0,0,2,0,0,1,0,0,0,0,0,0,0,0,0,0,0,0,0,1,0,0,0,0,0,0,1,4,0,0,0,0,0,0,0,0,0,0,0,0,0,0,0,0,0,0,0,4,2,2,0,1,1,1,0,2,0,1,4,0,0,4,2,1,0,0,0,0,0,0,1,0,0,0,0,0,0,0,0,0,0,1,0,0,0,0,0,1,1,0,0,0,0,0,0,0,0,0,0,0,0,0,0,0,0,0,0,0,0,0,1,0,1,0,0,0,0,0,0,3,0,0,0,0,0,0,0,0,0,0,0,0,0,0,2,0,0,0,0,2,0,2,0,0,0,0,0,0,0,0,1,1,0,0,1,0,0,0,1,44,0,4,0,0,5,0,2,0,1,3,5,0,0,0,0,0,95,1,0,0,7,0,0,4,17,1,0,0,79,0,0,6,4,0,0,0,0,0,2,0,0,0,0,18,0,2,0,0,1,0,3,0,0,0,0,3,0,0,0,0,0,0,0,0,0,0,0,0,1,0,0,0,0,0,0,0,0,0,0,4,79,0,0,0,1,1,9,1,20,5,4,0,1,0,0,2,7,20,4,1,0,0,0,0,1,0,34,0,0,3,5,0,0,1,0,0,0,0,0,0,0,1,0,0,0,0,0,1,0,0,32,1,0,0,0,1,0,0,0,0,0,0,0,2,0,0,9,1,0,0,0,6,0,0,0,0,0,0,2,0,0,5,0
178,2020,ESCOLA MUNICIPAL CEI RAOUL WALLENBERG,"RUA HERMENEGILDO LUCA, CJ FERNAO DIAS   2400",BUTIATUVINHA,-25.41091467,-49.36148374,61,0,1607,1327,93,69,0,1,3,1,9,0,1,0,0,0,0,0,8,0,0,0,0,4,0,0,0,0,0,3,0,2,0,5,0,0,1,4,2,0,0,12,0,0,0,0,10,0,1,0,0,0,0,3,0,6,0,0,0,0,2,0,0,0,0,0,2,15,0,3,0,0,1,0,7,0,1,3,0,0,10,6,2,0,7,0,1,9,1,0,2,0,0,1,24,1,11,0,0,0,0,0,3,0,0,0,0,1,1,0,0,0,0,0,57,0,0,0,0,0,0,0,0,0,0,0,3,0,0,0,0,0,0,1,39,1,0,0,47,2,0,0,1,46,2,1,0,0,0,0,0,0,0,0,0,0,0,0,0,19,0,0,0,0,0,0,1,0,0,0,0,0,0,0,0,0,0,0,0,0,0,0,0,0,0,0,0,4,7,0,0,0,0,0,0,0,0,0,2,0,0,0,0,0,0,0,0,0,0,0,0,0,0,0,0,0,0,0,0,0,0,0,0,0,2,0,0,0,0,0,0,2,0,0,0,0,0,0,1,0,3,0,0,0,0,178,0,0,0,0,0,0,0,0,0,0,0,0,0,0,1,0,3,0,0,0,0,0,0,0,0,0,0,6,1,0,0,0,0,0,0,0,0,0,0,0,0,0,0,0,41,2,1,0,1,0,0,0,4,1,0,0,0,1,0,0,0,0,13,0,0,0,0,1,0,0,5,0,0,1,1,0,0,0,0,0,0,0,0,0,0,0,0,0,0,0,0,0,0,0,0,0,0,0,0,0,0,0,0,0,5,0,0,0,0,0,0,0,0,0,0,0,0,0,0,0,0,0,0,0,4,0,1,0,1,2,1,1,1,0,0,1,0,0,0,0,1,0,0,0,0,1,0,0,0,0,0,0,0,0,0,0,0,0,0,1,0,0,0,0,0,0,0,0,0,0,0,0,0,0,0,0,0,0,0,0,0,2,0,0,0,0,0,0,3,0,0,0,0,0,0,0,1,0,1,1,0,0,0,0,0,0,0,0,0,0,0,1,0,0,0,0,0,0,0,0,0,0,0,0,0,0,0,0,0,0,0,0,0,0,0,0,36,0,2,0,0,1,0,0,0,4,2,4,0,0,0,0,0,90,1,0,0,9,0,0,1,13,0,0,0,53,1,0,1,8,0,0,0,0,0,3,0,0,0,0,19,2,0,0,1,0,0,0,1,0,0,0,1,1,12,0,0,0,0,0,0,0,0,0,0,0,0,0,1,0,0,0,0,0,0,0,5,46,0,1,0,2,5,5,0,6,2,0,1,0,0,0,5,1,5,2,3,0,0,0,0,0,1,34,0,1,2,3,0,0,0,0,1,0,0,0,0,0,1,2,0,0,0,0,0,0,0,12,2,0,0,0,0,0,0,0,0,0,0,1,2,0,0,7,0,0,5,0,9,0,0,0,0,0,0,4,0,0,1,0
178,2046,ESCOLA ESTADUAL HELENA DIONYSIO,RUA FRANCISCO JUGLAIR  94,MOSSUNGUE,-25.4383667,-49.3331773,45,0,1740,1426,65,29,0,0,0,2,17,1,1,1,2,2,0,0,6,1,0,0,0,10,0,0,0,0,1,5,4,1,0,1,0,0,0,6,1,1,0,9,0,0,0,3,4,0,2,0,0,0,0,0,0,2,6,0,0,0,1,0,0,0,7,1,4,33,0,1,0,0,12,0,6,0,0,2,0,0,18,11,0,0,7,0,2,5,0,0,1,1,0,0,13,1,7,2,0,0,0,1,0,0,1,0,3,0,0,0,0,0,0,0,50,0,0,0,0,0,0,0,0,0,0,0,1,0,1,0,1,1,1,0,33,0,0,4,45,1,0,0,1,55,1,0,0,0,0,1,0,0,0,0,1,0,0,0,1,3,0,0,0,0,0,0,0,0,1,0,0,0,0,0,0,2,0,0,0,0,0,0,1,0,1,0,0,0,18,0,0,1,0,0,0,0,0,0,0,0,0,0,0,0,0,0,0,0,0,0,2,0,1,0,0,0,2,0,0,1,0,0,0,0,1,0,0,2,0,0,0,1,0,1,0,0,0,0,0,0,0,0,1,0,0,350,7,0,0,0,0,0,0,1,0,0,0,0,0,0,1,0,0,0,0,0,0,0,0,0,0,0,0,2,0,0,0,0,0,0,0,0,0,0,0,0,0,0,0,2,90,0,0,1,0,0,0,1,4,0,0,0,0,0,0,0,0,0,8,0,0,0,4,0,0,0,4,1,0,0,1,0,1,1,0,0,0,0,0,0,0,0,0,0,0,0,0,0,0,0,0,0,0,0,0,0,0,0,0,0,3,0,0,0,0,0,0,0,0,0,0,0,0,0,0,0,0,0,0,1,11,6,3,0,7,1,2,0,0,0,0,11,0,1,1,1,2,0,0,0,1,0,0,0,2,0,0,0,0,0,0,0,0,0,0,0,0,0,0,0,0,0,0,0,0,0,0,0,0,0,0,0,0,0,0,0,0,1,0,0,0,1,0,0,1,1,0,0,0,0,0,0,3,0,1,0,0,0,0,0,0,0,0,0,0,0,0,0,0,0,0,0,6,0,0,0,0,0,0,0,0,0,0,2,0,0,3,0,0,0,0,1,17,0,2,0,1,1,0,2,1,1,0,0,3,0,0,0,0,50,0,0,0,3,0,0,0,9,0,0,0,23,0,0,0,2,0,3,0,2,0,9,0,0,0,0,22,0,0,0,0,0,0,3,0,0,0,0,0,0,0,0,0,0,2,0,0,0,0,0,0,0,0,0,0,0,0,0,0,0,0,0,0,41,1,0,0,1,2,7,2,18,2,1,0,0,0,1,1,15,4,1,4,0,0,1,0,0,1,36,0,0,1,1,0,1,0,0,0,0,0,0,0,0,2,1,0,0,0,0,0,0,0,5,0,1,0,1,0,0,0,0,0,0,0,0,2,1,0,1,0,0,0,0,2,0,0,0,0,0,0,0,0,0,0,0
178,2054,ESCOLA ESTADUAL DOM ORIONE ( ANTIGA ESC. EST.  NILSON BATISTA RIBAS),RUA JAIME VEIGA 472,SEMINÁRIO,-25.4522023,-49.310843,29,0,1083,907,39,22,0,0,2,3,4,1,0,0,2,1,0,0,10,1,0,0,0,5,0,0,0,0,0,1,0,0,0,1,0,0,0,3,0,0,0,5,0,0,0,0,2,0,1,0,0,0,0,4,0,2,5,1,0,0,1,0,0,0,2,0,1,29,0,0,0,0,9,0,5,0,0,0,0,0,1,11,0,0,0,0,2,6,0,1,0,0,0,0,6,0,0,0,0,0,0,1,0,0,0,0,1,0,0,0,0,0,0,0,24,0,0,0,0,0,0,0,0,0,0,0,1,1,0,0,0,0,0,0,12,0,0,0,22,0,0,0,1,46,0,0,0,0,0,0,0,0,0,0,0,0,0,0,0,3,0,0,0,0,0,0,0,0,2,0,0,0,0,0,0,0,0,0,0,0,0,1,0,0,0,0,0,1,12,0,0,1,0,0,0,0,0,0,2,0,0,0,0,0,0,2,0,0,1,0,0,0,1,0,0,0,1,0,0,0,0,0,0,0,1,0,0,1,0,0,0,0,0,0,0,0,0,0,2,0,1,0,0,0,0,204,1,0,0,0,0,1,0,4,1,0,2,0,0,0,1,0,0,0,0,0,0,0,0,0,0,1,0,0,0,0,0,0,0,0,0,0,0,0,0,0,0,0,1,7,54,2,0,0,0,0,0,0,8,0,0,0,0,1,0,0,0,0,3,0,0,0,4,0,0,0,14,0,0,0,0,0,3,0,0,0,0,0,0,2,0,0,0,0,0,0,0,0,0,0,0,0,0,0,0,0,0,0,0,0,4,0,0,0,0,0,0,0,0,0,0,0,0,0,0,0,0,0,0,0,6,4,0,0,2,0,0,0,0,0,0,3,0,4,3,0,0,0,0,0,0,0,0,1,3,0,0,0,0,0,0,0,0,0,0,0,0,0,0,0,0,0,0,0,0,0,0,0,0,0,0,0,0,0,0,0,0,0,0,0,0,0,0,0,0,0,0,0,0,0,0,0,1,0,0,0,1,0,0,0,0,0,0,0,0,0,0,1,0,0,0,0,0,0,0,0,0,0,0,0,0,0,0,0,0,0,0,0,0,0,0,0,12,0,0,0,0,0,0,0,0,0,0,5,3,0,0,0,0,45,0,0,0,4,0,0,0,2,0,0,0,21,0,0,0,5,0,2,0,0,0,3,2,1,0,0,16,0,1,0,0,0,0,1,0,0,0,0,3,0,0,0,0,0,0,0,0,1,0,0,0,0,0,0,0,0,0,0,0,0,0,0,1,21,0,0,0,0,1,1,2,17,1,2,0,0,0,0,0,20,0,0,1,0,0,0,0,0,1,15,1,0,0,0,0,0,0,0,0,0,0,0,0,0,1,0,0,0,0,1,0,0,0,1,0,0,0,0,0,4,0,0,0,0,0,0,2,0,0,0,0,0,1,0,8,0,0,0,0,0,0,0,0,0,1,0
178,2062,FACULDADE PARANAENSE - FAPAR,"ALAMEDA DOM PEDRO II, 432",BATEL,-25.4391433,-49.2852161,10,0,2423,1910,59,29,0,1,0,5,15,0,0,0,3,4,0,0,16,1,0,0,0,18,0,0,0,0,4,3,0,2,0,2,1,0,0,6,1,0,0,4,0,0,0,2,5,0,3,0,0,0,0,1,1,5,6,0,0,0,1,0,0,1,0,6,3,40,1,3,0,0,22,0,8,0,0,0,0,1,14,13,0,0,0,0,1,12,2,0,0,0,0,0,9,0,1,3,0,1,0,2,0,0,1,1,0,1,1,0,0,0,0,0,55,0,0,1,0,0,0,0,0,0,0,0,1,0,0,0,0,1,0,0,55,0,1,2,29,0,0,2,1,175,0,0,0,0,0,0,0,0,0,0,1,0,0,0,0,10,0,0,0,0,0,0,0,2,1,0,0,0,2,1,0,2,1,0,0,0,0,1,0,0,0,0,1,1,45,0,0,0,0,0,0,0,0,0,0,0,0,0,0,0,0,2,0,0,0,0,0,0,1,0,0,0,2,0,0,0,0,0,0,0,2,0,0,1,1,0,0,0,0,2,0,0,0,0,1,0,0,1,0,0,0,484,2,1,0,0,0,0,0,0,0,0,0,0,0,0,0,0,0,0,0,0,0,3,0,0,0,0,0,0,1,0,0,0,0,0,0,0,0,0,0,0,0,0,1,4,95,2,1,2,0,0,0,1,12,0,0,2,1,1,0,0,0,0,5,1,0,0,1,0,0,0,8,0,0,0,0,0,4,0,0,0,0,0,0,1,0,0,0,0,0,0,0,0,3,0,0,0,0,0,0,0,0,0,0,0,6,0,0,0,0,0,0,0,0,0,0,0,0,0,0,0,0,0,0,0,14,8,0,0,14,2,1,3,0,0,3,17,1,1,3,0,2,1,1,1,0,1,1,0,0,0,2,0,0,0,0,0,0,0,0,1,0,0,0,0,0,0,0,0,0,0,0,0,1,0,0,0,0,0,0,0,0,1,0,0,0,0,0,0,2,0,0,0,0,0,0,0,1,0,0,0,0,0,0,0,0,0,0,0,0,0,0,1,0,0,0,0,2,0,0,0,0,0,0,2,0,1,2,0,7,0,1,0,0,0,0,1,16,0,1,1,1,3,0,0,0,1,3,6,3,0,0,0,0,81,1,2,0,18,0,0,2,8,3,1,0,34,0,0,5,9,0,2,0,0,0,1,0,0,0,0,28,0,0,0,0,0,0,1,2,2,0,0,1,0,0,0,0,0,0,0,1,0,0,0,0,0,0,0,0,2,0,0,0,0,0,0,1,46,0,0,0,1,3,2,1,24,1,3,0,0,0,0,4,23,5,1,2,0,0,0,0,0,4,15,0,0,5,4,0,0,0,0,0,1,0,0,0,0,3,0,0,0,0,0,0,0,0,10,1,1,0,0,0,1,0,0,0,0,0,0,0,1,0,2,1,0,1,0,12,0,0,0,0,0,0,0,0,0,2,0
178,2070,ESCOLA MUNICIPAL CEI PROFESSOR JÚLIO MOREIRA,RUA ALEXANDRE MARKOSKI   82,SÃO BRAZ,-25.418062,-49.342938,60,0,3253,2622,214,134,0,1,7,5,25,0,5,1,1,3,0,1,18,1,0,0,0,2,0,1,1,0,4,20,1,3,0,7,1,0,1,23,0,1,0,32,0,0,0,1,17,1,5,2,0,0,0,8,0,6,7,0,0,0,6,0,0,0,4,4,6,34,0,1,1,0,8,1,4,0,0,2,0,1,27,9,2,0,17,0,14,18,6,0,1,1,1,0,61,0,7,1,0,0,0,0,0,0,0,0,4,0,1,0,0,0,0,2,74,0,0,0,0,0,0,0,0,0,0,0,0,0,0,0,0,4,3,1,79,0,1,4,128,2,1,2,2,115,3,0,0,0,1,2,0,0,0,0,0,1,0,0,0,23,0,0,1,0,0,0,0,0,2,0,0,0,0,0,0,0,0,2,0,0,0,1,1,0,1,1,0,1,30,1,0,2,0,0,0,0,0,0,0,1,0,0,0,0,9,1,0,0,0,0,0,0,1,0,0,0,1,0,1,0,0,1,0,2,7,0,0,1,0,0,0,2,0,3,0,0,0,0,2,1,0,0,0,0,0,297,0,0,0,1,0,0,0,1,0,1,0,2,3,0,0,0,0,0,0,0,0,0,0,0,0,0,1,8,0,0,0,0,0,0,0,0,0,0,0,0,0,0,0,2,86,5,0,2,0,0,0,1,34,3,0,1,6,2,2,1,0,0,13,3,0,0,2,0,0,0,10,0,0,1,0,1,0,0,0,0,0,0,0,0,0,0,0,0,0,0,0,0,0,0,0,0,3,0,0,1,0,0,0,0,3,0,0,0,0,0,0,0,0,0,0,0,0,0,0,0,0,0,0,0,2,1,1,1,3,1,0,0,0,0,0,0,0,0,1,0,0,0,0,0,0,0,0,0,2,0,0,0,0,0,0,7,0,0,0,0,0,0,0,0,0,0,0,0,0,0,0,0,0,0,0,0,0,0,0,0,0,0,2,0,0,0,0,4,0,0,0,1,0,0,0,0,4,0,0,0,0,0,0,0,0,0,0,0,1,0,0,7,2,0,0,0,0,0,0,0,1,0,0,0,1,0,1,1,6,0,1,0,0,2,0,3,80,0,0,0,0,2,0,0,0,1,4,2,1,0,0,0,0,129,1,0,0,12,0,0,1,11,0,0,0,112,1,0,1,17,0,0,0,1,0,2,0,2,0,0,36,0,1,0,2,1,0,0,1,0,0,0,3,0,1,0,0,0,0,0,0,0,0,0,0,0,0,0,1,0,0,0,0,0,1,0,13,90,1,0,0,8,1,24,0,14,7,2,1,0,0,1,10,12,8,2,7,1,0,0,0,0,0,54,0,1,2,2,0,1,0,0,1,1,0,0,0,0,1,1,0,1,0,0,0,0,0,16,0,0,1,0,0,0,0,0,0,0,0,0,5,0,0,8,0,0,1,0,13,0,0,0,0,0,0,0,0,0,6,0
178,2089,COLÉGIO BOM JESUS - SEMINÁRIO (ANTIGO NOVO ATENEU),AVENIDA NOSSA SENHORA APARECIDA 1468,SEMINÁRIO,-25.4478345,-49.3121452,29,0,2223,1869,98,42,0,0,3,5,15,2,1,0,1,0,0,0,9,0,0,0,0,13,0,1,0,0,2,4,0,4,0,1,1,0,0,8,0,0,0,3,0,0,0,3,9,0,0,0,0,0,0,1,0,2,7,0,0,0,3,0,0,0,0,2,1,31,0,2,0,0,14,0,7,0,0,1,0,0,11,11,1,0,1,0,4,14,3,0,5,0,2,0,12,2,3,0,0,0,0,2,1,1,0,0,1,0,1,0,0,0,0,0,63,0,0,0,1,0,0,0,0,0,0,0,0,2,1,0,0,2,1,2,48,0,0,4,40,1,1,3,0,148,1,0,0,4,1,1,0,1,0,0,0,0,0,0,0,8,0,0,1,0,0,0,0,0,0,0,0,0,1,2,0,2,1,0,0,0,0,0,2,0,0,0,0,4,30,0,0,0,1,0,0,0,0,0,0,0,0,0,0,0,0,0,0,0,0,0,1,0,0,0,0,0,0,0,0,1,0,0,0,0,5,0,0,2,0,0,0,1,0,1,0,0,1,0,1,0,0,0,0,0,1,435,4,0,0,0,0,0,0,0,0,1,0,0,0,0,0,0,0,0,0,0,0,0,0,0,0,0,0,1,0,0,0,0,0,0,0,1,0,0,0,0,0,0,2,4,95,5,0,1,1,0,0,1,13,0,0,0,0,0,1,0,0,0,6,1,0,0,3,0,0,0,16,0,0,0,1,1,1,0,1,0,0,0,0,0,0,0,0,0,0,0,0,0,0,0,1,0,0,0,0,0,0,0,0,0,4,0,0,0,0,0,0,0,0,0,0,0,0,0,0,0,0,0,0,0,8,10,5,0,9,2,4,2,3,1,0,21,0,0,2,2,2,0,0,0,0,1,0,1,2,0,0,0,0,0,0,0,0,0,0,0,0,0,0,0,0,0,0,0,0,0,0,0,0,0,0,0,0,0,1,0,1,0,0,0,0,1,2,0,1,1,0,0,0,0,0,0,3,1,0,0,0,0,0,0,0,0,0,1,0,0,0,1,1,0,0,0,1,0,0,0,0,0,0,0,0,0,1,0,4,0,2,0,0,1,0,0,24,0,1,0,0,0,0,0,0,1,6,2,5,0,0,0,0,75,0,1,0,14,0,0,3,7,0,0,0,43,0,0,8,3,0,1,0,0,0,7,1,0,0,0,20,0,0,0,0,0,0,1,4,0,0,0,2,1,0,1,0,2,0,0,0,0,0,0,0,0,0,0,0,0,0,0,0,0,0,0,2,43,0,2,0,0,2,5,2,12,2,0,0,0,0,0,0,17,4,0,4,0,0,0,0,0,0,28,0,0,7,4,0,0,0,0,0,0,0,0,0,0,7,0,0,0,0,0,0,0,0,14,0,0,0,1,0,2,0,0,0,0,0,0,1,0,0,3,0,1,0,0,8,0,0,0,0,0,0,3,0,0,2,0
178,2097,PARÓQUIA SANTA ISABEL,"RUA ULISSES VIEIRA, 621",VILA IZABEL,-25.4610314,-49.2964064,27,0,2753,2296,77,78,0,0,2,2,23,0,4,0,1,0,0,0,17,0,0,0,0,6,0,0,0,1,0,3,1,4,0,6,0,1,0,15,1,0,0,12,0,0,1,0,2,0,3,0,0,1,0,1,2,4,11,0,0,0,2,1,0,0,0,5,0,41,0,6,0,1,13,0,12,1,0,1,0,0,24,17,0,0,3,0,5,5,1,1,0,1,0,0,16,2,6,1,0,0,0,0,1,0,1,0,1,0,0,0,0,0,0,0,84,1,0,0,0,0,0,0,1,0,0,0,2,1,0,0,0,2,1,1,57,0,2,6,98,2,0,0,1,142,1,0,0,0,0,0,0,0,0,1,0,0,0,0,0,4,0,0,0,0,0,0,0,0,1,0,0,0,0,0,0,4,3,0,1,0,0,1,4,0,1,1,0,0,45,0,0,1,0,1,0,0,1,0,1,1,0,0,0,0,1,2,0,0,0,0,0,0,1,0,0,1,0,0,0,0,0,0,0,0,5,0,0,1,0,0,0,0,0,3,0,0,0,0,0,0,0,1,0,0,0,546,2,2,0,0,0,1,1,1,0,1,2,0,0,1,0,0,0,0,0,0,0,0,0,0,0,4,7,10,0,0,0,0,0,0,0,0,0,0,0,0,0,0,1,5,119,5,0,0,3,0,0,2,17,1,1,2,0,0,1,0,0,1,4,0,0,0,3,0,1,1,18,2,0,0,0,1,2,1,0,1,0,0,0,1,1,0,0,0,0,0,0,0,0,0,0,0,0,0,0,0,0,0,0,0,4,0,0,0,0,0,0,0,0,0,0,0,0,0,0,0,0,1,0,0,12,7,1,2,7,2,0,2,0,0,4,6,1,3,1,2,0,0,0,0,1,0,0,0,1,0,0,0,0,0,0,0,0,0,0,0,0,0,0,0,0,0,0,0,0,0,0,0,0,0,0,0,0,0,0,0,0,0,0,0,0,0,1,0,0,1,0,0,1,0,0,0,1,0,0,0,0,0,0,0,0,0,0,0,0,0,0,1,0,0,0,0,0,0,0,0,0,0,0,0,0,1,2,0,0,0,2,0,0,0,0,1,30,0,3,0,2,3,0,1,0,3,4,7,2,0,0,0,1,96,1,0,0,10,0,0,1,15,0,0,0,35,0,0,1,3,0,1,0,1,0,6,1,0,0,0,16,0,0,0,3,0,0,1,1,1,0,0,0,0,0,0,0,0,4,0,0,2,0,0,0,0,0,0,0,0,0,0,0,0,0,0,7,104,0,0,0,0,2,3,0,19,3,5,3,0,0,1,0,11,8,3,3,0,0,0,0,0,7,27,0,0,7,3,0,0,0,0,0,1,0,0,0,0,1,0,0,0,0,0,0,0,0,10,0,0,0,0,0,1,0,0,0,0,0,0,0,0,0,3,0,0,1,0,26,0,0,0,0,0,0,0,0,2,5,0
178,2100,INSTITUTO PARANAENSE DOS CEGOS,AVENIDA VISCONDE DE GUARAPUAVA   4186,BATEL,-25.4417162,-49.2814206,10,0,1958,1563,49,28,0,0,5,5,11,0,0,0,0,0,0,2,14,0,2,0,0,10,0,0,0,0,1,7,1,2,0,1,0,1,0,7,0,0,0,2,0,0,1,0,3,0,1,0,1,0,0,0,0,2,7,0,0,0,5,0,0,1,0,2,0,35,0,6,0,0,22,0,10,0,0,1,0,0,9,10,0,0,0,0,1,12,0,0,0,1,1,0,8,1,6,3,1,0,0,1,0,0,3,0,1,0,0,0,1,0,0,0,42,0,0,0,0,0,0,0,0,0,0,0,0,0,0,0,2,1,0,0,39,0,1,1,29,0,0,1,0,91,1,0,0,0,0,0,0,0,0,0,0,0,0,0,0,5,0,0,0,0,0,0,0,1,1,0,0,0,1,0,0,0,0,0,0,0,0,0,0,0,0,0,0,1,24,0,0,0,0,0,0,0,0,0,0,0,0,0,0,0,0,0,0,0,0,0,0,0,4,0,0,0,0,0,0,1,0,0,0,0,2,0,0,0,0,0,0,0,0,6,0,0,0,0,1,0,0,1,0,0,0,437,1,0,0,0,0,0,0,0,0,1,0,0,0,0,0,0,0,0,0,0,0,0,0,0,0,0,1,0,0,0,0,0,0,0,0,0,0,0,0,0,0,0,0,1,109,2,0,2,0,0,1,0,7,3,0,3,0,1,0,0,0,0,3,0,0,0,11,0,0,1,7,1,0,0,0,0,0,0,0,0,0,0,0,1,0,1,0,0,0,0,0,0,0,0,0,0,0,0,0,1,0,0,0,0,12,0,0,0,0,0,0,0,0,0,0,0,0,0,0,0,0,0,0,0,5,5,3,0,11,0,0,0,1,0,1,1,1,3,2,0,2,0,0,0,0,1,0,0,0,0,2,0,1,0,0,0,0,0,0,0,0,0,0,0,0,0,0,0,0,0,0,0,0,0,0,0,0,0,0,0,0,0,0,0,0,0,0,0,3,0,0,0,0,0,0,0,0,0,0,0,0,0,0,0,0,0,0,0,0,0,0,0,0,0,0,0,0,0,0,0,0,0,0,0,0,0,0,0,4,0,1,0,0,0,0,0,13,0,3,0,0,1,0,1,0,2,0,4,1,0,0,0,0,48,2,0,0,6,0,0,1,8,0,0,0,37,0,0,4,3,0,1,0,0,0,2,0,0,0,0,23,0,0,0,2,0,0,0,0,0,0,0,0,0,0,0,0,0,0,0,0,1,0,0,0,0,0,0,1,0,0,0,0,0,0,0,4,45,0,0,0,0,2,0,0,31,1,3,0,0,0,0,1,29,3,2,3,0,0,0,0,0,3,13,1,0,7,4,0,0,0,0,0,0,0,0,0,0,3,0,0,0,0,0,0,0,0,11,1,0,0,0,0,0,1,0,0,0,0,0,5,0,0,1,0,0,0,0,6,0,0,0,0,0,0,0,0,0,5,0
178,2119,ESCOLA SANTA TERESINHA DO MENINO JESUS,AVENIDA SETE DE SETEMBRO   4926,BATEL,-25.4450264,-49.2868614,10,0,5293,4255,117,71,0,0,0,4,25,0,2,0,3,2,0,1,27,0,0,0,0,18,0,0,0,3,2,13,2,2,0,5,0,0,0,14,1,0,0,8,0,1,2,2,4,0,5,0,0,0,0,6,0,8,26,0,0,0,6,0,0,1,0,4,1,149,0,3,1,0,39,0,16,0,4,7,0,0,26,33,0,0,3,0,1,26,2,0,2,2,1,0,34,3,12,3,0,0,0,0,1,1,0,0,4,0,0,0,0,0,0,0,127,0,0,0,0,0,0,0,0,0,0,0,2,0,0,0,1,4,0,1,54,0,1,8,93,1,0,1,3,212,2,0,0,0,0,0,0,0,0,0,1,0,0,0,0,11,0,0,0,0,1,0,0,0,3,0,0,0,1,0,0,1,2,0,0,0,0,0,0,0,1,1,0,5,61,0,0,0,0,0,0,0,0,0,0,5,0,0,0,0,0,1,0,0,1,0,1,0,0,1,0,1,6,0,1,0,0,0,0,1,4,0,0,0,1,0,0,0,0,0,3,0,0,0,1,1,0,2,0,0,0,1284,9,0,1,0,0,0,0,3,2,0,3,1,0,0,1,0,0,0,0,0,0,2,0,0,0,0,6,5,2,0,0,0,1,0,0,0,0,0,0,0,0,0,0,1,311,10,2,6,0,0,0,0,36,1,0,3,2,4,0,0,0,0,12,0,0,0,28,0,0,1,32,0,0,0,0,0,1,0,0,1,0,0,0,2,0,2,0,0,0,0,0,0,0,0,0,0,0,0,0,2,1,0,0,0,15,0,0,0,0,0,0,0,0,0,0,0,0,0,0,0,0,0,0,1,27,17,9,0,22,5,2,0,1,0,6,13,1,6,4,1,2,0,0,0,0,0,0,0,3,1,0,0,0,0,0,0,0,0,0,2,0,0,0,0,0,0,0,0,0,0,0,0,0,0,0,0,0,0,0,0,0,3,0,0,0,3,0,0,1,0,0,0,0,0,0,0,2,0,0,0,0,0,0,0,0,0,0,0,0,0,0,6,1,0,0,0,1,0,0,0,0,0,0,0,0,0,2,1,3,0,2,0,0,0,0,0,34,0,4,0,0,2,0,2,0,6,2,3,12,0,0,1,0,121,8,0,2,37,0,0,3,9,4,0,0,72,0,0,0,16,0,3,0,0,0,12,1,1,0,0,83,0,1,0,0,0,0,2,8,1,0,0,4,0,0,0,0,0,0,0,0,0,0,0,0,0,0,0,2,0,0,0,1,0,0,0,5,122,0,1,0,0,8,6,1,79,0,9,1,0,0,5,0,68,15,0,9,0,0,0,0,0,5,36,0,0,8,7,0,0,0,1,0,1,0,0,0,0,5,0,0,0,0,1,1,0,0,24,2,0,0,0,0,1,1,0,0,0,0,0,1,0,0,1,1,2,0,0,39,0,0,0,0,0,0,0,0,2,2,0
178,2127,COLÉGIO POSITIVO,RUA ALFERES ANGELO SAMPAIO     2300,BIGORRILHO,-25.4346412,-49.2887324,11,0,5696,4590,117,81,0,3,1,8,23,1,0,0,2,2,0,1,28,1,0,0,0,48,0,0,1,1,6,6,3,3,1,6,1,0,0,17,2,0,0,15,1,0,0,1,3,0,9,1,0,0,0,6,0,6,33,0,0,0,4,0,0,0,0,3,2,153,0,5,0,0,37,1,21,0,3,1,0,0,32,20,1,1,0,0,10,15,3,1,8,2,3,0,27,4,12,5,0,0,0,0,2,1,3,0,9,0,1,0,0,1,0,0,152,1,0,0,0,0,0,0,0,0,0,0,2,0,3,0,4,6,1,3,80,0,1,6,118,3,1,0,0,325,3,0,0,2,0,0,0,0,0,0,0,0,0,0,0,22,0,0,2,0,0,0,0,2,2,0,0,1,0,1,0,6,0,0,0,0,0,0,1,0,0,0,2,6,95,0,0,0,0,0,0,0,2,0,1,2,0,0,0,0,1,0,0,0,0,1,1,1,3,0,0,0,0,0,0,0,0,0,0,0,3,0,0,5,2,0,0,0,1,5,3,0,0,0,6,0,0,0,0,0,0,1312,17,1,0,0,0,0,1,5,2,3,4,2,0,0,1,0,0,0,0,0,0,1,0,0,0,0,3,10,5,0,0,0,0,0,0,0,0,0,0,0,0,0,0,2,334,7,2,4,1,0,0,2,22,2,0,0,3,3,2,0,0,0,12,1,0,0,11,1,0,0,26,1,0,0,2,0,3,0,1,1,0,0,0,0,0,0,0,0,0,0,0,0,0,0,0,0,0,0,0,0,0,0,0,0,19,0,0,0,0,0,0,0,0,0,0,0,0,0,0,0,0,0,0,1,32,5,5,0,10,2,2,3,1,2,1,38,1,3,7,1,2,1,0,2,0,0,1,3,2,1,1,0,0,0,0,1,0,0,1,2,0,0,0,0,0,1,0,0,0,0,0,0,0,0,0,0,0,0,0,0,0,0,0,0,0,0,0,0,3,0,0,0,0,0,0,0,10,0,0,0,0,0,1,0,0,0,0,0,0,0,0,6,0,0,0,1,0,0,0,0,0,0,0,0,0,0,0,0,5,0,2,1,0,1,0,0,34,1,3,0,1,0,0,1,0,3,4,7,17,0,0,2,1,138,4,2,0,20,0,0,1,15,1,0,0,74,0,0,4,4,0,2,0,0,0,17,0,0,0,0,52,0,1,0,4,0,1,2,5,0,0,0,6,1,0,0,0,0,0,0,0,0,0,0,0,0,0,0,0,0,0,0,0,0,0,0,14,107,0,2,0,0,4,9,1,84,2,8,1,0,0,3,0,60,15,4,10,0,0,1,0,0,7,32,0,0,13,4,0,0,0,0,0,0,0,0,0,0,2,0,0,0,0,0,4,0,0,16,3,5,0,0,0,3,0,0,0,0,0,0,4,0,0,5,0,0,0,0,21,0,0,0,0,0,0,2,0,0,7,1
178,2135,ESCOLA MUNICIPAL WALTER HOERNER,"RUA DOMINGOS IMBRONIZIO, 129",MOSSUNGUE,-25.4350332,-49.3248542,45,0,2559,2111,93,59,0,0,0,1,19,0,3,0,1,1,0,0,12,1,0,0,1,17,0,0,0,1,4,10,0,3,0,1,0,0,0,14,0,0,0,17,0,1,0,0,7,0,0,0,0,1,0,0,0,3,13,0,0,0,3,0,0,0,2,0,2,53,0,5,0,1,7,0,10,0,0,0,0,0,12,6,0,0,0,0,4,5,3,0,2,1,2,1,22,2,5,2,0,0,0,0,0,0,1,0,3,0,4,0,0,1,0,0,55,0,0,0,0,0,0,0,0,0,0,0,1,0,0,0,0,2,0,5,39,0,0,4,40,1,0,0,0,105,3,0,0,0,0,1,1,0,0,0,0,0,0,0,0,12,0,0,0,0,0,0,0,1,0,0,0,0,0,0,0,0,1,0,1,0,0,0,0,0,2,0,1,0,38,0,0,0,0,0,0,0,0,0,2,0,0,0,0,0,3,1,0,0,0,2,0,0,3,0,0,0,0,0,1,0,0,2,0,0,2,0,0,0,0,0,0,0,0,4,0,0,1,0,1,1,0,0,0,0,0,544,7,0,0,0,0,0,1,2,1,4,0,0,0,0,0,0,0,0,0,0,0,0,0,0,0,0,0,1,0,0,0,0,0,0,0,1,0,0,0,0,0,0,0,1,117,0,0,1,1,0,0,0,8,1,1,0,0,0,0,0,0,0,7,0,0,0,6,0,0,0,8,1,0,0,1,0,2,0,0,0,0,0,0,3,0,0,0,0,0,0,0,0,0,0,0,0,0,0,0,0,0,0,0,0,3,0,0,0,0,0,0,0,0,0,0,0,0,0,0,0,0,0,0,0,18,3,2,0,13,2,0,0,1,0,0,9,0,5,4,3,3,0,0,1,0,0,0,2,1,0,0,0,0,0,0,0,0,0,0,0,0,0,0,0,0,0,1,0,0,0,0,4,0,0,0,0,0,0,0,0,0,0,0,0,0,9,0,0,0,1,0,0,0,0,0,0,6,0,0,0,0,0,0,0,0,0,0,0,0,0,0,4,0,0,0,0,0,0,0,0,0,0,0,0,0,0,0,0,6,0,3,2,0,1,0,0,22,0,4,0,0,0,0,0,0,1,6,5,7,0,0,0,0,88,4,0,0,11,0,0,0,5,2,0,0,52,0,0,0,3,0,0,0,2,0,5,0,0,1,0,35,0,0,0,0,0,0,0,1,0,0,0,2,0,0,0,0,0,0,0,0,0,0,0,0,0,0,0,3,0,0,0,0,0,0,0,5,67,0,0,0,0,5,6,0,46,3,1,2,0,0,0,1,14,9,3,2,0,0,0,0,0,3,38,0,0,0,6,0,0,0,1,0,0,0,0,0,0,12,0,0,0,0,0,0,0,0,6,1,1,0,0,0,0,0,0,0,0,0,0,0,0,0,2,0,0,0,0,10,0,0,0,0,0,0,2,0,0,2,0
178,2143,ESCOLA MUNICIPAL ESPECIALIZADA ALI BARK,RUA VICENTE PONTAROLLA 91,SEMINÁRIO,-25.4443577,-49.3125291,29,0,1394,1176,47,39,0,0,0,3,6,0,0,0,0,0,0,0,7,0,0,0,0,8,0,0,0,2,3,1,0,1,0,1,1,0,0,1,0,0,0,2,0,0,0,0,1,0,1,0,0,0,0,1,0,2,11,0,0,0,3,0,0,0,0,0,3,31,0,3,0,0,7,0,4,0,0,1,0,0,9,10,0,0,0,0,0,3,0,0,2,0,0,0,10,0,2,1,0,0,0,0,1,0,1,0,0,0,2,0,0,0,1,0,56,0,0,0,0,0,0,0,1,0,0,0,4,0,0,0,0,1,1,0,23,0,0,2,62,1,0,0,2,83,0,0,0,0,0,0,0,0,0,0,1,0,0,0,0,12,0,0,0,0,0,0,0,0,0,0,0,0,0,0,0,0,0,0,0,0,0,0,0,0,0,0,0,0,18,0,0,0,1,0,0,0,0,0,0,4,0,0,0,0,2,0,0,0,0,0,0,0,2,0,0,0,0,0,0,0,0,0,0,0,1,0,0,2,0,0,0,0,0,2,0,0,0,0,0,0,0,0,0,0,0,239,3,0,0,0,0,0,0,0,0,0,2,0,0,0,0,0,0,0,0,0,0,0,0,0,0,0,1,1,0,0,0,0,0,0,0,0,0,0,0,0,0,0,0,1,71,0,0,0,0,0,1,0,8,1,0,0,1,0,1,0,0,1,2,0,0,0,2,0,0,1,5,0,0,1,0,0,0,1,0,0,0,0,0,0,0,0,0,0,0,0,0,0,0,0,0,0,0,0,0,0,0,0,0,0,5,0,0,0,0,0,0,0,0,0,0,1,0,0,0,0,0,0,0,0,6,3,0,1,4,1,0,0,0,1,0,6,0,4,3,1,0,0,0,0,0,0,0,2,0,0,0,0,0,0,0,0,0,0,0,1,0,0,0,0,0,0,0,0,0,0,0,0,0,0,0,0,0,0,0,0,0,0,0,0,0,0,0,0,0,0,0,0,0,0,0,0,1,0,0,0,0,0,0,0,0,0,0,0,0,0,0,0,0,0,0,0,2,0,0,0,0,0,0,0,0,0,0,0,3,0,0,0,0,0,0,1,13,0,1,0,1,0,1,0,0,0,3,0,2,0,0,0,0,60,0,0,0,5,0,0,0,0,0,1,0,29,0,0,2,3,0,0,0,0,0,2,0,0,0,0,23,0,0,0,0,0,0,3,1,3,0,0,1,0,0,0,0,0,0,0,0,2,0,0,0,0,0,0,0,0,0,0,0,0,0,0,4,25,0,0,0,1,1,3,0,11,1,1,1,0,0,0,1,17,1,2,1,0,0,0,0,0,1,11,0,0,3,2,0,0,0,0,0,1,0,0,0,0,3,1,0,0,0,0,0,0,0,7,0,0,0,1,0,0,0,0,0,0,0,0,1,0,0,0,0,1,0,0,15,0,0,0,0,0,0,0,0,0,1,0
178,2160,ESCOLA MUNICIPAL MONSENHOR BOLESLAU FALARZ,"RUA LUIZ HOMANN, 290",SÃO BRAZ,-25.42125396,-49.35579303,60,0,1708,1392,96,74,0,1,6,2,11,0,1,0,0,3,0,0,9,1,0,0,0,4,0,0,0,1,1,13,2,0,0,4,1,0,0,4,1,0,0,9,0,1,1,0,8,0,0,0,0,0,0,2,0,4,4,0,0,0,4,0,0,0,0,1,3,18,0,6,0,0,9,1,10,0,3,0,0,0,15,6,1,0,9,0,4,10,2,0,1,0,1,0,26,0,3,0,0,0,0,0,0,0,0,0,0,1,0,0,1,0,0,0,43,1,0,0,0,0,0,0,0,0,0,0,0,1,0,0,0,0,0,0,42,0,1,2,53,2,0,0,2,50,0,0,0,0,0,7,0,0,0,0,0,0,0,0,1,11,0,0,0,1,0,0,0,0,0,0,0,0,0,0,0,4,0,0,0,0,0,0,0,0,1,0,0,1,12,0,0,0,0,1,0,0,0,0,0,0,0,0,0,0,3,1,0,0,0,0,0,0,3,0,0,0,1,0,0,1,0,0,0,0,0,0,0,1,1,0,1,0,0,0,2,1,0,0,1,0,1,0,0,0,0,170,0,0,0,0,0,0,0,0,0,0,0,0,0,0,1,0,1,0,0,0,0,0,0,0,0,0,0,15,0,0,0,0,2,0,0,0,0,0,0,0,0,0,0,0,53,5,0,1,1,0,0,1,17,0,2,0,0,0,1,0,0,0,18,0,0,2,1,0,0,0,0,0,0,0,0,1,0,0,0,0,0,0,0,0,0,0,0,0,0,0,0,0,0,0,0,0,2,0,0,0,0,0,0,0,5,0,0,0,0,0,0,0,0,0,0,0,0,0,0,0,0,0,0,0,2,0,0,0,5,0,0,0,0,0,1,10,0,0,1,1,1,0,0,0,0,0,0,0,1,0,0,0,0,0,0,1,0,0,0,1,0,0,0,0,0,0,0,0,0,0,0,0,0,0,0,0,0,0,0,0,0,0,0,0,0,0,0,8,0,0,0,0,0,0,0,0,2,0,0,0,0,0,0,1,0,0,0,0,0,0,0,0,0,0,0,0,0,0,0,0,0,0,0,0,0,0,1,1,1,0,1,2,0,1,0,1,34,0,0,0,0,1,0,0,0,0,4,5,1,0,0,0,0,61,3,0,0,6,0,0,1,6,0,0,0,55,0,0,3,10,0,1,0,0,0,1,1,1,0,0,13,0,0,0,0,0,0,0,1,0,0,0,0,0,0,0,0,0,0,0,0,0,0,0,0,0,0,0,0,0,0,0,0,0,0,0,0,59,0,0,0,0,0,7,0,9,2,1,0,0,0,0,0,8,5,4,2,0,0,0,0,0,0,51,0,2,4,2,0,0,0,0,0,0,0,0,0,0,2,0,0,0,0,0,1,0,0,9,0,1,0,0,0,0,0,0,0,0,0,0,0,0,0,7,0,0,2,1,8,0,0,0,0,0,0,0,0,0,3,0
178,2178,COLÉGIO ESTADUAL DOMINGOS ZANLORENZI,"RUA PADRE PAULO WARKOCZ,670",CIDADE INDUSTRIAL,-25.44094308,-49.35504692,75,0,1746,1403,145,61,0,1,4,2,20,0,0,0,0,3,0,1,16,0,0,0,0,2,0,0,0,0,0,6,2,0,2,2,0,1,1,9,1,1,0,27,0,0,2,13,25,0,1,0,0,0,0,2,0,0,2,0,0,0,3,0,0,0,0,0,7,52,0,3,1,1,6,0,2,0,1,4,0,0,9,15,1,0,10,0,3,7,2,0,0,0,0,1,22,0,3,0,0,0,0,0,0,0,0,0,0,0,0,0,0,1,0,0,33,0,0,0,0,0,0,0,0,0,0,0,1,0,0,0,0,4,0,1,70,0,0,1,38,1,0,1,1,59,0,0,0,1,0,1,0,0,0,0,0,1,0,0,0,13,0,0,1,0,0,0,0,0,0,0,0,0,0,0,0,0,0,0,0,0,0,0,1,0,0,0,0,4,7,1,0,1,0,0,0,0,0,0,1,2,0,0,0,0,1,1,0,1,0,0,0,0,1,0,0,0,0,0,1,0,0,0,0,0,1,0,0,0,0,0,0,0,0,1,3,1,0,0,3,0,0,0,0,0,0,97,0,0,0,0,0,0,0,0,0,0,0,0,0,0,0,0,1,0,0,0,0,0,0,0,0,0,0,3,0,0,0,0,0,0,0,1,0,0,0,0,0,0,1,1,39,5,1,0,0,0,0,0,19,2,0,1,1,0,1,1,0,0,15,0,0,3,1,1,0,0,2,0,0,2,0,1,0,0,0,0,0,0,0,0,0,0,0,0,0,0,0,0,0,0,0,0,0,0,0,0,0,0,0,0,1,0,0,0,0,1,0,0,0,0,0,0,0,0,0,0,0,0,1,0,3,2,0,0,0,0,0,0,0,0,0,2,0,0,4,0,0,0,0,0,0,0,0,0,0,0,0,0,0,0,0,0,0,0,0,0,0,0,0,0,0,2,0,0,0,0,0,0,0,0,0,0,0,0,1,0,0,0,0,0,0,0,0,1,1,0,0,0,0,0,0,0,0,0,0,0,0,0,0,0,0,0,0,0,0,0,0,6,0,0,0,0,3,0,0,0,0,0,0,0,0,0,0,0,4,0,0,0,0,5,0,0,41,0,0,1,0,0,0,0,0,0,0,0,2,3,0,1,0,59,1,0,0,2,1,0,2,9,0,0,0,45,0,0,0,5,0,0,0,0,0,1,0,0,1,0,21,0,1,0,1,0,0,1,0,0,0,0,4,0,1,0,0,0,1,0,0,0,0,0,0,0,0,0,0,0,0,0,0,0,0,0,6,43,0,0,0,0,2,12,1,7,10,1,0,0,0,0,9,1,4,3,1,0,1,0,0,0,1,42,0,0,1,6,0,0,0,0,0,0,0,0,0,0,3,0,0,1,0,0,0,0,0,11,0,1,0,1,1,0,0,0,0,0,0,0,6,0,0,8,0,0,1,0,6,0,0,0,0,0,0,2,0,0,7,0
178,2186,ESCOLA MUNICIPAL PRESIDENTE PEDROSA,"RUA BORORÓS, 1279",PORTÃO,-25.4657885,-49.294924,27,0,2772,2289,65,60,0,0,1,3,24,0,0,0,0,3,0,1,9,2,1,0,0,11,0,0,0,0,4,5,1,4,0,0,0,1,0,7,3,0,1,15,0,0,0,4,2,0,5,0,0,0,0,4,0,1,13,0,0,0,5,0,0,1,0,2,4,32,0,7,0,0,19,0,16,2,1,8,0,0,22,13,0,0,1,0,2,7,2,0,0,1,2,0,10,0,4,1,0,3,0,1,1,0,1,0,1,1,0,0,0,0,0,1,78,0,0,0,0,0,0,0,0,0,0,0,5,0,0,0,2,0,0,1,81,0,0,1,93,3,0,1,2,131,2,3,0,0,0,1,0,0,0,0,0,0,0,0,0,9,0,0,1,0,0,0,0,0,2,0,0,0,0,0,0,4,3,0,0,0,0,0,2,0,1,0,0,6,31,0,0,0,1,1,0,0,0,0,4,0,0,0,0,0,1,2,0,0,0,0,0,0,0,0,0,0,1,0,0,0,0,0,0,0,5,0,0,1,0,0,0,2,0,1,0,1,0,0,1,1,0,1,0,0,0,559,3,0,0,1,0,0,0,1,1,1,4,0,0,2,0,0,1,0,0,0,0,0,0,0,0,0,3,4,0,0,0,0,0,0,0,1,0,1,0,0,0,0,1,2,113,7,0,1,1,0,0,3,13,1,0,0,0,0,0,0,1,1,3,0,0,0,6,0,1,0,14,2,0,0,1,3,0,0,0,0,0,0,0,0,0,0,0,0,0,0,0,0,0,0,0,0,0,0,0,0,0,0,0,0,16,0,0,0,0,0,0,0,0,0,0,0,0,0,0,0,0,0,1,0,13,9,4,0,6,3,0,0,0,1,2,13,0,1,5,1,3,0,0,2,0,0,0,0,0,0,1,0,0,1,0,0,0,0,0,0,0,0,0,0,0,1,0,0,0,0,0,0,0,0,0,0,0,0,0,0,0,2,0,3,0,0,0,0,2,0,0,0,0,0,0,0,2,0,0,0,0,0,1,0,0,0,0,0,0,0,0,2,0,0,0,0,0,0,0,0,0,0,0,0,0,0,0,0,3,0,0,0,0,0,0,1,32,1,1,0,0,0,0,0,0,1,3,2,6,0,0,0,0,86,2,0,0,20,0,0,3,18,1,2,0,50,2,0,2,7,0,4,0,3,0,2,0,0,0,0,18,0,1,1,0,0,0,0,4,1,0,0,3,0,0,1,0,0,1,0,0,0,0,0,0,0,0,0,1,0,0,0,0,2,0,2,9,72,0,0,0,0,3,5,2,22,1,2,2,1,0,3,1,12,9,2,3,0,0,0,0,0,9,26,0,0,3,6,0,0,0,0,0,0,0,0,0,0,1,0,0,0,1,1,0,0,0,14,0,0,0,0,0,0,0,0,1,0,0,0,1,1,0,1,0,2,1,0,24,0,0,0,0,0,0,0,0,1,2,0
178,2194,ESCOLA ESTADUAL SANTO ANTÔNIO,"RUA AMADEU PIOTTO, 37",CIDADE INDUSTRIAL,-25.43375941,-49.35485794,75,0,3950,3230,266,175,0,2,7,8,37,1,1,0,1,3,0,1,26,0,0,0,0,5,0,0,0,1,3,18,0,0,0,10,1,3,0,12,1,0,0,46,0,1,7,6,32,0,2,3,0,0,0,9,1,4,6,0,0,0,13,0,0,0,0,1,7,99,0,2,0,2,12,0,8,1,1,2,0,0,39,14,1,0,28,0,6,53,8,0,1,0,1,1,21,0,2,1,0,0,0,0,0,0,1,0,2,0,0,0,1,1,0,1,63,0,1,0,0,0,0,0,0,0,0,0,2,2,2,0,0,4,0,2,174,0,1,4,92,3,0,1,1,108,2,0,0,0,0,5,0,0,1,0,2,0,0,5,0,31,1,0,2,0,0,0,0,0,0,0,0,0,1,0,0,3,1,1,1,0,0,0,3,0,0,0,2,15,29,0,0,0,0,0,0,0,0,0,2,4,0,0,0,1,7,4,0,0,0,0,0,0,5,1,0,0,0,0,2,1,0,0,0,0,10,0,0,0,0,0,1,2,0,0,2,4,0,0,9,0,1,0,0,0,2,284,0,1,0,0,3,0,0,3,1,1,0,0,0,0,0,0,2,0,0,1,0,0,0,0,0,0,1,11,1,0,0,0,0,0,0,1,0,0,0,0,0,0,0,6,69,7,1,0,1,1,1,3,29,1,1,0,5,0,1,0,0,0,39,0,0,2,6,0,0,1,12,0,0,3,2,1,1,0,0,2,0,0,0,0,0,0,0,0,0,0,0,0,0,0,0,0,0,0,0,0,0,0,0,0,3,0,0,0,0,1,0,0,0,0,0,0,0,0,0,0,0,0,2,0,2,3,0,0,1,1,0,0,0,1,0,8,0,0,2,0,4,0,0,1,0,2,0,0,2,0,0,0,0,0,0,0,0,1,0,0,0,0,0,0,0,0,0,0,0,0,1,0,0,0,0,0,1,0,0,0,0,0,0,0,0,1,0,3,0,2,0,1,0,0,0,0,5,1,0,0,0,0,0,0,0,0,0,0,0,0,0,7,0,0,0,0,3,0,0,0,1,0,0,0,0,1,2,0,3,0,1,0,0,4,0,2,103,0,0,1,0,0,0,4,0,1,1,2,8,0,0,1,0,188,3,1,0,12,0,0,3,20,0,1,0,103,0,0,2,4,0,1,0,5,0,10,0,1,0,1,58,0,4,2,4,3,0,4,1,0,0,0,2,1,0,0,0,0,0,0,0,2,0,0,0,0,0,0,0,0,0,1,0,0,0,0,6,126,0,1,0,1,5,12,0,14,20,1,1,0,0,0,21,7,8,4,2,0,0,0,0,0,2,82,0,0,2,5,0,0,0,0,4,1,0,0,0,0,5,0,0,0,0,0,0,0,1,27,1,0,0,2,2,0,1,1,0,0,0,0,10,1,0,18,0,2,0,0,22,0,0,0,1,0,0,1,0,0,22,0
178,2208,ESCOLA MUNICIPAL CEI PADRE FRANCISCO MESZNER,RUA JOSE TISSI 114 - CONJUNTO CAMPONESA,CIDADE INDUSTRIAL,-25.43611978,-49.35060692,75,0,2121,1817,138,97,0,3,0,4,24,0,1,0,0,2,0,0,22,0,0,0,1,16,0,0,1,0,2,10,1,2,0,2,0,1,1,4,1,0,0,21,0,0,1,4,17,0,6,0,0,0,0,2,0,1,4,0,0,0,8,0,0,0,2,0,3,41,0,1,0,0,3,0,8,0,0,2,0,0,30,14,0,0,11,0,2,8,3,0,0,0,4,0,23,0,5,1,0,0,0,1,0,0,0,0,2,0,3,0,0,1,0,0,48,0,0,0,0,0,0,0,0,0,0,0,0,0,1,0,2,4,0,1,62,0,0,3,57,2,0,0,3,71,2,0,0,2,0,0,0,0,0,0,0,0,0,1,0,9,0,0,1,0,0,0,0,0,1,0,0,0,0,1,0,0,0,0,3,0,0,1,2,0,0,0,0,5,25,0,0,0,0,1,0,0,0,0,1,1,0,0,0,0,2,0,0,0,0,0,0,0,3,0,0,0,0,0,0,0,0,0,0,0,1,0,0,0,0,0,0,0,0,0,0,1,0,0,0,0,0,1,0,0,0,198,0,0,0,0,0,1,0,0,0,0,1,0,0,0,0,0,1,0,0,1,0,0,0,0,1,0,0,4,0,0,2,0,0,0,0,0,0,0,0,0,0,0,0,2,44,3,4,0,0,0,0,0,14,0,1,1,1,0,1,0,0,0,50,0,0,6,2,0,1,1,8,0,0,4,0,3,0,0,0,0,0,0,0,0,0,0,1,0,0,0,0,0,0,0,0,0,0,0,0,0,0,0,0,0,6,0,0,0,0,0,0,0,0,0,0,0,1,0,0,0,0,0,0,0,1,0,2,0,1,5,2,0,0,1,0,9,0,5,2,1,2,0,0,0,0,0,0,0,0,0,0,0,0,0,0,0,0,0,0,1,0,0,0,0,0,0,0,0,0,1,0,0,0,0,0,0,0,0,0,0,0,0,0,0,0,3,0,1,1,0,0,0,0,0,0,0,3,0,1,0,0,0,0,0,0,0,0,0,0,0,0,1,0,0,0,0,3,0,0,0,0,0,0,0,0,0,1,0,4,0,1,0,0,0,0,1,45,0,0,0,0,1,0,0,0,0,0,1,2,0,0,1,0,100,3,0,0,2,0,0,0,11,0,0,0,62,0,0,2,5,0,0,0,1,0,7,1,0,0,0,28,0,0,0,1,0,0,5,2,0,0,0,1,1,0,0,1,0,0,0,0,0,0,0,0,0,0,0,0,0,0,0,0,0,0,0,6,53,0,1,0,0,5,6,0,6,13,2,1,0,0,0,5,5,6,4,0,0,0,0,0,0,1,50,0,0,1,5,0,0,0,0,2,0,0,0,0,0,2,0,1,1,0,0,1,0,0,14,0,0,2,2,0,0,0,1,0,0,0,0,4,0,0,11,0,2,0,0,14,0,0,0,0,0,1,1,1,0,5,0
178,2216,COLÉGIO ESTADUAL GABRIELA MISTRAL,RUA TABAJARAS   840,PORTÃO,-25.4625849,-49.2983969,27,0,3302,2707,111,97,0,0,2,4,20,1,2,0,1,1,0,0,13,1,0,0,1,15,0,1,0,1,0,10,1,3,0,8,0,0,0,8,1,0,0,6,0,1,0,1,4,0,9,0,0,0,0,2,1,1,15,0,0,0,3,1,0,0,3,8,2,33,1,4,0,0,18,0,21,0,2,1,0,0,17,16,0,0,3,0,10,7,1,0,3,2,0,0,24,5,8,3,0,0,0,0,1,0,2,0,6,1,2,0,0,0,0,0,111,1,0,0,0,0,0,0,0,0,0,1,1,0,0,0,2,6,0,3,60,0,1,3,114,0,0,0,2,166,2,0,0,0,0,0,0,0,0,0,0,0,0,0,0,16,0,0,0,0,0,0,0,0,1,0,0,0,0,0,0,1,2,0,0,0,0,0,3,0,1,0,0,2,58,0,0,0,0,0,0,0,0,0,1,1,0,0,0,0,1,3,0,0,0,0,0,0,0,0,0,1,3,0,0,0,0,0,0,0,5,0,0,6,0,0,0,0,0,1,2,0,0,0,1,0,1,0,0,0,0,591,3,1,0,1,0,1,0,2,2,0,3,0,0,1,0,2,0,0,0,0,0,0,0,0,0,0,0,8,1,1,0,0,0,0,0,0,0,1,0,0,0,0,0,0,134,7,0,0,2,0,0,0,20,2,1,1,1,1,1,1,0,2,13,0,0,0,4,0,0,0,16,1,0,0,1,1,2,0,0,0,0,0,2,0,0,0,0,0,0,0,0,0,0,0,0,0,0,0,0,0,0,0,0,0,6,0,0,0,0,2,0,0,0,0,0,0,0,0,0,0,0,0,0,0,23,5,3,2,9,3,1,0,2,3,3,3,1,0,5,0,0,0,0,2,1,0,1,0,6,0,0,0,0,0,0,0,0,1,0,0,0,0,1,0,0,0,0,0,0,0,0,0,0,0,0,0,0,0,1,0,0,4,0,0,0,1,0,0,1,2,0,0,0,0,0,0,0,0,0,0,0,0,0,0,0,0,0,0,0,0,0,9,0,0,0,0,1,0,0,0,0,0,0,0,0,0,2,2,2,0,1,0,0,0,0,0,32,0,4,0,0,1,0,0,0,1,0,4,0,0,0,0,0,121,2,1,1,14,0,0,2,19,1,2,1,42,0,0,0,1,0,0,0,2,0,7,0,0,0,0,20,0,1,0,3,0,1,4,1,0,0,0,2,0,0,1,0,0,0,0,0,0,0,0,0,0,0,0,0,0,0,0,0,1,0,0,2,114,0,0,0,0,4,8,6,25,0,4,1,0,0,1,0,30,5,2,2,0,0,0,0,0,6,32,0,0,7,10,0,0,0,0,0,0,0,0,1,0,4,0,0,0,0,0,0,0,0,11,3,1,0,1,0,2,0,0,0,0,0,0,6,0,0,5,1,0,0,0,36,0,0,0,0,0,0,4,0,2,6,0
178,2232,ESCOLA ESTADUAL DE EDUCAÇÃO ESPECIAL LUCY REQUIÃO MELLO E SILVA,"AV MANOEL RIBAS, 7119",SANTA FELICIDADE,-25.39954936,-49.33840637,63,0,2188,1770,121,60,0,0,3,1,17,0,1,0,0,2,0,2,10,0,0,0,0,13,0,0,0,1,3,8,1,2,0,2,0,0,0,14,3,0,0,24,0,0,2,3,7,0,2,0,0,0,0,3,0,0,4,0,0,0,4,0,0,0,0,1,1,21,0,1,1,0,10,0,4,0,0,1,0,0,9,12,0,0,8,0,5,6,1,1,0,4,2,2,46,0,18,0,0,0,0,0,0,0,0,1,2,0,0,0,0,0,0,1,45,0,0,0,0,0,0,0,0,0,0,0,1,1,2,0,0,3,0,0,59,0,0,5,43,1,1,0,2,104,2,0,0,0,0,0,1,0,0,0,1,0,0,0,1,10,0,0,0,0,0,0,0,0,0,0,0,0,0,0,0,0,0,0,0,0,0,1,1,0,0,0,0,5,23,0,0,0,0,0,0,0,0,0,1,0,0,0,0,0,4,0,0,0,0,0,1,1,5,0,0,0,0,0,0,0,0,0,0,1,0,0,0,2,3,0,0,2,0,2,1,0,0,0,2,0,0,1,0,0,0,267,6,0,0,0,0,0,0,0,1,0,0,0,2,0,0,0,1,0,0,0,0,0,0,0,0,1,1,11,0,0,0,0,0,0,0,0,0,0,0,0,0,0,1,3,68,3,3,1,0,0,0,0,9,0,0,3,1,0,1,0,0,0,7,0,1,0,0,0,0,1,4,0,0,0,1,0,0,0,0,1,1,0,0,1,0,0,0,0,0,0,0,0,0,0,0,0,0,0,0,0,0,0,0,0,3,0,0,0,0,0,0,0,0,0,0,0,0,0,0,0,0,0,0,0,4,7,2,0,2,1,0,0,0,0,1,11,0,0,3,0,7,0,0,0,0,0,0,0,0,0,0,0,0,0,0,0,0,0,0,0,0,0,0,0,0,0,0,0,0,0,0,0,1,0,0,0,0,0,0,0,0,0,0,0,0,1,0,0,0,0,0,1,0,0,0,0,3,0,0,0,0,0,0,0,0,0,0,0,0,0,0,1,0,0,0,0,1,0,0,0,0,0,0,0,0,0,0,0,5,0,1,0,0,0,0,3,50,0,0,1,0,1,0,0,1,0,7,1,4,0,0,0,0,105,2,0,0,11,0,0,2,12,2,0,0,73,0,0,2,6,0,0,0,0,0,2,0,1,0,0,12,0,1,0,0,1,0,2,1,1,0,0,1,0,0,0,0,0,1,0,0,3,0,0,0,0,0,0,0,1,0,0,0,0,0,0,0,58,0,0,0,0,1,2,0,11,4,2,0,0,0,0,2,8,5,5,1,2,0,0,0,0,1,40,0,1,3,1,0,0,0,1,1,0,0,0,0,0,2,0,0,0,0,1,1,0,0,22,1,0,0,0,0,2,0,0,0,0,0,0,4,0,0,3,0,0,1,0,5,0,0,0,0,0,0,2,0,1,2,0
178,2240,PARÓQUIA N. SENHORA DA CONCEIÇÃO (PARÓQUIA BUTIATUVINHA),RUA PADRE ARTURO SEPPI 51,BUTIATUVINHA,-25.3963863,-49.3483101,61,0,1952,1660,94,70,0,0,2,1,14,0,0,0,0,0,0,0,10,2,0,0,0,5,0,0,1,0,1,11,1,0,0,8,1,0,0,4,1,0,0,16,0,1,0,1,4,0,4,0,0,0,0,0,0,1,4,0,0,0,0,0,0,0,0,0,1,20,0,3,0,0,17,0,6,0,3,7,0,0,11,9,0,0,10,0,1,10,5,0,1,2,2,0,34,2,13,2,0,0,0,0,0,0,0,0,0,1,0,0,0,0,0,0,50,1,0,0,0,0,0,0,0,0,0,0,2,2,0,0,0,0,0,1,39,0,0,1,52,1,1,1,1,42,2,0,0,0,0,4,0,0,0,1,0,0,0,0,2,6,0,0,0,0,0,0,0,1,0,0,0,0,0,0,0,0,1,0,0,0,0,0,2,0,1,0,0,3,9,0,0,1,0,0,0,0,0,0,0,0,0,0,0,0,4,2,0,0,0,0,0,0,1,0,0,2,1,0,1,0,0,0,0,0,2,0,0,0,0,0,0,0,0,4,1,0,0,0,2,0,0,0,0,0,0,231,1,0,0,0,0,0,0,0,1,0,0,0,1,0,1,0,0,0,0,0,0,0,0,0,0,0,0,15,2,0,0,0,0,0,0,0,0,0,0,0,0,0,0,0,88,3,0,0,2,0,0,0,9,2,1,2,0,1,2,0,1,0,11,0,0,0,3,1,0,0,12,0,0,0,0,0,0,0,0,0,0,0,0,0,0,0,0,0,0,0,0,0,0,0,0,0,2,0,0,0,0,0,0,1,9,0,0,0,0,0,0,0,0,0,0,0,0,0,0,0,0,0,0,2,6,3,0,0,3,0,0,0,0,0,1,4,0,0,0,0,6,0,0,0,0,0,0,0,0,0,0,0,1,0,0,0,0,0,0,1,0,0,0,0,0,0,0,0,0,0,0,1,0,0,0,0,0,0,0,0,0,0,0,0,0,1,0,0,0,0,0,0,0,0,0,0,6,0,0,0,0,0,0,1,0,0,0,0,0,0,0,1,0,0,0,0,0,0,0,0,0,0,0,0,0,0,0,0,0,0,3,0,0,2,0,0,107,0,1,0,0,2,1,0,0,0,2,1,1,0,0,0,0,96,5,2,0,6,0,0,1,10,1,0,0,78,0,0,3,4,0,1,0,2,1,1,0,0,0,0,17,0,0,1,1,1,0,0,0,0,0,0,0,0,0,0,0,0,1,0,0,0,0,0,0,0,0,0,4,0,0,0,0,0,0,0,2,65,0,0,0,1,3,10,1,9,6,3,0,0,0,0,7,11,4,3,0,0,0,0,0,3,2,35,0,0,1,0,0,0,0,0,0,0,0,0,0,0,2,0,0,0,0,0,0,0,0,17,1,0,0,0,0,0,0,0,0,0,0,2,0,0,0,3,0,0,0,0,6,0,0,0,0,0,0,2,0,0,2,0
178,2259,CURSO E COLÉGIO ACESSO,"AVENIDA VEREADOR TOALDO TULIO, 1930",SANTA FELICIDADE,-25.410187,-49.345937,60,0,3757,3083,201,100,0,0,2,7,33,1,3,0,2,3,0,2,27,2,0,0,0,21,0,0,0,2,1,8,1,4,0,4,0,0,0,18,0,0,0,17,1,0,1,0,8,1,6,0,0,1,0,8,1,10,6,0,0,0,6,0,0,0,1,0,6,52,0,4,0,2,15,0,17,0,0,4,0,1,17,12,2,0,20,0,7,14,5,2,2,2,3,1,67,1,15,5,1,0,0,0,0,0,1,0,2,0,2,1,0,0,0,0,86,1,0,0,0,0,0,0,1,0,0,1,5,1,0,0,0,2,3,3,103,0,2,3,91,1,0,0,3,204,2,0,2,2,0,4,0,0,0,0,0,0,0,0,0,25,0,0,0,0,0,0,0,2,0,0,0,0,1,0,0,0,0,0,0,0,0,0,2,0,0,0,0,4,55,0,0,0,0,0,0,0,0,0,0,3,0,0,0,0,1,2,0,0,0,0,0,0,8,0,0,0,0,0,0,1,0,0,0,0,4,0,0,1,0,0,0,0,0,0,0,0,0,0,0,0,2,1,0,1,0,512,1,0,0,0,0,0,0,2,1,1,1,1,2,0,2,0,2,0,0,1,0,0,0,0,0,0,1,9,2,0,0,0,0,0,0,0,0,0,0,0,0,0,5,9,133,4,3,0,0,0,0,1,21,3,1,0,1,3,2,0,0,0,26,1,0,1,4,0,0,2,6,0,0,2,0,0,2,0,0,2,0,0,0,0,0,0,0,0,0,0,0,0,0,0,0,0,2,0,0,0,0,0,0,0,10,0,0,0,0,0,0,0,0,0,0,1,0,0,0,0,0,0,1,1,20,3,2,1,9,4,1,3,1,0,2,13,0,0,4,0,9,0,0,1,0,0,0,1,0,1,0,0,0,0,0,1,1,0,0,0,0,0,0,0,0,0,0,0,0,0,0,0,0,0,0,0,0,0,0,0,0,0,0,0,0,0,1,1,0,3,0,0,0,0,0,0,1,0,2,0,0,0,0,0,0,0,0,0,0,0,0,2,0,0,0,0,1,0,0,0,2,0,0,0,0,1,2,1,6,0,1,1,0,0,0,1,52,0,0,0,0,2,0,0,0,1,6,3,2,0,0,0,0,171,4,0,0,8,0,0,1,14,0,0,0,101,0,0,1,15,0,1,0,2,0,4,0,0,0,0,15,1,4,1,5,0,0,5,1,1,0,1,5,0,1,0,0,0,0,0,0,1,0,0,0,0,0,0,1,0,0,0,0,0,0,0,8,84,0,3,1,0,5,8,4,27,8,5,1,0,0,2,0,12,11,2,3,0,0,0,1,0,5,77,0,1,4,4,0,0,0,2,0,0,0,0,1,0,3,1,0,0,0,0,0,0,0,16,2,1,0,0,0,0,0,0,0,0,0,0,8,0,0,5,0,0,4,1,10,0,0,0,0,0,0,4,0,0,6,0
178,2267,COLÉGIO ESTADUAL PARA SURDOS ALCINDO FANAYA JUNIOR,RUA VITAL BRASIL 447,VILA IZABEL,-25.4635105,-49.2968165,27,0,1394,1186,62,20,0,0,0,2,15,0,0,2,0,0,0,0,9,0,0,0,0,10,0,0,0,0,0,0,0,4,0,3,0,0,0,15,3,0,0,9,0,0,0,0,2,1,0,0,0,0,0,0,1,2,4,0,0,0,0,0,0,1,0,2,0,9,0,1,1,0,10,0,12,0,1,1,0,0,7,4,1,0,1,0,0,0,2,0,0,1,1,0,9,4,1,3,0,0,0,0,2,0,1,0,3,0,0,0,0,0,0,0,36,0,0,0,0,0,0,0,3,1,0,0,2,0,0,0,1,4,1,1,47,0,0,4,34,3,0,0,0,206,4,0,0,1,0,3,1,0,0,0,0,0,0,0,0,2,0,0,0,0,0,0,0,0,0,0,0,0,0,0,0,1,0,0,0,0,0,0,0,0,2,1,0,3,37,0,0,0,0,0,0,0,0,0,0,1,0,0,0,0,0,0,0,0,0,0,0,0,0,0,0,0,0,1,1,0,0,0,0,0,1,0,0,1,0,0,0,0,0,1,0,0,0,0,0,1,0,0,0,1,0,169,2,0,0,0,0,0,0,0,0,0,4,0,0,0,0,0,0,0,0,0,0,2,0,0,0,2,0,4,1,0,0,0,0,0,0,0,0,0,0,0,0,0,1,5,49,3,0,0,0,0,0,0,3,2,0,1,0,0,0,0,0,0,0,0,0,0,1,0,0,0,7,0,0,0,0,1,0,0,0,0,0,0,0,0,0,0,0,0,0,0,0,0,0,0,0,0,0,0,0,0,0,0,0,0,1,0,0,0,0,0,0,0,0,0,0,0,0,0,0,0,0,0,0,0,7,2,0,0,11,2,0,0,1,0,0,6,1,2,1,0,0,0,0,0,0,0,0,0,0,0,0,0,0,0,0,0,0,0,0,0,0,0,0,0,0,0,0,0,0,0,0,0,0,0,0,0,0,0,0,0,0,1,0,0,1,0,0,0,0,0,0,0,0,0,0,0,1,0,0,0,0,0,0,0,0,0,0,0,0,0,0,0,0,0,0,0,0,0,0,0,0,0,0,0,0,0,2,0,3,0,1,0,0,0,0,0,8,0,1,0,0,0,0,0,0,0,6,2,0,0,0,0,0,51,0,0,0,9,0,0,0,6,0,0,0,16,0,1,1,1,0,0,0,3,0,2,1,0,0,0,3,0,0,1,2,0,1,0,2,0,0,0,1,0,0,1,0,0,1,0,0,0,0,0,0,0,2,0,0,0,0,0,0,1,0,0,2,34,0,0,0,0,0,3,0,7,1,1,2,0,0,0,0,4,6,3,0,0,0,0,0,0,0,23,0,0,3,6,0,0,0,3,0,0,0,0,0,0,1,0,0,0,0,0,0,0,0,4,2,0,0,1,0,0,0,0,0,0,0,0,0,0,0,0,0,0,0,0,4,1,0,0,0,0,0,1,0,1,2,0
178,2275,UNIFACEAR - CAMPUS SANTA FELICIDADE,"AVENIDA VEREADOR TOALDO TÚLIO, 4523",ORLEANS,-25.4281732,-49.35347391,59,0,4633,3873,199,141,0,2,4,7,33,0,3,0,2,1,1,1,29,0,0,0,0,12,1,0,0,5,3,12,4,2,0,12,1,0,1,19,2,0,0,22,0,1,2,3,15,0,1,2,0,0,0,5,0,4,10,1,0,1,6,1,0,0,2,2,4,72,0,5,1,1,17,0,21,0,3,1,0,0,33,18,2,0,15,0,12,17,8,0,3,3,3,1,64,0,8,0,2,0,0,0,1,0,2,0,2,0,2,0,0,0,0,1,93,0,0,0,0,0,0,0,0,0,0,0,6,2,1,0,2,4,2,0,102,0,1,2,115,2,1,0,4,227,1,0,0,0,0,2,0,1,0,0,0,0,0,0,0,19,0,0,1,0,0,0,0,1,1,0,0,0,0,0,0,0,0,0,0,0,0,1,1,0,0,2,0,8,52,2,1,0,0,2,0,0,0,0,1,0,0,1,0,0,2,1,0,0,0,0,0,0,0,0,0,0,0,0,2,0,0,0,0,1,10,0,0,3,1,0,0,1,0,2,0,2,0,0,4,0,1,1,0,0,0,694,3,0,2,0,0,1,0,2,0,3,1,0,3,0,1,1,5,0,0,0,0,0,0,0,0,0,3,20,0,0,0,0,0,0,0,3,0,1,0,0,0,0,0,0,167,4,1,0,1,0,0,0,29,2,0,2,0,1,3,1,0,3,53,0,0,0,4,0,1,0,18,1,0,2,2,1,2,0,0,3,0,0,1,1,0,1,0,0,0,0,0,0,0,0,0,0,2,0,0,0,0,0,0,0,12,0,0,0,0,0,0,0,0,0,0,0,0,0,0,0,0,0,1,0,19,5,3,0,7,0,1,1,3,1,2,15,0,2,3,3,4,0,0,1,0,1,1,0,2,0,0,0,1,0,0,3,0,0,0,2,0,0,0,1,0,0,0,0,0,0,0,0,0,0,0,0,0,0,0,0,0,0,0,0,0,0,5,8,2,4,0,0,0,0,0,0,3,2,0,0,0,0,0,0,0,0,0,0,0,0,1,6,0,0,0,0,2,0,0,0,0,0,0,0,0,1,1,3,9,1,1,0,0,0,0,0,88,0,5,0,2,1,0,0,0,1,6,4,5,0,0,0,0,214,5,0,0,18,0,0,1,21,0,0,0,122,0,1,5,16,0,0,0,3,0,11,2,2,0,0,24,0,1,0,0,1,1,3,0,0,0,0,5,0,0,0,0,1,2,0,1,1,0,0,0,2,0,0,2,1,0,0,0,0,0,0,10,168,0,0,0,0,7,23,2,27,15,4,1,0,0,0,3,25,10,9,2,0,0,0,0,0,5,85,1,1,8,8,0,0,0,0,0,1,0,0,0,0,15,0,0,0,0,0,0,0,0,34,0,0,0,2,1,0,0,0,0,0,0,0,3,0,0,8,0,0,3,0,16,0,0,0,0,1,0,9,0,2,5,0
178,2283,PARÓQUIA SÃO JOSÉ TRABALHADOR,"RUA MAJOR HEITOR GUIMARÃES, 1526",CAMPINA DO SIQUEIRA,-25.439272,-49.309998,30,0,1112,969,35,18,0,0,0,0,14,0,0,1,0,1,0,2,5,0,0,0,0,18,0,0,0,0,0,1,0,5,0,0,0,1,0,4,0,0,0,7,0,0,1,0,4,0,0,0,0,0,0,0,0,1,3,0,0,0,2,0,0,0,0,1,1,18,0,0,0,0,5,0,3,0,0,0,0,0,11,0,0,0,0,0,2,1,0,0,0,1,0,0,7,0,1,0,0,0,0,0,0,0,0,0,1,0,1,0,0,0,0,0,19,0,0,0,0,0,0,0,0,0,0,0,0,0,1,0,0,2,0,2,38,0,0,3,22,0,0,1,0,163,0,1,0,0,0,0,0,0,0,0,0,0,0,0,0,9,0,0,0,0,0,0,0,0,2,0,0,0,0,0,0,0,0,0,0,0,0,0,1,0,1,0,0,0,41,0,0,0,0,0,0,0,0,0,0,0,0,0,0,0,1,1,0,0,0,0,0,0,0,0,0,0,0,0,0,0,0,0,0,0,1,0,0,0,0,0,0,0,0,0,0,0,0,0,0,0,0,2,0,0,0,183,6,0,0,0,0,2,0,1,0,0,0,0,0,0,0,0,0,0,0,0,0,0,0,0,0,0,2,2,0,0,0,0,0,0,0,0,0,0,0,0,1,0,0,5,44,1,0,0,0,0,0,0,6,0,0,0,0,0,2,0,0,0,1,0,0,0,2,0,0,0,2,0,0,0,0,0,0,0,0,0,0,0,0,0,0,0,0,0,0,0,0,0,0,0,0,0,0,0,0,0,0,0,0,0,2,0,0,0,0,0,0,0,0,0,0,0,0,0,0,0,0,0,0,0,3,4,0,0,10,0,0,0,0,0,1,0,0,1,0,1,0,2,0,0,0,0,0,0,0,0,0,0,0,0,0,0,0,0,1,0,0,0,1,0,0,0,0,0,0,0,0,0,0,0,0,0,0,0,0,0,0,0,0,0,0,0,0,0,1,0,0,0,0,0,0,0,9,0,0,0,0,0,0,0,0,0,0,0,0,0,0,4,0,0,0,0,0,0,0,0,0,0,0,0,0,0,0,0,13,0,0,0,0,1,0,1,7,0,0,0,1,1,0,0,0,2,4,1,0,0,0,0,0,32,1,0,0,2,0,0,2,1,2,0,0,14,0,0,1,3,0,0,0,0,1,1,0,0,0,0,6,0,0,0,0,0,0,0,0,0,0,0,5,0,0,1,0,0,0,0,0,0,0,0,0,0,0,0,0,0,0,0,0,0,0,0,4,24,0,0,1,0,6,0,2,2,0,0,0,0,0,0,0,2,5,1,1,0,0,0,0,0,0,13,0,1,0,5,0,0,0,0,0,0,0,0,0,0,0,0,0,0,0,0,0,0,0,2,2,0,0,0,0,0,0,0,0,0,0,0,1,0,0,0,0,0,2,0,3,0,0,1,0,0,0,0,0,0,1,0
178,2291,UFPR - DEPARTAMENTO DE MÚSICAS E ARTES (BATEL),"RUA CORONEL DULCIDIO, 638",BATEL,-25.4388461,-49.2831409,10,0,651,592,19,11,0,0,0,1,6,1,0,0,0,0,0,0,4,0,0,0,0,4,0,0,0,0,3,0,0,0,0,0,0,0,1,2,1,0,0,6,0,0,0,0,2,0,0,0,0,0,0,0,0,1,0,0,0,0,1,0,0,0,0,0,1,3,0,0,0,1,6,0,3,0,0,0,0,0,3,1,0,0,0,0,0,2,2,0,0,0,0,0,2,0,1,0,1,0,0,1,0,0,0,0,0,0,0,0,0,0,0,0,24,1,0,0,0,0,1,0,0,0,0,0,0,1,0,0,0,0,1,1,27,0,1,6,17,0,0,1,1,148,4,0,0,2,0,0,0,0,0,0,0,0,0,0,0,4,0,0,1,0,0,0,0,0,0,0,0,0,0,0,0,1,0,0,0,0,0,0,0,0,0,0,0,0,15,0,0,1,0,0,0,0,0,0,0,1,0,0,0,0,0,1,0,0,0,0,0,1,0,0,0,0,0,0,0,0,0,1,0,0,0,0,0,1,0,0,0,0,0,2,0,0,0,0,0,1,0,0,0,0,0,73,1,0,0,0,0,0,0,0,0,0,0,0,0,0,0,0,0,0,0,0,0,1,0,0,0,0,0,0,0,0,0,0,0,0,0,0,0,0,0,0,0,0,2,2,20,0,0,0,0,1,0,0,1,0,0,0,0,0,0,0,0,0,0,0,0,0,0,0,0,0,1,0,0,0,0,0,0,0,0,0,0,0,0,0,0,0,0,0,0,0,0,0,0,0,0,0,0,0,0,0,0,0,0,0,2,0,0,0,0,0,0,0,0,0,0,0,0,0,0,0,0,0,0,0,6,2,0,0,4,2,1,0,0,0,0,6,1,0,0,0,0,0,0,0,0,0,0,0,2,0,0,0,0,0,0,0,0,0,0,0,0,0,0,0,0,0,0,0,0,0,0,0,0,0,0,0,0,0,0,0,0,0,0,0,0,0,0,0,1,0,0,0,0,0,0,0,0,0,0,0,0,0,0,0,0,0,0,0,0,0,0,0,1,0,0,0,0,0,0,0,0,0,0,0,0,0,0,0,4,0,0,0,0,0,0,0,6,0,2,0,0,0,0,0,0,1,5,0,0,0,0,2,0,12,1,0,0,6,1,0,0,1,0,0,0,9,0,0,0,0,0,0,0,1,0,0,0,0,0,0,2,0,0,0,1,0,2,2,1,3,0,0,0,0,0,0,0,0,0,0,0,0,0,0,0,0,0,0,0,0,0,0,0,0,0,0,0,11,0,0,0,0,0,2,0,5,0,2,1,0,0,0,1,1,1,0,0,0,0,0,0,0,1,6,0,0,2,3,0,0,0,0,0,0,0,0,0,0,0,0,0,0,0,0,0,0,0,1,2,0,0,0,0,0,0,0,0,0,0,0,3,1,0,0,1,0,0,0,0,0,0,0,0,0,0,0,0,0,0,0
178,2305,ESCOLA SEB - DOM BOSCO - UNIDADE BATEL,"AVENIDA VISCONDE DE GUARAPUAVA, 5581",BATEL,-25.4469769,-49.2943425,10,0,701,640,22,7,0,0,0,1,7,0,0,0,1,0,0,0,2,0,0,0,0,0,0,0,0,1,2,1,0,1,0,0,0,0,0,4,0,0,0,1,0,0,0,0,2,0,0,0,0,0,0,1,0,0,1,0,0,0,0,0,0,0,0,1,0,11,0,0,0,0,6,0,2,0,3,0,0,1,3,0,0,0,0,0,0,2,1,0,0,0,0,0,4,0,1,2,0,0,1,0,0,0,0,0,1,0,0,0,0,1,0,0,18,0,0,0,0,0,0,0,0,0,0,0,1,0,0,0,0,4,0,0,31,0,1,3,10,1,0,0,0,87,3,0,0,1,0,0,0,0,0,0,0,0,0,0,0,2,0,0,0,0,0,0,0,0,0,0,0,0,0,0,0,0,0,0,0,0,0,0,1,0,0,0,0,0,15,0,0,0,0,0,0,0,0,0,0,0,0,0,2,0,0,0,0,0,0,0,0,0,0,0,0,0,0,0,0,0,0,0,0,0,0,0,0,0,0,0,0,0,0,1,0,0,0,0,1,1,0,0,0,0,0,135,2,0,0,0,0,0,0,0,0,0,0,0,0,0,0,0,0,0,0,0,0,1,0,0,0,0,0,0,0,0,0,0,0,0,0,0,0,0,0,0,0,0,1,1,38,1,0,1,0,0,0,0,3,0,0,0,0,0,0,1,0,0,0,0,0,0,0,0,0,2,0,0,0,0,0,0,1,0,0,0,0,0,0,0,0,0,0,0,0,0,0,0,0,0,0,0,0,0,0,0,0,0,0,0,1,0,0,0,0,0,0,0,0,0,0,0,0,0,0,0,0,0,0,0,0,2,0,0,3,0,0,0,0,0,0,1,0,0,1,0,1,0,0,2,0,0,0,0,0,0,0,0,0,0,0,0,0,0,0,0,0,0,0,0,0,0,0,0,0,0,0,0,0,0,0,0,0,0,0,0,0,0,0,0,0,0,0,0,0,0,0,0,0,0,0,0,1,0,0,0,0,0,0,0,0,0,0,0,0,0,0,0,0,0,0,0,0,0,0,0,0,0,0,0,0,0,1,0,3,0,0,0,0,0,0,0,8,0,0,0,2,1,0,0,0,0,1,1,0,0,0,0,0,23,1,0,0,7,0,0,0,2,0,0,0,13,0,0,0,4,0,2,0,0,0,7,0,0,0,0,6,0,0,0,0,0,1,1,3,1,0,0,2,0,0,0,0,0,0,0,0,0,0,0,0,0,0,0,0,0,0,0,0,0,0,0,0,23,0,0,0,0,1,1,2,14,0,0,1,0,0,0,0,2,3,1,2,0,0,0,0,0,2,6,0,1,1,1,0,0,0,0,0,0,0,0,0,0,0,0,0,0,0,0,0,0,0,4,3,0,0,0,0,0,0,0,0,0,0,0,1,0,0,0,0,0,0,0,1,0,0,0,0,0,0,1,0,0,3,0
178,2313,EGREGORA ENSINO FUND MODALIDADE ESPECIAL(DOMINGOS ZANLORENZI-BL BAIXO),"RUA PADRE PAULO WARKOCZ, 670",CIDADE INDUSTRIAL,-25.4407331,-49.3551038,75,0,1393,1149,110,59,0,0,1,1,13,0,1,0,0,1,0,0,10,0,0,0,0,2,0,0,0,0,1,7,0,1,0,2,0,0,0,7,2,1,0,14,0,0,1,9,15,1,2,0,0,0,0,0,0,1,0,0,0,0,4,0,0,0,0,1,2,39,0,0,0,2,6,0,2,0,0,0,0,0,14,11,0,0,8,0,1,11,1,0,1,2,2,1,12,0,2,0,0,0,0,0,0,0,0,0,0,1,0,0,1,0,0,0,19,0,0,0,0,0,0,0,0,0,0,0,0,0,0,1,0,3,0,0,59,1,0,1,24,2,1,0,1,45,0,0,0,0,0,4,0,0,0,0,0,0,0,0,0,12,0,0,1,0,0,0,0,0,0,0,0,0,0,2,0,0,0,1,0,0,0,0,1,0,0,0,0,3,9,0,0,0,0,0,0,0,0,0,0,0,0,0,0,0,0,1,0,0,0,0,0,0,0,0,0,0,0,0,0,0,0,0,0,0,1,0,0,0,0,0,0,0,0,1,0,1,0,0,4,0,0,0,0,0,0,90,0,0,0,0,0,0,0,2,1,0,0,1,0,0,0,0,1,0,0,1,0,1,0,0,0,0,0,3,0,0,0,0,0,0,0,0,0,0,0,0,0,0,0,0,34,3,0,0,0,0,0,1,8,0,0,0,0,1,0,1,0,0,19,0,0,0,5,0,0,0,3,0,0,1,0,1,0,0,0,0,1,0,0,0,0,0,0,0,0,0,0,0,0,0,0,0,0,0,0,0,0,0,0,0,2,0,0,0,0,0,0,0,0,0,0,0,0,0,0,0,0,1,1,0,3,1,0,0,2,0,0,1,0,0,0,4,0,1,1,0,0,0,0,0,0,0,0,0,0,1,0,0,0,0,0,0,0,0,0,0,0,0,0,0,0,1,0,0,0,0,0,0,0,0,0,0,0,0,0,0,0,1,0,0,0,0,0,1,0,0,0,1,1,0,0,0,1,0,0,0,0,0,0,0,0,0,0,0,0,0,0,0,0,0,0,0,0,0,1,0,0,0,0,0,0,1,0,0,6,0,0,0,0,3,0,0,43,0,0,0,0,0,0,1,0,0,0,2,1,0,0,0,1,70,1,0,0,5,0,0,0,10,0,0,0,29,0,0,4,5,0,0,1,0,0,1,0,0,0,0,13,0,0,0,2,0,0,1,1,0,0,0,1,0,0,0,0,0,0,0,0,0,0,0,0,0,0,0,0,0,0,0,0,0,0,0,2,32,0,0,1,2,1,4,0,5,4,0,0,0,0,1,6,3,3,2,1,0,0,0,0,0,1,39,0,0,0,2,0,0,0,1,0,1,0,0,0,0,1,0,0,0,0,0,0,0,0,14,0,0,0,1,1,0,0,0,0,0,0,0,6,0,0,4,0,0,2,0,10,0,0,0,0,0,0,1,0,0,9,0
